Datetime,FCU_CTRL,FAN_CTRL,RM_TEMP,RMCLGSPT,RMHTGSPT,FCU_MAT,FCU_DAT,FCU_RAT,FCU_CVLV,FCU_CVLV_DM,FCU_CLG_GPM,FCU_CLG_EWT,FCU_CLG_RWT,FCU_HVLV,FCU_HVLV_DM,FCU_HTG_GPM,FCU_HTG_EWT,FCU_HTG_RWT,FCU_DA_CFM,FCU_OA_CFM,FCU_DMPR,FCU_DMPR_DM,FCU_SPD,FCU_OAT,FCU_WAT,FCU_MA_HUMD,FCU_OA_HUMD,FCU_DA_HUMD,FCU_RA_HUMD
2018-01-05 04:14:00,2,1,57.84,85.0,55.0,46.33,50.07,57.84,0.0,0.0,0.0,45.0,49.11,0.0,0.0,0.0,120.0,50.07,0.0,0.88,0.0,0.0,0.0,34.82,0.0,73.65,82.78,96.72,62.09
2018-01-05 04:15:00,2,1,57.84,85.0,55.0,46.32,50.06,57.84,0.0,0.0,0.0,45.0,49.11,0.0,0.0,0.0,120.0,50.06,0.0,0.88,0.0,0.0,0.0,34.8,0.0,73.62,82.67,96.75,62.08
2018-01-05 04:16:00,2,1,57.84,85.0,55.0,46.31,50.05,57.84,0.0,0.0,0.0,45.0,49.1,0.0,0.0,0.0,120.0,50.05,0.0,0.88,0.0,0.0,0.0,34.78,0.0,73.58,82.56,96.79,62.07
2018-01-05 04:17:00,2,1,57.83,85.0,55.0,46.3,50.05,57.83,0.0,0.0,0.0,45.0,49.09,0.0,0.0,0.0,120.0,50.05,0.0,0.88,0.0,0.0,0.0,34.76,0.0,73.55,82.45,96.82,62.07
2018-01-05 04:18:00,2,1,57.83,85.0,55.0,46.29,50.04,57.83,0.0,0.0,0.0,45.0,49.08,0.0,0.0,0.0,120.0,50.04,0.0,0.88,0.0,0.0,0.0,34.75,0.0,73.51,82.34,96.86,62.06
2018-01-05 04:19:00,2,1,57.83,85.0,55.0,46.28,50.03,57.83,0.0,0.0,0.0,45.0,49.08,0.0,0.0,0.0,120.0,50.03,0.0,0.88,0.0,0.0,0.0,34.73,0.0,73.47,82.23,96.89,62.05
2018-01-05 04:20:00,2,1,57.82,85.0,55.0,46.27,50.02,57.82,0.0,0.0,0.0,45.0,49.07,0.0,0.0,0.0,120.0,50.02,0.0,0.88,0.0,0.0,0.0,34.71,0.0,73.43,82.11,96.93,62.05
2018-01-05 04:21:00,2,1,57.82,85.0,55.0,46.26,50.01,57.82,0.0,0.0,0.0,45.0,49.06,0.0,0.0,0.0,120.0,50.01,0.0,0.88,0.0,0.0,0.0,34.69,0.0,73.39,81.99,96.96,62.04
2018-01-05 04:22:00,2,1,57.82,85.0,55.0,46.24,50.0,57.82,0.0,0.0,0.0,45.0,49.05,0.0,0.0,0.0,120.0,50.0,0.0,0.88,0.0,0.0,0.0,34.67,0.0,73.36,81.88,97.0,62.03
2018-01-05 04:23:00,2,1,57.81,85.0,55.0,46.23,50.0,57.81,0.0,0.0,0.0,45.0,49.05,0.0,0.0,0.0,120.0,50.0,0.0,0.88,0.0,0.0,0.0,34.66,0.0,73.32,81.76,97.03,62.02
2018-01-05 04:24:00,2,1,57.81,85.0,55.0,46.22,49.99,57.81,0.0,0.0,0.0,45.0,49.04,0.0,0.0,0.0,120.0,49.99,0.0,0.88,0.0,0.0,0.0,34.64,0.0,73.28,81.64,97.05,62.02
2018-01-05 04:25:00,2,1,57.8,85.0,55.0,46.21,49.98,57.8,0.0,0.0,0.0,45.0,49.03,0.0,0.0,0.0,120.0,49.98,0.0,0.88,0.0,0.0,0.0,34.62,0.0,73.24,81.51,97.08,62.01
2018-01-05 04:26:00,2,1,57.8,85.0,55.0,46.2,49.97,57.8,0.0,0.0,0.0,45.0,49.03,0.0,0.0,0.0,120.0,49.97,0.0,0.88,0.0,0.0,0.0,34.6,0.0,73.19,81.39,97.11,62.0
2018-01-05 04:27:00,2,1,57.8,85.0,55.0,46.19,49.96,57.8,0.0,0.0,0.0,45.0,49.02,0.0,0.0,0.0,120.0,49.96,0.0,0.88,0.0,0.0,0.0,34.58,0.0,73.15,81.27,97.13,62.0
2018-01-05 04:28:00,2,1,57.79,85.0,55.0,46.18,49.95,57.79,0.0,0.0,0.0,45.0,49.01,0.0,0.0,0.0,120.0,49.95,0.0,0.88,0.0,0.0,0.0,34.56,0.0,73.11,81.14,97.16,61.99
2018-01-05 04:29:00,2,1,57.79,85.0,55.0,46.17,49.95,57.79,0.0,0.0,0.0,45.0,49.0,0.0,0.0,0.0,120.0,49.95,0.0,0.88,0.0,0.0,0.0,34.55,0.0,73.07,81.02,97.18,61.98
2018-01-05 04:30:00,2,1,57.79,85.0,55.0,46.16,49.94,57.79,0.0,0.0,0.0,45.0,49.0,0.0,0.0,0.0,120.0,49.94,0.0,0.88,0.0,0.0,0.0,34.53,0.0,73.03,80.89,97.21,61.97
2018-01-05 04:31:00,2,1,57.78,85.0,55.0,46.15,49.93,57.78,0.0,0.0,0.0,45.0,48.99,0.0,0.0,0.0,120.0,49.93,0.0,0.88,0.0,0.0,0.0,34.51,0.0,72.99,80.76,97.24,61.97
2018-01-05 04:32:00,2,1,57.78,85.0,55.0,46.14,49.92,57.78,0.0,0.0,0.0,45.0,48.98,0.0,0.0,0.0,120.0,49.92,0.0,0.88,0.0,0.0,0.0,34.49,0.0,72.94,80.63,97.26,61.96
2018-01-05 04:33:00,2,1,57.78,85.0,55.0,46.12,49.91,57.78,0.0,0.0,0.0,45.0,48.97,0.0,0.0,0.0,120.0,49.91,0.0,0.88,0.0,0.0,0.0,34.47,0.0,72.9,80.5,97.29,61.95
2018-01-05 04:34:00,2,1,57.77,85.0,55.0,46.11,49.9,57.77,0.0,0.0,0.0,45.0,48.97,0.0,0.0,0.0,120.0,49.9,0.0,0.88,0.0,0.0,0.0,34.46,0.0,72.86,80.37,97.31,61.94
2018-01-05 04:35:00,2,1,57.77,85.0,55.0,46.1,49.9,57.77,0.0,0.0,0.0,45.0,48.96,0.0,0.0,0.0,120.0,49.9,0.0,0.88,0.0,0.0,0.0,34.44,0.0,72.81,80.24,97.34,61.94
2018-01-05 04:36:00,2,1,57.77,85.0,55.0,46.09,49.89,57.77,0.0,0.0,0.0,45.0,48.95,0.0,0.0,0.0,120.0,49.89,0.0,0.88,0.0,0.0,0.0,34.42,0.0,72.77,80.11,97.36,61.93
2018-01-05 04:37:00,2,1,57.76,85.0,55.0,46.08,49.88,57.76,0.0,0.0,0.0,45.0,48.94,0.0,0.0,0.0,120.0,49.88,0.0,0.88,0.0,0.0,0.0,34.4,0.0,72.73,79.98,97.39,61.92
2018-01-05 04:38:00,2,1,57.76,85.0,55.0,46.07,49.87,57.76,0.0,0.0,0.0,45.0,48.94,0.0,0.0,0.0,120.0,49.87,0.0,0.88,0.0,0.0,0.0,34.38,0.0,72.68,79.85,97.42,61.91
2018-01-05 04:39:00,2,1,57.76,85.0,55.0,46.06,49.86,57.76,0.0,0.0,0.0,45.0,48.93,0.0,0.0,0.0,120.0,49.86,0.0,0.88,0.0,0.0,0.0,34.36,0.0,72.64,79.72,97.44,61.9
2018-01-05 04:40:00,2,1,57.75,85.0,55.0,46.05,49.86,57.75,0.0,0.0,0.0,45.0,48.92,0.0,0.0,0.0,120.0,49.86,0.0,0.88,0.0,0.0,0.0,34.35,0.0,72.6,79.59,97.47,61.9
2018-01-05 04:41:00,2,1,57.75,85.0,55.0,46.04,49.85,57.75,0.0,0.0,0.0,45.0,48.91,0.0,0.0,0.0,120.0,49.85,0.0,0.88,0.0,0.0,0.0,34.33,0.0,72.55,79.46,97.49,61.89
2018-01-05 04:42:00,2,1,57.74,85.0,55.0,46.03,49.84,57.74,0.0,0.0,0.0,45.0,48.91,0.0,0.0,0.0,120.0,49.84,0.0,0.88,0.0,0.0,0.0,34.31,0.0,72.51,79.33,97.52,61.88
2018-01-05 04:43:00,2,1,57.74,85.0,55.0,46.02,49.83,57.74,0.0,0.0,0.0,45.0,48.9,0.0,0.0,0.0,120.0,49.83,0.0,0.88,0.0,0.0,0.0,34.29,0.0,72.47,79.19,97.54,61.87
2018-01-05 04:44:00,2,1,57.74,85.0,55.0,46.01,49.82,57.74,0.0,0.0,0.0,45.0,48.89,0.0,0.0,0.0,120.0,49.82,0.0,0.88,0.0,0.0,0.0,34.27,0.0,72.42,79.06,97.57,61.86
2018-01-05 04:45:00,2,1,57.73,85.0,55.0,46.0,49.81,57.73,0.0,0.0,0.0,45.0,48.89,0.0,0.0,0.0,120.0,49.81,0.0,0.88,0.0,0.0,0.0,34.26,0.0,72.38,78.93,97.6,61.85
2018-01-05 04:46:00,2,1,57.73,85.0,55.0,45.98,49.81,57.73,0.0,0.0,0.0,45.0,48.88,0.0,0.0,0.0,120.0,49.81,0.0,0.88,0.0,0.0,0.0,34.24,0.0,72.34,78.8,97.62,61.84
2018-01-05 04:47:00,2,1,57.73,85.0,55.0,45.97,49.8,57.73,0.0,0.0,0.0,45.0,48.87,0.0,0.0,0.0,120.0,49.8,0.0,0.88,0.0,0.0,0.0,34.22,0.0,72.29,78.67,97.65,61.84
2018-01-05 04:48:00,2,1,57.73,85.0,55.0,45.96,49.79,57.73,0.0,0.0,0.0,45.0,48.86,0.0,0.0,0.0,120.0,49.79,0.0,0.88,0.0,0.0,0.0,34.2,0.0,72.25,78.54,97.67,61.83
2018-01-05 04:49:00,2,1,57.72,85.0,55.0,45.95,49.78,57.72,0.0,0.0,0.0,45.0,48.86,0.0,0.0,0.0,120.0,49.78,0.0,0.88,0.0,0.0,0.0,34.18,0.0,72.21,78.41,97.7,61.82
2018-01-05 04:50:00,2,1,57.72,85.0,55.0,45.94,49.77,57.72,0.0,0.0,0.0,45.0,48.85,0.0,0.0,0.0,120.0,49.77,0.0,0.88,0.0,0.0,0.0,34.17,0.0,72.16,78.29,97.72,61.81
2018-01-05 04:51:00,2,1,57.72,85.0,55.0,45.93,49.77,57.72,0.0,0.0,0.0,45.0,48.84,0.0,0.0,0.0,120.0,49.77,0.0,0.88,0.0,0.0,0.0,34.15,0.0,72.12,78.16,97.75,61.8
2018-01-05 04:52:00,2,1,57.71,85.0,55.0,45.92,49.76,57.71,0.0,0.0,0.0,45.0,48.83,0.0,0.0,0.0,120.0,49.76,0.0,0.88,0.0,0.0,0.0,34.13,0.0,72.08,78.03,97.78,61.79
2018-01-05 04:53:00,2,1,57.71,85.0,55.0,45.91,49.75,57.71,0.0,0.0,0.0,45.0,48.83,0.0,0.0,0.0,120.0,49.75,0.0,0.88,0.0,0.0,0.0,34.11,0.0,72.04,77.91,97.8,61.78
2018-01-05 04:54:00,2,1,57.71,85.0,55.0,45.9,49.74,57.71,0.0,0.0,0.0,45.0,48.82,0.0,0.0,0.0,120.0,49.74,0.0,0.88,0.0,0.0,0.0,34.09,0.0,71.99,77.78,97.83,61.77
2018-01-05 04:55:00,2,1,57.7,85.0,55.0,45.89,49.73,57.7,0.0,0.0,0.0,45.0,48.81,0.0,0.0,0.0,120.0,49.73,0.0,0.88,0.0,0.0,0.0,34.08,0.0,71.95,77.66,97.85,61.76
2018-01-05 04:56:00,2,1,57.7,85.0,55.0,45.88,49.73,57.7,0.0,0.0,0.0,45.0,48.8,0.0,0.0,0.0,120.0,49.73,0.0,0.88,0.0,0.0,0.0,34.06,0.0,71.91,77.54,97.88,61.75
2018-01-05 04:57:00,2,1,57.7,85.0,55.0,45.87,49.72,57.7,0.0,0.0,0.0,45.0,48.79,0.0,0.0,0.0,120.0,49.72,0.0,0.88,0.0,0.0,0.0,34.04,0.0,71.87,77.41,97.9,61.74
2018-01-05 04:58:00,2,1,57.69,85.0,55.0,45.86,49.71,57.69,0.0,0.0,0.0,45.0,48.79,0.0,0.0,0.0,120.0,49.71,0.0,0.88,0.0,0.0,0.0,34.02,0.0,71.83,77.29,97.93,61.73
2018-01-05 04:59:00,2,1,57.69,85.0,55.0,45.85,49.7,57.69,0.0,0.0,0.0,45.0,48.78,0.0,0.0,0.0,120.0,49.7,0.0,0.88,0.0,0.0,0.0,34.01,0.0,71.79,77.18,97.96,61.72
2018-01-05 05:00:00,2,1,57.69,85.0,55.0,45.84,49.69,57.69,0.0,0.0,0.0,45.0,48.77,0.0,0.0,0.0,120.0,49.69,0.0,0.88,0.0,0.0,0.0,33.99,0.0,71.75,77.06,97.98,61.71
2018-01-05 05:01:00,2,1,57.69,85.0,55.0,45.83,49.69,57.69,0.0,0.0,0.0,45.0,48.76,0.0,0.0,0.0,120.0,49.69,0.0,0.88,0.0,0.0,0.0,33.97,0.0,71.72,76.97,98.01,61.7
2018-01-05 05:02:00,2,1,57.68,85.0,55.0,45.82,49.68,57.68,0.0,0.0,0.0,45.0,48.76,0.0,0.0,0.0,120.0,49.68,0.0,0.88,0.0,0.0,0.0,33.96,0.0,71.69,76.9,98.03,61.69
2018-01-05 05:03:00,2,1,57.68,85.0,55.0,45.81,49.67,57.68,0.0,0.0,0.0,45.0,48.75,0.0,0.0,0.0,120.0,49.67,0.0,0.88,0.0,0.0,0.0,33.95,0.0,71.66,76.83,98.06,61.68
2018-01-05 05:04:00,2,1,57.68,85.0,55.0,45.81,49.66,57.68,0.0,0.0,0.0,45.0,48.74,0.0,0.0,0.0,120.0,49.66,0.0,0.88,0.0,0.0,0.0,33.94,0.0,71.64,76.76,98.08,61.67
2018-01-05 05:05:00,2,1,57.68,85.0,55.0,45.8,49.65,57.68,0.0,0.0,0.0,45.0,48.73,0.0,0.0,0.0,120.0,49.65,0.0,0.88,0.0,0.0,0.0,33.92,0.0,71.61,76.7,98.11,61.66
2018-01-05 05:06:00,2,1,57.68,85.0,55.0,45.79,49.65,57.68,0.0,0.0,0.0,45.0,48.73,0.0,0.0,0.0,120.0,49.65,0.0,0.88,0.0,0.0,0.0,33.91,0.0,71.58,76.64,98.14,61.65
2018-01-05 05:07:00,2,1,57.67,85.0,55.0,45.79,49.64,57.67,0.0,0.0,0.0,45.0,48.72,0.0,0.0,0.0,120.0,49.64,0.0,0.88,0.0,0.0,0.0,33.9,0.0,71.56,76.58,98.16,61.63
2018-01-05 05:08:00,2,1,57.67,85.0,55.0,45.78,49.63,57.67,0.0,0.0,0.0,45.0,48.71,0.0,0.0,0.0,120.0,49.63,0.0,0.88,0.0,0.0,0.0,33.89,0.0,71.53,76.52,98.19,61.62
2018-01-05 05:09:00,2,1,57.67,85.0,55.0,45.77,49.62,57.67,0.0,0.0,0.0,45.0,48.7,0.0,0.0,0.0,120.0,49.62,0.0,0.88,0.0,0.0,0.0,33.87,0.0,71.51,76.46,98.21,61.61
2018-01-05 05:10:00,2,1,57.67,85.0,55.0,45.77,49.61,57.67,0.0,0.0,0.0,45.0,48.7,0.0,0.0,0.0,120.0,49.61,0.0,0.88,0.0,0.0,0.0,33.86,0.0,71.48,76.4,98.24,61.59
2018-01-05 05:11:00,2,1,57.67,85.0,55.0,45.76,49.6,57.67,0.0,0.0,0.0,45.0,48.69,0.0,0.0,0.0,120.0,49.6,0.0,0.88,0.0,0.0,0.0,33.85,0.0,71.46,76.35,98.26,61.58
2018-01-05 05:12:00,2,1,57.67,85.0,55.0,45.75,49.6,57.67,0.0,0.0,0.0,45.0,48.68,0.0,0.0,0.0,120.0,49.6,0.0,0.88,0.0,0.0,0.0,33.84,0.0,71.44,76.3,98.29,61.57
2018-01-05 05:13:00,2,1,57.66,85.0,55.0,45.74,49.59,57.66,0.0,0.0,0.0,45.0,48.67,0.0,0.0,0.0,120.0,49.59,0.0,0.88,0.0,0.0,0.0,33.82,0.0,71.41,76.25,98.31,61.55
2018-01-05 05:14:00,2,1,57.66,85.0,55.0,45.74,49.58,57.66,0.0,0.0,0.0,45.0,48.67,0.0,0.0,0.0,120.0,49.58,0.0,0.88,0.0,0.0,0.0,33.81,0.0,71.39,76.2,98.34,61.54
2018-01-05 05:15:00,2,1,57.66,85.0,55.0,45.73,49.57,57.66,0.0,0.0,0.0,45.0,48.66,0.0,0.0,0.0,120.0,49.57,0.0,0.88,0.0,0.0,0.0,33.8,0.0,71.37,76.15,98.37,61.52
2018-01-05 05:16:00,2,1,57.66,85.0,55.0,45.72,49.56,57.66,0.0,0.0,0.0,45.0,48.65,0.0,0.0,0.0,120.0,49.56,0.0,0.88,0.0,0.0,0.0,33.79,0.0,71.34,76.11,98.39,61.51
2018-01-05 05:17:00,2,1,57.66,85.0,55.0,45.72,49.56,57.66,0.0,0.0,0.0,45.0,48.64,0.0,0.0,0.0,120.0,49.56,0.0,0.88,0.0,0.0,0.0,33.78,0.0,71.32,76.06,98.42,61.49
2018-01-05 05:18:00,2,1,57.66,85.0,55.0,45.71,49.55,57.66,0.0,0.0,0.0,45.0,48.64,0.0,0.0,0.0,120.0,49.55,0.0,0.88,0.0,0.0,0.0,33.76,0.0,71.3,76.02,98.44,61.48
2018-01-05 05:19:00,2,1,57.66,85.0,55.0,45.7,49.54,57.66,0.0,0.0,0.0,45.0,48.63,0.0,0.0,0.0,120.0,49.54,0.0,0.88,0.0,0.0,0.0,33.75,0.0,71.28,75.98,98.47,61.46
2018-01-05 05:20:00,2,1,57.66,85.0,55.0,45.7,49.53,57.66,0.0,0.0,0.0,45.0,48.62,0.0,0.0,0.0,120.0,49.53,0.0,0.88,0.0,0.0,0.0,33.74,0.0,71.26,75.94,98.49,61.44
2018-01-05 05:21:00,2,1,57.66,85.0,55.0,45.69,49.52,57.66,0.0,0.0,0.0,45.0,48.61,0.0,0.0,0.0,120.0,49.52,0.0,0.88,0.0,0.0,0.0,33.72,0.0,71.24,75.91,98.52,61.43
2018-01-05 05:22:00,2,1,57.66,85.0,55.0,45.68,49.52,57.66,0.0,0.0,0.0,45.0,48.61,0.0,0.0,0.0,120.0,49.52,0.0,0.88,0.0,0.0,0.0,33.71,0.0,71.22,75.87,98.55,61.41
2018-01-05 05:23:00,2,1,57.65,85.0,55.0,45.68,49.51,57.65,0.0,0.0,0.0,45.0,48.6,0.0,0.0,0.0,120.0,49.51,0.0,0.88,0.0,0.0,0.0,33.7,0.0,71.2,75.84,98.57,61.4
2018-01-05 05:24:00,2,1,57.65,85.0,55.0,45.67,49.5,57.65,0.0,0.0,0.0,45.0,48.59,0.0,0.0,0.0,120.0,49.5,0.0,0.88,0.0,0.0,0.0,33.69,0.0,71.18,75.81,98.6,61.38
2018-01-05 05:25:00,2,1,57.65,85.0,55.0,45.66,49.49,57.65,0.0,0.0,0.0,45.0,48.58,0.0,0.0,0.0,120.0,49.49,0.0,0.88,0.0,0.0,0.0,33.67,0.0,71.16,75.78,98.62,61.36
2018-01-05 05:26:00,2,1,57.65,85.0,55.0,45.66,49.49,57.65,0.0,0.0,0.0,45.0,48.58,0.0,0.0,0.0,120.0,49.49,0.0,0.88,0.0,0.0,0.0,33.66,0.0,71.14,75.75,98.65,61.35
2018-01-05 05:27:00,2,1,57.65,85.0,55.0,45.65,49.48,57.65,0.0,0.0,0.0,45.0,48.57,0.0,0.0,0.0,120.0,49.48,0.0,0.88,0.0,0.0,0.0,33.65,0.0,71.13,75.73,98.67,61.33
2018-01-05 05:28:00,2,1,57.65,85.0,55.0,45.64,49.47,57.65,0.0,0.0,0.0,45.0,48.56,0.0,0.0,0.0,120.0,49.47,0.0,0.88,0.0,0.0,0.0,33.63,0.0,71.11,75.7,98.7,61.31
2018-01-05 05:29:00,2,1,57.65,85.0,55.0,45.63,49.46,57.65,0.0,0.0,0.0,45.0,48.55,0.0,0.0,0.0,120.0,49.46,0.0,0.88,0.0,0.0,0.0,33.62,0.0,71.09,75.68,98.73,61.29
2018-01-05 05:30:00,2,1,57.65,85.0,55.0,45.63,49.45,57.65,0.0,0.0,0.0,45.0,48.55,0.0,0.0,0.0,120.0,49.45,0.0,0.88,0.0,0.0,0.0,33.6,0.0,71.08,75.66,98.75,61.28
2018-01-05 05:31:00,2,1,57.65,85.0,55.0,45.62,49.45,57.65,0.0,0.0,0.0,45.0,48.54,0.0,0.0,0.0,120.0,49.45,0.0,0.88,0.0,0.0,0.0,33.59,0.0,71.06,75.64,98.78,61.26
2018-01-05 05:32:00,2,1,57.65,85.0,55.0,45.61,49.44,57.65,0.0,0.0,0.0,45.0,48.53,0.0,0.0,0.0,120.0,49.44,0.0,0.88,0.0,0.0,0.0,33.58,0.0,71.05,75.63,98.8,61.24
2018-01-05 05:33:00,2,1,57.65,85.0,55.0,45.61,49.43,57.65,0.0,0.0,0.0,45.0,48.52,0.0,0.0,0.0,120.0,49.43,0.0,0.88,0.0,0.0,0.0,33.56,0.0,71.04,75.62,98.83,61.23
2018-01-05 05:34:00,2,1,57.65,85.0,55.0,45.6,49.42,57.65,0.0,0.0,0.0,45.0,48.52,0.0,0.0,0.0,120.0,49.42,0.0,0.88,0.0,0.0,0.0,33.55,0.0,71.02,75.6,98.85,61.21
2018-01-05 05:35:00,2,1,57.65,85.0,55.0,45.59,49.41,57.65,0.0,0.0,0.0,45.0,48.51,0.0,0.0,0.0,120.0,49.41,0.0,0.88,0.0,0.0,0.0,33.53,0.0,71.01,75.59,98.88,61.19
2018-01-05 05:36:00,2,1,57.65,85.0,55.0,45.58,49.41,57.65,0.0,0.0,0.0,45.0,48.5,0.0,0.0,0.0,120.0,49.41,0.0,0.88,0.0,0.0,0.0,33.52,0.0,71.0,75.58,98.91,61.17
2018-01-05 05:37:00,2,1,57.65,85.0,55.0,45.58,49.4,57.65,0.0,0.0,0.0,45.0,48.49,0.0,0.0,0.0,120.0,49.4,0.0,0.88,0.0,0.0,0.0,33.5,0.0,70.99,75.58,98.93,61.15
2018-01-05 05:38:00,2,1,57.65,85.0,55.0,45.57,49.39,57.65,0.0,0.0,0.0,45.0,48.48,0.0,0.0,0.0,120.0,49.39,0.0,0.88,0.0,0.0,0.0,33.49,0.0,70.98,75.57,98.96,61.14
2018-01-05 05:39:00,2,1,57.65,85.0,55.0,45.56,49.38,57.65,0.0,0.0,0.0,45.0,48.48,0.0,0.0,0.0,120.0,49.38,0.0,0.88,0.0,0.0,0.0,33.47,0.0,70.97,75.57,98.98,61.12
2018-01-05 05:40:00,2,1,57.65,85.0,55.0,45.55,49.37,57.65,0.0,0.0,0.0,45.0,48.47,0.0,0.0,0.0,120.0,49.37,0.0,0.88,0.0,0.0,0.0,33.46,0.0,70.96,75.57,99.01,61.1
2018-01-05 05:41:00,2,1,57.65,85.0,55.0,45.54,49.37,57.65,0.0,0.0,0.0,45.0,48.46,0.0,0.0,0.0,120.0,49.37,0.0,0.88,0.0,0.0,0.0,33.44,0.0,70.95,75.57,99.03,61.08
2018-01-05 05:42:00,2,1,57.65,85.0,55.0,45.54,49.36,57.65,0.0,0.0,0.0,45.0,48.45,0.0,0.0,0.0,120.0,49.36,0.0,0.88,0.0,0.0,0.0,33.42,0.0,70.94,75.58,99.06,61.07
2018-01-05 05:43:00,2,1,57.65,85.0,55.0,45.53,49.35,57.65,0.0,0.0,0.0,45.0,48.45,0.0,0.0,0.0,120.0,49.35,0.0,0.88,0.0,0.0,0.0,33.41,0.0,70.93,75.58,99.09,61.05
2018-01-05 05:44:00,2,1,57.65,85.0,55.0,45.52,49.34,57.65,0.0,0.0,0.0,45.0,48.44,0.0,0.0,0.0,120.0,49.34,0.0,0.88,0.0,0.0,0.0,33.39,0.0,70.93,75.59,99.11,61.03
2018-01-05 05:45:00,2,1,57.65,85.0,55.0,45.51,49.33,57.65,0.0,0.0,0.0,45.0,48.43,0.0,0.0,0.0,120.0,49.33,0.0,0.88,0.0,0.0,0.0,33.37,0.0,70.92,75.6,99.14,61.01
2018-01-05 05:46:00,2,1,57.65,85.0,55.0,45.5,49.33,57.65,0.0,0.0,0.0,45.0,48.42,0.0,0.0,0.0,120.0,49.33,0.0,0.88,0.0,0.0,0.0,33.36,0.0,70.91,75.61,99.16,61.0
2018-01-05 05:47:00,2,1,57.65,85.0,55.0,45.49,49.32,57.65,0.0,0.0,0.0,45.0,48.42,0.0,0.0,0.0,120.0,49.32,0.0,0.88,0.0,0.0,0.0,33.34,0.0,70.91,75.62,99.19,60.98
2018-01-05 05:48:00,2,1,57.65,85.0,55.0,45.48,49.31,57.65,0.0,0.0,0.0,45.0,48.41,0.0,0.0,0.0,120.0,49.31,0.0,0.88,0.0,0.0,0.0,33.32,0.0,70.91,75.64,99.21,60.96
2018-01-05 05:49:00,2,1,57.64,85.0,55.0,45.47,49.3,57.64,0.0,0.0,0.0,45.0,48.4,0.0,0.0,0.0,120.0,49.3,0.0,0.88,0.0,0.0,0.0,33.31,0.0,70.9,75.65,99.24,60.94
2018-01-05 05:50:00,2,1,57.64,85.0,55.0,45.47,49.3,57.64,0.0,0.0,0.0,45.0,48.39,0.0,0.0,0.0,120.0,49.3,0.0,0.88,0.0,0.0,0.0,33.29,0.0,70.9,75.67,99.27,60.93
2018-01-05 05:51:00,2,1,57.64,85.0,55.0,45.46,49.29,57.64,0.0,0.0,0.0,45.0,48.39,0.0,0.0,0.0,120.0,49.29,0.0,0.88,0.0,0.0,0.0,33.27,0.0,70.9,75.69,99.29,60.91
2018-01-05 05:52:00,2,1,57.64,85.0,55.0,45.45,49.28,57.64,0.0,0.0,0.0,45.0,48.38,0.0,0.0,0.0,120.0,49.28,0.0,0.88,0.0,0.0,0.0,33.25,0.0,70.9,75.72,99.32,60.89
2018-01-05 05:53:00,2,1,57.64,85.0,55.0,45.44,49.27,57.64,0.0,0.0,0.0,45.0,48.37,0.0,0.0,0.0,120.0,49.27,0.0,0.88,0.0,0.0,0.0,33.23,0.0,70.9,75.74,99.34,60.88
2018-01-05 05:54:00,2,1,57.64,85.0,55.0,45.43,49.26,57.64,0.0,0.0,0.0,45.0,48.36,0.0,0.0,0.0,120.0,49.26,0.0,0.88,0.0,0.0,0.0,33.21,0.0,70.9,75.77,99.37,60.86
2018-01-05 05:55:00,2,1,57.64,85.0,55.0,45.42,49.26,57.64,0.0,0.0,0.0,45.0,48.36,0.0,0.0,0.0,120.0,49.26,0.0,0.88,0.0,0.0,0.0,33.19,0.0,70.9,75.8,99.39,60.84
2018-01-05 05:56:00,2,1,57.64,85.0,55.0,45.41,49.25,57.64,0.0,0.0,0.0,45.0,48.35,0.0,0.0,0.0,120.0,49.25,0.0,0.88,0.0,0.0,0.0,33.17,0.0,70.9,75.83,99.42,60.83
2018-01-05 05:57:00,2,1,57.64,85.0,55.0,45.4,49.24,57.64,0.0,0.0,0.0,45.0,48.34,0.0,0.0,0.0,120.0,49.24,0.0,0.88,0.0,0.0,0.0,33.15,0.0,70.91,75.86,99.45,60.81
2018-01-05 05:58:00,2,1,57.64,85.0,55.0,45.39,49.23,57.64,0.0,0.0,0.0,45.0,48.33,0.0,0.0,0.0,120.0,49.23,0.0,0.88,0.0,0.0,0.0,33.13,0.0,70.91,75.9,99.47,60.79
2018-01-05 05:59:00,2,1,57.64,85.0,55.0,45.38,49.22,57.64,0.0,0.0,0.0,45.0,48.33,0.0,0.0,0.0,120.0,49.22,0.0,0.88,0.0,0.0,0.0,33.11,0.0,70.92,75.94,99.5,60.78
2018-01-05 06:00:00,2,1,57.64,85.0,55.0,45.37,49.22,57.64,0.0,0.0,0.0,45.0,48.32,0.0,0.0,0.0,120.0,49.22,0.0,0.88,0.0,0.0,0.0,33.09,0.0,70.92,75.98,99.52,60.76
2018-01-05 06:01:00,1,1,57.26,72.0,68.0,54.39,51.12,57.26,0.0,0.0,0.0,45.0,51.54,0.0,0.13,0.0,120.0,50.53,397.93,41.96,0.3,0.3,9.75,33.06,2.27,63.77,76.05,92.58,61.42
2018-01-05 06:02:00,1,1,56.93,72.0,68.0,54.38,53.2,56.93,0.0,0.0,0.0,45.0,53.53,0.0,0.16,0.0,120.0,52.89,397.93,41.96,0.3,0.3,9.75,33.03,2.58,63.59,76.15,85.35,61.49
2018-01-05 06:03:00,1,1,56.74,72.0,68.0,54.24,53.95,56.74,0.0,0.0,0.0,45.0,54.06,0.0,0.18,0.0,120.0,53.86,397.93,41.96,0.3,0.3,9.75,33.0,2.62,63.23,76.26,82.9,61.14
2018-01-05 06:04:00,1,1,56.62,72.0,68.0,54.13,54.13,56.62,0.0,0.0,0.0,45.0,54.16,0.0,0.21,0.0,120.0,54.12,397.93,41.96,0.3,0.3,9.75,32.96,2.63,62.76,76.36,82.32,60.65
2018-01-05 06:05:00,1,1,56.52,72.0,68.0,54.04,54.13,56.52,0.0,0.0,0.0,45.0,54.13,0.0,0.23,0.0,120.0,54.14,397.93,41.96,0.3,0.3,9.75,32.93,2.63,62.25,76.47,82.33,60.11
2018-01-05 06:06:00,1,1,56.44,72.0,68.0,53.97,54.07,56.44,0.0,0.0,0.0,45.0,54.06,0.0,0.26,0.0,120.0,54.09,397.93,41.96,0.3,0.3,9.75,32.89,2.63,61.73,76.58,82.5,59.56
2018-01-05 06:07:00,1,1,56.37,72.0,68.0,53.9,54.0,56.37,0.0,0.0,0.0,45.0,53.99,0.0,0.28,0.0,120.0,54.02,397.93,41.96,0.3,0.3,9.75,32.86,2.63,61.21,76.69,82.71,59.01
2018-01-05 06:08:00,1,1,56.3,72.0,68.0,53.84,53.94,56.3,0.0,0.0,0.0,45.0,53.92,0.0,0.31,0.0,120.0,53.95,397.93,41.96,0.3,0.3,9.75,32.83,2.63,60.68,76.81,82.91,58.46
2018-01-05 06:09:00,1,1,56.24,72.0,68.0,53.78,53.87,56.24,0.0,0.0,0.0,45.0,53.86,0.0,0.33,0.0,120.0,53.89,397.93,41.96,0.3,0.3,9.75,32.79,2.63,60.16,76.92,83.11,57.91
2018-01-05 06:10:00,1,1,56.19,72.0,68.0,53.73,53.81,56.19,0.0,0.0,0.0,45.0,53.8,0.0,0.36,0.0,120.0,53.83,397.93,41.96,0.3,0.3,9.75,32.76,2.63,59.64,77.04,83.29,57.37
2018-01-05 06:11:00,1,1,56.14,72.0,68.0,53.68,53.76,56.14,0.0,0.0,0.0,45.0,53.75,0.0,0.38,0.0,120.0,53.77,397.93,41.96,0.3,0.3,9.75,32.72,2.63,59.13,77.16,83.46,56.84
2018-01-05 06:12:00,1,1,56.09,72.0,68.0,53.63,53.71,56.09,0.0,0.0,0.0,45.0,53.7,0.0,0.41,0.0,120.0,53.72,397.93,41.96,0.3,0.3,9.75,32.68,2.63,58.62,77.28,83.61,56.31
2018-01-05 06:13:00,1,1,56.05,72.0,68.0,53.59,53.66,56.05,0.0,0.0,0.0,45.0,53.65,0.0,0.43,0.0,120.0,53.67,397.93,41.96,0.3,0.3,9.75,32.65,2.63,58.12,77.4,83.76,55.78
2018-01-05 06:14:00,1,1,56.0,72.0,68.0,53.29,53.59,56.0,0.0,0.0,0.0,45.0,53.59,0.0,0.46,0.0,120.0,53.62,534.18,71.03,0.3,0.3,13.08,32.61,4.09,57.89,77.52,84.0,55.25
2018-01-05 06:15:00,1,1,55.89,72.0,68.0,52.85,53.23,55.89,0.0,0.0,0.0,45.0,53.19,0.0,0.48,0.0,120.0,53.31,534.18,71.03,0.3,0.3,13.08,32.58,6.04,57.62,77.65,85.14,54.58
2018-01-05 06:16:00,1,1,55.75,72.0,68.0,52.68,52.93,55.75,0.0,0.0,0.0,45.0,52.9,0.0,0.51,0.0,120.0,52.98,534.18,71.03,0.3,0.3,13.08,32.54,6.31,57.04,77.77,86.12,53.91
2018-01-05 06:17:00,1,1,55.61,72.0,68.0,52.55,52.74,55.61,0.0,0.0,0.0,45.0,52.72,0.0,0.53,0.0,120.0,52.77,534.18,71.03,0.3,0.3,13.08,32.5,6.34,56.44,77.9,86.76,53.26
2018-01-05 06:18:00,1,1,55.49,72.0,68.0,52.44,52.59,55.49,0.0,0.0,0.0,45.0,52.58,0.0,0.56,0.0,120.0,52.62,534.18,71.03,0.3,0.3,13.08,32.47,6.35,55.84,78.03,87.24,52.61
2018-01-05 06:19:00,1,1,55.38,72.0,68.0,52.33,52.48,55.38,0.0,0.0,0.0,45.0,52.47,0.0,0.59,0.0,120.0,52.5,534.18,71.03,0.3,0.3,13.08,32.43,6.35,55.25,78.15,87.64,51.98
2018-01-05 06:20:00,1,1,55.28,72.0,68.0,52.24,52.37,55.28,0.0,0.0,0.0,45.0,52.36,0.0,0.62,0.0,120.0,52.39,534.18,71.03,0.3,0.3,13.08,32.39,6.35,54.66,78.28,88.0,51.35
2018-01-05 06:21:00,1,1,55.18,72.0,68.0,52.16,52.28,55.18,0.0,0.0,0.0,45.0,52.27,0.0,0.64,0.0,120.0,52.3,534.18,71.03,0.3,0.3,13.08,32.36,6.35,54.09,78.41,88.32,50.74
2018-01-05 06:22:00,1,1,55.1,72.0,68.0,52.08,52.19,55.1,0.0,0.0,0.0,45.0,52.19,0.0,0.67,0.0,120.0,52.21,534.18,71.03,0.3,0.3,13.08,32.32,6.35,53.53,78.54,88.62,50.14
2018-01-05 06:23:00,1,1,55.03,72.0,68.0,52.01,52.12,55.03,0.0,0.0,0.0,45.0,52.11,0.0,0.7,0.0,120.0,52.13,534.18,71.03,0.3,0.3,13.08,32.28,6.35,52.98,78.67,88.89,49.55
2018-01-05 06:24:00,1,1,54.96,72.0,68.0,51.94,52.04,54.96,0.0,0.0,0.0,45.0,52.04,0.0,0.72,0.0,120.0,52.06,534.18,71.03,0.3,0.3,13.08,32.24,6.35,52.44,78.81,89.14,48.98
2018-01-05 06:25:00,1,1,54.89,72.0,68.0,51.88,51.98,54.89,0.0,0.0,0.0,45.0,51.97,0.0,0.75,0.0,120.0,51.99,534.18,71.03,0.3,0.3,13.08,32.21,6.35,51.93,78.94,89.37,48.43
2018-01-05 06:26:00,1,1,54.83,72.0,68.0,51.83,51.92,54.83,0.0,0.0,0.0,45.0,51.91,0.0,0.78,0.0,120.0,51.93,534.18,71.03,0.3,0.3,13.08,32.17,6.35,51.42,79.07,89.59,47.9
2018-01-05 06:27:00,1,1,54.78,72.0,68.0,51.78,51.86,54.78,0.0,0.0,0.0,45.0,51.86,0.0,0.81,0.0,120.0,51.88,534.18,71.03,0.3,0.3,13.08,32.13,6.35,50.93,79.2,89.79,47.38
2018-01-05 06:28:00,1,1,54.73,72.0,68.0,51.73,51.81,54.73,0.0,0.0,0.0,45.0,51.81,0.0,0.84,0.0,120.0,51.82,534.18,71.03,0.3,0.3,13.08,32.09,6.35,50.46,79.33,89.97,46.88
2018-01-05 06:29:00,1,1,54.65,72.0,68.0,51.3,51.64,54.65,0.0,0.0,0.0,45.0,51.66,0.0,0.86,0.0,120.0,51.71,738.6,116.52,0.3,0.3,18.08,32.06,12.93,50.48,79.47,90.6,46.37
2018-01-05 06:30:00,1,1,54.47,72.0,68.0,50.96,51.25,54.47,0.0,0.0,0.0,45.0,51.25,0.0,0.89,0.0,120.0,51.33,738.6,116.52,0.3,0.3,18.08,32.02,16.24,50.27,79.6,92.03,45.85
2018-01-05 06:31:00,1,1,54.26,72.0,68.0,50.76,50.98,54.26,0.0,0.0,0.0,45.0,50.98,0.0,0.92,0.0,120.0,51.04,738.6,116.52,0.3,0.3,18.08,31.98,16.69,49.87,79.73,93.06,45.36
2018-01-05 06:32:00,1,1,54.08,72.0,68.0,50.59,50.79,54.08,0.0,0.0,0.0,45.0,50.79,0.0,0.95,0.0,120.0,50.83,738.6,116.52,0.3,0.3,18.08,31.94,16.75,49.45,79.86,93.83,44.88
2018-01-05 06:33:00,1,1,53.91,72.0,68.0,50.45,50.62,53.91,0.0,0.0,0.0,45.0,50.63,0.0,0.98,0.0,120.0,50.66,738.6,116.52,0.3,0.3,18.08,31.9,16.75,49.04,79.99,94.47,44.42
2018-01-05 06:34:00,1,1,53.77,72.0,68.0,50.32,50.48,53.77,0.0,0.0,0.0,45.0,50.48,0.0,1.0,0.0,120.0,50.51,738.6,116.52,0.3,0.3,18.08,31.87,16.76,48.65,80.12,95.04,43.97
2018-01-05 06:35:00,1,1,53.63,72.0,68.0,50.2,50.35,53.63,0.0,0.0,0.0,45.0,50.36,0.0,1.0,0.0,120.0,50.38,738.6,116.52,0.3,0.3,18.08,31.83,16.76,48.26,80.25,95.55,43.53
2018-01-05 06:36:00,1,1,53.52,72.0,68.0,50.09,50.24,53.52,0.0,0.0,0.0,45.0,50.24,0.0,1.0,0.0,120.0,50.27,738.6,116.52,0.3,0.3,18.08,31.79,16.76,47.89,80.38,96.01,43.12
2018-01-05 06:37:00,1,1,53.41,72.0,68.0,50.0,50.14,53.41,0.0,0.0,0.0,45.0,50.14,0.0,1.0,0.0,120.0,50.16,738.6,116.52,0.3,0.3,18.08,31.75,16.76,47.53,80.51,96.44,42.72
2018-01-05 06:38:00,1,1,53.32,72.0,68.0,49.91,50.05,53.32,0.0,0.0,0.0,45.0,50.05,0.0,1.0,0.0,120.0,50.07,738.6,116.52,0.3,0.3,18.08,31.72,16.76,47.16,80.64,96.82,42.35
2018-01-05 06:39:00,1,1,53.23,72.0,68.0,49.83,49.96,53.23,0.0,0.0,0.0,45.0,49.96,0.0,1.0,0.0,120.0,49.98,738.6,116.52,0.3,0.3,18.08,31.68,16.76,46.8,80.76,97.13,41.99
2018-01-05 06:40:00,1,1,53.15,72.0,68.0,49.76,49.88,53.15,0.0,0.0,0.0,45.0,49.88,0.0,1.0,0.0,120.0,49.9,738.6,116.52,0.3,0.3,18.08,31.64,16.76,46.46,80.89,97.38,41.65
2018-01-05 06:41:00,1,1,53.08,72.0,68.0,49.69,49.81,53.08,0.0,0.0,0.0,45.0,49.81,0.0,1.0,0.0,120.0,49.83,738.6,116.52,0.3,0.3,18.08,31.6,16.76,46.14,81.01,97.61,41.33
2018-01-05 06:42:00,1,1,53.01,72.0,68.0,49.63,49.75,53.01,0.0,0.0,0.0,45.0,49.75,0.0,1.0,0.0,120.0,49.76,738.6,116.52,0.3,0.3,18.08,31.57,16.76,45.84,81.13,97.81,41.03
2018-01-05 06:43:00,1,1,52.95,72.0,68.0,49.57,49.69,52.95,0.0,0.0,0.0,45.0,49.69,0.0,1.0,0.0,120.0,49.7,738.6,116.52,0.3,0.3,18.08,31.53,16.76,45.56,81.25,98.01,40.75
2018-01-05 06:44:00,1,1,52.89,72.0,68.0,49.52,49.63,52.89,0.0,0.0,0.0,45.0,49.63,0.0,1.0,0.0,120.0,49.64,738.6,116.52,0.3,0.3,18.08,31.49,16.76,45.29,81.37,98.19,40.48
2018-01-05 06:45:00,1,1,52.84,72.0,68.0,49.47,49.58,52.84,0.0,0.0,0.0,45.0,49.58,0.0,1.0,0.0,120.0,49.59,738.6,116.52,0.3,0.3,18.08,31.46,16.76,45.05,81.49,98.36,40.23
2018-01-05 06:46:00,1,1,52.79,72.0,68.0,49.42,49.53,52.79,0.0,0.0,0.0,45.0,49.53,0.0,1.0,0.0,120.0,49.54,738.6,116.52,0.3,0.3,18.08,31.42,16.76,44.82,81.6,98.52,40.0
2018-01-05 06:47:00,1,1,52.74,72.0,68.0,49.38,49.48,52.74,0.0,0.0,0.0,45.0,49.48,0.0,1.0,0.0,120.0,49.49,738.6,116.52,0.3,0.3,18.08,31.38,16.76,44.6,81.72,98.67,39.78
2018-01-05 06:48:00,1,1,52.7,72.0,68.0,49.33,49.44,52.7,0.0,0.0,0.0,45.0,49.44,0.0,1.0,0.0,120.0,49.45,738.6,116.52,0.3,0.3,18.08,31.35,16.76,44.4,81.83,98.81,39.58
2018-01-05 06:49:00,1,1,52.66,72.0,68.0,49.29,49.39,52.66,0.0,0.0,0.0,45.0,49.4,0.0,1.0,0.0,120.0,49.4,738.6,116.52,0.3,0.3,18.08,31.31,16.76,44.21,81.94,98.94,39.39
2018-01-05 06:50:00,1,1,52.62,72.0,68.0,49.26,49.36,52.62,0.0,0.0,0.0,45.0,49.36,0.0,1.0,0.0,120.0,49.36,738.6,116.52,0.3,0.3,18.08,31.28,16.76,44.04,82.04,99.07,39.21
2018-01-05 06:51:00,1,1,52.59,72.0,68.0,49.22,49.32,52.59,0.0,0.0,0.0,45.0,49.32,0.0,1.0,0.0,120.0,49.33,738.6,116.52,0.3,0.3,18.08,31.24,16.76,43.87,82.15,99.19,39.04
2018-01-05 06:52:00,1,1,52.55,72.0,68.0,49.19,49.28,52.55,0.0,0.0,0.0,45.0,49.28,0.0,1.0,0.0,120.0,49.29,738.6,116.52,0.3,0.3,18.08,31.21,16.76,43.72,82.25,99.3,38.88
2018-01-05 06:53:00,1,1,52.52,72.0,68.0,49.15,49.25,52.52,0.0,0.0,0.0,45.0,49.25,0.0,1.0,0.0,120.0,49.26,738.6,116.52,0.3,0.3,18.08,31.17,16.76,43.58,82.35,99.41,38.74
2018-01-05 06:54:00,1,1,52.49,72.0,68.0,49.12,49.22,52.49,0.0,0.0,0.0,45.0,49.22,0.0,1.0,0.0,120.0,49.22,738.6,116.52,0.3,0.3,18.08,31.14,16.76,43.45,82.45,99.52,38.6
2018-01-05 06:55:00,1,1,52.46,72.0,68.0,49.09,49.19,52.46,0.0,0.0,0.0,45.0,49.19,0.0,1.0,0.0,120.0,49.19,738.6,116.52,0.3,0.3,18.08,31.1,16.76,43.32,82.54,99.62,38.48
2018-01-05 06:56:00,1,1,52.43,72.0,68.0,49.07,49.16,52.43,0.0,0.0,0.0,45.0,49.16,0.0,1.0,0.0,120.0,49.16,738.6,116.52,0.3,0.3,18.08,31.07,16.76,43.21,82.63,99.72,38.36
2018-01-05 06:57:00,1,1,52.41,72.0,68.0,49.04,49.13,52.41,0.0,0.0,0.0,45.0,49.13,0.0,1.0,0.0,120.0,49.14,738.6,116.52,0.3,0.3,18.08,31.03,16.76,43.1,82.72,99.81,38.25
2018-01-05 06:58:00,1,1,52.38,72.0,68.0,49.01,49.1,52.38,0.0,0.0,0.0,45.0,49.1,0.0,1.0,0.0,120.0,49.11,738.6,116.52,0.3,0.3,18.08,31.0,16.76,43.0,82.8,99.9,38.15
2018-01-05 06:59:00,1,1,52.36,72.0,68.0,48.98,49.08,52.36,0.0,0.0,0.0,45.0,49.08,0.0,1.0,0.0,120.0,49.08,738.6,116.52,0.3,0.3,18.08,30.97,16.76,42.91,82.88,99.99,38.05
2018-01-05 07:00:00,1,1,52.33,72.0,68.0,48.96,49.05,52.33,0.0,0.0,0.0,45.0,49.05,0.0,1.0,0.0,120.0,49.06,738.6,116.52,0.3,0.3,18.08,30.94,16.76,42.82,82.96,100.0,37.97
2018-01-05 07:01:00,1,1,52.31,72.0,68.0,48.94,49.03,52.31,0.0,0.0,0.0,45.0,49.03,0.0,1.0,0.0,120.0,49.03,738.6,116.52,0.3,0.3,18.08,30.91,16.76,42.73,82.95,100.0,37.88
2018-01-05 07:02:00,1,1,52.29,72.0,68.0,48.91,49.0,52.29,0.0,0.0,0.0,45.0,49.0,0.0,1.0,0.0,120.0,49.01,738.6,116.52,0.3,0.3,18.08,30.89,16.76,42.64,82.91,100.0,37.8
2018-01-05 07:03:00,1,1,52.27,72.0,68.0,48.89,48.98,52.27,0.0,0.0,0.0,45.0,48.98,0.0,1.0,0.0,120.0,48.99,738.6,116.52,0.3,0.3,18.08,30.87,16.76,42.56,82.85,100.0,37.73
2018-01-05 07:04:00,1,1,52.25,72.0,68.0,48.87,48.96,52.25,0.0,0.0,0.0,45.0,48.96,0.0,1.0,0.0,120.0,48.96,738.6,116.52,0.3,0.3,18.08,30.85,16.76,42.48,82.79,100.0,37.65
2018-01-05 07:05:00,1,1,52.23,72.0,68.0,48.85,48.94,52.23,0.0,0.0,0.0,45.0,48.94,0.0,1.0,0.0,120.0,48.94,738.6,116.52,0.3,0.3,18.08,30.83,16.76,42.39,82.72,100.0,37.58
2018-01-05 07:06:00,1,1,52.21,72.0,68.0,48.83,48.92,52.21,0.0,0.0,0.0,45.0,48.92,0.0,1.0,0.0,120.0,48.92,738.6,116.52,0.3,0.3,18.08,30.81,16.76,42.31,82.65,100.0,37.51
2018-01-05 07:07:00,1,1,52.19,72.0,68.0,48.81,48.9,52.19,0.0,0.0,0.0,45.0,48.9,0.0,1.0,0.0,120.0,48.9,738.6,116.52,0.3,0.3,18.08,30.79,16.76,42.23,82.57,100.0,37.44
2018-01-05 07:08:00,1,1,52.17,72.0,68.0,48.79,48.88,52.17,0.0,0.0,0.0,45.0,48.88,0.0,1.0,0.0,120.0,48.88,738.6,116.52,0.3,0.3,18.08,30.77,16.76,42.16,82.5,100.0,37.37
2018-01-05 07:09:00,1,1,52.15,72.0,68.0,48.77,48.86,52.15,0.0,0.0,0.0,45.0,48.86,0.0,1.0,0.0,120.0,48.86,738.6,116.52,0.3,0.3,18.08,30.75,16.76,42.08,82.42,100.0,37.3
2018-01-05 07:10:00,1,1,52.13,72.0,68.0,48.75,48.84,52.13,0.0,0.0,0.0,45.0,48.84,0.0,1.0,0.0,120.0,48.84,738.6,116.52,0.3,0.3,18.08,30.73,16.76,42.0,82.33,100.0,37.24
2018-01-05 07:11:00,1,1,52.11,72.0,68.0,48.74,48.82,52.11,0.0,0.0,0.0,45.0,48.82,0.0,1.0,0.0,120.0,48.83,738.6,116.52,0.3,0.3,18.08,30.71,16.76,41.93,82.24,100.0,37.17
2018-01-05 07:12:00,1,1,52.09,72.0,68.0,48.72,48.8,52.09,0.0,0.0,0.0,45.0,48.8,0.0,1.0,0.0,120.0,48.81,738.6,116.52,0.3,0.3,18.08,30.69,16.76,41.86,82.15,100.0,37.11
2018-01-05 07:13:00,1,1,52.08,72.0,68.0,48.7,48.79,52.08,0.0,0.0,0.0,45.0,48.79,0.0,1.0,0.0,120.0,48.79,738.6,116.52,0.3,0.3,18.08,30.68,16.76,41.78,82.06,100.0,37.04
2018-01-05 07:14:00,1,1,52.06,72.0,68.0,48.68,48.77,52.06,0.0,0.0,0.0,45.0,48.77,0.0,1.0,0.0,120.0,48.77,738.6,116.52,0.3,0.3,18.08,30.66,16.76,41.71,81.96,100.0,36.98
2018-01-05 07:15:00,1,1,52.04,72.0,68.0,48.67,48.75,52.04,0.0,0.0,0.0,45.0,48.75,0.0,1.0,0.0,120.0,48.75,738.6,116.52,0.3,0.3,18.08,30.64,16.76,41.63,81.86,100.0,36.92
2018-01-05 07:16:00,1,1,52.03,72.0,68.0,48.65,48.73,52.03,0.0,0.0,0.0,45.0,48.73,0.0,1.0,0.0,120.0,48.74,738.6,116.52,0.3,0.3,18.08,30.62,16.76,41.56,81.76,100.0,36.85
2018-01-05 07:17:00,1,1,52.01,72.0,68.0,48.63,48.72,52.01,0.0,0.0,0.0,45.0,48.72,0.0,1.0,0.0,120.0,48.72,738.6,116.52,0.3,0.3,18.08,30.61,16.76,41.49,81.66,100.0,36.79
2018-01-05 07:18:00,1,1,51.99,72.0,68.0,48.62,48.7,51.99,0.0,0.0,0.0,45.0,48.7,0.0,1.0,0.0,120.0,48.71,738.6,116.52,0.3,0.3,18.08,30.59,16.76,41.42,81.55,100.0,36.73
2018-01-05 07:19:00,1,1,51.98,72.0,68.0,48.6,48.69,51.98,0.0,0.0,0.0,45.0,48.69,0.0,1.0,0.0,120.0,48.69,738.6,116.52,0.3,0.3,18.08,30.57,16.76,41.34,81.44,100.0,36.67
2018-01-05 07:20:00,1,1,51.97,72.0,68.0,48.59,48.67,51.97,0.0,0.0,0.0,45.0,48.67,0.0,1.0,0.0,120.0,48.68,738.6,116.52,0.3,0.3,18.08,30.56,16.76,41.27,81.33,100.0,36.61
2018-01-05 07:21:00,1,1,51.95,72.0,68.0,48.57,48.66,51.95,0.0,0.0,0.0,45.0,48.66,0.0,1.0,0.0,120.0,48.66,738.6,116.52,0.3,0.3,18.08,30.54,16.76,41.2,81.21,100.0,36.55
2018-01-05 07:22:00,1,1,51.94,72.0,68.0,48.56,48.64,51.94,0.0,0.0,0.0,45.0,48.64,0.0,1.0,0.0,120.0,48.65,738.6,116.52,0.3,0.3,18.08,30.53,16.76,41.13,81.1,100.0,36.48
2018-01-05 07:23:00,1,1,51.92,72.0,68.0,48.55,48.63,51.92,0.0,0.0,0.0,45.0,48.63,0.0,1.0,0.0,120.0,48.63,738.6,116.52,0.3,0.3,18.08,30.51,16.76,41.05,80.98,100.0,36.42
2018-01-05 07:24:00,1,1,51.91,72.0,68.0,48.53,48.61,51.91,0.0,0.0,0.0,45.0,48.61,0.0,1.0,0.0,120.0,48.62,738.6,116.52,0.3,0.3,18.08,30.5,16.76,40.98,80.86,100.0,36.36
2018-01-05 07:25:00,1,1,51.9,72.0,68.0,48.52,48.6,51.9,0.0,0.0,0.0,45.0,48.6,0.0,1.0,0.0,120.0,48.6,738.6,116.52,0.3,0.3,18.08,30.48,16.76,40.91,80.74,100.0,36.3
2018-01-05 07:26:00,1,1,51.89,72.0,68.0,48.51,48.59,51.89,0.0,0.0,0.0,45.0,48.59,0.0,1.0,0.0,120.0,48.59,738.6,116.52,0.3,0.3,18.08,30.47,16.76,40.83,80.61,100.0,36.24
2018-01-05 07:27:00,1,1,51.87,72.0,68.0,48.49,48.58,51.87,0.0,0.0,0.0,45.0,48.58,0.0,1.0,0.0,120.0,48.58,738.6,116.52,0.3,0.3,18.08,30.45,16.76,40.76,80.48,100.0,36.17
2018-01-05 07:28:00,1,1,51.86,72.0,68.0,48.48,48.56,51.86,0.0,0.0,0.0,45.0,48.56,0.0,1.0,0.0,120.0,48.57,738.6,116.52,0.3,0.3,18.08,30.44,16.76,40.69,80.36,100.0,36.11
2018-01-05 07:29:00,1,1,51.85,72.0,68.0,48.47,48.55,51.85,0.0,0.0,0.0,45.0,48.55,0.0,1.0,0.0,120.0,48.55,738.6,116.52,0.3,0.3,18.08,30.42,16.76,40.61,80.23,100.0,36.05
2018-01-05 07:30:00,1,1,51.84,72.0,68.0,48.46,48.54,51.84,0.0,0.0,0.0,45.0,48.54,0.0,1.0,0.0,120.0,48.54,738.6,116.52,0.3,0.3,18.08,30.41,16.76,40.54,80.1,100.0,35.98
2018-01-05 07:31:00,1,1,51.83,72.0,68.0,48.45,48.53,51.83,0.0,0.0,0.0,45.0,48.53,0.0,1.0,0.0,120.0,48.53,738.6,116.52,0.3,0.3,18.08,30.39,16.76,40.46,79.97,100.0,35.92
2018-01-05 07:32:00,1,1,51.82,72.0,68.0,48.44,48.52,51.82,0.0,0.0,0.0,45.0,48.52,0.0,1.0,0.0,120.0,48.52,738.6,116.52,0.3,0.3,18.08,30.38,16.76,40.39,79.83,100.0,35.86
2018-01-05 07:33:00,1,1,51.81,72.0,68.0,48.43,48.51,51.81,0.0,0.0,0.0,45.0,48.51,0.0,1.0,0.0,120.0,48.51,738.6,116.52,0.3,0.3,18.08,30.37,16.76,40.31,79.7,100.0,35.79
2018-01-05 07:34:00,1,1,51.8,72.0,68.0,48.42,48.5,51.8,0.0,0.0,0.0,45.0,48.5,0.0,1.0,0.0,120.0,48.5,738.6,116.52,0.3,0.3,18.08,30.35,16.76,40.24,79.56,100.0,35.73
2018-01-05 07:35:00,1,1,51.79,72.0,68.0,48.41,48.49,51.79,0.0,0.0,0.0,45.0,48.49,0.0,1.0,0.0,120.0,48.49,738.6,116.52,0.3,0.3,18.08,30.34,16.76,40.16,79.43,100.0,35.66
2018-01-05 07:36:00,1,1,51.79,72.0,68.0,48.4,48.48,51.79,0.0,0.0,0.0,45.0,48.48,0.0,1.0,0.0,120.0,48.48,738.6,116.52,0.3,0.3,18.08,30.33,16.76,40.09,79.29,100.0,35.6
2018-01-05 07:37:00,1,1,51.78,72.0,68.0,48.39,48.47,51.78,0.0,0.0,0.0,45.0,48.47,0.0,1.0,0.0,120.0,48.47,738.6,116.52,0.3,0.3,18.08,30.31,16.76,40.01,79.16,100.0,35.53
2018-01-05 07:38:00,1,1,51.77,72.0,68.0,48.39,48.46,51.77,0.0,0.0,0.0,45.0,48.46,0.0,1.0,0.0,120.0,48.46,738.6,116.52,0.3,0.3,18.08,30.3,16.76,39.94,79.02,100.0,35.47
2018-01-05 07:39:00,1,1,51.76,72.0,68.0,48.38,48.46,51.76,0.0,0.0,0.0,45.0,48.46,0.0,1.0,0.0,120.0,48.46,738.6,116.52,0.3,0.3,18.08,30.29,16.76,39.86,78.88,100.0,35.4
2018-01-05 07:40:00,1,1,51.76,72.0,68.0,48.37,48.45,51.76,0.0,0.0,0.0,45.0,48.45,0.0,1.0,0.0,120.0,48.45,738.6,116.52,0.3,0.3,18.08,30.27,16.76,39.78,78.74,100.0,35.33
2018-01-05 07:41:00,1,1,51.75,72.0,68.0,48.36,48.44,51.75,0.0,0.0,0.0,45.0,48.44,0.0,1.0,0.0,120.0,48.44,738.6,116.52,0.3,0.3,18.08,30.26,16.76,39.71,78.6,100.0,35.27
2018-01-05 07:42:00,1,1,51.75,72.0,68.0,48.36,48.43,51.75,0.0,0.0,0.0,45.0,48.43,0.0,1.0,0.0,120.0,48.44,738.6,116.52,0.3,0.3,18.08,30.25,16.76,39.63,78.46,100.0,35.2
2018-01-05 07:43:00,1,1,51.74,72.0,68.0,48.35,48.43,51.74,0.0,0.0,0.0,45.0,48.43,0.0,1.0,0.0,120.0,48.43,738.6,116.52,0.3,0.3,18.08,30.24,16.76,39.55,78.32,100.0,35.14
2018-01-05 07:44:00,1,1,51.74,72.0,68.0,48.35,48.42,51.74,0.0,0.0,0.0,45.0,48.42,0.0,1.0,0.0,120.0,48.42,738.6,116.52,0.3,0.3,18.08,30.22,16.76,39.48,78.19,100.0,35.07
2018-01-05 07:45:00,1,1,51.74,72.0,68.0,48.34,48.42,51.74,0.0,0.0,0.0,45.0,48.42,0.0,1.0,0.0,120.0,48.42,738.6,116.52,0.3,0.3,18.08,30.21,16.76,39.4,78.05,100.0,35.0
2018-01-05 07:46:00,1,1,51.73,72.0,68.0,48.34,48.41,51.73,0.0,0.0,0.0,45.0,48.41,0.0,1.0,0.0,120.0,48.41,738.6,116.52,0.3,0.3,18.08,30.2,16.76,39.32,77.91,100.0,34.93
2018-01-05 07:47:00,1,1,51.73,72.0,68.0,48.33,48.41,51.73,0.0,0.0,0.0,45.0,48.41,0.0,1.0,0.0,120.0,48.41,738.6,116.52,0.3,0.3,18.08,30.19,16.76,39.25,77.77,100.0,34.87
2018-01-05 07:48:00,1,1,51.73,72.0,68.0,48.33,48.41,51.73,0.0,0.0,0.0,45.0,48.41,0.0,1.0,0.0,120.0,48.41,738.6,116.52,0.3,0.3,18.08,30.17,16.76,39.17,77.63,100.0,34.8
2018-01-05 07:49:00,1,1,51.73,72.0,68.0,48.33,48.4,51.73,0.0,0.0,0.0,45.0,48.4,0.0,1.0,0.0,120.0,48.4,738.6,116.52,0.3,0.3,18.08,30.16,16.76,39.1,77.5,100.0,34.73
2018-01-05 07:50:00,1,1,51.73,72.0,68.0,48.33,48.4,51.73,0.0,0.0,0.0,45.0,48.4,0.0,1.0,0.0,120.0,48.4,738.6,116.52,0.3,0.3,18.08,30.15,16.76,39.02,77.36,100.0,34.67
2018-01-05 07:51:00,1,1,51.73,72.0,68.0,48.32,48.4,51.73,0.0,0.0,0.0,45.0,48.4,0.0,1.0,0.0,120.0,48.4,738.6,116.52,0.3,0.3,18.08,30.14,16.76,38.94,77.22,100.0,34.6
2018-01-05 07:52:00,1,1,51.73,72.0,68.0,48.32,48.4,51.73,0.0,0.0,0.0,45.0,48.4,0.0,1.0,0.0,120.0,48.4,738.6,116.52,0.3,0.3,18.08,30.12,16.76,38.87,77.09,100.0,34.53
2018-01-05 07:53:00,1,1,51.73,72.0,68.0,48.32,48.4,51.73,0.0,0.0,0.0,45.0,48.4,0.0,1.0,0.0,120.0,48.4,738.6,116.52,0.3,0.3,18.08,30.11,16.76,38.79,76.96,100.0,34.46
2018-01-05 07:54:00,1,1,51.74,72.0,68.0,48.32,48.4,51.74,0.0,0.0,0.0,45.0,48.4,0.0,1.0,0.0,120.0,48.4,738.6,116.52,0.3,0.3,18.08,30.1,16.76,38.72,76.82,100.0,34.4
2018-01-05 07:55:00,1,1,51.74,72.0,68.0,48.32,48.4,51.74,0.0,0.0,0.0,45.0,48.4,0.0,1.0,0.0,120.0,48.4,738.6,116.52,0.3,0.3,18.08,30.09,16.76,38.64,76.69,100.0,34.33
2018-01-05 07:56:00,1,1,51.74,72.0,68.0,48.32,48.4,51.74,0.0,0.0,0.0,45.0,48.4,0.0,1.0,0.0,120.0,48.4,738.6,116.52,0.3,0.3,18.08,30.08,16.76,38.57,76.56,100.0,34.26
2018-01-05 07:57:00,1,1,51.75,72.0,68.0,48.33,48.4,51.75,0.0,0.0,0.0,45.0,48.4,0.0,1.0,0.0,120.0,48.4,738.6,116.52,0.3,0.3,18.08,30.06,16.76,38.5,76.43,100.0,34.2
2018-01-05 07:58:00,1,1,51.75,72.0,68.0,48.33,48.4,51.75,0.0,0.0,0.0,45.0,48.4,0.0,1.0,0.0,120.0,48.4,738.6,116.52,0.3,0.3,18.08,30.05,16.76,38.42,76.31,100.0,34.13
2018-01-05 07:59:00,1,1,51.76,72.0,68.0,48.33,48.4,51.76,0.0,0.0,0.0,45.0,48.4,0.0,1.0,0.0,120.0,48.4,738.6,116.52,0.3,0.3,18.08,30.04,16.76,38.35,76.18,100.0,34.07
2018-01-05 08:00:00,1,1,51.76,72.0,68.0,48.33,48.4,51.76,0.0,0.0,0.0,45.0,48.4,0.0,1.0,0.0,120.0,48.4,738.6,116.52,0.3,0.3,18.08,30.03,16.76,38.28,76.06,100.0,34.0
2018-01-05 08:01:00,1,1,51.77,72.0,68.0,48.34,48.41,51.77,0.0,0.0,0.0,45.0,48.41,0.0,1.0,0.0,120.0,48.41,738.6,116.52,0.3,0.3,18.08,30.01,16.76,38.21,75.98,100.0,33.93
2018-01-05 08:02:00,1,1,51.78,72.0,68.0,48.34,48.41,51.78,0.0,0.0,0.0,45.0,48.41,0.0,1.0,0.0,120.0,48.41,738.6,116.52,0.3,0.3,18.08,29.99,16.76,38.15,75.94,100.0,33.87
2018-01-05 08:03:00,1,1,51.79,72.0,68.0,48.35,48.42,51.79,0.0,0.0,0.0,45.0,48.42,0.0,1.0,0.0,120.0,48.42,738.6,116.52,0.3,0.3,18.08,29.97,16.76,38.09,75.9,100.0,33.81
2018-01-05 08:04:00,1,1,51.81,72.0,68.0,48.36,48.43,51.81,0.0,0.0,0.0,45.0,48.43,0.0,1.0,0.0,120.0,48.43,738.6,116.52,0.3,0.3,18.08,29.95,16.76,38.03,75.87,100.0,33.75
2018-01-05 08:05:00,1,1,51.83,72.0,68.0,48.37,48.44,51.83,0.0,0.0,0.0,45.0,48.44,0.0,1.0,0.0,120.0,48.44,738.6,116.52,0.3,0.3,18.08,29.93,16.76,37.97,75.84,100.0,33.69
2018-01-05 08:06:00,1,1,51.85,72.0,68.0,48.39,48.45,51.85,0.0,0.0,0.0,45.0,48.45,0.0,1.0,0.0,120.0,48.45,738.6,116.52,0.3,0.3,18.08,29.91,16.76,37.91,75.81,100.0,33.63
2018-01-05 08:07:00,1,1,51.87,72.0,68.0,48.4,48.46,51.87,0.0,0.0,0.0,45.0,48.46,0.0,1.0,0.0,120.0,48.46,738.6,116.52,0.3,0.3,18.08,29.89,16.76,37.86,75.78,100.0,33.57
2018-01-05 08:08:00,1,1,51.89,72.0,68.0,48.42,48.48,51.89,0.0,0.0,0.0,45.0,48.48,0.0,1.0,0.0,120.0,48.48,738.6,116.52,0.3,0.3,18.08,29.87,16.76,37.81,75.75,100.0,33.52
2018-01-05 08:09:00,1,1,51.92,72.0,68.0,48.44,48.5,51.92,0.0,0.0,0.0,45.0,48.5,0.0,1.0,0.0,120.0,48.49,738.6,116.52,0.3,0.3,18.08,29.85,16.76,37.76,75.72,100.0,33.47
2018-01-05 08:10:00,1,1,51.95,72.0,68.0,48.46,48.52,51.95,0.0,0.0,0.0,45.0,48.52,0.0,1.0,0.0,120.0,48.51,738.6,116.52,0.3,0.3,18.08,29.83,16.76,37.71,75.7,100.0,33.42
2018-01-05 08:11:00,1,1,51.97,72.0,68.0,48.48,48.54,51.97,0.0,0.0,0.0,45.0,48.54,0.0,1.0,0.0,120.0,48.53,738.6,116.52,0.3,0.3,18.08,29.81,16.76,37.67,75.68,100.0,33.37
2018-01-05 08:12:00,1,1,52.0,72.0,68.0,48.5,48.56,52.0,0.0,0.0,0.0,45.0,48.56,0.0,1.0,0.0,120.0,48.55,738.6,116.52,0.3,0.3,18.08,29.79,16.76,37.62,75.66,100.0,33.32
2018-01-05 08:13:00,1,1,52.04,72.0,68.0,48.52,48.58,52.04,0.0,0.0,0.0,45.0,48.58,0.0,1.0,0.0,120.0,48.57,738.6,116.52,0.3,0.3,18.08,29.77,16.76,37.58,75.64,100.0,33.27
2018-01-05 08:14:00,1,1,52.07,72.0,68.0,48.55,48.6,52.07,0.0,0.0,0.0,45.0,48.6,0.0,1.0,0.0,120.0,48.6,738.6,116.52,0.3,0.3,18.08,29.75,16.76,37.54,75.62,100.0,33.23
2018-01-05 08:15:00,1,1,52.1,72.0,68.0,48.57,48.63,52.1,0.0,0.0,0.0,45.0,48.63,0.0,1.0,0.0,120.0,48.62,738.6,116.52,0.3,0.3,18.08,29.73,16.76,37.51,75.6,100.0,33.19
2018-01-05 08:16:00,1,1,52.14,72.0,68.0,48.6,48.65,52.14,0.0,0.0,0.0,45.0,48.65,0.0,1.0,0.0,120.0,48.65,738.6,116.52,0.3,0.3,18.08,29.71,16.76,37.47,75.59,100.0,33.15
2018-01-05 08:17:00,1,1,52.17,72.0,68.0,48.63,48.68,52.17,0.0,0.0,0.0,45.0,48.68,0.0,1.0,0.0,120.0,48.67,738.6,116.52,0.3,0.3,18.08,29.69,16.76,37.44,75.58,100.0,33.11
2018-01-05 08:18:00,1,1,52.21,72.0,68.0,48.66,48.71,52.21,0.0,0.0,0.0,45.0,48.71,0.0,1.0,0.0,120.0,48.7,738.6,116.52,0.3,0.3,18.08,29.67,16.76,37.41,75.57,100.0,33.07
2018-01-05 08:19:00,1,1,52.25,72.0,68.0,48.68,48.74,52.25,0.0,0.0,0.0,45.0,48.74,0.0,1.0,0.0,120.0,48.73,738.6,116.52,0.3,0.3,18.08,29.65,16.76,37.38,75.56,100.0,33.03
2018-01-05 08:20:00,1,1,52.29,72.0,68.0,48.71,48.77,52.29,0.0,0.0,0.0,45.0,48.76,0.0,1.0,0.0,120.0,48.76,738.6,116.52,0.3,0.3,18.08,29.63,16.76,37.35,75.55,100.0,33.0
2018-01-05 08:21:00,1,1,52.33,72.0,68.0,48.74,48.8,52.33,0.0,0.0,0.0,45.0,48.79,0.0,1.0,0.0,120.0,48.79,738.6,116.52,0.3,0.3,18.08,29.61,16.76,37.32,75.54,100.0,32.97
2018-01-05 08:22:00,1,1,52.37,72.0,68.0,48.77,48.83,52.37,0.0,0.0,0.0,45.0,48.83,0.0,1.0,0.0,120.0,48.82,738.6,116.52,0.3,0.3,18.08,29.59,16.76,37.3,75.53,100.0,32.93
2018-01-05 08:23:00,1,1,52.41,72.0,68.0,48.81,48.86,52.41,0.0,0.0,0.0,45.0,48.86,0.0,1.0,0.0,120.0,48.85,738.6,116.52,0.3,0.3,18.08,29.57,16.76,37.27,75.53,100.0,32.9
2018-01-05 08:24:00,1,1,52.45,72.0,68.0,48.84,48.89,52.45,0.0,0.0,0.0,45.0,48.89,0.0,1.0,0.0,120.0,48.88,738.6,116.52,0.3,0.3,18.08,29.55,16.76,37.25,75.53,100.0,32.87
2018-01-05 08:25:00,1,1,52.49,72.0,68.0,48.87,48.92,52.49,0.0,0.0,0.0,45.0,48.92,0.0,1.0,0.0,120.0,48.91,738.6,116.52,0.3,0.3,18.08,29.53,16.76,37.23,75.52,100.0,32.85
2018-01-05 08:26:00,1,1,52.54,72.0,68.0,48.9,48.95,52.54,0.0,0.0,0.0,45.0,48.95,0.0,1.0,0.0,120.0,48.95,738.6,116.52,0.3,0.3,18.08,29.51,16.76,37.21,75.52,100.0,32.82
2018-01-05 08:27:00,1,1,52.58,72.0,68.0,48.94,48.99,52.58,0.0,0.0,0.0,45.0,48.99,0.0,1.0,0.0,120.0,48.98,738.6,116.52,0.3,0.3,18.08,29.49,16.76,37.19,75.52,100.0,32.79
2018-01-05 08:28:00,1,1,52.62,72.0,68.0,48.97,49.02,52.62,0.0,0.0,0.0,45.0,49.02,0.0,1.0,0.0,120.0,49.01,738.6,116.52,0.3,0.3,18.08,29.47,16.76,37.18,75.53,100.0,32.77
2018-01-05 08:29:00,1,1,52.67,72.0,68.0,49.01,49.06,52.67,0.0,0.0,0.0,45.0,49.05,0.0,1.0,0.0,120.0,49.05,738.6,116.52,0.3,0.3,18.08,29.45,16.76,37.16,75.53,100.0,32.75
2018-01-05 08:30:00,1,1,52.71,72.0,68.0,49.04,49.09,52.71,0.0,0.0,0.0,45.0,49.09,0.0,1.0,0.0,120.0,49.08,738.6,116.52,0.3,0.3,18.08,29.43,16.76,37.15,75.53,99.94,32.73
2018-01-05 08:31:00,1,1,52.76,72.0,68.0,49.08,49.13,52.76,0.0,0.0,0.0,45.0,49.12,0.0,1.0,0.0,120.0,49.12,738.6,116.52,0.3,0.3,18.08,29.41,16.76,37.13,75.54,99.82,32.7
2018-01-05 08:32:00,1,1,52.8,72.0,68.0,49.11,49.16,52.8,0.0,0.0,0.0,45.0,49.16,0.0,1.0,0.0,120.0,49.15,738.6,116.52,0.3,0.3,18.08,29.39,16.76,37.12,75.54,99.71,32.68
2018-01-05 08:33:00,1,1,52.85,72.0,68.0,49.15,49.2,52.85,0.0,0.0,0.0,45.0,49.2,0.0,1.0,0.0,120.0,49.19,738.6,116.52,0.3,0.3,18.08,29.38,16.76,37.11,75.55,99.59,32.67
2018-01-05 08:34:00,1,1,52.9,72.0,68.0,49.19,49.23,52.9,0.0,0.0,0.0,45.0,49.23,0.0,1.0,0.0,120.0,49.22,738.6,116.52,0.3,0.3,18.08,29.36,16.76,37.1,75.56,99.47,32.65
2018-01-05 08:35:00,1,1,52.94,72.0,68.0,49.22,49.27,52.94,0.0,0.0,0.0,45.0,49.27,0.0,1.0,0.0,120.0,49.26,738.6,116.52,0.3,0.3,18.08,29.34,16.76,37.09,75.57,99.35,32.63
2018-01-05 08:36:00,1,1,52.99,72.0,68.0,49.26,49.31,52.99,0.0,0.0,0.0,45.0,49.31,0.0,1.0,0.0,120.0,49.3,738.6,116.52,0.3,0.3,18.08,29.32,16.76,37.08,75.58,99.23,32.62
2018-01-05 08:37:00,1,1,53.04,72.0,68.0,49.3,49.34,53.04,0.0,0.0,0.0,45.0,49.34,0.0,1.0,0.0,120.0,49.33,738.6,116.52,0.3,0.3,18.08,29.3,16.76,37.08,75.59,99.11,32.6
2018-01-05 08:38:00,1,1,53.09,72.0,68.0,49.33,49.38,53.09,0.0,0.0,0.0,45.0,49.38,0.0,1.0,0.0,120.0,49.37,738.6,116.52,0.3,0.3,18.08,29.29,16.76,37.07,75.6,98.99,32.59
2018-01-05 08:39:00,1,1,53.13,72.0,68.0,49.37,49.42,53.13,0.0,0.0,0.0,45.0,49.42,0.0,1.0,0.0,120.0,49.41,738.6,116.52,0.3,0.3,18.08,29.27,16.76,37.07,75.61,98.87,32.57
2018-01-05 08:40:00,1,1,53.18,72.0,68.0,49.41,49.45,53.18,0.0,0.0,0.0,45.0,49.45,0.0,1.0,0.0,120.0,49.45,738.6,116.52,0.3,0.3,18.08,29.25,16.76,37.06,75.63,98.75,32.56
2018-01-05 08:41:00,1,1,53.23,72.0,68.0,49.45,49.49,53.23,0.0,0.0,0.0,45.0,49.49,0.0,1.0,0.0,120.0,49.48,738.6,116.52,0.3,0.3,18.08,29.23,16.76,37.06,75.64,98.63,32.55
2018-01-05 08:42:00,1,1,53.28,72.0,68.0,49.48,49.53,53.28,0.0,0.0,0.0,45.0,49.53,0.0,1.0,0.0,120.0,49.52,738.6,116.52,0.3,0.3,18.08,29.22,16.76,37.06,75.66,98.51,32.54
2018-01-05 08:43:00,1,1,53.33,72.0,68.0,49.52,49.57,53.33,0.0,0.0,0.0,45.0,49.57,0.0,1.0,0.0,120.0,49.56,738.6,116.52,0.3,0.3,18.08,29.2,16.76,37.06,75.67,98.38,32.53
2018-01-05 08:44:00,1,1,53.37,72.0,68.0,49.56,49.6,53.37,0.0,0.0,0.0,45.0,49.6,0.0,1.0,0.0,120.0,49.6,738.6,116.52,0.3,0.3,18.08,29.18,16.76,37.05,75.69,98.26,32.52
2018-01-05 08:45:00,1,1,53.42,72.0,68.0,49.6,49.64,53.42,0.0,0.0,0.0,45.0,49.64,0.0,1.0,0.0,120.0,49.63,738.6,116.52,0.3,0.3,18.08,29.17,16.76,37.05,75.7,98.14,32.51
2018-01-05 08:46:00,1,1,53.47,72.0,68.0,49.63,49.68,53.47,0.0,0.0,0.0,45.0,49.68,0.0,1.0,0.0,120.0,49.67,738.6,116.52,0.3,0.3,18.08,29.15,16.76,37.06,75.72,98.02,32.5
2018-01-05 08:47:00,1,1,53.52,72.0,68.0,49.67,49.72,53.52,0.0,0.0,0.0,45.0,49.72,0.0,1.0,0.0,120.0,49.71,738.6,116.52,0.3,0.3,18.08,29.13,16.76,37.06,75.74,97.9,32.5
2018-01-05 08:48:00,1,1,53.56,72.0,68.0,49.71,49.76,53.56,0.0,0.0,0.0,45.0,49.76,0.0,1.0,0.0,120.0,49.75,738.6,116.52,0.3,0.3,18.08,29.12,16.76,37.06,75.76,97.78,32.49
2018-01-05 08:49:00,1,1,53.61,72.0,68.0,49.75,49.79,53.61,0.0,0.0,0.0,45.0,49.79,0.0,1.0,0.0,120.0,49.79,738.6,116.52,0.3,0.3,18.08,29.1,16.76,37.06,75.78,97.66,32.48
2018-01-05 08:50:00,1,1,53.66,72.0,68.0,49.79,49.83,53.66,0.0,0.0,0.0,45.0,49.83,0.0,1.0,0.0,120.0,49.82,738.6,116.52,0.3,0.3,18.08,29.09,16.76,37.06,75.8,97.54,32.48
2018-01-05 08:51:00,1,1,53.71,72.0,68.0,49.82,49.87,53.71,0.0,0.0,0.0,45.0,49.87,0.0,1.0,0.0,120.0,49.86,738.6,116.52,0.3,0.3,18.08,29.07,16.76,37.07,75.82,97.43,32.47
2018-01-05 08:52:00,1,1,53.75,72.0,68.0,49.86,49.91,53.75,0.0,0.0,0.0,45.0,49.91,0.0,1.0,0.0,120.0,49.9,738.6,116.52,0.3,0.3,18.08,29.06,16.76,37.07,75.84,97.31,32.47
2018-01-05 08:53:00,1,1,53.8,72.0,68.0,49.9,49.94,53.8,0.0,0.0,0.0,45.0,49.94,0.0,1.0,0.0,120.0,49.94,738.6,116.52,0.3,0.3,18.08,29.04,16.76,37.08,75.86,97.19,32.47
2018-01-05 08:54:00,1,1,53.85,72.0,68.0,49.93,49.98,53.85,0.0,0.0,0.0,45.0,49.98,0.0,1.0,0.0,120.0,49.97,738.6,116.52,0.3,0.3,18.08,29.03,16.76,37.08,75.88,97.08,32.46
2018-01-05 08:55:00,1,1,53.89,72.0,68.0,49.97,50.02,53.89,0.0,0.0,0.0,45.0,50.02,0.0,1.0,0.0,120.0,50.01,738.6,116.52,0.3,0.3,18.08,29.01,16.76,37.09,75.9,96.94,32.46
2018-01-05 08:56:00,1,1,53.94,72.0,68.0,50.01,50.05,53.94,0.0,0.0,0.0,45.0,50.05,0.0,1.0,0.0,120.0,50.05,738.6,116.52,0.3,0.3,18.08,29.0,16.76,37.09,75.92,96.79,32.46
2018-01-05 08:57:00,1,1,53.98,72.0,68.0,50.04,50.09,53.98,0.0,0.0,0.0,45.0,50.09,0.0,1.0,0.0,120.0,50.08,738.6,116.52,0.3,0.3,18.08,28.99,16.76,37.08,75.94,96.64,32.46
2018-01-05 08:58:00,1,1,54.03,72.0,68.0,50.08,50.13,54.03,0.0,0.0,0.0,45.0,50.13,0.0,1.0,0.0,120.0,50.12,738.6,116.52,0.3,0.3,18.08,28.97,16.76,37.08,75.96,96.49,32.46
2018-01-05 08:59:00,1,1,54.07,72.0,68.0,50.12,50.16,54.07,0.0,0.0,0.0,45.0,50.16,0.0,1.0,0.0,120.0,50.15,738.6,116.52,0.3,0.3,18.08,28.96,16.76,37.07,75.98,96.34,32.46
2018-01-05 09:00:00,1,1,54.12,72.0,68.0,50.15,50.2,54.12,0.0,0.0,0.0,45.0,50.2,0.0,1.0,0.0,120.0,50.19,738.6,116.52,0.3,0.3,18.08,28.95,16.76,37.06,76.01,96.19,32.46
2018-01-05 09:01:00,1,1,54.16,72.0,68.0,50.19,50.23,54.16,0.0,0.0,0.0,45.0,50.23,0.0,1.0,0.0,120.0,50.23,738.6,116.52,0.3,0.3,18.08,28.94,16.76,37.06,76.03,96.05,32.46
2018-01-05 09:02:00,1,1,54.2,72.0,68.0,50.22,50.27,54.2,0.0,0.0,0.0,45.0,50.27,0.0,1.0,0.0,120.0,50.26,738.6,116.52,0.3,0.3,18.08,28.93,16.76,37.06,76.05,95.91,32.46
2018-01-05 09:03:00,1,1,54.24,72.0,68.0,50.25,50.3,54.24,0.0,0.0,0.0,45.0,50.3,0.0,1.0,0.0,120.0,50.29,738.6,116.52,0.3,0.3,18.08,28.93,16.76,37.05,76.06,95.78,32.47
2018-01-05 09:04:00,1,1,54.27,72.0,68.0,50.28,50.33,54.27,0.0,0.0,0.0,45.0,50.33,0.0,1.0,0.0,120.0,50.32,738.6,116.52,0.3,0.3,18.08,28.92,16.76,37.05,76.08,95.65,32.47
2018-01-05 09:05:00,1,1,54.31,72.0,68.0,50.3,50.36,54.31,0.0,0.0,0.0,45.0,50.36,0.0,1.0,0.0,120.0,50.35,738.6,116.52,0.3,0.3,18.08,28.92,16.76,37.06,76.1,95.54,32.48
2018-01-05 09:06:00,1,1,54.34,72.0,68.0,50.33,50.38,54.34,0.0,0.0,0.0,45.0,50.38,0.0,1.0,0.0,120.0,50.38,738.6,116.52,0.3,0.3,18.08,28.91,16.76,37.06,76.12,95.43,32.48
2018-01-05 09:07:00,1,1,54.37,72.0,68.0,50.35,50.41,54.37,0.0,0.0,0.0,45.0,50.41,0.0,1.0,0.0,120.0,50.4,738.6,116.52,0.3,0.3,18.08,28.91,16.76,37.06,76.14,95.33,32.49
2018-01-05 09:08:00,1,1,54.39,72.0,68.0,50.37,50.43,54.39,0.0,0.0,0.0,45.0,50.43,0.0,1.0,0.0,120.0,50.43,738.6,116.52,0.3,0.3,18.08,28.9,16.76,37.07,76.16,95.24,32.5
2018-01-05 09:09:00,1,1,54.42,72.0,68.0,50.4,50.45,54.42,0.0,0.0,0.0,45.0,50.45,0.0,1.0,0.0,120.0,50.45,738.6,116.52,0.3,0.3,18.08,28.9,16.76,37.07,76.18,95.15,32.51
2018-01-05 09:10:00,1,1,54.44,72.0,68.0,50.41,50.47,54.44,0.0,0.0,0.0,45.0,50.47,0.0,1.0,0.0,120.0,50.47,738.6,116.52,0.3,0.3,18.08,28.9,16.76,37.08,76.2,95.07,32.52
2018-01-05 09:11:00,1,1,54.46,72.0,68.0,50.43,50.49,54.46,0.0,0.0,0.0,45.0,50.49,0.0,1.0,0.0,120.0,50.49,738.6,116.52,0.3,0.3,18.08,28.89,16.76,37.09,76.22,95.0,32.53
2018-01-05 09:12:00,1,1,54.48,72.0,68.0,50.45,50.51,54.48,0.0,0.0,0.0,45.0,50.51,0.0,1.0,0.0,120.0,50.51,738.6,116.52,0.3,0.3,18.08,28.89,16.76,37.09,76.23,94.93,32.54
2018-01-05 09:13:00,1,1,54.5,72.0,68.0,50.46,50.53,54.5,0.0,0.0,0.0,45.0,50.52,0.0,1.0,0.0,120.0,50.52,738.6,116.52,0.3,0.3,18.08,28.89,16.76,37.1,76.25,94.86,32.55
2018-01-05 09:14:00,1,1,54.52,72.0,68.0,50.48,50.54,54.52,0.0,0.0,0.0,45.0,50.54,0.0,1.0,0.0,120.0,50.54,738.6,116.52,0.3,0.3,18.08,28.88,16.76,37.11,76.27,94.8,32.56
2018-01-05 09:15:00,1,1,54.54,72.0,68.0,50.49,50.55,54.54,0.0,0.0,0.0,45.0,50.55,0.0,1.0,0.0,120.0,50.55,738.6,116.52,0.3,0.3,18.08,28.88,16.76,37.12,76.28,94.75,32.57
2018-01-05 09:16:00,1,1,54.55,72.0,68.0,50.5,50.57,54.55,0.0,0.0,0.0,45.0,50.57,0.0,1.0,0.0,120.0,50.56,738.6,116.52,0.3,0.3,18.08,28.88,16.76,37.13,76.3,94.69,32.58
2018-01-05 09:17:00,1,1,54.56,72.0,68.0,50.52,50.58,54.56,0.0,0.0,0.0,45.0,50.58,0.0,1.0,0.0,120.0,50.58,738.6,116.52,0.3,0.3,18.08,28.88,16.76,37.14,76.32,94.65,32.59
2018-01-05 09:18:00,1,1,54.58,72.0,68.0,50.53,50.59,54.58,0.0,0.0,0.0,45.0,50.59,0.0,1.0,0.0,120.0,50.59,738.6,116.52,0.3,0.3,18.08,28.88,16.76,37.15,76.33,94.6,32.6
2018-01-05 09:19:00,1,1,54.59,72.0,68.0,50.54,50.6,54.59,0.0,0.0,0.0,45.0,50.6,0.0,1.0,0.0,120.0,50.6,738.6,116.52,0.3,0.3,18.08,28.88,16.76,37.16,76.34,94.56,32.61
2018-01-05 09:20:00,1,1,54.6,72.0,68.0,50.54,50.61,54.6,0.0,0.0,0.0,45.0,50.61,0.0,1.0,0.0,120.0,50.61,738.6,116.52,0.3,0.3,18.08,28.87,16.76,37.17,76.36,94.52,32.62
2018-01-05 09:21:00,1,1,54.61,72.0,68.0,50.55,50.62,54.61,0.0,0.0,0.0,45.0,50.62,0.0,1.0,0.0,120.0,50.62,738.6,116.52,0.3,0.3,18.08,28.87,16.76,37.18,76.37,94.49,32.63
2018-01-05 09:22:00,1,1,54.62,72.0,68.0,50.56,50.63,54.62,0.0,0.0,0.0,45.0,50.63,0.0,1.0,0.0,120.0,50.63,738.6,116.52,0.3,0.3,18.08,28.87,16.76,37.19,76.38,94.46,32.64
2018-01-05 09:23:00,1,1,54.63,72.0,68.0,50.57,50.63,54.63,0.0,0.0,0.0,45.0,50.63,0.0,1.0,0.0,120.0,50.63,738.6,116.52,0.3,0.3,18.08,28.87,16.76,37.2,76.4,94.43,32.66
2018-01-05 09:24:00,1,1,54.63,72.0,68.0,50.57,50.64,54.63,0.0,0.0,0.0,45.0,50.64,0.0,1.0,0.0,120.0,50.64,738.6,116.52,0.3,0.3,18.08,28.87,16.76,37.21,76.41,94.4,32.67
2018-01-05 09:25:00,1,1,54.64,72.0,68.0,50.58,50.65,54.64,0.0,0.0,0.0,45.0,50.65,0.0,1.0,0.0,120.0,50.65,738.6,116.52,0.3,0.3,18.08,28.87,16.76,37.22,76.42,94.38,32.68
2018-01-05 09:26:00,1,1,54.65,72.0,68.0,50.58,50.65,54.65,0.0,0.0,0.0,45.0,50.65,0.0,1.0,0.0,120.0,50.65,738.6,116.52,0.3,0.3,18.08,28.87,16.76,37.23,76.43,94.36,32.69
2018-01-05 09:27:00,1,1,54.65,72.0,68.0,50.59,50.66,54.65,0.0,0.0,0.0,45.0,50.66,0.0,1.0,0.0,120.0,50.66,738.6,116.52,0.3,0.3,18.08,28.87,16.76,37.24,76.43,94.34,32.7
2018-01-05 09:28:00,1,1,54.66,72.0,68.0,50.59,50.66,54.66,0.0,0.0,0.0,45.0,50.66,0.0,1.0,0.0,120.0,50.66,738.6,116.52,0.3,0.3,18.08,28.87,16.76,37.25,76.44,94.32,32.71
2018-01-05 09:29:00,1,1,54.66,72.0,68.0,50.59,50.66,54.66,0.0,0.0,0.0,45.0,50.66,0.0,1.0,0.0,120.0,50.66,738.6,116.52,0.3,0.3,18.08,28.87,16.76,37.26,76.45,94.31,32.72
2018-01-05 09:30:00,1,1,54.66,72.0,68.0,50.6,50.67,54.66,0.0,0.0,0.0,45.0,50.67,0.0,1.0,0.0,120.0,50.67,738.6,116.52,0.3,0.3,18.08,28.87,16.76,37.27,76.45,94.3,32.73
2018-01-05 09:31:00,1,1,54.66,72.0,68.0,50.6,50.67,54.66,0.0,0.0,0.0,45.0,50.67,0.0,1.0,0.0,120.0,50.67,738.6,116.52,0.3,0.3,18.08,28.87,16.76,37.28,76.46,94.29,32.74
2018-01-05 09:32:00,1,1,54.67,72.0,68.0,50.6,50.67,54.67,0.0,0.0,0.0,45.0,50.67,0.0,1.0,0.0,120.0,50.67,738.6,116.52,0.3,0.3,18.08,28.87,16.76,37.29,76.46,94.28,32.75
2018-01-05 09:33:00,1,1,54.67,72.0,68.0,50.6,50.67,54.67,0.0,0.0,0.0,45.0,50.67,0.0,1.0,0.0,120.0,50.67,738.6,116.52,0.3,0.3,18.08,28.87,16.76,37.3,76.47,94.28,32.76
2018-01-05 09:34:00,1,1,54.67,72.0,68.0,50.6,50.67,54.67,0.0,0.0,0.0,45.0,50.67,0.0,1.0,0.0,120.0,50.67,738.6,116.52,0.3,0.3,18.08,28.88,16.76,37.31,76.47,94.27,32.77
2018-01-05 09:35:00,1,1,54.67,72.0,68.0,50.6,50.67,54.67,0.0,0.0,0.0,45.0,50.67,0.0,1.0,0.0,120.0,50.67,738.6,116.52,0.3,0.3,18.08,28.88,16.76,37.32,76.47,94.27,32.78
2018-01-05 09:36:00,1,1,54.67,72.0,68.0,50.6,50.67,54.67,0.0,0.0,0.0,45.0,50.67,0.0,1.0,0.0,120.0,50.67,738.6,116.52,0.3,0.3,18.08,28.88,16.76,37.33,76.47,94.27,32.79
2018-01-05 09:37:00,1,1,54.67,72.0,68.0,50.6,50.67,54.67,0.0,0.0,0.0,45.0,50.67,0.0,1.0,0.0,120.0,50.67,738.6,116.52,0.3,0.3,18.08,28.88,16.76,37.34,76.47,94.27,32.8
2018-01-05 09:38:00,1,1,54.66,72.0,68.0,50.6,50.67,54.66,0.0,0.0,0.0,45.0,50.67,0.0,1.0,0.0,120.0,50.67,738.6,116.52,0.3,0.3,18.08,28.88,16.76,37.34,76.46,94.28,32.81
2018-01-05 09:39:00,1,1,54.66,72.0,68.0,50.6,50.67,54.66,0.0,0.0,0.0,45.0,50.67,0.0,1.0,0.0,120.0,50.67,738.6,116.52,0.3,0.3,18.08,28.88,16.76,37.35,76.46,94.28,32.81
2018-01-05 09:40:00,1,1,54.66,72.0,68.0,50.6,50.67,54.66,0.0,0.0,0.0,45.0,50.67,0.0,1.0,0.0,120.0,50.67,738.6,116.52,0.3,0.3,18.08,28.89,16.76,37.36,76.45,94.29,32.82
2018-01-05 09:41:00,1,1,54.66,72.0,68.0,50.59,50.67,54.66,0.0,0.0,0.0,45.0,50.67,0.0,1.0,0.0,120.0,50.67,738.6,116.52,0.3,0.3,18.08,28.89,16.76,37.37,76.45,94.29,32.83
2018-01-05 09:42:00,1,1,54.65,72.0,68.0,50.59,50.67,54.65,0.0,0.0,0.0,45.0,50.67,0.0,1.0,0.0,120.0,50.67,738.6,116.52,0.3,0.3,18.08,28.89,16.76,37.38,76.44,94.3,32.84
2018-01-05 09:43:00,1,1,54.65,72.0,68.0,50.59,50.66,54.65,0.0,0.0,0.0,45.0,50.66,0.0,1.0,0.0,120.0,50.66,738.6,116.52,0.3,0.3,18.08,28.89,16.76,37.38,76.43,94.31,32.84
2018-01-05 09:44:00,1,1,54.64,72.0,68.0,50.59,50.66,54.64,0.0,0.0,0.0,45.0,50.66,0.0,1.0,0.0,120.0,50.66,738.6,116.52,0.3,0.3,18.08,28.89,16.76,37.39,76.42,94.33,32.85
2018-01-05 09:45:00,1,1,54.64,72.0,68.0,50.58,50.66,54.64,0.0,0.0,0.0,45.0,50.66,0.0,1.0,0.0,120.0,50.66,738.6,116.52,0.3,0.3,18.08,28.9,16.76,37.4,76.41,94.34,32.86
2018-01-05 09:46:00,1,1,54.63,72.0,68.0,50.58,50.65,54.63,0.0,0.0,0.0,45.0,50.65,0.0,1.0,0.0,120.0,50.65,738.6,116.52,0.3,0.3,18.08,28.9,16.76,37.4,76.39,94.35,32.86
2018-01-05 09:47:00,1,1,54.63,72.0,68.0,50.57,50.65,54.63,0.0,0.0,0.0,45.0,50.65,0.0,1.0,0.0,120.0,50.65,738.6,116.52,0.3,0.3,18.08,28.9,16.76,37.41,76.38,94.37,32.87
2018-01-05 09:48:00,1,1,54.62,72.0,68.0,50.57,50.64,54.62,0.0,0.0,0.0,45.0,50.64,0.0,1.0,0.0,120.0,50.65,738.6,116.52,0.3,0.3,18.08,28.9,16.76,37.41,76.36,94.39,32.87
2018-01-05 09:49:00,1,1,54.62,72.0,68.0,50.57,50.64,54.62,0.0,0.0,0.0,45.0,50.64,0.0,1.0,0.0,120.0,50.64,738.6,116.52,0.3,0.3,18.08,28.91,16.76,37.42,76.34,94.4,32.88
2018-01-05 09:50:00,1,1,54.61,72.0,68.0,50.56,50.64,54.61,0.0,0.0,0.0,45.0,50.64,0.0,1.0,0.0,120.0,50.64,738.6,116.52,0.3,0.3,18.08,28.91,16.76,37.42,76.32,94.42,32.88
2018-01-05 09:51:00,1,1,54.6,72.0,68.0,50.56,50.63,54.6,0.0,0.0,0.0,45.0,50.63,0.0,1.0,0.0,120.0,50.63,738.6,116.52,0.3,0.3,18.08,28.91,16.76,37.42,76.3,94.44,32.89
2018-01-05 09:52:00,1,1,54.6,72.0,68.0,50.55,50.63,54.6,0.0,0.0,0.0,45.0,50.63,0.0,1.0,0.0,120.0,50.63,738.6,116.52,0.3,0.3,18.08,28.92,16.76,37.43,76.28,94.46,32.89
2018-01-05 09:53:00,1,1,54.59,72.0,68.0,50.54,50.62,54.59,0.0,0.0,0.0,45.0,50.62,0.0,1.0,0.0,120.0,50.62,738.6,116.52,0.3,0.3,18.08,28.92,16.76,37.43,76.25,94.48,32.89
2018-01-05 09:54:00,1,1,54.58,72.0,68.0,50.54,50.61,54.58,0.0,0.0,0.0,45.0,50.61,0.0,1.0,0.0,120.0,50.62,738.6,116.52,0.3,0.3,18.08,28.92,16.76,37.43,76.23,94.5,32.9
2018-01-05 09:55:00,1,1,54.58,72.0,68.0,50.53,50.61,54.58,0.0,0.0,0.0,45.0,50.61,0.0,1.0,0.0,120.0,50.61,738.6,116.52,0.3,0.3,18.08,28.92,16.76,37.43,76.2,94.53,32.9
2018-01-05 09:56:00,1,1,54.57,72.0,68.0,50.53,50.6,54.57,0.0,0.0,0.0,45.0,50.6,0.0,1.0,0.0,120.0,50.6,738.6,116.52,0.3,0.3,18.08,28.93,16.76,37.44,76.17,94.55,32.9
2018-01-05 09:57:00,1,1,54.56,72.0,68.0,50.52,50.6,54.56,0.0,0.0,0.0,45.0,50.6,0.0,1.0,0.0,120.0,50.6,738.6,116.52,0.3,0.3,18.08,28.93,16.76,37.44,76.14,94.58,32.9
2018-01-05 09:58:00,1,1,54.55,72.0,68.0,50.51,50.59,54.55,0.0,0.0,0.0,45.0,50.59,0.0,1.0,0.0,120.0,50.59,738.6,116.52,0.3,0.3,18.08,28.93,16.76,37.44,76.11,94.6,32.9
2018-01-05 09:59:00,1,1,54.54,72.0,68.0,50.51,50.58,54.54,0.0,0.0,0.0,45.0,50.58,0.0,1.0,0.0,120.0,50.59,738.6,116.52,0.3,0.3,18.08,28.94,16.76,37.43,76.07,94.63,32.9
2018-01-05 10:00:00,1,1,54.54,72.0,68.0,50.5,50.58,54.54,0.0,0.0,0.0,45.0,50.58,0.0,1.0,0.0,120.0,50.58,738.6,116.52,0.3,0.3,18.08,28.94,16.76,37.43,76.03,94.65,32.9
2018-01-05 10:01:00,1,1,54.53,72.0,68.0,50.49,50.57,54.53,0.0,0.0,0.0,45.0,50.57,0.0,1.0,0.0,120.0,50.57,738.6,116.52,0.3,0.3,18.08,28.94,16.76,37.43,75.95,94.68,32.9
2018-01-05 10:02:00,1,1,54.52,72.0,68.0,50.49,50.56,54.52,0.0,0.0,0.0,45.0,50.56,0.0,1.0,0.0,120.0,50.57,738.6,116.52,0.3,0.3,18.08,28.94,16.76,37.42,75.84,94.7,32.89
2018-01-05 10:03:00,1,1,54.51,72.0,68.0,50.48,50.56,54.51,0.0,0.0,0.0,45.0,50.56,0.0,1.0,0.0,120.0,50.56,738.6,116.52,0.3,0.3,18.08,28.95,16.76,37.4,75.72,94.73,32.89
2018-01-05 10:04:00,1,1,54.51,72.0,68.0,50.48,50.55,54.51,0.0,0.0,0.0,45.0,50.55,0.0,1.0,0.0,120.0,50.55,738.6,116.52,0.3,0.3,18.08,28.95,16.76,37.39,75.6,94.75,32.88
2018-01-05 10:05:00,1,1,54.5,72.0,68.0,50.47,50.55,54.5,0.0,0.0,0.0,45.0,50.55,0.0,1.0,0.0,120.0,50.55,738.6,116.52,0.3,0.3,18.08,28.95,16.76,37.37,75.48,94.77,32.87
2018-01-05 10:06:00,1,1,54.5,72.0,68.0,50.47,50.54,54.5,0.0,0.0,0.0,45.0,50.54,0.0,1.0,0.0,120.0,50.55,738.6,116.52,0.3,0.3,18.08,28.95,16.76,37.35,75.35,94.78,32.85
2018-01-05 10:07:00,1,1,54.49,72.0,68.0,50.47,50.54,54.49,0.0,0.0,0.0,45.0,50.54,0.0,1.0,0.0,120.0,50.54,738.6,116.52,0.3,0.3,18.08,28.96,16.76,37.33,75.23,94.8,32.84
2018-01-05 10:08:00,1,1,54.49,72.0,68.0,50.46,50.54,54.49,0.0,0.0,0.0,45.0,50.54,0.0,1.0,0.0,120.0,50.54,738.6,116.52,0.3,0.3,18.08,28.96,16.76,37.3,75.1,94.81,32.82
2018-01-05 10:09:00,1,1,54.48,72.0,68.0,50.46,50.53,54.48,0.0,0.0,0.0,45.0,50.53,0.0,1.0,0.0,120.0,50.53,738.6,116.52,0.3,0.3,18.08,28.96,16.76,37.28,74.98,94.83,32.8
2018-01-05 10:10:00,1,1,54.48,72.0,68.0,50.46,50.53,54.48,0.0,0.0,0.0,45.0,50.53,0.0,1.0,0.0,120.0,50.53,738.6,116.52,0.3,0.3,18.08,28.96,16.76,37.25,74.85,94.84,32.78
2018-01-05 10:11:00,1,1,54.48,72.0,68.0,50.45,50.53,54.48,0.0,0.0,0.0,45.0,50.53,0.0,1.0,0.0,120.0,50.53,738.6,116.52,0.3,0.3,18.08,28.97,16.76,37.22,74.72,94.85,32.76
2018-01-05 10:12:00,1,1,54.47,72.0,68.0,50.45,50.53,54.47,0.0,0.0,0.0,45.0,50.53,0.0,1.0,0.0,120.0,50.53,738.6,116.52,0.3,0.3,18.08,28.97,16.76,37.19,74.59,94.86,32.74
2018-01-05 10:13:00,1,1,54.47,72.0,68.0,50.45,50.52,54.47,0.0,0.0,0.0,45.0,50.52,0.0,1.0,0.0,120.0,50.52,738.6,116.52,0.3,0.3,18.08,28.97,16.76,37.15,74.46,94.87,32.71
2018-01-05 10:14:00,1,1,54.47,72.0,68.0,50.45,50.52,54.47,0.0,0.0,0.0,45.0,50.52,0.0,1.0,0.0,120.0,50.52,738.6,116.52,0.3,0.3,18.08,28.97,16.76,37.12,74.33,94.87,32.69
2018-01-05 10:15:00,1,1,54.46,72.0,68.0,50.45,50.52,54.46,0.0,0.0,0.0,45.0,50.52,0.0,1.0,0.0,120.0,50.52,738.6,116.52,0.3,0.3,18.08,28.97,16.76,37.09,74.2,94.88,32.66
2018-01-05 10:16:00,1,1,54.46,72.0,68.0,50.45,50.52,54.46,0.0,0.0,0.0,45.0,50.52,0.0,1.0,0.0,120.0,50.52,738.6,116.52,0.3,0.3,18.08,28.98,16.76,37.05,74.06,94.89,32.63
2018-01-05 10:17:00,1,1,54.46,72.0,68.0,50.44,50.52,54.46,0.0,0.0,0.0,45.0,50.52,0.0,1.0,0.0,120.0,50.52,738.6,116.52,0.3,0.3,18.08,28.98,16.76,37.01,73.93,94.89,32.6
2018-01-05 10:18:00,1,1,54.46,72.0,68.0,50.44,50.52,54.46,0.0,0.0,0.0,45.0,50.52,0.0,1.0,0.0,120.0,50.52,738.6,116.52,0.3,0.3,18.08,28.98,16.76,36.97,73.8,94.9,32.57
2018-01-05 10:19:00,1,1,54.46,72.0,68.0,50.44,50.51,54.46,0.0,0.0,0.0,45.0,50.51,0.0,1.0,0.0,120.0,50.52,738.6,116.52,0.3,0.3,18.08,28.98,16.76,36.93,73.66,94.9,32.54
2018-01-05 10:20:00,1,1,54.46,72.0,68.0,50.44,50.51,54.46,0.0,0.0,0.0,45.0,50.51,0.0,1.0,0.0,120.0,50.51,738.6,116.52,0.3,0.3,18.08,28.98,16.76,36.89,73.53,94.91,32.5
2018-01-05 10:21:00,1,1,54.45,72.0,68.0,50.44,50.51,54.45,0.0,0.0,0.0,45.0,50.51,0.0,1.0,0.0,120.0,50.51,738.6,116.52,0.3,0.3,18.08,28.99,16.76,36.85,73.39,94.91,32.47
2018-01-05 10:22:00,1,1,54.45,72.0,68.0,50.44,50.51,54.45,0.0,0.0,0.0,45.0,50.51,0.0,1.0,0.0,120.0,50.51,738.6,116.52,0.3,0.3,18.08,28.99,16.76,36.81,73.26,94.92,32.44
2018-01-05 10:23:00,1,1,54.45,72.0,68.0,50.44,50.51,54.45,0.0,0.0,0.0,45.0,50.51,0.0,1.0,0.0,120.0,50.51,738.6,116.52,0.3,0.3,18.08,28.99,16.76,36.76,73.13,94.92,32.4
2018-01-05 10:24:00,1,1,54.45,72.0,68.0,50.44,50.51,54.45,0.0,0.0,0.0,45.0,50.51,0.0,1.0,0.0,120.0,50.51,738.6,116.52,0.3,0.3,18.08,28.99,16.76,36.72,72.99,94.92,32.37
2018-01-05 10:25:00,1,1,54.45,72.0,68.0,50.44,50.51,54.45,0.0,0.0,0.0,45.0,50.51,0.0,1.0,0.0,120.0,50.51,738.6,116.52,0.3,0.3,18.08,28.99,16.76,36.67,72.86,94.92,32.33
2018-01-05 10:26:00,1,1,54.45,72.0,68.0,50.44,50.51,54.45,0.0,0.0,0.0,45.0,50.51,0.0,1.0,0.0,120.0,50.51,738.6,116.52,0.3,0.3,18.08,28.99,16.76,36.63,72.72,94.93,32.29
2018-01-05 10:27:00,1,1,54.45,72.0,68.0,50.44,50.51,54.45,0.0,0.0,0.0,45.0,50.51,0.0,1.0,0.0,120.0,50.51,738.6,116.52,0.3,0.3,18.08,28.99,16.76,36.58,72.59,94.93,32.25
2018-01-05 10:28:00,1,1,54.45,72.0,68.0,50.44,50.51,54.45,0.0,0.0,0.0,45.0,50.51,0.0,1.0,0.0,120.0,50.51,738.6,116.52,0.3,0.3,18.08,28.99,16.76,36.54,72.46,94.93,32.22
2018-01-05 10:29:00,1,1,54.45,72.0,68.0,50.43,50.51,54.45,0.0,0.0,0.0,45.0,50.51,0.0,1.0,0.0,120.0,50.51,738.6,116.52,0.3,0.3,18.08,29.0,16.76,36.49,72.33,94.93,32.18
2018-01-05 10:30:00,1,1,54.45,72.0,68.0,50.43,50.51,54.45,0.0,0.0,0.0,45.0,50.51,0.0,1.0,0.0,120.0,50.51,738.6,116.52,0.3,0.3,18.08,29.0,16.76,36.44,72.2,94.94,32.14
2018-01-05 10:31:00,1,1,54.45,72.0,68.0,50.43,50.51,54.45,0.0,0.0,0.0,45.0,50.51,0.0,1.0,0.0,120.0,50.51,738.6,116.52,0.3,0.3,18.08,29.0,16.76,36.4,72.07,94.94,32.1
2018-01-05 10:32:00,1,1,54.44,72.0,68.0,50.43,50.51,54.44,0.0,0.0,0.0,45.0,50.51,0.0,1.0,0.0,120.0,50.51,738.6,116.52,0.3,0.3,18.08,29.0,16.76,36.35,71.94,94.94,32.06
2018-01-05 10:33:00,1,1,54.44,72.0,68.0,50.43,50.51,54.44,0.0,0.0,0.0,45.0,50.51,0.0,1.0,0.0,120.0,50.51,738.6,116.52,0.3,0.3,18.08,29.0,16.76,36.3,71.81,94.94,32.02
2018-01-05 10:34:00,1,1,54.44,72.0,68.0,50.43,50.51,54.44,0.0,0.0,0.0,45.0,50.51,0.0,1.0,0.0,120.0,50.51,738.6,116.52,0.3,0.3,18.08,29.0,16.76,36.25,71.68,94.94,31.98
2018-01-05 10:35:00,1,1,54.44,72.0,68.0,50.43,50.5,54.44,0.0,0.0,0.0,45.0,50.5,0.0,1.0,0.0,120.0,50.5,738.6,116.52,0.3,0.3,18.08,29.0,16.76,36.2,71.55,94.94,31.93
2018-01-05 10:36:00,1,1,54.44,72.0,68.0,50.43,50.5,54.44,0.0,0.0,0.0,45.0,50.5,0.0,1.0,0.0,120.0,50.5,738.6,116.52,0.3,0.3,18.08,29.0,16.76,36.15,71.43,94.95,31.89
2018-01-05 10:37:00,1,1,54.44,72.0,68.0,50.43,50.5,54.44,0.0,0.0,0.0,45.0,50.5,0.0,1.0,0.0,120.0,50.5,738.6,116.52,0.3,0.3,18.08,29.0,16.76,36.1,71.3,94.95,31.85
2018-01-05 10:38:00,1,1,54.44,72.0,68.0,50.43,50.5,54.44,0.0,0.0,0.0,45.0,50.5,0.0,1.0,0.0,120.0,50.5,738.6,116.52,0.3,0.3,18.08,29.0,16.76,36.05,71.18,94.95,31.81
2018-01-05 10:39:00,1,1,54.44,72.0,68.0,50.43,50.5,54.44,0.0,0.0,0.0,45.0,50.5,0.0,1.0,0.0,120.0,50.5,738.6,116.52,0.3,0.3,18.08,29.0,16.76,36.0,71.06,94.95,31.77
2018-01-05 10:40:00,1,1,54.44,72.0,68.0,50.43,50.5,54.44,0.0,0.0,0.0,45.0,50.5,0.0,1.0,0.0,120.0,50.5,738.6,116.52,0.3,0.3,18.08,29.0,16.76,35.95,70.94,94.95,31.72
2018-01-05 10:41:00,1,1,54.44,72.0,68.0,50.43,50.5,54.44,0.0,0.0,0.0,45.0,50.5,0.0,1.0,0.0,120.0,50.5,738.6,116.52,0.3,0.3,18.08,29.0,16.76,35.91,70.82,94.95,31.68
2018-01-05 10:42:00,1,1,54.44,72.0,68.0,50.43,50.5,54.44,0.0,0.0,0.0,45.0,50.5,0.0,1.0,0.0,120.0,50.5,738.6,116.52,0.3,0.3,18.08,28.99,16.76,35.86,70.71,94.96,31.64
2018-01-05 10:43:00,1,1,54.44,72.0,68.0,50.43,50.5,54.44,0.0,0.0,0.0,45.0,50.5,0.0,1.0,0.0,120.0,50.5,738.6,116.52,0.3,0.3,18.08,28.99,16.76,35.81,70.59,94.96,31.6
2018-01-05 10:44:00,1,1,54.44,72.0,68.0,50.43,50.5,54.44,0.0,0.0,0.0,45.0,50.5,0.0,1.0,0.0,120.0,50.5,738.6,116.52,0.3,0.3,18.08,28.99,16.76,35.76,70.48,94.96,31.56
2018-01-05 10:45:00,1,1,54.44,72.0,68.0,50.43,50.5,54.44,0.0,0.0,0.0,45.0,50.5,0.0,1.0,0.0,120.0,50.5,738.6,116.52,0.3,0.3,18.08,28.99,16.76,35.71,70.37,94.96,31.51
2018-01-05 10:46:00,1,1,54.44,72.0,68.0,50.43,50.5,54.44,0.0,0.0,0.0,45.0,50.5,0.0,1.0,0.0,120.0,50.5,738.6,116.52,0.3,0.3,18.08,28.99,16.76,35.66,70.26,94.96,31.47
2018-01-05 10:47:00,1,1,54.44,72.0,68.0,50.43,50.5,54.44,0.0,0.0,0.0,45.0,50.5,0.0,1.0,0.0,120.0,50.5,738.6,116.52,0.3,0.3,18.08,28.99,16.76,35.61,70.16,94.96,31.43
2018-01-05 10:48:00,1,1,54.44,72.0,68.0,50.43,50.5,54.44,0.0,0.0,0.0,45.0,50.5,0.0,1.0,0.0,120.0,50.5,738.6,116.52,0.3,0.3,18.08,28.98,16.76,35.56,70.05,94.97,31.39
2018-01-05 10:49:00,1,1,54.44,72.0,68.0,50.43,50.5,54.44,0.0,0.0,0.0,45.0,50.5,0.0,1.0,0.0,120.0,50.5,738.6,116.52,0.3,0.3,18.08,28.98,16.76,35.52,69.95,94.97,31.35
2018-01-05 10:50:00,1,1,54.44,72.0,68.0,50.43,50.5,54.44,0.0,0.0,0.0,45.0,50.5,0.0,1.0,0.0,120.0,50.5,738.6,116.52,0.3,0.3,18.08,28.98,16.76,35.47,69.85,94.97,31.3
2018-01-05 10:51:00,1,1,54.44,72.0,68.0,50.42,50.5,54.44,0.0,0.0,0.0,45.0,50.5,0.0,1.0,0.0,120.0,50.5,738.6,116.52,0.3,0.3,18.08,28.98,16.76,35.42,69.76,94.97,31.26
2018-01-05 10:52:00,1,1,54.44,72.0,68.0,50.42,50.5,54.44,0.0,0.0,0.0,45.0,50.5,0.0,1.0,0.0,120.0,50.5,738.6,116.52,0.3,0.3,18.08,28.97,16.76,35.37,69.66,94.98,31.22
2018-01-05 10:53:00,1,1,54.44,72.0,68.0,50.42,50.5,54.44,0.0,0.0,0.0,45.0,50.5,0.0,1.0,0.0,120.0,50.5,738.6,116.52,0.3,0.3,18.08,28.97,16.76,35.33,69.57,94.98,31.18
2018-01-05 10:54:00,1,1,54.44,72.0,68.0,50.42,50.5,54.44,0.0,0.0,0.0,45.0,50.5,0.0,1.0,0.0,120.0,50.5,738.6,116.52,0.3,0.3,18.08,28.97,16.76,35.28,69.48,94.98,31.14
2018-01-05 10:55:00,1,1,54.44,72.0,68.0,50.42,50.49,54.44,0.0,0.0,0.0,45.0,50.49,0.0,1.0,0.0,120.0,50.49,738.6,116.52,0.3,0.3,18.08,28.96,16.76,35.24,69.4,94.99,31.1
2018-01-05 10:56:00,1,1,54.44,72.0,68.0,50.42,50.49,54.44,0.0,0.0,0.0,45.0,50.49,0.0,1.0,0.0,120.0,50.49,738.6,116.52,0.3,0.3,18.08,28.96,16.76,35.19,69.32,94.99,31.06
2018-01-05 10:57:00,1,1,54.44,72.0,68.0,50.42,50.49,54.44,0.0,0.0,0.0,45.0,50.49,0.0,1.0,0.0,120.0,50.49,738.6,116.52,0.3,0.3,18.08,28.96,16.76,35.15,69.24,94.99,31.02
2018-01-05 10:58:00,1,1,54.44,72.0,68.0,50.42,50.49,54.44,0.0,0.0,0.0,45.0,50.49,0.0,1.0,0.0,120.0,50.49,738.6,116.52,0.3,0.3,18.08,28.95,16.76,35.11,69.16,95.0,30.98
2018-01-05 10:59:00,1,1,54.44,72.0,68.0,50.42,50.49,54.44,0.0,0.0,0.0,45.0,50.49,0.0,1.0,0.0,120.0,50.49,738.6,116.52,0.3,0.3,18.08,28.95,16.76,35.06,69.09,95.0,30.94
2018-01-05 11:00:00,1,1,54.44,72.0,68.0,50.42,50.49,54.44,0.0,0.0,0.0,45.0,50.49,0.0,1.0,0.0,120.0,50.49,738.6,116.52,0.3,0.3,18.08,28.94,16.76,35.02,69.02,95.0,30.91
2018-01-05 11:01:00,1,1,54.44,72.0,68.0,50.41,50.49,54.44,0.0,0.0,0.0,45.0,50.49,0.0,1.0,0.0,120.0,50.49,738.6,116.52,0.3,0.3,18.08,28.93,16.76,34.98,69.02,95.01,30.87
2018-01-05 11:02:00,1,1,54.43,72.0,68.0,50.41,50.49,54.43,0.0,0.0,0.0,45.0,50.49,0.0,1.0,0.0,120.0,50.49,738.6,116.52,0.3,0.3,18.08,28.91,16.76,34.95,69.07,95.02,30.83
2018-01-05 11:03:00,1,1,54.43,72.0,68.0,50.41,50.48,54.43,0.0,0.0,0.0,45.0,50.48,0.0,1.0,0.0,120.0,50.48,738.6,116.52,0.3,0.3,18.08,28.89,16.76,34.92,69.12,95.03,30.8
2018-01-05 11:04:00,1,1,54.43,72.0,68.0,50.41,50.48,54.43,0.0,0.0,0.0,45.0,50.48,0.0,1.0,0.0,120.0,50.48,738.6,116.52,0.3,0.3,18.08,28.87,16.76,34.9,69.18,95.04,30.77
2018-01-05 11:05:00,1,1,54.43,72.0,68.0,50.4,50.48,54.43,0.0,0.0,0.0,45.0,50.48,0.0,1.0,0.0,120.0,50.48,738.6,116.52,0.3,0.3,18.08,28.86,16.76,34.87,69.24,95.06,30.74
2018-01-05 11:06:00,1,1,54.43,72.0,68.0,50.4,50.47,54.43,0.0,0.0,0.0,45.0,50.47,0.0,1.0,0.0,120.0,50.47,738.6,116.52,0.3,0.3,18.08,28.84,16.76,34.85,69.3,95.07,30.72
2018-01-05 11:07:00,1,1,54.43,72.0,68.0,50.4,50.47,54.43,0.0,0.0,0.0,45.0,50.47,0.0,1.0,0.0,120.0,50.47,738.6,116.52,0.3,0.3,18.08,28.82,16.76,34.83,69.37,95.08,30.7
2018-01-05 11:08:00,1,1,54.43,72.0,68.0,50.39,50.47,54.43,0.0,0.0,0.0,45.0,50.47,0.0,1.0,0.0,120.0,50.47,738.6,116.52,0.3,0.3,18.08,28.8,16.76,34.82,69.44,95.1,30.67
2018-01-05 11:09:00,1,1,54.43,72.0,68.0,50.39,50.46,54.43,0.0,0.0,0.0,45.0,50.46,0.0,1.0,0.0,120.0,50.46,738.6,116.52,0.3,0.3,18.08,28.78,16.76,34.8,69.52,95.11,30.65
2018-01-05 11:10:00,1,1,54.43,72.0,68.0,50.39,50.46,54.43,0.0,0.0,0.0,45.0,50.46,0.0,1.0,0.0,120.0,50.46,738.6,116.52,0.3,0.3,18.08,28.76,16.76,34.79,69.59,95.12,30.64
2018-01-05 11:11:00,1,1,54.43,72.0,68.0,50.38,50.46,54.43,0.0,0.0,0.0,45.0,50.46,0.0,1.0,0.0,120.0,50.46,738.6,116.52,0.3,0.3,18.08,28.74,16.76,34.78,69.67,95.14,30.62
2018-01-05 11:12:00,1,1,54.43,72.0,68.0,50.38,50.45,54.43,0.0,0.0,0.0,45.0,50.45,0.0,1.0,0.0,120.0,50.45,738.6,116.52,0.3,0.3,18.08,28.72,16.76,34.77,69.75,95.15,30.61
2018-01-05 11:13:00,1,1,54.43,72.0,68.0,50.37,50.45,54.43,0.0,0.0,0.0,45.0,50.45,0.0,1.0,0.0,120.0,50.45,738.6,116.52,0.3,0.3,18.08,28.7,16.76,34.76,69.84,95.17,30.59
2018-01-05 11:14:00,1,1,54.43,72.0,68.0,50.37,50.45,54.43,0.0,0.0,0.0,45.0,50.45,0.0,1.0,0.0,120.0,50.45,738.6,116.52,0.3,0.3,18.08,28.68,16.76,34.76,69.93,95.18,30.58
2018-01-05 11:15:00,1,1,54.43,72.0,68.0,50.37,50.44,54.43,0.0,0.0,0.0,45.0,50.44,0.0,1.0,0.0,120.0,50.44,738.6,116.52,0.3,0.3,18.08,28.66,16.76,34.75,70.02,95.2,30.57
2018-01-05 11:16:00,1,1,54.43,72.0,68.0,50.36,50.44,54.43,0.0,0.0,0.0,45.0,50.44,0.0,1.0,0.0,120.0,50.44,738.6,116.52,0.3,0.3,18.08,28.64,16.76,34.75,70.11,95.21,30.57
2018-01-05 11:17:00,1,1,54.43,72.0,68.0,50.36,50.43,54.43,0.0,0.0,0.0,45.0,50.43,0.0,1.0,0.0,120.0,50.44,738.6,116.52,0.3,0.3,18.08,28.62,16.76,34.75,70.2,95.23,30.56
2018-01-05 11:18:00,1,1,54.43,72.0,68.0,50.36,50.43,54.43,0.0,0.0,0.0,45.0,50.43,0.0,1.0,0.0,120.0,50.43,738.6,116.52,0.3,0.3,18.08,28.6,16.76,34.75,70.3,95.24,30.55
2018-01-05 11:19:00,1,1,54.43,72.0,68.0,50.35,50.43,54.43,0.0,0.0,0.0,45.0,50.43,0.0,1.0,0.0,120.0,50.43,738.6,116.52,0.3,0.3,18.08,28.58,16.76,34.75,70.4,95.26,30.55
2018-01-05 11:20:00,1,1,54.43,72.0,68.0,50.35,50.42,54.43,0.0,0.0,0.0,45.0,50.42,0.0,1.0,0.0,120.0,50.42,738.6,116.52,0.3,0.3,18.08,28.56,16.76,34.76,70.5,95.27,30.55
2018-01-05 11:21:00,1,1,54.42,72.0,68.0,50.34,50.42,54.42,0.0,0.0,0.0,45.0,50.42,0.0,1.0,0.0,120.0,50.42,738.6,116.52,0.3,0.3,18.08,28.54,16.76,34.76,70.6,95.29,30.55
2018-01-05 11:22:00,1,1,54.42,72.0,68.0,50.34,50.42,54.42,0.0,0.0,0.0,45.0,50.42,0.0,1.0,0.0,120.0,50.42,738.6,116.52,0.3,0.3,18.08,28.52,16.76,34.77,70.71,95.3,30.55
2018-01-05 11:23:00,1,1,54.42,72.0,68.0,50.34,50.41,54.42,0.0,0.0,0.0,45.0,50.41,0.0,1.0,0.0,120.0,50.41,738.6,116.52,0.3,0.3,18.08,28.5,16.76,34.77,70.81,95.32,30.55
2018-01-05 11:24:00,1,1,54.42,72.0,68.0,50.33,50.41,54.42,0.0,0.0,0.0,45.0,50.41,0.0,1.0,0.0,120.0,50.41,738.6,116.52,0.3,0.3,18.08,28.49,16.76,34.78,70.92,95.33,30.55
2018-01-05 11:25:00,1,1,54.42,72.0,68.0,50.33,50.4,54.42,0.0,0.0,0.0,45.0,50.4,0.0,1.0,0.0,120.0,50.41,738.6,116.52,0.3,0.3,18.08,28.47,16.76,34.79,71.03,95.35,30.55
2018-01-05 11:26:00,1,1,54.42,72.0,68.0,50.33,50.4,54.42,0.0,0.0,0.0,45.0,50.4,0.0,1.0,0.0,120.0,50.4,738.6,116.52,0.3,0.3,18.08,28.45,16.76,34.8,71.14,95.36,30.55
2018-01-05 11:27:00,1,1,54.42,72.0,68.0,50.32,50.4,54.42,0.0,0.0,0.0,45.0,50.4,0.0,1.0,0.0,120.0,50.4,738.6,116.52,0.3,0.3,18.08,28.43,16.76,34.81,71.25,95.38,30.56
2018-01-05 11:28:00,1,1,54.42,72.0,68.0,50.32,50.39,54.42,0.0,0.0,0.0,45.0,50.39,0.0,1.0,0.0,120.0,50.39,738.6,116.52,0.3,0.3,18.08,28.41,16.76,34.83,71.36,95.4,30.56
2018-01-05 11:29:00,1,1,54.42,72.0,68.0,50.31,50.39,54.42,0.0,0.0,0.0,45.0,50.39,0.0,1.0,0.0,120.0,50.39,738.6,116.52,0.3,0.3,18.08,28.39,16.76,34.84,71.48,95.41,30.57
2018-01-05 11:30:00,1,1,54.42,72.0,68.0,50.31,50.39,54.42,0.0,0.0,0.0,45.0,50.39,0.0,1.0,0.0,120.0,50.39,738.6,116.52,0.3,0.3,18.08,28.37,16.76,34.85,71.59,95.43,30.58
2018-01-05 11:31:00,1,1,54.41,72.0,68.0,50.31,50.38,54.41,0.0,0.0,0.0,45.0,50.38,0.0,1.0,0.0,120.0,50.38,738.6,116.52,0.3,0.3,18.08,28.36,16.76,34.87,71.71,95.44,30.59
2018-01-05 11:32:00,1,1,54.41,72.0,68.0,50.3,50.38,54.41,0.0,0.0,0.0,45.0,50.38,0.0,1.0,0.0,120.0,50.38,738.6,116.52,0.3,0.3,18.08,28.34,16.76,34.88,71.83,95.46,30.59
2018-01-05 11:33:00,1,1,54.41,72.0,68.0,50.3,50.37,54.41,0.0,0.0,0.0,45.0,50.37,0.0,1.0,0.0,120.0,50.37,738.6,116.52,0.3,0.3,18.08,28.32,16.76,34.9,71.94,95.47,30.6
2018-01-05 11:34:00,1,1,54.41,72.0,68.0,50.3,50.37,54.41,0.0,0.0,0.0,45.0,50.37,0.0,1.0,0.0,120.0,50.37,738.6,116.52,0.3,0.3,18.08,28.31,16.76,34.92,72.06,95.49,30.61
2018-01-05 11:35:00,1,1,54.41,72.0,68.0,50.29,50.37,54.41,0.0,0.0,0.0,45.0,50.37,0.0,1.0,0.0,120.0,50.37,738.6,116.52,0.3,0.3,18.08,28.29,16.76,34.93,72.18,95.5,30.62
2018-01-05 11:36:00,1,1,54.41,72.0,68.0,50.29,50.36,54.41,0.0,0.0,0.0,45.0,50.36,0.0,1.0,0.0,120.0,50.36,738.6,116.52,0.3,0.3,18.08,28.27,16.76,34.95,72.3,95.52,30.64
2018-01-05 11:37:00,1,1,54.41,72.0,68.0,50.28,50.36,54.41,0.0,0.0,0.0,45.0,50.36,0.0,1.0,0.0,120.0,50.36,738.6,116.52,0.3,0.3,18.08,28.26,16.76,34.97,72.42,95.53,30.65
2018-01-05 11:38:00,1,1,54.4,72.0,68.0,50.28,50.36,54.4,0.0,0.0,0.0,45.0,50.36,0.0,1.0,0.0,120.0,50.36,738.6,116.52,0.3,0.3,18.08,28.24,16.76,34.99,72.54,95.55,30.66
2018-01-05 11:39:00,1,1,54.4,72.0,68.0,50.28,50.35,54.4,0.0,0.0,0.0,45.0,50.35,0.0,1.0,0.0,120.0,50.35,738.6,116.52,0.3,0.3,18.08,28.23,16.76,35.01,72.66,95.56,30.67
2018-01-05 11:40:00,1,1,54.4,72.0,68.0,50.27,50.35,54.4,0.0,0.0,0.0,45.0,50.35,0.0,1.0,0.0,120.0,50.35,738.6,116.52,0.3,0.3,18.08,28.21,16.76,35.03,72.78,95.58,30.69
2018-01-05 11:41:00,1,1,54.4,72.0,68.0,50.27,50.34,54.4,0.0,0.0,0.0,45.0,50.34,0.0,1.0,0.0,120.0,50.35,738.6,116.52,0.3,0.3,18.08,28.2,16.76,35.05,72.9,95.59,30.7
2018-01-05 11:42:00,1,1,54.4,72.0,68.0,50.27,50.34,54.4,0.0,0.0,0.0,45.0,50.34,0.0,1.0,0.0,120.0,50.34,738.6,116.52,0.3,0.3,18.08,28.19,16.76,35.08,73.01,95.6,30.71
2018-01-05 11:43:00,1,1,54.4,72.0,68.0,50.26,50.34,54.4,0.0,0.0,0.0,45.0,50.34,0.0,1.0,0.0,120.0,50.34,738.6,116.52,0.3,0.3,18.08,28.17,16.76,35.1,73.13,95.62,30.73
2018-01-05 11:44:00,1,1,54.4,72.0,68.0,50.26,50.33,54.4,0.0,0.0,0.0,45.0,50.33,0.0,1.0,0.0,120.0,50.34,738.6,116.52,0.3,0.3,18.08,28.16,16.76,35.12,73.25,95.63,30.74
2018-01-05 11:45:00,1,1,54.39,72.0,68.0,50.26,50.33,54.39,0.0,0.0,0.0,45.0,50.33,0.0,1.0,0.0,120.0,50.33,738.6,116.52,0.3,0.3,18.08,28.15,16.76,35.14,73.37,95.65,30.76
2018-01-05 11:46:00,1,1,54.39,72.0,68.0,50.25,50.33,54.39,0.0,0.0,0.0,45.0,50.33,0.0,1.0,0.0,120.0,50.33,738.6,116.52,0.3,0.3,18.08,28.14,16.76,35.17,73.48,95.66,30.78
2018-01-05 11:47:00,1,1,54.39,72.0,68.0,50.25,50.32,54.39,0.0,0.0,0.0,45.0,50.32,0.0,1.0,0.0,120.0,50.33,738.6,116.52,0.3,0.3,18.08,28.13,16.76,35.19,73.6,95.67,30.79
2018-01-05 11:48:00,1,1,54.39,72.0,68.0,50.25,50.32,54.39,0.0,0.0,0.0,45.0,50.32,0.0,1.0,0.0,120.0,50.32,738.6,116.52,0.3,0.3,18.08,28.12,16.76,35.21,73.71,95.69,30.81
2018-01-05 11:49:00,1,1,54.39,72.0,68.0,50.24,50.32,54.39,0.0,0.0,0.0,45.0,50.32,0.0,1.0,0.0,120.0,50.32,738.6,116.52,0.3,0.3,18.08,28.11,16.76,35.24,73.83,95.7,30.82
2018-01-05 11:50:00,1,1,54.38,72.0,68.0,50.24,50.31,54.38,0.0,0.0,0.0,45.0,50.32,0.0,1.0,0.0,120.0,50.32,738.6,116.52,0.3,0.3,18.08,28.1,16.76,35.26,73.94,95.71,30.84
2018-01-05 11:51:00,1,1,54.38,72.0,68.0,50.24,50.31,54.38,0.0,0.0,0.0,45.0,50.31,0.0,1.0,0.0,120.0,50.31,738.6,116.52,0.3,0.3,18.08,28.09,16.76,35.28,74.05,95.72,30.86
2018-01-05 11:52:00,1,1,54.38,72.0,68.0,50.23,50.31,54.38,0.0,0.0,0.0,45.0,50.31,0.0,1.0,0.0,120.0,50.31,738.6,116.52,0.3,0.3,18.08,28.08,16.76,35.31,74.16,95.74,30.88
2018-01-05 11:53:00,1,1,54.38,72.0,68.0,50.23,50.31,54.38,0.0,0.0,0.0,45.0,50.31,0.0,1.0,0.0,120.0,50.31,738.6,116.52,0.3,0.3,18.08,28.07,16.76,35.33,74.26,95.75,30.89
2018-01-05 11:54:00,1,1,54.38,72.0,68.0,50.23,50.3,54.38,0.0,0.0,0.0,45.0,50.3,0.0,1.0,0.0,120.0,50.3,738.6,116.52,0.3,0.3,18.08,28.07,16.76,35.36,74.37,95.76,30.91
2018-01-05 11:55:00,1,1,54.37,72.0,68.0,50.23,50.3,54.37,0.0,0.0,0.0,45.0,50.3,0.0,1.0,0.0,120.0,50.3,738.6,116.52,0.3,0.3,18.08,28.06,16.76,35.38,74.47,95.77,30.93
2018-01-05 11:56:00,1,1,54.37,72.0,68.0,50.22,50.3,54.37,0.0,0.0,0.0,45.0,50.3,0.0,1.0,0.0,120.0,50.3,738.6,116.52,0.3,0.3,18.08,28.05,16.76,35.4,74.57,95.78,30.95
2018-01-05 11:57:00,1,1,54.37,72.0,68.0,50.22,50.29,54.37,0.0,0.0,0.0,45.0,50.29,0.0,1.0,0.0,120.0,50.3,738.6,116.52,0.3,0.3,18.08,28.05,16.76,35.43,74.67,95.79,30.96
2018-01-05 11:58:00,1,1,54.37,72.0,68.0,50.22,50.29,54.37,0.0,0.0,0.0,45.0,50.29,0.0,1.0,0.0,120.0,50.29,738.6,116.52,0.3,0.3,18.08,28.05,16.76,35.45,74.77,95.81,30.98
2018-01-05 11:59:00,1,1,54.37,72.0,68.0,50.22,50.29,54.37,0.0,0.0,0.0,45.0,50.29,0.0,1.0,0.0,120.0,50.29,738.6,116.52,0.3,0.3,18.08,28.04,16.76,35.48,74.87,95.82,31.0
2018-01-05 12:00:00,1,1,54.36,72.0,68.0,50.21,50.29,54.36,0.0,0.0,0.0,45.0,50.29,0.0,1.0,0.0,120.0,50.29,738.6,116.52,0.3,0.3,18.08,28.04,16.76,35.5,74.96,95.83,31.02
2018-01-05 12:01:00,1,1,54.36,72.0,68.0,50.21,50.29,54.36,0.0,0.0,0.0,45.0,50.29,0.0,1.0,0.0,120.0,50.29,738.6,116.52,0.3,0.3,18.08,28.05,16.76,35.52,74.99,95.83,31.03
2018-01-05 12:02:00,1,1,54.36,72.0,68.0,50.21,50.29,54.36,0.0,0.0,0.0,45.0,50.29,0.0,1.0,0.0,120.0,50.29,738.6,116.52,0.3,0.3,18.08,28.07,16.76,35.54,74.97,95.83,31.05
2018-01-05 12:03:00,1,1,54.35,72.0,68.0,50.21,50.29,54.35,0.0,0.0,0.0,45.0,50.29,0.0,1.0,0.0,120.0,50.29,738.6,116.52,0.3,0.3,18.08,28.09,16.76,35.55,74.96,95.83,31.06
2018-01-05 12:04:00,1,1,54.35,72.0,68.0,50.21,50.29,54.35,0.0,0.0,0.0,45.0,50.29,0.0,1.0,0.0,120.0,50.29,738.6,116.52,0.3,0.3,18.08,28.12,16.76,35.56,74.93,95.83,31.08
2018-01-05 12:05:00,1,1,54.34,72.0,68.0,50.21,50.29,54.34,0.0,0.0,0.0,45.0,50.29,0.0,1.0,0.0,120.0,50.29,738.6,116.52,0.3,0.3,18.08,28.14,16.76,35.57,74.91,95.83,31.09
2018-01-05 12:06:00,1,1,54.34,72.0,68.0,50.21,50.29,54.34,0.0,0.0,0.0,45.0,50.29,0.0,1.0,0.0,120.0,50.29,738.6,116.52,0.3,0.3,18.08,28.16,16.76,35.58,74.88,95.83,31.1
2018-01-05 12:07:00,1,1,54.33,72.0,68.0,50.21,50.28,54.33,0.0,0.0,0.0,45.0,50.29,0.0,1.0,0.0,120.0,50.29,738.6,116.52,0.3,0.3,18.08,28.19,16.76,35.59,74.86,95.83,31.11
2018-01-05 12:08:00,1,1,54.33,72.0,68.0,50.21,50.28,54.33,0.0,0.0,0.0,45.0,50.28,0.0,1.0,0.0,120.0,50.28,738.6,116.52,0.3,0.3,18.08,28.21,16.76,35.6,74.82,95.84,31.11
2018-01-05 12:09:00,1,1,54.32,72.0,68.0,50.21,50.28,54.32,0.0,0.0,0.0,45.0,50.28,0.0,1.0,0.0,120.0,50.28,738.6,116.52,0.3,0.3,18.08,28.24,16.76,35.6,74.79,95.84,31.12
2018-01-05 12:10:00,1,1,54.32,72.0,68.0,50.21,50.28,54.32,0.0,0.0,0.0,45.0,50.28,0.0,1.0,0.0,120.0,50.28,738.6,116.52,0.3,0.3,18.08,28.26,16.76,35.61,74.76,95.84,31.12
2018-01-05 12:11:00,1,1,54.31,72.0,68.0,50.21,50.28,54.31,0.0,0.0,0.0,45.0,50.28,0.0,1.0,0.0,120.0,50.28,738.6,116.52,0.3,0.3,18.08,28.29,16.76,35.61,74.72,95.84,31.12
2018-01-05 12:12:00,1,1,54.31,72.0,68.0,50.21,50.28,54.31,0.0,0.0,0.0,45.0,50.28,0.0,1.0,0.0,120.0,50.28,738.6,116.52,0.3,0.3,18.08,28.32,16.76,35.61,74.68,95.85,31.13
2018-01-05 12:13:00,1,1,54.3,72.0,68.0,50.21,50.28,54.3,0.0,0.0,0.0,45.0,50.28,0.0,1.0,0.0,120.0,50.28,738.6,116.52,0.3,0.3,18.08,28.35,16.76,35.61,74.64,95.85,31.13
2018-01-05 12:14:00,1,1,54.29,72.0,68.0,50.21,50.28,54.29,0.0,0.0,0.0,45.0,50.28,0.0,1.0,0.0,120.0,50.28,738.6,116.52,0.3,0.3,18.08,28.38,16.76,35.61,74.6,95.85,31.13
2018-01-05 12:15:00,1,1,54.29,72.0,68.0,50.21,50.28,54.29,0.0,0.0,0.0,45.0,50.28,0.0,1.0,0.0,120.0,50.28,738.6,116.52,0.3,0.3,18.08,28.41,16.76,35.61,74.55,95.85,31.12
2018-01-05 12:16:00,1,1,54.28,72.0,68.0,50.21,50.28,54.28,0.0,0.0,0.0,45.0,50.28,0.0,1.0,0.0,120.0,50.28,738.6,116.52,0.3,0.3,18.08,28.44,16.76,35.6,74.51,95.86,31.12
2018-01-05 12:17:00,1,1,54.28,72.0,68.0,50.21,50.28,54.28,0.0,0.0,0.0,45.0,50.28,0.0,1.0,0.0,120.0,50.28,738.6,116.52,0.3,0.3,18.08,28.47,16.76,35.6,74.46,95.86,31.12
2018-01-05 12:18:00,1,1,54.27,72.0,68.0,50.21,50.28,54.27,0.0,0.0,0.0,45.0,50.28,0.0,1.0,0.0,120.0,50.28,738.6,116.52,0.3,0.3,18.08,28.5,16.76,35.59,74.41,95.86,31.11
2018-01-05 12:19:00,1,1,54.26,72.0,68.0,50.21,50.28,54.26,0.0,0.0,0.0,45.0,50.28,0.0,1.0,0.0,120.0,50.28,738.6,116.52,0.3,0.3,18.08,28.53,16.76,35.59,74.36,95.86,31.11
2018-01-05 12:20:00,1,1,54.26,72.0,68.0,50.2,50.28,54.26,0.0,0.0,0.0,45.0,50.28,0.0,1.0,0.0,120.0,50.28,738.6,116.52,0.3,0.3,18.08,28.56,16.76,35.58,74.31,95.87,31.1
2018-01-05 12:21:00,1,1,54.25,72.0,68.0,50.2,50.28,54.25,0.0,0.0,0.0,45.0,50.28,0.0,1.0,0.0,120.0,50.28,738.6,116.52,0.3,0.3,18.08,28.59,16.76,35.57,74.26,95.87,31.1
2018-01-05 12:22:00,1,1,54.24,72.0,68.0,50.2,50.28,54.24,0.0,0.0,0.0,45.0,50.28,0.0,1.0,0.0,120.0,50.28,738.6,116.52,0.3,0.3,18.08,28.63,16.76,35.56,74.21,95.87,31.09
2018-01-05 12:23:00,1,1,54.24,72.0,68.0,50.2,50.28,54.24,0.0,0.0,0.0,45.0,50.28,0.0,1.0,0.0,120.0,50.28,738.6,116.52,0.3,0.3,18.08,28.66,16.76,35.56,74.15,95.87,31.08
2018-01-05 12:24:00,1,1,54.23,72.0,68.0,50.2,50.28,54.23,0.0,0.0,0.0,45.0,50.28,0.0,1.0,0.0,120.0,50.28,738.6,116.52,0.3,0.3,18.08,28.69,16.76,35.55,74.1,95.87,31.07
2018-01-05 12:25:00,1,1,54.22,72.0,68.0,50.2,50.28,54.22,0.0,0.0,0.0,45.0,50.28,0.0,1.0,0.0,120.0,50.28,738.6,116.52,0.3,0.3,18.08,28.73,16.76,35.54,74.04,95.87,31.07
2018-01-05 12:26:00,1,1,54.22,72.0,68.0,50.2,50.28,54.22,0.0,0.0,0.0,45.0,50.28,0.0,1.0,0.0,120.0,50.28,738.6,116.52,0.3,0.3,18.08,28.76,16.76,35.53,73.99,95.87,31.06
2018-01-05 12:27:00,1,1,54.21,72.0,68.0,50.2,50.28,54.21,0.0,0.0,0.0,45.0,50.28,0.0,1.0,0.0,120.0,50.28,738.6,116.52,0.3,0.3,18.08,28.8,16.76,35.52,73.93,95.88,31.05
2018-01-05 12:28:00,1,1,54.2,72.0,68.0,50.2,50.28,54.2,0.0,0.0,0.0,45.0,50.28,0.0,1.0,0.0,120.0,50.28,738.6,116.52,0.3,0.3,18.08,28.83,16.76,35.5,73.87,95.88,31.04
2018-01-05 12:29:00,1,1,54.2,72.0,68.0,50.2,50.28,54.2,0.0,0.0,0.0,45.0,50.28,0.0,1.0,0.0,120.0,50.28,738.6,116.52,0.3,0.3,18.08,28.87,16.76,35.49,73.81,95.88,31.03
2018-01-05 12:30:00,1,1,54.19,72.0,68.0,50.2,50.28,54.19,0.0,0.0,0.0,45.0,50.28,0.0,1.0,0.0,120.0,50.28,738.6,116.52,0.3,0.3,18.08,28.9,16.76,35.48,73.75,95.87,31.02
2018-01-05 12:31:00,1,1,54.18,72.0,68.0,50.2,50.28,54.18,0.0,0.0,0.0,45.0,50.28,0.0,1.0,0.0,120.0,50.28,738.6,116.52,0.3,0.3,18.08,28.94,16.76,35.47,73.69,95.87,31.01
2018-01-05 12:32:00,1,1,54.18,72.0,68.0,50.2,50.28,54.18,0.0,0.0,0.0,45.0,50.28,0.0,1.0,0.0,120.0,50.28,738.6,116.52,0.3,0.3,18.08,28.97,16.76,35.46,73.63,95.87,31.0
2018-01-05 12:33:00,1,1,54.17,72.0,68.0,50.2,50.28,54.17,0.0,0.0,0.0,45.0,50.28,0.0,1.0,0.0,120.0,50.28,738.6,116.52,0.3,0.3,18.08,29.01,16.76,35.44,73.57,95.87,30.98
2018-01-05 12:34:00,1,1,54.17,72.0,68.0,50.2,50.28,54.17,0.0,0.0,0.0,45.0,50.28,0.0,1.0,0.0,120.0,50.28,738.6,116.52,0.3,0.3,18.08,29.05,16.76,35.43,73.51,95.87,30.97
2018-01-05 12:35:00,1,1,54.16,72.0,68.0,50.21,50.28,54.16,0.0,0.0,0.0,45.0,50.28,0.0,1.0,0.0,120.0,50.28,738.6,116.52,0.3,0.3,18.08,29.08,16.76,35.42,73.45,95.87,30.96
2018-01-05 12:36:00,1,1,54.15,72.0,68.0,50.21,50.28,54.15,0.0,0.0,0.0,45.0,50.28,0.0,1.0,0.0,120.0,50.28,738.6,116.52,0.3,0.3,18.08,29.12,16.76,35.4,73.39,95.86,30.95
2018-01-05 12:37:00,1,1,54.15,72.0,68.0,50.21,50.28,54.15,0.0,0.0,0.0,45.0,50.28,0.0,1.0,0.0,120.0,50.28,738.6,116.52,0.3,0.3,18.08,29.16,16.76,35.39,73.33,95.86,30.94
2018-01-05 12:38:00,1,1,54.14,72.0,68.0,50.21,50.28,54.14,0.0,0.0,0.0,45.0,50.28,0.0,1.0,0.0,120.0,50.28,738.6,116.52,0.3,0.3,18.08,29.19,16.76,35.38,73.27,95.86,30.93
2018-01-05 12:39:00,1,1,54.14,72.0,68.0,50.21,50.28,54.14,0.0,0.0,0.0,45.0,50.28,0.0,1.0,0.0,120.0,50.28,738.6,116.52,0.3,0.3,18.08,29.23,16.76,35.37,73.21,95.85,30.92
2018-01-05 12:40:00,1,1,54.13,72.0,68.0,50.21,50.28,54.13,0.0,0.0,0.0,45.0,50.28,0.0,1.0,0.0,120.0,50.28,738.6,116.52,0.3,0.3,18.08,29.27,16.76,35.35,73.15,95.85,30.91
2018-01-05 12:41:00,1,1,54.13,72.0,68.0,50.21,50.28,54.13,0.0,0.0,0.0,45.0,50.28,0.0,1.0,0.0,120.0,50.28,738.6,116.52,0.3,0.3,18.08,29.3,16.76,35.34,73.08,95.84,30.89
2018-01-05 12:42:00,1,1,54.12,72.0,68.0,50.21,50.28,54.12,0.0,0.0,0.0,45.0,50.28,0.0,1.0,0.0,120.0,50.28,738.6,116.52,0.3,0.3,18.08,29.34,16.76,35.33,73.02,95.84,30.88
2018-01-05 12:43:00,1,1,54.11,72.0,68.0,50.21,50.29,54.11,0.0,0.0,0.0,45.0,50.29,0.0,1.0,0.0,120.0,50.29,738.6,116.52,0.3,0.3,18.08,29.38,16.76,35.31,72.96,95.83,30.87
2018-01-05 12:44:00,1,1,54.11,72.0,68.0,50.22,50.29,54.11,0.0,0.0,0.0,45.0,50.29,0.0,1.0,0.0,120.0,50.29,738.6,116.52,0.3,0.3,18.08,29.42,16.76,35.3,72.9,95.82,30.86
2018-01-05 12:45:00,1,1,54.11,72.0,68.0,50.22,50.29,54.11,0.0,0.0,0.0,45.0,50.29,0.0,1.0,0.0,120.0,50.29,738.6,116.52,0.3,0.3,18.08,29.45,16.76,35.29,72.84,95.82,30.85
2018-01-05 12:46:00,1,1,54.1,72.0,68.0,50.22,50.29,54.1,0.0,0.0,0.0,45.0,50.29,0.0,1.0,0.0,120.0,50.29,738.6,116.52,0.3,0.3,18.08,29.49,16.76,35.28,72.78,95.81,30.84
2018-01-05 12:47:00,1,1,54.1,72.0,68.0,50.22,50.29,54.1,0.0,0.0,0.0,45.0,50.29,0.0,1.0,0.0,120.0,50.29,738.6,116.52,0.3,0.3,18.08,29.53,16.76,35.26,72.72,95.8,30.83
2018-01-05 12:48:00,1,1,54.09,72.0,68.0,50.23,50.3,54.09,0.0,0.0,0.0,45.0,50.3,0.0,1.0,0.0,120.0,50.3,738.6,116.52,0.3,0.3,18.08,29.57,16.76,35.25,72.67,95.79,30.82
2018-01-05 12:49:00,1,1,54.09,72.0,68.0,50.23,50.3,54.09,0.0,0.0,0.0,45.0,50.3,0.0,1.0,0.0,120.0,50.3,738.6,116.52,0.3,0.3,18.08,29.6,16.76,35.24,72.61,95.78,30.81
2018-01-05 12:50:00,1,1,54.08,72.0,68.0,50.23,50.3,54.08,0.0,0.0,0.0,45.0,50.3,0.0,1.0,0.0,120.0,50.3,738.6,116.52,0.3,0.3,18.08,29.64,16.76,35.23,72.55,95.77,30.8
2018-01-05 12:51:00,1,1,54.08,72.0,68.0,50.23,50.3,54.08,0.0,0.0,0.0,45.0,50.3,0.0,1.0,0.0,120.0,50.3,738.6,116.52,0.3,0.3,18.08,29.68,16.76,35.22,72.49,95.76,30.8
2018-01-05 12:52:00,1,1,54.08,72.0,68.0,50.24,50.31,54.08,0.0,0.0,0.0,45.0,50.31,0.0,1.0,0.0,120.0,50.31,738.6,116.52,0.3,0.3,18.08,29.72,16.76,35.21,72.44,95.75,30.79
2018-01-05 12:53:00,1,1,54.07,72.0,68.0,50.24,50.31,54.07,0.0,0.0,0.0,45.0,50.31,0.0,1.0,0.0,120.0,50.31,738.6,116.52,0.3,0.3,18.08,29.75,16.76,35.2,72.38,95.74,30.78
2018-01-05 12:54:00,1,1,54.07,72.0,68.0,50.24,50.31,54.07,0.0,0.0,0.0,45.0,50.31,0.0,1.0,0.0,120.0,50.31,738.6,116.52,0.3,0.3,18.08,29.79,16.76,35.19,72.33,95.73,30.77
2018-01-05 12:55:00,1,1,54.07,72.0,68.0,50.25,50.32,54.07,0.0,0.0,0.0,45.0,50.32,0.0,1.0,0.0,120.0,50.31,738.6,116.52,0.3,0.3,18.08,29.82,16.76,35.18,72.28,95.71,30.77
2018-01-05 12:56:00,1,1,54.07,72.0,68.0,50.25,50.32,54.07,0.0,0.0,0.0,45.0,50.32,0.0,1.0,0.0,120.0,50.32,738.6,116.52,0.3,0.3,18.08,29.86,16.76,35.17,72.22,95.7,30.76
2018-01-05 12:57:00,1,1,54.06,72.0,68.0,50.25,50.32,54.06,0.0,0.0,0.0,45.0,50.32,0.0,1.0,0.0,120.0,50.32,738.6,116.52,0.3,0.3,18.08,29.9,16.76,35.17,72.17,95.68,30.75
2018-01-05 12:58:00,1,1,54.06,72.0,68.0,50.26,50.33,54.06,0.0,0.0,0.0,45.0,50.33,0.0,1.0,0.0,120.0,50.32,738.6,116.52,0.3,0.3,18.08,29.93,16.76,35.16,72.12,95.67,30.75
2018-01-05 12:59:00,1,1,54.06,72.0,68.0,50.26,50.33,54.06,0.0,0.0,0.0,45.0,50.33,0.0,1.0,0.0,120.0,50.33,738.6,116.52,0.3,0.3,18.08,29.97,16.76,35.15,72.07,95.65,30.75
2018-01-05 13:00:00,1,1,54.06,72.0,68.0,50.26,50.33,54.06,0.0,0.0,0.0,45.0,50.33,0.0,1.0,0.0,120.0,50.33,738.6,116.52,0.3,0.3,18.08,30.0,16.76,35.15,72.02,95.64,30.74
2018-01-05 13:01:00,1,1,54.06,72.0,68.0,50.27,50.34,54.06,0.0,0.0,0.0,45.0,50.34,0.0,1.0,0.0,120.0,50.34,738.6,116.52,0.3,0.3,18.08,30.03,16.76,35.15,72.01,95.62,30.74
2018-01-05 13:02:00,1,1,54.06,72.0,68.0,50.27,50.34,54.06,0.0,0.0,0.0,45.0,50.34,0.0,1.0,0.0,120.0,50.34,738.6,116.52,0.3,0.3,18.08,30.05,16.76,35.15,72.02,95.61,30.74
2018-01-05 13:03:00,1,1,54.06,72.0,68.0,50.28,50.34,54.06,0.0,0.0,0.0,45.0,50.34,0.0,1.0,0.0,120.0,50.34,738.6,116.52,0.3,0.3,18.08,30.07,16.76,35.15,72.04,95.59,30.74
2018-01-05 13:04:00,1,1,54.06,72.0,68.0,50.28,50.35,54.06,0.0,0.0,0.0,45.0,50.35,0.0,1.0,0.0,120.0,50.35,738.6,116.52,0.3,0.3,18.08,30.09,16.76,35.16,72.05,95.57,30.75
2018-01-05 13:05:00,1,1,54.06,72.0,68.0,50.29,50.35,54.06,0.0,0.0,0.0,45.0,50.35,0.0,1.0,0.0,120.0,50.35,738.6,116.52,0.3,0.3,18.08,30.11,16.76,35.17,72.06,95.55,30.76
2018-01-05 13:06:00,1,1,54.07,72.0,68.0,50.29,50.36,54.07,0.0,0.0,0.0,45.0,50.36,0.0,1.0,0.0,120.0,50.36,738.6,116.52,0.3,0.3,18.08,30.13,16.76,35.18,72.08,95.53,30.77
2018-01-05 13:07:00,1,1,54.07,72.0,68.0,50.3,50.37,54.07,0.0,0.0,0.0,45.0,50.37,0.0,1.0,0.0,120.0,50.37,738.6,116.52,0.3,0.3,18.08,30.15,16.76,35.19,72.1,95.5,30.78
2018-01-05 13:08:00,1,1,54.08,72.0,68.0,50.31,50.37,54.08,0.0,0.0,0.0,45.0,50.37,0.0,1.0,0.0,120.0,50.37,738.6,116.52,0.3,0.3,18.08,30.17,16.76,35.21,72.12,95.47,30.79
2018-01-05 13:09:00,1,1,54.08,72.0,68.0,50.32,50.38,54.08,0.0,0.0,0.0,45.0,50.38,0.0,1.0,0.0,120.0,50.38,738.6,116.52,0.3,0.3,18.08,30.18,16.76,35.23,72.13,95.44,30.81
2018-01-05 13:10:00,1,1,54.09,72.0,68.0,50.32,50.39,54.09,0.0,0.0,0.0,45.0,50.39,0.0,1.0,0.0,120.0,50.39,738.6,116.52,0.3,0.3,18.08,30.2,16.76,35.25,72.15,95.41,30.83
2018-01-05 13:11:00,1,1,54.1,72.0,68.0,50.33,50.4,54.1,0.0,0.0,0.0,45.0,50.4,0.0,1.0,0.0,120.0,50.4,738.6,116.52,0.3,0.3,18.08,30.22,16.76,35.27,72.17,95.37,30.85
2018-01-05 13:12:00,1,1,54.11,72.0,68.0,50.34,50.41,54.11,0.0,0.0,0.0,45.0,50.41,0.0,1.0,0.0,120.0,50.41,738.6,116.52,0.3,0.3,18.08,30.24,16.76,35.29,72.19,95.34,30.88
2018-01-05 13:13:00,1,1,54.11,72.0,68.0,50.35,50.42,54.11,0.0,0.0,0.0,45.0,50.42,0.0,1.0,0.0,120.0,50.41,738.6,116.52,0.3,0.3,18.08,30.26,16.76,35.32,72.21,95.3,30.9
2018-01-05 13:14:00,1,1,54.12,72.0,68.0,50.36,50.43,54.12,0.0,0.0,0.0,45.0,50.43,0.0,1.0,0.0,120.0,50.42,738.6,116.52,0.3,0.3,18.08,30.27,16.76,35.35,72.23,95.26,30.93
2018-01-05 13:15:00,1,1,54.13,72.0,68.0,50.37,50.44,54.13,0.0,0.0,0.0,45.0,50.44,0.0,1.0,0.0,120.0,50.43,738.6,116.52,0.3,0.3,18.08,30.29,16.76,35.38,72.25,95.22,30.96
2018-01-05 13:16:00,1,1,54.14,72.0,68.0,50.38,50.45,54.14,0.0,0.0,0.0,45.0,50.45,0.0,1.0,0.0,120.0,50.44,738.6,116.52,0.3,0.3,18.08,30.31,16.76,35.41,72.28,95.18,30.99
2018-01-05 13:17:00,1,1,54.15,72.0,68.0,50.39,50.46,54.15,0.0,0.0,0.0,45.0,50.46,0.0,1.0,0.0,120.0,50.46,738.6,116.52,0.3,0.3,18.08,30.32,16.76,35.44,72.3,95.13,31.03
2018-01-05 13:18:00,1,1,54.16,72.0,68.0,50.4,50.47,54.16,0.0,0.0,0.0,45.0,50.47,0.0,1.0,0.0,120.0,50.47,738.6,116.52,0.3,0.3,18.08,30.34,16.76,35.48,72.32,95.09,31.06
2018-01-05 13:19:00,1,1,54.17,72.0,68.0,50.42,50.48,54.17,0.0,0.0,0.0,45.0,50.48,0.0,1.0,0.0,120.0,50.48,738.6,116.52,0.3,0.3,18.08,30.35,16.76,35.51,72.34,95.04,31.1
2018-01-05 13:20:00,1,1,54.18,72.0,68.0,50.43,50.49,54.18,0.0,0.0,0.0,45.0,50.49,0.0,1.0,0.0,120.0,50.49,738.6,116.52,0.3,0.3,18.08,30.37,16.76,35.55,72.37,95.0,31.14
2018-01-05 13:21:00,1,1,54.19,72.0,68.0,50.44,50.5,54.19,0.0,0.0,0.0,45.0,50.5,0.0,1.0,0.0,120.0,50.5,738.6,116.52,0.3,0.3,18.08,30.39,16.76,35.59,72.39,94.95,31.18
2018-01-05 13:22:00,1,1,54.21,72.0,68.0,50.45,50.52,54.21,0.0,0.0,0.0,45.0,50.52,0.0,1.0,0.0,120.0,50.51,738.6,116.52,0.3,0.3,18.08,30.4,16.76,35.63,72.41,94.9,31.22
2018-01-05 13:23:00,1,1,54.22,72.0,68.0,50.46,50.53,54.22,0.0,0.0,0.0,45.0,50.53,0.0,1.0,0.0,120.0,50.53,738.6,116.52,0.3,0.3,18.08,30.42,16.76,35.67,72.44,94.85,31.26
2018-01-05 13:24:00,1,1,54.23,72.0,68.0,50.48,50.54,54.23,0.0,0.0,0.0,45.0,50.54,0.0,1.0,0.0,120.0,50.54,738.6,116.52,0.3,0.3,18.08,30.43,16.76,35.71,72.46,94.8,31.3
2018-01-05 13:25:00,1,1,54.24,72.0,68.0,50.49,50.55,54.24,0.0,0.0,0.0,45.0,50.55,0.0,1.0,0.0,120.0,50.55,738.6,116.52,0.3,0.3,18.08,30.45,16.76,35.75,72.48,94.75,31.35
2018-01-05 13:26:00,1,1,54.26,72.0,68.0,50.5,50.57,54.26,0.0,0.0,0.0,45.0,50.57,0.0,1.0,0.0,120.0,50.56,738.6,116.52,0.3,0.3,18.08,30.46,16.76,35.8,72.51,94.7,31.39
2018-01-05 13:27:00,1,1,54.27,72.0,68.0,50.52,50.58,54.27,0.0,0.0,0.0,45.0,50.58,0.0,1.0,0.0,120.0,50.58,738.6,116.52,0.3,0.3,18.08,30.48,16.76,35.84,72.53,94.64,31.44
2018-01-05 13:28:00,1,1,54.28,72.0,68.0,50.53,50.59,54.28,0.0,0.0,0.0,45.0,50.59,0.0,1.0,0.0,120.0,50.59,738.6,116.52,0.3,0.3,18.08,30.49,16.76,35.89,72.55,94.59,31.48
2018-01-05 13:29:00,1,1,54.3,72.0,68.0,50.54,50.61,54.3,0.0,0.0,0.0,45.0,50.61,0.0,1.0,0.0,120.0,50.6,738.6,116.52,0.3,0.3,18.08,30.51,16.76,35.93,72.58,94.54,31.53
2018-01-05 13:30:00,1,1,54.31,72.0,68.0,50.56,50.62,54.31,0.0,0.0,0.0,45.0,50.62,0.0,1.0,0.0,120.0,50.62,738.6,116.52,0.3,0.3,18.08,30.52,16.76,35.98,72.6,94.48,31.58
2018-01-05 13:31:00,1,1,54.32,72.0,68.0,50.57,50.64,54.32,0.0,0.0,0.0,45.0,50.63,0.0,1.0,0.0,120.0,50.63,738.6,116.52,0.3,0.3,18.08,30.53,16.76,36.03,72.62,94.42,31.63
2018-01-05 13:32:00,1,1,54.34,72.0,68.0,50.59,50.65,54.34,0.0,0.0,0.0,45.0,50.65,0.0,1.0,0.0,120.0,50.65,738.6,116.52,0.3,0.3,18.08,30.55,16.76,36.08,72.64,94.37,31.68
2018-01-05 13:33:00,1,1,54.35,72.0,68.0,50.6,50.66,54.35,0.0,0.0,0.0,45.0,50.66,0.0,1.0,0.0,120.0,50.66,738.6,116.52,0.3,0.3,18.08,30.56,16.76,36.13,72.67,94.31,31.73
2018-01-05 13:34:00,1,1,54.37,72.0,68.0,50.62,50.68,54.37,0.0,0.0,0.0,45.0,50.68,0.0,1.0,0.0,120.0,50.67,738.6,116.52,0.3,0.3,18.08,30.58,16.76,36.18,72.69,94.25,31.78
2018-01-05 13:35:00,1,1,54.38,72.0,68.0,50.63,50.69,54.38,0.0,0.0,0.0,45.0,50.69,0.0,1.0,0.0,120.0,50.69,738.6,116.52,0.3,0.3,18.08,30.59,16.76,36.23,72.71,94.2,31.83
2018-01-05 13:36:00,1,1,54.4,72.0,68.0,50.65,50.71,54.4,0.0,0.0,0.0,45.0,50.71,0.0,1.0,0.0,120.0,50.7,738.6,116.52,0.3,0.3,18.08,30.6,16.76,36.28,72.73,94.14,31.89
2018-01-05 13:37:00,1,1,54.41,72.0,68.0,50.66,50.72,54.41,0.0,0.0,0.0,45.0,50.72,0.0,1.0,0.0,120.0,50.72,738.6,116.52,0.3,0.3,18.08,30.62,16.76,36.33,72.75,94.08,31.94
2018-01-05 13:38:00,1,1,54.43,72.0,68.0,50.68,50.74,54.43,0.0,0.0,0.0,45.0,50.74,0.0,1.0,0.0,120.0,50.73,738.6,116.52,0.3,0.3,18.08,30.63,16.76,36.38,72.77,94.02,31.99
2018-01-05 13:39:00,1,1,54.44,72.0,68.0,50.69,50.75,54.44,0.0,0.0,0.0,45.0,50.75,0.0,1.0,0.0,120.0,50.75,738.6,116.52,0.3,0.3,18.08,30.64,16.76,36.43,72.79,93.96,32.04
2018-01-05 13:40:00,1,1,54.46,72.0,68.0,50.71,50.77,54.46,0.0,0.0,0.0,45.0,50.77,0.0,1.0,0.0,120.0,50.76,738.6,116.52,0.3,0.3,18.08,30.66,16.76,36.48,72.81,93.9,32.1
2018-01-05 13:41:00,1,1,54.48,72.0,68.0,50.72,50.78,54.48,0.0,0.0,0.0,45.0,50.78,0.0,1.0,0.0,120.0,50.78,738.6,116.52,0.3,0.3,18.08,30.67,16.76,36.53,72.82,93.84,32.15
2018-01-05 13:42:00,1,1,54.49,72.0,68.0,50.74,50.8,54.49,0.0,0.0,0.0,45.0,50.8,0.0,1.0,0.0,120.0,50.8,738.6,116.52,0.3,0.3,18.08,30.68,16.76,36.58,72.84,93.78,32.21
2018-01-05 13:43:00,1,1,54.51,72.0,68.0,50.75,50.81,54.51,0.0,0.0,0.0,45.0,50.81,0.0,1.0,0.0,120.0,50.81,738.6,116.52,0.3,0.3,18.08,30.7,16.76,36.64,72.86,93.72,32.26
2018-01-05 13:44:00,1,1,54.52,72.0,68.0,50.77,50.83,54.52,0.0,0.0,0.0,45.0,50.83,0.0,1.0,0.0,120.0,50.83,738.6,116.52,0.3,0.3,18.08,30.71,16.76,36.69,72.87,93.65,32.31
2018-01-05 13:45:00,1,1,54.54,72.0,68.0,50.79,50.85,54.54,0.0,0.0,0.0,45.0,50.85,0.0,1.0,0.0,120.0,50.84,738.6,116.52,0.3,0.3,18.08,30.72,16.76,36.74,72.89,93.59,32.37
2018-01-05 13:46:00,1,1,54.56,72.0,68.0,50.8,50.86,54.56,0.0,0.0,0.0,45.0,50.86,0.0,1.0,0.0,120.0,50.86,738.6,116.52,0.3,0.3,18.08,30.73,16.76,36.79,72.9,93.53,32.42
2018-01-05 13:47:00,1,1,54.57,72.0,68.0,50.82,50.88,54.57,0.0,0.0,0.0,45.0,50.88,0.0,1.0,0.0,120.0,50.87,738.6,116.52,0.3,0.3,18.08,30.75,16.76,36.84,72.92,93.47,32.48
2018-01-05 13:48:00,1,1,54.59,72.0,68.0,50.83,50.89,54.59,0.0,0.0,0.0,45.0,50.89,0.0,1.0,0.0,120.0,50.89,738.6,116.52,0.3,0.3,18.08,30.76,16.76,36.89,72.93,93.4,32.53
2018-01-05 13:49:00,1,1,54.61,72.0,68.0,50.85,50.91,54.61,0.0,0.0,0.0,45.0,50.91,0.0,1.0,0.0,120.0,50.91,738.6,116.52,0.3,0.3,18.08,30.77,16.76,36.95,72.94,93.34,32.58
2018-01-05 13:50:00,1,1,54.62,72.0,68.0,50.87,50.93,54.62,0.0,0.0,0.0,45.0,50.93,0.0,1.0,0.0,120.0,50.92,738.6,116.52,0.3,0.3,18.08,30.79,16.76,37.0,72.95,93.28,32.64
2018-01-05 13:51:00,1,1,54.64,72.0,68.0,50.88,50.94,54.64,0.0,0.0,0.0,45.0,50.94,0.0,1.0,0.0,120.0,50.94,738.6,116.52,0.3,0.3,18.08,30.8,16.76,37.05,72.96,93.22,32.69
2018-01-05 13:52:00,1,1,54.66,72.0,68.0,50.9,50.96,54.66,0.0,0.0,0.0,45.0,50.96,0.0,1.0,0.0,120.0,50.96,738.6,116.52,0.3,0.3,18.08,30.81,16.76,37.1,72.97,93.15,32.75
2018-01-05 13:53:00,1,1,54.68,72.0,68.0,50.92,50.98,54.68,0.0,0.0,0.0,45.0,50.98,0.0,1.0,0.0,120.0,50.97,738.6,116.52,0.3,0.3,18.08,30.82,16.76,37.15,72.98,93.09,32.8
2018-01-05 13:54:00,1,1,54.69,72.0,68.0,50.93,50.99,54.69,0.0,0.0,0.0,45.0,50.99,0.0,1.0,0.0,120.0,50.99,738.6,116.52,0.3,0.3,18.08,30.84,16.76,37.2,72.98,93.03,32.85
2018-01-05 13:55:00,1,1,54.71,72.0,68.0,50.95,51.01,54.71,0.0,0.0,0.0,45.0,51.01,0.0,1.0,0.0,120.0,51.01,738.6,116.52,0.3,0.3,18.08,30.85,16.76,37.25,72.99,92.96,32.9
2018-01-05 13:56:00,1,1,54.73,72.0,68.0,50.96,51.03,54.73,0.0,0.0,0.0,45.0,51.03,0.0,1.0,0.0,120.0,51.02,738.6,116.52,0.3,0.3,18.08,30.86,16.76,37.29,72.99,92.9,32.96
2018-01-05 13:57:00,1,1,54.74,72.0,68.0,50.98,51.04,54.74,0.0,0.0,0.0,45.0,51.04,0.0,1.0,0.0,120.0,51.04,738.6,116.52,0.3,0.3,18.08,30.88,16.76,37.34,72.99,92.84,33.01
2018-01-05 13:58:00,1,1,54.76,72.0,68.0,51.0,51.06,54.76,0.0,0.0,0.0,45.0,51.06,0.0,1.0,0.0,120.0,51.05,738.6,116.52,0.3,0.3,18.08,30.89,16.76,37.39,73.0,92.77,33.06
2018-01-05 13:59:00,1,1,54.78,72.0,68.0,51.01,51.08,54.78,0.0,0.0,0.0,45.0,51.07,0.0,1.0,0.0,120.0,51.07,738.6,116.52,0.3,0.3,18.08,30.9,16.76,37.44,73.0,92.71,33.11
2018-01-05 14:00:00,1,1,54.8,72.0,68.0,51.03,51.09,54.8,0.0,0.0,0.0,45.0,51.09,0.0,1.0,0.0,120.0,51.09,738.6,116.52,0.3,0.3,18.08,30.91,16.76,37.48,72.99,92.64,33.16
2018-01-05 14:01:00,1,1,54.81,72.0,68.0,51.05,51.11,54.81,0.0,0.0,0.0,45.0,51.11,0.0,1.0,0.0,120.0,51.1,738.6,116.52,0.3,0.3,18.08,30.93,16.76,37.52,72.96,92.58,33.21
2018-01-05 14:02:00,1,1,54.83,72.0,68.0,51.07,51.13,54.83,0.0,0.0,0.0,45.0,51.13,0.0,1.0,0.0,120.0,51.12,738.6,116.52,0.3,0.3,18.08,30.95,16.76,37.56,72.91,92.51,33.25
2018-01-05 14:03:00,1,1,54.85,72.0,68.0,51.08,51.14,54.85,0.0,0.0,0.0,45.0,51.14,0.0,1.0,0.0,120.0,51.14,738.6,116.52,0.3,0.3,18.08,30.97,16.76,37.6,72.85,92.45,33.3
2018-01-05 14:04:00,1,1,54.86,72.0,68.0,51.1,51.16,54.86,0.0,0.0,0.0,45.0,51.16,0.0,1.0,0.0,120.0,51.16,738.6,116.52,0.3,0.3,18.08,30.99,16.76,37.63,72.8,92.38,33.34
2018-01-05 14:05:00,1,1,54.88,72.0,68.0,51.12,51.18,54.88,0.0,0.0,0.0,45.0,51.18,0.0,1.0,0.0,120.0,51.17,738.6,116.52,0.3,0.3,18.08,31.01,16.76,37.66,72.74,92.32,33.38
2018-01-05 14:06:00,1,1,54.9,72.0,68.0,51.13,51.19,54.9,0.0,0.0,0.0,45.0,51.19,0.0,1.0,0.0,120.0,51.19,738.6,116.52,0.3,0.3,18.08,31.03,16.76,37.69,72.68,92.26,33.41
2018-01-05 14:07:00,1,1,54.91,72.0,68.0,51.15,51.21,54.91,0.0,0.0,0.0,45.0,51.21,0.0,1.0,0.0,120.0,51.21,738.6,116.52,0.3,0.3,18.08,31.05,16.76,37.72,72.62,92.19,33.45
2018-01-05 14:08:00,1,1,54.93,72.0,68.0,51.17,51.23,54.93,0.0,0.0,0.0,45.0,51.23,0.0,1.0,0.0,120.0,51.22,738.6,116.52,0.3,0.3,18.08,31.07,16.76,37.74,72.56,92.13,33.48
2018-01-05 14:09:00,1,1,54.94,72.0,68.0,51.18,51.24,54.94,0.0,0.0,0.0,45.0,51.24,0.0,1.0,0.0,120.0,51.24,738.6,116.52,0.3,0.3,18.08,31.09,16.76,37.76,72.5,92.07,33.51
2018-01-05 14:10:00,1,1,54.96,72.0,68.0,51.2,51.26,54.96,0.0,0.0,0.0,45.0,51.26,0.0,1.0,0.0,120.0,51.26,738.6,116.52,0.3,0.3,18.08,31.11,16.76,37.78,72.43,92.01,33.53
2018-01-05 14:11:00,1,1,54.97,72.0,68.0,51.22,51.28,54.97,0.0,0.0,0.0,45.0,51.28,0.0,1.0,0.0,120.0,51.27,738.6,116.52,0.3,0.3,18.08,31.13,16.76,37.8,72.37,91.95,33.56
2018-01-05 14:12:00,1,1,54.99,72.0,68.0,51.23,51.29,54.99,0.0,0.0,0.0,45.0,51.29,0.0,1.0,0.0,120.0,51.29,738.6,116.52,0.3,0.3,18.08,31.15,16.76,37.81,72.31,91.89,33.58
2018-01-05 14:13:00,1,1,55.0,72.0,68.0,51.25,51.31,55.0,0.0,0.0,0.0,45.0,51.31,0.0,1.0,0.0,120.0,51.3,738.6,116.52,0.3,0.3,18.08,31.17,16.76,37.83,72.24,91.83,33.6
2018-01-05 14:14:00,1,1,55.02,72.0,68.0,51.26,51.32,55.02,0.0,0.0,0.0,45.0,51.32,0.0,1.0,0.0,120.0,51.32,738.6,116.52,0.3,0.3,18.08,31.19,16.76,37.84,72.17,91.77,33.62
2018-01-05 14:15:00,1,1,55.03,72.0,68.0,51.28,51.34,55.03,0.0,0.0,0.0,45.0,51.34,0.0,1.0,0.0,120.0,51.34,738.6,116.52,0.3,0.3,18.08,31.21,16.76,37.85,72.11,91.71,33.63
2018-01-05 14:16:00,1,1,55.05,72.0,68.0,51.29,51.35,55.05,0.0,0.0,0.0,45.0,51.35,0.0,1.0,0.0,120.0,51.35,738.6,116.52,0.3,0.3,18.08,31.23,16.76,37.86,72.04,91.65,33.65
2018-01-05 14:17:00,1,1,55.06,72.0,68.0,51.31,51.37,55.06,0.0,0.0,0.0,45.0,51.37,0.0,1.0,0.0,120.0,51.37,738.6,116.52,0.3,0.3,18.08,31.25,16.76,37.86,71.97,91.59,33.66
2018-01-05 14:18:00,1,1,55.08,72.0,68.0,51.32,51.39,55.08,0.0,0.0,0.0,45.0,51.39,0.0,1.0,0.0,120.0,51.38,738.6,116.52,0.3,0.3,18.08,31.27,16.76,37.87,71.9,91.53,33.67
2018-01-05 14:19:00,1,1,55.09,72.0,68.0,51.34,51.4,55.09,0.0,0.0,0.0,45.0,51.4,0.0,1.0,0.0,120.0,51.4,738.6,116.52,0.3,0.3,18.08,31.29,16.76,37.87,71.83,91.48,33.68
2018-01-05 14:20:00,1,1,55.1,72.0,68.0,51.35,51.42,55.1,0.0,0.0,0.0,45.0,51.42,0.0,1.0,0.0,120.0,51.41,738.6,116.52,0.3,0.3,18.08,31.31,16.76,37.87,71.76,91.42,33.69
2018-01-05 14:21:00,1,1,55.12,72.0,68.0,51.37,51.43,55.12,0.0,0.0,0.0,45.0,51.43,0.0,1.0,0.0,120.0,51.43,738.6,116.52,0.3,0.3,18.08,31.33,16.76,37.87,71.69,91.37,33.7
2018-01-05 14:22:00,1,1,55.13,72.0,68.0,51.38,51.45,55.13,0.0,0.0,0.0,45.0,51.45,0.0,1.0,0.0,120.0,51.44,738.6,116.52,0.3,0.3,18.08,31.35,16.76,37.87,71.62,91.31,33.71
2018-01-05 14:23:00,1,1,55.15,72.0,68.0,51.4,51.46,55.15,0.0,0.0,0.0,45.0,51.46,0.0,1.0,0.0,120.0,51.46,738.6,116.52,0.3,0.3,18.08,31.37,16.76,37.87,71.55,91.26,33.71
2018-01-05 14:24:00,1,1,55.16,72.0,68.0,51.41,51.48,55.16,0.0,0.0,0.0,45.0,51.48,0.0,1.0,0.0,120.0,51.47,738.6,116.52,0.3,0.3,18.08,31.39,16.76,37.87,71.48,91.2,33.72
2018-01-05 14:25:00,1,1,55.17,72.0,68.0,51.43,51.49,55.17,0.0,0.0,0.0,45.0,51.49,0.0,1.0,0.0,120.0,51.49,738.6,116.52,0.3,0.3,18.08,31.41,16.76,37.86,71.41,91.15,33.72
2018-01-05 14:26:00,1,1,55.19,72.0,68.0,51.44,51.5,55.19,0.0,0.0,0.0,45.0,51.5,0.0,1.0,0.0,120.0,51.5,738.6,116.52,0.3,0.3,18.08,31.43,16.76,37.85,71.34,91.09,33.72
2018-01-05 14:27:00,1,1,55.2,72.0,68.0,51.46,51.52,55.2,0.0,0.0,0.0,45.0,51.52,0.0,1.0,0.0,120.0,51.52,738.6,116.52,0.3,0.3,18.08,31.45,16.76,37.85,71.26,91.04,33.72
2018-01-05 14:28:00,1,1,55.21,72.0,68.0,51.47,51.53,55.21,0.0,0.0,0.0,45.0,51.53,0.0,1.0,0.0,120.0,51.53,738.6,116.52,0.3,0.3,18.08,31.47,16.76,37.84,71.19,90.99,33.72
2018-01-05 14:29:00,1,1,55.23,72.0,68.0,51.48,51.55,55.23,0.0,0.0,0.0,45.0,51.55,0.0,1.0,0.0,120.0,51.54,738.6,116.52,0.3,0.3,18.08,31.49,16.76,37.83,71.12,90.94,33.72
2018-01-05 14:30:00,1,1,55.24,72.0,68.0,51.5,51.56,55.24,0.0,0.0,0.0,45.0,51.56,0.0,1.0,0.0,120.0,51.56,738.6,116.52,0.3,0.3,18.08,31.51,16.76,37.82,71.05,90.89,33.71
2018-01-05 14:31:00,1,1,55.25,72.0,68.0,51.51,51.57,55.25,0.0,0.0,0.0,45.0,51.57,0.0,1.0,0.0,120.0,51.57,738.6,116.52,0.3,0.3,18.08,31.53,16.76,37.81,70.97,90.84,33.71
2018-01-05 14:32:00,1,1,55.26,72.0,68.0,51.53,51.59,55.26,0.0,0.0,0.0,45.0,51.59,0.0,1.0,0.0,120.0,51.58,738.6,116.52,0.3,0.3,18.08,31.55,16.76,37.8,70.9,90.79,33.7
2018-01-05 14:33:00,1,1,55.28,72.0,68.0,51.54,51.6,55.28,0.0,0.0,0.0,45.0,51.6,0.0,1.0,0.0,120.0,51.6,738.6,116.52,0.3,0.3,18.08,31.56,16.76,37.79,70.83,90.74,33.7
2018-01-05 14:34:00,1,1,55.29,72.0,68.0,51.55,51.61,55.29,0.0,0.0,0.0,45.0,51.61,0.0,1.0,0.0,120.0,51.61,738.6,116.52,0.3,0.3,18.08,31.58,16.76,37.77,70.76,90.69,33.69
2018-01-05 14:35:00,1,1,55.3,72.0,68.0,51.56,51.63,55.3,0.0,0.0,0.0,45.0,51.63,0.0,1.0,0.0,120.0,51.62,738.6,116.52,0.3,0.3,18.08,31.6,16.76,37.76,70.68,90.64,33.68
2018-01-05 14:36:00,1,1,55.31,72.0,68.0,51.58,51.64,55.31,0.0,0.0,0.0,45.0,51.64,0.0,1.0,0.0,120.0,51.64,738.6,116.52,0.3,0.3,18.08,31.62,16.76,37.75,70.61,90.59,33.68
2018-01-05 14:37:00,1,1,55.32,72.0,68.0,51.59,51.65,55.32,0.0,0.0,0.0,45.0,51.65,0.0,1.0,0.0,120.0,51.65,738.6,116.52,0.3,0.3,18.08,31.64,16.76,37.73,70.54,90.55,33.67
2018-01-05 14:38:00,1,1,55.34,72.0,68.0,51.6,51.67,55.34,0.0,0.0,0.0,45.0,51.67,0.0,1.0,0.0,120.0,51.66,738.6,116.52,0.3,0.3,18.08,31.65,16.76,37.71,70.47,90.5,33.66
2018-01-05 14:39:00,1,1,55.35,72.0,68.0,51.61,51.68,55.35,0.0,0.0,0.0,45.0,51.68,0.0,1.0,0.0,120.0,51.68,738.6,116.52,0.3,0.3,18.08,31.67,16.76,37.7,70.4,90.46,33.65
2018-01-05 14:40:00,1,1,55.36,72.0,68.0,51.63,51.69,55.36,0.0,0.0,0.0,45.0,51.69,0.0,1.0,0.0,120.0,51.69,738.6,116.52,0.3,0.3,18.08,31.69,16.76,37.68,70.33,90.41,33.64
2018-01-05 14:41:00,1,1,55.37,72.0,68.0,51.64,51.7,55.37,0.0,0.0,0.0,45.0,51.7,0.0,1.0,0.0,120.0,51.7,738.6,116.52,0.3,0.3,18.08,31.71,16.76,37.66,70.26,90.37,33.63
2018-01-05 14:42:00,1,1,55.38,72.0,68.0,51.65,51.71,55.38,0.0,0.0,0.0,45.0,51.71,0.0,1.0,0.0,120.0,51.71,738.6,116.52,0.3,0.3,18.08,31.72,16.76,37.65,70.19,90.32,33.61
2018-01-05 14:43:00,1,1,55.39,72.0,68.0,51.66,51.73,55.39,0.0,0.0,0.0,45.0,51.73,0.0,1.0,0.0,120.0,51.72,738.6,116.52,0.3,0.3,18.08,31.74,16.76,37.63,70.12,90.28,33.6
2018-01-05 14:44:00,1,1,55.4,72.0,68.0,51.67,51.74,55.4,0.0,0.0,0.0,45.0,51.74,0.0,1.0,0.0,120.0,51.74,738.6,116.52,0.3,0.3,18.08,31.76,16.76,37.61,70.05,90.24,33.59
2018-01-05 14:45:00,1,1,55.41,72.0,68.0,51.68,51.75,55.41,0.0,0.0,0.0,45.0,51.75,0.0,1.0,0.0,120.0,51.75,738.6,116.52,0.3,0.3,18.08,31.77,16.76,37.59,69.98,90.2,33.58
2018-01-05 14:46:00,1,1,55.42,72.0,68.0,51.7,51.76,55.42,0.0,0.0,0.0,45.0,51.76,0.0,1.0,0.0,120.0,51.76,738.6,116.52,0.3,0.3,18.08,31.79,16.76,37.57,69.91,90.16,33.56
2018-01-05 14:47:00,1,1,55.43,72.0,68.0,51.71,51.77,55.43,0.0,0.0,0.0,45.0,51.77,0.0,1.0,0.0,120.0,51.77,738.6,116.52,0.3,0.3,18.08,31.81,16.76,37.55,69.84,90.12,33.55
2018-01-05 14:48:00,1,1,55.44,72.0,68.0,51.72,51.78,55.44,0.0,0.0,0.0,45.0,51.78,0.0,1.0,0.0,120.0,51.78,738.6,116.52,0.3,0.3,18.08,31.82,16.76,37.53,69.78,90.08,33.53
2018-01-05 14:49:00,1,1,55.45,72.0,68.0,51.73,51.79,55.45,0.0,0.0,0.0,45.0,51.79,0.0,1.0,0.0,120.0,51.79,738.6,116.52,0.3,0.3,18.08,31.84,16.76,37.51,69.71,90.04,33.52
2018-01-05 14:50:00,1,1,55.46,72.0,68.0,51.74,51.8,55.46,0.0,0.0,0.0,45.0,51.8,0.0,1.0,0.0,120.0,51.8,738.6,116.52,0.3,0.3,18.08,31.85,16.76,37.49,69.65,90.01,33.5
2018-01-05 14:51:00,1,1,55.47,72.0,68.0,51.75,51.81,55.47,0.0,0.0,0.0,45.0,51.81,0.0,1.0,0.0,120.0,51.81,738.6,116.52,0.3,0.3,18.08,31.87,16.76,37.47,69.58,89.97,33.49
2018-01-05 14:52:00,1,1,55.48,72.0,68.0,51.76,51.82,55.48,0.0,0.0,0.0,45.0,51.82,0.0,1.0,0.0,120.0,51.82,738.6,116.52,0.3,0.3,18.08,31.88,16.76,37.45,69.52,89.93,33.47
2018-01-05 14:53:00,1,1,55.48,72.0,68.0,51.77,51.83,55.48,0.0,0.0,0.0,45.0,51.83,0.0,1.0,0.0,120.0,51.83,738.6,116.52,0.3,0.3,18.08,31.9,16.76,37.43,69.45,89.9,33.46
2018-01-05 14:54:00,1,1,55.49,72.0,68.0,51.78,51.84,55.49,0.0,0.0,0.0,45.0,51.84,0.0,1.0,0.0,120.0,51.84,738.6,116.52,0.3,0.3,18.08,31.91,16.76,37.41,69.39,89.87,33.44
2018-01-05 14:55:00,1,1,55.5,72.0,68.0,51.78,51.85,55.5,0.0,0.0,0.0,45.0,51.85,0.0,1.0,0.0,120.0,51.85,738.6,116.52,0.3,0.3,18.08,31.93,16.76,37.39,69.33,89.83,33.43
2018-01-05 14:56:00,1,1,55.51,72.0,68.0,51.79,51.86,55.51,0.0,0.0,0.0,45.0,51.86,0.0,1.0,0.0,120.0,51.86,738.6,116.52,0.3,0.3,18.08,31.94,16.76,37.36,69.27,89.8,33.41
2018-01-05 14:57:00,1,1,55.52,72.0,68.0,51.8,51.87,55.52,0.0,0.0,0.0,45.0,51.87,0.0,1.0,0.0,120.0,51.87,738.6,116.52,0.3,0.3,18.08,31.95,16.76,37.34,69.21,89.77,33.39
2018-01-05 14:58:00,1,1,55.52,72.0,68.0,51.81,51.88,55.52,0.0,0.0,0.0,45.0,51.88,0.0,1.0,0.0,120.0,51.87,738.6,116.52,0.3,0.3,18.08,31.97,16.76,37.32,69.15,89.74,33.38
2018-01-05 14:59:00,1,1,55.53,72.0,68.0,51.82,51.88,55.53,0.0,0.0,0.0,45.0,51.88,0.0,1.0,0.0,120.0,51.88,738.6,116.52,0.3,0.3,18.08,31.98,16.76,37.3,69.09,89.71,33.36
2018-01-05 15:00:00,1,1,55.54,72.0,68.0,51.83,51.89,55.54,0.0,0.0,0.0,45.0,51.89,0.0,1.0,0.0,120.0,51.89,738.6,116.52,0.3,0.3,18.08,31.99,16.76,37.28,69.04,89.68,33.34
2018-01-05 15:01:00,1,1,55.54,72.0,68.0,51.83,51.9,55.54,0.0,0.0,0.0,45.0,51.9,0.0,1.0,0.0,120.0,51.9,738.6,116.52,0.3,0.3,18.08,32.0,16.76,37.26,69.0,89.65,33.33
2018-01-05 15:02:00,1,1,55.55,72.0,68.0,51.84,51.91,55.55,0.0,0.0,0.0,45.0,51.91,0.0,1.0,0.0,120.0,51.91,738.6,116.52,0.3,0.3,18.08,32.01,16.76,37.24,68.98,89.63,33.31
2018-01-05 15:03:00,1,1,55.55,72.0,68.0,51.84,51.91,55.55,0.0,0.0,0.0,45.0,51.91,0.0,1.0,0.0,120.0,51.91,738.6,116.52,0.3,0.3,18.08,32.01,16.76,37.23,68.96,89.61,33.3
2018-01-05 15:04:00,1,1,55.56,72.0,68.0,51.85,51.92,55.56,0.0,0.0,0.0,45.0,51.92,0.0,1.0,0.0,120.0,51.92,738.6,116.52,0.3,0.3,18.08,32.02,16.76,37.22,68.94,89.6,33.29
2018-01-05 15:05:00,1,1,55.56,72.0,68.0,51.85,51.92,55.56,0.0,0.0,0.0,45.0,51.92,0.0,1.0,0.0,120.0,51.92,738.6,116.52,0.3,0.3,18.08,32.02,16.76,37.2,68.93,89.58,33.28
2018-01-05 15:06:00,1,1,55.56,72.0,68.0,51.85,51.92,55.56,0.0,0.0,0.0,45.0,51.92,0.0,1.0,0.0,120.0,51.92,738.6,116.52,0.3,0.3,18.08,32.03,16.76,37.19,68.91,89.57,33.27
2018-01-05 15:07:00,1,1,55.57,72.0,68.0,51.86,51.93,55.57,0.0,0.0,0.0,45.0,51.93,0.0,1.0,0.0,120.0,51.93,738.6,116.52,0.3,0.3,18.08,32.03,16.76,37.18,68.9,89.56,33.26
2018-01-05 15:08:00,1,1,55.57,72.0,68.0,51.86,51.93,55.57,0.0,0.0,0.0,45.0,51.93,0.0,1.0,0.0,120.0,51.93,738.6,116.52,0.3,0.3,18.08,32.04,16.76,37.17,68.88,89.55,33.25
2018-01-05 15:09:00,1,1,55.57,72.0,68.0,51.86,51.93,55.57,0.0,0.0,0.0,45.0,51.93,0.0,1.0,0.0,120.0,51.93,738.6,116.52,0.3,0.3,18.08,32.04,16.76,37.17,68.87,89.54,33.24
2018-01-05 15:10:00,1,1,55.57,72.0,68.0,51.86,51.93,55.57,0.0,0.0,0.0,45.0,51.93,0.0,1.0,0.0,120.0,51.93,738.6,116.52,0.3,0.3,18.08,32.04,16.76,37.16,68.86,89.54,33.24
2018-01-05 15:11:00,1,1,55.57,72.0,68.0,51.86,51.93,55.57,0.0,0.0,0.0,45.0,51.93,0.0,1.0,0.0,120.0,51.93,738.6,116.52,0.3,0.3,18.08,32.05,16.76,37.16,68.85,89.53,33.23
2018-01-05 15:12:00,1,1,55.57,72.0,68.0,51.86,51.93,55.57,0.0,0.0,0.0,45.0,51.93,0.0,1.0,0.0,120.0,51.93,738.6,116.52,0.3,0.3,18.08,32.05,16.76,37.15,68.83,89.53,33.23
2018-01-05 15:13:00,1,1,55.57,72.0,68.0,51.86,51.94,55.57,0.0,0.0,0.0,45.0,51.94,0.0,1.0,0.0,120.0,51.94,738.6,116.52,0.3,0.3,18.08,32.05,16.76,37.15,68.83,89.53,33.23
2018-01-05 15:14:00,1,1,55.57,72.0,68.0,51.86,51.94,55.57,0.0,0.0,0.0,45.0,51.94,0.0,1.0,0.0,120.0,51.94,738.6,116.52,0.3,0.3,18.08,32.06,16.76,37.14,68.82,89.53,33.22
2018-01-05 15:15:00,1,1,55.57,72.0,68.0,51.86,51.93,55.57,0.0,0.0,0.0,45.0,51.93,0.0,1.0,0.0,120.0,51.93,738.6,116.52,0.3,0.3,18.08,32.06,16.76,37.14,68.81,89.53,33.22
2018-01-05 15:16:00,1,1,55.57,72.0,68.0,51.86,51.93,55.57,0.0,0.0,0.0,45.0,51.93,0.0,1.0,0.0,120.0,51.93,738.6,116.52,0.3,0.3,18.08,32.06,16.76,37.14,68.8,89.53,33.22
2018-01-05 15:17:00,1,1,55.56,72.0,68.0,51.86,51.93,55.56,0.0,0.0,0.0,45.0,51.93,0.0,1.0,0.0,120.0,51.93,738.6,116.52,0.3,0.3,18.08,32.06,16.76,37.14,68.79,89.54,33.22
2018-01-05 15:18:00,1,1,55.56,72.0,68.0,51.86,51.93,55.56,0.0,0.0,0.0,45.0,51.93,0.0,1.0,0.0,120.0,51.93,738.6,116.52,0.3,0.3,18.08,32.06,16.76,37.14,68.79,89.54,33.22
2018-01-05 15:19:00,1,1,55.56,72.0,68.0,51.86,51.93,55.56,0.0,0.0,0.0,45.0,51.93,0.0,1.0,0.0,120.0,51.93,738.6,116.52,0.3,0.3,18.08,32.06,16.76,37.14,68.78,89.55,33.22
2018-01-05 15:20:00,1,1,55.56,72.0,68.0,51.85,51.93,55.56,0.0,0.0,0.0,45.0,51.93,0.0,1.0,0.0,120.0,51.93,738.6,116.52,0.3,0.3,18.08,32.07,16.76,37.14,68.78,89.56,33.22
2018-01-05 15:21:00,1,1,55.55,72.0,68.0,51.85,51.92,55.55,0.0,0.0,0.0,45.0,51.92,0.0,1.0,0.0,120.0,51.93,738.6,116.52,0.3,0.3,18.08,32.07,16.76,37.14,68.78,89.57,33.22
2018-01-05 15:22:00,1,1,55.55,72.0,68.0,51.85,51.92,55.55,0.0,0.0,0.0,45.0,51.92,0.0,1.0,0.0,120.0,51.92,738.6,116.52,0.3,0.3,18.08,32.07,16.76,37.14,68.77,89.58,33.22
2018-01-05 15:23:00,1,1,55.55,72.0,68.0,51.84,51.92,55.55,0.0,0.0,0.0,45.0,51.92,0.0,1.0,0.0,120.0,51.92,738.6,116.52,0.3,0.3,18.08,32.07,16.76,37.15,68.77,89.59,33.23
2018-01-05 15:24:00,1,1,55.54,72.0,68.0,51.84,51.92,55.54,0.0,0.0,0.0,45.0,51.92,0.0,1.0,0.0,120.0,51.92,738.6,116.52,0.3,0.3,18.08,32.07,16.76,37.15,68.77,89.6,33.23
2018-01-05 15:25:00,1,1,55.54,72.0,68.0,51.84,51.91,55.54,0.0,0.0,0.0,45.0,51.91,0.0,1.0,0.0,120.0,51.91,738.6,116.52,0.3,0.3,18.08,32.07,16.76,37.15,68.77,89.61,33.23
2018-01-05 15:26:00,1,1,55.53,72.0,68.0,51.83,51.91,55.53,0.0,0.0,0.0,45.0,51.91,0.0,1.0,0.0,120.0,51.91,738.6,116.52,0.3,0.3,18.08,32.07,16.76,37.16,68.77,89.62,33.24
2018-01-05 15:27:00,1,1,55.53,72.0,68.0,51.83,51.91,55.53,0.0,0.0,0.0,45.0,51.91,0.0,1.0,0.0,120.0,51.91,738.6,116.52,0.3,0.3,18.08,32.07,16.76,37.16,68.77,89.64,33.24
2018-01-05 15:28:00,1,1,55.52,72.0,68.0,51.83,51.9,55.52,0.0,0.0,0.0,45.0,51.9,0.0,1.0,0.0,120.0,51.9,738.6,116.52,0.3,0.3,18.08,32.07,16.76,37.17,68.77,89.65,33.24
2018-01-05 15:29:00,1,1,55.52,72.0,68.0,51.82,51.9,55.52,0.0,0.0,0.0,45.0,51.9,0.0,1.0,0.0,120.0,51.9,738.6,116.52,0.3,0.3,18.08,32.07,16.76,37.17,68.77,89.67,33.25
2018-01-05 15:30:00,1,1,55.51,72.0,68.0,51.82,51.89,55.51,0.0,0.0,0.0,45.0,51.89,0.0,1.0,0.0,120.0,51.89,738.6,116.52,0.3,0.3,18.08,32.07,16.76,37.18,68.77,89.68,33.25
2018-01-05 15:31:00,1,1,55.51,72.0,68.0,51.81,51.89,55.51,0.0,0.0,0.0,45.0,51.89,0.0,1.0,0.0,120.0,51.89,738.6,116.52,0.3,0.3,18.08,32.07,16.76,37.18,68.78,89.7,33.26
2018-01-05 15:32:00,1,1,55.5,72.0,68.0,51.81,51.88,55.5,0.0,0.0,0.0,45.0,51.88,0.0,1.0,0.0,120.0,51.88,738.6,116.52,0.3,0.3,18.08,32.07,16.76,37.19,68.78,89.72,33.26
2018-01-05 15:33:00,1,1,55.49,72.0,68.0,51.8,51.88,55.49,0.0,0.0,0.0,45.0,51.88,0.0,1.0,0.0,120.0,51.88,738.6,116.52,0.3,0.3,18.08,32.07,16.76,37.2,68.78,89.74,33.27
2018-01-05 15:34:00,1,1,55.49,72.0,68.0,51.8,51.87,55.49,0.0,0.0,0.0,45.0,51.87,0.0,1.0,0.0,120.0,51.87,738.6,116.52,0.3,0.3,18.08,32.06,16.76,37.21,68.79,89.76,33.28
2018-01-05 15:35:00,1,1,55.48,72.0,68.0,51.79,51.87,55.48,0.0,0.0,0.0,45.0,51.87,0.0,1.0,0.0,120.0,51.87,738.6,116.52,0.3,0.3,18.08,32.06,16.76,37.21,68.79,89.78,33.28
2018-01-05 15:36:00,1,1,55.47,72.0,68.0,51.78,51.86,55.47,0.0,0.0,0.0,45.0,51.86,0.0,1.0,0.0,120.0,51.86,738.6,116.52,0.3,0.3,18.08,32.06,16.76,37.22,68.8,89.8,33.29
2018-01-05 15:37:00,1,1,55.47,72.0,68.0,51.78,51.85,55.47,0.0,0.0,0.0,45.0,51.85,0.0,1.0,0.0,120.0,51.86,738.6,116.52,0.3,0.3,18.08,32.06,16.76,37.23,68.8,89.82,33.3
2018-01-05 15:38:00,1,1,55.46,72.0,68.0,51.77,51.85,55.46,0.0,0.0,0.0,45.0,51.85,0.0,1.0,0.0,120.0,51.85,738.6,116.52,0.3,0.3,18.08,32.06,16.76,37.24,68.81,89.84,33.31
2018-01-05 15:39:00,1,1,55.45,72.0,68.0,51.77,51.84,55.45,0.0,0.0,0.0,45.0,51.84,0.0,1.0,0.0,120.0,51.84,738.6,116.52,0.3,0.3,18.08,32.06,16.76,37.25,68.82,89.86,33.31
2018-01-05 15:40:00,1,1,55.45,72.0,68.0,51.76,51.84,55.45,0.0,0.0,0.0,45.0,51.84,0.0,1.0,0.0,120.0,51.84,738.6,116.52,0.3,0.3,18.08,32.05,16.76,37.26,68.82,89.89,33.32
2018-01-05 15:41:00,1,1,55.44,72.0,68.0,51.75,51.83,55.44,0.0,0.0,0.0,45.0,51.83,0.0,1.0,0.0,120.0,51.83,738.6,116.52,0.3,0.3,18.08,32.05,16.76,37.27,68.83,89.91,33.33
2018-01-05 15:42:00,1,1,55.43,72.0,68.0,51.75,51.82,55.43,0.0,0.0,0.0,45.0,51.82,0.0,1.0,0.0,120.0,51.82,738.6,116.52,0.3,0.3,18.08,32.05,16.76,37.28,68.84,89.93,33.34
2018-01-05 15:43:00,1,1,55.42,72.0,68.0,51.74,51.82,55.42,0.0,0.0,0.0,45.0,51.82,0.0,1.0,0.0,120.0,51.82,738.6,116.52,0.3,0.3,18.08,32.05,16.76,37.29,68.84,89.96,33.35
2018-01-05 15:44:00,1,1,55.41,72.0,68.0,51.73,51.81,55.41,0.0,0.0,0.0,45.0,51.81,0.0,1.0,0.0,120.0,51.81,738.6,116.52,0.3,0.3,18.08,32.05,16.76,37.3,68.85,89.98,33.36
2018-01-05 15:45:00,1,1,55.41,72.0,68.0,51.72,51.8,55.41,0.0,0.0,0.0,45.0,51.8,0.0,1.0,0.0,120.0,51.8,738.6,116.52,0.3,0.3,18.08,32.04,16.76,37.31,68.86,90.01,33.37
2018-01-05 15:46:00,1,1,55.4,72.0,68.0,51.72,51.79,55.4,0.0,0.0,0.0,45.0,51.79,0.0,1.0,0.0,120.0,51.8,738.6,116.52,0.3,0.3,18.08,32.04,16.76,37.32,68.87,90.04,33.37
2018-01-05 15:47:00,1,1,55.39,72.0,68.0,51.71,51.79,55.39,0.0,0.0,0.0,45.0,51.79,0.0,1.0,0.0,120.0,51.79,738.6,116.52,0.3,0.3,18.08,32.04,16.76,37.33,68.88,90.06,33.38
2018-01-05 15:48:00,1,1,55.38,72.0,68.0,51.7,51.78,55.38,0.0,0.0,0.0,45.0,51.78,0.0,1.0,0.0,120.0,51.78,738.6,116.52,0.3,0.3,18.08,32.04,16.76,37.34,68.89,90.09,33.39
2018-01-05 15:49:00,1,1,55.37,72.0,68.0,51.69,51.77,55.37,0.0,0.0,0.0,45.0,51.77,0.0,1.0,0.0,120.0,51.77,738.6,116.52,0.3,0.3,18.08,32.03,16.76,37.35,68.9,90.12,33.4
2018-01-05 15:50:00,1,1,55.36,72.0,68.0,51.69,51.76,55.36,0.0,0.0,0.0,45.0,51.76,0.0,1.0,0.0,120.0,51.77,738.6,116.52,0.3,0.3,18.08,32.03,16.76,37.36,68.9,90.14,33.41
2018-01-05 15:51:00,1,1,55.36,72.0,68.0,51.68,51.76,55.36,0.0,0.0,0.0,45.0,51.76,0.0,1.0,0.0,120.0,51.76,738.6,116.52,0.3,0.3,18.08,32.03,16.76,37.37,68.91,90.17,33.42
2018-01-05 15:52:00,1,1,55.35,72.0,68.0,51.67,51.75,55.35,0.0,0.0,0.0,45.0,51.75,0.0,1.0,0.0,120.0,51.75,738.6,116.52,0.3,0.3,18.08,32.02,16.76,37.39,68.92,90.2,33.43
2018-01-05 15:53:00,1,1,55.34,72.0,68.0,51.66,51.74,55.34,0.0,0.0,0.0,45.0,51.74,0.0,1.0,0.0,120.0,51.74,738.6,116.52,0.3,0.3,18.08,32.02,16.76,37.4,68.93,90.23,33.44
2018-01-05 15:54:00,1,1,55.33,72.0,68.0,51.65,51.73,55.33,0.0,0.0,0.0,45.0,51.73,0.0,1.0,0.0,120.0,51.73,738.6,116.52,0.3,0.3,18.08,32.02,16.76,37.41,68.94,90.26,33.45
2018-01-05 15:55:00,1,1,55.32,72.0,68.0,51.65,51.72,55.32,0.0,0.0,0.0,45.0,51.72,0.0,1.0,0.0,120.0,51.73,738.6,116.52,0.3,0.3,18.08,32.02,16.76,37.42,68.95,90.29,33.47
2018-01-05 15:56:00,1,1,55.31,72.0,68.0,51.64,51.72,55.31,0.0,0.0,0.0,45.0,51.72,0.0,1.0,0.0,120.0,51.72,738.6,116.52,0.3,0.3,18.08,32.01,16.76,37.43,68.96,90.32,33.48
2018-01-05 15:57:00,1,1,55.3,72.0,68.0,51.63,51.71,55.3,0.0,0.0,0.0,45.0,51.71,0.0,1.0,0.0,120.0,51.71,738.6,116.52,0.3,0.3,18.08,32.01,16.76,37.45,68.97,90.35,33.49
2018-01-05 15:58:00,1,1,55.29,72.0,68.0,51.62,51.7,55.29,0.0,0.0,0.0,45.0,51.7,0.0,1.0,0.0,120.0,51.7,738.6,116.52,0.3,0.3,18.08,32.01,16.76,37.46,68.99,90.38,33.5
2018-01-05 15:59:00,1,1,55.28,72.0,68.0,51.61,51.69,55.28,0.0,0.0,0.0,45.0,51.69,0.0,1.0,0.0,120.0,51.69,738.6,116.52,0.3,0.3,18.08,32.0,16.76,37.47,69.0,90.41,33.51
2018-01-05 16:00:00,1,1,55.27,72.0,68.0,51.61,51.68,55.27,0.0,0.0,0.0,45.0,51.68,0.0,1.0,0.0,120.0,51.68,738.6,116.52,0.3,0.3,18.08,32.0,16.76,37.48,69.01,90.44,33.52
2018-01-05 16:01:00,1,1,55.26,72.0,68.0,51.6,51.67,55.26,0.0,0.0,0.0,45.0,51.67,0.0,1.0,0.0,120.0,51.68,738.6,116.52,0.3,0.3,18.08,32.0,16.76,37.5,69.01,90.47,33.53
2018-01-05 16:02:00,1,1,55.26,72.0,68.0,51.59,51.67,55.26,0.0,0.0,0.0,45.0,51.67,0.0,1.0,0.0,120.0,51.67,738.6,116.52,0.3,0.3,18.08,32.0,16.76,37.51,69.0,90.5,33.54
2018-01-05 16:03:00,1,1,55.25,72.0,68.0,51.58,51.66,55.25,0.0,0.0,0.0,45.0,51.66,0.0,1.0,0.0,120.0,51.66,738.6,116.52,0.3,0.3,18.08,32.0,16.76,37.52,68.99,90.52,33.55
2018-01-05 16:04:00,1,1,55.24,72.0,68.0,51.58,51.65,55.24,0.0,0.0,0.0,45.0,51.65,0.0,1.0,0.0,120.0,51.65,738.6,116.52,0.3,0.3,18.08,32.0,16.76,37.53,68.98,90.55,33.56
2018-01-05 16:05:00,1,1,55.23,72.0,68.0,51.57,51.65,55.23,0.0,0.0,0.0,45.0,51.65,0.0,1.0,0.0,120.0,51.65,738.6,116.52,0.3,0.3,18.08,32.0,16.76,37.54,68.97,90.57,33.57
2018-01-05 16:06:00,1,1,55.23,72.0,68.0,51.56,51.64,55.23,0.0,0.0,0.0,45.0,51.64,0.0,1.0,0.0,120.0,51.64,738.6,116.52,0.3,0.3,18.08,32.0,16.76,37.54,68.97,90.59,33.58
2018-01-05 16:07:00,1,1,55.22,72.0,68.0,51.56,51.63,55.22,0.0,0.0,0.0,45.0,51.63,0.0,1.0,0.0,120.0,51.64,738.6,116.52,0.3,0.3,18.08,32.0,16.76,37.55,68.96,90.61,33.59
2018-01-05 16:08:00,1,1,55.21,72.0,68.0,51.55,51.63,55.21,0.0,0.0,0.0,45.0,51.63,0.0,1.0,0.0,120.0,51.63,738.6,116.52,0.3,0.3,18.08,32.0,16.76,37.56,68.95,90.63,33.59
2018-01-05 16:09:00,1,1,55.21,72.0,68.0,51.55,51.62,55.21,0.0,0.0,0.0,45.0,51.62,0.0,1.0,0.0,120.0,51.63,738.6,116.52,0.3,0.3,18.08,32.0,16.76,37.57,68.94,90.65,33.6
2018-01-05 16:10:00,1,1,55.2,72.0,68.0,51.54,51.62,55.2,0.0,0.0,0.0,45.0,51.62,0.0,1.0,0.0,120.0,51.62,738.6,116.52,0.3,0.3,18.08,32.0,16.76,37.57,68.93,90.67,33.61
2018-01-05 16:11:00,1,1,55.19,72.0,68.0,51.54,51.61,55.19,0.0,0.0,0.0,45.0,51.61,0.0,1.0,0.0,120.0,51.62,738.6,116.52,0.3,0.3,18.08,32.0,16.76,37.58,68.93,90.69,33.62
2018-01-05 16:12:00,1,1,55.19,72.0,68.0,51.53,51.61,55.19,0.0,0.0,0.0,45.0,51.61,0.0,1.0,0.0,120.0,51.61,738.6,116.52,0.3,0.3,18.08,32.0,16.76,37.59,68.92,90.71,33.62
2018-01-05 16:13:00,1,1,55.18,72.0,68.0,51.53,51.61,55.18,0.0,0.0,0.0,45.0,51.61,0.0,1.0,0.0,120.0,51.61,738.6,116.52,0.3,0.3,18.08,32.0,16.76,37.59,68.91,90.72,33.63
2018-01-05 16:14:00,1,1,55.18,72.0,68.0,51.53,51.6,55.18,0.0,0.0,0.0,45.0,51.6,0.0,1.0,0.0,120.0,51.6,738.6,116.52,0.3,0.3,18.08,32.0,16.76,37.6,68.9,90.74,33.64
2018-01-05 16:15:00,1,1,55.17,72.0,68.0,51.52,51.6,55.17,0.0,0.0,0.0,45.0,51.6,0.0,1.0,0.0,120.0,51.6,738.6,116.52,0.3,0.3,18.08,32.0,16.76,37.61,68.9,90.75,33.64
2018-01-05 16:16:00,1,1,55.17,72.0,68.0,51.52,51.59,55.17,0.0,0.0,0.0,45.0,51.59,0.0,1.0,0.0,120.0,51.59,738.6,116.52,0.3,0.3,18.08,32.0,16.76,37.61,68.89,90.77,33.65
2018-01-05 16:17:00,1,1,55.16,72.0,68.0,51.51,51.59,55.16,0.0,0.0,0.0,45.0,51.59,0.0,1.0,0.0,120.0,51.59,738.6,116.52,0.3,0.3,18.08,32.0,16.76,37.62,68.88,90.78,33.65
2018-01-05 16:18:00,1,1,55.16,72.0,68.0,51.51,51.58,55.16,0.0,0.0,0.0,45.0,51.58,0.0,1.0,0.0,120.0,51.59,738.6,116.52,0.3,0.3,18.08,32.0,16.76,37.63,68.88,90.8,33.66
2018-01-05 16:19:00,1,1,55.16,72.0,68.0,51.51,51.58,55.16,0.0,0.0,0.0,45.0,51.58,0.0,1.0,0.0,120.0,51.58,738.6,116.52,0.3,0.3,18.08,32.0,16.76,37.63,68.87,90.81,33.67
2018-01-05 16:20:00,1,1,55.15,72.0,68.0,51.5,51.58,55.15,0.0,0.0,0.0,45.0,51.58,0.0,1.0,0.0,120.0,51.58,738.6,116.52,0.3,0.3,18.08,32.0,16.76,37.64,68.87,90.83,33.67
2018-01-05 16:21:00,1,1,55.15,72.0,68.0,51.5,51.57,55.15,0.0,0.0,0.0,45.0,51.57,0.0,1.0,0.0,120.0,51.57,738.6,116.52,0.3,0.3,18.08,32.0,16.76,37.64,68.86,90.84,33.68
2018-01-05 16:22:00,1,1,55.14,72.0,68.0,51.49,51.57,55.14,0.0,0.0,0.0,45.0,51.57,0.0,1.0,0.0,120.0,51.57,738.6,116.52,0.3,0.3,18.08,32.0,16.76,37.65,68.86,90.86,33.68
2018-01-05 16:23:00,1,1,55.14,72.0,68.0,51.49,51.56,55.14,0.0,0.0,0.0,45.0,51.56,0.0,1.0,0.0,120.0,51.57,738.6,116.52,0.3,0.3,18.08,32.0,16.76,37.65,68.85,90.87,33.69
2018-01-05 16:24:00,1,1,55.13,72.0,68.0,51.49,51.56,55.13,0.0,0.0,0.0,45.0,51.56,0.0,1.0,0.0,120.0,51.56,738.6,116.52,0.3,0.3,18.08,32.0,16.76,37.66,68.85,90.88,33.7
2018-01-05 16:25:00,1,1,55.13,72.0,68.0,51.48,51.56,55.13,0.0,0.0,0.0,45.0,51.56,0.0,1.0,0.0,120.0,51.56,738.6,116.52,0.3,0.3,18.08,32.0,16.76,37.67,68.84,90.9,33.7
2018-01-05 16:26:00,1,1,55.12,72.0,68.0,51.48,51.55,55.12,0.0,0.0,0.0,45.0,51.55,0.0,1.0,0.0,120.0,51.55,738.6,116.52,0.3,0.3,18.08,32.0,16.76,37.67,68.84,90.91,33.71
2018-01-05 16:27:00,1,1,55.12,72.0,68.0,51.47,51.55,55.12,0.0,0.0,0.0,45.0,51.55,0.0,1.0,0.0,120.0,51.55,738.6,116.52,0.3,0.3,18.08,32.0,16.76,37.68,68.83,90.93,33.71
2018-01-05 16:28:00,1,1,55.11,72.0,68.0,51.47,51.55,55.11,0.0,0.0,0.0,45.0,51.55,0.0,1.0,0.0,120.0,51.55,738.6,116.52,0.3,0.3,18.08,32.0,16.76,37.68,68.83,90.94,33.72
2018-01-05 16:29:00,1,1,55.11,72.0,68.0,51.47,51.54,55.11,0.0,0.0,0.0,45.0,51.54,0.0,1.0,0.0,120.0,51.54,738.6,116.52,0.3,0.3,18.08,32.0,16.76,37.69,68.83,90.96,33.72
2018-01-05 16:30:00,1,1,55.11,72.0,68.0,51.46,51.54,55.11,0.0,0.0,0.0,45.0,51.54,0.0,1.0,0.0,120.0,51.54,738.6,116.52,0.3,0.3,18.08,32.0,16.76,37.7,68.83,90.97,33.73
2018-01-05 16:31:00,1,1,55.1,72.0,68.0,51.46,51.53,55.1,0.0,0.0,0.0,45.0,51.53,0.0,1.0,0.0,120.0,51.54,738.6,116.52,0.3,0.3,18.08,32.0,16.76,37.7,68.82,90.98,33.74
2018-01-05 16:32:00,1,1,55.1,72.0,68.0,51.46,51.53,55.1,0.0,0.0,0.0,45.0,51.53,0.0,1.0,0.0,120.0,51.53,738.6,116.52,0.3,0.3,18.08,32.0,16.76,37.71,68.82,91.0,33.74
2018-01-05 16:33:00,1,1,55.09,72.0,68.0,51.45,51.53,55.09,0.0,0.0,0.0,45.0,51.53,0.0,1.0,0.0,120.0,51.53,738.6,116.52,0.3,0.3,18.08,32.0,16.76,37.72,68.82,91.01,33.75
2018-01-05 16:34:00,1,1,55.09,72.0,68.0,51.45,51.52,55.09,0.0,0.0,0.0,45.0,51.52,0.0,1.0,0.0,120.0,51.52,738.6,116.52,0.3,0.3,18.08,32.0,16.76,37.72,68.82,91.03,33.75
2018-01-05 16:35:00,1,1,55.08,72.0,68.0,51.44,51.52,55.08,0.0,0.0,0.0,45.0,51.52,0.0,1.0,0.0,120.0,51.52,738.6,116.52,0.3,0.3,18.08,32.0,16.76,37.73,68.82,91.04,33.76
2018-01-05 16:36:00,1,1,55.08,72.0,68.0,51.44,51.51,55.08,0.0,0.0,0.0,45.0,51.51,0.0,1.0,0.0,120.0,51.51,738.6,116.52,0.3,0.3,18.08,32.0,16.76,37.74,68.82,91.06,33.77
2018-01-05 16:37:00,1,1,55.07,72.0,68.0,51.43,51.51,55.07,0.0,0.0,0.0,45.0,51.51,0.0,1.0,0.0,120.0,51.51,738.6,116.52,0.3,0.3,18.08,32.0,16.76,37.74,68.82,91.08,33.77
2018-01-05 16:38:00,1,1,55.07,72.0,68.0,51.43,51.51,55.07,0.0,0.0,0.0,45.0,51.51,0.0,1.0,0.0,120.0,51.51,738.6,116.52,0.3,0.3,18.08,32.0,16.76,37.75,68.82,91.09,33.78
2018-01-05 16:39:00,1,1,55.06,72.0,68.0,51.43,51.5,55.06,0.0,0.0,0.0,45.0,51.5,0.0,1.0,0.0,120.0,51.5,738.6,116.52,0.3,0.3,18.08,32.0,16.76,37.76,68.82,91.11,33.79
2018-01-05 16:40:00,1,1,55.05,72.0,68.0,51.42,51.5,55.05,0.0,0.0,0.0,45.0,51.5,0.0,1.0,0.0,120.0,51.5,738.6,116.52,0.3,0.3,18.08,32.0,16.76,37.77,68.83,91.12,33.79
2018-01-05 16:41:00,1,1,55.05,72.0,68.0,51.42,51.49,55.05,0.0,0.0,0.0,45.0,51.49,0.0,1.0,0.0,120.0,51.49,738.6,116.52,0.3,0.3,18.08,32.0,16.76,37.77,68.83,91.14,33.8
2018-01-05 16:42:00,1,1,55.04,72.0,68.0,51.41,51.49,55.04,0.0,0.0,0.0,45.0,51.49,0.0,1.0,0.0,120.0,51.49,738.6,116.52,0.3,0.3,18.08,32.0,16.76,37.78,68.83,91.16,33.81
2018-01-05 16:43:00,1,1,55.04,72.0,68.0,51.41,51.48,55.04,0.0,0.0,0.0,45.0,51.48,0.0,1.0,0.0,120.0,51.48,738.6,116.52,0.3,0.3,18.08,32.0,16.76,37.79,68.84,91.18,33.81
2018-01-05 16:44:00,1,1,55.03,72.0,68.0,51.4,51.48,55.03,0.0,0.0,0.0,45.0,51.48,0.0,1.0,0.0,120.0,51.48,738.6,116.52,0.3,0.3,18.08,32.0,16.76,37.8,68.84,91.19,33.82
2018-01-05 16:45:00,1,1,55.03,72.0,68.0,51.4,51.47,55.03,0.0,0.0,0.0,45.0,51.47,0.0,1.0,0.0,120.0,51.47,738.6,116.52,0.3,0.3,18.08,32.0,16.76,37.8,68.85,91.21,33.83
2018-01-05 16:46:00,1,1,55.02,72.0,68.0,51.39,51.47,55.02,0.0,0.0,0.0,45.0,51.47,0.0,1.0,0.0,120.0,51.47,738.6,116.52,0.3,0.3,18.08,32.0,16.76,37.81,68.85,91.23,33.84
2018-01-05 16:47:00,1,1,55.01,72.0,68.0,51.39,51.46,55.01,0.0,0.0,0.0,45.0,51.46,0.0,1.0,0.0,120.0,51.46,738.6,116.52,0.3,0.3,18.08,32.0,16.76,37.82,68.86,91.25,33.84
2018-01-05 16:48:00,1,1,55.01,72.0,68.0,51.38,51.46,55.01,0.0,0.0,0.0,45.0,51.46,0.0,1.0,0.0,120.0,51.46,738.6,116.52,0.3,0.3,18.08,32.0,16.76,37.83,68.86,91.27,33.85
2018-01-05 16:49:00,1,1,55.0,72.0,68.0,51.37,51.45,55.0,0.0,0.0,0.0,45.0,51.45,0.0,1.0,0.0,120.0,51.45,738.6,116.52,0.3,0.3,18.08,32.0,16.76,37.84,68.87,91.29,33.86
2018-01-05 16:50:00,1,1,54.99,72.0,68.0,51.37,51.45,54.99,0.0,0.0,0.0,45.0,51.45,0.0,1.0,0.0,120.0,51.45,738.6,116.52,0.3,0.3,18.08,32.0,16.76,37.85,68.88,91.31,33.87
2018-01-05 16:51:00,1,1,54.99,72.0,68.0,51.36,51.44,54.99,0.0,0.0,0.0,45.0,51.44,0.0,1.0,0.0,120.0,51.44,738.6,116.52,0.3,0.3,18.08,32.0,16.76,37.86,68.89,91.33,33.88
2018-01-05 16:52:00,1,1,54.98,72.0,68.0,51.36,51.43,54.98,0.0,0.0,0.0,45.0,51.43,0.0,1.0,0.0,120.0,51.43,738.6,116.52,0.3,0.3,18.08,32.0,16.76,37.87,68.9,91.36,33.88
2018-01-05 16:53:00,1,1,54.97,72.0,68.0,51.35,51.43,54.97,0.0,0.0,0.0,45.0,51.43,0.0,1.0,0.0,120.0,51.43,738.6,116.52,0.3,0.3,18.08,32.0,16.76,37.88,68.91,91.38,33.89
2018-01-05 16:54:00,1,1,54.96,72.0,68.0,51.34,51.42,54.96,0.0,0.0,0.0,45.0,51.42,0.0,1.0,0.0,120.0,51.42,738.6,116.52,0.3,0.3,18.08,32.0,16.76,37.89,68.92,91.4,33.9
2018-01-05 16:55:00,1,1,54.96,72.0,68.0,51.34,51.41,54.96,0.0,0.0,0.0,45.0,51.41,0.0,1.0,0.0,120.0,51.42,738.6,116.52,0.3,0.3,18.08,32.0,16.76,37.9,68.93,91.43,33.91
2018-01-05 16:56:00,1,1,54.95,72.0,68.0,51.33,51.41,54.95,0.0,0.0,0.0,45.0,51.41,0.0,1.0,0.0,120.0,51.41,738.6,116.52,0.3,0.3,18.08,32.0,16.76,37.91,68.95,91.45,33.92
2018-01-05 16:57:00,1,1,54.94,72.0,68.0,51.32,51.4,54.94,0.0,0.0,0.0,45.0,51.4,0.0,1.0,0.0,120.0,51.4,738.6,116.52,0.3,0.3,18.08,32.0,16.76,37.92,68.96,91.47,33.93
2018-01-05 16:58:00,1,1,54.93,72.0,68.0,51.32,51.39,54.93,0.0,0.0,0.0,45.0,51.39,0.0,1.0,0.0,120.0,51.4,738.6,116.52,0.3,0.3,18.08,32.0,16.76,37.93,68.97,91.5,33.94
2018-01-05 16:59:00,1,1,54.92,72.0,68.0,51.31,51.39,54.92,0.0,0.0,0.0,45.0,51.39,0.0,1.0,0.0,120.0,51.39,738.6,116.52,0.3,0.3,18.08,32.0,16.76,37.94,68.99,91.53,33.95
2018-01-05 17:00:00,1,1,54.92,72.0,68.0,51.3,51.38,54.92,0.0,0.0,0.0,45.0,51.38,0.0,1.0,0.0,120.0,51.38,738.6,116.52,0.3,0.3,18.08,32.0,16.76,37.96,69.0,91.55,33.96
2018-01-05 17:01:00,1,1,54.91,72.0,68.0,51.3,51.37,54.91,0.0,0.0,0.0,45.0,51.37,0.0,1.0,0.0,120.0,51.38,738.6,116.52,0.3,0.3,18.08,32.0,16.76,37.97,69.03,91.58,33.97
2018-01-05 17:02:00,1,1,54.9,72.0,68.0,51.29,51.37,54.9,0.0,0.0,0.0,45.0,51.37,0.0,1.0,0.0,120.0,51.37,738.6,116.52,0.3,0.3,18.08,32.0,16.76,37.98,69.06,91.61,33.98
2018-01-05 17:03:00,1,1,54.89,72.0,68.0,51.28,51.36,54.89,0.0,0.0,0.0,45.0,51.36,0.0,1.0,0.0,120.0,51.36,738.6,116.52,0.3,0.3,18.08,32.01,16.76,38.0,69.09,91.64,33.99
2018-01-05 17:04:00,1,1,54.88,72.0,68.0,51.27,51.35,54.88,0.0,0.0,0.0,45.0,51.35,0.0,1.0,0.0,120.0,51.35,738.6,116.52,0.3,0.3,18.08,32.01,16.76,38.02,69.13,91.67,34.0
2018-01-05 17:05:00,1,1,54.86,72.0,68.0,51.26,51.34,54.86,0.0,0.0,0.0,45.0,51.34,0.0,1.0,0.0,120.0,51.34,738.6,116.52,0.3,0.3,18.08,32.01,16.76,38.03,69.16,91.7,34.02
2018-01-05 17:06:00,1,1,54.85,72.0,68.0,51.25,51.33,54.85,0.0,0.0,0.0,45.0,51.33,0.0,1.0,0.0,120.0,51.33,738.6,116.52,0.3,0.3,18.08,32.02,16.76,38.05,69.2,91.74,34.03
2018-01-05 17:07:00,1,1,54.84,72.0,68.0,51.24,51.32,54.84,0.0,0.0,0.0,45.0,51.32,0.0,1.0,0.0,120.0,51.32,738.6,116.52,0.3,0.3,18.08,32.02,16.76,38.07,69.23,91.77,34.05
2018-01-05 17:08:00,1,1,54.83,72.0,68.0,51.23,51.31,54.83,0.0,0.0,0.0,45.0,51.31,0.0,1.0,0.0,120.0,51.31,738.6,116.52,0.3,0.3,18.08,32.02,16.76,38.09,69.27,91.81,34.06
2018-01-05 17:09:00,1,1,54.81,72.0,68.0,51.22,51.3,54.81,0.0,0.0,0.0,45.0,51.3,0.0,1.0,0.0,120.0,51.3,738.6,116.52,0.3,0.3,18.08,32.03,16.76,38.11,69.31,91.85,34.08
2018-01-05 17:10:00,1,1,54.8,72.0,68.0,51.21,51.29,54.8,0.0,0.0,0.0,45.0,51.29,0.0,1.0,0.0,120.0,51.29,738.6,116.52,0.3,0.3,18.08,32.03,16.76,38.13,69.35,91.89,34.1
2018-01-05 17:11:00,1,1,54.79,72.0,68.0,51.2,51.28,54.79,0.0,0.0,0.0,45.0,51.28,0.0,1.0,0.0,120.0,51.28,738.6,116.52,0.3,0.3,18.08,32.03,16.76,38.15,69.39,91.93,34.11
2018-01-05 17:12:00,1,1,54.77,72.0,68.0,51.19,51.27,54.77,0.0,0.0,0.0,45.0,51.27,0.0,1.0,0.0,120.0,51.27,738.6,116.52,0.3,0.3,18.08,32.03,16.76,38.18,69.42,91.98,34.13
2018-01-05 17:13:00,1,1,54.76,72.0,68.0,51.17,51.26,54.76,0.0,0.0,0.0,45.0,51.26,0.0,1.0,0.0,120.0,51.26,738.6,116.52,0.3,0.3,18.08,32.04,16.76,38.2,69.47,92.02,34.15
2018-01-05 17:14:00,1,1,54.74,72.0,68.0,51.16,51.24,54.74,0.0,0.0,0.0,45.0,51.24,0.0,1.0,0.0,120.0,51.25,738.6,116.52,0.3,0.3,18.08,32.04,16.76,38.22,69.51,92.07,34.17
2018-01-05 17:15:00,1,1,54.72,72.0,68.0,51.15,51.23,54.72,0.0,0.0,0.0,45.0,51.23,0.0,1.0,0.0,120.0,51.23,738.6,116.52,0.3,0.3,18.08,32.04,16.76,38.25,69.55,92.12,34.19
2018-01-05 17:16:00,1,1,54.71,72.0,68.0,51.14,51.22,54.71,0.0,0.0,0.0,45.0,51.22,0.0,1.0,0.0,120.0,51.22,738.6,116.52,0.3,0.3,18.08,32.04,16.76,38.27,69.59,92.17,34.21
2018-01-05 17:17:00,1,1,54.69,72.0,68.0,51.12,51.2,54.69,0.0,0.0,0.0,45.0,51.2,0.0,1.0,0.0,120.0,51.21,738.6,116.52,0.3,0.3,18.08,32.05,16.76,38.3,69.63,92.22,34.23
2018-01-05 17:18:00,1,1,54.68,72.0,68.0,51.11,51.19,54.68,0.0,0.0,0.0,45.0,51.19,0.0,1.0,0.0,120.0,51.19,738.6,116.52,0.3,0.3,18.08,32.05,16.76,38.32,69.68,92.27,34.25
2018-01-05 17:19:00,1,1,54.66,72.0,68.0,51.09,51.18,54.66,0.0,0.0,0.0,45.0,51.18,0.0,1.0,0.0,120.0,51.18,738.6,116.52,0.3,0.3,18.08,32.05,16.76,38.35,69.72,92.32,34.27
2018-01-05 17:20:00,1,1,54.64,72.0,68.0,51.08,51.16,54.64,0.0,0.0,0.0,45.0,51.16,0.0,1.0,0.0,120.0,51.17,738.6,116.52,0.3,0.3,18.08,32.05,16.76,38.37,69.77,92.38,34.29
2018-01-05 17:21:00,1,1,54.62,72.0,68.0,51.07,51.15,54.62,0.0,0.0,0.0,45.0,51.15,0.0,1.0,0.0,120.0,51.15,738.6,116.52,0.3,0.3,18.08,32.05,16.76,38.4,69.81,92.43,34.31
2018-01-05 17:22:00,1,1,54.61,72.0,68.0,51.05,51.13,54.61,0.0,0.0,0.0,45.0,51.13,0.0,1.0,0.0,120.0,51.14,738.6,116.52,0.3,0.3,18.08,32.06,16.76,38.43,69.86,92.49,34.33
2018-01-05 17:23:00,1,1,54.59,72.0,68.0,51.04,51.12,54.59,0.0,0.0,0.0,45.0,51.12,0.0,1.0,0.0,120.0,51.12,738.6,116.52,0.3,0.3,18.08,32.06,16.76,38.46,69.91,92.54,34.36
2018-01-05 17:24:00,1,1,54.57,72.0,68.0,51.02,51.1,54.57,0.0,0.0,0.0,45.0,51.1,0.0,1.0,0.0,120.0,51.11,738.6,116.52,0.3,0.3,18.08,32.06,16.76,38.48,69.95,92.6,34.38
2018-01-05 17:25:00,1,1,54.55,72.0,68.0,51.0,51.09,54.55,0.0,0.0,0.0,45.0,51.09,0.0,1.0,0.0,120.0,51.09,738.6,116.52,0.3,0.3,18.08,32.06,16.76,38.51,70.0,92.66,34.4
2018-01-05 17:26:00,1,1,54.53,72.0,68.0,50.99,51.07,54.53,0.0,0.0,0.0,45.0,51.07,0.0,1.0,0.0,120.0,51.08,738.6,116.52,0.3,0.3,18.08,32.06,16.76,38.54,70.05,92.72,34.43
2018-01-05 17:27:00,1,1,54.51,72.0,68.0,50.97,51.06,54.51,0.0,0.0,0.0,45.0,51.06,0.0,1.0,0.0,120.0,51.06,738.6,116.52,0.3,0.3,18.08,32.06,16.76,38.57,70.1,92.78,34.45
2018-01-05 17:28:00,1,1,54.49,72.0,68.0,50.96,51.04,54.49,0.0,0.0,0.0,45.0,51.04,0.0,1.0,0.0,120.0,51.04,738.6,116.52,0.3,0.3,18.08,32.07,16.76,38.6,70.15,92.84,34.47
2018-01-05 17:29:00,1,1,54.47,72.0,68.0,50.94,51.02,54.47,0.0,0.0,0.0,45.0,51.02,0.0,1.0,0.0,120.0,51.03,738.6,116.52,0.3,0.3,18.08,32.07,16.76,38.63,70.2,92.91,34.5
2018-01-05 17:30:00,1,1,54.45,72.0,68.0,50.92,51.01,54.45,0.0,0.0,0.0,45.0,51.01,0.0,1.0,0.0,120.0,51.01,738.6,116.52,0.3,0.3,18.08,32.07,16.76,38.66,70.25,92.97,34.52
2018-01-05 17:31:00,1,1,54.43,72.0,68.0,50.91,50.99,54.43,0.0,0.0,0.0,45.0,50.99,0.0,1.0,0.0,120.0,50.99,738.6,116.52,0.3,0.3,18.08,32.07,16.76,38.69,70.3,93.04,34.54
2018-01-05 17:32:00,1,1,54.41,72.0,68.0,50.89,50.97,54.41,0.0,0.0,0.0,45.0,50.97,0.0,1.0,0.0,120.0,50.98,738.6,116.52,0.3,0.3,18.08,32.07,16.76,38.72,70.35,93.1,34.57
2018-01-05 17:33:00,1,1,54.39,72.0,68.0,50.87,50.95,54.39,0.0,0.0,0.0,45.0,50.96,0.0,1.0,0.0,120.0,50.96,738.6,116.52,0.3,0.3,18.08,32.07,16.76,38.75,70.4,93.17,34.59
2018-01-05 17:34:00,1,1,54.37,72.0,68.0,50.85,50.94,54.37,0.0,0.0,0.0,45.0,50.94,0.0,1.0,0.0,120.0,50.94,738.6,116.52,0.3,0.3,18.08,32.07,16.76,38.78,70.46,93.24,34.62
2018-01-05 17:35:00,1,1,54.35,72.0,68.0,50.83,50.92,54.35,0.0,0.0,0.0,45.0,50.92,0.0,1.0,0.0,120.0,50.92,738.6,116.52,0.3,0.3,18.08,32.07,16.76,38.81,70.51,93.31,34.64
2018-01-05 17:36:00,1,1,54.33,72.0,68.0,50.82,50.9,54.33,0.0,0.0,0.0,45.0,50.9,0.0,1.0,0.0,120.0,50.91,738.6,116.52,0.3,0.3,18.08,32.07,16.76,38.84,70.56,93.38,34.67
2018-01-05 17:37:00,1,1,54.3,72.0,68.0,50.8,50.88,54.3,0.0,0.0,0.0,45.0,50.88,0.0,1.0,0.0,120.0,50.89,738.6,116.52,0.3,0.3,18.08,32.07,16.76,38.88,70.62,93.45,34.69
2018-01-05 17:38:00,1,1,54.28,72.0,68.0,50.78,50.86,54.28,0.0,0.0,0.0,45.0,50.87,0.0,1.0,0.0,120.0,50.87,738.6,116.52,0.3,0.3,18.08,32.07,16.76,38.91,70.67,93.52,34.72
2018-01-05 17:39:00,1,1,54.26,72.0,68.0,50.76,50.85,54.26,0.0,0.0,0.0,45.0,50.85,0.0,1.0,0.0,120.0,50.85,738.6,116.52,0.3,0.3,18.08,32.07,16.76,38.94,70.73,93.59,34.74
2018-01-05 17:40:00,1,1,54.24,72.0,68.0,50.74,50.83,54.24,0.0,0.0,0.0,45.0,50.83,0.0,1.0,0.0,120.0,50.83,738.6,116.52,0.3,0.3,18.08,32.07,16.76,38.97,70.78,93.67,34.77
2018-01-05 17:41:00,1,1,54.21,72.0,68.0,50.72,50.81,54.21,0.0,0.0,0.0,45.0,50.81,0.0,1.0,0.0,120.0,50.81,738.6,116.52,0.3,0.3,18.08,32.07,16.76,39.0,70.84,93.74,34.8
2018-01-05 17:42:00,1,1,54.19,72.0,68.0,50.7,50.79,54.19,0.0,0.0,0.0,45.0,50.79,0.0,1.0,0.0,120.0,50.79,738.6,116.52,0.3,0.3,18.08,32.06,16.76,39.04,70.89,93.82,34.82
2018-01-05 17:43:00,1,1,54.17,72.0,68.0,50.68,50.77,54.17,0.0,0.0,0.0,45.0,50.77,0.0,1.0,0.0,120.0,50.77,738.6,116.52,0.3,0.3,18.08,32.06,16.76,39.07,70.95,93.89,34.85
2018-01-05 17:44:00,1,1,54.15,72.0,68.0,50.66,50.75,54.15,0.0,0.0,0.0,45.0,50.75,0.0,1.0,0.0,120.0,50.75,738.6,116.52,0.3,0.3,18.08,32.06,16.76,39.1,71.01,93.97,34.87
2018-01-05 17:45:00,1,1,54.12,72.0,68.0,50.64,50.73,54.12,0.0,0.0,0.0,45.0,50.73,0.0,1.0,0.0,120.0,50.73,738.6,116.52,0.3,0.3,18.08,32.06,16.76,39.14,71.07,94.05,34.9
2018-01-05 17:46:00,1,1,54.1,72.0,68.0,50.62,50.71,54.1,0.0,0.0,0.0,45.0,50.71,0.0,1.0,0.0,120.0,50.71,738.6,116.52,0.3,0.3,18.08,32.06,16.76,39.17,71.12,94.13,34.92
2018-01-05 17:47:00,1,1,54.07,72.0,68.0,50.6,50.69,54.07,0.0,0.0,0.0,45.0,50.69,0.0,1.0,0.0,120.0,50.69,738.6,116.52,0.3,0.3,18.08,32.06,16.76,39.2,71.18,94.21,34.95
2018-01-05 17:48:00,1,1,54.05,72.0,68.0,50.58,50.67,54.05,0.0,0.0,0.0,45.0,50.67,0.0,1.0,0.0,120.0,50.67,738.6,116.52,0.3,0.3,18.08,32.05,16.76,39.23,71.24,94.29,34.98
2018-01-05 17:49:00,1,1,54.03,72.0,68.0,50.56,50.65,54.03,0.0,0.0,0.0,45.0,50.65,0.0,1.0,0.0,120.0,50.65,738.6,116.52,0.3,0.3,18.08,32.05,16.76,39.27,71.3,94.37,35.0
2018-01-05 17:50:00,1,1,54.0,72.0,68.0,50.54,50.63,54.0,0.0,0.0,0.0,45.0,50.63,0.0,1.0,0.0,120.0,50.63,738.6,116.52,0.3,0.3,18.08,32.05,16.76,39.3,71.36,94.45,35.03
2018-01-05 17:51:00,1,1,53.98,72.0,68.0,50.52,50.61,53.98,0.0,0.0,0.0,45.0,50.61,0.0,1.0,0.0,120.0,50.61,738.6,116.52,0.3,0.3,18.08,32.04,16.76,39.33,71.42,94.54,35.05
2018-01-05 17:52:00,1,1,53.95,72.0,68.0,50.5,50.59,53.95,0.0,0.0,0.0,45.0,50.59,0.0,1.0,0.0,120.0,50.59,738.6,116.52,0.3,0.3,18.08,32.04,16.76,39.37,71.48,94.62,35.08
2018-01-05 17:53:00,1,1,53.93,72.0,68.0,50.48,50.56,53.93,0.0,0.0,0.0,45.0,50.56,0.0,1.0,0.0,120.0,50.57,738.6,116.52,0.3,0.3,18.08,32.04,16.76,39.4,71.54,94.71,35.11
2018-01-05 17:54:00,1,1,53.9,72.0,68.0,50.46,50.54,53.9,0.0,0.0,0.0,45.0,50.54,0.0,1.0,0.0,120.0,50.55,738.6,116.52,0.3,0.3,18.08,32.03,16.76,39.43,71.6,94.79,35.13
2018-01-05 17:55:00,1,1,53.88,72.0,68.0,50.43,50.52,53.88,0.0,0.0,0.0,45.0,50.52,0.0,1.0,0.0,120.0,50.53,738.6,116.52,0.3,0.3,18.08,32.03,16.76,39.47,71.66,94.88,35.16
2018-01-05 17:56:00,1,1,53.85,72.0,68.0,50.41,50.5,53.85,0.0,0.0,0.0,45.0,50.5,0.0,1.0,0.0,120.0,50.5,738.6,116.52,0.3,0.3,18.08,32.02,16.76,39.5,71.72,94.97,35.18
2018-01-05 17:57:00,1,1,53.83,72.0,68.0,50.39,50.48,53.83,0.0,0.0,0.0,45.0,50.48,0.0,1.0,0.0,120.0,50.48,738.6,116.52,0.3,0.3,18.08,32.02,16.76,39.54,71.78,95.06,35.21
2018-01-05 17:58:00,1,1,53.8,72.0,68.0,50.37,50.45,53.8,0.0,0.0,0.0,45.0,50.45,0.0,1.0,0.0,120.0,50.46,738.6,116.52,0.3,0.3,18.08,32.01,16.76,39.57,71.84,95.15,35.23
2018-01-05 17:59:00,1,1,53.78,72.0,68.0,50.34,50.43,53.78,0.0,0.0,0.0,45.0,50.43,0.0,1.0,0.0,120.0,50.44,738.6,116.52,0.3,0.3,18.08,32.01,16.76,39.6,71.91,95.24,35.26
2018-01-05 18:00:00,1,1,53.75,72.0,68.0,50.32,50.41,53.75,0.0,0.0,0.0,45.0,50.41,0.0,1.0,0.0,120.0,50.41,738.6,116.52,0.3,0.3,18.08,32.0,16.76,39.64,71.97,95.33,35.29
2018-01-05 18:01:00,2,1,53.9,85.0,55.0,53.27,51.26,53.9,0.0,0.0,0.0,45.0,51.49,0.0,0.01,0.0,120.0,50.97,399.82,0.88,0.0,0.0,9.75,31.99,4.53,36.03,72.05,92.07,35.25
2018-01-05 18:02:00,2,1,54.21,85.0,55.0,54.08,52.7,54.21,0.0,0.0,0.0,45.0,52.98,0.0,0.01,0.0,120.0,52.43,399.82,0.88,0.0,0.0,9.75,31.97,2.88,35.28,72.13,86.95,35.13
2018-01-05 18:03:00,2,1,54.55,85.0,55.0,54.49,53.67,54.55,0.0,0.0,0.0,45.0,53.85,0.0,0.01,0.0,120.0,53.51,399.82,0.88,0.0,0.0,9.75,31.95,2.65,35.03,72.22,83.76,34.97
2018-01-05 18:04:00,2,1,54.89,85.0,55.0,54.84,54.29,54.89,0.0,0.0,0.0,45.0,54.4,0.0,0.01,0.0,120.0,54.18,399.82,0.88,0.0,0.0,9.75,31.93,2.62,34.87,72.31,81.87,34.82
2018-01-05 18:05:00,2,1,55.2,85.0,55.0,55.15,54.72,55.2,0.0,0.0,0.0,45.0,54.8,0.0,0.0,0.0,120.0,54.64,399.82,0.88,0.0,0.0,9.75,31.92,2.62,34.76,72.4,80.59,34.71
2018-01-05 18:06:00,2,1,55.48,85.0,55.0,55.43,55.07,55.48,0.0,0.0,0.0,45.0,55.13,0.0,0.0,0.0,120.0,55.0,399.82,0.88,0.0,0.0,9.75,31.9,2.62,34.69,72.49,79.59,34.64
2018-01-05 18:07:00,2,1,55.73,85.0,55.0,55.67,55.36,55.73,0.0,0.0,0.0,45.0,55.42,0.0,0.0,0.0,120.0,55.31,399.82,0.88,0.0,0.0,9.75,31.88,2.62,34.66,72.58,78.76,34.61
2018-01-05 18:08:00,2,1,55.95,85.0,55.0,55.89,55.62,55.95,0.0,0.0,0.0,45.0,55.67,0.0,0.0,0.0,120.0,55.57,399.82,0.88,0.0,0.0,9.75,31.86,2.62,34.65,72.67,78.06,34.6
2018-01-05 18:09:00,2,1,56.19,85.0,55.0,47.18,55.77,56.19,0.0,0.0,0.0,45.0,55.84,0.0,0.0,0.0,120.0,55.75,0.0,0.88,0.0,0.0,0.0,31.84,0.69,45.5,72.76,77.66,34.57
2018-01-05 18:10:00,2,1,56.48,85.0,55.0,44.58,55.79,56.48,0.0,0.0,0.0,45.0,55.84,0.0,0.0,0.0,120.0,55.79,0.0,0.88,0.0,0.0,0.0,31.82,0.09,48.8,72.85,77.61,34.48
2018-01-05 18:11:00,2,1,56.73,85.0,55.0,44.32,55.79,56.73,0.0,0.0,0.0,45.0,55.82,0.0,0.0,0.0,120.0,55.79,0.0,0.88,0.0,0.0,0.0,31.8,0.01,49.23,72.94,77.6,34.44
2018-01-05 18:12:00,2,1,56.93,85.0,55.0,44.36,55.79,56.93,0.0,0.0,0.0,45.0,55.79,0.0,0.0,0.0,120.0,55.79,0.0,0.88,0.0,0.0,0.0,31.78,0.0,49.3,73.03,77.6,34.44
2018-01-05 18:13:00,2,1,57.11,85.0,55.0,44.43,55.79,57.11,0.0,0.0,0.0,45.0,55.76,0.0,0.0,0.0,120.0,55.79,0.0,0.88,0.0,0.0,0.0,31.76,0.0,49.35,73.12,77.6,34.47
2018-01-05 18:14:00,2,1,57.26,85.0,55.0,44.5,55.79,57.26,0.0,0.0,0.0,45.0,55.73,0.0,0.0,0.0,120.0,55.79,0.0,0.88,0.0,0.0,0.0,31.73,0.0,49.42,73.21,77.6,34.53
2018-01-05 18:15:00,2,1,57.38,85.0,55.0,44.55,55.79,57.38,0.0,0.0,0.0,45.0,55.7,0.0,0.0,0.0,120.0,55.79,0.0,0.88,0.0,0.0,0.0,31.71,0.0,49.51,73.29,77.6,34.62
2018-01-05 18:16:00,2,1,57.48,85.0,55.0,44.59,55.79,57.48,0.0,0.0,0.0,45.0,55.67,0.0,0.0,0.0,120.0,55.79,0.0,0.88,0.0,0.0,0.0,31.69,0.0,49.61,73.38,77.6,34.73
2018-01-05 18:17:00,2,1,57.57,85.0,55.0,44.62,55.79,57.57,0.0,0.0,0.0,45.0,55.64,0.0,0.0,0.0,120.0,55.79,0.0,0.88,0.0,0.0,0.0,31.67,0.0,49.73,73.47,77.61,34.85
2018-01-05 18:18:00,2,1,57.65,85.0,55.0,44.65,55.79,57.65,0.0,0.0,0.0,45.0,55.62,0.0,0.0,0.0,120.0,55.79,0.0,0.88,0.0,0.0,0.0,31.65,0.0,49.86,73.56,77.61,34.99
2018-01-05 18:19:00,2,1,57.71,85.0,55.0,44.67,55.79,57.71,0.0,0.0,0.0,45.0,55.59,0.0,0.0,0.0,120.0,55.79,0.0,0.88,0.0,0.0,0.0,31.63,0.0,50.0,73.64,77.61,35.13
2018-01-05 18:20:00,2,1,57.76,85.0,55.0,44.69,55.78,57.76,0.0,0.0,0.0,45.0,55.56,0.0,0.0,0.0,120.0,55.78,0.0,0.88,0.0,0.0,0.0,31.61,0.0,50.15,73.73,77.62,35.29
2018-01-05 18:21:00,2,1,57.8,85.0,55.0,44.7,55.78,57.8,0.0,0.0,0.0,45.0,55.53,0.0,0.0,0.0,120.0,55.78,0.0,0.88,0.0,0.0,0.0,31.59,0.0,50.3,73.82,77.62,35.45
2018-01-05 18:22:00,2,1,57.84,85.0,55.0,44.7,55.78,57.84,0.0,0.0,0.0,45.0,55.5,0.0,0.0,0.0,120.0,55.78,0.0,0.88,0.0,0.0,0.0,31.57,0.0,50.46,73.9,77.63,35.62
2018-01-05 18:23:00,2,1,57.87,85.0,55.0,44.71,55.78,57.87,0.0,0.0,0.0,45.0,55.48,0.0,0.0,0.0,120.0,55.78,0.0,0.88,0.0,0.0,0.0,31.55,0.0,50.62,73.98,77.64,35.79
2018-01-05 18:24:00,2,1,57.89,85.0,55.0,44.71,55.77,57.89,0.0,0.0,0.0,45.0,55.45,0.0,0.0,0.0,120.0,55.77,0.0,0.88,0.0,0.0,0.0,31.53,0.0,50.78,74.07,77.64,35.97
2018-01-05 18:25:00,2,1,57.91,85.0,55.0,44.71,55.77,57.91,0.0,0.0,0.0,45.0,55.42,0.0,0.0,0.0,120.0,55.77,0.0,0.88,0.0,0.0,0.0,31.5,0.0,50.95,74.15,77.65,36.15
2018-01-05 18:26:00,2,1,57.93,85.0,55.0,44.71,55.77,57.93,0.0,0.0,0.0,45.0,55.39,0.0,0.0,0.0,120.0,55.77,0.0,0.88,0.0,0.0,0.0,31.48,0.0,51.12,74.23,77.66,36.33
2018-01-05 18:27:00,2,1,57.94,85.0,55.0,44.7,55.76,57.94,0.0,0.0,0.0,45.0,55.36,0.0,0.0,0.0,120.0,55.76,0.0,0.88,0.0,0.0,0.0,31.46,0.0,51.29,74.31,77.67,36.52
2018-01-05 18:28:00,2,1,57.95,85.0,55.0,44.69,55.76,57.95,0.0,0.0,0.0,45.0,55.34,0.0,0.0,0.0,120.0,55.76,0.0,0.88,0.0,0.0,0.0,31.44,0.0,51.47,74.39,77.68,36.71
2018-01-05 18:29:00,2,1,57.95,85.0,55.0,44.69,55.76,57.95,0.0,0.0,0.0,45.0,55.31,0.0,0.0,0.0,120.0,55.76,0.0,0.88,0.0,0.0,0.0,31.42,0.0,51.64,74.47,77.69,36.89
2018-01-05 18:30:00,2,1,57.95,85.0,55.0,44.68,55.75,57.95,0.0,0.0,0.0,45.0,55.28,0.0,0.0,0.0,120.0,55.75,0.0,0.88,0.0,0.0,0.0,31.4,0.0,51.81,74.55,77.7,37.08
2018-01-05 18:31:00,2,1,57.95,85.0,55.0,44.67,55.75,57.95,0.0,0.0,0.0,45.0,55.26,0.0,0.0,0.0,120.0,55.75,0.0,0.88,0.0,0.0,0.0,31.38,0.0,51.99,74.62,77.71,37.27
2018-01-05 18:32:00,2,1,57.95,85.0,55.0,44.66,55.74,57.95,0.0,0.0,0.0,45.0,55.23,0.0,0.0,0.0,120.0,55.74,0.0,0.88,0.0,0.0,0.0,31.36,0.0,52.17,74.7,77.72,37.46
2018-01-05 18:33:00,2,1,57.95,85.0,55.0,44.64,55.74,57.95,0.0,0.0,0.0,45.0,55.2,0.0,0.0,0.0,120.0,55.74,0.0,0.88,0.0,0.0,0.0,31.34,0.0,52.34,74.77,77.74,37.66
2018-01-05 18:34:00,2,1,57.94,85.0,55.0,44.63,55.74,57.94,0.0,0.0,0.0,45.0,55.17,0.0,0.0,0.0,120.0,55.74,0.0,0.88,0.0,0.0,0.0,31.32,0.0,52.52,74.84,77.75,37.85
2018-01-05 18:35:00,2,1,57.93,85.0,55.0,44.62,55.73,57.93,0.0,0.0,0.0,45.0,55.15,0.0,0.0,0.0,120.0,55.73,0.0,0.88,0.0,0.0,0.0,31.3,0.0,52.69,74.91,77.76,38.04
2018-01-05 18:36:00,2,1,57.92,85.0,55.0,44.6,55.73,57.92,0.0,0.0,0.0,45.0,55.12,0.0,0.0,0.0,120.0,55.73,0.0,0.88,0.0,0.0,0.0,31.28,0.0,52.87,74.98,77.78,38.23
2018-01-05 18:37:00,2,1,57.91,85.0,55.0,44.59,55.72,57.91,0.0,0.0,0.0,45.0,55.09,0.0,0.0,0.0,120.0,55.72,0.0,0.88,0.0,0.0,0.0,31.26,0.0,53.04,75.05,77.79,38.42
2018-01-05 18:38:00,2,1,57.9,85.0,55.0,44.57,55.71,57.9,0.0,0.0,0.0,45.0,55.06,0.0,0.0,0.0,120.0,55.71,0.0,0.88,0.0,0.0,0.0,31.25,0.0,53.21,75.11,77.81,38.61
2018-01-05 18:39:00,2,1,57.89,85.0,55.0,44.56,55.71,57.89,0.0,0.0,0.0,45.0,55.04,0.0,0.0,0.0,120.0,55.71,0.0,0.88,0.0,0.0,0.0,31.23,0.0,53.39,75.18,77.82,38.8
2018-01-05 18:40:00,2,1,57.88,85.0,55.0,44.54,55.7,57.88,0.0,0.0,0.0,45.0,55.01,0.0,0.0,0.0,120.0,55.7,0.0,0.88,0.0,0.0,0.0,31.21,0.0,53.56,75.24,77.84,38.99
2018-01-05 18:41:00,2,1,57.86,85.0,55.0,44.53,55.7,57.86,0.0,0.0,0.0,45.0,54.98,0.0,0.0,0.0,120.0,55.7,0.0,0.88,0.0,0.0,0.0,31.19,0.0,53.73,75.3,77.85,39.18
2018-01-05 18:42:00,2,1,57.85,85.0,55.0,44.51,55.69,57.85,0.0,0.0,0.0,45.0,54.96,0.0,0.0,0.0,120.0,55.69,0.0,0.88,0.0,0.0,0.0,31.17,0.0,53.9,75.36,77.87,39.36
2018-01-05 18:43:00,2,1,57.83,85.0,55.0,44.49,55.68,57.83,0.0,0.0,0.0,45.0,54.93,0.0,0.0,0.0,120.0,55.68,0.0,0.88,0.0,0.0,0.0,31.16,0.0,54.07,75.41,77.89,39.55
2018-01-05 18:44:00,2,1,57.82,85.0,55.0,44.48,55.68,57.82,0.0,0.0,0.0,45.0,54.9,0.0,0.0,0.0,120.0,55.68,0.0,0.88,0.0,0.0,0.0,31.14,0.0,54.23,75.47,77.91,39.74
2018-01-05 18:45:00,2,1,57.8,85.0,55.0,44.46,55.67,57.8,0.0,0.0,0.0,45.0,54.88,0.0,0.0,0.0,120.0,55.67,0.0,0.88,0.0,0.0,0.0,31.12,0.0,54.4,75.52,77.92,39.92
2018-01-05 18:46:00,2,1,57.79,85.0,55.0,44.45,55.66,57.79,0.0,0.0,0.0,45.0,54.85,0.0,0.0,0.0,120.0,55.66,0.0,0.88,0.0,0.0,0.0,31.11,0.0,54.56,75.57,77.94,40.1
2018-01-05 18:47:00,2,1,57.77,85.0,55.0,44.43,55.66,57.77,0.0,0.0,0.0,45.0,54.82,0.0,0.0,0.0,120.0,55.66,0.0,0.88,0.0,0.0,0.0,31.09,0.0,54.72,75.62,77.96,40.28
2018-01-05 18:48:00,2,1,57.75,85.0,55.0,44.41,55.65,57.75,0.0,0.0,0.0,45.0,54.8,0.0,0.0,0.0,120.0,55.65,0.0,0.88,0.0,0.0,0.0,31.07,0.0,54.88,75.66,77.98,40.47
2018-01-05 18:49:00,2,1,57.74,85.0,55.0,44.4,55.64,57.74,0.0,0.0,0.0,45.0,54.77,0.0,0.0,0.0,120.0,55.64,0.0,0.88,0.0,0.0,0.0,31.06,0.0,55.04,75.7,78.0,40.64
2018-01-05 18:50:00,2,1,57.72,85.0,55.0,44.38,55.63,57.72,0.0,0.0,0.0,45.0,54.74,0.0,0.0,0.0,120.0,55.63,0.0,0.88,0.0,0.0,0.0,31.04,0.0,55.2,75.74,78.02,40.82
2018-01-05 18:51:00,2,1,57.7,85.0,55.0,44.37,55.63,57.7,0.0,0.0,0.0,45.0,54.72,0.0,0.0,0.0,120.0,55.63,0.0,0.88,0.0,0.0,0.0,31.03,0.0,55.35,75.78,78.04,41.0
2018-01-05 18:52:00,2,1,57.69,85.0,55.0,44.35,55.62,57.69,0.0,0.0,0.0,45.0,54.69,0.0,0.0,0.0,120.0,55.62,0.0,0.88,0.0,0.0,0.0,31.02,0.0,55.51,75.82,78.07,41.17
2018-01-05 18:53:00,2,1,57.67,85.0,55.0,44.34,55.61,57.67,0.0,0.0,0.0,45.0,54.66,0.0,0.0,0.0,120.0,55.61,0.0,0.88,0.0,0.0,0.0,31.0,0.0,55.66,75.85,78.09,41.35
2018-01-05 18:54:00,2,1,57.65,85.0,55.0,44.32,55.6,57.65,0.0,0.0,0.0,45.0,54.64,0.0,0.0,0.0,120.0,55.6,0.0,0.88,0.0,0.0,0.0,30.99,0.0,55.81,75.88,78.11,41.52
2018-01-05 18:55:00,2,1,57.63,85.0,55.0,44.31,55.59,57.63,0.0,0.0,0.0,45.0,54.61,0.0,0.0,0.0,120.0,55.59,0.0,0.88,0.0,0.0,0.0,30.98,0.0,55.96,75.91,78.13,41.69
2018-01-05 18:56:00,2,1,57.62,85.0,55.0,44.29,55.58,57.62,0.0,0.0,0.0,45.0,54.58,0.0,0.0,0.0,120.0,55.58,0.0,0.88,0.0,0.0,0.0,30.97,0.0,56.1,75.93,78.16,41.86
2018-01-05 18:57:00,2,1,57.6,85.0,55.0,44.28,55.58,57.6,0.0,0.0,0.0,45.0,54.56,0.0,0.0,0.0,120.0,55.58,0.0,0.88,0.0,0.0,0.0,30.95,0.0,56.24,75.95,78.18,42.03
2018-01-05 18:58:00,2,1,57.58,85.0,55.0,44.26,55.57,57.58,0.0,0.0,0.0,45.0,54.53,0.0,0.0,0.0,120.0,55.57,0.0,0.88,0.0,0.0,0.0,30.94,0.0,56.39,75.97,78.21,42.2
2018-01-05 18:59:00,2,1,57.57,85.0,55.0,44.25,55.56,57.57,0.0,0.0,0.0,45.0,54.5,0.0,0.0,0.0,120.0,55.56,0.0,0.88,0.0,0.0,0.0,30.93,0.0,56.53,75.99,78.23,42.36
2018-01-05 19:00:00,2,1,57.55,85.0,55.0,44.24,55.55,57.55,0.0,0.0,0.0,45.0,54.48,0.0,0.0,0.0,120.0,55.55,0.0,0.88,0.0,0.0,0.0,30.92,0.0,56.66,76.0,78.26,42.53
2018-01-05 19:01:00,2,1,57.53,85.0,55.0,44.23,55.54,57.53,0.0,0.0,0.0,45.0,54.45,0.0,0.0,0.0,120.0,55.54,0.0,0.88,0.0,0.0,0.0,30.93,0.0,56.78,75.95,78.28,42.69
2018-01-05 19:02:00,2,1,57.52,85.0,55.0,44.23,55.53,57.52,0.0,0.0,0.0,45.0,54.42,0.0,0.0,0.0,120.0,55.53,0.0,0.88,0.0,0.0,0.0,30.93,0.0,56.89,75.88,78.31,42.85
2018-01-05 19:03:00,2,1,57.51,85.0,55.0,44.23,55.52,57.51,0.0,0.0,0.0,45.0,54.4,0.0,0.0,0.0,120.0,55.52,0.0,0.88,0.0,0.0,0.0,30.94,0.0,56.99,75.79,78.33,43.01
2018-01-05 19:04:00,2,1,57.49,85.0,55.0,44.23,55.51,57.49,0.0,0.0,0.0,45.0,54.37,0.0,0.0,0.0,120.0,55.51,0.0,0.88,0.0,0.0,0.0,30.96,0.0,57.09,75.7,78.36,43.16
2018-01-05 19:05:00,2,1,57.48,85.0,55.0,44.23,55.5,57.48,0.0,0.0,0.0,45.0,54.35,0.0,0.0,0.0,120.0,55.5,0.0,0.88,0.0,0.0,0.0,30.97,0.0,57.19,75.61,78.39,43.32
2018-01-05 19:06:00,2,1,57.48,85.0,55.0,44.23,55.49,57.48,0.0,0.0,0.0,45.0,54.32,0.0,0.0,0.0,120.0,55.49,0.0,0.88,0.0,0.0,0.0,30.98,0.0,57.29,75.52,78.42,43.47
2018-01-05 19:07:00,2,1,57.47,85.0,55.0,44.23,55.48,57.47,0.0,0.0,0.0,45.0,54.29,0.0,0.0,0.0,120.0,55.48,0.0,0.88,0.0,0.0,0.0,30.99,0.0,57.38,75.42,78.45,43.62
2018-01-05 19:08:00,2,1,57.46,85.0,55.0,44.23,55.47,57.46,0.0,0.0,0.0,45.0,54.27,0.0,0.0,0.0,120.0,55.47,0.0,0.88,0.0,0.0,0.0,31.0,0.0,57.47,75.32,78.47,43.77
2018-01-05 19:09:00,2,1,57.45,85.0,55.0,44.24,55.46,57.45,0.0,0.0,0.0,45.0,54.24,0.0,0.0,0.0,120.0,55.46,0.0,0.88,0.0,0.0,0.0,31.02,0.0,57.56,75.22,78.5,43.91
2018-01-05 19:10:00,2,1,57.45,85.0,55.0,44.24,55.45,57.45,0.0,0.0,0.0,45.0,54.22,0.0,0.0,0.0,120.0,55.45,0.0,0.88,0.0,0.0,0.0,31.03,0.0,57.65,75.12,78.53,44.06
2018-01-05 19:11:00,2,1,57.44,85.0,55.0,44.24,55.44,57.44,0.0,0.0,0.0,45.0,54.19,0.0,0.0,0.0,120.0,55.44,0.0,0.88,0.0,0.0,0.0,31.05,0.0,57.74,75.01,78.56,44.2
2018-01-05 19:12:00,2,1,57.44,85.0,55.0,44.25,55.43,57.44,0.0,0.0,0.0,45.0,54.16,0.0,0.0,0.0,120.0,55.43,0.0,0.88,0.0,0.0,0.0,31.06,0.0,57.82,74.91,78.59,44.35
2018-01-05 19:13:00,2,1,57.44,85.0,55.0,44.26,55.41,57.44,0.0,0.0,0.0,45.0,54.14,0.0,0.0,0.0,120.0,55.41,0.0,0.88,0.0,0.0,0.0,31.08,0.0,57.9,74.8,78.62,44.49
2018-01-05 19:14:00,2,1,57.43,85.0,55.0,44.26,55.4,57.43,0.0,0.0,0.0,45.0,54.11,0.0,0.0,0.0,120.0,55.4,0.0,0.88,0.0,0.0,0.0,31.09,0.0,57.98,74.69,78.65,44.63
2018-01-05 19:15:00,2,1,57.43,85.0,55.0,44.27,55.39,57.43,0.0,0.0,0.0,45.0,54.09,0.0,0.0,0.0,120.0,55.39,0.0,0.88,0.0,0.0,0.0,31.11,0.0,58.06,74.57,78.68,44.77
2018-01-05 19:16:00,2,1,57.43,85.0,55.0,44.28,55.38,57.43,0.0,0.0,0.0,45.0,54.06,0.0,0.0,0.0,120.0,55.38,0.0,0.88,0.0,0.0,0.0,31.12,0.0,58.14,74.46,78.72,44.91
2018-01-05 19:17:00,2,1,57.43,85.0,55.0,44.28,55.37,57.43,0.0,0.0,0.0,45.0,54.04,0.0,0.0,0.0,120.0,55.37,0.0,0.88,0.0,0.0,0.0,31.14,0.0,58.22,74.34,78.75,45.05
2018-01-05 19:18:00,2,1,57.43,85.0,55.0,44.29,55.36,57.43,0.0,0.0,0.0,45.0,54.01,0.0,0.0,0.0,120.0,55.36,0.0,0.88,0.0,0.0,0.0,31.16,0.0,58.3,74.22,78.78,45.19
2018-01-05 19:19:00,2,1,57.43,85.0,55.0,44.3,55.35,57.43,0.0,0.0,0.0,45.0,53.99,0.0,0.0,0.0,120.0,55.35,0.0,0.88,0.0,0.0,0.0,31.17,0.0,58.37,74.1,78.81,45.32
2018-01-05 19:20:00,2,1,57.43,85.0,55.0,44.31,55.33,57.43,0.0,0.0,0.0,45.0,53.96,0.0,0.0,0.0,120.0,55.33,0.0,0.88,0.0,0.0,0.0,31.19,0.0,58.44,73.98,78.85,45.46
2018-01-05 19:21:00,2,1,57.43,85.0,55.0,44.32,55.32,57.43,0.0,0.0,0.0,45.0,53.94,0.0,0.0,0.0,120.0,55.32,0.0,0.88,0.0,0.0,0.0,31.21,0.0,58.52,73.86,78.88,45.6
2018-01-05 19:22:00,2,1,57.43,85.0,55.0,44.33,55.31,57.43,0.0,0.0,0.0,45.0,53.91,0.0,0.0,0.0,120.0,55.31,0.0,0.88,0.0,0.0,0.0,31.23,0.0,58.59,73.74,78.91,45.73
2018-01-05 19:23:00,2,1,57.43,85.0,55.0,44.34,55.3,57.43,0.0,0.0,0.0,45.0,53.89,0.0,0.0,0.0,120.0,55.3,0.0,0.88,0.0,0.0,0.0,31.25,0.0,58.66,73.61,78.95,45.87
2018-01-05 19:24:00,2,1,57.44,85.0,55.0,44.35,55.28,57.44,0.0,0.0,0.0,45.0,53.86,0.0,0.0,0.0,120.0,55.28,0.0,0.88,0.0,0.0,0.0,31.27,0.0,58.73,73.49,78.98,46.0
2018-01-05 19:25:00,2,1,57.44,85.0,55.0,44.36,55.27,57.44,0.0,0.0,0.0,45.0,53.84,0.0,0.0,0.0,120.0,55.27,0.0,0.88,0.0,0.0,0.0,31.28,0.0,58.8,73.36,79.02,46.13
2018-01-05 19:26:00,2,1,57.44,85.0,55.0,44.37,55.26,57.44,0.0,0.0,0.0,45.0,53.81,0.0,0.0,0.0,120.0,55.26,0.0,0.88,0.0,0.0,0.0,31.3,0.0,58.87,73.23,79.05,46.26
2018-01-05 19:27:00,2,1,57.45,85.0,55.0,44.38,55.25,57.45,0.0,0.0,0.0,45.0,53.79,0.0,0.0,0.0,120.0,55.25,0.0,0.88,0.0,0.0,0.0,31.32,0.0,58.94,73.11,79.09,46.4
2018-01-05 19:28:00,2,1,57.45,85.0,55.0,44.4,55.23,57.45,0.0,0.0,0.0,45.0,53.77,0.0,0.0,0.0,120.0,55.23,0.0,0.88,0.0,0.0,0.0,31.34,0.0,59.0,72.98,79.12,46.53
2018-01-05 19:29:00,2,1,57.45,85.0,55.0,44.41,55.22,57.45,0.0,0.0,0.0,45.0,53.74,0.0,0.0,0.0,120.0,55.22,0.0,0.88,0.0,0.0,0.0,31.36,0.0,59.07,72.85,79.16,46.66
2018-01-05 19:30:00,2,1,57.46,85.0,55.0,44.42,55.21,57.46,0.0,0.0,0.0,45.0,53.72,0.0,0.0,0.0,120.0,55.21,0.0,0.88,0.0,0.0,0.0,31.38,0.0,59.14,72.72,79.19,46.79
2018-01-05 19:31:00,2,1,57.46,85.0,55.0,44.43,55.2,57.46,0.0,0.0,0.0,45.0,53.69,0.0,0.0,0.0,120.0,55.2,0.0,0.88,0.0,0.0,0.0,31.4,0.0,59.2,72.59,79.23,46.92
2018-01-05 19:32:00,2,1,57.47,85.0,55.0,44.45,55.18,57.47,0.0,0.0,0.0,45.0,53.67,0.0,0.0,0.0,120.0,55.18,0.0,0.88,0.0,0.0,0.0,31.42,0.0,59.27,72.46,79.27,47.05
2018-01-05 19:33:00,2,1,57.47,85.0,55.0,44.46,55.17,57.47,0.0,0.0,0.0,45.0,53.65,0.0,0.0,0.0,120.0,55.17,0.0,0.88,0.0,0.0,0.0,31.44,0.0,59.33,72.33,79.3,47.18
2018-01-05 19:34:00,2,1,57.48,85.0,55.0,44.47,55.16,57.48,0.0,0.0,0.0,45.0,53.62,0.0,0.0,0.0,120.0,55.16,0.0,0.88,0.0,0.0,0.0,31.47,0.0,59.4,72.2,79.34,47.31
2018-01-05 19:35:00,2,1,57.48,85.0,55.0,44.48,55.14,57.48,0.0,0.0,0.0,45.0,53.6,0.0,0.0,0.0,120.0,55.14,0.0,0.88,0.0,0.0,0.0,31.49,0.0,59.46,72.07,79.38,47.44
2018-01-05 19:36:00,2,1,57.49,85.0,55.0,44.5,55.13,57.49,0.0,0.0,0.0,45.0,53.58,0.0,0.0,0.0,120.0,55.13,0.0,0.88,0.0,0.0,0.0,31.51,0.0,59.52,71.94,79.42,47.57
2018-01-05 19:37:00,2,1,57.49,85.0,55.0,44.51,55.12,57.49,0.0,0.0,0.0,45.0,53.55,0.0,0.0,0.0,120.0,55.12,0.0,0.88,0.0,0.0,0.0,31.53,0.0,59.59,71.81,79.46,47.7
2018-01-05 19:38:00,2,1,57.5,85.0,55.0,44.52,55.1,57.5,0.0,0.0,0.0,45.0,53.53,0.0,0.0,0.0,120.0,55.1,0.0,0.88,0.0,0.0,0.0,31.55,0.0,59.65,71.68,79.49,47.83
2018-01-05 19:39:00,2,1,57.51,85.0,55.0,44.54,55.09,57.51,0.0,0.0,0.0,45.0,53.51,0.0,0.0,0.0,120.0,55.09,0.0,0.88,0.0,0.0,0.0,31.57,0.0,59.72,71.55,79.53,47.96
2018-01-05 19:40:00,2,1,57.51,85.0,55.0,44.55,55.07,57.51,0.0,0.0,0.0,45.0,53.48,0.0,0.0,0.0,120.0,55.07,0.0,0.88,0.0,0.0,0.0,31.59,0.0,59.78,71.42,79.57,48.09
2018-01-05 19:41:00,2,1,57.52,85.0,55.0,44.56,55.06,57.52,0.0,0.0,0.0,45.0,53.46,0.0,0.0,0.0,120.0,55.06,0.0,0.88,0.0,0.0,0.0,31.61,0.0,59.84,71.3,79.61,48.22
2018-01-05 19:42:00,2,1,57.52,85.0,55.0,44.58,55.05,57.52,0.0,0.0,0.0,45.0,53.44,0.0,0.0,0.0,120.0,55.05,0.0,0.88,0.0,0.0,0.0,31.63,0.0,59.91,71.17,79.65,48.34
2018-01-05 19:43:00,2,1,57.53,85.0,55.0,44.59,55.03,57.53,0.0,0.0,0.0,45.0,53.41,0.0,0.0,0.0,120.0,55.03,0.0,0.88,0.0,0.0,0.0,31.65,0.0,59.97,71.04,79.69,48.47
2018-01-05 19:44:00,2,1,57.54,85.0,55.0,44.6,55.02,57.54,0.0,0.0,0.0,45.0,53.39,0.0,0.0,0.0,120.0,55.02,0.0,0.88,0.0,0.0,0.0,31.67,0.0,60.03,70.92,79.73,48.6
2018-01-05 19:45:00,2,1,57.54,85.0,55.0,44.62,55.0,57.54,0.0,0.0,0.0,45.0,53.37,0.0,0.0,0.0,120.0,55.0,0.0,0.88,0.0,0.0,0.0,31.7,0.0,60.09,70.79,79.77,48.73
2018-01-05 19:46:00,2,1,57.55,85.0,55.0,44.63,54.99,57.55,0.0,0.0,0.0,45.0,53.35,0.0,0.0,0.0,120.0,54.99,0.0,0.88,0.0,0.0,0.0,31.72,0.0,60.16,70.67,79.81,48.86
2018-01-05 19:47:00,2,1,57.55,85.0,55.0,44.65,54.97,57.55,0.0,0.0,0.0,45.0,53.32,0.0,0.0,0.0,120.0,54.97,0.0,0.88,0.0,0.0,0.0,31.74,0.0,60.22,70.54,79.85,48.98
2018-01-05 19:48:00,2,1,57.56,85.0,55.0,44.66,54.96,57.56,0.0,0.0,0.0,45.0,53.3,0.0,0.0,0.0,120.0,54.96,0.0,0.88,0.0,0.0,0.0,31.76,0.0,60.29,70.42,79.89,49.11
2018-01-05 19:49:00,2,1,57.57,85.0,55.0,44.67,54.95,57.57,0.0,0.0,0.0,45.0,53.28,0.0,0.0,0.0,120.0,54.95,0.0,0.88,0.0,0.0,0.0,31.78,0.0,60.35,70.3,79.93,49.24
2018-01-05 19:50:00,2,1,57.57,85.0,55.0,44.69,54.93,57.57,0.0,0.0,0.0,45.0,53.26,0.0,0.0,0.0,120.0,54.93,0.0,0.88,0.0,0.0,0.0,31.8,0.0,60.41,70.18,79.98,49.37
2018-01-05 19:51:00,2,1,57.58,85.0,55.0,44.7,54.92,57.58,0.0,0.0,0.0,45.0,53.23,0.0,0.0,0.0,120.0,54.92,0.0,0.88,0.0,0.0,0.0,31.82,0.0,60.48,70.06,80.02,49.49
2018-01-05 19:52:00,2,1,57.58,85.0,55.0,44.71,54.9,57.58,0.0,0.0,0.0,45.0,53.21,0.0,0.0,0.0,120.0,54.9,0.0,0.88,0.0,0.0,0.0,31.84,0.0,60.54,69.94,80.06,49.62
2018-01-05 19:53:00,2,1,57.59,85.0,55.0,44.72,54.89,57.59,0.0,0.0,0.0,45.0,53.19,0.0,0.0,0.0,120.0,54.89,0.0,0.88,0.0,0.0,0.0,31.86,0.0,60.61,69.83,80.1,49.75
2018-01-05 19:54:00,2,1,57.6,85.0,55.0,44.74,54.87,57.6,0.0,0.0,0.0,45.0,53.17,0.0,0.0,0.0,120.0,54.87,0.0,0.88,0.0,0.0,0.0,31.88,0.0,60.67,69.71,80.14,49.88
2018-01-05 19:55:00,2,1,57.6,85.0,55.0,44.75,54.86,57.6,0.0,0.0,0.0,45.0,53.15,0.0,0.0,0.0,120.0,54.86,0.0,0.88,0.0,0.0,0.0,31.9,0.0,60.74,69.6,80.19,50.0
2018-01-05 19:56:00,2,1,57.61,85.0,55.0,44.76,54.84,57.61,0.0,0.0,0.0,45.0,53.13,0.0,0.0,0.0,120.0,54.84,0.0,0.88,0.0,0.0,0.0,31.92,0.0,60.8,69.49,80.23,50.13
2018-01-05 19:57:00,2,1,57.61,85.0,55.0,44.77,54.83,57.61,0.0,0.0,0.0,45.0,53.1,0.0,0.0,0.0,120.0,54.83,0.0,0.88,0.0,0.0,0.0,31.94,0.0,60.87,69.38,80.27,50.26
2018-01-05 19:58:00,2,1,57.62,85.0,55.0,44.79,54.81,57.62,0.0,0.0,0.0,45.0,53.08,0.0,0.0,0.0,120.0,54.81,0.0,0.88,0.0,0.0,0.0,31.95,0.0,60.94,69.27,80.32,50.39
2018-01-05 19:59:00,2,1,57.62,85.0,55.0,44.8,54.8,57.62,0.0,0.0,0.0,45.0,53.06,0.0,0.0,0.0,120.0,54.8,0.0,0.88,0.0,0.0,0.0,31.97,0.0,61.01,69.16,80.36,50.51
2018-01-05 20:00:00,2,1,57.63,85.0,55.0,44.81,54.78,57.63,0.0,0.0,0.0,45.0,53.04,0.0,0.0,0.0,120.0,54.78,0.0,0.88,0.0,0.0,0.0,31.99,0.0,61.07,69.06,80.4,50.64
2018-01-05 20:01:00,2,1,57.63,85.0,55.0,44.82,54.77,57.63,0.0,0.0,0.0,45.0,53.02,0.0,0.0,0.0,120.0,54.77,0.0,0.88,0.0,0.0,0.0,32.0,0.0,61.15,68.99,80.45,50.77
2018-01-05 20:02:00,2,1,57.63,85.0,55.0,44.82,54.75,57.63,0.0,0.0,0.0,45.0,53.0,0.0,0.0,0.0,120.0,54.75,0.0,0.88,0.0,0.0,0.0,32.01,0.0,61.24,68.94,80.49,50.9
2018-01-05 20:03:00,2,1,57.63,85.0,55.0,44.82,54.74,57.63,0.0,0.0,0.0,45.0,52.98,0.0,0.0,0.0,120.0,54.74,0.0,0.88,0.0,0.0,0.0,32.01,0.0,61.33,68.9,80.54,51.03
2018-01-05 20:04:00,2,1,57.63,85.0,55.0,44.83,54.72,57.63,0.0,0.0,0.0,45.0,52.96,0.0,0.0,0.0,120.0,54.72,0.0,0.88,0.0,0.0,0.0,32.02,0.0,61.42,68.86,80.58,51.16
2018-01-05 20:05:00,2,1,57.63,85.0,55.0,44.83,54.71,57.63,0.0,0.0,0.0,45.0,52.93,0.0,0.0,0.0,120.0,54.71,0.0,0.88,0.0,0.0,0.0,32.02,0.0,61.52,68.83,80.63,51.29
2018-01-05 20:06:00,2,1,57.63,85.0,55.0,44.83,54.69,57.63,0.0,0.0,0.0,45.0,52.91,0.0,0.0,0.0,120.0,54.69,0.0,0.88,0.0,0.0,0.0,32.03,0.0,61.61,68.79,80.67,51.42
2018-01-05 20:07:00,2,1,57.62,85.0,55.0,44.83,54.67,57.62,0.0,0.0,0.0,45.0,52.89,0.0,0.0,0.0,120.0,54.67,0.0,0.88,0.0,0.0,0.0,32.03,0.0,61.7,68.75,80.71,51.55
2018-01-05 20:08:00,2,1,57.61,85.0,55.0,44.83,54.66,57.61,0.0,0.0,0.0,45.0,52.87,0.0,0.0,0.0,120.0,54.66,0.0,0.88,0.0,0.0,0.0,32.04,0.0,61.8,68.72,80.76,51.69
2018-01-05 20:09:00,2,1,57.61,85.0,55.0,44.82,54.64,57.61,0.0,0.0,0.0,45.0,52.85,0.0,0.0,0.0,120.0,54.64,0.0,0.88,0.0,0.0,0.0,32.04,0.0,61.89,68.69,80.81,51.82
2018-01-05 20:10:00,2,1,57.6,85.0,55.0,44.82,54.63,57.6,0.0,0.0,0.0,45.0,52.83,0.0,0.0,0.0,120.0,54.63,0.0,0.88,0.0,0.0,0.0,32.04,0.0,61.99,68.66,80.85,51.95
2018-01-05 20:11:00,2,1,57.59,85.0,55.0,44.82,54.61,57.59,0.0,0.0,0.0,45.0,52.81,0.0,0.0,0.0,120.0,54.61,0.0,0.88,0.0,0.0,0.0,32.05,0.0,62.08,68.64,80.9,52.08
2018-01-05 20:12:00,2,1,57.58,85.0,55.0,44.82,54.6,57.58,0.0,0.0,0.0,45.0,52.79,0.0,0.0,0.0,120.0,54.6,0.0,0.88,0.0,0.0,0.0,32.05,0.0,62.18,68.61,80.94,52.21
2018-01-05 20:13:00,2,1,57.57,85.0,55.0,44.81,54.58,57.57,0.0,0.0,0.0,45.0,52.77,0.0,0.0,0.0,120.0,54.58,0.0,0.88,0.0,0.0,0.0,32.05,0.0,62.27,68.59,80.99,52.34
2018-01-05 20:14:00,2,1,57.56,85.0,55.0,44.81,54.56,57.56,0.0,0.0,0.0,45.0,52.75,0.0,0.0,0.0,120.0,54.56,0.0,0.88,0.0,0.0,0.0,32.06,0.0,62.37,68.56,81.04,52.47
2018-01-05 20:15:00,2,1,57.55,85.0,55.0,44.8,54.55,57.55,0.0,0.0,0.0,45.0,52.73,0.0,0.0,0.0,120.0,54.55,0.0,0.88,0.0,0.0,0.0,32.06,0.0,62.46,68.54,81.08,52.6
2018-01-05 20:16:00,2,1,57.54,85.0,55.0,44.8,54.53,57.54,0.0,0.0,0.0,45.0,52.71,0.0,0.0,0.0,120.0,54.53,0.0,0.88,0.0,0.0,0.0,32.06,0.0,62.56,68.52,81.13,52.73
2018-01-05 20:17:00,2,1,57.52,85.0,55.0,44.79,54.52,57.52,0.0,0.0,0.0,45.0,52.69,0.0,0.0,0.0,120.0,54.52,0.0,0.88,0.0,0.0,0.0,32.06,0.0,62.65,68.51,81.18,52.86
2018-01-05 20:18:00,2,1,57.51,85.0,55.0,44.79,54.5,57.51,0.0,0.0,0.0,45.0,52.67,0.0,0.0,0.0,120.0,54.5,0.0,0.88,0.0,0.0,0.0,32.06,0.0,62.75,68.49,81.22,52.99
2018-01-05 20:19:00,2,1,57.5,85.0,55.0,44.78,54.48,57.5,0.0,0.0,0.0,45.0,52.65,0.0,0.0,0.0,120.0,54.48,0.0,0.88,0.0,0.0,0.0,32.06,0.0,62.84,68.47,81.27,53.11
2018-01-05 20:20:00,2,1,57.48,85.0,55.0,44.77,54.47,57.48,0.0,0.0,0.0,45.0,52.63,0.0,0.0,0.0,120.0,54.47,0.0,0.88,0.0,0.0,0.0,32.07,0.0,62.93,68.46,81.32,53.24
2018-01-05 20:21:00,2,1,57.47,85.0,55.0,44.77,54.45,57.47,0.0,0.0,0.0,45.0,52.61,0.0,0.0,0.0,120.0,54.45,0.0,0.88,0.0,0.0,0.0,32.07,0.0,63.03,68.45,81.36,53.36
2018-01-05 20:22:00,2,1,57.45,85.0,55.0,44.76,54.44,57.45,0.0,0.0,0.0,45.0,52.59,0.0,0.0,0.0,120.0,54.44,0.0,0.88,0.0,0.0,0.0,32.07,0.0,63.12,68.44,81.41,53.48
2018-01-05 20:23:00,2,1,57.43,85.0,55.0,44.75,54.42,57.43,0.0,0.0,0.0,45.0,52.57,0.0,0.0,0.0,120.0,54.42,0.0,0.88,0.0,0.0,0.0,32.07,0.0,63.21,68.43,81.46,53.61
2018-01-05 20:24:00,2,1,57.42,85.0,55.0,44.74,54.4,57.42,0.0,0.0,0.0,45.0,52.54,0.0,0.0,0.0,120.0,54.4,0.0,0.88,0.0,0.0,0.0,32.07,0.0,63.3,68.42,81.51,53.73
2018-01-05 20:25:00,2,1,57.4,85.0,55.0,44.74,54.39,57.4,0.0,0.0,0.0,45.0,52.52,0.0,0.0,0.0,120.0,54.39,0.0,0.88,0.0,0.0,0.0,32.07,0.0,63.39,68.42,81.56,53.85
2018-01-05 20:26:00,2,1,57.38,85.0,55.0,44.73,54.37,57.38,0.0,0.0,0.0,45.0,52.5,0.0,0.0,0.0,120.0,54.37,0.0,0.88,0.0,0.0,0.0,32.07,0.0,63.48,68.41,81.6,53.96
2018-01-05 20:27:00,2,1,57.37,85.0,55.0,44.72,54.35,57.37,0.0,0.0,0.0,45.0,52.48,0.0,0.0,0.0,120.0,54.35,0.0,0.88,0.0,0.0,0.0,32.07,0.0,63.57,68.41,81.65,54.08
2018-01-05 20:28:00,2,1,57.35,85.0,55.0,44.71,54.34,57.35,0.0,0.0,0.0,45.0,52.46,0.0,0.0,0.0,120.0,54.34,0.0,0.88,0.0,0.0,0.0,32.07,0.0,63.66,68.41,81.7,54.19
2018-01-05 20:29:00,2,1,57.33,85.0,55.0,44.7,54.32,57.33,0.0,0.0,0.0,45.0,52.44,0.0,0.0,0.0,120.0,54.32,0.0,0.88,0.0,0.0,0.0,32.07,0.0,63.75,68.41,81.75,54.31
2018-01-05 20:30:00,2,1,57.31,85.0,55.0,44.69,54.31,57.31,0.0,0.0,0.0,45.0,52.42,0.0,0.0,0.0,120.0,54.31,0.0,0.88,0.0,0.0,0.0,32.07,0.0,63.83,68.41,81.8,54.42
2018-01-05 20:31:00,2,1,57.3,85.0,55.0,44.68,54.29,57.3,0.0,0.0,0.0,45.0,52.4,0.0,0.0,0.0,120.0,54.29,0.0,0.88,0.0,0.0,0.0,32.07,0.0,63.92,68.41,81.85,54.53
2018-01-05 20:32:00,2,1,57.28,85.0,55.0,44.67,54.27,57.28,0.0,0.0,0.0,45.0,52.38,0.0,0.0,0.0,120.0,54.27,0.0,0.88,0.0,0.0,0.0,32.07,0.0,64.0,68.42,81.9,54.64
2018-01-05 20:33:00,2,1,57.26,85.0,55.0,44.66,54.26,57.26,0.0,0.0,0.0,45.0,52.36,0.0,0.0,0.0,120.0,54.26,0.0,0.88,0.0,0.0,0.0,32.07,0.0,64.09,68.42,81.95,54.75
2018-01-05 20:34:00,2,1,57.24,85.0,55.0,44.65,54.24,57.24,0.0,0.0,0.0,45.0,52.34,0.0,0.0,0.0,120.0,54.24,0.0,0.88,0.0,0.0,0.0,32.06,0.0,64.17,68.43,82.0,54.85
2018-01-05 20:35:00,2,1,57.22,85.0,55.0,44.64,54.22,57.22,0.0,0.0,0.0,45.0,52.33,0.0,0.0,0.0,120.0,54.22,0.0,0.88,0.0,0.0,0.0,32.06,0.0,64.25,68.44,82.05,54.96
2018-01-05 20:36:00,2,1,57.2,85.0,55.0,44.63,54.21,57.2,0.0,0.0,0.0,45.0,52.31,0.0,0.0,0.0,120.0,54.21,0.0,0.88,0.0,0.0,0.0,32.06,0.0,64.33,68.45,82.1,55.06
2018-01-05 20:37:00,2,1,57.18,85.0,55.0,44.62,54.19,57.18,0.0,0.0,0.0,45.0,52.29,0.0,0.0,0.0,120.0,54.19,0.0,0.88,0.0,0.0,0.0,32.06,0.0,64.41,68.46,82.15,55.16
2018-01-05 20:38:00,2,1,57.16,85.0,55.0,44.61,54.17,57.16,0.0,0.0,0.0,45.0,52.27,0.0,0.0,0.0,120.0,54.17,0.0,0.88,0.0,0.0,0.0,32.06,0.0,64.49,68.47,82.2,55.26
2018-01-05 20:39:00,2,1,57.14,85.0,55.0,44.6,54.16,57.14,0.0,0.0,0.0,45.0,52.25,0.0,0.0,0.0,120.0,54.16,0.0,0.88,0.0,0.0,0.0,32.06,0.0,64.57,68.48,82.25,55.36
2018-01-05 20:40:00,2,1,57.12,85.0,55.0,44.59,54.14,57.12,0.0,0.0,0.0,45.0,52.23,0.0,0.0,0.0,120.0,54.14,0.0,0.88,0.0,0.0,0.0,32.05,0.0,64.65,68.49,82.3,55.46
2018-01-05 20:41:00,2,1,57.1,85.0,55.0,44.58,54.12,57.1,0.0,0.0,0.0,45.0,52.21,0.0,0.0,0.0,120.0,54.12,0.0,0.88,0.0,0.0,0.0,32.05,0.0,64.72,68.51,82.35,55.55
2018-01-05 20:42:00,2,1,57.08,85.0,55.0,44.57,54.11,57.08,0.0,0.0,0.0,45.0,52.19,0.0,0.0,0.0,120.0,54.11,0.0,0.88,0.0,0.0,0.0,32.05,0.0,64.8,68.53,82.4,55.64
2018-01-05 20:43:00,2,1,57.06,85.0,55.0,44.56,54.09,57.06,0.0,0.0,0.0,45.0,52.17,0.0,0.0,0.0,120.0,54.09,0.0,0.88,0.0,0.0,0.0,32.05,0.0,64.87,68.54,82.45,55.73
2018-01-05 20:44:00,2,1,57.04,85.0,55.0,44.54,54.07,57.04,0.0,0.0,0.0,45.0,52.15,0.0,0.0,0.0,120.0,54.07,0.0,0.88,0.0,0.0,0.0,32.05,0.0,64.95,68.56,82.5,55.82
2018-01-05 20:45:00,2,1,57.02,85.0,55.0,44.53,54.06,57.02,0.0,0.0,0.0,45.0,52.13,0.0,0.0,0.0,120.0,54.06,0.0,0.88,0.0,0.0,0.0,32.04,0.0,65.02,68.58,82.55,55.91
2018-01-05 20:46:00,2,1,57.0,85.0,55.0,44.52,54.04,57.0,0.0,0.0,0.0,45.0,52.11,0.0,0.0,0.0,120.0,54.04,0.0,0.88,0.0,0.0,0.0,32.04,0.0,65.09,68.6,82.6,56.0
2018-01-05 20:47:00,2,1,56.98,85.0,55.0,44.51,54.02,56.98,0.0,0.0,0.0,45.0,52.09,0.0,0.0,0.0,120.0,54.02,0.0,0.88,0.0,0.0,0.0,32.04,0.0,65.16,68.62,82.65,56.08
2018-01-05 20:48:00,2,1,56.96,85.0,55.0,44.5,54.01,56.96,0.0,0.0,0.0,45.0,52.07,0.0,0.0,0.0,120.0,54.01,0.0,0.88,0.0,0.0,0.0,32.04,0.0,65.23,68.65,82.7,56.16
2018-01-05 20:49:00,2,1,56.94,85.0,55.0,44.49,53.99,56.94,0.0,0.0,0.0,45.0,52.05,0.0,0.0,0.0,120.0,53.99,0.0,0.88,0.0,0.0,0.0,32.03,0.0,65.3,68.67,82.76,56.24
2018-01-05 20:50:00,2,1,56.92,85.0,55.0,44.48,53.97,56.92,0.0,0.0,0.0,45.0,52.03,0.0,0.0,0.0,120.0,53.97,0.0,0.88,0.0,0.0,0.0,32.03,0.0,65.36,68.69,82.81,56.32
2018-01-05 20:51:00,2,1,56.9,85.0,55.0,44.46,53.95,56.9,0.0,0.0,0.0,45.0,52.01,0.0,0.0,0.0,120.0,53.95,0.0,0.88,0.0,0.0,0.0,32.03,0.0,65.43,68.72,82.86,56.4
2018-01-05 20:52:00,2,1,56.88,85.0,55.0,44.45,53.94,56.88,0.0,0.0,0.0,45.0,51.99,0.0,0.0,0.0,120.0,53.94,0.0,0.88,0.0,0.0,0.0,32.02,0.0,65.49,68.75,82.91,56.47
2018-01-05 20:53:00,2,1,56.86,85.0,55.0,44.44,53.92,56.86,0.0,0.0,0.0,45.0,51.97,0.0,0.0,0.0,120.0,53.92,0.0,0.88,0.0,0.0,0.0,32.02,0.0,65.55,68.77,82.96,56.55
2018-01-05 20:54:00,2,1,56.84,85.0,55.0,44.43,53.9,56.84,0.0,0.0,0.0,45.0,51.95,0.0,0.0,0.0,120.0,53.9,0.0,0.88,0.0,0.0,0.0,32.02,0.0,65.62,68.8,83.02,56.62
2018-01-05 20:55:00,2,1,56.82,85.0,55.0,44.42,53.89,56.82,0.0,0.0,0.0,45.0,51.93,0.0,0.0,0.0,120.0,53.89,0.0,0.88,0.0,0.0,0.0,32.02,0.0,65.68,68.83,83.07,56.69
2018-01-05 20:56:00,2,1,56.8,85.0,55.0,44.41,53.87,56.8,0.0,0.0,0.0,45.0,51.91,0.0,0.0,0.0,120.0,53.87,0.0,0.88,0.0,0.0,0.0,32.01,0.0,65.74,68.86,83.12,56.75
2018-01-05 20:57:00,2,1,56.78,85.0,55.0,44.4,53.85,56.78,0.0,0.0,0.0,45.0,51.89,0.0,0.0,0.0,120.0,53.85,0.0,0.88,0.0,0.0,0.0,32.01,0.0,65.79,68.9,83.17,56.82
2018-01-05 20:58:00,2,1,56.76,85.0,55.0,44.39,53.83,56.76,0.0,0.0,0.0,45.0,51.87,0.0,0.0,0.0,120.0,53.83,0.0,0.88,0.0,0.0,0.0,32.01,0.0,65.85,68.93,83.23,56.88
2018-01-05 20:59:00,2,1,56.75,85.0,55.0,44.37,53.82,56.75,0.0,0.0,0.0,45.0,51.86,0.0,0.0,0.0,120.0,53.82,0.0,0.88,0.0,0.0,0.0,32.0,0.0,65.91,68.96,83.28,56.94
2018-01-05 21:00:00,2,1,56.73,85.0,55.0,44.36,53.8,56.73,0.0,0.0,0.0,45.0,51.84,0.0,0.0,0.0,120.0,53.8,0.0,0.88,0.0,0.0,0.0,32.0,0.0,65.96,69.0,83.33,57.0
2018-01-05 21:01:00,2,1,56.71,85.0,55.0,44.35,53.78,56.71,0.0,0.0,0.0,45.0,51.82,0.0,0.0,0.0,120.0,53.78,0.0,0.88,0.0,0.0,0.0,32.0,0.0,66.01,69.03,83.39,57.06
2018-01-05 21:02:00,2,1,56.69,85.0,55.0,44.35,53.77,56.69,0.0,0.0,0.0,45.0,51.8,0.0,0.0,0.0,120.0,53.77,0.0,0.88,0.0,0.0,0.0,32.0,0.0,66.07,69.08,83.44,57.12
2018-01-05 21:03:00,2,1,56.68,85.0,55.0,44.34,53.75,56.68,0.0,0.0,0.0,45.0,51.78,0.0,0.0,0.0,120.0,53.75,0.0,0.88,0.0,0.0,0.0,32.0,0.0,66.12,69.12,83.49,57.17
2018-01-05 21:04:00,2,1,56.66,85.0,55.0,44.33,53.73,56.66,0.0,0.0,0.0,45.0,51.76,0.0,0.0,0.0,120.0,53.73,0.0,0.88,0.0,0.0,0.0,32.0,0.0,66.16,69.16,83.55,57.21
2018-01-05 21:05:00,2,1,56.65,85.0,55.0,44.32,53.71,56.65,0.0,0.0,0.0,45.0,51.74,0.0,0.0,0.0,120.0,53.71,0.0,0.88,0.0,0.0,0.0,32.0,0.0,66.21,69.21,83.6,57.26
2018-01-05 21:06:00,2,1,56.64,85.0,55.0,44.32,53.7,56.64,0.0,0.0,0.0,45.0,51.72,0.0,0.0,0.0,120.0,53.7,0.0,0.88,0.0,0.0,0.0,32.0,0.0,66.26,69.25,83.65,57.3
2018-01-05 21:07:00,2,1,56.63,85.0,55.0,44.31,53.68,56.63,0.0,0.0,0.0,45.0,51.7,0.0,0.0,0.0,120.0,53.68,0.0,0.88,0.0,0.0,0.0,32.0,0.0,66.3,69.3,83.71,57.34
2018-01-05 21:08:00,2,1,56.62,85.0,55.0,44.31,53.66,56.62,0.0,0.0,0.0,45.0,51.68,0.0,0.0,0.0,120.0,53.66,0.0,0.88,0.0,0.0,0.0,32.0,0.0,66.34,69.35,83.76,57.38
2018-01-05 21:09:00,2,1,56.61,85.0,55.0,44.3,53.65,56.61,0.0,0.0,0.0,45.0,51.66,0.0,0.0,0.0,120.0,53.65,0.0,0.88,0.0,0.0,0.0,32.0,0.0,66.38,69.39,83.81,57.42
2018-01-05 21:10:00,2,1,56.6,85.0,55.0,44.3,53.63,56.6,0.0,0.0,0.0,45.0,51.64,0.0,0.0,0.0,120.0,53.63,0.0,0.88,0.0,0.0,0.0,32.0,0.0,66.42,69.44,83.87,57.45
2018-01-05 21:11:00,2,1,56.59,85.0,55.0,44.3,53.61,56.59,0.0,0.0,0.0,45.0,51.63,0.0,0.0,0.0,120.0,53.61,0.0,0.88,0.0,0.0,0.0,32.0,0.0,66.46,69.49,83.92,57.48
2018-01-05 21:12:00,2,1,56.58,85.0,55.0,44.29,53.59,56.58,0.0,0.0,0.0,45.0,51.61,0.0,0.0,0.0,120.0,53.59,0.0,0.88,0.0,0.0,0.0,32.0,0.0,66.5,69.54,83.98,57.51
2018-01-05 21:13:00,2,1,56.58,85.0,55.0,44.29,53.58,56.58,0.0,0.0,0.0,45.0,51.59,0.0,0.0,0.0,120.0,53.58,0.0,0.88,0.0,0.0,0.0,32.0,0.0,66.53,69.59,84.03,57.54
2018-01-05 21:14:00,2,1,56.57,85.0,55.0,44.29,53.56,56.57,0.0,0.0,0.0,45.0,51.57,0.0,0.0,0.0,120.0,53.56,0.0,0.88,0.0,0.0,0.0,32.0,0.0,66.57,69.64,84.09,57.57
2018-01-05 21:15:00,2,1,56.57,85.0,55.0,44.28,53.54,56.57,0.0,0.0,0.0,45.0,51.55,0.0,0.0,0.0,120.0,53.54,0.0,0.88,0.0,0.0,0.0,32.0,0.0,66.61,69.69,84.14,57.6
2018-01-05 21:16:00,2,1,56.56,85.0,55.0,44.28,53.52,56.56,0.0,0.0,0.0,45.0,51.53,0.0,0.0,0.0,120.0,53.52,0.0,0.88,0.0,0.0,0.0,32.0,0.0,66.64,69.74,84.2,57.62
2018-01-05 21:17:00,2,1,56.56,85.0,55.0,44.28,53.51,56.56,0.0,0.0,0.0,45.0,51.51,0.0,0.0,0.0,120.0,53.51,0.0,0.88,0.0,0.0,0.0,32.0,0.0,66.67,69.79,84.25,57.65
2018-01-05 21:18:00,2,1,56.55,85.0,55.0,44.28,53.49,56.55,0.0,0.0,0.0,45.0,51.49,0.0,0.0,0.0,120.0,53.49,0.0,0.88,0.0,0.0,0.0,32.0,0.0,66.71,69.84,84.31,57.67
2018-01-05 21:19:00,2,1,56.55,85.0,55.0,44.28,53.47,56.55,0.0,0.0,0.0,45.0,51.48,0.0,0.0,0.0,120.0,53.47,0.0,0.88,0.0,0.0,0.0,32.0,0.0,66.74,69.89,84.36,57.69
2018-01-05 21:20:00,2,1,56.55,85.0,55.0,44.27,53.45,56.55,0.0,0.0,0.0,45.0,51.46,0.0,0.0,0.0,120.0,53.45,0.0,0.88,0.0,0.0,0.0,32.0,0.0,66.77,69.95,84.42,57.71
2018-01-05 21:21:00,2,1,56.55,85.0,55.0,44.27,53.44,56.55,0.0,0.0,0.0,45.0,51.44,0.0,0.0,0.0,120.0,53.44,0.0,0.88,0.0,0.0,0.0,32.0,0.0,66.8,70.0,84.47,57.73
2018-01-05 21:22:00,2,1,56.54,85.0,55.0,44.27,53.42,56.54,0.0,0.0,0.0,45.0,51.42,0.0,0.0,0.0,120.0,53.42,0.0,0.88,0.0,0.0,0.0,32.0,0.0,66.84,70.05,84.53,57.75
2018-01-05 21:23:00,2,1,56.54,85.0,55.0,44.27,53.4,56.54,0.0,0.0,0.0,45.0,51.4,0.0,0.0,0.0,120.0,53.4,0.0,0.88,0.0,0.0,0.0,32.0,0.0,66.87,70.1,84.58,57.77
2018-01-05 21:24:00,2,1,56.54,85.0,55.0,44.27,53.38,56.54,0.0,0.0,0.0,45.0,51.38,0.0,0.0,0.0,120.0,53.38,0.0,0.88,0.0,0.0,0.0,32.0,0.0,66.9,70.16,84.64,57.79
2018-01-05 21:25:00,2,1,56.54,85.0,55.0,44.27,53.37,56.54,0.0,0.0,0.0,45.0,51.36,0.0,0.0,0.0,120.0,53.37,0.0,0.88,0.0,0.0,0.0,32.0,0.0,66.93,70.21,84.7,57.81
2018-01-05 21:26:00,2,1,56.54,85.0,55.0,44.27,53.35,56.54,0.0,0.0,0.0,45.0,51.35,0.0,0.0,0.0,120.0,53.35,0.0,0.88,0.0,0.0,0.0,32.0,0.0,66.96,70.26,84.75,57.83
2018-01-05 21:27:00,2,1,56.54,85.0,55.0,44.27,53.33,56.54,0.0,0.0,0.0,45.0,51.33,0.0,0.0,0.0,120.0,53.33,0.0,0.88,0.0,0.0,0.0,32.0,0.0,66.99,70.32,84.81,57.85
2018-01-05 21:28:00,2,1,56.54,85.0,55.0,44.27,53.31,56.54,0.0,0.0,0.0,45.0,51.31,0.0,0.0,0.0,120.0,53.31,0.0,0.88,0.0,0.0,0.0,32.0,0.0,67.02,70.37,84.86,57.86
2018-01-05 21:29:00,2,1,56.54,85.0,55.0,44.27,53.3,56.54,0.0,0.0,0.0,45.0,51.29,0.0,0.0,0.0,120.0,53.3,0.0,0.88,0.0,0.0,0.0,32.0,0.0,67.05,70.43,84.92,57.88
2018-01-05 21:30:00,2,1,56.54,85.0,55.0,44.27,53.28,56.54,0.0,0.0,0.0,45.0,51.27,0.0,0.0,0.0,120.0,53.28,0.0,0.88,0.0,0.0,0.0,32.0,0.0,67.08,70.48,84.98,57.89
2018-01-05 21:31:00,2,1,56.54,85.0,55.0,44.27,53.26,56.54,0.0,0.0,0.0,45.0,51.26,0.0,0.0,0.0,120.0,53.26,0.0,0.88,0.0,0.0,0.0,32.0,0.0,67.1,70.53,85.03,57.91
2018-01-05 21:32:00,2,1,56.54,85.0,55.0,44.27,53.24,56.54,0.0,0.0,0.0,45.0,51.24,0.0,0.0,0.0,120.0,53.24,0.0,0.88,0.0,0.0,0.0,32.0,0.0,67.13,70.59,85.09,57.92
2018-01-05 21:33:00,2,1,56.54,85.0,55.0,44.27,53.23,56.54,0.0,0.0,0.0,45.0,51.22,0.0,0.0,0.0,120.0,53.23,0.0,0.88,0.0,0.0,0.0,32.0,0.0,67.16,70.64,85.15,57.94
2018-01-05 21:34:00,2,1,56.54,85.0,55.0,44.27,53.21,56.54,0.0,0.0,0.0,45.0,51.2,0.0,0.0,0.0,120.0,53.21,0.0,0.88,0.0,0.0,0.0,32.0,0.0,67.19,70.69,85.2,57.96
2018-01-05 21:35:00,2,1,56.54,85.0,55.0,44.27,53.19,56.54,0.0,0.0,0.0,45.0,51.18,0.0,0.0,0.0,120.0,53.19,0.0,0.88,0.0,0.0,0.0,32.0,0.0,67.22,70.75,85.26,57.97
2018-01-05 21:36:00,2,1,56.54,85.0,55.0,44.27,53.17,56.54,0.0,0.0,0.0,45.0,51.17,0.0,0.0,0.0,120.0,53.17,0.0,0.88,0.0,0.0,0.0,32.0,0.0,67.25,70.8,85.32,57.98
2018-01-05 21:37:00,2,1,56.54,85.0,55.0,44.27,53.16,56.54,0.0,0.0,0.0,45.0,51.15,0.0,0.0,0.0,120.0,53.16,0.0,0.88,0.0,0.0,0.0,32.0,0.0,67.27,70.86,85.37,58.0
2018-01-05 21:38:00,2,1,56.55,85.0,55.0,44.27,53.14,56.55,0.0,0.0,0.0,45.0,51.13,0.0,0.0,0.0,120.0,53.14,0.0,0.88,0.0,0.0,0.0,32.0,0.0,67.3,70.91,85.43,58.01
2018-01-05 21:39:00,2,1,56.55,85.0,55.0,44.27,53.12,56.55,0.0,0.0,0.0,45.0,51.11,0.0,0.0,0.0,120.0,53.12,0.0,0.88,0.0,0.0,0.0,32.0,0.0,67.33,70.96,85.49,58.03
2018-01-05 21:40:00,2,1,56.55,85.0,55.0,44.27,53.1,56.55,0.0,0.0,0.0,45.0,51.1,0.0,0.0,0.0,120.0,53.1,0.0,0.88,0.0,0.0,0.0,32.0,0.0,67.36,71.01,85.54,58.04
2018-01-05 21:41:00,2,1,56.55,85.0,55.0,44.28,53.09,56.55,0.0,0.0,0.0,45.0,51.08,0.0,0.0,0.0,120.0,53.09,0.0,0.88,0.0,0.0,0.0,32.0,0.0,67.39,71.07,85.6,58.06
2018-01-05 21:42:00,2,1,56.55,85.0,55.0,44.28,53.07,56.55,0.0,0.0,0.0,45.0,51.06,0.0,0.0,0.0,120.0,53.07,0.0,0.88,0.0,0.0,0.0,32.0,0.0,67.41,71.12,85.66,58.07
2018-01-05 21:43:00,2,1,56.55,85.0,55.0,44.28,53.05,56.55,0.0,0.0,0.0,45.0,51.04,0.0,0.0,0.0,120.0,53.05,0.0,0.88,0.0,0.0,0.0,32.0,0.0,67.44,71.17,85.72,58.09
2018-01-05 21:44:00,2,1,56.56,85.0,55.0,44.28,53.03,56.56,0.0,0.0,0.0,45.0,51.03,0.0,0.0,0.0,120.0,53.03,0.0,0.88,0.0,0.0,0.0,32.0,0.0,67.47,71.22,85.77,58.1
2018-01-05 21:45:00,2,1,56.56,85.0,55.0,44.28,53.02,56.56,0.0,0.0,0.0,45.0,51.01,0.0,0.0,0.0,120.0,53.02,0.0,0.88,0.0,0.0,0.0,32.0,0.0,67.5,71.27,85.83,58.12
2018-01-05 21:46:00,2,1,56.56,85.0,55.0,44.28,53.0,56.56,0.0,0.0,0.0,45.0,50.99,0.0,0.0,0.0,120.0,53.0,0.0,0.88,0.0,0.0,0.0,32.0,0.0,67.53,71.32,85.89,58.13
2018-01-05 21:47:00,2,1,56.56,85.0,55.0,44.28,52.98,56.56,0.0,0.0,0.0,45.0,50.97,0.0,0.0,0.0,120.0,52.98,0.0,0.88,0.0,0.0,0.0,32.0,0.0,67.55,71.38,85.95,58.15
2018-01-05 21:48:00,2,1,56.56,85.0,55.0,44.28,52.96,56.56,0.0,0.0,0.0,45.0,50.96,0.0,0.0,0.0,120.0,52.96,0.0,0.88,0.0,0.0,0.0,32.0,0.0,67.58,71.43,86.0,58.17
2018-01-05 21:49:00,2,1,56.56,85.0,55.0,44.28,52.95,56.56,0.0,0.0,0.0,45.0,50.94,0.0,0.0,0.0,120.0,52.95,0.0,0.88,0.0,0.0,0.0,32.0,0.0,67.61,71.47,86.06,58.18
2018-01-05 21:50:00,2,1,56.57,85.0,55.0,44.28,52.93,56.57,0.0,0.0,0.0,45.0,50.92,0.0,0.0,0.0,120.0,52.93,0.0,0.88,0.0,0.0,0.0,32.0,0.0,67.64,71.52,86.12,58.2
2018-01-05 21:51:00,2,1,56.57,85.0,55.0,44.28,52.91,56.57,0.0,0.0,0.0,45.0,50.9,0.0,0.0,0.0,120.0,52.91,0.0,0.88,0.0,0.0,0.0,32.0,0.0,67.67,71.57,86.18,58.22
2018-01-05 21:52:00,2,1,56.57,85.0,55.0,44.28,52.89,56.57,0.0,0.0,0.0,45.0,50.89,0.0,0.0,0.0,120.0,52.89,0.0,0.88,0.0,0.0,0.0,32.0,0.0,67.7,71.62,86.24,58.23
2018-01-05 21:53:00,2,1,56.57,85.0,55.0,44.28,52.88,56.57,0.0,0.0,0.0,45.0,50.87,0.0,0.0,0.0,120.0,52.88,0.0,0.88,0.0,0.0,0.0,32.0,0.0,67.72,71.67,86.29,58.25
2018-01-05 21:54:00,2,1,56.57,85.0,55.0,44.29,52.86,56.57,0.0,0.0,0.0,45.0,50.85,0.0,0.0,0.0,120.0,52.86,0.0,0.88,0.0,0.0,0.0,32.0,0.0,67.75,71.71,86.35,58.27
2018-01-05 21:55:00,2,1,56.57,85.0,55.0,44.29,52.84,56.57,0.0,0.0,0.0,45.0,50.84,0.0,0.0,0.0,120.0,52.84,0.0,0.88,0.0,0.0,0.0,32.0,0.0,67.78,71.76,86.41,58.29
2018-01-05 21:56:00,2,1,56.57,85.0,55.0,44.29,52.82,56.57,0.0,0.0,0.0,45.0,50.82,0.0,0.0,0.0,120.0,52.82,0.0,0.88,0.0,0.0,0.0,32.0,0.0,67.81,71.8,86.47,58.31
2018-01-05 21:57:00,2,1,56.57,85.0,55.0,44.29,52.81,56.57,0.0,0.0,0.0,45.0,50.8,0.0,0.0,0.0,120.0,52.81,0.0,0.88,0.0,0.0,0.0,32.0,0.0,67.84,71.85,86.53,58.33
2018-01-05 21:58:00,2,1,56.57,85.0,55.0,44.29,52.79,56.57,0.0,0.0,0.0,45.0,50.79,0.0,0.0,0.0,120.0,52.79,0.0,0.88,0.0,0.0,0.0,32.0,0.0,67.87,71.89,86.59,58.35
2018-01-05 21:59:00,2,1,56.58,85.0,55.0,44.29,52.77,56.58,0.0,0.0,0.0,45.0,50.77,0.0,0.0,0.0,120.0,52.77,0.0,0.88,0.0,0.0,0.0,32.0,0.0,67.9,71.94,86.64,58.37
2018-01-05 22:00:00,2,1,56.58,85.0,55.0,44.29,52.75,56.58,0.0,0.0,0.0,45.0,50.75,0.0,0.0,0.0,120.0,52.75,0.0,0.88,0.0,0.0,0.0,32.0,0.0,67.93,71.98,86.7,58.39
2018-01-05 22:01:00,2,1,56.58,85.0,55.0,44.29,52.74,56.58,0.0,0.0,0.0,45.0,50.74,0.0,0.0,0.0,120.0,52.74,0.0,0.88,0.0,0.0,0.0,32.0,0.0,67.95,71.99,86.76,58.41
2018-01-05 22:02:00,2,1,56.57,85.0,55.0,44.29,52.72,56.57,0.0,0.0,0.0,45.0,50.72,0.0,0.0,0.0,120.0,52.72,0.0,0.88,0.0,0.0,0.0,32.0,0.0,67.97,71.99,86.82,58.44
2018-01-05 22:03:00,2,1,56.57,85.0,55.0,44.29,52.7,56.57,0.0,0.0,0.0,45.0,50.7,0.0,0.0,0.0,120.0,52.7,0.0,0.88,0.0,0.0,0.0,32.0,0.0,67.99,71.99,86.88,58.46
2018-01-05 22:04:00,2,1,56.57,85.0,55.0,44.28,52.68,56.57,0.0,0.0,0.0,45.0,50.69,0.0,0.0,0.0,120.0,52.68,0.0,0.88,0.0,0.0,0.0,32.0,0.0,68.01,71.98,86.94,58.49
2018-01-05 22:05:00,2,1,56.56,85.0,55.0,44.28,52.67,56.56,0.0,0.0,0.0,45.0,50.67,0.0,0.0,0.0,120.0,52.67,0.0,0.88,0.0,0.0,0.0,32.0,0.0,68.03,71.98,87.0,58.52
2018-01-05 22:06:00,2,1,56.56,85.0,55.0,44.28,52.65,56.56,0.0,0.0,0.0,45.0,50.65,0.0,0.0,0.0,120.0,52.65,0.0,0.88,0.0,0.0,0.0,32.0,0.0,68.05,71.97,87.06,58.56
2018-01-05 22:07:00,2,1,56.55,85.0,55.0,44.28,52.63,56.55,0.0,0.0,0.0,45.0,50.64,0.0,0.0,0.0,120.0,52.63,0.0,0.88,0.0,0.0,0.0,32.0,0.0,68.08,71.96,87.11,58.59
2018-01-05 22:08:00,2,1,56.54,85.0,55.0,44.27,52.61,56.54,0.0,0.0,0.0,45.0,50.62,0.0,0.0,0.0,120.0,52.61,0.0,0.88,0.0,0.0,0.0,32.0,0.0,68.1,71.96,87.17,58.62
2018-01-05 22:09:00,2,1,56.53,85.0,55.0,44.27,52.6,56.53,0.0,0.0,0.0,45.0,50.6,0.0,0.0,0.0,120.0,52.6,0.0,0.88,0.0,0.0,0.0,32.0,0.0,68.13,71.95,87.23,58.66
2018-01-05 22:10:00,2,1,56.53,85.0,55.0,44.26,52.58,56.53,0.0,0.0,0.0,45.0,50.59,0.0,0.0,0.0,120.0,52.58,0.0,0.88,0.0,0.0,0.0,32.0,0.0,68.15,71.94,87.29,58.7
2018-01-05 22:11:00,2,1,56.52,85.0,55.0,44.26,52.56,56.52,0.0,0.0,0.0,45.0,50.57,0.0,0.0,0.0,120.0,52.56,0.0,0.88,0.0,0.0,0.0,32.0,0.0,68.18,71.93,87.35,58.74
2018-01-05 22:12:00,2,1,56.51,85.0,55.0,44.25,52.54,56.51,0.0,0.0,0.0,45.0,50.55,0.0,0.0,0.0,120.0,52.54,0.0,0.88,0.0,0.0,0.0,32.0,0.0,68.2,71.92,87.41,58.78
2018-01-05 22:13:00,2,1,56.49,85.0,55.0,44.25,52.53,56.49,0.0,0.0,0.0,45.0,50.54,0.0,0.0,0.0,120.0,52.53,0.0,0.88,0.0,0.0,0.0,32.0,0.0,68.23,71.91,87.47,58.82
2018-01-05 22:14:00,2,1,56.48,85.0,55.0,44.24,52.51,56.48,0.0,0.0,0.0,45.0,50.52,0.0,0.0,0.0,120.0,52.51,0.0,0.88,0.0,0.0,0.0,32.0,0.0,68.25,71.9,87.53,58.86
2018-01-05 22:15:00,2,1,56.47,85.0,55.0,44.24,52.49,56.47,0.0,0.0,0.0,45.0,50.51,0.0,0.0,0.0,120.0,52.49,0.0,0.88,0.0,0.0,0.0,32.0,0.0,68.28,71.89,87.59,58.9
2018-01-05 22:16:00,2,1,56.46,85.0,55.0,44.23,52.47,56.46,0.0,0.0,0.0,45.0,50.49,0.0,0.0,0.0,120.0,52.47,0.0,0.88,0.0,0.0,0.0,32.0,0.0,68.31,71.88,87.65,58.94
2018-01-05 22:17:00,2,1,56.45,85.0,55.0,44.22,52.46,56.45,0.0,0.0,0.0,45.0,50.47,0.0,0.0,0.0,120.0,52.46,0.0,0.88,0.0,0.0,0.0,32.0,0.0,68.34,71.87,87.71,58.98
2018-01-05 22:18:00,2,1,56.43,85.0,55.0,44.22,52.44,56.43,0.0,0.0,0.0,45.0,50.46,0.0,0.0,0.0,120.0,52.44,0.0,0.88,0.0,0.0,0.0,32.0,0.0,68.37,71.86,87.77,59.03
2018-01-05 22:19:00,2,1,56.42,85.0,55.0,44.21,52.42,56.42,0.0,0.0,0.0,45.0,50.44,0.0,0.0,0.0,120.0,52.42,0.0,0.88,0.0,0.0,0.0,32.0,0.0,68.39,71.85,87.83,59.07
2018-01-05 22:20:00,2,1,56.41,85.0,55.0,44.2,52.4,56.41,0.0,0.0,0.0,45.0,50.43,0.0,0.0,0.0,120.0,52.4,0.0,0.88,0.0,0.0,0.0,32.0,0.0,68.42,71.84,87.88,59.11
2018-01-05 22:21:00,2,1,56.39,85.0,55.0,44.2,52.39,56.39,0.0,0.0,0.0,45.0,50.41,0.0,0.0,0.0,120.0,52.39,0.0,0.88,0.0,0.0,0.0,32.0,0.0,68.45,71.83,87.94,59.16
2018-01-05 22:22:00,2,1,56.38,85.0,55.0,44.19,52.37,56.38,0.0,0.0,0.0,45.0,50.39,0.0,0.0,0.0,120.0,52.37,0.0,0.88,0.0,0.0,0.0,32.0,0.0,68.48,71.82,88.0,59.2
2018-01-05 22:23:00,2,1,56.36,85.0,55.0,44.18,52.35,56.36,0.0,0.0,0.0,45.0,50.38,0.0,0.0,0.0,120.0,52.35,0.0,0.88,0.0,0.0,0.0,32.0,0.0,68.51,71.81,88.06,59.25
2018-01-05 22:24:00,2,1,56.35,85.0,55.0,44.17,52.34,56.35,0.0,0.0,0.0,45.0,50.36,0.0,0.0,0.0,120.0,52.34,0.0,0.88,0.0,0.0,0.0,32.0,0.0,68.54,71.8,88.12,59.3
2018-01-05 22:25:00,2,1,56.33,85.0,55.0,44.17,52.32,56.33,0.0,0.0,0.0,45.0,50.35,0.0,0.0,0.0,120.0,52.32,0.0,0.88,0.0,0.0,0.0,32.0,0.0,68.57,71.79,88.18,59.34
2018-01-05 22:26:00,2,1,56.31,85.0,55.0,44.16,52.3,56.31,0.0,0.0,0.0,45.0,50.33,0.0,0.0,0.0,120.0,52.3,0.0,0.88,0.0,0.0,0.0,32.0,0.0,68.6,71.78,88.24,59.39
2018-01-05 22:27:00,2,1,56.3,85.0,55.0,44.15,52.28,56.3,0.0,0.0,0.0,45.0,50.31,0.0,0.0,0.0,120.0,52.28,0.0,0.88,0.0,0.0,0.0,32.0,0.0,68.63,71.77,88.3,59.43
2018-01-05 22:28:00,2,1,56.28,85.0,55.0,44.14,52.27,56.28,0.0,0.0,0.0,45.0,50.3,0.0,0.0,0.0,120.0,52.27,0.0,0.88,0.0,0.0,0.0,32.0,0.0,68.66,71.76,88.36,59.48
2018-01-05 22:29:00,2,1,56.27,85.0,55.0,44.13,52.25,56.27,0.0,0.0,0.0,45.0,50.28,0.0,0.0,0.0,120.0,52.25,0.0,0.88,0.0,0.0,0.0,32.0,0.0,68.69,71.76,88.42,59.53
2018-01-05 22:30:00,2,1,56.25,85.0,55.0,44.12,52.23,56.25,0.0,0.0,0.0,45.0,50.27,0.0,0.0,0.0,120.0,52.23,0.0,0.88,0.0,0.0,0.0,32.0,0.0,68.72,71.75,88.48,59.57
2018-01-05 22:31:00,2,1,56.23,85.0,55.0,44.12,52.21,56.23,0.0,0.0,0.0,45.0,50.25,0.0,0.0,0.0,120.0,52.21,0.0,0.88,0.0,0.0,0.0,32.0,0.0,68.75,71.74,88.54,59.62
2018-01-05 22:32:00,2,1,56.21,85.0,55.0,44.11,52.2,56.21,0.0,0.0,0.0,45.0,50.23,0.0,0.0,0.0,120.0,52.2,0.0,0.88,0.0,0.0,0.0,32.0,0.0,68.78,71.74,88.6,59.67
2018-01-05 22:33:00,2,1,56.2,85.0,55.0,44.1,52.18,56.2,0.0,0.0,0.0,45.0,50.22,0.0,0.0,0.0,120.0,52.18,0.0,0.88,0.0,0.0,0.0,32.0,0.0,68.81,71.73,88.66,59.72
2018-01-05 22:34:00,2,1,56.18,85.0,55.0,44.09,52.16,56.18,0.0,0.0,0.0,45.0,50.2,0.0,0.0,0.0,120.0,52.16,0.0,0.88,0.0,0.0,0.0,32.0,0.0,68.85,71.73,88.72,59.76
2018-01-05 22:35:00,2,1,56.16,85.0,55.0,44.08,52.15,56.16,0.0,0.0,0.0,45.0,50.19,0.0,0.0,0.0,120.0,52.15,0.0,0.88,0.0,0.0,0.0,32.0,0.0,68.88,71.72,88.78,59.81
2018-01-05 22:36:00,2,1,56.14,85.0,55.0,44.07,52.13,56.14,0.0,0.0,0.0,45.0,50.17,0.0,0.0,0.0,120.0,52.13,0.0,0.88,0.0,0.0,0.0,32.0,0.0,68.91,71.72,88.84,59.86
2018-01-05 22:37:00,2,1,56.13,85.0,55.0,44.06,52.11,56.13,0.0,0.0,0.0,45.0,50.15,0.0,0.0,0.0,120.0,52.11,0.0,0.88,0.0,0.0,0.0,32.0,0.0,68.94,71.72,88.9,59.9
2018-01-05 22:38:00,2,1,56.11,85.0,55.0,44.05,52.09,56.11,0.0,0.0,0.0,45.0,50.14,0.0,0.0,0.0,120.0,52.09,0.0,0.88,0.0,0.0,0.0,32.0,0.0,68.97,71.71,88.96,59.95
2018-01-05 22:39:00,2,1,56.09,85.0,55.0,44.04,52.08,56.09,0.0,0.0,0.0,45.0,50.12,0.0,0.0,0.0,120.0,52.08,0.0,0.88,0.0,0.0,0.0,32.0,0.0,69.01,71.71,89.02,60.0
2018-01-05 22:40:00,2,1,56.07,85.0,55.0,44.04,52.06,56.07,0.0,0.0,0.0,45.0,50.11,0.0,0.0,0.0,120.0,52.06,0.0,0.88,0.0,0.0,0.0,32.0,0.0,69.04,71.71,89.08,60.05
2018-01-05 22:41:00,2,1,56.05,85.0,55.0,44.03,52.04,56.05,0.0,0.0,0.0,45.0,50.09,0.0,0.0,0.0,120.0,52.04,0.0,0.88,0.0,0.0,0.0,32.0,0.0,69.07,71.71,89.14,60.09
2018-01-05 22:42:00,2,1,56.03,85.0,55.0,44.02,52.03,56.03,0.0,0.0,0.0,45.0,50.08,0.0,0.0,0.0,120.0,52.03,0.0,0.88,0.0,0.0,0.0,32.0,0.0,69.1,71.72,89.2,60.14
2018-01-05 22:43:00,2,1,56.02,85.0,55.0,44.01,52.01,56.02,0.0,0.0,0.0,45.0,50.06,0.0,0.0,0.0,120.0,52.01,0.0,0.88,0.0,0.0,0.0,32.0,0.0,69.14,71.72,89.26,60.19
2018-01-05 22:44:00,2,1,56.0,85.0,55.0,44.0,51.99,56.0,0.0,0.0,0.0,45.0,50.05,0.0,0.0,0.0,120.0,51.99,0.0,0.88,0.0,0.0,0.0,32.0,0.0,69.17,71.72,89.33,60.23
2018-01-05 22:45:00,2,1,55.98,85.0,55.0,43.99,51.98,55.98,0.0,0.0,0.0,45.0,50.03,0.0,0.0,0.0,120.0,51.98,0.0,0.88,0.0,0.0,0.0,32.0,0.0,69.2,71.73,89.39,60.28
2018-01-05 22:46:00,2,1,55.96,85.0,55.0,43.98,51.96,55.96,0.0,0.0,0.0,45.0,50.01,0.0,0.0,0.0,120.0,51.96,0.0,0.88,0.0,0.0,0.0,32.0,0.0,69.24,71.74,89.45,60.32
2018-01-05 22:47:00,2,1,55.94,85.0,55.0,43.97,51.94,55.94,0.0,0.0,0.0,45.0,50.0,0.0,0.0,0.0,120.0,51.94,0.0,0.88,0.0,0.0,0.0,32.0,0.0,69.27,71.74,89.51,60.37
2018-01-05 22:48:00,2,1,55.92,85.0,55.0,43.96,51.92,55.92,0.0,0.0,0.0,45.0,49.98,0.0,0.0,0.0,120.0,51.92,0.0,0.88,0.0,0.0,0.0,32.0,0.0,69.31,71.75,89.57,60.42
2018-01-05 22:49:00,2,1,55.9,85.0,55.0,43.95,51.91,55.9,0.0,0.0,0.0,45.0,49.97,0.0,0.0,0.0,120.0,51.91,0.0,0.88,0.0,0.0,0.0,32.0,0.0,69.34,71.76,89.63,60.46
2018-01-05 22:50:00,2,1,55.89,85.0,55.0,43.94,51.89,55.89,0.0,0.0,0.0,45.0,49.95,0.0,0.0,0.0,120.0,51.89,0.0,0.88,0.0,0.0,0.0,32.0,0.0,69.37,71.78,89.69,60.51
2018-01-05 22:51:00,2,1,55.87,85.0,55.0,43.93,51.87,55.87,0.0,0.0,0.0,45.0,49.94,0.0,0.0,0.0,120.0,51.87,0.0,0.88,0.0,0.0,0.0,32.0,0.0,69.41,71.79,89.75,60.55
2018-01-05 22:52:00,2,1,55.85,85.0,55.0,43.92,51.86,55.85,0.0,0.0,0.0,45.0,49.92,0.0,0.0,0.0,120.0,51.86,0.0,0.88,0.0,0.0,0.0,32.0,0.0,69.44,71.8,89.81,60.6
2018-01-05 22:53:00,2,1,55.83,85.0,55.0,43.91,51.84,55.83,0.0,0.0,0.0,45.0,49.91,0.0,0.0,0.0,120.0,51.84,0.0,0.88,0.0,0.0,0.0,32.0,0.0,69.48,71.82,89.87,60.64
2018-01-05 22:54:00,2,1,55.81,85.0,55.0,43.91,51.82,55.81,0.0,0.0,0.0,45.0,49.89,0.0,0.0,0.0,120.0,51.82,0.0,0.88,0.0,0.0,0.0,32.0,0.0,69.51,71.84,89.93,60.68
2018-01-05 22:55:00,2,1,55.79,85.0,55.0,43.9,51.81,55.79,0.0,0.0,0.0,45.0,49.87,0.0,0.0,0.0,120.0,51.81,0.0,0.88,0.0,0.0,0.0,32.0,0.0,69.55,71.86,89.99,60.73
2018-01-05 22:56:00,2,1,55.77,85.0,55.0,43.89,51.79,55.77,0.0,0.0,0.0,45.0,49.86,0.0,0.0,0.0,120.0,51.79,0.0,0.88,0.0,0.0,0.0,32.0,0.0,69.58,71.88,90.05,60.77
2018-01-05 22:57:00,2,1,55.76,85.0,55.0,43.88,51.77,55.76,0.0,0.0,0.0,45.0,49.84,0.0,0.0,0.0,120.0,51.77,0.0,0.88,0.0,0.0,0.0,32.0,0.0,69.62,71.9,90.11,60.81
2018-01-05 22:58:00,2,1,55.74,85.0,55.0,43.87,51.76,55.74,0.0,0.0,0.0,45.0,49.83,0.0,0.0,0.0,120.0,51.76,0.0,0.88,0.0,0.0,0.0,32.0,0.0,69.66,71.93,90.18,60.85
2018-01-05 22:59:00,2,1,55.72,85.0,55.0,43.86,51.74,55.72,0.0,0.0,0.0,45.0,49.81,0.0,0.0,0.0,120.0,51.74,0.0,0.88,0.0,0.0,0.0,32.0,0.0,69.69,71.95,90.24,60.9
2018-01-05 23:00:00,2,1,55.7,85.0,55.0,43.85,51.72,55.7,0.0,0.0,0.0,45.0,49.8,0.0,0.0,0.0,120.0,51.72,0.0,0.88,0.0,0.0,0.0,32.0,0.0,69.73,71.98,90.3,60.94
2018-01-05 23:01:00,2,1,55.68,85.0,55.0,43.84,51.7,55.68,0.0,0.0,0.0,45.0,49.78,0.0,0.0,0.0,120.0,51.7,0.0,0.88,0.0,0.0,0.0,32.0,0.0,69.78,72.06,90.36,60.98
2018-01-05 23:02:00,2,1,55.67,85.0,55.0,43.83,51.69,55.67,0.0,0.0,0.0,45.0,49.77,0.0,0.0,0.0,120.0,51.69,0.0,0.88,0.0,0.0,0.0,32.0,0.0,69.84,72.16,90.42,61.02
2018-01-05 23:03:00,2,1,55.65,85.0,55.0,43.83,51.67,55.65,0.0,0.0,0.0,45.0,49.75,0.0,0.0,0.0,120.0,51.67,0.0,0.88,0.0,0.0,0.0,32.0,0.0,69.9,72.27,90.48,61.05
2018-01-05 23:04:00,2,1,55.64,85.0,55.0,43.82,51.65,55.64,0.0,0.0,0.0,45.0,49.74,0.0,0.0,0.0,120.0,51.65,0.0,0.88,0.0,0.0,0.0,32.0,0.0,69.95,72.38,90.54,61.09
2018-01-05 23:05:00,2,1,55.62,85.0,55.0,43.81,51.64,55.62,0.0,0.0,0.0,45.0,49.72,0.0,0.0,0.0,120.0,51.64,0.0,0.88,0.0,0.0,0.0,32.0,0.0,70.01,72.5,90.6,61.12
2018-01-05 23:06:00,2,1,55.61,85.0,55.0,43.8,51.62,55.61,0.0,0.0,0.0,45.0,49.71,0.0,0.0,0.0,120.0,51.62,0.0,0.88,0.0,0.0,0.0,32.0,0.0,70.07,72.61,90.67,61.15
2018-01-05 23:07:00,2,1,55.59,85.0,55.0,43.8,51.6,55.59,0.0,0.0,0.0,45.0,49.69,0.0,0.0,0.0,120.0,51.6,0.0,0.88,0.0,0.0,0.0,32.0,0.0,70.13,72.73,90.73,61.19
2018-01-05 23:08:00,2,1,55.58,85.0,55.0,43.79,51.59,55.58,0.0,0.0,0.0,45.0,49.68,0.0,0.0,0.0,120.0,51.59,0.0,0.88,0.0,0.0,0.0,32.0,0.0,70.18,72.84,90.79,61.22
2018-01-05 23:09:00,2,1,55.57,85.0,55.0,43.78,51.57,55.57,0.0,0.0,0.0,45.0,49.66,0.0,0.0,0.0,120.0,51.57,0.0,0.88,0.0,0.0,0.0,32.0,0.0,70.24,72.96,90.85,61.24
2018-01-05 23:10:00,2,1,55.56,85.0,55.0,43.78,51.55,55.56,0.0,0.0,0.0,45.0,49.64,0.0,0.0,0.0,120.0,51.55,0.0,0.88,0.0,0.0,0.0,32.0,0.0,70.29,73.08,90.91,61.27
2018-01-05 23:11:00,2,1,55.55,85.0,55.0,43.77,51.54,55.55,0.0,0.0,0.0,45.0,49.63,0.0,0.0,0.0,120.0,51.54,0.0,0.88,0.0,0.0,0.0,32.0,0.0,70.35,73.2,90.97,61.3
2018-01-05 23:12:00,2,1,55.54,85.0,55.0,43.77,51.52,55.54,0.0,0.0,0.0,45.0,49.61,0.0,0.0,0.0,120.0,51.52,0.0,0.88,0.0,0.0,0.0,32.0,0.0,70.4,73.32,91.03,61.32
2018-01-05 23:13:00,2,1,55.53,85.0,55.0,43.76,51.5,55.53,0.0,0.0,0.0,45.0,49.6,0.0,0.0,0.0,120.0,51.5,0.0,0.88,0.0,0.0,0.0,32.0,0.0,70.46,73.45,91.1,61.35
2018-01-05 23:14:00,2,1,55.52,85.0,55.0,43.76,51.49,55.52,0.0,0.0,0.0,45.0,49.58,0.0,0.0,0.0,120.0,51.49,0.0,0.88,0.0,0.0,0.0,32.0,0.0,70.51,73.57,91.16,61.37
2018-01-05 23:15:00,2,1,55.51,85.0,55.0,43.75,51.47,55.51,0.0,0.0,0.0,45.0,49.57,0.0,0.0,0.0,120.0,51.47,0.0,0.88,0.0,0.0,0.0,32.0,0.0,70.57,73.7,91.22,61.4
2018-01-05 23:16:00,2,1,55.5,85.0,55.0,43.75,51.45,55.5,0.0,0.0,0.0,45.0,49.55,0.0,0.0,0.0,120.0,51.45,0.0,0.88,0.0,0.0,0.0,32.0,0.0,70.62,73.82,91.28,61.42
2018-01-05 23:17:00,2,1,55.49,85.0,55.0,43.74,51.44,55.49,0.0,0.0,0.0,45.0,49.54,0.0,0.0,0.0,120.0,51.44,0.0,0.88,0.0,0.0,0.0,32.0,0.0,70.68,73.95,91.34,61.44
2018-01-05 23:18:00,2,1,55.48,85.0,55.0,43.74,51.42,55.48,0.0,0.0,0.0,45.0,49.52,0.0,0.0,0.0,120.0,51.42,0.0,0.88,0.0,0.0,0.0,32.0,0.0,70.73,74.08,91.4,61.46
2018-01-05 23:19:00,2,1,55.47,85.0,55.0,43.74,51.4,55.47,0.0,0.0,0.0,45.0,49.51,0.0,0.0,0.0,120.0,51.4,0.0,0.88,0.0,0.0,0.0,32.0,0.0,70.78,74.2,91.47,61.48
2018-01-05 23:20:00,2,1,55.46,85.0,55.0,43.73,51.39,55.46,0.0,0.0,0.0,45.0,49.49,0.0,0.0,0.0,120.0,51.39,0.0,0.88,0.0,0.0,0.0,32.0,0.0,70.84,74.33,91.53,61.5
2018-01-05 23:21:00,2,1,55.46,85.0,55.0,43.73,51.37,55.46,0.0,0.0,0.0,45.0,49.48,0.0,0.0,0.0,120.0,51.37,0.0,0.88,0.0,0.0,0.0,32.0,0.0,70.89,74.46,91.59,61.52
2018-01-05 23:22:00,2,1,55.45,85.0,55.0,43.72,51.35,55.45,0.0,0.0,0.0,45.0,49.46,0.0,0.0,0.0,120.0,51.35,0.0,0.88,0.0,0.0,0.0,32.0,0.0,70.94,74.59,91.65,61.54
2018-01-05 23:23:00,2,1,55.44,85.0,55.0,43.72,51.34,55.44,0.0,0.0,0.0,45.0,49.45,0.0,0.0,0.0,120.0,51.34,0.0,0.88,0.0,0.0,0.0,32.0,0.0,71.0,74.72,91.71,61.56
2018-01-05 23:24:00,2,1,55.43,85.0,55.0,43.72,51.32,55.43,0.0,0.0,0.0,45.0,49.44,0.0,0.0,0.0,120.0,51.32,0.0,0.88,0.0,0.0,0.0,32.0,0.0,71.05,74.85,91.77,61.58
2018-01-05 23:25:00,2,1,55.43,85.0,55.0,43.71,51.31,55.43,0.0,0.0,0.0,45.0,49.42,0.0,0.0,0.0,120.0,51.31,0.0,0.88,0.0,0.0,0.0,32.0,0.0,71.1,74.98,91.84,61.6
2018-01-05 23:26:00,2,1,55.42,85.0,55.0,43.71,51.29,55.42,0.0,0.0,0.0,45.0,49.41,0.0,0.0,0.0,120.0,51.29,0.0,0.88,0.0,0.0,0.0,32.0,0.0,71.15,75.11,91.9,61.61
2018-01-05 23:27:00,2,1,55.41,85.0,55.0,43.71,51.27,55.41,0.0,0.0,0.0,45.0,49.39,0.0,0.0,0.0,120.0,51.27,0.0,0.88,0.0,0.0,0.0,32.0,0.0,71.21,75.24,91.96,61.63
2018-01-05 23:28:00,2,1,55.41,85.0,55.0,43.7,51.26,55.41,0.0,0.0,0.0,45.0,49.38,0.0,0.0,0.0,120.0,51.26,0.0,0.88,0.0,0.0,0.0,32.0,0.0,71.26,75.37,92.02,61.65
2018-01-05 23:29:00,2,1,55.4,85.0,55.0,43.7,51.24,55.4,0.0,0.0,0.0,45.0,49.36,0.0,0.0,0.0,120.0,51.24,0.0,0.88,0.0,0.0,0.0,32.0,0.0,71.31,75.5,92.08,61.66
2018-01-05 23:30:00,2,1,55.4,85.0,55.0,43.7,51.22,55.4,0.0,0.0,0.0,45.0,49.35,0.0,0.0,0.0,120.0,51.22,0.0,0.88,0.0,0.0,0.0,32.0,0.0,71.36,75.63,92.15,61.68
2018-01-05 23:31:00,2,1,55.39,85.0,55.0,43.7,51.21,55.39,0.0,0.0,0.0,45.0,49.33,0.0,0.0,0.0,120.0,51.21,0.0,0.88,0.0,0.0,0.0,32.0,0.0,71.41,75.75,92.21,61.7
2018-01-05 23:32:00,2,1,55.39,85.0,55.0,43.69,51.19,55.39,0.0,0.0,0.0,45.0,49.32,0.0,0.0,0.0,120.0,51.19,0.0,0.88,0.0,0.0,0.0,32.0,0.0,71.46,75.88,92.27,61.71
2018-01-05 23:33:00,2,1,55.38,85.0,55.0,43.69,51.17,55.38,0.0,0.0,0.0,45.0,49.3,0.0,0.0,0.0,120.0,51.17,0.0,0.88,0.0,0.0,0.0,32.0,0.0,71.51,76.01,92.33,61.73
2018-01-05 23:34:00,2,1,55.38,85.0,55.0,43.69,51.16,55.38,0.0,0.0,0.0,45.0,49.29,0.0,0.0,0.0,120.0,51.16,0.0,0.88,0.0,0.0,0.0,32.0,0.0,71.56,76.14,92.39,61.74
2018-01-05 23:35:00,2,1,55.37,85.0,55.0,43.69,51.14,55.37,0.0,0.0,0.0,45.0,49.27,0.0,0.0,0.0,120.0,51.14,0.0,0.88,0.0,0.0,0.0,32.0,0.0,71.61,76.26,92.46,61.76
2018-01-05 23:36:00,2,1,55.37,85.0,55.0,43.68,51.12,55.37,0.0,0.0,0.0,45.0,49.26,0.0,0.0,0.0,120.0,51.12,0.0,0.88,0.0,0.0,0.0,32.0,0.0,71.66,76.39,92.52,61.77
2018-01-05 23:37:00,2,1,55.36,85.0,55.0,43.68,51.11,55.36,0.0,0.0,0.0,45.0,49.25,0.0,0.0,0.0,120.0,51.11,0.0,0.88,0.0,0.0,0.0,32.0,0.0,71.71,76.51,92.58,61.79
2018-01-05 23:38:00,2,1,55.36,85.0,55.0,43.68,51.09,55.36,0.0,0.0,0.0,45.0,49.23,0.0,0.0,0.0,120.0,51.09,0.0,0.88,0.0,0.0,0.0,32.0,0.0,71.76,76.64,92.64,61.8
2018-01-05 23:39:00,2,1,55.35,85.0,55.0,43.68,51.08,55.35,0.0,0.0,0.0,45.0,49.22,0.0,0.0,0.0,120.0,51.08,0.0,0.88,0.0,0.0,0.0,32.0,0.0,71.81,76.76,92.71,61.81
2018-01-05 23:40:00,2,1,55.35,85.0,55.0,43.67,51.06,55.35,0.0,0.0,0.0,45.0,49.2,0.0,0.0,0.0,120.0,51.06,0.0,0.88,0.0,0.0,0.0,32.0,0.0,71.85,76.88,92.77,61.83
2018-01-05 23:41:00,2,1,55.34,85.0,55.0,43.67,51.04,55.34,0.0,0.0,0.0,45.0,49.19,0.0,0.0,0.0,120.0,51.04,0.0,0.88,0.0,0.0,0.0,32.0,0.0,71.9,77.0,92.83,61.84
2018-01-05 23:42:00,2,1,55.34,85.0,55.0,43.67,51.03,55.34,0.0,0.0,0.0,45.0,49.17,0.0,0.0,0.0,120.0,51.03,0.0,0.88,0.0,0.0,0.0,32.0,0.0,71.95,77.12,92.89,61.85
2018-01-05 23:43:00,2,1,55.33,85.0,55.0,43.67,51.01,55.33,0.0,0.0,0.0,45.0,49.16,0.0,0.0,0.0,120.0,51.01,0.0,0.88,0.0,0.0,0.0,32.0,0.0,71.99,77.24,92.95,61.87
2018-01-05 23:44:00,2,1,55.33,85.0,55.0,43.67,50.99,55.33,0.0,0.0,0.0,45.0,49.15,0.0,0.0,0.0,120.0,50.99,0.0,0.88,0.0,0.0,0.0,32.0,0.0,72.04,77.35,93.02,61.88
2018-01-05 23:45:00,2,1,55.33,85.0,55.0,43.66,50.98,55.33,0.0,0.0,0.0,45.0,49.13,0.0,0.0,0.0,120.0,50.98,0.0,0.88,0.0,0.0,0.0,32.0,0.0,72.08,77.47,93.08,61.89
2018-01-05 23:46:00,2,1,55.32,85.0,55.0,43.66,50.96,55.32,0.0,0.0,0.0,45.0,49.12,0.0,0.0,0.0,120.0,50.96,0.0,0.88,0.0,0.0,0.0,32.0,0.0,72.13,77.58,93.14,61.91
2018-01-05 23:47:00,2,1,55.32,85.0,55.0,43.66,50.95,55.32,0.0,0.0,0.0,45.0,49.1,0.0,0.0,0.0,120.0,50.95,0.0,0.88,0.0,0.0,0.0,32.0,0.0,72.17,77.69,93.2,61.92
2018-01-05 23:48:00,2,1,55.32,85.0,55.0,43.66,50.93,55.32,0.0,0.0,0.0,45.0,49.09,0.0,0.0,0.0,120.0,50.93,0.0,0.88,0.0,0.0,0.0,32.0,0.0,72.21,77.8,93.27,61.93
2018-01-05 23:49:00,2,1,55.31,85.0,55.0,43.66,50.91,55.31,0.0,0.0,0.0,45.0,49.08,0.0,0.0,0.0,120.0,50.91,0.0,0.88,0.0,0.0,0.0,32.0,0.0,72.26,77.91,93.33,61.94
2018-01-05 23:50:00,2,1,55.31,85.0,55.0,43.65,50.9,55.31,0.0,0.0,0.0,45.0,49.06,0.0,0.0,0.0,120.0,50.9,0.0,0.88,0.0,0.0,0.0,32.0,0.0,72.3,78.02,93.39,61.96
2018-01-05 23:51:00,2,1,55.3,85.0,55.0,43.65,50.88,55.3,0.0,0.0,0.0,45.0,49.05,0.0,0.0,0.0,120.0,50.88,0.0,0.88,0.0,0.0,0.0,32.0,0.0,72.34,78.12,93.45,61.97
2018-01-05 23:52:00,2,1,55.3,85.0,55.0,43.65,50.87,55.3,0.0,0.0,0.0,45.0,49.03,0.0,0.0,0.0,120.0,50.87,0.0,0.88,0.0,0.0,0.0,32.0,0.0,72.38,78.22,93.52,61.98
2018-01-05 23:53:00,2,1,55.3,85.0,55.0,43.65,50.85,55.3,0.0,0.0,0.0,45.0,49.02,0.0,0.0,0.0,120.0,50.85,0.0,0.88,0.0,0.0,0.0,32.0,0.0,72.42,78.32,93.58,61.99
2018-01-05 23:54:00,2,1,55.29,85.0,55.0,43.65,50.83,55.29,0.0,0.0,0.0,45.0,49.01,0.0,0.0,0.0,120.0,50.83,0.0,0.88,0.0,0.0,0.0,32.0,0.0,72.46,78.42,93.64,62.0
2018-01-05 23:55:00,2,1,55.29,85.0,55.0,43.65,50.82,55.29,0.0,0.0,0.0,45.0,48.99,0.0,0.0,0.0,120.0,50.82,0.0,0.88,0.0,0.0,0.0,32.0,0.0,72.5,78.52,93.7,62.02
2018-01-05 23:56:00,2,1,55.29,85.0,55.0,43.64,50.8,55.29,0.0,0.0,0.0,45.0,48.98,0.0,0.0,0.0,120.0,50.8,0.0,0.88,0.0,0.0,0.0,32.0,0.0,72.53,78.61,93.77,62.03
2018-01-05 23:57:00,2,1,55.28,85.0,55.0,43.64,50.79,55.28,0.0,0.0,0.0,45.0,48.96,0.0,0.0,0.0,120.0,50.79,0.0,0.88,0.0,0.0,0.0,32.0,0.0,72.57,78.7,93.83,62.04
2018-01-05 23:58:00,2,1,55.28,85.0,55.0,43.64,50.77,55.28,0.0,0.0,0.0,45.0,48.95,0.0,0.0,0.0,120.0,50.77,0.0,0.88,0.0,0.0,0.0,32.0,0.0,72.61,78.79,93.89,62.05
2018-01-05 23:59:00,2,1,55.28,85.0,55.0,43.64,50.75,55.28,0.0,0.0,0.0,45.0,48.94,0.0,0.0,0.0,120.0,50.75,0.0,0.88,0.0,0.0,0.0,32.0,0.0,72.64,78.88,93.95,62.06
2018-01-06 00:00:00,2,1,55.27,85.0,55.0,43.64,50.74,55.27,0.0,0.0,0.0,45.0,48.92,0.0,0.0,0.0,120.0,50.74,0.0,0.88,0.0,0.0,0.0,32.0,0.0,72.67,78.96,94.02,62.07
2018-01-06 00:01:00,2,1,55.27,85.0,55.0,43.64,50.72,55.27,0.0,0.0,0.0,45.0,48.91,0.0,0.0,0.0,120.0,50.72,0.0,0.88,0.0,0.0,0.0,32.0,0.0,72.69,78.99,94.08,62.09
2018-01-06 00:02:00,2,1,55.27,85.0,55.0,43.63,50.71,55.27,0.0,0.0,0.0,45.0,48.9,0.0,0.0,0.0,120.0,50.71,0.0,0.88,0.0,0.0,0.0,32.0,0.0,72.7,78.99,94.14,62.1
2018-01-06 00:03:00,2,1,55.26,85.0,55.0,43.63,50.69,55.26,0.0,0.0,0.0,45.0,48.88,0.0,0.0,0.0,120.0,50.69,0.0,0.88,0.0,0.0,0.0,32.0,0.0,72.71,78.98,94.2,62.11
2018-01-06 00:04:00,2,1,55.26,85.0,55.0,43.63,50.67,55.26,0.0,0.0,0.0,45.0,48.87,0.0,0.0,0.0,120.0,50.67,0.0,0.88,0.0,0.0,0.0,32.0,0.0,72.71,78.97,94.27,62.13
2018-01-06 00:05:00,2,1,55.25,85.0,55.0,43.63,50.66,55.25,0.0,0.0,0.0,45.0,48.86,0.0,0.0,0.0,120.0,50.66,0.0,0.88,0.0,0.0,0.0,32.0,0.0,72.72,78.96,94.33,62.14
2018-01-06 00:06:00,2,1,55.25,85.0,55.0,43.62,50.64,55.25,0.0,0.0,0.0,45.0,48.84,0.0,0.0,0.0,120.0,50.64,0.0,0.88,0.0,0.0,0.0,32.0,0.0,72.73,78.94,94.39,62.15
2018-01-06 00:07:00,2,1,55.24,85.0,55.0,43.62,50.63,55.24,0.0,0.0,0.0,45.0,48.83,0.0,0.0,0.0,120.0,50.63,0.0,0.88,0.0,0.0,0.0,32.0,0.0,72.73,78.92,94.45,62.17
2018-01-06 00:08:00,2,1,55.24,85.0,55.0,43.62,50.61,55.24,0.0,0.0,0.0,45.0,48.82,0.0,0.0,0.0,120.0,50.61,0.0,0.88,0.0,0.0,0.0,32.0,0.0,72.73,78.9,94.52,62.18
2018-01-06 00:09:00,2,1,55.23,85.0,55.0,43.61,50.6,55.23,0.0,0.0,0.0,45.0,48.8,0.0,0.0,0.0,120.0,50.6,0.0,0.88,0.0,0.0,0.0,32.0,0.0,72.74,78.88,94.58,62.2
2018-01-06 00:10:00,2,1,55.22,85.0,55.0,43.61,50.58,55.22,0.0,0.0,0.0,45.0,48.79,0.0,0.0,0.0,120.0,50.58,0.0,0.88,0.0,0.0,0.0,32.0,0.0,72.74,78.85,94.64,62.21
2018-01-06 00:11:00,2,1,55.22,85.0,55.0,43.61,50.56,55.22,0.0,0.0,0.0,45.0,48.77,0.0,0.0,0.0,120.0,50.56,0.0,0.88,0.0,0.0,0.0,32.0,0.0,72.74,78.83,94.7,62.23
2018-01-06 00:12:00,2,1,55.21,85.0,55.0,43.61,50.55,55.21,0.0,0.0,0.0,45.0,48.76,0.0,0.0,0.0,120.0,50.55,0.0,0.88,0.0,0.0,0.0,32.0,0.0,72.74,78.8,94.77,62.25
2018-01-06 00:13:00,2,1,55.2,85.0,55.0,43.6,50.53,55.2,0.0,0.0,0.0,45.0,48.75,0.0,0.0,0.0,120.0,50.53,0.0,0.88,0.0,0.0,0.0,32.0,0.0,72.74,78.77,94.83,62.26
2018-01-06 00:14:00,2,1,55.2,85.0,55.0,43.6,50.52,55.2,0.0,0.0,0.0,45.0,48.73,0.0,0.0,0.0,120.0,50.52,0.0,0.88,0.0,0.0,0.0,32.0,0.0,72.74,78.73,94.89,62.28
2018-01-06 00:15:00,2,1,55.19,85.0,55.0,43.59,50.5,55.19,0.0,0.0,0.0,45.0,48.72,0.0,0.0,0.0,120.0,50.5,0.0,0.88,0.0,0.0,0.0,32.0,0.0,72.74,78.7,94.95,62.29
2018-01-06 00:16:00,2,1,55.18,85.0,55.0,43.59,50.49,55.18,0.0,0.0,0.0,45.0,48.71,0.0,0.0,0.0,120.0,50.49,0.0,0.88,0.0,0.0,0.0,32.0,0.0,72.74,78.66,95.02,62.31
2018-01-06 00:17:00,2,1,55.17,85.0,55.0,43.59,50.47,55.17,0.0,0.0,0.0,45.0,48.7,0.0,0.0,0.0,120.0,50.47,0.0,0.88,0.0,0.0,0.0,32.0,0.0,72.74,78.62,95.08,62.32
2018-01-06 00:18:00,2,1,55.17,85.0,55.0,43.58,50.46,55.17,0.0,0.0,0.0,45.0,48.68,0.0,0.0,0.0,120.0,50.46,0.0,0.88,0.0,0.0,0.0,32.0,0.0,72.74,78.58,95.14,62.34
2018-01-06 00:19:00,2,1,55.16,85.0,55.0,43.58,50.44,55.16,0.0,0.0,0.0,45.0,48.67,0.0,0.0,0.0,120.0,50.44,0.0,0.88,0.0,0.0,0.0,32.0,0.0,72.73,78.54,95.2,62.35
2018-01-06 00:20:00,2,1,55.15,85.0,55.0,43.58,50.42,55.15,0.0,0.0,0.0,45.0,48.66,0.0,0.0,0.0,120.0,50.42,0.0,0.88,0.0,0.0,0.0,32.0,0.0,72.73,78.49,95.27,62.37
2018-01-06 00:21:00,2,1,55.14,85.0,55.0,43.57,50.41,55.14,0.0,0.0,0.0,45.0,48.64,0.0,0.0,0.0,120.0,50.41,0.0,0.88,0.0,0.0,0.0,32.0,0.0,72.73,78.45,95.33,62.38
2018-01-06 00:22:00,2,1,55.14,85.0,55.0,43.57,50.39,55.14,0.0,0.0,0.0,45.0,48.63,0.0,0.0,0.0,120.0,50.39,0.0,0.88,0.0,0.0,0.0,32.0,0.0,72.72,78.4,95.39,62.4
2018-01-06 00:23:00,2,1,55.13,85.0,55.0,43.56,50.38,55.13,0.0,0.0,0.0,45.0,48.62,0.0,0.0,0.0,120.0,50.38,0.0,0.88,0.0,0.0,0.0,32.0,0.0,72.71,78.35,95.45,62.41
2018-01-06 00:24:00,2,1,55.12,85.0,55.0,43.56,50.36,55.12,0.0,0.0,0.0,45.0,48.6,0.0,0.0,0.0,120.0,50.36,0.0,0.88,0.0,0.0,0.0,32.0,0.0,72.71,78.3,95.52,62.43
2018-01-06 00:25:00,2,1,55.11,85.0,55.0,43.56,50.35,55.11,0.0,0.0,0.0,45.0,48.59,0.0,0.0,0.0,120.0,50.35,0.0,0.88,0.0,0.0,0.0,32.0,0.0,72.7,78.25,95.58,62.44
2018-01-06 00:26:00,2,1,55.1,85.0,55.0,43.55,50.33,55.1,0.0,0.0,0.0,45.0,48.58,0.0,0.0,0.0,120.0,50.33,0.0,0.88,0.0,0.0,0.0,32.0,0.0,72.69,78.19,95.64,62.46
2018-01-06 00:27:00,2,1,55.1,85.0,55.0,43.55,50.32,55.1,0.0,0.0,0.0,45.0,48.56,0.0,0.0,0.0,120.0,50.32,0.0,0.88,0.0,0.0,0.0,32.0,0.0,72.68,78.14,95.7,62.47
2018-01-06 00:28:00,2,1,55.09,85.0,55.0,43.54,50.3,55.09,0.0,0.0,0.0,45.0,48.55,0.0,0.0,0.0,120.0,50.3,0.0,0.88,0.0,0.0,0.0,32.0,0.0,72.68,78.08,95.77,62.48
2018-01-06 00:29:00,2,1,55.08,85.0,55.0,43.54,50.29,55.08,0.0,0.0,0.0,45.0,48.54,0.0,0.0,0.0,120.0,50.29,0.0,0.88,0.0,0.0,0.0,32.0,0.0,72.67,78.03,95.83,62.5
2018-01-06 00:30:00,2,1,55.07,85.0,55.0,43.54,50.27,55.07,0.0,0.0,0.0,45.0,48.53,0.0,0.0,0.0,120.0,50.27,0.0,0.88,0.0,0.0,0.0,32.0,0.0,72.66,77.97,95.89,62.51
2018-01-06 00:31:00,2,1,55.06,85.0,55.0,43.53,50.26,55.06,0.0,0.0,0.0,45.0,48.51,0.0,0.0,0.0,120.0,50.26,0.0,0.88,0.0,0.0,0.0,32.0,0.0,72.65,77.91,95.95,62.52
2018-01-06 00:32:00,2,1,55.05,85.0,55.0,43.53,50.24,55.05,0.0,0.0,0.0,45.0,48.5,0.0,0.0,0.0,120.0,50.24,0.0,0.88,0.0,0.0,0.0,32.0,0.0,72.63,77.85,96.02,62.53
2018-01-06 00:33:00,2,1,55.05,85.0,55.0,43.52,50.23,55.05,0.0,0.0,0.0,45.0,48.49,0.0,0.0,0.0,120.0,50.23,0.0,0.88,0.0,0.0,0.0,32.0,0.0,72.62,77.79,96.08,62.55
2018-01-06 00:34:00,2,1,55.04,85.0,55.0,43.52,50.21,55.04,0.0,0.0,0.0,45.0,48.47,0.0,0.0,0.0,120.0,50.21,0.0,0.88,0.0,0.0,0.0,32.0,0.0,72.61,77.73,96.14,62.56
2018-01-06 00:35:00,2,1,55.03,85.0,55.0,43.51,50.2,55.03,0.0,0.0,0.0,45.0,48.46,0.0,0.0,0.0,120.0,50.2,0.0,0.88,0.0,0.0,0.0,32.0,0.0,72.6,77.67,96.2,62.57
2018-01-06 00:36:00,2,1,55.02,85.0,55.0,43.51,50.18,55.02,0.0,0.0,0.0,45.0,48.45,0.0,0.0,0.0,120.0,50.18,0.0,0.88,0.0,0.0,0.0,32.0,0.0,72.58,77.6,96.27,62.58
2018-01-06 00:37:00,2,1,55.01,85.0,55.0,43.51,50.16,55.01,0.0,0.0,0.0,45.0,48.44,0.0,0.0,0.0,120.0,50.16,0.0,0.88,0.0,0.0,0.0,32.0,0.0,72.57,77.54,96.33,62.59
2018-01-06 00:38:00,2,1,55.0,85.0,55.0,43.5,50.15,55.0,0.0,0.0,0.0,45.0,48.42,0.0,0.0,0.0,120.0,50.15,0.0,0.88,0.0,0.0,0.0,32.0,0.0,72.56,77.48,96.39,62.6
2018-01-06 00:39:00,2,1,54.99,85.0,55.0,43.5,50.13,54.99,0.0,0.0,0.0,45.0,48.41,0.0,0.0,0.0,120.0,50.13,0.0,0.88,0.0,0.0,0.0,32.0,0.0,72.54,77.41,96.45,62.61
2018-01-06 00:40:00,2,1,54.99,85.0,55.0,43.49,50.12,54.99,0.0,0.0,0.0,45.0,48.4,0.0,0.0,0.0,120.0,50.12,0.0,0.88,0.0,0.0,0.0,32.0,0.0,72.53,77.35,96.52,62.62
2018-01-06 00:41:00,2,1,54.98,85.0,55.0,43.49,50.1,54.98,0.0,0.0,0.0,45.0,48.39,0.0,0.0,0.0,120.0,50.1,0.0,0.88,0.0,0.0,0.0,32.0,0.0,72.51,77.28,96.58,62.63
2018-01-06 00:42:00,2,1,54.97,85.0,55.0,43.48,50.09,54.97,0.0,0.0,0.0,45.0,48.37,0.0,0.0,0.0,120.0,50.09,0.0,0.88,0.0,0.0,0.0,32.0,0.0,72.5,77.21,96.64,62.64
2018-01-06 00:43:00,2,1,54.96,85.0,55.0,43.48,50.07,54.96,0.0,0.0,0.0,45.0,48.36,0.0,0.0,0.0,120.0,50.07,0.0,0.88,0.0,0.0,0.0,32.0,0.0,72.48,77.15,96.7,62.65
2018-01-06 00:44:00,2,1,54.95,85.0,55.0,43.48,50.06,54.95,0.0,0.0,0.0,45.0,48.35,0.0,0.0,0.0,120.0,50.06,0.0,0.88,0.0,0.0,0.0,32.0,0.0,72.46,77.08,96.77,62.66
2018-01-06 00:45:00,2,1,54.94,85.0,55.0,43.47,50.04,54.94,0.0,0.0,0.0,45.0,48.33,0.0,0.0,0.0,120.0,50.04,0.0,0.88,0.0,0.0,0.0,32.0,0.0,72.45,77.02,96.83,62.66
2018-01-06 00:46:00,2,1,54.94,85.0,55.0,43.47,50.03,54.94,0.0,0.0,0.0,45.0,48.32,0.0,0.0,0.0,120.0,50.03,0.0,0.88,0.0,0.0,0.0,32.0,0.0,72.43,76.95,96.89,62.67
2018-01-06 00:47:00,2,1,54.93,85.0,55.0,43.46,50.01,54.93,0.0,0.0,0.0,45.0,48.31,0.0,0.0,0.0,120.0,50.01,0.0,0.88,0.0,0.0,0.0,32.0,0.0,72.41,76.88,96.95,62.68
2018-01-06 00:48:00,2,1,54.92,85.0,55.0,43.46,50.0,54.92,0.0,0.0,0.0,45.0,48.3,0.0,0.0,0.0,120.0,50.0,0.0,0.88,0.0,0.0,0.0,32.0,0.0,72.39,76.82,97.01,62.69
2018-01-06 00:49:00,2,1,54.91,85.0,55.0,43.46,49.98,54.91,0.0,0.0,0.0,45.0,48.28,0.0,0.0,0.0,120.0,49.98,0.0,0.88,0.0,0.0,0.0,32.0,0.0,72.38,76.75,97.06,62.69
2018-01-06 00:50:00,2,1,54.9,85.0,55.0,43.45,49.97,54.9,0.0,0.0,0.0,45.0,48.27,0.0,0.0,0.0,120.0,49.97,0.0,0.88,0.0,0.0,0.0,32.0,0.0,72.36,76.68,97.11,62.7
2018-01-06 00:51:00,2,1,54.89,85.0,55.0,43.45,49.96,54.89,0.0,0.0,0.0,45.0,48.26,0.0,0.0,0.0,120.0,49.96,0.0,0.88,0.0,0.0,0.0,32.0,0.0,72.34,76.62,97.15,62.7
2018-01-06 00:52:00,2,1,54.89,85.0,55.0,43.44,49.94,54.89,0.0,0.0,0.0,45.0,48.25,0.0,0.0,0.0,120.0,49.94,0.0,0.88,0.0,0.0,0.0,32.0,0.0,72.32,76.55,97.2,62.71
2018-01-06 00:53:00,2,1,54.88,85.0,55.0,43.44,49.93,54.88,0.0,0.0,0.0,45.0,48.23,0.0,0.0,0.0,120.0,49.93,0.0,0.88,0.0,0.0,0.0,32.0,0.0,72.3,76.49,97.25,62.71
2018-01-06 00:54:00,2,1,54.87,85.0,55.0,43.43,49.91,54.87,0.0,0.0,0.0,45.0,48.22,0.0,0.0,0.0,120.0,49.91,0.0,0.88,0.0,0.0,0.0,32.0,0.0,72.28,76.42,97.29,62.72
2018-01-06 00:55:00,2,1,54.86,85.0,55.0,43.43,49.9,54.86,0.0,0.0,0.0,45.0,48.21,0.0,0.0,0.0,120.0,49.9,0.0,0.88,0.0,0.0,0.0,32.0,0.0,72.26,76.36,97.34,62.72
2018-01-06 00:56:00,2,1,54.85,85.0,55.0,43.43,49.88,54.85,0.0,0.0,0.0,45.0,48.2,0.0,0.0,0.0,120.0,49.88,0.0,0.88,0.0,0.0,0.0,32.0,0.0,72.24,76.29,97.39,62.72
2018-01-06 00:57:00,2,1,54.84,85.0,55.0,43.42,49.87,54.84,0.0,0.0,0.0,45.0,48.19,0.0,0.0,0.0,120.0,49.87,0.0,0.88,0.0,0.0,0.0,32.0,0.0,72.22,76.23,97.43,62.73
2018-01-06 00:58:00,2,1,54.84,85.0,55.0,43.42,49.85,54.84,0.0,0.0,0.0,45.0,48.17,0.0,0.0,0.0,120.0,49.85,0.0,0.88,0.0,0.0,0.0,32.0,0.0,72.2,76.16,97.48,62.73
2018-01-06 00:59:00,2,1,54.83,85.0,55.0,43.41,49.84,54.83,0.0,0.0,0.0,45.0,48.16,0.0,0.0,0.0,120.0,49.84,0.0,0.88,0.0,0.0,0.0,32.0,0.0,72.18,76.1,97.53,62.73
2018-01-06 01:00:00,2,1,54.82,85.0,55.0,43.41,49.82,54.82,0.0,0.0,0.0,45.0,48.15,0.0,0.0,0.0,120.0,49.82,0.0,0.88,0.0,0.0,0.0,32.0,0.0,72.16,76.04,97.57,62.73
2018-01-06 01:01:00,2,1,54.81,85.0,55.0,43.41,49.81,54.81,0.0,0.0,0.0,45.0,48.14,0.0,0.0,0.0,120.0,49.81,0.0,0.88,0.0,0.0,0.0,32.0,0.0,72.15,76.0,97.62,62.73
2018-01-06 01:02:00,2,1,54.81,85.0,55.0,43.41,49.79,54.81,0.0,0.0,0.0,45.0,48.12,0.0,0.0,0.0,120.0,49.79,0.0,0.88,0.0,0.0,0.0,32.0,0.0,72.14,75.97,97.66,62.73
2018-01-06 01:03:00,2,1,54.8,85.0,55.0,43.4,49.78,54.8,0.0,0.0,0.0,45.0,48.11,0.0,0.0,0.0,120.0,49.78,0.0,0.88,0.0,0.0,0.0,32.01,0.0,72.13,75.95,97.71,62.73
2018-01-06 01:04:00,2,1,54.79,85.0,55.0,43.4,49.76,54.79,0.0,0.0,0.0,45.0,48.1,0.0,0.0,0.0,120.0,49.76,0.0,0.88,0.0,0.0,0.0,32.01,0.0,72.11,75.92,97.76,62.73
2018-01-06 01:05:00,2,1,54.79,85.0,55.0,43.4,49.75,54.79,0.0,0.0,0.0,45.0,48.09,0.0,0.0,0.0,120.0,49.75,0.0,0.88,0.0,0.0,0.0,32.01,0.0,72.1,75.9,97.8,62.73
2018-01-06 01:06:00,2,1,54.78,85.0,55.0,43.4,49.74,54.78,0.0,0.0,0.0,45.0,48.08,0.0,0.0,0.0,120.0,49.74,0.0,0.88,0.0,0.0,0.0,32.02,0.0,72.09,75.88,97.85,62.73
2018-01-06 01:07:00,2,1,54.77,85.0,55.0,43.4,49.72,54.77,0.0,0.0,0.0,45.0,48.06,0.0,0.0,0.0,120.0,49.72,0.0,0.88,0.0,0.0,0.0,32.02,0.0,72.08,75.85,97.89,62.72
2018-01-06 01:08:00,2,1,54.77,85.0,55.0,43.39,49.71,54.77,0.0,0.0,0.0,45.0,48.05,0.0,0.0,0.0,120.0,49.71,0.0,0.88,0.0,0.0,0.0,32.02,0.0,72.07,75.83,97.94,62.72
2018-01-06 01:09:00,2,1,54.76,85.0,55.0,43.39,49.69,54.76,0.0,0.0,0.0,45.0,48.04,0.0,0.0,0.0,120.0,49.69,0.0,0.88,0.0,0.0,0.0,32.03,0.0,72.05,75.81,97.99,62.72
2018-01-06 01:10:00,2,1,54.76,85.0,55.0,43.39,49.68,54.76,0.0,0.0,0.0,45.0,48.03,0.0,0.0,0.0,120.0,49.68,0.0,0.88,0.0,0.0,0.0,32.03,0.0,72.04,75.79,98.03,62.71
2018-01-06 01:11:00,2,1,54.75,85.0,55.0,43.39,49.66,54.75,0.0,0.0,0.0,45.0,48.02,0.0,0.0,0.0,120.0,49.66,0.0,0.88,0.0,0.0,0.0,32.03,0.0,72.03,75.77,98.08,62.71
2018-01-06 01:12:00,2,1,54.75,85.0,55.0,43.39,49.65,54.75,0.0,0.0,0.0,45.0,48.0,0.0,0.0,0.0,120.0,49.65,0.0,0.88,0.0,0.0,0.0,32.03,0.0,72.02,75.76,98.12,62.7
2018-01-06 01:13:00,2,1,54.74,85.0,55.0,43.39,49.63,54.74,0.0,0.0,0.0,45.0,47.99,0.0,0.0,0.0,120.0,49.63,0.0,0.88,0.0,0.0,0.0,32.04,0.0,72.01,75.74,98.17,62.69
2018-01-06 01:14:00,2,1,54.74,85.0,55.0,43.39,49.62,54.74,0.0,0.0,0.0,45.0,47.98,0.0,0.0,0.0,120.0,49.62,0.0,0.88,0.0,0.0,0.0,32.04,0.0,71.99,75.72,98.22,62.69
2018-01-06 01:15:00,2,1,54.73,85.0,55.0,43.39,49.61,54.73,0.0,0.0,0.0,45.0,47.97,0.0,0.0,0.0,120.0,49.61,0.0,0.88,0.0,0.0,0.0,32.04,0.0,71.98,75.71,98.26,62.68
2018-01-06 01:16:00,2,1,54.73,85.0,55.0,43.39,49.59,54.73,0.0,0.0,0.0,45.0,47.96,0.0,0.0,0.0,120.0,49.59,0.0,0.88,0.0,0.0,0.0,32.04,0.0,71.97,75.69,98.31,62.67
2018-01-06 01:17:00,2,1,54.72,85.0,55.0,43.38,49.58,54.72,0.0,0.0,0.0,45.0,47.94,0.0,0.0,0.0,120.0,49.58,0.0,0.88,0.0,0.0,0.0,32.05,0.0,71.96,75.68,98.35,62.67
2018-01-06 01:18:00,2,1,54.72,85.0,55.0,43.38,49.56,54.72,0.0,0.0,0.0,45.0,47.93,0.0,0.0,0.0,120.0,49.56,0.0,0.88,0.0,0.0,0.0,32.05,0.0,71.95,75.67,98.4,62.66
2018-01-06 01:19:00,2,1,54.71,85.0,55.0,43.38,49.55,54.71,0.0,0.0,0.0,45.0,47.92,0.0,0.0,0.0,120.0,49.55,0.0,0.88,0.0,0.0,0.0,32.05,0.0,71.93,75.66,98.45,62.65
2018-01-06 01:20:00,2,1,54.71,85.0,55.0,43.38,49.53,54.71,0.0,0.0,0.0,45.0,47.91,0.0,0.0,0.0,120.0,49.53,0.0,0.88,0.0,0.0,0.0,32.05,0.0,71.92,75.65,98.49,62.64
2018-01-06 01:21:00,2,1,54.71,85.0,55.0,43.38,49.52,54.71,0.0,0.0,0.0,45.0,47.9,0.0,0.0,0.0,120.0,49.52,0.0,0.88,0.0,0.0,0.0,32.05,0.0,71.91,75.64,98.54,62.63
2018-01-06 01:22:00,2,1,54.7,85.0,55.0,43.38,49.51,54.7,0.0,0.0,0.0,45.0,47.89,0.0,0.0,0.0,120.0,49.51,0.0,0.88,0.0,0.0,0.0,32.06,0.0,71.9,75.63,98.58,62.63
2018-01-06 01:23:00,2,1,54.7,85.0,55.0,43.38,49.49,54.7,0.0,0.0,0.0,45.0,47.87,0.0,0.0,0.0,120.0,49.49,0.0,0.88,0.0,0.0,0.0,32.06,0.0,71.89,75.62,98.63,62.62
2018-01-06 01:24:00,2,1,54.69,85.0,55.0,43.38,49.48,54.69,0.0,0.0,0.0,45.0,47.86,0.0,0.0,0.0,120.0,49.48,0.0,0.88,0.0,0.0,0.0,32.06,0.0,71.88,75.61,98.67,62.61
2018-01-06 01:25:00,2,1,54.69,85.0,55.0,43.38,49.46,54.69,0.0,0.0,0.0,45.0,47.85,0.0,0.0,0.0,120.0,49.46,0.0,0.88,0.0,0.0,0.0,32.06,0.0,71.87,75.61,98.72,62.6
2018-01-06 01:26:00,2,1,54.69,85.0,55.0,43.38,49.45,54.69,0.0,0.0,0.0,45.0,47.84,0.0,0.0,0.0,120.0,49.45,0.0,0.88,0.0,0.0,0.0,32.06,0.0,71.86,75.6,98.76,62.59
2018-01-06 01:27:00,2,1,54.68,85.0,55.0,43.37,49.44,54.68,0.0,0.0,0.0,45.0,47.83,0.0,0.0,0.0,120.0,49.44,0.0,0.88,0.0,0.0,0.0,32.06,0.0,71.85,75.6,98.81,62.58
2018-01-06 01:28:00,2,1,54.68,85.0,55.0,43.37,49.42,54.68,0.0,0.0,0.0,45.0,47.82,0.0,0.0,0.0,120.0,49.42,0.0,0.88,0.0,0.0,0.0,32.07,0.0,71.84,75.59,98.86,62.57
2018-01-06 01:29:00,2,1,54.68,85.0,55.0,43.37,49.41,54.68,0.0,0.0,0.0,45.0,47.81,0.0,0.0,0.0,120.0,49.41,0.0,0.88,0.0,0.0,0.0,32.07,0.0,71.83,75.59,98.9,62.56
2018-01-06 01:30:00,2,1,54.67,85.0,55.0,43.37,49.39,54.67,0.0,0.0,0.0,45.0,47.79,0.0,0.0,0.0,120.0,49.39,0.0,0.88,0.0,0.0,0.0,32.07,0.0,71.82,75.59,98.95,62.55
2018-01-06 01:31:00,2,1,54.67,85.0,55.0,43.37,49.38,54.67,0.0,0.0,0.0,45.0,47.78,0.0,0.0,0.0,120.0,49.38,0.0,0.88,0.0,0.0,0.0,32.07,0.0,71.81,75.59,98.99,62.54
2018-01-06 01:32:00,2,1,54.67,85.0,55.0,43.37,49.37,54.67,0.0,0.0,0.0,45.0,47.77,0.0,0.0,0.0,120.0,49.37,0.0,0.88,0.0,0.0,0.0,32.07,0.0,71.8,75.59,99.04,62.53
2018-01-06 01:33:00,2,1,54.67,85.0,55.0,43.37,49.35,54.67,0.0,0.0,0.0,45.0,47.76,0.0,0.0,0.0,120.0,49.35,0.0,0.88,0.0,0.0,0.0,32.07,0.0,71.79,75.59,99.08,62.52
2018-01-06 01:34:00,2,1,54.66,85.0,55.0,43.37,49.34,54.66,0.0,0.0,0.0,45.0,47.75,0.0,0.0,0.0,120.0,49.34,0.0,0.88,0.0,0.0,0.0,32.07,0.0,71.78,75.59,99.13,62.51
2018-01-06 01:35:00,2,1,54.66,85.0,55.0,43.36,49.32,54.66,0.0,0.0,0.0,45.0,47.74,0.0,0.0,0.0,120.0,49.32,0.0,0.88,0.0,0.0,0.0,32.07,0.0,71.78,75.6,99.17,62.49
2018-01-06 01:36:00,2,1,54.66,85.0,55.0,43.36,49.31,54.66,0.0,0.0,0.0,45.0,47.73,0.0,0.0,0.0,120.0,49.31,0.0,0.88,0.0,0.0,0.0,32.07,0.0,71.77,75.6,99.22,62.48
2018-01-06 01:37:00,2,1,54.65,85.0,55.0,43.36,49.3,54.65,0.0,0.0,0.0,45.0,47.71,0.0,0.0,0.0,120.0,49.3,0.0,0.88,0.0,0.0,0.0,32.07,0.0,71.76,75.61,99.26,62.47
2018-01-06 01:38:00,2,1,54.65,85.0,55.0,43.36,49.28,54.65,0.0,0.0,0.0,45.0,47.7,0.0,0.0,0.0,120.0,49.28,0.0,0.88,0.0,0.0,0.0,32.07,0.0,71.75,75.61,99.31,62.46
2018-01-06 01:39:00,2,1,54.65,85.0,55.0,43.36,49.27,54.65,0.0,0.0,0.0,45.0,47.69,0.0,0.0,0.0,120.0,49.27,0.0,0.88,0.0,0.0,0.0,32.07,0.0,71.75,75.62,99.35,62.45
2018-01-06 01:40:00,2,1,54.65,85.0,55.0,43.36,49.25,54.65,0.0,0.0,0.0,45.0,47.68,0.0,0.0,0.0,120.0,49.25,0.0,0.88,0.0,0.0,0.0,32.07,0.0,71.74,75.63,99.4,62.44
2018-01-06 01:41:00,2,1,54.64,85.0,55.0,43.36,49.24,54.64,0.0,0.0,0.0,45.0,47.67,0.0,0.0,0.0,120.0,49.24,0.0,0.88,0.0,0.0,0.0,32.07,0.0,71.73,75.64,99.44,62.43
2018-01-06 01:42:00,2,1,54.64,85.0,55.0,43.35,49.23,54.64,0.0,0.0,0.0,45.0,47.66,0.0,0.0,0.0,120.0,49.23,0.0,0.88,0.0,0.0,0.0,32.06,0.0,71.73,75.65,99.49,62.42
2018-01-06 01:43:00,2,1,54.64,85.0,55.0,43.35,49.21,54.64,0.0,0.0,0.0,45.0,47.65,0.0,0.0,0.0,120.0,49.21,0.0,0.88,0.0,0.0,0.0,32.06,0.0,71.72,75.66,99.53,62.4
2018-01-06 01:44:00,2,1,54.64,85.0,55.0,43.35,49.2,54.64,0.0,0.0,0.0,45.0,47.64,0.0,0.0,0.0,120.0,49.2,0.0,0.88,0.0,0.0,0.0,32.06,0.0,71.72,75.67,99.58,62.39
2018-01-06 01:45:00,2,1,54.63,85.0,55.0,43.35,49.19,54.63,0.0,0.0,0.0,45.0,47.63,0.0,0.0,0.0,120.0,49.19,0.0,0.88,0.0,0.0,0.0,32.06,0.0,71.71,75.68,99.62,62.38
2018-01-06 01:46:00,2,1,54.63,85.0,55.0,43.34,49.17,54.63,0.0,0.0,0.0,45.0,47.61,0.0,0.0,0.0,120.0,49.17,0.0,0.88,0.0,0.0,0.0,32.06,0.0,71.71,75.7,99.67,62.37
2018-01-06 01:47:00,2,1,54.63,85.0,55.0,43.34,49.16,54.63,0.0,0.0,0.0,45.0,47.6,0.0,0.0,0.0,120.0,49.16,0.0,0.88,0.0,0.0,0.0,32.06,0.0,71.7,75.71,99.71,62.36
2018-01-06 01:48:00,2,1,54.63,85.0,55.0,43.34,49.14,54.63,0.0,0.0,0.0,45.0,47.59,0.0,0.0,0.0,120.0,49.14,0.0,0.88,0.0,0.0,0.0,32.05,0.0,71.7,75.73,99.76,62.35
2018-01-06 01:49:00,2,1,54.63,85.0,55.0,43.34,49.13,54.63,0.0,0.0,0.0,45.0,47.58,0.0,0.0,0.0,120.0,49.13,0.0,0.88,0.0,0.0,0.0,32.05,0.0,71.7,75.75,99.8,62.33
2018-01-06 01:50:00,2,1,54.62,85.0,55.0,43.34,49.12,54.62,0.0,0.0,0.0,45.0,47.57,0.0,0.0,0.0,120.0,49.12,0.0,0.88,0.0,0.0,0.0,32.05,0.0,71.69,75.76,99.85,62.32
2018-01-06 01:51:00,2,1,54.62,85.0,55.0,43.33,49.1,54.62,0.0,0.0,0.0,45.0,47.56,0.0,0.0,0.0,120.0,49.1,0.0,0.88,0.0,0.0,0.0,32.04,0.0,71.69,75.78,99.89,62.31
2018-01-06 01:52:00,2,1,54.62,85.0,55.0,43.33,49.09,54.62,0.0,0.0,0.0,45.0,47.55,0.0,0.0,0.0,120.0,49.09,0.0,0.88,0.0,0.0,0.0,32.04,0.0,71.69,75.8,99.94,62.3
2018-01-06 01:53:00,2,1,54.62,85.0,55.0,43.33,49.08,54.62,0.0,0.0,0.0,45.0,47.54,0.0,0.0,0.0,120.0,49.08,0.0,0.88,0.0,0.0,0.0,32.04,0.0,71.69,75.82,99.98,62.29
2018-01-06 01:54:00,2,1,54.61,85.0,55.0,43.32,49.06,54.61,0.0,0.0,0.0,45.0,47.53,0.0,0.0,0.0,120.0,49.06,0.0,0.88,0.0,0.0,0.0,32.03,0.0,71.69,75.85,100.0,62.28
2018-01-06 01:55:00,2,1,54.61,85.0,55.0,43.32,49.05,54.61,0.0,0.0,0.0,45.0,47.52,0.0,0.0,0.0,120.0,49.05,0.0,0.88,0.0,0.0,0.0,32.03,0.0,71.69,75.87,100.0,62.26
2018-01-06 01:56:00,2,1,54.61,85.0,55.0,43.32,49.04,54.61,0.0,0.0,0.0,45.0,47.5,0.0,0.0,0.0,120.0,49.04,0.0,0.88,0.0,0.0,0.0,32.02,0.0,71.69,75.89,100.0,62.25
2018-01-06 01:57:00,2,1,54.61,85.0,55.0,43.31,49.02,54.61,0.0,0.0,0.0,45.0,47.49,0.0,0.0,0.0,120.0,49.02,0.0,0.88,0.0,0.0,0.0,32.02,0.0,71.69,75.92,100.0,62.24
2018-01-06 01:58:00,2,1,54.61,85.0,55.0,43.31,49.01,54.61,0.0,0.0,0.0,45.0,47.48,0.0,0.0,0.0,120.0,49.01,0.0,0.88,0.0,0.0,0.0,32.01,0.0,71.69,75.94,100.0,62.23
2018-01-06 01:59:00,2,1,54.6,85.0,55.0,43.31,49.0,54.6,0.0,0.0,0.0,45.0,47.47,0.0,0.0,0.0,120.0,49.0,0.0,0.88,0.0,0.0,0.0,32.01,0.0,71.69,75.97,100.0,62.22
2018-01-06 02:00:00,2,1,54.6,85.0,55.0,43.3,48.98,54.6,0.0,0.0,0.0,45.0,47.46,0.0,0.0,0.0,120.0,48.98,0.0,0.88,0.0,0.0,0.0,32.0,0.0,71.69,76.0,100.0,62.21
2018-01-06 02:01:00,2,1,54.6,85.0,55.0,43.3,48.97,54.6,0.0,0.0,0.0,45.0,47.45,0.0,0.0,0.0,120.0,48.97,0.0,0.88,0.0,0.0,0.0,31.99,0.0,71.7,76.05,100.0,62.2
2018-01-06 02:02:00,2,1,54.6,85.0,55.0,43.29,48.96,54.6,0.0,0.0,0.0,45.0,47.44,0.0,0.0,0.0,120.0,48.96,0.0,0.88,0.0,0.0,0.0,31.98,0.0,71.72,76.11,100.0,62.19
2018-01-06 02:03:00,2,1,54.6,85.0,55.0,43.28,48.94,54.6,0.0,0.0,0.0,45.0,47.43,0.0,0.0,0.0,120.0,48.94,0.0,0.88,0.0,0.0,0.0,31.96,0.0,71.73,76.18,100.0,62.17
2018-01-06 02:04:00,2,1,54.59,85.0,55.0,43.27,48.93,54.59,0.0,0.0,0.0,45.0,47.42,0.0,0.0,0.0,120.0,48.93,0.0,0.88,0.0,0.0,0.0,31.95,0.0,71.75,76.24,100.0,62.16
2018-01-06 02:05:00,2,1,54.59,85.0,55.0,43.26,48.92,54.59,0.0,0.0,0.0,45.0,47.41,0.0,0.0,0.0,120.0,48.92,0.0,0.88,0.0,0.0,0.0,31.93,0.0,71.77,76.31,100.0,62.15
2018-01-06 02:06:00,2,1,54.59,85.0,55.0,43.25,48.9,54.59,0.0,0.0,0.0,45.0,47.4,0.0,0.0,0.0,120.0,48.9,0.0,0.88,0.0,0.0,0.0,31.91,0.0,71.79,76.38,100.0,62.15
2018-01-06 02:07:00,2,1,54.58,85.0,55.0,43.24,48.89,54.58,0.0,0.0,0.0,45.0,47.39,0.0,0.0,0.0,120.0,48.89,0.0,0.88,0.0,0.0,0.0,31.9,0.0,71.81,76.45,100.0,62.14
2018-01-06 02:08:00,2,1,54.58,85.0,55.0,43.23,48.88,54.58,0.0,0.0,0.0,45.0,47.38,0.0,0.0,0.0,120.0,48.88,0.0,0.88,0.0,0.0,0.0,31.88,0.0,71.83,76.52,100.0,62.13
2018-01-06 02:09:00,2,1,54.58,85.0,55.0,43.22,48.86,54.58,0.0,0.0,0.0,45.0,47.37,0.0,0.0,0.0,120.0,48.86,0.0,0.88,0.0,0.0,0.0,31.86,0.0,71.85,76.59,100.0,62.12
2018-01-06 02:10:00,2,1,54.58,85.0,55.0,43.21,48.85,54.58,0.0,0.0,0.0,45.0,47.35,0.0,0.0,0.0,120.0,48.85,0.0,0.88,0.0,0.0,0.0,31.84,0.0,71.87,76.66,100.0,62.11
2018-01-06 02:11:00,2,1,54.57,85.0,55.0,43.2,48.84,54.57,0.0,0.0,0.0,45.0,47.34,0.0,0.0,0.0,120.0,48.84,0.0,0.88,0.0,0.0,0.0,31.83,0.0,71.89,76.73,100.0,62.1
2018-01-06 02:12:00,2,1,54.57,85.0,55.0,43.19,48.83,54.57,0.0,0.0,0.0,45.0,47.33,0.0,0.0,0.0,120.0,48.83,0.0,0.88,0.0,0.0,0.0,31.81,0.0,71.91,76.81,100.0,62.09
2018-01-06 02:13:00,2,1,54.57,85.0,55.0,43.18,48.81,54.57,0.0,0.0,0.0,45.0,47.32,0.0,0.0,0.0,120.0,48.81,0.0,0.88,0.0,0.0,0.0,31.79,0.0,71.93,76.88,100.0,62.08
2018-01-06 02:14:00,2,1,54.56,85.0,55.0,43.17,48.8,54.56,0.0,0.0,0.0,45.0,47.31,0.0,0.0,0.0,120.0,48.8,0.0,0.88,0.0,0.0,0.0,31.77,0.0,71.95,76.95,100.0,62.07
2018-01-06 02:15:00,2,1,54.56,85.0,55.0,43.16,48.79,54.56,0.0,0.0,0.0,45.0,47.3,0.0,0.0,0.0,120.0,48.79,0.0,0.88,0.0,0.0,0.0,31.76,0.0,71.97,77.03,100.0,62.07
2018-01-06 02:16:00,2,1,54.56,85.0,55.0,43.15,48.77,54.56,0.0,0.0,0.0,45.0,47.29,0.0,0.0,0.0,120.0,48.77,0.0,0.88,0.0,0.0,0.0,31.74,0.0,72.0,77.1,100.0,62.06
2018-01-06 02:17:00,2,1,54.55,85.0,55.0,43.14,48.76,54.55,0.0,0.0,0.0,45.0,47.28,0.0,0.0,0.0,120.0,48.76,0.0,0.88,0.0,0.0,0.0,31.72,0.0,72.02,77.18,100.0,62.05
2018-01-06 02:18:00,2,1,54.55,85.0,55.0,43.12,48.75,54.55,0.0,0.0,0.0,45.0,47.27,0.0,0.0,0.0,120.0,48.75,0.0,0.88,0.0,0.0,0.0,31.7,0.0,72.04,77.25,100.0,62.04
2018-01-06 02:19:00,2,1,54.55,85.0,55.0,43.11,48.73,54.55,0.0,0.0,0.0,45.0,47.26,0.0,0.0,0.0,120.0,48.73,0.0,0.88,0.0,0.0,0.0,31.68,0.0,72.07,77.33,100.0,62.03
2018-01-06 02:20:00,2,1,54.54,85.0,55.0,43.1,48.72,54.54,0.0,0.0,0.0,45.0,47.25,0.0,0.0,0.0,120.0,48.72,0.0,0.88,0.0,0.0,0.0,31.66,0.0,72.09,77.41,100.0,62.03
2018-01-06 02:21:00,2,1,54.54,85.0,55.0,43.09,48.71,54.54,0.0,0.0,0.0,45.0,47.24,0.0,0.0,0.0,120.0,48.71,0.0,0.88,0.0,0.0,0.0,31.64,0.0,72.11,77.48,100.0,62.02
2018-01-06 02:22:00,2,1,54.54,85.0,55.0,43.08,48.7,54.54,0.0,0.0,0.0,45.0,47.23,0.0,0.0,0.0,120.0,48.7,0.0,0.88,0.0,0.0,0.0,31.62,0.0,72.13,77.56,100.0,62.01
2018-01-06 02:23:00,2,1,54.53,85.0,55.0,43.07,48.68,54.53,0.0,0.0,0.0,45.0,47.22,0.0,0.0,0.0,120.0,48.68,0.0,0.88,0.0,0.0,0.0,31.6,0.0,72.16,77.64,100.0,62.0
2018-01-06 02:24:00,2,1,54.53,85.0,55.0,43.06,48.67,54.53,0.0,0.0,0.0,45.0,47.2,0.0,0.0,0.0,120.0,48.67,0.0,0.88,0.0,0.0,0.0,31.59,0.0,72.18,77.71,100.0,62.0
2018-01-06 02:25:00,2,1,54.52,85.0,55.0,43.05,48.66,54.52,0.0,0.0,0.0,45.0,47.19,0.0,0.0,0.0,120.0,48.66,0.0,0.88,0.0,0.0,0.0,31.57,0.0,72.2,77.79,100.0,61.99
2018-01-06 02:26:00,2,1,54.52,85.0,55.0,43.03,48.64,54.52,0.0,0.0,0.0,45.0,47.18,0.0,0.0,0.0,120.0,48.64,0.0,0.88,0.0,0.0,0.0,31.55,0.0,72.23,77.87,100.0,61.98
2018-01-06 02:27:00,2,1,54.52,85.0,55.0,43.02,48.63,54.52,0.0,0.0,0.0,45.0,47.17,0.0,0.0,0.0,120.0,48.63,0.0,0.88,0.0,0.0,0.0,31.53,0.0,72.25,77.94,100.0,61.97
2018-01-06 02:28:00,2,1,54.51,85.0,55.0,43.01,48.62,54.51,0.0,0.0,0.0,45.0,47.16,0.0,0.0,0.0,120.0,48.62,0.0,0.88,0.0,0.0,0.0,31.51,0.0,72.27,78.02,100.0,61.97
2018-01-06 02:29:00,2,1,54.51,85.0,55.0,43.0,48.61,54.51,0.0,0.0,0.0,45.0,47.15,0.0,0.0,0.0,120.0,48.61,0.0,0.88,0.0,0.0,0.0,31.49,0.0,72.3,78.09,100.0,61.96
2018-01-06 02:30:00,2,1,54.51,85.0,55.0,42.99,48.59,54.51,0.0,0.0,0.0,45.0,47.14,0.0,0.0,0.0,120.0,48.59,0.0,0.88,0.0,0.0,0.0,31.47,0.0,72.32,78.17,100.0,61.95
2018-01-06 02:31:00,2,1,54.5,85.0,55.0,42.98,48.58,54.5,0.0,0.0,0.0,45.0,47.13,0.0,0.0,0.0,120.0,48.58,0.0,0.88,0.0,0.0,0.0,31.45,0.0,72.34,78.24,100.0,61.94
2018-01-06 02:32:00,2,1,54.5,85.0,55.0,42.96,48.57,54.5,0.0,0.0,0.0,45.0,47.12,0.0,0.0,0.0,120.0,48.57,0.0,0.88,0.0,0.0,0.0,31.43,0.0,72.37,78.32,100.0,61.94
2018-01-06 02:33:00,2,1,54.49,85.0,55.0,42.95,48.56,54.49,0.0,0.0,0.0,45.0,47.11,0.0,0.0,0.0,120.0,48.56,0.0,0.88,0.0,0.0,0.0,31.41,0.0,72.39,78.39,100.0,61.93
2018-01-06 02:34:00,2,1,54.49,85.0,55.0,42.94,48.54,54.49,0.0,0.0,0.0,45.0,47.1,0.0,0.0,0.0,120.0,48.54,0.0,0.88,0.0,0.0,0.0,31.39,0.0,72.41,78.47,100.0,61.92
2018-01-06 02:35:00,2,1,54.49,85.0,55.0,42.93,48.53,54.49,0.0,0.0,0.0,45.0,47.09,0.0,0.0,0.0,120.0,48.53,0.0,0.88,0.0,0.0,0.0,31.37,0.0,72.44,78.54,100.0,61.92
2018-01-06 02:36:00,2,1,54.48,85.0,55.0,42.92,48.52,54.48,0.0,0.0,0.0,45.0,47.08,0.0,0.0,0.0,120.0,48.52,0.0,0.88,0.0,0.0,0.0,31.35,0.0,72.46,78.61,100.0,61.91
2018-01-06 02:37:00,2,1,54.48,85.0,55.0,42.91,48.51,54.48,0.0,0.0,0.0,45.0,47.07,0.0,0.0,0.0,120.0,48.51,0.0,0.88,0.0,0.0,0.0,31.33,0.0,72.48,78.68,100.0,61.9
2018-01-06 02:38:00,2,1,54.48,85.0,55.0,42.89,48.49,54.48,0.0,0.0,0.0,45.0,47.05,0.0,0.0,0.0,120.0,48.49,0.0,0.88,0.0,0.0,0.0,31.31,0.0,72.5,78.75,100.0,61.9
2018-01-06 02:39:00,2,1,54.47,85.0,55.0,42.88,48.48,54.47,0.0,0.0,0.0,45.0,47.04,0.0,0.0,0.0,120.0,48.48,0.0,0.88,0.0,0.0,0.0,31.29,0.0,72.52,78.82,100.0,61.89
2018-01-06 02:40:00,2,1,54.47,85.0,55.0,42.87,48.47,54.47,0.0,0.0,0.0,45.0,47.03,0.0,0.0,0.0,120.0,48.47,0.0,0.88,0.0,0.0,0.0,31.28,0.0,72.54,78.89,100.0,61.88
2018-01-06 02:41:00,2,1,54.46,85.0,55.0,42.86,48.45,54.46,0.0,0.0,0.0,45.0,47.02,0.0,0.0,0.0,120.0,48.45,0.0,0.88,0.0,0.0,0.0,31.26,0.0,72.56,78.96,100.0,61.87
2018-01-06 02:42:00,2,1,54.46,85.0,55.0,42.85,48.44,54.46,0.0,0.0,0.0,45.0,47.01,0.0,0.0,0.0,120.0,48.44,0.0,0.88,0.0,0.0,0.0,31.24,0.0,72.58,79.03,100.0,61.87
2018-01-06 02:43:00,2,1,54.46,85.0,55.0,42.84,48.43,54.46,0.0,0.0,0.0,45.0,47.0,0.0,0.0,0.0,120.0,48.43,0.0,0.88,0.0,0.0,0.0,31.22,0.0,72.61,79.09,100.0,61.86
2018-01-06 02:44:00,2,1,54.45,85.0,55.0,42.83,48.42,54.45,0.0,0.0,0.0,45.0,46.99,0.0,0.0,0.0,120.0,48.42,0.0,0.88,0.0,0.0,0.0,31.2,0.0,72.62,79.16,100.0,61.85
2018-01-06 02:45:00,2,1,54.45,85.0,55.0,42.81,48.4,54.45,0.0,0.0,0.0,45.0,46.98,0.0,0.0,0.0,120.0,48.4,0.0,0.88,0.0,0.0,0.0,31.18,0.0,72.64,79.22,100.0,61.85
2018-01-06 02:46:00,2,1,54.36,85.0,55.0,49.27,48.44,54.36,0.0,0.0,0.0,45.0,47.58,0.0,0.0,0.0,120.0,48.35,399.82,0.88,0.0,0.0,9.75,31.16,1.48,66.77,79.29,100.0,62.04
2018-01-06 02:47:00,2,1,54.04,85.0,55.0,53.31,50.56,54.04,0.0,0.0,0.0,45.0,50.94,0.0,0.01,0.0,120.0,50.05,399.82,0.88,0.0,0.0,9.75,31.15,2.47,63.43,79.35,94.62,62.75
2018-01-06 02:48:00,2,1,53.9,85.0,55.0,53.75,52.44,53.9,0.0,0.0,0.0,45.0,52.76,0.0,0.01,0.0,120.0,52.14,399.82,0.88,0.0,0.0,9.75,31.13,2.6,63.2,79.41,87.84,63.06
2018-01-06 02:49:00,2,1,53.88,85.0,55.0,53.82,53.31,53.88,0.0,0.0,0.0,45.0,53.45,0.0,0.01,0.0,120.0,53.19,399.82,0.88,0.0,0.0,9.75,31.11,2.62,63.14,79.47,84.9,63.08
2018-01-06 02:50:00,2,1,53.91,85.0,55.0,53.86,53.66,53.91,0.0,0.0,0.0,45.0,53.72,0.0,0.01,0.0,120.0,53.61,399.82,0.88,0.0,0.0,9.75,31.09,2.62,63.05,79.52,83.77,63.0
2018-01-06 02:51:00,2,1,53.95,85.0,55.0,53.9,53.81,53.95,0.0,0.0,0.0,45.0,53.84,0.0,0.02,0.0,120.0,53.79,399.82,0.88,0.0,0.0,9.75,31.07,2.62,62.93,79.58,83.3,62.88
2018-01-06 02:52:00,2,1,53.99,85.0,55.0,53.94,53.89,53.99,0.0,0.0,0.0,45.0,53.91,0.0,0.02,0.0,120.0,53.88,399.82,0.88,0.0,0.0,9.75,31.06,2.62,62.82,79.63,83.05,62.78
2018-01-06 02:53:00,2,1,54.03,85.0,55.0,53.98,53.94,54.03,0.0,0.0,0.0,45.0,53.95,0.0,0.02,0.0,120.0,53.93,399.82,0.88,0.0,0.0,9.75,31.04,2.62,62.73,79.68,82.89,62.68
2018-01-06 02:54:00,2,1,54.06,85.0,55.0,54.01,53.99,54.06,0.0,0.0,0.0,45.0,53.99,0.0,0.02,0.0,120.0,53.98,399.82,0.88,0.0,0.0,9.75,31.02,2.62,62.64,79.73,82.76,62.59
2018-01-06 02:55:00,2,1,54.09,85.0,55.0,54.04,54.02,54.09,0.0,0.0,0.0,45.0,54.03,0.0,0.02,0.0,120.0,54.01,399.82,0.88,0.0,0.0,9.75,31.01,2.62,62.56,79.78,82.66,62.51
2018-01-06 02:56:00,2,1,54.11,85.0,55.0,54.06,54.05,54.11,0.0,0.0,0.0,45.0,54.05,0.0,0.02,0.0,120.0,54.04,399.82,0.88,0.0,0.0,9.75,30.99,2.62,62.49,79.83,82.57,62.44
2018-01-06 02:57:00,2,1,54.13,85.0,55.0,54.08,54.07,54.13,0.0,0.0,0.0,45.0,54.08,0.0,0.03,0.0,120.0,54.07,399.82,0.88,0.0,0.0,9.75,30.97,2.62,62.42,79.87,82.49,62.37
2018-01-06 02:58:00,2,1,54.15,85.0,55.0,54.1,54.1,54.15,0.0,0.0,0.0,45.0,54.1,0.0,0.03,0.0,120.0,54.09,399.82,0.88,0.0,0.0,9.75,30.96,2.62,62.36,79.92,82.43,62.31
2018-01-06 02:59:00,2,1,54.17,85.0,55.0,54.12,54.12,54.17,0.0,0.0,0.0,45.0,54.12,0.0,0.03,0.0,120.0,54.11,399.82,0.88,0.0,0.0,9.75,30.94,2.62,62.31,79.96,82.37,62.26
2018-01-06 03:00:00,2,1,54.18,85.0,55.0,54.13,54.13,54.18,0.0,0.0,0.0,45.0,54.14,0.0,0.03,0.0,120.0,54.13,399.82,0.88,0.0,0.0,9.75,30.93,2.62,62.26,79.99,82.32,62.21
2018-01-06 03:01:00,2,1,54.19,85.0,55.0,54.14,54.15,54.19,0.0,0.0,0.0,45.0,54.15,0.0,0.03,0.0,120.0,54.14,399.82,0.88,0.0,0.0,9.75,30.92,2.62,62.22,79.99,82.27,62.17
2018-01-06 03:02:00,2,1,54.2,85.0,55.0,54.15,54.16,54.2,0.0,0.0,0.0,45.0,54.16,0.0,0.03,0.0,120.0,54.16,399.82,0.88,0.0,0.0,9.75,30.91,2.62,62.18,79.97,82.24,62.13
2018-01-06 03:03:00,2,1,54.21,85.0,55.0,54.16,54.17,54.21,0.0,0.0,0.0,45.0,54.17,0.0,0.04,0.0,120.0,54.17,399.82,0.88,0.0,0.0,9.75,30.91,2.62,62.14,79.94,82.2,62.09
2018-01-06 03:04:00,2,1,54.22,85.0,55.0,54.17,54.18,54.22,0.0,0.0,0.0,45.0,54.18,0.0,0.04,0.0,120.0,54.18,399.82,0.88,0.0,0.0,9.75,30.9,2.62,62.11,79.91,82.17,62.06
2018-01-06 03:05:00,2,1,54.23,85.0,55.0,54.18,54.19,54.23,0.0,0.0,0.0,45.0,54.19,0.0,0.04,0.0,120.0,54.19,399.82,0.88,0.0,0.0,9.75,30.9,2.62,62.07,79.88,82.15,62.02
2018-01-06 03:06:00,2,1,54.24,85.0,55.0,54.19,54.2,54.24,0.0,0.0,0.0,45.0,54.2,0.0,0.04,0.0,120.0,54.2,399.82,0.88,0.0,0.0,9.75,30.89,2.62,62.04,79.84,82.12,61.99
2018-01-06 03:07:00,2,1,54.24,85.0,55.0,54.19,54.2,54.24,0.0,0.0,0.0,45.0,54.21,0.0,0.04,0.0,120.0,54.2,399.82,0.88,0.0,0.0,9.75,30.89,2.62,62.01,79.81,82.1,61.96
2018-01-06 03:08:00,2,1,54.25,85.0,55.0,54.2,54.21,54.25,0.0,0.0,0.0,45.0,54.21,0.0,0.04,0.0,120.0,54.21,399.82,0.88,0.0,0.0,9.75,30.88,2.62,61.99,79.77,82.08,61.94
2018-01-06 03:09:00,2,1,54.25,85.0,55.0,54.2,54.22,54.25,0.0,0.0,0.0,45.0,54.22,0.0,0.04,0.0,120.0,54.21,399.82,0.88,0.0,0.0,9.75,30.88,2.62,61.96,79.73,82.07,61.91
2018-01-06 03:10:00,2,1,54.25,85.0,55.0,54.2,54.22,54.25,0.0,0.0,0.0,45.0,54.22,0.0,0.05,0.0,120.0,54.22,399.82,0.88,0.0,0.0,9.75,30.88,2.62,61.94,79.68,82.06,61.89
2018-01-06 03:11:00,2,1,54.26,85.0,55.0,54.21,54.22,54.26,0.0,0.0,0.0,45.0,54.22,0.0,0.05,0.0,120.0,54.22,399.82,0.88,0.0,0.0,9.75,30.87,2.62,61.91,79.64,82.04,61.87
2018-01-06 03:12:00,2,1,54.26,85.0,55.0,54.21,54.23,54.26,0.0,0.0,0.0,45.0,54.23,0.0,0.05,0.0,120.0,54.23,399.82,0.88,0.0,0.0,9.75,30.87,2.62,61.89,79.59,82.03,61.84
2018-01-06 03:13:00,2,1,54.26,85.0,55.0,54.21,54.23,54.26,0.0,0.0,0.0,45.0,54.23,0.0,0.05,0.0,120.0,54.23,399.82,0.88,0.0,0.0,9.75,30.87,2.62,61.87,79.54,82.03,61.82
2018-01-06 03:14:00,2,1,54.26,85.0,55.0,54.21,54.23,54.26,0.0,0.0,0.0,45.0,54.23,0.0,0.05,0.0,120.0,54.23,399.82,0.88,0.0,0.0,9.75,30.86,2.62,61.85,79.49,82.02,61.8
2018-01-06 03:15:00,2,1,54.27,85.0,55.0,54.21,54.23,54.27,0.0,0.0,0.0,45.0,54.23,0.0,0.05,0.0,120.0,54.23,399.82,0.88,0.0,0.0,9.75,30.86,2.62,61.83,79.44,82.01,61.78
2018-01-06 03:16:00,2,1,54.27,85.0,55.0,54.22,54.23,54.27,0.0,0.0,0.0,45.0,54.23,0.0,0.05,0.0,120.0,54.23,399.82,0.88,0.0,0.0,9.75,30.86,2.62,61.82,79.39,82.01,61.77
2018-01-06 03:17:00,2,1,54.27,85.0,55.0,54.22,54.24,54.27,0.0,0.0,0.0,45.0,54.24,0.0,0.06,0.0,120.0,54.24,399.82,0.88,0.0,0.0,9.75,30.86,2.62,61.8,79.33,82.01,61.75
2018-01-06 03:18:00,2,1,54.27,85.0,55.0,54.22,54.24,54.27,0.0,0.0,0.0,45.0,54.24,0.0,0.06,0.0,120.0,54.24,399.82,0.88,0.0,0.0,9.75,30.86,2.62,61.78,79.28,82.01,61.73
2018-01-06 03:19:00,2,1,54.27,85.0,55.0,54.22,54.24,54.27,0.0,0.0,0.0,45.0,54.24,0.0,0.06,0.0,120.0,54.24,399.82,0.88,0.0,0.0,9.75,30.86,2.62,61.77,79.22,82.0,61.72
2018-01-06 03:20:00,2,1,54.27,85.0,55.0,54.22,54.24,54.27,0.0,0.0,0.0,45.0,54.24,0.0,0.06,0.0,120.0,54.24,399.82,0.88,0.0,0.0,9.75,30.85,2.62,61.75,79.16,82.0,61.7
2018-01-06 03:21:00,2,1,54.27,85.0,55.0,54.22,54.24,54.27,0.0,0.0,0.0,45.0,54.24,0.0,0.06,0.0,120.0,54.24,399.82,0.88,0.0,0.0,9.75,30.85,2.62,61.74,79.1,82.0,61.69
2018-01-06 03:22:00,2,1,54.27,85.0,55.0,54.22,54.24,54.27,0.0,0.0,0.0,45.0,54.24,0.0,0.06,0.0,120.0,54.24,399.82,0.88,0.0,0.0,9.75,30.85,2.62,61.72,79.03,82.01,61.67
2018-01-06 03:23:00,2,1,54.27,85.0,55.0,54.21,54.24,54.27,0.0,0.0,0.0,45.0,54.24,0.0,0.07,0.0,120.0,54.24,399.82,0.88,0.0,0.0,9.75,30.85,2.62,61.71,78.97,82.01,61.66
2018-01-06 03:24:00,2,1,54.26,85.0,55.0,54.21,54.24,54.26,0.0,0.0,0.0,45.0,54.24,0.0,0.07,0.0,120.0,54.24,399.82,0.88,0.0,0.0,9.75,30.85,2.62,61.69,78.9,82.01,61.64
2018-01-06 03:25:00,2,1,54.26,85.0,55.0,54.21,54.23,54.26,0.0,0.0,0.0,45.0,54.23,0.0,0.07,0.0,120.0,54.23,399.82,0.88,0.0,0.0,9.75,30.85,2.62,61.68,78.84,82.01,61.63
2018-01-06 03:26:00,2,1,54.26,85.0,55.0,54.21,54.23,54.26,0.0,0.0,0.0,45.0,54.23,0.0,0.07,0.0,120.0,54.23,399.82,0.88,0.0,0.0,9.75,30.85,2.62,61.67,78.77,82.01,61.62
2018-01-06 03:27:00,2,1,54.26,85.0,55.0,54.21,54.23,54.26,0.0,0.0,0.0,45.0,54.23,0.0,0.07,0.0,120.0,54.23,399.82,0.88,0.0,0.0,9.75,30.85,2.62,61.65,78.7,82.02,61.6
2018-01-06 03:28:00,2,1,54.26,85.0,55.0,54.21,54.23,54.26,0.0,0.0,0.0,45.0,54.23,0.0,0.07,0.0,120.0,54.23,399.82,0.88,0.0,0.0,9.75,30.85,2.62,61.64,78.63,82.02,61.59
2018-01-06 03:29:00,2,1,54.26,85.0,55.0,54.21,54.23,54.26,0.0,0.0,0.0,45.0,54.23,0.0,0.07,0.0,120.0,54.23,399.82,0.88,0.0,0.0,9.75,30.85,2.62,61.63,78.56,82.03,61.58
2018-01-06 03:30:00,2,1,54.26,85.0,55.0,54.21,54.23,54.26,0.0,0.0,0.0,45.0,54.23,0.0,0.08,0.0,120.0,54.23,399.82,0.88,0.0,0.0,9.75,30.85,2.62,61.62,78.49,82.03,61.57
2018-01-06 03:31:00,2,1,54.25,85.0,55.0,54.2,54.23,54.25,0.0,0.0,0.0,45.0,54.23,0.0,0.08,0.0,120.0,54.23,399.82,0.88,0.0,0.0,9.75,30.85,2.62,61.6,78.41,82.04,61.55
2018-01-06 03:32:00,2,1,54.25,85.0,55.0,54.2,54.22,54.25,0.0,0.0,0.0,45.0,54.22,0.0,0.08,0.0,120.0,54.22,399.82,0.88,0.0,0.0,9.75,30.85,2.62,61.59,78.34,82.04,61.54
2018-01-06 03:33:00,2,1,54.25,85.0,55.0,54.2,54.22,54.25,0.0,0.0,0.0,45.0,54.22,0.0,0.08,0.0,120.0,54.22,399.82,0.88,0.0,0.0,9.75,30.85,2.62,61.58,78.26,82.05,61.53
2018-01-06 03:34:00,2,1,54.25,85.0,55.0,54.2,54.22,54.25,0.0,0.0,0.0,45.0,54.22,0.0,0.08,0.0,120.0,54.22,399.82,0.88,0.0,0.0,9.75,30.86,2.62,61.57,78.19,82.05,61.52
2018-01-06 03:35:00,2,1,54.25,85.0,55.0,54.2,54.22,54.25,0.0,0.0,0.0,45.0,54.22,0.0,0.08,0.0,120.0,54.22,399.82,0.88,0.0,0.0,9.75,30.86,2.62,61.56,78.11,82.06,61.51
2018-01-06 03:36:00,2,1,54.25,85.0,55.0,54.19,54.22,54.25,0.0,0.0,0.0,45.0,54.22,0.0,0.09,0.0,120.0,54.22,399.82,0.88,0.0,0.0,9.75,30.86,2.62,61.55,78.03,82.06,61.5
2018-01-06 03:37:00,2,1,54.24,85.0,55.0,54.19,54.22,54.24,0.0,0.0,0.0,45.0,54.21,0.0,0.09,0.0,120.0,54.22,399.82,0.88,0.0,0.0,9.75,30.86,2.62,61.53,77.95,82.07,61.49
2018-01-06 03:38:00,2,1,54.24,85.0,55.0,54.19,54.21,54.24,0.0,0.0,0.0,45.0,54.21,0.0,0.09,0.0,120.0,54.21,399.82,0.88,0.0,0.0,9.75,30.86,2.62,61.52,77.87,82.07,61.47
2018-01-06 03:39:00,2,1,54.24,85.0,55.0,54.19,54.21,54.24,0.0,0.0,0.0,45.0,54.21,0.0,0.09,0.0,120.0,54.21,399.82,0.88,0.0,0.0,9.75,30.86,2.62,61.51,77.79,82.08,61.46
2018-01-06 03:40:00,2,1,54.24,85.0,55.0,54.19,54.21,54.24,0.0,0.0,0.0,45.0,54.21,0.0,0.09,0.0,120.0,54.21,399.82,0.88,0.0,0.0,9.75,30.87,2.62,61.5,77.71,82.09,61.45
2018-01-06 03:41:00,2,1,54.23,85.0,55.0,54.18,54.21,54.23,0.0,0.0,0.0,45.0,54.21,0.0,0.09,0.0,120.0,54.21,399.82,0.88,0.0,0.0,9.75,30.87,2.62,61.49,77.63,82.09,61.44
2018-01-06 03:42:00,2,1,54.23,85.0,55.0,54.18,54.2,54.23,0.0,0.0,0.0,45.0,54.2,0.0,0.09,0.0,120.0,54.2,399.82,0.88,0.0,0.0,9.75,30.87,2.62,61.48,77.55,82.1,61.43
2018-01-06 03:43:00,2,1,54.23,85.0,55.0,54.18,54.2,54.23,0.0,0.0,0.0,45.0,54.2,0.0,0.1,0.0,120.0,54.2,399.82,0.88,0.0,0.0,9.75,30.87,2.62,61.47,77.47,82.11,61.42
2018-01-06 03:44:00,2,1,54.23,85.0,55.0,54.18,54.2,54.23,0.0,0.0,0.0,45.0,54.2,0.0,0.1,0.0,120.0,54.2,399.82,0.88,0.0,0.0,9.75,30.87,2.62,61.46,77.39,82.11,61.41
2018-01-06 03:45:00,2,1,54.23,85.0,55.0,54.17,54.2,54.23,0.0,0.0,0.0,45.0,54.2,0.0,0.1,0.0,120.0,54.2,399.82,0.88,0.0,0.0,9.75,30.88,2.62,61.45,77.3,82.12,61.4
2018-01-06 03:46:00,2,1,54.22,85.0,55.0,54.17,54.2,54.22,0.0,0.0,0.0,45.0,54.19,0.0,0.1,0.0,120.0,54.2,399.82,0.88,0.0,0.0,9.75,30.88,2.62,61.43,77.22,82.13,61.39
2018-01-06 03:47:00,2,1,54.22,85.0,55.0,54.17,54.19,54.22,0.0,0.0,0.0,45.0,54.19,0.0,0.1,0.0,120.0,54.19,399.82,0.88,0.0,0.0,9.75,30.88,2.62,61.42,77.14,82.14,61.38
2018-01-06 03:48:00,2,1,54.22,85.0,55.0,54.17,54.19,54.22,0.0,0.0,0.0,45.0,54.19,0.0,0.1,0.0,120.0,54.19,399.82,0.88,0.0,0.0,9.75,30.88,2.62,61.41,77.05,82.14,61.37
2018-01-06 03:49:00,2,1,54.22,85.0,55.0,54.16,54.19,54.22,0.0,0.0,0.0,45.0,54.19,0.0,0.11,0.0,120.0,54.19,399.82,0.88,0.0,0.0,9.75,30.89,2.62,61.4,76.97,82.15,61.35
2018-01-06 03:50:00,2,1,54.21,85.0,55.0,54.16,54.19,54.21,0.0,0.0,0.0,45.0,54.19,0.0,0.11,0.0,120.0,54.19,399.82,0.88,0.0,0.0,9.75,30.89,2.62,61.39,76.88,82.16,61.34
2018-01-06 03:51:00,2,1,54.21,85.0,55.0,54.16,54.18,54.21,0.0,0.0,0.0,45.0,54.18,0.0,0.11,0.0,120.0,54.18,399.82,0.88,0.0,0.0,9.75,30.89,2.62,61.38,76.8,82.16,61.33
2018-01-06 03:52:00,2,1,54.21,85.0,55.0,54.16,54.18,54.21,0.0,0.0,0.0,45.0,54.18,0.0,0.11,0.0,120.0,54.18,399.82,0.88,0.0,0.0,9.75,30.9,2.62,61.37,76.72,82.17,61.32
2018-01-06 03:53:00,2,1,54.21,85.0,55.0,54.15,54.18,54.21,0.0,0.0,0.0,45.0,54.18,0.0,0.11,0.0,120.0,54.18,399.82,0.88,0.0,0.0,9.75,30.9,2.62,61.36,76.63,82.18,61.31
2018-01-06 03:54:00,2,1,54.2,85.0,55.0,54.15,54.18,54.2,0.0,0.0,0.0,45.0,54.18,0.0,0.11,0.0,120.0,54.18,399.82,0.88,0.0,0.0,9.75,30.9,2.62,61.35,76.55,82.19,61.3
2018-01-06 03:55:00,2,1,54.2,85.0,55.0,54.15,54.17,54.2,0.0,0.0,0.0,45.0,54.17,0.0,0.12,0.0,120.0,54.17,399.82,0.88,0.0,0.0,9.75,30.9,2.62,61.34,76.46,82.19,61.29
2018-01-06 03:56:00,2,1,54.2,85.0,55.0,54.15,54.17,54.2,0.0,0.0,0.0,45.0,54.17,0.0,0.12,0.0,120.0,54.17,399.82,0.88,0.0,0.0,9.75,30.91,2.62,61.33,76.38,82.2,61.28
2018-01-06 03:57:00,2,1,54.2,85.0,55.0,54.15,54.17,54.2,0.0,0.0,0.0,45.0,54.17,0.0,0.12,0.0,120.0,54.17,399.82,0.88,0.0,0.0,9.75,30.91,2.62,61.32,76.29,82.21,61.27
2018-01-06 03:58:00,2,1,54.19,85.0,55.0,54.14,54.17,54.19,0.0,0.0,0.0,45.0,54.17,0.0,0.12,0.0,120.0,54.17,399.82,0.88,0.0,0.0,9.75,30.91,2.62,61.31,76.21,82.21,61.26
2018-01-06 03:59:00,2,1,54.19,85.0,55.0,54.14,54.16,54.19,0.0,0.0,0.0,45.0,54.16,0.0,0.12,0.0,120.0,54.16,399.82,0.88,0.0,0.0,9.75,30.92,2.62,61.3,76.12,82.22,61.25
2018-01-06 04:00:00,2,1,54.19,85.0,55.0,54.14,54.16,54.19,0.0,0.0,0.0,45.0,54.16,0.0,0.12,0.0,120.0,54.16,399.82,0.88,0.0,0.0,9.75,30.92,2.62,61.28,76.04,82.23,61.24
2018-01-06 04:01:00,2,1,54.19,85.0,55.0,54.14,54.16,54.19,0.0,0.0,0.0,45.0,54.16,0.0,0.13,0.0,120.0,54.16,399.82,0.88,0.0,0.0,9.75,30.92,2.62,61.27,75.97,82.24,61.23
2018-01-06 04:02:00,2,1,54.18,85.0,55.0,54.13,54.16,54.18,0.0,0.0,0.0,45.0,54.16,0.0,0.13,0.0,120.0,54.16,399.82,0.88,0.0,0.0,9.75,30.92,2.62,61.26,75.91,82.24,61.22
2018-01-06 04:03:00,2,1,54.18,85.0,55.0,54.13,54.15,54.18,0.0,0.0,0.0,45.0,54.15,0.0,0.13,0.0,120.0,54.15,399.82,0.88,0.0,0.0,9.75,30.93,2.62,61.25,75.85,82.25,61.21
2018-01-06 04:04:00,2,1,54.18,85.0,55.0,54.13,54.15,54.18,0.0,0.0,0.0,45.0,54.15,0.0,0.13,0.0,120.0,54.15,399.82,0.88,0.0,0.0,9.75,30.93,2.62,61.24,75.79,82.26,61.2
2018-01-06 04:05:00,2,1,54.18,85.0,55.0,54.13,54.15,54.18,0.0,0.0,0.0,45.0,54.15,0.0,0.13,0.0,120.0,54.15,399.82,0.88,0.0,0.0,9.75,30.93,2.62,61.23,75.72,82.27,61.19
2018-01-06 04:06:00,2,1,54.17,85.0,55.0,54.12,54.15,54.17,0.0,0.0,0.0,45.0,54.15,0.0,0.13,0.0,120.0,54.15,399.82,0.88,0.0,0.0,9.75,30.93,2.62,61.22,75.66,82.27,61.17
2018-01-06 04:07:00,2,1,54.17,85.0,55.0,54.12,54.14,54.17,0.0,0.0,0.0,45.0,54.14,0.0,0.14,0.0,120.0,54.14,399.82,0.88,0.0,0.0,9.75,30.94,2.62,61.21,75.6,82.28,61.16
2018-01-06 04:08:00,2,1,54.17,85.0,55.0,54.12,54.14,54.17,0.0,0.0,0.0,45.0,54.14,0.0,0.14,0.0,120.0,54.14,399.82,0.88,0.0,0.0,9.75,30.94,2.62,61.2,75.54,82.29,61.15
2018-01-06 04:09:00,2,1,54.17,85.0,55.0,54.12,54.14,54.17,0.0,0.0,0.0,45.0,54.14,0.0,0.14,0.0,120.0,54.14,399.82,0.88,0.0,0.0,9.75,30.94,2.62,61.19,75.49,82.3,61.14
2018-01-06 04:10:00,2,1,54.16,85.0,55.0,54.11,54.14,54.16,0.0,0.0,0.0,45.0,54.14,0.0,0.14,0.0,120.0,54.14,399.82,0.88,0.0,0.0,9.75,30.94,2.62,61.18,75.43,82.3,61.13
2018-01-06 04:11:00,2,1,54.16,85.0,55.0,54.11,54.13,54.16,0.0,0.0,0.0,45.0,54.13,0.0,0.14,0.0,120.0,54.13,399.82,0.88,0.0,0.0,9.75,30.95,2.62,61.17,75.37,82.31,61.12
2018-01-06 04:12:00,2,1,54.16,85.0,55.0,54.11,54.13,54.16,0.0,0.0,0.0,45.0,54.13,0.0,0.15,0.0,120.0,54.13,399.82,0.88,0.0,0.0,9.75,30.95,2.62,61.16,75.31,82.32,61.11
2018-01-06 04:13:00,2,1,54.16,85.0,55.0,54.11,54.13,54.16,0.0,0.0,0.0,45.0,54.13,0.0,0.15,0.0,120.0,54.13,399.82,0.88,0.0,0.0,9.75,30.95,2.62,61.15,75.25,82.33,61.1
2018-01-06 04:14:00,2,1,54.15,85.0,55.0,54.1,54.13,54.15,0.0,0.0,0.0,45.0,54.13,0.0,0.15,0.0,120.0,54.13,399.82,0.88,0.0,0.0,9.75,30.95,2.62,61.14,75.19,82.33,61.09
2018-01-06 04:15:00,2,1,54.15,85.0,55.0,54.1,54.12,54.15,0.0,0.0,0.0,45.0,54.12,0.0,0.15,0.0,120.0,54.12,399.82,0.88,0.0,0.0,9.75,30.95,2.62,61.13,75.14,82.34,61.08
2018-01-06 04:16:00,2,1,54.15,85.0,55.0,54.1,54.12,54.15,0.0,0.0,0.0,45.0,54.12,0.0,0.15,0.0,120.0,54.12,399.82,0.88,0.0,0.0,9.75,30.96,2.62,61.12,75.08,82.35,61.07
2018-01-06 04:17:00,2,1,54.15,85.0,55.0,54.1,54.12,54.15,0.0,0.0,0.0,45.0,54.12,0.0,0.15,0.0,120.0,54.12,399.82,0.88,0.0,0.0,9.75,30.96,2.62,61.1,75.02,82.36,61.06
2018-01-06 04:18:00,2,1,54.14,85.0,55.0,54.09,54.12,54.14,0.0,0.0,0.0,45.0,54.12,0.0,0.16,0.0,120.0,54.12,399.82,0.88,0.0,0.0,9.75,30.96,2.62,61.09,74.97,82.36,61.05
2018-01-06 04:19:00,2,1,54.14,85.0,55.0,54.09,54.11,54.14,0.0,0.0,0.0,45.0,54.11,0.0,0.16,0.0,120.0,54.11,399.82,0.88,0.0,0.0,9.75,30.96,2.62,61.08,74.91,82.37,61.04
2018-01-06 04:20:00,2,1,54.14,85.0,55.0,54.09,54.11,54.14,0.0,0.0,0.0,45.0,54.11,0.0,0.16,0.0,120.0,54.11,399.82,0.88,0.0,0.0,9.75,30.96,2.62,61.07,74.86,82.38,61.03
2018-01-06 04:21:00,2,1,54.14,85.0,55.0,54.09,54.11,54.14,0.0,0.0,0.0,45.0,54.11,0.0,0.16,0.0,120.0,54.11,399.82,0.88,0.0,0.0,9.75,30.97,2.62,61.06,74.8,82.39,61.02
2018-01-06 04:22:00,2,1,54.13,85.0,55.0,54.08,54.11,54.13,0.0,0.0,0.0,45.0,54.11,0.0,0.16,0.0,120.0,54.11,399.82,0.88,0.0,0.0,9.75,30.97,2.62,61.05,74.75,82.4,61.01
2018-01-06 04:23:00,2,1,54.13,85.0,55.0,54.08,54.1,54.13,0.0,0.0,0.0,45.0,54.1,0.0,0.16,0.0,120.0,54.1,399.82,0.88,0.0,0.0,9.75,30.97,2.62,61.04,74.69,82.4,61.0
2018-01-06 04:24:00,2,1,54.13,85.0,55.0,54.08,54.1,54.13,0.0,0.0,0.0,45.0,54.1,0.0,0.17,0.0,120.0,54.1,399.82,0.88,0.0,0.0,9.75,30.97,2.62,61.03,74.64,82.41,60.98
2018-01-06 04:25:00,2,1,54.13,85.0,55.0,54.08,54.1,54.13,0.0,0.0,0.0,45.0,54.1,0.0,0.17,0.0,120.0,54.1,399.82,0.88,0.0,0.0,9.75,30.97,2.62,61.02,74.59,82.42,60.97
2018-01-06 04:26:00,2,1,54.12,85.0,55.0,54.07,54.1,54.12,0.0,0.0,0.0,45.0,54.1,0.0,0.17,0.0,120.0,54.1,399.82,0.88,0.0,0.0,9.75,30.97,2.62,61.01,74.53,82.43,60.96
2018-01-06 04:27:00,2,1,54.12,85.0,55.0,54.07,54.09,54.12,0.0,0.0,0.0,45.0,54.09,0.0,0.17,0.0,120.0,54.09,399.82,0.88,0.0,0.0,9.75,30.97,2.62,61.0,74.48,82.43,60.95
2018-01-06 04:28:00,2,1,54.12,85.0,55.0,54.07,54.09,54.12,0.0,0.0,0.0,45.0,54.09,0.0,0.17,0.0,120.0,54.09,399.82,0.88,0.0,0.0,9.75,30.97,2.62,60.99,74.43,82.44,60.94
2018-01-06 04:29:00,2,1,54.12,85.0,55.0,54.06,54.09,54.12,0.0,0.0,0.0,45.0,54.09,0.0,0.18,0.0,120.0,54.09,399.82,0.88,0.0,0.0,9.75,30.98,2.62,60.98,74.38,82.45,60.93
2018-01-06 04:30:00,2,1,54.11,85.0,55.0,54.06,54.09,54.11,0.0,0.0,0.0,45.0,54.09,0.0,0.18,0.0,120.0,54.09,399.82,0.88,0.0,0.0,9.75,30.98,2.62,60.97,74.33,82.46,60.92
2018-01-06 04:31:00,2,1,54.11,85.0,55.0,54.06,54.08,54.11,0.0,0.0,0.0,45.0,54.08,0.0,0.18,0.0,120.0,54.08,399.82,0.88,0.0,0.0,9.75,30.98,2.62,60.96,74.28,82.47,60.91
2018-01-06 04:32:00,2,1,54.11,85.0,55.0,54.06,54.08,54.11,0.0,0.0,0.0,45.0,54.08,0.0,0.18,0.0,120.0,54.08,399.82,0.88,0.0,0.0,9.75,30.98,2.62,60.95,74.22,82.47,60.9
2018-01-06 04:33:00,2,1,54.11,85.0,55.0,54.05,54.08,54.11,0.0,0.0,0.0,45.0,54.08,0.0,0.18,0.0,120.0,54.08,399.82,0.88,0.0,0.0,9.75,30.98,2.62,60.94,74.18,82.48,60.89
2018-01-06 04:34:00,2,1,54.1,85.0,55.0,54.05,54.08,54.1,0.0,0.0,0.0,45.0,54.08,0.0,0.19,0.0,120.0,54.08,399.82,0.88,0.0,0.0,9.75,30.98,2.62,60.93,74.13,82.49,60.88
2018-01-06 04:35:00,2,1,54.1,85.0,55.0,54.05,54.07,54.1,0.0,0.0,0.0,45.0,54.07,0.0,0.19,0.0,120.0,54.07,399.82,0.88,0.0,0.0,9.75,30.98,2.62,60.91,74.08,82.5,60.87
2018-01-06 04:36:00,2,1,54.1,85.0,55.0,54.05,54.07,54.1,0.0,0.0,0.0,45.0,54.07,0.0,0.19,0.0,120.0,54.07,399.82,0.88,0.0,0.0,9.75,30.98,2.62,60.9,74.03,82.5,60.86
2018-01-06 04:37:00,2,1,54.09,85.0,55.0,54.04,54.07,54.09,0.0,0.0,0.0,45.0,54.07,0.0,0.19,0.0,120.0,54.07,399.82,0.88,0.0,0.0,9.75,30.98,2.62,60.89,73.98,82.51,60.85
2018-01-06 04:38:00,2,1,54.09,85.0,55.0,54.04,54.07,54.09,0.0,0.0,0.0,45.0,54.06,0.0,0.19,0.0,120.0,54.07,399.82,0.88,0.0,0.0,9.75,30.98,2.62,60.88,73.93,82.52,60.84
2018-01-06 04:39:00,2,1,54.09,85.0,55.0,54.04,54.06,54.09,0.0,0.0,0.0,45.0,54.06,0.0,0.19,0.0,120.0,54.06,399.82,0.88,0.0,0.0,9.75,30.98,2.62,60.87,73.89,82.53,60.83
2018-01-06 04:40:00,2,1,54.09,85.0,55.0,54.04,54.06,54.09,0.0,0.0,0.0,45.0,54.06,0.0,0.2,0.0,120.0,54.06,399.82,0.88,0.0,0.0,9.75,30.98,2.62,60.86,73.84,82.54,60.82
2018-01-06 04:41:00,2,1,54.08,85.0,55.0,54.03,54.06,54.08,0.0,0.0,0.0,45.0,54.06,0.0,0.2,0.0,120.0,54.06,399.82,0.88,0.0,0.0,9.75,30.98,2.62,60.85,73.79,82.54,60.81
2018-01-06 04:42:00,2,1,54.08,85.0,55.0,54.03,54.05,54.08,0.0,0.0,0.0,45.0,54.05,0.0,0.2,0.0,120.0,54.06,399.82,0.88,0.0,0.0,9.75,30.97,2.62,60.84,73.75,82.55,60.8
2018-01-06 04:43:00,2,1,54.08,85.0,55.0,54.03,54.05,54.08,0.0,0.0,0.0,45.0,54.05,0.0,0.2,0.0,120.0,54.05,399.82,0.88,0.0,0.0,9.75,30.97,2.62,60.83,73.7,82.56,60.79
2018-01-06 04:44:00,2,1,54.08,85.0,55.0,54.03,54.05,54.08,0.0,0.0,0.0,45.0,54.05,0.0,0.2,0.0,120.0,54.05,399.82,0.88,0.0,0.0,9.75,30.97,2.62,60.82,73.66,82.57,60.78
2018-01-06 04:45:00,2,1,54.07,85.0,55.0,54.02,54.05,54.07,0.0,0.0,0.0,45.0,54.05,0.0,0.21,0.0,120.0,54.05,399.82,0.88,0.0,0.0,9.75,30.97,2.62,60.81,73.61,82.58,60.77
2018-01-06 04:46:00,2,1,54.07,85.0,55.0,54.02,54.04,54.07,0.0,0.0,0.0,45.0,54.04,0.0,0.21,0.0,120.0,54.04,399.82,0.88,0.0,0.0,9.75,30.97,2.62,60.8,73.57,82.58,60.76
2018-01-06 04:47:00,2,1,54.07,85.0,55.0,54.02,54.04,54.07,0.0,0.0,0.0,45.0,54.04,0.0,0.21,0.0,120.0,54.04,399.82,0.88,0.0,0.0,9.75,30.97,2.62,60.79,73.53,82.59,60.74
2018-01-06 04:48:00,2,1,54.07,85.0,55.0,54.01,54.04,54.07,0.0,0.0,0.0,45.0,54.04,0.0,0.21,0.0,120.0,54.04,399.82,0.88,0.0,0.0,9.75,30.96,2.62,60.78,73.48,82.6,60.73
2018-01-06 04:49:00,2,1,54.06,85.0,55.0,54.01,54.04,54.06,0.0,0.0,0.0,45.0,54.04,0.0,0.21,0.0,120.0,54.04,399.82,0.88,0.0,0.0,9.75,30.96,2.62,60.77,73.44,82.61,60.72
2018-01-06 04:50:00,2,1,54.06,85.0,55.0,54.01,54.03,54.06,0.0,0.0,0.0,45.0,54.03,0.0,0.22,0.0,120.0,54.03,399.82,0.88,0.0,0.0,9.75,30.96,2.62,60.76,73.4,82.62,60.71
2018-01-06 04:51:00,2,1,54.06,85.0,55.0,54.01,54.03,54.06,0.0,0.0,0.0,45.0,54.03,0.0,0.22,0.0,120.0,54.03,399.82,0.88,0.0,0.0,9.75,30.96,2.62,60.75,73.36,82.63,60.7
2018-01-06 04:52:00,2,1,54.05,85.0,55.0,54.0,54.03,54.05,0.0,0.0,0.0,45.0,54.03,0.0,0.22,0.0,120.0,54.03,399.82,0.88,0.0,0.0,9.75,30.95,2.62,60.74,73.32,82.63,60.69
2018-01-06 04:53:00,2,1,54.05,85.0,55.0,54.0,54.03,54.05,0.0,0.0,0.0,45.0,54.02,0.0,0.22,0.0,120.0,54.03,399.82,0.88,0.0,0.0,9.75,30.95,2.62,60.73,73.28,82.64,60.68
2018-01-06 04:54:00,2,1,54.05,85.0,55.0,54.0,54.02,54.05,0.0,0.0,0.0,45.0,54.02,0.0,0.22,0.0,120.0,54.02,399.82,0.88,0.0,0.0,9.75,30.95,2.62,60.72,73.24,82.65,60.67
2018-01-06 04:55:00,2,1,54.05,85.0,55.0,54.0,54.02,54.05,0.0,0.0,0.0,45.0,54.02,0.0,0.23,0.0,120.0,54.02,399.82,0.88,0.0,0.0,9.75,30.94,2.62,60.71,73.2,82.66,60.66
2018-01-06 04:56:00,2,1,54.04,85.0,55.0,53.99,54.02,54.04,0.0,0.0,0.0,45.0,54.02,0.0,0.23,0.0,120.0,54.02,399.82,0.88,0.0,0.0,9.75,30.94,2.62,60.7,73.16,82.67,60.65
2018-01-06 04:57:00,2,1,54.04,85.0,55.0,53.99,54.01,54.04,0.0,0.0,0.0,45.0,54.01,0.0,0.23,0.0,120.0,54.01,399.82,0.88,0.0,0.0,9.75,30.94,2.62,60.69,73.12,82.68,60.64
2018-01-06 04:58:00,2,1,54.04,85.0,55.0,53.99,54.01,54.04,0.0,0.0,0.0,45.0,54.01,0.0,0.23,0.0,120.0,54.01,399.82,0.88,0.0,0.0,9.75,30.93,2.62,60.68,73.08,82.68,60.63
2018-01-06 04:59:00,2,1,54.04,85.0,55.0,53.98,54.01,54.04,0.0,0.0,0.0,45.0,54.01,0.0,0.23,0.0,120.0,54.01,399.82,0.88,0.0,0.0,9.75,30.93,2.62,60.67,73.05,82.69,60.62
2018-01-06 05:00:00,2,1,54.03,85.0,55.0,53.98,54.01,54.03,0.0,0.0,0.0,45.0,54.01,0.0,0.24,0.0,120.0,54.01,399.82,0.88,0.0,0.0,9.75,30.92,2.62,60.66,73.01,82.7,60.61
2018-01-06 05:01:00,2,1,54.03,85.0,55.0,53.98,54.0,54.03,0.0,0.0,0.0,45.0,54.0,0.0,0.24,0.0,120.0,54.0,399.82,0.88,0.0,0.0,9.75,30.91,2.62,60.65,72.98,82.71,60.6
2018-01-06 05:02:00,2,1,54.03,85.0,55.0,53.98,54.0,54.03,0.0,0.0,0.0,45.0,54.0,0.0,0.24,0.0,120.0,54.0,399.82,0.88,0.0,0.0,9.75,30.9,2.62,60.64,72.96,82.72,60.59
2018-01-06 05:03:00,2,1,54.02,85.0,55.0,53.97,54.0,54.02,0.0,0.0,0.0,45.0,54.0,0.0,0.24,0.0,120.0,54.0,399.82,0.88,0.0,0.0,9.75,30.89,2.62,60.63,72.95,82.73,60.58
2018-01-06 05:04:00,2,1,54.02,85.0,55.0,53.97,53.99,54.02,0.0,0.0,0.0,45.0,53.99,0.0,0.24,0.0,120.0,53.99,399.82,0.88,0.0,0.0,9.75,30.87,2.62,60.62,72.93,82.74,60.57
2018-01-06 05:05:00,2,1,54.02,85.0,55.0,53.97,53.99,54.02,0.0,0.0,0.0,45.0,53.99,0.0,0.25,0.0,120.0,53.99,399.82,0.88,0.0,0.0,9.75,30.86,2.62,60.61,72.91,82.75,60.56
2018-01-06 05:06:00,2,1,54.01,85.0,55.0,53.96,53.99,54.01,0.0,0.0,0.0,45.0,53.99,0.0,0.25,0.0,120.0,53.99,399.82,0.88,0.0,0.0,9.75,30.85,2.62,60.6,72.89,82.75,60.55
2018-01-06 05:07:00,2,1,54.01,85.0,55.0,53.96,53.99,54.01,0.0,0.0,0.0,45.0,53.98,0.0,0.25,0.0,120.0,53.99,399.82,0.88,0.0,0.0,9.75,30.83,2.62,60.59,72.88,82.76,60.54
2018-01-06 05:08:00,2,1,54.01,85.0,55.0,53.96,53.98,54.01,0.0,0.0,0.0,45.0,53.98,0.0,0.25,0.0,120.0,53.98,399.82,0.88,0.0,0.0,9.75,30.82,2.62,60.58,72.86,82.77,60.54
2018-01-06 05:09:00,2,1,54.01,85.0,55.0,53.95,53.98,54.01,0.0,0.0,0.0,45.0,53.98,0.0,0.25,0.0,120.0,53.98,399.82,0.88,0.0,0.0,9.75,30.8,2.62,60.57,72.85,82.78,60.53
2018-01-06 05:10:00,2,1,54.0,85.0,55.0,53.95,53.98,54.0,0.0,0.0,0.0,45.0,53.98,0.0,0.26,0.0,120.0,53.98,399.82,0.88,0.0,0.0,9.75,30.79,2.62,60.56,72.83,82.79,60.52
2018-01-06 05:11:00,2,1,54.0,85.0,55.0,53.95,53.97,54.0,0.0,0.0,0.0,45.0,53.97,0.0,0.26,0.0,120.0,53.97,399.82,0.88,0.0,0.0,9.75,30.78,2.62,60.55,72.82,82.8,60.51
2018-01-06 05:12:00,2,1,54.0,85.0,55.0,53.94,53.97,54.0,0.0,0.0,0.0,45.0,53.97,0.0,0.26,0.0,120.0,53.97,399.82,0.88,0.0,0.0,9.75,30.76,2.62,60.54,72.8,82.81,60.5
2018-01-06 05:13:00,2,1,53.99,85.0,55.0,53.94,53.97,53.99,0.0,0.0,0.0,45.0,53.97,0.0,0.26,0.0,120.0,53.97,399.82,0.88,0.0,0.0,9.75,30.75,2.62,60.53,72.79,82.82,60.49
2018-01-06 05:14:00,2,1,53.99,85.0,55.0,53.94,53.96,53.99,0.0,0.0,0.0,45.0,53.96,0.0,0.26,0.0,120.0,53.96,399.82,0.88,0.0,0.0,9.75,30.73,2.62,60.53,72.77,82.83,60.48
2018-01-06 05:15:00,2,1,53.99,85.0,55.0,53.93,53.96,53.99,0.0,0.0,0.0,45.0,53.96,0.0,0.27,0.0,120.0,53.96,399.82,0.88,0.0,0.0,9.75,30.72,2.62,60.52,72.76,82.84,60.47
2018-01-06 05:16:00,2,1,53.98,85.0,55.0,53.93,53.96,53.98,0.0,0.0,0.0,45.0,53.96,0.0,0.27,0.0,120.0,53.96,399.82,0.88,0.0,0.0,9.75,30.7,2.62,60.51,72.75,82.85,60.46
2018-01-06 05:17:00,2,1,53.98,85.0,55.0,53.93,53.95,53.98,0.0,0.0,0.0,45.0,53.95,0.0,0.27,0.0,120.0,53.95,399.82,0.88,0.0,0.0,9.75,30.69,2.62,60.5,72.73,82.86,60.45
2018-01-06 05:18:00,2,1,53.98,85.0,55.0,53.92,53.95,53.98,0.0,0.0,0.0,45.0,53.95,0.0,0.27,0.0,120.0,53.95,399.82,0.88,0.0,0.0,9.75,30.67,2.62,60.49,72.72,82.87,60.44
2018-01-06 05:19:00,2,1,53.97,85.0,55.0,53.92,53.95,53.97,0.0,0.0,0.0,45.0,53.94,0.0,0.28,0.0,120.0,53.95,399.82,0.88,0.0,0.0,9.75,30.65,2.62,60.48,72.71,82.89,60.44
2018-01-06 05:20:00,2,1,53.97,85.0,55.0,53.92,53.94,53.97,0.0,0.0,0.0,45.0,53.94,0.0,0.28,0.0,120.0,53.94,399.82,0.88,0.0,0.0,9.75,30.64,2.62,60.47,72.69,82.9,60.43
2018-01-06 05:21:00,2,1,53.96,85.0,55.0,53.91,53.94,53.96,0.0,0.0,0.0,45.0,53.94,0.0,0.28,0.0,120.0,53.94,399.82,0.88,0.0,0.0,9.75,30.62,2.62,60.46,72.68,82.91,60.42
2018-01-06 05:22:00,2,1,53.96,85.0,55.0,53.91,53.94,53.96,0.0,0.0,0.0,45.0,53.93,0.0,0.28,0.0,120.0,53.94,399.82,0.88,0.0,0.0,9.75,30.61,2.62,60.45,72.67,82.92,60.41
2018-01-06 05:23:00,2,1,53.96,85.0,55.0,53.91,53.93,53.96,0.0,0.0,0.0,45.0,53.93,0.0,0.28,0.0,120.0,53.93,399.82,0.88,0.0,0.0,9.75,30.59,2.62,60.45,72.66,82.93,60.4
2018-01-06 05:24:00,2,1,53.95,85.0,55.0,53.9,53.93,53.95,0.0,0.0,0.0,45.0,53.93,0.0,0.29,0.0,120.0,53.93,399.82,0.88,0.0,0.0,9.75,30.57,2.62,60.44,72.64,82.94,60.39
2018-01-06 05:25:00,2,1,53.95,85.0,55.0,53.9,53.92,53.95,0.0,0.0,0.0,45.0,53.92,0.0,0.29,0.0,120.0,53.93,399.82,0.88,0.0,0.0,9.75,30.56,2.62,60.43,72.63,82.95,60.38
2018-01-06 05:26:00,2,1,53.95,85.0,55.0,53.9,53.92,53.95,0.0,0.0,0.0,45.0,53.92,0.0,0.29,0.0,120.0,53.92,399.82,0.88,0.0,0.0,9.75,30.54,2.62,60.42,72.62,82.96,60.37
2018-01-06 05:27:00,2,1,53.94,85.0,55.0,53.89,53.92,53.94,0.0,0.0,0.0,45.0,53.92,0.0,0.29,0.0,120.0,53.92,399.82,0.88,0.0,0.0,9.75,30.53,2.62,60.41,72.61,82.97,60.37
2018-01-06 05:28:00,2,1,53.94,85.0,55.0,53.89,53.91,53.94,0.0,0.0,0.0,45.0,53.91,0.0,0.3,0.0,120.0,53.91,399.82,0.88,0.0,0.0,9.75,30.51,2.62,60.4,72.59,82.98,60.36
2018-01-06 05:29:00,2,1,53.94,85.0,55.0,53.88,53.91,53.94,0.0,0.0,0.0,45.0,53.91,0.0,0.3,0.0,120.0,53.91,399.82,0.88,0.0,0.0,9.75,30.49,2.62,60.39,72.58,82.99,60.35
2018-01-06 05:30:00,2,1,53.93,85.0,55.0,53.88,53.91,53.93,0.0,0.0,0.0,45.0,53.91,0.0,0.3,0.0,120.0,53.91,399.82,0.88,0.0,0.0,9.75,30.48,2.62,60.39,72.57,83.0,60.34
2018-01-06 05:31:00,2,1,53.93,85.0,55.0,53.88,53.9,53.93,0.0,0.0,0.0,45.0,53.9,0.0,0.3,0.0,120.0,53.9,399.82,0.88,0.0,0.0,9.75,30.46,2.62,60.38,72.55,83.02,60.33
2018-01-06 05:32:00,2,1,53.93,85.0,55.0,53.87,53.9,53.93,0.0,0.0,0.0,45.0,53.9,0.0,0.3,0.0,120.0,53.9,399.82,0.88,0.0,0.0,9.75,30.44,2.62,60.37,72.54,83.03,60.32
2018-01-06 05:33:00,2,1,53.92,85.0,55.0,53.87,53.9,53.92,0.0,0.0,0.0,45.0,53.9,0.0,0.31,0.0,120.0,53.9,399.82,0.88,0.0,0.0,9.75,30.43,2.62,60.36,72.53,83.04,60.31
2018-01-06 05:34:00,2,1,53.92,85.0,55.0,53.87,53.89,53.92,0.0,0.0,0.0,45.0,53.89,0.0,0.31,0.0,120.0,53.89,399.82,0.88,0.0,0.0,9.75,30.41,2.62,60.35,72.51,83.05,60.31
2018-01-06 05:35:00,2,1,53.91,85.0,55.0,53.86,53.89,53.91,0.0,0.0,0.0,45.0,53.89,0.0,0.31,0.0,120.0,53.89,399.82,0.88,0.0,0.0,9.75,30.4,2.62,60.34,72.5,83.06,60.3
2018-01-06 05:36:00,2,1,53.91,85.0,55.0,53.86,53.88,53.91,0.0,0.0,0.0,45.0,53.88,0.0,0.31,0.0,120.0,53.89,399.82,0.88,0.0,0.0,9.75,30.38,2.62,60.33,72.49,83.07,60.29
2018-01-06 05:37:00,2,1,53.91,85.0,55.0,53.86,53.88,53.91,0.0,0.0,0.0,45.0,53.88,0.0,0.32,0.0,120.0,53.88,399.82,0.88,0.0,0.0,9.75,30.36,2.62,60.33,72.47,83.08,60.28
2018-01-06 05:38:00,2,1,53.9,85.0,55.0,53.85,53.88,53.9,0.0,0.0,0.0,45.0,53.88,0.0,0.32,0.0,120.0,53.88,399.82,0.88,0.0,0.0,9.75,30.35,2.62,60.32,72.46,83.09,60.27
2018-01-06 05:39:00,2,1,53.9,85.0,55.0,53.85,53.87,53.9,0.0,0.0,0.0,45.0,53.87,0.0,0.32,0.0,120.0,53.87,399.82,0.88,0.0,0.0,9.75,30.33,2.62,60.31,72.44,83.11,60.26
2018-01-06 05:40:00,2,1,53.9,85.0,55.0,53.84,53.87,53.9,0.0,0.0,0.0,45.0,53.87,0.0,0.32,0.0,120.0,53.87,399.82,0.88,0.0,0.0,9.75,30.32,2.62,60.3,72.43,83.12,60.26
2018-01-06 05:41:00,2,1,53.89,85.0,55.0,53.84,53.87,53.89,0.0,0.0,0.0,45.0,53.87,0.0,0.32,0.0,120.0,53.87,399.82,0.88,0.0,0.0,9.75,30.3,2.62,60.29,72.41,83.13,60.25
2018-01-06 05:42:00,2,1,53.89,85.0,55.0,53.84,53.86,53.89,0.0,0.0,0.0,45.0,53.86,0.0,0.33,0.0,120.0,53.86,399.82,0.88,0.0,0.0,9.75,30.28,2.62,60.28,72.4,83.14,60.24
2018-01-06 05:43:00,2,1,53.89,85.0,55.0,53.83,53.86,53.89,0.0,0.0,0.0,45.0,53.86,0.0,0.33,0.0,120.0,53.86,399.82,0.88,0.0,0.0,9.75,30.27,2.62,60.27,72.38,83.15,60.23
2018-01-06 05:44:00,2,1,53.88,85.0,55.0,53.83,53.86,53.88,0.0,0.0,0.0,45.0,53.85,0.0,0.33,0.0,120.0,53.86,399.82,0.88,0.0,0.0,9.75,30.25,2.62,60.27,72.36,83.16,60.22
2018-01-06 05:45:00,2,1,53.88,85.0,55.0,53.83,53.85,53.88,0.0,0.0,0.0,45.0,53.85,0.0,0.33,0.0,120.0,53.85,399.82,0.88,0.0,0.0,9.75,30.24,2.62,60.26,72.35,83.17,60.21
2018-01-06 05:46:00,2,1,53.87,85.0,55.0,53.82,53.85,53.87,0.0,0.0,0.0,45.0,53.85,0.0,0.34,0.0,120.0,53.85,399.82,0.88,0.0,0.0,9.75,30.22,2.62,60.25,72.33,83.19,60.2
2018-01-06 05:47:00,2,1,53.87,85.0,55.0,53.82,53.84,53.87,0.0,0.0,0.0,45.0,53.84,0.0,0.34,0.0,120.0,53.84,399.82,0.88,0.0,0.0,9.75,30.21,2.62,60.24,72.31,83.2,60.2
2018-01-06 05:48:00,2,1,53.87,85.0,55.0,53.82,53.84,53.87,0.0,0.0,0.0,45.0,53.84,0.0,0.34,0.0,120.0,53.84,399.82,0.88,0.0,0.0,9.75,30.19,2.62,60.23,72.29,83.21,60.19
2018-01-06 05:49:00,2,1,53.86,85.0,55.0,53.81,53.84,53.86,0.0,0.0,0.0,45.0,53.84,0.0,0.34,0.0,120.0,53.84,399.82,0.88,0.0,0.0,9.75,30.18,2.62,60.22,72.27,83.22,60.18
2018-01-06 05:50:00,2,1,53.86,85.0,55.0,53.81,53.83,53.86,0.0,0.0,0.0,45.0,53.83,0.0,0.35,0.0,120.0,53.83,399.82,0.88,0.0,0.0,9.75,30.16,2.62,60.22,72.25,83.23,60.17
2018-01-06 05:51:00,2,1,53.86,85.0,55.0,53.8,53.83,53.86,0.0,0.0,0.0,45.0,53.83,0.0,0.35,0.0,120.0,53.83,399.82,0.88,0.0,0.0,9.75,30.15,2.62,60.21,72.23,83.24,60.16
2018-01-06 05:52:00,2,1,53.85,85.0,55.0,53.8,53.83,53.85,0.0,0.0,0.0,45.0,53.83,0.0,0.35,0.0,120.0,53.83,399.82,0.88,0.0,0.0,9.75,30.13,2.62,60.2,72.21,83.25,60.15
2018-01-06 05:53:00,2,1,53.85,85.0,55.0,53.8,53.82,53.85,0.0,0.0,0.0,45.0,53.82,0.0,0.35,0.0,120.0,53.82,399.82,0.88,0.0,0.0,9.75,30.12,2.62,60.19,72.19,83.27,60.14
2018-01-06 05:54:00,2,1,53.84,85.0,55.0,53.79,53.82,53.84,0.0,0.0,0.0,45.0,53.82,0.0,0.36,0.0,120.0,53.82,399.82,0.88,0.0,0.0,9.75,30.11,2.62,60.18,72.17,83.28,60.13
2018-01-06 05:55:00,2,1,53.84,85.0,55.0,53.79,53.81,53.84,0.0,0.0,0.0,45.0,53.81,0.0,0.36,0.0,120.0,53.82,399.82,0.88,0.0,0.0,9.75,30.09,2.62,60.17,72.14,83.29,60.13
2018-01-06 05:56:00,2,1,53.84,85.0,55.0,53.79,53.81,53.84,0.0,0.0,0.0,45.0,53.81,0.0,0.36,0.0,120.0,53.81,399.82,0.88,0.0,0.0,9.75,30.08,2.62,60.16,72.12,83.3,60.12
2018-01-06 05:57:00,2,1,53.83,85.0,55.0,53.78,53.81,53.83,0.0,0.0,0.0,45.0,53.81,0.0,0.36,0.0,120.0,53.81,399.82,0.88,0.0,0.0,9.75,30.06,2.62,60.15,72.09,83.31,60.11
2018-01-06 05:58:00,2,1,53.83,85.0,55.0,53.78,53.8,53.83,0.0,0.0,0.0,45.0,53.8,0.0,0.37,0.0,120.0,53.8,399.82,0.88,0.0,0.0,9.75,30.05,2.62,60.15,72.07,83.32,60.1
2018-01-06 05:59:00,2,1,53.83,85.0,55.0,53.77,53.8,53.83,0.0,0.0,0.0,45.0,53.8,0.0,0.37,0.0,120.0,53.8,399.82,0.88,0.0,0.0,9.75,30.04,2.62,60.14,72.04,83.33,60.09
2018-01-06 06:00:00,2,1,53.82,85.0,55.0,53.77,53.8,53.82,0.0,0.0,0.0,45.0,53.8,0.0,0.37,0.0,120.0,53.8,399.82,0.88,0.0,0.0,9.75,30.03,2.62,60.13,72.02,83.34,60.08
2018-01-06 06:01:00,2,1,53.82,85.0,55.0,53.77,53.79,53.82,0.0,0.0,0.0,45.0,53.79,0.0,0.37,0.0,120.0,53.79,399.82,0.88,0.0,0.0,9.75,30.02,2.62,60.12,71.97,83.36,60.07
2018-01-06 06:02:00,2,1,53.82,85.0,55.0,53.76,53.79,53.82,0.0,0.0,0.0,45.0,53.79,0.0,0.37,0.0,120.0,53.79,399.82,0.88,0.0,0.0,9.75,30.02,2.62,60.11,71.9,83.37,60.06
2018-01-06 06:03:00,2,1,53.81,85.0,55.0,53.76,53.79,53.81,0.0,0.0,0.0,45.0,53.78,0.0,0.38,0.0,120.0,53.79,399.82,0.88,0.0,0.0,9.75,30.02,2.62,60.1,71.84,83.38,60.06
2018-01-06 06:04:00,2,1,53.81,85.0,55.0,53.76,53.78,53.81,0.0,0.0,0.0,45.0,53.78,0.0,0.38,0.0,120.0,53.78,399.82,0.88,0.0,0.0,9.75,30.01,2.62,60.09,71.77,83.39,60.05
2018-01-06 06:05:00,2,1,53.81,85.0,55.0,53.75,53.78,53.81,0.0,0.0,0.0,45.0,53.78,0.0,0.38,0.0,120.0,53.78,399.82,0.88,0.0,0.0,9.75,30.01,2.62,60.08,71.7,83.4,60.04
2018-01-06 06:06:00,2,1,53.8,85.0,55.0,53.75,53.78,53.8,0.0,0.0,0.0,45.0,53.77,0.0,0.38,0.0,120.0,53.78,399.82,0.88,0.0,0.0,9.75,30.01,2.62,60.07,71.63,83.41,60.03
2018-01-06 06:07:00,2,1,53.8,85.0,55.0,53.75,53.77,53.8,0.0,0.0,0.0,45.0,53.77,0.0,0.39,0.0,120.0,53.77,399.82,0.88,0.0,0.0,9.75,30.01,2.62,60.06,71.56,83.42,60.02
2018-01-06 06:08:00,2,1,53.8,85.0,55.0,53.74,53.77,53.8,0.0,0.0,0.0,45.0,53.77,0.0,0.39,0.0,120.0,53.77,399.82,0.88,0.0,0.0,9.75,30.01,2.62,60.05,71.49,83.43,60.01
2018-01-06 06:09:00,2,1,53.79,85.0,55.0,53.74,53.77,53.79,0.0,0.0,0.0,45.0,53.76,0.0,0.39,0.0,120.0,53.77,399.82,0.88,0.0,0.0,9.75,30.01,2.62,60.04,71.42,83.44,60.0
2018-01-06 06:10:00,2,1,53.79,85.0,55.0,53.74,53.76,53.79,0.0,0.0,0.0,45.0,53.76,0.0,0.39,0.0,120.0,53.76,399.82,0.88,0.0,0.0,9.75,30.01,2.62,60.03,71.35,83.45,59.99
2018-01-06 06:11:00,2,1,53.79,85.0,55.0,53.73,53.76,53.79,0.0,0.0,0.0,45.0,53.76,0.0,0.4,0.0,120.0,53.76,399.82,0.88,0.0,0.0,9.75,30.01,2.62,60.02,71.28,83.46,59.98
2018-01-06 06:12:00,2,1,53.78,85.0,55.0,53.73,53.76,53.78,0.0,0.0,0.0,45.0,53.76,0.0,0.4,0.0,120.0,53.76,399.82,0.88,0.0,0.0,9.75,30.01,2.62,60.01,71.21,83.47,59.97
2018-01-06 06:13:00,2,1,53.78,85.0,55.0,53.73,53.75,53.78,0.0,0.0,0.0,45.0,53.75,0.0,0.4,0.0,120.0,53.75,399.82,0.88,0.0,0.0,9.75,30.01,2.62,60.0,71.14,83.48,59.96
2018-01-06 06:14:00,2,1,53.78,85.0,55.0,53.72,53.75,53.78,0.0,0.0,0.0,45.0,53.75,0.0,0.4,0.0,120.0,53.75,399.82,0.88,0.0,0.0,9.75,30.01,2.62,59.99,71.07,83.49,59.95
2018-01-06 06:15:00,2,1,53.77,85.0,55.0,53.72,53.75,53.77,0.0,0.0,0.0,45.0,53.75,0.0,0.41,0.0,120.0,53.75,399.82,0.88,0.0,0.0,9.75,30.01,2.62,59.98,71.0,83.5,59.94
2018-01-06 06:16:00,2,1,53.77,85.0,55.0,53.72,53.74,53.77,0.0,0.0,0.0,45.0,53.74,0.0,0.41,0.0,120.0,53.74,399.82,0.88,0.0,0.0,9.75,30.01,2.62,59.97,70.92,83.51,59.93
2018-01-06 06:17:00,2,1,53.77,85.0,55.0,53.72,53.74,53.77,0.0,0.0,0.0,45.0,53.74,0.0,0.41,0.0,120.0,53.74,399.82,0.88,0.0,0.0,9.75,30.01,2.62,59.96,70.85,83.52,59.92
2018-01-06 06:18:00,2,1,53.77,85.0,55.0,53.71,53.74,53.77,0.0,0.0,0.0,45.0,53.74,0.0,0.42,0.0,120.0,53.74,399.82,0.88,0.0,0.0,9.75,30.02,2.62,59.95,70.78,83.53,59.91
2018-01-06 06:19:00,2,1,53.76,85.0,55.0,53.71,53.73,53.76,0.0,0.0,0.0,45.0,53.73,0.0,0.42,0.0,120.0,53.74,399.82,0.88,0.0,0.0,9.75,30.02,2.62,59.94,70.7,83.54,59.9
2018-01-06 06:20:00,2,1,53.76,85.0,55.0,53.71,53.73,53.76,0.0,0.0,0.0,45.0,53.73,0.0,0.42,0.0,120.0,53.73,399.82,0.88,0.0,0.0,9.75,30.02,2.62,59.93,70.63,83.54,59.89
2018-01-06 06:21:00,2,1,53.76,85.0,55.0,53.7,53.73,53.76,0.0,0.0,0.0,45.0,53.73,0.0,0.42,0.0,120.0,53.73,399.82,0.88,0.0,0.0,9.75,30.02,2.62,59.92,70.56,83.55,59.88
2018-01-06 06:22:00,2,1,53.75,85.0,55.0,53.7,53.73,53.75,0.0,0.0,0.0,45.0,53.73,0.0,0.43,0.0,120.0,53.73,399.82,0.88,0.0,0.0,9.75,30.02,2.62,59.91,70.48,83.56,59.86
2018-01-06 06:23:00,2,1,53.75,85.0,55.0,53.7,53.72,53.75,0.0,0.0,0.0,45.0,53.72,0.0,0.43,0.0,120.0,53.72,399.82,0.88,0.0,0.0,9.75,30.02,2.62,59.9,70.41,83.57,59.85
2018-01-06 06:24:00,2,1,53.75,85.0,55.0,53.7,53.72,53.75,0.0,0.0,0.0,45.0,53.72,0.0,0.43,0.0,120.0,53.72,399.82,0.88,0.0,0.0,9.75,30.02,2.62,59.89,70.34,83.58,59.84
2018-01-06 06:25:00,2,1,53.75,85.0,55.0,53.69,53.72,53.75,0.0,0.0,0.0,45.0,53.72,0.0,0.43,0.0,120.0,53.72,399.82,0.88,0.0,0.0,9.75,30.02,2.62,59.88,70.26,83.59,59.83
2018-01-06 06:26:00,2,1,53.74,85.0,55.0,53.69,53.71,53.74,0.0,0.0,0.0,45.0,53.71,0.0,0.44,0.0,120.0,53.72,399.82,0.88,0.0,0.0,9.75,30.03,2.62,59.87,70.19,83.6,59.82
2018-01-06 06:27:00,2,1,53.74,85.0,55.0,53.69,53.71,53.74,0.0,0.0,0.0,45.0,53.71,0.0,0.44,0.0,120.0,53.71,399.82,0.88,0.0,0.0,9.75,30.03,2.62,59.86,70.12,83.61,59.81
2018-01-06 06:28:00,2,1,53.74,85.0,55.0,53.68,53.71,53.74,0.0,0.0,0.0,45.0,53.71,0.0,0.44,0.0,120.0,53.71,399.82,0.88,0.0,0.0,9.75,30.03,2.62,59.84,70.04,83.62,59.8
2018-01-06 06:29:00,2,1,53.73,85.0,55.0,53.68,53.71,53.73,0.0,0.0,0.0,45.0,53.71,0.0,0.44,0.0,120.0,53.71,399.82,0.88,0.0,0.0,9.75,30.03,2.62,59.83,69.97,83.62,59.79
2018-01-06 06:30:00,2,1,53.73,85.0,55.0,53.68,53.7,53.73,0.0,0.0,0.0,45.0,53.7,0.0,0.45,0.0,120.0,53.7,399.82,0.88,0.0,0.0,9.75,30.03,2.62,59.82,69.9,83.63,59.78
2018-01-06 06:31:00,2,1,53.73,85.0,55.0,53.68,53.7,53.73,0.0,0.0,0.0,45.0,53.7,0.0,0.45,0.0,120.0,53.7,399.82,0.88,0.0,0.0,9.75,30.03,2.62,59.81,69.83,83.64,59.77
2018-01-06 06:32:00,2,1,53.73,85.0,55.0,53.68,53.7,53.73,0.0,0.0,0.0,45.0,53.7,0.0,0.45,0.0,120.0,53.7,536.5,0.88,0.0,0.0,13.08,30.03,5.35,59.79,69.76,83.64,59.76
2018-01-06 06:33:00,2,1,53.72,85.0,55.0,53.68,53.71,53.72,0.0,0.0,0.0,45.0,53.71,0.0,0.45,0.0,120.0,53.71,536.5,0.88,0.0,0.0,13.08,30.03,6.2,59.78,69.68,83.61,59.74
2018-01-06 06:34:00,2,1,53.72,85.0,55.0,53.68,53.72,53.72,0.0,0.0,0.0,45.0,53.72,0.0,0.46,0.0,120.0,53.72,536.5,0.88,0.0,0.0,13.08,30.04,6.31,59.76,69.61,83.59,59.73
2018-01-06 06:35:00,2,1,53.72,85.0,55.0,53.68,53.72,53.72,0.0,0.0,0.0,45.0,53.72,0.0,0.46,0.0,120.0,53.72,536.5,0.88,0.0,0.0,13.08,30.04,6.33,59.75,69.54,83.58,59.72
2018-01-06 06:36:00,2,1,53.72,85.0,55.0,53.68,53.72,53.72,0.0,0.0,0.0,45.0,53.72,0.0,0.46,0.0,120.0,53.72,536.5,0.88,0.0,0.0,13.08,30.04,6.33,59.73,69.47,83.58,59.7
2018-01-06 06:37:00,2,1,53.72,85.0,55.0,53.68,53.72,53.72,0.0,0.0,0.0,45.0,53.72,0.0,0.46,0.0,120.0,53.72,536.5,0.88,0.0,0.0,13.08,30.04,6.33,59.72,69.4,83.59,59.69
2018-01-06 06:38:00,2,1,53.72,85.0,55.0,53.68,53.72,53.72,0.0,0.0,0.0,45.0,53.72,0.0,0.47,0.0,120.0,53.72,536.5,0.88,0.0,0.0,13.08,30.04,6.33,59.7,69.33,83.59,59.67
2018-01-06 06:39:00,2,1,53.72,85.0,55.0,53.68,53.72,53.72,0.0,0.0,0.0,45.0,53.72,0.0,0.47,0.0,120.0,53.72,536.5,0.88,0.0,0.0,13.08,30.04,6.33,59.69,69.27,83.59,59.66
2018-01-06 06:40:00,2,1,53.72,85.0,55.0,53.68,53.72,53.72,0.0,0.0,0.0,45.0,53.72,0.0,0.47,0.0,120.0,53.72,536.5,0.88,0.0,0.0,13.08,30.04,6.33,59.67,69.2,83.6,59.64
2018-01-06 06:41:00,2,1,53.71,85.0,55.0,53.67,53.71,53.71,0.0,0.0,0.0,45.0,53.71,0.0,0.48,0.0,120.0,53.71,536.5,0.88,0.0,0.0,13.08,30.04,6.33,59.66,69.13,83.6,59.63
2018-01-06 06:42:00,2,1,53.71,85.0,55.0,53.67,53.71,53.71,0.0,0.0,0.0,45.0,53.71,0.0,0.48,0.0,120.0,53.71,536.5,0.88,0.0,0.0,13.08,30.04,6.33,59.65,69.06,83.61,59.62
2018-01-06 06:43:00,2,1,53.71,85.0,55.0,53.67,53.71,53.71,0.0,0.0,0.0,45.0,53.71,0.0,0.48,0.0,120.0,53.71,536.5,0.88,0.0,0.0,13.08,30.04,6.33,59.63,69.0,83.61,59.6
2018-01-06 06:44:00,2,1,53.71,85.0,55.0,53.67,53.71,53.71,0.0,0.0,0.0,45.0,53.71,0.0,0.48,0.0,120.0,53.71,536.5,0.88,0.0,0.0,13.08,30.04,6.33,59.62,68.93,83.62,59.59
2018-01-06 06:45:00,2,1,53.71,85.0,55.0,53.67,53.71,53.71,0.0,0.0,0.0,45.0,53.71,0.0,0.49,0.0,120.0,53.71,536.5,0.88,0.0,0.0,13.08,30.04,6.33,59.61,68.87,83.62,59.58
2018-01-06 06:46:00,2,1,53.7,85.0,55.0,53.67,53.7,53.7,0.0,0.0,0.0,45.0,53.7,0.0,0.49,0.0,120.0,53.71,536.5,0.88,0.0,0.0,13.08,30.04,6.33,59.6,68.81,83.63,59.56
2018-01-06 06:47:00,2,1,53.7,85.0,55.0,53.66,53.7,53.7,0.0,0.0,0.0,45.0,53.7,0.0,0.49,0.0,120.0,53.7,536.5,0.88,0.0,0.0,13.08,30.04,6.33,59.58,68.74,83.63,59.55
2018-01-06 06:48:00,2,1,53.7,85.0,55.0,53.66,53.7,53.7,0.0,0.0,0.0,45.0,53.7,0.0,0.49,0.0,120.0,53.7,536.5,0.88,0.0,0.0,13.08,30.04,6.33,59.57,68.68,83.64,59.54
2018-01-06 06:49:00,2,1,53.7,85.0,55.0,53.66,53.7,53.7,0.0,0.0,0.0,45.0,53.7,0.0,0.5,0.0,120.0,53.7,536.5,0.88,0.0,0.0,13.08,30.04,6.33,59.56,68.62,83.65,59.53
2018-01-06 06:50:00,2,1,53.7,85.0,55.0,53.66,53.7,53.7,0.0,0.0,0.0,45.0,53.7,0.0,0.5,0.0,120.0,53.7,536.5,0.88,0.0,0.0,13.08,30.04,6.33,59.55,68.56,83.65,59.51
2018-01-06 06:51:00,2,1,53.69,85.0,55.0,53.65,53.69,53.69,0.0,0.0,0.0,45.0,53.69,0.0,0.5,0.0,120.0,53.69,536.5,0.88,0.0,0.0,13.08,30.04,6.33,59.53,68.5,83.66,59.5
2018-01-06 06:52:00,2,1,53.69,85.0,55.0,53.65,53.69,53.69,0.0,0.0,0.0,45.0,53.69,0.0,0.51,0.0,120.0,53.69,536.5,0.88,0.0,0.0,13.08,30.04,6.33,59.52,68.45,83.67,59.49
2018-01-06 06:53:00,2,1,53.69,85.0,55.0,53.65,53.69,53.69,0.0,0.0,0.0,45.0,53.69,0.0,0.51,0.0,120.0,53.69,536.5,0.88,0.0,0.0,13.08,30.04,6.33,59.51,68.39,83.68,59.48
2018-01-06 06:54:00,2,1,53.69,85.0,55.0,53.65,53.69,53.69,0.0,0.0,0.0,45.0,53.69,0.0,0.51,0.0,120.0,53.69,536.5,0.88,0.0,0.0,13.08,30.04,6.33,59.5,68.33,83.68,59.47
2018-01-06 06:55:00,2,1,53.68,85.0,55.0,53.65,53.68,53.68,0.0,0.0,0.0,45.0,53.68,0.0,0.51,0.0,120.0,53.69,536.5,0.88,0.0,0.0,13.08,30.03,6.33,59.49,68.28,83.69,59.45
2018-01-06 06:56:00,2,1,53.68,85.0,55.0,53.64,53.68,53.68,0.0,0.0,0.0,45.0,53.68,0.0,0.52,0.0,120.0,53.68,536.5,0.88,0.0,0.0,13.08,30.03,6.33,59.47,68.23,83.7,59.44
2018-01-06 06:57:00,2,1,53.68,85.0,55.0,53.64,53.68,53.68,0.0,0.0,0.0,45.0,53.68,0.0,0.52,0.0,120.0,53.68,536.5,0.88,0.0,0.0,13.08,30.03,6.33,59.46,68.17,83.71,59.43
2018-01-06 06:58:00,2,1,53.68,85.0,55.0,53.64,53.68,53.68,0.0,0.0,0.0,45.0,53.68,0.0,0.52,0.0,120.0,53.68,536.5,0.88,0.0,0.0,13.08,30.03,6.33,59.45,68.12,83.71,59.42
2018-01-06 06:59:00,2,1,53.67,85.0,55.0,53.64,53.68,53.67,0.0,0.0,0.0,45.0,53.68,0.0,0.52,0.0,120.0,53.68,536.5,0.88,0.0,0.0,13.08,30.02,6.33,59.44,68.07,83.72,59.41
2018-01-06 07:00:00,2,1,53.67,85.0,55.0,53.63,53.67,53.67,0.0,0.0,0.0,45.0,53.67,0.0,0.53,0.0,120.0,53.67,536.5,0.88,0.0,0.0,13.08,30.02,6.33,59.43,68.02,83.73,59.39
2018-01-06 07:01:00,2,1,53.67,85.0,55.0,53.63,53.67,53.67,0.0,0.0,0.0,45.0,53.67,0.0,0.53,0.0,120.0,53.67,536.5,0.88,0.0,0.0,13.08,30.01,6.33,59.41,68.01,83.74,59.38
2018-01-06 07:02:00,2,1,53.67,85.0,55.0,53.63,53.67,53.67,0.0,0.0,0.0,45.0,53.67,0.0,0.53,0.0,120.0,53.67,536.5,0.88,0.0,0.0,13.08,30.0,6.33,59.4,68.01,83.74,59.37
2018-01-06 07:03:00,2,1,53.66,85.0,55.0,53.62,53.66,53.66,0.0,0.0,0.0,45.0,53.66,0.0,0.54,0.0,120.0,53.67,536.5,0.88,0.0,0.0,13.08,29.98,6.33,59.39,68.01,83.75,59.36
2018-01-06 07:04:00,2,1,53.66,85.0,55.0,53.62,53.66,53.66,0.0,0.0,0.0,45.0,53.66,0.0,0.54,0.0,120.0,53.66,536.5,0.88,0.0,0.0,13.08,29.97,6.33,59.38,68.02,83.76,59.35
2018-01-06 07:05:00,2,1,53.66,85.0,55.0,53.62,53.66,53.66,0.0,0.0,0.0,45.0,53.66,0.0,0.54,0.0,120.0,53.66,536.5,0.88,0.0,0.0,13.08,29.95,6.33,59.37,68.02,83.77,59.34
2018-01-06 07:06:00,2,1,53.65,85.0,55.0,53.62,53.66,53.65,0.0,0.0,0.0,45.0,53.66,0.0,0.54,0.0,120.0,53.66,536.5,0.88,0.0,0.0,13.08,29.93,6.33,59.36,68.03,83.78,59.33
2018-01-06 07:07:00,2,1,53.65,85.0,55.0,53.61,53.65,53.65,0.0,0.0,0.0,45.0,53.65,0.0,0.55,0.0,120.0,53.65,536.5,0.88,0.0,0.0,13.08,29.92,6.33,59.35,68.04,83.79,59.32
2018-01-06 07:08:00,2,1,53.65,85.0,55.0,53.61,53.65,53.65,0.0,0.0,0.0,45.0,53.65,0.0,0.55,0.0,120.0,53.65,536.5,0.88,0.0,0.0,13.08,29.9,6.33,59.34,68.05,83.8,59.31
2018-01-06 07:09:00,2,1,53.64,85.0,55.0,53.61,53.65,53.64,0.0,0.0,0.0,45.0,53.65,0.0,0.55,0.0,120.0,53.65,536.5,0.88,0.0,0.0,13.08,29.88,6.33,59.33,68.06,83.81,59.3
2018-01-06 07:10:00,2,1,53.64,85.0,55.0,53.6,53.64,53.64,0.0,0.0,0.0,45.0,53.64,0.0,0.56,0.0,120.0,53.64,536.5,0.88,0.0,0.0,13.08,29.86,6.33,59.32,68.07,83.82,59.29
2018-01-06 07:11:00,2,1,53.64,85.0,55.0,53.6,53.64,53.64,0.0,0.0,0.0,45.0,53.64,0.0,0.56,0.0,120.0,53.64,536.5,0.88,0.0,0.0,13.08,29.85,6.33,59.31,68.08,83.83,59.28
2018-01-06 07:12:00,2,1,53.63,85.0,55.0,53.6,53.64,53.63,0.0,0.0,0.0,45.0,53.64,0.0,0.56,0.0,120.0,53.64,536.5,0.88,0.0,0.0,13.08,29.83,6.33,59.3,68.1,83.84,59.27
2018-01-06 07:13:00,2,1,53.63,85.0,55.0,53.59,53.63,53.63,0.0,0.0,0.0,45.0,53.63,0.0,0.56,0.0,120.0,53.63,536.5,0.88,0.0,0.0,13.08,29.81,6.33,59.29,68.11,83.85,59.26
2018-01-06 07:14:00,2,1,53.63,85.0,55.0,53.59,53.63,53.63,0.0,0.0,0.0,45.0,53.63,0.0,0.57,0.0,120.0,53.63,536.5,0.88,0.0,0.0,13.08,29.79,6.33,59.28,68.13,83.86,59.25
2018-01-06 07:15:00,2,1,53.62,85.0,55.0,53.59,53.63,53.62,0.0,0.0,0.0,45.0,53.63,0.0,0.57,0.0,120.0,53.63,536.5,0.88,0.0,0.0,13.08,29.78,6.33,59.27,68.14,83.87,59.24
2018-01-06 07:16:00,2,1,53.62,85.0,55.0,53.58,53.62,53.62,0.0,0.0,0.0,45.0,53.62,0.0,0.57,0.0,120.0,53.62,536.5,0.88,0.0,0.0,13.08,29.76,6.33,59.26,68.16,83.89,59.23
2018-01-06 07:17:00,2,1,53.62,85.0,55.0,53.58,53.62,53.62,0.0,0.0,0.0,45.0,53.62,0.0,0.58,0.0,120.0,53.62,536.5,0.88,0.0,0.0,13.08,29.74,6.33,59.25,68.18,83.9,59.22
2018-01-06 07:18:00,2,1,53.61,85.0,55.0,53.57,53.62,53.61,0.0,0.0,0.0,45.0,53.61,0.0,0.58,0.0,120.0,53.62,536.5,0.88,0.0,0.0,13.08,29.72,6.33,59.24,68.2,83.91,59.21
2018-01-06 07:19:00,2,1,53.61,85.0,55.0,53.57,53.61,53.61,0.0,0.0,0.0,45.0,53.61,0.0,0.58,0.0,120.0,53.61,536.5,0.88,0.0,0.0,13.08,29.7,6.33,59.23,68.22,83.92,59.2
2018-01-06 07:20:00,2,1,53.61,85.0,55.0,53.57,53.61,53.61,0.0,0.0,0.0,45.0,53.61,0.0,0.58,0.0,120.0,53.61,536.5,0.88,0.0,0.0,13.08,29.68,6.33,59.23,68.24,83.93,59.19
2018-01-06 07:21:00,2,1,53.6,85.0,55.0,53.56,53.6,53.6,0.0,0.0,0.0,45.0,53.6,0.0,0.59,0.0,120.0,53.61,536.5,0.88,0.0,0.0,13.08,29.66,6.33,59.22,68.26,83.94,59.18
2018-01-06 07:22:00,2,1,53.6,85.0,55.0,53.56,53.6,53.6,0.0,0.0,0.0,45.0,53.6,0.0,0.59,0.0,120.0,53.6,536.5,0.88,0.0,0.0,13.08,29.64,6.33,59.21,68.28,83.96,59.17
2018-01-06 07:23:00,2,1,53.59,85.0,55.0,53.56,53.6,53.59,0.0,0.0,0.0,45.0,53.6,0.0,0.59,0.0,120.0,53.6,536.5,0.88,0.0,0.0,13.08,29.62,6.33,59.2,68.3,83.97,59.17
2018-01-06 07:24:00,2,1,53.59,85.0,55.0,53.55,53.59,53.59,0.0,0.0,0.0,45.0,53.59,0.0,0.6,0.0,120.0,53.59,536.5,0.88,0.0,0.0,13.08,29.61,6.33,59.19,68.32,83.98,59.16
2018-01-06 07:25:00,2,1,53.59,85.0,55.0,53.55,53.59,53.59,0.0,0.0,0.0,45.0,53.59,0.0,0.6,0.0,120.0,53.59,536.5,0.88,0.0,0.0,13.08,29.59,6.33,59.18,68.34,83.99,59.15
2018-01-06 07:26:00,2,1,53.58,85.0,55.0,53.54,53.59,53.58,0.0,0.0,0.0,45.0,53.58,0.0,0.6,0.0,120.0,53.59,536.5,0.88,0.0,0.0,13.08,29.57,6.33,59.17,68.36,84.0,59.14
2018-01-06 07:27:00,2,1,53.58,85.0,55.0,53.54,53.58,53.58,0.0,0.0,0.0,45.0,53.58,0.0,0.6,0.0,120.0,53.58,536.5,0.88,0.0,0.0,13.08,29.55,6.33,59.16,68.39,84.01,59.13
2018-01-06 07:28:00,2,1,53.58,85.0,55.0,53.54,53.58,53.58,0.0,0.0,0.0,45.0,53.58,0.0,0.61,0.0,120.0,53.58,536.5,0.88,0.0,0.0,13.08,29.53,6.33,59.15,68.41,84.03,59.12
2018-01-06 07:29:00,2,1,53.57,85.0,55.0,53.53,53.57,53.57,0.0,0.0,0.0,45.0,53.57,0.0,0.61,0.0,120.0,53.57,536.5,0.88,0.0,0.0,13.08,29.51,6.33,59.14,68.43,84.04,59.11
2018-01-06 07:30:00,2,1,53.57,85.0,55.0,53.53,53.57,53.57,0.0,0.0,0.0,45.0,53.57,0.0,0.61,0.0,120.0,53.57,536.5,0.88,0.0,0.0,13.08,29.49,6.33,59.14,68.46,84.05,59.1
2018-01-06 07:31:00,2,1,53.56,85.0,55.0,53.53,53.57,53.56,0.0,0.0,0.0,45.0,53.57,0.0,0.62,0.0,120.0,53.57,536.5,0.88,0.0,0.0,13.08,29.47,6.33,59.13,68.48,84.06,59.09
2018-01-06 07:32:00,2,1,53.56,85.0,55.0,53.52,53.56,53.56,0.0,0.0,0.0,45.0,53.56,0.0,0.62,0.0,120.0,53.56,536.5,0.88,0.0,0.0,13.08,29.45,6.33,59.12,68.5,84.07,59.08
2018-01-06 07:33:00,2,1,53.56,85.0,55.0,53.52,53.56,53.56,0.0,0.0,0.0,45.0,53.56,0.0,0.62,0.0,120.0,53.56,536.5,0.88,0.0,0.0,13.08,29.43,6.33,59.11,68.53,84.09,59.08
2018-01-06 07:34:00,2,1,53.55,85.0,55.0,53.51,53.55,53.55,0.0,0.0,0.0,45.0,53.55,0.0,0.63,0.0,120.0,53.56,536.5,0.88,0.0,0.0,13.08,29.41,6.33,59.1,68.55,84.1,59.07
2018-01-06 07:35:00,2,1,53.55,85.0,55.0,53.51,53.55,53.55,0.0,0.0,0.0,45.0,53.55,0.0,0.63,0.0,120.0,53.55,536.5,0.88,0.0,0.0,13.08,29.39,6.33,59.09,68.57,84.11,59.06
2018-01-06 07:36:00,2,1,53.55,85.0,55.0,53.51,53.55,53.55,0.0,0.0,0.0,45.0,53.55,0.0,0.63,0.0,120.0,53.55,536.5,0.88,0.0,0.0,13.08,29.37,6.33,59.08,68.6,84.12,59.05
2018-01-06 07:37:00,2,1,53.54,85.0,55.0,53.5,53.54,53.54,0.0,0.0,0.0,45.0,53.54,0.0,0.63,0.0,120.0,53.54,536.5,0.88,0.0,0.0,13.08,29.35,6.33,59.07,68.62,84.14,59.04
2018-01-06 07:38:00,2,1,53.54,85.0,55.0,53.5,53.54,53.54,0.0,0.0,0.0,45.0,53.54,0.0,0.64,0.0,120.0,53.54,536.5,0.88,0.0,0.0,13.08,29.33,6.33,59.06,68.64,84.15,59.03
2018-01-06 07:39:00,2,1,53.53,85.0,55.0,53.49,53.54,53.53,0.0,0.0,0.0,45.0,53.54,0.0,0.64,0.0,120.0,53.54,536.5,0.88,0.0,0.0,13.08,29.31,6.33,59.06,68.66,84.16,59.02
2018-01-06 07:40:00,2,1,53.53,85.0,55.0,53.49,53.53,53.53,0.0,0.0,0.0,45.0,53.53,0.0,0.64,0.0,120.0,53.53,536.5,0.88,0.0,0.0,13.08,29.3,6.33,59.05,68.69,84.17,59.01
2018-01-06 07:41:00,2,1,53.53,85.0,55.0,53.49,53.53,53.53,0.0,0.0,0.0,45.0,53.53,0.0,0.65,0.0,120.0,53.53,536.5,0.88,0.0,0.0,13.08,29.28,6.33,59.04,68.71,84.18,59.0
2018-01-06 07:42:00,2,1,53.52,85.0,55.0,53.48,53.52,53.52,0.0,0.0,0.0,45.0,53.52,0.0,0.65,0.0,120.0,53.52,536.5,0.88,0.0,0.0,13.08,29.26,6.33,59.03,68.73,84.19,58.99
2018-01-06 07:43:00,2,1,53.52,85.0,55.0,53.48,53.52,53.52,0.0,0.0,0.0,45.0,53.52,0.0,0.65,0.0,120.0,53.52,536.5,0.88,0.0,0.0,13.08,29.24,6.33,59.02,68.75,84.21,58.99
2018-01-06 07:44:00,2,1,53.52,85.0,55.0,53.48,53.52,53.52,0.0,0.0,0.0,45.0,53.52,0.0,0.66,0.0,120.0,53.52,536.5,0.88,0.0,0.0,13.08,29.22,6.33,59.01,68.77,84.22,58.98
2018-01-06 07:45:00,2,1,53.51,85.0,55.0,53.47,53.51,53.51,0.0,0.0,0.0,45.0,53.51,0.0,0.66,0.0,120.0,53.51,536.5,0.88,0.0,0.0,13.08,29.2,6.33,59.0,68.79,84.23,58.97
2018-01-06 07:46:00,2,1,53.51,85.0,55.0,53.47,53.51,53.51,0.0,0.0,0.0,45.0,53.51,0.0,0.66,0.0,120.0,53.51,536.5,0.88,0.0,0.0,13.08,29.18,6.33,58.99,68.81,84.24,58.96
2018-01-06 07:47:00,2,1,53.5,85.0,55.0,53.46,53.51,53.5,0.0,0.0,0.0,45.0,53.51,0.0,0.67,0.0,120.0,53.51,536.5,0.88,0.0,0.0,13.08,29.17,6.33,58.98,68.83,84.25,58.95
2018-01-06 07:48:00,2,1,53.5,85.0,55.0,53.46,53.5,53.5,0.0,0.0,0.0,45.0,53.5,0.0,0.67,0.0,120.0,53.5,536.5,0.88,0.0,0.0,13.08,29.15,6.33,58.97,68.85,84.27,58.94
2018-01-06 07:49:00,2,1,53.5,85.0,55.0,53.46,53.5,53.5,0.0,0.0,0.0,45.0,53.5,0.0,0.67,0.0,120.0,53.5,536.5,0.88,0.0,0.0,13.08,29.13,6.33,58.96,68.86,84.28,58.93
2018-01-06 07:50:00,2,1,53.49,85.0,55.0,53.45,53.49,53.49,0.0,0.0,0.0,45.0,53.49,0.0,0.67,0.0,120.0,53.5,536.5,0.88,0.0,0.0,13.08,29.11,6.33,58.95,68.88,84.29,58.92
2018-01-06 07:51:00,2,1,53.49,85.0,55.0,53.45,53.49,53.49,0.0,0.0,0.0,45.0,53.49,0.0,0.68,0.0,120.0,53.49,536.5,0.88,0.0,0.0,13.08,29.09,6.33,58.94,68.89,84.3,58.91
2018-01-06 07:52:00,2,1,53.49,85.0,55.0,53.45,53.49,53.49,0.0,0.0,0.0,45.0,53.49,0.0,0.68,0.0,120.0,53.49,536.5,0.88,0.0,0.0,13.08,29.08,6.33,58.93,68.91,84.31,58.9
2018-01-06 07:53:00,2,1,53.48,85.0,55.0,53.44,53.48,53.48,0.0,0.0,0.0,45.0,53.48,0.0,0.68,0.0,120.0,53.48,536.5,0.88,0.0,0.0,13.08,29.06,6.33,58.92,68.92,84.32,58.89
2018-01-06 07:54:00,2,1,53.48,85.0,55.0,53.44,53.48,53.48,0.0,0.0,0.0,45.0,53.48,0.0,0.69,0.0,120.0,53.48,536.5,0.88,0.0,0.0,13.08,29.04,6.33,58.92,68.94,84.33,58.88
2018-01-06 07:55:00,2,1,53.48,85.0,55.0,53.44,53.48,53.48,0.0,0.0,0.0,45.0,53.48,0.0,0.69,0.0,120.0,53.48,536.5,0.88,0.0,0.0,13.08,29.03,6.33,58.91,68.95,84.34,58.87
2018-01-06 07:56:00,2,1,53.47,85.0,55.0,53.43,53.47,53.47,0.0,0.0,0.0,45.0,53.47,0.0,0.69,0.0,120.0,53.47,536.5,0.88,0.0,0.0,13.08,29.01,6.33,58.9,68.96,84.36,58.86
2018-01-06 07:57:00,2,1,53.47,85.0,55.0,53.43,53.47,53.47,0.0,0.0,0.0,45.0,53.47,0.0,0.7,0.0,120.0,53.47,536.5,0.88,0.0,0.0,13.08,28.99,6.33,58.89,68.97,84.37,58.85
2018-01-06 07:58:00,2,1,53.47,85.0,55.0,53.43,53.47,53.47,0.0,0.0,0.0,45.0,53.47,0.0,0.7,0.0,120.0,53.47,536.5,0.88,0.0,0.0,13.08,28.98,6.33,58.88,68.97,84.38,58.84
2018-01-06 07:59:00,2,1,53.46,85.0,55.0,53.42,53.46,53.46,0.0,0.0,0.0,45.0,53.46,0.0,0.7,0.0,120.0,53.46,536.5,0.88,0.0,0.0,13.08,28.96,6.33,58.87,68.98,84.39,58.83
2018-01-06 08:00:00,2,1,53.46,85.0,55.0,53.42,53.46,53.46,0.0,0.0,0.0,45.0,53.46,0.0,0.71,0.0,120.0,53.46,536.5,0.88,0.0,0.0,13.08,28.95,6.33,58.85,68.99,84.4,58.82
2018-01-06 08:01:00,2,1,53.46,85.0,55.0,53.42,53.46,53.46,0.0,0.0,0.0,45.0,53.46,0.0,0.71,0.0,120.0,53.46,536.5,0.88,0.0,0.0,13.08,28.94,6.33,58.84,68.96,84.41,58.81
2018-01-06 08:02:00,2,1,53.45,85.0,55.0,53.41,53.45,53.45,0.0,0.0,0.0,45.0,53.45,0.0,0.71,0.0,120.0,53.45,536.5,0.88,0.0,0.0,13.08,28.93,6.33,58.83,68.91,84.42,58.8
2018-01-06 08:03:00,2,1,53.45,85.0,55.0,53.41,53.45,53.45,0.0,0.0,0.0,45.0,53.45,0.0,0.72,0.0,120.0,53.45,536.5,0.88,0.0,0.0,13.08,28.93,6.33,58.82,68.86,84.43,58.79
2018-01-06 08:04:00,2,1,53.45,85.0,55.0,53.41,53.45,53.45,0.0,0.0,0.0,45.0,53.45,0.0,0.72,0.0,120.0,53.45,536.5,0.88,0.0,0.0,13.08,28.92,6.33,58.81,68.8,84.44,58.78
2018-01-06 08:05:00,2,1,53.44,85.0,55.0,53.4,53.44,53.44,0.0,0.0,0.0,45.0,53.44,0.0,0.72,0.0,120.0,53.45,536.5,0.88,0.0,0.0,13.08,28.92,6.33,58.8,68.75,84.45,58.77
2018-01-06 08:06:00,2,1,53.44,85.0,55.0,53.4,53.44,53.44,0.0,0.0,0.0,45.0,53.44,0.0,0.73,0.0,120.0,53.44,536.5,0.88,0.0,0.0,13.08,28.91,6.33,58.79,68.69,84.46,58.75
2018-01-06 08:07:00,2,1,53.44,85.0,55.0,53.4,53.44,53.44,0.0,0.0,0.0,45.0,53.44,0.0,0.73,0.0,120.0,53.44,536.5,0.88,0.0,0.0,13.08,28.91,6.33,58.78,68.63,84.46,58.74
2018-01-06 08:08:00,2,1,53.44,85.0,55.0,53.4,53.44,53.44,0.0,0.0,0.0,45.0,53.44,0.0,0.73,0.0,120.0,53.44,536.5,0.88,0.0,0.0,13.08,28.9,6.33,58.76,68.58,84.47,58.73
2018-01-06 08:09:00,2,1,53.43,85.0,55.0,53.39,53.43,53.43,0.0,0.0,0.0,45.0,53.43,0.0,0.74,0.0,120.0,53.43,536.5,0.88,0.0,0.0,13.08,28.9,6.33,58.75,68.52,84.48,58.72
2018-01-06 08:10:00,2,1,53.43,85.0,55.0,53.39,53.43,53.43,0.0,0.0,0.0,45.0,53.43,0.0,0.74,0.0,120.0,53.43,536.5,0.88,0.0,0.0,13.08,28.9,6.33,58.74,68.46,84.49,58.71
2018-01-06 08:11:00,2,1,53.43,85.0,55.0,53.39,53.43,53.43,0.0,0.0,0.0,45.0,53.43,0.0,0.74,0.0,120.0,53.43,536.5,0.88,0.0,0.0,13.08,28.89,6.33,58.73,68.39,84.5,58.69
2018-01-06 08:12:00,2,1,53.43,85.0,55.0,53.39,53.43,53.43,0.0,0.0,0.0,45.0,53.43,0.0,0.74,0.0,120.0,53.43,536.5,0.88,0.0,0.0,13.08,28.89,6.33,58.71,68.33,84.5,58.68
2018-01-06 08:13:00,2,1,53.43,85.0,55.0,53.39,53.42,53.43,0.0,0.0,0.0,45.0,53.42,0.0,0.75,0.0,120.0,53.43,536.5,0.88,0.0,0.0,13.08,28.89,6.33,58.7,68.27,84.51,58.67
2018-01-06 08:14:00,2,1,53.42,85.0,55.0,53.38,53.42,53.42,0.0,0.0,0.0,45.0,53.42,0.0,0.75,0.0,120.0,53.42,536.5,0.88,0.0,0.0,13.08,28.88,6.33,58.69,68.2,84.52,58.65
2018-01-06 08:15:00,2,1,53.42,85.0,55.0,53.38,53.42,53.42,0.0,0.0,0.0,45.0,53.42,0.0,0.75,0.0,120.0,53.42,536.5,0.88,0.0,0.0,13.08,28.88,6.33,58.68,68.14,84.52,58.64
2018-01-06 08:16:00,2,1,53.42,85.0,55.0,53.38,53.42,53.42,0.0,0.0,0.0,45.0,53.42,0.0,0.76,0.0,120.0,53.42,536.5,0.88,0.0,0.0,13.08,28.88,6.33,58.66,68.07,84.53,58.63
2018-01-06 08:17:00,2,1,53.42,85.0,55.0,53.38,53.42,53.42,0.0,0.0,0.0,45.0,53.42,0.0,0.76,0.0,120.0,53.42,536.5,0.88,0.0,0.0,13.08,28.88,6.33,58.65,68.0,84.54,58.61
2018-01-06 08:18:00,2,1,53.42,85.0,55.0,53.38,53.41,53.42,0.0,0.0,0.0,45.0,53.41,0.0,0.76,0.0,120.0,53.42,536.5,0.88,0.0,0.0,13.08,28.88,6.33,58.63,67.94,84.54,58.6
2018-01-06 08:19:00,2,1,53.41,85.0,55.0,53.37,53.41,53.41,0.0,0.0,0.0,45.0,53.41,0.0,0.77,0.0,120.0,53.41,536.5,0.88,0.0,0.0,13.08,28.88,6.33,58.62,67.87,84.55,58.59
2018-01-06 08:20:00,2,1,53.41,85.0,55.0,53.37,53.41,53.41,0.0,0.0,0.0,45.0,53.41,0.0,0.77,0.0,120.0,53.41,536.5,0.88,0.0,0.0,13.08,28.87,6.33,58.61,67.8,84.55,58.57
2018-01-06 08:21:00,2,1,53.41,85.0,55.0,53.37,53.41,53.41,0.0,0.0,0.0,45.0,53.41,0.0,0.77,0.0,120.0,53.41,536.5,0.88,0.0,0.0,13.08,28.87,6.33,58.59,67.73,84.56,58.56
2018-01-06 08:22:00,2,1,53.41,85.0,55.0,53.37,53.41,53.41,0.0,0.0,0.0,45.0,53.41,0.0,0.78,0.0,120.0,53.41,536.5,0.88,0.0,0.0,13.08,28.87,6.33,58.58,67.66,84.56,58.54
2018-01-06 08:23:00,2,1,53.41,85.0,55.0,53.37,53.41,53.41,0.0,0.0,0.0,45.0,53.41,0.0,0.78,0.0,120.0,53.41,536.5,0.88,0.0,0.0,13.08,28.87,6.33,58.56,67.59,84.57,58.53
2018-01-06 08:24:00,2,1,53.41,85.0,55.0,53.37,53.41,53.41,0.0,0.0,0.0,45.0,53.41,0.0,0.78,0.0,120.0,53.41,536.5,0.88,0.0,0.0,13.08,28.87,6.33,58.55,67.52,84.57,58.52
2018-01-06 08:25:00,2,1,53.41,85.0,55.0,53.37,53.4,53.41,0.0,0.0,0.0,45.0,53.4,0.0,0.79,0.0,120.0,53.4,536.5,0.88,0.0,0.0,13.08,28.87,6.33,58.53,67.44,84.58,58.5
2018-01-06 08:26:00,2,1,53.4,85.0,55.0,53.36,53.4,53.4,0.0,0.0,0.0,45.0,53.4,0.0,0.79,0.0,120.0,53.4,536.5,0.88,0.0,0.0,13.08,28.87,6.33,58.52,67.37,84.58,58.49
2018-01-06 08:27:00,2,1,53.4,85.0,55.0,53.36,53.4,53.4,0.0,0.0,0.0,45.0,53.4,0.0,0.79,0.0,120.0,53.4,536.5,0.88,0.0,0.0,13.08,28.87,6.33,58.5,67.3,84.58,58.47
2018-01-06 08:28:00,2,1,53.4,85.0,55.0,53.36,53.4,53.4,0.0,0.0,0.0,45.0,53.4,0.0,0.8,0.0,120.0,53.4,536.5,0.88,0.0,0.0,13.08,28.87,6.33,58.49,67.23,84.59,58.46
2018-01-06 08:29:00,2,1,53.4,85.0,55.0,53.36,53.4,53.4,0.0,0.0,0.0,45.0,53.4,0.0,0.8,0.0,120.0,53.4,536.5,0.88,0.0,0.0,13.08,28.87,6.33,58.47,67.16,84.59,58.44
2018-01-06 08:30:00,2,1,53.4,85.0,55.0,53.36,53.4,53.4,0.0,0.0,0.0,45.0,53.4,0.0,0.8,0.0,120.0,53.4,536.5,0.88,0.0,0.0,13.08,28.87,6.33,58.46,67.08,84.6,58.43
2018-01-06 08:31:00,2,1,53.4,85.0,55.0,53.36,53.4,53.4,0.0,0.0,0.0,45.0,53.4,0.0,0.81,0.0,120.0,53.4,536.5,0.88,0.0,0.0,13.08,28.87,6.33,58.44,67.01,84.6,58.41
2018-01-06 08:32:00,2,1,53.4,85.0,55.0,53.36,53.4,53.4,0.0,0.0,0.0,45.0,53.4,0.0,0.81,0.0,120.0,53.4,536.5,0.88,0.0,0.0,13.08,28.87,6.33,58.43,66.94,84.6,58.39
2018-01-06 08:33:00,2,1,53.4,85.0,55.0,53.36,53.39,53.4,0.0,0.0,0.0,45.0,53.39,0.0,0.81,0.0,120.0,53.4,536.5,0.88,0.0,0.0,13.08,28.87,6.33,58.41,66.86,84.6,58.38
2018-01-06 08:34:00,2,1,53.4,85.0,55.0,53.36,53.39,53.4,0.0,0.0,0.0,45.0,53.39,0.0,0.82,0.0,120.0,53.39,536.5,0.88,0.0,0.0,13.08,28.88,6.33,58.4,66.79,84.61,58.36
2018-01-06 08:35:00,2,1,53.4,85.0,55.0,53.36,53.39,53.4,0.0,0.0,0.0,45.0,53.39,0.0,0.82,0.0,120.0,53.39,536.5,0.88,0.0,0.0,13.08,28.88,6.33,58.38,66.72,84.61,58.35
2018-01-06 08:36:00,2,1,53.39,85.0,55.0,53.35,53.39,53.39,0.0,0.0,0.0,45.0,53.39,0.0,0.82,0.0,120.0,53.39,536.5,0.88,0.0,0.0,13.08,28.88,6.33,58.36,66.64,84.61,58.33
2018-01-06 08:37:00,2,1,53.39,85.0,55.0,53.35,53.39,53.39,0.0,0.0,0.0,45.0,53.39,0.0,0.83,0.0,120.0,53.39,536.5,0.88,0.0,0.0,13.08,28.88,6.33,58.35,66.57,84.61,58.31
2018-01-06 08:38:00,2,1,53.39,85.0,55.0,53.35,53.39,53.39,0.0,0.0,0.0,45.0,53.39,0.0,0.83,0.0,120.0,53.39,536.5,0.88,0.0,0.0,13.08,28.88,6.33,58.33,66.5,84.62,58.3
2018-01-06 08:39:00,2,1,53.39,85.0,55.0,53.35,53.39,53.39,0.0,0.0,0.0,45.0,53.39,0.0,0.83,0.0,120.0,53.39,536.5,0.88,0.0,0.0,13.08,28.88,6.33,58.31,66.43,84.62,58.28
2018-01-06 08:40:00,2,1,53.39,85.0,55.0,53.35,53.39,53.39,0.0,0.0,0.0,45.0,53.39,0.0,0.84,0.0,120.0,53.39,536.5,0.88,0.0,0.0,13.08,28.89,6.33,58.3,66.35,84.62,58.26
2018-01-06 08:41:00,2,1,53.39,85.0,55.0,53.35,53.39,53.39,0.0,0.0,0.0,45.0,53.39,0.0,0.84,0.0,120.0,53.39,536.5,0.88,0.0,0.0,13.08,28.89,6.33,58.28,66.28,84.62,58.25
2018-01-06 08:42:00,2,1,53.39,85.0,55.0,53.35,53.39,53.39,0.0,0.0,0.0,45.0,53.39,0.0,0.84,0.0,120.0,53.39,536.5,0.88,0.0,0.0,13.08,28.89,6.33,58.26,66.21,84.62,58.23
2018-01-06 08:43:00,2,1,53.39,85.0,55.0,53.35,53.39,53.39,0.0,0.0,0.0,45.0,53.39,0.0,0.85,0.0,120.0,53.39,536.5,0.88,0.0,0.0,13.08,28.89,6.33,58.25,66.14,84.62,58.21
2018-01-06 08:44:00,2,1,53.39,85.0,55.0,53.35,53.39,53.39,0.0,0.0,0.0,45.0,53.39,0.0,0.85,0.0,120.0,53.39,741.52,0.88,0.0,0.0,18.08,28.89,9.27,58.23,66.07,84.62,58.2
2018-01-06 08:45:00,2,1,53.39,85.0,55.0,53.36,53.41,53.39,0.0,0.0,0.0,45.0,53.41,0.0,0.85,0.0,120.0,53.4,741.53,0.88,0.0,0.0,18.08,28.9,15.71,58.2,66.0,84.57,58.18
2018-01-06 08:46:00,2,1,53.4,85.0,55.0,53.37,53.43,53.4,0.0,0.0,0.0,45.0,53.43,0.0,0.86,0.0,120.0,53.42,741.53,0.88,0.0,0.0,18.08,28.9,16.58,58.17,65.93,84.5,58.15
2018-01-06 08:47:00,2,1,53.4,85.0,55.0,53.37,53.44,53.4,0.0,0.0,0.0,45.0,53.44,0.0,0.86,0.0,120.0,53.44,741.53,0.88,0.0,0.0,18.08,28.9,16.69,58.14,65.86,84.47,58.12
2018-01-06 08:48:00,2,1,53.41,85.0,55.0,53.38,53.44,53.41,0.0,0.0,0.0,45.0,53.44,0.0,0.86,0.0,120.0,53.44,741.53,0.88,0.0,0.0,18.08,28.9,16.71,58.12,65.79,84.45,58.09
2018-01-06 08:49:00,2,1,53.41,85.0,55.0,53.38,53.45,53.41,0.0,0.0,0.0,45.0,53.45,0.0,0.87,0.0,120.0,53.45,741.53,0.88,0.0,0.0,18.08,28.91,16.71,58.09,65.72,84.43,58.06
2018-01-06 08:50:00,2,1,53.42,85.0,55.0,53.39,53.45,53.42,0.0,0.0,0.0,45.0,53.45,0.0,0.87,0.0,120.0,53.45,741.53,0.88,0.0,0.0,18.08,28.91,16.71,58.06,65.65,84.41,58.04
2018-01-06 08:51:00,2,1,53.42,85.0,55.0,53.39,53.46,53.42,0.0,0.0,0.0,45.0,53.46,0.0,0.87,0.0,120.0,53.46,741.53,0.88,0.0,0.0,18.08,28.91,16.71,58.03,65.58,84.4,58.01
2018-01-06 08:52:00,2,1,53.42,85.0,55.0,53.39,53.46,53.42,0.0,0.0,0.0,45.0,53.46,0.0,0.88,0.0,120.0,53.46,741.53,0.88,0.0,0.0,18.08,28.92,16.71,58.01,65.52,84.39,57.98
2018-01-06 08:53:00,2,1,53.43,85.0,55.0,53.4,53.47,53.43,0.0,0.0,0.0,45.0,53.47,0.0,0.88,0.0,120.0,53.47,741.53,0.88,0.0,0.0,18.08,28.92,16.71,57.98,65.45,84.38,57.96
2018-01-06 08:54:00,2,1,53.43,85.0,55.0,53.4,53.47,53.43,0.0,0.0,0.0,45.0,53.47,0.0,0.88,0.0,120.0,53.47,741.53,0.88,0.0,0.0,18.08,28.92,16.71,57.96,65.39,84.37,57.93
2018-01-06 08:55:00,2,1,53.43,85.0,55.0,53.4,53.47,53.43,0.0,0.0,0.0,45.0,53.47,0.0,0.89,0.0,120.0,53.47,741.53,0.88,0.0,0.0,18.08,28.92,16.71,57.93,65.32,84.36,57.91
2018-01-06 08:56:00,2,1,53.43,85.0,55.0,53.41,53.48,53.43,0.0,0.0,0.0,45.0,53.48,0.0,0.89,0.0,120.0,53.48,741.53,0.88,0.0,0.0,18.08,28.93,16.71,57.91,65.26,84.35,57.89
2018-01-06 08:57:00,2,1,53.44,85.0,55.0,53.41,53.48,53.44,0.0,0.0,0.0,45.0,53.48,0.0,0.89,0.0,120.0,53.48,741.53,0.88,0.0,0.0,18.08,28.93,16.71,57.89,65.2,84.34,57.86
2018-01-06 08:58:00,2,1,53.44,85.0,55.0,53.41,53.48,53.44,0.0,0.0,0.0,45.0,53.48,0.0,0.9,0.0,120.0,53.48,741.53,0.88,0.0,0.0,18.08,28.93,16.71,57.86,65.14,84.33,57.84
2018-01-06 08:59:00,2,1,53.44,85.0,55.0,53.41,53.48,53.44,0.0,0.0,0.0,45.0,53.48,0.0,0.9,0.0,120.0,53.48,741.53,0.88,0.0,0.0,18.08,28.94,16.71,57.84,65.08,84.32,57.82
2018-01-06 09:00:00,2,1,53.44,85.0,55.0,53.42,53.49,53.44,0.0,0.0,0.0,45.0,53.49,0.0,0.9,0.0,120.0,53.49,741.53,0.88,0.0,0.0,18.08,28.94,16.71,57.82,65.02,84.32,57.79
2018-01-06 09:01:00,2,1,53.45,85.0,55.0,53.42,53.49,53.45,0.0,0.0,0.0,45.0,53.49,0.0,0.9,0.0,120.0,53.49,741.53,0.88,0.0,0.0,18.08,28.94,16.71,57.8,64.99,84.31,57.77
2018-01-06 09:02:00,2,1,53.45,85.0,55.0,53.42,53.49,53.45,0.0,0.0,0.0,45.0,53.49,0.0,0.91,0.0,120.0,53.49,741.53,0.88,0.0,0.0,18.08,28.94,16.71,57.77,64.97,84.3,57.75
2018-01-06 09:03:00,2,1,53.45,85.0,55.0,53.42,53.49,53.45,0.0,0.0,0.0,45.0,53.49,0.0,0.91,0.0,120.0,53.49,741.53,0.88,0.0,0.0,18.08,28.93,16.71,57.75,64.96,84.3,57.73
2018-01-06 09:04:00,2,1,53.45,85.0,55.0,53.42,53.49,53.45,0.0,0.0,0.0,45.0,53.49,0.0,0.91,0.0,120.0,53.49,741.53,0.88,0.0,0.0,18.08,28.93,16.71,57.73,64.95,84.29,57.71
2018-01-06 09:05:00,2,1,53.45,85.0,55.0,53.42,53.49,53.45,0.0,0.0,0.0,45.0,53.49,0.0,0.92,0.0,120.0,53.49,741.53,0.88,0.0,0.0,18.08,28.93,16.71,57.71,64.94,84.29,57.69
2018-01-06 09:06:00,2,1,53.45,85.0,55.0,53.43,53.5,53.45,0.0,0.0,0.0,45.0,53.5,0.0,0.92,0.0,120.0,53.5,741.53,0.88,0.0,0.0,18.08,28.92,16.71,57.69,64.93,84.28,57.67
2018-01-06 09:07:00,2,1,53.46,85.0,55.0,53.43,53.5,53.46,0.0,0.0,0.0,45.0,53.5,0.0,0.92,0.0,120.0,53.5,741.53,0.88,0.0,0.0,18.08,28.92,16.71,57.67,64.93,84.28,57.65
2018-01-06 09:08:00,2,1,53.46,85.0,55.0,53.43,53.5,53.46,0.0,0.0,0.0,45.0,53.5,0.0,0.93,0.0,120.0,53.5,741.53,0.88,0.0,0.0,18.08,28.92,16.71,57.65,64.92,84.28,57.63
2018-01-06 09:09:00,2,1,53.46,85.0,55.0,53.43,53.5,53.46,0.0,0.0,0.0,45.0,53.5,0.0,0.93,0.0,120.0,53.5,741.53,0.88,0.0,0.0,18.08,28.91,16.71,57.63,64.92,84.27,57.61
2018-01-06 09:10:00,2,1,53.46,85.0,55.0,53.43,53.5,53.46,0.0,0.0,0.0,45.0,53.5,0.0,0.93,0.0,120.0,53.5,741.53,0.88,0.0,0.0,18.08,28.91,16.71,57.61,64.91,84.27,57.59
2018-01-06 09:11:00,2,1,53.46,85.0,55.0,53.43,53.5,53.46,0.0,0.0,0.0,45.0,53.5,0.0,0.94,0.0,120.0,53.5,741.53,0.88,0.0,0.0,18.08,28.91,16.71,57.59,64.91,84.27,57.57
2018-01-06 09:12:00,2,1,53.46,85.0,55.0,53.43,53.5,53.46,0.0,0.0,0.0,45.0,53.5,0.0,0.94,0.0,120.0,53.5,741.53,0.88,0.0,0.0,18.08,28.91,16.71,57.57,64.9,84.27,57.55
2018-01-06 09:13:00,2,1,53.46,85.0,55.0,53.43,53.5,53.46,0.0,0.0,0.0,45.0,53.5,0.0,0.94,0.0,120.0,53.5,741.53,0.88,0.0,0.0,18.08,28.9,16.71,57.55,64.9,84.26,57.53
2018-01-06 09:14:00,2,1,53.46,85.0,55.0,53.43,53.5,53.46,0.0,0.0,0.0,45.0,53.5,0.0,0.95,0.0,120.0,53.5,741.53,0.88,0.0,0.0,18.08,28.9,16.71,57.53,64.9,84.26,57.51
2018-01-06 09:15:00,2,1,53.46,85.0,55.0,53.43,53.5,53.46,0.0,0.0,0.0,45.0,53.5,0.0,0.95,0.0,120.0,53.5,741.53,0.88,0.0,0.0,18.08,28.9,16.71,57.52,64.9,84.26,57.49
2018-01-06 09:16:00,2,1,53.46,85.0,55.0,53.43,53.5,53.46,0.0,0.0,0.0,45.0,53.5,0.0,0.95,0.0,120.0,53.5,741.53,0.88,0.0,0.0,18.08,28.9,16.71,57.5,64.9,84.26,57.47
2018-01-06 09:17:00,2,1,53.46,85.0,55.0,53.43,53.5,53.46,0.0,0.0,0.0,45.0,53.5,0.0,0.96,0.0,120.0,53.5,741.53,0.88,0.0,0.0,18.08,28.89,16.71,57.48,64.9,84.26,57.45
2018-01-06 09:18:00,2,1,53.46,85.0,55.0,53.43,53.51,53.46,0.0,0.0,0.0,45.0,53.51,0.0,0.96,0.0,120.0,53.51,741.53,0.88,0.0,0.0,18.08,28.89,16.71,57.46,64.9,84.25,57.44
2018-01-06 09:19:00,2,1,53.46,85.0,55.0,53.43,53.51,53.46,0.0,0.0,0.0,45.0,53.51,0.0,0.96,0.0,120.0,53.51,741.53,0.88,0.0,0.0,18.08,28.89,16.71,57.44,64.9,84.25,57.42
2018-01-06 09:20:00,2,1,53.46,85.0,55.0,53.44,53.51,53.46,0.0,0.0,0.0,45.0,53.51,0.0,0.97,0.0,120.0,53.51,741.53,0.88,0.0,0.0,18.08,28.89,16.71,57.42,64.9,84.25,57.4
2018-01-06 09:21:00,2,1,53.47,85.0,55.0,53.44,53.51,53.47,0.0,0.0,0.0,45.0,53.51,0.0,0.97,0.0,120.0,53.51,741.53,0.88,0.0,0.0,18.08,28.89,16.71,57.4,64.9,84.25,57.38
2018-01-06 09:22:00,2,1,53.47,85.0,55.0,53.44,53.51,53.47,0.0,0.0,0.0,45.0,53.51,0.0,0.97,0.0,120.0,53.51,741.53,0.88,0.0,0.0,18.08,28.88,16.71,57.38,64.91,84.25,57.36
2018-01-06 09:23:00,2,1,53.47,85.0,55.0,53.44,53.51,53.47,0.0,0.0,0.0,45.0,53.51,0.0,0.97,0.0,120.0,53.51,741.53,0.88,0.0,0.0,18.08,28.88,16.71,57.36,64.91,84.24,57.34
2018-01-06 09:24:00,2,1,53.47,85.0,55.0,53.44,53.51,53.47,0.0,0.0,0.0,45.0,53.51,0.0,0.98,0.0,120.0,53.51,741.53,0.88,0.0,0.0,18.08,28.88,16.71,57.34,64.91,84.24,57.32
2018-01-06 09:25:00,2,1,53.47,85.0,55.0,53.44,53.51,53.47,0.0,0.0,0.0,45.0,53.51,0.0,0.98,0.0,120.0,53.51,741.53,0.88,0.0,0.0,18.08,28.88,16.71,57.32,64.92,84.24,57.3
2018-01-06 09:26:00,2,1,53.47,85.0,55.0,53.44,53.51,53.47,0.0,0.0,0.0,45.0,53.51,0.0,0.98,0.0,120.0,53.51,741.53,0.88,0.0,0.0,18.08,28.88,16.71,57.3,64.92,84.24,57.28
2018-01-06 09:27:00,2,1,53.47,85.0,55.0,53.44,53.51,53.47,0.0,0.0,0.0,45.0,53.51,0.0,0.99,0.0,120.0,53.51,741.53,0.88,0.0,0.0,18.08,28.88,16.71,57.28,64.92,84.23,57.26
2018-01-06 09:28:00,2,1,53.47,85.0,55.0,53.44,53.51,53.47,0.0,0.0,0.0,45.0,53.51,0.0,0.99,0.0,120.0,53.51,741.53,0.88,0.0,0.0,18.08,28.87,16.71,57.26,64.93,84.23,57.24
2018-01-06 09:29:00,2,1,53.47,85.0,55.0,53.44,53.51,53.47,0.0,0.0,0.0,45.0,53.51,0.0,0.99,0.0,120.0,53.51,741.53,0.88,0.0,0.0,18.08,28.87,16.71,57.24,64.93,84.23,57.22
2018-01-06 09:30:00,2,1,53.47,85.0,55.0,53.44,53.52,53.47,0.0,0.0,0.0,45.0,53.52,0.0,1.0,0.0,120.0,53.52,741.53,0.88,0.0,0.0,18.08,28.87,16.71,57.22,64.94,84.22,57.2
2018-01-06 09:31:00,2,1,53.48,85.0,55.0,53.45,53.52,53.48,0.0,0.0,0.0,45.0,53.52,0.0,1.0,0.0,120.0,53.52,741.53,0.88,0.0,0.0,18.08,28.87,16.71,57.2,64.94,84.22,57.18
2018-01-06 09:32:00,2,1,53.48,85.0,55.0,53.45,53.52,53.48,0.0,0.0,0.0,45.0,53.52,0.0,1.0,0.0,120.0,53.52,741.53,0.88,0.0,0.0,18.08,28.87,16.71,57.18,64.95,84.21,57.16
2018-01-06 09:33:00,2,1,53.48,85.0,55.0,53.45,53.52,53.48,0.0,0.0,0.0,45.0,53.52,0.0,1.0,0.0,120.0,53.52,741.53,0.88,0.0,0.0,18.08,28.87,16.71,57.16,64.95,84.21,57.14
2018-01-06 09:34:00,2,1,53.48,85.0,55.0,53.45,53.52,53.48,0.0,0.0,0.0,45.0,53.52,0.0,1.0,0.0,120.0,53.52,741.53,0.88,0.0,0.0,18.08,28.87,16.71,57.14,64.96,84.2,57.12
2018-01-06 09:35:00,2,1,53.48,85.0,55.0,53.45,53.52,53.48,0.0,0.0,0.0,45.0,53.52,0.0,1.0,0.0,120.0,53.52,741.53,0.88,0.0,0.0,18.08,28.87,16.71,57.12,64.96,84.2,57.1
2018-01-06 09:36:00,2,1,53.48,85.0,55.0,53.45,53.52,53.48,0.0,0.0,0.0,45.0,53.52,0.0,1.0,0.0,120.0,53.52,741.53,0.88,0.0,0.0,18.08,28.87,16.71,57.1,64.97,84.19,57.08
2018-01-06 09:37:00,2,1,53.49,85.0,55.0,53.46,53.53,53.49,0.0,0.0,0.0,45.0,53.53,0.0,1.0,0.0,120.0,53.53,741.53,0.88,0.0,0.0,18.08,28.87,16.71,57.08,64.97,84.19,57.05
2018-01-06 09:38:00,2,1,53.49,85.0,55.0,53.46,53.53,53.49,0.0,0.0,0.0,45.0,53.53,0.0,1.0,0.0,120.0,53.53,741.53,0.88,0.0,0.0,18.08,28.87,16.71,57.05,64.98,84.18,57.03
2018-01-06 09:39:00,2,1,53.49,85.0,55.0,53.46,53.53,53.49,0.0,0.0,0.0,45.0,53.53,0.0,1.0,0.0,120.0,53.53,741.53,0.88,0.0,0.0,18.08,28.87,16.71,57.03,64.98,84.17,57.01
2018-01-06 09:40:00,2,1,53.49,85.0,55.0,53.46,53.53,53.49,0.0,0.0,0.0,45.0,53.53,0.0,1.0,0.0,120.0,53.53,741.53,0.88,0.0,0.0,18.08,28.87,16.71,57.01,64.99,84.17,56.99
2018-01-06 09:41:00,2,1,53.49,85.0,55.0,53.47,53.54,53.49,0.0,0.0,0.0,45.0,53.54,0.0,1.0,0.0,120.0,53.53,741.53,0.88,0.0,0.0,18.08,28.87,16.71,56.99,64.99,84.16,56.96
2018-01-06 09:42:00,2,1,53.5,85.0,55.0,53.47,53.54,53.5,0.0,0.0,0.0,45.0,53.54,0.0,1.0,0.0,120.0,53.54,741.53,0.88,0.0,0.0,18.08,28.88,16.71,56.96,65.0,84.15,56.94
2018-01-06 09:43:00,2,1,53.5,85.0,55.0,53.47,53.54,53.5,0.0,0.0,0.0,45.0,53.54,0.0,1.0,0.0,120.0,53.54,741.53,0.88,0.0,0.0,18.08,28.88,16.71,56.94,65.0,84.14,56.92
2018-01-06 09:44:00,2,1,53.5,85.0,55.0,53.47,53.54,53.5,0.0,0.0,0.0,45.0,53.54,0.0,1.0,0.0,120.0,53.54,741.53,0.88,0.0,0.0,18.08,28.88,16.71,56.92,65.01,84.13,56.89
2018-01-06 09:45:00,2,1,53.51,85.0,55.0,53.48,53.55,53.51,0.0,0.0,0.0,45.0,53.55,0.0,1.0,0.0,120.0,53.55,741.53,0.88,0.0,0.0,18.08,28.88,16.71,56.89,65.01,84.13,56.87
2018-01-06 09:46:00,2,1,53.51,85.0,55.0,53.48,53.55,53.51,0.0,0.0,0.0,45.0,53.55,0.0,1.0,0.0,120.0,53.55,741.53,0.88,0.0,0.0,18.08,28.88,16.71,56.87,65.01,84.12,56.85
2018-01-06 09:47:00,2,1,53.51,85.0,55.0,53.48,53.55,53.51,0.0,0.0,0.0,45.0,53.55,0.0,1.0,0.0,120.0,53.55,741.53,0.88,0.0,0.0,18.08,28.88,16.71,56.84,65.01,84.11,56.82
2018-01-06 09:48:00,2,1,53.52,85.0,55.0,53.49,53.56,53.52,0.0,0.0,0.0,45.0,53.56,0.0,1.0,0.0,120.0,53.56,741.53,0.88,0.0,0.0,18.08,28.89,16.71,56.82,65.02,84.09,56.8
2018-01-06 09:49:00,2,1,53.52,85.0,55.0,53.49,53.56,53.52,0.0,0.0,0.0,45.0,53.56,0.0,1.0,0.0,120.0,53.56,741.53,0.88,0.0,0.0,18.08,28.89,16.71,56.79,65.02,84.08,56.77
2018-01-06 09:50:00,2,1,53.52,85.0,55.0,53.49,53.56,53.52,0.0,0.0,0.0,45.0,53.56,0.0,1.0,0.0,120.0,53.56,741.53,0.88,0.0,0.0,18.08,28.89,16.71,56.77,65.02,84.07,56.75
2018-01-06 09:51:00,2,1,53.53,85.0,55.0,53.5,53.57,53.53,0.0,0.0,0.0,45.0,53.57,0.0,1.0,0.0,120.0,53.57,741.53,0.88,0.0,0.0,18.08,28.9,16.71,56.74,65.02,84.06,56.72
2018-01-06 09:52:00,2,1,53.53,85.0,55.0,53.5,53.57,53.53,0.0,0.0,0.0,45.0,53.57,0.0,1.0,0.0,120.0,53.57,741.53,0.88,0.0,0.0,18.08,28.9,16.71,56.72,65.02,84.05,56.69
2018-01-06 09:53:00,2,1,53.54,85.0,55.0,53.51,53.58,53.54,0.0,0.0,0.0,45.0,53.58,0.0,1.0,0.0,120.0,53.57,741.53,0.88,0.0,0.0,18.08,28.9,16.71,56.69,65.02,84.03,56.67
2018-01-06 09:54:00,2,1,53.54,85.0,55.0,53.51,53.58,53.54,0.0,0.0,0.0,45.0,53.58,0.0,1.0,0.0,120.0,53.58,741.53,0.88,0.0,0.0,18.08,28.91,16.71,56.66,65.02,84.02,56.64
2018-01-06 09:55:00,2,1,53.55,85.0,55.0,53.52,53.58,53.55,0.0,0.0,0.0,45.0,53.58,0.0,1.0,0.0,120.0,53.58,741.53,0.88,0.0,0.0,18.08,28.91,16.71,56.64,65.02,84.01,56.61
2018-01-06 09:56:00,2,1,53.55,85.0,55.0,53.52,53.59,53.55,0.0,0.0,0.0,45.0,53.59,0.0,1.0,0.0,120.0,53.59,741.53,0.88,0.0,0.0,18.08,28.92,16.71,56.61,65.01,83.99,56.59
2018-01-06 09:57:00,2,1,53.56,85.0,55.0,53.53,53.59,53.56,0.0,0.0,0.0,45.0,53.59,0.0,1.0,0.0,120.0,53.59,741.53,0.88,0.0,0.0,18.08,28.92,16.71,56.58,65.01,83.97,56.56
2018-01-06 09:58:00,2,1,53.56,85.0,55.0,53.53,53.6,53.56,0.0,0.0,0.0,45.0,53.6,0.0,1.0,0.0,120.0,53.6,741.53,0.88,0.0,0.0,18.08,28.93,16.71,56.55,65.01,83.96,56.53
2018-01-06 09:59:00,2,1,53.57,85.0,55.0,53.54,53.6,53.57,0.0,0.0,0.0,45.0,53.6,0.0,1.0,0.0,120.0,53.6,741.53,0.88,0.0,0.0,18.08,28.93,16.71,56.52,65.0,83.94,56.5
2018-01-06 10:00:00,2,1,53.57,85.0,55.0,53.54,53.61,53.57,0.0,0.0,0.0,45.0,53.61,0.0,1.0,0.0,120.0,53.61,741.53,0.88,0.0,0.0,18.08,28.94,16.71,56.49,65.0,83.92,56.47
2018-01-06 10:01:00,2,1,53.58,85.0,55.0,53.55,53.62,53.58,0.0,0.0,0.0,45.0,53.62,0.0,1.0,0.0,120.0,53.61,741.53,0.88,0.0,0.0,18.08,28.95,16.71,56.46,64.97,83.91,56.44
2018-01-06 10:02:00,2,1,53.58,85.0,55.0,53.56,53.62,53.58,0.0,0.0,0.0,45.0,53.62,0.0,1.0,0.0,120.0,53.62,741.53,0.88,0.0,0.0,18.08,28.96,16.71,56.43,64.93,83.89,56.41
2018-01-06 10:03:00,2,1,53.59,85.0,55.0,53.56,53.63,53.59,0.0,0.0,0.0,45.0,53.63,0.0,1.0,0.0,120.0,53.63,741.53,0.88,0.0,0.0,18.08,28.97,16.71,56.4,64.9,83.86,56.38
2018-01-06 10:04:00,2,1,53.6,85.0,55.0,53.57,53.64,53.6,0.0,0.0,0.0,45.0,53.64,0.0,1.0,0.0,120.0,53.64,741.53,0.88,0.0,0.0,18.08,28.99,16.71,56.36,64.86,83.84,56.34
2018-01-06 10:05:00,2,1,53.61,85.0,55.0,53.58,53.65,53.61,0.0,0.0,0.0,45.0,53.65,0.0,1.0,0.0,120.0,53.64,741.53,0.88,0.0,0.0,18.08,29.0,16.71,56.33,64.82,83.81,56.31
2018-01-06 10:06:00,2,1,53.62,85.0,55.0,53.59,53.66,53.62,0.0,0.0,0.0,45.0,53.66,0.0,1.0,0.0,120.0,53.65,741.53,0.88,0.0,0.0,18.08,29.01,16.71,56.29,64.77,83.78,56.27
2018-01-06 10:07:00,2,1,53.63,85.0,55.0,53.6,53.67,53.63,0.0,0.0,0.0,45.0,53.66,0.0,1.0,0.0,120.0,53.66,741.53,0.88,0.0,0.0,18.08,29.03,16.71,56.25,64.73,83.75,56.23
2018-01-06 10:08:00,2,1,53.64,85.0,55.0,53.61,53.68,53.64,0.0,0.0,0.0,45.0,53.68,0.0,1.0,0.0,120.0,53.67,741.53,0.88,0.0,0.0,18.08,29.04,16.71,56.21,64.69,83.72,56.19
2018-01-06 10:09:00,2,1,53.65,85.0,55.0,53.62,53.69,53.65,0.0,0.0,0.0,45.0,53.69,0.0,1.0,0.0,120.0,53.68,741.53,0.88,0.0,0.0,18.08,29.06,16.71,56.17,64.65,83.69,56.15
2018-01-06 10:10:00,2,1,53.66,85.0,55.0,53.63,53.7,53.66,0.0,0.0,0.0,45.0,53.7,0.0,1.0,0.0,120.0,53.7,741.53,0.88,0.0,0.0,18.08,29.07,16.71,56.13,64.6,83.65,56.11
2018-01-06 10:11:00,2,1,53.68,85.0,55.0,53.65,53.71,53.68,0.0,0.0,0.0,45.0,53.71,0.0,1.0,0.0,120.0,53.71,741.53,0.88,0.0,0.0,18.08,29.09,16.71,56.09,64.56,83.61,56.06
2018-01-06 10:12:00,2,1,53.69,85.0,55.0,53.66,53.72,53.69,0.0,0.0,0.0,45.0,53.72,0.0,1.0,0.0,120.0,53.72,741.53,0.88,0.0,0.0,18.08,29.1,16.71,56.04,64.51,83.57,56.02
2018-01-06 10:13:00,2,1,53.7,85.0,55.0,53.67,53.73,53.7,0.0,0.0,0.0,45.0,53.73,0.0,1.0,0.0,120.0,53.73,741.53,0.88,0.0,0.0,18.08,29.12,16.71,56.0,64.47,83.54,55.98
2018-01-06 10:14:00,2,1,53.71,85.0,55.0,53.69,53.75,53.71,0.0,0.0,0.0,45.0,53.75,0.0,1.0,0.0,120.0,53.74,741.53,0.88,0.0,0.0,18.08,29.13,16.71,55.96,64.42,83.49,55.93
2018-01-06 10:15:00,2,1,53.73,85.0,55.0,53.7,53.76,53.73,0.0,0.0,0.0,45.0,53.76,0.0,1.0,0.0,120.0,53.76,741.53,0.88,0.0,0.0,18.08,29.15,16.71,55.91,64.38,83.45,55.89
2018-01-06 10:16:00,2,1,53.74,85.0,55.0,53.71,53.78,53.74,0.0,0.0,0.0,45.0,53.78,0.0,1.0,0.0,120.0,53.77,741.53,0.88,0.0,0.0,18.08,29.17,16.71,55.86,64.33,83.41,55.84
2018-01-06 10:17:00,2,1,53.76,85.0,55.0,53.73,53.79,53.76,0.0,0.0,0.0,45.0,53.79,0.0,1.0,0.0,120.0,53.79,741.53,0.88,0.0,0.0,18.08,29.18,16.71,55.82,64.28,83.37,55.79
2018-01-06 10:18:00,2,1,53.77,85.0,55.0,53.74,53.8,53.77,0.0,0.0,0.0,45.0,53.8,0.0,1.0,0.0,120.0,53.8,741.53,0.88,0.0,0.0,18.08,29.2,16.71,55.77,64.23,83.32,55.75
2018-01-06 10:19:00,2,1,53.79,85.0,55.0,53.76,53.82,53.79,0.0,0.0,0.0,45.0,53.82,0.0,1.0,0.0,120.0,53.82,741.53,0.88,0.0,0.0,18.08,29.22,16.71,55.72,64.18,83.27,55.7
2018-01-06 10:20:00,2,1,53.8,85.0,55.0,53.77,53.83,53.8,0.0,0.0,0.0,45.0,53.83,0.0,1.0,0.0,120.0,53.83,741.53,0.88,0.0,0.0,18.08,29.23,16.71,55.67,64.13,83.23,55.65
2018-01-06 10:21:00,2,1,53.82,85.0,55.0,53.79,53.85,53.82,0.0,0.0,0.0,45.0,53.85,0.0,1.0,0.0,120.0,53.85,741.53,0.88,0.0,0.0,18.08,29.25,16.71,55.62,64.09,83.18,55.6
2018-01-06 10:22:00,2,1,53.83,85.0,55.0,53.8,53.87,53.83,0.0,0.0,0.0,45.0,53.86,0.0,1.0,0.0,120.0,53.86,741.53,0.88,0.0,0.0,18.08,29.27,16.71,55.57,64.04,83.13,55.55
2018-01-06 10:23:00,2,1,53.85,85.0,55.0,53.82,53.88,53.85,0.0,0.0,0.0,45.0,53.88,0.0,1.0,0.0,120.0,53.88,741.53,0.88,0.0,0.0,18.08,29.29,16.71,55.52,63.99,83.08,55.5
2018-01-06 10:24:00,2,1,53.87,85.0,55.0,53.84,53.9,53.87,0.0,0.0,0.0,45.0,53.9,0.0,1.0,0.0,120.0,53.89,741.53,0.88,0.0,0.0,18.08,29.3,16.71,55.47,63.93,83.03,55.45
2018-01-06 10:25:00,2,1,53.88,85.0,55.0,53.85,53.91,53.88,0.0,0.0,0.0,45.0,53.91,0.0,1.0,0.0,120.0,53.91,741.53,0.88,0.0,0.0,18.08,29.32,16.71,55.42,63.88,82.98,55.4
2018-01-06 10:26:00,2,1,53.9,85.0,55.0,53.87,53.93,53.9,0.0,0.0,0.0,45.0,53.93,0.0,1.0,0.0,120.0,53.93,741.53,0.88,0.0,0.0,18.08,29.34,16.71,55.37,63.83,82.93,55.35
2018-01-06 10:27:00,2,1,53.92,85.0,55.0,53.89,53.95,53.92,0.0,0.0,0.0,45.0,53.95,0.0,1.0,0.0,120.0,53.94,741.53,0.88,0.0,0.0,18.08,29.36,16.71,55.32,63.78,82.88,55.3
2018-01-06 10:28:00,2,1,53.93,85.0,55.0,53.9,53.96,53.93,0.0,0.0,0.0,45.0,53.96,0.0,1.0,0.0,120.0,53.96,741.53,0.88,0.0,0.0,18.08,29.38,16.71,55.27,63.73,82.83,55.25
2018-01-06 10:29:00,2,1,53.95,85.0,55.0,53.92,53.98,53.95,0.0,0.0,0.0,45.0,53.98,0.0,1.0,0.0,120.0,53.98,741.53,0.88,0.0,0.0,18.08,29.4,16.71,55.22,63.68,82.78,55.19
2018-01-06 10:30:00,2,1,53.97,85.0,55.0,53.94,54.0,53.97,0.0,0.0,0.0,45.0,54.0,0.0,1.0,0.0,120.0,53.99,741.53,0.88,0.0,0.0,18.08,29.42,16.71,55.16,63.62,82.72,55.14
2018-01-06 10:31:00,2,1,53.99,85.0,55.0,53.96,54.02,53.99,0.0,0.0,0.0,45.0,54.02,0.0,1.0,0.0,120.0,54.01,741.53,0.88,0.0,0.0,18.08,29.43,16.71,55.11,63.57,82.67,55.09
2018-01-06 10:32:00,2,1,54.0,85.0,55.0,53.97,54.03,54.0,0.0,0.0,0.0,45.0,54.03,0.0,1.0,0.0,120.0,54.03,741.53,0.88,0.0,0.0,18.08,29.45,16.71,55.06,63.52,82.62,55.04
2018-01-06 10:33:00,2,1,54.02,85.0,55.0,53.99,54.05,54.02,0.0,0.0,0.0,45.0,54.05,0.0,1.0,0.0,120.0,54.05,741.53,0.88,0.0,0.0,18.08,29.47,16.71,55.01,63.47,82.56,54.99
2018-01-06 10:34:00,2,1,54.04,85.0,55.0,54.01,54.07,54.04,0.0,0.0,0.0,45.0,54.07,0.0,1.0,0.0,120.0,54.07,741.53,0.88,0.0,0.0,18.08,29.49,16.71,54.95,63.41,82.51,54.93
2018-01-06 10:35:00,2,1,54.06,85.0,55.0,54.03,54.09,54.06,0.0,0.0,0.0,45.0,54.09,0.0,1.0,0.0,120.0,54.08,741.53,0.88,0.0,0.0,18.08,29.51,16.71,54.9,63.36,82.45,54.88
2018-01-06 10:36:00,2,1,54.08,85.0,55.0,54.05,54.11,54.08,0.0,0.0,0.0,45.0,54.11,0.0,1.0,0.0,120.0,54.1,741.53,0.88,0.0,0.0,18.08,29.53,16.71,54.85,63.31,82.4,54.83
2018-01-06 10:37:00,2,1,54.09,85.0,55.0,54.06,54.12,54.09,0.0,0.0,0.0,45.0,54.12,0.0,1.0,0.0,120.0,54.12,741.53,0.88,0.0,0.0,18.08,29.55,16.71,54.79,63.25,82.34,54.77
2018-01-06 10:38:00,2,1,54.11,85.0,55.0,54.08,54.14,54.11,0.0,0.0,0.0,45.0,54.14,0.0,1.0,0.0,120.0,54.14,741.53,0.88,0.0,0.0,18.08,29.57,16.71,54.74,63.2,82.29,54.72
2018-01-06 10:39:00,2,1,54.13,85.0,55.0,54.1,54.16,54.13,0.0,0.0,0.0,45.0,54.16,0.0,1.0,0.0,120.0,54.16,741.53,0.88,0.0,0.0,18.08,29.59,16.71,54.69,63.15,82.23,54.67
2018-01-06 10:40:00,2,1,54.15,85.0,55.0,54.12,54.18,54.15,0.0,0.0,0.0,45.0,54.18,0.0,1.0,0.0,120.0,54.17,741.53,0.88,0.0,0.0,18.08,29.61,16.71,54.63,63.09,82.18,54.61
2018-01-06 10:41:00,2,1,54.17,85.0,55.0,54.14,54.2,54.17,0.0,0.0,0.0,45.0,54.2,0.0,1.0,0.0,120.0,54.19,741.53,0.88,0.0,0.0,18.08,29.63,16.71,54.58,63.04,82.12,54.56
2018-01-06 10:42:00,2,1,54.19,85.0,55.0,54.16,54.22,54.19,0.0,0.0,0.0,45.0,54.22,0.0,1.0,0.0,120.0,54.21,741.53,0.88,0.0,0.0,18.08,29.65,16.71,54.53,62.99,82.07,54.51
2018-01-06 10:43:00,2,1,54.2,85.0,55.0,54.18,54.23,54.2,0.0,0.0,0.0,45.0,54.23,0.0,1.0,0.0,120.0,54.23,741.53,0.88,0.0,0.0,18.08,29.67,16.71,54.47,62.93,82.01,54.45
2018-01-06 10:44:00,2,1,54.22,85.0,55.0,54.19,54.25,54.22,0.0,0.0,0.0,45.0,54.25,0.0,1.0,0.0,120.0,54.25,741.53,0.88,0.0,0.0,18.08,29.69,16.71,54.42,62.88,81.96,54.4
2018-01-06 10:45:00,2,1,54.24,85.0,55.0,54.21,54.27,54.24,0.0,0.0,0.0,45.0,54.27,0.0,1.0,0.0,120.0,54.27,741.53,0.88,0.0,0.0,18.08,29.71,16.71,54.37,62.83,81.9,54.35
2018-01-06 10:46:00,2,1,54.26,85.0,55.0,54.23,54.29,54.26,0.0,0.0,0.0,45.0,54.29,0.0,1.0,0.0,120.0,54.29,741.53,0.88,0.0,0.0,18.08,29.73,16.71,54.31,62.77,81.84,54.29
2018-01-06 10:47:00,2,1,54.28,85.0,55.0,54.25,54.31,54.28,0.0,0.0,0.0,45.0,54.31,0.0,1.0,0.0,120.0,54.3,741.53,0.88,0.0,0.0,18.08,29.75,16.71,54.26,62.72,81.79,54.24
2018-01-06 10:48:00,2,1,54.3,85.0,55.0,54.27,54.33,54.3,0.0,0.0,0.0,45.0,54.33,0.0,1.0,0.0,120.0,54.32,741.53,0.88,0.0,0.0,18.08,29.77,16.71,54.21,62.66,81.73,54.19
2018-01-06 10:49:00,2,1,54.32,85.0,55.0,54.29,54.35,54.32,0.0,0.0,0.0,45.0,54.35,0.0,1.0,0.0,120.0,54.34,741.53,0.88,0.0,0.0,18.08,29.79,16.71,54.15,62.61,81.68,54.13
2018-01-06 10:50:00,2,1,54.34,85.0,55.0,54.31,54.36,54.34,0.0,0.0,0.0,45.0,54.36,0.0,1.0,0.0,120.0,54.36,741.53,0.88,0.0,0.0,18.08,29.81,16.71,54.1,62.56,81.62,54.08
2018-01-06 10:51:00,2,1,54.35,85.0,55.0,54.32,54.38,54.35,0.0,0.0,0.0,45.0,54.38,0.0,1.0,0.0,120.0,54.38,741.53,0.88,0.0,0.0,18.08,29.83,16.71,54.05,62.51,81.57,54.03
2018-01-06 10:52:00,2,1,54.37,85.0,55.0,54.34,54.4,54.37,0.0,0.0,0.0,45.0,54.4,0.0,1.0,0.0,120.0,54.4,741.53,0.88,0.0,0.0,18.08,29.85,16.71,54.0,62.45,81.51,53.98
2018-01-06 10:53:00,2,1,54.39,85.0,55.0,54.36,54.42,54.39,0.0,0.0,0.0,45.0,54.42,0.0,1.0,0.0,120.0,54.42,741.53,0.88,0.0,0.0,18.08,29.87,16.71,53.94,62.4,81.46,53.92
2018-01-06 10:54:00,2,1,54.41,85.0,55.0,54.38,54.44,54.41,0.0,0.0,0.0,45.0,54.44,0.0,1.0,0.0,120.0,54.43,741.53,0.88,0.0,0.0,18.08,29.89,16.71,53.89,62.35,81.4,53.87
2018-01-06 10:55:00,2,1,54.43,85.0,55.0,54.4,54.46,54.43,0.0,0.0,0.0,45.0,54.46,0.0,1.0,0.0,120.0,54.45,741.53,0.88,0.0,0.0,18.08,29.91,16.71,53.84,62.3,81.35,53.82
2018-01-06 10:56:00,2,1,54.45,85.0,55.0,54.42,54.48,54.45,0.0,0.0,0.0,45.0,54.48,0.0,1.0,0.0,120.0,54.47,741.53,0.88,0.0,0.0,18.08,29.93,16.71,53.79,62.24,81.29,53.77
2018-01-06 10:57:00,2,1,54.46,85.0,55.0,54.43,54.49,54.46,0.0,0.0,0.0,45.0,54.49,0.0,1.0,0.0,120.0,54.49,741.53,0.88,0.0,0.0,18.08,29.95,16.71,53.74,62.19,81.24,53.72
2018-01-06 10:58:00,2,1,54.48,85.0,55.0,54.45,54.51,54.48,0.0,0.0,0.0,45.0,54.51,0.0,1.0,0.0,120.0,54.51,741.53,0.88,0.0,0.0,18.08,29.97,16.71,53.69,62.14,81.19,53.67
2018-01-06 10:59:00,2,1,54.5,85.0,55.0,54.47,54.53,54.5,0.0,0.0,0.0,45.0,54.53,0.0,1.0,0.0,120.0,54.53,741.53,0.88,0.0,0.0,18.08,29.99,16.71,53.64,62.09,81.14,53.61
2018-01-06 11:00:00,2,1,54.52,85.0,55.0,54.49,54.55,54.52,0.0,0.0,0.0,45.0,54.55,0.0,1.0,0.0,120.0,54.54,741.53,0.88,0.0,0.0,18.08,30.01,16.71,53.58,62.04,81.08,53.56
2018-01-06 11:01:00,2,1,54.53,85.0,55.0,54.51,54.57,54.53,0.0,0.0,0.0,45.0,54.57,0.0,1.0,0.0,120.0,54.56,741.53,0.88,0.0,0.0,18.08,30.03,16.71,53.54,62.0,81.03,53.51
2018-01-06 11:02:00,2,1,54.55,85.0,55.0,54.52,54.58,54.55,0.0,0.0,0.0,45.0,54.58,0.0,1.0,0.0,120.0,54.58,741.53,0.88,0.0,0.0,18.08,30.04,16.71,53.49,61.96,80.98,53.47
2018-01-06 11:03:00,2,1,54.57,85.0,55.0,54.54,54.6,54.57,0.0,0.0,0.0,45.0,54.6,0.0,1.0,0.0,120.0,54.59,741.53,0.88,0.0,0.0,18.08,30.06,16.71,53.44,61.93,80.94,53.42
2018-01-06 11:04:00,2,1,54.58,85.0,55.0,54.55,54.61,54.58,0.0,0.0,0.0,45.0,54.61,0.0,1.0,0.0,120.0,54.61,741.53,0.88,0.0,0.0,18.08,30.07,16.71,53.4,61.89,80.9,53.38
2018-01-06 11:05:00,2,1,54.59,85.0,55.0,54.56,54.62,54.59,0.0,0.0,0.0,45.0,54.62,0.0,1.0,0.0,120.0,54.62,741.53,0.88,0.0,0.0,18.08,30.09,16.71,53.36,61.86,80.86,53.34
2018-01-06 11:06:00,2,1,54.6,85.0,55.0,54.57,54.64,54.6,0.0,0.0,0.0,45.0,54.64,0.0,1.0,0.0,120.0,54.63,741.53,0.88,0.0,0.0,18.08,30.11,16.71,53.33,61.82,80.82,53.31
2018-01-06 11:07:00,2,1,54.61,85.0,55.0,54.58,54.65,54.61,0.0,0.0,0.0,45.0,54.65,0.0,1.0,0.0,120.0,54.64,741.53,0.88,0.0,0.0,18.08,30.12,16.71,53.29,61.79,80.79,53.27
2018-01-06 11:08:00,2,1,54.62,85.0,55.0,54.59,54.66,54.62,0.0,0.0,0.0,45.0,54.66,0.0,1.0,0.0,120.0,54.65,741.53,0.88,0.0,0.0,18.08,30.14,16.71,53.26,61.75,80.76,53.24
2018-01-06 11:09:00,2,1,54.63,85.0,55.0,54.6,54.67,54.63,0.0,0.0,0.0,45.0,54.67,0.0,1.0,0.0,120.0,54.66,741.53,0.88,0.0,0.0,18.08,30.15,16.71,53.23,61.72,80.74,53.21
2018-01-06 11:10:00,2,1,54.64,85.0,55.0,54.61,54.67,54.64,0.0,0.0,0.0,45.0,54.67,0.0,1.0,0.0,120.0,54.67,741.53,0.88,0.0,0.0,18.08,30.17,16.71,53.2,61.69,80.71,53.18
2018-01-06 11:11:00,2,1,54.64,85.0,55.0,54.62,54.68,54.64,0.0,0.0,0.0,45.0,54.68,0.0,1.0,0.0,120.0,54.68,741.53,0.88,0.0,0.0,18.08,30.18,16.71,53.17,61.65,80.69,53.15
2018-01-06 11:12:00,2,1,54.65,85.0,55.0,54.62,54.69,54.65,0.0,0.0,0.0,45.0,54.69,0.0,1.0,0.0,120.0,54.69,741.53,0.88,0.0,0.0,18.08,30.2,16.71,53.14,61.62,80.67,53.12
2018-01-06 11:13:00,2,1,54.66,85.0,55.0,54.63,54.69,54.66,0.0,0.0,0.0,45.0,54.69,0.0,1.0,0.0,120.0,54.69,741.53,0.88,0.0,0.0,18.08,30.21,16.71,53.11,61.59,80.65,53.09
2018-01-06 11:14:00,2,1,54.66,85.0,55.0,54.63,54.7,54.66,0.0,0.0,0.0,45.0,54.7,0.0,1.0,0.0,120.0,54.7,741.53,0.88,0.0,0.0,18.08,30.23,16.71,53.09,61.55,80.64,53.07
2018-01-06 11:15:00,2,1,54.67,85.0,55.0,54.64,54.71,54.67,0.0,0.0,0.0,45.0,54.71,0.0,1.0,0.0,120.0,54.7,741.53,0.88,0.0,0.0,18.08,30.24,16.71,53.06,61.52,80.62,53.04
2018-01-06 11:16:00,2,1,54.67,85.0,55.0,54.64,54.71,54.67,0.0,0.0,0.0,45.0,54.71,0.0,1.0,0.0,120.0,54.71,741.53,0.88,0.0,0.0,18.08,30.26,16.71,53.04,61.49,80.61,53.02
2018-01-06 11:17:00,2,1,54.67,85.0,55.0,54.65,54.71,54.67,0.0,0.0,0.0,45.0,54.71,0.0,1.0,0.0,120.0,54.71,741.53,0.88,0.0,0.0,18.08,30.27,16.71,53.01,61.46,80.6,52.99
2018-01-06 11:18:00,2,1,54.68,85.0,55.0,54.65,54.72,54.68,0.0,0.0,0.0,45.0,54.72,0.0,1.0,0.0,120.0,54.72,741.53,0.88,0.0,0.0,18.08,30.29,16.71,52.99,61.42,80.59,52.97
2018-01-06 11:19:00,2,1,54.68,85.0,55.0,54.65,54.72,54.68,0.0,0.0,0.0,45.0,54.72,0.0,1.0,0.0,120.0,54.72,741.53,0.88,0.0,0.0,18.08,30.3,16.71,52.97,61.39,80.58,52.95
2018-01-06 11:20:00,2,1,54.68,85.0,55.0,54.66,54.73,54.68,0.0,0.0,0.0,45.0,54.73,0.0,1.0,0.0,120.0,54.72,741.53,0.88,0.0,0.0,18.08,30.32,16.71,52.95,61.36,80.57,52.93
2018-01-06 11:21:00,2,1,54.69,85.0,55.0,54.66,54.73,54.69,0.0,0.0,0.0,45.0,54.73,0.0,1.0,0.0,120.0,54.73,741.53,0.88,0.0,0.0,18.08,30.33,16.71,52.93,61.33,80.56,52.91
2018-01-06 11:22:00,2,1,54.69,85.0,55.0,54.66,54.73,54.69,0.0,0.0,0.0,45.0,54.73,0.0,1.0,0.0,120.0,54.73,741.53,0.88,0.0,0.0,18.08,30.35,16.71,52.91,61.29,80.55,52.89
2018-01-06 11:23:00,2,1,54.69,85.0,55.0,54.66,54.73,54.69,0.0,0.0,0.0,45.0,54.73,0.0,1.0,0.0,120.0,54.73,741.53,0.88,0.0,0.0,18.08,30.36,16.71,52.89,61.26,80.54,52.87
2018-01-06 11:24:00,2,1,54.69,85.0,55.0,54.67,54.74,54.69,0.0,0.0,0.0,45.0,54.74,0.0,1.0,0.0,120.0,54.73,741.53,0.88,0.0,0.0,18.08,30.37,16.71,52.87,61.23,80.54,52.85
2018-01-06 11:25:00,2,1,54.7,85.0,55.0,54.67,54.74,54.7,0.0,0.0,0.0,45.0,54.74,0.0,1.0,0.0,120.0,54.74,741.53,0.88,0.0,0.0,18.08,30.39,16.71,52.85,61.2,80.53,52.83
2018-01-06 11:26:00,2,1,54.7,85.0,55.0,54.67,54.74,54.7,0.0,0.0,0.0,45.0,54.74,0.0,1.0,0.0,120.0,54.74,741.53,0.88,0.0,0.0,18.08,30.4,16.71,52.83,61.17,80.53,52.81
2018-01-06 11:27:00,2,1,54.7,85.0,55.0,54.67,54.74,54.7,0.0,0.0,0.0,45.0,54.74,0.0,1.0,0.0,120.0,54.74,741.53,0.88,0.0,0.0,18.08,30.42,16.71,52.81,61.13,80.52,52.79
2018-01-06 11:28:00,2,1,54.7,85.0,55.0,54.67,54.74,54.7,0.0,0.0,0.0,45.0,54.74,0.0,1.0,0.0,120.0,54.74,741.53,0.88,0.0,0.0,18.08,30.43,16.71,52.79,61.1,80.52,52.77
2018-01-06 11:29:00,2,1,54.7,85.0,55.0,54.67,54.74,54.7,0.0,0.0,0.0,45.0,54.74,0.0,1.0,0.0,120.0,54.74,741.53,0.88,0.0,0.0,18.08,30.45,16.71,52.77,61.07,80.51,52.75
2018-01-06 11:30:00,2,1,54.7,85.0,55.0,54.67,54.75,54.7,0.0,0.0,0.0,45.0,54.75,0.0,1.0,0.0,120.0,54.75,741.53,0.88,0.0,0.0,18.08,30.46,16.71,52.76,61.04,80.51,52.74
2018-01-06 11:31:00,2,1,54.71,85.0,55.0,54.68,54.75,54.71,0.0,0.0,0.0,45.0,54.75,0.0,1.0,0.0,120.0,54.75,741.53,0.88,0.0,0.0,18.08,30.48,16.71,52.74,61.0,80.5,52.72
2018-01-06 11:32:00,2,1,54.71,85.0,55.0,54.68,54.75,54.71,0.0,0.0,0.0,45.0,54.75,0.0,1.0,0.0,120.0,54.75,741.53,0.88,0.0,0.0,18.08,30.49,16.71,52.72,60.97,80.5,52.7
2018-01-06 11:33:00,2,1,54.71,85.0,55.0,54.68,54.75,54.71,0.0,0.0,0.0,45.0,54.75,0.0,1.0,0.0,120.0,54.75,741.53,0.88,0.0,0.0,18.08,30.51,16.71,52.7,60.94,80.5,52.68
2018-01-06 11:34:00,2,1,54.71,85.0,55.0,54.68,54.75,54.71,0.0,0.0,0.0,45.0,54.75,0.0,1.0,0.0,120.0,54.75,741.53,0.88,0.0,0.0,18.08,30.52,16.71,52.68,60.91,80.49,52.66
2018-01-06 11:35:00,2,1,54.71,85.0,55.0,54.68,54.75,54.71,0.0,0.0,0.0,45.0,54.75,0.0,1.0,0.0,120.0,54.75,741.53,0.88,0.0,0.0,18.08,30.54,16.71,52.67,60.88,80.49,52.65
2018-01-06 11:36:00,2,1,54.71,85.0,55.0,54.68,54.75,54.71,0.0,0.0,0.0,45.0,54.75,0.0,1.0,0.0,120.0,54.75,741.53,0.88,0.0,0.0,18.08,30.55,16.71,52.65,60.84,80.48,52.63
2018-01-06 11:37:00,2,1,54.71,85.0,55.0,54.69,54.76,54.71,0.0,0.0,0.0,45.0,54.76,0.0,1.0,0.0,120.0,54.76,741.53,0.88,0.0,0.0,18.08,30.57,16.71,52.63,60.81,80.48,52.61
2018-01-06 11:38:00,2,1,54.72,85.0,55.0,54.69,54.76,54.72,0.0,0.0,0.0,45.0,54.76,0.0,1.0,0.0,120.0,54.76,741.53,0.88,0.0,0.0,18.08,30.58,16.71,52.61,60.78,80.47,52.59
2018-01-06 11:39:00,2,1,54.72,85.0,55.0,54.69,54.76,54.72,0.0,0.0,0.0,45.0,54.76,0.0,1.0,0.0,120.0,54.76,741.53,0.88,0.0,0.0,18.08,30.6,16.71,52.59,60.74,80.47,52.57
2018-01-06 11:40:00,2,1,54.72,85.0,55.0,54.69,54.76,54.72,0.0,0.0,0.0,45.0,54.76,0.0,1.0,0.0,120.0,54.76,741.53,0.88,0.0,0.0,18.08,30.61,16.71,52.57,60.71,80.46,52.55
2018-01-06 11:41:00,2,1,54.72,85.0,55.0,54.69,54.76,54.72,0.0,0.0,0.0,45.0,54.76,0.0,1.0,0.0,120.0,54.76,741.53,0.88,0.0,0.0,18.08,30.63,16.71,52.55,60.68,80.45,52.53
2018-01-06 11:42:00,2,1,54.73,85.0,55.0,54.7,54.77,54.73,0.0,0.0,0.0,45.0,54.77,0.0,1.0,0.0,120.0,54.77,741.53,0.88,0.0,0.0,18.08,30.64,16.71,52.53,60.65,80.45,52.51
2018-01-06 11:43:00,2,1,54.73,85.0,55.0,54.7,54.77,54.73,0.0,0.0,0.0,45.0,54.77,0.0,1.0,0.0,120.0,54.77,741.53,0.88,0.0,0.0,18.08,30.66,16.71,52.51,60.61,80.44,52.49
2018-01-06 11:44:00,2,1,54.73,85.0,55.0,54.7,54.77,54.73,0.0,0.0,0.0,45.0,54.77,0.0,1.0,0.0,120.0,54.77,741.53,0.88,0.0,0.0,18.08,30.67,16.71,52.49,60.58,80.43,52.47
2018-01-06 11:45:00,2,1,54.73,85.0,55.0,54.71,54.78,54.73,0.0,0.0,0.0,45.0,54.77,0.0,1.0,0.0,120.0,54.77,741.53,0.88,0.0,0.0,18.08,30.69,16.71,52.47,60.55,80.42,52.45
2018-01-06 11:46:00,2,1,54.74,85.0,55.0,54.71,54.78,54.74,0.0,0.0,0.0,45.0,54.78,0.0,1.0,0.0,120.0,54.78,741.53,0.88,0.0,0.0,18.08,30.7,16.71,52.45,60.51,80.41,52.43
2018-01-06 11:47:00,2,1,54.74,85.0,55.0,54.71,54.78,54.74,0.0,0.0,0.0,45.0,54.78,0.0,1.0,0.0,120.0,54.78,741.53,0.88,0.0,0.0,18.08,30.72,16.71,52.42,60.48,80.4,52.4
2018-01-06 11:48:00,2,1,54.75,85.0,55.0,54.72,54.79,54.75,0.0,0.0,0.0,45.0,54.79,0.0,1.0,0.0,120.0,54.79,741.53,0.88,0.0,0.0,18.08,30.73,16.71,52.4,60.44,80.39,52.38
2018-01-06 11:49:00,2,1,54.75,85.0,55.0,54.72,54.79,54.75,0.0,0.0,0.0,45.0,54.79,0.0,1.0,0.0,120.0,54.79,741.53,0.88,0.0,0.0,18.08,30.75,16.71,52.38,60.41,80.38,52.36
2018-01-06 11:50:00,2,1,54.76,85.0,55.0,54.73,54.79,54.76,0.0,0.0,0.0,45.0,54.79,0.0,1.0,0.0,120.0,54.79,741.53,0.88,0.0,0.0,18.08,30.76,16.71,52.35,60.37,80.37,52.33
2018-01-06 11:51:00,2,1,54.76,85.0,55.0,54.73,54.8,54.76,0.0,0.0,0.0,45.0,54.8,0.0,1.0,0.0,120.0,54.8,741.53,0.88,0.0,0.0,18.08,30.78,16.71,52.33,60.34,80.35,52.31
2018-01-06 11:52:00,2,1,54.77,85.0,55.0,54.74,54.81,54.77,0.0,0.0,0.0,45.0,54.81,0.0,1.0,0.0,120.0,54.8,741.53,0.88,0.0,0.0,18.08,30.79,16.71,52.3,60.31,80.34,52.28
2018-01-06 11:53:00,2,1,54.77,85.0,55.0,54.74,54.81,54.77,0.0,0.0,0.0,45.0,54.81,0.0,1.0,0.0,120.0,54.81,741.53,0.88,0.0,0.0,18.08,30.81,16.71,52.27,60.27,80.32,52.26
2018-01-06 11:54:00,2,1,54.78,85.0,55.0,54.75,54.82,54.78,0.0,0.0,0.0,45.0,54.82,0.0,1.0,0.0,120.0,54.82,741.53,0.88,0.0,0.0,18.08,30.82,16.71,52.25,60.23,80.3,52.23
2018-01-06 11:55:00,2,1,54.79,85.0,55.0,54.76,54.82,54.79,0.0,0.0,0.0,45.0,54.82,0.0,1.0,0.0,120.0,54.82,741.53,0.88,0.0,0.0,18.08,30.84,16.71,52.22,60.2,80.28,52.2
2018-01-06 11:56:00,2,1,54.79,85.0,55.0,54.76,54.83,54.79,0.0,0.0,0.0,45.0,54.83,0.0,1.0,0.0,120.0,54.83,741.53,0.88,0.0,0.0,18.08,30.85,16.71,52.19,60.16,80.26,52.17
2018-01-06 11:57:00,2,1,54.8,85.0,55.0,54.77,54.84,54.8,0.0,0.0,0.0,45.0,54.84,0.0,1.0,0.0,120.0,54.84,741.53,0.88,0.0,0.0,18.08,30.87,16.71,52.16,60.13,80.24,52.14
2018-01-06 11:58:00,2,1,54.81,85.0,55.0,54.78,54.85,54.81,0.0,0.0,0.0,45.0,54.85,0.0,1.0,0.0,120.0,54.84,741.53,0.88,0.0,0.0,18.08,30.88,16.71,52.13,60.09,80.22,52.11
2018-01-06 11:59:00,2,1,54.82,85.0,55.0,54.79,54.85,54.82,0.0,0.0,0.0,45.0,54.85,0.0,1.0,0.0,120.0,54.85,741.53,0.88,0.0,0.0,18.08,30.9,16.71,52.1,60.05,80.19,52.08
2018-01-06 12:00:00,2,1,54.83,85.0,55.0,54.8,54.86,54.83,0.0,0.0,0.0,45.0,54.86,0.0,1.0,0.0,120.0,54.86,741.53,0.88,0.0,0.0,18.08,30.91,16.71,52.06,60.02,80.17,52.05
2018-01-06 12:01:00,2,1,54.84,85.0,55.0,54.81,54.87,54.84,0.0,0.0,0.0,45.0,54.87,0.0,1.0,0.0,120.0,54.87,741.53,0.88,0.0,0.0,18.08,30.93,16.71,52.03,59.98,80.14,52.01
2018-01-06 12:02:00,2,1,54.85,85.0,55.0,54.82,54.89,54.85,0.0,0.0,0.0,45.0,54.89,0.0,1.0,0.0,120.0,54.88,741.53,0.88,0.0,0.0,18.08,30.94,16.71,51.99,59.94,80.11,51.97
2018-01-06 12:03:00,2,1,54.87,85.0,55.0,54.84,54.9,54.87,0.0,0.0,0.0,45.0,54.9,0.0,1.0,0.0,120.0,54.9,741.53,0.88,0.0,0.0,18.08,30.96,16.71,51.95,59.9,80.07,51.93
2018-01-06 12:04:00,2,1,54.89,85.0,55.0,54.86,54.92,54.89,0.0,0.0,0.0,45.0,54.92,0.0,1.0,0.0,120.0,54.91,741.53,0.88,0.0,0.0,18.08,30.97,16.71,51.9,59.87,80.02,51.88
2018-01-06 12:05:00,2,1,54.91,85.0,55.0,54.88,54.94,54.91,0.0,0.0,0.0,45.0,54.94,0.0,1.0,0.0,120.0,54.93,741.53,0.88,0.0,0.0,18.08,30.99,16.71,51.84,59.83,79.96,51.82
2018-01-06 12:06:00,2,1,54.93,85.0,55.0,54.9,54.96,54.93,0.0,0.0,0.0,45.0,54.96,0.0,1.0,0.0,120.0,54.95,741.53,0.88,0.0,0.0,18.08,31.0,16.71,51.79,59.79,79.9,51.77
2018-01-06 12:07:00,2,1,54.95,85.0,55.0,54.93,54.98,54.95,0.0,0.0,0.0,45.0,54.98,0.0,1.0,0.0,120.0,54.97,741.53,0.88,0.0,0.0,18.08,31.02,16.71,51.73,59.75,79.84,51.71
2018-01-06 12:08:00,2,1,54.98,85.0,55.0,54.95,55.01,54.98,0.0,0.0,0.0,45.0,55.0,0.0,1.0,0.0,120.0,55.0,741.53,0.88,0.0,0.0,18.08,31.03,16.71,51.66,59.71,79.77,51.64
2018-01-06 12:09:00,2,1,55.01,85.0,55.0,54.98,55.03,55.01,0.0,0.0,0.0,45.0,55.03,0.0,1.0,0.0,120.0,55.03,741.53,0.88,0.0,0.0,18.08,31.05,16.71,51.6,59.67,79.69,51.58
2018-01-06 12:10:00,2,1,55.04,85.0,55.0,55.01,55.06,55.04,0.0,0.0,0.0,45.0,55.06,0.0,1.0,0.0,120.0,55.05,741.53,0.88,0.0,0.0,18.08,31.06,16.71,51.53,59.63,79.61,51.51
2018-01-06 12:11:00,2,1,55.07,85.0,55.0,55.04,55.09,55.07,0.0,0.0,0.0,45.0,55.09,0.0,1.0,0.0,120.0,55.08,741.53,0.88,0.0,0.0,18.08,31.08,16.71,51.45,59.59,79.52,51.44
2018-01-06 12:12:00,2,1,55.1,85.0,55.0,55.07,55.12,55.1,0.0,0.0,0.0,45.0,55.12,0.0,1.0,0.0,120.0,55.12,741.53,0.88,0.0,0.0,18.08,31.09,16.71,51.38,59.54,79.43,51.36
2018-01-06 12:13:00,2,1,55.14,85.0,55.0,55.11,55.16,55.14,0.0,0.0,0.0,45.0,55.15,0.0,1.0,0.0,120.0,55.15,741.53,0.88,0.0,0.0,18.08,31.11,16.71,51.3,59.5,79.34,51.28
2018-01-06 12:14:00,2,1,55.17,85.0,55.0,55.14,55.19,55.17,0.0,0.0,0.0,45.0,55.19,0.0,1.0,0.0,120.0,55.18,741.53,0.88,0.0,0.0,18.08,31.12,16.71,51.22,59.46,79.25,51.21
2018-01-06 12:15:00,2,1,55.21,85.0,55.0,55.18,55.23,55.21,0.0,0.0,0.0,45.0,55.22,0.0,1.0,0.0,120.0,55.22,741.53,0.88,0.0,0.0,18.08,31.14,16.71,51.14,59.42,79.15,51.13
2018-01-06 12:16:00,2,1,55.25,85.0,55.0,55.22,55.26,55.25,0.0,0.0,0.0,45.0,55.26,0.0,1.0,0.0,120.0,55.25,741.53,0.88,0.0,0.0,18.08,31.15,16.71,51.06,59.38,79.04,51.04
2018-01-06 12:17:00,2,1,55.28,85.0,55.0,55.26,55.3,55.28,0.0,0.0,0.0,45.0,55.3,0.0,1.0,0.0,120.0,55.29,741.53,0.88,0.0,0.0,18.08,31.17,16.71,50.98,59.33,78.94,50.96
2018-01-06 12:18:00,2,1,55.32,85.0,55.0,55.29,55.34,55.32,0.0,0.0,0.0,45.0,55.34,0.0,1.0,0.0,120.0,55.33,741.53,0.88,0.0,0.0,18.08,31.19,16.71,50.89,59.29,78.83,50.87
2018-01-06 12:19:00,2,1,55.36,85.0,55.0,55.34,55.38,55.36,0.0,0.0,0.0,45.0,55.38,0.0,1.0,0.0,120.0,55.37,741.53,0.88,0.0,0.0,18.08,31.2,16.71,50.8,59.24,78.72,50.79
2018-01-06 12:20:00,2,1,55.41,85.0,55.0,55.38,55.42,55.41,0.0,0.0,0.0,45.0,55.42,0.0,1.0,0.0,120.0,55.41,741.53,0.88,0.0,0.0,18.08,31.22,16.71,50.72,59.2,78.61,50.7
2018-01-06 12:21:00,2,1,55.45,85.0,55.0,55.42,55.46,55.45,0.0,0.0,0.0,45.0,55.46,0.0,1.0,0.0,120.0,55.45,741.53,0.88,0.0,0.0,18.08,31.23,16.71,50.63,59.15,78.49,50.61
2018-01-06 12:22:00,2,1,55.49,85.0,55.0,55.46,55.5,55.49,0.0,0.0,0.0,45.0,55.5,0.0,1.0,0.0,120.0,55.49,741.53,0.88,0.0,0.0,18.08,31.25,16.71,50.53,59.11,78.38,50.52
2018-01-06 12:23:00,2,1,55.54,85.0,55.0,55.51,55.55,55.54,0.0,0.0,0.0,45.0,55.55,0.0,1.0,0.0,120.0,55.54,741.53,0.88,0.0,0.0,18.08,31.27,16.71,50.44,59.06,78.26,50.42
2018-01-06 12:24:00,2,1,55.58,85.0,55.0,55.55,55.59,55.58,0.0,0.0,0.0,45.0,55.59,0.0,1.0,0.0,120.0,55.58,741.53,0.88,0.0,0.0,18.08,31.28,16.71,50.35,59.02,78.14,50.33
2018-01-06 12:25:00,2,1,55.63,85.0,55.0,55.6,55.64,55.63,0.0,0.0,0.0,45.0,55.64,0.0,1.0,0.0,120.0,55.63,741.53,0.88,0.0,0.0,18.08,31.3,16.71,50.25,58.97,78.01,50.24
2018-01-06 12:26:00,2,1,55.67,85.0,55.0,55.64,55.68,55.67,0.0,0.0,0.0,45.0,55.68,0.0,1.0,0.0,120.0,55.67,741.53,0.88,0.0,0.0,18.08,31.32,16.71,50.16,58.92,77.89,50.14
2018-01-06 12:27:00,2,1,55.72,85.0,55.0,55.69,55.73,55.72,0.0,0.0,0.0,45.0,55.73,0.0,1.0,0.0,120.0,55.72,741.53,0.88,0.0,0.0,18.08,31.33,16.71,50.06,58.88,77.76,50.04
2018-01-06 12:28:00,2,1,55.77,85.0,55.0,55.74,55.78,55.77,0.0,0.0,0.0,45.0,55.78,0.0,1.0,0.0,120.0,55.77,741.53,0.88,0.0,0.0,18.08,31.35,16.71,49.97,58.83,77.64,49.95
2018-01-06 12:29:00,2,1,55.82,85.0,55.0,55.79,55.82,55.82,0.0,0.0,0.0,45.0,55.82,0.0,1.0,0.0,120.0,55.81,741.53,0.88,0.0,0.0,18.08,31.37,16.71,49.87,58.78,77.51,49.85
2018-01-06 12:30:00,2,1,55.86,85.0,55.0,55.83,55.87,55.86,0.0,0.0,0.0,45.0,55.87,0.0,1.0,0.0,120.0,55.86,741.53,0.88,0.0,0.0,18.08,31.38,16.71,49.77,58.73,77.38,49.75
2018-01-06 12:31:00,2,1,55.91,85.0,55.0,55.88,55.92,55.91,0.0,0.0,0.0,45.0,55.92,0.0,1.0,0.0,120.0,55.91,741.53,0.88,0.0,0.0,18.08,31.4,16.71,49.67,58.68,77.25,49.65
2018-01-06 12:32:00,2,1,55.96,85.0,55.0,55.93,55.97,55.96,0.0,0.0,0.0,45.0,55.97,0.0,1.0,0.0,120.0,55.96,741.53,0.88,0.0,0.0,18.08,31.42,16.71,49.57,58.63,77.12,49.56
2018-01-06 12:33:00,2,1,56.01,85.0,55.0,52.51,56.02,56.01,0.0,0.0,0.0,45.0,56.02,0.0,0.0,0.0,120.0,56.01,0.04,0.88,0.0,0.0,0.0,31.44,11.97,51.57,58.58,77.0,49.46
2018-01-06 12:34:00,2,1,56.06,85.0,55.0,44.95,56.03,56.06,0.0,0.0,0.0,45.0,56.02,0.0,0.0,0.0,120.0,56.03,0.0,0.88,0.0,0.0,0.0,31.46,1.62,56.04,58.53,76.97,49.35
2018-01-06 12:35:00,2,1,56.12,85.0,55.0,43.96,56.03,56.12,0.0,0.0,0.0,45.0,55.99,0.0,0.0,0.0,120.0,56.03,0.0,0.88,0.0,0.0,0.0,31.47,0.22,56.57,58.48,76.96,49.25
2018-01-06 12:36:00,2,1,56.17,85.0,55.0,43.85,56.03,56.17,0.0,0.0,0.0,45.0,55.96,0.0,0.0,0.0,120.0,56.03,0.0,0.88,0.0,0.0,0.0,31.49,0.03,56.57,58.43,76.97,49.15
2018-01-06 12:37:00,2,1,56.22,85.0,55.0,43.87,56.03,56.22,0.0,0.0,0.0,45.0,55.93,0.0,0.0,0.0,120.0,56.03,0.0,0.88,0.0,0.0,0.0,31.51,0.0,56.49,58.38,76.97,49.05
2018-01-06 12:38:00,2,1,56.27,85.0,55.0,43.9,56.03,56.27,0.0,0.0,0.0,45.0,55.9,0.0,0.0,0.0,120.0,56.03,0.0,0.88,0.0,0.0,0.0,31.53,0.0,56.4,58.32,76.97,48.95
2018-01-06 12:39:00,2,1,56.32,85.0,55.0,43.94,56.03,56.32,0.0,0.0,0.0,45.0,55.87,0.0,0.0,0.0,120.0,56.03,0.0,0.88,0.0,0.0,0.0,31.55,0.0,56.31,58.27,76.97,48.85
2018-01-06 12:40:00,2,1,56.37,85.0,55.0,43.97,56.02,56.37,0.0,0.0,0.0,45.0,55.84,0.0,0.0,0.0,120.0,56.02,0.0,0.88,0.0,0.0,0.0,31.57,0.0,56.22,58.22,76.98,48.76
2018-01-06 12:41:00,2,1,56.42,85.0,55.0,44.01,56.02,56.42,0.0,0.0,0.0,45.0,55.8,0.0,0.0,0.0,120.0,56.02,0.0,0.88,0.0,0.0,0.0,31.59,0.0,56.13,58.16,76.98,48.66
2018-01-06 12:42:00,2,1,56.48,85.0,55.0,44.04,56.02,56.48,0.0,0.0,0.0,45.0,55.77,0.0,0.0,0.0,120.0,56.02,0.0,0.88,0.0,0.0,0.0,31.61,0.0,56.04,58.11,76.99,48.56
2018-01-06 12:43:00,2,1,56.53,85.0,55.0,44.08,56.02,56.53,0.0,0.0,0.0,45.0,55.74,0.0,0.0,0.0,120.0,56.02,0.0,0.88,0.0,0.0,0.0,31.62,0.0,55.95,58.05,76.99,48.46
2018-01-06 12:44:00,2,1,56.58,85.0,55.0,44.11,56.02,56.58,0.0,0.0,0.0,45.0,55.71,0.0,0.0,0.0,120.0,56.02,0.0,0.88,0.0,0.0,0.0,31.64,0.0,55.86,58.0,77.0,48.37
2018-01-06 12:45:00,2,1,56.63,85.0,55.0,44.15,56.01,56.63,0.0,0.0,0.0,45.0,55.68,0.0,0.0,0.0,120.0,56.01,0.0,0.88,0.0,0.0,0.0,31.66,0.0,55.77,57.94,77.01,48.27
2018-01-06 12:46:00,2,1,56.68,85.0,55.0,44.18,56.01,56.68,0.0,0.0,0.0,45.0,55.65,0.0,0.0,0.0,120.0,56.01,0.0,0.88,0.0,0.0,0.0,31.68,0.0,55.68,57.88,77.01,48.17
2018-01-06 12:47:00,2,1,56.73,85.0,55.0,44.22,56.01,56.73,0.0,0.0,0.0,45.0,55.63,0.0,0.0,0.0,120.0,56.01,0.0,0.88,0.0,0.0,0.0,31.71,0.0,55.59,57.83,77.02,48.07
2018-01-06 12:48:00,2,1,56.78,85.0,55.0,44.26,56.0,56.78,0.0,0.0,0.0,45.0,55.6,0.0,0.0,0.0,120.0,56.0,0.0,0.88,0.0,0.0,0.0,31.73,0.0,55.5,57.77,77.03,47.98
2018-01-06 12:49:00,2,1,56.84,85.0,55.0,44.29,56.0,56.84,0.0,0.0,0.0,45.0,55.57,0.0,0.0,0.0,120.0,56.0,0.0,0.88,0.0,0.0,0.0,31.75,0.0,55.41,57.71,77.04,47.88
2018-01-06 12:50:00,2,1,56.89,85.0,55.0,44.33,56.0,56.89,0.0,0.0,0.0,45.0,55.54,0.0,0.0,0.0,120.0,56.0,0.0,0.88,0.0,0.0,0.0,31.77,0.0,55.32,57.65,77.05,47.78
2018-01-06 12:51:00,2,1,56.94,85.0,55.0,44.36,55.99,56.94,0.0,0.0,0.0,45.0,55.51,0.0,0.0,0.0,120.0,55.99,0.0,0.88,0.0,0.0,0.0,31.79,0.0,55.23,57.59,77.06,47.69
2018-01-06 12:52:00,2,1,56.99,85.0,55.0,44.4,55.99,56.99,0.0,0.0,0.0,45.0,55.48,0.0,0.0,0.0,120.0,55.99,0.0,0.88,0.0,0.0,0.0,31.81,0.0,55.14,57.53,77.07,47.59
2018-01-06 12:53:00,2,1,57.04,85.0,55.0,44.44,55.98,57.04,0.0,0.0,0.0,45.0,55.45,0.0,0.0,0.0,120.0,55.98,0.0,0.88,0.0,0.0,0.0,31.83,0.0,55.05,57.47,77.09,47.5
2018-01-06 12:54:00,2,1,57.1,85.0,55.0,44.47,55.98,57.1,0.0,0.0,0.0,45.0,55.42,0.0,0.0,0.0,120.0,55.98,0.0,0.88,0.0,0.0,0.0,31.85,0.0,54.96,57.41,77.1,47.4
2018-01-06 12:55:00,2,1,57.15,85.0,55.0,44.51,55.97,57.15,0.0,0.0,0.0,45.0,55.4,0.0,0.0,0.0,120.0,55.97,0.0,0.88,0.0,0.0,0.0,31.88,0.0,54.87,57.35,77.11,47.31
2018-01-06 12:56:00,2,1,57.2,85.0,55.0,44.55,55.97,57.2,0.0,0.0,0.0,45.0,55.37,0.0,0.0,0.0,120.0,55.97,0.0,0.88,0.0,0.0,0.0,31.9,0.0,54.78,57.29,77.13,47.22
2018-01-06 12:57:00,2,1,57.25,85.0,55.0,44.59,55.96,57.25,0.0,0.0,0.0,45.0,55.34,0.0,0.0,0.0,120.0,55.96,0.0,0.88,0.0,0.0,0.0,31.92,0.0,54.69,57.22,77.14,47.12
2018-01-06 12:58:00,2,1,57.3,85.0,55.0,44.62,55.96,57.3,0.0,0.0,0.0,45.0,55.31,0.0,0.0,0.0,120.0,55.96,0.0,0.88,0.0,0.0,0.0,31.94,0.0,54.6,57.16,77.15,47.03
2018-01-06 12:59:00,2,1,57.35,85.0,55.0,44.66,55.95,57.35,0.0,0.0,0.0,45.0,55.28,0.0,0.0,0.0,120.0,55.95,0.0,0.88,0.0,0.0,0.0,31.97,0.0,54.51,57.1,77.17,46.94
2018-01-06 13:00:00,2,1,57.4,85.0,55.0,44.7,55.95,57.4,0.0,0.0,0.0,45.0,55.26,0.0,0.0,0.0,120.0,55.95,0.0,0.88,0.0,0.0,0.0,31.99,0.0,54.42,57.03,77.19,46.85
2018-01-06 13:01:00,2,1,57.45,85.0,55.0,44.74,55.94,57.45,0.0,0.0,0.0,45.0,55.23,0.0,0.0,0.0,120.0,55.94,0.0,0.88,0.0,0.0,0.0,32.02,0.0,54.32,56.95,77.2,46.76
2018-01-06 13:02:00,2,1,57.5,85.0,55.0,44.78,55.93,57.5,0.0,0.0,0.0,45.0,55.2,0.0,0.0,0.0,120.0,55.93,0.0,0.88,0.0,0.0,0.0,32.05,0.0,54.23,56.86,77.22,46.67
2018-01-06 13:03:00,2,1,57.55,85.0,55.0,44.82,55.93,57.55,0.0,0.0,0.0,45.0,55.18,0.0,0.0,0.0,120.0,55.93,0.0,0.88,0.0,0.0,0.0,32.09,0.0,54.13,56.77,77.24,46.59
2018-01-06 13:04:00,2,1,57.59,85.0,55.0,44.86,55.92,57.59,0.0,0.0,0.0,45.0,55.15,0.0,0.0,0.0,120.0,55.92,0.0,0.88,0.0,0.0,0.0,32.12,0.0,54.04,56.67,77.25,46.51
2018-01-06 13:05:00,2,1,57.63,85.0,55.0,44.89,55.91,57.63,0.0,0.0,0.0,45.0,55.12,0.0,0.0,0.0,120.0,55.91,0.0,0.88,0.0,0.0,0.0,32.15,0.0,53.95,56.58,77.27,46.43
2018-01-06 13:06:00,2,1,57.67,85.0,55.0,44.93,55.91,57.67,0.0,0.0,0.0,45.0,55.1,0.0,0.0,0.0,120.0,55.91,0.0,0.88,0.0,0.0,0.0,32.19,0.0,53.86,56.49,77.29,46.36
2018-01-06 13:07:00,2,1,57.71,85.0,55.0,44.97,55.9,57.71,0.0,0.0,0.0,45.0,55.07,0.0,0.0,0.0,120.0,55.9,0.0,0.88,0.0,0.0,0.0,32.22,0.0,53.78,56.39,77.31,46.29
2018-01-06 13:08:00,2,1,57.75,85.0,55.0,45.0,55.89,57.75,0.0,0.0,0.0,45.0,55.04,0.0,0.0,0.0,120.0,55.89,0.0,0.88,0.0,0.0,0.0,32.26,0.0,53.69,56.3,77.33,46.22
2018-01-06 13:09:00,2,1,57.79,85.0,55.0,45.04,55.88,57.79,0.0,0.0,0.0,45.0,55.02,0.0,0.0,0.0,120.0,55.88,0.0,0.88,0.0,0.0,0.0,32.29,0.0,53.61,56.21,77.35,46.15
2018-01-06 13:10:00,2,1,57.82,85.0,55.0,45.08,55.88,57.82,0.0,0.0,0.0,45.0,54.99,0.0,0.0,0.0,120.0,55.88,0.0,0.88,0.0,0.0,0.0,32.33,0.0,53.52,56.11,77.37,46.08
2018-01-06 13:11:00,2,1,57.86,85.0,55.0,45.11,55.87,57.86,0.0,0.0,0.0,45.0,54.97,0.0,0.0,0.0,120.0,55.87,0.0,0.88,0.0,0.0,0.0,32.36,0.0,53.44,56.02,77.39,46.02
2018-01-06 13:12:00,2,1,57.89,85.0,55.0,45.14,55.86,57.89,0.0,0.0,0.0,45.0,54.94,0.0,0.0,0.0,120.0,55.86,0.0,0.88,0.0,0.0,0.0,32.4,0.0,53.36,55.92,77.41,45.96
2018-01-06 13:13:00,2,1,57.92,85.0,55.0,45.18,55.85,57.92,0.0,0.0,0.0,45.0,54.92,0.0,0.0,0.0,120.0,55.85,0.0,0.88,0.0,0.0,0.0,32.44,0.0,53.28,55.83,77.43,45.9
2018-01-06 13:14:00,2,1,57.95,85.0,55.0,45.21,55.85,57.95,0.0,0.0,0.0,45.0,54.89,0.0,0.0,0.0,120.0,55.85,0.0,0.88,0.0,0.0,0.0,32.47,0.0,53.21,55.74,77.45,45.84
2018-01-06 13:15:00,2,1,57.98,85.0,55.0,45.24,55.84,57.98,0.0,0.0,0.0,45.0,54.87,0.0,0.0,0.0,120.0,55.84,0.0,0.88,0.0,0.0,0.0,32.51,0.0,53.13,55.64,77.48,45.79
2018-01-06 13:16:00,2,1,58.01,85.0,55.0,45.28,55.83,58.01,0.0,0.0,0.0,45.0,54.84,0.0,0.0,0.0,120.0,55.83,0.0,0.88,0.0,0.0,0.0,32.54,0.0,53.05,55.55,77.5,45.73
2018-01-06 13:17:00,2,1,58.04,85.0,55.0,45.31,55.82,58.04,0.0,0.0,0.0,45.0,54.82,0.0,0.0,0.0,120.0,55.82,0.0,0.88,0.0,0.0,0.0,32.58,0.0,52.98,55.46,77.52,45.68
2018-01-06 13:18:00,2,1,58.07,85.0,55.0,45.34,55.81,58.07,0.0,0.0,0.0,45.0,54.79,0.0,0.0,0.0,120.0,55.81,0.0,0.88,0.0,0.0,0.0,32.61,0.0,52.9,55.36,77.55,45.62
2018-01-06 13:19:00,2,1,58.09,85.0,55.0,45.37,55.8,58.09,0.0,0.0,0.0,45.0,54.77,0.0,0.0,0.0,120.0,55.8,0.0,0.88,0.0,0.0,0.0,32.65,0.0,52.83,55.27,77.57,45.57
2018-01-06 13:20:00,2,1,58.12,85.0,55.0,45.4,55.79,58.12,0.0,0.0,0.0,45.0,54.74,0.0,0.0,0.0,120.0,55.79,0.0,0.88,0.0,0.0,0.0,32.69,0.0,52.76,55.18,77.59,45.52
2018-01-06 13:21:00,2,1,58.14,85.0,55.0,45.43,55.78,58.14,0.0,0.0,0.0,45.0,54.72,0.0,0.0,0.0,120.0,55.78,0.0,0.88,0.0,0.0,0.0,32.72,0.0,52.69,55.08,77.62,45.47
2018-01-06 13:22:00,2,1,58.17,85.0,55.0,45.46,55.77,58.17,0.0,0.0,0.0,45.0,54.7,0.0,0.0,0.0,120.0,55.77,0.0,0.88,0.0,0.0,0.0,32.76,0.0,52.62,54.99,77.64,45.43
2018-01-06 13:23:00,2,1,58.19,85.0,55.0,45.49,55.76,58.19,0.0,0.0,0.0,45.0,54.67,0.0,0.0,0.0,120.0,55.76,0.0,0.88,0.0,0.0,0.0,32.79,0.0,52.55,54.9,77.67,45.38
2018-01-06 13:24:00,2,1,58.21,85.0,55.0,45.52,55.76,58.21,0.0,0.0,0.0,45.0,54.65,0.0,0.0,0.0,120.0,55.76,0.0,0.88,0.0,0.0,0.0,32.83,0.0,52.48,54.81,77.7,45.34
2018-01-06 13:25:00,2,1,58.23,85.0,55.0,45.55,55.75,58.23,0.0,0.0,0.0,45.0,54.63,0.0,0.0,0.0,120.0,55.75,0.0,0.88,0.0,0.0,0.0,32.86,0.0,52.42,54.72,77.72,45.29
2018-01-06 13:26:00,2,1,58.25,85.0,55.0,45.58,55.74,58.25,0.0,0.0,0.0,45.0,54.6,0.0,0.0,0.0,120.0,55.74,0.0,0.88,0.0,0.0,0.0,32.9,0.0,52.35,54.63,77.75,45.25
2018-01-06 13:27:00,2,1,58.27,85.0,55.0,45.6,55.73,58.27,0.0,0.0,0.0,45.0,54.58,0.0,0.0,0.0,120.0,55.73,0.0,0.88,0.0,0.0,0.0,32.94,0.0,52.28,54.54,77.77,45.21
2018-01-06 13:28:00,2,1,58.29,85.0,55.0,45.63,55.72,58.29,0.0,0.0,0.0,45.0,54.56,0.0,0.0,0.0,120.0,55.72,0.0,0.88,0.0,0.0,0.0,32.97,0.0,52.22,54.45,77.8,45.17
2018-01-06 13:29:00,2,1,58.31,85.0,55.0,45.66,55.71,58.31,0.0,0.0,0.0,45.0,54.53,0.0,0.0,0.0,120.0,55.71,0.0,0.88,0.0,0.0,0.0,33.01,0.0,52.16,54.36,77.83,45.13
2018-01-06 13:30:00,2,1,58.33,85.0,55.0,45.69,55.7,58.33,0.0,0.0,0.0,45.0,54.51,0.0,0.0,0.0,120.0,55.7,0.0,0.88,0.0,0.0,0.0,33.04,0.0,52.09,54.27,77.86,45.09
2018-01-06 13:31:00,2,1,58.35,85.0,55.0,45.71,55.68,58.35,0.0,0.0,0.0,45.0,54.49,0.0,0.0,0.0,120.0,55.68,0.0,0.88,0.0,0.0,0.0,33.08,0.0,52.03,54.18,77.88,45.05
2018-01-06 13:32:00,2,1,58.37,85.0,55.0,45.74,55.67,58.37,0.0,0.0,0.0,45.0,54.47,0.0,0.0,0.0,120.0,55.67,0.0,0.88,0.0,0.0,0.0,33.11,0.0,51.97,54.1,77.91,45.01
2018-01-06 13:33:00,2,1,58.38,85.0,55.0,45.76,55.66,58.38,0.0,0.0,0.0,45.0,54.44,0.0,0.0,0.0,120.0,55.66,0.0,0.88,0.0,0.0,0.0,33.15,0.0,51.91,54.01,77.94,44.98
2018-01-06 13:34:00,2,1,58.4,85.0,55.0,45.79,55.65,58.4,0.0,0.0,0.0,45.0,54.42,0.0,0.0,0.0,120.0,55.65,0.0,0.88,0.0,0.0,0.0,33.18,0.0,51.85,53.92,77.97,44.94
2018-01-06 13:35:00,2,1,58.42,85.0,55.0,45.81,55.64,58.42,0.0,0.0,0.0,45.0,54.4,0.0,0.0,0.0,120.0,55.64,0.0,0.88,0.0,0.0,0.0,33.21,0.0,51.79,53.84,78.0,44.9
2018-01-06 13:36:00,2,1,58.43,85.0,55.0,45.84,55.63,58.43,0.0,0.0,0.0,45.0,54.38,0.0,0.0,0.0,120.0,55.63,0.0,0.88,0.0,0.0,0.0,33.25,0.0,51.73,53.75,78.03,44.87
2018-01-06 13:37:00,2,1,58.44,85.0,55.0,45.86,55.62,58.44,0.0,0.0,0.0,45.0,54.35,0.0,0.0,0.0,120.0,55.62,0.0,0.88,0.0,0.0,0.0,33.28,0.0,51.68,53.67,78.06,44.84
2018-01-06 13:38:00,2,1,58.46,85.0,55.0,45.89,55.61,58.46,0.0,0.0,0.0,45.0,54.33,0.0,0.0,0.0,120.0,55.61,0.0,0.88,0.0,0.0,0.0,33.32,0.0,51.62,53.59,78.09,44.81
2018-01-06 13:39:00,2,1,58.47,85.0,55.0,45.91,55.6,58.47,0.0,0.0,0.0,45.0,54.31,0.0,0.0,0.0,120.0,55.6,0.0,0.88,0.0,0.0,0.0,33.35,0.0,51.57,53.51,78.12,44.77
2018-01-06 13:40:00,2,1,58.49,85.0,55.0,45.93,55.59,58.49,0.0,0.0,0.0,45.0,54.29,0.0,0.0,0.0,120.0,55.59,0.0,0.88,0.0,0.0,0.0,33.38,0.0,51.51,53.43,78.15,44.74
2018-01-06 13:41:00,2,1,58.5,85.0,55.0,45.96,55.58,58.5,0.0,0.0,0.0,45.0,54.27,0.0,0.0,0.0,120.0,55.58,0.0,0.88,0.0,0.0,0.0,33.42,0.0,51.46,53.35,78.18,44.71
2018-01-06 13:42:00,2,1,58.51,85.0,55.0,45.98,55.56,58.51,0.0,0.0,0.0,45.0,54.25,0.0,0.0,0.0,120.0,55.56,0.0,0.88,0.0,0.0,0.0,33.45,0.0,51.41,53.27,78.21,44.68
2018-01-06 13:43:00,2,1,58.52,85.0,55.0,46.0,55.55,58.52,0.0,0.0,0.0,45.0,54.22,0.0,0.0,0.0,120.0,55.55,0.0,0.88,0.0,0.0,0.0,33.48,0.0,51.35,53.19,78.24,44.66
2018-01-06 13:44:00,2,1,58.53,85.0,55.0,46.02,55.54,58.53,0.0,0.0,0.0,45.0,54.2,0.0,0.0,0.0,120.0,55.54,0.0,0.88,0.0,0.0,0.0,33.51,0.0,51.3,53.11,78.28,44.63
2018-01-06 13:45:00,2,1,58.54,85.0,55.0,46.04,55.53,58.54,0.0,0.0,0.0,45.0,54.18,0.0,0.0,0.0,120.0,55.53,0.0,0.88,0.0,0.0,0.0,33.54,0.0,51.25,53.04,78.31,44.6
2018-01-06 13:46:00,2,1,58.55,85.0,55.0,46.06,55.52,58.55,0.0,0.0,0.0,45.0,54.16,0.0,0.0,0.0,120.0,55.52,0.0,0.88,0.0,0.0,0.0,33.57,0.0,51.2,52.96,78.34,44.57
2018-01-06 13:47:00,2,1,58.56,85.0,55.0,46.08,55.51,58.56,0.0,0.0,0.0,45.0,54.14,0.0,0.0,0.0,120.0,55.51,0.0,0.88,0.0,0.0,0.0,33.61,0.0,51.16,52.89,78.37,44.55
2018-01-06 13:48:00,2,1,58.57,85.0,55.0,46.1,55.49,58.57,0.0,0.0,0.0,45.0,54.12,0.0,0.0,0.0,120.0,55.49,0.0,0.88,0.0,0.0,0.0,33.64,0.0,51.11,52.81,78.41,44.52
2018-01-06 13:49:00,2,1,58.58,85.0,55.0,46.12,55.48,58.58,0.0,0.0,0.0,45.0,54.1,0.0,0.0,0.0,120.0,55.48,0.0,0.88,0.0,0.0,0.0,33.67,0.0,51.06,52.74,78.44,44.5
2018-01-06 13:50:00,2,1,58.59,85.0,55.0,46.14,55.47,58.59,0.0,0.0,0.0,45.0,54.08,0.0,0.0,0.0,120.0,55.47,0.0,0.88,0.0,0.0,0.0,33.7,0.0,51.02,52.67,78.47,44.47
2018-01-06 13:51:00,2,1,58.6,85.0,55.0,46.16,55.46,58.6,0.0,0.0,0.0,45.0,54.06,0.0,0.0,0.0,120.0,55.46,0.0,0.88,0.0,0.0,0.0,33.73,0.0,50.97,52.6,78.5,44.45
2018-01-06 13:52:00,2,1,58.6,85.0,55.0,46.18,55.44,58.6,0.0,0.0,0.0,45.0,54.04,0.0,0.0,0.0,120.0,55.44,0.0,0.88,0.0,0.0,0.0,33.75,0.0,50.93,52.53,78.54,44.43
2018-01-06 13:53:00,2,1,58.61,85.0,55.0,46.2,55.43,58.61,0.0,0.0,0.0,45.0,54.02,0.0,0.0,0.0,120.0,55.43,0.0,0.88,0.0,0.0,0.0,33.78,0.0,50.88,52.47,78.57,44.41
2018-01-06 13:54:00,2,1,58.62,85.0,55.0,46.21,55.42,58.62,0.0,0.0,0.0,45.0,54.0,0.0,0.0,0.0,120.0,55.42,0.0,0.88,0.0,0.0,0.0,33.81,0.0,50.84,52.4,78.61,44.38
2018-01-06 13:55:00,2,1,58.62,85.0,55.0,46.23,55.41,58.62,0.0,0.0,0.0,45.0,53.98,0.0,0.0,0.0,120.0,55.41,0.0,0.88,0.0,0.0,0.0,33.84,0.0,50.8,52.34,78.64,44.36
2018-01-06 13:56:00,2,1,58.63,85.0,55.0,46.25,55.4,58.63,0.0,0.0,0.0,45.0,53.96,0.0,0.0,0.0,120.0,55.4,0.0,0.88,0.0,0.0,0.0,33.87,0.0,50.76,52.27,78.68,44.34
2018-01-06 13:57:00,2,1,58.63,85.0,55.0,46.26,55.38,58.63,0.0,0.0,0.0,45.0,53.94,0.0,0.0,0.0,120.0,55.38,0.0,0.88,0.0,0.0,0.0,33.89,0.0,50.72,52.21,78.71,44.32
2018-01-06 13:58:00,2,1,58.64,85.0,55.0,46.28,55.37,58.64,0.0,0.0,0.0,45.0,53.92,0.0,0.0,0.0,120.0,55.37,0.0,0.88,0.0,0.0,0.0,33.92,0.0,50.68,52.15,78.74,44.3
2018-01-06 13:59:00,2,1,58.64,85.0,55.0,46.29,55.36,58.64,0.0,0.0,0.0,45.0,53.9,0.0,0.0,0.0,120.0,55.36,0.0,0.88,0.0,0.0,0.0,33.94,0.0,50.64,52.09,78.78,44.28
2018-01-06 14:00:00,2,1,58.65,85.0,55.0,46.31,55.34,58.65,0.0,0.0,0.0,45.0,53.88,0.0,0.0,0.0,120.0,55.34,0.0,0.88,0.0,0.0,0.0,33.97,0.0,50.6,52.03,78.82,44.27
2018-01-06 14:01:00,2,1,58.65,85.0,55.0,46.32,55.33,58.65,0.0,0.0,0.0,45.0,53.86,0.0,0.0,0.0,120.0,55.33,0.0,0.88,0.0,0.0,0.0,33.98,0.0,50.58,52.0,78.85,44.25
2018-01-06 14:02:00,2,1,58.66,85.0,55.0,46.33,55.32,58.66,0.0,0.0,0.0,45.0,53.84,0.0,0.0,0.0,120.0,55.32,0.0,0.88,0.0,0.0,0.0,34.0,0.0,50.55,51.98,78.89,44.23
2018-01-06 14:03:00,2,1,58.66,85.0,55.0,46.33,55.31,58.66,0.0,0.0,0.0,45.0,53.82,0.0,0.0,0.0,120.0,55.31,0.0,0.88,0.0,0.0,0.0,34.01,0.0,50.53,51.96,78.92,44.21
2018-01-06 14:04:00,2,1,58.67,85.0,55.0,46.34,55.29,58.67,0.0,0.0,0.0,45.0,53.8,0.0,0.0,0.0,120.0,55.29,0.0,0.88,0.0,0.0,0.0,34.02,0.0,50.51,51.94,78.96,44.19
2018-01-06 14:05:00,2,1,58.67,85.0,55.0,46.35,55.28,58.67,0.0,0.0,0.0,45.0,53.78,0.0,0.0,0.0,120.0,55.28,0.0,0.88,0.0,0.0,0.0,34.02,0.0,50.49,51.93,78.99,44.18
2018-01-06 14:06:00,2,1,58.67,85.0,55.0,46.35,55.27,58.67,0.0,0.0,0.0,45.0,53.76,0.0,0.0,0.0,120.0,55.27,0.0,0.88,0.0,0.0,0.0,34.03,0.0,50.47,51.91,79.03,44.16
2018-01-06 14:07:00,2,1,58.68,85.0,55.0,46.36,55.25,58.68,0.0,0.0,0.0,45.0,53.74,0.0,0.0,0.0,120.0,55.25,0.0,0.88,0.0,0.0,0.0,34.04,0.0,50.45,51.9,79.07,44.14
2018-01-06 14:08:00,2,1,58.68,85.0,55.0,46.37,55.24,58.68,0.0,0.0,0.0,45.0,53.72,0.0,0.0,0.0,120.0,55.24,0.0,0.88,0.0,0.0,0.0,34.05,0.0,50.44,51.89,79.1,44.12
2018-01-06 14:09:00,2,1,58.69,85.0,55.0,46.37,55.23,58.69,0.0,0.0,0.0,45.0,53.71,0.0,0.0,0.0,120.0,55.23,0.0,0.88,0.0,0.0,0.0,34.05,0.0,50.42,51.88,79.14,44.11
2018-01-06 14:10:00,2,1,58.69,85.0,55.0,46.38,55.21,58.69,0.0,0.0,0.0,45.0,53.69,0.0,0.0,0.0,120.0,55.21,0.0,0.88,0.0,0.0,0.0,34.06,0.0,50.4,51.87,79.18,44.09
2018-01-06 14:11:00,2,1,58.69,85.0,55.0,46.38,55.2,58.69,0.0,0.0,0.0,45.0,53.67,0.0,0.0,0.0,120.0,55.2,0.0,0.88,0.0,0.0,0.0,34.07,0.0,50.38,51.86,79.22,44.07
2018-01-06 14:12:00,2,1,58.7,85.0,55.0,46.38,55.19,58.7,0.0,0.0,0.0,45.0,53.65,0.0,0.0,0.0,120.0,55.19,0.0,0.88,0.0,0.0,0.0,34.07,0.0,50.37,51.85,79.25,44.05
2018-01-06 14:13:00,2,1,58.7,85.0,55.0,46.39,55.17,58.7,0.0,0.0,0.0,45.0,53.63,0.0,0.0,0.0,120.0,55.17,0.0,0.88,0.0,0.0,0.0,34.08,0.0,50.35,51.85,79.29,44.04
2018-01-06 14:14:00,2,1,58.7,85.0,55.0,46.39,55.16,58.7,0.0,0.0,0.0,45.0,53.61,0.0,0.0,0.0,120.0,55.16,0.0,0.88,0.0,0.0,0.0,34.08,0.0,50.34,51.84,79.33,44.02
2018-01-06 14:15:00,2,1,58.71,85.0,55.0,46.4,55.15,58.71,0.0,0.0,0.0,45.0,53.59,0.0,0.0,0.0,120.0,55.15,0.0,0.88,0.0,0.0,0.0,34.09,0.0,50.32,51.84,79.37,44.0
2018-01-06 14:16:00,2,1,58.71,85.0,55.0,46.4,55.13,58.71,0.0,0.0,0.0,45.0,53.57,0.0,0.0,0.0,120.0,55.13,0.0,0.88,0.0,0.0,0.0,34.09,0.0,50.31,51.83,79.4,43.99
2018-01-06 14:17:00,2,1,58.71,85.0,55.0,46.4,55.12,58.71,0.0,0.0,0.0,45.0,53.56,0.0,0.0,0.0,120.0,55.12,0.0,0.88,0.0,0.0,0.0,34.09,0.0,50.29,51.83,79.44,43.97
2018-01-06 14:18:00,2,1,58.71,85.0,55.0,46.41,55.11,58.71,0.0,0.0,0.0,45.0,53.54,0.0,0.0,0.0,120.0,55.11,0.0,0.88,0.0,0.0,0.0,34.1,0.0,50.28,51.83,79.48,43.96
2018-01-06 14:19:00,2,1,58.72,85.0,55.0,46.41,55.09,58.72,0.0,0.0,0.0,45.0,53.52,0.0,0.0,0.0,120.0,55.09,0.0,0.88,0.0,0.0,0.0,34.1,0.0,50.27,51.82,79.52,43.94
2018-01-06 14:20:00,2,1,58.72,85.0,55.0,46.41,55.08,58.72,0.0,0.0,0.0,45.0,53.5,0.0,0.0,0.0,120.0,55.08,0.0,0.88,0.0,0.0,0.0,34.1,0.0,50.26,51.82,79.56,43.93
2018-01-06 14:21:00,2,1,58.72,85.0,55.0,46.41,55.06,58.72,0.0,0.0,0.0,45.0,53.48,0.0,0.0,0.0,120.0,55.06,0.0,0.88,0.0,0.0,0.0,34.1,0.0,50.25,51.82,79.6,43.91
2018-01-06 14:22:00,2,1,58.72,85.0,55.0,46.41,55.05,58.72,0.0,0.0,0.0,45.0,53.46,0.0,0.0,0.0,120.0,55.05,0.0,0.88,0.0,0.0,0.0,34.1,0.0,50.23,51.82,79.64,43.9
2018-01-06 14:23:00,2,1,58.72,85.0,55.0,46.41,55.04,58.72,0.0,0.0,0.0,45.0,53.45,0.0,0.0,0.0,120.0,55.04,0.0,0.88,0.0,0.0,0.0,34.11,0.0,50.22,51.82,79.68,43.89
2018-01-06 14:24:00,2,1,58.72,85.0,55.0,46.41,55.02,58.72,0.0,0.0,0.0,45.0,53.43,0.0,0.0,0.0,120.0,55.02,0.0,0.88,0.0,0.0,0.0,34.11,0.0,50.21,51.83,79.71,43.87
2018-01-06 14:25:00,2,1,58.72,85.0,55.0,46.42,55.01,58.72,0.0,0.0,0.0,45.0,53.41,0.0,0.0,0.0,120.0,55.01,0.0,0.88,0.0,0.0,0.0,34.11,0.0,50.2,51.83,79.75,43.86
2018-01-06 14:26:00,2,1,58.72,85.0,55.0,46.42,55.0,58.72,0.0,0.0,0.0,45.0,53.39,0.0,0.0,0.0,120.0,55.0,0.0,0.88,0.0,0.0,0.0,34.11,0.0,50.2,51.83,79.79,43.85
2018-01-06 14:27:00,2,1,58.72,85.0,55.0,46.42,54.98,58.72,0.0,0.0,0.0,45.0,53.37,0.0,0.0,0.0,120.0,54.98,0.0,0.88,0.0,0.0,0.0,34.11,0.0,50.19,51.83,79.83,43.83
2018-01-06 14:28:00,2,1,58.72,85.0,55.0,46.42,54.97,58.72,0.0,0.0,0.0,45.0,53.36,0.0,0.0,0.0,120.0,54.97,0.0,0.88,0.0,0.0,0.0,34.11,0.0,50.18,51.84,79.87,43.82
2018-01-06 14:29:00,2,1,58.72,85.0,55.0,46.41,54.95,58.72,0.0,0.0,0.0,45.0,53.34,0.0,0.0,0.0,120.0,54.95,0.0,0.88,0.0,0.0,0.0,34.11,0.0,50.17,51.84,79.91,43.81
2018-01-06 14:30:00,2,1,58.72,85.0,55.0,46.41,54.94,58.72,0.0,0.0,0.0,45.0,53.32,0.0,0.0,0.0,120.0,54.94,0.0,0.88,0.0,0.0,0.0,34.1,0.0,50.16,51.84,79.95,43.8
2018-01-06 14:31:00,2,1,58.72,85.0,55.0,46.41,54.92,58.72,0.0,0.0,0.0,45.0,53.3,0.0,0.0,0.0,120.0,54.92,0.0,0.88,0.0,0.0,0.0,34.1,0.0,50.16,51.85,79.99,43.79
2018-01-06 14:32:00,2,1,58.72,85.0,55.0,46.41,54.91,58.72,0.0,0.0,0.0,45.0,53.29,0.0,0.0,0.0,120.0,54.91,0.0,0.88,0.0,0.0,0.0,34.1,0.0,50.15,51.85,80.03,43.78
2018-01-06 14:33:00,2,1,58.72,85.0,55.0,46.41,54.9,58.72,0.0,0.0,0.0,45.0,53.27,0.0,0.0,0.0,120.0,54.9,0.0,0.88,0.0,0.0,0.0,34.1,0.0,50.14,51.86,80.07,43.77
2018-01-06 14:34:00,2,1,58.72,85.0,55.0,46.41,54.88,58.72,0.0,0.0,0.0,45.0,53.25,0.0,0.0,0.0,120.0,54.88,0.0,0.88,0.0,0.0,0.0,34.1,0.0,50.14,51.86,80.12,43.76
2018-01-06 14:35:00,2,1,58.72,85.0,55.0,46.41,54.87,58.72,0.0,0.0,0.0,45.0,53.23,0.0,0.0,0.0,120.0,54.87,0.0,0.88,0.0,0.0,0.0,34.09,0.0,50.13,51.87,80.16,43.75
2018-01-06 14:36:00,2,1,58.72,85.0,55.0,46.4,54.85,58.72,0.0,0.0,0.0,45.0,53.21,0.0,0.0,0.0,120.0,54.85,0.0,0.88,0.0,0.0,0.0,34.09,0.0,50.13,51.88,80.2,43.74
2018-01-06 14:37:00,2,1,58.71,85.0,55.0,46.4,54.84,58.71,0.0,0.0,0.0,45.0,53.2,0.0,0.0,0.0,120.0,54.84,0.0,0.88,0.0,0.0,0.0,34.09,0.0,50.12,51.88,80.24,43.73
2018-01-06 14:38:00,2,1,58.71,85.0,55.0,46.4,54.82,58.71,0.0,0.0,0.0,45.0,53.18,0.0,0.0,0.0,120.0,54.82,0.0,0.88,0.0,0.0,0.0,34.09,0.0,50.12,51.89,80.28,43.72
2018-01-06 14:39:00,2,1,58.71,85.0,55.0,46.4,54.81,58.71,0.0,0.0,0.0,45.0,53.16,0.0,0.0,0.0,120.0,54.81,0.0,0.88,0.0,0.0,0.0,34.08,0.0,50.11,51.89,80.32,43.71
2018-01-06 14:40:00,2,1,58.71,85.0,55.0,46.39,54.8,58.71,0.0,0.0,0.0,45.0,53.14,0.0,0.0,0.0,120.0,54.8,0.0,0.88,0.0,0.0,0.0,34.08,0.0,50.11,51.9,80.36,43.7
2018-01-06 14:41:00,2,1,58.7,85.0,55.0,46.39,54.78,58.7,0.0,0.0,0.0,45.0,53.13,0.0,0.0,0.0,120.0,54.78,0.0,0.88,0.0,0.0,0.0,34.08,0.0,50.1,51.91,80.4,43.7
2018-01-06 14:42:00,2,1,58.7,85.0,55.0,46.39,54.77,58.7,0.0,0.0,0.0,45.0,53.11,0.0,0.0,0.0,120.0,54.77,0.0,0.88,0.0,0.0,0.0,34.07,0.0,50.1,51.91,80.45,43.69
2018-01-06 14:43:00,2,1,58.7,85.0,55.0,46.38,54.75,58.7,0.0,0.0,0.0,45.0,53.09,0.0,0.0,0.0,120.0,54.75,0.0,0.88,0.0,0.0,0.0,34.07,0.0,50.1,51.92,80.49,43.68
2018-01-06 14:44:00,2,1,58.69,85.0,55.0,46.38,54.74,58.69,0.0,0.0,0.0,45.0,53.08,0.0,0.0,0.0,120.0,54.74,0.0,0.88,0.0,0.0,0.0,34.06,0.0,50.09,51.93,80.53,43.67
2018-01-06 14:45:00,2,1,58.69,85.0,55.0,46.37,54.72,58.69,0.0,0.0,0.0,45.0,53.06,0.0,0.0,0.0,120.0,54.72,0.0,0.88,0.0,0.0,0.0,34.06,0.0,50.09,51.93,80.57,43.67
2018-01-06 14:46:00,2,1,58.68,85.0,55.0,46.37,54.71,58.68,0.0,0.0,0.0,45.0,53.04,0.0,0.0,0.0,120.0,54.71,0.0,0.88,0.0,0.0,0.0,34.05,0.0,50.09,51.94,80.61,43.66
2018-01-06 14:47:00,2,1,58.68,85.0,55.0,46.37,54.69,58.68,0.0,0.0,0.0,45.0,53.02,0.0,0.0,0.0,120.0,54.69,0.0,0.88,0.0,0.0,0.0,34.05,0.0,50.09,51.95,80.66,43.66
2018-01-06 14:48:00,2,1,58.67,85.0,55.0,46.36,54.68,58.67,0.0,0.0,0.0,45.0,53.01,0.0,0.0,0.0,120.0,54.68,0.0,0.88,0.0,0.0,0.0,34.05,0.0,50.09,51.95,80.7,43.65
2018-01-06 14:49:00,2,1,58.67,85.0,55.0,46.36,54.67,58.67,0.0,0.0,0.0,45.0,52.99,0.0,0.0,0.0,120.0,54.67,0.0,0.88,0.0,0.0,0.0,34.04,0.0,50.08,51.96,80.74,43.65
2018-01-06 14:50:00,2,1,58.66,85.0,55.0,46.35,54.65,58.66,0.0,0.0,0.0,45.0,52.97,0.0,0.0,0.0,120.0,54.65,0.0,0.88,0.0,0.0,0.0,34.04,0.0,50.08,51.96,80.78,43.64
2018-01-06 14:51:00,2,1,58.66,85.0,55.0,46.34,54.64,58.66,0.0,0.0,0.0,45.0,52.96,0.0,0.0,0.0,120.0,54.64,0.0,0.88,0.0,0.0,0.0,34.03,0.0,50.08,51.97,80.82,43.64
2018-01-06 14:52:00,2,1,58.65,85.0,55.0,46.34,54.62,58.65,0.0,0.0,0.0,45.0,52.94,0.0,0.0,0.0,120.0,54.62,0.0,0.88,0.0,0.0,0.0,34.03,0.0,50.08,51.98,80.87,43.63
2018-01-06 14:53:00,2,1,58.65,85.0,55.0,46.33,54.61,58.65,0.0,0.0,0.0,45.0,52.92,0.0,0.0,0.0,120.0,54.61,0.0,0.88,0.0,0.0,0.0,34.02,0.0,50.08,51.98,80.91,43.63
2018-01-06 14:54:00,2,1,58.64,85.0,55.0,46.33,54.59,58.64,0.0,0.0,0.0,45.0,52.9,0.0,0.0,0.0,120.0,54.59,0.0,0.88,0.0,0.0,0.0,34.02,0.0,50.08,51.98,80.95,43.63
2018-01-06 14:55:00,2,1,58.63,85.0,55.0,46.32,54.58,58.63,0.0,0.0,0.0,45.0,52.89,0.0,0.0,0.0,120.0,54.58,0.0,0.88,0.0,0.0,0.0,34.01,0.0,50.08,51.99,81.0,43.62
2018-01-06 14:56:00,2,1,58.63,85.0,55.0,46.32,54.56,58.63,0.0,0.0,0.0,45.0,52.87,0.0,0.0,0.0,120.0,54.56,0.0,0.88,0.0,0.0,0.0,34.0,0.0,50.08,51.99,81.04,43.62
2018-01-06 14:57:00,2,1,58.62,85.0,55.0,46.31,54.55,58.62,0.0,0.0,0.0,45.0,52.85,0.0,0.0,0.0,120.0,54.55,0.0,0.88,0.0,0.0,0.0,34.0,0.0,50.07,52.0,81.08,43.62
2018-01-06 14:58:00,2,1,58.61,85.0,55.0,46.3,54.53,58.61,0.0,0.0,0.0,45.0,52.84,0.0,0.0,0.0,120.0,54.53,0.0,0.88,0.0,0.0,0.0,33.99,0.0,50.07,52.0,81.13,43.62
2018-01-06 14:59:00,2,1,58.61,85.0,55.0,46.3,54.52,58.61,0.0,0.0,0.0,45.0,52.82,0.0,0.0,0.0,120.0,54.52,0.0,0.88,0.0,0.0,0.0,33.99,0.0,50.07,52.0,81.17,43.61
2018-01-06 15:00:00,2,1,58.6,85.0,55.0,46.29,54.5,58.6,0.0,0.0,0.0,45.0,52.8,0.0,0.0,0.0,120.0,54.5,0.0,0.88,0.0,0.0,0.0,33.98,0.0,50.07,52.0,81.21,43.61
2018-01-06 15:01:00,2,1,58.59,85.0,55.0,46.29,54.49,58.59,0.0,0.0,0.0,45.0,52.79,0.0,0.0,0.0,120.0,54.49,0.0,0.88,0.0,0.0,0.0,33.99,0.0,50.06,51.98,81.26,43.61
2018-01-06 15:02:00,2,1,58.58,85.0,55.0,46.29,54.47,58.58,0.0,0.0,0.0,45.0,52.77,0.0,0.0,0.0,120.0,54.47,0.0,0.88,0.0,0.0,0.0,34.0,0.0,50.04,51.93,81.3,43.61
2018-01-06 15:03:00,2,1,58.58,85.0,55.0,46.29,54.46,58.58,0.0,0.0,0.0,45.0,52.75,0.0,0.0,0.0,120.0,54.46,0.0,0.88,0.0,0.0,0.0,34.01,0.0,50.03,51.89,81.34,43.61
2018-01-06 15:04:00,2,1,58.57,85.0,55.0,46.29,54.44,58.57,0.0,0.0,0.0,45.0,52.74,0.0,0.0,0.0,120.0,54.44,0.0,0.88,0.0,0.0,0.0,34.02,0.0,50.01,51.84,81.39,43.61
2018-01-06 15:05:00,2,1,58.56,85.0,55.0,46.29,54.43,58.56,0.0,0.0,0.0,45.0,52.72,0.0,0.0,0.0,120.0,54.43,0.0,0.88,0.0,0.0,0.0,34.03,0.0,49.99,51.8,81.43,43.61
2018-01-06 15:06:00,2,1,58.55,85.0,55.0,46.29,54.41,58.55,0.0,0.0,0.0,45.0,52.7,0.0,0.0,0.0,120.0,54.41,0.0,0.88,0.0,0.0,0.0,34.04,0.0,49.97,51.75,81.48,43.61
2018-01-06 15:07:00,2,1,58.54,85.0,55.0,46.3,54.4,58.54,0.0,0.0,0.0,45.0,52.69,0.0,0.0,0.0,120.0,54.4,0.0,0.88,0.0,0.0,0.0,34.05,0.0,49.95,51.7,81.52,43.61
2018-01-06 15:08:00,2,1,58.53,85.0,55.0,46.3,54.38,58.53,0.0,0.0,0.0,45.0,52.67,0.0,0.0,0.0,120.0,54.38,0.0,0.88,0.0,0.0,0.0,34.06,0.0,49.94,51.65,81.57,43.61
2018-01-06 15:09:00,2,1,58.52,85.0,55.0,46.3,54.37,58.52,0.0,0.0,0.0,45.0,52.65,0.0,0.0,0.0,120.0,54.37,0.0,0.88,0.0,0.0,0.0,34.07,0.0,49.92,51.61,81.61,43.61
2018-01-06 15:10:00,2,1,58.51,85.0,55.0,46.3,54.35,58.51,0.0,0.0,0.0,45.0,52.64,0.0,0.0,0.0,120.0,54.35,0.0,0.88,0.0,0.0,0.0,34.08,0.0,49.9,51.56,81.65,43.61
2018-01-06 15:11:00,2,1,58.5,85.0,55.0,46.3,54.34,58.5,0.0,0.0,0.0,45.0,52.62,0.0,0.0,0.0,120.0,54.34,0.0,0.88,0.0,0.0,0.0,34.09,0.0,49.88,51.51,81.7,43.62
2018-01-06 15:12:00,2,1,58.49,85.0,55.0,46.3,54.32,58.49,0.0,0.0,0.0,45.0,52.6,0.0,0.0,0.0,120.0,54.32,0.0,0.88,0.0,0.0,0.0,34.1,0.0,49.87,51.46,81.74,43.62
2018-01-06 15:13:00,2,1,58.48,85.0,55.0,46.3,54.31,58.48,0.0,0.0,0.0,45.0,52.59,0.0,0.0,0.0,120.0,54.31,0.0,0.88,0.0,0.0,0.0,34.11,0.0,49.85,51.42,81.79,43.62
2018-01-06 15:14:00,2,1,58.47,85.0,55.0,46.3,54.29,58.47,0.0,0.0,0.0,45.0,52.57,0.0,0.0,0.0,120.0,54.29,0.0,0.88,0.0,0.0,0.0,34.12,0.0,49.83,51.37,81.83,43.62
2018-01-06 15:15:00,2,1,58.46,85.0,55.0,46.29,54.28,58.46,0.0,0.0,0.0,45.0,52.56,0.0,0.0,0.0,120.0,54.28,0.0,0.88,0.0,0.0,0.0,34.13,0.0,49.82,51.32,81.88,43.63
2018-01-06 15:16:00,2,1,58.45,85.0,55.0,46.29,54.26,58.45,0.0,0.0,0.0,45.0,52.54,0.0,0.0,0.0,120.0,54.26,0.0,0.88,0.0,0.0,0.0,34.14,0.0,49.8,51.27,81.92,43.63
2018-01-06 15:17:00,2,1,58.44,85.0,55.0,46.29,54.25,58.44,0.0,0.0,0.0,45.0,52.52,0.0,0.0,0.0,120.0,54.25,0.0,0.88,0.0,0.0,0.0,34.15,0.0,49.79,51.23,81.97,43.63
2018-01-06 15:18:00,2,1,58.42,85.0,55.0,46.29,54.23,58.42,0.0,0.0,0.0,45.0,52.51,0.0,0.0,0.0,120.0,54.23,0.0,0.88,0.0,0.0,0.0,34.16,0.0,49.77,51.18,82.01,43.64
2018-01-06 15:19:00,2,1,58.41,85.0,55.0,46.29,54.22,58.41,0.0,0.0,0.0,45.0,52.49,0.0,0.0,0.0,120.0,54.22,0.0,0.88,0.0,0.0,0.0,34.16,0.0,49.76,51.13,82.06,43.64
2018-01-06 15:20:00,2,1,58.4,85.0,55.0,46.29,54.2,58.4,0.0,0.0,0.0,45.0,52.48,0.0,0.0,0.0,120.0,54.2,0.0,0.88,0.0,0.0,0.0,34.17,0.0,49.74,51.09,82.1,43.65
2018-01-06 15:21:00,2,1,58.39,85.0,55.0,46.28,54.19,58.39,0.0,0.0,0.0,45.0,52.46,0.0,0.0,0.0,120.0,54.19,0.0,0.88,0.0,0.0,0.0,34.18,0.0,49.73,51.04,82.15,43.65
2018-01-06 15:22:00,2,1,58.38,85.0,55.0,46.28,54.17,58.38,0.0,0.0,0.0,45.0,52.44,0.0,0.0,0.0,120.0,54.17,0.0,0.88,0.0,0.0,0.0,34.19,0.0,49.71,50.99,82.19,43.66
2018-01-06 15:23:00,2,1,58.36,85.0,55.0,46.28,54.16,58.36,0.0,0.0,0.0,45.0,52.43,0.0,0.0,0.0,120.0,54.16,0.0,0.88,0.0,0.0,0.0,34.19,0.0,49.7,50.95,82.24,43.66
2018-01-06 15:24:00,2,1,58.35,85.0,55.0,46.27,54.14,58.35,0.0,0.0,0.0,45.0,52.41,0.0,0.0,0.0,120.0,54.14,0.0,0.88,0.0,0.0,0.0,34.2,0.0,49.69,50.91,82.28,43.67
2018-01-06 15:25:00,2,1,58.34,85.0,55.0,46.27,54.13,58.34,0.0,0.0,0.0,45.0,52.4,0.0,0.0,0.0,120.0,54.13,0.0,0.88,0.0,0.0,0.0,34.2,0.0,49.68,50.86,82.33,43.68
2018-01-06 15:26:00,2,1,58.32,85.0,55.0,46.27,54.11,58.32,0.0,0.0,0.0,45.0,52.38,0.0,0.0,0.0,120.0,54.11,0.0,0.88,0.0,0.0,0.0,34.21,0.0,49.66,50.82,82.38,43.68
2018-01-06 15:27:00,2,1,58.31,85.0,55.0,46.26,54.1,58.31,0.0,0.0,0.0,45.0,52.37,0.0,0.0,0.0,120.0,54.1,0.0,0.88,0.0,0.0,0.0,34.21,0.0,49.65,50.77,82.42,43.69
2018-01-06 15:28:00,2,1,58.3,85.0,55.0,46.26,54.08,58.3,0.0,0.0,0.0,45.0,52.35,0.0,0.0,0.0,120.0,54.08,0.0,0.88,0.0,0.0,0.0,34.22,0.0,49.64,50.73,82.47,43.7
2018-01-06 15:29:00,2,1,58.28,85.0,55.0,46.25,54.07,58.28,0.0,0.0,0.0,45.0,52.33,0.0,0.0,0.0,120.0,54.07,0.0,0.88,0.0,0.0,0.0,34.22,0.0,49.63,50.69,82.51,43.71
2018-01-06 15:30:00,2,1,58.27,85.0,55.0,46.25,54.05,58.27,0.0,0.0,0.0,45.0,52.32,0.0,0.0,0.0,120.0,54.05,0.0,0.88,0.0,0.0,0.0,34.23,0.0,49.62,50.65,82.56,43.71
2018-01-06 15:31:00,2,1,58.25,85.0,55.0,46.24,54.04,58.25,0.0,0.0,0.0,45.0,52.3,0.0,0.0,0.0,120.0,54.04,0.0,0.88,0.0,0.0,0.0,34.23,0.0,49.61,50.61,82.61,43.72
2018-01-06 15:32:00,2,1,58.24,85.0,55.0,46.23,54.02,58.24,0.0,0.0,0.0,45.0,52.29,0.0,0.0,0.0,120.0,54.02,0.0,0.88,0.0,0.0,0.0,34.23,0.0,49.6,50.57,82.65,43.73
2018-01-06 15:33:00,2,1,58.22,85.0,55.0,46.23,54.01,58.22,0.0,0.0,0.0,45.0,52.27,0.0,0.0,0.0,120.0,54.01,0.0,0.88,0.0,0.0,0.0,34.23,0.0,49.6,50.53,82.7,43.74
2018-01-06 15:34:00,2,1,58.21,85.0,55.0,46.22,53.99,58.21,0.0,0.0,0.0,45.0,52.26,0.0,0.0,0.0,120.0,53.99,0.0,0.88,0.0,0.0,0.0,34.23,0.0,49.59,50.5,82.74,43.75
2018-01-06 15:35:00,2,1,58.19,85.0,55.0,46.21,53.98,58.19,0.0,0.0,0.0,45.0,52.24,0.0,0.0,0.0,120.0,53.98,0.0,0.88,0.0,0.0,0.0,34.23,0.0,49.58,50.46,82.79,43.76
2018-01-06 15:36:00,2,1,58.18,85.0,55.0,46.2,53.96,58.18,0.0,0.0,0.0,45.0,52.22,0.0,0.0,0.0,120.0,53.96,0.0,0.88,0.0,0.0,0.0,34.23,0.0,49.58,50.42,82.84,43.77
2018-01-06 15:37:00,2,1,58.16,85.0,55.0,46.2,53.95,58.16,0.0,0.0,0.0,45.0,52.21,0.0,0.0,0.0,120.0,53.95,0.0,0.88,0.0,0.0,0.0,34.23,0.0,49.57,50.39,82.88,43.78
2018-01-06 15:38:00,2,1,58.14,85.0,55.0,46.19,53.93,58.14,0.0,0.0,0.0,45.0,52.19,0.0,0.0,0.0,120.0,53.93,0.0,0.88,0.0,0.0,0.0,34.23,0.0,49.57,50.36,82.93,43.79
2018-01-06 15:39:00,2,1,58.13,85.0,55.0,46.18,53.92,58.13,0.0,0.0,0.0,45.0,52.18,0.0,0.0,0.0,120.0,53.92,0.0,0.88,0.0,0.0,0.0,34.23,0.0,49.56,50.33,82.98,43.8
2018-01-06 15:40:00,2,1,58.11,85.0,55.0,46.17,53.9,58.11,0.0,0.0,0.0,45.0,52.16,0.0,0.0,0.0,120.0,53.9,0.0,0.88,0.0,0.0,0.0,34.23,0.0,49.56,50.29,83.02,43.81
2018-01-06 15:41:00,2,1,58.09,85.0,55.0,46.16,53.89,58.09,0.0,0.0,0.0,45.0,52.15,0.0,0.0,0.0,120.0,53.89,0.0,0.88,0.0,0.0,0.0,34.22,0.0,49.56,50.27,83.07,43.82
2018-01-06 15:42:00,2,1,58.08,85.0,55.0,46.15,53.87,58.08,0.0,0.0,0.0,45.0,52.13,0.0,0.0,0.0,120.0,53.87,0.0,0.88,0.0,0.0,0.0,34.22,0.0,49.56,50.24,83.12,43.83
2018-01-06 15:43:00,2,1,58.06,85.0,55.0,46.14,53.86,58.06,0.0,0.0,0.0,45.0,52.12,0.0,0.0,0.0,120.0,53.86,0.0,0.88,0.0,0.0,0.0,34.21,0.0,49.56,50.21,83.16,43.85
2018-01-06 15:44:00,2,1,58.04,85.0,55.0,46.12,53.84,58.04,0.0,0.0,0.0,45.0,52.1,0.0,0.0,0.0,120.0,53.84,0.0,0.88,0.0,0.0,0.0,34.21,0.0,49.56,50.18,83.21,43.86
2018-01-06 15:45:00,2,1,58.02,85.0,55.0,46.11,53.83,58.02,0.0,0.0,0.0,45.0,52.09,0.0,0.0,0.0,120.0,53.83,0.0,0.88,0.0,0.0,0.0,34.2,0.0,49.56,50.16,83.26,43.87
2018-01-06 15:46:00,2,1,58.01,85.0,55.0,46.1,53.81,58.01,0.0,0.0,0.0,45.0,52.07,0.0,0.0,0.0,120.0,53.81,0.0,0.88,0.0,0.0,0.0,34.19,0.0,49.56,50.14,83.3,43.89
2018-01-06 15:47:00,2,1,57.99,85.0,55.0,46.09,53.79,57.99,0.0,0.0,0.0,45.0,52.05,0.0,0.0,0.0,120.0,53.79,0.0,0.88,0.0,0.0,0.0,34.18,0.0,49.56,50.12,83.35,43.9
2018-01-06 15:48:00,2,1,57.97,85.0,55.0,46.07,53.78,57.97,0.0,0.0,0.0,45.0,52.04,0.0,0.0,0.0,120.0,53.78,0.0,0.88,0.0,0.0,0.0,34.17,0.0,49.56,50.1,83.4,43.91
2018-01-06 15:49:00,2,1,57.95,85.0,55.0,46.06,53.76,57.95,0.0,0.0,0.0,45.0,52.02,0.0,0.0,0.0,120.0,53.76,0.0,0.88,0.0,0.0,0.0,34.16,0.0,49.57,50.08,83.44,43.93
2018-01-06 15:50:00,2,1,57.93,85.0,55.0,46.04,53.75,57.93,0.0,0.0,0.0,45.0,52.01,0.0,0.0,0.0,120.0,53.75,0.0,0.88,0.0,0.0,0.0,34.15,0.0,49.57,50.06,83.49,43.94
2018-01-06 15:51:00,2,1,57.91,85.0,55.0,46.03,53.73,57.91,0.0,0.0,0.0,45.0,51.99,0.0,0.0,0.0,120.0,53.73,0.0,0.88,0.0,0.0,0.0,34.14,0.0,49.58,50.05,83.54,43.96
2018-01-06 15:52:00,2,1,57.89,85.0,55.0,46.01,53.72,57.89,0.0,0.0,0.0,45.0,51.98,0.0,0.0,0.0,120.0,53.72,0.0,0.88,0.0,0.0,0.0,34.13,0.0,49.59,50.03,83.59,43.97
2018-01-06 15:53:00,2,1,57.87,85.0,55.0,45.99,53.7,57.87,0.0,0.0,0.0,45.0,51.96,0.0,0.0,0.0,120.0,53.7,0.0,0.88,0.0,0.0,0.0,34.11,0.0,49.6,50.02,83.63,43.99
2018-01-06 15:54:00,2,1,57.85,85.0,55.0,45.98,53.69,57.85,0.0,0.0,0.0,45.0,51.95,0.0,0.0,0.0,120.0,53.69,0.0,0.88,0.0,0.0,0.0,34.1,0.0,49.6,50.01,83.68,44.0
2018-01-06 15:55:00,2,1,57.83,85.0,55.0,45.96,53.67,57.83,0.0,0.0,0.0,45.0,51.93,0.0,0.0,0.0,120.0,53.67,0.0,0.88,0.0,0.0,0.0,34.08,0.0,49.61,50.0,83.73,44.02
2018-01-06 15:56:00,2,1,57.81,85.0,55.0,45.94,53.66,57.81,0.0,0.0,0.0,45.0,51.92,0.0,0.0,0.0,120.0,53.66,0.0,0.88,0.0,0.0,0.0,34.07,0.0,49.63,50.0,83.77,44.04
2018-01-06 15:57:00,2,1,57.79,85.0,55.0,45.92,53.64,57.79,0.0,0.0,0.0,45.0,51.9,0.0,0.0,0.0,120.0,53.64,0.0,0.88,0.0,0.0,0.0,34.05,0.0,49.64,49.99,83.82,44.05
2018-01-06 15:58:00,2,1,57.77,85.0,55.0,45.9,53.63,57.77,0.0,0.0,0.0,45.0,51.89,0.0,0.0,0.0,120.0,53.63,0.0,0.88,0.0,0.0,0.0,34.03,0.0,49.65,49.99,83.87,44.07
2018-01-06 15:59:00,2,1,57.75,85.0,55.0,45.88,53.61,57.75,0.0,0.0,0.0,45.0,51.87,0.0,0.0,0.0,120.0,53.61,0.0,0.88,0.0,0.0,0.0,34.01,0.0,49.67,49.99,83.92,44.09
2018-01-06 16:00:00,2,1,57.73,85.0,55.0,45.86,53.6,57.73,0.0,0.0,0.0,45.0,51.85,0.0,0.0,0.0,120.0,53.6,0.0,0.88,0.0,0.0,0.0,33.99,0.0,49.68,49.99,83.97,44.11
2018-01-06 16:01:00,2,1,57.71,85.0,55.0,45.83,53.58,57.71,0.0,0.0,0.0,45.0,51.84,0.0,0.0,0.0,120.0,53.58,0.0,0.88,0.0,0.0,0.0,33.95,0.0,49.71,50.03,84.01,44.12
2018-01-06 16:02:00,2,1,57.69,85.0,55.0,45.79,53.57,57.69,0.0,0.0,0.0,45.0,51.82,0.0,0.0,0.0,120.0,53.57,0.0,0.88,0.0,0.0,0.0,33.9,0.0,49.76,50.09,84.06,44.14
2018-01-06 16:03:00,2,1,57.66,85.0,55.0,45.76,53.55,57.66,0.0,0.0,0.0,45.0,51.81,0.0,0.0,0.0,120.0,53.55,0.0,0.88,0.0,0.0,0.0,33.85,0.0,49.8,50.16,84.11,44.16
2018-01-06 16:04:00,2,1,57.64,85.0,55.0,45.72,53.54,57.64,0.0,0.0,0.0,45.0,51.79,0.0,0.0,0.0,120.0,53.54,0.0,0.88,0.0,0.0,0.0,33.8,0.0,49.85,50.23,84.16,44.18
2018-01-06 16:05:00,2,1,57.62,85.0,55.0,45.68,53.52,57.62,0.0,0.0,0.0,45.0,51.78,0.0,0.0,0.0,120.0,53.52,0.0,0.88,0.0,0.0,0.0,33.74,0.0,49.89,50.3,84.21,44.21
2018-01-06 16:06:00,2,1,57.59,85.0,55.0,45.64,53.51,57.59,0.0,0.0,0.0,45.0,51.76,0.0,0.0,0.0,120.0,53.51,0.0,0.88,0.0,0.0,0.0,33.69,0.0,49.94,50.37,84.25,44.23
2018-01-06 16:07:00,2,1,57.57,85.0,55.0,45.6,53.49,57.57,0.0,0.0,0.0,45.0,51.74,0.0,0.0,0.0,120.0,53.49,0.0,0.88,0.0,0.0,0.0,33.63,0.0,49.99,50.44,84.3,44.25
2018-01-06 16:08:00,2,1,57.54,85.0,55.0,45.56,53.48,57.54,0.0,0.0,0.0,45.0,51.73,0.0,0.0,0.0,120.0,53.48,0.0,0.88,0.0,0.0,0.0,33.58,0.0,50.04,50.52,84.35,44.28
2018-01-06 16:09:00,2,1,57.52,85.0,55.0,45.52,53.46,57.52,0.0,0.0,0.0,45.0,51.71,0.0,0.0,0.0,120.0,53.46,0.0,0.88,0.0,0.0,0.0,33.52,0.0,50.1,50.6,84.4,44.3
2018-01-06 16:10:00,2,1,57.49,85.0,55.0,45.48,53.44,57.49,0.0,0.0,0.0,45.0,51.7,0.0,0.0,0.0,120.0,53.44,0.0,0.88,0.0,0.0,0.0,33.46,0.0,50.15,50.68,84.45,44.32
2018-01-06 16:11:00,2,1,57.47,85.0,55.0,45.43,53.43,57.47,0.0,0.0,0.0,45.0,51.68,0.0,0.0,0.0,120.0,53.43,0.0,0.88,0.0,0.0,0.0,33.4,0.0,50.21,50.77,84.49,44.35
2018-01-06 16:12:00,2,1,57.44,85.0,55.0,45.39,53.41,57.44,0.0,0.0,0.0,45.0,51.67,0.0,0.0,0.0,120.0,53.41,0.0,0.88,0.0,0.0,0.0,33.34,0.0,50.26,50.85,84.54,44.38
2018-01-06 16:13:00,2,1,57.41,85.0,55.0,45.35,53.4,57.41,0.0,0.0,0.0,45.0,51.65,0.0,0.0,0.0,120.0,53.4,0.0,0.88,0.0,0.0,0.0,33.28,0.0,50.32,50.94,84.59,44.4
2018-01-06 16:14:00,2,1,57.39,85.0,55.0,45.3,53.38,57.39,0.0,0.0,0.0,45.0,51.63,0.0,0.0,0.0,120.0,53.38,0.0,0.88,0.0,0.0,0.0,33.22,0.0,50.38,51.03,84.64,44.43
2018-01-06 16:15:00,2,1,57.36,85.0,55.0,45.26,53.37,57.36,0.0,0.0,0.0,45.0,51.62,0.0,0.0,0.0,120.0,53.37,0.0,0.88,0.0,0.0,0.0,33.16,0.0,50.44,51.12,84.69,44.46
2018-01-06 16:16:00,2,1,57.33,85.0,55.0,45.21,53.35,57.33,0.0,0.0,0.0,45.0,51.6,0.0,0.0,0.0,120.0,53.35,0.0,0.88,0.0,0.0,0.0,33.1,0.0,50.5,51.22,84.74,44.48
2018-01-06 16:17:00,2,1,57.3,85.0,55.0,45.17,53.34,57.3,0.0,0.0,0.0,45.0,51.58,0.0,0.0,0.0,120.0,53.34,0.0,0.88,0.0,0.0,0.0,33.03,0.0,50.57,51.31,84.79,44.51
2018-01-06 16:18:00,2,1,57.28,85.0,55.0,45.12,53.32,57.28,0.0,0.0,0.0,45.0,51.57,0.0,0.0,0.0,120.0,53.32,0.0,0.88,0.0,0.0,0.0,32.97,0.0,50.63,51.41,84.84,44.54
2018-01-06 16:19:00,2,1,57.25,85.0,55.0,45.07,53.31,57.25,0.0,0.0,0.0,45.0,51.55,0.0,0.0,0.0,120.0,53.31,0.0,0.88,0.0,0.0,0.0,32.9,0.0,50.69,51.51,84.89,44.57
2018-01-06 16:20:00,2,1,57.22,85.0,55.0,45.03,53.29,57.22,0.0,0.0,0.0,45.0,51.53,0.0,0.0,0.0,120.0,53.29,0.0,0.88,0.0,0.0,0.0,32.84,0.0,50.76,51.61,84.93,44.6
2018-01-06 16:21:00,2,1,57.19,85.0,55.0,44.98,53.28,57.19,0.0,0.0,0.0,45.0,51.52,0.0,0.0,0.0,120.0,53.28,0.0,0.88,0.0,0.0,0.0,32.77,0.0,50.83,51.72,84.98,44.63
2018-01-06 16:22:00,2,1,57.16,85.0,55.0,44.93,53.26,57.16,0.0,0.0,0.0,45.0,51.5,0.0,0.0,0.0,120.0,53.26,0.0,0.88,0.0,0.0,0.0,32.7,0.0,50.89,51.82,85.03,44.66
2018-01-06 16:23:00,2,1,57.13,85.0,55.0,44.88,53.25,57.13,0.0,0.0,0.0,45.0,51.48,0.0,0.0,0.0,120.0,53.25,0.0,0.88,0.0,0.0,0.0,32.64,0.0,50.96,51.93,85.08,44.69
2018-01-06 16:24:00,2,1,57.1,85.0,55.0,44.84,53.23,57.1,0.0,0.0,0.0,45.0,51.47,0.0,0.0,0.0,120.0,53.23,0.0,0.88,0.0,0.0,0.0,32.57,0.0,51.03,52.04,85.13,44.72
2018-01-06 16:25:00,2,1,57.07,85.0,55.0,44.79,53.21,57.07,0.0,0.0,0.0,45.0,51.45,0.0,0.0,0.0,120.0,53.21,0.0,0.88,0.0,0.0,0.0,32.5,0.0,51.1,52.15,85.18,44.75
2018-01-06 16:26:00,2,1,57.04,85.0,55.0,44.74,53.2,57.04,0.0,0.0,0.0,45.0,51.43,0.0,0.0,0.0,120.0,53.2,0.0,0.88,0.0,0.0,0.0,32.43,0.0,51.17,52.27,85.23,44.78
2018-01-06 16:27:00,2,1,57.01,85.0,55.0,44.69,53.18,57.01,0.0,0.0,0.0,45.0,51.41,0.0,0.0,0.0,120.0,53.18,0.0,0.88,0.0,0.0,0.0,32.36,0.0,51.24,52.38,85.28,44.81
2018-01-06 16:28:00,2,1,56.98,85.0,55.0,44.64,53.17,56.98,0.0,0.0,0.0,45.0,51.4,0.0,0.0,0.0,120.0,53.17,0.0,0.88,0.0,0.0,0.0,32.3,0.0,51.32,52.5,85.33,44.85
2018-01-06 16:29:00,2,1,56.95,85.0,55.0,44.59,53.15,56.95,0.0,0.0,0.0,45.0,51.38,0.0,0.0,0.0,120.0,53.15,0.0,0.88,0.0,0.0,0.0,32.23,0.0,51.39,52.62,85.38,44.88
2018-01-06 16:30:00,2,1,56.92,85.0,55.0,44.54,53.14,56.92,0.0,0.0,0.0,45.0,51.36,0.0,0.0,0.0,120.0,53.14,0.0,0.88,0.0,0.0,0.0,32.16,0.0,51.46,52.74,85.43,44.91
2018-01-06 16:31:00,2,1,56.89,85.0,55.0,44.49,53.12,56.89,0.0,0.0,0.0,45.0,51.34,0.0,0.0,0.0,120.0,53.12,0.0,0.88,0.0,0.0,0.0,32.09,0.0,51.54,52.86,85.48,44.94
2018-01-06 16:32:00,2,1,56.86,85.0,55.0,44.44,53.11,56.86,0.0,0.0,0.0,45.0,51.33,0.0,0.0,0.0,120.0,53.11,0.0,0.88,0.0,0.0,0.0,32.02,0.0,51.61,52.99,85.53,44.98
2018-01-06 16:33:00,2,1,56.83,85.0,55.0,44.39,53.09,56.83,0.0,0.0,0.0,45.0,51.31,0.0,0.0,0.0,120.0,53.09,0.0,0.88,0.0,0.0,0.0,31.94,0.0,51.69,53.11,85.58,45.01
2018-01-06 16:34:00,2,1,56.8,85.0,55.0,44.34,53.08,56.8,0.0,0.0,0.0,45.0,51.29,0.0,0.0,0.0,120.0,53.08,0.0,0.88,0.0,0.0,0.0,31.87,0.0,51.77,53.24,85.64,45.04
2018-01-06 16:35:00,2,1,56.77,85.0,55.0,44.29,53.06,56.77,0.0,0.0,0.0,45.0,51.27,0.0,0.0,0.0,120.0,53.06,0.0,0.88,0.0,0.0,0.0,31.8,0.0,51.85,53.37,85.69,45.07
2018-01-06 16:36:00,2,1,56.74,85.0,55.0,44.24,53.04,56.74,0.0,0.0,0.0,45.0,51.25,0.0,0.0,0.0,120.0,53.04,0.0,0.88,0.0,0.0,0.0,31.73,0.0,51.92,53.5,85.74,45.11
2018-01-06 16:37:00,2,1,56.71,85.0,55.0,44.19,53.03,56.71,0.0,0.0,0.0,45.0,51.24,0.0,0.0,0.0,120.0,53.03,0.0,0.88,0.0,0.0,0.0,31.66,0.0,52.0,53.63,85.79,45.14
2018-01-06 16:38:00,2,1,56.68,85.0,55.0,44.13,53.01,56.68,0.0,0.0,0.0,45.0,51.22,0.0,0.0,0.0,120.0,53.01,0.0,0.88,0.0,0.0,0.0,31.59,0.0,52.08,53.76,85.84,45.17
2018-01-06 16:39:00,2,1,56.65,85.0,55.0,44.08,53.0,56.65,0.0,0.0,0.0,45.0,51.2,0.0,0.0,0.0,120.0,53.0,0.0,0.88,0.0,0.0,0.0,31.52,0.0,52.16,53.89,85.89,45.21
2018-01-06 16:40:00,2,1,56.62,85.0,55.0,44.03,52.98,56.62,0.0,0.0,0.0,45.0,51.18,0.0,0.0,0.0,120.0,52.98,0.0,0.88,0.0,0.0,0.0,31.45,0.0,52.24,54.03,85.94,45.24
2018-01-06 16:41:00,2,1,56.59,85.0,55.0,43.98,52.97,56.59,0.0,0.0,0.0,45.0,51.16,0.0,0.0,0.0,120.0,52.97,0.0,0.88,0.0,0.0,0.0,31.37,0.0,52.32,54.17,86.0,45.28
2018-01-06 16:42:00,2,1,56.56,85.0,55.0,43.93,52.95,56.56,0.0,0.0,0.0,45.0,51.14,0.0,0.0,0.0,120.0,52.95,0.0,0.88,0.0,0.0,0.0,31.3,0.0,52.4,54.3,86.05,45.31
2018-01-06 16:43:00,2,1,56.53,85.0,55.0,43.88,52.93,56.53,0.0,0.0,0.0,45.0,51.13,0.0,0.0,0.0,120.0,52.93,0.0,0.88,0.0,0.0,0.0,31.23,0.0,52.48,54.44,86.1,45.34
2018-01-06 16:44:00,2,1,56.49,85.0,55.0,43.83,52.92,56.49,0.0,0.0,0.0,45.0,51.11,0.0,0.0,0.0,120.0,52.92,0.0,0.88,0.0,0.0,0.0,31.16,0.0,52.57,54.58,86.15,45.38
2018-01-06 16:45:00,2,1,56.46,85.0,55.0,43.78,52.9,56.46,0.0,0.0,0.0,45.0,51.09,0.0,0.0,0.0,120.0,52.9,0.0,0.88,0.0,0.0,0.0,31.09,0.0,52.65,54.72,86.2,45.41
2018-01-06 16:46:00,2,1,56.43,85.0,55.0,43.73,52.89,56.43,0.0,0.0,0.0,45.0,51.07,0.0,0.0,0.0,120.0,52.89,0.0,0.88,0.0,0.0,0.0,31.02,0.0,52.73,54.86,86.26,45.45
2018-01-06 16:47:00,2,1,56.4,85.0,55.0,43.67,52.87,56.4,0.0,0.0,0.0,45.0,51.05,0.0,0.0,0.0,120.0,52.87,0.0,0.88,0.0,0.0,0.0,30.95,0.0,52.81,55.01,86.31,45.48
2018-01-06 16:48:00,2,1,56.37,85.0,55.0,43.62,52.86,56.37,0.0,0.0,0.0,45.0,51.03,0.0,0.0,0.0,120.0,52.86,0.0,0.88,0.0,0.0,0.0,30.88,0.0,52.9,55.15,86.36,45.52
2018-01-06 16:49:00,2,1,56.34,85.0,55.0,43.57,52.84,56.34,0.0,0.0,0.0,45.0,51.01,0.0,0.0,0.0,120.0,52.84,0.0,0.88,0.0,0.0,0.0,30.81,0.0,52.98,55.3,86.41,45.55
2018-01-06 16:50:00,2,1,56.31,85.0,55.0,43.52,52.82,56.31,0.0,0.0,0.0,45.0,50.99,0.0,0.0,0.0,120.0,52.82,0.0,0.88,0.0,0.0,0.0,30.74,0.0,53.06,55.44,86.47,45.59
2018-01-06 16:51:00,2,1,56.28,85.0,55.0,43.47,52.81,56.28,0.0,0.0,0.0,45.0,50.97,0.0,0.0,0.0,120.0,52.81,0.0,0.88,0.0,0.0,0.0,30.67,0.0,53.14,55.59,86.52,45.62
2018-01-06 16:52:00,2,1,56.25,85.0,55.0,43.42,52.79,56.25,0.0,0.0,0.0,45.0,50.95,0.0,0.0,0.0,120.0,52.79,0.0,0.88,0.0,0.0,0.0,30.6,0.0,53.23,55.73,86.57,45.65
2018-01-06 16:53:00,2,1,56.22,85.0,55.0,43.37,52.78,56.22,0.0,0.0,0.0,45.0,50.94,0.0,0.0,0.0,120.0,52.78,0.0,0.88,0.0,0.0,0.0,30.53,0.0,53.31,55.88,86.63,45.69
2018-01-06 16:54:00,2,1,56.19,85.0,55.0,43.32,52.76,56.19,0.0,0.0,0.0,45.0,50.92,0.0,0.0,0.0,120.0,52.76,0.0,0.88,0.0,0.0,0.0,30.46,0.0,53.39,56.03,86.68,45.72
2018-01-06 16:55:00,2,1,56.16,85.0,55.0,43.27,52.74,56.16,0.0,0.0,0.0,45.0,50.9,0.0,0.0,0.0,120.0,52.74,0.0,0.88,0.0,0.0,0.0,30.39,0.0,53.48,56.17,86.74,45.76
2018-01-06 16:56:00,2,1,56.13,85.0,55.0,43.22,52.73,56.13,0.0,0.0,0.0,45.0,50.88,0.0,0.0,0.0,120.0,52.73,0.0,0.88,0.0,0.0,0.0,30.32,0.0,53.56,56.32,86.79,45.79
2018-01-06 16:57:00,2,1,56.1,85.0,55.0,43.17,52.71,56.1,0.0,0.0,0.0,45.0,50.86,0.0,0.0,0.0,120.0,52.71,0.0,0.88,0.0,0.0,0.0,30.25,0.0,53.64,56.47,86.84,45.82
2018-01-06 16:58:00,2,1,56.07,85.0,55.0,43.13,52.69,56.07,0.0,0.0,0.0,45.0,50.84,0.0,0.0,0.0,120.0,52.69,0.0,0.88,0.0,0.0,0.0,30.18,0.0,53.73,56.62,86.9,45.86
2018-01-06 16:59:00,2,1,56.04,85.0,55.0,43.08,52.68,56.04,0.0,0.0,0.0,45.0,50.82,0.0,0.0,0.0,120.0,52.68,0.0,0.88,0.0,0.0,0.0,30.12,0.0,53.81,56.77,86.95,45.89
2018-01-06 17:00:00,2,1,56.01,85.0,55.0,43.03,52.66,56.01,0.0,0.0,0.0,45.0,50.8,0.0,0.0,0.0,120.0,52.66,0.0,0.88,0.0,0.0,0.0,30.05,0.0,53.89,56.92,87.01,45.93
2018-01-06 17:01:00,2,1,55.98,85.0,55.0,42.99,52.65,55.98,0.0,0.0,0.0,45.0,50.78,0.0,0.0,0.0,120.0,52.65,0.0,0.88,0.0,0.0,0.0,30.0,0.0,53.96,57.03,87.06,45.96
2018-01-06 17:02:00,2,1,55.95,85.0,55.0,42.95,52.63,55.95,0.0,0.0,0.0,45.0,50.76,0.0,0.0,0.0,120.0,52.63,0.0,0.88,0.0,0.0,0.0,29.96,0.0,54.02,57.13,87.12,45.99
2018-01-06 17:03:00,2,1,55.92,85.0,55.0,42.92,52.61,55.92,0.0,0.0,0.0,45.0,50.74,0.0,0.0,0.0,120.0,52.61,0.0,0.88,0.0,0.0,0.0,29.92,0.0,54.08,57.22,87.17,46.02
2018-01-06 17:04:00,2,1,55.89,85.0,55.0,42.89,52.6,55.89,0.0,0.0,0.0,45.0,50.72,0.0,0.0,0.0,120.0,52.6,0.0,0.88,0.0,0.0,0.0,29.88,0.0,54.13,57.31,87.23,46.05
2018-01-06 17:05:00,2,1,55.87,85.0,55.0,42.85,52.58,55.87,0.0,0.0,0.0,45.0,50.7,0.0,0.0,0.0,120.0,52.58,0.0,0.88,0.0,0.0,0.0,29.84,0.0,54.19,57.4,87.28,46.08
2018-01-06 17:06:00,2,1,55.84,85.0,55.0,42.82,52.56,55.84,0.0,0.0,0.0,45.0,50.68,0.0,0.0,0.0,120.0,52.56,0.0,0.88,0.0,0.0,0.0,29.8,0.0,54.24,57.49,87.34,46.11
2018-01-06 17:07:00,2,1,55.81,85.0,55.0,42.79,52.55,55.81,0.0,0.0,0.0,45.0,50.66,0.0,0.0,0.0,120.0,52.55,0.0,0.88,0.0,0.0,0.0,29.76,0.0,54.3,57.58,87.4,46.14
2018-01-06 17:08:00,2,1,55.79,85.0,55.0,42.76,52.53,55.79,0.0,0.0,0.0,45.0,50.64,0.0,0.0,0.0,120.0,52.53,0.0,0.88,0.0,0.0,0.0,29.73,0.0,54.35,57.67,87.45,46.17
2018-01-06 17:09:00,2,1,55.76,85.0,55.0,42.73,52.51,55.76,0.0,0.0,0.0,45.0,50.62,0.0,0.0,0.0,120.0,52.51,0.0,0.88,0.0,0.0,0.0,29.69,0.0,54.4,57.76,87.51,46.19
2018-01-06 17:10:00,2,1,55.74,85.0,55.0,42.7,52.5,55.74,0.0,0.0,0.0,45.0,50.59,0.0,0.0,0.0,120.0,52.5,0.0,0.88,0.0,0.0,0.0,29.65,0.0,54.46,57.84,87.57,46.22
2018-01-06 17:11:00,2,1,55.71,85.0,55.0,42.66,52.48,55.71,0.0,0.0,0.0,45.0,50.57,0.0,0.0,0.0,120.0,52.48,0.0,0.88,0.0,0.0,0.0,29.62,0.0,54.51,57.93,87.62,46.25
2018-01-06 17:12:00,2,1,55.69,85.0,55.0,42.63,52.46,55.69,0.0,0.0,0.0,45.0,50.55,0.0,0.0,0.0,120.0,52.46,0.0,0.88,0.0,0.0,0.0,29.58,0.0,54.56,58.02,87.68,46.27
2018-01-06 17:13:00,2,1,55.67,85.0,55.0,42.61,52.45,55.67,0.0,0.0,0.0,45.0,50.53,0.0,0.0,0.0,120.0,52.45,0.0,0.88,0.0,0.0,0.0,29.54,0.0,54.61,58.1,87.74,46.3
2018-01-06 17:14:00,2,1,55.64,85.0,55.0,42.58,52.43,55.64,0.0,0.0,0.0,45.0,50.51,0.0,0.0,0.0,120.0,52.43,0.0,0.88,0.0,0.0,0.0,29.51,0.0,54.66,58.19,87.79,46.32
2018-01-06 17:15:00,2,1,55.62,85.0,55.0,42.55,52.41,55.62,0.0,0.0,0.0,45.0,50.49,0.0,0.0,0.0,120.0,52.41,0.0,0.88,0.0,0.0,0.0,29.47,0.0,54.71,58.27,87.85,46.34
2018-01-06 17:16:00,2,1,55.6,85.0,55.0,42.52,52.4,55.6,0.0,0.0,0.0,45.0,50.47,0.0,0.0,0.0,120.0,52.4,0.0,0.88,0.0,0.0,0.0,29.44,0.0,54.75,58.36,87.91,46.37
2018-01-06 17:17:00,2,1,55.57,85.0,55.0,42.49,52.38,55.57,0.0,0.0,0.0,45.0,50.45,0.0,0.0,0.0,120.0,52.38,0.0,0.88,0.0,0.0,0.0,29.41,0.0,54.8,58.44,87.97,46.39
2018-01-06 17:18:00,2,1,55.55,85.0,55.0,42.46,52.36,55.55,0.0,0.0,0.0,45.0,50.43,0.0,0.0,0.0,120.0,52.36,0.0,0.88,0.0,0.0,0.0,29.37,0.0,54.85,58.52,88.03,46.41
2018-01-06 17:19:00,2,1,55.53,85.0,55.0,42.44,52.35,55.53,0.0,0.0,0.0,45.0,50.41,0.0,0.0,0.0,120.0,52.35,0.0,0.88,0.0,0.0,0.0,29.34,0.0,54.9,58.6,88.08,46.43
2018-01-06 17:20:00,2,1,55.51,85.0,55.0,42.41,52.33,55.51,0.0,0.0,0.0,45.0,50.39,0.0,0.0,0.0,120.0,52.33,0.0,0.88,0.0,0.0,0.0,29.31,0.0,54.94,58.69,88.14,46.46
2018-01-06 17:21:00,2,1,55.49,85.0,55.0,42.38,52.31,55.49,0.0,0.0,0.0,45.0,50.37,0.0,0.0,0.0,120.0,52.31,0.0,0.88,0.0,0.0,0.0,29.27,0.0,54.99,58.77,88.2,46.48
2018-01-06 17:22:00,2,1,55.47,85.0,55.0,42.35,52.3,55.47,0.0,0.0,0.0,45.0,50.35,0.0,0.0,0.0,120.0,52.3,0.0,0.88,0.0,0.0,0.0,29.24,0.0,55.03,58.85,88.26,46.5
2018-01-06 17:23:00,2,1,55.45,85.0,55.0,42.33,52.28,55.45,0.0,0.0,0.0,45.0,50.33,0.0,0.0,0.0,120.0,52.28,0.0,0.88,0.0,0.0,0.0,29.21,0.0,55.08,58.93,88.32,46.52
2018-01-06 17:24:00,2,1,55.43,85.0,55.0,42.3,52.26,55.43,0.0,0.0,0.0,45.0,50.31,0.0,0.0,0.0,120.0,52.26,0.0,0.88,0.0,0.0,0.0,29.18,0.0,55.12,59.01,88.38,46.54
2018-01-06 17:25:00,2,1,55.41,85.0,55.0,42.28,52.24,55.41,0.0,0.0,0.0,45.0,50.29,0.0,0.0,0.0,120.0,52.24,0.0,0.88,0.0,0.0,0.0,29.14,0.0,55.17,59.09,88.44,46.56
2018-01-06 17:26:00,2,1,55.39,85.0,55.0,42.25,52.23,55.39,0.0,0.0,0.0,45.0,50.27,0.0,0.0,0.0,120.0,52.23,0.0,0.88,0.0,0.0,0.0,29.11,0.0,55.21,59.17,88.5,46.58
2018-01-06 17:27:00,2,1,55.37,85.0,55.0,42.22,52.21,55.37,0.0,0.0,0.0,45.0,50.25,0.0,0.0,0.0,120.0,52.21,0.0,0.88,0.0,0.0,0.0,29.08,0.0,55.25,59.25,88.56,46.6
2018-01-06 17:28:00,2,1,55.35,85.0,55.0,42.2,52.19,55.35,0.0,0.0,0.0,45.0,50.22,0.0,0.0,0.0,120.0,52.19,0.0,0.88,0.0,0.0,0.0,29.05,0.0,55.29,59.33,88.62,46.61
2018-01-06 17:29:00,2,1,55.33,85.0,55.0,42.17,52.18,55.33,0.0,0.0,0.0,45.0,50.2,0.0,0.0,0.0,120.0,52.18,0.0,0.88,0.0,0.0,0.0,29.02,0.0,55.34,59.41,88.68,46.63
2018-01-06 17:30:00,2,1,55.31,85.0,55.0,42.15,52.16,55.31,0.0,0.0,0.0,45.0,50.18,0.0,0.0,0.0,120.0,52.16,0.0,0.88,0.0,0.0,0.0,28.99,0.0,55.38,59.49,88.74,46.65
2018-01-06 17:31:00,2,1,55.29,85.0,55.0,42.12,52.14,55.29,0.0,0.0,0.0,45.0,50.16,0.0,0.0,0.0,120.0,52.14,0.0,0.88,0.0,0.0,0.0,28.96,0.0,55.42,59.57,88.8,46.67
2018-01-06 17:32:00,2,1,55.27,85.0,55.0,42.1,52.12,55.27,0.0,0.0,0.0,45.0,50.14,0.0,0.0,0.0,120.0,52.12,0.0,0.88,0.0,0.0,0.0,28.93,0.0,55.46,59.65,88.86,46.68
2018-01-06 17:33:00,2,1,55.25,85.0,55.0,42.07,52.11,55.25,0.0,0.0,0.0,45.0,50.12,0.0,0.0,0.0,120.0,52.11,0.0,0.88,0.0,0.0,0.0,28.9,0.0,55.5,59.73,88.92,46.7
2018-01-06 17:34:00,2,1,55.23,85.0,55.0,42.05,52.09,55.23,0.0,0.0,0.0,45.0,50.1,0.0,0.0,0.0,120.0,52.09,0.0,0.88,0.0,0.0,0.0,28.87,0.0,55.54,59.81,88.98,46.72
2018-01-06 17:35:00,2,1,55.22,85.0,55.0,42.03,52.07,55.22,0.0,0.0,0.0,45.0,50.08,0.0,0.0,0.0,120.0,52.07,0.0,0.88,0.0,0.0,0.0,28.83,0.0,55.58,59.89,89.04,46.73
2018-01-06 17:36:00,2,1,55.2,85.0,55.0,42.0,52.06,55.2,0.0,0.0,0.0,45.0,50.06,0.0,0.0,0.0,120.0,52.06,0.0,0.88,0.0,0.0,0.0,28.8,0.0,55.63,59.97,89.1,46.75
2018-01-06 17:37:00,2,1,55.18,85.0,55.0,41.98,52.04,55.18,0.0,0.0,0.0,45.0,50.04,0.0,0.0,0.0,120.0,52.04,0.0,0.88,0.0,0.0,0.0,28.77,0.0,55.67,60.05,89.16,46.76
2018-01-06 17:38:00,2,1,55.16,85.0,55.0,41.95,52.02,55.16,0.0,0.0,0.0,45.0,50.02,0.0,0.0,0.0,120.0,52.02,0.0,0.88,0.0,0.0,0.0,28.74,0.0,55.7,60.13,89.23,46.78
2018-01-06 17:39:00,2,1,55.15,85.0,55.0,41.93,52.0,55.15,0.0,0.0,0.0,45.0,50.0,0.0,0.0,0.0,120.0,52.0,0.0,0.88,0.0,0.0,0.0,28.71,0.0,55.74,60.21,89.29,46.79
2018-01-06 17:40:00,2,1,55.13,85.0,55.0,41.91,51.99,55.13,0.0,0.0,0.0,45.0,49.98,0.0,0.0,0.0,120.0,51.99,0.0,0.88,0.0,0.0,0.0,28.68,0.0,55.78,60.29,89.35,46.81
2018-01-06 17:41:00,2,1,55.11,85.0,55.0,41.88,51.97,55.11,0.0,0.0,0.0,45.0,49.96,0.0,0.0,0.0,120.0,51.97,0.0,0.88,0.0,0.0,0.0,28.65,0.0,55.82,60.37,89.41,46.82
2018-01-06 17:42:00,2,1,55.1,85.0,55.0,41.86,51.95,55.1,0.0,0.0,0.0,45.0,49.93,0.0,0.0,0.0,120.0,51.95,0.0,0.88,0.0,0.0,0.0,28.62,0.0,55.86,60.45,89.48,46.83
2018-01-06 17:43:00,2,1,55.08,85.0,55.0,41.84,51.93,55.08,0.0,0.0,0.0,45.0,49.91,0.0,0.0,0.0,120.0,51.93,0.0,0.88,0.0,0.0,0.0,28.59,0.0,55.9,60.53,89.54,46.85
2018-01-06 17:44:00,2,1,55.07,85.0,55.0,41.81,51.91,55.07,0.0,0.0,0.0,45.0,49.89,0.0,0.0,0.0,120.0,51.91,0.0,0.88,0.0,0.0,0.0,28.56,0.0,55.94,60.61,89.6,46.86
2018-01-06 17:45:00,2,1,55.05,85.0,55.0,41.79,51.9,55.05,0.0,0.0,0.0,45.0,49.87,0.0,0.0,0.0,120.0,51.9,0.0,0.88,0.0,0.0,0.0,28.53,0.0,55.98,60.69,89.66,46.87
2018-01-06 17:46:00,2,1,55.03,85.0,55.0,41.77,51.88,55.03,0.0,0.0,0.0,45.0,49.85,0.0,0.0,0.0,120.0,51.88,0.0,0.88,0.0,0.0,0.0,28.5,0.0,56.02,60.77,89.73,46.89
2018-01-06 17:47:00,2,1,55.02,85.0,55.0,41.74,51.86,55.02,0.0,0.0,0.0,45.0,49.83,0.0,0.0,0.0,120.0,51.86,0.0,0.88,0.0,0.0,0.0,28.47,0.0,56.05,60.85,89.79,46.9
2018-01-06 17:48:00,2,1,55.0,85.0,55.0,41.72,51.84,55.0,0.0,0.0,0.0,45.0,49.81,0.0,0.0,0.0,120.0,51.84,0.0,0.88,0.0,0.0,0.0,28.44,0.0,56.09,60.93,89.86,46.91
2018-01-06 17:49:00,2,1,54.99,85.0,55.0,41.7,51.83,54.99,0.0,0.0,0.0,45.0,49.79,0.0,0.0,0.0,120.0,51.83,0.0,0.88,0.0,0.0,0.0,28.41,0.0,56.13,61.01,89.92,46.92
2018-01-06 17:50:00,2,1,54.97,85.0,55.0,41.68,51.81,54.97,0.0,0.0,0.0,45.0,49.77,0.0,0.0,0.0,120.0,51.81,0.0,0.88,0.0,0.0,0.0,28.38,0.0,56.17,61.09,89.98,46.93
2018-01-06 17:51:00,2,1,54.96,85.0,55.0,41.65,51.79,54.96,0.0,0.0,0.0,45.0,49.75,0.0,0.0,0.0,120.0,51.79,0.0,0.88,0.0,0.0,0.0,28.35,0.0,56.2,61.18,90.05,46.94
2018-01-06 17:52:00,2,1,54.94,85.0,55.0,41.63,51.77,54.94,0.0,0.0,0.0,45.0,49.73,0.0,0.0,0.0,120.0,51.77,0.0,0.88,0.0,0.0,0.0,28.31,0.0,56.24,61.26,90.11,46.95
2018-01-06 17:53:00,2,1,54.93,85.0,55.0,41.61,51.76,54.93,0.0,0.0,0.0,45.0,49.7,0.0,0.0,0.0,120.0,51.76,0.0,0.88,0.0,0.0,0.0,28.28,0.0,56.28,61.34,90.18,46.96
2018-01-06 17:54:00,2,1,54.92,85.0,55.0,41.58,51.74,54.92,0.0,0.0,0.0,45.0,49.68,0.0,0.0,0.0,120.0,51.74,0.0,0.88,0.0,0.0,0.0,28.25,0.0,56.32,61.43,90.24,46.97
2018-01-06 17:55:00,2,1,54.9,85.0,55.0,41.56,51.72,54.9,0.0,0.0,0.0,45.0,49.66,0.0,0.0,0.0,120.0,51.72,0.0,0.88,0.0,0.0,0.0,28.22,0.0,56.36,61.51,90.31,46.98
2018-01-06 17:56:00,2,1,54.89,85.0,55.0,41.54,51.7,54.89,0.0,0.0,0.0,45.0,49.64,0.0,0.0,0.0,120.0,51.7,0.0,0.88,0.0,0.0,0.0,28.19,0.0,56.39,61.6,90.37,46.99
2018-01-06 17:57:00,2,1,54.88,85.0,55.0,41.51,51.68,54.88,0.0,0.0,0.0,45.0,49.62,0.0,0.0,0.0,120.0,51.68,0.0,0.88,0.0,0.0,0.0,28.15,0.0,56.43,61.69,90.44,47.0
2018-01-06 17:58:00,2,1,54.86,85.0,55.0,41.49,51.67,54.86,0.0,0.0,0.0,45.0,49.6,0.0,0.0,0.0,120.0,51.67,0.0,0.88,0.0,0.0,0.0,28.12,0.0,56.47,61.77,90.5,47.01
2018-01-06 17:59:00,2,1,54.85,85.0,55.0,41.47,51.65,54.85,0.0,0.0,0.0,45.0,49.58,0.0,0.0,0.0,120.0,51.65,0.0,0.88,0.0,0.0,0.0,28.09,0.0,56.51,61.86,90.57,47.02
2018-01-06 18:00:00,2,1,54.84,85.0,55.0,41.45,51.63,54.84,0.0,0.0,0.0,45.0,49.56,0.0,0.0,0.0,120.0,51.63,0.0,0.88,0.0,0.0,0.0,28.06,0.0,56.54,61.95,90.64,47.03
2018-01-06 18:01:00,2,1,54.82,85.0,55.0,41.42,51.61,54.82,0.0,0.0,0.0,45.0,49.54,0.0,0.0,0.0,120.0,51.61,0.0,0.88,0.0,0.0,0.0,28.01,0.0,56.59,62.07,90.7,47.04
2018-01-06 18:02:00,2,1,54.81,85.0,55.0,41.39,51.59,54.81,0.0,0.0,0.0,45.0,49.52,0.0,0.0,0.0,120.0,51.59,0.0,0.88,0.0,0.0,0.0,27.96,0.0,56.65,62.21,90.77,47.04
2018-01-06 18:03:00,2,1,54.8,85.0,55.0,41.35,51.57,54.8,0.0,0.0,0.0,45.0,49.5,0.0,0.0,0.0,120.0,51.57,0.0,0.88,0.0,0.0,0.0,27.91,0.0,56.71,62.35,90.83,47.05
2018-01-06 18:04:00,2,1,54.79,85.0,55.0,41.32,51.56,54.79,0.0,0.0,0.0,45.0,49.47,0.0,0.0,0.0,120.0,51.56,0.0,0.88,0.0,0.0,0.0,27.86,0.0,56.76,62.5,90.9,47.06
2018-01-06 18:05:00,2,1,54.77,85.0,55.0,41.29,51.54,54.77,0.0,0.0,0.0,45.0,49.45,0.0,0.0,0.0,120.0,51.54,0.0,0.88,0.0,0.0,0.0,27.81,0.0,56.82,62.65,90.97,47.06
2018-01-06 18:06:00,2,1,54.76,85.0,55.0,41.26,51.52,54.76,0.0,0.0,0.0,45.0,49.43,0.0,0.0,0.0,120.0,51.52,0.0,0.88,0.0,0.0,0.0,27.75,0.0,56.88,62.79,91.04,47.07
2018-01-06 18:07:00,2,1,54.75,85.0,55.0,41.23,51.5,54.75,0.0,0.0,0.0,45.0,49.41,0.0,0.0,0.0,120.0,51.5,0.0,0.88,0.0,0.0,0.0,27.7,0.0,56.93,62.94,91.1,47.08
2018-01-06 18:08:00,2,1,54.74,85.0,55.0,41.19,51.48,54.74,0.0,0.0,0.0,45.0,49.39,0.0,0.0,0.0,120.0,51.48,0.0,0.88,0.0,0.0,0.0,27.65,0.0,56.99,63.09,91.17,47.08
2018-01-06 18:09:00,2,1,54.73,85.0,55.0,41.16,51.47,54.73,0.0,0.0,0.0,45.0,49.37,0.0,0.0,0.0,120.0,51.47,0.0,0.88,0.0,0.0,0.0,27.6,0.0,57.05,63.24,91.24,47.09
2018-01-06 18:10:00,2,1,54.72,85.0,55.0,41.13,51.45,54.72,0.0,0.0,0.0,45.0,49.35,0.0,0.0,0.0,120.0,51.45,0.0,0.88,0.0,0.0,0.0,27.54,0.0,57.11,63.4,91.31,47.09
2018-01-06 18:11:00,2,1,54.71,85.0,55.0,41.1,51.43,54.71,0.0,0.0,0.0,45.0,49.33,0.0,0.0,0.0,120.0,51.43,0.0,0.88,0.0,0.0,0.0,27.49,0.0,57.16,63.55,91.37,47.1
2018-01-06 18:12:00,2,1,54.69,85.0,55.0,41.07,51.41,54.69,0.0,0.0,0.0,45.0,49.31,0.0,0.0,0.0,120.0,51.41,0.0,0.88,0.0,0.0,0.0,27.44,0.0,57.22,63.7,91.44,47.1
2018-01-06 18:13:00,2,1,54.68,85.0,55.0,41.03,51.39,54.68,0.0,0.0,0.0,45.0,49.28,0.0,0.0,0.0,120.0,51.39,0.0,0.88,0.0,0.0,0.0,27.38,0.0,57.28,63.86,91.51,47.11
2018-01-06 18:14:00,2,1,54.67,85.0,55.0,41.0,51.37,54.67,0.0,0.0,0.0,45.0,49.26,0.0,0.0,0.0,120.0,51.37,0.0,0.88,0.0,0.0,0.0,27.33,0.0,57.33,64.02,91.58,47.11
2018-01-06 18:15:00,2,1,54.66,85.0,55.0,40.97,51.36,54.66,0.0,0.0,0.0,45.0,49.24,0.0,0.0,0.0,120.0,51.36,0.0,0.88,0.0,0.0,0.0,27.27,0.0,57.37,64.17,91.65,47.11
2018-01-06 18:16:00,2,1,54.65,85.0,55.0,40.94,51.34,54.65,0.0,0.0,0.0,45.0,49.22,0.0,0.0,0.0,120.0,51.34,0.0,0.88,0.0,0.0,0.0,27.22,0.0,57.4,64.33,91.72,47.12
2018-01-06 18:17:00,2,1,54.64,85.0,55.0,40.91,51.32,54.64,0.0,0.0,0.0,45.0,49.2,0.0,0.0,0.0,120.0,51.32,0.0,0.88,0.0,0.0,0.0,27.17,0.0,57.44,64.49,91.79,47.12
2018-01-06 18:18:00,2,1,54.63,85.0,55.0,40.87,51.3,54.63,0.0,0.0,0.0,45.0,49.18,0.0,0.0,0.0,120.0,51.3,0.0,0.88,0.0,0.0,0.0,27.11,0.0,57.47,64.65,91.86,47.12
2018-01-06 18:19:00,2,1,54.62,85.0,55.0,40.84,51.28,54.62,0.0,0.0,0.0,45.0,49.16,0.0,0.0,0.0,120.0,51.28,0.0,0.88,0.0,0.0,0.0,27.06,0.0,57.51,64.81,91.93,47.12
2018-01-06 18:20:00,2,1,54.61,85.0,55.0,40.81,51.26,54.61,0.0,0.0,0.0,45.0,49.14,0.0,0.0,0.0,120.0,51.26,0.0,0.88,0.0,0.0,0.0,27.0,0.0,57.54,64.97,92.0,47.13
2018-01-06 18:21:00,2,1,54.61,85.0,55.0,40.78,51.24,54.61,0.0,0.0,0.0,45.0,49.11,0.0,0.0,0.0,120.0,51.24,0.0,0.88,0.0,0.0,0.0,26.95,0.0,57.57,65.13,92.07,47.13
2018-01-06 18:22:00,2,1,54.6,85.0,55.0,40.75,51.23,54.6,0.0,0.0,0.0,45.0,49.09,0.0,0.0,0.0,120.0,51.23,0.0,0.88,0.0,0.0,0.0,26.9,0.0,57.61,65.29,92.14,47.13
2018-01-06 18:23:00,2,1,54.59,85.0,55.0,40.72,51.21,54.59,0.0,0.0,0.0,45.0,49.07,0.0,0.0,0.0,120.0,51.21,0.0,0.88,0.0,0.0,0.0,26.84,0.0,57.64,65.45,92.21,47.13
2018-01-06 18:24:00,2,1,54.58,85.0,55.0,40.68,51.19,54.58,0.0,0.0,0.0,45.0,49.05,0.0,0.0,0.0,120.0,51.19,0.0,0.88,0.0,0.0,0.0,26.79,0.0,57.67,65.61,92.28,47.13
2018-01-06 18:25:00,2,1,54.57,85.0,55.0,40.65,51.17,54.57,0.0,0.0,0.0,45.0,49.03,0.0,0.0,0.0,120.0,51.17,0.0,0.88,0.0,0.0,0.0,26.74,0.0,57.7,65.77,92.35,47.13
2018-01-06 18:26:00,2,1,54.56,85.0,55.0,40.62,51.15,54.56,0.0,0.0,0.0,45.0,49.01,0.0,0.0,0.0,120.0,51.15,0.0,0.88,0.0,0.0,0.0,26.68,0.0,57.74,65.93,92.42,47.14
2018-01-06 18:27:00,2,1,54.55,85.0,55.0,40.59,51.13,54.55,0.0,0.0,0.0,45.0,48.98,0.0,0.0,0.0,120.0,51.13,0.0,0.88,0.0,0.0,0.0,26.63,0.0,57.77,66.09,92.49,47.14
2018-01-06 18:28:00,2,1,54.54,85.0,55.0,40.56,51.11,54.54,0.0,0.0,0.0,45.0,48.96,0.0,0.0,0.0,120.0,51.11,0.0,0.88,0.0,0.0,0.0,26.57,0.0,57.8,66.26,92.56,47.14
2018-01-06 18:29:00,2,1,54.54,85.0,55.0,40.53,51.09,54.54,0.0,0.0,0.0,45.0,48.94,0.0,0.0,0.0,120.0,51.09,0.0,0.88,0.0,0.0,0.0,26.52,0.0,57.83,66.42,92.63,47.14
2018-01-06 18:30:00,2,1,54.53,85.0,55.0,40.5,51.08,54.53,0.0,0.0,0.0,45.0,48.92,0.0,0.0,0.0,120.0,51.08,0.0,0.88,0.0,0.0,0.0,26.47,0.0,57.86,66.58,92.71,47.14
2018-01-06 18:31:00,2,1,54.52,85.0,55.0,40.47,51.06,54.52,0.0,0.0,0.0,45.0,48.9,0.0,0.0,0.0,120.0,51.06,0.0,0.88,0.0,0.0,0.0,26.41,0.0,57.89,66.74,92.78,47.14
2018-01-06 18:32:00,2,1,54.51,85.0,55.0,40.44,51.04,54.51,0.0,0.0,0.0,45.0,48.88,0.0,0.0,0.0,120.0,51.04,0.0,0.88,0.0,0.0,0.0,26.36,0.0,57.92,66.9,92.85,47.14
2018-01-06 18:33:00,2,1,54.5,85.0,55.0,40.41,51.02,54.5,0.0,0.0,0.0,45.0,48.85,0.0,0.0,0.0,120.0,51.02,0.0,0.88,0.0,0.0,0.0,26.31,0.0,57.95,67.06,92.92,47.14
2018-01-06 18:34:00,2,1,54.5,85.0,55.0,40.38,51.0,54.5,0.0,0.0,0.0,45.0,48.83,0.0,0.0,0.0,120.0,51.0,0.0,0.88,0.0,0.0,0.0,26.26,0.0,57.98,67.22,92.99,47.13
2018-01-06 18:35:00,2,1,54.49,85.0,55.0,40.35,50.98,54.49,0.0,0.0,0.0,45.0,48.81,0.0,0.0,0.0,120.0,50.98,0.0,0.88,0.0,0.0,0.0,26.2,0.0,58.01,67.38,93.07,47.13
2018-01-06 18:36:00,2,1,54.48,85.0,55.0,40.32,50.96,54.48,0.0,0.0,0.0,45.0,48.79,0.0,0.0,0.0,120.0,50.96,0.0,0.88,0.0,0.0,0.0,26.15,0.0,58.04,67.54,93.14,47.13
2018-01-06 18:37:00,2,1,54.47,85.0,55.0,40.29,50.94,54.47,0.0,0.0,0.0,45.0,48.77,0.0,0.0,0.0,120.0,50.94,0.0,0.88,0.0,0.0,0.0,26.1,0.0,58.07,67.7,93.21,47.13
2018-01-06 18:38:00,2,1,54.47,85.0,55.0,40.26,50.92,54.47,0.0,0.0,0.0,45.0,48.75,0.0,0.0,0.0,120.0,50.92,0.0,0.88,0.0,0.0,0.0,26.05,0.0,58.09,67.86,93.29,47.13
2018-01-06 18:39:00,2,1,54.46,85.0,55.0,40.23,50.91,54.46,0.0,0.0,0.0,45.0,48.72,0.0,0.0,0.0,120.0,50.91,0.0,0.88,0.0,0.0,0.0,25.99,0.0,58.12,68.02,93.36,47.13
2018-01-06 18:40:00,2,1,54.45,85.0,55.0,40.2,50.89,54.45,0.0,0.0,0.0,45.0,48.7,0.0,0.0,0.0,120.0,50.89,0.0,0.88,0.0,0.0,0.0,25.94,0.0,58.15,68.17,93.44,47.12
2018-01-06 18:41:00,2,1,54.45,85.0,55.0,40.17,50.87,54.45,0.0,0.0,0.0,45.0,48.68,0.0,0.0,0.0,120.0,50.87,0.0,0.88,0.0,0.0,0.0,25.89,0.0,58.17,68.33,93.51,47.12
2018-01-06 18:42:00,2,1,54.44,85.0,55.0,40.14,50.85,54.44,0.0,0.0,0.0,45.0,48.66,0.0,0.0,0.0,120.0,50.85,0.0,0.88,0.0,0.0,0.0,25.84,0.0,58.2,68.48,93.58,47.12
2018-01-06 18:43:00,2,1,54.43,85.0,55.0,40.11,50.83,54.43,0.0,0.0,0.0,45.0,48.64,0.0,0.0,0.0,120.0,50.83,0.0,0.88,0.0,0.0,0.0,25.79,0.0,58.22,68.64,93.66,47.12
2018-01-06 18:44:00,2,1,54.43,85.0,55.0,40.08,50.81,54.43,0.0,0.0,0.0,45.0,48.61,0.0,0.0,0.0,120.0,50.81,0.0,0.88,0.0,0.0,0.0,25.74,0.0,58.25,68.79,93.73,47.11
2018-01-06 18:45:00,2,1,54.36,85.0,55.0,48.08,50.47,54.36,0.0,0.0,0.0,45.0,49.07,0.0,0.0,0.0,120.0,50.58,399.82,0.88,0.0,0.0,9.75,25.69,1.48,52.09,68.94,95.11,47.22
2018-01-06 18:46:00,2,1,54.12,85.0,55.0,53.22,51.55,54.12,0.0,0.0,0.0,45.0,51.69,0.0,0.0,0.0,120.0,51.22,399.82,0.88,0.0,0.0,9.75,25.64,2.47,48.32,69.09,91.0,47.61
2018-01-06 18:47:00,2,1,54.01,85.0,55.0,53.83,52.88,54.01,0.0,0.0,0.0,45.0,53.1,0.0,0.01,0.0,120.0,52.66,399.82,0.88,0.0,0.0,9.75,25.59,2.6,47.94,69.23,86.33,47.8
2018-01-06 18:48:00,2,1,53.99,85.0,55.0,53.91,53.54,53.99,0.0,0.0,0.0,45.0,53.64,0.0,0.01,0.0,120.0,53.44,399.82,0.88,0.0,0.0,9.75,25.55,2.62,47.88,69.38,84.18,47.82
2018-01-06 18:49:00,2,1,54.01,85.0,55.0,53.94,53.8,54.01,0.0,0.0,0.0,45.0,53.84,0.0,0.01,0.0,120.0,53.76,399.82,0.88,0.0,0.0,9.75,25.5,2.62,47.82,69.52,83.33,47.77
2018-01-06 18:50:00,2,1,54.03,85.0,55.0,53.97,53.91,54.03,0.0,0.0,0.0,45.0,53.93,0.0,0.01,0.0,120.0,53.9,399.82,0.88,0.0,0.0,9.75,25.45,2.62,47.76,69.67,82.99,47.71
2018-01-06 18:51:00,2,1,54.06,85.0,55.0,54.0,53.97,54.06,0.0,0.0,0.0,45.0,53.98,0.0,0.02,0.0,120.0,53.96,399.82,0.88,0.0,0.0,9.75,25.4,2.62,47.7,69.81,82.81,47.65
2018-01-06 18:52:00,2,1,54.09,85.0,55.0,54.02,54.01,54.09,0.0,0.0,0.0,45.0,54.01,0.0,0.02,0.0,120.0,54.0,399.82,0.88,0.0,0.0,9.75,25.36,2.62,47.64,69.94,82.7,47.59
2018-01-06 18:53:00,2,1,54.11,85.0,55.0,54.04,54.03,54.11,0.0,0.0,0.0,45.0,54.04,0.0,0.02,0.0,120.0,54.03,399.82,0.88,0.0,0.0,9.75,25.31,2.62,47.59,70.08,82.62,47.54
2018-01-06 18:54:00,2,1,54.12,85.0,55.0,54.06,54.06,54.12,0.0,0.0,0.0,45.0,54.06,0.0,0.02,0.0,120.0,54.05,399.82,0.88,0.0,0.0,9.75,25.26,2.62,47.55,70.21,82.55,47.5
2018-01-06 18:55:00,2,1,54.14,85.0,55.0,54.08,54.08,54.14,0.0,0.0,0.0,45.0,54.08,0.0,0.02,0.0,120.0,54.07,399.82,0.88,0.0,0.0,9.75,25.22,2.62,47.51,70.35,82.49,47.45
2018-01-06 18:56:00,2,1,54.15,85.0,55.0,54.09,54.09,54.15,0.0,0.0,0.0,45.0,54.09,0.0,0.02,0.0,120.0,54.09,399.82,0.88,0.0,0.0,9.75,25.17,2.62,47.47,70.47,82.44,47.42
2018-01-06 18:57:00,2,1,54.16,85.0,55.0,54.1,54.11,54.16,0.0,0.0,0.0,45.0,54.11,0.0,0.03,0.0,120.0,54.1,399.82,0.88,0.0,0.0,9.75,25.13,2.62,47.43,70.6,82.4,47.38
2018-01-06 18:58:00,2,1,54.17,85.0,55.0,54.11,54.12,54.17,0.0,0.0,0.0,45.0,54.12,0.0,0.03,0.0,120.0,54.11,399.82,0.88,0.0,0.0,9.75,25.09,2.62,47.4,70.72,82.36,47.35
2018-01-06 18:59:00,2,1,54.18,85.0,55.0,54.12,54.13,54.18,0.0,0.0,0.0,45.0,54.13,0.0,0.03,0.0,120.0,54.13,399.82,0.88,0.0,0.0,9.75,25.04,2.62,47.38,70.84,82.33,47.32
2018-01-06 19:00:00,2,1,54.19,85.0,55.0,54.12,54.14,54.19,0.0,0.0,0.0,45.0,54.14,0.0,0.03,0.0,120.0,54.13,399.82,0.88,0.0,0.0,9.75,25.0,2.62,47.35,70.96,82.31,47.3
2018-01-06 19:01:00,2,1,54.19,85.0,55.0,54.13,54.14,54.19,0.0,0.0,0.0,45.0,54.14,0.0,0.03,0.0,120.0,54.14,399.82,0.88,0.0,0.0,9.75,24.97,2.62,47.32,70.92,82.29,47.27
2018-01-06 19:02:00,2,1,54.2,85.0,55.0,54.13,54.15,54.2,0.0,0.0,0.0,45.0,54.15,0.0,0.03,0.0,120.0,54.15,399.82,0.88,0.0,0.0,9.75,24.94,2.62,47.3,70.78,82.27,47.25
2018-01-06 19:03:00,2,1,54.2,85.0,55.0,54.14,54.15,54.2,0.0,0.0,0.0,45.0,54.15,0.0,0.04,0.0,120.0,54.15,399.82,0.88,0.0,0.0,9.75,24.91,2.62,47.28,70.63,82.25,47.23
2018-01-06 19:04:00,2,1,54.21,85.0,55.0,54.14,54.16,54.21,0.0,0.0,0.0,45.0,54.16,0.0,0.04,0.0,120.0,54.16,399.82,0.88,0.0,0.0,9.75,24.89,2.62,47.26,70.47,82.24,47.21
2018-01-06 19:05:00,2,1,54.21,85.0,55.0,54.14,54.16,54.21,0.0,0.0,0.0,45.0,54.16,0.0,0.04,0.0,120.0,54.16,399.82,0.88,0.0,0.0,9.75,24.87,2.62,47.24,70.31,82.23,47.19
2018-01-06 19:06:00,2,1,54.21,85.0,55.0,54.15,54.16,54.21,0.0,0.0,0.0,45.0,54.16,0.0,0.04,0.0,120.0,54.16,399.82,0.88,0.0,0.0,9.75,24.84,2.62,47.23,70.15,82.22,47.17
2018-01-06 19:07:00,2,1,54.21,85.0,55.0,54.15,54.17,54.21,0.0,0.0,0.0,45.0,54.17,0.0,0.04,0.0,120.0,54.16,399.82,0.88,0.0,0.0,9.75,24.82,2.62,47.21,69.99,82.22,47.16
2018-01-06 19:08:00,2,1,54.21,85.0,55.0,54.15,54.17,54.21,0.0,0.0,0.0,45.0,54.17,0.0,0.04,0.0,120.0,54.17,399.82,0.88,0.0,0.0,9.75,24.8,2.62,47.19,69.82,82.22,47.14
2018-01-06 19:09:00,2,1,54.21,85.0,55.0,54.15,54.17,54.21,0.0,0.0,0.0,45.0,54.17,0.0,0.04,0.0,120.0,54.17,399.82,0.88,0.0,0.0,9.75,24.77,2.62,47.18,69.65,82.21,47.13
2018-01-06 19:10:00,2,1,54.21,85.0,55.0,54.15,54.17,54.21,0.0,0.0,0.0,45.0,54.17,0.0,0.05,0.0,120.0,54.17,399.82,0.88,0.0,0.0,9.75,24.75,2.62,47.17,69.48,82.21,47.11
2018-01-06 19:11:00,2,1,54.21,85.0,55.0,54.14,54.17,54.21,0.0,0.0,0.0,45.0,54.17,0.0,0.05,0.0,120.0,54.17,399.82,0.88,0.0,0.0,9.75,24.73,2.62,47.15,69.31,82.21,47.1
2018-01-06 19:12:00,2,1,54.21,85.0,55.0,54.14,54.17,54.21,0.0,0.0,0.0,45.0,54.17,0.0,0.05,0.0,120.0,54.17,399.82,0.88,0.0,0.0,9.75,24.71,2.62,47.14,69.13,82.22,47.09
2018-01-06 19:13:00,2,1,54.21,85.0,55.0,54.14,54.16,54.21,0.0,0.0,0.0,45.0,54.16,0.0,0.05,0.0,120.0,54.16,399.82,0.88,0.0,0.0,9.75,24.69,2.62,47.13,68.96,82.22,47.08
2018-01-06 19:14:00,2,1,54.2,85.0,55.0,54.14,54.16,54.2,0.0,0.0,0.0,45.0,54.16,0.0,0.05,0.0,120.0,54.16,399.82,0.88,0.0,0.0,9.75,24.67,2.62,47.12,68.79,82.23,47.07
2018-01-06 19:15:00,2,1,54.2,85.0,55.0,54.14,54.16,54.2,0.0,0.0,0.0,45.0,54.16,0.0,0.05,0.0,120.0,54.16,399.82,0.88,0.0,0.0,9.75,24.65,2.62,47.1,68.62,82.23,47.05
2018-01-06 19:16:00,2,1,54.2,85.0,55.0,54.14,54.16,54.2,0.0,0.0,0.0,45.0,54.16,0.0,0.06,0.0,120.0,54.16,399.82,0.88,0.0,0.0,9.75,24.63,2.62,47.09,68.45,82.24,47.04
2018-01-06 19:17:00,2,1,54.2,85.0,55.0,54.13,54.16,54.2,0.0,0.0,0.0,45.0,54.16,0.0,0.06,0.0,120.0,54.16,399.82,0.88,0.0,0.0,9.75,24.62,2.62,47.08,68.28,82.24,47.03
2018-01-06 19:18:00,2,1,54.2,85.0,55.0,54.13,54.15,54.2,0.0,0.0,0.0,45.0,54.15,0.0,0.06,0.0,120.0,54.15,399.82,0.88,0.0,0.0,9.75,24.6,2.62,47.07,68.11,82.25,47.02
2018-01-06 19:19:00,2,1,54.19,85.0,55.0,54.13,54.15,54.19,0.0,0.0,0.0,45.0,54.15,0.0,0.06,0.0,120.0,54.15,399.82,0.88,0.0,0.0,9.75,24.58,2.62,47.06,67.95,82.26,47.01
2018-01-06 19:20:00,2,1,54.19,85.0,55.0,54.12,54.15,54.19,0.0,0.0,0.0,45.0,54.15,0.0,0.06,0.0,120.0,54.15,399.82,0.88,0.0,0.0,9.75,24.56,2.62,47.05,67.79,82.27,47.0
2018-01-06 19:21:00,2,1,54.19,85.0,55.0,54.12,54.15,54.19,0.0,0.0,0.0,45.0,54.14,0.0,0.06,0.0,120.0,54.15,399.82,0.88,0.0,0.0,9.75,24.55,2.62,47.04,67.63,82.28,46.99
2018-01-06 19:22:00,2,1,54.18,85.0,55.0,54.12,54.14,54.18,0.0,0.0,0.0,45.0,54.14,0.0,0.07,0.0,120.0,54.14,399.82,0.88,0.0,0.0,9.75,24.53,2.62,47.03,67.47,82.29,46.99
2018-01-06 19:23:00,2,1,54.18,85.0,55.0,54.11,54.14,54.18,0.0,0.0,0.0,45.0,54.14,0.0,0.07,0.0,120.0,54.14,399.82,0.88,0.0,0.0,9.75,24.51,2.62,47.03,67.32,82.3,46.98
2018-01-06 19:24:00,2,1,54.18,85.0,55.0,54.11,54.14,54.18,0.0,0.0,0.0,45.0,54.13,0.0,0.07,0.0,120.0,54.14,399.82,0.88,0.0,0.0,9.75,24.5,2.62,47.02,67.17,82.31,46.97
2018-01-06 19:25:00,2,1,54.17,85.0,55.0,54.11,54.13,54.17,0.0,0.0,0.0,45.0,54.13,0.0,0.07,0.0,120.0,54.13,399.82,0.88,0.0,0.0,9.75,24.48,2.62,47.01,67.02,82.32,46.96
2018-01-06 19:26:00,2,1,54.17,85.0,55.0,54.1,54.13,54.17,0.0,0.0,0.0,45.0,54.13,0.0,0.07,0.0,120.0,54.13,399.82,0.88,0.0,0.0,9.75,24.47,2.62,47.0,66.88,82.33,46.95
2018-01-06 19:27:00,2,1,54.16,85.0,55.0,54.1,54.12,54.16,0.0,0.0,0.0,45.0,54.12,0.0,0.08,0.0,120.0,54.12,399.82,0.88,0.0,0.0,9.75,24.45,2.62,46.99,66.75,82.34,46.94
2018-01-06 19:28:00,2,1,54.16,85.0,55.0,54.09,54.12,54.16,0.0,0.0,0.0,45.0,54.12,0.0,0.08,0.0,120.0,54.12,399.82,0.88,0.0,0.0,9.75,24.44,2.62,46.98,66.62,82.36,46.93
2018-01-06 19:29:00,2,1,54.16,85.0,55.0,54.09,54.12,54.16,0.0,0.0,0.0,45.0,54.12,0.0,0.08,0.0,120.0,54.12,399.82,0.88,0.0,0.0,9.75,24.43,2.62,46.97,66.5,82.37,46.93
2018-01-06 19:30:00,2,1,54.15,85.0,55.0,54.09,54.11,54.15,0.0,0.0,0.0,45.0,54.11,0.0,0.08,0.0,120.0,54.11,399.82,0.88,0.0,0.0,9.75,24.41,2.62,46.97,66.38,82.38,46.92
2018-01-06 19:31:00,2,1,54.15,85.0,55.0,54.08,54.11,54.15,0.0,0.0,0.0,45.0,54.11,0.0,0.08,0.0,120.0,54.11,399.82,0.88,0.0,0.0,9.75,24.4,2.62,46.96,66.28,82.39,46.91
2018-01-06 19:32:00,2,1,54.14,85.0,55.0,54.08,54.1,54.14,0.0,0.0,0.0,45.0,54.1,0.0,0.08,0.0,120.0,54.1,399.82,0.88,0.0,0.0,9.75,24.39,2.62,46.95,66.17,82.4,46.9
2018-01-06 19:33:00,2,1,54.14,85.0,55.0,54.07,54.1,54.14,0.0,0.0,0.0,45.0,54.1,0.0,0.09,0.0,120.0,54.1,399.82,0.88,0.0,0.0,9.75,24.37,2.62,46.94,66.08,82.42,46.89
2018-01-06 19:34:00,2,1,54.13,85.0,55.0,54.07,54.1,54.13,0.0,0.0,0.0,45.0,54.09,0.0,0.09,0.0,120.0,54.1,399.82,0.88,0.0,0.0,9.75,24.36,2.62,46.93,65.99,82.43,46.89
2018-01-06 19:35:00,2,1,54.13,85.0,55.0,54.06,54.09,54.13,0.0,0.0,0.0,45.0,54.09,0.0,0.09,0.0,120.0,54.09,399.82,0.88,0.0,0.0,9.75,24.35,2.62,46.93,65.92,82.44,46.88
2018-01-06 19:36:00,2,1,54.13,85.0,55.0,54.06,54.09,54.13,0.0,0.0,0.0,45.0,54.09,0.0,0.09,0.0,120.0,54.09,399.82,0.88,0.0,0.0,9.75,24.34,2.62,46.92,65.85,82.46,46.87
2018-01-06 19:37:00,2,1,54.12,85.0,55.0,54.06,54.08,54.12,0.0,0.0,0.0,45.0,54.08,0.0,0.09,0.0,120.0,54.08,399.82,0.88,0.0,0.0,9.75,24.32,2.62,46.91,65.79,82.47,46.86
2018-01-06 19:38:00,2,1,54.12,85.0,55.0,54.05,54.08,54.12,0.0,0.0,0.0,45.0,54.08,0.0,0.1,0.0,120.0,54.08,399.82,0.88,0.0,0.0,9.75,24.31,2.62,46.9,65.74,82.48,46.85
2018-01-06 19:39:00,2,1,54.11,85.0,55.0,54.05,54.07,54.11,0.0,0.0,0.0,45.0,54.07,0.0,0.1,0.0,120.0,54.07,399.82,0.88,0.0,0.0,9.75,24.3,2.62,46.9,65.7,82.5,46.85
2018-01-06 19:40:00,2,1,54.11,85.0,55.0,54.04,54.07,54.11,0.0,0.0,0.0,45.0,54.07,0.0,0.1,0.0,120.0,54.07,399.82,0.88,0.0,0.0,9.75,24.29,2.62,46.89,65.67,82.51,46.84
2018-01-06 19:41:00,2,1,54.1,85.0,55.0,54.04,54.06,54.1,0.0,0.0,0.0,45.0,54.06,0.0,0.1,0.0,120.0,54.07,399.82,0.88,0.0,0.0,9.75,24.28,2.62,46.88,65.65,82.52,46.83
2018-01-06 19:42:00,2,1,54.1,85.0,55.0,54.03,54.06,54.1,0.0,0.0,0.0,45.0,54.06,0.0,0.1,0.0,120.0,54.06,399.82,0.88,0.0,0.0,9.75,24.27,2.62,46.87,65.64,82.54,46.82
2018-01-06 19:43:00,2,1,54.09,85.0,55.0,54.03,54.06,54.09,0.0,0.0,0.0,45.0,54.05,0.0,0.1,0.0,120.0,54.06,399.82,0.88,0.0,0.0,9.75,24.26,2.62,46.86,65.65,82.55,46.82
2018-01-06 19:44:00,2,1,54.09,85.0,55.0,54.02,54.05,54.09,0.0,0.0,0.0,45.0,54.05,0.0,0.11,0.0,120.0,54.05,399.82,0.88,0.0,0.0,9.75,24.25,2.62,46.86,65.67,82.56,46.81
2018-01-06 19:45:00,2,1,54.09,85.0,55.0,54.02,54.05,54.09,0.0,0.0,0.0,45.0,54.05,0.0,0.11,0.0,120.0,54.05,399.82,0.88,0.0,0.0,9.75,24.24,2.62,46.85,65.69,82.58,46.8
2018-01-06 19:46:00,2,1,54.08,85.0,55.0,54.02,54.04,54.08,0.0,0.0,0.0,45.0,54.04,0.0,0.11,0.0,120.0,54.04,399.82,0.88,0.0,0.0,9.75,24.22,2.62,46.84,65.74,82.59,46.79
2018-01-06 19:47:00,2,1,54.08,85.0,55.0,54.01,54.04,54.08,0.0,0.0,0.0,45.0,54.04,0.0,0.11,0.0,120.0,54.04,399.82,0.88,0.0,0.0,9.75,24.21,2.62,46.83,65.79,82.6,46.79
2018-01-06 19:48:00,2,1,54.07,85.0,55.0,54.01,54.03,54.07,0.0,0.0,0.0,45.0,54.03,0.0,0.11,0.0,120.0,54.03,399.82,0.88,0.0,0.0,9.75,24.2,2.62,46.83,65.86,82.62,46.78
2018-01-06 19:49:00,2,1,54.07,85.0,55.0,54.0,54.03,54.07,0.0,0.0,0.0,45.0,54.03,0.0,0.12,0.0,120.0,54.03,399.82,0.88,0.0,0.0,9.75,24.19,2.62,46.82,65.94,82.63,46.77
2018-01-06 19:50:00,2,1,54.06,85.0,55.0,54.0,54.02,54.06,0.0,0.0,0.0,45.0,54.02,0.0,0.12,0.0,120.0,54.03,399.82,0.88,0.0,0.0,9.75,24.18,2.62,46.81,66.04,82.65,46.76
2018-01-06 19:51:00,2,1,54.06,85.0,55.0,53.99,54.02,54.06,0.0,0.0,0.0,45.0,54.02,0.0,0.12,0.0,120.0,54.02,399.82,0.88,0.0,0.0,9.75,24.17,2.62,46.8,66.15,82.66,46.76
2018-01-06 19:52:00,2,1,54.05,85.0,55.0,53.99,54.02,54.05,0.0,0.0,0.0,45.0,54.01,0.0,0.12,0.0,120.0,54.02,399.82,0.88,0.0,0.0,9.75,24.16,2.62,46.8,66.28,82.67,46.75
2018-01-06 19:53:00,2,1,54.05,85.0,55.0,53.98,54.01,54.05,0.0,0.0,0.0,45.0,54.01,0.0,0.12,0.0,120.0,54.01,399.82,0.88,0.0,0.0,9.75,24.15,2.62,46.79,66.42,82.69,46.74
2018-01-06 19:54:00,2,1,54.05,85.0,55.0,53.98,54.01,54.05,0.0,0.0,0.0,45.0,54.01,0.0,0.13,0.0,120.0,54.01,399.82,0.88,0.0,0.0,9.75,24.14,2.62,46.78,66.58,82.7,46.73
2018-01-06 19:55:00,2,1,54.04,85.0,55.0,53.97,54.0,54.04,0.0,0.0,0.0,45.0,54.0,0.0,0.13,0.0,120.0,54.0,399.82,0.88,0.0,0.0,9.75,24.13,2.62,46.78,66.76,82.71,46.73
2018-01-06 19:56:00,2,1,54.04,85.0,55.0,53.97,54.0,54.04,0.0,0.0,0.0,45.0,54.0,0.0,0.13,0.0,120.0,54.0,399.82,0.88,0.0,0.0,9.75,24.12,2.62,46.77,66.95,82.73,46.72
2018-01-06 19:57:00,2,1,54.03,85.0,55.0,53.97,53.99,54.03,0.0,0.0,0.0,45.0,53.99,0.0,0.13,0.0,120.0,53.99,399.82,0.88,0.0,0.0,9.75,24.11,2.62,46.76,67.16,82.74,46.71
2018-01-06 19:58:00,2,1,54.03,85.0,55.0,53.96,53.99,54.03,0.0,0.0,0.0,45.0,53.99,0.0,0.13,0.0,120.0,53.99,399.82,0.88,0.0,0.0,9.75,24.1,2.62,46.75,67.39,82.76,46.7
2018-01-06 19:59:00,2,1,54.02,85.0,55.0,53.96,53.98,54.02,0.0,0.0,0.0,45.0,53.98,0.0,0.14,0.0,120.0,53.98,399.82,0.88,0.0,0.0,9.75,24.09,2.62,46.75,67.63,82.77,46.7
2018-01-06 20:00:00,2,1,54.02,85.0,55.0,53.95,53.98,54.02,0.0,0.0,0.0,45.0,53.98,0.0,0.14,0.0,120.0,53.98,399.82,0.88,0.0,0.0,9.75,24.08,2.62,46.74,67.9,82.78,46.69
2018-01-06 20:01:00,2,1,54.01,85.0,55.0,53.95,53.97,54.01,0.0,0.0,0.0,45.0,53.97,0.0,0.14,0.0,120.0,53.97,399.82,0.88,0.0,0.0,9.75,24.07,2.62,46.73,68.63,82.8,46.68
2018-01-06 20:02:00,2,1,54.01,85.0,55.0,53.94,53.97,54.01,0.0,0.0,0.0,45.0,53.97,0.0,0.14,0.0,120.0,53.97,399.82,0.88,0.0,0.0,9.75,24.04,2.62,46.73,69.63,82.81,46.68
2018-01-06 20:03:00,2,1,54.0,85.0,55.0,53.94,53.96,54.0,0.0,0.0,0.0,45.0,53.96,0.0,0.14,0.0,120.0,53.97,399.82,0.88,0.0,0.0,9.75,24.02,2.62,46.72,70.7,82.83,46.67
2018-01-06 20:04:00,2,1,54.0,85.0,55.0,53.93,53.96,54.0,0.0,0.0,0.0,45.0,53.96,0.0,0.15,0.0,120.0,53.96,399.82,0.88,0.0,0.0,9.75,24.0,2.62,46.72,71.78,82.84,46.66
2018-01-06 20:05:00,2,1,53.99,85.0,55.0,53.93,53.95,53.99,0.0,0.0,0.0,45.0,53.95,0.0,0.15,0.0,120.0,53.96,399.82,0.88,0.0,0.0,9.75,23.98,2.62,46.71,72.89,82.86,46.66
2018-01-06 20:06:00,2,1,53.99,85.0,55.0,53.92,53.95,53.99,0.0,0.0,0.0,45.0,53.95,0.0,0.15,0.0,120.0,53.95,399.82,0.88,0.0,0.0,9.75,23.95,2.62,46.7,74.02,82.87,46.65
2018-01-06 20:07:00,2,1,53.98,85.0,55.0,53.92,53.94,53.98,0.0,0.0,0.0,45.0,53.94,0.0,0.15,0.0,120.0,53.95,399.82,0.88,0.0,0.0,9.75,23.93,2.62,46.7,75.16,82.89,46.65
2018-01-06 20:08:00,2,1,53.98,85.0,55.0,53.91,53.94,53.98,0.0,0.0,0.0,45.0,53.94,0.0,0.16,0.0,120.0,53.94,399.82,0.88,0.0,0.0,9.75,23.91,2.62,46.7,76.33,82.9,46.64
2018-01-06 20:09:00,2,1,53.97,85.0,55.0,53.91,53.93,53.97,0.0,0.0,0.0,45.0,53.93,0.0,0.16,0.0,120.0,53.94,399.82,0.88,0.0,0.0,9.75,23.88,2.62,46.69,77.5,82.92,46.64
2018-01-06 20:10:00,2,1,53.97,85.0,55.0,53.9,53.93,53.97,0.0,0.0,0.0,45.0,53.93,0.0,0.16,0.0,120.0,53.93,399.82,0.88,0.0,0.0,9.75,23.86,2.62,46.69,78.7,82.93,46.63
2018-01-06 20:11:00,2,1,53.96,85.0,55.0,53.9,53.92,53.96,0.0,0.0,0.0,45.0,53.92,0.0,0.16,0.0,120.0,53.93,399.82,0.88,0.0,0.0,9.75,23.84,2.62,46.68,79.91,82.95,46.63
2018-01-06 20:12:00,2,1,53.96,85.0,55.0,53.89,53.92,53.96,0.0,0.0,0.0,45.0,53.92,0.0,0.16,0.0,120.0,53.92,399.82,0.88,0.0,0.0,9.75,23.81,2.62,46.68,81.13,82.97,46.62
2018-01-06 20:13:00,2,1,53.95,85.0,55.0,53.89,53.91,53.95,0.0,0.0,0.0,45.0,53.91,0.0,0.17,0.0,120.0,53.92,399.82,0.88,0.0,0.0,9.75,23.79,2.62,46.68,82.37,82.98,46.62
2018-01-06 20:14:00,2,1,53.95,85.0,55.0,53.88,53.91,53.95,0.0,0.0,0.0,45.0,53.91,0.0,0.17,0.0,120.0,53.91,399.82,0.88,0.0,0.0,9.75,23.77,2.62,46.67,83.62,83.0,46.61
2018-01-06 20:15:00,2,1,53.94,85.0,55.0,53.88,53.9,53.94,0.0,0.0,0.0,45.0,53.9,0.0,0.17,0.0,120.0,53.9,399.82,0.88,0.0,0.0,9.75,23.75,2.62,46.67,84.88,83.01,46.61
2018-01-06 20:16:00,2,1,53.94,85.0,55.0,53.87,53.9,53.94,0.0,0.0,0.0,45.0,53.9,0.0,0.17,0.0,120.0,53.9,399.82,0.88,0.0,0.0,9.75,23.72,2.62,46.67,86.15,83.03,46.61
2018-01-06 20:17:00,2,1,53.93,85.0,55.0,53.86,53.89,53.93,0.0,0.0,0.0,45.0,53.89,0.0,0.18,0.0,120.0,53.89,399.82,0.88,0.0,0.0,9.75,23.7,2.62,46.66,87.43,83.05,46.6
2018-01-06 20:18:00,2,1,53.93,85.0,55.0,53.86,53.89,53.93,0.0,0.0,0.0,45.0,53.89,0.0,0.18,0.0,120.0,53.89,399.82,0.88,0.0,0.0,9.75,23.68,2.62,46.66,88.72,83.06,46.6
2018-01-06 20:19:00,2,1,53.92,85.0,55.0,53.85,53.88,53.92,0.0,0.0,0.0,45.0,53.88,0.0,0.18,0.0,120.0,53.88,399.82,0.88,0.0,0.0,9.75,23.66,2.62,46.66,90.02,83.08,46.6
2018-01-06 20:20:00,2,1,53.92,85.0,55.0,53.85,53.88,53.92,0.0,0.0,0.0,45.0,53.88,0.0,0.18,0.0,120.0,53.88,399.82,0.88,0.0,0.0,9.75,23.63,2.62,46.66,91.32,83.1,46.59
2018-01-06 20:21:00,2,1,53.91,85.0,55.0,53.84,53.87,53.91,0.0,0.0,0.0,45.0,53.87,0.0,0.18,0.0,120.0,53.87,399.82,0.88,0.0,0.0,9.75,23.61,2.62,46.65,92.64,83.11,46.59
2018-01-06 20:22:00,2,1,53.9,85.0,55.0,53.84,53.87,53.9,0.0,0.0,0.0,45.0,53.86,0.0,0.19,0.0,120.0,53.87,399.82,0.88,0.0,0.0,9.75,23.59,2.62,46.65,93.95,83.13,46.59
2018-01-06 20:23:00,2,1,53.9,85.0,55.0,53.83,53.86,53.9,0.0,0.0,0.0,45.0,53.86,0.0,0.19,0.0,120.0,53.86,399.82,0.88,0.0,0.0,9.75,23.57,2.62,46.65,95.27,83.15,46.59
2018-01-06 20:24:00,2,1,53.89,85.0,55.0,53.83,53.85,53.89,0.0,0.0,0.0,45.0,53.85,0.0,0.19,0.0,120.0,53.86,399.82,0.88,0.0,0.0,9.75,23.55,2.62,46.65,96.6,83.17,46.58
2018-01-06 20:25:00,2,1,53.89,85.0,55.0,53.82,53.85,53.89,0.0,0.0,0.0,45.0,53.85,0.0,0.19,0.0,120.0,53.85,399.82,0.88,0.0,0.0,9.75,23.53,2.62,46.65,97.93,83.18,46.58
2018-01-06 20:26:00,2,1,53.88,85.0,55.0,53.82,53.84,53.88,0.0,0.0,0.0,45.0,53.84,0.0,0.2,0.0,120.0,53.84,399.82,0.88,0.0,0.0,9.75,23.51,2.62,46.65,99.25,83.2,46.58
2018-01-06 20:27:00,2,1,53.88,85.0,55.0,53.81,53.84,53.88,0.0,0.0,0.0,45.0,53.84,0.0,0.2,0.0,120.0,53.84,399.82,0.88,0.0,0.0,9.75,23.49,2.62,46.65,100.0,83.22,46.58
2018-01-06 20:28:00,2,1,53.87,85.0,55.0,53.8,53.83,53.87,0.0,0.0,0.0,45.0,53.83,0.0,0.2,0.0,120.0,53.83,399.82,0.88,0.0,0.0,9.75,23.47,2.62,46.65,100.0,83.23,46.58
2018-01-06 20:29:00,2,1,53.87,85.0,55.0,53.8,53.83,53.87,0.0,0.0,0.0,45.0,53.83,0.0,0.2,0.0,120.0,53.83,399.82,0.88,0.0,0.0,9.75,23.45,2.62,46.65,100.0,83.25,46.58
2018-01-06 20:30:00,2,1,53.86,85.0,55.0,53.79,53.82,53.86,0.0,0.0,0.0,45.0,53.82,0.0,0.21,0.0,120.0,53.82,399.82,0.88,0.0,0.0,9.75,23.43,2.62,46.65,100.0,83.27,46.57
2018-01-06 20:31:00,2,1,53.85,85.0,55.0,53.79,53.82,53.85,0.0,0.0,0.0,45.0,53.81,0.0,0.21,0.0,120.0,53.82,399.82,0.88,0.0,0.0,9.75,23.41,2.62,46.65,100.0,83.29,46.57
2018-01-06 20:32:00,2,1,53.85,85.0,55.0,53.78,53.81,53.85,0.0,0.0,0.0,45.0,53.81,0.0,0.21,0.0,120.0,53.81,399.82,0.88,0.0,0.0,9.75,23.39,2.62,46.64,100.0,83.3,46.57
2018-01-06 20:33:00,2,1,53.84,85.0,55.0,53.78,53.8,53.84,0.0,0.0,0.0,45.0,53.8,0.0,0.21,0.0,120.0,53.81,399.82,0.88,0.0,0.0,9.75,23.37,2.62,46.65,100.0,83.32,46.57
2018-01-06 20:34:00,2,1,53.84,85.0,55.0,53.77,53.8,53.84,0.0,0.0,0.0,45.0,53.8,0.0,0.22,0.0,120.0,53.8,399.82,0.88,0.0,0.0,9.75,23.35,2.62,46.65,100.0,83.34,46.57
2018-01-06 20:35:00,2,1,53.83,85.0,55.0,53.77,53.79,53.83,0.0,0.0,0.0,45.0,53.79,0.0,0.22,0.0,120.0,53.79,399.82,0.88,0.0,0.0,9.75,23.33,2.62,46.65,100.0,83.35,46.57
2018-01-06 20:36:00,2,1,53.83,85.0,55.0,53.76,53.79,53.83,0.0,0.0,0.0,45.0,53.79,0.0,0.22,0.0,120.0,53.79,399.82,0.88,0.0,0.0,9.75,23.31,2.62,46.65,100.0,83.37,46.57
2018-01-06 20:37:00,2,1,53.82,85.0,55.0,53.75,53.78,53.82,0.0,0.0,0.0,45.0,53.78,0.0,0.22,0.0,120.0,53.78,399.82,0.88,0.0,0.0,9.75,23.29,2.62,46.65,100.0,83.39,46.57
2018-01-06 20:38:00,2,1,53.82,85.0,55.0,53.75,53.78,53.82,0.0,0.0,0.0,45.0,53.78,0.0,0.23,0.0,120.0,53.78,399.82,0.88,0.0,0.0,9.75,23.28,2.62,46.65,100.0,83.4,46.57
2018-01-06 20:39:00,2,1,53.81,85.0,55.0,53.74,53.77,53.81,0.0,0.0,0.0,45.0,53.77,0.0,0.23,0.0,120.0,53.77,399.82,0.88,0.0,0.0,9.75,23.26,2.62,46.65,100.0,83.42,46.57
2018-01-06 20:40:00,2,1,53.81,85.0,55.0,53.74,53.77,53.81,0.0,0.0,0.0,45.0,53.76,0.0,0.23,0.0,120.0,53.77,399.82,0.88,0.0,0.0,9.75,23.24,2.62,46.65,100.0,83.44,46.57
2018-01-06 20:41:00,2,1,53.8,85.0,55.0,53.73,53.76,53.8,0.0,0.0,0.0,45.0,53.76,0.0,0.23,0.0,120.0,53.76,399.82,0.88,0.0,0.0,9.75,23.23,2.62,46.65,100.0,83.46,46.57
2018-01-06 20:42:00,2,1,53.79,85.0,55.0,53.73,53.75,53.79,0.0,0.0,0.0,45.0,53.75,0.0,0.24,0.0,120.0,53.76,399.82,0.88,0.0,0.0,9.75,23.21,2.62,46.65,100.0,83.47,46.57
2018-01-06 20:43:00,2,1,53.79,85.0,55.0,53.72,53.75,53.79,0.0,0.0,0.0,45.0,53.75,0.0,0.24,0.0,120.0,53.75,399.82,0.88,0.0,0.0,9.75,23.2,2.62,46.65,100.0,83.49,46.57
2018-01-06 20:44:00,2,1,53.78,85.0,55.0,53.72,53.74,53.78,0.0,0.0,0.0,45.0,53.74,0.0,0.24,0.0,120.0,53.75,399.82,0.88,0.0,0.0,9.75,23.18,2.62,46.65,100.0,83.51,46.57
2018-01-06 20:45:00,2,1,53.78,85.0,55.0,53.71,53.74,53.78,0.0,0.0,0.0,45.0,53.74,0.0,0.24,0.0,120.0,53.74,399.82,0.88,0.0,0.0,9.75,23.17,2.62,46.66,100.0,83.52,46.57
2018-01-06 20:46:00,2,1,53.77,85.0,55.0,53.71,53.73,53.77,0.0,0.0,0.0,45.0,53.73,0.0,0.25,0.0,120.0,53.73,399.82,0.88,0.0,0.0,9.75,23.15,2.62,46.66,100.0,83.54,46.58
2018-01-06 20:47:00,2,1,53.77,85.0,55.0,53.7,53.73,53.77,0.0,0.0,0.0,45.0,53.73,0.0,0.25,0.0,120.0,53.73,399.82,0.88,0.0,0.0,9.75,23.14,2.62,46.66,100.0,83.56,46.58
2018-01-06 20:48:00,2,1,53.76,85.0,55.0,53.69,53.72,53.76,0.0,0.0,0.0,45.0,53.72,0.0,0.25,0.0,120.0,53.72,399.82,0.88,0.0,0.0,9.75,23.12,2.62,46.66,100.0,83.57,46.58
2018-01-06 20:49:00,2,1,53.76,85.0,55.0,53.69,53.72,53.76,0.0,0.0,0.0,45.0,53.72,0.0,0.25,0.0,120.0,53.72,399.82,0.88,0.0,0.0,9.75,23.11,2.62,46.66,100.0,83.59,46.58
2018-01-06 20:50:00,2,1,53.75,85.0,55.0,53.68,53.71,53.75,0.0,0.0,0.0,45.0,53.71,0.0,0.26,0.0,120.0,53.71,399.82,0.88,0.0,0.0,9.75,23.1,2.62,46.66,100.0,83.61,46.58
2018-01-06 20:51:00,2,1,53.75,85.0,55.0,53.68,53.71,53.75,0.0,0.0,0.0,45.0,53.71,0.0,0.26,0.0,120.0,53.71,399.82,0.88,0.0,0.0,9.75,23.09,2.62,46.67,100.0,83.62,46.58
2018-01-06 20:52:00,2,1,53.74,85.0,55.0,53.67,53.7,53.74,0.0,0.0,0.0,45.0,53.7,0.0,0.26,0.0,120.0,53.7,399.82,0.88,0.0,0.0,9.75,23.08,2.62,46.67,100.0,83.64,46.58
2018-01-06 20:53:00,2,1,53.74,85.0,55.0,53.67,53.7,53.74,0.0,0.0,0.0,45.0,53.69,0.0,0.26,0.0,120.0,53.7,399.82,0.88,0.0,0.0,9.75,23.06,2.62,46.67,100.0,83.66,46.58
2018-01-06 20:54:00,2,1,53.73,85.0,55.0,53.66,53.69,53.73,0.0,0.0,0.0,45.0,53.69,0.0,0.27,0.0,120.0,53.69,399.82,0.88,0.0,0.0,9.75,23.05,2.62,46.67,100.0,83.67,46.59
2018-01-06 20:55:00,2,1,53.73,85.0,55.0,53.66,53.69,53.73,0.0,0.0,0.0,45.0,53.68,0.0,0.27,0.0,120.0,53.69,399.82,0.88,0.0,0.0,9.75,23.04,2.62,46.68,100.0,83.69,46.59
2018-01-06 20:56:00,2,1,53.72,85.0,55.0,53.65,53.68,53.72,0.0,0.0,0.0,45.0,53.68,0.0,0.27,0.0,120.0,53.68,399.82,0.88,0.0,0.0,9.75,23.03,2.62,46.68,100.0,83.71,46.59
2018-01-06 20:57:00,2,1,53.72,85.0,55.0,53.65,53.67,53.72,0.0,0.0,0.0,45.0,53.67,0.0,0.27,0.0,120.0,53.68,399.82,0.88,0.0,0.0,9.75,23.03,2.62,46.68,100.0,83.72,46.59
2018-01-06 20:58:00,2,1,53.71,85.0,55.0,53.64,53.67,53.71,0.0,0.0,0.0,45.0,53.67,0.0,0.28,0.0,120.0,53.67,399.82,0.88,0.0,0.0,9.75,23.02,2.62,46.68,100.0,83.74,46.59
2018-01-06 20:59:00,2,1,53.7,85.0,55.0,53.64,53.66,53.7,0.0,0.0,0.0,45.0,53.66,0.0,0.28,0.0,120.0,53.67,399.82,0.88,0.0,0.0,9.75,23.01,2.62,46.69,100.0,83.75,46.6
2018-01-06 21:00:00,2,1,53.7,85.0,55.0,53.63,53.66,53.7,0.0,0.0,0.0,45.0,53.66,0.0,0.28,0.0,120.0,53.66,399.82,0.88,0.0,0.0,9.75,23.0,2.62,46.69,100.0,83.77,46.6
2018-01-06 21:01:00,2,1,53.7,85.0,55.0,53.63,53.65,53.7,0.0,0.0,0.0,45.0,53.65,0.0,0.29,0.0,120.0,53.66,399.82,0.88,0.0,0.0,9.75,23.01,2.62,46.69,100.0,83.79,46.6
2018-01-06 21:02:00,2,1,53.69,85.0,55.0,53.62,53.65,53.69,0.0,0.0,0.0,45.0,53.65,0.0,0.29,0.0,120.0,53.65,399.82,0.88,0.0,0.0,9.75,23.02,2.62,46.69,100.0,83.8,46.6
2018-01-06 21:03:00,2,1,53.69,85.0,55.0,53.62,53.64,53.69,0.0,0.0,0.0,45.0,53.64,0.0,0.29,0.0,120.0,53.65,399.82,0.88,0.0,0.0,9.75,23.04,2.62,46.69,100.0,83.82,46.6
2018-01-06 21:04:00,2,1,53.68,85.0,55.0,53.61,53.64,53.68,0.0,0.0,0.0,45.0,53.64,0.0,0.29,0.0,120.0,53.64,399.82,0.88,0.0,0.0,9.75,23.06,2.62,46.69,100.0,83.83,46.6
2018-01-06 21:05:00,2,1,53.68,85.0,55.0,53.61,53.64,53.68,0.0,0.0,0.0,45.0,53.63,0.0,0.3,0.0,120.0,53.64,399.82,0.88,0.0,0.0,9.75,23.07,2.62,46.69,100.0,83.85,46.6
2018-01-06 21:06:00,2,1,53.67,85.0,55.0,53.6,53.63,53.67,0.0,0.0,0.0,45.0,53.63,0.0,0.3,0.0,120.0,53.63,399.82,0.88,0.0,0.0,9.75,23.09,2.62,46.69,100.0,83.86,46.61
2018-01-06 21:07:00,2,1,53.67,85.0,55.0,53.6,53.63,53.67,0.0,0.0,0.0,45.0,53.63,0.0,0.3,0.0,120.0,53.63,399.82,0.88,0.0,0.0,9.75,23.11,2.62,46.69,100.0,83.87,46.61
2018-01-06 21:08:00,2,1,53.66,85.0,55.0,53.6,53.62,53.66,0.0,0.0,0.0,45.0,53.62,0.0,0.3,0.0,120.0,53.62,399.82,0.88,0.0,0.0,9.75,23.13,2.62,46.69,100.0,83.89,46.61
2018-01-06 21:09:00,2,1,53.66,85.0,55.0,53.59,53.62,53.66,0.0,0.0,0.0,45.0,53.62,0.0,0.31,0.0,120.0,53.62,399.82,0.88,0.0,0.0,9.75,23.15,2.62,46.69,100.0,83.9,46.6
2018-01-06 21:10:00,2,1,53.66,85.0,55.0,53.59,53.61,53.66,0.0,0.0,0.0,45.0,53.61,0.0,0.31,0.0,120.0,53.62,399.82,0.88,0.0,0.0,9.75,23.17,2.62,46.69,100.0,83.91,46.6
2018-01-06 21:11:00,2,1,53.65,85.0,55.0,53.58,53.61,53.65,0.0,0.0,0.0,45.0,53.61,0.0,0.31,0.0,120.0,53.61,399.82,0.88,0.0,0.0,9.75,23.19,2.62,46.69,100.0,83.92,46.6
2018-01-06 21:12:00,2,1,53.65,85.0,55.0,53.58,53.61,53.65,0.0,0.0,0.0,45.0,53.61,0.0,0.32,0.0,120.0,53.61,399.82,0.88,0.0,0.0,9.75,23.21,2.62,46.69,100.0,83.94,46.6
2018-01-06 21:13:00,2,1,53.64,85.0,55.0,53.58,53.6,53.64,0.0,0.0,0.0,45.0,53.6,0.0,0.32,0.0,120.0,53.6,399.82,0.88,0.0,0.0,9.75,23.23,2.62,46.69,100.0,83.95,46.6
2018-01-06 21:14:00,2,1,53.64,85.0,55.0,53.57,53.6,53.64,0.0,0.0,0.0,45.0,53.6,0.0,0.32,0.0,120.0,53.6,399.82,0.88,0.0,0.0,9.75,23.25,2.62,46.68,100.0,83.96,46.6
2018-01-06 21:15:00,2,1,53.64,85.0,55.0,53.57,53.6,53.64,0.0,0.0,0.0,45.0,53.59,0.0,0.32,0.0,120.0,53.6,399.82,0.88,0.0,0.0,9.75,23.27,2.62,46.68,100.0,83.97,46.6
2018-01-06 21:16:00,2,1,53.63,85.0,55.0,53.57,53.59,53.63,0.0,0.0,0.0,45.0,53.59,0.0,0.33,0.0,120.0,53.59,399.82,0.88,0.0,0.0,9.75,23.29,2.62,46.68,100.0,83.98,46.6
2018-01-06 21:17:00,2,1,53.63,85.0,55.0,53.56,53.59,53.63,0.0,0.0,0.0,45.0,53.59,0.0,0.33,0.0,120.0,53.59,399.82,0.88,0.0,0.0,9.75,23.31,2.62,46.68,100.0,83.99,46.59
2018-01-06 21:18:00,2,1,53.63,85.0,55.0,53.56,53.59,53.63,0.0,0.0,0.0,45.0,53.58,0.0,0.33,0.0,120.0,53.59,399.82,0.88,0.0,0.0,9.75,23.33,2.62,46.67,100.0,84.0,46.59
2018-01-06 21:19:00,2,1,53.62,85.0,55.0,53.56,53.58,53.62,0.0,0.0,0.0,45.0,53.58,0.0,0.34,0.0,120.0,53.58,399.82,0.88,0.0,0.0,9.75,23.35,2.62,46.67,100.0,84.01,46.59
2018-01-06 21:20:00,2,1,53.62,85.0,55.0,53.55,53.58,53.62,0.0,0.0,0.0,45.0,53.58,0.0,0.34,0.0,120.0,53.58,399.82,0.88,0.0,0.0,9.75,23.38,2.62,46.67,100.0,84.02,46.59
2018-01-06 21:21:00,2,1,53.62,85.0,55.0,53.55,53.58,53.62,0.0,0.0,0.0,45.0,53.57,0.0,0.34,0.0,120.0,53.58,399.82,0.88,0.0,0.0,9.75,23.4,2.62,46.66,100.0,84.03,46.58
2018-01-06 21:22:00,2,1,53.61,85.0,55.0,53.55,53.57,53.61,0.0,0.0,0.0,45.0,53.57,0.0,0.34,0.0,120.0,53.57,399.82,0.88,0.0,0.0,9.75,23.42,2.62,46.66,100.0,84.04,46.58
2018-01-06 21:23:00,2,1,53.61,85.0,55.0,53.54,53.57,53.61,0.0,0.0,0.0,45.0,53.57,0.0,0.35,0.0,120.0,53.57,399.82,0.88,0.0,0.0,9.75,23.44,2.62,46.65,100.0,84.05,46.58
2018-01-06 21:24:00,2,1,53.61,85.0,55.0,53.54,53.57,53.61,0.0,0.0,0.0,45.0,53.57,0.0,0.35,0.0,120.0,53.57,399.82,0.88,0.0,0.0,9.75,23.47,2.62,46.65,100.0,84.06,46.57
2018-01-06 21:25:00,2,1,53.6,85.0,55.0,53.54,53.56,53.6,0.0,0.0,0.0,45.0,53.56,0.0,0.35,0.0,120.0,53.56,399.82,0.88,0.0,0.0,9.75,23.49,2.62,46.65,100.0,84.07,46.57
2018-01-06 21:26:00,2,1,53.6,85.0,55.0,53.53,53.56,53.6,0.0,0.0,0.0,45.0,53.56,0.0,0.36,0.0,120.0,53.56,399.82,0.88,0.0,0.0,9.75,23.51,2.62,46.64,100.0,84.08,46.57
2018-01-06 21:27:00,2,1,53.6,85.0,55.0,53.53,53.56,53.6,0.0,0.0,0.0,45.0,53.56,0.0,0.36,0.0,120.0,53.56,399.82,0.88,0.0,0.0,9.75,23.53,2.62,46.64,100.0,84.09,46.56
2018-01-06 21:28:00,2,1,53.59,85.0,55.0,53.53,53.55,53.59,0.0,0.0,0.0,45.0,53.55,0.0,0.36,0.0,120.0,53.55,399.82,0.88,0.0,0.0,9.75,23.55,2.62,46.63,100.0,84.1,46.56
2018-01-06 21:29:00,2,1,53.59,85.0,55.0,53.53,53.55,53.59,0.0,0.0,0.0,45.0,53.55,0.0,0.36,0.0,120.0,53.55,399.82,0.88,0.0,0.0,9.75,23.58,2.62,46.63,100.0,84.11,46.55
2018-01-06 21:30:00,2,1,53.59,85.0,55.0,53.52,53.55,53.59,0.0,0.0,0.0,45.0,53.55,0.0,0.37,0.0,120.0,53.55,399.82,0.88,0.0,0.0,9.75,23.6,2.62,46.62,100.0,84.12,46.55
2018-01-06 21:31:00,2,1,53.59,85.0,55.0,53.52,53.54,53.59,0.0,0.0,0.0,45.0,53.54,0.0,0.37,0.0,120.0,53.55,399.82,0.88,0.0,0.0,9.75,23.62,2.62,46.62,100.0,84.13,46.54
2018-01-06 21:32:00,2,1,53.58,85.0,55.0,53.52,53.54,53.58,0.0,0.0,0.0,45.0,53.54,0.0,0.37,0.0,120.0,53.54,399.82,0.88,0.0,0.0,9.75,23.64,2.62,46.61,100.0,84.14,46.54
2018-01-06 21:33:00,2,1,53.58,85.0,55.0,53.51,53.54,53.58,0.0,0.0,0.0,45.0,53.54,0.0,0.38,0.0,120.0,53.54,399.82,0.88,0.0,0.0,9.75,23.66,2.62,46.6,100.0,84.15,46.53
2018-01-06 21:34:00,2,1,53.58,85.0,55.0,53.51,53.54,53.58,0.0,0.0,0.0,45.0,53.54,0.0,0.38,0.0,120.0,53.54,399.82,0.88,0.0,0.0,9.75,23.68,2.62,46.6,100.0,84.16,46.53
2018-01-06 21:35:00,2,1,53.57,85.0,55.0,53.51,53.53,53.57,0.0,0.0,0.0,45.0,53.53,0.0,0.38,0.0,120.0,53.53,399.82,0.88,0.0,0.0,9.75,23.7,2.62,46.59,100.0,84.17,46.52
2018-01-06 21:36:00,2,1,53.57,85.0,55.0,53.51,53.53,53.57,0.0,0.0,0.0,45.0,53.53,0.0,0.39,0.0,120.0,53.53,399.82,0.88,0.0,0.0,9.75,23.72,2.62,46.59,100.0,84.18,46.52
2018-01-06 21:37:00,2,1,53.57,85.0,55.0,53.5,53.53,53.57,0.0,0.0,0.0,45.0,53.53,0.0,0.39,0.0,120.0,53.53,399.82,0.88,0.0,0.0,9.75,23.75,2.62,46.58,99.12,84.18,46.51
2018-01-06 21:38:00,2,1,53.57,85.0,55.0,53.5,53.52,53.57,0.0,0.0,0.0,45.0,53.52,0.0,0.39,0.0,120.0,53.53,399.82,0.88,0.0,0.0,9.75,23.77,2.62,46.57,98.03,84.19,46.51
2018-01-06 21:39:00,2,1,53.56,85.0,55.0,53.5,53.52,53.56,0.0,0.0,0.0,45.0,53.52,0.0,0.39,0.0,120.0,53.52,399.82,0.88,0.0,0.0,9.75,23.79,2.62,46.57,96.95,84.2,46.5
2018-01-06 21:40:00,2,1,53.56,85.0,55.0,53.49,53.52,53.56,0.0,0.0,0.0,45.0,53.52,0.0,0.4,0.0,120.0,53.52,399.82,0.88,0.0,0.0,9.75,23.8,2.62,46.56,95.88,84.21,46.49
2018-01-06 21:41:00,2,1,53.56,85.0,55.0,53.49,53.52,53.56,0.0,0.0,0.0,45.0,53.52,0.0,0.4,0.0,120.0,53.52,399.82,0.88,0.0,0.0,9.75,23.82,2.62,46.55,94.83,84.22,46.49
2018-01-06 21:42:00,2,1,53.55,85.0,55.0,53.49,53.51,53.55,0.0,0.0,0.0,45.0,53.51,0.0,0.4,0.0,120.0,53.51,399.82,0.88,0.0,0.0,9.75,23.84,2.62,46.55,93.8,84.23,46.48
2018-01-06 21:43:00,2,1,53.55,85.0,55.0,53.49,53.51,53.55,0.0,0.0,0.0,45.0,53.51,0.0,0.41,0.0,120.0,53.51,399.82,0.88,0.0,0.0,9.75,23.86,2.62,46.54,92.78,84.24,46.47
2018-01-06 21:44:00,2,1,53.55,85.0,55.0,53.48,53.51,53.55,0.0,0.0,0.0,45.0,53.51,0.0,0.41,0.0,120.0,53.51,399.82,0.88,0.0,0.0,9.75,23.88,2.62,46.53,91.79,84.25,46.47
2018-01-06 21:45:00,2,1,53.55,85.0,55.0,53.48,53.5,53.55,0.0,0.0,0.0,45.0,53.5,0.0,0.41,0.0,120.0,53.51,399.82,0.88,0.0,0.0,9.75,23.9,2.62,46.53,90.81,84.26,46.46
2018-01-06 21:46:00,2,1,53.54,85.0,55.0,53.48,53.5,53.54,0.0,0.0,0.0,45.0,53.5,0.0,0.42,0.0,120.0,53.5,399.82,0.88,0.0,0.0,9.75,23.91,2.62,46.52,89.86,84.27,46.45
2018-01-06 21:47:00,2,1,53.54,85.0,55.0,53.47,53.5,53.54,0.0,0.0,0.0,45.0,53.5,0.0,0.42,0.0,120.0,53.5,399.82,0.88,0.0,0.0,9.75,23.93,2.62,46.51,88.92,84.27,46.45
2018-01-06 21:48:00,2,1,53.54,85.0,55.0,53.47,53.5,53.54,0.0,0.0,0.0,45.0,53.5,0.0,0.42,0.0,120.0,53.5,399.82,0.88,0.0,0.0,9.75,23.94,2.62,46.5,88.01,84.28,46.44
2018-01-06 21:49:00,2,1,53.53,85.0,55.0,53.47,53.49,53.53,0.0,0.0,0.0,45.0,53.49,0.0,0.42,0.0,120.0,53.49,399.82,0.88,0.0,0.0,9.75,23.96,2.62,46.5,87.13,84.29,46.43
2018-01-06 21:50:00,2,1,53.53,85.0,55.0,53.47,53.49,53.53,0.0,0.0,0.0,45.0,53.49,0.0,0.43,0.0,120.0,53.49,399.82,0.88,0.0,0.0,9.75,23.97,2.62,46.49,86.27,84.3,46.43
2018-01-06 21:51:00,2,1,53.53,85.0,55.0,53.46,53.49,53.53,0.0,0.0,0.0,45.0,53.49,0.0,0.43,0.0,120.0,53.49,399.82,0.88,0.0,0.0,9.75,23.99,2.62,46.48,85.43,84.31,46.42
2018-01-06 21:52:00,2,1,53.53,85.0,55.0,53.46,53.48,53.53,0.0,0.0,0.0,45.0,53.48,0.0,0.43,0.0,120.0,53.49,399.82,0.88,0.0,0.0,9.75,24.0,2.62,46.47,84.62,84.32,46.41
2018-01-06 21:53:00,2,1,53.52,85.0,55.0,53.46,53.48,53.52,0.0,0.0,0.0,45.0,53.48,0.0,0.44,0.0,120.0,53.48,399.82,0.88,0.0,0.0,9.75,24.01,2.62,46.46,83.84,84.33,46.4
2018-01-06 21:54:00,2,1,53.52,85.0,55.0,53.45,53.48,53.52,0.0,0.0,0.0,45.0,53.48,0.0,0.44,0.0,120.0,53.48,399.82,0.88,0.0,0.0,9.75,24.02,2.62,46.46,83.09,84.34,46.4
2018-01-06 21:55:00,2,1,53.52,85.0,55.0,53.45,53.48,53.52,0.0,0.0,0.0,45.0,53.48,0.0,0.44,0.0,120.0,53.48,399.82,0.88,0.0,0.0,9.75,24.03,2.62,46.45,82.37,84.35,46.39
2018-01-06 21:56:00,2,1,53.51,85.0,55.0,53.45,53.47,53.51,0.0,0.0,0.0,45.0,53.47,0.0,0.45,0.0,120.0,53.47,399.82,0.88,0.0,0.0,9.75,24.04,2.62,46.44,81.67,84.36,46.38
2018-01-06 21:57:00,2,1,53.51,85.0,55.0,53.45,53.47,53.51,0.0,0.0,0.0,45.0,53.47,0.0,0.45,0.0,120.0,53.47,399.82,0.88,0.0,0.0,9.75,24.05,2.62,46.43,81.01,84.37,46.37
2018-01-06 21:58:00,2,1,53.51,85.0,55.0,53.45,53.47,53.51,0.0,0.0,0.0,45.0,53.47,0.0,0.45,0.0,120.0,53.47,536.5,0.88,0.0,0.0,13.08,24.06,5.35,46.41,80.39,84.36,46.37
2018-01-06 21:59:00,2,1,53.5,85.0,55.0,53.46,53.48,53.5,0.0,0.0,0.0,45.0,53.48,0.0,0.46,0.0,120.0,53.48,536.5,0.88,0.0,0.0,13.08,24.07,6.2,46.4,79.79,84.33,46.36
2018-01-06 22:00:00,2,1,53.5,85.0,55.0,53.45,53.49,53.5,0.0,0.0,0.0,45.0,53.49,0.0,0.46,0.0,120.0,53.49,536.5,0.88,0.0,0.0,13.08,24.08,6.31,46.39,79.23,84.31,46.35
2018-01-06 22:01:00,2,1,53.5,85.0,55.0,53.45,53.49,53.5,0.0,0.0,0.0,45.0,53.49,0.0,0.46,0.0,120.0,53.49,536.5,0.88,0.0,0.0,13.08,24.06,6.33,46.38,79.45,84.3,46.34
2018-01-06 22:02:00,2,1,53.5,85.0,55.0,53.45,53.49,53.5,0.0,0.0,0.0,45.0,53.49,0.0,0.46,0.0,120.0,53.49,536.5,0.88,0.0,0.0,13.08,24.04,6.33,46.37,80.13,84.3,46.33
2018-01-06 22:03:00,2,1,53.5,85.0,55.0,53.45,53.49,53.5,0.0,0.0,0.0,45.0,53.49,0.0,0.47,0.0,120.0,53.49,536.5,0.88,0.0,0.0,13.08,24.02,6.33,46.36,80.9,84.31,46.32
2018-01-06 22:04:00,2,1,53.5,85.0,55.0,53.45,53.49,53.5,0.0,0.0,0.0,45.0,53.49,0.0,0.47,0.0,120.0,53.49,536.5,0.88,0.0,0.0,13.08,23.99,6.33,46.35,81.71,84.31,46.31
2018-01-06 22:05:00,2,1,53.49,85.0,55.0,53.44,53.48,53.49,0.0,0.0,0.0,45.0,53.48,0.0,0.47,0.0,120.0,53.48,536.5,0.88,0.0,0.0,13.08,23.96,6.33,46.35,82.56,84.32,46.3
2018-01-06 22:06:00,2,1,53.49,85.0,55.0,53.44,53.48,53.49,0.0,0.0,0.0,45.0,53.48,0.0,0.48,0.0,120.0,53.48,536.5,0.88,0.0,0.0,13.08,23.93,6.33,46.34,83.45,84.33,46.29
2018-01-06 22:07:00,2,1,53.49,85.0,55.0,53.44,53.48,53.49,0.0,0.0,0.0,45.0,53.48,0.0,0.48,0.0,120.0,53.48,536.5,0.88,0.0,0.0,13.08,23.9,6.33,46.33,84.38,84.34,46.29
2018-01-06 22:08:00,2,1,53.48,85.0,55.0,53.43,53.48,53.48,0.0,0.0,0.0,45.0,53.48,0.0,0.48,0.0,120.0,53.48,536.5,0.88,0.0,0.0,13.08,23.88,6.33,46.33,85.33,84.35,46.28
2018-01-06 22:09:00,2,1,53.48,85.0,55.0,53.43,53.47,53.48,0.0,0.0,0.0,45.0,53.47,0.0,0.49,0.0,120.0,53.47,536.5,0.88,0.0,0.0,13.08,23.84,6.33,46.32,86.32,84.36,46.27
2018-01-06 22:10:00,2,1,53.48,85.0,55.0,53.43,53.47,53.48,0.0,0.0,0.0,45.0,53.47,0.0,0.49,0.0,120.0,53.47,536.5,0.88,0.0,0.0,13.08,23.81,6.33,46.31,87.35,84.37,46.27
2018-01-06 22:11:00,2,1,53.47,85.0,55.0,53.42,53.46,53.47,0.0,0.0,0.0,45.0,53.46,0.0,0.49,0.0,120.0,53.47,536.5,0.88,0.0,0.0,13.08,23.78,6.33,46.31,88.41,84.38,46.26
2018-01-06 22:12:00,2,1,53.47,85.0,55.0,53.42,53.46,53.47,0.0,0.0,0.0,45.0,53.46,0.0,0.5,0.0,120.0,53.46,536.5,0.88,0.0,0.0,13.08,23.75,6.33,46.3,89.5,84.4,46.26
2018-01-06 22:13:00,2,1,53.46,85.0,55.0,53.42,53.46,53.46,0.0,0.0,0.0,45.0,53.46,0.0,0.5,0.0,120.0,53.46,536.5,0.88,0.0,0.0,13.08,23.72,6.33,46.3,90.62,84.41,46.25
2018-01-06 22:14:00,2,1,53.46,85.0,55.0,53.41,53.45,53.46,0.0,0.0,0.0,45.0,53.45,0.0,0.5,0.0,120.0,53.45,536.5,0.88,0.0,0.0,13.08,23.68,6.33,46.3,91.77,84.42,46.25
2018-01-06 22:15:00,2,1,53.46,85.0,55.0,53.41,53.45,53.46,0.0,0.0,0.0,45.0,53.45,0.0,0.51,0.0,120.0,53.45,536.5,0.88,0.0,0.0,13.08,23.65,6.33,46.29,92.96,84.44,46.24
2018-01-06 22:16:00,2,1,53.45,85.0,55.0,53.4,53.44,53.45,0.0,0.0,0.0,45.0,53.44,0.0,0.51,0.0,120.0,53.44,536.5,0.88,0.0,0.0,13.08,23.61,6.33,46.29,94.17,84.45,46.24
2018-01-06 22:17:00,2,1,53.45,85.0,55.0,53.4,53.44,53.45,0.0,0.0,0.0,45.0,53.44,0.0,0.51,0.0,120.0,53.44,536.5,0.88,0.0,0.0,13.08,23.58,6.33,46.29,95.41,84.47,46.24
2018-01-06 22:18:00,2,1,53.44,85.0,55.0,53.39,53.43,53.44,0.0,0.0,0.0,45.0,53.43,0.0,0.52,0.0,120.0,53.43,536.5,0.88,0.0,0.0,13.08,23.54,6.33,46.29,96.69,84.48,46.24
2018-01-06 22:19:00,2,1,53.44,85.0,55.0,53.39,53.43,53.44,0.0,0.0,0.0,45.0,53.43,0.0,0.52,0.0,120.0,53.43,536.5,0.88,0.0,0.0,13.08,23.51,6.33,46.28,97.99,84.5,46.23
2018-01-06 22:20:00,2,1,53.43,85.0,55.0,53.38,53.42,53.43,0.0,0.0,0.0,45.0,53.42,0.0,0.52,0.0,120.0,53.42,536.5,0.88,0.0,0.0,13.08,23.47,6.33,46.28,99.32,84.51,46.23
2018-01-06 22:21:00,2,1,53.43,85.0,55.0,53.38,53.42,53.43,0.0,0.0,0.0,45.0,53.42,0.0,0.53,0.0,120.0,53.42,536.5,0.88,0.0,0.0,13.08,23.43,6.33,46.28,100.0,84.53,46.23
2018-01-06 22:22:00,2,1,53.42,85.0,55.0,53.37,53.41,53.42,0.0,0.0,0.0,45.0,53.41,0.0,0.53,0.0,120.0,53.41,536.5,0.88,0.0,0.0,13.08,23.4,6.33,46.28,100.0,84.55,46.23
2018-01-06 22:23:00,2,1,53.41,85.0,55.0,53.37,53.41,53.41,0.0,0.0,0.0,45.0,53.41,0.0,0.53,0.0,120.0,53.41,536.5,0.88,0.0,0.0,13.08,23.36,6.33,46.28,100.0,84.56,46.23
2018-01-06 22:24:00,2,1,53.41,85.0,55.0,53.36,53.4,53.41,0.0,0.0,0.0,45.0,53.4,0.0,0.54,0.0,120.0,53.4,536.5,0.88,0.0,0.0,13.08,23.32,6.33,46.28,100.0,84.58,46.23
2018-01-06 22:25:00,2,1,53.4,85.0,55.0,53.35,53.4,53.4,0.0,0.0,0.0,45.0,53.4,0.0,0.54,0.0,120.0,53.4,536.5,0.88,0.0,0.0,13.08,23.28,6.33,46.28,100.0,84.6,46.23
2018-01-06 22:26:00,2,1,53.4,85.0,55.0,53.35,53.39,53.4,0.0,0.0,0.0,45.0,53.39,0.0,0.54,0.0,120.0,53.39,536.5,0.88,0.0,0.0,13.08,23.24,6.33,46.28,100.0,84.61,46.22
2018-01-06 22:27:00,2,1,53.39,85.0,55.0,53.34,53.39,53.39,0.0,0.0,0.0,45.0,53.39,0.0,0.55,0.0,120.0,53.39,536.5,0.88,0.0,0.0,13.08,23.2,6.33,46.28,100.0,84.63,46.22
2018-01-06 22:28:00,2,1,53.39,85.0,55.0,53.34,53.38,53.39,0.0,0.0,0.0,45.0,53.38,0.0,0.55,0.0,120.0,53.38,536.5,0.88,0.0,0.0,13.08,23.16,6.33,46.28,100.0,84.65,46.22
2018-01-06 22:29:00,2,1,53.38,85.0,55.0,53.33,53.37,53.38,0.0,0.0,0.0,45.0,53.37,0.0,0.55,0.0,120.0,53.38,536.5,0.88,0.0,0.0,13.08,23.13,6.33,46.28,100.0,84.67,46.23
2018-01-06 22:30:00,2,1,53.38,85.0,55.0,53.33,53.37,53.38,0.0,0.0,0.0,45.0,53.37,0.0,0.56,0.0,120.0,53.37,536.5,0.88,0.0,0.0,13.08,23.09,6.33,46.28,100.0,84.69,46.23
2018-01-06 22:31:00,2,1,53.37,85.0,55.0,53.32,53.36,53.37,0.0,0.0,0.0,45.0,53.36,0.0,0.56,0.0,120.0,53.36,536.5,0.88,0.0,0.0,13.08,23.05,6.33,46.29,100.0,84.71,46.23
2018-01-06 22:32:00,2,1,53.36,85.0,55.0,53.31,53.36,53.36,0.0,0.0,0.0,45.0,53.36,0.0,0.56,0.0,120.0,53.36,536.5,0.88,0.0,0.0,13.08,23.01,6.33,46.29,92.68,84.73,46.23
2018-01-06 22:33:00,2,1,53.36,85.0,55.0,53.31,53.35,53.36,0.0,0.0,0.0,45.0,53.35,0.0,0.57,0.0,120.0,53.35,536.5,0.88,0.0,0.0,13.08,22.97,6.33,46.29,71.29,84.74,46.23
2018-01-06 22:34:00,2,1,53.35,85.0,55.0,53.3,53.35,53.35,0.0,0.0,0.0,45.0,53.34,0.0,0.57,0.0,120.0,53.35,536.5,0.88,0.0,0.0,13.08,22.93,6.33,46.29,69.01,84.76,46.23
2018-01-06 22:35:00,2,1,53.35,85.0,55.0,53.3,53.34,53.35,0.0,0.0,0.0,45.0,53.34,0.0,0.57,0.0,120.0,53.34,536.5,0.88,0.0,0.0,13.08,22.89,6.33,46.29,69.32,84.78,46.23
2018-01-06 22:36:00,2,1,53.34,85.0,55.0,53.29,53.33,53.34,0.0,0.0,0.0,45.0,53.33,0.0,0.58,0.0,120.0,53.33,536.5,0.88,0.0,0.0,13.08,22.85,6.33,46.3,69.98,84.8,46.24
2018-01-06 22:37:00,2,1,53.33,85.0,55.0,53.28,53.33,53.33,0.0,0.0,0.0,45.0,53.33,0.0,0.58,0.0,120.0,53.33,536.5,0.88,0.0,0.0,13.08,22.81,6.33,46.3,70.69,84.82,46.24
2018-01-06 22:38:00,2,1,53.33,85.0,55.0,53.28,53.32,53.33,0.0,0.0,0.0,45.0,53.32,0.0,0.58,0.0,120.0,53.32,536.5,0.88,0.0,0.0,13.08,22.77,6.33,46.3,71.41,84.84,46.24
2018-01-06 22:39:00,2,1,53.32,85.0,55.0,53.27,53.32,53.32,0.0,0.0,0.0,45.0,53.31,0.0,0.59,0.0,120.0,53.32,536.5,0.88,0.0,0.0,13.08,22.73,6.33,46.31,72.13,84.86,46.24
2018-01-06 22:40:00,2,1,53.32,85.0,55.0,53.27,53.31,53.32,0.0,0.0,0.0,45.0,53.31,0.0,0.59,0.0,120.0,53.31,536.5,0.88,0.0,0.0,13.08,22.69,6.33,46.31,72.86,84.88,46.25
2018-01-06 22:41:00,2,1,53.31,85.0,55.0,53.26,53.3,53.31,0.0,0.0,0.0,45.0,53.3,0.0,0.59,0.0,120.0,53.3,536.5,0.88,0.0,0.0,13.08,22.65,6.33,46.31,73.58,84.9,46.25
2018-01-06 22:42:00,2,1,53.3,85.0,55.0,53.25,53.3,53.3,0.0,0.0,0.0,45.0,53.3,0.0,0.6,0.0,120.0,53.3,536.5,0.88,0.0,0.0,13.08,22.61,6.33,46.32,74.3,84.92,46.25
2018-01-06 22:43:00,2,1,53.3,85.0,55.0,53.25,53.29,53.3,0.0,0.0,0.0,45.0,53.29,0.0,0.6,0.0,120.0,53.29,536.5,0.88,0.0,0.0,13.08,22.57,6.33,46.32,75.02,84.94,46.26
2018-01-06 22:44:00,2,1,53.29,85.0,55.0,53.24,53.28,53.29,0.0,0.0,0.0,45.0,53.28,0.0,0.6,0.0,120.0,53.29,536.5,0.88,0.0,0.0,13.08,22.53,6.33,46.33,75.74,84.96,46.26
2018-01-06 22:45:00,2,1,53.28,85.0,55.0,53.23,53.28,53.28,0.0,0.0,0.0,45.0,53.28,0.0,0.61,0.0,120.0,53.28,536.5,0.88,0.0,0.0,13.08,22.49,6.33,46.33,76.46,84.98,46.26
2018-01-06 22:46:00,2,1,53.28,85.0,55.0,53.23,53.27,53.28,0.0,0.0,0.0,45.0,53.27,0.0,0.61,0.0,120.0,53.27,536.5,0.88,0.0,0.0,13.08,22.45,6.33,46.34,77.17,85.0,46.27
2018-01-06 22:47:00,2,1,53.27,85.0,55.0,53.22,53.27,53.27,0.0,0.0,0.0,45.0,53.26,0.0,0.61,0.0,120.0,53.27,536.5,0.88,0.0,0.0,13.08,22.41,6.33,46.34,77.89,85.02,46.27
2018-01-06 22:48:00,2,1,53.27,85.0,55.0,53.22,53.26,53.27,0.0,0.0,0.0,45.0,53.26,0.0,0.62,0.0,120.0,53.26,536.5,0.88,0.0,0.0,13.08,22.37,6.33,46.35,78.6,85.04,46.28
2018-01-06 22:49:00,2,1,53.26,85.0,55.0,53.21,53.25,53.26,0.0,0.0,0.0,45.0,53.25,0.0,0.62,0.0,120.0,53.25,536.5,0.88,0.0,0.0,13.08,22.33,6.33,46.35,79.3,85.06,46.28
2018-01-06 22:50:00,2,1,53.25,85.0,55.0,53.2,53.25,53.25,0.0,0.0,0.0,45.0,53.25,0.0,0.63,0.0,120.0,53.25,536.5,0.88,0.0,0.0,13.08,22.29,6.33,46.36,80.0,85.08,46.29
2018-01-06 22:51:00,2,1,53.25,85.0,55.0,53.2,53.24,53.25,0.0,0.0,0.0,45.0,53.24,0.0,0.63,0.0,120.0,53.24,536.5,0.88,0.0,0.0,13.08,22.26,6.33,46.36,80.7,85.1,46.29
2018-01-06 22:52:00,2,1,53.24,85.0,55.0,53.19,53.23,53.24,0.0,0.0,0.0,45.0,53.23,0.0,0.63,0.0,120.0,53.23,536.5,0.88,0.0,0.0,13.08,22.22,6.33,46.37,81.39,85.12,46.3
2018-01-06 22:53:00,2,1,53.23,85.0,55.0,53.18,53.23,53.23,0.0,0.0,0.0,45.0,53.23,0.0,0.64,0.0,120.0,53.23,536.5,0.88,0.0,0.0,13.08,22.18,6.33,46.38,82.08,85.14,46.3
2018-01-06 22:54:00,2,1,53.23,85.0,55.0,53.18,53.22,53.23,0.0,0.0,0.0,45.0,53.22,0.0,0.64,0.0,120.0,53.22,536.5,0.88,0.0,0.0,13.08,22.14,6.33,46.38,82.76,85.16,46.31
2018-01-06 22:55:00,2,1,53.22,85.0,55.0,53.17,53.21,53.22,0.0,0.0,0.0,45.0,53.21,0.0,0.64,0.0,120.0,53.22,536.5,0.88,0.0,0.0,13.08,22.11,6.33,46.39,83.44,85.19,46.31
2018-01-06 22:56:00,2,1,53.22,85.0,55.0,53.16,53.21,53.22,0.0,0.0,0.0,45.0,53.21,0.0,0.65,0.0,120.0,53.21,536.5,0.88,0.0,0.0,13.08,22.07,6.33,46.39,84.11,85.21,46.32
2018-01-06 22:57:00,2,1,53.21,85.0,55.0,53.16,53.2,53.21,0.0,0.0,0.0,45.0,53.2,0.0,0.65,0.0,120.0,53.2,536.5,0.88,0.0,0.0,13.08,22.04,6.33,46.4,84.77,85.23,46.33
2018-01-06 22:58:00,2,1,53.2,85.0,55.0,53.15,53.2,53.2,0.0,0.0,0.0,45.0,53.19,0.0,0.66,0.0,120.0,53.2,536.5,0.88,0.0,0.0,13.08,22.0,6.33,46.41,85.42,85.25,46.33
2018-01-06 22:59:00,2,1,53.2,85.0,55.0,53.15,53.19,53.2,0.0,0.0,0.0,45.0,53.19,0.0,0.66,0.0,120.0,53.19,536.5,0.88,0.0,0.0,13.08,21.97,6.33,46.42,86.07,85.27,46.34
2018-01-06 23:00:00,2,1,53.19,85.0,55.0,53.14,53.18,53.19,0.0,0.0,0.0,45.0,53.18,0.0,0.66,0.0,120.0,53.18,536.5,0.88,0.0,0.0,13.08,21.94,6.33,46.42,86.7,85.29,46.35
2018-01-06 23:01:00,2,1,53.18,85.0,55.0,53.13,53.18,53.18,0.0,0.0,0.0,45.0,53.18,0.0,0.67,0.0,120.0,53.18,536.5,0.88,0.0,0.0,13.08,21.91,6.33,46.43,87.12,85.31,46.35
2018-01-06 23:02:00,2,1,53.18,85.0,55.0,53.13,53.17,53.18,0.0,0.0,0.0,45.0,53.17,0.0,0.67,0.0,120.0,53.17,536.5,0.88,0.0,0.0,13.08,21.9,6.33,46.44,87.41,85.33,46.36
2018-01-06 23:03:00,2,1,53.17,85.0,55.0,53.12,53.16,53.17,0.0,0.0,0.0,45.0,53.16,0.0,0.67,0.0,120.0,53.17,536.5,0.88,0.0,0.0,13.08,21.88,6.33,46.44,87.67,85.35,46.37
2018-01-06 23:04:00,2,1,53.17,85.0,55.0,53.11,53.16,53.17,0.0,0.0,0.0,45.0,53.16,0.0,0.68,0.0,120.0,53.16,536.5,0.88,0.0,0.0,13.08,21.87,6.33,46.45,87.92,85.37,46.37
2018-01-06 23:05:00,2,1,53.16,85.0,55.0,53.11,53.15,53.16,0.0,0.0,0.0,45.0,53.15,0.0,0.68,0.0,120.0,53.15,536.5,0.88,0.0,0.0,13.08,21.86,6.33,46.46,88.16,85.39,46.38
2018-01-06 23:06:00,2,1,53.15,85.0,55.0,53.1,53.15,53.15,0.0,0.0,0.0,45.0,53.15,0.0,0.69,0.0,120.0,53.15,536.5,0.88,0.0,0.0,13.08,21.85,6.33,46.46,88.39,85.41,46.38
2018-01-06 23:07:00,2,1,53.15,85.0,55.0,53.1,53.14,53.15,0.0,0.0,0.0,45.0,53.14,0.0,0.69,0.0,120.0,53.14,536.5,0.88,0.0,0.0,13.08,21.83,6.33,46.47,88.62,85.42,46.39
2018-01-06 23:08:00,2,1,53.14,85.0,55.0,53.09,53.13,53.14,0.0,0.0,0.0,45.0,53.13,0.0,0.69,0.0,120.0,53.14,536.5,0.88,0.0,0.0,13.08,21.82,6.33,46.47,88.83,85.44,46.4
2018-01-06 23:09:00,2,1,53.14,85.0,55.0,53.09,53.13,53.14,0.0,0.0,0.0,45.0,53.13,0.0,0.7,0.0,120.0,53.13,536.5,0.88,0.0,0.0,13.08,21.81,6.33,46.48,89.04,85.46,46.4
2018-01-06 23:10:00,2,1,53.13,85.0,55.0,53.08,53.12,53.13,0.0,0.0,0.0,45.0,53.12,0.0,0.7,0.0,120.0,53.12,536.5,0.88,0.0,0.0,13.08,21.8,6.33,46.49,89.24,85.48,46.41
2018-01-06 23:11:00,2,1,53.13,85.0,55.0,53.08,53.12,53.13,0.0,0.0,0.0,45.0,53.12,0.0,0.71,0.0,120.0,53.12,536.5,0.88,0.0,0.0,13.08,21.79,6.33,46.49,89.43,85.5,46.41
2018-01-06 23:12:00,2,1,53.12,85.0,55.0,53.07,53.11,53.12,0.0,0.0,0.0,45.0,53.11,0.0,0.71,0.0,120.0,53.11,536.5,0.88,0.0,0.0,13.08,21.79,6.33,46.5,89.61,85.51,46.42
2018-01-06 23:13:00,2,1,53.12,85.0,55.0,53.06,53.11,53.12,0.0,0.0,0.0,45.0,53.11,0.0,0.71,0.0,120.0,53.11,536.5,0.88,0.0,0.0,13.08,21.78,6.33,46.5,89.79,85.53,46.42
2018-01-06 23:14:00,2,1,53.11,85.0,55.0,53.06,53.1,53.11,0.0,0.0,0.0,45.0,53.1,0.0,0.72,0.0,120.0,53.1,536.5,0.88,0.0,0.0,13.08,21.77,6.33,46.51,89.95,85.55,46.43
2018-01-06 23:15:00,2,1,53.11,85.0,55.0,53.05,53.1,53.11,0.0,0.0,0.0,45.0,53.1,0.0,0.72,0.0,120.0,53.1,536.5,0.88,0.0,0.0,13.08,21.76,6.33,46.51,90.11,85.57,46.43
2018-01-06 23:16:00,2,1,53.1,85.0,55.0,53.05,53.09,53.1,0.0,0.0,0.0,45.0,53.09,0.0,0.73,0.0,120.0,53.09,536.5,0.88,0.0,0.0,13.08,21.76,6.33,46.52,90.26,85.58,46.44
2018-01-06 23:17:00,2,1,53.1,85.0,55.0,53.04,53.09,53.1,0.0,0.0,0.0,45.0,53.09,0.0,0.73,0.0,120.0,53.09,536.5,0.88,0.0,0.0,13.08,21.75,6.33,46.53,90.41,85.6,46.45
2018-01-06 23:18:00,2,1,53.09,85.0,55.0,53.04,53.08,53.09,0.0,0.0,0.0,45.0,53.08,0.0,0.73,0.0,120.0,53.08,536.5,0.88,0.0,0.0,13.08,21.74,6.33,46.53,90.54,85.62,46.45
2018-01-06 23:19:00,2,1,53.09,85.0,55.0,53.03,53.08,53.09,0.0,0.0,0.0,45.0,53.08,0.0,0.74,0.0,120.0,53.08,536.5,0.88,0.0,0.0,13.08,21.74,6.33,46.54,90.67,85.63,46.46
2018-01-06 23:20:00,2,1,53.08,85.0,55.0,53.03,53.07,53.08,0.0,0.0,0.0,45.0,53.07,0.0,0.74,0.0,120.0,53.07,536.5,0.88,0.0,0.0,13.08,21.74,6.33,46.54,90.79,85.65,46.46
2018-01-06 23:21:00,2,1,53.08,85.0,55.0,53.02,53.07,53.08,0.0,0.0,0.0,45.0,53.07,0.0,0.74,0.0,120.0,53.07,536.5,0.88,0.0,0.0,13.08,21.73,6.33,46.55,90.91,85.66,46.47
2018-01-06 23:22:00,2,1,53.07,85.0,55.0,53.02,53.06,53.07,0.0,0.0,0.0,45.0,53.06,0.0,0.75,0.0,120.0,53.06,536.5,0.88,0.0,0.0,13.08,21.73,6.33,46.55,91.02,85.68,46.47
2018-01-06 23:23:00,2,1,53.07,85.0,55.0,53.01,53.06,53.07,0.0,0.0,0.0,45.0,53.06,0.0,0.75,0.0,120.0,53.06,536.5,0.88,0.0,0.0,13.08,21.72,6.33,46.56,91.12,85.7,46.48
2018-01-06 23:24:00,2,1,53.06,85.0,55.0,53.01,53.05,53.06,0.0,0.0,0.0,45.0,53.05,0.0,0.76,0.0,120.0,53.05,536.5,0.88,0.0,0.0,13.08,21.72,6.33,46.56,91.21,85.71,46.48
2018-01-06 23:25:00,2,1,53.06,85.0,55.0,53.01,53.05,53.06,0.0,0.0,0.0,45.0,53.05,0.0,0.76,0.0,120.0,53.05,536.5,0.88,0.0,0.0,13.08,21.72,6.33,46.57,91.3,85.73,46.49
2018-01-06 23:26:00,2,1,53.05,85.0,55.0,53.0,53.04,53.05,0.0,0.0,0.0,45.0,53.04,0.0,0.77,0.0,120.0,53.04,536.5,0.88,0.0,0.0,13.08,21.72,6.33,46.57,91.38,85.74,46.49
2018-01-06 23:27:00,2,1,53.05,85.0,55.0,53.0,53.04,53.05,0.0,0.0,0.0,45.0,53.04,0.0,0.77,0.0,120.0,53.04,536.5,0.88,0.0,0.0,13.08,21.72,6.33,46.58,91.45,85.76,46.5
2018-01-06 23:28:00,2,1,53.04,85.0,55.0,52.99,53.03,53.04,0.0,0.0,0.0,45.0,53.03,0.0,0.77,0.0,120.0,53.03,536.5,0.88,0.0,0.0,13.08,21.72,6.33,46.58,91.52,85.77,46.5
2018-01-06 23:29:00,2,1,53.04,85.0,55.0,52.99,53.03,53.04,0.0,0.0,0.0,45.0,53.03,0.0,0.78,0.0,120.0,53.03,536.5,0.88,0.0,0.0,13.08,21.72,6.33,46.59,91.58,85.79,46.51
2018-01-06 23:30:00,2,1,53.03,85.0,55.0,52.98,53.02,53.03,0.0,0.0,0.0,45.0,53.02,0.0,0.78,0.0,120.0,53.03,536.5,0.88,0.0,0.0,13.08,21.72,6.33,46.59,91.64,85.8,46.51
2018-01-06 23:31:00,2,1,53.03,85.0,55.0,52.98,53.02,53.03,0.0,0.0,0.0,45.0,53.02,0.0,0.79,0.0,120.0,53.02,536.5,0.88,0.0,0.0,13.08,21.72,6.33,46.6,91.69,85.82,46.52
2018-01-06 23:32:00,2,1,53.02,85.0,55.0,52.97,53.02,53.02,0.0,0.0,0.0,45.0,53.01,0.0,0.79,0.0,120.0,53.02,536.5,0.88,0.0,0.0,13.08,21.72,6.33,46.6,91.73,85.83,46.52
2018-01-06 23:33:00,2,1,53.02,85.0,55.0,52.97,53.01,53.02,0.0,0.0,0.0,45.0,53.01,0.0,0.79,0.0,120.0,53.01,536.5,0.88,0.0,0.0,13.08,21.72,6.33,46.61,91.77,85.85,46.53
2018-01-06 23:34:00,2,1,53.02,85.0,55.0,52.96,53.01,53.02,0.0,0.0,0.0,45.0,53.01,0.0,0.8,0.0,120.0,53.01,536.5,0.88,0.0,0.0,13.08,21.72,6.33,46.61,91.8,85.86,46.53
2018-01-06 23:35:00,2,1,53.01,85.0,55.0,52.96,53.0,53.01,0.0,0.0,0.0,45.0,53.0,0.0,0.8,0.0,120.0,53.0,536.5,0.88,0.0,0.0,13.08,21.73,6.33,46.62,91.83,85.88,46.53
2018-01-06 23:36:00,2,1,53.01,85.0,55.0,52.96,53.0,53.01,0.0,0.0,0.0,45.0,53.0,0.0,0.81,0.0,120.0,53.0,536.5,0.88,0.0,0.0,13.08,21.73,6.33,46.62,91.85,85.89,46.54
2018-01-06 23:37:00,2,1,53.0,85.0,55.0,52.95,52.99,53.0,0.0,0.0,0.0,45.0,52.99,0.0,0.81,0.0,120.0,52.99,536.5,0.88,0.0,0.0,13.08,21.73,6.33,46.63,91.86,85.91,46.54
2018-01-06 23:38:00,2,1,53.0,85.0,55.0,52.95,52.99,53.0,0.0,0.0,0.0,45.0,52.99,0.0,0.81,0.0,120.0,52.99,536.5,0.88,0.0,0.0,13.08,21.74,6.33,46.63,91.87,85.92,46.55
2018-01-06 23:39:00,2,1,52.99,85.0,55.0,52.94,52.98,52.99,0.0,0.0,0.0,45.0,52.98,0.0,0.82,0.0,120.0,52.99,536.5,0.88,0.0,0.0,13.08,21.74,6.33,46.63,91.88,85.93,46.55
2018-01-06 23:40:00,2,1,52.99,85.0,55.0,52.94,52.98,52.99,0.0,0.0,0.0,45.0,52.98,0.0,0.82,0.0,120.0,52.98,536.5,0.88,0.0,0.0,13.08,21.74,6.33,46.64,91.88,85.95,46.56
2018-01-06 23:41:00,2,1,52.99,85.0,55.0,52.93,52.98,52.99,0.0,0.0,0.0,45.0,52.98,0.0,0.83,0.0,120.0,52.98,536.5,0.88,0.0,0.0,13.08,21.75,6.33,46.64,91.88,85.96,46.56
2018-01-06 23:42:00,2,1,52.98,85.0,55.0,52.93,52.97,52.98,0.0,0.0,0.0,45.0,52.97,0.0,0.83,0.0,120.0,52.97,536.5,0.88,0.0,0.0,13.08,21.75,6.33,46.65,91.87,85.98,46.57
2018-01-06 23:43:00,2,1,52.98,85.0,55.0,52.93,52.97,52.98,0.0,0.0,0.0,45.0,52.97,0.0,0.84,0.0,120.0,52.97,536.5,0.88,0.0,0.0,13.08,21.76,6.33,46.65,91.86,85.99,46.57
2018-01-06 23:44:00,2,1,52.97,85.0,55.0,52.92,52.96,52.97,0.0,0.0,0.0,45.0,52.96,0.0,0.84,0.0,120.0,52.96,536.5,0.88,0.0,0.0,13.08,21.77,6.33,46.66,91.84,86.0,46.57
2018-01-06 23:45:00,2,1,52.97,85.0,55.0,52.92,52.96,52.97,0.0,0.0,0.0,45.0,52.96,0.0,0.84,0.0,120.0,52.96,536.5,0.88,0.0,0.0,13.08,21.77,6.33,46.66,91.82,86.02,46.58
2018-01-06 23:46:00,2,1,52.97,85.0,55.0,52.91,52.96,52.97,0.0,0.0,0.0,45.0,52.96,0.0,0.85,0.0,120.0,52.96,536.5,0.88,0.0,0.0,13.08,21.78,6.33,46.66,91.79,86.03,46.58
2018-01-06 23:47:00,2,1,52.96,85.0,55.0,52.92,52.96,52.96,0.0,0.0,0.0,45.0,52.96,0.0,0.85,0.0,120.0,52.96,741.53,0.88,0.0,0.0,18.08,21.79,13.48,46.65,91.76,86.02,46.59
2018-01-06 23:48:00,2,1,52.96,85.0,55.0,52.92,52.98,52.96,0.0,0.0,0.0,45.0,52.98,0.0,0.86,0.0,120.0,52.97,741.53,0.88,0.0,0.0,18.08,21.8,16.27,46.65,91.72,85.96,46.59
2018-01-06 23:49:00,2,1,52.96,85.0,55.0,52.92,52.99,52.96,0.0,0.0,0.0,45.0,52.99,0.0,0.86,0.0,120.0,52.99,741.53,0.88,0.0,0.0,18.08,21.8,16.65,46.64,91.68,85.92,46.58
2018-01-06 23:50:00,2,1,52.96,85.0,55.0,52.93,52.99,52.96,0.0,0.0,0.0,45.0,52.99,0.0,0.86,0.0,120.0,52.99,741.53,0.88,0.0,0.0,18.08,21.81,16.7,46.63,91.64,85.9,46.58
2018-01-06 23:51:00,2,1,52.96,85.0,55.0,52.93,53.0,52.96,0.0,0.0,0.0,45.0,53.0,0.0,0.87,0.0,120.0,53.0,741.53,0.88,0.0,0.0,18.08,21.82,16.71,46.63,91.6,85.89,46.57
2018-01-06 23:52:00,2,1,52.96,85.0,55.0,52.93,53.0,52.96,0.0,0.0,0.0,45.0,53.0,0.0,0.87,0.0,120.0,53.0,741.53,0.88,0.0,0.0,18.08,21.83,16.71,46.62,91.55,85.89,46.57
2018-01-06 23:53:00,2,1,52.96,85.0,55.0,52.93,53.0,52.96,0.0,0.0,0.0,45.0,53.0,0.0,0.88,0.0,120.0,53.0,741.53,0.88,0.0,0.0,18.08,21.84,16.71,46.62,91.49,85.89,46.56
2018-01-06 23:54:00,2,1,52.96,85.0,55.0,52.93,53.0,52.96,0.0,0.0,0.0,45.0,53.0,0.0,0.88,0.0,120.0,53.0,741.53,0.88,0.0,0.0,18.08,21.85,16.71,46.62,91.44,85.89,46.56
2018-01-06 23:55:00,2,1,52.96,85.0,55.0,52.93,53.0,52.96,0.0,0.0,0.0,45.0,53.0,0.0,0.89,0.0,120.0,53.0,741.53,0.88,0.0,0.0,18.08,21.86,16.71,46.62,91.38,85.89,46.56
2018-01-06 23:56:00,2,1,52.96,85.0,55.0,52.93,53.0,52.96,0.0,0.0,0.0,45.0,53.0,0.0,0.89,0.0,120.0,53.0,741.53,0.88,0.0,0.0,18.08,21.87,16.71,46.61,91.31,85.89,46.56
2018-01-06 23:57:00,2,1,52.96,85.0,55.0,52.92,53.0,52.96,0.0,0.0,0.0,45.0,53.0,0.0,0.89,0.0,120.0,53.0,741.53,0.88,0.0,0.0,18.08,21.88,16.71,46.61,91.25,85.89,46.55
2018-01-06 23:58:00,2,1,52.96,85.0,55.0,52.92,53.0,52.96,0.0,0.0,0.0,45.0,53.0,0.0,0.9,0.0,120.0,53.0,741.53,0.88,0.0,0.0,18.08,21.89,16.71,46.61,91.18,85.9,46.55
2018-01-06 23:59:00,2,1,52.96,85.0,55.0,52.92,52.99,52.96,0.0,0.0,0.0,45.0,52.99,0.0,0.9,0.0,120.0,52.99,741.53,0.88,0.0,0.0,18.08,21.9,16.71,46.61,91.11,85.9,46.55
2018-01-07 00:00:00,2,1,52.96,85.0,55.0,52.92,52.99,52.96,0.0,0.0,0.0,45.0,52.99,0.0,0.91,0.0,120.0,52.99,741.53,0.88,0.0,0.0,18.08,21.91,16.71,46.61,91.03,85.91,46.55
2018-01-07 00:01:00,2,1,52.96,85.0,55.0,52.92,52.99,52.96,0.0,0.0,0.0,45.0,52.99,0.0,0.91,0.0,120.0,52.99,741.53,0.88,0.0,0.0,18.08,21.93,16.71,46.61,91.02,85.91,46.55
2018-01-07 00:02:00,2,1,52.95,85.0,55.0,52.92,52.99,52.95,0.0,0.0,0.0,45.0,52.99,0.0,0.92,0.0,120.0,52.99,741.53,0.88,0.0,0.0,18.08,21.94,16.71,46.61,91.05,85.92,46.55
2018-01-07 00:03:00,2,1,52.95,85.0,55.0,52.91,52.99,52.95,0.0,0.0,0.0,45.0,52.99,0.0,0.92,0.0,120.0,52.99,741.53,0.88,0.0,0.0,18.08,21.95,16.71,46.61,91.07,85.93,46.55
2018-01-07 00:04:00,2,1,52.95,85.0,55.0,52.91,52.99,52.95,0.0,0.0,0.0,45.0,52.99,0.0,0.92,0.0,120.0,52.99,741.53,0.88,0.0,0.0,18.08,21.96,16.71,46.61,91.1,85.93,46.55
2018-01-07 00:05:00,2,1,52.95,85.0,55.0,52.91,52.98,52.95,0.0,0.0,0.0,45.0,52.98,0.0,0.93,0.0,120.0,52.98,741.53,0.88,0.0,0.0,18.08,21.97,16.71,46.61,91.12,85.94,46.55
2018-01-07 00:06:00,2,1,52.94,85.0,55.0,52.91,52.98,52.94,0.0,0.0,0.0,45.0,52.98,0.0,0.93,0.0,120.0,52.98,741.53,0.88,0.0,0.0,18.08,21.98,16.71,46.61,91.14,85.95,46.55
2018-01-07 00:07:00,2,1,52.94,85.0,55.0,52.9,52.98,52.94,0.0,0.0,0.0,45.0,52.98,0.0,0.94,0.0,120.0,52.98,741.53,0.88,0.0,0.0,18.08,21.99,16.71,46.61,91.15,85.96,46.56
2018-01-07 00:08:00,2,1,52.94,85.0,55.0,52.9,52.98,52.94,0.0,0.0,0.0,45.0,52.98,0.0,0.94,0.0,120.0,52.98,741.53,0.88,0.0,0.0,18.08,22.0,16.71,46.61,91.17,85.96,46.56
2018-01-07 00:09:00,2,1,52.94,85.0,55.0,52.9,52.97,52.94,0.0,0.0,0.0,45.0,52.97,0.0,0.95,0.0,120.0,52.97,741.53,0.88,0.0,0.0,18.08,22.01,16.71,46.62,91.18,85.97,46.56
2018-01-07 00:10:00,2,1,52.93,85.0,55.0,52.9,52.97,52.93,0.0,0.0,0.0,45.0,52.97,0.0,0.95,0.0,120.0,52.97,741.53,0.88,0.0,0.0,18.08,22.02,16.71,46.62,91.18,85.98,46.56
2018-01-07 00:11:00,2,1,52.93,85.0,55.0,52.89,52.97,52.93,0.0,0.0,0.0,45.0,52.97,0.0,0.95,0.0,120.0,52.97,741.53,0.88,0.0,0.0,18.08,22.04,16.71,46.62,91.19,85.99,46.56
2018-01-07 00:12:00,2,1,52.93,85.0,55.0,52.89,52.96,52.93,0.0,0.0,0.0,45.0,52.96,0.0,0.96,0.0,120.0,52.97,741.53,0.88,0.0,0.0,18.08,22.05,16.71,46.62,91.19,86.0,46.56
2018-01-07 00:13:00,2,1,52.93,85.0,55.0,52.89,52.96,52.93,0.0,0.0,0.0,45.0,52.96,0.0,0.96,0.0,120.0,52.96,741.53,0.88,0.0,0.0,18.08,22.06,16.71,46.62,91.18,86.01,46.56
2018-01-07 00:14:00,2,1,52.92,85.0,55.0,52.89,52.96,52.92,0.0,0.0,0.0,45.0,52.96,0.0,0.97,0.0,120.0,52.96,741.53,0.88,0.0,0.0,18.08,22.08,16.71,46.62,91.18,86.02,46.57
2018-01-07 00:15:00,2,1,52.92,85.0,55.0,52.88,52.96,52.92,0.0,0.0,0.0,45.0,52.96,0.0,0.97,0.0,120.0,52.96,741.53,0.88,0.0,0.0,18.08,22.09,16.71,46.63,91.17,86.03,46.57
2018-01-07 00:16:00,2,1,52.92,85.0,55.0,52.88,52.95,52.92,0.0,0.0,0.0,45.0,52.95,0.0,0.98,0.0,120.0,52.95,741.53,0.88,0.0,0.0,18.08,22.1,16.71,46.63,91.15,86.04,46.57
2018-01-07 00:17:00,2,1,52.91,85.0,55.0,52.88,52.95,52.91,0.0,0.0,0.0,45.0,52.95,0.0,0.98,0.0,120.0,52.95,741.53,0.88,0.0,0.0,18.08,22.12,16.71,46.63,91.14,86.05,46.57
2018-01-07 00:18:00,2,1,52.91,85.0,55.0,52.87,52.95,52.91,0.0,0.0,0.0,45.0,52.95,0.0,0.98,0.0,120.0,52.95,741.53,0.88,0.0,0.0,18.08,22.13,16.71,46.63,91.12,86.05,46.57
2018-01-07 00:19:00,2,1,52.91,85.0,55.0,52.87,52.94,52.91,0.0,0.0,0.0,45.0,52.94,0.0,0.99,0.0,120.0,52.95,741.53,0.88,0.0,0.0,18.08,22.15,16.71,46.63,91.09,86.06,46.58
2018-01-07 00:20:00,2,1,52.9,85.0,55.0,52.87,52.94,52.9,0.0,0.0,0.0,45.0,52.94,0.0,0.99,0.0,120.0,52.94,741.53,0.88,0.0,0.0,18.08,22.16,16.71,46.64,91.07,86.07,46.58
2018-01-07 00:21:00,2,1,52.9,85.0,55.0,52.87,52.94,52.9,0.0,0.0,0.0,45.0,52.94,0.0,1.0,0.0,120.0,52.94,741.53,0.88,0.0,0.0,18.08,22.18,16.71,46.64,91.03,86.08,46.58
2018-01-07 00:22:00,2,1,52.9,85.0,55.0,52.86,52.94,52.9,0.0,0.0,0.0,45.0,52.94,0.0,1.0,0.0,120.0,52.94,741.53,0.88,0.0,0.0,18.08,22.19,16.71,46.64,91.0,86.09,46.58
2018-01-07 00:23:00,2,1,52.9,85.0,55.0,52.86,52.93,52.9,0.0,0.0,0.0,45.0,52.93,0.0,1.0,0.0,120.0,52.93,741.53,0.88,0.0,0.0,18.08,22.21,16.71,46.64,90.96,86.1,46.58
2018-01-07 00:24:00,2,1,52.89,85.0,55.0,52.86,52.93,52.89,0.0,0.0,0.0,45.0,52.93,0.0,1.0,0.0,120.0,52.93,741.53,0.88,0.0,0.0,18.08,22.22,16.71,46.64,90.92,86.11,46.59
2018-01-07 00:25:00,2,1,52.89,85.0,55.0,52.85,52.93,52.89,0.0,0.0,0.0,45.0,52.93,0.0,1.0,0.0,120.0,52.93,741.53,0.88,0.0,0.0,18.08,22.24,16.71,46.65,90.87,86.12,46.59
2018-01-07 00:26:00,2,1,52.89,85.0,55.0,52.85,52.92,52.89,0.0,0.0,0.0,45.0,52.92,0.0,1.0,0.0,120.0,52.92,741.53,0.88,0.0,0.0,18.08,22.26,16.71,46.65,90.82,86.13,46.59
2018-01-07 00:27:00,2,1,52.88,85.0,55.0,52.85,52.92,52.88,0.0,0.0,0.0,45.0,52.92,0.0,1.0,0.0,120.0,52.92,741.53,0.88,0.0,0.0,18.08,22.28,16.71,46.65,90.76,86.14,46.59
2018-01-07 00:28:00,2,1,52.88,85.0,55.0,52.84,52.92,52.88,0.0,0.0,0.0,45.0,52.92,0.0,1.0,0.0,120.0,52.92,741.53,0.88,0.0,0.0,18.08,22.29,16.71,46.65,90.7,86.15,46.59
2018-01-07 00:29:00,2,1,52.88,85.0,55.0,52.84,52.91,52.88,0.0,0.0,0.0,45.0,52.91,0.0,1.0,0.0,120.0,52.92,741.53,0.88,0.0,0.0,18.08,22.31,16.71,46.65,90.64,86.16,46.6
2018-01-07 00:30:00,2,1,52.87,85.0,55.0,52.84,52.91,52.87,0.0,0.0,0.0,45.0,52.91,0.0,1.0,0.0,120.0,52.91,741.53,0.88,0.0,0.0,18.08,22.33,16.71,46.66,90.57,86.17,46.6
2018-01-07 00:31:00,2,1,52.87,85.0,55.0,52.84,52.91,52.87,0.0,0.0,0.0,45.0,52.91,0.0,1.0,0.0,120.0,52.91,741.53,0.88,0.0,0.0,18.08,22.35,16.71,46.66,90.49,86.18,46.6
2018-01-07 00:32:00,2,1,52.87,85.0,55.0,52.83,52.91,52.87,0.0,0.0,0.0,45.0,52.91,0.0,1.0,0.0,120.0,52.91,741.53,0.88,0.0,0.0,18.08,22.36,16.71,46.66,90.41,86.19,46.6
2018-01-07 00:33:00,2,1,52.87,85.0,55.0,52.83,52.9,52.87,0.0,0.0,0.0,45.0,52.9,0.0,1.0,0.0,120.0,52.9,741.53,0.88,0.0,0.0,18.08,22.38,16.71,46.66,90.33,86.2,46.6
2018-01-07 00:34:00,2,1,52.86,85.0,55.0,52.83,52.9,52.86,0.0,0.0,0.0,45.0,52.9,0.0,1.0,0.0,120.0,52.9,741.53,0.88,0.0,0.0,18.08,22.4,16.71,46.66,90.24,86.21,46.61
2018-01-07 00:35:00,2,1,52.86,85.0,55.0,52.82,52.9,52.86,0.0,0.0,0.0,45.0,52.9,0.0,1.0,0.0,120.0,52.9,741.53,0.88,0.0,0.0,18.08,22.42,16.71,46.66,90.15,86.22,46.61
2018-01-07 00:36:00,2,1,52.86,85.0,55.0,52.82,52.89,52.86,0.0,0.0,0.0,45.0,52.89,0.0,1.0,0.0,120.0,52.89,741.53,0.88,0.0,0.0,18.08,22.44,16.71,46.67,90.05,86.23,46.61
2018-01-07 00:37:00,2,1,52.85,85.0,55.0,52.82,52.89,52.85,0.0,0.0,0.0,45.0,52.89,0.0,1.0,0.0,120.0,52.89,741.53,0.88,0.0,0.0,18.08,22.46,16.71,46.67,89.95,86.24,46.61
2018-01-07 00:38:00,2,1,52.85,85.0,55.0,52.81,52.89,52.85,0.0,0.0,0.0,45.0,52.89,0.0,1.0,0.0,120.0,52.89,741.53,0.88,0.0,0.0,18.08,22.48,16.71,46.67,89.85,86.25,46.61
2018-01-07 00:39:00,2,1,52.85,85.0,55.0,52.81,52.89,52.85,0.0,0.0,0.0,45.0,52.89,0.0,1.0,0.0,120.0,52.89,741.53,0.88,0.0,0.0,18.08,22.5,16.71,46.67,89.73,86.26,46.61
2018-01-07 00:40:00,2,1,52.85,85.0,55.0,52.81,52.88,52.85,0.0,0.0,0.0,45.0,52.88,0.0,1.0,0.0,120.0,52.88,741.53,0.88,0.0,0.0,18.08,22.52,16.71,46.67,89.62,86.27,46.62
2018-01-07 00:41:00,2,1,52.84,85.0,55.0,52.81,52.88,52.84,0.0,0.0,0.0,45.0,52.88,0.0,1.0,0.0,120.0,52.88,741.53,0.88,0.0,0.0,18.08,22.54,16.71,46.67,89.49,86.28,46.62
2018-01-07 00:42:00,2,1,52.84,85.0,55.0,52.8,52.88,52.84,0.0,0.0,0.0,45.0,52.88,0.0,1.0,0.0,120.0,52.88,741.53,0.88,0.0,0.0,18.08,22.56,16.71,46.67,89.37,86.29,46.62
2018-01-07 00:43:00,2,1,52.84,85.0,55.0,52.8,52.87,52.84,0.0,0.0,0.0,45.0,52.87,0.0,1.0,0.0,120.0,52.87,741.53,0.88,0.0,0.0,18.08,22.58,16.71,46.68,89.23,86.3,46.62
2018-01-07 00:44:00,2,1,52.83,85.0,55.0,52.8,52.87,52.83,0.0,0.0,0.0,45.0,52.87,0.0,1.0,0.0,120.0,52.87,741.53,0.88,0.0,0.0,18.08,22.61,16.71,46.68,89.1,86.31,46.62
2018-01-07 00:45:00,2,1,52.83,85.0,55.0,52.79,52.87,52.83,0.0,0.0,0.0,45.0,52.87,0.0,1.0,0.0,120.0,52.87,741.53,0.88,0.0,0.0,18.08,22.63,16.71,46.68,88.95,86.32,46.62
2018-01-07 00:46:00,2,1,52.83,85.0,55.0,52.79,52.87,52.83,0.0,0.0,0.0,45.0,52.87,0.0,1.0,0.0,120.0,52.87,741.53,0.88,0.0,0.0,18.08,22.65,16.71,46.68,88.8,86.33,46.62
2018-01-07 00:47:00,2,1,52.83,85.0,55.0,52.79,52.86,52.83,0.0,0.0,0.0,45.0,52.86,0.0,1.0,0.0,120.0,52.86,741.53,0.88,0.0,0.0,18.08,22.67,16.71,46.68,88.65,86.34,46.63
2018-01-07 00:48:00,2,1,52.82,85.0,55.0,52.79,52.86,52.82,0.0,0.0,0.0,45.0,52.86,0.0,1.0,0.0,120.0,52.86,741.53,0.88,0.0,0.0,18.08,22.7,16.71,46.68,88.49,86.35,46.63
2018-01-07 00:49:00,2,1,52.82,85.0,55.0,52.78,52.86,52.82,0.0,0.0,0.0,45.0,52.86,0.0,1.0,0.0,120.0,52.86,741.53,0.88,0.0,0.0,18.08,22.72,16.71,46.68,88.32,86.35,46.63
2018-01-07 00:50:00,2,1,52.82,85.0,55.0,52.78,52.85,52.82,0.0,0.0,0.0,45.0,52.85,0.0,1.0,0.0,120.0,52.86,741.53,0.88,0.0,0.0,18.08,22.74,16.71,46.68,88.15,86.36,46.63
2018-01-07 00:51:00,2,1,52.81,85.0,55.0,52.78,52.85,52.81,0.0,0.0,0.0,45.0,52.85,0.0,1.0,0.0,120.0,52.85,741.53,0.88,0.0,0.0,18.08,22.77,16.71,46.68,87.97,86.37,46.63
2018-01-07 00:52:00,2,1,52.81,85.0,55.0,52.78,52.85,52.81,0.0,0.0,0.0,45.0,52.85,0.0,1.0,0.0,120.0,52.85,741.53,0.88,0.0,0.0,18.08,22.79,16.71,46.68,87.79,86.38,46.63
2018-01-07 00:53:00,2,1,52.81,85.0,55.0,52.77,52.85,52.81,0.0,0.0,0.0,45.0,52.85,0.0,1.0,0.0,120.0,52.85,741.53,0.88,0.0,0.0,18.08,22.81,16.71,46.69,87.6,86.39,46.63
2018-01-07 00:54:00,2,1,52.81,85.0,55.0,52.77,52.84,52.81,0.0,0.0,0.0,45.0,52.84,0.0,1.0,0.0,120.0,52.84,741.53,0.88,0.0,0.0,18.08,22.84,16.71,46.69,87.4,86.4,46.63
2018-01-07 00:55:00,2,1,52.8,85.0,55.0,52.77,52.84,52.8,0.0,0.0,0.0,45.0,52.84,0.0,1.0,0.0,120.0,52.84,741.53,0.88,0.0,0.0,18.08,22.86,16.71,46.69,87.2,86.41,46.63
2018-01-07 00:56:00,2,1,52.8,85.0,55.0,52.77,52.84,52.8,0.0,0.0,0.0,45.0,52.84,0.0,1.0,0.0,120.0,52.84,741.53,0.88,0.0,0.0,18.08,22.89,16.71,46.69,86.99,86.42,46.63
2018-01-07 00:57:00,2,1,52.8,85.0,55.0,52.76,52.84,52.8,0.0,0.0,0.0,45.0,52.84,0.0,1.0,0.0,120.0,52.84,741.53,0.88,0.0,0.0,18.08,22.91,16.71,46.69,86.78,86.43,46.63
2018-01-07 00:58:00,2,1,52.8,85.0,55.0,52.76,52.83,52.8,0.0,0.0,0.0,45.0,52.83,0.0,1.0,0.0,120.0,52.83,741.53,0.88,0.0,0.0,18.08,22.94,16.71,46.69,86.56,86.43,46.63
2018-01-07 00:59:00,2,1,52.79,85.0,55.0,52.76,52.83,52.79,0.0,0.0,0.0,45.0,52.83,0.0,1.0,0.0,120.0,52.83,741.53,0.88,0.0,0.0,18.08,22.96,16.71,46.69,86.33,86.44,46.63
2018-01-07 01:00:00,2,1,52.79,85.0,55.0,52.75,52.83,52.79,0.0,0.0,0.0,45.0,52.83,0.0,1.0,0.0,120.0,52.83,741.53,0.88,0.0,0.0,18.08,22.99,16.71,46.69,86.1,86.45,46.63
2018-01-07 01:01:00,2,1,52.79,85.0,55.0,52.75,52.83,52.79,0.0,0.0,0.0,45.0,52.83,0.0,1.0,0.0,120.0,52.83,741.53,0.88,0.0,0.0,18.08,23.02,16.71,46.69,100.0,86.46,46.63
2018-01-07 01:02:00,2,1,52.79,85.0,55.0,52.75,52.82,52.79,0.0,0.0,0.0,45.0,52.82,0.0,1.0,0.0,120.0,52.82,741.53,0.88,0.0,0.0,18.08,23.05,16.71,46.69,100.0,86.47,46.63
2018-01-07 01:03:00,2,1,52.78,85.0,55.0,52.75,52.82,52.78,0.0,0.0,0.0,45.0,52.82,0.0,1.0,0.0,120.0,52.82,741.53,0.88,0.0,0.0,18.08,23.08,16.71,46.69,100.0,86.48,46.63
2018-01-07 01:04:00,2,1,52.78,85.0,55.0,52.75,52.82,52.78,0.0,0.0,0.0,45.0,52.82,0.0,1.0,0.0,120.0,52.82,741.53,0.88,0.0,0.0,18.08,23.11,16.71,46.69,100.0,86.48,46.63
2018-01-07 01:05:00,2,1,52.78,85.0,55.0,52.74,52.82,52.78,0.0,0.0,0.0,45.0,52.82,0.0,1.0,0.0,120.0,52.82,741.53,0.88,0.0,0.0,18.08,23.14,16.71,46.68,100.0,86.49,46.63
2018-01-07 01:06:00,2,1,52.78,85.0,55.0,52.74,52.81,52.78,0.0,0.0,0.0,45.0,52.81,0.0,1.0,0.0,120.0,52.81,741.53,0.88,0.0,0.0,18.08,23.17,16.71,46.68,100.0,86.5,46.63
2018-01-07 01:07:00,2,1,52.77,85.0,55.0,52.74,52.81,52.77,0.0,0.0,0.0,45.0,52.81,0.0,1.0,0.0,120.0,52.81,741.53,0.88,0.0,0.0,18.08,23.2,16.71,46.68,100.0,86.51,46.63
2018-01-07 01:08:00,2,1,52.77,85.0,55.0,52.74,52.81,52.77,0.0,0.0,0.0,45.0,52.81,0.0,1.0,0.0,120.0,52.81,741.53,0.88,0.0,0.0,18.08,23.24,16.71,46.68,100.0,86.51,46.63
2018-01-07 01:09:00,2,1,52.77,85.0,55.0,52.73,52.81,52.77,0.0,0.0,0.0,45.0,52.81,0.0,1.0,0.0,120.0,52.81,741.53,0.88,0.0,0.0,18.08,23.27,16.71,46.68,100.0,86.52,46.63
2018-01-07 01:10:00,2,1,52.77,85.0,55.0,52.73,52.8,52.77,0.0,0.0,0.0,45.0,52.8,0.0,1.0,0.0,120.0,52.81,741.53,0.88,0.0,0.0,18.08,23.3,16.71,46.68,100.0,86.53,46.63
2018-01-07 01:11:00,2,1,52.76,85.0,55.0,52.73,52.8,52.76,0.0,0.0,0.0,45.0,52.8,0.0,1.0,0.0,120.0,52.8,741.53,0.88,0.0,0.0,18.08,23.33,16.71,46.68,100.0,86.54,46.63
2018-01-07 01:12:00,2,1,52.76,85.0,55.0,52.73,52.8,52.76,0.0,0.0,0.0,45.0,52.8,0.0,1.0,0.0,120.0,52.8,741.53,0.88,0.0,0.0,18.08,23.37,16.71,46.67,100.0,86.54,46.62
2018-01-07 01:13:00,2,1,52.76,85.0,55.0,52.73,52.8,52.76,0.0,0.0,0.0,45.0,52.8,0.0,1.0,0.0,120.0,52.8,741.53,0.88,0.0,0.0,18.08,23.4,16.71,46.67,100.0,86.55,46.62
2018-01-07 01:14:00,2,1,52.76,85.0,55.0,52.72,52.8,52.76,0.0,0.0,0.0,45.0,52.8,0.0,1.0,0.0,120.0,52.8,741.53,0.88,0.0,0.0,18.08,23.43,16.71,46.67,100.0,86.56,46.62
2018-01-07 01:15:00,2,1,52.76,85.0,55.0,52.72,52.79,52.76,0.0,0.0,0.0,45.0,52.79,0.0,1.0,0.0,120.0,52.79,741.53,0.88,0.0,0.0,18.08,23.47,16.71,46.67,100.0,86.56,46.62
2018-01-07 01:16:00,2,1,52.75,85.0,55.0,52.72,52.79,52.75,0.0,0.0,0.0,45.0,52.79,0.0,1.0,0.0,120.0,52.79,741.53,0.88,0.0,0.0,18.08,23.5,16.71,46.66,100.0,86.57,46.61
2018-01-07 01:17:00,2,1,52.75,85.0,55.0,52.72,52.79,52.75,0.0,0.0,0.0,45.0,52.79,0.0,1.0,0.0,120.0,52.79,741.53,0.88,0.0,0.0,18.08,23.53,16.71,46.66,100.0,86.58,46.61
2018-01-07 01:18:00,2,1,52.75,85.0,55.0,52.72,52.79,52.75,0.0,0.0,0.0,45.0,52.79,0.0,1.0,0.0,120.0,52.79,741.53,0.88,0.0,0.0,18.08,23.57,16.71,46.66,100.0,86.58,46.61
2018-01-07 01:19:00,2,1,52.75,85.0,55.0,52.71,52.79,52.75,0.0,0.0,0.0,45.0,52.79,0.0,1.0,0.0,120.0,52.79,741.53,0.88,0.0,0.0,18.08,23.6,16.71,46.65,100.0,86.59,46.61
2018-01-07 01:20:00,2,1,52.75,85.0,55.0,52.71,52.78,52.75,0.0,0.0,0.0,45.0,52.78,0.0,1.0,0.0,120.0,52.78,741.53,0.88,0.0,0.0,18.08,23.63,16.71,46.65,100.0,86.6,46.6
2018-01-07 01:21:00,2,1,52.74,85.0,55.0,52.71,52.78,52.74,0.0,0.0,0.0,45.0,52.78,0.0,1.0,0.0,120.0,52.78,741.53,0.88,0.0,0.0,18.08,23.67,16.71,46.65,100.0,86.6,46.6
2018-01-07 01:22:00,2,1,52.74,85.0,55.0,52.71,52.78,52.74,0.0,0.0,0.0,45.0,52.78,0.0,1.0,0.0,120.0,52.78,741.53,0.88,0.0,0.0,18.08,23.7,16.71,46.64,100.0,86.61,46.6
2018-01-07 01:23:00,2,1,52.74,85.0,55.0,52.71,52.78,52.74,0.0,0.0,0.0,45.0,52.78,0.0,1.0,0.0,120.0,52.78,741.53,0.88,0.0,0.0,18.08,23.74,16.71,46.64,100.0,86.62,46.59
2018-01-07 01:24:00,2,1,52.74,85.0,55.0,52.7,52.78,52.74,0.0,0.0,0.0,45.0,52.78,0.0,1.0,0.0,120.0,52.78,741.53,0.88,0.0,0.0,18.08,23.77,16.71,46.64,100.0,86.62,46.59
2018-01-07 01:25:00,2,1,52.74,85.0,55.0,52.7,52.77,52.74,0.0,0.0,0.0,45.0,52.78,0.0,1.0,0.0,120.0,52.78,741.53,0.88,0.0,0.0,18.08,23.8,16.71,46.63,100.0,86.63,46.59
2018-01-07 01:26:00,2,1,52.73,85.0,55.0,52.7,52.77,52.73,0.0,0.0,0.0,45.0,52.77,0.0,1.0,0.0,120.0,52.77,741.53,0.88,0.0,0.0,18.08,23.84,16.71,46.63,100.0,86.63,46.58
2018-01-07 01:27:00,2,1,52.73,85.0,55.0,52.7,52.77,52.73,0.0,0.0,0.0,45.0,52.77,0.0,1.0,0.0,120.0,52.77,741.53,0.88,0.0,0.0,18.08,23.87,16.71,46.62,100.0,86.64,46.58
2018-01-07 01:28:00,2,1,52.73,85.0,55.0,52.7,52.77,52.73,0.0,0.0,0.0,45.0,52.77,0.0,1.0,0.0,120.0,52.77,741.53,0.88,0.0,0.0,18.08,23.91,16.71,46.62,100.0,86.65,46.57
2018-01-07 01:29:00,2,1,52.73,85.0,55.0,52.69,52.77,52.73,0.0,0.0,0.0,45.0,52.77,0.0,1.0,0.0,120.0,52.77,741.53,0.88,0.0,0.0,18.08,23.94,16.71,46.61,100.0,86.65,46.57
2018-01-07 01:30:00,2,1,52.73,85.0,55.0,52.69,52.77,52.73,0.0,0.0,0.0,45.0,52.77,0.0,1.0,0.0,120.0,52.77,741.53,0.88,0.0,0.0,18.08,23.97,16.71,46.61,100.0,86.66,46.57
2018-01-07 01:31:00,2,1,52.73,85.0,55.0,52.69,52.76,52.73,0.0,0.0,0.0,45.0,52.76,0.0,1.0,0.0,120.0,52.76,741.53,0.88,0.0,0.0,18.08,24.01,16.71,46.6,100.0,86.66,46.56
2018-01-07 01:32:00,2,1,52.72,85.0,55.0,52.69,52.76,52.72,0.0,0.0,0.0,45.0,52.76,0.0,1.0,0.0,120.0,52.76,741.53,0.88,0.0,0.0,18.08,24.04,16.71,46.6,100.0,86.67,46.56
2018-01-07 01:33:00,2,1,52.72,85.0,55.0,52.69,52.76,52.72,0.0,0.0,0.0,45.0,52.76,0.0,1.0,0.0,120.0,52.76,741.53,0.88,0.0,0.0,18.08,24.08,16.71,46.59,100.0,86.68,46.55
2018-01-07 01:34:00,2,1,52.72,85.0,55.0,52.69,52.76,52.72,0.0,0.0,0.0,45.0,52.76,0.0,1.0,0.0,120.0,52.76,741.53,0.88,0.0,0.0,18.08,24.11,16.71,46.59,100.0,86.68,46.55
2018-01-07 01:35:00,2,1,52.72,85.0,55.0,52.68,52.76,52.72,0.0,0.0,0.0,45.0,52.76,0.0,1.0,0.0,120.0,52.76,741.53,0.88,0.0,0.0,18.08,24.15,16.71,46.58,100.0,86.69,46.54
2018-01-07 01:36:00,2,1,52.72,85.0,55.0,52.68,52.76,52.72,0.0,0.0,0.0,45.0,52.76,0.0,1.0,0.0,120.0,52.76,741.53,0.88,0.0,0.0,18.08,24.18,16.71,46.58,100.0,86.69,46.53
2018-01-07 01:37:00,2,1,52.72,85.0,55.0,52.68,52.75,52.72,0.0,0.0,0.0,45.0,52.75,0.0,1.0,0.0,120.0,52.75,741.53,0.88,0.0,0.0,18.08,24.21,16.71,46.57,100.0,86.7,46.53
2018-01-07 01:38:00,2,1,52.71,85.0,55.0,52.68,52.75,52.71,0.0,0.0,0.0,45.0,52.75,0.0,1.0,0.0,120.0,52.75,741.53,0.88,0.0,0.0,18.08,24.25,16.71,46.57,100.0,86.7,46.52
2018-01-07 01:39:00,2,1,52.71,85.0,55.0,52.68,52.75,52.71,0.0,0.0,0.0,45.0,52.75,0.0,1.0,0.0,120.0,52.75,741.53,0.88,0.0,0.0,18.08,24.28,16.71,46.56,100.0,86.71,46.52
2018-01-07 01:40:00,2,1,52.71,85.0,55.0,52.68,52.75,52.71,0.0,0.0,0.0,45.0,52.75,0.0,1.0,0.0,120.0,52.75,741.53,0.88,0.0,0.0,18.08,24.32,16.71,46.55,100.0,86.72,46.51
2018-01-07 01:41:00,2,1,52.71,85.0,55.0,52.67,52.75,52.71,0.0,0.0,0.0,45.0,52.75,0.0,1.0,0.0,120.0,52.75,741.53,0.88,0.0,0.0,18.08,24.35,16.71,46.55,100.0,86.72,46.51
2018-01-07 01:42:00,2,1,52.71,85.0,55.0,52.67,52.75,52.71,0.0,0.0,0.0,45.0,52.75,0.0,1.0,0.0,120.0,52.75,741.53,0.88,0.0,0.0,18.08,24.38,16.71,46.54,100.0,86.73,46.5
2018-01-07 01:43:00,2,1,52.71,85.0,55.0,52.67,52.74,52.71,0.0,0.0,0.0,45.0,52.74,0.0,1.0,0.0,120.0,52.74,741.53,0.88,0.0,0.0,18.08,24.42,16.71,46.53,100.0,86.73,46.49
2018-01-07 01:44:00,2,1,52.7,85.0,55.0,52.67,52.74,52.7,0.0,0.0,0.0,45.0,52.74,0.0,1.0,0.0,120.0,52.74,741.53,0.88,0.0,0.0,18.08,24.45,16.71,46.53,100.0,86.74,46.49
2018-01-07 01:45:00,2,1,52.7,85.0,55.0,52.67,52.74,52.7,0.0,0.0,0.0,45.0,52.74,0.0,1.0,0.0,120.0,52.74,741.53,0.88,0.0,0.0,18.08,24.48,16.71,46.52,99.52,86.74,46.48
2018-01-07 01:46:00,2,1,52.7,85.0,55.0,52.67,52.74,52.7,0.0,0.0,0.0,45.0,52.74,0.0,1.0,0.0,120.0,52.74,741.53,0.88,0.0,0.0,18.08,24.52,16.71,46.51,98.54,86.75,46.47
2018-01-07 01:47:00,2,1,52.7,85.0,55.0,52.67,52.74,52.7,0.0,0.0,0.0,45.0,52.74,0.0,1.0,0.0,120.0,52.74,741.53,0.88,0.0,0.0,18.08,24.55,16.71,46.51,97.57,86.75,46.47
2018-01-07 01:48:00,2,1,52.7,85.0,55.0,52.66,52.74,52.7,0.0,0.0,0.0,45.0,52.74,0.0,1.0,0.0,120.0,52.74,741.53,0.88,0.0,0.0,18.08,24.58,16.71,46.5,96.62,86.76,46.46
2018-01-07 01:49:00,2,1,52.7,85.0,55.0,52.66,52.73,52.7,0.0,0.0,0.0,45.0,52.73,0.0,1.0,0.0,120.0,52.74,741.53,0.88,0.0,0.0,18.08,24.62,16.71,46.49,95.68,86.76,46.45
2018-01-07 01:50:00,2,1,52.69,85.0,55.0,52.66,52.73,52.69,0.0,0.0,0.0,45.0,52.73,0.0,1.0,0.0,120.0,52.73,741.53,0.88,0.0,0.0,18.08,24.65,16.71,46.48,94.76,86.77,46.45
2018-01-07 01:51:00,2,1,52.69,85.0,55.0,52.66,52.73,52.69,0.0,0.0,0.0,45.0,52.73,0.0,1.0,0.0,120.0,52.73,741.53,0.88,0.0,0.0,18.08,24.68,16.71,46.48,93.85,86.77,46.44
2018-01-07 01:52:00,2,1,52.69,85.0,55.0,52.66,52.73,52.69,0.0,0.0,0.0,45.0,52.73,0.0,1.0,0.0,120.0,52.73,741.53,0.88,0.0,0.0,18.08,24.71,16.71,46.47,92.95,86.78,46.43
2018-01-07 01:53:00,2,1,52.69,85.0,55.0,52.66,52.73,52.69,0.0,0.0,0.0,45.0,52.73,0.0,1.0,0.0,120.0,52.73,741.53,0.88,0.0,0.0,18.08,24.75,16.71,46.46,92.07,86.78,46.42
2018-01-07 01:54:00,2,1,52.69,85.0,55.0,52.65,52.73,52.69,0.0,0.0,0.0,45.0,52.73,0.0,1.0,0.0,120.0,52.73,741.53,0.88,0.0,0.0,18.08,24.78,16.71,46.45,91.2,86.79,46.42
2018-01-07 01:55:00,2,1,52.69,85.0,55.0,52.65,52.73,52.69,0.0,0.0,0.0,45.0,52.73,0.0,1.0,0.0,120.0,52.73,741.53,0.88,0.0,0.0,18.08,24.81,16.71,46.45,90.35,86.79,46.41
2018-01-07 01:56:00,2,1,52.68,85.0,55.0,52.65,52.72,52.68,0.0,0.0,0.0,45.0,52.72,0.0,1.0,0.0,120.0,52.72,741.53,0.88,0.0,0.0,18.08,24.84,16.71,46.44,89.52,86.8,46.4
2018-01-07 01:57:00,2,1,52.68,85.0,55.0,52.65,52.72,52.68,0.0,0.0,0.0,45.0,52.72,0.0,1.0,0.0,120.0,52.72,741.53,0.88,0.0,0.0,18.08,24.87,16.71,46.43,88.7,86.8,46.39
2018-01-07 01:58:00,2,1,52.68,85.0,55.0,52.65,52.72,52.68,0.0,0.0,0.0,45.0,52.72,0.0,1.0,0.0,120.0,52.72,741.53,0.88,0.0,0.0,18.08,24.9,16.71,46.42,87.9,86.81,46.39
2018-01-07 01:59:00,2,1,52.68,85.0,55.0,52.65,52.72,52.68,0.0,0.0,0.0,45.0,52.72,0.0,1.0,0.0,120.0,52.72,741.53,0.88,0.0,0.0,18.08,24.94,16.71,46.41,87.11,86.82,46.38
2018-01-07 02:00:00,2,1,52.68,85.0,55.0,52.64,52.72,52.68,0.0,0.0,0.0,45.0,52.72,0.0,1.0,0.0,120.0,52.72,741.53,0.88,0.0,0.0,18.08,24.97,16.71,46.4,86.35,86.82,46.37
2018-01-07 02:01:00,2,1,52.68,85.0,55.0,52.64,52.72,52.68,0.0,0.0,0.0,45.0,52.72,0.0,1.0,0.0,120.0,52.72,741.53,0.88,0.0,0.0,18.08,24.99,16.71,46.4,85.83,86.83,46.36
2018-01-07 02:02:00,2,1,52.67,85.0,55.0,52.64,52.71,52.67,0.0,0.0,0.0,45.0,52.71,0.0,1.0,0.0,120.0,52.71,741.53,0.88,0.0,0.0,18.08,25.02,16.71,46.39,85.46,86.83,46.35
2018-01-07 02:03:00,2,1,52.67,85.0,55.0,52.64,52.71,52.67,0.0,0.0,0.0,45.0,52.71,0.0,1.0,0.0,120.0,52.71,741.53,0.88,0.0,0.0,18.08,25.05,16.71,46.38,85.12,86.84,46.35
2018-01-07 02:04:00,2,1,52.67,85.0,55.0,52.64,52.71,52.67,0.0,0.0,0.0,45.0,52.71,0.0,1.0,0.0,120.0,52.71,741.53,0.88,0.0,0.0,18.08,25.07,16.71,46.37,84.79,86.84,46.34
2018-01-07 02:05:00,2,1,52.67,85.0,55.0,52.64,52.71,52.67,0.0,0.0,0.0,45.0,52.71,0.0,1.0,0.0,120.0,52.71,741.53,0.88,0.0,0.0,18.08,25.1,16.71,46.36,84.49,86.85,46.33
2018-01-07 02:06:00,2,1,52.67,85.0,55.0,52.64,52.71,52.67,0.0,0.0,0.0,45.0,52.71,0.0,1.0,0.0,120.0,52.71,741.53,0.88,0.0,0.0,18.08,25.12,16.71,46.35,84.2,86.85,46.32
2018-01-07 02:07:00,2,1,52.67,85.0,55.0,52.63,52.71,52.67,0.0,0.0,0.0,45.0,52.71,0.0,1.0,0.0,120.0,52.71,741.53,0.88,0.0,0.0,18.08,25.14,16.71,46.35,83.92,86.86,46.31
2018-01-07 02:08:00,2,1,52.66,85.0,55.0,52.63,52.7,52.66,0.0,0.0,0.0,45.0,52.7,0.0,1.0,0.0,120.0,52.71,741.53,0.88,0.0,0.0,18.08,25.17,16.71,46.34,83.65,86.86,46.31
2018-01-07 02:09:00,2,1,52.66,85.0,55.0,52.63,52.7,52.66,0.0,0.0,0.0,45.0,52.7,0.0,1.0,0.0,120.0,52.7,741.53,0.88,0.0,0.0,18.08,25.19,16.71,46.33,83.4,86.87,46.3
2018-01-07 02:10:00,2,1,52.66,85.0,55.0,52.63,52.7,52.66,0.0,0.0,0.0,45.0,52.7,0.0,1.0,0.0,120.0,52.7,741.53,0.88,0.0,0.0,18.08,25.22,16.71,46.32,83.16,86.87,46.29
2018-01-07 02:11:00,2,1,52.66,85.0,55.0,52.63,52.7,52.66,0.0,0.0,0.0,45.0,52.7,0.0,1.0,0.0,120.0,52.7,741.53,0.88,0.0,0.0,18.08,25.24,16.71,46.31,82.93,86.88,46.28
2018-01-07 02:12:00,2,1,52.66,85.0,55.0,52.63,52.7,52.66,0.0,0.0,0.0,45.0,52.7,0.0,1.0,0.0,120.0,52.7,741.53,0.88,0.0,0.0,18.08,25.26,16.71,46.31,82.72,86.89,46.27
2018-01-07 02:13:00,2,1,52.66,85.0,55.0,52.62,52.7,52.66,0.0,0.0,0.0,45.0,52.7,0.0,1.0,0.0,120.0,52.7,741.53,0.88,0.0,0.0,18.08,25.29,16.71,46.3,82.52,86.89,46.26
2018-01-07 02:14:00,2,1,52.65,85.0,55.0,52.62,52.69,52.65,0.0,0.0,0.0,45.0,52.69,0.0,1.0,0.0,120.0,52.69,741.53,0.88,0.0,0.0,18.08,25.31,16.71,46.29,82.33,86.9,46.26
2018-01-07 02:15:00,2,1,52.65,85.0,55.0,52.62,52.69,52.65,0.0,0.0,0.0,45.0,52.69,0.0,1.0,0.0,120.0,52.69,741.53,0.88,0.0,0.0,18.08,25.33,16.71,46.28,82.15,86.9,46.25
2018-01-07 02:16:00,2,1,52.65,85.0,55.0,52.62,52.69,52.65,0.0,0.0,0.0,45.0,52.69,0.0,1.0,0.0,120.0,52.69,741.53,0.88,0.0,0.0,18.08,25.35,16.71,46.27,81.98,86.91,46.24
2018-01-07 02:17:00,2,1,52.65,85.0,55.0,52.62,52.69,52.65,0.0,0.0,0.0,45.0,52.69,0.0,1.0,0.0,120.0,52.69,741.53,0.88,0.0,0.0,18.08,25.38,16.71,46.27,81.82,86.92,46.23
2018-01-07 02:18:00,2,1,52.65,85.0,55.0,52.61,52.69,52.65,0.0,0.0,0.0,45.0,52.69,0.0,1.0,0.0,120.0,52.69,741.53,0.88,0.0,0.0,18.08,25.4,16.71,46.26,81.67,86.92,46.22
2018-01-07 02:19:00,2,1,52.65,85.0,55.0,52.61,52.69,52.65,0.0,0.0,0.0,45.0,52.69,0.0,1.0,0.0,120.0,52.69,741.53,0.88,0.0,0.0,18.08,25.42,16.71,46.25,81.54,86.93,46.22
2018-01-07 02:20:00,2,1,52.64,85.0,55.0,52.61,52.68,52.64,0.0,0.0,0.0,45.0,52.68,0.0,1.0,0.0,120.0,52.68,741.53,0.88,0.0,0.0,18.08,25.44,16.71,46.24,81.41,86.93,46.21
2018-01-07 02:21:00,2,1,52.64,85.0,55.0,52.61,52.68,52.64,0.0,0.0,0.0,45.0,52.68,0.0,1.0,0.0,120.0,52.68,741.53,0.88,0.0,0.0,18.08,25.46,16.71,46.23,81.3,86.94,46.2
2018-01-07 02:22:00,2,1,52.64,85.0,55.0,52.61,52.68,52.64,0.0,0.0,0.0,45.0,52.68,0.0,1.0,0.0,120.0,52.68,741.53,0.88,0.0,0.0,18.08,25.48,16.71,46.23,81.19,86.95,46.19
2018-01-07 02:23:00,2,1,52.64,85.0,55.0,52.61,52.68,52.64,0.0,0.0,0.0,45.0,52.68,0.0,1.0,0.0,120.0,52.68,741.53,0.88,0.0,0.0,18.08,25.5,16.71,46.22,81.09,86.95,46.18
2018-01-07 02:24:00,2,1,52.64,85.0,55.0,52.6,52.68,52.64,0.0,0.0,0.0,45.0,52.68,0.0,1.0,0.0,120.0,52.68,741.53,0.88,0.0,0.0,18.08,25.52,16.71,46.21,81.01,86.96,46.18
2018-01-07 02:25:00,2,1,52.63,85.0,55.0,52.6,52.67,52.63,0.0,0.0,0.0,45.0,52.67,0.0,1.0,0.0,120.0,52.68,741.53,0.88,0.0,0.0,18.08,25.54,16.71,46.2,80.93,86.96,46.17
2018-01-07 02:26:00,2,1,52.63,85.0,55.0,52.6,52.67,52.63,0.0,0.0,0.0,45.0,52.67,0.0,1.0,0.0,120.0,52.67,741.53,0.88,0.0,0.0,18.08,25.56,16.71,46.19,80.86,86.97,46.16
2018-01-07 02:27:00,2,1,52.63,85.0,55.0,52.6,52.67,52.63,0.0,0.0,0.0,45.0,52.67,0.0,1.0,0.0,120.0,52.67,741.53,0.88,0.0,0.0,18.08,25.58,16.71,46.19,80.79,86.98,46.15
2018-01-07 02:28:00,2,1,52.63,85.0,55.0,52.6,52.67,52.63,0.0,0.0,0.0,45.0,52.67,0.0,1.0,0.0,120.0,52.67,741.53,0.88,0.0,0.0,18.08,25.6,16.71,46.18,80.74,86.98,46.15
2018-01-07 02:29:00,2,1,52.63,85.0,55.0,52.59,52.67,52.63,0.0,0.0,0.0,45.0,52.67,0.0,1.0,0.0,120.0,52.67,741.53,0.88,0.0,0.0,18.08,25.62,16.71,46.17,80.69,86.99,46.14
2018-01-07 02:30:00,2,1,52.62,85.0,55.0,52.59,52.67,52.62,0.0,0.0,0.0,45.0,52.67,0.0,1.0,0.0,120.0,52.67,741.53,0.88,0.0,0.0,18.08,25.64,16.71,46.16,80.66,87.0,46.13
2018-01-07 02:31:00,2,1,52.62,85.0,55.0,52.59,52.66,52.62,0.0,0.0,0.0,45.0,52.66,0.0,1.0,0.0,120.0,52.66,741.53,0.88,0.0,0.0,18.08,25.65,16.71,46.16,80.63,87.0,46.12
2018-01-07 02:32:00,2,1,52.62,85.0,55.0,52.59,52.66,52.62,0.0,0.0,0.0,45.0,52.66,0.0,1.0,0.0,120.0,52.66,741.53,0.88,0.0,0.0,18.08,25.67,16.71,46.15,80.6,87.01,46.12
2018-01-07 02:33:00,2,1,52.62,85.0,55.0,52.59,52.66,52.62,0.0,0.0,0.0,45.0,52.66,0.0,1.0,0.0,120.0,52.66,741.53,0.88,0.0,0.0,18.08,25.69,16.71,46.14,80.59,87.01,46.11
2018-01-07 02:34:00,2,1,52.62,85.0,55.0,52.58,52.66,52.62,0.0,0.0,0.0,45.0,52.66,0.0,1.0,0.0,120.0,52.66,741.53,0.88,0.0,0.0,18.08,25.71,16.71,46.13,80.58,87.02,46.1
2018-01-07 02:35:00,2,1,52.61,85.0,55.0,52.58,52.66,52.61,0.0,0.0,0.0,45.0,52.66,0.0,1.0,0.0,120.0,52.66,741.53,0.88,0.0,0.0,18.08,25.72,16.71,46.13,80.57,87.03,46.09
2018-01-07 02:36:00,2,1,52.61,85.0,55.0,52.58,52.65,52.61,0.0,0.0,0.0,45.0,52.65,0.0,1.0,0.0,120.0,52.65,741.53,0.88,0.0,0.0,18.08,25.74,16.71,46.12,80.57,87.03,46.09
2018-01-07 02:37:00,2,1,52.61,85.0,55.0,52.58,52.65,52.61,0.0,0.0,0.0,45.0,52.65,0.0,1.0,0.0,120.0,52.65,741.53,0.88,0.0,0.0,18.08,25.76,16.71,46.11,80.58,87.04,46.08
2018-01-07 02:38:00,2,1,52.61,85.0,55.0,52.58,52.65,52.61,0.0,0.0,0.0,45.0,52.65,0.0,1.0,0.0,120.0,52.65,741.53,0.88,0.0,0.0,18.08,25.77,16.71,46.1,80.6,87.05,46.07
2018-01-07 02:39:00,2,1,52.61,85.0,55.0,52.58,52.65,52.61,0.0,0.0,0.0,45.0,52.65,0.0,1.0,0.0,120.0,52.65,741.53,0.88,0.0,0.0,18.08,25.79,16.71,46.1,80.62,87.05,46.06
2018-01-07 02:40:00,2,1,52.6,85.0,55.0,52.57,52.65,52.6,0.0,0.0,0.0,45.0,52.65,0.0,1.0,0.0,120.0,52.65,741.53,0.88,0.0,0.0,18.08,25.8,16.71,46.09,80.64,87.06,46.06
2018-01-07 02:41:00,2,1,52.6,85.0,55.0,52.57,52.64,52.6,0.0,0.0,0.0,45.0,52.64,0.0,1.0,0.0,120.0,52.64,741.53,0.88,0.0,0.0,18.08,25.82,16.71,46.08,80.67,87.07,46.05
2018-01-07 02:42:00,2,1,52.6,85.0,55.0,52.57,52.64,52.6,0.0,0.0,0.0,45.0,52.64,0.0,1.0,0.0,120.0,52.64,741.53,0.88,0.0,0.0,18.08,25.83,16.71,46.07,80.71,87.07,46.04
2018-01-07 02:43:00,2,1,52.6,85.0,55.0,52.57,52.64,52.6,0.0,0.0,0.0,45.0,52.64,0.0,1.0,0.0,120.0,52.64,741.53,0.88,0.0,0.0,18.08,25.85,16.71,46.07,80.75,87.08,46.03
2018-01-07 02:44:00,2,1,52.6,85.0,55.0,52.57,52.64,52.6,0.0,0.0,0.0,45.0,52.64,0.0,1.0,0.0,120.0,52.64,741.53,0.88,0.0,0.0,18.08,25.86,16.71,46.06,80.79,87.09,46.03
2018-01-07 02:45:00,2,1,52.59,85.0,55.0,52.56,52.64,52.59,0.0,0.0,0.0,45.0,52.64,0.0,1.0,0.0,120.0,52.64,741.53,0.88,0.0,0.0,18.08,25.88,16.71,46.05,80.84,87.1,46.02
2018-01-07 02:46:00,2,1,52.59,85.0,55.0,52.56,52.63,52.59,0.0,0.0,0.0,45.0,52.63,0.0,1.0,0.0,120.0,52.63,741.53,0.88,0.0,0.0,18.08,25.89,16.71,46.05,80.9,87.1,46.01
2018-01-07 02:47:00,2,1,52.59,85.0,55.0,52.56,52.63,52.59,0.0,0.0,0.0,45.0,52.63,0.0,1.0,0.0,120.0,52.63,741.53,0.88,0.0,0.0,18.08,25.91,16.71,46.04,80.95,87.11,46.01
2018-01-07 02:48:00,2,1,52.59,85.0,55.0,52.56,52.63,52.59,0.0,0.0,0.0,45.0,52.63,0.0,1.0,0.0,120.0,52.63,741.53,0.88,0.0,0.0,18.08,25.92,16.71,46.03,81.01,87.12,46.0
2018-01-07 02:49:00,2,1,52.59,85.0,55.0,52.55,52.63,52.59,0.0,0.0,0.0,45.0,52.63,0.0,1.0,0.0,120.0,52.63,741.53,0.88,0.0,0.0,18.08,25.93,16.71,46.03,81.08,87.12,45.99
2018-01-07 02:50:00,2,1,52.58,85.0,55.0,52.55,52.63,52.58,0.0,0.0,0.0,45.0,52.63,0.0,1.0,0.0,120.0,52.63,741.53,0.88,0.0,0.0,18.08,25.94,16.71,46.02,81.14,87.13,45.99
2018-01-07 02:51:00,2,1,52.58,85.0,55.0,52.55,52.62,52.58,0.0,0.0,0.0,45.0,52.62,0.0,1.0,0.0,120.0,52.62,741.53,0.88,0.0,0.0,18.08,25.96,16.71,46.01,81.21,87.14,45.98
2018-01-07 02:52:00,2,1,52.58,85.0,55.0,52.55,52.62,52.58,0.0,0.0,0.0,45.0,52.62,0.0,1.0,0.0,120.0,52.62,741.53,0.88,0.0,0.0,18.08,25.97,16.71,46.01,81.29,87.15,45.97
2018-01-07 02:53:00,2,1,52.58,85.0,55.0,52.55,52.62,52.58,0.0,0.0,0.0,45.0,52.62,0.0,1.0,0.0,120.0,52.62,741.53,0.88,0.0,0.0,18.08,25.98,16.71,46.0,81.36,87.15,45.97
2018-01-07 02:54:00,2,1,52.58,85.0,55.0,52.54,52.62,52.58,0.0,0.0,0.0,45.0,52.62,0.0,1.0,0.0,120.0,52.62,741.53,0.88,0.0,0.0,18.08,25.99,16.71,45.99,81.44,87.16,45.96
2018-01-07 02:55:00,2,1,52.57,85.0,55.0,52.54,52.61,52.57,0.0,0.0,0.0,45.0,52.61,0.0,1.0,0.0,120.0,52.62,741.53,0.88,0.0,0.0,18.08,26.0,16.71,45.99,81.52,87.17,45.95
2018-01-07 02:56:00,2,1,52.57,85.0,55.0,52.54,52.61,52.57,0.0,0.0,0.0,45.0,52.61,0.0,1.0,0.0,120.0,52.61,741.53,0.88,0.0,0.0,18.08,26.01,16.71,45.98,81.6,87.18,45.95
2018-01-07 02:57:00,2,1,52.57,85.0,55.0,52.54,52.61,52.57,0.0,0.0,0.0,45.0,52.61,0.0,1.0,0.0,120.0,52.61,741.53,0.88,0.0,0.0,18.08,26.03,16.71,45.97,81.69,87.18,45.94
2018-01-07 02:58:00,2,1,52.57,85.0,55.0,52.53,52.61,52.57,0.0,0.0,0.0,45.0,52.61,0.0,1.0,0.0,120.0,52.61,741.53,0.88,0.0,0.0,18.08,26.04,16.71,45.97,81.77,87.19,45.93
2018-01-07 02:59:00,2,1,52.56,85.0,55.0,52.53,52.61,52.56,0.0,0.0,0.0,45.0,52.61,0.0,1.0,0.0,120.0,52.61,741.53,0.88,0.0,0.0,18.08,26.05,16.71,45.96,81.86,87.2,45.93
2018-01-07 03:00:00,2,1,52.56,85.0,55.0,52.53,52.6,52.56,0.0,0.0,0.0,45.0,52.6,0.0,1.0,0.0,120.0,52.6,741.53,0.88,0.0,0.0,18.08,26.06,16.71,45.95,81.95,87.21,45.92
2018-01-07 03:01:00,2,1,52.56,85.0,55.0,52.53,52.6,52.56,0.0,0.0,0.0,45.0,52.6,0.0,1.0,0.0,120.0,52.6,741.53,0.88,0.0,0.0,18.08,26.06,16.71,45.95,81.98,87.21,45.91
2018-01-07 03:02:00,2,1,52.56,85.0,55.0,52.53,52.6,52.56,0.0,0.0,0.0,45.0,52.6,0.0,1.0,0.0,120.0,52.6,741.53,0.88,0.0,0.0,18.08,26.06,16.71,45.94,81.97,87.22,45.91
2018-01-07 03:03:00,2,1,52.55,85.0,55.0,52.52,52.6,52.55,0.0,0.0,0.0,45.0,52.6,0.0,1.0,0.0,120.0,52.6,741.53,0.88,0.0,0.0,18.08,26.07,16.71,45.94,81.96,87.23,45.9
2018-01-07 03:04:00,2,1,52.55,85.0,55.0,52.52,52.59,52.55,0.0,0.0,0.0,45.0,52.59,0.0,1.0,0.0,120.0,52.59,741.53,0.88,0.0,0.0,18.08,26.07,16.71,45.93,81.95,87.24,45.9
2018-01-07 03:05:00,2,1,52.55,85.0,55.0,52.52,52.59,52.55,0.0,0.0,0.0,45.0,52.59,0.0,1.0,0.0,120.0,52.59,741.53,0.88,0.0,0.0,18.08,26.07,16.71,45.92,81.95,87.25,45.89
2018-01-07 03:06:00,2,1,52.55,85.0,55.0,52.52,52.59,52.55,0.0,0.0,0.0,45.0,52.59,0.0,1.0,0.0,120.0,52.59,741.53,0.88,0.0,0.0,18.08,26.08,16.71,45.92,81.94,87.25,45.88
2018-01-07 03:07:00,2,1,52.54,85.0,55.0,52.51,52.59,52.54,0.0,0.0,0.0,45.0,52.59,0.0,1.0,0.0,120.0,52.59,741.53,0.88,0.0,0.0,18.08,26.08,16.71,45.91,81.93,87.26,45.88
2018-01-07 03:08:00,2,1,52.54,85.0,55.0,52.51,52.58,52.54,0.0,0.0,0.0,45.0,52.58,0.0,1.0,0.0,120.0,52.58,741.53,0.88,0.0,0.0,18.08,26.08,16.71,45.91,81.93,87.27,45.87
2018-01-07 03:09:00,2,1,52.54,85.0,55.0,52.51,52.58,52.54,0.0,0.0,0.0,45.0,52.58,0.0,1.0,0.0,120.0,52.58,741.53,0.88,0.0,0.0,18.08,26.08,16.71,45.9,81.92,87.28,45.87
2018-01-07 03:10:00,2,1,52.54,85.0,55.0,52.51,52.58,52.54,0.0,0.0,0.0,45.0,52.58,0.0,1.0,0.0,120.0,52.58,741.53,0.88,0.0,0.0,18.08,26.08,16.71,45.9,81.92,87.29,45.86
2018-01-07 03:11:00,2,1,52.53,85.0,55.0,52.5,52.58,52.53,0.0,0.0,0.0,45.0,52.58,0.0,1.0,0.0,120.0,52.58,741.53,0.88,0.0,0.0,18.08,26.08,16.71,45.89,81.91,87.3,45.86
2018-01-07 03:12:00,2,1,52.53,85.0,55.0,52.5,52.57,52.53,0.0,0.0,0.0,45.0,52.57,0.0,1.0,0.0,120.0,52.57,741.53,0.88,0.0,0.0,18.08,26.08,16.71,45.88,81.91,87.31,45.85
2018-01-07 03:13:00,2,1,52.53,85.0,55.0,52.5,52.57,52.53,0.0,0.0,0.0,45.0,52.57,0.0,1.0,0.0,120.0,52.57,741.53,0.88,0.0,0.0,18.08,26.08,16.71,45.88,81.91,87.32,45.85
2018-01-07 03:14:00,2,1,52.53,85.0,55.0,52.49,52.57,52.53,0.0,0.0,0.0,45.0,52.57,0.0,1.0,0.0,120.0,52.57,741.53,0.88,0.0,0.0,18.08,26.08,16.71,45.87,81.91,87.33,45.84
2018-01-07 03:15:00,2,1,52.52,85.0,55.0,52.49,52.57,52.52,0.0,0.0,0.0,45.0,52.57,0.0,1.0,0.0,120.0,52.57,741.53,0.88,0.0,0.0,18.08,26.08,16.71,45.87,81.91,87.34,45.84
2018-01-07 03:16:00,2,1,52.52,85.0,55.0,52.49,52.56,52.52,0.0,0.0,0.0,45.0,52.56,0.0,1.0,0.0,120.0,52.56,741.53,0.88,0.0,0.0,18.08,26.08,16.71,45.86,81.91,87.35,45.83
2018-01-07 03:17:00,2,1,52.52,85.0,55.0,52.49,52.56,52.52,0.0,0.0,0.0,45.0,52.56,0.0,1.0,0.0,120.0,52.56,741.53,0.88,0.0,0.0,18.08,26.08,16.71,45.86,81.91,87.36,45.83
2018-01-07 03:18:00,2,1,52.51,85.0,55.0,52.48,52.56,52.51,0.0,0.0,0.0,45.0,52.56,0.0,1.0,0.0,120.0,52.56,741.53,0.88,0.0,0.0,18.08,26.08,16.71,45.85,81.91,87.37,45.82
2018-01-07 03:19:00,2,1,52.51,85.0,55.0,52.48,52.55,52.51,0.0,0.0,0.0,45.0,52.55,0.0,1.0,0.0,120.0,52.55,741.53,0.88,0.0,0.0,18.08,26.08,16.71,45.85,81.91,87.38,45.82
2018-01-07 03:20:00,2,1,52.51,85.0,55.0,52.48,52.55,52.51,0.0,0.0,0.0,45.0,52.55,0.0,1.0,0.0,120.0,52.55,741.53,0.88,0.0,0.0,18.08,26.08,16.71,45.84,81.91,87.38,45.81
2018-01-07 03:21:00,2,1,52.51,85.0,55.0,52.47,52.55,52.51,0.0,0.0,0.0,45.0,52.55,0.0,1.0,0.0,120.0,52.55,741.53,0.88,0.0,0.0,18.08,26.08,16.71,45.84,81.92,87.39,45.81
2018-01-07 03:22:00,2,1,52.5,85.0,55.0,52.47,52.54,52.5,0.0,0.0,0.0,45.0,52.54,0.0,1.0,0.0,120.0,52.55,741.53,0.88,0.0,0.0,18.08,26.08,16.71,45.83,81.92,87.4,45.8
2018-01-07 03:23:00,2,1,52.5,85.0,55.0,52.47,52.54,52.5,0.0,0.0,0.0,45.0,52.54,0.0,1.0,0.0,120.0,52.54,741.53,0.88,0.0,0.0,18.08,26.08,16.71,45.83,81.92,87.41,45.8
2018-01-07 03:24:00,2,1,52.5,85.0,55.0,52.47,52.54,52.5,0.0,0.0,0.0,45.0,52.54,0.0,1.0,0.0,120.0,52.54,741.53,0.88,0.0,0.0,18.08,26.08,16.71,45.82,81.93,87.43,45.79
2018-01-07 03:25:00,2,1,52.49,85.0,55.0,52.46,52.54,52.49,0.0,0.0,0.0,45.0,52.54,0.0,1.0,0.0,120.0,52.54,741.53,0.88,0.0,0.0,18.08,26.08,16.71,45.82,81.93,87.44,45.79
2018-01-07 03:26:00,2,1,52.49,85.0,55.0,52.46,52.53,52.49,0.0,0.0,0.0,45.0,52.53,0.0,1.0,0.0,120.0,52.53,741.53,0.88,0.0,0.0,18.08,26.08,16.71,45.81,81.93,87.45,45.78
2018-01-07 03:27:00,2,1,52.49,85.0,55.0,52.46,52.53,52.49,0.0,0.0,0.0,45.0,52.53,0.0,1.0,0.0,120.0,52.53,741.53,0.88,0.0,0.0,18.08,26.08,16.71,45.81,81.94,87.46,45.78
2018-01-07 03:28:00,2,1,52.48,85.0,55.0,52.45,52.53,52.48,0.0,0.0,0.0,45.0,52.53,0.0,1.0,0.0,120.0,52.53,741.53,0.88,0.0,0.0,18.08,26.07,16.71,45.8,81.94,87.47,45.77
2018-01-07 03:29:00,2,1,52.48,85.0,55.0,52.45,52.52,52.48,0.0,0.0,0.0,45.0,52.52,0.0,1.0,0.0,120.0,52.52,741.53,0.88,0.0,0.0,18.08,26.07,16.71,45.8,81.95,87.48,45.77
2018-01-07 03:30:00,2,1,52.48,85.0,55.0,52.45,52.52,52.48,0.0,0.0,0.0,45.0,52.52,0.0,1.0,0.0,120.0,52.52,741.53,0.88,0.0,0.0,18.08,26.07,16.71,45.79,81.95,87.49,45.76
2018-01-07 03:31:00,2,1,52.48,85.0,55.0,52.44,52.52,52.48,0.0,0.0,0.0,45.0,52.52,0.0,1.0,0.0,120.0,52.52,741.53,0.88,0.0,0.0,18.08,26.07,16.71,45.79,81.96,87.5,45.76
2018-01-07 03:32:00,2,1,52.47,85.0,55.0,52.44,52.51,52.47,0.0,0.0,0.0,45.0,52.51,0.0,1.0,0.0,120.0,52.52,741.53,0.88,0.0,0.0,18.08,26.07,16.71,45.79,81.96,87.51,45.75
2018-01-07 03:33:00,2,1,52.47,85.0,55.0,52.44,52.51,52.47,0.0,0.0,0.0,45.0,52.51,0.0,1.0,0.0,120.0,52.51,741.53,0.88,0.0,0.0,18.08,26.07,16.71,45.78,81.97,87.52,45.75
2018-01-07 03:34:00,2,1,52.47,85.0,55.0,52.43,52.51,52.47,0.0,0.0,0.0,45.0,52.51,0.0,1.0,0.0,120.0,52.51,741.53,0.88,0.0,0.0,18.08,26.07,16.71,45.78,81.97,87.53,45.74
2018-01-07 03:35:00,2,1,52.46,85.0,55.0,52.43,52.51,52.46,0.0,0.0,0.0,45.0,52.51,0.0,1.0,0.0,120.0,52.51,741.53,0.88,0.0,0.0,18.08,26.06,16.71,45.77,81.98,87.54,45.74
2018-01-07 03:36:00,2,1,52.46,85.0,55.0,52.43,52.5,52.46,0.0,0.0,0.0,45.0,52.5,0.0,1.0,0.0,120.0,52.5,741.53,0.88,0.0,0.0,18.08,26.06,16.71,45.77,81.98,87.55,45.73
2018-01-07 03:37:00,2,1,52.46,85.0,55.0,52.43,52.5,52.46,0.0,0.0,0.0,45.0,52.5,0.0,1.0,0.0,120.0,52.5,741.53,0.88,0.0,0.0,18.08,26.06,16.71,45.76,81.98,87.56,45.73
2018-01-07 03:38:00,2,1,52.45,85.0,55.0,52.42,52.5,52.45,0.0,0.0,0.0,45.0,52.5,0.0,1.0,0.0,120.0,52.5,741.53,0.88,0.0,0.0,18.08,26.06,16.71,45.76,81.99,87.57,45.72
2018-01-07 03:39:00,2,1,52.45,85.0,55.0,52.42,52.49,52.45,0.0,0.0,0.0,45.0,52.49,0.0,1.0,0.0,120.0,52.49,741.53,0.88,0.0,0.0,18.08,26.06,16.71,45.75,81.99,87.58,45.72
2018-01-07 03:40:00,2,1,52.45,85.0,55.0,52.42,52.49,52.45,0.0,0.0,0.0,45.0,52.49,0.0,1.0,0.0,120.0,52.49,741.53,0.88,0.0,0.0,18.08,26.06,16.71,45.75,82.0,87.59,45.72
2018-01-07 03:41:00,2,1,52.44,85.0,55.0,52.41,52.49,52.44,0.0,0.0,0.0,45.0,52.49,0.0,1.0,0.0,120.0,52.49,741.53,0.88,0.0,0.0,18.08,26.06,16.71,45.74,82.0,87.6,45.71
2018-01-07 03:42:00,2,1,52.44,85.0,55.0,52.41,52.48,52.44,0.0,0.0,0.0,45.0,52.48,0.0,1.0,0.0,120.0,52.48,741.53,0.88,0.0,0.0,18.08,26.06,16.71,45.74,82.01,87.61,45.71
2018-01-07 03:43:00,2,1,52.44,85.0,55.0,52.41,52.48,52.44,0.0,0.0,0.0,45.0,52.48,0.0,1.0,0.0,120.0,52.48,741.53,0.88,0.0,0.0,18.08,26.06,16.71,45.73,82.01,87.62,45.7
2018-01-07 03:44:00,2,1,52.43,85.0,55.0,52.4,52.48,52.43,0.0,0.0,0.0,45.0,52.48,0.0,1.0,0.0,120.0,52.48,741.53,0.88,0.0,0.0,18.08,26.05,16.71,45.73,82.01,87.63,45.7
2018-01-07 03:45:00,2,1,52.43,85.0,55.0,52.4,52.47,52.43,0.0,0.0,0.0,45.0,52.47,0.0,1.0,0.0,120.0,52.48,741.53,0.88,0.0,0.0,18.08,26.05,16.71,45.73,82.01,87.65,45.69
2018-01-07 03:46:00,2,1,52.43,85.0,55.0,52.4,52.47,52.43,0.0,0.0,0.0,45.0,52.47,0.0,1.0,0.0,120.0,52.47,741.53,0.88,0.0,0.0,18.08,26.05,16.71,45.72,82.02,87.66,45.69
2018-01-07 03:47:00,2,1,52.43,85.0,55.0,52.39,52.47,52.43,0.0,0.0,0.0,45.0,52.47,0.0,1.0,0.0,120.0,52.47,741.53,0.88,0.0,0.0,18.08,26.05,16.71,45.72,82.02,87.67,45.68
2018-01-07 03:48:00,2,1,52.42,85.0,55.0,52.39,52.46,52.42,0.0,0.0,0.0,45.0,52.46,0.0,1.0,0.0,120.0,52.47,741.53,0.88,0.0,0.0,18.08,26.05,16.71,45.71,82.02,87.68,45.68
2018-01-07 03:49:00,2,1,52.42,85.0,55.0,52.39,52.46,52.42,0.0,0.0,0.0,45.0,52.46,0.0,1.0,0.0,120.0,52.46,741.53,0.88,0.0,0.0,18.08,26.05,16.71,45.71,82.02,87.69,45.67
2018-01-07 03:50:00,2,1,52.42,85.0,55.0,52.38,52.46,52.42,0.0,0.0,0.0,45.0,52.46,0.0,1.0,0.0,120.0,52.46,741.53,0.88,0.0,0.0,18.08,26.05,16.71,45.7,82.02,87.7,45.67
2018-01-07 03:51:00,2,1,52.41,85.0,55.0,52.38,52.46,52.41,0.0,0.0,0.0,45.0,52.46,0.0,1.0,0.0,120.0,52.46,741.53,0.88,0.0,0.0,18.08,26.05,16.71,45.7,82.02,87.71,45.66
2018-01-07 03:52:00,2,1,52.41,85.0,55.0,52.38,52.45,52.41,0.0,0.0,0.0,45.0,52.45,0.0,1.0,0.0,120.0,52.45,741.53,0.88,0.0,0.0,18.08,26.05,16.71,45.69,82.02,87.72,45.66
2018-01-07 03:53:00,2,1,52.41,85.0,55.0,52.38,52.45,52.41,0.0,0.0,0.0,45.0,52.45,0.0,1.0,0.0,120.0,52.45,741.53,0.88,0.0,0.0,18.08,26.05,16.71,45.69,82.02,87.73,45.66
2018-01-07 03:54:00,2,1,52.4,85.0,55.0,52.37,52.45,52.4,0.0,0.0,0.0,45.0,52.45,0.0,1.0,0.0,120.0,52.45,741.53,0.88,0.0,0.0,18.08,26.05,16.71,45.68,82.02,87.74,45.65
2018-01-07 03:55:00,2,1,52.4,85.0,55.0,52.37,52.44,52.4,0.0,0.0,0.0,45.0,52.44,0.0,1.0,0.0,120.0,52.44,741.53,0.88,0.0,0.0,18.08,26.05,16.71,45.68,82.02,87.75,45.65
2018-01-07 03:56:00,2,1,52.4,85.0,55.0,52.37,52.44,52.4,0.0,0.0,0.0,45.0,52.44,0.0,1.0,0.0,120.0,52.44,741.53,0.88,0.0,0.0,18.08,26.05,16.71,45.67,82.01,87.76,45.64
2018-01-07 03:57:00,2,1,52.39,85.0,55.0,52.36,52.44,52.39,0.0,0.0,0.0,45.0,52.44,0.0,1.0,0.0,120.0,52.44,741.53,0.88,0.0,0.0,18.08,26.05,16.71,45.67,82.01,87.77,45.64
2018-01-07 03:58:00,2,1,52.39,85.0,55.0,52.36,52.43,52.39,0.0,0.0,0.0,45.0,52.43,0.0,1.0,0.0,120.0,52.43,741.53,0.88,0.0,0.0,18.08,26.06,16.71,45.67,82.0,87.78,45.63
2018-01-07 03:59:00,2,1,52.39,85.0,55.0,52.36,52.43,52.39,0.0,0.0,0.0,45.0,52.43,0.0,1.0,0.0,120.0,52.43,741.53,0.88,0.0,0.0,18.08,26.06,16.71,45.66,82.0,87.79,45.63
2018-01-07 04:00:00,2,1,52.39,85.0,55.0,52.35,52.43,52.39,0.0,0.0,0.0,45.0,52.43,0.0,1.0,0.0,120.0,52.43,741.53,0.88,0.0,0.0,18.08,26.06,16.71,45.66,81.99,87.8,45.62
2018-01-07 04:01:00,2,1,52.38,85.0,55.0,52.35,52.42,52.38,0.0,0.0,0.0,45.0,52.42,0.0,1.0,0.0,120.0,52.43,741.53,0.88,0.0,0.0,18.08,26.07,16.71,45.65,81.96,87.81,45.62
2018-01-07 04:02:00,2,1,52.38,85.0,55.0,52.35,52.42,52.38,0.0,0.0,0.0,45.0,52.42,0.0,1.0,0.0,120.0,52.42,741.53,0.88,0.0,0.0,18.08,26.08,16.71,45.65,81.91,87.82,45.61
2018-01-07 04:03:00,2,1,52.38,85.0,55.0,52.35,52.42,52.38,0.0,0.0,0.0,45.0,52.42,0.0,1.0,0.0,120.0,52.42,741.53,0.88,0.0,0.0,18.08,26.1,16.71,45.64,81.85,87.83,45.61
2018-01-07 04:04:00,2,1,52.37,85.0,55.0,52.34,52.42,52.37,0.0,0.0,0.0,45.0,52.42,0.0,1.0,0.0,120.0,52.42,741.53,0.88,0.0,0.0,18.08,26.11,16.71,45.64,81.8,87.84,45.6
2018-01-07 04:05:00,2,1,52.37,85.0,55.0,52.34,52.41,52.37,0.0,0.0,0.0,45.0,52.41,0.0,1.0,0.0,120.0,52.41,741.53,0.88,0.0,0.0,18.08,26.13,16.71,45.63,81.74,87.85,45.6
2018-01-07 04:06:00,2,1,52.37,85.0,55.0,52.34,52.41,52.37,0.0,0.0,0.0,45.0,52.41,0.0,1.0,0.0,120.0,52.41,741.53,0.88,0.0,0.0,18.08,26.15,16.71,45.63,81.69,87.86,45.59
2018-01-07 04:07:00,2,1,52.37,85.0,55.0,52.33,52.41,52.37,0.0,0.0,0.0,45.0,52.41,0.0,1.0,0.0,120.0,52.41,741.53,0.88,0.0,0.0,18.08,26.16,16.71,45.62,81.63,87.87,45.59
2018-01-07 04:08:00,2,1,52.36,85.0,55.0,52.33,52.41,52.36,0.0,0.0,0.0,45.0,52.41,0.0,1.0,0.0,120.0,52.41,741.53,0.88,0.0,0.0,18.08,26.18,16.71,45.62,81.57,87.88,45.58
2018-01-07 04:09:00,2,1,52.36,85.0,55.0,52.33,52.4,52.36,0.0,0.0,0.0,45.0,52.4,0.0,1.0,0.0,120.0,52.4,741.53,0.88,0.0,0.0,18.08,26.2,16.71,45.61,81.52,87.89,45.58
2018-01-07 04:10:00,2,1,52.36,85.0,55.0,52.33,52.4,52.36,0.0,0.0,0.0,45.0,52.4,0.0,1.0,0.0,120.0,52.4,741.53,0.88,0.0,0.0,18.08,26.21,16.71,45.6,81.46,87.9,45.57
2018-01-07 04:11:00,2,1,52.36,85.0,55.0,52.32,52.4,52.36,0.0,0.0,0.0,45.0,52.4,0.0,1.0,0.0,120.0,52.4,741.53,0.88,0.0,0.0,18.08,26.23,16.71,45.6,81.4,87.91,45.57
2018-01-07 04:12:00,2,1,52.35,85.0,55.0,52.32,52.4,52.35,0.0,0.0,0.0,45.0,52.4,0.0,1.0,0.0,120.0,52.4,741.53,0.88,0.0,0.0,18.08,26.25,16.71,45.59,81.34,87.91,45.56
2018-01-07 04:13:00,2,1,52.35,85.0,55.0,52.32,52.39,52.35,0.0,0.0,0.0,45.0,52.39,0.0,1.0,0.0,120.0,52.39,741.53,0.88,0.0,0.0,18.08,26.26,16.71,45.59,81.29,87.92,45.55
