Datetime,FCU_CTRL,FAN_CTRL,RM_TEMP,RMCLGSPT,RMHTGSPT,FCU_MAT,FCU_DAT,FCU_RAT,FCU_CVLV,FCU_CVLV_DM,FCU_CLG_GPM,FCU_CLG_EWT,FCU_CLG_RWT,FCU_HVLV,FCU_HVLV_DM,FCU_HTG_GPM,FCU_HTG_EWT,FCU_HTG_RWT,FCU_DA_CFM,FCU_OA_CFM,FCU_DMPR,FCU_DMPR_DM,FCU_SPD,FCU_OAT,FCU_WAT,FCU_MA_HUMD,FCU_OA_HUMD,FCU_DA_HUMD,FCU_RA_HUMD
2018-01-26 08:08:00,0,2,48.31,72.0,68.0,31.11,47.91,48.31,0.0,0.0,0.0,45.0,47.94,0.0,0.0,0.0,120.0,47.9,2.68,0.88,0.03,0.0,0.0,-2.96,0.87,72.32,67.84,100.0,51.25
2018-01-26 08:09:00,0,2,48.37,72.0,68.0,31.15,47.96,48.37,0.0,0.0,0.0,45.0,47.99,0.0,0.0,0.0,120.0,47.95,2.68,0.88,0.03,0.0,0.0,-2.96,0.87,72.42,67.82,100.0,51.29
2018-01-26 08:10:00,0,2,48.44,72.0,68.0,31.19,48.01,48.44,0.0,0.0,0.0,45.0,48.04,0.0,0.0,0.0,120.0,48.0,2.68,0.88,0.03,0.0,0.0,-2.96,0.87,72.52,67.79,100.0,51.33
2018-01-26 08:11:00,0,2,48.51,72.0,68.0,31.23,48.06,48.51,0.0,0.0,0.0,45.0,48.1,0.0,0.0,0.0,120.0,48.05,2.68,0.88,0.03,0.0,0.0,-2.96,0.87,72.62,67.76,100.0,51.37
2018-01-26 08:12:00,0,2,48.58,72.0,68.0,31.28,48.12,48.58,0.0,0.0,0.0,45.0,48.16,0.0,0.0,0.0,120.0,48.11,2.68,0.88,0.03,0.0,0.0,-2.96,0.87,72.73,67.74,100.0,51.41
2018-01-26 08:13:00,0,2,48.65,72.0,68.0,31.33,48.18,48.65,0.0,0.0,0.0,45.0,48.22,0.0,0.0,0.0,120.0,48.17,2.68,0.88,0.03,0.0,0.0,-2.95,0.87,72.84,67.71,100.0,51.45
2018-01-26 08:14:00,0,2,48.72,72.0,68.0,31.38,48.24,48.72,0.0,0.0,0.0,45.0,48.29,0.0,0.0,0.0,120.0,48.23,2.68,0.88,0.03,0.0,0.0,-2.95,0.87,72.96,67.68,100.0,51.5
2018-01-26 08:15:00,0,2,48.8,72.0,68.0,31.44,48.31,48.8,0.0,0.0,0.0,45.0,48.36,0.0,0.0,0.0,120.0,48.3,2.68,0.88,0.03,0.0,0.0,-2.95,0.87,73.08,67.65,100.0,51.54
2018-01-26 08:16:00,0,2,48.88,72.0,68.0,31.49,48.38,48.88,0.0,0.0,0.0,45.0,48.43,0.0,0.0,0.0,120.0,48.37,2.68,0.88,0.03,0.0,0.0,-2.94,0.87,73.21,67.62,100.0,51.59
2018-01-26 08:17:00,0,2,48.97,72.0,68.0,31.55,48.45,48.97,0.0,0.0,0.0,45.0,48.51,0.0,0.0,0.0,120.0,48.44,2.68,0.88,0.03,0.0,0.0,-2.93,0.87,100.0,67.59,100.0,51.64
2018-01-26 08:18:00,0,2,49.05,72.0,68.0,31.61,48.53,49.05,0.0,0.0,0.0,45.0,48.58,0.0,0.0,0.0,120.0,48.51,2.68,0.88,0.03,0.0,0.0,-2.93,0.87,100.0,67.55,100.0,51.69
2018-01-26 08:19:00,0,2,49.14,72.0,68.0,31.67,48.6,49.14,0.0,0.0,0.0,45.0,48.66,0.0,0.0,0.0,120.0,48.59,2.68,0.88,0.03,0.0,0.0,-2.92,0.87,100.0,67.52,100.0,51.75
2018-01-26 08:20:00,0,2,49.23,72.0,68.0,31.73,48.69,49.23,0.0,0.0,0.0,45.0,48.75,0.0,0.0,0.0,120.0,48.67,2.68,0.88,0.03,0.0,0.0,-2.91,0.87,100.0,67.49,100.0,51.8
2018-01-26 08:21:00,0,2,49.32,72.0,68.0,31.8,48.77,49.32,0.0,0.0,0.0,45.0,48.83,0.0,0.0,0.0,120.0,48.75,2.68,0.88,0.03,0.0,0.0,-2.9,0.87,100.0,67.45,100.0,51.86
2018-01-26 08:22:00,0,2,49.41,72.0,68.0,31.86,48.85,49.41,0.0,0.0,0.0,45.0,48.92,0.0,0.0,0.0,120.0,48.84,2.68,0.88,0.03,0.0,0.0,-2.89,0.87,100.0,67.41,100.0,51.93
2018-01-26 08:23:00,0,2,49.51,72.0,68.0,31.93,48.94,49.51,0.0,0.0,0.0,45.0,49.01,0.0,0.0,0.0,120.0,48.92,2.68,0.88,0.03,0.0,0.0,-2.88,0.87,100.0,67.38,100.0,52.0
2018-01-26 08:24:00,0,2,49.61,72.0,68.0,32.0,49.03,49.61,0.0,0.0,0.0,45.0,49.1,0.0,0.0,0.0,120.0,49.01,2.68,0.88,0.03,0.0,0.0,-2.87,0.87,100.0,67.34,100.0,52.07
2018-01-26 08:25:00,0,2,49.7,72.0,68.0,32.07,49.12,49.7,0.0,0.0,0.0,45.0,49.19,0.0,0.0,0.0,120.0,49.1,2.68,0.88,0.03,0.0,0.0,-2.86,0.87,100.0,67.3,99.84,52.14
2018-01-26 08:26:00,0,2,49.8,72.0,68.0,32.14,49.21,49.8,0.0,0.0,0.0,45.0,49.28,0.0,0.0,0.0,120.0,49.19,2.68,0.88,0.03,0.0,0.0,-2.84,0.87,100.0,67.26,99.54,52.22
2018-01-26 08:27:00,0,2,49.91,72.0,68.0,32.21,49.31,49.91,0.0,0.0,0.0,45.0,49.38,0.0,0.0,0.0,120.0,49.29,2.68,0.88,0.03,0.0,0.0,-2.83,0.87,100.0,67.22,99.23,52.3
2018-01-26 08:28:00,0,2,50.01,72.0,68.0,32.28,49.4,50.01,0.0,0.0,0.0,45.0,49.48,0.0,0.0,0.0,120.0,49.38,2.68,0.88,0.03,0.0,0.0,-2.81,0.87,100.0,67.17,98.92,52.37
2018-01-26 08:29:00,0,2,50.11,72.0,68.0,32.36,49.5,50.11,0.0,0.0,0.0,45.0,49.58,0.0,0.0,0.0,120.0,49.48,2.68,0.88,0.03,0.0,0.0,-2.8,0.87,100.0,67.13,98.6,52.4
2018-01-26 08:30:00,0,2,50.22,72.0,68.0,32.43,49.6,50.22,0.0,0.0,0.0,45.0,49.68,0.0,0.0,0.0,120.0,49.58,2.68,0.88,0.03,0.0,0.0,-2.78,0.87,100.0,67.08,98.28,52.44
2018-01-26 08:31:00,0,2,50.32,72.0,68.0,32.51,49.7,50.32,0.0,0.0,0.0,45.0,49.78,0.0,0.0,0.0,120.0,49.68,2.68,0.88,0.03,0.0,0.0,-2.76,0.87,100.0,67.04,97.96,52.47
2018-01-26 08:32:00,0,2,50.43,72.0,68.0,32.58,49.8,50.43,0.0,0.0,0.0,45.0,49.88,0.0,0.0,0.0,120.0,49.78,2.68,0.88,0.03,0.0,0.0,-2.75,0.87,100.0,66.99,97.63,52.51
2018-01-26 08:33:00,0,2,50.54,72.0,68.0,32.66,49.91,50.54,0.0,0.0,0.0,45.0,49.99,0.0,0.0,0.0,120.0,49.89,2.68,0.88,0.03,0.0,0.0,-2.73,0.87,100.0,66.94,97.31,52.55
2018-01-26 08:34:00,0,2,50.65,72.0,68.0,32.74,50.01,50.65,0.0,0.0,0.0,45.0,50.09,0.0,0.0,0.0,120.0,49.99,2.68,0.88,0.03,0.0,0.0,-2.71,0.87,100.0,66.89,96.95,52.6
2018-01-26 08:35:00,0,2,50.76,72.0,68.0,32.82,50.12,50.76,0.0,0.0,0.0,45.0,50.2,0.0,0.0,0.0,120.0,50.1,2.68,0.88,0.03,0.0,0.0,-2.69,0.87,100.0,66.84,96.53,52.65
2018-01-26 08:36:00,0,2,50.87,72.0,68.0,32.9,50.22,50.87,0.0,0.0,0.0,45.0,50.31,0.0,0.0,0.0,120.0,50.2,2.68,0.88,0.03,0.0,0.0,-2.67,0.87,100.0,66.78,96.09,52.7
2018-01-26 08:37:00,0,2,50.98,72.0,68.0,32.98,50.33,50.98,0.0,0.0,0.0,45.0,50.42,0.0,0.0,0.0,120.0,50.31,2.68,0.88,0.03,0.0,0.0,-2.65,0.87,100.0,66.73,95.65,52.76
2018-01-26 08:38:00,0,2,51.1,72.0,68.0,33.07,50.44,51.1,0.0,0.0,0.0,45.0,50.53,0.0,0.0,0.0,120.0,50.42,2.68,0.88,0.03,0.0,0.0,-2.63,0.87,100.0,66.67,95.2,52.82
2018-01-26 08:39:00,0,2,51.21,72.0,68.0,33.15,50.55,51.21,0.0,0.0,0.0,45.0,50.64,0.0,0.0,0.0,120.0,50.53,2.68,0.88,0.03,0.0,0.0,-2.61,0.87,100.0,66.61,94.76,52.88
2018-01-26 08:40:00,0,2,51.32,72.0,68.0,33.23,50.66,51.32,0.0,0.0,0.0,45.0,50.75,0.0,0.0,0.0,120.0,50.64,2.68,0.88,0.03,0.0,0.0,-2.58,0.87,100.0,66.55,94.32,52.95
2018-01-26 08:41:00,0,2,51.44,72.0,68.0,33.32,50.77,51.44,0.0,0.0,0.0,45.0,50.86,0.0,0.0,0.0,120.0,50.75,2.68,0.88,0.03,0.0,0.0,-2.56,0.87,100.0,66.49,93.88,53.03
2018-01-26 08:42:00,0,2,51.55,72.0,68.0,33.4,50.88,51.55,0.0,0.0,0.0,45.0,50.97,0.0,0.0,0.0,120.0,50.86,2.68,0.88,0.03,0.0,0.0,-2.54,0.87,100.0,66.43,93.44,53.1
2018-01-26 08:43:00,0,2,51.67,72.0,68.0,33.49,51.0,51.67,0.0,0.0,0.0,45.0,51.09,0.0,0.0,0.0,120.0,50.98,2.68,0.88,0.03,0.0,0.0,-2.51,0.87,100.0,66.37,93.01,53.19
2018-01-26 08:44:00,0,2,51.79,72.0,68.0,33.57,51.11,51.79,0.0,0.0,0.0,45.0,51.2,0.0,0.0,0.0,120.0,51.09,2.68,0.88,0.03,0.0,0.0,-2.49,0.87,100.0,66.3,92.57,53.27
2018-01-26 08:45:00,0,2,51.9,72.0,68.0,33.66,51.23,51.9,0.0,0.0,0.0,45.0,51.32,0.0,0.0,0.0,120.0,51.2,2.68,0.88,0.03,0.0,0.0,-2.46,0.87,100.0,66.24,92.14,53.36
2018-01-26 08:46:00,0,2,52.02,72.0,68.0,33.74,51.34,52.02,0.0,0.0,0.0,45.0,51.43,0.0,0.0,0.0,120.0,51.32,2.68,0.88,0.03,0.0,0.0,-2.44,0.87,100.0,66.17,91.71,53.45
2018-01-26 08:47:00,0,2,52.14,72.0,68.0,33.83,51.45,52.14,0.0,0.0,0.0,45.0,51.55,0.0,0.0,0.0,120.0,51.43,2.68,0.88,0.03,0.0,0.0,-2.41,0.87,100.0,66.1,91.28,53.55
2018-01-26 08:48:00,0,2,52.25,72.0,68.0,33.92,51.57,52.25,0.0,0.0,0.0,45.0,51.66,0.0,0.0,0.0,120.0,51.55,2.68,0.88,0.03,0.0,0.0,-2.39,0.87,100.0,66.03,90.85,53.65
2018-01-26 08:49:00,0,2,52.37,72.0,68.0,34.0,51.69,52.37,0.0,0.0,0.0,45.0,51.78,0.0,0.0,0.0,120.0,51.66,2.68,0.88,0.03,0.0,0.0,-2.36,0.87,100.0,65.95,90.43,53.76
2018-01-26 08:50:00,0,2,52.49,72.0,68.0,34.09,51.8,52.49,0.0,0.0,0.0,45.0,51.89,0.0,0.0,0.0,120.0,51.78,2.68,0.88,0.03,0.0,0.0,-2.33,0.87,100.0,65.88,90.01,53.87
2018-01-26 08:51:00,0,2,52.6,72.0,68.0,34.18,51.92,52.6,0.0,0.0,0.0,45.0,52.01,0.0,0.0,0.0,120.0,51.9,2.68,0.88,0.03,0.0,0.0,-2.3,0.87,100.0,65.8,89.59,53.98
2018-01-26 08:52:00,0,2,52.72,72.0,68.0,34.26,52.03,52.72,0.0,0.0,0.0,45.0,52.13,0.0,0.0,0.0,120.0,52.01,2.68,0.88,0.03,0.0,0.0,-2.27,0.87,100.0,65.73,89.18,54.1
2018-01-26 08:53:00,0,2,52.84,72.0,68.0,34.35,52.15,52.84,0.0,0.0,0.0,45.0,52.24,0.0,0.0,0.0,120.0,52.13,2.68,0.88,0.03,0.0,0.0,-2.25,0.87,100.0,65.65,88.77,54.22
2018-01-26 08:54:00,0,2,52.95,72.0,68.0,34.44,52.27,52.95,0.0,0.0,0.0,45.0,52.36,0.0,0.0,0.0,120.0,52.25,2.68,0.88,0.03,0.0,0.0,-2.22,0.87,100.0,65.56,88.36,54.35
2018-01-26 08:55:00,0,2,53.07,72.0,68.0,34.53,52.38,53.07,0.0,0.0,0.0,45.0,52.48,0.0,0.0,0.0,120.0,52.36,2.68,0.88,0.03,0.0,0.0,-2.19,0.87,100.0,65.48,87.96,54.48
2018-01-26 08:56:00,0,2,53.19,72.0,68.0,34.61,52.5,53.19,0.0,0.0,0.0,45.0,52.59,0.0,0.0,0.0,120.0,52.48,2.68,0.88,0.03,0.0,0.0,-2.16,0.87,100.0,65.4,87.56,54.61
2018-01-26 08:57:00,0,2,53.3,72.0,68.0,34.7,52.62,53.3,0.0,0.0,0.0,45.0,52.71,0.0,0.0,0.0,120.0,52.59,2.68,0.88,0.03,0.0,0.0,-2.13,0.87,100.0,65.31,87.16,54.75
2018-01-26 08:58:00,0,2,53.42,72.0,68.0,34.79,52.73,53.42,0.0,0.0,0.0,45.0,52.82,0.0,0.0,0.0,120.0,52.71,2.68,0.88,0.03,0.0,0.0,-2.1,0.87,100.0,65.22,86.77,54.89
2018-01-26 08:59:00,0,2,53.53,72.0,68.0,34.87,52.85,53.53,0.0,0.0,0.0,45.0,52.94,0.0,0.0,0.0,120.0,52.83,2.68,0.88,0.03,0.0,0.0,-2.07,0.87,100.0,65.13,86.39,55.04
2018-01-26 09:00:00,0,2,53.65,72.0,68.0,34.96,52.96,53.65,0.0,0.0,0.0,45.0,53.06,0.0,0.0,0.0,120.0,52.94,2.68,0.88,0.03,0.0,0.0,-2.03,0.87,100.0,65.04,86.0,55.18
2018-01-26 09:01:00,0,2,53.76,72.0,68.0,35.05,53.08,53.76,0.0,0.0,0.0,45.0,53.17,0.0,0.0,0.0,120.0,53.06,2.68,0.88,0.03,0.0,0.0,-2.0,0.87,100.0,64.9,85.63,55.34
2018-01-26 09:02:00,0,2,53.87,72.0,68.0,35.13,53.19,53.87,0.0,0.0,0.0,45.0,53.28,0.0,0.0,0.0,120.0,53.17,2.68,0.88,0.03,0.0,0.0,-1.97,0.87,100.0,64.74,85.25,55.5
2018-01-26 09:03:00,0,2,53.98,72.0,68.0,35.21,53.31,53.98,0.0,0.0,0.0,45.0,53.4,0.0,0.0,0.0,120.0,53.28,2.68,0.88,0.03,0.0,0.0,-1.94,0.87,100.0,64.57,84.89,55.68
2018-01-26 09:04:00,0,2,54.08,72.0,68.0,35.29,53.42,54.08,0.0,0.0,0.0,45.0,53.5,0.0,0.0,0.0,120.0,53.4,2.68,0.88,0.03,0.0,0.0,-1.91,0.87,100.0,64.4,84.54,55.86
2018-01-26 09:05:00,0,2,54.17,72.0,68.0,35.36,53.53,54.17,0.0,0.0,0.0,45.0,53.61,0.0,0.0,0.0,120.0,53.51,2.68,0.88,0.03,0.0,0.0,-1.88,0.87,100.0,64.23,84.19,56.04
2018-01-26 09:06:00,0,2,54.27,72.0,68.0,35.43,53.63,54.27,0.0,0.0,0.0,45.0,53.71,0.0,0.0,0.0,120.0,53.61,2.68,0.88,0.03,0.0,0.0,-1.85,0.87,100.0,64.06,83.86,56.24
2018-01-26 09:07:00,0,2,54.36,72.0,68.0,35.5,53.73,54.36,0.0,0.0,0.0,45.0,53.81,0.0,0.0,0.0,120.0,53.71,2.68,0.88,0.03,0.0,0.0,-1.82,0.87,100.0,63.88,83.54,56.44
2018-01-26 09:08:00,0,2,54.45,72.0,68.0,35.57,53.83,54.45,0.0,0.0,0.0,45.0,53.91,0.0,0.0,0.0,120.0,53.81,2.68,0.88,0.03,0.0,0.0,-1.79,0.87,100.0,63.71,83.23,56.64
2018-01-26 09:09:00,0,2,54.53,72.0,68.0,35.64,53.93,54.53,0.0,0.0,0.0,45.0,54.01,0.0,0.0,0.0,120.0,53.91,2.68,0.88,0.03,0.0,0.0,-1.76,0.87,100.0,63.53,82.93,56.85
2018-01-26 09:10:00,0,2,54.62,72.0,68.0,35.71,54.02,54.62,0.0,0.0,0.0,45.0,54.1,0.0,0.0,0.0,120.0,54.01,2.68,0.88,0.03,0.0,0.0,-1.73,0.87,100.0,63.35,82.65,57.06
2018-01-26 09:11:00,0,2,54.7,72.0,68.0,35.77,54.12,54.7,0.0,0.0,0.0,45.0,54.19,0.0,0.0,0.0,120.0,54.1,2.68,0.88,0.03,0.0,0.0,-1.69,0.87,100.0,63.17,82.37,57.28
2018-01-26 09:12:00,0,2,54.78,72.0,68.0,35.84,54.2,54.78,0.0,0.0,0.0,45.0,54.27,0.0,0.0,0.0,120.0,54.19,2.68,0.88,0.03,0.0,0.0,-1.66,0.87,100.0,62.99,82.1,57.5
2018-01-26 09:13:00,0,2,54.86,72.0,68.0,35.9,54.29,54.86,0.0,0.0,0.0,45.0,54.36,0.0,0.0,0.0,120.0,54.27,2.68,0.88,0.03,0.0,0.0,-1.63,0.87,100.0,62.81,81.85,57.73
2018-01-26 09:14:00,0,2,54.93,72.0,68.0,35.96,54.37,54.93,0.0,0.0,0.0,45.0,54.44,0.0,0.0,0.0,120.0,54.36,2.68,0.88,0.03,0.0,0.0,-1.6,0.87,100.0,62.63,81.6,57.95
2018-01-26 09:15:00,0,2,55.0,72.0,68.0,36.02,54.46,55.0,0.0,0.0,0.0,45.0,54.52,0.0,0.0,0.0,120.0,54.44,2.68,0.88,0.03,0.0,0.0,-1.56,0.87,100.0,62.45,81.36,58.19
2018-01-26 09:16:00,0,2,55.08,72.0,68.0,36.08,54.53,55.08,0.0,0.0,0.0,45.0,54.59,0.0,0.0,0.0,120.0,54.52,2.68,0.88,0.03,0.0,0.0,-1.53,0.87,100.0,62.27,81.12,58.42
2018-01-26 09:17:00,0,2,55.14,72.0,68.0,36.14,54.61,55.14,0.0,0.0,0.0,45.0,54.67,0.0,0.0,0.0,120.0,54.6,2.68,0.88,0.03,0.0,0.0,-1.5,0.87,100.0,62.08,80.9,58.66
2018-01-26 09:18:00,0,2,55.21,72.0,68.0,36.19,54.69,55.21,0.0,0.0,0.0,45.0,54.74,0.0,0.0,0.0,120.0,54.67,2.68,0.88,0.03,0.0,0.0,-1.46,0.87,100.0,61.9,80.68,58.9
2018-01-26 09:19:00,0,2,55.28,72.0,68.0,36.25,54.76,55.28,0.0,0.0,0.0,45.0,54.81,0.0,0.0,0.0,120.0,54.75,2.68,0.88,0.03,0.0,0.0,-1.43,0.87,100.0,61.72,80.47,59.14
2018-01-26 09:20:00,0,2,55.34,72.0,68.0,36.3,54.83,55.34,0.0,0.0,0.0,45.0,54.88,0.0,0.0,0.0,120.0,54.82,2.68,0.88,0.03,0.0,0.0,-1.4,0.87,100.0,61.53,80.26,59.39
2018-01-26 09:21:00,0,2,55.41,72.0,68.0,36.35,54.9,55.41,0.0,0.0,0.0,45.0,54.95,0.0,0.0,0.0,120.0,54.89,2.68,0.88,0.03,0.0,0.0,-1.36,0.87,100.0,61.35,80.07,59.63
2018-01-26 09:22:00,0,2,55.47,72.0,68.0,36.41,54.97,55.47,0.0,0.0,0.0,45.0,55.02,0.0,0.0,0.0,120.0,54.95,2.68,0.88,0.03,0.0,0.0,-1.33,0.87,100.0,61.16,79.87,59.88
2018-01-26 09:23:00,0,2,55.53,72.0,68.0,36.46,55.03,55.53,0.0,0.0,0.0,45.0,55.08,0.0,0.0,0.0,120.0,55.02,2.68,0.88,0.03,0.0,0.0,-1.3,0.87,100.0,60.98,79.69,60.13
2018-01-26 09:24:00,0,2,55.59,72.0,68.0,36.51,55.1,55.59,0.0,0.0,0.0,45.0,55.14,0.0,0.0,0.0,120.0,55.09,2.68,0.88,0.03,0.0,0.0,-1.26,0.87,100.0,60.8,79.5,60.39
2018-01-26 09:25:00,0,2,55.64,72.0,68.0,36.56,55.16,55.64,0.0,0.0,0.0,45.0,55.2,0.0,0.0,0.0,120.0,55.15,2.68,0.88,0.03,0.0,0.0,-1.23,0.87,100.0,60.61,79.33,60.64
2018-01-26 09:26:00,0,2,55.7,72.0,68.0,36.6,55.22,55.7,0.0,0.0,0.0,45.0,55.26,0.0,0.0,0.0,120.0,55.21,2.68,0.88,0.03,0.0,0.0,-1.19,0.87,100.0,60.43,79.16,60.9
2018-01-26 09:27:00,0,2,55.75,72.0,68.0,36.65,55.28,55.75,0.0,0.0,0.0,45.0,55.32,0.0,0.0,0.0,120.0,55.27,2.68,0.88,0.03,0.0,0.0,-1.16,0.87,100.0,60.24,78.99,61.16
2018-01-26 09:28:00,0,2,55.81,72.0,68.0,36.7,55.34,55.81,0.0,0.0,0.0,45.0,55.38,0.0,0.0,0.0,120.0,55.33,2.68,0.88,0.03,0.0,0.0,-1.13,0.87,100.0,60.06,78.83,61.42
2018-01-26 09:29:00,0,2,55.86,72.0,68.0,36.74,55.4,55.86,0.0,0.0,0.0,45.0,55.44,0.0,0.0,0.0,120.0,55.39,2.68,0.88,0.03,0.0,0.0,-1.09,0.87,100.0,59.88,78.67,61.68
2018-01-26 09:30:00,0,2,55.91,72.0,68.0,36.79,55.45,55.91,0.0,0.0,0.0,45.0,55.49,0.0,0.0,0.0,120.0,55.44,2.68,0.88,0.03,0.0,0.0,-1.06,0.87,100.0,59.7,78.52,61.94
2018-01-26 09:31:00,0,2,55.96,72.0,68.0,36.83,55.51,55.96,0.0,0.0,0.0,45.0,55.54,0.0,0.0,0.0,120.0,55.5,2.68,0.88,0.03,0.0,0.0,-1.02,0.87,100.0,59.52,78.37,62.2
2018-01-26 09:32:00,0,2,56.01,72.0,68.0,36.88,55.56,56.01,0.0,0.0,0.0,45.0,55.59,0.0,0.0,0.0,120.0,55.55,2.68,0.88,0.03,0.0,0.0,-0.99,0.87,100.0,59.34,78.23,62.46
2018-01-26 09:33:00,0,2,56.05,72.0,68.0,36.92,55.61,56.05,0.0,0.0,0.0,45.0,55.65,0.0,0.0,0.0,120.0,55.6,2.68,0.88,0.03,0.0,0.0,-0.95,0.87,100.0,59.16,78.09,62.73
2018-01-26 09:34:00,0,2,56.1,72.0,68.0,36.96,55.66,56.1,0.0,0.0,0.0,45.0,55.69,0.0,0.0,0.0,120.0,55.65,2.68,0.88,0.03,0.0,0.0,-0.92,0.87,100.0,58.98,77.95,63.0
2018-01-26 09:35:00,0,2,56.14,72.0,68.0,37.0,55.71,56.14,0.0,0.0,0.0,45.0,55.74,0.0,0.0,0.0,120.0,55.7,2.68,0.88,0.03,0.0,0.0,-0.89,0.87,100.0,58.81,77.82,63.26
2018-01-26 09:36:00,0,2,56.19,72.0,68.0,37.04,55.76,56.19,0.0,0.0,0.0,45.0,55.79,0.0,0.0,0.0,120.0,55.75,2.68,0.88,0.03,0.0,0.0,-0.85,0.87,100.0,58.63,77.69,63.53
2018-01-26 09:37:00,0,2,56.23,72.0,68.0,37.08,55.81,56.23,0.0,0.0,0.0,45.0,55.84,0.0,0.0,0.0,120.0,55.8,2.68,0.88,0.03,0.0,0.0,-0.82,0.87,100.0,58.46,77.56,63.8
2018-01-26 09:38:00,0,2,56.27,72.0,68.0,37.12,55.85,56.27,0.0,0.0,0.0,45.0,55.88,0.0,0.0,0.0,120.0,55.84,2.68,0.88,0.03,0.0,0.0,-0.78,0.87,100.0,58.28,77.44,64.07
2018-01-26 09:39:00,0,2,56.31,72.0,68.0,37.16,55.9,56.31,0.0,0.0,0.0,45.0,55.92,0.0,0.0,0.0,120.0,55.89,2.68,0.88,0.03,0.0,0.0,-0.75,0.87,100.0,58.11,77.32,64.34
2018-01-26 09:40:00,0,2,56.35,72.0,68.0,37.2,55.94,56.35,0.0,0.0,0.0,45.0,55.97,0.0,0.0,0.0,120.0,55.93,2.68,0.88,0.03,0.0,0.0,-0.71,0.87,100.0,57.94,77.2,64.61
2018-01-26 09:41:00,0,2,56.39,72.0,68.0,37.24,55.98,56.39,0.0,0.0,0.0,45.0,56.01,0.0,0.0,0.0,120.0,55.98,2.68,0.88,0.03,0.0,0.0,-0.68,0.87,100.0,57.78,77.09,64.88
2018-01-26 09:42:00,0,2,56.43,72.0,68.0,37.27,56.02,56.43,0.0,0.0,0.0,45.0,56.05,0.0,0.0,0.0,120.0,56.02,2.68,0.88,0.03,0.0,0.0,-0.65,0.87,100.0,57.61,76.98,65.15
2018-01-26 09:43:00,0,2,56.47,72.0,68.0,37.31,56.07,56.47,0.0,0.0,0.0,45.0,56.09,0.0,0.0,0.0,120.0,56.06,2.68,0.88,0.03,0.0,0.0,-0.61,0.87,100.0,57.45,76.87,65.43
2018-01-26 09:44:00,0,2,56.5,72.0,68.0,37.35,56.11,56.5,0.0,0.0,0.0,45.0,56.13,0.0,0.0,0.0,120.0,56.1,2.68,0.88,0.03,0.0,0.0,-0.58,0.87,100.0,57.29,76.77,65.7
2018-01-26 09:45:00,0,2,56.54,72.0,68.0,37.38,56.14,56.54,0.0,0.0,0.0,45.0,56.17,0.0,0.0,0.0,120.0,56.14,2.68,0.88,0.03,0.0,0.0,-0.54,0.87,100.0,57.13,76.66,65.97
2018-01-26 09:46:00,0,2,56.57,72.0,68.0,37.42,56.18,56.57,0.0,0.0,0.0,45.0,56.2,0.0,0.0,0.0,120.0,56.17,2.68,0.88,0.03,0.0,0.0,-0.51,0.87,100.0,56.97,76.57,66.24
2018-01-26 09:47:00,0,2,56.61,72.0,68.0,37.45,56.22,56.61,0.0,0.0,0.0,45.0,56.24,0.0,0.0,0.0,120.0,56.21,2.68,0.88,0.03,0.0,0.0,-0.48,0.87,100.0,56.81,76.47,66.52
2018-01-26 09:48:00,0,2,56.64,72.0,68.0,37.48,56.26,56.64,0.0,0.0,0.0,45.0,56.28,0.0,0.0,0.0,120.0,56.25,2.68,0.88,0.03,0.0,0.0,-0.44,0.87,100.0,56.66,76.37,66.79
2018-01-26 09:49:00,0,2,56.67,72.0,68.0,37.51,56.29,56.67,0.0,0.0,0.0,45.0,56.31,0.0,0.0,0.0,120.0,56.28,2.68,0.88,0.03,0.0,0.0,-0.41,0.87,100.0,56.51,76.28,67.07
2018-01-26 09:50:00,0,2,56.7,72.0,68.0,37.55,56.32,56.7,0.0,0.0,0.0,45.0,56.34,0.0,0.0,0.0,120.0,56.32,2.68,0.88,0.03,0.0,0.0,-0.38,0.87,100.0,56.36,76.19,67.34
2018-01-26 09:51:00,0,2,56.73,72.0,68.0,37.58,56.36,56.73,0.0,0.0,0.0,45.0,56.38,0.0,0.0,0.0,120.0,56.35,2.68,0.88,0.03,0.0,0.0,-0.34,0.87,100.0,56.22,76.11,67.62
2018-01-26 09:52:00,0,2,56.76,72.0,68.0,37.61,56.39,56.76,0.0,0.0,0.0,45.0,56.41,0.0,0.0,0.0,120.0,56.38,2.68,0.88,0.03,0.0,0.0,-0.31,0.87,100.0,56.07,76.02,67.89
2018-01-26 09:53:00,0,2,56.79,72.0,68.0,37.64,56.42,56.79,0.0,0.0,0.0,45.0,56.44,0.0,0.0,0.0,120.0,56.42,2.68,0.88,0.03,0.0,0.0,-0.28,0.87,100.0,55.93,75.94,68.17
2018-01-26 09:54:00,0,2,56.82,72.0,68.0,37.67,56.45,56.82,0.0,0.0,0.0,45.0,56.47,0.0,0.0,0.0,120.0,56.45,2.68,0.88,0.03,0.0,0.0,-0.25,0.87,100.0,55.8,75.86,68.44
2018-01-26 09:55:00,0,2,56.85,72.0,68.0,37.7,56.48,56.85,0.0,0.0,0.0,45.0,56.5,0.0,0.0,0.0,120.0,56.48,2.68,0.88,0.03,0.0,0.0,-0.21,0.87,100.0,55.66,75.78,68.72
2018-01-26 09:56:00,0,2,56.87,72.0,68.0,37.73,56.51,56.87,0.0,0.0,0.0,45.0,56.53,0.0,0.0,0.0,120.0,56.51,2.68,0.88,0.03,0.0,0.0,-0.18,0.87,100.0,55.53,75.71,68.99
2018-01-26 09:57:00,0,2,56.9,72.0,68.0,37.75,56.54,56.9,0.0,0.0,0.0,45.0,56.56,0.0,0.0,0.0,120.0,56.54,2.68,0.88,0.03,0.0,0.0,-0.15,0.87,100.0,55.41,75.63,69.27
2018-01-26 09:58:00,0,2,56.93,72.0,68.0,37.78,56.57,56.93,0.0,0.0,0.0,45.0,56.58,0.0,0.0,0.0,120.0,56.57,2.68,0.88,0.03,0.0,0.0,-0.12,0.87,100.0,55.28,75.56,69.54
2018-01-26 09:59:00,0,2,56.95,72.0,68.0,37.81,56.6,56.95,0.0,0.0,0.0,45.0,56.61,0.0,0.0,0.0,120.0,56.59,2.68,0.88,0.03,0.0,0.0,-0.09,0.87,100.0,55.16,75.49,69.82
2018-01-26 10:00:00,0,2,56.97,72.0,68.0,37.84,56.63,56.97,0.0,0.0,0.0,45.0,56.64,0.0,0.0,0.0,120.0,56.62,2.68,0.88,0.03,0.0,0.0,-0.05,0.87,100.0,55.04,75.42,70.09
2018-01-26 10:01:00,0,2,57.0,72.0,68.0,37.86,56.65,57.0,0.0,0.0,0.0,45.0,56.66,0.0,0.0,0.0,120.0,56.65,2.68,0.88,0.03,0.0,0.0,-0.03,0.87,100.0,54.98,75.36,70.37
2018-01-26 10:02:00,0,2,57.02,72.0,68.0,37.88,56.68,57.02,0.0,0.0,0.0,45.0,56.69,0.0,0.0,0.0,120.0,56.67,2.68,0.88,0.03,0.0,0.0,-0.0,0.87,100.0,54.96,75.29,70.64
2018-01-26 10:03:00,0,2,57.05,72.0,68.0,37.91,56.7,57.05,0.0,0.0,0.0,45.0,56.71,0.0,0.0,0.0,120.0,56.7,2.68,0.88,0.03,0.0,0.0,0.02,0.87,100.0,54.94,75.23,70.92
2018-01-26 10:04:00,0,2,57.07,72.0,68.0,37.93,56.73,57.07,0.0,0.0,0.0,45.0,56.74,0.0,0.0,0.0,120.0,56.72,2.68,0.88,0.03,0.0,0.0,0.04,0.87,100.0,54.92,75.17,71.19
2018-01-26 10:05:00,0,2,57.09,72.0,68.0,37.95,56.75,57.09,0.0,0.0,0.0,45.0,56.76,0.0,0.0,0.0,120.0,56.75,2.68,0.88,0.03,0.0,0.0,0.06,0.87,100.0,54.91,75.1,71.46
2018-01-26 10:06:00,0,2,57.12,72.0,68.0,37.98,56.78,57.12,0.0,0.0,0.0,45.0,56.79,0.0,0.0,0.0,120.0,56.77,2.68,0.88,0.03,0.0,0.0,0.09,0.87,100.0,54.91,75.04,71.73
2018-01-26 10:07:00,0,2,57.14,72.0,68.0,38.0,56.8,57.14,0.0,0.0,0.0,45.0,56.81,0.0,0.0,0.0,120.0,56.8,2.68,0.88,0.03,0.0,0.0,0.11,0.87,100.0,54.9,74.98,72.01
2018-01-26 10:08:00,0,2,57.16,72.0,68.0,38.02,56.82,57.16,0.0,0.0,0.0,45.0,56.83,0.0,0.0,0.0,120.0,56.82,2.68,0.88,0.03,0.0,0.0,0.13,0.87,100.0,54.9,74.92,72.28
2018-01-26 10:09:00,0,2,57.19,72.0,68.0,38.04,56.85,57.19,0.0,0.0,0.0,45.0,56.86,0.0,0.0,0.0,120.0,56.84,2.68,0.88,0.03,0.0,0.0,0.15,0.87,100.0,54.9,74.86,72.55
2018-01-26 10:10:00,0,2,57.21,72.0,68.0,38.07,56.87,57.21,0.0,0.0,0.0,45.0,56.88,0.0,0.0,0.0,120.0,56.87,2.68,0.88,0.03,0.0,0.0,0.17,0.87,100.0,54.91,74.81,72.82
2018-01-26 10:11:00,0,2,57.23,72.0,68.0,38.09,56.89,57.23,0.0,0.0,0.0,45.0,56.9,0.0,0.0,0.0,120.0,56.89,2.68,0.88,0.03,0.0,0.0,0.19,0.87,100.0,54.92,74.75,73.1
2018-01-26 10:12:00,0,2,57.25,72.0,68.0,38.11,56.92,57.25,0.0,0.0,0.0,45.0,56.93,0.0,0.0,0.0,120.0,56.91,2.68,0.88,0.03,0.0,0.0,0.22,0.87,100.0,54.93,74.69,73.37
2018-01-26 10:13:00,0,2,57.27,72.0,68.0,38.13,56.94,57.27,0.0,0.0,0.0,45.0,56.95,0.0,0.0,0.0,120.0,56.94,2.68,0.88,0.03,0.0,0.0,0.24,0.87,100.0,54.95,74.64,73.64
2018-01-26 10:14:00,0,2,57.3,72.0,68.0,38.15,56.96,57.3,0.0,0.0,0.0,45.0,56.97,0.0,0.0,0.0,120.0,56.96,2.68,0.88,0.03,0.0,0.0,0.26,0.87,100.0,54.96,74.58,73.91
2018-01-26 10:15:00,0,2,57.32,72.0,68.0,38.17,56.98,57.32,0.0,0.0,0.0,45.0,56.99,0.0,0.0,0.0,120.0,56.98,2.68,0.88,0.03,0.0,0.0,0.28,0.87,100.0,54.98,74.52,74.19
2018-01-26 10:16:00,0,2,57.34,72.0,68.0,38.19,57.01,57.34,0.0,0.0,0.0,45.0,57.01,0.0,0.0,0.0,120.0,57.0,2.68,0.88,0.03,0.0,0.0,0.3,0.87,100.0,55.01,74.47,74.46
2018-01-26 10:17:00,0,2,57.36,72.0,68.0,38.22,57.03,57.36,0.0,0.0,0.0,45.0,57.04,0.0,0.0,0.0,120.0,57.02,2.68,0.88,0.03,0.0,0.0,0.32,0.87,100.0,55.03,74.42,74.73
2018-01-26 10:18:00,0,2,57.38,72.0,68.0,38.24,57.05,57.38,0.0,0.0,0.0,45.0,57.06,0.0,0.0,0.0,120.0,57.05,2.68,0.88,0.03,0.0,0.0,0.34,0.87,100.0,55.06,74.36,75.01
2018-01-26 10:19:00,0,2,57.4,72.0,68.0,38.26,57.07,57.4,0.0,0.0,0.0,45.0,57.08,0.0,0.0,0.0,120.0,57.07,2.68,0.88,0.03,0.0,0.0,0.36,0.87,100.0,55.09,74.31,75.28
2018-01-26 10:20:00,0,2,57.42,72.0,68.0,38.28,57.09,57.42,0.0,0.0,0.0,45.0,57.1,0.0,0.0,0.0,120.0,57.09,2.68,0.88,0.03,0.0,0.0,0.38,0.87,100.0,55.13,74.26,75.55
2018-01-26 10:21:00,0,2,57.44,72.0,68.0,38.29,57.11,57.44,0.0,0.0,0.0,45.0,57.12,0.0,0.0,0.0,120.0,57.11,2.68,0.88,0.03,0.0,0.0,0.39,0.87,100.0,55.16,74.21,75.83
2018-01-26 10:22:00,0,2,57.46,72.0,68.0,38.31,57.13,57.46,0.0,0.0,0.0,45.0,57.14,0.0,0.0,0.0,120.0,57.13,2.68,0.88,0.03,0.0,0.0,0.41,0.87,100.0,55.2,74.16,76.1
2018-01-26 10:23:00,0,2,57.48,72.0,68.0,38.33,57.15,57.48,0.0,0.0,0.0,45.0,57.16,0.0,0.0,0.0,120.0,57.15,2.68,0.88,0.03,0.0,0.0,0.43,0.87,100.0,55.24,74.11,76.37
2018-01-26 10:24:00,0,2,57.5,72.0,68.0,38.35,57.17,57.5,0.0,0.0,0.0,45.0,57.18,0.0,0.0,0.0,120.0,57.17,2.68,0.88,0.03,0.0,0.0,0.45,0.87,100.0,55.29,74.06,76.65
2018-01-26 10:25:00,0,2,57.51,72.0,68.0,38.37,57.19,57.51,0.0,0.0,0.0,45.0,57.2,0.0,0.0,0.0,120.0,57.19,2.68,0.88,0.03,0.0,0.0,0.47,0.87,100.0,55.33,74.02,76.92
2018-01-26 10:26:00,0,2,57.53,72.0,68.0,38.39,57.21,57.53,0.0,0.0,0.0,45.0,57.22,0.0,0.0,0.0,120.0,57.21,2.68,0.88,0.03,0.0,0.0,0.49,0.87,100.0,55.38,73.97,77.2
2018-01-26 10:27:00,0,2,57.55,72.0,68.0,38.41,57.23,57.55,0.0,0.0,0.0,45.0,57.24,0.0,0.0,0.0,120.0,57.23,2.68,0.88,0.03,0.0,0.0,0.51,0.87,100.0,55.43,73.92,77.47
2018-01-26 10:28:00,0,2,57.57,72.0,68.0,38.42,57.25,57.57,0.0,0.0,0.0,45.0,57.25,0.0,0.0,0.0,120.0,57.25,2.68,0.88,0.03,0.0,0.0,0.52,0.87,100.0,55.49,73.88,77.74
2018-01-26 10:29:00,0,2,57.58,72.0,68.0,38.44,57.27,57.58,0.0,0.0,0.0,45.0,57.27,0.0,0.0,0.0,120.0,57.26,2.68,0.88,0.03,0.0,0.0,0.54,0.87,100.0,55.54,73.83,78.02
2018-01-26 10:30:00,0,2,57.6,72.0,68.0,38.46,57.29,57.6,0.0,0.0,0.0,45.0,57.29,0.0,0.0,0.0,120.0,57.28,2.68,0.88,0.03,0.0,0.0,0.56,0.87,100.0,55.6,73.79,78.29
2018-01-26 10:31:00,0,2,57.62,72.0,68.0,38.47,57.3,57.62,0.0,0.0,0.0,45.0,57.31,0.0,0.0,0.0,120.0,57.3,2.68,0.88,0.03,0.0,0.0,0.58,0.87,100.0,55.66,73.75,78.57
2018-01-26 10:32:00,0,2,57.63,72.0,68.0,38.49,57.32,57.63,0.0,0.0,0.0,45.0,57.32,0.0,0.0,0.0,120.0,57.32,2.68,0.88,0.03,0.0,0.0,0.59,0.87,100.0,55.72,73.7,78.85
2018-01-26 10:33:00,0,2,57.65,72.0,68.0,38.51,57.34,57.65,0.0,0.0,0.0,45.0,57.34,0.0,0.0,0.0,120.0,57.33,2.68,0.88,0.03,0.0,0.0,0.61,0.87,100.0,55.78,73.66,79.12
2018-01-26 10:34:00,0,2,57.67,72.0,68.0,38.52,57.35,57.67,0.0,0.0,0.0,45.0,57.36,0.0,0.0,0.0,120.0,57.35,2.68,0.88,0.03,0.0,0.0,0.63,0.87,100.0,55.84,73.62,79.4
2018-01-26 10:35:00,0,2,57.68,72.0,68.0,38.54,57.37,57.68,0.0,0.0,0.0,45.0,57.37,0.0,0.0,0.0,120.0,57.37,2.68,0.88,0.03,0.0,0.0,0.65,0.87,100.0,55.91,73.58,79.67
2018-01-26 10:36:00,0,2,57.7,72.0,68.0,38.56,57.39,57.7,0.0,0.0,0.0,45.0,57.39,0.0,0.0,0.0,120.0,57.39,2.68,0.88,0.03,0.0,0.0,0.66,0.87,100.0,55.98,73.54,79.95
2018-01-26 10:37:00,0,2,57.71,72.0,68.0,38.57,57.4,57.71,0.0,0.0,0.0,45.0,57.41,0.0,0.0,0.0,120.0,57.4,2.68,0.88,0.03,0.0,0.0,0.68,0.87,100.0,56.05,73.5,80.23
2018-01-26 10:38:00,0,2,57.73,72.0,68.0,38.59,57.42,57.73,0.0,0.0,0.0,45.0,57.42,0.0,0.0,0.0,120.0,57.42,2.68,0.88,0.03,0.0,0.0,0.7,0.87,100.0,56.12,73.46,80.5
2018-01-26 10:39:00,0,2,57.74,72.0,68.0,38.6,57.44,57.74,0.0,0.0,0.0,45.0,57.44,0.0,0.0,0.0,120.0,57.43,2.68,0.88,0.03,0.0,0.0,0.71,0.87,100.0,56.19,73.43,80.78
2018-01-26 10:40:00,0,2,57.76,72.0,68.0,38.62,57.45,57.76,0.0,0.0,0.0,45.0,57.45,0.0,0.0,0.0,120.0,57.45,2.68,0.88,0.03,0.0,0.0,0.73,0.87,100.0,56.26,73.39,81.06
2018-01-26 10:41:00,0,2,57.77,72.0,68.0,38.63,57.47,57.77,0.0,0.0,0.0,45.0,57.47,0.0,0.0,0.0,120.0,57.46,2.68,0.88,0.03,0.0,0.0,0.74,0.87,100.0,56.34,73.35,81.33
2018-01-26 10:42:00,0,2,57.79,72.0,68.0,38.65,57.48,57.79,0.0,0.0,0.0,45.0,57.48,0.0,0.0,0.0,120.0,57.48,2.68,0.88,0.03,0.0,0.0,0.76,0.87,100.0,56.42,73.32,81.61
2018-01-26 10:43:00,0,2,57.8,72.0,68.0,38.66,57.5,57.8,0.0,0.0,0.0,45.0,57.5,0.0,0.0,0.0,120.0,57.49,2.68,0.88,0.03,0.0,0.0,0.78,0.87,100.0,56.49,73.28,81.89
2018-01-26 10:44:00,0,2,57.81,72.0,68.0,38.68,57.51,57.81,0.0,0.0,0.0,45.0,57.51,0.0,0.0,0.0,120.0,57.51,2.68,0.88,0.03,0.0,0.0,0.79,0.87,100.0,56.57,73.25,82.17
2018-01-26 10:45:00,0,2,57.83,72.0,68.0,38.69,57.52,57.83,0.0,0.0,0.0,45.0,57.53,0.0,0.0,0.0,120.0,57.52,2.68,0.88,0.03,0.0,0.0,0.81,0.87,100.0,56.65,73.21,82.44
2018-01-26 10:46:00,0,2,57.84,72.0,68.0,38.7,57.54,57.84,0.0,0.0,0.0,45.0,57.54,0.0,0.0,0.0,120.0,57.54,2.68,0.88,0.03,0.0,0.0,0.82,0.87,100.0,56.74,73.18,82.72
2018-01-26 10:47:00,0,2,57.85,72.0,68.0,38.72,57.55,57.85,0.0,0.0,0.0,45.0,57.55,0.0,0.0,0.0,120.0,57.55,2.68,0.88,0.03,0.0,0.0,0.84,0.87,100.0,56.82,73.15,83.0
2018-01-26 10:48:00,0,2,57.86,72.0,68.0,38.73,57.57,57.86,0.0,0.0,0.0,45.0,57.57,0.0,0.0,0.0,120.0,57.56,2.68,0.88,0.03,0.0,0.0,0.85,0.87,100.0,56.9,73.11,83.28
2018-01-26 10:49:00,0,2,57.88,72.0,68.0,38.75,57.58,57.88,0.0,0.0,0.0,45.0,57.58,0.0,0.0,0.0,120.0,57.58,2.68,0.88,0.03,0.0,0.0,0.87,0.87,100.0,56.99,73.08,83.56
2018-01-26 10:50:00,0,2,57.89,72.0,68.0,38.76,57.59,57.89,0.0,0.0,0.0,45.0,57.59,0.0,0.0,0.0,120.0,57.59,2.68,0.88,0.03,0.0,0.0,0.89,0.87,100.0,57.07,73.05,83.83
2018-01-26 10:51:00,0,2,57.9,72.0,68.0,38.77,57.61,57.9,0.0,0.0,0.0,45.0,57.61,0.0,0.0,0.0,120.0,57.6,2.68,0.88,0.03,0.0,0.0,0.9,0.87,100.0,57.16,73.02,84.11
2018-01-26 10:52:00,0,2,57.91,72.0,68.0,38.78,57.62,57.91,0.0,0.0,0.0,45.0,57.62,0.0,0.0,0.0,120.0,57.62,2.68,0.88,0.03,0.0,0.0,0.92,0.87,100.0,57.25,72.99,84.39
2018-01-26 10:53:00,0,2,57.93,72.0,68.0,38.8,57.63,57.93,0.0,0.0,0.0,45.0,57.63,0.0,0.0,0.0,120.0,57.63,2.68,0.88,0.03,0.0,0.0,0.93,0.87,100.0,57.33,72.96,84.67
2018-01-26 10:54:00,0,2,57.94,72.0,68.0,38.81,57.64,57.94,0.0,0.0,0.0,45.0,57.64,0.0,0.0,0.0,120.0,57.64,2.68,0.88,0.03,0.0,0.0,0.95,0.87,100.0,57.42,72.93,84.95
2018-01-26 10:55:00,0,2,57.95,72.0,68.0,38.82,57.66,57.95,0.0,0.0,0.0,45.0,57.65,0.0,0.0,0.0,120.0,57.65,2.68,0.88,0.03,0.0,0.0,0.96,0.87,100.0,57.51,72.9,85.23
2018-01-26 10:56:00,0,2,57.96,72.0,68.0,38.84,57.67,57.96,0.0,0.0,0.0,45.0,57.67,0.0,0.0,0.0,120.0,57.66,2.68,0.88,0.03,0.0,0.0,0.97,0.87,100.0,57.6,72.87,85.51
2018-01-26 10:57:00,0,2,57.97,72.0,68.0,38.85,57.68,57.97,0.0,0.0,0.0,45.0,57.68,0.0,0.0,0.0,120.0,57.68,2.68,0.88,0.03,0.0,0.0,0.99,0.87,100.0,57.69,72.85,85.79
2018-01-26 10:58:00,0,2,57.98,72.0,68.0,38.86,57.69,57.98,0.0,0.0,0.0,45.0,57.69,0.0,0.0,0.0,120.0,57.69,2.68,0.88,0.03,0.0,0.0,1.0,0.87,100.0,57.78,72.82,86.06
2018-01-26 10:59:00,0,2,57.99,72.0,68.0,38.87,57.7,57.99,0.0,0.0,0.0,45.0,57.7,0.0,0.0,0.0,120.0,57.7,2.68,0.88,0.03,0.0,0.0,1.02,0.87,100.0,57.87,72.79,86.34
2018-01-26 11:00:00,0,2,58.0,72.0,68.0,38.88,57.71,58.0,0.0,0.0,0.0,45.0,57.71,0.0,0.0,0.0,120.0,57.71,2.68,0.88,0.03,0.0,0.0,1.03,0.87,100.0,57.97,72.76,86.62
2018-01-26 11:01:00,0,2,58.01,72.0,68.0,38.9,57.72,58.01,0.0,0.0,0.0,45.0,57.72,0.0,0.0,0.0,120.0,57.72,2.68,0.88,0.03,0.0,0.0,1.05,0.87,100.0,58.05,72.74,86.9
2018-01-26 11:02:00,0,2,58.03,72.0,68.0,38.91,57.74,58.03,0.0,0.0,0.0,45.0,57.73,0.0,0.0,0.0,120.0,57.73,2.68,0.88,0.03,0.0,0.0,1.06,0.87,100.0,58.13,72.71,87.18
2018-01-26 11:03:00,0,2,58.04,72.0,68.0,38.92,57.75,58.04,0.0,0.0,0.0,45.0,57.75,0.0,0.0,0.0,120.0,57.74,2.68,0.88,0.03,0.0,0.0,1.08,0.87,100.0,58.21,72.69,87.45
2018-01-26 11:04:00,0,2,58.05,72.0,68.0,38.94,57.76,58.05,0.0,0.0,0.0,45.0,57.76,0.0,0.0,0.0,120.0,57.76,2.68,0.88,0.03,0.0,0.0,1.09,0.87,100.0,58.29,72.66,87.72
2018-01-26 11:05:00,0,2,58.07,72.0,68.0,38.95,57.77,58.07,0.0,0.0,0.0,45.0,57.77,0.0,0.0,0.0,120.0,57.77,2.68,0.88,0.03,0.0,0.0,1.11,0.87,100.0,58.38,72.63,87.99
2018-01-26 11:06:00,0,2,58.08,72.0,68.0,38.97,57.78,58.08,0.0,0.0,0.0,45.0,57.78,0.0,0.0,0.0,120.0,57.78,2.68,0.88,0.03,0.0,0.0,1.13,0.87,100.0,58.46,72.6,88.26
2018-01-26 11:07:00,0,2,58.09,72.0,68.0,38.98,57.8,58.09,0.0,0.0,0.0,45.0,57.8,0.0,0.0,0.0,120.0,57.79,2.68,0.88,0.03,0.0,0.0,1.14,0.87,100.0,58.54,72.57,88.53
2018-01-26 11:08:00,0,2,58.11,72.0,68.0,38.99,57.81,58.11,0.0,0.0,0.0,45.0,57.81,0.0,0.0,0.0,120.0,57.81,2.68,0.88,0.03,0.0,0.0,1.16,0.87,100.0,58.62,72.54,88.8
2018-01-26 11:09:00,0,2,58.12,72.0,68.0,39.01,57.82,58.12,0.0,0.0,0.0,45.0,57.82,0.0,0.0,0.0,120.0,57.82,2.68,0.88,0.03,0.0,0.0,1.17,0.87,100.0,58.7,72.51,89.07
2018-01-26 11:10:00,0,2,58.14,72.0,68.0,39.03,57.84,58.14,0.0,0.0,0.0,45.0,57.84,0.0,0.0,0.0,120.0,57.83,2.68,0.88,0.03,0.0,0.0,1.19,0.87,100.0,58.78,72.48,89.33
2018-01-26 11:11:00,0,2,58.15,72.0,68.0,39.04,57.85,58.15,0.0,0.0,0.0,45.0,57.85,0.0,0.0,0.0,120.0,57.85,2.68,0.88,0.03,0.0,0.0,1.2,0.87,100.0,58.87,72.44,89.6
2018-01-26 11:12:00,0,2,58.17,72.0,68.0,39.06,57.87,58.17,0.0,0.0,0.0,45.0,57.87,0.0,0.0,0.0,120.0,57.86,2.68,0.88,0.03,0.0,0.0,1.22,0.87,100.0,58.95,72.41,89.86
2018-01-26 11:13:00,0,2,58.19,72.0,68.0,39.07,57.88,58.19,0.0,0.0,0.0,45.0,57.88,0.0,0.0,0.0,120.0,57.88,2.68,0.88,0.03,0.0,0.0,1.23,0.87,100.0,59.03,72.37,90.13
2018-01-26 11:14:00,0,2,58.2,72.0,68.0,39.09,57.9,58.2,0.0,0.0,0.0,45.0,57.9,0.0,0.0,0.0,120.0,57.89,2.68,0.88,0.03,0.0,0.0,1.25,0.87,100.0,59.11,72.34,90.39
2018-01-26 11:15:00,0,2,58.22,72.0,68.0,39.1,57.91,58.22,0.0,0.0,0.0,45.0,57.91,0.0,0.0,0.0,120.0,57.91,2.68,0.88,0.03,0.0,0.0,1.26,0.87,100.0,59.19,72.3,90.65
2018-01-26 11:16:00,0,2,58.23,72.0,68.0,39.12,57.93,58.23,0.0,0.0,0.0,45.0,57.93,0.0,0.0,0.0,120.0,57.92,2.68,0.88,0.03,0.0,0.0,1.28,0.87,100.0,59.27,72.26,90.92
2018-01-26 11:17:00,0,2,58.25,72.0,68.0,39.14,57.94,58.25,0.0,0.0,0.0,45.0,57.95,0.0,0.0,0.0,120.0,57.94,2.68,0.88,0.03,0.0,0.0,1.29,0.87,100.0,59.35,72.23,91.18
2018-01-26 11:18:00,0,2,58.27,72.0,68.0,39.15,57.96,58.27,0.0,0.0,0.0,45.0,57.96,0.0,0.0,0.0,120.0,57.96,2.68,0.88,0.03,0.0,0.0,1.31,0.87,100.0,59.43,72.19,91.44
2018-01-26 11:19:00,0,2,58.28,72.0,68.0,39.17,57.97,58.28,0.0,0.0,0.0,45.0,57.98,0.0,0.0,0.0,120.0,57.97,2.68,0.88,0.03,0.0,0.0,1.32,0.87,100.0,59.51,72.15,91.7
2018-01-26 11:20:00,0,2,58.3,72.0,68.0,39.18,57.99,58.3,0.0,0.0,0.0,45.0,57.99,0.0,0.0,0.0,120.0,57.99,2.68,0.88,0.03,0.0,0.0,1.34,0.87,100.0,59.59,72.12,91.96
2018-01-26 11:21:00,0,2,58.32,72.0,68.0,39.2,58.01,58.32,0.0,0.0,0.0,45.0,58.01,0.0,0.0,0.0,120.0,58.0,2.68,0.88,0.03,0.0,0.0,1.35,0.87,100.0,59.67,72.08,92.23
2018-01-26 11:22:00,0,2,58.33,72.0,68.0,39.21,58.02,58.33,0.0,0.0,0.0,45.0,58.03,0.0,0.0,0.0,120.0,58.02,2.68,0.88,0.03,0.0,0.0,1.37,0.87,100.0,59.75,72.04,92.49
2018-01-26 11:23:00,0,2,58.35,72.0,68.0,39.23,58.04,58.35,0.0,0.0,0.0,45.0,58.04,0.0,0.0,0.0,120.0,58.04,2.68,0.88,0.03,0.0,0.0,1.38,0.87,100.0,59.82,72.0,92.75
2018-01-26 11:24:00,0,2,58.36,72.0,68.0,39.25,58.06,58.36,0.0,0.0,0.0,45.0,58.06,0.0,0.0,0.0,120.0,58.05,2.68,0.88,0.03,0.0,0.0,1.39,0.87,100.0,59.9,71.97,93.01
2018-01-26 11:25:00,0,2,58.38,72.0,68.0,39.26,58.07,58.38,0.0,0.0,0.0,45.0,58.07,0.0,0.0,0.0,120.0,58.07,2.68,0.88,0.03,0.0,0.0,1.41,0.87,100.0,59.98,71.93,93.28
2018-01-26 11:26:00,0,2,58.4,72.0,68.0,39.28,58.09,58.4,0.0,0.0,0.0,45.0,58.09,0.0,0.0,0.0,120.0,58.09,2.68,0.88,0.03,0.0,0.0,1.42,0.87,100.0,60.05,71.89,93.54
2018-01-26 11:27:00,0,2,58.41,72.0,68.0,39.29,58.1,58.41,0.0,0.0,0.0,45.0,58.11,0.0,0.0,0.0,120.0,58.1,2.68,0.88,0.03,0.0,0.0,1.44,0.87,100.0,60.13,71.85,93.8
2018-01-26 11:28:00,0,2,58.43,72.0,68.0,39.31,58.12,58.43,0.0,0.0,0.0,45.0,58.12,0.0,0.0,0.0,120.0,58.12,2.68,0.88,0.03,0.0,0.0,1.45,0.87,100.0,60.2,71.82,94.06
2018-01-26 11:29:00,0,2,58.44,72.0,68.0,39.32,58.14,58.44,0.0,0.0,0.0,45.0,58.14,0.0,0.0,0.0,120.0,58.13,2.68,0.88,0.03,0.0,0.0,1.47,0.87,100.0,60.28,71.78,94.33
2018-01-26 11:30:00,0,2,58.46,72.0,68.0,39.34,58.15,58.46,0.0,0.0,0.0,45.0,58.15,0.0,0.0,0.0,120.0,58.15,2.68,0.88,0.03,0.0,0.0,1.48,0.87,100.0,60.35,71.75,94.59
2018-01-26 11:31:00,0,2,58.47,72.0,68.0,39.35,58.17,58.47,0.0,0.0,0.0,45.0,58.17,0.0,0.0,0.0,120.0,58.16,2.68,0.88,0.03,0.0,0.0,1.5,0.87,100.0,60.42,71.71,94.86
2018-01-26 11:32:00,0,2,58.49,72.0,68.0,39.37,58.18,58.49,0.0,0.0,0.0,45.0,58.18,0.0,0.0,0.0,120.0,58.18,2.68,0.88,0.03,0.0,0.0,1.51,0.87,100.0,60.49,71.67,95.12
2018-01-26 11:33:00,0,2,58.5,72.0,68.0,39.38,58.2,58.5,0.0,0.0,0.0,45.0,58.2,0.0,0.0,0.0,120.0,58.2,2.68,0.88,0.03,0.0,0.0,1.53,0.87,100.0,60.56,71.64,95.38
2018-01-26 11:34:00,0,2,58.52,72.0,68.0,39.4,58.21,58.52,0.0,0.0,0.0,45.0,58.21,0.0,0.0,0.0,120.0,58.21,2.68,0.88,0.03,0.0,0.0,1.54,0.87,100.0,60.63,71.6,95.65
2018-01-26 11:35:00,0,2,58.53,72.0,68.0,39.41,58.23,58.53,0.0,0.0,0.0,45.0,58.23,0.0,0.0,0.0,120.0,58.23,2.68,0.88,0.03,0.0,0.0,1.56,0.87,100.0,60.7,71.57,95.91
2018-01-26 11:36:00,0,2,58.55,72.0,68.0,39.42,58.24,58.55,0.0,0.0,0.0,45.0,58.24,0.0,0.0,0.0,120.0,58.24,2.68,0.88,0.03,0.0,0.0,1.57,0.87,100.0,60.77,71.54,96.18
2018-01-26 11:37:00,0,2,58.56,72.0,68.0,39.44,58.26,58.56,0.0,0.0,0.0,45.0,58.26,0.0,0.0,0.0,120.0,58.25,2.68,0.88,0.03,0.0,0.0,1.59,0.87,100.0,60.84,71.5,96.44
2018-01-26 11:38:00,0,2,58.57,72.0,68.0,39.45,58.27,58.57,0.0,0.0,0.0,45.0,58.27,0.0,0.0,0.0,120.0,58.27,2.68,0.88,0.03,0.0,0.0,1.6,0.87,100.0,60.9,71.47,96.71
2018-01-26 11:39:00,0,2,58.58,72.0,68.0,39.47,58.29,58.58,0.0,0.0,0.0,45.0,58.29,0.0,0.0,0.0,120.0,58.28,2.68,0.88,0.03,0.0,0.0,1.62,0.87,100.0,60.96,71.44,96.98
2018-01-26 11:40:00,0,2,58.6,72.0,68.0,39.48,58.3,58.6,0.0,0.0,0.0,45.0,58.3,0.0,0.0,0.0,120.0,58.3,2.68,0.88,0.03,0.0,0.0,1.63,0.87,100.0,61.03,71.41,97.25
2018-01-26 11:41:00,0,2,58.61,72.0,68.0,39.49,58.31,58.61,0.0,0.0,0.0,45.0,58.31,0.0,0.0,0.0,120.0,58.31,2.68,0.88,0.03,0.0,0.0,1.65,0.87,100.0,61.09,71.38,97.51
2018-01-26 11:42:00,0,2,58.62,72.0,68.0,39.51,58.33,58.62,0.0,0.0,0.0,45.0,58.33,0.0,0.0,0.0,120.0,58.32,2.68,0.88,0.03,0.0,0.0,1.66,0.87,100.0,61.15,71.35,97.78
2018-01-26 11:43:00,0,2,58.63,72.0,68.0,39.52,58.34,58.63,0.0,0.0,0.0,45.0,58.34,0.0,0.0,0.0,120.0,58.34,2.68,0.88,0.03,0.0,0.0,1.68,0.87,100.0,61.21,71.32,98.05
2018-01-26 11:44:00,0,2,58.64,72.0,68.0,39.53,58.35,58.64,0.0,0.0,0.0,45.0,58.35,0.0,0.0,0.0,120.0,58.35,2.68,0.88,0.03,0.0,0.0,1.69,0.87,100.0,61.27,71.29,98.32
2018-01-26 11:45:00,0,2,58.65,72.0,68.0,39.54,58.36,58.65,0.0,0.0,0.0,45.0,58.36,0.0,0.0,0.0,120.0,58.36,2.68,0.88,0.03,0.0,0.0,1.71,0.87,100.0,61.32,71.26,98.59
2018-01-26 11:46:00,0,2,58.67,72.0,68.0,39.55,58.38,58.67,0.0,0.0,0.0,45.0,58.37,0.0,0.0,0.0,120.0,58.37,2.68,0.88,0.03,0.0,0.0,1.72,0.87,100.0,61.38,71.24,98.86
2018-01-26 11:47:00,0,2,58.68,72.0,68.0,39.57,58.39,58.68,0.0,0.0,0.0,45.0,58.38,0.0,0.0,0.0,120.0,58.38,2.68,0.88,0.03,0.0,0.0,1.74,0.87,100.0,61.43,71.21,99.13
2018-01-26 11:48:00,0,2,58.69,72.0,68.0,39.58,58.41,58.69,0.0,0.0,0.0,45.0,58.4,0.0,0.0,0.0,120.0,58.4,2.68,0.88,0.03,0.0,0.0,1.75,0.87,100.0,61.49,71.15,99.4
2018-01-26 11:49:00,0,2,58.7,72.0,68.0,39.59,58.48,58.7,0.0,0.0,0.0,45.0,58.41,0.0,0.0,0.0,120.0,58.47,2.68,0.88,0.03,0.0,0.0,1.77,0.87,100.0,61.54,70.99,99.65
2018-01-26 11:50:00,0,2,58.71,72.0,68.0,39.6,58.57,58.71,0.0,0.0,0.0,45.0,58.42,0.0,0.0,0.0,120.0,58.56,2.68,0.88,0.03,0.0,0.0,1.78,0.87,100.0,61.59,70.8,99.87
2018-01-26 11:51:00,0,2,58.72,72.0,68.0,39.62,58.63,58.72,0.0,0.0,0.0,45.0,58.43,0.0,0.0,0.0,120.0,58.62,2.68,0.88,0.03,0.0,0.0,1.8,0.87,100.0,61.63,70.68,100.0
2018-01-26 11:52:00,0,2,58.73,72.0,68.0,39.63,58.66,58.73,0.0,0.0,0.0,45.0,58.44,0.0,0.0,0.0,120.0,58.65,2.68,0.88,0.03,0.0,0.0,1.81,0.87,100.0,61.68,70.6,100.0
2018-01-26 11:53:00,0,2,58.75,72.0,68.0,39.64,58.68,58.75,0.0,0.0,0.0,45.0,58.45,0.0,0.0,0.0,120.0,58.68,2.68,0.88,0.03,0.0,0.0,1.83,0.87,100.0,61.73,70.55,100.0
2018-01-26 11:54:00,0,2,58.76,72.0,68.0,39.66,58.7,58.76,0.0,0.0,0.0,45.0,58.47,0.0,0.0,0.0,120.0,58.69,2.68,0.88,0.03,0.0,0.0,1.84,0.87,100.0,61.77,70.52,100.0
2018-01-26 11:55:00,0,2,58.77,72.0,68.0,39.67,58.71,58.77,0.0,0.0,0.0,45.0,58.48,0.0,0.0,0.0,120.0,58.71,2.68,0.88,0.03,0.0,0.0,1.86,0.87,100.0,61.81,70.49,100.0
2018-01-26 11:56:00,0,2,58.78,72.0,68.0,39.68,58.72,58.78,0.0,0.0,0.0,45.0,58.49,0.0,0.0,0.0,120.0,58.72,2.68,0.88,0.03,0.0,0.0,1.87,0.87,100.0,61.85,70.47,100.0
2018-01-26 11:57:00,0,2,58.78,72.0,68.0,39.69,58.73,58.78,0.0,0.0,0.0,45.0,58.5,0.0,0.0,0.0,120.0,58.73,2.68,0.88,0.03,0.0,0.0,1.89,0.87,100.0,61.89,70.45,100.0
2018-01-26 11:58:00,0,2,58.79,72.0,68.0,39.7,58.74,58.79,0.0,0.0,0.0,45.0,58.51,0.0,0.0,0.0,120.0,58.73,2.68,0.88,0.03,0.0,0.0,1.9,0.87,100.0,61.92,70.43,100.0
2018-01-26 11:59:00,0,2,58.8,72.0,68.0,39.71,58.74,58.8,0.0,0.0,0.0,45.0,58.52,0.0,0.0,0.0,120.0,58.74,2.68,0.88,0.03,0.0,0.0,1.92,0.87,100.0,61.96,70.42,100.0
2018-01-26 12:00:00,0,2,58.8,72.0,68.0,39.72,58.75,58.8,0.0,0.0,0.0,45.0,58.52,0.0,0.0,0.0,120.0,58.75,2.68,0.88,0.03,0.0,0.0,1.93,0.87,100.0,61.99,70.4,100.0
2018-01-26 12:01:00,0,2,58.81,72.0,68.0,39.72,58.75,58.81,0.0,0.0,0.0,45.0,58.53,0.0,0.0,0.0,120.0,58.75,2.68,0.88,0.03,0.0,0.0,1.95,0.87,100.0,61.99,70.4,100.0
2018-01-26 12:02:00,0,2,58.81,72.0,68.0,39.73,58.75,58.81,0.0,0.0,0.0,45.0,58.54,0.0,0.0,0.0,120.0,58.75,2.68,0.88,0.03,0.0,0.0,1.96,0.87,100.0,61.98,70.39,100.0
2018-01-26 12:03:00,0,2,58.8,72.0,68.0,39.73,58.75,58.8,0.0,0.0,0.0,45.0,58.54,0.0,0.0,0.0,120.0,58.75,2.68,0.88,0.03,0.0,0.0,1.98,0.87,100.0,61.97,70.39,100.0
2018-01-26 12:04:00,0,2,58.8,72.0,68.0,39.73,58.75,58.8,0.0,0.0,0.0,45.0,58.54,0.0,0.0,0.0,120.0,58.75,2.68,0.88,0.03,0.0,0.0,1.99,0.87,100.0,61.95,70.4,100.0
2018-01-26 12:05:00,0,2,58.79,72.0,68.0,39.73,58.74,58.79,0.0,0.0,0.0,45.0,58.54,0.0,0.0,0.0,120.0,58.74,2.68,0.88,0.03,0.0,0.0,2.01,0.87,100.0,61.93,70.42,100.0
2018-01-26 12:06:00,0,2,58.78,72.0,68.0,39.73,58.73,58.78,0.0,0.0,0.0,45.0,58.54,0.0,0.0,0.0,120.0,58.73,2.68,0.88,0.03,0.0,0.0,2.02,0.87,100.0,61.91,70.45,100.0
2018-01-26 12:07:00,0,2,58.77,72.0,68.0,39.73,58.72,58.77,0.0,0.0,0.0,45.0,58.53,0.0,0.0,0.0,120.0,58.72,2.68,0.88,0.03,0.0,0.0,2.04,0.87,100.0,61.89,70.48,100.0
2018-01-26 12:08:00,0,2,58.75,72.0,68.0,39.72,58.7,58.75,0.0,0.0,0.0,45.0,58.52,0.0,0.0,0.0,120.0,58.7,2.68,0.88,0.03,0.0,0.0,2.05,0.87,100.0,61.86,70.51,100.0
2018-01-26 12:09:00,0,2,58.73,72.0,68.0,39.72,58.68,58.73,0.0,0.0,0.0,45.0,58.51,0.0,0.0,0.0,120.0,58.69,2.68,0.88,0.03,0.0,0.0,2.07,0.87,100.0,61.84,70.55,100.0
2018-01-26 12:10:00,0,2,58.72,72.0,68.0,39.71,58.66,58.72,0.0,0.0,0.0,45.0,58.5,0.0,0.0,0.0,120.0,58.67,2.68,0.88,0.03,0.0,0.0,2.08,0.87,100.0,61.81,70.59,100.0
2018-01-26 12:11:00,0,2,58.7,72.0,68.0,39.7,58.64,58.7,0.0,0.0,0.0,45.0,58.49,0.0,0.0,0.0,120.0,58.65,2.68,0.88,0.03,0.0,0.0,2.1,0.87,100.0,61.78,70.64,100.0
2018-01-26 12:12:00,0,2,58.67,72.0,68.0,39.69,58.62,58.67,0.0,0.0,0.0,45.0,58.47,0.0,0.0,0.0,120.0,58.62,2.68,0.88,0.03,0.0,0.0,2.11,0.87,100.0,61.75,70.69,100.0
2018-01-26 12:13:00,0,2,58.65,72.0,68.0,39.68,58.6,58.65,0.0,0.0,0.0,45.0,58.45,0.0,0.0,0.0,120.0,58.6,2.68,0.88,0.03,0.0,0.0,2.13,0.87,100.0,61.72,70.74,100.0
2018-01-26 12:14:00,0,2,58.63,72.0,68.0,39.67,58.57,58.63,0.0,0.0,0.0,45.0,58.43,0.0,0.0,0.0,120.0,58.57,2.68,0.88,0.03,0.0,0.0,2.14,0.87,100.0,61.68,70.8,100.0
2018-01-26 12:15:00,0,2,58.6,72.0,68.0,39.66,58.54,58.6,0.0,0.0,0.0,45.0,58.41,0.0,0.0,0.0,120.0,58.55,2.68,0.88,0.03,0.0,0.0,2.16,0.87,100.0,61.65,70.86,100.0
2018-01-26 12:16:00,0,2,58.57,72.0,68.0,39.65,58.52,58.57,0.0,0.0,0.0,45.0,58.39,0.0,0.0,0.0,120.0,58.52,2.68,0.88,0.03,0.0,0.0,2.17,0.87,100.0,61.61,70.92,100.0
2018-01-26 12:17:00,0,2,58.54,72.0,68.0,39.63,58.49,58.54,0.0,0.0,0.0,45.0,58.36,0.0,0.0,0.0,120.0,58.49,2.68,0.88,0.03,0.0,0.0,2.19,0.87,100.0,61.57,70.98,100.0
2018-01-26 12:18:00,0,2,58.52,72.0,68.0,39.62,58.46,58.52,0.0,0.0,0.0,45.0,58.34,0.0,0.0,0.0,120.0,58.46,2.68,0.88,0.03,0.0,0.0,2.2,0.87,100.0,61.53,71.05,100.0
2018-01-26 12:19:00,0,2,58.49,72.0,68.0,39.6,58.43,58.49,0.0,0.0,0.0,45.0,58.31,0.0,0.0,0.0,120.0,58.43,2.68,0.88,0.03,0.0,0.0,2.22,0.87,100.0,61.49,71.12,100.0
2018-01-26 12:20:00,0,2,58.46,72.0,68.0,39.59,58.4,58.46,0.0,0.0,0.0,45.0,58.28,0.0,0.0,0.0,120.0,58.4,2.68,0.88,0.03,0.0,0.0,2.24,0.87,100.0,61.45,71.19,100.0
2018-01-26 12:21:00,0,2,58.42,72.0,68.0,39.57,58.37,58.42,0.0,0.0,0.0,45.0,58.25,0.0,0.0,0.0,120.0,58.37,2.68,0.88,0.03,0.0,0.0,2.25,0.87,100.0,61.41,71.26,100.0
2018-01-26 12:22:00,0,2,58.39,72.0,68.0,39.56,58.33,58.39,0.0,0.0,0.0,45.0,58.22,0.0,0.0,0.0,120.0,58.34,2.68,0.88,0.03,0.0,0.0,2.27,0.87,100.0,61.36,71.33,100.0
2018-01-26 12:23:00,0,2,58.36,72.0,68.0,39.54,58.3,58.36,0.0,0.0,0.0,45.0,58.19,0.0,0.0,0.0,120.0,58.31,2.68,0.88,0.03,0.0,0.0,2.29,0.87,100.0,61.31,71.41,100.0
2018-01-26 12:24:00,0,2,58.33,72.0,68.0,39.52,58.27,58.33,0.0,0.0,0.0,45.0,58.16,0.0,0.0,0.0,120.0,58.27,2.68,0.88,0.03,0.0,0.0,2.3,0.87,100.0,61.27,71.48,100.0
2018-01-26 12:25:00,0,2,58.29,72.0,68.0,39.51,58.23,58.29,0.0,0.0,0.0,45.0,58.13,0.0,0.0,0.0,120.0,58.24,2.68,0.88,0.03,0.0,0.0,2.32,0.87,100.0,61.22,71.56,100.0
2018-01-26 12:26:00,0,2,58.26,72.0,68.0,39.49,58.2,58.26,0.0,0.0,0.0,45.0,58.1,0.0,0.0,0.0,120.0,58.2,2.68,0.88,0.03,0.0,0.0,2.34,0.87,100.0,61.17,71.64,100.0
2018-01-26 12:27:00,0,2,58.22,72.0,68.0,39.47,58.16,58.22,0.0,0.0,0.0,45.0,58.07,0.0,0.0,0.0,120.0,58.17,2.68,0.88,0.03,0.0,0.0,2.35,0.87,100.0,61.12,71.72,100.0
2018-01-26 12:28:00,0,2,58.19,72.0,68.0,39.46,58.13,58.19,0.0,0.0,0.0,45.0,58.03,0.0,0.0,0.0,120.0,58.13,2.68,0.88,0.03,0.0,0.0,2.37,0.87,100.0,61.06,71.8,100.0
2018-01-26 12:29:00,0,2,58.15,72.0,68.0,39.44,58.09,58.15,0.0,0.0,0.0,45.0,58.0,0.0,0.0,0.0,120.0,58.1,2.68,0.88,0.03,0.0,0.0,2.39,0.87,100.0,61.01,71.88,100.0
2018-01-26 12:30:00,0,2,58.12,72.0,68.0,39.42,58.06,58.12,0.0,0.0,0.0,45.0,57.97,0.0,0.0,0.0,120.0,58.06,2.68,0.88,0.03,0.0,0.0,2.4,0.87,100.0,60.96,71.96,100.0
2018-01-26 12:31:00,0,2,58.08,72.0,68.0,39.4,58.02,58.08,0.0,0.0,0.0,45.0,57.93,0.0,0.0,0.0,120.0,58.03,2.68,0.88,0.03,0.0,0.0,2.42,0.87,100.0,60.9,72.05,100.0
2018-01-26 12:32:00,0,2,58.05,72.0,68.0,39.38,57.98,58.05,0.0,0.0,0.0,45.0,57.9,0.0,0.0,0.0,120.0,57.99,2.68,0.88,0.03,0.0,0.0,2.44,0.87,100.0,60.85,72.13,100.0
2018-01-26 12:33:00,0,2,58.01,72.0,68.0,39.37,57.95,58.01,0.0,0.0,0.0,45.0,57.86,0.0,0.0,0.0,120.0,57.96,2.68,0.88,0.03,0.0,0.0,2.46,0.87,100.0,60.79,72.21,100.0
2018-01-26 12:34:00,0,2,57.97,72.0,68.0,39.35,57.91,57.97,0.0,0.0,0.0,45.0,57.83,0.0,0.0,0.0,120.0,57.92,2.68,0.88,0.03,0.0,0.0,2.48,0.87,100.0,60.73,72.3,100.0
2018-01-26 12:35:00,0,2,57.94,72.0,68.0,39.33,57.88,57.94,0.0,0.0,0.0,45.0,57.79,0.0,0.0,0.0,120.0,57.88,2.68,0.88,0.03,0.0,0.0,2.49,0.87,100.0,60.67,72.38,100.0
2018-01-26 12:36:00,0,2,57.9,72.0,68.0,39.31,57.84,57.9,0.0,0.0,0.0,45.0,57.75,0.0,0.0,0.0,120.0,57.85,2.68,0.88,0.03,0.0,0.0,2.51,0.87,100.0,60.61,72.47,100.0
2018-01-26 12:37:00,0,2,57.87,72.0,68.0,39.29,57.8,57.87,0.0,0.0,0.0,45.0,57.72,0.0,0.0,0.0,120.0,57.81,2.68,0.88,0.03,0.0,0.0,2.53,0.87,100.0,60.55,72.55,100.0
2018-01-26 12:38:00,0,2,57.83,72.0,68.0,39.28,57.77,57.83,0.0,0.0,0.0,45.0,57.68,0.0,0.0,0.0,120.0,57.77,2.68,0.88,0.03,0.0,0.0,2.55,0.87,100.0,60.49,72.64,100.0
2018-01-26 12:39:00,0,2,57.79,72.0,68.0,39.26,57.73,57.79,0.0,0.0,0.0,45.0,57.65,0.0,0.0,0.0,120.0,57.74,2.68,0.88,0.03,0.0,0.0,2.57,0.87,100.0,60.43,72.72,100.0
2018-01-26 12:40:00,0,2,57.76,72.0,68.0,39.24,57.7,57.76,0.0,0.0,0.0,45.0,57.61,0.0,0.0,0.0,120.0,57.7,2.68,0.88,0.03,0.0,0.0,2.59,0.87,100.0,60.37,72.81,100.0
2018-01-26 12:41:00,0,2,57.72,72.0,68.0,39.23,57.66,57.72,0.0,0.0,0.0,45.0,57.58,0.0,0.0,0.0,120.0,57.67,2.68,0.88,0.03,0.0,0.0,2.61,0.87,100.0,60.3,72.89,100.0
2018-01-26 12:42:00,0,2,57.69,72.0,68.0,39.21,57.62,57.69,0.0,0.0,0.0,45.0,57.54,0.0,0.0,0.0,120.0,57.63,2.68,0.88,0.03,0.0,0.0,2.63,0.87,100.0,60.24,72.97,100.0
2018-01-26 12:43:00,0,2,57.65,72.0,68.0,39.19,57.59,57.65,0.0,0.0,0.0,45.0,57.5,0.0,0.0,0.0,120.0,57.6,2.68,0.88,0.03,0.0,0.0,2.64,0.87,100.0,60.17,73.06,100.0
2018-01-26 12:44:00,0,2,57.62,72.0,68.0,39.18,57.56,57.62,0.0,0.0,0.0,45.0,57.47,0.0,0.0,0.0,120.0,57.56,2.68,0.88,0.03,0.0,0.0,2.66,0.87,100.0,60.11,73.14,100.0
2018-01-26 12:45:00,0,2,57.58,72.0,68.0,39.16,57.52,57.58,0.0,0.0,0.0,45.0,57.43,0.0,0.0,0.0,120.0,57.53,2.68,0.88,0.03,0.0,0.0,2.68,0.87,100.0,60.04,73.22,100.0
2018-01-26 12:46:00,0,2,57.55,72.0,68.0,39.14,57.49,57.55,0.0,0.0,0.0,45.0,57.4,0.0,0.0,0.0,120.0,57.49,2.68,0.88,0.03,0.0,0.0,2.7,0.87,100.0,59.98,73.3,100.0
2018-01-26 12:47:00,0,2,57.52,72.0,68.0,39.13,57.45,57.52,0.0,0.0,0.0,45.0,57.37,0.0,0.0,0.0,120.0,57.46,2.68,0.88,0.03,0.0,0.0,2.72,0.87,100.0,59.91,73.38,100.0
2018-01-26 12:48:00,0,2,57.48,72.0,68.0,39.11,57.42,57.48,0.0,0.0,0.0,45.0,57.33,0.0,0.0,0.0,120.0,57.43,2.68,0.88,0.03,0.0,0.0,2.75,0.87,100.0,59.84,73.46,100.0
2018-01-26 12:49:00,0,2,57.45,72.0,68.0,39.1,57.39,57.45,0.0,0.0,0.0,45.0,57.3,0.0,0.0,0.0,120.0,57.39,2.68,0.88,0.03,0.0,0.0,2.77,0.87,100.0,59.78,73.54,100.0
2018-01-26 12:50:00,0,2,57.42,72.0,68.0,39.08,57.36,57.42,0.0,0.0,0.0,45.0,57.27,0.0,0.0,0.0,120.0,57.36,2.68,0.88,0.03,0.0,0.0,2.79,0.87,100.0,59.71,73.62,100.0
2018-01-26 12:51:00,0,2,57.39,72.0,68.0,39.07,57.33,57.39,0.0,0.0,0.0,45.0,57.23,0.0,0.0,0.0,120.0,57.33,2.68,0.88,0.03,0.0,0.0,2.81,0.87,100.0,59.64,73.69,100.0
2018-01-26 12:52:00,0,2,57.36,72.0,68.0,39.06,57.29,57.36,0.0,0.0,0.0,45.0,57.2,0.0,0.0,0.0,120.0,57.3,2.68,0.88,0.03,0.0,0.0,2.83,0.87,100.0,59.57,73.77,100.0
2018-01-26 12:53:00,0,2,57.33,72.0,68.0,39.04,57.26,57.33,0.0,0.0,0.0,45.0,57.17,0.0,0.0,0.0,120.0,57.27,2.68,0.88,0.03,0.0,0.0,2.85,0.87,100.0,59.5,73.84,100.0
2018-01-26 12:54:00,0,2,57.3,72.0,68.0,39.03,57.24,57.3,0.0,0.0,0.0,45.0,57.14,0.0,0.0,0.0,120.0,57.24,2.68,0.88,0.03,0.0,0.0,2.87,0.87,100.0,59.44,73.91,100.0
2018-01-26 12:55:00,0,2,57.27,72.0,68.0,39.02,57.21,57.27,0.0,0.0,0.0,45.0,57.11,0.0,0.0,0.0,120.0,57.21,2.68,0.88,0.03,0.0,0.0,2.9,0.87,100.0,59.37,73.98,100.0
2018-01-26 12:56:00,0,2,57.24,72.0,68.0,39.01,57.18,57.24,0.0,0.0,0.0,45.0,57.08,0.0,0.0,0.0,120.0,57.18,2.68,0.88,0.03,0.0,0.0,2.92,0.87,100.0,59.3,74.05,100.0
2018-01-26 12:57:00,0,2,57.21,72.0,68.0,39.0,57.15,57.21,0.0,0.0,0.0,45.0,57.05,0.0,0.0,0.0,120.0,57.16,2.68,0.88,0.03,0.0,0.0,2.94,0.87,100.0,59.23,74.11,100.0
2018-01-26 12:58:00,0,2,57.19,72.0,68.0,38.99,57.13,57.19,0.0,0.0,0.0,45.0,57.02,0.0,0.0,0.0,120.0,57.13,2.68,0.88,0.03,0.0,0.0,2.96,0.87,100.0,59.16,74.18,100.0
2018-01-26 12:59:00,0,2,57.16,72.0,68.0,38.98,57.1,57.16,0.0,0.0,0.0,45.0,57.0,0.0,0.0,0.0,120.0,57.11,2.68,0.88,0.03,0.0,0.0,2.99,0.87,100.0,59.09,74.24,100.0
2018-01-26 13:00:00,0,2,57.14,72.0,68.0,38.97,57.08,57.14,0.0,0.0,0.0,45.0,56.97,0.0,0.0,0.0,120.0,57.08,2.68,0.88,0.03,0.0,0.0,3.01,0.87,100.0,59.02,74.3,100.0
2018-01-26 13:01:00,0,2,57.12,72.0,68.0,38.97,57.05,57.12,0.0,0.0,0.0,45.0,56.94,0.0,0.0,0.0,120.0,57.06,2.68,0.88,0.03,0.0,0.0,3.04,0.87,100.0,58.96,74.35,100.0
2018-01-26 13:02:00,0,2,57.1,72.0,68.0,38.97,57.04,57.1,0.0,0.0,0.0,45.0,56.92,0.0,0.0,0.0,120.0,57.04,2.68,0.88,0.03,0.0,0.0,3.07,0.87,100.0,58.9,74.4,100.0
2018-01-26 13:03:00,0,2,57.09,72.0,68.0,38.97,57.01,57.09,0.0,0.0,0.0,45.0,56.9,0.0,0.0,0.0,120.0,57.01,2.68,0.88,0.03,0.0,0.0,3.1,0.87,100.0,58.84,74.47,100.0
2018-01-26 13:04:00,0,2,57.08,72.0,68.0,38.97,56.98,57.08,0.0,0.0,0.0,45.0,56.89,0.0,0.0,0.0,120.0,56.98,2.68,0.88,0.03,0.0,0.0,3.13,0.87,100.0,58.78,74.54,100.0
2018-01-26 13:05:00,0,2,57.08,72.0,68.0,38.98,56.96,57.08,0.0,0.0,0.0,45.0,56.88,0.0,0.0,0.0,120.0,56.96,2.68,0.88,0.03,0.0,0.0,3.16,0.87,100.0,58.72,74.59,100.0
2018-01-26 13:06:00,0,2,57.07,72.0,68.0,38.99,56.95,57.07,0.0,0.0,0.0,45.0,56.88,0.0,0.0,0.0,120.0,56.95,2.68,0.88,0.03,0.0,0.0,3.19,0.87,100.0,58.66,74.61,100.0
2018-01-26 13:07:00,0,2,57.08,72.0,68.0,39.0,56.95,57.08,0.0,0.0,0.0,45.0,56.88,0.0,0.0,0.0,120.0,56.95,2.68,0.88,0.03,0.0,0.0,3.22,0.87,100.0,58.61,74.62,100.0
2018-01-26 13:08:00,0,2,57.08,72.0,68.0,39.02,56.95,57.08,0.0,0.0,0.0,45.0,56.88,0.0,0.0,0.0,120.0,56.95,2.68,0.88,0.03,0.0,0.0,3.26,0.87,100.0,58.55,74.62,100.0
2018-01-26 13:09:00,0,2,57.09,72.0,68.0,39.04,56.95,57.09,0.0,0.0,0.0,45.0,56.88,0.0,0.0,0.0,120.0,56.95,2.68,0.88,0.03,0.0,0.0,3.29,0.87,100.0,58.49,74.61,100.0
2018-01-26 13:10:00,0,2,57.11,72.0,68.0,39.06,56.96,57.11,0.0,0.0,0.0,45.0,56.89,0.0,0.0,0.0,120.0,56.95,2.68,0.88,0.03,0.0,0.0,3.32,0.87,100.0,58.43,74.59,100.0
2018-01-26 13:11:00,0,2,57.12,72.0,68.0,39.08,56.97,57.12,0.0,0.0,0.0,45.0,56.9,0.0,0.0,0.0,120.0,56.96,2.68,0.88,0.03,0.0,0.0,3.35,0.87,100.0,58.38,74.57,100.0
2018-01-26 13:12:00,0,2,57.14,72.0,68.0,39.1,56.98,57.14,0.0,0.0,0.0,45.0,56.91,0.0,0.0,0.0,120.0,56.98,2.68,0.88,0.03,0.0,0.0,3.39,0.87,100.0,58.32,74.54,100.0
2018-01-26 13:13:00,0,2,57.16,72.0,68.0,39.12,57.0,57.16,0.0,0.0,0.0,45.0,56.92,0.0,0.0,0.0,120.0,56.99,2.68,0.88,0.03,0.0,0.0,3.42,0.87,100.0,58.26,74.5,100.0
2018-01-26 13:14:00,0,2,57.18,72.0,68.0,39.15,57.01,57.18,0.0,0.0,0.0,45.0,56.94,0.0,0.0,0.0,120.0,57.01,2.68,0.88,0.03,0.0,0.0,3.45,0.87,100.0,58.2,74.45,100.0
2018-01-26 13:15:00,0,2,57.21,72.0,68.0,39.18,57.03,57.21,0.0,0.0,0.0,45.0,56.96,0.0,0.0,0.0,120.0,57.03,2.68,0.88,0.03,0.0,0.0,3.49,0.87,100.0,58.15,74.4,100.0
2018-01-26 13:16:00,0,2,57.23,72.0,68.0,39.21,57.06,57.23,0.0,0.0,0.0,45.0,56.98,0.0,0.0,0.0,120.0,57.05,2.68,0.88,0.03,0.0,0.0,3.52,0.87,100.0,58.09,74.35,100.0
2018-01-26 13:17:00,0,2,57.26,72.0,68.0,39.24,57.08,57.26,0.0,0.0,0.0,45.0,57.01,0.0,0.0,0.0,120.0,57.08,2.68,0.88,0.03,0.0,0.0,3.55,0.87,100.0,58.03,74.28,100.0
2018-01-26 13:18:00,0,2,57.29,72.0,68.0,39.27,57.11,57.29,0.0,0.0,0.0,45.0,57.03,0.0,0.0,0.0,120.0,57.1,2.68,0.88,0.03,0.0,0.0,3.59,0.87,100.0,57.98,74.22,100.0
2018-01-26 13:19:00,0,2,57.32,72.0,68.0,39.3,57.14,57.32,0.0,0.0,0.0,45.0,57.06,0.0,0.0,0.0,120.0,57.13,2.68,0.88,0.03,0.0,0.0,3.62,0.87,100.0,57.92,74.15,100.0
2018-01-26 13:20:00,0,2,57.36,72.0,68.0,39.33,57.17,57.36,0.0,0.0,0.0,45.0,57.09,0.0,0.0,0.0,120.0,57.16,2.68,0.88,0.03,0.0,0.0,3.65,0.87,100.0,57.87,74.07,100.0
2018-01-26 13:21:00,0,2,57.39,72.0,68.0,39.37,57.2,57.39,0.0,0.0,0.0,45.0,57.12,0.0,0.0,0.0,120.0,57.2,2.68,0.88,0.03,0.0,0.0,3.69,0.87,100.0,57.81,73.99,100.0
2018-01-26 13:22:00,0,2,57.43,72.0,68.0,39.41,57.24,57.43,0.0,0.0,0.0,45.0,57.16,0.0,0.0,0.0,120.0,57.23,2.68,0.88,0.03,0.0,0.0,3.72,0.87,100.0,57.76,73.91,100.0
2018-01-26 13:23:00,0,2,57.47,72.0,68.0,39.44,57.27,57.47,0.0,0.0,0.0,45.0,57.19,0.0,0.0,0.0,120.0,57.26,2.68,0.88,0.03,0.0,0.0,3.76,0.87,100.0,57.7,73.82,100.0
2018-01-26 13:24:00,0,2,57.51,72.0,68.0,39.48,57.31,57.51,0.0,0.0,0.0,45.0,57.23,0.0,0.0,0.0,120.0,57.3,2.68,0.88,0.03,0.0,0.0,3.79,0.87,100.0,57.65,73.73,100.0
2018-01-26 13:25:00,0,2,57.55,72.0,68.0,39.52,57.35,57.55,0.0,0.0,0.0,45.0,57.27,0.0,0.0,0.0,120.0,57.34,2.68,0.88,0.03,0.0,0.0,3.82,0.87,100.0,57.59,73.64,100.0
2018-01-26 13:26:00,0,2,57.59,72.0,68.0,39.56,57.39,57.59,0.0,0.0,0.0,45.0,57.31,0.0,0.0,0.0,120.0,57.38,2.68,0.88,0.03,0.0,0.0,3.86,0.87,100.0,57.54,73.54,100.0
2018-01-26 13:27:00,0,2,57.64,72.0,68.0,39.6,57.43,57.64,0.0,0.0,0.0,45.0,57.35,0.0,0.0,0.0,120.0,57.42,2.68,0.88,0.03,0.0,0.0,3.89,0.87,100.0,57.49,73.44,100.0
2018-01-26 13:28:00,0,2,57.68,72.0,68.0,39.64,57.47,57.68,0.0,0.0,0.0,45.0,57.39,0.0,0.0,0.0,120.0,57.46,2.68,0.88,0.03,0.0,0.0,3.93,0.87,100.0,57.43,73.34,100.0
2018-01-26 13:29:00,0,2,57.73,72.0,68.0,39.68,57.52,57.73,0.0,0.0,0.0,45.0,57.44,0.0,0.0,0.0,120.0,57.51,2.68,0.88,0.03,0.0,0.0,3.96,0.87,100.0,57.38,73.23,100.0
2018-01-26 13:30:00,0,2,57.77,72.0,68.0,39.72,57.56,57.77,0.0,0.0,0.0,45.0,57.48,0.0,0.0,0.0,120.0,57.55,2.68,0.88,0.03,0.0,0.0,3.99,0.87,100.0,57.33,73.13,100.0
2018-01-26 13:31:00,0,2,57.82,72.0,68.0,39.77,57.61,57.82,0.0,0.0,0.0,45.0,57.53,0.0,0.0,0.0,120.0,57.6,2.68,0.88,0.03,0.0,0.0,4.03,0.87,100.0,57.28,73.02,100.0
2018-01-26 13:32:00,0,2,57.87,72.0,68.0,39.81,57.65,57.87,0.0,0.0,0.0,45.0,57.57,0.0,0.0,0.0,120.0,57.64,2.68,0.88,0.03,0.0,0.0,4.06,0.87,100.0,57.22,72.91,100.0
2018-01-26 13:33:00,0,2,57.92,72.0,68.0,39.86,57.7,57.92,0.0,0.0,0.0,45.0,57.62,0.0,0.0,0.0,120.0,57.69,2.68,0.88,0.03,0.0,0.0,4.1,0.87,100.0,57.17,72.79,100.0
2018-01-26 13:34:00,0,2,57.97,72.0,68.0,39.9,57.75,57.97,0.0,0.0,0.0,45.0,57.67,0.0,0.0,0.0,120.0,57.74,2.68,0.88,0.03,0.0,0.0,4.13,0.87,100.0,57.12,72.68,100.0
2018-01-26 13:35:00,0,2,58.02,72.0,68.0,39.95,57.8,58.02,0.0,0.0,0.0,45.0,57.72,0.0,0.0,0.0,120.0,57.79,2.68,0.88,0.03,0.0,0.0,4.17,0.87,100.0,57.07,72.56,100.0
2018-01-26 13:36:00,0,2,58.07,72.0,68.0,39.99,57.85,58.07,0.0,0.0,0.0,45.0,57.77,0.0,0.0,0.0,120.0,57.84,2.68,0.88,0.03,0.0,0.0,4.2,0.87,100.0,57.02,72.44,100.0
2018-01-26 13:37:00,0,2,58.13,72.0,68.0,40.04,57.9,58.13,0.0,0.0,0.0,45.0,57.82,0.0,0.0,0.0,120.0,57.89,2.68,0.88,0.03,0.0,0.0,4.23,0.87,100.0,56.97,72.32,100.0
2018-01-26 13:38:00,0,2,58.18,72.0,68.0,40.09,57.95,58.18,0.0,0.0,0.0,45.0,57.87,0.0,0.0,0.0,120.0,57.94,2.68,0.88,0.03,0.0,0.0,4.27,0.87,100.0,56.92,72.2,100.0
2018-01-26 13:39:00,0,2,58.23,72.0,68.0,40.13,58.01,58.23,0.0,0.0,0.0,45.0,57.93,0.0,0.0,0.0,120.0,58.0,2.68,0.88,0.03,0.0,0.0,4.3,0.87,100.0,56.88,72.08,100.0
2018-01-26 13:40:00,0,2,58.29,72.0,68.0,40.18,58.06,58.29,0.0,0.0,0.0,45.0,57.98,0.0,0.0,0.0,120.0,58.05,2.68,0.88,0.03,0.0,0.0,4.34,0.87,100.0,56.83,71.96,100.0
2018-01-26 13:41:00,0,2,58.34,72.0,68.0,40.23,58.11,58.34,0.0,0.0,0.0,45.0,58.03,0.0,0.0,0.0,120.0,58.1,2.68,0.88,0.03,0.0,0.0,4.37,0.87,100.0,56.78,71.83,100.0
2018-01-26 13:42:00,0,2,58.4,72.0,68.0,40.28,58.18,58.4,0.0,0.0,0.0,45.0,58.08,0.0,0.0,0.0,120.0,58.17,2.68,0.88,0.03,0.0,0.0,4.4,0.87,100.0,56.74,71.67,100.0
2018-01-26 13:43:00,0,2,58.45,72.0,68.0,40.33,58.24,58.45,0.0,0.0,0.0,45.0,58.14,0.0,0.0,0.0,120.0,58.23,2.68,0.88,0.03,0.0,0.0,4.44,0.87,100.0,56.69,71.55,99.84
2018-01-26 13:44:00,0,2,58.51,72.0,68.0,40.38,58.31,58.51,0.0,0.0,0.0,45.0,58.17,0.0,0.0,0.0,120.0,58.3,2.68,0.88,0.03,0.0,0.0,4.47,0.87,100.0,56.64,71.38,99.66
2018-01-26 13:45:00,0,2,58.57,72.0,68.0,40.43,58.39,58.57,0.0,0.0,0.0,45.0,58.21,0.0,0.0,0.0,120.0,58.38,2.68,0.88,0.03,0.0,0.0,4.5,0.87,100.0,56.6,71.19,99.66
2018-01-26 13:46:00,0,2,58.63,72.0,68.0,40.48,58.46,58.63,0.0,0.0,0.0,45.0,58.25,0.0,0.0,0.0,120.0,58.46,2.68,0.88,0.03,0.0,0.0,4.54,0.87,100.0,56.56,71.04,99.67
2018-01-26 13:47:00,0,2,58.69,72.0,68.0,40.53,58.52,58.69,0.0,0.0,0.0,45.0,58.31,0.0,0.0,0.0,120.0,58.51,2.68,0.88,0.03,0.0,0.0,4.57,0.87,100.0,56.51,70.91,99.69
2018-01-26 13:48:00,0,2,58.75,72.0,68.0,40.58,58.58,58.75,0.0,0.0,0.0,45.0,58.36,0.0,0.0,0.0,120.0,58.58,2.68,0.88,0.03,0.0,0.0,4.6,0.87,100.0,56.47,70.77,99.71
2018-01-26 13:49:00,0,2,58.8,72.0,68.0,40.63,58.65,58.8,0.0,0.0,0.0,45.0,58.42,0.0,0.0,0.0,120.0,58.64,2.68,0.88,0.03,0.0,0.0,4.64,0.87,100.0,56.43,70.63,99.73
2018-01-26 13:50:00,0,2,58.86,72.0,68.0,40.68,58.73,58.86,0.0,0.0,0.0,45.0,58.48,0.0,0.0,0.0,120.0,58.71,2.68,0.88,0.03,0.0,0.0,4.67,0.87,100.0,56.39,70.45,99.75
2018-01-26 13:51:00,0,2,58.92,72.0,68.0,40.73,58.79,58.92,0.0,0.0,0.0,45.0,58.54,0.0,0.0,0.0,120.0,58.77,2.68,0.88,0.03,0.0,0.0,4.7,0.87,100.0,56.35,70.31,99.77
2018-01-26 13:52:00,0,2,58.98,72.0,68.0,40.78,58.86,58.98,0.0,0.0,0.0,45.0,58.6,0.0,0.0,0.0,120.0,58.84,2.68,0.88,0.03,0.0,0.0,4.73,0.87,100.0,56.31,70.17,99.79
2018-01-26 13:53:00,0,2,59.04,72.0,68.0,40.83,58.92,59.04,0.0,0.0,0.0,45.0,58.65,0.0,0.0,0.0,120.0,58.91,2.68,0.88,0.03,0.0,0.0,4.77,0.87,100.0,56.27,70.02,99.77
2018-01-26 13:54:00,0,2,59.1,72.0,68.0,40.88,59.01,59.1,0.0,0.0,0.0,45.0,58.71,0.0,0.0,0.0,120.0,58.99,2.68,0.88,0.03,0.0,0.0,4.8,0.87,100.0,56.23,69.82,99.73
2018-01-26 13:55:00,0,2,59.16,72.0,68.0,40.93,59.07,59.16,0.0,0.0,0.0,45.0,58.77,0.0,0.0,0.0,120.0,59.05,2.68,0.88,0.03,0.0,0.0,4.83,0.87,100.0,56.19,69.66,99.69
2018-01-26 13:56:00,0,2,59.22,72.0,68.0,40.98,59.14,59.22,0.0,0.0,0.0,45.0,58.82,0.0,0.0,0.0,120.0,59.14,2.68,0.88,0.03,0.0,0.0,4.86,0.87,100.0,56.15,69.45,99.65
2018-01-26 13:57:00,0,2,59.28,72.0,68.0,41.03,59.22,59.28,0.0,0.0,0.0,45.0,58.89,0.0,0.0,0.0,120.0,59.2,2.68,0.88,0.03,0.0,0.0,4.89,0.87,100.0,56.12,69.23,99.62
2018-01-26 13:58:00,0,2,59.34,72.0,68.0,41.08,59.28,59.34,0.0,0.0,0.0,45.0,58.94,0.0,0.0,0.0,120.0,59.27,2.68,0.88,0.03,0.0,0.0,4.92,0.87,100.0,56.08,69.05,99.58
2018-01-26 13:59:00,0,2,59.4,72.0,68.0,41.13,59.36,59.4,0.0,0.0,0.0,45.0,59.0,0.0,0.0,0.0,120.0,59.34,2.68,0.88,0.03,0.0,0.0,4.96,0.87,100.0,56.05,68.83,99.55
2018-01-26 14:00:00,0,2,59.46,72.0,68.0,41.18,59.41,59.46,0.0,0.0,0.0,45.0,59.06,0.0,0.0,0.0,120.0,59.4,2.68,0.88,0.03,0.0,0.0,4.99,0.87,100.0,56.01,68.7,99.53
2018-01-26 14:01:00,0,2,59.52,72.0,68.0,41.23,59.46,59.52,0.0,0.0,0.0,45.0,59.12,0.0,0.0,0.0,120.0,59.46,2.68,0.88,0.03,0.0,0.0,5.01,0.87,100.0,55.99,68.55,99.51
2018-01-26 14:02:00,0,2,59.57,72.0,68.0,41.27,59.5,59.57,0.0,0.0,0.0,45.0,59.18,0.0,0.0,0.0,120.0,59.5,2.68,0.88,0.03,0.0,0.0,5.04,0.87,100.0,55.98,68.44,99.51
2018-01-26 14:03:00,0,2,59.62,72.0,68.0,41.31,59.54,59.62,0.0,0.0,0.0,45.0,59.24,0.0,0.0,0.0,120.0,59.53,2.68,0.88,0.03,0.0,0.0,5.06,0.87,100.0,55.98,68.33,99.53
2018-01-26 14:04:00,0,2,59.67,72.0,68.0,41.35,59.58,59.67,0.0,0.0,0.0,45.0,59.3,0.0,0.0,0.0,120.0,59.58,2.68,0.88,0.03,0.0,0.0,5.08,0.87,100.0,55.97,68.22,99.56
2018-01-26 14:05:00,0,2,59.71,72.0,68.0,41.39,59.6,59.71,0.0,0.0,0.0,45.0,59.37,0.0,0.0,0.0,120.0,59.6,2.68,0.88,0.03,0.0,0.0,5.1,0.87,100.0,55.97,68.17,99.61
2018-01-26 14:06:00,0,2,59.75,72.0,68.0,41.42,59.63,59.75,0.0,0.0,0.0,45.0,59.42,0.0,0.0,0.0,120.0,59.63,2.68,0.88,0.03,0.0,0.0,5.13,0.87,100.0,55.96,68.07,99.67
2018-01-26 14:07:00,0,2,59.79,72.0,68.0,41.45,59.66,59.79,0.0,0.0,0.0,45.0,59.48,0.0,0.0,0.0,120.0,59.65,2.68,0.88,0.03,0.0,0.0,5.15,0.87,100.0,55.96,68.01,99.74
2018-01-26 14:08:00,0,2,59.83,72.0,68.0,41.49,59.67,59.83,0.0,0.0,0.0,45.0,59.52,0.0,0.0,0.0,120.0,59.67,2.68,0.88,0.03,0.0,0.0,5.17,0.87,100.0,55.96,67.98,99.33
2018-01-26 14:09:00,0,2,59.86,72.0,68.0,41.52,59.7,59.86,0.0,0.0,0.0,45.0,59.55,0.0,0.0,0.0,120.0,59.69,2.68,0.88,0.03,0.0,0.0,5.19,0.87,100.0,55.95,67.9,99.36
2018-01-26 14:10:00,0,2,59.9,72.0,68.0,41.55,59.76,59.9,0.0,0.0,0.0,45.0,59.57,0.0,0.0,0.0,120.0,59.74,2.68,0.88,0.03,0.0,0.0,5.21,0.87,100.0,55.95,67.73,99.47
2018-01-26 14:11:00,0,2,59.93,72.0,68.0,41.57,59.81,59.93,0.0,0.0,0.0,45.0,59.6,0.0,0.0,0.0,120.0,59.81,2.68,0.88,0.03,0.0,0.0,5.23,0.87,100.0,55.95,67.59,99.57
2018-01-26 14:12:00,0,2,59.96,72.0,68.0,41.6,59.83,59.96,0.0,0.0,0.0,45.0,59.66,0.0,0.0,0.0,120.0,59.82,2.68,0.88,0.03,0.0,0.0,5.26,0.87,100.0,55.95,67.55,99.68
2018-01-26 14:13:00,0,2,59.99,72.0,68.0,41.63,59.85,59.99,0.0,0.0,0.0,45.0,59.7,0.0,0.0,0.0,120.0,59.85,2.68,0.88,0.03,0.0,0.0,5.28,0.87,100.0,55.95,67.48,99.8
2018-01-26 14:14:00,0,2,60.02,72.0,68.0,41.65,59.86,60.02,0.0,0.0,0.0,45.0,59.73,0.0,0.0,0.0,120.0,59.86,2.68,0.88,0.03,0.0,0.0,5.3,0.87,100.0,55.95,67.45,99.41
2018-01-26 14:15:00,0,2,60.04,72.0,68.0,41.68,59.9,60.04,0.0,0.0,0.0,45.0,59.75,0.0,0.0,0.0,120.0,59.89,2.68,0.88,0.03,0.0,0.0,5.32,0.87,100.0,55.95,67.35,99.48
2018-01-26 14:16:00,0,2,60.07,72.0,68.0,41.7,59.95,60.07,0.0,0.0,0.0,45.0,59.77,0.0,0.0,0.0,120.0,59.94,2.68,0.88,0.03,0.0,0.0,5.34,0.87,100.0,55.95,67.22,99.61
2018-01-26 14:17:00,0,2,60.09,72.0,68.0,41.72,59.97,60.09,0.0,0.0,0.0,45.0,59.81,0.0,0.0,0.0,120.0,59.96,2.68,0.88,0.03,0.0,0.0,5.36,0.87,100.0,55.95,67.18,99.75
2018-01-26 14:18:00,0,2,60.12,72.0,68.0,41.75,59.99,60.12,0.0,0.0,0.0,45.0,59.85,0.0,0.0,0.0,120.0,59.98,2.68,0.88,0.03,0.0,0.0,5.38,0.87,100.0,55.95,67.12,99.71
2018-01-26 14:19:00,0,2,60.14,72.0,68.0,41.77,60.0,60.14,0.0,0.0,0.0,45.0,59.87,0.0,0.0,0.0,120.0,59.99,2.68,0.88,0.03,0.0,0.0,5.4,0.87,100.0,55.96,67.09,99.48
2018-01-26 14:20:00,0,2,60.16,72.0,68.0,41.79,60.04,60.16,0.0,0.0,0.0,45.0,59.88,0.0,0.0,0.0,120.0,60.04,2.68,0.88,0.03,0.0,0.0,5.42,0.87,100.0,55.96,66.97,99.6
2018-01-26 14:21:00,0,2,60.18,72.0,68.0,41.81,60.06,60.18,0.0,0.0,0.0,45.0,59.91,0.0,0.0,0.0,120.0,60.06,2.68,0.88,0.03,0.0,0.0,5.43,0.87,100.0,55.96,66.93,99.75
2018-01-26 14:22:00,0,2,60.2,72.0,68.0,41.83,60.08,60.2,0.0,0.0,0.0,45.0,59.94,0.0,0.0,0.0,120.0,60.07,2.68,0.88,0.03,0.0,0.0,5.45,0.87,100.0,55.96,66.88,99.72
2018-01-26 14:23:00,0,2,60.22,72.0,68.0,41.85,60.08,60.22,0.0,0.0,0.0,45.0,59.96,0.0,0.0,0.0,120.0,60.08,2.68,0.88,0.03,0.0,0.0,5.47,0.87,100.0,55.97,66.86,99.51
2018-01-26 14:24:00,0,2,60.24,72.0,68.0,41.86,60.13,60.24,0.0,0.0,0.0,45.0,59.97,0.0,0.0,0.0,120.0,60.12,2.68,0.88,0.03,0.0,0.0,5.49,0.87,100.0,55.97,66.74,99.64
2018-01-26 14:25:00,0,2,60.25,72.0,68.0,41.88,60.14,60.25,0.0,0.0,0.0,45.0,59.99,0.0,0.0,0.0,120.0,60.14,2.68,0.88,0.03,0.0,0.0,5.51,0.87,100.0,55.97,66.71,99.8
2018-01-26 14:26:00,0,2,60.27,72.0,68.0,41.9,60.16,60.27,0.0,0.0,0.0,45.0,60.02,0.0,0.0,0.0,120.0,60.15,2.68,0.88,0.03,0.0,0.0,5.53,0.87,100.0,55.98,66.67,99.75
2018-01-26 14:27:00,0,2,60.29,72.0,68.0,41.92,60.18,60.29,0.0,0.0,0.0,45.0,60.03,0.0,0.0,0.0,120.0,60.18,2.68,0.88,0.03,0.0,0.0,5.55,0.87,100.0,55.98,66.61,99.78
2018-01-26 14:28:00,0,2,60.3,72.0,68.0,41.93,60.19,60.3,0.0,0.0,0.0,45.0,60.05,0.0,0.0,0.0,120.0,60.19,2.68,0.88,0.03,0.0,0.0,5.56,0.87,100.0,55.99,66.57,99.61
2018-01-26 14:29:00,0,2,60.31,72.0,68.0,41.95,60.21,60.31,0.0,0.0,0.0,45.0,60.06,0.0,0.0,0.0,120.0,60.21,2.68,0.88,0.03,0.0,0.0,5.58,0.87,100.0,55.99,66.52,99.74
2018-01-26 14:30:00,0,2,60.33,72.0,68.0,41.96,60.22,60.33,0.0,0.0,0.0,45.0,60.08,0.0,0.0,0.0,120.0,60.21,2.68,0.88,0.03,0.0,0.0,5.6,0.87,100.0,55.99,66.52,99.65
2018-01-26 14:31:00,0,2,60.34,72.0,68.0,41.97,60.24,60.34,0.0,0.0,0.0,45.0,60.09,0.0,0.0,0.0,120.0,60.24,2.68,0.88,0.03,0.0,0.0,5.62,0.87,100.0,56.0,66.45,99.67
2018-01-26 14:32:00,0,2,60.35,72.0,68.0,41.99,60.24,60.35,0.0,0.0,0.0,45.0,60.1,0.0,0.0,0.0,120.0,60.24,2.68,0.88,0.03,0.0,0.0,5.63,0.87,100.0,56.0,66.44,99.8
2018-01-26 14:33:00,0,2,60.36,72.0,68.0,42.0,60.22,60.36,0.0,0.0,0.0,45.0,60.12,0.0,0.0,0.0,120.0,60.22,2.68,0.88,0.03,0.0,0.0,5.65,0.87,100.0,56.01,66.51,99.37
2018-01-26 14:34:00,0,2,60.37,72.0,68.0,42.01,60.22,60.37,0.0,0.0,0.0,45.0,60.12,0.0,0.0,0.0,120.0,60.22,2.68,0.88,0.03,0.0,0.0,5.67,0.87,100.0,56.01,66.5,99.5
2018-01-26 14:35:00,0,2,60.38,72.0,68.0,42.02,60.25,60.38,0.0,0.0,0.0,45.0,60.13,0.0,0.0,0.0,120.0,60.25,2.68,0.88,0.03,0.0,0.0,5.69,0.87,100.0,56.01,66.42,99.7
2018-01-26 14:36:00,0,2,60.39,72.0,68.0,42.03,60.26,60.39,0.0,0.0,0.0,45.0,60.15,0.0,0.0,0.0,120.0,60.26,2.68,0.88,0.03,0.0,0.0,5.7,0.87,100.0,56.02,66.4,99.55
2018-01-26 14:37:00,0,2,60.39,72.0,68.0,42.04,60.26,60.39,0.0,0.0,0.0,45.0,60.15,0.0,0.0,0.0,120.0,60.26,2.68,0.88,0.03,0.0,0.0,5.72,0.87,100.0,56.02,66.4,99.54
2018-01-26 14:38:00,0,2,60.4,72.0,68.0,42.05,60.28,60.4,0.0,0.0,0.0,45.0,60.16,0.0,0.0,0.0,120.0,60.28,2.68,0.88,0.03,0.0,0.0,5.74,0.87,100.0,56.03,66.34,99.73
2018-01-26 14:39:00,0,2,60.41,72.0,68.0,42.06,60.28,60.41,0.0,0.0,0.0,45.0,60.17,0.0,0.0,0.0,120.0,60.28,2.68,0.88,0.03,0.0,0.0,5.75,0.87,100.0,56.03,66.36,99.47
2018-01-26 14:40:00,0,2,60.41,72.0,68.0,42.07,60.28,60.41,0.0,0.0,0.0,45.0,60.17,0.0,0.0,0.0,120.0,60.28,2.68,0.88,0.03,0.0,0.0,5.77,0.87,100.0,56.03,66.34,99.56
2018-01-26 14:41:00,0,2,60.42,72.0,68.0,42.08,60.31,60.42,0.0,0.0,0.0,45.0,60.18,0.0,0.0,0.0,120.0,60.31,2.68,0.88,0.03,0.0,0.0,5.78,0.87,100.0,56.03,66.28,99.77
2018-01-26 14:42:00,0,2,60.42,72.0,68.0,42.09,60.32,60.42,0.0,0.0,0.0,45.0,60.18,0.0,0.0,0.0,120.0,60.32,2.68,0.88,0.03,0.0,0.0,5.8,0.87,100.0,56.04,66.24,99.65
2018-01-26 14:43:00,0,2,60.43,72.0,68.0,42.1,60.32,60.43,0.0,0.0,0.0,45.0,60.19,0.0,0.0,0.0,120.0,60.32,2.68,0.88,0.03,0.0,0.0,5.82,0.87,100.0,56.04,66.25,99.46
2018-01-26 14:44:00,0,2,60.43,72.0,68.0,42.11,60.29,60.43,0.0,0.0,0.0,45.0,60.19,0.0,0.0,0.0,120.0,60.29,2.68,0.88,0.03,0.0,0.0,5.83,0.87,100.0,56.04,66.32,99.46
2018-01-26 14:45:00,0,2,60.43,72.0,68.0,42.11,60.32,60.43,0.0,0.0,0.0,45.0,60.19,0.0,0.0,0.0,120.0,60.31,2.68,0.88,0.03,0.0,0.0,5.85,0.87,100.0,56.04,66.24,99.67
2018-01-26 14:46:00,0,2,60.43,72.0,68.0,42.12,60.32,60.43,0.0,0.0,0.0,45.0,60.2,0.0,0.0,0.0,120.0,60.33,2.68,0.88,0.03,0.0,0.0,5.86,0.87,100.0,56.04,66.24,99.53
2018-01-26 14:47:00,0,2,60.44,72.0,68.0,42.13,60.31,60.44,0.0,0.0,0.0,45.0,60.2,0.0,0.0,0.0,120.0,60.31,2.68,0.88,0.03,0.0,0.0,5.88,0.87,100.0,56.04,66.27,99.54
2018-01-26 14:48:00,0,2,60.44,72.0,68.0,42.13,60.34,60.44,0.0,0.0,0.0,45.0,60.2,0.0,0.0,0.0,120.0,60.34,2.68,0.88,0.03,0.0,0.0,5.89,0.87,100.0,56.04,66.2,99.75
2018-01-26 14:49:00,0,2,60.44,72.0,68.0,42.14,60.31,60.44,0.0,0.0,0.0,45.0,60.21,0.0,0.0,0.0,120.0,60.32,2.68,0.88,0.03,0.0,0.0,5.91,0.87,100.0,56.04,66.26,99.45
2018-01-26 14:50:00,0,2,60.44,72.0,68.0,42.14,60.33,60.44,0.0,0.0,0.0,45.0,60.2,0.0,0.0,0.0,120.0,60.32,2.68,0.88,0.03,0.0,0.0,5.93,0.87,100.0,56.04,66.23,99.62
2018-01-26 14:51:00,0,2,60.44,72.0,68.0,42.15,60.32,60.44,0.0,0.0,0.0,45.0,60.21,0.0,0.0,0.0,120.0,60.33,2.68,0.88,0.03,0.0,0.0,5.94,0.87,100.0,56.04,66.25,99.38
2018-01-26 14:52:00,0,2,60.44,72.0,68.0,42.15,60.3,60.44,0.0,0.0,0.0,45.0,60.2,0.0,0.0,0.0,120.0,60.3,2.68,0.88,0.03,0.0,0.0,5.96,0.87,100.0,56.04,66.3,99.5
2018-01-26 14:53:00,0,2,60.44,72.0,68.0,42.16,60.33,60.44,0.0,0.0,0.0,45.0,60.2,0.0,0.0,0.0,120.0,60.32,2.68,0.88,0.03,0.0,0.0,5.97,0.87,100.0,56.04,66.23,99.55
2018-01-26 14:54:00,0,2,60.43,72.0,68.0,42.16,60.3,60.43,0.0,0.0,0.0,45.0,60.2,0.0,0.0,0.0,120.0,60.3,2.68,0.88,0.03,0.0,0.0,5.99,0.87,100.0,56.03,66.31,99.41
2018-01-26 14:55:00,0,2,60.43,72.0,68.0,42.16,60.31,60.43,0.0,0.0,0.0,45.0,60.2,0.0,0.0,0.0,120.0,60.31,2.68,0.88,0.03,0.0,0.0,6.0,0.87,100.0,56.03,66.26,99.62
2018-01-26 14:56:00,0,2,60.43,72.0,68.0,42.17,60.3,60.43,0.0,0.0,0.0,45.0,60.2,0.0,0.0,0.0,120.0,60.3,2.68,0.88,0.03,0.0,0.0,6.01,0.87,100.0,56.03,66.31,99.34
2018-01-26 14:57:00,0,2,60.42,72.0,68.0,42.17,60.29,60.42,0.0,0.0,0.0,45.0,60.19,0.0,0.0,0.0,120.0,60.28,2.68,0.88,0.03,0.0,0.0,6.03,0.87,100.0,56.02,66.33,99.53
2018-01-26 14:58:00,0,2,60.42,72.0,68.0,42.17,60.31,60.42,0.0,0.0,0.0,45.0,60.19,0.0,0.0,0.0,120.0,60.32,2.68,0.88,0.03,0.0,0.0,6.04,0.87,100.0,56.01,66.26,99.41
2018-01-26 14:59:00,0,2,60.42,72.0,68.0,42.18,60.28,60.42,0.0,0.0,0.0,45.0,60.19,0.0,0.0,0.0,120.0,60.28,2.68,0.88,0.03,0.0,0.0,6.06,0.87,100.0,56.01,66.34,99.44
2018-01-26 15:00:00,0,2,60.41,72.0,68.0,42.18,60.3,60.41,0.0,0.0,0.0,45.0,60.18,0.0,0.0,0.0,120.0,60.3,2.68,0.88,0.03,0.0,0.0,6.07,0.87,100.0,56.0,66.29,99.49
2018-01-26 15:01:00,0,2,60.41,72.0,68.0,42.18,60.27,60.41,0.0,0.0,0.0,45.0,60.18,0.0,0.0,0.0,120.0,60.28,2.68,0.88,0.03,0.0,0.0,6.09,0.87,100.0,55.97,66.38,99.37
2018-01-26 15:02:00,0,2,60.4,72.0,68.0,42.18,60.28,60.4,0.0,0.0,0.0,45.0,60.18,0.0,0.0,0.0,120.0,60.27,2.68,0.88,0.03,0.0,0.0,6.11,0.87,100.0,55.92,66.35,99.59
2018-01-26 15:03:00,0,2,60.4,72.0,68.0,42.19,60.28,60.4,0.0,0.0,0.0,45.0,60.17,0.0,0.0,0.0,120.0,60.29,2.68,0.88,0.03,0.0,0.0,6.13,0.87,100.0,55.87,66.34,99.37
2018-01-26 15:04:00,0,2,60.39,72.0,68.0,42.19,60.26,60.39,0.0,0.0,0.0,45.0,60.17,0.0,0.0,0.0,120.0,60.26,2.68,0.88,0.03,0.0,0.0,6.15,0.87,100.0,55.81,66.39,99.51
2018-01-26 15:05:00,0,2,60.39,72.0,68.0,42.2,60.3,60.39,0.0,0.0,0.0,45.0,60.16,0.0,0.0,0.0,120.0,60.29,2.68,0.88,0.03,0.0,0.0,6.17,0.87,100.0,55.76,66.3,99.57
2018-01-26 15:06:00,0,2,60.38,72.0,68.0,42.2,60.26,60.38,0.0,0.0,0.0,45.0,60.16,0.0,0.0,0.0,120.0,60.27,2.68,0.88,0.03,0.0,0.0,6.2,0.87,100.0,55.71,66.39,99.44
2018-01-26 15:07:00,0,2,60.38,72.0,68.0,42.2,60.28,60.38,0.0,0.0,0.0,45.0,60.15,0.0,0.0,0.0,120.0,60.27,2.68,0.88,0.03,0.0,0.0,6.22,0.87,100.0,55.65,66.35,99.66
2018-01-26 15:08:00,0,2,60.38,72.0,68.0,42.21,60.32,60.38,0.0,0.0,0.0,45.0,60.15,0.0,0.0,0.0,120.0,60.31,2.68,0.88,0.03,0.0,0.0,6.24,0.87,100.0,55.6,66.25,99.9
2018-01-26 15:09:00,0,2,60.37,72.0,68.0,42.21,60.34,60.37,0.0,0.0,0.0,45.0,60.14,0.0,0.0,0.0,120.0,60.34,2.68,0.88,0.03,0.0,0.0,6.26,0.87,100.0,55.54,66.19,100.0
2018-01-26 15:10:00,0,2,60.37,72.0,68.0,42.22,60.35,60.37,0.0,0.0,0.0,45.0,60.14,0.0,0.0,0.0,120.0,60.35,2.68,0.88,0.03,0.0,0.0,6.28,0.87,100.0,55.49,66.16,100.0
2018-01-26 15:11:00,0,2,60.36,72.0,68.0,42.22,60.36,60.36,0.0,0.0,0.0,45.0,60.13,0.0,0.0,0.0,120.0,60.35,2.68,0.88,0.03,0.0,0.0,6.3,0.87,100.0,55.43,66.15,100.0
2018-01-26 15:12:00,0,2,60.36,72.0,68.0,42.22,60.35,60.36,0.0,0.0,0.0,45.0,60.13,0.0,0.0,0.0,120.0,60.35,2.68,0.88,0.03,0.0,0.0,6.32,0.87,100.0,55.38,66.16,100.0
2018-01-26 15:13:00,0,2,60.36,72.0,68.0,42.23,60.35,60.36,0.0,0.0,0.0,45.0,60.12,0.0,0.0,0.0,120.0,60.35,2.68,0.88,0.03,0.0,0.0,6.34,0.87,100.0,55.32,66.16,100.0
2018-01-26 15:14:00,0,2,60.35,72.0,68.0,42.23,60.35,60.35,0.0,0.0,0.0,45.0,60.12,0.0,0.0,0.0,120.0,60.35,2.68,0.88,0.03,0.0,0.0,6.36,0.87,100.0,55.26,66.17,100.0
2018-01-26 15:15:00,0,2,60.35,72.0,68.0,42.23,60.34,60.35,0.0,0.0,0.0,45.0,60.12,0.0,0.0,0.0,120.0,60.34,2.68,0.88,0.03,0.0,0.0,6.38,0.87,100.0,55.2,66.19,100.0
2018-01-26 15:16:00,0,2,60.34,72.0,68.0,42.24,60.34,60.34,0.0,0.0,0.0,45.0,60.11,0.0,0.0,0.0,120.0,60.34,2.68,0.88,0.03,0.0,0.0,6.4,0.87,100.0,55.15,66.2,100.0
2018-01-26 15:17:00,0,2,60.33,72.0,68.0,42.24,60.33,60.33,0.0,0.0,0.0,45.0,60.1,0.0,0.0,0.0,120.0,60.33,2.68,0.88,0.03,0.0,0.0,6.41,0.87,100.0,55.09,66.22,100.0
2018-01-26 15:18:00,0,2,60.33,72.0,68.0,42.24,60.32,60.33,0.0,0.0,0.0,45.0,60.1,0.0,0.0,0.0,120.0,60.32,2.68,0.88,0.03,0.0,0.0,6.43,0.87,100.0,55.03,66.24,100.0
2018-01-26 15:19:00,0,2,60.32,72.0,68.0,42.24,60.32,60.32,0.0,0.0,0.0,45.0,60.09,0.0,0.0,0.0,120.0,60.32,2.68,0.88,0.03,0.0,0.0,6.45,0.87,100.0,54.97,66.26,100.0
2018-01-26 15:20:00,0,2,60.31,72.0,68.0,42.24,60.31,60.31,0.0,0.0,0.0,45.0,60.09,0.0,0.0,0.0,120.0,60.31,2.68,0.88,0.03,0.0,0.0,6.47,0.87,100.0,54.91,66.27,100.0
2018-01-26 15:21:00,0,2,60.31,72.0,68.0,42.24,60.3,60.31,0.0,0.0,0.0,45.0,60.08,0.0,0.0,0.0,120.0,60.3,2.68,0.88,0.03,0.0,0.0,6.49,0.87,100.0,54.86,66.3,100.0
2018-01-26 15:22:00,0,2,60.3,72.0,68.0,42.25,60.29,60.3,0.0,0.0,0.0,45.0,60.07,0.0,0.0,0.0,120.0,60.29,2.68,0.88,0.03,0.0,0.0,6.51,0.87,100.0,54.8,66.31,100.0
2018-01-26 15:23:00,0,2,60.29,72.0,68.0,42.25,60.28,60.29,0.0,0.0,0.0,45.0,60.07,0.0,0.0,0.0,120.0,60.29,2.68,0.88,0.03,0.0,0.0,6.53,0.87,100.0,54.74,66.34,100.0
2018-01-26 15:24:00,0,2,60.28,72.0,68.0,42.25,60.28,60.28,0.0,0.0,0.0,45.0,60.06,0.0,0.0,0.0,120.0,60.28,2.68,0.88,0.03,0.0,0.0,6.54,0.87,100.0,54.68,66.36,100.0
2018-01-26 15:25:00,0,2,60.27,72.0,68.0,42.25,60.27,60.27,0.0,0.0,0.0,45.0,60.05,0.0,0.0,0.0,120.0,60.27,2.68,0.88,0.03,0.0,0.0,6.56,0.87,100.0,54.62,66.39,100.0
2018-01-26 15:26:00,0,2,60.26,72.0,68.0,42.25,60.26,60.26,0.0,0.0,0.0,45.0,60.04,0.0,0.0,0.0,120.0,60.26,2.68,0.88,0.03,0.0,0.0,6.58,0.87,100.0,54.57,66.41,100.0
2018-01-26 15:27:00,0,2,60.25,72.0,68.0,42.25,60.25,60.25,0.0,0.0,0.0,45.0,60.04,0.0,0.0,0.0,120.0,60.25,2.68,0.88,0.03,0.0,0.0,6.6,0.87,100.0,54.51,66.43,100.0
2018-01-26 15:28:00,0,2,60.25,72.0,68.0,42.25,60.24,60.25,0.0,0.0,0.0,45.0,60.03,0.0,0.0,0.0,120.0,60.24,2.68,0.88,0.03,0.0,0.0,6.61,0.87,100.0,54.45,66.46,100.0
2018-01-26 15:29:00,0,2,60.24,72.0,68.0,42.25,60.23,60.24,0.0,0.0,0.0,45.0,60.02,0.0,0.0,0.0,120.0,60.23,2.68,0.88,0.03,0.0,0.0,6.63,0.87,100.0,54.4,66.48,100.0
2018-01-26 15:30:00,0,2,60.23,72.0,68.0,42.25,60.22,60.23,0.0,0.0,0.0,45.0,60.01,0.0,0.0,0.0,120.0,60.22,2.68,0.88,0.03,0.0,0.0,6.65,0.87,100.0,54.34,66.51,100.0
2018-01-26 15:31:00,0,2,60.22,72.0,68.0,42.24,60.21,60.22,0.0,0.0,0.0,45.0,60.0,0.0,0.0,0.0,120.0,60.21,2.68,0.88,0.03,0.0,0.0,6.66,0.87,100.0,54.28,66.54,100.0
2018-01-26 15:32:00,0,2,60.21,72.0,68.0,42.24,60.2,60.21,0.0,0.0,0.0,45.0,59.99,0.0,0.0,0.0,120.0,60.2,2.68,0.88,0.03,0.0,0.0,6.68,0.87,100.0,54.23,66.56,100.0
2018-01-26 15:33:00,0,2,60.2,72.0,68.0,42.24,60.19,60.2,0.0,0.0,0.0,45.0,59.98,0.0,0.0,0.0,120.0,60.19,2.68,0.88,0.03,0.0,0.0,6.69,0.87,100.0,54.17,66.59,100.0
2018-01-26 15:34:00,0,2,60.19,72.0,68.0,42.24,60.18,60.19,0.0,0.0,0.0,45.0,59.97,0.0,0.0,0.0,120.0,60.18,2.68,0.88,0.03,0.0,0.0,6.71,0.87,100.0,54.12,66.62,100.0
2018-01-26 15:35:00,0,2,60.18,72.0,68.0,42.24,60.17,60.18,0.0,0.0,0.0,45.0,59.96,0.0,0.0,0.0,120.0,60.17,2.68,0.88,0.03,0.0,0.0,6.72,0.87,100.0,54.06,66.65,100.0
2018-01-26 15:36:00,0,2,60.16,72.0,68.0,42.24,60.15,60.16,0.0,0.0,0.0,45.0,59.95,0.0,0.0,0.0,120.0,60.16,2.68,0.88,0.03,0.0,0.0,6.74,0.87,100.0,54.01,66.68,100.0
2018-01-26 15:37:00,0,2,60.15,72.0,68.0,42.23,60.14,60.15,0.0,0.0,0.0,45.0,59.94,0.0,0.0,0.0,120.0,60.15,2.68,0.88,0.03,0.0,0.0,6.75,0.87,100.0,53.96,66.71,100.0
2018-01-26 15:38:00,0,2,60.14,72.0,68.0,42.23,60.13,60.14,0.0,0.0,0.0,45.0,59.93,0.0,0.0,0.0,120.0,60.13,2.68,0.88,0.03,0.0,0.0,6.77,0.87,100.0,53.9,66.73,100.0
2018-01-26 15:39:00,0,2,60.13,72.0,68.0,42.23,60.12,60.13,0.0,0.0,0.0,45.0,59.92,0.0,0.0,0.0,120.0,60.12,2.68,0.88,0.03,0.0,0.0,6.78,0.87,100.0,53.85,66.76,100.0
2018-01-26 15:40:00,0,2,60.12,72.0,68.0,42.22,60.11,60.12,0.0,0.0,0.0,45.0,59.91,0.0,0.0,0.0,120.0,60.11,2.68,0.88,0.03,0.0,0.0,6.79,0.87,100.0,53.8,66.79,100.0
2018-01-26 15:41:00,0,2,60.11,72.0,68.0,42.22,60.1,60.11,0.0,0.0,0.0,45.0,59.9,0.0,0.0,0.0,120.0,60.1,2.68,0.88,0.03,0.0,0.0,6.81,0.87,100.0,53.75,66.82,100.0
2018-01-26 15:42:00,0,2,60.1,72.0,68.0,42.22,60.09,60.1,0.0,0.0,0.0,45.0,59.89,0.0,0.0,0.0,120.0,60.09,2.68,0.88,0.03,0.0,0.0,6.82,0.87,100.0,53.7,66.86,100.0
2018-01-26 15:43:00,0,2,60.09,72.0,68.0,42.21,60.07,60.09,0.0,0.0,0.0,45.0,59.88,0.0,0.0,0.0,120.0,60.08,2.68,0.88,0.03,0.0,0.0,6.83,0.87,100.0,53.66,66.89,100.0
2018-01-26 15:44:00,0,2,60.08,72.0,68.0,42.21,60.06,60.08,0.0,0.0,0.0,45.0,59.87,0.0,0.0,0.0,120.0,60.07,2.68,0.88,0.03,0.0,0.0,6.84,0.87,100.0,53.61,66.92,100.0
2018-01-26 15:45:00,0,2,60.06,72.0,68.0,42.21,60.05,60.06,0.0,0.0,0.0,45.0,59.86,0.0,0.0,0.0,120.0,60.05,2.68,0.88,0.03,0.0,0.0,6.86,0.87,100.0,53.56,66.95,100.0
2018-01-26 15:46:00,0,2,60.05,72.0,68.0,42.2,60.04,60.05,0.0,0.0,0.0,45.0,59.84,0.0,0.0,0.0,120.0,60.04,2.68,0.88,0.03,0.0,0.0,6.87,0.87,100.0,53.52,66.98,100.0
2018-01-26 15:47:00,0,2,60.04,72.0,68.0,42.2,60.03,60.04,0.0,0.0,0.0,45.0,59.83,0.0,0.0,0.0,120.0,60.03,2.68,0.88,0.03,0.0,0.0,6.88,0.87,100.0,53.47,67.01,100.0
2018-01-26 15:48:00,0,2,60.03,72.0,68.0,42.19,60.02,60.03,0.0,0.0,0.0,45.0,59.82,0.0,0.0,0.0,120.0,60.02,2.68,0.88,0.03,0.0,0.0,6.89,0.87,100.0,53.43,67.04,100.0
2018-01-26 15:49:00,0,2,60.02,72.0,68.0,42.19,60.0,60.02,0.0,0.0,0.0,45.0,59.81,0.0,0.0,0.0,120.0,60.01,2.68,0.88,0.03,0.0,0.0,6.9,0.87,100.0,53.39,67.08,100.0
2018-01-26 15:50:00,0,2,60.0,72.0,68.0,42.19,59.99,60.0,0.0,0.0,0.0,45.0,59.8,0.0,0.0,0.0,120.0,59.99,2.68,0.88,0.03,0.0,0.0,6.91,0.87,100.0,53.35,67.11,100.0
2018-01-26 15:51:00,0,2,59.99,72.0,68.0,42.18,59.98,59.99,0.0,0.0,0.0,45.0,59.79,0.0,0.0,0.0,120.0,59.98,2.68,0.88,0.03,0.0,0.0,6.92,0.87,100.0,53.31,67.14,100.0
2018-01-26 15:52:00,0,2,59.98,72.0,68.0,42.18,59.97,59.98,0.0,0.0,0.0,45.0,59.77,0.0,0.0,0.0,120.0,59.97,2.68,0.88,0.03,0.0,0.0,6.92,0.87,100.0,53.27,67.17,100.0
2018-01-26 15:53:00,0,2,59.97,72.0,68.0,42.17,59.95,59.97,0.0,0.0,0.0,45.0,59.76,0.0,0.0,0.0,120.0,59.96,2.68,0.88,0.03,0.0,0.0,6.93,0.87,100.0,53.23,67.21,100.0
2018-01-26 15:54:00,0,2,59.96,72.0,68.0,42.16,59.94,59.96,0.0,0.0,0.0,45.0,59.75,0.0,0.0,0.0,120.0,59.94,2.68,0.88,0.03,0.0,0.0,6.94,0.87,100.0,53.2,67.24,100.0
2018-01-26 15:55:00,0,2,59.94,72.0,68.0,42.16,59.93,59.94,0.0,0.0,0.0,45.0,59.74,0.0,0.0,0.0,120.0,59.93,2.68,0.88,0.03,0.0,0.0,6.95,0.87,100.0,53.16,67.27,100.0
2018-01-26 15:56:00,0,2,59.93,72.0,68.0,42.15,59.92,59.93,0.0,0.0,0.0,45.0,59.73,0.0,0.0,0.0,120.0,59.92,2.68,0.88,0.03,0.0,0.0,6.95,0.87,100.0,53.13,67.3,100.0
2018-01-26 15:57:00,0,2,59.92,72.0,68.0,42.15,59.91,59.92,0.0,0.0,0.0,45.0,59.71,0.0,0.0,0.0,120.0,59.91,2.68,0.88,0.03,0.0,0.0,6.96,0.87,100.0,53.1,67.34,100.0
2018-01-26 15:58:00,0,2,59.91,72.0,68.0,42.14,59.89,59.91,0.0,0.0,0.0,45.0,59.7,0.0,0.0,0.0,120.0,59.9,2.68,0.88,0.03,0.0,0.0,6.97,0.87,100.0,53.07,67.37,100.0
2018-01-26 15:59:00,0,2,59.89,72.0,68.0,42.13,59.88,59.89,0.0,0.0,0.0,45.0,59.69,0.0,0.0,0.0,120.0,59.88,2.68,0.88,0.03,0.0,0.0,6.97,0.87,100.0,53.04,67.4,100.0
2018-01-26 16:00:00,0,2,59.88,72.0,68.0,42.13,59.87,59.88,0.0,0.0,0.0,45.0,59.68,0.0,0.0,0.0,120.0,59.87,2.68,0.88,0.03,0.0,0.0,6.98,0.87,100.0,53.02,67.44,100.0
2018-01-26 16:01:00,0,2,59.87,72.0,68.0,42.12,59.86,59.87,0.0,0.0,0.0,45.0,59.67,0.0,0.0,0.0,120.0,59.86,2.68,0.88,0.03,0.0,0.0,6.98,0.87,100.0,53.02,67.47,100.0
2018-01-26 16:02:00,0,2,59.86,72.0,68.0,42.11,59.85,59.86,0.0,0.0,0.0,45.0,59.65,0.0,0.0,0.0,120.0,59.85,2.68,0.88,0.03,0.0,0.0,6.97,0.87,100.0,53.03,67.5,100.0
2018-01-26 16:03:00,0,2,59.85,72.0,68.0,42.1,59.83,59.85,0.0,0.0,0.0,45.0,59.64,0.0,0.0,0.0,120.0,59.84,2.68,0.88,0.03,0.0,0.0,6.96,0.87,100.0,53.05,67.53,100.0
2018-01-26 16:04:00,0,2,59.84,72.0,68.0,42.09,59.83,59.84,0.0,0.0,0.0,45.0,59.63,0.0,0.0,0.0,120.0,59.83,2.68,0.88,0.03,0.0,0.0,6.95,0.87,100.0,53.07,67.55,100.0
2018-01-26 16:05:00,0,2,59.83,72.0,68.0,42.08,59.82,59.83,0.0,0.0,0.0,45.0,59.62,0.0,0.0,0.0,120.0,59.82,2.68,0.88,0.03,0.0,0.0,6.94,0.87,100.0,53.1,67.58,100.0
2018-01-26 16:06:00,0,2,59.82,72.0,68.0,42.07,59.81,59.82,0.0,0.0,0.0,45.0,59.61,0.0,0.0,0.0,120.0,59.81,2.68,0.88,0.03,0.0,0.0,6.93,0.87,100.0,53.12,67.6,100.0
2018-01-26 16:07:00,0,2,59.81,72.0,68.0,42.06,59.8,59.81,0.0,0.0,0.0,45.0,59.6,0.0,0.0,0.0,120.0,59.8,2.68,0.88,0.03,0.0,0.0,6.92,0.87,100.0,53.15,67.62,100.0
2018-01-26 16:08:00,0,2,59.81,72.0,68.0,42.05,59.8,59.81,0.0,0.0,0.0,45.0,59.59,0.0,0.0,0.0,120.0,59.8,2.68,0.88,0.03,0.0,0.0,6.91,0.87,100.0,53.17,67.63,100.0
2018-01-26 16:09:00,0,2,59.8,72.0,68.0,42.05,59.79,59.8,0.0,0.0,0.0,45.0,59.58,0.0,0.0,0.0,120.0,59.79,2.68,0.88,0.03,0.0,0.0,6.9,0.87,100.0,53.2,67.65,100.0
2018-01-26 16:10:00,0,2,59.79,72.0,68.0,42.04,59.78,59.79,0.0,0.0,0.0,45.0,59.58,0.0,0.0,0.0,120.0,59.78,2.68,0.88,0.03,0.0,0.0,6.89,0.87,100.0,53.23,67.67,100.0
2018-01-26 16:11:00,0,2,59.79,72.0,68.0,42.03,59.78,59.79,0.0,0.0,0.0,45.0,59.57,0.0,0.0,0.0,120.0,59.78,2.68,0.88,0.03,0.0,0.0,6.88,0.87,100.0,53.27,67.68,100.0
2018-01-26 16:12:00,0,2,59.78,72.0,68.0,42.02,59.77,59.78,0.0,0.0,0.0,45.0,59.56,0.0,0.0,0.0,120.0,59.77,2.68,0.88,0.03,0.0,0.0,6.86,0.87,100.0,53.3,67.69,100.0
2018-01-26 16:13:00,0,2,59.78,72.0,68.0,42.01,59.77,59.78,0.0,0.0,0.0,45.0,59.56,0.0,0.0,0.0,120.0,59.77,2.68,0.88,0.03,0.0,0.0,6.85,0.87,100.0,53.33,67.71,100.0
2018-01-26 16:14:00,0,2,59.77,72.0,68.0,42.01,59.76,59.77,0.0,0.0,0.0,45.0,59.55,0.0,0.0,0.0,120.0,59.76,2.68,0.88,0.03,0.0,0.0,6.84,0.87,100.0,53.37,67.72,100.0
2018-01-26 16:15:00,0,2,59.77,72.0,68.0,42.0,59.76,59.77,0.0,0.0,0.0,45.0,59.54,0.0,0.0,0.0,120.0,59.76,2.68,0.88,0.03,0.0,0.0,6.82,0.87,100.0,53.41,67.73,100.0
2018-01-26 16:16:00,0,2,59.76,72.0,68.0,41.99,59.75,59.76,0.0,0.0,0.0,45.0,59.54,0.0,0.0,0.0,120.0,59.75,2.68,0.88,0.03,0.0,0.0,6.81,0.87,100.0,53.45,67.75,100.0
2018-01-26 16:17:00,0,2,59.76,72.0,68.0,41.98,59.75,59.76,0.0,0.0,0.0,45.0,59.53,0.0,0.0,0.0,120.0,59.75,2.68,0.88,0.03,0.0,0.0,6.8,0.87,100.0,53.49,67.76,100.0
2018-01-26 16:18:00,0,2,59.75,72.0,68.0,41.98,59.75,59.75,0.0,0.0,0.0,45.0,59.53,0.0,0.0,0.0,120.0,59.75,2.68,0.88,0.03,0.0,0.0,6.78,0.87,100.0,53.53,67.77,100.0
2018-01-26 16:19:00,0,2,59.75,72.0,68.0,41.97,59.74,59.75,0.0,0.0,0.0,45.0,59.52,0.0,0.0,0.0,120.0,59.74,2.68,0.88,0.03,0.0,0.0,6.77,0.87,100.0,53.57,67.78,100.0
2018-01-26 16:20:00,0,2,59.74,72.0,68.0,41.96,59.74,59.74,0.0,0.0,0.0,45.0,59.52,0.0,0.0,0.0,120.0,59.74,2.68,0.88,0.03,0.0,0.0,6.75,0.87,100.0,53.61,67.79,100.0
2018-01-26 16:21:00,0,2,59.74,72.0,68.0,41.95,59.73,59.74,0.0,0.0,0.0,45.0,59.51,0.0,0.0,0.0,120.0,59.73,2.68,0.88,0.03,0.0,0.0,6.74,0.87,100.0,53.66,67.8,100.0
2018-01-26 16:22:00,0,2,59.73,72.0,68.0,41.94,59.73,59.73,0.0,0.0,0.0,45.0,59.51,0.0,0.0,0.0,120.0,59.73,2.68,0.88,0.03,0.0,0.0,6.72,0.87,100.0,53.7,67.81,100.0
2018-01-26 16:23:00,0,2,59.73,72.0,68.0,41.94,59.73,59.73,0.0,0.0,0.0,45.0,59.5,0.0,0.0,0.0,120.0,59.73,2.68,0.88,0.03,0.0,0.0,6.71,0.87,100.0,53.75,67.82,100.0
2018-01-26 16:24:00,0,2,59.73,72.0,68.0,41.93,59.72,59.73,0.0,0.0,0.0,45.0,59.5,0.0,0.0,0.0,120.0,59.72,2.68,0.88,0.03,0.0,0.0,6.69,0.87,100.0,53.8,67.83,100.0
2018-01-26 16:25:00,0,2,59.72,72.0,68.0,41.92,59.72,59.72,0.0,0.0,0.0,45.0,59.49,0.0,0.0,0.0,120.0,59.72,2.68,0.88,0.03,0.0,0.0,6.68,0.87,100.0,53.84,67.84,100.0
2018-01-26 16:26:00,0,2,59.72,72.0,68.0,41.91,59.71,59.72,0.0,0.0,0.0,45.0,59.49,0.0,0.0,0.0,120.0,59.72,2.68,0.88,0.03,0.0,0.0,6.66,0.87,100.0,53.89,67.85,100.0
2018-01-26 16:27:00,0,2,59.71,72.0,68.0,41.9,59.71,59.71,0.0,0.0,0.0,45.0,59.49,0.0,0.0,0.0,120.0,59.71,2.68,0.88,0.03,0.0,0.0,6.64,0.87,100.0,53.94,67.86,100.0
2018-01-26 16:28:00,0,2,59.71,72.0,68.0,41.9,59.71,59.71,0.0,0.0,0.0,45.0,59.48,0.0,0.0,0.0,120.0,59.71,2.68,0.88,0.03,0.0,0.0,6.63,0.87,100.0,54.0,67.87,100.0
2018-01-26 16:29:00,0,2,59.71,72.0,68.0,41.89,59.7,59.71,0.0,0.0,0.0,45.0,59.48,0.0,0.0,0.0,120.0,59.7,2.68,0.88,0.03,0.0,0.0,6.61,0.87,100.0,54.05,67.88,100.0
2018-01-26 16:30:00,0,2,59.7,72.0,68.0,41.88,59.7,59.7,0.0,0.0,0.0,45.0,59.47,0.0,0.0,0.0,120.0,59.7,2.68,0.88,0.03,0.0,0.0,6.59,0.87,100.0,54.1,67.89,100.0
2018-01-26 16:31:00,0,2,59.7,72.0,68.0,41.87,59.7,59.7,0.0,0.0,0.0,45.0,59.47,0.0,0.0,0.0,120.0,59.7,2.68,0.88,0.03,0.0,0.0,6.58,0.87,100.0,54.16,67.9,100.0
2018-01-26 16:32:00,0,2,59.69,72.0,68.0,41.86,59.69,59.69,0.0,0.0,0.0,45.0,59.47,0.0,0.0,0.0,120.0,59.69,2.68,0.88,0.03,0.0,0.0,6.56,0.87,100.0,54.21,67.91,100.0
2018-01-26 16:33:00,0,2,59.69,72.0,68.0,41.85,59.69,59.69,0.0,0.0,0.0,45.0,59.46,0.0,0.0,0.0,120.0,59.69,2.68,0.88,0.03,0.0,0.0,6.54,0.87,100.0,54.27,67.93,100.0
2018-01-26 16:34:00,0,2,59.69,72.0,68.0,41.85,59.68,59.69,0.0,0.0,0.0,45.0,59.46,0.0,0.0,0.0,120.0,59.68,2.68,0.88,0.03,0.0,0.0,6.53,0.87,100.0,54.32,67.94,100.0
2018-01-26 16:35:00,0,2,59.68,72.0,68.0,41.84,59.68,59.68,0.0,0.0,0.0,45.0,59.45,0.0,0.0,0.0,120.0,59.68,2.68,0.88,0.03,0.0,0.0,6.51,0.87,100.0,54.38,67.95,100.0
2018-01-26 16:36:00,0,2,59.68,72.0,68.0,41.83,59.67,59.68,0.0,0.0,0.0,45.0,59.45,0.0,0.0,0.0,120.0,59.68,2.68,0.88,0.03,0.0,0.0,6.49,0.87,100.0,54.44,67.96,100.0
2018-01-26 16:37:00,0,2,59.67,72.0,68.0,41.82,59.67,59.67,0.0,0.0,0.0,45.0,59.44,0.0,0.0,0.0,120.0,59.67,2.68,0.88,0.03,0.0,0.0,6.47,0.87,100.0,54.5,67.97,100.0
2018-01-26 16:38:00,0,2,59.67,72.0,68.0,41.81,59.67,59.67,0.0,0.0,0.0,45.0,59.44,0.0,0.0,0.0,120.0,59.67,2.68,0.88,0.03,0.0,0.0,6.46,0.87,100.0,54.56,67.99,100.0
2018-01-26 16:39:00,0,2,59.66,72.0,68.0,41.8,59.66,59.66,0.0,0.0,0.0,45.0,59.44,0.0,0.0,0.0,120.0,59.66,2.68,0.88,0.03,0.0,0.0,6.44,0.87,100.0,54.62,68.0,100.0
2018-01-26 16:40:00,0,2,59.66,72.0,68.0,41.79,59.66,59.66,0.0,0.0,0.0,45.0,59.43,0.0,0.0,0.0,120.0,59.66,2.68,0.88,0.03,0.0,0.0,6.42,0.87,100.0,54.68,68.01,100.0
2018-01-26 16:41:00,0,2,59.65,72.0,68.0,41.78,59.65,59.65,0.0,0.0,0.0,45.0,59.43,0.0,0.0,0.0,120.0,59.65,2.68,0.88,0.03,0.0,0.0,6.4,0.87,100.0,54.74,68.03,100.0
2018-01-26 16:42:00,0,2,59.65,72.0,68.0,41.77,59.65,59.65,0.0,0.0,0.0,45.0,59.42,0.0,0.0,0.0,120.0,59.65,2.68,0.88,0.03,0.0,0.0,6.39,0.87,100.0,54.8,68.04,100.0
2018-01-26 16:43:00,0,2,59.64,72.0,68.0,41.76,59.64,59.64,0.0,0.0,0.0,45.0,59.42,0.0,0.0,0.0,120.0,59.64,2.68,0.88,0.03,0.0,0.0,6.37,0.87,100.0,54.86,68.05,100.0
2018-01-26 16:44:00,0,2,59.64,72.0,68.0,41.76,59.63,59.64,0.0,0.0,0.0,45.0,59.41,0.0,0.0,0.0,120.0,59.64,2.68,0.88,0.03,0.0,0.0,6.35,0.87,100.0,54.92,68.07,100.0
2018-01-26 16:45:00,0,2,59.63,72.0,68.0,41.75,59.63,59.63,0.0,0.0,0.0,45.0,59.41,0.0,0.0,0.0,120.0,59.63,2.68,0.88,0.03,0.0,0.0,6.33,0.87,100.0,54.99,68.09,100.0
2018-01-26 16:46:00,0,2,59.63,72.0,68.0,41.74,59.62,59.63,0.0,0.0,0.0,45.0,59.4,0.0,0.0,0.0,120.0,59.62,2.68,0.88,0.03,0.0,0.0,6.32,0.87,100.0,55.05,68.1,100.0
2018-01-26 16:47:00,0,2,59.62,72.0,68.0,41.73,59.62,59.62,0.0,0.0,0.0,45.0,59.4,0.0,0.0,0.0,120.0,59.62,2.68,0.88,0.03,0.0,0.0,6.3,0.87,100.0,55.11,68.12,100.0
2018-01-26 16:48:00,0,2,59.62,72.0,68.0,41.72,59.61,59.62,0.0,0.0,0.0,45.0,59.39,0.0,0.0,0.0,120.0,59.61,2.68,0.88,0.03,0.0,0.0,6.28,0.87,100.0,55.18,68.14,100.0
2018-01-26 16:49:00,0,2,59.61,72.0,68.0,41.71,59.6,59.61,0.0,0.0,0.0,45.0,59.38,0.0,0.0,0.0,120.0,59.6,2.68,0.88,0.03,0.0,0.0,6.27,0.87,100.0,55.24,68.15,100.0
2018-01-26 16:50:00,0,2,59.6,72.0,68.0,41.7,59.6,59.6,0.0,0.0,0.0,45.0,59.38,0.0,0.0,0.0,120.0,59.6,2.68,0.88,0.03,0.0,0.0,6.25,0.87,100.0,55.31,68.17,100.0
2018-01-26 16:51:00,0,2,59.6,72.0,68.0,41.69,59.59,59.6,0.0,0.0,0.0,45.0,59.37,0.0,0.0,0.0,120.0,59.59,2.68,0.88,0.03,0.0,0.0,6.23,0.87,100.0,55.37,68.19,100.0
2018-01-26 16:52:00,0,2,59.59,72.0,68.0,41.68,59.58,59.59,0.0,0.0,0.0,45.0,59.37,0.0,0.0,0.0,120.0,59.58,2.68,0.88,0.03,0.0,0.0,6.21,0.87,100.0,55.44,68.21,100.0
2018-01-26 16:53:00,0,2,59.58,72.0,68.0,41.67,59.57,59.58,0.0,0.0,0.0,45.0,59.36,0.0,0.0,0.0,120.0,59.58,2.68,0.88,0.03,0.0,0.0,6.2,0.87,100.0,55.5,68.23,100.0
2018-01-26 16:54:00,0,2,59.57,72.0,68.0,41.66,59.57,59.57,0.0,0.0,0.0,45.0,59.35,0.0,0.0,0.0,120.0,59.57,2.68,0.88,0.03,0.0,0.0,6.18,0.87,100.0,55.57,68.26,100.0
2018-01-26 16:55:00,0,2,59.57,72.0,68.0,41.64,59.56,59.57,0.0,0.0,0.0,45.0,59.34,0.0,0.0,0.0,120.0,59.56,2.68,0.88,0.03,0.0,0.0,6.17,0.87,100.0,55.63,68.28,100.0
2018-01-26 16:56:00,0,2,59.56,72.0,68.0,41.63,59.55,59.56,0.0,0.0,0.0,45.0,59.34,0.0,0.0,0.0,120.0,59.55,2.68,0.88,0.03,0.0,0.0,6.15,0.87,100.0,55.7,68.3,100.0
2018-01-26 16:57:00,0,2,59.55,72.0,68.0,41.62,59.54,59.55,0.0,0.0,0.0,45.0,59.33,0.0,0.0,0.0,120.0,59.54,2.68,0.88,0.03,0.0,0.0,6.13,0.87,100.0,55.77,68.33,100.0
2018-01-26 16:58:00,0,2,59.54,72.0,68.0,41.61,59.53,59.54,0.0,0.0,0.0,45.0,59.32,0.0,0.0,0.0,120.0,59.53,2.68,0.88,0.03,0.0,0.0,6.12,0.87,100.0,55.83,68.35,100.0
2018-01-26 16:59:00,0,2,59.53,72.0,68.0,41.6,59.52,59.53,0.0,0.0,0.0,45.0,59.31,0.0,0.0,0.0,120.0,59.52,2.68,0.88,0.03,0.0,0.0,6.1,0.87,100.0,55.9,68.38,100.0
2018-01-26 17:00:00,0,2,59.52,72.0,68.0,41.59,59.51,59.52,0.0,0.0,0.0,45.0,59.31,0.0,0.0,0.0,120.0,59.52,2.68,0.88,0.03,0.0,0.0,6.09,0.87,100.0,55.97,68.4,100.0
2018-01-26 17:01:00,0,2,59.51,72.0,68.0,41.58,59.5,59.51,0.0,0.0,0.0,45.0,59.3,0.0,0.0,0.0,120.0,59.51,2.68,0.88,0.03,0.0,0.0,6.08,0.87,100.0,56.03,68.43,100.0
2018-01-26 17:02:00,0,2,59.5,72.0,68.0,41.57,59.49,59.5,0.0,0.0,0.0,45.0,59.29,0.0,0.0,0.0,120.0,59.49,2.68,0.88,0.03,0.0,0.0,6.07,0.87,100.0,56.09,68.46,100.0
2018-01-26 17:03:00,0,2,59.49,72.0,68.0,41.56,59.48,59.49,0.0,0.0,0.0,45.0,59.28,0.0,0.0,0.0,120.0,59.48,2.68,0.88,0.03,0.0,0.0,6.07,0.87,100.0,56.14,68.5,100.0
2018-01-26 17:04:00,0,2,59.47,72.0,68.0,41.55,59.47,59.47,0.0,0.0,0.0,45.0,59.27,0.0,0.0,0.0,120.0,59.47,2.68,0.88,0.03,0.0,0.0,6.06,0.87,100.0,56.2,68.54,100.0
2018-01-26 17:05:00,0,2,59.46,72.0,68.0,41.54,59.45,59.46,0.0,0.0,0.0,45.0,59.25,0.0,0.0,0.0,120.0,59.45,2.68,0.88,0.03,0.0,0.0,6.06,0.87,100.0,56.26,68.58,100.0
2018-01-26 17:06:00,0,2,59.44,72.0,68.0,41.53,59.43,59.44,0.0,0.0,0.0,45.0,59.24,0.0,0.0,0.0,120.0,59.44,2.68,0.88,0.03,0.0,0.0,6.06,0.87,100.0,56.32,68.63,100.0
2018-01-26 17:07:00,0,2,59.43,72.0,68.0,41.52,59.41,59.43,0.0,0.0,0.0,45.0,59.23,0.0,0.0,0.0,120.0,59.42,2.68,0.88,0.03,0.0,0.0,6.05,0.87,100.0,56.38,68.68,100.0
2018-01-26 17:08:00,0,2,59.41,72.0,68.0,41.5,59.4,59.41,0.0,0.0,0.0,45.0,59.21,0.0,0.0,0.0,120.0,59.4,2.68,0.88,0.03,0.0,0.0,6.05,0.87,100.0,56.43,68.73,100.0
2018-01-26 17:09:00,0,2,59.39,72.0,68.0,41.49,59.38,59.39,0.0,0.0,0.0,45.0,59.2,0.0,0.0,0.0,120.0,59.38,2.68,0.88,0.03,0.0,0.0,6.05,0.87,100.0,56.49,68.78,100.0
2018-01-26 17:10:00,0,2,59.37,72.0,68.0,41.48,59.36,59.37,0.0,0.0,0.0,45.0,59.18,0.0,0.0,0.0,120.0,59.36,2.68,0.88,0.03,0.0,0.0,6.04,0.87,100.0,56.55,68.84,100.0
2018-01-26 17:11:00,0,2,59.35,72.0,68.0,41.46,59.33,59.35,0.0,0.0,0.0,45.0,59.16,0.0,0.0,0.0,120.0,59.34,2.68,0.88,0.03,0.0,0.0,6.04,0.87,100.0,56.61,68.9,100.0
2018-01-26 17:12:00,0,2,59.33,72.0,68.0,41.45,59.31,59.33,0.0,0.0,0.0,45.0,59.15,0.0,0.0,0.0,120.0,59.32,2.68,0.88,0.03,0.0,0.0,6.04,0.87,100.0,56.66,68.96,100.0
2018-01-26 17:13:00,0,2,59.31,72.0,68.0,41.43,59.29,59.31,0.0,0.0,0.0,45.0,59.13,0.0,0.0,0.0,120.0,59.29,2.68,0.88,0.03,0.0,0.0,6.04,0.87,100.0,56.72,69.03,100.0
2018-01-26 17:14:00,0,2,59.29,72.0,68.0,41.42,59.27,59.29,0.0,0.0,0.0,45.0,59.11,0.0,0.0,0.0,120.0,59.27,2.68,0.88,0.03,0.0,0.0,6.03,0.87,100.0,56.78,69.09,100.0
2018-01-26 17:15:00,0,2,59.27,72.0,68.0,41.4,59.24,59.27,0.0,0.0,0.0,45.0,59.09,0.0,0.0,0.0,120.0,59.25,2.68,0.88,0.03,0.0,0.0,6.03,0.87,100.0,56.83,69.16,100.0
2018-01-26 17:16:00,0,2,59.24,72.0,68.0,41.39,59.22,59.24,0.0,0.0,0.0,45.0,59.07,0.0,0.0,0.0,120.0,59.22,2.68,0.88,0.03,0.0,0.0,6.03,0.87,100.0,56.89,69.23,100.0
2018-01-26 17:17:00,0,2,59.22,72.0,68.0,41.37,59.19,59.22,0.0,0.0,0.0,45.0,59.04,0.0,0.0,0.0,120.0,59.2,2.68,0.88,0.03,0.0,0.0,6.03,0.87,100.0,56.95,69.3,100.0
2018-01-26 17:18:00,0,2,59.2,72.0,68.0,41.35,59.17,59.2,0.0,0.0,0.0,45.0,59.02,0.0,0.0,0.0,120.0,59.17,2.68,0.88,0.03,0.0,0.0,6.03,0.87,100.0,57.0,69.37,100.0
2018-01-26 17:19:00,0,2,59.17,72.0,68.0,41.34,59.14,59.17,0.0,0.0,0.0,45.0,59.0,0.0,0.0,0.0,120.0,59.15,2.68,0.88,0.03,0.0,0.0,6.03,0.87,100.0,57.06,69.44,100.0
2018-01-26 17:20:00,0,2,59.15,72.0,68.0,41.32,59.11,59.15,0.0,0.0,0.0,45.0,58.97,0.0,0.0,0.0,120.0,59.12,2.68,0.88,0.03,0.0,0.0,6.02,0.87,100.0,57.12,69.52,100.0
2018-01-26 17:21:00,0,2,59.12,72.0,68.0,41.3,59.08,59.12,0.0,0.0,0.0,45.0,58.95,0.0,0.0,0.0,120.0,59.09,2.68,0.88,0.03,0.0,0.0,6.02,0.87,100.0,57.17,69.62,100.0
2018-01-26 17:22:00,0,2,59.09,72.0,68.0,41.28,59.05,59.09,0.0,0.0,0.0,45.0,58.93,0.0,0.0,0.0,120.0,59.05,2.68,0.88,0.03,0.0,0.0,6.02,0.87,100.0,57.23,69.72,100.0
2018-01-26 17:23:00,0,2,59.07,72.0,68.0,41.27,59.01,59.07,0.0,0.0,0.0,45.0,58.9,0.0,0.0,0.0,120.0,59.02,2.68,0.88,0.03,0.0,0.0,6.02,0.87,100.0,57.28,69.81,100.0
2018-01-26 17:24:00,0,2,59.04,72.0,68.0,41.25,58.99,59.04,0.0,0.0,0.0,45.0,58.88,0.0,0.0,0.0,120.0,58.99,2.68,0.88,0.03,0.0,0.0,6.02,0.87,100.0,57.34,69.88,100.0
2018-01-26 17:25:00,0,2,59.01,72.0,68.0,41.23,58.96,59.01,0.0,0.0,0.0,45.0,58.85,0.0,0.0,0.0,120.0,58.96,2.68,0.88,0.03,0.0,0.0,6.02,0.87,100.0,57.39,69.95,100.0
2018-01-26 17:26:00,0,2,58.98,72.0,68.0,41.21,58.93,58.98,0.0,0.0,0.0,45.0,58.82,0.0,0.0,0.0,120.0,58.93,2.68,0.88,0.03,0.0,0.0,6.02,0.87,100.0,57.44,70.01,100.0
2018-01-26 17:27:00,0,2,58.96,72.0,68.0,41.19,58.9,58.96,0.0,0.0,0.0,45.0,58.8,0.0,0.0,0.0,120.0,58.9,2.68,0.88,0.03,0.0,0.0,6.02,0.87,100.0,57.5,70.07,100.0
2018-01-26 17:28:00,0,2,58.93,72.0,68.0,41.17,58.87,58.93,0.0,0.0,0.0,45.0,58.77,0.0,0.0,0.0,120.0,58.88,2.68,0.88,0.03,0.0,0.0,6.02,0.87,100.0,57.55,70.14,100.0
2018-01-26 17:29:00,0,2,58.9,72.0,68.0,41.15,58.84,58.9,0.0,0.0,0.0,45.0,58.74,0.0,0.0,0.0,120.0,58.85,2.68,0.88,0.03,0.0,0.0,6.02,0.87,100.0,57.6,70.2,100.0
2018-01-26 17:30:00,0,2,58.87,72.0,68.0,41.13,58.81,58.87,0.0,0.0,0.0,45.0,58.71,0.0,0.0,0.0,120.0,58.82,2.68,0.88,0.03,0.0,0.0,6.02,0.87,100.0,57.65,70.26,100.0
2018-01-26 17:31:00,0,2,58.84,72.0,68.0,41.11,58.78,58.84,0.0,0.0,0.0,45.0,58.68,0.0,0.0,0.0,120.0,58.79,2.68,0.88,0.03,0.0,0.0,6.02,0.87,100.0,57.71,70.33,100.0
2018-01-26 17:32:00,0,2,58.81,72.0,68.0,41.09,58.75,58.81,0.0,0.0,0.0,45.0,58.65,0.0,0.0,0.0,120.0,58.76,2.68,0.88,0.03,0.0,0.0,6.02,0.87,100.0,57.76,70.39,100.0
2018-01-26 17:33:00,0,2,58.78,72.0,68.0,41.08,58.72,58.78,0.0,0.0,0.0,45.0,58.63,0.0,0.0,0.0,120.0,58.73,2.68,0.88,0.03,0.0,0.0,6.03,0.87,100.0,57.81,70.46,100.0
2018-01-26 17:34:00,0,2,58.75,72.0,68.0,41.06,58.69,58.75,0.0,0.0,0.0,45.0,58.6,0.0,0.0,0.0,120.0,58.7,2.68,0.88,0.03,0.0,0.0,6.03,0.87,100.0,57.86,70.53,100.0
2018-01-26 17:35:00,0,2,58.72,72.0,68.0,41.04,58.66,58.72,0.0,0.0,0.0,45.0,58.57,0.0,0.0,0.0,120.0,58.67,2.68,0.88,0.03,0.0,0.0,6.03,0.87,100.0,57.91,70.6,100.0
2018-01-26 17:36:00,0,2,58.69,72.0,68.0,41.02,58.63,58.69,0.0,0.0,0.0,45.0,58.54,0.0,0.0,0.0,120.0,58.64,2.68,0.88,0.03,0.0,0.0,6.03,0.87,100.0,57.96,70.67,100.0
2018-01-26 17:37:00,0,2,58.66,72.0,68.0,40.99,58.6,58.66,0.0,0.0,0.0,45.0,58.51,0.0,0.0,0.0,120.0,58.61,2.68,0.88,0.03,0.0,0.0,6.03,0.87,100.0,58.01,70.73,100.0
2018-01-26 17:38:00,0,2,58.62,72.0,68.0,40.97,58.57,58.62,0.0,0.0,0.0,45.0,58.48,0.0,0.0,0.0,120.0,58.57,2.68,0.88,0.03,0.0,0.0,6.03,0.87,100.0,58.06,70.8,100.0
2018-01-26 17:39:00,0,2,58.59,72.0,68.0,40.95,58.54,58.59,0.0,0.0,0.0,45.0,58.45,0.0,0.0,0.0,120.0,58.54,2.68,0.88,0.03,0.0,0.0,6.03,0.87,100.0,58.11,70.87,100.0
2018-01-26 17:40:00,0,2,58.56,72.0,68.0,40.93,58.5,58.56,0.0,0.0,0.0,45.0,58.41,0.0,0.0,0.0,120.0,58.51,2.68,0.88,0.03,0.0,0.0,6.03,0.87,100.0,58.15,70.95,100.0
2018-01-26 17:41:00,0,2,58.53,72.0,68.0,40.91,58.47,58.53,0.0,0.0,0.0,45.0,58.38,0.0,0.0,0.0,120.0,58.48,2.68,0.88,0.03,0.0,0.0,6.04,0.87,100.0,58.2,71.02,100.0
2018-01-26 17:42:00,0,2,58.5,72.0,68.0,40.89,58.44,58.5,0.0,0.0,0.0,45.0,58.35,0.0,0.0,0.0,120.0,58.45,2.68,0.88,0.03,0.0,0.0,6.04,0.87,100.0,58.25,71.09,100.0
2018-01-26 17:43:00,0,2,58.46,72.0,68.0,40.87,58.41,58.46,0.0,0.0,0.0,45.0,58.32,0.0,0.0,0.0,120.0,58.41,2.68,0.88,0.03,0.0,0.0,6.04,0.87,100.0,58.29,71.16,100.0
2018-01-26 17:44:00,0,2,58.43,72.0,68.0,40.85,58.38,58.43,0.0,0.0,0.0,45.0,58.29,0.0,0.0,0.0,120.0,58.38,2.68,0.88,0.03,0.0,0.0,6.04,0.87,100.0,58.34,71.24,100.0
2018-01-26 17:45:00,0,2,58.4,72.0,68.0,40.83,58.34,58.4,0.0,0.0,0.0,45.0,58.26,0.0,0.0,0.0,120.0,58.35,2.68,0.88,0.03,0.0,0.0,6.04,0.87,100.0,58.38,71.31,100.0
2018-01-26 17:46:00,0,2,58.37,72.0,68.0,40.81,58.31,58.37,0.0,0.0,0.0,45.0,58.22,0.0,0.0,0.0,120.0,58.32,2.68,0.88,0.03,0.0,0.0,6.05,0.87,100.0,58.43,71.38,100.0
2018-01-26 17:47:00,0,2,58.33,72.0,68.0,40.79,58.28,58.33,0.0,0.0,0.0,45.0,58.19,0.0,0.0,0.0,120.0,58.28,2.68,0.88,0.03,0.0,0.0,6.05,0.87,100.0,58.47,71.46,100.0
2018-01-26 17:48:00,0,2,58.3,72.0,68.0,40.77,58.24,58.3,0.0,0.0,0.0,45.0,58.16,0.0,0.0,0.0,120.0,58.25,2.68,0.88,0.03,0.0,0.0,6.05,0.87,100.0,58.51,71.54,100.0
2018-01-26 17:49:00,0,2,58.27,72.0,68.0,40.74,58.21,58.27,0.0,0.0,0.0,45.0,58.13,0.0,0.0,0.0,120.0,58.22,2.68,0.88,0.03,0.0,0.0,6.05,0.87,100.0,58.56,71.61,100.0
2018-01-26 17:50:00,0,2,58.23,72.0,68.0,40.72,58.18,58.23,0.0,0.0,0.0,45.0,58.09,0.0,0.0,0.0,120.0,58.18,2.68,0.88,0.03,0.0,0.0,6.05,0.87,100.0,58.6,71.69,100.0
2018-01-26 17:51:00,0,2,58.2,72.0,68.0,40.7,58.14,58.2,0.0,0.0,0.0,45.0,58.06,0.0,0.0,0.0,120.0,58.15,2.68,0.88,0.03,0.0,0.0,6.06,0.87,100.0,58.64,71.76,100.0
2018-01-26 17:52:00,0,2,58.17,72.0,68.0,40.68,58.11,58.17,0.0,0.0,0.0,45.0,58.03,0.0,0.0,0.0,120.0,58.12,2.68,0.88,0.03,0.0,0.0,6.06,0.87,100.0,58.68,71.84,100.0
2018-01-26 17:53:00,0,2,58.13,72.0,68.0,40.66,58.08,58.13,0.0,0.0,0.0,45.0,57.99,0.0,0.0,0.0,120.0,58.08,2.68,0.88,0.03,0.0,0.0,6.06,0.87,100.0,58.72,71.92,100.0
2018-01-26 17:54:00,0,2,58.1,72.0,68.0,40.64,58.04,58.1,0.0,0.0,0.0,45.0,57.96,0.0,0.0,0.0,120.0,58.05,2.68,0.88,0.03,0.0,0.0,6.06,0.87,100.0,58.76,72.0,100.0
2018-01-26 17:55:00,0,2,58.07,72.0,68.0,40.61,58.01,58.07,0.0,0.0,0.0,45.0,57.93,0.0,0.0,0.0,120.0,58.02,2.68,0.88,0.03,0.0,0.0,6.07,0.87,100.0,58.79,72.08,100.0
2018-01-26 17:56:00,0,2,58.03,72.0,68.0,40.59,57.97,58.03,0.0,0.0,0.0,45.0,57.89,0.0,0.0,0.0,120.0,57.98,2.68,0.88,0.03,0.0,0.0,6.07,0.87,100.0,58.83,72.15,100.0
2018-01-26 17:57:00,0,2,58.0,72.0,68.0,40.57,57.94,58.0,0.0,0.0,0.0,45.0,57.86,0.0,0.0,0.0,120.0,57.95,2.68,0.88,0.03,0.0,0.0,6.07,0.87,100.0,58.87,72.23,100.0
2018-01-26 17:58:00,0,2,57.96,72.0,68.0,40.55,57.91,57.96,0.0,0.0,0.0,45.0,57.83,0.0,0.0,0.0,120.0,57.91,2.68,0.88,0.03,0.0,0.0,6.07,0.87,100.0,58.9,72.31,100.0
2018-01-26 17:59:00,0,2,57.93,72.0,68.0,40.53,57.87,57.93,0.0,0.0,0.0,45.0,57.79,0.0,0.0,0.0,120.0,57.88,2.68,0.88,0.03,0.0,0.0,6.08,0.87,100.0,58.94,72.39,100.0
2018-01-26 18:00:00,0,2,57.89,72.0,68.0,40.51,57.84,57.89,0.0,0.0,0.0,45.0,57.76,0.0,0.0,0.0,120.0,57.84,2.68,0.88,0.03,0.0,0.0,6.08,0.87,100.0,58.97,72.47,100.0
2018-01-26 18:01:00,2,1,57.89,85.0,55.0,33.14,57.83,57.89,0.0,0.0,0.0,45.0,57.71,0.0,0.0,0.0,120.0,57.83,0.0,0.88,0.0,0.0,0.0,6.08,0.12,100.0,58.99,72.5,100.0
2018-01-26 18:02:00,2,1,57.88,85.0,55.0,32.14,57.82,57.88,0.0,0.0,0.0,45.0,57.65,0.0,0.0,0.0,120.0,57.82,0.0,0.88,0.0,0.0,0.0,6.08,0.02,100.0,59.01,72.51,100.0
2018-01-26 18:03:00,2,1,57.87,85.0,55.0,32.0,57.82,57.87,0.0,0.0,0.0,45.0,57.58,0.0,0.0,0.0,120.0,57.82,0.0,0.88,0.0,0.0,0.0,6.08,0.0,100.0,59.03,72.51,100.0
2018-01-26 18:04:00,2,1,57.86,85.0,55.0,31.97,57.82,57.86,0.0,0.0,0.0,45.0,57.51,0.0,0.0,0.0,120.0,57.82,0.0,0.88,0.0,0.0,0.0,6.08,0.0,100.0,59.04,72.52,100.0
2018-01-26 18:05:00,2,1,57.84,85.0,55.0,31.96,57.82,57.84,0.0,0.0,0.0,45.0,57.45,0.0,0.0,0.0,120.0,57.82,0.0,0.88,0.0,0.0,0.0,6.08,0.0,100.0,59.05,72.52,100.0
2018-01-26 18:06:00,2,1,57.81,85.0,55.0,31.95,57.81,57.81,0.0,0.0,0.0,45.0,57.38,0.0,0.0,0.0,120.0,57.81,0.0,0.88,0.0,0.0,0.0,6.08,0.0,100.0,59.07,72.53,100.0
2018-01-26 18:07:00,2,1,57.79,85.0,55.0,31.93,57.81,57.79,0.0,0.0,0.0,45.0,57.32,0.0,0.0,0.0,120.0,57.81,0.0,0.88,0.0,0.0,0.0,6.08,0.0,100.0,59.08,72.54,100.0
2018-01-26 18:08:00,2,1,57.76,85.0,55.0,31.92,57.8,57.76,0.0,0.0,0.0,45.0,57.25,0.0,0.0,0.0,120.0,57.8,0.0,0.88,0.0,0.0,0.0,6.08,0.0,100.0,59.09,72.55,100.0
2018-01-26 18:09:00,2,1,57.73,85.0,55.0,31.9,57.8,57.73,0.0,0.0,0.0,45.0,57.19,0.0,0.0,0.0,120.0,57.8,0.0,0.88,0.0,0.0,0.0,6.08,0.0,100.0,59.1,72.56,100.0
2018-01-26 18:10:00,2,1,57.69,85.0,55.0,31.89,57.79,57.69,0.0,0.0,0.0,45.0,57.12,0.0,0.0,0.0,120.0,57.79,0.0,0.88,0.0,0.0,0.0,6.08,0.0,100.0,59.11,72.58,100.0
2018-01-26 18:11:00,2,1,57.66,85.0,55.0,31.87,57.79,57.66,0.0,0.0,0.0,45.0,57.06,0.0,0.0,0.0,120.0,57.79,0.0,0.88,0.0,0.0,0.0,6.08,0.0,100.0,59.12,72.59,100.0
2018-01-26 18:12:00,2,1,57.63,85.0,55.0,31.85,57.78,57.63,0.0,0.0,0.0,45.0,56.99,0.0,0.0,0.0,120.0,57.78,0.0,0.88,0.0,0.0,0.0,6.08,0.0,100.0,59.13,72.61,100.0
2018-01-26 18:13:00,2,1,57.59,85.0,55.0,31.84,57.77,57.59,0.0,0.0,0.0,45.0,56.93,0.0,0.0,0.0,120.0,57.77,0.0,0.88,0.0,0.0,0.0,6.08,0.0,100.0,59.13,72.62,100.0
2018-01-26 18:14:00,2,1,57.56,85.0,55.0,31.82,57.77,57.56,0.0,0.0,0.0,45.0,56.86,0.0,0.0,0.0,120.0,57.77,0.0,0.88,0.0,0.0,0.0,6.08,0.0,100.0,59.14,72.64,100.0
2018-01-26 18:15:00,2,1,57.53,85.0,55.0,31.8,57.76,57.53,0.0,0.0,0.0,45.0,56.8,0.0,0.0,0.0,120.0,57.76,0.0,0.88,0.0,0.0,0.0,6.08,0.0,100.0,59.15,72.66,100.0
2018-01-26 18:16:00,2,1,57.49,85.0,55.0,31.79,57.75,57.49,0.0,0.0,0.0,45.0,56.73,0.0,0.0,0.0,120.0,57.75,0.0,0.88,0.0,0.0,0.0,6.08,0.0,100.0,59.15,72.68,100.0
2018-01-26 18:17:00,2,1,57.46,85.0,55.0,31.77,57.74,57.46,0.0,0.0,0.0,45.0,56.67,0.0,0.0,0.0,120.0,57.74,0.0,0.88,0.0,0.0,0.0,6.08,0.0,100.0,59.16,72.7,100.0
2018-01-26 18:18:00,2,1,57.43,85.0,55.0,31.75,57.73,57.43,0.0,0.0,0.0,45.0,56.6,0.0,0.0,0.0,120.0,57.73,0.0,0.88,0.0,0.0,0.0,6.08,0.0,100.0,59.16,72.72,100.0
2018-01-26 18:19:00,2,1,57.39,85.0,55.0,31.74,57.72,57.39,0.0,0.0,0.0,45.0,56.54,0.0,0.0,0.0,120.0,57.72,0.0,0.88,0.0,0.0,0.0,6.08,0.0,100.0,59.17,72.75,100.0
2018-01-26 18:20:00,2,1,57.36,85.0,55.0,31.72,57.71,57.36,0.0,0.0,0.0,45.0,56.48,0.0,0.0,0.0,120.0,57.71,0.0,0.88,0.0,0.0,0.0,6.08,0.0,100.0,59.17,72.77,100.0
2018-01-26 18:21:00,2,1,57.33,85.0,55.0,31.7,57.7,57.33,0.0,0.0,0.0,45.0,56.41,0.0,0.0,0.0,120.0,57.7,0.0,0.88,0.0,0.0,0.0,6.08,0.0,100.0,59.17,72.8,100.0
2018-01-26 18:22:00,2,1,57.29,85.0,55.0,31.69,57.69,57.29,0.0,0.0,0.0,45.0,56.35,0.0,0.0,0.0,120.0,57.69,0.0,0.88,0.0,0.0,0.0,6.08,0.0,100.0,59.18,72.83,100.0
2018-01-26 18:23:00,2,1,57.26,85.0,55.0,31.67,57.68,57.26,0.0,0.0,0.0,45.0,56.28,0.0,0.0,0.0,120.0,57.68,0.0,0.88,0.0,0.0,0.0,6.08,0.0,100.0,59.18,72.85,100.0
2018-01-26 18:24:00,2,1,57.23,85.0,55.0,31.65,57.66,57.23,0.0,0.0,0.0,45.0,56.22,0.0,0.0,0.0,120.0,57.66,0.0,0.88,0.0,0.0,0.0,6.08,0.0,100.0,59.18,72.88,100.0
2018-01-26 18:25:00,2,1,57.2,85.0,55.0,31.64,57.65,57.2,0.0,0.0,0.0,45.0,56.16,0.0,0.0,0.0,120.0,57.65,0.0,0.88,0.0,0.0,0.0,6.08,0.0,100.0,59.18,72.91,100.0
2018-01-26 18:26:00,2,1,57.16,85.0,55.0,31.62,57.64,57.16,0.0,0.0,0.0,45.0,56.09,0.0,0.0,0.0,120.0,57.64,0.0,0.88,0.0,0.0,0.0,6.08,0.0,100.0,59.18,72.94,100.0
2018-01-26 18:27:00,2,1,57.13,85.0,55.0,31.61,57.62,57.13,0.0,0.0,0.0,45.0,56.03,0.0,0.0,0.0,120.0,57.62,0.0,0.88,0.0,0.0,0.0,6.08,0.0,100.0,59.18,72.98,100.0
2018-01-26 18:28:00,2,1,57.1,85.0,55.0,31.59,57.61,57.1,0.0,0.0,0.0,45.0,55.97,0.0,0.0,0.0,120.0,57.61,0.0,0.88,0.0,0.0,0.0,6.08,0.0,100.0,59.18,73.01,100.0
2018-01-26 18:29:00,2,1,57.07,85.0,55.0,31.57,57.6,57.07,0.0,0.0,0.0,45.0,55.91,0.0,0.0,0.0,120.0,57.6,0.0,0.88,0.0,0.0,0.0,6.08,0.0,100.0,59.18,73.04,100.0
2018-01-26 18:30:00,2,1,57.04,85.0,55.0,31.56,57.58,57.04,0.0,0.0,0.0,45.0,55.84,0.0,0.0,0.0,120.0,57.58,0.0,0.88,0.0,0.0,0.0,6.08,0.0,100.0,59.17,73.08,100.0
2018-01-26 18:31:00,2,1,57.01,85.0,55.0,31.54,57.57,57.01,0.0,0.0,0.0,45.0,55.78,0.0,0.0,0.0,120.0,57.57,0.0,0.88,0.0,0.0,0.0,6.08,0.0,100.0,59.17,73.12,100.0
2018-01-26 18:32:00,2,1,56.98,85.0,55.0,31.53,57.55,56.98,0.0,0.0,0.0,45.0,55.72,0.0,0.0,0.0,120.0,57.55,0.0,0.88,0.0,0.0,0.0,6.08,0.0,100.0,59.17,73.15,100.0
2018-01-26 18:33:00,2,1,56.95,85.0,55.0,31.51,57.53,56.95,0.0,0.0,0.0,45.0,55.66,0.0,0.0,0.0,120.0,57.53,0.0,0.88,0.0,0.0,0.0,6.08,0.0,100.0,59.17,73.19,100.0
2018-01-26 18:34:00,2,1,56.92,85.0,55.0,31.5,57.52,56.92,0.0,0.0,0.0,45.0,55.59,0.0,0.0,0.0,120.0,57.52,0.0,0.88,0.0,0.0,0.0,6.08,0.0,100.0,59.16,73.23,100.0
2018-01-26 18:35:00,2,1,56.89,85.0,55.0,31.48,57.5,56.89,0.0,0.0,0.0,45.0,55.53,0.0,0.0,0.0,120.0,57.5,0.0,0.88,0.0,0.0,0.0,6.08,0.0,100.0,59.16,73.27,100.0
2018-01-26 18:36:00,2,1,56.86,85.0,55.0,31.47,57.48,56.86,0.0,0.0,0.0,45.0,55.47,0.0,0.0,0.0,120.0,57.48,0.0,0.88,0.0,0.0,0.0,6.08,0.0,100.0,59.16,73.31,100.0
2018-01-26 18:37:00,2,1,56.83,85.0,55.0,31.45,57.46,56.83,0.0,0.0,0.0,45.0,55.41,0.0,0.0,0.0,120.0,57.46,0.0,0.88,0.0,0.0,0.0,6.08,0.0,100.0,59.15,73.36,100.0
2018-01-26 18:38:00,2,1,56.8,85.0,55.0,31.44,57.45,56.8,0.0,0.0,0.0,45.0,55.35,0.0,0.0,0.0,120.0,57.45,0.0,0.88,0.0,0.0,0.0,6.08,0.0,100.0,59.15,73.4,100.0
2018-01-26 18:39:00,2,1,56.77,85.0,55.0,31.42,57.43,56.77,0.0,0.0,0.0,45.0,55.28,0.0,0.0,0.0,120.0,57.43,0.0,0.88,0.0,0.0,0.0,6.08,0.0,100.0,59.14,73.44,100.0
2018-01-26 18:40:00,2,1,56.74,85.0,55.0,31.41,57.41,56.74,0.0,0.0,0.0,45.0,55.22,0.0,0.0,0.0,120.0,57.41,0.0,0.88,0.0,0.0,0.0,6.08,0.0,100.0,59.14,73.49,100.0
2018-01-26 18:41:00,2,1,56.71,85.0,55.0,31.4,57.39,56.71,0.0,0.0,0.0,45.0,55.16,0.0,0.0,0.0,120.0,57.39,0.0,0.88,0.0,0.0,0.0,6.08,0.0,100.0,59.13,73.54,100.0
2018-01-26 18:42:00,2,1,56.69,85.0,55.0,31.38,57.37,56.69,0.0,0.0,0.0,45.0,55.1,0.0,0.0,0.0,120.0,57.37,0.0,0.88,0.0,0.0,0.0,6.08,0.0,100.0,59.13,73.58,100.0
2018-01-26 18:43:00,2,1,56.66,85.0,55.0,31.37,57.35,56.66,0.0,0.0,0.0,45.0,55.04,0.0,0.0,0.0,120.0,57.35,0.0,0.88,0.0,0.0,0.0,6.08,0.0,100.0,59.12,73.63,100.0
2018-01-26 18:44:00,2,1,56.63,85.0,55.0,31.35,57.33,56.63,0.0,0.0,0.0,45.0,54.98,0.0,0.0,0.0,120.0,57.33,0.0,0.88,0.0,0.0,0.0,6.08,0.0,100.0,59.11,73.68,100.0
2018-01-26 18:45:00,2,1,56.6,85.0,55.0,31.34,57.31,56.6,0.0,0.0,0.0,45.0,54.92,0.0,0.0,0.0,120.0,57.31,0.0,0.88,0.0,0.0,0.0,6.08,0.0,100.0,59.11,73.73,100.0
2018-01-26 18:46:00,2,1,56.58,85.0,55.0,31.33,57.29,56.58,0.0,0.0,0.0,45.0,54.86,0.0,0.0,0.0,120.0,57.29,0.0,0.88,0.0,0.0,0.0,6.08,0.0,100.0,59.1,73.78,100.0
2018-01-26 18:47:00,2,1,56.55,85.0,55.0,31.31,57.27,56.55,0.0,0.0,0.0,45.0,54.8,0.0,0.0,0.0,120.0,57.27,0.0,0.88,0.0,0.0,0.0,6.08,0.0,100.0,59.09,73.83,100.0
2018-01-26 18:48:00,2,1,56.52,85.0,55.0,31.3,57.24,56.52,0.0,0.0,0.0,45.0,54.73,0.0,0.0,0.0,120.0,57.24,0.0,0.88,0.0,0.0,0.0,6.08,0.0,100.0,59.09,73.89,100.0
2018-01-26 18:49:00,2,1,56.5,85.0,55.0,31.29,57.22,56.5,0.0,0.0,0.0,45.0,54.67,0.0,0.0,0.0,120.0,57.22,0.0,0.88,0.0,0.0,0.0,6.08,0.0,100.0,59.08,73.94,100.0
2018-01-26 18:50:00,2,1,56.47,85.0,55.0,31.28,57.2,56.47,0.0,0.0,0.0,45.0,54.61,0.0,0.0,0.0,120.0,57.2,0.0,0.88,0.0,0.0,0.0,6.08,0.0,100.0,59.07,74.0,100.0
2018-01-26 18:51:00,2,1,56.45,85.0,55.0,31.26,57.18,56.45,0.0,0.0,0.0,45.0,54.55,0.0,0.0,0.0,120.0,57.18,0.0,0.88,0.0,0.0,0.0,6.08,0.0,100.0,59.06,74.05,100.0
2018-01-26 18:52:00,2,1,56.42,85.0,55.0,31.25,57.15,56.42,0.0,0.0,0.0,45.0,54.49,0.0,0.0,0.0,120.0,57.15,0.0,0.88,0.0,0.0,0.0,6.08,0.0,100.0,59.06,74.11,100.0
2018-01-26 18:53:00,2,1,56.4,85.0,55.0,31.24,57.13,56.4,0.0,0.0,0.0,45.0,54.43,0.0,0.0,0.0,120.0,57.13,0.0,0.88,0.0,0.0,0.0,6.08,0.0,100.0,59.05,74.16,100.0
2018-01-26 18:54:00,2,1,56.37,85.0,55.0,31.23,57.11,56.37,0.0,0.0,0.0,45.0,54.37,0.0,0.0,0.0,120.0,57.11,0.0,0.88,0.0,0.0,0.0,6.08,0.0,100.0,59.04,74.22,100.0
2018-01-26 18:55:00,2,1,56.35,85.0,55.0,31.21,57.08,56.35,0.0,0.0,0.0,45.0,54.31,0.0,0.0,0.0,120.0,57.08,0.0,0.88,0.0,0.0,0.0,6.08,0.0,100.0,59.03,74.28,100.0
2018-01-26 18:56:00,2,1,56.32,85.0,55.0,31.2,57.06,56.32,0.0,0.0,0.0,45.0,54.26,0.0,0.0,0.0,120.0,57.06,0.0,0.88,0.0,0.0,0.0,6.08,0.0,100.0,59.02,74.34,100.0
2018-01-26 18:57:00,2,1,56.3,85.0,55.0,31.19,57.03,56.3,0.0,0.0,0.0,45.0,54.2,0.0,0.0,0.0,120.0,57.03,0.0,0.88,0.0,0.0,0.0,6.08,0.0,100.0,59.02,74.4,100.0
2018-01-26 18:58:00,2,1,56.28,85.0,55.0,31.18,57.01,56.28,0.0,0.0,0.0,45.0,54.14,0.0,0.0,0.0,120.0,57.01,0.0,0.88,0.0,0.0,0.0,6.08,0.0,100.0,59.01,74.46,100.0
2018-01-26 18:59:00,2,1,56.25,85.0,55.0,31.17,56.98,56.25,0.0,0.0,0.0,45.0,54.08,0.0,0.0,0.0,120.0,56.98,0.0,0.88,0.0,0.0,0.0,6.08,0.0,100.0,59.0,74.53,100.0
2018-01-26 19:00:00,2,1,56.23,85.0,55.0,31.16,56.96,56.23,0.0,0.0,0.0,45.0,54.02,0.0,0.0,0.0,120.0,56.96,0.0,0.88,0.0,0.0,0.0,6.08,0.0,100.0,58.99,74.59,100.0
2018-01-26 19:01:00,2,1,56.21,85.0,55.0,31.14,56.93,56.21,0.0,0.0,0.0,45.0,53.96,0.0,0.0,0.0,120.0,56.93,0.0,0.88,0.0,0.0,0.0,6.08,0.0,100.0,58.99,74.65,100.0
2018-01-26 19:02:00,2,1,56.19,85.0,55.0,31.13,56.91,56.19,0.0,0.0,0.0,45.0,53.9,0.0,0.0,0.0,120.0,56.91,0.0,0.88,0.0,0.0,0.0,6.08,0.0,100.0,58.99,74.72,100.0
2018-01-26 19:03:00,2,1,56.17,85.0,55.0,31.12,56.88,56.17,0.0,0.0,0.0,45.0,53.84,0.0,0.0,0.0,120.0,56.88,0.0,0.88,0.0,0.0,0.0,6.08,0.0,100.0,58.99,74.78,100.0
2018-01-26 19:04:00,2,1,56.15,85.0,55.0,31.12,56.85,56.15,0.0,0.0,0.0,45.0,53.78,0.0,0.0,0.0,120.0,56.85,0.0,0.88,0.0,0.0,0.0,6.08,0.0,100.0,58.99,74.85,100.0
2018-01-26 19:05:00,2,1,56.13,85.0,55.0,31.11,56.83,56.13,0.0,0.0,0.0,45.0,53.72,0.0,0.0,0.0,120.0,56.83,0.0,0.88,0.0,0.0,0.0,6.08,0.0,100.0,58.99,74.92,100.0
2018-01-26 19:06:00,2,1,56.12,85.0,55.0,31.1,56.8,56.12,0.0,0.0,0.0,45.0,53.67,0.0,0.0,0.0,120.0,56.8,0.0,0.88,0.0,0.0,0.0,6.08,0.0,100.0,58.99,74.98,100.0
2018-01-26 19:07:00,2,1,56.1,85.0,55.0,31.09,56.77,56.1,0.0,0.0,0.0,45.0,53.61,0.0,0.0,0.0,120.0,56.77,0.0,0.88,0.0,0.0,0.0,6.08,0.0,100.0,58.99,75.05,100.0
2018-01-26 19:08:00,2,1,56.09,85.0,55.0,31.09,56.74,56.09,0.0,0.0,0.0,45.0,53.55,0.0,0.0,0.0,120.0,56.74,0.0,0.88,0.0,0.0,0.0,6.08,0.0,100.0,58.99,75.12,100.0
2018-01-26 19:09:00,2,1,56.08,85.0,55.0,31.08,56.72,56.08,0.0,0.0,0.0,45.0,53.49,0.0,0.0,0.0,120.0,56.72,0.0,0.88,0.0,0.0,0.0,6.08,0.0,100.0,58.99,75.19,100.0
2018-01-26 19:10:00,2,1,56.07,85.0,55.0,31.07,56.69,56.07,0.0,0.0,0.0,45.0,53.43,0.0,0.0,0.0,120.0,56.69,0.0,0.88,0.0,0.0,0.0,6.08,0.0,100.0,58.99,75.27,100.0
2018-01-26 19:11:00,2,1,56.05,85.0,55.0,31.07,56.66,56.05,0.0,0.0,0.0,45.0,53.38,0.0,0.0,0.0,120.0,56.66,0.0,0.88,0.0,0.0,0.0,6.08,0.0,100.0,58.99,75.34,100.0
2018-01-26 19:12:00,2,1,56.04,85.0,55.0,31.06,56.63,56.04,0.0,0.0,0.0,45.0,53.32,0.0,0.0,0.0,120.0,56.63,0.0,0.88,0.0,0.0,0.0,6.08,0.0,100.0,58.99,75.41,100.0
2018-01-26 19:13:00,2,1,56.03,85.0,55.0,31.06,56.6,56.03,0.0,0.0,0.0,45.0,53.26,0.0,0.0,0.0,120.0,56.6,0.0,0.88,0.0,0.0,0.0,6.08,0.0,100.0,58.99,75.48,100.0
2018-01-26 19:14:00,2,1,56.02,85.0,55.0,31.05,56.57,56.02,0.0,0.0,0.0,45.0,53.2,0.0,0.0,0.0,120.0,56.57,0.0,0.88,0.0,0.0,0.0,6.08,0.0,100.0,58.99,75.56,100.0
2018-01-26 19:15:00,2,1,56.02,85.0,55.0,31.05,56.54,56.02,0.0,0.0,0.0,45.0,53.15,0.0,0.0,0.0,120.0,56.54,0.0,0.88,0.0,0.0,0.0,6.08,0.0,100.0,58.99,75.63,100.0
2018-01-26 19:16:00,2,1,56.01,85.0,55.0,31.04,56.51,56.01,0.0,0.0,0.0,45.0,53.09,0.0,0.0,0.0,120.0,56.51,0.0,0.88,0.0,0.0,0.0,6.08,0.0,100.0,58.99,75.71,100.0
2018-01-26 19:17:00,2,1,56.0,85.0,55.0,31.04,56.48,56.0,0.0,0.0,0.0,45.0,53.03,0.0,0.0,0.0,120.0,56.48,0.0,0.88,0.0,0.0,0.0,6.08,0.0,100.0,58.99,75.79,100.0
2018-01-26 19:18:00,2,1,55.99,85.0,55.0,31.04,56.45,55.99,0.0,0.0,0.0,45.0,52.98,0.0,0.0,0.0,120.0,56.45,0.0,0.88,0.0,0.0,0.0,6.08,0.0,100.0,58.99,75.86,100.0
2018-01-26 19:19:00,2,1,55.99,85.0,55.0,31.03,56.42,55.99,0.0,0.0,0.0,45.0,52.92,0.0,0.0,0.0,120.0,56.42,0.0,0.88,0.0,0.0,0.0,6.08,0.0,100.0,58.99,75.94,100.0
2018-01-26 19:20:00,2,1,55.98,85.0,55.0,31.03,56.39,55.98,0.0,0.0,0.0,45.0,52.86,0.0,0.0,0.0,120.0,56.39,0.0,0.88,0.0,0.0,0.0,6.08,0.0,100.0,58.99,76.02,100.0
2018-01-26 19:21:00,2,1,55.97,85.0,55.0,31.03,56.36,55.97,0.0,0.0,0.0,45.0,52.81,0.0,0.0,0.0,120.0,56.36,0.0,0.88,0.0,0.0,0.0,6.08,0.0,100.0,58.99,76.1,100.0
2018-01-26 19:22:00,2,1,55.97,85.0,55.0,31.02,56.33,55.97,0.0,0.0,0.0,45.0,52.75,0.0,0.0,0.0,120.0,56.33,0.0,0.88,0.0,0.0,0.0,6.08,0.0,100.0,58.99,76.18,100.0
2018-01-26 19:23:00,2,1,55.96,85.0,55.0,31.02,56.3,55.96,0.0,0.0,0.0,45.0,52.7,0.0,0.0,0.0,120.0,56.3,0.0,0.88,0.0,0.0,0.0,6.08,0.0,100.0,58.99,76.26,100.0
2018-01-26 19:24:00,2,1,55.96,85.0,55.0,31.02,56.27,55.96,0.0,0.0,0.0,45.0,52.64,0.0,0.0,0.0,120.0,56.27,0.0,0.88,0.0,0.0,0.0,6.08,0.0,100.0,58.99,76.34,100.0
2018-01-26 19:25:00,2,1,55.95,85.0,55.0,31.02,56.24,55.95,0.0,0.0,0.0,45.0,52.58,0.0,0.0,0.0,120.0,56.24,0.0,0.88,0.0,0.0,0.0,6.08,0.0,100.0,58.99,76.43,100.0
2018-01-26 19:26:00,2,1,55.95,85.0,55.0,31.01,56.2,55.95,0.0,0.0,0.0,45.0,52.53,0.0,0.0,0.0,120.0,56.2,0.0,0.88,0.0,0.0,0.0,6.08,0.0,100.0,58.99,76.51,100.0
2018-01-26 19:27:00,2,1,55.95,85.0,55.0,31.01,56.17,55.95,0.0,0.0,0.0,45.0,52.47,0.0,0.0,0.0,120.0,56.17,0.0,0.88,0.0,0.0,0.0,6.08,0.0,100.0,58.99,76.59,100.0
2018-01-26 19:28:00,2,1,55.94,85.0,55.0,31.01,56.14,55.94,0.0,0.0,0.0,45.0,52.42,0.0,0.0,0.0,120.0,56.14,0.0,0.88,0.0,0.0,0.0,6.08,0.0,100.0,58.99,76.68,100.0
2018-01-26 19:29:00,2,1,55.94,85.0,55.0,31.01,56.11,55.94,0.0,0.0,0.0,45.0,52.36,0.0,0.0,0.0,120.0,56.11,0.0,0.88,0.0,0.0,0.0,6.08,0.0,100.0,58.99,76.76,100.0
2018-01-26 19:30:00,2,1,55.94,85.0,55.0,31.01,56.07,55.94,0.0,0.0,0.0,45.0,52.31,0.0,0.0,0.0,120.0,56.07,0.0,0.88,0.0,0.0,0.0,6.08,0.0,100.0,58.99,76.85,100.0
2018-01-26 19:31:00,2,1,55.93,85.0,55.0,31.01,56.04,55.93,0.0,0.0,0.0,45.0,52.25,0.0,0.0,0.0,120.0,56.04,0.0,0.88,0.0,0.0,0.0,6.08,0.0,100.0,58.99,76.94,100.0
2018-01-26 19:32:00,2,1,55.93,85.0,55.0,31.01,56.01,55.93,0.0,0.0,0.0,45.0,52.2,0.0,0.0,0.0,120.0,56.01,0.0,0.88,0.0,0.0,0.0,6.08,0.0,100.0,58.99,77.02,100.0
2018-01-26 19:33:00,2,1,55.93,85.0,55.0,31.0,55.97,55.93,0.0,0.0,0.0,45.0,52.14,0.0,0.0,0.0,120.0,55.97,0.0,0.88,0.0,0.0,0.0,6.08,0.0,100.0,58.99,77.11,100.0
2018-01-26 19:34:00,2,1,55.93,85.0,55.0,31.0,55.94,55.93,0.0,0.0,0.0,45.0,52.09,0.0,0.0,0.0,120.0,55.94,0.0,0.88,0.0,0.0,0.0,6.08,0.0,100.0,58.99,77.2,100.0
2018-01-26 19:35:00,2,1,55.92,85.0,55.0,31.0,55.91,55.92,0.0,0.0,0.0,45.0,52.03,0.0,0.0,0.0,120.0,55.91,0.0,0.88,0.0,0.0,0.0,6.08,0.0,100.0,58.99,77.29,100.0
2018-01-26 19:36:00,2,1,55.92,85.0,55.0,31.0,55.87,55.92,0.0,0.0,0.0,45.0,51.98,0.0,0.0,0.0,120.0,55.87,0.0,0.88,0.0,0.0,0.0,6.08,0.0,100.0,58.99,77.38,100.0
2018-01-26 19:37:00,2,1,55.92,85.0,55.0,31.0,55.84,55.92,0.0,0.0,0.0,45.0,51.93,0.0,0.0,0.0,120.0,55.84,0.0,0.88,0.0,0.0,0.0,6.08,0.0,100.0,58.99,77.47,100.0
2018-01-26 19:38:00,2,1,55.92,85.0,55.0,31.0,55.8,55.92,0.0,0.0,0.0,45.0,51.87,0.0,0.0,0.0,120.0,55.8,0.0,0.88,0.0,0.0,0.0,6.08,0.0,100.0,58.99,77.56,100.0
2018-01-26 19:39:00,2,1,55.92,85.0,55.0,31.0,55.77,55.92,0.0,0.0,0.0,45.0,51.82,0.0,0.0,0.0,120.0,55.77,0.0,0.88,0.0,0.0,0.0,6.08,0.0,100.0,58.99,77.65,100.0
2018-01-26 19:40:00,2,1,55.92,85.0,55.0,31.0,55.74,55.92,0.0,0.0,0.0,45.0,51.77,0.0,0.0,0.0,120.0,55.74,0.0,0.88,0.0,0.0,0.0,6.08,0.0,100.0,58.99,77.75,100.0
2018-01-26 19:41:00,2,1,55.91,85.0,55.0,31.0,55.7,55.91,0.0,0.0,0.0,45.0,51.71,0.0,0.0,0.0,120.0,55.7,0.0,0.88,0.0,0.0,0.0,6.08,0.0,100.0,58.99,77.84,100.0
2018-01-26 19:42:00,2,1,55.91,85.0,55.0,31.0,55.67,55.91,0.0,0.0,0.0,45.0,51.66,0.0,0.0,0.0,120.0,55.67,0.0,0.88,0.0,0.0,0.0,6.08,0.0,100.0,58.99,77.94,100.0
2018-01-26 19:43:00,2,1,55.91,85.0,55.0,31.0,55.63,55.91,0.0,0.0,0.0,45.0,51.61,0.0,0.0,0.0,120.0,55.63,0.0,0.88,0.0,0.0,0.0,6.08,0.0,100.0,58.99,78.03,100.0
2018-01-26 19:44:00,2,1,55.91,85.0,55.0,31.0,55.6,55.91,0.0,0.0,0.0,45.0,51.55,0.0,0.0,0.0,120.0,55.6,0.0,0.88,0.0,0.0,0.0,6.08,0.0,100.0,58.99,78.13,100.0
2018-01-26 19:45:00,2,1,55.91,85.0,55.0,30.99,55.56,55.91,0.0,0.0,0.0,45.0,51.5,0.0,0.0,0.0,120.0,55.56,0.0,0.88,0.0,0.0,0.0,6.08,0.0,100.0,58.99,78.22,100.0
2018-01-26 19:46:00,2,1,55.91,85.0,55.0,30.99,55.52,55.91,0.0,0.0,0.0,45.0,51.45,0.0,0.0,0.0,120.0,55.52,0.0,0.88,0.0,0.0,0.0,6.08,0.0,100.0,58.99,78.32,100.0
2018-01-26 19:47:00,2,1,55.91,85.0,55.0,30.99,55.49,55.91,0.0,0.0,0.0,45.0,51.39,0.0,0.0,0.0,120.0,55.49,0.0,0.88,0.0,0.0,0.0,6.08,0.0,100.0,58.99,78.42,100.0
2018-01-26 19:48:00,2,1,55.91,85.0,55.0,30.99,55.45,55.91,0.0,0.0,0.0,45.0,51.34,0.0,0.0,0.0,120.0,55.45,0.0,0.88,0.0,0.0,0.0,6.08,0.0,100.0,58.99,78.52,100.0
2018-01-26 19:49:00,2,1,55.9,85.0,55.0,30.99,55.42,55.9,0.0,0.0,0.0,45.0,51.29,0.0,0.0,0.0,120.0,55.42,0.0,0.88,0.0,0.0,0.0,6.08,0.0,100.0,58.99,78.61,100.0
2018-01-26 19:50:00,2,1,55.9,85.0,55.0,30.99,55.38,55.9,0.0,0.0,0.0,45.0,51.24,0.0,0.0,0.0,120.0,55.38,0.0,0.88,0.0,0.0,0.0,6.08,0.0,100.0,58.99,78.71,100.0
2018-01-26 19:51:00,2,1,55.9,85.0,55.0,30.99,55.34,55.9,0.0,0.0,0.0,45.0,51.18,0.0,0.0,0.0,120.0,55.34,0.0,0.88,0.0,0.0,0.0,6.08,0.0,100.0,58.99,78.81,100.0
2018-01-26 19:52:00,2,1,55.9,85.0,55.0,30.99,55.31,55.9,0.0,0.0,0.0,45.0,51.13,0.0,0.0,0.0,120.0,55.31,0.0,0.88,0.0,0.0,0.0,6.08,0.0,100.0,58.99,78.92,100.0
2018-01-26 19:53:00,2,1,55.9,85.0,55.0,30.99,55.27,55.9,0.0,0.0,0.0,45.0,51.08,0.0,0.0,0.0,120.0,55.27,0.0,0.88,0.0,0.0,0.0,6.08,0.0,100.0,58.99,79.02,100.0
2018-01-26 19:54:00,2,1,55.9,85.0,55.0,30.99,55.24,55.9,0.0,0.0,0.0,45.0,51.03,0.0,0.0,0.0,120.0,55.24,0.0,0.88,0.0,0.0,0.0,6.08,0.0,100.0,58.99,79.12,100.0
2018-01-26 19:55:00,2,1,55.89,85.0,55.0,30.99,55.2,55.89,0.0,0.0,0.0,45.0,50.98,0.0,0.0,0.0,120.0,55.2,0.0,0.88,0.0,0.0,0.0,6.08,0.0,100.0,58.99,79.22,100.0
2018-01-26 19:56:00,2,1,55.89,85.0,55.0,30.99,55.16,55.89,0.0,0.0,0.0,45.0,50.93,0.0,0.0,0.0,120.0,55.16,0.0,0.88,0.0,0.0,0.0,6.08,0.0,100.0,58.99,79.32,100.0
2018-01-26 19:57:00,2,1,55.89,85.0,55.0,30.99,55.12,55.89,0.0,0.0,0.0,45.0,50.87,0.0,0.0,0.0,120.0,55.12,0.0,0.88,0.0,0.0,0.0,6.08,0.0,100.0,58.99,79.43,100.0
2018-01-26 19:58:00,2,1,55.89,85.0,55.0,30.98,55.09,55.89,0.0,0.0,0.0,45.0,50.82,0.0,0.0,0.0,120.0,55.09,0.0,0.88,0.0,0.0,0.0,6.08,0.0,100.0,58.99,79.53,100.0
2018-01-26 19:59:00,2,1,55.89,85.0,55.0,30.98,55.05,55.89,0.0,0.0,0.0,45.0,50.77,0.0,0.0,0.0,120.0,55.05,0.0,0.88,0.0,0.0,0.0,6.08,0.0,100.0,58.99,79.64,100.0
2018-01-26 20:00:00,2,1,55.88,85.0,55.0,30.98,55.01,55.88,0.0,0.0,0.0,45.0,50.72,0.0,0.0,0.0,120.0,55.01,0.0,0.88,0.0,0.0,0.0,6.08,0.0,100.0,58.99,79.74,100.0
2018-01-26 20:01:00,2,1,55.88,85.0,55.0,30.98,54.98,55.88,0.0,0.0,0.0,45.0,50.67,0.0,0.0,0.0,120.0,54.98,0.0,0.88,0.0,0.0,0.0,6.08,0.0,100.0,58.96,79.85,100.0
2018-01-26 20:02:00,2,1,55.87,85.0,55.0,30.98,54.94,55.87,0.0,0.0,0.0,45.0,50.62,0.0,0.0,0.0,120.0,54.94,0.0,0.88,0.0,0.0,0.0,6.09,0.0,100.0,58.93,79.96,100.0
2018-01-26 20:03:00,2,1,55.87,85.0,55.0,30.98,54.9,55.87,0.0,0.0,0.0,45.0,50.57,0.0,0.0,0.0,120.0,54.9,0.0,0.88,0.0,0.0,0.0,6.1,0.0,100.0,58.89,80.07,100.0
2018-01-26 20:04:00,2,1,55.86,85.0,55.0,30.98,54.86,55.86,0.0,0.0,0.0,45.0,50.52,0.0,0.0,0.0,120.0,54.86,0.0,0.88,0.0,0.0,0.0,6.1,0.0,100.0,58.85,80.17,100.0
2018-01-26 20:05:00,2,1,55.85,85.0,55.0,30.98,54.82,55.85,0.0,0.0,0.0,45.0,50.47,0.0,0.0,0.0,120.0,54.82,0.0,0.88,0.0,0.0,0.0,6.11,0.0,100.0,58.81,80.28,100.0
2018-01-26 20:06:00,2,1,55.84,85.0,55.0,30.98,54.79,55.84,0.0,0.0,0.0,45.0,50.42,0.0,0.0,0.0,120.0,54.79,0.0,0.88,0.0,0.0,0.0,6.11,0.0,100.0,58.77,80.39,100.0
2018-01-26 20:07:00,2,1,55.83,85.0,55.0,30.97,54.75,55.83,0.0,0.0,0.0,45.0,50.37,0.0,0.0,0.0,120.0,54.75,0.0,0.88,0.0,0.0,0.0,6.12,0.0,100.0,58.74,80.5,100.0
2018-01-26 20:08:00,2,1,55.81,85.0,55.0,30.97,54.71,55.81,0.0,0.0,0.0,45.0,50.32,0.0,0.0,0.0,120.0,54.71,0.0,0.88,0.0,0.0,0.0,6.12,0.0,100.0,58.7,80.61,100.0
2018-01-26 20:09:00,2,1,55.8,85.0,55.0,30.97,54.67,55.8,0.0,0.0,0.0,45.0,50.27,0.0,0.0,0.0,120.0,54.67,0.0,0.88,0.0,0.0,0.0,6.13,0.0,100.0,58.66,80.72,100.0
2018-01-26 20:10:00,2,1,55.79,85.0,55.0,30.96,54.63,55.79,0.0,0.0,0.0,45.0,50.22,0.0,0.0,0.0,120.0,54.63,0.0,0.88,0.0,0.0,0.0,6.14,0.0,100.0,58.62,80.84,100.0
2018-01-26 20:11:00,2,1,55.77,85.0,55.0,30.96,54.59,55.77,0.0,0.0,0.0,45.0,50.17,0.0,0.0,0.0,120.0,54.59,0.0,0.88,0.0,0.0,0.0,6.14,0.0,100.0,58.59,80.95,100.0
2018-01-26 20:12:00,2,1,55.76,85.0,55.0,30.95,54.56,55.76,0.0,0.0,0.0,45.0,50.12,0.0,0.0,0.0,120.0,54.56,0.0,0.88,0.0,0.0,0.0,6.15,0.0,100.0,58.55,81.06,100.0
2018-01-26 20:13:00,2,1,55.74,85.0,55.0,30.95,54.52,55.74,0.0,0.0,0.0,45.0,50.07,0.0,0.0,0.0,120.0,54.52,0.0,0.88,0.0,0.0,0.0,6.15,0.0,100.0,58.52,81.18,100.0
2018-01-26 20:14:00,2,1,55.72,85.0,55.0,30.94,54.48,55.72,0.0,0.0,0.0,45.0,50.02,0.0,0.0,0.0,120.0,54.48,0.0,0.88,0.0,0.0,0.0,6.16,0.0,100.0,58.49,81.29,100.0
2018-01-26 20:15:00,2,1,55.7,85.0,55.0,30.93,54.44,55.7,0.0,0.0,0.0,45.0,49.97,0.0,0.0,0.0,120.0,54.44,0.0,0.88,0.0,0.0,0.0,6.16,0.0,100.0,58.45,81.4,100.0
2018-01-26 20:16:00,2,1,55.68,85.0,55.0,30.93,54.4,55.68,0.0,0.0,0.0,45.0,49.92,0.0,0.0,0.0,120.0,54.4,0.0,0.88,0.0,0.0,0.0,6.17,0.0,100.0,58.42,81.52,100.0
2018-01-26 20:17:00,2,1,55.67,85.0,55.0,30.92,54.36,55.67,0.0,0.0,0.0,45.0,49.87,0.0,0.0,0.0,120.0,54.36,0.0,0.88,0.0,0.0,0.0,6.17,0.0,100.0,58.39,81.64,100.0
2018-01-26 20:18:00,2,1,55.65,85.0,55.0,30.91,54.32,55.65,0.0,0.0,0.0,45.0,49.82,0.0,0.0,0.0,120.0,54.32,0.0,0.88,0.0,0.0,0.0,6.18,0.0,100.0,58.36,81.75,100.0
2018-01-26 20:19:00,2,1,55.63,85.0,55.0,30.9,54.28,55.63,0.0,0.0,0.0,45.0,49.77,0.0,0.0,0.0,120.0,54.28,0.0,0.88,0.0,0.0,0.0,6.18,0.0,100.0,58.33,81.87,100.0
2018-01-26 20:20:00,2,1,55.6,85.0,55.0,30.89,54.24,55.6,0.0,0.0,0.0,45.0,49.73,0.0,0.0,0.0,120.0,54.24,0.0,0.88,0.0,0.0,0.0,6.18,0.0,100.0,58.31,81.99,100.0
2018-01-26 20:21:00,2,1,55.58,85.0,55.0,30.89,54.2,55.58,0.0,0.0,0.0,45.0,49.68,0.0,0.0,0.0,120.0,54.2,0.0,0.88,0.0,0.0,0.0,6.19,0.0,100.0,58.28,82.11,100.0
2018-01-26 20:22:00,2,1,55.56,85.0,55.0,30.88,54.16,55.56,0.0,0.0,0.0,45.0,49.63,0.0,0.0,0.0,120.0,54.16,0.0,0.88,0.0,0.0,0.0,6.19,0.0,100.0,58.26,82.22,100.0
2018-01-26 20:23:00,2,1,55.54,85.0,55.0,30.87,54.12,55.54,0.0,0.0,0.0,45.0,49.58,0.0,0.0,0.0,120.0,54.12,0.0,0.88,0.0,0.0,0.0,6.2,0.0,100.0,58.23,82.34,100.0
2018-01-26 20:24:00,2,1,55.52,85.0,55.0,30.86,54.08,55.52,0.0,0.0,0.0,45.0,49.53,0.0,0.0,0.0,120.0,54.08,0.0,0.88,0.0,0.0,0.0,6.2,0.0,100.0,58.21,82.46,100.0
2018-01-26 20:25:00,2,1,55.5,85.0,55.0,30.85,54.04,55.5,0.0,0.0,0.0,45.0,49.48,0.0,0.0,0.0,120.0,54.04,0.0,0.88,0.0,0.0,0.0,6.2,0.0,100.0,58.19,82.59,100.0
2018-01-26 20:26:00,2,1,55.47,85.0,55.0,30.84,54.0,55.47,0.0,0.0,0.0,45.0,49.44,0.0,0.0,0.0,120.0,54.0,0.0,0.88,0.0,0.0,0.0,6.21,0.0,100.0,58.17,82.71,100.0
2018-01-26 20:27:00,2,1,55.45,85.0,55.0,30.83,53.96,55.45,0.0,0.0,0.0,45.0,49.39,0.0,0.0,0.0,120.0,53.96,0.0,0.88,0.0,0.0,0.0,6.21,0.0,100.0,58.16,82.83,100.0
2018-01-26 20:28:00,2,1,55.43,85.0,55.0,30.82,53.92,55.43,0.0,0.0,0.0,45.0,49.34,0.0,0.0,0.0,120.0,53.92,0.0,0.88,0.0,0.0,0.0,6.21,0.0,100.0,58.14,82.95,100.0
2018-01-26 20:29:00,2,1,55.4,85.0,55.0,30.81,53.88,55.4,0.0,0.0,0.0,45.0,49.29,0.0,0.0,0.0,120.0,53.88,0.0,0.88,0.0,0.0,0.0,6.21,0.0,100.0,58.13,83.07,100.0
2018-01-26 20:30:00,2,1,55.38,85.0,55.0,30.8,53.84,55.38,0.0,0.0,0.0,45.0,49.25,0.0,0.0,0.0,120.0,53.84,0.0,0.88,0.0,0.0,0.0,6.21,0.0,100.0,58.12,83.2,100.0
2018-01-26 20:31:00,2,1,55.35,85.0,55.0,30.78,53.8,55.35,0.0,0.0,0.0,45.0,49.2,0.0,0.0,0.0,120.0,53.8,0.0,0.88,0.0,0.0,0.0,6.22,0.0,100.0,58.11,83.32,100.0
2018-01-26 20:32:00,2,1,55.33,85.0,55.0,30.77,53.76,55.33,0.0,0.0,0.0,45.0,49.15,0.0,0.0,0.0,120.0,53.76,0.0,0.88,0.0,0.0,0.0,6.22,0.0,100.0,58.1,83.45,100.0
2018-01-26 20:33:00,2,1,55.3,85.0,55.0,30.76,53.72,55.3,0.0,0.0,0.0,45.0,49.1,0.0,0.0,0.0,120.0,53.72,0.0,0.88,0.0,0.0,0.0,6.22,0.0,100.0,58.09,83.57,100.0
2018-01-26 20:34:00,2,1,55.28,85.0,55.0,30.75,53.68,55.28,0.0,0.0,0.0,45.0,49.06,0.0,0.0,0.0,120.0,53.68,0.0,0.88,0.0,0.0,0.0,6.22,0.0,100.0,58.09,83.7,100.0
2018-01-26 20:35:00,2,1,55.25,85.0,55.0,30.74,53.64,55.25,0.0,0.0,0.0,45.0,49.01,0.0,0.0,0.0,120.0,53.64,0.0,0.88,0.0,0.0,0.0,6.22,0.0,100.0,58.09,83.82,100.0
2018-01-26 20:36:00,2,1,55.23,85.0,55.0,30.72,53.6,55.23,0.0,0.0,0.0,45.0,48.96,0.0,0.0,0.0,120.0,53.6,0.0,0.88,0.0,0.0,0.0,6.22,0.0,100.0,58.09,83.95,100.0
2018-01-26 20:37:00,2,1,55.2,85.0,55.0,30.71,53.56,55.2,0.0,0.0,0.0,45.0,48.91,0.0,0.0,0.0,120.0,53.56,0.0,0.88,0.0,0.0,0.0,6.22,0.0,100.0,58.09,84.08,100.0
2018-01-26 20:38:00,2,1,55.18,85.0,55.0,30.7,53.52,55.18,0.0,0.0,0.0,45.0,48.87,0.0,0.0,0.0,120.0,53.52,0.0,0.88,0.0,0.0,0.0,6.22,0.0,100.0,58.1,84.21,100.0
2018-01-26 20:39:00,2,1,55.15,85.0,55.0,30.68,53.48,55.15,0.0,0.0,0.0,45.0,48.82,0.0,0.0,0.0,120.0,53.48,0.0,0.88,0.0,0.0,0.0,6.22,0.0,100.0,58.11,84.33,100.0
2018-01-26 20:40:00,2,1,55.13,85.0,55.0,30.67,53.44,55.13,0.0,0.0,0.0,45.0,48.77,0.0,0.0,0.0,120.0,53.44,0.0,0.88,0.0,0.0,0.0,6.21,0.0,100.0,58.12,84.46,100.0
2018-01-26 20:41:00,2,1,55.1,85.0,55.0,30.66,53.4,55.1,0.0,0.0,0.0,45.0,48.73,0.0,0.0,0.0,120.0,53.4,0.0,0.88,0.0,0.0,0.0,6.21,0.0,100.0,58.13,84.59,100.0
2018-01-26 20:42:00,2,1,55.07,85.0,55.0,30.64,53.36,55.07,0.0,0.0,0.0,45.0,48.68,0.0,0.0,0.0,120.0,53.36,0.0,0.88,0.0,0.0,0.0,6.21,0.0,100.0,58.14,84.72,100.0
2018-01-26 20:43:00,2,1,55.05,85.0,55.0,30.63,53.32,55.05,0.0,0.0,0.0,45.0,48.63,0.0,0.0,0.0,120.0,53.32,0.0,0.88,0.0,0.0,0.0,6.21,0.0,100.0,58.16,84.85,100.0
2018-01-26 20:44:00,2,1,55.02,85.0,55.0,30.61,53.28,55.02,0.0,0.0,0.0,45.0,48.59,0.0,0.0,0.0,120.0,53.28,0.0,0.88,0.0,0.0,0.0,6.2,0.0,100.0,58.18,84.99,100.0
2018-01-26 20:45:00,2,1,55.0,85.0,55.0,30.6,53.24,55.0,0.0,0.0,0.0,45.0,48.54,0.0,0.0,0.0,120.0,53.24,0.0,0.88,0.0,0.0,0.0,6.2,0.0,100.0,58.21,85.12,100.0
2018-01-26 20:46:00,2,1,54.97,85.0,55.0,30.58,53.19,54.97,0.0,0.0,0.0,45.0,48.5,0.0,0.0,0.0,120.0,53.19,0.0,0.88,0.0,0.0,0.0,6.2,0.0,100.0,58.24,85.25,100.0
2018-01-26 20:47:00,2,1,54.94,85.0,55.0,30.57,53.15,54.94,0.0,0.0,0.0,45.0,48.45,0.0,0.0,0.0,120.0,53.15,0.0,0.88,0.0,0.0,0.0,6.19,0.0,100.0,58.27,85.38,100.0
2018-01-26 20:48:00,2,1,54.92,85.0,55.0,30.55,53.11,54.92,0.0,0.0,0.0,45.0,48.4,0.0,0.0,0.0,120.0,53.11,0.0,0.88,0.0,0.0,0.0,6.19,0.0,100.0,58.3,85.52,100.0
2018-01-26 20:49:00,2,1,54.89,85.0,55.0,30.54,53.07,54.89,0.0,0.0,0.0,45.0,48.36,0.0,0.0,0.0,120.0,53.07,0.0,0.88,0.0,0.0,0.0,6.18,0.0,100.0,58.33,85.65,100.0
2018-01-26 20:50:00,2,1,54.87,85.0,55.0,30.52,53.03,54.87,0.0,0.0,0.0,45.0,48.31,0.0,0.0,0.0,120.0,53.03,0.0,0.88,0.0,0.0,0.0,6.17,0.0,100.0,58.37,85.79,100.0
2018-01-26 20:51:00,2,1,54.84,85.0,55.0,30.5,52.99,54.84,0.0,0.0,0.0,45.0,48.27,0.0,0.0,0.0,120.0,52.99,0.0,0.88,0.0,0.0,0.0,6.17,0.0,100.0,58.42,85.92,100.0
2018-01-26 20:52:00,2,1,54.81,85.0,55.0,30.49,52.95,54.81,0.0,0.0,0.0,45.0,48.22,0.0,0.0,0.0,120.0,52.95,0.0,0.88,0.0,0.0,0.0,6.16,0.0,100.0,58.46,86.06,100.0
2018-01-26 20:53:00,2,1,54.79,85.0,55.0,30.47,52.91,54.79,0.0,0.0,0.0,45.0,48.17,0.0,0.0,0.0,120.0,52.91,0.0,0.88,0.0,0.0,0.0,6.15,0.0,100.0,58.51,86.19,100.0
2018-01-26 20:54:00,2,1,54.76,85.0,55.0,30.45,52.86,54.76,0.0,0.0,0.0,45.0,48.13,0.0,0.0,0.0,120.0,52.86,0.0,0.88,0.0,0.0,0.0,6.15,0.0,100.0,58.56,86.33,100.0
2018-01-26 20:55:00,2,1,54.74,85.0,55.0,30.44,52.82,54.74,0.0,0.0,0.0,45.0,48.08,0.0,0.0,0.0,120.0,52.82,0.0,0.88,0.0,0.0,0.0,6.14,0.0,100.0,58.62,86.47,100.0
2018-01-26 20:56:00,2,1,54.71,85.0,55.0,30.42,52.78,54.71,0.0,0.0,0.0,45.0,48.04,0.0,0.0,0.0,120.0,52.78,0.0,0.88,0.0,0.0,0.0,6.13,0.0,100.0,58.68,86.61,100.0
2018-01-26 20:57:00,2,1,54.68,85.0,55.0,30.4,52.74,54.68,0.0,0.0,0.0,45.0,47.99,0.0,0.0,0.0,120.0,52.74,0.0,0.88,0.0,0.0,0.0,6.12,0.0,100.0,58.74,86.74,100.0
2018-01-26 20:58:00,2,1,54.66,85.0,55.0,30.38,52.7,54.66,0.0,0.0,0.0,45.0,47.95,0.0,0.0,0.0,120.0,52.7,0.0,0.88,0.0,0.0,0.0,6.11,0.0,100.0,58.81,86.88,100.0
2018-01-26 20:59:00,2,1,54.63,85.0,55.0,30.37,52.66,54.63,0.0,0.0,0.0,45.0,47.9,0.0,0.0,0.0,120.0,52.66,0.0,0.88,0.0,0.0,0.0,6.1,0.0,100.0,58.88,87.02,100.0
2018-01-26 21:00:00,2,1,54.61,85.0,55.0,30.35,52.62,54.61,0.0,0.0,0.0,45.0,47.86,0.0,0.0,0.0,120.0,52.62,0.0,0.88,0.0,0.0,0.0,6.09,0.0,100.0,58.95,87.16,100.0
2018-01-26 21:01:00,2,1,54.58,85.0,55.0,30.32,52.57,54.58,0.0,0.0,0.0,45.0,47.81,0.0,0.0,0.0,120.0,52.57,0.0,0.88,0.0,0.0,0.0,6.06,0.0,100.0,59.11,87.3,100.0
2018-01-26 21:02:00,2,1,54.56,85.0,55.0,30.29,52.53,54.56,0.0,0.0,0.0,45.0,47.77,0.0,0.0,0.0,120.0,52.53,0.0,0.88,0.0,0.0,0.0,6.03,0.0,100.0,59.31,87.45,100.0
2018-01-26 21:03:00,2,1,54.54,85.0,55.0,30.27,52.49,54.54,0.0,0.0,0.0,45.0,47.72,0.0,0.0,0.0,120.0,52.49,0.0,0.88,0.0,0.0,0.0,5.99,0.0,100.0,59.52,87.59,100.0
2018-01-26 21:04:00,2,1,54.52,85.0,55.0,30.24,52.45,54.52,0.0,0.0,0.0,45.0,47.68,0.0,0.0,0.0,120.0,52.45,0.0,0.88,0.0,0.0,0.0,5.96,0.0,100.0,59.74,87.73,100.0
2018-01-26 21:05:00,2,1,54.5,85.0,55.0,30.21,52.41,54.5,0.0,0.0,0.0,45.0,47.63,0.0,0.0,0.0,120.0,52.41,0.0,0.88,0.0,0.0,0.0,5.92,0.0,100.0,59.96,87.87,100.0
2018-01-26 21:06:00,2,1,54.48,85.0,55.0,30.18,52.37,54.48,0.0,0.0,0.0,45.0,47.59,0.0,0.0,0.0,120.0,52.37,0.0,0.88,0.0,0.0,0.0,5.89,0.0,100.0,60.18,88.02,100.0
2018-01-26 21:07:00,2,1,54.46,85.0,55.0,30.16,52.32,54.46,0.0,0.0,0.0,45.0,47.54,0.0,0.0,0.0,120.0,52.32,0.0,0.88,0.0,0.0,0.0,5.85,0.0,100.0,60.41,88.16,100.0
2018-01-26 21:08:00,2,1,54.44,85.0,55.0,30.13,52.28,54.44,0.0,0.0,0.0,45.0,47.5,0.0,0.0,0.0,120.0,52.28,0.0,0.88,0.0,0.0,0.0,5.82,0.0,100.0,60.64,88.31,100.0
2018-01-26 21:09:00,2,1,54.43,85.0,55.0,30.1,52.24,54.43,0.0,0.0,0.0,45.0,47.45,0.0,0.0,0.0,120.0,52.24,0.0,0.88,0.0,0.0,0.0,5.78,0.0,100.0,60.87,88.45,100.0
2018-01-26 21:10:00,2,1,54.41,85.0,55.0,30.08,52.2,54.41,0.0,0.0,0.0,45.0,47.41,0.0,0.0,0.0,120.0,52.2,0.0,0.88,0.0,0.0,0.0,5.74,0.0,100.0,61.11,88.6,100.0
2018-01-26 21:11:00,2,1,54.4,85.0,55.0,30.05,52.16,54.4,0.0,0.0,0.0,45.0,47.36,0.0,0.0,0.0,120.0,52.16,0.0,0.88,0.0,0.0,0.0,5.7,0.0,100.0,61.34,88.74,100.0
2018-01-26 21:12:00,2,1,54.38,85.0,55.0,30.02,52.12,54.38,0.0,0.0,0.0,45.0,47.32,0.0,0.0,0.0,120.0,52.12,0.0,0.88,0.0,0.0,0.0,5.67,0.0,100.0,61.58,88.89,100.0
2018-01-26 21:13:00,2,1,54.37,85.0,55.0,30.0,52.07,54.37,0.0,0.0,0.0,45.0,47.27,0.0,0.0,0.0,120.0,52.07,0.0,0.88,0.0,0.0,0.0,5.63,0.0,100.0,61.83,89.04,100.0
2018-01-26 21:14:00,2,1,54.36,85.0,55.0,29.97,52.03,54.36,0.0,0.0,0.0,45.0,47.23,0.0,0.0,0.0,120.0,52.03,0.0,0.88,0.0,0.0,0.0,5.59,0.0,100.0,62.07,89.19,100.0
2018-01-26 21:15:00,2,1,54.34,85.0,55.0,29.95,51.99,54.34,0.0,0.0,0.0,45.0,47.18,0.0,0.0,0.0,120.0,51.99,0.0,0.88,0.0,0.0,0.0,5.55,0.0,100.0,62.32,89.34,100.0
2018-01-26 21:16:00,2,1,54.33,85.0,55.0,29.92,51.95,54.33,0.0,0.0,0.0,45.0,47.14,0.0,0.0,0.0,120.0,51.95,0.0,0.88,0.0,0.0,0.0,5.51,0.0,100.0,62.56,89.49,100.0
2018-01-26 21:17:00,2,1,54.32,85.0,55.0,29.89,51.91,54.32,0.0,0.0,0.0,45.0,47.09,0.0,0.0,0.0,120.0,51.91,0.0,0.88,0.0,0.0,0.0,5.47,0.0,100.0,62.81,89.64,100.0
2018-01-26 21:18:00,2,1,54.31,85.0,55.0,29.87,51.86,54.31,0.0,0.0,0.0,45.0,47.05,0.0,0.0,0.0,120.0,51.86,0.0,0.88,0.0,0.0,0.0,5.43,0.0,100.0,63.06,89.79,100.0
2018-01-26 21:19:00,2,1,54.3,85.0,55.0,29.84,51.82,54.3,0.0,0.0,0.0,45.0,47.01,0.0,0.0,0.0,120.0,51.82,0.0,0.88,0.0,0.0,0.0,5.39,0.0,100.0,63.32,89.94,100.0
2018-01-26 21:20:00,2,1,54.29,85.0,55.0,29.82,51.78,54.29,0.0,0.0,0.0,45.0,46.96,0.0,0.0,0.0,120.0,51.78,0.0,0.88,0.0,0.0,0.0,5.35,0.0,100.0,63.57,90.09,100.0
2018-01-26 21:21:00,2,1,54.28,85.0,55.0,29.79,51.74,54.28,0.0,0.0,0.0,45.0,46.92,0.0,0.0,0.0,120.0,51.74,0.0,0.88,0.0,0.0,0.0,5.31,0.0,100.0,63.82,90.24,100.0
2018-01-26 21:22:00,2,1,54.27,85.0,55.0,29.77,51.7,54.27,0.0,0.0,0.0,45.0,46.87,0.0,0.0,0.0,120.0,51.7,0.0,0.88,0.0,0.0,0.0,5.27,0.0,100.0,64.08,90.39,100.0
2018-01-26 21:23:00,2,1,54.26,85.0,55.0,29.74,51.65,54.26,0.0,0.0,0.0,45.0,46.83,0.0,0.0,0.0,120.0,51.65,0.0,0.88,0.0,0.0,0.0,5.23,0.0,100.0,64.33,90.55,100.0
2018-01-26 21:24:00,2,1,54.25,85.0,55.0,29.72,51.61,54.25,0.0,0.0,0.0,45.0,46.79,0.0,0.0,0.0,120.0,51.61,0.0,0.88,0.0,0.0,0.0,5.19,0.0,100.0,64.59,90.7,100.0
2018-01-26 21:25:00,2,1,54.24,85.0,55.0,29.69,51.57,54.24,0.0,0.0,0.0,45.0,46.74,0.0,0.0,0.0,120.0,51.57,0.0,0.88,0.0,0.0,0.0,5.15,0.0,100.0,64.85,90.86,100.0
2018-01-26 21:26:00,2,1,54.23,85.0,55.0,29.67,51.53,54.23,0.0,0.0,0.0,45.0,46.7,0.0,0.0,0.0,120.0,51.53,0.0,0.88,0.0,0.0,0.0,5.11,0.0,100.0,65.1,91.01,100.0
2018-01-26 21:27:00,2,1,54.22,85.0,55.0,29.65,51.48,54.22,0.0,0.0,0.0,45.0,46.65,0.0,0.0,0.0,120.0,51.48,0.0,0.88,0.0,0.0,0.0,5.07,0.0,100.0,65.36,91.17,100.0
2018-01-26 21:28:00,2,1,54.21,85.0,55.0,29.62,51.44,54.21,0.0,0.0,0.0,45.0,46.61,0.0,0.0,0.0,120.0,51.44,0.0,0.88,0.0,0.0,0.0,5.03,0.0,100.0,65.62,91.32,100.0
2018-01-26 21:29:00,2,1,54.2,85.0,55.0,29.6,51.4,54.2,0.0,0.0,0.0,45.0,46.57,0.0,0.0,0.0,120.0,51.4,0.0,0.88,0.0,0.0,0.0,4.99,0.0,100.0,65.87,91.48,100.0
2018-01-26 21:30:00,2,1,54.2,85.0,55.0,29.57,51.36,54.2,0.0,0.0,0.0,45.0,46.52,0.0,0.0,0.0,120.0,51.36,0.0,0.88,0.0,0.0,0.0,4.95,0.0,100.0,66.13,91.64,100.0
2018-01-26 21:31:00,2,1,54.19,85.0,55.0,29.55,51.32,54.19,0.0,0.0,0.0,45.0,46.48,0.0,0.0,0.0,120.0,51.32,0.0,0.88,0.0,0.0,0.0,4.91,0.0,100.0,66.38,91.8,100.0
2018-01-26 21:32:00,2,1,54.18,85.0,55.0,29.53,51.27,54.18,0.0,0.0,0.0,45.0,46.44,0.0,0.0,0.0,120.0,51.27,0.0,0.88,0.0,0.0,0.0,4.87,0.0,100.0,66.64,91.96,100.0
2018-01-26 21:33:00,2,1,54.17,85.0,55.0,29.5,51.23,54.17,0.0,0.0,0.0,45.0,46.39,0.0,0.0,0.0,120.0,51.23,0.0,0.88,0.0,0.0,0.0,4.83,0.0,100.0,66.89,92.12,100.0
2018-01-26 21:34:00,2,1,54.17,85.0,55.0,29.48,51.19,54.17,0.0,0.0,0.0,45.0,46.35,0.0,0.0,0.0,120.0,51.19,0.0,0.88,0.0,0.0,0.0,4.79,0.0,100.0,67.15,92.28,100.0
2018-01-26 21:35:00,2,1,54.16,85.0,55.0,29.46,51.15,54.16,0.0,0.0,0.0,45.0,46.3,0.0,0.0,0.0,120.0,51.15,0.0,0.88,0.0,0.0,0.0,4.75,0.0,100.0,67.4,92.44,100.0
2018-01-26 21:36:00,2,1,54.15,85.0,55.0,29.43,51.1,54.15,0.0,0.0,0.0,45.0,46.26,0.0,0.0,0.0,120.0,51.1,0.0,0.88,0.0,0.0,0.0,4.72,0.0,100.0,67.65,92.6,100.0
2018-01-26 21:37:00,2,1,54.14,85.0,55.0,29.41,51.06,54.14,0.0,0.0,0.0,45.0,46.22,0.0,0.0,0.0,120.0,51.06,0.0,0.88,0.0,0.0,0.0,4.68,0.0,100.0,67.9,92.76,100.0
2018-01-26 21:38:00,2,1,54.14,85.0,55.0,29.39,51.02,54.14,0.0,0.0,0.0,45.0,46.17,0.0,0.0,0.0,120.0,51.02,0.0,0.88,0.0,0.0,0.0,4.64,0.0,100.0,68.15,92.92,100.0
2018-01-26 21:39:00,2,1,54.13,85.0,55.0,29.37,50.98,54.13,0.0,0.0,0.0,45.0,46.13,0.0,0.0,0.0,120.0,50.98,0.0,0.88,0.0,0.0,0.0,4.6,0.0,100.0,68.4,93.08,100.0
2018-01-26 21:40:00,2,1,54.12,85.0,55.0,29.34,50.94,54.12,0.0,0.0,0.0,45.0,46.09,0.0,0.0,0.0,120.0,50.94,0.0,0.88,0.0,0.0,0.0,4.56,0.0,100.0,68.64,93.25,100.0
2018-01-26 21:41:00,2,1,54.12,85.0,55.0,29.32,50.89,54.12,0.0,0.0,0.0,45.0,46.04,0.0,0.0,0.0,120.0,50.89,0.0,0.88,0.0,0.0,0.0,4.53,0.0,100.0,68.88,93.41,100.0
2018-01-26 21:42:00,2,1,54.11,85.0,55.0,29.3,50.85,54.11,0.0,0.0,0.0,45.0,46.0,0.0,0.0,0.0,120.0,50.85,0.0,0.88,0.0,0.0,0.0,4.49,0.0,100.0,69.12,93.58,100.0
2018-01-26 21:43:00,2,1,54.1,85.0,55.0,29.28,50.81,54.1,0.0,0.0,0.0,45.0,45.96,0.0,0.0,0.0,120.0,50.81,0.0,0.88,0.0,0.0,0.0,4.45,0.0,100.0,69.36,93.74,100.0
2018-01-26 21:44:00,2,1,54.1,85.0,55.0,29.26,50.77,54.1,0.0,0.0,0.0,45.0,45.92,0.0,0.0,0.0,120.0,50.77,0.0,0.88,0.0,0.0,0.0,4.42,0.0,100.0,69.6,93.91,100.0
2018-01-26 21:45:00,2,1,54.09,85.0,55.0,29.24,50.72,54.09,0.0,0.0,0.0,45.0,45.87,0.0,0.0,0.0,120.0,50.72,0.0,0.88,0.0,0.0,0.0,4.38,0.0,100.0,69.83,94.07,100.0
2018-01-26 21:46:00,2,1,54.08,85.0,55.0,29.22,50.68,54.08,0.0,0.0,0.0,45.0,45.83,0.0,0.0,0.0,120.0,50.68,0.0,0.88,0.0,0.0,0.0,4.35,0.0,100.0,70.06,94.24,100.0
2018-01-26 21:47:00,2,1,54.08,85.0,55.0,29.2,50.64,54.08,0.0,0.0,0.0,45.0,45.79,0.0,0.0,0.0,120.0,50.64,0.0,0.88,0.0,0.0,0.0,4.31,0.0,100.0,70.29,94.41,100.0
2018-01-26 21:48:00,2,1,54.07,85.0,55.0,29.18,50.6,54.07,0.0,0.0,0.0,45.0,45.74,0.0,0.0,0.0,120.0,50.6,0.0,0.88,0.0,0.0,0.0,4.28,0.0,100.0,70.51,94.58,100.0
2018-01-26 21:49:00,2,1,54.06,85.0,55.0,29.16,50.55,54.06,0.0,0.0,0.0,45.0,45.7,0.0,0.0,0.0,120.0,50.55,0.0,0.88,0.0,0.0,0.0,4.25,0.0,100.0,70.74,94.75,100.0
2018-01-26 21:50:00,2,1,54.06,85.0,55.0,29.14,50.51,54.06,0.0,0.0,0.0,45.0,45.66,0.0,0.0,0.0,120.0,50.51,0.0,0.88,0.0,0.0,0.0,4.22,0.0,100.0,70.95,94.92,100.0
2018-01-26 21:51:00,2,1,54.05,85.0,55.0,29.12,50.47,54.05,0.0,0.0,0.0,45.0,45.62,0.0,0.0,0.0,120.0,50.47,0.0,0.88,0.0,0.0,0.0,4.18,0.0,100.0,71.17,95.09,100.0
2018-01-26 21:52:00,2,1,54.04,85.0,55.0,29.1,50.43,54.04,0.0,0.0,0.0,45.0,45.57,0.0,0.0,0.0,120.0,50.43,0.0,0.88,0.0,0.0,0.0,4.15,0.0,100.0,71.38,95.26,100.0
2018-01-26 21:53:00,2,1,54.04,85.0,55.0,29.08,50.38,54.04,0.0,0.0,0.0,45.0,45.53,0.0,0.0,0.0,120.0,50.38,0.0,0.88,0.0,0.0,0.0,4.12,0.0,100.0,71.59,95.43,100.0
2018-01-26 21:54:00,2,1,54.03,85.0,55.0,29.06,50.34,54.03,0.0,0.0,0.0,45.0,45.49,0.0,0.0,0.0,120.0,50.34,0.0,0.88,0.0,0.0,0.0,4.09,0.0,100.0,71.79,95.6,100.0
2018-01-26 21:55:00,2,1,54.02,85.0,55.0,29.04,50.3,54.02,0.0,0.0,0.0,45.0,45.45,0.0,0.0,0.0,120.0,50.3,0.0,0.88,0.0,0.0,0.0,4.06,0.0,100.0,71.99,95.77,100.0
2018-01-26 21:56:00,2,1,54.02,85.0,55.0,29.03,50.26,54.02,0.0,0.0,0.0,45.0,45.4,0.0,0.0,0.0,120.0,50.26,0.0,0.88,0.0,0.0,0.0,4.04,0.0,100.0,72.18,95.95,100.0
2018-01-26 21:57:00,2,1,54.01,85.0,55.0,29.01,50.22,54.01,0.0,0.0,0.0,45.0,45.36,0.0,0.0,0.0,120.0,50.22,0.0,0.88,0.0,0.0,0.0,4.01,0.0,100.0,72.38,96.12,100.0
2018-01-26 21:58:00,2,1,54.0,85.0,55.0,28.99,50.17,54.0,0.0,0.0,0.0,45.0,45.32,0.0,0.0,0.0,120.0,50.17,0.0,0.88,0.0,0.0,0.0,3.98,0.0,100.0,72.56,96.3,100.0
2018-01-26 21:59:00,2,1,54.0,85.0,55.0,28.98,50.13,54.0,0.0,0.0,0.0,45.0,45.28,0.0,0.0,0.0,120.0,50.13,0.0,0.88,0.0,0.0,0.0,3.96,0.0,100.0,72.74,96.47,100.0
2018-01-26 22:00:00,2,1,53.99,85.0,55.0,28.96,50.09,53.99,0.0,0.0,0.0,45.0,45.24,0.0,0.0,0.0,120.0,50.09,0.0,0.88,0.0,0.0,0.0,3.93,0.0,100.0,72.92,96.65,100.0
2018-01-26 22:01:00,2,1,53.98,85.0,55.0,28.95,50.05,53.98,0.0,0.0,0.0,45.0,45.19,0.0,0.0,0.0,120.0,50.05,0.0,0.88,0.0,0.0,0.0,3.92,0.0,100.0,73.0,96.82,100.0
2018-01-26 22:02:00,2,1,53.97,85.0,55.0,28.95,50.0,53.97,0.0,0.0,0.0,45.0,45.15,0.0,0.0,0.0,120.0,50.0,0.0,0.88,0.0,0.0,0.0,3.92,0.0,100.0,73.02,96.99,100.0
2018-01-26 22:03:00,2,1,53.96,85.0,55.0,28.94,49.96,53.96,0.0,0.0,0.0,45.0,45.11,0.0,0.0,0.0,120.0,49.96,0.0,0.88,0.0,0.0,0.0,3.92,0.0,100.0,73.03,97.13,100.0
2018-01-26 22:04:00,2,1,53.95,85.0,55.0,28.94,49.92,53.95,0.0,0.0,0.0,45.0,45.07,0.0,0.0,0.0,120.0,49.92,0.0,0.88,0.0,0.0,0.0,3.93,0.0,100.0,73.04,97.27,100.0
2018-01-26 22:05:00,2,1,53.94,85.0,55.0,28.93,49.88,53.94,0.0,0.0,0.0,45.0,45.03,0.0,0.0,0.0,120.0,49.88,0.0,0.88,0.0,0.0,0.0,3.93,0.0,100.0,73.04,97.4,100.0
2018-01-26 22:06:00,2,1,53.93,85.0,55.0,28.93,49.83,53.93,0.0,0.0,0.0,45.0,44.99,0.0,0.0,0.0,120.0,49.83,0.0,0.88,0.0,0.0,0.0,3.93,0.0,100.0,73.04,97.53,100.0
2018-01-26 22:07:00,2,1,53.91,85.0,55.0,28.93,49.79,53.91,0.0,0.0,0.0,45.0,44.94,0.0,0.0,0.0,120.0,49.79,0.0,0.88,0.0,0.0,0.0,3.94,0.0,100.0,73.03,97.67,100.0
2018-01-26 22:08:00,0,2,53.88,72.0,68.0,31.64,49.48,53.88,0.0,0.0,0.0,45.0,45.24,0.0,0.0,0.0,120.0,49.63,0.02,0.88,0.0,0.0,0.0,3.94,0.29,100.0,73.01,98.67,100.0
2018-01-26 22:09:00,0,2,53.75,72.0,68.0,35.21,49.42,53.75,0.0,0.0,0.0,45.0,48.57,0.0,0.0,0.0,120.0,49.33,0.02,0.88,0.0,0.0,0.0,3.95,0.67,100.0,73.0,98.85,100.0
2018-01-26 22:10:00,0,2,53.65,72.0,68.0,35.64,50.85,53.65,0.0,0.0,0.0,45.0,50.9,0.0,0.0,0.0,120.0,50.65,0.02,0.88,0.0,0.0,0.0,3.96,0.72,100.0,72.98,93.56,100.0
2018-01-26 22:11:00,0,2,53.6,72.0,68.0,35.68,52.06,53.6,0.0,0.0,0.0,45.0,52.06,0.0,0.0,0.0,120.0,51.92,0.02,0.88,0.0,0.0,0.0,3.97,0.73,100.0,72.95,89.14,100.0
2018-01-26 22:12:00,0,2,53.58,72.0,68.0,35.68,52.75,53.58,0.0,0.0,0.0,45.0,52.65,0.0,0.0,0.0,120.0,52.68,0.02,0.88,0.0,0.0,0.0,3.98,0.73,100.0,72.92,86.72,100.0
2018-01-26 22:13:00,0,2,53.57,72.0,68.0,35.68,53.08,53.57,0.0,0.0,0.0,45.0,52.96,0.0,0.0,0.0,120.0,53.04,0.02,0.88,0.0,0.0,0.0,3.99,0.73,100.0,72.89,85.64,100.0
2018-01-26 22:14:00,0,2,53.57,72.0,68.0,35.68,53.24,53.57,0.0,0.0,0.0,45.0,53.13,0.0,0.0,0.0,120.0,53.22,0.02,0.88,0.0,0.0,0.0,4.0,0.73,100.0,72.85,85.11,100.0
2018-01-26 22:15:00,0,2,53.56,72.0,68.0,35.68,53.33,53.56,0.0,0.0,0.0,45.0,53.23,0.0,0.0,0.0,120.0,53.32,0.02,0.88,0.0,0.0,0.0,4.01,0.73,100.0,72.81,84.82,100.0
2018-01-26 22:16:00,0,2,53.56,72.0,68.0,35.68,53.38,53.56,0.0,0.0,0.0,45.0,53.29,0.0,0.0,0.0,120.0,53.37,0.02,0.88,0.0,0.0,0.0,4.02,0.73,100.0,72.77,84.67,100.0
2018-01-26 22:17:00,0,2,53.55,72.0,68.0,35.69,53.4,53.55,0.0,0.0,0.0,45.0,53.32,0.0,0.0,0.0,120.0,53.4,0.02,0.88,0.0,0.0,0.0,4.03,0.73,100.0,72.72,84.58,100.0
2018-01-26 22:18:00,0,2,53.55,72.0,68.0,35.69,53.41,53.55,0.0,0.0,0.0,45.0,53.34,0.0,0.0,0.0,120.0,53.41,0.02,0.88,0.0,0.0,0.0,4.05,0.73,100.0,72.67,84.54,100.0
2018-01-26 22:19:00,0,2,53.54,72.0,68.0,35.69,53.42,53.54,0.0,0.0,0.0,45.0,53.35,0.0,0.0,0.0,120.0,53.42,0.02,0.88,0.0,0.0,0.0,4.06,0.73,100.0,72.62,84.53,100.0
2018-01-26 22:20:00,0,2,53.53,72.0,68.0,35.69,53.42,53.53,0.0,0.0,0.0,45.0,53.35,0.0,0.0,0.0,120.0,53.42,0.02,0.88,0.0,0.0,0.0,4.07,0.73,100.0,72.56,84.53,100.0
2018-01-26 22:21:00,0,2,53.52,72.0,68.0,35.69,53.41,53.52,0.0,0.0,0.0,45.0,53.35,0.0,0.0,0.0,120.0,53.41,0.02,0.88,0.0,0.0,0.0,4.09,0.73,100.0,72.5,84.55,100.0
2018-01-26 22:22:00,0,2,53.51,72.0,68.0,35.68,53.4,53.51,0.0,0.0,0.0,45.0,53.34,0.0,0.0,0.0,120.0,53.41,0.02,0.88,0.0,0.0,0.0,4.1,0.73,100.0,72.44,84.57,100.0
2018-01-26 22:23:00,0,2,53.5,72.0,68.0,35.68,53.4,53.5,0.0,0.0,0.0,45.0,53.33,0.0,0.0,0.0,120.0,53.4,0.02,0.88,0.0,0.0,0.0,4.12,0.73,100.0,72.38,84.6,100.0
2018-01-26 22:24:00,0,2,53.48,72.0,68.0,35.68,53.38,53.48,0.0,0.0,0.0,45.0,53.32,0.0,0.0,0.0,120.0,53.39,0.02,0.88,0.0,0.0,0.0,4.14,0.73,100.0,72.31,84.64,100.0
2018-01-26 22:25:00,0,2,53.47,72.0,68.0,35.68,53.37,53.47,0.0,0.0,0.0,45.0,53.31,0.0,0.0,0.0,120.0,53.37,0.02,0.88,0.0,0.0,0.0,4.15,0.73,100.0,72.24,84.68,100.0
2018-01-26 22:26:00,0,2,53.46,72.0,68.0,35.67,53.36,53.46,0.0,0.0,0.0,45.0,53.3,0.0,0.0,0.0,120.0,53.36,0.02,0.88,0.0,0.0,0.0,4.17,0.73,100.0,72.17,84.72,100.0
2018-01-26 22:27:00,0,2,53.44,72.0,68.0,35.67,53.35,53.44,0.0,0.0,0.0,45.0,53.28,0.0,0.0,0.0,120.0,53.35,0.02,0.88,0.0,0.0,0.0,4.19,0.73,100.0,72.09,84.76,100.0
2018-01-26 22:28:00,0,2,53.42,72.0,68.0,35.67,53.33,53.42,0.0,0.0,0.0,45.0,53.27,0.0,0.0,0.0,120.0,53.33,0.02,0.88,0.0,0.0,0.0,4.21,0.73,100.0,72.02,84.81,100.0
2018-01-26 22:29:00,0,2,53.41,72.0,68.0,35.66,53.31,53.41,0.0,0.0,0.0,45.0,53.25,0.0,0.0,0.0,120.0,53.32,0.02,0.88,0.0,0.0,0.0,4.23,0.73,100.0,71.94,84.86,100.0
2018-01-26 22:30:00,0,2,53.39,72.0,68.0,35.66,53.3,53.39,0.0,0.0,0.0,45.0,53.24,0.0,0.0,0.0,120.0,53.3,0.02,0.88,0.0,0.0,0.0,4.25,0.73,100.0,71.86,84.91,100.0
2018-01-26 22:31:00,0,2,53.37,72.0,68.0,35.65,53.28,53.37,0.0,0.0,0.0,45.0,53.22,0.0,0.0,0.0,120.0,53.28,0.02,0.88,0.0,0.0,0.0,4.27,0.73,100.0,71.78,84.97,100.0
2018-01-26 22:32:00,0,2,53.35,72.0,68.0,35.65,53.26,53.35,0.0,0.0,0.0,45.0,53.21,0.0,0.0,0.0,120.0,53.27,0.02,0.88,0.0,0.0,0.0,4.29,0.73,100.0,71.69,85.03,100.0
2018-01-26 22:33:00,0,2,53.33,72.0,68.0,35.65,53.25,53.33,0.0,0.0,0.0,45.0,53.19,0.0,0.0,0.0,120.0,53.25,0.02,0.88,0.0,0.0,0.0,4.31,0.73,100.0,71.61,85.08,100.0
2018-01-26 22:34:00,0,2,53.31,72.0,68.0,35.64,53.23,53.31,0.0,0.0,0.0,45.0,53.17,0.0,0.0,0.0,120.0,53.23,0.02,0.88,0.0,0.0,0.0,4.33,0.73,100.0,71.52,85.14,100.0
2018-01-26 22:35:00,0,2,53.29,72.0,68.0,35.64,53.21,53.29,0.0,0.0,0.0,45.0,53.15,0.0,0.0,0.0,120.0,53.21,0.02,0.88,0.0,0.0,0.0,4.35,0.73,100.0,71.43,85.2,100.0
2018-01-26 22:36:00,0,2,53.27,72.0,68.0,35.63,53.19,53.27,0.0,0.0,0.0,45.0,53.13,0.0,0.0,0.0,120.0,53.19,0.02,0.88,0.0,0.0,0.0,4.38,0.73,100.0,71.34,85.27,100.0
2018-01-26 22:37:00,0,2,53.25,72.0,68.0,35.63,53.17,53.25,0.0,0.0,0.0,45.0,53.11,0.0,0.0,0.0,120.0,53.17,0.02,0.88,0.0,0.0,0.0,4.4,0.73,100.0,71.25,85.33,100.0
2018-01-26 22:38:00,0,2,53.23,72.0,68.0,35.62,53.15,53.23,0.0,0.0,0.0,45.0,53.09,0.0,0.0,0.0,120.0,53.15,0.02,0.88,0.0,0.0,0.0,4.42,0.73,100.0,71.15,85.39,100.0
2018-01-26 22:39:00,0,2,53.21,72.0,68.0,35.62,53.13,53.21,0.0,0.0,0.0,45.0,53.07,0.0,0.0,0.0,120.0,53.13,0.02,0.88,0.0,0.0,0.0,4.45,0.73,100.0,71.06,85.46,100.0
2018-01-26 22:40:00,0,2,53.19,72.0,68.0,35.61,53.11,53.19,0.0,0.0,0.0,45.0,53.05,0.0,0.0,0.0,120.0,53.11,0.02,0.88,0.0,0.0,0.0,4.47,0.73,100.0,70.97,85.53,100.0
2018-01-26 22:41:00,0,2,53.17,72.0,68.0,35.61,53.09,53.17,0.0,0.0,0.0,45.0,53.03,0.0,0.0,0.0,120.0,53.09,0.02,0.88,0.0,0.0,0.0,4.49,0.73,100.0,70.87,85.59,100.0
2018-01-26 22:42:00,0,2,53.15,72.0,68.0,35.6,53.07,53.15,0.0,0.0,0.0,45.0,53.01,0.0,0.0,0.0,120.0,53.07,0.02,0.88,0.0,0.0,0.0,4.52,0.73,100.0,70.78,85.66,100.0
2018-01-26 22:43:00,0,2,53.13,72.0,68.0,35.6,53.05,53.13,0.0,0.0,0.0,45.0,52.99,0.0,0.0,0.0,120.0,53.05,0.02,0.88,0.0,0.0,0.0,4.54,0.73,100.0,70.68,85.73,100.0
2018-01-26 22:44:00,0,2,53.11,72.0,68.0,35.59,53.02,53.11,0.0,0.0,0.0,45.0,52.97,0.0,0.0,0.0,120.0,53.03,0.02,0.88,0.0,0.0,0.0,4.57,0.73,100.0,70.58,85.8,100.0
2018-01-26 22:45:00,0,2,53.08,72.0,68.0,35.59,53.0,53.08,0.0,0.0,0.0,45.0,52.95,0.0,0.0,0.0,120.0,53.01,0.02,0.88,0.0,0.0,0.0,4.59,0.73,100.0,70.48,85.87,100.0
2018-01-26 22:46:00,0,2,53.06,72.0,68.0,35.58,52.98,53.06,0.0,0.0,0.0,45.0,52.93,0.0,0.0,0.0,120.0,52.99,0.02,0.88,0.0,0.0,0.0,4.62,0.73,100.0,70.39,85.94,100.0
2018-01-26 22:47:00,0,2,53.04,72.0,68.0,35.58,52.96,53.04,0.0,0.0,0.0,45.0,52.9,0.0,0.0,0.0,120.0,52.96,0.02,0.88,0.0,0.0,0.0,4.64,0.73,100.0,70.29,86.01,100.0
2018-01-26 22:48:00,0,2,53.02,72.0,68.0,35.57,52.94,53.02,0.0,0.0,0.0,45.0,52.88,0.0,0.0,0.0,120.0,52.94,0.02,0.88,0.0,0.0,0.0,4.67,0.73,100.0,70.19,86.08,100.0
2018-01-26 22:49:00,0,2,53.0,72.0,68.0,35.57,52.92,53.0,0.0,0.0,0.0,45.0,52.86,0.0,0.0,0.0,120.0,52.92,0.02,0.88,0.0,0.0,0.0,4.69,0.73,100.0,70.09,86.16,100.0
2018-01-26 22:50:00,0,2,52.97,72.0,68.0,35.56,52.9,52.97,0.0,0.0,0.0,45.0,52.84,0.0,0.0,0.0,120.0,52.9,0.02,0.88,0.0,0.0,0.0,4.72,0.73,100.0,70.0,86.23,100.0
2018-01-26 22:51:00,0,2,52.95,72.0,68.0,35.56,52.87,52.95,0.0,0.0,0.0,45.0,52.82,0.0,0.0,0.0,120.0,52.88,0.02,0.88,0.0,0.0,0.0,4.75,0.73,100.0,69.9,86.3,100.0
2018-01-26 22:52:00,0,2,52.93,72.0,68.0,35.55,52.85,52.93,0.0,0.0,0.0,45.0,52.8,0.0,0.0,0.0,120.0,52.85,0.02,0.88,0.0,0.0,0.0,4.77,0.73,100.0,69.8,86.37,100.0
2018-01-26 22:53:00,0,2,52.91,72.0,68.0,35.55,52.83,52.91,0.0,0.0,0.0,45.0,52.77,0.0,0.0,0.0,120.0,52.83,0.02,0.88,0.0,0.0,0.0,4.8,0.73,100.0,69.71,86.45,100.0
2018-01-26 22:54:00,0,2,52.89,72.0,68.0,35.55,52.81,52.89,0.0,0.0,0.0,45.0,52.75,0.0,0.0,0.0,120.0,52.81,0.02,0.88,0.0,0.0,0.0,4.83,0.73,100.0,69.61,86.52,100.0
2018-01-26 22:55:00,0,2,52.86,72.0,68.0,35.54,52.79,52.86,0.0,0.0,0.0,45.0,52.73,0.0,0.0,0.0,120.0,52.79,0.02,0.88,0.0,0.0,0.0,4.85,0.73,100.0,69.51,86.59,100.0
2018-01-26 22:56:00,0,2,52.84,72.0,68.0,35.54,52.76,52.84,0.0,0.0,0.0,45.0,52.71,0.0,0.0,0.0,120.0,52.77,0.02,0.88,0.0,0.0,0.0,4.88,0.73,100.0,69.42,86.67,100.0
2018-01-26 22:57:00,0,2,52.82,72.0,68.0,35.53,52.74,52.82,0.0,0.0,0.0,45.0,52.69,0.0,0.0,0.0,120.0,52.75,0.02,0.88,0.0,0.0,0.0,4.91,0.73,100.0,69.33,86.74,100.0
2018-01-26 22:58:00,0,2,52.8,72.0,68.0,35.53,52.72,52.8,0.0,0.0,0.0,45.0,52.66,0.0,0.0,0.0,120.0,52.72,0.02,0.88,0.0,0.0,0.0,4.93,0.73,100.0,69.23,86.81,100.0
2018-01-26 22:59:00,0,2,52.78,72.0,68.0,35.52,52.7,52.78,0.0,0.0,0.0,45.0,52.64,0.0,0.0,0.0,120.0,52.7,0.02,0.88,0.0,0.0,0.0,4.96,0.73,100.0,69.14,86.89,100.0
2018-01-26 23:00:00,0,2,52.76,72.0,68.0,35.52,52.68,52.76,0.0,0.0,0.0,45.0,52.62,0.0,0.0,0.0,120.0,52.68,0.02,0.88,0.0,0.0,0.0,4.99,0.73,100.0,69.05,86.96,100.0
2018-01-26 23:01:00,0,2,52.73,72.0,68.0,35.51,52.65,52.73,0.0,0.0,0.0,45.0,52.6,0.0,0.0,0.0,120.0,52.66,0.02,0.88,0.0,0.0,0.0,5.01,0.73,100.0,69.02,87.03,100.0
2018-01-26 23:02:00,0,2,52.71,72.0,68.0,35.51,52.63,52.71,0.0,0.0,0.0,45.0,52.58,0.0,0.0,0.0,120.0,52.64,0.02,0.88,0.0,0.0,0.0,5.03,0.73,100.0,69.02,87.1,100.0
2018-01-26 23:03:00,0,2,52.69,72.0,68.0,35.5,52.61,52.69,0.0,0.0,0.0,45.0,52.56,0.0,0.0,0.0,120.0,52.62,0.02,0.88,0.0,0.0,0.0,5.05,0.73,100.0,69.02,87.17,100.0
2018-01-26 23:04:00,0,2,52.67,72.0,68.0,35.5,52.59,52.67,0.0,0.0,0.0,45.0,52.54,0.0,0.0,0.0,120.0,52.6,0.02,0.88,0.0,0.0,0.0,5.07,0.73,100.0,69.03,87.24,100.0
2018-01-26 23:05:00,0,2,52.66,72.0,68.0,35.49,52.57,52.66,0.0,0.0,0.0,45.0,52.52,0.0,0.0,0.0,120.0,52.58,0.02,0.88,0.0,0.0,0.0,5.08,0.73,100.0,69.04,87.31,100.0
2018-01-26 23:06:00,0,2,52.64,72.0,68.0,35.49,52.56,52.64,0.0,0.0,0.0,45.0,52.5,0.0,0.0,0.0,120.0,52.56,0.02,0.88,0.0,0.0,0.0,5.1,0.73,100.0,69.04,87.37,100.0
2018-01-26 23:07:00,0,2,52.62,72.0,68.0,35.48,52.54,52.62,0.0,0.0,0.0,45.0,52.48,0.0,0.0,0.0,120.0,52.54,0.02,0.88,0.0,0.0,0.0,5.12,0.73,100.0,69.05,87.43,100.0
2018-01-26 23:08:00,0,2,52.6,72.0,68.0,35.48,52.52,52.6,0.0,0.0,0.0,45.0,52.46,0.0,0.0,0.0,120.0,52.52,0.02,0.88,0.0,0.0,0.0,5.14,0.73,100.0,69.07,87.49,100.0
2018-01-26 23:09:00,0,2,52.59,72.0,68.0,35.47,52.5,52.59,0.0,0.0,0.0,45.0,52.45,0.0,0.0,0.0,120.0,52.51,0.02,0.88,0.0,0.0,0.0,5.16,0.73,100.0,69.08,87.55,100.0
2018-01-26 23:10:00,0,2,52.57,72.0,68.0,35.47,52.49,52.57,0.0,0.0,0.0,45.0,52.43,0.0,0.0,0.0,120.0,52.49,0.02,0.88,0.0,0.0,0.0,5.18,0.73,100.0,69.09,87.61,100.0
2018-01-26 23:11:00,0,2,52.56,72.0,68.0,35.47,52.47,52.56,0.0,0.0,0.0,45.0,52.41,0.0,0.0,0.0,120.0,52.47,0.02,0.88,0.0,0.0,0.0,5.19,0.73,100.0,69.11,87.66,100.0
2018-01-26 23:12:00,0,2,52.54,72.0,68.0,35.46,52.45,52.54,0.0,0.0,0.0,45.0,52.4,0.0,0.0,0.0,120.0,52.46,0.02,0.88,0.0,0.0,0.0,5.21,0.73,100.0,69.12,87.71,100.0
2018-01-26 23:13:00,0,2,52.53,72.0,68.0,35.46,52.44,52.53,0.0,0.0,0.0,45.0,52.38,0.0,0.0,0.0,120.0,52.44,0.02,0.88,0.0,0.0,0.0,5.23,0.73,100.0,69.14,87.77,100.0
2018-01-26 23:14:00,0,2,52.51,72.0,68.0,35.46,52.42,52.51,0.0,0.0,0.0,45.0,52.37,0.0,0.0,0.0,120.0,52.43,0.02,0.88,0.0,0.0,0.0,5.25,0.73,100.0,69.15,87.82,100.0
2018-01-26 23:15:00,0,2,52.5,72.0,68.0,35.46,52.41,52.5,0.0,0.0,0.0,45.0,52.35,0.0,0.0,0.0,120.0,52.41,0.02,0.88,0.0,0.0,0.0,5.27,0.73,100.0,69.17,87.87,100.0
2018-01-26 23:16:00,0,2,52.48,72.0,68.0,35.45,52.4,52.48,0.0,0.0,0.0,45.0,52.34,0.0,0.0,0.0,120.0,52.4,0.02,0.88,0.0,0.0,0.0,5.29,0.73,100.0,69.19,87.91,100.0
2018-01-26 23:17:00,0,2,52.47,72.0,68.0,35.45,52.38,52.47,0.0,0.0,0.0,45.0,52.32,0.0,0.0,0.0,120.0,52.38,0.02,0.88,0.0,0.0,0.0,5.31,0.73,100.0,69.21,87.96,100.0
2018-01-26 23:18:00,0,2,52.46,72.0,68.0,35.45,52.37,52.46,0.0,0.0,0.0,45.0,52.31,0.0,0.0,0.0,120.0,52.37,0.02,0.88,0.0,0.0,0.0,5.32,0.73,100.0,69.23,88.01,100.0
2018-01-26 23:19:00,0,2,52.45,72.0,68.0,35.45,52.36,52.45,0.0,0.0,0.0,45.0,52.3,0.0,0.0,0.0,120.0,52.36,0.02,0.88,0.0,0.0,0.0,5.34,0.73,100.0,69.25,88.05,100.0
2018-01-26 23:20:00,0,2,52.43,72.0,68.0,35.45,52.34,52.43,0.0,0.0,0.0,45.0,52.28,0.0,0.0,0.0,120.0,52.35,0.02,0.88,0.0,0.0,0.0,5.36,0.73,100.0,69.27,88.1,100.0
2018-01-26 23:21:00,0,2,52.42,72.0,68.0,35.45,52.33,52.42,0.0,0.0,0.0,45.0,52.27,0.0,0.0,0.0,120.0,52.33,0.02,0.88,0.0,0.0,0.0,5.38,0.73,100.0,69.29,88.14,100.0
2018-01-26 23:22:00,0,2,52.41,72.0,68.0,35.45,52.32,52.41,0.0,0.0,0.0,45.0,52.26,0.0,0.0,0.0,120.0,52.32,0.02,0.88,0.0,0.0,0.0,5.4,0.73,100.0,69.31,88.18,100.0
2018-01-26 23:23:00,0,2,52.4,72.0,68.0,35.45,52.31,52.4,0.0,0.0,0.0,45.0,52.25,0.0,0.0,0.0,120.0,52.31,0.02,0.88,0.0,0.0,0.0,5.42,0.73,100.0,69.33,88.22,100.0
2018-01-26 23:24:00,0,2,52.39,72.0,68.0,35.45,52.29,52.39,0.0,0.0,0.0,45.0,52.24,0.0,0.0,0.0,120.0,52.3,0.02,0.88,0.0,0.0,0.0,5.43,0.73,100.0,69.35,88.26,100.0
2018-01-26 23:25:00,0,2,52.38,72.0,68.0,35.44,52.28,52.38,0.0,0.0,0.0,45.0,52.22,0.0,0.0,0.0,120.0,52.29,0.02,0.88,0.0,0.0,0.0,5.45,0.73,100.0,69.37,88.3,100.0
2018-01-26 23:26:00,0,2,52.36,72.0,68.0,35.44,52.27,52.36,0.0,0.0,0.0,45.0,52.21,0.0,0.0,0.0,120.0,52.27,0.02,0.88,0.0,0.0,0.0,5.47,0.73,100.0,69.4,88.34,100.0
2018-01-26 23:27:00,0,2,52.35,72.0,68.0,35.44,52.26,52.35,0.0,0.0,0.0,45.0,52.2,0.0,0.0,0.0,120.0,52.26,0.02,0.88,0.0,0.0,0.0,5.49,0.73,100.0,69.42,88.38,100.0
2018-01-26 23:28:00,0,2,52.34,72.0,68.0,35.44,52.25,52.34,0.0,0.0,0.0,45.0,52.19,0.0,0.0,0.0,120.0,52.25,0.02,0.88,0.0,0.0,0.0,5.51,0.73,100.0,69.44,88.42,100.0
2018-01-26 23:29:00,0,2,52.33,72.0,68.0,35.44,52.24,52.33,0.0,0.0,0.0,45.0,52.18,0.0,0.0,0.0,120.0,52.24,0.02,0.88,0.0,0.0,0.0,5.52,0.73,100.0,69.47,88.45,100.0
2018-01-26 23:30:00,0,2,52.32,72.0,68.0,35.44,52.23,52.32,0.0,0.0,0.0,45.0,52.17,0.0,0.0,0.0,120.0,52.23,0.02,0.88,0.0,0.0,0.0,5.54,0.73,100.0,69.49,88.49,100.0
2018-01-26 23:31:00,0,2,52.31,72.0,68.0,35.44,52.22,52.31,0.0,0.0,0.0,45.0,52.16,0.0,0.0,0.0,120.0,52.22,0.02,0.88,0.0,0.0,0.0,5.56,0.73,100.0,69.51,88.53,100.0
2018-01-26 23:32:00,0,2,52.3,72.0,68.0,35.44,52.21,52.3,0.0,0.0,0.0,45.0,52.15,0.0,0.0,0.0,120.0,52.21,0.02,0.88,0.0,0.0,0.0,5.58,0.73,100.0,69.54,88.56,100.0
2018-01-26 23:33:00,0,2,52.29,72.0,68.0,35.44,52.2,52.29,0.0,0.0,0.0,45.0,52.14,0.0,0.0,0.0,120.0,52.2,0.02,0.88,0.0,0.0,0.0,5.6,0.73,100.0,69.56,88.59,100.0
2018-01-26 23:34:00,0,2,52.28,72.0,68.0,35.44,52.19,52.28,0.0,0.0,0.0,45.0,52.13,0.0,0.0,0.0,120.0,52.19,0.02,0.88,0.0,0.0,0.0,5.62,0.73,100.0,69.58,88.63,100.0
2018-01-26 23:35:00,0,2,52.27,72.0,68.0,35.45,52.18,52.27,0.0,0.0,0.0,45.0,52.12,0.0,0.0,0.0,120.0,52.18,0.02,0.88,0.0,0.0,0.0,5.63,0.73,100.0,69.6,88.66,100.0
2018-01-26 23:36:00,0,2,52.27,72.0,68.0,35.45,52.17,52.27,0.0,0.0,0.0,45.0,52.11,0.0,0.0,0.0,120.0,52.17,0.02,0.88,0.0,0.0,0.0,5.65,0.73,100.0,69.63,88.69,100.0
2018-01-26 23:37:00,0,2,52.26,72.0,68.0,35.45,52.16,52.26,0.0,0.0,0.0,45.0,52.1,0.0,0.0,0.0,120.0,52.16,0.02,0.88,0.0,0.0,0.0,5.67,0.73,100.0,69.65,88.73,100.0
2018-01-26 23:38:00,0,2,52.25,72.0,68.0,35.45,52.15,52.25,0.0,0.0,0.0,45.0,52.09,0.0,0.0,0.0,120.0,52.15,0.02,0.88,0.0,0.0,0.0,5.69,0.73,100.0,69.67,88.76,100.0
2018-01-26 23:39:00,0,2,52.24,72.0,68.0,35.45,52.14,52.24,0.0,0.0,0.0,45.0,52.08,0.0,0.0,0.0,120.0,52.15,0.02,0.88,0.0,0.0,0.0,5.71,0.73,100.0,69.69,88.79,99.99
2018-01-26 23:40:00,0,2,52.23,72.0,68.0,35.45,52.14,52.23,0.0,0.0,0.0,45.0,52.07,0.0,0.0,0.0,120.0,52.14,0.02,0.88,0.0,0.0,0.0,5.72,0.73,100.0,69.71,88.82,99.98
2018-01-26 23:41:00,0,2,52.22,72.0,68.0,35.45,52.13,52.22,0.0,0.0,0.0,45.0,52.07,0.0,0.0,0.0,120.0,52.13,0.02,0.88,0.0,0.0,0.0,5.74,0.73,100.0,69.74,88.85,99.97
2018-01-26 23:42:00,0,2,52.21,72.0,68.0,35.45,52.12,52.21,0.0,0.0,0.0,45.0,52.06,0.0,0.0,0.0,120.0,52.12,0.02,0.88,0.0,0.0,0.0,5.76,0.73,100.0,69.76,88.88,99.96
2018-01-26 23:43:00,0,2,52.2,72.0,68.0,35.45,52.11,52.2,0.0,0.0,0.0,45.0,52.05,0.0,0.0,0.0,120.0,52.11,0.02,0.88,0.0,0.0,0.0,5.78,0.73,100.0,69.78,88.91,99.95
2018-01-26 23:44:00,0,2,52.2,72.0,68.0,35.45,52.1,52.2,0.0,0.0,0.0,45.0,52.04,0.0,0.0,0.0,120.0,52.1,0.02,0.88,0.0,0.0,0.0,5.79,0.73,100.0,69.79,88.94,99.94
2018-01-26 23:45:00,0,2,52.19,72.0,68.0,35.45,52.09,52.19,0.0,0.0,0.0,45.0,52.03,0.0,0.0,0.0,120.0,52.09,0.02,0.88,0.0,0.0,0.0,5.81,0.73,100.0,69.81,88.97,99.93
2018-01-26 23:46:00,0,2,52.18,72.0,68.0,35.46,52.08,52.18,0.0,0.0,0.0,45.0,52.02,0.0,0.0,0.0,120.0,52.09,0.02,0.88,0.0,0.0,0.0,5.83,0.73,100.0,69.83,89.0,99.92
2018-01-26 23:47:00,0,2,52.17,72.0,68.0,35.46,52.08,52.17,0.0,0.0,0.0,45.0,52.02,0.0,0.0,0.0,120.0,52.08,0.02,0.88,0.0,0.0,0.0,5.85,0.73,100.0,69.85,89.03,99.91
2018-01-26 23:48:00,0,2,52.16,72.0,68.0,35.46,52.07,52.16,0.0,0.0,0.0,45.0,52.01,0.0,0.0,0.0,120.0,52.07,0.02,0.88,0.0,0.0,0.0,5.86,0.73,100.0,69.87,89.06,99.9
2018-01-26 23:49:00,0,2,52.16,72.0,68.0,35.46,52.06,52.16,0.0,0.0,0.0,45.0,52.0,0.0,0.0,0.0,120.0,52.06,0.02,0.88,0.0,0.0,0.0,5.88,0.73,100.0,69.88,89.09,99.89
2018-01-26 23:50:00,0,2,52.15,72.0,68.0,35.46,52.05,52.15,0.0,0.0,0.0,45.0,51.99,0.0,0.0,0.0,120.0,52.05,0.02,0.88,0.0,0.0,0.0,5.9,0.73,100.0,69.9,89.11,99.88
2018-01-26 23:51:00,0,2,52.14,72.0,68.0,35.46,52.04,52.14,0.0,0.0,0.0,45.0,51.98,0.0,0.0,0.0,120.0,52.05,0.02,0.88,0.0,0.0,0.0,5.92,0.73,100.0,69.91,89.14,99.88
2018-01-26 23:52:00,0,2,52.13,72.0,68.0,35.46,52.04,52.13,0.0,0.0,0.0,45.0,51.98,0.0,0.0,0.0,120.0,52.04,0.02,0.88,0.0,0.0,0.0,5.93,0.73,100.0,69.92,89.17,99.87
2018-01-26 23:53:00,0,2,52.12,72.0,68.0,35.46,52.03,52.12,0.0,0.0,0.0,45.0,51.97,0.0,0.0,0.0,120.0,52.03,0.02,0.88,0.0,0.0,0.0,5.95,0.73,100.0,69.93,89.2,99.86
2018-01-26 23:54:00,0,2,52.12,72.0,68.0,35.47,52.02,52.12,0.0,0.0,0.0,45.0,51.96,0.0,0.0,0.0,120.0,52.02,0.02,0.88,0.0,0.0,0.0,5.97,0.73,100.0,69.95,89.22,99.86
2018-01-26 23:55:00,0,2,52.11,72.0,68.0,35.47,52.01,52.11,0.0,0.0,0.0,45.0,51.95,0.0,0.0,0.0,120.0,52.01,0.02,0.88,0.0,0.0,0.0,5.99,0.73,100.0,69.96,89.25,99.85
2018-01-26 23:56:00,0,2,52.1,72.0,68.0,35.47,52.01,52.1,0.0,0.0,0.0,45.0,51.94,0.0,0.0,0.0,120.0,52.01,0.02,0.88,0.0,0.0,0.0,6.0,0.73,100.0,69.96,89.28,99.85
2018-01-26 23:57:00,0,2,52.09,72.0,68.0,35.47,52.0,52.09,0.0,0.0,0.0,45.0,51.94,0.0,0.0,0.0,120.0,52.0,0.02,0.88,0.0,0.0,0.0,6.02,0.73,100.0,69.97,89.31,99.84
2018-01-26 23:58:00,0,2,52.09,72.0,68.0,35.47,51.99,52.09,0.0,0.0,0.0,45.0,51.93,0.0,0.0,0.0,120.0,51.99,0.02,0.88,0.0,0.0,0.0,6.04,0.73,100.0,69.98,89.33,99.83
2018-01-26 23:59:00,0,2,52.08,72.0,68.0,35.47,51.98,52.08,0.0,0.0,0.0,45.0,51.92,0.0,0.0,0.0,120.0,51.98,0.02,0.88,0.0,0.0,0.0,6.06,0.73,100.0,69.98,89.36,99.83
2018-01-27 00:00:00,0,2,52.07,72.0,68.0,35.47,51.97,52.07,0.0,0.0,0.0,45.0,51.91,0.0,0.0,0.0,120.0,51.98,0.02,0.88,0.0,0.0,0.0,6.07,0.73,100.0,69.99,89.39,99.83
2018-01-27 00:01:00,2,1,52.06,85.0,55.0,49.73,51.97,52.06,0.0,0.0,0.0,45.0,51.94,0.0,0.04,0.0,120.0,51.97,399.82,0.88,0.0,0.0,9.75,6.09,2.36,100.0,69.96,89.39,99.82
2018-01-27 00:02:00,2,1,52.05,85.0,55.0,51.65,51.97,52.05,0.0,0.0,0.0,45.0,51.96,0.0,0.04,0.0,120.0,51.97,399.82,0.88,0.0,0.0,9.75,6.11,2.59,100.0,69.91,89.4,99.84
2018-01-27 00:03:00,2,1,52.04,85.0,55.0,51.9,51.96,52.04,0.0,0.0,0.0,45.0,51.96,0.0,0.05,0.0,120.0,51.97,399.82,0.88,0.0,0.0,9.75,6.13,2.61,100.0,69.86,89.43,99.86
2018-01-27 00:04:00,2,1,52.03,85.0,55.0,51.92,51.96,52.03,0.0,0.0,0.0,45.0,51.96,0.0,0.05,0.0,120.0,51.96,399.82,0.88,0.0,0.0,9.75,6.15,2.62,100.0,69.8,89.45,99.88
2018-01-27 00:05:00,2,1,52.02,85.0,55.0,51.92,51.95,52.02,0.0,0.0,0.0,45.0,51.95,0.0,0.06,0.0,120.0,51.95,399.82,0.88,0.0,0.0,9.75,6.16,2.62,100.0,69.75,89.48,99.89
2018-01-27 00:06:00,2,1,52.01,85.0,55.0,51.91,51.94,52.01,0.0,0.0,0.0,45.0,51.94,0.0,0.07,0.0,120.0,51.94,399.82,0.88,0.0,0.0,9.75,6.18,2.62,100.0,69.69,89.51,99.9
2018-01-27 00:07:00,2,1,52.0,85.0,55.0,51.9,51.93,52.0,0.0,0.0,0.0,45.0,51.93,0.0,0.07,0.0,120.0,51.93,399.82,0.88,0.0,0.0,9.75,6.2,2.62,100.0,69.63,89.54,99.9
2018-01-27 00:08:00,2,1,51.99,85.0,55.0,51.89,51.92,51.99,0.0,0.0,0.0,45.0,51.92,0.0,0.08,0.0,120.0,51.92,399.82,0.88,0.0,0.0,9.75,6.22,2.62,100.0,69.58,89.58,99.91
2018-01-27 00:09:00,2,1,51.98,85.0,55.0,51.88,51.91,51.98,0.0,0.0,0.0,45.0,51.91,0.0,0.09,0.0,120.0,51.91,399.82,0.88,0.0,0.0,9.75,6.24,2.62,100.0,69.52,89.61,99.91
2018-01-27 00:10:00,2,1,51.97,85.0,55.0,51.87,51.9,51.97,0.0,0.0,0.0,45.0,51.9,0.0,0.09,0.0,120.0,51.9,399.82,0.88,0.0,0.0,9.75,6.25,2.62,100.0,69.46,89.64,99.92
2018-01-27 00:11:00,2,1,51.96,85.0,55.0,51.86,51.89,51.96,0.0,0.0,0.0,45.0,51.89,0.0,0.1,0.0,120.0,51.9,399.82,0.88,0.0,0.0,9.75,6.27,2.62,100.0,69.39,89.68,99.92
2018-01-27 00:12:00,2,1,51.95,85.0,55.0,51.85,51.88,51.95,0.0,0.0,0.0,45.0,51.88,0.0,0.11,0.0,120.0,51.89,399.82,0.88,0.0,0.0,9.75,6.29,2.62,100.0,69.33,89.71,99.92
2018-01-27 00:13:00,2,1,51.94,85.0,55.0,51.84,51.87,51.94,0.0,0.0,0.0,45.0,51.87,0.0,0.11,0.0,120.0,51.88,399.82,0.88,0.0,0.0,9.75,6.31,2.62,100.0,69.27,89.75,99.92
2018-01-27 00:14:00,2,1,51.93,85.0,55.0,51.83,51.86,51.93,0.0,0.0,0.0,45.0,51.86,0.0,0.12,0.0,120.0,51.87,399.82,0.88,0.0,0.0,9.75,6.32,2.62,100.0,69.2,89.79,99.93
2018-01-27 00:15:00,2,1,51.92,85.0,55.0,51.82,51.85,51.92,0.0,0.0,0.0,45.0,51.85,0.0,0.12,0.0,120.0,51.85,399.82,0.88,0.0,0.0,9.75,6.34,2.62,100.0,69.14,89.82,99.93
2018-01-27 00:16:00,2,1,51.91,85.0,55.0,51.81,51.84,51.91,0.0,0.0,0.0,45.0,51.84,0.0,0.13,0.0,120.0,51.84,399.82,0.88,0.0,0.0,9.75,6.36,2.62,100.0,69.07,89.86,99.93
2018-01-27 00:17:00,2,1,51.9,85.0,55.0,51.8,51.83,51.9,0.0,0.0,0.0,45.0,51.83,0.0,0.14,0.0,120.0,51.83,399.82,0.88,0.0,0.0,9.75,6.38,2.62,100.0,69.0,89.9,99.93
2018-01-27 00:18:00,2,1,51.89,85.0,55.0,51.79,51.82,51.89,0.0,0.0,0.0,45.0,51.82,0.0,0.14,0.0,120.0,51.82,399.82,0.88,0.0,0.0,9.75,6.39,2.62,100.0,68.94,89.94,99.94
2018-01-27 00:19:00,2,1,51.87,85.0,55.0,51.78,51.81,51.87,0.0,0.0,0.0,45.0,51.81,0.0,0.15,0.0,120.0,51.81,399.82,0.88,0.0,0.0,9.75,6.41,2.62,100.0,68.87,89.98,99.94
2018-01-27 00:20:00,2,1,51.86,85.0,55.0,51.76,51.8,51.86,0.0,0.0,0.0,45.0,51.8,0.0,0.16,0.0,120.0,51.8,399.82,0.88,0.0,0.0,9.75,6.43,2.62,100.0,68.8,90.02,99.94
2018-01-27 00:21:00,2,1,51.85,85.0,55.0,51.75,51.79,51.85,0.0,0.0,0.0,45.0,51.78,0.0,0.16,0.0,120.0,51.79,399.82,0.88,0.0,0.0,9.75,6.44,2.62,100.0,68.73,90.06,99.94
2018-01-27 00:22:00,2,1,51.84,85.0,55.0,51.74,51.78,51.84,0.0,0.0,0.0,45.0,51.77,0.0,0.17,0.0,120.0,51.78,399.82,0.88,0.0,0.0,9.75,6.46,2.62,100.0,68.66,90.1,99.94
2018-01-27 00:23:00,2,1,51.83,85.0,55.0,51.73,51.76,51.83,0.0,0.0,0.0,45.0,51.76,0.0,0.18,0.0,120.0,51.77,399.82,0.88,0.0,0.0,9.75,6.48,2.62,100.0,68.59,90.14,99.94
2018-01-27 00:24:00,2,1,51.82,85.0,55.0,51.72,51.75,51.82,0.0,0.0,0.0,45.0,51.75,0.0,0.18,0.0,120.0,51.75,399.82,0.88,0.0,0.0,9.75,6.49,2.62,100.0,68.52,90.19,99.94
2018-01-27 00:25:00,2,1,51.8,85.0,55.0,51.71,51.74,51.8,0.0,0.0,0.0,45.0,51.74,0.0,0.19,0.0,120.0,51.74,399.82,0.88,0.0,0.0,9.75,6.51,2.62,100.0,68.45,90.23,99.94
2018-01-27 00:26:00,2,1,51.79,85.0,55.0,51.69,51.73,51.79,0.0,0.0,0.0,45.0,51.73,0.0,0.2,0.0,120.0,51.73,399.82,0.88,0.0,0.0,9.75,6.53,2.62,100.0,68.38,90.27,99.94
2018-01-27 00:27:00,2,1,51.78,85.0,55.0,51.68,51.72,51.78,0.0,0.0,0.0,45.0,51.71,0.0,0.2,0.0,120.0,51.72,399.82,0.88,0.0,0.0,9.75,6.54,2.62,100.0,68.31,90.32,99.94
2018-01-27 00:28:00,2,1,51.77,85.0,55.0,51.67,51.7,51.77,0.0,0.0,0.0,45.0,51.7,0.0,0.21,0.0,120.0,51.71,399.82,0.88,0.0,0.0,9.75,6.56,2.62,100.0,68.23,90.36,99.94
2018-01-27 00:29:00,2,1,51.76,85.0,55.0,51.66,51.69,51.76,0.0,0.0,0.0,45.0,51.69,0.0,0.22,0.0,120.0,51.69,399.82,0.88,0.0,0.0,9.75,6.57,2.62,100.0,68.16,90.4,99.95
2018-01-27 00:30:00,2,1,51.74,85.0,55.0,51.64,51.68,51.74,0.0,0.0,0.0,45.0,51.68,0.0,0.22,0.0,120.0,51.68,399.82,0.88,0.0,0.0,9.75,6.59,2.62,100.0,68.09,90.45,99.95
2018-01-27 00:31:00,2,1,51.73,85.0,55.0,51.63,51.67,51.73,0.0,0.0,0.0,45.0,51.67,0.0,0.23,0.0,120.0,51.67,399.82,0.88,0.0,0.0,9.75,6.61,2.62,100.0,68.02,90.49,99.95
2018-01-27 00:32:00,2,1,51.72,85.0,55.0,51.62,51.66,51.72,0.0,0.0,0.0,45.0,51.65,0.0,0.24,0.0,120.0,51.66,399.82,0.88,0.0,0.0,9.75,6.62,2.62,100.0,67.94,90.54,99.95
2018-01-27 00:33:00,2,1,51.71,85.0,55.0,51.61,51.64,51.71,0.0,0.0,0.0,45.0,51.64,0.0,0.24,0.0,120.0,51.65,399.82,0.88,0.0,0.0,9.75,6.64,2.62,100.0,67.87,90.59,99.95
2018-01-27 00:34:00,2,1,51.69,85.0,55.0,51.59,51.63,51.69,0.0,0.0,0.0,45.0,51.63,0.0,0.25,0.0,120.0,51.63,399.82,0.88,0.0,0.0,9.75,6.65,2.62,100.0,67.8,90.63,99.94
2018-01-27 00:35:00,2,1,51.68,85.0,55.0,51.58,51.62,51.68,0.0,0.0,0.0,45.0,51.62,0.0,0.26,0.0,120.0,51.62,399.82,0.88,0.0,0.0,9.75,6.67,2.62,100.0,67.72,90.68,99.94
2018-01-27 00:36:00,2,1,51.67,85.0,55.0,51.57,51.6,51.67,0.0,0.0,0.0,45.0,51.6,0.0,0.27,0.0,120.0,51.61,399.82,0.88,0.0,0.0,9.75,6.68,2.62,100.0,67.65,90.72,99.94
2018-01-27 00:37:00,2,1,51.65,85.0,55.0,51.56,51.59,51.65,0.0,0.0,0.0,45.0,51.59,0.0,0.27,0.0,120.0,51.59,399.82,0.88,0.0,0.0,9.75,6.7,2.62,100.0,67.58,90.77,99.94
2018-01-27 00:38:00,2,1,51.64,85.0,55.0,51.54,51.58,51.64,0.0,0.0,0.0,45.0,51.58,0.0,0.28,0.0,120.0,51.58,399.82,0.88,0.0,0.0,9.75,6.71,2.62,100.0,67.5,90.82,99.94
2018-01-27 00:39:00,2,1,51.63,85.0,55.0,51.53,51.57,51.63,0.0,0.0,0.0,45.0,51.56,0.0,0.29,0.0,120.0,51.57,399.82,0.88,0.0,0.0,9.75,6.72,2.62,100.0,67.43,90.86,99.94
2018-01-27 00:40:00,2,1,51.62,85.0,55.0,51.52,51.55,51.62,0.0,0.0,0.0,45.0,51.55,0.0,0.29,0.0,120.0,51.56,399.82,0.88,0.0,0.0,9.75,6.74,2.62,100.0,67.36,90.91,99.94
2018-01-27 00:41:00,2,1,51.6,85.0,55.0,51.5,51.54,51.6,0.0,0.0,0.0,45.0,51.54,0.0,0.3,0.0,120.0,51.54,399.82,0.88,0.0,0.0,9.75,6.75,2.62,100.0,67.29,90.96,99.94
2018-01-27 00:42:00,2,1,51.59,85.0,55.0,51.49,51.53,51.59,0.0,0.0,0.0,45.0,51.53,0.0,0.31,0.0,120.0,51.53,399.82,0.88,0.0,0.0,9.75,6.77,2.62,100.0,67.22,91.01,99.94
2018-01-27 00:43:00,2,1,51.58,85.0,55.0,51.48,51.52,51.58,0.0,0.0,0.0,45.0,51.51,0.0,0.32,0.0,120.0,51.52,399.82,0.88,0.0,0.0,9.75,6.78,2.62,100.0,67.15,91.05,99.94
2018-01-27 00:44:00,2,1,51.56,85.0,55.0,51.47,51.5,51.56,0.0,0.0,0.0,45.0,51.5,0.0,0.32,0.0,120.0,51.51,399.82,0.88,0.0,0.0,9.75,6.79,2.62,100.0,67.07,91.1,99.94
2018-01-27 00:45:00,2,1,51.55,85.0,55.0,51.45,51.49,51.55,0.0,0.0,0.0,45.0,51.49,0.0,0.33,0.0,120.0,51.49,399.82,0.88,0.0,0.0,9.75,6.81,2.62,100.0,67.0,91.15,99.94
2018-01-27 00:46:00,2,1,51.54,85.0,55.0,51.44,51.48,51.54,0.0,0.0,0.0,45.0,51.47,0.0,0.34,0.0,120.0,51.48,399.82,0.88,0.0,0.0,9.75,6.82,2.62,100.0,66.93,91.19,99.93
2018-01-27 00:47:00,2,1,51.53,85.0,55.0,51.43,51.46,51.53,0.0,0.0,0.0,45.0,51.46,0.0,0.34,0.0,120.0,51.47,399.82,0.88,0.0,0.0,9.75,6.83,2.62,100.0,66.86,91.24,99.93
2018-01-27 00:48:00,2,1,51.51,85.0,55.0,51.41,51.45,51.51,0.0,0.0,0.0,45.0,51.45,0.0,0.35,0.0,120.0,51.45,399.82,0.88,0.0,0.0,9.75,6.84,2.62,100.0,66.79,91.29,99.93
2018-01-27 00:49:00,2,1,51.5,85.0,55.0,51.4,51.44,51.5,0.0,0.0,0.0,45.0,51.44,0.0,0.36,0.0,120.0,51.44,399.82,0.88,0.0,0.0,9.75,6.86,2.62,100.0,66.73,91.34,99.93
2018-01-27 00:50:00,2,1,51.49,85.0,55.0,51.39,51.43,51.49,0.0,0.0,0.0,45.0,51.42,0.0,0.37,0.0,120.0,51.43,399.82,0.88,0.0,0.0,9.75,6.87,2.62,100.0,66.66,91.39,99.93
2018-01-27 00:51:00,2,1,51.47,85.0,55.0,51.38,51.41,51.47,0.0,0.0,0.0,45.0,51.41,0.0,0.37,0.0,120.0,51.42,399.82,0.88,0.0,0.0,9.75,6.88,2.62,100.0,66.59,91.43,99.93
2018-01-27 00:52:00,2,1,51.46,85.0,55.0,51.36,51.4,51.46,0.0,0.0,0.0,45.0,51.4,0.0,0.38,0.0,120.0,51.4,399.82,0.88,0.0,0.0,9.75,6.89,2.62,100.0,66.52,91.48,99.93
2018-01-27 00:53:00,2,1,51.45,85.0,55.0,51.35,51.39,51.45,0.0,0.0,0.0,45.0,51.38,0.0,0.39,0.0,120.0,51.39,399.82,0.88,0.0,0.0,9.75,6.9,2.62,100.0,66.46,91.53,99.92
2018-01-27 00:54:00,2,1,51.44,85.0,55.0,51.34,51.37,51.44,0.0,0.0,0.0,45.0,51.37,0.0,0.4,0.0,120.0,51.38,399.82,0.88,0.0,0.0,9.75,6.91,2.62,100.0,66.39,91.58,99.92
2018-01-27 00:55:00,2,1,51.42,85.0,55.0,51.33,51.36,51.42,0.0,0.0,0.0,45.0,51.36,0.0,0.4,0.0,120.0,51.36,399.82,0.88,0.0,0.0,9.75,6.92,2.62,100.0,66.33,91.62,99.92
2018-01-27 00:56:00,2,1,51.41,85.0,55.0,51.31,51.35,51.41,0.0,0.0,0.0,45.0,51.35,0.0,0.41,0.0,120.0,51.35,399.82,0.88,0.0,0.0,9.75,6.94,2.62,100.0,66.27,91.67,99.92
2018-01-27 00:57:00,2,1,51.4,85.0,55.0,51.3,51.34,51.4,0.0,0.0,0.0,45.0,51.33,0.0,0.42,0.0,120.0,51.34,399.82,0.88,0.0,0.0,9.75,6.95,2.62,100.0,66.2,91.72,99.92
2018-01-27 00:58:00,2,1,51.38,85.0,55.0,51.29,51.32,51.38,0.0,0.0,0.0,45.0,51.32,0.0,0.43,0.0,120.0,51.33,399.82,0.88,0.0,0.0,9.75,6.96,2.62,100.0,66.14,91.77,99.92
2018-01-27 00:59:00,2,1,51.37,85.0,55.0,51.28,51.31,51.37,0.0,0.0,0.0,45.0,51.31,0.0,0.43,0.0,120.0,51.31,399.82,0.88,0.0,0.0,9.75,6.97,2.62,100.0,66.08,91.81,99.91
2018-01-27 01:00:00,2,1,51.36,85.0,55.0,51.26,51.3,51.36,0.0,0.0,0.0,45.0,51.3,0.0,0.44,0.0,120.0,51.3,399.82,0.88,0.0,0.0,9.75,6.98,2.62,100.0,66.02,91.86,99.91
2018-01-27 01:01:00,2,1,51.35,85.0,55.0,51.25,51.29,51.35,0.0,0.0,0.0,45.0,51.28,0.0,0.45,0.0,120.0,51.29,399.82,0.88,0.0,0.0,9.75,6.98,2.62,100.0,65.97,91.91,99.91
2018-01-27 01:02:00,2,1,51.33,85.0,55.0,51.26,51.29,51.33,0.0,0.0,0.0,45.0,51.28,0.0,0.46,0.0,120.0,51.29,536.5,0.88,0.0,0.0,13.08,6.99,5.63,100.0,65.93,91.91,99.91
2018-01-27 01:03:00,2,1,51.32,85.0,55.0,51.25,51.29,51.32,0.0,0.0,0.0,45.0,51.29,0.0,0.46,0.0,120.0,51.29,536.5,0.88,0.0,0.0,13.08,6.99,6.23,100.0,65.89,91.91,99.92
2018-01-27 01:04:00,2,1,51.31,85.0,55.0,51.24,51.28,51.31,0.0,0.0,0.0,45.0,51.28,0.0,0.47,0.0,120.0,51.28,536.5,0.88,0.0,0.0,13.08,7.0,6.32,100.0,65.85,91.92,99.92
2018-01-27 01:05:00,2,1,51.3,85.0,55.0,51.23,51.28,51.3,0.0,0.0,0.0,45.0,51.28,0.0,0.48,0.0,120.0,51.28,536.5,0.88,0.0,0.0,13.08,7.0,6.33,100.0,65.81,91.94,99.93
2018-01-27 01:06:00,2,1,51.29,85.0,55.0,51.22,51.27,51.29,0.0,0.0,0.0,45.0,51.27,0.0,0.49,0.0,120.0,51.27,536.5,0.88,0.0,0.0,13.08,7.0,6.33,100.0,65.77,91.97,99.93
2018-01-27 01:07:00,2,1,51.29,85.0,55.0,51.21,51.26,51.29,0.0,0.0,0.0,45.0,51.26,0.0,0.49,0.0,120.0,51.26,536.5,0.88,0.0,0.0,13.08,7.01,6.33,100.0,65.73,92.01,99.93
2018-01-27 01:08:00,2,1,51.28,85.0,55.0,51.2,51.25,51.28,0.0,0.0,0.0,45.0,51.25,0.0,0.5,0.0,120.0,51.25,536.5,0.88,0.0,0.0,13.08,7.01,6.33,100.0,65.7,92.04,99.93
2018-01-27 01:09:00,2,1,51.27,85.0,55.0,51.19,51.24,51.27,0.0,0.0,0.0,45.0,51.24,0.0,0.51,0.0,120.0,51.24,536.5,0.88,0.0,0.0,13.08,7.01,6.33,100.0,65.66,92.08,99.93
2018-01-27 01:10:00,2,1,51.26,85.0,55.0,51.19,51.23,51.26,0.0,0.0,0.0,45.0,51.23,0.0,0.52,0.0,120.0,51.23,536.5,0.88,0.0,0.0,13.08,7.02,6.33,100.0,65.63,92.11,99.93
2018-01-27 01:11:00,2,1,51.25,85.0,55.0,51.18,51.22,51.25,0.0,0.0,0.0,45.0,51.22,0.0,0.53,0.0,120.0,51.22,536.5,0.88,0.0,0.0,13.08,7.02,6.33,100.0,65.59,92.15,99.93
2018-01-27 01:12:00,2,1,51.24,85.0,55.0,51.17,51.21,51.24,0.0,0.0,0.0,45.0,51.21,0.0,0.53,0.0,120.0,51.22,536.5,0.88,0.0,0.0,13.08,7.02,6.33,100.0,65.56,92.18,99.93
2018-01-27 01:13:00,2,1,51.23,85.0,55.0,51.16,51.2,51.23,0.0,0.0,0.0,45.0,51.2,0.0,0.54,0.0,120.0,51.21,536.5,0.88,0.0,0.0,13.08,7.02,6.33,100.0,65.53,92.22,99.93
2018-01-27 01:14:00,2,1,51.22,85.0,55.0,51.15,51.2,51.22,0.0,0.0,0.0,45.0,51.19,0.0,0.55,0.0,120.0,51.2,536.5,0.88,0.0,0.0,13.08,7.03,6.33,100.0,65.5,92.25,99.93
2018-01-27 01:15:00,2,1,51.21,85.0,55.0,51.14,51.19,51.21,0.0,0.0,0.0,45.0,51.19,0.0,0.56,0.0,120.0,51.19,536.5,0.88,0.0,0.0,13.08,7.03,6.33,100.0,65.48,92.28,99.93
2018-01-27 01:16:00,2,1,51.2,85.0,55.0,51.13,51.18,51.2,0.0,0.0,0.0,45.0,51.18,0.0,0.56,0.0,120.0,51.18,536.5,0.88,0.0,0.0,13.08,7.03,6.33,100.0,65.45,92.32,99.93
2018-01-27 01:17:00,2,1,51.19,85.0,55.0,51.12,51.17,51.19,0.0,0.0,0.0,45.0,51.17,0.0,0.57,0.0,120.0,51.17,536.5,0.88,0.0,0.0,13.08,7.03,6.33,100.0,65.43,92.35,99.93
2018-01-27 01:18:00,2,1,51.19,85.0,55.0,51.11,51.16,51.19,0.0,0.0,0.0,45.0,51.16,0.0,0.58,0.0,120.0,51.16,536.5,0.88,0.0,0.0,13.08,7.03,6.33,100.0,65.41,92.39,99.93
2018-01-27 01:19:00,2,1,51.18,85.0,55.0,51.11,51.15,51.18,0.0,0.0,0.0,45.0,51.15,0.0,0.59,0.0,120.0,51.15,536.5,0.88,0.0,0.0,13.08,7.03,6.33,100.0,65.38,92.42,99.93
2018-01-27 01:20:00,2,1,51.17,85.0,55.0,51.1,51.14,51.17,0.0,0.0,0.0,45.0,51.14,0.0,0.6,0.0,120.0,51.14,536.5,0.88,0.0,0.0,13.08,7.04,6.33,100.0,65.36,92.45,99.93
2018-01-27 01:21:00,2,1,51.16,85.0,55.0,51.09,51.13,51.16,0.0,0.0,0.0,45.0,51.13,0.0,0.6,0.0,120.0,51.14,536.5,0.88,0.0,0.0,13.08,7.04,6.33,100.0,65.35,92.49,99.92
2018-01-27 01:22:00,2,1,51.15,85.0,55.0,51.08,51.12,51.15,0.0,0.0,0.0,45.0,51.12,0.0,0.61,0.0,120.0,51.13,536.5,0.88,0.0,0.0,13.08,7.04,6.33,100.0,65.33,92.52,99.92
2018-01-27 01:23:00,2,1,51.14,85.0,55.0,51.07,51.12,51.14,0.0,0.0,0.0,45.0,51.12,0.0,0.62,0.0,120.0,51.12,536.5,0.88,0.0,0.0,13.08,7.04,6.33,100.0,65.31,92.55,99.92
2018-01-27 01:24:00,2,1,51.13,85.0,55.0,51.06,51.11,51.13,0.0,0.0,0.0,45.0,51.11,0.0,0.63,0.0,120.0,51.11,536.5,0.88,0.0,0.0,13.08,7.04,6.33,100.0,65.3,92.58,99.92
2018-01-27 01:25:00,2,1,51.13,85.0,55.0,51.05,51.1,51.13,0.0,0.0,0.0,45.0,51.1,0.0,0.64,0.0,120.0,51.1,536.5,0.88,0.0,0.0,13.08,7.04,6.33,100.0,65.29,92.62,99.91
2018-01-27 01:26:00,2,1,51.12,85.0,55.0,51.05,51.09,51.12,0.0,0.0,0.0,45.0,51.09,0.0,0.64,0.0,120.0,51.09,536.5,0.88,0.0,0.0,13.08,7.04,6.33,100.0,65.28,92.65,99.91
2018-01-27 01:27:00,2,1,51.11,85.0,55.0,51.04,51.08,51.11,0.0,0.0,0.0,45.0,51.08,0.0,0.65,0.0,120.0,51.08,536.5,0.88,0.0,0.0,13.08,7.04,6.33,100.0,65.27,92.68,99.91
2018-01-27 01:28:00,2,1,51.1,85.0,55.0,51.03,51.07,51.1,0.0,0.0,0.0,45.0,51.07,0.0,0.66,0.0,120.0,51.08,536.5,0.88,0.0,0.0,13.08,7.04,6.33,100.0,65.26,92.71,99.9
2018-01-27 01:29:00,2,1,51.09,85.0,55.0,51.02,51.07,51.09,0.0,0.0,0.0,45.0,51.07,0.0,0.67,0.0,120.0,51.07,536.5,0.88,0.0,0.0,13.08,7.04,6.33,100.0,65.25,92.74,99.9
2018-01-27 01:30:00,2,1,51.09,85.0,55.0,51.01,51.06,51.09,0.0,0.0,0.0,45.0,51.06,0.0,0.68,0.0,120.0,51.06,536.5,0.88,0.0,0.0,13.08,7.04,6.33,100.0,65.25,92.77,99.89
2018-01-27 01:31:00,2,1,51.08,85.0,55.0,51.01,51.05,51.08,0.0,0.0,0.0,45.0,51.05,0.0,0.69,0.0,120.0,51.05,536.5,0.88,0.0,0.0,13.08,7.04,6.33,100.0,65.25,92.8,99.89
2018-01-27 01:32:00,2,1,51.07,85.0,55.0,51.0,51.04,51.07,0.0,0.0,0.0,45.0,51.04,0.0,0.69,0.0,120.0,51.04,536.5,0.88,0.0,0.0,13.08,7.04,6.33,100.0,65.24,92.83,99.88
2018-01-27 01:33:00,2,1,51.06,85.0,55.0,50.99,51.03,51.06,0.0,0.0,0.0,45.0,51.03,0.0,0.7,0.0,120.0,51.04,536.5,0.88,0.0,0.0,13.08,7.03,6.33,100.0,65.25,92.86,99.88
2018-01-27 01:34:00,2,1,51.05,85.0,55.0,50.98,51.03,51.05,0.0,0.0,0.0,45.0,51.03,0.0,0.71,0.0,120.0,51.03,536.5,0.88,0.0,0.0,13.08,7.03,6.33,100.0,65.25,92.9,99.87
2018-01-27 01:35:00,2,1,51.05,85.0,55.0,50.97,51.02,51.05,0.0,0.0,0.0,45.0,51.02,0.0,0.72,0.0,120.0,51.02,536.5,0.88,0.0,0.0,13.08,7.03,6.33,100.0,65.25,92.93,99.87
2018-01-27 01:36:00,2,1,51.04,85.0,55.0,50.97,51.01,51.04,0.0,0.0,0.0,45.0,51.01,0.0,0.73,0.0,120.0,51.01,536.5,0.88,0.0,0.0,13.08,7.03,6.33,100.0,65.26,92.96,99.86
2018-01-27 01:37:00,2,1,51.03,85.0,55.0,50.96,51.0,51.03,0.0,0.0,0.0,45.0,51.0,0.0,0.73,0.0,120.0,51.0,536.5,0.88,0.0,0.0,13.08,7.03,6.33,100.0,65.27,92.99,99.86
2018-01-27 01:38:00,2,1,51.02,85.0,55.0,50.95,51.0,51.02,0.0,0.0,0.0,45.0,50.99,0.0,0.74,0.0,120.0,51.0,536.5,0.88,0.0,0.0,13.08,7.03,6.33,100.0,65.27,93.01,99.85
2018-01-27 01:39:00,2,1,51.01,85.0,55.0,50.94,50.99,51.01,0.0,0.0,0.0,45.0,50.99,0.0,0.75,0.0,120.0,50.99,536.5,0.88,0.0,0.0,13.08,7.03,6.33,100.0,65.29,93.04,99.85
2018-01-27 01:40:00,2,1,51.01,85.0,55.0,50.94,50.98,51.01,0.0,0.0,0.0,45.0,50.98,0.0,0.76,0.0,120.0,50.98,536.5,0.88,0.0,0.0,13.08,7.03,6.33,100.0,65.3,93.07,99.84
2018-01-27 01:41:00,2,1,51.0,85.0,55.0,50.93,50.97,51.0,0.0,0.0,0.0,45.0,50.97,0.0,0.77,0.0,120.0,50.97,536.5,0.88,0.0,0.0,13.08,7.02,6.33,100.0,65.31,93.1,99.83
2018-01-27 01:42:00,2,1,50.99,85.0,55.0,50.92,50.97,50.99,0.0,0.0,0.0,45.0,50.96,0.0,0.78,0.0,120.0,50.97,536.5,0.88,0.0,0.0,13.08,7.02,6.33,100.0,65.33,93.13,99.83
2018-01-27 01:43:00,2,1,50.98,85.0,55.0,50.91,50.96,50.98,0.0,0.0,0.0,45.0,50.96,0.0,0.78,0.0,120.0,50.96,536.5,0.88,0.0,0.0,13.08,7.02,6.33,100.0,65.35,93.16,99.82
2018-01-27 01:44:00,2,1,50.98,85.0,55.0,50.91,50.95,50.98,0.0,0.0,0.0,45.0,50.95,0.0,0.79,0.0,120.0,50.95,536.5,0.88,0.0,0.0,13.08,7.02,6.33,100.0,65.37,93.19,99.81
2018-01-27 01:45:00,2,1,50.97,85.0,55.0,50.9,50.94,50.97,0.0,0.0,0.0,45.0,50.94,0.0,0.8,0.0,120.0,50.94,536.5,0.88,0.0,0.0,13.08,7.02,6.33,99.99,65.39,93.22,99.81
2018-01-27 01:46:00,2,1,50.96,85.0,55.0,50.89,50.94,50.96,0.0,0.0,0.0,45.0,50.94,0.0,0.81,0.0,120.0,50.94,536.5,0.88,0.0,0.0,13.08,7.01,6.33,99.99,65.42,93.24,99.8
2018-01-27 01:47:00,2,1,50.96,85.0,55.0,50.88,50.93,50.96,0.0,0.0,0.0,45.0,50.93,0.0,0.82,0.0,120.0,50.93,536.5,0.88,0.0,0.0,13.08,7.01,6.33,99.98,65.44,93.27,99.79
2018-01-27 01:48:00,2,1,50.95,85.0,55.0,50.88,50.92,50.95,0.0,0.0,0.0,45.0,50.92,0.0,0.83,0.0,120.0,50.92,536.5,0.88,0.0,0.0,13.08,7.01,6.33,99.97,65.47,93.3,99.79
2018-01-27 01:49:00,2,1,50.94,85.0,55.0,50.87,50.91,50.94,0.0,0.0,0.0,45.0,50.91,0.0,0.83,0.0,120.0,50.92,536.5,0.88,0.0,0.0,13.08,7.01,6.33,99.97,65.5,93.33,99.78
2018-01-27 01:50:00,2,1,50.93,85.0,55.0,50.86,50.91,50.93,0.0,0.0,0.0,45.0,50.91,0.0,0.84,0.0,120.0,50.91,536.5,0.88,0.0,0.0,13.08,7.01,6.33,99.96,65.53,93.36,99.77
2018-01-27 01:51:00,2,1,50.93,85.0,55.0,50.86,50.9,50.93,0.0,0.0,0.0,45.0,50.9,0.0,0.85,0.0,120.0,50.9,741.53,0.88,0.0,0.0,18.08,7.0,10.41,99.93,65.57,93.38,99.77
2018-01-27 01:52:00,2,1,50.92,85.0,55.0,50.87,50.92,50.92,0.0,0.0,0.0,45.0,50.92,0.0,0.86,0.0,120.0,50.91,741.53,0.88,0.0,0.0,18.08,7.0,15.86,99.89,65.6,93.32,99.75
2018-01-27 01:53:00,2,1,50.92,85.0,55.0,50.87,50.93,50.92,0.0,0.0,0.0,45.0,50.93,0.0,0.87,0.0,120.0,50.93,741.53,0.88,0.0,0.0,18.08,7.0,16.6,99.86,65.64,93.26,99.73
2018-01-27 01:54:00,2,1,50.92,85.0,55.0,50.87,50.94,50.92,0.0,0.0,0.0,45.0,50.94,0.0,0.88,0.0,120.0,50.93,741.53,0.88,0.0,0.0,18.08,7.0,16.7,99.84,65.68,93.25,99.7
2018-01-27 01:55:00,2,1,50.92,85.0,55.0,50.86,50.94,50.92,0.0,0.0,0.0,45.0,50.94,0.0,0.89,0.0,120.0,50.94,741.53,0.88,0.0,0.0,18.08,6.99,16.71,99.81,65.73,93.25,99.67
2018-01-27 01:56:00,2,1,50.91,85.0,55.0,50.86,50.93,50.91,0.0,0.0,0.0,45.0,50.93,0.0,0.89,0.0,120.0,50.93,741.53,0.88,0.0,0.0,18.08,6.99,16.71,99.78,65.77,93.25,99.64
2018-01-27 01:57:00,2,1,50.91,85.0,55.0,50.86,50.93,50.91,0.0,0.0,0.0,45.0,50.93,0.0,0.9,0.0,120.0,50.93,741.53,0.88,0.0,0.0,18.08,6.99,16.71,99.75,65.82,93.26,99.62
2018-01-27 01:58:00,2,1,50.91,85.0,55.0,50.86,50.93,50.91,0.0,0.0,0.0,45.0,50.93,0.0,0.91,0.0,120.0,50.93,741.53,0.88,0.0,0.0,18.08,6.99,16.71,99.73,65.87,93.27,99.6
2018-01-27 01:59:00,2,1,50.9,85.0,55.0,50.85,50.93,50.9,0.0,0.0,0.0,45.0,50.93,0.0,0.92,0.0,120.0,50.93,741.53,0.88,0.0,0.0,18.08,6.98,16.71,99.71,65.92,93.28,99.57
2018-01-27 02:00:00,2,1,50.9,85.0,55.0,50.85,50.92,50.9,0.0,0.0,0.0,45.0,50.92,0.0,0.93,0.0,120.0,50.92,741.53,0.88,0.0,0.0,18.08,6.98,16.71,99.69,65.97,93.3,99.55
2018-01-27 02:01:00,2,1,50.9,85.0,55.0,50.84,50.92,50.9,0.0,0.0,0.0,45.0,50.92,0.0,0.94,0.0,120.0,50.92,741.53,0.88,0.0,0.0,18.08,6.98,16.71,99.67,66.04,93.31,99.53
2018-01-27 02:02:00,2,1,50.89,85.0,55.0,50.84,50.91,50.89,0.0,0.0,0.0,45.0,50.91,0.0,0.94,0.0,120.0,50.92,741.53,0.88,0.0,0.0,18.08,6.98,16.71,99.65,66.12,93.33,99.52
2018-01-27 02:03:00,2,1,50.89,85.0,55.0,50.84,50.91,50.89,0.0,0.0,0.0,45.0,50.91,0.0,0.95,0.0,120.0,50.91,741.53,0.88,0.0,0.0,18.08,6.98,16.71,99.64,66.2,93.34,99.5
2018-01-27 02:04:00,2,1,50.88,85.0,55.0,50.83,50.91,50.88,0.0,0.0,0.0,45.0,50.91,0.0,0.96,0.0,120.0,50.91,741.53,0.88,0.0,0.0,18.08,6.98,16.71,99.62,66.29,93.36,99.48
2018-01-27 02:05:00,2,1,50.88,85.0,55.0,50.83,50.9,50.88,0.0,0.0,0.0,45.0,50.9,0.0,0.97,0.0,120.0,50.9,741.53,0.88,0.0,0.0,18.08,6.98,16.71,99.61,66.37,93.38,99.47
2018-01-27 02:06:00,2,1,50.87,85.0,55.0,50.82,50.9,50.87,0.0,0.0,0.0,45.0,50.9,0.0,0.98,0.0,120.0,50.9,741.53,0.88,0.0,0.0,18.08,6.98,16.71,99.59,66.46,93.4,99.46
2018-01-27 02:07:00,2,1,50.87,85.0,55.0,50.81,50.89,50.87,0.0,0.0,0.0,45.0,50.89,0.0,0.99,0.0,120.0,50.89,741.53,0.88,0.0,0.0,18.08,6.98,16.71,99.58,66.55,93.42,99.44
2018-01-27 02:08:00,2,1,50.86,85.0,55.0,50.81,50.88,50.86,0.0,0.0,0.0,45.0,50.88,0.0,1.0,0.0,120.0,50.89,741.53,0.88,0.0,0.0,18.08,6.98,16.71,99.57,66.65,93.44,99.43
2018-01-27 02:09:00,2,1,50.86,85.0,55.0,50.8,50.88,50.86,0.0,0.0,0.0,45.0,50.88,0.0,1.0,0.0,120.0,50.88,741.53,0.88,0.0,0.0,18.08,6.98,16.71,99.56,66.74,93.46,99.42
2018-01-27 02:10:00,2,1,50.85,85.0,55.0,50.8,50.87,50.85,0.0,0.0,0.0,45.0,50.87,0.0,1.0,0.0,120.0,50.87,741.53,0.88,0.0,0.0,18.08,6.98,16.71,99.54,66.84,93.49,99.41
2018-01-27 02:11:00,2,1,50.84,85.0,55.0,50.79,50.87,50.84,0.0,0.0,0.0,45.0,50.87,0.0,1.0,0.0,120.0,50.87,741.53,0.88,0.0,0.0,18.08,6.98,16.71,99.53,66.94,93.51,99.4
2018-01-27 02:12:00,2,1,50.84,85.0,55.0,50.79,50.86,50.84,0.0,0.0,0.0,45.0,50.86,0.0,1.0,0.0,120.0,50.86,741.53,0.88,0.0,0.0,18.08,6.98,16.71,99.52,67.04,93.53,99.39
2018-01-27 02:13:00,2,1,50.83,85.0,55.0,50.78,50.86,50.83,0.0,0.0,0.0,45.0,50.86,0.0,1.0,0.0,120.0,50.86,741.53,0.88,0.0,0.0,18.08,6.98,16.71,99.51,67.14,93.56,99.38
2018-01-27 02:14:00,2,1,50.82,85.0,55.0,50.77,50.85,50.82,0.0,0.0,0.0,45.0,50.85,0.0,1.0,0.0,120.0,50.85,741.53,0.88,0.0,0.0,18.08,6.98,16.71,99.51,67.25,93.58,99.37
2018-01-27 02:15:00,2,1,50.82,85.0,55.0,50.77,50.84,50.82,0.0,0.0,0.0,45.0,50.84,0.0,1.0,0.0,120.0,50.84,741.53,0.88,0.0,0.0,18.08,6.98,16.71,99.5,67.36,93.61,99.36
2018-01-27 02:16:00,2,1,50.81,85.0,55.0,50.76,50.84,50.81,0.0,0.0,0.0,45.0,50.84,0.0,1.0,0.0,120.0,50.84,741.53,0.88,0.0,0.0,18.08,6.98,16.71,99.49,67.47,93.63,99.35
2018-01-27 02:17:00,2,1,50.81,85.0,55.0,50.75,50.83,50.81,0.0,0.0,0.0,45.0,50.83,0.0,1.0,0.0,120.0,50.83,741.53,0.88,0.0,0.0,18.08,6.98,16.71,99.48,67.58,93.66,99.34
2018-01-27 02:18:00,2,1,50.8,85.0,55.0,50.75,50.82,50.8,0.0,0.0,0.0,45.0,50.82,0.0,1.0,0.0,120.0,50.82,741.53,0.88,0.0,0.0,18.08,6.98,16.71,99.47,67.69,93.68,99.34
2018-01-27 02:19:00,2,1,50.79,85.0,55.0,50.74,50.82,50.79,0.0,0.0,0.0,45.0,50.82,0.0,1.0,0.0,120.0,50.82,741.53,0.88,0.0,0.0,18.08,6.98,16.71,99.47,67.8,93.71,99.33
2018-01-27 02:20:00,2,1,50.79,85.0,55.0,50.73,50.81,50.79,0.0,0.0,0.0,45.0,50.81,0.0,1.0,0.0,120.0,50.81,741.53,0.88,0.0,0.0,18.08,6.98,16.71,99.46,67.92,93.73,99.32
2018-01-27 02:21:00,2,1,50.78,85.0,55.0,50.73,50.8,50.78,0.0,0.0,0.0,45.0,50.8,0.0,1.0,0.0,120.0,50.8,741.53,0.88,0.0,0.0,18.08,6.98,16.71,99.45,68.04,93.76,99.31
2018-01-27 02:22:00,2,1,50.77,85.0,55.0,50.72,50.8,50.77,0.0,0.0,0.0,45.0,50.8,0.0,1.0,0.0,120.0,50.8,741.53,0.88,0.0,0.0,18.08,6.98,16.71,99.44,68.16,93.79,99.31
2018-01-27 02:23:00,2,1,50.77,85.0,55.0,50.71,50.79,50.77,0.0,0.0,0.0,45.0,50.79,0.0,1.0,0.0,120.0,50.79,741.53,0.88,0.0,0.0,18.08,6.98,16.71,99.44,68.28,93.81,99.3
2018-01-27 02:24:00,2,1,50.76,85.0,55.0,50.71,50.78,50.76,0.0,0.0,0.0,45.0,50.78,0.0,1.0,0.0,120.0,50.78,741.53,0.88,0.0,0.0,18.08,6.98,16.71,99.43,68.41,93.84,99.29
2018-01-27 02:25:00,2,1,50.75,85.0,55.0,50.7,50.78,50.75,0.0,0.0,0.0,45.0,50.78,0.0,1.0,0.0,120.0,50.78,741.53,0.88,0.0,0.0,18.08,6.98,16.71,99.43,68.53,93.87,99.29
2018-01-27 02:26:00,2,1,50.74,85.0,55.0,50.69,50.77,50.74,0.0,0.0,0.0,45.0,50.77,0.0,1.0,0.0,120.0,50.77,741.53,0.88,0.0,0.0,18.08,6.98,16.71,99.42,68.66,93.89,99.28
2018-01-27 02:27:00,2,1,50.74,85.0,55.0,50.69,50.76,50.74,0.0,0.0,0.0,45.0,50.76,0.0,1.0,0.0,120.0,50.76,741.53,0.88,0.0,0.0,18.08,6.98,16.71,99.41,68.79,93.92,99.28
2018-01-27 02:28:00,2,1,50.73,85.0,55.0,50.68,50.76,50.73,0.0,0.0,0.0,45.0,50.76,0.0,1.0,0.0,120.0,50.76,741.53,0.88,0.0,0.0,18.08,6.98,16.71,99.41,68.92,93.95,99.27
2018-01-27 02:29:00,2,1,50.72,85.0,55.0,50.67,50.75,50.72,0.0,0.0,0.0,45.0,50.75,0.0,1.0,0.0,120.0,50.75,741.53,0.88,0.0,0.0,18.08,6.98,16.71,99.4,69.06,93.98,99.27
2018-01-27 02:30:00,2,1,50.72,85.0,55.0,50.66,50.74,50.72,0.0,0.0,0.0,45.0,50.74,0.0,1.0,0.0,120.0,50.74,741.53,0.88,0.0,0.0,18.08,6.98,16.71,99.4,69.19,94.0,99.26
2018-01-27 02:31:00,2,1,50.71,85.0,55.0,50.66,50.73,50.71,0.0,0.0,0.0,45.0,50.73,0.0,1.0,0.0,120.0,50.74,741.53,0.88,0.0,0.0,18.08,6.98,16.71,99.39,69.33,94.03,99.25
2018-01-27 02:32:00,2,1,50.7,85.0,55.0,50.65,50.73,50.7,0.0,0.0,0.0,45.0,50.73,0.0,1.0,0.0,120.0,50.73,741.53,0.88,0.0,0.0,18.08,6.98,16.71,99.39,69.46,94.06,99.25
2018-01-27 02:33:00,2,1,50.7,85.0,55.0,50.64,50.72,50.7,0.0,0.0,0.0,45.0,50.72,0.0,1.0,0.0,120.0,50.72,741.53,0.88,0.0,0.0,18.08,6.98,16.71,99.38,69.6,94.09,99.24
2018-01-27 02:34:00,2,1,50.69,85.0,55.0,50.64,50.71,50.69,0.0,0.0,0.0,45.0,50.71,0.0,1.0,0.0,120.0,50.71,741.53,0.88,0.0,0.0,18.08,6.98,16.71,99.38,69.75,94.11,99.24
2018-01-27 02:35:00,2,1,50.68,85.0,55.0,50.63,50.71,50.68,0.0,0.0,0.0,45.0,50.71,0.0,1.0,0.0,120.0,50.71,741.53,0.88,0.0,0.0,18.08,6.98,16.71,99.37,69.89,94.14,99.23
2018-01-27 02:36:00,2,1,50.67,85.0,55.0,50.62,50.7,50.67,0.0,0.0,0.0,45.0,50.7,0.0,1.0,0.0,120.0,50.7,741.53,0.88,0.0,0.0,18.08,6.98,16.71,99.37,70.03,94.17,99.23
2018-01-27 02:37:00,2,1,50.67,85.0,55.0,50.62,50.69,50.67,0.0,0.0,0.0,45.0,50.69,0.0,1.0,0.0,120.0,50.69,741.53,0.88,0.0,0.0,18.08,6.98,16.71,99.36,70.18,94.2,99.22
2018-01-27 02:38:00,2,1,50.66,85.0,55.0,50.61,50.68,50.66,0.0,0.0,0.0,45.0,50.69,0.0,1.0,0.0,120.0,50.69,741.53,0.88,0.0,0.0,18.08,6.98,16.71,99.36,70.33,94.23,99.22
2018-01-27 02:39:00,2,1,50.65,85.0,55.0,50.6,50.68,50.65,0.0,0.0,0.0,45.0,50.68,0.0,1.0,0.0,120.0,50.68,741.53,0.88,0.0,0.0,18.08,6.98,16.71,99.35,70.47,94.25,99.21
2018-01-27 02:40:00,2,1,50.65,85.0,55.0,50.59,50.67,50.65,0.0,0.0,0.0,45.0,50.67,0.0,1.0,0.0,120.0,50.67,741.53,0.88,0.0,0.0,18.08,6.98,16.71,99.35,70.63,94.28,99.21
2018-01-27 02:41:00,2,1,50.64,85.0,55.0,50.59,50.66,50.64,0.0,0.0,0.0,45.0,50.66,0.0,1.0,0.0,120.0,50.67,741.53,0.88,0.0,0.0,18.08,6.98,16.71,99.34,70.78,94.31,99.21
2018-01-27 02:42:00,2,1,50.63,85.0,55.0,50.58,50.66,50.63,0.0,0.0,0.0,45.0,50.66,0.0,1.0,0.0,120.0,50.66,741.53,0.88,0.0,0.0,18.08,6.98,16.71,99.34,70.93,94.34,99.2
2018-01-27 02:43:00,2,1,50.62,85.0,55.0,50.57,50.65,50.62,0.0,0.0,0.0,45.0,50.65,0.0,1.0,0.0,120.0,50.65,741.53,0.88,0.0,0.0,18.08,6.98,16.71,99.34,71.09,94.37,99.2
2018-01-27 02:44:00,2,1,50.62,85.0,55.0,50.57,50.64,50.62,0.0,0.0,0.0,45.0,50.64,0.0,1.0,0.0,120.0,50.64,741.53,0.88,0.0,0.0,18.08,6.98,16.71,99.33,71.24,94.4,99.19
2018-01-27 02:45:00,2,1,50.61,85.0,55.0,50.56,50.64,50.61,0.0,0.0,0.0,45.0,50.64,0.0,1.0,0.0,120.0,50.64,741.53,0.88,0.0,0.0,18.08,6.98,16.71,99.33,71.4,94.42,99.19
2018-01-27 02:46:00,2,1,50.6,85.0,55.0,50.55,50.63,50.6,0.0,0.0,0.0,45.0,50.63,0.0,1.0,0.0,120.0,50.63,741.53,0.88,0.0,0.0,18.08,6.98,16.71,99.32,71.56,94.45,99.18
2018-01-27 02:47:00,2,1,50.6,85.0,55.0,50.54,50.62,50.6,0.0,0.0,0.0,45.0,50.62,0.0,1.0,0.0,120.0,50.62,741.53,0.88,0.0,0.0,18.08,6.98,16.71,99.32,71.72,94.48,99.18
2018-01-27 02:48:00,2,1,50.59,85.0,55.0,50.54,50.61,50.59,0.0,0.0,0.0,45.0,50.61,0.0,1.0,0.0,120.0,50.62,741.53,0.88,0.0,0.0,18.08,6.98,16.71,99.32,71.88,94.51,99.18
2018-01-27 02:49:00,2,1,50.58,85.0,55.0,50.53,50.61,50.58,0.0,0.0,0.0,45.0,50.61,0.0,1.0,0.0,120.0,50.61,741.53,0.88,0.0,0.0,18.08,6.98,16.71,99.31,72.05,94.54,99.17
2018-01-27 02:50:00,2,1,50.57,85.0,55.0,50.52,50.6,50.57,0.0,0.0,0.0,45.0,50.6,0.0,1.0,0.0,120.0,50.6,741.53,0.88,0.0,0.0,18.08,6.98,16.71,99.31,72.21,94.57,99.17
2018-01-27 02:51:00,2,1,50.57,85.0,55.0,50.52,50.59,50.57,0.0,0.0,0.0,45.0,50.59,0.0,1.0,0.0,120.0,50.59,741.53,0.88,0.0,0.0,18.08,6.98,16.71,99.3,72.38,94.59,99.16
2018-01-27 02:52:00,2,1,50.56,85.0,55.0,50.51,50.59,50.56,0.0,0.0,0.0,45.0,50.59,0.0,1.0,0.0,120.0,50.59,741.53,0.88,0.0,0.0,18.08,6.98,16.71,99.3,72.54,94.62,99.16
2018-01-27 02:53:00,2,1,50.55,85.0,55.0,50.5,50.58,50.55,0.0,0.0,0.0,45.0,50.58,0.0,1.0,0.0,120.0,50.58,741.53,0.88,0.0,0.0,18.08,6.98,16.71,99.3,72.71,94.65,99.16
2018-01-27 02:54:00,2,1,50.55,85.0,55.0,50.49,50.57,50.55,0.0,0.0,0.0,45.0,50.57,0.0,1.0,0.0,120.0,50.57,741.53,0.88,0.0,0.0,18.08,6.98,16.71,99.29,72.88,94.68,99.15
2018-01-27 02:55:00,2,1,50.54,85.0,55.0,50.49,50.56,50.54,0.0,0.0,0.0,45.0,50.56,0.0,1.0,0.0,120.0,50.57,741.53,0.88,0.0,0.0,18.08,6.98,16.71,99.29,73.05,94.71,99.15
2018-01-27 02:56:00,2,1,50.53,85.0,55.0,50.48,50.56,50.53,0.0,0.0,0.0,45.0,50.56,0.0,1.0,0.0,120.0,50.56,741.53,0.88,0.0,0.0,18.08,6.98,16.71,99.29,73.22,94.74,99.15
2018-01-27 02:57:00,2,1,50.52,85.0,55.0,50.47,50.55,50.52,0.0,0.0,0.0,45.0,50.55,0.0,1.0,0.0,120.0,50.55,741.53,0.88,0.0,0.0,18.08,6.98,16.71,99.28,73.4,94.76,99.14
2018-01-27 02:58:00,2,1,50.52,85.0,55.0,50.47,50.54,50.52,0.0,0.0,0.0,45.0,50.54,0.0,1.0,0.0,120.0,50.54,741.53,0.88,0.0,0.0,18.08,6.98,16.71,99.28,73.57,94.79,99.14
2018-01-27 02:59:00,2,1,50.51,85.0,55.0,50.46,50.54,50.51,0.0,0.0,0.0,45.0,50.54,0.0,1.0,0.0,120.0,50.54,741.53,0.88,0.0,0.0,18.08,6.98,16.71,99.28,73.75,94.82,99.14
2018-01-27 03:00:00,2,1,50.5,85.0,55.0,50.45,50.53,50.5,0.0,0.0,0.0,45.0,50.53,0.0,1.0,0.0,120.0,50.53,741.53,0.88,0.0,0.0,18.08,6.98,16.71,99.27,73.92,94.85,99.13
2018-01-27 03:01:00,2,1,50.5,85.0,55.0,50.44,50.52,50.5,0.0,0.0,0.0,45.0,50.52,0.0,1.0,0.0,120.0,50.52,741.53,0.88,0.0,0.0,18.08,6.98,16.71,99.27,74.13,94.88,99.13
2018-01-27 03:02:00,2,1,50.49,85.0,55.0,50.44,50.51,50.49,0.0,0.0,0.0,45.0,50.51,0.0,1.0,0.0,120.0,50.52,741.53,0.88,0.0,0.0,18.08,6.98,16.71,99.27,74.35,94.91,99.13
2018-01-27 03:03:00,2,1,50.48,85.0,55.0,50.43,50.51,50.48,0.0,0.0,0.0,45.0,50.51,0.0,1.0,0.0,120.0,50.51,741.53,0.88,0.0,0.0,18.08,6.97,16.71,99.27,74.58,94.94,99.12
2018-01-27 03:04:00,2,1,50.47,85.0,55.0,50.42,50.5,50.47,0.0,0.0,0.0,45.0,50.5,0.0,1.0,0.0,120.0,50.5,741.53,0.88,0.0,0.0,18.08,6.97,16.71,99.26,74.81,94.97,99.12
2018-01-27 03:05:00,2,1,50.47,85.0,55.0,50.42,50.49,50.47,0.0,0.0,0.0,45.0,50.49,0.0,1.0,0.0,120.0,50.49,741.53,0.88,0.0,0.0,18.08,6.97,16.71,99.26,75.04,94.99,99.12
2018-01-27 03:06:00,2,1,50.46,85.0,55.0,50.41,50.48,50.46,0.0,0.0,0.0,45.0,50.49,0.0,1.0,0.0,120.0,50.49,741.53,0.88,0.0,0.0,18.08,6.96,16.71,99.26,75.27,95.02,99.12
2018-01-27 03:07:00,2,1,50.45,85.0,55.0,50.4,50.48,50.45,0.0,0.0,0.0,45.0,50.48,0.0,1.0,0.0,120.0,50.48,741.53,0.88,0.0,0.0,18.08,6.96,16.71,99.26,75.5,95.05,99.11
2018-01-27 03:08:00,2,1,50.45,85.0,55.0,50.39,50.47,50.45,0.0,0.0,0.0,45.0,50.47,0.0,1.0,0.0,120.0,50.47,741.53,0.88,0.0,0.0,18.08,6.96,16.71,99.25,75.73,95.08,99.11
2018-01-27 03:09:00,2,1,50.44,85.0,55.0,50.39,50.46,50.44,0.0,0.0,0.0,45.0,50.46,0.0,1.0,0.0,120.0,50.46,741.53,0.88,0.0,0.0,18.08,6.95,16.71,99.25,75.96,95.11,99.11
2018-01-27 03:10:00,2,1,50.43,85.0,55.0,50.38,50.46,50.43,0.0,0.0,0.0,45.0,50.46,0.0,1.0,0.0,120.0,50.46,741.53,0.88,0.0,0.0,18.08,6.95,16.71,99.25,76.19,95.14,99.11
2018-01-27 03:11:00,2,1,50.42,85.0,55.0,50.37,50.45,50.42,0.0,0.0,0.0,45.0,50.45,0.0,1.0,0.0,120.0,50.45,741.53,0.88,0.0,0.0,18.08,6.95,16.71,99.25,76.42,95.17,99.1
2018-01-27 03:12:00,2,1,50.42,85.0,55.0,50.37,50.44,50.42,0.0,0.0,0.0,45.0,50.44,0.0,1.0,0.0,120.0,50.44,741.53,0.88,0.0,0.0,18.08,6.95,16.71,99.25,76.65,95.2,99.1
2018-01-27 03:13:00,2,1,50.41,85.0,55.0,50.36,50.43,50.41,0.0,0.0,0.0,45.0,50.43,0.0,1.0,0.0,120.0,50.44,741.53,0.88,0.0,0.0,18.08,6.94,16.71,99.24,76.88,95.23,99.1
2018-01-27 03:14:00,2,1,50.4,85.0,55.0,50.35,50.43,50.4,0.0,0.0,0.0,45.0,50.43,0.0,1.0,0.0,120.0,50.43,741.53,0.88,0.0,0.0,18.08,6.94,16.71,99.24,77.11,95.26,99.1
2018-01-27 03:15:00,2,1,50.39,85.0,55.0,50.34,50.42,50.39,0.0,0.0,0.0,45.0,50.42,0.0,1.0,0.0,120.0,50.42,741.53,0.88,0.0,0.0,18.08,6.94,16.71,99.24,77.34,95.29,99.1
2018-01-27 03:16:00,2,1,50.39,85.0,55.0,50.34,50.41,50.39,0.0,0.0,0.0,45.0,50.41,0.0,1.0,0.0,120.0,50.41,741.53,0.88,0.0,0.0,18.08,6.94,16.71,99.24,77.57,95.32,99.09
2018-01-27 03:17:00,2,1,50.38,85.0,55.0,50.33,50.41,50.38,0.0,0.0,0.0,45.0,50.41,0.0,1.0,0.0,120.0,50.41,741.53,0.88,0.0,0.0,18.08,6.93,16.71,99.24,77.8,95.34,99.09
2018-01-27 03:18:00,2,1,50.37,85.0,55.0,50.32,50.4,50.37,0.0,0.0,0.0,45.0,50.4,0.0,1.0,0.0,120.0,50.4,741.53,0.88,0.0,0.0,18.08,6.93,16.71,99.24,78.03,95.37,99.09
2018-01-27 03:19:00,2,1,50.37,85.0,55.0,50.31,50.39,50.37,0.0,0.0,0.0,45.0,50.39,0.0,1.0,0.0,120.0,50.39,741.53,0.88,0.0,0.0,18.08,6.93,16.71,99.23,78.26,95.4,99.09
2018-01-27 03:20:00,2,1,50.36,85.0,55.0,50.31,50.38,50.36,0.0,0.0,0.0,45.0,50.38,0.0,1.0,0.0,120.0,50.39,741.53,0.88,0.0,0.0,18.08,6.93,16.71,99.23,78.49,95.43,99.09
2018-01-27 03:21:00,2,1,50.35,85.0,55.0,50.3,50.38,50.35,0.0,0.0,0.0,45.0,50.38,0.0,1.0,0.0,120.0,50.38,741.53,0.88,0.0,0.0,18.08,6.93,16.71,99.23,78.72,95.46,99.09
2018-01-27 03:22:00,2,1,50.34,85.0,55.0,50.29,50.37,50.34,0.0,0.0,0.0,45.0,50.37,0.0,1.0,0.0,120.0,50.37,741.53,0.88,0.0,0.0,18.08,6.92,16.71,99.23,78.94,95.49,99.09
2018-01-27 03:23:00,2,1,50.34,85.0,55.0,50.29,50.36,50.34,0.0,0.0,0.0,45.0,50.36,0.0,1.0,0.0,120.0,50.36,741.53,0.88,0.0,0.0,18.08,6.92,16.71,99.23,79.17,95.52,99.08
2018-01-27 03:24:00,2,1,50.33,85.0,55.0,50.28,50.35,50.33,0.0,0.0,0.0,45.0,50.35,0.0,1.0,0.0,120.0,50.36,741.53,0.88,0.0,0.0,18.08,6.92,16.71,99.23,79.39,95.55,99.08
2018-01-27 03:25:00,2,1,50.32,85.0,55.0,50.27,50.35,50.32,0.0,0.0,0.0,45.0,50.35,0.0,1.0,0.0,120.0,50.35,741.53,0.88,0.0,0.0,18.08,6.92,16.71,99.23,79.62,95.58,99.08
2018-01-27 03:26:00,2,1,50.32,85.0,55.0,50.26,50.34,50.32,0.0,0.0,0.0,45.0,50.34,0.0,1.0,0.0,120.0,50.34,741.53,0.88,0.0,0.0,18.08,6.92,16.71,99.23,79.84,95.61,99.08
2018-01-27 03:27:00,2,1,50.31,85.0,55.0,50.26,50.33,50.31,0.0,0.0,0.0,45.0,50.33,0.0,1.0,0.0,120.0,50.33,741.53,0.88,0.0,0.0,18.08,6.92,16.71,99.23,80.06,95.64,99.08
2018-01-27 03:28:00,2,1,50.3,85.0,55.0,50.25,50.33,50.3,0.0,0.0,0.0,45.0,50.33,0.0,1.0,0.0,120.0,50.33,741.53,0.88,0.0,0.0,18.08,6.91,16.71,99.23,80.28,95.67,99.08
2018-01-27 03:29:00,2,1,50.29,85.0,55.0,50.24,50.32,50.29,0.0,0.0,0.0,45.0,50.32,0.0,1.0,0.0,120.0,50.32,741.53,0.88,0.0,0.0,18.08,6.91,16.71,99.22,80.5,95.7,99.08
2018-01-27 03:30:00,2,1,50.29,85.0,55.0,50.24,50.31,50.29,0.0,0.0,0.0,45.0,50.31,0.0,1.0,0.0,120.0,50.31,741.53,0.88,0.0,0.0,18.08,6.91,16.71,99.22,80.71,95.73,99.08
2018-01-27 03:31:00,2,1,50.28,85.0,55.0,50.23,50.3,50.28,0.0,0.0,0.0,45.0,50.3,0.0,1.0,0.0,120.0,50.31,741.53,0.88,0.0,0.0,18.08,6.91,16.71,99.22,80.93,95.75,99.08
2018-01-27 03:32:00,2,1,50.27,85.0,55.0,50.22,50.3,50.27,0.0,0.0,0.0,45.0,50.3,0.0,1.0,0.0,120.0,50.3,741.53,0.88,0.0,0.0,18.08,6.91,16.71,99.22,81.14,95.78,99.08
2018-01-27 03:33:00,2,1,50.26,85.0,55.0,50.21,50.29,50.26,0.0,0.0,0.0,45.0,50.29,0.0,1.0,0.0,120.0,50.29,741.53,0.88,0.0,0.0,18.08,6.91,16.71,99.22,81.35,95.81,99.07
2018-01-27 03:34:00,2,1,50.26,85.0,55.0,50.21,50.28,50.26,0.0,0.0,0.0,45.0,50.28,0.0,1.0,0.0,120.0,50.28,741.53,0.88,0.0,0.0,18.08,6.91,16.71,99.22,81.56,95.84,99.07
2018-01-27 03:35:00,2,1,50.25,85.0,55.0,50.2,50.28,50.25,0.0,0.0,0.0,45.0,50.28,0.0,1.0,0.0,120.0,50.28,741.53,0.88,0.0,0.0,18.08,6.91,16.71,99.22,81.76,95.87,99.07
2018-01-27 03:36:00,2,1,50.24,85.0,55.0,50.19,50.27,50.24,0.0,0.0,0.0,45.0,50.27,0.0,1.0,0.0,120.0,50.27,741.53,0.88,0.0,0.0,18.08,6.91,16.71,99.22,81.97,95.9,99.07
2018-01-27 03:37:00,2,1,50.24,85.0,55.0,50.19,50.26,50.24,0.0,0.0,0.0,45.0,50.26,0.0,1.0,0.0,120.0,50.26,741.53,0.88,0.0,0.0,18.08,6.91,16.71,99.22,82.17,95.93,99.07
2018-01-27 03:38:00,2,1,50.23,85.0,55.0,50.18,50.25,50.23,0.0,0.0,0.0,45.0,50.25,0.0,1.0,0.0,120.0,50.26,741.53,0.88,0.0,0.0,18.08,6.91,16.71,99.22,82.37,95.96,99.07
2018-01-27 03:39:00,2,1,50.22,85.0,55.0,50.17,50.25,50.22,0.0,0.0,0.0,45.0,50.25,0.0,1.0,0.0,120.0,50.25,741.53,0.88,0.0,0.0,18.08,6.91,16.71,99.22,82.56,95.99,99.07
2018-01-27 03:40:00,2,1,50.21,85.0,55.0,50.16,50.24,50.21,0.0,0.0,0.0,45.0,50.24,0.0,1.0,0.0,120.0,50.24,741.53,0.88,0.0,0.0,18.08,6.91,16.71,99.22,82.76,96.02,99.07
2018-01-27 03:41:00,2,1,50.21,85.0,55.0,50.16,50.23,50.21,0.0,0.0,0.0,45.0,50.23,0.0,1.0,0.0,120.0,50.23,741.53,0.88,0.0,0.0,18.08,6.91,16.71,99.22,82.95,96.05,99.07
2018-01-27 03:42:00,2,1,50.2,85.0,55.0,50.15,50.23,50.2,0.0,0.0,0.0,45.0,50.23,0.0,1.0,0.0,120.0,50.23,741.53,0.88,0.0,0.0,18.08,6.92,16.71,99.22,83.14,96.08,99.07
2018-01-27 03:43:00,2,1,50.19,85.0,55.0,50.14,50.22,50.19,0.0,0.0,0.0,45.0,50.22,0.0,1.0,0.0,120.0,50.22,741.53,0.88,0.0,0.0,18.08,6.92,16.71,99.22,83.32,96.1,99.07
2018-01-27 03:44:00,2,1,50.19,85.0,55.0,50.14,50.21,50.19,0.0,0.0,0.0,45.0,50.21,0.0,1.0,0.0,120.0,50.21,741.53,0.88,0.0,0.0,18.08,6.92,16.71,99.22,83.51,96.13,99.07
2018-01-27 03:45:00,2,1,50.18,85.0,55.0,50.13,50.21,50.18,0.0,0.0,0.0,45.0,50.21,0.0,1.0,0.0,120.0,50.21,741.53,0.88,0.0,0.0,18.08,6.92,16.71,99.22,83.69,96.16,99.07
2018-01-27 03:46:00,2,1,50.17,85.0,55.0,50.12,50.2,50.17,0.0,0.0,0.0,45.0,50.2,0.0,1.0,0.0,120.0,50.2,741.53,0.88,0.0,0.0,18.08,6.92,16.71,99.21,83.86,96.19,99.07
2018-01-27 03:47:00,2,1,50.17,85.0,55.0,50.11,50.19,50.17,0.0,0.0,0.0,45.0,50.19,0.0,1.0,0.0,120.0,50.19,741.53,0.88,0.0,0.0,18.08,6.92,16.71,99.21,84.03,96.22,99.07
2018-01-27 03:48:00,2,1,50.16,85.0,55.0,50.11,50.18,50.16,0.0,0.0,0.0,45.0,50.18,0.0,1.0,0.0,120.0,50.19,741.53,0.88,0.0,0.0,18.08,6.93,16.71,99.21,84.2,96.25,99.06
2018-01-27 03:49:00,2,1,50.15,85.0,55.0,50.1,50.18,50.15,0.0,0.0,0.0,45.0,50.18,0.0,1.0,0.0,120.0,50.18,741.53,0.88,0.0,0.0,18.08,6.93,16.71,99.21,84.37,96.28,99.06
2018-01-27 03:50:00,2,1,50.14,85.0,55.0,50.09,50.17,50.14,0.0,0.0,0.0,45.0,50.17,0.0,1.0,0.0,120.0,50.17,741.53,0.88,0.0,0.0,18.08,6.93,16.71,99.21,84.53,96.31,99.06
2018-01-27 03:51:00,2,1,50.14,85.0,55.0,50.09,50.16,50.14,0.0,0.0,0.0,45.0,50.16,0.0,1.0,0.0,120.0,50.16,741.53,0.88,0.0,0.0,18.08,6.94,16.71,99.21,84.69,96.33,99.06
2018-01-27 03:52:00,2,1,50.13,85.0,55.0,50.08,50.16,50.13,0.0,0.0,0.0,45.0,50.16,0.0,1.0,0.0,120.0,50.16,741.53,0.88,0.0,0.0,18.08,6.94,16.71,99.21,84.85,96.36,99.06
2018-01-27 03:53:00,2,1,50.12,85.0,55.0,50.07,50.15,50.12,0.0,0.0,0.0,45.0,50.15,0.0,1.0,0.0,120.0,50.15,741.53,0.88,0.0,0.0,18.08,6.94,16.71,99.21,85.0,96.39,99.06
2018-01-27 03:54:00,2,1,50.12,85.0,55.0,50.07,50.14,50.12,0.0,0.0,0.0,45.0,50.14,0.0,1.0,0.0,120.0,50.14,741.53,0.88,0.0,0.0,18.08,6.95,16.71,99.21,85.14,96.42,99.06
2018-01-27 03:55:00,2,1,50.11,85.0,55.0,50.06,50.14,50.11,0.0,0.0,0.0,45.0,50.14,0.0,1.0,0.0,120.0,50.14,741.53,0.88,0.0,0.0,18.08,6.95,16.71,99.21,85.29,96.45,99.06
2018-01-27 03:56:00,2,1,50.1,85.0,55.0,50.05,50.13,50.1,0.0,0.0,0.0,45.0,50.13,0.0,1.0,0.0,120.0,50.13,741.53,0.88,0.0,0.0,18.08,6.96,16.71,99.21,85.42,96.48,99.06
2018-01-27 03:57:00,2,1,50.1,85.0,55.0,50.05,50.12,50.1,0.0,0.0,0.0,45.0,50.12,0.0,1.0,0.0,120.0,50.12,741.53,0.88,0.0,0.0,18.08,6.96,16.71,99.21,85.56,96.51,99.06
2018-01-27 03:58:00,2,1,50.09,85.0,55.0,50.04,50.12,50.09,0.0,0.0,0.0,45.0,50.12,0.0,1.0,0.0,120.0,50.12,741.53,0.88,0.0,0.0,18.08,6.97,16.71,99.21,85.69,96.53,99.06
2018-01-27 03:59:00,2,1,50.08,85.0,55.0,50.03,50.11,50.08,0.0,0.0,0.0,45.0,50.11,0.0,1.0,0.0,120.0,50.11,741.53,0.88,0.0,0.0,18.08,6.97,16.71,99.21,85.81,96.56,99.06
2018-01-27 04:00:00,2,1,50.08,85.0,55.0,50.03,50.1,50.08,0.0,0.0,0.0,45.0,50.1,0.0,1.0,0.0,120.0,50.1,741.53,0.88,0.0,0.0,18.08,6.98,16.71,99.21,85.93,96.59,99.06
2018-01-27 04:01:00,2,1,50.07,85.0,55.0,50.02,50.09,50.07,0.0,0.0,0.0,45.0,50.1,0.0,1.0,0.0,120.0,50.1,741.53,0.88,0.0,0.0,18.08,6.99,16.71,99.21,85.99,96.62,99.06
2018-01-27 04:02:00,2,1,50.06,85.0,55.0,50.01,50.09,50.06,0.0,0.0,0.0,45.0,50.09,0.0,1.0,0.0,120.0,50.09,741.53,0.88,0.0,0.0,18.08,7.0,16.71,99.21,86.0,96.65,99.05
2018-01-27 04:03:00,2,1,50.06,85.0,55.0,50.01,50.08,50.06,0.0,0.0,0.0,45.0,50.08,0.0,1.0,0.0,120.0,50.08,741.53,0.88,0.0,0.0,18.08,7.01,16.71,99.2,86.0,96.67,99.05
2018-01-27 04:04:00,2,1,50.05,85.0,55.0,50.0,50.07,50.05,0.0,0.0,0.0,45.0,50.08,0.0,1.0,0.0,120.0,50.08,741.53,0.88,0.0,0.0,18.08,7.03,16.71,99.2,85.99,96.7,99.05
2018-01-27 04:05:00,2,1,50.04,85.0,55.0,49.99,50.07,50.04,0.0,0.0,0.0,45.0,50.07,0.0,1.0,0.0,120.0,50.07,741.53,0.88,0.0,0.0,18.08,7.04,16.71,99.19,85.98,96.73,99.05
2018-01-27 04:06:00,2,1,50.04,85.0,55.0,49.99,50.06,50.04,0.0,0.0,0.0,45.0,50.06,0.0,1.0,0.0,120.0,50.06,741.53,0.88,0.0,0.0,18.08,7.05,16.71,99.18,85.97,96.76,99.05
2018-01-27 04:07:00,2,1,50.03,85.0,55.0,49.98,50.06,50.03,0.0,0.0,0.0,45.0,50.06,0.0,1.0,0.0,120.0,50.06,741.53,0.88,0.0,0.0,18.08,7.07,16.71,99.17,85.95,96.78,99.05
2018-01-27 04:08:00,2,1,50.02,85.0,55.0,49.97,50.05,50.02,0.0,0.0,0.0,45.0,50.05,0.0,1.0,0.0,120.0,50.05,741.53,0.88,0.0,0.0,18.08,7.08,16.71,99.16,85.92,96.81,99.04
2018-01-27 04:09:00,2,1,50.02,85.0,55.0,49.97,50.04,50.02,0.0,0.0,0.0,45.0,50.04,0.0,1.0,0.0,120.0,50.04,741.53,0.88,0.0,0.0,18.08,7.1,16.71,99.15,85.9,96.84,99.04
2018-01-27 04:10:00,2,1,50.01,85.0,55.0,49.96,50.04,50.01,0.0,0.0,0.0,45.0,50.04,0.0,1.0,0.0,120.0,50.04,741.53,0.88,0.0,0.0,18.08,7.11,16.71,99.15,85.87,96.86,99.04
2018-01-27 04:11:00,2,1,50.0,85.0,55.0,49.95,50.03,50.0,0.0,0.0,0.0,45.0,50.03,0.0,1.0,0.0,120.0,50.03,741.53,0.88,0.0,0.0,18.08,7.13,16.71,99.14,85.83,96.89,99.04
2018-01-27 04:12:00,2,1,50.0,85.0,55.0,49.95,50.02,50.0,0.0,0.0,0.0,45.0,50.02,0.0,1.0,0.0,120.0,50.03,741.53,0.88,0.0,0.0,18.08,7.14,16.71,99.13,85.79,96.92,99.03
2018-01-27 04:13:00,2,1,49.99,85.0,55.0,49.94,50.02,49.99,0.0,0.0,0.0,45.0,50.02,0.0,1.0,0.0,120.0,50.02,741.53,0.88,0.0,0.0,18.08,7.16,16.71,99.12,85.75,96.94,99.02
2018-01-27 04:14:00,2,1,49.99,85.0,55.0,49.94,50.01,49.99,0.0,0.0,0.0,45.0,50.01,0.0,1.0,0.0,120.0,50.01,741.53,0.88,0.0,0.0,18.08,7.17,16.71,99.11,85.71,96.97,99.01
2018-01-27 04:15:00,2,1,49.98,85.0,55.0,49.93,50.01,49.98,0.0,0.0,0.0,45.0,50.01,0.0,1.0,0.0,120.0,50.01,741.53,0.88,0.0,0.0,18.08,7.19,16.71,99.1,85.66,96.99,99.0
2018-01-27 04:16:00,2,1,49.97,85.0,55.0,49.92,50.0,49.97,0.0,0.0,0.0,45.0,50.0,0.0,1.0,0.0,120.0,50.0,741.53,0.88,0.0,0.0,18.08,7.21,16.71,99.09,85.6,97.02,98.99
2018-01-27 04:17:00,2,1,49.97,85.0,55.0,49.92,49.99,49.97,0.0,0.0,0.0,45.0,49.99,0.0,1.0,0.0,120.0,49.99,741.53,0.88,0.0,0.0,18.08,7.22,16.71,99.07,85.55,97.04,98.98
2018-01-27 04:18:00,2,1,49.96,85.0,55.0,49.91,49.99,49.96,0.0,0.0,0.0,45.0,49.99,0.0,1.0,0.0,120.0,49.99,741.53,0.88,0.0,0.0,18.08,7.24,16.71,99.06,85.49,97.06,98.97
2018-01-27 04:19:00,2,1,49.96,85.0,55.0,49.91,49.98,49.96,0.0,0.0,0.0,45.0,49.98,0.0,1.0,0.0,120.0,49.98,741.53,0.88,0.0,0.0,18.08,7.26,16.71,99.05,85.42,97.07,98.96
2018-01-27 04:20:00,2,1,49.95,85.0,55.0,49.9,49.97,49.95,0.0,0.0,0.0,45.0,49.97,0.0,1.0,0.0,120.0,49.98,741.53,0.88,0.0,0.0,18.08,7.27,16.71,99.04,85.36,97.09,98.95
2018-01-27 04:21:00,2,1,49.94,85.0,55.0,49.89,49.97,49.94,0.0,0.0,0.0,45.0,49.97,0.0,1.0,0.0,120.0,49.97,741.53,0.88,0.0,0.0,18.08,7.29,16.71,99.03,85.29,97.11,98.94
2018-01-27 04:22:00,2,1,49.94,85.0,55.0,49.89,49.96,49.94,0.0,0.0,0.0,45.0,49.96,0.0,1.0,0.0,120.0,49.96,741.53,0.88,0.0,0.0,18.08,7.31,16.71,99.02,85.22,97.13,98.93
2018-01-27 04:23:00,2,1,49.93,85.0,55.0,49.88,49.96,49.93,0.0,0.0,0.0,45.0,49.96,0.0,1.0,0.0,120.0,49.96,741.53,0.88,0.0,0.0,18.08,7.33,16.71,99.01,85.14,97.15,98.92
2018-01-27 04:24:00,2,1,49.93,85.0,55.0,49.88,49.95,49.93,0.0,0.0,0.0,45.0,49.95,0.0,1.0,0.0,120.0,49.95,741.53,0.88,0.0,0.0,18.08,7.34,16.71,99.0,85.06,97.17,98.91
2018-01-27 04:25:00,2,1,49.92,85.0,55.0,49.87,49.95,49.92,0.0,0.0,0.0,45.0,49.95,0.0,1.0,0.0,120.0,49.95,741.53,0.88,0.0,0.0,18.08,7.36,16.71,98.99,84.98,97.19,98.9
2018-01-27 04:26:00,2,1,49.91,85.0,55.0,49.86,49.94,49.91,0.0,0.0,0.0,45.0,49.94,0.0,1.0,0.0,120.0,49.94,741.53,0.88,0.0,0.0,18.08,7.38,16.71,98.98,84.9,97.2,98.88
2018-01-27 04:27:00,2,1,49.91,85.0,55.0,49.86,49.93,49.91,0.0,0.0,0.0,45.0,49.93,0.0,1.0,0.0,120.0,49.93,741.53,0.88,0.0,0.0,18.08,7.4,16.71,98.97,84.81,97.22,98.87
2018-01-27 04:28:00,2,1,49.9,85.0,55.0,49.85,49.93,49.9,0.0,0.0,0.0,45.0,49.93,0.0,1.0,0.0,120.0,49.93,741.53,0.88,0.0,0.0,18.08,7.42,16.71,98.96,84.72,97.24,98.86
2018-01-27 04:29:00,2,1,49.9,85.0,55.0,49.85,49.92,49.9,0.0,0.0,0.0,45.0,49.92,0.0,1.0,0.0,120.0,49.92,741.53,0.88,0.0,0.0,18.08,7.44,16.71,98.94,84.63,97.26,98.85
2018-01-27 04:30:00,2,1,49.89,85.0,55.0,49.84,49.92,49.89,0.0,0.0,0.0,45.0,49.92,0.0,1.0,0.0,120.0,49.92,741.53,0.88,0.0,0.0,18.08,7.46,16.71,98.93,84.54,97.28,98.84
2018-01-27 04:31:00,2,1,49.88,85.0,55.0,49.83,49.91,49.88,0.0,0.0,0.0,45.0,49.91,0.0,1.0,0.0,120.0,49.91,741.53,0.88,0.0,0.0,18.08,7.47,16.71,98.92,84.44,97.3,98.83
2018-01-27 04:32:00,2,1,49.88,85.0,55.0,49.83,49.9,49.88,0.0,0.0,0.0,45.0,49.9,0.0,1.0,0.0,120.0,49.91,741.53,0.88,0.0,0.0,18.08,7.49,16.71,98.91,84.35,97.31,98.82
2018-01-27 04:33:00,2,1,49.87,85.0,55.0,49.82,49.9,49.87,0.0,0.0,0.0,45.0,49.9,0.0,1.0,0.0,120.0,49.9,741.53,0.88,0.0,0.0,18.08,7.51,16.71,98.9,84.25,97.33,98.8
2018-01-27 04:34:00,2,1,49.87,85.0,55.0,49.82,49.89,49.87,0.0,0.0,0.0,45.0,49.89,0.0,1.0,0.0,120.0,49.89,741.53,0.88,0.0,0.0,18.08,7.53,16.71,98.89,84.14,97.35,98.79
2018-01-27 04:35:00,2,1,49.86,85.0,55.0,49.81,49.89,49.86,0.0,0.0,0.0,45.0,49.89,0.0,1.0,0.0,120.0,49.89,741.53,0.88,0.0,0.0,18.08,7.55,16.71,98.87,84.04,97.37,98.78
2018-01-27 04:36:00,2,1,49.86,85.0,55.0,49.81,49.88,49.86,0.0,0.0,0.0,45.0,49.88,0.0,1.0,0.0,120.0,49.88,741.53,0.88,0.0,0.0,18.08,7.57,16.71,98.86,83.93,97.38,98.77
2018-01-27 04:37:00,2,1,49.85,85.0,55.0,49.8,49.88,49.85,0.0,0.0,0.0,45.0,49.88,0.0,1.0,0.0,120.0,49.88,741.53,0.88,0.0,0.0,18.08,7.59,16.71,98.85,83.83,97.4,98.76
2018-01-27 04:38:00,2,1,49.85,85.0,55.0,49.8,49.87,49.85,0.0,0.0,0.0,45.0,49.87,0.0,1.0,0.0,120.0,49.87,741.53,0.88,0.0,0.0,18.08,7.61,16.71,98.84,83.72,97.42,98.75
2018-01-27 04:39:00,2,1,49.84,85.0,55.0,49.79,49.87,49.84,0.0,0.0,0.0,45.0,49.87,0.0,1.0,0.0,120.0,49.87,741.53,0.88,0.0,0.0,18.08,7.63,16.71,98.83,83.61,97.44,98.73
2018-01-27 04:40:00,2,1,49.83,85.0,55.0,49.78,49.86,49.83,0.0,0.0,0.0,45.0,49.86,0.0,1.0,0.0,120.0,49.86,741.53,0.88,0.0,0.0,18.08,7.65,16.71,98.81,83.49,97.46,98.72
2018-01-27 04:41:00,2,1,49.83,85.0,55.0,49.78,49.85,49.83,0.0,0.0,0.0,45.0,49.85,0.0,1.0,0.0,120.0,49.86,741.53,0.88,0.0,0.0,18.08,7.67,16.71,98.8,83.38,97.47,98.71
2018-01-27 04:42:00,2,1,49.82,85.0,55.0,49.77,49.85,49.82,0.0,0.0,0.0,45.0,49.85,0.0,1.0,0.0,120.0,49.85,741.53,0.88,0.0,0.0,18.08,7.69,16.71,98.79,83.27,97.49,98.7
2018-01-27 04:43:00,2,1,49.82,85.0,55.0,49.77,49.84,49.82,0.0,0.0,0.0,45.0,49.84,0.0,1.0,0.0,120.0,49.84,741.53,0.88,0.0,0.0,18.08,7.71,16.71,98.78,83.15,97.51,98.69
2018-01-27 04:44:00,2,1,49.81,85.0,55.0,49.76,49.84,49.81,0.0,0.0,0.0,45.0,49.84,0.0,1.0,0.0,120.0,49.84,741.53,0.88,0.0,0.0,18.08,7.73,16.71,98.76,83.03,97.53,98.67
2018-01-27 04:45:00,2,1,49.81,85.0,55.0,49.76,49.83,49.81,0.0,0.0,0.0,45.0,49.83,0.0,1.0,0.0,120.0,49.83,741.53,0.88,0.0,0.0,18.08,7.75,16.71,98.75,82.91,97.54,98.66
2018-01-27 04:46:00,2,1,49.8,85.0,55.0,49.75,49.83,49.8,0.0,0.0,0.0,45.0,49.83,0.0,1.0,0.0,120.0,49.83,741.53,0.88,0.0,0.0,18.08,7.77,16.71,98.74,82.79,97.56,98.65
2018-01-27 04:47:00,2,1,49.79,85.0,55.0,49.75,49.82,49.79,0.0,0.0,0.0,45.0,49.82,0.0,1.0,0.0,120.0,49.82,741.53,0.88,0.0,0.0,18.08,7.79,16.71,98.73,82.67,97.58,98.64
2018-01-27 04:48:00,2,1,49.79,85.0,55.0,49.74,49.82,49.79,0.0,0.0,0.0,45.0,49.82,0.0,1.0,0.0,120.0,49.82,741.53,0.88,0.0,0.0,18.08,7.81,16.71,98.71,82.55,97.59,98.62
2018-01-27 04:49:00,2,1,49.78,85.0,55.0,49.73,49.81,49.78,0.0,0.0,0.0,45.0,49.81,0.0,1.0,0.0,120.0,49.81,741.53,0.88,0.0,0.0,18.08,7.83,16.71,98.7,82.43,97.61,98.61
2018-01-27 04:50:00,2,1,49.78,85.0,55.0,49.73,49.8,49.78,0.0,0.0,0.0,45.0,49.8,0.0,1.0,0.0,120.0,49.81,741.53,0.88,0.0,0.0,18.08,7.85,16.71,98.69,82.31,97.63,98.6
2018-01-27 04:51:00,2,1,49.77,85.0,55.0,49.72,49.8,49.77,0.0,0.0,0.0,45.0,49.8,0.0,1.0,0.0,120.0,49.8,741.53,0.88,0.0,0.0,18.08,7.87,16.71,98.68,82.18,97.65,98.58
2018-01-27 04:52:00,2,1,49.77,85.0,55.0,49.72,49.79,49.77,0.0,0.0,0.0,45.0,49.79,0.0,1.0,0.0,120.0,49.79,741.53,0.88,0.0,0.0,18.08,7.89,16.71,98.66,82.06,97.66,98.57
2018-01-27 04:53:00,2,1,49.76,85.0,55.0,49.71,49.79,49.76,0.0,0.0,0.0,45.0,49.79,0.0,1.0,0.0,120.0,49.79,741.53,0.88,0.0,0.0,18.08,7.91,16.71,98.65,81.94,97.68,98.56
2018-01-27 04:54:00,2,1,49.76,85.0,55.0,49.71,49.78,49.76,0.0,0.0,0.0,45.0,49.78,0.0,1.0,0.0,120.0,49.78,741.53,0.88,0.0,0.0,18.08,7.93,16.71,98.64,81.81,97.7,98.55
2018-01-27 04:55:00,2,1,49.75,85.0,55.0,49.7,49.78,49.75,0.0,0.0,0.0,45.0,49.78,0.0,1.0,0.0,120.0,49.78,741.53,0.88,0.0,0.0,18.08,7.95,16.71,98.62,81.69,97.71,98.53
2018-01-27 04:56:00,2,1,49.75,85.0,55.0,49.7,49.77,49.75,0.0,0.0,0.0,45.0,49.77,0.0,1.0,0.0,120.0,49.77,741.53,0.88,0.0,0.0,18.08,7.97,16.71,98.61,81.56,97.73,98.52
2018-01-27 04:57:00,2,1,49.74,85.0,55.0,49.69,49.77,49.74,0.0,0.0,0.0,45.0,49.77,0.0,1.0,0.0,120.0,49.77,741.53,0.88,0.0,0.0,18.08,7.99,16.71,98.6,81.44,97.75,98.51
2018-01-27 04:58:00,2,1,49.73,85.0,55.0,49.69,49.76,49.73,0.0,0.0,0.0,45.0,49.76,0.0,1.0,0.0,120.0,49.76,741.53,0.88,0.0,0.0,18.08,8.01,16.71,98.58,81.31,97.77,98.49
2018-01-27 04:59:00,2,1,49.73,85.0,55.0,49.68,49.76,49.73,0.0,0.0,0.0,45.0,49.76,0.0,1.0,0.0,120.0,49.76,741.53,0.88,0.0,0.0,18.08,8.03,16.71,98.57,81.18,97.78,98.48
2018-01-27 05:00:00,2,1,49.72,85.0,55.0,49.67,49.75,49.72,0.0,0.0,0.0,45.0,49.75,0.0,1.0,0.0,120.0,49.75,741.53,0.88,0.0,0.0,18.08,8.05,16.71,98.56,81.06,97.8,98.47
2018-01-27 05:01:00,2,1,49.72,85.0,55.0,49.67,49.74,49.72,0.0,0.0,0.0,45.0,49.75,0.0,1.0,0.0,120.0,49.75,741.53,0.88,0.0,0.0,18.08,8.07,16.71,98.54,80.97,97.82,98.45
2018-01-27 05:02:00,2,1,49.71,85.0,55.0,49.66,49.74,49.71,0.0,0.0,0.0,45.0,49.74,0.0,1.0,0.0,120.0,49.74,741.53,0.88,0.0,0.0,18.08,8.09,16.71,98.53,80.9,97.83,98.44
2018-01-27 05:03:00,2,1,49.71,85.0,55.0,49.66,49.73,49.71,0.0,0.0,0.0,45.0,49.73,0.0,1.0,0.0,120.0,49.74,741.53,0.88,0.0,0.0,18.08,8.11,16.71,98.52,80.84,97.85,98.43
2018-01-27 05:04:00,2,1,49.7,85.0,55.0,49.65,49.73,49.7,0.0,0.0,0.0,45.0,49.73,0.0,1.0,0.0,120.0,49.73,741.53,0.88,0.0,0.0,18.08,8.13,16.71,98.5,80.78,97.87,98.41
2018-01-27 05:05:00,2,1,49.7,85.0,55.0,49.65,49.72,49.7,0.0,0.0,0.0,45.0,49.72,0.0,1.0,0.0,120.0,49.72,741.53,0.88,0.0,0.0,18.08,8.15,16.71,98.49,80.71,97.88,98.4
2018-01-27 05:06:00,2,1,49.69,85.0,55.0,49.64,49.72,49.69,0.0,0.0,0.0,45.0,49.72,0.0,1.0,0.0,120.0,49.72,741.53,0.88,0.0,0.0,18.08,8.18,16.71,98.48,80.65,97.9,98.39
2018-01-27 05:07:00,2,1,49.69,85.0,55.0,49.64,49.71,49.69,0.0,0.0,0.0,45.0,49.71,0.0,1.0,0.0,120.0,49.71,741.53,0.88,0.0,0.0,18.08,8.2,16.71,98.46,80.59,97.92,98.37
2018-01-27 05:08:00,2,1,49.68,85.0,55.0,49.63,49.71,49.68,0.0,0.0,0.0,45.0,49.71,0.0,1.0,0.0,120.0,49.71,741.53,0.88,0.0,0.0,18.08,8.22,16.71,98.45,80.53,97.94,98.36
2018-01-27 05:09:00,2,1,49.68,85.0,55.0,49.63,49.7,49.68,0.0,0.0,0.0,45.0,49.7,0.0,1.0,0.0,120.0,49.7,741.53,0.88,0.0,0.0,18.08,8.24,16.71,98.44,80.46,97.95,98.35
2018-01-27 05:10:00,2,1,49.67,85.0,55.0,49.62,49.7,49.67,0.0,0.0,0.0,45.0,49.7,0.0,1.0,0.0,120.0,49.7,741.53,0.88,0.0,0.0,18.08,8.26,16.71,98.42,80.4,97.97,98.33
2018-01-27 05:11:00,2,1,49.67,85.0,55.0,49.62,49.69,49.67,0.0,0.0,0.0,45.0,49.69,0.0,1.0,0.0,120.0,49.69,741.53,0.88,0.0,0.0,18.08,8.28,16.71,98.41,80.34,97.99,98.32
2018-01-27 05:12:00,2,1,49.66,85.0,55.0,49.61,49.69,49.66,0.0,0.0,0.0,45.0,49.69,0.0,1.0,0.0,120.0,49.69,741.53,0.88,0.0,0.0,18.08,8.3,16.71,98.39,80.28,98.0,98.31
2018-01-27 05:13:00,2,1,49.65,85.0,55.0,49.61,49.68,49.65,0.0,0.0,0.0,45.0,49.68,0.0,1.0,0.0,120.0,49.68,741.53,0.88,0.0,0.0,18.08,8.32,16.71,98.38,80.22,98.02,98.29
2018-01-27 05:14:00,2,1,49.65,85.0,55.0,49.6,49.68,49.65,0.0,0.0,0.0,45.0,49.68,0.0,1.0,0.0,120.0,49.68,741.53,0.88,0.0,0.0,18.08,8.34,16.71,98.37,80.15,98.04,98.28
2018-01-27 05:15:00,2,1,49.64,85.0,55.0,49.6,49.67,49.64,0.0,0.0,0.0,45.0,49.67,0.0,1.0,0.0,120.0,49.67,741.53,0.88,0.0,0.0,18.08,8.36,16.71,98.35,80.09,98.05,98.27
2018-01-27 05:16:00,2,1,49.64,85.0,55.0,49.59,49.67,49.64,0.0,0.0,0.0,45.0,49.67,0.0,1.0,0.0,120.0,49.67,741.53,0.88,0.0,0.0,18.08,8.38,16.71,98.34,80.03,98.07,98.25
2018-01-27 05:17:00,2,1,49.63,85.0,55.0,49.58,49.66,49.63,0.0,0.0,0.0,45.0,49.66,0.0,1.0,0.0,120.0,49.66,741.53,0.88,0.0,0.0,18.08,8.39,16.71,98.33,79.97,98.09,98.24
2018-01-27 05:18:00,2,1,49.63,85.0,55.0,49.58,49.65,49.63,0.0,0.0,0.0,45.0,49.66,0.0,1.0,0.0,120.0,49.66,741.53,0.88,0.0,0.0,18.08,8.41,16.71,98.31,79.9,98.1,98.23
2018-01-27 05:19:00,2,1,49.62,85.0,55.0,49.57,49.65,49.62,0.0,0.0,0.0,45.0,49.65,0.0,1.0,0.0,120.0,49.65,741.53,0.88,0.0,0.0,18.08,8.43,16.71,98.3,79.84,98.12,98.21
2018-01-27 05:20:00,2,1,49.62,85.0,55.0,49.57,49.64,49.62,0.0,0.0,0.0,45.0,49.64,0.0,1.0,0.0,120.0,49.65,741.53,0.88,0.0,0.0,18.08,8.45,16.71,98.29,79.78,98.14,98.2
2018-01-27 05:21:00,2,1,49.61,85.0,55.0,49.56,49.64,49.61,0.0,0.0,0.0,45.0,49.64,0.0,1.0,0.0,120.0,49.64,741.53,0.88,0.0,0.0,18.08,8.47,16.71,98.27,79.72,98.15,98.18
2018-01-27 05:22:00,2,1,49.61,85.0,55.0,49.56,49.63,49.61,0.0,0.0,0.0,45.0,49.63,0.0,1.0,0.0,120.0,49.64,741.53,0.88,0.0,0.0,18.08,8.49,16.71,98.26,79.66,98.17,98.17
2018-01-27 05:23:00,2,1,49.6,85.0,55.0,49.55,49.63,49.6,0.0,0.0,0.0,45.0,49.63,0.0,1.0,0.0,120.0,49.63,741.53,0.88,0.0,0.0,18.08,8.51,16.71,98.24,79.59,98.19,98.16
2018-01-27 05:24:00,2,1,49.6,85.0,55.0,49.55,49.62,49.6,0.0,0.0,0.0,45.0,49.62,0.0,1.0,0.0,120.0,49.62,741.53,0.88,0.0,0.0,18.08,8.52,16.71,98.23,79.53,98.2,98.14
2018-01-27 05:25:00,2,1,49.59,85.0,55.0,49.54,49.62,49.59,0.0,0.0,0.0,45.0,49.62,0.0,1.0,0.0,120.0,49.62,741.53,0.88,0.0,0.0,18.08,8.54,16.71,98.22,79.47,98.22,98.13
2018-01-27 05:26:00,2,1,49.59,85.0,55.0,49.54,49.61,49.59,0.0,0.0,0.0,45.0,49.61,0.0,1.0,0.0,120.0,49.61,741.53,0.88,0.0,0.0,18.08,8.56,16.71,98.2,79.41,98.24,98.12
2018-01-27 05:27:00,2,1,49.58,85.0,55.0,49.53,49.61,49.58,0.0,0.0,0.0,45.0,49.61,0.0,1.0,0.0,120.0,49.61,741.53,0.88,0.0,0.0,18.08,8.58,16.71,98.19,79.34,98.26,98.1
2018-01-27 05:28:00,2,1,49.58,85.0,55.0,49.53,49.6,49.58,0.0,0.0,0.0,45.0,49.6,0.0,1.0,0.0,120.0,49.6,741.53,0.88,0.0,0.0,18.08,8.59,16.71,98.18,79.28,98.27,98.09
2018-01-27 05:29:00,2,1,49.57,85.0,55.0,49.52,49.6,49.57,0.0,0.0,0.0,45.0,49.6,0.0,1.0,0.0,120.0,49.6,741.53,0.88,0.0,0.0,18.08,8.61,16.71,98.16,79.21,98.29,98.08
2018-01-27 05:30:00,2,1,49.56,85.0,55.0,49.52,49.59,49.56,0.0,0.0,0.0,45.0,49.59,0.0,1.0,0.0,120.0,49.59,741.53,0.88,0.0,0.0,18.08,8.63,16.71,98.15,79.15,98.31,98.06
2018-01-27 05:31:00,2,1,49.56,85.0,55.0,49.51,49.59,49.56,0.0,0.0,0.0,45.0,49.59,0.0,1.0,0.0,120.0,49.59,741.53,0.88,0.0,0.0,18.08,8.64,16.71,98.13,79.09,98.32,98.05
2018-01-27 05:32:00,2,1,49.55,85.0,55.0,49.51,49.58,49.55,0.0,0.0,0.0,45.0,49.58,0.0,1.0,0.0,120.0,49.58,741.53,0.88,0.0,0.0,18.08,8.66,16.71,98.12,79.02,98.34,98.03
2018-01-27 05:33:00,2,1,49.55,85.0,55.0,49.5,49.58,49.55,0.0,0.0,0.0,45.0,49.58,0.0,1.0,0.0,120.0,49.58,741.53,0.88,0.0,0.0,18.08,8.67,16.71,98.11,78.96,98.36,98.02
2018-01-27 05:34:00,2,1,49.54,85.0,55.0,49.49,49.57,49.54,0.0,0.0,0.0,45.0,49.57,0.0,1.0,0.0,120.0,49.57,741.53,0.88,0.0,0.0,18.08,8.69,16.71,98.09,78.89,98.37,98.01
2018-01-27 05:35:00,2,1,49.54,85.0,55.0,49.49,49.56,49.54,0.0,0.0,0.0,45.0,49.57,0.0,1.0,0.0,120.0,49.57,741.53,0.88,0.0,0.0,18.08,8.7,16.71,98.08,78.83,98.39,97.99
2018-01-27 05:36:00,2,1,49.53,85.0,55.0,49.48,49.56,49.53,0.0,0.0,0.0,45.0,49.56,0.0,1.0,0.0,120.0,49.56,741.53,0.88,0.0,0.0,18.08,8.72,16.71,98.07,78.76,98.41,97.98
2018-01-27 05:37:00,2,1,49.53,85.0,55.0,49.48,49.55,49.53,0.0,0.0,0.0,45.0,49.55,0.0,1.0,0.0,120.0,49.56,741.53,0.88,0.0,0.0,18.08,8.73,16.71,98.05,78.7,98.43,97.97
2018-01-27 05:38:00,2,1,49.52,85.0,55.0,49.47,49.55,49.52,0.0,0.0,0.0,45.0,49.55,0.0,1.0,0.0,120.0,49.55,741.53,0.88,0.0,0.0,18.08,8.75,16.71,98.04,78.63,98.44,97.95
2018-01-27 05:39:00,2,1,49.52,85.0,55.0,49.47,49.54,49.52,0.0,0.0,0.0,45.0,49.54,0.0,1.0,0.0,120.0,49.54,741.53,0.88,0.0,0.0,18.08,8.76,16.71,98.03,78.56,98.46,97.94
2018-01-27 05:40:00,2,1,49.51,85.0,55.0,49.46,49.54,49.51,0.0,0.0,0.0,45.0,49.54,0.0,1.0,0.0,120.0,49.54,741.53,0.88,0.0,0.0,18.08,8.77,16.71,98.01,78.49,98.48,97.93
2018-01-27 05:41:00,2,1,49.51,85.0,55.0,49.46,49.53,49.51,0.0,0.0,0.0,45.0,49.53,0.0,1.0,0.0,120.0,49.53,741.53,0.88,0.0,0.0,18.08,8.79,16.71,98.0,78.43,98.5,97.91
2018-01-27 05:42:00,2,1,49.5,85.0,55.0,49.45,49.53,49.5,0.0,0.0,0.0,45.0,49.53,0.0,1.0,0.0,120.0,49.53,741.53,0.88,0.0,0.0,18.08,8.8,16.71,97.99,78.36,98.51,97.9
2018-01-27 05:43:00,2,1,49.49,85.0,55.0,49.45,49.52,49.49,0.0,0.0,0.0,45.0,49.52,0.0,1.0,0.0,120.0,49.52,741.53,0.88,0.0,0.0,18.08,8.81,16.71,97.97,78.29,98.53,97.89
2018-01-27 05:44:00,2,1,49.49,85.0,55.0,49.44,49.52,49.49,0.0,0.0,0.0,45.0,49.52,0.0,1.0,0.0,120.0,49.52,741.53,0.88,0.0,0.0,18.08,8.82,16.71,97.96,78.22,98.55,97.87
2018-01-27 05:45:00,2,1,49.48,85.0,55.0,49.44,49.51,49.48,0.0,0.0,0.0,45.0,49.51,0.0,1.0,0.0,120.0,49.51,741.53,0.88,0.0,0.0,18.08,8.84,16.71,97.95,78.15,98.57,97.86
2018-01-27 05:46:00,2,1,49.48,85.0,55.0,49.43,49.51,49.48,0.0,0.0,0.0,45.0,49.51,0.0,1.0,0.0,120.0,49.51,741.53,0.88,0.0,0.0,18.08,8.85,16.71,97.93,78.08,98.58,97.85
2018-01-27 05:47:00,2,1,49.47,85.0,55.0,49.42,49.5,49.47,0.0,0.0,0.0,45.0,49.5,0.0,1.0,0.0,120.0,49.5,741.53,0.88,0.0,0.0,18.08,8.86,16.71,97.92,78.01,98.6,97.83
2018-01-27 05:48:00,2,1,49.47,85.0,55.0,49.42,49.49,49.47,0.0,0.0,0.0,45.0,49.49,0.0,1.0,0.0,120.0,49.5,741.53,0.88,0.0,0.0,18.08,8.87,16.71,97.91,77.94,98.62,97.82
2018-01-27 05:49:00,2,1,49.46,85.0,55.0,49.41,49.49,49.46,0.0,0.0,0.0,45.0,49.49,0.0,1.0,0.0,120.0,49.49,741.53,0.88,0.0,0.0,18.08,8.88,16.71,97.89,77.87,98.64,97.81
2018-01-27 05:50:00,2,1,49.46,85.0,55.0,49.41,49.48,49.46,0.0,0.0,0.0,45.0,49.48,0.0,1.0,0.0,120.0,49.48,741.53,0.88,0.0,0.0,18.08,8.89,16.71,97.88,77.79,98.65,97.8
2018-01-27 05:51:00,2,1,49.45,85.0,55.0,49.4,49.48,49.45,0.0,0.0,0.0,45.0,49.48,0.0,1.0,0.0,120.0,49.48,741.53,0.88,0.0,0.0,18.08,8.9,16.71,97.87,77.72,98.67,97.78
2018-01-27 05:52:00,2,1,49.44,85.0,55.0,49.4,49.47,49.44,0.0,0.0,0.0,45.0,49.47,0.0,1.0,0.0,120.0,49.47,741.53,0.88,0.0,0.0,18.08,8.9,16.71,97.85,77.64,98.69,97.77
2018-01-27 05:53:00,2,1,49.44,85.0,55.0,49.39,49.47,49.44,0.0,0.0,0.0,45.0,49.47,0.0,1.0,0.0,120.0,49.47,741.53,0.88,0.0,0.0,18.08,8.91,16.71,97.84,77.57,98.71,97.76
2018-01-27 05:54:00,2,1,49.43,85.0,55.0,49.39,49.46,49.43,0.0,0.0,0.0,45.0,49.46,0.0,1.0,0.0,120.0,49.46,741.53,0.88,0.0,0.0,18.08,8.92,16.71,97.83,77.49,98.73,97.74
2018-01-27 05:55:00,2,1,49.43,85.0,55.0,49.38,49.46,49.43,0.0,0.0,0.0,45.0,49.46,0.0,1.0,0.0,120.0,49.46,741.53,0.88,0.0,0.0,18.08,8.93,16.71,97.82,77.42,98.74,97.73
2018-01-27 05:56:00,2,1,49.42,85.0,55.0,49.37,49.45,49.42,0.0,0.0,0.0,45.0,49.45,0.0,1.0,0.0,120.0,49.45,741.53,0.88,0.0,0.0,18.08,8.93,16.71,97.8,77.34,98.76,97.72
2018-01-27 05:57:00,2,1,49.42,85.0,55.0,49.37,49.44,49.42,0.0,0.0,0.0,45.0,49.44,0.0,1.0,0.0,120.0,49.45,741.53,0.88,0.0,0.0,18.08,8.94,16.71,97.79,77.26,98.78,97.71
2018-01-27 05:58:00,2,1,49.41,85.0,55.0,49.36,49.44,49.41,0.0,0.0,0.0,45.0,49.44,0.0,1.0,0.0,120.0,49.44,741.53,0.88,0.0,0.0,18.08,8.95,16.71,97.78,77.19,98.8,97.69
2018-01-27 05:59:00,2,1,49.41,85.0,55.0,49.36,49.43,49.41,0.0,0.0,0.0,45.0,49.43,0.0,1.0,0.0,120.0,49.43,741.53,0.88,0.0,0.0,18.08,8.95,16.71,97.77,77.11,98.82,97.68
2018-01-27 06:00:00,2,1,49.4,85.0,55.0,49.35,49.43,49.4,0.0,0.0,0.0,45.0,49.43,0.0,1.0,0.0,120.0,49.43,741.53,0.88,0.0,0.0,18.08,8.96,16.71,97.75,77.03,98.84,97.67
2018-01-27 06:01:00,2,1,49.39,85.0,55.0,49.35,49.42,49.39,0.0,0.0,0.0,45.0,49.42,0.0,1.0,0.0,120.0,49.42,741.53,0.88,0.0,0.0,18.08,8.95,16.71,97.74,76.93,98.85,97.66
2018-01-27 06:02:00,2,1,49.39,85.0,55.0,49.34,49.42,49.39,0.0,0.0,0.0,45.0,49.42,0.0,1.0,0.0,120.0,49.42,741.53,0.88,0.0,0.0,18.08,8.94,16.71,97.73,76.82,98.87,97.64
2018-01-27 06:03:00,2,1,49.38,85.0,55.0,49.33,49.41,49.38,0.0,0.0,0.0,45.0,49.41,0.0,1.0,0.0,120.0,49.41,741.53,0.88,0.0,0.0,18.08,8.93,16.71,97.72,76.7,98.89,97.63
2018-01-27 06:04:00,2,1,49.38,85.0,55.0,49.33,49.4,49.38,0.0,0.0,0.0,45.0,49.4,0.0,1.0,0.0,120.0,49.41,741.53,0.88,0.0,0.0,18.08,8.92,16.71,97.71,76.59,98.91,97.62
2018-01-27 06:05:00,2,1,49.37,85.0,55.0,49.32,49.4,49.37,0.0,0.0,0.0,45.0,49.4,0.0,1.0,0.0,120.0,49.4,741.53,0.88,0.0,0.0,18.08,8.91,16.71,97.69,76.48,98.93,97.61
2018-01-27 06:06:00,2,1,49.36,85.0,55.0,49.32,49.39,49.36,0.0,0.0,0.0,45.0,49.39,0.0,1.0,0.0,120.0,49.39,741.53,0.88,0.0,0.0,18.08,8.9,16.71,97.68,76.36,98.95,97.6
2018-01-27 06:07:00,2,1,49.36,85.0,55.0,49.31,49.39,49.36,0.0,0.0,0.0,45.0,49.39,0.0,1.0,0.0,120.0,49.39,741.53,0.88,0.0,0.0,18.08,8.88,16.71,97.67,76.25,98.97,97.59
2018-01-27 06:08:00,2,1,49.35,85.0,55.0,49.3,49.38,49.35,0.0,0.0,0.0,45.0,49.38,0.0,1.0,0.0,120.0,49.38,741.53,0.88,0.0,0.0,18.08,8.87,16.71,97.66,76.13,98.99,97.58
2018-01-27 06:09:00,2,1,49.34,85.0,55.0,49.3,49.37,49.34,0.0,0.0,0.0,45.0,49.37,0.0,1.0,0.0,120.0,49.37,741.53,0.88,0.0,0.0,18.08,8.86,16.71,97.65,76.01,99.01,97.57
2018-01-27 06:10:00,2,1,49.34,85.0,55.0,49.29,49.37,49.34,0.0,0.0,0.0,45.0,49.37,0.0,1.0,0.0,120.0,49.37,741.53,0.88,0.0,0.0,18.08,8.84,16.71,97.64,75.9,99.03,97.56
2018-01-27 06:11:00,2,1,49.33,85.0,55.0,49.28,49.36,49.33,0.0,0.0,0.0,45.0,49.36,0.0,1.0,0.0,120.0,49.36,741.53,0.88,0.0,0.0,18.08,8.83,16.71,97.63,75.78,99.06,97.55
2018-01-27 06:12:00,2,1,49.32,85.0,55.0,49.28,49.35,49.32,0.0,0.0,0.0,45.0,49.35,0.0,1.0,0.0,120.0,49.35,741.53,0.88,0.0,0.0,18.08,8.82,16.71,97.62,75.66,99.08,97.54
2018-01-27 06:13:00,2,1,49.32,85.0,55.0,49.27,49.35,49.32,0.0,0.0,0.0,45.0,49.35,0.0,1.0,0.0,120.0,49.35,741.53,0.88,0.0,0.0,18.08,8.8,16.71,97.61,75.54,99.1,97.53
2018-01-27 06:14:00,2,1,49.31,85.0,55.0,49.26,49.34,49.31,0.0,0.0,0.0,45.0,49.34,0.0,1.0,0.0,120.0,49.34,741.53,0.88,0.0,0.0,18.08,8.79,16.71,97.6,75.42,99.12,97.52
2018-01-27 06:15:00,2,1,49.3,85.0,55.0,49.26,49.33,49.3,0.0,0.0,0.0,45.0,49.33,0.0,1.0,0.0,120.0,49.33,741.53,0.88,0.0,0.0,18.08,8.77,16.71,97.59,75.3,99.14,97.51
2018-01-27 06:16:00,2,1,49.3,85.0,55.0,49.25,49.33,49.3,0.0,0.0,0.0,45.0,49.33,0.0,1.0,0.0,120.0,49.33,741.53,0.88,0.0,0.0,18.08,8.75,16.71,97.58,75.18,99.16,97.5
2018-01-27 06:17:00,2,1,49.29,85.0,55.0,49.24,49.32,49.29,0.0,0.0,0.0,45.0,49.32,0.0,1.0,0.0,120.0,49.32,741.53,0.88,0.0,0.0,18.08,8.74,16.71,97.57,75.06,99.19,97.49
2018-01-27 06:18:00,2,1,49.28,85.0,55.0,49.24,49.31,49.28,0.0,0.0,0.0,45.0,49.31,0.0,1.0,0.0,120.0,49.31,741.53,0.88,0.0,0.0,18.08,8.72,16.71,97.56,74.94,99.21,97.48
2018-01-27 06:19:00,2,1,49.28,85.0,55.0,49.23,49.31,49.28,0.0,0.0,0.0,45.0,49.31,0.0,1.0,0.0,120.0,49.31,741.53,0.88,0.0,0.0,18.08,8.71,16.71,97.55,74.82,99.23,97.47
2018-01-27 06:20:00,2,1,49.27,85.0,55.0,49.22,49.3,49.27,0.0,0.0,0.0,45.0,49.3,0.0,1.0,0.0,120.0,49.3,741.53,0.88,0.0,0.0,18.08,8.69,16.71,97.55,74.7,99.25,97.46
2018-01-27 06:21:00,2,1,49.26,85.0,55.0,49.22,49.29,49.26,0.0,0.0,0.0,45.0,49.29,0.0,1.0,0.0,120.0,49.29,741.53,0.88,0.0,0.0,18.08,8.67,16.71,97.54,74.58,99.28,97.45
2018-01-27 06:22:00,2,1,49.26,85.0,55.0,49.21,49.28,49.26,0.0,0.0,0.0,45.0,49.29,0.0,1.0,0.0,120.0,49.29,741.53,0.88,0.0,0.0,18.08,8.66,16.71,97.53,74.46,99.3,97.44
2018-01-27 06:23:00,2,1,49.25,85.0,55.0,49.2,49.28,49.25,0.0,0.0,0.0,45.0,49.28,0.0,1.0,0.0,120.0,49.28,741.53,0.88,0.0,0.0,18.08,8.64,16.71,97.52,74.33,99.32,97.43
2018-01-27 06:24:00,2,1,49.24,85.0,55.0,49.19,49.27,49.24,0.0,0.0,0.0,45.0,49.27,0.0,1.0,0.0,120.0,49.27,741.53,0.88,0.0,0.0,18.08,8.62,16.71,97.51,74.21,99.34,97.43
2018-01-27 06:25:00,2,1,49.24,85.0,55.0,49.19,49.26,49.24,0.0,0.0,0.0,45.0,49.26,0.0,1.0,0.0,120.0,49.27,741.53,0.88,0.0,0.0,18.08,8.61,16.71,97.5,74.09,99.37,97.42
2018-01-27 06:26:00,2,1,49.23,85.0,55.0,49.18,49.26,49.23,0.0,0.0,0.0,45.0,49.26,0.0,1.0,0.0,120.0,49.26,741.53,0.88,0.0,0.0,18.08,8.59,16.71,97.49,73.97,99.39,97.41
2018-01-27 06:27:00,2,1,49.22,85.0,55.0,49.17,49.25,49.22,0.0,0.0,0.0,45.0,49.25,0.0,1.0,0.0,120.0,49.25,741.53,0.88,0.0,0.0,18.08,8.57,16.71,97.48,73.85,99.41,97.4
2018-01-27 06:28:00,2,1,49.21,85.0,55.0,49.17,49.24,49.21,0.0,0.0,0.0,45.0,49.24,0.0,1.0,0.0,120.0,49.24,741.53,0.88,0.0,0.0,18.08,8.55,16.71,97.48,73.72,99.44,97.39
2018-01-27 06:29:00,2,1,49.21,85.0,55.0,49.16,49.24,49.21,0.0,0.0,0.0,45.0,49.24,0.0,1.0,0.0,120.0,49.24,741.53,0.88,0.0,0.0,18.08,8.54,16.71,97.47,73.6,99.46,97.38
2018-01-27 06:30:00,2,1,49.2,85.0,55.0,49.15,49.23,49.2,0.0,0.0,0.0,45.0,49.23,0.0,1.0,0.0,120.0,49.23,741.53,0.88,0.0,0.0,18.08,8.52,16.71,97.46,73.48,99.48,97.37
2018-01-27 06:31:00,2,1,49.19,85.0,55.0,49.14,49.22,49.19,0.0,0.0,0.0,45.0,49.22,0.0,1.0,0.0,120.0,49.22,741.53,0.88,0.0,0.0,18.08,8.5,16.71,97.45,73.36,99.51,97.37
2018-01-27 06:32:00,2,1,49.19,85.0,55.0,49.14,49.21,49.19,0.0,0.0,0.0,45.0,49.21,0.0,1.0,0.0,120.0,49.22,741.53,0.88,0.0,0.0,18.08,8.48,16.71,97.44,73.24,99.53,97.36
2018-01-27 06:33:00,2,1,49.18,85.0,55.0,49.13,49.21,49.18,0.0,0.0,0.0,45.0,49.21,0.0,1.0,0.0,120.0,49.21,741.53,0.88,0.0,0.0,18.08,8.47,16.71,97.43,73.12,99.55,97.35
2018-01-27 06:34:00,2,1,49.17,85.0,55.0,49.12,49.2,49.17,0.0,0.0,0.0,45.0,49.2,0.0,1.0,0.0,120.0,49.2,741.53,0.88,0.0,0.0,18.08,8.45,16.71,97.42,73.0,99.58,97.34
2018-01-27 06:35:00,2,1,49.16,85.0,55.0,49.12,49.19,49.16,0.0,0.0,0.0,45.0,49.19,0.0,1.0,0.0,120.0,49.19,741.53,0.88,0.0,0.0,18.08,8.43,16.71,97.42,72.88,99.6,97.33
2018-01-27 06:36:00,2,1,49.16,85.0,55.0,49.11,49.19,49.16,0.0,0.0,0.0,45.0,49.19,0.0,1.0,0.0,120.0,49.19,741.53,0.88,0.0,0.0,18.08,8.41,16.71,97.41,72.76,99.63,97.32
2018-01-27 06:37:00,2,1,49.15,85.0,55.0,49.1,49.18,49.15,0.0,0.0,0.0,45.0,49.18,0.0,1.0,0.0,120.0,49.18,741.53,0.88,0.0,0.0,18.08,8.4,16.71,97.4,72.64,99.65,97.32
2018-01-27 06:38:00,2,1,49.14,85.0,55.0,49.09,49.17,49.14,0.0,0.0,0.0,45.0,49.17,0.0,1.0,0.0,120.0,49.17,741.53,0.88,0.0,0.0,18.08,8.38,16.71,97.39,72.52,99.67,97.31
2018-01-27 06:39:00,2,1,49.13,85.0,55.0,49.09,49.16,49.13,0.0,0.0,0.0,45.0,49.16,0.0,1.0,0.0,120.0,49.17,741.53,0.88,0.0,0.0,18.08,8.36,16.71,97.38,72.4,99.7,97.3
2018-01-27 06:40:00,2,1,49.13,85.0,55.0,49.08,49.16,49.13,0.0,0.0,0.0,45.0,49.16,0.0,1.0,0.0,120.0,49.16,741.53,0.88,0.0,0.0,18.08,8.35,16.71,97.37,72.28,99.72,97.29
2018-01-27 06:41:00,2,1,49.12,85.0,55.0,49.07,49.15,49.12,0.0,0.0,0.0,45.0,49.15,0.0,1.0,0.0,120.0,49.15,741.53,0.88,0.0,0.0,18.08,8.33,16.71,97.37,72.16,99.75,97.28
2018-01-27 06:42:00,2,1,49.11,85.0,55.0,49.07,49.14,49.11,0.0,0.0,0.0,45.0,49.14,0.0,1.0,0.0,120.0,49.14,741.53,0.88,0.0,0.0,18.08,8.31,16.71,97.36,72.04,99.77,97.27
2018-01-27 06:43:00,2,1,49.11,85.0,55.0,49.06,49.13,49.11,0.0,0.0,0.0,45.0,49.13,0.0,1.0,0.0,120.0,49.14,741.53,0.88,0.0,0.0,18.08,8.3,16.71,97.35,71.92,99.79,97.26
2018-01-27 06:44:00,2,1,49.1,85.0,55.0,49.05,49.13,49.1,0.0,0.0,0.0,45.0,49.13,0.0,1.0,0.0,120.0,49.13,741.53,0.88,0.0,0.0,18.08,8.28,16.71,97.34,71.81,99.82,97.26
2018-01-27 06:45:00,2,1,49.09,85.0,55.0,49.04,49.12,49.09,0.0,0.0,0.0,45.0,49.12,0.0,1.0,0.0,120.0,49.12,741.53,0.88,0.0,0.0,18.08,8.26,16.71,97.33,71.69,99.84,97.25
2018-01-27 06:46:00,2,1,49.08,85.0,55.0,49.04,49.11,49.08,0.0,0.0,0.0,45.0,49.11,0.0,1.0,0.0,120.0,49.11,741.53,0.88,0.0,0.0,18.08,8.25,16.71,97.32,71.57,99.86,97.24
2018-01-27 06:47:00,2,1,49.08,85.0,55.0,49.03,49.11,49.08,0.0,0.0,0.0,45.0,49.11,0.0,1.0,0.0,120.0,49.11,741.53,0.88,0.0,0.0,18.08,8.23,16.71,97.31,71.46,99.89,97.23
2018-01-27 06:48:00,2,1,49.07,85.0,55.0,49.02,49.1,49.07,0.0,0.0,0.0,45.0,49.1,0.0,1.0,0.0,120.0,49.1,741.53,0.88,0.0,0.0,18.08,8.22,16.71,97.31,71.34,99.91,97.22
2018-01-27 06:49:00,2,1,49.06,85.0,55.0,49.01,49.09,49.06,0.0,0.0,0.0,45.0,49.09,0.0,1.0,0.0,120.0,49.09,741.53,0.88,0.0,0.0,18.08,8.2,16.71,97.3,71.23,99.94,97.21
2018-01-27 06:50:00,2,1,49.06,85.0,55.0,49.01,49.08,49.06,0.0,0.0,0.0,45.0,49.08,0.0,1.0,0.0,120.0,49.09,741.53,0.88,0.0,0.0,18.08,8.19,16.71,97.29,71.12,99.96,97.21
2018-01-27 06:51:00,2,1,49.05,85.0,55.0,49.0,49.08,49.05,0.0,0.0,0.0,45.0,49.08,0.0,1.0,0.0,120.0,49.08,741.53,0.88,0.0,0.0,18.08,8.17,16.71,97.28,71.01,99.98,97.2
2018-01-27 06:52:00,2,1,49.04,85.0,55.0,48.99,49.07,49.04,0.0,0.0,0.0,45.0,49.07,0.0,1.0,0.0,120.0,49.07,741.53,0.88,0.0,0.0,18.08,8.16,16.71,97.27,70.89,100.0,97.19
2018-01-27 06:53:00,2,1,49.03,85.0,55.0,48.99,49.06,49.03,0.0,0.0,0.0,45.0,49.06,0.0,1.0,0.0,120.0,49.06,741.53,0.88,0.0,0.0,18.08,8.15,16.71,97.26,70.78,100.0,97.18
2018-01-27 06:54:00,2,1,49.03,85.0,55.0,48.98,49.05,49.03,0.0,0.0,0.0,45.0,49.05,0.0,1.0,0.0,120.0,49.06,741.53,0.88,0.0,0.0,18.08,8.13,16.71,97.25,70.67,100.0,97.17
2018-01-27 06:55:00,2,1,49.02,85.0,55.0,48.97,49.05,49.02,0.0,0.0,0.0,45.0,49.05,0.0,1.0,0.0,120.0,49.05,741.53,0.88,0.0,0.0,18.08,8.12,16.71,97.25,70.57,100.0,97.16
2018-01-27 06:56:00,2,1,49.01,85.0,55.0,48.96,49.04,49.01,0.0,0.0,0.0,45.0,49.04,0.0,1.0,0.0,120.0,49.04,741.53,0.88,0.0,0.0,18.08,8.11,16.71,97.24,70.46,100.0,97.15
2018-01-27 06:57:00,2,1,49.0,85.0,55.0,48.96,49.03,49.0,0.0,0.0,0.0,45.0,49.03,0.0,1.0,0.0,120.0,49.03,741.53,0.88,0.0,0.0,18.08,8.1,16.71,97.23,70.35,100.0,97.14
2018-01-27 06:58:00,2,1,49.0,85.0,55.0,48.95,49.03,49.0,0.0,0.0,0.0,45.0,49.03,0.0,1.0,0.0,120.0,49.03,741.53,0.88,0.0,0.0,18.08,8.09,16.71,97.22,70.25,100.0,97.13
2018-01-27 06:59:00,2,1,48.99,85.0,55.0,48.94,49.02,48.99,0.0,0.0,0.0,45.0,49.02,0.0,1.0,0.0,120.0,49.02,741.53,0.88,0.0,0.0,18.08,8.08,16.71,97.21,70.14,100.0,97.12
2018-01-27 07:00:00,2,1,48.98,85.0,55.0,48.94,49.01,48.98,0.0,0.0,0.0,45.0,49.01,0.0,1.0,0.0,120.0,49.01,741.53,0.88,0.0,0.0,18.08,8.06,16.71,97.2,70.04,100.0,97.12
2018-01-27 07:01:00,2,1,48.98,85.0,55.0,48.93,49.0,48.98,0.0,0.0,0.0,45.0,49.0,0.0,1.0,0.0,120.0,49.01,741.53,0.88,0.0,0.0,18.08,8.06,16.71,97.19,69.95,100.0,97.11
2018-01-27 07:02:00,2,1,48.97,85.0,55.0,48.92,49.0,48.97,0.0,0.0,0.0,45.0,49.0,0.0,1.0,0.0,120.0,49.0,741.53,0.88,0.0,0.0,18.08,8.06,16.71,97.18,69.88,100.0,97.1
2018-01-27 07:03:00,2,1,48.96,85.0,55.0,48.91,48.99,48.96,0.0,0.0,0.0,45.0,48.99,0.0,1.0,0.0,120.0,48.99,741.53,0.88,0.0,0.0,18.08,8.07,16.71,97.17,69.82,100.0,97.09
2018-01-27 07:04:00,2,1,48.96,85.0,55.0,48.91,48.98,48.96,0.0,0.0,0.0,45.0,48.98,0.0,1.0,0.0,120.0,48.99,741.53,0.88,0.0,0.0,18.08,8.07,16.71,97.16,69.75,100.0,97.08
2018-01-27 07:05:00,2,1,48.95,85.0,55.0,48.9,48.98,48.95,0.0,0.0,0.0,45.0,48.98,0.0,1.0,0.0,120.0,48.98,741.53,0.88,0.0,0.0,18.08,8.07,16.71,97.15,69.69,100.0,97.07
2018-01-27 07:06:00,2,1,48.94,85.0,55.0,48.89,48.97,48.94,0.0,0.0,0.0,45.0,48.97,0.0,1.0,0.0,120.0,48.97,741.53,0.88,0.0,0.0,18.08,8.08,16.71,97.14,69.62,100.0,97.06
2018-01-27 07:07:00,2,1,48.93,85.0,55.0,48.89,48.96,48.93,0.0,0.0,0.0,45.0,48.96,0.0,1.0,0.0,120.0,48.96,741.53,0.88,0.0,0.0,18.08,8.08,16.71,97.13,69.56,100.0,97.05
2018-01-27 07:08:00,2,1,48.93,85.0,55.0,48.88,48.96,48.93,0.0,0.0,0.0,45.0,48.96,0.0,1.0,0.0,120.0,48.96,741.53,0.88,0.0,0.0,18.08,8.09,16.71,97.12,69.5,100.0,97.04
2018-01-27 07:09:00,2,1,48.92,85.0,55.0,48.87,48.95,48.92,0.0,0.0,0.0,45.0,48.95,0.0,1.0,0.0,120.0,48.95,741.53,0.88,0.0,0.0,18.08,8.1,16.71,97.11,69.44,100.0,97.03
2018-01-27 07:10:00,2,1,48.91,85.0,55.0,48.87,48.94,48.91,0.0,0.0,0.0,45.0,48.94,0.0,1.0,0.0,120.0,48.94,741.53,0.88,0.0,0.0,18.08,8.1,16.71,97.1,69.38,100.0,97.02
2018-01-27 07:11:00,2,1,48.91,85.0,55.0,48.86,48.94,48.91,0.0,0.0,0.0,45.0,48.94,0.0,1.0,0.0,120.0,48.94,741.53,0.88,0.0,0.0,18.08,8.11,16.71,97.09,69.32,100.0,97.01
2018-01-27 07:12:00,2,1,48.9,85.0,55.0,48.85,48.93,48.9,0.0,0.0,0.0,45.0,48.93,0.0,1.0,0.0,120.0,48.93,741.53,0.88,0.0,0.0,18.08,8.12,16.71,97.08,69.26,100.0,97.0
2018-01-27 07:13:00,2,1,48.89,85.0,55.0,48.85,48.92,48.89,0.0,0.0,0.0,45.0,48.92,0.0,1.0,0.0,120.0,48.92,741.53,0.88,0.0,0.0,18.08,8.12,16.71,97.07,69.2,100.0,96.99
2018-01-27 07:14:00,2,1,48.89,85.0,55.0,48.84,48.92,48.89,0.0,0.0,0.0,45.0,48.92,0.0,1.0,0.0,120.0,48.92,741.53,0.88,0.0,0.0,18.08,8.13,16.71,97.06,69.14,100.0,96.97
2018-01-27 07:15:00,2,1,48.88,85.0,55.0,48.83,48.91,48.88,0.0,0.0,0.0,45.0,48.91,0.0,1.0,0.0,120.0,48.91,741.53,0.88,0.0,0.0,18.08,8.14,16.71,97.05,69.09,100.0,96.96
2018-01-27 07:16:00,2,1,48.87,85.0,55.0,48.83,48.9,48.87,0.0,0.0,0.0,45.0,48.9,0.0,1.0,0.0,120.0,48.9,741.53,0.88,0.0,0.0,18.08,8.15,16.71,97.04,69.03,100.0,96.95
2018-01-27 07:17:00,2,1,48.87,85.0,55.0,48.82,48.9,48.87,0.0,0.0,0.0,45.0,48.9,0.0,1.0,0.0,120.0,48.9,741.53,0.88,0.0,0.0,18.08,8.16,16.71,97.02,68.98,100.0,96.94
2018-01-27 07:18:00,2,1,48.86,85.0,55.0,48.81,48.89,48.86,0.0,0.0,0.0,45.0,48.89,0.0,1.0,0.0,120.0,48.89,741.53,0.88,0.0,0.0,18.08,8.17,16.71,97.01,68.92,100.0,96.93
2018-01-27 07:19:00,2,1,48.86,85.0,55.0,48.81,48.88,48.86,0.0,0.0,0.0,45.0,48.88,0.0,1.0,0.0,120.0,48.88,741.53,0.88,0.0,0.0,18.08,8.18,16.71,97.0,68.87,100.0,96.92
2018-01-27 07:20:00,2,1,48.85,85.0,55.0,48.8,48.88,48.85,0.0,0.0,0.0,45.0,48.88,0.0,1.0,0.0,120.0,48.88,741.53,0.88,0.0,0.0,18.08,8.19,16.71,96.99,68.82,100.0,96.91
2018-01-27 07:21:00,2,1,48.84,85.0,55.0,48.79,48.87,48.84,0.0,0.0,0.0,45.0,48.87,0.0,1.0,0.0,120.0,48.87,741.53,0.88,0.0,0.0,18.08,8.2,16.71,96.98,68.77,100.0,96.9
2018-01-27 07:22:00,2,1,48.84,85.0,55.0,48.79,48.86,48.84,0.0,0.0,0.0,45.0,48.86,0.0,1.0,0.0,120.0,48.87,741.53,0.88,0.0,0.0,18.08,8.21,16.71,96.97,68.72,100.0,96.88
2018-01-27 07:23:00,2,1,48.83,85.0,55.0,48.78,48.86,48.83,0.0,0.0,0.0,45.0,48.86,0.0,1.0,0.0,120.0,48.86,741.53,0.88,0.0,0.0,18.08,8.23,16.71,96.95,68.67,100.0,96.87
2018-01-27 07:24:00,2,1,48.82,85.0,55.0,48.78,48.85,48.82,0.0,0.0,0.0,45.0,48.85,0.0,1.0,0.0,120.0,48.85,741.53,0.88,0.0,0.0,18.08,8.24,16.71,96.94,68.62,100.0,96.86
2018-01-27 07:25:00,2,1,48.82,85.0,55.0,48.77,48.85,48.82,0.0,0.0,0.0,45.0,48.85,0.0,1.0,0.0,120.0,48.85,741.53,0.88,0.0,0.0,18.08,8.25,16.71,96.93,68.57,100.0,96.85
2018-01-27 07:26:00,2,1,48.81,85.0,55.0,48.76,48.84,48.81,0.0,0.0,0.0,45.0,48.84,0.0,1.0,0.0,120.0,48.84,741.53,0.88,0.0,0.0,18.08,8.27,16.71,96.92,68.52,100.0,96.83
2018-01-27 07:27:00,2,1,48.81,85.0,55.0,48.76,48.83,48.81,0.0,0.0,0.0,45.0,48.83,0.0,1.0,0.0,120.0,48.83,741.53,0.88,0.0,0.0,18.08,8.28,16.71,96.9,68.47,100.0,96.82
2018-01-27 07:28:00,2,1,48.8,85.0,55.0,48.75,48.83,48.8,0.0,0.0,0.0,45.0,48.83,0.0,1.0,0.0,120.0,48.83,741.53,0.88,0.0,0.0,18.08,8.29,16.71,96.89,68.42,100.0,96.81
2018-01-27 07:29:00,2,1,48.79,85.0,55.0,48.75,48.82,48.79,0.0,0.0,0.0,45.0,48.82,0.0,1.0,0.0,120.0,48.82,741.53,0.88,0.0,0.0,18.08,8.31,16.71,96.88,68.38,100.0,96.8
2018-01-27 07:30:00,2,1,48.79,85.0,55.0,48.74,48.82,48.79,0.0,0.0,0.0,45.0,48.82,0.0,1.0,0.0,120.0,48.82,741.53,0.88,0.0,0.0,18.08,8.32,16.71,96.87,68.33,100.0,96.78
2018-01-27 07:31:00,2,1,48.78,85.0,55.0,48.73,48.81,48.78,0.0,0.0,0.0,45.0,48.81,0.0,1.0,0.0,120.0,48.81,741.53,0.88,0.0,0.0,18.08,8.34,16.71,96.85,68.28,100.0,96.77
2018-01-27 07:32:00,2,1,48.78,85.0,55.0,48.73,48.8,48.78,0.0,0.0,0.0,45.0,48.8,0.0,1.0,0.0,120.0,48.8,741.53,0.88,0.0,0.0,18.08,8.35,16.71,96.84,68.24,100.0,96.76
2018-01-27 07:33:00,2,1,48.77,85.0,55.0,48.72,48.8,48.77,0.0,0.0,0.0,45.0,48.8,0.0,1.0,0.0,120.0,48.8,741.53,0.88,0.0,0.0,18.08,8.37,16.71,96.82,68.19,100.0,96.74
2018-01-27 07:34:00,2,1,48.76,85.0,55.0,48.72,48.79,48.76,0.0,0.0,0.0,45.0,48.79,0.0,1.0,0.0,120.0,48.79,741.53,0.88,0.0,0.0,18.08,8.39,16.71,96.81,68.15,100.0,96.73
2018-01-27 07:35:00,2,1,48.76,85.0,55.0,48.71,48.79,48.76,0.0,0.0,0.0,45.0,48.79,0.0,1.0,0.0,120.0,48.79,741.53,0.88,0.0,0.0,18.08,8.4,16.71,96.8,68.1,100.0,96.72
2018-01-27 07:36:00,2,1,48.75,85.0,55.0,48.71,48.78,48.75,0.0,0.0,0.0,45.0,48.78,0.0,1.0,0.0,120.0,48.78,741.53,0.88,0.0,0.0,18.08,8.42,16.71,96.78,68.06,100.0,96.7
2018-01-27 07:37:00,2,1,48.75,85.0,55.0,48.7,48.77,48.75,0.0,0.0,0.0,45.0,48.78,0.0,1.0,0.0,120.0,48.78,741.53,0.88,0.0,0.0,18.08,8.44,16.71,96.77,68.01,100.0,96.69
2018-01-27 07:38:00,2,1,48.74,85.0,55.0,48.69,48.77,48.74,0.0,0.0,0.0,45.0,48.77,0.0,1.0,0.0,120.0,48.77,741.53,0.88,0.0,0.0,18.08,8.46,16.71,96.75,67.97,100.0,96.67
2018-01-27 07:39:00,2,1,48.74,85.0,55.0,48.69,48.76,48.74,0.0,0.0,0.0,45.0,48.76,0.0,1.0,0.0,120.0,48.77,741.53,0.88,0.0,0.0,18.08,8.48,16.71,96.74,67.92,100.0,96.66
2018-01-27 07:40:00,2,1,48.73,85.0,55.0,48.68,48.76,48.73,0.0,0.0,0.0,45.0,48.76,0.0,1.0,0.0,120.0,48.76,741.53,0.88,0.0,0.0,18.08,8.5,16.71,96.72,67.88,100.0,96.64
2018-01-27 07:41:00,2,1,48.73,85.0,55.0,48.68,48.75,48.73,0.0,0.0,0.0,45.0,48.75,0.0,1.0,0.0,120.0,48.75,741.53,0.88,0.0,0.0,18.08,8.52,16.71,96.71,67.84,100.0,96.63
2018-01-27 07:42:00,2,1,48.72,85.0,55.0,48.67,48.75,48.72,0.0,0.0,0.0,45.0,48.75,0.0,1.0,0.0,120.0,48.75,741.53,0.88,0.0,0.0,18.08,8.53,16.71,96.69,67.79,100.0,96.61
2018-01-27 07:43:00,2,1,48.71,85.0,55.0,48.67,48.74,48.71,0.0,0.0,0.0,45.0,48.74,0.0,1.0,0.0,120.0,48.74,741.53,0.88,0.0,0.0,18.08,8.55,16.71,96.68,67.75,100.0,96.6
2018-01-27 07:44:00,2,1,48.71,85.0,55.0,48.66,48.74,48.71,0.0,0.0,0.0,45.0,48.74,0.0,1.0,0.0,120.0,48.74,741.53,0.88,0.0,0.0,18.08,8.58,16.71,96.66,67.71,100.0,96.58
2018-01-27 07:45:00,2,1,48.7,85.0,55.0,48.66,48.73,48.7,0.0,0.0,0.0,45.0,48.73,0.0,1.0,0.0,120.0,48.73,741.53,0.88,0.0,0.0,18.08,8.6,16.71,96.65,67.67,100.0,96.57
2018-01-27 07:46:00,2,1,48.7,85.0,55.0,48.65,48.73,48.7,0.0,0.0,0.0,45.0,48.73,0.0,1.0,0.0,120.0,48.73,741.53,0.88,0.0,0.0,18.08,8.62,16.71,96.63,67.62,100.0,96.55
2018-01-27 07:47:00,2,1,48.69,85.0,55.0,48.65,48.72,48.69,0.0,0.0,0.0,45.0,48.72,0.0,1.0,0.0,120.0,48.72,741.53,0.88,0.0,0.0,18.08,8.64,16.71,96.61,67.58,100.0,96.53
2018-01-27 07:48:00,2,1,48.69,85.0,55.0,48.64,48.72,48.69,0.0,0.0,0.0,45.0,48.72,0.0,1.0,0.0,120.0,48.72,741.53,0.88,0.0,0.0,18.08,8.66,16.71,96.6,67.54,100.0,96.52
2018-01-27 07:49:00,2,1,48.68,85.0,55.0,48.64,48.71,48.68,0.0,0.0,0.0,45.0,48.71,0.0,1.0,0.0,120.0,48.71,741.53,0.88,0.0,0.0,18.08,8.68,16.71,96.58,67.5,100.0,96.5
2018-01-27 07:50:00,2,1,48.68,85.0,55.0,48.63,48.71,48.68,0.0,0.0,0.0,45.0,48.71,0.0,1.0,0.0,120.0,48.71,741.53,0.88,0.0,0.0,18.08,8.71,16.71,96.56,67.45,100.0,96.48
2018-01-27 07:51:00,2,1,48.68,85.0,55.0,48.63,48.7,48.68,0.0,0.0,0.0,45.0,48.7,0.0,1.0,0.0,120.0,48.7,741.53,0.88,0.0,0.0,18.08,8.73,16.71,96.55,67.41,100.0,96.47
2018-01-27 07:52:00,2,1,48.67,85.0,55.0,48.62,48.7,48.67,0.0,0.0,0.0,45.0,48.7,0.0,1.0,0.0,120.0,48.7,741.53,0.88,0.0,0.0,18.08,8.75,16.71,96.53,67.37,100.0,96.45
2018-01-27 07:53:00,2,1,48.67,85.0,55.0,48.62,48.69,48.67,0.0,0.0,0.0,45.0,48.69,0.0,1.0,0.0,120.0,48.69,741.53,0.88,0.0,0.0,18.08,8.77,16.71,96.51,67.33,100.0,96.43
2018-01-27 07:54:00,2,1,48.66,85.0,55.0,48.61,48.69,48.66,0.0,0.0,0.0,45.0,48.69,0.0,1.0,0.0,120.0,48.69,741.53,0.88,0.0,0.0,18.08,8.8,16.71,96.49,67.28,100.0,96.41
2018-01-27 07:55:00,2,1,48.66,85.0,55.0,48.61,48.68,48.66,0.0,0.0,0.0,45.0,48.68,0.0,1.0,0.0,120.0,48.69,741.53,0.88,0.0,0.0,18.08,8.82,16.71,96.48,67.24,100.0,96.4
2018-01-27 07:56:00,2,1,48.65,85.0,55.0,48.61,48.68,48.65,0.0,0.0,0.0,45.0,48.68,0.0,1.0,0.0,120.0,48.68,741.53,0.88,0.0,0.0,18.08,8.85,16.71,96.46,67.2,100.0,96.38
2018-01-27 07:57:00,2,1,48.65,85.0,55.0,48.6,48.68,48.65,0.0,0.0,0.0,45.0,48.68,0.0,1.0,0.0,120.0,48.68,741.53,0.88,0.0,0.0,18.08,8.87,16.71,96.44,67.15,100.0,96.36
2018-01-27 07:58:00,2,1,48.64,85.0,55.0,48.6,48.67,48.64,0.0,0.0,0.0,45.0,48.67,0.0,1.0,0.0,120.0,48.67,741.53,0.88,0.0,0.0,18.08,8.9,16.71,96.42,67.11,100.0,96.34
2018-01-27 07:59:00,2,1,48.64,85.0,55.0,48.59,48.67,48.64,0.0,0.0,0.0,45.0,48.67,0.0,1.0,0.0,120.0,48.67,741.53,0.88,0.0,0.0,18.08,8.92,16.71,96.4,67.07,100.0,96.32
2018-01-27 08:00:00,2,1,48.64,85.0,55.0,48.59,48.66,48.64,0.0,0.0,0.0,45.0,48.66,0.0,1.0,0.0,120.0,48.66,741.53,0.88,0.0,0.0,18.08,8.95,16.71,96.38,67.02,100.0,96.3
2018-01-27 08:01:00,2,1,48.63,85.0,55.0,48.59,48.66,48.63,0.0,0.0,0.0,45.0,48.66,0.0,1.0,0.0,120.0,48.66,741.53,0.88,0.0,0.0,18.08,8.97,16.71,96.36,66.97,100.0,96.28
2018-01-27 08:02:00,2,1,48.63,85.0,55.0,48.58,48.66,48.63,0.0,0.0,0.0,45.0,48.66,0.0,1.0,0.0,120.0,48.66,741.53,0.88,0.0,0.0,18.08,8.99,16.71,96.34,66.92,100.0,96.26
2018-01-27 08:03:00,2,1,48.62,85.0,55.0,48.58,48.65,48.62,0.0,0.0,0.0,45.0,48.65,0.0,1.0,0.0,120.0,48.65,741.53,0.88,0.0,0.0,18.08,9.01,16.71,96.32,66.86,100.0,96.24
2018-01-27 08:04:00,2,1,48.62,85.0,55.0,48.57,48.65,48.62,0.0,0.0,0.0,45.0,48.65,0.0,1.0,0.0,120.0,48.65,741.53,0.88,0.0,0.0,18.08,9.04,16.71,96.3,66.8,100.0,96.22
2018-01-27 08:05:00,2,1,48.62,85.0,55.0,48.57,48.64,48.62,0.0,0.0,0.0,45.0,48.64,0.0,1.0,0.0,120.0,48.64,741.53,0.88,0.0,0.0,18.08,9.06,16.71,96.28,66.75,100.0,96.21
2018-01-27 08:06:00,2,1,48.61,85.0,55.0,48.57,48.64,48.61,0.0,0.0,0.0,45.0,48.64,0.0,1.0,0.0,120.0,48.64,741.53,0.88,0.0,0.0,18.08,9.08,16.71,96.27,66.69,100.0,96.19
2018-01-27 08:07:00,2,1,48.61,85.0,55.0,48.56,48.64,48.61,0.0,0.0,0.0,45.0,48.64,0.0,1.0,0.0,120.0,48.64,741.53,0.88,0.0,0.0,18.08,9.1,16.71,96.25,66.63,100.0,96.17
2018-01-27 08:08:00,2,1,48.6,85.0,55.0,48.56,48.63,48.6,0.0,0.0,0.0,45.0,48.63,0.0,1.0,0.0,120.0,48.63,741.53,0.88,0.0,0.0,18.08,9.13,16.71,96.23,66.58,100.0,96.15
2018-01-27 08:09:00,2,1,48.6,85.0,55.0,48.55,48.63,48.6,0.0,0.0,0.0,45.0,48.63,0.0,1.0,0.0,120.0,48.63,741.53,0.88,0.0,0.0,18.08,9.15,16.71,96.21,66.52,100.0,96.13
2018-01-27 08:10:00,2,1,48.6,85.0,55.0,48.55,48.62,48.6,0.0,0.0,0.0,45.0,48.62,0.0,1.0,0.0,120.0,48.62,741.53,0.88,0.0,0.0,18.08,9.17,16.71,96.19,66.46,100.0,96.11
2018-01-27 08:11:00,2,1,48.59,85.0,55.0,48.55,48.62,48.59,0.0,0.0,0.0,45.0,48.62,0.0,1.0,0.0,120.0,48.62,741.53,0.88,0.0,0.0,18.08,9.2,16.71,96.17,66.4,100.0,96.09
2018-01-27 08:12:00,2,1,48.59,85.0,55.0,48.54,48.62,48.59,0.0,0.0,0.0,45.0,48.62,0.0,1.0,0.0,120.0,48.62,741.53,0.88,0.0,0.0,18.08,9.22,16.71,96.15,66.34,100.0,96.07
2018-01-27 08:13:00,2,1,48.58,85.0,55.0,48.54,48.61,48.58,0.0,0.0,0.0,45.0,48.61,0.0,1.0,0.0,120.0,48.61,741.53,0.88,0.0,0.0,18.08,9.25,16.71,96.13,66.28,100.0,96.05
2018-01-27 08:14:00,2,1,48.58,85.0,55.0,48.53,48.61,48.58,0.0,0.0,0.0,45.0,48.61,0.0,1.0,0.0,120.0,48.61,741.53,0.88,0.0,0.0,18.08,9.27,16.71,96.11,66.22,100.0,96.03
2018-01-27 08:15:00,2,1,48.58,85.0,55.0,48.53,48.6,48.58,0.0,0.0,0.0,45.0,48.6,0.0,1.0,0.0,120.0,48.61,741.53,0.88,0.0,0.0,18.08,9.3,16.71,96.09,66.16,100.0,96.01
2018-01-27 08:16:00,2,1,48.57,85.0,55.0,48.53,48.6,48.57,0.0,0.0,0.0,45.0,48.6,0.0,1.0,0.0,120.0,48.6,741.53,0.88,0.0,0.0,18.08,9.33,16.71,96.07,66.1,100.0,95.99
2018-01-27 08:17:00,2,1,48.57,85.0,55.0,48.52,48.6,48.57,0.0,0.0,0.0,45.0,48.6,0.0,1.0,0.0,120.0,48.6,741.53,0.88,0.0,0.0,18.08,9.35,16.71,96.04,66.04,100.0,95.97
2018-01-27 08:18:00,2,1,48.57,85.0,55.0,48.52,48.59,48.57,0.0,0.0,0.0,45.0,48.59,0.0,1.0,0.0,120.0,48.6,741.53,0.88,0.0,0.0,18.08,9.38,16.71,96.02,65.98,100.0,95.95
2018-01-27 08:19:00,2,1,48.56,85.0,55.0,48.52,48.59,48.56,0.0,0.0,0.0,45.0,48.59,0.0,1.0,0.0,120.0,48.59,741.53,0.88,0.0,0.0,18.08,9.41,16.71,96.0,65.92,100.0,95.92
2018-01-27 08:20:00,2,1,48.56,85.0,55.0,48.51,48.59,48.56,0.0,0.0,0.0,45.0,48.59,0.0,1.0,0.0,120.0,48.59,741.53,0.88,0.0,0.0,18.08,9.43,16.71,95.98,65.86,100.0,95.9
2018-01-27 08:21:00,2,1,48.56,85.0,55.0,48.51,48.58,48.56,0.0,0.0,0.0,45.0,48.58,0.0,1.0,0.0,120.0,48.59,741.53,0.88,0.0,0.0,18.08,9.46,16.71,95.96,65.8,100.0,95.88
2018-01-27 08:22:00,2,1,48.55,85.0,55.0,48.51,48.58,48.55,0.0,0.0,0.0,45.0,48.58,0.0,1.0,0.0,120.0,48.58,741.53,0.88,0.0,0.0,18.08,9.49,16.71,95.93,65.74,100.0,95.86
2018-01-27 08:23:00,2,1,48.55,85.0,55.0,48.5,48.58,48.55,0.0,0.0,0.0,45.0,48.58,0.0,1.0,0.0,120.0,48.58,741.53,0.88,0.0,0.0,18.08,9.52,16.71,95.91,65.67,100.0,95.83
2018-01-27 08:24:00,2,1,48.55,85.0,55.0,48.5,48.58,48.55,0.0,0.0,0.0,45.0,48.58,0.0,1.0,0.0,120.0,48.58,741.53,0.88,0.0,0.0,18.08,9.55,16.71,95.89,65.61,100.0,95.81
2018-01-27 08:25:00,2,1,48.55,85.0,55.0,48.5,48.57,48.55,0.0,0.0,0.0,45.0,48.57,0.0,1.0,0.0,120.0,48.57,741.53,0.88,0.0,0.0,18.08,9.58,16.71,95.86,65.55,100.0,95.79
2018-01-27 08:26:00,2,1,48.54,85.0,55.0,48.5,48.57,48.54,0.0,0.0,0.0,45.0,48.57,0.0,1.0,0.0,120.0,48.57,741.53,0.88,0.0,0.0,18.08,9.61,16.71,95.84,65.48,100.0,95.76
2018-01-27 08:27:00,2,1,48.54,85.0,55.0,48.49,48.57,48.54,0.0,0.0,0.0,45.0,48.57,0.0,1.0,0.0,120.0,48.57,741.53,0.88,0.0,0.0,18.08,9.64,16.71,95.81,65.42,100.0,95.74
2018-01-27 08:28:00,2,1,48.54,85.0,55.0,48.49,48.57,48.54,0.0,0.0,0.0,45.0,48.57,0.0,1.0,0.0,120.0,48.57,741.53,0.88,0.0,0.0,18.08,9.67,16.71,95.79,65.35,100.0,95.71
2018-01-27 08:29:00,2,1,48.54,85.0,55.0,48.49,48.56,48.54,0.0,0.0,0.0,45.0,48.56,0.0,1.0,0.0,120.0,48.56,741.53,0.88,0.0,0.0,18.08,9.7,16.71,95.76,65.29,100.0,95.69
2018-01-27 08:30:00,2,1,48.53,85.0,55.0,48.49,48.56,48.53,0.0,0.0,0.0,45.0,48.56,0.0,1.0,0.0,120.0,48.56,741.53,0.88,0.0,0.0,18.08,9.73,16.71,95.74,65.22,100.0,95.66
2018-01-27 08:31:00,2,1,48.53,85.0,55.0,48.49,48.56,48.53,0.0,0.0,0.0,45.0,48.56,0.0,1.0,0.0,120.0,48.56,741.53,0.88,0.0,0.0,18.08,9.77,16.71,95.71,65.16,100.0,95.64
2018-01-27 08:32:00,2,1,48.53,85.0,55.0,48.48,48.56,48.53,0.0,0.0,0.0,45.0,48.56,0.0,1.0,0.0,120.0,48.56,741.53,0.88,0.0,0.0,18.08,9.8,16.71,95.68,65.09,100.0,95.61
2018-01-27 08:33:00,2,1,48.53,85.0,55.0,48.48,48.56,48.53,0.0,0.0,0.0,45.0,48.56,0.0,1.0,0.0,120.0,48.56,741.53,0.88,0.0,0.0,18.08,9.83,16.71,95.66,65.03,100.0,95.58
2018-01-27 08:34:00,2,1,48.53,85.0,55.0,48.48,48.55,48.53,0.0,0.0,0.0,45.0,48.55,0.0,1.0,0.0,120.0,48.55,741.53,0.88,0.0,0.0,18.08,9.86,16.71,95.63,64.96,100.0,95.55
2018-01-27 08:35:00,2,1,48.53,85.0,55.0,48.48,48.55,48.53,0.0,0.0,0.0,45.0,48.55,0.0,1.0,0.0,120.0,48.55,741.53,0.88,0.0,0.0,18.08,9.9,16.71,95.6,64.89,100.0,95.53
2018-01-27 08:36:00,2,1,48.53,85.0,55.0,48.48,48.55,48.53,0.0,0.0,0.0,45.0,48.55,0.0,1.0,0.0,120.0,48.55,741.53,0.88,0.0,0.0,18.08,9.93,16.71,95.57,64.82,100.0,95.5
2018-01-27 08:37:00,2,1,48.52,85.0,55.0,48.48,48.55,48.52,0.0,0.0,0.0,45.0,48.55,0.0,1.0,0.0,120.0,48.55,741.53,0.88,0.0,0.0,18.08,9.97,16.71,95.54,64.75,100.0,95.47
2018-01-27 08:38:00,2,1,48.52,85.0,55.0,48.48,48.55,48.52,0.0,0.0,0.0,45.0,48.55,0.0,1.0,0.0,120.0,48.55,741.53,0.88,0.0,0.0,18.08,10.0,16.71,95.51,64.69,100.0,95.44
2018-01-27 08:39:00,2,1,48.52,85.0,55.0,48.48,48.55,48.52,0.0,0.0,0.0,45.0,48.55,0.0,1.0,0.0,120.0,48.55,741.53,0.88,0.0,0.0,18.08,10.04,16.71,95.48,64.62,100.0,95.41
2018-01-27 08:40:00,2,1,48.52,85.0,55.0,48.48,48.55,48.52,0.0,0.0,0.0,45.0,48.55,0.0,1.0,0.0,120.0,48.55,741.53,0.88,0.0,0.0,18.08,10.08,16.71,95.45,64.55,100.0,95.38
2018-01-27 08:41:00,2,1,48.52,85.0,55.0,48.48,48.55,48.52,0.0,0.0,0.0,45.0,48.55,0.0,1.0,0.0,120.0,48.55,741.53,0.88,0.0,0.0,18.08,10.11,16.71,95.42,64.48,100.0,95.34
2018-01-27 08:42:00,2,1,48.52,85.0,55.0,48.48,48.55,48.52,0.0,0.0,0.0,45.0,48.55,0.0,1.0,0.0,120.0,48.55,741.53,0.88,0.0,0.0,18.08,10.15,16.71,95.38,64.4,100.0,95.31
2018-01-27 08:43:00,2,1,48.52,85.0,55.0,48.48,48.55,48.52,0.0,0.0,0.0,45.0,48.55,0.0,1.0,0.0,120.0,48.55,741.53,0.88,0.0,0.0,18.08,10.19,16.71,95.35,64.33,100.0,95.28
2018-01-27 08:44:00,2,1,48.52,85.0,55.0,48.48,48.55,48.52,0.0,0.0,0.0,45.0,48.55,0.0,1.0,0.0,120.0,48.55,741.53,0.88,0.0,0.0,18.08,10.23,16.71,95.32,64.26,100.0,95.25
2018-01-27 08:45:00,2,1,48.52,85.0,55.0,48.48,48.55,48.52,0.0,0.0,0.0,45.0,48.55,0.0,1.0,0.0,120.0,48.55,741.53,0.88,0.0,0.0,18.08,10.27,16.71,95.28,64.19,100.0,95.21
2018-01-27 08:46:00,2,1,48.52,85.0,55.0,48.48,48.55,48.52,0.0,0.0,0.0,45.0,48.55,0.0,1.0,0.0,120.0,48.55,741.53,0.88,0.0,0.0,18.08,10.31,16.71,95.25,64.12,100.0,95.18
2018-01-27 08:47:00,2,1,48.52,85.0,55.0,48.48,48.55,48.52,0.0,0.0,0.0,45.0,48.55,0.0,1.0,0.0,120.0,48.55,741.53,0.88,0.0,0.0,18.08,10.35,16.71,95.21,64.04,100.0,95.14
2018-01-27 08:48:00,2,1,48.53,85.0,55.0,48.48,48.55,48.53,0.0,0.0,0.0,45.0,48.55,0.0,1.0,0.0,120.0,48.55,741.53,0.88,0.0,0.0,18.08,10.39,16.71,95.18,63.97,100.0,95.11
2018-01-27 08:49:00,2,1,48.53,85.0,55.0,48.48,48.55,48.53,0.0,0.0,0.0,45.0,48.55,0.0,1.0,0.0,120.0,48.55,741.53,0.88,0.0,0.0,18.08,10.43,16.71,95.14,63.9,100.0,95.07
2018-01-27 08:50:00,2,1,48.53,85.0,55.0,48.48,48.55,48.53,0.0,0.0,0.0,45.0,48.55,0.0,1.0,0.0,120.0,48.55,741.53,0.88,0.0,0.0,18.08,10.47,16.71,95.1,63.82,100.0,95.03
2018-01-27 08:51:00,2,1,48.53,85.0,55.0,48.48,48.56,48.53,0.0,0.0,0.0,45.0,48.56,0.0,1.0,0.0,120.0,48.56,741.53,0.88,0.0,0.0,18.08,10.51,16.71,95.06,63.75,100.0,94.99
2018-01-27 08:52:00,2,1,48.53,85.0,55.0,48.49,48.56,48.53,0.0,0.0,0.0,45.0,48.56,0.0,1.0,0.0,120.0,48.56,741.53,0.88,0.0,0.0,18.08,10.55,16.71,95.03,63.67,100.0,94.95
2018-01-27 08:53:00,2,1,48.53,85.0,55.0,48.49,48.56,48.53,0.0,0.0,0.0,45.0,48.56,0.0,1.0,0.0,120.0,48.56,741.53,0.88,0.0,0.0,18.08,10.6,16.71,94.99,63.59,100.0,94.92
2018-01-27 08:54:00,2,1,48.54,85.0,55.0,48.49,48.56,48.54,0.0,0.0,0.0,45.0,48.56,0.0,1.0,0.0,120.0,48.56,741.53,0.88,0.0,0.0,18.08,10.64,16.71,94.95,63.52,100.0,94.88
2018-01-27 08:55:00,2,1,48.54,85.0,55.0,48.49,48.56,48.54,0.0,0.0,0.0,45.0,48.56,0.0,1.0,0.0,120.0,48.56,741.53,0.88,0.0,0.0,18.08,10.69,16.71,94.9,63.44,100.0,94.83
2018-01-27 08:56:00,2,1,48.54,85.0,55.0,48.5,48.57,48.54,0.0,0.0,0.0,45.0,48.57,0.0,1.0,0.0,120.0,48.57,741.53,0.88,0.0,0.0,18.08,10.73,16.71,94.86,63.36,100.0,94.79
2018-01-27 08:57:00,2,1,48.54,85.0,55.0,48.5,48.57,48.54,0.0,0.0,0.0,45.0,48.57,0.0,1.0,0.0,120.0,48.57,741.53,0.88,0.0,0.0,18.08,10.78,16.71,94.82,63.28,100.0,94.75
2018-01-27 08:58:00,2,1,48.55,85.0,55.0,48.5,48.57,48.55,0.0,0.0,0.0,45.0,48.57,0.0,1.0,0.0,120.0,48.57,741.53,0.88,0.0,0.0,18.08,10.82,16.71,94.78,63.21,100.0,94.71
2018-01-27 08:59:00,2,1,48.55,85.0,55.0,48.51,48.58,48.55,0.0,0.0,0.0,45.0,48.58,0.0,1.0,0.0,120.0,48.58,741.53,0.88,0.0,0.0,18.08,10.87,16.71,94.73,63.13,100.0,94.66
2018-01-27 09:00:00,2,1,48.56,85.0,55.0,48.51,48.58,48.56,0.0,0.0,0.0,45.0,48.58,0.0,1.0,0.0,120.0,48.58,741.53,0.88,0.0,0.0,18.08,10.92,16.71,94.69,63.05,100.0,94.62
2018-01-27 09:01:00,2,1,48.56,85.0,55.0,48.52,48.58,48.56,0.0,0.0,0.0,45.0,48.58,0.0,1.0,0.0,120.0,48.58,741.53,0.88,0.0,0.0,18.08,10.97,16.71,94.64,62.96,100.0,94.57
2018-01-27 09:02:00,2,1,48.56,85.0,55.0,48.52,48.59,48.56,0.0,0.0,0.0,45.0,48.59,0.0,1.0,0.0,120.0,48.59,741.53,0.88,0.0,0.0,18.08,11.03,16.71,94.59,62.87,100.0,94.52
2018-01-27 09:03:00,2,1,48.57,85.0,55.0,48.53,48.59,48.57,0.0,0.0,0.0,45.0,48.59,0.0,1.0,0.0,120.0,48.59,741.53,0.88,0.0,0.0,18.08,11.1,16.71,94.54,62.77,100.0,94.47
2018-01-27 09:04:00,2,1,48.58,85.0,55.0,48.53,48.6,48.58,0.0,0.0,0.0,45.0,48.6,0.0,1.0,0.0,120.0,48.6,741.53,0.88,0.0,0.0,18.08,11.16,16.71,94.49,62.68,100.0,94.42
2018-01-27 09:05:00,2,1,48.59,85.0,55.0,48.54,48.61,48.59,0.0,0.0,0.0,45.0,48.61,0.0,1.0,0.0,120.0,48.61,741.53,0.88,0.0,0.0,18.08,11.22,16.71,94.43,62.59,100.0,94.36
2018-01-27 09:06:00,2,1,48.59,85.0,55.0,48.55,48.62,48.59,0.0,0.0,0.0,45.0,48.62,0.0,1.0,0.0,120.0,48.61,741.53,0.88,0.0,0.0,18.08,11.28,16.71,94.37,62.49,100.0,94.3
2018-01-27 09:07:00,2,1,48.6,85.0,55.0,48.56,48.62,48.6,0.0,0.0,0.0,45.0,48.62,0.0,1.0,0.0,120.0,48.62,741.53,0.88,0.0,0.0,18.08,11.35,16.71,94.31,62.4,100.0,94.24
2018-01-27 09:08:00,2,1,48.61,85.0,55.0,48.57,48.63,48.61,0.0,0.0,0.0,45.0,48.63,0.0,1.0,0.0,120.0,48.63,741.53,0.88,0.0,0.0,18.08,11.41,16.71,94.25,62.3,100.0,94.18
2018-01-27 09:09:00,2,1,48.62,85.0,55.0,48.58,48.64,48.62,0.0,0.0,0.0,45.0,48.64,0.0,1.0,0.0,120.0,48.64,741.53,0.88,0.0,0.0,18.08,11.48,16.71,94.18,62.21,100.0,94.11
2018-01-27 09:10:00,2,1,48.63,85.0,55.0,48.59,48.65,48.63,0.0,0.0,0.0,45.0,48.65,0.0,1.0,0.0,120.0,48.65,741.53,0.88,0.0,0.0,18.08,11.54,16.71,94.11,62.11,100.0,94.05
2018-01-27 09:11:00,2,1,48.64,85.0,55.0,48.6,48.66,48.64,0.0,0.0,0.0,45.0,48.66,0.0,1.0,0.0,120.0,48.66,741.53,0.88,0.0,0.0,18.08,11.61,16.71,94.05,62.01,100.0,93.98
2018-01-27 09:12:00,2,1,48.66,85.0,55.0,48.61,48.68,48.66,0.0,0.0,0.0,45.0,48.68,0.0,1.0,0.0,120.0,48.67,741.53,0.88,0.0,0.0,18.08,11.67,16.71,93.98,61.92,100.0,93.91
2018-01-27 09:13:00,2,1,48.67,85.0,55.0,48.62,48.69,48.67,0.0,0.0,0.0,45.0,48.69,0.0,1.0,0.0,120.0,48.68,741.53,0.88,0.0,0.0,18.08,11.74,16.71,93.9,61.82,100.0,93.84
2018-01-27 09:14:00,2,1,48.68,85.0,55.0,48.64,48.7,48.68,0.0,0.0,0.0,45.0,48.7,0.0,1.0,0.0,120.0,48.7,741.53,0.88,0.0,0.0,18.08,11.81,16.71,93.83,61.72,100.0,93.77
2018-01-27 09:15:00,2,1,48.69,85.0,55.0,48.65,48.71,48.69,0.0,0.0,0.0,45.0,48.71,0.0,1.0,0.0,120.0,48.71,741.53,0.88,0.0,0.0,18.08,11.88,16.71,93.76,61.62,100.0,93.69
2018-01-27 09:16:00,2,1,48.71,85.0,55.0,48.66,48.73,48.71,0.0,0.0,0.0,45.0,48.73,0.0,1.0,0.0,120.0,48.72,741.53,0.88,0.0,0.0,18.08,11.94,16.71,93.68,61.52,100.0,93.62
2018-01-27 09:17:00,2,1,48.72,85.0,55.0,48.68,48.74,48.72,0.0,0.0,0.0,45.0,48.74,0.0,1.0,0.0,120.0,48.74,741.53,0.88,0.0,0.0,18.08,12.01,16.71,93.61,61.43,100.0,93.54
2018-01-27 09:18:00,2,1,48.73,85.0,55.0,48.69,48.75,48.73,0.0,0.0,0.0,45.0,48.75,0.0,1.0,0.0,120.0,48.75,741.53,0.88,0.0,0.0,18.08,12.08,16.71,93.53,61.33,100.0,93.47
2018-01-27 09:19:00,2,1,48.75,85.0,55.0,48.71,48.77,48.75,0.0,0.0,0.0,45.0,48.77,0.0,1.0,0.0,120.0,48.76,741.53,0.88,0.0,0.0,18.08,12.15,16.71,93.45,61.23,100.0,93.39
2018-01-27 09:20:00,2,1,48.76,85.0,55.0,48.72,48.78,48.76,0.0,0.0,0.0,45.0,48.78,0.0,1.0,0.0,120.0,48.78,741.53,0.88,0.0,0.0,18.08,12.22,16.71,93.37,61.13,100.0,93.31
2018-01-27 09:21:00,2,1,48.78,85.0,55.0,48.74,48.8,48.78,0.0,0.0,0.0,45.0,48.8,0.0,1.0,0.0,120.0,48.79,741.53,0.88,0.0,0.0,18.08,12.29,16.71,93.29,61.03,100.0,93.23
2018-01-27 09:22:00,2,1,48.79,85.0,55.0,48.75,48.81,48.79,0.0,0.0,0.0,45.0,48.81,0.0,1.0,0.0,120.0,48.81,741.53,0.88,0.0,0.0,18.08,12.36,16.71,93.21,60.93,100.0,93.15
2018-01-27 09:23:00,2,1,48.81,85.0,55.0,48.77,48.83,48.81,0.0,0.0,0.0,45.0,48.83,0.0,1.0,0.0,120.0,48.82,741.53,0.88,0.0,0.0,18.08,12.43,16.71,93.13,60.83,100.0,93.07
2018-01-27 09:24:00,2,1,48.83,85.0,55.0,48.78,48.84,48.83,0.0,0.0,0.0,45.0,48.84,0.0,1.0,0.0,120.0,48.84,741.53,0.88,0.0,0.0,18.08,12.5,16.71,93.05,60.73,100.0,92.99
2018-01-27 09:25:00,2,1,48.84,85.0,55.0,48.8,48.86,48.84,0.0,0.0,0.0,45.0,48.86,0.0,1.0,0.0,120.0,48.86,741.53,0.88,0.0,0.0,18.08,12.57,16.71,92.96,60.62,100.0,92.9
2018-01-27 09:26:00,2,1,48.86,85.0,55.0,48.82,48.88,48.86,0.0,0.0,0.0,45.0,48.88,0.0,1.0,0.0,120.0,48.87,741.53,0.88,0.0,0.0,18.08,12.64,16.71,92.88,60.52,100.0,92.82
2018-01-27 09:27:00,2,1,48.88,85.0,55.0,48.83,48.89,48.88,0.0,0.0,0.0,45.0,48.89,0.0,1.0,0.0,120.0,48.89,741.53,0.88,0.0,0.0,18.08,12.71,16.71,92.8,60.42,100.0,92.74
2018-01-27 09:28:00,2,1,48.89,85.0,55.0,48.85,48.91,48.89,0.0,0.0,0.0,45.0,48.91,0.0,1.0,0.0,120.0,48.91,741.53,0.88,0.0,0.0,18.08,12.78,16.71,92.71,60.32,100.0,92.65
2018-01-27 09:29:00,2,1,48.91,85.0,55.0,48.87,48.93,48.91,0.0,0.0,0.0,45.0,48.93,0.0,1.0,0.0,120.0,48.92,741.53,0.88,0.0,0.0,18.08,12.85,16.71,92.63,60.22,100.0,92.57
2018-01-27 09:30:00,2,1,48.93,85.0,55.0,48.88,48.94,48.93,0.0,0.0,0.0,45.0,48.94,0.0,1.0,0.0,120.0,48.94,741.53,0.88,0.0,0.0,18.08,12.92,16.71,92.54,60.12,100.0,92.48
2018-01-27 09:31:00,2,1,48.94,85.0,55.0,48.9,48.96,48.94,0.0,0.0,0.0,45.0,48.96,0.0,1.0,0.0,120.0,48.96,741.53,0.88,0.0,0.0,18.08,12.99,16.71,92.45,60.01,100.0,92.4
2018-01-27 09:32:00,2,1,48.96,85.0,55.0,48.92,48.98,48.96,0.0,0.0,0.0,45.0,48.98,0.0,1.0,0.0,120.0,48.97,741.53,0.88,0.0,0.0,18.08,13.06,16.71,92.37,59.91,100.0,92.31
2018-01-27 09:33:00,2,1,48.98,85.0,55.0,48.94,49.0,48.98,0.0,0.0,0.0,45.0,49.0,0.0,1.0,0.0,120.0,48.99,741.53,0.88,0.0,0.0,18.08,13.14,16.71,92.28,59.81,100.0,92.22
2018-01-27 09:34:00,2,1,49.0,85.0,55.0,48.96,49.01,49.0,0.0,0.0,0.0,45.0,49.01,0.0,1.0,0.0,120.0,49.01,741.53,0.88,0.0,0.0,18.08,13.21,16.71,92.19,59.71,100.0,92.14
2018-01-27 09:35:00,2,1,49.02,85.0,55.0,48.97,49.03,49.02,0.0,0.0,0.0,45.0,49.03,0.0,1.0,0.0,120.0,49.03,741.53,0.88,0.0,0.0,18.08,13.28,16.71,92.1,59.6,100.0,92.05
2018-01-27 09:36:00,2,1,49.03,85.0,55.0,48.99,49.05,49.03,0.0,0.0,0.0,45.0,49.05,0.0,1.0,0.0,120.0,49.05,741.53,0.88,0.0,0.0,18.08,13.35,16.71,92.02,59.5,100.0,91.96
2018-01-27 09:37:00,2,1,49.05,85.0,55.0,49.01,49.07,49.05,0.0,0.0,0.0,45.0,49.07,0.0,1.0,0.0,120.0,49.06,741.53,0.88,0.0,0.0,18.08,13.42,16.71,91.93,59.4,100.0,91.87
2018-01-27 09:38:00,2,1,49.07,85.0,55.0,49.03,49.09,49.07,0.0,0.0,0.0,45.0,49.09,0.0,1.0,0.0,120.0,49.08,741.53,0.88,0.0,0.0,18.08,13.49,16.71,91.84,59.3,99.95,91.78
2018-01-27 09:39:00,2,1,49.09,85.0,55.0,49.05,49.11,49.09,0.0,0.0,0.0,45.0,49.1,0.0,1.0,0.0,120.0,49.1,741.53,0.88,0.0,0.0,18.08,13.57,16.71,91.75,59.19,99.89,91.7
2018-01-27 09:40:00,2,1,49.11,85.0,55.0,49.06,49.12,49.11,0.0,0.0,0.0,45.0,49.12,0.0,1.0,0.0,120.0,49.12,741.53,0.88,0.0,0.0,18.08,13.64,16.71,91.66,59.09,99.83,91.61
2018-01-27 09:41:00,2,1,49.13,85.0,55.0,49.08,49.14,49.13,0.0,0.0,0.0,45.0,49.14,0.0,1.0,0.0,120.0,49.14,741.53,0.88,0.0,0.0,18.08,13.71,16.71,91.57,58.99,99.77,91.52
2018-01-27 09:42:00,2,1,49.14,85.0,55.0,49.1,49.16,49.14,0.0,0.0,0.0,45.0,49.16,0.0,1.0,0.0,120.0,49.16,741.53,0.88,0.0,0.0,18.08,13.78,16.71,91.49,58.88,99.71,91.43
2018-01-27 09:43:00,2,1,49.16,85.0,55.0,49.12,49.18,49.16,0.0,0.0,0.0,45.0,49.18,0.0,1.0,0.0,120.0,49.18,741.53,0.88,0.0,0.0,18.08,13.85,16.71,91.4,58.78,99.64,91.34
2018-01-27 09:44:00,2,1,49.18,85.0,55.0,49.14,49.2,49.18,0.0,0.0,0.0,45.0,49.2,0.0,1.0,0.0,120.0,49.19,741.53,0.88,0.0,0.0,18.08,13.93,16.71,91.31,58.68,99.58,91.25
2018-01-27 09:45:00,2,1,49.2,85.0,55.0,49.16,49.22,49.2,0.0,0.0,0.0,45.0,49.22,0.0,1.0,0.0,120.0,49.21,741.53,0.88,0.0,0.0,18.08,14.0,16.71,91.22,58.57,99.52,91.17
2018-01-27 09:46:00,2,1,49.22,85.0,55.0,49.18,49.24,49.22,0.0,0.0,0.0,45.0,49.24,0.0,1.0,0.0,120.0,49.23,741.53,0.88,0.0,0.0,18.08,14.07,16.71,91.13,58.47,99.46,91.08
2018-01-27 09:47:00,2,1,49.24,85.0,55.0,49.2,49.25,49.24,0.0,0.0,0.0,45.0,49.25,0.0,1.0,0.0,120.0,49.25,741.53,0.88,0.0,0.0,18.08,14.14,16.71,91.04,58.37,99.4,90.99
2018-01-27 09:48:00,2,1,49.26,85.0,55.0,49.21,49.27,49.26,0.0,0.0,0.0,45.0,49.27,0.0,1.0,0.0,120.0,49.27,741.53,0.88,0.0,0.0,18.08,14.21,16.71,90.95,58.27,99.34,90.9
2018-01-27 09:49:00,2,1,49.27,85.0,55.0,49.23,49.29,49.27,0.0,0.0,0.0,45.0,49.29,0.0,1.0,0.0,120.0,49.29,741.53,0.88,0.0,0.0,18.08,14.28,16.71,90.87,58.16,99.28,90.81
2018-01-27 09:50:00,2,1,49.29,85.0,55.0,49.25,49.31,49.29,0.0,0.0,0.0,45.0,49.31,0.0,1.0,0.0,120.0,49.31,741.53,0.88,0.0,0.0,18.08,14.35,16.71,90.78,58.06,99.22,90.73
2018-01-27 09:51:00,2,1,49.31,85.0,55.0,49.27,49.33,49.31,0.0,0.0,0.0,45.0,49.33,0.0,1.0,0.0,120.0,49.32,741.53,0.88,0.0,0.0,18.08,14.42,16.71,90.69,57.96,99.16,90.64
2018-01-27 09:52:00,2,1,49.33,85.0,55.0,49.29,49.35,49.33,0.0,0.0,0.0,45.0,49.35,0.0,1.0,0.0,120.0,49.34,741.53,0.88,0.0,0.0,18.08,14.49,16.71,90.6,57.86,99.1,90.55
2018-01-27 09:53:00,2,1,49.35,85.0,55.0,49.31,49.37,49.35,0.0,0.0,0.0,45.0,49.37,0.0,1.0,0.0,120.0,49.36,741.53,0.88,0.0,0.0,18.08,14.56,16.71,90.51,57.76,99.04,90.46
2018-01-27 09:54:00,2,1,49.37,85.0,55.0,49.33,49.38,49.37,0.0,0.0,0.0,45.0,49.38,0.0,1.0,0.0,120.0,49.38,741.53,0.88,0.0,0.0,18.08,14.63,16.71,90.43,57.65,98.98,90.38
2018-01-27 09:55:00,2,1,49.38,85.0,55.0,49.34,49.4,49.38,0.0,0.0,0.0,45.0,49.4,0.0,1.0,0.0,120.0,49.4,741.53,0.88,0.0,0.0,18.08,14.7,16.71,90.34,57.55,98.92,90.29
2018-01-27 09:56:00,2,1,49.4,85.0,55.0,49.36,49.42,49.4,0.0,0.0,0.0,45.0,49.42,0.0,1.0,0.0,120.0,49.42,741.53,0.88,0.0,0.0,18.08,14.77,16.71,90.26,57.45,98.86,90.21
2018-01-27 09:57:00,2,1,49.42,85.0,55.0,49.38,49.44,49.42,0.0,0.0,0.0,45.0,49.44,0.0,1.0,0.0,120.0,49.43,741.53,0.88,0.0,0.0,18.08,14.84,16.71,90.17,57.35,98.8,90.12
2018-01-27 09:58:00,2,1,49.44,85.0,55.0,49.4,49.46,49.44,0.0,0.0,0.0,45.0,49.46,0.0,1.0,0.0,120.0,49.45,741.53,0.88,0.0,0.0,18.08,14.91,16.71,90.08,57.25,98.74,90.04
2018-01-27 09:59:00,2,1,49.46,85.0,55.0,49.42,49.47,49.46,0.0,0.0,0.0,45.0,49.47,0.0,1.0,0.0,120.0,49.47,741.53,0.88,0.0,0.0,18.08,14.98,16.71,90.0,57.15,98.68,89.95
2018-01-27 10:00:00,2,1,49.47,85.0,55.0,49.43,49.49,49.47,0.0,0.0,0.0,45.0,49.49,0.0,1.0,0.0,120.0,49.49,741.53,0.88,0.0,0.0,18.08,15.05,16.71,89.91,57.05,98.62,89.87
2018-01-27 10:01:00,2,1,49.49,85.0,55.0,49.45,49.51,49.49,0.0,0.0,0.0,45.0,49.51,0.0,1.0,0.0,120.0,49.51,741.53,0.88,0.0,0.0,18.08,15.11,16.71,89.83,56.94,98.57,89.78
2018-01-27 10:02:00,2,1,49.51,85.0,55.0,49.47,49.53,49.51,0.0,0.0,0.0,45.0,49.53,0.0,1.0,0.0,120.0,49.52,741.53,0.88,0.0,0.0,18.08,15.16,16.71,89.75,56.84,98.51,89.7
2018-01-27 10:03:00,2,1,49.52,85.0,55.0,49.48,49.54,49.52,0.0,0.0,0.0,45.0,49.54,0.0,1.0,0.0,120.0,49.54,741.53,0.88,0.0,0.0,18.08,15.22,16.71,89.67,56.73,98.46,89.63
2018-01-27 10:04:00,2,1,49.54,85.0,55.0,49.5,49.56,49.54,0.0,0.0,0.0,45.0,49.56,0.0,1.0,0.0,120.0,49.56,741.53,0.88,0.0,0.0,18.08,15.27,16.71,89.6,56.63,98.41,89.55
2018-01-27 10:05:00,2,1,49.55,85.0,55.0,49.51,49.57,49.55,0.0,0.0,0.0,45.0,49.57,0.0,1.0,0.0,120.0,49.57,741.53,0.88,0.0,0.0,18.08,15.32,16.71,89.52,56.53,98.36,89.48
2018-01-27 10:06:00,2,1,49.57,85.0,55.0,49.53,49.59,49.57,0.0,0.0,0.0,45.0,49.59,0.0,1.0,0.0,120.0,49.58,741.53,0.88,0.0,0.0,18.08,15.38,16.71,89.45,56.42,98.32,89.41
2018-01-27 10:07:00,2,1,49.58,85.0,55.0,49.54,49.6,49.58,0.0,0.0,0.0,45.0,49.6,0.0,1.0,0.0,120.0,49.6,741.53,0.88,0.0,0.0,18.08,15.43,16.71,89.38,56.32,98.28,89.34
2018-01-27 10:08:00,2,1,49.59,85.0,55.0,49.55,49.61,49.59,0.0,0.0,0.0,45.0,49.61,0.0,1.0,0.0,120.0,49.61,741.53,0.88,0.0,0.0,18.08,15.48,16.71,89.32,56.22,98.24,89.27
2018-01-27 10:09:00,2,1,49.6,85.0,55.0,49.56,49.63,49.6,0.0,0.0,0.0,45.0,49.62,0.0,1.0,0.0,120.0,49.62,741.53,0.88,0.0,0.0,18.08,15.53,16.71,89.25,56.11,98.2,89.21
2018-01-27 10:10:00,2,1,49.61,85.0,55.0,49.57,49.64,49.61,0.0,0.0,0.0,45.0,49.64,0.0,1.0,0.0,120.0,49.63,741.53,0.88,0.0,0.0,18.08,15.58,16.71,89.19,56.01,98.16,89.14
2018-01-27 10:11:00,2,1,49.62,85.0,55.0,49.58,49.65,49.62,0.0,0.0,0.0,45.0,49.65,0.0,1.0,0.0,120.0,49.64,741.53,0.88,0.0,0.0,18.08,15.64,16.71,89.12,55.91,98.13,89.08
2018-01-27 10:12:00,2,1,49.63,85.0,55.0,49.59,49.66,49.63,0.0,0.0,0.0,45.0,49.66,0.0,1.0,0.0,120.0,49.66,741.53,0.88,0.0,0.0,18.08,15.69,16.71,89.06,55.81,98.09,89.02
2018-01-27 10:13:00,2,1,49.64,85.0,55.0,49.6,49.67,49.64,0.0,0.0,0.0,45.0,49.67,0.0,1.0,0.0,120.0,49.67,741.53,0.88,0.0,0.0,18.08,15.74,16.71,89.0,55.71,98.06,88.96
2018-01-27 10:14:00,2,1,49.65,85.0,55.0,49.61,49.68,49.65,0.0,0.0,0.0,45.0,49.68,0.0,1.0,0.0,120.0,49.68,741.53,0.88,0.0,0.0,18.08,15.79,16.71,88.94,55.61,98.03,88.9
2018-01-27 10:15:00,2,1,49.66,85.0,55.0,49.62,49.69,49.66,0.0,0.0,0.0,45.0,49.69,0.0,1.0,0.0,120.0,49.68,741.53,0.88,0.0,0.0,18.08,15.84,16.71,88.89,55.51,98.0,88.84
2018-01-27 10:16:00,2,1,49.67,85.0,55.0,49.63,49.69,49.67,0.0,0.0,0.0,45.0,49.69,0.0,1.0,0.0,120.0,49.69,741.53,0.88,0.0,0.0,18.08,15.89,16.71,88.83,55.41,97.98,88.79
2018-01-27 10:17:00,2,1,49.68,85.0,55.0,49.64,49.7,49.68,0.0,0.0,0.0,45.0,49.7,0.0,1.0,0.0,120.0,49.7,741.53,0.88,0.0,0.0,18.08,15.94,16.71,88.77,55.31,97.95,88.73
2018-01-27 10:18:00,2,1,49.68,85.0,55.0,49.64,49.71,49.68,0.0,0.0,0.0,45.0,49.71,0.0,1.0,0.0,120.0,49.71,741.53,0.88,0.0,0.0,18.08,15.99,16.71,88.72,55.21,97.93,88.68
2018-01-27 10:19:00,2,1,49.69,85.0,55.0,49.65,49.72,49.69,0.0,0.0,0.0,45.0,49.72,0.0,1.0,0.0,120.0,49.72,741.53,0.88,0.0,0.0,18.08,16.04,16.71,88.67,55.12,97.9,88.62
2018-01-27 10:20:00,2,1,49.7,85.0,55.0,49.66,49.73,49.7,0.0,0.0,0.0,45.0,49.73,0.0,1.0,0.0,120.0,49.72,741.53,0.88,0.0,0.0,18.08,16.09,16.71,88.62,55.02,97.88,88.57
2018-01-27 10:21:00,2,1,49.7,85.0,55.0,49.67,49.73,49.7,0.0,0.0,0.0,45.0,49.73,0.0,1.0,0.0,120.0,49.73,741.53,0.88,0.0,0.0,18.08,16.14,16.71,88.56,54.92,97.86,88.52
2018-01-27 10:22:00,2,1,49.71,85.0,55.0,49.67,49.74,49.71,0.0,0.0,0.0,45.0,49.74,0.0,1.0,0.0,120.0,49.74,741.53,0.88,0.0,0.0,18.08,16.18,16.71,88.51,54.83,97.84,88.47
2018-01-27 10:23:00,2,1,49.72,85.0,55.0,49.68,49.74,49.72,0.0,0.0,0.0,45.0,49.74,0.0,1.0,0.0,120.0,49.74,741.53,0.88,0.0,0.0,18.08,16.23,16.71,88.47,54.74,97.82,88.42
2018-01-27 10:24:00,2,1,49.72,85.0,55.0,49.68,49.75,49.72,0.0,0.0,0.0,45.0,49.75,0.0,1.0,0.0,120.0,49.75,741.53,0.88,0.0,0.0,18.08,16.28,16.71,88.42,54.64,97.8,88.38
2018-01-27 10:25:00,2,1,49.73,85.0,55.0,49.69,49.76,49.73,0.0,0.0,0.0,45.0,49.76,0.0,1.0,0.0,120.0,49.75,741.53,0.88,0.0,0.0,18.08,16.33,16.71,88.37,54.55,97.78,88.33
2018-01-27 10:26:00,2,1,49.73,85.0,55.0,49.69,49.76,49.73,0.0,0.0,0.0,45.0,49.76,0.0,1.0,0.0,120.0,49.76,741.53,0.88,0.0,0.0,18.08,16.38,16.71,88.32,54.46,97.77,88.28
2018-01-27 10:27:00,2,1,49.74,85.0,55.0,49.7,49.77,49.74,0.0,0.0,0.0,45.0,49.77,0.0,1.0,0.0,120.0,49.76,741.53,0.88,0.0,0.0,18.08,16.42,16.71,88.28,54.37,97.75,88.24
2018-01-27 10:28:00,2,1,49.74,85.0,55.0,49.7,49.77,49.74,0.0,0.0,0.0,45.0,49.77,0.0,1.0,0.0,120.0,49.77,741.53,0.88,0.0,0.0,18.08,16.47,16.71,88.23,54.28,97.74,88.19
2018-01-27 10:29:00,2,1,49.75,85.0,55.0,49.71,49.77,49.75,0.0,0.0,0.0,45.0,49.77,0.0,1.0,0.0,120.0,49.77,741.53,0.88,0.0,0.0,18.08,16.52,16.71,88.19,54.19,97.72,88.15
2018-01-27 10:30:00,2,1,49.75,85.0,55.0,49.71,49.78,49.75,0.0,0.0,0.0,45.0,49.78,0.0,1.0,0.0,120.0,49.78,741.53,0.88,0.0,0.0,18.08,16.57,16.71,88.15,54.1,97.71,88.11
2018-01-27 10:31:00,2,1,49.75,85.0,55.0,49.71,49.78,49.75,0.0,0.0,0.0,45.0,49.78,0.0,1.0,0.0,120.0,49.78,741.53,0.88,0.0,0.0,18.08,16.61,16.71,88.1,54.01,97.7,88.06
2018-01-27 10:32:00,2,1,49.76,85.0,55.0,49.72,49.79,49.76,0.0,0.0,0.0,45.0,49.79,0.0,1.0,0.0,120.0,49.79,741.53,0.88,0.0,0.0,18.08,16.66,16.71,88.06,53.93,97.69,88.02
2018-01-27 10:33:00,2,1,49.76,85.0,55.0,49.72,49.79,49.76,0.0,0.0,0.0,45.0,49.79,0.0,1.0,0.0,120.0,49.79,741.53,0.88,0.0,0.0,18.08,16.71,16.71,88.02,53.84,97.67,87.98
2018-01-27 10:34:00,2,1,49.76,85.0,55.0,49.72,49.79,49.76,0.0,0.0,0.0,45.0,49.79,0.0,1.0,0.0,120.0,49.79,741.53,0.88,0.0,0.0,18.08,16.75,16.71,87.98,53.76,97.67,87.94
2018-01-27 10:35:00,2,1,49.77,85.0,55.0,49.73,49.8,49.77,0.0,0.0,0.0,45.0,49.8,0.0,1.0,0.0,120.0,49.8,741.53,0.88,0.0,0.0,18.08,16.8,16.71,87.94,53.68,97.66,87.9
2018-01-27 10:36:00,2,1,49.77,85.0,55.0,49.73,49.8,49.77,0.0,0.0,0.0,45.0,49.8,0.0,1.0,0.0,120.0,49.8,741.53,0.88,0.0,0.0,18.08,16.85,16.71,87.9,53.6,97.65,87.86
2018-01-27 10:37:00,2,1,49.77,85.0,55.0,49.73,49.8,49.77,0.0,0.0,0.0,45.0,49.8,0.0,1.0,0.0,120.0,49.8,741.53,0.88,0.0,0.0,18.08,16.89,16.71,87.86,53.52,97.64,87.82
2018-01-27 10:38:00,2,1,49.77,85.0,55.0,49.73,49.8,49.77,0.0,0.0,0.0,45.0,49.8,0.0,1.0,0.0,120.0,49.8,741.53,0.88,0.0,0.0,18.08,16.94,16.71,87.82,53.44,97.63,87.78
2018-01-27 10:39:00,2,1,49.77,85.0,55.0,49.73,49.81,49.77,0.0,0.0,0.0,45.0,49.81,0.0,1.0,0.0,120.0,49.8,741.53,0.88,0.0,0.0,18.08,16.98,16.71,87.79,53.36,97.63,87.75
2018-01-27 10:40:00,2,1,49.78,85.0,55.0,49.74,49.81,49.78,0.0,0.0,0.0,45.0,49.81,0.0,1.0,0.0,120.0,49.81,741.53,0.88,0.0,0.0,18.08,17.03,16.71,87.75,53.28,97.62,87.71
2018-01-27 10:41:00,2,1,49.78,85.0,55.0,49.74,49.81,49.78,0.0,0.0,0.0,45.0,49.81,0.0,1.0,0.0,120.0,49.81,741.53,0.88,0.0,0.0,18.08,17.08,16.71,87.71,53.2,97.62,87.67
2018-01-27 10:42:00,2,1,49.78,85.0,55.0,49.74,49.81,49.78,0.0,0.0,0.0,45.0,49.81,0.0,1.0,0.0,120.0,49.81,741.53,0.88,0.0,0.0,18.08,17.12,16.71,87.68,53.13,97.61,87.64
2018-01-27 10:43:00,2,1,49.78,85.0,55.0,49.74,49.81,49.78,0.0,0.0,0.0,45.0,49.81,0.0,1.0,0.0,120.0,49.81,741.53,0.88,0.0,0.0,18.08,17.17,16.71,87.64,53.06,97.61,87.6
2018-01-27 10:44:00,2,1,49.78,85.0,55.0,49.74,49.81,49.78,0.0,0.0,0.0,45.0,49.81,0.0,1.0,0.0,120.0,49.81,741.53,0.88,0.0,0.0,18.08,17.21,16.71,87.61,52.98,97.6,87.57
2018-01-27 10:45:00,2,1,49.78,85.0,55.0,49.74,49.81,49.78,0.0,0.0,0.0,45.0,49.81,0.0,1.0,0.0,120.0,49.81,741.53,0.88,0.0,0.0,18.08,17.26,16.71,87.57,52.91,97.6,87.54
2018-01-27 10:46:00,2,1,49.78,85.0,55.0,49.74,49.81,49.78,0.0,0.0,0.0,45.0,49.81,0.0,1.0,0.0,120.0,49.81,741.53,0.88,0.0,0.0,18.08,17.3,16.71,87.54,52.84,97.6,87.5
2018-01-27 10:47:00,2,1,49.78,85.0,55.0,49.74,49.81,49.78,0.0,0.0,0.0,45.0,49.81,0.0,1.0,0.0,120.0,49.81,741.53,0.88,0.0,0.0,18.08,17.35,16.71,87.5,52.78,97.6,87.47
2018-01-27 10:48:00,2,1,49.78,85.0,55.0,49.74,49.81,49.78,0.0,0.0,0.0,45.0,49.81,0.0,1.0,0.0,120.0,49.81,741.53,0.88,0.0,0.0,18.08,17.39,16.71,87.47,52.71,97.6,87.44
2018-01-27 10:49:00,2,1,49.78,85.0,55.0,49.74,49.82,49.78,0.0,0.0,0.0,45.0,49.82,0.0,1.0,0.0,120.0,49.82,741.53,0.88,0.0,0.0,18.08,17.44,16.71,87.44,52.64,97.59,87.4
2018-01-27 10:50:00,2,1,49.78,85.0,55.0,49.74,49.82,49.78,0.0,0.0,0.0,45.0,49.82,0.0,1.0,0.0,120.0,49.82,741.53,0.88,0.0,0.0,18.08,17.49,16.71,87.41,52.58,97.59,87.37
2018-01-27 10:51:00,2,1,49.78,85.0,55.0,49.74,49.82,49.78,0.0,0.0,0.0,45.0,49.82,0.0,1.0,0.0,120.0,49.82,741.53,0.88,0.0,0.0,18.08,17.53,16.71,87.38,52.52,97.59,87.34
2018-01-27 10:52:00,2,1,49.78,85.0,55.0,49.74,49.82,49.78,0.0,0.0,0.0,45.0,49.82,0.0,1.0,0.0,120.0,49.82,741.53,0.88,0.0,0.0,18.08,17.58,16.71,87.34,52.45,97.6,87.31
2018-01-27 10:53:00,2,1,49.78,85.0,55.0,49.74,49.81,49.78,0.0,0.0,0.0,45.0,49.81,0.0,1.0,0.0,120.0,49.81,741.53,0.88,0.0,0.0,18.08,17.62,16.71,87.31,52.4,97.6,87.28
2018-01-27 10:54:00,2,1,49.78,85.0,55.0,49.74,49.81,49.78,0.0,0.0,0.0,45.0,49.81,0.0,1.0,0.0,120.0,49.81,741.53,0.88,0.0,0.0,18.08,17.67,16.71,87.28,52.34,97.6,87.25
2018-01-27 10:55:00,2,1,49.78,85.0,55.0,49.74,49.81,49.78,0.0,0.0,0.0,45.0,49.81,0.0,1.0,0.0,120.0,49.81,741.53,0.88,0.0,0.0,18.08,17.71,16.71,87.25,52.28,97.6,87.22
2018-01-27 10:56:00,2,1,49.78,85.0,55.0,49.74,49.81,49.78,0.0,0.0,0.0,45.0,49.81,0.0,1.0,0.0,120.0,49.81,741.53,0.88,0.0,0.0,18.08,17.76,16.71,87.22,52.22,97.6,87.19
2018-01-27 10:57:00,2,1,49.78,85.0,55.0,49.74,49.81,49.78,0.0,0.0,0.0,45.0,49.81,0.0,1.0,0.0,120.0,49.81,741.53,0.88,0.0,0.0,18.08,17.8,16.71,87.19,52.17,97.6,87.16
2018-01-27 10:58:00,2,1,49.78,85.0,55.0,49.74,49.81,49.78,0.0,0.0,0.0,45.0,49.81,0.0,1.0,0.0,120.0,49.81,741.53,0.88,0.0,0.0,18.08,17.85,16.71,87.16,52.12,97.61,87.13
2018-01-27 10:59:00,2,1,49.78,85.0,55.0,49.74,49.81,49.78,0.0,0.0,0.0,45.0,49.81,0.0,1.0,0.0,120.0,49.81,741.53,0.88,0.0,0.0,18.08,17.89,16.71,87.13,52.07,97.61,87.1
2018-01-27 11:00:00,2,1,49.77,85.0,55.0,49.74,49.81,49.77,0.0,0.0,0.0,45.0,49.81,0.0,1.0,0.0,120.0,49.81,741.53,0.88,0.0,0.0,18.08,17.94,16.71,87.11,52.02,97.61,87.07
2018-01-27 11:01:00,2,1,49.77,85.0,55.0,49.74,49.81,49.77,0.0,0.0,0.0,45.0,49.81,0.0,1.0,0.0,120.0,49.81,741.53,0.88,0.0,0.0,18.08,17.99,16.71,87.08,51.99,97.62,87.04
2018-01-27 11:02:00,2,1,49.77,85.0,55.0,49.73,49.81,49.77,0.0,0.0,0.0,45.0,49.81,0.0,1.0,0.0,120.0,49.81,741.53,0.88,0.0,0.0,18.08,18.04,16.71,87.05,51.98,97.62,87.01
2018-01-27 11:03:00,2,1,49.77,85.0,55.0,49.73,49.81,49.77,0.0,0.0,0.0,45.0,49.81,0.0,1.0,0.0,120.0,49.81,741.53,0.88,0.0,0.0,18.08,18.09,16.71,87.02,51.97,97.63,86.99
2018-01-27 11:04:00,2,1,49.77,85.0,55.0,49.73,49.8,49.77,0.0,0.0,0.0,45.0,49.8,0.0,1.0,0.0,120.0,49.8,741.53,0.88,0.0,0.0,18.08,18.15,16.71,86.99,51.96,97.63,86.96
2018-01-27 11:05:00,2,1,49.77,85.0,55.0,49.73,49.8,49.77,0.0,0.0,0.0,45.0,49.8,0.0,1.0,0.0,120.0,49.8,741.53,0.88,0.0,0.0,18.08,18.2,16.71,86.96,51.95,97.63,86.93
2018-01-27 11:06:00,2,1,49.77,85.0,55.0,49.73,49.8,49.77,0.0,0.0,0.0,45.0,49.8,0.0,1.0,0.0,120.0,49.8,741.53,0.88,0.0,0.0,18.08,18.25,16.71,86.93,51.95,97.63,86.9
2018-01-27 11:07:00,2,1,49.77,85.0,55.0,49.73,49.8,49.77,0.0,0.0,0.0,45.0,49.8,0.0,1.0,0.0,120.0,49.8,741.53,0.88,0.0,0.0,18.08,18.31,16.71,86.9,51.94,97.63,86.86
2018-01-27 11:08:00,2,1,49.77,85.0,55.0,49.73,49.8,49.77,0.0,0.0,0.0,45.0,49.8,0.0,1.0,0.0,120.0,49.8,741.53,0.88,0.0,0.0,18.08,18.36,16.71,86.87,51.94,97.64,86.83
2018-01-27 11:09:00,2,1,49.77,85.0,55.0,49.73,49.8,49.77,0.0,0.0,0.0,45.0,49.8,0.0,1.0,0.0,120.0,49.8,741.53,0.88,0.0,0.0,18.08,18.41,16.71,86.84,51.94,97.64,86.8
2018-01-27 11:10:00,2,1,49.77,85.0,55.0,49.73,49.8,49.77,0.0,0.0,0.0,45.0,49.8,0.0,1.0,0.0,120.0,49.8,741.53,0.88,0.0,0.0,18.08,18.47,16.71,86.8,51.94,97.64,86.77
2018-01-27 11:11:00,2,1,49.77,85.0,55.0,49.73,49.8,49.77,0.0,0.0,0.0,45.0,49.8,0.0,1.0,0.0,120.0,49.8,741.53,0.88,0.0,0.0,18.08,18.52,16.71,86.77,51.94,97.64,86.74
2018-01-27 11:12:00,2,1,49.77,85.0,55.0,49.73,49.8,49.77,0.0,0.0,0.0,45.0,49.8,0.0,1.0,0.0,120.0,49.8,741.53,0.88,0.0,0.0,18.08,18.57,16.71,86.74,51.94,97.64,86.71
2018-01-27 11:13:00,2,1,49.77,85.0,55.0,49.73,49.8,49.77,0.0,0.0,0.0,45.0,49.8,0.0,1.0,0.0,120.0,49.8,741.53,0.88,0.0,0.0,18.08,18.63,16.71,86.71,51.94,97.64,86.68
2018-01-27 11:14:00,2,1,49.77,85.0,55.0,49.73,49.8,49.77,0.0,0.0,0.0,45.0,49.8,0.0,1.0,0.0,120.0,49.8,741.53,0.88,0.0,0.0,18.08,18.68,16.71,86.68,51.95,97.64,86.65
2018-01-27 11:15:00,2,1,49.77,85.0,55.0,49.73,49.8,49.77,0.0,0.0,0.0,45.0,49.8,0.0,1.0,0.0,120.0,49.8,741.53,0.88,0.0,0.0,18.08,18.73,16.71,86.65,51.96,97.64,86.62
2018-01-27 11:16:00,2,1,49.77,85.0,55.0,49.73,49.8,49.77,0.0,0.0,0.0,45.0,49.8,0.0,1.0,0.0,120.0,49.8,741.53,0.88,0.0,0.0,18.08,18.79,16.71,86.62,51.96,97.64,86.58
2018-01-27 11:17:00,2,1,49.77,85.0,55.0,49.73,49.8,49.77,0.0,0.0,0.0,45.0,49.8,0.0,1.0,0.0,120.0,49.8,741.53,0.88,0.0,0.0,18.08,18.84,16.71,86.58,51.97,97.64,86.55
2018-01-27 11:18:00,2,1,49.77,85.0,55.0,49.73,49.8,49.77,0.0,0.0,0.0,45.0,49.8,0.0,1.0,0.0,120.0,49.8,741.53,0.88,0.0,0.0,18.08,18.89,16.71,86.55,51.98,97.64,86.52
2018-01-27 11:19:00,2,1,49.76,85.0,55.0,49.73,49.8,49.76,0.0,0.0,0.0,45.0,49.8,0.0,1.0,0.0,120.0,49.8,741.53,0.88,0.0,0.0,18.08,18.95,16.71,86.52,51.99,97.64,86.49
2018-01-27 11:20:00,2,1,49.76,85.0,55.0,49.73,49.8,49.76,0.0,0.0,0.0,45.0,49.8,0.0,1.0,0.0,120.0,49.8,741.53,0.88,0.0,0.0,18.08,19.0,16.71,86.49,52.01,97.64,86.46
2018-01-27 11:21:00,2,1,49.76,85.0,55.0,49.73,49.8,49.76,0.0,0.0,0.0,45.0,49.8,0.0,1.0,0.0,120.0,49.8,741.53,0.88,0.0,0.0,18.08,19.05,16.71,86.46,52.02,97.64,86.43
2018-01-27 11:22:00,2,1,49.76,85.0,55.0,49.73,49.8,49.76,0.0,0.0,0.0,45.0,49.8,0.0,1.0,0.0,120.0,49.8,741.53,0.88,0.0,0.0,18.08,19.1,16.71,86.43,52.03,97.64,86.4
2018-01-27 11:23:00,2,1,49.76,85.0,55.0,49.73,49.8,49.76,0.0,0.0,0.0,45.0,49.8,0.0,1.0,0.0,120.0,49.8,741.53,0.88,0.0,0.0,18.08,19.16,16.71,86.4,52.05,97.64,86.37
2018-01-27 11:24:00,2,1,49.76,85.0,55.0,49.73,49.8,49.76,0.0,0.0,0.0,45.0,49.8,0.0,1.0,0.0,120.0,49.8,741.53,0.88,0.0,0.0,18.08,19.21,16.71,86.37,52.06,97.65,86.34
2018-01-27 11:25:00,2,1,49.76,85.0,55.0,49.73,49.8,49.76,0.0,0.0,0.0,45.0,49.8,0.0,1.0,0.0,120.0,49.8,741.53,0.88,0.0,0.0,18.08,19.26,16.71,86.33,52.08,97.65,86.3
2018-01-27 11:26:00,2,1,49.76,85.0,55.0,49.73,49.8,49.76,0.0,0.0,0.0,45.0,49.8,0.0,1.0,0.0,120.0,49.8,741.53,0.88,0.0,0.0,18.08,19.31,16.71,86.3,52.1,97.65,86.27
2018-01-27 11:27:00,2,1,49.76,85.0,55.0,49.73,49.8,49.76,0.0,0.0,0.0,45.0,49.8,0.0,1.0,0.0,120.0,49.8,741.53,0.88,0.0,0.0,18.08,19.37,16.71,86.27,52.12,97.65,86.24
2018-01-27 11:28:00,2,1,49.76,85.0,55.0,49.73,49.8,49.76,0.0,0.0,0.0,45.0,49.8,0.0,1.0,0.0,120.0,49.8,741.53,0.88,0.0,0.0,18.08,19.42,16.71,86.24,52.14,97.65,86.21
2018-01-27 11:29:00,2,1,49.76,85.0,55.0,49.73,49.8,49.76,0.0,0.0,0.0,45.0,49.8,0.0,1.0,0.0,120.0,49.8,741.53,0.88,0.0,0.0,18.08,19.47,16.71,86.21,52.16,97.65,86.18
2018-01-27 11:30:00,2,1,49.76,85.0,55.0,49.72,49.8,49.76,0.0,0.0,0.0,45.0,49.8,0.0,1.0,0.0,120.0,49.8,741.53,0.88,0.0,0.0,18.08,19.52,16.71,86.18,52.18,97.65,86.15
2018-01-27 11:31:00,2,1,49.76,85.0,55.0,49.72,49.8,49.76,0.0,0.0,0.0,45.0,49.8,0.0,1.0,0.0,120.0,49.8,741.53,0.88,0.0,0.0,18.08,19.57,16.71,86.15,52.2,97.65,86.12
2018-01-27 11:32:00,2,1,49.76,85.0,55.0,49.72,49.8,49.76,0.0,0.0,0.0,45.0,49.8,0.0,1.0,0.0,120.0,49.8,741.53,0.88,0.0,0.0,18.08,19.63,16.71,86.12,52.22,97.66,86.09
2018-01-27 11:33:00,2,1,49.76,85.0,55.0,49.72,49.8,49.76,0.0,0.0,0.0,45.0,49.8,0.0,1.0,0.0,120.0,49.8,741.53,0.88,0.0,0.0,18.08,19.68,16.71,86.09,52.25,97.66,86.06
2018-01-27 11:34:00,2,1,49.76,85.0,55.0,49.72,49.79,49.76,0.0,0.0,0.0,45.0,49.79,0.0,1.0,0.0,120.0,49.79,741.53,0.88,0.0,0.0,18.08,19.73,16.71,86.06,52.27,97.66,86.04
2018-01-27 11:35:00,2,1,49.76,85.0,55.0,49.72,49.79,49.76,0.0,0.0,0.0,45.0,49.79,0.0,1.0,0.0,120.0,49.79,741.53,0.88,0.0,0.0,18.08,19.78,16.71,86.03,52.29,97.66,86.01
2018-01-27 11:36:00,2,1,49.76,85.0,55.0,49.72,49.79,49.76,0.0,0.0,0.0,45.0,49.79,0.0,1.0,0.0,120.0,49.79,741.53,0.88,0.0,0.0,18.08,19.83,16.71,86.0,52.32,97.67,85.98
2018-01-27 11:37:00,2,1,49.76,85.0,55.0,49.72,49.79,49.76,0.0,0.0,0.0,45.0,49.79,0.0,1.0,0.0,120.0,49.79,741.53,0.88,0.0,0.0,18.08,19.88,16.71,85.98,52.34,97.67,85.95
2018-01-27 11:38:00,2,1,49.75,85.0,55.0,49.72,49.79,49.75,0.0,0.0,0.0,45.0,49.79,0.0,1.0,0.0,120.0,49.79,741.53,0.88,0.0,0.0,18.08,19.93,16.71,85.95,52.37,97.67,85.92
2018-01-27 11:39:00,2,1,49.75,85.0,55.0,49.72,49.79,49.75,0.0,0.0,0.0,45.0,49.79,0.0,1.0,0.0,120.0,49.79,741.53,0.88,0.0,0.0,18.08,19.98,16.71,85.92,52.39,97.67,85.89
2018-01-27 11:40:00,2,1,49.75,85.0,55.0,49.72,49.79,49.75,0.0,0.0,0.0,45.0,49.79,0.0,1.0,0.0,120.0,49.79,741.53,0.88,0.0,0.0,18.08,20.03,16.71,85.89,52.42,97.68,85.86
2018-01-27 11:41:00,2,1,49.75,85.0,55.0,49.72,49.79,49.75,0.0,0.0,0.0,45.0,49.79,0.0,1.0,0.0,120.0,49.79,741.53,0.88,0.0,0.0,18.08,20.08,16.71,85.86,52.45,97.68,85.84
2018-01-27 11:42:00,2,1,49.75,85.0,55.0,49.71,49.79,49.75,0.0,0.0,0.0,45.0,49.79,0.0,1.0,0.0,120.0,49.79,741.53,0.88,0.0,0.0,18.08,20.14,16.71,85.83,52.48,97.68,85.81
2018-01-27 11:43:00,2,1,49.75,85.0,55.0,49.71,49.79,49.75,0.0,0.0,0.0,45.0,49.79,0.0,1.0,0.0,120.0,49.79,741.53,0.88,0.0,0.0,18.08,20.19,16.71,85.81,52.5,97.69,85.78
2018-01-27 11:44:00,2,1,49.75,85.0,55.0,49.71,49.78,49.75,0.0,0.0,0.0,45.0,49.78,0.0,1.0,0.0,120.0,49.78,741.53,0.88,0.0,0.0,18.08,20.23,16.71,85.78,52.53,97.69,85.75
2018-01-27 11:45:00,2,1,49.74,85.0,55.0,49.71,49.78,49.74,0.0,0.0,0.0,45.0,49.78,0.0,1.0,0.0,120.0,49.78,741.53,0.88,0.0,0.0,18.08,20.28,16.71,85.75,52.56,97.7,85.73
2018-01-27 11:46:00,2,1,49.74,85.0,55.0,49.71,49.78,49.74,0.0,0.0,0.0,45.0,49.78,0.0,1.0,0.0,120.0,49.78,741.53,0.88,0.0,0.0,18.08,20.33,16.71,85.73,52.59,97.7,85.7
2018-01-27 11:47:00,2,1,49.74,85.0,55.0,49.71,49.78,49.74,0.0,0.0,0.0,45.0,49.78,0.0,1.0,0.0,120.0,49.78,741.53,0.88,0.0,0.0,18.08,20.38,16.71,85.7,52.62,97.71,85.67
2018-01-27 11:48:00,2,1,49.74,85.0,55.0,49.71,49.78,49.74,0.0,0.0,0.0,45.0,49.78,0.0,1.0,0.0,120.0,49.78,741.53,0.88,0.0,0.0,18.08,20.43,16.71,85.67,52.65,97.71,85.65
2018-01-27 11:49:00,2,1,49.74,85.0,55.0,49.7,49.78,49.74,0.0,0.0,0.0,45.0,49.78,0.0,1.0,0.0,120.0,49.78,741.53,0.88,0.0,0.0,18.08,20.48,16.71,85.65,52.67,97.72,85.62
2018-01-27 11:50:00,2,1,49.74,85.0,55.0,49.7,49.77,49.74,0.0,0.0,0.0,45.0,49.77,0.0,1.0,0.0,120.0,49.78,741.53,0.88,0.0,0.0,18.08,20.53,16.71,85.62,52.7,97.72,85.59
2018-01-27 11:51:00,2,1,49.73,85.0,55.0,49.7,49.77,49.73,0.0,0.0,0.0,45.0,49.77,0.0,1.0,0.0,120.0,49.77,741.53,0.88,0.0,0.0,18.08,20.58,16.71,85.59,52.73,97.73,85.57
2018-01-27 11:52:00,2,1,49.73,85.0,55.0,49.7,49.77,49.73,0.0,0.0,0.0,45.0,49.77,0.0,1.0,0.0,120.0,49.77,741.53,0.88,0.0,0.0,18.08,20.62,16.71,85.57,52.76,97.74,85.54
2018-01-27 11:53:00,2,1,49.73,85.0,55.0,49.7,49.77,49.73,0.0,0.0,0.0,45.0,49.77,0.0,1.0,0.0,120.0,49.77,741.53,0.88,0.0,0.0,18.08,20.67,16.71,85.54,52.79,97.74,85.52
2018-01-27 11:54:00,2,1,49.73,85.0,55.0,49.69,49.77,49.73,0.0,0.0,0.0,45.0,49.77,0.0,1.0,0.0,120.0,49.77,741.53,0.88,0.0,0.0,18.08,20.72,16.71,85.52,52.82,97.75,85.49
2018-01-27 11:55:00,2,1,49.73,85.0,55.0,49.69,49.76,49.73,0.0,0.0,0.0,45.0,49.76,0.0,1.0,0.0,120.0,49.76,741.53,0.88,0.0,0.0,18.08,20.77,16.71,85.49,52.85,97.76,85.47
2018-01-27 11:56:00,2,1,49.72,85.0,55.0,49.69,49.76,49.72,0.0,0.0,0.0,45.0,49.76,0.0,1.0,0.0,120.0,49.76,741.53,0.88,0.0,0.0,18.08,20.81,16.71,85.47,52.88,97.76,85.44
2018-01-27 11:57:00,2,1,49.72,85.0,55.0,49.69,49.76,49.72,0.0,0.0,0.0,45.0,49.76,0.0,1.0,0.0,120.0,49.76,741.53,0.88,0.0,0.0,18.08,20.86,16.71,85.44,52.91,97.77,85.42
2018-01-27 11:58:00,2,1,49.72,85.0,55.0,49.68,49.76,49.72,0.0,0.0,0.0,45.0,49.76,0.0,1.0,0.0,120.0,49.76,741.53,0.88,0.0,0.0,18.08,20.91,16.71,85.42,52.93,97.78,85.4
2018-01-27 11:59:00,2,1,49.72,85.0,55.0,49.68,49.75,49.72,0.0,0.0,0.0,45.0,49.75,0.0,1.0,0.0,120.0,49.76,741.53,0.88,0.0,0.0,18.08,20.95,16.71,85.4,52.96,97.79,85.37
2018-01-27 12:00:00,2,1,49.71,85.0,55.0,49.68,49.75,49.71,0.0,0.0,0.0,45.0,49.75,0.0,1.0,0.0,120.0,49.75,741.53,0.88,0.0,0.0,18.08,21.0,16.71,85.37,52.99,97.79,85.35
2018-01-27 12:01:00,2,1,49.71,85.0,55.0,49.68,49.75,49.71,0.0,0.0,0.0,45.0,49.75,0.0,1.0,0.0,120.0,49.75,741.53,0.88,0.0,0.0,18.08,21.04,16.71,85.35,53.03,97.8,85.33
2018-01-27 12:02:00,2,1,49.71,85.0,55.0,49.67,49.75,49.71,0.0,0.0,0.0,45.0,49.75,0.0,1.0,0.0,120.0,49.75,741.53,0.88,0.0,0.0,18.08,21.07,16.71,85.33,53.08,97.81,85.31
2018-01-27 12:03:00,2,1,49.7,85.0,55.0,49.67,49.74,49.7,0.0,0.0,0.0,45.0,49.74,0.0,1.0,0.0,120.0,49.74,741.53,0.88,0.0,0.0,18.08,21.11,16.71,85.31,53.12,97.82,85.29
2018-01-27 12:04:00,2,1,49.7,85.0,55.0,49.66,49.74,49.7,0.0,0.0,0.0,45.0,49.74,0.0,1.0,0.0,120.0,49.74,741.53,0.88,0.0,0.0,18.08,21.15,16.71,85.29,53.17,97.84,85.27
2018-01-27 12:05:00,2,1,49.69,85.0,55.0,49.66,49.73,49.69,0.0,0.0,0.0,45.0,49.73,0.0,1.0,0.0,120.0,49.74,741.53,0.88,0.0,0.0,18.08,21.18,16.71,85.27,53.21,97.85,85.25
2018-01-27 12:06:00,2,1,49.69,85.0,55.0,49.66,49.73,49.69,0.0,0.0,0.0,45.0,49.73,0.0,1.0,0.0,120.0,49.73,741.53,0.88,0.0,0.0,18.08,21.22,16.71,85.25,53.26,97.86,85.23
2018-01-27 12:07:00,2,1,49.68,85.0,55.0,49.65,49.73,49.68,0.0,0.0,0.0,45.0,49.73,0.0,1.0,0.0,120.0,49.73,741.53,0.88,0.0,0.0,18.08,21.25,16.71,85.24,53.3,97.88,85.21
2018-01-27 12:08:00,2,1,49.68,85.0,55.0,49.64,49.72,49.68,0.0,0.0,0.0,45.0,49.72,0.0,1.0,0.0,120.0,49.72,741.53,0.88,0.0,0.0,18.08,21.28,16.71,85.22,53.35,97.9,85.2
2018-01-27 12:09:00,2,1,49.67,85.0,55.0,49.64,49.71,49.67,0.0,0.0,0.0,45.0,49.71,0.0,1.0,0.0,120.0,49.72,741.53,0.88,0.0,0.0,18.08,21.32,16.71,85.21,53.39,97.91,85.18
2018-01-27 12:10:00,2,1,49.67,85.0,55.0,49.63,49.71,49.67,0.0,0.0,0.0,45.0,49.71,0.0,1.0,0.0,120.0,49.71,741.53,0.88,0.0,0.0,18.08,21.35,16.71,85.19,53.43,97.93,85.17
2018-01-27 12:11:00,2,1,49.66,85.0,55.0,49.63,49.7,49.66,0.0,0.0,0.0,45.0,49.7,0.0,1.0,0.0,120.0,49.7,741.53,0.88,0.0,0.0,18.08,21.38,16.71,85.18,53.47,97.95,85.15
2018-01-27 12:12:00,2,1,49.65,85.0,55.0,49.62,49.7,49.65,0.0,0.0,0.0,45.0,49.7,0.0,1.0,0.0,120.0,49.7,741.53,0.88,0.0,0.0,18.08,21.42,16.71,85.16,53.51,97.97,85.14
2018-01-27 12:13:00,2,1,49.65,85.0,55.0,49.61,49.69,49.65,0.0,0.0,0.0,45.0,49.69,0.0,1.0,0.0,120.0,49.69,741.53,0.88,0.0,0.0,18.08,21.45,16.71,85.15,53.55,97.99,85.13
2018-01-27 12:14:00,2,1,49.64,85.0,55.0,49.61,49.68,49.64,0.0,0.0,0.0,45.0,49.68,0.0,1.0,0.0,120.0,49.69,741.53,0.88,0.0,0.0,18.08,21.48,16.71,85.14,53.59,98.01,85.12
2018-01-27 12:15:00,2,1,49.63,85.0,55.0,49.6,49.68,49.63,0.0,0.0,0.0,45.0,49.68,0.0,1.0,0.0,120.0,49.68,741.53,0.88,0.0,0.0,18.08,21.52,16.71,85.13,53.63,98.03,85.1
2018-01-27 12:16:00,2,1,49.63,85.0,55.0,49.59,49.67,49.63,0.0,0.0,0.0,45.0,49.67,0.0,1.0,0.0,120.0,49.67,741.53,0.88,0.0,0.0,18.08,21.55,16.71,85.12,53.66,98.05,85.09
2018-01-27 12:17:00,2,1,49.62,85.0,55.0,49.59,49.66,49.62,0.0,0.0,0.0,45.0,49.66,0.0,1.0,0.0,120.0,49.67,741.53,0.88,0.0,0.0,18.08,21.58,16.71,85.11,53.7,98.07,85.08
2018-01-27 12:18:00,2,1,49.61,85.0,55.0,49.58,49.66,49.61,0.0,0.0,0.0,45.0,49.66,0.0,1.0,0.0,120.0,49.66,741.53,0.88,0.0,0.0,18.08,21.61,16.71,85.09,53.73,98.1,85.07
2018-01-27 12:19:00,2,1,49.61,85.0,55.0,49.57,49.65,49.61,0.0,0.0,0.0,45.0,49.65,0.0,1.0,0.0,120.0,49.65,741.53,0.88,0.0,0.0,18.08,21.65,16.71,85.08,53.76,98.12,85.06
2018-01-27 12:20:00,2,1,49.6,85.0,55.0,49.57,49.64,49.6,0.0,0.0,0.0,45.0,49.64,0.0,1.0,0.0,120.0,49.64,741.53,0.88,0.0,0.0,18.08,21.68,16.71,85.07,53.79,98.14,85.05
2018-01-27 12:21:00,2,1,49.59,85.0,55.0,49.56,49.63,49.59,0.0,0.0,0.0,45.0,49.63,0.0,1.0,0.0,120.0,49.64,741.53,0.88,0.0,0.0,18.08,21.71,16.71,85.07,53.82,98.17,85.04
2018-01-27 12:22:00,2,1,49.58,85.0,55.0,49.55,49.63,49.58,0.0,0.0,0.0,45.0,49.63,0.0,1.0,0.0,120.0,49.63,741.53,0.88,0.0,0.0,18.08,21.74,16.71,85.06,53.85,98.19,85.03
2018-01-27 12:23:00,2,1,49.58,85.0,55.0,49.54,49.62,49.58,0.0,0.0,0.0,45.0,49.62,0.0,1.0,0.0,120.0,49.62,741.53,0.88,0.0,0.0,18.08,21.77,16.71,85.05,53.87,98.22,85.02
2018-01-27 12:24:00,2,1,49.57,85.0,55.0,49.53,49.61,49.57,0.0,0.0,0.0,45.0,49.61,0.0,1.0,0.0,120.0,49.61,741.53,0.88,0.0,0.0,18.08,21.81,16.71,85.04,53.89,98.24,85.02
2018-01-27 12:25:00,2,1,49.56,85.0,55.0,49.53,49.6,49.56,0.0,0.0,0.0,45.0,49.6,0.0,1.0,0.0,120.0,49.61,741.53,0.88,0.0,0.0,18.08,21.84,16.71,85.03,53.92,98.27,85.01
2018-01-27 12:26:00,2,1,49.55,85.0,55.0,49.52,49.6,49.55,0.0,0.0,0.0,45.0,49.6,0.0,1.0,0.0,120.0,49.6,741.53,0.88,0.0,0.0,18.08,21.87,16.71,85.02,53.94,98.29,85.0
2018-01-27 12:27:00,2,1,49.54,85.0,55.0,49.51,49.59,49.54,0.0,0.0,0.0,45.0,49.59,0.0,1.0,0.0,120.0,49.59,741.53,0.88,0.0,0.0,18.08,21.9,16.71,85.01,53.95,98.32,84.99
2018-01-27 12:28:00,2,1,49.53,85.0,55.0,49.5,49.58,49.53,0.0,0.0,0.0,45.0,49.58,0.0,1.0,0.0,120.0,49.58,741.53,0.88,0.0,0.0,18.08,21.93,16.71,85.01,53.97,98.35,84.98
2018-01-27 12:29:00,2,1,49.53,85.0,55.0,49.49,49.57,49.53,0.0,0.0,0.0,45.0,49.57,0.0,1.0,0.0,120.0,49.57,741.53,0.88,0.0,0.0,18.08,21.96,16.71,85.0,53.98,98.37,84.98
2018-01-27 12:30:00,2,1,49.52,85.0,55.0,49.49,49.56,49.52,0.0,0.0,0.0,45.0,49.56,0.0,1.0,0.0,120.0,49.56,741.53,0.88,0.0,0.0,18.08,22.0,16.71,84.99,54.0,98.4,84.97
2018-01-27 12:31:00,2,1,49.51,85.0,55.0,49.48,49.55,49.51,0.0,0.0,0.0,45.0,49.55,0.0,1.0,0.0,120.0,49.56,741.53,0.88,0.0,0.0,18.08,22.03,16.71,84.98,54.01,98.42,84.96
2018-01-27 12:32:00,2,1,49.5,85.0,55.0,49.47,49.55,49.5,0.0,0.0,0.0,45.0,49.55,0.0,1.0,0.0,120.0,49.55,741.53,0.88,0.0,0.0,18.08,22.06,16.71,84.98,54.01,98.45,84.96
2018-01-27 12:33:00,2,1,49.49,85.0,55.0,49.46,49.54,49.49,0.0,0.0,0.0,45.0,49.54,0.0,1.0,0.0,120.0,49.54,741.53,0.88,0.0,0.0,18.08,22.09,16.71,84.97,54.02,98.48,84.95
2018-01-27 12:34:00,2,1,49.48,85.0,55.0,49.45,49.53,49.48,0.0,0.0,0.0,45.0,49.53,0.0,1.0,0.0,120.0,49.53,741.53,0.88,0.0,0.0,18.08,22.12,16.71,84.96,54.02,98.5,84.94
2018-01-27 12:35:00,2,1,49.48,85.0,55.0,49.44,49.52,49.48,0.0,0.0,0.0,45.0,49.52,0.0,1.0,0.0,120.0,49.52,741.53,0.88,0.0,0.0,18.08,22.15,16.71,84.96,54.02,98.53,84.93
2018-01-27 12:36:00,2,1,49.47,85.0,55.0,49.44,49.51,49.47,0.0,0.0,0.0,45.0,49.51,0.0,1.0,0.0,120.0,49.51,741.53,0.88,0.0,0.0,18.08,22.18,16.71,84.95,54.02,98.56,84.93
2018-01-27 12:37:00,2,1,49.46,85.0,55.0,49.43,49.5,49.46,0.0,0.0,0.0,45.0,49.5,0.0,1.0,0.0,120.0,49.51,741.53,0.88,0.0,0.0,18.08,22.22,16.71,84.94,54.01,98.59,84.92
2018-01-27 12:38:00,2,1,49.45,85.0,55.0,49.42,49.5,49.45,0.0,0.0,0.0,45.0,49.5,0.0,1.0,0.0,120.0,49.5,741.53,0.88,0.0,0.0,18.08,22.25,16.71,84.94,54.01,98.61,84.91
2018-01-27 12:39:00,2,1,49.44,85.0,55.0,49.41,49.49,49.44,0.0,0.0,0.0,45.0,49.49,0.0,1.0,0.0,120.0,49.49,741.53,0.88,0.0,0.0,18.08,22.28,16.71,84.93,54.0,98.64,84.91
2018-01-27 12:40:00,2,1,49.43,85.0,55.0,49.4,49.48,49.43,0.0,0.0,0.0,45.0,49.48,0.0,1.0,0.0,120.0,49.48,741.53,0.88,0.0,0.0,18.08,22.31,16.71,84.92,53.98,98.67,84.9
2018-01-27 12:41:00,2,1,49.43,85.0,55.0,49.39,49.47,49.43,0.0,0.0,0.0,45.0,49.47,0.0,1.0,0.0,120.0,49.47,741.53,0.88,0.0,0.0,18.08,22.34,16.71,84.91,53.97,98.69,84.89
2018-01-27 12:42:00,2,1,49.42,85.0,55.0,49.39,49.46,49.42,0.0,0.0,0.0,45.0,49.46,0.0,1.0,0.0,120.0,49.46,741.53,0.88,0.0,0.0,18.08,22.38,16.71,84.91,53.95,98.72,84.89
2018-01-27 12:43:00,2,1,49.41,85.0,55.0,49.38,49.45,49.41,0.0,0.0,0.0,45.0,49.45,0.0,1.0,0.0,120.0,49.46,741.53,0.88,0.0,0.0,18.08,22.41,16.71,84.9,53.93,98.75,84.88
2018-01-27 12:44:00,2,1,49.4,85.0,55.0,49.37,49.45,49.4,0.0,0.0,0.0,45.0,49.45,0.0,1.0,0.0,120.0,49.45,741.53,0.88,0.0,0.0,18.08,22.44,16.71,84.89,53.9,98.77,84.87
2018-01-27 12:45:00,2,1,49.39,85.0,55.0,49.36,49.44,49.39,0.0,0.0,0.0,45.0,49.44,0.0,1.0,0.0,120.0,49.44,741.53,0.88,0.0,0.0,18.08,22.47,16.71,84.89,53.87,98.8,84.86
2018-01-27 12:46:00,2,1,49.38,85.0,55.0,49.35,49.43,49.38,0.0,0.0,0.0,45.0,49.43,0.0,1.0,0.0,120.0,49.43,741.53,0.88,0.0,0.0,18.08,22.51,16.71,84.88,53.84,98.83,84.86
2018-01-27 12:47:00,2,1,49.38,85.0,55.0,49.34,49.42,49.38,0.0,0.0,0.0,45.0,49.42,0.0,1.0,0.0,120.0,49.42,741.53,0.88,0.0,0.0,18.08,22.54,16.71,84.87,53.81,98.85,84.85
2018-01-27 12:48:00,2,1,49.37,85.0,55.0,49.34,49.41,49.37,0.0,0.0,0.0,45.0,49.41,0.0,1.0,0.0,120.0,49.42,741.53,0.88,0.0,0.0,18.08,22.57,16.71,84.86,53.77,98.88,84.84
2018-01-27 12:49:00,2,1,49.36,85.0,55.0,49.33,49.41,49.36,0.0,0.0,0.0,45.0,49.41,0.0,1.0,0.0,120.0,49.41,741.53,0.88,0.0,0.0,18.08,22.6,16.71,84.85,53.73,98.91,84.83
2018-01-27 12:50:00,2,1,49.35,85.0,55.0,49.32,49.4,49.35,0.0,0.0,0.0,45.0,49.4,0.0,1.0,0.0,120.0,49.4,741.53,0.88,0.0,0.0,18.08,22.64,16.71,84.85,53.69,98.93,84.83
2018-01-27 12:51:00,2,1,49.34,85.0,55.0,49.31,49.39,49.34,0.0,0.0,0.0,45.0,49.39,0.0,1.0,0.0,120.0,49.39,741.53,0.88,0.0,0.0,18.08,22.67,16.71,84.84,53.64,98.96,84.82
2018-01-27 12:52:00,2,1,49.34,85.0,55.0,49.3,49.38,49.34,0.0,0.0,0.0,45.0,49.38,0.0,1.0,0.0,120.0,49.38,741.53,0.88,0.0,0.0,18.08,22.71,16.71,84.83,53.59,98.98,84.81
2018-01-27 12:53:00,2,1,49.33,85.0,55.0,49.3,49.37,49.33,0.0,0.0,0.0,45.0,49.37,0.0,1.0,0.0,120.0,49.38,741.53,0.88,0.0,0.0,18.08,22.74,16.71,84.82,53.53,99.01,84.8
2018-01-27 12:54:00,2,1,49.32,85.0,55.0,49.29,49.37,49.32,0.0,0.0,0.0,45.0,49.37,0.0,1.0,0.0,120.0,49.37,741.53,0.88,0.0,0.0,18.08,22.77,16.71,84.81,53.47,99.03,84.79
2018-01-27 12:55:00,2,1,49.31,85.0,55.0,49.28,49.36,49.31,0.0,0.0,0.0,45.0,49.36,0.0,1.0,0.0,120.0,49.36,741.53,0.88,0.0,0.0,18.08,22.81,16.71,84.8,53.41,99.06,84.78
2018-01-27 12:56:00,2,1,49.31,85.0,55.0,49.27,49.35,49.31,0.0,0.0,0.0,45.0,49.35,0.0,1.0,0.0,120.0,49.35,741.53,0.88,0.0,0.0,18.08,22.84,16.71,84.79,53.35,99.08,84.77
2018-01-27 12:57:00,2,1,49.3,85.0,55.0,49.27,49.34,49.3,0.0,0.0,0.0,45.0,49.34,0.0,1.0,0.0,120.0,49.35,741.53,0.88,0.0,0.0,18.08,22.88,16.71,84.78,53.28,99.11,84.76
2018-01-27 12:58:00,2,1,49.29,85.0,55.0,49.26,49.34,49.29,0.0,0.0,0.0,45.0,49.34,0.0,1.0,0.0,120.0,49.34,741.53,0.88,0.0,0.0,18.08,22.91,16.71,84.77,53.2,99.13,84.75
2018-01-27 12:59:00,2,1,49.28,85.0,55.0,49.25,49.33,49.28,0.0,0.0,0.0,45.0,49.33,0.0,1.0,0.0,120.0,49.33,741.53,0.88,0.0,0.0,18.08,22.95,16.71,84.76,53.12,99.15,84.74
2018-01-27 13:00:00,2,1,49.28,85.0,55.0,49.25,49.32,49.28,0.0,0.0,0.0,45.0,49.32,0.0,1.0,0.0,120.0,49.32,741.53,0.88,0.0,0.0,18.08,22.98,16.71,84.75,53.04,99.17,84.73
2018-01-27 13:01:00,2,1,49.27,85.0,55.0,49.24,49.32,49.27,0.0,0.0,0.0,45.0,49.32,0.0,1.0,0.0,120.0,49.32,741.53,0.88,0.0,0.0,18.08,23.03,16.71,84.74,86.79,99.2,84.72
2018-01-27 13:02:00,2,1,49.26,85.0,55.0,49.23,49.31,49.26,0.0,0.0,0.0,45.0,49.31,0.0,1.0,0.0,120.0,49.31,741.53,0.88,0.0,0.0,18.08,23.07,16.71,84.72,90.73,99.22,84.71
2018-01-27 13:03:00,2,1,49.26,85.0,55.0,49.23,49.3,49.26,0.0,0.0,0.0,45.0,49.3,0.0,1.0,0.0,120.0,49.3,741.53,0.88,0.0,0.0,18.08,23.12,16.71,84.71,90.62,99.24,84.69
2018-01-27 13:04:00,2,1,49.25,85.0,55.0,49.22,49.3,49.25,0.0,0.0,0.0,45.0,49.3,0.0,1.0,0.0,120.0,49.3,741.53,0.88,0.0,0.0,18.08,23.16,16.71,84.69,89.96,99.26,84.68
2018-01-27 13:05:00,2,1,49.25,85.0,55.0,49.22,49.29,49.25,0.0,0.0,0.0,45.0,49.29,0.0,1.0,0.0,120.0,49.29,741.53,0.88,0.0,0.0,18.08,23.21,16.71,84.68,89.23,99.28,84.66
2018-01-27 13:06:00,2,1,49.24,85.0,55.0,49.21,49.29,49.24,0.0,0.0,0.0,45.0,49.29,0.0,1.0,0.0,120.0,49.29,741.53,0.88,0.0,0.0,18.08,23.26,16.71,84.66,88.49,99.29,84.65
2018-01-27 13:07:00,2,1,49.24,85.0,55.0,49.21,49.28,49.24,0.0,0.0,0.0,45.0,49.28,0.0,1.0,0.0,120.0,49.28,741.53,0.88,0.0,0.0,18.08,23.3,16.71,84.65,87.74,99.31,84.63
2018-01-27 13:08:00,2,1,49.23,85.0,55.0,49.2,49.28,49.23,0.0,0.0,0.0,45.0,49.28,0.0,1.0,0.0,120.0,49.28,741.53,0.88,0.0,0.0,18.08,23.35,16.71,84.63,86.99,99.33,84.61
2018-01-27 13:09:00,2,1,49.23,85.0,55.0,49.2,49.27,49.23,0.0,0.0,0.0,45.0,49.27,0.0,1.0,0.0,120.0,49.27,741.53,0.88,0.0,0.0,18.08,23.4,16.71,84.61,86.24,99.34,84.59
2018-01-27 13:10:00,2,1,49.22,85.0,55.0,49.19,49.27,49.22,0.0,0.0,0.0,45.0,49.27,0.0,1.0,0.0,120.0,49.27,741.53,0.88,0.0,0.0,18.08,23.45,16.71,84.59,85.49,99.36,84.57
2018-01-27 13:11:00,2,1,49.22,85.0,55.0,49.19,49.26,49.22,0.0,0.0,0.0,45.0,49.26,0.0,1.0,0.0,120.0,49.26,741.53,0.88,0.0,0.0,18.08,23.5,16.71,84.57,84.74,99.37,84.55
2018-01-27 13:12:00,2,1,49.22,85.0,55.0,49.19,49.26,49.22,0.0,0.0,0.0,45.0,49.26,0.0,1.0,0.0,120.0,49.26,741.53,0.88,0.0,0.0,18.08,23.54,16.71,84.55,83.99,99.38,84.53
2018-01-27 13:13:00,2,1,49.21,85.0,55.0,49.18,49.26,49.21,0.0,0.0,0.0,45.0,49.26,0.0,1.0,0.0,120.0,49.26,741.53,0.88,0.0,0.0,18.08,23.59,16.71,84.53,83.24,99.39,84.51
2018-01-27 13:14:00,2,1,49.21,85.0,55.0,49.18,49.25,49.21,0.0,0.0,0.0,45.0,49.25,0.0,1.0,0.0,120.0,49.25,741.53,0.88,0.0,0.0,18.08,23.64,16.71,84.51,82.49,99.4,84.49
2018-01-27 13:15:00,2,1,49.21,85.0,55.0,49.18,49.25,49.21,0.0,0.0,0.0,45.0,49.25,0.0,1.0,0.0,120.0,49.25,741.53,0.88,0.0,0.0,18.08,23.69,16.71,84.48,81.74,99.41,84.47
2018-01-27 13:16:00,2,1,49.2,85.0,55.0,49.17,49.25,49.2,0.0,0.0,0.0,45.0,49.25,0.0,1.0,0.0,120.0,49.25,741.53,0.88,0.0,0.0,18.08,23.74,16.71,84.46,80.99,99.42,84.44
2018-01-27 13:17:00,2,1,49.2,85.0,55.0,49.17,49.24,49.2,0.0,0.0,0.0,45.0,49.24,0.0,1.0,0.0,120.0,49.24,741.53,0.88,0.0,0.0,18.08,23.79,16.71,84.43,80.24,99.43,84.42
2018-01-27 13:18:00,2,1,49.2,85.0,55.0,49.17,49.24,49.2,0.0,0.0,0.0,45.0,49.24,0.0,1.0,0.0,120.0,49.24,741.53,0.88,0.0,0.0,18.08,23.84,16.71,84.41,79.5,99.44,84.4
2018-01-27 13:19:00,2,1,49.2,85.0,55.0,49.17,49.24,49.2,0.0,0.0,0.0,45.0,49.24,0.0,1.0,0.0,120.0,49.24,741.53,0.88,0.0,0.0,18.08,23.89,16.71,84.38,78.76,99.45,84.37
2018-01-27 13:20:00,2,1,49.19,85.0,55.0,49.16,49.24,49.19,0.0,0.0,0.0,45.0,49.24,0.0,1.0,0.0,120.0,49.24,741.53,0.88,0.0,0.0,18.08,23.94,16.71,84.36,78.02,99.45,84.34
2018-01-27 13:21:00,2,1,49.19,85.0,55.0,49.16,49.24,49.19,0.0,0.0,0.0,45.0,49.24,0.0,1.0,0.0,120.0,49.24,741.53,0.88,0.0,0.0,18.08,23.99,16.71,84.33,77.28,99.46,84.32
2018-01-27 13:22:00,2,1,49.19,85.0,55.0,49.16,49.23,49.19,0.0,0.0,0.0,45.0,49.23,0.0,1.0,0.0,120.0,49.23,741.53,0.88,0.0,0.0,18.08,24.04,16.71,84.3,76.55,99.46,84.29
2018-01-27 13:23:00,2,1,49.19,85.0,55.0,49.16,49.23,49.19,0.0,0.0,0.0,45.0,49.23,0.0,1.0,0.0,120.0,49.23,741.53,0.88,0.0,0.0,18.08,24.09,16.71,84.27,75.82,99.47,84.26
2018-01-27 13:24:00,2,1,49.19,85.0,55.0,49.16,49.23,49.19,0.0,0.0,0.0,45.0,49.23,0.0,1.0,0.0,120.0,49.23,741.53,0.88,0.0,0.0,18.08,24.14,16.71,84.24,75.09,99.47,84.23
2018-01-27 13:25:00,2,1,49.19,85.0,55.0,49.16,49.23,49.19,0.0,0.0,0.0,45.0,49.23,0.0,1.0,0.0,120.0,49.23,741.53,0.88,0.0,0.0,18.08,24.19,16.71,84.21,74.37,99.47,84.2
2018-01-27 13:26:00,2,1,49.19,85.0,55.0,49.16,49.23,49.19,0.0,0.0,0.0,45.0,49.23,0.0,1.0,0.0,120.0,49.23,741.53,0.88,0.0,0.0,18.08,24.24,16.71,84.18,73.65,99.47,84.17
2018-01-27 13:27:00,2,1,49.19,85.0,55.0,49.16,49.23,49.19,0.0,0.0,0.0,45.0,49.23,0.0,1.0,0.0,120.0,49.23,741.53,0.88,0.0,0.0,18.08,24.3,16.71,84.15,72.93,99.47,84.14
2018-01-27 13:28:00,2,1,49.19,85.0,55.0,49.16,49.23,49.19,0.0,0.0,0.0,45.0,49.23,0.0,1.0,0.0,120.0,49.23,741.53,0.88,0.0,0.0,18.08,24.35,16.71,84.11,72.22,99.47,84.1
2018-01-27 13:29:00,2,1,49.19,85.0,55.0,49.16,49.23,49.19,0.0,0.0,0.0,45.0,49.23,0.0,1.0,0.0,120.0,49.23,741.53,0.88,0.0,0.0,18.08,24.4,16.71,84.08,71.52,99.47,84.07
2018-01-27 13:30:00,2,1,49.19,85.0,55.0,49.16,49.23,49.19,0.0,0.0,0.0,45.0,49.23,0.0,1.0,0.0,120.0,49.23,741.53,0.88,0.0,0.0,18.08,24.45,16.71,84.05,70.82,99.47,84.04
2018-01-27 13:31:00,2,1,49.19,85.0,55.0,49.16,49.23,49.19,0.0,0.0,0.0,45.0,49.23,0.0,1.0,0.0,120.0,49.23,741.53,0.88,0.0,0.0,18.08,24.5,16.71,84.01,70.12,99.47,84.0
2018-01-27 13:32:00,2,1,49.19,85.0,55.0,49.16,49.23,49.19,0.0,0.0,0.0,45.0,49.23,0.0,1.0,0.0,120.0,49.23,741.53,0.88,0.0,0.0,18.08,24.55,16.71,83.97,69.43,99.46,83.97
2018-01-27 13:33:00,2,1,49.19,85.0,55.0,49.17,49.24,49.19,0.0,0.0,0.0,45.0,49.24,0.0,1.0,0.0,120.0,49.24,741.53,0.88,0.0,0.0,18.08,24.61,16.71,83.94,68.75,99.46,83.93
2018-01-27 13:34:00,2,1,49.2,85.0,55.0,49.17,49.24,49.2,0.0,0.0,0.0,45.0,49.24,0.0,1.0,0.0,120.0,49.24,741.53,0.88,0.0,0.0,18.08,24.66,16.71,83.9,68.07,99.45,83.89
2018-01-27 13:35:00,2,1,49.2,85.0,55.0,49.17,49.24,49.2,0.0,0.0,0.0,45.0,49.24,0.0,1.0,0.0,120.0,49.24,741.53,0.88,0.0,0.0,18.08,24.71,16.71,83.86,67.4,99.45,83.85
2018-01-27 13:36:00,2,1,49.2,85.0,55.0,49.17,49.24,49.2,0.0,0.0,0.0,45.0,49.24,0.0,1.0,0.0,120.0,49.24,741.53,0.88,0.0,0.0,18.08,24.76,16.71,83.82,66.74,99.44,83.81
2018-01-27 13:37:00,2,1,49.2,85.0,55.0,49.17,49.24,49.2,0.0,0.0,0.0,45.0,49.24,0.0,1.0,0.0,120.0,49.24,741.53,0.88,0.0,0.0,18.08,24.82,16.71,83.78,66.08,99.43,83.78
2018-01-27 13:38:00,2,1,49.21,85.0,55.0,49.18,49.25,49.21,0.0,0.0,0.0,45.0,49.25,0.0,1.0,0.0,120.0,49.25,741.53,0.88,0.0,0.0,18.08,24.87,16.71,83.74,65.43,99.42,83.73
2018-01-27 13:39:00,2,1,49.21,85.0,55.0,49.18,49.25,49.21,0.0,0.0,0.0,45.0,49.25,0.0,1.0,0.0,120.0,49.25,741.53,0.88,0.0,0.0,18.08,24.92,16.71,83.7,64.79,99.41,83.69
2018-01-27 13:40:00,2,1,49.21,85.0,55.0,49.18,49.25,49.21,0.0,0.0,0.0,45.0,49.25,0.0,1.0,0.0,120.0,49.25,741.53,0.88,0.0,0.0,18.08,24.97,16.71,83.66,64.15,99.4,83.65
2018-01-27 13:41:00,2,1,49.22,85.0,55.0,49.19,49.26,49.22,0.0,0.0,0.0,45.0,49.26,0.0,1.0,0.0,120.0,49.26,741.53,0.88,0.0,0.0,18.08,25.03,16.71,83.61,63.52,99.39,83.61
2018-01-27 13:42:00,2,1,49.22,85.0,55.0,49.19,49.26,49.22,0.0,0.0,0.0,45.0,49.26,0.0,1.0,0.0,120.0,49.26,741.53,0.88,0.0,0.0,18.08,25.08,16.71,83.57,62.9,99.38,83.56
2018-01-27 13:43:00,2,1,49.23,85.0,55.0,49.2,49.27,49.23,0.0,0.0,0.0,45.0,49.27,0.0,1.0,0.0,120.0,49.26,741.53,0.88,0.0,0.0,18.08,25.13,16.71,83.52,62.29,99.36,83.52
2018-01-27 13:44:00,2,1,49.23,85.0,55.0,49.2,49.27,49.23,0.0,0.0,0.0,45.0,49.27,0.0,1.0,0.0,120.0,49.27,741.53,0.88,0.0,0.0,18.08,25.19,16.71,83.48,61.68,99.35,83.47
2018-01-27 13:45:00,2,1,49.23,85.0,55.0,49.21,49.27,49.23,0.0,0.0,0.0,45.0,49.27,0.0,1.0,0.0,120.0,49.27,741.53,0.88,0.0,0.0,18.08,25.24,16.71,83.43,61.09,99.33,83.43
2018-01-27 13:46:00,2,1,49.24,85.0,55.0,49.21,49.28,49.24,0.0,0.0,0.0,45.0,49.28,0.0,1.0,0.0,120.0,49.28,741.53,0.88,0.0,0.0,18.08,25.29,16.71,83.38,60.5,99.32,83.38
2018-01-27 13:47:00,2,1,49.25,85.0,55.0,49.22,49.29,49.25,0.0,0.0,0.0,45.0,49.29,0.0,1.0,0.0,120.0,49.28,741.53,0.88,0.0,0.0,18.08,25.34,16.71,83.34,59.92,99.3,83.33
2018-01-27 13:48:00,2,1,49.25,85.0,55.0,49.22,49.29,49.25,0.0,0.0,0.0,45.0,49.29,0.0,1.0,0.0,120.0,49.29,741.53,0.88,0.0,0.0,18.08,25.4,16.71,83.29,59.35,99.28,83.28
2018-01-27 13:49:00,2,1,49.26,85.0,55.0,49.23,49.3,49.26,0.0,0.0,0.0,45.0,49.3,0.0,1.0,0.0,120.0,49.3,741.53,0.88,0.0,0.0,18.08,25.45,16.71,83.24,58.78,99.26,83.23
2018-01-27 13:50:00,2,1,49.26,85.0,55.0,49.24,49.3,49.26,0.0,0.0,0.0,45.0,49.3,0.0,1.0,0.0,120.0,49.3,741.53,0.88,0.0,0.0,18.08,25.5,16.71,83.19,58.23,99.24,83.18
2018-01-27 13:51:00,2,1,49.27,85.0,55.0,49.24,49.31,49.27,0.0,0.0,0.0,45.0,49.31,0.0,1.0,0.0,120.0,49.31,741.53,0.88,0.0,0.0,18.08,25.56,16.71,83.13,57.69,99.22,83.13
2018-01-27 13:52:00,2,1,49.28,85.0,55.0,49.25,49.32,49.28,0.0,0.0,0.0,45.0,49.32,0.0,1.0,0.0,120.0,49.32,741.53,0.88,0.0,0.0,18.08,25.61,16.71,83.08,57.15,99.2,83.08
2018-01-27 13:53:00,2,1,49.29,85.0,55.0,49.26,49.32,49.29,0.0,0.0,0.0,45.0,49.32,0.0,1.0,0.0,120.0,49.32,741.53,0.88,0.0,0.0,18.08,25.66,16.71,83.03,56.62,99.17,83.03
2018-01-27 13:54:00,2,1,49.29,85.0,55.0,49.27,49.33,49.29,0.0,0.0,0.0,45.0,49.33,0.0,1.0,0.0,120.0,49.33,741.53,0.88,0.0,0.0,18.08,25.72,16.71,82.97,56.11,99.15,82.97
2018-01-27 13:55:00,2,1,49.3,85.0,55.0,49.27,49.34,49.3,0.0,0.0,0.0,45.0,49.34,0.0,1.0,0.0,120.0,49.34,741.53,0.88,0.0,0.0,18.08,25.77,16.71,82.92,55.6,99.12,82.92
2018-01-27 13:56:00,2,1,49.31,85.0,55.0,49.28,49.35,49.31,0.0,0.0,0.0,45.0,49.35,0.0,1.0,0.0,120.0,49.35,741.53,0.88,0.0,0.0,18.08,25.82,16.71,82.86,55.1,99.1,82.86
2018-01-27 13:57:00,2,1,49.32,85.0,55.0,49.29,49.36,49.32,0.0,0.0,0.0,45.0,49.36,0.0,1.0,0.0,120.0,49.35,741.53,0.88,0.0,0.0,18.08,25.88,16.71,82.81,54.62,99.07,82.8
2018-01-27 13:58:00,2,1,49.33,85.0,55.0,49.3,49.36,49.33,0.0,0.0,0.0,45.0,49.36,0.0,1.0,0.0,120.0,49.36,741.53,0.88,0.0,0.0,18.08,25.93,16.71,82.75,54.14,99.04,82.75
2018-01-27 13:59:00,2,1,49.34,85.0,55.0,49.31,49.37,49.34,0.0,0.0,0.0,45.0,49.37,0.0,1.0,0.0,120.0,49.37,741.53,0.88,0.0,0.0,18.08,25.98,16.71,82.69,53.67,99.01,82.69
2018-01-27 14:00:00,2,1,49.35,85.0,55.0,49.32,49.38,49.35,0.0,0.0,0.0,45.0,49.38,0.0,1.0,0.0,120.0,49.38,741.53,0.88,0.0,0.0,18.08,26.04,16.71,82.63,53.22,98.98,82.63
2018-01-27 14:01:00,2,1,49.36,85.0,55.0,49.33,49.39,49.36,0.0,0.0,0.0,45.0,49.39,0.0,1.0,0.0,120.0,49.39,741.53,0.88,0.0,0.0,18.08,26.09,16.71,82.57,52.9,98.95,82.57
2018-01-27 14:02:00,2,1,49.37,85.0,55.0,49.34,49.4,49.37,0.0,0.0,0.0,45.0,49.4,0.0,1.0,0.0,120.0,49.4,741.53,0.88,0.0,0.0,18.08,26.14,16.71,82.5,52.65,98.91,82.5
2018-01-27 14:03:00,2,1,49.38,85.0,55.0,49.35,49.42,49.38,0.0,0.0,0.0,45.0,49.42,0.0,1.0,0.0,120.0,49.41,741.53,0.88,0.0,0.0,18.08,26.19,16.71,82.44,52.43,98.87,82.44
2018-01-27 14:04:00,2,1,49.39,85.0,55.0,49.37,49.43,49.39,0.0,0.0,0.0,45.0,49.43,0.0,1.0,0.0,120.0,49.43,741.53,0.88,0.0,0.0,18.08,26.24,16.71,82.37,52.22,98.83,82.37
2018-01-27 14:05:00,2,1,49.41,85.0,55.0,49.38,49.44,49.41,0.0,0.0,0.0,45.0,49.44,0.0,1.0,0.0,120.0,49.44,741.53,0.88,0.0,0.0,18.08,26.29,16.71,82.29,52.01,98.79,82.29
2018-01-27 14:06:00,2,1,49.42,85.0,55.0,49.4,49.46,49.42,0.0,0.0,0.0,45.0,49.46,0.0,1.0,0.0,120.0,49.45,741.53,0.88,0.0,0.0,18.08,26.34,16.71,82.22,51.81,98.74,82.22
2018-01-27 14:07:00,2,1,49.44,85.0,55.0,49.41,49.47,49.44,0.0,0.0,0.0,45.0,49.47,0.0,1.0,0.0,120.0,49.47,741.53,0.88,0.0,0.0,18.08,26.4,16.71,82.14,51.63,98.69,82.14
2018-01-27 14:08:00,2,1,49.46,85.0,55.0,49.43,49.49,49.46,0.0,0.0,0.0,45.0,49.49,0.0,1.0,0.0,120.0,49.49,741.53,0.88,0.0,0.0,18.08,26.45,16.71,82.06,51.44,98.64,82.06
2018-01-27 14:09:00,2,1,49.47,85.0,55.0,49.45,49.51,49.47,0.0,0.0,0.0,45.0,49.51,0.0,1.0,0.0,120.0,49.5,741.53,0.88,0.0,0.0,18.08,26.5,16.71,81.98,51.27,98.58,81.98
2018-01-27 14:10:00,2,1,49.49,85.0,55.0,49.47,49.52,49.49,0.0,0.0,0.0,45.0,49.52,0.0,1.0,0.0,120.0,49.52,741.53,0.88,0.0,0.0,18.08,26.55,16.71,81.9,51.1,98.52,81.9
2018-01-27 14:11:00,2,1,49.51,85.0,55.0,49.48,49.54,49.51,0.0,0.0,0.0,45.0,49.54,0.0,1.0,0.0,120.0,49.54,741.53,0.88,0.0,0.0,18.08,26.6,16.71,81.82,50.95,98.46,81.82
2018-01-27 14:12:00,2,1,49.53,85.0,55.0,49.5,49.56,49.53,0.0,0.0,0.0,45.0,49.56,0.0,1.0,0.0,120.0,49.56,741.53,0.88,0.0,0.0,18.08,26.65,16.71,81.73,50.79,98.4,81.73
2018-01-27 14:13:00,2,1,49.55,85.0,55.0,49.52,49.58,49.55,0.0,0.0,0.0,45.0,49.58,0.0,1.0,0.0,120.0,49.58,741.53,0.88,0.0,0.0,18.08,26.7,16.71,81.64,50.65,98.34,81.65
2018-01-27 14:14:00,2,1,49.57,85.0,55.0,49.54,49.6,49.57,0.0,0.0,0.0,45.0,49.6,0.0,1.0,0.0,120.0,49.6,741.53,0.88,0.0,0.0,18.08,26.75,16.71,81.56,50.51,98.27,81.56
2018-01-27 14:15:00,2,1,49.59,85.0,55.0,49.57,49.62,49.59,0.0,0.0,0.0,45.0,49.62,0.0,1.0,0.0,120.0,49.62,741.53,0.88,0.0,0.0,18.08,26.8,16.71,81.47,50.38,98.21,81.47
2018-01-27 14:16:00,2,1,49.61,85.0,55.0,49.59,49.64,49.61,0.0,0.0,0.0,45.0,49.64,0.0,1.0,0.0,120.0,49.64,741.53,0.88,0.0,0.0,18.08,26.85,16.71,81.38,50.25,98.14,81.38
2018-01-27 14:17:00,2,1,49.64,85.0,55.0,49.61,49.67,49.64,0.0,0.0,0.0,45.0,49.67,0.0,1.0,0.0,120.0,49.66,741.53,0.88,0.0,0.0,18.08,26.9,16.71,81.28,50.14,98.07,81.29
2018-01-27 14:18:00,2,1,49.66,85.0,55.0,49.63,49.69,49.66,0.0,0.0,0.0,45.0,49.69,0.0,1.0,0.0,120.0,49.68,741.53,0.88,0.0,0.0,18.08,26.95,16.71,81.19,50.02,98.0,81.19
2018-01-27 14:19:00,2,1,49.68,85.0,55.0,49.66,49.71,49.68,0.0,0.0,0.0,45.0,49.71,0.0,1.0,0.0,120.0,49.71,741.53,0.88,0.0,0.0,18.08,27.0,16.71,81.1,49.92,97.92,81.1
2018-01-27 14:20:00,2,1,49.71,85.0,55.0,49.68,49.73,49.71,0.0,0.0,0.0,45.0,49.73,0.0,1.0,0.0,120.0,49.73,741.53,0.88,0.0,0.0,18.08,27.05,16.71,81.0,49.82,97.85,81.01
2018-01-27 14:21:00,2,1,49.73,85.0,55.0,49.7,49.76,49.73,0.0,0.0,0.0,45.0,49.76,0.0,1.0,0.0,120.0,49.75,741.53,0.88,0.0,0.0,18.08,27.1,16.71,80.91,49.72,97.77,80.91
2018-01-27 14:22:00,2,1,49.75,85.0,55.0,49.73,49.78,49.75,0.0,0.0,0.0,45.0,49.78,0.0,1.0,0.0,120.0,49.78,741.53,0.88,0.0,0.0,18.08,27.15,16.71,80.81,49.63,97.7,80.81
2018-01-27 14:23:00,2,1,49.78,85.0,55.0,49.75,49.81,49.78,0.0,0.0,0.0,45.0,49.81,0.0,1.0,0.0,120.0,49.8,741.53,0.88,0.0,0.0,18.08,27.2,16.71,80.71,49.55,97.62,80.72
2018-01-27 14:24:00,2,1,49.8,85.0,55.0,49.78,49.83,49.8,0.0,0.0,0.0,45.0,49.83,0.0,1.0,0.0,120.0,49.83,741.53,0.88,0.0,0.0,18.08,27.25,16.71,80.62,49.47,97.54,80.62
2018-01-27 14:25:00,2,1,49.83,85.0,55.0,49.8,49.86,49.83,0.0,0.0,0.0,45.0,49.86,0.0,1.0,0.0,120.0,49.85,741.53,0.88,0.0,0.0,18.08,27.3,16.71,80.52,49.39,97.46,80.52
2018-01-27 14:26:00,2,1,49.85,85.0,55.0,49.83,49.88,49.85,0.0,0.0,0.0,45.0,49.88,0.0,1.0,0.0,120.0,49.88,741.53,0.88,0.0,0.0,18.08,27.35,16.71,80.42,49.33,97.38,80.42
2018-01-27 14:27:00,2,1,49.88,85.0,55.0,49.85,49.91,49.88,0.0,0.0,0.0,45.0,49.91,0.0,1.0,0.0,120.0,49.9,741.53,0.88,0.0,0.0,18.08,27.4,16.71,80.32,49.26,97.3,80.32
2018-01-27 14:28:00,2,1,49.91,85.0,55.0,49.88,49.93,49.91,0.0,0.0,0.0,45.0,49.93,0.0,1.0,0.0,120.0,49.93,741.53,0.88,0.0,0.0,18.08,27.45,16.71,80.22,49.2,97.22,80.23
2018-01-27 14:29:00,2,1,49.93,85.0,55.0,49.91,49.96,49.93,0.0,0.0,0.0,45.0,49.96,0.0,1.0,0.0,120.0,49.95,741.53,0.88,0.0,0.0,18.08,27.5,16.71,80.12,49.15,97.14,80.13
2018-01-27 14:30:00,2,1,49.96,85.0,55.0,49.93,49.99,49.96,0.0,0.0,0.0,45.0,49.99,0.0,1.0,0.0,120.0,49.98,741.53,0.88,0.0,0.0,18.08,27.55,16.71,80.02,49.1,97.06,80.03
2018-01-27 14:31:00,2,1,49.99,85.0,55.0,49.96,50.01,49.99,0.0,0.0,0.0,45.0,50.01,0.0,1.0,0.0,120.0,50.01,741.53,0.88,0.0,0.0,18.08,27.59,16.71,79.92,49.05,96.96,79.92
2018-01-27 14:32:00,2,1,50.01,85.0,55.0,49.99,50.04,50.01,0.0,0.0,0.0,45.0,50.04,0.0,1.0,0.0,120.0,50.03,741.53,0.88,0.0,0.0,18.08,27.64,16.71,79.82,49.01,96.85,79.81
2018-01-27 14:33:00,2,1,50.04,85.0,55.0,50.01,50.07,50.04,0.0,0.0,0.0,45.0,50.07,0.0,1.0,0.0,120.0,50.06,741.53,0.88,0.0,0.0,18.08,27.69,16.71,79.71,48.97,96.74,79.69
2018-01-27 14:34:00,2,1,50.07,85.0,55.0,50.04,50.09,50.07,0.0,0.0,0.0,45.0,50.09,0.0,1.0,0.0,120.0,50.09,741.53,0.88,0.0,0.0,18.08,27.74,16.71,79.58,48.93,96.63,79.56
2018-01-27 14:35:00,2,1,50.09,85.0,55.0,50.07,50.12,50.09,0.0,0.0,0.0,45.0,50.12,0.0,1.0,0.0,120.0,50.11,741.53,0.88,0.0,0.0,18.08,27.79,16.71,79.46,48.9,96.51,79.44
2018-01-27 14:36:00,2,1,50.12,85.0,55.0,50.09,50.15,50.12,0.0,0.0,0.0,45.0,50.15,0.0,1.0,0.0,120.0,50.14,741.53,0.88,0.0,0.0,18.08,27.83,16.71,79.33,48.87,96.4,79.31
2018-01-27 14:37:00,2,1,50.15,85.0,55.0,50.12,50.17,50.15,0.0,0.0,0.0,45.0,50.17,0.0,1.0,0.0,120.0,50.17,741.53,0.88,0.0,0.0,18.08,27.88,16.71,79.21,48.85,96.29,79.19
2018-01-27 14:38:00,2,1,50.18,85.0,55.0,50.15,50.2,50.18,0.0,0.0,0.0,45.0,50.2,0.0,1.0,0.0,120.0,50.2,741.53,0.88,0.0,0.0,18.08,27.93,16.71,79.08,48.83,96.17,79.06
2018-01-27 14:39:00,2,1,50.2,85.0,55.0,50.18,50.23,50.2,0.0,0.0,0.0,45.0,50.23,0.0,1.0,0.0,120.0,50.22,741.53,0.88,0.0,0.0,18.08,27.98,16.71,78.96,48.81,96.06,78.94
2018-01-27 14:40:00,2,1,50.23,85.0,55.0,50.21,50.26,50.23,0.0,0.0,0.0,45.0,50.26,0.0,1.0,0.0,120.0,50.25,741.53,0.88,0.0,0.0,18.08,28.02,16.71,78.83,48.8,95.95,78.81
2018-01-27 14:41:00,2,1,50.26,85.0,55.0,50.23,50.29,50.26,0.0,0.0,0.0,45.0,50.28,0.0,1.0,0.0,120.0,50.28,741.53,0.88,0.0,0.0,18.08,28.07,16.71,78.71,48.79,95.83,78.69
2018-01-27 14:42:00,2,1,50.29,85.0,55.0,50.26,50.31,50.29,0.0,0.0,0.0,45.0,50.31,0.0,1.0,0.0,120.0,50.31,741.53,0.88,0.0,0.0,18.08,28.12,16.71,78.58,48.78,95.72,78.57
2018-01-27 14:43:00,2,1,50.31,85.0,55.0,50.29,50.34,50.31,0.0,0.0,0.0,45.0,50.34,0.0,1.0,0.0,120.0,50.33,741.53,0.88,0.0,0.0,18.08,28.16,16.71,78.46,48.77,95.61,78.44
2018-01-27 14:44:00,2,1,50.34,85.0,55.0,50.32,50.37,50.34,0.0,0.0,0.0,45.0,50.37,0.0,1.0,0.0,120.0,50.36,741.53,0.88,0.0,0.0,18.08,28.21,16.71,78.34,48.77,95.49,78.32
2018-01-27 14:45:00,2,1,50.37,85.0,55.0,50.34,50.4,50.37,0.0,0.0,0.0,45.0,50.4,0.0,1.0,0.0,120.0,50.39,741.53,0.88,0.0,0.0,18.08,28.26,16.71,78.21,48.77,95.38,78.19
2018-01-27 14:46:00,2,1,50.4,85.0,55.0,50.37,50.42,50.4,0.0,0.0,0.0,45.0,50.42,0.0,1.0,0.0,120.0,50.42,741.53,0.88,0.0,0.0,18.08,28.3,16.71,78.09,48.77,95.27,78.07
2018-01-27 14:47:00,2,1,50.43,85.0,55.0,50.4,50.45,50.43,0.0,0.0,0.0,45.0,50.45,0.0,1.0,0.0,120.0,50.45,741.53,0.88,0.0,0.0,18.08,28.35,16.71,77.97,48.77,95.16,77.95
2018-01-27 14:48:00,2,1,50.45,85.0,55.0,50.43,50.48,50.45,0.0,0.0,0.0,45.0,50.48,0.0,1.0,0.0,120.0,50.47,741.53,0.88,0.0,0.0,18.08,28.39,16.71,77.84,48.78,95.05,77.83
2018-01-27 14:49:00,2,1,50.48,85.0,55.0,50.45,50.51,50.48,0.0,0.0,0.0,45.0,50.51,0.0,1.0,0.0,120.0,50.5,741.53,0.88,0.0,0.0,18.08,28.44,16.71,77.72,48.79,94.93,77.71
2018-01-27 14:50:00,2,1,50.51,85.0,55.0,50.48,50.53,50.51,0.0,0.0,0.0,45.0,50.53,0.0,1.0,0.0,120.0,50.53,741.53,0.88,0.0,0.0,18.08,28.48,16.71,77.6,48.8,94.82,77.59
2018-01-27 14:51:00,2,1,50.54,85.0,55.0,50.51,50.56,50.54,0.0,0.0,0.0,45.0,50.56,0.0,1.0,0.0,120.0,50.56,741.53,0.88,0.0,0.0,18.08,28.53,16.71,77.48,48.81,94.71,77.47
2018-01-27 14:52:00,2,1,50.56,85.0,55.0,50.54,50.59,50.56,0.0,0.0,0.0,45.0,50.59,0.0,1.0,0.0,120.0,50.58,741.53,0.88,0.0,0.0,18.08,28.57,16.71,77.36,48.82,94.6,77.35
2018-01-27 14:53:00,2,1,50.59,85.0,55.0,50.56,50.62,50.59,0.0,0.0,0.0,45.0,50.62,0.0,1.0,0.0,120.0,50.61,741.53,0.88,0.0,0.0,18.08,28.62,16.71,77.24,48.84,94.5,77.23
2018-01-27 14:54:00,2,1,50.62,85.0,55.0,50.59,50.64,50.62,0.0,0.0,0.0,45.0,50.64,0.0,1.0,0.0,120.0,50.64,741.53,0.88,0.0,0.0,18.08,28.66,16.71,77.13,48.86,94.39,77.11
2018-01-27 14:55:00,2,1,50.64,85.0,55.0,50.62,50.67,50.64,0.0,0.0,0.0,45.0,50.67,0.0,1.0,0.0,120.0,50.66,741.53,0.88,0.0,0.0,18.08,28.7,16.71,77.01,48.87,94.28,76.99
2018-01-27 14:56:00,2,1,50.67,85.0,55.0,50.64,50.7,50.67,0.0,0.0,0.0,45.0,50.7,0.0,1.0,0.0,120.0,50.69,741.53,0.88,0.0,0.0,18.08,28.75,16.71,76.89,48.89,94.18,76.88
2018-01-27 14:57:00,2,1,50.7,85.0,55.0,50.67,50.72,50.7,0.0,0.0,0.0,45.0,50.72,0.0,1.0,0.0,120.0,50.72,741.53,0.88,0.0,0.0,18.08,28.79,16.71,76.78,48.91,94.07,76.76
2018-01-27 14:58:00,2,1,50.72,85.0,55.0,50.7,50.75,50.72,0.0,0.0,0.0,45.0,50.75,0.0,1.0,0.0,120.0,50.74,741.53,0.88,0.0,0.0,18.08,28.83,16.71,76.66,48.94,93.97,76.65
2018-01-27 14:59:00,2,1,50.75,85.0,55.0,50.72,50.78,50.75,0.0,0.0,0.0,45.0,50.78,0.0,1.0,0.0,120.0,50.77,741.53,0.88,0.0,0.0,18.08,28.88,16.71,76.55,48.96,93.86,76.53
2018-01-27 15:00:00,2,1,50.78,85.0,55.0,50.75,50.8,50.78,0.0,0.0,0.0,45.0,50.8,0.0,1.0,0.0,120.0,50.8,741.53,0.88,0.0,0.0,18.08,28.92,16.71,76.44,48.98,93.76,76.42
2018-01-27 15:01:00,2,1,50.8,85.0,55.0,50.77,50.83,50.8,0.0,0.0,0.0,45.0,50.83,0.0,1.0,0.0,120.0,50.82,741.53,0.88,0.0,0.0,18.08,28.96,16.71,76.33,48.98,93.66,76.31
2018-01-27 15:02:00,2,1,50.82,85.0,55.0,50.8,50.85,50.82,0.0,0.0,0.0,45.0,50.85,0.0,1.0,0.0,120.0,50.85,741.53,0.88,0.0,0.0,18.08,29.01,16.71,76.22,48.95,93.56,76.2
2018-01-27 15:03:00,2,1,50.85,85.0,55.0,50.82,50.88,50.85,0.0,0.0,0.0,45.0,50.88,0.0,1.0,0.0,120.0,50.87,741.53,0.88,0.0,0.0,18.08,29.05,16.71,76.12,48.93,93.47,76.1
2018-01-27 15:04:00,2,1,50.87,85.0,55.0,50.84,50.9,50.87,0.0,0.0,0.0,45.0,50.9,0.0,1.0,0.0,120.0,50.9,741.53,0.88,0.0,0.0,18.08,29.09,16.71,76.01,48.9,93.38,76.0
2018-01-27 15:05:00,2,1,50.89,85.0,55.0,50.87,50.92,50.89,0.0,0.0,0.0,45.0,50.92,0.0,1.0,0.0,120.0,50.92,741.53,0.88,0.0,0.0,18.08,29.13,16.71,75.92,48.88,93.29,75.9
2018-01-27 15:06:00,2,1,50.91,85.0,55.0,50.89,50.94,50.91,0.0,0.0,0.0,45.0,50.94,0.0,1.0,0.0,120.0,50.94,741.53,0.88,0.0,0.0,18.08,29.18,16.71,75.82,48.86,93.21,75.81
2018-01-27 15:07:00,2,1,50.93,85.0,55.0,50.91,50.96,50.93,0.0,0.0,0.0,45.0,50.96,0.0,1.0,0.0,120.0,50.96,741.53,0.88,0.0,0.0,18.08,29.22,16.71,75.73,48.84,93.13,75.71
2018-01-27 15:08:00,2,1,50.95,85.0,55.0,50.93,50.98,50.95,0.0,0.0,0.0,45.0,50.98,0.0,1.0,0.0,120.0,50.98,741.53,0.88,0.0,0.0,18.08,29.26,16.71,75.64,48.82,93.06,75.63
2018-01-27 15:09:00,2,1,50.97,85.0,55.0,50.95,51.0,50.97,0.0,0.0,0.0,45.0,51.0,0.0,1.0,0.0,120.0,51.0,741.53,0.88,0.0,0.0,18.08,29.3,16.71,75.55,48.8,92.98,75.54
2018-01-27 15:10:00,2,1,50.99,85.0,55.0,50.96,51.02,50.99,0.0,0.0,0.0,45.0,51.02,0.0,1.0,0.0,120.0,51.02,741.53,0.88,0.0,0.0,18.08,29.34,16.71,75.47,48.78,92.91,75.45
2018-01-27 15:11:00,2,1,51.01,85.0,55.0,50.98,51.04,51.01,0.0,0.0,0.0,45.0,51.04,0.0,1.0,0.0,120.0,51.04,741.53,0.88,0.0,0.0,18.08,29.38,16.71,75.38,48.76,92.84,75.37
2018-01-27 15:12:00,2,1,51.02,85.0,55.0,51.0,51.06,51.02,0.0,0.0,0.0,45.0,51.06,0.0,1.0,0.0,120.0,51.05,741.53,0.88,0.0,0.0,18.08,29.42,16.71,75.3,48.74,92.78,75.29
2018-01-27 15:13:00,2,1,51.04,85.0,55.0,51.01,51.07,51.04,0.0,0.0,0.0,45.0,51.07,0.0,1.0,0.0,120.0,51.07,741.53,0.88,0.0,0.0,18.08,29.46,16.71,75.23,48.73,92.71,75.21
2018-01-27 15:14:00,2,1,51.05,85.0,55.0,51.03,51.09,51.05,0.0,0.0,0.0,45.0,51.09,0.0,1.0,0.0,120.0,51.09,741.53,0.88,0.0,0.0,18.08,29.5,16.71,75.15,48.71,92.65,75.13
2018-01-27 15:15:00,2,1,51.07,85.0,55.0,51.04,51.1,51.07,0.0,0.0,0.0,45.0,51.1,0.0,1.0,0.0,120.0,51.1,741.53,0.88,0.0,0.0,18.08,29.54,16.71,75.07,48.7,92.6,75.06
2018-01-27 15:16:00,2,1,51.08,85.0,55.0,51.06,51.12,51.08,0.0,0.0,0.0,45.0,51.12,0.0,1.0,0.0,120.0,51.12,741.53,0.88,0.0,0.0,18.08,29.58,16.71,75.0,48.69,92.54,74.99
2018-01-27 15:17:00,2,1,51.1,85.0,55.0,51.07,51.13,51.1,0.0,0.0,0.0,45.0,51.13,0.0,1.0,0.0,120.0,51.13,741.53,0.88,0.0,0.0,18.08,29.62,16.71,74.93,48.67,92.49,74.92
2018-01-27 15:18:00,2,1,51.11,85.0,55.0,51.08,51.15,51.11,0.0,0.0,0.0,45.0,51.15,0.0,1.0,0.0,120.0,51.14,741.53,0.88,0.0,0.0,18.08,29.66,16.71,74.86,48.66,92.44,74.85
2018-01-27 15:19:00,2,1,51.12,85.0,55.0,51.1,51.16,51.12,0.0,0.0,0.0,45.0,51.16,0.0,1.0,0.0,120.0,51.16,741.53,0.88,0.0,0.0,18.08,29.7,16.71,74.79,48.65,92.39,74.78
2018-01-27 15:20:00,2,1,51.13,85.0,55.0,51.11,51.17,51.13,0.0,0.0,0.0,45.0,51.17,0.0,1.0,0.0,120.0,51.17,741.53,0.88,0.0,0.0,18.08,29.74,16.71,74.73,48.65,92.34,74.71
2018-01-27 15:21:00,2,1,51.15,85.0,55.0,51.12,51.18,51.15,0.0,0.0,0.0,45.0,51.18,0.0,1.0,0.0,120.0,51.18,741.53,0.88,0.0,0.0,18.08,29.77,16.71,74.66,48.64,92.29,74.65
2018-01-27 15:22:00,2,1,51.16,85.0,55.0,51.13,51.2,51.16,0.0,0.0,0.0,45.0,51.2,0.0,1.0,0.0,120.0,51.19,741.53,0.88,0.0,0.0,18.08,29.81,16.71,74.6,48.63,92.25,74.59
2018-01-27 15:23:00,2,1,51.17,85.0,55.0,51.14,51.21,51.17,0.0,0.0,0.0,45.0,51.21,0.0,1.0,0.0,120.0,51.2,741.53,0.88,0.0,0.0,18.08,29.85,16.71,74.54,48.62,92.21,74.53
2018-01-27 15:24:00,2,1,51.18,85.0,55.0,51.15,51.22,51.18,0.0,0.0,0.0,45.0,51.22,0.0,1.0,0.0,120.0,51.21,741.53,0.88,0.0,0.0,18.08,29.88,16.71,74.48,48.62,92.17,74.47
2018-01-27 15:25:00,2,1,51.19,85.0,55.0,51.16,51.23,51.19,0.0,0.0,0.0,45.0,51.23,0.0,1.0,0.0,120.0,51.22,741.53,0.88,0.0,0.0,18.08,29.92,16.71,74.42,48.61,92.13,74.41
2018-01-27 15:26:00,2,1,51.2,85.0,55.0,51.17,51.24,51.2,0.0,0.0,0.0,45.0,51.24,0.0,1.0,0.0,120.0,51.23,741.53,0.88,0.0,0.0,18.08,29.96,16.71,74.37,48.61,92.09,74.35
2018-01-27 15:27:00,2,1,51.21,85.0,55.0,51.18,51.25,51.21,0.0,0.0,0.0,45.0,51.25,0.0,1.0,0.0,120.0,51.24,741.53,0.88,0.0,0.0,18.08,29.99,16.71,74.31,48.61,92.06,74.3
2018-01-27 15:28:00,2,1,51.21,85.0,55.0,51.19,51.25,51.21,0.0,0.0,0.0,45.0,51.25,0.0,1.0,0.0,120.0,51.25,741.53,0.88,0.0,0.0,18.08,30.03,16.71,74.26,48.61,92.03,74.25
2018-01-27 15:29:00,2,1,51.22,85.0,55.0,51.2,51.26,51.22,0.0,0.0,0.0,45.0,51.26,0.0,1.0,0.0,120.0,51.26,741.53,0.88,0.0,0.0,18.08,30.06,16.71,74.21,48.61,92.0,74.19
2018-01-27 15:30:00,2,1,51.23,85.0,55.0,51.2,51.27,51.23,0.0,0.0,0.0,45.0,51.27,0.0,1.0,0.0,120.0,51.27,741.53,0.88,0.0,0.0,18.08,30.09,16.71,74.16,48.61,91.97,74.14
2018-01-27 15:31:00,2,1,51.24,85.0,55.0,51.21,51.28,51.24,0.0,0.0,0.0,45.0,51.28,0.0,1.0,0.0,120.0,51.28,741.53,0.88,0.0,0.0,18.08,30.13,16.71,74.11,48.61,91.94,74.09
2018-01-27 15:32:00,2,1,51.24,85.0,55.0,51.22,51.28,51.24,0.0,0.0,0.0,45.0,51.28,0.0,1.0,0.0,120.0,51.28,741.53,0.88,0.0,0.0,18.08,30.16,16.71,74.06,48.61,91.92,74.05
2018-01-27 15:33:00,2,1,51.25,85.0,55.0,51.22,51.29,51.25,0.0,0.0,0.0,45.0,51.29,0.0,1.0,0.0,120.0,51.29,741.53,0.88,0.0,0.0,18.08,30.19,16.71,74.01,48.61,91.89,74.0
2018-01-27 15:34:00,2,1,51.25,85.0,55.0,51.23,51.3,51.25,0.0,0.0,0.0,45.0,51.3,0.0,1.0,0.0,120.0,51.29,741.53,0.88,0.0,0.0,18.08,30.23,16.71,73.97,48.61,91.87,73.96
2018-01-27 15:35:00,2,1,51.26,85.0,55.0,51.23,51.3,51.26,0.0,0.0,0.0,45.0,51.3,0.0,1.0,0.0,120.0,51.3,741.53,0.88,0.0,0.0,18.08,30.26,16.71,73.93,48.62,91.85,73.91
2018-01-27 15:36:00,2,1,51.26,85.0,55.0,51.24,51.31,51.26,0.0,0.0,0.0,45.0,51.31,0.0,1.0,0.0,120.0,51.31,741.53,0.88,0.0,0.0,18.08,30.29,16.71,73.88,48.62,91.83,73.87
2018-01-27 15:37:00,2,1,51.27,85.0,55.0,51.24,51.31,51.27,0.0,0.0,0.0,45.0,51.31,0.0,1.0,0.0,120.0,51.31,741.53,0.88,0.0,0.0,18.08,30.32,16.71,73.84,48.63,91.82,73.83
2018-01-27 15:38:00,2,1,51.27,85.0,55.0,51.25,51.31,51.27,0.0,0.0,0.0,45.0,51.31,0.0,1.0,0.0,120.0,51.31,741.53,0.88,0.0,0.0,18.08,30.35,16.71,73.8,48.64,91.8,73.79
2018-01-27 15:39:00,2,1,51.27,85.0,55.0,51.25,51.32,51.27,0.0,0.0,0.0,45.0,51.32,0.0,1.0,0.0,120.0,51.32,741.53,0.88,0.0,0.0,18.08,30.38,16.71,73.77,48.64,91.79,73.75
2018-01-27 15:40:00,2,1,51.28,85.0,55.0,51.25,51.32,51.28,0.0,0.0,0.0,45.0,51.32,0.0,1.0,0.0,120.0,51.32,741.53,0.88,0.0,0.0,18.08,30.41,16.71,73.73,48.65,91.77,73.72
2018-01-27 15:41:00,2,1,51.28,85.0,55.0,51.25,51.32,51.28,0.0,0.0,0.0,45.0,51.32,0.0,1.0,0.0,120.0,51.32,741.53,0.88,0.0,0.0,18.08,30.44,16.71,73.7,48.66,91.76,73.68
2018-01-27 15:42:00,2,1,51.28,85.0,55.0,51.26,51.33,51.28,0.0,0.0,0.0,45.0,51.33,0.0,1.0,0.0,120.0,51.33,741.53,0.88,0.0,0.0,18.08,30.47,16.71,73.66,48.67,91.76,73.65
2018-01-27 15:43:00,2,1,51.28,85.0,55.0,51.26,51.33,51.28,0.0,0.0,0.0,45.0,51.33,0.0,1.0,0.0,120.0,51.33,741.53,0.88,0.0,0.0,18.08,30.5,16.71,73.63,48.68,91.75,73.62
2018-01-27 15:44:00,2,1,51.28,85.0,55.0,51.26,51.33,51.28,0.0,0.0,0.0,45.0,51.33,0.0,1.0,0.0,120.0,51.33,741.53,0.88,0.0,0.0,18.08,30.53,16.71,73.6,48.69,91.74,73.59
2018-01-27 15:45:00,2,1,51.28,85.0,55.0,51.26,51.33,51.28,0.0,0.0,0.0,45.0,51.33,0.0,1.0,0.0,120.0,51.33,741.53,0.88,0.0,0.0,18.08,30.56,16.71,73.57,48.71,91.74,73.56
2018-01-27 15:46:00,2,1,51.28,85.0,55.0,51.26,51.33,51.28,0.0,0.0,0.0,45.0,51.33,0.0,1.0,0.0,120.0,51.33,741.53,0.88,0.0,0.0,18.08,30.58,16.71,73.54,48.72,91.74,73.53
2018-01-27 15:47:00,2,1,51.28,85.0,55.0,51.26,51.33,51.28,0.0,0.0,0.0,45.0,51.33,0.0,1.0,0.0,120.0,51.33,741.53,0.88,0.0,0.0,18.08,30.61,16.71,73.51,48.73,91.74,73.5
2018-01-27 15:48:00,2,1,51.28,85.0,55.0,51.26,51.33,51.28,0.0,0.0,0.0,45.0,51.33,0.0,1.0,0.0,120.0,51.33,741.53,0.88,0.0,0.0,18.08,30.64,16.71,73.49,48.75,91.74,73.48
2018-01-27 15:49:00,2,1,51.28,85.0,55.0,51.26,51.33,51.28,0.0,0.0,0.0,45.0,51.33,0.0,1.0,0.0,120.0,51.33,741.53,0.88,0.0,0.0,18.08,30.66,16.71,73.46,48.76,91.74,73.45
2018-01-27 15:50:00,2,1,51.28,85.0,55.0,51.26,51.33,51.28,0.0,0.0,0.0,45.0,51.33,0.0,1.0,0.0,120.0,51.33,741.53,0.88,0.0,0.0,18.08,30.69,16.71,73.44,48.78,91.74,73.43
2018-01-27 15:51:00,2,1,51.28,85.0,55.0,51.26,51.33,51.28,0.0,0.0,0.0,45.0,51.33,0.0,1.0,0.0,120.0,51.33,741.53,0.88,0.0,0.0,18.08,30.71,16.71,73.42,48.8,91.75,73.41
2018-01-27 15:52:00,2,1,51.28,85.0,55.0,51.25,51.33,51.28,0.0,0.0,0.0,45.0,51.33,0.0,1.0,0.0,120.0,51.33,741.53,0.88,0.0,0.0,18.08,30.74,16.71,73.4,48.82,91.76,73.39
2018-01-27 15:53:00,2,1,51.27,85.0,55.0,51.25,51.32,51.27,0.0,0.0,0.0,45.0,51.32,0.0,1.0,0.0,120.0,51.32,741.53,0.88,0.0,0.0,18.08,30.76,16.71,73.38,48.83,91.77,73.37
2018-01-27 15:54:00,2,1,51.27,85.0,55.0,51.25,51.32,51.27,0.0,0.0,0.0,45.0,51.32,0.0,1.0,0.0,120.0,51.32,741.53,0.88,0.0,0.0,18.08,30.78,16.71,73.36,48.85,91.78,73.35
2018-01-27 15:55:00,2,1,51.27,85.0,55.0,51.24,51.32,51.27,0.0,0.0,0.0,45.0,51.32,0.0,1.0,0.0,120.0,51.32,741.53,0.88,0.0,0.0,18.08,30.81,16.71,73.34,48.88,91.79,73.33
2018-01-27 15:56:00,2,1,51.26,85.0,55.0,51.24,51.31,51.26,0.0,0.0,0.0,45.0,51.31,0.0,1.0,0.0,120.0,51.32,741.53,0.88,0.0,0.0,18.08,30.83,16.71,73.33,48.9,91.8,73.32
2018-01-27 15:57:00,2,1,51.26,85.0,55.0,51.24,51.31,51.26,0.0,0.0,0.0,45.0,51.31,0.0,1.0,0.0,120.0,51.31,741.53,0.88,0.0,0.0,18.08,30.85,16.71,73.31,48.92,91.82,73.3
2018-01-27 15:58:00,2,1,51.26,85.0,55.0,51.23,51.31,51.26,0.0,0.0,0.0,45.0,51.31,0.0,1.0,0.0,120.0,51.31,741.53,0.88,0.0,0.0,18.08,30.87,16.71,73.3,48.94,91.83,73.29
2018-01-27 15:59:00,2,1,51.25,85.0,55.0,51.23,51.3,51.25,0.0,0.0,0.0,45.0,51.3,0.0,1.0,0.0,120.0,51.3,741.53,0.88,0.0,0.0,18.08,30.89,16.71,73.29,48.96,91.85,73.28
2018-01-27 16:00:00,2,1,51.24,85.0,55.0,51.22,51.3,51.24,0.0,0.0,0.0,45.0,51.3,0.0,1.0,0.0,120.0,51.3,741.53,0.88,0.0,0.0,18.08,30.91,16.71,73.28,48.99,91.87,73.27
2018-01-27 16:01:00,2,1,51.24,85.0,55.0,51.21,51.29,51.24,0.0,0.0,0.0,45.0,51.29,0.0,1.0,0.0,120.0,51.29,741.53,0.88,0.0,0.0,18.08,30.93,16.71,73.27,49.02,91.89,73.26
2018-01-27 16:02:00,2,1,51.23,85.0,55.0,51.21,51.28,51.23,0.0,0.0,0.0,45.0,51.28,0.0,1.0,0.0,120.0,51.29,741.53,0.88,0.0,0.0,18.08,30.94,16.71,73.26,49.05,91.92,73.25
2018-01-27 16:03:00,2,1,51.22,85.0,55.0,51.2,51.28,51.22,0.0,0.0,0.0,45.0,51.28,0.0,1.0,0.0,120.0,51.28,741.53,0.88,0.0,0.0,18.08,30.95,16.71,73.26,49.08,91.94,73.25
2018-01-27 16:04:00,2,1,51.22,85.0,55.0,51.19,51.27,51.22,0.0,0.0,0.0,45.0,51.27,0.0,1.0,0.0,120.0,51.27,741.53,0.88,0.0,0.0,18.08,30.96,16.71,73.26,49.11,91.97,73.25
2018-01-27 16:05:00,2,1,51.21,85.0,55.0,51.18,51.26,51.21,0.0,0.0,0.0,45.0,51.26,0.0,1.0,0.0,120.0,51.26,741.53,0.88,0.0,0.0,18.08,30.98,16.71,73.26,49.14,92.01,73.25
2018-01-27 16:06:00,2,1,51.2,85.0,55.0,51.17,51.25,51.2,0.0,0.0,0.0,45.0,51.25,0.0,1.0,0.0,120.0,51.25,741.53,0.88,0.0,0.0,18.08,30.99,16.71,73.26,49.17,92.04,73.25
2018-01-27 16:07:00,2,1,51.19,85.0,55.0,51.16,51.24,51.19,0.0,0.0,0.0,45.0,51.24,0.0,1.0,0.0,120.0,51.24,741.53,0.88,0.0,0.0,18.08,31.0,16.71,73.27,49.2,92.08,73.26
2018-01-27 16:08:00,2,1,51.17,85.0,55.0,51.15,51.23,51.17,0.0,0.0,0.0,45.0,51.23,0.0,1.0,0.0,120.0,51.23,741.53,0.88,0.0,0.0,18.08,31.01,16.71,73.28,49.24,92.12,73.27
2018-01-27 16:09:00,2,1,51.16,85.0,55.0,51.14,51.22,51.16,0.0,0.0,0.0,45.0,51.22,0.0,1.0,0.0,120.0,51.22,741.53,0.88,0.0,0.0,18.08,31.02,16.71,73.29,49.27,92.17,73.27
2018-01-27 16:10:00,2,1,51.15,85.0,55.0,51.13,51.21,51.15,0.0,0.0,0.0,45.0,51.21,0.0,1.0,0.0,120.0,51.21,741.53,0.88,0.0,0.0,18.08,31.02,16.71,73.3,49.31,92.21,73.29
2018-01-27 16:11:00,2,1,51.14,85.0,55.0,51.11,51.19,51.14,0.0,0.0,0.0,45.0,51.19,0.0,1.0,0.0,120.0,51.2,741.53,0.88,0.0,0.0,18.08,31.03,16.71,73.31,49.35,92.26,73.3
2018-01-27 16:12:00,2,1,51.12,85.0,55.0,51.1,51.18,51.12,0.0,0.0,0.0,45.0,51.18,0.0,1.0,0.0,120.0,51.18,741.53,0.88,0.0,0.0,18.08,31.04,16.71,73.32,49.38,92.31,73.31
2018-01-27 16:13:00,2,1,51.11,85.0,55.0,51.08,51.17,51.11,0.0,0.0,0.0,45.0,51.17,0.0,1.0,0.0,120.0,51.17,741.53,0.88,0.0,0.0,18.08,31.05,16.71,73.34,49.42,92.36,73.33
2018-01-27 16:14:00,2,1,51.09,85.0,55.0,51.07,51.15,51.09,0.0,0.0,0.0,45.0,51.15,0.0,1.0,0.0,120.0,51.15,741.53,0.88,0.0,0.0,18.08,31.05,16.71,73.36,49.46,92.42,73.35
2018-01-27 16:15:00,2,1,51.08,85.0,55.0,51.05,51.14,51.08,0.0,0.0,0.0,45.0,51.14,0.0,1.0,0.0,120.0,51.14,741.53,0.88,0.0,0.0,18.08,31.06,16.71,73.38,49.5,92.47,73.37
2018-01-27 16:16:00,2,1,51.06,85.0,55.0,51.04,51.12,51.06,0.0,0.0,0.0,45.0,51.12,0.0,1.0,0.0,120.0,51.12,741.53,0.88,0.0,0.0,18.08,31.07,16.71,73.4,49.54,92.53,73.39
2018-01-27 16:17:00,2,1,51.05,85.0,55.0,51.02,51.11,51.05,0.0,0.0,0.0,45.0,51.11,0.0,1.0,0.0,120.0,51.11,741.53,0.88,0.0,0.0,18.08,31.07,16.71,73.42,49.58,92.59,73.41
2018-01-27 16:18:00,2,1,51.03,85.0,55.0,51.01,51.09,51.03,0.0,0.0,0.0,45.0,51.09,0.0,1.0,0.0,120.0,51.09,741.53,0.88,0.0,0.0,18.08,31.08,16.71,73.45,49.62,92.66,73.43
2018-01-27 16:19:00,2,1,51.01,85.0,55.0,50.99,51.07,51.01,0.0,0.0,0.0,45.0,51.07,0.0,1.0,0.0,120.0,51.08,741.53,0.88,0.0,0.0,18.08,31.08,16.71,73.47,49.66,92.72,73.46
2018-01-27 16:20:00,2,1,50.99,85.0,55.0,50.97,51.05,50.99,0.0,0.0,0.0,45.0,51.06,0.0,1.0,0.0,120.0,51.06,741.53,0.88,0.0,0.0,18.08,31.08,16.71,73.5,49.71,92.79,73.49
2018-01-27 16:21:00,2,1,50.98,85.0,55.0,50.95,51.04,50.98,0.0,0.0,0.0,45.0,51.04,0.0,1.0,0.0,120.0,51.04,741.53,0.88,0.0,0.0,18.08,31.09,16.71,73.52,49.75,92.85,73.51
2018-01-27 16:22:00,2,1,50.96,85.0,55.0,50.94,51.02,50.96,0.0,0.0,0.0,45.0,51.02,0.0,1.0,0.0,120.0,51.02,741.53,0.88,0.0,0.0,18.08,31.09,16.71,73.55,49.79,92.92,73.54
2018-01-27 16:23:00,2,1,50.94,85.0,55.0,50.92,51.0,50.94,0.0,0.0,0.0,45.0,51.0,0.0,1.0,0.0,120.0,51.01,741.53,0.88,0.0,0.0,18.08,31.09,16.71,73.58,49.84,92.99,73.57
2018-01-27 16:24:00,2,1,50.92,85.0,55.0,50.9,50.98,50.92,0.0,0.0,0.0,45.0,50.98,0.0,1.0,0.0,120.0,50.99,741.53,0.88,0.0,0.0,18.08,31.1,16.71,73.61,49.88,93.06,73.6
2018-01-27 16:25:00,2,1,50.9,85.0,55.0,50.88,50.96,50.9,0.0,0.0,0.0,45.0,50.96,0.0,1.0,0.0,120.0,50.97,741.53,0.88,0.0,0.0,18.08,31.1,16.71,73.65,49.93,93.14,73.63
2018-01-27 16:26:00,2,1,50.88,85.0,55.0,50.86,50.94,50.88,0.0,0.0,0.0,45.0,50.94,0.0,1.0,0.0,120.0,50.95,741.53,0.88,0.0,0.0,18.08,31.1,16.71,73.68,49.98,93.21,73.67
2018-01-27 16:27:00,2,1,50.86,85.0,55.0,50.84,50.92,50.86,0.0,0.0,0.0,45.0,50.92,0.0,1.0,0.0,120.0,50.93,741.53,0.88,0.0,0.0,18.08,31.1,16.71,73.71,50.02,93.29,73.7
2018-01-27 16:28:00,2,1,50.84,85.0,55.0,50.82,50.9,50.84,0.0,0.0,0.0,45.0,50.9,0.0,1.0,0.0,120.0,50.91,741.53,0.88,0.0,0.0,18.08,31.1,16.71,73.75,50.07,93.37,73.74
2018-01-27 16:29:00,2,1,50.82,85.0,55.0,50.8,50.88,50.82,0.0,0.0,0.0,45.0,50.88,0.0,1.0,0.0,120.0,50.89,741.53,0.88,0.0,0.0,18.08,31.1,16.71,73.79,50.12,93.44,73.77
2018-01-27 16:30:00,2,1,50.8,85.0,55.0,50.78,50.86,50.8,0.0,0.0,0.0,45.0,50.86,0.0,1.0,0.0,120.0,50.87,741.53,0.88,0.0,0.0,18.08,31.1,16.71,73.82,50.17,93.52,73.81
2018-01-27 16:31:00,2,1,50.78,85.0,55.0,50.76,50.84,50.78,0.0,0.0,0.0,45.0,50.84,0.0,1.0,0.0,120.0,50.85,741.53,0.88,0.0,0.0,18.08,31.1,16.71,73.86,50.22,93.61,73.85
2018-01-27 16:32:00,2,1,50.76,85.0,55.0,50.74,50.82,50.76,0.0,0.0,0.0,45.0,50.82,0.0,1.0,0.0,120.0,50.83,741.53,0.88,0.0,0.0,18.08,31.1,16.71,73.9,50.27,93.69,73.89
2018-01-27 16:33:00,2,1,50.74,85.0,55.0,50.71,50.8,50.74,0.0,0.0,0.0,45.0,50.8,0.0,1.0,0.0,120.0,50.81,741.53,0.88,0.0,0.0,18.08,31.1,16.71,73.94,50.32,93.77,73.93
2018-01-27 16:34:00,2,1,50.72,85.0,55.0,50.69,50.78,50.72,0.0,0.0,0.0,45.0,50.78,0.0,1.0,0.0,120.0,50.78,741.53,0.88,0.0,0.0,18.08,31.09,16.71,73.98,50.38,93.86,73.97
2018-01-27 16:35:00,2,1,50.69,85.0,55.0,50.67,50.76,50.69,0.0,0.0,0.0,45.0,50.76,0.0,1.0,0.0,120.0,50.76,741.53,0.88,0.0,0.0,18.08,31.09,16.71,74.02,50.43,93.94,74.01
2018-01-27 16:36:00,2,1,50.67,85.0,55.0,50.65,50.74,50.67,0.0,0.0,0.0,45.0,50.74,0.0,1.0,0.0,120.0,50.74,741.53,0.88,0.0,0.0,18.08,31.09,16.71,74.06,50.48,94.03,74.05
2018-01-27 16:37:00,2,1,50.65,85.0,55.0,50.63,50.71,50.65,0.0,0.0,0.0,45.0,50.71,0.0,1.0,0.0,120.0,50.72,741.53,0.88,0.0,0.0,18.08,31.09,16.71,74.11,50.54,94.12,74.09
2018-01-27 16:38:00,2,1,50.63,85.0,55.0,50.6,50.69,50.63,0.0,0.0,0.0,45.0,50.69,0.0,1.0,0.0,120.0,50.7,741.53,0.88,0.0,0.0,18.08,31.08,16.71,74.15,50.59,94.2,74.14
2018-01-27 16:39:00,2,1,50.6,85.0,55.0,50.58,50.67,50.6,0.0,0.0,0.0,45.0,50.67,0.0,1.0,0.0,120.0,50.67,741.53,0.88,0.0,0.0,18.08,31.08,16.71,74.19,50.65,94.29,74.18
2018-01-27 16:40:00,2,1,50.58,85.0,55.0,50.56,50.65,50.58,0.0,0.0,0.0,45.0,50.65,0.0,1.0,0.0,120.0,50.65,741.53,0.88,0.0,0.0,18.08,31.08,16.71,74.24,50.7,94.38,74.23
2018-01-27 16:41:00,2,1,50.56,85.0,55.0,50.53,50.62,50.56,0.0,0.0,0.0,45.0,50.62,0.0,1.0,0.0,120.0,50.63,741.53,0.88,0.0,0.0,18.08,31.07,16.71,74.29,50.76,94.47,74.27
2018-01-27 16:42:00,2,1,50.53,85.0,55.0,50.51,50.6,50.53,0.0,0.0,0.0,45.0,50.6,0.0,1.0,0.0,120.0,50.6,741.53,0.88,0.0,0.0,18.08,31.07,16.71,74.33,50.82,94.57,74.32
2018-01-27 16:43:00,2,1,50.51,85.0,55.0,50.49,50.58,50.51,0.0,0.0,0.0,45.0,50.58,0.0,1.0,0.0,120.0,50.58,741.53,0.88,0.0,0.0,18.08,31.06,16.71,74.38,50.88,94.66,74.37
2018-01-27 16:44:00,2,1,50.49,85.0,55.0,50.46,50.55,50.49,0.0,0.0,0.0,45.0,50.55,0.0,1.0,0.0,120.0,50.56,741.53,0.88,0.0,0.0,18.08,31.06,16.71,74.42,50.94,94.75,74.41
2018-01-27 16:45:00,2,1,50.46,85.0,55.0,50.44,50.53,50.46,0.0,0.0,0.0,45.0,50.53,0.0,1.0,0.0,120.0,50.53,741.53,0.88,0.0,0.0,18.08,31.05,16.71,74.47,50.99,94.85,74.46
2018-01-27 16:46:00,2,1,50.44,85.0,55.0,50.42,50.51,50.44,0.0,0.0,0.0,45.0,50.51,0.0,1.0,0.0,120.0,50.51,741.53,0.88,0.0,0.0,18.08,31.04,16.71,74.52,51.06,94.94,74.51
2018-01-27 16:47:00,2,1,50.42,85.0,55.0,50.39,50.48,50.42,0.0,0.0,0.0,45.0,50.48,0.0,1.0,0.0,120.0,50.49,741.53,0.88,0.0,0.0,18.08,31.04,16.71,74.57,51.12,95.03,74.56
2018-01-27 16:48:00,2,1,50.39,85.0,55.0,50.37,50.46,50.39,0.0,0.0,0.0,45.0,50.46,0.0,1.0,0.0,120.0,50.46,741.53,0.88,0.0,0.0,18.08,31.03,16.71,74.62,51.18,95.13,74.6
2018-01-27 16:49:00,2,1,50.37,85.0,55.0,50.35,50.43,50.37,0.0,0.0,0.0,45.0,50.44,0.0,1.0,0.0,120.0,50.44,741.53,0.88,0.0,0.0,18.08,31.02,16.71,74.67,51.24,95.23,74.65
2018-01-27 16:50:00,2,1,50.35,85.0,55.0,50.32,50.41,50.35,0.0,0.0,0.0,45.0,50.41,0.0,1.0,0.0,120.0,50.42,741.53,0.88,0.0,0.0,18.08,31.02,16.71,74.72,51.3,95.32,74.7
2018-01-27 16:51:00,2,1,50.32,85.0,55.0,50.3,50.39,50.32,0.0,0.0,0.0,45.0,50.39,0.0,1.0,0.0,120.0,50.39,741.53,0.88,0.0,0.0,18.08,31.01,16.71,74.77,51.36,95.42,74.75
2018-01-27 16:52:00,2,1,50.3,85.0,55.0,50.27,50.36,50.3,0.0,0.0,0.0,45.0,50.36,0.0,1.0,0.0,120.0,50.37,741.53,0.88,0.0,0.0,18.08,31.0,16.71,74.82,51.43,95.52,74.8
2018-01-27 16:53:00,2,1,50.27,85.0,55.0,50.25,50.34,50.27,0.0,0.0,0.0,45.0,50.34,0.0,1.0,0.0,120.0,50.34,741.53,0.88,0.0,0.0,18.08,30.99,16.71,74.87,51.49,95.61,74.85
2018-01-27 16:54:00,2,1,50.25,85.0,55.0,50.23,50.32,50.25,0.0,0.0,0.0,45.0,50.32,0.0,1.0,0.0,120.0,50.32,741.53,0.88,0.0,0.0,18.08,30.98,16.71,74.92,51.56,95.71,74.9
2018-01-27 16:55:00,2,1,50.23,85.0,55.0,50.2,50.29,50.23,0.0,0.0,0.0,45.0,50.29,0.0,1.0,0.0,120.0,50.3,741.53,0.88,0.0,0.0,18.08,30.97,16.71,74.97,51.62,95.81,74.95
2018-01-27 16:56:00,2,1,50.2,85.0,55.0,50.18,50.27,50.2,0.0,0.0,0.0,45.0,50.27,0.0,1.0,0.0,120.0,50.27,741.53,0.88,0.0,0.0,18.08,30.96,16.71,75.02,51.69,95.91,75.0
2018-01-27 16:57:00,2,1,50.18,85.0,55.0,50.15,50.24,50.18,0.0,0.0,0.0,45.0,50.24,0.0,1.0,0.0,120.0,50.25,741.53,0.88,0.0,0.0,18.08,30.95,16.71,75.07,51.75,96.01,75.05
2018-01-27 16:58:00,2,1,50.15,85.0,55.0,50.13,50.22,50.15,0.0,0.0,0.0,45.0,50.22,0.0,1.0,0.0,120.0,50.22,741.53,0.88,0.0,0.0,18.08,30.95,16.71,75.12,51.82,96.11,75.1
2018-01-27 16:59:00,2,1,50.13,85.0,55.0,50.11,50.19,50.13,0.0,0.0,0.0,45.0,50.2,0.0,1.0,0.0,120.0,50.2,741.53,0.88,0.0,0.0,18.08,30.94,16.71,75.17,51.89,96.2,75.15
2018-01-27 17:00:00,2,1,50.11,85.0,55.0,50.08,50.17,50.11,0.0,0.0,0.0,45.0,50.17,0.0,1.0,0.0,120.0,50.18,741.53,0.88,0.0,0.0,18.08,30.92,16.71,75.22,51.96,96.3,75.21
2018-01-27 17:01:00,2,1,50.08,85.0,55.0,50.06,50.15,50.08,0.0,0.0,0.0,45.0,50.15,0.0,1.0,0.0,120.0,50.15,741.53,0.88,0.0,0.0,18.08,30.92,16.71,75.27,52.03,96.4,75.26
2018-01-27 17:02:00,2,1,50.06,85.0,55.0,50.04,50.12,50.06,0.0,0.0,0.0,45.0,50.12,0.0,1.0,0.0,120.0,50.13,741.53,0.88,0.0,0.0,18.08,30.91,16.71,75.32,52.11,96.5,75.3
2018-01-27 17:03:00,2,1,50.04,85.0,55.0,50.01,50.1,50.04,0.0,0.0,0.0,45.0,50.1,0.0,1.0,0.0,120.0,50.11,741.53,0.88,0.0,0.0,18.08,30.9,16.71,75.36,52.19,96.59,75.35
2018-01-27 17:04:00,2,1,50.01,85.0,55.0,49.99,50.08,50.01,0.0,0.0,0.0,45.0,50.08,0.0,1.0,0.0,120.0,50.08,741.53,0.88,0.0,0.0,18.08,30.89,16.71,75.4,52.27,96.68,75.39
2018-01-27 17:05:00,2,1,49.99,85.0,55.0,49.97,50.06,49.99,0.0,0.0,0.0,45.0,50.06,0.0,1.0,0.0,120.0,50.06,741.53,0.88,0.0,0.0,18.08,30.89,16.71,75.42,52.36,96.77,75.43
2018-01-27 17:06:00,2,1,49.97,85.0,55.0,49.95,50.04,49.97,0.0,0.0,0.0,45.0,50.04,0.0,1.0,0.0,120.0,50.04,741.53,0.88,0.0,0.0,18.08,30.88,16.71,75.45,52.44,96.86,75.45
2018-01-27 17:07:00,2,1,49.95,85.0,55.0,49.93,50.02,49.95,0.0,0.0,0.0,45.0,50.02,0.0,1.0,0.0,120.0,50.02,741.53,0.88,0.0,0.0,18.08,30.87,16.71,75.47,52.52,96.95,75.47
2018-01-27 17:08:00,2,1,49.93,85.0,55.0,49.91,50.0,49.93,0.0,0.0,0.0,45.0,50.0,0.0,1.0,0.0,120.0,50.0,741.53,0.88,0.0,0.0,18.08,30.86,16.71,75.49,52.6,97.02,75.5
2018-01-27 17:09:00,2,1,49.91,85.0,55.0,49.89,49.98,49.91,0.0,0.0,0.0,45.0,49.98,0.0,1.0,0.0,120.0,49.98,741.53,0.88,0.0,0.0,18.08,30.85,16.71,75.51,52.69,97.09,75.52
2018-01-27 17:10:00,2,1,49.9,85.0,55.0,49.87,49.96,49.9,0.0,0.0,0.0,45.0,49.96,0.0,1.0,0.0,120.0,49.96,741.53,0.88,0.0,0.0,18.08,30.84,16.71,75.53,52.77,97.15,75.53
2018-01-27 17:11:00,2,1,49.88,85.0,55.0,49.85,49.94,49.88,0.0,0.0,0.0,45.0,49.94,0.0,1.0,0.0,120.0,49.94,741.53,0.88,0.0,0.0,18.08,30.83,16.71,75.55,52.85,97.21,75.55
2018-01-27 17:12:00,2,1,49.86,85.0,55.0,49.84,49.92,49.86,0.0,0.0,0.0,45.0,49.92,0.0,1.0,0.0,120.0,49.92,741.53,0.88,0.0,0.0,18.08,30.82,16.71,75.56,52.94,97.26,75.57
2018-01-27 17:13:00,2,1,49.84,85.0,55.0,49.82,49.9,49.84,0.0,0.0,0.0,45.0,49.9,0.0,1.0,0.0,120.0,49.91,741.53,0.88,0.0,0.0,18.08,30.81,16.71,75.58,53.02,97.32,75.59
2018-01-27 17:14:00,2,1,49.82,85.0,55.0,49.8,49.89,49.82,0.0,0.0,0.0,45.0,49.89,0.0,1.0,0.0,120.0,49.89,741.53,0.88,0.0,0.0,18.08,30.8,16.71,75.6,53.11,97.37,75.6
2018-01-27 17:15:00,2,1,49.81,85.0,55.0,49.78,49.87,49.81,0.0,0.0,0.0,45.0,49.87,0.0,1.0,0.0,120.0,49.87,741.53,0.88,0.0,0.0,18.08,30.79,16.71,75.61,53.19,97.43,75.62
2018-01-27 17:16:00,2,1,49.79,85.0,55.0,49.77,49.85,49.79,0.0,0.0,0.0,45.0,49.85,0.0,1.0,0.0,120.0,49.86,741.53,0.88,0.0,0.0,18.08,30.78,16.71,75.63,53.28,97.48,75.63
2018-01-27 17:17:00,2,1,49.77,85.0,55.0,49.75,49.83,49.77,0.0,0.0,0.0,45.0,49.84,0.0,1.0,0.0,120.0,49.84,741.53,0.88,0.0,0.0,18.08,30.77,16.71,75.64,53.36,97.53,75.64
2018-01-27 17:18:00,2,1,49.76,85.0,55.0,49.74,49.82,49.76,0.0,0.0,0.0,45.0,49.82,0.0,1.0,0.0,120.0,49.82,741.53,0.88,0.0,0.0,18.08,30.76,16.71,75.65,53.45,97.58,75.66
2018-01-27 17:19:00,2,1,49.74,85.0,55.0,49.72,49.8,49.74,0.0,0.0,0.0,45.0,49.8,0.0,1.0,0.0,120.0,49.81,741.53,0.88,0.0,0.0,18.08,30.75,16.71,75.66,53.54,97.63,75.67
2018-01-27 17:20:00,2,1,49.73,85.0,55.0,49.7,49.79,49.73,0.0,0.0,0.0,45.0,49.79,0.0,1.0,0.0,120.0,49.79,741.53,0.88,0.0,0.0,18.08,30.73,16.71,75.68,53.62,97.68,75.68
2018-01-27 17:21:00,2,1,49.71,85.0,55.0,49.69,49.77,49.71,0.0,0.0,0.0,45.0,49.77,0.0,1.0,0.0,120.0,49.77,741.53,0.88,0.0,0.0,18.08,30.72,16.71,75.69,53.71,97.73,75.69
2018-01-27 17:22:00,2,1,49.7,85.0,55.0,49.67,49.76,49.7,0.0,0.0,0.0,45.0,49.76,0.0,1.0,0.0,120.0,49.76,741.53,0.88,0.0,0.0,18.08,30.71,16.71,75.7,53.79,97.78,75.7
2018-01-27 17:23:00,2,1,49.68,85.0,55.0,49.66,49.74,49.68,0.0,0.0,0.0,45.0,49.74,0.0,1.0,0.0,120.0,49.74,741.53,0.88,0.0,0.0,18.08,30.7,16.71,75.71,53.88,97.83,75.71
2018-01-27 17:24:00,2,1,49.67,85.0,55.0,49.64,49.73,49.67,0.0,0.0,0.0,45.0,49.73,0.0,1.0,0.0,120.0,49.73,741.53,0.88,0.0,0.0,18.08,30.68,16.71,75.72,53.97,97.88,75.72
2018-01-27 17:25:00,2,1,49.65,85.0,55.0,49.63,49.71,49.65,0.0,0.0,0.0,45.0,49.71,0.0,1.0,0.0,120.0,49.72,741.53,0.88,0.0,0.0,18.08,30.67,16.71,75.73,54.05,97.92,75.73
2018-01-27 17:26:00,2,1,49.64,85.0,55.0,49.62,49.7,49.64,0.0,0.0,0.0,45.0,49.7,0.0,1.0,0.0,120.0,49.7,741.53,0.88,0.0,0.0,18.08,30.66,16.71,75.73,54.14,97.97,75.74
2018-01-27 17:27:00,2,1,49.63,85.0,55.0,49.6,49.68,49.63,0.0,0.0,0.0,45.0,49.68,0.0,1.0,0.0,120.0,49.69,741.53,0.88,0.0,0.0,18.08,30.64,16.71,75.74,54.23,98.01,75.75
2018-01-27 17:28:00,2,1,49.61,85.0,55.0,49.59,49.67,49.61,0.0,0.0,0.0,45.0,49.67,0.0,1.0,0.0,120.0,49.67,741.53,0.88,0.0,0.0,18.08,30.63,16.71,75.75,54.31,98.06,75.75
2018-01-27 17:29:00,2,1,49.6,85.0,55.0,49.58,49.66,49.6,0.0,0.0,0.0,45.0,49.66,0.0,1.0,0.0,120.0,49.66,741.53,0.88,0.0,0.0,18.08,30.62,16.71,75.76,54.4,98.1,75.76
2018-01-27 17:30:00,2,1,49.58,85.0,55.0,49.56,49.64,49.58,0.0,0.0,0.0,45.0,49.64,0.0,1.0,0.0,120.0,49.65,741.53,0.88,0.0,0.0,18.08,30.6,16.71,75.76,54.49,98.14,75.77
2018-01-27 17:31:00,2,1,49.57,85.0,55.0,49.55,49.63,49.57,0.0,0.0,0.0,45.0,49.63,0.0,1.0,0.0,120.0,49.63,741.53,0.88,0.0,0.0,18.08,30.59,16.71,75.77,54.57,98.18,75.77
2018-01-27 17:32:00,2,1,49.56,85.0,55.0,49.54,49.62,49.56,0.0,0.0,0.0,45.0,49.62,0.0,1.0,0.0,120.0,49.62,741.53,0.88,0.0,0.0,18.08,30.57,16.71,75.77,54.66,98.22,75.78
2018-01-27 17:33:00,2,1,49.55,85.0,55.0,49.52,49.6,49.55,0.0,0.0,0.0,45.0,49.6,0.0,1.0,0.0,120.0,49.61,741.53,0.88,0.0,0.0,18.08,30.56,16.71,75.78,54.75,98.27,75.78
2018-01-27 17:34:00,2,1,49.53,85.0,55.0,49.51,49.59,49.53,0.0,0.0,0.0,45.0,49.59,0.0,1.0,0.0,120.0,49.59,741.53,0.88,0.0,0.0,18.08,30.54,16.71,75.78,54.83,98.31,75.79
2018-01-27 17:35:00,2,1,49.52,85.0,55.0,49.5,49.58,49.52,0.0,0.0,0.0,45.0,49.58,0.0,1.0,0.0,120.0,49.58,741.53,0.88,0.0,0.0,18.08,30.52,16.71,75.79,54.92,98.35,75.79
2018-01-27 17:36:00,2,1,49.51,85.0,55.0,49.49,49.57,49.51,0.0,0.0,0.0,45.0,49.57,0.0,1.0,0.0,120.0,49.57,741.53,0.88,0.0,0.0,18.08,30.51,16.71,75.79,55.01,98.38,75.79
2018-01-27 17:37:00,2,1,49.5,85.0,55.0,49.48,49.56,49.5,0.0,0.0,0.0,45.0,49.56,0.0,1.0,0.0,120.0,49.56,741.53,0.88,0.0,0.0,18.08,30.49,16.71,75.79,55.09,98.42,75.8
2018-01-27 17:38:00,2,1,49.49,85.0,55.0,49.46,49.54,49.49,0.0,0.0,0.0,45.0,49.54,0.0,1.0,0.0,120.0,49.55,741.53,0.88,0.0,0.0,18.08,30.47,16.71,75.8,55.18,98.46,75.8
2018-01-27 17:39:00,2,1,49.47,85.0,55.0,49.45,49.53,49.47,0.0,0.0,0.0,45.0,49.53,0.0,1.0,0.0,120.0,49.53,741.53,0.88,0.0,0.0,18.08,30.46,16.71,75.8,55.26,98.5,75.8
2018-01-27 17:40:00,2,1,49.46,85.0,55.0,49.44,49.52,49.46,0.0,0.0,0.0,45.0,49.52,0.0,1.0,0.0,120.0,49.52,741.53,0.88,0.0,0.0,18.08,30.44,16.71,75.8,55.35,98.53,75.8
2018-01-27 17:41:00,2,1,49.45,85.0,55.0,49.43,49.51,49.45,0.0,0.0,0.0,45.0,49.51,0.0,1.0,0.0,120.0,49.51,741.53,0.88,0.0,0.0,18.08,30.42,16.71,75.8,55.43,98.57,75.8
2018-01-27 17:42:00,2,1,49.44,85.0,55.0,49.42,49.5,49.44,0.0,0.0,0.0,45.0,49.5,0.0,1.0,0.0,120.0,49.5,741.53,0.88,0.0,0.0,18.08,30.4,16.71,75.8,55.52,98.61,75.81
2018-01-27 17:43:00,2,1,49.43,85.0,55.0,49.41,49.49,49.43,0.0,0.0,0.0,45.0,49.49,0.0,1.0,0.0,120.0,49.49,741.53,0.88,0.0,0.0,18.08,30.39,16.71,75.8,55.6,98.64,75.81
2018-01-27 17:44:00,2,1,49.42,85.0,55.0,49.4,49.48,49.42,0.0,0.0,0.0,45.0,49.48,0.0,1.0,0.0,120.0,49.48,741.53,0.88,0.0,0.0,18.08,30.37,16.71,75.8,55.68,98.68,75.81
2018-01-27 17:45:00,2,1,49.41,85.0,55.0,49.39,49.47,49.41,0.0,0.0,0.0,45.0,49.47,0.0,1.0,0.0,120.0,49.47,741.53,0.88,0.0,0.0,18.08,30.35,16.71,75.8,55.77,98.71,75.81
2018-01-27 17:46:00,2,1,49.4,85.0,55.0,49.38,49.46,49.4,0.0,0.0,0.0,45.0,49.46,0.0,1.0,0.0,120.0,49.46,741.53,0.88,0.0,0.0,18.08,30.33,16.71,75.8,55.85,98.75,75.81
2018-01-27 17:47:00,2,1,49.39,85.0,55.0,49.37,49.44,49.39,0.0,0.0,0.0,45.0,49.44,0.0,1.0,0.0,120.0,49.45,741.53,0.88,0.0,0.0,18.08,30.31,16.71,75.8,55.93,98.78,75.8
2018-01-27 17:48:00,2,1,49.38,85.0,55.0,49.36,49.43,49.38,0.0,0.0,0.0,45.0,49.43,0.0,1.0,0.0,120.0,49.44,741.53,0.88,0.0,0.0,18.08,30.29,16.71,75.8,56.01,98.81,75.8
2018-01-27 17:49:00,2,1,49.37,85.0,55.0,49.35,49.42,49.37,0.0,0.0,0.0,45.0,49.42,0.0,1.0,0.0,120.0,49.43,741.53,0.88,0.0,0.0,18.08,30.27,16.71,75.8,56.09,98.84,75.8
2018-01-27 17:50:00,2,1,49.36,85.0,55.0,49.34,49.41,49.36,0.0,0.0,0.0,45.0,49.41,0.0,1.0,0.0,120.0,49.42,741.53,0.88,0.0,0.0,18.08,30.25,16.71,75.8,56.18,98.88,75.8
2018-01-27 17:51:00,2,1,49.35,85.0,55.0,49.33,49.41,49.35,0.0,0.0,0.0,45.0,49.41,0.0,1.0,0.0,120.0,49.41,741.53,0.88,0.0,0.0,18.08,30.23,16.71,75.8,56.26,98.91,75.8
2018-01-27 17:52:00,2,1,49.34,85.0,55.0,49.32,49.4,49.34,0.0,0.0,0.0,45.0,49.4,0.0,1.0,0.0,120.0,49.4,741.53,0.88,0.0,0.0,18.08,30.21,16.71,75.79,56.34,98.94,75.8
2018-01-27 17:53:00,2,1,49.33,85.0,55.0,49.31,49.39,49.33,0.0,0.0,0.0,45.0,49.39,0.0,1.0,0.0,120.0,49.39,741.53,0.88,0.0,0.0,18.08,30.19,16.71,75.79,56.42,98.97,75.79
2018-01-27 17:54:00,2,1,49.32,85.0,55.0,49.3,49.38,49.32,0.0,0.0,0.0,45.0,49.38,0.0,1.0,0.0,120.0,49.38,741.53,0.88,0.0,0.0,18.08,30.17,16.71,75.79,56.49,99.0,75.79
2018-01-27 17:55:00,2,1,49.31,85.0,55.0,49.29,49.37,49.31,0.0,0.0,0.0,45.0,49.37,0.0,1.0,0.0,120.0,49.37,741.53,0.88,0.0,0.0,18.08,30.14,16.71,75.78,56.57,99.03,75.79
2018-01-27 17:56:00,2,1,49.3,85.0,55.0,49.28,49.36,49.3,0.0,0.0,0.0,45.0,49.36,0.0,1.0,0.0,120.0,49.36,741.53,0.88,0.0,0.0,18.08,30.12,16.71,75.78,56.65,99.06,75.78
2018-01-27 17:57:00,2,1,49.29,85.0,55.0,49.27,49.35,49.29,0.0,0.0,0.0,45.0,49.35,0.0,1.0,0.0,120.0,49.35,741.53,0.88,0.0,0.0,18.08,30.1,16.71,75.77,56.73,99.09,75.78
2018-01-27 17:58:00,2,1,49.29,85.0,55.0,49.26,49.34,49.29,0.0,0.0,0.0,45.0,49.34,0.0,1.0,0.0,120.0,49.34,741.53,0.88,0.0,0.0,18.08,30.08,16.71,75.77,56.8,99.11,75.77
2018-01-27 17:59:00,2,1,49.28,85.0,55.0,49.26,49.33,49.28,0.0,0.0,0.0,45.0,49.33,0.0,1.0,0.0,120.0,49.33,741.53,0.88,0.0,0.0,18.08,30.05,16.71,75.77,56.88,99.14,75.77
2018-01-27 18:00:00,2,1,49.27,85.0,55.0,49.25,49.32,49.27,0.0,0.0,0.0,45.0,49.32,0.0,1.0,0.0,120.0,49.33,741.53,0.88,0.0,0.0,18.08,30.03,16.71,75.76,56.95,99.17,75.76
2018-01-27 18:01:00,2,1,49.26,85.0,55.0,49.24,49.32,49.26,0.0,0.0,0.0,45.0,49.32,0.0,1.0,0.0,120.0,49.32,741.53,0.88,0.0,0.0,18.08,30.0,16.71,75.75,57.01,99.2,75.76
2018-01-27 18:02:00,2,1,49.25,85.0,55.0,49.23,49.31,49.25,0.0,0.0,0.0,45.0,49.31,0.0,1.0,0.0,120.0,49.31,741.53,0.88,0.0,0.0,18.08,29.97,16.71,75.75,57.06,99.22,75.75
2018-01-27 18:03:00,2,1,49.25,85.0,55.0,49.22,49.3,49.25,0.0,0.0,0.0,45.0,49.3,0.0,1.0,0.0,120.0,49.3,741.53,0.88,0.0,0.0,18.08,29.94,16.71,75.74,57.1,99.25,75.74
2018-01-27 18:04:00,2,1,49.24,85.0,55.0,49.21,49.29,49.24,0.0,0.0,0.0,45.0,49.29,0.0,1.0,0.0,120.0,49.29,741.53,0.88,0.0,0.0,18.08,29.9,16.71,75.74,57.15,99.28,75.74
2018-01-27 18:05:00,2,1,49.23,85.0,55.0,49.21,49.28,49.23,0.0,0.0,0.0,45.0,49.28,0.0,1.0,0.0,120.0,49.29,741.53,0.88,0.0,0.0,18.08,29.87,16.71,75.73,57.19,99.3,75.73
2018-01-27 18:06:00,2,1,49.22,85.0,55.0,49.2,49.28,49.22,0.0,0.0,0.0,45.0,49.28,0.0,1.0,0.0,120.0,49.28,741.53,0.88,0.0,0.0,18.08,29.84,16.71,75.72,57.23,99.33,75.72
2018-01-27 18:07:00,2,1,49.21,85.0,55.0,49.19,49.27,49.21,0.0,0.0,0.0,45.0,49.27,0.0,1.0,0.0,120.0,49.27,741.53,0.88,0.0,0.0,18.08,29.8,16.71,75.71,57.27,99.35,75.72
2018-01-27 18:08:00,2,1,49.21,85.0,55.0,49.18,49.26,49.21,0.0,0.0,0.0,45.0,49.26,0.0,1.0,0.0,120.0,49.26,741.53,0.88,0.0,0.0,18.08,29.77,16.71,75.71,57.32,99.38,75.71
2018-01-27 18:09:00,2,1,49.2,85.0,55.0,49.18,49.25,49.2,0.0,0.0,0.0,45.0,49.25,0.0,1.0,0.0,120.0,49.26,741.53,0.88,0.0,0.0,18.08,29.73,16.71,75.7,57.36,99.4,75.7
2018-01-27 18:10:00,2,1,49.19,85.0,55.0,49.17,49.25,49.19,0.0,0.0,0.0,45.0,49.25,0.0,1.0,0.0,120.0,49.25,741.53,0.88,0.0,0.0,18.08,29.7,16.71,75.69,57.4,99.42,75.69
2018-01-27 18:11:00,2,1,49.19,85.0,55.0,49.16,49.24,49.19,0.0,0.0,0.0,45.0,49.24,0.0,1.0,0.0,120.0,49.24,741.53,0.88,0.0,0.0,18.08,29.66,16.71,75.68,57.44,99.45,75.68
2018-01-27 18:12:00,2,1,49.18,85.0,55.0,49.16,49.23,49.18,0.0,0.0,0.0,45.0,49.23,0.0,1.0,0.0,120.0,49.23,741.53,0.88,0.0,0.0,18.08,29.63,16.71,75.67,57.47,99.47,75.68
2018-01-27 18:13:00,2,1,49.17,85.0,55.0,49.15,49.23,49.17,0.0,0.0,0.0,45.0,49.23,0.0,1.0,0.0,120.0,49.23,741.53,0.88,0.0,0.0,18.08,29.59,16.71,75.67,57.51,99.49,75.67
2018-01-27 18:14:00,2,1,49.17,85.0,55.0,49.14,49.22,49.17,0.0,0.0,0.0,45.0,49.22,0.0,1.0,0.0,120.0,49.22,741.53,0.88,0.0,0.0,18.08,29.56,16.71,75.66,57.55,99.52,75.66
2018-01-27 18:15:00,2,1,49.16,85.0,55.0,49.14,49.21,49.16,0.0,0.0,0.0,45.0,49.21,0.0,1.0,0.0,120.0,49.21,741.53,0.88,0.0,0.0,18.08,29.52,16.71,75.65,57.59,99.54,75.65
2018-01-27 18:16:00,2,1,49.15,85.0,55.0,49.13,49.2,49.15,0.0,0.0,0.0,45.0,49.2,0.0,1.0,0.0,120.0,49.21,741.53,0.88,0.0,0.0,18.08,29.49,16.71,75.64,57.62,99.56,75.64
2018-01-27 18:17:00,2,1,49.15,85.0,55.0,49.12,49.2,49.15,0.0,0.0,0.0,45.0,49.2,0.0,1.0,0.0,120.0,49.2,741.53,0.88,0.0,0.0,18.08,29.45,16.71,75.63,57.66,99.58,75.63
2018-01-27 18:18:00,2,1,49.14,85.0,55.0,49.12,49.19,49.14,0.0,0.0,0.0,45.0,49.19,0.0,1.0,0.0,120.0,49.19,741.53,0.88,0.0,0.0,18.08,29.42,16.71,75.62,57.7,99.6,75.62
2018-01-27 18:19:00,2,1,49.13,85.0,55.0,49.11,49.19,49.13,0.0,0.0,0.0,45.0,49.19,0.0,1.0,0.0,120.0,49.19,741.53,0.88,0.0,0.0,18.08,29.38,16.71,75.61,57.73,99.62,75.61
2018-01-27 18:20:00,2,1,49.13,85.0,55.0,49.1,49.18,49.13,0.0,0.0,0.0,45.0,49.18,0.0,1.0,0.0,120.0,49.18,741.53,0.88,0.0,0.0,18.08,29.35,16.71,75.6,57.77,99.65,75.6
2018-01-27 18:21:00,2,1,49.12,85.0,55.0,49.1,49.17,49.12,0.0,0.0,0.0,45.0,49.17,0.0,1.0,0.0,120.0,49.17,741.53,0.88,0.0,0.0,18.08,29.31,16.71,75.58,57.8,99.67,75.58
2018-01-27 18:22:00,2,1,49.11,85.0,55.0,49.09,49.17,49.11,0.0,0.0,0.0,45.0,49.17,0.0,1.0,0.0,120.0,49.17,741.53,0.88,0.0,0.0,18.08,29.27,16.71,75.57,57.83,99.69,75.57
2018-01-27 18:23:00,2,1,49.11,85.0,55.0,49.09,49.16,49.11,0.0,0.0,0.0,45.0,49.16,0.0,1.0,0.0,120.0,49.16,741.53,0.88,0.0,0.0,18.08,29.24,16.71,75.56,57.87,99.71,75.56
2018-01-27 18:24:00,2,1,49.1,85.0,55.0,49.08,49.16,49.1,0.0,0.0,0.0,45.0,49.16,0.0,1.0,0.0,120.0,49.16,741.53,0.88,0.0,0.0,18.08,29.2,16.71,75.55,57.9,99.72,75.55
2018-01-27 18:25:00,2,1,49.1,85.0,55.0,49.07,49.15,49.1,0.0,0.0,0.0,45.0,49.15,0.0,1.0,0.0,120.0,49.15,741.53,0.88,0.0,0.0,18.08,29.17,16.71,75.54,57.93,99.74,75.54
2018-01-27 18:26:00,2,1,49.09,85.0,55.0,49.07,49.14,49.09,0.0,0.0,0.0,45.0,49.14,0.0,1.0,0.0,120.0,49.15,741.53,0.88,0.0,0.0,18.08,29.13,16.71,75.53,57.96,99.76,75.53
2018-01-27 18:27:00,2,1,49.09,85.0,55.0,49.06,49.14,49.09,0.0,0.0,0.0,45.0,49.14,0.0,1.0,0.0,120.0,49.14,741.53,0.88,0.0,0.0,18.08,29.1,16.71,75.51,58.0,99.78,75.51
2018-01-27 18:28:00,2,1,49.08,85.0,55.0,49.06,49.13,49.08,0.0,0.0,0.0,45.0,49.13,0.0,1.0,0.0,120.0,49.13,741.53,0.88,0.0,0.0,18.08,29.06,16.71,75.5,58.03,99.8,75.5
2018-01-27 18:29:00,2,1,49.08,85.0,55.0,49.05,49.13,49.08,0.0,0.0,0.0,45.0,49.13,0.0,1.0,0.0,120.0,49.13,741.53,0.88,0.0,0.0,18.08,29.03,16.71,75.49,58.06,99.82,75.49
2018-01-27 18:30:00,2,1,49.07,85.0,55.0,49.05,49.12,49.07,0.0,0.0,0.0,45.0,49.12,0.0,1.0,0.0,120.0,49.12,741.53,0.88,0.0,0.0,18.08,28.99,16.71,75.47,58.09,99.83,75.47
2018-01-27 18:31:00,2,1,49.07,85.0,55.0,49.04,49.12,49.07,0.0,0.0,0.0,45.0,49.12,0.0,1.0,0.0,120.0,49.12,741.53,0.88,0.0,0.0,18.08,28.95,16.71,75.46,58.12,99.85,75.46
2018-01-27 18:32:00,2,1,49.06,85.0,55.0,49.04,49.11,49.06,0.0,0.0,0.0,45.0,49.11,0.0,1.0,0.0,120.0,49.11,741.53,0.88,0.0,0.0,18.08,28.92,16.71,75.45,58.15,99.87,75.45
2018-01-27 18:33:00,2,1,49.06,85.0,55.0,49.03,49.11,49.06,0.0,0.0,0.0,45.0,49.11,0.0,1.0,0.0,120.0,49.11,741.53,0.88,0.0,0.0,18.08,28.88,16.71,75.43,58.18,99.88,75.43
2018-01-27 18:34:00,2,1,49.05,85.0,55.0,49.03,49.1,49.05,0.0,0.0,0.0,45.0,49.1,0.0,1.0,0.0,120.0,49.1,741.53,0.88,0.0,0.0,18.08,28.85,16.71,75.42,58.21,99.9,75.42
2018-01-27 18:35:00,2,1,49.05,85.0,55.0,49.02,49.1,49.05,0.0,0.0,0.0,45.0,49.1,0.0,1.0,0.0,120.0,49.1,741.53,0.88,0.0,0.0,18.08,28.82,16.71,75.4,58.24,99.92,75.4
2018-01-27 18:36:00,2,1,49.04,85.0,55.0,49.02,49.09,49.04,0.0,0.0,0.0,45.0,49.09,0.0,1.0,0.0,120.0,49.09,741.53,0.88,0.0,0.0,18.08,28.78,16.71,75.39,58.27,99.93,75.39
2018-01-27 18:37:00,2,1,49.04,85.0,55.0,49.01,49.09,49.04,0.0,0.0,0.0,45.0,49.09,0.0,1.0,0.0,120.0,49.09,741.53,0.88,0.0,0.0,18.08,28.75,16.71,75.37,58.3,99.95,75.37
2018-01-27 18:38:00,2,1,49.03,85.0,55.0,49.01,49.08,49.03,0.0,0.0,0.0,45.0,49.08,0.0,1.0,0.0,120.0,49.08,741.53,0.88,0.0,0.0,18.08,28.71,16.71,75.36,58.33,99.96,75.36
2018-01-27 18:39:00,2,1,49.03,85.0,55.0,49.0,49.08,49.03,0.0,0.0,0.0,45.0,49.08,0.0,1.0,0.0,120.0,49.08,741.53,0.88,0.0,0.0,18.08,28.68,16.71,75.34,58.36,99.98,75.34
2018-01-27 18:40:00,2,1,49.02,85.0,55.0,49.0,49.07,49.02,0.0,0.0,0.0,45.0,49.07,0.0,1.0,0.0,120.0,49.07,741.53,0.88,0.0,0.0,18.08,28.65,16.71,75.33,58.39,99.99,75.33
2018-01-27 18:41:00,2,1,49.02,85.0,55.0,48.99,49.07,49.02,0.0,0.0,0.0,45.0,49.07,0.0,1.0,0.0,120.0,49.07,741.53,0.88,0.0,0.0,18.08,28.61,16.71,75.31,58.42,100.0,75.31
2018-01-27 18:42:00,2,1,49.01,85.0,55.0,48.99,49.07,49.01,0.0,0.0,0.0,45.0,49.07,0.0,1.0,0.0,120.0,49.07,741.53,0.88,0.0,0.0,18.08,28.58,16.71,75.3,58.44,100.0,75.3
2018-01-27 18:43:00,2,1,49.01,85.0,55.0,48.99,49.06,49.01,0.0,0.0,0.0,45.0,49.06,0.0,1.0,0.0,120.0,49.06,741.53,0.88,0.0,0.0,18.08,28.55,16.71,75.28,58.47,100.0,75.28
2018-01-27 18:44:00,2,1,49.01,85.0,55.0,48.98,49.06,49.01,0.0,0.0,0.0,45.0,49.06,0.0,1.0,0.0,120.0,49.06,741.53,0.88,0.0,0.0,18.08,28.52,16.71,75.27,58.5,100.0,75.26
2018-01-27 18:45:00,2,1,49.0,85.0,55.0,48.98,49.05,49.0,0.0,0.0,0.0,45.0,49.05,0.0,1.0,0.0,120.0,49.05,741.53,0.88,0.0,0.0,18.08,28.48,16.71,75.25,58.53,100.0,75.25
2018-01-27 18:46:00,2,1,49.0,85.0,55.0,48.97,49.05,49.0,0.0,0.0,0.0,45.0,49.05,0.0,1.0,0.0,120.0,49.05,741.53,0.88,0.0,0.0,18.08,28.45,16.71,75.23,58.56,100.0,75.23
2018-01-27 18:47:00,2,1,48.99,85.0,55.0,48.97,49.04,48.99,0.0,0.0,0.0,45.0,49.04,0.0,1.0,0.0,120.0,49.05,741.53,0.88,0.0,0.0,18.08,28.42,16.71,75.22,58.59,100.0,75.21
2018-01-27 18:48:00,2,1,48.99,85.0,55.0,48.97,49.04,48.99,0.0,0.0,0.0,45.0,49.04,0.0,1.0,0.0,120.0,49.04,741.53,0.88,0.0,0.0,18.08,28.39,16.71,75.2,58.62,100.0,75.2
2018-01-27 18:49:00,2,1,48.99,85.0,55.0,48.96,49.04,48.99,0.0,0.0,0.0,45.0,49.04,0.0,1.0,0.0,120.0,49.04,741.53,0.88,0.0,0.0,18.08,28.36,16.71,75.18,58.65,100.0,75.18
2018-01-27 18:50:00,2,1,48.98,85.0,55.0,48.96,49.03,48.98,0.0,0.0,0.0,45.0,49.03,0.0,1.0,0.0,120.0,49.03,741.53,0.88,0.0,0.0,18.08,28.33,16.71,75.17,58.67,100.0,75.16
2018-01-27 18:51:00,2,1,48.98,85.0,55.0,48.96,49.03,48.98,0.0,0.0,0.0,45.0,49.03,0.0,1.0,0.0,120.0,49.03,741.53,0.88,0.0,0.0,18.08,28.3,16.71,75.15,58.7,100.0,75.15
2018-01-27 18:52:00,2,1,48.98,85.0,55.0,48.95,49.03,48.98,0.0,0.0,0.0,45.0,49.03,0.0,1.0,0.0,120.0,49.03,741.53,0.88,0.0,0.0,18.08,28.27,16.71,75.13,58.73,100.0,75.13
2018-01-27 18:53:00,2,1,48.97,85.0,55.0,48.95,49.02,48.97,0.0,0.0,0.0,45.0,49.02,0.0,1.0,0.0,120.0,49.02,741.53,0.88,0.0,0.0,18.08,28.24,16.71,75.11,58.76,100.0,75.11
2018-01-27 18:54:00,2,1,48.97,85.0,55.0,48.94,49.02,48.97,0.0,0.0,0.0,45.0,49.02,0.0,1.0,0.0,120.0,49.02,741.53,0.88,0.0,0.0,18.08,28.21,16.71,75.09,58.79,100.0,75.09
2018-01-27 18:55:00,2,1,48.97,85.0,55.0,48.94,49.02,48.97,0.0,0.0,0.0,45.0,49.02,0.0,1.0,0.0,120.0,49.02,741.53,0.88,0.0,0.0,18.08,28.18,16.71,75.08,58.82,100.0,75.07
2018-01-27 18:56:00,2,1,48.96,85.0,55.0,48.94,49.01,48.96,0.0,0.0,0.0,45.0,49.01,0.0,1.0,0.0,120.0,49.01,741.53,0.88,0.0,0.0,18.08,28.16,16.71,75.06,58.85,100.0,75.06
2018-01-27 18:57:00,2,1,48.96,85.0,55.0,48.93,49.01,48.96,0.0,0.0,0.0,45.0,49.01,0.0,1.0,0.0,120.0,49.01,741.53,0.88,0.0,0.0,18.08,28.13,16.71,75.04,58.88,100.0,75.04
2018-01-27 18:58:00,2,1,48.96,85.0,55.0,48.93,49.0,48.96,0.0,0.0,0.0,45.0,49.0,0.0,1.0,0.0,120.0,49.01,741.53,0.88,0.0,0.0,18.08,28.1,16.71,75.02,58.91,100.0,75.02
2018-01-27 18:59:00,2,1,48.95,85.0,55.0,48.93,49.0,48.95,0.0,0.0,0.0,45.0,49.0,0.0,1.0,0.0,120.0,49.0,741.53,0.88,0.0,0.0,18.08,28.08,16.71,75.0,58.94,100.0,75.0
2018-01-27 19:00:00,2,1,48.95,85.0,55.0,48.92,49.0,48.95,0.0,0.0,0.0,45.0,49.0,0.0,1.0,0.0,120.0,49.0,741.53,0.88,0.0,0.0,18.08,28.05,16.71,74.98,58.97,100.0,74.98
2018-01-27 19:01:00,2,1,48.95,85.0,55.0,48.92,49.0,48.95,0.0,0.0,0.0,45.0,49.0,0.0,1.0,0.0,120.0,49.0,741.53,0.88,0.0,0.0,18.08,28.04,16.71,74.97,59.01,100.0,74.96
2018-01-27 19:02:00,2,1,48.94,85.0,55.0,48.92,48.99,48.94,0.0,0.0,0.0,45.0,48.99,0.0,1.0,0.0,120.0,48.99,741.53,0.88,0.0,0.0,18.08,28.03,16.71,74.95,59.06,100.0,74.95
2018-01-27 19:03:00,2,1,48.94,85.0,55.0,48.92,48.99,48.94,0.0,0.0,0.0,45.0,48.99,0.0,1.0,0.0,120.0,48.99,741.53,0.88,0.0,0.0,18.08,28.02,16.71,74.93,59.11,100.0,74.93
2018-01-27 19:04:00,2,1,48.94,85.0,55.0,48.91,48.99,48.94,0.0,0.0,0.0,45.0,48.99,0.0,1.0,0.0,120.0,48.99,741.53,0.88,0.0,0.0,18.08,28.02,16.71,74.91,59.15,100.0,74.91
2018-01-27 19:05:00,2,1,48.93,85.0,55.0,48.91,48.98,48.93,0.0,0.0,0.0,45.0,48.98,0.0,1.0,0.0,120.0,48.98,741.53,0.88,0.0,0.0,18.08,28.01,16.71,74.89,59.2,100.0,74.89
2018-01-27 19:06:00,2,1,48.93,85.0,55.0,48.91,48.98,48.93,0.0,0.0,0.0,45.0,48.98,0.0,1.0,0.0,120.0,48.98,741.53,0.88,0.0,0.0,18.08,28.0,16.71,74.87,59.25,100.0,74.87
2018-01-27 19:07:00,2,1,48.93,85.0,55.0,48.9,48.98,48.93,0.0,0.0,0.0,45.0,48.98,0.0,1.0,0.0,120.0,48.98,741.53,0.88,0.0,0.0,18.08,28.0,16.71,74.85,59.3,100.0,74.85
2018-01-27 19:08:00,2,1,48.92,85.0,55.0,48.9,48.97,48.92,0.0,0.0,0.0,45.0,48.97,0.0,1.0,0.0,120.0,48.97,741.53,0.88,0.0,0.0,18.08,27.99,16.71,74.83,59.35,100.0,74.83
2018-01-27 19:09:00,2,1,48.92,85.0,55.0,48.9,48.97,48.92,0.0,0.0,0.0,45.0,48.97,0.0,1.0,0.0,120.0,48.97,741.53,0.88,0.0,0.0,18.08,27.99,16.71,74.82,59.4,100.0,74.81
2018-01-27 19:10:00,2,1,48.92,85.0,55.0,48.89,48.97,48.92,0.0,0.0,0.0,45.0,48.97,0.0,1.0,0.0,120.0,48.97,741.53,0.88,0.0,0.0,18.08,27.99,16.71,74.8,59.44,100.0,74.79
2018-01-27 19:11:00,2,1,48.92,85.0,55.0,48.89,48.96,48.92,0.0,0.0,0.0,45.0,48.96,0.0,1.0,0.0,120.0,48.97,741.53,0.88,0.0,0.0,18.08,27.98,16.71,74.78,59.49,100.0,74.78
2018-01-27 19:12:00,2,1,48.91,85.0,55.0,48.89,48.96,48.91,0.0,0.0,0.0,45.0,48.96,0.0,1.0,0.0,120.0,48.96,741.53,0.88,0.0,0.0,18.08,27.98,16.71,74.76,59.54,100.0,74.76
2018-01-27 19:13:00,2,1,48.91,85.0,55.0,48.89,48.96,48.91,0.0,0.0,0.0,45.0,48.96,0.0,1.0,0.0,120.0,48.96,741.53,0.88,0.0,0.0,18.08,27.98,16.71,74.74,59.59,100.0,74.74
2018-01-27 19:14:00,2,1,48.91,85.0,55.0,48.88,48.96,48.91,0.0,0.0,0.0,45.0,48.96,0.0,1.0,0.0,120.0,48.96,741.53,0.88,0.0,0.0,18.08,27.98,16.71,74.72,59.64,100.0,74.72
2018-01-27 19:15:00,2,1,48.9,85.0,55.0,48.88,48.95,48.9,0.0,0.0,0.0,45.0,48.95,0.0,1.0,0.0,120.0,48.95,741.53,0.88,0.0,0.0,18.08,27.97,16.71,74.7,59.69,100.0,74.7
2018-01-27 19:16:00,2,1,48.9,85.0,55.0,48.88,48.95,48.9,0.0,0.0,0.0,45.0,48.95,0.0,1.0,0.0,120.0,48.95,741.53,0.88,0.0,0.0,18.08,27.97,16.71,74.68,59.74,100.0,74.68
2018-01-27 19:17:00,2,1,48.9,85.0,55.0,48.87,48.95,48.9,0.0,0.0,0.0,45.0,48.95,0.0,1.0,0.0,120.0,48.95,741.53,0.88,0.0,0.0,18.08,27.97,16.71,74.66,59.79,100.0,74.66
2018-01-27 19:18:00,2,1,48.9,85.0,55.0,48.87,48.94,48.9,0.0,0.0,0.0,45.0,48.94,0.0,1.0,0.0,120.0,48.95,741.53,0.88,0.0,0.0,18.08,27.97,16.71,74.65,59.84,100.0,74.64
2018-01-27 19:19:00,2,1,48.89,85.0,55.0,48.87,48.94,48.89,0.0,0.0,0.0,45.0,48.94,0.0,1.0,0.0,120.0,48.94,741.53,0.88,0.0,0.0,18.08,27.97,16.71,74.63,59.89,100.0,74.62
2018-01-27 19:20:00,2,1,48.89,85.0,55.0,48.87,48.94,48.89,0.0,0.0,0.0,45.0,48.94,0.0,1.0,0.0,120.0,48.94,741.53,0.88,0.0,0.0,18.08,27.97,16.71,74.61,59.94,100.0,74.6
2018-01-27 19:21:00,2,1,48.89,85.0,55.0,48.86,48.94,48.89,0.0,0.0,0.0,45.0,48.94,0.0,1.0,0.0,120.0,48.94,741.53,0.88,0.0,0.0,18.08,27.97,16.71,74.59,59.99,100.0,74.58
2018-01-27 19:22:00,2,1,48.88,85.0,55.0,48.86,48.93,48.88,0.0,0.0,0.0,45.0,48.93,0.0,1.0,0.0,120.0,48.93,741.53,0.88,0.0,0.0,18.08,27.97,16.71,74.57,60.04,100.0,74.57
2018-01-27 19:23:00,2,1,48.88,85.0,55.0,48.86,48.93,48.88,0.0,0.0,0.0,45.0,48.93,0.0,1.0,0.0,120.0,48.93,741.53,0.88,0.0,0.0,18.08,27.97,16.71,74.55,60.09,100.0,74.55
2018-01-27 19:24:00,2,1,48.88,85.0,55.0,48.85,48.93,48.88,0.0,0.0,0.0,45.0,48.93,0.0,1.0,0.0,120.0,48.93,741.53,0.88,0.0,0.0,18.08,27.97,16.71,74.53,60.14,100.0,74.53
2018-01-27 19:25:00,2,1,48.88,85.0,55.0,48.85,48.93,48.88,0.0,0.0,0.0,45.0,48.93,0.0,1.0,0.0,120.0,48.93,741.53,0.88,0.0,0.0,18.08,27.97,16.71,74.51,60.19,100.0,74.51
2018-01-27 19:26:00,2,1,48.87,85.0,55.0,48.85,48.92,48.87,0.0,0.0,0.0,45.0,48.92,0.0,1.0,0.0,120.0,48.92,741.53,0.88,0.0,0.0,18.08,27.98,16.71,74.49,60.24,100.0,74.49
2018-01-27 19:27:00,2,1,48.87,85.0,55.0,48.85,48.92,48.87,0.0,0.0,0.0,45.0,48.92,0.0,1.0,0.0,120.0,48.92,741.53,0.88,0.0,0.0,18.08,27.98,16.71,74.47,60.29,100.0,74.47
2018-01-27 19:28:00,2,1,48.87,85.0,55.0,48.84,48.92,48.87,0.0,0.0,0.0,45.0,48.92,0.0,1.0,0.0,120.0,48.92,741.53,0.88,0.0,0.0,18.08,27.98,16.71,74.45,60.34,100.0,74.45
2018-01-27 19:29:00,2,1,48.87,85.0,55.0,48.84,48.91,48.87,0.0,0.0,0.0,45.0,48.91,0.0,1.0,0.0,120.0,48.91,741.53,0.88,0.0,0.0,18.08,27.98,16.71,74.43,60.4,100.0,74.43
2018-01-27 19:30:00,2,1,48.86,85.0,55.0,48.84,48.91,48.86,0.0,0.0,0.0,45.0,48.91,0.0,1.0,0.0,120.0,48.91,741.53,0.88,0.0,0.0,18.08,27.98,16.71,74.41,60.45,100.0,74.41
2018-01-27 19:31:00,2,1,48.86,85.0,55.0,48.84,48.91,48.86,0.0,0.0,0.0,45.0,48.91,0.0,1.0,0.0,120.0,48.91,741.53,0.88,0.0,0.0,18.08,27.98,16.71,74.39,60.5,100.0,74.39
2018-01-27 19:32:00,2,1,48.86,85.0,55.0,48.83,48.91,48.86,0.0,0.0,0.0,45.0,48.91,0.0,1.0,0.0,120.0,48.91,741.53,0.88,0.0,0.0,18.08,27.99,16.71,74.37,60.55,100.0,74.37
2018-01-27 19:33:00,2,1,48.86,85.0,55.0,48.83,48.9,48.86,0.0,0.0,0.0,45.0,48.9,0.0,1.0,0.0,120.0,48.9,741.53,0.88,0.0,0.0,18.08,27.99,16.71,74.36,60.6,100.0,74.35
2018-01-27 19:34:00,2,1,48.85,85.0,55.0,48.83,48.9,48.85,0.0,0.0,0.0,45.0,48.9,0.0,1.0,0.0,120.0,48.9,741.53,0.88,0.0,0.0,18.08,27.99,16.71,74.34,60.65,100.0,74.33
2018-01-27 19:35:00,2,1,48.85,85.0,55.0,48.83,48.9,48.85,0.0,0.0,0.0,45.0,48.9,0.0,1.0,0.0,120.0,48.9,741.53,0.88,0.0,0.0,18.08,27.99,16.71,74.32,60.7,100.0,74.31
2018-01-27 19:36:00,2,1,48.85,85.0,55.0,48.82,48.9,48.85,0.0,0.0,0.0,45.0,48.9,0.0,1.0,0.0,120.0,48.9,741.53,0.88,0.0,0.0,18.08,28.0,16.71,74.3,60.75,100.0,74.29
2018-01-27 19:37:00,2,1,48.85,85.0,55.0,48.82,48.89,48.85,0.0,0.0,0.0,45.0,48.89,0.0,1.0,0.0,120.0,48.89,741.53,0.88,0.0,0.0,18.08,28.0,16.71,74.28,60.8,100.0,74.27
2018-01-27 19:38:00,2,1,48.84,85.0,55.0,48.82,48.89,48.84,0.0,0.0,0.0,45.0,48.89,0.0,1.0,0.0,120.0,48.89,741.53,0.88,0.0,0.0,18.08,28.0,16.71,74.26,60.85,100.0,74.25
2018-01-27 19:39:00,2,1,48.84,85.0,55.0,48.82,48.89,48.84,0.0,0.0,0.0,45.0,48.89,0.0,1.0,0.0,120.0,48.89,741.53,0.88,0.0,0.0,18.08,28.0,16.71,74.24,60.9,100.0,74.24
2018-01-27 19:40:00,2,1,48.84,85.0,55.0,48.81,48.89,48.84,0.0,0.0,0.0,45.0,48.89,0.0,1.0,0.0,120.0,48.89,741.53,0.88,0.0,0.0,18.08,28.01,16.71,74.22,60.95,100.0,74.22
2018-01-27 19:41:00,2,1,48.84,85.0,55.0,48.81,48.88,48.84,0.0,0.0,0.0,45.0,48.88,0.0,1.0,0.0,120.0,48.88,741.53,0.88,0.0,0.0,18.08,28.01,16.71,74.2,61.01,100.0,74.2
2018-01-27 19:42:00,2,1,48.83,85.0,55.0,48.81,48.88,48.83,0.0,0.0,0.0,45.0,48.88,0.0,1.0,0.0,120.0,48.88,741.53,0.88,0.0,0.0,18.08,28.01,16.71,74.18,61.06,100.0,74.18
2018-01-27 19:43:00,2,1,48.83,85.0,55.0,48.81,48.88,48.83,0.0,0.0,0.0,45.0,48.88,0.0,1.0,0.0,120.0,48.88,741.53,0.88,0.0,0.0,18.08,28.02,16.71,74.16,61.11,100.0,74.16
2018-01-27 19:44:00,2,1,48.83,85.0,55.0,48.8,48.88,48.83,0.0,0.0,0.0,45.0,48.88,0.0,1.0,0.0,120.0,48.88,741.53,0.88,0.0,0.0,18.08,28.02,16.71,74.14,61.16,100.0,74.14
2018-01-27 19:45:00,2,1,48.83,85.0,55.0,48.8,48.87,48.83,0.0,0.0,0.0,45.0,48.87,0.0,1.0,0.0,120.0,48.87,741.53,0.88,0.0,0.0,18.08,28.02,16.71,74.12,61.21,100.0,74.12
2018-01-27 19:46:00,2,1,48.82,85.0,55.0,48.8,48.87,48.82,0.0,0.0,0.0,45.0,48.87,0.0,1.0,0.0,120.0,48.87,741.53,0.88,0.0,0.0,18.08,28.02,16.71,74.1,61.26,100.0,74.1
2018-01-27 19:47:00,2,1,48.82,85.0,55.0,48.8,48.87,48.82,0.0,0.0,0.0,45.0,48.87,0.0,1.0,0.0,120.0,48.87,741.53,0.88,0.0,0.0,18.08,28.03,16.71,74.08,61.31,100.0,74.08
2018-01-27 19:48:00,2,1,48.82,85.0,55.0,48.79,48.87,48.82,0.0,0.0,0.0,45.0,48.87,0.0,1.0,0.0,120.0,48.87,741.53,0.88,0.0,0.0,18.08,28.03,16.71,74.06,61.36,100.0,74.06
2018-01-27 19:49:00,2,1,48.82,85.0,55.0,48.79,48.86,48.82,0.0,0.0,0.0,45.0,48.86,0.0,1.0,0.0,120.0,48.86,741.53,0.88,0.0,0.0,18.08,28.03,16.71,74.04,61.41,100.0,74.04
2018-01-27 19:50:00,2,1,48.81,85.0,55.0,48.79,48.86,48.81,0.0,0.0,0.0,45.0,48.86,0.0,1.0,0.0,120.0,48.86,741.53,0.88,0.0,0.0,18.08,28.03,16.71,74.02,61.46,100.0,74.02
2018-01-27 19:51:00,2,1,48.81,85.0,55.0,48.79,48.86,48.81,0.0,0.0,0.0,45.0,48.86,0.0,1.0,0.0,120.0,48.86,741.53,0.88,0.0,0.0,18.08,28.03,16.71,74.01,61.51,100.0,74.0
2018-01-27 19:52:00,2,1,48.81,85.0,55.0,48.78,48.86,48.81,0.0,0.0,0.0,45.0,48.86,0.0,1.0,0.0,120.0,48.86,741.53,0.88,0.0,0.0,18.08,28.03,16.71,73.99,61.56,100.0,73.98
2018-01-27 19:53:00,2,1,48.81,85.0,55.0,48.78,48.85,48.81,0.0,0.0,0.0,45.0,48.85,0.0,1.0,0.0,120.0,48.86,741.53,0.88,0.0,0.0,18.08,28.04,16.71,73.97,61.61,100.0,73.96
2018-01-27 19:54:00,2,1,48.8,85.0,55.0,48.78,48.85,48.8,0.0,0.0,0.0,45.0,48.85,0.0,1.0,0.0,120.0,48.85,741.53,0.88,0.0,0.0,18.08,28.04,16.71,73.95,61.66,100.0,73.94
2018-01-27 19:55:00,2,1,48.8,85.0,55.0,48.78,48.85,48.8,0.0,0.0,0.0,45.0,48.85,0.0,1.0,0.0,120.0,48.85,741.53,0.88,0.0,0.0,18.08,28.04,16.71,73.93,61.72,100.0,73.92
2018-01-27 19:56:00,2,1,48.8,85.0,55.0,48.77,48.85,48.8,0.0,0.0,0.0,45.0,48.85,0.0,1.0,0.0,120.0,48.85,741.53,0.88,0.0,0.0,18.08,28.04,16.71,73.91,61.77,100.0,73.9
2018-01-27 19:57:00,2,1,48.8,85.0,55.0,48.77,48.84,48.8,0.0,0.0,0.0,45.0,48.84,0.0,1.0,0.0,120.0,48.85,741.53,0.88,0.0,0.0,18.08,28.04,16.71,73.89,61.82,100.0,73.89
2018-01-27 19:58:00,2,1,48.79,85.0,55.0,48.77,48.84,48.79,0.0,0.0,0.0,45.0,48.84,0.0,1.0,0.0,120.0,48.84,741.53,0.88,0.0,0.0,18.08,28.04,16.71,73.87,61.87,100.0,73.87
2018-01-27 19:59:00,2,1,48.79,85.0,55.0,48.77,48.84,48.79,0.0,0.0,0.0,45.0,48.84,0.0,1.0,0.0,120.0,48.84,741.53,0.88,0.0,0.0,18.08,28.04,16.71,73.85,61.92,100.0,73.85
2018-01-27 20:00:00,2,1,48.79,85.0,55.0,48.76,48.84,48.79,0.0,0.0,0.0,45.0,48.84,0.0,1.0,0.0,120.0,48.84,741.53,0.88,0.0,0.0,18.08,28.04,16.71,73.83,61.97,100.0,73.83
2018-01-27 20:01:00,2,1,48.79,85.0,55.0,48.76,48.84,48.79,0.0,0.0,0.0,45.0,48.84,0.0,1.0,0.0,120.0,48.84,741.53,0.88,0.0,0.0,18.08,28.03,16.71,73.81,62.02,100.0,73.81
2018-01-27 20:02:00,2,1,48.78,85.0,55.0,48.76,48.83,48.78,0.0,0.0,0.0,45.0,48.83,0.0,1.0,0.0,120.0,48.83,741.53,0.88,0.0,0.0,18.08,28.02,16.71,73.79,62.08,100.0,73.79
2018-01-27 20:03:00,2,1,48.78,85.0,55.0,48.76,48.83,48.78,0.0,0.0,0.0,45.0,48.83,0.0,1.0,0.0,120.0,48.83,741.53,0.88,0.0,0.0,18.08,28.0,16.71,73.78,62.13,100.0,73.77
2018-01-27 20:04:00,2,1,48.78,85.0,55.0,48.75,48.83,48.78,0.0,0.0,0.0,45.0,48.83,0.0,1.0,0.0,120.0,48.83,741.53,0.88,0.0,0.0,18.08,27.99,16.71,73.76,62.19,100.0,73.75
2018-01-27 20:05:00,2,1,48.78,85.0,55.0,48.75,48.82,48.78,0.0,0.0,0.0,45.0,48.82,0.0,1.0,0.0,120.0,48.83,741.53,0.88,0.0,0.0,18.08,27.97,16.71,73.74,62.24,100.0,73.73
2018-01-27 20:06:00,2,1,48.77,85.0,55.0,48.75,48.82,48.77,0.0,0.0,0.0,45.0,48.82,0.0,1.0,0.0,120.0,48.82,741.53,0.88,0.0,0.0,18.08,27.95,16.71,73.72,62.3,100.0,73.72
2018-01-27 20:07:00,2,1,48.77,85.0,55.0,48.75,48.82,48.77,0.0,0.0,0.0,45.0,48.82,0.0,1.0,0.0,120.0,48.82,741.53,0.88,0.0,0.0,18.08,27.94,16.71,73.7,62.35,100.0,73.7
2018-01-27 20:08:00,2,1,48.77,85.0,55.0,48.74,48.82,48.77,0.0,0.0,0.0,45.0,48.82,0.0,1.0,0.0,120.0,48.82,741.53,0.88,0.0,0.0,18.08,27.92,16.71,73.68,62.41,100.0,73.68
2018-01-27 20:09:00,2,1,48.76,85.0,55.0,48.74,48.81,48.76,0.0,0.0,0.0,45.0,48.81,0.0,1.0,0.0,120.0,48.81,741.53,0.88,0.0,0.0,18.08,27.9,16.71,73.67,62.47,100.0,73.66
2018-01-27 20:10:00,2,1,48.76,85.0,55.0,48.74,48.81,48.76,0.0,0.0,0.0,45.0,48.81,0.0,1.0,0.0,120.0,48.81,741.53,0.88,0.0,0.0,18.08,27.88,16.71,73.65,62.52,100.0,73.64
2018-01-27 20:11:00,2,1,48.76,85.0,55.0,48.73,48.81,48.76,0.0,0.0,0.0,45.0,48.81,0.0,1.0,0.0,120.0,48.81,741.53,0.88,0.0,0.0,18.08,27.87,16.71,73.63,62.58,100.0,73.63
2018-01-27 20:12:00,2,1,48.76,85.0,55.0,48.73,48.8,48.76,0.0,0.0,0.0,45.0,48.8,0.0,1.0,0.0,120.0,48.8,741.53,0.88,0.0,0.0,18.08,27.85,16.71,73.61,62.63,100.0,73.61
2018-01-27 20:13:00,2,1,48.75,85.0,55.0,48.73,48.8,48.75,0.0,0.0,0.0,45.0,48.8,0.0,1.0,0.0,120.0,48.8,741.53,0.88,0.0,0.0,18.08,27.83,16.71,73.6,62.69,100.0,73.59
2018-01-27 20:14:00,2,1,48.75,85.0,55.0,48.72,48.8,48.75,0.0,0.0,0.0,45.0,48.8,0.0,1.0,0.0,120.0,48.8,741.53,0.88,0.0,0.0,18.08,27.81,16.71,73.58,62.74,100.0,73.57
2018-01-27 20:15:00,2,1,48.75,85.0,55.0,48.72,48.79,48.75,0.0,0.0,0.0,45.0,48.79,0.0,1.0,0.0,120.0,48.8,741.53,0.88,0.0,0.0,18.08,27.8,16.71,73.56,62.8,100.0,73.56
2018-01-27 20:16:00,2,1,48.74,85.0,55.0,48.72,48.79,48.74,0.0,0.0,0.0,45.0,48.79,0.0,1.0,0.0,120.0,48.79,741.53,0.88,0.0,0.0,18.08,27.78,16.71,73.55,62.85,100.0,73.54
2018-01-27 20:17:00,2,1,48.74,85.0,55.0,48.71,48.79,48.74,0.0,0.0,0.0,45.0,48.79,0.0,1.0,0.0,120.0,48.79,741.53,0.88,0.0,0.0,18.08,27.76,16.71,73.53,62.91,100.0,73.52
2018-01-27 20:18:00,2,1,48.74,85.0,55.0,48.71,48.79,48.74,0.0,0.0,0.0,45.0,48.79,0.0,1.0,0.0,120.0,48.79,741.53,0.88,0.0,0.0,18.08,27.74,16.71,73.51,62.96,100.0,73.51
2018-01-27 20:19:00,2,1,48.73,85.0,55.0,48.71,48.78,48.73,0.0,0.0,0.0,45.0,48.78,0.0,1.0,0.0,120.0,48.78,741.53,0.88,0.0,0.0,18.08,27.72,16.71,73.49,63.02,100.0,73.49
2018-01-27 20:20:00,2,1,48.73,85.0,55.0,48.7,48.78,48.73,0.0,0.0,0.0,45.0,48.78,0.0,1.0,0.0,120.0,48.78,741.53,0.88,0.0,0.0,18.08,27.7,16.71,73.48,63.07,100.0,73.47
2018-01-27 20:21:00,2,1,48.73,85.0,55.0,48.7,48.78,48.73,0.0,0.0,0.0,45.0,48.78,0.0,1.0,0.0,120.0,48.78,741.53,0.88,0.0,0.0,18.08,27.68,16.71,73.46,63.13,100.0,73.46
2018-01-27 20:22:00,2,1,48.72,85.0,55.0,48.7,48.77,48.72,0.0,0.0,0.0,45.0,48.77,0.0,1.0,0.0,120.0,48.77,741.53,0.88,0.0,0.0,18.08,27.66,16.71,73.44,63.18,100.0,73.44
2018-01-27 20:23:00,2,1,48.72,85.0,55.0,48.69,48.77,48.72,0.0,0.0,0.0,45.0,48.77,0.0,1.0,0.0,120.0,48.77,741.53,0.88,0.0,0.0,18.08,27.64,16.71,73.43,63.24,100.0,73.42
2018-01-27 20:24:00,2,1,48.72,85.0,55.0,48.69,48.77,48.72,0.0,0.0,0.0,45.0,48.77,0.0,1.0,0.0,120.0,48.77,741.53,0.88,0.0,0.0,18.08,27.63,16.71,73.41,63.29,100.0,73.4
2018-01-27 20:25:00,2,1,48.71,85.0,55.0,48.69,48.76,48.71,0.0,0.0,0.0,45.0,48.76,0.0,1.0,0.0,120.0,48.76,741.53,0.88,0.0,0.0,18.08,27.61,16.71,73.39,63.34,100.0,73.39
2018-01-27 20:26:00,2,1,48.71,85.0,55.0,48.68,48.76,48.71,0.0,0.0,0.0,45.0,48.76,0.0,1.0,0.0,120.0,48.76,741.53,0.88,0.0,0.0,18.08,27.59,16.71,73.38,63.4,100.0,73.37
2018-01-27 20:27:00,2,1,48.71,85.0,55.0,48.68,48.76,48.71,0.0,0.0,0.0,45.0,48.76,0.0,1.0,0.0,120.0,48.76,741.53,0.88,0.0,0.0,18.08,27.57,16.71,73.36,63.45,100.0,73.36
2018-01-27 20:28:00,2,1,48.7,85.0,55.0,48.68,48.75,48.7,0.0,0.0,0.0,45.0,48.75,0.0,1.0,0.0,120.0,48.75,741.53,0.88,0.0,0.0,18.08,27.55,16.71,73.34,63.5,100.0,73.34
2018-01-27 20:29:00,2,1,48.7,85.0,55.0,48.67,48.75,48.7,0.0,0.0,0.0,45.0,48.75,0.0,1.0,0.0,120.0,48.75,741.53,0.88,0.0,0.0,18.08,27.53,16.71,73.33,63.56,100.0,73.32
2018-01-27 20:30:00,2,1,48.7,85.0,55.0,48.67,48.74,48.7,0.0,0.0,0.0,45.0,48.74,0.0,1.0,0.0,120.0,48.75,741.53,0.88,0.0,0.0,18.08,27.51,16.71,73.31,63.61,100.0,73.31
2018-01-27 20:31:00,2,1,48.69,85.0,55.0,48.67,48.74,48.69,0.0,0.0,0.0,45.0,48.74,0.0,1.0,0.0,120.0,48.74,741.53,0.88,0.0,0.0,18.08,27.49,16.71,73.29,63.66,100.0,73.29
2018-01-27 20:32:00,2,1,48.69,85.0,55.0,48.66,48.74,48.69,0.0,0.0,0.0,45.0,48.74,0.0,1.0,0.0,120.0,48.74,741.53,0.88,0.0,0.0,18.08,27.47,16.71,73.28,63.71,100.0,73.27
2018-01-27 20:33:00,2,1,48.69,85.0,55.0,48.66,48.73,48.69,0.0,0.0,0.0,45.0,48.73,0.0,1.0,0.0,120.0,48.74,741.53,0.88,0.0,0.0,18.08,27.45,16.71,73.26,63.76,100.0,73.26
2018-01-27 20:34:00,2,1,48.68,85.0,55.0,48.66,48.73,48.68,0.0,0.0,0.0,45.0,48.73,0.0,1.0,0.0,120.0,48.73,741.53,0.88,0.0,0.0,18.08,27.43,16.71,73.25,63.82,100.0,73.24
2018-01-27 20:35:00,2,1,48.68,85.0,55.0,48.65,48.73,48.68,0.0,0.0,0.0,45.0,48.73,0.0,1.0,0.0,120.0,48.73,741.53,0.88,0.0,0.0,18.08,27.41,16.71,73.23,63.87,100.0,73.22
2018-01-27 20:36:00,2,1,48.68,85.0,55.0,48.65,48.72,48.68,0.0,0.0,0.0,45.0,48.72,0.0,1.0,0.0,120.0,48.72,741.53,0.88,0.0,0.0,18.08,27.39,16.71,73.21,63.92,100.0,73.21
2018-01-27 20:37:00,2,1,48.67,85.0,55.0,48.65,48.72,48.67,0.0,0.0,0.0,45.0,48.72,0.0,1.0,0.0,120.0,48.72,741.53,0.88,0.0,0.0,18.08,27.37,16.71,73.2,63.97,100.0,73.19
2018-01-27 20:38:00,2,1,48.67,85.0,55.0,48.64,48.72,48.67,0.0,0.0,0.0,45.0,48.72,0.0,1.0,0.0,120.0,48.72,741.53,0.88,0.0,0.0,18.08,27.35,16.71,73.18,64.02,100.0,73.17
2018-01-27 20:39:00,2,1,48.66,85.0,55.0,48.64,48.71,48.66,0.0,0.0,0.0,45.0,48.71,0.0,1.0,0.0,120.0,48.71,741.53,0.88,0.0,0.0,18.08,27.33,16.71,73.16,64.07,100.0,73.16
2018-01-27 20:40:00,2,1,48.66,85.0,55.0,48.64,48.71,48.66,0.0,0.0,0.0,45.0,48.71,0.0,1.0,0.0,120.0,48.71,741.53,0.88,0.0,0.0,18.08,27.32,16.71,73.15,64.11,100.0,73.14
2018-01-27 20:41:00,2,1,48.66,85.0,55.0,48.63,48.71,48.66,0.0,0.0,0.0,45.0,48.71,0.0,1.0,0.0,120.0,48.71,741.53,0.88,0.0,0.0,18.08,27.3,16.71,73.13,64.16,100.0,73.13
2018-01-27 20:42:00,2,1,48.65,85.0,55.0,48.63,48.7,48.65,0.0,0.0,0.0,45.0,48.7,0.0,1.0,0.0,120.0,48.7,741.53,0.88,0.0,0.0,18.08,27.28,16.71,73.12,64.21,100.0,73.11
2018-01-27 20:43:00,2,1,48.65,85.0,55.0,48.63,48.7,48.65,0.0,0.0,0.0,45.0,48.7,0.0,1.0,0.0,120.0,48.7,741.53,0.88,0.0,0.0,18.08,27.26,16.71,73.1,64.26,100.0,73.09
2018-01-27 20:44:00,2,1,48.65,85.0,55.0,48.62,48.7,48.65,0.0,0.0,0.0,45.0,48.7,0.0,1.0,0.0,120.0,48.7,741.53,0.88,0.0,0.0,18.08,27.24,16.71,73.08,64.3,100.0,73.08
2018-01-27 20:45:00,2,1,48.64,85.0,55.0,48.62,48.69,48.64,0.0,0.0,0.0,45.0,48.69,0.0,1.0,0.0,120.0,48.69,741.53,0.88,0.0,0.0,18.08,27.22,16.71,73.07,64.35,100.0,73.06
2018-01-27 20:46:00,2,1,48.64,85.0,55.0,48.61,48.69,48.64,0.0,0.0,0.0,45.0,48.69,0.0,1.0,0.0,120.0,48.69,741.53,0.88,0.0,0.0,18.08,27.2,16.71,73.05,64.4,100.0,73.04
2018-01-27 20:47:00,2,1,48.64,85.0,55.0,48.61,48.69,48.64,0.0,0.0,0.0,45.0,48.69,0.0,1.0,0.0,120.0,48.69,741.53,0.88,0.0,0.0,18.08,27.19,16.71,73.03,64.44,100.0,73.03
2018-01-27 20:48:00,2,1,48.63,85.0,55.0,48.61,48.68,48.63,0.0,0.0,0.0,45.0,48.68,0.0,1.0,0.0,120.0,48.68,741.53,0.88,0.0,0.0,18.08,27.17,16.71,73.02,64.49,100.0,73.01
2018-01-27 20:49:00,2,1,48.63,85.0,55.0,48.6,48.68,48.63,0.0,0.0,0.0,45.0,48.68,0.0,1.0,0.0,120.0,48.68,741.53,0.88,0.0,0.0,18.08,27.15,16.71,73.0,64.53,100.0,73.0
2018-01-27 20:50:00,2,1,48.63,85.0,55.0,48.6,48.67,48.63,0.0,0.0,0.0,45.0,48.67,0.0,1.0,0.0,120.0,48.68,741.53,0.88,0.0,0.0,18.08,27.13,16.71,72.99,64.57,100.0,72.98
2018-01-27 20:51:00,2,1,48.62,85.0,55.0,48.6,48.67,48.62,0.0,0.0,0.0,45.0,48.67,0.0,1.0,0.0,120.0,48.67,741.53,0.88,0.0,0.0,18.08,27.11,16.71,72.97,64.62,100.0,72.96
2018-01-27 20:52:00,2,1,48.62,85.0,55.0,48.59,48.67,48.62,0.0,0.0,0.0,45.0,48.67,0.0,1.0,0.0,120.0,48.67,741.53,0.88,0.0,0.0,18.08,27.1,16.71,72.95,64.66,100.0,72.95
2018-01-27 20:53:00,2,1,48.62,85.0,55.0,48.59,48.66,48.62,0.0,0.0,0.0,45.0,48.66,0.0,1.0,0.0,120.0,48.66,741.53,0.88,0.0,0.0,18.08,27.08,16.71,72.94,64.7,100.0,72.93
2018-01-27 20:54:00,2,1,48.61,85.0,55.0,48.59,48.66,48.61,0.0,0.0,0.0,45.0,48.66,0.0,1.0,0.0,120.0,48.66,741.53,0.88,0.0,0.0,18.08,27.06,16.71,72.92,64.74,100.0,72.91
2018-01-27 20:55:00,2,1,48.61,85.0,55.0,48.58,48.66,48.61,0.0,0.0,0.0,45.0,48.66,0.0,1.0,0.0,120.0,48.66,741.53,0.88,0.0,0.0,18.08,27.05,16.71,72.9,64.78,100.0,72.9
2018-01-27 20:56:00,2,1,48.6,85.0,55.0,48.58,48.65,48.6,0.0,0.0,0.0,45.0,48.65,0.0,1.0,0.0,120.0,48.65,741.53,0.88,0.0,0.0,18.08,27.03,16.71,72.89,64.82,100.0,72.88
2018-01-27 20:57:00,2,1,48.6,85.0,55.0,48.58,48.65,48.6,0.0,0.0,0.0,45.0,48.65,0.0,1.0,0.0,120.0,48.65,741.53,0.88,0.0,0.0,18.08,27.01,16.71,72.87,64.86,100.0,72.87
2018-01-27 20:58:00,2,1,48.6,85.0,55.0,48.57,48.65,48.6,0.0,0.0,0.0,45.0,48.65,0.0,1.0,0.0,120.0,48.65,741.53,0.88,0.0,0.0,18.08,27.0,16.71,72.86,64.9,100.0,72.85
2018-01-27 20:59:00,2,1,48.59,85.0,55.0,48.57,48.64,48.59,0.0,0.0,0.0,45.0,48.64,0.0,1.0,0.0,120.0,48.64,741.53,0.88,0.0,0.0,18.08,26.98,16.71,72.84,64.93,100.0,72.83
2018-01-27 21:00:00,2,1,48.59,85.0,55.0,48.57,48.64,48.59,0.0,0.0,0.0,45.0,48.64,0.0,1.0,0.0,120.0,48.64,741.53,0.88,0.0,0.0,18.08,26.97,16.71,72.82,64.97,100.0,72.82
2018-01-27 21:01:00,2,1,48.59,85.0,55.0,48.56,48.64,48.59,0.0,0.0,0.0,45.0,48.64,0.0,1.0,0.0,120.0,48.64,741.53,0.88,0.0,0.0,18.08,26.96,16.71,72.81,64.99,100.0,72.8
2018-01-27 21:02:00,2,1,48.58,85.0,55.0,48.56,48.63,48.58,0.0,0.0,0.0,45.0,48.63,0.0,1.0,0.0,120.0,48.63,741.53,0.88,0.0,0.0,18.08,26.95,16.71,72.79,65.01,100.0,72.78
2018-01-27 21:03:00,2,1,48.58,85.0,55.0,48.56,48.63,48.58,0.0,0.0,0.0,45.0,48.63,0.0,1.0,0.0,120.0,48.63,741.53,0.88,0.0,0.0,18.08,26.95,16.71,72.77,65.03,100.0,72.77
2018-01-27 21:04:00,2,1,48.58,85.0,55.0,48.55,48.63,48.58,0.0,0.0,0.0,45.0,48.63,0.0,1.0,0.0,120.0,48.63,741.53,0.88,0.0,0.0,18.08,26.94,16.71,72.76,65.04,100.0,72.75
2018-01-27 21:05:00,2,1,48.57,85.0,55.0,48.55,48.62,48.57,0.0,0.0,0.0,45.0,48.62,0.0,1.0,0.0,120.0,48.62,741.53,0.88,0.0,0.0,18.08,26.94,16.71,72.74,65.06,100.0,72.73
2018-01-27 21:06:00,2,1,48.57,85.0,55.0,48.55,48.62,48.57,0.0,0.0,0.0,45.0,48.62,0.0,1.0,0.0,120.0,48.62,741.53,0.88,0.0,0.0,18.08,26.93,16.71,72.72,65.07,100.0,72.72
2018-01-27 21:07:00,2,1,48.57,85.0,55.0,48.54,48.62,48.57,0.0,0.0,0.0,45.0,48.62,0.0,1.0,0.0,120.0,48.62,741.53,0.88,0.0,0.0,18.08,26.93,16.71,72.71,65.08,100.0,72.7
2018-01-27 21:08:00,2,1,48.56,85.0,55.0,48.54,48.61,48.56,0.0,0.0,0.0,45.0,48.61,0.0,1.0,0.0,120.0,48.61,741.53,0.88,0.0,0.0,18.08,26.92,16.71,72.69,65.1,100.0,72.68
2018-01-27 21:09:00,2,1,48.56,85.0,55.0,48.54,48.61,48.56,0.0,0.0,0.0,45.0,48.61,0.0,1.0,0.0,120.0,48.61,741.53,0.88,0.0,0.0,18.08,26.92,16.71,72.67,65.11,100.0,72.67
2018-01-27 21:10:00,2,1,48.56,85.0,55.0,48.53,48.61,48.56,0.0,0.0,0.0,45.0,48.61,0.0,1.0,0.0,120.0,48.61,741.53,0.88,0.0,0.0,18.08,26.92,16.71,72.66,65.12,100.0,72.65
2018-01-27 21:11:00,2,1,48.56,85.0,55.0,48.53,48.6,48.56,0.0,0.0,0.0,45.0,48.6,0.0,1.0,0.0,120.0,48.6,741.53,0.88,0.0,0.0,18.08,26.91,16.71,72.64,65.13,100.0,72.63
2018-01-27 21:12:00,2,1,48.55,85.0,55.0,48.53,48.6,48.55,0.0,0.0,0.0,45.0,48.6,0.0,1.0,0.0,120.0,48.6,741.53,0.88,0.0,0.0,18.08,26.91,16.71,72.62,65.14,100.0,72.61
2018-01-27 21:13:00,2,1,48.55,85.0,55.0,48.52,48.6,48.55,0.0,0.0,0.0,45.0,48.6,0.0,1.0,0.0,120.0,48.6,741.53,0.88,0.0,0.0,18.08,26.91,16.71,72.6,65.14,100.0,72.6
2018-01-27 21:14:00,2,1,48.55,85.0,55.0,48.52,48.59,48.55,0.0,0.0,0.0,45.0,48.59,0.0,1.0,0.0,120.0,48.6,741.53,0.88,0.0,0.0,18.08,26.9,16.71,72.59,65.15,100.0,72.58
2018-01-27 21:15:00,2,1,48.54,85.0,55.0,48.52,48.59,48.54,0.0,0.0,0.0,45.0,48.59,0.0,1.0,0.0,120.0,48.59,741.53,0.88,0.0,0.0,18.08,26.9,16.71,72.57,65.16,100.0,72.56
2018-01-27 21:16:00,2,1,48.54,85.0,55.0,48.51,48.59,48.54,0.0,0.0,0.0,45.0,48.59,0.0,1.0,0.0,120.0,48.59,741.53,0.88,0.0,0.0,18.08,26.9,16.71,72.55,65.17,100.0,72.54
2018-01-27 21:17:00,2,1,48.54,85.0,55.0,48.51,48.59,48.54,0.0,0.0,0.0,45.0,48.59,0.0,1.0,0.0,120.0,48.59,741.53,0.88,0.0,0.0,18.08,26.9,16.71,72.53,65.17,100.0,72.53
2018-01-27 21:18:00,2,1,48.53,85.0,55.0,48.51,48.58,48.53,0.0,0.0,0.0,45.0,48.58,0.0,1.0,0.0,120.0,48.58,741.53,0.88,0.0,0.0,18.08,26.9,16.71,72.52,65.18,100.0,72.51
2018-01-27 21:19:00,2,1,48.53,85.0,55.0,48.51,48.58,48.53,0.0,0.0,0.0,45.0,48.58,0.0,1.0,0.0,120.0,48.58,741.53,0.88,0.0,0.0,18.08,26.9,16.71,72.5,65.18,100.0,72.49
2018-01-27 21:20:00,2,1,48.53,85.0,55.0,48.5,48.58,48.53,0.0,0.0,0.0,45.0,48.58,0.0,1.0,0.0,120.0,48.58,741.53,0.88,0.0,0.0,18.08,26.89,16.71,72.48,65.18,100.0,72.47
2018-01-27 21:21:00,2,1,48.53,85.0,55.0,48.5,48.57,48.53,0.0,0.0,0.0,45.0,48.57,0.0,1.0,0.0,120.0,48.57,741.53,0.88,0.0,0.0,18.08,26.89,16.71,72.46,65.19,100.0,72.46
2018-01-27 21:22:00,2,1,48.52,85.0,55.0,48.5,48.57,48.52,0.0,0.0,0.0,45.0,48.57,0.0,1.0,0.0,120.0,48.57,741.53,0.88,0.0,0.0,18.08,26.89,16.71,72.45,65.19,100.0,72.44
2018-01-27 21:23:00,2,1,48.52,85.0,55.0,48.49,48.57,48.52,0.0,0.0,0.0,45.0,48.57,0.0,1.0,0.0,120.0,48.57,741.53,0.88,0.0,0.0,18.08,26.89,16.71,72.43,65.19,100.0,72.42
2018-01-27 21:24:00,2,1,48.52,85.0,55.0,48.49,48.57,48.52,0.0,0.0,0.0,45.0,48.57,0.0,1.0,0.0,120.0,48.57,741.53,0.88,0.0,0.0,18.08,26.89,16.71,72.41,65.19,100.0,72.4
2018-01-27 21:25:00,2,1,48.51,85.0,55.0,48.49,48.56,48.51,0.0,0.0,0.0,45.0,48.56,0.0,1.0,0.0,120.0,48.56,741.53,0.88,0.0,0.0,18.08,26.89,16.71,72.39,65.19,100.0,72.39
2018-01-27 21:26:00,2,1,48.51,85.0,55.0,48.49,48.56,48.51,0.0,0.0,0.0,45.0,48.56,0.0,1.0,0.0,120.0,48.56,741.53,0.88,0.0,0.0,18.08,26.89,16.71,72.38,65.19,100.0,72.37
2018-01-27 21:27:00,2,1,48.51,85.0,55.0,48.48,48.56,48.51,0.0,0.0,0.0,45.0,48.56,0.0,1.0,0.0,120.0,48.56,741.53,0.88,0.0,0.0,18.08,26.89,16.71,72.36,65.19,100.0,72.35
2018-01-27 21:28:00,2,1,48.51,85.0,55.0,48.48,48.55,48.51,0.0,0.0,0.0,45.0,48.55,0.0,1.0,0.0,120.0,48.56,741.53,0.88,0.0,0.0,18.08,26.89,16.71,72.34,65.19,100.0,72.33
2018-01-27 21:29:00,2,1,48.5,85.0,55.0,48.48,48.55,48.5,0.0,0.0,0.0,45.0,48.55,0.0,1.0,0.0,120.0,48.55,741.53,0.88,0.0,0.0,18.08,26.89,16.71,72.32,65.19,100.0,72.31
2018-01-27 21:30:00,2,1,48.5,85.0,55.0,48.48,48.55,48.5,0.0,0.0,0.0,45.0,48.55,0.0,1.0,0.0,120.0,48.55,741.53,0.88,0.0,0.0,18.08,26.89,16.71,72.3,65.19,100.0,72.3
2018-01-27 21:31:00,2,1,48.5,85.0,55.0,48.47,48.55,48.5,0.0,0.0,0.0,45.0,48.55,0.0,1.0,0.0,120.0,48.55,741.53,0.88,0.0,0.0,18.08,26.89,16.71,72.29,65.19,100.0,72.28
2018-01-27 21:32:00,2,1,48.5,85.0,55.0,48.47,48.54,48.5,0.0,0.0,0.0,45.0,48.54,0.0,1.0,0.0,120.0,48.54,741.53,0.88,0.0,0.0,18.08,26.89,16.71,72.27,65.18,100.0,72.26
2018-01-27 21:33:00,2,1,48.49,85.0,55.0,48.47,48.54,48.49,0.0,0.0,0.0,45.0,48.54,0.0,1.0,0.0,120.0,48.54,741.53,0.88,0.0,0.0,18.08,26.89,16.71,72.25,65.18,100.0,72.24
2018-01-27 21:34:00,2,1,48.49,85.0,55.0,48.46,48.54,48.49,0.0,0.0,0.0,45.0,48.54,0.0,1.0,0.0,120.0,48.54,741.53,0.88,0.0,0.0,18.08,26.9,16.71,72.23,65.18,100.0,72.22
2018-01-27 21:35:00,2,1,48.49,85.0,55.0,48.46,48.54,48.49,0.0,0.0,0.0,45.0,48.54,0.0,1.0,0.0,120.0,48.54,741.53,0.88,0.0,0.0,18.08,26.9,16.71,72.21,65.17,100.0,72.21
2018-01-27 21:36:00,2,1,48.49,85.0,55.0,48.46,48.53,48.49,0.0,0.0,0.0,45.0,48.53,0.0,1.0,0.0,120.0,48.53,741.53,0.88,0.0,0.0,18.08,26.9,16.71,72.2,65.17,100.0,72.19
2018-01-27 21:37:00,2,1,48.48,85.0,55.0,48.46,48.53,48.48,0.0,0.0,0.0,45.0,48.53,0.0,1.0,0.0,120.0,48.53,741.53,0.88,0.0,0.0,18.08,26.9,16.71,72.18,65.16,100.0,72.17
2018-01-27 21:38:00,2,1,48.48,85.0,55.0,48.45,48.53,48.48,0.0,0.0,0.0,45.0,48.53,0.0,1.0,0.0,120.0,48.53,741.53,0.88,0.0,0.0,18.08,26.9,16.71,72.16,65.16,100.0,72.15
2018-01-27 21:39:00,2,1,48.48,85.0,55.0,48.45,48.53,48.48,0.0,0.0,0.0,45.0,48.53,0.0,1.0,0.0,120.0,48.53,741.53,0.88,0.0,0.0,18.08,26.9,16.71,72.14,65.15,100.0,72.13
2018-01-27 21:40:00,2,1,48.47,85.0,55.0,48.45,48.52,48.47,0.0,0.0,0.0,45.0,48.52,0.0,1.0,0.0,120.0,48.52,741.53,0.88,0.0,0.0,18.08,26.91,16.71,72.12,65.15,100.0,72.12
2018-01-27 21:41:00,2,1,48.47,85.0,55.0,48.45,48.52,48.47,0.0,0.0,0.0,45.0,48.52,0.0,1.0,0.0,120.0,48.52,741.53,0.88,0.0,0.0,18.08,26.91,16.71,72.1,65.14,100.0,72.1
2018-01-27 21:42:00,2,1,48.47,85.0,55.0,48.44,48.52,48.47,0.0,0.0,0.0,45.0,48.52,0.0,1.0,0.0,120.0,48.52,741.53,0.88,0.0,0.0,18.08,26.91,16.71,72.09,65.14,100.0,72.08
2018-01-27 21:43:00,2,1,48.47,85.0,55.0,48.44,48.52,48.47,0.0,0.0,0.0,45.0,48.52,0.0,1.0,0.0,120.0,48.52,741.53,0.88,0.0,0.0,18.08,26.91,16.71,72.07,65.13,100.0,72.06
2018-01-27 21:44:00,2,1,48.46,85.0,55.0,48.44,48.51,48.46,0.0,0.0,0.0,45.0,48.51,0.0,1.0,0.0,120.0,48.51,741.53,0.88,0.0,0.0,18.08,26.91,16.71,72.05,65.12,100.0,72.04
2018-01-27 21:45:00,2,1,48.46,85.0,55.0,48.44,48.51,48.46,0.0,0.0,0.0,45.0,48.51,0.0,1.0,0.0,120.0,48.51,741.53,0.88,0.0,0.0,18.08,26.92,16.71,72.03,65.11,100.0,72.02
2018-01-27 21:46:00,2,1,48.46,85.0,55.0,48.43,48.51,48.46,0.0,0.0,0.0,45.0,48.51,0.0,1.0,0.0,120.0,48.51,741.53,0.88,0.0,0.0,18.08,26.92,16.71,72.01,65.11,100.0,72.01
2018-01-27 21:47:00,2,1,48.46,85.0,55.0,48.43,48.51,48.46,0.0,0.0,0.0,45.0,48.51,0.0,1.0,0.0,120.0,48.51,741.53,0.88,0.0,0.0,18.08,26.92,16.71,72.0,65.1,100.0,71.99
2018-01-27 21:48:00,2,1,48.45,85.0,55.0,48.43,48.5,48.45,0.0,0.0,0.0,45.0,48.5,0.0,1.0,0.0,120.0,48.5,741.53,0.88,0.0,0.0,18.08,26.92,16.71,71.98,65.09,100.0,71.97
2018-01-27 21:49:00,2,1,48.45,85.0,55.0,48.43,48.5,48.45,0.0,0.0,0.0,45.0,48.5,0.0,1.0,0.0,120.0,48.5,741.53,0.88,0.0,0.0,18.08,26.93,16.71,71.96,65.08,100.0,71.95
2018-01-27 21:50:00,2,1,48.45,85.0,55.0,48.42,48.5,48.45,0.0,0.0,0.0,45.0,48.5,0.0,1.0,0.0,120.0,48.5,741.53,0.88,0.0,0.0,18.08,26.93,16.71,71.94,65.08,100.0,71.93
2018-01-27 21:51:00,2,1,48.45,85.0,55.0,48.42,48.5,48.45,0.0,0.0,0.0,45.0,48.5,0.0,1.0,0.0,120.0,48.5,741.53,0.88,0.0,0.0,18.08,26.93,16.71,71.92,65.07,100.0,71.92
2018-01-27 21:52:00,2,1,48.44,85.0,55.0,48.42,48.49,48.44,0.0,0.0,0.0,45.0,48.49,0.0,1.0,0.0,120.0,48.49,741.53,0.88,0.0,0.0,18.08,26.94,16.71,71.9,65.06,100.0,71.9
2018-01-27 21:53:00,2,1,48.44,85.0,55.0,48.42,48.49,48.44,0.0,0.0,0.0,45.0,48.49,0.0,1.0,0.0,120.0,48.49,741.53,0.88,0.0,0.0,18.08,26.94,16.71,71.89,65.05,100.0,71.88
2018-01-27 21:54:00,2,1,48.44,85.0,55.0,48.41,48.49,48.44,0.0,0.0,0.0,45.0,48.49,0.0,1.0,0.0,120.0,48.49,741.53,0.88,0.0,0.0,18.08,26.94,16.71,71.87,65.04,100.0,71.86
2018-01-27 21:55:00,2,1,48.44,85.0,55.0,48.41,48.49,48.44,0.0,0.0,0.0,45.0,48.49,0.0,1.0,0.0,120.0,48.49,741.53,0.88,0.0,0.0,18.08,26.94,16.71,71.85,65.03,100.0,71.84
2018-01-27 21:56:00,2,1,48.43,85.0,55.0,48.41,48.48,48.43,0.0,0.0,0.0,45.0,48.48,0.0,1.0,0.0,120.0,48.48,741.53,0.88,0.0,0.0,18.08,26.95,16.71,71.83,65.03,100.0,71.82
2018-01-27 21:57:00,2,1,48.43,85.0,55.0,48.41,48.48,48.43,0.0,0.0,0.0,45.0,48.48,0.0,1.0,0.0,120.0,48.48,741.53,0.88,0.0,0.0,18.08,26.95,16.71,71.81,65.02,100.0,71.81
2018-01-27 21:58:00,2,1,48.43,85.0,55.0,48.4,48.48,48.43,0.0,0.0,0.0,45.0,48.48,0.0,1.0,0.0,120.0,48.48,741.53,0.88,0.0,0.0,18.08,26.95,16.71,71.79,65.01,100.0,71.79
2018-01-27 21:59:00,2,1,48.43,85.0,55.0,48.4,48.48,48.43,0.0,0.0,0.0,45.0,48.48,0.0,1.0,0.0,120.0,48.48,741.53,0.88,0.0,0.0,18.08,26.96,16.71,71.78,65.0,100.0,71.77
2018-01-27 22:00:00,2,1,48.43,85.0,55.0,48.4,48.47,48.43,0.0,0.0,0.0,45.0,48.47,0.0,1.0,0.0,120.0,48.47,741.53,0.88,0.0,0.0,18.08,26.96,16.71,71.76,64.99,100.0,71.75
2018-01-27 22:01:00,2,1,48.42,85.0,55.0,48.4,48.47,48.42,0.0,0.0,0.0,45.0,48.47,0.0,1.0,0.0,120.0,48.47,741.53,0.88,0.0,0.0,18.08,26.97,16.71,71.74,64.89,100.0,71.73
2018-01-27 22:02:00,2,1,48.42,85.0,55.0,48.39,48.47,48.42,0.0,0.0,0.0,45.0,48.47,0.0,1.0,0.0,120.0,48.47,741.53,0.88,0.0,0.0,18.08,26.98,16.71,71.72,64.73,100.0,71.71
2018-01-27 22:03:00,2,1,48.42,85.0,55.0,48.39,48.47,48.42,0.0,0.0,0.0,45.0,48.47,0.0,1.0,0.0,120.0,48.47,741.53,0.88,0.0,0.0,18.08,26.99,16.71,71.7,64.56,100.0,71.7
2018-01-27 22:04:00,2,1,48.42,85.0,55.0,48.39,48.46,48.42,0.0,0.0,0.0,45.0,48.46,0.0,1.0,0.0,120.0,48.46,741.53,0.88,0.0,0.0,18.08,27.0,16.71,71.68,64.4,100.0,71.68
2018-01-27 22:05:00,2,1,48.41,85.0,55.0,48.39,48.46,48.41,0.0,0.0,0.0,45.0,48.46,0.0,1.0,0.0,120.0,48.46,741.53,0.88,0.0,0.0,18.08,27.01,16.71,71.67,64.23,100.0,71.66
2018-01-27 22:06:00,2,1,48.41,85.0,55.0,48.39,48.46,48.41,0.0,0.0,0.0,45.0,48.46,0.0,1.0,0.0,120.0,48.46,741.53,0.88,0.0,0.0,18.08,27.02,16.71,71.65,64.07,100.0,71.64
2018-01-27 22:07:00,2,1,48.41,85.0,55.0,48.38,48.46,48.41,0.0,0.0,0.0,45.0,48.46,0.0,1.0,0.0,120.0,48.46,741.53,0.88,0.0,0.0,18.08,27.03,16.71,71.63,63.91,100.0,71.62
2018-01-27 22:08:00,2,1,48.41,85.0,55.0,48.38,48.45,48.41,0.0,0.0,0.0,45.0,48.45,0.0,1.0,0.0,120.0,48.46,741.53,0.88,0.0,0.0,18.08,27.04,16.71,71.61,63.75,100.0,71.6
2018-01-27 22:09:00,2,1,48.4,85.0,55.0,48.38,48.45,48.4,0.0,0.0,0.0,45.0,48.45,0.0,1.0,0.0,120.0,48.45,741.53,0.88,0.0,0.0,18.08,27.05,16.71,71.59,63.59,100.0,71.58
2018-01-27 22:10:00,2,1,48.4,85.0,55.0,48.38,48.45,48.4,0.0,0.0,0.0,45.0,48.45,0.0,1.0,0.0,120.0,48.45,741.53,0.88,0.0,0.0,18.08,27.06,16.71,71.57,63.44,100.0,71.56
2018-01-27 22:11:00,2,1,48.4,85.0,55.0,48.38,48.45,48.4,0.0,0.0,0.0,45.0,48.45,0.0,1.0,0.0,120.0,48.45,741.53,0.88,0.0,0.0,18.08,27.07,16.71,71.55,63.29,100.0,71.54
2018-01-27 22:12:00,2,1,48.4,85.0,55.0,48.37,48.45,48.4,0.0,0.0,0.0,45.0,48.45,0.0,1.0,0.0,120.0,48.45,741.53,0.88,0.0,0.0,18.08,27.08,16.71,71.53,63.14,100.0,71.52
2018-01-27 22:13:00,2,1,48.4,85.0,55.0,48.37,48.44,48.4,0.0,0.0,0.0,45.0,48.44,0.0,1.0,0.0,120.0,48.44,741.53,0.88,0.0,0.0,18.08,27.09,16.71,71.51,62.99,100.0,71.5
2018-01-27 22:14:00,2,1,48.39,85.0,55.0,48.37,48.44,48.39,0.0,0.0,0.0,45.0,48.44,0.0,1.0,0.0,120.0,48.44,741.53,0.88,0.0,0.0,18.08,27.1,16.71,71.49,62.85,100.0,71.49
2018-01-27 22:15:00,2,1,48.39,85.0,55.0,48.37,48.44,48.39,0.0,0.0,0.0,45.0,48.44,0.0,1.0,0.0,120.0,48.44,741.53,0.88,0.0,0.0,18.08,27.11,16.71,71.47,62.72,100.0,71.47
2018-01-27 22:16:00,2,1,48.39,85.0,55.0,48.37,48.44,48.39,0.0,0.0,0.0,45.0,48.44,0.0,1.0,0.0,120.0,48.44,741.53,0.88,0.0,0.0,18.08,27.12,16.71,71.45,62.58,100.0,71.45
2018-01-27 22:17:00,2,1,48.39,85.0,55.0,48.36,48.44,48.39,0.0,0.0,0.0,45.0,48.44,0.0,1.0,0.0,120.0,48.44,741.53,0.88,0.0,0.0,18.08,27.13,16.71,71.43,62.45,100.0,71.43
2018-01-27 22:18:00,2,1,48.39,85.0,55.0,48.36,48.43,48.39,0.0,0.0,0.0,45.0,48.43,0.0,1.0,0.0,120.0,48.43,741.53,0.88,0.0,0.0,18.08,27.14,16.71,71.41,62.33,100.0,71.41
2018-01-27 22:19:00,2,1,48.38,85.0,55.0,48.36,48.43,48.38,0.0,0.0,0.0,45.0,48.43,0.0,1.0,0.0,120.0,48.43,741.53,0.88,0.0,0.0,18.08,27.14,16.71,71.39,62.21,100.0,71.39
2018-01-27 22:20:00,2,1,48.38,85.0,55.0,48.36,48.43,48.38,0.0,0.0,0.0,45.0,48.43,0.0,1.0,0.0,120.0,48.43,741.53,0.88,0.0,0.0,18.08,27.15,16.71,71.37,62.1,100.0,71.37
2018-01-27 22:21:00,2,1,48.38,85.0,55.0,48.36,48.43,48.38,0.0,0.0,0.0,45.0,48.43,0.0,1.0,0.0,120.0,48.43,741.53,0.88,0.0,0.0,18.08,27.16,16.71,71.36,61.99,100.0,71.35
2018-01-27 22:22:00,2,1,48.38,85.0,55.0,48.35,48.43,48.38,0.0,0.0,0.0,45.0,48.43,0.0,1.0,0.0,120.0,48.43,741.53,0.88,0.0,0.0,18.08,27.17,16.71,71.34,61.88,100.0,71.33
2018-01-27 22:23:00,2,1,48.38,85.0,55.0,48.35,48.42,48.38,0.0,0.0,0.0,45.0,48.42,0.0,1.0,0.0,120.0,48.42,741.53,0.88,0.0,0.0,18.08,27.17,16.71,71.32,61.79,100.0,71.31
2018-01-27 22:24:00,2,1,48.37,85.0,55.0,48.35,48.42,48.37,0.0,0.0,0.0,45.0,48.42,0.0,1.0,0.0,120.0,48.42,741.53,0.88,0.0,0.0,18.08,27.18,16.71,71.3,61.7,100.0,71.29
2018-01-27 22:25:00,2,1,48.37,85.0,55.0,48.35,48.42,48.37,0.0,0.0,0.0,45.0,48.42,0.0,1.0,0.0,120.0,48.42,741.53,0.88,0.0,0.0,18.08,27.18,16.71,71.28,61.61,100.0,71.27
2018-01-27 22:26:00,2,1,48.37,85.0,55.0,48.34,48.42,48.37,0.0,0.0,0.0,45.0,48.42,0.0,1.0,0.0,120.0,48.42,741.53,0.88,0.0,0.0,18.08,27.19,16.71,71.26,61.53,100.0,71.25
2018-01-27 22:27:00,2,1,48.37,85.0,55.0,48.34,48.42,48.37,0.0,0.0,0.0,45.0,48.42,0.0,1.0,0.0,120.0,48.42,741.53,0.88,0.0,0.0,18.08,27.19,16.71,71.24,61.46,100.0,71.23
2018-01-27 22:28:00,2,1,48.37,85.0,55.0,48.34,48.41,48.37,0.0,0.0,0.0,45.0,48.41,0.0,1.0,0.0,120.0,48.41,741.53,0.88,0.0,0.0,18.08,27.2,16.71,71.22,61.4,100.0,71.21
2018-01-27 22:29:00,2,1,48.36,85.0,55.0,48.34,48.41,48.36,0.0,0.0,0.0,45.0,48.41,0.0,1.0,0.0,120.0,48.41,741.53,0.88,0.0,0.0,18.08,27.2,16.71,71.2,61.34,100.0,71.19
2018-01-27 22:30:00,2,1,48.36,85.0,55.0,48.34,48.41,48.36,0.0,0.0,0.0,45.0,48.41,0.0,1.0,0.0,120.0,48.41,741.53,0.88,0.0,0.0,18.08,27.21,16.71,71.18,61.29,100.0,71.17
2018-01-27 22:31:00,2,1,48.36,85.0,55.0,48.33,48.41,48.36,0.0,0.0,0.0,45.0,48.41,0.0,1.0,0.0,120.0,48.41,741.53,0.88,0.0,0.0,18.08,27.21,16.71,71.16,61.25,100.0,71.16
2018-01-27 22:32:00,2,1,48.36,85.0,55.0,48.33,48.41,48.36,0.0,0.0,0.0,45.0,48.41,0.0,1.0,0.0,120.0,48.41,741.53,0.88,0.0,0.0,18.08,27.21,16.71,71.14,61.22,100.0,71.14
2018-01-27 22:33:00,2,1,48.36,85.0,55.0,48.33,48.4,48.36,0.0,0.0,0.0,45.0,48.4,0.0,1.0,0.0,120.0,48.4,741.53,0.88,0.0,0.0,18.08,27.21,16.71,71.12,61.2,100.0,71.12
2018-01-27 22:34:00,2,1,48.35,85.0,55.0,48.33,48.4,48.35,0.0,0.0,0.0,45.0,48.4,0.0,1.0,0.0,120.0,48.4,741.53,0.88,0.0,0.0,18.08,27.21,16.71,71.1,61.18,100.0,71.1
2018-01-27 22:35:00,2,1,48.35,85.0,55.0,48.33,48.4,48.35,0.0,0.0,0.0,45.0,48.4,0.0,1.0,0.0,120.0,48.4,741.53,0.88,0.0,0.0,18.08,27.21,16.71,71.08,61.18,100.0,71.08
2018-01-27 22:36:00,2,1,48.35,85.0,55.0,48.32,48.4,48.35,0.0,0.0,0.0,45.0,48.4,0.0,1.0,0.0,120.0,48.4,741.53,0.88,0.0,0.0,18.08,27.21,16.71,71.07,61.18,100.0,71.06
2018-01-27 22:37:00,2,1,48.35,85.0,55.0,48.32,48.39,48.35,0.0,0.0,0.0,45.0,48.39,0.0,1.0,0.0,120.0,48.4,741.53,0.88,0.0,0.0,18.08,27.21,16.71,71.05,61.2,100.0,71.04
2018-01-27 22:38:00,2,1,48.34,85.0,55.0,48.32,48.39,48.34,0.0,0.0,0.0,45.0,48.39,0.0,1.0,0.0,120.0,48.39,741.53,0.88,0.0,0.0,18.08,27.21,16.71,71.03,61.22,100.0,71.02
2018-01-27 22:39:00,2,1,48.34,85.0,55.0,48.32,48.39,48.34,0.0,0.0,0.0,45.0,48.39,0.0,1.0,0.0,120.0,48.39,741.53,0.88,0.0,0.0,18.08,27.21,16.71,71.01,61.25,100.0,71.0
2018-01-27 22:40:00,2,1,48.34,85.0,55.0,48.31,48.39,48.34,0.0,0.0,0.0,45.0,48.39,0.0,1.0,0.0,120.0,48.39,741.53,0.88,0.0,0.0,18.08,27.21,16.71,70.99,61.3,100.0,70.98
2018-01-27 22:41:00,2,1,48.34,85.0,55.0,48.31,48.39,48.34,0.0,0.0,0.0,45.0,48.39,0.0,1.0,0.0,120.0,48.39,741.53,0.88,0.0,0.0,18.08,27.2,16.71,70.97,61.35,100.0,70.97
2018-01-27 22:42:00,2,1,48.33,85.0,55.0,48.31,48.38,48.33,0.0,0.0,0.0,45.0,48.38,0.0,1.0,0.0,120.0,48.38,741.53,0.88,0.0,0.0,18.08,27.2,16.71,70.95,61.42,100.0,70.95
2018-01-27 22:43:00,2,1,48.33,85.0,55.0,48.31,48.38,48.33,0.0,0.0,0.0,45.0,48.38,0.0,1.0,0.0,120.0,48.38,741.53,0.88,0.0,0.0,18.08,27.19,16.71,70.93,61.49,100.0,70.93
2018-01-27 22:44:00,2,1,48.33,85.0,55.0,48.3,48.38,48.33,0.0,0.0,0.0,45.0,48.38,0.0,1.0,0.0,120.0,48.38,741.53,0.88,0.0,0.0,18.08,27.19,16.71,70.92,61.58,100.0,70.91
2018-01-27 22:45:00,2,1,48.33,85.0,55.0,48.3,48.38,48.33,0.0,0.0,0.0,45.0,48.38,0.0,1.0,0.0,120.0,48.38,741.53,0.88,0.0,0.0,18.08,27.18,16.71,70.9,61.68,100.0,70.89
2018-01-27 22:46:00,2,1,48.32,85.0,55.0,48.3,48.37,48.32,0.0,0.0,0.0,45.0,48.37,0.0,1.0,0.0,120.0,48.37,741.53,0.88,0.0,0.0,18.08,27.17,16.71,70.88,61.8,100.0,70.87
2018-01-27 22:47:00,2,1,48.32,85.0,55.0,48.3,48.37,48.32,0.0,0.0,0.0,45.0,48.37,0.0,1.0,0.0,120.0,48.37,741.53,0.88,0.0,0.0,18.08,27.16,16.71,70.86,61.92,100.0,70.86
2018-01-27 22:48:00,2,1,48.32,85.0,55.0,48.29,48.37,48.32,0.0,0.0,0.0,45.0,48.37,0.0,1.0,0.0,120.0,48.37,741.53,0.88,0.0,0.0,18.08,27.15,16.71,70.84,62.06,100.0,70.84
2018-01-27 22:49:00,2,1,48.32,85.0,55.0,48.29,48.37,48.32,0.0,0.0,0.0,45.0,48.37,0.0,1.0,0.0,120.0,48.37,741.53,0.88,0.0,0.0,18.08,27.14,16.71,70.83,62.21,100.0,70.82
2018-01-27 22:50:00,2,1,48.31,85.0,55.0,48.29,48.36,48.31,0.0,0.0,0.0,45.0,48.36,0.0,1.0,0.0,120.0,48.36,741.53,0.88,0.0,0.0,18.08,27.13,16.71,70.81,62.37,100.0,70.8
2018-01-27 22:51:00,2,1,48.31,85.0,55.0,48.29,48.36,48.31,0.0,0.0,0.0,45.0,48.36,0.0,1.0,0.0,120.0,48.36,741.53,0.88,0.0,0.0,18.08,27.12,16.71,70.79,62.55,100.0,70.79
2018-01-27 22:52:00,2,1,48.31,85.0,55.0,48.28,48.36,48.31,0.0,0.0,0.0,45.0,48.36,0.0,1.0,0.0,120.0,48.36,741.53,0.88,0.0,0.0,18.08,27.11,16.71,70.77,62.75,100.0,70.77
2018-01-27 22:53:00,2,1,48.31,85.0,55.0,48.28,48.35,48.31,0.0,0.0,0.0,45.0,48.35,0.0,1.0,0.0,120.0,48.36,741.53,0.88,0.0,0.0,18.08,27.09,16.71,70.76,62.95,100.0,70.75
2018-01-27 22:54:00,2,1,48.3,85.0,55.0,48.28,48.35,48.3,0.0,0.0,0.0,45.0,48.35,0.0,1.0,0.0,120.0,48.35,741.53,0.88,0.0,0.0,18.08,27.08,16.71,70.74,63.17,100.0,70.73
2018-01-27 22:55:00,2,1,48.3,85.0,55.0,48.28,48.35,48.3,0.0,0.0,0.0,45.0,48.35,0.0,1.0,0.0,120.0,48.35,741.53,0.88,0.0,0.0,18.08,27.06,16.71,70.72,63.41,100.0,70.72
2018-01-27 22:56:00,2,1,48.3,85.0,55.0,48.27,48.35,48.3,0.0,0.0,0.0,45.0,48.35,0.0,1.0,0.0,120.0,48.35,741.53,0.88,0.0,0.0,18.08,27.05,16.71,70.71,63.66,100.0,70.7
2018-01-27 22:57:00,2,1,48.29,85.0,55.0,48.27,48.34,48.29,0.0,0.0,0.0,45.0,48.34,0.0,1.0,0.0,120.0,48.34,741.53,0.88,0.0,0.0,18.08,27.03,16.71,70.69,63.93,100.0,70.68
2018-01-27 22:58:00,2,1,48.29,85.0,55.0,48.27,48.34,48.29,0.0,0.0,0.0,45.0,48.34,0.0,1.0,0.0,120.0,48.34,741.53,0.88,0.0,0.0,18.08,27.01,16.71,70.67,64.22,100.0,70.67
2018-01-27 22:59:00,2,1,48.29,85.0,55.0,48.26,48.34,48.29,0.0,0.0,0.0,45.0,48.34,0.0,1.0,0.0,120.0,48.34,741.53,0.88,0.0,0.0,18.08,26.99,16.71,70.66,64.52,100.0,70.65
2018-01-27 23:00:00,2,1,48.29,85.0,55.0,48.26,48.33,48.29,0.0,0.0,0.0,45.0,48.33,0.0,1.0,0.0,120.0,48.33,741.53,0.88,0.0,0.0,18.08,26.97,16.71,70.64,64.84,100.0,70.64
2018-01-27 23:01:00,2,1,48.28,85.0,55.0,48.26,48.33,48.28,0.0,0.0,0.0,45.0,48.33,0.0,1.0,0.0,120.0,48.33,741.53,0.88,0.0,0.0,18.08,26.92,16.71,70.63,65.57,100.0,70.62
2018-01-27 23:02:00,2,1,48.28,85.0,55.0,48.25,48.33,48.28,0.0,0.0,0.0,45.0,48.33,0.0,1.0,0.0,120.0,48.33,741.53,0.88,0.0,0.0,18.08,26.86,16.71,70.61,66.56,100.0,70.6
2018-01-27 23:03:00,2,1,48.27,85.0,55.0,48.25,48.32,48.27,0.0,0.0,0.0,45.0,48.32,0.0,1.0,0.0,120.0,48.32,741.53,0.88,0.0,0.0,18.08,26.8,16.71,70.6,67.6,100.0,70.59
2018-01-27 23:04:00,2,1,48.27,85.0,55.0,48.24,48.32,48.27,0.0,0.0,0.0,45.0,48.32,0.0,1.0,0.0,120.0,48.32,741.53,0.88,0.0,0.0,18.08,26.73,16.71,70.59,68.67,100.0,70.58
2018-01-27 23:05:00,2,1,48.27,85.0,55.0,48.24,48.32,48.27,0.0,0.0,0.0,45.0,48.32,0.0,1.0,0.0,120.0,48.32,741.53,0.88,0.0,0.0,18.08,26.66,16.71,70.57,69.77,100.0,70.56
2018-01-27 23:06:00,2,1,48.26,85.0,55.0,48.24,48.31,48.26,0.0,0.0,0.0,45.0,48.31,0.0,1.0,0.0,120.0,48.31,741.53,0.88,0.0,0.0,18.08,26.59,16.71,70.56,70.88,100.0,70.55
2018-01-27 23:07:00,2,1,48.26,85.0,55.0,48.23,48.31,48.26,0.0,0.0,0.0,45.0,48.31,0.0,1.0,0.0,120.0,48.31,741.53,0.88,0.0,0.0,18.08,26.52,16.71,70.55,72.02,100.0,70.54
2018-01-27 23:08:00,2,1,48.25,85.0,55.0,48.23,48.3,48.25,0.0,0.0,0.0,45.0,48.3,0.0,1.0,0.0,120.0,48.3,741.53,0.88,0.0,0.0,18.08,26.45,16.71,70.54,73.18,100.0,70.53
2018-01-27 23:09:00,2,1,48.25,85.0,55.0,48.22,48.3,48.25,0.0,0.0,0.0,45.0,48.3,0.0,1.0,0.0,120.0,48.3,741.53,0.88,0.0,0.0,18.08,26.38,16.71,70.53,74.37,100.0,70.52
2018-01-27 23:10:00,2,1,48.24,85.0,55.0,48.22,48.29,48.24,0.0,0.0,0.0,45.0,48.29,0.0,1.0,0.0,120.0,48.29,741.53,0.88,0.0,0.0,18.08,26.31,16.71,70.52,75.57,100.0,70.51
2018-01-27 23:11:00,2,1,48.24,85.0,55.0,48.21,48.29,48.24,0.0,0.0,0.0,45.0,48.29,0.0,1.0,0.0,120.0,48.29,741.53,0.88,0.0,0.0,18.08,26.24,16.71,70.52,76.8,100.0,70.5
2018-01-27 23:12:00,2,1,48.23,85.0,55.0,48.21,48.28,48.23,0.0,0.0,0.0,45.0,48.28,0.0,1.0,0.0,120.0,48.28,741.53,0.88,0.0,0.0,18.08,26.17,16.71,70.51,78.05,100.0,70.49
2018-01-27 23:13:00,2,1,48.23,85.0,55.0,48.2,48.28,48.23,0.0,0.0,0.0,45.0,48.28,0.0,1.0,0.0,120.0,48.28,741.53,0.88,0.0,0.0,18.08,26.09,16.71,70.5,79.31,100.0,70.49
2018-01-27 23:14:00,2,1,48.22,85.0,55.0,48.19,48.27,48.22,0.0,0.0,0.0,45.0,48.27,0.0,1.0,0.0,120.0,48.27,741.53,0.88,0.0,0.0,18.08,26.02,16.71,70.49,80.6,100.0,70.48
2018-01-27 23:15:00,2,1,48.21,85.0,55.0,48.19,48.26,48.21,0.0,0.0,0.0,45.0,48.26,0.0,1.0,0.0,120.0,48.26,741.53,0.88,0.0,0.0,18.08,25.95,16.71,70.49,81.9,100.0,70.47
2018-01-27 23:16:00,2,1,48.21,85.0,55.0,48.18,48.26,48.21,0.0,0.0,0.0,45.0,48.26,0.0,1.0,0.0,120.0,48.26,741.53,0.88,0.0,0.0,18.08,25.87,16.71,70.48,83.23,100.0,70.46
2018-01-27 23:17:00,2,1,48.2,85.0,55.0,48.18,48.25,48.2,0.0,0.0,0.0,45.0,48.25,0.0,1.0,0.0,120.0,48.25,741.53,0.88,0.0,0.0,18.08,25.8,16.71,70.48,84.57,100.0,70.46
2018-01-27 23:18:00,2,1,48.2,85.0,55.0,48.17,48.25,48.2,0.0,0.0,0.0,45.0,48.25,0.0,1.0,0.0,120.0,48.25,741.53,0.88,0.0,0.0,18.08,25.72,16.71,70.47,85.93,100.0,70.45
2018-01-27 23:19:00,2,1,48.19,85.0,55.0,48.16,48.24,48.19,0.0,0.0,0.0,45.0,48.24,0.0,1.0,0.0,120.0,48.24,741.53,0.88,0.0,0.0,18.08,25.65,16.71,70.47,87.3,100.0,70.45
2018-01-27 23:20:00,2,1,48.18,85.0,55.0,48.16,48.23,48.18,0.0,0.0,0.0,45.0,48.23,0.0,1.0,0.0,120.0,48.23,741.53,0.88,0.0,0.0,18.08,25.57,16.71,70.46,88.69,100.0,70.44
2018-01-27 23:21:00,2,1,48.18,85.0,55.0,48.15,48.23,48.18,0.0,0.0,0.0,45.0,48.23,0.0,1.0,0.0,120.0,48.23,741.53,0.88,0.0,0.0,18.08,25.5,16.71,70.46,90.1,100.0,70.44
2018-01-27 23:22:00,2,1,48.17,85.0,55.0,48.14,48.22,48.17,0.0,0.0,0.0,45.0,48.22,0.0,1.0,0.0,120.0,48.22,741.53,0.88,0.0,0.0,18.08,25.42,16.71,70.45,91.52,100.0,70.43
2018-01-27 23:23:00,2,1,48.16,85.0,55.0,48.14,48.21,48.16,0.0,0.0,0.0,45.0,48.21,0.0,1.0,0.0,120.0,48.22,741.53,0.88,0.0,0.0,18.08,25.35,16.71,70.45,92.95,100.0,70.43
2018-01-27 23:24:00,2,1,48.16,85.0,55.0,48.13,48.21,48.16,0.0,0.0,0.0,45.0,48.21,0.0,1.0,0.0,120.0,48.21,741.53,0.88,0.0,0.0,18.08,25.27,16.71,70.45,94.4,100.0,70.43
2018-01-27 23:25:00,2,1,48.15,85.0,55.0,48.12,48.2,48.15,0.0,0.0,0.0,45.0,48.2,0.0,1.0,0.0,120.0,48.2,741.53,0.88,0.0,0.0,18.08,25.2,16.71,70.44,95.86,100.0,70.42
2018-01-27 23:26:00,2,1,48.14,85.0,55.0,48.12,48.19,48.14,0.0,0.0,0.0,45.0,48.19,0.0,1.0,0.0,120.0,48.2,741.53,0.88,0.0,0.0,18.08,25.12,16.71,70.44,97.33,100.0,70.42
2018-01-27 23:27:00,2,1,48.14,85.0,55.0,48.11,48.19,48.14,0.0,0.0,0.0,45.0,48.19,0.0,1.0,0.0,120.0,48.19,741.53,0.88,0.0,0.0,18.08,25.05,16.71,70.44,98.81,100.0,70.42
2018-01-27 23:28:00,2,1,48.13,85.0,55.0,48.1,48.18,48.13,0.0,0.0,0.0,45.0,48.18,0.0,1.0,0.0,120.0,48.18,741.53,0.88,0.0,0.0,18.08,24.97,16.71,70.44,100.0,100.0,70.41
2018-01-27 23:29:00,2,1,48.12,85.0,55.0,48.1,48.17,48.12,0.0,0.0,0.0,45.0,48.17,0.0,1.0,0.0,120.0,48.17,741.53,0.88,0.0,0.0,18.08,24.9,16.71,70.44,100.0,100.0,70.41
2018-01-27 23:30:00,2,1,48.12,85.0,55.0,48.09,48.17,48.12,0.0,0.0,0.0,45.0,48.17,0.0,1.0,0.0,120.0,48.17,741.53,0.88,0.0,0.0,18.08,24.82,16.71,70.44,100.0,100.0,70.41
2018-01-27 23:31:00,2,1,48.11,85.0,55.0,48.08,48.16,48.11,0.0,0.0,0.0,45.0,48.16,0.0,1.0,0.0,120.0,48.16,741.53,0.88,0.0,0.0,18.08,24.75,16.71,70.44,100.0,100.0,70.41
2018-01-27 23:32:00,2,1,48.1,85.0,55.0,48.08,48.15,48.1,0.0,0.0,0.0,45.0,48.15,0.0,1.0,0.0,120.0,48.15,741.53,0.88,0.0,0.0,18.08,24.68,16.71,70.43,100.0,100.0,70.41
2018-01-27 23:33:00,2,1,48.1,85.0,55.0,48.07,48.15,48.1,0.0,0.0,0.0,45.0,48.15,0.0,1.0,0.0,120.0,48.15,741.53,0.88,0.0,0.0,18.08,24.6,16.71,70.43,100.0,100.0,70.41
2018-01-27 23:34:00,2,1,48.09,85.0,55.0,48.06,48.14,48.09,0.0,0.0,0.0,45.0,48.14,0.0,1.0,0.0,120.0,48.14,741.53,0.88,0.0,0.0,18.08,24.53,16.71,70.43,100.0,100.0,70.41
2018-01-27 23:35:00,2,1,48.08,85.0,55.0,48.06,48.13,48.08,0.0,0.0,0.0,45.0,48.13,0.0,1.0,0.0,120.0,48.13,741.53,0.88,0.0,0.0,18.08,24.46,16.71,70.43,100.0,100.0,70.4
2018-01-27 23:36:00,2,1,48.08,85.0,55.0,48.05,48.12,48.08,0.0,0.0,0.0,45.0,48.12,0.0,1.0,0.0,120.0,48.13,741.53,0.88,0.0,0.0,18.08,24.39,16.71,70.43,100.0,100.0,70.4
2018-01-27 23:37:00,2,1,48.07,85.0,55.0,48.04,48.12,48.07,0.0,0.0,0.0,45.0,48.12,0.0,1.0,0.0,120.0,48.12,741.53,0.88,0.0,0.0,18.08,24.32,16.71,70.43,100.0,100.0,70.4
2018-01-27 23:38:00,2,1,48.06,85.0,55.0,48.03,48.11,48.06,0.0,0.0,0.0,45.0,48.11,0.0,1.0,0.0,120.0,48.11,741.53,0.88,0.0,0.0,18.08,24.25,16.71,70.43,100.0,100.0,70.4
2018-01-27 23:39:00,2,1,48.06,85.0,55.0,48.03,48.1,48.06,0.0,0.0,0.0,45.0,48.1,0.0,1.0,0.0,120.0,48.11,741.53,0.88,0.0,0.0,18.08,24.18,16.71,70.44,100.0,100.0,70.4
2018-01-27 23:40:00,2,1,48.05,85.0,55.0,48.02,48.1,48.05,0.0,0.0,0.0,45.0,48.1,0.0,1.0,0.0,120.0,48.1,741.53,0.88,0.0,0.0,18.08,24.11,16.71,70.44,100.0,100.0,70.4
2018-01-27 23:41:00,2,1,48.04,85.0,55.0,48.01,48.09,48.04,0.0,0.0,0.0,45.0,48.09,0.0,1.0,0.0,120.0,48.09,741.53,0.88,0.0,0.0,18.08,24.05,16.71,70.44,100.0,100.0,70.4
2018-01-27 23:42:00,2,1,48.03,85.0,55.0,48.01,48.08,48.03,0.0,0.0,0.0,45.0,48.08,0.0,1.0,0.0,120.0,48.08,741.53,0.88,0.0,0.0,18.08,23.98,16.71,70.44,100.0,100.0,70.41
2018-01-27 23:43:00,2,1,48.03,85.0,55.0,48.0,48.08,48.03,0.0,0.0,0.0,45.0,48.08,0.0,1.0,0.0,120.0,48.08,741.53,0.88,0.0,0.0,18.08,23.92,16.71,70.44,100.0,100.0,70.41
2018-01-27 23:44:00,2,1,48.02,85.0,55.0,47.99,48.07,48.02,0.0,0.0,0.0,45.0,48.07,0.0,1.0,0.0,120.0,48.07,741.53,0.88,0.0,0.0,18.08,23.85,16.71,70.44,100.0,100.0,70.41
2018-01-27 23:45:00,2,1,48.01,85.0,55.0,47.99,48.06,48.01,0.0,0.0,0.0,45.0,48.06,0.0,1.0,0.0,120.0,48.06,741.53,0.88,0.0,0.0,18.08,23.79,16.71,70.44,100.0,100.0,70.41
2018-01-27 23:46:00,2,1,48.01,85.0,55.0,47.98,48.05,48.01,0.0,0.0,0.0,45.0,48.06,0.0,1.0,0.0,120.0,48.06,741.53,0.88,0.0,0.0,18.08,23.73,16.71,70.44,100.0,100.0,70.41
2018-01-27 23:47:00,2,1,48.0,85.0,55.0,47.97,48.05,48.0,0.0,0.0,0.0,45.0,48.05,0.0,1.0,0.0,120.0,48.05,741.53,0.88,0.0,0.0,18.08,23.67,16.71,70.45,100.0,100.0,70.41
2018-01-27 23:48:00,2,1,47.99,85.0,55.0,47.96,48.04,47.99,0.0,0.0,0.0,45.0,48.04,0.0,1.0,0.0,120.0,48.04,741.53,0.88,0.0,0.0,18.08,23.61,16.71,70.45,100.0,100.0,70.41
2018-01-27 23:49:00,2,1,47.99,85.0,55.0,47.96,48.03,47.99,0.0,0.0,0.0,45.0,48.03,0.0,1.0,0.0,120.0,48.04,741.53,0.88,0.0,0.0,18.08,23.55,16.71,70.45,100.0,100.0,70.41
2018-01-27 23:50:00,2,1,47.98,85.0,55.0,47.95,48.03,47.98,0.0,0.0,0.0,45.0,48.03,0.0,1.0,0.0,120.0,48.03,741.53,0.88,0.0,0.0,18.08,23.49,16.71,70.45,100.0,100.0,70.41
2018-01-27 23:51:00,2,1,47.97,85.0,55.0,47.94,48.02,47.97,0.0,0.0,0.0,45.0,48.02,0.0,1.0,0.0,120.0,48.02,741.53,0.88,0.0,0.0,18.08,23.44,16.71,70.45,100.0,100.0,70.42
2018-01-27 23:52:00,2,1,47.97,85.0,55.0,47.94,48.01,47.97,0.0,0.0,0.0,45.0,48.01,0.0,1.0,0.0,120.0,48.02,741.53,0.88,0.0,0.0,18.08,23.39,16.71,70.45,100.0,100.0,70.42
2018-01-27 23:53:00,2,1,47.96,85.0,55.0,47.93,48.01,47.96,0.0,0.0,0.0,45.0,48.01,0.0,1.0,0.0,120.0,48.01,741.53,0.88,0.0,0.0,18.08,23.33,16.71,70.46,100.0,100.0,70.42
2018-01-27 23:54:00,2,1,47.95,85.0,55.0,47.92,48.0,47.95,0.0,0.0,0.0,45.0,48.0,0.0,1.0,0.0,120.0,48.0,741.53,0.88,0.0,0.0,18.08,23.28,16.71,70.46,100.0,100.0,70.42
2018-01-27 23:55:00,2,1,47.95,85.0,55.0,47.92,47.99,47.95,0.0,0.0,0.0,45.0,47.99,0.0,1.0,0.0,120.0,48.0,741.53,0.88,0.0,0.0,18.08,23.24,16.71,70.46,100.0,100.0,70.42
2018-01-27 23:56:00,2,1,47.94,85.0,55.0,47.91,47.99,47.94,0.0,0.0,0.0,45.0,47.99,0.0,1.0,0.0,120.0,47.99,741.53,0.88,0.0,0.0,18.08,23.19,16.71,70.46,100.0,100.0,70.42
2018-01-27 23:57:00,2,1,47.93,85.0,55.0,47.91,47.98,47.93,0.0,0.0,0.0,45.0,47.98,0.0,1.0,0.0,120.0,47.98,741.53,0.88,0.0,0.0,18.08,23.14,16.71,70.46,100.0,100.0,70.42
2018-01-27 23:58:00,2,1,47.93,85.0,55.0,47.9,47.97,47.93,0.0,0.0,0.0,45.0,47.97,0.0,1.0,0.0,120.0,47.98,741.53,0.88,0.0,0.0,18.08,23.1,16.71,70.46,100.0,100.0,70.42
2018-01-27 23:59:00,2,1,47.92,85.0,55.0,47.89,47.97,47.92,0.0,0.0,0.0,45.0,47.97,0.0,1.0,0.0,120.0,47.97,741.53,0.88,0.0,0.0,18.08,23.06,16.71,70.47,100.0,100.0,70.43
2018-01-28 00:00:00,2,1,47.92,85.0,55.0,47.89,47.96,47.92,0.0,0.0,0.0,45.0,47.96,0.0,1.0,0.0,120.0,47.96,741.53,0.88,0.0,0.0,18.08,23.02,16.71,70.47,100.0,100.0,70.43
2018-01-28 00:01:00,2,1,47.91,85.0,55.0,47.88,47.96,47.91,0.0,0.0,0.0,45.0,47.96,0.0,1.0,0.0,120.0,47.96,741.53,0.88,0.0,0.0,18.08,23.02,16.71,70.47,100.0,100.0,70.43
2018-01-28 00:02:00,2,1,47.9,85.0,55.0,47.87,47.95,47.9,0.0,0.0,0.0,45.0,47.95,0.0,1.0,0.0,120.0,47.95,741.53,0.88,0.0,0.0,18.08,23.04,16.71,70.47,100.0,100.0,70.43
2018-01-28 00:03:00,2,1,47.9,85.0,55.0,47.87,47.94,47.9,0.0,0.0,0.0,45.0,47.94,0.0,1.0,0.0,120.0,47.95,741.53,0.88,0.0,0.0,18.08,23.07,16.71,70.47,100.0,100.0,70.43
2018-01-28 00:04:00,2,1,47.89,85.0,55.0,47.86,47.94,47.89,0.0,0.0,0.0,45.0,47.94,0.0,1.0,0.0,120.0,47.94,741.53,0.88,0.0,0.0,18.08,23.1,16.71,70.46,100.0,100.0,70.42
2018-01-28 00:05:00,2,1,47.89,85.0,55.0,47.86,47.93,47.89,0.0,0.0,0.0,45.0,47.94,0.0,1.0,0.0,120.0,47.94,741.53,0.88,0.0,0.0,18.08,23.13,16.71,70.46,100.0,100.0,70.42
2018-01-28 00:06:00,2,1,47.89,85.0,55.0,47.86,47.93,47.89,0.0,0.0,0.0,45.0,47.93,0.0,1.0,0.0,120.0,47.93,741.53,0.88,0.0,0.0,18.08,23.16,16.71,70.46,100.0,100.0,70.42
2018-01-28 00:07:00,2,1,47.88,85.0,55.0,47.85,47.93,47.88,0.0,0.0,0.0,45.0,47.93,0.0,1.0,0.0,120.0,47.93,741.53,0.88,0.0,0.0,18.08,23.19,16.71,70.45,100.0,100.0,70.41
2018-01-28 00:08:00,2,1,47.88,85.0,55.0,47.85,47.92,47.88,0.0,0.0,0.0,45.0,47.92,0.0,1.0,0.0,120.0,47.92,741.53,0.88,0.0,0.0,18.08,23.23,16.71,70.44,100.0,100.0,70.41
2018-01-28 00:09:00,2,1,47.87,85.0,55.0,47.85,47.92,47.87,0.0,0.0,0.0,45.0,47.92,0.0,1.0,0.0,120.0,47.92,741.53,0.88,0.0,0.0,18.08,23.27,16.71,70.44,100.0,100.0,70.4
2018-01-28 00:10:00,2,1,47.87,85.0,55.0,47.84,47.92,47.87,0.0,0.0,0.0,45.0,47.92,0.0,1.0,0.0,120.0,47.92,741.53,0.88,0.0,0.0,18.08,23.31,16.71,70.43,100.0,100.0,70.39
2018-01-28 00:11:00,2,1,47.87,85.0,55.0,47.84,47.91,47.87,0.0,0.0,0.0,45.0,47.91,0.0,1.0,0.0,120.0,47.91,741.53,0.88,0.0,0.0,18.08,23.35,16.71,70.42,100.0,100.0,70.38
2018-01-28 00:12:00,2,1,47.87,85.0,55.0,47.84,47.91,47.87,0.0,0.0,0.0,45.0,47.91,0.0,1.0,0.0,120.0,47.91,741.53,0.88,0.0,0.0,18.08,23.39,16.71,70.41,100.0,100.0,70.38
2018-01-28 00:13:00,2,1,47.86,85.0,55.0,47.83,47.91,47.86,0.0,0.0,0.0,45.0,47.91,0.0,1.0,0.0,120.0,47.91,741.53,0.88,0.0,0.0,18.08,23.43,16.71,70.4,100.0,100.0,70.37
2018-01-28 00:14:00,2,1,47.86,85.0,55.0,47.83,47.9,47.86,0.0,0.0,0.0,45.0,47.9,0.0,1.0,0.0,120.0,47.91,741.53,0.88,0.0,0.0,18.08,23.48,16.71,70.39,100.0,100.0,70.36
2018-01-28 00:15:00,2,1,47.86,85.0,55.0,47.83,47.9,47.86,0.0,0.0,0.0,45.0,47.9,0.0,1.0,0.0,120.0,47.9,741.53,0.88,0.0,0.0,18.08,23.52,16.71,70.38,100.0,100.0,70.35
2018-01-28 00:16:00,2,1,47.86,85.0,55.0,47.83,47.9,47.86,0.0,0.0,0.0,45.0,47.9,0.0,1.0,0.0,120.0,47.9,741.53,0.88,0.0,0.0,18.08,23.57,16.71,70.37,100.0,100.0,70.34
2018-01-28 00:17:00,2,1,47.85,85.0,55.0,47.83,47.9,47.85,0.0,0.0,0.0,45.0,47.9,0.0,1.0,0.0,120.0,47.9,741.53,0.88,0.0,0.0,18.08,23.62,16.71,70.36,100.0,100.0,70.33
2018-01-28 00:18:00,2,1,47.85,85.0,55.0,47.82,47.9,47.85,0.0,0.0,0.0,45.0,47.9,0.0,1.0,0.0,120.0,47.9,741.53,0.88,0.0,0.0,18.08,23.67,16.71,70.35,100.0,100.0,70.31
2018-01-28 00:19:00,2,1,47.85,85.0,55.0,47.82,47.9,47.85,0.0,0.0,0.0,45.0,47.9,0.0,1.0,0.0,120.0,47.9,741.53,0.88,0.0,0.0,18.08,23.72,16.71,70.34,100.0,100.0,70.3
2018-01-28 00:20:00,2,1,47.85,85.0,55.0,47.82,47.89,47.85,0.0,0.0,0.0,45.0,47.89,0.0,1.0,0.0,120.0,47.89,741.53,0.88,0.0,0.0,18.08,23.77,16.71,70.32,100.0,100.0,70.29
2018-01-28 00:21:00,2,1,47.85,85.0,55.0,47.82,47.89,47.85,0.0,0.0,0.0,45.0,47.89,0.0,1.0,0.0,120.0,47.89,741.53,0.88,0.0,0.0,18.08,23.82,16.71,70.31,100.0,100.0,70.28
2018-01-28 00:22:00,2,1,47.85,85.0,55.0,47.82,47.89,47.85,0.0,0.0,0.0,45.0,47.89,0.0,1.0,0.0,120.0,47.89,741.53,0.88,0.0,0.0,18.08,23.87,16.71,70.3,100.0,100.0,70.26
2018-01-28 00:23:00,2,1,47.85,85.0,55.0,47.82,47.89,47.85,0.0,0.0,0.0,45.0,47.89,0.0,1.0,0.0,120.0,47.89,741.53,0.88,0.0,0.0,18.08,23.93,16.71,70.28,100.0,100.0,70.25
2018-01-28 00:24:00,2,1,47.85,85.0,55.0,47.82,47.89,47.85,0.0,0.0,0.0,45.0,47.89,0.0,1.0,0.0,120.0,47.89,741.53,0.88,0.0,0.0,18.08,23.98,16.71,70.27,100.0,100.0,70.23
2018-01-28 00:25:00,2,1,47.84,85.0,55.0,47.82,47.89,47.84,0.0,0.0,0.0,45.0,47.89,0.0,1.0,0.0,120.0,47.89,741.53,0.88,0.0,0.0,18.08,24.04,16.71,70.25,100.0,100.0,70.22
2018-01-28 00:26:00,2,1,47.84,85.0,55.0,47.82,47.89,47.84,0.0,0.0,0.0,45.0,47.89,0.0,1.0,0.0,120.0,47.89,741.53,0.88,0.0,0.0,18.08,24.09,16.71,70.23,100.0,100.0,70.2
2018-01-28 00:27:00,2,1,47.84,85.0,55.0,47.82,47.89,47.84,0.0,0.0,0.0,45.0,47.89,0.0,1.0,0.0,120.0,47.89,741.53,0.88,0.0,0.0,18.08,24.15,16.71,70.22,100.0,100.0,70.19
2018-01-28 00:28:00,2,1,47.84,85.0,55.0,47.81,47.89,47.84,0.0,0.0,0.0,45.0,47.89,0.0,1.0,0.0,120.0,47.89,741.53,0.88,0.0,0.0,18.08,24.21,16.71,70.2,100.0,100.0,70.17
2018-01-28 00:29:00,2,1,47.84,85.0,55.0,47.81,47.89,47.84,0.0,0.0,0.0,45.0,47.89,0.0,1.0,0.0,120.0,47.89,741.53,0.88,0.0,0.0,18.08,24.26,16.71,70.18,100.0,100.0,70.16
2018-01-28 00:30:00,2,1,47.84,85.0,55.0,47.81,47.89,47.84,0.0,0.0,0.0,45.0,47.89,0.0,1.0,0.0,120.0,47.89,741.53,0.88,0.0,0.0,18.08,24.32,16.71,70.17,100.0,100.0,70.14
2018-01-28 00:31:00,2,1,47.84,85.0,55.0,47.81,47.89,47.84,0.0,0.0,0.0,45.0,47.89,0.0,1.0,0.0,120.0,47.89,741.53,0.88,0.0,0.0,18.08,24.38,16.71,70.15,100.0,100.0,70.12
2018-01-28 00:32:00,2,1,47.84,85.0,55.0,47.81,47.89,47.84,0.0,0.0,0.0,45.0,47.89,0.0,1.0,0.0,120.0,47.89,741.53,0.88,0.0,0.0,18.08,24.44,16.71,70.13,100.0,100.0,70.1
2018-01-28 00:33:00,2,1,47.84,85.0,55.0,47.81,47.89,47.84,0.0,0.0,0.0,45.0,47.89,0.0,1.0,0.0,120.0,47.89,741.53,0.88,0.0,0.0,18.08,24.5,16.71,70.11,100.0,100.0,70.09
2018-01-28 00:34:00,2,1,47.84,85.0,55.0,47.81,47.89,47.84,0.0,0.0,0.0,45.0,47.89,0.0,1.0,0.0,120.0,47.89,741.53,0.88,0.0,0.0,18.08,24.56,16.71,70.09,100.0,100.0,70.07
2018-01-28 00:35:00,2,1,47.84,85.0,55.0,47.81,47.89,47.84,0.0,0.0,0.0,45.0,47.89,0.0,1.0,0.0,120.0,47.89,741.53,0.88,0.0,0.0,18.08,24.62,16.71,70.07,100.0,100.0,70.05
2018-01-28 00:36:00,2,1,47.84,85.0,55.0,47.81,47.89,47.84,0.0,0.0,0.0,45.0,47.89,0.0,1.0,0.0,120.0,47.89,741.53,0.88,0.0,0.0,18.08,24.68,16.71,70.05,98.91,100.0,70.03
2018-01-28 00:37:00,2,1,47.84,85.0,55.0,47.81,47.89,47.84,0.0,0.0,0.0,45.0,47.89,0.0,1.0,0.0,120.0,47.89,741.53,0.88,0.0,0.0,18.08,24.74,16.71,70.03,97.47,100.0,70.01
2018-01-28 00:38:00,2,1,47.84,85.0,55.0,47.82,47.89,47.84,0.0,0.0,0.0,45.0,47.89,0.0,1.0,0.0,120.0,47.89,741.53,0.88,0.0,0.0,18.08,24.8,16.71,70.01,96.04,100.0,69.99
2018-01-28 00:39:00,2,1,47.84,85.0,55.0,47.82,47.89,47.84,0.0,0.0,0.0,45.0,47.89,0.0,1.0,0.0,120.0,47.89,741.53,0.88,0.0,0.0,18.08,24.86,16.71,69.99,94.62,100.0,69.97
2018-01-28 00:40:00,2,1,47.84,85.0,55.0,47.82,47.89,47.84,0.0,0.0,0.0,45.0,47.89,0.0,1.0,0.0,120.0,47.89,741.53,0.88,0.0,0.0,18.08,24.92,16.71,69.97,93.21,100.0,69.95
2018-01-28 00:41:00,2,1,47.84,85.0,55.0,47.82,47.89,47.84,0.0,0.0,0.0,45.0,47.89,0.0,1.0,0.0,120.0,47.89,741.53,0.88,0.0,0.0,18.08,24.98,16.71,69.95,91.81,100.0,69.93
2018-01-28 00:42:00,2,1,47.84,85.0,55.0,47.82,47.89,47.84,0.0,0.0,0.0,45.0,47.89,0.0,1.0,0.0,120.0,47.89,741.53,0.88,0.0,0.0,18.08,25.04,16.71,69.93,90.43,100.0,69.91
2018-01-28 00:43:00,2,1,47.84,85.0,55.0,47.82,47.89,47.84,0.0,0.0,0.0,45.0,47.89,0.0,1.0,0.0,120.0,47.89,741.53,0.88,0.0,0.0,18.08,25.1,16.71,69.91,89.05,100.0,69.89
2018-01-28 00:44:00,2,1,47.84,85.0,55.0,47.82,47.89,47.84,0.0,0.0,0.0,45.0,47.89,0.0,1.0,0.0,120.0,47.89,741.53,0.88,0.0,0.0,18.08,25.16,16.71,69.89,87.7,100.0,69.87
2018-01-28 00:45:00,2,1,47.85,85.0,55.0,47.82,47.89,47.85,0.0,0.0,0.0,45.0,47.89,0.0,1.0,0.0,120.0,47.89,741.53,0.88,0.0,0.0,18.08,25.22,16.71,69.87,86.36,100.0,69.85
2018-01-28 00:46:00,2,1,47.85,85.0,55.0,47.82,47.89,47.85,0.0,0.0,0.0,45.0,47.89,0.0,1.0,0.0,120.0,47.89,741.53,0.88,0.0,0.0,18.08,25.28,16.71,69.84,85.03,100.0,69.82
2018-01-28 00:47:00,2,1,47.85,85.0,55.0,47.82,47.89,47.85,0.0,0.0,0.0,45.0,47.89,0.0,1.0,0.0,120.0,47.89,741.53,0.88,0.0,0.0,18.08,25.34,16.71,69.82,83.72,100.0,69.8
2018-01-28 00:48:00,2,1,47.85,85.0,55.0,47.82,47.89,47.85,0.0,0.0,0.0,45.0,47.89,0.0,1.0,0.0,120.0,47.89,741.53,0.88,0.0,0.0,18.08,25.4,16.71,69.8,82.43,100.0,69.78
2018-01-28 00:49:00,2,1,47.85,85.0,55.0,47.82,47.89,47.85,0.0,0.0,0.0,45.0,47.89,0.0,1.0,0.0,120.0,47.89,741.53,0.88,0.0,0.0,18.08,25.45,16.71,69.77,81.15,100.0,69.76
2018-01-28 00:50:00,2,1,47.85,85.0,55.0,47.82,47.89,47.85,0.0,0.0,0.0,45.0,47.89,0.0,1.0,0.0,120.0,47.89,741.53,0.88,0.0,0.0,18.08,25.51,16.71,69.75,79.9,100.0,69.74
2018-01-28 00:51:00,2,1,47.85,85.0,55.0,47.82,47.89,47.85,0.0,0.0,0.0,45.0,47.89,0.0,1.0,0.0,120.0,47.89,741.53,0.88,0.0,0.0,18.08,25.57,16.71,69.73,78.66,100.0,69.71
2018-01-28 00:52:00,2,1,47.85,85.0,55.0,47.82,47.89,47.85,0.0,0.0,0.0,45.0,47.89,0.0,1.0,0.0,120.0,47.89,741.53,0.88,0.0,0.0,18.08,25.62,16.71,69.7,77.45,100.0,69.69
2018-01-28 00:53:00,2,1,47.85,85.0,55.0,47.82,47.9,47.85,0.0,0.0,0.0,45.0,47.9,0.0,1.0,0.0,120.0,47.89,741.53,0.88,0.0,0.0,18.08,25.68,16.71,69.68,76.25,100.0,69.67
2018-01-28 00:54:00,2,1,47.85,85.0,55.0,47.82,47.9,47.85,0.0,0.0,0.0,45.0,47.9,0.0,1.0,0.0,120.0,47.9,741.53,0.88,0.0,0.0,18.08,25.73,16.71,69.66,75.07,100.0,69.64
2018-01-28 00:55:00,2,1,47.85,85.0,55.0,47.83,47.9,47.85,0.0,0.0,0.0,45.0,47.9,0.0,1.0,0.0,120.0,47.9,741.53,0.88,0.0,0.0,18.08,25.78,16.71,69.63,73.92,100.0,69.62
2018-01-28 00:56:00,2,1,47.85,85.0,55.0,47.83,47.9,47.85,0.0,0.0,0.0,45.0,47.9,0.0,1.0,0.0,120.0,47.9,741.53,0.88,0.0,0.0,18.08,25.84,16.71,69.61,72.79,100.0,69.6
2018-01-28 00:57:00,2,1,47.85,85.0,55.0,47.83,47.9,47.85,0.0,0.0,0.0,45.0,47.9,0.0,1.0,0.0,120.0,47.9,741.53,0.88,0.0,0.0,18.08,25.89,16.71,69.58,71.68,100.0,69.57
2018-01-28 00:58:00,2,1,47.85,85.0,55.0,47.83,47.9,47.85,0.0,0.0,0.0,45.0,47.9,0.0,1.0,0.0,120.0,47.9,741.53,0.88,0.0,0.0,18.08,25.94,16.71,69.56,70.59,100.0,69.55
2018-01-28 00:59:00,2,1,47.85,85.0,55.0,47.83,47.9,47.85,0.0,0.0,0.0,45.0,47.9,0.0,1.0,0.0,120.0,47.9,741.53,0.88,0.0,0.0,18.08,25.99,16.71,69.54,69.52,100.0,69.52
2018-01-28 01:00:00,2,1,47.85,85.0,55.0,47.83,47.9,47.85,0.0,0.0,0.0,45.0,47.9,0.0,1.0,0.0,120.0,47.9,741.53,0.88,0.0,0.0,18.08,26.04,16.71,69.51,68.48,100.0,69.5
2018-01-28 01:01:00,2,1,47.85,85.0,55.0,47.83,47.9,47.85,0.0,0.0,0.0,45.0,47.9,0.0,1.0,0.0,120.0,47.9,741.53,0.88,0.0,0.0,18.08,26.06,16.71,69.49,67.8,100.0,69.48
2018-01-28 01:02:00,2,1,47.86,85.0,55.0,47.83,47.9,47.86,0.0,0.0,0.0,45.0,47.9,0.0,1.0,0.0,120.0,47.9,741.53,0.88,0.0,0.0,18.08,26.07,16.71,69.46,67.34,100.0,69.45
2018-01-28 01:03:00,2,1,47.86,85.0,55.0,47.83,47.9,47.86,0.0,0.0,0.0,45.0,47.9,0.0,1.0,0.0,120.0,47.9,741.53,0.88,0.0,0.0,18.08,26.08,16.71,69.44,66.93,100.0,69.43
2018-01-28 01:04:00,2,1,47.86,85.0,55.0,47.83,47.9,47.86,0.0,0.0,0.0,45.0,47.9,0.0,1.0,0.0,120.0,47.9,741.53,0.88,0.0,0.0,18.08,26.08,16.71,69.42,66.53,100.0,69.41
2018-01-28 01:05:00,2,1,47.85,85.0,55.0,47.83,47.9,47.85,0.0,0.0,0.0,45.0,47.9,0.0,1.0,0.0,120.0,47.9,741.53,0.88,0.0,0.0,18.08,26.08,16.71,69.39,66.15,100.0,69.38
2018-01-28 01:06:00,2,1,47.85,85.0,55.0,47.83,47.9,47.85,0.0,0.0,0.0,45.0,47.9,0.0,1.0,0.0,120.0,47.9,741.53,0.88,0.0,0.0,18.08,26.08,16.71,69.37,65.79,100.0,69.36
2018-01-28 01:07:00,2,1,47.85,85.0,55.0,47.83,47.9,47.85,0.0,0.0,0.0,45.0,47.9,0.0,1.0,0.0,120.0,47.9,741.53,0.88,0.0,0.0,18.08,26.09,16.71,69.35,65.45,100.0,69.34
2018-01-28 01:08:00,2,1,47.85,85.0,55.0,47.83,47.9,47.85,0.0,0.0,0.0,45.0,47.9,0.0,1.0,0.0,120.0,47.9,741.53,0.88,0.0,0.0,18.08,26.08,16.71,69.33,65.12,100.0,69.32
2018-01-28 01:09:00,2,1,47.85,85.0,55.0,47.83,47.9,47.85,0.0,0.0,0.0,45.0,47.9,0.0,1.0,0.0,120.0,47.9,741.53,0.88,0.0,0.0,18.08,26.08,16.71,69.31,64.81,100.0,69.3
2018-01-28 01:10:00,2,1,47.85,85.0,55.0,47.82,47.9,47.85,0.0,0.0,0.0,45.0,47.9,0.0,1.0,0.0,120.0,47.9,741.53,0.88,0.0,0.0,18.08,26.08,16.71,69.29,64.52,100.0,69.28
2018-01-28 01:11:00,2,1,47.85,85.0,55.0,47.82,47.9,47.85,0.0,0.0,0.0,45.0,47.9,0.0,1.0,0.0,120.0,47.9,741.53,0.88,0.0,0.0,18.08,26.08,16.71,69.27,64.25,100.0,69.26
2018-01-28 01:12:00,2,1,47.85,85.0,55.0,47.82,47.89,47.85,0.0,0.0,0.0,45.0,47.89,0.0,1.0,0.0,120.0,47.89,741.53,0.88,0.0,0.0,18.08,26.07,16.71,69.25,63.99,100.0,69.24
2018-01-28 01:13:00,2,1,47.85,85.0,55.0,47.82,47.89,47.85,0.0,0.0,0.0,45.0,47.89,0.0,1.0,0.0,120.0,47.89,741.53,0.88,0.0,0.0,18.08,26.07,16.71,69.23,63.75,100.0,69.22
2018-01-28 01:14:00,2,1,47.84,85.0,55.0,47.82,47.89,47.84,0.0,0.0,0.0,45.0,47.89,0.0,1.0,0.0,120.0,47.89,741.53,0.88,0.0,0.0,18.08,26.06,16.71,69.21,63.52,100.0,69.2
2018-01-28 01:15:00,2,1,47.84,85.0,55.0,47.82,47.89,47.84,0.0,0.0,0.0,45.0,47.89,0.0,1.0,0.0,120.0,47.89,741.53,0.88,0.0,0.0,18.08,26.06,16.71,69.19,63.31,100.0,69.18
2018-01-28 01:16:00,2,1,47.84,85.0,55.0,47.81,47.89,47.84,0.0,0.0,0.0,45.0,47.89,0.0,1.0,0.0,120.0,47.89,741.53,0.88,0.0,0.0,18.08,26.05,16.71,69.17,63.12,100.0,69.16
2018-01-28 01:17:00,2,1,47.84,85.0,55.0,47.81,47.89,47.84,0.0,0.0,0.0,45.0,47.89,0.0,1.0,0.0,120.0,47.89,741.53,0.88,0.0,0.0,18.08,26.04,16.71,69.15,62.95,100.0,69.14
2018-01-28 01:18:00,2,1,47.84,85.0,55.0,47.81,47.88,47.84,0.0,0.0,0.0,45.0,47.88,0.0,1.0,0.0,120.0,47.88,741.53,0.88,0.0,0.0,18.08,26.03,16.71,69.13,62.79,100.0,69.12
2018-01-28 01:19:00,2,1,47.83,85.0,55.0,47.81,47.88,47.83,0.0,0.0,0.0,45.0,47.88,0.0,1.0,0.0,120.0,47.88,741.53,0.88,0.0,0.0,18.08,26.02,16.71,69.11,62.64,100.0,69.1
2018-01-28 01:20:00,2,1,47.83,85.0,55.0,47.81,47.88,47.83,0.0,0.0,0.0,45.0,47.88,0.0,1.0,0.0,120.0,47.88,741.53,0.88,0.0,0.0,18.08,26.01,16.71,69.09,62.52,100.0,69.09
2018-01-28 01:21:00,2,1,47.83,85.0,55.0,47.8,47.88,47.83,0.0,0.0,0.0,45.0,47.88,0.0,1.0,0.0,120.0,47.88,741.53,0.88,0.0,0.0,18.08,25.99,16.71,69.08,62.41,100.0,69.07
2018-01-28 01:22:00,2,1,47.83,85.0,55.0,47.8,47.87,47.83,0.0,0.0,0.0,45.0,47.87,0.0,1.0,0.0,120.0,47.87,741.53,0.88,0.0,0.0,18.08,25.98,16.71,69.06,62.31,100.0,69.05
2018-01-28 01:23:00,2,1,47.82,85.0,55.0,47.8,47.87,47.82,0.0,0.0,0.0,45.0,47.87,0.0,1.0,0.0,120.0,47.87,741.53,0.88,0.0,0.0,18.08,25.97,16.71,69.04,62.23,100.0,69.03
2018-01-28 01:24:00,2,1,47.82,85.0,55.0,47.8,47.87,47.82,0.0,0.0,0.0,45.0,47.87,0.0,1.0,0.0,120.0,47.87,741.53,0.88,0.0,0.0,18.08,25.95,16.71,69.02,62.17,100.0,69.01
2018-01-28 01:25:00,2,1,47.82,85.0,55.0,47.79,47.87,47.82,0.0,0.0,0.0,45.0,47.87,0.0,1.0,0.0,120.0,47.87,741.53,0.88,0.0,0.0,18.08,25.93,16.71,69.01,62.13,100.0,69.0
2018-01-28 01:26:00,2,1,47.82,85.0,55.0,47.79,47.86,47.82,0.0,0.0,0.0,45.0,47.86,0.0,1.0,0.0,120.0,47.86,741.53,0.88,0.0,0.0,18.08,25.92,16.71,68.99,62.1,100.0,68.98
2018-01-28 01:27:00,2,1,47.81,85.0,55.0,47.79,47.86,47.81,0.0,0.0,0.0,45.0,47.86,0.0,1.0,0.0,120.0,47.86,741.53,0.88,0.0,0.0,18.08,25.9,16.71,68.97,62.08,100.0,68.96
2018-01-28 01:28:00,2,1,47.81,85.0,55.0,47.78,47.86,47.81,0.0,0.0,0.0,45.0,47.86,0.0,1.0,0.0,120.0,47.86,741.53,0.88,0.0,0.0,18.08,25.88,16.71,68.95,62.08,100.0,68.95
2018-01-28 01:29:00,2,1,47.81,85.0,55.0,47.78,47.85,47.81,0.0,0.0,0.0,45.0,47.86,0.0,1.0,0.0,120.0,47.86,741.53,0.88,0.0,0.0,18.08,25.86,16.71,68.94,62.1,100.0,68.93
2018-01-28 01:30:00,2,1,47.8,85.0,55.0,47.78,47.85,47.8,0.0,0.0,0.0,45.0,47.85,0.0,1.0,0.0,120.0,47.85,741.53,0.88,0.0,0.0,18.08,25.84,16.71,68.92,62.13,100.0,68.91
2018-01-28 01:31:00,2,1,47.8,85.0,55.0,47.78,47.85,47.8,0.0,0.0,0.0,45.0,47.85,0.0,1.0,0.0,120.0,47.85,741.53,0.88,0.0,0.0,18.08,25.82,16.71,68.9,62.18,100.0,68.9
2018-01-28 01:32:00,2,1,47.8,85.0,55.0,47.77,47.85,47.8,0.0,0.0,0.0,45.0,47.85,0.0,1.0,0.0,120.0,47.85,741.53,0.88,0.0,0.0,18.08,25.8,16.71,68.89,62.25,100.0,68.88
2018-01-28 01:33:00,2,1,47.79,85.0,55.0,47.77,47.84,47.79,0.0,0.0,0.0,45.0,47.84,0.0,1.0,0.0,120.0,47.84,741.53,0.88,0.0,0.0,18.08,25.78,16.71,68.87,62.33,100.0,68.86
2018-01-28 01:34:00,2,1,47.79,85.0,55.0,47.77,47.84,47.79,0.0,0.0,0.0,45.0,47.84,0.0,1.0,0.0,120.0,47.84,741.53,0.88,0.0,0.0,18.08,25.76,16.71,68.86,62.43,100.0,68.85
2018-01-28 01:35:00,2,1,47.79,85.0,55.0,47.76,47.84,47.79,0.0,0.0,0.0,45.0,47.84,0.0,1.0,0.0,120.0,47.84,741.53,0.88,0.0,0.0,18.08,25.74,16.71,68.84,62.54,100.0,68.83
2018-01-28 01:36:00,2,1,47.78,85.0,55.0,47.76,47.83,47.78,0.0,0.0,0.0,45.0,47.83,0.0,1.0,0.0,120.0,47.83,741.53,0.88,0.0,0.0,18.08,25.71,16.71,68.82,62.67,100.0,68.82
2018-01-28 01:37:00,2,1,47.78,85.0,55.0,47.76,47.83,47.78,0.0,0.0,0.0,45.0,47.83,0.0,1.0,0.0,120.0,47.83,741.53,0.88,0.0,0.0,18.08,25.69,16.71,68.81,62.82,100.0,68.8
2018-01-28 01:38:00,2,1,47.78,85.0,55.0,47.75,47.83,47.78,0.0,0.0,0.0,45.0,47.83,0.0,1.0,0.0,120.0,47.83,741.53,0.88,0.0,0.0,18.08,25.66,16.71,68.79,62.98,100.0,68.78
2018-01-28 01:39:00,2,1,47.77,85.0,55.0,47.75,47.82,47.77,0.0,0.0,0.0,45.0,47.82,0.0,1.0,0.0,120.0,47.82,741.53,0.88,0.0,0.0,18.08,25.64,16.71,68.78,63.16,100.0,68.77
2018-01-28 01:40:00,2,1,47.77,85.0,55.0,47.74,47.82,47.77,0.0,0.0,0.0,45.0,47.82,0.0,1.0,0.0,120.0,47.82,741.53,0.88,0.0,0.0,18.08,25.61,16.71,68.76,63.36,100.0,68.75
2018-01-28 01:41:00,2,1,47.77,85.0,55.0,47.74,47.81,47.77,0.0,0.0,0.0,45.0,47.81,0.0,1.0,0.0,120.0,47.82,741.53,0.88,0.0,0.0,18.08,25.59,16.71,68.75,63.57,100.0,68.74
2018-01-28 01:42:00,2,1,47.76,85.0,55.0,47.74,47.81,47.76,0.0,0.0,0.0,45.0,47.81,0.0,1.0,0.0,120.0,47.81,741.53,0.88,0.0,0.0,18.08,25.56,16.71,68.73,63.8,100.0,68.72
2018-01-28 01:43:00,2,1,47.76,85.0,55.0,47.73,47.81,47.76,0.0,0.0,0.0,45.0,47.81,0.0,1.0,0.0,120.0,47.81,741.53,0.88,0.0,0.0,18.08,25.53,16.71,68.72,64.04,100.0,68.71
2018-01-28 01:44:00,2,1,47.76,85.0,55.0,47.73,47.8,47.76,0.0,0.0,0.0,45.0,47.8,0.0,1.0,0.0,120.0,47.8,741.53,0.88,0.0,0.0,18.08,25.5,16.71,68.7,64.3,100.0,68.69
2018-01-28 01:45:00,2,1,47.75,85.0,55.0,47.73,47.8,47.75,0.0,0.0,0.0,45.0,47.8,0.0,1.0,0.0,120.0,47.8,741.53,0.88,0.0,0.0,18.08,25.47,16.71,68.69,64.58,100.0,68.68
2018-01-28 01:46:00,2,1,47.75,85.0,55.0,47.72,47.8,47.75,0.0,0.0,0.0,45.0,47.8,0.0,1.0,0.0,120.0,47.8,741.53,0.88,0.0,0.0,18.08,25.45,16.71,68.68,64.87,100.0,68.67
2018-01-28 01:47:00,2,1,47.74,85.0,55.0,47.72,47.79,47.74,0.0,0.0,0.0,45.0,47.79,0.0,1.0,0.0,120.0,47.79,741.53,0.88,0.0,0.0,18.08,25.42,16.71,68.66,65.18,100.0,68.65
2018-01-28 01:48:00,2,1,47.74,85.0,55.0,47.71,47.79,47.74,0.0,0.0,0.0,45.0,47.79,0.0,1.0,0.0,120.0,47.79,741.53,0.88,0.0,0.0,18.08,25.39,16.71,68.65,65.51,100.0,68.64
2018-01-28 01:49:00,2,1,47.74,85.0,55.0,47.71,47.78,47.74,0.0,0.0,0.0,45.0,47.78,0.0,1.0,0.0,120.0,47.78,741.53,0.88,0.0,0.0,18.08,25.36,16.71,68.63,65.85,100.0,68.62
2018-01-28 01:50:00,2,1,47.73,85.0,55.0,47.71,47.78,47.73,0.0,0.0,0.0,45.0,47.78,0.0,1.0,0.0,120.0,47.78,741.53,0.88,0.0,0.0,18.08,25.32,16.71,68.62,66.21,100.0,68.61
2018-01-28 01:51:00,2,1,47.73,85.0,55.0,47.7,47.78,47.73,0.0,0.0,0.0,45.0,47.78,0.0,1.0,0.0,120.0,47.78,741.53,0.88,0.0,0.0,18.08,25.29,16.71,68.61,66.59,100.0,68.6
2018-01-28 01:52:00,2,1,47.72,85.0,55.0,47.7,47.77,47.72,0.0,0.0,0.0,45.0,47.77,0.0,1.0,0.0,120.0,47.77,741.53,0.88,0.0,0.0,18.08,25.26,16.71,68.59,66.99,100.0,68.58
2018-01-28 01:53:00,2,1,47.72,85.0,55.0,47.69,47.77,47.72,0.0,0.0,0.0,45.0,47.77,0.0,1.0,0.0,120.0,47.77,741.53,0.88,0.0,0.0,18.08,25.23,16.71,68.58,67.4,100.0,68.57
2018-01-28 01:54:00,2,1,47.72,85.0,55.0,47.69,47.76,47.72,0.0,0.0,0.0,45.0,47.76,0.0,1.0,0.0,120.0,47.76,741.53,0.88,0.0,0.0,18.08,25.2,16.71,68.57,67.83,100.0,68.56
2018-01-28 01:55:00,2,1,47.71,85.0,55.0,47.68,47.76,47.71,0.0,0.0,0.0,45.0,47.76,0.0,1.0,0.0,120.0,47.76,741.53,0.88,0.0,0.0,18.08,25.16,16.71,68.55,68.27,100.0,68.54
2018-01-28 01:56:00,2,1,47.71,85.0,55.0,47.68,47.75,47.71,0.0,0.0,0.0,45.0,47.75,0.0,1.0,0.0,120.0,47.76,741.53,0.88,0.0,0.0,18.08,25.13,16.71,68.54,68.74,100.0,68.53
2018-01-28 01:57:00,2,1,47.7,85.0,55.0,47.68,47.75,47.7,0.0,0.0,0.0,45.0,47.75,0.0,1.0,0.0,120.0,47.75,741.53,0.88,0.0,0.0,18.08,25.1,16.71,68.53,69.22,100.0,68.52
2018-01-28 01:58:00,2,1,47.7,85.0,55.0,47.67,47.75,47.7,0.0,0.0,0.0,45.0,47.75,0.0,1.0,0.0,120.0,47.75,741.53,0.88,0.0,0.0,18.08,25.06,16.71,68.52,69.72,100.0,68.5
2018-01-28 01:59:00,2,1,47.69,85.0,55.0,47.67,47.74,47.69,0.0,0.0,0.0,45.0,47.74,0.0,1.0,0.0,120.0,47.74,741.53,0.88,0.0,0.0,18.08,25.03,16.71,68.5,70.23,100.0,68.49
2018-01-28 02:00:00,2,1,47.69,85.0,55.0,47.66,47.74,47.69,0.0,0.0,0.0,45.0,47.74,0.0,1.0,0.0,120.0,47.74,741.53,0.88,0.0,0.0,18.08,25.0,16.71,68.49,70.77,100.0,68.48
2018-01-28 02:01:00,2,1,47.69,85.0,55.0,47.66,47.73,47.69,0.0,0.0,0.0,45.0,47.73,0.0,1.0,0.0,120.0,47.73,741.53,0.88,0.0,0.0,18.08,24.96,16.71,68.48,71.46,100.0,68.47
2018-01-28 02:02:00,2,1,47.68,85.0,55.0,47.65,47.73,47.68,0.0,0.0,0.0,45.0,47.73,0.0,1.0,0.0,120.0,47.73,741.53,0.88,0.0,0.0,18.08,24.93,16.71,68.47,72.25,100.0,68.45
2018-01-28 02:03:00,2,1,47.68,85.0,55.0,47.65,47.72,47.68,0.0,0.0,0.0,45.0,47.72,0.0,1.0,0.0,120.0,47.73,741.53,0.88,0.0,0.0,18.08,24.9,16.71,68.46,73.07,100.0,68.44
2018-01-28 02:04:00,2,1,47.67,85.0,55.0,47.65,47.72,47.67,0.0,0.0,0.0,45.0,47.72,0.0,1.0,0.0,120.0,47.72,741.53,0.88,0.0,0.0,18.08,24.87,16.71,68.45,73.92,100.0,68.43
2018-01-28 02:05:00,2,1,47.67,85.0,55.0,47.64,47.72,47.67,0.0,0.0,0.0,45.0,47.72,0.0,1.0,0.0,120.0,47.72,741.53,0.88,0.0,0.0,18.08,24.84,16.71,68.43,74.77,100.0,68.42
2018-01-28 02:06:00,2,1,47.66,85.0,55.0,47.64,47.71,47.66,0.0,0.0,0.0,45.0,47.71,0.0,1.0,0.0,120.0,47.71,741.53,0.88,0.0,0.0,18.08,24.81,16.71,68.42,75.65,100.0,68.41
2018-01-28 02:07:00,2,1,47.66,85.0,55.0,47.63,47.71,47.66,0.0,0.0,0.0,45.0,47.71,0.0,1.0,0.0,120.0,47.71,741.53,0.88,0.0,0.0,18.08,24.78,16.71,68.41,76.54,100.0,68.4
2018-01-28 02:08:00,2,1,47.65,85.0,55.0,47.63,47.7,47.65,0.0,0.0,0.0,45.0,47.7,0.0,1.0,0.0,120.0,47.7,741.53,0.88,0.0,0.0,18.08,24.74,16.71,68.4,77.45,100.0,68.38
2018-01-28 02:09:00,2,1,47.65,85.0,55.0,47.62,47.7,47.65,0.0,0.0,0.0,45.0,47.7,0.0,1.0,0.0,120.0,47.7,741.53,0.88,0.0,0.0,18.08,24.71,16.71,68.39,78.37,100.0,68.37
2018-01-28 02:10:00,2,1,47.65,85.0,55.0,47.62,47.69,47.65,0.0,0.0,0.0,45.0,47.69,0.0,1.0,0.0,120.0,47.69,741.53,0.88,0.0,0.0,18.08,24.68,16.71,68.38,79.32,100.0,68.36
2018-01-28 02:11:00,2,1,47.64,85.0,55.0,47.61,47.69,47.64,0.0,0.0,0.0,45.0,47.69,0.0,1.0,0.0,120.0,47.69,741.53,0.88,0.0,0.0,18.08,24.65,16.71,68.37,80.27,100.0,68.35
2018-01-28 02:12:00,2,1,47.64,85.0,55.0,47.61,47.68,47.64,0.0,0.0,0.0,45.0,47.68,0.0,1.0,0.0,120.0,47.69,741.53,0.88,0.0,0.0,18.08,24.61,16.71,68.36,81.24,100.0,68.34
2018-01-28 02:13:00,2,1,47.63,85.0,55.0,47.61,47.68,47.63,0.0,0.0,0.0,45.0,47.68,0.0,1.0,0.0,120.0,47.68,741.53,0.88,0.0,0.0,18.08,24.58,16.71,68.35,82.23,100.0,68.33
2018-01-28 02:14:00,2,1,47.63,85.0,55.0,47.6,47.68,47.63,0.0,0.0,0.0,45.0,47.68,0.0,1.0,0.0,120.0,47.68,741.53,0.88,0.0,0.0,18.08,24.55,16.71,68.34,83.23,100.0,68.32
2018-01-28 02:15:00,2,1,47.62,85.0,55.0,47.6,47.67,47.62,0.0,0.0,0.0,45.0,47.67,0.0,1.0,0.0,120.0,47.67,741.53,0.88,0.0,0.0,18.08,24.51,16.71,68.33,84.24,100.0,68.31
2018-01-28 02:16:00,2,1,47.62,85.0,55.0,47.59,47.67,47.62,0.0,0.0,0.0,45.0,47.67,0.0,1.0,0.0,120.0,47.67,741.53,0.88,0.0,0.0,18.08,24.48,16.71,68.32,85.27,100.0,68.3
2018-01-28 02:17:00,2,1,47.61,85.0,55.0,47.59,47.66,47.61,0.0,0.0,0.0,45.0,47.66,0.0,1.0,0.0,120.0,47.66,741.53,0.88,0.0,0.0,18.08,24.45,16.71,68.31,86.31,100.0,68.29
2018-01-28 02:18:00,2,1,47.61,85.0,55.0,47.58,47.66,47.61,0.0,0.0,0.0,45.0,47.66,0.0,1.0,0.0,120.0,47.66,741.53,0.88,0.0,0.0,18.08,24.41,16.71,68.3,87.37,100.0,68.28
2018-01-28 02:19:00,2,1,47.61,85.0,55.0,47.58,47.65,47.61,0.0,0.0,0.0,45.0,47.65,0.0,1.0,0.0,120.0,47.65,741.53,0.88,0.0,0.0,18.08,24.38,16.71,68.29,88.43,100.0,68.27
2018-01-28 02:20:00,2,1,47.6,85.0,55.0,47.57,47.65,47.6,0.0,0.0,0.0,45.0,47.65,0.0,1.0,0.0,120.0,47.65,741.53,0.88,0.0,0.0,18.08,24.35,16.71,68.28,89.51,100.0,68.26
2018-01-28 02:21:00,2,1,47.6,85.0,55.0,47.57,47.64,47.6,0.0,0.0,0.0,45.0,47.64,0.0,1.0,0.0,120.0,47.64,741.53,0.88,0.0,0.0,18.08,24.31,16.71,68.28,90.6,100.0,68.25
2018-01-28 02:22:00,2,1,47.59,85.0,55.0,47.56,47.64,47.59,0.0,0.0,0.0,45.0,47.64,0.0,1.0,0.0,120.0,47.64,741.53,0.88,0.0,0.0,18.08,24.28,16.71,68.27,91.71,100.0,68.25
2018-01-28 02:23:00,2,1,47.59,85.0,55.0,47.56,47.63,47.59,0.0,0.0,0.0,45.0,47.63,0.0,1.0,0.0,120.0,47.64,741.53,0.88,0.0,0.0,18.08,24.24,16.71,68.26,92.82,100.0,68.24
2018-01-28 02:24:00,2,1,47.58,85.0,55.0,47.56,47.63,47.58,0.0,0.0,0.0,45.0,47.63,0.0,1.0,0.0,120.0,47.63,741.53,0.88,0.0,0.0,18.08,24.21,16.71,68.25,93.94,100.0,68.23
2018-01-28 02:25:00,2,1,47.58,85.0,55.0,47.55,47.63,47.58,0.0,0.0,0.0,45.0,47.63,0.0,1.0,0.0,120.0,47.63,741.53,0.88,0.0,0.0,18.08,24.18,16.71,68.24,95.08,100.0,68.22
2018-01-28 02:26:00,2,1,47.57,85.0,55.0,47.55,47.62,47.57,0.0,0.0,0.0,45.0,47.62,0.0,1.0,0.0,120.0,47.62,741.53,0.88,0.0,0.0,18.08,24.14,16.71,68.24,96.22,100.0,68.21
2018-01-28 02:27:00,2,1,47.57,85.0,55.0,47.54,47.62,47.57,0.0,0.0,0.0,45.0,47.62,0.0,1.0,0.0,120.0,47.62,741.53,0.88,0.0,0.0,18.08,24.11,16.71,68.23,97.37,100.0,68.2
2018-01-28 02:28:00,2,1,47.56,85.0,55.0,47.54,47.61,47.56,0.0,0.0,0.0,45.0,47.61,0.0,1.0,0.0,120.0,47.61,741.53,0.88,0.0,0.0,18.08,24.07,16.71,68.22,98.54,100.0,68.2
2018-01-28 02:29:00,2,1,47.56,85.0,55.0,47.53,47.61,47.56,0.0,0.0,0.0,45.0,47.61,0.0,1.0,0.0,120.0,47.61,741.53,0.88,0.0,0.0,18.08,24.04,16.71,68.21,99.71,100.0,68.19
2018-01-28 02:30:00,2,1,47.56,85.0,55.0,47.53,47.6,47.56,0.0,0.0,0.0,45.0,47.6,0.0,1.0,0.0,120.0,47.6,741.53,0.88,0.0,0.0,18.08,24.01,16.71,68.21,100.0,100.0,68.18
2018-01-28 02:31:00,2,1,47.55,85.0,55.0,47.52,47.6,47.55,0.0,0.0,0.0,45.0,47.6,0.0,1.0,0.0,120.0,47.6,741.53,0.88,0.0,0.0,18.08,23.97,16.71,68.2,100.0,100.0,68.17
2018-01-28 02:32:00,2,1,47.55,85.0,55.0,47.52,47.59,47.55,0.0,0.0,0.0,45.0,47.59,0.0,1.0,0.0,120.0,47.59,741.53,0.88,0.0,0.0,18.08,23.94,16.71,68.19,100.0,100.0,68.17
2018-01-28 02:33:00,2,1,47.54,85.0,55.0,47.51,47.59,47.54,0.0,0.0,0.0,45.0,47.59,0.0,1.0,0.0,120.0,47.59,741.53,0.88,0.0,0.0,18.08,23.9,16.71,68.19,100.0,100.0,68.16
2018-01-28 02:34:00,2,1,47.54,85.0,55.0,47.51,47.58,47.54,0.0,0.0,0.0,45.0,47.58,0.0,1.0,0.0,120.0,47.58,741.53,0.88,0.0,0.0,18.08,23.87,16.71,68.18,100.0,100.0,68.15
2018-01-28 02:35:00,2,1,47.53,85.0,55.0,47.5,47.58,47.53,0.0,0.0,0.0,45.0,47.58,0.0,1.0,0.0,120.0,47.58,741.53,0.88,0.0,0.0,18.08,23.83,16.71,68.18,100.0,100.0,68.15
2018-01-28 02:36:00,2,1,47.53,85.0,55.0,47.5,47.57,47.53,0.0,0.0,0.0,45.0,47.57,0.0,1.0,0.0,120.0,47.58,741.53,0.88,0.0,0.0,18.08,23.8,16.71,68.17,100.0,100.0,68.14
2018-01-28 02:37:00,2,1,47.52,85.0,55.0,47.49,47.57,47.52,0.0,0.0,0.0,45.0,47.57,0.0,1.0,0.0,120.0,47.57,741.53,0.88,0.0,0.0,18.08,23.77,16.71,68.16,100.0,100.0,68.14
2018-01-28 02:38:00,2,1,47.52,85.0,55.0,47.49,47.57,47.52,0.0,0.0,0.0,45.0,47.57,0.0,1.0,0.0,120.0,47.57,741.53,0.88,0.0,0.0,18.08,23.73,16.71,68.16,100.0,100.0,68.13
2018-01-28 02:39:00,2,1,47.51,85.0,55.0,47.49,47.56,47.51,0.0,0.0,0.0,45.0,47.56,0.0,1.0,0.0,120.0,47.56,741.53,0.88,0.0,0.0,18.08,23.7,16.71,68.15,100.0,100.0,68.12
2018-01-28 02:40:00,2,1,47.51,85.0,55.0,47.48,47.56,47.51,0.0,0.0,0.0,45.0,47.56,0.0,1.0,0.0,120.0,47.56,741.53,0.88,0.0,0.0,18.08,23.66,16.71,68.15,100.0,100.0,68.12
2018-01-28 02:41:00,2,1,47.5,85.0,55.0,47.48,47.55,47.5,0.0,0.0,0.0,45.0,47.55,0.0,1.0,0.0,120.0,47.55,741.53,0.88,0.0,0.0,18.08,23.63,16.71,68.14,100.0,100.0,68.11
2018-01-28 02:42:00,2,1,47.5,85.0,55.0,47.47,47.55,47.5,0.0,0.0,0.0,45.0,47.55,0.0,1.0,0.0,120.0,47.55,741.53,0.88,0.0,0.0,18.08,23.6,16.71,68.14,100.0,100.0,68.11
2018-01-28 02:43:00,2,1,47.5,85.0,55.0,47.47,47.54,47.5,0.0,0.0,0.0,45.0,47.54,0.0,1.0,0.0,120.0,47.54,741.53,0.88,0.0,0.0,18.08,23.56,16.71,68.13,100.0,100.0,68.1
2018-01-28 02:44:00,2,1,47.49,85.0,55.0,47.46,47.54,47.49,0.0,0.0,0.0,45.0,47.54,0.0,1.0,0.0,120.0,47.54,741.53,0.88,0.0,0.0,18.08,23.53,16.71,68.13,100.0,100.0,68.1
2018-01-28 02:45:00,2,1,47.49,85.0,55.0,47.46,47.53,47.49,0.0,0.0,0.0,45.0,47.53,0.0,1.0,0.0,120.0,47.53,741.53,0.88,0.0,0.0,18.08,23.5,16.71,68.13,100.0,100.0,68.09
2018-01-28 02:46:00,2,1,47.48,85.0,55.0,47.45,47.53,47.48,0.0,0.0,0.0,45.0,47.53,0.0,1.0,0.0,120.0,47.53,741.53,0.88,0.0,0.0,18.08,23.46,16.71,68.12,100.0,100.0,68.09
2018-01-28 02:47:00,2,1,47.48,85.0,55.0,47.45,47.52,47.48,0.0,0.0,0.0,45.0,47.52,0.0,1.0,0.0,120.0,47.52,741.53,0.88,0.0,0.0,18.08,23.43,16.71,68.12,100.0,100.0,68.08
2018-01-28 02:48:00,2,1,47.47,85.0,55.0,47.44,47.52,47.47,0.0,0.0,0.0,45.0,47.52,0.0,1.0,0.0,120.0,47.52,741.53,0.88,0.0,0.0,18.08,23.4,16.71,68.11,100.0,100.0,68.08
2018-01-28 02:49:00,2,1,47.47,85.0,55.0,47.44,47.51,47.47,0.0,0.0,0.0,45.0,47.51,0.0,1.0,0.0,120.0,47.51,741.53,0.88,0.0,0.0,18.08,23.36,16.71,68.11,100.0,100.0,68.08
2018-01-28 02:50:00,2,1,47.46,85.0,55.0,47.43,47.51,47.46,0.0,0.0,0.0,45.0,47.51,0.0,1.0,0.0,120.0,47.51,741.53,0.88,0.0,0.0,18.08,23.33,16.71,68.11,100.0,100.0,68.07
2018-01-28 02:51:00,2,1,47.46,85.0,55.0,47.43,47.5,47.46,0.0,0.0,0.0,45.0,47.5,0.0,1.0,0.0,120.0,47.51,741.53,0.88,0.0,0.0,18.08,23.3,16.71,68.1,100.0,100.0,68.07
2018-01-28 02:52:00,2,1,47.45,85.0,55.0,47.42,47.5,47.45,0.0,0.0,0.0,45.0,47.5,0.0,1.0,0.0,120.0,47.5,741.53,0.88,0.0,0.0,18.08,23.27,16.71,68.1,100.0,100.0,68.07
2018-01-28 02:53:00,2,1,47.45,85.0,55.0,47.42,47.5,47.45,0.0,0.0,0.0,45.0,47.5,0.0,1.0,0.0,120.0,47.5,741.53,0.88,0.0,0.0,18.08,23.23,16.71,68.1,100.0,100.0,68.06
2018-01-28 02:54:00,2,1,47.44,85.0,55.0,47.42,47.49,47.44,0.0,0.0,0.0,45.0,47.49,0.0,1.0,0.0,120.0,47.49,741.53,0.88,0.0,0.0,18.08,23.2,16.71,68.09,100.0,100.0,68.06
2018-01-28 02:55:00,2,1,47.44,85.0,55.0,47.41,47.49,47.44,0.0,0.0,0.0,45.0,47.49,0.0,1.0,0.0,120.0,47.49,741.53,0.88,0.0,0.0,18.08,23.17,16.71,68.09,100.0,100.0,68.06
2018-01-28 02:56:00,2,1,47.44,85.0,55.0,47.41,47.48,47.44,0.0,0.0,0.0,45.0,47.48,0.0,1.0,0.0,120.0,47.48,741.53,0.88,0.0,0.0,18.08,23.14,16.71,68.09,100.0,100.0,68.05
2018-01-28 02:57:00,2,1,47.43,85.0,55.0,47.4,47.48,47.43,0.0,0.0,0.0,45.0,47.48,0.0,1.0,0.0,120.0,47.48,741.53,0.88,0.0,0.0,18.08,23.11,16.71,68.09,100.0,100.0,68.05
2018-01-28 02:58:00,2,1,47.43,85.0,55.0,47.4,47.47,47.43,0.0,0.0,0.0,45.0,47.47,0.0,1.0,0.0,120.0,47.47,741.53,0.88,0.0,0.0,18.08,23.08,16.71,68.08,100.0,100.0,68.05
2018-01-28 02:59:00,2,1,47.42,85.0,55.0,47.39,47.47,47.42,0.0,0.0,0.0,45.0,47.47,0.0,1.0,0.0,120.0,47.47,741.53,0.88,0.0,0.0,18.08,23.04,16.71,68.08,100.0,100.0,68.04
2018-01-28 03:00:00,2,1,47.42,85.0,55.0,47.39,47.46,47.42,0.0,0.0,0.0,45.0,47.46,0.0,1.0,0.0,120.0,47.46,741.53,0.88,0.0,0.0,18.08,23.01,16.71,68.08,100.0,100.0,68.04
2018-01-28 03:01:00,2,1,47.41,85.0,55.0,47.38,47.46,47.41,0.0,0.0,0.0,45.0,47.46,0.0,1.0,0.0,120.0,47.46,741.53,0.88,0.0,0.0,18.08,22.98,16.71,68.08,85.87,100.0,68.04
2018-01-28 03:02:00,2,1,47.41,85.0,55.0,47.38,47.45,47.41,0.0,0.0,0.0,45.0,47.45,0.0,1.0,0.0,120.0,47.45,741.53,0.88,0.0,0.0,18.08,22.95,16.71,68.08,80.39,100.0,68.04
2018-01-28 03:03:00,2,1,47.4,85.0,55.0,47.37,47.45,47.4,0.0,0.0,0.0,45.0,47.45,0.0,1.0,0.0,120.0,47.45,741.53,0.88,0.0,0.0,18.08,22.91,16.71,68.07,79.91,100.0,68.03
2018-01-28 03:04:00,2,1,47.4,85.0,55.0,47.37,47.44,47.4,0.0,0.0,0.0,45.0,47.44,0.0,1.0,0.0,120.0,47.45,741.53,0.88,0.0,0.0,18.08,22.88,16.71,68.07,80.11,100.0,68.03
2018-01-28 03:05:00,2,1,47.39,85.0,55.0,47.36,47.44,47.39,0.0,0.0,0.0,45.0,47.44,0.0,1.0,0.0,120.0,47.44,741.53,0.88,0.0,0.0,18.08,22.85,16.71,68.07,80.38,100.0,68.03
2018-01-28 03:06:00,2,1,47.39,85.0,55.0,47.36,47.43,47.39,0.0,0.0,0.0,45.0,47.43,0.0,1.0,0.0,120.0,47.44,741.53,0.88,0.0,0.0,18.08,22.81,16.71,68.07,80.67,100.0,68.03
2018-01-28 03:07:00,2,1,47.38,85.0,55.0,47.36,47.43,47.38,0.0,0.0,0.0,45.0,47.43,0.0,1.0,0.0,120.0,47.43,741.53,0.88,0.0,0.0,18.08,22.78,16.71,68.07,80.94,100.0,68.03
2018-01-28 03:08:00,2,1,47.38,85.0,55.0,47.35,47.43,47.38,0.0,0.0,0.0,45.0,47.43,0.0,1.0,0.0,120.0,47.43,741.53,0.88,0.0,0.0,18.08,22.75,16.71,68.07,81.21,100.0,68.03
2018-01-28 03:09:00,2,1,47.38,85.0,55.0,47.35,47.42,47.38,0.0,0.0,0.0,45.0,47.42,0.0,1.0,0.0,120.0,47.42,741.53,0.88,0.0,0.0,18.08,22.72,16.71,68.07,81.47,100.0,68.02
2018-01-28 03:10:00,2,1,47.37,85.0,55.0,47.34,47.42,47.37,0.0,0.0,0.0,45.0,47.42,0.0,1.0,0.0,120.0,47.42,741.53,0.88,0.0,0.0,18.08,22.68,16.71,68.06,81.72,100.0,68.02
2018-01-28 03:11:00,2,1,47.37,85.0,55.0,47.34,47.41,47.37,0.0,0.0,0.0,45.0,47.41,0.0,1.0,0.0,120.0,47.41,741.53,0.88,0.0,0.0,18.08,22.65,16.71,68.06,81.96,100.0,68.02
2018-01-28 03:12:00,2,1,47.36,85.0,55.0,47.33,47.41,47.36,0.0,0.0,0.0,45.0,47.41,0.0,1.0,0.0,120.0,47.41,741.53,0.88,0.0,0.0,18.08,22.62,16.71,68.06,82.2,100.0,68.02
2018-01-28 03:13:00,2,1,47.36,85.0,55.0,47.33,47.4,47.36,0.0,0.0,0.0,45.0,47.4,0.0,1.0,0.0,120.0,47.4,741.53,0.88,0.0,0.0,18.08,22.59,16.71,68.06,82.43,100.0,68.02
2018-01-28 03:14:00,2,1,47.35,85.0,55.0,47.32,47.4,47.35,0.0,0.0,0.0,45.0,47.4,0.0,1.0,0.0,120.0,47.4,741.53,0.88,0.0,0.0,18.08,22.56,16.71,68.06,82.65,100.0,68.02
2018-01-28 03:15:00,2,1,47.35,85.0,55.0,47.32,47.39,47.35,0.0,0.0,0.0,45.0,47.39,0.0,1.0,0.0,120.0,47.39,741.53,0.88,0.0,0.0,18.08,22.53,16.71,68.06,82.86,100.0,68.02
2018-01-28 03:16:00,2,1,47.34,85.0,55.0,47.31,47.39,47.34,0.0,0.0,0.0,45.0,47.39,0.0,1.0,0.0,120.0,47.39,741.53,0.88,0.0,0.0,18.08,22.5,16.71,68.06,83.06,100.0,68.01
2018-01-28 03:17:00,2,1,47.34,85.0,55.0,47.31,47.38,47.34,0.0,0.0,0.0,45.0,47.38,0.0,1.0,0.0,120.0,47.38,741.53,0.88,0.0,0.0,18.08,22.47,16.71,68.06,83.25,100.0,68.01
2018-01-28 03:18:00,2,1,47.33,85.0,55.0,47.3,47.38,47.33,0.0,0.0,0.0,45.0,47.38,0.0,1.0,0.0,120.0,47.38,741.53,0.88,0.0,0.0,18.08,22.45,16.71,68.06,83.44,100.0,68.01
2018-01-28 03:19:00,2,1,47.33,85.0,55.0,47.3,47.37,47.33,0.0,0.0,0.0,45.0,47.37,0.0,1.0,0.0,120.0,47.38,741.53,0.88,0.0,0.0,18.08,22.42,16.71,68.06,83.62,100.0,68.01
2018-01-28 03:20:00,2,1,47.32,85.0,55.0,47.3,47.37,47.32,0.0,0.0,0.0,45.0,47.37,0.0,1.0,0.0,120.0,47.37,741.53,0.88,0.0,0.0,18.08,22.39,16.71,68.05,83.79,100.0,68.01
2018-01-28 03:21:00,2,1,47.32,85.0,55.0,47.29,47.37,47.32,0.0,0.0,0.0,45.0,47.37,0.0,1.0,0.0,120.0,47.37,741.53,0.88,0.0,0.0,18.08,22.37,16.71,68.05,83.95,100.0,68.01
2018-01-28 03:22:00,2,1,47.32,85.0,55.0,47.29,47.36,47.32,0.0,0.0,0.0,45.0,47.36,0.0,1.0,0.0,120.0,47.36,741.53,0.88,0.0,0.0,18.08,22.34,16.71,68.05,84.1,100.0,68.01
2018-01-28 03:23:00,2,1,47.31,85.0,55.0,47.28,47.36,47.31,0.0,0.0,0.0,45.0,47.36,0.0,1.0,0.0,120.0,47.36,741.53,0.88,0.0,0.0,18.08,22.31,16.71,68.05,84.24,100.0,68.01
2018-01-28 03:24:00,2,1,47.31,85.0,55.0,47.28,47.35,47.31,0.0,0.0,0.0,45.0,47.35,0.0,1.0,0.0,120.0,47.35,741.53,0.88,0.0,0.0,18.08,22.29,16.71,68.05,84.38,100.0,68.01
2018-01-28 03:25:00,2,1,47.3,85.0,55.0,47.27,47.35,47.3,0.0,0.0,0.0,45.0,47.35,0.0,1.0,0.0,120.0,47.35,741.53,0.88,0.0,0.0,18.08,22.27,16.71,68.05,84.5,100.0,68.01
2018-01-28 03:26:00,2,1,47.3,85.0,55.0,47.27,47.34,47.3,0.0,0.0,0.0,45.0,47.34,0.0,1.0,0.0,120.0,47.34,741.53,0.88,0.0,0.0,18.08,22.24,16.71,68.05,84.62,100.0,68.0
2018-01-28 03:27:00,2,1,47.29,85.0,55.0,47.26,47.34,47.29,0.0,0.0,0.0,45.0,47.34,0.0,1.0,0.0,120.0,47.34,741.53,0.88,0.0,0.0,18.08,22.22,16.71,68.05,84.73,100.0,68.0
2018-01-28 03:28:00,2,1,47.29,85.0,55.0,47.26,47.33,47.29,0.0,0.0,0.0,45.0,47.33,0.0,1.0,0.0,120.0,47.34,741.53,0.88,0.0,0.0,18.08,22.2,16.71,68.05,84.83,100.0,68.0
2018-01-28 03:29:00,2,1,47.29,85.0,55.0,47.26,47.33,47.29,0.0,0.0,0.0,45.0,47.33,0.0,1.0,0.0,120.0,47.33,741.53,0.88,0.0,0.0,18.08,22.18,16.71,68.05,84.92,100.0,68.0
2018-01-28 03:30:00,2,1,47.28,85.0,55.0,47.25,47.33,47.28,0.0,0.0,0.0,45.0,47.33,0.0,1.0,0.0,120.0,47.33,741.53,0.88,0.0,0.0,18.08,22.15,16.71,68.05,85.0,100.0,68.0
2018-01-28 03:31:00,2,1,47.28,85.0,55.0,47.25,47.32,47.28,0.0,0.0,0.0,45.0,47.32,0.0,1.0,0.0,120.0,47.32,741.53,0.88,0.0,0.0,18.08,22.13,16.71,68.04,85.07,100.0,68.0
2018-01-28 03:32:00,2,1,47.27,85.0,55.0,47.24,47.32,47.27,0.0,0.0,0.0,45.0,47.32,0.0,1.0,0.0,120.0,47.32,741.53,0.88,0.0,0.0,18.08,22.11,16.71,68.04,85.14,100.0,68.0
2018-01-28 03:33:00,2,1,47.27,85.0,55.0,47.24,47.31,47.27,0.0,0.0,0.0,45.0,47.31,0.0,1.0,0.0,120.0,47.31,741.53,0.88,0.0,0.0,18.08,22.1,16.71,68.04,85.19,100.0,68.0
2018-01-28 03:34:00,2,1,47.26,85.0,55.0,47.23,47.31,47.26,0.0,0.0,0.0,45.0,47.31,0.0,1.0,0.0,120.0,47.31,741.53,0.88,0.0,0.0,18.08,22.08,16.71,68.04,85.24,100.0,67.99
2018-01-28 03:35:00,2,1,47.26,85.0,55.0,47.23,47.3,47.26,0.0,0.0,0.0,45.0,47.3,0.0,1.0,0.0,120.0,47.31,741.53,0.88,0.0,0.0,18.08,22.06,16.71,68.04,85.28,100.0,67.99
2018-01-28 03:36:00,2,1,47.26,85.0,55.0,47.23,47.3,47.26,0.0,0.0,0.0,45.0,47.3,0.0,1.0,0.0,120.0,47.3,741.53,0.88,0.0,0.0,18.08,22.04,16.71,68.04,85.3,100.0,67.99
2018-01-28 03:37:00,2,1,47.25,85.0,55.0,47.22,47.3,47.25,0.0,0.0,0.0,45.0,47.3,0.0,1.0,0.0,120.0,47.3,741.53,0.88,0.0,0.0,18.08,22.03,16.71,68.04,85.32,100.0,67.99
2018-01-28 03:38:00,2,1,47.25,85.0,55.0,47.22,47.29,47.25,0.0,0.0,0.0,45.0,47.29,0.0,1.0,0.0,120.0,47.29,741.53,0.88,0.0,0.0,18.08,22.01,16.71,68.04,85.33,100.0,67.99
2018-01-28 03:39:00,2,1,47.24,85.0,55.0,47.21,47.29,47.24,0.0,0.0,0.0,45.0,47.29,0.0,1.0,0.0,120.0,47.29,741.53,0.88,0.0,0.0,18.08,22.0,16.71,68.03,85.33,100.0,67.99
2018-01-28 03:40:00,2,1,47.24,85.0,55.0,47.21,47.28,47.24,0.0,0.0,0.0,45.0,47.28,0.0,1.0,0.0,120.0,47.28,741.53,0.88,0.0,0.0,18.08,21.99,16.71,68.03,85.32,100.0,67.99
2018-01-28 03:41:00,2,1,47.24,85.0,55.0,47.21,47.28,47.24,0.0,0.0,0.0,45.0,47.28,0.0,1.0,0.0,120.0,47.28,741.53,0.88,0.0,0.0,18.08,21.97,16.71,68.03,85.3,100.0,67.98
2018-01-28 03:42:00,2,1,47.23,85.0,55.0,47.2,47.28,47.23,0.0,0.0,0.0,45.0,47.28,0.0,1.0,0.0,120.0,47.28,741.53,0.88,0.0,0.0,18.08,21.96,16.71,68.03,85.27,100.0,67.98
2018-01-28 03:43:00,2,1,47.23,85.0,55.0,47.2,47.27,47.23,0.0,0.0,0.0,45.0,47.27,0.0,1.0,0.0,120.0,47.27,741.53,0.88,0.0,0.0,18.08,21.95,16.71,68.03,85.24,100.0,67.98
2018-01-28 03:44:00,2,1,47.22,85.0,55.0,47.19,47.27,47.22,0.0,0.0,0.0,45.0,47.27,0.0,1.0,0.0,120.0,47.27,741.53,0.88,0.0,0.0,18.08,21.94,16.71,68.02,85.19,100.0,67.98
2018-01-28 03:45:00,2,1,47.22,85.0,55.0,47.19,47.26,47.22,0.0,0.0,0.0,45.0,47.26,0.0,1.0,0.0,120.0,47.27,741.53,0.88,0.0,0.0,18.08,21.93,16.71,68.02,85.13,100.0,67.98
2018-01-28 03:46:00,2,1,47.22,85.0,55.0,47.19,47.26,47.22,0.0,0.0,0.0,45.0,47.26,0.0,1.0,0.0,120.0,47.26,741.53,0.88,0.0,0.0,18.08,21.92,16.71,68.02,85.07,100.0,67.97
2018-01-28 03:47:00,2,1,47.21,85.0,55.0,47.18,47.26,47.21,0.0,0.0,0.0,45.0,47.26,0.0,1.0,0.0,120.0,47.26,741.53,0.88,0.0,0.0,18.08,21.92,16.71,68.02,84.99,100.0,67.97
2018-01-28 03:48:00,2,1,47.21,85.0,55.0,47.18,47.25,47.21,0.0,0.0,0.0,45.0,47.25,0.0,1.0,0.0,120.0,47.25,741.53,0.88,0.0,0.0,18.08,21.91,16.71,68.01,84.9,100.0,67.97
2018-01-28 03:49:00,2,1,47.21,85.0,55.0,47.18,47.25,47.21,0.0,0.0,0.0,45.0,47.25,0.0,1.0,0.0,120.0,47.25,741.53,0.88,0.0,0.0,18.08,21.91,16.71,68.01,84.81,100.0,67.97
2018-01-28 03:50:00,2,1,47.2,85.0,55.0,47.17,47.25,47.2,0.0,0.0,0.0,45.0,47.25,0.0,1.0,0.0,120.0,47.25,741.53,0.88,0.0,0.0,18.08,21.9,16.71,68.01,84.7,100.0,67.96
2018-01-28 03:51:00,2,1,47.2,85.0,55.0,47.17,47.24,47.2,0.0,0.0,0.0,45.0,47.24,0.0,1.0,0.0,120.0,47.24,741.53,0.88,0.0,0.0,18.08,21.9,16.71,68.01,84.59,100.0,67.96
2018-01-28 03:52:00,2,1,47.19,85.0,55.0,47.16,47.24,47.19,0.0,0.0,0.0,45.0,47.24,0.0,1.0,0.0,120.0,47.24,741.53,0.88,0.0,0.0,18.08,21.9,16.71,68.0,84.46,100.0,67.96
2018-01-28 03:53:00,2,1,47.19,85.0,55.0,47.16,47.24,47.19,0.0,0.0,0.0,45.0,47.24,0.0,1.0,0.0,120.0,47.24,741.53,0.88,0.0,0.0,18.08,21.9,16.71,68.0,84.33,100.0,67.95
2018-01-28 03:54:00,2,1,47.19,85.0,55.0,47.16,47.23,47.19,0.0,0.0,0.0,45.0,47.23,0.0,1.0,0.0,120.0,47.23,741.53,0.88,0.0,0.0,18.08,21.89,16.71,68.0,84.18,100.0,67.95
2018-01-28 03:55:00,2,1,47.18,85.0,55.0,47.15,47.23,47.18,0.0,0.0,0.0,45.0,47.23,0.0,1.0,0.0,120.0,47.23,741.53,0.88,0.0,0.0,18.08,21.9,16.71,67.99,84.03,100.0,67.95
2018-01-28 03:56:00,2,1,47.18,85.0,55.0,47.15,47.23,47.18,0.0,0.0,0.0,45.0,47.23,0.0,1.0,0.0,120.0,47.23,741.53,0.88,0.0,0.0,18.08,21.9,16.71,67.99,83.86,100.0,67.94
2018-01-28 03:57:00,2,1,47.18,85.0,55.0,47.15,47.22,47.18,0.0,0.0,0.0,45.0,47.22,0.0,1.0,0.0,120.0,47.22,741.53,0.88,0.0,0.0,18.08,21.9,16.71,67.98,83.69,100.0,67.94
2018-01-28 03:58:00,2,1,47.17,85.0,55.0,47.14,47.22,47.17,0.0,0.0,0.0,45.0,47.22,0.0,1.0,0.0,120.0,47.22,741.53,0.88,0.0,0.0,18.08,21.91,16.71,67.98,83.51,100.0,67.93
2018-01-28 03:59:00,2,1,47.17,85.0,55.0,47.14,47.22,47.17,0.0,0.0,0.0,45.0,47.22,0.0,1.0,0.0,120.0,47.22,741.53,0.88,0.0,0.0,18.08,21.91,16.71,67.98,83.31,100.0,67.93
2018-01-28 04:00:00,2,1,47.17,85.0,55.0,47.14,47.21,47.17,0.0,0.0,0.0,45.0,47.21,0.0,1.0,0.0,120.0,47.21,741.53,0.88,0.0,0.0,18.08,21.92,16.71,67.97,83.1,100.0,67.93
2018-01-28 04:01:00,2,1,47.17,85.0,55.0,47.14,47.21,47.17,0.0,0.0,0.0,45.0,47.21,0.0,1.0,0.0,120.0,47.21,741.53,0.88,0.0,0.0,18.08,21.94,16.71,67.97,82.76,100.0,67.92
2018-01-28 04:02:00,2,1,47.16,85.0,55.0,47.13,47.21,47.16,0.0,0.0,0.0,45.0,47.21,0.0,1.0,0.0,120.0,47.21,741.53,0.88,0.0,0.0,18.08,21.98,16.71,67.96,82.33,100.0,67.92
2018-01-28 04:03:00,2,1,47.16,85.0,55.0,47.13,47.2,47.16,0.0,0.0,0.0,45.0,47.2,0.0,1.0,0.0,120.0,47.2,741.53,0.88,0.0,0.0,18.08,22.02,16.71,67.95,81.87,100.0,67.91
2018-01-28 04:04:00,2,1,47.16,85.0,55.0,47.13,47.2,47.16,0.0,0.0,0.0,45.0,47.2,0.0,1.0,0.0,120.0,47.2,741.53,0.88,0.0,0.0,18.08,22.07,16.71,67.95,81.41,100.0,67.9
2018-01-28 04:05:00,2,1,47.16,85.0,55.0,47.13,47.2,47.16,0.0,0.0,0.0,45.0,47.2,0.0,1.0,0.0,120.0,47.2,741.53,0.88,0.0,0.0,18.08,22.11,16.71,67.94,80.94,100.0,67.9
2018-01-28 04:06:00,2,1,47.15,85.0,55.0,47.12,47.2,47.15,0.0,0.0,0.0,45.0,47.2,0.0,1.0,0.0,120.0,47.2,741.53,0.88,0.0,0.0,18.08,22.15,16.71,67.93,80.46,100.0,67.89
2018-01-28 04:07:00,2,1,47.15,85.0,55.0,47.12,47.19,47.15,0.0,0.0,0.0,45.0,47.19,0.0,1.0,0.0,120.0,47.2,741.53,0.88,0.0,0.0,18.08,22.2,16.71,67.92,79.97,100.0,67.88
2018-01-28 04:08:00,2,1,47.15,85.0,55.0,47.12,47.19,47.15,0.0,0.0,0.0,45.0,47.19,0.0,1.0,0.0,120.0,47.19,741.53,0.88,0.0,0.0,18.08,22.24,16.71,67.92,79.47,100.0,67.87
2018-01-28 04:09:00,2,1,47.15,85.0,55.0,47.12,47.19,47.15,0.0,0.0,0.0,45.0,47.19,0.0,1.0,0.0,120.0,47.19,741.53,0.88,0.0,0.0,18.08,22.29,16.71,67.91,78.96,100.0,67.86
2018-01-28 04:10:00,2,1,47.15,85.0,55.0,47.12,47.19,47.15,0.0,0.0,0.0,45.0,47.19,0.0,1.0,0.0,120.0,47.19,741.53,0.88,0.0,0.0,18.08,22.34,16.71,67.9,78.45,100.0,67.85
2018-01-28 04:11:00,2,1,47.14,85.0,55.0,47.12,47.19,47.14,0.0,0.0,0.0,45.0,47.19,0.0,1.0,0.0,120.0,47.19,741.53,0.88,0.0,0.0,18.08,22.39,16.71,67.89,77.93,100.0,67.85
2018-01-28 04:12:00,2,1,47.14,85.0,55.0,47.11,47.19,47.14,0.0,0.0,0.0,45.0,47.19,0.0,1.0,0.0,120.0,47.19,741.53,0.88,0.0,0.0,18.08,22.44,16.71,67.88,77.4,100.0,67.83
2018-01-28 04:13:00,2,1,47.14,85.0,55.0,47.11,47.19,47.14,0.0,0.0,0.0,45.0,47.19,0.0,1.0,0.0,120.0,47.19,741.53,0.88,0.0,0.0,18.08,22.49,16.71,67.86,76.87,100.0,67.82
2018-01-28 04:14:00,2,1,47.14,85.0,55.0,47.11,47.18,47.14,0.0,0.0,0.0,45.0,47.18,0.0,1.0,0.0,120.0,47.18,741.53,0.88,0.0,0.0,18.08,22.54,16.71,67.85,76.33,100.0,67.81
2018-01-28 04:15:00,2,1,47.14,85.0,55.0,47.11,47.18,47.14,0.0,0.0,0.0,45.0,47.18,0.0,1.0,0.0,120.0,47.18,741.53,0.88,0.0,0.0,18.08,22.59,16.71,67.84,75.78,100.0,67.8
2018-01-28 04:16:00,2,1,47.14,85.0,55.0,47.11,47.18,47.14,0.0,0.0,0.0,45.0,47.18,0.0,1.0,0.0,120.0,47.18,741.53,0.88,0.0,0.0,18.08,22.64,16.71,67.83,75.23,100.0,67.79
2018-01-28 04:17:00,2,1,47.14,85.0,55.0,47.11,47.18,47.14,0.0,0.0,0.0,45.0,47.18,0.0,1.0,0.0,120.0,47.18,741.53,0.88,0.0,0.0,18.08,22.69,16.71,67.82,74.67,100.0,67.78
2018-01-28 04:18:00,2,1,47.14,85.0,55.0,47.11,47.18,47.14,0.0,0.0,0.0,45.0,47.18,0.0,1.0,0.0,120.0,47.18,741.53,0.88,0.0,0.0,18.08,22.75,16.71,67.8,74.11,100.0,67.77
2018-01-28 04:19:00,2,1,47.14,85.0,55.0,47.11,47.18,47.14,0.0,0.0,0.0,45.0,47.18,0.0,1.0,0.0,120.0,47.18,741.53,0.88,0.0,0.0,18.08,22.8,16.71,67.79,73.54,100.0,67.75
2018-01-28 04:20:00,2,1,47.14,85.0,55.0,47.11,47.18,47.14,0.0,0.0,0.0,45.0,47.18,0.0,1.0,0.0,120.0,47.18,741.53,0.88,0.0,0.0,18.08,22.86,16.71,67.78,72.97,100.0,67.74
2018-01-28 04:21:00,2,1,47.14,85.0,55.0,47.11,47.18,47.14,0.0,0.0,0.0,45.0,47.18,0.0,1.0,0.0,120.0,47.18,741.53,0.88,0.0,0.0,18.08,22.91,16.71,67.76,72.39,100.0,67.73
2018-01-28 04:22:00,2,1,47.14,85.0,55.0,47.11,47.18,47.14,0.0,0.0,0.0,45.0,47.18,0.0,1.0,0.0,120.0,47.18,741.53,0.88,0.0,0.0,18.08,22.96,16.71,67.75,71.81,100.0,67.71
2018-01-28 04:23:00,2,1,47.13,85.0,55.0,47.11,47.18,47.13,0.0,0.0,0.0,45.0,47.18,0.0,1.0,0.0,120.0,47.18,741.53,0.88,0.0,0.0,18.08,23.02,16.71,67.73,100.0,100.0,67.7
2018-01-28 04:24:00,2,1,47.13,85.0,55.0,47.11,47.18,47.13,0.0,0.0,0.0,45.0,47.18,0.0,1.0,0.0,120.0,47.18,741.53,0.88,0.0,0.0,18.08,23.08,16.71,67.72,100.0,100.0,67.68
2018-01-28 04:25:00,2,1,47.13,85.0,55.0,47.11,47.18,47.13,0.0,0.0,0.0,45.0,47.18,0.0,1.0,0.0,120.0,47.18,741.53,0.88,0.0,0.0,18.08,23.13,16.71,67.7,100.0,100.0,67.67
2018-01-28 04:26:00,2,1,47.13,85.0,55.0,47.11,47.18,47.13,0.0,0.0,0.0,45.0,47.18,0.0,1.0,0.0,120.0,47.18,741.53,0.88,0.0,0.0,18.08,23.19,16.71,67.69,100.0,100.0,67.66
2018-01-28 04:27:00,2,1,47.13,85.0,55.0,47.11,47.18,47.13,0.0,0.0,0.0,45.0,47.18,0.0,1.0,0.0,120.0,47.18,741.53,0.88,0.0,0.0,18.08,23.24,16.71,67.67,100.0,100.0,67.64
2018-01-28 04:28:00,2,1,47.13,85.0,55.0,47.11,47.18,47.13,0.0,0.0,0.0,45.0,47.18,0.0,1.0,0.0,120.0,47.18,741.53,0.88,0.0,0.0,18.08,23.3,16.71,67.66,100.0,100.0,67.62
2018-01-28 04:29:00,2,1,47.13,85.0,55.0,47.1,47.18,47.13,0.0,0.0,0.0,45.0,47.18,0.0,1.0,0.0,120.0,47.18,741.53,0.88,0.0,0.0,18.08,23.36,16.71,67.64,100.0,100.0,67.61
2018-01-28 04:30:00,2,1,47.13,85.0,55.0,47.1,47.18,47.13,0.0,0.0,0.0,45.0,47.18,0.0,1.0,0.0,120.0,47.18,741.53,0.88,0.0,0.0,18.08,23.41,16.71,67.62,100.0,100.0,67.59
2018-01-28 04:31:00,2,1,47.13,85.0,55.0,47.11,47.18,47.13,0.0,0.0,0.0,45.0,47.18,0.0,1.0,0.0,120.0,47.18,741.53,0.88,0.0,0.0,18.08,23.47,16.71,67.61,100.0,100.0,67.58
2018-01-28 04:32:00,2,1,47.13,85.0,55.0,47.11,47.18,47.13,0.0,0.0,0.0,45.0,47.18,0.0,1.0,0.0,120.0,47.18,741.53,0.88,0.0,0.0,18.08,23.53,16.71,67.59,100.0,100.0,67.56
2018-01-28 04:33:00,2,1,47.13,85.0,55.0,47.11,47.18,47.13,0.0,0.0,0.0,45.0,47.18,0.0,1.0,0.0,120.0,47.18,741.53,0.88,0.0,0.0,18.08,23.58,16.71,67.57,100.0,100.0,67.54
2018-01-28 04:34:00,2,1,47.13,85.0,55.0,47.11,47.18,47.13,0.0,0.0,0.0,45.0,47.18,0.0,1.0,0.0,120.0,47.18,741.53,0.88,0.0,0.0,18.08,23.64,16.71,67.55,100.0,100.0,67.53
2018-01-28 04:35:00,2,1,47.13,85.0,55.0,47.11,47.18,47.13,0.0,0.0,0.0,45.0,47.18,0.0,1.0,0.0,120.0,47.18,741.53,0.88,0.0,0.0,18.08,23.7,16.71,67.54,100.0,100.0,67.51
2018-01-28 04:36:00,2,1,47.13,85.0,55.0,47.11,47.18,47.13,0.0,0.0,0.0,45.0,47.18,0.0,1.0,0.0,120.0,47.18,741.53,0.88,0.0,0.0,18.08,23.75,16.71,67.52,100.0,100.0,67.49
2018-01-28 04:37:00,2,1,47.13,85.0,55.0,47.11,47.18,47.13,0.0,0.0,0.0,45.0,47.18,0.0,1.0,0.0,120.0,47.18,741.53,0.88,0.0,0.0,18.08,23.81,16.71,67.5,100.0,100.0,67.47
2018-01-28 04:38:00,2,1,47.13,85.0,55.0,47.11,47.18,47.13,0.0,0.0,0.0,45.0,47.18,0.0,1.0,0.0,120.0,47.18,741.53,0.88,0.0,0.0,18.08,23.86,16.71,67.48,100.0,100.0,67.46
2018-01-28 04:39:00,2,1,47.13,85.0,55.0,47.11,47.18,47.13,0.0,0.0,0.0,45.0,47.18,0.0,1.0,0.0,120.0,47.18,741.53,0.88,0.0,0.0,18.08,23.92,16.71,67.46,100.0,100.0,67.44
2018-01-28 04:40:00,2,1,47.13,85.0,55.0,47.11,47.18,47.13,0.0,0.0,0.0,45.0,47.18,0.0,1.0,0.0,120.0,47.18,741.53,0.88,0.0,0.0,18.08,23.97,16.71,67.44,98.77,100.0,67.42
2018-01-28 04:41:00,2,1,47.13,85.0,55.0,47.11,47.18,47.13,0.0,0.0,0.0,45.0,47.18,0.0,1.0,0.0,120.0,47.18,741.53,0.88,0.0,0.0,18.08,24.03,16.71,67.43,97.4,100.0,67.4
2018-01-28 04:42:00,2,1,47.13,85.0,55.0,47.11,47.18,47.13,0.0,0.0,0.0,45.0,47.18,0.0,1.0,0.0,120.0,47.18,741.53,0.88,0.0,0.0,18.08,24.08,16.71,67.41,96.06,100.0,67.38
2018-01-28 04:43:00,2,1,47.13,85.0,55.0,47.11,47.18,47.13,0.0,0.0,0.0,45.0,47.18,0.0,1.0,0.0,120.0,47.18,741.53,0.88,0.0,0.0,18.08,24.14,16.71,67.39,94.73,100.0,67.36
2018-01-28 04:44:00,2,1,47.14,85.0,55.0,47.11,47.18,47.14,0.0,0.0,0.0,45.0,47.18,0.0,1.0,0.0,120.0,47.18,741.53,0.88,0.0,0.0,18.08,24.19,16.71,67.37,93.42,100.0,67.34
2018-01-28 04:45:00,2,1,47.14,85.0,55.0,47.11,47.18,47.14,0.0,0.0,0.0,45.0,47.18,0.0,1.0,0.0,120.0,47.18,741.53,0.88,0.0,0.0,18.08,24.25,16.71,67.35,92.14,100.0,67.32
2018-01-28 04:46:00,2,1,47.14,85.0,55.0,47.11,47.18,47.14,0.0,0.0,0.0,45.0,47.18,0.0,1.0,0.0,120.0,47.18,741.53,0.88,0.0,0.0,18.08,24.3,16.71,67.33,90.87,100.0,67.31
2018-01-28 04:47:00,2,1,47.14,85.0,55.0,47.11,47.18,47.14,0.0,0.0,0.0,45.0,47.18,0.0,1.0,0.0,120.0,47.18,741.53,0.88,0.0,0.0,18.08,24.35,16.71,67.31,89.62,100.0,67.29
2018-01-28 04:48:00,2,1,47.14,85.0,55.0,47.11,47.18,47.14,0.0,0.0,0.0,45.0,47.18,0.0,1.0,0.0,120.0,47.18,741.53,0.88,0.0,0.0,18.08,24.4,16.71,67.29,88.4,100.0,67.27
2018-01-28 04:49:00,2,1,47.14,85.0,55.0,47.11,47.18,47.14,0.0,0.0,0.0,45.0,47.18,0.0,1.0,0.0,120.0,47.18,741.53,0.88,0.0,0.0,18.08,24.45,16.71,67.27,87.19,100.0,67.25
2018-01-28 04:50:00,2,1,47.14,85.0,55.0,47.11,47.18,47.14,0.0,0.0,0.0,45.0,47.18,0.0,1.0,0.0,120.0,47.18,741.53,0.88,0.0,0.0,18.08,24.5,16.71,67.25,86.01,100.0,67.23
2018-01-28 04:51:00,2,1,47.14,85.0,55.0,47.11,47.18,47.14,0.0,0.0,0.0,45.0,47.18,0.0,1.0,0.0,120.0,47.18,741.53,0.88,0.0,0.0,18.08,24.55,16.71,67.22,84.85,100.0,67.21
2018-01-28 04:52:00,2,1,47.14,85.0,55.0,47.11,47.18,47.14,0.0,0.0,0.0,45.0,47.18,0.0,1.0,0.0,120.0,47.18,741.53,0.88,0.0,0.0,18.08,24.6,16.71,67.2,83.71,100.0,67.18
2018-01-28 04:53:00,2,1,47.14,85.0,55.0,47.11,47.18,47.14,0.0,0.0,0.0,45.0,47.18,0.0,1.0,0.0,120.0,47.18,741.53,0.88,0.0,0.0,18.08,24.65,16.71,67.18,82.59,100.0,67.16
2018-01-28 04:54:00,2,1,47.14,85.0,55.0,47.11,47.18,47.14,0.0,0.0,0.0,45.0,47.18,0.0,1.0,0.0,120.0,47.18,741.53,0.88,0.0,0.0,18.08,24.7,16.71,67.16,81.5,100.0,67.14
2018-01-28 04:55:00,2,1,47.14,85.0,55.0,47.11,47.18,47.14,0.0,0.0,0.0,45.0,47.18,0.0,1.0,0.0,120.0,47.18,741.53,0.88,0.0,0.0,18.08,24.74,16.71,67.14,80.43,100.0,67.12
2018-01-28 04:56:00,2,1,47.14,85.0,55.0,47.11,47.18,47.14,0.0,0.0,0.0,45.0,47.18,0.0,1.0,0.0,120.0,47.18,741.53,0.88,0.0,0.0,18.08,24.79,16.71,67.12,79.38,100.0,67.1
2018-01-28 04:57:00,2,1,47.14,85.0,55.0,47.11,47.18,47.14,0.0,0.0,0.0,45.0,47.18,0.0,1.0,0.0,120.0,47.18,741.53,0.88,0.0,0.0,18.08,24.83,16.71,67.1,78.35,100.0,67.08
2018-01-28 04:58:00,2,1,47.14,85.0,55.0,47.11,47.18,47.14,0.0,0.0,0.0,45.0,47.18,0.0,1.0,0.0,120.0,47.18,741.53,0.88,0.0,0.0,18.08,24.88,16.71,67.08,77.35,100.0,67.06
2018-01-28 04:59:00,2,1,47.14,85.0,55.0,47.11,47.18,47.14,0.0,0.0,0.0,45.0,47.18,0.0,1.0,0.0,120.0,47.18,741.53,0.88,0.0,0.0,18.08,24.92,16.71,67.06,76.38,100.0,67.04
2018-01-28 05:00:00,2,1,47.14,85.0,55.0,47.11,47.18,47.14,0.0,0.0,0.0,45.0,47.18,0.0,1.0,0.0,120.0,47.18,741.53,0.88,0.0,0.0,18.08,24.96,16.71,67.03,75.42,100.0,67.02
2018-01-28 05:01:00,2,1,47.14,85.0,55.0,47.11,47.18,47.14,0.0,0.0,0.0,45.0,47.18,0.0,1.0,0.0,120.0,47.18,741.53,0.88,0.0,0.0,18.08,24.98,16.71,67.01,74.87,100.0,67.0
2018-01-28 05:02:00,2,1,47.14,85.0,55.0,47.11,47.18,47.14,0.0,0.0,0.0,45.0,47.18,0.0,1.0,0.0,120.0,47.18,741.53,0.88,0.0,0.0,18.08,24.98,16.71,66.99,74.55,100.0,66.98
2018-01-28 05:03:00,2,1,47.14,85.0,55.0,47.11,47.18,47.14,0.0,0.0,0.0,45.0,47.18,0.0,1.0,0.0,120.0,47.18,741.53,0.88,0.0,0.0,18.08,24.97,16.71,66.97,74.28,100.0,66.96
2018-01-28 05:04:00,2,1,47.14,85.0,55.0,47.11,47.18,47.14,0.0,0.0,0.0,45.0,47.18,0.0,1.0,0.0,120.0,47.18,741.53,0.88,0.0,0.0,18.08,24.97,16.71,66.95,74.03,100.0,66.94
2018-01-28 05:05:00,2,1,47.14,85.0,55.0,47.11,47.18,47.14,0.0,0.0,0.0,45.0,47.18,0.0,1.0,0.0,120.0,47.18,741.53,0.88,0.0,0.0,18.08,24.96,16.71,66.93,73.8,100.0,66.92
2018-01-28 05:06:00,2,1,47.14,85.0,55.0,47.11,47.18,47.14,0.0,0.0,0.0,45.0,47.18,0.0,1.0,0.0,120.0,47.18,741.53,0.88,0.0,0.0,18.08,24.96,16.71,66.91,73.59,100.0,66.9
2018-01-28 05:07:00,2,1,47.14,85.0,55.0,47.11,47.18,47.14,0.0,0.0,0.0,45.0,47.18,0.0,1.0,0.0,120.0,47.18,741.53,0.88,0.0,0.0,18.08,24.95,16.71,66.9,73.4,100.0,66.88
2018-01-28 05:08:00,2,1,47.13,85.0,55.0,47.11,47.18,47.13,0.0,0.0,0.0,45.0,47.18,0.0,1.0,0.0,120.0,47.18,741.53,0.88,0.0,0.0,18.08,24.94,16.71,66.88,73.22,100.0,66.86
2018-01-28 05:09:00,2,1,47.13,85.0,55.0,47.11,47.18,47.13,0.0,0.0,0.0,45.0,47.18,0.0,1.0,0.0,120.0,47.18,741.53,0.88,0.0,0.0,18.08,24.93,16.71,66.86,73.06,100.0,66.84
2018-01-28 05:10:00,2,1,47.13,85.0,55.0,47.1,47.18,47.13,0.0,0.0,0.0,45.0,47.18,0.0,1.0,0.0,120.0,47.18,741.53,0.88,0.0,0.0,18.08,24.92,16.71,66.84,72.91,100.0,66.83
2018-01-28 05:11:00,2,1,47.13,85.0,55.0,47.1,47.18,47.13,0.0,0.0,0.0,45.0,47.18,0.0,1.0,0.0,120.0,47.18,741.53,0.88,0.0,0.0,18.08,24.91,16.71,66.82,72.78,100.0,66.81
2018-01-28 05:12:00,2,1,47.13,85.0,55.0,47.1,47.17,47.13,0.0,0.0,0.0,45.0,47.17,0.0,1.0,0.0,120.0,47.17,741.53,0.88,0.0,0.0,18.08,24.9,16.71,66.81,72.67,100.0,66.79
2018-01-28 05:13:00,2,1,47.13,85.0,55.0,47.1,47.17,47.13,0.0,0.0,0.0,45.0,47.17,0.0,1.0,0.0,120.0,47.17,741.53,0.88,0.0,0.0,18.08,24.89,16.71,66.79,72.57,100.0,66.77
2018-01-28 05:14:00,2,1,47.12,85.0,55.0,47.1,47.17,47.12,0.0,0.0,0.0,45.0,47.17,0.0,1.0,0.0,120.0,47.17,741.53,0.88,0.0,0.0,18.08,24.88,16.71,66.77,72.48,100.0,66.76
2018-01-28 05:15:00,2,1,47.12,85.0,55.0,47.1,47.17,47.12,0.0,0.0,0.0,45.0,47.17,0.0,1.0,0.0,120.0,47.17,741.53,0.88,0.0,0.0,18.08,24.87,16.71,66.76,72.41,100.0,66.74
2018-01-28 05:16:00,2,1,47.12,85.0,55.0,47.09,47.17,47.12,0.0,0.0,0.0,45.0,47.17,0.0,1.0,0.0,120.0,47.17,741.53,0.88,0.0,0.0,18.08,24.85,16.71,66.74,72.35,100.0,66.72
2018-01-28 05:17:00,2,1,47.12,85.0,55.0,47.09,47.16,47.12,0.0,0.0,0.0,45.0,47.16,0.0,1.0,0.0,120.0,47.16,741.53,0.88,0.0,0.0,18.08,24.84,16.71,66.72,72.31,100.0,66.71
2018-01-28 05:18:00,2,1,47.12,85.0,55.0,47.09,47.16,47.12,0.0,0.0,0.0,45.0,47.16,0.0,1.0,0.0,120.0,47.16,741.53,0.88,0.0,0.0,18.08,24.82,16.71,66.71,72.28,100.0,66.69
2018-01-28 05:19:00,2,1,47.11,85.0,55.0,47.09,47.16,47.11,0.0,0.0,0.0,45.0,47.16,0.0,1.0,0.0,120.0,47.16,741.53,0.88,0.0,0.0,18.08,24.81,16.71,66.69,72.27,100.0,66.68
2018-01-28 05:20:00,2,1,47.11,85.0,55.0,47.08,47.16,47.11,0.0,0.0,0.0,45.0,47.16,0.0,1.0,0.0,120.0,47.16,741.53,0.88,0.0,0.0,18.08,24.79,16.71,66.68,72.26,100.0,66.66
2018-01-28 05:21:00,2,1,47.11,85.0,55.0,47.08,47.15,47.11,0.0,0.0,0.0,45.0,47.16,0.0,1.0,0.0,120.0,47.16,741.53,0.88,0.0,0.0,18.08,24.77,16.71,66.66,72.27,100.0,66.65
2018-01-28 05:22:00,2,1,47.11,85.0,55.0,47.08,47.15,47.11,0.0,0.0,0.0,45.0,47.15,0.0,1.0,0.0,120.0,47.15,741.53,0.88,0.0,0.0,18.08,24.76,16.71,66.64,72.29,100.0,66.63
2018-01-28 05:23:00,2,1,47.1,85.0,55.0,47.08,47.15,47.1,0.0,0.0,0.0,45.0,47.15,0.0,1.0,0.0,120.0,47.15,741.53,0.88,0.0,0.0,18.08,24.74,16.71,66.63,72.32,100.0,66.61
2018-01-28 05:24:00,2,1,47.1,85.0,55.0,47.07,47.15,47.1,0.0,0.0,0.0,45.0,47.15,0.0,1.0,0.0,120.0,47.15,741.53,0.88,0.0,0.0,18.08,24.72,16.71,66.61,72.37,100.0,66.6
2018-01-28 05:25:00,2,1,47.1,85.0,55.0,47.07,47.14,47.1,0.0,0.0,0.0,45.0,47.14,0.0,1.0,0.0,120.0,47.15,741.53,0.88,0.0,0.0,18.08,24.7,16.71,66.6,72.42,100.0,66.58
2018-01-28 05:26:00,2,1,47.09,85.0,55.0,47.07,47.14,47.09,0.0,0.0,0.0,45.0,47.14,0.0,1.0,0.0,120.0,47.14,741.53,0.88,0.0,0.0,18.08,24.68,16.71,66.58,72.49,100.0,66.57
2018-01-28 05:27:00,2,1,47.09,85.0,55.0,47.07,47.14,47.09,0.0,0.0,0.0,45.0,47.14,0.0,1.0,0.0,120.0,47.14,741.53,0.88,0.0,0.0,18.08,24.66,16.71,66.57,72.57,100.0,66.56
2018-01-28 05:28:00,2,1,47.09,85.0,55.0,47.06,47.14,47.09,0.0,0.0,0.0,45.0,47.14,0.0,1.0,0.0,120.0,47.14,741.53,0.88,0.0,0.0,18.08,24.65,16.71,66.56,72.66,100.0,66.54
2018-01-28 05:29:00,2,1,47.09,85.0,55.0,47.06,47.13,47.09,0.0,0.0,0.0,45.0,47.13,0.0,1.0,0.0,120.0,47.13,741.53,0.88,0.0,0.0,18.08,24.63,16.71,66.54,72.75,100.0,66.53
2018-01-28 05:30:00,2,1,47.08,85.0,55.0,47.06,47.13,47.08,0.0,0.0,0.0,45.0,47.13,0.0,1.0,0.0,120.0,47.13,741.53,0.88,0.0,0.0,18.08,24.61,16.71,66.53,72.86,100.0,66.51
2018-01-28 05:31:00,2,1,47.08,85.0,55.0,47.05,47.13,47.08,0.0,0.0,0.0,45.0,47.13,0.0,1.0,0.0,120.0,47.13,741.53,0.88,0.0,0.0,18.08,24.59,16.71,66.51,72.98,100.0,66.5
2018-01-28 05:32:00,2,1,47.08,85.0,55.0,47.05,47.12,47.08,0.0,0.0,0.0,45.0,47.12,0.0,1.0,0.0,120.0,47.12,741.53,0.88,0.0,0.0,18.08,24.57,16.71,66.5,73.1,100.0,66.48
2018-01-28 05:33:00,2,1,47.07,85.0,55.0,47.05,47.12,47.07,0.0,0.0,0.0,45.0,47.12,0.0,1.0,0.0,120.0,47.12,741.53,0.88,0.0,0.0,18.08,24.55,16.71,66.48,73.24,100.0,66.47
2018-01-28 05:34:00,2,1,47.07,85.0,55.0,47.04,47.12,47.07,0.0,0.0,0.0,45.0,47.12,0.0,1.0,0.0,120.0,47.12,741.53,0.88,0.0,0.0,18.08,24.53,16.71,66.47,73.38,100.0,66.45
2018-01-28 05:35:00,2,1,47.07,85.0,55.0,47.04,47.12,47.07,0.0,0.0,0.0,45.0,47.12,0.0,1.0,0.0,120.0,47.12,741.53,0.88,0.0,0.0,18.08,24.51,16.71,66.46,73.53,100.0,66.44
2018-01-28 05:36:00,2,1,47.06,85.0,55.0,47.04,47.11,47.06,0.0,0.0,0.0,45.0,47.11,0.0,1.0,0.0,120.0,47.11,741.53,0.88,0.0,0.0,18.08,24.49,16.71,66.44,73.69,100.0,66.43
2018-01-28 05:37:00,2,1,47.06,85.0,55.0,47.03,47.11,47.06,0.0,0.0,0.0,45.0,47.11,0.0,1.0,0.0,120.0,47.11,741.53,0.88,0.0,0.0,18.08,24.47,16.71,66.43,73.85,100.0,66.41
2018-01-28 05:38:00,2,1,47.06,85.0,55.0,47.03,47.11,47.06,0.0,0.0,0.0,45.0,47.11,0.0,1.0,0.0,120.0,47.11,741.53,0.88,0.0,0.0,18.08,24.45,16.71,66.41,74.03,100.0,66.4
2018-01-28 05:39:00,2,1,47.06,85.0,55.0,47.03,47.1,47.06,0.0,0.0,0.0,45.0,47.1,0.0,1.0,0.0,120.0,47.1,741.53,0.88,0.0,0.0,18.08,24.43,16.71,66.4,74.21,100.0,66.39
2018-01-28 05:40:00,2,1,47.05,85.0,55.0,47.03,47.1,47.05,0.0,0.0,0.0,45.0,47.1,0.0,1.0,0.0,120.0,47.1,741.53,0.88,0.0,0.0,18.08,24.41,16.71,66.39,74.39,100.0,66.37
2018-01-28 05:41:00,2,1,47.05,85.0,55.0,47.02,47.1,47.05,0.0,0.0,0.0,45.0,47.1,0.0,1.0,0.0,120.0,47.1,741.53,0.88,0.0,0.0,18.08,24.39,16.71,66.37,74.58,100.0,66.36
2018-01-28 05:42:00,2,1,47.05,85.0,55.0,47.02,47.09,47.05,0.0,0.0,0.0,45.0,47.09,0.0,1.0,0.0,120.0,47.09,741.53,0.88,0.0,0.0,18.08,24.37,16.71,66.36,74.78,100.0,66.34
2018-01-28 05:43:00,2,1,47.04,85.0,55.0,47.02,47.09,47.04,0.0,0.0,0.0,45.0,47.09,0.0,1.0,0.0,120.0,47.09,741.53,0.88,0.0,0.0,18.08,24.35,16.71,66.35,74.98,100.0,66.33
2018-01-28 05:44:00,2,1,47.04,85.0,55.0,47.01,47.09,47.04,0.0,0.0,0.0,45.0,47.09,0.0,1.0,0.0,120.0,47.09,741.53,0.88,0.0,0.0,18.08,24.33,16.71,66.33,75.19,100.0,66.32
2018-01-28 05:45:00,2,1,47.04,85.0,55.0,47.01,47.08,47.04,0.0,0.0,0.0,45.0,47.08,0.0,1.0,0.0,120.0,47.08,741.53,0.88,0.0,0.0,18.08,24.31,16.71,66.32,75.4,100.0,66.3
2018-01-28 05:46:00,2,1,47.03,85.0,55.0,47.01,47.08,47.03,0.0,0.0,0.0,45.0,47.08,0.0,1.0,0.0,120.0,47.08,741.53,0.88,0.0,0.0,18.08,24.29,16.71,66.31,75.62,100.0,66.29
2018-01-28 05:47:00,2,1,47.03,85.0,55.0,47.0,47.08,47.03,0.0,0.0,0.0,45.0,47.08,0.0,1.0,0.0,120.0,47.08,741.53,0.88,0.0,0.0,18.08,24.27,16.71,66.29,75.84,100.0,66.28
2018-01-28 05:48:00,2,1,47.03,85.0,55.0,47.0,47.07,47.03,0.0,0.0,0.0,45.0,47.07,0.0,1.0,0.0,120.0,47.07,741.53,0.88,0.0,0.0,18.08,24.26,16.71,66.28,76.07,100.0,66.26
2018-01-28 05:49:00,2,1,47.02,85.0,55.0,47.0,47.07,47.02,0.0,0.0,0.0,45.0,47.07,0.0,1.0,0.0,120.0,47.07,741.53,0.88,0.0,0.0,18.08,24.24,16.71,66.27,76.29,100.0,66.25
2018-01-28 05:50:00,2,1,47.02,85.0,55.0,46.99,47.07,47.02,0.0,0.0,0.0,45.0,47.07,0.0,1.0,0.0,120.0,47.07,741.53,0.88,0.0,0.0,18.08,24.22,16.71,66.25,76.52,100.0,66.24
2018-01-28 05:51:00,2,1,47.02,85.0,55.0,46.99,47.06,47.02,0.0,0.0,0.0,45.0,47.06,0.0,1.0,0.0,120.0,47.06,741.53,0.88,0.0,0.0,18.08,24.21,16.71,66.24,76.75,100.0,66.22
2018-01-28 05:52:00,2,1,47.01,85.0,55.0,46.99,47.06,47.01,0.0,0.0,0.0,45.0,47.06,0.0,1.0,0.0,120.0,47.06,741.53,0.88,0.0,0.0,18.08,24.19,16.71,66.23,76.99,100.0,66.21
2018-01-28 05:53:00,2,1,47.01,85.0,55.0,46.98,47.06,47.01,0.0,0.0,0.0,45.0,47.06,0.0,1.0,0.0,120.0,47.06,741.53,0.88,0.0,0.0,18.08,24.17,16.71,66.21,77.22,100.0,66.2
2018-01-28 05:54:00,2,1,47.01,85.0,55.0,46.98,47.05,47.01,0.0,0.0,0.0,45.0,47.05,0.0,1.0,0.0,120.0,47.05,741.53,0.88,0.0,0.0,18.08,24.16,16.71,66.2,77.46,100.0,66.18
2018-01-28 05:55:00,2,1,47.0,85.0,55.0,46.98,47.05,47.0,0.0,0.0,0.0,45.0,47.05,0.0,1.0,0.0,120.0,47.05,741.53,0.88,0.0,0.0,18.08,24.15,16.71,66.19,77.7,100.0,66.17
2018-01-28 05:56:00,2,1,47.0,85.0,55.0,46.97,47.05,47.0,0.0,0.0,0.0,45.0,47.05,0.0,1.0,0.0,120.0,47.05,741.53,0.88,0.0,0.0,18.08,24.13,16.71,66.18,77.93,100.0,66.16
2018-01-28 05:57:00,2,1,47.0,85.0,55.0,46.97,47.04,47.0,0.0,0.0,0.0,45.0,47.04,0.0,1.0,0.0,120.0,47.04,741.53,0.88,0.0,0.0,18.08,24.12,16.71,66.16,78.17,100.0,66.15
2018-01-28 05:58:00,2,1,46.99,85.0,55.0,46.97,47.04,46.99,0.0,0.0,0.0,45.0,47.04,0.0,1.0,0.0,120.0,47.04,741.53,0.88,0.0,0.0,18.08,24.11,16.71,66.15,78.41,100.0,66.13
2018-01-28 05:59:00,2,1,46.99,85.0,55.0,46.96,47.04,46.99,0.0,0.0,0.0,45.0,47.04,0.0,1.0,0.0,120.0,47.04,741.53,0.88,0.0,0.0,18.08,24.1,16.71,66.14,78.64,100.0,66.12
2018-01-28 06:00:00,2,1,46.99,85.0,55.0,46.96,47.03,46.99,0.0,0.0,0.0,45.0,47.03,0.0,1.0,0.0,120.0,47.03,741.53,0.88,0.0,0.0,18.08,24.08,16.71,66.12,78.88,100.0,66.11
2018-01-28 06:01:00,2,1,46.98,85.0,55.0,46.96,47.03,46.98,0.0,0.0,0.0,45.0,47.03,0.0,1.0,0.0,120.0,47.03,741.53,0.88,0.0,0.0,18.08,24.09,16.71,66.11,78.94,100.0,66.09
2018-01-28 06:02:00,2,1,46.98,85.0,55.0,46.95,47.03,46.98,0.0,0.0,0.0,45.0,47.03,0.0,1.0,0.0,120.0,47.03,741.53,0.88,0.0,0.0,18.08,24.11,16.71,66.1,78.91,100.0,66.08
2018-01-28 06:03:00,2,1,46.98,85.0,55.0,46.95,47.02,46.98,0.0,0.0,0.0,45.0,47.02,0.0,1.0,0.0,120.0,47.03,741.53,0.88,0.0,0.0,18.08,24.13,16.71,66.08,78.87,100.0,66.06
2018-01-28 06:04:00,2,1,46.98,85.0,55.0,46.95,47.02,46.98,0.0,0.0,0.0,45.0,47.02,0.0,1.0,0.0,120.0,47.02,741.53,0.88,0.0,0.0,18.08,24.16,16.71,66.07,78.82,100.0,66.05
2018-01-28 06:05:00,2,1,46.97,85.0,55.0,46.95,47.02,46.97,0.0,0.0,0.0,45.0,47.02,0.0,1.0,0.0,120.0,47.02,741.53,0.88,0.0,0.0,18.08,24.18,16.71,66.05,78.77,100.0,66.04
2018-01-28 06:06:00,2,1,46.97,85.0,55.0,46.94,47.02,46.97,0.0,0.0,0.0,45.0,47.02,0.0,1.0,0.0,120.0,47.02,741.53,0.88,0.0,0.0,18.08,24.2,16.71,66.04,78.71,100.0,66.02
2018-01-28 06:07:00,2,1,46.97,85.0,55.0,46.94,47.01,46.97,0.0,0.0,0.0,45.0,47.01,0.0,1.0,0.0,120.0,47.02,741.53,0.88,0.0,0.0,18.08,24.23,16.71,66.02,78.66,100.0,66.01
2018-01-28 06:08:00,2,1,46.97,85.0,55.0,46.94,47.01,46.97,0.0,0.0,0.0,45.0,47.01,0.0,1.0,0.0,120.0,47.01,741.53,0.88,0.0,0.0,18.08,24.25,16.71,66.01,78.6,100.0,65.99
2018-01-28 06:09:00,2,1,46.96,85.0,55.0,46.94,47.01,46.96,0.0,0.0,0.0,45.0,47.01,0.0,1.0,0.0,120.0,47.01,741.53,0.88,0.0,0.0,18.08,24.28,16.71,65.99,78.54,100.0,65.98
2018-01-28 06:10:00,2,1,46.96,85.0,55.0,46.94,47.01,46.96,0.0,0.0,0.0,45.0,47.01,0.0,1.0,0.0,120.0,47.01,741.53,0.88,0.0,0.0,18.08,24.3,16.71,65.98,78.48,100.0,65.96
2018-01-28 06:11:00,2,1,46.96,85.0,55.0,46.93,47.01,46.96,0.0,0.0,0.0,45.0,47.01,0.0,1.0,0.0,120.0,47.01,741.53,0.88,0.0,0.0,18.08,24.33,16.71,65.96,78.42,100.0,65.94
2018-01-28 06:12:00,2,1,46.96,85.0,55.0,46.93,47.0,46.96,0.0,0.0,0.0,45.0,47.0,0.0,1.0,0.0,120.0,47.01,741.53,0.88,0.0,0.0,18.08,24.36,16.71,65.94,78.36,100.0,65.93
2018-01-28 06:13:00,2,1,46.96,85.0,55.0,46.93,47.0,46.96,0.0,0.0,0.0,45.0,47.0,0.0,1.0,0.0,120.0,47.0,741.53,0.88,0.0,0.0,18.08,24.39,16.71,65.93,78.29,100.0,65.91
2018-01-28 06:14:00,2,1,46.96,85.0,55.0,46.93,47.0,46.96,0.0,0.0,0.0,45.0,47.0,0.0,1.0,0.0,120.0,47.0,741.53,0.88,0.0,0.0,18.08,24.42,16.71,65.91,78.22,100.0,65.89
2018-01-28 06:15:00,2,1,46.95,85.0,55.0,46.93,47.0,46.95,0.0,0.0,0.0,45.0,47.0,0.0,1.0,0.0,120.0,47.0,741.53,0.88,0.0,0.0,18.08,24.45,16.71,65.9,78.16,100.0,65.88
2018-01-28 06:16:00,2,1,46.95,85.0,55.0,46.93,47.0,46.95,0.0,0.0,0.0,45.0,47.0,0.0,1.0,0.0,120.0,47.0,741.53,0.88,0.0,0.0,18.08,24.48,16.71,65.88,78.09,100.0,65.86
2018-01-28 06:17:00,2,1,46.95,85.0,55.0,46.92,47.0,46.95,0.0,0.0,0.0,45.0,47.0,0.0,1.0,0.0,120.0,47.0,741.53,0.88,0.0,0.0,18.08,24.51,16.71,65.86,78.02,100.0,65.84
2018-01-28 06:18:00,2,1,46.95,85.0,55.0,46.92,47.0,46.95,0.0,0.0,0.0,45.0,47.0,0.0,1.0,0.0,120.0,47.0,741.53,0.88,0.0,0.0,18.08,24.54,16.71,65.84,77.95,100.0,65.83
2018-01-28 06:19:00,2,1,46.95,85.0,55.0,46.92,46.99,46.95,0.0,0.0,0.0,45.0,46.99,0.0,1.0,0.0,120.0,46.99,741.53,0.88,0.0,0.0,18.08,24.57,16.71,65.83,77.88,100.0,65.81
2018-01-28 06:20:00,2,1,46.95,85.0,55.0,46.92,46.99,46.95,0.0,0.0,0.0,45.0,46.99,0.0,1.0,0.0,120.0,46.99,741.53,0.88,0.0,0.0,18.08,24.6,16.71,65.81,77.81,100.0,65.79
2018-01-28 06:21:00,2,1,46.95,85.0,55.0,46.92,46.99,46.95,0.0,0.0,0.0,45.0,46.99,0.0,1.0,0.0,120.0,46.99,741.53,0.88,0.0,0.0,18.08,24.63,16.71,65.79,77.73,100.0,65.78
2018-01-28 06:22:00,2,1,46.94,85.0,55.0,46.92,46.99,46.94,0.0,0.0,0.0,45.0,46.99,0.0,1.0,0.0,120.0,46.99,741.53,0.88,0.0,0.0,18.08,24.67,16.71,65.78,77.66,100.0,65.76
2018-01-28 06:23:00,2,1,46.94,85.0,55.0,46.92,46.99,46.94,0.0,0.0,0.0,45.0,46.99,0.0,1.0,0.0,120.0,46.99,741.53,0.88,0.0,0.0,18.08,24.7,16.71,65.76,77.58,100.0,65.74
2018-01-28 06:24:00,2,1,46.94,85.0,55.0,46.92,46.99,46.94,0.0,0.0,0.0,45.0,46.99,0.0,1.0,0.0,120.0,46.99,741.53,0.88,0.0,0.0,18.08,24.73,16.71,65.74,77.51,100.0,65.72
2018-01-28 06:25:00,2,1,46.94,85.0,55.0,46.92,46.99,46.94,0.0,0.0,0.0,45.0,46.99,0.0,1.0,0.0,120.0,46.99,741.53,0.88,0.0,0.0,18.08,24.77,16.71,65.72,77.43,100.0,65.71
2018-01-28 06:26:00,2,1,46.94,85.0,55.0,46.91,46.99,46.94,0.0,0.0,0.0,45.0,46.99,0.0,1.0,0.0,120.0,46.99,741.53,0.88,0.0,0.0,18.08,24.8,16.71,65.71,77.36,100.0,65.69
2018-01-28 06:27:00,2,1,46.94,85.0,55.0,46.91,46.99,46.94,0.0,0.0,0.0,45.0,46.99,0.0,1.0,0.0,120.0,46.99,741.53,0.88,0.0,0.0,18.08,24.84,16.71,65.69,77.28,100.0,65.67
2018-01-28 06:28:00,2,1,46.94,85.0,55.0,46.91,46.99,46.94,0.0,0.0,0.0,45.0,46.99,0.0,1.0,0.0,120.0,46.99,741.53,0.88,0.0,0.0,18.08,24.87,16.71,65.67,77.21,100.0,65.65
2018-01-28 06:29:00,2,1,46.94,85.0,55.0,46.91,46.98,46.94,0.0,0.0,0.0,45.0,46.98,0.0,1.0,0.0,120.0,46.98,741.53,0.88,0.0,0.0,18.08,24.91,16.71,65.65,77.13,100.0,65.63
2018-01-28 06:30:00,2,1,46.94,85.0,55.0,46.91,46.98,46.94,0.0,0.0,0.0,45.0,46.98,0.0,1.0,0.0,120.0,46.98,741.53,0.88,0.0,0.0,18.08,24.94,16.71,65.63,77.06,100.0,65.62
2018-01-28 06:31:00,2,1,46.94,85.0,55.0,46.91,46.98,46.94,0.0,0.0,0.0,45.0,46.98,0.0,1.0,0.0,120.0,46.98,741.53,0.88,0.0,0.0,18.08,24.98,16.71,65.62,76.98,100.0,65.6
2018-01-28 06:32:00,2,1,46.94,85.0,55.0,46.91,46.98,46.94,0.0,0.0,0.0,45.0,46.98,0.0,1.0,0.0,120.0,46.98,741.53,0.88,0.0,0.0,18.08,25.01,16.71,65.6,76.9,100.0,65.58
2018-01-28 06:33:00,2,1,46.94,85.0,55.0,46.91,46.98,46.94,0.0,0.0,0.0,45.0,46.98,0.0,1.0,0.0,120.0,46.98,741.53,0.88,0.0,0.0,18.08,25.05,16.71,65.58,76.83,100.0,65.56
2018-01-28 06:34:00,2,1,46.93,85.0,55.0,46.91,46.98,46.93,0.0,0.0,0.0,45.0,46.98,0.0,1.0,0.0,120.0,46.98,741.53,0.88,0.0,0.0,18.08,25.09,16.71,65.56,76.75,100.0,65.54
2018-01-28 06:35:00,2,1,46.93,85.0,55.0,46.91,46.98,46.93,0.0,0.0,0.0,45.0,46.98,0.0,1.0,0.0,120.0,46.98,741.53,0.88,0.0,0.0,18.08,25.12,16.71,65.54,76.67,100.0,65.53
2018-01-28 06:36:00,2,1,46.93,85.0,55.0,46.91,46.98,46.93,0.0,0.0,0.0,45.0,46.98,0.0,1.0,0.0,120.0,46.98,741.53,0.88,0.0,0.0,18.08,25.16,16.71,65.52,76.6,100.0,65.51
2018-01-28 06:37:00,2,1,46.93,85.0,55.0,46.91,46.98,46.93,0.0,0.0,0.0,45.0,46.98,0.0,1.0,0.0,120.0,46.98,741.53,0.88,0.0,0.0,18.08,25.2,16.71,65.51,76.52,100.0,65.49
2018-01-28 06:38:00,2,1,46.93,85.0,55.0,46.91,46.98,46.93,0.0,0.0,0.0,45.0,46.98,0.0,1.0,0.0,120.0,46.98,741.53,0.88,0.0,0.0,18.08,25.23,16.71,65.49,76.45,100.0,65.47
2018-01-28 06:39:00,2,1,46.93,85.0,55.0,46.91,46.98,46.93,0.0,0.0,0.0,45.0,46.98,0.0,1.0,0.0,120.0,46.98,741.53,0.88,0.0,0.0,18.08,25.27,16.71,65.47,76.37,100.0,65.45
2018-01-28 06:40:00,2,1,46.93,85.0,55.0,46.91,46.98,46.93,0.0,0.0,0.0,45.0,46.98,0.0,1.0,0.0,120.0,46.98,741.53,0.88,0.0,0.0,18.08,25.31,16.71,65.45,76.3,100.0,65.43
2018-01-28 06:41:00,2,1,46.93,85.0,55.0,46.91,46.98,46.93,0.0,0.0,0.0,45.0,46.98,0.0,1.0,0.0,120.0,46.98,741.53,0.88,0.0,0.0,18.08,25.34,16.71,65.43,76.23,100.0,65.42
2018-01-28 06:42:00,2,1,46.93,85.0,55.0,46.91,46.98,46.93,0.0,0.0,0.0,45.0,46.98,0.0,1.0,0.0,120.0,46.98,741.53,0.88,0.0,0.0,18.08,25.38,16.71,65.41,76.15,100.0,65.4
2018-01-28 06:43:00,2,1,46.93,85.0,55.0,46.91,46.98,46.93,0.0,0.0,0.0,45.0,46.98,0.0,1.0,0.0,120.0,46.98,741.53,0.88,0.0,0.0,18.08,25.42,16.71,65.4,76.08,100.0,65.38
2018-01-28 06:44:00,2,1,46.93,85.0,55.0,46.9,46.98,46.93,0.0,0.0,0.0,45.0,46.98,0.0,1.0,0.0,120.0,46.98,741.53,0.88,0.0,0.0,18.08,25.46,16.71,65.38,76.01,100.0,65.36
2018-01-28 06:45:00,2,1,46.93,85.0,55.0,46.9,46.98,46.93,0.0,0.0,0.0,45.0,46.98,0.0,1.0,0.0,120.0,46.98,741.53,0.88,0.0,0.0,18.08,25.49,16.71,65.36,75.94,100.0,65.34
2018-01-28 06:46:00,2,1,46.93,85.0,55.0,46.9,46.98,46.93,0.0,0.0,0.0,45.0,46.98,0.0,1.0,0.0,120.0,46.98,741.53,0.88,0.0,0.0,18.08,25.53,16.71,65.34,75.87,100.0,65.32
2018-01-28 06:47:00,2,1,46.93,85.0,55.0,46.9,46.98,46.93,0.0,0.0,0.0,45.0,46.98,0.0,1.0,0.0,120.0,46.98,741.53,0.88,0.0,0.0,18.08,25.57,16.71,65.32,75.8,100.0,65.31
2018-01-28 06:48:00,2,1,46.93,85.0,55.0,46.9,46.98,46.93,0.0,0.0,0.0,45.0,46.98,0.0,1.0,0.0,120.0,46.98,741.53,0.88,0.0,0.0,18.08,25.61,16.71,65.3,75.73,100.0,65.29
2018-01-28 06:49:00,2,1,46.93,85.0,55.0,46.9,46.98,46.93,0.0,0.0,0.0,45.0,46.98,0.0,1.0,0.0,120.0,46.98,741.53,0.88,0.0,0.0,18.08,25.64,16.71,65.29,75.67,100.0,65.27
2018-01-28 06:50:00,2,1,46.93,85.0,55.0,46.9,46.98,46.93,0.0,0.0,0.0,45.0,46.98,0.0,1.0,0.0,120.0,46.98,741.53,0.88,0.0,0.0,18.08,25.68,16.71,65.27,75.6,100.0,65.25
2018-01-28 06:51:00,2,1,46.93,85.0,55.0,46.9,46.97,46.93,0.0,0.0,0.0,45.0,46.97,0.0,1.0,0.0,120.0,46.97,741.53,0.88,0.0,0.0,18.08,25.72,16.71,65.25,75.54,100.0,65.23
2018-01-28 06:52:00,2,1,46.93,85.0,55.0,46.9,46.97,46.93,0.0,0.0,0.0,45.0,46.97,0.0,1.0,0.0,120.0,46.97,741.53,0.88,0.0,0.0,18.08,25.76,16.71,65.23,75.47,100.0,65.21
2018-01-28 06:53:00,2,1,46.93,85.0,55.0,46.9,46.97,46.93,0.0,0.0,0.0,45.0,46.97,0.0,1.0,0.0,120.0,46.97,741.53,0.88,0.0,0.0,18.08,25.79,16.71,65.21,75.41,100.0,65.2
2018-01-28 06:54:00,2,1,46.93,85.0,55.0,46.9,46.97,46.93,0.0,0.0,0.0,45.0,46.97,0.0,1.0,0.0,120.0,46.97,741.53,0.88,0.0,0.0,18.08,25.83,16.71,65.19,75.35,100.0,65.18
2018-01-28 06:55:00,2,1,46.93,85.0,55.0,46.9,46.97,46.93,0.0,0.0,0.0,45.0,46.97,0.0,1.0,0.0,120.0,46.97,741.53,0.88,0.0,0.0,18.08,25.86,16.71,65.17,75.29,100.0,65.16
2018-01-28 06:56:00,2,1,46.93,85.0,55.0,46.9,46.97,46.93,0.0,0.0,0.0,45.0,46.97,0.0,1.0,0.0,120.0,46.97,741.53,0.88,0.0,0.0,18.08,25.9,16.71,65.16,75.23,100.0,65.14
2018-01-28 06:57:00,2,1,46.93,85.0,55.0,46.9,46.97,46.93,0.0,0.0,0.0,45.0,46.97,0.0,1.0,0.0,120.0,46.97,741.53,0.88,0.0,0.0,18.08,25.94,16.71,65.14,75.17,100.0,65.12
2018-01-28 06:58:00,2,1,46.93,85.0,55.0,46.9,46.97,46.93,0.0,0.0,0.0,45.0,46.97,0.0,1.0,0.0,120.0,46.97,741.53,0.88,0.0,0.0,18.08,25.97,16.71,65.12,75.11,100.0,65.1
2018-01-28 06:59:00,2,1,46.93,85.0,55.0,46.9,46.97,46.93,0.0,0.0,0.0,45.0,46.97,0.0,1.0,0.0,120.0,46.97,741.53,0.88,0.0,0.0,18.08,26.01,16.71,65.1,75.06,100.0,65.09
2018-01-28 07:00:00,2,1,46.93,85.0,55.0,46.9,46.97,46.93,0.0,0.0,0.0,45.0,46.97,0.0,1.0,0.0,120.0,46.97,741.53,0.88,0.0,0.0,18.08,26.04,16.71,65.08,75.01,100.0,65.07
2018-01-28 07:01:00,2,1,46.93,85.0,55.0,46.9,46.97,46.93,0.0,0.0,0.0,45.0,46.97,0.0,1.0,0.0,120.0,46.97,741.53,0.88,0.0,0.0,18.08,26.07,16.71,65.06,74.98,100.0,65.05
2018-01-28 07:02:00,2,1,46.93,85.0,55.0,46.9,46.97,46.93,0.0,0.0,0.0,45.0,46.97,0.0,1.0,0.0,120.0,46.97,741.53,0.88,0.0,0.0,18.08,26.09,16.71,65.05,74.98,100.0,65.03
2018-01-28 07:03:00,2,1,46.93,85.0,55.0,46.9,46.97,46.93,0.0,0.0,0.0,45.0,46.97,0.0,1.0,0.0,120.0,46.97,741.53,0.88,0.0,0.0,18.08,26.11,16.71,65.03,74.98,100.0,65.01
2018-01-28 07:04:00,2,1,46.93,85.0,55.0,46.9,46.97,46.93,0.0,0.0,0.0,45.0,46.97,0.0,1.0,0.0,120.0,46.97,741.53,0.88,0.0,0.0,18.08,26.13,16.71,65.01,74.98,100.0,65.0
2018-01-28 07:05:00,2,1,46.92,85.0,55.0,46.9,46.97,46.92,0.0,0.0,0.0,45.0,46.97,0.0,1.0,0.0,120.0,46.97,741.53,0.88,0.0,0.0,18.08,26.15,16.71,64.99,74.99,100.0,64.98
2018-01-28 07:06:00,2,1,46.92,85.0,55.0,46.9,46.97,46.92,0.0,0.0,0.0,45.0,46.97,0.0,1.0,0.0,120.0,46.97,741.53,0.88,0.0,0.0,18.08,26.17,16.71,64.98,74.99,100.0,64.96
2018-01-28 07:07:00,2,1,46.92,85.0,55.0,46.9,46.97,46.92,0.0,0.0,0.0,45.0,46.97,0.0,1.0,0.0,120.0,46.97,741.53,0.88,0.0,0.0,18.08,26.19,16.71,64.96,75.0,100.0,64.94
2018-01-28 07:08:00,2,1,46.92,85.0,55.0,46.9,46.97,46.92,0.0,0.0,0.0,45.0,46.97,0.0,1.0,0.0,120.0,46.97,741.53,0.88,0.0,0.0,18.08,26.21,16.71,64.94,75.0,100.0,64.93
2018-01-28 07:09:00,2,1,46.92,85.0,55.0,46.9,46.97,46.92,0.0,0.0,0.0,45.0,46.97,0.0,1.0,0.0,120.0,46.97,741.53,0.88,0.0,0.0,18.08,26.22,16.71,64.93,75.01,100.0,64.91
2018-01-28 07:10:00,2,1,46.92,85.0,55.0,46.9,46.97,46.92,0.0,0.0,0.0,45.0,46.97,0.0,1.0,0.0,120.0,46.97,741.53,0.88,0.0,0.0,18.08,26.24,16.71,64.91,75.02,100.0,64.89
2018-01-28 07:11:00,2,1,46.92,85.0,55.0,46.9,46.97,46.92,0.0,0.0,0.0,45.0,46.97,0.0,1.0,0.0,120.0,46.97,741.53,0.88,0.0,0.0,18.08,26.26,16.71,64.89,75.03,100.0,64.88
2018-01-28 07:12:00,2,1,46.92,85.0,55.0,46.9,46.97,46.92,0.0,0.0,0.0,45.0,46.97,0.0,1.0,0.0,120.0,46.97,741.53,0.88,0.0,0.0,18.08,26.28,16.71,64.88,75.04,100.0,64.86
2018-01-28 07:13:00,2,1,46.92,85.0,55.0,46.89,46.97,46.92,0.0,0.0,0.0,45.0,46.97,0.0,1.0,0.0,120.0,46.97,741.53,0.88,0.0,0.0,18.08,26.3,16.71,64.86,75.05,100.0,64.84
2018-01-28 07:14:00,2,1,46.92,85.0,55.0,46.89,46.97,46.92,0.0,0.0,0.0,45.0,46.97,0.0,1.0,0.0,120.0,46.97,741.53,0.88,0.0,0.0,18.08,26.31,16.71,64.84,75.06,100.0,64.83
2018-01-28 07:15:00,2,1,46.92,85.0,55.0,46.89,46.96,46.92,0.0,0.0,0.0,45.0,46.96,0.0,1.0,0.0,120.0,46.96,741.53,0.88,0.0,0.0,18.08,26.33,16.71,64.83,75.07,100.0,64.81
2018-01-28 07:16:00,2,1,46.92,85.0,55.0,46.89,46.96,46.92,0.0,0.0,0.0,45.0,46.96,0.0,1.0,0.0,120.0,46.96,741.53,0.88,0.0,0.0,18.08,26.35,16.71,64.81,75.09,100.0,64.8
2018-01-28 07:17:00,2,1,46.91,85.0,55.0,46.89,46.96,46.91,0.0,0.0,0.0,45.0,46.96,0.0,1.0,0.0,120.0,46.96,741.53,0.88,0.0,0.0,18.08,26.36,16.71,64.8,75.1,100.0,64.78
2018-01-28 07:18:00,2,1,46.91,85.0,55.0,46.89,46.96,46.91,0.0,0.0,0.0,45.0,46.96,0.0,1.0,0.0,120.0,46.96,741.53,0.88,0.0,0.0,18.08,26.38,16.71,64.78,75.12,100.0,64.76
2018-01-28 07:19:00,2,1,46.91,85.0,55.0,46.89,46.96,46.91,0.0,0.0,0.0,45.0,46.96,0.0,1.0,0.0,120.0,46.96,741.53,0.88,0.0,0.0,18.08,26.39,16.71,64.76,75.13,100.0,64.75
2018-01-28 07:20:00,2,1,46.91,85.0,55.0,46.89,46.96,46.91,0.0,0.0,0.0,45.0,46.96,0.0,1.0,0.0,120.0,46.96,741.53,0.88,0.0,0.0,18.08,26.41,16.71,64.75,75.15,100.0,64.73
2018-01-28 07:21:00,2,1,46.91,85.0,55.0,46.89,46.96,46.91,0.0,0.0,0.0,45.0,46.96,0.0,1.0,0.0,120.0,46.96,741.53,0.88,0.0,0.0,18.08,26.43,16.71,64.73,75.17,100.0,64.72
2018-01-28 07:22:00,2,1,46.91,85.0,55.0,46.89,46.96,46.91,0.0,0.0,0.0,45.0,46.96,0.0,1.0,0.0,120.0,46.96,741.53,0.88,0.0,0.0,18.08,26.44,16.71,64.72,75.18,100.0,64.7
2018-01-28 07:23:00,2,1,46.91,85.0,55.0,46.88,46.96,46.91,0.0,0.0,0.0,45.0,46.96,0.0,1.0,0.0,120.0,46.96,741.53,0.88,0.0,0.0,18.08,26.46,16.71,64.7,75.2,100.0,64.69
2018-01-28 07:24:00,2,1,46.91,85.0,55.0,46.88,46.96,46.91,0.0,0.0,0.0,45.0,46.96,0.0,1.0,0.0,120.0,46.96,741.53,0.88,0.0,0.0,18.08,26.47,16.71,64.69,75.22,100.0,64.67
2018-01-28 07:25:00,2,1,46.91,85.0,55.0,46.88,46.95,46.91,0.0,0.0,0.0,45.0,46.95,0.0,1.0,0.0,120.0,46.95,741.53,0.88,0.0,0.0,18.08,26.49,16.71,64.67,75.24,100.0,64.66
2018-01-28 07:26:00,2,1,46.91,85.0,55.0,46.88,46.95,46.91,0.0,0.0,0.0,45.0,46.95,0.0,1.0,0.0,120.0,46.95,741.53,0.88,0.0,0.0,18.08,26.5,16.71,64.66,75.26,100.0,64.64
2018-01-28 07:27:00,2,1,46.9,85.0,55.0,46.88,46.95,46.9,0.0,0.0,0.0,45.0,46.95,0.0,1.0,0.0,120.0,46.95,741.53,0.88,0.0,0.0,18.08,26.52,16.71,64.64,75.28,100.0,64.62
2018-01-28 07:28:00,2,1,46.9,85.0,55.0,46.88,46.95,46.9,0.0,0.0,0.0,45.0,46.95,0.0,1.0,0.0,120.0,46.95,741.53,0.88,0.0,0.0,18.08,26.53,16.71,64.62,75.3,100.0,64.61
2018-01-28 07:29:00,2,1,46.9,85.0,55.0,46.88,46.95,46.9,0.0,0.0,0.0,45.0,46.95,0.0,1.0,0.0,120.0,46.95,741.53,0.88,0.0,0.0,18.08,26.55,16.71,64.61,75.32,100.0,64.59
2018-01-28 07:30:00,2,1,46.9,85.0,55.0,46.88,46.95,46.9,0.0,0.0,0.0,45.0,46.95,0.0,1.0,0.0,120.0,46.95,741.53,0.88,0.0,0.0,18.08,26.56,16.71,64.59,75.34,100.0,64.58
2018-01-28 07:31:00,2,1,46.9,85.0,55.0,46.88,46.95,46.9,0.0,0.0,0.0,45.0,46.95,0.0,1.0,0.0,120.0,46.95,741.53,0.88,0.0,0.0,18.08,26.57,16.71,64.58,75.36,100.0,64.56
2018-01-28 07:32:00,2,1,46.9,85.0,55.0,46.87,46.95,46.9,0.0,0.0,0.0,45.0,46.95,0.0,1.0,0.0,120.0,46.95,741.53,0.88,0.0,0.0,18.08,26.59,16.71,64.56,75.38,100.0,64.55
2018-01-28 07:33:00,2,1,46.9,85.0,55.0,46.87,46.95,46.9,0.0,0.0,0.0,45.0,46.95,0.0,1.0,0.0,120.0,46.95,741.53,0.88,0.0,0.0,18.08,26.6,16.71,64.55,75.41,100.0,64.53
2018-01-28 07:34:00,2,1,46.9,85.0,55.0,46.87,46.94,46.9,0.0,0.0,0.0,45.0,46.94,0.0,1.0,0.0,120.0,46.94,741.53,0.88,0.0,0.0,18.08,26.62,16.71,64.53,75.43,100.0,64.52
2018-01-28 07:35:00,2,1,46.9,85.0,55.0,46.87,46.94,46.9,0.0,0.0,0.0,45.0,46.94,0.0,1.0,0.0,120.0,46.94,741.53,0.88,0.0,0.0,18.08,26.63,16.71,64.52,75.45,100.0,64.5
2018-01-28 07:36:00,2,1,46.89,85.0,55.0,46.87,46.94,46.89,0.0,0.0,0.0,45.0,46.94,0.0,1.0,0.0,120.0,46.94,741.53,0.88,0.0,0.0,18.08,26.64,16.71,64.5,75.47,100.0,64.49
2018-01-28 07:37:00,2,1,46.89,85.0,55.0,46.87,46.94,46.89,0.0,0.0,0.0,45.0,46.94,0.0,1.0,0.0,120.0,46.94,741.53,0.88,0.0,0.0,18.08,26.66,16.71,64.49,75.5,100.0,64.47
2018-01-28 07:38:00,2,1,46.89,85.0,55.0,46.87,46.94,46.89,0.0,0.0,0.0,45.0,46.94,0.0,1.0,0.0,120.0,46.94,741.53,0.88,0.0,0.0,18.08,26.67,16.71,64.47,75.52,100.0,64.46
2018-01-28 07:39:00,2,1,46.89,85.0,55.0,46.87,46.94,46.89,0.0,0.0,0.0,45.0,46.94,0.0,1.0,0.0,120.0,46.94,741.53,0.88,0.0,0.0,18.08,26.68,16.71,64.46,75.54,100.0,64.44
2018-01-28 07:40:00,2,1,46.89,85.0,55.0,46.87,46.94,46.89,0.0,0.0,0.0,45.0,46.94,0.0,1.0,0.0,120.0,46.94,741.53,0.88,0.0,0.0,18.08,26.7,16.71,64.44,75.56,100.0,64.43
2018-01-28 07:41:00,2,1,46.89,85.0,55.0,46.86,46.94,46.89,0.0,0.0,0.0,45.0,46.94,0.0,1.0,0.0,120.0,46.94,741.53,0.88,0.0,0.0,18.08,26.71,16.71,64.43,75.59,100.0,64.41
2018-01-28 07:42:00,2,1,46.89,85.0,55.0,46.86,46.94,46.89,0.0,0.0,0.0,45.0,46.94,0.0,1.0,0.0,120.0,46.94,741.53,0.88,0.0,0.0,18.08,26.72,16.71,64.41,75.61,100.0,64.4
2018-01-28 07:43:00,2,1,46.89,85.0,55.0,46.86,46.93,46.89,0.0,0.0,0.0,45.0,46.93,0.0,1.0,0.0,120.0,46.93,741.53,0.88,0.0,0.0,18.08,26.74,16.71,64.4,75.63,100.0,64.38
2018-01-28 07:44:00,2,1,46.88,85.0,55.0,46.86,46.93,46.88,0.0,0.0,0.0,45.0,46.93,0.0,1.0,0.0,120.0,46.93,741.53,0.88,0.0,0.0,18.08,26.75,16.71,64.39,75.65,100.0,64.37
2018-01-28 07:45:00,2,1,46.88,85.0,55.0,46.86,46.93,46.88,0.0,0.0,0.0,45.0,46.93,0.0,1.0,0.0,120.0,46.93,741.53,0.88,0.0,0.0,18.08,26.76,16.71,64.37,75.68,100.0,64.35
2018-01-28 07:46:00,2,1,46.88,85.0,55.0,46.86,46.93,46.88,0.0,0.0,0.0,45.0,46.93,0.0,1.0,0.0,120.0,46.93,741.53,0.88,0.0,0.0,18.08,26.77,16.71,64.36,75.7,100.0,64.34
2018-01-28 07:47:00,2,1,46.88,85.0,55.0,46.86,46.93,46.88,0.0,0.0,0.0,45.0,46.93,0.0,1.0,0.0,120.0,46.93,741.53,0.88,0.0,0.0,18.08,26.79,16.71,64.34,75.72,100.0,64.32
2018-01-28 07:48:00,2,1,46.88,85.0,55.0,46.86,46.93,46.88,0.0,0.0,0.0,45.0,46.93,0.0,1.0,0.0,120.0,46.93,741.53,0.88,0.0,0.0,18.08,26.8,16.71,64.33,75.74,100.0,64.31
2018-01-28 07:49:00,2,1,46.88,85.0,55.0,46.86,46.93,46.88,0.0,0.0,0.0,45.0,46.93,0.0,1.0,0.0,120.0,46.93,741.53,0.88,0.0,0.0,18.08,26.81,16.71,64.31,75.76,100.0,64.3
2018-01-28 07:50:00,2,1,46.88,85.0,55.0,46.85,46.93,46.88,0.0,0.0,0.0,45.0,46.93,0.0,1.0,0.0,120.0,46.93,741.53,0.88,0.0,0.0,18.08,26.83,16.71,64.3,75.79,100.0,64.28
2018-01-28 07:51:00,2,1,46.88,85.0,55.0,46.85,46.93,46.88,0.0,0.0,0.0,45.0,46.93,0.0,1.0,0.0,120.0,46.93,741.53,0.88,0.0,0.0,18.08,26.84,16.71,64.28,75.81,100.0,64.27
2018-01-28 07:52:00,2,1,46.88,85.0,55.0,46.85,46.92,46.88,0.0,0.0,0.0,45.0,46.92,0.0,1.0,0.0,120.0,46.93,741.53,0.88,0.0,0.0,18.08,26.85,16.71,64.27,75.83,100.0,64.25
2018-01-28 07:53:00,2,1,46.88,85.0,55.0,46.85,46.92,46.88,0.0,0.0,0.0,45.0,46.92,0.0,1.0,0.0,120.0,46.92,741.53,0.88,0.0,0.0,18.08,26.86,16.71,64.25,75.85,100.0,64.24
2018-01-28 07:54:00,2,1,46.87,85.0,55.0,46.85,46.92,46.87,0.0,0.0,0.0,45.0,46.92,0.0,1.0,0.0,120.0,46.92,741.53,0.88,0.0,0.0,18.08,26.88,16.71,64.24,75.87,100.0,64.22
2018-01-28 07:55:00,2,1,46.87,85.0,55.0,46.85,46.92,46.87,0.0,0.0,0.0,45.0,46.92,0.0,1.0,0.0,120.0,46.92,741.53,0.88,0.0,0.0,18.08,26.89,16.71,64.22,75.89,100.0,64.21
2018-01-28 07:56:00,2,1,46.87,85.0,55.0,46.85,46.92,46.87,0.0,0.0,0.0,45.0,46.92,0.0,1.0,0.0,120.0,46.92,741.53,0.88,0.0,0.0,18.08,26.9,16.71,64.21,75.91,100.0,64.19
2018-01-28 07:57:00,2,1,46.87,85.0,55.0,46.85,46.92,46.87,0.0,0.0,0.0,45.0,46.92,0.0,1.0,0.0,120.0,46.92,741.53,0.88,0.0,0.0,18.08,26.92,16.71,64.19,75.93,100.0,64.18
2018-01-28 07:58:00,2,1,46.87,85.0,55.0,46.85,46.92,46.87,0.0,0.0,0.0,45.0,46.92,0.0,1.0,0.0,120.0,46.92,741.53,0.88,0.0,0.0,18.08,26.93,16.71,64.18,75.95,100.0,64.16
2018-01-28 07:59:00,2,1,46.87,85.0,55.0,46.85,46.92,46.87,0.0,0.0,0.0,45.0,46.92,0.0,1.0,0.0,120.0,46.92,741.53,0.88,0.0,0.0,18.08,26.94,16.71,64.16,75.96,100.0,64.15
2018-01-28 08:00:00,2,1,46.87,85.0,55.0,46.84,46.92,46.87,0.0,0.0,0.0,45.0,46.92,0.0,1.0,0.0,120.0,46.92,741.53,0.88,0.0,0.0,18.08,26.95,16.71,64.15,75.98,100.0,64.13
2018-01-28 08:01:00,2,1,46.87,85.0,55.0,46.84,46.92,46.87,0.0,0.0,0.0,45.0,46.92,0.0,1.0,0.0,120.0,46.92,741.53,0.88,0.0,0.0,18.08,26.97,16.71,64.13,75.97,100.0,64.12
2018-01-28 08:02:00,2,1,46.87,85.0,55.0,46.84,46.92,46.87,0.0,0.0,0.0,45.0,46.92,0.0,1.0,0.0,120.0,46.92,741.53,0.88,0.0,0.0,18.08,26.98,16.71,64.12,75.95,100.0,64.1
2018-01-28 08:03:00,2,1,46.87,85.0,55.0,46.84,46.91,46.87,0.0,0.0,0.0,45.0,46.91,0.0,1.0,0.0,120.0,46.91,741.53,0.88,0.0,0.0,18.08,27.0,16.71,64.1,75.93,100.0,64.09
2018-01-28 08:04:00,2,1,46.87,85.0,55.0,46.84,46.91,46.87,0.0,0.0,0.0,45.0,46.91,0.0,1.0,0.0,120.0,46.91,741.53,0.88,0.0,0.0,18.08,27.01,16.71,64.09,75.91,100.0,64.07
2018-01-28 08:05:00,2,1,46.86,85.0,55.0,46.84,46.91,46.86,0.0,0.0,0.0,45.0,46.91,0.0,1.0,0.0,120.0,46.91,741.53,0.88,0.0,0.0,18.08,27.03,16.71,64.07,75.88,100.0,64.06
2018-01-28 08:06:00,2,1,46.86,85.0,55.0,46.84,46.91,46.86,0.0,0.0,0.0,45.0,46.91,0.0,1.0,0.0,120.0,46.91,741.53,0.88,0.0,0.0,18.08,27.04,16.71,64.06,75.86,100.0,64.04
2018-01-28 08:07:00,2,1,46.86,85.0,55.0,46.84,46.91,46.86,0.0,0.0,0.0,45.0,46.91,0.0,1.0,0.0,120.0,46.91,741.53,0.88,0.0,0.0,18.08,27.06,16.71,64.04,75.83,100.0,64.03
