Datetime,FCU_CTRL,FAN_CTRL,RM_TEMP,RMCLGSPT,RMHTGSPT,FCU_MAT,FCU_DAT,FCU_RAT,FCU_CVLV,FCU_CVLV_DM,FCU_CLG_GPM,FCU_CLG_EWT,FCU_CLG_RWT,FCU_HVLV,FCU_HVLV_DM,FCU_HTG_GPM,FCU_HTG_EWT,FCU_HTG_RWT,FCU_DA_CFM,FCU_OA_CFM,FCU_DMPR,FCU_DMPR_DM,FCU_SPD,FCU_OAT,FCU_WAT,FCU_MA_HUMD,FCU_OA_HUMD,FCU_DA_HUMD,FCU_RA_HUMD
2018-01-15 13:44:00,1,1,56.29,72.0,68.0,50.07,53.2,56.29,0.0,0.0,0.0,45.0,50.14,0.2,1.0,0.07,120.0,52.12,738.6,116.52,0.3,0.3,18.08,16.86,16.76,21.55,34.4,85.23,17.66
2018-01-15 13:45:00,1,1,56.29,72.0,68.0,50.08,53.21,56.29,0.0,0.0,0.0,45.0,50.14,0.2,1.0,0.07,120.0,52.12,738.6,116.52,0.3,0.3,18.08,16.87,16.76,21.57,34.38,85.21,17.69
2018-01-15 13:46:00,1,1,56.29,72.0,68.0,50.08,53.21,56.29,0.0,0.0,0.0,45.0,50.15,0.2,1.0,0.07,120.0,52.13,738.6,116.52,0.3,0.3,18.08,16.88,16.76,21.6,34.35,85.2,17.71
2018-01-15 13:47:00,1,1,56.29,72.0,68.0,50.08,53.21,56.29,0.0,0.0,0.0,45.0,50.15,0.2,1.0,0.07,120.0,52.13,738.6,116.52,0.3,0.3,18.08,16.9,16.76,21.63,34.32,85.19,17.74
2018-01-15 13:48:00,1,1,56.3,72.0,68.0,50.09,53.22,56.3,0.0,0.0,0.0,45.0,50.16,0.2,1.0,0.07,120.0,52.13,738.6,116.52,0.3,0.3,18.08,16.91,16.76,21.65,34.3,85.18,17.77
2018-01-15 13:49:00,1,1,56.3,72.0,68.0,50.09,53.22,56.3,0.0,0.0,0.0,45.0,50.16,0.2,1.0,0.07,120.0,52.14,738.6,116.52,0.3,0.3,18.08,16.92,16.76,21.68,34.27,85.17,17.8
2018-01-15 13:50:00,1,1,56.3,72.0,68.0,50.09,53.22,56.3,0.0,0.0,0.0,45.0,50.16,0.2,1.0,0.07,120.0,52.14,738.6,116.52,0.3,0.3,18.08,16.94,16.76,21.71,34.24,85.16,17.84
2018-01-15 13:51:00,1,1,56.3,72.0,68.0,50.1,53.23,56.3,0.0,0.0,0.0,45.0,50.17,0.2,1.0,0.07,120.0,52.14,738.6,116.52,0.3,0.3,18.08,16.95,16.76,21.74,34.22,85.15,17.87
2018-01-15 13:52:00,1,1,56.3,72.0,68.0,50.1,53.23,56.3,0.0,0.0,0.0,45.0,50.17,0.2,1.0,0.07,120.0,52.15,738.6,116.52,0.3,0.3,18.08,16.96,16.76,21.77,34.19,85.14,17.9
2018-01-15 13:53:00,1,1,56.3,72.0,68.0,50.1,53.23,56.3,0.0,0.0,0.0,45.0,50.17,0.2,1.0,0.07,120.0,52.15,738.6,116.52,0.3,0.3,18.08,16.97,16.76,21.8,34.17,85.13,17.93
2018-01-15 13:54:00,1,1,56.3,72.0,68.0,50.1,53.23,56.3,0.0,0.0,0.0,45.0,50.18,0.2,1.0,0.07,120.0,52.15,738.6,116.52,0.3,0.3,18.08,16.98,16.76,21.84,34.14,85.12,17.97
2018-01-15 13:55:00,1,1,56.3,72.0,68.0,50.11,53.24,56.3,0.0,0.0,0.0,45.0,50.18,0.2,1.0,0.07,120.0,52.15,738.6,116.52,0.3,0.3,18.08,17.0,16.76,21.87,34.12,85.11,18.0
2018-01-15 13:56:00,1,1,56.3,72.0,68.0,50.11,53.24,56.3,0.0,0.0,0.0,45.0,50.18,0.2,1.0,0.07,120.0,52.16,738.6,116.52,0.3,0.3,18.08,17.01,16.76,21.9,34.1,85.11,18.03
2018-01-15 13:57:00,1,1,56.3,72.0,68.0,50.11,53.24,56.3,0.0,0.0,0.0,45.0,50.18,0.2,1.0,0.07,120.0,52.16,738.6,116.52,0.3,0.3,18.08,17.02,16.76,21.93,34.07,85.1,18.07
2018-01-15 13:58:00,1,1,56.3,72.0,68.0,50.11,53.24,56.3,0.0,0.0,0.0,45.0,50.18,0.2,1.0,0.07,120.0,52.16,738.6,116.52,0.3,0.3,18.08,17.03,16.76,21.97,34.05,85.1,18.1
2018-01-15 13:59:00,1,1,56.3,72.0,68.0,50.11,53.24,56.3,0.0,0.0,0.0,45.0,50.18,0.2,1.0,0.07,120.0,52.16,738.6,116.52,0.3,0.3,18.08,17.04,16.76,22.0,34.03,85.09,18.14
2018-01-15 14:00:00,1,1,56.3,72.0,68.0,50.11,53.24,56.3,0.0,0.0,0.0,45.0,50.18,0.2,1.0,0.07,120.0,52.16,738.6,116.52,0.3,0.3,18.08,17.05,16.76,22.03,34.0,85.09,18.17
2018-01-15 14:01:00,1,1,56.3,72.0,68.0,50.11,53.24,56.3,0.0,0.0,0.0,45.0,50.19,0.2,1.0,0.07,120.0,52.16,738.6,116.52,0.3,0.3,18.08,17.07,16.76,22.07,33.98,85.09,18.21
2018-01-15 14:02:00,1,1,56.29,72.0,68.0,50.11,53.24,56.29,0.0,0.0,0.0,45.0,50.19,0.2,1.0,0.07,120.0,52.16,738.6,116.52,0.3,0.3,18.08,17.09,16.76,22.1,33.95,85.09,18.24
2018-01-15 14:03:00,1,1,56.29,72.0,68.0,50.11,53.24,56.29,0.0,0.0,0.0,45.0,50.19,0.2,1.0,0.07,120.0,52.16,738.6,116.52,0.3,0.3,18.08,17.11,16.76,22.13,33.92,85.09,18.27
2018-01-15 14:04:00,1,1,56.28,72.0,68.0,50.11,53.24,56.28,0.0,0.0,0.0,45.0,50.18,0.2,1.0,0.07,120.0,52.16,738.6,116.52,0.3,0.3,18.08,17.13,16.76,22.16,33.89,85.1,18.31
2018-01-15 14:05:00,1,1,56.27,72.0,68.0,50.11,53.24,56.27,0.0,0.0,0.0,45.0,50.18,0.2,1.0,0.07,120.0,52.16,738.6,116.52,0.3,0.3,18.08,17.14,16.76,22.19,33.86,85.11,18.34
2018-01-15 14:06:00,1,1,56.26,72.0,68.0,50.1,53.23,56.26,0.0,0.0,0.0,45.0,50.18,0.2,1.0,0.07,120.0,52.15,738.6,116.52,0.3,0.3,18.08,17.16,16.76,22.22,33.83,85.12,18.37
2018-01-15 14:07:00,1,1,56.25,72.0,68.0,50.1,53.23,56.25,0.0,0.0,0.0,45.0,50.17,0.2,1.0,0.07,120.0,52.15,738.6,116.52,0.3,0.3,18.08,17.18,16.76,22.24,33.8,85.13,18.4
2018-01-15 14:08:00,1,1,56.24,72.0,68.0,50.09,53.22,56.24,0.0,0.0,0.0,45.0,50.17,0.2,1.0,0.07,120.0,52.14,738.6,116.52,0.3,0.3,18.08,17.2,16.76,22.27,33.77,85.15,18.42
2018-01-15 14:09:00,1,1,56.23,72.0,68.0,50.08,53.22,56.23,0.0,0.0,0.0,45.0,50.16,0.2,1.0,0.07,120.0,52.14,738.6,116.52,0.3,0.3,18.08,17.22,16.76,22.3,33.75,85.17,18.45
2018-01-15 14:10:00,1,1,56.22,72.0,68.0,50.07,53.21,56.22,0.0,0.0,0.0,45.0,50.15,0.2,1.0,0.07,120.0,52.13,738.6,116.52,0.3,0.3,18.08,17.23,16.76,22.32,33.72,85.2,18.48
2018-01-15 14:11:00,1,1,56.2,72.0,68.0,50.06,53.2,56.2,0.0,0.0,0.0,45.0,50.14,0.2,1.0,0.07,120.0,52.12,738.6,116.52,0.3,0.3,18.08,17.25,16.76,22.34,33.69,85.22,18.5
2018-01-15 14:12:00,1,1,56.19,72.0,68.0,50.06,53.19,56.19,0.0,0.0,0.0,45.0,50.13,0.2,1.0,0.07,120.0,52.11,738.6,116.52,0.3,0.3,18.08,17.27,16.76,22.37,33.66,85.25,18.53
2018-01-15 14:13:00,1,1,56.18,72.0,68.0,50.05,53.18,56.18,0.0,0.0,0.0,45.0,50.12,0.2,1.0,0.07,120.0,52.11,738.6,116.52,0.3,0.3,18.08,17.29,16.76,22.39,33.64,85.28,18.55
2018-01-15 14:14:00,1,1,56.16,72.0,68.0,50.03,53.18,56.16,0.0,0.0,0.0,45.0,50.11,0.2,1.0,0.07,120.0,52.1,738.6,116.52,0.3,0.3,18.08,17.3,16.76,22.41,33.61,85.31,18.57
2018-01-15 14:15:00,1,1,56.14,72.0,68.0,50.02,53.17,56.14,0.0,0.0,0.0,45.0,50.1,0.2,1.0,0.07,120.0,52.09,738.6,116.52,0.3,0.3,18.08,17.32,16.76,22.43,33.59,85.34,18.59
2018-01-15 14:16:00,1,1,56.13,72.0,68.0,50.01,53.15,56.13,0.0,0.0,0.0,45.0,50.09,0.2,1.0,0.07,120.0,52.07,738.6,116.52,0.3,0.3,18.08,17.34,16.76,22.45,33.56,85.38,18.62
2018-01-15 14:17:00,1,1,56.11,72.0,68.0,50.0,53.14,56.11,0.0,0.0,0.0,45.0,50.08,0.2,1.0,0.07,120.0,52.06,738.6,116.52,0.3,0.3,18.08,17.36,16.76,22.47,33.54,85.41,18.64
2018-01-15 14:18:00,1,1,56.09,72.0,68.0,49.99,53.13,56.09,0.0,0.0,0.0,45.0,50.07,0.2,1.0,0.07,120.0,52.05,738.6,116.52,0.3,0.3,18.08,17.37,16.76,22.49,33.51,85.45,18.66
2018-01-15 14:19:00,1,1,56.07,72.0,68.0,49.98,53.12,56.07,0.0,0.0,0.0,45.0,50.06,0.2,1.0,0.07,120.0,52.04,738.6,116.52,0.3,0.3,18.08,17.39,16.76,22.5,33.49,85.49,18.67
2018-01-15 14:20:00,1,1,56.05,72.0,68.0,49.96,53.11,56.05,0.0,0.0,0.0,45.0,50.04,0.2,1.0,0.07,120.0,52.03,738.6,116.52,0.3,0.3,18.08,17.41,16.76,22.52,33.47,85.53,18.69
2018-01-15 14:21:00,1,1,56.04,72.0,68.0,49.95,53.1,56.04,0.0,0.0,0.0,45.0,50.03,0.2,1.0,0.07,120.0,52.02,738.6,116.52,0.3,0.3,18.08,17.42,16.76,22.53,33.44,85.57,18.71
2018-01-15 14:22:00,1,1,56.02,72.0,68.0,49.94,53.08,56.02,0.0,0.0,0.0,45.0,50.02,0.2,1.0,0.07,120.0,52.0,738.6,116.52,0.3,0.3,18.08,17.44,16.76,22.55,33.42,85.61,18.73
2018-01-15 14:23:00,1,1,56.0,72.0,68.0,49.92,53.07,56.0,0.0,0.0,0.0,45.0,50.0,0.2,1.0,0.07,120.0,51.99,738.6,116.52,0.3,0.3,18.08,17.46,16.76,22.56,33.4,85.65,18.75
2018-01-15 14:24:00,1,1,55.98,72.0,68.0,49.91,53.06,55.98,0.0,0.0,0.0,45.0,49.99,0.2,1.0,0.07,120.0,51.97,738.6,116.52,0.3,0.3,18.08,17.47,16.76,22.57,33.38,85.7,18.76
2018-01-15 14:25:00,1,1,55.96,72.0,68.0,49.89,53.04,55.96,0.0,0.0,0.0,45.0,49.98,0.2,1.0,0.07,120.0,51.96,738.6,116.52,0.3,0.3,18.08,17.49,16.76,22.58,33.36,85.74,18.78
2018-01-15 14:26:00,1,1,55.94,72.0,68.0,49.88,53.03,55.94,0.0,0.0,0.0,45.0,49.96,0.2,1.0,0.07,120.0,51.95,738.6,116.52,0.3,0.3,18.08,17.51,16.76,22.59,33.34,85.79,18.79
2018-01-15 14:27:00,1,1,55.91,72.0,68.0,49.86,53.01,55.91,0.0,0.0,0.0,45.0,49.95,0.2,1.0,0.07,120.0,51.93,738.6,116.52,0.3,0.3,18.08,17.52,16.76,22.6,33.32,85.84,18.81
2018-01-15 14:28:00,1,1,55.89,72.0,68.0,49.85,53.0,55.89,0.0,0.0,0.0,45.0,49.93,0.2,1.0,0.07,120.0,51.92,738.6,116.52,0.3,0.3,18.08,17.54,16.76,22.61,33.3,85.89,18.82
2018-01-15 14:29:00,1,1,55.87,72.0,68.0,49.83,52.98,55.87,0.0,0.0,0.0,45.0,49.91,0.2,1.0,0.07,120.0,51.9,738.6,116.52,0.3,0.3,18.08,17.55,16.76,22.62,33.28,85.93,18.84
2018-01-15 14:30:00,1,1,55.85,72.0,68.0,49.82,52.97,55.85,0.0,0.0,0.0,45.0,49.9,0.2,1.0,0.07,120.0,51.89,738.6,116.52,0.3,0.3,18.08,17.57,16.76,22.63,33.26,85.98,18.85
2018-01-15 14:31:00,1,1,55.83,72.0,68.0,49.8,52.95,55.83,0.0,0.0,0.0,45.0,49.88,0.2,1.0,0.07,120.0,51.87,738.6,116.52,0.3,0.3,18.08,17.59,16.76,22.64,33.24,86.03,18.86
2018-01-15 14:32:00,1,1,55.81,72.0,68.0,49.78,52.94,55.81,0.0,0.0,0.0,45.0,49.87,0.2,1.0,0.07,120.0,51.86,738.6,116.52,0.3,0.3,18.08,17.6,16.76,22.65,33.23,86.08,18.87
2018-01-15 14:33:00,1,1,55.78,72.0,68.0,49.77,52.92,55.78,0.0,0.0,0.0,45.0,49.85,0.2,1.0,0.07,120.0,51.84,738.6,116.52,0.3,0.3,18.08,17.62,16.76,22.66,33.21,86.14,18.89
2018-01-15 14:34:00,1,1,55.76,72.0,68.0,49.75,52.91,55.76,0.0,0.0,0.0,45.0,49.83,0.2,1.0,0.07,120.0,51.82,738.6,116.52,0.3,0.3,18.08,17.63,16.76,22.67,33.19,86.19,18.9
2018-01-15 14:35:00,1,1,55.74,72.0,68.0,49.73,52.89,55.74,0.0,0.0,0.0,45.0,49.82,0.2,1.0,0.07,120.0,51.81,738.6,116.52,0.3,0.3,18.08,17.65,16.76,22.68,33.18,86.24,18.91
2018-01-15 14:36:00,1,1,55.71,72.0,68.0,49.72,52.88,55.71,0.0,0.0,0.0,45.0,49.8,0.2,1.0,0.07,120.0,51.79,738.6,116.52,0.3,0.3,18.08,17.66,16.76,22.68,33.16,86.29,18.92
2018-01-15 14:37:00,1,1,55.69,72.0,68.0,49.7,52.86,55.69,0.0,0.0,0.0,45.0,49.78,0.2,1.0,0.07,120.0,51.78,738.6,116.52,0.3,0.3,18.08,17.68,16.76,22.69,33.15,86.35,18.93
2018-01-15 14:38:00,1,1,55.67,72.0,68.0,49.68,52.84,55.67,0.0,0.0,0.0,45.0,49.77,0.2,1.0,0.07,120.0,51.76,738.6,116.52,0.3,0.3,18.08,17.69,16.76,22.7,33.13,86.4,18.94
2018-01-15 14:39:00,1,1,55.65,72.0,68.0,49.67,52.83,55.65,0.0,0.0,0.0,45.0,49.75,0.2,1.0,0.07,120.0,51.74,738.6,116.52,0.3,0.3,18.08,17.7,16.76,22.71,33.12,86.46,18.96
2018-01-15 14:40:00,1,1,55.62,72.0,68.0,49.65,52.81,55.62,0.0,0.0,0.0,45.0,49.73,0.2,1.0,0.07,120.0,51.72,738.6,116.52,0.3,0.3,18.08,17.72,16.76,22.71,33.11,86.51,18.97
2018-01-15 14:41:00,1,1,55.6,72.0,68.0,49.63,52.79,55.6,0.0,0.0,0.0,45.0,49.71,0.2,1.0,0.07,120.0,51.71,738.6,116.52,0.3,0.3,18.08,17.73,16.76,22.72,33.1,86.57,18.98
2018-01-15 14:42:00,1,1,55.58,72.0,68.0,49.61,52.78,55.58,0.0,0.0,0.0,45.0,49.7,0.2,1.0,0.07,120.0,51.69,738.6,116.52,0.3,0.3,18.08,17.75,16.76,22.72,33.09,86.62,18.99
2018-01-15 14:43:00,1,1,55.55,72.0,68.0,49.59,52.76,55.55,0.0,0.0,0.0,45.0,49.68,0.2,1.0,0.07,120.0,51.67,738.6,116.52,0.3,0.3,18.08,17.76,16.76,22.73,33.08,86.68,19.0
2018-01-15 14:44:00,1,1,55.53,72.0,68.0,49.58,52.74,55.53,0.0,0.0,0.0,45.0,49.66,0.2,1.0,0.07,120.0,51.66,738.6,116.52,0.3,0.3,18.08,17.77,16.76,22.74,33.07,86.74,19.0
2018-01-15 14:45:00,1,1,55.5,72.0,68.0,49.56,52.73,55.5,0.0,0.0,0.0,45.0,49.64,0.2,1.0,0.07,120.0,51.64,738.6,116.52,0.3,0.3,18.08,17.79,16.76,22.74,33.06,86.79,19.01
2018-01-15 14:46:00,1,1,55.48,72.0,68.0,49.54,52.71,55.48,0.0,0.0,0.0,45.0,49.63,0.2,1.0,0.07,120.0,51.62,738.6,116.52,0.3,0.3,18.08,17.8,16.76,22.75,33.05,86.85,19.02
2018-01-15 14:47:00,1,1,55.46,72.0,68.0,49.52,52.69,55.46,0.0,0.0,0.0,45.0,49.61,0.2,1.0,0.07,120.0,51.6,738.6,116.52,0.3,0.3,18.08,17.81,16.76,22.75,33.04,86.91,19.03
2018-01-15 14:48:00,1,1,55.43,72.0,68.0,49.51,52.67,55.43,0.0,0.0,0.0,45.0,49.59,0.2,1.0,0.07,120.0,51.59,738.6,116.52,0.3,0.3,18.08,17.82,16.76,22.76,33.03,86.97,19.04
2018-01-15 14:49:00,1,1,55.41,72.0,68.0,49.49,52.66,55.41,0.0,0.0,0.0,45.0,49.57,0.2,1.0,0.07,120.0,51.57,738.6,116.52,0.3,0.3,18.08,17.84,16.76,22.76,33.03,87.02,19.05
2018-01-15 14:50:00,1,1,55.39,72.0,68.0,49.47,52.64,55.39,0.0,0.0,0.0,45.0,49.55,0.2,1.0,0.07,120.0,51.55,738.6,116.52,0.3,0.3,18.08,17.85,16.76,22.77,33.02,87.08,19.06
2018-01-15 14:51:00,1,1,55.36,72.0,68.0,49.45,52.62,55.36,0.0,0.0,0.0,45.0,49.54,0.2,1.0,0.07,120.0,51.53,738.6,116.52,0.3,0.3,18.08,17.86,16.76,22.78,33.02,87.14,19.07
2018-01-15 14:52:00,1,1,55.34,72.0,68.0,49.43,52.61,55.34,0.0,0.0,0.0,45.0,49.52,0.2,1.0,0.07,120.0,51.52,738.6,116.52,0.3,0.3,18.08,17.87,16.76,22.78,33.01,87.2,19.08
2018-01-15 14:53:00,1,1,55.32,72.0,68.0,49.42,52.59,55.32,0.0,0.0,0.0,45.0,49.5,0.2,1.0,0.07,120.0,51.5,738.6,116.52,0.3,0.3,18.08,17.88,16.76,22.79,33.01,87.26,19.08
2018-01-15 14:54:00,1,1,55.29,72.0,68.0,49.4,52.57,55.29,0.0,0.0,0.0,45.0,49.48,0.2,1.0,0.07,120.0,51.48,738.6,116.52,0.3,0.3,18.08,17.89,16.76,22.79,33.01,87.31,19.09
2018-01-15 14:55:00,1,1,55.27,72.0,68.0,49.38,52.55,55.27,0.0,0.0,0.0,45.0,49.47,0.2,1.0,0.07,120.0,51.47,738.6,116.52,0.3,0.3,18.08,17.9,16.76,22.8,33.01,87.37,19.1
2018-01-15 14:56:00,1,1,55.25,72.0,68.0,49.36,52.54,55.25,0.0,0.0,0.0,45.0,49.45,0.2,1.0,0.07,120.0,51.45,738.6,116.52,0.3,0.3,18.08,17.92,16.76,22.8,33.01,87.43,19.11
2018-01-15 14:57:00,1,1,55.22,72.0,68.0,49.35,52.52,55.22,0.0,0.0,0.0,45.0,49.43,0.2,1.0,0.07,120.0,51.43,738.6,116.52,0.3,0.3,18.08,17.93,16.76,22.81,33.01,87.49,19.12
2018-01-15 14:58:00,1,1,55.2,72.0,68.0,49.33,52.5,55.2,0.0,0.0,0.0,45.0,49.41,0.2,1.0,0.07,120.0,51.41,738.6,116.52,0.3,0.3,18.08,17.94,16.76,22.81,33.01,87.54,19.12
2018-01-15 14:59:00,1,1,55.18,72.0,68.0,49.31,52.49,55.18,0.0,0.0,0.0,45.0,49.39,0.2,1.0,0.07,120.0,51.4,738.6,116.52,0.3,0.3,18.08,17.95,16.76,22.82,33.01,87.6,19.13
2018-01-15 15:00:00,1,1,55.16,72.0,68.0,49.29,52.47,55.16,0.0,0.0,0.0,45.0,49.38,0.2,1.0,0.07,120.0,51.38,738.6,116.52,0.3,0.3,18.08,17.96,16.76,22.82,33.01,87.66,19.14
2018-01-15 15:01:00,1,1,55.13,72.0,68.0,49.28,52.45,55.13,0.0,0.0,0.0,45.0,49.36,0.2,1.0,0.07,120.0,51.36,738.6,116.52,0.3,0.3,18.08,17.96,16.76,22.83,33.02,87.72,19.15
2018-01-15 15:02:00,1,1,55.11,72.0,68.0,49.26,52.44,55.11,0.0,0.0,0.0,45.0,49.34,0.2,1.0,0.07,120.0,51.35,738.6,116.52,0.3,0.3,18.08,17.97,16.76,22.84,33.05,87.77,19.15
2018-01-15 15:03:00,1,1,55.09,72.0,68.0,49.24,52.42,55.09,0.0,0.0,0.0,45.0,49.33,0.2,1.0,0.07,120.0,51.33,738.6,116.52,0.3,0.3,18.08,17.97,16.76,22.85,33.07,87.82,19.16
2018-01-15 15:04:00,1,1,55.08,72.0,68.0,49.23,52.41,55.08,0.0,0.0,0.0,45.0,49.31,0.2,1.0,0.07,120.0,51.32,738.6,116.52,0.3,0.3,18.08,17.98,16.76,22.85,33.1,87.87,19.17
2018-01-15 15:05:00,1,1,55.06,72.0,68.0,49.21,52.39,55.06,0.0,0.0,0.0,45.0,49.3,0.2,1.0,0.07,120.0,51.3,738.6,116.52,0.3,0.3,18.08,17.98,16.76,22.86,33.12,87.92,19.18
2018-01-15 15:06:00,1,1,55.04,72.0,68.0,49.2,52.38,55.04,0.0,0.0,0.0,45.0,49.28,0.2,1.0,0.07,120.0,51.29,738.6,116.52,0.3,0.3,18.08,17.98,16.76,22.87,33.15,87.97,19.19
2018-01-15 15:07:00,1,1,55.03,72.0,68.0,49.19,52.37,55.03,0.0,0.0,0.0,45.0,49.27,0.2,1.0,0.07,120.0,51.28,738.6,116.52,0.3,0.3,18.08,17.99,16.76,22.88,33.17,88.01,19.2
2018-01-15 15:08:00,1,1,55.01,72.0,68.0,49.18,52.36,55.01,0.0,0.0,0.0,45.0,49.26,0.2,1.0,0.07,120.0,51.26,738.6,116.52,0.3,0.3,18.08,17.99,16.76,22.89,33.2,88.05,19.21
2018-01-15 15:09:00,1,1,55.0,72.0,68.0,49.17,52.35,55.0,0.0,0.0,0.0,45.0,49.25,0.2,1.0,0.07,120.0,51.25,738.6,116.52,0.3,0.3,18.08,17.99,16.76,22.9,33.23,88.09,19.22
2018-01-15 15:10:00,1,1,54.99,72.0,68.0,49.16,52.34,54.99,0.0,0.0,0.0,45.0,49.24,0.2,1.0,0.07,120.0,51.24,738.6,116.52,0.3,0.3,18.08,18.0,16.76,22.92,33.26,88.12,19.23
2018-01-15 15:11:00,1,1,54.97,72.0,68.0,49.15,52.33,54.97,0.0,0.0,0.0,45.0,49.23,0.2,1.0,0.07,120.0,51.23,738.6,116.52,0.3,0.3,18.08,18.0,16.76,22.93,33.29,88.16,19.24
2018-01-15 15:12:00,1,1,54.96,72.0,68.0,49.14,52.32,54.96,0.0,0.0,0.0,45.0,49.22,0.2,1.0,0.07,120.0,51.22,738.6,116.52,0.3,0.3,18.08,18.0,16.76,22.94,33.32,88.19,19.25
2018-01-15 15:13:00,1,1,54.95,72.0,68.0,49.13,52.31,54.95,0.0,0.0,0.0,45.0,49.21,0.2,1.0,0.07,120.0,51.21,738.6,116.52,0.3,0.3,18.08,18.0,16.76,22.95,33.35,88.22,19.26
2018-01-15 15:14:00,1,1,54.94,72.0,68.0,49.12,52.3,54.94,0.0,0.0,0.0,45.0,49.2,0.2,1.0,0.07,120.0,51.2,738.6,116.52,0.3,0.3,18.08,18.01,16.76,22.97,33.38,88.25,19.27
2018-01-15 15:15:00,1,1,54.93,72.0,68.0,49.11,52.29,54.93,0.0,0.0,0.0,45.0,49.19,0.2,1.0,0.07,120.0,51.19,738.6,116.52,0.3,0.3,18.08,18.01,16.76,22.98,33.41,88.28,19.28
2018-01-15 15:16:00,1,1,54.92,72.0,68.0,49.1,52.28,54.92,0.0,0.0,0.0,45.0,49.18,0.2,1.0,0.07,120.0,51.19,738.6,116.52,0.3,0.3,18.08,18.01,16.76,22.99,33.44,88.31,19.29
2018-01-15 15:17:00,1,1,54.91,72.0,68.0,49.09,52.27,54.91,0.0,0.0,0.0,45.0,49.17,0.2,1.0,0.07,120.0,51.18,738.6,116.52,0.3,0.3,18.08,18.01,16.76,23.01,33.47,88.34,19.3
2018-01-15 15:18:00,1,1,54.9,72.0,68.0,49.09,52.27,54.9,0.0,0.0,0.0,45.0,49.16,0.2,1.0,0.07,120.0,51.17,738.6,116.52,0.3,0.3,18.08,18.01,16.76,23.02,33.51,88.36,19.32
2018-01-15 15:19:00,1,1,54.89,72.0,68.0,49.08,52.26,54.89,0.0,0.0,0.0,45.0,49.16,0.2,1.0,0.07,120.0,51.16,738.6,116.52,0.3,0.3,18.08,18.01,16.76,23.04,33.54,88.39,19.33
2018-01-15 15:20:00,1,1,54.88,72.0,68.0,49.07,52.25,54.88,0.0,0.0,0.0,45.0,49.15,0.2,1.0,0.07,120.0,51.16,738.6,116.52,0.3,0.3,18.08,18.02,16.76,23.05,33.57,88.41,19.34
2018-01-15 15:21:00,1,1,54.88,72.0,68.0,49.06,52.25,54.88,0.0,0.0,0.0,45.0,49.14,0.2,1.0,0.07,120.0,51.15,738.6,116.52,0.3,0.3,18.08,18.02,16.76,23.07,33.61,88.43,19.36
2018-01-15 15:22:00,1,1,54.87,72.0,68.0,49.06,52.24,54.87,0.0,0.0,0.0,45.0,49.14,0.2,1.0,0.07,120.0,51.14,738.6,116.52,0.3,0.3,18.08,18.02,16.76,23.09,33.64,88.46,19.37
2018-01-15 15:23:00,1,1,54.86,72.0,68.0,49.05,52.23,54.86,0.0,0.0,0.0,45.0,49.13,0.2,1.0,0.07,120.0,51.14,738.6,116.52,0.3,0.3,18.08,18.02,16.76,23.1,33.68,88.48,19.38
2018-01-15 15:24:00,1,1,54.85,72.0,68.0,49.05,52.23,54.85,0.0,0.0,0.0,45.0,49.12,0.2,1.0,0.07,120.0,51.13,738.6,116.52,0.3,0.3,18.08,18.02,16.76,23.12,33.71,88.5,19.4
2018-01-15 15:25:00,1,1,54.85,72.0,68.0,49.04,52.22,54.85,0.0,0.0,0.0,45.0,49.12,0.2,1.0,0.07,120.0,51.12,738.6,116.52,0.3,0.3,18.08,18.02,16.76,23.14,33.75,88.52,19.41
2018-01-15 15:26:00,1,1,54.84,72.0,68.0,49.03,52.22,54.84,0.0,0.0,0.0,45.0,49.11,0.2,1.0,0.07,120.0,51.12,738.6,116.52,0.3,0.3,18.08,18.02,16.76,23.15,33.78,88.54,19.43
2018-01-15 15:27:00,1,1,54.83,72.0,68.0,49.03,52.21,54.83,0.0,0.0,0.0,45.0,49.11,0.2,1.0,0.07,120.0,51.11,738.6,116.52,0.3,0.3,18.08,18.02,16.76,23.17,33.82,88.56,19.44
2018-01-15 15:28:00,1,1,54.83,72.0,68.0,49.02,52.21,54.83,0.0,0.0,0.0,45.0,49.1,0.2,1.0,0.07,120.0,51.11,738.6,116.52,0.3,0.3,18.08,18.02,16.76,23.19,33.86,88.57,19.45
2018-01-15 15:29:00,1,1,54.82,72.0,68.0,49.02,52.2,54.82,0.0,0.0,0.0,45.0,49.09,0.2,1.0,0.07,120.0,51.1,738.6,116.52,0.3,0.3,18.08,18.02,16.76,23.21,33.89,88.59,19.47
2018-01-15 15:30:00,1,1,54.81,72.0,68.0,49.01,52.2,54.81,0.0,0.0,0.0,45.0,49.09,0.2,1.0,0.07,120.0,51.1,738.6,116.52,0.3,0.3,18.08,18.02,16.76,23.22,33.93,88.61,19.48
2018-01-15 15:31:00,1,1,54.81,72.0,68.0,49.01,52.19,54.81,0.0,0.0,0.0,45.0,49.08,0.2,1.0,0.07,120.0,51.09,738.6,116.52,0.3,0.3,18.08,18.02,16.76,23.24,33.97,88.62,19.5
2018-01-15 15:32:00,1,1,54.8,72.0,68.0,49.0,52.19,54.8,0.0,0.0,0.0,45.0,49.08,0.2,1.0,0.07,120.0,51.09,738.6,116.52,0.3,0.3,18.08,18.02,16.76,23.26,34.0,88.64,19.51
2018-01-15 15:33:00,1,1,54.8,72.0,68.0,49.0,52.18,54.8,0.0,0.0,0.0,45.0,49.08,0.2,1.0,0.07,120.0,51.08,738.6,116.52,0.3,0.3,18.08,18.01,16.76,23.28,34.04,88.66,19.53
2018-01-15 15:34:00,1,1,54.79,72.0,68.0,49.0,52.18,54.79,0.0,0.0,0.0,45.0,49.07,0.2,1.0,0.07,120.0,51.08,738.6,116.52,0.3,0.3,18.08,18.01,16.76,23.3,34.08,88.67,19.54
2018-01-15 15:35:00,1,1,54.79,72.0,68.0,48.99,52.17,54.79,0.0,0.0,0.0,45.0,49.07,0.2,1.0,0.07,120.0,51.08,738.6,116.52,0.3,0.3,18.08,18.01,16.76,23.32,34.11,88.68,19.56
2018-01-15 15:36:00,1,1,54.78,72.0,68.0,48.99,52.17,54.78,0.0,0.0,0.0,45.0,49.06,0.2,1.0,0.07,120.0,51.07,738.6,116.52,0.3,0.3,18.08,18.01,16.76,23.34,34.15,88.7,19.58
2018-01-15 15:37:00,1,1,54.78,72.0,68.0,48.98,52.17,54.78,0.0,0.0,0.0,45.0,49.06,0.2,1.0,0.07,120.0,51.07,738.6,116.52,0.3,0.3,18.08,18.01,16.76,23.36,34.19,88.71,19.59
2018-01-15 15:38:00,1,1,54.78,72.0,68.0,48.98,52.16,54.78,0.0,0.0,0.0,45.0,49.06,0.2,1.0,0.07,120.0,51.06,738.6,116.52,0.3,0.3,18.08,18.01,16.76,23.38,34.22,88.72,19.61
2018-01-15 15:39:00,1,1,54.77,72.0,68.0,48.98,52.16,54.77,0.0,0.0,0.0,45.0,49.05,0.2,1.0,0.07,120.0,51.06,738.6,116.52,0.3,0.3,18.08,18.01,16.76,23.39,34.26,88.74,19.62
2018-01-15 15:40:00,1,1,54.77,72.0,68.0,48.97,52.16,54.77,0.0,0.0,0.0,45.0,49.05,0.2,1.0,0.07,120.0,51.06,738.6,116.52,0.3,0.3,18.08,18.01,16.76,23.41,34.3,88.75,19.64
2018-01-15 15:41:00,1,1,54.76,72.0,68.0,48.97,52.15,54.76,0.0,0.0,0.0,45.0,49.04,0.2,1.0,0.07,120.0,51.05,738.6,116.52,0.3,0.3,18.08,18.0,16.76,23.43,34.33,88.76,19.65
2018-01-15 15:42:00,1,1,54.76,72.0,68.0,48.97,52.15,54.76,0.0,0.0,0.0,45.0,49.04,0.2,1.0,0.07,120.0,51.05,738.6,116.52,0.3,0.3,18.08,18.0,16.76,23.45,34.37,88.77,19.67
2018-01-15 15:43:00,1,1,54.76,72.0,68.0,48.96,52.15,54.76,0.0,0.0,0.0,45.0,49.04,0.2,1.0,0.07,120.0,51.05,738.6,116.52,0.3,0.3,18.08,18.0,16.76,23.47,34.41,88.78,19.69
2018-01-15 15:44:00,1,1,54.75,72.0,68.0,48.96,52.14,54.75,0.0,0.0,0.0,45.0,49.03,0.2,1.0,0.07,120.0,51.04,738.6,116.52,0.3,0.3,18.08,18.0,16.76,23.49,34.44,88.79,19.7
2018-01-15 15:45:00,1,1,54.75,72.0,68.0,48.96,52.14,54.75,0.0,0.0,0.0,45.0,49.03,0.2,1.0,0.07,120.0,51.04,738.6,116.52,0.3,0.3,18.08,18.0,16.76,23.51,34.48,88.8,19.72
2018-01-15 15:46:00,1,1,54.75,72.0,68.0,48.95,52.14,54.75,0.0,0.0,0.0,45.0,49.03,0.2,1.0,0.07,120.0,51.04,738.6,116.52,0.3,0.3,18.08,17.99,16.76,23.53,34.52,88.81,19.73
2018-01-15 15:47:00,1,1,54.74,72.0,68.0,48.95,52.13,54.74,0.0,0.0,0.0,45.0,49.03,0.2,1.0,0.07,120.0,51.03,738.6,116.52,0.3,0.3,18.08,17.99,16.76,23.55,34.55,88.82,19.75
2018-01-15 15:48:00,1,1,54.74,72.0,68.0,48.95,52.13,54.74,0.0,0.0,0.0,45.0,49.02,0.2,1.0,0.07,120.0,51.03,738.6,116.52,0.3,0.3,18.08,17.99,16.76,23.57,34.59,88.83,19.76
2018-01-15 15:49:00,1,1,54.74,72.0,68.0,48.95,52.13,54.74,0.0,0.0,0.0,45.0,49.02,0.2,1.0,0.07,120.0,51.03,738.6,116.52,0.3,0.3,18.08,17.99,16.76,23.59,34.62,88.84,19.78
2018-01-15 15:50:00,1,1,54.74,72.0,68.0,48.94,52.13,54.74,0.0,0.0,0.0,45.0,49.02,0.2,1.0,0.07,120.0,51.03,738.6,116.52,0.3,0.3,18.08,17.99,16.76,23.61,34.66,88.85,19.8
2018-01-15 15:51:00,1,1,54.73,72.0,68.0,48.94,52.12,54.73,0.0,0.0,0.0,45.0,49.01,0.2,1.0,0.07,120.0,51.02,738.6,116.52,0.3,0.3,18.08,17.98,16.76,23.63,34.69,88.86,19.81
2018-01-15 15:52:00,1,1,54.73,72.0,68.0,48.94,52.12,54.73,0.0,0.0,0.0,45.0,49.01,0.2,1.0,0.07,120.0,51.02,738.6,116.52,0.3,0.3,18.08,17.98,16.76,23.65,34.73,88.87,19.83
2018-01-15 15:53:00,1,1,54.73,72.0,68.0,48.94,52.12,54.73,0.0,0.0,0.0,45.0,49.01,0.2,1.0,0.07,120.0,51.02,738.6,116.52,0.3,0.3,18.08,17.98,16.76,23.67,34.76,88.88,19.84
2018-01-15 15:54:00,1,1,54.73,72.0,68.0,48.93,52.12,54.73,0.0,0.0,0.0,45.0,49.01,0.2,1.0,0.07,120.0,51.02,738.6,116.52,0.3,0.3,18.08,17.98,16.76,23.69,34.8,88.89,19.86
2018-01-15 15:55:00,1,1,54.72,72.0,68.0,48.93,52.11,54.72,0.0,0.0,0.0,45.0,49.0,0.2,1.0,0.07,120.0,51.01,738.6,116.52,0.3,0.3,18.08,17.97,16.76,23.71,34.83,88.89,19.88
2018-01-15 15:56:00,1,1,54.72,72.0,68.0,48.93,52.11,54.72,0.0,0.0,0.0,45.0,49.0,0.2,1.0,0.07,120.0,51.01,738.6,116.52,0.3,0.3,18.08,17.97,16.76,23.73,34.86,88.9,19.89
2018-01-15 15:57:00,1,1,54.72,72.0,68.0,48.93,52.11,54.72,0.0,0.0,0.0,45.0,49.0,0.2,1.0,0.07,120.0,51.01,738.6,116.52,0.3,0.3,18.08,17.97,16.76,23.75,34.89,88.91,19.91
2018-01-15 15:58:00,1,1,54.72,72.0,68.0,48.92,52.11,54.72,0.0,0.0,0.0,45.0,49.0,0.2,1.0,0.07,120.0,51.01,738.6,116.52,0.3,0.3,18.08,17.97,16.76,23.77,34.93,88.92,19.92
2018-01-15 15:59:00,1,1,54.71,72.0,68.0,48.92,52.11,54.71,0.0,0.0,0.0,45.0,49.0,0.2,1.0,0.07,120.0,51.01,738.6,116.52,0.3,0.3,18.08,17.96,16.76,23.78,34.96,88.93,19.94
2018-01-15 16:00:00,1,1,54.71,72.0,68.0,48.92,52.1,54.71,0.0,0.0,0.0,45.0,48.99,0.2,1.0,0.07,120.0,51.0,738.6,116.52,0.3,0.3,18.08,17.96,16.76,23.8,34.99,88.93,19.95
2018-01-15 16:01:00,1,1,54.71,72.0,68.0,48.92,52.1,54.71,0.0,0.0,0.0,45.0,48.99,0.2,1.0,0.07,120.0,51.0,738.6,116.52,0.3,0.3,18.08,17.96,16.76,23.82,35.01,88.94,19.97
2018-01-15 16:02:00,1,1,54.71,72.0,68.0,48.91,52.1,54.71,0.0,0.0,0.0,45.0,48.99,0.2,1.0,0.07,120.0,51.0,738.6,116.52,0.3,0.3,18.08,17.96,16.76,23.84,35.03,88.95,19.98
2018-01-15 16:03:00,1,1,54.7,72.0,68.0,48.91,52.1,54.7,0.0,0.0,0.0,45.0,48.99,0.2,1.0,0.07,120.0,51.0,738.6,116.52,0.3,0.3,18.08,17.95,16.76,23.86,35.04,88.96,20.0
2018-01-15 16:04:00,1,1,54.7,72.0,68.0,48.91,52.09,54.7,0.0,0.0,0.0,45.0,48.98,0.2,1.0,0.07,120.0,50.99,738.6,116.52,0.3,0.3,18.08,17.95,16.76,23.87,35.06,88.97,20.02
2018-01-15 16:05:00,1,1,54.7,72.0,68.0,48.9,52.09,54.7,0.0,0.0,0.0,45.0,48.98,0.2,1.0,0.07,120.0,50.99,738.6,116.52,0.3,0.3,18.08,17.95,16.76,23.89,35.07,88.98,20.03
2018-01-15 16:06:00,1,1,54.69,72.0,68.0,48.9,52.09,54.69,0.0,0.0,0.0,45.0,48.98,0.2,1.0,0.07,120.0,50.99,738.6,116.52,0.3,0.3,18.08,17.94,16.76,23.91,35.09,88.99,20.05
2018-01-15 16:07:00,1,1,54.69,72.0,68.0,48.9,52.08,54.69,0.0,0.0,0.0,45.0,48.97,0.2,1.0,0.07,120.0,50.98,738.6,116.52,0.3,0.3,18.08,17.94,16.76,23.93,35.1,89.0,20.06
2018-01-15 16:08:00,1,1,54.69,72.0,68.0,48.89,52.08,54.69,0.0,0.0,0.0,45.0,48.97,0.2,1.0,0.07,120.0,50.98,738.6,116.52,0.3,0.3,18.08,17.94,16.76,23.94,35.11,89.02,20.08
2018-01-15 16:09:00,1,1,54.68,72.0,68.0,48.89,52.08,54.68,0.0,0.0,0.0,45.0,48.96,0.2,1.0,0.07,120.0,50.98,738.6,116.52,0.3,0.3,18.08,17.93,16.76,23.96,35.12,89.03,20.09
2018-01-15 16:10:00,1,1,54.68,72.0,68.0,48.89,52.07,54.68,0.0,0.0,0.0,45.0,48.96,0.2,1.0,0.07,120.0,50.97,738.6,116.52,0.3,0.3,18.08,17.93,16.76,23.98,35.14,89.04,20.11
2018-01-15 16:11:00,1,1,54.67,72.0,68.0,48.88,52.07,54.67,0.0,0.0,0.0,45.0,48.96,0.2,1.0,0.07,120.0,50.97,738.6,116.52,0.3,0.3,18.08,17.93,16.76,23.99,35.15,89.06,20.12
2018-01-15 16:12:00,1,1,54.67,72.0,68.0,48.88,52.06,54.67,0.0,0.0,0.0,45.0,48.95,0.2,1.0,0.07,120.0,50.96,738.6,116.52,0.3,0.3,18.08,17.93,16.76,24.01,35.16,89.07,20.14
2018-01-15 16:13:00,1,1,54.67,72.0,68.0,48.87,52.06,54.67,0.0,0.0,0.0,45.0,48.95,0.2,1.0,0.07,120.0,50.96,738.6,116.52,0.3,0.3,18.08,17.92,16.76,24.02,35.17,89.08,20.15
2018-01-15 16:14:00,1,1,54.66,72.0,68.0,48.87,52.06,54.66,0.0,0.0,0.0,45.0,48.94,0.2,1.0,0.07,120.0,50.96,738.6,116.52,0.3,0.3,18.08,17.92,16.76,24.04,35.18,89.1,20.16
2018-01-15 16:15:00,1,1,54.66,72.0,68.0,48.87,52.05,54.66,0.0,0.0,0.0,45.0,48.94,0.2,1.0,0.07,120.0,50.95,738.6,116.52,0.3,0.3,18.08,17.92,16.76,24.06,35.18,89.11,20.18
2018-01-15 16:16:00,1,1,54.65,72.0,68.0,48.86,52.05,54.65,0.0,0.0,0.0,45.0,48.94,0.2,1.0,0.07,120.0,50.95,738.6,116.52,0.3,0.3,18.08,17.92,16.76,24.07,35.19,89.13,20.19
2018-01-15 16:17:00,1,1,54.65,72.0,68.0,48.86,52.04,54.65,0.0,0.0,0.0,45.0,48.93,0.2,1.0,0.07,120.0,50.94,738.6,116.52,0.3,0.3,18.08,17.91,16.76,24.09,35.2,89.14,20.21
2018-01-15 16:18:00,1,1,54.64,72.0,68.0,48.85,52.04,54.64,0.0,0.0,0.0,45.0,48.93,0.2,1.0,0.07,120.0,50.94,738.6,116.52,0.3,0.3,18.08,17.91,16.76,24.1,35.21,89.16,20.22
2018-01-15 16:19:00,1,1,54.64,72.0,68.0,48.85,52.04,54.64,0.0,0.0,0.0,45.0,48.92,0.2,1.0,0.07,120.0,50.94,738.6,116.52,0.3,0.3,18.08,17.91,16.76,24.11,35.21,89.17,20.23
2018-01-15 16:20:00,1,1,54.63,72.0,68.0,48.84,52.03,54.63,0.0,0.0,0.0,45.0,48.92,0.2,1.0,0.07,120.0,50.93,738.6,116.52,0.3,0.3,18.08,17.91,16.76,24.13,35.22,89.19,20.25
2018-01-15 16:21:00,1,1,54.63,72.0,68.0,48.84,52.03,54.63,0.0,0.0,0.0,45.0,48.91,0.2,1.0,0.07,120.0,50.93,738.6,116.52,0.3,0.3,18.08,17.91,16.76,24.14,35.23,89.2,20.26
2018-01-15 16:22:00,1,1,54.62,72.0,68.0,48.83,52.02,54.62,0.0,0.0,0.0,45.0,48.91,0.2,1.0,0.07,120.0,50.92,738.6,116.52,0.3,0.3,18.08,17.9,16.76,24.16,35.23,89.22,20.27
2018-01-15 16:23:00,1,1,54.62,72.0,68.0,48.83,52.02,54.62,0.0,0.0,0.0,45.0,48.9,0.2,1.0,0.07,120.0,50.92,738.6,116.52,0.3,0.3,18.08,17.9,16.76,24.17,35.24,89.23,20.28
2018-01-15 16:24:00,1,1,54.61,72.0,68.0,48.82,52.01,54.61,0.0,0.0,0.0,45.0,48.9,0.2,1.0,0.07,120.0,50.91,738.6,116.52,0.3,0.3,18.08,17.9,16.76,24.18,35.24,89.25,20.3
2018-01-15 16:25:00,1,1,54.61,72.0,68.0,48.82,52.01,54.61,0.0,0.0,0.0,45.0,48.89,0.2,1.0,0.07,120.0,50.91,738.6,116.52,0.3,0.3,18.08,17.9,16.76,24.19,35.24,89.27,20.31
2018-01-15 16:26:00,1,1,54.6,72.0,68.0,48.81,52.0,54.6,0.0,0.0,0.0,45.0,48.89,0.2,1.0,0.07,120.0,50.9,738.6,116.52,0.3,0.3,18.08,17.9,16.76,24.21,35.25,89.28,20.32
2018-01-15 16:27:00,1,1,54.59,72.0,68.0,48.81,52.0,54.59,0.0,0.0,0.0,45.0,48.88,0.2,1.0,0.07,120.0,50.9,738.6,116.52,0.3,0.3,18.08,17.9,16.76,24.22,35.25,89.3,20.33
2018-01-15 16:28:00,1,1,54.59,72.0,68.0,48.8,51.99,54.59,0.0,0.0,0.0,45.0,48.88,0.2,1.0,0.07,120.0,50.89,738.6,116.52,0.3,0.3,18.08,17.89,16.76,24.23,35.25,89.32,20.34
2018-01-15 16:29:00,1,1,54.58,72.0,68.0,48.8,51.99,54.58,0.0,0.0,0.0,45.0,48.88,0.2,1.0,0.07,120.0,50.89,738.6,116.52,0.3,0.3,18.08,17.89,16.76,24.24,35.25,89.33,20.35
2018-01-15 16:30:00,1,1,54.58,72.0,68.0,48.79,51.99,54.58,0.0,0.0,0.0,45.0,48.87,0.2,1.0,0.07,120.0,50.88,738.6,116.52,0.3,0.3,18.08,17.89,16.76,24.25,35.25,89.35,20.36
2018-01-15 16:31:00,1,1,54.57,72.0,68.0,48.79,51.98,54.57,0.0,0.0,0.0,45.0,48.87,0.2,1.0,0.07,120.0,50.88,738.6,116.52,0.3,0.3,18.08,17.89,16.76,24.26,35.25,89.37,20.37
2018-01-15 16:32:00,1,1,54.56,72.0,68.0,48.78,51.98,54.56,0.0,0.0,0.0,45.0,48.86,0.2,1.0,0.07,120.0,50.87,738.6,116.52,0.3,0.3,18.08,17.89,16.76,24.27,35.25,89.38,20.38
2018-01-15 16:33:00,1,1,54.56,72.0,68.0,48.78,51.97,54.56,0.0,0.0,0.0,45.0,48.85,0.2,1.0,0.07,120.0,50.87,738.6,116.52,0.3,0.3,18.08,17.89,16.76,24.28,35.25,89.4,20.39
2018-01-15 16:34:00,1,1,54.55,72.0,68.0,48.77,51.97,54.55,0.0,0.0,0.0,45.0,48.85,0.2,1.0,0.07,120.0,50.86,738.6,116.52,0.3,0.3,18.08,17.89,16.76,24.29,35.25,89.42,20.4
2018-01-15 16:35:00,1,1,54.55,72.0,68.0,48.77,51.96,54.55,0.0,0.0,0.0,45.0,48.84,0.2,1.0,0.07,120.0,50.86,738.6,116.52,0.3,0.3,18.08,17.89,16.76,24.3,35.25,89.44,20.41
2018-01-15 16:36:00,1,1,54.54,72.0,68.0,48.76,51.96,54.54,0.0,0.0,0.0,45.0,48.84,0.2,1.0,0.07,120.0,50.85,738.6,116.52,0.3,0.3,18.08,17.89,16.76,24.31,35.24,89.46,20.42
2018-01-15 16:37:00,1,1,54.53,72.0,68.0,48.76,51.95,54.53,0.0,0.0,0.0,45.0,48.83,0.2,1.0,0.07,120.0,50.85,738.6,116.52,0.3,0.3,18.08,17.89,16.76,24.32,35.24,89.47,20.43
2018-01-15 16:38:00,1,1,54.53,72.0,68.0,48.75,51.95,54.53,0.0,0.0,0.0,45.0,48.83,0.2,1.0,0.07,120.0,50.84,738.6,116.52,0.3,0.3,18.08,17.89,16.76,24.32,35.24,89.49,20.44
2018-01-15 16:39:00,1,1,54.52,72.0,68.0,48.75,51.94,54.52,0.0,0.0,0.0,45.0,48.82,0.2,1.0,0.07,120.0,50.84,738.6,116.52,0.3,0.3,18.08,17.89,16.76,24.33,35.23,89.51,20.44
2018-01-15 16:40:00,1,1,54.51,72.0,68.0,48.74,51.94,54.51,0.0,0.0,0.0,45.0,48.82,0.2,1.0,0.07,120.0,50.83,738.6,116.52,0.3,0.3,18.08,17.89,16.76,24.34,35.23,89.53,20.45
2018-01-15 16:41:00,1,1,54.51,72.0,68.0,48.74,51.93,54.51,0.0,0.0,0.0,45.0,48.81,0.2,1.0,0.07,120.0,50.83,738.6,116.52,0.3,0.3,18.08,17.89,16.76,24.34,35.22,89.55,20.46
2018-01-15 16:42:00,1,1,54.5,72.0,68.0,48.73,51.92,54.5,0.0,0.0,0.0,45.0,48.81,0.2,1.0,0.07,120.0,50.82,738.6,116.52,0.3,0.3,18.08,17.9,16.76,24.35,35.21,89.57,20.47
2018-01-15 16:43:00,1,1,54.49,72.0,68.0,48.73,51.92,54.49,0.0,0.0,0.0,45.0,48.8,0.2,1.0,0.07,120.0,50.82,738.6,116.52,0.3,0.3,18.08,17.9,16.76,24.35,35.21,89.58,20.47
2018-01-15 16:44:00,1,1,54.49,72.0,68.0,48.72,51.91,54.49,0.0,0.0,0.0,45.0,48.8,0.2,1.0,0.07,120.0,50.81,738.6,116.52,0.3,0.3,18.08,17.9,16.76,24.36,35.2,89.6,20.48
2018-01-15 16:45:00,1,1,54.48,72.0,68.0,48.71,51.91,54.48,0.0,0.0,0.0,45.0,48.79,0.2,1.0,0.07,120.0,50.81,738.6,116.52,0.3,0.3,18.08,17.9,16.76,24.36,35.19,89.62,20.48
2018-01-15 16:46:00,1,1,54.47,72.0,68.0,48.71,51.9,54.47,0.0,0.0,0.0,45.0,48.78,0.2,1.0,0.07,120.0,50.8,738.6,116.52,0.3,0.3,18.08,17.9,16.76,24.37,35.18,89.64,20.49
2018-01-15 16:47:00,1,1,54.47,72.0,68.0,48.7,51.9,54.47,0.0,0.0,0.0,45.0,48.78,0.2,1.0,0.07,120.0,50.8,738.6,116.52,0.3,0.3,18.08,17.9,16.76,24.37,35.18,89.66,20.49
2018-01-15 16:48:00,1,1,54.46,72.0,68.0,48.7,51.89,54.46,0.0,0.0,0.0,45.0,48.77,0.2,1.0,0.07,120.0,50.79,738.6,116.52,0.3,0.3,18.08,17.91,16.76,24.37,35.17,89.68,20.5
2018-01-15 16:49:00,1,1,54.45,72.0,68.0,48.69,51.89,54.45,0.0,0.0,0.0,45.0,48.77,0.2,1.0,0.07,120.0,50.78,738.6,116.52,0.3,0.3,18.08,17.91,16.76,24.38,35.16,89.7,20.5
2018-01-15 16:50:00,1,1,54.44,72.0,68.0,48.68,51.88,54.44,0.0,0.0,0.0,45.0,48.76,0.2,1.0,0.07,120.0,50.78,738.6,116.52,0.3,0.3,18.08,17.91,16.76,24.38,35.15,89.72,20.51
2018-01-15 16:51:00,1,1,54.44,72.0,68.0,48.68,51.88,54.44,0.0,0.0,0.0,45.0,48.75,0.2,1.0,0.07,120.0,50.77,738.6,116.52,0.3,0.3,18.08,17.92,16.76,24.38,35.13,89.74,20.51
2018-01-15 16:52:00,1,1,54.43,72.0,68.0,48.67,51.87,54.43,0.0,0.0,0.0,45.0,48.75,0.2,1.0,0.07,120.0,50.77,738.6,116.52,0.3,0.3,18.08,17.92,16.76,24.38,35.12,89.76,20.51
2018-01-15 16:53:00,1,1,54.42,72.0,68.0,48.67,51.86,54.42,0.0,0.0,0.0,45.0,48.74,0.2,1.0,0.07,120.0,50.76,738.6,116.52,0.3,0.3,18.08,17.92,16.76,24.38,35.11,89.78,20.52
2018-01-15 16:54:00,1,1,54.41,72.0,68.0,48.66,51.86,54.41,0.0,0.0,0.0,45.0,48.74,0.2,1.0,0.07,120.0,50.75,738.6,116.52,0.3,0.3,18.08,17.93,16.76,24.38,35.1,89.81,20.52
2018-01-15 16:55:00,1,1,54.4,72.0,68.0,48.65,51.85,54.4,0.0,0.0,0.0,45.0,48.73,0.2,1.0,0.07,120.0,50.75,738.6,116.52,0.3,0.3,18.08,17.93,16.76,24.38,35.08,89.83,20.52
2018-01-15 16:56:00,1,1,54.39,72.0,68.0,48.65,51.85,54.39,0.0,0.0,0.0,45.0,48.72,0.2,1.0,0.07,120.0,50.74,738.6,116.52,0.3,0.3,18.08,17.94,16.76,24.38,35.07,89.85,20.52
2018-01-15 16:57:00,1,1,54.39,72.0,68.0,48.64,51.84,54.39,0.0,0.0,0.0,45.0,48.72,0.2,1.0,0.07,120.0,50.74,738.6,116.52,0.3,0.3,18.08,17.94,16.76,24.38,35.06,89.87,20.52
2018-01-15 16:58:00,1,1,54.38,72.0,68.0,48.64,51.83,54.38,0.0,0.0,0.0,45.0,48.71,0.2,1.0,0.07,120.0,50.73,738.6,116.52,0.3,0.3,18.08,17.95,16.76,24.38,35.04,89.89,20.52
2018-01-15 16:59:00,1,1,54.37,72.0,68.0,48.63,51.83,54.37,0.0,0.0,0.0,45.0,48.71,0.2,1.0,0.07,120.0,50.72,738.6,116.52,0.3,0.3,18.08,17.95,16.76,24.37,35.03,89.91,20.52
2018-01-15 17:00:00,1,1,54.36,72.0,68.0,48.62,51.82,54.36,0.0,0.0,0.0,45.0,48.7,0.2,1.0,0.07,120.0,50.72,738.6,116.52,0.3,0.3,18.08,17.96,16.76,24.37,35.01,89.94,20.52
2018-01-15 17:01:00,1,1,54.35,72.0,68.0,48.62,51.82,54.35,0.0,0.0,0.0,45.0,48.69,0.2,1.0,0.07,120.0,50.71,738.6,116.52,0.3,0.3,18.08,17.97,16.76,24.37,34.98,89.96,20.52
2018-01-15 17:02:00,1,1,54.34,72.0,68.0,48.61,51.81,54.34,0.0,0.0,0.0,45.0,48.69,0.2,1.0,0.07,120.0,50.71,738.6,116.52,0.3,0.3,18.08,17.98,16.76,24.36,34.94,89.98,20.52
2018-01-15 17:03:00,1,1,54.33,72.0,68.0,48.61,51.81,54.33,0.0,0.0,0.0,45.0,48.68,0.2,1.0,0.07,120.0,50.7,738.6,116.52,0.3,0.3,18.08,18.0,16.76,24.35,34.9,89.99,20.52
2018-01-15 17:04:00,1,1,54.32,72.0,68.0,48.6,51.8,54.32,0.0,0.0,0.0,45.0,48.68,0.2,1.0,0.07,120.0,50.7,738.6,116.52,0.3,0.3,18.08,18.01,16.76,24.34,34.86,90.01,20.51
2018-01-15 17:05:00,1,1,54.31,72.0,68.0,48.59,51.79,54.31,0.0,0.0,0.0,45.0,48.67,0.2,1.0,0.07,120.0,50.69,738.6,116.52,0.3,0.3,18.08,18.03,16.76,24.32,34.82,90.03,20.5
2018-01-15 17:06:00,1,1,54.3,72.0,68.0,48.59,51.79,54.3,0.0,0.0,0.0,45.0,48.67,0.2,1.0,0.07,120.0,50.68,738.6,116.52,0.3,0.3,18.08,18.05,16.76,24.31,34.78,90.05,20.5
2018-01-15 17:07:00,1,1,54.29,72.0,68.0,48.58,51.78,54.29,0.0,0.0,0.0,45.0,48.66,0.2,1.0,0.07,120.0,50.68,738.6,116.52,0.3,0.3,18.08,18.06,16.76,24.29,34.74,90.07,20.49
2018-01-15 17:08:00,1,1,54.28,72.0,68.0,48.58,51.78,54.28,0.0,0.0,0.0,45.0,48.65,0.2,1.0,0.07,120.0,50.67,738.6,116.52,0.3,0.3,18.08,18.08,16.76,24.27,34.7,90.09,20.48
2018-01-15 17:09:00,1,1,54.27,72.0,68.0,48.57,51.77,54.27,0.0,0.0,0.0,45.0,48.65,0.2,1.0,0.07,120.0,50.67,738.6,116.52,0.3,0.3,18.08,18.1,16.76,24.26,34.66,90.11,20.47
2018-01-15 17:10:00,1,1,54.26,72.0,68.0,48.56,51.77,54.26,0.0,0.0,0.0,45.0,48.64,0.2,1.0,0.07,120.0,50.66,738.6,116.52,0.3,0.3,18.08,18.12,16.76,24.24,34.61,90.14,20.45
2018-01-15 17:11:00,1,1,54.25,72.0,68.0,48.56,51.76,54.25,0.0,0.0,0.0,45.0,48.63,0.2,1.0,0.07,120.0,50.66,738.6,116.52,0.3,0.3,18.08,18.13,16.76,24.21,34.57,90.16,20.44
2018-01-15 17:12:00,1,1,54.24,72.0,68.0,48.55,51.75,54.24,0.0,0.0,0.0,45.0,48.63,0.2,1.0,0.07,120.0,50.65,738.6,116.52,0.3,0.3,18.08,18.15,16.76,24.19,34.53,90.18,20.42
2018-01-15 17:13:00,1,1,54.23,72.0,68.0,48.54,51.75,54.23,0.0,0.0,0.0,45.0,48.62,0.2,1.0,0.07,120.0,50.64,738.6,116.52,0.3,0.3,18.08,18.17,16.76,24.17,34.49,90.2,20.41
2018-01-15 17:14:00,1,1,54.22,72.0,68.0,48.54,51.74,54.22,0.0,0.0,0.0,45.0,48.61,0.2,1.0,0.07,120.0,50.64,738.6,116.52,0.3,0.3,18.08,18.19,16.76,24.15,34.44,90.23,20.39
2018-01-15 17:15:00,1,1,54.21,72.0,68.0,48.53,51.73,54.21,0.0,0.0,0.0,45.0,48.61,0.2,1.0,0.07,120.0,50.63,738.6,116.52,0.3,0.3,18.08,18.2,16.76,24.12,34.4,90.25,20.38
2018-01-15 17:16:00,1,1,54.19,72.0,68.0,48.52,51.73,54.19,0.0,0.0,0.0,45.0,48.6,0.2,1.0,0.07,120.0,50.62,738.6,116.52,0.3,0.3,18.08,18.22,16.76,24.1,34.36,90.27,20.36
2018-01-15 17:17:00,1,1,54.18,72.0,68.0,48.52,51.72,54.18,0.0,0.0,0.0,45.0,48.59,0.2,1.0,0.07,120.0,50.62,738.6,116.52,0.3,0.3,18.08,18.24,16.76,24.07,34.31,90.3,20.34
2018-01-15 17:18:00,1,1,54.17,72.0,68.0,48.51,51.71,54.17,0.0,0.0,0.0,45.0,48.59,0.2,1.0,0.07,120.0,50.61,738.6,116.52,0.3,0.3,18.08,18.26,16.76,24.04,34.27,90.32,20.32
2018-01-15 17:19:00,1,1,54.16,72.0,68.0,48.5,51.71,54.16,0.0,0.0,0.0,45.0,48.58,0.2,1.0,0.07,120.0,50.6,738.6,116.52,0.3,0.3,18.08,18.28,16.76,24.01,34.23,90.35,20.3
2018-01-15 17:20:00,1,1,54.14,72.0,68.0,48.49,51.7,54.14,0.0,0.0,0.0,45.0,48.57,0.2,1.0,0.07,120.0,50.59,738.6,116.52,0.3,0.3,18.08,18.3,16.76,23.98,34.19,90.38,20.28
2018-01-15 17:21:00,1,1,54.13,72.0,68.0,48.49,51.69,54.13,0.0,0.0,0.0,45.0,48.56,0.2,1.0,0.07,120.0,50.59,738.6,116.52,0.3,0.3,18.08,18.32,16.76,23.95,34.14,90.4,20.26
2018-01-15 17:22:00,1,1,54.12,72.0,68.0,48.48,51.69,54.12,0.0,0.0,0.0,45.0,48.56,0.2,1.0,0.07,120.0,50.58,738.6,116.52,0.3,0.3,18.08,18.34,16.76,23.92,34.1,90.43,20.23
2018-01-15 17:23:00,1,1,54.11,72.0,68.0,48.47,51.68,54.11,0.0,0.0,0.0,45.0,48.55,0.2,1.0,0.07,120.0,50.57,738.6,116.52,0.3,0.3,18.08,18.36,16.76,23.89,34.06,90.46,20.21
2018-01-15 17:24:00,1,1,54.09,72.0,68.0,48.46,51.67,54.09,0.0,0.0,0.0,45.0,48.54,0.2,1.0,0.07,120.0,50.56,738.6,116.52,0.3,0.3,18.08,18.37,16.76,23.86,34.02,90.48,20.19
2018-01-15 17:25:00,1,1,54.08,72.0,68.0,48.45,51.66,54.08,0.0,0.0,0.0,45.0,48.53,0.2,1.0,0.07,120.0,50.56,738.6,116.52,0.3,0.3,18.08,18.39,16.76,23.83,33.98,90.51,20.17
2018-01-15 17:26:00,1,1,54.07,72.0,68.0,48.45,51.66,54.07,0.0,0.0,0.0,45.0,48.52,0.2,1.0,0.07,120.0,50.55,738.6,116.52,0.3,0.3,18.08,18.41,16.76,23.8,33.94,90.54,20.14
2018-01-15 17:27:00,1,1,54.05,72.0,68.0,48.44,51.65,54.05,0.0,0.0,0.0,45.0,48.52,0.2,1.0,0.07,120.0,50.54,738.6,116.52,0.3,0.3,18.08,18.43,16.76,23.77,33.9,90.57,20.12
2018-01-15 17:28:00,1,1,54.04,72.0,68.0,48.43,51.64,54.04,0.0,0.0,0.0,45.0,48.51,0.2,1.0,0.07,120.0,50.53,738.6,116.52,0.3,0.3,18.08,18.45,16.76,23.73,33.85,90.6,20.09
2018-01-15 17:29:00,1,1,54.03,72.0,68.0,48.42,51.63,54.03,0.0,0.0,0.0,45.0,48.5,0.2,1.0,0.07,120.0,50.52,738.6,116.52,0.3,0.3,18.08,18.47,16.76,23.7,33.82,90.63,20.07
2018-01-15 17:30:00,1,1,54.01,72.0,68.0,48.41,51.62,54.01,0.0,0.0,0.0,45.0,48.49,0.2,1.0,0.07,120.0,50.52,738.6,116.52,0.3,0.3,18.08,18.49,16.76,23.66,33.78,90.66,20.04
2018-01-15 17:31:00,1,1,54.0,72.0,68.0,48.4,51.61,54.0,0.0,0.0,0.0,45.0,48.48,0.2,1.0,0.07,120.0,50.51,738.6,116.52,0.3,0.3,18.08,18.51,16.76,23.63,33.74,90.69,20.01
2018-01-15 17:32:00,1,1,53.98,72.0,68.0,48.39,51.61,53.98,0.0,0.0,0.0,45.0,48.47,0.2,1.0,0.07,120.0,50.5,738.6,116.52,0.3,0.3,18.08,18.53,16.76,23.6,33.7,90.72,19.99
2018-01-15 17:33:00,1,1,53.97,72.0,68.0,48.39,51.6,53.97,0.0,0.0,0.0,45.0,48.46,0.2,1.0,0.07,120.0,50.49,738.6,116.52,0.3,0.3,18.08,18.55,16.76,23.56,33.66,90.75,19.96
2018-01-15 17:34:00,1,1,53.95,72.0,68.0,48.38,51.59,53.95,0.0,0.0,0.0,45.0,48.45,0.2,1.0,0.07,120.0,50.48,738.6,116.52,0.3,0.3,18.08,18.57,16.76,23.53,33.62,90.78,19.93
2018-01-15 17:35:00,1,1,53.94,72.0,68.0,48.37,51.58,53.94,0.0,0.0,0.0,45.0,48.45,0.2,1.0,0.07,120.0,50.47,738.6,116.52,0.3,0.3,18.08,18.59,16.76,23.49,33.59,90.82,19.9
2018-01-15 17:36:00,1,1,53.92,72.0,68.0,48.36,51.57,53.92,0.0,0.0,0.0,45.0,48.44,0.2,1.0,0.07,120.0,50.46,738.6,116.52,0.3,0.3,18.08,18.61,16.76,23.45,33.55,90.85,19.88
2018-01-15 17:37:00,1,1,53.91,72.0,68.0,48.35,51.56,53.91,0.0,0.0,0.0,45.0,48.43,0.2,1.0,0.07,120.0,50.45,738.6,116.52,0.3,0.3,18.08,18.63,16.76,23.42,33.52,90.88,19.85
2018-01-15 17:38:00,1,1,53.89,72.0,68.0,48.34,51.55,53.89,0.0,0.0,0.0,45.0,48.42,0.2,1.0,0.07,120.0,50.44,738.6,116.52,0.3,0.3,18.08,18.65,16.76,23.38,33.48,90.92,19.82
2018-01-15 17:39:00,1,1,53.88,72.0,68.0,48.33,51.54,53.88,0.0,0.0,0.0,45.0,48.41,0.2,1.0,0.07,120.0,50.43,738.6,116.52,0.3,0.3,18.08,18.67,16.76,23.35,33.45,90.95,19.79
2018-01-15 17:40:00,1,1,53.86,72.0,68.0,48.32,51.53,53.86,0.0,0.0,0.0,45.0,48.4,0.2,1.0,0.07,120.0,50.42,738.6,116.52,0.3,0.3,18.08,18.68,16.76,23.31,33.42,90.99,19.76
2018-01-15 17:41:00,1,1,53.85,72.0,68.0,48.31,51.52,53.85,0.0,0.0,0.0,45.0,48.39,0.2,1.0,0.07,120.0,50.42,738.6,116.52,0.3,0.3,18.08,18.7,16.76,23.27,33.39,91.02,19.74
2018-01-15 17:42:00,1,1,53.83,72.0,68.0,48.3,51.51,53.83,0.0,0.0,0.0,45.0,48.38,0.2,1.0,0.07,120.0,50.41,738.6,116.52,0.3,0.3,18.08,18.72,16.76,23.24,33.36,91.06,19.71
2018-01-15 17:43:00,1,1,53.82,72.0,68.0,48.29,51.5,53.82,0.0,0.0,0.0,45.0,48.37,0.2,1.0,0.07,120.0,50.4,738.6,116.52,0.3,0.3,18.08,18.74,16.76,23.2,33.33,91.09,19.68
2018-01-15 17:44:00,1,1,53.8,72.0,68.0,48.28,51.49,53.8,0.0,0.0,0.0,45.0,48.36,0.2,1.0,0.07,120.0,50.39,738.6,116.52,0.3,0.3,18.08,18.76,16.76,23.17,33.3,91.13,19.65
2018-01-15 17:45:00,1,1,53.78,72.0,68.0,48.27,51.48,53.78,0.0,0.0,0.0,45.0,48.35,0.2,1.0,0.07,120.0,50.37,738.6,116.52,0.3,0.3,18.08,18.78,16.76,23.13,33.27,91.17,19.62
2018-01-15 17:46:00,1,1,53.77,72.0,68.0,48.25,51.47,53.77,0.0,0.0,0.0,45.0,48.33,0.2,1.0,0.07,120.0,50.36,738.6,116.52,0.3,0.3,18.08,18.8,16.76,23.1,33.25,91.21,19.59
2018-01-15 17:47:00,1,1,53.75,72.0,68.0,48.24,51.46,53.75,0.0,0.0,0.0,45.0,48.32,0.2,1.0,0.07,120.0,50.35,738.6,116.52,0.3,0.3,18.08,18.81,16.76,23.06,33.22,91.24,19.56
2018-01-15 17:48:00,1,1,53.73,72.0,68.0,48.23,51.45,53.73,0.0,0.0,0.0,45.0,48.31,0.2,1.0,0.07,120.0,50.34,738.6,116.52,0.3,0.3,18.08,18.83,16.76,23.02,33.2,91.28,19.54
2018-01-15 17:49:00,1,1,53.72,72.0,68.0,48.22,51.44,53.72,0.0,0.0,0.0,45.0,48.3,0.2,1.0,0.07,120.0,50.33,738.6,116.52,0.3,0.3,18.08,18.85,16.76,22.99,33.17,91.32,19.51
2018-01-15 17:50:00,1,1,53.7,72.0,68.0,48.21,51.43,53.7,0.0,0.0,0.0,45.0,48.29,0.2,1.0,0.07,120.0,50.32,738.6,116.52,0.3,0.3,18.08,18.87,16.76,22.95,33.15,91.36,19.48
2018-01-15 17:51:00,1,1,53.68,72.0,68.0,48.2,51.42,53.68,0.0,0.0,0.0,45.0,48.28,0.2,1.0,0.07,120.0,50.31,738.6,116.52,0.3,0.3,18.08,18.89,16.76,22.92,33.13,91.4,19.45
2018-01-15 17:52:00,1,1,53.67,72.0,68.0,48.19,51.41,53.67,0.0,0.0,0.0,45.0,48.27,0.2,1.0,0.07,120.0,50.3,738.6,116.52,0.3,0.3,18.08,18.9,16.76,22.89,33.11,91.44,19.42
2018-01-15 17:53:00,1,1,53.65,72.0,68.0,48.18,51.4,53.65,0.0,0.0,0.0,45.0,48.26,0.2,1.0,0.07,120.0,50.29,738.6,116.52,0.3,0.3,18.08,18.92,16.76,22.85,33.1,91.49,19.39
2018-01-15 17:54:00,1,1,53.63,72.0,68.0,48.16,51.39,53.63,0.0,0.0,0.0,45.0,48.24,0.2,1.0,0.07,120.0,50.28,738.6,116.52,0.3,0.3,18.08,18.94,16.76,22.82,33.08,91.53,19.37
2018-01-15 17:55:00,1,1,53.62,72.0,68.0,48.15,51.38,53.62,0.0,0.0,0.0,45.0,48.23,0.2,1.0,0.07,120.0,50.26,738.6,116.52,0.3,0.3,18.08,18.95,16.76,22.78,33.07,91.57,19.34
2018-01-15 17:56:00,1,1,53.6,72.0,68.0,48.14,51.36,53.6,0.0,0.0,0.0,45.0,48.22,0.2,1.0,0.07,120.0,50.25,738.6,116.52,0.3,0.3,18.08,18.97,16.76,22.75,33.05,91.61,19.31
2018-01-15 17:57:00,1,1,53.58,72.0,68.0,48.13,51.35,53.58,0.0,0.0,0.0,45.0,48.21,0.2,1.0,0.07,120.0,50.24,738.6,116.52,0.3,0.3,18.08,18.99,16.76,22.72,33.04,91.66,19.28
2018-01-15 17:58:00,1,1,53.56,72.0,68.0,48.11,51.34,53.56,0.0,0.0,0.0,45.0,48.2,0.2,1.0,0.07,120.0,50.23,738.6,116.52,0.3,0.3,18.08,19.0,16.76,22.69,33.03,91.7,19.26
2018-01-15 17:59:00,1,1,53.54,72.0,68.0,48.1,51.33,53.54,0.0,0.0,0.0,45.0,48.18,0.2,1.0,0.07,120.0,50.22,738.6,116.52,0.3,0.3,18.08,19.02,16.76,22.66,33.02,91.75,19.23
2018-01-15 18:00:00,1,1,53.53,72.0,68.0,48.09,51.32,53.53,0.0,0.0,0.0,45.0,48.17,0.2,1.0,0.07,120.0,50.2,738.6,116.52,0.3,0.3,18.08,19.03,16.76,22.62,33.01,91.79,19.21
2018-01-15 18:01:00,2,1,53.75,85.0,55.0,52.75,54.52,53.75,0.0,0.0,0.0,45.0,49.9,0.2,0.02,0.07,120.0,51.32,399.82,0.88,0.0,0.0,9.75,19.04,4.53,19.82,33.04,81.44,19.2
2018-01-15 18:02:00,2,1,54.23,85.0,55.0,54.03,57.23,54.23,0.0,0.0,0.0,45.0,52.26,0.2,0.01,0.07,120.0,54.22,399.82,0.88,0.0,0.0,9.75,19.04,2.88,19.25,33.09,74.07,19.13
2018-01-15 18:03:00,2,1,54.79,85.0,55.0,54.69,58.73,54.79,0.0,0.0,0.0,45.0,53.65,0.2,0.01,0.07,120.0,55.96,399.82,0.88,0.0,0.0,9.75,19.05,2.65,19.08,33.14,70.43,19.02
2018-01-15 18:04:00,2,1,55.32,85.0,55.0,55.24,59.62,55.32,0.0,0.0,0.0,45.0,54.52,0.2,0.0,0.07,120.0,56.97,399.82,0.88,0.0,0.0,9.75,19.05,2.62,18.98,33.2,68.09,18.94
2018-01-15 18:05:00,2,1,55.81,85.0,55.0,55.73,60.25,55.81,0.0,0.0,0.0,45.0,55.16,0.2,0.0,0.07,120.0,57.66,399.82,0.88,0.0,0.0,9.75,19.05,2.62,18.93,33.25,66.44,18.89
2018-01-15 18:06:00,2,1,56.18,85.0,55.0,44.39,67.2,56.18,0.0,0.0,0.0,45.0,55.62,0.2,0.0,0.07,120.0,35.61,0.0,0.88,0.0,0.0,0.0,19.06,0.96,27.3,33.31,53.31,18.91
2018-01-15 18:07:00,2,1,56.32,85.0,55.0,38.61,88.36,56.32,0.0,0.0,0.0,45.0,55.68,0.2,0.0,0.07,120.0,59.8,0.0,0.88,0.0,0.0,0.0,19.06,0.13,31.69,33.37,27.7,19.08
2018-01-15 18:08:00,2,1,56.4,85.0,55.0,37.85,102.74,56.4,0.0,0.0,0.0,45.0,55.64,0.2,0.0,0.07,120.0,86.01,0.0,0.88,0.0,0.0,0.0,19.06,0.02,32.49,33.43,17.27,19.28
2018-01-15 18:09:00,2,1,56.46,85.0,55.0,37.78,110.62,56.46,0.0,0.0,0.0,45.0,55.6,0.2,0.0,0.07,120.0,101.38,0.0,0.88,0.0,0.0,0.0,19.06,0.0,32.8,33.49,13.41,19.49
2018-01-15 18:10:00,2,1,56.5,85.0,55.0,37.78,114.75,56.5,0.0,0.0,0.0,45.0,55.55,0.2,0.0,0.07,120.0,109.55,0.0,0.88,0.0,0.0,0.0,19.06,0.0,33.06,33.55,11.85,19.71
2018-01-15 18:11:00,2,1,56.53,85.0,55.0,37.8,116.88,56.53,0.0,0.0,0.0,45.0,55.51,0.2,0.0,0.07,120.0,113.79,0.0,0.88,0.0,0.0,0.0,19.06,0.0,33.31,33.62,11.13,19.93
2018-01-15 18:12:00,2,1,56.56,85.0,55.0,37.81,117.98,56.56,0.0,0.0,0.0,45.0,55.46,0.2,0.0,0.07,120.0,115.98,0.0,0.88,0.0,0.0,0.0,19.06,0.0,33.57,33.68,10.79,20.16
2018-01-15 18:13:00,2,1,56.57,85.0,55.0,37.82,118.55,56.57,0.0,0.0,0.0,45.0,55.42,0.2,0.0,0.07,120.0,117.11,0.0,0.88,0.0,0.0,0.0,19.06,0.0,33.83,33.75,10.62,20.39
2018-01-15 18:14:00,2,1,56.58,85.0,55.0,37.82,118.84,56.58,0.0,0.0,0.0,45.0,55.37,0.2,0.0,0.07,120.0,117.69,0.0,0.88,0.0,0.0,0.0,19.06,0.0,34.09,33.81,10.53,20.62
2018-01-15 18:15:00,2,1,56.58,85.0,55.0,37.82,118.99,56.58,0.0,0.0,0.0,45.0,55.33,0.2,0.0,0.07,120.0,117.99,0.0,0.88,0.0,0.0,0.0,19.06,0.0,34.35,33.88,10.49,20.86
2018-01-15 18:16:00,2,1,56.58,85.0,55.0,37.82,119.07,56.58,0.0,0.0,0.0,45.0,55.28,0.2,0.0,0.07,120.0,118.15,0.0,0.88,0.0,0.0,0.0,19.06,0.0,34.62,33.95,10.46,21.09
2018-01-15 18:17:00,2,1,56.57,85.0,55.0,37.82,119.11,56.57,0.0,0.0,0.0,45.0,55.24,0.2,0.0,0.07,120.0,118.22,0.0,0.88,0.0,0.0,0.0,19.06,0.0,34.88,34.02,10.45,21.32
2018-01-15 18:18:00,2,1,56.57,85.0,55.0,37.81,119.13,56.57,0.0,0.0,0.0,45.0,55.19,0.2,0.0,0.07,120.0,118.26,0.0,0.88,0.0,0.0,0.0,19.06,0.0,35.14,34.09,10.45,21.56
2018-01-15 18:19:00,2,1,56.56,85.0,55.0,37.81,119.14,56.56,0.0,0.0,0.0,45.0,55.15,0.2,0.0,0.07,120.0,118.28,0.0,0.88,0.0,0.0,0.0,19.06,0.0,35.41,34.16,10.44,21.79
2018-01-15 18:20:00,2,1,56.54,85.0,55.0,37.8,119.14,56.54,0.0,0.0,0.0,45.0,55.1,0.2,0.0,0.07,120.0,118.29,0.0,0.88,0.0,0.0,0.0,19.06,0.0,35.67,34.23,10.44,22.02
2018-01-15 18:21:00,2,1,56.53,85.0,55.0,37.8,119.15,56.53,0.0,0.0,0.0,45.0,55.06,0.2,0.0,0.07,120.0,118.3,0.0,0.88,0.0,0.0,0.0,19.06,0.0,35.93,34.3,10.44,22.26
2018-01-15 18:22:00,2,1,56.52,85.0,55.0,37.79,119.15,56.52,0.0,0.0,0.0,45.0,55.01,0.2,0.0,0.07,120.0,118.3,0.0,0.88,0.0,0.0,0.0,19.06,0.0,36.19,34.38,10.44,22.49
2018-01-15 18:23:00,2,1,56.5,85.0,55.0,37.78,119.15,56.5,0.0,0.0,0.0,45.0,54.97,0.2,0.0,0.07,120.0,118.3,0.0,0.88,0.0,0.0,0.0,19.06,0.0,36.45,34.45,10.44,22.72
2018-01-15 18:24:00,2,1,56.48,85.0,55.0,37.77,119.15,56.48,0.0,0.0,0.0,45.0,54.93,0.2,0.0,0.07,120.0,118.3,0.0,0.88,0.0,0.0,0.0,19.06,0.0,36.71,34.52,10.44,22.94
2018-01-15 18:25:00,2,1,56.46,85.0,55.0,37.76,119.15,56.46,0.0,0.0,0.0,45.0,54.88,0.2,0.0,0.07,120.0,118.3,0.0,0.88,0.0,0.0,0.0,19.06,0.0,36.97,34.6,10.44,23.17
2018-01-15 18:26:00,2,1,56.44,85.0,55.0,37.75,119.15,56.44,0.0,0.0,0.0,45.0,54.84,0.2,0.0,0.07,120.0,118.3,0.0,0.88,0.0,0.0,0.0,19.06,0.0,37.23,34.67,10.44,23.4
2018-01-15 18:27:00,2,1,56.42,85.0,55.0,37.74,119.15,56.42,0.0,0.0,0.0,45.0,54.79,0.2,0.0,0.07,120.0,118.3,0.0,0.88,0.0,0.0,0.0,19.06,0.0,37.48,34.74,10.44,23.62
2018-01-15 18:28:00,2,1,56.4,85.0,55.0,37.73,119.15,56.4,0.0,0.0,0.0,45.0,54.75,0.2,0.0,0.07,120.0,118.3,0.0,0.88,0.0,0.0,0.0,19.05,0.0,37.74,34.82,10.44,23.85
2018-01-15 18:29:00,2,1,56.38,85.0,55.0,37.72,119.14,56.38,0.0,0.0,0.0,45.0,54.71,0.2,0.0,0.07,120.0,118.29,0.0,0.88,0.0,0.0,0.0,19.05,0.0,37.99,34.89,10.44,24.07
2018-01-15 18:30:00,2,1,56.36,85.0,55.0,37.71,119.14,56.36,0.0,0.0,0.0,45.0,54.66,0.2,0.0,0.07,120.0,118.29,0.0,0.88,0.0,0.0,0.0,19.05,0.0,38.24,34.97,10.44,24.29
2018-01-15 18:31:00,2,1,56.34,85.0,55.0,37.7,119.14,56.34,0.0,0.0,0.0,45.0,54.62,0.2,0.0,0.07,120.0,118.29,0.0,0.88,0.0,0.0,0.0,19.05,0.0,38.49,35.04,10.44,24.51
2018-01-15 18:32:00,2,1,56.32,85.0,55.0,37.68,119.14,56.32,0.0,0.0,0.0,45.0,54.58,0.2,0.0,0.07,120.0,118.29,0.0,0.88,0.0,0.0,0.0,19.05,0.0,38.73,35.12,10.44,24.73
2018-01-15 18:33:00,2,1,56.3,85.0,55.0,37.67,119.14,56.3,0.0,0.0,0.0,45.0,54.53,0.2,0.0,0.07,120.0,118.29,0.0,0.88,0.0,0.0,0.0,19.05,0.0,38.98,35.19,10.44,24.94
2018-01-15 18:34:00,2,1,56.28,85.0,55.0,37.66,119.14,56.28,0.0,0.0,0.0,45.0,54.49,0.2,0.0,0.07,120.0,118.29,0.0,0.88,0.0,0.0,0.0,19.05,0.0,39.22,35.27,10.44,25.16
2018-01-15 18:35:00,2,1,56.25,85.0,55.0,37.65,119.14,56.25,0.0,0.0,0.0,45.0,54.45,0.2,0.0,0.07,120.0,118.29,0.0,0.88,0.0,0.0,0.0,19.04,0.0,39.46,35.34,10.44,25.37
2018-01-15 18:36:00,2,1,56.23,85.0,55.0,37.64,119.14,56.23,0.0,0.0,0.0,45.0,54.4,0.2,0.0,0.07,120.0,118.29,0.0,0.88,0.0,0.0,0.0,19.04,0.0,39.7,35.41,10.44,25.58
2018-01-15 18:37:00,2,1,56.21,85.0,55.0,37.62,119.14,56.21,0.0,0.0,0.0,45.0,54.36,0.2,0.0,0.07,120.0,118.29,0.0,0.88,0.0,0.0,0.0,19.04,0.0,39.94,35.49,10.44,25.79
2018-01-15 18:38:00,2,1,56.18,85.0,55.0,37.61,119.14,56.18,0.0,0.0,0.0,45.0,54.32,0.2,0.0,0.07,120.0,118.28,0.0,0.88,0.0,0.0,0.0,19.04,0.0,40.18,35.56,10.44,26.0
2018-01-15 18:39:00,2,1,56.16,85.0,55.0,37.6,119.14,56.16,0.0,0.0,0.0,45.0,54.27,0.2,0.0,0.07,120.0,118.28,0.0,0.88,0.0,0.0,0.0,19.04,0.0,40.41,35.63,10.44,26.2
2018-01-15 18:40:00,2,1,56.14,85.0,55.0,37.59,119.14,56.14,0.0,0.0,0.0,45.0,54.23,0.2,0.0,0.07,120.0,118.28,0.0,0.88,0.0,0.0,0.0,19.04,0.0,40.64,35.71,10.44,26.41
2018-01-15 18:41:00,2,1,56.12,85.0,55.0,37.58,119.14,56.12,0.0,0.0,0.0,45.0,54.19,0.2,0.0,0.07,120.0,118.28,0.0,0.88,0.0,0.0,0.0,19.04,0.0,40.87,35.78,10.44,26.61
2018-01-15 18:42:00,2,1,56.09,85.0,55.0,37.56,119.14,56.09,0.0,0.0,0.0,45.0,54.15,0.2,0.0,0.07,120.0,118.28,0.0,0.88,0.0,0.0,0.0,19.04,0.0,41.1,35.85,10.44,26.81
2018-01-15 18:43:00,2,1,56.07,85.0,55.0,37.55,119.14,56.07,0.0,0.0,0.0,45.0,54.1,0.2,0.0,0.07,120.0,118.28,0.0,0.88,0.0,0.0,0.0,19.04,0.0,41.33,35.92,10.44,27.01
2018-01-15 18:44:00,2,1,56.05,85.0,55.0,37.54,119.14,56.05,0.0,0.0,0.0,45.0,54.06,0.2,0.0,0.07,120.0,118.28,0.0,0.88,0.0,0.0,0.0,19.03,0.0,41.55,35.99,10.44,27.21
2018-01-15 18:45:00,2,1,56.02,85.0,55.0,37.53,119.14,56.02,0.0,0.0,0.0,45.0,54.02,0.2,0.0,0.07,120.0,118.28,0.0,0.88,0.0,0.0,0.0,19.03,0.0,41.77,36.06,10.44,27.41
2018-01-15 18:46:00,2,1,56.0,85.0,55.0,37.52,119.13,56.0,0.0,0.0,0.0,45.0,53.98,0.2,0.0,0.07,120.0,118.28,0.0,0.88,0.0,0.0,0.0,19.03,0.0,41.99,36.13,10.44,27.6
2018-01-15 18:47:00,2,1,55.98,85.0,55.0,37.51,119.13,55.98,0.0,0.0,0.0,45.0,53.93,0.2,0.0,0.07,120.0,118.27,0.0,0.88,0.0,0.0,0.0,19.03,0.0,42.21,36.19,10.44,27.79
2018-01-15 18:48:00,2,1,55.96,85.0,55.0,37.49,119.13,55.96,0.0,0.0,0.0,45.0,53.89,0.2,0.0,0.07,120.0,118.27,0.0,0.88,0.0,0.0,0.0,19.03,0.0,42.42,36.26,10.44,27.98
2018-01-15 18:49:00,2,1,55.94,85.0,55.0,37.48,119.13,55.94,0.0,0.0,0.0,45.0,53.85,0.2,0.0,0.07,120.0,118.27,0.0,0.88,0.0,0.0,0.0,19.03,0.0,42.64,36.33,10.44,28.17
2018-01-15 18:50:00,2,1,55.91,85.0,55.0,37.47,119.13,55.91,0.0,0.0,0.0,45.0,53.81,0.2,0.0,0.07,120.0,118.27,0.0,0.88,0.0,0.0,0.0,19.03,0.0,42.85,36.39,10.44,28.36
2018-01-15 18:51:00,2,1,55.89,85.0,55.0,37.46,119.13,55.89,0.0,0.0,0.0,45.0,53.76,0.2,0.0,0.07,120.0,118.27,0.0,0.88,0.0,0.0,0.0,19.03,0.0,43.06,36.46,10.44,28.55
2018-01-15 18:52:00,2,1,55.87,85.0,55.0,37.45,119.13,55.87,0.0,0.0,0.0,45.0,53.72,0.2,0.0,0.07,120.0,118.27,0.0,0.88,0.0,0.0,0.0,19.03,0.0,43.26,36.52,10.45,28.73
2018-01-15 18:53:00,2,1,55.85,85.0,55.0,37.44,119.13,55.85,0.0,0.0,0.0,45.0,53.68,0.2,0.0,0.07,120.0,118.27,0.0,0.88,0.0,0.0,0.0,19.03,0.0,43.47,36.58,10.45,28.92
2018-01-15 18:54:00,2,1,55.83,85.0,55.0,37.43,119.13,55.83,0.0,0.0,0.0,45.0,53.64,0.2,0.0,0.07,120.0,118.27,0.0,0.88,0.0,0.0,0.0,19.03,0.0,43.67,36.64,10.45,29.1
2018-01-15 18:55:00,2,1,55.81,85.0,55.0,37.42,119.13,55.81,0.0,0.0,0.0,45.0,53.6,0.2,0.0,0.07,120.0,118.26,0.0,0.88,0.0,0.0,0.0,19.03,0.0,43.87,36.7,10.45,29.28
2018-01-15 18:56:00,2,1,55.79,85.0,55.0,37.41,119.13,55.79,0.0,0.0,0.0,45.0,53.56,0.2,0.0,0.07,120.0,118.26,0.0,0.88,0.0,0.0,0.0,19.03,0.0,44.06,36.75,10.45,29.46
2018-01-15 18:57:00,2,1,55.76,85.0,55.0,37.4,119.13,55.76,0.0,0.0,0.0,45.0,53.51,0.2,0.0,0.07,120.0,118.26,0.0,0.88,0.0,0.0,0.0,19.03,0.0,44.26,36.81,10.45,29.63
2018-01-15 18:58:00,2,1,55.74,85.0,55.0,37.39,119.13,55.74,0.0,0.0,0.0,45.0,53.47,0.2,0.0,0.07,120.0,118.26,0.0,0.88,0.0,0.0,0.0,19.04,0.0,44.45,36.87,10.45,29.81
2018-01-15 18:59:00,2,1,55.72,85.0,55.0,37.38,119.13,55.72,0.0,0.0,0.0,45.0,53.43,0.2,0.0,0.07,120.0,118.26,0.0,0.88,0.0,0.0,0.0,19.04,0.0,44.64,36.92,10.45,29.98
2018-01-15 19:00:00,2,1,55.7,85.0,55.0,37.37,119.13,55.7,0.0,0.0,0.0,45.0,53.39,0.2,0.0,0.07,120.0,118.26,0.0,0.88,0.0,0.0,0.0,19.04,0.0,44.83,36.97,10.45,30.15
2018-01-15 19:01:00,2,1,55.69,85.0,55.0,37.37,119.13,55.69,0.0,0.0,0.0,45.0,53.35,0.2,0.0,0.07,120.0,118.26,0.0,0.88,0.0,0.0,0.0,19.05,0.0,44.98,36.97,10.45,30.32
2018-01-15 19:02:00,2,1,55.67,85.0,55.0,37.37,119.13,55.67,0.0,0.0,0.0,45.0,53.31,0.2,0.0,0.07,120.0,118.26,0.0,0.88,0.0,0.0,0.0,19.06,0.0,45.12,36.93,10.45,30.49
2018-01-15 19:03:00,2,1,55.65,85.0,55.0,37.37,119.13,55.65,0.0,0.0,0.0,45.0,53.27,0.2,0.0,0.07,120.0,118.26,0.0,0.88,0.0,0.0,0.0,19.08,0.0,45.25,36.89,10.45,30.66
2018-01-15 19:04:00,2,1,55.64,85.0,55.0,37.37,119.12,55.64,0.0,0.0,0.0,45.0,53.23,0.2,0.0,0.07,120.0,118.26,0.0,0.88,0.0,0.0,0.0,19.09,0.0,45.38,36.85,10.45,30.82
2018-01-15 19:05:00,2,1,55.62,85.0,55.0,37.37,119.12,55.62,0.0,0.0,0.0,45.0,53.19,0.2,0.0,0.07,120.0,118.25,0.0,0.88,0.0,0.0,0.0,19.11,0.0,45.51,36.8,10.45,30.99
2018-01-15 19:06:00,2,1,55.61,85.0,55.0,37.37,119.12,55.61,0.0,0.0,0.0,45.0,53.14,0.2,0.0,0.07,120.0,118.25,0.0,0.88,0.0,0.0,0.0,19.13,0.0,45.64,36.75,10.45,31.15
2018-01-15 19:07:00,2,1,55.6,85.0,55.0,37.37,119.12,55.6,0.0,0.0,0.0,45.0,53.1,0.2,0.0,0.07,120.0,118.25,0.0,0.88,0.0,0.0,0.0,19.14,0.0,45.76,36.71,10.45,31.31
2018-01-15 19:08:00,2,1,55.59,85.0,55.0,37.37,119.12,55.59,0.0,0.0,0.0,45.0,53.06,0.2,0.0,0.07,120.0,118.25,0.0,0.88,0.0,0.0,0.0,19.16,0.0,45.89,36.66,10.45,31.47
2018-01-15 19:09:00,2,1,55.58,85.0,55.0,37.38,119.12,55.58,0.0,0.0,0.0,45.0,53.02,0.2,0.0,0.07,120.0,118.25,0.0,0.88,0.0,0.0,0.0,19.18,0.0,46.01,36.61,10.45,31.63
2018-01-15 19:10:00,2,1,55.57,85.0,55.0,37.38,119.12,55.57,0.0,0.0,0.0,45.0,52.98,0.2,0.0,0.07,120.0,118.25,0.0,0.88,0.0,0.0,0.0,19.19,0.0,46.13,36.56,10.45,31.78
2018-01-15 19:11:00,2,1,55.57,85.0,55.0,37.39,119.12,55.57,0.0,0.0,0.0,45.0,52.94,0.2,0.0,0.07,120.0,118.25,0.0,0.88,0.0,0.0,0.0,19.21,0.0,46.25,36.51,10.45,31.94
2018-01-15 19:12:00,2,1,55.56,85.0,55.0,37.39,119.12,55.56,0.0,0.0,0.0,45.0,52.9,0.2,0.0,0.07,120.0,118.25,0.0,0.88,0.0,0.0,0.0,19.23,0.0,46.37,36.46,10.45,32.1
2018-01-15 19:13:00,2,1,55.55,85.0,55.0,37.4,119.12,55.55,0.0,0.0,0.0,45.0,52.86,0.2,0.0,0.07,120.0,118.25,0.0,0.88,0.0,0.0,0.0,19.24,0.0,46.48,36.41,10.45,32.25
2018-01-15 19:14:00,2,1,55.55,85.0,55.0,37.4,119.12,55.55,0.0,0.0,0.0,45.0,52.82,0.2,0.0,0.07,120.0,118.24,0.0,0.88,0.0,0.0,0.0,19.26,0.0,46.6,36.35,10.45,32.4
2018-01-15 19:15:00,2,1,55.54,85.0,55.0,37.41,119.12,55.54,0.0,0.0,0.0,45.0,52.78,0.2,0.0,0.07,120.0,118.24,0.0,0.88,0.0,0.0,0.0,19.28,0.0,46.71,36.3,10.45,32.56
2018-01-15 19:16:00,2,1,55.54,85.0,55.0,37.42,119.12,55.54,0.0,0.0,0.0,45.0,52.74,0.2,0.0,0.07,120.0,118.24,0.0,0.88,0.0,0.0,0.0,19.3,0.0,46.83,36.25,10.45,32.71
2018-01-15 19:17:00,2,1,55.54,85.0,55.0,37.42,119.12,55.54,0.0,0.0,0.0,45.0,52.71,0.2,0.0,0.07,120.0,118.24,0.0,0.88,0.0,0.0,0.0,19.31,0.0,46.94,36.19,10.45,32.86
2018-01-15 19:18:00,2,1,55.53,85.0,55.0,37.43,119.12,55.53,0.0,0.0,0.0,45.0,52.67,0.2,0.0,0.07,120.0,118.24,0.0,0.88,0.0,0.0,0.0,19.33,0.0,47.05,36.14,10.45,33.01
2018-01-15 19:19:00,2,1,55.53,85.0,55.0,37.44,119.12,55.53,0.0,0.0,0.0,45.0,52.63,0.2,0.0,0.07,120.0,118.24,0.0,0.88,0.0,0.0,0.0,19.35,0.0,47.16,36.09,10.45,33.16
2018-01-15 19:20:00,2,1,55.53,85.0,55.0,37.45,119.12,55.53,0.0,0.0,0.0,45.0,52.59,0.2,0.0,0.07,120.0,118.24,0.0,0.88,0.0,0.0,0.0,19.37,0.0,47.28,36.03,10.45,33.31
2018-01-15 19:21:00,2,1,55.53,85.0,55.0,37.45,119.12,55.53,0.0,0.0,0.0,45.0,52.55,0.2,0.0,0.07,120.0,118.24,0.0,0.88,0.0,0.0,0.0,19.38,0.0,47.39,35.98,10.45,33.46
2018-01-15 19:22:00,2,1,55.53,85.0,55.0,37.46,119.12,55.53,0.0,0.0,0.0,45.0,52.51,0.2,0.0,0.07,120.0,118.24,0.0,0.88,0.0,0.0,0.0,19.4,0.0,47.5,35.92,10.45,33.61
2018-01-15 19:23:00,2,1,55.52,85.0,55.0,37.47,119.11,55.52,0.0,0.0,0.0,45.0,52.47,0.2,0.0,0.07,120.0,118.23,0.0,0.88,0.0,0.0,0.0,19.42,0.0,47.61,35.87,10.45,33.76
2018-01-15 19:24:00,2,1,55.52,85.0,55.0,37.48,119.11,55.52,0.0,0.0,0.0,45.0,52.43,0.2,0.0,0.07,120.0,118.23,0.0,0.88,0.0,0.0,0.0,19.44,0.0,47.72,35.82,10.45,33.91
2018-01-15 19:25:00,2,1,55.52,85.0,55.0,37.49,119.11,55.52,0.0,0.0,0.0,45.0,52.39,0.2,0.0,0.07,120.0,118.23,0.0,0.88,0.0,0.0,0.0,19.45,0.0,47.83,35.77,10.45,34.06
2018-01-15 19:26:00,2,1,55.52,85.0,55.0,37.5,119.11,55.52,0.0,0.0,0.0,45.0,52.36,0.2,0.0,0.07,120.0,118.23,0.0,0.88,0.0,0.0,0.0,19.47,0.0,47.94,35.72,10.45,34.2
2018-01-15 19:27:00,2,1,55.53,85.0,55.0,37.51,119.11,55.53,0.0,0.0,0.0,45.0,52.32,0.2,0.0,0.07,120.0,118.23,0.0,0.88,0.0,0.0,0.0,19.49,0.0,48.05,35.67,10.45,34.35
2018-01-15 19:28:00,2,1,55.53,85.0,55.0,37.52,119.11,55.53,0.0,0.0,0.0,45.0,52.28,0.2,0.0,0.07,120.0,118.23,0.0,0.88,0.0,0.0,0.0,19.5,0.0,48.16,35.62,10.45,34.5
2018-01-15 19:29:00,2,1,55.53,85.0,55.0,37.52,119.11,55.53,0.0,0.0,0.0,45.0,52.24,0.2,0.0,0.07,120.0,118.23,0.0,0.88,0.0,0.0,0.0,19.52,0.0,48.27,35.57,10.45,34.64
2018-01-15 19:30:00,2,1,55.53,85.0,55.0,37.53,119.11,55.53,0.0,0.0,0.0,45.0,52.2,0.2,0.0,0.07,120.0,118.23,0.0,0.88,0.0,0.0,0.0,19.54,0.0,48.38,35.52,10.45,34.79
2018-01-15 19:31:00,2,1,55.53,85.0,55.0,37.54,119.11,55.53,0.0,0.0,0.0,45.0,52.17,0.2,0.0,0.07,120.0,118.23,0.0,0.88,0.0,0.0,0.0,19.56,0.0,48.49,35.47,10.45,34.94
2018-01-15 19:32:00,2,1,55.53,85.0,55.0,37.55,119.11,55.53,0.0,0.0,0.0,45.0,52.13,0.2,0.0,0.07,120.0,118.23,0.0,0.88,0.0,0.0,0.0,19.57,0.0,48.6,35.43,10.45,35.08
2018-01-15 19:33:00,2,1,55.53,85.0,55.0,37.56,119.11,55.53,0.0,0.0,0.0,45.0,52.09,0.2,0.0,0.07,120.0,118.22,0.0,0.88,0.0,0.0,0.0,19.59,0.0,48.71,35.38,10.45,35.23
2018-01-15 19:34:00,2,1,55.54,85.0,55.0,37.57,119.11,55.54,0.0,0.0,0.0,45.0,52.05,0.2,0.0,0.07,120.0,118.22,0.0,0.88,0.0,0.0,0.0,19.61,0.0,48.83,35.34,10.45,35.37
2018-01-15 19:35:00,2,1,55.54,85.0,55.0,37.58,119.11,55.54,0.0,0.0,0.0,45.0,52.02,0.2,0.0,0.07,120.0,118.22,0.0,0.88,0.0,0.0,0.0,19.62,0.0,48.94,35.3,10.45,35.52
2018-01-15 19:36:00,2,1,55.54,85.0,55.0,37.59,119.11,55.54,0.0,0.0,0.0,45.0,51.98,0.2,0.0,0.07,120.0,118.22,0.0,0.88,0.0,0.0,0.0,19.64,0.0,49.05,35.26,10.45,35.66
2018-01-15 19:37:00,2,1,55.54,85.0,55.0,37.6,119.11,55.54,0.0,0.0,0.0,45.0,51.94,0.2,0.0,0.07,120.0,118.22,0.0,0.88,0.0,0.0,0.0,19.65,0.0,49.17,35.22,10.45,35.81
2018-01-15 19:38:00,2,1,55.55,85.0,55.0,37.61,119.11,55.55,0.0,0.0,0.0,45.0,51.91,0.2,0.0,0.07,120.0,118.22,0.0,0.88,0.0,0.0,0.0,19.67,0.0,49.28,35.18,10.45,35.95
2018-01-15 19:39:00,2,1,55.55,85.0,55.0,37.62,119.11,55.55,0.0,0.0,0.0,45.0,51.87,0.2,0.0,0.07,120.0,118.22,0.0,0.88,0.0,0.0,0.0,19.68,0.0,49.4,35.15,10.45,36.1
2018-01-15 19:40:00,2,1,55.55,85.0,55.0,37.63,119.11,55.55,0.0,0.0,0.0,45.0,51.83,0.2,0.0,0.07,120.0,118.22,0.0,0.88,0.0,0.0,0.0,19.7,0.0,49.51,35.11,10.45,36.24
2018-01-15 19:41:00,2,1,55.56,85.0,55.0,37.64,119.11,55.56,0.0,0.0,0.0,45.0,51.8,0.2,0.0,0.07,120.0,118.22,0.0,0.88,0.0,0.0,0.0,19.71,0.0,49.63,35.08,10.45,36.39
2018-01-15 19:42:00,2,1,55.56,85.0,55.0,37.64,119.1,55.56,0.0,0.0,0.0,45.0,51.76,0.2,0.0,0.07,120.0,118.22,0.0,0.88,0.0,0.0,0.0,19.73,0.0,49.75,35.05,10.45,36.53
2018-01-15 19:43:00,2,1,55.56,85.0,55.0,37.65,119.1,55.56,0.0,0.0,0.0,45.0,51.72,0.2,0.0,0.07,120.0,118.21,0.0,0.88,0.0,0.0,0.0,19.74,0.0,49.87,35.02,10.45,36.68
2018-01-15 19:44:00,2,1,55.57,85.0,55.0,37.66,119.1,55.57,0.0,0.0,0.0,45.0,51.69,0.2,0.0,0.07,120.0,118.21,0.0,0.88,0.0,0.0,0.0,19.76,0.0,49.99,35.0,10.45,36.82
2018-01-15 19:45:00,2,1,55.57,85.0,55.0,37.67,119.1,55.57,0.0,0.0,0.0,45.0,51.65,0.2,0.0,0.07,120.0,118.21,0.0,0.88,0.0,0.0,0.0,19.77,0.0,50.11,34.98,10.45,36.97
2018-01-15 19:46:00,2,1,55.57,85.0,55.0,37.68,119.1,55.57,0.0,0.0,0.0,45.0,51.62,0.2,0.0,0.07,120.0,118.21,0.0,0.88,0.0,0.0,0.0,19.79,0.0,50.23,34.96,10.45,37.11
2018-01-15 19:47:00,2,1,55.58,85.0,55.0,37.69,119.1,55.58,0.0,0.0,0.0,45.0,51.58,0.2,0.0,0.07,120.0,118.21,0.0,0.88,0.0,0.0,0.0,19.8,0.0,50.36,34.94,10.45,37.26
2018-01-15 19:48:00,2,1,55.58,85.0,55.0,37.7,119.1,55.58,0.0,0.0,0.0,45.0,51.54,0.2,0.0,0.07,120.0,118.21,0.0,0.88,0.0,0.0,0.0,19.81,0.0,50.48,34.93,10.45,37.4
2018-01-15 19:49:00,2,1,55.58,85.0,55.0,37.7,119.1,55.58,0.0,0.0,0.0,45.0,51.51,0.2,0.0,0.07,120.0,118.21,0.0,0.88,0.0,0.0,0.0,19.82,0.0,50.61,34.91,10.45,37.54
2018-01-15 19:50:00,2,1,55.59,85.0,55.0,37.71,119.1,55.59,0.0,0.0,0.0,45.0,51.47,0.2,0.0,0.07,120.0,118.21,0.0,0.88,0.0,0.0,0.0,19.84,0.0,50.74,34.91,10.45,37.69
2018-01-15 19:51:00,2,1,55.59,85.0,55.0,37.72,119.1,55.59,0.0,0.0,0.0,45.0,51.44,0.2,0.0,0.07,120.0,118.21,0.0,0.88,0.0,0.0,0.0,19.85,0.0,50.87,34.9,10.45,37.83
2018-01-15 19:52:00,2,1,55.59,85.0,55.0,37.73,119.1,55.59,0.0,0.0,0.0,45.0,51.4,0.2,0.0,0.07,120.0,118.21,0.0,0.88,0.0,0.0,0.0,19.86,0.0,51.0,34.9,10.45,37.98
2018-01-15 19:53:00,2,1,55.59,85.0,55.0,37.73,119.1,55.59,0.0,0.0,0.0,45.0,51.37,0.2,0.0,0.07,120.0,118.21,0.0,0.88,0.0,0.0,0.0,19.87,0.0,51.13,34.9,10.45,38.12
2018-01-15 19:54:00,2,1,55.6,85.0,55.0,37.74,119.1,55.6,0.0,0.0,0.0,45.0,51.33,0.2,0.0,0.07,120.0,118.2,0.0,0.88,0.0,0.0,0.0,19.88,0.0,51.26,34.9,10.45,38.26
2018-01-15 19:55:00,2,1,55.6,85.0,55.0,37.75,119.1,55.6,0.0,0.0,0.0,45.0,51.3,0.2,0.0,0.07,120.0,118.2,0.0,0.88,0.0,0.0,0.0,19.89,0.0,51.4,34.91,10.45,38.41
2018-01-15 19:56:00,2,1,55.6,85.0,55.0,37.75,119.1,55.6,0.0,0.0,0.0,45.0,51.26,0.2,0.0,0.07,120.0,118.2,0.0,0.88,0.0,0.0,0.0,19.9,0.0,51.54,34.92,10.45,38.55
2018-01-15 19:57:00,2,1,55.6,85.0,55.0,37.76,119.1,55.6,0.0,0.0,0.0,45.0,51.23,0.2,0.0,0.07,120.0,118.2,0.0,0.88,0.0,0.0,0.0,19.91,0.0,51.67,34.93,10.45,38.7
2018-01-15 19:58:00,2,1,55.6,85.0,55.0,37.76,119.1,55.6,0.0,0.0,0.0,45.0,51.19,0.2,0.0,0.07,120.0,118.2,0.0,0.88,0.0,0.0,0.0,19.92,0.0,51.81,34.95,10.46,38.84
2018-01-15 19:59:00,2,1,55.61,85.0,55.0,37.77,119.1,55.61,0.0,0.0,0.0,45.0,51.16,0.2,0.0,0.07,120.0,118.2,0.0,0.88,0.0,0.0,0.0,19.93,0.0,51.96,34.97,10.46,38.98
2018-01-15 20:00:00,2,1,55.61,85.0,55.0,37.77,119.1,55.61,0.0,0.0,0.0,45.0,51.12,0.2,0.0,0.07,120.0,118.2,0.0,0.88,0.0,0.0,0.0,19.94,0.0,52.1,34.99,10.46,39.13
2018-01-15 20:01:00,2,1,55.61,85.0,55.0,37.77,119.1,55.61,0.0,0.0,0.0,45.0,51.09,0.2,0.0,0.07,120.0,118.2,0.0,0.88,0.0,0.0,0.0,19.94,0.0,52.26,35.03,10.46,39.27
2018-01-15 20:02:00,2,1,55.61,85.0,55.0,37.77,119.1,55.61,0.0,0.0,0.0,45.0,51.05,0.2,0.0,0.07,120.0,118.2,0.0,0.88,0.0,0.0,0.0,19.93,0.0,52.42,35.09,10.46,39.41
2018-01-15 20:03:00,2,1,55.61,85.0,55.0,37.77,119.09,55.61,0.0,0.0,0.0,45.0,51.02,0.2,0.0,0.07,120.0,118.2,0.0,0.88,0.0,0.0,0.0,19.93,0.0,52.59,35.15,10.46,39.56
2018-01-15 20:04:00,2,1,55.6,85.0,55.0,37.76,119.09,55.6,0.0,0.0,0.0,45.0,50.99,0.2,0.0,0.07,120.0,118.19,0.0,0.88,0.0,0.0,0.0,19.92,0.0,52.76,35.21,10.46,39.71
2018-01-15 20:05:00,2,1,55.6,85.0,55.0,37.76,119.09,55.6,0.0,0.0,0.0,45.0,50.95,0.2,0.0,0.07,120.0,118.19,0.0,0.88,0.0,0.0,0.0,19.92,0.0,52.94,35.28,10.46,39.85
2018-01-15 20:06:00,2,1,55.59,85.0,55.0,37.75,119.09,55.59,0.0,0.0,0.0,45.0,50.92,0.2,0.0,0.07,120.0,118.19,0.0,0.88,0.0,0.0,0.0,19.91,0.0,53.11,35.35,10.46,40.0
2018-01-15 20:07:00,2,1,55.58,85.0,55.0,37.74,119.09,55.58,0.0,0.0,0.0,45.0,50.88,0.2,0.0,0.07,120.0,118.19,0.0,0.88,0.0,0.0,0.0,19.91,0.0,53.29,35.43,10.46,40.14
2018-01-15 20:08:00,2,1,55.57,85.0,55.0,37.74,119.09,55.57,0.0,0.0,0.0,45.0,50.85,0.2,0.0,0.07,120.0,118.19,0.0,0.88,0.0,0.0,0.0,19.9,0.0,53.47,35.51,10.46,40.29
2018-01-15 20:09:00,2,1,55.56,85.0,55.0,37.73,119.09,55.56,0.0,0.0,0.0,45.0,50.82,0.2,0.0,0.07,120.0,118.19,0.0,0.88,0.0,0.0,0.0,19.89,0.0,53.65,35.6,10.46,40.43
2018-01-15 20:10:00,2,1,55.55,85.0,55.0,37.72,119.09,55.55,0.0,0.0,0.0,45.0,50.78,0.2,0.0,0.07,120.0,118.19,0.0,0.88,0.0,0.0,0.0,19.88,0.0,53.83,35.69,10.46,40.58
2018-01-15 20:11:00,2,1,55.54,85.0,55.0,37.71,119.09,55.54,0.0,0.0,0.0,45.0,50.75,0.2,0.0,0.07,120.0,118.19,0.0,0.88,0.0,0.0,0.0,19.88,0.0,54.01,35.78,10.46,40.72
2018-01-15 20:12:00,2,1,55.53,85.0,55.0,37.7,119.09,55.53,0.0,0.0,0.0,45.0,50.72,0.2,0.0,0.07,120.0,118.19,0.0,0.88,0.0,0.0,0.0,19.87,0.0,54.19,35.88,10.46,40.86
2018-01-15 20:13:00,2,1,55.51,85.0,55.0,37.69,119.09,55.51,0.0,0.0,0.0,45.0,50.68,0.2,0.0,0.07,120.0,118.19,0.0,0.88,0.0,0.0,0.0,19.86,0.0,54.37,35.98,10.46,41.0
2018-01-15 20:14:00,2,1,55.5,85.0,55.0,37.67,119.09,55.5,0.0,0.0,0.0,45.0,50.65,0.2,0.0,0.07,120.0,118.19,0.0,0.88,0.0,0.0,0.0,19.85,0.0,54.56,36.09,10.46,41.14
2018-01-15 20:15:00,2,1,55.48,85.0,55.0,37.66,119.09,55.48,0.0,0.0,0.0,45.0,50.62,0.2,0.0,0.07,120.0,118.18,0.0,0.88,0.0,0.0,0.0,19.84,0.0,54.74,36.2,10.46,41.28
2018-01-15 20:16:00,2,1,55.47,85.0,55.0,37.65,119.09,55.47,0.0,0.0,0.0,45.0,50.58,0.2,0.0,0.07,120.0,118.18,0.0,0.88,0.0,0.0,0.0,19.83,0.0,54.93,36.32,10.46,41.42
2018-01-15 20:17:00,2,1,55.45,85.0,55.0,37.64,119.09,55.45,0.0,0.0,0.0,45.0,50.55,0.2,0.0,0.07,120.0,118.18,0.0,0.88,0.0,0.0,0.0,19.82,0.0,55.12,36.44,10.46,41.56
2018-01-15 20:18:00,2,1,55.44,85.0,55.0,37.62,119.09,55.44,0.0,0.0,0.0,45.0,50.52,0.2,0.0,0.07,120.0,118.18,0.0,0.88,0.0,0.0,0.0,19.81,0.0,55.31,36.56,10.46,41.7
2018-01-15 20:19:00,2,1,55.42,85.0,55.0,37.61,119.09,55.42,0.0,0.0,0.0,45.0,50.48,0.2,0.0,0.07,120.0,118.18,0.0,0.88,0.0,0.0,0.0,19.8,0.0,55.5,36.7,10.46,41.83
2018-01-15 20:20:00,2,1,55.4,85.0,55.0,37.59,119.09,55.4,0.0,0.0,0.0,45.0,50.45,0.2,0.0,0.07,120.0,118.18,0.0,0.88,0.0,0.0,0.0,19.78,0.0,55.69,36.83,10.46,41.97
2018-01-15 20:21:00,2,1,55.38,85.0,55.0,37.58,119.09,55.38,0.0,0.0,0.0,45.0,50.42,0.2,0.0,0.07,120.0,118.18,0.0,0.88,0.0,0.0,0.0,19.77,0.0,55.88,36.97,10.46,42.1
2018-01-15 20:22:00,2,1,55.37,85.0,55.0,37.56,119.09,55.37,0.0,0.0,0.0,45.0,50.38,0.2,0.0,0.07,120.0,118.18,0.0,0.88,0.0,0.0,0.0,19.76,0.0,56.08,37.12,10.46,42.23
2018-01-15 20:23:00,2,1,55.35,85.0,55.0,37.55,119.09,55.35,0.0,0.0,0.0,45.0,50.35,0.2,0.0,0.07,120.0,118.18,0.0,0.88,0.0,0.0,0.0,19.75,0.0,56.27,37.27,10.46,42.36
2018-01-15 20:24:00,2,1,55.33,85.0,55.0,37.53,119.09,55.33,0.0,0.0,0.0,45.0,50.32,0.2,0.0,0.07,120.0,118.18,0.0,0.88,0.0,0.0,0.0,19.73,0.0,56.46,37.42,10.46,42.49
2018-01-15 20:25:00,2,1,55.31,85.0,55.0,37.51,119.08,55.31,0.0,0.0,0.0,45.0,50.28,0.2,0.0,0.07,120.0,118.18,0.0,0.88,0.0,0.0,0.0,19.72,0.0,56.66,37.58,10.46,42.62
2018-01-15 20:26:00,2,1,55.29,85.0,55.0,37.5,119.08,55.29,0.0,0.0,0.0,45.0,50.25,0.2,0.0,0.07,120.0,118.17,0.0,0.88,0.0,0.0,0.0,19.7,0.0,56.86,37.75,10.46,42.75
2018-01-15 20:27:00,2,1,55.27,85.0,55.0,37.48,119.08,55.27,0.0,0.0,0.0,45.0,50.22,0.2,0.0,0.07,120.0,118.17,0.0,0.88,0.0,0.0,0.0,19.69,0.0,57.05,37.92,10.46,42.87
2018-01-15 20:28:00,2,1,55.25,85.0,55.0,37.46,119.08,55.25,0.0,0.0,0.0,45.0,50.19,0.2,0.0,0.07,120.0,118.17,0.0,0.88,0.0,0.0,0.0,19.67,0.0,57.25,38.1,10.46,42.99
2018-01-15 20:29:00,2,1,55.23,85.0,55.0,37.44,119.08,55.23,0.0,0.0,0.0,45.0,50.15,0.2,0.0,0.07,120.0,118.17,0.0,0.88,0.0,0.0,0.0,19.66,0.0,57.45,38.28,10.46,43.12
2018-01-15 20:30:00,2,1,55.21,85.0,55.0,37.42,119.08,55.21,0.0,0.0,0.0,45.0,50.12,0.2,0.0,0.07,120.0,118.17,0.0,0.88,0.0,0.0,0.0,19.64,0.0,57.65,38.47,10.46,43.24
2018-01-15 20:31:00,2,1,55.18,85.0,55.0,37.41,119.08,55.18,0.0,0.0,0.0,45.0,50.09,0.2,0.0,0.07,120.0,118.17,0.0,0.88,0.0,0.0,0.0,19.63,0.0,57.85,38.66,10.46,43.35
2018-01-15 20:32:00,2,1,55.16,85.0,55.0,37.39,119.08,55.16,0.0,0.0,0.0,45.0,50.06,0.2,0.0,0.07,120.0,118.17,0.0,0.88,0.0,0.0,0.0,19.61,0.0,58.05,38.86,10.46,43.47
2018-01-15 20:33:00,2,1,55.14,85.0,55.0,37.37,119.08,55.14,0.0,0.0,0.0,45.0,50.02,0.2,0.0,0.07,120.0,118.17,0.0,0.88,0.0,0.0,0.0,19.59,0.0,58.26,39.06,10.46,43.59
2018-01-15 20:34:00,2,1,55.12,85.0,55.0,37.35,119.08,55.12,0.0,0.0,0.0,45.0,49.99,0.2,0.0,0.07,120.0,118.17,0.0,0.88,0.0,0.0,0.0,19.58,0.0,58.46,39.27,10.46,43.7
2018-01-15 20:35:00,2,1,55.1,85.0,55.0,37.33,119.08,55.1,0.0,0.0,0.0,45.0,49.96,0.2,0.0,0.07,120.0,118.17,0.0,0.88,0.0,0.0,0.0,19.56,0.0,58.67,39.48,10.46,43.81
2018-01-15 20:36:00,2,1,55.07,85.0,55.0,37.31,119.08,55.07,0.0,0.0,0.0,45.0,49.93,0.2,0.0,0.07,120.0,118.17,0.0,0.88,0.0,0.0,0.0,19.54,0.0,58.87,39.7,10.46,43.92
2018-01-15 20:37:00,2,1,55.05,85.0,55.0,37.29,119.08,55.05,0.0,0.0,0.0,45.0,49.89,0.2,0.0,0.07,120.0,118.17,0.0,0.88,0.0,0.0,0.0,19.53,0.0,59.08,39.93,10.46,44.03
2018-01-15 20:38:00,2,1,55.03,85.0,55.0,37.27,119.08,55.03,0.0,0.0,0.0,45.0,49.86,0.2,0.0,0.07,120.0,118.16,0.0,0.88,0.0,0.0,0.0,19.51,0.0,59.29,40.16,10.46,44.14
2018-01-15 20:39:00,2,1,55.01,85.0,55.0,37.25,119.08,55.01,0.0,0.0,0.0,45.0,49.83,0.2,0.0,0.07,120.0,118.16,0.0,0.88,0.0,0.0,0.0,19.49,0.0,59.49,40.4,10.46,44.24
2018-01-15 20:40:00,2,1,54.98,85.0,55.0,37.23,119.08,54.98,0.0,0.0,0.0,45.0,49.8,0.2,0.0,0.07,120.0,118.16,0.0,0.88,0.0,0.0,0.0,19.47,0.0,59.7,40.64,10.46,44.34
2018-01-15 20:41:00,2,1,54.96,85.0,55.0,37.21,119.08,54.96,0.0,0.0,0.0,45.0,49.76,0.2,0.0,0.07,120.0,118.16,0.0,0.88,0.0,0.0,0.0,19.45,0.0,59.91,40.89,10.46,44.44
2018-01-15 20:42:00,2,1,54.94,85.0,55.0,37.19,119.08,54.94,0.0,0.0,0.0,45.0,49.73,0.2,0.0,0.07,120.0,118.16,0.0,0.88,0.0,0.0,0.0,19.43,0.0,60.13,41.15,10.46,44.54
2018-01-15 20:43:00,2,1,54.91,85.0,55.0,37.16,119.08,54.91,0.0,0.0,0.0,45.0,49.7,0.2,0.0,0.07,120.0,118.16,0.0,0.88,0.0,0.0,0.0,19.41,0.0,60.34,41.41,10.46,44.64
2018-01-15 20:44:00,2,1,54.89,85.0,55.0,37.14,119.08,54.89,0.0,0.0,0.0,45.0,49.67,0.2,0.0,0.07,120.0,118.16,0.0,0.88,0.0,0.0,0.0,19.39,0.0,60.55,41.67,10.46,44.74
2018-01-15 20:45:00,2,1,54.87,85.0,55.0,37.12,119.08,54.87,0.0,0.0,0.0,45.0,49.63,0.2,0.0,0.07,120.0,118.16,0.0,0.88,0.0,0.0,0.0,19.37,0.0,60.77,41.95,10.46,44.83
2018-01-15 20:46:00,2,1,54.84,85.0,55.0,37.1,119.08,54.84,0.0,0.0,0.0,45.0,49.6,0.2,0.0,0.07,120.0,118.16,0.0,0.88,0.0,0.0,0.0,19.35,0.0,60.98,42.23,10.46,44.92
2018-01-15 20:47:00,2,1,54.82,85.0,55.0,37.08,119.08,54.82,0.0,0.0,0.0,45.0,49.57,0.2,0.0,0.07,120.0,118.16,0.0,0.88,0.0,0.0,0.0,19.33,0.0,61.2,42.51,10.46,45.01
2018-01-15 20:48:00,2,1,54.8,85.0,55.0,37.06,119.07,54.8,0.0,0.0,0.0,45.0,49.54,0.2,0.0,0.07,120.0,118.16,0.0,0.88,0.0,0.0,0.0,19.31,0.0,61.42,42.8,10.46,45.1
2018-01-15 20:49:00,2,1,54.78,85.0,55.0,37.03,119.07,54.78,0.0,0.0,0.0,45.0,49.51,0.2,0.0,0.07,120.0,118.15,0.0,0.88,0.0,0.0,0.0,19.29,0.0,61.64,43.1,10.46,45.19
2018-01-15 20:50:00,2,1,54.75,85.0,55.0,37.01,119.07,54.75,0.0,0.0,0.0,45.0,49.47,0.2,0.0,0.07,120.0,118.15,0.0,0.88,0.0,0.0,0.0,19.27,0.0,61.86,43.41,10.46,45.27
2018-01-15 20:51:00,2,1,54.73,85.0,55.0,36.99,119.07,54.73,0.0,0.0,0.0,45.0,49.44,0.2,0.0,0.07,120.0,118.15,0.0,0.88,0.0,0.0,0.0,19.25,0.0,62.08,43.72,10.46,45.35
2018-01-15 20:52:00,2,1,54.71,85.0,55.0,36.97,119.07,54.71,0.0,0.0,0.0,45.0,49.41,0.2,0.0,0.07,120.0,118.15,0.0,0.88,0.0,0.0,0.0,19.23,0.0,62.31,44.04,10.46,45.44
2018-01-15 20:53:00,2,1,54.68,85.0,55.0,36.94,119.07,54.68,0.0,0.0,0.0,45.0,49.38,0.2,0.0,0.07,120.0,118.15,0.0,0.88,0.0,0.0,0.0,19.21,0.0,62.53,44.36,10.46,45.51
2018-01-15 20:54:00,2,1,54.66,85.0,55.0,36.92,119.07,54.66,0.0,0.0,0.0,45.0,49.34,0.2,0.0,0.07,120.0,118.15,0.0,0.88,0.0,0.0,0.0,19.19,0.0,62.76,44.69,10.46,45.59
2018-01-15 20:55:00,2,1,54.64,85.0,55.0,36.9,119.07,54.64,0.0,0.0,0.0,45.0,49.31,0.2,0.0,0.07,120.0,118.15,0.0,0.88,0.0,0.0,0.0,19.16,0.0,62.98,45.03,10.46,45.67
2018-01-15 20:56:00,2,1,54.61,85.0,55.0,36.88,119.07,54.61,0.0,0.0,0.0,45.0,49.28,0.2,0.0,0.07,120.0,118.15,0.0,0.88,0.0,0.0,0.0,19.14,0.0,63.21,45.37,10.46,45.74
2018-01-15 20:57:00,2,1,54.59,85.0,55.0,36.85,119.07,54.59,0.0,0.0,0.0,45.0,49.25,0.2,0.0,0.07,120.0,118.15,0.0,0.88,0.0,0.0,0.0,19.12,0.0,63.44,45.72,10.46,45.81
2018-01-15 20:58:00,2,1,54.57,85.0,55.0,36.83,119.07,54.57,0.0,0.0,0.0,45.0,49.22,0.2,0.0,0.07,120.0,118.15,0.0,0.88,0.0,0.0,0.0,19.1,0.0,63.68,46.08,10.46,45.88
2018-01-15 20:59:00,2,1,54.55,85.0,55.0,36.81,119.07,54.55,0.0,0.0,0.0,45.0,49.19,0.2,0.0,0.07,120.0,118.15,0.0,0.88,0.0,0.0,0.0,19.07,0.0,63.91,46.45,10.46,45.95
2018-01-15 21:00:00,2,1,54.52,85.0,55.0,36.79,119.07,54.52,0.0,0.0,0.0,45.0,49.15,0.2,0.0,0.07,120.0,118.15,0.0,0.88,0.0,0.0,0.0,19.05,0.0,64.14,46.82,10.46,46.01
2018-01-15 21:01:00,2,1,54.5,85.0,55.0,36.76,119.07,54.5,0.0,0.0,0.0,45.0,49.12,0.2,0.0,0.07,120.0,118.14,0.0,0.88,0.0,0.0,0.0,19.03,0.0,64.43,47.32,10.46,46.08
2018-01-15 21:02:00,2,1,54.48,85.0,55.0,36.74,119.07,54.48,0.0,0.0,0.0,45.0,49.09,0.2,0.0,0.07,120.0,118.14,0.0,0.88,0.0,0.0,0.0,19.0,0.0,64.74,47.89,10.46,46.14
2018-01-15 21:03:00,2,1,54.46,85.0,55.0,36.72,119.07,54.46,0.0,0.0,0.0,45.0,49.06,0.2,0.0,0.07,120.0,118.14,0.0,0.88,0.0,0.0,0.0,18.98,0.0,65.06,48.48,10.46,46.2
2018-01-15 21:04:00,2,1,54.44,85.0,55.0,36.7,119.07,54.44,0.0,0.0,0.0,45.0,49.03,0.2,0.0,0.07,120.0,118.14,0.0,0.88,0.0,0.0,0.0,18.96,0.0,65.38,49.07,10.46,46.25
2018-01-15 21:05:00,2,1,54.43,85.0,55.0,36.68,119.07,54.43,0.0,0.0,0.0,45.0,48.99,0.2,0.0,0.07,120.0,118.14,0.0,0.88,0.0,0.0,0.0,18.93,0.0,65.71,49.67,10.46,46.31
2018-01-15 21:06:00,2,1,54.41,85.0,55.0,36.66,119.07,54.41,0.0,0.0,0.0,45.0,48.96,0.2,0.0,0.07,120.0,118.14,0.0,0.88,0.0,0.0,0.0,18.91,0.0,66.03,50.28,10.46,46.36
2018-01-15 21:07:00,2,1,54.4,85.0,55.0,36.64,119.07,54.4,0.0,0.0,0.0,45.0,48.93,0.2,0.0,0.07,120.0,118.14,0.0,0.88,0.0,0.0,0.0,18.88,0.0,66.35,50.9,10.46,46.41
2018-01-15 21:08:00,2,1,54.39,85.0,55.0,36.62,119.07,54.39,0.0,0.0,0.0,45.0,48.9,0.2,0.0,0.07,120.0,118.14,0.0,0.88,0.0,0.0,0.0,18.86,0.0,66.68,51.51,10.46,46.45
2018-01-15 21:09:00,2,1,54.37,85.0,55.0,36.6,119.07,54.37,0.0,0.0,0.0,45.0,48.87,0.2,0.0,0.07,120.0,118.14,0.0,0.88,0.0,0.0,0.0,18.83,0.0,67.01,52.14,10.46,46.5
2018-01-15 21:10:00,2,1,54.36,85.0,55.0,36.59,119.07,54.36,0.0,0.0,0.0,45.0,48.84,0.2,0.0,0.07,120.0,118.14,0.0,0.88,0.0,0.0,0.0,18.81,0.0,67.33,52.76,10.46,46.54
2018-01-15 21:11:00,2,1,54.35,85.0,55.0,36.57,119.06,54.35,0.0,0.0,0.0,45.0,48.8,0.2,0.0,0.07,120.0,118.14,0.0,0.88,0.0,0.0,0.0,18.79,0.0,67.66,53.4,10.46,46.59
2018-01-15 21:12:00,2,1,54.34,85.0,55.0,36.55,119.06,54.34,0.0,0.0,0.0,45.0,48.77,0.2,0.0,0.07,120.0,118.13,0.0,0.88,0.0,0.0,0.0,18.76,0.0,67.99,54.03,10.46,46.63
2018-01-15 21:13:00,2,1,54.33,85.0,55.0,36.53,119.06,54.33,0.0,0.0,0.0,45.0,48.74,0.2,0.0,0.07,120.0,118.13,0.0,0.88,0.0,0.0,0.0,18.74,0.0,68.33,54.67,10.46,46.67
2018-01-15 21:14:00,2,1,54.32,85.0,55.0,36.52,119.06,54.32,0.0,0.0,0.0,45.0,48.71,0.2,0.0,0.07,120.0,118.13,0.0,0.88,0.0,0.0,0.0,18.71,0.0,68.66,55.31,10.47,46.71
2018-01-15 21:15:00,2,1,54.31,85.0,55.0,36.5,119.06,54.31,0.0,0.0,0.0,45.0,48.68,0.2,0.0,0.07,120.0,118.13,0.0,0.88,0.0,0.0,0.0,18.69,0.0,68.99,55.96,10.47,46.75
2018-01-15 21:16:00,2,1,54.3,85.0,55.0,36.48,119.06,54.3,0.0,0.0,0.0,45.0,48.65,0.2,0.0,0.07,120.0,118.13,0.0,0.88,0.0,0.0,0.0,18.66,0.0,69.33,56.61,10.47,46.78
2018-01-15 21:17:00,2,1,54.3,85.0,55.0,36.47,119.06,54.3,0.0,0.0,0.0,45.0,48.62,0.2,0.0,0.07,120.0,118.13,0.0,0.88,0.0,0.0,0.0,18.64,0.0,69.66,57.26,10.47,46.82
2018-01-15 21:18:00,2,1,54.29,85.0,55.0,36.45,119.06,54.29,0.0,0.0,0.0,45.0,48.58,0.2,0.0,0.07,120.0,118.13,0.0,0.88,0.0,0.0,0.0,18.61,0.0,70.0,57.92,10.47,46.86
2018-01-15 21:19:00,2,1,54.28,85.0,55.0,36.43,119.06,54.28,0.0,0.0,0.0,45.0,48.55,0.2,0.0,0.07,120.0,118.13,0.0,0.88,0.0,0.0,0.0,18.59,0.0,70.33,58.57,10.47,46.89
2018-01-15 21:20:00,2,1,54.27,85.0,55.0,36.42,119.06,54.27,0.0,0.0,0.0,45.0,48.52,0.2,0.0,0.07,120.0,118.13,0.0,0.88,0.0,0.0,0.0,18.56,0.0,70.67,59.23,10.47,46.93
2018-01-15 21:21:00,2,1,54.27,85.0,55.0,36.4,119.06,54.27,0.0,0.0,0.0,45.0,48.49,0.2,0.0,0.07,120.0,118.13,0.0,0.88,0.0,0.0,0.0,18.54,0.0,71.01,59.89,10.47,46.96
2018-01-15 21:22:00,2,1,54.26,85.0,55.0,36.39,119.06,54.26,0.0,0.0,0.0,45.0,48.46,0.2,0.0,0.07,120.0,118.13,0.0,0.88,0.0,0.0,0.0,18.51,0.0,71.35,60.55,10.47,46.99
2018-01-15 21:23:00,2,1,54.26,85.0,55.0,36.37,119.06,54.26,0.0,0.0,0.0,45.0,48.43,0.2,0.0,0.07,120.0,118.13,0.0,0.88,0.0,0.0,0.0,18.48,0.0,71.69,61.21,10.47,47.03
2018-01-15 21:24:00,2,1,54.25,85.0,55.0,36.36,119.06,54.25,0.0,0.0,0.0,45.0,48.4,0.2,0.0,0.07,120.0,118.12,0.0,0.88,0.0,0.0,0.0,18.46,0.0,72.03,61.87,10.47,47.06
2018-01-15 21:25:00,2,1,54.25,85.0,55.0,36.34,119.06,54.25,0.0,0.0,0.0,45.0,48.37,0.2,0.0,0.07,120.0,118.12,0.0,0.88,0.0,0.0,0.0,18.43,0.0,72.37,62.53,10.47,47.09
2018-01-15 21:26:00,2,1,54.24,85.0,55.0,36.33,119.06,54.24,0.0,0.0,0.0,45.0,48.34,0.2,0.0,0.07,120.0,118.12,0.0,0.88,0.0,0.0,0.0,18.41,0.0,72.71,63.2,10.47,47.12
2018-01-15 21:27:00,2,1,54.24,85.0,55.0,36.31,119.06,54.24,0.0,0.0,0.0,45.0,48.3,0.2,0.0,0.07,120.0,118.12,0.0,0.88,0.0,0.0,0.0,18.38,0.0,73.05,63.86,10.47,47.15
2018-01-15 21:28:00,2,1,54.23,85.0,55.0,36.3,119.06,54.23,0.0,0.0,0.0,45.0,48.27,0.2,0.0,0.07,120.0,118.12,0.0,0.88,0.0,0.0,0.0,18.36,0.0,73.39,64.52,10.47,47.19
2018-01-15 21:29:00,2,1,54.23,85.0,55.0,36.28,119.06,54.23,0.0,0.0,0.0,45.0,48.24,0.2,0.0,0.07,120.0,118.12,0.0,0.88,0.0,0.0,0.0,18.33,0.0,73.73,65.18,10.47,47.22
2018-01-15 21:30:00,2,1,54.23,85.0,55.0,36.27,119.06,54.23,0.0,0.0,0.0,45.0,48.21,0.2,0.0,0.07,120.0,118.12,0.0,0.88,0.0,0.0,0.0,18.31,0.0,74.07,65.84,10.47,47.25
2018-01-15 21:31:00,2,1,54.22,85.0,55.0,36.25,119.06,54.22,0.0,0.0,0.0,45.0,48.18,0.2,0.0,0.07,120.0,118.12,0.0,0.88,0.0,0.0,0.0,18.28,0.0,74.41,66.5,10.47,47.28
2018-01-15 21:32:00,2,1,54.22,85.0,55.0,36.24,119.06,54.22,0.0,0.0,0.0,45.0,48.15,0.2,0.0,0.07,120.0,118.12,0.0,0.88,0.0,0.0,0.0,18.26,0.0,74.75,67.16,10.47,47.31
2018-01-15 21:33:00,2,1,54.22,85.0,55.0,36.23,119.06,54.22,0.0,0.0,0.0,45.0,48.12,0.2,0.0,0.07,120.0,118.12,0.0,0.88,0.0,0.0,0.0,18.23,0.0,75.09,67.81,10.47,47.34
2018-01-15 21:34:00,2,1,54.21,85.0,55.0,36.21,119.05,54.21,0.0,0.0,0.0,45.0,48.09,0.2,0.0,0.07,120.0,118.12,0.0,0.88,0.0,0.0,0.0,18.21,0.0,75.42,68.47,10.47,47.37
2018-01-15 21:35:00,2,1,54.21,85.0,55.0,36.2,119.05,54.21,0.0,0.0,0.0,45.0,48.06,0.2,0.0,0.07,120.0,118.12,0.0,0.88,0.0,0.0,0.0,18.18,0.0,75.76,69.12,10.47,47.4
2018-01-15 21:36:00,2,1,54.21,85.0,55.0,36.18,119.05,54.21,0.0,0.0,0.0,45.0,48.03,0.2,0.0,0.07,120.0,118.11,0.0,0.88,0.0,0.0,0.0,18.16,0.0,76.1,69.76,10.47,47.43
2018-01-15 21:37:00,2,1,54.2,85.0,55.0,36.17,119.05,54.2,0.0,0.0,0.0,45.0,48.0,0.2,0.0,0.07,120.0,118.11,0.0,0.88,0.0,0.0,0.0,18.14,0.0,76.44,70.41,10.47,47.47
2018-01-15 21:38:00,2,1,54.2,85.0,55.0,36.16,119.05,54.2,0.0,0.0,0.0,45.0,47.97,0.2,0.0,0.07,120.0,118.11,0.0,0.88,0.0,0.0,0.0,18.11,0.0,76.77,71.05,10.47,47.5
2018-01-15 21:39:00,2,1,54.2,85.0,55.0,36.14,119.05,54.2,0.0,0.0,0.0,45.0,47.94,0.2,0.0,0.07,120.0,118.11,0.0,0.88,0.0,0.0,0.0,18.09,0.0,77.1,71.69,10.47,47.53
2018-01-15 21:40:00,2,1,54.2,85.0,55.0,36.13,119.05,54.2,0.0,0.0,0.0,45.0,47.91,0.2,0.0,0.07,120.0,118.11,0.0,0.88,0.0,0.0,0.0,18.06,0.0,77.44,72.32,10.47,47.56
2018-01-15 21:41:00,2,1,54.2,85.0,55.0,36.12,119.05,54.2,0.0,0.0,0.0,45.0,47.88,0.2,0.0,0.07,120.0,118.11,0.0,0.88,0.0,0.0,0.0,18.04,0.0,77.77,72.95,10.47,47.59
2018-01-15 21:42:00,2,1,54.19,85.0,55.0,36.1,119.05,54.19,0.0,0.0,0.0,45.0,47.85,0.2,0.0,0.07,120.0,118.11,0.0,0.88,0.0,0.0,0.0,18.01,0.0,78.1,73.58,10.47,47.62
2018-01-15 21:43:00,2,1,54.19,85.0,55.0,36.09,119.05,54.19,0.0,0.0,0.0,45.0,47.82,0.2,0.0,0.07,120.0,118.11,0.0,0.88,0.0,0.0,0.0,17.99,0.0,78.43,74.2,10.47,47.66
2018-01-15 21:44:00,2,1,54.19,85.0,55.0,36.08,119.05,54.19,0.0,0.0,0.0,45.0,47.78,0.2,0.0,0.07,120.0,118.11,0.0,0.88,0.0,0.0,0.0,17.97,0.0,78.75,74.82,10.47,47.69
2018-01-15 21:45:00,2,1,54.19,85.0,55.0,36.06,119.05,54.19,0.0,0.0,0.0,45.0,47.75,0.2,0.0,0.07,120.0,118.11,0.0,0.88,0.0,0.0,0.0,17.94,0.0,79.08,75.43,10.47,47.72
2018-01-15 21:46:00,2,1,54.18,85.0,55.0,36.05,119.05,54.18,0.0,0.0,0.0,45.0,47.72,0.2,0.0,0.07,120.0,118.11,0.0,0.88,0.0,0.0,0.0,17.92,0.0,79.4,76.03,10.47,47.76
2018-01-15 21:47:00,2,1,54.18,85.0,55.0,36.04,119.05,54.18,0.0,0.0,0.0,45.0,47.69,0.2,0.0,0.07,120.0,118.1,0.0,0.88,0.0,0.0,0.0,17.9,0.0,79.72,76.63,10.47,47.79
2018-01-15 21:48:00,2,1,54.18,85.0,55.0,36.03,119.05,54.18,0.0,0.0,0.0,45.0,47.66,0.2,0.0,0.07,120.0,118.1,0.0,0.88,0.0,0.0,0.0,17.87,0.0,80.04,77.23,10.47,47.82
2018-01-15 21:49:00,2,1,54.18,85.0,55.0,36.01,119.05,54.18,0.0,0.0,0.0,45.0,47.63,0.2,0.0,0.07,120.0,118.1,0.0,0.88,0.0,0.0,0.0,17.85,0.0,80.36,77.81,10.47,47.86
2018-01-15 21:50:00,2,1,54.17,85.0,55.0,36.0,119.05,54.17,0.0,0.0,0.0,45.0,47.6,0.2,0.0,0.07,120.0,118.1,0.0,0.88,0.0,0.0,0.0,17.83,0.0,80.68,78.4,10.47,47.89
2018-01-15 21:51:00,2,1,54.17,85.0,55.0,35.99,119.05,54.17,0.0,0.0,0.0,45.0,47.57,0.2,0.0,0.07,120.0,118.1,0.0,0.88,0.0,0.0,0.0,17.8,0.0,80.99,78.97,10.47,47.93
2018-01-15 21:52:00,2,1,54.17,85.0,55.0,35.98,119.05,54.17,0.0,0.0,0.0,45.0,47.54,0.2,0.0,0.07,120.0,118.1,0.0,0.88,0.0,0.0,0.0,17.78,0.0,81.3,79.54,10.47,47.97
2018-01-15 21:53:00,2,1,54.17,85.0,55.0,35.96,119.05,54.17,0.0,0.0,0.0,45.0,47.51,0.2,0.0,0.07,120.0,118.1,0.0,0.88,0.0,0.0,0.0,17.76,0.0,81.61,80.1,10.47,48.0
2018-01-15 21:54:00,2,1,54.16,85.0,55.0,35.95,119.05,54.16,0.0,0.0,0.0,45.0,47.49,0.2,0.0,0.07,120.0,118.1,0.0,0.88,0.0,0.0,0.0,17.74,0.0,81.91,80.65,10.47,48.04
2018-01-15 21:55:00,2,1,54.16,85.0,55.0,35.94,119.05,54.16,0.0,0.0,0.0,45.0,47.46,0.2,0.0,0.07,120.0,118.1,0.0,0.88,0.0,0.0,0.0,17.72,0.0,82.21,81.19,10.47,48.08
2018-01-15 21:56:00,2,1,54.16,85.0,55.0,35.93,119.05,54.16,0.0,0.0,0.0,45.0,47.43,0.2,0.0,0.07,120.0,118.1,0.0,0.88,0.0,0.0,0.0,17.69,0.0,82.51,81.73,10.47,48.12
2018-01-15 21:57:00,2,1,54.16,85.0,55.0,35.91,119.05,54.16,0.0,0.0,0.0,45.0,47.4,0.2,0.0,0.07,120.0,118.1,0.0,0.88,0.0,0.0,0.0,17.67,0.0,82.81,82.26,10.47,48.16
2018-01-15 21:58:00,2,1,54.15,85.0,55.0,35.9,119.04,54.15,0.0,0.0,0.0,45.0,47.37,0.2,0.0,0.07,120.0,118.1,0.0,0.88,0.0,0.0,0.0,17.65,0.0,83.1,82.77,10.47,48.2
2018-01-15 21:59:00,2,1,54.15,85.0,55.0,35.89,119.04,54.15,0.0,0.0,0.0,45.0,47.34,0.2,0.0,0.07,120.0,118.1,0.0,0.88,0.0,0.0,0.0,17.63,0.0,83.39,83.28,10.47,48.24
2018-01-15 22:00:00,2,1,54.15,85.0,55.0,35.88,119.04,54.15,0.0,0.0,0.0,45.0,47.31,0.2,0.0,0.07,120.0,118.09,0.0,0.88,0.0,0.0,0.0,17.61,0.0,83.68,83.78,10.47,48.28
2018-01-15 22:01:00,2,1,54.14,85.0,55.0,35.87,119.04,54.14,0.0,0.0,0.0,45.0,47.28,0.2,0.0,0.07,120.0,118.09,0.0,0.88,0.0,0.0,0.0,17.59,0.0,83.89,84.12,10.47,48.32
2018-01-15 22:02:00,2,1,54.14,85.0,55.0,35.86,119.04,54.14,0.0,0.0,0.0,45.0,47.25,0.2,0.0,0.07,120.0,118.09,0.0,0.88,0.0,0.0,0.0,17.58,0.0,84.06,84.35,10.47,48.36
2018-01-15 22:03:00,2,1,54.13,85.0,55.0,35.85,119.04,54.13,0.0,0.0,0.0,45.0,47.22,0.2,0.0,0.07,120.0,118.09,0.0,0.88,0.0,0.0,0.0,17.56,0.0,84.22,84.57,10.47,48.41
2018-01-15 22:04:00,2,1,54.12,85.0,55.0,35.83,119.04,54.12,0.0,0.0,0.0,45.0,47.19,0.2,0.0,0.07,120.0,118.09,0.0,0.88,0.0,0.0,0.0,17.55,0.0,84.38,84.77,10.47,48.46
2018-01-15 22:05:00,2,1,54.11,85.0,55.0,35.82,119.04,54.11,0.0,0.0,0.0,45.0,47.16,0.2,0.0,0.07,120.0,118.09,0.0,0.88,0.0,0.0,0.0,17.53,0.0,84.53,84.97,10.47,48.51
2018-01-15 22:06:00,2,1,54.1,85.0,55.0,35.81,119.04,54.1,0.0,0.0,0.0,45.0,47.13,0.2,0.0,0.07,120.0,118.09,0.0,0.88,0.0,0.0,0.0,17.52,0.0,84.69,85.15,10.47,48.56
2018-01-15 22:07:00,2,1,54.09,85.0,55.0,35.8,119.04,54.09,0.0,0.0,0.0,45.0,47.1,0.2,0.0,0.07,120.0,118.09,0.0,0.88,0.0,0.0,0.0,17.5,0.0,84.84,85.33,10.47,48.61
2018-01-15 22:08:00,2,1,54.59,85.0,55.0,47.81,92.03,54.59,0.0,0.0,0.0,45.0,47.98,0.2,0.0,0.07,120.0,101.59,399.82,0.88,0.0,0.0,9.75,17.49,1.66,61.2,85.5,28.88,47.78
2018-01-15 22:09:00,2,1,55.26,85.0,55.0,54.27,64.2,55.26,0.0,0.0,0.0,45.0,51.78,0.2,0.0,0.07,120.0,64.64,399.82,0.88,0.0,0.0,9.75,17.48,2.49,48.59,85.66,62.45,46.67
2018-01-15 22:10:00,2,1,55.46,85.0,55.0,55.26,60.09,55.46,0.0,0.0,0.0,45.0,53.98,0.2,0.0,0.07,120.0,57.86,399.82,0.88,0.0,0.0,9.75,17.46,2.6,46.73,85.81,67.76,46.38
2018-01-15 22:11:00,2,1,55.62,85.0,55.0,55.52,60.14,55.62,0.0,0.0,0.0,45.0,54.94,0.2,0.0,0.07,120.0,57.61,399.82,0.88,0.0,0.0,9.75,17.45,2.62,46.29,85.95,66.84,46.15
2018-01-15 22:12:00,2,1,55.79,85.0,55.0,55.71,60.49,55.79,0.0,0.0,0.0,45.0,55.4,0.2,0.0,0.07,120.0,57.98,399.82,0.88,0.0,0.0,9.75,17.44,2.62,46.02,86.09,65.83,45.9
2018-01-15 22:13:00,2,1,55.96,85.0,55.0,55.88,60.74,55.96,0.0,0.0,0.0,45.0,55.67,0.2,0.0,0.07,120.0,58.26,399.82,0.88,0.0,0.0,9.75,17.42,2.62,45.78,86.21,65.17,45.67
2018-01-15 22:14:00,2,1,55.96,85.0,55.0,40.97,72.75,55.96,0.0,0.0,0.0,45.0,55.8,0.2,0.0,0.07,120.0,38.47,0.0,0.88,0.0,0.0,0.0,17.41,0.58,74.35,86.33,44.96,45.7
2018-01-15 22:15:00,2,1,55.77,85.0,55.0,37.17,92.8,55.77,0.0,0.0,0.0,45.0,55.78,0.2,0.0,0.07,120.0,67.54,0.0,0.88,0.0,0.0,0.0,17.4,0.08,81.83,86.44,23.94,46.03
2018-01-15 22:16:00,2,1,55.57,85.0,55.0,36.56,105.24,55.57,0.0,0.0,0.0,45.0,55.74,0.2,0.0,0.07,120.0,90.85,0.0,0.88,0.0,0.0,0.0,17.39,0.01,83.2,86.55,15.9,46.37
2018-01-15 22:17:00,2,1,55.4,85.0,55.0,36.4,111.94,55.4,0.0,0.0,0.0,45.0,55.69,0.2,0.0,0.07,120.0,103.98,0.0,0.88,0.0,0.0,0.0,17.38,0.0,83.71,86.65,12.89,46.69
2018-01-15 22:18:00,2,1,55.24,85.0,55.0,36.3,115.43,55.24,0.0,0.0,0.0,45.0,55.64,0.2,0.0,0.07,120.0,110.9,0.0,0.88,0.0,0.0,0.0,17.37,0.0,84.07,86.73,11.61,46.98
2018-01-15 22:19:00,2,1,55.1,85.0,55.0,36.23,117.23,55.1,0.0,0.0,0.0,45.0,55.59,0.2,0.0,0.07,120.0,114.49,0.0,0.88,0.0,0.0,0.0,17.35,0.0,84.39,86.82,11.02,47.24
2018-01-15 22:20:00,2,1,54.97,85.0,55.0,36.16,118.16,54.97,0.0,0.0,0.0,45.0,55.54,0.2,0.0,0.07,120.0,116.34,0.0,0.88,0.0,0.0,0.0,17.34,0.0,84.69,86.89,10.73,47.49
2018-01-15 22:21:00,2,1,54.85,85.0,55.0,36.09,118.64,54.85,0.0,0.0,0.0,45.0,55.49,0.2,0.0,0.07,120.0,117.29,0.0,0.88,0.0,0.0,0.0,17.33,0.0,84.96,86.96,10.59,47.71
2018-01-15 22:22:00,2,1,54.75,85.0,55.0,36.03,118.89,54.75,0.0,0.0,0.0,45.0,55.44,0.2,0.0,0.07,120.0,117.78,0.0,0.88,0.0,0.0,0.0,17.32,0.0,85.21,87.02,10.52,47.92
2018-01-15 22:23:00,2,1,54.65,85.0,55.0,35.98,119.02,54.65,0.0,0.0,0.0,45.0,55.39,0.2,0.0,0.07,120.0,118.04,0.0,0.88,0.0,0.0,0.0,17.31,0.0,85.44,87.08,10.48,48.11
2018-01-15 22:24:00,2,1,55.02,85.0,55.0,46.87,98.52,55.02,0.0,0.0,0.0,45.0,55.31,0.2,0.0,0.07,120.0,107.52,399.82,0.88,0.0,0.0,9.75,17.3,1.48,63.82,87.13,22.48,47.52
2018-01-15 22:25:00,2,1,55.92,85.0,55.0,54.75,68.31,55.92,0.0,0.0,0.0,45.0,55.52,0.2,0.0,0.07,120.0,69.55,399.82,0.88,0.0,0.0,9.75,17.29,2.47,48.36,87.17,54.1,46.06
2018-01-15 22:26:00,2,1,56.04,85.0,55.0,40.82,74.14,56.04,0.0,0.0,0.0,45.0,55.76,0.2,0.0,0.07,120.0,40.71,0.0,0.88,0.0,0.0,0.0,17.28,0.56,75.29,87.21,42.93,45.9
2018-01-15 22:27:00,2,1,55.82,85.0,55.0,37.11,93.18,55.82,0.0,0.0,0.0,45.0,55.76,0.2,0.0,0.07,120.0,68.22,0.0,0.88,0.0,0.0,0.0,17.27,0.08,82.63,87.24,23.55,46.27
2018-01-15 22:28:00,2,1,55.59,85.0,55.0,36.5,105.39,55.59,0.0,0.0,0.0,45.0,55.71,0.2,0.0,0.07,120.0,91.13,0.0,0.88,0.0,0.0,0.0,17.26,0.01,84.01,87.27,15.8,46.67
2018-01-15 22:29:00,2,1,55.38,85.0,55.0,36.33,112.01,55.38,0.0,0.0,0.0,45.0,55.67,0.2,0.0,0.07,120.0,104.12,0.0,0.88,0.0,0.0,0.0,17.25,0.0,84.53,87.29,12.86,47.03
2018-01-15 22:30:00,2,1,55.2,85.0,55.0,36.22,115.46,55.2,0.0,0.0,0.0,45.0,55.62,0.2,0.0,0.07,120.0,110.97,0.0,0.88,0.0,0.0,0.0,17.24,0.0,84.9,87.3,11.6,47.37
2018-01-15 22:31:00,2,1,55.03,85.0,55.0,36.13,117.25,55.03,0.0,0.0,0.0,45.0,55.57,0.2,0.0,0.07,120.0,114.52,0.0,0.88,0.0,0.0,0.0,17.24,0.0,85.23,87.31,11.02,47.67
2018-01-15 22:32:00,2,1,54.88,85.0,55.0,36.06,118.17,54.88,0.0,0.0,0.0,45.0,55.52,0.2,0.0,0.07,120.0,116.36,0.0,0.88,0.0,0.0,0.0,17.23,0.0,85.52,87.32,10.73,47.94
2018-01-15 22:33:00,2,1,54.75,85.0,55.0,35.99,118.65,54.75,0.0,0.0,0.0,45.0,55.46,0.2,0.0,0.07,120.0,117.3,0.0,0.88,0.0,0.0,0.0,17.22,0.0,85.78,87.32,10.59,48.19
2018-01-15 22:34:00,2,1,54.63,85.0,55.0,35.92,118.89,54.63,0.0,0.0,0.0,45.0,55.41,0.2,0.0,0.07,120.0,117.79,0.0,0.88,0.0,0.0,0.0,17.21,0.0,86.02,87.31,10.52,48.42
2018-01-15 22:35:00,2,1,55.67,85.0,55.0,53.07,76.28,55.67,0.0,0.0,0.0,45.0,55.42,0.2,0.0,0.07,120.0,80.69,399.82,0.88,0.0,0.0,9.75,17.2,2.27,51.89,87.3,44.13,46.71
2018-01-15 22:36:00,2,1,56.07,85.0,55.0,46.22,67.02,56.07,0.0,0.0,0.0,45.0,55.73,0.2,0.0,0.07,120.0,42.17,0.0,0.88,0.0,0.0,0.0,17.19,1.3,65.12,87.29,53.95,46.08
2018-01-15 22:37:00,2,1,55.9,85.0,55.0,37.84,85.9,55.9,0.0,0.0,0.0,45.0,55.78,0.2,0.0,0.07,120.0,55.83,0.0,0.88,0.0,0.0,0.0,17.19,0.18,81.47,87.27,29.76,46.37
2018-01-15 22:38:00,2,1,55.64,85.0,55.0,36.59,101.15,55.64,0.0,0.0,0.0,45.0,55.75,0.2,0.0,0.07,120.0,82.97,0.0,0.88,0.0,0.0,0.0,17.18,0.02,84.09,87.25,18.17,46.81
2018-01-15 22:39:00,2,1,55.41,85.0,55.0,36.31,109.76,55.41,0.0,0.0,0.0,45.0,55.7,0.2,0.0,0.07,120.0,99.67,0.0,0.88,0.0,0.0,0.0,17.17,0.0,84.8,87.22,13.76,47.21
2018-01-15 22:40:00,2,1,55.2,85.0,55.0,36.19,114.3,55.2,0.0,0.0,0.0,45.0,55.65,0.2,0.0,0.07,120.0,108.65,0.0,0.88,0.0,0.0,0.0,17.17,0.0,85.21,87.19,12.01,47.58
2018-01-15 22:41:00,2,1,55.01,85.0,55.0,36.09,116.65,55.01,0.0,0.0,0.0,45.0,55.6,0.2,0.0,0.07,120.0,113.32,0.0,0.88,0.0,0.0,0.0,17.16,0.0,85.55,87.16,11.21,47.92
2018-01-15 22:42:00,2,1,54.85,85.0,55.0,36.0,117.86,54.85,0.0,0.0,0.0,45.0,55.55,0.2,0.0,0.07,120.0,115.74,0.0,0.88,0.0,0.0,0.0,17.15,0.0,85.85,87.12,10.83,48.22
2018-01-15 22:43:00,2,1,54.7,85.0,55.0,35.92,118.49,54.7,0.0,0.0,0.0,45.0,55.5,0.2,0.0,0.07,120.0,116.98,0.0,0.88,0.0,0.0,0.0,17.15,0.0,86.12,87.08,10.64,48.49
2018-01-15 22:44:00,2,1,55.36,85.0,55.0,50.35,87.1,55.36,0.0,0.0,0.0,45.0,55.42,0.2,0.0,0.07,120.0,94.57,399.82,0.88,0.0,0.0,9.75,17.14,1.93,57.41,87.04,32.44,47.41
2018-01-15 22:45:00,2,1,56.02,85.0,55.0,55.27,65.61,56.02,0.0,0.0,0.0,45.0,55.66,0.2,0.0,0.07,120.0,65.56,399.82,0.88,0.0,0.0,9.75,17.13,2.53,47.78,86.99,57.75,46.34
2018-01-15 22:46:00,2,1,55.96,85.0,55.0,39.07,79.27,55.96,0.0,0.0,0.0,45.0,55.79,0.2,0.0,0.07,120.0,46.19,0.0,0.88,0.0,0.0,0.0,17.13,0.34,79.14,86.94,36.62,46.45
2018-01-15 22:47:00,2,1,55.69,85.0,55.0,36.75,96.92,55.69,0.0,0.0,0.0,45.0,55.77,0.2,0.0,0.07,120.0,75.02,0.0,0.88,0.0,0.0,0.0,17.12,0.05,83.81,86.89,20.86,46.9
2018-01-15 22:48:00,2,1,55.44,85.0,55.0,36.32,107.47,55.44,0.0,0.0,0.0,45.0,55.72,0.2,0.0,0.07,120.0,95.18,0.0,0.88,0.0,0.0,0.0,17.12,0.01,84.82,86.83,14.78,47.34
2018-01-15 22:49:00,2,1,55.2,85.0,55.0,36.16,113.1,55.2,0.0,0.0,0.0,45.0,55.67,0.2,0.0,0.07,120.0,106.28,0.0,0.88,0.0,0.0,0.0,17.11,0.0,85.29,86.78,12.44,47.74
2018-01-15 22:50:00,2,1,55.0,85.0,55.0,36.05,116.03,55.0,0.0,0.0,0.0,45.0,55.62,0.2,0.0,0.07,120.0,112.09,0.0,0.88,0.0,0.0,0.0,17.11,0.0,85.65,86.72,11.41,48.1
2018-01-15 22:51:00,2,1,54.82,85.0,55.0,35.96,117.54,54.82,0.0,0.0,0.0,45.0,55.57,0.2,0.0,0.07,120.0,115.1,0.0,0.88,0.0,0.0,0.0,17.1,0.0,85.96,86.65,10.92,48.43
2018-01-15 22:52:00,2,1,54.66,85.0,55.0,35.88,118.32,54.66,0.0,0.0,0.0,45.0,55.52,0.2,0.0,0.07,120.0,116.66,0.0,0.88,0.0,0.0,0.0,17.1,0.0,86.23,86.59,10.69,48.73
2018-01-15 22:53:00,2,1,55.67,85.0,55.0,53.05,76.19,55.67,0.0,0.0,0.0,45.0,55.48,0.2,0.0,0.07,120.0,80.49,399.82,0.88,0.0,0.0,9.75,17.09,2.27,52.23,86.52,44.16,47.05
2018-01-15 22:54:00,2,1,56.04,85.0,55.0,46.17,67.02,56.04,0.0,0.0,0.0,45.0,55.74,0.2,0.0,0.07,120.0,42.16,0.0,0.88,0.0,0.0,0.0,17.09,1.3,65.41,86.46,53.93,46.45
2018-01-15 22:55:00,2,1,55.84,85.0,55.0,37.76,85.9,55.84,0.0,0.0,0.0,45.0,55.79,0.2,0.0,0.07,120.0,55.84,0.0,0.88,0.0,0.0,0.0,17.08,0.18,81.72,86.39,29.75,46.79
2018-01-15 22:56:00,2,1,55.56,85.0,55.0,36.49,101.15,55.56,0.0,0.0,0.0,45.0,55.75,0.2,0.0,0.07,120.0,82.98,0.0,0.88,0.0,0.0,0.0,17.08,0.02,84.34,86.32,18.16,47.26
2018-01-15 22:57:00,2,1,55.3,85.0,55.0,36.21,109.76,55.3,0.0,0.0,0.0,45.0,55.7,0.2,0.0,0.07,120.0,99.68,0.0,0.88,0.0,0.0,0.0,17.07,0.0,85.06,86.24,13.76,47.71
2018-01-15 22:58:00,2,1,55.07,85.0,55.0,36.07,114.3,55.07,0.0,0.0,0.0,45.0,55.65,0.2,0.0,0.07,120.0,108.65,0.0,0.88,0.0,0.0,0.0,17.07,0.0,85.49,86.17,12.01,48.11
2018-01-15 22:59:00,2,1,54.87,85.0,55.0,35.97,116.65,54.87,0.0,0.0,0.0,45.0,55.6,0.2,0.0,0.07,120.0,113.32,0.0,0.88,0.0,0.0,0.0,17.07,0.0,85.83,86.1,11.21,48.47
2018-01-15 23:00:00,2,1,54.69,85.0,55.0,35.87,117.86,54.69,0.0,0.0,0.0,45.0,55.55,0.2,0.0,0.07,120.0,115.74,0.0,0.88,0.0,0.0,0.0,17.06,0.0,86.13,86.02,10.83,48.8
2018-01-15 23:01:00,2,1,55.59,85.0,55.0,52.52,78.37,55.59,0.0,0.0,0.0,45.0,55.48,0.2,0.0,0.07,120.0,83.33,399.82,0.88,0.0,0.0,9.75,17.06,2.2,53.34,86.0,41.6,47.28
2018-01-15 23:02:00,2,1,56.05,85.0,55.0,50.05,65.09,56.05,0.0,0.0,0.0,45.0,55.74,0.2,0.0,0.07,120.0,49.51,0.02,0.88,0.0,0.0,0.0,17.06,1.82,58.02,86.01,57.67,46.56
2018-01-15 23:03:00,2,1,55.88,85.0,55.0,38.29,82.53,55.88,0.0,0.0,0.0,45.0,55.81,0.2,0.0,0.07,120.0,50.64,0.0,0.88,0.0,0.0,0.0,17.06,0.25,80.66,86.02,33.09,46.84
2018-01-15 23:04:00,2,1,55.58,85.0,55.0,36.57,99.09,55.58,0.0,0.0,0.0,45.0,55.77,0.2,0.0,0.07,120.0,79.08,0.0,0.88,0.0,0.0,0.0,17.06,0.03,84.19,86.02,19.44,47.33
2018-01-15 23:05:00,2,1,55.31,85.0,55.0,36.22,108.65,55.31,0.0,0.0,0.0,45.0,55.72,0.2,0.0,0.07,120.0,97.5,0.0,0.88,0.0,0.0,0.0,17.06,0.0,85.07,86.03,14.24,47.79
2018-01-15 23:06:00,2,1,55.07,85.0,55.0,36.07,113.72,55.07,0.0,0.0,0.0,45.0,55.67,0.2,0.0,0.07,120.0,107.51,0.0,0.88,0.0,0.0,0.0,17.06,0.0,85.55,86.04,12.21,48.21
2018-01-15 23:07:00,2,1,54.86,85.0,55.0,35.96,116.35,54.86,0.0,0.0,0.0,45.0,55.62,0.2,0.0,0.07,120.0,112.73,0.0,0.88,0.0,0.0,0.0,17.06,0.0,85.93,86.05,11.31,48.59
2018-01-15 23:08:00,2,1,54.67,85.0,55.0,35.87,117.71,54.67,0.0,0.0,0.0,45.0,55.57,0.2,0.0,0.07,120.0,115.43,0.0,0.88,0.0,0.0,0.0,17.06,0.0,86.27,86.06,10.87,48.93
2018-01-15 23:09:00,2,1,55.66,85.0,55.0,53.04,76.07,55.66,0.0,0.0,0.0,45.0,55.51,0.2,0.0,0.07,120.0,80.24,399.82,0.88,0.0,0.0,9.75,17.06,2.27,52.43,86.06,44.23,47.28
2018-01-15 23:10:00,2,1,56.04,85.0,55.0,47.97,65.69,56.04,0.0,0.0,0.0,45.0,55.76,0.2,0.0,0.07,120.0,44.74,0.0,0.88,0.0,0.0,0.0,17.07,1.54,62.1,86.07,56.33,46.66
2018-01-15 23:11:00,2,1,55.84,85.0,55.0,38.0,84.18,55.84,0.0,0.0,0.0,45.0,55.81,0.2,0.0,0.07,120.0,53.13,0.0,0.88,0.0,0.0,0.0,17.07,0.21,81.37,86.08,31.42,47.0
2018-01-15 23:12:00,2,1,55.55,85.0,55.0,36.52,100.13,55.55,0.0,0.0,0.0,45.0,55.77,0.2,0.0,0.07,120.0,81.03,0.0,0.88,0.0,0.0,0.0,17.07,0.03,84.44,86.08,18.79,47.49
2018-01-15 23:13:00,2,1,55.27,85.0,55.0,36.2,109.21,55.27,0.0,0.0,0.0,45.0,55.72,0.2,0.0,0.07,120.0,98.6,0.0,0.88,0.0,0.0,0.0,17.07,0.0,85.26,86.09,13.99,47.96
2018-01-15 23:14:00,2,1,55.03,85.0,55.0,36.06,114.01,55.03,0.0,0.0,0.0,45.0,55.67,0.2,0.0,0.07,120.0,108.09,0.0,0.88,0.0,0.0,0.0,17.07,0.0,85.73,86.09,12.11,48.38
2018-01-15 23:15:00,2,1,54.82,85.0,55.0,35.95,116.5,54.82,0.0,0.0,0.0,45.0,55.62,0.2,0.0,0.07,120.0,113.03,0.0,0.88,0.0,0.0,0.0,17.07,0.0,86.11,86.1,11.26,48.76
2018-01-15 23:16:00,2,1,54.86,85.0,55.0,43.42,105.94,54.86,0.0,0.0,0.0,45.0,55.55,0.2,0.0,0.07,120.0,112.75,399.82,0.88,0.0,0.0,9.75,17.07,1.03,71.41,86.1,16.98,48.71
2018-01-15 23:17:00,2,1,55.82,85.0,55.0,54.2,70.75,55.82,0.0,0.0,0.0,45.0,55.57,0.2,0.0,0.07,120.0,72.9,399.82,0.88,0.0,0.0,9.75,17.07,2.4,50.28,86.1,50.78,47.11
2018-01-15 23:18:00,2,1,56.02,85.0,55.0,43.47,69.16,56.02,0.0,0.0,0.0,45.0,55.79,0.2,0.0,0.07,120.0,38.7,0.0,0.88,0.0,0.0,0.0,17.08,0.93,70.85,86.11,50.18,46.8
2018-01-15 23:19:00,2,1,55.76,85.0,55.0,37.36,88.89,55.76,0.0,0.0,0.0,45.0,55.8,0.2,0.0,0.07,120.0,60.75,0.0,0.88,0.0,0.0,0.0,17.08,0.13,82.77,86.11,27.07,47.23
2018-01-15 23:20:00,2,1,55.47,85.0,55.0,36.4,102.95,55.47,0.0,0.0,0.0,45.0,55.76,0.2,0.0,0.07,120.0,86.41,0.0,0.88,0.0,0.0,0.0,17.08,0.02,84.83,86.11,17.12,47.73
2018-01-15 23:21:00,2,1,55.2,85.0,55.0,36.16,110.72,55.2,0.0,0.0,0.0,45.0,55.71,0.2,0.0,0.07,120.0,101.57,0.0,0.88,0.0,0.0,0.0,17.08,0.0,85.5,86.11,13.37,48.19
2018-01-15 23:22:00,2,1,54.97,85.0,55.0,36.03,114.8,54.97,0.0,0.0,0.0,45.0,55.66,0.2,0.0,0.07,120.0,109.64,0.0,0.88,0.0,0.0,0.0,17.08,0.0,85.94,86.11,11.83,48.6
2018-01-15 23:23:00,2,1,54.76,85.0,55.0,35.92,116.91,54.76,0.0,0.0,0.0,45.0,55.61,0.2,0.0,0.07,120.0,113.84,0.0,0.88,0.0,0.0,0.0,17.08,0.0,86.31,86.11,11.13,48.98
2018-01-15 23:24:00,2,1,55.26,85.0,55.0,49.35,90.07,55.26,0.0,0.0,0.0,45.0,55.5,0.2,0.0,0.07,120.0,97.67,399.82,0.88,0.0,0.0,9.75,17.09,1.8,59.84,86.12,29.34,48.14
2018-01-15 23:25:00,2,1,55.96,85.0,55.0,55.09,66.31,55.96,0.0,0.0,0.0,45.0,55.66,0.2,0.0,0.07,120.0,66.55,399.82,0.88,0.0,0.0,9.75,17.09,2.51,48.66,86.12,56.72,46.98
2018-01-15 23:26:00,2,1,55.95,85.0,55.0,40.07,75.65,55.95,0.0,0.0,0.0,45.0,55.81,0.2,0.0,0.07,120.0,41.93,0.0,0.88,0.0,0.0,0.0,17.09,0.48,77.52,86.12,40.98,47.01
2018-01-15 23:27:00,2,1,55.66,85.0,55.0,36.85,94.43,55.66,0.0,0.0,0.0,45.0,55.79,0.2,0.0,0.07,120.0,70.46,0.0,0.88,0.0,0.0,0.0,17.09,0.06,83.91,86.12,22.62,47.5
2018-01-15 23:28:00,2,1,55.37,85.0,55.0,36.29,106.1,55.37,0.0,0.0,0.0,45.0,55.74,0.2,0.0,0.07,120.0,92.51,0.0,0.88,0.0,0.0,0.0,17.09,0.01,85.21,86.12,15.44,48.0
2018-01-15 23:29:00,2,1,55.11,85.0,55.0,36.11,112.38,55.11,0.0,0.0,0.0,45.0,55.69,0.2,0.0,0.07,120.0,104.86,0.0,0.88,0.0,0.0,0.0,17.09,0.0,85.76,86.11,12.71,48.45
2018-01-15 23:30:00,2,1,54.89,85.0,55.0,35.99,115.66,54.89,0.0,0.0,0.0,45.0,55.64,0.2,0.0,0.07,120.0,111.36,0.0,0.88,0.0,0.0,0.0,17.09,0.0,86.17,86.11,11.54,48.85
2018-01-15 23:31:00,2,1,54.69,85.0,55.0,35.89,117.35,54.69,0.0,0.0,0.0,45.0,55.59,0.2,0.0,0.07,120.0,114.72,0.0,0.88,0.0,0.0,0.0,17.09,0.0,86.53,86.11,10.98,49.21
2018-01-15 23:32:00,2,1,55.66,85.0,55.0,53.04,75.99,55.66,0.0,0.0,0.0,45.0,55.53,0.2,0.0,0.07,120.0,80.09,399.82,0.88,0.0,0.0,9.75,17.1,2.27,52.72,86.11,44.27,47.57
2018-01-15 23:33:00,2,1,56.04,85.0,55.0,47.98,65.68,56.04,0.0,0.0,0.0,45.0,55.76,0.2,0.0,0.07,120.0,44.72,0.0,0.88,0.0,0.0,0.0,17.1,1.54,62.38,86.11,56.33,46.96
2018-01-15 23:34:00,2,1,55.83,85.0,55.0,38.01,84.18,55.83,0.0,0.0,0.0,45.0,55.81,0.2,0.0,0.07,120.0,53.13,0.0,0.88,0.0,0.0,0.0,17.1,0.21,81.66,86.11,31.42,47.3
2018-01-15 23:35:00,2,1,55.53,85.0,55.0,36.52,100.13,55.53,0.0,0.0,0.0,45.0,55.77,0.2,0.0,0.07,120.0,81.03,0.0,0.88,0.0,0.0,0.0,17.1,0.03,84.73,86.1,18.79,47.81
2018-01-15 23:36:00,2,1,55.25,85.0,55.0,36.2,109.21,55.25,0.0,0.0,0.0,45.0,55.72,0.2,0.0,0.07,120.0,98.6,0.0,0.88,0.0,0.0,0.0,17.1,0.0,85.56,86.1,13.99,48.29
2018-01-15 23:37:00,2,1,55.01,85.0,55.0,36.06,114.01,55.01,0.0,0.0,0.0,45.0,55.67,0.2,0.0,0.07,120.0,108.09,0.0,0.88,0.0,0.0,0.0,17.1,0.0,86.03,86.1,12.11,48.73
2018-01-15 23:38:00,2,1,54.8,85.0,55.0,35.95,116.5,54.8,0.0,0.0,0.0,45.0,55.62,0.2,0.0,0.07,120.0,113.03,0.0,0.88,0.0,0.0,0.0,17.1,0.0,86.42,86.1,11.26,49.11
2018-01-15 23:39:00,2,1,55.06,85.0,55.0,46.84,97.59,55.06,0.0,0.0,0.0,45.0,55.53,0.2,0.0,0.07,120.0,105.62,399.82,0.88,0.0,0.0,9.75,17.1,1.48,64.95,86.09,22.88,48.68
2018-01-15 23:40:00,2,1,55.9,85.0,55.0,54.71,68.21,55.9,0.0,0.0,0.0,45.0,55.61,0.2,0.0,0.07,120.0,69.29,399.82,0.88,0.0,0.0,9.75,17.1,2.47,49.58,86.09,54.11,47.28
2018-01-15 23:41:00,2,1,55.98,85.0,55.0,41.5,72.26,55.98,0.0,0.0,0.0,45.0,55.8,0.2,0.0,0.07,120.0,39.24,0.0,0.88,0.0,0.0,0.0,17.1,0.67,74.94,86.09,45.5,47.15
2018-01-15 23:42:00,2,1,55.7,85.0,55.0,37.07,91.77,55.7,0.0,0.0,0.0,45.0,55.79,0.2,0.0,0.07,120.0,65.72,0.0,0.88,0.0,0.0,0.0,17.1,0.09,83.64,86.08,24.66,47.62
2018-01-15 23:43:00,2,1,55.41,85.0,55.0,36.34,104.6,55.41,0.0,0.0,0.0,45.0,55.75,0.2,0.0,0.07,120.0,89.6,0.0,0.88,0.0,0.0,0.0,17.1,0.01,85.26,86.08,16.21,48.13
2018-01-15 23:44:00,2,1,55.14,85.0,55.0,36.13,111.6,55.14,0.0,0.0,0.0,45.0,55.7,0.2,0.0,0.07,120.0,103.3,0.0,0.88,0.0,0.0,0.0,17.1,0.0,85.87,86.07,13.02,48.59
2018-01-15 23:45:00,2,1,54.91,85.0,55.0,36.01,115.25,54.91,0.0,0.0,0.0,45.0,55.65,0.2,0.0,0.07,120.0,110.55,0.0,0.88,0.0,0.0,0.0,17.1,0.0,86.3,86.07,11.67,49.0
2018-01-15 23:46:00,2,1,54.71,85.0,55.0,35.9,117.14,54.71,0.0,0.0,0.0,45.0,55.6,0.2,0.0,0.07,120.0,114.31,0.0,0.88,0.0,0.0,0.0,17.1,0.0,86.67,86.06,11.05,49.37
2018-01-15 23:47:00,2,1,55.6,85.0,55.0,52.52,78.21,55.6,0.0,0.0,0.0,45.0,55.52,0.2,0.0,0.07,120.0,83.01,399.82,0.88,0.0,0.0,9.75,17.1,2.2,53.92,86.06,41.69,47.87
2018-01-15 23:48:00,2,1,56.04,85.0,55.0,50.05,65.08,56.04,0.0,0.0,0.0,45.0,55.75,0.2,0.0,0.07,120.0,49.47,0.02,0.88,0.0,0.0,0.0,17.1,1.82,58.6,86.06,57.66,47.14
2018-01-15 23:49:00,2,1,55.86,85.0,55.0,38.3,82.53,55.86,0.0,0.0,0.0,45.0,55.82,0.2,0.0,0.07,120.0,50.64,0.0,0.88,0.0,0.0,0.0,17.09,0.25,81.26,86.05,33.09,47.45
2018-01-15 23:50:00,2,1,55.56,85.0,55.0,36.57,99.09,55.56,0.0,0.0,0.0,45.0,55.78,0.2,0.0,0.07,120.0,79.08,0.0,0.88,0.0,0.0,0.0,17.09,0.03,84.8,86.05,19.44,47.96
2018-01-15 23:51:00,2,1,55.28,85.0,55.0,36.22,108.66,55.28,0.0,0.0,0.0,45.0,55.73,0.2,0.0,0.07,120.0,97.51,0.0,0.88,0.0,0.0,0.0,17.09,0.0,85.7,86.04,14.24,48.45
2018-01-15 23:52:00,2,1,55.03,85.0,55.0,36.06,113.72,55.03,0.0,0.0,0.0,45.0,55.68,0.2,0.0,0.07,120.0,107.51,0.0,0.88,0.0,0.0,0.0,17.09,0.0,86.19,86.04,12.21,48.89
2018-01-15 23:53:00,2,1,54.81,85.0,55.0,35.95,116.35,54.81,0.0,0.0,0.0,45.0,55.63,0.2,0.0,0.07,120.0,112.73,0.0,0.88,0.0,0.0,0.0,17.09,0.0,86.59,86.03,11.31,49.28
2018-01-15 23:54:00,2,1,54.96,85.0,55.0,45.27,101.67,54.96,0.0,0.0,0.0,45.0,55.55,0.2,0.0,0.07,120.0,109.34,399.82,0.88,0.0,0.0,9.75,17.08,1.27,68.25,86.02,19.81,49.05
2018-01-15 23:55:00,2,1,55.86,85.0,55.0,54.48,69.38,55.86,0.0,0.0,0.0,45.0,55.6,0.2,0.0,0.07,120.0,70.96,399.82,0.88,0.0,0.0,9.75,17.08,2.44,50.23,86.02,52.54,47.53
2018-01-15 23:56:00,2,1,56.0,85.0,55.0,42.4,70.66,56.0,0.0,0.0,0.0,45.0,55.8,0.2,0.0,0.07,120.0,38.63,0.0,0.88,0.0,0.0,0.0,17.08,0.79,73.39,86.01,47.85,47.31
2018-01-15 23:57:00,2,1,55.73,85.0,55.0,37.2,90.36,55.73,0.0,0.0,0.0,45.0,55.8,0.2,0.0,0.07,120.0,63.26,0.0,0.88,0.0,0.0,0.0,17.07,0.11,83.57,86.01,25.82,47.77
2018-01-15 23:58:00,2,1,55.44,85.0,55.0,36.36,103.8,55.44,0.0,0.0,0.0,45.0,55.76,0.2,0.0,0.07,120.0,88.05,0.0,0.88,0.0,0.0,0.0,17.07,0.01,85.41,86.0,16.65,48.28
2018-01-15 23:59:00,2,1,55.17,85.0,55.0,36.13,111.17,55.17,0.0,0.0,0.0,45.0,55.71,0.2,0.0,0.07,120.0,102.46,0.0,0.88,0.0,0.0,0.0,17.07,0.0,86.05,86.0,13.19,48.74
2018-01-16 00:00:00,2,1,54.94,85.0,55.0,36.0,115.03,54.94,0.0,0.0,0.0,45.0,55.66,0.2,0.0,0.07,120.0,110.11,0.0,0.88,0.0,0.0,0.0,17.06,0.0,86.5,85.99,11.75,49.16
2018-01-16 00:01:00,2,1,54.73,85.0,55.0,35.89,117.03,54.73,0.0,0.0,0.0,45.0,55.61,0.2,0.0,0.07,120.0,114.08,0.0,0.88,0.0,0.0,0.0,17.05,0.0,86.88,85.98,11.09,49.54
2018-01-16 00:02:00,2,1,55.44,85.0,55.0,51.18,83.55,55.44,0.0,0.0,0.0,45.0,55.5,0.2,0.0,0.07,120.0,89.85,399.82,0.88,0.0,0.0,9.75,17.04,2.04,56.75,85.97,35.86,48.33
2018-01-16 00:03:00,2,1,56.02,85.0,55.0,55.36,64.89,56.02,0.0,0.0,0.0,45.0,55.7,0.2,0.0,0.07,120.0,64.46,399.82,0.88,0.0,0.0,9.75,17.02,2.54,48.62,85.95,58.73,47.38
2018-01-16 00:04:00,2,1,55.9,85.0,55.0,39.01,79.12,55.9,0.0,0.0,0.0,45.0,55.81,0.2,0.0,0.07,120.0,45.93,0.0,0.88,0.0,0.0,0.0,17.01,0.34,80.09,85.94,36.82,47.57
2018-01-16 00:05:00,2,1,55.6,85.0,55.0,36.64,96.87,55.6,0.0,0.0,0.0,45.0,55.78,0.2,0.0,0.07,120.0,74.93,0.0,0.88,0.0,0.0,0.0,16.99,0.05,84.86,85.93,20.9,48.08
2018-01-16 00:06:00,2,1,55.32,85.0,55.0,36.19,107.44,55.32,0.0,0.0,0.0,45.0,55.74,0.2,0.0,0.07,120.0,95.13,0.0,0.88,0.0,0.0,0.0,16.97,0.01,85.95,85.91,14.79,48.57
2018-01-16 00:07:00,2,1,55.07,85.0,55.0,36.02,113.09,55.07,0.0,0.0,0.0,45.0,55.69,0.2,0.0,0.07,120.0,106.26,0.0,0.88,0.0,0.0,0.0,16.96,0.0,86.5,85.9,12.45,49.02
2018-01-16 00:08:00,2,1,54.84,85.0,55.0,35.89,116.02,54.84,0.0,0.0,0.0,45.0,55.63,0.2,0.0,0.07,120.0,112.08,0.0,0.88,0.0,0.0,0.0,16.94,0.0,86.93,85.89,11.41,49.42
2018-01-16 00:09:00,2,1,54.77,85.0,55.0,41.22,109.85,54.77,0.0,0.0,0.0,45.0,55.58,0.2,0.0,0.07,120.0,114.62,399.8,0.88,0.0,0.0,9.75,16.92,0.74,76.48,85.87,14.65,49.56
2018-01-16 00:10:00,2,1,55.77,85.0,55.0,53.86,72.26,55.77,0.0,0.0,0.0,45.0,55.55,0.2,0.0,0.07,120.0,75.0,399.82,0.88,0.0,0.0,9.75,16.9,2.37,51.61,85.86,48.84,47.87
2018-01-16 00:11:00,2,1,56.02,85.0,55.0,44.67,67.78,56.02,0.0,0.0,0.0,45.0,55.78,0.2,0.0,0.07,120.0,39.58,0.0,0.88,0.0,0.0,0.0,16.89,1.1,69.24,85.85,52.41,47.45
2018-01-16 00:12:00,2,1,55.78,85.0,55.0,37.43,87.37,55.78,0.0,0.0,0.0,45.0,55.8,0.2,0.0,0.07,120.0,58.21,0.0,0.88,0.0,0.0,0.0,16.87,0.15,83.33,85.83,28.43,47.86
2018-01-16 00:13:00,2,1,55.47,85.0,55.0,36.31,102.05,55.47,0.0,0.0,0.0,45.0,55.76,0.2,0.0,0.07,120.0,84.69,0.0,0.88,0.0,0.0,0.0,16.85,0.02,85.72,85.82,17.64,48.38
2018-01-16 00:14:00,2,1,55.2,85.0,55.0,36.04,110.24,55.2,0.0,0.0,0.0,45.0,55.71,0.2,0.0,0.07,120.0,100.63,0.0,0.88,0.0,0.0,0.0,16.83,0.0,86.48,85.81,13.56,48.85
2018-01-16 00:15:00,2,1,54.96,85.0,55.0,35.89,114.55,54.96,0.0,0.0,0.0,45.0,55.66,0.2,0.0,0.07,120.0,109.15,0.0,0.88,0.0,0.0,0.0,16.82,0.0,86.96,85.8,11.92,49.28
2018-01-16 00:16:00,2,1,54.75,85.0,55.0,35.77,116.78,54.75,0.0,0.0,0.0,45.0,55.61,0.2,0.0,0.07,120.0,113.58,0.0,0.88,0.0,0.0,0.0,16.8,0.0,87.37,85.79,11.17,49.66
2018-01-16 00:17:00,2,1,55.25,85.0,55.0,49.29,90.02,55.25,0.0,0.0,0.0,45.0,55.5,0.2,0.0,0.07,120.0,97.59,399.82,0.88,0.0,0.0,9.75,16.78,1.8,60.64,85.78,29.37,48.81
2018-01-16 00:18:00,2,1,55.95,85.0,55.0,55.07,66.3,55.95,0.0,0.0,0.0,45.0,55.65,0.2,0.0,0.07,120.0,66.53,399.82,0.88,0.0,0.0,9.75,16.76,2.51,49.33,85.77,56.74,47.63
2018-01-16 00:19:00,2,1,55.93,85.0,55.0,39.92,75.65,55.93,0.0,0.0,0.0,45.0,55.8,0.2,0.0,0.07,120.0,41.92,0.0,0.88,0.0,0.0,0.0,16.74,0.48,78.55,85.76,40.99,47.66
2018-01-16 00:20:00,2,1,55.64,85.0,55.0,36.67,94.42,55.64,0.0,0.0,0.0,45.0,55.78,0.2,0.0,0.07,120.0,70.45,0.0,0.88,0.0,0.0,0.0,16.72,0.06,85.04,85.75,22.62,48.15
2018-01-16 00:21:00,2,1,55.35,85.0,55.0,36.09,106.1,55.35,0.0,0.0,0.0,45.0,55.73,0.2,0.0,0.07,120.0,92.5,0.0,0.88,0.0,0.0,0.0,16.7,0.01,86.39,85.74,15.45,48.65
2018-01-16 00:22:00,2,1,55.09,85.0,55.0,35.9,112.38,55.09,0.0,0.0,0.0,45.0,55.68,0.2,0.0,0.07,120.0,104.85,0.0,0.88,0.0,0.0,0.0,16.68,0.0,86.98,85.73,12.71,49.11
2018-01-16 00:23:00,2,1,54.86,85.0,55.0,35.76,115.66,54.86,0.0,0.0,0.0,45.0,55.63,0.2,0.0,0.07,120.0,111.36,0.0,0.88,0.0,0.0,0.0,16.66,0.0,87.43,85.72,11.54,49.51
2018-01-16 00:24:00,2,1,54.71,85.0,55.0,38.6,113.48,54.71,0.0,0.0,0.0,45.0,55.58,0.2,0.0,0.07,120.0,115.01,397.13,0.88,0.0,0.0,9.75,16.65,0.4,81.93,85.71,12.79,49.79
2018-01-16 00:25:00,2,1,55.71,85.0,55.0,53.46,73.98,55.71,0.0,0.0,0.0,45.0,55.53,0.2,0.0,0.07,120.0,77.36,399.82,0.88,0.0,0.0,9.75,16.63,2.32,52.52,85.71,46.69,48.07
2018-01-16 00:26:00,2,1,56.02,85.0,55.0,46.09,66.6,56.02,0.0,0.0,0.0,45.0,55.76,0.2,0.0,0.07,120.0,41.5,0.0,0.88,0.0,0.0,0.0,16.61,1.3,66.68,85.7,54.53,47.55
2018-01-16 00:27:00,2,1,55.79,85.0,55.0,37.51,85.79,55.79,0.0,0.0,0.0,45.0,55.79,0.2,0.0,0.07,120.0,55.65,0.0,0.88,0.0,0.0,0.0,16.59,0.18,83.41,85.69,29.88,47.93
2018-01-16 00:28:00,2,1,55.49,85.0,55.0,36.21,101.11,55.49,0.0,0.0,0.0,45.0,55.75,0.2,0.0,0.07,120.0,82.9,0.0,0.88,0.0,0.0,0.0,16.57,0.02,86.17,85.69,18.19,48.45
2018-01-16 00:29:00,2,1,55.21,85.0,55.0,35.9,109.74,55.21,0.0,0.0,0.0,45.0,55.71,0.2,0.0,0.07,120.0,99.64,0.0,0.88,0.0,0.0,0.0,16.55,0.0,86.99,85.68,13.77,48.92
2018-01-16 00:30:00,2,1,54.97,85.0,55.0,35.75,114.29,54.97,0.0,0.0,0.0,45.0,55.65,0.2,0.0,0.07,120.0,108.63,0.0,0.88,0.0,0.0,0.0,16.53,0.0,87.49,85.68,12.01,49.35
2018-01-16 00:31:00,2,1,54.75,85.0,55.0,35.63,116.64,54.75,0.0,0.0,0.0,45.0,55.6,0.2,0.0,0.07,120.0,113.31,0.0,0.88,0.0,0.0,0.0,16.51,0.0,87.91,85.67,11.21,49.73
2018-01-16 00:32:00,2,1,55.35,85.0,55.0,50.26,86.55,55.35,0.0,0.0,0.0,45.0,55.5,0.2,0.0,0.07,120.0,93.47,399.82,0.88,0.0,0.0,9.75,16.49,1.93,58.85,85.67,32.74,48.7
2018-01-16 00:33:00,2,1,55.99,85.0,55.0,55.22,65.52,55.99,0.0,0.0,0.0,45.0,55.68,0.2,0.0,0.07,120.0,65.39,399.82,0.88,0.0,0.0,9.75,16.47,2.53,49.11,85.67,57.82,47.64
2018-01-16 00:34:00,2,1,55.92,85.0,55.0,39.24,77.38,55.92,0.0,0.0,0.0,45.0,55.8,0.2,0.0,0.07,120.0,43.8,0.0,0.88,0.0,0.0,0.0,16.45,0.41,80.08,85.67,38.87,47.75
2018-01-16 00:35:00,2,1,55.62,85.0,55.0,36.44,95.67,55.62,0.0,0.0,0.0,45.0,55.78,0.2,0.0,0.07,120.0,72.73,0.0,0.88,0.0,0.0,0.0,16.43,0.05,85.74,85.67,21.72,48.25
2018-01-16 00:36:00,2,1,55.33,85.0,55.0,35.92,106.79,55.33,0.0,0.0,0.0,45.0,55.73,0.2,0.0,0.07,120.0,93.85,0.0,0.88,0.0,0.0,0.0,16.41,0.01,86.97,85.67,15.11,48.74
2018-01-16 00:37:00,2,1,55.07,85.0,55.0,35.74,112.74,55.07,0.0,0.0,0.0,45.0,55.68,0.2,0.0,0.07,120.0,105.57,0.0,0.88,0.0,0.0,0.0,16.39,0.0,87.55,85.67,12.58,49.19
2018-01-16 00:38:00,2,1,54.84,85.0,55.0,35.61,115.85,54.84,0.0,0.0,0.0,45.0,55.63,0.2,0.0,0.07,120.0,111.73,0.0,0.88,0.0,0.0,0.0,16.37,0.0,88.0,85.67,11.47,49.59
2018-01-16 00:39:00,2,1,54.77,85.0,55.0,41.02,109.77,54.77,0.0,0.0,0.0,45.0,55.57,0.2,0.0,0.07,120.0,114.46,399.8,0.88,0.0,0.0,9.75,16.35,0.74,77.3,85.67,14.68,49.72
2018-01-16 00:40:00,2,1,55.76,85.0,55.0,53.82,72.23,55.76,0.0,0.0,0.0,45.0,55.55,0.2,0.0,0.07,120.0,74.96,399.82,0.88,0.0,0.0,9.75,16.34,2.37,51.85,85.68,48.86,48.02
2018-01-16 00:41:00,2,1,56.03,85.0,55.0,46.07,66.27,56.03,0.0,0.0,0.0,45.0,55.78,0.2,0.0,0.07,120.0,40.99,0.0,0.88,0.0,0.0,0.0,16.32,1.31,66.85,85.68,55.01,47.56
2018-01-16 00:42:00,2,1,55.79,85.0,55.0,37.38,85.71,55.79,0.0,0.0,0.0,45.0,55.81,0.2,0.0,0.07,120.0,55.51,0.0,0.88,0.0,0.0,0.0,16.3,0.18,83.88,85.69,29.97,47.95
2018-01-16 00:43:00,2,1,55.49,85.0,55.0,36.06,101.08,55.49,0.0,0.0,0.0,45.0,55.77,0.2,0.0,0.07,120.0,82.84,0.0,0.88,0.0,0.0,0.0,16.28,0.02,86.69,85.7,18.22,48.46
2018-01-16 00:44:00,2,1,55.21,85.0,55.0,35.76,109.73,55.21,0.0,0.0,0.0,45.0,55.72,0.2,0.0,0.07,120.0,99.61,0.0,0.88,0.0,0.0,0.0,16.26,0.0,87.51,85.7,13.78,48.94
2018-01-16 00:45:00,2,1,54.96,85.0,55.0,35.61,114.28,54.96,0.0,0.0,0.0,45.0,55.67,0.2,0.0,0.07,120.0,108.62,0.0,0.88,0.0,0.0,0.0,16.24,0.0,88.02,85.71,12.01,49.36
2018-01-16 00:46:00,2,1,54.75,85.0,55.0,35.49,116.64,54.75,0.0,0.0,0.0,45.0,55.62,0.2,0.0,0.07,120.0,113.31,0.0,0.88,0.0,0.0,0.0,16.22,0.0,88.45,85.72,11.21,49.74
2018-01-16 00:47:00,2,1,55.35,85.0,55.0,50.21,86.55,55.35,0.0,0.0,0.0,45.0,55.51,0.2,0.0,0.07,120.0,93.47,399.82,0.88,0.0,0.0,9.75,16.21,1.93,58.99,85.73,32.74,48.7
2018-01-16 00:48:00,2,1,55.98,85.0,55.0,55.21,65.53,55.98,0.0,0.0,0.0,45.0,55.68,0.2,0.0,0.07,120.0,65.39,399.82,0.88,0.0,0.0,9.75,16.19,2.53,49.12,85.74,57.82,47.63
2018-01-16 00:49:00,2,1,55.91,85.0,55.0,39.12,77.38,55.91,0.0,0.0,0.0,45.0,55.8,0.2,0.0,0.07,120.0,43.8,0.0,0.88,0.0,0.0,0.0,16.17,0.41,80.51,85.76,38.87,47.74
2018-01-16 00:50:00,2,1,55.61,85.0,55.0,36.3,95.67,55.61,0.0,0.0,0.0,45.0,55.78,0.2,0.0,0.07,120.0,72.73,0.0,0.88,0.0,0.0,0.0,16.15,0.05,86.24,85.77,21.72,48.23
2018-01-16 00:51:00,2,1,55.32,85.0,55.0,35.78,106.79,55.32,0.0,0.0,0.0,45.0,55.73,0.2,0.0,0.07,120.0,93.85,0.0,0.88,0.0,0.0,0.0,16.13,0.01,87.49,85.79,15.11,48.72
2018-01-16 00:52:00,2,1,55.06,85.0,55.0,35.6,112.74,55.06,0.0,0.0,0.0,45.0,55.68,0.2,0.0,0.07,120.0,105.57,0.0,0.88,0.0,0.0,0.0,16.12,0.0,88.08,85.8,12.58,49.17
2018-01-16 00:53:00,2,1,54.83,85.0,55.0,35.47,115.85,54.83,0.0,0.0,0.0,45.0,55.62,0.2,0.0,0.07,120.0,111.73,0.0,0.88,0.0,0.0,0.0,16.1,0.0,88.53,85.82,11.47,49.56
2018-01-16 00:54:00,2,1,54.86,85.0,55.0,43.12,105.65,54.86,0.0,0.0,0.0,45.0,55.56,0.2,0.0,0.07,120.0,112.17,399.82,0.88,0.0,0.0,9.75,16.08,1.03,73.22,85.84,17.1,49.51
2018-01-16 00:55:00,2,1,55.81,85.0,55.0,54.15,70.68,55.81,0.0,0.0,0.0,45.0,55.56,0.2,0.0,0.07,120.0,72.79,399.82,0.88,0.0,0.0,9.75,16.07,2.4,51.19,85.86,50.83,47.89
2018-01-16 00:56:00,2,1,56.0,85.0,55.0,43.13,69.14,56.0,0.0,0.0,0.0,45.0,55.78,0.2,0.0,0.07,120.0,38.66,0.0,0.88,0.0,0.0,0.0,16.05,0.93,72.7,85.88,50.21,47.56
2018-01-16 00:57:00,2,1,55.74,85.0,55.0,36.85,88.88,55.74,0.0,0.0,0.0,45.0,55.79,0.2,0.0,0.07,120.0,60.73,0.0,0.88,0.0,0.0,0.0,16.03,0.13,85.18,85.9,27.08,47.99
2018-01-16 00:58:00,2,1,55.43,85.0,55.0,35.86,102.94,55.43,0.0,0.0,0.0,45.0,55.74,0.2,0.0,0.07,120.0,86.4,0.0,0.88,0.0,0.0,0.0,16.02,0.02,87.37,85.93,17.12,48.49
2018-01-16 00:59:00,2,1,55.16,85.0,55.0,35.6,110.72,55.16,0.0,0.0,0.0,45.0,55.69,0.2,0.0,0.07,120.0,101.56,0.0,0.88,0.0,0.0,0.0,16.0,0.0,88.1,85.95,13.37,48.95
2018-01-16 01:00:00,2,1,54.92,85.0,55.0,35.46,114.79,54.92,0.0,0.0,0.0,45.0,55.64,0.2,0.0,0.07,120.0,109.64,0.0,0.88,0.0,0.0,0.0,15.99,0.0,88.6,85.98,11.83,49.36
2018-01-16 01:01:00,2,1,54.71,85.0,55.0,35.34,116.91,54.71,0.0,0.0,0.0,45.0,55.59,0.2,0.0,0.07,120.0,113.84,0.0,0.88,0.0,0.0,0.0,15.98,0.0,89.02,86.04,11.13,49.73
2018-01-16 01:02:00,2,1,55.59,85.0,55.0,52.42,78.14,55.59,0.0,0.0,0.0,45.0,55.51,0.2,0.0,0.07,120.0,82.89,399.82,0.88,0.0,0.0,9.75,15.97,2.2,54.59,86.12,41.74,48.2
2018-01-16 01:03:00,2,1,56.03,85.0,55.0,49.86,65.06,56.03,0.0,0.0,0.0,45.0,55.74,0.2,0.0,0.07,120.0,49.44,0.02,0.88,0.0,0.0,0.0,15.96,1.82,59.54,86.21,57.7,47.47
2018-01-16 01:04:00,2,1,55.84,85.0,55.0,37.77,82.52,55.84,0.0,0.0,0.0,45.0,55.8,0.2,0.0,0.07,120.0,50.62,0.0,0.88,0.0,0.0,0.0,15.95,0.25,83.45,86.29,33.1,47.76
2018-01-16 01:05:00,2,1,55.54,85.0,55.0,35.99,99.09,55.54,0.0,0.0,0.0,45.0,55.76,0.2,0.0,0.07,120.0,79.07,0.0,0.88,0.0,0.0,0.0,15.94,0.03,87.21,86.38,19.45,48.27
2018-01-16 01:06:00,2,1,55.25,85.0,55.0,35.63,108.65,55.25,0.0,0.0,0.0,45.0,55.71,0.2,0.0,0.07,120.0,97.5,0.0,0.88,0.0,0.0,0.0,15.93,0.0,88.2,86.47,14.24,48.74
2018-01-16 01:07:00,2,1,55.0,85.0,55.0,35.47,113.72,55.0,0.0,0.0,0.0,45.0,55.66,0.2,0.0,0.07,120.0,107.51,0.0,0.88,0.0,0.0,0.0,15.93,0.0,88.75,86.56,12.21,49.17
2018-01-16 01:08:00,2,1,54.78,85.0,55.0,35.35,116.35,54.78,0.0,0.0,0.0,45.0,55.61,0.2,0.0,0.07,120.0,112.73,0.0,0.88,0.0,0.0,0.0,15.92,0.0,89.2,86.65,11.31,49.55
2018-01-16 01:09:00,2,1,55.15,85.0,55.0,47.97,93.58,55.15,0.0,0.0,0.0,45.0,55.51,0.2,0.0,0.07,120.0,101.42,399.82,0.88,0.0,0.0,9.75,15.91,1.66,63.57,86.75,26.14,48.9
2018-01-16 01:10:00,2,1,55.92,85.0,55.0,54.87,67.16,55.92,0.0,0.0,0.0,45.0,55.62,0.2,0.0,0.07,120.0,67.77,399.82,0.88,0.0,0.0,9.75,15.91,2.49,49.68,86.84,55.54,47.6
2018-01-16 01:11:00,2,1,55.98,85.0,55.0,41.07,72.06,55.98,0.0,0.0,0.0,45.0,55.81,0.2,0.0,0.07,120.0,38.9,0.0,0.88,0.0,0.0,0.0,15.9,0.67,77.03,86.93,45.8,47.49
2018-01-16 01:12:00,2,1,55.69,85.0,55.0,36.49,91.71,55.69,0.0,0.0,0.0,45.0,55.8,0.2,0.0,0.07,120.0,65.6,0.0,0.88,0.0,0.0,0.0,15.9,0.09,86.37,87.03,24.73,47.96
2018-01-16 01:13:00,2,1,55.39,85.0,55.0,35.73,104.58,55.39,0.0,0.0,0.0,45.0,55.75,0.2,0.0,0.07,120.0,89.55,0.0,0.88,0.0,0.0,0.0,15.89,0.01,88.13,87.12,16.23,48.45
2018-01-16 01:14:00,2,1,55.12,85.0,55.0,35.52,111.58,55.12,0.0,0.0,0.0,45.0,55.7,0.2,0.0,0.07,120.0,103.28,0.0,0.88,0.0,0.0,0.0,15.89,0.0,88.81,87.22,13.02,48.9
2018-01-16 01:15:00,2,1,54.89,85.0,55.0,35.39,115.24,54.89,0.0,0.0,0.0,45.0,55.65,0.2,0.0,0.07,120.0,110.53,0.0,0.88,0.0,0.0,0.0,15.88,0.0,89.3,87.32,11.68,49.3
2018-01-16 01:16:00,2,1,54.68,85.0,55.0,35.28,117.14,54.68,0.0,0.0,0.0,45.0,55.6,0.2,0.0,0.07,120.0,114.3,0.0,0.88,0.0,0.0,0.0,15.88,0.0,89.73,87.41,11.05,49.66
2018-01-16 01:17:00,2,1,55.65,85.0,55.0,52.95,75.94,55.65,0.0,0.0,0.0,45.0,55.52,0.2,0.0,0.07,120.0,79.99,399.82,0.88,0.0,0.0,9.75,15.87,2.27,53.52,87.51,44.32,47.99
2018-01-16 01:18:00,2,1,56.02,85.0,55.0,47.71,65.67,56.02,0.0,0.0,0.0,45.0,55.75,0.2,0.0,0.07,120.0,44.69,0.0,0.88,0.0,0.0,0.0,15.87,1.54,63.92,87.61,56.36,47.36
2018-01-16 01:19:00,2,1,55.81,85.0,55.0,37.43,84.18,55.81,0.0,0.0,0.0,45.0,55.79,0.2,0.0,0.07,120.0,53.11,0.0,0.88,0.0,0.0,0.0,15.86,0.21,84.63,87.7,31.43,47.7
2018-01-16 01:20:00,2,1,55.51,85.0,55.0,35.9,100.12,55.51,0.0,0.0,0.0,45.0,55.76,0.2,0.0,0.07,120.0,81.02,0.0,0.88,0.0,0.0,0.0,15.86,0.03,87.96,87.8,18.8,48.2
2018-01-16 01:21:00,2,1,55.22,85.0,55.0,35.57,109.21,55.22,0.0,0.0,0.0,45.0,55.71,0.2,0.0,0.07,120.0,98.6,0.0,0.88,0.0,0.0,0.0,15.86,0.0,88.87,87.9,14.0,48.67
2018-01-16 01:22:00,2,1,54.98,85.0,55.0,35.42,114.01,54.98,0.0,0.0,0.0,45.0,55.65,0.2,0.0,0.07,120.0,108.08,0.0,0.88,0.0,0.0,0.0,15.86,0.0,89.41,88.0,12.11,49.09
2018-01-16 01:23:00,2,1,54.76,85.0,55.0,35.31,116.5,54.76,0.0,0.0,0.0,45.0,55.6,0.2,0.0,0.07,120.0,113.03,0.0,0.88,0.0,0.0,0.0,15.85,0.0,89.85,88.09,11.26,49.46
2018-01-16 01:24:00,2,1,55.36,85.0,55.0,50.17,86.51,55.36,0.0,0.0,0.0,45.0,55.5,0.2,0.0,0.07,120.0,93.38,399.82,0.88,0.0,0.0,9.75,15.85,1.93,59.17,88.19,32.77,48.43
2018-01-16 01:25:00,2,1,55.99,85.0,55.0,55.21,65.52,55.99,0.0,0.0,0.0,45.0,55.67,0.2,0.0,0.07,120.0,65.38,399.82,0.88,0.0,0.0,9.75,15.85,2.53,48.93,88.29,57.83,47.37
2018-01-16 01:26:00,2,1,55.92,85.0,55.0,38.98,77.38,55.92,0.0,0.0,0.0,45.0,55.8,0.2,0.0,0.07,120.0,43.79,0.0,0.88,0.0,0.0,0.0,15.85,0.41,81.64,88.38,38.87,47.47
2018-01-16 01:27:00,2,1,55.61,85.0,55.0,36.15,95.67,55.61,0.0,0.0,0.0,45.0,55.78,0.2,0.0,0.07,120.0,72.73,0.0,0.88,0.0,0.0,0.0,15.85,0.05,87.61,88.48,21.73,47.96
2018-01-16 01:28:00,2,1,55.32,85.0,55.0,35.64,106.79,55.32,0.0,0.0,0.0,45.0,55.73,0.2,0.0,0.07,120.0,93.85,0.0,0.88,0.0,0.0,0.0,15.85,0.01,88.9,88.58,15.11,48.45
2018-01-16 01:29:00,2,1,55.06,85.0,55.0,35.46,112.74,55.06,0.0,0.0,0.0,45.0,55.68,0.2,0.0,0.07,120.0,105.57,0.0,0.88,0.0,0.0,0.0,15.85,0.0,89.5,88.67,12.58,48.89
2018-01-16 01:30:00,2,1,54.84,85.0,55.0,35.34,115.85,54.84,0.0,0.0,0.0,45.0,55.62,0.2,0.0,0.07,120.0,111.73,0.0,0.88,0.0,0.0,0.0,15.85,0.0,89.96,88.76,11.47,49.27
2018-01-16 01:31:00,2,1,54.86,85.0,55.0,43.05,105.65,54.86,0.0,0.0,0.0,45.0,55.56,0.2,0.0,0.07,120.0,112.17,399.82,0.88,0.0,0.0,9.75,15.85,1.03,73.98,88.86,17.09,49.23
2018-01-16 01:32:00,2,1,55.81,85.0,55.0,54.14,70.68,55.81,0.0,0.0,0.0,45.0,55.56,0.2,0.0,0.07,120.0,72.79,399.82,0.88,0.0,0.0,9.75,15.85,2.4,51.06,88.95,50.83,47.61
2018-01-16 01:33:00,2,1,56.0,85.0,55.0,43.06,69.14,56.0,0.0,0.0,0.0,45.0,55.78,0.2,0.0,0.07,120.0,38.67,0.0,0.88,0.0,0.0,0.0,15.85,0.93,73.49,89.04,50.21,47.28
2018-01-16 01:34:00,2,1,55.74,85.0,55.0,36.76,88.88,55.74,0.0,0.0,0.0,45.0,55.79,0.2,0.0,0.07,120.0,60.73,0.0,0.88,0.0,0.0,0.0,15.85,0.13,86.49,89.14,27.08,47.7
2018-01-16 01:35:00,2,1,55.44,85.0,55.0,35.77,102.94,55.44,0.0,0.0,0.0,45.0,55.74,0.2,0.0,0.07,120.0,86.4,0.0,0.88,0.0,0.0,0.0,15.85,0.02,88.76,89.23,17.12,48.2
2018-01-16 01:36:00,2,1,55.16,85.0,55.0,35.52,110.72,55.16,0.0,0.0,0.0,45.0,55.69,0.2,0.0,0.07,120.0,101.56,0.0,0.88,0.0,0.0,0.0,15.85,0.0,89.51,89.32,13.37,48.66
2018-01-16 01:37:00,2,1,54.92,85.0,55.0,35.39,114.79,54.92,0.0,0.0,0.0,45.0,55.64,0.2,0.0,0.07,120.0,109.64,0.0,0.88,0.0,0.0,0.0,15.85,0.0,90.0,89.4,11.83,49.06
2018-01-16 01:38:00,2,1,54.72,85.0,55.0,35.28,116.91,54.72,0.0,0.0,0.0,45.0,55.59,0.2,0.0,0.07,120.0,113.84,0.0,0.88,0.0,0.0,0.0,15.85,0.0,90.42,89.49,11.13,49.42
2018-01-16 01:39:00,2,1,55.51,85.0,55.0,51.77,80.67,55.51,0.0,0.0,0.0,45.0,55.49,0.2,0.0,0.07,120.0,86.19,399.82,0.88,0.0,0.0,9.75,15.86,2.12,55.9,89.58,38.92,48.05
2018-01-16 01:40:00,2,1,56.02,85.0,55.0,52.36,64.86,56.02,0.0,0.0,0.0,45.0,55.71,0.2,0.0,0.07,120.0,56.08,2.7,0.88,0.0,0.0,0.0,15.86,2.15,54.63,89.66,58.39,47.21
2018-01-16 01:41:00,2,1,55.86,85.0,55.0,38.09,80.82,55.86,0.0,0.0,0.0,45.0,55.8,0.2,0.0,0.07,120.0,48.2,0.0,0.88,0.0,0.0,0.0,15.86,0.29,83.87,89.75,34.91,47.45
2018-01-16 01:42:00,2,1,55.56,85.0,55.0,36.01,98.0,55.56,0.0,0.0,0.0,45.0,55.76,0.2,0.0,0.07,120.0,77.03,0.0,0.88,0.0,0.0,0.0,15.87,0.04,88.35,89.83,20.15,47.94
2018-01-16 01:43:00,2,1,55.27,85.0,55.0,35.61,108.06,55.27,0.0,0.0,0.0,45.0,55.71,0.2,0.0,0.07,120.0,96.34,0.0,0.88,0.0,0.0,0.0,15.87,0.01,89.42,89.91,14.51,48.42
2018-01-16 01:44:00,2,1,55.02,85.0,55.0,35.45,113.41,55.02,0.0,0.0,0.0,45.0,55.66,0.2,0.0,0.07,120.0,106.9,0.0,0.88,0.0,0.0,0.0,15.87,0.0,89.97,89.99,12.33,48.84
2018-01-16 01:45:00,2,1,54.8,85.0,55.0,35.34,116.19,54.8,0.0,0.0,0.0,45.0,55.61,0.2,0.0,0.07,120.0,112.42,0.0,0.88,0.0,0.0,0.0,15.88,0.0,90.41,90.06,11.36,49.22
2018-01-16 01:46:00,2,1,55.06,85.0,55.0,46.58,97.46,55.06,0.0,0.0,0.0,45.0,55.52,0.2,0.0,0.07,120.0,105.38,399.82,0.88,0.0,0.0,9.75,15.88,1.48,66.75,90.14,22.94,48.77
2018-01-16 01:47:00,2,1,55.89,85.0,55.0,54.67,68.17,55.89,0.0,0.0,0.0,45.0,55.6,0.2,0.0,0.07,120.0,69.23,399.82,0.88,0.0,0.0,9.75,15.89,2.47,49.9,90.21,54.15,47.36
2018-01-16 01:48:00,2,1,55.97,85.0,55.0,41.04,72.25,55.97,0.0,0.0,0.0,45.0,55.79,0.2,0.0,0.07,120.0,39.21,0.0,0.88,0.0,0.0,0.0,15.89,0.67,77.86,90.29,45.52,47.22
2018-01-16 01:49:00,2,1,55.69,85.0,55.0,36.49,91.76,55.69,0.0,0.0,0.0,45.0,55.78,0.2,0.0,0.07,120.0,65.7,0.0,0.88,0.0,0.0,0.0,15.9,0.09,87.43,90.36,24.67,47.68
2018-01-16 01:50:00,2,1,55.39,85.0,55.0,35.74,104.6,55.39,0.0,0.0,0.0,45.0,55.74,0.2,0.0,0.07,120.0,89.6,0.0,0.88,0.0,0.0,0.0,15.9,0.01,89.21,90.42,16.22,48.17
2018-01-16 01:51:00,2,1,55.13,85.0,55.0,35.53,111.59,55.13,0.0,0.0,0.0,45.0,55.68,0.2,0.0,0.07,120.0,103.3,0.0,0.88,0.0,0.0,0.0,15.91,0.0,89.87,90.49,13.02,48.62
2018-01-16 01:52:00,2,1,54.89,85.0,55.0,35.41,115.25,54.89,0.0,0.0,0.0,45.0,55.63,0.2,0.0,0.07,120.0,110.54,0.0,0.88,0.0,0.0,0.0,15.91,0.0,90.33,90.55,11.67,49.01
2018-01-16 01:53:00,2,1,54.69,85.0,55.0,35.31,117.14,54.69,0.0,0.0,0.0,45.0,55.58,0.2,0.0,0.07,120.0,114.3,0.0,0.88,0.0,0.0,0.0,15.92,0.0,90.71,90.62,11.05,49.37
2018-01-16 01:54:00,2,1,55.66,85.0,55.0,52.96,75.94,55.66,0.0,0.0,0.0,45.0,55.52,0.2,0.0,0.07,120.0,79.99,399.82,0.88,0.0,0.0,9.75,15.93,2.27,53.41,90.67,44.32,47.71
2018-01-16 01:55:00,2,1,56.03,85.0,55.0,47.73,65.67,56.03,0.0,0.0,0.0,45.0,55.75,0.2,0.0,0.07,120.0,44.69,0.0,0.88,0.0,0.0,0.0,15.94,1.54,64.12,90.73,56.35,47.08
2018-01-16 01:56:00,2,1,55.82,85.0,55.0,37.47,84.18,55.82,0.0,0.0,0.0,45.0,55.8,0.2,0.0,0.07,120.0,53.12,0.0,0.88,0.0,0.0,0.0,15.94,0.21,85.4,90.79,31.42,47.41
2018-01-16 01:57:00,2,1,55.52,85.0,55.0,35.95,100.13,55.52,0.0,0.0,0.0,45.0,55.76,0.2,0.0,0.07,120.0,81.03,0.0,0.88,0.0,0.0,0.0,15.95,0.03,88.77,90.84,18.8,47.91
2018-01-16 01:58:00,2,1,55.24,85.0,55.0,35.63,109.21,55.24,0.0,0.0,0.0,45.0,55.71,0.2,0.0,0.07,120.0,98.6,0.0,0.88,0.0,0.0,0.0,15.96,0.0,89.66,90.89,14.0,48.38
2018-01-16 01:59:00,2,1,54.99,85.0,55.0,35.48,114.01,54.99,0.0,0.0,0.0,45.0,55.66,0.2,0.0,0.07,120.0,108.08,0.0,0.88,0.0,0.0,0.0,15.97,0.0,90.16,90.94,12.11,48.8
2018-01-16 02:00:00,2,1,54.78,85.0,55.0,35.38,116.5,54.78,0.0,0.0,0.0,45.0,55.61,0.2,0.0,0.07,120.0,113.03,0.0,0.88,0.0,0.0,0.0,15.98,0.0,90.56,90.98,11.26,49.17
2018-01-16 02:01:00,2,1,55.15,85.0,55.0,47.98,93.63,55.15,0.0,0.0,0.0,45.0,55.51,0.2,0.0,0.07,120.0,101.53,399.82,0.88,0.0,0.0,9.75,15.99,1.66,63.82,90.98,26.11,48.51
2018-01-16 02:02:00,2,1,55.93,85.0,55.0,54.88,67.17,55.93,0.0,0.0,0.0,45.0,55.62,0.2,0.0,0.07,120.0,67.79,399.82,0.88,0.0,0.0,9.75,16.01,2.49,49.39,90.95,55.53,47.22
2018-01-16 02:03:00,2,1,55.96,85.0,55.0,40.3,73.93,55.96,0.0,0.0,0.0,45.0,55.79,0.2,0.0,0.07,120.0,40.36,0.0,0.88,0.0,0.0,0.0,16.03,0.57,79.41,90.91,43.21,47.16
2018-01-16 02:04:00,2,1,55.67,85.0,55.0,36.44,93.12,55.67,0.0,0.0,0.0,45.0,55.78,0.2,0.0,0.07,120.0,68.11,0.0,0.88,0.0,0.0,0.0,16.05,0.08,87.54,90.87,23.6,47.62
2018-01-16 02:05:00,2,1,55.37,85.0,55.0,35.8,105.37,55.37,0.0,0.0,0.0,45.0,55.73,0.2,0.0,0.07,120.0,91.08,0.0,0.88,0.0,0.0,0.0,16.06,0.01,89.05,90.83,15.81,48.11
2018-01-16 02:06:00,2,1,55.11,85.0,55.0,35.61,112.0,55.11,0.0,0.0,0.0,45.0,55.68,0.2,0.0,0.07,120.0,104.1,0.0,0.88,0.0,0.0,0.0,16.08,0.0,89.61,90.79,12.86,48.55
2018-01-16 02:07:00,2,1,54.88,85.0,55.0,35.49,115.46,54.88,0.0,0.0,0.0,45.0,55.63,0.2,0.0,0.07,120.0,110.96,0.0,0.88,0.0,0.0,0.0,16.1,0.0,89.98,90.74,11.6,48.94
2018-01-16 02:08:00,2,1,54.68,85.0,55.0,35.4,117.25,54.68,0.0,0.0,0.0,45.0,55.58,0.2,0.0,0.07,120.0,114.52,0.0,0.88,0.0,0.0,0.0,16.12,0.0,90.29,90.69,11.02,49.29
2018-01-16 02:09:00,2,1,55.65,85.0,55.0,52.97,75.96,55.65,0.0,0.0,0.0,45.0,55.51,0.2,0.0,0.07,120.0,80.04,399.82,0.88,0.0,0.0,9.75,16.14,2.27,53.28,90.64,44.31,47.63
2018-01-16 02:10:00,2,1,56.03,85.0,55.0,47.78,65.67,56.03,0.0,0.0,0.0,45.0,55.75,0.2,0.0,0.07,120.0,44.7,0.0,0.88,0.0,0.0,0.0,16.16,1.54,63.84,90.59,56.35,47.0
2018-01-16 02:11:00,2,1,55.82,85.0,55.0,37.58,84.18,55.82,0.0,0.0,0.0,45.0,55.8,0.2,0.0,0.07,120.0,53.12,0.0,0.88,0.0,0.0,0.0,16.18,0.21,84.8,90.53,31.43,47.33
2018-01-16 02:12:00,2,1,55.52,85.0,55.0,36.08,100.12,55.52,0.0,0.0,0.0,45.0,55.76,0.2,0.0,0.07,120.0,81.03,0.0,0.88,0.0,0.0,0.0,16.2,0.03,88.07,90.47,18.8,47.82
2018-01-16 02:13:00,2,1,55.24,85.0,55.0,35.76,109.21,55.24,0.0,0.0,0.0,45.0,55.71,0.2,0.0,0.07,120.0,98.6,0.0,0.88,0.0,0.0,0.0,16.22,0.0,88.88,90.41,14.0,48.28
2018-01-16 02:14:00,2,1,55.0,85.0,55.0,35.63,114.01,55.0,0.0,0.0,0.0,45.0,55.66,0.2,0.0,0.07,120.0,108.08,0.0,0.88,0.0,0.0,0.0,16.25,0.0,89.3,90.35,12.11,48.69
2018-01-16 02:15:00,2,1,54.78,85.0,55.0,35.53,116.5,54.78,0.0,0.0,0.0,45.0,55.61,0.2,0.0,0.07,120.0,113.03,0.0,0.88,0.0,0.0,0.0,16.27,0.0,89.62,90.29,11.26,49.06
2018-01-16 02:16:00,2,1,55.16,85.0,55.0,48.04,93.63,55.16,0.0,0.0,0.0,45.0,55.51,0.2,0.0,0.07,120.0,101.53,399.82,0.88,0.0,0.0,9.75,16.29,1.66,63.4,90.22,26.11,48.41
2018-01-16 02:17:00,2,1,55.93,85.0,55.0,54.9,67.17,55.93,0.0,0.0,0.0,45.0,55.63,0.2,0.0,0.07,120.0,67.8,399.82,0.88,0.0,0.0,9.75,16.31,2.49,49.24,90.15,55.52,47.11
2018-01-16 02:18:00,2,1,55.97,85.0,55.0,40.43,73.93,55.97,0.0,0.0,0.0,45.0,55.8,0.2,0.0,0.07,120.0,40.37,0.0,0.88,0.0,0.0,0.0,16.33,0.57,78.61,90.08,43.2,47.05
2018-01-16 02:19:00,2,1,55.68,85.0,55.0,36.59,93.12,55.68,0.0,0.0,0.0,45.0,55.79,0.2,0.0,0.07,120.0,68.12,0.0,0.88,0.0,0.0,0.0,16.35,0.08,86.55,90.01,23.6,47.51
2018-01-16 02:20:00,2,1,55.39,85.0,55.0,35.96,105.37,55.39,0.0,0.0,0.0,45.0,55.74,0.2,0.0,0.07,120.0,91.09,0.0,0.88,0.0,0.0,0.0,16.37,0.01,88.01,89.93,15.81,48.0
2018-01-16 02:21:00,2,1,55.12,85.0,55.0,35.77,112.0,55.12,0.0,0.0,0.0,45.0,55.69,0.2,0.0,0.07,120.0,104.1,0.0,0.88,0.0,0.0,0.0,16.39,0.0,88.54,89.86,12.86,48.43
2018-01-16 02:22:00,2,1,54.9,85.0,55.0,35.66,115.46,54.9,0.0,0.0,0.0,45.0,55.64,0.2,0.0,0.07,120.0,110.96,0.0,0.88,0.0,0.0,0.0,16.41,0.0,88.89,89.78,11.6,48.82
2018-01-16 02:23:00,2,1,54.7,85.0,55.0,35.56,117.25,54.7,0.0,0.0,0.0,45.0,55.59,0.2,0.0,0.07,120.0,114.52,0.0,0.88,0.0,0.0,0.0,16.43,0.0,89.18,89.7,11.02,49.17
2018-01-16 02:24:00,2,1,55.67,85.0,55.0,53.01,75.97,55.67,0.0,0.0,0.0,45.0,55.53,0.2,0.0,0.07,120.0,80.04,399.82,0.88,0.0,0.0,9.75,16.45,2.27,53.03,89.62,44.29,47.51
2018-01-16 02:25:00,2,1,56.05,85.0,55.0,47.85,65.68,56.05,0.0,0.0,0.0,45.0,55.77,0.2,0.0,0.07,120.0,44.71,0.0,0.88,0.0,0.0,0.0,16.48,1.54,63.31,89.53,56.33,46.88
2018-01-16 02:26:00,2,1,55.84,85.0,55.0,37.74,84.18,55.84,0.0,0.0,0.0,45.0,55.81,0.2,0.0,0.07,120.0,53.13,0.0,0.88,0.0,0.0,0.0,16.5,0.21,83.76,89.45,31.42,47.21
2018-01-16 02:27:00,2,1,55.54,85.0,55.0,36.24,100.13,55.54,0.0,0.0,0.0,45.0,55.78,0.2,0.0,0.07,120.0,81.03,0.0,0.88,0.0,0.0,0.0,16.52,0.03,86.94,89.36,18.79,47.7
2018-01-16 02:28:00,2,1,55.26,85.0,55.0,35.93,109.21,55.26,0.0,0.0,0.0,45.0,55.73,0.2,0.0,0.07,120.0,98.6,0.0,0.88,0.0,0.0,0.0,16.54,0.0,87.71,89.28,13.99,48.16
2018-01-16 02:29:00,2,1,55.02,85.0,55.0,35.79,114.01,55.02,0.0,0.0,0.0,45.0,55.68,0.2,0.0,0.07,120.0,108.09,0.0,0.88,0.0,0.0,0.0,16.56,0.0,88.11,89.19,12.11,48.57
2018-01-16 02:30:00,2,1,54.8,85.0,55.0,35.69,116.5,54.8,0.0,0.0,0.0,45.0,55.62,0.2,0.0,0.07,120.0,113.03,0.0,0.88,0.0,0.0,0.0,16.58,0.0,88.42,89.1,11.26,48.94
2018-01-16 02:31:00,2,1,55.07,85.0,55.0,46.74,97.59,55.07,0.0,0.0,0.0,45.0,55.53,0.2,0.0,0.07,120.0,105.62,399.82,0.88,0.0,0.0,9.75,16.6,1.48,65.69,89.01,22.87,48.48
2018-01-16 02:32:00,2,1,55.91,85.0,55.0,54.71,68.21,55.91,0.0,0.0,0.0,45.0,55.62,0.2,0.0,0.07,120.0,69.29,399.82,0.88,0.0,0.0,9.75,16.62,2.47,49.49,88.91,54.11,47.07
2018-01-16 02:33:00,2,1,55.99,85.0,55.0,41.34,72.27,55.99,0.0,0.0,0.0,45.0,55.81,0.2,0.0,0.07,120.0,39.24,0.0,0.88,0.0,0.0,0.0,16.64,0.67,76.11,88.82,45.49,46.92
2018-01-16 02:34:00,2,1,55.72,85.0,55.0,36.87,91.77,55.72,0.0,0.0,0.0,45.0,55.8,0.2,0.0,0.07,120.0,65.72,0.0,0.88,0.0,0.0,0.0,16.66,0.09,85.15,88.73,24.66,47.36
2018-01-16 02:35:00,2,1,55.42,85.0,55.0,36.14,104.61,55.42,0.0,0.0,0.0,45.0,55.76,0.2,0.0,0.07,120.0,89.61,0.0,0.88,0.0,0.0,0.0,16.68,0.01,86.75,88.63,16.21,47.85
2018-01-16 02:36:00,2,1,55.16,85.0,55.0,35.94,111.6,55.16,0.0,0.0,0.0,45.0,55.71,0.2,0.0,0.07,120.0,103.3,0.0,0.88,0.0,0.0,0.0,16.7,0.0,87.28,88.53,13.02,48.28
2018-01-16 02:37:00,2,1,54.93,85.0,55.0,35.82,115.25,54.93,0.0,0.0,0.0,45.0,55.66,0.2,0.0,0.07,120.0,110.55,0.0,0.88,0.0,0.0,0.0,16.72,0.0,87.62,88.44,11.67,48.67
2018-01-16 02:38:00,2,1,54.73,85.0,55.0,35.73,117.14,54.73,0.0,0.0,0.0,45.0,55.6,0.2,0.0,0.07,120.0,114.31,0.0,0.88,0.0,0.0,0.0,16.73,0.0,87.9,88.34,11.05,49.02
2018-01-16 02:39:00,2,1,55.44,85.0,55.0,51.14,83.58,55.44,0.0,0.0,0.0,45.0,55.5,0.2,0.0,0.07,120.0,89.92,399.82,0.88,0.0,0.0,9.75,16.75,2.04,56.56,88.24,35.84,47.8
2018-01-16 02:40:00,2,1,56.02,85.0,55.0,55.36,64.89,56.02,0.0,0.0,0.0,45.0,55.7,0.2,0.0,0.07,120.0,64.47,399.82,0.88,0.0,0.0,9.75,16.77,2.54,48.12,88.14,58.72,46.84
2018-01-16 02:41:00,2,1,55.91,85.0,55.0,38.92,79.12,55.91,0.0,0.0,0.0,45.0,55.81,0.2,0.0,0.07,120.0,45.93,0.0,0.88,0.0,0.0,0.0,16.79,0.34,80.56,88.04,36.82,47.0
2018-01-16 02:42:00,2,1,55.61,85.0,55.0,36.56,96.87,55.61,0.0,0.0,0.0,45.0,55.78,0.2,0.0,0.07,120.0,74.93,0.0,0.88,0.0,0.0,0.0,16.81,0.05,85.36,87.93,20.9,47.48
2018-01-16 02:43:00,2,1,55.33,85.0,55.0,36.12,107.44,55.33,0.0,0.0,0.0,45.0,55.74,0.2,0.0,0.07,120.0,95.13,0.0,0.88,0.0,0.0,0.0,16.82,0.01,86.35,87.83,14.79,47.95
2018-01-16 02:44:00,2,1,55.08,85.0,55.0,35.97,113.09,55.08,0.0,0.0,0.0,45.0,55.69,0.2,0.0,0.07,120.0,106.26,0.0,0.88,0.0,0.0,0.0,16.84,0.0,86.79,87.73,12.45,48.37
2018-01-16 02:45:00,2,1,54.86,85.0,55.0,35.86,116.02,54.86,0.0,0.0,0.0,45.0,55.63,0.2,0.0,0.07,120.0,112.08,0.0,0.88,0.0,0.0,0.0,16.86,0.0,87.1,87.63,11.41,48.74
2018-01-16 02:46:00,2,1,54.71,85.0,55.0,38.7,113.66,54.71,0.0,0.0,0.0,45.0,55.58,0.2,0.0,0.07,120.0,115.37,397.13,0.88,0.0,0.0,9.75,16.87,0.4,81.42,87.52,12.73,48.99
2018-01-16 02:47:00,2,1,55.72,85.0,55.0,53.48,74.03,55.72,0.0,0.0,0.0,45.0,55.54,0.2,0.0,0.07,120.0,77.44,399.82,0.88,0.0,0.0,9.75,16.89,2.32,51.77,87.42,46.65,47.28
2018-01-16 02:48:00,2,1,56.04,85.0,55.0,46.18,66.62,56.04,0.0,0.0,0.0,45.0,55.78,0.2,0.0,0.07,120.0,41.53,0.0,0.88,0.0,0.0,0.0,16.91,1.3,65.93,87.31,54.5,46.75
2018-01-16 02:49:00,2,1,55.82,85.0,55.0,37.68,85.8,55.82,0.0,0.0,0.0,45.0,55.81,0.2,0.0,0.07,120.0,55.67,0.0,0.88,0.0,0.0,0.0,16.92,0.18,82.59,87.21,29.87,47.1
2018-01-16 02:50:00,2,1,55.52,85.0,55.0,36.41,101.12,55.52,0.0,0.0,0.0,45.0,55.77,0.2,0.0,0.07,120.0,82.91,0.0,0.88,0.0,0.0,0.0,16.94,0.02,85.23,87.1,18.19,47.59
2018-01-16 02:51:00,2,1,55.25,85.0,55.0,36.12,109.74,55.25,0.0,0.0,0.0,45.0,55.72,0.2,0.0,0.07,120.0,99.64,0.0,0.88,0.0,0.0,0.0,16.95,0.0,85.92,86.99,13.77,48.04
2018-01-16 02:52:00,2,1,55.01,85.0,55.0,35.99,114.29,55.01,0.0,0.0,0.0,45.0,55.67,0.2,0.0,0.07,120.0,108.63,0.0,0.88,0.0,0.0,0.0,16.96,0.0,86.3,86.89,12.01,48.44
2018-01-16 02:53:00,2,1,54.8,85.0,55.0,35.89,116.64,54.8,0.0,0.0,0.0,45.0,55.62,0.2,0.0,0.07,120.0,113.32,0.0,0.88,0.0,0.0,0.0,16.98,0.0,86.59,86.78,11.21,48.79
2018-01-16 02:54:00,2,1,55.07,85.0,55.0,46.83,97.65,55.07,0.0,0.0,0.0,45.0,55.53,0.2,0.0,0.07,120.0,105.73,399.82,0.88,0.0,0.0,9.75,16.99,1.48,64.8,86.68,22.85,48.33
2018-01-16 02:55:00,2,1,55.91,85.0,55.0,54.72,68.22,55.91,0.0,0.0,0.0,45.0,55.62,0.2,0.0,0.07,120.0,69.31,399.82,0.88,0.0,0.0,9.75,17.0,2.47,49.24,86.57,54.1,46.92
2018-01-16 02:56:00,2,1,55.97,85.0,55.0,40.68,74.15,55.97,0.0,0.0,0.0,45.0,55.79,0.2,0.0,0.07,120.0,40.72,0.0,0.88,0.0,0.0,0.0,17.01,0.56,76.32,86.46,42.9,46.81
2018-01-16 02:57:00,2,1,55.69,85.0,55.0,36.92,93.19,55.69,0.0,0.0,0.0,45.0,55.78,0.2,0.0,0.07,120.0,68.24,0.0,0.88,0.0,0.0,0.0,17.03,0.08,83.69,86.36,23.53,47.26
2018-01-16 02:58:00,2,1,55.4,85.0,55.0,36.3,105.4,55.4,0.0,0.0,0.0,45.0,55.74,0.2,0.0,0.07,120.0,91.15,0.0,0.88,0.0,0.0,0.0,17.04,0.01,85.05,86.25,15.8,47.73
2018-01-16 02:59:00,2,1,55.14,85.0,55.0,36.11,112.01,55.14,0.0,0.0,0.0,45.0,55.69,0.2,0.0,0.07,120.0,104.13,0.0,0.88,0.0,0.0,0.0,17.05,0.0,85.55,86.14,12.85,48.16
2018-01-16 03:00:00,2,1,54.92,85.0,55.0,35.99,115.47,54.92,0.0,0.0,0.0,45.0,55.64,0.2,0.0,0.07,120.0,110.98,0.0,0.88,0.0,0.0,0.0,17.06,0.0,85.88,86.04,11.6,48.54
2018-01-16 03:01:00,2,1,54.72,85.0,55.0,35.89,117.25,54.72,0.0,0.0,0.0,45.0,55.59,0.2,0.0,0.07,120.0,114.53,0.0,0.88,0.0,0.0,0.0,17.05,0.0,86.18,85.94,11.02,48.87
2018-01-16 03:02:00,2,1,55.44,85.0,55.0,51.17,83.6,55.44,0.0,0.0,0.0,45.0,55.49,0.2,0.0,0.07,120.0,89.98,399.82,0.88,0.0,0.0,9.75,17.05,2.04,56.06,85.84,35.83,47.65
2018-01-16 03:03:00,2,1,56.02,85.0,55.0,55.37,64.89,56.02,0.0,0.0,0.0,45.0,55.7,0.2,0.0,0.07,120.0,64.47,399.82,0.88,0.0,0.0,9.75,17.04,2.54,47.92,85.75,58.73,46.69
2018-01-16 03:04:00,2,1,55.91,85.0,55.0,39.02,79.12,55.91,0.0,0.0,0.0,45.0,55.81,0.2,0.0,0.07,120.0,45.93,0.0,0.88,0.0,0.0,0.0,17.02,0.34,79.21,85.66,36.82,46.85
2018-01-16 03:05:00,2,1,55.62,85.0,55.0,36.66,96.87,55.62,0.0,0.0,0.0,45.0,55.78,0.2,0.0,0.07,120.0,74.93,0.0,0.88,0.0,0.0,0.0,17.01,0.05,83.89,85.57,20.9,47.32
2018-01-16 03:06:00,2,1,55.33,85.0,55.0,36.21,107.44,55.33,0.0,0.0,0.0,45.0,55.73,0.2,0.0,0.07,120.0,95.13,0.0,0.88,0.0,0.0,0.0,17.0,0.01,84.9,85.47,14.79,47.79
2018-01-16 03:07:00,2,1,55.09,85.0,55.0,36.04,113.09,55.09,0.0,0.0,0.0,45.0,55.68,0.2,0.0,0.07,120.0,106.25,0.0,0.88,0.0,0.0,0.0,16.99,0.0,85.38,85.38,12.45,48.2
2018-01-16 03:08:00,2,1,54.87,85.0,55.0,35.92,116.02,54.87,0.0,0.0,0.0,45.0,55.63,0.2,0.0,0.07,120.0,112.08,0.0,0.88,0.0,0.0,0.0,16.98,0.0,85.74,85.29,11.41,48.57
2018-01-16 03:09:00,2,1,54.68,85.0,55.0,35.82,117.54,54.68,0.0,0.0,0.0,45.0,55.58,0.2,0.0,0.07,120.0,115.1,0.0,0.88,0.0,0.0,0.0,16.96,0.0,86.05,85.2,10.93,48.9
2018-01-16 03:10:00,2,1,55.66,85.0,55.0,53.03,76.03,55.66,0.0,0.0,0.0,45.0,55.52,0.2,0.0,0.07,120.0,80.17,399.82,0.88,0.0,0.0,9.75,16.95,2.27,52.35,85.11,44.25,47.23
2018-01-16 03:11:00,2,1,56.04,85.0,55.0,47.95,65.69,56.04,0.0,0.0,0.0,45.0,55.76,0.2,0.0,0.07,120.0,44.73,0.0,0.88,0.0,0.0,0.0,16.93,1.54,61.94,85.02,56.33,46.59
2018-01-16 03:12:00,2,1,55.84,85.0,55.0,37.93,84.18,55.84,0.0,0.0,0.0,45.0,55.81,0.2,0.0,0.07,120.0,53.13,0.0,0.88,0.0,0.0,0.0,16.92,0.21,81.07,84.93,31.42,46.91
2018-01-16 03:13:00,2,1,55.54,85.0,55.0,36.43,100.13,55.54,0.0,0.0,0.0,45.0,55.77,0.2,0.0,0.07,120.0,81.03,0.0,0.88,0.0,0.0,0.0,16.9,0.03,84.09,84.84,18.79,47.39
2018-01-16 03:14:00,2,1,55.27,85.0,55.0,36.11,109.21,55.27,0.0,0.0,0.0,45.0,55.72,0.2,0.0,0.07,120.0,98.6,0.0,0.88,0.0,0.0,0.0,16.89,0.0,84.88,84.75,13.99,47.84
2018-01-16 03:15:00,2,1,55.03,85.0,55.0,35.95,114.01,55.03,0.0,0.0,0.0,45.0,55.67,0.2,0.0,0.07,120.0,108.09,0.0,0.88,0.0,0.0,0.0,16.87,0.0,85.32,84.67,12.11,48.24
2018-01-16 03:16:00,2,1,54.82,85.0,55.0,35.84,116.5,54.82,0.0,0.0,0.0,45.0,55.62,0.2,0.0,0.07,120.0,113.03,0.0,0.88,0.0,0.0,0.0,16.86,0.0,85.67,84.58,11.26,48.6
2018-01-16 03:17:00,2,1,54.86,85.0,55.0,43.35,105.94,54.86,0.0,0.0,0.0,45.0,55.55,0.2,0.0,0.07,120.0,112.75,399.82,0.88,0.0,0.0,9.75,16.84,1.03,71.06,84.49,16.98,48.53
2018-01-16 03:18:00,2,1,55.82,85.0,55.0,54.19,70.75,55.82,0.0,0.0,0.0,45.0,55.57,0.2,0.0,0.07,120.0,72.9,399.82,0.88,0.0,0.0,9.75,16.82,2.4,50.05,84.41,50.78,46.91
2018-01-16 03:19:00,2,1,56.02,85.0,55.0,43.38,69.16,56.02,0.0,0.0,0.0,45.0,55.79,0.2,0.0,0.07,120.0,38.7,0.0,0.88,0.0,0.0,0.0,16.81,0.93,70.43,84.33,50.18,46.57
2018-01-16 03:20:00,2,1,55.77,85.0,55.0,37.22,88.89,55.77,0.0,0.0,0.0,45.0,55.8,0.2,0.0,0.07,120.0,60.75,0.0,0.88,0.0,0.0,0.0,16.79,0.13,82.23,84.24,27.07,46.98
2018-01-16 03:21:00,2,1,55.47,85.0,55.0,36.25,102.95,55.47,0.0,0.0,0.0,45.0,55.76,0.2,0.0,0.07,120.0,86.41,0.0,0.88,0.0,0.0,0.0,16.77,0.02,84.26,84.16,17.12,47.46
2018-01-16 03:22:00,2,1,55.2,85.0,55.0,35.99,110.72,55.2,0.0,0.0,0.0,45.0,55.71,0.2,0.0,0.07,120.0,101.57,0.0,0.88,0.0,0.0,0.0,16.75,0.0,84.91,84.08,13.37,47.89
2018-01-16 03:23:00,2,1,54.97,85.0,55.0,35.85,114.8,54.97,0.0,0.0,0.0,45.0,55.66,0.2,0.0,0.07,120.0,109.64,0.0,0.88,0.0,0.0,0.0,16.73,0.0,85.32,84.0,11.83,48.29
2018-01-16 03:24:00,2,1,54.76,85.0,55.0,35.74,116.91,54.76,0.0,0.0,0.0,45.0,55.61,0.2,0.0,0.07,120.0,113.84,0.0,0.88,0.0,0.0,0.0,16.71,0.0,85.67,83.92,11.13,48.63
2018-01-16 03:25:00,2,1,55.27,85.0,55.0,49.29,90.07,55.27,0.0,0.0,0.0,45.0,55.5,0.2,0.0,0.07,120.0,97.67,399.82,0.88,0.0,0.0,9.75,16.7,1.8,59.39,83.84,29.34,47.78
2018-01-16 03:26:00,2,1,55.97,85.0,55.0,55.09,66.32,55.97,0.0,0.0,0.0,45.0,55.66,0.2,0.0,0.07,120.0,66.56,399.82,0.88,0.0,0.0,9.75,16.68,2.51,48.27,83.77,56.71,46.6
2018-01-16 03:27:00,2,1,55.93,85.0,55.0,39.31,77.55,55.93,0.0,0.0,0.0,45.0,55.79,0.2,0.0,0.07,120.0,44.09,0.0,0.88,0.0,0.0,0.0,16.66,0.4,77.99,83.69,38.63,46.66
2018-01-16 03:28:00,2,1,55.64,85.0,55.0,36.55,95.73,55.64,0.0,0.0,0.0,45.0,55.77,0.2,0.0,0.07,120.0,72.84,0.0,0.88,0.0,0.0,0.0,16.64,0.05,83.39,83.61,21.67,47.13
2018-01-16 03:29:00,2,1,55.35,85.0,55.0,36.04,106.81,55.35,0.0,0.0,0.0,45.0,55.72,0.2,0.0,0.07,120.0,93.9,0.0,0.88,0.0,0.0,0.0,16.62,0.01,84.53,83.54,15.09,47.59
2018-01-16 03:30:00,2,1,55.1,85.0,55.0,35.86,112.76,55.1,0.0,0.0,0.0,45.0,55.67,0.2,0.0,0.07,120.0,105.6,0.0,0.88,0.0,0.0,0.0,16.6,0.0,85.05,83.47,12.57,48.01
2018-01-16 03:31:00,2,1,54.88,85.0,55.0,35.73,115.85,54.88,0.0,0.0,0.0,45.0,55.62,0.2,0.0,0.07,120.0,111.74,0.0,0.88,0.0,0.0,0.0,16.58,0.0,85.44,83.4,11.47,48.38
2018-01-16 03:32:00,2,1,54.68,85.0,55.0,35.62,117.45,54.68,0.0,0.0,0.0,45.0,55.57,0.2,0.0,0.07,120.0,114.92,0.0,0.88,0.0,0.0,0.0,16.56,0.0,85.77,83.33,10.95,48.71
2018-01-16 03:33:00,2,1,55.66,85.0,55.0,53.01,76.01,55.66,0.0,0.0,0.0,45.0,55.51,0.2,0.0,0.07,120.0,80.12,399.82,0.88,0.0,0.0,9.75,16.54,2.27,52.17,83.26,44.27,47.06
2018-01-16 03:34:00,2,1,56.05,85.0,55.0,47.86,65.68,56.05,0.0,0.0,0.0,45.0,55.76,0.2,0.0,0.07,120.0,44.72,0.0,0.88,0.0,0.0,0.0,16.51,1.54,61.75,83.19,56.33,46.43
2018-01-16 03:35:00,2,1,55.84,85.0,55.0,37.73,84.18,55.84,0.0,0.0,0.0,45.0,55.81,0.2,0.0,0.07,120.0,53.13,0.0,0.88,0.0,0.0,0.0,16.49,0.21,80.86,83.13,31.42,46.75
2018-01-16 03:36:00,2,1,55.54,85.0,55.0,36.22,100.13,55.54,0.0,0.0,0.0,45.0,55.77,0.2,0.0,0.07,120.0,81.03,0.0,0.88,0.0,0.0,0.0,16.47,0.03,83.91,83.06,18.79,47.23
2018-01-16 03:37:00,2,1,55.27,85.0,55.0,35.89,109.21,55.27,0.0,0.0,0.0,45.0,55.72,0.2,0.0,0.07,120.0,98.6,0.0,0.88,0.0,0.0,0.0,16.45,0.0,84.72,83.0,13.99,47.68
2018-01-16 03:38:00,2,1,55.02,85.0,55.0,35.73,114.01,55.02,0.0,0.0,0.0,45.0,55.67,0.2,0.0,0.07,120.0,108.09,0.0,0.88,0.0,0.0,0.0,16.43,0.0,85.18,82.94,12.11,48.08
2018-01-16 03:39:00,2,1,54.81,85.0,55.0,35.61,116.5,54.81,0.0,0.0,0.0,45.0,55.62,0.2,0.0,0.07,120.0,113.03,0.0,0.88,0.0,0.0,0.0,16.41,0.0,85.56,82.88,11.26,48.44
2018-01-16 03:40:00,2,1,54.96,85.0,55.0,45.09,101.73,54.96,0.0,0.0,0.0,45.0,55.54,0.2,0.0,0.07,120.0,109.46,399.82,0.88,0.0,0.0,9.75,16.39,1.27,67.3,82.82,19.79,48.18
2018-01-16 03:41:00,2,1,55.87,85.0,55.0,54.46,69.39,55.87,0.0,0.0,0.0,45.0,55.59,0.2,0.0,0.07,120.0,70.98,399.82,0.88,0.0,0.0,9.75,16.37,2.44,49.35,82.76,52.54,46.67
2018-01-16 03:42:00,2,1,56.01,85.0,55.0,42.15,70.66,56.01,0.0,0.0,0.0,45.0,55.8,0.2,0.0,0.07,120.0,38.63,0.0,0.88,0.0,0.0,0.0,16.35,0.79,72.37,82.71,47.85,46.43
2018-01-16 03:43:00,2,1,55.74,85.0,55.0,36.84,90.36,55.74,0.0,0.0,0.0,45.0,55.8,0.2,0.0,0.07,120.0,63.26,0.0,0.88,0.0,0.0,0.0,16.33,0.11,82.48,82.65,25.82,46.85
2018-01-16 03:44:00,2,1,55.44,85.0,55.0,35.98,103.8,55.44,0.0,0.0,0.0,45.0,55.76,0.2,0.0,0.07,120.0,88.05,0.0,0.88,0.0,0.0,0.0,16.31,0.01,84.29,82.6,16.65,47.33
2018-01-16 03:45:00,2,1,55.18,85.0,55.0,35.75,111.17,55.18,0.0,0.0,0.0,45.0,55.71,0.2,0.0,0.07,120.0,102.46,0.0,0.88,0.0,0.0,0.0,16.28,0.0,84.93,82.55,13.19,47.77
2018-01-16 03:46:00,2,1,54.95,85.0,55.0,35.61,115.03,54.95,0.0,0.0,0.0,45.0,55.65,0.2,0.0,0.07,120.0,110.11,0.0,0.88,0.0,0.0,0.0,16.26,0.0,85.36,82.5,11.75,48.15
2018-01-16 03:47:00,2,1,54.74,85.0,55.0,35.49,117.03,54.74,0.0,0.0,0.0,45.0,55.6,0.2,0.0,0.07,120.0,114.08,0.0,0.88,0.0,0.0,0.0,16.24,0.0,85.72,82.45,11.09,48.5
2018-01-16 03:48:00,2,1,55.35,85.0,55.0,50.22,86.68,55.35,0.0,0.0,0.0,45.0,55.5,0.2,0.0,0.07,120.0,93.7,399.82,0.88,0.0,0.0,9.75,16.22,1.93,57.36,82.41,32.67,47.47
2018-01-16 03:49:00,2,1,55.99,85.0,55.0,55.22,65.55,55.99,0.0,0.0,0.0,45.0,55.68,0.2,0.0,0.07,120.0,65.43,399.82,0.88,0.0,0.0,9.75,16.2,2.53,47.84,82.36,57.79,46.41
2018-01-16 03:50:00,2,1,55.93,85.0,55.0,39.13,77.39,55.93,0.0,0.0,0.0,45.0,55.81,0.2,0.0,0.07,120.0,43.81,0.0,0.88,0.0,0.0,0.0,16.18,0.41,77.97,82.32,38.86,46.5
2018-01-16 03:51:00,2,1,55.64,85.0,55.0,36.32,95.67,55.64,0.0,0.0,0.0,45.0,55.78,0.2,0.0,0.07,120.0,72.73,0.0,0.88,0.0,0.0,0.0,16.16,0.05,83.45,82.28,21.72,46.97
2018-01-16 03:52:00,2,1,55.35,85.0,55.0,35.8,106.79,55.35,0.0,0.0,0.0,45.0,55.74,0.2,0.0,0.07,120.0,93.85,0.0,0.88,0.0,0.0,0.0,16.14,0.01,84.62,82.24,15.1,47.43
2018-01-16 03:53:00,2,1,55.1,85.0,55.0,35.62,112.75,55.1,0.0,0.0,0.0,45.0,55.68,0.2,0.0,0.07,120.0,105.58,0.0,0.88,0.0,0.0,0.0,16.12,0.0,85.16,82.21,12.58,47.85
2018-01-16 03:54:00,2,1,54.87,85.0,55.0,35.49,115.85,54.87,0.0,0.0,0.0,45.0,55.63,0.2,0.0,0.07,120.0,111.73,0.0,0.88,0.0,0.0,0.0,16.1,0.0,85.57,82.18,11.47,48.22
2018-01-16 03:55:00,2,1,54.68,85.0,55.0,35.38,117.45,54.68,0.0,0.0,0.0,45.0,55.58,0.2,0.0,0.07,120.0,114.92,0.0,0.88,0.0,0.0,0.0,16.08,0.0,85.93,82.14,10.95,48.55
2018-01-16 03:56:00,2,1,55.66,85.0,55.0,52.97,76.01,55.66,0.0,0.0,0.0,45.0,55.52,0.2,0.0,0.07,120.0,80.13,399.82,0.88,0.0,0.0,9.75,16.06,2.27,52.06,82.11,44.27,46.91
2018-01-16 03:57:00,2,1,56.04,85.0,55.0,47.76,65.68,56.04,0.0,0.0,0.0,45.0,55.76,0.2,0.0,0.07,120.0,44.72,0.0,0.88,0.0,0.0,0.0,16.04,1.54,61.72,82.09,56.34,46.28
2018-01-16 03:58:00,2,1,55.83,85.0,55.0,37.51,84.18,55.83,0.0,0.0,0.0,45.0,55.8,0.2,0.0,0.07,120.0,53.13,0.0,0.88,0.0,0.0,0.0,16.03,0.21,81.01,82.06,31.42,46.59
2018-01-16 03:59:00,2,1,55.53,85.0,55.0,35.98,100.13,55.53,0.0,0.0,0.0,45.0,55.76,0.2,0.0,0.07,120.0,81.03,0.0,0.88,0.0,0.0,0.0,16.01,0.03,84.1,82.04,18.79,47.08
2018-01-16 04:00:00,2,1,55.26,85.0,55.0,35.65,109.21,55.26,0.0,0.0,0.0,45.0,55.71,0.2,0.0,0.07,120.0,98.6,0.0,0.88,0.0,0.0,0.0,15.99,0.0,84.93,82.01,13.99,47.53
2018-01-16 04:01:00,2,1,55.01,85.0,55.0,35.5,114.01,55.01,0.0,0.0,0.0,45.0,55.66,0.2,0.0,0.07,120.0,108.09,0.0,0.88,0.0,0.0,0.0,15.98,0.0,85.42,82.03,12.11,47.93
2018-01-16 04:02:00,2,1,54.8,85.0,55.0,35.39,116.5,54.8,0.0,0.0,0.0,45.0,55.61,0.2,0.0,0.07,120.0,113.03,0.0,0.88,0.0,0.0,0.0,15.98,0.0,85.81,82.06,11.26,48.29
2018-01-16 04:03:00,2,1,55.06,85.0,55.0,46.6,97.59,55.06,0.0,0.0,0.0,45.0,55.52,0.2,0.0,0.07,120.0,105.62,399.82,0.88,0.0,0.0,9.75,15.97,1.48,64.21,82.1,22.88,47.84
2018-01-16 04:04:00,2,1,55.91,85.0,55.0,54.69,68.2,55.91,0.0,0.0,0.0,45.0,55.61,0.2,0.0,0.07,120.0,69.28,399.82,0.88,0.0,0.0,9.75,15.97,2.47,48.75,82.14,54.12,46.44
2018-01-16 04:05:00,2,1,55.99,85.0,55.0,41.08,72.27,55.99,0.0,0.0,0.0,45.0,55.8,0.2,0.0,0.07,120.0,39.24,0.0,0.88,0.0,0.0,0.0,15.97,0.67,74.25,82.18,45.5,46.29
2018-01-16 04:06:00,2,1,55.71,85.0,55.0,36.53,91.77,55.71,0.0,0.0,0.0,45.0,55.79,0.2,0.0,0.07,120.0,65.72,0.0,0.88,0.0,0.0,0.0,15.96,0.09,83.0,82.22,24.66,46.73
2018-01-16 04:07:00,2,1,55.42,85.0,55.0,35.78,104.6,55.42,0.0,0.0,0.0,45.0,55.75,0.2,0.0,0.07,120.0,89.6,0.0,0.88,0.0,0.0,0.0,15.96,0.01,84.63,82.27,16.21,47.21
2018-01-16 04:08:00,2,1,55.15,85.0,55.0,35.57,111.6,55.15,0.0,0.0,0.0,45.0,55.7,0.2,0.0,0.07,120.0,103.3,0.0,0.88,0.0,0.0,0.0,15.96,0.0,85.25,82.32,13.02,47.64
2018-01-16 04:09:00,2,1,54.92,85.0,55.0,35.44,115.25,54.92,0.0,0.0,0.0,45.0,55.65,0.2,0.0,0.07,120.0,110.55,0.0,0.88,0.0,0.0,0.0,15.96,0.0,85.69,82.36,11.67,48.02
2018-01-16 04:10:00,2,1,54.72,85.0,55.0,35.34,117.14,54.72,0.0,0.0,0.0,45.0,55.59,0.2,0.0,0.07,120.0,114.31,0.0,0.88,0.0,0.0,0.0,15.96,0.0,86.07,82.42,11.05,48.36
2018-01-16 04:11:00,2,1,55.53,85.0,55.0,51.8,80.75,55.53,0.0,0.0,0.0,45.0,55.5,0.2,0.0,0.07,120.0,86.32,399.82,0.88,0.0,0.0,9.75,15.96,2.12,54.22,82.47,38.87,47.01
2018-01-16 04:12:00,2,1,56.04,85.0,55.0,52.39,64.88,56.04,0.0,0.0,0.0,45.0,55.73,0.2,0.0,0.07,120.0,56.12,2.7,0.88,0.0,0.0,0.0,15.96,2.15,53.01,82.52,58.35,46.17
2018-01-16 04:13:00,2,1,55.89,85.0,55.0,38.14,80.84,55.89,0.0,0.0,0.0,45.0,55.81,0.2,0.0,0.07,120.0,48.22,0.0,0.88,0.0,0.0,0.0,15.96,0.29,79.93,82.58,34.89,46.4
2018-01-16 04:14:00,2,1,55.59,85.0,55.0,36.07,98.01,55.59,0.0,0.0,0.0,45.0,55.78,0.2,0.0,0.07,120.0,77.04,0.0,0.88,0.0,0.0,0.0,15.96,0.04,84.07,82.64,20.15,46.88
2018-01-16 04:15:00,2,1,55.3,85.0,55.0,35.67,108.07,55.3,0.0,0.0,0.0,45.0,55.73,0.2,0.0,0.07,120.0,96.35,0.0,0.88,0.0,0.0,0.0,15.96,0.01,85.06,82.69,14.5,47.34
2018-01-16 04:16:00,2,1,55.06,85.0,55.0,35.51,113.41,55.06,0.0,0.0,0.0,45.0,55.68,0.2,0.0,0.07,120.0,106.9,0.0,0.88,0.0,0.0,0.0,15.96,0.0,85.57,82.75,12.33,47.75
2018-01-16 04:17:00,2,1,54.84,85.0,55.0,35.4,116.19,54.84,0.0,0.0,0.0,45.0,55.63,0.2,0.0,0.07,120.0,112.42,0.0,0.88,0.0,0.0,0.0,15.96,0.0,85.98,82.82,11.36,48.11
2018-01-16 04:18:00,2,1,54.77,85.0,55.0,40.87,109.93,54.77,0.0,0.0,0.0,45.0,55.57,0.2,0.0,0.07,120.0,114.78,399.8,0.88,0.0,0.0,9.75,15.96,0.74,75.41,82.88,14.62,48.22
2018-01-16 04:19:00,2,1,55.77,85.0,55.0,53.81,72.27,55.77,0.0,0.0,0.0,45.0,55.55,0.2,0.0,0.07,120.0,75.02,399.82,0.88,0.0,0.0,9.75,15.96,2.37,50.33,82.94,48.83,46.56
2018-01-16 04:20:00,2,1,56.03,85.0,55.0,44.4,67.78,56.03,0.0,0.0,0.0,45.0,55.78,0.2,0.0,0.07,120.0,39.58,0.0,0.88,0.0,0.0,0.0,15.96,1.1,68.09,83.01,52.41,46.13
2018-01-16 04:21:00,2,1,55.78,85.0,55.0,37.01,87.37,55.78,0.0,0.0,0.0,45.0,55.8,0.2,0.0,0.07,120.0,58.21,0.0,0.88,0.0,0.0,0.0,15.96,0.15,82.28,83.07,28.43,46.51
2018-01-16 04:22:00,2,1,55.48,85.0,55.0,35.87,102.05,55.48,0.0,0.0,0.0,45.0,55.75,0.2,0.0,0.07,120.0,84.69,0.0,0.88,0.0,0.0,0.0,15.96,0.02,84.67,83.14,17.64,46.99
2018-01-16 04:23:00,2,1,55.21,85.0,55.0,35.61,110.24,55.21,0.0,0.0,0.0,45.0,55.7,0.2,0.0,0.07,120.0,100.63,0.0,0.88,0.0,0.0,0.0,15.96,0.0,85.41,83.21,13.56,47.44
2018-01-16 04:24:00,2,1,54.97,85.0,55.0,35.47,114.55,54.97,0.0,0.0,0.0,45.0,55.65,0.2,0.0,0.07,120.0,109.15,0.0,0.88,0.0,0.0,0.0,15.96,0.0,85.88,83.28,11.92,47.83
2018-01-16 04:25:00,2,1,54.76,85.0,55.0,35.36,116.78,54.76,0.0,0.0,0.0,45.0,55.6,0.2,0.0,0.07,120.0,113.58,0.0,0.88,0.0,0.0,0.0,15.96,0.0,86.27,83.35,11.17,48.18
2018-01-16 04:26:00,2,1,55.26,85.0,55.0,49.17,90.02,55.26,0.0,0.0,0.0,45.0,55.5,0.2,0.0,0.07,120.0,97.59,399.82,0.88,0.0,0.0,9.75,15.96,1.8,59.29,83.42,29.37,47.34
2018-01-16 04:27:00,2,1,55.97,85.0,55.0,55.07,66.3,55.97,0.0,0.0,0.0,45.0,55.65,0.2,0.0,0.07,120.0,66.54,399.82,0.88,0.0,0.0,9.75,15.96,2.51,47.89,83.49,56.73,46.18
2018-01-16 04:28:00,2,1,55.95,85.0,55.0,39.61,75.65,55.95,0.0,0.0,0.0,45.0,55.81,0.2,0.0,0.07,120.0,41.93,0.0,0.88,0.0,0.0,0.0,15.97,0.48,77.34,83.57,40.98,46.19
2018-01-16 04:29:00,2,1,55.66,85.0,55.0,36.31,94.43,55.66,0.0,0.0,0.0,45.0,55.79,0.2,0.0,0.07,120.0,70.46,0.0,0.88,0.0,0.0,0.0,15.97,0.06,83.86,83.64,22.62,46.65
2018-01-16 04:30:00,2,1,55.37,85.0,55.0,35.74,106.1,55.37,0.0,0.0,0.0,45.0,55.74,0.2,0.0,0.07,120.0,92.5,0.0,0.88,0.0,0.0,0.0,15.97,0.01,85.2,83.71,15.44,47.12
2018-01-16 04:31:00,2,1,55.11,85.0,55.0,35.55,112.38,55.11,0.0,0.0,0.0,45.0,55.69,0.2,0.0,0.07,120.0,104.86,0.0,0.88,0.0,0.0,0.0,15.97,0.0,85.78,83.79,12.71,47.54
2018-01-16 04:32:00,2,1,54.89,85.0,55.0,35.43,115.66,54.89,0.0,0.0,0.0,45.0,55.64,0.2,0.0,0.07,120.0,111.36,0.0,0.88,0.0,0.0,0.0,15.97,0.0,86.21,83.86,11.54,47.92
2018-01-16 04:33:00,2,1,54.69,85.0,55.0,35.33,117.35,54.69,0.0,0.0,0.0,45.0,55.58,0.2,0.0,0.07,120.0,114.72,0.0,0.88,0.0,0.0,0.0,15.97,0.0,86.58,83.94,10.98,48.25
2018-01-16 04:34:00,2,1,55.67,85.0,55.0,52.97,75.99,55.67,0.0,0.0,0.0,45.0,55.52,0.2,0.0,0.07,120.0,80.09,399.82,0.88,0.0,0.0,9.75,15.97,2.27,51.91,84.02,44.28,46.62
2018-01-16 04:35:00,2,1,56.05,85.0,55.0,47.75,65.68,56.05,0.0,0.0,0.0,45.0,55.76,0.2,0.0,0.07,120.0,44.72,0.0,0.88,0.0,0.0,0.0,15.98,1.54,61.83,84.09,56.33,46.0
2018-01-16 04:36:00,2,1,55.84,85.0,55.0,37.5,84.18,55.84,0.0,0.0,0.0,45.0,55.81,0.2,0.0,0.07,120.0,53.13,0.0,0.88,0.0,0.0,0.0,15.98,0.21,81.62,84.17,31.42,46.32
2018-01-16 04:37:00,2,1,55.54,85.0,55.0,35.97,100.13,55.54,0.0,0.0,0.0,45.0,55.77,0.2,0.0,0.07,120.0,81.03,0.0,0.88,0.0,0.0,0.0,15.98,0.03,84.78,84.25,18.79,46.8
2018-01-16 04:38:00,2,1,55.26,85.0,55.0,35.65,109.21,55.26,0.0,0.0,0.0,45.0,55.72,0.2,0.0,0.07,120.0,98.6,0.0,0.88,0.0,0.0,0.0,15.98,0.0,85.64,84.32,13.99,47.25
2018-01-16 04:39:00,2,1,55.02,85.0,55.0,35.5,114.01,55.02,0.0,0.0,0.0,45.0,55.67,0.2,0.0,0.07,120.0,108.09,0.0,0.88,0.0,0.0,0.0,15.98,0.0,86.13,84.4,12.11,47.65
2018-01-16 04:40:00,2,1,54.8,85.0,55.0,35.39,116.5,54.8,0.0,0.0,0.0,45.0,55.62,0.2,0.0,0.07,120.0,113.03,0.0,0.88,0.0,0.0,0.0,15.98,0.0,86.54,84.48,11.26,48.01
2018-01-16 04:41:00,2,1,54.95,85.0,55.0,44.98,101.73,54.95,0.0,0.0,0.0,45.0,55.54,0.2,0.0,0.07,120.0,109.46,399.82,0.88,0.0,0.0,9.75,15.98,1.27,67.61,84.56,19.79,47.75
2018-01-16 04:42:00,2,1,55.86,85.0,55.0,54.44,69.39,55.86,0.0,0.0,0.0,45.0,55.59,0.2,0.0,0.07,120.0,70.98,399.82,0.88,0.0,0.0,9.75,15.98,2.44,49.03,84.63,52.55,46.25
2018-01-16 04:43:00,2,1,56.0,85.0,55.0,42.02,70.66,56.0,0.0,0.0,0.0,45.0,55.79,0.2,0.0,0.07,120.0,38.63,0.0,0.88,0.0,0.0,0.0,15.98,0.79,72.95,84.71,47.86,46.01
2018-01-16 04:44:00,2,1,55.73,85.0,55.0,36.68,90.35,55.73,0.0,0.0,0.0,45.0,55.79,0.2,0.0,0.07,120.0,63.25,0.0,0.88,0.0,0.0,0.0,15.99,0.11,83.45,84.79,25.82,46.43
2018-01-16 04:45:00,2,1,55.44,85.0,55.0,35.82,103.8,55.44,0.0,0.0,0.0,45.0,55.75,0.2,0.0,0.07,120.0,88.04,0.0,0.88,0.0,0.0,0.0,15.99,0.01,85.34,84.86,16.65,46.91
2018-01-16 04:46:00,2,1,55.17,85.0,55.0,35.59,111.17,55.17,0.0,0.0,0.0,45.0,55.7,0.2,0.0,0.07,120.0,102.46,0.0,0.88,0.0,0.0,0.0,15.99,0.0,86.01,84.94,13.19,47.34
2018-01-16 04:47:00,2,1,54.94,85.0,55.0,35.47,115.03,54.94,0.0,0.0,0.0,45.0,55.65,0.2,0.0,0.07,120.0,110.11,0.0,0.88,0.0,0.0,0.0,15.99,0.0,86.47,85.02,11.75,47.73
2018-01-16 04:48:00,2,1,54.74,85.0,55.0,35.36,117.03,54.74,0.0,0.0,0.0,45.0,55.59,0.2,0.0,0.07,120.0,114.08,0.0,0.88,0.0,0.0,0.0,15.99,0.0,86.86,85.09,11.09,48.07
2018-01-16 04:49:00,2,1,55.45,85.0,55.0,51.06,83.54,55.45,0.0,0.0,0.0,45.0,55.5,0.2,0.0,0.07,120.0,89.85,399.82,0.88,0.0,0.0,9.75,15.99,2.04,55.63,85.17,35.86,46.88
2018-01-16 04:50:00,2,1,56.02,85.0,55.0,55.35,64.89,56.02,0.0,0.0,0.0,45.0,55.7,0.2,0.0,0.07,120.0,64.46,399.82,0.88,0.0,0.0,9.75,15.99,2.54,47.22,85.25,58.72,45.94
2018-01-16 04:51:00,2,1,55.91,85.0,55.0,38.57,79.12,55.91,0.0,0.0,0.0,45.0,55.81,0.2,0.0,0.07,120.0,45.93,0.0,0.88,0.0,0.0,0.0,15.99,0.34,79.82,85.32,36.82,46.1
2018-01-16 04:52:00,2,1,55.62,85.0,55.0,36.16,96.87,55.62,0.0,0.0,0.0,45.0,55.78,0.2,0.0,0.07,120.0,74.93,0.0,0.88,0.0,0.0,0.0,15.99,0.05,84.73,85.39,20.9,46.57
2018-01-16 04:53:00,2,1,55.33,85.0,55.0,35.71,107.44,55.33,0.0,0.0,0.0,45.0,55.73,0.2,0.0,0.07,120.0,95.13,0.0,0.88,0.0,0.0,0.0,15.99,0.01,85.85,85.47,14.79,47.03
2018-01-16 04:54:00,2,1,55.08,85.0,55.0,35.54,113.09,55.08,0.0,0.0,0.0,45.0,55.68,0.2,0.0,0.07,120.0,106.26,0.0,0.88,0.0,0.0,0.0,15.99,0.0,86.39,85.54,12.45,47.44
2018-01-16 04:55:00,2,1,54.86,85.0,55.0,35.42,116.02,54.86,0.0,0.0,0.0,45.0,55.63,0.2,0.0,0.07,120.0,112.08,0.0,0.88,0.0,0.0,0.0,15.99,0.0,86.81,85.61,11.41,47.81
2018-01-16 04:56:00,2,1,54.71,85.0,55.0,38.32,113.66,54.71,0.0,0.0,0.0,45.0,55.58,0.2,0.0,0.07,120.0,115.37,397.13,0.88,0.0,0.0,9.75,15.99,0.4,81.13,85.68,12.73,48.06
2018-01-16 04:57:00,2,1,55.72,85.0,55.0,53.43,74.03,55.72,0.0,0.0,0.0,45.0,55.53,0.2,0.0,0.07,120.0,77.44,399.82,0.88,0.0,0.0,9.75,15.99,2.32,50.95,85.75,46.65,46.38
2018-01-16 04:58:00,2,1,56.04,85.0,55.0,45.95,66.61,56.04,0.0,0.0,0.0,45.0,55.77,0.2,0.0,0.07,120.0,41.52,0.0,0.88,0.0,0.0,0.0,15.98,1.3,65.49,85.82,54.5,45.86
2018-01-16 04:59:00,2,1,55.82,85.0,55.0,37.24,85.8,55.82,0.0,0.0,0.0,45.0,55.81,0.2,0.0,0.07,120.0,55.66,0.0,0.88,0.0,0.0,0.0,15.98,0.18,82.63,85.89,29.87,46.21
2018-01-16 05:00:00,2,1,55.52,85.0,55.0,35.93,101.12,55.52,0.0,0.0,0.0,45.0,55.77,0.2,0.0,0.07,120.0,82.91,0.0,0.88,0.0,0.0,0.0,15.98,0.02,85.44,85.96,18.19,46.68
2018-01-16 05:01:00,2,1,55.24,85.0,55.0,35.63,109.74,55.24,0.0,0.0,0.0,45.0,55.71,0.2,0.0,0.07,120.0,99.64,0.0,0.88,0.0,0.0,0.0,15.97,0.0,86.25,86.02,13.77,47.13
2018-01-16 05:02:00,2,1,55.0,85.0,55.0,35.49,114.29,55.0,0.0,0.0,0.0,45.0,55.66,0.2,0.0,0.07,120.0,108.63,0.0,0.88,0.0,0.0,0.0,15.96,0.0,86.75,86.07,12.01,47.52
2018-01-16 05:03:00,2,1,54.79,85.0,55.0,35.37,116.64,54.79,0.0,0.0,0.0,45.0,55.61,0.2,0.0,0.07,120.0,113.32,0.0,0.88,0.0,0.0,0.0,15.95,0.0,87.17,86.13,11.21,47.87
2018-01-16 05:04:00,2,1,55.06,85.0,55.0,46.59,97.65,55.06,0.0,0.0,0.0,45.0,55.52,0.2,0.0,0.07,120.0,105.73,399.82,0.88,0.0,0.0,9.75,15.93,1.48,64.58,86.18,22.85,47.42
2018-01-16 05:05:00,2,1,55.91,85.0,55.0,54.68,68.21,55.91,0.0,0.0,0.0,45.0,55.61,0.2,0.0,0.07,120.0,69.3,399.82,0.88,0.0,0.0,9.75,15.92,2.47,48.45,86.23,54.11,46.03
2018-01-16 05:06:00,2,1,56.0,85.0,55.0,41.06,72.27,56.0,0.0,0.0,0.0,45.0,55.8,0.2,0.0,0.07,120.0,39.24,0.0,0.88,0.0,0.0,0.0,15.91,0.67,75.18,86.28,45.5,45.88
2018-01-16 05:07:00,2,1,55.72,85.0,55.0,36.5,91.77,55.72,0.0,0.0,0.0,45.0,55.8,0.2,0.0,0.07,120.0,65.72,0.0,0.88,0.0,0.0,0.0,15.89,0.09,84.35,86.33,24.66,46.31
2018-01-16 05:08:00,2,1,55.43,85.0,55.0,35.75,104.6,55.43,0.0,0.0,0.0,45.0,55.75,0.2,0.0,0.07,120.0,89.6,0.0,0.88,0.0,0.0,0.0,15.88,0.01,86.06,86.37,16.21,46.78
2018-01-16 05:09:00,2,1,55.17,85.0,55.0,35.53,111.6,55.17,0.0,0.0,0.0,45.0,55.7,0.2,0.0,0.07,120.0,103.3,0.0,0.88,0.0,0.0,0.0,15.86,0.0,86.71,86.42,13.02,47.2
2018-01-16 05:10:00,2,1,54.94,85.0,55.0,35.4,115.25,54.94,0.0,0.0,0.0,45.0,55.65,0.2,0.0,0.07,120.0,110.55,0.0,0.88,0.0,0.0,0.0,15.85,0.0,87.18,86.46,11.67,47.58
2018-01-16 05:11:00,2,1,54.74,85.0,55.0,35.29,117.14,54.74,0.0,0.0,0.0,45.0,55.59,0.2,0.0,0.07,120.0,114.31,0.0,0.88,0.0,0.0,0.0,15.84,0.0,87.57,86.5,11.05,47.91
2018-01-16 05:12:00,2,1,55.35,85.0,55.0,50.17,86.71,55.35,0.0,0.0,0.0,45.0,55.49,0.2,0.0,0.07,120.0,93.77,399.82,0.88,0.0,0.0,9.75,15.82,1.93,57.43,86.55,32.65,46.89
2018-01-16 05:13:00,2,1,55.99,85.0,55.0,55.22,65.55,55.99,0.0,0.0,0.0,45.0,55.67,0.2,0.0,0.07,120.0,65.44,399.82,0.88,0.0,0.0,9.75,15.81,2.53,47.36,86.58,57.79,45.83
2018-01-16 05:14:00,2,1,55.93,85.0,55.0,38.97,77.38,55.93,0.0,0.0,0.0,45.0,55.81,0.2,0.0,0.07,120.0,43.81,0.0,0.88,0.0,0.0,0.0,15.79,0.41,79.45,86.62,38.86,45.92
2018-01-16 05:15:00,2,1,55.64,85.0,55.0,36.13,95.67,55.64,0.0,0.0,0.0,45.0,55.78,0.2,0.0,0.07,120.0,72.73,0.0,0.88,0.0,0.0,0.0,15.78,0.05,85.28,86.66,21.72,46.37
2018-01-16 05:16:00,2,1,55.36,85.0,55.0,35.62,106.79,55.36,0.0,0.0,0.0,45.0,55.73,0.2,0.0,0.07,120.0,93.85,0.0,0.88,0.0,0.0,0.0,15.76,0.01,86.53,86.69,15.1,46.83
2018-01-16 05:17:00,2,1,55.11,85.0,55.0,35.43,112.75,55.11,0.0,0.0,0.0,45.0,55.68,0.2,0.0,0.07,120.0,105.57,0.0,0.88,0.0,0.0,0.0,15.75,0.0,87.1,86.73,12.58,47.24
2018-01-16 05:18:00,2,1,54.89,85.0,55.0,35.31,115.85,54.89,0.0,0.0,0.0,45.0,55.63,0.2,0.0,0.07,120.0,111.73,0.0,0.88,0.0,0.0,0.0,15.73,0.0,87.54,86.76,11.47,47.6
2018-01-16 05:19:00,2,1,54.7,85.0,55.0,35.21,117.45,54.7,0.0,0.0,0.0,45.0,55.58,0.2,0.0,0.07,120.0,114.92,0.0,0.88,0.0,0.0,0.0,15.71,0.0,87.92,86.79,10.95,47.92
2018-01-16 05:20:00,2,1,55.6,85.0,55.0,52.41,78.28,55.6,0.0,0.0,0.0,45.0,55.5,0.2,0.0,0.07,120.0,83.15,399.82,0.88,0.0,0.0,9.75,15.7,2.2,52.91,86.81,41.65,46.42
2018-01-16 05:21:00,2,1,56.05,85.0,55.0,49.83,65.08,56.05,0.0,0.0,0.0,45.0,55.74,0.2,0.0,0.07,120.0,49.48,0.02,0.88,0.0,0.0,0.0,15.68,1.82,57.95,86.84,57.67,45.69
2018-01-16 05:22:00,2,1,55.87,85.0,55.0,37.66,82.53,55.87,0.0,0.0,0.0,45.0,55.81,0.2,0.0,0.07,120.0,50.64,0.0,0.88,0.0,0.0,0.0,15.67,0.25,82.19,86.86,33.09,45.95
2018-01-16 05:23:00,2,1,55.58,85.0,55.0,35.87,99.09,55.58,0.0,0.0,0.0,45.0,55.77,0.2,0.0,0.07,120.0,79.08,0.0,0.88,0.0,0.0,0.0,15.65,0.03,85.97,86.89,19.44,46.42
2018-01-16 05:24:00,2,1,55.3,85.0,55.0,35.5,108.65,55.3,0.0,0.0,0.0,45.0,55.72,0.2,0.0,0.07,120.0,97.5,0.0,0.88,0.0,0.0,0.0,15.63,0.0,86.92,86.91,14.24,46.86
2018-01-16 05:25:00,2,1,55.06,85.0,55.0,35.34,113.72,55.06,0.0,0.0,0.0,45.0,55.67,0.2,0.0,0.07,120.0,107.51,0.0,0.88,0.0,0.0,0.0,15.62,0.0,87.44,86.92,12.21,47.25
2018-01-16 05:26:00,2,1,54.85,85.0,55.0,35.23,116.35,54.85,0.0,0.0,0.0,45.0,55.62,0.2,0.0,0.07,120.0,112.73,0.0,0.88,0.0,0.0,0.0,15.6,0.0,87.86,86.94,11.31,47.6
2018-01-16 05:27:00,2,1,54.71,85.0,55.0,38.15,113.82,54.71,0.0,0.0,0.0,45.0,55.57,0.2,0.0,0.07,120.0,115.69,397.13,0.88,0.0,0.0,9.75,15.59,0.4,81.97,86.95,12.68,47.83
2018-01-16 05:28:00,2,1,55.72,85.0,55.0,53.41,74.06,55.72,0.0,0.0,0.0,45.0,55.53,0.2,0.0,0.07,120.0,77.5,399.82,0.88,0.0,0.0,9.75,15.57,2.32,50.87,86.97,46.63,46.15
2018-01-16 05:29:00,2,1,56.05,85.0,55.0,45.84,66.62,56.05,0.0,0.0,0.0,45.0,55.77,0.2,0.0,0.07,120.0,41.53,0.0,0.88,0.0,0.0,0.0,15.55,1.3,65.87,86.98,54.5,45.63
2018-01-16 05:30:00,2,1,55.83,85.0,55.0,37.04,85.8,55.83,0.0,0.0,0.0,45.0,55.8,0.2,0.0,0.07,120.0,55.67,0.0,0.88,0.0,0.0,0.0,15.54,0.18,83.52,86.98,29.87,45.96
2018-01-16 05:31:00,2,1,55.53,85.0,55.0,35.71,101.12,55.53,0.0,0.0,0.0,45.0,55.76,0.2,0.0,0.07,120.0,82.9,0.0,0.88,0.0,0.0,0.0,15.52,0.02,86.39,86.99,18.19,46.42
2018-01-16 05:32:00,2,1,55.26,85.0,55.0,35.41,109.74,55.26,0.0,0.0,0.0,45.0,55.71,0.2,0.0,0.07,120.0,99.64,0.0,0.88,0.0,0.0,0.0,15.5,0.0,87.2,86.99,13.77,46.85
2018-01-16 05:33:00,2,1,55.03,85.0,55.0,35.26,114.29,55.03,0.0,0.0,0.0,45.0,55.66,0.2,0.0,0.07,120.0,108.63,0.0,0.88,0.0,0.0,0.0,15.49,0.0,87.69,86.99,12.01,47.24
2018-01-16 05:34:00,2,1,54.82,85.0,55.0,35.15,116.64,54.82,0.0,0.0,0.0,45.0,55.61,0.2,0.0,0.07,120.0,113.32,0.0,0.88,0.0,0.0,0.0,15.47,0.0,88.09,86.99,11.21,47.57
2018-01-16 05:35:00,2,1,54.77,85.0,55.0,40.69,110.14,54.77,0.0,0.0,0.0,45.0,55.55,0.2,0.0,0.07,120.0,115.2,399.8,0.88,0.0,0.0,9.75,15.46,0.74,76.75,86.99,14.54,47.66
2018-01-16 05:36:00,2,1,55.77,85.0,55.0,53.79,72.31,55.77,0.0,0.0,0.0,45.0,55.54,0.2,0.0,0.07,120.0,75.1,399.82,0.88,0.0,0.0,9.75,15.44,2.37,50.04,86.98,48.8,46.0
2018-01-16 05:37:00,2,1,56.04,85.0,55.0,44.26,67.79,56.04,0.0,0.0,0.0,45.0,55.78,0.2,0.0,0.07,120.0,39.6,0.0,0.88,0.0,0.0,0.0,15.42,1.1,69.0,86.97,52.41,45.57
2018-01-16 05:38:00,2,1,55.8,85.0,55.0,36.76,87.37,55.8,0.0,0.0,0.0,45.0,55.8,0.2,0.0,0.07,120.0,58.21,0.0,0.88,0.0,0.0,0.0,15.41,0.15,84.11,86.96,28.42,45.93
2018-01-16 05:39:00,2,1,55.51,85.0,55.0,35.61,102.05,55.51,0.0,0.0,0.0,45.0,55.76,0.2,0.0,0.07,120.0,84.69,0.0,0.88,0.0,0.0,0.0,15.39,0.02,86.62,86.95,17.64,46.39
2018-01-16 05:40:00,2,1,55.25,85.0,55.0,35.33,110.24,55.25,0.0,0.0,0.0,45.0,55.7,0.2,0.0,0.07,120.0,100.63,0.0,0.88,0.0,0.0,0.0,15.38,0.0,87.37,86.93,13.56,46.81
2018-01-16 05:41:00,2,1,55.02,85.0,55.0,35.19,114.55,55.02,0.0,0.0,0.0,45.0,55.65,0.2,0.0,0.07,120.0,109.15,0.0,0.88,0.0,0.0,0.0,15.36,0.0,87.84,86.91,11.92,47.19
2018-01-16 05:42:00,2,1,54.81,85.0,55.0,35.08,116.78,54.81,0.0,0.0,0.0,45.0,55.6,0.2,0.0,0.07,120.0,113.58,0.0,0.88,0.0,0.0,0.0,15.34,0.0,88.22,86.89,11.17,47.52
2018-01-16 05:43:00,2,1,54.86,85.0,55.0,42.89,106.06,54.86,0.0,0.0,0.0,45.0,55.53,0.2,0.0,0.07,120.0,112.99,399.82,0.88,0.0,0.0,9.75,15.33,1.03,72.19,86.87,16.93,47.43
2018-01-16 05:44:00,2,1,55.83,85.0,55.0,54.13,70.76,55.83,0.0,0.0,0.0,45.0,55.56,0.2,0.0,0.07,120.0,72.94,399.82,0.88,0.0,0.0,9.75,15.31,2.4,49.3,86.84,50.77,45.85
2018-01-16 05:45:00,2,1,56.01,85.0,55.0,41.74,70.93,56.01,0.0,0.0,0.0,45.0,55.78,0.2,0.0,0.07,120.0,39.06,0.0,0.88,0.0,0.0,0.0,15.3,0.79,73.97,86.81,47.47,45.55
2018-01-16 05:46:00,2,1,55.75,85.0,55.0,36.34,90.43,55.75,0.0,0.0,0.0,45.0,55.78,0.2,0.0,0.07,120.0,63.39,0.0,0.88,0.0,0.0,0.0,15.28,0.11,84.92,86.78,25.74,45.94
2018-01-16 05:47:00,2,1,55.47,85.0,55.0,35.48,103.83,55.47,0.0,0.0,0.0,45.0,55.73,0.2,0.0,0.07,120.0,88.1,0.0,0.88,0.0,0.0,0.0,15.27,0.01,86.85,86.75,16.63,46.39
2018-01-16 05:48:00,2,1,55.21,85.0,55.0,35.25,111.18,55.21,0.0,0.0,0.0,45.0,55.68,0.2,0.0,0.07,120.0,102.49,0.0,0.88,0.0,0.0,0.0,15.25,0.0,87.5,86.71,13.18,46.81
2018-01-16 05:49:00,2,1,54.99,85.0,55.0,35.11,115.04,54.99,0.0,0.0,0.0,45.0,55.63,0.2,0.0,0.07,120.0,110.12,0.0,0.88,0.0,0.0,0.0,15.24,0.0,87.94,86.67,11.75,47.17
2018-01-16 05:50:00,2,1,54.79,85.0,55.0,35.01,117.03,54.79,0.0,0.0,0.0,45.0,55.57,0.2,0.0,0.07,120.0,114.09,0.0,0.88,0.0,0.0,0.0,15.22,0.0,88.3,86.63,11.09,47.49
2018-01-16 05:51:00,2,1,54.95,85.0,55.0,44.78,101.94,54.95,0.0,0.0,0.0,45.0,55.49,0.2,0.0,0.07,120.0,109.89,399.82,0.88,0.0,0.0,9.75,15.21,1.27,68.24,86.58,19.7,47.22
2018-01-16 05:52:00,2,1,55.87,85.0,55.0,54.42,69.42,55.87,0.0,0.0,0.0,45.0,55.57,0.2,0.0,0.07,120.0,71.04,399.82,0.88,0.0,0.0,9.75,15.19,2.44,48.66,86.53,52.54,45.72
2018-01-16 05:53:00,2,1,55.99,85.0,55.0,40.76,72.5,55.99,0.0,0.0,0.0,45.0,55.77,0.2,0.0,0.07,120.0,39.61,0.0,0.88,0.0,0.0,0.0,15.18,0.67,75.84,86.48,45.18,45.51
2018-01-16 05:54:00,2,1,55.73,85.0,55.0,36.15,91.83,55.73,0.0,0.0,0.0,45.0,55.77,0.2,0.0,0.07,120.0,65.84,0.0,0.88,0.0,0.0,0.0,15.17,0.09,85.2,86.42,24.6,45.92
2018-01-16 05:55:00,2,1,55.45,85.0,55.0,35.39,104.63,55.45,0.0,0.0,0.0,45.0,55.72,0.2,0.0,0.07,120.0,89.66,0.0,0.88,0.0,0.0,0.0,15.15,0.01,86.9,86.36,16.2,46.37
2018-01-16 05:56:00,2,1,55.2,85.0,55.0,35.18,111.61,55.2,0.0,0.0,0.0,45.0,55.67,0.2,0.0,0.07,120.0,103.33,0.0,0.88,0.0,0.0,0.0,15.14,0.0,87.5,86.3,13.01,46.77
2018-01-16 05:57:00,2,1,54.98,85.0,55.0,35.05,115.26,54.98,0.0,0.0,0.0,45.0,55.62,0.2,0.0,0.07,120.0,110.56,0.0,0.88,0.0,0.0,0.0,15.12,0.0,87.91,86.24,11.67,47.13
2018-01-16 05:58:00,2,1,54.78,85.0,55.0,34.95,117.14,54.78,0.0,0.0,0.0,45.0,55.56,0.2,0.0,0.07,120.0,114.31,0.0,0.88,0.0,0.0,0.0,15.11,0.0,88.26,86.17,11.05,47.45
2018-01-16 05:59:00,2,1,54.95,85.0,55.0,44.75,101.99,54.95,0.0,0.0,0.0,45.0,55.48,0.2,0.0,0.07,120.0,109.99,399.82,0.88,0.0,0.0,9.75,15.1,1.27,68.18,86.1,19.68,47.17
2018-01-16 06:00:00,2,1,55.87,85.0,55.0,54.41,69.42,55.87,0.0,0.0,0.0,45.0,55.56,0.2,0.0,0.07,120.0,71.06,399.82,0.88,0.0,0.0,9.75,15.09,2.44,48.62,86.02,52.54,45.67
2018-01-16 06:01:00,1,1,56.13,72.0,68.0,53.85,62.1,56.13,0.0,0.0,0.0,45.0,55.62,0.2,0.15,0.07,120.0,60.48,397.93,41.96,0.3,0.3,9.75,15.08,2.6,48.64,85.91,63.01,45.21
2018-01-16 06:02:00,1,1,56.14,72.0,68.0,52.1,59.53,56.14,0.0,0.0,0.0,45.0,53.8,0.2,0.17,0.07,120.0,57.45,397.93,41.96,0.3,0.3,9.75,15.08,2.62,50.96,85.77,68.56,44.97
2018-01-16 06:03:00,1,1,56.02,72.0,68.0,51.75,58.16,56.02,0.0,0.0,0.0,45.0,52.58,0.2,0.2,0.07,120.0,55.81,397.93,41.96,0.3,0.3,9.75,15.08,2.63,51.25,85.63,71.73,44.89
2018-01-16 06:04:00,1,1,55.85,72.0,68.0,51.56,57.51,55.85,0.0,0.0,0.0,45.0,51.99,0.2,0.22,0.07,120.0,55.02,397.93,41.96,0.3,0.3,9.75,15.07,2.63,51.32,85.48,73.26,44.88
2018-01-16 06:05:00,1,1,55.68,72.0,68.0,51.41,57.18,55.68,0.0,0.0,0.0,45.0,51.68,0.2,0.25,0.07,120.0,54.63,397.93,41.96,0.3,0.3,9.75,15.07,2.63,51.36,85.33,74.06,44.88
2018-01-16 06:06:00,1,1,55.53,72.0,68.0,51.27,56.97,55.53,0.0,0.0,0.0,45.0,51.47,0.2,0.28,0.07,120.0,54.4,397.93,41.96,0.3,0.3,9.75,15.07,2.63,51.36,85.17,74.56,44.85
2018-01-16 06:07:00,1,1,55.39,72.0,68.0,51.15,56.82,55.39,0.0,0.0,0.0,45.0,51.31,0.2,0.3,0.07,120.0,54.23,397.93,41.96,0.3,0.3,9.75,15.07,2.63,51.34,85.01,74.94,44.8
2018-01-16 06:08:00,1,1,55.27,72.0,68.0,51.04,56.7,55.27,0.0,0.0,0.0,45.0,51.18,0.2,0.33,0.07,120.0,54.1,397.93,41.96,0.3,0.3,9.75,15.07,2.63,51.28,84.85,75.25,44.73
2018-01-16 06:09:00,1,1,55.17,72.0,68.0,50.95,56.59,55.17,0.0,0.0,0.0,45.0,51.07,0.2,0.36,0.07,120.0,53.98,397.93,41.96,0.3,0.3,9.75,15.07,2.63,51.21,84.69,75.51,44.65
2018-01-16 06:10:00,1,1,55.08,72.0,68.0,50.87,56.5,55.08,0.0,0.0,0.0,45.0,50.98,0.2,0.39,0.07,120.0,53.89,397.93,41.96,0.3,0.3,9.75,15.07,2.63,51.11,84.53,75.74,44.54
2018-01-16 06:11:00,1,1,55.0,72.0,68.0,50.79,56.43,55.0,0.0,0.0,0.0,45.0,50.9,0.2,0.41,0.07,120.0,53.81,397.93,41.96,0.3,0.3,9.75,15.07,2.63,51.0,84.36,75.94,44.42
2018-01-16 06:12:00,1,1,54.93,72.0,68.0,50.73,56.36,54.93,0.0,0.0,0.0,45.0,50.82,0.2,0.44,0.07,120.0,53.73,397.93,41.96,0.3,0.3,9.75,15.07,2.63,50.88,84.18,76.11,44.3
2018-01-16 06:13:00,1,1,54.82,72.0,68.0,49.79,55.11,54.82,0.0,0.0,0.0,45.0,50.44,0.2,0.47,0.07,120.0,53.48,534.18,71.03,0.3,0.3,13.08,15.07,5.52,52.18,84.01,79.51,44.16
2018-01-16 06:14:00,1,1,54.62,72.0,68.0,49.4,54.14,54.62,0.0,0.0,0.0,45.0,49.82,0.2,0.5,0.07,120.0,52.48,534.18,71.03,0.3,0.3,13.08,15.07,6.23,52.44,83.83,82.31,44.11
2018-01-16 06:15:00,1,1,54.39,72.0,68.0,49.18,53.72,54.39,0.0,0.0,0.0,45.0,49.45,0.2,0.53,0.07,120.0,51.99,534.18,71.03,0.3,0.3,13.08,15.07,6.33,52.41,83.66,83.6,44.09
2018-01-16 06:16:00,1,1,54.18,72.0,68.0,48.99,53.47,54.18,0.0,0.0,0.0,45.0,49.21,0.2,0.56,0.07,120.0,51.71,534.18,71.03,0.3,0.3,13.08,15.07,6.35,52.32,83.47,84.38,44.05
2018-01-16 06:17:00,1,1,54.0,72.0,68.0,48.83,53.28,54.0,0.0,0.0,0.0,45.0,49.02,0.2,0.59,0.07,120.0,51.52,534.18,71.03,0.3,0.3,13.08,15.07,6.35,52.21,83.29,84.97,43.99
2018-01-16 06:18:00,1,1,53.84,72.0,68.0,48.69,53.13,53.84,0.0,0.0,0.0,45.0,48.85,0.2,0.62,0.07,120.0,51.35,534.18,71.03,0.3,0.3,13.08,15.08,6.35,52.07,83.1,85.47,43.9
2018-01-16 06:19:00,1,1,53.69,72.0,68.0,48.56,52.99,53.69,0.0,0.0,0.0,45.0,48.71,0.2,0.65,0.07,120.0,51.21,534.18,71.03,0.3,0.3,13.08,15.08,6.35,51.92,82.92,85.9,43.8
2018-01-16 06:20:00,1,1,53.56,72.0,68.0,48.45,52.88,53.56,0.0,0.0,0.0,45.0,48.59,0.2,0.68,0.07,120.0,51.09,534.18,71.03,0.3,0.3,13.08,15.08,6.35,51.75,82.73,86.29,43.67
2018-01-16 06:21:00,1,1,53.45,72.0,68.0,48.35,52.77,53.45,0.0,0.0,0.0,45.0,48.48,0.2,0.71,0.07,120.0,50.98,534.18,71.03,0.3,0.3,13.08,15.08,6.35,51.57,82.53,86.64,43.54
2018-01-16 06:22:00,1,1,53.35,72.0,68.0,48.26,52.68,53.35,0.0,0.0,0.0,45.0,48.38,0.2,0.74,0.07,120.0,50.88,534.18,71.03,0.3,0.3,13.08,15.08,6.35,51.38,82.34,86.95,43.39
2018-01-16 06:23:00,1,1,53.26,72.0,68.0,48.19,52.6,53.26,0.0,0.0,0.0,45.0,48.29,0.2,0.78,0.07,120.0,50.79,534.18,71.03,0.3,0.3,13.08,15.08,6.35,51.19,82.14,87.23,43.24
2018-01-16 06:24:00,1,1,53.17,72.0,68.0,48.11,52.52,53.17,0.0,0.0,0.0,45.0,48.22,0.2,0.81,0.07,120.0,50.71,534.18,71.03,0.3,0.3,13.08,15.08,6.35,50.99,81.95,87.47,43.07
2018-01-16 06:25:00,1,1,53.1,72.0,68.0,48.05,52.46,53.1,0.0,0.0,0.0,45.0,48.15,0.2,0.84,0.07,120.0,50.64,534.18,71.03,0.3,0.3,13.08,15.08,6.35,50.78,81.75,87.7,42.91
2018-01-16 06:26:00,1,1,52.96,72.0,68.0,47.24,51.39,52.96,0.0,0.0,0.0,45.0,47.81,0.2,0.87,0.07,120.0,50.43,738.6,116.52,0.3,0.3,18.08,15.09,14.01,51.71,81.54,91.6,42.79
2018-01-16 06:27:00,1,1,52.66,72.0,68.0,46.77,50.42,52.66,0.0,0.0,0.0,45.0,47.18,0.2,0.9,0.07,120.0,49.43,738.6,116.52,0.3,0.3,18.08,15.09,16.38,52.05,81.34,95.31,42.86
2018-01-16 06:28:00,1,1,52.34,72.0,68.0,46.48,49.98,52.34,0.0,0.0,0.0,45.0,46.78,0.2,0.94,0.07,120.0,48.92,738.6,116.52,0.3,0.3,18.08,15.09,16.71,52.14,81.14,97.02,42.97
2018-01-16 06:29:00,1,1,52.06,72.0,68.0,46.23,49.69,52.06,0.0,0.0,0.0,45.0,46.49,0.2,0.97,0.07,120.0,48.61,738.6,116.52,0.3,0.3,18.08,15.09,16.75,52.15,80.93,97.99,43.04
2018-01-16 06:30:00,1,1,51.8,72.0,68.0,46.02,49.46,51.8,0.0,0.0,0.0,45.0,46.24,0.2,1.0,0.07,120.0,48.37,738.6,116.52,0.3,0.3,18.08,15.09,16.75,52.13,80.72,98.73,43.08
2018-01-16 06:31:00,1,1,51.58,72.0,68.0,45.83,49.26,51.58,0.0,0.0,0.0,45.0,46.04,0.2,1.0,0.07,120.0,48.16,738.6,116.52,0.3,0.3,18.08,15.09,16.76,52.08,80.51,99.37,43.09
2018-01-16 06:32:00,1,1,51.39,72.0,68.0,45.67,49.09,51.39,0.0,0.0,0.0,45.0,45.86,0.2,1.0,0.07,120.0,47.98,738.6,116.52,0.3,0.3,18.08,15.09,16.76,52.0,80.3,99.94,43.07
2018-01-16 06:33:00,1,1,51.22,72.0,68.0,45.52,48.94,51.22,0.0,0.0,0.0,45.0,45.7,0.2,1.0,0.07,120.0,47.82,738.6,116.52,0.3,0.3,18.08,15.09,16.76,51.91,80.09,100.0,43.02
2018-01-16 06:34:00,1,1,51.07,72.0,68.0,45.4,48.81,51.07,0.0,0.0,0.0,45.0,45.56,0.2,1.0,0.07,120.0,47.69,738.6,116.52,0.3,0.3,18.08,15.1,16.76,51.79,79.87,100.0,42.96
2018-01-16 06:35:00,1,1,50.93,72.0,68.0,45.28,48.69,50.93,0.0,0.0,0.0,45.0,45.44,0.2,1.0,0.07,120.0,47.56,738.6,116.52,0.3,0.3,18.08,15.1,16.76,51.67,79.66,100.0,42.88
2018-01-16 06:36:00,1,1,50.82,72.0,68.0,45.18,48.59,50.82,0.0,0.0,0.0,45.0,45.33,0.2,1.0,0.07,120.0,47.46,738.6,116.52,0.3,0.3,18.08,15.1,16.76,51.53,79.44,100.0,42.79
2018-01-16 06:37:00,1,1,50.71,72.0,68.0,45.09,48.49,50.71,0.0,0.0,0.0,45.0,45.23,0.2,1.0,0.07,120.0,47.36,738.6,116.52,0.3,0.3,18.08,15.1,16.76,51.39,79.23,100.0,42.69
2018-01-16 06:38:00,1,1,50.61,72.0,68.0,45.01,48.41,50.61,0.0,0.0,0.0,45.0,45.14,0.2,1.0,0.07,120.0,47.27,738.6,116.52,0.3,0.3,18.08,15.1,16.76,51.24,79.01,100.0,42.59
2018-01-16 06:39:00,1,1,50.53,72.0,68.0,44.94,48.34,50.53,0.0,0.0,0.0,45.0,45.07,0.2,1.0,0.07,120.0,47.2,738.6,116.52,0.3,0.3,18.08,15.1,16.76,51.09,78.79,100.0,42.47
2018-01-16 06:40:00,1,1,50.45,72.0,68.0,44.88,48.27,50.45,0.0,0.0,0.0,45.0,45.0,0.2,1.0,0.07,120.0,47.13,738.6,116.52,0.3,0.3,18.08,15.1,16.76,50.93,78.57,100.0,42.36
2018-01-16 06:41:00,1,1,50.38,72.0,68.0,44.82,48.21,50.38,0.0,0.0,0.0,45.0,44.93,0.2,1.0,0.07,120.0,47.06,738.6,116.52,0.3,0.3,18.08,15.1,16.76,50.77,78.35,100.0,42.24
2018-01-16 06:42:00,1,1,50.32,72.0,68.0,44.77,48.16,50.32,0.0,0.0,0.0,45.0,44.88,0.2,1.0,0.07,120.0,47.01,738.6,116.52,0.3,0.3,18.08,15.1,16.76,50.61,78.13,100.0,42.11
2018-01-16 06:43:00,1,1,50.26,72.0,68.0,44.72,48.11,50.26,0.0,0.0,0.0,45.0,44.83,0.2,1.0,0.07,120.0,46.96,738.6,116.52,0.3,0.3,18.08,15.1,16.76,50.45,77.91,100.0,41.99
2018-01-16 06:44:00,1,1,50.21,72.0,68.0,44.68,48.07,50.21,0.0,0.0,0.0,45.0,44.78,0.2,1.0,0.07,120.0,46.91,738.6,116.52,0.3,0.3,18.08,15.1,16.76,50.29,77.69,100.0,41.86
2018-01-16 06:45:00,1,1,50.17,72.0,68.0,44.64,48.03,50.17,0.0,0.0,0.0,45.0,44.74,0.2,1.0,0.07,120.0,46.87,738.6,116.52,0.3,0.3,18.08,15.1,16.76,50.13,77.47,100.0,41.74
2018-01-16 06:46:00,1,1,50.12,72.0,68.0,44.6,47.99,50.12,0.0,0.0,0.0,45.0,44.7,0.2,1.0,0.07,120.0,46.83,738.6,116.52,0.3,0.3,18.08,15.1,16.76,49.98,77.24,100.0,41.61
2018-01-16 06:47:00,1,1,50.09,72.0,68.0,44.57,47.96,50.09,0.0,0.0,0.0,45.0,44.66,0.2,1.0,0.07,120.0,46.8,738.6,116.52,0.3,0.3,18.08,15.1,16.76,49.82,77.02,100.0,41.48
2018-01-16 06:48:00,1,1,50.05,72.0,68.0,44.54,47.93,50.05,0.0,0.0,0.0,45.0,44.63,0.2,1.0,0.07,120.0,46.77,738.6,116.52,0.3,0.3,18.08,15.1,16.76,49.66,76.79,100.0,41.36
2018-01-16 06:49:00,1,1,50.02,72.0,68.0,44.51,47.9,50.02,0.0,0.0,0.0,45.0,44.6,0.2,1.0,0.07,120.0,46.74,738.6,116.52,0.3,0.3,18.08,15.1,16.76,49.5,76.57,100.0,41.23
2018-01-16 06:50:00,1,1,49.99,72.0,68.0,44.49,47.87,49.99,0.0,0.0,0.0,45.0,44.58,0.2,1.0,0.07,120.0,46.71,738.6,116.52,0.3,0.3,18.08,15.1,16.76,49.35,76.35,100.0,41.1
2018-01-16 06:51:00,1,1,49.96,72.0,68.0,44.46,47.85,49.96,0.0,0.0,0.0,45.0,44.55,0.2,1.0,0.07,120.0,46.69,738.6,116.52,0.3,0.3,18.08,15.1,16.76,49.2,76.12,100.0,40.96
2018-01-16 06:52:00,1,1,49.93,72.0,68.0,44.44,47.83,49.93,0.0,0.0,0.0,45.0,44.53,0.2,1.0,0.07,120.0,46.66,738.6,116.52,0.3,0.3,18.08,15.1,16.76,49.04,75.9,100.0,40.83
2018-01-16 06:53:00,1,1,49.91,72.0,68.0,44.42,47.81,49.91,0.0,0.0,0.0,45.0,44.51,0.2,1.0,0.07,120.0,46.64,738.6,116.52,0.3,0.3,18.08,15.1,16.76,48.89,75.67,100.0,40.7
2018-01-16 06:54:00,1,1,49.89,72.0,68.0,44.4,47.79,49.89,0.0,0.0,0.0,45.0,44.49,0.2,1.0,0.07,120.0,46.62,738.6,116.52,0.3,0.3,18.08,15.1,16.76,48.74,75.45,100.0,40.56
2018-01-16 06:55:00,1,1,49.87,72.0,68.0,44.38,47.77,49.87,0.0,0.0,0.0,45.0,44.47,0.2,1.0,0.07,120.0,46.6,738.6,116.52,0.3,0.3,18.08,15.09,16.76,48.6,75.22,100.0,40.44
2018-01-16 06:56:00,1,1,49.85,72.0,68.0,44.37,47.75,49.85,0.0,0.0,0.0,45.0,44.45,0.2,1.0,0.07,120.0,46.59,738.6,116.52,0.3,0.3,18.08,15.09,16.76,48.45,75.0,100.0,40.31
2018-01-16 06:57:00,1,1,49.83,72.0,68.0,44.35,47.74,49.83,0.0,0.0,0.0,45.0,44.44,0.2,1.0,0.07,120.0,46.57,738.6,116.52,0.3,0.3,18.08,15.09,16.76,48.31,74.78,100.0,40.18
2018-01-16 06:58:00,1,1,49.82,72.0,68.0,44.34,47.72,49.82,0.0,0.0,0.0,45.0,44.42,0.2,1.0,0.07,120.0,46.56,738.6,116.52,0.3,0.3,18.08,15.09,16.76,48.17,74.55,100.0,40.06
2018-01-16 06:59:00,1,1,49.8,72.0,68.0,44.33,47.71,49.8,0.0,0.0,0.0,45.0,44.41,0.2,1.0,0.07,120.0,46.54,738.6,116.52,0.3,0.3,18.08,15.08,16.76,48.02,74.33,100.0,39.94
2018-01-16 07:00:00,1,1,49.79,72.0,68.0,44.31,47.7,49.79,0.0,0.0,0.0,45.0,44.39,0.2,1.0,0.07,120.0,46.53,738.6,116.52,0.3,0.3,18.08,15.08,16.76,47.88,74.11,100.0,39.82
2018-01-16 07:01:00,1,1,49.77,72.0,68.0,44.3,47.69,49.77,0.0,0.0,0.0,45.0,44.38,0.2,1.0,0.07,120.0,46.52,738.6,116.52,0.3,0.3,18.08,15.07,16.76,47.75,73.9,100.0,39.7
2018-01-16 07:02:00,1,1,49.76,72.0,68.0,44.29,47.67,49.76,0.0,0.0,0.0,45.0,44.37,0.2,1.0,0.07,120.0,46.5,738.6,116.52,0.3,0.3,18.08,15.05,16.76,47.62,73.71,100.0,39.58
2018-01-16 07:03:00,1,1,49.74,72.0,68.0,44.27,47.66,49.74,0.0,0.0,0.0,45.0,44.35,0.2,1.0,0.07,120.0,46.49,738.6,116.52,0.3,0.3,18.08,15.03,16.76,47.5,73.51,100.0,39.47
2018-01-16 07:04:00,1,1,49.73,72.0,68.0,44.26,47.65,49.73,0.0,0.0,0.0,45.0,44.34,0.2,1.0,0.07,120.0,46.48,738.6,116.52,0.3,0.3,18.08,15.01,16.76,47.37,73.32,100.0,39.36
2018-01-16 07:05:00,1,1,49.72,72.0,68.0,44.24,47.63,49.72,0.0,0.0,0.0,45.0,44.32,0.2,1.0,0.07,120.0,46.46,738.6,116.52,0.3,0.3,18.08,15.0,16.76,47.25,73.13,100.0,39.25
2018-01-16 07:06:00,1,1,49.7,72.0,68.0,44.23,47.62,49.7,0.0,0.0,0.0,45.0,44.31,0.2,1.0,0.07,120.0,46.45,738.6,116.52,0.3,0.3,18.08,14.98,16.76,47.13,72.94,100.0,39.14
2018-01-16 07:07:00,1,1,49.69,72.0,68.0,44.21,47.6,49.69,0.0,0.0,0.0,45.0,44.29,0.2,1.0,0.07,120.0,46.43,738.6,116.52,0.3,0.3,18.08,14.96,16.76,47.02,72.75,100.0,39.04
2018-01-16 07:08:00,1,1,49.67,72.0,68.0,44.2,47.59,49.67,0.0,0.0,0.0,45.0,44.28,0.2,1.0,0.07,120.0,46.42,738.6,116.52,0.3,0.3,18.08,14.94,16.76,46.9,72.55,100.0,38.94
2018-01-16 07:09:00,1,1,49.66,72.0,68.0,44.18,47.57,49.66,0.0,0.0,0.0,45.0,44.26,0.2,1.0,0.07,120.0,46.4,738.6,116.52,0.3,0.3,18.08,14.92,16.76,46.79,72.37,100.0,38.83
2018-01-16 07:10:00,1,1,49.65,72.0,68.0,44.17,47.56,49.65,0.0,0.0,0.0,45.0,44.25,0.2,1.0,0.07,120.0,46.39,738.6,116.52,0.3,0.3,18.08,14.9,16.76,46.68,72.18,100.0,38.73
2018-01-16 07:11:00,1,1,49.63,72.0,68.0,44.15,47.55,49.63,0.0,0.0,0.0,45.0,44.23,0.2,1.0,0.07,120.0,46.38,738.6,116.52,0.3,0.3,18.08,14.88,16.76,46.57,71.99,100.0,38.63
2018-01-16 07:12:00,1,1,49.62,72.0,68.0,44.14,47.53,49.62,0.0,0.0,0.0,45.0,44.22,0.2,1.0,0.07,120.0,46.36,738.6,116.52,0.3,0.3,18.08,14.86,16.76,46.46,71.8,100.0,38.54
2018-01-16 07:13:00,1,1,49.61,72.0,68.0,44.12,47.52,49.61,0.0,0.0,0.0,45.0,44.2,0.2,1.0,0.07,120.0,46.35,738.6,116.52,0.3,0.3,18.08,14.84,16.76,46.35,71.61,100.0,38.44
2018-01-16 07:14:00,1,1,49.59,72.0,68.0,44.11,47.5,49.59,0.0,0.0,0.0,45.0,44.19,0.2,1.0,0.07,120.0,46.33,738.6,116.52,0.3,0.3,18.08,14.81,16.76,46.24,71.43,100.0,38.34
2018-01-16 07:15:00,1,1,49.58,72.0,68.0,44.09,47.49,49.58,0.0,0.0,0.0,45.0,44.18,0.2,1.0,0.07,120.0,46.32,738.6,116.52,0.3,0.3,18.08,14.79,16.76,46.14,71.24,100.0,38.25
2018-01-16 07:16:00,1,1,49.57,72.0,68.0,44.08,47.48,49.57,0.0,0.0,0.0,45.0,44.16,0.2,1.0,0.07,120.0,46.3,738.6,116.52,0.3,0.3,18.08,14.77,16.76,46.03,71.06,100.0,38.15
2018-01-16 07:17:00,1,1,49.55,72.0,68.0,44.06,47.46,49.55,0.0,0.0,0.0,45.0,44.15,0.2,1.0,0.07,120.0,46.29,738.6,116.52,0.3,0.3,18.08,14.75,16.76,45.93,70.88,100.0,38.06
2018-01-16 07:18:00,1,1,49.54,72.0,68.0,44.05,47.45,49.54,0.0,0.0,0.0,45.0,44.13,0.2,1.0,0.07,120.0,46.28,738.6,116.52,0.3,0.3,18.08,14.73,16.76,45.83,70.69,100.0,37.97
2018-01-16 07:19:00,1,1,49.53,72.0,68.0,44.04,47.44,49.53,0.0,0.0,0.0,45.0,44.12,0.2,1.0,0.07,120.0,46.26,738.6,116.52,0.3,0.3,18.08,14.71,16.76,45.73,70.51,100.0,37.88
2018-01-16 07:20:00,1,1,49.52,72.0,68.0,44.02,47.42,49.52,0.0,0.0,0.0,45.0,44.11,0.2,1.0,0.07,120.0,46.25,738.6,116.52,0.3,0.3,18.08,14.69,16.76,45.63,70.33,100.0,37.79
2018-01-16 07:21:00,1,1,49.5,72.0,68.0,44.01,47.41,49.5,0.0,0.0,0.0,45.0,44.09,0.2,1.0,0.07,120.0,46.24,738.6,116.52,0.3,0.3,18.08,14.67,16.76,45.53,70.15,100.0,37.7
2018-01-16 07:22:00,1,1,49.49,72.0,68.0,44.0,47.4,49.49,0.0,0.0,0.0,45.0,44.08,0.2,1.0,0.07,120.0,46.22,738.6,116.52,0.3,0.3,18.08,14.65,16.76,45.43,69.97,100.0,37.61
2018-01-16 07:23:00,1,1,49.48,72.0,68.0,43.98,47.39,49.48,0.0,0.0,0.0,45.0,44.07,0.2,1.0,0.07,120.0,46.21,738.6,116.52,0.3,0.3,18.08,14.63,16.76,45.33,69.79,100.0,37.52
2018-01-16 07:24:00,1,1,49.47,72.0,68.0,43.97,47.37,49.47,0.0,0.0,0.0,45.0,44.05,0.2,1.0,0.07,120.0,46.2,738.6,116.52,0.3,0.3,18.08,14.61,16.76,45.23,69.62,100.0,37.44
2018-01-16 07:25:00,1,1,49.46,72.0,68.0,43.96,47.36,49.46,0.0,0.0,0.0,45.0,44.04,0.2,1.0,0.07,120.0,46.19,738.6,116.52,0.3,0.3,18.08,14.58,16.76,45.13,69.44,100.0,37.35
2018-01-16 07:26:00,1,1,49.45,72.0,68.0,43.95,47.35,49.45,0.0,0.0,0.0,45.0,44.03,0.2,1.0,0.07,120.0,46.17,738.6,116.52,0.3,0.3,18.08,14.56,16.76,45.04,69.27,100.0,37.26
2018-01-16 07:27:00,1,1,49.44,72.0,68.0,43.93,47.34,49.44,0.0,0.0,0.0,45.0,44.02,0.2,1.0,0.07,120.0,46.16,738.6,116.52,0.3,0.3,18.08,14.54,16.76,44.94,69.09,100.0,37.18
2018-01-16 07:28:00,1,1,49.43,72.0,68.0,43.92,47.33,49.43,0.0,0.0,0.0,45.0,44.0,0.2,1.0,0.07,120.0,46.15,738.6,116.52,0.3,0.3,18.08,14.52,16.76,44.85,68.92,100.0,37.1
2018-01-16 07:29:00,1,1,49.42,72.0,68.0,43.91,47.32,49.42,0.0,0.0,0.0,45.0,43.99,0.2,1.0,0.07,120.0,46.14,738.6,116.52,0.3,0.3,18.08,14.5,16.76,44.75,68.75,100.0,37.01
2018-01-16 07:30:00,1,1,49.41,72.0,68.0,43.9,47.3,49.41,0.0,0.0,0.0,45.0,43.98,0.2,1.0,0.07,120.0,46.13,738.6,116.52,0.3,0.3,18.08,14.48,16.76,44.66,68.58,100.0,36.93
2018-01-16 07:31:00,1,1,49.4,72.0,68.0,43.89,47.29,49.4,0.0,0.0,0.0,45.0,43.97,0.2,1.0,0.07,120.0,46.12,738.6,116.52,0.3,0.3,18.08,14.46,16.76,44.56,68.41,100.0,36.85
2018-01-16 07:32:00,1,1,49.39,72.0,68.0,43.88,47.28,49.39,0.0,0.0,0.0,45.0,43.96,0.2,1.0,0.07,120.0,46.11,738.6,116.52,0.3,0.3,18.08,14.44,16.76,44.47,68.24,100.0,36.76
2018-01-16 07:33:00,1,1,49.38,72.0,68.0,43.87,47.27,49.38,0.0,0.0,0.0,45.0,43.95,0.2,1.0,0.07,120.0,46.1,738.6,116.52,0.3,0.3,18.08,14.42,16.76,44.38,68.07,100.0,36.68
2018-01-16 07:34:00,1,1,49.38,72.0,68.0,43.86,47.26,49.38,0.0,0.0,0.0,45.0,43.94,0.2,1.0,0.07,120.0,46.09,738.6,116.52,0.3,0.3,18.08,14.4,16.76,44.29,67.9,100.0,36.6
2018-01-16 07:35:00,1,1,49.37,72.0,68.0,43.85,47.26,49.37,0.0,0.0,0.0,45.0,43.93,0.2,1.0,0.07,120.0,46.08,738.6,116.52,0.3,0.3,18.08,14.38,16.76,44.2,67.74,100.0,36.52
2018-01-16 07:36:00,1,1,49.36,72.0,68.0,43.84,47.25,49.36,0.0,0.0,0.0,45.0,43.92,0.2,1.0,0.07,120.0,46.07,738.6,116.52,0.3,0.3,18.08,14.36,16.76,44.11,67.57,100.0,36.44
2018-01-16 07:37:00,1,1,49.35,72.0,68.0,43.83,47.24,49.35,0.0,0.0,0.0,45.0,43.91,0.2,1.0,0.07,120.0,46.06,738.6,116.52,0.3,0.3,18.08,14.34,16.76,44.02,67.41,100.0,36.37
2018-01-16 07:38:00,1,1,49.35,72.0,68.0,43.82,47.23,49.35,0.0,0.0,0.0,45.0,43.9,0.2,1.0,0.07,120.0,46.05,738.6,116.52,0.3,0.3,18.08,14.33,16.76,43.93,67.25,100.0,36.29
2018-01-16 07:39:00,1,1,49.34,72.0,68.0,43.82,47.22,49.34,0.0,0.0,0.0,45.0,43.89,0.2,1.0,0.07,120.0,46.04,738.6,116.52,0.3,0.3,18.08,14.31,16.76,43.84,67.09,100.0,36.21
2018-01-16 07:40:00,1,1,49.34,72.0,68.0,43.81,47.22,49.34,0.0,0.0,0.0,45.0,43.89,0.2,1.0,0.07,120.0,46.04,738.6,116.52,0.3,0.3,18.08,14.29,16.76,43.75,66.93,100.0,36.13
2018-01-16 07:41:00,1,1,49.33,72.0,68.0,43.8,47.21,49.33,0.0,0.0,0.0,45.0,43.88,0.2,1.0,0.07,120.0,46.03,738.6,116.52,0.3,0.3,18.08,14.27,16.76,43.66,66.77,100.0,36.06
2018-01-16 07:42:00,1,1,49.33,72.0,68.0,43.8,47.2,49.33,0.0,0.0,0.0,45.0,43.87,0.2,1.0,0.07,120.0,46.02,738.6,116.52,0.3,0.3,18.08,14.25,16.76,43.58,66.62,100.0,35.98
2018-01-16 07:43:00,1,1,49.33,72.0,68.0,43.79,47.2,49.33,0.0,0.0,0.0,45.0,43.87,0.2,1.0,0.07,120.0,46.02,738.6,116.52,0.3,0.3,18.08,14.24,16.76,43.49,66.46,100.0,35.91
2018-01-16 07:44:00,1,1,49.32,72.0,68.0,43.79,47.19,49.32,0.0,0.0,0.0,45.0,43.86,0.2,1.0,0.07,120.0,46.01,738.6,116.52,0.3,0.3,18.08,14.22,16.76,43.4,66.31,100.0,35.83
2018-01-16 07:45:00,1,1,49.32,72.0,68.0,43.78,47.19,49.32,0.0,0.0,0.0,45.0,43.86,0.2,1.0,0.07,120.0,46.01,738.6,116.52,0.3,0.3,18.08,14.2,16.76,43.32,66.16,100.0,35.76
2018-01-16 07:46:00,1,1,49.32,72.0,68.0,43.78,47.18,49.32,0.0,0.0,0.0,45.0,43.85,0.2,1.0,0.07,120.0,46.0,738.6,116.52,0.3,0.3,18.08,14.19,16.76,43.23,66.0,100.0,35.69
2018-01-16 07:47:00,1,1,49.32,72.0,68.0,43.77,47.18,49.32,0.0,0.0,0.0,45.0,43.85,0.2,1.0,0.07,120.0,46.0,738.6,116.52,0.3,0.3,18.08,14.17,16.76,43.15,65.86,100.0,35.62
2018-01-16 07:48:00,1,1,49.32,72.0,68.0,43.77,47.18,49.32,0.0,0.0,0.0,45.0,43.84,0.2,1.0,0.07,120.0,45.99,738.6,116.52,0.3,0.3,18.08,14.15,16.76,43.07,65.71,100.0,35.54
2018-01-16 07:49:00,1,1,49.32,72.0,68.0,43.77,47.17,49.32,0.0,0.0,0.0,45.0,43.84,0.2,1.0,0.07,120.0,45.99,738.6,116.52,0.3,0.3,18.08,14.14,16.76,42.98,65.56,100.0,35.47
2018-01-16 07:50:00,1,1,49.32,72.0,68.0,43.77,47.17,49.32,0.0,0.0,0.0,45.0,43.84,0.2,1.0,0.07,120.0,45.99,738.6,116.52,0.3,0.3,18.08,14.12,16.76,42.9,65.41,100.0,35.4
2018-01-16 07:51:00,1,1,49.32,72.0,68.0,43.76,47.17,49.32,0.0,0.0,0.0,45.0,43.84,0.2,1.0,0.07,120.0,45.99,738.6,116.52,0.3,0.3,18.08,14.11,16.76,42.82,65.27,100.0,35.33
2018-01-16 07:52:00,1,1,49.32,72.0,68.0,43.76,47.17,49.32,0.0,0.0,0.0,45.0,43.84,0.2,1.0,0.07,120.0,45.99,738.6,116.52,0.3,0.3,18.08,14.1,16.76,42.74,65.13,100.0,35.27
2018-01-16 07:53:00,1,1,49.32,72.0,68.0,43.76,47.17,49.32,0.0,0.0,0.0,45.0,43.84,0.2,1.0,0.07,120.0,45.99,738.6,116.52,0.3,0.3,18.08,14.08,16.76,42.66,64.99,100.0,35.2
2018-01-16 07:54:00,1,1,49.32,72.0,68.0,43.76,47.17,49.32,0.0,0.0,0.0,45.0,43.84,0.2,1.0,0.07,120.0,45.99,738.6,116.52,0.3,0.3,18.08,14.07,16.76,42.58,64.85,100.0,35.13
2018-01-16 07:55:00,1,1,49.33,72.0,68.0,43.77,47.17,49.33,0.0,0.0,0.0,45.0,43.84,0.2,1.0,0.07,120.0,45.99,738.6,116.52,0.3,0.3,18.08,14.06,16.76,42.5,64.71,100.0,35.07
2018-01-16 07:56:00,1,1,49.33,72.0,68.0,43.77,47.17,49.33,0.0,0.0,0.0,45.0,43.84,0.2,1.0,0.07,120.0,45.99,738.6,116.52,0.3,0.3,18.08,14.05,16.76,42.42,64.57,100.0,35.0
2018-01-16 07:57:00,1,1,49.34,72.0,68.0,43.77,47.17,49.34,0.0,0.0,0.0,45.0,43.84,0.2,1.0,0.07,120.0,45.99,738.6,116.52,0.3,0.3,18.08,14.03,16.76,42.34,64.44,100.0,34.94
2018-01-16 07:58:00,1,1,49.34,72.0,68.0,43.77,47.17,49.34,0.0,0.0,0.0,45.0,43.84,0.2,1.0,0.07,120.0,45.99,738.6,116.52,0.3,0.3,18.08,14.02,16.76,42.27,64.31,100.0,34.87
2018-01-16 07:59:00,1,1,49.35,72.0,68.0,43.78,47.18,49.35,0.0,0.0,0.0,45.0,43.85,0.2,1.0,0.07,120.0,45.99,738.6,116.52,0.3,0.3,18.08,14.01,16.76,42.19,64.18,100.0,34.81
2018-01-16 08:00:00,1,1,49.36,72.0,68.0,43.78,47.18,49.36,0.0,0.0,0.0,45.0,43.85,0.2,1.0,0.07,120.0,46.0,738.6,116.52,0.3,0.3,18.08,14.0,16.76,42.11,64.05,100.0,34.75
2018-01-16 08:01:00,1,1,49.37,72.0,68.0,43.79,47.19,49.37,0.0,0.0,0.0,45.0,43.86,0.2,1.0,0.07,120.0,46.0,738.6,116.52,0.3,0.3,18.08,14.0,16.76,42.04,63.93,100.0,34.69
2018-01-16 08:02:00,1,1,49.38,72.0,68.0,43.8,47.2,49.38,0.0,0.0,0.0,45.0,43.86,0.2,1.0,0.07,120.0,46.01,738.6,116.52,0.3,0.3,18.08,14.01,16.76,41.96,63.81,100.0,34.63
2018-01-16 08:03:00,1,1,49.39,72.0,68.0,43.81,47.21,49.39,0.0,0.0,0.0,45.0,43.88,0.2,1.0,0.07,120.0,46.02,738.6,116.52,0.3,0.3,18.08,14.02,16.76,41.88,63.7,100.0,34.57
2018-01-16 08:04:00,1,1,49.41,72.0,68.0,43.83,47.22,49.41,0.0,0.0,0.0,45.0,43.89,0.2,1.0,0.07,120.0,46.04,738.6,116.52,0.3,0.3,18.08,14.03,16.76,41.81,63.59,100.0,34.51
2018-01-16 08:05:00,1,1,49.43,72.0,68.0,43.85,47.24,49.43,0.0,0.0,0.0,45.0,43.91,0.2,1.0,0.07,120.0,46.05,738.6,116.52,0.3,0.3,18.08,14.04,16.76,41.73,63.49,100.0,34.46
2018-01-16 08:06:00,1,1,49.46,72.0,68.0,43.87,47.26,49.46,0.0,0.0,0.0,45.0,43.93,0.2,1.0,0.07,120.0,46.07,738.6,116.52,0.3,0.3,18.08,14.04,16.76,41.66,63.38,100.0,34.4
2018-01-16 08:07:00,1,1,49.48,72.0,68.0,43.89,47.28,49.48,0.0,0.0,0.0,45.0,43.95,0.2,1.0,0.07,120.0,46.09,738.6,116.52,0.3,0.3,18.08,14.05,16.76,41.58,63.28,100.0,34.35
2018-01-16 08:08:00,1,1,49.51,72.0,68.0,43.92,47.3,49.51,0.0,0.0,0.0,45.0,43.97,0.2,1.0,0.07,120.0,46.12,738.6,116.52,0.3,0.3,18.08,14.07,16.76,41.51,63.18,100.0,34.3
2018-01-16 08:09:00,1,1,49.54,72.0,68.0,43.95,47.32,49.54,0.0,0.0,0.0,45.0,44.0,0.2,1.0,0.07,120.0,46.14,738.6,116.52,0.3,0.3,18.08,14.08,16.76,41.44,63.08,100.0,34.25
2018-01-16 08:10:00,1,1,49.57,72.0,68.0,43.97,47.35,49.57,0.0,0.0,0.0,45.0,44.03,0.2,1.0,0.07,120.0,46.17,738.6,116.52,0.3,0.3,18.08,14.09,16.76,41.37,62.98,100.0,34.2
2018-01-16 08:11:00,1,1,49.6,72.0,68.0,44.0,47.38,49.6,0.0,0.0,0.0,45.0,44.06,0.2,1.0,0.07,120.0,46.19,738.6,116.52,0.3,0.3,18.08,14.1,16.76,41.3,62.88,100.0,34.16
2018-01-16 08:12:00,1,1,49.64,72.0,68.0,44.04,47.41,49.64,0.0,0.0,0.0,45.0,44.09,0.2,1.0,0.07,120.0,46.22,738.6,116.52,0.3,0.3,18.08,14.11,16.76,41.24,62.78,100.0,34.11
2018-01-16 08:13:00,1,1,49.68,72.0,68.0,44.07,47.44,49.68,0.0,0.0,0.0,45.0,44.12,0.2,1.0,0.07,120.0,46.25,738.6,116.52,0.3,0.3,18.08,14.13,16.76,41.17,62.69,100.0,34.07
2018-01-16 08:14:00,1,1,49.71,72.0,68.0,44.1,47.47,49.71,0.0,0.0,0.0,45.0,44.15,0.2,1.0,0.07,120.0,46.29,738.6,116.52,0.3,0.3,18.08,14.14,16.76,41.11,62.6,100.0,34.03
2018-01-16 08:15:00,1,1,49.75,72.0,68.0,44.14,47.5,49.75,0.0,0.0,0.0,45.0,44.19,0.2,1.0,0.07,120.0,46.32,738.6,116.52,0.3,0.3,18.08,14.15,16.76,41.05,62.51,100.0,33.99
2018-01-16 08:16:00,1,1,49.79,72.0,68.0,44.17,47.54,49.79,0.0,0.0,0.0,45.0,44.22,0.2,1.0,0.07,120.0,46.35,738.6,116.52,0.3,0.3,18.08,14.17,16.76,40.99,62.42,100.0,33.95
2018-01-16 08:17:00,1,1,49.83,72.0,68.0,44.21,47.57,49.83,0.0,0.0,0.0,45.0,44.26,0.2,1.0,0.07,120.0,46.39,738.6,116.52,0.3,0.3,18.08,14.18,16.76,40.93,62.33,100.0,33.92
2018-01-16 08:18:00,1,1,49.88,72.0,68.0,44.25,47.61,49.88,0.0,0.0,0.0,45.0,44.3,0.2,1.0,0.07,120.0,46.43,738.6,116.52,0.3,0.3,18.08,14.2,16.76,40.87,62.24,100.0,33.88
2018-01-16 08:19:00,1,1,49.92,72.0,68.0,44.29,47.65,49.92,0.0,0.0,0.0,45.0,44.33,0.2,1.0,0.07,120.0,46.46,738.6,116.52,0.3,0.3,18.08,14.21,16.76,40.82,62.16,100.0,33.85
2018-01-16 08:20:00,1,1,49.97,72.0,68.0,44.33,47.68,49.97,0.0,0.0,0.0,45.0,44.37,0.2,1.0,0.07,120.0,46.5,738.6,116.52,0.3,0.3,18.08,14.23,16.76,40.76,62.07,100.0,33.82
2018-01-16 08:21:00,1,1,50.01,72.0,68.0,44.37,47.72,50.01,0.0,0.0,0.0,45.0,44.41,0.2,1.0,0.07,120.0,46.54,738.6,116.52,0.3,0.3,18.08,14.24,16.76,40.71,61.99,100.0,33.79
2018-01-16 08:22:00,1,1,50.06,72.0,68.0,44.41,47.76,50.06,0.0,0.0,0.0,45.0,44.46,0.2,1.0,0.07,120.0,46.58,738.6,116.52,0.3,0.3,18.08,14.26,16.76,40.66,61.91,100.0,33.74
2018-01-16 08:23:00,1,1,50.11,72.0,68.0,44.46,47.8,50.11,0.0,0.0,0.0,45.0,44.5,0.2,1.0,0.07,120.0,46.62,738.6,116.52,0.3,0.3,18.08,14.28,16.76,40.61,61.84,100.0,33.7
2018-01-16 08:24:00,1,1,50.15,72.0,68.0,44.5,47.84,50.15,0.0,0.0,0.0,45.0,44.54,0.2,1.0,0.07,120.0,46.66,738.6,116.52,0.3,0.3,18.08,14.3,16.76,40.56,61.76,100.0,33.66
2018-01-16 08:25:00,1,1,50.2,72.0,68.0,44.54,47.88,50.2,0.0,0.0,0.0,45.0,44.58,0.2,1.0,0.07,120.0,46.71,738.6,116.52,0.3,0.3,18.08,14.31,16.76,40.52,61.68,100.0,33.62
2018-01-16 08:26:00,1,1,50.25,72.0,68.0,44.59,47.93,50.25,0.0,0.0,0.0,45.0,44.63,0.2,1.0,0.07,120.0,46.75,738.6,116.52,0.3,0.3,18.08,14.33,16.76,40.47,61.61,100.0,33.58
2018-01-16 08:27:00,1,1,50.3,72.0,68.0,44.63,47.97,50.3,0.0,0.0,0.0,45.0,44.67,0.2,1.0,0.07,120.0,46.79,738.6,116.52,0.3,0.3,18.08,14.35,16.76,40.43,61.54,100.0,33.54
2018-01-16 08:28:00,1,1,50.35,72.0,68.0,44.68,48.01,50.35,0.0,0.0,0.0,45.0,44.72,0.2,1.0,0.07,120.0,46.84,738.6,116.52,0.3,0.3,18.08,14.37,16.76,40.38,61.47,100.0,33.5
2018-01-16 08:29:00,1,1,50.4,72.0,68.0,44.73,48.06,50.4,0.0,0.0,0.0,45.0,44.76,0.2,1.0,0.07,120.0,46.88,738.6,116.52,0.3,0.3,18.08,14.39,16.76,40.34,61.4,100.0,33.46
2018-01-16 08:30:00,1,1,50.46,72.0,68.0,44.77,48.1,50.46,0.0,0.0,0.0,45.0,44.81,0.2,1.0,0.07,120.0,46.93,738.6,116.52,0.3,0.3,18.08,14.41,16.76,40.3,61.33,100.0,33.43
2018-01-16 08:31:00,1,1,50.51,72.0,68.0,44.82,48.15,50.51,0.0,0.0,0.0,45.0,44.86,0.2,1.0,0.07,120.0,46.97,738.6,116.52,0.3,0.3,18.08,14.43,16.76,40.26,61.27,100.0,33.39
2018-01-16 08:32:00,1,1,50.56,72.0,68.0,44.87,48.19,50.56,0.0,0.0,0.0,45.0,44.91,0.2,1.0,0.07,120.0,47.02,738.6,116.52,0.3,0.3,18.08,14.45,16.76,40.23,61.2,100.0,33.36
2018-01-16 08:33:00,1,1,50.62,72.0,68.0,44.92,48.24,50.62,0.0,0.0,0.0,45.0,44.95,0.2,1.0,0.07,120.0,47.06,738.6,116.52,0.3,0.3,18.08,14.47,16.76,40.19,61.14,100.0,33.33
2018-01-16 08:34:00,1,1,50.67,72.0,68.0,44.96,48.28,50.67,0.0,0.0,0.0,45.0,45.0,0.2,1.0,0.07,120.0,47.11,738.6,116.52,0.3,0.3,18.08,14.49,16.76,40.15,61.08,100.0,33.3
2018-01-16 08:35:00,1,1,50.72,72.0,68.0,45.01,48.33,50.72,0.0,0.0,0.0,45.0,45.05,0.2,1.0,0.07,120.0,47.16,738.6,116.52,0.3,0.3,18.08,14.51,16.76,40.12,61.02,100.0,33.27
2018-01-16 08:36:00,1,1,50.78,72.0,68.0,45.06,48.38,50.78,0.0,0.0,0.0,45.0,45.1,0.2,1.0,0.07,120.0,47.21,738.6,116.52,0.3,0.3,18.08,14.53,16.76,40.09,60.96,100.0,33.24
2018-01-16 08:37:00,1,1,50.83,72.0,68.0,45.11,48.42,50.83,0.0,0.0,0.0,45.0,45.15,0.2,1.0,0.07,120.0,47.25,738.6,116.52,0.3,0.3,18.08,14.55,16.76,40.06,60.9,100.0,33.21
2018-01-16 08:38:00,1,1,50.89,72.0,68.0,45.16,48.47,50.89,0.0,0.0,0.0,45.0,45.2,0.2,1.0,0.07,120.0,47.3,738.6,116.52,0.3,0.3,18.08,14.57,16.76,40.03,60.85,100.0,33.18
2018-01-16 08:39:00,1,1,50.94,72.0,68.0,45.21,48.52,50.94,0.0,0.0,0.0,45.0,45.25,0.2,1.0,0.07,120.0,47.35,738.6,116.52,0.3,0.3,18.08,14.59,16.76,40.0,60.79,100.0,33.15
2018-01-16 08:40:00,1,1,51.0,72.0,68.0,45.26,48.57,51.0,0.0,0.0,0.0,45.0,45.3,0.2,1.0,0.07,120.0,47.4,738.6,116.52,0.3,0.3,18.08,14.61,16.76,39.97,60.74,100.0,33.13
2018-01-16 08:41:00,1,1,51.05,72.0,68.0,45.31,48.61,51.05,0.0,0.0,0.0,45.0,45.35,0.2,1.0,0.07,120.0,47.45,738.6,116.52,0.3,0.3,18.08,14.64,16.76,39.94,60.69,100.0,33.1
2018-01-16 08:42:00,1,1,51.11,72.0,68.0,45.36,48.66,51.11,0.0,0.0,0.0,45.0,45.4,0.2,1.0,0.07,120.0,47.5,738.6,116.52,0.3,0.3,18.08,14.66,16.76,39.91,60.64,100.0,33.08
2018-01-16 08:43:00,1,1,51.16,72.0,68.0,45.41,48.71,51.16,0.0,0.0,0.0,45.0,45.45,0.2,1.0,0.07,120.0,47.54,738.6,116.52,0.3,0.3,18.08,14.68,16.76,39.89,60.59,100.0,33.06
2018-01-16 08:44:00,1,1,51.22,72.0,68.0,45.46,48.76,51.22,0.0,0.0,0.0,45.0,45.5,0.2,1.0,0.07,120.0,47.59,738.6,116.52,0.3,0.3,18.08,14.7,16.76,39.86,60.55,100.0,33.04
2018-01-16 08:45:00,1,1,51.27,72.0,68.0,45.51,48.81,51.27,0.0,0.0,0.0,45.0,45.55,0.2,1.0,0.07,120.0,47.64,738.6,116.52,0.3,0.3,18.08,14.73,16.76,39.84,60.5,100.0,33.02
2018-01-16 08:46:00,1,1,51.33,72.0,68.0,45.56,48.85,51.33,0.0,0.0,0.0,45.0,45.6,0.2,1.0,0.07,120.0,47.69,738.6,116.52,0.3,0.3,18.08,14.75,16.76,39.82,60.46,100.0,33.0
2018-01-16 08:47:00,1,1,51.39,72.0,68.0,45.61,48.9,51.39,0.0,0.0,0.0,45.0,45.65,0.2,1.0,0.07,120.0,47.74,738.6,116.52,0.3,0.3,18.08,14.77,16.76,39.8,60.42,100.0,32.98
2018-01-16 08:48:00,1,1,51.44,72.0,68.0,45.66,48.95,51.44,0.0,0.0,0.0,45.0,45.7,0.2,1.0,0.07,120.0,47.79,738.6,116.52,0.3,0.3,18.08,14.79,16.76,39.78,60.38,100.0,32.96
2018-01-16 08:49:00,1,1,51.5,72.0,68.0,45.71,49.0,51.5,0.0,0.0,0.0,45.0,45.75,0.2,1.0,0.07,120.0,47.84,738.6,116.52,0.3,0.3,18.08,14.82,16.76,39.76,60.34,100.0,32.94
2018-01-16 08:50:00,1,1,51.55,72.0,68.0,45.76,49.05,51.55,0.0,0.0,0.0,45.0,45.8,0.2,1.0,0.07,120.0,47.89,738.6,116.52,0.3,0.3,18.08,14.84,16.76,39.74,60.3,100.0,32.92
2018-01-16 08:51:00,1,1,51.61,72.0,68.0,45.81,49.1,51.61,0.0,0.0,0.0,45.0,45.85,0.2,1.0,0.07,120.0,47.94,738.6,116.52,0.3,0.3,18.08,14.86,16.76,39.72,60.26,99.92,32.91
2018-01-16 08:52:00,1,1,51.66,72.0,68.0,45.86,49.14,51.66,0.0,0.0,0.0,45.0,45.9,0.2,1.0,0.07,120.0,47.99,738.6,116.52,0.3,0.3,18.08,14.88,16.76,39.7,60.23,99.76,32.89
2018-01-16 08:53:00,1,1,51.72,72.0,68.0,45.91,49.19,51.72,0.0,0.0,0.0,45.0,45.95,0.2,1.0,0.07,120.0,48.03,738.6,116.52,0.3,0.3,18.08,14.91,16.76,39.69,60.2,99.61,32.88
2018-01-16 08:54:00,1,1,51.77,72.0,68.0,45.96,49.24,51.77,0.0,0.0,0.0,45.0,46.0,0.2,1.0,0.07,120.0,48.08,738.6,116.52,0.3,0.3,18.08,14.93,16.76,39.67,60.16,99.45,32.86
2018-01-16 08:55:00,1,1,51.83,72.0,68.0,46.01,49.29,51.83,0.0,0.0,0.0,45.0,46.05,0.2,1.0,0.07,120.0,48.13,738.6,116.52,0.3,0.3,18.08,14.95,16.76,39.66,60.13,99.3,32.85
2018-01-16 08:56:00,1,1,51.88,72.0,68.0,46.06,49.33,51.88,0.0,0.0,0.0,45.0,46.1,0.2,1.0,0.07,120.0,48.18,738.6,116.52,0.3,0.3,18.08,14.98,16.76,39.64,60.11,99.14,32.83
2018-01-16 08:57:00,1,1,51.93,72.0,68.0,46.11,49.38,51.93,0.0,0.0,0.0,45.0,46.15,0.2,1.0,0.07,120.0,48.23,738.6,116.52,0.3,0.3,18.08,15.0,16.76,39.63,60.08,98.99,32.82
2018-01-16 08:58:00,1,1,51.99,72.0,68.0,46.16,49.43,51.99,0.0,0.0,0.0,45.0,46.2,0.2,1.0,0.07,120.0,48.27,738.6,116.52,0.3,0.3,18.08,15.02,16.76,39.62,60.05,98.84,32.81
2018-01-16 08:59:00,1,1,52.04,72.0,68.0,46.21,49.47,52.04,0.0,0.0,0.0,45.0,46.25,0.2,1.0,0.07,120.0,48.32,738.6,116.52,0.3,0.3,18.08,15.05,16.76,39.6,60.03,98.69,32.8
2018-01-16 09:00:00,1,1,52.09,72.0,68.0,46.26,49.52,52.09,0.0,0.0,0.0,45.0,46.29,0.2,1.0,0.07,120.0,48.37,738.6,116.52,0.3,0.3,18.08,15.07,16.76,39.59,60.0,98.54,32.79
2018-01-16 09:01:00,1,1,52.14,72.0,68.0,46.3,49.56,52.14,0.0,0.0,0.0,45.0,46.34,0.2,1.0,0.07,120.0,48.41,738.6,116.52,0.3,0.3,18.08,15.09,16.76,39.58,59.99,98.4,32.78
2018-01-16 09:02:00,1,1,52.19,72.0,68.0,46.34,49.61,52.19,0.0,0.0,0.0,45.0,46.39,0.2,1.0,0.07,120.0,48.46,738.6,116.52,0.3,0.3,18.08,15.1,16.76,39.58,59.99,98.26,32.77
2018-01-16 09:03:00,1,1,52.24,72.0,68.0,46.38,49.65,52.24,0.0,0.0,0.0,45.0,46.43,0.2,1.0,0.07,120.0,48.5,738.6,116.52,0.3,0.3,18.08,15.12,16.76,39.58,60.0,98.13,32.77
2018-01-16 09:04:00,1,1,52.28,72.0,68.0,46.42,49.68,52.28,0.0,0.0,0.0,45.0,46.47,0.2,1.0,0.07,120.0,48.54,738.6,116.52,0.3,0.3,18.08,15.13,16.76,39.58,60.0,98.01,32.76
2018-01-16 09:05:00,1,1,52.32,72.0,68.0,46.46,49.72,52.32,0.0,0.0,0.0,45.0,46.51,0.2,1.0,0.07,120.0,48.58,738.6,116.52,0.3,0.3,18.08,15.14,16.76,39.58,60.01,97.89,32.76
2018-01-16 09:06:00,1,1,52.36,72.0,68.0,46.49,49.75,52.36,0.0,0.0,0.0,45.0,46.54,0.2,1.0,0.07,120.0,48.61,738.6,116.52,0.3,0.3,18.08,15.16,16.76,39.58,60.01,97.79,32.76
2018-01-16 09:07:00,1,1,52.39,72.0,68.0,46.53,49.79,52.39,0.0,0.0,0.0,45.0,46.57,0.2,1.0,0.07,120.0,48.64,738.6,116.52,0.3,0.3,18.08,15.17,16.76,39.58,60.02,97.69,32.76
2018-01-16 09:08:00,1,1,52.43,72.0,68.0,46.56,49.82,52.43,0.0,0.0,0.0,45.0,46.61,0.2,1.0,0.07,120.0,48.67,738.6,116.52,0.3,0.3,18.08,15.18,16.76,39.58,60.03,97.59,32.76
2018-01-16 09:09:00,1,1,52.46,72.0,68.0,46.58,49.85,52.46,0.0,0.0,0.0,45.0,46.64,0.2,1.0,0.07,120.0,48.7,738.6,116.52,0.3,0.3,18.08,15.2,16.76,39.59,60.04,97.5,32.76
2018-01-16 09:10:00,1,1,52.49,72.0,68.0,46.61,49.87,52.49,0.0,0.0,0.0,45.0,46.66,0.2,1.0,0.07,120.0,48.73,738.6,116.52,0.3,0.3,18.08,15.21,16.76,39.59,60.05,97.41,32.76
2018-01-16 09:11:00,1,1,52.52,72.0,68.0,46.64,49.9,52.52,0.0,0.0,0.0,45.0,46.69,0.2,1.0,0.07,120.0,48.76,738.6,116.52,0.3,0.3,18.08,15.23,16.76,39.6,60.06,97.33,32.77
2018-01-16 09:12:00,1,1,52.54,72.0,68.0,46.66,49.92,52.54,0.0,0.0,0.0,45.0,46.72,0.2,1.0,0.07,120.0,48.78,738.6,116.52,0.3,0.3,18.08,15.24,16.76,39.6,60.08,97.25,32.77
2018-01-16 09:13:00,1,1,52.57,72.0,68.0,46.69,49.95,52.57,0.0,0.0,0.0,45.0,46.74,0.2,1.0,0.07,120.0,48.81,738.6,116.52,0.3,0.3,18.08,15.25,16.76,39.61,60.09,97.18,32.77
2018-01-16 09:14:00,1,1,52.59,72.0,68.0,46.71,49.97,52.59,0.0,0.0,0.0,45.0,46.77,0.2,1.0,0.07,120.0,48.83,738.6,116.52,0.3,0.3,18.08,15.27,16.76,39.61,60.1,97.11,32.78
2018-01-16 09:15:00,1,1,52.62,72.0,68.0,46.73,49.99,52.62,0.0,0.0,0.0,45.0,46.79,0.2,1.0,0.07,120.0,48.85,738.6,116.52,0.3,0.3,18.08,15.28,16.76,39.62,60.12,97.04,32.78
2018-01-16 09:16:00,1,1,52.64,72.0,68.0,46.75,50.01,52.64,0.0,0.0,0.0,45.0,46.81,0.2,1.0,0.07,120.0,48.87,738.6,116.52,0.3,0.3,18.08,15.29,16.76,39.63,60.14,96.97,32.79
2018-01-16 09:17:00,1,1,52.66,72.0,68.0,46.77,50.03,52.66,0.0,0.0,0.0,45.0,46.83,0.2,1.0,0.07,120.0,48.89,738.6,116.52,0.3,0.3,18.08,15.31,16.76,39.63,60.15,96.89,32.8
2018-01-16 09:18:00,1,1,52.68,72.0,68.0,46.79,50.05,52.68,0.0,0.0,0.0,45.0,46.85,0.2,1.0,0.07,120.0,48.91,738.6,116.52,0.3,0.3,18.08,15.32,16.76,39.64,60.17,96.81,32.8
2018-01-16 09:19:00,1,1,52.7,72.0,68.0,46.81,50.07,52.7,0.0,0.0,0.0,45.0,46.87,0.2,1.0,0.07,120.0,48.93,738.6,116.52,0.3,0.3,18.08,15.34,16.76,39.65,60.19,96.73,32.81
2018-01-16 09:20:00,1,1,52.72,72.0,68.0,46.83,50.08,52.72,0.0,0.0,0.0,45.0,46.89,0.2,1.0,0.07,120.0,48.95,738.6,116.52,0.3,0.3,18.08,15.35,16.76,39.66,60.21,96.66,32.81
2018-01-16 09:21:00,1,1,52.73,72.0,68.0,46.84,50.1,52.73,0.0,0.0,0.0,45.0,46.9,0.2,1.0,0.07,120.0,48.97,738.6,116.52,0.3,0.3,18.08,15.36,16.76,39.66,60.23,96.6,32.82
2018-01-16 09:22:00,1,1,52.75,72.0,68.0,46.86,50.12,52.75,0.0,0.0,0.0,45.0,46.92,0.2,1.0,0.07,120.0,48.98,738.6,116.52,0.3,0.3,18.08,15.38,16.76,39.67,60.25,96.53,32.83
2018-01-16 09:23:00,1,1,52.76,72.0,68.0,46.87,50.13,52.76,0.0,0.0,0.0,45.0,46.93,0.2,1.0,0.07,120.0,49.0,738.6,116.52,0.3,0.3,18.08,15.39,16.76,39.68,60.27,96.47,32.83
2018-01-16 09:24:00,1,1,52.78,72.0,68.0,46.89,50.14,52.78,0.0,0.0,0.0,45.0,46.95,0.2,1.0,0.07,120.0,49.01,738.6,116.52,0.3,0.3,18.08,15.4,16.76,39.69,60.29,96.41,32.84
2018-01-16 09:25:00,1,1,52.79,72.0,68.0,46.9,50.16,52.79,0.0,0.0,0.0,45.0,46.96,0.2,1.0,0.07,120.0,49.03,738.6,116.52,0.3,0.3,18.08,15.42,16.76,39.69,60.31,96.36,32.84
2018-01-16 09:26:00,1,1,52.81,72.0,68.0,46.91,50.17,52.81,0.0,0.0,0.0,45.0,46.98,0.2,1.0,0.07,120.0,49.04,738.6,116.52,0.3,0.3,18.08,15.43,16.76,39.7,60.33,96.3,32.85
2018-01-16 09:27:00,1,1,52.82,72.0,68.0,46.93,50.18,52.82,0.0,0.0,0.0,45.0,46.99,0.2,1.0,0.07,120.0,49.05,738.6,116.52,0.3,0.3,18.08,15.45,16.76,39.71,60.35,96.25,32.86
2018-01-16 09:28:00,1,1,52.83,72.0,68.0,46.94,50.2,52.83,0.0,0.0,0.0,45.0,47.0,0.2,1.0,0.07,120.0,49.06,738.6,116.52,0.3,0.3,18.08,15.46,16.76,39.71,60.38,96.2,32.86
2018-01-16 09:29:00,1,1,52.84,72.0,68.0,46.95,50.21,52.84,0.0,0.0,0.0,45.0,47.01,0.2,1.0,0.07,120.0,49.08,738.6,116.52,0.3,0.3,18.08,15.48,16.76,39.72,60.4,96.16,32.87
2018-01-16 09:30:00,1,1,52.85,72.0,68.0,46.96,50.22,52.85,0.0,0.0,0.0,45.0,47.03,0.2,1.0,0.07,120.0,49.09,738.6,116.52,0.3,0.3,18.08,15.49,16.76,39.73,60.42,96.11,32.88
2018-01-16 09:31:00,1,1,52.86,72.0,68.0,46.97,50.23,52.86,0.0,0.0,0.0,45.0,47.04,0.2,1.0,0.07,120.0,49.1,738.6,116.52,0.3,0.3,18.08,15.5,16.76,39.73,60.45,96.07,32.88
2018-01-16 09:32:00,1,1,52.87,72.0,68.0,46.98,50.24,52.87,0.0,0.0,0.0,45.0,47.05,0.2,1.0,0.07,120.0,49.11,738.6,116.52,0.3,0.3,18.08,15.52,16.76,39.74,60.47,96.03,32.89
2018-01-16 09:33:00,1,1,52.88,72.0,68.0,46.99,50.25,52.88,0.0,0.0,0.0,45.0,47.06,0.2,1.0,0.07,120.0,49.12,738.6,116.52,0.3,0.3,18.08,15.53,16.76,39.75,60.49,95.99,32.89
2018-01-16 09:34:00,1,1,52.89,72.0,68.0,47.0,50.26,52.89,0.0,0.0,0.0,45.0,47.07,0.2,1.0,0.07,120.0,49.13,738.6,116.52,0.3,0.3,18.08,15.55,16.76,39.75,60.51,95.95,32.9
2018-01-16 09:35:00,1,1,52.89,72.0,68.0,47.01,50.26,52.89,0.0,0.0,0.0,45.0,47.08,0.2,1.0,0.07,120.0,49.13,738.6,116.52,0.3,0.3,18.08,15.56,16.76,39.76,60.54,95.92,32.91
2018-01-16 09:36:00,1,1,52.9,72.0,68.0,47.02,50.27,52.9,0.0,0.0,0.0,45.0,47.08,0.2,1.0,0.07,120.0,49.14,738.6,116.52,0.3,0.3,18.08,15.58,16.76,39.76,60.56,95.89,32.91
2018-01-16 09:37:00,1,1,52.91,72.0,68.0,47.03,50.28,52.91,0.0,0.0,0.0,45.0,47.09,0.2,1.0,0.07,120.0,49.15,738.6,116.52,0.3,0.3,18.08,15.59,16.76,39.77,60.58,95.85,32.92
2018-01-16 09:38:00,1,1,52.91,72.0,68.0,47.03,50.29,52.91,0.0,0.0,0.0,45.0,47.1,0.2,1.0,0.07,120.0,49.16,738.6,116.52,0.3,0.3,18.08,15.61,16.76,39.77,60.61,95.82,32.92
2018-01-16 09:39:00,1,1,52.92,72.0,68.0,47.04,50.3,52.92,0.0,0.0,0.0,45.0,47.11,0.2,1.0,0.07,120.0,49.17,738.6,116.52,0.3,0.3,18.08,15.62,16.76,39.78,60.63,95.79,32.93
2018-01-16 09:40:00,1,1,52.93,72.0,68.0,47.05,50.3,52.93,0.0,0.0,0.0,45.0,47.11,0.2,1.0,0.07,120.0,49.17,738.6,116.52,0.3,0.3,18.08,15.64,16.76,39.78,60.65,95.76,32.93
2018-01-16 09:41:00,1,1,52.93,72.0,68.0,47.05,50.31,52.93,0.0,0.0,0.0,45.0,47.12,0.2,1.0,0.07,120.0,49.18,738.6,116.52,0.3,0.3,18.08,15.65,16.76,39.79,60.67,95.74,32.94
2018-01-16 09:42:00,1,1,52.93,72.0,68.0,47.06,50.31,52.93,0.0,0.0,0.0,45.0,47.13,0.2,1.0,0.07,120.0,49.19,738.6,116.52,0.3,0.3,18.08,15.67,16.76,39.79,60.7,95.71,32.94
2018-01-16 09:43:00,1,1,52.94,72.0,68.0,47.07,50.32,52.94,0.0,0.0,0.0,45.0,47.13,0.2,1.0,0.07,120.0,49.19,738.6,116.52,0.3,0.3,18.08,15.68,16.76,39.79,60.72,95.69,32.94
2018-01-16 09:44:00,1,1,52.94,72.0,68.0,47.07,50.33,52.94,0.0,0.0,0.0,45.0,47.14,0.2,1.0,0.07,120.0,49.2,738.6,116.52,0.3,0.3,18.08,15.7,16.76,39.8,60.74,95.66,32.95
2018-01-16 09:45:00,1,1,52.95,72.0,68.0,47.08,50.33,52.95,0.0,0.0,0.0,45.0,47.15,0.2,1.0,0.07,120.0,49.2,738.6,116.52,0.3,0.3,18.08,15.72,16.76,39.8,60.76,95.64,32.95
2018-01-16 09:46:00,1,1,52.95,72.0,68.0,47.08,50.34,52.95,0.0,0.0,0.0,45.0,47.15,0.2,1.0,0.07,120.0,49.21,738.6,116.52,0.3,0.3,18.08,15.73,16.76,39.8,60.78,95.62,32.95
2018-01-16 09:47:00,1,1,52.95,72.0,68.0,47.09,50.34,52.95,0.0,0.0,0.0,45.0,47.16,0.2,1.0,0.07,120.0,49.22,738.6,116.52,0.3,0.3,18.08,15.75,16.76,39.8,60.8,95.6,32.96
2018-01-16 09:48:00,1,1,52.96,72.0,68.0,47.09,50.35,52.96,0.0,0.0,0.0,45.0,47.16,0.2,1.0,0.07,120.0,49.22,738.6,116.52,0.3,0.3,18.08,15.76,16.76,39.8,60.82,95.58,32.96
2018-01-16 09:49:00,1,1,52.96,72.0,68.0,47.1,50.35,52.96,0.0,0.0,0.0,45.0,47.17,0.2,1.0,0.07,120.0,49.23,738.6,116.52,0.3,0.3,18.08,15.78,16.76,39.8,60.84,95.56,32.96
2018-01-16 09:50:00,1,1,52.96,72.0,68.0,47.1,50.36,52.96,0.0,0.0,0.0,45.0,47.17,0.2,1.0,0.07,120.0,49.23,738.6,116.52,0.3,0.3,18.08,15.8,16.76,39.8,60.86,95.54,32.96
2018-01-16 09:51:00,1,1,52.96,72.0,68.0,47.11,50.36,52.96,0.0,0.0,0.0,45.0,47.18,0.2,1.0,0.07,120.0,49.23,738.6,116.52,0.3,0.3,18.08,15.81,16.76,39.8,60.87,95.52,32.97
2018-01-16 09:52:00,1,1,52.97,72.0,68.0,47.11,50.37,52.97,0.0,0.0,0.0,45.0,47.18,0.2,1.0,0.07,120.0,49.24,738.6,116.52,0.3,0.3,18.08,15.83,16.76,39.8,60.89,95.51,32.97
2018-01-16 09:53:00,1,1,52.97,72.0,68.0,47.12,50.37,52.97,0.0,0.0,0.0,45.0,47.19,0.2,1.0,0.07,120.0,49.24,738.6,116.52,0.3,0.3,18.08,15.85,16.76,39.8,60.91,95.49,32.97
2018-01-16 09:54:00,1,1,52.97,72.0,68.0,47.12,50.37,52.97,0.0,0.0,0.0,45.0,47.19,0.2,1.0,0.07,120.0,49.25,738.6,116.52,0.3,0.3,18.08,15.86,16.76,39.8,60.92,95.47,32.97
2018-01-16 09:55:00,1,1,52.97,72.0,68.0,47.12,50.38,52.97,0.0,0.0,0.0,45.0,47.19,0.2,1.0,0.07,120.0,49.25,738.6,116.52,0.3,0.3,18.08,15.88,16.76,39.8,60.94,95.46,32.97
2018-01-16 09:56:00,1,1,52.97,72.0,68.0,47.13,50.38,52.97,0.0,0.0,0.0,45.0,47.2,0.2,1.0,0.07,120.0,49.26,738.6,116.52,0.3,0.3,18.08,15.9,16.76,39.79,60.95,95.44,32.97
2018-01-16 09:57:00,1,1,52.97,72.0,68.0,47.13,50.39,52.97,0.0,0.0,0.0,45.0,47.2,0.2,1.0,0.07,120.0,49.26,738.6,116.52,0.3,0.3,18.08,15.92,16.76,39.79,60.96,95.43,32.97
2018-01-16 09:58:00,1,1,52.97,72.0,68.0,47.14,50.39,52.97,0.0,0.0,0.0,45.0,47.21,0.2,1.0,0.07,120.0,49.26,738.6,116.52,0.3,0.3,18.08,15.94,16.76,39.79,60.97,95.41,32.97
2018-01-16 09:59:00,1,1,52.98,72.0,68.0,47.14,50.39,52.98,0.0,0.0,0.0,45.0,47.21,0.2,1.0,0.07,120.0,49.27,738.6,116.52,0.3,0.3,18.08,15.95,16.76,39.78,60.98,95.4,32.96
2018-01-16 10:00:00,1,1,52.98,72.0,68.0,47.14,50.4,52.98,0.0,0.0,0.0,45.0,47.21,0.2,1.0,0.07,120.0,49.27,738.6,116.52,0.3,0.3,18.08,15.97,16.76,39.78,60.99,95.38,32.96
2018-01-16 10:01:00,1,1,52.98,72.0,68.0,47.15,50.4,52.98,0.0,0.0,0.0,45.0,47.22,0.2,1.0,0.07,120.0,49.27,738.6,116.52,0.3,0.3,18.08,15.99,16.76,39.77,60.98,95.37,32.96
2018-01-16 10:02:00,1,1,52.98,72.0,68.0,47.15,50.4,52.98,0.0,0.0,0.0,45.0,47.22,0.2,1.0,0.07,120.0,49.28,738.6,116.52,0.3,0.3,18.08,16.01,16.76,39.75,60.95,95.35,32.95
2018-01-16 10:03:00,1,1,52.98,72.0,68.0,47.16,50.41,52.98,0.0,0.0,0.0,45.0,47.23,0.2,1.0,0.07,120.0,49.28,738.6,116.52,0.3,0.3,18.08,16.03,16.76,39.74,60.92,95.33,32.95
2018-01-16 10:04:00,1,1,52.99,72.0,68.0,47.17,50.42,52.99,0.0,0.0,0.0,45.0,47.23,0.2,1.0,0.07,120.0,49.29,738.6,116.52,0.3,0.3,18.08,16.06,16.76,39.72,60.88,95.3,32.94
2018-01-16 10:05:00,1,1,52.99,72.0,68.0,47.17,50.42,52.99,0.0,0.0,0.0,45.0,47.24,0.2,1.0,0.07,120.0,49.3,738.6,116.52,0.3,0.3,18.08,16.08,16.76,39.7,60.85,95.27,32.92
2018-01-16 10:06:00,1,1,53.0,72.0,68.0,47.18,50.43,53.0,0.0,0.0,0.0,45.0,47.25,0.2,1.0,0.07,120.0,49.3,738.6,116.52,0.3,0.3,18.08,16.1,16.76,39.68,60.81,95.24,32.91
2018-01-16 10:07:00,1,1,53.01,72.0,68.0,47.19,50.44,53.01,0.0,0.0,0.0,45.0,47.26,0.2,1.0,0.07,120.0,49.31,738.6,116.52,0.3,0.3,18.08,16.12,16.76,39.66,60.78,95.21,32.9
2018-01-16 10:08:00,1,1,53.01,72.0,68.0,47.2,50.45,53.01,0.0,0.0,0.0,45.0,47.27,0.2,1.0,0.07,120.0,49.32,738.6,116.52,0.3,0.3,18.08,16.14,16.76,39.64,60.74,95.17,32.88
2018-01-16 10:09:00,1,1,53.02,72.0,68.0,47.21,50.46,53.02,0.0,0.0,0.0,45.0,47.28,0.2,1.0,0.07,120.0,49.33,738.6,116.52,0.3,0.3,18.08,16.17,16.76,39.61,60.7,95.13,32.86
2018-01-16 10:10:00,1,1,53.03,72.0,68.0,47.22,50.47,53.03,0.0,0.0,0.0,45.0,47.29,0.2,1.0,0.07,120.0,49.34,738.6,116.52,0.3,0.3,18.08,16.19,16.76,39.59,60.66,95.1,32.85
2018-01-16 10:11:00,1,1,53.04,72.0,68.0,47.23,50.48,53.04,0.0,0.0,0.0,45.0,47.3,0.2,1.0,0.07,120.0,49.35,738.6,116.52,0.3,0.3,18.08,16.21,16.76,39.56,60.62,95.05,32.83
2018-01-16 10:12:00,1,1,53.05,72.0,68.0,47.25,50.49,53.05,0.0,0.0,0.0,45.0,47.31,0.2,1.0,0.07,120.0,49.36,738.6,116.52,0.3,0.3,18.08,16.24,16.76,39.53,60.58,95.01,32.8
2018-01-16 10:13:00,1,1,53.06,72.0,68.0,47.26,50.5,53.06,0.0,0.0,0.0,45.0,47.32,0.2,1.0,0.07,120.0,49.37,738.6,116.52,0.3,0.3,18.08,16.26,16.76,39.5,60.54,94.97,32.78
2018-01-16 10:14:00,1,1,53.07,72.0,68.0,47.27,50.51,53.07,0.0,0.0,0.0,45.0,47.33,0.2,1.0,0.07,120.0,49.38,738.6,116.52,0.3,0.3,18.08,16.28,16.76,39.47,60.49,94.92,32.76
2018-01-16 10:15:00,1,1,53.08,72.0,68.0,47.28,50.52,53.08,0.0,0.0,0.0,45.0,47.34,0.2,1.0,0.07,120.0,49.4,738.6,116.52,0.3,0.3,18.08,16.31,16.76,39.43,60.45,94.87,32.74
2018-01-16 10:16:00,1,1,53.09,72.0,68.0,47.29,50.53,53.09,0.0,0.0,0.0,45.0,47.36,0.2,1.0,0.07,120.0,49.41,738.6,116.52,0.3,0.3,18.08,16.33,16.76,39.4,60.41,94.83,32.71
2018-01-16 10:17:00,1,1,53.1,72.0,68.0,47.31,50.55,53.1,0.0,0.0,0.0,45.0,47.37,0.2,1.0,0.07,120.0,49.42,738.6,116.52,0.3,0.3,18.08,16.35,16.76,39.37,60.36,94.78,32.69
2018-01-16 10:18:00,1,1,53.11,72.0,68.0,47.32,50.56,53.11,0.0,0.0,0.0,45.0,47.38,0.2,1.0,0.07,120.0,49.43,738.6,116.52,0.3,0.3,18.08,16.38,16.76,39.33,60.32,94.73,32.66
2018-01-16 10:19:00,1,1,53.12,72.0,68.0,47.33,50.57,53.12,0.0,0.0,0.0,45.0,47.4,0.2,1.0,0.07,120.0,49.45,738.6,116.52,0.3,0.3,18.08,16.4,16.76,39.29,60.27,94.68,32.63
2018-01-16 10:20:00,1,1,53.13,72.0,68.0,47.35,50.58,53.13,0.0,0.0,0.0,45.0,47.41,0.2,1.0,0.07,120.0,49.46,738.6,116.52,0.3,0.3,18.08,16.43,16.76,39.26,60.22,94.62,32.6
2018-01-16 10:21:00,1,1,53.14,72.0,68.0,47.36,50.6,53.14,0.0,0.0,0.0,45.0,47.42,0.2,1.0,0.07,120.0,49.47,738.6,116.52,0.3,0.3,18.08,16.45,16.76,39.22,60.17,94.57,32.57
2018-01-16 10:22:00,1,1,53.16,72.0,68.0,47.38,50.61,53.16,0.0,0.0,0.0,45.0,47.44,0.2,1.0,0.07,120.0,49.49,738.6,116.52,0.3,0.3,18.08,16.48,16.76,39.18,60.13,94.52,32.55
2018-01-16 10:23:00,1,1,53.17,72.0,68.0,47.39,50.62,53.17,0.0,0.0,0.0,45.0,47.45,0.2,1.0,0.07,120.0,49.5,738.6,116.52,0.3,0.3,18.08,16.5,16.76,39.14,60.08,94.47,32.51
2018-01-16 10:24:00,1,1,53.18,72.0,68.0,47.4,50.64,53.18,0.0,0.0,0.0,45.0,47.47,0.2,1.0,0.07,120.0,49.51,738.6,116.52,0.3,0.3,18.08,16.53,16.76,39.1,60.03,94.41,32.48
2018-01-16 10:25:00,1,1,53.19,72.0,68.0,47.42,50.65,53.19,0.0,0.0,0.0,45.0,47.48,0.2,1.0,0.07,120.0,49.53,738.6,116.52,0.3,0.3,18.08,16.56,16.76,39.06,59.98,94.36,32.45
2018-01-16 10:26:00,1,1,53.21,72.0,68.0,47.43,50.67,53.21,0.0,0.0,0.0,45.0,47.5,0.2,1.0,0.07,120.0,49.54,738.6,116.52,0.3,0.3,18.08,16.58,16.76,39.02,59.92,94.3,32.42
2018-01-16 10:27:00,1,1,53.22,72.0,68.0,47.45,50.68,53.22,0.0,0.0,0.0,45.0,47.51,0.2,1.0,0.07,120.0,49.56,738.6,116.52,0.3,0.3,18.08,16.61,16.76,38.97,59.87,94.24,32.39
2018-01-16 10:28:00,1,1,53.23,72.0,68.0,47.46,50.69,53.23,0.0,0.0,0.0,45.0,47.52,0.2,1.0,0.07,120.0,49.57,738.6,116.52,0.3,0.3,18.08,16.63,16.76,38.93,59.82,94.19,32.36
2018-01-16 10:29:00,1,1,53.25,72.0,68.0,47.48,50.71,53.25,0.0,0.0,0.0,45.0,47.54,0.2,1.0,0.07,120.0,49.59,738.6,116.52,0.3,0.3,18.08,16.66,16.76,38.89,59.77,94.13,32.32
2018-01-16 10:30:00,1,1,53.26,72.0,68.0,47.49,50.72,53.26,0.0,0.0,0.0,45.0,47.56,0.2,1.0,0.07,120.0,49.6,738.6,116.52,0.3,0.3,18.08,16.69,16.76,38.84,59.72,94.07,32.29
2018-01-16 10:31:00,1,1,53.27,72.0,68.0,47.51,50.74,53.27,0.0,0.0,0.0,45.0,47.57,0.2,1.0,0.07,120.0,49.62,738.6,116.52,0.3,0.3,18.08,16.71,16.76,38.8,59.66,94.02,32.25
2018-01-16 10:32:00,1,1,53.28,72.0,68.0,47.52,50.75,53.28,0.0,0.0,0.0,45.0,47.59,0.2,1.0,0.07,120.0,49.63,738.6,116.52,0.3,0.3,18.08,16.74,16.76,38.75,59.61,93.96,32.22
2018-01-16 10:33:00,1,1,53.3,72.0,68.0,47.54,50.77,53.3,0.0,0.0,0.0,45.0,47.6,0.2,1.0,0.07,120.0,49.65,738.6,116.52,0.3,0.3,18.08,16.77,16.76,38.71,59.56,93.9,32.18
2018-01-16 10:34:00,1,1,53.31,72.0,68.0,47.56,50.78,53.31,0.0,0.0,0.0,45.0,47.62,0.2,1.0,0.07,120.0,49.66,738.6,116.52,0.3,0.3,18.08,16.8,16.76,38.66,59.5,93.84,32.15
2018-01-16 10:35:00,1,1,53.33,72.0,68.0,47.57,50.8,53.33,0.0,0.0,0.0,45.0,47.63,0.2,1.0,0.07,120.0,49.68,738.6,116.52,0.3,0.3,18.08,16.82,16.76,38.62,59.45,93.78,32.11
2018-01-16 10:36:00,1,1,53.34,72.0,68.0,47.59,50.81,53.34,0.0,0.0,0.0,45.0,47.65,0.2,1.0,0.07,120.0,49.69,738.6,116.52,0.3,0.3,18.08,16.85,16.76,38.57,59.39,93.72,32.08
2018-01-16 10:37:00,1,1,53.35,72.0,68.0,47.6,50.83,53.35,0.0,0.0,0.0,45.0,47.66,0.2,1.0,0.07,120.0,49.71,738.6,116.52,0.3,0.3,18.08,16.88,16.76,38.52,59.34,93.66,32.04
2018-01-16 10:38:00,1,1,53.37,72.0,68.0,47.62,50.84,53.37,0.0,0.0,0.0,45.0,47.68,0.2,1.0,0.07,120.0,49.72,738.6,116.52,0.3,0.3,18.08,16.91,16.76,38.48,59.28,93.6,32.0
2018-01-16 10:39:00,1,1,53.38,72.0,68.0,47.64,50.86,53.38,0.0,0.0,0.0,45.0,47.7,0.2,1.0,0.07,120.0,49.74,738.6,116.52,0.3,0.3,18.08,16.94,16.76,38.43,59.22,93.54,31.97
2018-01-16 10:40:00,1,1,53.39,72.0,68.0,47.65,50.87,53.39,0.0,0.0,0.0,45.0,47.71,0.2,1.0,0.07,120.0,49.75,738.6,116.52,0.3,0.3,18.08,16.97,16.76,38.38,59.17,93.48,31.93
2018-01-16 10:41:00,1,1,53.41,72.0,68.0,47.67,50.89,53.41,0.0,0.0,0.0,45.0,47.73,0.2,1.0,0.07,120.0,49.77,738.6,116.52,0.3,0.3,18.08,17.0,16.76,38.33,59.11,93.42,31.89
2018-01-16 10:42:00,1,1,53.42,72.0,68.0,47.68,50.91,53.42,0.0,0.0,0.0,45.0,47.75,0.2,1.0,0.07,120.0,49.79,738.6,116.52,0.3,0.3,18.08,17.02,16.76,38.28,59.05,93.36,31.85
2018-01-16 10:43:00,1,1,53.44,72.0,68.0,47.7,50.92,53.44,0.0,0.0,0.0,45.0,47.76,0.2,1.0,0.07,120.0,49.8,738.6,116.52,0.3,0.3,18.08,17.05,16.76,38.23,59.0,93.3,31.81
2018-01-16 10:44:00,1,1,53.45,72.0,68.0,47.72,50.94,53.45,0.0,0.0,0.0,45.0,47.78,0.2,1.0,0.07,120.0,49.82,738.6,116.52,0.3,0.3,18.08,17.08,16.76,38.18,58.94,93.24,31.78
2018-01-16 10:45:00,1,1,53.46,72.0,68.0,47.73,50.95,53.46,0.0,0.0,0.0,45.0,47.79,0.2,1.0,0.07,120.0,49.83,738.6,116.52,0.3,0.3,18.08,17.11,16.76,38.13,58.88,93.18,31.74
2018-01-16 10:46:00,1,1,53.48,72.0,68.0,47.75,50.97,53.48,0.0,0.0,0.0,45.0,47.81,0.2,1.0,0.07,120.0,49.85,738.6,116.52,0.3,0.3,18.08,17.14,16.76,38.08,58.83,93.12,31.7
2018-01-16 10:47:00,1,1,53.49,72.0,68.0,47.77,50.98,53.49,0.0,0.0,0.0,45.0,47.83,0.2,1.0,0.07,120.0,49.87,738.6,116.52,0.3,0.3,18.08,17.17,16.76,38.03,58.77,93.06,31.66
2018-01-16 10:48:00,1,1,53.51,72.0,68.0,47.78,51.0,53.51,0.0,0.0,0.0,45.0,47.84,0.2,1.0,0.07,120.0,49.88,738.6,116.52,0.3,0.3,18.08,17.2,16.76,37.98,58.71,93.0,31.62
2018-01-16 10:49:00,1,1,53.52,72.0,68.0,47.8,51.02,53.52,0.0,0.0,0.0,45.0,47.86,0.2,1.0,0.07,120.0,49.9,738.6,116.52,0.3,0.3,18.08,17.23,16.76,37.93,58.66,92.94,31.58
2018-01-16 10:50:00,1,1,53.53,72.0,68.0,47.82,51.03,53.53,0.0,0.0,0.0,45.0,47.88,0.2,1.0,0.07,120.0,49.91,738.6,116.52,0.3,0.3,18.08,17.27,16.76,37.88,58.6,92.87,31.54
2018-01-16 10:51:00,1,1,53.55,72.0,68.0,47.83,51.05,53.55,0.0,0.0,0.0,45.0,47.89,0.2,1.0,0.07,120.0,49.93,738.6,116.52,0.3,0.3,18.08,17.3,16.76,37.83,58.54,92.81,31.5
2018-01-16 10:52:00,1,1,53.56,72.0,68.0,47.85,51.06,53.56,0.0,0.0,0.0,45.0,47.91,0.2,1.0,0.07,120.0,49.95,738.6,116.52,0.3,0.3,18.08,17.33,16.76,37.78,58.48,92.75,31.46
2018-01-16 10:53:00,1,1,53.58,72.0,68.0,47.87,51.08,53.58,0.0,0.0,0.0,45.0,47.93,0.2,1.0,0.07,120.0,49.96,738.6,116.52,0.3,0.3,18.08,17.36,16.76,37.73,58.43,92.69,31.42
2018-01-16 10:54:00,1,1,53.59,72.0,68.0,47.88,51.1,53.59,0.0,0.0,0.0,45.0,47.94,0.2,1.0,0.07,120.0,49.98,738.6,116.52,0.3,0.3,18.08,17.39,16.76,37.68,58.37,92.63,31.38
2018-01-16 10:55:00,1,1,53.6,72.0,68.0,47.9,51.11,53.6,0.0,0.0,0.0,45.0,47.96,0.2,1.0,0.07,120.0,50.0,738.6,116.52,0.3,0.3,18.08,17.42,16.76,37.63,58.31,92.57,31.34
2018-01-16 10:56:00,1,1,53.62,72.0,68.0,47.92,51.13,53.62,0.0,0.0,0.0,45.0,47.98,0.2,1.0,0.07,120.0,50.01,738.6,116.52,0.3,0.3,18.08,17.45,16.76,37.58,58.26,92.51,31.31
2018-01-16 10:57:00,1,1,53.63,72.0,68.0,47.93,51.14,53.63,0.0,0.0,0.0,45.0,47.99,0.2,1.0,0.07,120.0,50.03,738.6,116.52,0.3,0.3,18.08,17.49,16.76,37.53,58.2,92.44,31.27
2018-01-16 10:58:00,1,1,53.65,72.0,68.0,47.95,51.16,53.65,0.0,0.0,0.0,45.0,48.01,0.2,1.0,0.07,120.0,50.04,738.6,116.52,0.3,0.3,18.08,17.52,16.76,37.48,58.15,92.38,31.23
2018-01-16 10:59:00,1,1,53.66,72.0,68.0,47.97,51.18,53.66,0.0,0.0,0.0,45.0,48.03,0.2,1.0,0.07,120.0,50.06,738.6,116.52,0.3,0.3,18.08,17.55,16.76,37.43,58.09,92.32,31.19
2018-01-16 11:00:00,1,1,53.67,72.0,68.0,47.99,51.19,53.67,0.0,0.0,0.0,45.0,48.05,0.2,1.0,0.07,120.0,50.08,738.6,116.52,0.3,0.3,18.08,17.58,16.76,37.38,58.03,92.26,31.15
2018-01-16 11:01:00,1,1,53.69,72.0,68.0,48.0,51.21,53.69,0.0,0.0,0.0,45.0,48.06,0.2,1.0,0.07,120.0,50.09,738.6,116.52,0.3,0.3,18.08,17.62,16.76,37.33,57.99,92.2,31.11
2018-01-16 11:02:00,1,1,53.7,72.0,68.0,48.02,51.23,53.7,0.0,0.0,0.0,45.0,48.08,0.2,1.0,0.07,120.0,50.11,738.6,116.52,0.3,0.3,18.08,17.66,16.76,37.28,57.95,92.13,31.07
2018-01-16 11:03:00,1,1,53.71,72.0,68.0,48.04,51.24,53.71,0.0,0.0,0.0,45.0,48.1,0.2,1.0,0.07,120.0,50.13,738.6,116.52,0.3,0.3,18.08,17.71,16.76,37.23,57.92,92.07,31.03
2018-01-16 11:04:00,1,1,53.73,72.0,68.0,48.06,51.26,53.73,0.0,0.0,0.0,45.0,48.12,0.2,1.0,0.07,120.0,50.15,738.6,116.52,0.3,0.3,18.08,17.75,16.76,37.18,57.88,92.0,31.0
2018-01-16 11:05:00,1,1,53.74,72.0,68.0,48.07,51.28,53.74,0.0,0.0,0.0,45.0,48.13,0.2,1.0,0.07,120.0,50.16,738.6,116.52,0.3,0.3,18.08,17.79,16.76,37.14,57.85,91.94,30.96
2018-01-16 11:06:00,1,1,53.75,72.0,68.0,48.09,51.29,53.75,0.0,0.0,0.0,45.0,48.15,0.2,1.0,0.07,120.0,50.18,738.6,116.52,0.3,0.3,18.08,17.83,16.76,37.09,57.81,91.88,30.93
2018-01-16 11:07:00,1,1,53.77,72.0,68.0,48.11,51.31,53.77,0.0,0.0,0.0,45.0,48.17,0.2,1.0,0.07,120.0,50.2,738.6,116.52,0.3,0.3,18.08,17.88,16.76,37.05,57.78,91.81,30.9
2018-01-16 11:08:00,1,1,53.78,72.0,68.0,48.13,51.33,53.78,0.0,0.0,0.0,45.0,48.19,0.2,1.0,0.07,120.0,50.21,738.6,116.52,0.3,0.3,18.08,17.92,16.76,37.0,57.74,91.75,30.86
2018-01-16 11:09:00,1,1,53.79,72.0,68.0,48.14,51.34,53.79,0.0,0.0,0.0,45.0,48.2,0.2,1.0,0.07,120.0,50.23,738.6,116.52,0.3,0.3,18.08,17.96,16.76,36.96,57.71,91.69,30.83
2018-01-16 11:10:00,1,1,53.8,72.0,68.0,48.16,51.36,53.8,0.0,0.0,0.0,45.0,48.22,0.2,1.0,0.07,120.0,50.25,738.6,116.52,0.3,0.3,18.08,18.0,16.76,36.92,57.67,91.63,30.8
2018-01-16 11:11:00,1,1,53.82,72.0,68.0,48.18,51.38,53.82,0.0,0.0,0.0,45.0,48.24,0.2,1.0,0.07,120.0,50.27,738.6,116.52,0.3,0.3,18.08,18.05,16.76,36.88,57.64,91.56,30.77
2018-01-16 11:12:00,1,1,53.83,72.0,68.0,48.2,51.39,53.83,0.0,0.0,0.0,45.0,48.26,0.2,1.0,0.07,120.0,50.28,738.6,116.52,0.3,0.3,18.08,18.09,16.76,36.84,57.61,91.5,30.75
2018-01-16 11:13:00,1,1,53.84,72.0,68.0,48.21,51.41,53.84,0.0,0.0,0.0,45.0,48.27,0.2,1.0,0.07,120.0,50.3,738.6,116.52,0.3,0.3,18.08,18.13,16.76,36.8,57.57,91.44,30.72
2018-01-16 11:14:00,1,1,53.85,72.0,68.0,48.23,51.43,53.85,0.0,0.0,0.0,45.0,48.29,0.2,1.0,0.07,120.0,50.32,738.6,116.52,0.3,0.3,18.08,18.17,16.76,36.76,57.54,91.38,30.69
2018-01-16 11:15:00,1,1,53.87,72.0,68.0,48.25,51.44,53.87,0.0,0.0,0.0,45.0,48.31,0.2,1.0,0.07,120.0,50.33,738.6,116.52,0.3,0.3,18.08,18.22,16.76,36.73,57.51,91.32,30.66
2018-01-16 11:16:00,1,1,53.88,72.0,68.0,48.26,51.46,53.88,0.0,0.0,0.0,45.0,48.32,0.2,1.0,0.07,120.0,50.35,738.6,116.52,0.3,0.3,18.08,18.26,16.76,36.69,57.47,91.26,30.64
2018-01-16 11:17:00,1,1,53.89,72.0,68.0,48.28,51.48,53.89,0.0,0.0,0.0,45.0,48.34,0.2,1.0,0.07,120.0,50.36,738.6,116.52,0.3,0.3,18.08,18.3,16.76,36.65,57.44,91.2,30.61
2018-01-16 11:18:00,1,1,53.9,72.0,68.0,48.3,51.49,53.9,0.0,0.0,0.0,45.0,48.36,0.2,1.0,0.07,120.0,50.38,738.6,116.52,0.3,0.3,18.08,18.35,16.76,36.61,57.41,91.14,30.58
2018-01-16 11:19:00,1,1,53.91,72.0,68.0,48.31,51.51,53.91,0.0,0.0,0.0,45.0,48.37,0.2,1.0,0.07,120.0,50.4,738.6,116.52,0.3,0.3,18.08,18.39,16.76,36.58,57.37,91.08,30.56
2018-01-16 11:20:00,1,1,53.93,72.0,68.0,48.33,51.52,53.93,0.0,0.0,0.0,45.0,48.39,0.2,1.0,0.07,120.0,50.41,738.6,116.52,0.3,0.3,18.08,18.43,16.76,36.54,57.34,91.02,30.53
2018-01-16 11:21:00,1,1,53.94,72.0,68.0,48.35,51.54,53.94,0.0,0.0,0.0,45.0,48.41,0.2,1.0,0.07,120.0,50.43,738.6,116.52,0.3,0.3,18.08,18.47,16.76,36.51,57.31,90.97,30.51
2018-01-16 11:22:00,1,1,53.95,72.0,68.0,48.36,51.55,53.95,0.0,0.0,0.0,45.0,48.42,0.2,1.0,0.07,120.0,50.45,738.6,116.52,0.3,0.3,18.08,18.52,16.76,36.47,57.28,90.91,30.48
2018-01-16 11:23:00,1,1,53.96,72.0,68.0,48.38,51.57,53.96,0.0,0.0,0.0,45.0,48.44,0.2,1.0,0.07,120.0,50.46,738.6,116.52,0.3,0.3,18.08,18.56,16.76,36.44,57.24,90.85,30.46
2018-01-16 11:24:00,1,1,53.97,72.0,68.0,48.4,51.59,53.97,0.0,0.0,0.0,45.0,48.46,0.2,1.0,0.07,120.0,50.48,738.6,116.52,0.3,0.3,18.08,18.6,16.76,36.4,57.21,90.79,30.44
2018-01-16 11:25:00,1,1,53.98,72.0,68.0,48.41,51.6,53.98,0.0,0.0,0.0,45.0,48.47,0.2,1.0,0.07,120.0,50.49,738.6,116.52,0.3,0.3,18.08,18.64,16.76,36.37,57.18,90.74,30.41
2018-01-16 11:26:00,1,1,53.99,72.0,68.0,48.43,51.62,53.99,0.0,0.0,0.0,45.0,48.49,0.2,1.0,0.07,120.0,50.51,738.6,116.52,0.3,0.3,18.08,18.69,16.76,36.34,57.15,90.68,30.39
2018-01-16 11:27:00,1,1,54.0,72.0,68.0,48.44,51.63,54.0,0.0,0.0,0.0,45.0,48.5,0.2,1.0,0.07,120.0,50.52,738.6,116.52,0.3,0.3,18.08,18.73,16.76,36.3,57.11,90.62,30.37
2018-01-16 11:28:00,1,1,54.02,72.0,68.0,48.46,51.65,54.02,0.0,0.0,0.0,45.0,48.52,0.2,1.0,0.07,120.0,50.54,738.6,116.52,0.3,0.3,18.08,18.77,16.76,36.27,57.08,90.57,30.34
2018-01-16 11:29:00,1,1,54.03,72.0,68.0,48.48,51.66,54.03,0.0,0.0,0.0,45.0,48.54,0.2,1.0,0.07,120.0,50.55,738.6,116.52,0.3,0.3,18.08,18.81,16.76,36.24,57.05,90.51,30.32
2018-01-16 11:30:00,1,1,54.04,72.0,68.0,48.49,51.68,54.04,0.0,0.0,0.0,45.0,48.55,0.2,1.0,0.07,120.0,50.57,738.6,116.52,0.3,0.3,18.08,18.85,16.76,36.2,57.02,90.46,30.3
2018-01-16 11:31:00,1,1,54.05,72.0,68.0,48.51,51.69,54.05,0.0,0.0,0.0,45.0,48.57,0.2,1.0,0.07,120.0,50.59,738.6,116.52,0.3,0.3,18.08,18.89,16.76,36.17,56.98,90.41,30.27
2018-01-16 11:32:00,1,1,54.06,72.0,68.0,48.52,51.71,54.06,0.0,0.0,0.0,45.0,48.58,0.2,1.0,0.07,120.0,50.6,738.6,116.52,0.3,0.3,18.08,18.93,16.76,36.14,56.95,90.35,30.25
2018-01-16 11:33:00,1,1,54.07,72.0,68.0,48.54,51.72,54.07,0.0,0.0,0.0,45.0,48.6,0.2,1.0,0.07,120.0,50.62,738.6,116.52,0.3,0.3,18.08,18.97,16.76,36.11,56.92,90.3,30.23
2018-01-16 11:34:00,1,1,54.08,72.0,68.0,48.55,51.74,54.08,0.0,0.0,0.0,45.0,48.61,0.2,1.0,0.07,120.0,50.63,738.6,116.52,0.3,0.3,18.08,19.02,16.76,36.07,56.89,90.25,30.21
2018-01-16 11:35:00,1,1,54.09,72.0,68.0,48.57,51.75,54.09,0.0,0.0,0.0,45.0,48.63,0.2,1.0,0.07,120.0,50.64,738.6,116.52,0.3,0.3,18.08,19.06,16.76,36.04,56.86,90.19,30.18
2018-01-16 11:36:00,1,1,54.1,72.0,68.0,48.58,51.76,54.1,0.0,0.0,0.0,45.0,48.64,0.2,1.0,0.07,120.0,50.66,738.6,116.52,0.3,0.3,18.08,19.1,16.76,36.01,56.82,90.14,30.16
2018-01-16 11:37:00,1,1,54.11,72.0,68.0,48.6,51.78,54.11,0.0,0.0,0.0,45.0,48.66,0.2,1.0,0.07,120.0,50.67,738.6,116.52,0.3,0.3,18.08,19.13,16.76,35.98,56.79,90.09,30.14
2018-01-16 11:38:00,1,1,54.12,72.0,68.0,48.61,51.79,54.12,0.0,0.0,0.0,45.0,48.67,0.2,1.0,0.07,120.0,50.69,738.6,116.52,0.3,0.3,18.08,19.17,16.76,35.94,56.76,90.04,30.12
2018-01-16 11:39:00,1,1,54.13,72.0,68.0,48.62,51.81,54.13,0.0,0.0,0.0,45.0,48.69,0.2,1.0,0.07,120.0,50.7,738.6,116.52,0.3,0.3,18.08,19.21,16.76,35.91,56.73,89.99,30.09
2018-01-16 11:40:00,1,1,54.14,72.0,68.0,48.64,51.82,54.14,0.0,0.0,0.0,45.0,48.7,0.2,1.0,0.07,120.0,50.72,738.6,116.52,0.3,0.3,18.08,19.25,16.76,35.88,56.69,89.94,30.07
2018-01-16 11:41:00,1,1,54.15,72.0,68.0,48.65,51.83,54.15,0.0,0.0,0.0,45.0,48.72,0.2,1.0,0.07,120.0,50.73,738.6,116.52,0.3,0.3,18.08,19.29,16.76,35.85,56.66,89.89,30.05
2018-01-16 11:42:00,1,1,54.16,72.0,68.0,48.67,51.85,54.16,0.0,0.0,0.0,45.0,48.73,0.2,1.0,0.07,120.0,50.74,738.6,116.52,0.3,0.3,18.08,19.33,16.76,35.81,56.63,89.85,30.02
2018-01-16 11:43:00,1,1,54.17,72.0,68.0,48.68,51.86,54.17,0.0,0.0,0.0,45.0,48.74,0.2,1.0,0.07,120.0,50.76,738.6,116.52,0.3,0.3,18.08,19.36,16.76,35.78,56.6,89.8,30.0
2018-01-16 11:44:00,1,1,54.18,72.0,68.0,48.69,51.87,54.18,0.0,0.0,0.0,45.0,48.76,0.2,1.0,0.07,120.0,50.77,738.6,116.52,0.3,0.3,18.08,19.4,16.76,35.75,56.56,89.75,29.98
2018-01-16 11:45:00,1,1,54.18,72.0,68.0,48.71,51.89,54.18,0.0,0.0,0.0,45.0,48.77,0.2,1.0,0.07,120.0,50.78,738.6,116.52,0.3,0.3,18.08,19.44,16.76,35.71,56.53,89.7,29.95
2018-01-16 11:46:00,1,1,54.19,72.0,68.0,48.72,51.9,54.19,0.0,0.0,0.0,45.0,48.78,0.2,1.0,0.07,120.0,50.8,738.6,116.52,0.3,0.3,18.08,19.47,16.76,35.68,56.5,89.66,29.93
2018-01-16 11:47:00,1,1,54.2,72.0,68.0,48.73,51.91,54.2,0.0,0.0,0.0,45.0,48.8,0.2,1.0,0.07,120.0,50.81,738.6,116.52,0.3,0.3,18.08,19.51,16.76,35.65,56.46,89.61,29.91
2018-01-16 11:48:00,1,1,54.21,72.0,68.0,48.75,51.92,54.21,0.0,0.0,0.0,45.0,48.81,0.2,1.0,0.07,120.0,50.82,738.6,116.52,0.3,0.3,18.08,19.55,16.76,35.61,56.43,89.57,29.88
2018-01-16 11:49:00,1,1,54.22,72.0,68.0,48.76,51.94,54.22,0.0,0.0,0.0,45.0,48.82,0.2,1.0,0.07,120.0,50.83,738.6,116.52,0.3,0.3,18.08,19.58,16.76,35.58,56.4,89.53,29.86
2018-01-16 11:50:00,1,1,54.23,72.0,68.0,48.77,51.95,54.23,0.0,0.0,0.0,45.0,48.84,0.2,1.0,0.07,120.0,50.85,738.6,116.52,0.3,0.3,18.08,19.61,16.76,35.55,56.36,89.48,29.83
2018-01-16 11:51:00,1,1,54.24,72.0,68.0,48.78,51.96,54.24,0.0,0.0,0.0,45.0,48.85,0.2,1.0,0.07,120.0,50.86,738.6,116.52,0.3,0.3,18.08,19.65,16.76,35.51,56.33,89.44,29.81
2018-01-16 11:52:00,1,1,54.24,72.0,68.0,48.8,51.97,54.24,0.0,0.0,0.0,45.0,48.86,0.2,1.0,0.07,120.0,50.87,738.6,116.52,0.3,0.3,18.08,19.68,16.76,35.48,56.29,89.4,29.78
2018-01-16 11:53:00,1,1,54.25,72.0,68.0,48.81,51.98,54.25,0.0,0.0,0.0,45.0,48.87,0.2,1.0,0.07,120.0,50.88,738.6,116.52,0.3,0.3,18.08,19.71,16.76,35.44,56.26,89.36,29.76
2018-01-16 11:54:00,1,1,54.26,72.0,68.0,48.82,52.0,54.26,0.0,0.0,0.0,45.0,48.88,0.2,1.0,0.07,120.0,50.89,738.6,116.52,0.3,0.3,18.08,19.75,16.76,35.41,56.22,89.32,29.73
2018-01-16 11:55:00,1,1,54.27,72.0,68.0,48.83,52.01,54.27,0.0,0.0,0.0,45.0,48.9,0.2,1.0,0.07,120.0,50.91,738.6,116.52,0.3,0.3,18.08,19.78,16.76,35.37,56.19,89.28,29.7
2018-01-16 11:56:00,1,1,54.28,72.0,68.0,48.84,52.02,54.28,0.0,0.0,0.0,45.0,48.91,0.2,1.0,0.07,120.0,50.92,738.6,116.52,0.3,0.3,18.08,19.81,16.76,35.34,56.16,89.24,29.68
2018-01-16 11:57:00,1,1,54.28,72.0,68.0,48.85,52.03,54.28,0.0,0.0,0.0,45.0,48.92,0.2,1.0,0.07,120.0,50.93,738.6,116.52,0.3,0.3,18.08,19.84,16.76,35.3,56.12,89.2,29.65
2018-01-16 11:58:00,1,1,54.29,72.0,68.0,48.87,52.04,54.29,0.0,0.0,0.0,45.0,48.93,0.2,1.0,0.07,120.0,50.94,738.6,116.52,0.3,0.3,18.08,19.87,16.76,35.26,56.08,89.16,29.62
2018-01-16 11:59:00,1,1,54.3,72.0,68.0,48.88,52.05,54.3,0.0,0.0,0.0,45.0,48.94,0.2,1.0,0.07,120.0,50.95,738.6,116.52,0.3,0.3,18.08,19.9,16.76,35.23,56.05,89.12,29.59
2018-01-16 12:00:00,1,1,54.31,72.0,68.0,48.89,52.06,54.31,0.0,0.0,0.0,45.0,48.95,0.2,1.0,0.07,120.0,50.96,738.6,116.52,0.3,0.3,18.08,19.93,16.76,35.19,56.01,89.09,29.56
2018-01-16 12:01:00,1,1,54.31,72.0,68.0,48.9,52.07,54.31,0.0,0.0,0.0,45.0,48.96,0.2,1.0,0.07,120.0,50.97,738.6,116.52,0.3,0.3,18.08,19.94,16.76,35.15,55.97,89.05,29.53
2018-01-16 12:02:00,1,1,54.32,72.0,68.0,48.9,52.08,54.32,0.0,0.0,0.0,45.0,48.97,0.2,1.0,0.07,120.0,50.98,738.6,116.52,0.3,0.3,18.08,19.95,16.76,35.12,55.91,89.03,29.5
2018-01-16 12:03:00,1,1,54.33,72.0,68.0,48.91,52.08,54.33,0.0,0.0,0.0,45.0,48.98,0.2,1.0,0.07,120.0,50.99,738.6,116.52,0.3,0.3,18.08,19.96,16.76,35.08,55.86,89.0,29.47
2018-01-16 12:04:00,1,1,54.33,72.0,68.0,48.92,52.09,54.33,0.0,0.0,0.0,45.0,48.98,0.2,1.0,0.07,120.0,50.99,738.6,116.52,0.3,0.3,18.08,19.97,16.76,35.03,55.81,88.98,29.43
2018-01-16 12:05:00,1,1,54.34,72.0,68.0,48.92,52.1,54.34,0.0,0.0,0.0,45.0,48.99,0.2,1.0,0.07,120.0,51.0,738.6,116.52,0.3,0.3,18.08,19.98,16.76,34.99,55.75,88.96,29.39
2018-01-16 12:06:00,1,1,54.34,72.0,68.0,48.93,52.1,54.34,0.0,0.0,0.0,45.0,48.99,0.2,1.0,0.07,120.0,51.0,738.6,116.52,0.3,0.3,18.08,19.99,16.76,34.94,55.7,88.94,29.35
2018-01-16 12:07:00,1,1,54.35,72.0,68.0,48.93,52.1,54.35,0.0,0.0,0.0,45.0,49.0,0.2,1.0,0.07,120.0,51.01,738.6,116.52,0.3,0.3,18.08,19.99,16.76,34.89,55.65,88.93,29.31
2018-01-16 12:08:00,1,1,54.35,72.0,68.0,48.93,52.11,54.35,0.0,0.0,0.0,45.0,49.0,0.2,1.0,0.07,120.0,51.01,738.6,116.52,0.3,0.3,18.08,20.0,16.76,34.84,55.59,88.91,29.27
2018-01-16 12:09:00,1,1,54.35,72.0,68.0,48.94,52.11,54.35,0.0,0.0,0.0,45.0,49.01,0.2,1.0,0.07,120.0,51.02,738.6,116.52,0.3,0.3,18.08,20.0,16.76,34.79,55.54,88.9,29.22
2018-01-16 12:10:00,1,1,54.36,72.0,68.0,48.94,52.12,54.36,0.0,0.0,0.0,45.0,49.01,0.2,1.0,0.07,120.0,51.02,738.6,116.52,0.3,0.3,18.08,20.01,16.76,34.73,55.48,88.89,29.17
2018-01-16 12:11:00,1,1,54.36,72.0,68.0,48.94,52.12,54.36,0.0,0.0,0.0,45.0,49.01,0.2,1.0,0.07,120.0,51.02,738.6,116.52,0.3,0.3,18.08,20.01,16.76,34.68,55.43,88.88,29.12
2018-01-16 12:12:00,1,1,54.36,72.0,68.0,48.95,52.12,54.36,0.0,0.0,0.0,45.0,49.02,0.2,1.0,0.07,120.0,51.03,738.6,116.52,0.3,0.3,18.08,20.02,16.76,34.62,55.37,88.87,29.07
2018-01-16 12:13:00,1,1,54.36,72.0,68.0,48.95,52.12,54.36,0.0,0.0,0.0,45.0,49.02,0.2,1.0,0.07,120.0,51.03,738.6,116.52,0.3,0.3,18.08,20.02,16.76,34.56,55.32,88.86,29.02
2018-01-16 12:14:00,1,1,54.37,72.0,68.0,48.95,52.13,54.37,0.0,0.0,0.0,45.0,49.02,0.2,1.0,0.07,120.0,51.03,738.6,116.52,0.3,0.3,18.08,20.02,16.76,34.5,55.26,88.85,28.96
2018-01-16 12:15:00,1,1,54.37,72.0,68.0,48.95,52.13,54.37,0.0,0.0,0.0,45.0,49.02,0.2,1.0,0.07,120.0,51.03,738.6,116.52,0.3,0.3,18.08,20.02,16.76,34.44,55.21,88.84,28.91
2018-01-16 12:16:00,1,1,54.37,72.0,68.0,48.96,52.13,54.37,0.0,0.0,0.0,45.0,49.03,0.2,1.0,0.07,120.0,51.03,738.6,116.52,0.3,0.3,18.08,20.03,16.76,34.37,55.16,88.84,28.85
2018-01-16 12:17:00,1,1,54.37,72.0,68.0,48.96,52.13,54.37,0.0,0.0,0.0,45.0,49.03,0.2,1.0,0.07,120.0,51.04,738.6,116.52,0.3,0.3,18.08,20.03,16.76,34.31,55.1,88.83,28.79
2018-01-16 12:18:00,1,1,54.37,72.0,68.0,48.96,52.13,54.37,0.0,0.0,0.0,45.0,49.03,0.2,1.0,0.07,120.0,51.04,738.6,116.52,0.3,0.3,18.08,20.03,16.76,34.24,55.05,88.82,28.74
2018-01-16 12:19:00,1,1,54.37,72.0,68.0,48.96,52.14,54.37,0.0,0.0,0.0,45.0,49.03,0.2,1.0,0.07,120.0,51.04,738.6,116.52,0.3,0.3,18.08,20.03,16.76,34.18,54.99,88.82,28.68
2018-01-16 12:20:00,1,1,54.37,72.0,68.0,48.96,52.14,54.37,0.0,0.0,0.0,45.0,49.03,0.2,1.0,0.07,120.0,51.04,738.6,116.52,0.3,0.3,18.08,20.03,16.76,34.11,54.94,88.82,28.61
2018-01-16 12:21:00,1,1,54.38,72.0,68.0,48.96,52.14,54.38,0.0,0.0,0.0,45.0,49.03,0.2,1.0,0.07,120.0,51.04,738.6,116.52,0.3,0.3,18.08,20.03,16.76,34.04,54.88,88.81,28.55
2018-01-16 12:22:00,1,1,54.38,72.0,68.0,48.96,52.14,54.38,0.0,0.0,0.0,45.0,49.03,0.2,1.0,0.07,120.0,51.04,738.6,116.52,0.3,0.3,18.08,20.03,16.76,33.97,54.83,88.81,28.49
2018-01-16 12:23:00,1,1,54.38,72.0,68.0,48.96,52.14,54.38,0.0,0.0,0.0,45.0,49.03,0.2,1.0,0.07,120.0,51.04,738.6,116.52,0.3,0.3,18.08,20.03,16.76,33.9,54.77,88.81,28.43
2018-01-16 12:24:00,1,1,54.38,72.0,68.0,48.96,52.14,54.38,0.0,0.0,0.0,45.0,49.03,0.2,1.0,0.07,120.0,51.04,738.6,116.52,0.3,0.3,18.08,20.03,16.76,33.83,54.72,88.81,28.36
2018-01-16 12:25:00,1,1,54.38,72.0,68.0,48.96,52.14,54.38,0.0,0.0,0.0,45.0,49.04,0.2,1.0,0.07,120.0,51.04,738.6,116.52,0.3,0.3,18.08,20.03,16.76,33.76,54.67,88.81,28.3
2018-01-16 12:26:00,1,1,54.38,72.0,68.0,48.96,52.14,54.38,0.0,0.0,0.0,45.0,49.04,0.2,1.0,0.07,120.0,51.04,738.6,116.52,0.3,0.3,18.08,20.03,16.76,33.69,54.61,88.8,28.23
2018-01-16 12:27:00,1,1,54.38,72.0,68.0,48.96,52.14,54.38,0.0,0.0,0.0,45.0,49.04,0.2,1.0,0.07,120.0,51.04,738.6,116.52,0.3,0.3,18.08,20.03,16.76,33.62,54.56,88.8,28.17
2018-01-16 12:28:00,1,1,54.38,72.0,68.0,48.96,52.14,54.38,0.0,0.0,0.0,45.0,49.04,0.2,1.0,0.07,120.0,51.04,738.6,116.52,0.3,0.3,18.08,20.02,16.76,33.54,54.5,88.8,28.1
2018-01-16 12:29:00,1,1,54.38,72.0,68.0,48.96,52.14,54.38,0.0,0.0,0.0,45.0,49.04,0.2,1.0,0.07,120.0,51.04,738.6,116.52,0.3,0.3,18.08,20.02,16.76,33.47,54.45,88.8,28.03
2018-01-16 12:30:00,1,1,54.38,72.0,68.0,48.96,52.14,54.38,0.0,0.0,0.0,45.0,49.04,0.2,1.0,0.07,120.0,51.04,738.6,116.52,0.3,0.3,18.08,20.02,16.76,33.4,54.4,88.8,27.96
2018-01-16 12:31:00,1,1,54.38,72.0,68.0,48.96,52.14,54.38,0.0,0.0,0.0,45.0,49.04,0.2,1.0,0.07,120.0,51.04,738.6,116.52,0.3,0.3,18.08,20.02,16.76,33.32,54.35,88.81,27.9
2018-01-16 12:32:00,1,1,54.38,72.0,68.0,48.96,52.14,54.38,0.0,0.0,0.0,45.0,49.03,0.2,1.0,0.07,120.0,51.04,738.6,116.52,0.3,0.3,18.08,20.01,16.76,33.25,54.29,88.81,27.83
2018-01-16 12:33:00,1,1,54.38,72.0,68.0,48.96,52.14,54.38,0.0,0.0,0.0,45.0,49.03,0.2,1.0,0.07,120.0,51.04,738.6,116.52,0.3,0.3,18.08,20.01,16.76,33.17,54.24,88.81,27.76
2018-01-16 12:34:00,1,1,54.38,72.0,68.0,48.96,52.14,54.38,0.0,0.0,0.0,45.0,49.03,0.2,1.0,0.07,120.0,51.04,738.6,116.52,0.3,0.3,18.08,20.01,16.76,33.1,54.19,88.81,27.69
2018-01-16 12:35:00,1,1,54.38,72.0,68.0,48.96,52.14,54.38,0.0,0.0,0.0,45.0,49.03,0.2,1.0,0.07,120.0,51.04,738.6,116.52,0.3,0.3,18.08,20.01,16.76,33.02,54.14,88.81,27.62
2018-01-16 12:36:00,1,1,54.38,72.0,68.0,48.96,52.14,54.38,0.0,0.0,0.0,45.0,49.03,0.2,1.0,0.07,120.0,51.04,738.6,116.52,0.3,0.3,18.08,20.0,16.76,32.95,54.09,88.81,27.55
2018-01-16 12:37:00,1,1,54.38,72.0,68.0,48.96,52.14,54.38,0.0,0.0,0.0,45.0,49.03,0.2,1.0,0.07,120.0,51.04,738.6,116.52,0.3,0.3,18.08,20.0,16.76,32.87,54.04,88.81,27.49
2018-01-16 12:38:00,1,1,54.38,72.0,68.0,48.96,52.14,54.38,0.0,0.0,0.0,45.0,49.03,0.2,1.0,0.07,120.0,51.04,738.6,116.52,0.3,0.3,18.08,20.0,16.76,32.8,53.99,88.82,27.42
2018-01-16 12:39:00,1,1,54.38,72.0,68.0,48.96,52.14,54.38,0.0,0.0,0.0,45.0,49.03,0.2,1.0,0.07,120.0,51.04,738.6,116.52,0.3,0.3,18.08,19.99,16.76,32.72,53.94,88.82,27.35
2018-01-16 12:40:00,1,1,54.38,72.0,68.0,48.96,52.14,54.38,0.0,0.0,0.0,45.0,49.03,0.2,1.0,0.07,120.0,51.04,738.6,116.52,0.3,0.3,18.08,19.99,16.76,32.65,53.89,88.82,27.28
2018-01-16 12:41:00,1,1,54.38,72.0,68.0,48.96,52.14,54.38,0.0,0.0,0.0,45.0,49.03,0.2,1.0,0.07,120.0,51.04,738.6,116.52,0.3,0.3,18.08,19.99,16.76,32.57,53.84,88.82,27.21
2018-01-16 12:42:00,1,1,54.38,72.0,68.0,48.96,52.13,54.38,0.0,0.0,0.0,45.0,49.03,0.2,1.0,0.07,120.0,51.04,738.6,116.52,0.3,0.3,18.08,19.98,16.76,32.5,53.79,88.82,27.14
2018-01-16 12:43:00,1,1,54.38,72.0,68.0,48.96,52.13,54.38,0.0,0.0,0.0,45.0,49.03,0.2,1.0,0.07,120.0,51.04,738.6,116.52,0.3,0.3,18.08,19.98,16.76,32.43,53.74,88.82,27.07
2018-01-16 12:44:00,1,1,54.38,72.0,68.0,48.96,52.13,54.38,0.0,0.0,0.0,45.0,49.03,0.2,1.0,0.07,120.0,51.04,738.6,116.52,0.3,0.3,18.08,19.98,16.76,32.35,53.7,88.83,27.01
2018-01-16 12:45:00,1,1,54.38,72.0,68.0,48.96,52.13,54.38,0.0,0.0,0.0,45.0,49.03,0.2,1.0,0.07,120.0,51.04,738.6,116.52,0.3,0.3,18.08,19.97,16.76,32.28,53.65,88.83,26.94
2018-01-16 12:46:00,1,1,54.38,72.0,68.0,48.96,52.13,54.38,0.0,0.0,0.0,45.0,49.03,0.2,1.0,0.07,120.0,51.04,738.6,116.52,0.3,0.3,18.08,19.97,16.76,32.21,53.6,88.83,26.87
2018-01-16 12:47:00,1,1,54.38,72.0,68.0,48.95,52.13,54.38,0.0,0.0,0.0,45.0,49.03,0.2,1.0,0.07,120.0,51.04,738.6,116.52,0.3,0.3,18.08,19.97,16.76,32.14,53.56,88.83,26.81
2018-01-16 12:48:00,1,1,54.38,72.0,68.0,48.95,52.13,54.38,0.0,0.0,0.0,45.0,49.03,0.2,1.0,0.07,120.0,51.04,738.6,116.52,0.3,0.3,18.08,19.96,16.76,32.06,53.51,88.83,26.74
2018-01-16 12:49:00,1,1,54.38,72.0,68.0,48.95,52.13,54.38,0.0,0.0,0.0,45.0,49.03,0.2,1.0,0.07,120.0,51.04,738.6,116.52,0.3,0.3,18.08,19.96,16.76,31.99,53.47,88.83,26.67
2018-01-16 12:50:00,1,1,54.38,72.0,68.0,48.95,52.13,54.38,0.0,0.0,0.0,45.0,49.03,0.2,1.0,0.07,120.0,51.03,738.6,116.52,0.3,0.3,18.08,19.96,16.76,31.92,53.42,88.83,26.61
2018-01-16 12:51:00,1,1,54.38,72.0,68.0,48.95,52.13,54.38,0.0,0.0,0.0,45.0,49.03,0.2,1.0,0.07,120.0,51.03,738.6,116.52,0.3,0.3,18.08,19.96,16.76,31.85,53.38,88.83,26.54
2018-01-16 12:52:00,1,1,54.38,72.0,68.0,48.95,52.13,54.38,0.0,0.0,0.0,45.0,49.03,0.2,1.0,0.07,120.0,51.03,738.6,116.52,0.3,0.3,18.08,19.95,16.76,31.78,53.34,88.83,26.48
2018-01-16 12:53:00,1,1,54.38,72.0,68.0,48.95,52.13,54.38,0.0,0.0,0.0,45.0,49.03,0.2,1.0,0.07,120.0,51.03,738.6,116.52,0.3,0.3,18.08,19.95,16.76,31.72,53.29,88.83,26.42
2018-01-16 12:54:00,1,1,54.38,72.0,68.0,48.95,52.13,54.38,0.0,0.0,0.0,45.0,49.03,0.2,1.0,0.07,120.0,51.04,738.6,116.52,0.3,0.3,18.08,19.95,16.76,31.65,53.25,88.83,26.36
2018-01-16 12:55:00,1,1,54.38,72.0,68.0,48.96,52.13,54.38,0.0,0.0,0.0,45.0,49.03,0.2,1.0,0.07,120.0,51.04,738.6,116.52,0.3,0.3,18.08,19.95,16.76,31.58,53.21,88.83,26.29
2018-01-16 12:56:00,1,1,54.39,72.0,68.0,48.96,52.13,54.39,0.0,0.0,0.0,45.0,49.03,0.2,1.0,0.07,120.0,51.04,738.6,116.52,0.3,0.3,18.08,19.95,16.76,31.52,53.17,88.83,26.23
2018-01-16 12:57:00,1,1,54.39,72.0,68.0,48.96,52.13,54.39,0.0,0.0,0.0,45.0,49.03,0.2,1.0,0.07,120.0,51.04,738.6,116.52,0.3,0.3,18.08,19.94,16.76,31.45,53.13,88.83,26.17
2018-01-16 12:58:00,1,1,54.39,72.0,68.0,48.96,52.13,54.39,0.0,0.0,0.0,45.0,49.03,0.2,1.0,0.07,120.0,51.04,738.6,116.52,0.3,0.3,18.08,19.94,16.76,31.39,53.1,88.82,26.11
2018-01-16 12:59:00,1,1,54.39,72.0,68.0,48.96,52.14,54.39,0.0,0.0,0.0,45.0,49.03,0.2,1.0,0.07,120.0,51.04,738.6,116.52,0.3,0.3,18.08,19.94,16.76,31.32,53.06,88.82,26.06
2018-01-16 13:00:00,1,1,54.39,72.0,68.0,48.96,52.14,54.39,0.0,0.0,0.0,45.0,49.03,0.2,1.0,0.07,120.0,51.04,738.6,116.52,0.3,0.3,18.08,19.94,16.76,31.26,53.02,88.82,26.0
2018-01-16 13:01:00,1,1,54.39,72.0,68.0,48.96,52.14,54.39,0.0,0.0,0.0,45.0,49.03,0.2,1.0,0.07,120.0,51.04,738.6,116.52,0.3,0.3,18.08,19.95,16.76,31.2,52.99,88.81,25.94
2018-01-16 13:02:00,1,1,54.4,72.0,68.0,48.97,52.14,54.4,0.0,0.0,0.0,45.0,49.04,0.2,1.0,0.07,120.0,51.04,738.6,116.52,0.3,0.3,18.08,19.97,16.76,31.14,52.97,88.8,25.89
2018-01-16 13:03:00,1,1,54.4,72.0,68.0,48.97,52.15,54.4,0.0,0.0,0.0,45.0,49.04,0.2,1.0,0.07,120.0,51.05,738.6,116.52,0.3,0.3,18.08,19.99,16.76,31.09,52.94,88.78,25.84
2018-01-16 13:04:00,1,1,54.4,72.0,68.0,48.98,52.15,54.4,0.0,0.0,0.0,45.0,49.05,0.2,1.0,0.07,120.0,51.05,738.6,116.52,0.3,0.3,18.08,20.01,16.76,31.04,52.92,88.76,25.8
2018-01-16 13:05:00,1,1,54.41,72.0,68.0,48.99,52.16,54.41,0.0,0.0,0.0,45.0,49.05,0.2,1.0,0.07,120.0,51.06,738.6,116.52,0.3,0.3,18.08,20.02,16.76,30.99,52.9,88.74,25.76
2018-01-16 13:06:00,1,1,54.41,72.0,68.0,48.99,52.17,54.41,0.0,0.0,0.0,45.0,49.06,0.2,1.0,0.07,120.0,51.07,738.6,116.52,0.3,0.3,18.08,20.04,16.76,30.94,52.88,88.71,25.72
2018-01-16 13:07:00,1,1,54.42,72.0,68.0,49.0,52.17,54.42,0.0,0.0,0.0,45.0,49.07,0.2,1.0,0.07,120.0,51.07,738.6,116.52,0.3,0.3,18.08,20.06,16.76,30.9,52.86,88.69,25.68
2018-01-16 13:08:00,1,1,54.43,72.0,68.0,49.01,52.18,54.43,0.0,0.0,0.0,45.0,49.08,0.2,1.0,0.07,120.0,51.08,738.6,116.52,0.3,0.3,18.08,20.08,16.76,30.87,52.84,88.66,25.65
2018-01-16 13:09:00,1,1,54.43,72.0,68.0,49.02,52.19,54.43,0.0,0.0,0.0,45.0,49.09,0.2,1.0,0.07,120.0,51.09,738.6,116.52,0.3,0.3,18.08,20.1,16.76,30.83,52.82,88.63,25.62
2018-01-16 13:10:00,1,1,54.44,72.0,68.0,49.03,52.2,54.44,0.0,0.0,0.0,45.0,49.1,0.2,1.0,0.07,120.0,51.1,738.6,116.52,0.3,0.3,18.08,20.12,16.76,30.8,52.8,88.6,25.6
2018-01-16 13:11:00,1,1,54.45,72.0,68.0,49.04,52.21,54.45,0.0,0.0,0.0,45.0,49.11,0.2,1.0,0.07,120.0,51.11,738.6,116.52,0.3,0.3,18.08,20.14,16.76,30.77,52.79,88.57,25.57
2018-01-16 13:12:00,1,1,54.46,72.0,68.0,49.05,52.22,54.46,0.0,0.0,0.0,45.0,49.12,0.2,1.0,0.07,120.0,51.12,738.6,116.52,0.3,0.3,18.08,20.16,16.76,30.75,52.77,88.53,25.55
2018-01-16 13:13:00,1,1,54.47,72.0,68.0,49.06,52.23,54.47,0.0,0.0,0.0,45.0,49.13,0.2,1.0,0.07,120.0,51.13,738.6,116.52,0.3,0.3,18.08,20.18,16.76,30.73,52.76,88.5,25.53
2018-01-16 13:14:00,1,1,54.48,72.0,68.0,49.07,52.24,54.48,0.0,0.0,0.0,45.0,49.14,0.2,1.0,0.07,120.0,51.14,738.6,116.52,0.3,0.3,18.08,20.21,16.76,30.71,52.74,88.46,25.52
2018-01-16 13:15:00,1,1,54.48,72.0,68.0,49.08,52.25,54.48,0.0,0.0,0.0,45.0,49.15,0.2,1.0,0.07,120.0,51.15,738.6,116.52,0.3,0.3,18.08,20.23,16.76,30.69,52.73,88.43,25.51
2018-01-16 13:16:00,1,1,54.49,72.0,68.0,49.09,52.26,54.49,0.0,0.0,0.0,45.0,49.16,0.2,1.0,0.07,120.0,51.16,738.6,116.52,0.3,0.3,18.08,20.25,16.76,30.68,52.72,88.39,25.49
2018-01-16 13:17:00,1,1,54.5,72.0,68.0,49.11,52.27,54.5,0.0,0.0,0.0,45.0,49.17,0.2,1.0,0.07,120.0,51.17,738.6,116.52,0.3,0.3,18.08,20.27,16.76,30.66,52.71,88.35,25.49
2018-01-16 13:18:00,1,1,54.51,72.0,68.0,49.12,52.28,54.51,0.0,0.0,0.0,45.0,49.18,0.2,1.0,0.07,120.0,51.18,738.6,116.52,0.3,0.3,18.08,20.29,16.76,30.65,52.69,88.31,25.48
2018-01-16 13:19:00,1,1,54.53,72.0,68.0,49.13,52.29,54.53,0.0,0.0,0.0,45.0,49.19,0.2,1.0,0.07,120.0,51.2,738.6,116.52,0.3,0.3,18.08,20.31,16.76,30.65,52.68,88.27,25.48
2018-01-16 13:20:00,1,1,54.54,72.0,68.0,49.14,52.3,54.54,0.0,0.0,0.0,45.0,49.21,0.2,1.0,0.07,120.0,51.21,738.6,116.52,0.3,0.3,18.08,20.33,16.76,30.64,52.68,88.23,25.48
2018-01-16 13:21:00,1,1,54.55,72.0,68.0,49.15,52.32,54.55,0.0,0.0,0.0,45.0,49.22,0.2,1.0,0.07,120.0,51.22,738.6,116.52,0.3,0.3,18.08,20.35,16.76,30.64,52.67,88.19,25.48
2018-01-16 13:22:00,1,1,54.56,72.0,68.0,49.17,52.33,54.56,0.0,0.0,0.0,45.0,49.23,0.2,1.0,0.07,120.0,51.23,738.6,116.52,0.3,0.3,18.08,20.37,16.76,30.64,52.66,88.15,25.48
2018-01-16 13:23:00,1,1,54.57,72.0,68.0,49.18,52.34,54.57,0.0,0.0,0.0,45.0,49.24,0.2,1.0,0.07,120.0,51.24,738.6,116.52,0.3,0.3,18.08,20.39,16.76,30.64,52.65,88.11,25.48
2018-01-16 13:24:00,1,1,54.58,72.0,68.0,49.19,52.35,54.58,0.0,0.0,0.0,45.0,49.26,0.2,1.0,0.07,120.0,51.26,738.6,116.52,0.3,0.3,18.08,20.41,16.76,30.64,52.65,88.06,25.49
2018-01-16 13:25:00,1,1,54.59,72.0,68.0,49.21,52.36,54.59,0.0,0.0,0.0,45.0,49.27,0.2,1.0,0.07,120.0,51.27,738.6,116.52,0.3,0.3,18.08,20.44,16.76,30.65,52.64,88.02,25.5
2018-01-16 13:26:00,1,1,54.6,72.0,68.0,49.22,52.38,54.6,0.0,0.0,0.0,45.0,49.28,0.2,1.0,0.07,120.0,51.28,738.6,116.52,0.3,0.3,18.08,20.46,16.76,30.66,52.64,87.98,25.51
2018-01-16 13:27:00,1,1,54.62,72.0,68.0,49.23,52.39,54.62,0.0,0.0,0.0,45.0,49.3,0.2,1.0,0.07,120.0,51.29,738.6,116.52,0.3,0.3,18.08,20.48,16.76,30.67,52.63,87.94,25.52
2018-01-16 13:28:00,1,1,54.63,72.0,68.0,49.25,52.4,54.63,0.0,0.0,0.0,45.0,49.31,0.2,1.0,0.07,120.0,51.31,738.6,116.52,0.3,0.3,18.08,20.5,16.76,30.68,52.63,87.89,25.53
2018-01-16 13:29:00,1,1,54.64,72.0,68.0,49.26,52.42,54.64,0.0,0.0,0.0,45.0,49.32,0.2,1.0,0.07,120.0,51.32,738.6,116.52,0.3,0.3,18.08,20.52,16.76,30.69,52.63,87.85,25.54
2018-01-16 13:30:00,1,1,54.65,72.0,68.0,49.27,52.43,54.65,0.0,0.0,0.0,45.0,49.34,0.2,1.0,0.07,120.0,51.33,738.6,116.52,0.3,0.3,18.08,20.54,16.76,30.7,52.63,87.8,25.56
2018-01-16 13:31:00,1,1,54.66,72.0,68.0,49.29,52.44,54.66,0.0,0.0,0.0,45.0,49.35,0.2,1.0,0.07,120.0,51.35,738.6,116.52,0.3,0.3,18.08,20.56,16.76,30.72,52.63,87.76,25.58
2018-01-16 13:32:00,1,1,54.68,72.0,68.0,49.3,52.45,54.68,0.0,0.0,0.0,45.0,49.36,0.2,1.0,0.07,120.0,51.36,738.6,116.52,0.3,0.3,18.08,20.58,16.76,30.74,52.63,87.71,25.6
2018-01-16 13:33:00,1,1,54.69,72.0,68.0,49.31,52.47,54.69,0.0,0.0,0.0,45.0,49.38,0.2,1.0,0.07,120.0,51.37,738.6,116.52,0.3,0.3,18.08,20.6,16.76,30.76,52.63,87.67,25.62
2018-01-16 13:34:00,1,1,54.7,72.0,68.0,49.33,52.48,54.7,0.0,0.0,0.0,45.0,49.39,0.2,1.0,0.07,120.0,51.39,738.6,116.52,0.3,0.3,18.08,20.62,16.76,30.78,52.64,87.62,25.64
2018-01-16 13:35:00,1,1,54.71,72.0,68.0,49.34,52.49,54.71,0.0,0.0,0.0,45.0,49.4,0.2,1.0,0.07,120.0,51.4,738.6,116.52,0.3,0.3,18.08,20.64,16.76,30.8,52.64,87.58,25.66
2018-01-16 13:36:00,1,1,54.73,72.0,68.0,49.36,52.51,54.73,0.0,0.0,0.0,45.0,49.42,0.2,1.0,0.07,120.0,51.41,738.6,116.52,0.3,0.3,18.08,20.66,16.76,30.82,52.64,87.53,25.68
2018-01-16 13:37:00,1,1,54.74,72.0,68.0,49.37,52.52,54.74,0.0,0.0,0.0,45.0,49.43,0.2,1.0,0.07,120.0,51.43,738.6,116.52,0.3,0.3,18.08,20.68,16.76,30.85,52.65,87.49,25.71
2018-01-16 13:38:00,1,1,54.75,72.0,68.0,49.38,52.53,54.75,0.0,0.0,0.0,45.0,49.45,0.2,1.0,0.07,120.0,51.44,738.6,116.52,0.3,0.3,18.08,20.69,16.76,30.87,52.65,87.44,25.73
2018-01-16 13:39:00,1,1,54.77,72.0,68.0,49.4,52.55,54.77,0.0,0.0,0.0,45.0,49.46,0.2,1.0,0.07,120.0,51.45,738.6,116.52,0.3,0.3,18.08,20.71,16.76,30.9,52.66,87.4,25.76
2018-01-16 13:40:00,1,1,54.78,72.0,68.0,49.41,52.56,54.78,0.0,0.0,0.0,45.0,49.47,0.2,1.0,0.07,120.0,51.47,738.6,116.52,0.3,0.3,18.08,20.73,16.76,30.93,52.67,87.35,25.79
2018-01-16 13:41:00,1,1,54.79,72.0,68.0,49.42,52.57,54.79,0.0,0.0,0.0,45.0,49.49,0.2,1.0,0.07,120.0,51.48,738.6,116.52,0.3,0.3,18.08,20.75,16.76,30.96,52.68,87.31,25.82
2018-01-16 13:42:00,1,1,54.8,72.0,68.0,49.44,52.59,54.8,0.0,0.0,0.0,45.0,49.5,0.2,1.0,0.07,120.0,51.49,738.6,116.52,0.3,0.3,18.08,20.77,16.76,30.99,52.69,87.27,25.85
2018-01-16 13:43:00,1,1,54.82,72.0,68.0,49.45,52.6,54.82,0.0,0.0,0.0,45.0,49.51,0.2,1.0,0.07,120.0,51.51,738.6,116.52,0.3,0.3,18.08,20.78,16.76,31.02,52.7,87.22,25.88
2018-01-16 13:44:00,1,1,54.83,72.0,68.0,49.47,52.61,54.83,0.0,0.0,0.0,45.0,49.53,0.2,1.0,0.07,120.0,51.52,738.6,116.52,0.3,0.3,18.08,20.8,16.76,31.05,52.71,87.18,25.91
2018-01-16 13:45:00,1,1,54.84,72.0,68.0,49.48,52.63,54.84,0.0,0.0,0.0,45.0,49.54,0.2,1.0,0.07,120.0,51.53,738.6,116.52,0.3,0.3,18.08,20.82,16.76,31.08,52.72,87.13,25.94
2018-01-16 13:46:00,1,1,54.86,72.0,68.0,49.49,52.64,54.86,0.0,0.0,0.0,45.0,49.56,0.2,1.0,0.07,120.0,51.55,738.6,116.52,0.3,0.3,18.08,20.83,16.76,31.12,52.73,87.09,25.98
2018-01-16 13:47:00,1,1,54.87,72.0,68.0,49.51,52.65,54.87,0.0,0.0,0.0,45.0,49.57,0.2,1.0,0.07,120.0,51.56,738.6,116.52,0.3,0.3,18.08,20.85,16.76,31.15,52.74,87.04,26.01
2018-01-16 13:48:00,1,1,54.88,72.0,68.0,49.52,52.66,54.88,0.0,0.0,0.0,45.0,49.58,0.2,1.0,0.07,120.0,51.57,738.6,116.52,0.3,0.3,18.08,20.87,16.76,31.19,52.76,87.0,26.05
2018-01-16 13:49:00,1,1,54.9,72.0,68.0,49.53,52.68,54.9,0.0,0.0,0.0,45.0,49.6,0.2,1.0,0.07,120.0,51.59,738.6,116.52,0.3,0.3,18.08,20.88,16.76,31.23,52.77,86.96,26.08
2018-01-16 13:50:00,1,1,54.91,72.0,68.0,49.55,52.69,54.91,0.0,0.0,0.0,45.0,49.61,0.2,1.0,0.07,120.0,51.6,738.6,116.52,0.3,0.3,18.08,20.9,16.76,31.26,52.79,86.91,26.12
2018-01-16 13:51:00,1,1,54.92,72.0,68.0,49.56,52.7,54.92,0.0,0.0,0.0,45.0,49.62,0.2,1.0,0.07,120.0,51.61,738.6,116.52,0.3,0.3,18.08,20.91,16.76,31.3,52.81,86.87,26.15
2018-01-16 13:52:00,1,1,54.94,72.0,68.0,49.57,52.72,54.94,0.0,0.0,0.0,45.0,49.64,0.2,1.0,0.07,120.0,51.63,738.6,116.52,0.3,0.3,18.08,20.92,16.76,31.34,52.82,86.83,26.19
2018-01-16 13:53:00,1,1,54.95,72.0,68.0,49.59,52.73,54.95,0.0,0.0,0.0,45.0,49.65,0.2,1.0,0.07,120.0,51.64,738.6,116.52,0.3,0.3,18.08,20.94,16.76,31.38,52.84,86.79,26.23
2018-01-16 13:54:00,1,1,54.96,72.0,68.0,49.6,52.74,54.96,0.0,0.0,0.0,45.0,49.66,0.2,1.0,0.07,120.0,51.65,738.6,116.52,0.3,0.3,18.08,20.95,16.76,31.42,52.86,86.74,26.27
2018-01-16 13:55:00,1,1,54.97,72.0,68.0,49.61,52.75,54.97,0.0,0.0,0.0,45.0,49.68,0.2,1.0,0.07,120.0,51.66,738.6,116.52,0.3,0.3,18.08,20.96,16.76,31.46,52.88,86.7,26.3
2018-01-16 13:56:00,1,1,54.99,72.0,68.0,49.62,52.76,54.99,0.0,0.0,0.0,45.0,49.69,0.2,1.0,0.07,120.0,51.68,738.6,116.52,0.3,0.3,18.08,20.97,16.76,31.5,52.9,86.66,26.34
2018-01-16 13:57:00,1,1,55.0,72.0,68.0,49.64,52.78,55.0,0.0,0.0,0.0,45.0,49.7,0.2,1.0,0.07,120.0,51.69,738.6,116.52,0.3,0.3,18.08,20.99,16.76,31.54,52.92,86.62,26.38
2018-01-16 13:58:00,1,1,55.01,72.0,68.0,49.65,52.79,55.01,0.0,0.0,0.0,45.0,49.71,0.2,1.0,0.07,120.0,51.7,738.6,116.52,0.3,0.3,18.08,21.0,16.76,31.59,52.95,86.58,26.42
2018-01-16 13:59:00,1,1,55.03,72.0,68.0,49.66,52.8,55.03,0.0,0.0,0.0,45.0,49.73,0.2,1.0,0.07,120.0,51.71,738.6,116.52,0.3,0.3,18.08,21.01,16.76,31.63,52.97,86.54,26.46
2018-01-16 14:00:00,1,1,55.04,72.0,68.0,49.67,52.81,55.04,0.0,0.0,0.0,45.0,49.74,0.2,1.0,0.07,120.0,51.72,738.6,116.52,0.3,0.3,18.08,21.02,16.76,31.67,52.99,86.5,26.5
2018-01-16 14:01:00,1,1,55.05,72.0,68.0,49.68,52.82,55.05,0.0,0.0,0.0,45.0,49.75,0.2,1.0,0.07,120.0,51.74,738.6,116.52,0.3,0.3,18.08,21.02,16.76,31.72,53.03,86.47,26.54
2018-01-16 14:02:00,1,1,55.06,72.0,68.0,49.69,52.83,55.06,0.0,0.0,0.0,45.0,49.76,0.2,1.0,0.07,120.0,51.75,738.6,116.52,0.3,0.3,18.08,21.01,16.76,31.76,53.07,86.44,26.58
2018-01-16 14:03:00,1,1,55.07,72.0,68.0,49.7,52.84,55.07,0.0,0.0,0.0,45.0,49.77,0.2,1.0,0.07,120.0,51.75,738.6,116.52,0.3,0.3,18.08,21.0,16.76,31.81,53.12,86.41,26.62
2018-01-16 14:04:00,1,1,55.08,72.0,68.0,49.71,52.85,55.08,0.0,0.0,0.0,45.0,49.78,0.2,1.0,0.07,120.0,51.76,738.6,116.52,0.3,0.3,18.08,20.99,16.76,31.86,53.17,86.38,26.66
2018-01-16 14:05:00,1,1,55.1,72.0,68.0,49.72,52.86,55.1,0.0,0.0,0.0,45.0,49.78,0.2,1.0,0.07,120.0,51.77,738.6,116.52,0.3,0.3,18.08,20.98,16.76,31.9,53.21,86.36,26.69
2018-01-16 14:06:00,1,1,55.11,72.0,68.0,49.72,52.86,55.11,0.0,0.0,0.0,45.0,49.79,0.2,1.0,0.07,120.0,51.78,738.6,116.52,0.3,0.3,18.08,20.98,16.76,31.95,53.26,86.33,26.73
2018-01-16 14:07:00,1,1,55.11,72.0,68.0,49.73,52.87,55.11,0.0,0.0,0.0,45.0,49.8,0.2,1.0,0.07,120.0,51.78,738.6,116.52,0.3,0.3,18.08,20.97,16.76,31.99,53.31,86.31,26.77
2018-01-16 14:08:00,1,1,55.12,72.0,68.0,49.74,52.88,55.12,0.0,0.0,0.0,45.0,49.81,0.2,1.0,0.07,120.0,51.79,738.6,116.52,0.3,0.3,18.08,20.95,16.76,32.03,53.36,86.29,26.8
2018-01-16 14:09:00,1,1,55.13,72.0,68.0,49.74,52.88,55.13,0.0,0.0,0.0,45.0,49.81,0.2,1.0,0.07,120.0,51.8,738.6,116.52,0.3,0.3,18.08,20.94,16.76,32.07,53.41,86.27,26.84
2018-01-16 14:10:00,1,1,55.14,72.0,68.0,49.75,52.89,55.14,0.0,0.0,0.0,45.0,49.82,0.2,1.0,0.07,120.0,51.8,738.6,116.52,0.3,0.3,18.08,20.93,16.76,32.12,53.46,86.25,26.87
2018-01-16 14:11:00,1,1,55.15,72.0,68.0,49.75,52.89,55.15,0.0,0.0,0.0,45.0,49.82,0.2,1.0,0.07,120.0,51.81,738.6,116.52,0.3,0.3,18.08,20.92,16.76,32.16,53.51,86.24,26.9
2018-01-16 14:12:00,1,1,55.16,72.0,68.0,49.76,52.9,55.16,0.0,0.0,0.0,45.0,49.83,0.2,1.0,0.07,120.0,51.81,738.6,116.52,0.3,0.3,18.08,20.91,16.76,32.2,53.56,86.22,26.94
2018-01-16 14:13:00,1,1,55.17,72.0,68.0,49.76,52.9,55.17,0.0,0.0,0.0,45.0,49.83,0.2,1.0,0.07,120.0,51.82,738.6,116.52,0.3,0.3,18.08,20.89,16.76,32.24,53.62,86.2,26.97
2018-01-16 14:14:00,1,1,55.17,72.0,68.0,49.77,52.91,55.17,0.0,0.0,0.0,45.0,49.84,0.2,1.0,0.07,120.0,51.82,738.6,116.52,0.3,0.3,18.08,20.88,16.76,32.28,53.67,86.19,27.0
2018-01-16 14:15:00,1,1,55.18,72.0,68.0,49.77,52.91,55.18,0.0,0.0,0.0,45.0,49.84,0.2,1.0,0.07,120.0,51.83,738.6,116.52,0.3,0.3,18.08,20.87,16.76,32.32,53.72,86.18,27.03
2018-01-16 14:16:00,1,1,55.19,72.0,68.0,49.78,52.91,55.19,0.0,0.0,0.0,45.0,49.85,0.2,1.0,0.07,120.0,51.83,738.6,116.52,0.3,0.3,18.08,20.85,16.76,32.35,53.77,86.16,27.06
2018-01-16 14:17:00,1,1,55.2,72.0,68.0,49.78,52.92,55.2,0.0,0.0,0.0,45.0,49.85,0.2,1.0,0.07,120.0,51.83,738.6,116.52,0.3,0.3,18.08,20.84,16.76,32.39,53.83,86.15,27.09
2018-01-16 14:18:00,1,1,55.2,72.0,68.0,49.78,52.92,55.2,0.0,0.0,0.0,45.0,49.85,0.2,1.0,0.07,120.0,51.84,738.6,116.52,0.3,0.3,18.08,20.82,16.76,32.43,53.88,86.14,27.12
2018-01-16 14:19:00,1,1,55.21,72.0,68.0,49.79,52.92,55.21,0.0,0.0,0.0,45.0,49.86,0.2,1.0,0.07,120.0,51.84,738.6,116.52,0.3,0.3,18.08,20.81,16.76,32.47,53.94,86.13,27.15
2018-01-16 14:20:00,1,1,55.22,72.0,68.0,49.79,52.93,55.22,0.0,0.0,0.0,45.0,49.86,0.2,1.0,0.07,120.0,51.84,738.6,116.52,0.3,0.3,18.08,20.79,16.76,32.5,53.99,86.12,27.17
2018-01-16 14:21:00,1,1,55.22,72.0,68.0,49.79,52.93,55.22,0.0,0.0,0.0,45.0,49.86,0.2,1.0,0.07,120.0,51.85,738.6,116.52,0.3,0.3,18.08,20.78,16.76,32.54,54.04,86.11,27.2
2018-01-16 14:22:00,1,1,55.23,72.0,68.0,49.79,52.93,55.23,0.0,0.0,0.0,45.0,49.87,0.2,1.0,0.07,120.0,51.85,738.6,116.52,0.3,0.3,18.08,20.76,16.76,32.58,54.1,86.1,27.23
2018-01-16 14:23:00,1,1,55.23,72.0,68.0,49.8,52.94,55.23,0.0,0.0,0.0,45.0,49.87,0.2,1.0,0.07,120.0,51.85,738.6,116.52,0.3,0.3,18.08,20.74,16.76,32.61,54.15,86.09,27.25
2018-01-16 14:24:00,1,1,55.24,72.0,68.0,49.8,52.94,55.24,0.0,0.0,0.0,45.0,49.87,0.2,1.0,0.07,120.0,51.85,738.6,116.52,0.3,0.3,18.08,20.72,16.76,32.65,54.21,86.09,27.28
2018-01-16 14:25:00,1,1,55.25,72.0,68.0,49.8,52.94,55.25,0.0,0.0,0.0,45.0,49.87,0.2,1.0,0.07,120.0,51.86,738.6,116.52,0.3,0.3,18.08,20.71,16.76,32.68,54.26,86.08,27.31
2018-01-16 14:26:00,1,1,55.25,72.0,68.0,49.8,52.94,55.25,0.0,0.0,0.0,45.0,49.87,0.2,1.0,0.07,120.0,51.86,738.6,116.52,0.3,0.3,18.08,20.69,16.76,32.72,54.32,86.07,27.33
2018-01-16 14:27:00,1,1,55.26,72.0,68.0,49.81,52.94,55.26,0.0,0.0,0.0,45.0,49.88,0.2,1.0,0.07,120.0,51.86,738.6,116.52,0.3,0.3,18.08,20.67,16.76,32.75,54.37,86.07,27.36
2018-01-16 14:28:00,1,1,55.26,72.0,68.0,49.81,52.95,55.26,0.0,0.0,0.0,45.0,49.88,0.2,1.0,0.07,120.0,51.86,738.6,116.52,0.3,0.3,18.08,20.65,16.76,32.78,54.43,86.06,27.38
2018-01-16 14:29:00,1,1,55.27,72.0,68.0,49.81,52.95,55.27,0.0,0.0,0.0,45.0,49.88,0.2,1.0,0.07,120.0,51.86,738.6,116.52,0.3,0.3,18.08,20.63,16.76,32.82,54.48,86.06,27.4
2018-01-16 14:30:00,1,1,55.27,72.0,68.0,49.81,52.95,55.27,0.0,0.0,0.0,45.0,49.88,0.2,1.0,0.07,120.0,51.86,738.6,116.52,0.3,0.3,18.08,20.61,16.76,32.85,54.54,86.05,27.43
2018-01-16 14:31:00,1,1,55.28,72.0,68.0,49.81,52.95,55.28,0.0,0.0,0.0,45.0,49.88,0.2,1.0,0.07,120.0,51.87,738.6,116.52,0.3,0.3,18.08,20.59,16.76,32.88,54.59,86.05,27.45
2018-01-16 14:32:00,1,1,55.28,72.0,68.0,49.81,52.95,55.28,0.0,0.0,0.0,45.0,49.88,0.2,1.0,0.07,120.0,51.87,738.6,116.52,0.3,0.3,18.08,20.57,16.76,32.91,54.65,86.05,27.47
2018-01-16 14:33:00,1,1,55.29,72.0,68.0,49.81,52.95,55.29,0.0,0.0,0.0,45.0,49.88,0.2,1.0,0.07,120.0,51.87,738.6,116.52,0.3,0.3,18.08,20.55,16.76,32.94,54.7,86.05,27.5
2018-01-16 14:34:00,1,1,55.29,72.0,68.0,49.81,52.95,55.29,0.0,0.0,0.0,45.0,49.88,0.2,1.0,0.07,120.0,51.87,738.6,116.52,0.3,0.3,18.08,20.53,16.76,32.97,54.76,86.04,27.52
2018-01-16 14:35:00,1,1,55.3,72.0,68.0,49.81,52.95,55.3,0.0,0.0,0.0,45.0,49.88,0.2,1.0,0.07,120.0,51.87,738.6,116.52,0.3,0.3,18.08,20.51,16.76,33.01,54.81,86.04,27.54
2018-01-16 14:36:00,1,1,55.3,72.0,68.0,49.81,52.95,55.3,0.0,0.0,0.0,45.0,49.89,0.2,1.0,0.07,120.0,51.87,738.6,116.52,0.3,0.3,18.08,20.49,16.76,33.04,54.86,86.04,27.56
2018-01-16 14:37:00,1,1,55.3,72.0,68.0,49.81,52.95,55.3,0.0,0.0,0.0,45.0,49.89,0.2,1.0,0.07,120.0,51.87,738.6,116.52,0.3,0.3,18.08,20.47,16.76,33.06,54.92,86.04,27.58
2018-01-16 14:38:00,1,1,55.31,72.0,68.0,49.81,52.95,55.31,0.0,0.0,0.0,45.0,49.89,0.2,1.0,0.07,120.0,51.87,738.6,116.52,0.3,0.3,18.08,20.45,16.76,33.09,54.97,86.04,27.6
2018-01-16 14:39:00,1,1,55.31,72.0,68.0,49.81,52.95,55.31,0.0,0.0,0.0,45.0,49.89,0.2,1.0,0.07,120.0,51.87,738.6,116.52,0.3,0.3,18.08,20.43,16.76,33.12,55.02,86.04,27.62
2018-01-16 14:40:00,1,1,55.32,72.0,68.0,49.81,52.95,55.32,0.0,0.0,0.0,45.0,49.89,0.2,1.0,0.07,120.0,51.87,738.6,116.52,0.3,0.3,18.08,20.41,16.76,33.15,55.07,86.04,27.64
2018-01-16 14:41:00,1,1,55.32,72.0,68.0,49.81,52.95,55.32,0.0,0.0,0.0,45.0,49.89,0.2,1.0,0.07,120.0,51.87,738.6,116.52,0.3,0.3,18.08,20.38,16.76,33.18,55.13,86.04,27.66
2018-01-16 14:42:00,1,1,55.32,72.0,68.0,49.81,52.95,55.32,0.0,0.0,0.0,45.0,49.89,0.2,1.0,0.07,120.0,51.87,738.6,116.52,0.3,0.3,18.08,20.36,16.76,33.21,55.18,86.04,27.68
2018-01-16 14:43:00,1,1,55.33,72.0,68.0,49.81,52.95,55.33,0.0,0.0,0.0,45.0,49.89,0.2,1.0,0.07,120.0,51.87,738.6,116.52,0.3,0.3,18.08,20.34,16.76,33.23,55.23,86.04,27.7
2018-01-16 14:44:00,1,1,55.33,72.0,68.0,49.81,52.95,55.33,0.0,0.0,0.0,45.0,49.88,0.2,1.0,0.07,120.0,51.87,738.6,116.52,0.3,0.3,18.08,20.32,16.76,33.26,55.28,86.04,27.71
2018-01-16 14:45:00,1,1,55.33,72.0,68.0,49.81,52.95,55.33,0.0,0.0,0.0,45.0,49.88,0.2,1.0,0.07,120.0,51.87,738.6,116.52,0.3,0.3,18.08,20.29,16.76,33.29,55.33,86.04,27.73
2018-01-16 14:46:00,1,1,55.34,72.0,68.0,49.81,52.95,55.34,0.0,0.0,0.0,45.0,49.88,0.2,1.0,0.07,120.0,51.87,738.6,116.52,0.3,0.3,18.08,20.27,16.76,33.31,55.38,86.05,27.75
2018-01-16 14:47:00,1,1,55.34,72.0,68.0,49.81,52.95,55.34,0.0,0.0,0.0,45.0,49.88,0.2,1.0,0.07,120.0,51.87,738.6,116.52,0.3,0.3,18.08,20.25,16.76,33.34,55.42,86.05,27.77
2018-01-16 14:48:00,1,1,55.34,72.0,68.0,49.81,52.95,55.34,0.0,0.0,0.0,45.0,49.88,0.2,1.0,0.07,120.0,51.87,738.6,116.52,0.3,0.3,18.08,20.23,16.76,33.36,55.47,86.05,27.78
2018-01-16 14:49:00,1,1,55.35,72.0,68.0,49.81,52.95,55.35,0.0,0.0,0.0,45.0,49.88,0.2,1.0,0.07,120.0,51.87,738.6,116.52,0.3,0.3,18.08,20.2,16.76,33.39,55.52,86.05,27.8
2018-01-16 14:50:00,1,1,55.35,72.0,68.0,49.81,52.95,55.35,0.0,0.0,0.0,45.0,49.88,0.2,1.0,0.07,120.0,51.86,738.6,116.52,0.3,0.3,18.08,20.18,16.76,33.41,55.57,86.06,27.81
2018-01-16 14:51:00,1,1,55.35,72.0,68.0,49.81,52.95,55.35,0.0,0.0,0.0,45.0,49.88,0.2,1.0,0.07,120.0,51.86,738.6,116.52,0.3,0.3,18.08,20.16,16.76,33.44,55.61,86.06,27.83
2018-01-16 14:52:00,1,1,55.36,72.0,68.0,49.8,52.94,55.36,0.0,0.0,0.0,45.0,49.88,0.2,1.0,0.07,120.0,51.86,738.6,116.52,0.3,0.3,18.08,20.14,16.76,33.46,55.66,86.07,27.84
2018-01-16 14:53:00,1,1,55.36,72.0,68.0,49.8,52.94,55.36,0.0,0.0,0.0,45.0,49.88,0.2,1.0,0.07,120.0,51.86,738.6,116.52,0.3,0.3,18.08,20.11,16.76,33.48,55.7,86.07,27.86
2018-01-16 14:54:00,1,1,55.36,72.0,68.0,49.8,52.94,55.36,0.0,0.0,0.0,45.0,49.87,0.2,1.0,0.07,120.0,51.86,738.6,116.52,0.3,0.3,18.08,20.09,16.76,33.51,55.74,86.07,27.87
2018-01-16 14:55:00,1,1,55.36,72.0,68.0,49.8,52.94,55.36,0.0,0.0,0.0,45.0,49.87,0.2,1.0,0.07,120.0,51.86,738.6,116.52,0.3,0.3,18.08,20.07,16.76,33.53,55.78,86.08,27.89
2018-01-16 14:56:00,1,1,55.37,72.0,68.0,49.8,52.94,55.37,0.0,0.0,0.0,45.0,49.87,0.2,1.0,0.07,120.0,51.86,738.6,116.52,0.3,0.3,18.08,20.04,16.76,33.55,55.83,86.08,27.9
2018-01-16 14:57:00,1,1,55.37,72.0,68.0,49.8,52.94,55.37,0.0,0.0,0.0,45.0,49.87,0.2,1.0,0.07,120.0,51.86,738.6,116.52,0.3,0.3,18.08,20.02,16.76,33.57,55.87,86.09,27.91
2018-01-16 14:58:00,1,1,55.37,72.0,68.0,49.8,52.94,55.37,0.0,0.0,0.0,45.0,49.87,0.2,1.0,0.07,120.0,51.85,738.6,116.52,0.3,0.3,18.08,20.0,16.76,33.59,55.9,86.09,27.93
2018-01-16 14:59:00,1,1,55.37,72.0,68.0,49.79,52.93,55.37,0.0,0.0,0.0,45.0,49.87,0.2,1.0,0.07,120.0,51.85,738.6,116.52,0.3,0.3,18.08,19.97,16.76,33.61,55.94,86.1,27.94
2018-01-16 15:00:00,1,1,55.38,72.0,68.0,49.79,52.93,55.38,0.0,0.0,0.0,45.0,49.86,0.2,1.0,0.07,120.0,51.85,738.6,116.52,0.3,0.3,18.08,19.95,16.76,33.63,55.98,86.1,27.95
2018-01-16 15:01:00,1,1,55.38,72.0,68.0,49.79,52.93,55.38,0.0,0.0,0.0,45.0,49.86,0.2,1.0,0.07,120.0,51.85,738.6,116.52,0.3,0.3,18.08,19.93,16.76,33.65,55.99,86.11,27.96
2018-01-16 15:02:00,1,1,55.38,72.0,68.0,49.79,52.93,55.38,0.0,0.0,0.0,45.0,49.86,0.2,1.0,0.07,120.0,51.85,738.6,116.52,0.3,0.3,18.08,19.92,16.76,33.66,55.97,86.11,27.97
2018-01-16 15:03:00,1,1,55.38,72.0,68.0,49.79,52.93,55.38,0.0,0.0,0.0,45.0,49.86,0.2,1.0,0.07,120.0,51.85,738.6,116.52,0.3,0.3,18.08,19.91,16.76,33.67,55.96,86.11,27.98
2018-01-16 15:04:00,1,1,55.39,72.0,68.0,49.79,52.93,55.39,0.0,0.0,0.0,45.0,49.86,0.2,1.0,0.07,120.0,51.85,738.6,116.52,0.3,0.3,18.08,19.89,16.76,33.68,55.94,86.11,27.99
2018-01-16 15:05:00,1,1,55.39,72.0,68.0,49.79,52.93,55.39,0.0,0.0,0.0,45.0,49.86,0.2,1.0,0.07,120.0,51.85,738.6,116.52,0.3,0.3,18.08,19.88,16.76,33.68,55.92,86.11,27.99
2018-01-16 15:06:00,1,1,55.39,72.0,68.0,49.79,52.93,55.39,0.0,0.0,0.0,45.0,49.86,0.2,1.0,0.07,120.0,51.85,738.6,116.52,0.3,0.3,18.08,19.87,16.76,33.69,55.9,86.11,28.0
2018-01-16 15:07:00,1,1,55.4,72.0,68.0,49.79,52.93,55.4,0.0,0.0,0.0,45.0,49.87,0.2,1.0,0.07,120.0,51.85,738.6,116.52,0.3,0.3,18.08,19.86,16.76,33.69,55.88,86.1,28.0
2018-01-16 15:08:00,1,1,55.4,72.0,68.0,49.8,52.93,55.4,0.0,0.0,0.0,45.0,49.87,0.2,1.0,0.07,120.0,51.85,738.6,116.52,0.3,0.3,18.08,19.84,16.76,33.7,55.86,86.1,28.0
2018-01-16 15:09:00,1,1,55.4,72.0,68.0,49.8,52.94,55.4,0.0,0.0,0.0,45.0,49.87,0.2,1.0,0.07,120.0,51.85,738.6,116.52,0.3,0.3,18.08,19.83,16.76,33.7,55.84,86.09,28.0
2018-01-16 15:10:00,1,1,55.41,72.0,68.0,49.8,52.94,55.41,0.0,0.0,0.0,45.0,49.87,0.2,1.0,0.07,120.0,51.85,738.6,116.52,0.3,0.3,18.08,19.82,16.76,33.7,55.82,86.09,28.0
2018-01-16 15:11:00,1,1,55.41,72.0,68.0,49.8,52.94,55.41,0.0,0.0,0.0,45.0,49.87,0.2,1.0,0.07,120.0,51.86,738.6,116.52,0.3,0.3,18.08,19.8,16.76,33.7,55.8,86.09,28.0
2018-01-16 15:12:00,1,1,55.42,72.0,68.0,49.8,52.94,55.42,0.0,0.0,0.0,45.0,49.87,0.2,1.0,0.07,120.0,51.86,738.6,116.52,0.3,0.3,18.08,19.79,16.76,33.7,55.77,86.08,28.0
2018-01-16 15:13:00,1,1,55.42,72.0,68.0,49.8,52.94,55.42,0.0,0.0,0.0,45.0,49.87,0.2,1.0,0.07,120.0,51.86,738.6,116.52,0.3,0.3,18.08,19.78,16.76,33.69,55.75,86.08,28.0
2018-01-16 15:14:00,1,1,55.42,72.0,68.0,49.8,52.94,55.42,0.0,0.0,0.0,45.0,49.88,0.2,1.0,0.07,120.0,51.86,738.6,116.52,0.3,0.3,18.08,19.77,16.76,33.69,55.73,86.07,27.99
2018-01-16 15:15:00,1,1,55.43,72.0,68.0,49.81,52.94,55.43,0.0,0.0,0.0,45.0,49.88,0.2,1.0,0.07,120.0,51.86,738.6,116.52,0.3,0.3,18.08,19.75,16.76,33.69,55.7,86.07,27.99
2018-01-16 15:16:00,1,1,55.43,72.0,68.0,49.81,52.95,55.43,0.0,0.0,0.0,45.0,49.88,0.2,1.0,0.07,120.0,51.86,738.6,116.52,0.3,0.3,18.08,19.74,16.76,33.68,55.68,86.06,27.98
2018-01-16 15:17:00,1,1,55.44,72.0,68.0,49.81,52.95,55.44,0.0,0.0,0.0,45.0,49.88,0.2,1.0,0.07,120.0,51.86,738.6,116.52,0.3,0.3,18.08,19.73,16.76,33.68,55.65,86.06,27.98
2018-01-16 15:18:00,1,1,55.44,72.0,68.0,49.81,52.95,55.44,0.0,0.0,0.0,45.0,49.88,0.2,1.0,0.07,120.0,51.87,738.6,116.52,0.3,0.3,18.08,19.71,16.76,33.67,55.62,86.05,27.97
2018-01-16 15:19:00,1,1,55.44,72.0,68.0,49.81,52.95,55.44,0.0,0.0,0.0,45.0,49.88,0.2,1.0,0.07,120.0,51.87,738.6,116.52,0.3,0.3,18.08,19.7,16.76,33.67,55.6,86.05,27.97
2018-01-16 15:20:00,1,1,55.45,72.0,68.0,49.81,52.95,55.45,0.0,0.0,0.0,45.0,49.88,0.2,1.0,0.07,120.0,51.87,738.6,116.52,0.3,0.3,18.08,19.69,16.76,33.66,55.57,86.05,27.96
2018-01-16 15:21:00,1,1,55.45,72.0,68.0,49.81,52.95,55.45,0.0,0.0,0.0,45.0,49.88,0.2,1.0,0.07,120.0,51.87,738.6,116.52,0.3,0.3,18.08,19.68,16.76,33.65,55.55,86.04,27.95
2018-01-16 15:22:00,1,1,55.46,72.0,68.0,49.81,52.95,55.46,0.0,0.0,0.0,45.0,49.89,0.2,1.0,0.07,120.0,51.87,738.6,116.52,0.3,0.3,18.08,19.66,16.76,33.64,55.52,86.04,27.94
2018-01-16 15:23:00,1,1,55.46,72.0,68.0,49.82,52.95,55.46,0.0,0.0,0.0,45.0,49.89,0.2,1.0,0.07,120.0,51.87,738.6,116.52,0.3,0.3,18.08,19.65,16.76,33.64,55.49,86.04,27.94
2018-01-16 15:24:00,1,1,55.46,72.0,68.0,49.82,52.95,55.46,0.0,0.0,0.0,45.0,49.89,0.2,1.0,0.07,120.0,51.87,738.6,116.52,0.3,0.3,18.08,19.64,16.76,33.63,55.47,86.03,27.93
2018-01-16 15:25:00,1,1,55.47,72.0,68.0,49.82,52.96,55.47,0.0,0.0,0.0,45.0,49.89,0.2,1.0,0.07,120.0,51.87,738.6,116.52,0.3,0.3,18.08,19.62,16.76,33.62,55.44,86.03,27.92
2018-01-16 15:26:00,1,1,55.47,72.0,68.0,49.82,52.96,55.47,0.0,0.0,0.0,45.0,49.89,0.2,1.0,0.07,120.0,51.87,738.6,116.52,0.3,0.3,18.08,19.61,16.76,33.61,55.42,86.03,27.91
2018-01-16 15:27:00,1,1,55.47,72.0,68.0,49.82,52.96,55.47,0.0,0.0,0.0,45.0,49.89,0.2,1.0,0.07,120.0,51.87,738.6,116.52,0.3,0.3,18.08,19.59,16.76,33.6,55.39,86.02,27.9
2018-01-16 15:28:00,1,1,55.48,72.0,68.0,49.82,52.96,55.48,0.0,0.0,0.0,45.0,49.89,0.2,1.0,0.07,120.0,51.88,738.6,116.52,0.3,0.3,18.08,19.58,16.76,33.59,55.37,86.02,27.89
2018-01-16 15:29:00,1,1,55.48,72.0,68.0,49.82,52.96,55.48,0.0,0.0,0.0,45.0,49.89,0.2,1.0,0.07,120.0,51.88,738.6,116.52,0.3,0.3,18.08,19.57,16.76,33.58,55.34,86.02,27.88
2018-01-16 15:30:00,1,1,55.48,72.0,68.0,49.82,52.96,55.48,0.0,0.0,0.0,45.0,49.89,0.2,1.0,0.07,120.0,51.88,738.6,116.52,0.3,0.3,18.08,19.55,16.76,33.57,55.32,86.02,27.87
2018-01-16 15:31:00,1,1,55.49,72.0,68.0,49.82,52.96,55.49,0.0,0.0,0.0,45.0,49.89,0.2,1.0,0.07,120.0,51.88,738.6,116.52,0.3,0.3,18.08,19.54,16.76,33.57,55.29,86.02,27.86
2018-01-16 15:32:00,1,1,55.49,72.0,68.0,49.82,52.96,55.49,0.0,0.0,0.0,45.0,49.89,0.2,1.0,0.07,120.0,51.88,738.6,116.52,0.3,0.3,18.08,19.52,16.76,33.56,55.27,86.02,27.85
2018-01-16 15:33:00,1,1,55.49,72.0,68.0,49.82,52.96,55.49,0.0,0.0,0.0,45.0,49.89,0.2,1.0,0.07,120.0,51.88,738.6,116.52,0.3,0.3,18.08,19.51,16.76,33.55,55.24,86.02,27.84
2018-01-16 15:34:00,1,1,55.49,72.0,68.0,49.82,52.96,55.49,0.0,0.0,0.0,45.0,49.89,0.2,1.0,0.07,120.0,51.88,738.6,116.52,0.3,0.3,18.08,19.5,16.76,33.54,55.22,86.02,27.83
2018-01-16 15:35:00,1,1,55.5,72.0,68.0,49.82,52.96,55.5,0.0,0.0,0.0,45.0,49.89,0.2,1.0,0.07,120.0,51.88,738.6,116.52,0.3,0.3,18.08,19.48,16.76,33.53,55.2,86.02,27.82
2018-01-16 15:36:00,1,1,55.5,72.0,68.0,49.82,52.96,55.5,0.0,0.0,0.0,45.0,49.89,0.2,1.0,0.07,120.0,51.88,738.6,116.52,0.3,0.3,18.08,19.47,16.76,33.52,55.18,86.02,27.81
2018-01-16 15:37:00,1,1,55.5,72.0,68.0,49.82,52.96,55.5,0.0,0.0,0.0,45.0,49.89,0.2,1.0,0.07,120.0,51.87,738.6,116.52,0.3,0.3,18.08,19.45,16.76,33.51,55.16,86.03,27.8
2018-01-16 15:38:00,1,1,55.5,72.0,68.0,49.82,52.96,55.5,0.0,0.0,0.0,45.0,49.89,0.2,1.0,0.07,120.0,51.87,738.6,116.52,0.3,0.3,18.08,19.44,16.76,33.5,55.14,86.03,27.79
2018-01-16 15:39:00,1,1,55.5,72.0,68.0,49.81,52.95,55.5,0.0,0.0,0.0,45.0,49.89,0.2,1.0,0.07,120.0,51.87,738.6,116.52,0.3,0.3,18.08,19.42,16.76,33.49,55.12,86.03,27.79
2018-01-16 15:40:00,1,1,55.5,72.0,68.0,49.81,52.95,55.5,0.0,0.0,0.0,45.0,49.89,0.2,1.0,0.07,120.0,51.87,738.6,116.52,0.3,0.3,18.08,19.4,16.76,33.49,55.1,86.04,27.78
2018-01-16 15:41:00,1,1,55.5,72.0,68.0,49.81,52.95,55.5,0.0,0.0,0.0,45.0,49.89,0.2,1.0,0.07,120.0,51.87,738.6,116.52,0.3,0.3,18.08,19.39,16.76,33.48,55.08,86.04,27.77
2018-01-16 15:42:00,1,1,55.51,72.0,68.0,49.81,52.95,55.51,0.0,0.0,0.0,45.0,49.88,0.2,1.0,0.07,120.0,51.87,738.6,116.52,0.3,0.3,18.08,19.37,16.76,33.47,55.06,86.05,27.76
2018-01-16 15:43:00,1,1,55.51,72.0,68.0,49.81,52.95,55.51,0.0,0.0,0.0,45.0,49.88,0.2,1.0,0.07,120.0,51.87,738.6,116.52,0.3,0.3,18.08,19.36,16.76,33.46,55.05,86.05,27.75
2018-01-16 15:44:00,1,1,55.51,72.0,68.0,49.81,52.95,55.51,0.0,0.0,0.0,45.0,49.88,0.2,1.0,0.07,120.0,51.86,738.6,116.52,0.3,0.3,18.08,19.34,16.76,33.46,55.03,86.06,27.74
2018-01-16 15:45:00,1,1,55.51,72.0,68.0,49.8,52.94,55.51,0.0,0.0,0.0,45.0,49.88,0.2,1.0,0.07,120.0,51.86,738.6,116.52,0.3,0.3,18.08,19.32,16.76,33.45,55.02,86.07,27.74
2018-01-16 15:46:00,1,1,55.51,72.0,68.0,49.8,52.94,55.51,0.0,0.0,0.0,45.0,49.87,0.2,1.0,0.07,120.0,51.86,738.6,116.52,0.3,0.3,18.08,19.31,16.76,33.44,55.01,86.07,27.73
2018-01-16 15:47:00,1,1,55.51,72.0,68.0,49.8,52.94,55.51,0.0,0.0,0.0,45.0,49.87,0.2,1.0,0.07,120.0,51.86,738.6,116.52,0.3,0.3,18.08,19.29,16.76,33.44,55.0,86.08,27.72
2018-01-16 15:48:00,1,1,55.51,72.0,68.0,49.79,52.94,55.51,0.0,0.0,0.0,45.0,49.87,0.2,1.0,0.07,120.0,51.85,738.6,116.52,0.3,0.3,18.08,19.27,16.76,33.44,54.99,86.09,27.72
2018-01-16 15:49:00,1,1,55.51,72.0,68.0,49.79,52.93,55.51,0.0,0.0,0.0,45.0,49.87,0.2,1.0,0.07,120.0,51.85,738.6,116.52,0.3,0.3,18.08,19.26,16.76,33.43,54.98,86.1,27.71
2018-01-16 15:50:00,1,1,55.5,72.0,68.0,49.79,52.93,55.5,0.0,0.0,0.0,45.0,49.86,0.2,1.0,0.07,120.0,51.85,738.6,116.52,0.3,0.3,18.08,19.24,16.76,33.43,54.97,86.11,27.7
2018-01-16 15:51:00,1,1,55.5,72.0,68.0,49.78,52.93,55.5,0.0,0.0,0.0,45.0,49.86,0.2,1.0,0.07,120.0,51.84,738.6,116.52,0.3,0.3,18.08,19.22,16.76,33.43,54.97,86.12,27.7
2018-01-16 15:52:00,1,1,55.5,72.0,68.0,49.78,52.92,55.5,0.0,0.0,0.0,45.0,49.85,0.2,1.0,0.07,120.0,51.84,738.6,116.52,0.3,0.3,18.08,19.2,16.76,33.42,54.96,86.14,27.7
2018-01-16 15:53:00,1,1,55.5,72.0,68.0,49.78,52.92,55.5,0.0,0.0,0.0,45.0,49.85,0.2,1.0,0.07,120.0,51.84,738.6,116.52,0.3,0.3,18.08,19.18,16.76,33.42,54.96,86.15,27.69
2018-01-16 15:54:00,1,1,55.5,72.0,68.0,49.77,52.91,55.5,0.0,0.0,0.0,45.0,49.85,0.2,1.0,0.07,120.0,51.83,738.6,116.52,0.3,0.3,18.08,19.17,16.76,33.42,54.96,86.16,27.69
2018-01-16 15:55:00,1,1,55.5,72.0,68.0,49.77,52.91,55.5,0.0,0.0,0.0,45.0,49.84,0.2,1.0,0.07,120.0,51.83,738.6,116.52,0.3,0.3,18.08,19.15,16.76,33.42,54.96,86.18,27.69
2018-01-16 15:56:00,1,1,55.49,72.0,68.0,49.76,52.91,55.49,0.0,0.0,0.0,45.0,49.84,0.2,1.0,0.07,120.0,51.82,738.6,116.52,0.3,0.3,18.08,19.13,16.76,33.42,54.96,86.19,27.68
2018-01-16 15:57:00,1,1,55.49,72.0,68.0,49.76,52.9,55.49,0.0,0.0,0.0,45.0,49.83,0.2,1.0,0.07,120.0,51.82,738.6,116.52,0.3,0.3,18.08,19.11,16.76,33.42,54.96,86.21,27.68
2018-01-16 15:58:00,1,1,55.49,72.0,68.0,49.75,52.89,55.49,0.0,0.0,0.0,45.0,49.83,0.2,1.0,0.07,120.0,51.81,738.6,116.52,0.3,0.3,18.08,19.09,16.76,33.43,54.97,86.23,27.68
2018-01-16 15:59:00,1,1,55.48,72.0,68.0,49.74,52.89,55.48,0.0,0.0,0.0,45.0,49.82,0.2,1.0,0.07,120.0,51.81,738.6,116.52,0.3,0.3,18.08,19.07,16.76,33.43,54.98,86.25,27.68
2018-01-16 16:00:00,1,1,55.48,72.0,68.0,49.74,52.88,55.48,0.0,0.0,0.0,45.0,49.81,0.2,1.0,0.07,120.0,51.8,738.6,116.52,0.3,0.3,18.08,19.05,16.76,33.44,54.99,86.27,27.68
2018-01-16 16:01:00,1,1,55.48,72.0,68.0,49.73,52.88,55.48,0.0,0.0,0.0,45.0,49.81,0.2,1.0,0.07,120.0,51.79,738.6,116.52,0.3,0.3,18.08,19.02,16.76,33.45,55.04,86.29,27.68
2018-01-16 16:02:00,1,1,55.47,72.0,68.0,49.72,52.87,55.47,0.0,0.0,0.0,45.0,49.8,0.2,1.0,0.07,120.0,51.79,738.6,116.52,0.3,0.3,18.08,18.99,16.76,33.46,55.11,86.31,27.69
2018-01-16 16:03:00,1,1,55.46,72.0,68.0,49.71,52.86,55.46,0.0,0.0,0.0,45.0,49.79,0.2,1.0,0.07,120.0,51.78,738.6,116.52,0.3,0.3,18.08,18.96,16.76,33.48,55.19,86.34,27.7
2018-01-16 16:04:00,1,1,55.46,72.0,68.0,49.7,52.85,55.46,0.0,0.0,0.0,45.0,49.78,0.2,1.0,0.07,120.0,51.77,738.6,116.52,0.3,0.3,18.08,18.93,16.76,33.51,55.28,86.38,27.71
2018-01-16 16:05:00,1,1,55.45,72.0,68.0,49.69,52.84,55.45,0.0,0.0,0.0,45.0,49.77,0.2,1.0,0.07,120.0,51.76,738.6,116.52,0.3,0.3,18.08,18.9,16.76,33.53,55.36,86.41,27.72
2018-01-16 16:06:00,1,1,55.44,72.0,68.0,49.68,52.83,55.44,0.0,0.0,0.0,45.0,49.76,0.2,1.0,0.07,120.0,51.75,738.6,116.52,0.3,0.3,18.08,18.87,16.76,33.56,55.45,86.45,27.74
2018-01-16 16:07:00,1,1,55.43,72.0,68.0,49.66,52.82,55.43,0.0,0.0,0.0,45.0,49.75,0.2,1.0,0.07,120.0,51.74,738.6,116.52,0.3,0.3,18.08,18.84,16.76,33.59,55.54,86.48,27.76
2018-01-16 16:08:00,1,1,55.42,72.0,68.0,49.65,52.81,55.42,0.0,0.0,0.0,45.0,49.73,0.2,1.0,0.07,120.0,51.72,738.6,116.52,0.3,0.3,18.08,18.81,16.76,33.63,55.63,86.52,27.78
2018-01-16 16:09:00,1,1,55.41,72.0,68.0,49.64,52.79,55.41,0.0,0.0,0.0,45.0,49.72,0.2,1.0,0.07,120.0,51.71,738.6,116.52,0.3,0.3,18.08,18.78,16.76,33.67,55.72,86.57,27.81
2018-01-16 16:10:00,1,1,55.4,72.0,68.0,49.62,52.78,55.4,0.0,0.0,0.0,45.0,49.71,0.2,1.0,0.07,120.0,51.7,738.6,116.52,0.3,0.3,18.08,18.75,16.76,33.71,55.81,86.61,27.84
2018-01-16 16:11:00,1,1,55.39,72.0,68.0,49.61,52.77,55.39,0.0,0.0,0.0,45.0,49.69,0.2,1.0,0.07,120.0,51.68,738.6,116.52,0.3,0.3,18.08,18.71,16.76,33.75,55.91,86.65,27.87
2018-01-16 16:12:00,1,1,55.38,72.0,68.0,49.6,52.75,55.38,0.0,0.0,0.0,45.0,49.68,0.2,1.0,0.07,120.0,51.67,738.6,116.52,0.3,0.3,18.08,18.68,16.76,33.8,56.0,86.7,27.9
2018-01-16 16:13:00,1,1,55.37,72.0,68.0,49.58,52.74,55.37,0.0,0.0,0.0,45.0,49.66,0.2,1.0,0.07,120.0,51.66,738.6,116.52,0.3,0.3,18.08,18.65,16.76,33.84,56.1,86.75,27.93
2018-01-16 16:14:00,1,1,55.36,72.0,68.0,49.56,52.72,55.36,0.0,0.0,0.0,45.0,49.65,0.2,1.0,0.07,120.0,51.64,738.6,116.52,0.3,0.3,18.08,18.62,16.76,33.89,56.2,86.8,27.97
2018-01-16 16:15:00,1,1,55.34,72.0,68.0,49.55,52.71,55.34,0.0,0.0,0.0,45.0,49.63,0.2,1.0,0.07,120.0,51.63,738.6,116.52,0.3,0.3,18.08,18.58,16.76,33.94,56.3,86.85,28.0
2018-01-16 16:16:00,1,1,55.33,72.0,68.0,49.53,52.69,55.33,0.0,0.0,0.0,45.0,49.62,0.2,1.0,0.07,120.0,51.61,738.6,116.52,0.3,0.3,18.08,18.55,16.76,34.0,56.4,86.9,28.04
2018-01-16 16:17:00,1,1,55.32,72.0,68.0,49.52,52.68,55.32,0.0,0.0,0.0,45.0,49.6,0.2,1.0,0.07,120.0,51.59,738.6,116.52,0.3,0.3,18.08,18.52,16.76,34.05,56.5,86.95,28.08
2018-01-16 16:18:00,1,1,55.3,72.0,68.0,49.5,52.66,55.3,0.0,0.0,0.0,45.0,49.58,0.2,1.0,0.07,120.0,51.58,738.6,116.52,0.3,0.3,18.08,18.48,16.76,34.11,56.6,87.01,28.13
2018-01-16 16:19:00,1,1,55.29,72.0,68.0,49.48,52.65,55.29,0.0,0.0,0.0,45.0,49.57,0.2,1.0,0.07,120.0,51.56,738.6,116.52,0.3,0.3,18.08,18.45,16.76,34.17,56.71,87.06,28.17
2018-01-16 16:20:00,1,1,55.27,72.0,68.0,49.46,52.63,55.27,0.0,0.0,0.0,45.0,49.55,0.2,1.0,0.07,120.0,51.54,738.6,116.52,0.3,0.3,18.08,18.42,16.76,34.23,56.81,87.12,28.21
2018-01-16 16:21:00,1,1,55.26,72.0,68.0,49.44,52.61,55.26,0.0,0.0,0.0,45.0,49.53,0.2,1.0,0.07,120.0,51.53,738.6,116.52,0.3,0.3,18.08,18.38,16.76,34.29,56.91,87.18,28.26
2018-01-16 16:22:00,1,1,55.24,72.0,68.0,49.43,52.59,55.24,0.0,0.0,0.0,45.0,49.51,0.2,1.0,0.07,120.0,51.51,738.6,116.52,0.3,0.3,18.08,18.35,16.76,34.35,57.02,87.24,28.31
2018-01-16 16:23:00,1,1,55.23,72.0,68.0,49.41,52.58,55.23,0.0,0.0,0.0,45.0,49.49,0.2,1.0,0.07,120.0,51.49,738.6,116.52,0.3,0.3,18.08,18.32,16.76,34.42,57.13,87.3,28.36
2018-01-16 16:24:00,1,1,55.21,72.0,68.0,49.39,52.56,55.21,0.0,0.0,0.0,45.0,49.47,0.2,1.0,0.07,120.0,51.47,738.6,116.52,0.3,0.3,18.08,18.28,16.76,34.48,57.23,87.36,28.41
2018-01-16 16:25:00,1,1,55.19,72.0,68.0,49.37,52.54,55.19,0.0,0.0,0.0,45.0,49.45,0.2,1.0,0.07,120.0,51.45,738.6,116.52,0.3,0.3,18.08,18.25,16.76,34.55,57.34,87.42,28.46
2018-01-16 16:26:00,1,1,55.18,72.0,68.0,49.35,52.52,55.18,0.0,0.0,0.0,45.0,49.44,0.2,1.0,0.07,120.0,51.44,738.6,116.52,0.3,0.3,18.08,18.21,16.76,34.62,57.45,87.49,28.51
2018-01-16 16:27:00,1,1,55.16,72.0,68.0,49.33,52.5,55.16,0.0,0.0,0.0,45.0,49.42,0.2,1.0,0.07,120.0,51.42,738.6,116.52,0.3,0.3,18.08,18.18,16.76,34.69,57.56,87.55,28.57
2018-01-16 16:28:00,1,1,55.14,72.0,68.0,49.31,52.48,55.14,0.0,0.0,0.0,45.0,49.4,0.2,1.0,0.07,120.0,51.4,738.6,116.52,0.3,0.3,18.08,18.15,16.76,34.76,57.66,87.62,28.62
2018-01-16 16:29:00,1,1,55.12,72.0,68.0,49.29,52.46,55.12,0.0,0.0,0.0,45.0,49.38,0.2,1.0,0.07,120.0,51.38,738.6,116.52,0.3,0.3,18.08,18.11,16.76,34.83,57.77,87.68,28.68
2018-01-16 16:30:00,1,1,55.1,72.0,68.0,49.27,52.44,55.1,0.0,0.0,0.0,45.0,49.35,0.2,1.0,0.07,120.0,51.36,738.6,116.52,0.3,0.3,18.08,18.08,16.76,34.9,57.88,87.75,28.73
2018-01-16 16:31:00,1,1,55.09,72.0,68.0,49.25,52.42,55.09,0.0,0.0,0.0,45.0,49.33,0.2,1.0,0.07,120.0,51.34,738.6,116.52,0.3,0.3,18.08,18.04,16.76,34.98,57.99,87.82,28.79
2018-01-16 16:32:00,1,1,55.07,72.0,68.0,49.23,52.4,55.07,0.0,0.0,0.0,45.0,49.31,0.2,1.0,0.07,120.0,51.32,738.6,116.52,0.3,0.3,18.08,18.01,16.76,35.05,58.1,87.89,28.85
2018-01-16 16:33:00,1,1,55.05,72.0,68.0,49.2,52.38,55.05,0.0,0.0,0.0,45.0,49.29,0.2,1.0,0.07,120.0,51.3,738.6,116.52,0.3,0.3,18.08,17.97,16.76,35.13,58.21,87.96,28.91
2018-01-16 16:34:00,1,1,55.03,72.0,68.0,49.18,52.36,55.03,0.0,0.0,0.0,45.0,49.27,0.2,1.0,0.07,120.0,51.28,738.6,116.52,0.3,0.3,18.08,17.94,16.76,35.2,58.32,88.03,28.97
2018-01-16 16:35:00,1,1,55.01,72.0,68.0,49.16,52.34,55.01,0.0,0.0,0.0,45.0,49.25,0.2,1.0,0.07,120.0,51.25,738.6,116.52,0.3,0.3,18.08,17.91,16.76,35.28,58.43,88.1,29.03
2018-01-16 16:36:00,1,1,54.99,72.0,68.0,49.14,52.32,54.99,0.0,0.0,0.0,45.0,49.23,0.2,1.0,0.07,120.0,51.23,738.6,116.52,0.3,0.3,18.08,17.87,16.76,35.36,58.54,88.17,29.09
2018-01-16 16:37:00,1,1,54.97,72.0,68.0,49.12,52.3,54.97,0.0,0.0,0.0,45.0,49.2,0.2,1.0,0.07,120.0,51.21,738.6,116.52,0.3,0.3,18.08,17.84,16.76,35.44,58.65,88.25,29.15
2018-01-16 16:38:00,1,1,54.95,72.0,68.0,49.09,52.28,54.95,0.0,0.0,0.0,45.0,49.18,0.2,1.0,0.07,120.0,51.19,738.6,116.52,0.3,0.3,18.08,17.8,16.76,35.52,58.75,88.32,29.21
2018-01-16 16:39:00,1,1,54.93,72.0,68.0,49.07,52.26,54.93,0.0,0.0,0.0,45.0,49.16,0.2,1.0,0.07,120.0,51.17,738.6,116.52,0.3,0.3,18.08,17.77,16.76,35.6,58.86,88.4,29.28
2018-01-16 16:40:00,1,1,54.91,72.0,68.0,49.05,52.23,54.91,0.0,0.0,0.0,45.0,49.14,0.2,1.0,0.07,120.0,51.14,738.6,116.52,0.3,0.3,18.08,17.73,16.76,35.67,58.97,88.47,29.34
2018-01-16 16:41:00,1,1,54.89,72.0,68.0,49.02,52.21,54.89,0.0,0.0,0.0,45.0,49.11,0.2,1.0,0.07,120.0,51.12,738.6,116.52,0.3,0.3,18.08,17.7,16.76,35.76,59.08,88.55,29.4
2018-01-16 16:42:00,1,1,54.86,72.0,68.0,49.0,52.19,54.86,0.0,0.0,0.0,45.0,49.09,0.2,1.0,0.07,120.0,51.1,738.6,116.52,0.3,0.3,18.08,17.67,16.76,35.84,59.19,88.63,29.47
2018-01-16 16:43:00,1,1,54.84,72.0,68.0,48.98,52.17,54.84,0.0,0.0,0.0,45.0,49.07,0.2,1.0,0.07,120.0,51.08,738.6,116.52,0.3,0.3,18.08,17.63,16.76,35.92,59.29,88.71,29.53
2018-01-16 16:44:00,1,1,54.82,72.0,68.0,48.95,52.14,54.82,0.0,0.0,0.0,45.0,49.04,0.2,1.0,0.07,120.0,51.05,738.6,116.52,0.3,0.3,18.08,17.6,16.76,36.0,59.4,88.79,29.6
2018-01-16 16:45:00,1,1,54.8,72.0,68.0,48.93,52.12,54.8,0.0,0.0,0.0,45.0,49.02,0.2,1.0,0.07,120.0,51.03,738.6,116.52,0.3,0.3,18.08,17.56,16.76,36.08,59.5,88.87,29.66
2018-01-16 16:46:00,1,1,54.78,72.0,68.0,48.9,52.1,54.78,0.0,0.0,0.0,45.0,48.99,0.2,1.0,0.07,120.0,51.01,738.6,116.52,0.3,0.3,18.08,17.53,16.76,36.16,59.61,88.95,29.73
2018-01-16 16:47:00,1,1,54.75,72.0,68.0,48.88,52.08,54.75,0.0,0.0,0.0,45.0,48.97,0.2,1.0,0.07,120.0,50.98,738.6,116.52,0.3,0.3,18.08,17.5,16.76,36.24,59.71,89.03,29.79
2018-01-16 16:48:00,1,1,54.73,72.0,68.0,48.86,52.05,54.73,0.0,0.0,0.0,45.0,48.95,0.2,1.0,0.07,120.0,50.96,738.6,116.52,0.3,0.3,18.08,17.46,16.76,36.32,59.81,89.11,29.86
2018-01-16 16:49:00,1,1,54.71,72.0,68.0,48.83,52.03,54.71,0.0,0.0,0.0,45.0,48.92,0.2,1.0,0.07,120.0,50.94,738.6,116.52,0.3,0.3,18.08,17.43,16.76,36.41,59.92,89.2,29.93
2018-01-16 16:50:00,1,1,54.68,72.0,68.0,48.81,52.0,54.68,0.0,0.0,0.0,45.0,48.9,0.2,1.0,0.07,120.0,50.91,738.6,116.52,0.3,0.3,18.08,17.4,16.76,36.49,60.02,89.28,29.99
2018-01-16 16:51:00,1,1,54.66,72.0,68.0,48.78,51.98,54.66,0.0,0.0,0.0,45.0,48.87,0.2,1.0,0.07,120.0,50.89,738.6,116.52,0.3,0.3,18.08,17.36,16.76,36.57,60.12,89.37,30.06
2018-01-16 16:52:00,1,1,54.64,72.0,68.0,48.76,51.96,54.64,0.0,0.0,0.0,45.0,48.85,0.2,1.0,0.07,120.0,50.86,738.6,116.52,0.3,0.3,18.08,17.33,16.76,36.65,60.22,89.45,30.13
2018-01-16 16:53:00,1,1,54.61,72.0,68.0,48.73,51.93,54.61,0.0,0.0,0.0,45.0,48.82,0.2,1.0,0.07,120.0,50.84,738.6,116.52,0.3,0.3,18.08,17.3,16.76,36.73,60.31,89.54,30.19
2018-01-16 16:54:00,1,1,54.59,72.0,68.0,48.7,51.91,54.59,0.0,0.0,0.0,45.0,48.8,0.2,1.0,0.07,120.0,50.81,738.6,116.52,0.3,0.3,18.08,17.27,16.76,36.81,60.41,89.63,30.26
2018-01-16 16:55:00,1,1,54.56,72.0,68.0,48.68,51.88,54.56,0.0,0.0,0.0,45.0,48.77,0.2,1.0,0.07,120.0,50.79,738.6,116.52,0.3,0.3,18.08,17.23,16.76,36.9,60.5,89.71,30.32
2018-01-16 16:56:00,1,1,54.54,72.0,68.0,48.65,51.86,54.54,0.0,0.0,0.0,45.0,48.74,0.2,1.0,0.07,120.0,50.76,738.6,116.52,0.3,0.3,18.08,17.2,16.76,36.98,60.6,89.8,30.39
2018-01-16 16:57:00,1,1,54.51,72.0,68.0,48.63,51.83,54.51,0.0,0.0,0.0,45.0,48.72,0.2,1.0,0.07,120.0,50.74,738.6,116.52,0.3,0.3,18.08,17.17,16.76,37.06,60.69,89.89,30.46
2018-01-16 16:58:00,1,1,54.49,72.0,68.0,48.6,51.81,54.49,0.0,0.0,0.0,45.0,48.69,0.2,1.0,0.07,120.0,50.71,738.6,116.52,0.3,0.3,18.08,17.14,16.76,37.14,60.78,89.98,30.52
2018-01-16 16:59:00,1,1,54.46,72.0,68.0,48.58,51.78,54.46,0.0,0.0,0.0,45.0,48.67,0.2,1.0,0.07,120.0,50.69,738.6,116.52,0.3,0.3,18.08,17.11,16.76,37.22,60.87,90.07,30.59
2018-01-16 17:00:00,1,1,54.44,72.0,68.0,48.55,51.76,54.44,0.0,0.0,0.0,45.0,48.64,0.2,1.0,0.07,120.0,50.66,738.6,116.52,0.3,0.3,18.08,17.07,16.76,37.3,60.96,90.16,30.65
2018-01-16 17:01:00,1,1,54.41,72.0,68.0,48.52,51.73,54.41,0.0,0.0,0.0,45.0,48.61,0.2,1.0,0.07,120.0,50.64,738.6,116.52,0.3,0.3,18.08,17.05,16.76,37.37,61.01,90.25,30.72
2018-01-16 17:02:00,1,1,54.39,72.0,68.0,48.5,51.71,54.39,0.0,0.0,0.0,45.0,48.59,0.2,1.0,0.07,120.0,50.61,738.6,116.52,0.3,0.3,18.08,17.02,16.76,37.44,61.05,90.34,30.78
2018-01-16 17:03:00,1,1,54.36,72.0,68.0,48.47,51.69,54.36,0.0,0.0,0.0,45.0,48.56,0.2,1.0,0.07,120.0,50.59,738.6,116.52,0.3,0.3,18.08,17.0,16.76,37.51,61.08,90.43,30.84
2018-01-16 17:04:00,1,1,54.34,72.0,68.0,48.45,51.66,54.34,0.0,0.0,0.0,45.0,48.54,0.2,1.0,0.07,120.0,50.56,738.6,116.52,0.3,0.3,18.08,16.98,16.76,37.58,61.12,90.52,30.9
2018-01-16 17:05:00,1,1,54.31,72.0,68.0,48.42,51.64,54.31,0.0,0.0,0.0,45.0,48.51,0.2,1.0,0.07,120.0,50.54,738.6,116.52,0.3,0.3,18.08,16.96,16.76,37.64,61.15,90.6,30.95
2018-01-16 17:06:00,1,1,54.29,72.0,68.0,48.4,51.61,54.29,0.0,0.0,0.0,45.0,48.49,0.2,1.0,0.07,120.0,50.51,738.6,116.52,0.3,0.3,18.08,16.93,16.76,37.7,61.17,90.69,31.01
2018-01-16 17:07:00,1,1,54.26,72.0,68.0,48.37,51.59,54.26,0.0,0.0,0.0,45.0,48.46,0.2,1.0,0.07,120.0,50.49,738.6,116.52,0.3,0.3,18.08,16.91,16.76,37.76,61.2,90.78,31.06
2018-01-16 17:08:00,1,1,54.23,72.0,68.0,48.35,51.57,54.23,0.0,0.0,0.0,45.0,48.44,0.2,1.0,0.07,120.0,50.47,738.6,116.52,0.3,0.3,18.08,16.89,16.76,37.81,61.22,90.87,31.11
2018-01-16 17:09:00,1,1,54.21,72.0,68.0,48.32,51.54,54.21,0.0,0.0,0.0,45.0,48.41,0.2,1.0,0.07,120.0,50.44,738.6,116.52,0.3,0.3,18.08,16.87,16.76,37.87,61.25,90.96,31.16
2018-01-16 17:10:00,1,1,54.18,72.0,68.0,48.3,51.52,54.18,0.0,0.0,0.0,45.0,48.39,0.2,1.0,0.07,120.0,50.42,738.6,116.52,0.3,0.3,18.08,16.85,16.76,37.92,61.27,91.05,31.21
2018-01-16 17:11:00,1,1,54.15,72.0,68.0,48.27,51.49,54.15,0.0,0.0,0.0,45.0,48.36,0.2,1.0,0.07,120.0,50.39,738.6,116.52,0.3,0.3,18.08,16.83,16.76,37.97,61.29,91.14,31.25
2018-01-16 17:12:00,1,1,54.13,72.0,68.0,48.24,51.47,54.13,0.0,0.0,0.0,45.0,48.33,0.2,1.0,0.07,120.0,50.37,738.6,116.52,0.3,0.3,18.08,16.8,16.76,38.02,61.31,91.23,31.29
2018-01-16 17:13:00,1,1,54.1,72.0,68.0,48.22,51.44,54.1,0.0,0.0,0.0,45.0,48.31,0.2,1.0,0.07,120.0,50.34,738.6,116.52,0.3,0.3,18.08,16.78,16.76,38.07,61.33,91.32,31.34
2018-01-16 17:14:00,1,1,54.07,72.0,68.0,48.19,51.42,54.07,0.0,0.0,0.0,45.0,48.28,0.2,1.0,0.07,120.0,50.32,738.6,116.52,0.3,0.3,18.08,16.76,16.76,38.11,61.34,91.41,31.38
2018-01-16 17:15:00,1,1,54.05,72.0,68.0,48.17,51.39,54.05,0.0,0.0,0.0,45.0,48.26,0.2,1.0,0.07,120.0,50.29,738.6,116.52,0.3,0.3,18.08,16.74,16.76,38.15,61.36,91.5,31.42
2018-01-16 17:16:00,1,1,54.02,72.0,68.0,48.14,51.37,54.02,0.0,0.0,0.0,45.0,48.23,0.2,1.0,0.07,120.0,50.27,738.6,116.52,0.3,0.3,18.08,16.72,16.76,38.2,61.37,91.6,31.45
2018-01-16 17:17:00,1,1,53.99,72.0,68.0,48.11,51.34,53.99,0.0,0.0,0.0,45.0,48.21,0.2,1.0,0.07,120.0,50.24,738.6,116.52,0.3,0.3,18.08,16.7,16.76,38.24,61.39,91.69,31.49
2018-01-16 17:18:00,1,1,53.97,72.0,68.0,48.09,51.32,53.97,0.0,0.0,0.0,45.0,48.18,0.2,1.0,0.07,120.0,50.22,738.6,116.52,0.3,0.3,18.08,16.68,16.76,38.28,61.4,91.78,31.52
2018-01-16 17:19:00,1,1,53.94,72.0,68.0,48.06,51.29,53.94,0.0,0.0,0.0,45.0,48.15,0.2,1.0,0.07,120.0,50.19,738.6,116.52,0.3,0.3,18.08,16.66,16.76,38.31,61.41,91.88,31.56
2018-01-16 17:20:00,1,1,53.91,72.0,68.0,48.04,51.27,53.91,0.0,0.0,0.0,45.0,48.13,0.2,1.0,0.07,120.0,50.16,738.6,116.52,0.3,0.3,18.08,16.64,16.76,38.35,61.41,91.97,31.59
2018-01-16 17:21:00,1,1,53.88,72.0,68.0,48.01,51.24,53.88,0.0,0.0,0.0,45.0,48.1,0.2,1.0,0.07,120.0,50.14,738.6,116.52,0.3,0.3,18.08,16.63,16.76,38.38,61.42,92.07,31.62
2018-01-16 17:22:00,1,1,53.86,72.0,68.0,47.98,51.22,53.86,0.0,0.0,0.0,45.0,48.07,0.2,1.0,0.07,120.0,50.11,738.6,116.52,0.3,0.3,18.08,16.61,16.76,38.42,61.43,92.16,31.65
2018-01-16 17:23:00,1,1,53.83,72.0,68.0,47.96,51.19,53.83,0.0,0.0,0.0,45.0,48.05,0.2,1.0,0.07,120.0,50.09,738.6,116.52,0.3,0.3,18.08,16.59,16.76,38.45,61.43,92.26,31.68
2018-01-16 17:24:00,1,1,53.8,72.0,68.0,47.93,51.17,53.8,0.0,0.0,0.0,45.0,48.02,0.2,1.0,0.07,120.0,50.06,738.6,116.52,0.3,0.3,18.08,16.57,16.76,38.48,61.44,92.35,31.71
2018-01-16 17:25:00,1,1,53.77,72.0,68.0,47.9,51.14,53.77,0.0,0.0,0.0,45.0,47.99,0.2,1.0,0.07,120.0,50.04,738.6,116.52,0.3,0.3,18.08,16.55,16.76,38.51,61.44,92.45,31.74
2018-01-16 17:26:00,1,1,53.74,72.0,68.0,47.88,51.12,53.74,0.0,0.0,0.0,45.0,47.97,0.2,1.0,0.07,120.0,50.01,738.6,116.52,0.3,0.3,18.08,16.53,16.76,38.54,61.44,92.55,31.76
2018-01-16 17:27:00,1,1,53.71,72.0,68.0,47.85,51.09,53.71,0.0,0.0,0.0,45.0,47.94,0.2,1.0,0.07,120.0,49.98,738.6,116.52,0.3,0.3,18.08,16.51,16.76,38.56,61.44,92.65,31.79
2018-01-16 17:28:00,1,1,53.69,72.0,68.0,47.82,51.07,53.69,0.0,0.0,0.0,45.0,47.91,0.2,1.0,0.07,120.0,49.96,738.6,116.52,0.3,0.3,18.08,16.5,16.76,38.59,61.44,92.74,31.81
2018-01-16 17:29:00,1,1,53.66,72.0,68.0,47.8,51.04,53.66,0.0,0.0,0.0,45.0,47.89,0.2,1.0,0.07,120.0,49.93,738.6,116.52,0.3,0.3,18.08,16.48,16.76,38.61,61.44,92.84,31.84
2018-01-16 17:30:00,1,1,53.63,72.0,68.0,47.77,51.01,53.63,0.0,0.0,0.0,45.0,47.86,0.2,1.0,0.07,120.0,49.91,738.6,116.52,0.3,0.3,18.08,16.46,16.76,38.64,61.44,92.94,31.86
2018-01-16 17:31:00,1,1,53.6,72.0,68.0,47.74,50.99,53.6,0.0,0.0,0.0,45.0,47.83,0.2,1.0,0.07,120.0,49.88,738.6,116.52,0.3,0.3,18.08,16.44,16.76,38.66,61.43,93.04,31.88
2018-01-16 17:32:00,1,1,53.57,72.0,68.0,47.72,50.96,53.57,0.0,0.0,0.0,45.0,47.81,0.2,1.0,0.07,120.0,49.85,738.6,116.52,0.3,0.3,18.08,16.43,16.76,38.68,61.43,93.14,31.9
2018-01-16 17:33:00,1,1,53.54,72.0,68.0,47.69,50.94,53.54,0.0,0.0,0.0,45.0,47.78,0.2,1.0,0.07,120.0,49.83,738.6,116.52,0.3,0.3,18.08,16.41,16.76,38.7,61.42,93.24,31.92
2018-01-16 17:34:00,1,1,53.51,72.0,68.0,47.66,50.91,53.51,0.0,0.0,0.0,45.0,47.75,0.2,1.0,0.07,120.0,49.8,738.6,116.52,0.3,0.3,18.08,16.39,16.76,38.72,61.42,93.34,31.94
2018-01-16 17:35:00,1,1,53.48,72.0,68.0,47.63,50.89,53.48,0.0,0.0,0.0,45.0,47.73,0.2,1.0,0.07,120.0,49.77,738.6,116.52,0.3,0.3,18.08,16.37,16.76,38.74,61.41,93.44,31.96
2018-01-16 17:36:00,1,1,53.46,72.0,68.0,47.61,50.86,53.46,0.0,0.0,0.0,45.0,47.7,0.2,1.0,0.07,120.0,49.75,738.6,116.52,0.3,0.3,18.08,16.36,16.76,38.75,61.4,93.54,31.97
2018-01-16 17:37:00,1,1,53.43,72.0,68.0,47.58,50.83,53.43,0.0,0.0,0.0,45.0,47.67,0.2,1.0,0.07,120.0,49.72,738.6,116.52,0.3,0.3,18.08,16.34,16.76,38.77,61.39,93.64,31.99
2018-01-16 17:38:00,1,1,53.4,72.0,68.0,47.55,50.81,53.4,0.0,0.0,0.0,45.0,47.64,0.2,1.0,0.07,120.0,49.69,738.6,116.52,0.3,0.3,18.08,16.32,16.76,38.78,61.38,93.75,32.0
2018-01-16 17:39:00,1,1,53.37,72.0,68.0,47.53,50.78,53.37,0.0,0.0,0.0,45.0,47.62,0.2,1.0,0.07,120.0,49.67,738.6,116.52,0.3,0.3,18.08,16.31,16.76,38.8,61.37,93.85,32.02
2018-01-16 17:40:00,1,1,53.34,72.0,68.0,47.5,50.75,53.34,0.0,0.0,0.0,45.0,47.59,0.2,1.0,0.07,120.0,49.64,738.6,116.52,0.3,0.3,18.08,16.29,16.76,38.81,61.36,93.95,32.03
2018-01-16 17:41:00,1,1,53.31,72.0,68.0,47.47,50.73,53.31,0.0,0.0,0.0,45.0,47.56,0.2,1.0,0.07,120.0,49.61,738.6,116.52,0.3,0.3,18.08,16.28,16.76,38.82,61.35,94.05,32.04
2018-01-16 17:42:00,1,1,53.28,72.0,68.0,47.44,50.7,53.28,0.0,0.0,0.0,45.0,47.53,0.2,1.0,0.07,120.0,49.59,738.6,116.52,0.3,0.3,18.08,16.26,16.76,38.84,61.34,94.16,32.06
2018-01-16 17:43:00,1,1,53.25,72.0,68.0,47.42,50.68,53.25,0.0,0.0,0.0,45.0,47.51,0.2,1.0,0.07,120.0,49.56,738.6,116.52,0.3,0.3,18.08,16.24,16.76,38.85,61.32,94.26,32.07
2018-01-16 17:44:00,1,1,53.22,72.0,68.0,47.39,50.65,53.22,0.0,0.0,0.0,45.0,47.48,0.2,1.0,0.07,120.0,49.53,738.6,116.52,0.3,0.3,18.08,16.23,16.76,38.86,61.31,94.36,32.08
2018-01-16 17:45:00,1,1,53.19,72.0,68.0,47.36,50.62,53.19,0.0,0.0,0.0,45.0,47.45,0.2,1.0,0.07,120.0,49.51,738.6,116.52,0.3,0.3,18.08,16.21,16.76,38.87,61.29,94.47,32.09
2018-01-16 17:46:00,1,1,53.16,72.0,68.0,47.33,50.6,53.16,0.0,0.0,0.0,45.0,47.42,0.2,1.0,0.07,120.0,49.48,738.6,116.52,0.3,0.3,18.08,16.2,16.76,38.87,61.28,94.57,32.1
2018-01-16 17:47:00,1,1,53.13,72.0,68.0,47.31,50.57,53.13,0.0,0.0,0.0,45.0,47.4,0.2,1.0,0.07,120.0,49.45,738.6,116.52,0.3,0.3,18.08,16.18,16.76,38.88,61.26,94.68,32.11
2018-01-16 17:48:00,1,1,53.1,72.0,68.0,47.28,50.55,53.1,0.0,0.0,0.0,45.0,47.37,0.2,1.0,0.07,120.0,49.43,738.6,116.52,0.3,0.3,18.08,16.17,16.76,38.89,61.25,94.78,32.12
2018-01-16 17:49:00,1,1,53.07,72.0,68.0,47.25,50.52,53.07,0.0,0.0,0.0,45.0,47.34,0.2,1.0,0.07,120.0,49.4,738.6,116.52,0.3,0.3,18.08,16.15,16.76,38.89,61.23,94.89,32.12
2018-01-16 17:50:00,1,1,53.04,72.0,68.0,47.22,50.49,53.04,0.0,0.0,0.0,45.0,47.31,0.2,1.0,0.07,120.0,49.37,738.6,116.52,0.3,0.3,18.08,16.14,16.76,38.9,61.21,94.99,32.13
2018-01-16 17:51:00,1,1,53.01,72.0,68.0,47.2,50.47,53.01,0.0,0.0,0.0,45.0,47.29,0.2,1.0,0.07,120.0,49.35,738.6,116.52,0.3,0.3,18.08,16.12,16.76,38.9,61.19,95.1,32.14
2018-01-16 17:52:00,1,1,52.98,72.0,68.0,47.17,50.44,52.98,0.0,0.0,0.0,45.0,47.26,0.2,1.0,0.07,120.0,49.32,738.6,116.52,0.3,0.3,18.08,16.1,16.76,38.91,61.17,95.21,32.14
2018-01-16 17:53:00,1,1,52.95,72.0,68.0,47.14,50.41,52.95,0.0,0.0,0.0,45.0,47.23,0.2,1.0,0.07,120.0,49.29,738.6,116.52,0.3,0.3,18.08,16.09,16.76,38.91,61.15,95.31,32.15
2018-01-16 17:54:00,1,1,52.92,72.0,68.0,47.11,50.39,52.92,0.0,0.0,0.0,45.0,47.2,0.2,1.0,0.07,120.0,49.27,738.6,116.52,0.3,0.3,18.08,16.07,16.76,38.91,61.14,95.42,32.15
2018-01-16 17:55:00,1,1,52.89,72.0,68.0,47.09,50.36,52.89,0.0,0.0,0.0,45.0,47.18,0.2,1.0,0.07,120.0,49.24,738.6,116.52,0.3,0.3,18.08,16.06,16.76,38.92,61.11,95.53,32.16
2018-01-16 17:56:00,1,1,52.86,72.0,68.0,47.06,50.33,52.86,0.0,0.0,0.0,45.0,47.15,0.2,1.0,0.07,120.0,49.21,738.6,116.52,0.3,0.3,18.08,16.05,16.76,38.92,61.09,95.63,32.16
2018-01-16 17:57:00,1,1,52.83,72.0,68.0,47.03,50.31,52.83,0.0,0.0,0.0,45.0,47.12,0.2,1.0,0.07,120.0,49.19,738.6,116.52,0.3,0.3,18.08,16.03,16.76,38.92,61.07,95.74,32.16
2018-01-16 17:58:00,1,1,52.8,72.0,68.0,47.0,50.28,52.8,0.0,0.0,0.0,45.0,47.09,0.2,1.0,0.07,120.0,49.16,738.6,116.52,0.3,0.3,18.08,16.02,16.76,38.92,61.05,95.85,32.17
2018-01-16 17:59:00,1,1,52.77,72.0,68.0,46.97,50.26,52.77,0.0,0.0,0.0,45.0,47.07,0.2,1.0,0.07,120.0,49.13,738.6,116.52,0.3,0.3,18.08,16.0,16.76,38.92,61.03,95.96,32.17
2018-01-16 18:00:00,1,1,52.74,72.0,68.0,46.95,50.23,52.74,0.0,0.0,0.0,45.0,47.04,0.2,1.0,0.07,120.0,49.11,738.6,116.52,0.3,0.3,18.08,15.99,16.76,38.92,61.01,96.07,32.17
2018-01-16 18:01:00,2,1,52.97,85.0,55.0,51.91,53.54,52.97,0.0,0.0,0.0,45.0,48.88,0.2,0.03,0.07,120.0,50.27,399.82,0.88,0.0,0.0,9.75,15.97,4.53,33.28,60.99,84.48,32.04
2018-01-16 18:02:00,2,1,53.48,85.0,55.0,53.26,56.4,53.48,0.0,0.0,0.0,45.0,51.38,0.2,0.02,0.07,120.0,53.33,399.82,0.88,0.0,0.0,9.75,15.96,2.88,31.95,60.96,76.19,31.71
2018-01-16 18:03:00,2,1,54.06,85.0,55.0,53.96,57.98,54.06,0.0,0.0,0.0,45.0,52.86,0.2,0.02,0.07,120.0,55.17,399.82,0.88,0.0,0.0,9.75,15.95,2.65,31.42,60.94,72.19,31.31
2018-01-16 18:04:00,2,1,54.63,85.0,55.0,54.54,58.92,54.63,0.0,0.0,0.0,45.0,53.78,0.2,0.02,0.07,120.0,56.24,399.82,0.88,0.0,0.0,9.75,15.94,2.62,31.04,60.92,69.97,30.96
2018-01-16 18:05:00,2,1,55.14,85.0,55.0,55.05,59.58,55.14,0.0,0.0,0.0,45.0,54.45,0.2,0.01,0.07,120.0,56.97,399.82,0.88,0.0,0.0,9.75,15.92,2.62,30.75,60.89,68.21,30.67
2018-01-16 18:06:00,2,1,55.59,85.0,55.0,55.5,60.11,55.59,0.0,0.0,0.0,45.0,55.0,0.2,0.01,0.07,120.0,57.53,399.82,0.88,0.0,0.0,9.75,15.91,2.62,30.53,60.87,66.81,30.45
2018-01-16 18:07:00,2,1,55.99,85.0,55.0,55.9,60.55,55.99,0.0,0.0,0.0,45.0,55.47,0.2,0.0,0.07,120.0,58.01,399.82,0.88,0.0,0.0,9.75,15.9,2.62,30.37,60.85,65.66,30.29
2018-01-16 18:08:00,2,1,56.19,85.0,55.0,39.23,76.35,56.19,0.0,0.0,0.0,45.0,55.7,0.2,0.0,0.07,120.0,42.08,0.0,0.88,0.0,0.0,0.0,15.89,0.42,53.53,60.82,40.38,30.34
2018-01-16 18:09:00,2,1,56.25,85.0,55.0,36.49,95.35,56.25,0.0,0.0,0.0,45.0,55.69,0.2,0.0,0.07,120.0,72.12,0.0,0.88,0.0,0.0,0.0,15.87,0.06,57.55,60.8,22.04,30.53
2018-01-16 18:10:00,2,1,56.27,85.0,55.0,36.13,106.65,56.27,0.0,0.0,0.0,45.0,55.64,0.2,0.0,0.07,120.0,93.58,0.0,0.88,0.0,0.0,0.0,15.86,0.01,58.3,60.78,15.19,30.76
2018-01-16 18:11:00,2,1,56.28,85.0,55.0,36.07,112.68,56.28,0.0,0.0,0.0,45.0,55.59,0.2,0.0,0.07,120.0,105.44,0.0,0.88,0.0,0.0,0.0,15.85,0.0,58.63,60.75,12.6,30.99
2018-01-16 18:12:00,2,1,56.29,85.0,55.0,36.06,115.81,56.29,0.0,0.0,0.0,45.0,55.54,0.2,0.0,0.07,120.0,111.66,0.0,0.88,0.0,0.0,0.0,15.84,0.0,58.9,60.73,11.48,31.23
2018-01-16 18:13:00,2,1,56.28,85.0,55.0,36.05,117.43,56.28,0.0,0.0,0.0,45.0,55.49,0.2,0.0,0.07,120.0,114.88,0.0,0.88,0.0,0.0,0.0,15.82,0.0,59.17,60.7,10.96,31.48
2018-01-16 18:14:00,2,1,56.27,85.0,55.0,36.04,118.26,56.27,0.0,0.0,0.0,45.0,55.44,0.2,0.0,0.07,120.0,116.54,0.0,0.88,0.0,0.0,0.0,15.81,0.0,59.44,60.68,10.7,31.72
2018-01-16 18:15:00,2,1,56.26,85.0,55.0,36.03,118.69,56.26,0.0,0.0,0.0,45.0,55.39,0.2,0.0,0.07,120.0,117.4,0.0,0.88,0.0,0.0,0.0,15.8,0.0,59.71,60.66,10.57,31.97
2018-01-16 18:16:00,2,1,56.24,85.0,55.0,36.02,118.92,56.24,0.0,0.0,0.0,45.0,55.34,0.2,0.0,0.07,120.0,117.84,0.0,0.88,0.0,0.0,0.0,15.79,0.0,59.99,60.63,10.51,32.23
2018-01-16 18:17:00,2,1,56.23,85.0,55.0,36.0,119.03,56.23,0.0,0.0,0.0,45.0,55.29,0.2,0.0,0.07,120.0,118.07,0.0,0.88,0.0,0.0,0.0,15.78,0.0,60.26,60.61,10.47,32.48
2018-01-16 18:18:00,2,1,56.21,85.0,55.0,35.98,119.09,56.21,0.0,0.0,0.0,45.0,55.24,0.2,0.0,0.07,120.0,118.18,0.0,0.88,0.0,0.0,0.0,15.76,0.0,60.54,60.58,10.46,32.73
2018-01-16 18:19:00,2,1,56.18,85.0,55.0,35.97,119.12,56.18,0.0,0.0,0.0,45.0,55.19,0.2,0.0,0.07,120.0,118.24,0.0,0.88,0.0,0.0,0.0,15.75,0.0,60.82,60.56,10.45,32.98
2018-01-16 18:20:00,2,1,56.16,85.0,55.0,35.95,119.13,56.16,0.0,0.0,0.0,45.0,55.14,0.2,0.0,0.07,120.0,118.27,0.0,0.88,0.0,0.0,0.0,15.74,0.0,61.09,60.54,10.44,33.23
2018-01-16 18:21:00,2,1,56.14,85.0,55.0,35.93,119.14,56.14,0.0,0.0,0.0,45.0,55.1,0.2,0.0,0.07,120.0,118.29,0.0,0.88,0.0,0.0,0.0,15.72,0.0,61.37,60.51,10.44,33.49
2018-01-16 18:22:00,2,1,56.11,85.0,55.0,35.91,119.14,56.11,0.0,0.0,0.0,45.0,55.05,0.2,0.0,0.07,120.0,118.29,0.0,0.88,0.0,0.0,0.0,15.71,0.0,61.64,60.49,10.44,33.74
2018-01-16 18:23:00,2,1,56.09,85.0,55.0,35.89,119.14,56.09,0.0,0.0,0.0,45.0,55.0,0.2,0.0,0.07,120.0,118.3,0.0,0.88,0.0,0.0,0.0,15.7,0.0,61.91,60.47,10.44,33.98
2018-01-16 18:24:00,2,1,56.06,85.0,55.0,35.87,119.15,56.06,0.0,0.0,0.0,45.0,54.95,0.2,0.0,0.07,120.0,118.3,0.0,0.88,0.0,0.0,0.0,15.69,0.0,62.19,60.45,10.44,34.23
2018-01-16 18:25:00,2,1,56.04,85.0,55.0,35.85,119.15,56.04,0.0,0.0,0.0,45.0,54.9,0.2,0.0,0.07,120.0,118.3,0.0,0.88,0.0,0.0,0.0,15.67,0.0,62.46,60.42,10.44,34.48
2018-01-16 18:26:00,2,1,56.01,85.0,55.0,35.83,119.14,56.01,0.0,0.0,0.0,45.0,54.85,0.2,0.0,0.07,120.0,118.3,0.0,0.88,0.0,0.0,0.0,15.66,0.0,62.72,60.4,10.44,34.72
2018-01-16 18:27:00,2,1,55.98,85.0,55.0,35.81,119.14,55.98,0.0,0.0,0.0,45.0,54.8,0.2,0.0,0.07,120.0,118.29,0.0,0.88,0.0,0.0,0.0,15.65,0.0,62.99,60.38,10.44,34.96
2018-01-16 18:28:00,2,1,55.96,85.0,55.0,35.79,119.14,55.96,0.0,0.0,0.0,45.0,54.75,0.2,0.0,0.07,120.0,118.29,0.0,0.88,0.0,0.0,0.0,15.63,0.0,63.26,60.36,10.44,35.2
2018-01-16 18:29:00,2,1,55.93,85.0,55.0,35.77,119.14,55.93,0.0,0.0,0.0,45.0,54.7,0.2,0.0,0.07,120.0,118.29,0.0,0.88,0.0,0.0,0.0,15.62,0.0,63.52,60.34,10.44,35.44
2018-01-16 18:30:00,2,1,55.91,85.0,55.0,35.75,119.14,55.91,0.0,0.0,0.0,45.0,54.65,0.2,0.0,0.07,120.0,118.29,0.0,0.88,0.0,0.0,0.0,15.6,0.0,63.79,60.32,10.44,35.68
2018-01-16 18:31:00,2,1,55.88,85.0,55.0,35.73,119.14,55.88,0.0,0.0,0.0,45.0,54.61,0.2,0.0,0.07,120.0,118.29,0.0,0.88,0.0,0.0,0.0,15.59,0.0,64.05,60.3,10.44,35.92
2018-01-16 18:32:00,2,1,55.85,85.0,55.0,35.71,119.14,55.85,0.0,0.0,0.0,45.0,54.56,0.2,0.0,0.07,120.0,118.29,0.0,0.88,0.0,0.0,0.0,15.58,0.0,64.31,60.28,10.44,36.15
2018-01-16 18:33:00,2,1,55.83,85.0,55.0,35.69,119.14,55.83,0.0,0.0,0.0,45.0,54.51,0.2,0.0,0.07,120.0,118.29,0.0,0.88,0.0,0.0,0.0,15.56,0.0,64.56,60.26,10.44,36.38
2018-01-16 18:34:00,2,1,55.8,85.0,55.0,35.67,119.14,55.8,0.0,0.0,0.0,45.0,54.46,0.2,0.0,0.07,120.0,118.29,0.0,0.88,0.0,0.0,0.0,15.55,0.0,64.82,60.24,10.44,36.61
2018-01-16 18:35:00,2,1,55.77,85.0,55.0,35.65,119.14,55.77,0.0,0.0,0.0,45.0,54.41,0.2,0.0,0.07,120.0,118.28,0.0,0.88,0.0,0.0,0.0,15.53,0.0,65.08,60.22,10.44,36.84
2018-01-16 18:36:00,2,1,55.75,85.0,55.0,35.63,119.14,55.75,0.0,0.0,0.0,45.0,54.36,0.2,0.0,0.07,120.0,118.28,0.0,0.88,0.0,0.0,0.0,15.52,0.0,65.33,60.2,10.44,37.07
2018-01-16 18:37:00,2,1,55.72,85.0,55.0,35.61,119.14,55.72,0.0,0.0,0.0,45.0,54.31,0.2,0.0,0.07,120.0,118.28,0.0,0.88,0.0,0.0,0.0,15.5,0.0,65.58,60.18,10.44,37.29
2018-01-16 18:38:00,2,1,55.7,85.0,55.0,35.59,119.14,55.7,0.0,0.0,0.0,45.0,54.27,0.2,0.0,0.07,120.0,118.28,0.0,0.88,0.0,0.0,0.0,15.49,0.0,65.83,60.17,10.44,37.52
2018-01-16 18:39:00,2,1,55.67,85.0,55.0,35.57,119.14,55.67,0.0,0.0,0.0,45.0,54.22,0.2,0.0,0.07,120.0,118.28,0.0,0.88,0.0,0.0,0.0,15.47,0.0,66.08,60.15,10.44,37.74
2018-01-16 18:40:00,2,1,55.64,85.0,55.0,35.55,119.14,55.64,0.0,0.0,0.0,45.0,54.17,0.2,0.0,0.07,120.0,118.28,0.0,0.88,0.0,0.0,0.0,15.46,0.0,66.33,60.14,10.44,37.96
2018-01-16 18:41:00,2,1,55.62,85.0,55.0,35.53,119.14,55.62,0.0,0.0,0.0,45.0,54.12,0.2,0.0,0.07,120.0,118.28,0.0,0.88,0.0,0.0,0.0,15.44,0.0,66.58,60.12,10.44,38.17
2018-01-16 18:42:00,2,1,55.59,85.0,55.0,35.51,119.13,55.59,0.0,0.0,0.0,45.0,54.07,0.2,0.0,0.07,120.0,118.28,0.0,0.88,0.0,0.0,0.0,15.42,0.0,66.82,60.11,10.44,38.39
2018-01-16 18:43:00,2,1,55.57,85.0,55.0,35.49,119.13,55.57,0.0,0.0,0.0,45.0,54.03,0.2,0.0,0.07,120.0,118.27,0.0,0.88,0.0,0.0,0.0,15.41,0.0,67.07,60.09,10.44,38.6
2018-01-16 18:44:00,2,1,55.54,85.0,55.0,35.47,119.13,55.54,0.0,0.0,0.0,45.0,53.98,0.2,0.0,0.07,120.0,118.27,0.0,0.88,0.0,0.0,0.0,15.39,0.0,67.31,60.08,10.44,38.82
2018-01-16 18:45:00,2,1,55.52,85.0,55.0,35.45,119.13,55.52,0.0,0.0,0.0,45.0,53.93,0.2,0.0,0.07,120.0,118.27,0.0,0.88,0.0,0.0,0.0,15.37,0.0,67.55,60.07,10.44,39.03
2018-01-16 18:46:00,2,1,55.49,85.0,55.0,35.43,119.13,55.49,0.0,0.0,0.0,45.0,53.88,0.2,0.0,0.07,120.0,118.27,0.0,0.88,0.0,0.0,0.0,15.36,0.0,67.79,60.06,10.44,39.23
2018-01-16 18:47:00,2,1,55.47,85.0,55.0,35.41,119.13,55.47,0.0,0.0,0.0,45.0,53.84,0.2,0.0,0.07,120.0,118.27,0.0,0.88,0.0,0.0,0.0,15.34,0.0,68.03,60.05,10.45,39.44
2018-01-16 18:48:00,2,1,55.45,85.0,55.0,35.38,119.13,55.45,0.0,0.0,0.0,45.0,53.79,0.2,0.0,0.07,120.0,118.27,0.0,0.88,0.0,0.0,0.0,15.32,0.0,68.26,60.04,10.45,39.65
2018-01-16 18:49:00,2,1,55.42,85.0,55.0,35.36,119.13,55.42,0.0,0.0,0.0,45.0,53.74,0.2,0.0,0.07,120.0,118.27,0.0,0.88,0.0,0.0,0.0,15.31,0.0,68.5,60.03,10.45,39.85
2018-01-16 18:50:00,2,1,55.4,85.0,55.0,35.34,119.13,55.4,0.0,0.0,0.0,45.0,53.69,0.2,0.0,0.07,120.0,118.26,0.0,0.88,0.0,0.0,0.0,15.29,0.0,68.74,60.02,10.45,40.05
2018-01-16 18:51:00,2,1,55.38,85.0,55.0,35.32,119.13,55.38,0.0,0.0,0.0,45.0,53.65,0.2,0.0,0.07,120.0,118.26,0.0,0.88,0.0,0.0,0.0,15.27,0.0,68.97,60.01,10.45,40.25
2018-01-16 18:52:00,2,1,55.35,85.0,55.0,35.3,119.13,55.35,0.0,0.0,0.0,45.0,53.6,0.2,0.0,0.07,120.0,118.26,0.0,0.88,0.0,0.0,0.0,15.25,0.0,69.2,60.01,10.45,40.45
2018-01-16 18:53:00,2,1,55.33,85.0,55.0,35.28,119.13,55.33,0.0,0.0,0.0,45.0,53.55,0.2,0.0,0.07,120.0,118.26,0.0,0.88,0.0,0.0,0.0,15.23,0.0,69.44,60.0,10.45,40.64
2018-01-16 18:54:00,2,1,55.31,85.0,55.0,35.26,119.13,55.31,0.0,0.0,0.0,45.0,53.51,0.2,0.0,0.07,120.0,118.26,0.0,0.88,0.0,0.0,0.0,15.21,0.0,69.67,60.0,10.45,40.84
2018-01-16 18:55:00,2,1,55.29,85.0,55.0,35.24,119.13,55.29,0.0,0.0,0.0,45.0,53.46,0.2,0.0,0.07,120.0,118.26,0.0,0.88,0.0,0.0,0.0,15.19,0.0,69.9,59.99,10.45,41.03
2018-01-16 18:56:00,2,1,55.26,85.0,55.0,35.22,119.13,55.26,0.0,0.0,0.0,45.0,53.41,0.2,0.0,0.07,120.0,118.26,0.0,0.88,0.0,0.0,0.0,15.17,0.0,70.13,59.99,10.45,41.22
2018-01-16 18:57:00,2,1,55.24,85.0,55.0,35.2,119.13,55.24,0.0,0.0,0.0,45.0,53.36,0.2,0.0,0.07,120.0,118.26,0.0,0.88,0.0,0.0,0.0,15.15,0.0,70.35,59.99,10.45,41.41
2018-01-16 18:58:00,2,1,55.22,85.0,55.0,35.18,119.12,55.22,0.0,0.0,0.0,45.0,53.32,0.2,0.0,0.07,120.0,118.25,0.0,0.88,0.0,0.0,0.0,15.13,0.0,70.58,59.99,10.45,41.59
2018-01-16 18:59:00,2,1,55.2,85.0,55.0,35.16,119.12,55.2,0.0,0.0,0.0,45.0,53.27,0.2,0.0,0.07,120.0,118.25,0.0,0.88,0.0,0.0,0.0,15.11,0.0,70.81,59.99,10.45,41.78
2018-01-16 19:00:00,2,1,55.18,85.0,55.0,35.13,119.12,55.18,0.0,0.0,0.0,45.0,53.22,0.2,0.0,0.07,120.0,118.25,0.0,0.88,0.0,0.0,0.0,15.09,0.0,71.03,59.99,10.45,41.96
2018-01-16 19:01:00,2,1,55.16,85.0,55.0,35.11,119.12,55.16,0.0,0.0,0.0,45.0,53.18,0.2,0.0,0.07,120.0,118.25,0.0,0.88,0.0,0.0,0.0,15.06,0.0,71.27,60.01,10.45,42.14
2018-01-16 19:02:00,2,1,55.14,85.0,55.0,35.09,119.12,55.14,0.0,0.0,0.0,45.0,53.13,0.2,0.0,0.07,120.0,118.25,0.0,0.88,0.0,0.0,0.0,15.03,0.0,71.52,60.03,10.45,42.32
2018-01-16 19:03:00,2,1,55.12,85.0,55.0,35.06,119.12,55.12,0.0,0.0,0.0,45.0,53.09,0.2,0.0,0.07,120.0,118.25,0.0,0.88,0.0,0.0,0.0,15.0,0.0,71.76,60.06,10.45,42.5
2018-01-16 19:04:00,2,1,55.11,85.0,55.0,35.04,119.12,55.11,0.0,0.0,0.0,45.0,53.04,0.2,0.0,0.07,120.0,118.25,0.0,0.88,0.0,0.0,0.0,14.97,0.0,72.01,60.09,10.45,42.67
2018-01-16 19:05:00,2,1,55.09,85.0,55.0,35.02,119.12,55.09,0.0,0.0,0.0,45.0,52.99,0.2,0.0,0.07,120.0,118.25,0.0,0.88,0.0,0.0,0.0,14.94,0.0,72.25,60.12,10.45,42.85
2018-01-16 19:06:00,2,1,55.08,85.0,55.0,34.99,119.12,55.08,0.0,0.0,0.0,45.0,52.95,0.2,0.0,0.07,120.0,118.24,0.0,0.88,0.0,0.0,0.0,14.91,0.0,72.49,60.15,10.45,43.02
2018-01-16 19:07:00,2,1,55.06,85.0,55.0,34.97,119.12,55.06,0.0,0.0,0.0,45.0,52.9,0.2,0.0,0.07,120.0,118.24,0.0,0.88,0.0,0.0,0.0,14.88,0.0,72.73,60.18,10.45,43.19
2018-01-16 19:08:00,2,1,55.05,85.0,55.0,34.95,119.12,55.05,0.0,0.0,0.0,45.0,52.85,0.2,0.0,0.07,120.0,118.24,0.0,0.88,0.0,0.0,0.0,14.85,0.0,72.98,60.21,10.45,43.36
2018-01-16 19:09:00,2,1,55.04,85.0,55.0,34.93,119.12,55.04,0.0,0.0,0.0,45.0,52.81,0.2,0.0,0.07,120.0,118.24,0.0,0.88,0.0,0.0,0.0,14.82,0.0,73.22,60.25,10.45,43.53
2018-01-16 19:10:00,2,1,55.03,85.0,55.0,34.91,119.12,55.03,0.0,0.0,0.0,45.0,52.76,0.2,0.0,0.07,120.0,118.24,0.0,0.88,0.0,0.0,0.0,14.78,0.0,73.46,60.28,10.45,43.69
2018-01-16 19:11:00,2,1,55.02,85.0,55.0,34.88,119.12,55.02,0.0,0.0,0.0,45.0,52.72,0.2,0.0,0.07,120.0,118.24,0.0,0.88,0.0,0.0,0.0,14.75,0.0,73.7,60.32,10.45,43.86
2018-01-16 19:12:00,2,1,55.01,85.0,55.0,34.86,119.12,55.01,0.0,0.0,0.0,45.0,52.67,0.2,0.0,0.07,120.0,118.24,0.0,0.88,0.0,0.0,0.0,14.72,0.0,73.95,60.35,10.45,44.02
2018-01-16 19:13:00,2,1,55.0,85.0,55.0,34.84,119.12,55.0,0.0,0.0,0.0,45.0,52.62,0.2,0.0,0.07,120.0,118.24,0.0,0.88,0.0,0.0,0.0,14.68,0.0,74.19,60.39,10.45,44.18
2018-01-16 19:14:00,2,1,54.99,85.0,55.0,34.82,119.11,54.99,0.0,0.0,0.0,45.0,52.58,0.2,0.0,0.07,120.0,118.24,0.0,0.88,0.0,0.0,0.0,14.65,0.0,74.43,60.43,10.45,44.35
2018-01-16 19:15:00,2,1,54.99,85.0,55.0,34.8,119.11,54.99,0.0,0.0,0.0,45.0,52.53,0.2,0.0,0.07,120.0,118.23,0.0,0.88,0.0,0.0,0.0,14.62,0.0,74.67,60.47,10.45,44.51
2018-01-16 19:16:00,2,1,54.98,85.0,55.0,34.78,119.11,54.98,0.0,0.0,0.0,45.0,52.49,0.2,0.0,0.07,120.0,118.23,0.0,0.88,0.0,0.0,0.0,14.58,0.0,74.92,60.51,10.45,44.67
2018-01-16 19:17:00,2,1,54.97,85.0,55.0,34.76,119.11,54.97,0.0,0.0,0.0,45.0,52.44,0.2,0.0,0.07,120.0,118.23,0.0,0.88,0.0,0.0,0.0,14.55,0.0,75.16,60.55,10.45,44.83
2018-01-16 19:18:00,2,1,54.97,85.0,55.0,34.74,119.11,54.97,0.0,0.0,0.0,45.0,52.4,0.2,0.0,0.07,120.0,118.23,0.0,0.88,0.0,0.0,0.0,14.51,0.0,75.41,60.59,10.45,44.99
2018-01-16 19:19:00,2,1,54.96,85.0,55.0,34.72,119.11,54.96,0.0,0.0,0.0,45.0,52.35,0.2,0.0,0.07,120.0,118.23,0.0,0.88,0.0,0.0,0.0,14.48,0.0,75.65,60.64,10.45,45.14
2018-01-16 19:20:00,2,1,54.96,85.0,55.0,34.7,119.11,54.96,0.0,0.0,0.0,45.0,52.3,0.2,0.0,0.07,120.0,118.23,0.0,0.88,0.0,0.0,0.0,14.44,0.0,75.9,60.68,10.45,45.3
2018-01-16 19:21:00,2,1,54.95,85.0,55.0,34.68,119.11,54.95,0.0,0.0,0.0,45.0,52.26,0.2,0.0,0.07,120.0,118.23,0.0,0.88,0.0,0.0,0.0,14.41,0.0,76.14,60.73,10.45,45.46
2018-01-16 19:22:00,2,1,54.95,85.0,55.0,34.66,119.11,54.95,0.0,0.0,0.0,45.0,52.21,0.2,0.0,0.07,120.0,118.23,0.0,0.88,0.0,0.0,0.0,14.37,0.0,76.39,60.77,10.45,45.62
2018-01-16 19:23:00,2,1,54.94,85.0,55.0,34.64,119.11,54.94,0.0,0.0,0.0,45.0,52.17,0.2,0.0,0.07,120.0,118.22,0.0,0.88,0.0,0.0,0.0,14.34,0.0,76.64,60.82,10.45,45.77
2018-01-16 19:24:00,2,1,54.94,85.0,55.0,34.62,119.11,54.94,0.0,0.0,0.0,45.0,52.12,0.2,0.0,0.07,120.0,118.22,0.0,0.88,0.0,0.0,0.0,14.3,0.0,76.88,60.87,10.45,45.93
2018-01-16 19:25:00,2,1,54.94,85.0,55.0,34.6,119.11,54.94,0.0,0.0,0.0,45.0,52.08,0.2,0.0,0.07,120.0,118.22,0.0,0.88,0.0,0.0,0.0,14.27,0.0,77.13,60.91,10.45,46.08
2018-01-16 19:26:00,2,1,54.93,85.0,55.0,34.58,119.11,54.93,0.0,0.0,0.0,45.0,52.03,0.2,0.0,0.07,120.0,118.22,0.0,0.88,0.0,0.0,0.0,14.23,0.0,77.38,60.96,10.45,46.24
2018-01-16 19:27:00,2,1,54.93,85.0,55.0,34.56,119.11,54.93,0.0,0.0,0.0,45.0,51.99,0.2,0.0,0.07,120.0,118.22,0.0,0.88,0.0,0.0,0.0,14.19,0.0,77.63,61.01,10.45,46.39
2018-01-16 19:28:00,2,1,54.93,85.0,55.0,34.54,119.11,54.93,0.0,0.0,0.0,45.0,51.94,0.2,0.0,0.07,120.0,118.22,0.0,0.88,0.0,0.0,0.0,14.16,0.0,77.88,61.06,10.45,46.55
2018-01-16 19:29:00,2,1,54.93,85.0,55.0,34.52,119.11,54.93,0.0,0.0,0.0,45.0,51.9,0.2,0.0,0.07,120.0,118.22,0.0,0.88,0.0,0.0,0.0,14.12,0.0,78.13,61.11,10.45,46.7
2018-01-16 19:30:00,2,1,54.92,85.0,55.0,34.5,119.1,54.92,0.0,0.0,0.0,45.0,51.85,0.2,0.0,0.07,120.0,118.22,0.0,0.88,0.0,0.0,0.0,14.08,0.0,78.38,61.16,10.45,46.85
2018-01-16 19:31:00,2,1,54.92,85.0,55.0,34.48,119.1,54.92,0.0,0.0,0.0,45.0,51.81,0.2,0.0,0.07,120.0,118.21,0.0,0.88,0.0,0.0,0.0,14.05,0.0,78.64,61.22,10.45,47.01
2018-01-16 19:32:00,2,1,54.92,85.0,55.0,34.47,119.1,54.92,0.0,0.0,0.0,45.0,51.76,0.2,0.0,0.07,120.0,118.21,0.0,0.88,0.0,0.0,0.0,14.01,0.0,78.89,61.27,10.45,47.16
2018-01-16 19:33:00,2,1,54.92,85.0,55.0,34.45,119.1,54.92,0.0,0.0,0.0,45.0,51.72,0.2,0.0,0.07,120.0,118.21,0.0,0.88,0.0,0.0,0.0,13.97,0.0,79.14,61.32,10.45,47.31
2018-01-16 19:34:00,2,1,54.92,85.0,55.0,34.43,119.1,54.92,0.0,0.0,0.0,45.0,51.68,0.2,0.0,0.07,120.0,118.21,0.0,0.88,0.0,0.0,0.0,13.94,0.0,79.4,61.38,10.45,47.47
2018-01-16 19:35:00,2,1,54.92,85.0,55.0,34.41,119.1,54.92,0.0,0.0,0.0,45.0,51.63,0.2,0.0,0.07,120.0,118.21,0.0,0.88,0.0,0.0,0.0,13.9,0.0,79.65,61.43,10.45,47.62
2018-01-16 19:36:00,2,1,54.91,85.0,55.0,34.39,119.1,54.91,0.0,0.0,0.0,45.0,51.59,0.2,0.0,0.07,120.0,118.21,0.0,0.88,0.0,0.0,0.0,13.86,0.0,79.91,61.49,10.45,47.77
2018-01-16 19:37:00,2,1,54.91,85.0,55.0,34.37,119.1,54.91,0.0,0.0,0.0,45.0,51.54,0.2,0.0,0.07,120.0,118.21,0.0,0.88,0.0,0.0,0.0,13.82,0.0,80.17,61.55,10.45,47.93
2018-01-16 19:38:00,2,1,54.91,85.0,55.0,34.35,119.1,54.91,0.0,0.0,0.0,45.0,51.5,0.2,0.0,0.07,120.0,118.21,0.0,0.88,0.0,0.0,0.0,13.78,0.0,80.43,61.6,10.45,48.08
2018-01-16 19:39:00,2,1,54.91,85.0,55.0,34.33,119.1,54.91,0.0,0.0,0.0,45.0,51.45,0.2,0.0,0.07,120.0,118.2,0.0,0.88,0.0,0.0,0.0,13.75,0.0,80.68,61.66,10.45,48.23
2018-01-16 19:40:00,2,1,54.91,85.0,55.0,34.31,119.1,54.91,0.0,0.0,0.0,45.0,51.41,0.2,0.0,0.07,120.0,118.2,0.0,0.88,0.0,0.0,0.0,13.71,0.0,80.94,61.72,10.45,48.38
2018-01-16 19:41:00,2,1,54.91,85.0,55.0,34.29,119.1,54.91,0.0,0.0,0.0,45.0,51.37,0.2,0.0,0.07,120.0,118.2,0.0,0.88,0.0,0.0,0.0,13.67,0.0,81.2,61.78,10.45,48.54
2018-01-16 19:42:00,2,1,54.91,85.0,55.0,34.27,119.1,54.91,0.0,0.0,0.0,45.0,51.32,0.2,0.0,0.07,120.0,118.2,0.0,0.88,0.0,0.0,0.0,13.63,0.0,81.46,61.84,10.45,48.69
2018-01-16 19:43:00,2,1,54.91,85.0,55.0,34.25,119.1,54.91,0.0,0.0,0.0,45.0,51.28,0.2,0.0,0.07,120.0,118.2,0.0,0.88,0.0,0.0,0.0,13.59,0.0,81.73,61.9,10.46,48.84
2018-01-16 19:44:00,2,1,54.91,85.0,55.0,34.23,119.1,54.91,0.0,0.0,0.0,45.0,51.23,0.2,0.0,0.07,120.0,118.2,0.0,0.88,0.0,0.0,0.0,13.56,0.0,81.99,61.96,10.46,48.99
2018-01-16 19:45:00,2,1,54.91,85.0,55.0,34.21,119.1,54.91,0.0,0.0,0.0,45.0,51.19,0.2,0.0,0.07,120.0,118.2,0.0,0.88,0.0,0.0,0.0,13.52,0.0,82.25,62.02,10.46,49.14
2018-01-16 19:46:00,2,1,54.91,85.0,55.0,34.19,119.1,54.91,0.0,0.0,0.0,45.0,51.15,0.2,0.0,0.07,120.0,118.2,0.0,0.88,0.0,0.0,0.0,13.48,0.0,82.52,62.08,10.46,49.3
2018-01-16 19:47:00,2,1,54.91,85.0,55.0,34.17,119.09,54.91,0.0,0.0,0.0,45.0,51.1,0.2,0.0,0.07,120.0,118.2,0.0,0.88,0.0,0.0,0.0,13.44,0.0,82.78,62.14,10.46,49.45
2018-01-16 19:48:00,2,1,54.91,85.0,55.0,34.15,119.09,54.91,0.0,0.0,0.0,45.0,51.06,0.2,0.0,0.07,120.0,118.19,0.0,0.88,0.0,0.0,0.0,13.4,0.0,83.05,62.2,10.46,49.6
2018-01-16 19:49:00,2,1,54.91,85.0,55.0,34.13,119.09,54.91,0.0,0.0,0.0,45.0,51.02,0.2,0.0,0.07,120.0,118.19,0.0,0.88,0.0,0.0,0.0,13.36,0.0,83.31,62.26,10.46,49.75
2018-01-16 19:50:00,2,1,54.91,85.0,55.0,34.11,119.09,54.91,0.0,0.0,0.0,45.0,50.97,0.2,0.0,0.07,120.0,118.19,0.0,0.88,0.0,0.0,0.0,13.32,0.0,83.58,62.33,10.46,49.91
2018-01-16 19:51:00,2,1,54.9,85.0,55.0,34.1,119.09,54.9,0.0,0.0,0.0,45.0,50.93,0.2,0.0,0.07,120.0,118.19,0.0,0.88,0.0,0.0,0.0,13.29,0.0,83.85,62.39,10.46,50.06
2018-01-16 19:52:00,2,1,54.9,85.0,55.0,34.08,119.09,54.9,0.0,0.0,0.0,45.0,50.88,0.2,0.0,0.07,120.0,118.19,0.0,0.88,0.0,0.0,0.0,13.25,0.0,84.12,62.45,10.46,50.21
2018-01-16 19:53:00,2,1,54.9,85.0,55.0,34.06,119.09,54.9,0.0,0.0,0.0,45.0,50.84,0.2,0.0,0.07,120.0,118.19,0.0,0.88,0.0,0.0,0.0,13.21,0.0,84.39,62.52,10.46,50.36
2018-01-16 19:54:00,2,1,54.9,85.0,55.0,34.04,119.09,54.9,0.0,0.0,0.0,45.0,50.8,0.2,0.0,0.07,120.0,118.19,0.0,0.88,0.0,0.0,0.0,13.17,0.0,84.66,62.58,10.46,50.52
2018-01-16 19:55:00,2,1,54.9,85.0,55.0,34.02,119.09,54.9,0.0,0.0,0.0,45.0,50.76,0.2,0.0,0.07,120.0,118.19,0.0,0.88,0.0,0.0,0.0,13.13,0.0,84.93,62.65,10.46,50.67
2018-01-16 19:56:00,2,1,54.9,85.0,55.0,34.0,119.09,54.9,0.0,0.0,0.0,45.0,50.71,0.2,0.0,0.07,120.0,118.19,0.0,0.88,0.0,0.0,0.0,13.09,0.0,85.2,62.71,10.46,50.82
2018-01-16 19:57:00,2,1,54.9,85.0,55.0,33.98,119.09,54.9,0.0,0.0,0.0,45.0,50.67,0.2,0.0,0.07,120.0,118.18,0.0,0.88,0.0,0.0,0.0,13.05,0.0,85.47,62.78,10.46,50.98
2018-01-16 19:58:00,2,1,54.9,85.0,55.0,33.96,119.09,54.9,0.0,0.0,0.0,45.0,50.63,0.2,0.0,0.07,120.0,118.18,0.0,0.88,0.0,0.0,0.0,13.01,0.0,85.74,62.85,10.46,51.13
2018-01-16 19:59:00,2,1,54.89,85.0,55.0,33.93,119.09,54.89,0.0,0.0,0.0,45.0,50.58,0.2,0.0,0.07,120.0,118.18,0.0,0.88,0.0,0.0,0.0,12.98,0.0,86.02,62.91,10.46,51.28
2018-01-16 20:00:00,2,1,54.89,85.0,55.0,33.91,119.09,54.89,0.0,0.0,0.0,45.0,50.54,0.2,0.0,0.07,120.0,118.18,0.0,0.88,0.0,0.0,0.0,12.94,0.0,86.29,62.98,10.46,51.43
2018-01-16 20:01:00,2,1,54.89,85.0,55.0,33.89,119.09,54.89,0.0,0.0,0.0,45.0,50.5,0.2,0.0,0.07,120.0,118.18,0.0,0.88,0.0,0.0,0.0,12.9,0.0,86.57,63.05,10.46,51.59
2018-01-16 20:02:00,2,1,54.88,85.0,55.0,33.87,119.09,54.88,0.0,0.0,0.0,45.0,50.45,0.2,0.0,0.07,120.0,118.18,0.0,0.88,0.0,0.0,0.0,12.86,0.0,86.85,63.14,10.46,51.74
2018-01-16 20:03:00,2,1,54.88,85.0,55.0,33.85,119.09,54.88,0.0,0.0,0.0,45.0,50.41,0.2,0.0,0.07,120.0,118.18,0.0,0.88,0.0,0.0,0.0,12.83,0.0,87.13,63.22,10.46,51.9
2018-01-16 20:04:00,2,1,54.87,85.0,55.0,33.83,119.08,54.87,0.0,0.0,0.0,45.0,50.37,0.2,0.0,0.07,120.0,118.18,0.0,0.88,0.0,0.0,0.0,12.79,0.0,87.41,63.31,10.46,52.06
2018-01-16 20:05:00,2,1,54.86,85.0,55.0,33.81,119.08,54.86,0.0,0.0,0.0,45.0,50.33,0.2,0.0,0.07,120.0,118.17,0.0,0.88,0.0,0.0,0.0,12.75,0.0,87.7,63.39,10.46,52.21
2018-01-16 20:06:00,2,1,54.85,85.0,55.0,33.78,119.08,54.85,0.0,0.0,0.0,45.0,50.28,0.2,0.0,0.07,120.0,118.17,0.0,0.88,0.0,0.0,0.0,12.72,0.0,87.98,63.47,10.46,52.37
2018-01-16 20:07:00,2,1,54.84,85.0,55.0,33.76,119.08,54.84,0.0,0.0,0.0,45.0,50.24,0.2,0.0,0.07,120.0,118.17,0.0,0.88,0.0,0.0,0.0,12.68,0.0,88.27,63.56,10.46,52.53
2018-01-16 20:08:00,2,1,54.83,85.0,55.0,33.73,119.08,54.83,0.0,0.0,0.0,45.0,50.2,0.2,0.0,0.07,120.0,118.17,0.0,0.88,0.0,0.0,0.0,12.64,0.0,88.55,63.64,10.46,52.69
2018-01-16 20:09:00,2,1,54.81,85.0,55.0,33.71,119.08,54.81,0.0,0.0,0.0,45.0,50.16,0.2,0.0,0.07,120.0,118.17,0.0,0.88,0.0,0.0,0.0,12.61,0.0,88.84,63.73,10.46,52.85
2018-01-16 20:10:00,2,1,54.8,85.0,55.0,33.68,119.08,54.8,0.0,0.0,0.0,45.0,50.11,0.2,0.0,0.07,120.0,118.17,0.0,0.88,0.0,0.0,0.0,12.57,0.0,89.13,63.81,10.46,53.01
2018-01-16 20:11:00,2,1,54.78,85.0,55.0,33.66,119.08,54.78,0.0,0.0,0.0,45.0,50.07,0.2,0.0,0.07,120.0,118.17,0.0,0.88,0.0,0.0,0.0,12.53,0.0,89.41,63.89,10.46,53.16
2018-01-16 20:12:00,2,1,54.77,85.0,55.0,33.63,119.08,54.77,0.0,0.0,0.0,45.0,50.03,0.2,0.0,0.07,120.0,118.17,0.0,0.88,0.0,0.0,0.0,12.5,0.0,89.7,63.98,10.46,53.32
2018-01-16 20:13:00,2,1,54.75,85.0,55.0,33.61,119.08,54.75,0.0,0.0,0.0,45.0,49.99,0.2,0.0,0.07,120.0,118.17,0.0,0.88,0.0,0.0,0.0,12.46,0.0,89.98,64.06,10.46,53.48
2018-01-16 20:14:00,2,1,54.74,85.0,55.0,33.58,119.08,54.74,0.0,0.0,0.0,45.0,49.94,0.2,0.0,0.07,120.0,118.16,0.0,0.88,0.0,0.0,0.0,12.43,0.0,90.27,64.14,10.46,53.64
2018-01-16 20:15:00,2,1,54.72,85.0,55.0,33.55,119.08,54.72,0.0,0.0,0.0,45.0,49.9,0.2,0.0,0.07,120.0,118.16,0.0,0.88,0.0,0.0,0.0,12.39,0.0,90.55,64.23,10.46,53.79
2018-01-16 20:16:00,2,1,54.7,85.0,55.0,33.53,119.08,54.7,0.0,0.0,0.0,45.0,49.86,0.2,0.0,0.07,120.0,118.16,0.0,0.88,0.0,0.0,0.0,12.35,0.0,90.83,64.31,10.46,53.95
2018-01-16 20:17:00,2,1,54.68,85.0,55.0,33.5,119.08,54.68,0.0,0.0,0.0,45.0,49.82,0.2,0.0,0.07,120.0,118.16,0.0,0.88,0.0,0.0,0.0,12.32,0.0,91.11,64.39,10.46,54.1
2018-01-16 20:18:00,2,1,54.66,85.0,55.0,33.47,119.08,54.66,0.0,0.0,0.0,45.0,49.78,0.2,0.0,0.07,120.0,118.16,0.0,0.88,0.0,0.0,0.0,12.28,0.0,91.4,64.47,10.46,54.26
2018-01-16 20:19:00,2,1,54.64,85.0,55.0,33.44,119.08,54.64,0.0,0.0,0.0,45.0,49.73,0.2,0.0,0.07,120.0,118.16,0.0,0.88,0.0,0.0,0.0,12.25,0.0,91.67,64.56,10.46,54.41
2018-01-16 20:20:00,2,1,54.62,85.0,55.0,33.42,119.08,54.62,0.0,0.0,0.0,45.0,49.69,0.2,0.0,0.07,120.0,118.16,0.0,0.88,0.0,0.0,0.0,12.21,0.0,91.95,64.64,10.46,54.56
2018-01-16 20:21:00,2,1,54.6,85.0,55.0,33.39,119.08,54.6,0.0,0.0,0.0,45.0,49.65,0.2,0.0,0.07,120.0,118.16,0.0,0.88,0.0,0.0,0.0,12.18,0.0,92.23,64.72,10.46,54.71
2018-01-16 20:22:00,2,1,54.58,85.0,55.0,33.36,119.07,54.58,0.0,0.0,0.0,45.0,49.61,0.2,0.0,0.07,120.0,118.16,0.0,0.88,0.0,0.0,0.0,12.14,0.0,92.5,64.8,10.46,54.86
2018-01-16 20:23:00,2,1,54.56,85.0,55.0,33.33,119.07,54.56,0.0,0.0,0.0,45.0,49.57,0.2,0.0,0.07,120.0,118.15,0.0,0.88,0.0,0.0,0.0,12.11,0.0,92.78,64.88,10.46,55.01
2018-01-16 20:24:00,2,1,54.54,85.0,55.0,33.3,119.07,54.54,0.0,0.0,0.0,45.0,49.52,0.2,0.0,0.07,120.0,118.15,0.0,0.88,0.0,0.0,0.0,12.07,0.0,93.05,64.95,10.46,55.15
2018-01-16 20:25:00,2,1,54.51,85.0,55.0,33.28,119.07,54.51,0.0,0.0,0.0,45.0,49.48,0.2,0.0,0.07,120.0,118.15,0.0,0.88,0.0,0.0,0.0,12.04,0.0,93.32,65.03,10.46,55.3
2018-01-16 20:26:00,2,1,54.49,85.0,55.0,33.25,119.07,54.49,0.0,0.0,0.0,45.0,49.44,0.2,0.0,0.07,120.0,118.15,0.0,0.88,0.0,0.0,0.0,12.0,0.0,93.59,65.11,10.46,55.44
2018-01-16 20:27:00,2,1,54.47,85.0,55.0,33.22,119.07,54.47,0.0,0.0,0.0,45.0,49.4,0.2,0.0,0.07,120.0,118.15,0.0,0.88,0.0,0.0,0.0,11.97,0.0,93.85,65.19,10.46,55.59
2018-01-16 20:28:00,2,1,54.44,85.0,55.0,33.19,119.07,54.44,0.0,0.0,0.0,45.0,49.36,0.2,0.0,0.07,120.0,118.15,0.0,0.88,0.0,0.0,0.0,11.93,0.0,94.12,65.26,10.46,55.73
2018-01-16 20:29:00,2,1,54.42,85.0,55.0,33.16,119.07,54.42,0.0,0.0,0.0,45.0,49.32,0.2,0.0,0.07,120.0,118.15,0.0,0.88,0.0,0.0,0.0,11.9,0.0,94.38,65.34,10.46,55.87
2018-01-16 20:30:00,2,1,54.4,85.0,55.0,33.13,119.07,54.4,0.0,0.0,0.0,45.0,49.27,0.2,0.0,0.07,120.0,118.15,0.0,0.88,0.0,0.0,0.0,11.87,0.0,94.64,65.41,10.46,56.01
2018-01-16 20:31:00,2,1,54.37,85.0,55.0,33.1,119.07,54.37,0.0,0.0,0.0,45.0,49.23,0.2,0.0,0.07,120.0,118.15,0.0,0.88,0.0,0.0,0.0,11.83,0.0,94.9,65.48,10.46,56.14
2018-01-16 20:32:00,2,1,54.35,85.0,55.0,33.07,119.07,54.35,0.0,0.0,0.0,45.0,49.19,0.2,0.0,0.07,120.0,118.14,0.0,0.88,0.0,0.0,0.0,11.8,0.0,95.15,65.55,10.46,56.28
2018-01-16 20:33:00,2,1,54.32,85.0,55.0,33.05,119.07,54.32,0.0,0.0,0.0,45.0,49.15,0.2,0.0,0.07,120.0,118.14,0.0,0.88,0.0,0.0,0.0,11.77,0.0,95.4,65.63,10.46,56.41
2018-01-16 20:34:00,2,1,54.3,85.0,55.0,33.02,119.07,54.3,0.0,0.0,0.0,45.0,49.11,0.2,0.0,0.07,120.0,118.14,0.0,0.88,0.0,0.0,0.0,11.73,0.0,95.65,65.69,10.46,56.54
2018-01-16 20:35:00,2,1,54.28,85.0,55.0,32.99,119.07,54.28,0.0,0.0,0.0,45.0,49.07,0.2,0.0,0.07,120.0,118.14,0.0,0.88,0.0,0.0,0.0,11.7,0.0,95.9,65.76,10.46,56.67
2018-01-16 20:36:00,2,1,54.56,85.0,55.0,43.58,101.39,54.56,0.0,0.0,0.0,45.0,49.31,0.2,0.0,0.07,120.0,110.88,399.82,0.88,0.0,0.0,9.75,11.67,1.27,76.41,65.83,20.73,56.17
2018-01-16 20:37:00,2,1,55.4,85.0,55.0,53.83,67.04,55.4,0.0,0.0,0.0,45.0,52.25,0.2,0.0,0.07,120.0,68.62,399.82,0.88,0.0,0.0,9.75,11.64,2.44,57.44,65.9,57.69,54.59
2018-01-16 20:38:00,2,1,55.64,85.0,55.0,55.34,60.75,55.64,0.0,0.0,0.0,45.0,54.24,0.2,0.0,0.07,120.0,58.77,399.82,0.88,0.0,0.0,9.75,11.6,2.59,54.7,65.96,66.37,54.21
2018-01-16 20:39:00,2,1,55.78,85.0,55.0,55.66,60.38,55.78,0.0,0.0,0.0,45.0,55.13,0.2,0.0,0.07,120.0,57.91,399.82,0.88,0.0,0.0,9.75,11.57,2.62,54.18,66.03,66.26,54.0
2018-01-16 20:40:00,2,1,55.93,85.0,55.0,55.83,60.63,55.93,0.0,0.0,0.0,45.0,55.55,0.2,0.0,0.07,120.0,58.15,399.82,0.88,0.0,0.0,9.75,11.54,2.62,53.92,66.09,65.46,53.8
2018-01-16 20:41:00,2,1,55.99,85.0,55.0,41.89,67.37,55.99,0.0,0.0,0.0,45.0,55.76,0.2,0.0,0.07,120.0,35.89,0.0,0.88,0.0,0.0,0.0,11.51,0.96,78.84,66.15,52.96,53.74
2018-01-16 20:42:00,2,1,55.82,85.0,55.0,34.75,88.44,55.82,0.0,0.0,0.0,45.0,55.76,0.2,0.0,0.07,120.0,59.96,0.0,0.88,0.0,0.0,0.0,11.48,0.13,91.9,66.21,27.6,54.11
2018-01-16 20:43:00,2,1,55.63,85.0,55.0,33.68,102.78,55.63,0.0,0.0,0.0,45.0,55.71,0.2,0.0,0.07,120.0,86.09,0.0,0.88,0.0,0.0,0.0,11.44,0.02,94.16,66.27,17.24,54.54
2018-01-16 20:44:00,2,1,55.45,85.0,55.0,33.45,110.64,55.45,0.0,0.0,0.0,45.0,55.65,0.2,0.0,0.07,120.0,101.42,0.0,0.88,0.0,0.0,0.0,11.41,0.0,94.93,66.32,13.4,54.94
2018-01-16 20:45:00,2,1,55.29,85.0,55.0,33.34,114.76,55.29,0.0,0.0,0.0,45.0,55.59,0.2,0.0,0.07,120.0,109.57,0.0,0.88,0.0,0.0,0.0,11.38,0.0,95.46,66.38,11.85,55.31
2018-01-16 20:46:00,2,1,55.14,85.0,55.0,33.25,116.89,55.14,0.0,0.0,0.0,45.0,55.54,0.2,0.0,0.07,120.0,113.8,0.0,0.88,0.0,0.0,0.0,11.35,0.0,95.92,66.43,11.13,55.64
2018-01-16 20:47:00,2,1,55.01,85.0,55.0,33.17,117.98,55.01,0.0,0.0,0.0,45.0,55.48,0.2,0.0,0.07,120.0,115.98,0.0,0.88,0.0,0.0,0.0,11.32,0.0,96.36,66.48,10.79,55.96
2018-01-16 20:48:00,2,1,54.89,85.0,55.0,33.09,118.55,54.89,0.0,0.0,0.0,45.0,55.42,0.2,0.0,0.07,120.0,117.11,0.0,0.88,0.0,0.0,0.0,11.29,0.0,96.77,66.53,10.62,56.24
2018-01-16 20:49:00,2,1,54.78,85.0,55.0,33.02,118.84,54.78,0.0,0.0,0.0,45.0,55.36,0.2,0.0,0.07,120.0,117.69,0.0,0.88,0.0,0.0,0.0,11.26,0.0,97.15,66.58,10.53,56.51
2018-01-16 20:50:00,2,1,54.68,85.0,55.0,32.96,118.99,54.68,0.0,0.0,0.0,45.0,55.31,0.2,0.0,0.07,120.0,117.99,0.0,0.88,0.0,0.0,0.0,11.23,0.0,97.51,66.63,10.49,56.76
2018-01-16 20:51:00,2,1,54.63,85.0,55.0,36.25,115.1,54.63,0.0,0.0,0.0,45.0,55.25,0.2,0.0,0.07,120.0,118.26,397.13,0.88,0.0,0.0,9.75,11.2,0.4,91.5,66.67,12.27,56.9
2018-01-16 20:52:00,2,1,55.7,85.0,55.0,53.13,74.19,55.7,0.0,0.0,0.0,45.0,55.33,0.2,0.0,0.07,120.0,77.9,399.82,0.88,0.0,0.0,9.75,11.17,2.32,59.63,66.72,46.68,54.84
2018-01-16 20:53:00,2,1,56.06,85.0,55.0,44.73,66.57,56.06,0.0,0.0,0.0,45.0,55.68,0.2,0.0,0.07,120.0,41.48,0.0,0.88,0.0,0.0,0.0,11.15,1.3,74.73,66.76,54.65,54.21
2018-01-16 20:54:00,2,1,55.9,85.0,55.0,35.01,85.76,55.9,0.0,0.0,0.0,45.0,55.73,0.2,0.0,0.07,120.0,55.58,0.0,0.88,0.0,0.0,0.0,11.12,0.18,92.66,66.8,29.92,54.54
2018-01-16 20:55:00,2,1,55.66,85.0,55.0,33.58,101.09,55.66,0.0,0.0,0.0,45.0,55.69,0.2,0.0,0.07,120.0,82.85,0.0,0.88,0.0,0.0,0.0,11.09,0.02,95.64,66.83,18.21,55.02
2018-01-16 20:56:00,2,1,55.44,85.0,55.0,33.28,109.73,55.44,0.0,0.0,0.0,45.0,55.64,0.2,0.0,0.07,120.0,99.62,0.0,0.88,0.0,0.0,0.0,11.06,0.0,96.55,66.87,13.78,55.48
2018-01-16 20:57:00,2,1,55.25,85.0,55.0,33.14,114.28,55.25,0.0,0.0,0.0,45.0,55.58,0.2,0.0,0.07,120.0,108.62,0.0,0.88,0.0,0.0,0.0,11.03,0.0,97.13,66.9,12.01,55.89
2018-01-16 20:58:00,2,1,55.07,85.0,55.0,33.04,116.64,55.07,0.0,0.0,0.0,45.0,55.52,0.2,0.0,0.07,120.0,113.31,0.0,0.88,0.0,0.0,0.0,11.01,0.0,97.63,66.93,11.21,56.26
2018-01-16 20:59:00,2,1,54.92,85.0,55.0,32.95,117.86,54.92,0.0,0.0,0.0,45.0,55.46,0.2,0.0,0.07,120.0,115.73,0.0,0.88,0.0,0.0,0.0,10.98,0.0,98.08,66.96,10.83,56.6
2018-01-16 21:00:00,2,1,54.78,85.0,55.0,32.87,118.48,54.78,0.0,0.0,0.0,45.0,55.4,0.2,0.0,0.07,120.0,116.98,0.0,0.88,0.0,0.0,0.0,10.95,0.0,98.5,66.99,10.64,56.91
2018-01-16 21:01:00,2,1,54.65,85.0,55.0,32.79,118.81,54.65,0.0,0.0,0.0,45.0,55.35,0.2,0.0,0.07,120.0,117.62,0.0,0.88,0.0,0.0,0.0,10.93,0.0,98.86,66.98,10.54,57.19
2018-01-16 21:02:00,2,1,55.6,85.0,55.0,52.02,78.5,55.6,0.0,0.0,0.0,45.0,55.34,0.2,0.0,0.07,120.0,83.7,399.82,0.88,0.0,0.0,9.75,10.9,2.2,62.12,66.96,41.59,55.35
2018-01-16 21:03:00,2,1,56.05,85.0,55.0,46.62,66.11,56.05,0.0,0.0,0.0,45.0,55.67,0.2,0.0,0.07,120.0,45.4,0.0,0.88,0.0,0.0,0.0,10.88,1.53,71.78,66.93,55.78,54.51
2018-01-16 21:04:00,2,1,55.9,85.0,55.0,35.16,84.26,55.9,0.0,0.0,0.0,45.0,55.74,0.2,0.0,0.07,120.0,53.27,0.0,0.88,0.0,0.0,0.0,10.86,0.21,93.04,66.9,31.32,54.8
2018-01-16 21:05:00,2,1,55.66,85.0,55.0,33.49,100.15,55.66,0.0,0.0,0.0,45.0,55.7,0.2,0.0,0.07,120.0,81.07,0.0,0.88,0.0,0.0,0.0,10.84,0.03,96.46,66.87,18.77,55.3
2018-01-16 21:06:00,2,1,55.43,85.0,55.0,33.15,109.22,55.43,0.0,0.0,0.0,45.0,55.64,0.2,0.0,0.07,120.0,98.62,0.0,0.88,0.0,0.0,0.0,10.81,0.0,97.4,66.83,13.99,55.76
2018-01-16 21:07:00,2,1,55.22,85.0,55.0,33.01,114.02,55.22,0.0,0.0,0.0,45.0,55.58,0.2,0.0,0.07,120.0,108.09,0.0,0.88,0.0,0.0,0.0,10.79,0.0,97.96,66.79,12.11,56.19
2018-01-16 21:08:00,2,1,55.04,85.0,55.0,32.91,116.5,55.04,0.0,0.0,0.0,45.0,55.53,0.2,0.0,0.07,120.0,113.04,0.0,0.88,0.0,0.0,0.0,10.77,0.0,98.42,66.75,11.26,56.56
2018-01-16 21:09:00,2,1,54.89,85.0,55.0,32.82,117.79,54.89,0.0,0.0,0.0,45.0,55.47,0.2,0.0,0.07,120.0,115.59,0.0,0.88,0.0,0.0,0.0,10.75,0.0,98.82,66.71,10.85,56.9
2018-01-16 21:10:00,2,1,54.75,85.0,55.0,32.74,118.45,54.75,0.0,0.0,0.0,45.0,55.41,0.2,0.0,0.07,120.0,116.91,0.0,0.88,0.0,0.0,0.0,10.73,0.0,99.19,66.67,10.65,57.21
2018-01-16 21:11:00,2,1,54.85,85.0,55.0,41.48,106.76,54.85,0.0,0.0,0.0,45.0,55.34,0.2,0.0,0.07,120.0,114.45,399.82,0.88,0.0,0.0,9.75,10.71,1.03,82.57,66.62,16.68,57.03
2018-01-16 21:12:00,2,1,55.84,85.0,55.0,53.94,70.82,55.84,0.0,0.0,0.0,45.0,55.46,0.2,0.0,0.07,120.0,73.14,399.82,0.88,0.0,0.0,9.75,10.69,2.4,58.67,66.58,50.81,55.11
2018-01-16 21:13:00,2,1,56.03,85.0,55.0,40.14,70.9,56.03,0.0,0.0,0.0,45.0,55.73,0.2,0.0,0.07,120.0,39.02,0.0,0.88,0.0,0.0,0.0,10.67,0.79,83.99,66.53,47.54,54.74
2018-01-16 21:14:00,2,1,55.82,85.0,55.0,34.15,90.41,55.82,0.0,0.0,0.0,45.0,55.73,0.2,0.0,0.07,120.0,63.35,0.0,0.88,0.0,0.0,0.0,10.65,0.11,95.29,66.48,25.76,55.16
2018-01-16 21:15:00,2,1,55.57,85.0,55.0,33.23,103.81,55.57,0.0,0.0,0.0,45.0,55.69,0.2,0.0,0.07,120.0,88.08,0.0,0.88,0.0,0.0,0.0,10.63,0.01,97.33,66.43,16.64,55.66
2018-01-16 21:16:00,2,1,55.35,85.0,55.0,33.0,111.18,55.35,0.0,0.0,0.0,45.0,55.63,0.2,0.0,0.07,120.0,102.47,0.0,0.88,0.0,0.0,0.0,10.61,0.0,98.06,66.37,13.18,56.11
2018-01-16 21:17:00,2,1,55.16,85.0,55.0,32.88,115.03,55.16,0.0,0.0,0.0,45.0,55.57,0.2,0.0,0.07,120.0,110.11,0.0,0.88,0.0,0.0,0.0,10.59,0.0,98.56,66.32,11.75,56.52
2018-01-16 21:18:00,2,1,54.98,85.0,55.0,32.78,117.03,54.98,0.0,0.0,0.0,45.0,55.51,0.2,0.0,0.07,120.0,114.08,0.0,0.88,0.0,0.0,0.0,10.57,0.0,98.99,66.26,11.09,56.88
2018-01-16 21:19:00,2,1,54.83,85.0,55.0,32.69,118.06,54.83,0.0,0.0,0.0,45.0,55.45,0.2,0.0,0.07,120.0,116.13,0.0,0.88,0.0,0.0,0.0,10.55,0.0,99.37,66.2,10.77,57.21
2018-01-16 21:20:00,2,1,54.7,85.0,55.0,32.62,118.59,54.7,0.0,0.0,0.0,45.0,55.39,0.2,0.0,0.07,120.0,117.18,0.0,0.88,0.0,0.0,0.0,10.54,0.0,99.71,66.14,10.61,57.5
2018-01-16 21:21:00,2,1,55.25,85.0,55.0,48.32,90.55,55.25,0.0,0.0,0.0,45.0,55.32,0.2,0.0,0.07,120.0,98.73,399.82,0.88,0.0,0.0,9.75,10.52,1.8,69.65,66.08,29.14,56.41
2018-01-16 21:22:00,2,1,55.98,85.0,55.0,54.96,66.33,55.98,0.0,0.0,0.0,45.0,55.57,0.2,0.0,0.07,120.0,66.66,399.82,0.88,0.0,0.0,9.75,10.5,2.51,56.91,66.02,56.79,55.01
2018-01-16 21:23:00,2,1,55.97,85.0,55.0,36.73,77.52,55.97,0.0,0.0,0.0,45.0,55.74,0.2,0.0,0.07,120.0,44.04,0.0,0.88,0.0,0.0,0.0,10.48,0.4,90.51,65.96,38.68,55.03
2018-01-16 21:24:00,2,1,55.73,85.0,55.0,33.57,95.71,55.73,0.0,0.0,0.0,45.0,55.72,0.2,0.0,0.07,120.0,72.8,0.0,0.88,0.0,0.0,0.0,10.47,0.05,96.63,65.89,21.69,55.51
2018-01-16 21:25:00,2,1,55.5,85.0,55.0,33.04,106.8,55.5,0.0,0.0,0.0,45.0,55.66,0.2,0.0,0.07,120.0,93.88,0.0,0.88,0.0,0.0,0.0,10.45,0.01,97.94,65.83,15.1,55.99
2018-01-16 21:26:00,2,1,55.28,85.0,55.0,32.87,112.75,55.28,0.0,0.0,0.0,45.0,55.61,0.2,0.0,0.07,120.0,105.59,0.0,0.88,0.0,0.0,0.0,10.44,0.0,98.54,65.76,12.57,56.43
2018-01-16 21:27:00,2,1,55.1,85.0,55.0,32.76,115.85,55.1,0.0,0.0,0.0,45.0,55.55,0.2,0.0,0.07,120.0,111.73,0.0,0.88,0.0,0.0,0.0,10.42,0.0,99.0,65.69,11.47,56.81
2018-01-16 21:28:00,2,1,54.93,85.0,55.0,32.67,117.45,54.93,0.0,0.0,0.0,45.0,55.49,0.2,0.0,0.07,120.0,114.92,0.0,0.88,0.0,0.0,0.0,10.4,0.0,99.4,65.62,10.95,57.16
2018-01-16 21:29:00,2,1,54.79,85.0,55.0,32.59,118.27,54.79,0.0,0.0,0.0,45.0,55.43,0.2,0.0,0.07,120.0,116.56,0.0,0.88,0.0,0.0,0.0,10.39,0.0,99.76,65.55,10.7,57.48
2018-01-16 21:30:00,2,1,54.66,85.0,55.0,32.52,118.7,54.66,0.0,0.0,0.0,45.0,55.37,0.2,0.0,0.07,120.0,117.41,0.0,0.88,0.0,0.0,0.0,10.37,0.0,100.0,65.48,10.57,57.76
2018-01-16 21:31:00,2,1,55.6,85.0,55.0,51.98,78.48,55.6,0.0,0.0,0.0,45.0,55.36,0.2,0.0,0.07,120.0,83.66,399.82,0.88,0.0,0.0,9.75,10.36,2.2,62.77,65.4,41.59,55.9
2018-01-16 21:32:00,2,1,56.05,85.0,55.0,46.51,66.11,56.05,0.0,0.0,0.0,45.0,55.68,0.2,0.0,0.07,120.0,45.4,0.0,0.88,0.0,0.0,0.0,10.34,1.53,72.53,65.33,55.77,55.05
2018-01-16 21:33:00,2,1,55.91,85.0,55.0,34.92,84.27,55.91,0.0,0.0,0.0,45.0,55.75,0.2,0.0,0.07,120.0,53.27,0.0,0.88,0.0,0.0,0.0,10.33,0.21,94.01,65.26,31.32,55.34
2018-01-16 21:34:00,2,1,55.66,85.0,55.0,33.23,100.15,55.66,0.0,0.0,0.0,45.0,55.7,0.2,0.0,0.07,120.0,81.08,0.0,0.88,0.0,0.0,0.0,10.32,0.03,97.44,65.18,18.77,55.83
2018-01-16 21:35:00,2,1,55.43,85.0,55.0,32.9,109.22,55.43,0.0,0.0,0.0,45.0,55.65,0.2,0.0,0.07,120.0,98.62,0.0,0.88,0.0,0.0,0.0,10.3,0.0,98.35,65.1,13.99,56.3
2018-01-16 21:36:00,2,1,55.23,85.0,55.0,32.76,114.02,55.23,0.0,0.0,0.0,45.0,55.59,0.2,0.0,0.07,120.0,108.1,0.0,0.88,0.0,0.0,0.0,10.29,0.0,98.88,65.03,12.11,56.72
2018-01-16 21:37:00,2,1,55.05,85.0,55.0,32.66,116.5,55.05,0.0,0.0,0.0,45.0,55.53,0.2,0.0,0.07,120.0,113.04,0.0,0.88,0.0,0.0,0.0,10.27,0.0,99.3,64.95,11.26,57.09
2018-01-16 21:38:00,2,1,54.89,85.0,55.0,32.58,117.79,54.89,0.0,0.0,0.0,45.0,55.47,0.2,0.0,0.07,120.0,115.59,0.0,0.88,0.0,0.0,0.0,10.26,0.0,99.68,64.87,10.85,57.43
2018-01-16 21:39:00,2,1,54.76,85.0,55.0,32.5,118.45,54.76,0.0,0.0,0.0,45.0,55.41,0.2,0.0,0.07,120.0,116.91,0.0,0.88,0.0,0.0,0.0,10.25,0.0,100.0,64.79,10.65,57.74
2018-01-16 21:40:00,2,1,54.68,85.0,55.0,35.87,114.84,54.68,0.0,0.0,0.0,45.0,55.35,0.2,0.0,0.07,120.0,117.73,397.13,0.88,0.0,0.0,9.75,10.24,0.4,93.74,64.71,12.35,57.91
2018-01-16 21:41:00,2,1,55.73,85.0,55.0,53.1,74.18,55.73,0.0,0.0,0.0,45.0,55.4,0.2,0.0,0.07,120.0,77.83,399.82,0.88,0.0,0.0,9.75,10.22,2.32,60.8,64.63,46.64,55.84
2018-01-16 21:42:00,2,1,56.05,85.0,55.0,42.7,68.1,56.05,0.0,0.0,0.0,45.0,55.7,0.2,0.0,0.07,120.0,40.1,0.0,0.88,0.0,0.0,0.0,10.21,1.1,79.63,64.55,51.99,55.24
2018-01-16 21:43:00,2,1,55.86,85.0,55.0,34.33,87.43,55.86,0.0,0.0,0.0,45.0,55.74,0.2,0.0,0.07,120.0,58.32,0.0,0.88,0.0,0.0,0.0,10.2,0.15,95.18,64.47,28.35,55.61
2018-01-16 21:44:00,2,1,55.62,85.0,55.0,33.08,102.07,55.62,0.0,0.0,0.0,45.0,55.69,0.2,0.0,0.07,120.0,84.73,0.0,0.88,0.0,0.0,0.0,10.19,0.02,97.78,64.39,17.62,56.1
2018-01-16 21:45:00,2,1,55.4,85.0,55.0,32.81,110.25,55.4,0.0,0.0,0.0,45.0,55.63,0.2,0.0,0.07,120.0,100.65,0.0,0.88,0.0,0.0,0.0,10.18,0.0,98.57,64.3,13.56,56.56
2018-01-16 21:46:00,2,1,55.2,85.0,55.0,32.69,114.55,55.2,0.0,0.0,0.0,45.0,55.57,0.2,0.0,0.07,120.0,109.16,0.0,0.88,0.0,0.0,0.0,10.17,0.0,99.06,64.22,11.92,56.97
2018-01-16 21:47:00,2,1,55.03,85.0,55.0,32.59,116.78,55.03,0.0,0.0,0.0,45.0,55.51,0.2,0.0,0.07,120.0,113.59,0.0,0.88,0.0,0.0,0.0,10.16,0.0,99.47,64.14,11.17,57.34
2018-01-16 21:48:00,2,1,54.88,85.0,55.0,32.51,117.93,54.88,0.0,0.0,0.0,45.0,55.46,0.2,0.0,0.07,120.0,115.87,0.0,0.88,0.0,0.0,0.0,10.15,0.0,99.83,64.05,10.8,57.67
2018-01-16 21:49:00,2,1,54.74,85.0,55.0,32.44,118.52,54.74,0.0,0.0,0.0,45.0,55.4,0.2,0.0,0.07,120.0,117.05,0.0,0.88,0.0,0.0,0.0,10.14,0.0,100.0,63.97,10.63,57.97
2018-01-16 21:50:00,2,1,54.75,85.0,55.0,38.77,110.99,54.75,0.0,0.0,0.0,45.0,55.33,0.2,0.0,0.07,120.0,116.94,399.8,0.88,0.0,0.0,9.75,10.13,0.74,88.26,63.89,14.25,57.98
2018-01-16 21:51:00,2,1,55.78,85.0,55.0,53.53,72.39,55.78,0.0,0.0,0.0,45.0,55.42,0.2,0.0,0.07,120.0,75.36,399.82,0.88,0.0,0.0,9.75,10.12,2.37,60.15,63.8,48.84,55.94
2018-01-16 21:52:00,2,1,56.04,85.0,55.0,41.19,69.42,56.04,0.0,0.0,0.0,45.0,55.71,0.2,0.0,0.07,120.0,39.13,0.0,0.88,0.0,0.0,0.0,10.11,0.93,82.45,63.72,49.84,55.45
2018-01-16 21:53:00,2,1,55.84,85.0,55.0,34.07,88.94,55.84,0.0,0.0,0.0,45.0,55.73,0.2,0.0,0.07,120.0,60.84,0.0,0.88,0.0,0.0,0.0,10.1,0.13,95.67,63.63,27.01,55.85
2018-01-16 21:54:00,2,1,55.6,85.0,55.0,32.99,102.96,55.6,0.0,0.0,0.0,45.0,55.68,0.2,0.0,0.07,120.0,86.44,0.0,0.88,0.0,0.0,0.0,10.09,0.02,97.95,63.55,17.11,56.34
2018-01-16 21:55:00,2,1,55.38,85.0,55.0,32.75,110.73,55.38,0.0,0.0,0.0,45.0,55.62,0.2,0.0,0.07,120.0,101.58,0.0,0.88,0.0,0.0,0.0,10.08,0.0,98.68,63.47,13.36,56.8
2018-01-16 21:56:00,2,1,55.19,85.0,55.0,32.63,114.8,55.19,0.0,0.0,0.0,45.0,55.57,0.2,0.0,0.07,120.0,109.65,0.0,0.88,0.0,0.0,0.0,10.07,0.0,99.16,63.38,11.83,57.21
2018-01-16 21:57:00,2,1,55.02,85.0,55.0,32.54,116.91,55.02,0.0,0.0,0.0,45.0,55.51,0.2,0.0,0.07,120.0,113.84,0.0,0.88,0.0,0.0,0.0,10.07,0.0,99.56,63.3,11.13,57.58
2018-01-16 21:58:00,2,1,54.86,85.0,55.0,32.46,117.99,54.86,0.0,0.0,0.0,45.0,55.45,0.2,0.0,0.07,120.0,116.0,0.0,0.88,0.0,0.0,0.0,10.06,0.0,99.92,63.21,10.78,57.92
2018-01-16 21:59:00,2,1,54.73,85.0,55.0,32.39,118.55,54.73,0.0,0.0,0.0,45.0,55.39,0.2,0.0,0.07,120.0,117.12,0.0,0.88,0.0,0.0,0.0,10.05,0.0,100.0,63.13,10.62,58.22
2018-01-16 22:00:00,2,1,54.84,85.0,55.0,41.27,106.81,54.84,0.0,0.0,0.0,45.0,55.32,0.2,0.0,0.07,120.0,114.54,399.82,0.88,0.0,0.0,9.75,10.04,1.03,83.57,63.05,16.67,58.03
2018-01-16 22:01:00,2,1,55.83,85.0,55.0,53.91,70.82,55.83,0.0,0.0,0.0,45.0,55.44,0.2,0.0,0.07,120.0,73.15,399.82,0.88,0.0,0.0,9.75,10.04,2.4,59.63,62.96,50.83,56.06
2018-01-16 22:02:00,2,1,56.03,85.0,55.0,39.91,70.89,56.03,0.0,0.0,0.0,45.0,55.72,0.2,0.0,0.07,120.0,39.01,0.0,0.88,0.0,0.0,0.0,10.04,0.79,84.83,62.88,47.55,55.69
2018-01-16 22:03:00,2,1,55.82,85.0,55.0,33.86,90.4,55.82,0.0,0.0,0.0,45.0,55.73,0.2,0.0,0.07,120.0,63.34,0.0,0.88,0.0,0.0,0.0,10.04,0.11,96.06,62.8,25.77,56.12
2018-01-16 22:04:00,2,1,55.57,85.0,55.0,32.93,103.81,55.57,0.0,0.0,0.0,45.0,55.68,0.2,0.0,0.07,120.0,88.07,0.0,0.88,0.0,0.0,0.0,10.03,0.01,98.05,62.72,16.64,56.63
2018-01-16 22:05:00,2,1,55.35,85.0,55.0,32.71,111.18,55.35,0.0,0.0,0.0,45.0,55.62,0.2,0.0,0.07,120.0,102.47,0.0,0.88,0.0,0.0,0.0,10.03,0.0,98.75,62.63,13.18,57.1
2018-01-16 22:06:00,2,1,55.15,85.0,55.0,32.59,115.03,55.15,0.0,0.0,0.0,45.0,55.56,0.2,0.0,0.07,120.0,110.11,0.0,0.88,0.0,0.0,0.0,10.03,0.0,99.22,62.55,11.75,57.52
2018-01-16 22:07:00,2,1,54.97,85.0,55.0,32.5,117.03,54.97,0.0,0.0,0.0,45.0,55.5,0.2,0.0,0.07,120.0,114.08,0.0,0.88,0.0,0.0,0.0,10.03,0.0,99.61,62.47,11.09,57.9
2018-01-16 22:08:00,2,1,54.82,85.0,55.0,32.42,118.06,54.82,0.0,0.0,0.0,45.0,55.44,0.2,0.0,0.07,120.0,116.13,0.0,0.88,0.0,0.0,0.0,10.03,0.0,99.97,62.39,10.77,58.25
2018-01-16 22:09:00,2,1,54.67,85.0,55.0,32.35,118.59,54.67,0.0,0.0,0.0,45.0,55.38,0.2,0.0,0.07,120.0,117.18,0.0,0.88,0.0,0.0,0.0,10.03,0.0,100.0,62.31,10.61,58.56
2018-01-16 22:10:00,2,1,55.43,85.0,55.0,50.37,83.89,55.43,0.0,0.0,0.0,45.0,55.32,0.2,0.0,0.07,120.0,90.65,399.82,0.88,0.0,0.0,9.75,10.03,2.04,66.46,62.23,35.73,57.05
2018-01-16 22:11:00,2,1,56.02,85.0,55.0,55.25,64.88,56.02,0.0,0.0,0.0,45.0,55.62,0.2,0.0,0.07,120.0,64.51,399.82,0.88,0.0,0.0,9.75,10.03,2.54,57.29,62.15,58.84,55.91
2018-01-16 22:12:00,2,1,55.94,85.0,55.0,35.99,79.08,55.94,0.0,0.0,0.0,45.0,55.75,0.2,0.0,0.07,120.0,45.87,0.0,0.88,0.0,0.0,0.0,10.03,0.34,91.96,62.07,36.87,56.07
2018-01-16 22:13:00,2,1,55.68,85.0,55.0,33.26,96.84,55.68,0.0,0.0,0.0,45.0,55.72,0.2,0.0,0.07,120.0,74.88,0.0,0.88,0.0,0.0,0.0,10.03,0.05,97.19,62.0,20.92,56.6
2018-01-16 22:14:00,2,1,55.43,85.0,55.0,32.79,107.43,55.43,0.0,0.0,0.0,45.0,55.67,0.2,0.0,0.07,120.0,95.11,0.0,0.88,0.0,0.0,0.0,10.03,0.01,98.37,61.92,14.8,57.11
2018-01-16 22:15:00,2,1,55.21,85.0,55.0,32.63,113.08,55.21,0.0,0.0,0.0,45.0,55.61,0.2,0.0,0.07,120.0,106.24,0.0,0.88,0.0,0.0,0.0,10.03,0.0,98.95,61.84,12.45,57.58
2018-01-16 22:16:00,2,1,55.01,85.0,55.0,32.52,116.02,55.01,0.0,0.0,0.0,45.0,55.55,0.2,0.0,0.07,120.0,112.07,0.0,0.88,0.0,0.0,0.0,10.03,0.0,99.4,61.77,11.41,58.01
2018-01-16 22:17:00,2,1,54.83,85.0,55.0,32.43,117.54,54.83,0.0,0.0,0.0,45.0,55.49,0.2,0.0,0.07,120.0,115.09,0.0,0.88,0.0,0.0,0.0,10.03,0.0,99.79,61.7,10.93,58.39
2018-01-16 22:18:00,2,1,54.67,85.0,55.0,32.36,118.32,54.67,0.0,0.0,0.0,45.0,55.43,0.2,0.0,0.07,120.0,116.65,0.0,0.88,0.0,0.0,0.0,10.04,0.0,100.0,61.62,10.69,58.74
2018-01-16 22:19:00,2,1,55.51,85.0,55.0,51.21,80.97,55.51,0.0,0.0,0.0,45.0,55.38,0.2,0.0,0.07,120.0,86.86,399.82,0.88,0.0,0.0,9.75,10.04,2.12,64.99,61.55,38.79,57.06
2018-01-16 22:20:00,2,1,56.02,85.0,55.0,51.83,64.86,56.02,0.0,0.0,0.0,45.0,55.66,0.2,0.0,0.07,120.0,56.14,2.7,0.88,0.0,0.0,0.0,10.04,2.15,63.51,61.48,58.46,56.06
2018-01-16 22:21:00,2,1,55.9,85.0,55.0,35.51,80.8,55.9,0.0,0.0,0.0,45.0,55.76,0.2,0.0,0.07,120.0,48.16,0.0,0.88,0.0,0.0,0.0,10.04,0.29,92.78,61.41,34.94,56.32
2018-01-16 22:22:00,2,1,55.62,85.0,55.0,33.18,97.99,55.62,0.0,0.0,0.0,45.0,55.72,0.2,0.0,0.07,120.0,77.0,0.0,0.88,0.0,0.0,0.0,10.04,0.04,97.3,61.34,20.16,56.87
2018-01-16 22:23:00,2,1,55.36,85.0,55.0,32.75,108.05,55.36,0.0,0.0,0.0,45.0,55.66,0.2,0.0,0.07,120.0,96.33,0.0,0.88,0.0,0.0,0.0,10.04,0.01,98.4,61.27,14.51,57.41
2018-01-16 22:24:00,2,1,55.13,85.0,55.0,32.59,113.41,55.13,0.0,0.0,0.0,45.0,55.6,0.2,0.0,0.07,120.0,106.89,0.0,0.88,0.0,0.0,0.0,10.04,0.0,98.98,61.21,12.33,57.89
2018-01-16 22:25:00,2,1,54.92,85.0,55.0,32.48,116.19,54.92,0.0,0.0,0.0,45.0,55.54,0.2,0.0,0.07,120.0,112.41,0.0,0.88,0.0,0.0,0.0,10.04,0.0,99.45,61.14,11.36,58.33
2018-01-16 22:26:00,2,1,54.74,85.0,55.0,32.39,117.62,54.74,0.0,0.0,0.0,45.0,55.48,0.2,0.0,0.07,120.0,115.27,0.0,0.88,0.0,0.0,0.0,10.05,0.0,99.86,61.08,10.9,58.73
2018-01-16 22:27:00,2,1,55.25,85.0,55.0,48.24,90.25,55.25,0.0,0.0,0.0,45.0,55.39,0.2,0.0,0.07,120.0,98.11,399.82,0.88,0.0,0.0,9.75,10.05,1.8,70.6,61.02,29.29,57.7
2018-01-16 22:28:00,2,1,55.95,85.0,55.0,54.91,66.29,55.95,0.0,0.0,0.0,45.0,55.59,0.2,0.0,0.07,120.0,66.57,399.82,0.88,0.0,0.0,9.75,10.05,2.51,58.17,60.96,56.82,56.32
2018-01-16 22:29:00,2,1,55.97,85.0,55.0,37.99,73.73,55.97,0.0,0.0,0.0,45.0,55.78,0.2,0.0,0.07,120.0,40.04,0.0,0.88,0.0,0.0,0.0,10.05,0.57,88.21,60.9,43.5,56.3
2018-01-16 22:30:00,2,1,55.69,85.0,55.0,33.54,93.05,55.69,0.0,0.0,0.0,45.0,55.76,0.2,0.0,0.07,120.0,67.99,0.0,0.88,0.0,0.0,0.0,10.05,0.08,96.44,60.84,23.67,56.85
2018-01-16 22:31:00,2,1,55.41,85.0,55.0,32.82,105.34,55.41,0.0,0.0,0.0,45.0,55.7,0.2,0.0,0.07,120.0,91.03,0.0,0.88,0.0,0.0,0.0,10.05,0.01,98.09,60.78,15.83,57.42
2018-01-16 22:32:00,2,1,55.16,85.0,55.0,32.62,111.98,55.16,0.0,0.0,0.0,45.0,55.64,0.2,0.0,0.07,120.0,104.07,0.0,0.88,0.0,0.0,0.0,10.05,0.0,98.79,60.73,12.87,57.95
2018-01-16 22:33:00,2,1,54.93,85.0,55.0,32.5,115.45,54.93,0.0,0.0,0.0,45.0,55.58,0.2,0.0,0.07,120.0,110.95,0.0,0.88,0.0,0.0,0.0,10.05,0.0,99.3,60.67,11.61,58.42
2018-01-16 22:34:00,2,1,54.73,85.0,55.0,32.39,117.24,54.73,0.0,0.0,0.0,45.0,55.52,0.2,0.0,0.07,120.0,114.51,0.0,0.88,0.0,0.0,0.0,10.06,0.0,99.75,60.62,11.02,58.85
2018-01-16 22:35:00,2,1,55.34,85.0,55.0,49.38,86.69,55.34,0.0,0.0,0.0,45.0,55.43,0.2,0.0,0.07,120.0,93.8,399.82,0.88,0.0,0.0,9.75,10.06,1.93,68.51,60.57,32.7,57.63
2018-01-16 22:36:00,2,1,55.96,85.0,55.0,55.07,65.5,55.96,0.0,0.0,0.0,45.0,55.62,0.2,0.0,0.07,120.0,65.4,399.82,0.88,0.0,0.0,9.75,10.06,2.53,57.98,60.52,57.91,56.4
2018-01-16 22:37:00,2,1,55.92,85.0,55.0,37.2,75.46,55.92,0.0,0.0,0.0,45.0,55.77,0.2,0.0,0.07,120.0,41.62,0.0,0.88,0.0,0.0,0.0,10.06,0.48,89.59,60.48,41.25,56.48
2018-01-16 22:38:00,2,1,55.63,85.0,55.0,33.41,94.36,55.63,0.0,0.0,0.0,45.0,55.74,0.2,0.0,0.07,120.0,70.33,0.0,0.88,0.0,0.0,0.0,10.06,0.07,96.66,60.43,22.68,57.07
2018-01-16 22:39:00,2,1,55.34,85.0,55.0,32.78,106.07,55.34,0.0,0.0,0.0,45.0,55.69,0.2,0.0,0.07,120.0,92.44,0.0,0.88,0.0,0.0,0.0,10.06,0.01,98.17,60.39,15.46,57.66
2018-01-16 22:40:00,2,1,55.08,85.0,55.0,32.58,112.37,55.08,0.0,0.0,0.0,45.0,55.63,0.2,0.0,0.07,120.0,104.83,0.0,0.88,0.0,0.0,0.0,10.06,0.0,98.87,60.35,12.72,58.2
2018-01-16 22:41:00,2,1,54.85,85.0,55.0,32.46,115.65,54.85,0.0,0.0,0.0,45.0,55.57,0.2,0.0,0.07,120.0,111.34,0.0,0.88,0.0,0.0,0.0,10.06,0.0,99.41,60.31,11.54,58.68
2018-01-16 22:42:00,2,1,54.77,85.0,55.0,38.76,109.66,54.77,0.0,0.0,0.0,45.0,55.51,0.2,0.0,0.07,120.0,114.27,399.8,0.88,0.0,0.0,9.75,10.06,0.74,88.1,60.27,14.72,58.86
2018-01-16 22:43:00,2,1,55.74,85.0,55.0,53.48,72.16,55.74,0.0,0.0,0.0,45.0,55.49,0.2,0.0,0.07,120.0,74.88,399.82,0.88,0.0,0.0,9.75,10.06,2.37,60.97,60.24,48.97,56.91
2018-01-16 22:44:00,2,1,56.02,85.0,55.0,49.14,63.91,56.02,0.0,0.0,0.0,45.0,55.74,0.2,0.0,0.07,120.0,47.71,0.02,0.88,0.0,0.0,0.0,10.06,1.84,68.42,60.2,59.43,56.35
2018-01-16 22:45:00,2,1,55.81,85.0,55.0,35.11,82.24,55.81,0.0,0.0,0.0,45.0,55.79,0.2,0.0,0.07,120.0,50.15,0.0,0.88,0.0,0.0,0.0,10.06,0.25,93.38,60.17,33.46,56.77
2018-01-16 22:46:00,2,1,55.49,85.0,55.0,33.07,98.99,55.49,0.0,0.0,0.0,45.0,55.74,0.2,0.0,0.07,120.0,78.88,0.0,0.88,0.0,0.0,0.0,10.06,0.03,97.39,60.15,19.53,57.4
2018-01-16 22:47:00,2,1,55.2,85.0,55.0,32.67,108.61,55.2,0.0,0.0,0.0,45.0,55.69,0.2,0.0,0.07,120.0,97.41,0.0,0.88,0.0,0.0,0.0,10.06,0.0,98.49,60.12,14.26,58.0
2018-01-16 22:48:00,2,1,54.94,85.0,55.0,32.51,113.7,54.94,0.0,0.0,0.0,45.0,55.63,0.2,0.0,0.07,120.0,107.46,0.0,0.88,0.0,0.0,0.0,10.06,0.0,99.14,60.09,12.22,58.54
2018-01-16 22:49:00,2,1,54.71,85.0,55.0,32.39,116.34,54.71,0.0,0.0,0.0,45.0,55.57,0.2,0.0,0.07,120.0,112.71,0.0,0.88,0.0,0.0,0.0,10.06,0.0,99.67,60.07,11.31,59.03
2018-01-16 22:50:00,2,1,55.48,85.0,55.0,51.19,80.49,55.48,0.0,0.0,0.0,45.0,55.47,0.2,0.0,0.07,120.0,85.87,399.82,0.88,0.0,0.0,9.75,10.06,2.12,65.24,60.05,39.07,57.46
2018-01-16 22:51:00,2,1,55.96,85.0,55.0,55.29,64.22,55.96,0.0,0.0,0.0,45.0,55.66,0.2,0.0,0.07,120.0,63.49,399.82,0.88,0.0,0.0,9.75,10.06,2.55,57.67,60.03,59.72,56.51
2018-01-16 22:52:00,2,1,55.9,85.0,55.0,38.01,73.35,55.9,0.0,0.0,0.0,45.0,55.8,0.2,0.0,0.07,120.0,39.41,0.0,0.88,0.0,0.0,0.0,10.06,0.58,88.15,60.02,44.05,56.62
2018-01-16 22:53:00,2,1,55.59,85.0,55.0,33.5,92.95,55.59,0.0,0.0,0.0,45.0,55.77,0.2,0.0,0.07,120.0,67.79,0.0,0.88,0.0,0.0,0.0,10.06,0.08,96.49,60.01,23.78,57.25
2018-01-16 22:54:00,2,1,55.28,85.0,55.0,32.76,105.3,55.28,0.0,0.0,0.0,45.0,55.71,0.2,0.0,0.07,120.0,90.94,0.0,0.88,0.0,0.0,0.0,10.06,0.01,98.23,60.0,15.86,57.88
2018-01-16 22:55:00,2,1,55.0,85.0,55.0,32.54,111.96,55.0,0.0,0.0,0.0,45.0,55.66,0.2,0.0,0.07,120.0,104.03,0.0,0.88,0.0,0.0,0.0,10.05,0.0,99.01,59.99,12.88,58.47
2018-01-16 22:56:00,2,1,54.75,85.0,55.0,32.4,115.44,54.75,0.0,0.0,0.0,45.0,55.6,0.2,0.0,0.07,120.0,110.93,0.0,0.88,0.0,0.0,0.0,10.05,0.0,99.61,59.98,11.61,58.99
2018-01-16 22:57:00,2,1,55.4,85.0,55.0,50.35,83.05,55.4,0.0,0.0,0.0,45.0,55.48,0.2,0.0,0.07,120.0,88.94,399.82,0.88,0.0,0.0,9.75,10.05,2.04,66.82,59.98,36.21,57.65
2018-01-16 22:58:00,2,1,55.93,85.0,55.0,55.16,64.75,55.93,0.0,0.0,0.0,45.0,55.65,0.2,0.0,0.07,120.0,64.26,399.82,0.88,0.0,0.0,9.75,10.05,2.54,57.94,59.98,58.94,56.6
2018-01-16 22:59:00,2,1,55.93,85.0,55.0,40.02,69.79,55.93,0.0,0.0,0.0,45.0,55.8,0.2,0.0,0.07,120.0,37.25,0.0,0.88,0.0,0.0,0.0,10.04,0.81,84.61,59.98,49.14,56.59
2018-01-16 23:00:00,2,1,55.62,85.0,55.0,33.78,90.11,55.62,0.0,0.0,0.0,45.0,55.78,0.2,0.0,0.07,120.0,62.82,0.0,0.88,0.0,0.0,0.0,10.04,0.11,96.01,59.99,26.08,57.22
2018-01-16 23:01:00,2,1,55.29,85.0,55.0,32.79,103.7,55.29,0.0,0.0,0.0,45.0,55.73,0.2,0.0,0.07,120.0,87.86,0.0,0.88,0.0,0.0,0.0,10.04,0.01,98.24,60.06,16.71,57.88
2018-01-16 23:02:00,2,1,55.0,85.0,55.0,32.53,111.12,55.0,0.0,0.0,0.0,45.0,55.67,0.2,0.0,0.07,120.0,102.37,0.0,0.88,0.0,0.0,0.0,10.03,0.0,99.17,60.17,13.21,58.48
2018-01-16 23:03:00,2,1,54.74,85.0,55.0,32.38,115.01,54.74,0.0,0.0,0.0,45.0,55.61,0.2,0.0,0.07,120.0,110.06,0.0,0.88,0.0,0.0,0.0,10.02,0.0,99.87,60.28,11.76,59.03
2018-01-16 23:04:00,2,1,55.39,85.0,55.0,50.33,82.92,55.39,0.0,0.0,0.0,45.0,55.48,0.2,0.0,0.07,120.0,88.69,399.82,0.88,0.0,0.0,9.75,10.01,2.04,66.92,60.4,36.29,57.7
2018-01-16 23:05:00,2,1,55.91,85.0,55.0,55.14,64.72,55.91,0.0,0.0,0.0,45.0,55.64,0.2,0.0,0.07,120.0,64.21,399.82,0.88,0.0,0.0,9.75,10.01,2.54,58.01,60.52,58.97,56.65
2018-01-16 23:06:00,2,1,55.98,85.0,55.0,44.66,64.96,55.98,0.0,0.0,0.0,45.0,55.81,0.2,0.0,0.07,120.0,38.97,0.0,0.88,0.0,0.0,0.0,10.0,1.33,76.62,60.65,57.01,56.52
2018-01-16 23:07:00,2,1,55.69,85.0,55.0,34.42,85.41,55.69,0.0,0.0,0.0,45.0,55.81,0.2,0.0,0.07,120.0,54.98,0.0,0.88,0.0,0.0,0.0,9.99,0.18,95.25,60.77,30.35,57.1
2018-01-16 23:08:00,2,1,55.35,85.0,55.0,32.88,100.98,55.35,0.0,0.0,0.0,45.0,55.75,0.2,0.0,0.07,120.0,82.64,0.0,0.88,0.0,0.0,0.0,9.98,0.02,98.51,60.9,18.3,57.78
2018-01-16 23:09:00,2,1,55.04,85.0,55.0,32.54,109.68,55.04,0.0,0.0,0.0,45.0,55.7,0.2,0.0,0.07,120.0,99.52,0.0,0.88,0.0,0.0,0.0,9.97,0.0,99.62,61.03,13.8,58.4
2018-01-16 23:10:00,2,1,54.78,85.0,55.0,32.37,114.26,54.78,0.0,0.0,0.0,45.0,55.64,0.2,0.0,0.07,120.0,108.57,0.0,0.88,0.0,0.0,0.0,9.96,0.0,100.0,61.16,12.02,58.97
2018-01-16 23:11:00,2,1,55.31,85.0,55.0,49.34,85.78,55.31,0.0,0.0,0.0,45.0,55.51,0.2,0.0,0.07,120.0,91.99,399.82,0.88,0.0,0.0,9.75,9.95,1.93,68.9,61.29,33.23,57.87
2018-01-16 23:12:00,2,1,55.89,85.0,55.0,55.0,65.34,55.89,0.0,0.0,0.0,45.0,55.63,0.2,0.0,0.07,120.0,65.1,399.82,0.88,0.0,0.0,9.75,9.94,2.53,58.31,61.43,58.05,56.71
2018-01-16 23:13:00,2,1,55.99,85.0,55.0,46.76,63.78,55.99,0.0,0.0,0.0,45.0,55.8,0.2,0.0,0.07,120.0,41.81,0.0,0.88,0.0,0.0,0.0,9.93,1.58,73.09,61.56,59.21,56.52
2018-01-16 23:14:00,2,1,55.71,85.0,55.0,34.68,83.75,55.71,0.0,0.0,0.0,45.0,55.81,0.2,0.0,0.07,120.0,52.38,0.0,0.88,0.0,0.0,0.0,9.92,0.21,95.26,61.7,31.97,57.07
2018-01-16 23:15:00,2,1,55.37,85.0,55.0,32.89,99.98,55.37,0.0,0.0,0.0,45.0,55.76,0.2,0.0,0.07,120.0,80.75,0.0,0.88,0.0,0.0,0.0,9.9,0.03,99.04,61.84,18.91,57.76
2018-01-16 23:16:00,2,1,55.06,85.0,55.0,32.51,109.15,55.06,0.0,0.0,0.0,45.0,55.7,0.2,0.0,0.07,120.0,98.47,0.0,0.88,0.0,0.0,0.0,9.89,0.0,100.0,61.98,14.03,58.4
2018-01-16 23:17:00,2,1,54.78,85.0,55.0,32.34,113.98,54.78,0.0,0.0,0.0,45.0,55.64,0.2,0.0,0.07,120.0,108.02,0.0,0.88,0.0,0.0,0.0,9.88,0.0,100.0,62.12,12.12,58.97
2018-01-16 23:18:00,2,1,55.31,85.0,55.0,49.33,85.69,55.31,0.0,0.0,0.0,45.0,55.51,0.2,0.0,0.07,120.0,91.83,399.82,0.88,0.0,0.0,9.75,9.87,1.93,69.09,62.25,33.28,57.89
2018-01-16 23:19:00,2,1,55.89,85.0,55.0,54.99,65.33,55.89,0.0,0.0,0.0,45.0,55.63,0.2,0.0,0.07,120.0,65.08,399.82,0.88,0.0,0.0,9.75,9.86,2.53,58.36,62.4,58.06,56.73
2018-01-16 23:20:00,2,1,55.99,85.0,55.0,46.74,63.78,55.99,0.0,0.0,0.0,45.0,55.8,0.2,0.0,0.07,120.0,41.81,0.0,0.88,0.0,0.0,0.0,9.84,1.58,73.38,62.54,59.21,56.54
2018-01-16 23:21:00,2,1,55.7,85.0,55.0,34.64,83.75,55.7,0.0,0.0,0.0,45.0,55.81,0.2,0.0,0.07,120.0,52.38,0.0,0.88,0.0,0.0,0.0,9.83,0.21,95.91,62.68,31.97,57.1
2018-01-16 23:22:00,2,1,55.36,85.0,55.0,32.84,99.98,55.36,0.0,0.0,0.0,45.0,55.76,0.2,0.0,0.07,120.0,80.75,0.0,0.88,0.0,0.0,0.0,9.81,0.03,99.76,62.82,18.92,57.8
2018-01-16 23:23:00,2,1,55.05,85.0,55.0,32.46,109.15,55.05,0.0,0.0,0.0,45.0,55.7,0.2,0.0,0.07,120.0,98.47,0.0,0.88,0.0,0.0,0.0,9.8,0.0,100.0,62.96,14.03,58.44
2018-01-16 23:24:00,2,1,54.77,85.0,55.0,32.28,113.98,54.77,0.0,0.0,0.0,45.0,55.64,0.2,0.0,0.07,120.0,108.02,0.0,0.88,0.0,0.0,0.0,9.78,0.0,100.0,63.1,12.12,59.02
2018-01-16 23:25:00,2,1,55.3,85.0,55.0,49.31,85.69,55.3,0.0,0.0,0.0,45.0,55.51,0.2,0.0,0.07,120.0,91.82,399.82,0.88,0.0,0.0,9.75,9.77,1.93,69.32,63.24,33.28,57.93
2018-01-16 23:26:00,2,1,55.88,85.0,55.0,54.98,65.32,55.88,0.0,0.0,0.0,45.0,55.62,0.2,0.0,0.07,120.0,65.07,399.82,0.88,0.0,0.0,9.75,9.75,2.53,58.43,63.38,58.08,56.78
2018-01-16 23:27:00,2,1,56.0,85.0,55.0,52.25,62.1,56.0,0.0,0.0,0.0,45.0,55.8,0.2,0.0,0.07,120.0,51.93,2.7,0.88,0.0,0.0,0.0,9.74,2.2,63.42,63.52,62.54,56.54
2018-01-16 23:28:00,2,1,55.75,85.0,55.0,35.36,80.25,55.75,0.0,0.0,0.0,45.0,55.82,0.2,0.0,0.07,120.0,47.24,0.0,0.88,0.0,0.0,0.0,9.72,0.3,95.1,63.66,35.68,57.03
2018-01-16 23:29:00,2,1,55.4,85.0,55.0,32.91,97.82,55.4,0.0,0.0,0.0,45.0,55.77,0.2,0.0,0.07,120.0,76.7,0.0,0.88,0.0,0.0,0.0,9.71,0.04,100.0,63.8,20.31,57.72
2018-01-16 23:30:00,2,1,55.08,85.0,55.0,32.43,107.98,55.08,0.0,0.0,0.0,45.0,55.71,0.2,0.0,0.07,120.0,96.19,0.0,0.88,0.0,0.0,0.0,9.69,0.01,100.0,63.93,14.55,58.38
2018-01-16 23:31:00,2,1,54.8,85.0,55.0,32.24,113.37,54.8,0.0,0.0,0.0,45.0,55.65,0.2,0.0,0.07,120.0,106.82,0.0,0.88,0.0,0.0,0.0,9.67,0.0,100.0,64.07,12.34,58.97
2018-01-16 23:32:00,2,1,55.11,85.0,55.0,46.77,92.47,55.11,0.0,0.0,0.0,45.0,55.53,0.2,0.0,0.07,120.0,99.28,399.82,0.88,0.0,0.0,9.75,9.65,1.66,74.48,64.21,26.74,58.34
2018-01-16 23:33:00,2,1,55.82,85.0,55.0,54.6,66.91,55.82,0.0,0.0,0.0,45.0,55.58,0.2,0.0,0.07,120.0,67.36,399.82,0.88,0.0,0.0,9.75,9.63,2.49,59.21,64.34,55.82,56.92
2018-01-16 23:34:00,2,1,55.98,85.0,55.0,55.73,61.8,55.98,0.0,0.0,0.0,45.0,55.76,0.2,0.0,0.07,120.0,59.85,399.82,0.88,0.0,0.0,9.75,9.62,2.6,57.01,64.47,63.35,56.59
2018-01-16 23:35:00,2,1,55.88,85.0,55.0,38.81,71.12,55.88,0.0,0.0,0.0,45.0,55.84,0.2,0.0,0.07,120.0,37.41,0.0,0.88,0.0,0.0,0.0,9.6,0.69,89.02,64.6,47.2,56.79
2018-01-16 23:36:00,2,1,55.54,85.0,55.0,33.38,91.47,55.54,0.0,0.0,0.0,45.0,55.81,0.2,0.0,0.07,120.0,65.18,0.0,0.88,0.0,0.0,0.0,9.58,0.09,99.78,64.73,24.99,57.47
2018-01-16 23:37:00,2,1,55.21,85.0,55.0,32.49,104.49,55.21,0.0,0.0,0.0,45.0,55.75,0.2,0.0,0.07,120.0,89.38,0.0,0.88,0.0,0.0,0.0,9.56,0.01,100.0,64.86,16.29,58.15
2018-01-16 23:38:00,2,1,54.91,85.0,55.0,32.24,111.54,54.91,0.0,0.0,0.0,45.0,55.69,0.2,0.0,0.07,120.0,103.2,0.0,0.88,0.0,0.0,0.0,9.54,0.0,100.0,64.98,13.04,58.78
2018-01-16 23:39:00,2,1,54.77,85.0,55.0,38.56,107.73,54.77,0.0,0.0,0.0,45.0,55.62,0.2,0.0,0.07,120.0,110.45,399.8,0.88,0.0,0.0,9.75,9.52,0.74,90.96,65.11,15.46,59.08
2018-01-16 23:40:00,2,1,55.68,85.0,55.0,53.4,71.79,55.68,0.0,0.0,0.0,45.0,55.54,0.2,0.0,0.07,120.0,74.14,399.82,0.88,0.0,0.0,9.75,9.49,2.37,61.64,65.23,49.25,57.21
2018-01-16 23:41:00,2,1,55.96,85.0,55.0,55.56,62.61,55.96,0.0,0.0,0.0,45.0,55.72,0.2,0.0,0.07,120.0,61.07,399.82,0.88,0.0,0.0,9.75,9.47,2.59,57.38,65.35,62.1,56.66
2018-01-16 23:42:00,2,1,55.93,85.0,55.0,41.17,67.72,55.93,0.0,0.0,0.0,45.0,55.83,0.2,0.0,0.07,120.0,36.45,0.0,0.88,0.0,0.0,0.0,9.45,0.96,84.93,65.46,52.33,56.73
2018-01-16 23:43:00,2,1,55.6,85.0,55.0,33.66,88.54,55.6,0.0,0.0,0.0,45.0,55.81,0.2,0.0,0.07,120.0,60.13,0.0,0.88,0.0,0.0,0.0,9.43,0.13,99.79,65.58,27.49,57.38
2018-01-16 23:44:00,2,1,55.26,85.0,55.0,32.49,102.82,55.26,0.0,0.0,0.0,45.0,55.75,0.2,0.0,0.07,120.0,86.16,0.0,0.88,0.0,0.0,0.0,9.4,0.02,100.0,65.69,17.22,58.08
2018-01-16 23:45:00,2,1,54.95,85.0,55.0,32.19,110.66,54.95,0.0,0.0,0.0,45.0,55.69,0.2,0.0,0.07,120.0,101.45,0.0,0.88,0.0,0.0,0.0,9.38,0.0,100.0,65.79,13.39,58.71
2018-01-16 23:46:00,2,1,54.68,85.0,55.0,32.02,114.77,54.68,0.0,0.0,0.0,45.0,55.63,0.2,0.0,0.07,120.0,109.58,0.0,0.88,0.0,0.0,0.0,9.36,0.0,100.0,65.9,11.84,59.28
2018-01-16 23:47:00,2,1,55.58,85.0,55.0,52.42,75.38,55.58,0.0,0.0,0.0,45.0,55.51,0.2,0.0,0.07,120.0,78.94,399.82,0.88,0.0,0.0,9.75,9.33,2.27,63.69,66.0,44.76,57.45
2018-01-16 23:48:00,2,1,55.93,85.0,55.0,55.42,63.25,55.93,0.0,0.0,0.0,45.0,55.68,0.2,0.0,0.07,120.0,62.02,399.82,0.88,0.0,0.0,9.75,9.31,2.57,57.7,66.1,61.14,56.74
2018-01-16 23:49:00,2,1,55.98,85.0,55.0,46.68,63.46,55.98,0.0,0.0,0.0,45.0,55.82,0.2,0.0,0.07,120.0,41.32,0.0,0.88,0.0,0.0,0.0,9.28,1.58,74.61,66.19,59.71,56.65
2018-01-16 23:50:00,2,1,55.69,85.0,55.0,34.37,83.69,55.69,0.0,0.0,0.0,45.0,55.82,0.2,0.0,0.07,120.0,52.29,0.0,0.88,0.0,0.0,0.0,9.26,0.21,98.89,66.29,32.05,57.24
2018-01-16 23:51:00,2,1,55.34,85.0,55.0,32.54,99.96,55.34,0.0,0.0,0.0,45.0,55.77,0.2,0.0,0.07,120.0,80.72,0.0,0.88,0.0,0.0,0.0,9.23,0.03,100.0,66.37,18.93,57.94
2018-01-16 23:52:00,2,1,55.02,85.0,55.0,32.15,109.14,55.02,0.0,0.0,0.0,45.0,55.71,0.2,0.0,0.07,120.0,98.46,0.0,0.88,0.0,0.0,0.0,9.2,0.0,100.0,66.46,14.03,58.6
2018-01-16 23:53:00,2,1,54.74,85.0,55.0,31.97,113.98,54.74,0.0,0.0,0.0,45.0,55.65,0.2,0.0,0.07,120.0,108.02,0.0,0.88,0.0,0.0,0.0,9.18,0.0,100.0,66.54,12.12,59.18
2018-01-16 23:54:00,2,1,55.37,85.0,55.0,50.22,82.63,55.37,0.0,0.0,0.0,45.0,55.51,0.2,0.0,0.07,120.0,88.12,399.82,0.88,0.0,0.0,9.75,9.15,2.04,68.28,66.61,36.47,57.9
2018-01-16 23:55:00,2,1,55.89,85.0,55.0,55.1,64.67,55.89,0.0,0.0,0.0,45.0,55.63,0.2,0.0,0.07,120.0,64.11,399.82,0.88,0.0,0.0,9.75,9.12,2.54,58.39,66.69,59.03,56.87
2018-01-16 23:56:00,2,1,56.0,85.0,55.0,55.8,61.46,56.0,0.0,0.0,0.0,45.0,55.8,0.2,0.0,0.07,120.0,59.33,399.82,0.88,0.0,0.0,9.75,9.09,2.61,56.97,66.75,63.87,56.65
2018-01-16 23:57:00,2,1,55.8,85.0,55.0,36.15,76.6,55.8,0.0,0.0,0.0,45.0,55.84,0.2,0.0,0.07,120.0,42.51,0.0,0.88,0.0,0.0,0.0,9.06,0.42,95.76,66.82,39.97,57.04
2018-01-16 23:58:00,2,1,55.45,85.0,55.0,32.75,95.44,55.45,0.0,0.0,0.0,45.0,55.79,0.2,0.0,0.07,120.0,72.31,0.0,0.88,0.0,0.0,0.0,9.03,0.06,100.0,66.88,21.94,57.74
2018-01-16 23:59:00,2,1,55.12,85.0,55.0,32.13,106.69,55.12,0.0,0.0,0.0,45.0,55.73,0.2,0.0,0.07,120.0,93.67,0.0,0.88,0.0,0.0,0.0,9.0,0.01,100.0,66.93,15.16,58.42
2018-01-17 00:00:00,2,1,54.83,85.0,55.0,31.91,112.7,54.83,0.0,0.0,0.0,45.0,55.67,0.2,0.0,0.07,120.0,105.49,0.0,0.88,0.0,0.0,0.0,8.97,0.0,100.0,66.98,12.59,59.03
2018-01-17 00:01:00,2,1,55.02,85.0,55.0,45.03,96.08,55.02,0.0,0.0,0.0,45.0,55.56,0.2,0.0,0.07,120.0,102.69,399.82,0.88,0.0,0.0,9.75,8.94,1.48,79.07,66.92,23.63,58.65
2018-01-17 00:02:00,2,1,55.79,85.0,55.0,54.35,67.87,55.79,0.0,0.0,0.0,45.0,55.57,0.2,0.0,0.07,120.0,68.71,399.82,0.88,0.0,0.0,9.75,8.9,2.47,59.97,66.79,54.47,57.09
2018-01-17 00:03:00,2,1,55.97,85.0,55.0,55.69,61.95,55.97,0.0,0.0,0.0,45.0,55.75,0.2,0.0,0.07,120.0,60.08,399.82,0.88,0.0,0.0,9.75,8.86,2.6,57.23,66.65,63.12,56.72
2018-01-17 00:04:00,2,1,55.93,85.0,55.0,40.99,67.63,55.93,0.0,0.0,0.0,45.0,55.84,0.2,0.0,0.07,120.0,36.3,0.0,0.88,0.0,0.0,0.0,8.82,0.96,86.25,66.51,52.48,56.82
2018-01-17 00:05:00,2,1,55.59,85.0,55.0,33.35,88.52,55.59,0.0,0.0,0.0,45.0,55.81,0.2,0.0,0.07,120.0,60.1,0.0,0.88,0.0,0.0,0.0,8.78,0.13,100.0,66.36,27.51,57.48
2018-01-17 00:06:00,2,1,55.25,85.0,55.0,32.15,102.81,55.25,0.0,0.0,0.0,45.0,55.76,0.2,0.0,0.07,120.0,86.16,0.0,0.88,0.0,0.0,0.0,8.74,0.02,100.0,66.21,17.22,58.18
2018-01-17 00:07:00,2,1,54.94,85.0,55.0,31.84,110.66,54.94,0.0,0.0,0.0,45.0,55.7,0.2,0.0,0.07,120.0,101.45,0.0,0.88,0.0,0.0,0.0,8.7,0.0,100.0,66.05,13.4,58.82
2018-01-17 00:08:00,2,1,54.71,85.0,55.0,35.22,111.0,54.71,0.0,0.0,0.0,45.0,55.63,0.2,0.0,0.07,120.0,110.11,397.13,0.88,0.0,0.0,9.75,8.66,0.4,99.11,65.89,13.68,59.3
2018-01-17 00:09:00,2,1,55.63,85.0,55.0,52.9,73.42,55.63,0.0,0.0,0.0,45.0,55.53,0.2,0.0,0.07,120.0,76.32,399.82,0.88,0.0,0.0,9.75,8.62,2.32,62.92,65.72,47.15,57.42
2018-01-17 00:10:00,2,1,55.94,85.0,55.0,55.48,62.89,55.94,0.0,0.0,0.0,45.0,55.7,0.2,0.0,0.07,120.0,61.49,399.82,0.88,0.0,0.0,9.75,8.58,2.58,57.66,65.55,61.67,56.79
2018-01-17 00:11:00,2,1,55.98,85.0,55.0,46.54,63.41,55.98,0.0,0.0,0.0,45.0,55.83,0.2,0.0,0.07,120.0,41.24,0.0,0.88,0.0,0.0,0.0,8.54,1.58,75.21,65.38,59.79,56.72
2018-01-17 00:12:00,2,1,55.68,85.0,55.0,34.02,83.69,55.68,0.0,0.0,0.0,45.0,55.82,0.2,0.0,0.07,120.0,52.28,0.0,0.88,0.0,0.0,0.0,8.5,0.21,100.0,65.2,32.06,57.31
2018-01-17 00:13:00,2,1,55.33,85.0,55.0,32.15,99.96,55.33,0.0,0.0,0.0,45.0,55.77,0.2,0.0,0.07,120.0,80.72,0.0,0.88,0.0,0.0,0.0,8.45,0.03,100.0,65.02,18.93,58.02
2018-01-17 00:14:00,2,1,55.01,85.0,55.0,31.74,109.14,55.01,0.0,0.0,0.0,45.0,55.71,0.2,0.0,0.07,120.0,98.46,0.0,0.88,0.0,0.0,0.0,8.41,0.0,100.0,64.84,14.03,58.68
2018-01-17 00:15:00,2,1,54.73,85.0,55.0,31.55,113.98,54.73,0.0,0.0,0.0,45.0,55.65,0.2,0.0,0.07,120.0,108.02,0.0,0.88,0.0,0.0,0.0,8.37,0.0,100.0,64.66,12.12,59.27
2018-01-17 00:16:00,2,1,55.44,85.0,55.0,50.98,79.87,55.44,0.0,0.0,0.0,45.0,55.51,0.2,0.0,0.07,120.0,84.66,399.82,0.88,0.0,0.0,9.75,8.32,2.12,66.82,64.47,39.48,57.8
2018-01-17 00:17:00,2,1,55.9,85.0,55.0,55.2,64.1,55.9,0.0,0.0,0.0,45.0,55.64,0.2,0.0,0.07,120.0,63.28,399.82,0.88,0.0,0.0,9.75,8.28,2.55,58.22,64.28,59.86,56.89
2018-01-17 00:18:00,2,1,55.99,85.0,55.0,55.81,61.37,55.99,0.0,0.0,0.0,45.0,55.8,0.2,0.0,0.07,120.0,59.19,399.82,0.88,0.0,0.0,9.75,8.23,2.61,56.99,64.09,64.01,56.69
2018-01-17 00:19:00,2,1,55.87,85.0,55.0,38.29,71.06,55.87,0.0,0.0,0.0,45.0,55.85,0.2,0.0,0.07,120.0,37.32,0.0,0.88,0.0,0.0,0.0,8.19,0.69,91.36,63.89,47.29,56.92
2018-01-17 00:20:00,2,1,55.53,85.0,55.0,32.68,91.46,55.53,0.0,0.0,0.0,45.0,55.81,0.2,0.0,0.07,120.0,65.17,0.0,0.88,0.0,0.0,0.0,8.14,0.09,100.0,63.7,25.0,57.61
2018-01-17 00:21:00,2,1,55.18,85.0,55.0,31.75,104.49,55.18,0.0,0.0,0.0,45.0,55.75,0.2,0.0,0.07,120.0,89.38,0.0,0.88,0.0,0.0,0.0,8.1,0.01,100.0,63.5,16.29,58.3
2018-01-17 00:22:00,2,1,54.88,85.0,55.0,31.48,111.54,54.88,0.0,0.0,0.0,45.0,55.69,0.2,0.0,0.07,120.0,103.2,0.0,0.88,0.0,0.0,0.0,8.05,0.0,100.0,63.3,13.04,58.93
2018-01-17 00:23:00,2,1,54.83,85.0,55.0,40.64,103.72,54.83,0.0,0.0,0.0,45.0,55.61,0.2,0.0,0.07,120.0,108.39,399.82,0.88,0.0,0.0,9.75,8.0,1.03,87.78,63.1,17.91,59.03
2018-01-17 00:24:00,2,1,55.7,85.0,55.0,53.69,70.26,55.7,0.0,0.0,0.0,45.0,55.54,0.2,0.0,0.07,120.0,72.03,399.82,0.88,0.0,0.0,9.75,7.95,2.4,61.25,62.9,51.23,57.24
2018-01-17 00:25:00,2,1,55.94,85.0,55.0,55.58,62.33,55.94,0.0,0.0,0.0,45.0,55.71,0.2,0.0,0.07,120.0,60.66,399.82,0.88,0.0,0.0,9.75,7.91,2.59,57.42,62.69,62.53,56.76
2018-01-17 00:26:00,2,1,56.0,85.0,55.0,55.86,61.13,56.0,0.0,0.0,0.0,45.0,55.83,0.2,0.0,0.07,120.0,58.81,399.82,0.88,0.0,0.0,9.75,7.86,2.62,56.86,62.49,64.39,56.65
2018-01-17 00:27:00,2,1,55.82,85.0,55.0,36.34,74.71,55.82,0.0,0.0,0.0,45.0,55.85,0.2,0.0,0.07,120.0,40.4,0.0,0.88,0.0,0.0,0.0,7.81,0.49,95.02,62.28,42.35,57.0
2018-01-17 00:28:00,2,1,55.46,85.0,55.0,32.22,94.17,55.46,0.0,0.0,0.0,45.0,55.81,0.2,0.0,0.07,120.0,70.0,0.0,0.88,0.0,0.0,0.0,7.76,0.07,100.0,62.07,22.88,57.71
2018-01-17 00:29:00,2,1,55.12,85.0,55.0,31.5,106.0,55.12,0.0,0.0,0.0,45.0,55.74,0.2,0.0,0.07,120.0,92.31,0.0,0.88,0.0,0.0,0.0,7.72,0.01,100.0,61.87,15.51,58.39
2018-01-17 00:30:00,2,1,54.82,85.0,55.0,31.26,112.34,54.82,0.0,0.0,0.0,45.0,55.68,0.2,0.0,0.07,120.0,104.76,0.0,0.88,0.0,0.0,0.0,7.67,0.0,100.0,61.66,12.73,59.0
2018-01-17 00:31:00,2,1,55.11,85.0,55.0,46.4,92.09,55.11,0.0,0.0,0.0,45.0,55.55,0.2,0.0,0.07,120.0,98.54,399.82,0.88,0.0,0.0,9.75,7.62,1.66,75.94,61.45,26.94,58.4
2018-01-17 00:32:00,2,1,55.81,85.0,55.0,54.54,66.84,55.81,0.0,0.0,0.0,45.0,55.58,0.2,0.0,0.07,120.0,67.23,399.82,0.88,0.0,0.0,9.75,7.57,2.49,59.48,61.24,55.88,56.99
2018-01-17 00:33:00,2,1,55.96,85.0,55.0,55.7,61.78,55.96,0.0,0.0,0.0,45.0,55.75,0.2,0.0,0.07,120.0,59.82,399.82,0.88,0.0,0.0,9.75,7.52,2.6,57.12,61.04,63.38,56.67
2018-01-17 00:34:00,2,1,56.0,85.0,55.0,52.16,61.59,56.0,0.0,0.0,0.0,45.0,55.85,0.2,0.0,0.07,120.0,51.14,2.7,0.88,0.0,0.0,0.0,7.47,2.22,63.95,60.83,63.33,56.6
2018-01-17 00:35:00,2,1,55.73,85.0,55.0,34.34,80.18,55.73,0.0,0.0,0.0,45.0,55.84,0.2,0.0,0.07,120.0,47.13,0.0,0.88,0.0,0.0,0.0,7.42,0.3,98.76,60.62,35.79,57.12
2018-01-17 00:36:00,2,1,55.37,85.0,55.0,31.74,97.81,55.37,0.0,0.0,0.0,45.0,55.79,0.2,0.0,0.07,120.0,76.68,0.0,0.88,0.0,0.0,0.0,7.37,0.04,100.0,60.42,20.33,57.83
2018-01-17 00:37:00,2,1,55.04,85.0,55.0,31.23,107.98,55.04,0.0,0.0,0.0,45.0,55.73,0.2,0.0,0.07,120.0,96.19,0.0,0.88,0.0,0.0,0.0,7.32,0.01,100.0,60.21,14.55,58.5
2018-01-17 00:38:00,2,1,54.75,85.0,55.0,31.01,113.37,54.75,0.0,0.0,0.0,45.0,55.66,0.2,0.0,0.07,120.0,106.82,0.0,0.88,0.0,0.0,0.0,7.27,0.0,100.0,60.0,12.34,59.09
2018-01-17 00:39:00,2,1,55.36,85.0,55.0,49.99,82.46,55.36,0.0,0.0,0.0,45.0,55.52,0.2,0.0,0.07,120.0,87.78,399.82,0.88,0.0,0.0,9.75,7.21,2.04,68.56,59.8,36.58,57.83
2018-01-17 00:40:00,2,1,55.86,85.0,55.0,55.04,64.63,55.86,0.0,0.0,0.0,45.0,55.62,0.2,0.0,0.07,120.0,64.05,399.82,0.88,0.0,0.0,9.75,7.16,2.54,58.37,59.6,59.08,56.8
2018-01-17 00:41:00,2,1,55.97,85.0,55.0,55.76,61.44,55.97,0.0,0.0,0.0,45.0,55.77,0.2,0.0,0.07,120.0,59.3,399.82,0.88,0.0,0.0,9.75,7.11,2.61,56.92,59.4,63.92,56.59
2018-01-17 00:42:00,2,1,56.0,85.0,55.0,55.88,61.01,56.0,0.0,0.0,0.0,45.0,55.85,0.2,0.0,0.07,120.0,58.63,399.82,0.88,0.0,0.0,9.75,7.06,2.62,56.68,59.2,64.56,56.52
2018-01-17 00:43:00,2,1,55.81,85.0,55.0,36.01,74.7,55.81,0.0,0.0,0.0,45.0,55.86,0.2,0.0,0.07,120.0,40.39,0.0,0.88,0.0,0.0,0.0,7.01,0.49,95.14,59.0,42.36,56.87
2018-01-17 00:44:00,2,1,55.45,85.0,55.0,31.83,94.17,55.45,0.0,0.0,0.0,45.0,55.81,0.2,0.0,0.07,120.0,70.01,0.0,0.88,0.0,0.0,0.0,6.96,0.07,100.0,58.8,22.88,57.57
2018-01-17 00:45:00,2,1,55.11,85.0,55.0,31.09,106.0,55.11,0.0,0.0,0.0,45.0,55.75,0.2,0.0,0.07,120.0,92.32,0.0,0.88,0.0,0.0,0.0,6.9,0.01,100.0,58.61,15.51,58.25
2018-01-17 00:46:00,2,1,54.81,85.0,55.0,30.84,112.34,54.81,0.0,0.0,0.0,45.0,55.69,0.2,0.0,0.07,120.0,104.77,0.0,0.88,0.0,0.0,0.0,6.85,0.0,100.0,58.42,12.73,58.86
2018-01-17 00:47:00,2,1,55.21,85.0,55.0,47.68,88.5,55.21,0.0,0.0,0.0,45.0,55.55,0.2,0.0,0.07,120.0,94.64,399.82,0.88,0.0,0.0,9.75,6.8,1.8,73.04,58.23,30.27,58.04
2018-01-17 00:48:00,2,1,55.83,85.0,55.0,54.72,65.98,55.83,0.0,0.0,0.0,45.0,55.6,0.2,0.0,0.07,120.0,65.98,399.82,0.88,0.0,0.0,9.75,6.75,2.51,58.92,58.04,57.1,56.77
2018-01-17 00:49:00,2,1,55.96,85.0,55.0,55.72,61.65,55.96,0.0,0.0,0.0,45.0,55.76,0.2,0.0,0.07,120.0,59.61,399.82,0.88,0.0,0.0,9.75,6.69,2.6,56.9,57.86,63.59,56.49
2018-01-17 00:50:00,2,1,55.99,85.0,55.0,55.87,61.04,55.99,0.0,0.0,0.0,45.0,55.85,0.2,0.0,0.07,120.0,58.67,399.82,0.88,0.0,0.0,9.75,6.64,2.62,56.59,57.68,64.52,56.42
2018-01-17 00:51:00,2,1,55.87,85.0,55.0,37.7,71.02,55.87,0.0,0.0,0.0,45.0,55.87,0.2,0.0,0.07,120.0,37.26,0.0,0.88,0.0,0.0,0.0,6.59,0.69,91.6,57.5,47.34,56.65
2018-01-17 00:52:00,2,1,55.51,85.0,55.0,31.9,91.46,55.51,0.0,0.0,0.0,45.0,55.82,0.2,0.0,0.07,120.0,65.17,0.0,0.88,0.0,0.0,0.0,6.53,0.09,100.0,57.33,25.01,57.34
2018-01-17 00:53:00,2,1,55.16,85.0,55.0,30.94,104.49,55.16,0.0,0.0,0.0,45.0,55.76,0.2,0.0,0.07,120.0,89.39,0.0,0.88,0.0,0.0,0.0,6.48,0.01,100.0,57.15,16.29,58.03
2018-01-17 00:54:00,2,1,54.85,85.0,55.0,30.66,111.55,54.85,0.0,0.0,0.0,45.0,55.7,0.2,0.0,0.07,120.0,103.2,0.0,0.88,0.0,0.0,0.0,6.43,0.0,100.0,56.99,13.04,58.66
2018-01-17 00:55:00,2,1,55.02,85.0,55.0,44.47,95.63,55.02,0.0,0.0,0.0,45.0,55.58,0.2,0.0,0.07,120.0,101.8,399.82,0.88,0.0,0.0,9.75,6.37,1.48,79.35,56.82,23.86,58.3
2018-01-17 00:56:00,2,1,55.77,85.0,55.0,54.25,67.79,55.77,0.0,0.0,0.0,45.0,55.57,0.2,0.0,0.07,120.0,68.55,399.82,0.88,0.0,0.0,9.75,6.32,2.47,59.74,56.66,54.55,56.77
2018-01-17 00:57:00,2,1,55.94,85.0,55.0,55.64,61.92,55.94,0.0,0.0,0.0,45.0,55.73,0.2,0.0,0.07,120.0,60.04,399.82,0.88,0.0,0.0,9.75,6.27,2.6,56.93,56.5,63.17,56.41
2018-01-17 00:58:00,2,1,55.98,85.0,55.0,55.85,61.06,55.98,0.0,0.0,0.0,45.0,55.83,0.2,0.0,0.07,120.0,58.71,399.82,0.88,0.0,0.0,9.75,6.21,2.62,56.51,56.35,64.49,56.32
2018-01-17 00:59:00,2,1,56.0,85.0,55.0,55.89,60.98,56.0,0.0,0.0,0.0,45.0,55.88,0.2,0.0,0.07,120.0,58.56,399.82,0.88,0.0,0.0,9.75,6.16,2.62,56.41,56.2,64.6,56.26
2018-01-17 01:00:00,2,1,55.75,85.0,55.0,34.28,78.37,55.75,0.0,0.0,0.0,45.0,55.86,0.2,0.0,0.07,120.0,44.7,0.0,0.88,0.0,0.0,0.0,6.1,0.35,98.19,56.06,37.86,56.73
2018-01-17 01:01:00,2,1,55.39,85.0,55.0,31.17,96.66,55.39,0.0,0.0,0.0,45.0,55.8,0.2,0.0,0.07,120.0,74.54,0.0,0.88,0.0,0.0,0.0,6.05,0.05,100.0,56.02,21.1,57.44
2018-01-17 01:02:00,2,1,55.05,85.0,55.0,30.58,107.36,55.05,0.0,0.0,0.0,45.0,55.74,0.2,0.0,0.07,120.0,94.97,0.0,0.88,0.0,0.0,0.0,5.99,0.01,100.0,56.05,14.84,58.11
2018-01-17 01:03:00,2,1,54.75,85.0,55.0,30.35,113.05,54.75,0.0,0.0,0.0,45.0,55.68,0.2,0.0,0.07,120.0,106.18,0.0,0.88,0.0,0.0,0.0,5.92,0.0,100.0,56.09,12.46,58.71
2018-01-17 01:04:00,2,1,55.36,85.0,55.0,49.83,82.37,55.36,0.0,0.0,0.0,45.0,55.52,0.2,0.0,0.07,120.0,87.6,399.82,0.88,0.0,0.0,9.75,5.86,2.04,68.53,56.13,36.64,57.46
2018-01-17 01:05:00,2,1,55.85,85.0,55.0,55.01,64.61,55.85,0.0,0.0,0.0,45.0,55.62,0.2,0.0,0.07,120.0,64.02,399.82,0.88,0.0,0.0,9.75,5.8,2.54,58.06,56.18,59.11,56.45
2018-01-17 01:06:00,2,1,55.95,85.0,55.0,55.74,61.43,55.95,0.0,0.0,0.0,45.0,55.76,0.2,0.0,0.07,120.0,59.29,399.82,0.88,0.0,0.0,9.75,5.74,2.61,56.57,56.24,63.95,56.23
2018-01-17 01:07:00,2,1,55.98,85.0,55.0,55.85,61.0,55.98,0.0,0.0,0.0,45.0,55.84,0.2,0.0,0.07,120.0,58.61,399.82,0.88,0.0,0.0,9.75,5.68,2.62,56.33,56.29,64.6,56.16
2018-01-17 01:08:00,2,1,55.99,85.0,55.0,55.88,60.97,55.99,0.0,0.0,0.0,45.0,55.88,0.2,0.0,0.07,120.0,58.55,399.82,0.88,0.0,0.0,9.75,5.62,2.62,56.25,56.35,64.62,56.11
2018-01-17 01:09:00,2,1,55.89,85.0,55.0,38.54,69.23,55.89,0.0,0.0,0.0,45.0,55.88,0.2,0.0,0.07,120.0,36.38,0.0,0.88,0.0,0.0,0.0,5.56,0.82,90.4,56.42,49.98,56.3
2018-01-17 01:10:00,2,1,55.54,85.0,55.0,31.57,90.02,55.54,0.0,0.0,0.0,45.0,55.83,0.2,0.0,0.07,120.0,62.67,0.0,0.88,0.0,0.0,0.0,5.5,0.11,100.0,56.49,26.21,56.97
2018-01-17 01:11:00,2,1,55.18,85.0,55.0,30.45,103.68,55.18,0.0,0.0,0.0,45.0,55.77,0.2,0.0,0.07,120.0,87.82,0.0,0.88,0.0,0.0,0.0,5.44,0.01,100.0,56.56,16.74,57.67
2018-01-17 01:12:00,2,1,54.87,85.0,55.0,30.14,111.12,54.87,0.0,0.0,0.0,45.0,55.7,0.2,0.0,0.07,120.0,102.35,0.0,0.88,0.0,0.0,0.0,5.38,0.0,100.0,56.63,13.21,58.3
2018-01-17 01:13:00,2,1,55.03,85.0,55.0,44.24,95.46,55.03,0.0,0.0,0.0,45.0,55.59,0.2,0.0,0.07,120.0,101.47,399.82,0.88,0.0,0.0,9.75,5.32,1.48,80.19,56.71,23.95,57.96
2018-01-17 01:14:00,2,1,55.77,85.0,55.0,54.21,67.76,55.77,0.0,0.0,0.0,45.0,55.57,0.2,0.0,0.07,120.0,68.5,399.82,0.88,0.0,0.0,9.75,5.26,2.47,59.58,56.8,54.57,56.45
2018-01-17 01:15:00,2,1,55.94,85.0,55.0,55.63,61.92,55.94,0.0,0.0,0.0,45.0,55.73,0.2,0.0,0.07,120.0,60.03,399.82,0.88,0.0,0.0,9.75,5.2,2.6,56.64,56.88,63.18,56.09
2018-01-17 01:16:00,2,1,55.97,85.0,55.0,55.83,61.06,55.97,0.0,0.0,0.0,45.0,55.82,0.2,0.0,0.07,120.0,58.71,399.82,0.88,0.0,0.0,9.75,5.14,2.62,56.2,56.97,64.51,56.01
2018-01-17 01:17:00,2,1,55.99,85.0,55.0,55.87,60.97,55.99,0.0,0.0,0.0,45.0,55.87,0.2,0.0,0.07,120.0,58.55,399.82,0.88,0.0,0.0,9.75,5.08,2.62,56.11,57.06,64.63,55.96
2018-01-17 01:18:00,2,1,56.0,85.0,55.0,51.99,61.5,56.0,0.0,0.0,0.0,45.0,55.89,0.2,0.0,0.07,120.0,51.0,2.7,0.88,0.0,0.0,0.0,5.02,2.22,63.9,57.15,63.44,55.92
2018-01-17 01:19:00,2,1,55.72,85.0,55.0,33.25,80.18,55.72,0.0,0.0,0.0,45.0,55.86,0.2,0.0,0.07,120.0,47.14,0.0,0.88,0.0,0.0,0.0,4.96,0.3,100.0,57.25,35.79,56.45
2018-01-17 01:20:00,2,1,55.35,85.0,55.0,30.52,97.82,55.35,0.0,0.0,0.0,45.0,55.8,0.2,0.0,0.07,120.0,76.69,0.0,0.88,0.0,0.0,0.0,4.9,0.04,100.0,57.35,20.32,57.16
2018-01-17 01:21:00,2,1,55.01,85.0,55.0,29.98,107.99,55.01,0.0,0.0,0.0,45.0,55.74,0.2,0.0,0.07,120.0,96.2,0.0,0.88,0.0,0.0,0.0,4.84,0.01,100.0,57.45,14.55,57.82
2018-01-17 01:22:00,2,1,54.71,85.0,55.0,29.76,113.38,54.71,0.0,0.0,0.0,45.0,55.67,0.2,0.0,0.07,120.0,106.83,0.0,0.88,0.0,0.0,0.0,4.79,0.0,100.0,57.55,12.34,58.42
2018-01-17 01:23:00,2,1,55.49,85.0,55.0,51.41,77.26,55.49,0.0,0.0,0.0,45.0,55.52,0.2,0.0,0.07,120.0,81.21,399.82,0.88,0.0,0.0,9.75,4.73,2.2,65.43,57.66,42.4,56.82
2018-01-17 01:24:00,2,1,55.88,85.0,55.0,55.23,63.58,55.88,0.0,0.0,0.0,45.0,55.64,0.2,0.0,0.07,120.0,62.52,399.82,0.88,0.0,0.0,9.75,4.67,2.56,57.33,57.77,60.63,56.05
2018-01-17 01:25:00,2,1,55.95,85.0,55.0,55.76,61.27,55.95,0.0,0.0,0.0,45.0,55.77,0.2,0.0,0.07,120.0,59.05,399.82,0.88,0.0,0.0,9.75,4.62,2.61,56.19,57.88,64.19,55.89
2018-01-17 01:26:00,2,1,55.97,85.0,55.0,55.84,60.97,55.97,0.0,0.0,0.0,45.0,55.83,0.2,0.0,0.07,120.0,58.58,399.82,0.88,0.0,0.0,9.75,4.56,2.62,56.0,57.99,64.64,55.83
2018-01-17 01:27:00,2,1,55.98,85.0,55.0,55.87,60.96,55.98,0.0,0.0,0.0,45.0,55.87,0.2,0.0,0.07,120.0,58.54,399.82,0.88,0.0,0.0,9.75,4.5,2.62,55.93,58.1,64.64,55.79
2018-01-17 01:28:00,2,1,56.0,85.0,55.0,55.88,60.97,56.0,0.0,0.0,0.0,45.0,55.89,0.2,0.0,0.07,120.0,58.55,399.82,0.88,0.0,0.0,9.75,4.45,2.62,55.89,58.21,64.61,55.74
2018-01-17 01:29:00,2,1,55.89,85.0,55.0,38.14,69.24,55.89,0.0,0.0,0.0,45.0,55.89,0.2,0.0,0.07,120.0,36.39,0.0,0.88,0.0,0.0,0.0,4.39,0.82,92.88,58.33,49.98,55.93
2018-01-17 01:30:00,2,1,55.53,85.0,55.0,31.02,90.02,55.53,0.0,0.0,0.0,45.0,55.83,0.2,0.0,0.07,120.0,62.67,0.0,0.88,0.0,0.0,0.0,4.34,0.11,100.0,58.45,26.21,56.61
2018-01-17 01:31:00,2,1,55.17,85.0,55.0,29.88,103.68,55.17,0.0,0.0,0.0,45.0,55.77,0.2,0.0,0.07,120.0,87.82,0.0,0.88,0.0,0.0,0.0,4.28,0.01,100.0,58.56,16.73,57.31
2018-01-17 01:32:00,2,1,54.85,85.0,55.0,29.56,111.12,54.85,0.0,0.0,0.0,45.0,55.7,0.2,0.0,0.07,120.0,102.35,0.0,0.88,0.0,0.0,0.0,4.23,0.0,100.0,58.68,13.21,57.94
2018-01-17 01:33:00,2,1,55.01,85.0,55.0,43.98,95.46,55.01,0.0,0.0,0.0,45.0,55.58,0.2,0.0,0.07,120.0,101.47,399.82,0.88,0.0,0.0,9.75,4.18,1.48,81.77,58.8,23.95,57.61
2018-01-17 01:34:00,2,1,55.75,85.0,55.0,54.16,67.75,55.75,0.0,0.0,0.0,45.0,55.56,0.2,0.0,0.07,120.0,68.49,399.82,0.88,0.0,0.0,9.75,4.13,2.47,59.51,58.93,54.59,56.11
2018-01-17 01:35:00,2,1,55.92,85.0,55.0,55.6,61.9,55.92,0.0,0.0,0.0,45.0,55.71,0.2,0.0,0.07,120.0,60.01,399.82,0.88,0.0,0.0,9.75,4.07,2.6,56.35,59.05,63.22,55.76
2018-01-17 01:36:00,2,1,55.95,85.0,55.0,55.81,61.04,55.95,0.0,0.0,0.0,45.0,55.8,0.2,0.0,0.07,120.0,58.69,399.82,0.88,0.0,0.0,9.75,4.02,2.62,55.89,59.17,64.55,55.68
2018-01-17 01:37:00,2,1,55.96,85.0,55.0,55.85,60.95,55.96,0.0,0.0,0.0,45.0,55.84,0.2,0.0,0.07,120.0,58.53,399.82,0.88,0.0,0.0,9.75,3.97,2.62,55.79,59.29,64.68,55.64
2018-01-17 01:38:00,2,1,55.98,85.0,55.0,55.86,60.95,55.98,0.0,0.0,0.0,45.0,55.86,0.2,0.0,0.07,120.0,58.53,399.82,0.88,0.0,0.0,9.75,3.92,2.62,55.75,59.42,64.65,55.6
2018-01-17 01:39:00,2,1,55.99,85.0,55.0,55.88,60.96,55.99,0.0,0.0,0.0,45.0,55.88,0.2,0.0,0.07,120.0,58.54,399.82,0.88,0.0,0.0,9.75,3.87,2.62,55.7,59.54,64.62,55.55
2018-01-17 01:40:00,2,1,55.99,85.0,55.0,48.51,62.17,55.99,0.0,0.0,0.0,45.0,55.89,0.2,0.0,0.07,120.0,45.04,0.02,0.88,0.0,0.0,0.0,3.83,1.88,71.47,59.66,62.06,55.54
2018-01-17 01:41:00,2,1,55.68,85.0,55.0,32.25,81.95,55.68,0.0,0.0,0.0,45.0,55.86,0.2,0.0,0.07,120.0,49.67,0.0,0.88,0.0,0.0,0.0,3.78,0.25,100.0,59.78,33.87,56.11
2018-01-17 01:42:00,2,1,55.31,85.0,55.0,29.86,98.92,55.31,0.0,0.0,0.0,45.0,55.79,0.2,0.0,0.07,120.0,78.76,0.0,0.88,0.0,0.0,0.0,3.73,0.03,100.0,59.91,19.6,56.82
2018-01-17 01:43:00,2,1,54.98,85.0,55.0,29.38,108.58,54.98,0.0,0.0,0.0,45.0,55.73,0.2,0.0,0.07,120.0,97.36,0.0,0.88,0.0,0.0,0.0,3.69,0.0,100.0,60.03,14.28,57.48
2018-01-17 01:44:00,2,1,54.72,85.0,55.0,33.1,109.97,54.72,0.0,0.0,0.0,45.0,55.66,0.2,0.0,0.07,120.0,108.07,397.13,0.88,0.0,0.0,9.75,3.64,0.4,100.0,60.15,14.07,57.99
2018-01-17 01:45:00,2,1,55.61,85.0,55.0,52.58,73.2,55.61,0.0,0.0,0.0,45.0,55.52,0.2,0.0,0.07,120.0,75.89,399.82,0.88,0.0,0.0,9.75,3.6,2.32,62.96,60.28,47.33,56.2
2018-01-17 01:46:00,2,1,55.9,85.0,55.0,55.39,62.83,55.9,0.0,0.0,0.0,45.0,55.67,0.2,0.0,0.07,120.0,61.4,399.82,0.88,0.0,0.0,9.75,3.55,2.58,56.66,60.4,61.77,55.61
2018-01-17 01:47:00,2,1,55.95,85.0,55.0,55.78,61.16,55.95,0.0,0.0,0.0,45.0,55.78,0.2,0.0,0.07,120.0,58.88,399.82,0.88,0.0,0.0,9.75,3.51,2.61,55.77,60.52,64.36,55.5
2018-01-17 01:48:00,2,1,55.96,85.0,55.0,55.84,60.96,55.96,0.0,0.0,0.0,45.0,55.83,0.2,0.0,0.07,120.0,58.55,399.82,0.88,0.0,0.0,9.75,3.47,2.62,55.62,60.64,64.67,55.45
2018-01-17 01:49:00,2,1,55.97,85.0,55.0,55.86,60.95,55.97,0.0,0.0,0.0,45.0,55.86,0.2,0.0,0.07,120.0,58.53,399.82,0.88,0.0,0.0,9.75,3.43,2.62,55.57,60.75,64.66,55.41
2018-01-17 01:50:00,2,1,55.98,85.0,55.0,55.87,60.96,55.98,0.0,0.0,0.0,45.0,55.87,0.2,0.0,0.07,120.0,58.54,399.82,0.88,0.0,0.0,9.75,3.39,2.62,55.53,60.87,64.63,55.38
2018-01-17 01:51:00,2,1,55.99,85.0,55.0,55.88,60.97,55.99,0.0,0.0,0.0,45.0,55.89,0.2,0.0,0.07,120.0,58.55,399.82,0.88,0.0,0.0,9.75,3.35,2.62,55.49,60.99,64.6,55.34
2018-01-17 01:52:00,2,1,55.91,85.0,55.0,39.25,67.52,55.91,0.0,0.0,0.0,45.0,55.89,0.2,0.0,0.07,120.0,36.13,0.0,0.88,0.0,0.0,0.0,3.31,0.96,92.29,61.1,52.64,55.48
2018-01-17 01:53:00,2,1,55.56,85.0,55.0,30.72,88.52,55.56,0.0,0.0,0.0,45.0,55.84,0.2,0.0,0.07,120.0,60.11,0.0,0.88,0.0,0.0,0.0,3.27,0.13,100.0,61.22,27.52,56.15
2018-01-17 01:54:00,2,1,55.19,85.0,55.0,29.39,102.82,55.19,0.0,0.0,0.0,45.0,55.77,0.2,0.0,0.07,120.0,86.17,0.0,0.88,0.0,0.0,0.0,3.23,0.02,100.0,61.33,17.22,56.85
2018-01-17 01:55:00,2,1,54.87,85.0,55.0,29.06,110.66,54.87,0.0,0.0,0.0,45.0,55.7,0.2,0.0,0.07,120.0,101.46,0.0,0.88,0.0,0.0,0.0,3.2,0.0,100.0,61.44,13.39,57.49
2018-01-17 01:56:00,2,1,55.02,85.0,55.0,43.76,95.28,55.02,0.0,0.0,0.0,45.0,55.58,0.2,0.0,0.07,120.0,101.12,399.82,0.88,0.0,0.0,9.75,3.16,1.48,83.36,61.55,24.04,57.18
2018-01-17 01:57:00,2,1,55.75,85.0,55.0,54.13,67.72,55.75,0.0,0.0,0.0,45.0,55.56,0.2,0.0,0.07,120.0,68.42,399.82,0.88,0.0,0.0,9.75,3.13,2.47,59.38,61.65,54.62,55.71
2018-01-17 01:58:00,2,1,55.92,85.0,55.0,55.6,61.9,55.92,0.0,0.0,0.0,45.0,55.71,0.2,0.0,0.07,120.0,60.0,399.82,0.88,0.0,0.0,9.75,3.1,2.6,56.0,61.76,63.22,55.37
2018-01-17 01:59:00,2,1,55.95,85.0,55.0,55.8,61.04,55.95,0.0,0.0,0.0,45.0,55.79,0.2,0.0,0.07,120.0,58.68,399.82,0.88,0.0,0.0,9.75,3.06,2.62,55.52,61.86,64.56,55.3
2018-01-17 02:00:00,2,1,55.96,85.0,55.0,55.84,60.94,55.96,0.0,0.0,0.0,45.0,55.84,0.2,0.0,0.07,120.0,58.53,399.82,0.88,0.0,0.0,9.75,3.03,2.62,55.42,61.96,64.69,55.26
2018-01-17 02:01:00,2,1,55.97,85.0,55.0,55.85,60.94,55.97,0.0,0.0,0.0,45.0,55.86,0.2,0.0,0.07,120.0,58.52,399.82,0.88,0.0,0.0,9.75,3.02,2.62,55.38,61.99,64.67,55.22
2018-01-17 02:02:00,2,1,55.98,85.0,55.0,55.86,60.95,55.98,0.0,0.0,0.0,45.0,55.87,0.2,0.0,0.07,120.0,58.53,399.82,0.88,0.0,0.0,9.75,3.01,2.62,55.34,61.99,64.64,55.19
2018-01-17 02:03:00,2,1,55.99,85.0,55.0,55.87,60.97,55.99,0.0,0.0,0.0,45.0,55.88,0.2,0.0,0.07,120.0,58.55,399.82,0.88,0.0,0.0,9.75,3.01,2.62,55.3,61.97,64.61,55.15
2018-01-17 02:04:00,2,1,56.0,85.0,55.0,51.83,61.51,56.0,0.0,0.0,0.0,45.0,55.89,0.2,0.0,0.07,120.0,51.0,2.7,0.88,0.0,0.0,0.0,3.01,2.22,64.35,61.96,63.43,55.12
2018-01-17 02:05:00,2,1,55.71,85.0,55.0,32.38,80.18,55.71,0.0,0.0,0.0,45.0,55.86,0.2,0.0,0.07,120.0,47.14,0.0,0.88,0.0,0.0,0.0,3.01,0.3,100.0,61.94,35.79,55.65
2018-01-17 02:06:00,2,1,55.34,85.0,55.0,29.59,97.82,55.34,0.0,0.0,0.0,45.0,55.8,0.2,0.0,0.07,120.0,76.7,0.0,0.88,0.0,0.0,0.0,3.01,0.04,100.0,61.92,20.32,56.36
2018-01-17 02:07:00,2,1,55.0,85.0,55.0,29.06,107.99,55.0,0.0,0.0,0.0,45.0,55.73,0.2,0.0,0.07,120.0,96.2,0.0,0.88,0.0,0.0,0.0,3.01,0.01,100.0,61.9,14.55,57.03
2018-01-17 02:08:00,2,1,54.7,85.0,55.0,28.87,113.38,54.7,0.0,0.0,0.0,45.0,55.66,0.2,0.0,0.07,120.0,106.83,0.0,0.88,0.0,0.0,0.0,3.02,0.0,100.0,61.87,12.34,57.63
2018-01-17 02:09:00,2,1,55.55,85.0,55.0,51.95,75.07,55.55,0.0,0.0,0.0,45.0,55.52,0.2,0.0,0.07,120.0,78.34,399.82,0.88,0.0,0.0,9.75,3.02,2.27,64.26,61.84,45.0,55.91
2018-01-17 02:10:00,2,1,55.88,85.0,55.0,55.3,63.17,55.88,0.0,0.0,0.0,45.0,55.65,0.2,0.0,0.07,120.0,61.9,399.82,0.88,0.0,0.0,9.75,3.02,2.57,56.51,61.82,61.25,55.25
2018-01-17 02:11:00,2,1,55.94,85.0,55.0,55.76,61.21,55.94,0.0,0.0,0.0,45.0,55.77,0.2,0.0,0.07,120.0,58.95,399.82,0.88,0.0,0.0,9.75,3.03,2.61,55.42,61.79,64.3,55.12
2018-01-17 02:12:00,2,1,55.96,85.0,55.0,55.83,60.96,55.96,0.0,0.0,0.0,45.0,55.82,0.2,0.0,0.07,120.0,58.56,399.82,0.88,0.0,0.0,9.75,3.04,2.62,55.24,61.75,64.67,55.07
2018-01-17 02:13:00,2,1,55.97,85.0,55.0,55.85,60.94,55.97,0.0,0.0,0.0,45.0,55.85,0.2,0.0,0.07,120.0,58.52,399.82,0.88,0.0,0.0,9.75,3.04,2.62,55.19,61.72,64.67,55.03
2018-01-17 02:14:00,2,1,55.98,85.0,55.0,55.86,60.95,55.98,0.0,0.0,0.0,45.0,55.87,0.2,0.0,0.07,120.0,58.53,399.82,0.88,0.0,0.0,9.75,3.05,2.62,55.15,61.68,64.64,54.99
2018-01-17 02:15:00,2,1,55.99,85.0,55.0,55.88,60.97,55.99,0.0,0.0,0.0,45.0,55.88,0.2,0.0,0.07,120.0,58.55,399.82,0.88,0.0,0.0,9.75,3.06,2.62,55.11,61.64,64.61,54.96
2018-01-17 02:16:00,2,1,55.97,85.0,55.0,45.5,63.18,55.97,0.0,0.0,0.0,45.0,55.89,0.2,0.0,0.07,120.0,40.87,0.0,0.88,0.0,0.0,0.0,3.07,1.59,78.22,61.6,60.14,54.98
2018-01-17 02:17:00,2,1,55.65,85.0,55.0,31.53,83.67,55.65,0.0,0.0,0.0,45.0,55.85,0.2,0.0,0.07,120.0,52.26,0.0,0.88,0.0,0.0,0.0,3.08,0.22,100.0,61.56,32.09,55.57
2018-01-17 02:18:00,2,1,55.28,85.0,55.0,29.48,99.97,55.28,0.0,0.0,0.0,45.0,55.79,0.2,0.0,0.07,120.0,80.74,0.0,0.88,0.0,0.0,0.0,3.09,0.03,100.0,61.52,18.93,56.28
2018-01-17 02:19:00,2,1,54.95,85.0,55.0,29.07,109.15,54.95,0.0,0.0,0.0,45.0,55.72,0.2,0.0,0.07,120.0,98.47,0.0,0.88,0.0,0.0,0.0,3.1,0.0,100.0,61.47,14.03,56.93
2018-01-17 02:20:00,2,1,54.78,85.0,55.0,36.27,106.6,54.78,0.0,0.0,0.0,45.0,55.64,0.2,0.0,0.07,120.0,108.21,399.8,0.88,0.0,0.0,9.75,3.11,0.74,100.0,61.43,15.93,57.27
2018-01-17 02:21:00,2,1,55.65,85.0,55.0,53.05,71.55,55.65,0.0,0.0,0.0,45.0,55.53,0.2,0.0,0.07,120.0,73.68,399.82,0.88,0.0,0.0,9.75,3.13,2.37,61.47,61.38,49.45,55.51
2018-01-17 02:22:00,2,1,55.91,85.0,55.0,55.45,62.54,55.91,0.0,0.0,0.0,45.0,55.68,0.2,0.0,0.07,120.0,60.97,399.82,0.88,0.0,0.0,9.75,3.14,2.59,55.95,61.33,62.21,55.01
2018-01-17 02:23:00,2,1,55.95,85.0,55.0,55.79,61.13,55.95,0.0,0.0,0.0,45.0,55.79,0.2,0.0,0.07,120.0,58.82,399.82,0.88,0.0,0.0,9.75,3.16,2.61,55.16,61.28,64.42,54.9
2018-01-17 02:24:00,2,1,55.97,85.0,55.0,55.84,60.96,55.97,0.0,0.0,0.0,45.0,55.84,0.2,0.0,0.07,120.0,58.55,399.82,0.88,0.0,0.0,9.75,3.17,2.62,55.03,61.23,64.66,54.86
2018-01-17 02:25:00,2,1,55.98,85.0,55.0,55.86,60.95,55.98,0.0,0.0,0.0,45.0,55.86,0.2,0.0,0.07,120.0,58.53,399.82,0.88,0.0,0.0,9.75,3.19,2.62,54.97,61.18,64.65,54.82
2018-01-17 02:26:00,2,1,55.99,85.0,55.0,55.87,60.96,55.99,0.0,0.0,0.0,45.0,55.88,0.2,0.0,0.07,120.0,58.54,399.82,0.88,0.0,0.0,9.75,3.2,2.62,54.93,61.12,64.62,54.78
2018-01-17 02:27:00,2,1,55.97,85.0,55.0,45.53,63.17,55.97,0.0,0.0,0.0,45.0,55.89,0.2,0.0,0.07,120.0,40.87,0.0,0.88,0.0,0.0,0.0,3.22,1.59,77.71,61.07,60.14,54.8
2018-01-17 02:28:00,2,1,55.65,85.0,55.0,31.6,83.67,55.65,0.0,0.0,0.0,45.0,55.85,0.2,0.0,0.07,120.0,52.26,0.0,0.88,0.0,0.0,0.0,3.23,0.22,100.0,61.01,32.09,55.39
2018-01-17 02:29:00,2,1,55.29,85.0,55.0,29.56,99.97,55.29,0.0,0.0,0.0,45.0,55.79,0.2,0.0,0.07,120.0,80.73,0.0,0.88,0.0,0.0,0.0,3.25,0.03,100.0,60.96,18.93,56.09
2018-01-17 02:30:00,2,1,54.95,85.0,55.0,29.15,109.15,54.95,0.0,0.0,0.0,45.0,55.72,0.2,0.0,0.07,120.0,98.47,0.0,0.88,0.0,0.0,0.0,3.27,0.0,100.0,60.9,14.03,56.74
2018-01-17 02:31:00,2,1,54.78,85.0,55.0,36.33,106.6,54.78,0.0,0.0,0.0,45.0,55.64,0.2,0.0,0.07,120.0,108.21,399.8,0.88,0.0,0.0,9.75,3.29,0.74,99.42,60.84,15.93,57.07
2018-01-17 02:32:00,2,1,55.66,85.0,55.0,53.06,71.55,55.66,0.0,0.0,0.0,45.0,55.53,0.2,0.0,0.07,120.0,73.69,399.82,0.88,0.0,0.0,9.75,3.31,2.37,61.19,60.78,49.45,55.33
2018-01-17 02:33:00,2,1,55.91,85.0,55.0,55.46,62.55,55.91,0.0,0.0,0.0,45.0,55.68,0.2,0.0,0.07,120.0,60.97,399.82,0.88,0.0,0.0,9.75,3.33,2.59,55.74,60.72,62.2,54.82
2018-01-17 02:34:00,2,1,55.96,85.0,55.0,55.8,61.13,55.96,0.0,0.0,0.0,45.0,55.79,0.2,0.0,0.07,120.0,58.83,399.82,0.88,0.0,0.0,9.75,3.35,2.61,54.97,60.66,64.4,54.72
2018-01-17 02:35:00,2,1,55.97,85.0,55.0,55.85,60.96,55.97,0.0,0.0,0.0,45.0,55.84,0.2,0.0,0.07,120.0,58.55,399.82,0.88,0.0,0.0,9.75,3.37,2.62,54.83,60.6,64.65,54.67
2018-01-17 02:36:00,2,1,55.99,85.0,55.0,55.87,60.96,55.99,0.0,0.0,0.0,45.0,55.87,0.2,0.0,0.07,120.0,58.54,399.82,0.88,0.0,0.0,9.75,3.39,2.62,54.78,60.53,64.63,54.63
2018-01-17 02:37:00,2,1,56.0,85.0,55.0,55.88,60.97,56.0,0.0,0.0,0.0,45.0,55.89,0.2,0.0,0.07,120.0,58.55,399.82,0.88,0.0,0.0,9.75,3.41,2.62,54.74,60.47,64.6,54.59
2018-01-17 02:38:00,2,1,55.75,85.0,55.0,33.13,78.38,55.75,0.0,0.0,0.0,45.0,55.86,0.2,0.0,0.07,120.0,44.71,0.0,0.88,0.0,0.0,0.0,3.43,0.35,100.0,60.41,37.86,55.05
2018-01-17 02:39:00,2,1,55.38,85.0,55.0,29.89,96.66,55.38,0.0,0.0,0.0,45.0,55.8,0.2,0.0,0.07,120.0,74.55,0.0,0.88,0.0,0.0,0.0,3.45,0.05,100.0,60.35,21.1,55.75
2018-01-17 02:40:00,2,1,55.04,85.0,55.0,29.32,107.36,55.04,0.0,0.0,0.0,45.0,55.73,0.2,0.0,0.07,120.0,94.97,0.0,0.88,0.0,0.0,0.0,3.47,0.01,100.0,60.28,14.84,56.41
2018-01-17 02:41:00,2,1,54.74,85.0,55.0,29.12,113.05,54.74,0.0,0.0,0.0,45.0,55.67,0.2,0.0,0.07,120.0,106.18,0.0,0.88,0.0,0.0,0.0,3.49,0.0,100.0,60.22,12.46,57.0
2018-01-17 02:42:00,2,1,55.43,85.0,55.0,50.5,79.63,55.43,0.0,0.0,0.0,45.0,55.51,0.2,0.0,0.07,120.0,84.19,399.82,0.88,0.0,0.0,9.75,3.51,2.12,66.69,60.15,39.65,55.62
2018-01-17 02:43:00,2,1,55.86,85.0,55.0,55.1,64.05,55.86,0.0,0.0,0.0,45.0,55.62,0.2,0.0,0.07,120.0,63.19,399.82,0.88,0.0,0.0,9.75,3.54,2.55,56.38,60.09,59.94,54.76
2018-01-17 02:44:00,2,1,55.95,85.0,55.0,55.74,61.34,55.95,0.0,0.0,0.0,45.0,55.76,0.2,0.0,0.07,120.0,59.15,399.82,0.88,0.0,0.0,9.75,3.56,2.61,54.93,60.02,64.09,54.58
2018-01-17 02:45:00,2,1,55.97,85.0,55.0,55.84,60.98,55.97,0.0,0.0,0.0,45.0,55.83,0.2,0.0,0.07,120.0,58.59,399.82,0.88,0.0,0.0,9.75,3.58,2.62,54.7,59.96,64.63,54.52
2018-01-17 02:46:00,2,1,55.98,85.0,55.0,55.87,60.95,55.98,0.0,0.0,0.0,45.0,55.86,0.2,0.0,0.07,120.0,58.53,399.82,0.88,0.0,0.0,9.75,3.6,2.62,54.63,59.89,64.65,54.48
2018-01-17 02:47:00,2,1,56.0,85.0,55.0,55.88,60.97,56.0,0.0,0.0,0.0,45.0,55.88,0.2,0.0,0.07,120.0,58.55,399.82,0.88,0.0,0.0,9.75,3.62,2.62,54.58,59.83,64.61,54.43
2018-01-17 02:48:00,2,1,55.83,85.0,55.0,35.56,72.85,55.83,0.0,0.0,0.0,45.0,55.88,0.2,0.0,0.07,120.0,38.64,0.0,0.88,0.0,0.0,0.0,3.65,0.58,98.25,59.76,44.79,54.72
2018-01-17 02:49:00,2,1,55.47,85.0,55.0,30.36,92.85,55.47,0.0,0.0,0.0,45.0,55.82,0.2,0.0,0.07,120.0,67.63,0.0,0.88,0.0,0.0,0.0,3.67,0.08,100.0,59.7,23.89,55.4
2018-01-17 02:50:00,2,1,55.12,85.0,55.0,29.51,105.27,55.12,0.0,0.0,0.0,45.0,55.75,0.2,0.0,0.07,120.0,90.9,0.0,0.88,0.0,0.0,0.0,3.69,0.01,100.0,59.64,15.88,56.07
2018-01-17 02:51:00,2,1,54.81,85.0,55.0,29.28,111.95,54.81,0.0,0.0,0.0,45.0,55.68,0.2,0.0,0.07,120.0,104.01,0.0,0.88,0.0,0.0,0.0,3.71,0.0,100.0,59.57,12.88,56.67
2018-01-17 02:52:00,2,1,55.2,85.0,55.0,47.19,88.37,55.2,0.0,0.0,0.0,45.0,55.54,0.2,0.0,0.07,120.0,94.38,399.82,0.88,0.0,0.0,9.75,3.74,1.8,73.68,59.51,30.35,55.89
2018-01-17 02:53:00,2,1,55.82,85.0,55.0,54.63,65.95,55.82,0.0,0.0,0.0,45.0,55.59,0.2,0.0,0.07,120.0,65.93,399.82,0.88,0.0,0.0,9.75,3.76,2.51,57.22,59.44,57.15,54.68
2018-01-17 02:54:00,2,1,55.94,85.0,55.0,55.68,61.63,55.94,0.0,0.0,0.0,45.0,55.74,0.2,0.0,0.07,120.0,59.59,399.82,0.88,0.0,0.0,9.75,3.78,2.6,54.89,59.38,63.63,54.42
2018-01-17 02:55:00,2,1,55.97,85.0,55.0,55.84,61.02,55.97,0.0,0.0,0.0,45.0,55.82,0.2,0.0,0.07,120.0,58.65,399.82,0.88,0.0,0.0,9.75,3.8,2.62,54.54,59.32,64.57,54.35
2018-01-17 02:56:00,2,1,55.99,85.0,55.0,55.87,60.96,55.99,0.0,0.0,0.0,45.0,55.86,0.2,0.0,0.07,120.0,58.55,399.82,0.88,0.0,0.0,9.75,3.82,2.62,54.46,59.26,64.63,54.31
2018-01-17 02:57:00,2,1,55.97,85.0,55.0,45.66,63.17,55.97,0.0,0.0,0.0,45.0,55.89,0.2,0.0,0.07,120.0,40.86,0.0,0.88,0.0,0.0,0.0,3.85,1.59,76.0,59.19,60.15,54.32
2018-01-17 02:58:00,2,1,55.66,85.0,55.0,31.89,83.67,55.66,0.0,0.0,0.0,45.0,55.85,0.2,0.0,0.07,120.0,52.25,0.0,0.88,0.0,0.0,0.0,3.87,0.22,100.0,59.13,32.1,54.9
2018-01-17 02:59:00,2,1,55.29,85.0,55.0,29.88,99.97,55.29,0.0,0.0,0.0,45.0,55.78,0.2,0.0,0.07,120.0,80.73,0.0,0.88,0.0,0.0,0.0,3.89,0.03,100.0,59.07,18.93,55.58
2018-01-17 03:00:00,2,1,54.97,85.0,55.0,29.48,109.14,54.97,0.0,0.0,0.0,45.0,55.72,0.2,0.0,0.07,120.0,98.47,0.0,0.88,0.0,0.0,0.0,3.91,0.0,100.0,59.01,14.03,56.22
2018-01-17 03:01:00,2,1,54.72,85.0,55.0,33.22,110.25,54.72,0.0,0.0,0.0,45.0,55.65,0.2,0.0,0.07,120.0,108.62,397.13,0.88,0.0,0.0,9.75,3.93,0.4,100.0,58.98,13.97,56.69
2018-01-17 03:02:00,2,1,55.61,85.0,55.0,52.61,73.26,55.61,0.0,0.0,0.0,45.0,55.52,0.2,0.0,0.07,120.0,76.01,399.82,0.88,0.0,0.0,9.75,3.94,2.32,61.45,58.95,47.28,54.93
2018-01-17 03:03:00,2,1,55.91,85.0,55.0,55.4,62.85,55.91,0.0,0.0,0.0,45.0,55.67,0.2,0.0,0.07,120.0,61.43,399.82,0.88,0.0,0.0,9.75,3.95,2.58,55.35,58.93,61.74,54.34
2018-01-17 03:04:00,2,1,55.97,85.0,55.0,55.8,61.18,55.97,0.0,0.0,0.0,45.0,55.79,0.2,0.0,0.07,120.0,58.9,399.82,0.88,0.0,0.0,9.75,3.96,2.61,54.48,58.9,64.33,54.22
2018-01-17 03:05:00,2,1,55.99,85.0,55.0,55.87,60.98,55.99,0.0,0.0,0.0,45.0,55.85,0.2,0.0,0.07,120.0,58.57,399.82,0.88,0.0,0.0,9.75,3.97,2.62,54.32,58.88,64.62,54.16
2018-01-17 03:06:00,2,1,55.99,85.0,55.0,48.54,62.17,55.99,0.0,0.0,0.0,45.0,55.88,0.2,0.0,0.07,120.0,45.03,0.02,0.88,0.0,0.0,0.0,3.97,1.88,69.63,58.86,62.07,54.15
2018-01-17 03:07:00,2,1,55.69,85.0,55.0,32.35,81.94,55.69,0.0,0.0,0.0,45.0,55.85,0.2,0.0,0.07,120.0,49.66,0.0,0.88,0.0,0.0,0.0,3.98,0.25,100.0,58.84,33.88,54.69
2018-01-17 03:08:00,2,1,55.32,85.0,55.0,30.0,98.92,55.32,0.0,0.0,0.0,45.0,55.79,0.2,0.0,0.07,120.0,78.75,0.0,0.88,0.0,0.0,0.0,3.99,0.03,100.0,58.82,19.6,55.38
2018-01-17 03:09:00,2,1,54.99,85.0,55.0,29.54,108.58,54.99,0.0,0.0,0.0,45.0,55.72,0.2,0.0,0.07,120.0,97.36,0.0,0.88,0.0,0.0,0.0,4.0,0.0,100.0,58.8,14.28,56.01
2018-01-17 03:10:00,2,1,54.7,85.0,55.0,29.36,113.69,54.7,0.0,0.0,0.0,45.0,55.65,0.2,0.0,0.07,120.0,107.44,0.0,0.88,0.0,0.0,0.0,4.01,0.0,100.0,58.79,12.23,56.58
2018-01-17 03:11:00,2,1,55.56,85.0,55.0,52.04,75.14,55.56,0.0,0.0,0.0,45.0,55.52,0.2,0.0,0.07,120.0,78.48,399.82,0.88,0.0,0.0,9.75,4.02,2.27,62.49,58.77,44.94,54.88
2018-01-17 03:12:00,2,1,55.9,85.0,55.0,55.33,63.19,55.9,0.0,0.0,0.0,45.0,55.66,0.2,0.0,0.07,120.0,61.93,399.82,0.88,0.0,0.0,9.75,4.02,2.57,55.37,58.75,61.22,54.21
2018-01-17 03:13:00,2,1,55.97,85.0,55.0,55.79,61.23,55.97,0.0,0.0,0.0,45.0,55.79,0.2,0.0,0.07,120.0,58.97,399.82,0.88,0.0,0.0,9.75,4.03,2.61,54.35,58.74,64.25,54.07
2018-01-17 03:14:00,2,1,55.99,85.0,55.0,55.87,60.98,55.99,0.0,0.0,0.0,45.0,55.85,0.2,0.0,0.07,120.0,58.58,399.82,0.88,0.0,0.0,9.75,4.04,2.62,54.18,58.72,64.61,54.02
2018-01-17 03:15:00,2,1,55.97,85.0,55.0,45.7,63.17,55.97,0.0,0.0,0.0,45.0,55.88,0.2,0.0,0.07,120.0,40.86,0.0,0.88,0.0,0.0,0.0,4.04,1.59,75.34,58.71,60.15,54.03
2018-01-17 03:16:00,2,1,55.66,85.0,55.0,31.98,83.66,55.66,0.0,0.0,0.0,45.0,55.85,0.2,0.0,0.07,120.0,52.25,0.0,0.88,0.0,0.0,0.0,4.05,0.22,100.0,58.7,32.1,54.6
2018-01-17 03:17:00,2,1,55.3,85.0,55.0,29.96,99.97,55.3,0.0,0.0,0.0,45.0,55.78,0.2,0.0,0.07,120.0,80.73,0.0,0.88,0.0,0.0,0.0,4.06,0.03,100.0,58.69,18.93,55.28
2018-01-17 03:18:00,2,1,54.97,85.0,55.0,29.55,109.14,54.97,0.0,0.0,0.0,45.0,55.72,0.2,0.0,0.07,120.0,98.47,0.0,0.88,0.0,0.0,0.0,4.06,0.0,100.0,58.68,14.03,55.91
2018-01-17 03:19:00,2,1,54.73,85.0,55.0,33.28,110.25,54.73,0.0,0.0,0.0,45.0,55.65,0.2,0.0,0.07,120.0,108.62,397.13,0.88,0.0,0.0,9.75,4.07,0.4,100.0,58.67,13.97,56.38
2018-01-17 03:20:00,2,1,55.62,85.0,55.0,52.62,73.26,55.62,0.0,0.0,0.0,45.0,55.52,0.2,0.0,0.07,120.0,76.01,399.82,0.88,0.0,0.0,9.75,4.07,2.32,61.06,58.66,47.28,54.62
2018-01-17 03:21:00,2,1,55.92,85.0,55.0,55.41,62.85,55.92,0.0,0.0,0.0,45.0,55.68,0.2,0.0,0.07,120.0,61.43,399.82,0.88,0.0,0.0,9.75,4.08,2.58,55.04,58.65,61.73,54.04
2018-01-17 03:22:00,2,1,55.97,85.0,55.0,55.81,61.18,55.97,0.0,0.0,0.0,45.0,55.8,0.2,0.0,0.07,120.0,58.9,399.82,0.88,0.0,0.0,9.75,4.08,2.61,54.18,58.64,64.31,53.92
2018-01-17 03:23:00,2,1,55.99,85.0,55.0,55.87,60.98,55.99,0.0,0.0,0.0,45.0,55.86,0.2,0.0,0.07,120.0,58.58,399.82,0.88,0.0,0.0,9.75,4.08,2.62,54.02,58.63,64.6,53.86
2018-01-17 03:24:00,2,1,55.89,85.0,55.0,38.03,69.23,55.89,0.0,0.0,0.0,45.0,55.88,0.2,0.0,0.07,120.0,36.38,0.0,0.88,0.0,0.0,0.0,4.09,0.82,91.14,58.63,49.99,54.04
2018-01-17 03:25:00,2,1,55.54,85.0,55.0,30.9,90.02,55.54,0.0,0.0,0.0,45.0,55.82,0.2,0.0,0.07,120.0,62.66,0.0,0.88,0.0,0.0,0.0,4.09,0.11,100.0,58.62,26.21,54.69
2018-01-17 03:26:00,2,1,55.18,85.0,55.0,29.79,103.68,55.18,0.0,0.0,0.0,45.0,55.76,0.2,0.0,0.07,120.0,87.82,0.0,0.88,0.0,0.0,0.0,4.09,0.01,100.0,58.62,16.74,55.36
2018-01-17 03:27:00,2,1,54.87,85.0,55.0,29.5,111.12,54.87,0.0,0.0,0.0,45.0,55.69,0.2,0.0,0.07,120.0,102.35,0.0,0.88,0.0,0.0,0.0,4.09,0.0,100.0,58.62,13.21,55.96
2018-01-17 03:28:00,2,1,55.03,85.0,55.0,43.97,95.46,55.03,0.0,0.0,0.0,45.0,55.57,0.2,0.0,0.07,120.0,101.47,399.82,0.88,0.0,0.0,9.75,4.1,1.48,79.56,58.61,23.95,55.63
2018-01-17 03:29:00,2,1,55.77,85.0,55.0,54.18,67.76,55.77,0.0,0.0,0.0,45.0,55.56,0.2,0.0,0.07,120.0,68.49,399.82,0.88,0.0,0.0,9.75,4.1,2.47,57.54,58.61,54.57,54.18
2018-01-17 03:30:00,2,1,55.95,85.0,55.0,55.63,61.92,55.95,0.0,0.0,0.0,45.0,55.73,0.2,0.0,0.07,120.0,60.03,399.82,0.88,0.0,0.0,9.75,4.1,2.6,54.42,58.61,63.17,53.84
2018-01-17 03:31:00,2,1,55.98,85.0,55.0,55.84,61.06,55.98,0.0,0.0,0.0,45.0,55.82,0.2,0.0,0.07,120.0,58.71,399.82,0.88,0.0,0.0,9.75,4.1,2.62,53.96,58.61,64.49,53.76
2018-01-17 03:32:00,2,1,56.0,85.0,55.0,55.88,60.98,56.0,0.0,0.0,0.0,45.0,55.87,0.2,0.0,0.07,120.0,58.56,399.82,0.88,0.0,0.0,9.75,4.1,2.62,53.86,58.61,64.6,53.71
2018-01-17 03:33:00,2,1,55.75,85.0,55.0,33.42,78.37,55.75,0.0,0.0,0.0,45.0,55.86,0.2,0.0,0.07,120.0,44.7,0.0,0.88,0.0,0.0,0.0,4.1,0.35,100.0,58.61,37.86,54.16
2018-01-17 03:34:00,2,1,55.39,85.0,55.0,30.22,96.66,55.39,0.0,0.0,0.0,45.0,55.8,0.2,0.0,0.07,120.0,74.54,0.0,0.88,0.0,0.0,0.0,4.1,0.05,100.0,58.62,21.1,54.83
2018-01-17 03:35:00,2,1,55.05,85.0,55.0,29.64,107.36,55.05,0.0,0.0,0.0,45.0,55.73,0.2,0.0,0.07,120.0,94.97,0.0,0.88,0.0,0.0,0.0,4.1,0.01,100.0,58.62,14.84,55.47
2018-01-17 03:36:00,2,1,54.75,85.0,55.0,29.43,113.05,54.75,0.0,0.0,0.0,45.0,55.66,0.2,0.0,0.07,120.0,106.18,0.0,0.88,0.0,0.0,0.0,4.1,0.0,100.0,58.62,12.46,56.05
2018-01-17 03:37:00,2,1,55.36,85.0,55.0,49.63,82.37,55.36,0.0,0.0,0.0,45.0,55.51,0.2,0.0,0.07,120.0,87.6,399.82,0.88,0.0,0.0,9.75,4.1,2.04,67.2,58.63,36.65,54.85
2018-01-17 03:38:00,2,1,55.85,85.0,55.0,54.98,64.61,55.85,0.0,0.0,0.0,45.0,55.61,0.2,0.0,0.07,120.0,64.01,399.82,0.88,0.0,0.0,9.75,4.09,2.54,55.68,58.63,59.11,53.89
2018-01-17 03:39:00,2,1,55.95,85.0,55.0,55.74,61.42,55.95,0.0,0.0,0.0,45.0,55.76,0.2,0.0,0.07,120.0,59.28,399.82,0.88,0.0,0.0,9.75,4.09,2.61,54.05,58.64,63.95,53.68
2018-01-17 03:40:00,2,1,55.98,85.0,55.0,55.85,61.0,55.98,0.0,0.0,0.0,45.0,55.83,0.2,0.0,0.07,120.0,58.61,399.82,0.88,0.0,0.0,9.75,4.09,2.62,53.79,58.65,64.6,53.62
2018-01-17 03:41:00,2,1,56.0,85.0,55.0,55.88,60.97,56.0,0.0,0.0,0.0,45.0,55.87,0.2,0.0,0.07,120.0,58.55,399.82,0.88,0.0,0.0,9.75,4.08,2.62,53.72,58.66,64.62,53.57
2018-01-17 03:42:00,2,1,55.81,85.0,55.0,34.83,74.7,55.81,0.0,0.0,0.0,45.0,55.87,0.2,0.0,0.07,120.0,40.39,0.0,0.88,0.0,0.0,0.0,4.08,0.49,97.58,58.67,42.36,53.9
2018-01-17 03:43:00,2,1,55.45,85.0,55.0,30.42,94.18,55.45,0.0,0.0,0.0,45.0,55.81,0.2,0.0,0.07,120.0,70.01,0.0,0.88,0.0,0.0,0.0,4.08,0.07,100.0,58.68,22.88,54.57
2018-01-17 03:44:00,2,1,55.1,85.0,55.0,29.68,106.0,55.1,0.0,0.0,0.0,45.0,55.74,0.2,0.0,0.07,120.0,92.32,0.0,0.88,0.0,0.0,0.0,4.07,0.01,100.0,58.69,15.51,55.22
2018-01-17 03:45:00,2,1,54.8,85.0,55.0,29.45,112.34,54.8,0.0,0.0,0.0,45.0,55.68,0.2,0.0,0.07,120.0,104.77,0.0,0.88,0.0,0.0,0.0,4.07,0.0,100.0,58.7,12.73,55.8
2018-01-17 03:46:00,2,1,55.2,85.0,55.0,47.24,88.5,55.2,0.0,0.0,0.0,45.0,55.53,0.2,0.0,0.07,120.0,94.64,399.82,0.88,0.0,0.0,9.75,4.06,1.8,72.22,58.71,30.27,55.02
2018-01-17 03:47:00,2,1,55.82,85.0,55.0,54.64,65.97,55.82,0.0,0.0,0.0,45.0,55.58,0.2,0.0,0.07,120.0,65.97,399.82,0.88,0.0,0.0,9.75,4.05,2.51,56.27,58.72,57.13,53.81
2018-01-17 03:48:00,2,1,55.95,85.0,55.0,55.69,61.63,55.95,0.0,0.0,0.0,45.0,55.74,0.2,0.0,0.07,120.0,59.6,399.82,0.88,0.0,0.0,9.75,4.05,2.6,54.01,58.74,63.63,53.55
2018-01-17 03:49:00,2,1,55.98,85.0,55.0,55.85,61.02,55.98,0.0,0.0,0.0,45.0,55.83,0.2,0.0,0.07,120.0,58.65,399.82,0.88,0.0,0.0,9.75,4.04,2.62,53.66,58.75,64.56,53.48
2018-01-17 03:50:00,2,1,56.0,85.0,55.0,55.88,60.97,56.0,0.0,0.0,0.0,45.0,55.87,0.2,0.0,0.07,120.0,58.55,399.82,0.88,0.0,0.0,9.75,4.03,2.62,53.58,58.77,64.62,53.43
2018-01-17 03:51:00,2,1,55.81,85.0,55.0,34.8,74.7,55.81,0.0,0.0,0.0,45.0,55.87,0.2,0.0,0.07,120.0,40.39,0.0,0.88,0.0,0.0,0.0,4.02,0.49,97.58,58.79,42.37,53.76
2018-01-17 03:52:00,2,1,55.45,85.0,55.0,30.39,94.18,55.45,0.0,0.0,0.0,45.0,55.81,0.2,0.0,0.07,120.0,70.01,0.0,0.88,0.0,0.0,0.0,4.02,0.07,100.0,58.8,22.88,54.43
2018-01-17 03:53:00,2,1,55.1,85.0,55.0,29.64,106.0,55.1,0.0,0.0,0.0,45.0,55.74,0.2,0.0,0.07,120.0,92.32,0.0,0.88,0.0,0.0,0.0,4.01,0.01,100.0,58.82,15.51,55.07
2018-01-17 03:54:00,2,1,54.8,85.0,55.0,29.41,112.34,54.8,0.0,0.0,0.0,45.0,55.68,0.2,0.0,0.07,120.0,104.77,0.0,0.88,0.0,0.0,0.0,4.0,0.0,100.0,58.84,12.73,55.65
2018-01-17 03:55:00,2,1,55.19,85.0,55.0,47.23,88.5,55.19,0.0,0.0,0.0,45.0,55.53,0.2,0.0,0.07,120.0,94.64,399.82,0.88,0.0,0.0,9.75,3.99,1.8,72.15,58.86,30.27,54.87
2018-01-17 03:56:00,2,1,55.82,85.0,55.0,54.64,65.97,55.82,0.0,0.0,0.0,45.0,55.58,0.2,0.0,0.07,120.0,65.97,399.82,0.88,0.0,0.0,9.75,3.97,2.51,56.14,58.88,57.13,53.67
2018-01-17 03:57:00,2,1,55.95,85.0,55.0,55.69,61.63,55.95,0.0,0.0,0.0,45.0,55.74,0.2,0.0,0.07,120.0,59.6,399.82,0.88,0.0,0.0,9.75,3.96,2.6,53.87,58.91,63.63,53.41
2018-01-17 03:58:00,2,1,55.98,85.0,55.0,55.84,61.02,55.98,0.0,0.0,0.0,45.0,55.83,0.2,0.0,0.07,120.0,58.65,399.82,0.88,0.0,0.0,9.75,3.95,2.62,53.52,58.93,64.56,53.34
2018-01-17 03:59:00,2,1,56.0,85.0,55.0,55.88,60.97,56.0,0.0,0.0,0.0,45.0,55.87,0.2,0.0,0.07,120.0,58.55,399.82,0.88,0.0,0.0,9.75,3.94,2.62,53.44,58.95,64.62,53.29
2018-01-17 04:00:00,2,1,55.84,85.0,55.0,35.66,72.85,55.84,0.0,0.0,0.0,45.0,55.87,0.2,0.0,0.07,120.0,38.63,0.0,0.88,0.0,0.0,0.0,3.93,0.58,95.78,58.98,44.79,53.57
2018-01-17 04:01:00,2,1,55.48,85.0,55.0,30.47,92.85,55.48,0.0,0.0,0.0,45.0,55.81,0.2,0.0,0.07,120.0,67.63,0.0,0.88,0.0,0.0,0.0,3.9,0.08,100.0,59.01,23.9,54.23
2018-01-17 04:02:00,2,1,55.13,85.0,55.0,29.61,105.27,55.13,0.0,0.0,0.0,45.0,55.75,0.2,0.0,0.07,120.0,90.89,0.0,0.88,0.0,0.0,0.0,3.88,0.01,100.0,59.05,15.88,54.87
2018-01-17 04:03:00,2,1,54.82,85.0,55.0,29.35,111.95,54.82,0.0,0.0,0.0,45.0,55.68,0.2,0.0,0.07,120.0,104.01,0.0,0.88,0.0,0.0,0.0,3.85,0.0,100.0,59.1,12.88,55.46
2018-01-17 04:04:00,2,1,55.1,85.0,55.0,45.68,91.95,55.1,0.0,0.0,0.0,45.0,55.55,0.2,0.0,0.07,120.0,98.27,399.82,0.88,0.0,0.0,9.75,3.82,1.66,75.5,59.14,27.02,54.9
2018-01-17 04:05:00,2,1,55.79,85.0,55.0,54.41,66.81,55.79,0.0,0.0,0.0,45.0,55.57,0.2,0.0,0.07,120.0,67.17,399.82,0.88,0.0,0.0,9.75,3.79,2.49,56.5,59.19,55.93,53.58
2018-01-17 04:06:00,2,1,55.94,85.0,55.0,55.65,61.76,55.94,0.0,0.0,0.0,45.0,55.73,0.2,0.0,0.07,120.0,59.79,399.82,0.88,0.0,0.0,9.75,3.76,2.6,53.8,59.23,63.43,53.28
2018-01-17 04:07:00,2,1,55.97,85.0,55.0,55.83,61.03,55.97,0.0,0.0,0.0,45.0,55.82,0.2,0.0,0.07,120.0,58.67,399.82,0.88,0.0,0.0,9.75,3.73,2.62,53.4,59.28,64.55,53.21
2018-01-17 04:08:00,2,1,55.99,85.0,55.0,55.87,60.96,55.99,0.0,0.0,0.0,45.0,55.86,0.2,0.0,0.07,120.0,58.55,399.82,0.88,0.0,0.0,9.75,3.7,2.62,53.31,59.33,64.63,53.16
2018-01-17 04:09:00,2,1,55.93,85.0,55.0,41.12,65.9,55.93,0.0,0.0,0.0,45.0,55.88,0.2,0.0,0.07,120.0,36.65,0.0,0.88,0.0,0.0,0.0,3.67,1.14,84.48,59.37,55.26,53.24
2018-01-17 04:10:00,2,1,55.6,85.0,55.0,31.15,86.95,55.6,0.0,0.0,0.0,45.0,55.84,0.2,0.0,0.07,120.0,57.5,0.0,0.88,0.0,0.0,0.0,3.64,0.15,100.0,59.42,28.94,53.86
2018-01-17 04:11:00,2,1,55.24,85.0,55.0,29.63,101.92,55.24,0.0,0.0,0.0,45.0,55.77,0.2,0.0,0.07,120.0,84.44,0.0,0.88,0.0,0.0,0.0,3.6,0.02,100.0,59.47,17.74,54.52
2018-01-17 04:12:00,2,1,54.92,85.0,55.0,29.27,110.18,54.92,0.0,0.0,0.0,45.0,55.7,0.2,0.0,0.07,120.0,100.51,0.0,0.88,0.0,0.0,0.0,3.57,0.0,100.0,59.52,13.59,55.13
2018-01-17 04:13:00,2,1,54.85,85.0,55.0,39.3,103.11,54.85,0.0,0.0,0.0,45.0,55.62,0.2,0.0,0.07,120.0,107.19,399.82,0.88,0.0,0.0,9.75,3.54,1.03,89.76,59.57,18.17,55.25
2018-01-17 04:14:00,2,1,55.7,85.0,55.0,53.5,70.15,55.7,0.0,0.0,0.0,45.0,55.54,0.2,0.0,0.07,120.0,71.8,399.82,0.88,0.0,0.0,9.75,3.5,2.4,58.4,59.62,51.32,53.61
2018-01-17 04:15:00,2,1,55.93,85.0,55.0,55.53,62.31,55.93,0.0,0.0,0.0,45.0,55.7,0.2,0.0,0.07,120.0,60.62,399.82,0.88,0.0,0.0,9.75,3.47,2.59,53.95,59.67,62.57,53.17
2018-01-17 04:16:00,2,1,55.97,85.0,55.0,55.82,61.11,55.97,0.0,0.0,0.0,45.0,55.8,0.2,0.0,0.07,120.0,58.78,399.82,0.88,0.0,0.0,9.75,3.44,2.62,53.31,59.72,64.44,53.07
2018-01-17 04:17:00,2,1,55.99,85.0,55.0,55.87,60.97,55.99,0.0,0.0,0.0,45.0,55.86,0.2,0.0,0.07,120.0,58.56,399.82,0.88,0.0,0.0,9.75,3.4,2.62,53.18,59.77,64.63,53.03
2018-01-17 04:18:00,2,1,56.0,85.0,55.0,51.86,61.5,56.0,0.0,0.0,0.0,45.0,55.88,0.2,0.0,0.07,120.0,51.0,2.7,0.88,0.0,0.0,0.0,3.37,2.22,61.73,59.83,63.45,52.99
2018-01-17 04:19:00,2,1,55.72,85.0,55.0,32.53,80.18,55.72,0.0,0.0,0.0,45.0,55.86,0.2,0.0,0.07,120.0,47.13,0.0,0.88,0.0,0.0,0.0,3.33,0.3,100.0,59.88,35.8,53.49
2018-01-17 04:20:00,2,1,55.35,85.0,55.0,29.73,97.81,55.35,0.0,0.0,0.0,45.0,55.79,0.2,0.0,0.07,120.0,76.69,0.0,0.88,0.0,0.0,0.0,3.3,0.04,100.0,59.93,20.32,54.17
2018-01-17 04:21:00,2,1,55.01,85.0,55.0,29.19,107.99,55.01,0.0,0.0,0.0,45.0,55.73,0.2,0.0,0.07,120.0,96.2,0.0,0.88,0.0,0.0,0.0,3.27,0.01,100.0,59.98,14.55,54.8
2018-01-17 04:22:00,2,1,54.72,85.0,55.0,28.98,113.38,54.72,0.0,0.0,0.0,45.0,55.66,0.2,0.0,0.07,120.0,106.83,0.0,0.88,0.0,0.0,0.0,3.23,0.0,100.0,60.04,12.34,55.37
2018-01-17 04:23:00,2,1,55.5,85.0,55.0,51.29,77.26,55.5,0.0,0.0,0.0,45.0,55.51,0.2,0.0,0.07,120.0,81.2,399.82,0.88,0.0,0.0,9.75,3.2,2.2,63.26,60.09,42.4,53.85
2018-01-17 04:24:00,2,1,55.88,85.0,55.0,55.21,63.58,55.88,0.0,0.0,0.0,45.0,55.64,0.2,0.0,0.07,120.0,62.51,399.82,0.88,0.0,0.0,9.75,3.16,2.56,54.52,60.14,60.63,53.12
2018-01-17 04:25:00,2,1,55.95,85.0,55.0,55.76,61.27,55.95,0.0,0.0,0.0,45.0,55.77,0.2,0.0,0.07,120.0,59.05,399.82,0.88,0.0,0.0,9.75,3.12,2.61,53.29,60.2,64.19,52.97
2018-01-17 04:26:00,2,1,55.97,85.0,55.0,55.85,60.98,55.97,0.0,0.0,0.0,45.0,55.83,0.2,0.0,0.07,120.0,58.58,399.82,0.88,0.0,0.0,9.75,3.09,2.62,53.09,60.25,64.63,52.92
2018-01-17 04:27:00,2,1,55.99,85.0,55.0,55.87,60.96,55.99,0.0,0.0,0.0,45.0,55.87,0.2,0.0,0.07,120.0,58.54,399.82,0.88,0.0,0.0,9.75,3.05,2.62,53.03,60.31,64.63,52.87
2018-01-17 04:28:00,2,1,56.0,85.0,55.0,51.83,61.5,56.0,0.0,0.0,0.0,45.0,55.89,0.2,0.0,0.07,120.0,51.0,2.7,0.88,0.0,0.0,0.0,3.02,2.22,61.78,60.36,63.44,52.84
2018-01-17 04:29:00,2,1,55.72,85.0,55.0,32.37,80.18,55.72,0.0,0.0,0.0,45.0,55.86,0.2,0.0,0.07,120.0,47.13,0.0,0.88,0.0,0.0,0.0,2.98,0.3,100.0,60.42,35.79,53.34
2018-01-17 04:30:00,2,1,55.35,85.0,55.0,29.56,97.82,55.35,0.0,0.0,0.0,45.0,55.79,0.2,0.0,0.07,120.0,76.69,0.0,0.88,0.0,0.0,0.0,2.95,0.04,100.0,60.47,20.32,54.02
2018-01-17 04:31:00,2,1,55.01,85.0,55.0,29.02,107.99,55.01,0.0,0.0,0.0,45.0,55.73,0.2,0.0,0.07,120.0,96.2,0.0,0.88,0.0,0.0,0.0,2.91,0.01,100.0,60.52,14.55,54.65
2018-01-17 04:32:00,2,1,54.71,85.0,55.0,28.8,113.38,54.71,0.0,0.0,0.0,45.0,55.66,0.2,0.0,0.07,120.0,106.83,0.0,0.88,0.0,0.0,0.0,2.87,0.0,100.0,60.58,12.34,55.22
2018-01-17 04:33:00,2,1,55.49,85.0,55.0,51.25,77.25,55.49,0.0,0.0,0.0,45.0,55.51,0.2,0.0,0.07,120.0,81.2,399.82,0.88,0.0,0.0,9.75,2.84,2.2,63.34,60.63,42.4,53.71
2018-01-17 04:34:00,2,1,55.87,85.0,55.0,55.2,63.58,55.87,0.0,0.0,0.0,45.0,55.63,0.2,0.0,0.07,120.0,62.51,399.82,0.88,0.0,0.0,9.75,2.8,2.56,54.41,60.69,60.64,52.98
2018-01-17 04:35:00,2,1,55.94,85.0,55.0,55.75,61.27,55.94,0.0,0.0,0.0,45.0,55.76,0.2,0.0,0.07,120.0,59.04,399.82,0.88,0.0,0.0,9.75,2.77,2.61,53.15,60.74,64.2,52.83
2018-01-17 04:36:00,2,1,55.96,85.0,55.0,55.84,60.97,55.96,0.0,0.0,0.0,45.0,55.83,0.2,0.0,0.07,120.0,58.57,399.82,0.88,0.0,0.0,9.75,2.73,2.62,52.95,60.8,64.65,52.78
2018-01-17 04:37:00,2,1,55.98,85.0,55.0,55.86,60.95,55.98,0.0,0.0,0.0,45.0,55.86,0.2,0.0,0.07,120.0,58.53,399.82,0.88,0.0,0.0,9.75,2.7,2.62,52.89,60.85,64.65,52.74
2018-01-17 04:38:00,2,1,55.99,85.0,55.0,55.87,60.96,55.99,0.0,0.0,0.0,45.0,55.88,0.2,0.0,0.07,120.0,58.54,399.82,0.88,0.0,0.0,9.75,2.66,2.62,52.85,60.9,64.62,52.7
2018-01-17 04:39:00,2,1,55.95,85.0,55.0,42.93,64.44,55.95,0.0,0.0,0.0,45.0,55.89,0.2,0.0,0.07,120.0,38.16,0.0,0.88,0.0,0.0,0.0,2.63,1.34,81.49,60.96,57.8,52.75
2018-01-17 04:40:00,2,1,55.62,85.0,55.0,30.95,85.34,55.62,0.0,0.0,0.0,45.0,55.84,0.2,0.0,0.07,120.0,54.88,0.0,0.88,0.0,0.0,0.0,2.59,0.18,100.0,61.01,30.46,53.35
2018-01-17 04:41:00,2,1,55.26,85.0,55.0,29.16,100.97,55.26,0.0,0.0,0.0,45.0,55.78,0.2,0.0,0.07,120.0,82.63,0.0,0.88,0.0,0.0,0.0,2.56,0.02,100.0,61.06,18.31,54.02
2018-01-17 04:42:00,2,1,54.93,85.0,55.0,28.76,109.68,54.93,0.0,0.0,0.0,45.0,55.71,0.2,0.0,0.07,120.0,99.52,0.0,0.88,0.0,0.0,0.0,2.52,0.0,100.0,61.12,13.8,54.64
2018-01-17 04:43:00,2,1,54.85,85.0,55.0,38.98,102.89,54.85,0.0,0.0,0.0,45.0,55.62,0.2,0.0,0.07,120.0,106.75,399.82,0.88,0.0,0.0,9.75,2.49,1.03,91.74,61.17,18.27,54.77
2018-01-17 04:44:00,2,1,55.7,85.0,55.0,53.45,70.1,55.7,0.0,0.0,0.0,45.0,55.54,0.2,0.0,0.07,120.0,71.72,399.82,0.88,0.0,0.0,9.75,2.45,2.4,58.29,61.22,51.36,53.16
2018-01-17 04:45:00,2,1,55.92,85.0,55.0,55.51,62.3,55.92,0.0,0.0,0.0,45.0,55.69,0.2,0.0,0.07,120.0,60.6,399.82,0.88,0.0,0.0,9.75,2.42,2.59,53.56,61.27,62.59,52.73
2018-01-17 04:46:00,2,1,55.96,85.0,55.0,55.8,61.1,55.96,0.0,0.0,0.0,45.0,55.79,0.2,0.0,0.07,120.0,58.77,399.82,0.88,0.0,0.0,9.75,2.39,2.62,52.89,61.32,64.46,52.64
2018-01-17 04:47:00,2,1,55.97,85.0,55.0,55.85,60.96,55.97,0.0,0.0,0.0,45.0,55.84,0.2,0.0,0.07,120.0,58.55,399.82,0.88,0.0,0.0,9.75,2.35,2.62,52.77,61.38,64.66,52.6
2018-01-17 04:48:00,2,1,55.98,85.0,55.0,55.87,60.96,55.98,0.0,0.0,0.0,45.0,55.87,0.2,0.0,0.07,120.0,58.54,399.82,0.88,0.0,0.0,9.75,2.32,2.62,52.72,61.43,64.64,52.57
2018-01-17 04:49:00,2,1,56.0,85.0,55.0,55.88,60.97,56.0,0.0,0.0,0.0,45.0,55.88,0.2,0.0,0.07,120.0,58.55,399.82,0.88,0.0,0.0,9.75,2.29,2.62,52.68,61.48,64.6,52.53
2018-01-17 04:50:00,2,1,55.89,85.0,55.0,37.4,69.24,55.89,0.0,0.0,0.0,45.0,55.88,0.2,0.0,0.07,120.0,36.39,0.0,0.88,0.0,0.0,0.0,2.25,0.82,94.33,61.52,49.98,52.71
2018-01-17 04:51:00,2,1,55.53,85.0,55.0,30.0,90.02,55.53,0.0,0.0,0.0,45.0,55.83,0.2,0.0,0.07,120.0,62.67,0.0,0.88,0.0,0.0,0.0,2.22,0.11,100.0,61.57,26.21,53.36
2018-01-17 04:52:00,2,1,55.17,85.0,55.0,28.83,103.68,55.17,0.0,0.0,0.0,45.0,55.76,0.2,0.0,0.07,120.0,87.82,0.0,0.88,0.0,0.0,0.0,2.19,0.01,100.0,61.62,16.73,54.02
2018-01-17 04:53:00,2,1,54.85,85.0,55.0,28.52,111.12,54.85,0.0,0.0,0.0,45.0,55.69,0.2,0.0,0.07,120.0,102.35,0.0,0.88,0.0,0.0,0.0,2.16,0.0,100.0,61.67,13.21,54.62
2018-01-17 04:54:00,2,1,55.12,85.0,55.0,45.38,91.65,55.12,0.0,0.0,0.0,45.0,55.55,0.2,0.0,0.07,120.0,97.67,399.82,0.88,0.0,0.0,9.75,2.13,1.66,77.11,61.72,27.19,54.1
2018-01-17 04:55:00,2,1,55.79,85.0,55.0,54.37,66.76,55.79,0.0,0.0,0.0,45.0,55.57,0.2,0.0,0.07,120.0,67.07,399.82,0.88,0.0,0.0,9.75,2.1,2.49,56.07,61.76,55.97,52.83
2018-01-17 04:56:00,2,1,55.93,85.0,55.0,55.63,61.75,55.93,0.0,0.0,0.0,45.0,55.72,0.2,0.0,0.07,120.0,59.77,399.82,0.88,0.0,0.0,9.75,2.07,2.6,53.12,61.81,63.45,52.55
2018-01-17 04:57:00,2,1,55.96,85.0,55.0,55.81,61.02,55.96,0.0,0.0,0.0,45.0,55.8,0.2,0.0,0.07,120.0,58.66,399.82,0.88,0.0,0.0,9.75,2.04,2.62,52.69,61.85,64.58,52.49
2018-01-17 04:58:00,2,1,55.97,85.0,55.0,55.85,60.95,55.97,0.0,0.0,0.0,45.0,55.84,0.2,0.0,0.07,120.0,58.53,399.82,0.88,0.0,0.0,9.75,2.01,2.62,52.61,61.9,64.67,52.45
2018-01-17 04:59:00,2,1,55.98,85.0,55.0,55.86,60.95,55.98,0.0,0.0,0.0,45.0,55.86,0.2,0.0,0.07,120.0,58.53,399.82,0.88,0.0,0.0,9.75,1.98,2.62,52.57,61.94,64.64,52.41
2018-01-17 05:00:00,2,1,55.99,85.0,55.0,55.87,60.97,55.99,0.0,0.0,0.0,45.0,55.88,0.2,0.0,0.07,120.0,58.54,399.82,0.88,0.0,0.0,9.75,1.95,2.62,52.53,61.98,64.61,52.38
2018-01-17 05:01:00,2,1,55.97,85.0,55.0,45.28,63.18,55.97,0.0,0.0,0.0,45.0,55.89,0.2,0.0,0.07,120.0,40.87,0.0,0.88,0.0,0.0,0.0,1.94,1.59,76.65,62.0,60.14,52.4
2018-01-17 05:02:00,2,1,55.65,85.0,55.0,31.0,83.67,55.65,0.0,0.0,0.0,45.0,55.85,0.2,0.0,0.07,120.0,52.26,0.0,0.88,0.0,0.0,0.0,1.94,0.22,100.0,62.0,32.09,52.97
2018-01-17 05:03:00,2,1,55.28,85.0,55.0,28.91,99.97,55.28,0.0,0.0,0.0,45.0,55.78,0.2,0.0,0.07,120.0,80.73,0.0,0.88,0.0,0.0,0.0,1.93,0.03,100.0,61.99,18.93,53.64
2018-01-17 05:04:00,2,1,54.95,85.0,55.0,28.48,109.15,54.95,0.0,0.0,0.0,45.0,55.71,0.2,0.0,0.07,120.0,98.47,0.0,0.88,0.0,0.0,0.0,1.93,0.0,100.0,61.99,14.03,54.26
2018-01-17 05:05:00,2,1,54.78,85.0,55.0,35.84,106.6,54.78,0.0,0.0,0.0,45.0,55.64,0.2,0.0,0.07,120.0,108.21,399.8,0.88,0.0,0.0,9.75,1.93,0.74,99.82,61.98,15.93,54.58
2018-01-17 05:06:00,2,1,55.66,85.0,55.0,52.99,71.55,55.66,0.0,0.0,0.0,45.0,55.52,0.2,0.0,0.07,120.0,73.68,399.82,0.88,0.0,0.0,9.75,1.93,2.37,59.17,61.98,49.45,52.91
2018-01-17 05:07:00,2,1,55.91,85.0,55.0,55.45,62.54,55.91,0.0,0.0,0.0,45.0,55.68,0.2,0.0,0.07,120.0,60.97,399.82,0.88,0.0,0.0,9.75,1.93,2.59,53.4,61.97,62.21,52.42
2018-01-17 05:08:00,2,1,55.95,85.0,55.0,55.79,61.13,55.95,0.0,0.0,0.0,45.0,55.79,0.2,0.0,0.07,120.0,58.82,399.82,0.88,0.0,0.0,9.75,1.93,2.61,52.59,61.96,64.42,52.33
2018-01-17 05:09:00,2,1,55.97,85.0,55.0,55.84,60.96,55.97,0.0,0.0,0.0,45.0,55.84,0.2,0.0,0.07,120.0,58.55,399.82,0.88,0.0,0.0,9.75,1.93,2.62,52.45,61.95,64.66,52.28
2018-01-17 05:10:00,2,1,55.98,85.0,55.0,55.86,60.95,55.98,0.0,0.0,0.0,45.0,55.86,0.2,0.0,0.07,120.0,58.53,399.82,0.88,0.0,0.0,9.75,1.93,2.62,52.4,61.95,64.65,52.24
2018-01-17 05:11:00,2,1,55.99,85.0,55.0,55.88,60.97,55.99,0.0,0.0,0.0,45.0,55.88,0.2,0.0,0.07,120.0,58.54,399.82,0.88,0.0,0.0,9.75,1.93,2.62,52.36,61.94,64.61,52.21
2018-01-17 05:12:00,2,1,55.89,85.0,55.0,37.29,69.24,55.89,0.0,0.0,0.0,45.0,55.88,0.2,0.0,0.07,120.0,36.38,0.0,0.88,0.0,0.0,0.0,1.94,0.82,94.72,61.93,49.98,52.38
2018-01-17 05:13:00,2,1,55.53,85.0,55.0,29.87,90.02,55.53,0.0,0.0,0.0,45.0,55.82,0.2,0.0,0.07,120.0,62.67,0.0,0.88,0.0,0.0,0.0,1.94,0.11,100.0,61.92,26.21,53.02
2018-01-17 05:14:00,2,1,55.18,85.0,55.0,28.71,103.68,55.18,0.0,0.0,0.0,45.0,55.76,0.2,0.0,0.07,120.0,87.82,0.0,0.88,0.0,0.0,0.0,1.94,0.01,100.0,61.91,16.74,53.67
2018-01-17 05:15:00,2,1,54.86,85.0,55.0,28.42,111.12,54.86,0.0,0.0,0.0,45.0,55.69,0.2,0.0,0.07,120.0,102.35,0.0,0.88,0.0,0.0,0.0,1.94,0.0,100.0,61.9,13.21,54.26
2018-01-17 05:16:00,2,1,55.02,85.0,55.0,43.49,95.46,55.02,0.0,0.0,0.0,45.0,55.57,0.2,0.0,0.07,120.0,101.47,399.82,0.88,0.0,0.0,9.75,1.95,1.48,81.38,61.89,23.95,53.94
2018-01-17 05:17:00,2,1,55.76,85.0,55.0,54.1,67.75,55.76,0.0,0.0,0.0,45.0,55.55,0.2,0.0,0.07,120.0,68.48,399.82,0.88,0.0,0.0,9.75,1.95,2.47,56.39,61.88,54.59,52.54
2018-01-17 05:18:00,2,1,55.93,85.0,55.0,55.6,61.9,55.93,0.0,0.0,0.0,45.0,55.71,0.2,0.0,0.07,120.0,60.01,399.82,0.88,0.0,0.0,9.75,1.95,2.6,52.87,61.87,63.21,52.22
2018-01-17 05:19:00,2,1,55.96,85.0,55.0,55.81,61.04,55.96,0.0,0.0,0.0,45.0,55.8,0.2,0.0,0.07,120.0,58.69,399.82,0.88,0.0,0.0,9.75,1.95,2.62,52.36,61.86,64.54,52.14
2018-01-17 05:20:00,2,1,55.97,85.0,55.0,55.85,60.95,55.97,0.0,0.0,0.0,45.0,55.85,0.2,0.0,0.07,120.0,58.54,399.82,0.88,0.0,0.0,9.75,1.96,2.62,52.26,61.85,64.66,52.1
2018-01-17 05:21:00,2,1,55.99,85.0,55.0,55.87,60.96,55.99,0.0,0.0,0.0,45.0,55.87,0.2,0.0,0.07,120.0,58.54,399.82,0.88,0.0,0.0,9.75,1.96,2.62,52.21,61.84,64.63,52.05
2018-01-17 05:22:00,2,1,55.97,85.0,55.0,45.28,63.17,55.97,0.0,0.0,0.0,45.0,55.89,0.2,0.0,0.07,120.0,40.86,0.0,0.88,0.0,0.0,0.0,1.97,1.59,76.18,61.83,60.15,52.07
2018-01-17 05:23:00,2,1,55.66,85.0,55.0,31.02,83.67,55.66,0.0,0.0,0.0,45.0,55.84,0.2,0.0,0.07,120.0,52.25,0.0,0.88,0.0,0.0,0.0,1.97,0.22,100.0,61.82,32.1,52.62
2018-01-17 05:24:00,2,1,55.3,85.0,55.0,28.93,99.97,55.3,0.0,0.0,0.0,45.0,55.78,0.2,0.0,0.07,120.0,80.73,0.0,0.88,0.0,0.0,0.0,1.97,0.03,100.0,61.81,18.93,53.27
2018-01-17 05:25:00,2,1,54.97,85.0,55.0,28.51,109.14,54.97,0.0,0.0,0.0,45.0,55.71,0.2,0.0,0.07,120.0,98.47,0.0,0.88,0.0,0.0,0.0,1.98,0.0,100.0,61.8,14.03,53.87
2018-01-17 05:26:00,2,1,54.68,85.0,55.0,28.34,113.98,54.68,0.0,0.0,0.0,45.0,55.64,0.2,0.0,0.07,120.0,108.02,0.0,0.88,0.0,0.0,0.0,1.98,0.0,100.0,61.79,12.12,54.42
2018-01-17 05:27:00,2,1,55.55,85.0,55.0,51.88,75.2,55.55,0.0,0.0,0.0,45.0,55.5,0.2,0.0,0.07,120.0,78.6,399.82,0.88,0.0,0.0,9.75,1.98,2.27,61.38,61.78,44.91,52.76
2018-01-17 05:28:00,2,1,55.89,85.0,55.0,55.29,63.19,55.89,0.0,0.0,0.0,45.0,55.64,0.2,0.0,0.07,120.0,61.94,399.82,0.88,0.0,0.0,9.75,1.99,2.57,53.42,61.77,61.24,52.12
2018-01-17 05:29:00,2,1,55.95,85.0,55.0,55.77,61.21,55.95,0.0,0.0,0.0,45.0,55.77,0.2,0.0,0.07,120.0,58.96,399.82,0.88,0.0,0.0,9.75,1.99,2.61,52.29,61.76,64.28,51.99
2018-01-17 05:30:00,2,1,55.97,85.0,55.0,55.85,60.97,55.97,0.0,0.0,0.0,45.0,55.83,0.2,0.0,0.07,120.0,58.56,399.82,0.88,0.0,0.0,9.75,1.99,2.62,52.11,61.76,64.65,51.93
2018-01-17 05:31:00,2,1,55.99,85.0,55.0,55.87,60.96,55.99,0.0,0.0,0.0,45.0,55.87,0.2,0.0,0.07,120.0,58.54,399.82,0.88,0.0,0.0,9.75,2.0,2.62,52.04,61.75,64.64,51.89
2018-01-17 05:32:00,2,1,55.96,85.0,55.0,42.78,64.44,55.96,0.0,0.0,0.0,45.0,55.88,0.2,0.0,0.07,120.0,38.16,0.0,0.88,0.0,0.0,0.0,2.0,1.34,81.61,61.74,57.81,51.93
2018-01-17 05:33:00,2,1,55.63,85.0,55.0,30.69,85.34,55.63,0.0,0.0,0.0,45.0,55.84,0.2,0.0,0.07,120.0,54.87,0.0,0.88,0.0,0.0,0.0,2.0,0.18,100.0,61.74,30.46,52.5
2018-01-17 05:34:00,2,1,55.28,85.0,55.0,28.89,100.97,55.28,0.0,0.0,0.0,45.0,55.77,0.2,0.0,0.07,120.0,82.63,0.0,0.88,0.0,0.0,0.0,2.01,0.02,100.0,61.73,18.31,53.14
2018-01-17 05:35:00,2,1,54.96,85.0,55.0,28.52,109.68,54.96,0.0,0.0,0.0,45.0,55.7,0.2,0.0,0.07,120.0,99.52,0.0,0.88,0.0,0.0,0.0,2.01,0.0,100.0,61.73,13.8,53.73
2018-01-17 05:36:00,2,1,54.72,85.0,55.0,32.41,110.52,54.72,0.0,0.0,0.0,45.0,55.63,0.2,0.0,0.07,120.0,109.14,397.13,0.88,0.0,0.0,9.75,2.01,0.4,100.0,61.73,13.86,54.17
2018-01-17 05:37:00,2,1,55.61,85.0,55.0,52.49,73.32,55.61,0.0,0.0,0.0,45.0,55.51,0.2,0.0,0.07,120.0,76.11,399.82,0.88,0.0,0.0,9.75,2.01,2.32,59.76,61.72,47.24,52.47
2018-01-17 05:38:00,2,1,55.91,85.0,55.0,55.39,62.86,55.91,0.0,0.0,0.0,45.0,55.67,0.2,0.0,0.07,120.0,61.44,399.82,0.88,0.0,0.0,9.75,2.02,2.58,53.03,61.72,61.74,51.91
2018-01-17 05:39:00,2,1,55.97,85.0,55.0,55.8,61.18,55.97,0.0,0.0,0.0,45.0,55.79,0.2,0.0,0.07,120.0,58.9,399.82,0.88,0.0,0.0,9.75,2.02,2.61,52.07,61.72,64.33,51.79
2018-01-17 05:40:00,2,1,55.99,85.0,55.0,55.86,60.98,55.99,0.0,0.0,0.0,45.0,55.85,0.2,0.0,0.07,120.0,58.57,399.82,0.88,0.0,0.0,9.75,2.02,2.62,51.91,61.72,64.62,51.74
2018-01-17 05:41:00,2,1,55.96,85.0,55.0,42.78,64.43,55.96,0.0,0.0,0.0,45.0,55.88,0.2,0.0,0.07,120.0,38.15,0.0,0.88,0.0,0.0,0.0,2.02,1.34,81.39,61.72,57.81,51.78
2018-01-17 05:42:00,2,1,55.64,85.0,55.0,30.7,85.33,55.64,0.0,0.0,0.0,45.0,55.83,0.2,0.0,0.07,120.0,54.87,0.0,0.88,0.0,0.0,0.0,2.02,0.18,100.0,61.72,30.46,52.34
2018-01-17 05:43:00,2,1,55.28,85.0,55.0,28.9,100.96,55.28,0.0,0.0,0.0,45.0,55.77,0.2,0.0,0.07,120.0,82.62,0.0,0.88,0.0,0.0,0.0,2.02,0.02,100.0,61.73,18.32,52.98
2018-01-17 05:44:00,2,1,54.96,85.0,55.0,28.53,109.68,54.96,0.0,0.0,0.0,45.0,55.7,0.2,0.0,0.07,120.0,99.52,0.0,0.88,0.0,0.0,0.0,2.02,0.0,100.0,61.73,13.8,53.56
2018-01-17 05:45:00,2,1,54.68,85.0,55.0,28.36,114.26,54.68,0.0,0.0,0.0,45.0,55.63,0.2,0.0,0.07,120.0,108.57,0.0,0.88,0.0,0.0,0.0,2.02,0.0,100.0,61.74,12.02,54.09
2018-01-17 05:46:00,2,1,55.56,85.0,55.0,51.89,75.26,55.56,0.0,0.0,0.0,45.0,55.5,0.2,0.0,0.07,120.0,78.72,399.82,0.88,0.0,0.0,9.75,2.02,2.27,61.0,61.74,44.86,52.43
2018-01-17 05:47:00,2,1,55.9,85.0,55.0,55.3,63.2,55.9,0.0,0.0,0.0,45.0,55.65,0.2,0.0,0.07,120.0,61.96,399.82,0.88,0.0,0.0,9.75,2.02,2.57,53.08,61.75,61.22,51.79
2018-01-17 05:48:00,2,1,55.97,85.0,55.0,55.78,61.22,55.97,0.0,0.0,0.0,45.0,55.78,0.2,0.0,0.07,120.0,58.97,399.82,0.88,0.0,0.0,9.75,2.02,2.61,51.96,61.76,64.26,51.65
2018-01-17 05:49:00,2,1,55.99,85.0,55.0,55.86,60.98,55.99,0.0,0.0,0.0,45.0,55.84,0.2,0.0,0.07,120.0,58.57,399.82,0.88,0.0,0.0,9.75,2.01,2.62,51.76,61.77,64.62,51.59
2018-01-17 05:50:00,2,1,55.96,85.0,55.0,42.78,64.43,55.96,0.0,0.0,0.0,45.0,55.88,0.2,0.0,0.07,120.0,38.15,0.0,0.88,0.0,0.0,0.0,2.01,1.34,81.25,61.78,57.82,51.63
2018-01-17 05:51:00,2,1,55.64,85.0,55.0,30.69,85.33,55.64,0.0,0.0,0.0,45.0,55.83,0.2,0.0,0.07,120.0,54.87,0.0,0.88,0.0,0.0,0.0,2.01,0.18,100.0,61.8,30.46,52.19
2018-01-17 05:52:00,2,1,55.29,85.0,55.0,28.9,100.96,55.29,0.0,0.0,0.0,45.0,55.77,0.2,0.0,0.07,120.0,82.62,0.0,0.88,0.0,0.0,0.0,2.0,0.02,100.0,61.81,18.32,52.82
2018-01-17 05:53:00,2,1,54.97,85.0,55.0,28.52,109.68,54.97,0.0,0.0,0.0,45.0,55.7,0.2,0.0,0.07,120.0,99.51,0.0,0.88,0.0,0.0,0.0,2.0,0.0,100.0,61.83,13.8,53.4
2018-01-17 05:54:00,2,1,54.69,85.0,55.0,28.35,114.26,54.69,0.0,0.0,0.0,45.0,55.63,0.2,0.0,0.07,120.0,108.57,0.0,0.88,0.0,0.0,0.0,1.99,0.0,100.0,61.84,12.02,53.92
2018-01-17 05:55:00,2,1,55.57,85.0,55.0,51.9,75.26,55.57,0.0,0.0,0.0,45.0,55.5,0.2,0.0,0.07,120.0,78.72,399.82,0.88,0.0,0.0,9.75,1.99,2.27,60.85,61.86,44.85,52.27
2018-01-17 05:56:00,2,1,55.91,85.0,55.0,55.31,63.21,55.91,0.0,0.0,0.0,45.0,55.65,0.2,0.0,0.07,120.0,61.97,399.82,0.88,0.0,0.0,9.75,1.98,2.57,52.92,61.89,61.2,51.63
2018-01-17 05:57:00,2,1,55.98,85.0,55.0,55.79,61.23,55.98,0.0,0.0,0.0,45.0,55.79,0.2,0.0,0.07,120.0,58.98,399.82,0.88,0.0,0.0,9.75,1.97,2.61,51.8,61.91,64.24,51.49
2018-01-17 05:58:00,2,1,56.0,85.0,55.0,55.87,60.99,56.0,0.0,0.0,0.0,45.0,55.86,0.2,0.0,0.07,120.0,58.58,399.82,0.88,0.0,0.0,9.75,1.96,2.62,51.61,61.93,64.59,51.43
2018-01-17 05:59:00,2,1,55.76,85.0,55.0,32.5,78.37,55.76,0.0,0.0,0.0,45.0,55.84,0.2,0.0,0.07,120.0,44.69,0.0,0.88,0.0,0.0,0.0,1.95,0.35,100.0,61.96,37.87,51.85
2018-01-17 06:00:00,2,1,55.4,85.0,55.0,29.17,96.65,55.4,0.0,0.0,0.0,45.0,55.78,0.2,0.0,0.07,120.0,74.54,0.0,0.88,0.0,0.0,0.0,1.94,0.05,100.0,61.99,21.11,52.48
2018-01-17 06:01:00,1,1,55.99,72.0,68.0,49.7,71.2,55.99,0.0,0.0,0.0,45.0,55.48,0.2,0.15,0.07,120.0,71.16,397.93,41.96,0.3,0.3,9.75,1.92,2.28,63.69,62.06,48.62,51.35
2018-01-17 06:02:00,1,1,56.1,72.0,68.0,50.32,60.51,56.1,0.0,0.0,0.0,45.0,53.03,0.2,0.17,0.07,120.0,59.04,397.93,41.96,0.3,0.3,9.75,1.88,2.58,59.92,62.16,67.15,50.63
2018-01-17 06:03:00,1,1,55.86,72.0,68.0,50.18,57.36,55.86,0.0,0.0,0.0,45.0,51.39,0.2,0.2,0.07,120.0,55.12,397.93,41.96,0.3,0.3,9.75,1.84,2.62,59.38,62.26,73.8,50.41
2018-01-17 06:04:00,1,1,55.55,72.0,68.0,49.9,56.24,55.55,0.0,0.0,0.0,45.0,50.55,0.2,0.23,0.07,120.0,53.76,397.93,41.96,0.3,0.3,9.75,1.8,2.63,59.28,62.36,76.44,50.33
2018-01-17 06:05:00,1,1,55.24,72.0,68.0,49.62,55.71,55.24,0.0,0.0,0.0,45.0,50.05,0.2,0.26,0.07,120.0,53.14,397.93,41.96,0.3,0.3,9.75,1.76,2.63,59.13,62.46,77.83,50.25
2018-01-17 06:06:00,1,1,54.97,72.0,68.0,49.37,55.36,54.97,0.0,0.0,0.0,45.0,49.71,0.2,0.29,0.07,120.0,52.75,397.93,41.96,0.3,0.3,9.75,1.72,2.63,58.95,62.57,78.77,50.13
2018-01-17 06:07:00,1,1,54.72,72.0,68.0,49.15,55.1,54.72,0.0,0.0,0.0,45.0,49.43,0.2,0.32,0.07,120.0,52.46,397.93,41.96,0.3,0.3,9.75,1.68,2.63,58.72,62.68,79.5,49.97
2018-01-17 06:08:00,1,1,54.5,72.0,68.0,48.95,54.88,54.5,0.0,0.0,0.0,45.0,49.19,0.2,0.35,0.07,120.0,52.22,397.93,41.96,0.3,0.3,9.75,1.64,2.63,58.46,62.79,80.13,49.77
2018-01-17 06:09:00,1,1,54.31,72.0,68.0,48.77,54.69,54.31,0.0,0.0,0.0,45.0,48.99,0.2,0.38,0.07,120.0,52.02,397.93,41.96,0.3,0.3,9.75,1.6,2.63,58.17,62.9,80.68,49.54
2018-01-17 06:10:00,1,1,54.14,72.0,68.0,48.61,54.52,54.14,0.0,0.0,0.0,45.0,48.81,0.2,0.41,0.07,120.0,51.83,397.93,41.96,0.3,0.3,9.75,1.55,2.63,57.86,63.01,81.18,49.28
2018-01-17 06:11:00,1,1,53.99,72.0,68.0,48.47,54.37,53.99,0.0,0.0,0.0,45.0,48.65,0.2,0.44,0.07,120.0,51.67,397.93,41.96,0.3,0.3,9.75,1.51,2.63,57.54,63.13,81.62,49.0
2018-01-17 06:12:00,1,1,53.81,72.0,68.0,47.32,53.2,53.81,0.0,0.0,0.0,45.0,48.22,0.2,0.47,0.07,120.0,51.5,534.18,71.03,0.3,0.3,13.08,1.47,5.19,58.64,63.24,85.31,48.68
2018-01-17 06:13:00,1,1,53.51,72.0,68.0,46.66,51.83,53.51,0.0,0.0,0.0,45.0,47.31,0.2,0.5,0.07,120.0,50.16,534.18,71.03,0.3,0.3,13.08,1.42,6.19,58.86,63.36,89.98,48.38
2018-01-17 06:14:00,1,1,53.17,72.0,68.0,46.31,51.17,53.17,0.0,0.0,0.0,45.0,46.72,0.2,0.53,0.07,120.0,49.41,534.18,71.03,0.3,0.3,13.08,1.37,6.33,58.63,63.47,92.38,48.14
2018-01-17 06:15:00,1,1,52.85,72.0,68.0,46.02,50.78,52.85,0.0,0.0,0.0,45.0,46.34,0.2,0.57,0.07,120.0,48.98,534.18,71.03,0.3,0.3,13.08,1.33,6.34,58.32,63.59,93.87,47.89
2018-01-17 06:16:00,1,1,52.56,72.0,68.0,45.76,50.48,52.56,0.0,0.0,0.0,45.0,46.03,0.2,0.6,0.07,120.0,48.66,534.18,71.03,0.3,0.3,13.08,1.28,6.35,57.97,63.71,95.03,47.61
2018-01-17 06:17:00,1,1,52.31,72.0,68.0,45.53,50.24,52.31,0.0,0.0,0.0,45.0,45.78,0.2,0.64,0.07,120.0,48.4,534.18,71.03,0.3,0.3,13.08,1.23,6.35,57.6,63.83,96.02,47.29
2018-01-17 06:18:00,1,1,52.08,72.0,68.0,45.33,50.03,52.08,0.0,0.0,0.0,45.0,45.55,0.2,0.67,0.07,120.0,48.17,534.18,71.03,0.3,0.3,13.08,1.19,6.35,57.21,63.95,96.89,46.96
2018-01-17 06:19:00,1,1,51.88,72.0,68.0,45.15,49.84,51.88,0.0,0.0,0.0,45.0,45.35,0.2,0.71,0.07,120.0,47.97,534.18,71.03,0.3,0.3,13.08,1.14,6.35,56.81,64.07,97.53,46.61
2018-01-17 06:20:00,1,1,51.7,72.0,68.0,44.98,49.67,51.7,0.0,0.0,0.0,45.0,45.17,0.2,0.74,0.07,120.0,47.79,534.18,71.03,0.3,0.3,13.08,1.09,6.35,56.4,64.2,98.07,46.25
2018-01-17 06:21:00,1,1,51.54,72.0,68.0,44.84,49.51,51.54,0.0,0.0,0.0,45.0,45.01,0.2,0.78,0.07,120.0,47.63,534.18,71.03,0.3,0.3,13.08,1.04,6.35,55.98,64.32,98.56,45.88
2018-01-17 06:22:00,1,1,51.39,72.0,68.0,44.7,49.37,51.39,0.0,0.0,0.0,45.0,44.86,0.2,0.81,0.07,120.0,47.49,534.18,71.03,0.3,0.3,13.08,0.99,6.35,55.57,64.44,99.01,45.51
2018-01-17 06:23:00,1,1,51.26,72.0,68.0,44.58,49.25,51.26,0.0,0.0,0.0,45.0,44.73,0.2,0.85,0.07,120.0,47.36,534.18,71.03,0.3,0.3,13.08,0.94,6.35,55.15,64.57,99.42,45.14
2018-01-17 06:24:00,1,1,50.94,72.0,68.0,43.23,47.51,50.94,0.0,0.0,0.0,45.0,43.95,0.2,0.89,0.07,120.0,46.57,738.6,116.52,0.3,0.3,18.08,0.89,15.35,56.89,64.69,100.0,44.9
2018-01-17 06:25:00,1,1,50.49,72.0,68.0,42.69,46.56,50.49,0.0,0.0,0.0,45.0,43.18,0.2,0.93,0.07,120.0,45.52,738.6,116.52,0.3,0.3,18.08,0.84,16.57,57.09,64.82,100.0,44.85
2018-01-17 06:26:00,1,1,50.04,72.0,68.0,42.29,46.04,50.04,0.0,0.0,0.0,45.0,42.67,0.2,0.97,0.07,120.0,44.94,738.6,116.52,0.3,0.3,18.08,0.79,16.73,57.08,64.94,100.0,44.79
2018-01-17 06:27:00,1,1,49.65,72.0,68.0,41.94,45.66,49.65,0.0,0.0,0.0,45.0,42.27,0.2,1.0,0.07,120.0,44.53,738.6,116.52,0.3,0.3,18.08,0.74,16.75,57.01,65.07,100.0,44.58
2018-01-17 06:28:00,1,1,49.3,72.0,68.0,41.64,45.34,49.3,0.0,0.0,0.0,45.0,41.93,0.2,1.0,0.07,120.0,44.19,738.6,116.52,0.3,0.3,18.08,0.69,16.76,56.9,65.2,100.0,44.31
2018-01-17 06:29:00,1,1,48.99,72.0,68.0,41.37,45.06,48.99,0.0,0.0,0.0,45.0,41.64,0.2,1.0,0.07,120.0,43.9,738.6,116.52,0.3,0.3,18.08,0.64,16.76,56.76,65.32,100.0,44.03
2018-01-17 06:30:00,1,1,48.72,72.0,68.0,41.13,44.81,48.72,0.0,0.0,0.0,45.0,41.38,0.2,1.0,0.07,120.0,43.64,738.6,116.52,0.3,0.3,18.08,0.59,16.76,56.61,65.45,100.0,43.75
2018-01-17 06:31:00,1,1,48.48,72.0,68.0,40.92,44.59,48.48,0.0,0.0,0.0,45.0,41.15,0.2,1.0,0.07,120.0,43.41,738.6,116.52,0.3,0.3,18.08,0.54,16.76,56.38,65.58,100.0,43.47
2018-01-17 06:32:00,1,1,48.26,72.0,68.0,40.73,44.39,48.26,0.0,0.0,0.0,45.0,40.94,0.2,1.0,0.07,120.0,43.21,738.6,116.52,0.3,0.3,18.08,0.49,16.76,56.09,65.7,100.0,43.19
2018-01-17 06:33:00,1,1,48.07,72.0,68.0,40.56,44.22,48.07,0.0,0.0,0.0,45.0,40.76,0.2,1.0,0.07,120.0,43.02,738.6,116.52,0.3,0.3,18.08,0.44,16.76,55.81,65.83,100.0,42.92
2018-01-17 06:34:00,1,1,47.9,72.0,68.0,40.41,44.06,47.9,0.0,0.0,0.0,45.0,40.59,0.2,1.0,0.07,120.0,42.86,738.6,116.52,0.3,0.3,18.08,0.39,16.76,55.54,65.96,100.0,42.67
2018-01-17 06:35:00,1,1,47.74,72.0,68.0,40.27,43.91,47.74,0.0,0.0,0.0,45.0,40.44,0.2,1.0,0.07,120.0,42.71,738.6,116.52,0.3,0.3,18.08,0.33,16.76,55.28,66.08,100.0,42.42
2018-01-17 06:36:00,1,1,47.6,72.0,68.0,40.14,43.78,47.6,0.0,0.0,0.0,45.0,40.3,0.2,1.0,0.07,120.0,42.57,738.6,116.52,0.3,0.3,18.08,0.28,16.76,55.04,66.21,100.0,42.19
2018-01-17 06:37:00,1,1,47.47,72.0,68.0,40.02,43.66,47.47,0.0,0.0,0.0,45.0,40.18,0.2,1.0,0.07,120.0,42.45,738.6,116.52,0.3,0.3,18.08,0.23,16.76,54.82,66.33,100.0,41.97
2018-01-17 06:38:00,1,1,47.35,72.0,68.0,39.91,43.56,47.35,0.0,0.0,0.0,45.0,40.06,0.2,1.0,0.07,120.0,42.33,738.6,116.52,0.3,0.3,18.08,0.18,16.76,54.62,66.46,100.0,41.77
2018-01-17 06:39:00,1,1,47.24,72.0,68.0,39.81,43.45,47.24,0.0,0.0,0.0,45.0,39.96,0.2,1.0,0.07,120.0,42.23,738.6,116.52,0.3,0.3,18.08,0.13,16.76,54.43,66.58,100.0,41.58
2018-01-17 06:40:00,1,1,47.14,72.0,68.0,39.72,43.36,47.14,0.0,0.0,0.0,45.0,39.86,0.2,1.0,0.07,120.0,42.13,738.6,116.52,0.3,0.3,18.08,0.07,16.76,54.26,66.71,100.0,41.41
2018-01-17 06:41:00,1,1,47.05,72.0,68.0,39.64,43.28,47.05,0.0,0.0,0.0,45.0,39.77,0.2,1.0,0.07,120.0,42.05,738.6,116.52,0.3,0.3,18.08,0.02,16.76,54.1,66.83,100.0,41.25
2018-01-17 06:42:00,1,1,46.97,72.0,68.0,39.56,43.2,46.97,0.0,0.0,0.0,45.0,39.69,0.2,1.0,0.07,120.0,41.96,738.6,116.52,0.3,0.3,18.08,-0.03,16.76,53.97,66.95,100.0,41.11
2018-01-17 06:43:00,1,1,46.89,72.0,68.0,39.49,43.12,46.89,0.0,0.0,0.0,45.0,39.61,0.2,1.0,0.07,120.0,41.89,738.6,116.52,0.3,0.3,18.08,-0.08,16.76,53.85,67.07,100.0,40.98
2018-01-17 06:44:00,1,1,46.82,72.0,68.0,39.42,43.05,46.82,0.0,0.0,0.0,45.0,39.54,0.2,1.0,0.07,120.0,41.82,738.6,116.52,0.3,0.3,18.08,-0.13,16.76,53.74,67.19,100.0,40.86
2018-01-17 06:45:00,1,1,46.75,72.0,68.0,39.35,42.99,46.75,0.0,0.0,0.0,45.0,39.47,0.2,1.0,0.07,120.0,41.75,738.6,116.52,0.3,0.3,18.08,-0.18,16.76,53.65,67.31,100.0,40.75
2018-01-17 06:46:00,1,1,46.69,72.0,68.0,39.29,42.93,46.69,0.0,0.0,0.0,45.0,39.41,0.2,1.0,0.07,120.0,41.69,738.6,116.52,0.3,0.3,18.08,-0.23,16.76,53.57,67.43,100.0,40.66
2018-01-17 06:47:00,1,1,46.63,72.0,68.0,39.23,42.87,46.63,0.0,0.0,0.0,45.0,39.35,0.2,1.0,0.07,120.0,41.63,738.6,116.52,0.3,0.3,18.08,-0.28,16.76,53.51,67.55,100.0,40.58
2018-01-17 06:48:00,1,1,46.58,72.0,68.0,39.18,42.82,46.58,0.0,0.0,0.0,45.0,39.29,0.2,1.0,0.07,120.0,41.57,738.6,116.52,0.3,0.3,18.08,-0.34,16.76,53.45,67.67,100.0,40.51
2018-01-17 06:49:00,1,1,46.52,72.0,68.0,39.13,42.77,46.52,0.0,0.0,0.0,45.0,39.23,0.2,1.0,0.07,120.0,41.52,738.6,116.52,0.3,0.3,18.08,-0.39,16.76,53.41,67.78,100.0,40.45
2018-01-17 06:50:00,1,1,46.47,72.0,68.0,39.08,42.72,46.47,0.0,0.0,0.0,45.0,39.18,0.2,1.0,0.07,120.0,41.47,738.6,116.52,0.3,0.3,18.08,-0.44,16.76,53.38,67.9,100.0,40.4
2018-01-17 06:51:00,1,1,46.43,72.0,68.0,39.03,42.67,46.43,0.0,0.0,0.0,45.0,39.13,0.2,1.0,0.07,120.0,41.42,738.6,116.52,0.3,0.3,18.08,-0.49,16.76,53.37,68.01,100.0,40.36
2018-01-17 06:52:00,1,1,46.38,72.0,68.0,38.98,42.62,46.38,0.0,0.0,0.0,45.0,39.09,0.2,1.0,0.07,120.0,41.37,738.6,116.52,0.3,0.3,18.08,-0.54,16.76,53.36,68.12,100.0,40.33
2018-01-17 06:53:00,1,1,46.34,72.0,68.0,38.94,42.58,46.34,0.0,0.0,0.0,45.0,39.04,0.2,1.0,0.07,120.0,41.33,738.6,116.52,0.3,0.3,18.08,-0.58,16.76,53.36,68.24,100.0,40.31
2018-01-17 06:54:00,1,1,46.3,72.0,68.0,38.9,42.54,46.3,0.0,0.0,0.0,45.0,39.0,0.2,1.0,0.07,120.0,41.29,738.6,116.52,0.3,0.3,18.08,-0.63,16.76,53.37,68.34,100.0,40.3
2018-01-17 06:55:00,1,1,46.26,72.0,68.0,38.86,42.5,46.26,0.0,0.0,0.0,45.0,38.96,0.2,1.0,0.07,120.0,41.25,738.6,116.52,0.3,0.3,18.08,-0.68,16.76,53.39,68.45,100.0,40.29
2018-01-17 06:56:00,1,1,46.23,72.0,68.0,38.82,42.46,46.23,0.0,0.0,0.0,45.0,38.92,0.2,1.0,0.07,120.0,41.21,738.6,116.52,0.3,0.3,18.08,-0.73,16.76,53.42,68.56,100.0,40.29
2018-01-17 06:57:00,1,1,46.19,72.0,68.0,38.78,42.43,46.19,0.0,0.0,0.0,45.0,38.88,0.2,1.0,0.07,120.0,41.17,738.6,116.52,0.3,0.3,18.08,-0.78,16.76,53.45,68.66,100.0,40.3
2018-01-17 06:58:00,1,1,46.16,72.0,68.0,38.75,42.39,46.16,0.0,0.0,0.0,45.0,38.84,0.2,1.0,0.07,120.0,41.13,738.6,116.52,0.3,0.3,18.08,-0.83,16.76,53.49,68.77,100.0,40.31
2018-01-17 06:59:00,1,1,46.12,72.0,68.0,38.71,42.36,46.12,0.0,0.0,0.0,45.0,38.81,0.2,1.0,0.07,120.0,41.1,738.6,116.52,0.3,0.3,18.08,-0.87,16.76,53.54,68.87,100.0,40.33
2018-01-17 07:00:00,1,1,46.09,72.0,68.0,38.68,42.32,46.09,0.0,0.0,0.0,45.0,38.77,0.2,1.0,0.07,120.0,41.07,738.6,116.52,0.3,0.3,18.08,-0.92,16.76,53.59,68.97,100.0,40.36
2018-01-17 07:01:00,1,1,46.06,72.0,68.0,38.64,42.29,46.06,0.0,0.0,0.0,45.0,38.74,0.2,1.0,0.07,120.0,41.03,738.6,116.52,0.3,0.3,18.08,-0.96,16.76,53.64,69.03,100.0,40.39
2018-01-17 07:02:00,1,1,46.03,72.0,68.0,38.61,42.26,46.03,0.0,0.0,0.0,45.0,38.71,0.2,1.0,0.07,120.0,41.0,738.6,116.52,0.3,0.3,18.08,-1.0,16.76,53.7,69.09,100.0,40.42
2018-01-17 07:03:00,1,1,46.0,72.0,68.0,38.58,42.23,46.0,0.0,0.0,0.0,45.0,38.67,0.2,1.0,0.07,120.0,40.97,738.6,116.52,0.3,0.3,18.08,-1.04,16.76,53.75,69.13,100.0,40.45
2018-01-17 07:04:00,1,1,45.97,72.0,68.0,38.55,42.2,45.97,0.0,0.0,0.0,45.0,38.64,0.2,1.0,0.07,120.0,40.94,738.6,116.52,0.3,0.3,18.08,-1.08,16.76,53.81,69.18,100.0,40.49
2018-01-17 07:05:00,1,1,45.94,72.0,68.0,38.52,42.17,45.94,0.0,0.0,0.0,45.0,38.61,0.2,1.0,0.07,120.0,40.91,738.6,116.52,0.3,0.3,18.08,-1.11,16.76,53.87,69.22,100.0,40.53
2018-01-17 07:06:00,1,1,45.91,72.0,68.0,38.49,42.14,45.91,0.0,0.0,0.0,45.0,38.58,0.2,1.0,0.07,120.0,40.88,738.6,116.52,0.3,0.3,18.08,-1.15,16.76,53.93,69.26,100.0,40.57
2018-01-17 07:07:00,1,1,45.88,72.0,68.0,38.46,42.11,45.88,0.0,0.0,0.0,45.0,38.55,0.2,1.0,0.07,120.0,40.85,738.6,116.52,0.3,0.3,18.08,-1.19,16.76,53.99,69.3,100.0,40.61
2018-01-17 07:08:00,1,1,45.85,72.0,68.0,38.43,42.08,45.85,0.0,0.0,0.0,45.0,38.52,0.2,1.0,0.07,120.0,40.82,738.6,116.52,0.3,0.3,18.08,-1.22,16.76,54.05,69.33,100.0,40.65
2018-01-17 07:09:00,1,1,45.82,72.0,68.0,38.4,42.05,45.82,0.0,0.0,0.0,45.0,38.49,0.2,1.0,0.07,120.0,40.79,738.6,116.52,0.3,0.3,18.08,-1.26,16.76,54.11,69.37,100.0,40.69
2018-01-17 07:10:00,1,1,45.8,72.0,68.0,38.37,42.03,45.8,0.0,0.0,0.0,45.0,38.46,0.2,1.0,0.07,120.0,40.76,738.6,116.52,0.3,0.3,18.08,-1.29,16.76,54.17,69.4,100.0,40.74
2018-01-17 07:11:00,1,1,45.77,72.0,68.0,38.34,42.0,45.77,0.0,0.0,0.0,45.0,38.43,0.2,1.0,0.07,120.0,40.73,738.6,116.52,0.3,0.3,18.08,-1.33,16.76,54.24,69.43,100.0,40.78
2018-01-17 07:12:00,1,1,45.74,72.0,68.0,38.31,41.97,45.74,0.0,0.0,0.0,45.0,38.4,0.2,1.0,0.07,120.0,40.7,738.6,116.52,0.3,0.3,18.08,-1.36,16.76,54.3,69.46,100.0,40.83
2018-01-17 07:13:00,1,1,45.71,72.0,68.0,38.28,41.94,45.71,0.0,0.0,0.0,45.0,38.37,0.2,1.0,0.07,120.0,40.68,738.6,116.52,0.3,0.3,18.08,-1.39,16.76,54.37,69.49,100.0,40.87
2018-01-17 07:14:00,1,1,45.69,72.0,68.0,38.26,41.92,45.69,0.0,0.0,0.0,45.0,38.35,0.2,1.0,0.07,120.0,40.65,738.6,116.52,0.3,0.3,18.08,-1.42,16.76,54.43,69.52,100.0,40.92
2018-01-17 07:15:00,1,1,45.66,72.0,68.0,38.23,41.89,45.66,0.0,0.0,0.0,45.0,38.32,0.2,1.0,0.07,120.0,40.62,738.6,116.52,0.3,0.3,18.08,-1.46,16.76,54.49,69.54,100.0,40.96
2018-01-17 07:16:00,1,1,45.64,72.0,68.0,38.2,41.87,45.64,0.0,0.0,0.0,45.0,38.29,0.2,1.0,0.07,120.0,40.6,738.6,116.52,0.3,0.3,18.08,-1.49,16.76,54.56,69.56,100.0,41.01
2018-01-17 07:17:00,1,1,45.61,72.0,68.0,38.18,41.84,45.61,0.0,0.0,0.0,45.0,38.27,0.2,1.0,0.07,120.0,40.57,738.6,116.52,0.3,0.3,18.08,-1.52,16.76,54.62,69.58,100.0,41.06
2018-01-17 07:18:00,1,1,45.59,72.0,68.0,38.15,41.82,45.59,0.0,0.0,0.0,45.0,38.24,0.2,1.0,0.07,120.0,40.55,738.6,116.52,0.3,0.3,18.08,-1.55,16.76,54.68,69.6,100.0,41.1
2018-01-17 07:19:00,1,1,45.56,72.0,68.0,38.13,41.79,45.56,0.0,0.0,0.0,45.0,38.22,0.2,1.0,0.07,120.0,40.52,738.6,116.52,0.3,0.3,18.08,-1.57,16.76,54.74,69.62,100.0,41.15
2018-01-17 07:20:00,1,1,45.54,72.0,68.0,38.1,41.77,45.54,0.0,0.0,0.0,45.0,38.19,0.2,1.0,0.07,120.0,40.5,738.6,116.52,0.3,0.3,18.08,-1.6,16.76,54.8,69.64,100.0,41.19
2018-01-17 07:21:00,1,1,45.51,72.0,68.0,38.08,41.74,45.51,0.0,0.0,0.0,45.0,38.17,0.2,1.0,0.07,120.0,40.47,738.6,116.52,0.3,0.3,18.08,-1.63,16.76,54.86,69.65,100.0,41.24
2018-01-17 07:22:00,1,1,45.49,72.0,68.0,38.05,41.72,45.49,0.0,0.0,0.0,45.0,38.14,0.2,1.0,0.07,120.0,40.45,738.6,116.52,0.3,0.3,18.08,-1.66,16.76,54.92,69.66,100.0,41.28
2018-01-17 07:23:00,1,1,45.47,72.0,68.0,38.03,41.7,45.47,0.0,0.0,0.0,45.0,38.12,0.2,1.0,0.07,120.0,40.43,738.6,116.52,0.3,0.3,18.08,-1.68,16.76,54.98,69.67,100.0,41.33
2018-01-17 07:24:00,1,1,45.45,72.0,68.0,38.01,41.68,45.45,0.0,0.0,0.0,45.0,38.1,0.2,1.0,0.07,120.0,40.41,738.6,116.52,0.3,0.3,18.08,-1.71,16.76,55.04,69.68,100.0,41.37
2018-01-17 07:25:00,1,1,45.43,72.0,68.0,37.99,41.66,45.43,0.0,0.0,0.0,45.0,38.07,0.2,1.0,0.07,120.0,40.38,738.6,116.52,0.3,0.3,18.08,-1.73,16.76,55.09,69.69,100.0,41.41
2018-01-17 07:26:00,1,1,45.4,72.0,68.0,37.97,41.64,45.4,0.0,0.0,0.0,45.0,38.05,0.2,1.0,0.07,120.0,40.36,738.6,116.52,0.3,0.3,18.08,-1.76,16.76,55.15,69.69,100.0,41.45
2018-01-17 07:27:00,1,1,45.38,72.0,68.0,37.94,41.62,45.38,0.0,0.0,0.0,45.0,38.03,0.2,1.0,0.07,120.0,40.34,738.6,116.52,0.3,0.3,18.08,-1.78,16.76,55.2,69.7,100.0,41.5
2018-01-17 07:28:00,1,1,45.36,72.0,68.0,37.92,41.6,45.36,0.0,0.0,0.0,45.0,38.01,0.2,1.0,0.07,120.0,40.32,738.6,116.52,0.3,0.3,18.08,-1.8,16.76,55.25,69.7,100.0,41.54
2018-01-17 07:29:00,1,1,45.35,72.0,68.0,37.9,41.58,45.35,0.0,0.0,0.0,45.0,37.99,0.2,1.0,0.07,120.0,40.3,738.6,116.52,0.3,0.3,18.08,-1.82,16.76,55.3,69.7,100.0,41.58
2018-01-17 07:30:00,1,1,45.33,72.0,68.0,37.89,41.56,45.33,0.0,0.0,0.0,45.0,37.97,0.2,1.0,0.07,120.0,40.28,738.6,116.52,0.3,0.3,18.08,-1.84,16.76,55.35,69.7,100.0,41.61
2018-01-17 07:31:00,1,1,45.31,72.0,68.0,37.87,41.54,45.31,0.0,0.0,0.0,45.0,37.95,0.2,1.0,0.07,120.0,40.27,738.6,116.52,0.3,0.3,18.08,-1.86,16.76,55.4,69.7,100.0,41.65
2018-01-17 07:32:00,1,1,45.29,72.0,68.0,37.85,41.52,45.29,0.0,0.0,0.0,45.0,37.94,0.2,1.0,0.07,120.0,40.25,738.6,116.52,0.3,0.3,18.08,-1.88,16.76,55.45,69.69,100.0,41.69
2018-01-17 07:33:00,1,1,45.27,72.0,68.0,37.83,41.51,45.27,0.0,0.0,0.0,45.0,37.92,0.2,1.0,0.07,120.0,40.23,738.6,116.52,0.3,0.3,18.08,-1.9,16.76,55.49,69.69,100.0,41.72
2018-01-17 07:34:00,1,1,45.26,72.0,68.0,37.82,41.49,45.26,0.0,0.0,0.0,45.0,37.9,0.2,1.0,0.07,120.0,40.21,738.6,116.52,0.3,0.3,18.08,-1.92,16.76,55.53,69.68,100.0,41.76
2018-01-17 07:35:00,1,1,45.24,72.0,68.0,37.8,41.48,45.24,0.0,0.0,0.0,45.0,37.89,0.2,1.0,0.07,120.0,40.2,738.6,116.52,0.3,0.3,18.08,-1.93,16.76,55.57,69.67,100.0,41.79
2018-01-17 07:36:00,1,1,45.23,72.0,68.0,37.79,41.46,45.23,0.0,0.0,0.0,45.0,37.87,0.2,1.0,0.07,120.0,40.18,738.6,116.52,0.3,0.3,18.08,-1.95,16.76,55.61,69.67,100.0,41.82
2018-01-17 07:37:00,1,1,45.21,72.0,68.0,37.77,41.45,45.21,0.0,0.0,0.0,45.0,37.86,0.2,1.0,0.07,120.0,40.17,738.6,116.52,0.3,0.3,18.08,-1.96,16.76,55.65,69.65,100.0,41.86
2018-01-17 07:38:00,1,1,45.2,72.0,68.0,37.76,41.43,45.2,0.0,0.0,0.0,45.0,37.84,0.2,1.0,0.07,120.0,40.16,738.6,116.52,0.3,0.3,18.08,-1.97,16.76,55.69,69.64,100.0,41.89
2018-01-17 07:39:00,1,1,45.19,72.0,68.0,37.75,41.42,45.19,0.0,0.0,0.0,45.0,37.83,0.2,1.0,0.07,120.0,40.14,738.6,116.52,0.3,0.3,18.08,-1.99,16.76,55.72,69.63,100.0,41.92
2018-01-17 07:40:00,1,1,45.18,72.0,68.0,37.74,41.41,45.18,0.0,0.0,0.0,45.0,37.82,0.2,1.0,0.07,120.0,40.13,738.6,116.52,0.3,0.3,18.08,-2.0,16.76,55.76,69.61,100.0,41.94
2018-01-17 07:41:00,1,1,45.17,72.0,68.0,37.73,41.4,45.17,0.0,0.0,0.0,45.0,37.8,0.2,1.0,0.07,120.0,40.12,738.6,116.52,0.3,0.3,18.08,-2.01,16.76,55.79,69.6,100.0,41.97
2018-01-17 07:42:00,1,1,45.16,72.0,68.0,37.72,41.39,45.16,0.0,0.0,0.0,45.0,37.79,0.2,1.0,0.07,120.0,40.11,738.6,116.52,0.3,0.3,18.08,-2.02,16.76,55.82,69.58,100.0,41.99
2018-01-17 07:43:00,1,1,45.15,72.0,68.0,37.71,41.38,45.15,0.0,0.0,0.0,45.0,37.78,0.2,1.0,0.07,120.0,40.1,738.6,116.52,0.3,0.3,18.08,-2.03,16.76,55.84,69.56,100.0,42.02
2018-01-17 07:44:00,1,1,45.14,72.0,68.0,37.7,41.37,45.14,0.0,0.0,0.0,45.0,37.78,0.2,1.0,0.07,120.0,40.09,738.6,116.52,0.3,0.3,18.08,-2.04,16.76,55.87,69.54,100.0,42.04
2018-01-17 07:45:00,1,1,45.13,72.0,68.0,37.69,41.36,45.13,0.0,0.0,0.0,45.0,37.77,0.2,1.0,0.07,120.0,40.08,738.6,116.52,0.3,0.3,18.08,-2.04,16.76,55.89,69.51,100.0,42.06
2018-01-17 07:46:00,1,1,45.12,72.0,68.0,37.68,41.36,45.12,0.0,0.0,0.0,45.0,37.76,0.2,1.0,0.07,120.0,40.08,738.6,116.52,0.3,0.3,18.08,-2.05,16.76,55.91,69.49,100.0,42.08
2018-01-17 07:47:00,1,1,45.12,72.0,68.0,37.68,41.35,45.12,0.0,0.0,0.0,45.0,37.75,0.2,1.0,0.07,120.0,40.07,738.6,116.52,0.3,0.3,18.08,-2.05,16.76,55.93,69.47,100.0,42.1
2018-01-17 07:48:00,1,1,45.11,72.0,68.0,37.67,41.35,45.11,0.0,0.0,0.0,45.0,37.75,0.2,1.0,0.07,120.0,40.06,738.6,116.52,0.3,0.3,18.08,-2.06,16.76,55.95,69.44,100.0,42.12
2018-01-17 07:49:00,1,1,45.11,72.0,68.0,37.67,41.34,45.11,0.0,0.0,0.0,45.0,37.74,0.2,1.0,0.07,120.0,40.06,738.6,116.52,0.3,0.3,18.08,-2.06,16.76,55.97,69.41,100.0,42.14
2018-01-17 07:50:00,1,1,45.11,72.0,68.0,37.67,41.34,45.11,0.0,0.0,0.0,45.0,37.74,0.2,1.0,0.07,120.0,40.06,738.6,116.52,0.3,0.3,18.08,-2.06,16.76,55.98,69.38,100.0,42.15
2018-01-17 07:51:00,1,1,45.1,72.0,68.0,37.66,41.34,45.1,0.0,0.0,0.0,45.0,37.74,0.2,1.0,0.07,120.0,40.05,738.6,116.52,0.3,0.3,18.08,-2.06,16.76,55.99,69.35,100.0,42.17
2018-01-17 07:52:00,1,1,45.1,72.0,68.0,37.66,41.33,45.1,0.0,0.0,0.0,45.0,37.74,0.2,1.0,0.07,120.0,40.05,738.6,116.52,0.3,0.3,18.08,-2.06,16.76,56.0,69.32,100.0,42.18
2018-01-17 07:53:00,1,1,45.1,72.0,68.0,37.66,41.33,45.1,0.0,0.0,0.0,45.0,37.74,0.2,1.0,0.07,120.0,40.05,738.6,116.52,0.3,0.3,18.08,-2.06,16.76,56.01,69.29,100.0,42.19
2018-01-17 07:54:00,1,1,45.1,72.0,68.0,37.66,41.33,45.1,0.0,0.0,0.0,45.0,37.74,0.2,1.0,0.07,120.0,40.05,738.6,116.52,0.3,0.3,18.08,-2.06,16.76,56.02,69.26,100.0,42.2
2018-01-17 07:55:00,1,1,45.11,72.0,68.0,37.67,41.34,45.11,0.0,0.0,0.0,45.0,37.74,0.2,1.0,0.07,120.0,40.05,738.6,116.52,0.3,0.3,18.08,-2.06,16.76,56.02,69.22,100.0,42.21
2018-01-17 07:56:00,1,1,45.11,72.0,68.0,37.67,41.34,45.11,0.0,0.0,0.0,45.0,37.74,0.2,1.0,0.07,120.0,40.05,738.6,116.52,0.3,0.3,18.08,-2.05,16.76,56.02,69.19,100.0,42.21
2018-01-17 07:57:00,1,1,45.11,72.0,68.0,37.67,41.34,45.11,0.0,0.0,0.0,45.0,37.74,0.2,1.0,0.07,120.0,40.06,738.6,116.52,0.3,0.3,18.08,-2.05,16.76,56.02,69.15,100.0,42.22
2018-01-17 07:58:00,1,1,45.12,72.0,68.0,37.68,41.35,45.12,0.0,0.0,0.0,45.0,37.75,0.2,1.0,0.07,120.0,40.06,738.6,116.52,0.3,0.3,18.08,-2.04,16.76,56.02,69.11,100.0,42.22
2018-01-17 07:59:00,1,1,45.12,72.0,68.0,37.69,41.35,45.12,0.0,0.0,0.0,45.0,37.75,0.2,1.0,0.07,120.0,40.07,738.6,116.52,0.3,0.3,18.08,-2.03,16.76,56.02,69.07,100.0,42.23
2018-01-17 08:00:00,1,1,45.13,72.0,68.0,37.69,41.36,45.13,0.0,0.0,0.0,45.0,37.76,0.2,1.0,0.07,120.0,40.07,738.6,116.52,0.3,0.3,18.08,-2.02,16.76,56.01,69.03,100.0,42.23
2018-01-17 08:01:00,1,1,45.14,72.0,68.0,37.7,41.37,45.14,0.0,0.0,0.0,45.0,37.77,0.2,1.0,0.07,120.0,40.08,738.6,116.52,0.3,0.3,18.08,-2.0,16.76,56.0,68.99,100.0,42.23
2018-01-17 08:02:00,1,1,45.15,72.0,68.0,37.72,41.38,45.15,0.0,0.0,0.0,45.0,37.78,0.2,1.0,0.07,120.0,40.09,738.6,116.52,0.3,0.3,18.08,-1.97,16.76,55.98,68.95,100.0,42.22
2018-01-17 08:03:00,1,1,45.17,72.0,68.0,37.74,41.4,45.17,0.0,0.0,0.0,45.0,37.8,0.2,1.0,0.07,120.0,40.11,738.6,116.52,0.3,0.3,18.08,-1.94,16.76,55.95,68.91,100.0,42.21
2018-01-17 08:04:00,1,1,45.2,72.0,68.0,37.77,41.42,45.2,0.0,0.0,0.0,45.0,37.82,0.2,1.0,0.07,120.0,40.13,738.6,116.52,0.3,0.3,18.08,-1.91,16.76,55.93,68.87,100.0,42.2
2018-01-17 08:05:00,1,1,45.22,72.0,68.0,37.79,41.44,45.22,0.0,0.0,0.0,45.0,37.85,0.2,1.0,0.07,120.0,40.15,738.6,116.52,0.3,0.3,18.08,-1.88,16.76,55.89,68.82,100.0,42.19
2018-01-17 08:06:00,1,1,45.25,72.0,68.0,37.82,41.47,45.25,0.0,0.0,0.0,45.0,37.87,0.2,1.0,0.07,120.0,40.18,738.6,116.52,0.3,0.3,18.08,-1.84,16.76,55.86,68.78,100.0,42.17
2018-01-17 08:07:00,1,1,45.29,72.0,68.0,37.86,41.5,45.29,0.0,0.0,0.0,45.0,37.91,0.2,1.0,0.07,120.0,40.21,738.6,116.52,0.3,0.3,18.08,-1.81,16.76,55.82,68.73,100.0,42.15
2018-01-17 08:08:00,1,1,45.32,72.0,68.0,37.89,41.53,45.32,0.0,0.0,0.0,45.0,37.94,0.2,1.0,0.07,120.0,40.24,738.6,116.52,0.3,0.3,18.08,-1.77,16.76,55.78,68.68,100.0,42.13
2018-01-17 08:09:00,1,1,45.36,72.0,68.0,37.93,41.57,45.36,0.0,0.0,0.0,45.0,37.98,0.2,1.0,0.07,120.0,40.28,738.6,116.52,0.3,0.3,18.08,-1.74,16.76,55.74,68.64,100.0,42.11
2018-01-17 08:10:00,1,1,45.4,72.0,68.0,37.97,41.6,45.4,0.0,0.0,0.0,45.0,38.02,0.2,1.0,0.07,120.0,40.32,738.6,116.52,0.3,0.3,18.08,-1.7,16.76,55.7,68.59,100.0,42.08
2018-01-17 08:11:00,1,1,45.45,72.0,68.0,38.02,41.64,45.45,0.0,0.0,0.0,45.0,38.06,0.2,1.0,0.07,120.0,40.36,738.6,116.52,0.3,0.3,18.08,-1.66,16.76,55.65,68.54,100.0,42.06
2018-01-17 08:12:00,1,1,45.49,72.0,68.0,38.06,41.69,45.49,0.0,0.0,0.0,45.0,38.1,0.2,1.0,0.07,120.0,40.4,738.6,116.52,0.3,0.3,18.08,-1.62,16.76,55.6,68.49,100.0,42.03
2018-01-17 08:13:00,1,1,45.54,72.0,68.0,38.11,41.73,45.54,0.0,0.0,0.0,45.0,38.15,0.2,1.0,0.07,120.0,40.44,738.6,116.52,0.3,0.3,18.08,-1.58,16.76,55.55,68.44,100.0,42.0
2018-01-17 08:14:00,1,1,45.59,72.0,68.0,38.16,41.78,45.59,0.0,0.0,0.0,45.0,38.2,0.2,1.0,0.07,120.0,40.49,738.6,116.52,0.3,0.3,18.08,-1.54,16.76,55.5,68.38,100.0,41.97
2018-01-17 08:15:00,1,1,45.64,72.0,68.0,38.21,41.82,45.64,0.0,0.0,0.0,45.0,38.25,0.2,1.0,0.07,120.0,40.54,738.6,116.52,0.3,0.3,18.08,-1.49,16.76,55.45,68.33,100.0,41.94
2018-01-17 08:16:00,1,1,45.7,72.0,68.0,38.26,41.87,45.7,0.0,0.0,0.0,45.0,38.3,0.2,1.0,0.07,120.0,40.59,738.6,116.52,0.3,0.3,18.08,-1.45,16.76,55.39,68.27,100.0,41.91
2018-01-17 08:17:00,1,1,45.75,72.0,68.0,38.32,41.92,45.75,0.0,0.0,0.0,45.0,38.35,0.2,1.0,0.07,120.0,40.64,738.6,116.52,0.3,0.3,18.08,-1.41,16.76,55.34,68.22,100.0,41.87
2018-01-17 08:18:00,1,1,45.81,72.0,68.0,38.37,41.97,45.81,0.0,0.0,0.0,45.0,38.4,0.2,1.0,0.07,120.0,40.69,738.6,116.52,0.3,0.3,18.08,-1.36,16.76,55.28,68.16,100.0,41.84
2018-01-17 08:19:00,1,1,45.87,72.0,68.0,38.43,42.03,45.87,0.0,0.0,0.0,45.0,38.46,0.2,1.0,0.07,120.0,40.74,738.6,116.52,0.3,0.3,18.08,-1.32,16.76,55.23,68.1,100.0,41.81
2018-01-17 08:20:00,1,1,45.93,72.0,68.0,38.49,42.08,45.93,0.0,0.0,0.0,45.0,38.52,0.2,1.0,0.07,120.0,40.8,738.6,116.52,0.3,0.3,18.08,-1.27,16.76,55.17,68.04,100.0,41.77
2018-01-17 08:21:00,1,1,45.99,72.0,68.0,38.54,42.14,45.99,0.0,0.0,0.0,45.0,38.57,0.2,1.0,0.07,120.0,40.86,738.6,116.52,0.3,0.3,18.08,-1.22,16.76,55.11,67.99,100.0,41.74
2018-01-17 08:22:00,1,1,46.05,72.0,68.0,38.61,42.19,46.05,0.0,0.0,0.0,45.0,38.63,0.2,1.0,0.07,120.0,40.91,738.6,116.52,0.3,0.3,18.08,-1.17,16.76,55.05,67.92,100.0,41.7
2018-01-17 08:23:00,1,1,46.12,72.0,68.0,38.67,42.25,46.12,0.0,0.0,0.0,45.0,38.69,0.2,1.0,0.07,120.0,40.97,738.6,116.52,0.3,0.3,18.08,-1.12,16.76,54.99,67.86,100.0,41.66
2018-01-17 08:24:00,1,1,46.18,72.0,68.0,38.73,42.31,46.18,0.0,0.0,0.0,45.0,38.76,0.2,1.0,0.07,120.0,41.03,738.6,116.52,0.3,0.3,18.08,-1.07,16.76,54.93,67.8,100.0,41.63
2018-01-17 08:25:00,1,1,46.25,72.0,68.0,38.79,42.37,46.25,0.0,0.0,0.0,45.0,38.82,0.2,1.0,0.07,120.0,41.09,738.6,116.52,0.3,0.3,18.08,-1.02,16.76,54.87,67.74,100.0,41.59
2018-01-17 08:26:00,1,1,46.31,72.0,68.0,38.86,42.43,46.31,0.0,0.0,0.0,45.0,38.88,0.2,1.0,0.07,120.0,41.16,738.6,116.52,0.3,0.3,18.08,-0.97,16.76,54.8,67.67,100.0,41.55
2018-01-17 08:27:00,1,1,46.38,72.0,68.0,38.92,42.49,46.38,0.0,0.0,0.0,45.0,38.95,0.2,1.0,0.07,120.0,41.22,738.6,116.52,0.3,0.3,18.08,-0.92,16.76,54.74,67.61,100.0,41.51
2018-01-17 08:28:00,1,1,46.45,72.0,68.0,38.99,42.56,46.45,0.0,0.0,0.0,45.0,39.01,0.2,1.0,0.07,120.0,41.28,738.6,116.52,0.3,0.3,18.08,-0.87,16.76,54.67,67.54,100.0,41.47
2018-01-17 08:29:00,1,1,46.52,72.0,68.0,39.05,42.62,46.52,0.0,0.0,0.0,45.0,39.08,0.2,1.0,0.07,120.0,41.35,738.6,116.52,0.3,0.3,18.08,-0.82,16.76,54.61,67.48,100.0,41.43
2018-01-17 08:30:00,1,1,46.59,72.0,68.0,39.12,42.68,46.59,0.0,0.0,0.0,45.0,39.15,0.2,1.0,0.07,120.0,41.41,738.6,116.52,0.3,0.3,18.08,-0.76,16.76,54.54,67.41,100.0,41.39
2018-01-17 08:31:00,1,1,46.66,72.0,68.0,39.19,42.75,46.66,0.0,0.0,0.0,45.0,39.21,0.2,1.0,0.07,120.0,41.48,738.6,116.52,0.3,0.3,18.08,-0.71,16.76,54.48,67.34,100.0,41.35
2018-01-17 08:32:00,1,1,46.73,72.0,68.0,39.26,42.81,46.73,0.0,0.0,0.0,45.0,39.28,0.2,1.0,0.07,120.0,41.54,738.6,116.52,0.3,0.3,18.08,-0.65,16.76,54.41,67.27,100.0,41.31
2018-01-17 08:33:00,1,1,46.8,72.0,68.0,39.33,42.88,46.8,0.0,0.0,0.0,45.0,39.35,0.2,1.0,0.07,120.0,41.61,738.6,116.52,0.3,0.3,18.08,-0.6,16.76,54.34,67.2,100.0,41.27
2018-01-17 08:34:00,1,1,46.87,72.0,68.0,39.4,42.95,46.87,0.0,0.0,0.0,45.0,39.42,0.2,1.0,0.07,120.0,41.68,738.6,116.52,0.3,0.3,18.08,-0.54,16.76,54.27,67.13,100.0,41.23
2018-01-17 08:35:00,1,1,46.95,72.0,68.0,39.47,43.01,46.95,0.0,0.0,0.0,45.0,39.49,0.2,1.0,0.07,120.0,41.74,738.6,116.52,0.3,0.3,18.08,-0.49,16.76,54.21,67.06,100.0,41.19
2018-01-17 08:36:00,1,1,47.02,72.0,68.0,39.54,43.08,47.02,0.0,0.0,0.0,45.0,39.56,0.2,1.0,0.07,120.0,41.81,738.6,116.52,0.3,0.3,18.08,-0.43,16.76,54.14,66.99,100.0,41.15
2018-01-17 08:37:00,1,1,47.09,72.0,68.0,39.61,43.15,47.09,0.0,0.0,0.0,45.0,39.63,0.2,1.0,0.07,120.0,41.88,738.6,116.52,0.3,0.3,18.08,-0.37,16.76,54.07,66.91,100.0,41.1
2018-01-17 08:38:00,1,1,47.17,72.0,68.0,39.68,43.21,47.17,0.0,0.0,0.0,45.0,39.7,0.2,1.0,0.07,120.0,41.95,738.6,116.52,0.3,0.3,18.08,-0.32,16.76,54.0,66.84,100.0,41.06
2018-01-17 08:39:00,1,1,47.24,72.0,68.0,39.75,43.28,47.24,0.0,0.0,0.0,45.0,39.77,0.2,1.0,0.07,120.0,42.02,738.6,116.52,0.3,0.3,18.08,-0.26,16.76,53.93,66.76,100.0,41.02
2018-01-17 08:40:00,1,1,47.32,72.0,68.0,39.82,43.35,47.32,0.0,0.0,0.0,45.0,39.84,0.2,1.0,0.07,120.0,42.09,738.6,116.52,0.3,0.3,18.08,-0.2,16.76,53.86,66.69,100.0,40.97
2018-01-17 08:41:00,1,1,47.39,72.0,68.0,39.9,43.42,47.39,0.0,0.0,0.0,45.0,39.92,0.2,1.0,0.07,120.0,42.16,738.6,116.52,0.3,0.3,18.08,-0.14,16.76,53.79,66.61,100.0,40.93
2018-01-17 08:42:00,1,1,47.46,72.0,68.0,39.97,43.49,47.46,0.0,0.0,0.0,45.0,39.99,0.2,1.0,0.07,120.0,42.23,738.6,116.52,0.3,0.3,18.08,-0.08,16.76,53.71,66.53,100.0,40.89
2018-01-17 08:43:00,1,1,47.54,72.0,68.0,40.04,43.56,47.54,0.0,0.0,0.0,45.0,40.06,0.2,1.0,0.07,120.0,42.3,738.6,116.52,0.3,0.3,18.08,-0.02,16.76,53.64,66.46,100.0,40.84
2018-01-17 08:44:00,1,1,47.61,72.0,68.0,40.11,43.63,47.61,0.0,0.0,0.0,45.0,40.13,0.2,1.0,0.07,120.0,42.37,738.6,116.52,0.3,0.3,18.08,0.04,16.76,53.57,66.38,100.0,40.8
2018-01-17 08:45:00,1,1,47.69,72.0,68.0,40.18,43.7,47.69,0.0,0.0,0.0,45.0,40.21,0.2,1.0,0.07,120.0,42.44,738.6,116.52,0.3,0.3,18.08,0.1,16.76,53.5,66.3,100.0,40.76
2018-01-17 08:46:00,1,1,47.76,72.0,68.0,40.26,43.77,47.76,0.0,0.0,0.0,45.0,40.28,0.2,1.0,0.07,120.0,42.51,738.6,116.52,0.3,0.3,18.08,0.16,16.76,53.43,66.22,100.0,40.71
2018-01-17 08:47:00,1,1,47.84,72.0,68.0,40.33,43.83,47.84,0.0,0.0,0.0,45.0,40.35,0.2,1.0,0.07,120.0,42.58,738.6,116.52,0.3,0.3,18.08,0.22,16.76,53.35,66.14,100.0,40.67
2018-01-17 08:48:00,1,1,47.91,72.0,68.0,40.4,43.9,47.91,0.0,0.0,0.0,45.0,40.42,0.2,1.0,0.07,120.0,42.65,738.6,116.52,0.3,0.3,18.08,0.28,16.76,53.28,66.06,100.0,40.62
2018-01-17 08:49:00,1,1,47.99,72.0,68.0,40.47,43.97,47.99,0.0,0.0,0.0,45.0,40.49,0.2,1.0,0.07,120.0,42.72,738.6,116.52,0.3,0.3,18.08,0.34,16.76,53.21,65.98,100.0,40.58
2018-01-17 08:50:00,1,1,48.06,72.0,68.0,40.55,44.04,48.06,0.0,0.0,0.0,45.0,40.57,0.2,1.0,0.07,120.0,42.79,738.6,116.52,0.3,0.3,18.08,0.4,16.76,53.13,65.89,100.0,40.53
2018-01-17 08:51:00,1,1,48.13,72.0,68.0,40.62,44.11,48.13,0.0,0.0,0.0,45.0,40.64,0.2,1.0,0.07,120.0,42.86,738.6,116.52,0.3,0.3,18.08,0.46,16.76,53.06,65.81,100.0,40.49
2018-01-17 08:52:00,1,1,48.21,72.0,68.0,40.69,44.18,48.21,0.0,0.0,0.0,45.0,40.71,0.2,1.0,0.07,120.0,42.93,738.6,116.52,0.3,0.3,18.08,0.52,16.76,52.99,65.73,100.0,40.44
2018-01-17 08:53:00,1,1,48.28,72.0,68.0,40.76,44.25,48.28,0.0,0.0,0.0,45.0,40.78,0.2,1.0,0.07,120.0,43.0,738.6,116.52,0.3,0.3,18.08,0.58,16.76,52.91,65.64,100.0,40.4
2018-01-17 08:54:00,1,1,48.35,72.0,68.0,40.83,44.32,48.35,0.0,0.0,0.0,45.0,40.85,0.2,1.0,0.07,120.0,43.07,738.6,116.52,0.3,0.3,18.08,0.64,16.76,52.84,65.56,100.0,40.35
2018-01-17 08:55:00,1,1,48.43,72.0,68.0,40.9,44.38,48.43,0.0,0.0,0.0,45.0,40.92,0.2,1.0,0.07,120.0,43.14,738.6,116.52,0.3,0.3,18.08,0.7,16.76,52.77,65.47,100.0,40.31
2018-01-17 08:56:00,1,1,48.5,72.0,68.0,40.97,44.45,48.5,0.0,0.0,0.0,45.0,40.99,0.2,1.0,0.07,120.0,43.21,738.6,116.52,0.3,0.3,18.08,0.77,16.76,52.69,65.38,100.0,40.26
2018-01-17 08:57:00,1,1,48.57,72.0,68.0,41.04,44.52,48.57,0.0,0.0,0.0,45.0,41.06,0.2,1.0,0.07,120.0,43.28,738.6,116.52,0.3,0.3,18.08,0.83,16.76,52.59,65.3,100.0,40.21
2018-01-17 08:58:00,1,1,48.64,72.0,68.0,41.11,44.58,48.64,0.0,0.0,0.0,45.0,41.13,0.2,1.0,0.07,120.0,43.35,738.6,116.52,0.3,0.3,18.08,0.89,16.76,52.47,65.21,100.0,40.17
2018-01-17 08:59:00,1,1,48.71,72.0,68.0,41.18,44.65,48.71,0.0,0.0,0.0,45.0,41.2,0.2,1.0,0.07,120.0,43.41,738.6,116.52,0.3,0.3,18.08,0.95,16.76,52.36,65.12,100.0,40.12
2018-01-17 09:00:00,1,1,48.78,72.0,68.0,41.25,44.72,48.78,0.0,0.0,0.0,45.0,41.27,0.2,1.0,0.07,120.0,43.48,738.6,116.52,0.3,0.3,18.08,1.01,16.76,52.24,65.03,100.0,40.08
2018-01-17 09:01:00,1,1,48.85,72.0,68.0,41.32,44.78,48.85,0.0,0.0,0.0,45.0,41.34,0.2,1.0,0.07,120.0,43.55,738.6,116.52,0.3,0.3,18.08,1.07,16.76,52.13,64.93,100.0,40.03
2018-01-17 09:02:00,1,1,48.91,72.0,68.0,41.38,44.84,48.91,0.0,0.0,0.0,45.0,41.4,0.2,1.0,0.07,120.0,43.61,738.6,116.52,0.3,0.3,18.08,1.12,16.76,52.02,64.83,100.0,39.99
2018-01-17 09:03:00,1,1,48.97,72.0,68.0,41.44,44.9,48.97,0.0,0.0,0.0,45.0,41.47,0.2,1.0,0.07,120.0,43.67,738.6,116.52,0.3,0.3,18.08,1.18,16.76,51.91,64.72,100.0,39.95
2018-01-17 09:04:00,1,1,49.02,72.0,68.0,41.49,44.96,49.02,0.0,0.0,0.0,45.0,41.52,0.2,1.0,0.07,120.0,43.73,738.6,116.52,0.3,0.3,18.08,1.23,16.76,51.81,64.61,100.0,39.91
2018-01-17 09:05:00,1,1,49.08,72.0,68.0,41.54,45.01,49.08,0.0,0.0,0.0,45.0,41.58,0.2,1.0,0.07,120.0,43.78,738.6,116.52,0.3,0.3,18.08,1.28,16.76,51.71,64.51,100.0,39.87
2018-01-17 09:06:00,1,1,49.12,72.0,68.0,41.59,45.06,49.12,0.0,0.0,0.0,45.0,41.63,0.2,1.0,0.07,120.0,43.83,738.6,116.52,0.3,0.3,18.08,1.34,16.76,51.62,64.4,100.0,39.83
2018-01-17 09:07:00,1,1,49.17,72.0,68.0,41.64,45.1,49.17,0.0,0.0,0.0,45.0,41.68,0.2,1.0,0.07,120.0,43.88,738.6,116.52,0.3,0.3,18.08,1.39,16.76,51.52,64.29,100.0,39.79
2018-01-17 09:08:00,1,1,49.21,72.0,68.0,41.68,45.15,49.21,0.0,0.0,0.0,45.0,41.72,0.2,1.0,0.07,120.0,43.92,738.6,116.52,0.3,0.3,18.08,1.45,16.76,51.43,64.18,100.0,39.75
2018-01-17 09:09:00,1,1,49.25,72.0,68.0,41.72,45.19,49.25,0.0,0.0,0.0,45.0,41.76,0.2,1.0,0.07,120.0,43.96,738.6,116.52,0.3,0.3,18.08,1.5,16.76,51.34,64.07,100.0,39.71
2018-01-17 09:10:00,1,1,49.29,72.0,68.0,41.76,45.23,49.29,0.0,0.0,0.0,45.0,41.81,0.2,1.0,0.07,120.0,44.0,738.6,116.52,0.3,0.3,18.08,1.55,16.76,51.25,63.96,100.0,39.67
2018-01-17 09:11:00,1,1,49.32,72.0,68.0,41.8,45.26,49.32,0.0,0.0,0.0,45.0,41.85,0.2,1.0,0.07,120.0,44.04,738.6,116.52,0.3,0.3,18.08,1.6,16.76,51.16,63.85,100.0,39.63
2018-01-17 09:12:00,1,1,49.35,72.0,68.0,41.84,45.3,49.35,0.0,0.0,0.0,45.0,41.88,0.2,1.0,0.07,120.0,44.08,738.6,116.52,0.3,0.3,18.08,1.66,16.76,51.07,63.75,100.0,39.59
2018-01-17 09:13:00,1,1,49.38,72.0,68.0,41.87,45.33,49.38,0.0,0.0,0.0,45.0,41.92,0.2,1.0,0.07,120.0,44.11,738.6,116.52,0.3,0.3,18.08,1.71,16.76,50.98,63.64,100.0,39.55
2018-01-17 09:14:00,1,1,49.41,72.0,68.0,41.9,45.36,49.41,0.0,0.0,0.0,45.0,41.95,0.2,1.0,0.07,120.0,44.15,738.6,116.52,0.3,0.3,18.08,1.76,16.76,50.9,63.53,100.0,39.51
2018-01-17 09:15:00,1,1,49.44,72.0,68.0,41.93,45.39,49.44,0.0,0.0,0.0,45.0,41.98,0.2,1.0,0.07,120.0,44.18,738.6,116.52,0.3,0.3,18.08,1.82,16.76,50.81,63.42,100.0,39.47
2018-01-17 09:16:00,1,1,49.46,72.0,68.0,41.96,45.42,49.46,0.0,0.0,0.0,45.0,42.01,0.2,1.0,0.07,120.0,44.21,738.6,116.52,0.3,0.3,18.08,1.87,16.76,50.73,63.31,100.0,39.43
2018-01-17 09:17:00,1,1,49.49,72.0,68.0,41.99,45.45,49.49,0.0,0.0,0.0,45.0,42.04,0.2,1.0,0.07,120.0,44.24,738.6,116.52,0.3,0.3,18.08,1.92,16.76,50.64,63.2,100.0,39.39
2018-01-17 09:18:00,1,1,49.51,72.0,68.0,42.02,45.48,49.51,0.0,0.0,0.0,45.0,42.07,0.2,1.0,0.07,120.0,44.26,738.6,116.52,0.3,0.3,18.08,1.97,16.76,50.56,63.09,100.0,39.35
2018-01-17 09:19:00,1,1,49.53,72.0,68.0,42.04,45.5,49.53,0.0,0.0,0.0,45.0,42.1,0.2,1.0,0.07,120.0,44.29,738.6,116.52,0.3,0.3,18.08,2.02,16.76,50.47,62.98,100.0,39.31
2018-01-17 09:20:00,1,1,49.55,72.0,68.0,42.07,45.53,49.55,0.0,0.0,0.0,45.0,42.12,0.2,1.0,0.07,120.0,44.31,738.6,116.52,0.3,0.3,18.08,2.08,16.76,50.39,62.87,100.0,39.27
2018-01-17 09:21:00,1,1,49.57,72.0,68.0,42.09,45.55,49.57,0.0,0.0,0.0,45.0,42.15,0.2,1.0,0.07,120.0,44.34,738.6,116.52,0.3,0.3,18.08,2.13,16.76,50.3,62.76,100.0,39.22
2018-01-17 09:22:00,1,1,49.58,72.0,68.0,42.11,45.57,49.58,0.0,0.0,0.0,45.0,42.17,0.2,1.0,0.07,120.0,44.36,738.6,116.52,0.3,0.3,18.08,2.18,16.76,50.22,62.65,100.0,39.18
2018-01-17 09:23:00,1,1,49.6,72.0,68.0,42.13,45.59,49.6,0.0,0.0,0.0,45.0,42.19,0.2,1.0,0.07,120.0,44.38,738.6,116.52,0.3,0.3,18.08,2.23,16.76,50.14,62.54,100.0,39.14
2018-01-17 09:24:00,1,1,49.61,72.0,68.0,42.15,45.61,49.61,0.0,0.0,0.0,45.0,42.21,0.2,1.0,0.07,120.0,44.4,738.6,116.52,0.3,0.3,18.08,2.28,16.76,50.05,62.43,100.0,39.09
2018-01-17 09:25:00,1,1,49.63,72.0,68.0,42.17,45.63,49.63,0.0,0.0,0.0,45.0,42.23,0.2,1.0,0.07,120.0,44.42,738.6,116.52,0.3,0.3,18.08,2.33,16.76,49.97,62.32,100.0,39.05
2018-01-17 09:26:00,1,1,49.64,72.0,68.0,42.19,45.65,49.64,0.0,0.0,0.0,45.0,42.25,0.2,1.0,0.07,120.0,44.44,738.6,116.52,0.3,0.3,18.08,2.38,16.76,49.89,62.22,100.0,39.01
2018-01-17 09:27:00,1,1,49.65,72.0,68.0,42.21,45.67,49.65,0.0,0.0,0.0,45.0,42.27,0.2,1.0,0.07,120.0,44.46,738.6,116.52,0.3,0.3,18.08,2.43,16.76,49.81,62.11,100.0,38.96
2018-01-17 09:28:00,1,1,49.66,72.0,68.0,42.22,45.68,49.66,0.0,0.0,0.0,45.0,42.28,0.2,1.0,0.07,120.0,44.47,738.6,116.52,0.3,0.3,18.08,2.48,16.76,49.73,62.0,100.0,38.92
2018-01-17 09:29:00,1,1,49.67,72.0,68.0,42.24,45.7,49.67,0.0,0.0,0.0,45.0,42.3,0.2,1.0,0.07,120.0,44.49,738.6,116.52,0.3,0.3,18.08,2.53,16.76,49.64,61.89,100.0,38.87
2018-01-17 09:30:00,1,1,49.67,72.0,68.0,42.25,45.71,49.67,0.0,0.0,0.0,45.0,42.31,0.2,1.0,0.07,120.0,44.5,738.6,116.52,0.3,0.3,18.08,2.58,16.76,49.56,61.79,100.0,38.83
2018-01-17 09:31:00,1,1,49.68,72.0,68.0,42.27,45.72,49.68,0.0,0.0,0.0,45.0,42.33,0.2,1.0,0.07,120.0,44.52,738.6,116.52,0.3,0.3,18.08,2.63,16.76,49.48,61.68,100.0,38.78
2018-01-17 09:32:00,1,1,49.69,72.0,68.0,42.28,45.74,49.69,0.0,0.0,0.0,45.0,42.34,0.2,1.0,0.07,120.0,44.53,738.6,116.52,0.3,0.3,18.08,2.68,16.76,49.4,61.58,100.0,38.73
2018-01-17 09:33:00,1,1,49.69,72.0,68.0,42.29,45.75,49.69,0.0,0.0,0.0,45.0,42.35,0.2,1.0,0.07,120.0,44.54,738.6,116.52,0.3,0.3,18.08,2.73,16.76,49.32,61.47,100.0,38.69
2018-01-17 09:34:00,1,1,49.7,72.0,68.0,42.3,45.76,49.7,0.0,0.0,0.0,45.0,42.37,0.2,1.0,0.07,120.0,44.55,738.6,116.52,0.3,0.3,18.08,2.78,16.76,49.24,61.37,100.0,38.64
2018-01-17 09:35:00,1,1,49.7,72.0,68.0,42.31,45.77,49.7,0.0,0.0,0.0,45.0,42.38,0.2,1.0,0.07,120.0,44.56,738.6,116.52,0.3,0.3,18.08,2.82,16.76,49.16,61.27,100.0,38.59
2018-01-17 09:36:00,1,1,49.7,72.0,68.0,42.32,45.78,49.7,0.0,0.0,0.0,45.0,42.39,0.2,1.0,0.07,120.0,44.57,738.6,116.52,0.3,0.3,18.08,2.87,16.76,49.08,61.16,100.0,38.55
2018-01-17 09:37:00,1,1,49.71,72.0,68.0,42.33,45.79,49.71,0.0,0.0,0.0,45.0,42.4,0.2,1.0,0.07,120.0,44.58,738.6,116.52,0.3,0.3,18.08,2.92,16.76,49.0,61.06,100.0,38.5
2018-01-17 09:38:00,1,1,49.71,72.0,68.0,42.34,45.8,49.71,0.0,0.0,0.0,45.0,42.41,0.2,1.0,0.07,120.0,44.59,738.6,116.52,0.3,0.3,18.08,2.97,16.76,48.92,60.96,100.0,38.45
2018-01-17 09:39:00,1,1,49.71,72.0,68.0,42.35,45.81,49.71,0.0,0.0,0.0,45.0,42.42,0.2,1.0,0.07,120.0,44.6,738.6,116.52,0.3,0.3,18.08,3.01,16.76,48.85,60.86,100.0,38.41
2018-01-17 09:40:00,1,1,49.71,72.0,68.0,42.36,45.82,49.71,0.0,0.0,0.0,45.0,42.42,0.2,1.0,0.07,120.0,44.61,738.6,116.52,0.3,0.3,18.08,3.06,16.76,48.77,60.76,100.0,38.36
2018-01-17 09:41:00,1,1,49.71,72.0,68.0,42.36,45.82,49.71,0.0,0.0,0.0,45.0,42.43,0.2,1.0,0.07,120.0,44.62,738.6,116.52,0.3,0.3,18.08,3.1,16.76,48.69,60.66,100.0,38.31
2018-01-17 09:42:00,1,1,49.71,72.0,68.0,42.37,45.83,49.71,0.0,0.0,0.0,45.0,42.44,0.2,1.0,0.07,120.0,44.62,738.6,116.52,0.3,0.3,18.08,3.15,16.76,48.61,60.57,100.0,38.26
2018-01-17 09:43:00,1,1,49.71,72.0,68.0,42.38,45.83,49.71,0.0,0.0,0.0,45.0,42.44,0.2,1.0,0.07,120.0,44.63,738.6,116.52,0.3,0.3,18.08,3.2,16.76,48.54,60.47,100.0,38.22
2018-01-17 09:44:00,1,1,49.7,72.0,68.0,42.38,45.84,49.7,0.0,0.0,0.0,45.0,42.45,0.2,1.0,0.07,120.0,44.63,738.6,116.52,0.3,0.3,18.08,3.24,16.76,48.46,60.38,100.0,38.17
2018-01-17 09:45:00,1,1,49.7,72.0,68.0,42.39,45.84,49.7,0.0,0.0,0.0,45.0,42.45,0.2,1.0,0.07,120.0,44.64,738.6,116.52,0.3,0.3,18.08,3.29,16.76,48.38,60.28,100.0,38.12
2018-01-17 09:46:00,1,1,49.7,72.0,68.0,42.39,45.85,49.7,0.0,0.0,0.0,45.0,42.46,0.2,1.0,0.07,120.0,44.64,738.6,116.52,0.3,0.3,18.08,3.33,16.76,48.31,60.19,100.0,38.08
2018-01-17 09:47:00,1,1,49.69,72.0,68.0,42.39,45.85,49.69,0.0,0.0,0.0,45.0,42.46,0.2,1.0,0.07,120.0,44.65,738.6,116.52,0.3,0.3,18.08,3.37,16.76,48.24,60.1,100.0,38.03
2018-01-17 09:48:00,1,1,49.69,72.0,68.0,42.4,45.86,49.69,0.0,0.0,0.0,45.0,42.47,0.2,1.0,0.07,120.0,44.65,738.6,116.52,0.3,0.3,18.08,3.42,16.76,48.16,60.01,100.0,37.98
2018-01-17 09:49:00,1,1,49.69,72.0,68.0,42.4,45.86,49.69,0.0,0.0,0.0,45.0,42.47,0.2,1.0,0.07,120.0,44.66,738.6,116.52,0.3,0.3,18.08,3.46,16.76,48.09,59.92,100.0,37.93
2018-01-17 09:50:00,1,1,49.68,72.0,68.0,42.4,45.86,49.68,0.0,0.0,0.0,45.0,42.47,0.2,1.0,0.07,120.0,44.66,738.6,116.52,0.3,0.3,18.08,3.5,16.76,48.01,59.83,100.0,37.89
2018-01-17 09:51:00,1,1,49.68,72.0,68.0,42.4,45.87,49.68,0.0,0.0,0.0,45.0,42.48,0.2,1.0,0.07,120.0,44.66,738.6,116.52,0.3,0.3,18.08,3.54,16.76,47.94,59.74,100.0,37.84
2018-01-17 09:52:00,1,1,49.67,72.0,68.0,42.41,45.87,49.67,0.0,0.0,0.0,45.0,42.48,0.2,1.0,0.07,120.0,44.66,738.6,116.52,0.3,0.3,18.08,3.59,16.76,47.87,59.65,100.0,37.79
2018-01-17 09:53:00,1,1,49.66,72.0,68.0,42.41,45.87,49.66,0.0,0.0,0.0,45.0,42.48,0.2,1.0,0.07,120.0,44.66,738.6,116.52,0.3,0.3,18.08,3.63,16.76,47.8,59.57,100.0,37.75
2018-01-17 09:54:00,1,1,49.66,72.0,68.0,42.41,45.87,49.66,0.0,0.0,0.0,45.0,42.48,0.2,1.0,0.07,120.0,44.67,738.6,116.52,0.3,0.3,18.08,3.67,16.76,47.73,59.49,100.0,37.7
2018-01-17 09:55:00,1,1,49.65,72.0,68.0,42.41,45.87,49.65,0.0,0.0,0.0,45.0,42.48,0.2,1.0,0.07,120.0,44.67,738.6,116.52,0.3,0.3,18.08,3.71,16.76,47.66,59.41,100.0,37.65
2018-01-17 09:56:00,1,1,49.64,72.0,68.0,42.41,45.87,49.64,0.0,0.0,0.0,45.0,42.48,0.2,1.0,0.07,120.0,44.67,738.6,116.52,0.3,0.3,18.08,3.75,16.76,47.59,59.33,100.0,37.61
2018-01-17 09:57:00,1,1,49.64,72.0,68.0,42.41,45.87,49.64,0.0,0.0,0.0,45.0,42.48,0.2,1.0,0.07,120.0,44.67,738.6,116.52,0.3,0.3,18.08,3.79,16.76,47.52,59.25,100.0,37.56
2018-01-17 09:58:00,1,1,49.63,72.0,68.0,42.41,45.87,49.63,0.0,0.0,0.0,45.0,42.48,0.2,1.0,0.07,120.0,44.67,738.6,116.52,0.3,0.3,18.08,3.83,16.76,47.46,59.17,100.0,37.52
2018-01-17 09:59:00,1,1,49.62,72.0,68.0,42.41,45.87,49.62,0.0,0.0,0.0,45.0,42.48,0.2,1.0,0.07,120.0,44.67,738.6,116.52,0.3,0.3,18.08,3.86,16.76,47.39,59.09,100.0,37.47
2018-01-17 10:00:00,1,1,49.61,72.0,68.0,42.41,45.87,49.61,0.0,0.0,0.0,45.0,42.48,0.2,1.0,0.07,120.0,44.67,738.6,116.52,0.3,0.3,18.08,3.9,16.76,47.32,59.02,100.0,37.43
2018-01-17 10:01:00,1,1,49.61,72.0,68.0,42.41,45.87,49.61,0.0,0.0,0.0,45.0,42.48,0.2,1.0,0.07,120.0,44.67,738.6,116.52,0.3,0.3,18.08,3.93,16.76,47.26,58.98,100.0,37.38
2018-01-17 10:02:00,1,1,49.6,72.0,68.0,42.41,45.87,49.6,0.0,0.0,0.0,45.0,42.48,0.2,1.0,0.07,120.0,44.67,738.6,116.52,0.3,0.3,18.08,3.95,16.76,47.21,58.96,100.0,37.34
2018-01-17 10:03:00,1,1,49.59,72.0,68.0,42.4,45.87,49.59,0.0,0.0,0.0,45.0,42.48,0.2,1.0,0.07,120.0,44.66,738.6,116.52,0.3,0.3,18.08,3.98,16.76,47.16,58.95,100.0,37.3
2018-01-17 10:04:00,1,1,49.59,72.0,68.0,42.4,45.87,49.59,0.0,0.0,0.0,45.0,42.48,0.2,1.0,0.07,120.0,44.66,738.6,116.52,0.3,0.3,18.08,4.0,16.76,47.11,58.94,100.0,37.26
2018-01-17 10:05:00,1,1,49.58,72.0,68.0,42.4,45.87,49.58,0.0,0.0,0.0,45.0,42.47,0.2,1.0,0.07,120.0,44.66,738.6,116.52,0.3,0.3,18.08,4.02,16.76,47.06,58.93,100.0,37.23
2018-01-17 10:06:00,1,1,49.58,72.0,68.0,42.4,45.86,49.58,0.0,0.0,0.0,45.0,42.47,0.2,1.0,0.07,120.0,44.66,738.6,116.52,0.3,0.3,18.08,4.04,16.76,47.02,58.92,100.0,37.19
2018-01-17 10:07:00,1,1,49.58,72.0,68.0,42.4,45.86,49.58,0.0,0.0,0.0,45.0,42.47,0.2,1.0,0.07,120.0,44.66,738.6,116.52,0.3,0.3,18.08,4.06,16.76,46.98,58.91,100.0,37.16
2018-01-17 10:08:00,1,1,49.57,72.0,68.0,42.4,45.87,49.57,0.0,0.0,0.0,45.0,42.47,0.2,1.0,0.07,120.0,44.66,738.6,116.52,0.3,0.3,18.08,4.08,16.76,46.94,58.9,100.0,37.13
2018-01-17 10:09:00,1,1,49.57,72.0,68.0,42.4,45.87,49.57,0.0,0.0,0.0,45.0,42.48,0.2,1.0,0.07,120.0,44.66,738.6,116.52,0.3,0.3,18.08,4.1,16.76,46.9,58.9,100.0,37.1
2018-01-17 10:10:00,1,1,49.57,72.0,68.0,42.41,45.87,49.57,0.0,0.0,0.0,45.0,42.48,0.2,1.0,0.07,120.0,44.66,738.6,116.52,0.3,0.3,18.08,4.11,16.76,46.86,58.9,100.0,37.07
2018-01-17 10:11:00,1,1,49.57,72.0,68.0,42.41,45.87,49.57,0.0,0.0,0.0,45.0,42.48,0.2,1.0,0.07,120.0,44.66,738.6,116.52,0.3,0.3,18.08,4.13,16.76,46.83,58.89,100.0,37.04
2018-01-17 10:12:00,1,1,49.57,72.0,68.0,42.41,45.87,49.57,0.0,0.0,0.0,45.0,42.48,0.2,1.0,0.07,120.0,44.67,738.6,116.52,0.3,0.3,18.08,4.15,16.76,46.79,58.89,100.0,37.01
2018-01-17 10:13:00,1,1,49.57,72.0,68.0,42.41,45.87,49.57,0.0,0.0,0.0,45.0,42.48,0.2,1.0,0.07,120.0,44.67,738.6,116.52,0.3,0.3,18.08,4.17,16.76,46.76,58.89,100.0,36.99
2018-01-17 10:14:00,1,1,49.57,72.0,68.0,42.41,45.87,49.57,0.0,0.0,0.0,45.0,42.48,0.2,1.0,0.07,120.0,44.67,738.6,116.52,0.3,0.3,18.08,4.19,16.76,46.73,58.89,100.0,36.97
2018-01-17 10:15:00,1,1,49.57,72.0,68.0,42.42,45.88,49.57,0.0,0.0,0.0,45.0,42.49,0.2,1.0,0.07,120.0,44.67,738.6,116.52,0.3,0.3,18.08,4.2,16.76,46.7,58.89,100.0,36.95
2018-01-17 10:16:00,1,1,49.57,72.0,68.0,42.42,45.88,49.57,0.0,0.0,0.0,45.0,42.49,0.2,1.0,0.07,120.0,44.67,738.6,116.52,0.3,0.3,18.08,4.22,16.76,46.67,58.89,100.0,36.93
2018-01-17 10:17:00,1,1,49.57,72.0,68.0,42.42,45.88,49.57,0.0,0.0,0.0,45.0,42.49,0.2,1.0,0.07,120.0,44.68,738.6,116.52,0.3,0.3,18.08,4.24,16.76,46.65,58.9,100.0,36.91
2018-01-17 10:18:00,1,1,49.57,72.0,68.0,42.42,45.88,49.57,0.0,0.0,0.0,45.0,42.49,0.2,1.0,0.07,120.0,44.68,738.6,116.52,0.3,0.3,18.08,4.25,16.76,46.62,58.9,100.0,36.89
2018-01-17 10:19:00,1,1,49.57,72.0,68.0,42.43,45.89,49.57,0.0,0.0,0.0,45.0,42.5,0.2,1.0,0.07,120.0,44.68,738.6,116.52,0.3,0.3,18.08,4.27,16.76,46.6,58.9,100.0,36.87
2018-01-17 10:20:00,1,1,49.57,72.0,68.0,42.43,45.89,49.57,0.0,0.0,0.0,45.0,42.5,0.2,1.0,0.07,120.0,44.68,738.6,116.52,0.3,0.3,18.08,4.29,16.76,46.58,58.91,100.0,36.86
2018-01-17 10:21:00,1,1,49.57,72.0,68.0,42.43,45.89,49.57,0.0,0.0,0.0,45.0,42.5,0.2,1.0,0.07,120.0,44.69,738.6,116.52,0.3,0.3,18.08,4.3,16.76,46.56,58.91,100.0,36.84
2018-01-17 10:22:00,1,1,49.57,72.0,68.0,42.44,45.89,49.57,0.0,0.0,0.0,45.0,42.51,0.2,1.0,0.07,120.0,44.69,738.6,116.52,0.3,0.3,18.08,4.32,16.76,46.54,58.92,100.0,36.83
2018-01-17 10:23:00,1,1,49.57,72.0,68.0,42.44,45.9,49.57,0.0,0.0,0.0,45.0,42.51,0.2,1.0,0.07,120.0,44.69,738.6,116.52,0.3,0.3,18.08,4.33,16.76,46.52,58.93,100.0,36.81
2018-01-17 10:24:00,1,1,49.57,72.0,68.0,42.44,45.9,49.57,0.0,0.0,0.0,45.0,42.51,0.2,1.0,0.07,120.0,44.7,738.6,116.52,0.3,0.3,18.08,4.35,16.76,46.5,58.93,100.0,36.8
2018-01-17 10:25:00,1,1,49.57,72.0,68.0,42.45,45.91,49.57,0.0,0.0,0.0,45.0,42.52,0.2,1.0,0.07,120.0,44.7,738.6,116.52,0.3,0.3,18.08,4.36,16.76,46.48,58.94,100.0,36.79
2018-01-17 10:26:00,1,1,49.57,72.0,68.0,42.45,45.91,49.57,0.0,0.0,0.0,45.0,42.52,0.2,1.0,0.07,120.0,44.7,738.6,116.52,0.3,0.3,18.08,4.38,16.76,46.47,58.95,100.0,36.78
2018-01-17 10:27:00,1,1,49.58,72.0,68.0,42.45,45.91,49.58,0.0,0.0,0.0,45.0,42.52,0.2,1.0,0.07,120.0,44.71,738.6,116.52,0.3,0.3,18.08,4.4,16.76,46.45,58.96,100.0,36.77
2018-01-17 10:28:00,1,1,49.58,72.0,68.0,42.46,45.92,49.58,0.0,0.0,0.0,45.0,42.53,0.2,1.0,0.07,120.0,44.71,738.6,116.52,0.3,0.3,18.08,4.41,16.76,46.43,58.97,100.0,36.76
2018-01-17 10:29:00,1,1,49.58,72.0,68.0,42.46,45.92,49.58,0.0,0.0,0.0,45.0,42.53,0.2,1.0,0.07,120.0,44.72,738.6,116.52,0.3,0.3,18.08,4.43,16.76,46.42,58.97,100.0,36.75
2018-01-17 10:30:00,1,1,49.58,72.0,68.0,42.47,45.92,49.58,0.0,0.0,0.0,45.0,42.54,0.2,1.0,0.07,120.0,44.72,738.6,116.52,0.3,0.3,18.08,4.44,16.76,46.41,58.98,100.0,36.74
2018-01-17 10:31:00,1,1,49.59,72.0,68.0,42.47,45.93,49.59,0.0,0.0,0.0,45.0,42.54,0.2,1.0,0.07,120.0,44.73,738.6,116.52,0.3,0.3,18.08,4.46,16.76,46.39,58.99,100.0,36.73
2018-01-17 10:32:00,1,1,49.59,72.0,68.0,42.48,45.93,49.59,0.0,0.0,0.0,45.0,42.55,0.2,1.0,0.07,120.0,44.73,738.6,116.52,0.3,0.3,18.08,4.47,16.76,46.38,59.0,100.0,36.73
2018-01-17 10:33:00,1,1,49.59,72.0,68.0,42.48,45.94,49.59,0.0,0.0,0.0,45.0,42.55,0.2,1.0,0.07,120.0,44.73,738.6,116.52,0.3,0.3,18.08,4.49,16.76,46.37,59.01,100.0,36.72
2018-01-17 10:34:00,1,1,49.59,72.0,68.0,42.49,45.94,49.59,0.0,0.0,0.0,45.0,42.56,0.2,1.0,0.07,120.0,44.74,738.6,116.52,0.3,0.3,18.08,4.5,16.76,46.35,59.01,100.0,36.71
2018-01-17 10:35:00,1,1,49.6,72.0,68.0,42.49,45.95,49.6,0.0,0.0,0.0,45.0,42.56,0.2,1.0,0.07,120.0,44.74,738.6,116.52,0.3,0.3,18.08,4.52,16.76,46.34,59.02,100.0,36.71
2018-01-17 10:36:00,1,1,49.6,72.0,68.0,42.5,45.95,49.6,0.0,0.0,0.0,45.0,42.57,0.2,1.0,0.07,120.0,44.75,738.6,116.52,0.3,0.3,18.08,4.53,16.76,46.33,59.03,100.0,36.7
2018-01-17 10:37:00,1,1,49.61,72.0,68.0,42.5,45.96,49.61,0.0,0.0,0.0,45.0,42.57,0.2,1.0,0.07,120.0,44.75,738.6,116.52,0.3,0.3,18.08,4.55,16.76,46.32,59.04,100.0,36.69
2018-01-17 10:38:00,1,1,49.61,72.0,68.0,42.51,45.96,49.61,0.0,0.0,0.0,45.0,42.58,0.2,1.0,0.07,120.0,44.76,738.6,116.52,0.3,0.3,18.08,4.57,16.76,46.3,59.04,100.0,36.69
2018-01-17 10:39:00,1,1,49.61,72.0,68.0,42.51,45.97,49.61,0.0,0.0,0.0,45.0,42.58,0.2,1.0,0.07,120.0,44.77,738.6,116.52,0.3,0.3,18.08,4.58,16.76,46.29,59.05,100.0,36.68
2018-01-17 10:40:00,1,1,49.62,72.0,68.0,42.52,45.97,49.62,0.0,0.0,0.0,45.0,42.59,0.2,1.0,0.07,120.0,44.77,738.6,116.52,0.3,0.3,18.08,4.6,16.76,46.28,59.06,100.0,36.67
2018-01-17 10:41:00,1,1,49.62,72.0,68.0,42.53,45.98,49.62,0.0,0.0,0.0,45.0,42.59,0.2,1.0,0.07,120.0,44.78,738.6,116.52,0.3,0.3,18.08,4.62,16.76,46.27,59.06,100.0,36.67
2018-01-17 10:42:00,1,1,49.63,72.0,68.0,42.53,45.99,49.63,0.0,0.0,0.0,45.0,42.6,0.2,1.0,0.07,120.0,44.78,738.6,116.52,0.3,0.3,18.08,4.63,16.76,46.26,59.07,100.0,36.66
2018-01-17 10:43:00,1,1,49.63,72.0,68.0,42.54,45.99,49.63,0.0,0.0,0.0,45.0,42.61,0.2,1.0,0.07,120.0,44.79,738.6,116.52,0.3,0.3,18.08,4.65,16.76,46.24,59.07,100.0,36.66
2018-01-17 10:44:00,1,1,49.64,72.0,68.0,42.55,46.0,49.64,0.0,0.0,0.0,45.0,42.61,0.2,1.0,0.07,120.0,44.8,738.6,116.52,0.3,0.3,18.08,4.67,16.76,46.23,59.08,100.0,36.65
2018-01-17 10:45:00,1,1,49.64,72.0,68.0,42.55,46.01,49.64,0.0,0.0,0.0,45.0,42.62,0.2,1.0,0.07,120.0,44.8,738.6,116.52,0.3,0.3,18.08,4.68,16.76,46.22,59.08,100.0,36.65
2018-01-17 10:46:00,1,1,49.65,72.0,68.0,42.56,46.01,49.65,0.0,0.0,0.0,45.0,42.63,0.2,1.0,0.07,120.0,44.81,738.6,116.52,0.3,0.3,18.08,4.7,16.76,46.2,59.08,100.0,36.64
2018-01-17 10:47:00,1,1,49.65,72.0,68.0,42.57,46.02,49.65,0.0,0.0,0.0,45.0,42.64,0.2,1.0,0.07,120.0,44.82,738.6,116.52,0.3,0.3,18.08,4.72,16.76,46.19,59.08,100.0,36.63
2018-01-17 10:48:00,1,1,49.66,72.0,68.0,42.58,46.03,49.66,0.0,0.0,0.0,45.0,42.64,0.2,1.0,0.07,120.0,44.82,738.6,116.52,0.3,0.3,18.08,4.74,16.76,46.17,59.08,100.0,36.63
2018-01-17 10:49:00,1,1,49.66,72.0,68.0,42.58,46.03,49.66,0.0,0.0,0.0,45.0,42.65,0.2,1.0,0.07,120.0,44.83,738.6,116.52,0.3,0.3,18.08,4.76,16.76,46.16,59.08,100.0,36.62
2018-01-17 10:50:00,1,1,49.67,72.0,68.0,42.59,46.04,49.67,0.0,0.0,0.0,45.0,42.66,0.2,1.0,0.07,120.0,44.84,738.6,116.52,0.3,0.3,18.08,4.78,16.76,46.14,59.08,100.0,36.61
2018-01-17 10:51:00,1,1,49.67,72.0,68.0,42.6,46.05,49.67,0.0,0.0,0.0,45.0,42.67,0.2,1.0,0.07,120.0,44.85,738.6,116.52,0.3,0.3,18.08,4.8,16.76,46.13,59.08,100.0,36.61
2018-01-17 10:52:00,1,1,49.68,72.0,68.0,42.61,46.06,49.68,0.0,0.0,0.0,45.0,42.67,0.2,1.0,0.07,120.0,44.85,738.6,116.52,0.3,0.3,18.08,4.81,16.76,46.11,59.07,100.0,36.6
2018-01-17 10:53:00,1,1,49.69,72.0,68.0,42.62,46.07,49.69,0.0,0.0,0.0,45.0,42.68,0.2,1.0,0.07,120.0,44.86,738.6,116.52,0.3,0.3,18.08,4.84,16.76,46.09,59.07,100.0,36.59
2018-01-17 10:54:00,1,1,49.69,72.0,68.0,42.63,46.07,49.69,0.0,0.0,0.0,45.0,42.69,0.2,1.0,0.07,120.0,44.87,738.6,116.52,0.3,0.3,18.08,4.86,16.76,46.07,59.06,100.0,36.58
2018-01-17 10:55:00,1,1,49.7,72.0,68.0,42.64,46.08,49.7,0.0,0.0,0.0,45.0,42.7,0.2,1.0,0.07,120.0,44.88,738.6,116.52,0.3,0.3,18.08,4.88,16.76,46.05,59.05,100.0,36.57
2018-01-17 10:56:00,1,1,49.71,72.0,68.0,42.65,46.09,49.71,0.0,0.0,0.0,45.0,42.71,0.2,1.0,0.07,120.0,44.89,738.6,116.52,0.3,0.3,18.08,4.9,16.76,46.03,59.04,100.0,36.56
2018-01-17 10:57:00,1,1,49.72,72.0,68.0,42.66,46.1,49.72,0.0,0.0,0.0,45.0,42.72,0.2,1.0,0.07,120.0,44.9,738.6,116.52,0.3,0.3,18.08,4.92,16.76,46.01,59.03,100.0,36.55
2018-01-17 10:58:00,1,1,49.72,72.0,68.0,42.67,46.11,49.72,0.0,0.0,0.0,45.0,42.73,0.2,1.0,0.07,120.0,44.91,738.6,116.52,0.3,0.3,18.08,4.94,16.76,45.99,59.02,100.0,36.54
2018-01-17 10:59:00,1,1,49.73,72.0,68.0,42.68,46.12,49.73,0.0,0.0,0.0,45.0,42.74,0.2,1.0,0.07,120.0,44.92,738.6,116.52,0.3,0.3,18.08,4.97,16.76,45.97,59.01,100.0,36.53
2018-01-17 11:00:00,1,1,49.74,72.0,68.0,42.69,46.13,49.74,0.0,0.0,0.0,45.0,42.75,0.2,1.0,0.07,120.0,44.93,738.6,116.52,0.3,0.3,18.08,4.99,16.76,45.94,58.99,100.0,36.52
2018-01-17 11:01:00,1,1,49.75,72.0,68.0,42.7,46.14,49.75,0.0,0.0,0.0,45.0,42.76,0.2,1.0,0.07,120.0,44.94,738.6,116.52,0.3,0.3,18.08,5.02,16.76,45.91,58.94,100.0,36.51
2018-01-17 11:02:00,1,1,49.76,72.0,68.0,42.71,46.15,49.76,0.0,0.0,0.0,45.0,42.78,0.2,1.0,0.07,120.0,44.95,738.6,116.52,0.3,0.3,18.08,5.07,16.76,45.87,58.87,100.0,36.49
2018-01-17 11:03:00,1,1,49.77,72.0,68.0,42.73,46.17,49.77,0.0,0.0,0.0,45.0,42.79,0.2,1.0,0.07,120.0,44.97,738.6,116.52,0.3,0.3,18.08,5.11,16.76,45.82,58.78,100.0,36.47
2018-01-17 11:04:00,1,1,49.78,72.0,68.0,42.75,46.18,49.78,0.0,0.0,0.0,45.0,42.81,0.2,1.0,0.07,120.0,44.98,738.6,116.52,0.3,0.3,18.08,5.16,16.76,45.77,58.7,100.0,36.45
2018-01-17 11:05:00,1,1,49.8,72.0,68.0,42.77,46.2,49.8,0.0,0.0,0.0,45.0,42.83,0.2,1.0,0.07,120.0,45.0,738.6,116.52,0.3,0.3,18.08,5.2,16.76,45.71,58.62,100.0,36.42
2018-01-17 11:06:00,1,1,49.81,72.0,68.0,42.79,46.22,49.81,0.0,0.0,0.0,45.0,42.84,0.2,1.0,0.07,120.0,45.02,738.6,116.52,0.3,0.3,18.08,5.25,16.76,45.66,58.53,100.0,36.39
2018-01-17 11:07:00,1,1,49.83,72.0,68.0,42.81,46.24,49.83,0.0,0.0,0.0,45.0,42.86,0.2,1.0,0.07,120.0,45.04,738.6,116.52,0.3,0.3,18.08,5.29,16.76,45.59,58.45,100.0,36.36
2018-01-17 11:08:00,1,1,49.84,72.0,68.0,42.83,46.26,49.84,0.0,0.0,0.0,45.0,42.88,0.2,1.0,0.07,120.0,45.06,738.6,116.52,0.3,0.3,18.08,5.34,16.76,45.53,58.36,100.0,36.33
2018-01-17 11:09:00,1,1,49.86,72.0,68.0,42.85,46.28,49.86,0.0,0.0,0.0,45.0,42.91,0.2,1.0,0.07,120.0,45.08,738.6,116.52,0.3,0.3,18.08,5.39,16.76,45.46,58.27,100.0,36.29
2018-01-17 11:10:00,1,1,49.88,72.0,68.0,42.87,46.3,49.88,0.0,0.0,0.0,45.0,42.93,0.2,1.0,0.07,120.0,45.1,738.6,116.52,0.3,0.3,18.08,5.43,16.76,45.39,58.18,100.0,36.26
2018-01-17 11:11:00,1,1,49.89,72.0,68.0,42.89,46.32,49.89,0.0,0.0,0.0,45.0,42.95,0.2,1.0,0.07,120.0,45.12,738.6,116.52,0.3,0.3,18.08,5.48,16.76,45.32,58.09,100.0,36.22
2018-01-17 11:12:00,1,1,49.91,72.0,68.0,42.92,46.34,49.91,0.0,0.0,0.0,45.0,42.97,0.2,1.0,0.07,120.0,45.14,738.6,116.52,0.3,0.3,18.08,5.53,16.76,45.25,57.99,100.0,36.18
2018-01-17 11:13:00,1,1,49.93,72.0,68.0,42.94,46.36,49.93,0.0,0.0,0.0,45.0,43.0,0.2,1.0,0.07,120.0,45.16,738.6,116.52,0.3,0.3,18.08,5.58,16.76,45.17,57.9,100.0,36.13
2018-01-17 11:14:00,1,1,49.95,72.0,68.0,42.96,46.39,49.95,0.0,0.0,0.0,45.0,43.02,0.2,1.0,0.07,120.0,45.19,738.6,116.52,0.3,0.3,18.08,5.63,16.76,45.09,57.8,100.0,36.09
2018-01-17 11:15:00,1,1,49.97,72.0,68.0,42.99,46.41,49.97,0.0,0.0,0.0,45.0,43.04,0.2,1.0,0.07,120.0,45.21,738.6,116.52,0.3,0.3,18.08,5.68,16.76,45.01,57.71,100.0,36.04
2018-01-17 11:16:00,1,1,49.99,72.0,68.0,43.01,46.43,49.99,0.0,0.0,0.0,45.0,43.07,0.2,1.0,0.07,120.0,45.23,738.6,116.52,0.3,0.3,18.08,5.73,16.76,44.93,57.61,100.0,35.99
2018-01-17 11:17:00,1,1,50.01,72.0,68.0,43.04,46.46,50.01,0.0,0.0,0.0,45.0,43.09,0.2,1.0,0.07,120.0,45.26,738.6,116.52,0.3,0.3,18.08,5.78,16.76,44.84,57.51,100.0,35.94
2018-01-17 11:18:00,1,1,50.03,72.0,68.0,43.06,46.48,50.03,0.0,0.0,0.0,45.0,43.12,0.2,1.0,0.07,120.0,45.28,738.6,116.52,0.3,0.3,18.08,5.83,16.76,44.75,57.41,100.0,35.88
2018-01-17 11:19:00,1,1,50.05,72.0,68.0,43.09,46.51,50.05,0.0,0.0,0.0,45.0,43.14,0.2,1.0,0.07,120.0,45.31,738.6,116.52,0.3,0.3,18.08,5.88,16.76,44.67,57.31,100.0,35.82
2018-01-17 11:20:00,1,1,50.08,72.0,68.0,43.12,46.53,50.08,0.0,0.0,0.0,45.0,43.17,0.2,1.0,0.07,120.0,45.33,738.6,116.52,0.3,0.3,18.08,5.93,16.76,44.58,57.21,100.0,35.76
2018-01-17 11:21:00,1,1,50.1,72.0,68.0,43.14,46.56,50.1,0.0,0.0,0.0,45.0,43.2,0.2,1.0,0.07,120.0,45.36,738.6,116.52,0.3,0.3,18.08,5.98,16.76,44.49,57.11,100.0,35.69
2018-01-17 11:22:00,1,1,50.12,72.0,68.0,43.17,46.58,50.12,0.0,0.0,0.0,45.0,43.22,0.2,1.0,0.07,120.0,45.38,738.6,116.52,0.3,0.3,18.08,6.03,16.76,44.39,57.01,100.0,35.63
2018-01-17 11:23:00,1,1,50.14,72.0,68.0,43.2,46.61,50.14,0.0,0.0,0.0,45.0,43.25,0.2,1.0,0.07,120.0,45.41,738.6,116.52,0.3,0.3,18.08,6.08,16.76,44.3,56.91,100.0,35.56
2018-01-17 11:24:00,1,1,50.16,72.0,68.0,43.22,46.63,50.16,0.0,0.0,0.0,45.0,43.28,0.2,1.0,0.07,120.0,45.44,738.6,116.52,0.3,0.3,18.08,6.13,16.76,44.2,56.8,100.0,35.5
2018-01-17 11:25:00,1,1,50.19,72.0,68.0,43.25,46.66,50.19,0.0,0.0,0.0,45.0,43.3,0.2,1.0,0.07,120.0,45.46,738.6,116.52,0.3,0.3,18.08,6.19,16.76,44.11,56.7,100.0,35.43
2018-01-17 11:26:00,1,1,50.21,72.0,68.0,43.28,46.69,50.21,0.0,0.0,0.0,45.0,43.33,0.2,1.0,0.07,120.0,45.49,738.6,116.52,0.3,0.3,18.08,6.24,16.76,44.01,56.59,100.0,35.36
2018-01-17 11:27:00,1,1,50.23,72.0,68.0,43.31,46.71,50.23,0.0,0.0,0.0,45.0,43.36,0.2,1.0,0.07,120.0,45.52,738.6,116.52,0.3,0.3,18.08,6.29,16.76,43.91,56.49,100.0,35.29
2018-01-17 11:28:00,1,1,50.25,72.0,68.0,43.33,46.74,50.25,0.0,0.0,0.0,45.0,43.39,0.2,1.0,0.07,120.0,45.54,738.6,116.52,0.3,0.3,18.08,6.34,16.76,43.81,56.38,100.0,35.22
2018-01-17 11:29:00,1,1,50.28,72.0,68.0,43.36,46.76,50.28,0.0,0.0,0.0,45.0,43.41,0.2,1.0,0.07,120.0,45.57,738.6,116.52,0.3,0.3,18.08,6.4,16.76,43.71,56.28,100.0,35.15
2018-01-17 11:30:00,1,1,50.3,72.0,68.0,43.39,46.79,50.3,0.0,0.0,0.0,45.0,43.44,0.2,1.0,0.07,120.0,45.6,738.6,116.52,0.3,0.3,18.08,6.45,16.76,43.61,56.17,100.0,35.08
2018-01-17 11:31:00,1,1,50.32,72.0,68.0,43.42,46.82,50.32,0.0,0.0,0.0,45.0,43.47,0.2,1.0,0.07,120.0,45.62,738.6,116.52,0.3,0.3,18.08,6.5,16.76,43.51,56.06,100.0,35.0
2018-01-17 11:32:00,1,1,50.35,72.0,68.0,43.44,46.84,50.35,0.0,0.0,0.0,45.0,43.5,0.2,1.0,0.07,120.0,45.65,738.6,116.52,0.3,0.3,18.08,6.56,16.76,43.41,55.96,100.0,34.93
2018-01-17 11:33:00,1,1,50.37,72.0,68.0,43.47,46.87,50.37,0.0,0.0,0.0,45.0,43.52,0.2,1.0,0.07,120.0,45.68,738.6,116.52,0.3,0.3,18.08,6.61,16.76,43.3,55.85,100.0,34.85
2018-01-17 11:34:00,1,1,50.39,72.0,68.0,43.5,46.9,50.39,0.0,0.0,0.0,45.0,43.55,0.2,1.0,0.07,120.0,45.71,738.6,116.52,0.3,0.3,18.08,6.66,16.76,43.2,55.74,100.0,34.78
2018-01-17 11:35:00,1,1,50.42,72.0,68.0,43.53,46.92,50.42,0.0,0.0,0.0,45.0,43.58,0.2,1.0,0.07,120.0,45.73,738.6,116.52,0.3,0.3,18.08,6.72,16.76,43.09,55.64,100.0,34.7
2018-01-17 11:36:00,1,1,50.44,72.0,68.0,43.56,46.95,50.44,0.0,0.0,0.0,45.0,43.61,0.2,1.0,0.07,120.0,45.76,738.6,116.52,0.3,0.3,18.08,6.77,16.76,42.99,55.53,100.0,34.63
2018-01-17 11:37:00,1,1,50.46,72.0,68.0,43.58,46.98,50.46,0.0,0.0,0.0,45.0,43.64,0.2,1.0,0.07,120.0,45.79,738.6,116.52,0.3,0.3,18.08,6.82,16.76,42.88,55.42,100.0,34.55
2018-01-17 11:38:00,1,1,50.49,72.0,68.0,43.61,47.0,50.49,0.0,0.0,0.0,45.0,43.66,0.2,1.0,0.07,120.0,45.81,738.6,116.52,0.3,0.3,18.08,6.88,16.76,42.78,55.31,100.0,34.47
2018-01-17 11:39:00,1,1,50.51,72.0,68.0,43.64,47.03,50.51,0.0,0.0,0.0,45.0,43.69,0.2,1.0,0.07,120.0,45.84,738.6,116.52,0.3,0.3,18.08,6.93,16.76,42.67,55.21,100.0,34.39
2018-01-17 11:40:00,1,1,50.53,72.0,68.0,43.67,47.06,50.53,0.0,0.0,0.0,45.0,43.72,0.2,1.0,0.07,120.0,45.87,738.6,116.52,0.3,0.3,18.08,6.98,16.76,42.56,55.1,100.0,34.32
2018-01-17 11:41:00,1,1,50.56,72.0,68.0,43.7,47.08,50.56,0.0,0.0,0.0,45.0,43.75,0.2,1.0,0.07,120.0,45.9,738.6,116.52,0.3,0.3,18.08,7.04,16.76,42.46,54.99,100.0,34.24
2018-01-17 11:42:00,1,1,50.58,72.0,68.0,43.72,47.11,50.58,0.0,0.0,0.0,45.0,43.78,0.2,1.0,0.07,120.0,45.92,738.6,116.52,0.3,0.3,18.08,7.09,16.76,42.35,54.88,100.0,34.16
2018-01-17 11:43:00,1,1,50.6,72.0,68.0,43.75,47.14,50.6,0.0,0.0,0.0,45.0,43.8,0.2,1.0,0.07,120.0,45.95,738.6,116.52,0.3,0.3,18.08,7.15,16.76,42.24,54.78,100.0,34.08
2018-01-17 11:44:00,1,1,50.62,72.0,68.0,43.78,47.16,50.62,0.0,0.0,0.0,45.0,43.83,0.2,1.0,0.07,120.0,45.98,738.6,116.52,0.3,0.3,18.08,7.2,16.76,42.13,54.67,100.0,34.0
2018-01-17 11:45:00,1,1,50.65,72.0,68.0,43.81,47.19,50.65,0.0,0.0,0.0,45.0,43.86,0.2,1.0,0.07,120.0,46.0,738.6,116.52,0.3,0.3,18.08,7.25,16.76,42.02,54.57,100.0,33.92
2018-01-17 11:46:00,1,1,50.67,72.0,68.0,43.83,47.22,50.67,0.0,0.0,0.0,45.0,43.89,0.2,1.0,0.07,120.0,46.03,738.6,116.52,0.3,0.3,18.08,7.31,16.76,41.91,54.46,100.0,33.84
2018-01-17 11:47:00,1,1,50.69,72.0,68.0,43.86,47.24,50.69,0.0,0.0,0.0,45.0,43.91,0.2,1.0,0.07,120.0,46.06,738.6,116.52,0.3,0.3,18.08,7.36,16.76,41.81,54.35,100.0,33.76
2018-01-17 11:48:00,1,1,50.71,72.0,68.0,43.89,47.27,50.71,0.0,0.0,0.0,45.0,43.94,0.2,1.0,0.07,120.0,46.08,738.6,116.52,0.3,0.3,18.08,7.41,16.76,41.7,54.25,100.0,33.68
2018-01-17 11:49:00,1,1,50.73,72.0,68.0,43.91,47.29,50.73,0.0,0.0,0.0,45.0,43.97,0.2,1.0,0.07,120.0,46.11,738.6,116.52,0.3,0.3,18.08,7.47,16.76,41.59,54.15,100.0,33.6
2018-01-17 11:50:00,1,1,50.75,72.0,68.0,43.94,47.32,50.75,0.0,0.0,0.0,45.0,43.99,0.2,1.0,0.07,120.0,46.13,738.6,116.52,0.3,0.3,18.08,7.52,16.76,41.48,54.04,100.0,33.52
2018-01-17 11:51:00,1,1,50.78,72.0,68.0,43.97,47.34,50.78,0.0,0.0,0.0,45.0,44.02,0.2,1.0,0.07,120.0,46.16,738.6,116.52,0.3,0.3,18.08,7.57,16.76,41.37,53.94,100.0,33.44
2018-01-17 11:52:00,1,1,50.8,72.0,68.0,43.99,47.37,50.8,0.0,0.0,0.0,45.0,44.05,0.2,1.0,0.07,120.0,46.19,738.6,116.52,0.3,0.3,18.08,7.62,16.76,41.26,53.84,100.0,33.36
2018-01-17 11:53:00,1,1,50.82,72.0,68.0,44.02,47.39,50.82,0.0,0.0,0.0,45.0,44.07,0.2,1.0,0.07,120.0,46.21,738.6,116.52,0.3,0.3,18.08,7.68,16.76,41.16,53.74,100.0,33.28
2018-01-17 11:54:00,1,1,50.84,72.0,68.0,44.04,47.42,50.84,0.0,0.0,0.0,45.0,44.1,0.2,1.0,0.07,120.0,46.24,738.6,116.52,0.3,0.3,18.08,7.73,16.76,41.05,53.63,100.0,33.19
2018-01-17 11:55:00,1,1,50.86,72.0,68.0,44.07,47.44,50.86,0.0,0.0,0.0,45.0,44.12,0.2,1.0,0.07,120.0,46.26,738.6,116.52,0.3,0.3,18.08,7.78,16.76,40.94,53.53,100.0,33.11
2018-01-17 11:56:00,1,1,50.88,72.0,68.0,44.09,47.47,50.88,0.0,0.0,0.0,45.0,44.15,0.2,1.0,0.07,120.0,46.28,738.6,116.52,0.3,0.3,18.08,7.83,16.76,40.83,53.44,100.0,33.03
2018-01-17 11:57:00,1,1,50.9,72.0,68.0,44.12,47.49,50.9,0.0,0.0,0.0,45.0,44.17,0.2,1.0,0.07,120.0,46.31,738.6,116.52,0.3,0.3,18.08,7.88,16.76,40.72,53.34,100.0,32.95
2018-01-17 11:58:00,1,1,50.92,72.0,68.0,44.14,47.51,50.92,0.0,0.0,0.0,45.0,44.2,0.2,1.0,0.07,120.0,46.33,738.6,116.52,0.3,0.3,18.08,7.93,16.76,40.62,53.24,100.0,32.87
2018-01-17 11:59:00,1,1,50.94,72.0,68.0,44.17,47.54,50.94,0.0,0.0,0.0,45.0,44.22,0.2,1.0,0.07,120.0,46.36,738.6,116.52,0.3,0.3,18.08,7.99,16.76,40.51,53.14,100.0,32.79
2018-01-17 12:00:00,1,1,50.95,72.0,68.0,44.19,47.56,50.95,0.0,0.0,0.0,45.0,44.25,0.2,1.0,0.07,120.0,46.38,738.6,116.52,0.3,0.3,18.08,8.04,16.76,40.4,53.05,100.0,32.71
2018-01-17 12:01:00,1,1,50.97,72.0,68.0,44.21,47.58,50.97,0.0,0.0,0.0,45.0,44.27,0.2,1.0,0.07,120.0,46.4,738.6,116.52,0.3,0.3,18.08,8.08,16.76,40.3,52.98,100.0,32.63
2018-01-17 12:02:00,1,1,50.99,72.0,68.0,44.23,47.6,50.99,0.0,0.0,0.0,45.0,44.29,0.2,1.0,0.07,120.0,46.42,738.6,116.52,0.3,0.3,18.08,8.12,16.76,40.2,52.92,100.0,32.55
2018-01-17 12:03:00,1,1,51.0,72.0,68.0,44.25,47.62,51.0,0.0,0.0,0.0,45.0,44.31,0.2,1.0,0.07,120.0,46.44,738.6,116.52,0.3,0.3,18.08,8.17,16.76,40.11,52.87,100.0,32.48
2018-01-17 12:04:00,1,1,51.01,72.0,68.0,44.26,47.64,51.01,0.0,0.0,0.0,45.0,44.32,0.2,1.0,0.07,120.0,46.46,738.6,116.52,0.3,0.3,18.08,8.21,16.76,40.01,52.81,100.0,32.4
2018-01-17 12:05:00,1,1,51.02,72.0,68.0,44.28,47.65,51.02,0.0,0.0,0.0,45.0,44.34,0.2,1.0,0.07,120.0,46.47,738.6,116.52,0.3,0.3,18.08,8.25,16.76,39.92,52.76,100.0,32.33
2018-01-17 12:06:00,1,1,51.02,72.0,68.0,44.29,47.66,51.02,0.0,0.0,0.0,45.0,44.35,0.2,1.0,0.07,120.0,46.49,738.6,116.52,0.3,0.3,18.08,8.29,16.76,39.83,52.71,100.0,32.26
2018-01-17 12:07:00,1,1,51.03,72.0,68.0,44.3,47.67,51.03,0.0,0.0,0.0,45.0,44.36,0.2,1.0,0.07,120.0,46.5,738.6,116.52,0.3,0.3,18.08,8.33,16.76,39.74,52.66,100.0,32.19
2018-01-17 12:08:00,1,1,51.03,72.0,68.0,44.31,47.68,51.03,0.0,0.0,0.0,45.0,44.37,0.2,1.0,0.07,120.0,46.51,738.6,116.52,0.3,0.3,18.08,8.37,16.76,39.65,52.61,100.0,32.12
2018-01-17 12:09:00,1,1,51.04,72.0,68.0,44.32,47.69,51.04,0.0,0.0,0.0,45.0,44.38,0.2,1.0,0.07,120.0,46.52,738.6,116.52,0.3,0.3,18.08,8.41,16.76,39.56,52.57,100.0,32.05
2018-01-17 12:10:00,1,1,51.04,72.0,68.0,44.32,47.7,51.04,0.0,0.0,0.0,45.0,44.39,0.2,1.0,0.07,120.0,46.52,738.6,116.52,0.3,0.3,18.08,8.45,16.76,39.48,52.52,100.0,31.98
2018-01-17 12:11:00,1,1,51.04,72.0,68.0,44.33,47.71,51.04,0.0,0.0,0.0,45.0,44.4,0.2,1.0,0.07,120.0,46.53,738.6,116.52,0.3,0.3,18.08,8.49,16.76,39.39,52.47,100.0,31.92
2018-01-17 12:12:00,1,1,51.04,72.0,68.0,44.34,47.71,51.04,0.0,0.0,0.0,45.0,44.4,0.2,1.0,0.07,120.0,46.54,738.6,116.52,0.3,0.3,18.08,8.52,16.76,39.3,52.43,100.0,31.85
2018-01-17 12:13:00,1,1,51.03,72.0,68.0,44.34,47.72,51.03,0.0,0.0,0.0,45.0,44.41,0.2,1.0,0.07,120.0,46.54,738.6,116.52,0.3,0.3,18.08,8.56,16.76,39.22,52.39,100.0,31.78
2018-01-17 12:14:00,1,1,51.03,72.0,68.0,44.34,47.72,51.03,0.0,0.0,0.0,45.0,44.41,0.2,1.0,0.07,120.0,46.55,738.6,116.52,0.3,0.3,18.08,8.6,16.76,39.13,52.34,100.0,31.72
2018-01-17 12:15:00,1,1,51.03,72.0,68.0,44.35,47.72,51.03,0.0,0.0,0.0,45.0,44.42,0.2,1.0,0.07,120.0,46.55,738.6,116.52,0.3,0.3,18.08,8.64,16.76,39.05,52.3,100.0,31.65
2018-01-17 12:16:00,1,1,51.02,72.0,68.0,44.35,47.73,51.02,0.0,0.0,0.0,45.0,44.42,0.2,1.0,0.07,120.0,46.55,738.6,116.52,0.3,0.3,18.08,8.68,16.76,38.97,52.26,100.0,31.58
2018-01-17 12:17:00,1,1,51.02,72.0,68.0,44.35,47.73,51.02,0.0,0.0,0.0,45.0,44.42,0.2,1.0,0.07,120.0,46.56,738.6,116.52,0.3,0.3,18.08,8.71,16.76,38.88,52.22,100.0,31.52
2018-01-17 12:18:00,1,1,51.01,72.0,68.0,44.35,47.73,51.01,0.0,0.0,0.0,45.0,44.42,0.2,1.0,0.07,120.0,46.56,738.6,116.52,0.3,0.3,18.08,8.75,16.76,38.8,52.18,100.0,31.45
2018-01-17 12:19:00,1,1,51.01,72.0,68.0,44.35,47.73,51.01,0.0,0.0,0.0,45.0,44.42,0.2,1.0,0.07,120.0,46.56,738.6,116.52,0.3,0.3,18.08,8.79,16.76,38.72,52.14,100.0,31.39
2018-01-17 12:20:00,1,1,51.0,72.0,68.0,44.35,47.73,51.0,0.0,0.0,0.0,45.0,44.42,0.2,1.0,0.07,120.0,46.56,738.6,116.52,0.3,0.3,18.08,8.82,16.76,38.63,52.1,100.0,31.32
2018-01-17 12:21:00,1,1,50.99,72.0,68.0,44.35,47.73,50.99,0.0,0.0,0.0,45.0,44.42,0.2,1.0,0.07,120.0,46.56,738.6,116.52,0.3,0.3,18.08,8.86,16.76,38.55,52.07,100.0,31.26
2018-01-17 12:22:00,1,1,50.99,72.0,68.0,44.35,47.73,50.99,0.0,0.0,0.0,45.0,44.42,0.2,1.0,0.07,120.0,46.56,738.6,116.52,0.3,0.3,18.08,8.9,16.76,38.47,52.03,100.0,31.2
2018-01-17 12:23:00,1,1,50.98,72.0,68.0,44.35,47.73,50.98,0.0,0.0,0.0,45.0,44.42,0.2,1.0,0.07,120.0,46.56,738.6,116.52,0.3,0.3,18.08,8.93,16.76,38.39,51.99,100.0,31.13
2018-01-17 12:24:00,1,1,50.97,72.0,68.0,44.35,47.73,50.97,0.0,0.0,0.0,45.0,44.42,0.2,1.0,0.07,120.0,46.56,738.6,116.52,0.3,0.3,18.08,8.97,16.76,38.31,51.96,100.0,31.07
2018-01-17 12:25:00,1,1,50.96,72.0,68.0,44.35,47.73,50.96,0.0,0.0,0.0,45.0,44.42,0.2,1.0,0.07,120.0,46.55,738.6,116.52,0.3,0.3,18.08,9.0,16.76,38.23,51.92,100.0,31.01
2018-01-17 12:26:00,1,1,50.95,72.0,68.0,44.34,47.73,50.95,0.0,0.0,0.0,45.0,44.42,0.2,1.0,0.07,120.0,46.55,738.6,116.52,0.3,0.3,18.08,9.03,16.76,38.15,51.89,100.0,30.94
2018-01-17 12:27:00,1,1,50.94,72.0,68.0,44.34,47.72,50.94,0.0,0.0,0.0,45.0,44.42,0.2,1.0,0.07,120.0,46.55,738.6,116.52,0.3,0.3,18.08,9.07,16.76,38.07,51.86,100.0,30.88
2018-01-17 12:28:00,1,1,50.93,72.0,68.0,44.34,47.72,50.93,0.0,0.0,0.0,45.0,44.41,0.2,1.0,0.07,120.0,46.55,738.6,116.52,0.3,0.3,18.08,9.1,16.76,37.99,51.83,100.0,30.82
2018-01-17 12:29:00,1,1,50.92,72.0,68.0,44.34,47.72,50.92,0.0,0.0,0.0,45.0,44.41,0.2,1.0,0.07,120.0,46.55,738.6,116.52,0.3,0.3,18.08,9.14,16.76,37.91,51.79,100.0,30.76
2018-01-17 12:30:00,1,1,50.91,72.0,68.0,44.33,47.72,50.91,0.0,0.0,0.0,45.0,44.41,0.2,1.0,0.07,120.0,46.54,738.6,116.52,0.3,0.3,18.08,9.17,16.76,37.83,51.76,100.0,30.69
2018-01-17 12:31:00,1,1,50.9,72.0,68.0,44.33,47.71,50.9,0.0,0.0,0.0,45.0,44.4,0.2,1.0,0.07,120.0,46.54,738.6,116.52,0.3,0.3,18.08,9.2,16.76,37.76,51.73,100.0,30.63
2018-01-17 12:32:00,1,1,50.89,72.0,68.0,44.33,47.71,50.89,0.0,0.0,0.0,45.0,44.4,0.2,1.0,0.07,120.0,46.54,738.6,116.52,0.3,0.3,18.08,9.24,16.76,37.68,51.7,100.0,30.57
2018-01-17 12:33:00,1,1,50.88,72.0,68.0,44.32,47.71,50.88,0.0,0.0,0.0,45.0,44.4,0.2,1.0,0.07,120.0,46.53,738.6,116.52,0.3,0.3,18.08,9.27,16.76,37.6,51.67,100.0,30.51
2018-01-17 12:34:00,1,1,50.87,72.0,68.0,44.32,47.7,50.87,0.0,0.0,0.0,45.0,44.39,0.2,1.0,0.07,120.0,46.53,738.6,116.52,0.3,0.3,18.08,9.3,16.76,37.53,51.64,100.0,30.45
2018-01-17 12:35:00,1,1,50.86,72.0,68.0,44.31,47.7,50.86,0.0,0.0,0.0,45.0,44.39,0.2,1.0,0.07,120.0,46.52,738.6,116.52,0.3,0.3,18.08,9.33,16.76,37.45,51.61,100.0,30.39
2018-01-17 12:36:00,1,1,50.85,72.0,68.0,44.31,47.69,50.85,0.0,0.0,0.0,45.0,44.39,0.2,1.0,0.07,120.0,46.52,738.6,116.52,0.3,0.3,18.08,9.36,16.76,37.38,51.58,100.0,30.33
2018-01-17 12:37:00,1,1,50.84,72.0,68.0,44.31,47.69,50.84,0.0,0.0,0.0,45.0,44.38,0.2,1.0,0.07,120.0,46.52,738.6,116.52,0.3,0.3,18.08,9.39,16.76,37.3,51.56,100.0,30.27
2018-01-17 12:38:00,1,1,50.83,72.0,68.0,44.3,47.69,50.83,0.0,0.0,0.0,45.0,44.38,0.2,1.0,0.07,120.0,46.51,738.6,116.52,0.3,0.3,18.08,9.43,16.76,37.23,51.53,100.0,30.21
2018-01-17 12:39:00,1,1,50.82,72.0,68.0,44.3,47.68,50.82,0.0,0.0,0.0,45.0,44.37,0.2,1.0,0.07,120.0,46.51,738.6,116.52,0.3,0.3,18.08,9.46,16.76,37.15,51.5,100.0,30.15
2018-01-17 12:40:00,1,1,50.81,72.0,68.0,44.29,47.68,50.81,0.0,0.0,0.0,45.0,44.37,0.2,1.0,0.07,120.0,46.5,738.6,116.52,0.3,0.3,18.08,9.49,16.76,37.08,51.48,100.0,30.09
2018-01-17 12:41:00,1,1,50.8,72.0,68.0,44.29,47.67,50.8,0.0,0.0,0.0,45.0,44.36,0.2,1.0,0.07,120.0,46.5,738.6,116.52,0.3,0.3,18.08,9.52,16.76,37.01,51.45,100.0,30.03
2018-01-17 12:42:00,1,1,50.79,72.0,68.0,44.28,47.67,50.79,0.0,0.0,0.0,45.0,44.36,0.2,1.0,0.07,120.0,46.5,738.6,116.52,0.3,0.3,18.08,9.55,16.76,36.93,51.42,100.0,29.98
2018-01-17 12:43:00,1,1,50.78,72.0,68.0,44.28,47.67,50.78,0.0,0.0,0.0,45.0,44.35,0.2,1.0,0.07,120.0,46.49,738.6,116.52,0.3,0.3,18.08,9.58,16.76,36.86,51.4,100.0,29.92
2018-01-17 12:44:00,1,1,50.76,72.0,68.0,44.28,47.66,50.76,0.0,0.0,0.0,45.0,44.35,0.2,1.0,0.07,120.0,46.49,738.6,116.52,0.3,0.3,18.08,9.6,16.76,36.79,51.37,100.0,29.86
2018-01-17 12:45:00,1,1,50.75,72.0,68.0,44.27,47.66,50.75,0.0,0.0,0.0,45.0,44.35,0.2,1.0,0.07,120.0,46.48,738.6,116.52,0.3,0.3,18.08,9.63,16.76,36.72,51.35,100.0,29.81
2018-01-17 12:46:00,1,1,50.74,72.0,68.0,44.27,47.65,50.74,0.0,0.0,0.0,45.0,44.34,0.2,1.0,0.07,120.0,46.48,738.6,116.52,0.3,0.3,18.08,9.66,16.76,36.65,51.32,100.0,29.75
2018-01-17 12:47:00,1,1,50.73,72.0,68.0,44.26,47.65,50.73,0.0,0.0,0.0,45.0,44.34,0.2,1.0,0.07,120.0,46.48,738.6,116.52,0.3,0.3,18.08,9.69,16.76,36.58,51.3,100.0,29.69
2018-01-17 12:48:00,1,1,50.72,72.0,68.0,44.26,47.65,50.72,0.0,0.0,0.0,45.0,44.33,0.2,1.0,0.07,120.0,46.47,738.6,116.52,0.3,0.3,18.08,9.72,16.76,36.51,51.28,100.0,29.64
2018-01-17 12:49:00,1,1,50.71,72.0,68.0,44.26,47.64,50.71,0.0,0.0,0.0,45.0,44.33,0.2,1.0,0.07,120.0,46.47,738.6,116.52,0.3,0.3,18.08,9.75,16.76,36.44,51.25,100.0,29.58
2018-01-17 12:50:00,1,1,50.71,72.0,68.0,44.25,47.64,50.71,0.0,0.0,0.0,45.0,44.33,0.2,1.0,0.07,120.0,46.46,738.6,116.52,0.3,0.3,18.08,9.77,16.76,36.38,51.23,100.0,29.53
2018-01-17 12:51:00,1,1,50.7,72.0,68.0,44.25,47.64,50.7,0.0,0.0,0.0,45.0,44.32,0.2,1.0,0.07,120.0,46.46,738.6,116.52,0.3,0.3,18.08,9.8,16.76,36.31,51.21,100.0,29.47
2018-01-17 12:52:00,1,1,50.69,72.0,68.0,44.25,47.63,50.69,0.0,0.0,0.0,45.0,44.32,0.2,1.0,0.07,120.0,46.46,738.6,116.52,0.3,0.3,18.08,9.83,16.76,36.24,51.18,100.0,29.42
2018-01-17 12:53:00,1,1,50.68,72.0,68.0,44.24,47.63,50.68,0.0,0.0,0.0,45.0,44.32,0.2,1.0,0.07,120.0,46.45,738.6,116.52,0.3,0.3,18.08,9.85,16.76,36.18,51.16,100.0,29.37
2018-01-17 12:54:00,1,1,50.67,72.0,68.0,44.24,47.63,50.67,0.0,0.0,0.0,45.0,44.31,0.2,1.0,0.07,120.0,46.45,738.6,116.52,0.3,0.3,18.08,9.88,16.76,36.11,51.14,100.0,29.32
2018-01-17 12:55:00,1,1,50.66,72.0,68.0,44.24,47.62,50.66,0.0,0.0,0.0,45.0,44.31,0.2,1.0,0.07,120.0,46.45,738.6,116.52,0.3,0.3,18.08,9.9,16.76,36.05,51.11,100.0,29.26
2018-01-17 12:56:00,1,1,50.66,72.0,68.0,44.24,47.62,50.66,0.0,0.0,0.0,45.0,44.31,0.2,1.0,0.07,120.0,46.45,738.6,116.52,0.3,0.3,18.08,9.93,16.76,35.99,51.09,100.0,29.21
2018-01-17 12:57:00,1,1,50.65,72.0,68.0,44.23,47.62,50.65,0.0,0.0,0.0,45.0,44.31,0.2,1.0,0.07,120.0,46.44,738.6,116.52,0.3,0.3,18.08,9.96,16.76,35.92,51.07,100.0,29.16
2018-01-17 12:58:00,1,1,50.64,72.0,68.0,44.23,47.62,50.64,0.0,0.0,0.0,45.0,44.3,0.2,1.0,0.07,120.0,46.44,738.6,116.52,0.3,0.3,18.08,9.98,16.76,35.86,51.05,100.0,29.11
2018-01-17 12:59:00,1,1,50.64,72.0,68.0,44.23,47.62,50.64,0.0,0.0,0.0,45.0,44.3,0.2,1.0,0.07,120.0,46.44,738.6,116.52,0.3,0.3,18.08,10.0,16.76,35.8,51.02,100.0,29.06
2018-01-17 13:00:00,1,1,50.63,72.0,68.0,44.23,47.62,50.63,0.0,0.0,0.0,45.0,44.3,0.2,1.0,0.07,120.0,46.44,738.6,116.52,0.3,0.3,18.08,10.03,16.76,35.74,51.0,100.0,29.01
2018-01-17 13:01:00,1,1,50.63,72.0,68.0,44.23,47.61,50.63,0.0,0.0,0.0,45.0,44.3,0.2,1.0,0.07,120.0,46.44,738.6,116.52,0.3,0.3,18.08,10.05,16.76,35.68,50.96,100.0,28.96
2018-01-17 13:02:00,1,1,50.63,72.0,68.0,44.23,47.62,50.63,0.0,0.0,0.0,45.0,44.3,0.2,1.0,0.07,120.0,46.44,738.6,116.52,0.3,0.3,18.08,10.07,16.76,35.62,50.91,100.0,28.91
2018-01-17 13:03:00,1,1,50.63,72.0,68.0,44.24,47.62,50.63,0.0,0.0,0.0,45.0,44.31,0.2,1.0,0.07,120.0,46.44,738.6,116.52,0.3,0.3,18.08,10.08,16.76,35.55,50.85,100.0,28.86
2018-01-17 13:04:00,1,1,50.63,72.0,68.0,44.24,47.62,50.63,0.0,0.0,0.0,45.0,44.31,0.2,1.0,0.07,120.0,46.45,738.6,116.52,0.3,0.3,18.08,10.1,16.76,35.49,50.8,100.0,28.81
2018-01-17 13:05:00,1,1,50.64,72.0,68.0,44.25,47.63,50.64,0.0,0.0,0.0,45.0,44.32,0.2,1.0,0.07,120.0,46.45,738.6,116.52,0.3,0.3,18.08,10.12,16.76,35.43,50.74,100.0,28.76
2018-01-17 13:06:00,1,1,50.65,72.0,68.0,44.27,47.64,50.65,0.0,0.0,0.0,45.0,44.33,0.2,1.0,0.07,120.0,46.46,738.6,116.52,0.3,0.3,18.08,10.14,16.76,35.37,50.69,100.0,28.71
2018-01-17 13:07:00,1,1,50.67,72.0,68.0,44.28,47.65,50.67,0.0,0.0,0.0,45.0,44.34,0.2,1.0,0.07,120.0,46.48,738.6,116.52,0.3,0.3,18.08,10.15,16.76,35.31,50.63,100.0,28.66
2018-01-17 13:08:00,1,1,50.68,72.0,68.0,44.29,47.67,50.68,0.0,0.0,0.0,45.0,44.36,0.2,1.0,0.07,120.0,46.49,738.6,116.52,0.3,0.3,18.08,10.17,16.76,35.25,50.58,100.0,28.61
2018-01-17 13:09:00,1,1,50.7,72.0,68.0,44.31,47.68,50.7,0.0,0.0,0.0,45.0,44.37,0.2,1.0,0.07,120.0,46.5,738.6,116.52,0.3,0.3,18.08,10.18,16.76,35.19,50.52,100.0,28.56
2018-01-17 13:10:00,1,1,50.72,72.0,68.0,44.33,47.7,50.72,0.0,0.0,0.0,45.0,44.39,0.2,1.0,0.07,120.0,46.52,738.6,116.52,0.3,0.3,18.08,10.2,16.76,35.13,50.47,100.0,28.52
2018-01-17 13:11:00,1,1,50.74,72.0,68.0,44.35,47.72,50.74,0.0,0.0,0.0,45.0,44.41,0.2,1.0,0.07,120.0,46.54,738.6,116.52,0.3,0.3,18.08,10.21,16.76,35.08,50.41,100.0,28.47
2018-01-17 13:12:00,1,1,50.76,72.0,68.0,44.37,47.73,50.76,0.0,0.0,0.0,45.0,44.43,0.2,1.0,0.07,120.0,46.56,738.6,116.52,0.3,0.3,18.08,10.23,16.76,35.03,50.36,100.0,28.43
2018-01-17 13:13:00,1,1,50.78,72.0,68.0,44.39,47.75,50.78,0.0,0.0,0.0,45.0,44.45,0.2,1.0,0.07,120.0,46.58,738.6,116.52,0.3,0.3,18.08,10.25,16.76,34.97,50.31,100.0,28.38
2018-01-17 13:14:00,1,1,50.8,72.0,68.0,44.41,47.77,50.8,0.0,0.0,0.0,45.0,44.47,0.2,1.0,0.07,120.0,46.6,738.6,116.52,0.3,0.3,18.08,10.26,16.76,34.92,50.26,100.0,28.34
2018-01-17 13:15:00,1,1,50.83,72.0,68.0,44.43,47.8,50.83,0.0,0.0,0.0,45.0,44.49,0.2,1.0,0.07,120.0,46.62,738.6,116.52,0.3,0.3,18.08,10.28,16.76,34.87,50.21,100.0,28.3
2018-01-17 13:16:00,1,1,50.85,72.0,68.0,44.46,47.82,50.85,0.0,0.0,0.0,45.0,44.51,0.2,1.0,0.07,120.0,46.64,738.6,116.52,0.3,0.3,18.08,10.29,16.76,34.82,50.15,100.0,28.26
2018-01-17 13:17:00,1,1,50.88,72.0,68.0,44.48,47.84,50.88,0.0,0.0,0.0,45.0,44.54,0.2,1.0,0.07,120.0,46.66,738.6,116.52,0.3,0.3,18.08,10.3,16.76,34.78,50.1,100.0,28.22
2018-01-17 13:18:00,1,1,50.91,72.0,68.0,44.51,47.87,50.91,0.0,0.0,0.0,45.0,44.56,0.2,1.0,0.07,120.0,46.69,738.6,116.52,0.3,0.3,18.08,10.32,16.76,34.73,50.05,100.0,28.18
2018-01-17 13:19:00,1,1,50.94,72.0,68.0,44.53,47.89,50.94,0.0,0.0,0.0,45.0,44.59,0.2,1.0,0.07,120.0,46.71,738.6,116.52,0.3,0.3,18.08,10.33,16.76,34.69,50.0,100.0,28.14
2018-01-17 13:20:00,1,1,50.96,72.0,68.0,44.56,47.91,50.96,0.0,0.0,0.0,45.0,44.61,0.2,1.0,0.07,120.0,46.74,738.6,116.52,0.3,0.3,18.08,10.35,16.76,34.64,49.96,100.0,28.11
2018-01-17 13:21:00,1,1,50.99,72.0,68.0,44.59,47.94,50.99,0.0,0.0,0.0,45.0,44.64,0.2,1.0,0.07,120.0,46.76,738.6,116.52,0.3,0.3,18.08,10.36,16.76,34.6,49.91,100.0,28.07
2018-01-17 13:22:00,1,1,51.02,72.0,68.0,44.62,47.97,51.02,0.0,0.0,0.0,45.0,44.67,0.2,1.0,0.07,120.0,46.79,738.6,116.52,0.3,0.3,18.08,10.37,16.76,34.57,49.86,100.0,28.04
2018-01-17 13:23:00,1,1,51.06,72.0,68.0,44.64,47.99,51.06,0.0,0.0,0.0,45.0,44.7,0.2,1.0,0.07,120.0,46.82,738.6,116.52,0.3,0.3,18.08,10.39,16.76,34.53,49.81,100.0,28.01
2018-01-17 13:24:00,1,1,51.09,72.0,68.0,44.67,48.02,51.09,0.0,0.0,0.0,45.0,44.72,0.2,1.0,0.07,120.0,46.84,738.6,116.52,0.3,0.3,18.08,10.4,16.76,34.49,49.77,100.0,27.98
2018-01-17 13:25:00,1,1,51.12,72.0,68.0,44.7,48.05,51.12,0.0,0.0,0.0,45.0,44.75,0.2,1.0,0.07,120.0,46.87,738.6,116.52,0.3,0.3,18.08,10.42,16.76,34.46,49.72,100.0,27.95
2018-01-17 13:26:00,1,1,51.15,72.0,68.0,44.73,48.08,51.15,0.0,0.0,0.0,45.0,44.78,0.2,1.0,0.07,120.0,46.9,738.6,116.52,0.3,0.3,18.08,10.43,16.76,34.42,49.68,100.0,27.92
2018-01-17 13:27:00,1,1,51.18,72.0,68.0,44.76,48.1,51.18,0.0,0.0,0.0,45.0,44.81,0.2,1.0,0.07,120.0,46.93,738.6,116.52,0.3,0.3,18.08,10.44,16.76,34.39,49.64,100.0,27.9
2018-01-17 13:28:00,1,1,51.22,72.0,68.0,44.79,48.13,51.22,0.0,0.0,0.0,45.0,44.84,0.2,1.0,0.07,120.0,46.96,738.6,116.52,0.3,0.3,18.08,10.46,16.76,34.36,49.6,100.0,27.87
2018-01-17 13:29:00,1,1,51.25,72.0,68.0,44.82,48.16,51.25,0.0,0.0,0.0,45.0,44.87,0.2,1.0,0.07,120.0,46.99,738.6,116.52,0.3,0.3,18.08,10.47,16.76,34.33,49.56,100.0,27.85
2018-01-17 13:30:00,1,1,51.28,72.0,68.0,44.85,48.19,51.28,0.0,0.0,0.0,45.0,44.9,0.2,1.0,0.07,120.0,47.02,738.6,116.52,0.3,0.3,18.08,10.48,16.76,34.31,49.52,100.0,27.83
2018-01-17 13:31:00,1,1,51.32,72.0,68.0,44.88,48.22,51.32,0.0,0.0,0.0,45.0,44.93,0.2,1.0,0.07,120.0,47.05,738.6,116.52,0.3,0.3,18.08,10.5,16.76,34.28,49.48,100.0,27.81
2018-01-17 13:32:00,1,1,51.35,72.0,68.0,44.91,48.25,51.35,0.0,0.0,0.0,45.0,44.96,0.2,1.0,0.07,120.0,47.08,738.6,116.52,0.3,0.3,18.08,10.51,16.76,34.26,49.44,100.0,27.79
2018-01-17 13:33:00,1,1,51.39,72.0,68.0,44.94,48.28,51.39,0.0,0.0,0.0,45.0,44.99,0.2,1.0,0.07,120.0,47.11,738.6,116.52,0.3,0.3,18.08,10.52,16.76,34.24,49.4,100.0,27.77
2018-01-17 13:34:00,1,1,51.42,72.0,68.0,44.98,48.31,51.42,0.0,0.0,0.0,45.0,45.02,0.2,1.0,0.07,120.0,47.14,738.6,116.52,0.3,0.3,18.08,10.54,16.76,34.22,49.37,100.0,27.75
2018-01-17 13:35:00,1,1,51.46,72.0,68.0,45.01,48.34,51.46,0.0,0.0,0.0,45.0,45.06,0.2,1.0,0.07,120.0,47.17,738.6,116.52,0.3,0.3,18.08,10.55,16.76,34.2,49.33,100.0,27.74
2018-01-17 13:36:00,1,1,51.49,72.0,68.0,45.04,48.37,51.49,0.0,0.0,0.0,45.0,45.09,0.2,1.0,0.07,120.0,47.2,738.6,116.52,0.3,0.3,18.08,10.57,16.76,34.18,49.3,100.0,27.72
2018-01-17 13:37:00,1,1,51.52,72.0,68.0,45.07,48.4,51.52,0.0,0.0,0.0,45.0,45.12,0.2,1.0,0.07,120.0,47.23,738.6,116.52,0.3,0.3,18.08,10.58,16.76,34.16,49.27,100.0,27.71
2018-01-17 13:38:00,1,1,51.56,72.0,68.0,45.1,48.43,51.56,0.0,0.0,0.0,45.0,45.15,0.2,1.0,0.07,120.0,47.26,738.6,116.52,0.3,0.3,18.08,10.59,16.76,34.15,49.24,100.0,27.7
2018-01-17 13:39:00,1,1,51.59,72.0,68.0,45.13,48.46,51.59,0.0,0.0,0.0,45.0,45.18,0.2,1.0,0.07,120.0,47.29,738.6,116.52,0.3,0.3,18.08,10.61,16.76,34.13,49.21,100.0,27.69
2018-01-17 13:40:00,1,1,51.63,72.0,68.0,45.16,48.49,51.63,0.0,0.0,0.0,45.0,45.21,0.2,1.0,0.07,120.0,47.32,738.6,116.52,0.3,0.3,18.08,10.62,16.76,34.12,49.19,100.0,27.68
2018-01-17 13:41:00,1,1,51.66,72.0,68.0,45.2,48.52,51.66,0.0,0.0,0.0,45.0,45.24,0.2,1.0,0.07,120.0,47.35,738.6,116.52,0.3,0.3,18.08,10.63,16.76,34.11,49.16,100.0,27.67
2018-01-17 13:42:00,1,1,51.7,72.0,68.0,45.23,48.55,51.7,0.0,0.0,0.0,45.0,45.28,0.2,1.0,0.07,120.0,47.38,738.6,116.52,0.3,0.3,18.08,10.65,16.76,34.1,49.14,100.0,27.66
2018-01-17 13:43:00,1,1,51.73,72.0,68.0,45.26,48.58,51.73,0.0,0.0,0.0,45.0,45.31,0.2,1.0,0.07,120.0,47.41,738.6,116.52,0.3,0.3,18.08,10.66,16.76,34.09,49.11,100.0,27.65
