Datetime,FCU_CTRL,FAN_CTRL,RM_TEMP,RMCLGSPT,RMHTGSPT,FCU_MAT,FCU_DAT,FCU_RAT,FCU_CVLV,FCU_CVLV_DM,FCU_CLG_GPM,FCU_CLG_EWT,FCU_CLG_RWT,FCU_HVLV,FCU_HVLV_DM,FCU_HTG_GPM,FCU_HTG_EWT,FCU_HTG_RWT,FCU_DA_CFM,FCU_OA_CFM,FCU_DMPR,FCU_DMPR_DM,FCU_SPD,FCU_OAT,FCU_WAT,FCU_MA_HUMD,FCU_OA_HUMD,FCU_DA_HUMD,FCU_RA_HUMD
2018-01-11 20:55:00,2,1,68.43,85.0,55.0,40.03,57.84,64.83,0.0,0.0,0.0,45.0,54.06,0.0,0.0,0.0,120.0,57.84,0.0,0.88,0.0,0.0,0.0,15.24,0.0,86.19,53.58,72.48,53.17
2018-01-11 20:56:00,2,1,68.4,85.0,55.0,40.01,57.8,64.8,0.0,0.0,0.0,45.0,54.03,0.0,0.0,0.0,120.0,57.8,0.0,0.88,0.0,0.0,0.0,15.21,0.0,86.33,53.67,72.55,53.24
2018-01-11 20:57:00,2,1,68.38,85.0,55.0,39.98,57.77,64.78,0.0,0.0,0.0,45.0,53.99,0.0,0.0,0.0,120.0,57.77,0.0,0.88,0.0,0.0,0.0,15.18,0.0,86.46,53.75,72.63,53.3
2018-01-11 20:58:00,2,1,68.35,85.0,55.0,39.95,57.74,64.75,0.0,0.0,0.0,45.0,53.96,0.0,0.0,0.0,120.0,57.74,0.0,0.88,0.0,0.0,0.0,15.15,0.0,86.59,53.83,72.71,53.36
2018-01-11 20:59:00,2,1,68.32,85.0,55.0,39.92,57.7,64.72,0.0,0.0,0.0,45.0,53.92,0.0,0.0,0.0,120.0,57.7,0.0,0.88,0.0,0.0,0.0,15.12,0.0,86.71,53.9,72.79,53.42
2018-01-11 21:00:00,2,1,68.3,85.0,55.0,39.89,57.67,64.7,0.0,0.0,0.0,45.0,53.88,0.0,0.0,0.0,120.0,57.67,0.0,0.88,0.0,0.0,0.0,15.09,0.0,86.83,53.98,72.87,53.48
2018-01-11 21:01:00,2,1,68.27,85.0,55.0,39.88,57.64,64.67,0.0,0.0,0.0,45.0,53.85,0.0,0.0,0.0,120.0,57.64,0.0,0.88,0.0,0.0,0.0,15.08,0.0,86.9,53.97,72.94,53.53
2018-01-11 21:02:00,2,1,68.25,85.0,55.0,39.86,57.6,64.65,0.0,0.0,0.0,45.0,53.81,0.0,0.0,0.0,120.0,57.6,0.0,0.88,0.0,0.0,0.0,15.08,0.0,86.93,53.91,73.02,53.58
2018-01-11 21:03:00,2,1,68.22,85.0,55.0,39.85,57.57,64.62,0.0,0.0,0.0,45.0,53.77,0.0,0.0,0.0,120.0,57.57,0.0,0.88,0.0,0.0,0.0,15.08,0.0,86.95,53.84,73.1,53.63
2018-01-11 21:04:00,2,1,68.2,85.0,55.0,39.84,57.54,64.6,0.0,0.0,0.0,45.0,53.74,0.0,0.0,0.0,120.0,57.54,0.0,0.88,0.0,0.0,0.0,15.07,0.0,86.97,53.77,73.18,53.68
2018-01-11 21:05:00,2,1,68.18,85.0,55.0,39.83,57.5,64.58,0.0,0.0,0.0,45.0,53.7,0.0,0.0,0.0,120.0,57.5,0.0,0.88,0.0,0.0,0.0,15.07,0.0,86.98,53.7,73.26,53.72
2018-01-11 21:06:00,2,1,68.16,85.0,55.0,39.82,57.47,64.56,0.0,0.0,0.0,45.0,53.67,0.0,0.0,0.0,120.0,57.47,0.0,0.88,0.0,0.0,0.0,15.07,0.0,86.99,53.62,73.34,53.76
2018-01-11 21:07:00,2,1,68.15,85.0,55.0,39.81,57.44,64.55,0.0,0.0,0.0,45.0,53.63,0.0,0.0,0.0,120.0,57.44,0.0,0.88,0.0,0.0,0.0,15.07,0.0,87.0,53.55,73.42,53.8
2018-01-11 21:08:00,2,1,68.13,85.0,55.0,39.8,57.4,64.53,0.0,0.0,0.0,45.0,53.6,0.0,0.0,0.0,120.0,57.4,0.0,0.88,0.0,0.0,0.0,15.08,0.0,87.0,53.46,73.5,53.83
2018-01-11 21:09:00,2,1,68.11,85.0,55.0,39.8,57.37,64.51,0.0,0.0,0.0,45.0,53.56,0.0,0.0,0.0,120.0,57.37,0.0,0.88,0.0,0.0,0.0,15.08,0.0,87.0,53.38,73.58,53.87
2018-01-11 21:10:00,2,1,68.1,85.0,55.0,39.79,57.34,64.5,0.0,0.0,0.0,45.0,53.52,0.0,0.0,0.0,120.0,57.34,0.0,0.88,0.0,0.0,0.0,15.08,0.0,86.99,53.29,73.66,53.9
2018-01-11 21:11:00,2,1,68.09,85.0,55.0,39.78,57.3,64.49,0.0,0.0,0.0,45.0,53.49,0.0,0.0,0.0,120.0,57.3,0.0,0.88,0.0,0.0,0.0,15.08,0.0,86.99,53.21,73.74,53.93
2018-01-11 21:12:00,2,1,68.07,85.0,55.0,39.78,57.27,64.47,0.0,0.0,0.0,45.0,53.45,0.0,0.0,0.0,120.0,57.27,0.0,0.88,0.0,0.0,0.0,15.08,0.0,86.98,53.12,73.82,53.96
2018-01-11 21:13:00,2,1,68.06,85.0,55.0,39.77,57.24,64.46,0.0,0.0,0.0,45.0,53.42,0.0,0.0,0.0,120.0,57.24,0.0,0.88,0.0,0.0,0.0,15.08,0.0,86.97,53.02,73.9,53.99
2018-01-11 21:14:00,2,1,68.05,85.0,55.0,39.77,57.2,64.45,0.0,0.0,0.0,45.0,53.38,0.0,0.0,0.0,120.0,57.2,0.0,0.88,0.0,0.0,0.0,15.09,0.0,86.95,52.93,73.99,54.02
2018-01-11 21:15:00,2,1,68.04,85.0,55.0,39.76,57.17,64.44,0.0,0.0,0.0,45.0,53.35,0.0,0.0,0.0,120.0,57.17,0.0,0.88,0.0,0.0,0.0,15.09,0.0,86.94,52.84,74.07,54.04
2018-01-11 21:16:00,2,1,68.03,85.0,55.0,39.76,57.14,64.43,0.0,0.0,0.0,45.0,53.31,0.0,0.0,0.0,120.0,57.14,0.0,0.88,0.0,0.0,0.0,15.09,0.0,86.92,52.74,74.15,54.06
2018-01-11 21:17:00,2,1,68.02,85.0,55.0,39.76,57.1,64.42,0.0,0.0,0.0,45.0,53.28,0.0,0.0,0.0,120.0,57.1,0.0,0.88,0.0,0.0,0.0,15.1,0.0,86.9,52.64,74.23,54.09
2018-01-11 21:18:00,2,1,68.01,85.0,55.0,39.75,57.07,64.41,0.0,0.0,0.0,45.0,53.24,0.0,0.0,0.0,120.0,57.07,0.0,0.88,0.0,0.0,0.0,15.1,0.0,86.88,52.54,74.31,54.11
2018-01-11 21:19:00,2,1,68.0,85.0,55.0,39.75,57.04,64.4,0.0,0.0,0.0,45.0,53.21,0.0,0.0,0.0,120.0,57.04,0.0,0.88,0.0,0.0,0.0,15.1,0.0,86.85,52.44,74.4,54.13
2018-01-11 21:20:00,2,1,67.99,85.0,55.0,39.75,57.0,64.39,0.0,0.0,0.0,45.0,53.17,0.0,0.0,0.0,120.0,57.0,0.0,0.88,0.0,0.0,0.0,15.11,0.0,86.83,52.34,74.48,54.15
2018-01-11 21:21:00,2,1,67.98,85.0,55.0,39.75,56.97,64.38,0.0,0.0,0.0,45.0,53.14,0.0,0.0,0.0,120.0,56.97,0.0,0.88,0.0,0.0,0.0,15.11,0.0,86.81,52.24,74.56,54.17
2018-01-11 21:22:00,2,1,67.97,85.0,55.0,39.74,56.94,64.37,0.0,0.0,0.0,45.0,53.1,0.0,0.0,0.0,120.0,56.94,0.0,0.88,0.0,0.0,0.0,15.11,0.0,86.78,52.14,74.64,54.19
2018-01-11 21:23:00,2,1,67.97,85.0,55.0,39.74,56.9,64.37,0.0,0.0,0.0,45.0,53.07,0.0,0.0,0.0,120.0,56.9,0.0,0.88,0.0,0.0,0.0,15.12,0.0,86.75,52.03,74.73,54.21
2018-01-11 21:24:00,2,1,67.96,85.0,55.0,39.74,56.87,64.36,0.0,0.0,0.0,45.0,53.04,0.0,0.0,0.0,120.0,56.87,0.0,0.88,0.0,0.0,0.0,15.12,0.0,86.72,51.93,74.81,54.22
2018-01-11 21:25:00,2,1,67.95,85.0,55.0,39.74,56.84,64.35,0.0,0.0,0.0,45.0,53.0,0.0,0.0,0.0,120.0,56.84,0.0,0.88,0.0,0.0,0.0,15.13,0.0,86.7,51.83,74.89,54.24
2018-01-11 21:26:00,2,1,67.94,85.0,55.0,39.74,56.8,64.34,0.0,0.0,0.0,45.0,52.97,0.0,0.0,0.0,120.0,56.8,0.0,0.88,0.0,0.0,0.0,15.13,0.0,86.67,51.72,74.98,54.26
2018-01-11 21:27:00,2,1,67.94,85.0,55.0,39.74,56.77,64.34,0.0,0.0,0.0,45.0,52.93,0.0,0.0,0.0,120.0,56.77,0.0,0.88,0.0,0.0,0.0,15.13,0.0,86.64,51.62,75.06,54.27
2018-01-11 21:28:00,2,1,67.93,85.0,55.0,39.74,56.74,64.33,0.0,0.0,0.0,45.0,52.9,0.0,0.0,0.0,120.0,56.74,0.0,0.88,0.0,0.0,0.0,15.14,0.0,86.61,51.51,75.15,54.29
2018-01-11 21:29:00,2,1,67.93,85.0,55.0,39.73,56.7,64.33,0.0,0.0,0.0,45.0,52.86,0.0,0.0,0.0,120.0,56.7,0.0,0.88,0.0,0.0,0.0,15.14,0.0,86.58,51.41,75.23,54.3
2018-01-11 21:30:00,2,1,67.92,85.0,55.0,39.73,56.67,64.32,0.0,0.0,0.0,45.0,52.83,0.0,0.0,0.0,120.0,56.67,0.0,0.88,0.0,0.0,0.0,15.15,0.0,86.55,51.31,75.32,54.31
2018-01-11 21:31:00,2,1,67.92,85.0,55.0,39.73,56.63,64.32,0.0,0.0,0.0,45.0,52.8,0.0,0.0,0.0,120.0,56.63,0.0,0.88,0.0,0.0,0.0,15.15,0.0,86.52,51.2,75.4,54.33
2018-01-11 21:32:00,2,1,67.91,85.0,55.0,39.73,56.6,64.31,0.0,0.0,0.0,45.0,52.76,0.0,0.0,0.0,120.0,56.6,0.0,0.88,0.0,0.0,0.0,15.15,0.0,86.49,51.1,75.49,54.34
2018-01-11 21:33:00,2,1,67.91,85.0,55.0,39.73,56.57,64.31,0.0,0.0,0.0,45.0,52.73,0.0,0.0,0.0,120.0,56.57,0.0,0.88,0.0,0.0,0.0,15.16,0.0,86.46,51.0,75.57,54.35
2018-01-11 21:34:00,2,1,67.9,85.0,55.0,39.73,56.53,64.3,0.0,0.0,0.0,45.0,52.7,0.0,0.0,0.0,120.0,56.53,0.0,0.88,0.0,0.0,0.0,15.16,0.0,86.43,50.9,75.66,54.37
2018-01-11 21:35:00,2,1,67.9,85.0,55.0,39.73,56.5,64.3,0.0,0.0,0.0,45.0,52.66,0.0,0.0,0.0,120.0,56.5,0.0,0.88,0.0,0.0,0.0,15.16,0.0,86.4,50.8,75.74,54.38
2018-01-11 21:36:00,2,1,67.89,85.0,55.0,39.73,56.47,64.29,0.0,0.0,0.0,45.0,52.63,0.0,0.0,0.0,120.0,56.47,0.0,0.88,0.0,0.0,0.0,15.16,0.0,86.38,50.7,75.83,54.39
2018-01-11 21:37:00,2,1,67.89,85.0,55.0,39.73,56.43,64.29,0.0,0.0,0.0,45.0,52.6,0.0,0.0,0.0,120.0,56.43,0.0,0.88,0.0,0.0,0.0,15.17,0.0,86.35,50.6,75.91,54.41
2018-01-11 21:38:00,2,1,67.88,85.0,55.0,39.73,56.4,64.28,0.0,0.0,0.0,45.0,52.56,0.0,0.0,0.0,120.0,56.4,0.0,0.88,0.0,0.0,0.0,15.17,0.0,86.33,50.51,76.0,54.42
2018-01-11 21:39:00,2,1,67.88,85.0,55.0,39.72,56.37,64.28,0.0,0.0,0.0,45.0,52.53,0.0,0.0,0.0,120.0,56.37,0.0,0.88,0.0,0.0,0.0,15.17,0.0,86.3,50.41,76.09,54.43
2018-01-11 21:40:00,2,1,67.87,85.0,55.0,39.72,56.33,64.27,0.0,0.0,0.0,45.0,52.5,0.0,0.0,0.0,120.0,56.33,0.0,0.88,0.0,0.0,0.0,15.17,0.0,86.28,50.32,76.17,54.44
2018-01-11 21:41:00,2,1,67.87,85.0,55.0,39.72,56.3,64.27,0.0,0.0,0.0,45.0,52.46,0.0,0.0,0.0,120.0,56.3,0.0,0.88,0.0,0.0,0.0,15.17,0.0,86.26,50.23,76.26,54.46
2018-01-11 21:42:00,2,1,67.87,85.0,55.0,39.72,56.27,64.27,0.0,0.0,0.0,45.0,52.43,0.0,0.0,0.0,120.0,56.27,0.0,0.88,0.0,0.0,0.0,15.17,0.0,86.24,50.14,76.35,54.47
2018-01-11 21:43:00,2,1,67.86,85.0,55.0,39.72,56.23,64.26,0.0,0.0,0.0,45.0,52.4,0.0,0.0,0.0,120.0,56.23,0.0,0.88,0.0,0.0,0.0,15.17,0.0,86.22,50.06,76.43,54.48
2018-01-11 21:44:00,2,1,67.86,85.0,55.0,39.71,56.2,64.26,0.0,0.0,0.0,45.0,52.37,0.0,0.0,0.0,120.0,56.2,0.0,0.88,0.0,0.0,0.0,15.17,0.0,86.2,49.97,76.52,54.49
2018-01-11 21:45:00,2,1,67.85,85.0,55.0,39.71,56.16,64.25,0.0,0.0,0.0,45.0,52.33,0.0,0.0,0.0,120.0,56.16,0.0,0.88,0.0,0.0,0.0,15.17,0.0,86.18,49.89,76.61,54.51
2018-01-11 21:46:00,2,1,67.85,85.0,55.0,39.71,56.13,64.25,0.0,0.0,0.0,45.0,52.3,0.0,0.0,0.0,120.0,56.13,0.0,0.88,0.0,0.0,0.0,15.17,0.0,86.17,49.81,76.7,54.52
2018-01-11 21:47:00,2,1,67.85,85.0,55.0,39.71,56.1,64.25,0.0,0.0,0.0,45.0,52.27,0.0,0.0,0.0,120.0,56.1,0.0,0.88,0.0,0.0,0.0,15.17,0.0,86.16,49.73,76.79,54.53
2018-01-11 21:48:00,2,1,67.84,85.0,55.0,39.7,56.06,64.24,0.0,0.0,0.0,45.0,52.24,0.0,0.0,0.0,120.0,56.06,0.0,0.88,0.0,0.0,0.0,15.16,0.0,86.15,49.66,76.87,54.55
2018-01-11 21:49:00,2,1,67.84,85.0,55.0,39.7,56.03,64.24,0.0,0.0,0.0,45.0,52.2,0.0,0.0,0.0,120.0,56.03,0.0,0.88,0.0,0.0,0.0,15.16,0.0,86.14,49.58,76.96,54.56
2018-01-11 21:50:00,2,1,67.83,85.0,55.0,39.7,56.0,64.23,0.0,0.0,0.0,45.0,52.17,0.0,0.0,0.0,120.0,56.0,0.0,0.88,0.0,0.0,0.0,15.16,0.0,86.14,49.52,77.05,54.58
2018-01-11 21:51:00,2,1,67.83,85.0,55.0,39.69,55.96,64.23,0.0,0.0,0.0,45.0,52.14,0.0,0.0,0.0,120.0,55.96,0.0,0.88,0.0,0.0,0.0,15.15,0.0,86.13,49.45,77.14,54.59
2018-01-11 21:52:00,2,1,67.82,85.0,55.0,39.69,55.93,64.22,0.0,0.0,0.0,45.0,52.11,0.0,0.0,0.0,120.0,55.93,0.0,0.88,0.0,0.0,0.0,15.15,0.0,86.13,49.39,77.23,54.6
2018-01-11 21:53:00,2,1,67.82,85.0,55.0,39.68,55.9,64.22,0.0,0.0,0.0,45.0,52.07,0.0,0.0,0.0,120.0,55.9,0.0,0.88,0.0,0.0,0.0,15.14,0.0,86.13,49.33,77.32,54.62
2018-01-11 21:54:00,2,1,67.82,85.0,55.0,39.68,55.86,64.22,0.0,0.0,0.0,45.0,52.04,0.0,0.0,0.0,120.0,55.86,0.0,0.88,0.0,0.0,0.0,15.14,0.0,86.14,49.27,77.41,54.64
2018-01-11 21:55:00,2,1,67.81,85.0,55.0,39.67,55.83,64.21,0.0,0.0,0.0,45.0,52.01,0.0,0.0,0.0,120.0,55.83,0.0,0.88,0.0,0.0,0.0,15.13,0.0,86.15,49.22,77.49,54.65
2018-01-11 21:56:00,2,1,67.81,85.0,55.0,39.66,55.8,64.21,0.0,0.0,0.0,45.0,51.98,0.0,0.0,0.0,120.0,55.8,0.0,0.88,0.0,0.0,0.0,15.12,0.0,86.16,49.17,77.58,54.67
2018-01-11 21:57:00,2,1,67.8,85.0,55.0,39.66,55.76,64.2,0.0,0.0,0.0,45.0,51.95,0.0,0.0,0.0,120.0,55.76,0.0,0.88,0.0,0.0,0.0,15.11,0.0,86.17,49.13,77.67,54.68
2018-01-11 21:58:00,2,1,67.8,85.0,55.0,39.65,55.73,64.2,0.0,0.0,0.0,45.0,51.91,0.0,0.0,0.0,120.0,55.73,0.0,0.88,0.0,0.0,0.0,15.11,0.0,86.19,49.09,77.76,54.7
2018-01-11 21:59:00,2,1,67.79,85.0,55.0,39.64,55.7,64.19,0.0,0.0,0.0,45.0,51.88,0.0,0.0,0.0,120.0,55.7,0.0,0.88,0.0,0.0,0.0,15.1,0.0,86.21,49.05,77.85,54.72
2018-01-11 22:00:00,2,1,67.78,85.0,55.0,39.63,55.66,64.18,0.0,0.0,0.0,45.0,51.85,0.0,0.0,0.0,120.0,55.66,0.0,0.88,0.0,0.0,0.0,15.09,0.0,86.23,49.02,77.94,54.74
2018-01-11 22:01:00,2,1,67.78,85.0,55.0,39.62,55.63,64.18,0.0,0.0,0.0,45.0,51.82,0.0,0.0,0.0,120.0,55.63,0.0,0.88,0.0,0.0,0.0,15.06,0.0,86.3,49.06,78.03,54.76
2018-01-11 22:02:00,2,1,67.77,85.0,55.0,39.6,55.6,64.17,0.0,0.0,0.0,45.0,51.79,0.0,0.0,0.0,120.0,55.6,0.0,0.88,0.0,0.0,0.0,15.03,0.0,86.4,49.15,78.12,54.78
2018-01-11 22:03:00,2,1,67.76,85.0,55.0,39.58,55.56,64.16,0.0,0.0,0.0,45.0,51.76,0.0,0.0,0.0,120.0,55.56,0.0,0.88,0.0,0.0,0.0,15.0,0.0,86.51,49.24,78.22,54.8
2018-01-11 22:04:00,2,1,67.75,85.0,55.0,39.56,55.53,64.15,0.0,0.0,0.0,45.0,51.73,0.0,0.0,0.0,120.0,55.53,0.0,0.88,0.0,0.0,0.0,14.96,0.0,86.62,49.35,78.31,54.83
2018-01-11 22:05:00,2,1,67.74,85.0,55.0,39.53,55.5,64.14,0.0,0.0,0.0,45.0,51.69,0.0,0.0,0.0,120.0,55.5,0.0,0.88,0.0,0.0,0.0,14.93,0.0,86.74,49.45,78.4,54.86
2018-01-11 22:06:00,2,1,67.73,85.0,55.0,39.51,55.46,64.13,0.0,0.0,0.0,45.0,51.66,0.0,0.0,0.0,120.0,55.46,0.0,0.88,0.0,0.0,0.0,14.89,0.0,86.86,49.56,78.49,54.89
2018-01-11 22:07:00,2,1,67.71,85.0,55.0,39.48,55.43,64.11,0.0,0.0,0.0,45.0,51.63,0.0,0.0,0.0,120.0,55.43,0.0,0.88,0.0,0.0,0.0,14.86,0.0,86.99,49.68,78.58,54.92
2018-01-11 22:08:00,2,1,67.7,85.0,55.0,39.46,55.4,64.1,0.0,0.0,0.0,45.0,51.6,0.0,0.0,0.0,120.0,55.4,0.0,0.88,0.0,0.0,0.0,14.82,0.0,87.12,49.79,78.67,54.96
2018-01-11 22:09:00,2,1,67.68,85.0,55.0,39.43,55.36,64.08,0.0,0.0,0.0,45.0,51.57,0.0,0.0,0.0,120.0,55.36,0.0,0.88,0.0,0.0,0.0,14.78,0.0,87.25,49.92,78.76,54.99
2018-01-11 22:10:00,2,1,67.67,85.0,55.0,39.4,55.33,64.07,0.0,0.0,0.0,45.0,51.54,0.0,0.0,0.0,120.0,55.33,0.0,0.88,0.0,0.0,0.0,14.74,0.0,87.39,50.04,78.85,55.03
2018-01-11 22:11:00,2,1,67.65,85.0,55.0,39.38,55.3,64.05,0.0,0.0,0.0,45.0,51.51,0.0,0.0,0.0,120.0,55.3,0.0,0.88,0.0,0.0,0.0,14.7,0.0,87.53,50.17,78.95,55.07
2018-01-11 22:12:00,2,1,67.63,85.0,55.0,39.35,55.26,64.03,0.0,0.0,0.0,45.0,51.47,0.0,0.0,0.0,120.0,55.26,0.0,0.88,0.0,0.0,0.0,14.66,0.0,87.68,50.31,79.04,55.11
2018-01-11 22:13:00,2,1,67.61,85.0,55.0,39.32,55.23,64.01,0.0,0.0,0.0,45.0,51.44,0.0,0.0,0.0,120.0,55.23,0.0,0.88,0.0,0.0,0.0,14.62,0.0,87.83,50.44,79.13,55.15
2018-01-11 22:14:00,2,1,67.6,85.0,55.0,39.29,55.2,64.0,0.0,0.0,0.0,45.0,51.41,0.0,0.0,0.0,120.0,55.2,0.0,0.88,0.0,0.0,0.0,14.58,0.0,87.98,50.59,79.22,55.19
2018-01-11 22:15:00,2,1,67.58,85.0,55.0,39.26,55.16,63.98,0.0,0.0,0.0,45.0,51.38,0.0,0.0,0.0,120.0,55.16,0.0,0.88,0.0,0.0,0.0,14.54,0.0,88.14,50.73,79.32,55.23
2018-01-11 22:16:00,2,1,67.56,85.0,55.0,39.23,55.13,63.96,0.0,0.0,0.0,45.0,51.35,0.0,0.0,0.0,120.0,55.13,0.0,0.88,0.0,0.0,0.0,14.49,0.0,88.3,50.88,79.41,55.27
2018-01-11 22:17:00,2,1,67.54,85.0,55.0,39.19,55.1,63.94,0.0,0.0,0.0,45.0,51.32,0.0,0.0,0.0,120.0,55.1,0.0,0.88,0.0,0.0,0.0,14.45,0.0,88.46,51.03,79.5,55.31
2018-01-11 22:18:00,2,1,67.51,85.0,55.0,39.16,55.07,63.91,0.0,0.0,0.0,45.0,51.29,0.0,0.0,0.0,120.0,55.07,0.0,0.88,0.0,0.0,0.0,14.41,0.0,88.63,51.19,79.6,55.36
2018-01-11 22:19:00,2,1,67.49,85.0,55.0,39.13,55.03,63.89,0.0,0.0,0.0,45.0,51.26,0.0,0.0,0.0,120.0,55.03,0.0,0.88,0.0,0.0,0.0,14.36,0.0,88.79,51.34,79.69,55.4
2018-01-11 22:20:00,2,1,67.47,85.0,55.0,39.09,55.0,63.87,0.0,0.0,0.0,45.0,51.22,0.0,0.0,0.0,120.0,55.0,0.0,0.88,0.0,0.0,0.0,14.31,0.0,88.97,51.51,79.78,55.45
2018-01-11 22:21:00,2,1,67.45,85.0,55.0,39.06,54.97,63.85,0.0,0.0,0.0,45.0,51.19,0.0,0.0,0.0,120.0,54.97,0.0,0.88,0.0,0.0,0.0,14.27,0.0,89.14,51.67,79.88,55.5
2018-01-11 22:22:00,2,1,67.43,85.0,55.0,39.02,54.93,63.83,0.0,0.0,0.0,45.0,51.16,0.0,0.0,0.0,120.0,54.93,0.0,0.88,0.0,0.0,0.0,14.22,0.0,89.32,51.84,79.97,55.54
2018-01-11 22:23:00,2,1,67.4,85.0,55.0,38.99,54.9,63.8,0.0,0.0,0.0,45.0,51.13,0.0,0.0,0.0,120.0,54.9,0.0,0.88,0.0,0.0,0.0,14.17,0.0,89.5,52.01,80.06,55.59
2018-01-11 22:24:00,2,1,67.38,85.0,55.0,38.95,54.87,63.78,0.0,0.0,0.0,45.0,51.1,0.0,0.0,0.0,120.0,54.87,0.0,0.88,0.0,0.0,0.0,14.12,0.0,89.68,52.18,80.16,55.64
2018-01-11 22:25:00,2,1,67.36,85.0,55.0,38.92,54.83,63.76,0.0,0.0,0.0,45.0,51.07,0.0,0.0,0.0,120.0,54.83,0.0,0.88,0.0,0.0,0.0,14.08,0.0,89.87,52.36,80.25,55.69
2018-01-11 22:26:00,2,1,67.33,85.0,55.0,38.88,54.8,63.73,0.0,0.0,0.0,45.0,51.04,0.0,0.0,0.0,120.0,54.8,0.0,0.88,0.0,0.0,0.0,14.03,0.0,90.06,52.54,80.35,55.74
2018-01-11 22:27:00,2,1,67.31,85.0,55.0,38.84,54.77,63.71,0.0,0.0,0.0,45.0,51.0,0.0,0.0,0.0,120.0,54.77,0.0,0.88,0.0,0.0,0.0,13.98,0.0,90.25,52.72,80.44,55.79
2018-01-11 22:28:00,2,1,67.28,85.0,55.0,38.8,54.74,63.68,0.0,0.0,0.0,45.0,50.97,0.0,0.0,0.0,120.0,54.74,0.0,0.88,0.0,0.0,0.0,13.92,0.0,90.45,52.91,80.54,55.84
2018-01-11 22:29:00,2,1,67.26,85.0,55.0,38.77,54.7,63.66,0.0,0.0,0.0,45.0,50.94,0.0,0.0,0.0,120.0,54.7,0.0,0.88,0.0,0.0,0.0,13.87,0.0,90.64,53.09,80.63,55.89
2018-01-11 22:30:00,2,1,67.23,85.0,55.0,38.73,54.67,63.63,0.0,0.0,0.0,45.0,50.91,0.0,0.0,0.0,120.0,54.67,0.0,0.88,0.0,0.0,0.0,13.82,0.0,90.84,53.29,80.73,55.94
2018-01-11 22:31:00,2,1,67.21,85.0,55.0,38.69,54.64,63.61,0.0,0.0,0.0,45.0,50.88,0.0,0.0,0.0,120.0,54.64,0.0,0.88,0.0,0.0,0.0,13.77,0.0,91.05,53.48,80.82,55.99
2018-01-11 22:32:00,2,1,67.18,85.0,55.0,38.65,54.6,63.58,0.0,0.0,0.0,45.0,50.85,0.0,0.0,0.0,120.0,54.6,0.0,0.88,0.0,0.0,0.0,13.72,0.0,91.25,53.67,80.92,56.04
2018-01-11 22:33:00,2,1,67.15,85.0,55.0,38.61,54.57,63.55,0.0,0.0,0.0,45.0,50.82,0.0,0.0,0.0,120.0,54.57,0.0,0.88,0.0,0.0,0.0,13.66,0.0,91.46,53.87,81.01,56.09
2018-01-11 22:34:00,2,1,67.13,85.0,55.0,38.57,54.54,63.53,0.0,0.0,0.0,45.0,50.78,0.0,0.0,0.0,120.0,54.54,0.0,0.88,0.0,0.0,0.0,13.61,0.0,91.67,54.07,81.11,56.14
2018-01-11 22:35:00,2,1,67.1,85.0,55.0,38.53,54.51,63.5,0.0,0.0,0.0,45.0,50.75,0.0,0.0,0.0,120.0,54.51,0.0,0.88,0.0,0.0,0.0,13.55,0.0,91.88,54.27,81.21,56.19
2018-01-11 22:36:00,2,1,67.08,85.0,55.0,38.49,54.47,63.48,0.0,0.0,0.0,45.0,50.72,0.0,0.0,0.0,120.0,54.47,0.0,0.88,0.0,0.0,0.0,13.5,0.0,92.09,54.48,81.3,56.25
2018-01-11 22:37:00,2,1,67.05,85.0,55.0,38.45,54.44,63.45,0.0,0.0,0.0,45.0,50.69,0.0,0.0,0.0,120.0,54.44,0.0,0.88,0.0,0.0,0.0,13.44,0.0,92.31,54.69,81.4,56.3
2018-01-11 22:38:00,2,1,67.02,85.0,55.0,38.4,54.41,63.42,0.0,0.0,0.0,45.0,50.66,0.0,0.0,0.0,120.0,54.41,0.0,0.88,0.0,0.0,0.0,13.39,0.0,92.53,54.89,81.5,56.35
2018-01-11 22:39:00,2,1,67.0,85.0,55.0,38.36,54.37,63.4,0.0,0.0,0.0,45.0,50.63,0.0,0.0,0.0,120.0,54.37,0.0,0.88,0.0,0.0,0.0,13.33,0.0,92.75,55.1,81.59,56.4
2018-01-11 22:40:00,2,1,66.97,85.0,55.0,38.32,54.34,63.37,0.0,0.0,0.0,45.0,50.59,0.0,0.0,0.0,120.0,54.34,0.0,0.88,0.0,0.0,0.0,13.27,0.0,92.97,55.32,81.69,56.46
2018-01-11 22:41:00,2,1,66.94,85.0,55.0,38.28,54.31,63.34,0.0,0.0,0.0,45.0,50.56,0.0,0.0,0.0,120.0,54.31,0.0,0.88,0.0,0.0,0.0,13.22,0.0,93.2,55.53,81.79,56.51
2018-01-11 22:42:00,2,1,66.91,85.0,55.0,38.24,54.28,63.31,0.0,0.0,0.0,45.0,50.53,0.0,0.0,0.0,120.0,54.28,0.0,0.88,0.0,0.0,0.0,13.16,0.0,93.42,55.75,81.89,56.56
2018-01-11 22:43:00,2,1,66.89,85.0,55.0,38.19,54.24,63.29,0.0,0.0,0.0,45.0,50.5,0.0,0.0,0.0,120.0,54.24,0.0,0.88,0.0,0.0,0.0,13.1,0.0,93.65,55.97,81.99,56.62
2018-01-11 22:44:00,2,1,66.86,85.0,55.0,38.15,54.21,63.26,0.0,0.0,0.0,45.0,50.47,0.0,0.0,0.0,120.0,54.21,0.0,0.88,0.0,0.0,0.0,13.04,0.0,93.89,56.19,82.08,56.67
2018-01-11 22:45:00,2,1,66.83,85.0,55.0,38.11,54.18,63.23,0.0,0.0,0.0,45.0,50.44,0.0,0.0,0.0,120.0,54.18,0.0,0.88,0.0,0.0,0.0,12.98,0.0,94.12,56.41,82.18,56.72
2018-01-11 22:46:00,2,1,66.8,85.0,55.0,38.06,54.14,63.2,0.0,0.0,0.0,45.0,50.4,0.0,0.0,0.0,120.0,54.14,0.0,0.88,0.0,0.0,0.0,12.92,0.0,94.35,56.63,82.28,56.78
2018-01-11 22:47:00,2,1,66.77,85.0,55.0,38.02,54.11,63.17,0.0,0.0,0.0,45.0,50.37,0.0,0.0,0.0,120.0,54.11,0.0,0.88,0.0,0.0,0.0,12.86,0.0,94.59,56.86,82.38,56.83
2018-01-11 22:48:00,2,1,66.75,85.0,55.0,37.97,54.08,63.15,0.0,0.0,0.0,45.0,50.34,0.0,0.0,0.0,120.0,54.08,0.0,0.88,0.0,0.0,0.0,12.8,0.0,94.83,57.08,82.48,56.88
2018-01-11 22:49:00,2,1,66.72,85.0,55.0,37.93,54.05,63.12,0.0,0.0,0.0,45.0,50.31,0.0,0.0,0.0,120.0,54.05,0.0,0.88,0.0,0.0,0.0,12.74,0.0,95.07,57.31,82.58,56.94
2018-01-11 22:50:00,2,1,66.69,85.0,55.0,37.89,54.01,63.09,0.0,0.0,0.0,45.0,50.28,0.0,0.0,0.0,120.0,54.01,0.0,0.88,0.0,0.0,0.0,12.68,0.0,95.31,57.54,82.68,56.99
2018-01-11 22:51:00,2,1,66.66,85.0,55.0,37.84,53.98,63.06,0.0,0.0,0.0,45.0,50.24,0.0,0.0,0.0,120.0,53.98,0.0,0.88,0.0,0.0,0.0,12.62,0.0,95.56,57.77,82.78,57.04
2018-01-11 22:52:00,2,1,66.64,85.0,55.0,37.8,53.95,63.04,0.0,0.0,0.0,45.0,50.21,0.0,0.0,0.0,120.0,53.95,0.0,0.88,0.0,0.0,0.0,12.56,0.0,95.8,58.0,82.88,57.1
2018-01-11 22:53:00,2,1,66.61,85.0,55.0,37.75,53.92,63.01,0.0,0.0,0.0,45.0,50.18,0.0,0.0,0.0,120.0,53.92,0.0,0.88,0.0,0.0,0.0,12.49,0.0,96.05,58.23,82.98,57.15
2018-01-11 22:54:00,2,1,66.58,85.0,55.0,37.71,53.88,62.98,0.0,0.0,0.0,45.0,50.15,0.0,0.0,0.0,120.0,53.88,0.0,0.88,0.0,0.0,0.0,12.43,0.0,96.3,58.47,83.08,57.2
2018-01-11 22:55:00,2,1,66.55,85.0,55.0,37.66,53.85,62.95,0.0,0.0,0.0,45.0,50.11,0.0,0.0,0.0,120.0,53.85,0.0,0.88,0.0,0.0,0.0,12.37,0.0,96.55,58.7,83.18,57.26
2018-01-11 22:56:00,2,1,66.52,85.0,55.0,37.61,53.82,62.92,0.0,0.0,0.0,45.0,50.08,0.0,0.0,0.0,120.0,53.82,0.0,0.88,0.0,0.0,0.0,12.3,0.0,96.8,58.93,83.28,57.31
2018-01-11 22:57:00,2,1,66.5,85.0,55.0,37.57,53.79,62.9,0.0,0.0,0.0,45.0,50.05,0.0,0.0,0.0,120.0,53.79,0.0,0.88,0.0,0.0,0.0,12.24,0.0,97.05,59.17,83.38,57.36
2018-01-11 22:58:00,2,1,66.47,85.0,55.0,37.52,53.75,62.87,0.0,0.0,0.0,45.0,50.02,0.0,0.0,0.0,120.0,53.75,0.0,0.88,0.0,0.0,0.0,12.18,0.0,97.31,59.41,83.48,57.41
2018-01-11 22:59:00,2,1,66.44,85.0,55.0,37.48,53.72,62.84,0.0,0.0,0.0,45.0,49.99,0.0,0.0,0.0,120.0,53.72,0.0,0.88,0.0,0.0,0.0,12.11,0.0,97.56,59.65,83.58,57.46
2018-01-11 23:00:00,2,1,66.41,85.0,55.0,37.43,53.69,62.81,0.0,0.0,0.0,45.0,49.95,0.0,0.0,0.0,120.0,53.69,0.0,0.88,0.0,0.0,0.0,12.05,0.0,97.82,59.88,83.68,57.52
2018-01-11 23:01:00,2,1,66.39,85.0,55.0,37.38,53.65,62.79,0.0,0.0,0.0,45.0,49.92,0.0,0.0,0.0,120.0,53.65,0.0,0.88,0.0,0.0,0.0,11.98,0.0,98.09,60.14,83.79,57.57
2018-01-11 23:02:00,2,1,66.36,85.0,55.0,37.33,53.62,62.76,0.0,0.0,0.0,45.0,49.89,0.0,0.0,0.0,120.0,53.62,0.0,0.88,0.0,0.0,0.0,11.91,0.0,98.37,60.4,83.89,57.62
2018-01-11 23:03:00,2,1,66.33,85.0,55.0,37.28,53.59,62.73,0.0,0.0,0.0,45.0,49.86,0.0,0.0,0.0,120.0,53.59,0.0,0.88,0.0,0.0,0.0,11.84,0.0,98.65,60.66,83.99,57.67
2018-01-11 23:04:00,2,1,66.31,85.0,55.0,37.24,53.56,62.71,0.0,0.0,0.0,45.0,49.82,0.0,0.0,0.0,120.0,53.56,0.0,0.88,0.0,0.0,0.0,11.76,0.0,98.93,60.92,84.09,57.71
2018-01-11 23:05:00,2,1,66.28,85.0,55.0,37.19,53.52,62.68,0.0,0.0,0.0,45.0,49.79,0.0,0.0,0.0,120.0,53.52,0.0,0.88,0.0,0.0,0.0,11.69,0.0,99.21,61.18,84.2,57.76
2018-01-11 23:06:00,2,1,66.26,85.0,55.0,37.14,53.49,62.66,0.0,0.0,0.0,45.0,49.76,0.0,0.0,0.0,120.0,53.49,0.0,0.88,0.0,0.0,0.0,11.62,0.0,99.5,61.45,84.3,57.8
2018-01-11 23:07:00,2,1,66.24,85.0,55.0,37.09,53.46,62.64,0.0,0.0,0.0,45.0,49.73,0.0,0.0,0.0,120.0,53.46,0.0,0.88,0.0,0.0,0.0,11.54,0.0,99.78,61.71,84.4,57.85
2018-01-11 23:08:00,2,1,66.21,85.0,55.0,37.04,53.43,62.61,0.0,0.0,0.0,45.0,49.69,0.0,0.0,0.0,120.0,53.43,0.0,0.88,0.0,0.0,0.0,11.47,0.0,100.0,61.97,84.51,57.89
2018-01-11 23:09:00,2,1,66.19,85.0,55.0,36.99,53.39,62.59,0.0,0.0,0.0,45.0,49.66,0.0,0.0,0.0,120.0,53.39,0.0,0.88,0.0,0.0,0.0,11.4,0.0,100.0,62.23,84.61,57.93
2018-01-11 23:10:00,2,1,66.17,85.0,55.0,36.95,53.36,62.57,0.0,0.0,0.0,45.0,49.63,0.0,0.0,0.0,120.0,53.36,0.0,0.88,0.0,0.0,0.0,11.33,0.0,100.0,62.5,84.72,57.97
2018-01-11 23:11:00,2,1,66.15,85.0,55.0,36.9,53.33,62.55,0.0,0.0,0.0,45.0,49.59,0.0,0.0,0.0,120.0,53.33,0.0,0.88,0.0,0.0,0.0,11.25,0.0,100.0,62.76,84.82,58.01
2018-01-11 23:12:00,2,1,66.13,85.0,55.0,36.85,53.29,62.53,0.0,0.0,0.0,45.0,49.56,0.0,0.0,0.0,120.0,53.29,0.0,0.88,0.0,0.0,0.0,11.18,0.0,100.0,63.02,84.92,58.05
2018-01-11 23:13:00,2,1,66.1,85.0,55.0,36.8,53.26,62.5,0.0,0.0,0.0,45.0,49.53,0.0,0.0,0.0,120.0,53.26,0.0,0.88,0.0,0.0,0.0,11.1,0.0,100.0,63.28,85.03,58.09
2018-01-11 23:14:00,2,1,66.08,85.0,55.0,36.76,53.23,62.48,0.0,0.0,0.0,45.0,49.5,0.0,0.0,0.0,120.0,53.23,0.0,0.88,0.0,0.0,0.0,11.03,0.0,100.0,63.54,85.14,58.13
2018-01-11 23:15:00,2,1,66.06,85.0,55.0,36.71,53.2,62.46,0.0,0.0,0.0,45.0,49.46,0.0,0.0,0.0,120.0,53.2,0.0,0.88,0.0,0.0,0.0,10.96,0.0,100.0,63.8,85.24,58.17
2018-01-11 23:16:00,2,1,66.04,85.0,55.0,36.66,53.16,62.44,0.0,0.0,0.0,45.0,49.43,0.0,0.0,0.0,120.0,53.16,0.0,0.88,0.0,0.0,0.0,10.88,0.0,100.0,64.06,85.35,58.21
2018-01-11 23:17:00,2,1,66.02,85.0,55.0,36.62,53.13,62.42,0.0,0.0,0.0,45.0,49.4,0.0,0.0,0.0,120.0,53.13,0.0,0.88,0.0,0.0,0.0,10.81,0.0,100.0,64.31,85.45,58.24
2018-01-11 23:18:00,2,1,66.0,85.0,55.0,36.57,53.1,62.4,0.0,0.0,0.0,45.0,49.36,0.0,0.0,0.0,120.0,53.1,0.0,0.88,0.0,0.0,0.0,10.74,0.0,100.0,64.57,85.56,58.28
2018-01-11 23:19:00,2,1,65.99,85.0,55.0,36.53,53.07,62.39,0.0,0.0,0.0,45.0,49.33,0.0,0.0,0.0,120.0,53.07,0.0,0.88,0.0,0.0,0.0,10.67,0.0,100.0,64.82,85.67,58.31
2018-01-11 23:20:00,2,1,65.97,85.0,55.0,36.48,53.03,62.37,0.0,0.0,0.0,45.0,49.3,0.0,0.0,0.0,120.0,53.03,0.0,0.88,0.0,0.0,0.0,10.59,0.0,100.0,65.08,85.77,58.35
2018-01-11 23:21:00,2,1,65.95,85.0,55.0,36.43,53.0,62.35,0.0,0.0,0.0,45.0,49.27,0.0,0.0,0.0,120.0,53.0,0.0,0.88,0.0,0.0,0.0,10.52,0.0,100.0,65.33,85.88,58.38
2018-01-11 23:22:00,2,1,65.93,85.0,55.0,36.39,52.97,62.33,0.0,0.0,0.0,45.0,49.23,0.0,0.0,0.0,120.0,52.97,0.0,0.88,0.0,0.0,0.0,10.45,0.0,100.0,65.58,85.99,58.42
2018-01-11 23:23:00,2,1,65.91,85.0,55.0,36.34,52.94,62.31,0.0,0.0,0.0,45.0,49.2,0.0,0.0,0.0,120.0,52.94,0.0,0.88,0.0,0.0,0.0,10.38,0.0,100.0,65.83,86.1,58.45
2018-01-11 23:24:00,2,1,65.89,85.0,55.0,36.3,52.9,62.29,0.0,0.0,0.0,45.0,49.17,0.0,0.0,0.0,120.0,52.9,0.0,0.88,0.0,0.0,0.0,10.3,0.0,100.0,66.08,86.2,58.49
2018-01-11 23:25:00,2,1,65.88,85.0,55.0,36.26,52.87,62.28,0.0,0.0,0.0,45.0,49.13,0.0,0.0,0.0,120.0,52.87,0.0,0.88,0.0,0.0,0.0,10.23,0.0,100.0,66.32,86.31,58.52
2018-01-11 23:26:00,2,1,65.86,85.0,55.0,36.21,52.84,62.26,0.0,0.0,0.0,45.0,49.1,0.0,0.0,0.0,120.0,52.84,0.0,0.88,0.0,0.0,0.0,10.16,0.0,100.0,66.56,86.42,58.55
2018-01-11 23:27:00,2,1,65.84,85.0,55.0,36.17,52.8,62.24,0.0,0.0,0.0,45.0,49.07,0.0,0.0,0.0,120.0,52.8,0.0,0.88,0.0,0.0,0.0,10.09,0.0,100.0,66.81,86.53,58.58
2018-01-11 23:28:00,2,1,65.83,85.0,55.0,36.12,52.77,62.23,0.0,0.0,0.0,45.0,49.03,0.0,0.0,0.0,120.0,52.77,0.0,0.88,0.0,0.0,0.0,10.02,0.0,100.0,67.04,86.64,58.62
2018-01-11 23:29:00,2,1,65.81,85.0,55.0,36.08,52.74,62.21,0.0,0.0,0.0,45.0,49.0,0.0,0.0,0.0,120.0,52.74,0.0,0.88,0.0,0.0,0.0,9.95,0.0,100.0,67.28,86.75,58.65
2018-01-11 23:30:00,2,1,65.79,85.0,55.0,36.04,52.71,62.19,0.0,0.0,0.0,45.0,48.97,0.0,0.0,0.0,120.0,52.71,0.0,0.88,0.0,0.0,0.0,9.88,0.0,100.0,67.52,86.86,58.68
2018-01-11 23:31:00,2,1,65.78,85.0,55.0,35.99,52.67,62.18,0.0,0.0,0.0,45.0,48.93,0.0,0.0,0.0,120.0,52.67,0.0,0.88,0.0,0.0,0.0,9.81,0.0,100.0,67.75,86.97,58.71
2018-01-11 23:32:00,2,1,65.76,85.0,55.0,35.95,52.64,62.16,0.0,0.0,0.0,45.0,48.9,0.0,0.0,0.0,120.0,52.64,0.0,0.88,0.0,0.0,0.0,9.74,0.0,100.0,67.98,87.08,58.74
2018-01-11 23:33:00,2,1,65.74,85.0,55.0,35.91,52.61,62.14,0.0,0.0,0.0,45.0,48.87,0.0,0.0,0.0,120.0,52.61,0.0,0.88,0.0,0.0,0.0,9.67,0.0,100.0,68.2,87.19,58.77
2018-01-11 23:34:00,2,1,65.73,85.0,55.0,35.87,52.58,62.13,0.0,0.0,0.0,45.0,48.83,0.0,0.0,0.0,120.0,52.58,0.0,0.88,0.0,0.0,0.0,9.61,0.0,100.0,68.43,87.3,58.8
2018-01-11 23:35:00,2,1,65.71,85.0,55.0,35.83,52.54,62.11,0.0,0.0,0.0,45.0,48.8,0.0,0.0,0.0,120.0,52.54,0.0,0.88,0.0,0.0,0.0,9.54,0.0,100.0,68.65,87.41,58.83
2018-01-11 23:36:00,2,1,65.7,85.0,55.0,35.78,52.51,62.1,0.0,0.0,0.0,45.0,48.76,0.0,0.0,0.0,120.0,52.51,0.0,0.88,0.0,0.0,0.0,9.47,0.0,100.0,68.87,87.52,58.86
2018-01-11 23:37:00,2,1,65.68,85.0,55.0,35.74,52.48,62.08,0.0,0.0,0.0,45.0,48.73,0.0,0.0,0.0,120.0,52.48,0.0,0.88,0.0,0.0,0.0,9.41,0.0,100.0,69.08,87.63,58.89
2018-01-11 23:38:00,2,1,65.67,85.0,55.0,35.7,52.44,62.07,0.0,0.0,0.0,45.0,48.7,0.0,0.0,0.0,120.0,52.44,0.0,0.88,0.0,0.0,0.0,9.34,0.0,100.0,69.29,87.75,58.92
2018-01-11 23:39:00,2,1,65.65,85.0,55.0,35.66,52.41,62.05,0.0,0.0,0.0,45.0,48.66,0.0,0.0,0.0,120.0,52.41,0.0,0.88,0.0,0.0,0.0,9.27,0.0,100.0,69.5,87.86,58.95
2018-01-11 23:40:00,2,1,65.64,85.0,55.0,35.62,52.38,62.04,0.0,0.0,0.0,45.0,48.63,0.0,0.0,0.0,120.0,52.38,0.0,0.88,0.0,0.0,0.0,9.21,0.0,100.0,69.71,87.97,58.98
2018-01-11 23:41:00,2,1,65.62,85.0,55.0,35.58,52.35,62.02,0.0,0.0,0.0,45.0,48.6,0.0,0.0,0.0,120.0,52.35,0.0,0.88,0.0,0.0,0.0,9.15,0.0,100.0,69.91,88.09,59.01
2018-01-11 23:42:00,2,1,65.61,85.0,55.0,35.55,52.31,62.01,0.0,0.0,0.0,45.0,48.56,0.0,0.0,0.0,120.0,52.31,0.0,0.88,0.0,0.0,0.0,9.08,0.0,100.0,70.11,88.2,59.03
2018-01-11 23:43:00,2,1,65.59,85.0,55.0,35.51,52.28,61.99,0.0,0.0,0.0,45.0,48.53,0.0,0.0,0.0,120.0,52.28,0.0,0.88,0.0,0.0,0.0,9.02,0.0,100.0,70.3,88.31,59.06
2018-01-11 23:44:00,2,1,65.58,85.0,55.0,35.47,52.25,61.98,0.0,0.0,0.0,45.0,48.5,0.0,0.0,0.0,120.0,52.25,0.0,0.88,0.0,0.0,0.0,8.96,0.0,100.0,70.49,88.43,59.09
2018-01-11 23:45:00,2,1,65.57,85.0,55.0,35.43,52.21,61.97,0.0,0.0,0.0,45.0,48.46,0.0,0.0,0.0,120.0,52.21,0.0,0.88,0.0,0.0,0.0,8.9,0.0,100.0,70.68,88.54,59.12
2018-01-11 23:46:00,2,1,65.55,85.0,55.0,35.39,52.18,61.95,0.0,0.0,0.0,45.0,48.43,0.0,0.0,0.0,120.0,52.18,0.0,0.88,0.0,0.0,0.0,8.84,0.0,100.0,70.86,88.66,59.14
2018-01-11 23:47:00,2,1,65.54,85.0,55.0,35.36,52.15,61.94,0.0,0.0,0.0,45.0,48.39,0.0,0.0,0.0,120.0,52.15,0.0,0.88,0.0,0.0,0.0,8.78,0.0,100.0,71.04,88.77,59.17
2018-01-11 23:48:00,2,1,65.53,85.0,55.0,35.32,52.12,61.93,0.0,0.0,0.0,45.0,48.36,0.0,0.0,0.0,120.0,52.12,0.0,0.88,0.0,0.0,0.0,8.72,0.0,100.0,71.22,88.89,59.2
2018-01-11 23:49:00,2,1,65.51,85.0,55.0,35.29,52.08,61.91,0.0,0.0,0.0,45.0,48.33,0.0,0.0,0.0,120.0,52.08,0.0,0.88,0.0,0.0,0.0,8.66,0.0,100.0,71.39,89.0,59.22
2018-01-11 23:50:00,2,1,65.5,85.0,55.0,35.25,52.05,61.9,0.0,0.0,0.0,45.0,48.29,0.0,0.0,0.0,120.0,52.05,0.0,0.88,0.0,0.0,0.0,8.6,0.0,100.0,71.55,89.12,59.25
2018-01-11 23:51:00,2,1,65.49,85.0,55.0,35.22,52.02,61.89,0.0,0.0,0.0,45.0,48.26,0.0,0.0,0.0,120.0,52.02,0.0,0.88,0.0,0.0,0.0,8.55,0.0,100.0,71.71,89.23,59.27
2018-01-11 23:52:00,2,1,65.47,85.0,55.0,35.18,51.99,61.87,0.0,0.0,0.0,45.0,48.23,0.0,0.0,0.0,120.0,51.99,0.0,0.88,0.0,0.0,0.0,8.49,0.0,100.0,71.87,89.35,59.3
2018-01-11 23:53:00,2,1,65.46,85.0,55.0,35.15,51.95,61.86,0.0,0.0,0.0,45.0,48.19,0.0,0.0,0.0,120.0,51.95,0.0,0.88,0.0,0.0,0.0,8.44,0.0,100.0,72.02,89.47,59.33
2018-01-11 23:54:00,2,1,65.45,85.0,55.0,35.11,51.92,61.85,0.0,0.0,0.0,45.0,48.16,0.0,0.0,0.0,120.0,51.92,0.0,0.88,0.0,0.0,0.0,8.38,0.0,100.0,72.17,89.59,59.35
2018-01-11 23:55:00,2,1,65.43,85.0,55.0,35.08,51.89,61.83,0.0,0.0,0.0,45.0,48.13,0.0,0.0,0.0,120.0,51.89,0.0,0.88,0.0,0.0,0.0,8.33,0.0,100.0,72.31,89.7,59.38
2018-01-11 23:56:00,2,1,65.42,85.0,55.0,35.05,51.85,61.82,0.0,0.0,0.0,45.0,48.09,0.0,0.0,0.0,120.0,51.85,0.0,0.88,0.0,0.0,0.0,8.28,0.0,100.0,72.45,89.82,59.4
2018-01-11 23:57:00,2,1,65.41,85.0,55.0,35.02,51.82,61.81,0.0,0.0,0.0,45.0,48.06,0.0,0.0,0.0,120.0,51.82,0.0,0.88,0.0,0.0,0.0,8.23,0.0,100.0,72.58,89.94,59.42
2018-01-11 23:58:00,2,1,65.4,85.0,55.0,34.99,51.79,61.8,0.0,0.0,0.0,45.0,48.02,0.0,0.0,0.0,120.0,51.79,0.0,0.88,0.0,0.0,0.0,8.18,0.0,100.0,72.71,90.06,59.45
2018-01-11 23:59:00,2,1,65.39,85.0,55.0,34.96,51.75,61.79,0.0,0.0,0.0,45.0,47.99,0.0,0.0,0.0,120.0,51.75,0.0,0.88,0.0,0.0,0.0,8.13,0.0,100.0,72.83,90.18,59.47
2018-01-12 00:00:00,2,1,65.37,85.0,55.0,34.93,51.72,61.77,0.0,0.0,0.0,45.0,47.96,0.0,0.0,0.0,120.0,51.72,0.0,0.88,0.0,0.0,0.0,8.08,0.0,100.0,72.95,90.3,59.49
2018-01-12 00:01:00,2,1,65.36,85.0,55.0,34.9,51.69,61.76,0.0,0.0,0.0,45.0,47.92,0.0,0.0,0.0,120.0,51.69,0.0,0.88,0.0,0.0,0.0,8.05,0.0,100.0,72.98,90.42,59.52
2018-01-12 00:02:00,2,1,65.35,85.0,55.0,34.88,51.66,61.75,0.0,0.0,0.0,45.0,47.89,0.0,0.0,0.0,120.0,51.66,0.0,0.88,0.0,0.0,0.0,8.02,0.0,100.0,72.97,90.54,59.54
2018-01-12 00:03:00,2,1,65.34,85.0,55.0,34.87,51.62,61.74,0.0,0.0,0.0,45.0,47.86,0.0,0.0,0.0,120.0,51.62,0.0,0.88,0.0,0.0,0.0,7.99,0.0,100.0,72.94,90.66,59.56
2018-01-12 00:04:00,2,1,65.33,85.0,55.0,34.85,51.59,61.73,0.0,0.0,0.0,45.0,47.82,0.0,0.0,0.0,120.0,51.59,0.0,0.88,0.0,0.0,0.0,7.97,0.0,100.0,72.91,90.78,59.59
2018-01-12 00:05:00,2,1,65.31,85.0,55.0,34.83,51.56,61.71,0.0,0.0,0.0,45.0,47.79,0.0,0.0,0.0,120.0,51.56,0.0,0.88,0.0,0.0,0.0,7.95,0.0,100.0,72.87,90.9,59.61
2018-01-12 00:06:00,2,1,65.3,85.0,55.0,34.81,51.52,61.7,0.0,0.0,0.0,45.0,47.76,0.0,0.0,0.0,120.0,51.52,0.0,0.88,0.0,0.0,0.0,7.92,0.0,100.0,72.83,91.02,59.63
2018-01-12 00:07:00,2,1,65.29,85.0,55.0,34.8,51.49,61.69,0.0,0.0,0.0,45.0,47.72,0.0,0.0,0.0,120.0,51.49,0.0,0.88,0.0,0.0,0.0,7.9,0.0,100.0,72.78,91.14,59.65
2018-01-12 00:08:00,2,1,65.28,85.0,55.0,34.78,51.46,61.68,0.0,0.0,0.0,45.0,47.69,0.0,0.0,0.0,120.0,51.46,0.0,0.88,0.0,0.0,0.0,7.88,0.0,100.0,72.72,91.26,59.67
2018-01-12 00:09:00,2,1,65.27,85.0,55.0,34.77,51.43,61.67,0.0,0.0,0.0,45.0,47.66,0.0,0.0,0.0,120.0,51.43,0.0,0.88,0.0,0.0,0.0,7.86,0.0,100.0,72.67,91.39,59.69
2018-01-12 00:10:00,2,1,65.26,85.0,55.0,34.75,51.39,61.66,0.0,0.0,0.0,45.0,47.62,0.0,0.0,0.0,120.0,51.39,0.0,0.88,0.0,0.0,0.0,7.85,0.0,100.0,72.6,91.51,59.71
2018-01-12 00:11:00,2,1,65.25,85.0,55.0,34.74,51.36,61.65,0.0,0.0,0.0,45.0,47.59,0.0,0.0,0.0,120.0,51.36,0.0,0.88,0.0,0.0,0.0,7.83,0.0,100.0,72.54,91.63,59.73
2018-01-12 00:12:00,2,1,65.23,85.0,55.0,34.72,51.33,61.63,0.0,0.0,0.0,45.0,47.56,0.0,0.0,0.0,120.0,51.33,0.0,0.88,0.0,0.0,0.0,7.81,0.0,100.0,72.47,91.76,59.75
2018-01-12 00:13:00,2,1,65.22,85.0,55.0,34.71,51.29,61.62,0.0,0.0,0.0,45.0,47.52,0.0,0.0,0.0,120.0,51.29,0.0,0.88,0.0,0.0,0.0,7.8,0.0,100.0,72.39,91.88,59.77
2018-01-12 00:14:00,2,1,65.21,85.0,55.0,34.7,51.26,61.61,0.0,0.0,0.0,45.0,47.49,0.0,0.0,0.0,120.0,51.26,0.0,0.88,0.0,0.0,0.0,7.78,0.0,100.0,72.31,92.0,59.79
2018-01-12 00:15:00,2,1,65.2,85.0,55.0,34.69,51.23,61.6,0.0,0.0,0.0,45.0,47.46,0.0,0.0,0.0,120.0,51.23,0.0,0.88,0.0,0.0,0.0,7.77,0.0,100.0,72.23,92.13,59.81
2018-01-12 00:16:00,2,1,65.19,85.0,55.0,34.68,51.19,61.59,0.0,0.0,0.0,45.0,47.42,0.0,0.0,0.0,120.0,51.19,0.0,0.88,0.0,0.0,0.0,7.76,0.0,100.0,72.14,92.25,59.82
2018-01-12 00:17:00,2,1,65.18,85.0,55.0,34.66,51.16,61.58,0.0,0.0,0.0,45.0,47.39,0.0,0.0,0.0,120.0,51.16,0.0,0.88,0.0,0.0,0.0,7.75,0.0,100.0,72.05,92.38,59.84
2018-01-12 00:18:00,2,1,65.17,85.0,55.0,34.65,51.13,61.57,0.0,0.0,0.0,45.0,47.36,0.0,0.0,0.0,120.0,51.13,0.0,0.88,0.0,0.0,0.0,7.74,0.0,100.0,71.95,92.5,59.86
2018-01-12 00:19:00,2,1,65.16,85.0,55.0,34.64,51.1,61.56,0.0,0.0,0.0,45.0,47.33,0.0,0.0,0.0,120.0,51.1,0.0,0.88,0.0,0.0,0.0,7.73,0.0,100.0,71.85,92.63,59.87
2018-01-12 00:20:00,2,1,65.15,85.0,55.0,34.63,51.06,61.55,0.0,0.0,0.0,45.0,47.29,0.0,0.0,0.0,120.0,51.06,0.0,0.88,0.0,0.0,0.0,7.72,0.0,100.0,71.75,92.76,59.89
2018-01-12 00:21:00,2,1,65.14,85.0,55.0,34.63,51.03,61.54,0.0,0.0,0.0,45.0,47.26,0.0,0.0,0.0,120.0,51.03,0.0,0.88,0.0,0.0,0.0,7.71,0.0,100.0,71.65,92.88,59.91
2018-01-12 00:22:00,2,1,65.13,85.0,55.0,34.62,51.0,61.53,0.0,0.0,0.0,45.0,47.23,0.0,0.0,0.0,120.0,51.0,0.0,0.88,0.0,0.0,0.0,7.71,0.0,100.0,71.54,93.01,59.92
2018-01-12 00:23:00,2,1,65.12,85.0,55.0,34.61,50.96,61.52,0.0,0.0,0.0,45.0,47.19,0.0,0.0,0.0,120.0,50.96,0.0,0.88,0.0,0.0,0.0,7.7,0.0,100.0,71.42,93.14,59.94
2018-01-12 00:24:00,2,1,65.11,85.0,55.0,34.6,50.93,61.51,0.0,0.0,0.0,45.0,47.16,0.0,0.0,0.0,120.0,50.93,0.0,0.88,0.0,0.0,0.0,7.7,0.0,100.0,71.31,93.26,59.95
2018-01-12 00:25:00,2,1,65.1,85.0,55.0,34.59,50.9,61.5,0.0,0.0,0.0,45.0,47.13,0.0,0.0,0.0,120.0,50.9,0.0,0.88,0.0,0.0,0.0,7.69,0.0,100.0,71.19,93.39,59.96
2018-01-12 00:26:00,2,1,65.09,85.0,55.0,34.59,50.86,61.49,0.0,0.0,0.0,45.0,47.1,0.0,0.0,0.0,120.0,50.86,0.0,0.88,0.0,0.0,0.0,7.69,0.0,100.0,71.07,93.52,59.98
2018-01-12 00:27:00,2,1,65.08,85.0,55.0,34.58,50.83,61.48,0.0,0.0,0.0,45.0,47.07,0.0,0.0,0.0,120.0,50.83,0.0,0.88,0.0,0.0,0.0,7.69,0.0,100.0,70.95,93.65,59.99
2018-01-12 00:28:00,2,1,65.06,85.0,55.0,34.58,50.8,61.46,0.0,0.0,0.0,45.0,47.03,0.0,0.0,0.0,120.0,50.8,0.0,0.88,0.0,0.0,0.0,7.69,0.0,100.0,70.82,93.78,60.0
2018-01-12 00:29:00,2,1,65.06,85.0,55.0,34.57,50.77,61.46,0.0,0.0,0.0,45.0,47.0,0.0,0.0,0.0,120.0,50.77,0.0,0.88,0.0,0.0,0.0,7.69,0.0,100.0,70.69,93.91,60.01
2018-01-12 00:30:00,2,1,65.05,85.0,55.0,34.57,50.73,61.45,0.0,0.0,0.0,45.0,46.97,0.0,0.0,0.0,120.0,50.73,0.0,0.88,0.0,0.0,0.0,7.69,0.0,100.0,70.56,94.04,60.02
2018-01-12 00:31:00,2,1,65.04,85.0,55.0,34.56,50.7,61.44,0.0,0.0,0.0,45.0,46.94,0.0,0.0,0.0,120.0,50.7,0.0,0.88,0.0,0.0,0.0,7.69,0.0,100.0,70.43,94.17,60.04
2018-01-12 00:32:00,2,1,65.03,85.0,55.0,34.56,50.67,61.43,0.0,0.0,0.0,45.0,46.9,0.0,0.0,0.0,120.0,50.67,0.0,0.88,0.0,0.0,0.0,7.69,0.0,100.0,70.29,94.3,60.05
2018-01-12 00:33:00,2,1,65.02,85.0,55.0,34.56,50.63,61.42,0.0,0.0,0.0,45.0,46.87,0.0,0.0,0.0,120.0,50.63,0.0,0.88,0.0,0.0,0.0,7.69,0.0,100.0,70.15,94.43,60.06
2018-01-12 00:34:00,2,1,65.01,85.0,55.0,34.55,50.6,61.41,0.0,0.0,0.0,45.0,46.84,0.0,0.0,0.0,120.0,50.6,0.0,0.88,0.0,0.0,0.0,7.7,0.0,100.0,70.01,94.56,60.07
2018-01-12 00:35:00,2,1,65.0,85.0,55.0,34.55,50.57,61.4,0.0,0.0,0.0,45.0,46.81,0.0,0.0,0.0,120.0,50.57,0.0,0.88,0.0,0.0,0.0,7.7,0.0,100.0,69.87,94.69,60.07
2018-01-12 00:36:00,2,1,64.99,85.0,55.0,34.55,50.54,61.39,0.0,0.0,0.0,45.0,46.78,0.0,0.0,0.0,120.0,50.54,0.0,0.88,0.0,0.0,0.0,7.71,0.0,100.0,69.73,94.82,60.08
2018-01-12 00:37:00,2,1,64.98,85.0,55.0,34.55,50.5,61.38,0.0,0.0,0.0,45.0,46.75,0.0,0.0,0.0,120.0,50.5,0.0,0.88,0.0,0.0,0.0,7.72,0.0,100.0,69.58,94.95,60.09
2018-01-12 00:38:00,2,1,64.97,85.0,55.0,34.55,50.47,61.37,0.0,0.0,0.0,45.0,46.71,0.0,0.0,0.0,120.0,50.47,0.0,0.88,0.0,0.0,0.0,7.72,0.0,100.0,69.44,95.08,60.1
2018-01-12 00:39:00,2,1,64.96,85.0,55.0,34.54,50.44,61.36,0.0,0.0,0.0,45.0,46.68,0.0,0.0,0.0,120.0,50.44,0.0,0.88,0.0,0.0,0.0,7.73,0.0,100.0,69.29,95.22,60.11
2018-01-12 00:40:00,2,1,64.95,85.0,55.0,34.54,50.4,61.35,0.0,0.0,0.0,45.0,46.65,0.0,0.0,0.0,120.0,50.4,0.0,0.88,0.0,0.0,0.0,7.74,0.0,100.0,69.14,95.35,60.11
2018-01-12 00:41:00,2,1,64.94,85.0,55.0,34.54,50.37,61.34,0.0,0.0,0.0,45.0,46.62,0.0,0.0,0.0,120.0,50.37,0.0,0.88,0.0,0.0,0.0,7.75,0.0,100.0,68.99,95.48,60.12
2018-01-12 00:42:00,2,1,64.93,85.0,55.0,34.54,50.34,61.33,0.0,0.0,0.0,45.0,46.59,0.0,0.0,0.0,120.0,50.34,0.0,0.88,0.0,0.0,0.0,7.76,0.0,100.0,68.84,95.61,60.12
2018-01-12 00:43:00,2,1,64.92,85.0,55.0,34.55,50.31,61.32,0.0,0.0,0.0,45.0,46.56,0.0,0.0,0.0,120.0,50.31,0.0,0.88,0.0,0.0,0.0,7.77,0.0,100.0,68.69,95.75,60.13
2018-01-12 00:44:00,2,1,64.91,85.0,55.0,34.55,50.27,61.31,0.0,0.0,0.0,45.0,46.53,0.0,0.0,0.0,120.0,50.27,0.0,0.88,0.0,0.0,0.0,7.78,0.0,100.0,68.54,95.88,60.13
2018-01-12 00:45:00,2,1,64.91,85.0,55.0,34.55,50.24,61.31,0.0,0.0,0.0,45.0,46.5,0.0,0.0,0.0,120.0,50.24,0.0,0.88,0.0,0.0,0.0,7.79,0.0,100.0,68.38,96.02,60.14
2018-01-12 00:46:00,2,1,64.9,85.0,55.0,34.55,50.21,61.3,0.0,0.0,0.0,45.0,46.47,0.0,0.0,0.0,120.0,50.21,0.0,0.88,0.0,0.0,0.0,7.8,0.0,100.0,68.23,96.15,60.14
2018-01-12 00:47:00,2,1,64.89,85.0,55.0,34.55,50.18,61.29,0.0,0.0,0.0,45.0,46.44,0.0,0.0,0.0,120.0,50.18,0.0,0.88,0.0,0.0,0.0,7.82,0.0,100.0,68.07,96.29,60.15
2018-01-12 00:48:00,2,1,64.88,85.0,55.0,34.56,50.14,61.28,0.0,0.0,0.0,45.0,46.4,0.0,0.0,0.0,120.0,50.14,0.0,0.88,0.0,0.0,0.0,7.83,0.0,100.0,67.92,96.42,60.15
2018-01-12 00:49:00,2,1,64.87,85.0,55.0,34.56,50.11,61.27,0.0,0.0,0.0,45.0,46.37,0.0,0.0,0.0,120.0,50.11,0.0,0.88,0.0,0.0,0.0,7.85,0.0,100.0,67.76,96.56,60.15
2018-01-12 00:50:00,2,1,64.86,85.0,55.0,34.56,50.08,61.26,0.0,0.0,0.0,45.0,46.34,0.0,0.0,0.0,120.0,50.08,0.0,0.88,0.0,0.0,0.0,7.86,0.0,100.0,67.61,96.69,60.15
2018-01-12 00:51:00,2,1,64.85,85.0,55.0,34.57,50.04,61.25,0.0,0.0,0.0,45.0,46.31,0.0,0.0,0.0,120.0,50.04,0.0,0.88,0.0,0.0,0.0,7.88,0.0,100.0,67.45,96.83,60.16
2018-01-12 00:52:00,2,1,64.85,85.0,55.0,34.57,50.01,61.25,0.0,0.0,0.0,45.0,46.28,0.0,0.0,0.0,120.0,50.01,0.0,0.88,0.0,0.0,0.0,7.89,0.0,100.0,67.3,96.96,60.16
2018-01-12 00:53:00,2,1,64.84,85.0,55.0,34.57,49.98,61.24,0.0,0.0,0.0,45.0,46.25,0.0,0.0,0.0,120.0,49.98,0.0,0.88,0.0,0.0,0.0,7.91,0.0,100.0,67.14,97.08,60.16
2018-01-12 00:54:00,2,1,64.83,85.0,55.0,34.58,49.95,61.23,0.0,0.0,0.0,45.0,46.22,0.0,0.0,0.0,120.0,49.95,0.0,0.88,0.0,0.0,0.0,7.93,0.0,100.0,66.98,97.18,60.16
2018-01-12 00:55:00,2,1,64.82,85.0,55.0,34.58,49.91,61.22,0.0,0.0,0.0,45.0,46.19,0.0,0.0,0.0,120.0,49.91,0.0,0.88,0.0,0.0,0.0,7.95,0.0,100.0,66.83,97.28,60.16
2018-01-12 00:56:00,2,1,64.81,85.0,55.0,34.59,49.88,61.21,0.0,0.0,0.0,45.0,46.16,0.0,0.0,0.0,120.0,49.88,0.0,0.88,0.0,0.0,0.0,7.97,0.0,100.0,66.68,97.39,60.16
2018-01-12 00:57:00,2,1,64.81,85.0,55.0,34.6,49.85,61.21,0.0,0.0,0.0,45.0,46.13,0.0,0.0,0.0,120.0,49.85,0.0,0.88,0.0,0.0,0.0,7.99,0.0,100.0,66.52,97.49,60.16
2018-01-12 00:58:00,2,1,64.8,85.0,55.0,34.6,49.82,61.2,0.0,0.0,0.0,45.0,46.1,0.0,0.0,0.0,120.0,49.82,0.0,0.88,0.0,0.0,0.0,8.01,0.0,100.0,66.37,97.59,60.16
2018-01-12 00:59:00,2,1,64.79,85.0,55.0,34.61,49.78,61.19,0.0,0.0,0.0,45.0,46.07,0.0,0.0,0.0,120.0,49.78,0.0,0.88,0.0,0.0,0.0,8.03,0.0,100.0,66.22,97.69,60.16
2018-01-12 01:00:00,2,1,64.78,85.0,55.0,34.62,49.75,61.18,0.0,0.0,0.0,45.0,46.04,0.0,0.0,0.0,120.0,49.75,0.0,0.88,0.0,0.0,0.0,8.05,0.0,100.0,66.07,97.8,60.15
2018-01-12 01:01:00,2,1,64.77,85.0,55.0,34.63,49.72,61.17,0.0,0.0,0.0,45.0,46.01,0.0,0.0,0.0,120.0,49.72,0.0,0.88,0.0,0.0,0.0,8.08,0.0,100.0,65.95,97.9,60.15
2018-01-12 01:02:00,2,1,64.77,85.0,55.0,34.64,49.69,61.17,0.0,0.0,0.0,45.0,45.98,0.0,0.0,0.0,120.0,49.69,0.0,0.88,0.0,0.0,0.0,8.11,0.0,100.0,65.86,98.0,60.15
2018-01-12 01:03:00,2,1,64.76,85.0,55.0,34.65,49.65,61.16,0.0,0.0,0.0,45.0,45.96,0.0,0.0,0.0,120.0,49.65,0.0,0.88,0.0,0.0,0.0,8.14,0.0,100.0,65.77,98.1,60.15
2018-01-12 01:04:00,2,1,64.75,85.0,55.0,34.66,49.62,61.15,0.0,0.0,0.0,45.0,45.93,0.0,0.0,0.0,120.0,49.62,0.0,0.88,0.0,0.0,0.0,8.17,0.0,100.0,65.68,98.21,60.14
2018-01-12 01:05:00,2,1,64.74,85.0,55.0,34.67,49.59,61.14,0.0,0.0,0.0,45.0,45.9,0.0,0.0,0.0,120.0,49.59,0.0,0.88,0.0,0.0,0.0,8.2,0.0,100.0,65.59,98.31,60.14
2018-01-12 01:06:00,2,1,64.74,85.0,55.0,34.69,49.56,61.14,0.0,0.0,0.0,45.0,45.87,0.0,0.0,0.0,120.0,49.56,0.0,0.88,0.0,0.0,0.0,8.24,0.0,100.0,65.51,98.42,60.14
2018-01-12 01:07:00,2,1,64.73,85.0,55.0,34.7,49.53,61.13,0.0,0.0,0.0,45.0,45.84,0.0,0.0,0.0,120.0,49.53,0.0,0.88,0.0,0.0,0.0,8.27,0.0,100.0,65.42,98.52,60.13
2018-01-12 01:08:00,2,1,64.72,85.0,55.0,34.71,49.49,61.12,0.0,0.0,0.0,45.0,45.81,0.0,0.0,0.0,120.0,49.49,0.0,0.88,0.0,0.0,0.0,8.3,0.0,100.0,65.34,98.62,60.13
2018-01-12 01:09:00,2,1,64.71,85.0,55.0,34.73,49.46,61.11,0.0,0.0,0.0,45.0,45.78,0.0,0.0,0.0,120.0,49.46,0.0,0.88,0.0,0.0,0.0,8.34,0.0,100.0,65.26,98.73,60.13
2018-01-12 01:10:00,2,1,64.71,85.0,55.0,34.74,49.43,61.11,0.0,0.0,0.0,45.0,45.75,0.0,0.0,0.0,120.0,49.43,0.0,0.88,0.0,0.0,0.0,8.37,0.0,100.0,65.18,98.83,60.12
2018-01-12 01:11:00,2,1,64.7,85.0,55.0,34.75,49.4,61.1,0.0,0.0,0.0,45.0,45.73,0.0,0.0,0.0,120.0,49.4,0.0,0.88,0.0,0.0,0.0,8.41,0.0,100.0,65.1,98.93,60.12
2018-01-12 01:12:00,2,1,64.69,85.0,55.0,34.77,49.36,61.09,0.0,0.0,0.0,45.0,45.7,0.0,0.0,0.0,120.0,49.36,0.0,0.88,0.0,0.0,0.0,8.44,0.0,100.0,65.02,99.04,60.11
2018-01-12 01:13:00,2,1,64.69,85.0,55.0,34.78,49.33,61.09,0.0,0.0,0.0,45.0,45.67,0.0,0.0,0.0,120.0,49.33,0.0,0.88,0.0,0.0,0.0,8.48,0.0,100.0,64.94,99.14,60.11
2018-01-12 01:14:00,2,1,64.68,85.0,55.0,34.8,49.3,61.08,0.0,0.0,0.0,45.0,45.64,0.0,0.0,0.0,120.0,49.3,0.0,0.88,0.0,0.0,0.0,8.51,0.0,100.0,64.87,99.25,60.1
2018-01-12 01:15:00,2,1,64.67,85.0,55.0,34.81,49.27,61.07,0.0,0.0,0.0,45.0,45.61,0.0,0.0,0.0,120.0,49.27,0.0,0.88,0.0,0.0,0.0,8.55,0.0,100.0,64.79,99.35,60.1
2018-01-12 01:16:00,2,1,64.67,85.0,55.0,34.83,49.24,61.07,0.0,0.0,0.0,45.0,45.58,0.0,0.0,0.0,120.0,49.24,0.0,0.88,0.0,0.0,0.0,8.59,0.0,100.0,64.72,99.46,60.09
2018-01-12 01:17:00,2,1,64.66,85.0,55.0,34.84,49.2,61.06,0.0,0.0,0.0,45.0,45.56,0.0,0.0,0.0,120.0,49.2,0.0,0.88,0.0,0.0,0.0,8.62,0.0,100.0,64.65,99.56,60.08
2018-01-12 01:18:00,2,1,64.65,85.0,55.0,34.86,49.17,61.05,0.0,0.0,0.0,45.0,45.53,0.0,0.0,0.0,120.0,49.17,0.0,0.88,0.0,0.0,0.0,8.66,0.0,100.0,64.58,99.67,60.08
2018-01-12 01:19:00,2,1,64.65,85.0,55.0,34.87,49.14,61.05,0.0,0.0,0.0,45.0,45.5,0.0,0.0,0.0,120.0,49.14,0.0,0.88,0.0,0.0,0.0,8.7,0.0,100.0,64.51,99.77,60.07
2018-01-12 01:20:00,2,1,64.64,85.0,55.0,34.89,49.11,61.04,0.0,0.0,0.0,45.0,45.47,0.0,0.0,0.0,120.0,49.11,0.0,0.88,0.0,0.0,0.0,8.73,0.0,100.0,64.44,99.88,60.07
2018-01-12 01:21:00,2,1,64.63,85.0,55.0,34.9,49.08,61.03,0.0,0.0,0.0,45.0,45.45,0.0,0.0,0.0,120.0,49.08,0.0,0.88,0.0,0.0,0.0,8.77,0.0,100.0,64.37,99.98,60.06
2018-01-12 01:22:00,2,1,64.63,85.0,55.0,34.92,49.05,61.03,0.0,0.0,0.0,45.0,45.42,0.0,0.0,0.0,120.0,49.05,0.0,0.88,0.0,0.0,0.0,8.81,0.0,100.0,64.31,100.0,60.05
2018-01-12 01:23:00,2,1,64.62,85.0,55.0,34.93,49.01,61.02,0.0,0.0,0.0,45.0,45.39,0.0,0.0,0.0,120.0,49.01,0.0,0.88,0.0,0.0,0.0,8.84,0.0,100.0,64.24,100.0,60.05
2018-01-12 01:24:00,2,1,64.61,85.0,55.0,34.95,48.98,61.01,0.0,0.0,0.0,45.0,45.37,0.0,0.0,0.0,120.0,48.98,0.0,0.88,0.0,0.0,0.0,8.88,0.0,100.0,64.18,100.0,60.04
2018-01-12 01:25:00,2,1,64.61,85.0,55.0,34.96,48.95,61.01,0.0,0.0,0.0,45.0,45.34,0.0,0.0,0.0,120.0,48.95,0.0,0.88,0.0,0.0,0.0,8.92,0.0,100.0,64.12,100.0,60.04
2018-01-12 01:26:00,2,1,64.6,85.0,55.0,34.98,48.92,61.0,0.0,0.0,0.0,45.0,45.31,0.0,0.0,0.0,120.0,48.92,0.0,0.88,0.0,0.0,0.0,8.95,0.0,100.0,64.06,100.0,60.03
2018-01-12 01:27:00,2,1,64.6,85.0,55.0,34.99,48.89,61.0,0.0,0.0,0.0,45.0,45.29,0.0,0.0,0.0,120.0,48.89,0.0,0.88,0.0,0.0,0.0,8.99,0.0,100.0,64.0,100.0,60.02
2018-01-12 01:28:00,2,1,64.59,85.0,55.0,35.01,48.86,60.99,0.0,0.0,0.0,45.0,45.26,0.0,0.0,0.0,120.0,48.86,0.0,0.88,0.0,0.0,0.0,9.03,0.0,100.0,63.95,100.0,60.02
2018-01-12 01:29:00,2,1,64.58,85.0,55.0,35.02,48.82,60.98,0.0,0.0,0.0,45.0,45.23,0.0,0.0,0.0,120.0,48.82,0.0,0.88,0.0,0.0,0.0,9.06,0.0,100.0,63.89,100.0,60.01
2018-01-12 01:30:00,2,1,64.58,85.0,55.0,35.04,48.79,60.98,0.0,0.0,0.0,45.0,45.21,0.0,0.0,0.0,120.0,48.79,0.0,0.88,0.0,0.0,0.0,9.1,0.0,100.0,63.84,100.0,60.0
2018-01-12 01:31:00,2,1,64.57,85.0,55.0,35.05,48.76,60.97,0.0,0.0,0.0,45.0,45.18,0.0,0.0,0.0,120.0,48.76,0.0,0.88,0.0,0.0,0.0,9.14,0.0,100.0,63.79,100.0,59.99
2018-01-12 01:32:00,2,1,64.56,85.0,55.0,35.07,48.73,60.96,0.0,0.0,0.0,45.0,45.15,0.0,0.0,0.0,120.0,48.73,0.0,0.88,0.0,0.0,0.0,9.17,0.0,100.0,63.74,100.0,59.99
2018-01-12 01:33:00,2,1,64.56,85.0,55.0,35.08,48.7,60.96,0.0,0.0,0.0,45.0,45.13,0.0,0.0,0.0,120.0,48.7,0.0,0.88,0.0,0.0,0.0,9.21,0.0,100.0,63.69,100.0,59.98
2018-01-12 01:34:00,2,1,64.55,85.0,55.0,35.1,48.67,60.95,0.0,0.0,0.0,45.0,45.1,0.0,0.0,0.0,120.0,48.67,0.0,0.88,0.0,0.0,0.0,9.25,0.0,100.0,63.64,100.0,59.97
2018-01-12 01:35:00,2,1,64.55,85.0,55.0,35.11,48.64,60.95,0.0,0.0,0.0,45.0,45.08,0.0,0.0,0.0,120.0,48.64,0.0,0.88,0.0,0.0,0.0,9.28,0.0,100.0,63.6,100.0,59.97
2018-01-12 01:36:00,2,1,64.54,85.0,55.0,35.13,48.61,60.94,0.0,0.0,0.0,45.0,45.05,0.0,0.0,0.0,120.0,48.61,0.0,0.88,0.0,0.0,0.0,9.32,0.0,100.0,63.55,100.0,59.96
2018-01-12 01:37:00,2,1,64.53,85.0,55.0,35.14,48.57,60.93,0.0,0.0,0.0,45.0,45.03,0.0,0.0,0.0,120.0,48.57,0.0,0.88,0.0,0.0,0.0,9.35,0.0,100.0,63.51,100.0,59.95
2018-01-12 01:38:00,2,1,64.53,85.0,55.0,35.16,48.54,60.93,0.0,0.0,0.0,45.0,45.0,0.0,0.0,0.0,120.0,48.54,0.0,0.88,0.0,0.0,0.0,9.39,0.0,100.0,63.47,100.0,59.95
2018-01-12 01:39:00,2,1,64.52,85.0,55.0,35.17,48.51,60.92,0.0,0.0,0.0,45.0,44.97,0.0,0.0,0.0,120.0,48.51,0.0,0.88,0.0,0.0,0.0,9.42,0.0,100.0,63.43,100.0,59.94
2018-01-12 01:40:00,2,1,64.52,85.0,55.0,35.19,48.48,60.92,0.0,0.0,0.0,45.0,44.95,0.0,0.0,0.0,120.0,48.48,0.0,0.88,0.0,0.0,0.0,9.46,0.0,100.0,63.39,100.0,59.93
2018-01-12 01:41:00,2,1,64.51,85.0,55.0,35.2,48.45,60.91,0.0,0.0,0.0,45.0,44.92,0.0,0.0,0.0,120.0,48.45,0.0,0.88,0.0,0.0,0.0,9.49,0.0,100.0,63.36,100.0,59.92
2018-01-12 01:42:00,2,1,64.5,85.0,55.0,35.21,48.42,60.9,0.0,0.0,0.0,45.0,44.9,0.0,0.0,0.0,120.0,48.42,0.0,0.88,0.0,0.0,0.0,9.52,0.0,100.0,63.32,100.0,59.92
2018-01-12 01:43:00,2,1,64.5,85.0,55.0,35.23,48.39,60.9,0.0,0.0,0.0,45.0,44.87,0.0,0.0,0.0,120.0,48.39,0.0,0.88,0.0,0.0,0.0,9.56,0.0,100.0,63.29,100.0,59.91
2018-01-12 01:44:00,2,1,64.49,85.0,55.0,35.24,48.36,60.89,0.0,0.0,0.0,45.0,44.85,0.0,0.0,0.0,120.0,48.36,0.0,0.88,0.0,0.0,0.0,9.59,0.0,100.0,63.26,100.0,59.9
2018-01-12 01:45:00,2,1,64.49,85.0,55.0,35.25,48.33,60.89,0.0,0.0,0.0,45.0,44.82,0.0,0.0,0.0,120.0,48.33,0.0,0.88,0.0,0.0,0.0,9.62,0.0,100.0,63.23,100.0,59.9
2018-01-12 01:46:00,2,1,64.48,85.0,55.0,35.27,48.3,60.88,0.0,0.0,0.0,45.0,44.8,0.0,0.0,0.0,120.0,48.3,0.0,0.88,0.0,0.0,0.0,9.65,0.0,100.0,63.2,100.0,59.89
2018-01-12 01:47:00,2,1,64.47,85.0,55.0,35.28,48.27,60.87,0.0,0.0,0.0,45.0,44.77,0.0,0.0,0.0,120.0,48.27,0.0,0.88,0.0,0.0,0.0,9.68,0.0,100.0,63.18,100.0,59.88
2018-01-12 01:48:00,2,1,64.47,85.0,55.0,35.29,48.24,60.87,0.0,0.0,0.0,45.0,44.75,0.0,0.0,0.0,120.0,48.24,0.0,0.88,0.0,0.0,0.0,9.71,0.0,100.0,63.15,100.0,59.88
2018-01-12 01:49:00,2,1,64.46,85.0,55.0,35.3,48.21,60.86,0.0,0.0,0.0,45.0,44.73,0.0,0.0,0.0,120.0,48.21,0.0,0.88,0.0,0.0,0.0,9.74,0.0,100.0,63.13,100.0,59.87
2018-01-12 01:50:00,2,1,64.46,85.0,55.0,35.31,48.18,60.86,0.0,0.0,0.0,45.0,44.7,0.0,0.0,0.0,120.0,48.18,0.0,0.88,0.0,0.0,0.0,9.77,0.0,100.0,63.11,100.0,59.86
2018-01-12 01:51:00,2,1,64.45,85.0,55.0,35.33,48.14,60.85,0.0,0.0,0.0,45.0,44.68,0.0,0.0,0.0,120.0,48.14,0.0,0.88,0.0,0.0,0.0,9.8,0.0,100.0,63.09,100.0,59.86
2018-01-12 01:52:00,2,1,64.44,85.0,55.0,35.34,48.11,60.84,0.0,0.0,0.0,45.0,44.65,0.0,0.0,0.0,120.0,48.11,0.0,0.88,0.0,0.0,0.0,9.83,0.0,100.0,63.08,100.0,59.85
2018-01-12 01:53:00,2,1,64.44,85.0,55.0,35.35,48.08,60.84,0.0,0.0,0.0,45.0,44.63,0.0,0.0,0.0,120.0,48.08,0.0,0.88,0.0,0.0,0.0,9.86,0.0,100.0,63.06,100.0,59.84
2018-01-12 01:54:00,2,1,64.43,85.0,55.0,35.36,48.05,60.83,0.0,0.0,0.0,45.0,44.61,0.0,0.0,0.0,120.0,48.05,0.0,0.88,0.0,0.0,0.0,9.88,0.0,100.0,63.05,100.0,59.84
2018-01-12 01:55:00,2,1,64.42,85.0,55.0,35.37,48.02,60.82,0.0,0.0,0.0,45.0,44.58,0.0,0.0,0.0,120.0,48.02,0.0,0.88,0.0,0.0,0.0,9.91,0.0,100.0,63.04,100.0,59.83
2018-01-12 01:56:00,2,1,64.42,85.0,55.0,35.38,47.99,60.82,0.0,0.0,0.0,45.0,44.56,0.0,0.0,0.0,120.0,47.99,0.0,0.88,0.0,0.0,0.0,9.94,0.0,100.0,63.03,100.0,59.82
2018-01-12 01:57:00,2,1,64.41,85.0,55.0,35.39,47.96,60.81,0.0,0.0,0.0,45.0,44.53,0.0,0.0,0.0,120.0,47.96,0.0,0.88,0.0,0.0,0.0,9.96,0.0,100.0,63.02,100.0,59.82
2018-01-12 01:58:00,2,1,64.41,85.0,55.0,35.4,47.93,60.81,0.0,0.0,0.0,45.0,44.51,0.0,0.0,0.0,120.0,47.93,0.0,0.88,0.0,0.0,0.0,9.98,0.0,100.0,63.01,100.0,59.81
2018-01-12 01:59:00,2,1,64.4,85.0,55.0,35.4,47.9,60.8,0.0,0.0,0.0,45.0,44.49,0.0,0.0,0.0,120.0,47.9,0.0,0.88,0.0,0.0,0.0,10.01,0.0,100.0,63.01,100.0,59.81
2018-01-12 02:00:00,2,1,64.39,85.0,55.0,35.41,47.87,60.79,0.0,0.0,0.0,45.0,44.46,0.0,0.0,0.0,120.0,47.87,0.0,0.88,0.0,0.0,0.0,10.03,0.0,100.0,63.01,100.0,59.8
2018-01-12 02:01:00,2,1,64.39,85.0,55.0,35.41,47.84,60.79,0.0,0.0,0.0,45.0,44.44,0.0,0.0,0.0,120.0,47.84,0.0,0.88,0.0,0.0,0.0,10.04,0.0,100.0,63.03,100.0,59.79
2018-01-12 02:02:00,2,1,64.38,85.0,55.0,35.41,47.81,60.78,0.0,0.0,0.0,45.0,44.42,0.0,0.0,0.0,120.0,47.81,0.0,0.88,0.0,0.0,0.0,10.04,0.0,100.0,63.06,100.0,59.79
2018-01-12 02:03:00,2,1,64.37,85.0,55.0,35.41,47.78,60.77,0.0,0.0,0.0,45.0,44.39,0.0,0.0,0.0,120.0,47.78,0.0,0.88,0.0,0.0,0.0,10.05,0.0,100.0,63.09,100.0,59.78
2018-01-12 02:04:00,2,1,64.37,85.0,55.0,35.41,47.76,60.77,0.0,0.0,0.0,45.0,44.37,0.0,0.0,0.0,120.0,47.76,0.0,0.88,0.0,0.0,0.0,10.05,0.0,100.0,63.13,100.0,59.78
2018-01-12 02:05:00,2,1,64.36,85.0,55.0,35.41,47.73,60.76,0.0,0.0,0.0,45.0,44.35,0.0,0.0,0.0,120.0,47.73,0.0,0.88,0.0,0.0,0.0,10.05,0.0,100.0,63.17,100.0,59.77
2018-01-12 02:06:00,2,1,64.36,85.0,55.0,35.4,47.7,60.76,0.0,0.0,0.0,45.0,44.32,0.0,0.0,0.0,120.0,47.7,0.0,0.88,0.0,0.0,0.0,10.05,0.0,100.0,63.21,100.0,59.77
2018-01-12 02:07:00,2,1,64.35,85.0,55.0,35.4,47.67,60.75,0.0,0.0,0.0,45.0,44.3,0.0,0.0,0.0,120.0,47.67,0.0,0.88,0.0,0.0,0.0,10.05,0.0,100.0,63.25,100.0,59.77
2018-01-12 02:08:00,2,1,64.34,85.0,55.0,35.39,47.64,60.74,0.0,0.0,0.0,45.0,44.28,0.0,0.0,0.0,120.0,47.64,0.0,0.88,0.0,0.0,0.0,10.05,0.0,100.0,63.29,100.0,59.76
2018-01-12 02:09:00,2,1,64.33,85.0,55.0,35.39,47.61,60.73,0.0,0.0,0.0,45.0,44.26,0.0,0.0,0.0,120.0,47.61,0.0,0.88,0.0,0.0,0.0,10.04,0.0,100.0,63.34,100.0,59.76
2018-01-12 02:10:00,2,1,64.33,85.0,55.0,35.38,47.58,60.73,0.0,0.0,0.0,45.0,44.23,0.0,0.0,0.0,120.0,47.58,0.0,0.88,0.0,0.0,0.0,10.04,0.0,100.0,63.38,100.0,59.75
2018-01-12 02:11:00,2,1,64.32,85.0,55.0,35.38,47.55,60.72,0.0,0.0,0.0,45.0,44.21,0.0,0.0,0.0,120.0,47.55,0.0,0.88,0.0,0.0,0.0,10.04,0.0,100.0,63.43,100.0,59.75
2018-01-12 02:12:00,2,1,64.31,85.0,55.0,35.37,47.52,60.71,0.0,0.0,0.0,45.0,44.19,0.0,0.0,0.0,120.0,47.52,0.0,0.88,0.0,0.0,0.0,10.03,0.0,100.0,63.48,100.0,59.75
2018-01-12 02:13:00,2,1,64.31,85.0,55.0,35.37,47.49,60.71,0.0,0.0,0.0,45.0,44.16,0.0,0.0,0.0,120.0,47.49,0.0,0.88,0.0,0.0,0.0,10.03,0.0,100.0,63.53,100.0,59.74
2018-01-12 02:14:00,2,1,64.3,85.0,55.0,35.36,47.46,60.7,0.0,0.0,0.0,45.0,44.14,0.0,0.0,0.0,120.0,47.46,0.0,0.88,0.0,0.0,0.0,10.02,0.0,100.0,63.59,100.0,59.74
2018-01-12 02:15:00,2,1,64.29,85.0,55.0,35.35,47.43,60.69,0.0,0.0,0.0,45.0,44.12,0.0,0.0,0.0,120.0,47.43,0.0,0.88,0.0,0.0,0.0,10.01,0.0,100.0,63.64,100.0,59.74
2018-01-12 02:16:00,2,1,64.28,85.0,55.0,35.34,47.4,60.68,0.0,0.0,0.0,45.0,44.1,0.0,0.0,0.0,120.0,47.4,0.0,0.88,0.0,0.0,0.0,10.0,0.0,100.0,63.69,100.0,59.74
2018-01-12 02:17:00,2,1,64.28,85.0,55.0,35.33,47.38,60.68,0.0,0.0,0.0,45.0,44.07,0.0,0.0,0.0,120.0,47.38,0.0,0.88,0.0,0.0,0.0,9.99,0.0,100.0,63.75,100.0,59.73
2018-01-12 02:18:00,2,1,64.27,85.0,55.0,35.33,47.35,60.67,0.0,0.0,0.0,45.0,44.05,0.0,0.0,0.0,120.0,47.35,0.0,0.88,0.0,0.0,0.0,9.98,0.0,100.0,63.81,100.0,59.73
2018-01-12 02:19:00,2,1,64.26,85.0,55.0,35.32,47.32,60.66,0.0,0.0,0.0,45.0,44.03,0.0,0.0,0.0,120.0,47.32,0.0,0.88,0.0,0.0,0.0,9.97,0.0,100.0,63.87,100.0,59.73
2018-01-12 02:20:00,2,1,64.25,85.0,55.0,35.31,47.29,60.65,0.0,0.0,0.0,45.0,44.01,0.0,0.0,0.0,120.0,47.29,0.0,0.88,0.0,0.0,0.0,9.96,0.0,100.0,63.93,100.0,59.73
2018-01-12 02:21:00,2,1,64.24,85.0,55.0,35.3,47.26,60.64,0.0,0.0,0.0,45.0,43.98,0.0,0.0,0.0,120.0,47.26,0.0,0.88,0.0,0.0,0.0,9.95,0.0,100.0,63.99,100.0,59.73
2018-01-12 02:22:00,2,1,64.24,85.0,55.0,35.29,47.23,60.64,0.0,0.0,0.0,45.0,43.96,0.0,0.0,0.0,120.0,47.23,0.0,0.88,0.0,0.0,0.0,9.94,0.0,100.0,64.06,100.0,59.73
2018-01-12 02:23:00,2,1,64.23,85.0,55.0,35.28,47.2,60.63,0.0,0.0,0.0,45.0,43.94,0.0,0.0,0.0,120.0,47.2,0.0,0.88,0.0,0.0,0.0,9.93,0.0,100.0,64.12,100.0,59.72
2018-01-12 02:24:00,2,1,64.22,85.0,55.0,35.27,47.17,60.62,0.0,0.0,0.0,45.0,43.92,0.0,0.0,0.0,120.0,47.17,0.0,0.88,0.0,0.0,0.0,9.91,0.0,100.0,64.19,100.0,59.72
2018-01-12 02:25:00,2,1,64.21,85.0,55.0,35.25,47.15,60.61,0.0,0.0,0.0,45.0,43.89,0.0,0.0,0.0,120.0,47.15,0.0,0.88,0.0,0.0,0.0,9.9,0.0,100.0,64.25,100.0,59.72
2018-01-12 02:26:00,2,1,64.2,85.0,55.0,35.24,47.12,60.6,0.0,0.0,0.0,45.0,43.87,0.0,0.0,0.0,120.0,47.12,0.0,0.88,0.0,0.0,0.0,9.88,0.0,100.0,64.32,100.0,59.72
2018-01-12 02:27:00,2,1,64.2,85.0,55.0,35.23,47.09,60.6,0.0,0.0,0.0,45.0,43.85,0.0,0.0,0.0,120.0,47.09,0.0,0.88,0.0,0.0,0.0,9.86,0.0,100.0,64.39,100.0,59.72
2018-01-12 02:28:00,2,1,64.19,85.0,55.0,35.22,47.06,60.59,0.0,0.0,0.0,45.0,43.83,0.0,0.0,0.0,120.0,47.06,0.0,0.88,0.0,0.0,0.0,9.85,0.0,100.0,64.46,100.0,59.72
2018-01-12 02:29:00,2,1,64.18,85.0,55.0,35.21,47.03,60.58,0.0,0.0,0.0,45.0,43.8,0.0,0.0,0.0,120.0,47.03,0.0,0.88,0.0,0.0,0.0,9.83,0.0,100.0,64.53,100.0,59.72
2018-01-12 02:30:00,2,1,64.17,85.0,55.0,35.19,47.0,60.57,0.0,0.0,0.0,45.0,43.78,0.0,0.0,0.0,120.0,47.0,0.0,0.88,0.0,0.0,0.0,9.81,0.0,100.0,64.6,100.0,59.72
2018-01-12 02:31:00,2,1,64.16,85.0,55.0,35.18,46.98,60.56,0.0,0.0,0.0,45.0,43.76,0.0,0.0,0.0,120.0,46.98,0.0,0.88,0.0,0.0,0.0,9.79,0.0,100.0,64.67,100.0,59.72
2018-01-12 02:32:00,2,1,64.16,85.0,55.0,35.16,46.95,60.56,0.0,0.0,0.0,45.0,43.74,0.0,0.0,0.0,120.0,46.95,0.0,0.88,0.0,0.0,0.0,9.77,0.0,100.0,64.74,100.0,59.72
2018-01-12 02:33:00,2,1,64.15,85.0,55.0,35.15,46.92,60.55,0.0,0.0,0.0,45.0,43.72,0.0,0.0,0.0,120.0,46.92,0.0,0.88,0.0,0.0,0.0,9.75,0.0,100.0,64.82,100.0,59.72
2018-01-12 02:34:00,2,1,64.14,85.0,55.0,35.14,46.89,60.54,0.0,0.0,0.0,45.0,43.69,0.0,0.0,0.0,120.0,46.89,0.0,0.88,0.0,0.0,0.0,9.73,0.0,100.0,64.89,100.0,59.72
2018-01-12 02:35:00,2,1,64.13,85.0,55.0,35.12,46.86,60.53,0.0,0.0,0.0,45.0,43.67,0.0,0.0,0.0,120.0,46.86,0.0,0.88,0.0,0.0,0.0,9.71,0.0,100.0,64.97,100.0,59.72
2018-01-12 02:36:00,2,1,64.12,85.0,55.0,35.11,46.84,60.52,0.0,0.0,0.0,45.0,43.65,0.0,0.0,0.0,120.0,46.84,0.0,0.88,0.0,0.0,0.0,9.69,0.0,100.0,65.04,100.0,59.72
2018-01-12 02:37:00,2,1,64.11,85.0,55.0,35.09,46.81,60.51,0.0,0.0,0.0,45.0,43.63,0.0,0.0,0.0,120.0,46.81,0.0,0.88,0.0,0.0,0.0,9.67,0.0,100.0,65.12,100.0,59.72
2018-01-12 02:38:00,2,1,64.1,85.0,55.0,35.07,46.78,60.5,0.0,0.0,0.0,45.0,43.61,0.0,0.0,0.0,120.0,46.78,0.0,0.88,0.0,0.0,0.0,9.64,0.0,100.0,65.2,100.0,59.72
2018-01-12 02:39:00,2,1,64.1,85.0,55.0,35.06,46.75,60.5,0.0,0.0,0.0,45.0,43.58,0.0,0.0,0.0,120.0,46.75,0.0,0.88,0.0,0.0,0.0,9.62,0.0,100.0,65.27,100.0,59.72
2018-01-12 02:40:00,2,1,64.09,85.0,55.0,35.04,46.73,60.49,0.0,0.0,0.0,45.0,43.56,0.0,0.0,0.0,120.0,46.73,0.0,0.88,0.0,0.0,0.0,9.59,0.0,100.0,65.35,100.0,59.72
2018-01-12 02:41:00,2,1,64.08,85.0,55.0,35.02,46.7,60.48,0.0,0.0,0.0,45.0,43.54,0.0,0.0,0.0,120.0,46.7,0.0,0.88,0.0,0.0,0.0,9.57,0.0,100.0,65.43,100.0,59.72
2018-01-12 02:42:00,2,1,64.07,85.0,55.0,35.01,46.67,60.47,0.0,0.0,0.0,45.0,43.52,0.0,0.0,0.0,120.0,46.67,0.0,0.88,0.0,0.0,0.0,9.54,0.0,100.0,65.51,100.0,59.72
2018-01-12 02:43:00,2,1,64.06,85.0,55.0,34.99,46.64,60.46,0.0,0.0,0.0,45.0,43.5,0.0,0.0,0.0,120.0,46.64,0.0,0.88,0.0,0.0,0.0,9.52,0.0,100.0,65.59,100.0,59.72
2018-01-12 02:44:00,2,1,64.05,85.0,55.0,34.97,46.61,60.45,0.0,0.0,0.0,45.0,43.47,0.0,0.0,0.0,120.0,46.61,0.0,0.88,0.0,0.0,0.0,9.49,0.0,100.0,65.67,100.0,59.72
2018-01-12 02:45:00,2,1,64.04,85.0,55.0,34.95,46.59,60.44,0.0,0.0,0.0,45.0,43.45,0.0,0.0,0.0,120.0,46.59,0.0,0.88,0.0,0.0,0.0,9.46,0.0,100.0,65.75,100.0,59.72
2018-01-12 02:46:00,2,1,64.03,85.0,55.0,34.93,46.56,60.43,0.0,0.0,0.0,45.0,43.43,0.0,0.0,0.0,120.0,46.56,0.0,0.88,0.0,0.0,0.0,9.43,0.0,100.0,65.83,100.0,59.72
2018-01-12 02:47:00,2,1,64.03,85.0,55.0,34.91,46.53,60.43,0.0,0.0,0.0,45.0,43.41,0.0,0.0,0.0,120.0,46.53,0.0,0.88,0.0,0.0,0.0,9.4,0.0,100.0,65.91,100.0,59.73
2018-01-12 02:48:00,2,1,64.02,85.0,55.0,34.9,46.51,60.42,0.0,0.0,0.0,45.0,43.39,0.0,0.0,0.0,120.0,46.51,0.0,0.88,0.0,0.0,0.0,9.37,0.0,100.0,65.99,100.0,59.73
2018-01-12 02:49:00,2,1,64.01,85.0,55.0,34.88,46.48,60.41,0.0,0.0,0.0,45.0,43.36,0.0,0.0,0.0,120.0,46.48,0.0,0.88,0.0,0.0,0.0,9.34,0.0,100.0,66.07,100.0,59.73
2018-01-12 02:50:00,2,1,64.0,85.0,55.0,34.86,46.45,60.4,0.0,0.0,0.0,45.0,43.34,0.0,0.0,0.0,120.0,46.45,0.0,0.88,0.0,0.0,0.0,9.31,0.0,100.0,66.15,100.0,59.73
2018-01-12 02:51:00,2,1,63.99,85.0,55.0,34.84,46.42,60.39,0.0,0.0,0.0,45.0,43.32,0.0,0.0,0.0,120.0,46.42,0.0,0.88,0.0,0.0,0.0,9.28,0.0,100.0,66.23,100.0,59.73
2018-01-12 02:52:00,2,1,63.98,85.0,55.0,34.82,46.4,60.38,0.0,0.0,0.0,45.0,43.3,0.0,0.0,0.0,120.0,46.4,0.0,0.88,0.0,0.0,0.0,9.25,0.0,100.0,66.32,100.0,59.73
2018-01-12 02:53:00,2,1,63.97,85.0,55.0,34.79,46.37,60.37,0.0,0.0,0.0,45.0,43.28,0.0,0.0,0.0,120.0,46.37,0.0,0.88,0.0,0.0,0.0,9.22,0.0,100.0,66.4,100.0,59.74
2018-01-12 02:54:00,2,1,63.96,85.0,55.0,34.77,46.34,60.36,0.0,0.0,0.0,45.0,43.25,0.0,0.0,0.0,120.0,46.34,0.0,0.88,0.0,0.0,0.0,9.18,0.0,100.0,66.48,100.0,59.74
2018-01-12 02:55:00,2,1,63.95,85.0,55.0,34.75,46.32,60.35,0.0,0.0,0.0,45.0,43.23,0.0,0.0,0.0,120.0,46.32,0.0,0.88,0.0,0.0,0.0,9.15,0.0,100.0,66.56,100.0,59.74
2018-01-12 02:56:00,2,1,63.94,85.0,55.0,34.73,46.29,60.34,0.0,0.0,0.0,45.0,43.21,0.0,0.0,0.0,120.0,46.29,0.0,0.88,0.0,0.0,0.0,9.12,0.0,100.0,66.64,100.0,59.74
2018-01-12 02:57:00,2,1,63.93,85.0,55.0,34.71,46.26,60.33,0.0,0.0,0.0,45.0,43.19,0.0,0.0,0.0,120.0,46.26,0.0,0.88,0.0,0.0,0.0,9.08,0.0,100.0,66.72,100.0,59.75
2018-01-12 02:58:00,2,1,63.92,85.0,55.0,34.69,46.23,60.32,0.0,0.0,0.0,45.0,43.17,0.0,0.0,0.0,120.0,46.23,0.0,0.88,0.0,0.0,0.0,9.05,0.0,100.0,66.8,100.0,59.75
2018-01-12 02:59:00,2,1,63.92,85.0,55.0,34.66,46.21,60.32,0.0,0.0,0.0,45.0,43.14,0.0,0.0,0.0,120.0,46.21,0.0,0.88,0.0,0.0,0.0,9.01,0.0,100.0,66.88,100.0,59.75
2018-01-12 03:00:00,2,1,63.91,85.0,55.0,34.64,46.18,60.31,0.0,0.0,0.0,45.0,43.12,0.0,0.0,0.0,120.0,46.18,0.0,0.88,0.0,0.0,0.0,8.98,0.0,100.0,66.96,100.0,59.75
2018-01-12 03:01:00,2,1,63.9,85.0,55.0,34.62,46.15,60.3,0.0,0.0,0.0,45.0,43.1,0.0,0.0,0.0,120.0,46.15,0.0,0.88,0.0,0.0,0.0,8.93,0.0,100.0,67.04,100.0,59.76
2018-01-12 03:02:00,2,1,63.89,85.0,55.0,34.59,46.13,60.29,0.0,0.0,0.0,45.0,43.08,0.0,0.0,0.0,120.0,46.13,0.0,0.88,0.0,0.0,0.0,8.89,0.0,100.0,67.1,100.0,59.76
2018-01-12 03:03:00,2,1,63.88,85.0,55.0,34.56,46.1,60.28,0.0,0.0,0.0,45.0,43.06,0.0,0.0,0.0,120.0,46.1,0.0,0.88,0.0,0.0,0.0,8.84,0.0,100.0,67.16,100.0,59.76
2018-01-12 03:04:00,2,1,63.87,85.0,55.0,34.53,46.07,60.27,0.0,0.0,0.0,45.0,43.04,0.0,0.0,0.0,120.0,46.07,0.0,0.88,0.0,0.0,0.0,8.79,0.0,100.0,67.23,100.0,59.77
2018-01-12 03:05:00,2,1,63.86,85.0,55.0,34.5,46.05,60.26,0.0,0.0,0.0,45.0,43.01,0.0,0.0,0.0,120.0,46.05,0.0,0.88,0.0,0.0,0.0,8.75,0.0,100.0,67.29,100.0,59.77
2018-01-12 03:06:00,2,1,63.85,85.0,55.0,34.47,46.02,60.25,0.0,0.0,0.0,45.0,42.99,0.0,0.0,0.0,120.0,46.02,0.0,0.88,0.0,0.0,0.0,8.7,0.0,100.0,67.35,100.0,59.78
2018-01-12 03:07:00,2,1,63.84,85.0,55.0,34.44,45.99,60.24,0.0,0.0,0.0,45.0,42.97,0.0,0.0,0.0,120.0,45.99,0.0,0.88,0.0,0.0,0.0,8.65,0.0,100.0,67.41,100.0,59.78
2018-01-12 03:08:00,2,1,63.83,85.0,55.0,34.41,45.97,60.23,0.0,0.0,0.0,45.0,42.95,0.0,0.0,0.0,120.0,45.97,0.0,0.88,0.0,0.0,0.0,8.6,0.0,100.0,67.47,100.0,59.78
2018-01-12 03:09:00,2,1,63.82,85.0,55.0,34.38,45.94,60.22,0.0,0.0,0.0,45.0,42.93,0.0,0.0,0.0,120.0,45.94,0.0,0.88,0.0,0.0,0.0,8.55,0.0,100.0,67.53,100.0,59.79
2018-01-12 03:10:00,2,1,63.81,85.0,55.0,34.35,45.92,60.21,0.0,0.0,0.0,45.0,42.9,0.0,0.0,0.0,120.0,45.92,0.0,0.88,0.0,0.0,0.0,8.5,0.0,100.0,67.6,100.0,59.79
2018-01-12 03:11:00,2,1,63.8,85.0,55.0,34.32,45.89,60.2,0.0,0.0,0.0,45.0,42.88,0.0,0.0,0.0,120.0,45.89,0.0,0.88,0.0,0.0,0.0,8.45,0.0,100.0,67.66,100.0,59.8
2018-01-12 03:12:00,2,1,63.79,85.0,55.0,34.29,45.86,60.19,0.0,0.0,0.0,45.0,42.86,0.0,0.0,0.0,120.0,45.86,0.0,0.88,0.0,0.0,0.0,8.4,0.0,100.0,67.72,100.0,59.8
2018-01-12 03:13:00,2,1,63.78,85.0,55.0,34.26,45.84,60.18,0.0,0.0,0.0,45.0,42.84,0.0,0.0,0.0,120.0,45.84,0.0,0.88,0.0,0.0,0.0,8.35,0.0,100.0,67.78,100.0,59.81
2018-01-12 03:14:00,2,1,63.77,85.0,55.0,34.23,45.81,60.17,0.0,0.0,0.0,45.0,42.81,0.0,0.0,0.0,120.0,45.81,0.0,0.88,0.0,0.0,0.0,8.3,0.0,100.0,67.83,100.0,59.81
2018-01-12 03:15:00,2,1,63.76,85.0,55.0,34.2,45.78,60.16,0.0,0.0,0.0,45.0,42.79,0.0,0.0,0.0,120.0,45.78,0.0,0.88,0.0,0.0,0.0,8.25,0.0,100.0,67.89,100.0,59.82
2018-01-12 03:16:00,2,1,63.75,85.0,55.0,34.17,45.76,60.15,0.0,0.0,0.0,45.0,42.77,0.0,0.0,0.0,120.0,45.76,0.0,0.88,0.0,0.0,0.0,8.2,0.0,100.0,67.95,100.0,59.83
2018-01-12 03:17:00,2,1,63.74,85.0,55.0,34.14,45.73,60.14,0.0,0.0,0.0,45.0,42.75,0.0,0.0,0.0,120.0,45.73,0.0,0.88,0.0,0.0,0.0,8.15,0.0,100.0,68.01,100.0,59.83
2018-01-12 03:18:00,2,1,63.73,85.0,55.0,34.11,45.71,60.13,0.0,0.0,0.0,45.0,42.73,0.0,0.0,0.0,120.0,45.71,0.0,0.88,0.0,0.0,0.0,8.1,0.0,100.0,68.07,100.0,59.84
2018-01-12 03:19:00,2,1,63.71,85.0,55.0,34.08,45.68,60.11,0.0,0.0,0.0,45.0,42.7,0.0,0.0,0.0,120.0,45.68,0.0,0.88,0.0,0.0,0.0,8.04,0.0,100.0,68.12,100.0,59.84
2018-01-12 03:20:00,2,1,63.7,85.0,55.0,34.05,45.65,60.1,0.0,0.0,0.0,45.0,42.68,0.0,0.0,0.0,120.0,45.65,0.0,0.88,0.0,0.0,0.0,7.99,0.0,100.0,68.18,100.0,59.85
2018-01-12 03:21:00,2,1,63.69,85.0,55.0,34.02,45.63,60.09,0.0,0.0,0.0,45.0,42.66,0.0,0.0,0.0,120.0,45.63,0.0,0.88,0.0,0.0,0.0,7.94,0.0,100.0,68.24,100.0,59.85
2018-01-12 03:22:00,2,1,63.68,85.0,55.0,33.99,45.6,60.08,0.0,0.0,0.0,45.0,42.64,0.0,0.0,0.0,120.0,45.6,0.0,0.88,0.0,0.0,0.0,7.89,0.0,100.0,68.29,100.0,59.86
2018-01-12 03:23:00,2,1,63.67,85.0,55.0,33.96,45.58,60.07,0.0,0.0,0.0,45.0,42.61,0.0,0.0,0.0,120.0,45.58,0.0,0.88,0.0,0.0,0.0,7.84,0.0,100.0,68.35,100.0,59.87
2018-01-12 03:24:00,2,1,63.66,85.0,55.0,33.92,45.55,60.06,0.0,0.0,0.0,45.0,42.59,0.0,0.0,0.0,120.0,45.55,0.0,0.88,0.0,0.0,0.0,7.79,0.0,100.0,68.4,100.0,59.87
2018-01-12 03:25:00,2,1,63.65,85.0,55.0,33.89,45.52,60.05,0.0,0.0,0.0,45.0,42.57,0.0,0.0,0.0,120.0,45.52,0.0,0.88,0.0,0.0,0.0,7.73,0.0,100.0,68.46,100.0,59.88
2018-01-12 03:26:00,2,1,63.64,85.0,55.0,33.86,45.5,60.04,0.0,0.0,0.0,45.0,42.55,0.0,0.0,0.0,120.0,45.5,0.0,0.88,0.0,0.0,0.0,7.68,0.0,100.0,68.51,100.0,59.89
2018-01-12 03:27:00,2,1,63.63,85.0,55.0,33.83,45.47,60.03,0.0,0.0,0.0,45.0,42.52,0.0,0.0,0.0,120.0,45.47,0.0,0.88,0.0,0.0,0.0,7.63,0.0,100.0,68.56,100.0,59.89
2018-01-12 03:28:00,2,1,63.62,85.0,55.0,33.8,45.45,60.02,0.0,0.0,0.0,45.0,42.5,0.0,0.0,0.0,120.0,45.45,0.0,0.88,0.0,0.0,0.0,7.58,0.0,100.0,68.62,100.0,59.9
2018-01-12 03:29:00,2,1,63.61,85.0,55.0,33.77,45.42,60.01,0.0,0.0,0.0,45.0,42.48,0.0,0.0,0.0,120.0,45.42,0.0,0.88,0.0,0.0,0.0,7.53,0.0,100.0,68.67,100.0,59.91
2018-01-12 03:30:00,2,1,63.6,85.0,55.0,33.74,45.4,60.0,0.0,0.0,0.0,45.0,42.46,0.0,0.0,0.0,120.0,45.4,0.0,0.88,0.0,0.0,0.0,7.48,0.0,100.0,68.72,100.0,59.91
2018-01-12 03:31:00,2,1,63.59,85.0,55.0,33.71,45.37,59.99,0.0,0.0,0.0,45.0,42.43,0.0,0.0,0.0,120.0,45.37,0.0,0.88,0.0,0.0,0.0,7.42,0.0,100.0,68.77,100.0,59.92
2018-01-12 03:32:00,2,1,63.58,85.0,55.0,33.68,45.34,59.98,0.0,0.0,0.0,45.0,42.41,0.0,0.0,0.0,120.0,45.34,0.0,0.88,0.0,0.0,0.0,7.37,0.0,100.0,68.82,100.0,59.93
2018-01-12 03:33:00,2,1,63.57,85.0,55.0,33.64,45.32,59.97,0.0,0.0,0.0,45.0,42.39,0.0,0.0,0.0,120.0,45.32,0.0,0.88,0.0,0.0,0.0,7.32,0.0,100.0,68.87,100.0,59.93
2018-01-12 03:34:00,2,1,63.55,85.0,55.0,33.61,45.29,59.95,0.0,0.0,0.0,45.0,42.37,0.0,0.0,0.0,120.0,45.29,0.0,0.88,0.0,0.0,0.0,7.27,0.0,100.0,68.92,100.0,59.94
2018-01-12 03:35:00,2,1,63.54,85.0,55.0,33.58,45.27,59.94,0.0,0.0,0.0,45.0,42.34,0.0,0.0,0.0,120.0,45.27,0.0,0.88,0.0,0.0,0.0,7.22,0.0,100.0,68.97,100.0,59.95
2018-01-12 03:36:00,2,1,63.53,85.0,55.0,33.55,45.24,59.93,0.0,0.0,0.0,45.0,42.32,0.0,0.0,0.0,120.0,45.24,0.0,0.88,0.0,0.0,0.0,7.17,0.0,100.0,69.02,100.0,59.96
2018-01-12 03:37:00,2,1,63.52,85.0,55.0,33.52,45.22,59.92,0.0,0.0,0.0,45.0,42.3,0.0,0.0,0.0,120.0,45.22,0.0,0.88,0.0,0.0,0.0,7.12,0.0,100.0,69.07,100.0,59.96
2018-01-12 03:38:00,2,1,63.51,85.0,55.0,33.49,45.19,59.91,0.0,0.0,0.0,45.0,42.28,0.0,0.0,0.0,120.0,45.19,0.0,0.88,0.0,0.0,0.0,7.07,0.0,100.0,69.11,100.0,59.97
2018-01-12 03:39:00,2,1,63.5,85.0,55.0,33.46,45.17,59.9,0.0,0.0,0.0,45.0,42.25,0.0,0.0,0.0,120.0,45.17,0.0,0.88,0.0,0.0,0.0,7.02,0.0,100.0,69.16,100.0,59.98
2018-01-12 03:40:00,2,1,63.49,85.0,55.0,33.43,45.14,59.89,0.0,0.0,0.0,45.0,42.23,0.0,0.0,0.0,120.0,45.14,0.0,0.88,0.0,0.0,0.0,6.97,0.0,100.0,69.21,100.0,59.98
2018-01-12 03:41:00,2,1,63.48,85.0,55.0,33.4,45.11,59.88,0.0,0.0,0.0,45.0,42.21,0.0,0.0,0.0,120.0,45.11,0.0,0.88,0.0,0.0,0.0,6.92,0.0,100.0,69.25,100.0,59.99
2018-01-12 03:42:00,2,1,63.47,85.0,55.0,33.37,45.09,59.87,0.0,0.0,0.0,45.0,42.19,0.0,0.0,0.0,120.0,45.09,0.0,0.88,0.0,0.0,0.0,6.88,0.0,100.0,69.3,100.0,60.0
2018-01-12 03:43:00,2,1,63.46,85.0,55.0,33.34,45.06,59.86,0.0,0.0,0.0,45.0,42.16,0.0,0.0,0.0,120.0,45.06,0.0,0.88,0.0,0.0,0.0,6.83,0.0,100.0,69.34,100.0,60.01
2018-01-12 03:44:00,2,1,63.45,85.0,55.0,33.31,45.04,59.85,0.0,0.0,0.0,45.0,42.14,0.0,0.0,0.0,120.0,45.04,0.0,0.88,0.0,0.0,0.0,6.78,0.0,100.0,69.38,100.0,60.01
2018-01-12 03:45:00,2,1,63.44,85.0,55.0,33.29,45.01,59.84,0.0,0.0,0.0,45.0,42.12,0.0,0.0,0.0,120.0,45.01,0.0,0.88,0.0,0.0,0.0,6.73,0.0,100.0,69.43,100.0,60.02
2018-01-12 03:46:00,2,1,63.42,85.0,55.0,33.26,44.99,59.82,0.0,0.0,0.0,45.0,42.09,0.0,0.0,0.0,120.0,44.99,0.0,0.88,0.0,0.0,0.0,6.69,0.0,100.0,69.47,100.0,60.03
2018-01-12 03:47:00,2,1,63.41,85.0,55.0,33.23,44.96,59.81,0.0,0.0,0.0,45.0,42.07,0.0,0.0,0.0,120.0,44.96,0.0,0.88,0.0,0.0,0.0,6.64,0.0,100.0,69.51,100.0,60.03
2018-01-12 03:48:00,2,1,63.4,85.0,55.0,33.2,44.94,59.8,0.0,0.0,0.0,45.0,42.05,0.0,0.0,0.0,120.0,44.94,0.0,0.88,0.0,0.0,0.0,6.6,0.0,100.0,69.55,100.0,60.04
2018-01-12 03:49:00,2,1,63.39,85.0,55.0,33.17,44.91,59.79,0.0,0.0,0.0,45.0,42.03,0.0,0.0,0.0,120.0,44.91,0.0,0.88,0.0,0.0,0.0,6.55,0.0,100.0,69.59,100.0,60.05
2018-01-12 03:50:00,2,1,63.38,85.0,55.0,33.14,44.89,59.78,0.0,0.0,0.0,45.0,42.0,0.0,0.0,0.0,120.0,44.89,0.0,0.88,0.0,0.0,0.0,6.51,0.0,100.0,69.63,100.0,60.06
2018-01-12 03:51:00,2,1,63.37,85.0,55.0,33.12,44.86,59.77,0.0,0.0,0.0,45.0,41.98,0.0,0.0,0.0,120.0,44.86,0.0,0.88,0.0,0.0,0.0,6.46,0.0,100.0,69.67,100.0,60.06
2018-01-12 03:52:00,2,1,63.36,85.0,55.0,33.09,44.84,59.76,0.0,0.0,0.0,45.0,41.96,0.0,0.0,0.0,120.0,44.84,0.0,0.88,0.0,0.0,0.0,6.42,0.0,100.0,69.7,100.0,60.07
2018-01-12 03:53:00,2,1,63.35,85.0,55.0,33.06,44.81,59.75,0.0,0.0,0.0,45.0,41.93,0.0,0.0,0.0,120.0,44.81,0.0,0.88,0.0,0.0,0.0,6.38,0.0,100.0,69.74,100.0,60.08
2018-01-12 03:54:00,2,1,63.34,85.0,55.0,33.04,44.79,59.74,0.0,0.0,0.0,45.0,41.91,0.0,0.0,0.0,120.0,44.79,0.0,0.88,0.0,0.0,0.0,6.33,0.0,100.0,69.78,100.0,60.08
2018-01-12 03:55:00,2,1,63.33,85.0,55.0,33.01,44.76,59.73,0.0,0.0,0.0,45.0,41.89,0.0,0.0,0.0,120.0,44.76,0.0,0.88,0.0,0.0,0.0,6.29,0.0,100.0,69.81,100.0,60.09
2018-01-12 03:56:00,2,1,63.32,85.0,55.0,32.99,44.74,59.72,0.0,0.0,0.0,45.0,41.87,0.0,0.0,0.0,120.0,44.74,0.0,0.88,0.0,0.0,0.0,6.25,0.0,100.0,69.85,100.0,60.1
2018-01-12 03:57:00,2,1,63.31,85.0,55.0,32.96,44.71,59.71,0.0,0.0,0.0,45.0,41.84,0.0,0.0,0.0,120.0,44.71,0.0,0.88,0.0,0.0,0.0,6.21,0.0,100.0,69.88,100.0,60.11
2018-01-12 03:58:00,2,1,63.3,85.0,55.0,32.94,44.69,59.7,0.0,0.0,0.0,45.0,41.82,0.0,0.0,0.0,120.0,44.69,0.0,0.88,0.0,0.0,0.0,6.17,0.0,100.0,69.91,100.0,60.11
2018-01-12 03:59:00,2,1,63.29,85.0,55.0,32.91,44.66,59.69,0.0,0.0,0.0,45.0,41.8,0.0,0.0,0.0,120.0,44.66,0.0,0.88,0.0,0.0,0.0,6.13,0.0,100.0,69.94,100.0,60.12
2018-01-12 04:00:00,2,1,63.28,85.0,55.0,32.89,44.64,59.68,0.0,0.0,0.0,45.0,41.77,0.0,0.0,0.0,120.0,44.64,0.0,0.88,0.0,0.0,0.0,6.1,0.0,100.0,69.97,100.0,60.13
2018-01-12 04:01:00,2,1,63.27,85.0,55.0,32.87,44.61,59.67,0.0,0.0,0.0,45.0,41.75,0.0,0.0,0.0,120.0,44.61,0.0,0.88,0.0,0.0,0.0,6.07,0.0,100.0,69.99,100.0,60.13
2018-01-12 04:02:00,2,1,63.25,85.0,55.0,32.86,44.59,59.65,0.0,0.0,0.0,45.0,41.73,0.0,0.0,0.0,120.0,44.59,0.0,0.88,0.0,0.0,0.0,6.06,0.0,100.0,70.0,100.0,60.14
2018-01-12 04:03:00,2,1,63.24,85.0,55.0,32.84,44.56,59.64,0.0,0.0,0.0,45.0,41.71,0.0,0.0,0.0,120.0,44.56,0.0,0.88,0.0,0.0,0.0,6.04,0.0,100.0,70.01,100.0,60.15
2018-01-12 04:04:00,2,1,63.23,85.0,55.0,32.83,44.54,59.63,0.0,0.0,0.0,45.0,41.68,0.0,0.0,0.0,120.0,44.54,0.0,0.88,0.0,0.0,0.0,6.03,0.0,100.0,70.01,100.0,60.15
2018-01-12 04:05:00,2,1,63.22,85.0,55.0,32.82,44.51,59.62,0.0,0.0,0.0,45.0,41.66,0.0,0.0,0.0,120.0,44.51,0.0,0.88,0.0,0.0,0.0,6.02,0.0,100.0,70.02,100.0,60.16
2018-01-12 04:06:00,2,1,63.21,85.0,55.0,32.81,44.49,59.61,0.0,0.0,0.0,45.0,41.64,0.0,0.0,0.0,120.0,44.49,0.0,0.88,0.0,0.0,0.0,6.0,0.0,100.0,70.02,100.0,60.16
2018-01-12 04:07:00,2,1,63.2,85.0,55.0,32.8,44.46,59.6,0.0,0.0,0.0,45.0,41.61,0.0,0.0,0.0,120.0,44.46,0.0,0.88,0.0,0.0,0.0,5.99,0.0,100.0,70.03,100.0,60.17
2018-01-12 04:08:00,2,1,63.19,85.0,55.0,32.79,44.44,59.59,0.0,0.0,0.0,45.0,41.59,0.0,0.0,0.0,120.0,44.44,0.0,0.88,0.0,0.0,0.0,5.98,0.0,100.0,70.03,100.0,60.18
2018-01-12 04:09:00,2,1,63.18,85.0,55.0,32.78,44.41,59.58,0.0,0.0,0.0,45.0,41.57,0.0,0.0,0.0,120.0,44.41,0.0,0.88,0.0,0.0,0.0,5.97,0.0,100.0,70.03,100.0,60.18
2018-01-12 04:10:00,2,1,63.18,85.0,55.0,32.77,44.39,59.58,0.0,0.0,0.0,45.0,41.55,0.0,0.0,0.0,120.0,44.39,0.0,0.88,0.0,0.0,0.0,5.96,0.0,100.0,70.03,100.0,60.19
2018-01-12 04:11:00,2,1,63.17,85.0,55.0,32.76,44.36,59.57,0.0,0.0,0.0,45.0,41.52,0.0,0.0,0.0,120.0,44.36,0.0,0.88,0.0,0.0,0.0,5.95,0.0,100.0,70.03,100.0,60.19
2018-01-12 04:12:00,2,1,63.16,85.0,55.0,32.75,44.34,59.56,0.0,0.0,0.0,45.0,41.5,0.0,0.0,0.0,120.0,44.34,0.0,0.88,0.0,0.0,0.0,5.95,0.0,100.0,70.04,100.0,60.2
2018-01-12 04:13:00,2,1,63.15,85.0,55.0,32.74,44.31,59.55,0.0,0.0,0.0,45.0,41.48,0.0,0.0,0.0,120.0,44.31,0.0,0.88,0.0,0.0,0.0,5.94,0.0,100.0,70.04,100.0,60.2
2018-01-12 04:14:00,2,1,63.14,85.0,55.0,32.73,44.29,59.54,0.0,0.0,0.0,45.0,41.46,0.0,0.0,0.0,120.0,44.29,0.0,0.88,0.0,0.0,0.0,5.93,0.0,100.0,70.04,100.0,60.2
2018-01-12 04:15:00,2,1,63.13,85.0,55.0,32.73,44.26,59.53,0.0,0.0,0.0,45.0,41.43,0.0,0.0,0.0,120.0,44.26,0.0,0.88,0.0,0.0,0.0,5.93,0.0,100.0,70.04,100.0,60.21
2018-01-12 04:16:00,2,1,63.12,85.0,55.0,32.72,44.24,59.52,0.0,0.0,0.0,45.0,41.41,0.0,0.0,0.0,120.0,44.24,0.0,0.88,0.0,0.0,0.0,5.92,0.0,100.0,70.03,100.0,60.21
2018-01-12 04:17:00,2,1,63.11,85.0,55.0,32.71,44.21,59.51,0.0,0.0,0.0,45.0,41.39,0.0,0.0,0.0,120.0,44.21,0.0,0.88,0.0,0.0,0.0,5.91,0.0,100.0,70.03,100.0,60.22
2018-01-12 04:18:00,2,1,63.1,85.0,55.0,32.71,44.19,59.5,0.0,0.0,0.0,45.0,41.37,0.0,0.0,0.0,120.0,44.19,0.0,0.88,0.0,0.0,0.0,5.91,0.0,100.0,70.03,100.0,60.22
2018-01-12 04:19:00,2,1,63.09,85.0,55.0,32.7,44.16,59.49,0.0,0.0,0.0,45.0,41.34,0.0,0.0,0.0,120.0,44.16,0.0,0.88,0.0,0.0,0.0,5.91,0.0,100.0,70.03,100.0,60.23
2018-01-12 04:20:00,2,1,63.08,85.0,55.0,32.69,44.14,59.48,0.0,0.0,0.0,45.0,41.32,0.0,0.0,0.0,120.0,44.14,0.0,0.88,0.0,0.0,0.0,5.9,0.0,100.0,70.03,100.0,60.23
2018-01-12 04:21:00,2,1,63.07,85.0,55.0,32.69,44.11,59.47,0.0,0.0,0.0,45.0,41.3,0.0,0.0,0.0,120.0,44.11,0.0,0.88,0.0,0.0,0.0,5.9,0.0,100.0,70.02,100.0,60.23
2018-01-12 04:22:00,2,1,63.06,85.0,55.0,32.68,44.09,59.46,0.0,0.0,0.0,45.0,41.28,0.0,0.0,0.0,120.0,44.09,0.0,0.88,0.0,0.0,0.0,5.9,0.0,100.0,70.02,100.0,60.24
2018-01-12 04:23:00,2,1,63.05,85.0,55.0,32.68,44.07,59.45,0.0,0.0,0.0,45.0,41.25,0.0,0.0,0.0,120.0,44.07,0.0,0.88,0.0,0.0,0.0,5.9,0.0,100.0,70.02,100.0,60.24
2018-01-12 04:24:00,2,1,63.05,85.0,55.0,32.67,44.04,59.45,0.0,0.0,0.0,45.0,41.23,0.0,0.0,0.0,120.0,44.04,0.0,0.88,0.0,0.0,0.0,5.9,0.0,100.0,70.01,100.0,60.24
2018-01-12 04:25:00,2,1,63.04,85.0,55.0,32.67,44.02,59.44,0.0,0.0,0.0,45.0,41.21,0.0,0.0,0.0,120.0,44.02,0.0,0.88,0.0,0.0,0.0,5.9,0.0,100.0,70.01,100.0,60.25
2018-01-12 04:26:00,2,1,63.03,85.0,55.0,32.66,43.99,59.43,0.0,0.0,0.0,45.0,41.19,0.0,0.0,0.0,120.0,43.99,0.0,0.88,0.0,0.0,0.0,5.9,0.0,100.0,70.01,100.0,60.25
2018-01-12 04:27:00,2,1,63.02,85.0,55.0,32.66,43.97,59.42,0.0,0.0,0.0,45.0,41.17,0.0,0.0,0.0,120.0,43.97,0.0,0.88,0.0,0.0,0.0,5.9,0.0,100.0,70.0,100.0,60.25
2018-01-12 04:28:00,2,1,63.01,85.0,55.0,32.65,43.94,59.41,0.0,0.0,0.0,45.0,41.14,0.0,0.0,0.0,120.0,43.94,0.0,0.88,0.0,0.0,0.0,5.9,0.0,100.0,70.0,100.0,60.25
2018-01-12 04:29:00,2,1,63.0,85.0,55.0,32.65,43.92,59.4,0.0,0.0,0.0,45.0,41.12,0.0,0.0,0.0,120.0,43.92,0.0,0.88,0.0,0.0,0.0,5.9,0.0,100.0,69.99,100.0,60.26
2018-01-12 04:30:00,2,1,62.99,85.0,55.0,32.65,43.89,59.39,0.0,0.0,0.0,45.0,41.1,0.0,0.0,0.0,120.0,43.89,0.0,0.88,0.0,0.0,0.0,5.9,0.0,100.0,69.99,100.0,60.26
2018-01-12 04:31:00,2,1,62.99,85.0,55.0,32.64,43.87,59.39,0.0,0.0,0.0,45.0,41.08,0.0,0.0,0.0,120.0,43.87,0.0,0.88,0.0,0.0,0.0,5.9,0.0,100.0,69.99,100.0,60.26
2018-01-12 04:32:00,2,1,62.98,85.0,55.0,32.64,43.85,59.38,0.0,0.0,0.0,45.0,41.06,0.0,0.0,0.0,120.0,43.85,0.0,0.88,0.0,0.0,0.0,5.9,0.0,100.0,69.98,100.0,60.26
2018-01-12 04:33:00,2,1,62.97,85.0,55.0,32.64,43.82,59.37,0.0,0.0,0.0,45.0,41.04,0.0,0.0,0.0,120.0,43.82,0.0,0.88,0.0,0.0,0.0,5.91,0.0,100.0,69.98,100.0,60.27
2018-01-12 04:34:00,2,1,62.96,85.0,55.0,32.63,43.8,59.36,0.0,0.0,0.0,45.0,41.01,0.0,0.0,0.0,120.0,43.8,0.0,0.88,0.0,0.0,0.0,5.91,0.0,100.0,69.97,100.0,60.27
2018-01-12 04:35:00,2,1,62.95,85.0,55.0,32.63,43.77,59.35,0.0,0.0,0.0,45.0,40.99,0.0,0.0,0.0,120.0,43.77,0.0,0.88,0.0,0.0,0.0,5.91,0.0,100.0,69.97,100.0,60.27
2018-01-12 04:36:00,2,1,62.94,85.0,55.0,32.63,43.75,59.34,0.0,0.0,0.0,45.0,40.97,0.0,0.0,0.0,120.0,43.75,0.0,0.88,0.0,0.0,0.0,5.92,0.0,100.0,69.97,100.0,60.27
2018-01-12 04:37:00,2,1,62.93,85.0,55.0,32.63,43.72,59.33,0.0,0.0,0.0,45.0,40.95,0.0,0.0,0.0,120.0,43.72,0.0,0.88,0.0,0.0,0.0,5.92,0.0,100.0,69.96,100.0,60.27
2018-01-12 04:38:00,2,1,62.93,85.0,55.0,32.63,43.7,59.33,0.0,0.0,0.0,45.0,40.93,0.0,0.0,0.0,120.0,43.7,0.0,0.88,0.0,0.0,0.0,5.93,0.0,100.0,69.96,100.0,60.28
2018-01-12 04:39:00,2,1,62.92,85.0,55.0,32.62,43.68,59.32,0.0,0.0,0.0,45.0,40.91,0.0,0.0,0.0,120.0,43.68,0.0,0.88,0.0,0.0,0.0,5.93,0.0,100.0,69.95,100.0,60.28
2018-01-12 04:40:00,2,1,62.91,85.0,55.0,32.62,43.65,59.31,0.0,0.0,0.0,45.0,40.88,0.0,0.0,0.0,120.0,43.65,0.0,0.88,0.0,0.0,0.0,5.94,0.0,100.0,69.95,100.0,60.28
2018-01-12 04:41:00,2,1,62.9,85.0,55.0,32.62,43.63,59.3,0.0,0.0,0.0,45.0,40.86,0.0,0.0,0.0,120.0,43.63,0.0,0.88,0.0,0.0,0.0,5.94,0.0,100.0,69.95,100.0,60.28
2018-01-12 04:42:00,2,1,62.89,85.0,55.0,32.62,43.6,59.29,0.0,0.0,0.0,45.0,40.84,0.0,0.0,0.0,120.0,43.6,0.0,0.88,0.0,0.0,0.0,5.95,0.0,100.0,69.95,100.0,60.28
2018-01-12 04:43:00,2,1,62.89,85.0,55.0,32.62,43.58,59.29,0.0,0.0,0.0,45.0,40.82,0.0,0.0,0.0,120.0,43.58,0.0,0.88,0.0,0.0,0.0,5.95,0.0,100.0,69.94,100.0,60.28
2018-01-12 04:44:00,2,1,62.88,85.0,55.0,32.62,43.55,59.28,0.0,0.0,0.0,45.0,40.8,0.0,0.0,0.0,120.0,43.55,0.0,0.88,0.0,0.0,0.0,5.96,0.0,100.0,69.94,100.0,60.28
2018-01-12 04:45:00,2,1,62.87,85.0,55.0,32.62,43.53,59.27,0.0,0.0,0.0,45.0,40.78,0.0,0.0,0.0,120.0,43.53,0.0,0.88,0.0,0.0,0.0,5.96,0.0,100.0,69.94,100.0,60.28
2018-01-12 04:46:00,2,1,62.86,85.0,55.0,32.62,43.51,59.26,0.0,0.0,0.0,45.0,40.76,0.0,0.0,0.0,120.0,43.51,0.0,0.88,0.0,0.0,0.0,5.97,0.0,100.0,69.94,100.0,60.28
2018-01-12 04:47:00,2,1,62.86,85.0,55.0,32.62,43.48,59.26,0.0,0.0,0.0,45.0,40.74,0.0,0.0,0.0,120.0,43.48,0.0,0.88,0.0,0.0,0.0,5.98,0.0,100.0,69.94,100.0,60.29
2018-01-12 04:48:00,2,1,62.85,85.0,55.0,32.62,43.46,59.25,0.0,0.0,0.0,45.0,40.72,0.0,0.0,0.0,120.0,43.46,0.0,0.88,0.0,0.0,0.0,5.98,0.0,100.0,69.94,100.0,60.29
2018-01-12 04:49:00,2,1,62.84,85.0,55.0,32.62,43.43,59.24,0.0,0.0,0.0,45.0,40.7,0.0,0.0,0.0,120.0,43.43,0.0,0.88,0.0,0.0,0.0,5.99,0.0,100.0,69.94,100.0,60.29
2018-01-12 04:50:00,2,1,62.83,85.0,55.0,32.62,43.41,59.23,0.0,0.0,0.0,45.0,40.67,0.0,0.0,0.0,120.0,43.41,0.0,0.88,0.0,0.0,0.0,6.0,0.0,100.0,69.94,100.0,60.29
2018-01-12 04:51:00,2,1,62.83,85.0,55.0,32.62,43.39,59.23,0.0,0.0,0.0,45.0,40.65,0.0,0.0,0.0,120.0,43.39,0.0,0.88,0.0,0.0,0.0,6.01,0.0,100.0,69.94,100.0,60.29
2018-01-12 04:52:00,2,1,62.82,85.0,55.0,32.62,43.36,59.22,0.0,0.0,0.0,45.0,40.63,0.0,0.0,0.0,120.0,43.36,0.0,0.88,0.0,0.0,0.0,6.01,0.0,100.0,69.94,100.0,60.29
2018-01-12 04:53:00,2,1,62.81,85.0,55.0,32.62,43.34,59.21,0.0,0.0,0.0,45.0,40.61,0.0,0.0,0.0,120.0,43.34,0.0,0.88,0.0,0.0,0.0,6.02,0.0,100.0,69.95,100.0,60.29
2018-01-12 04:54:00,2,1,62.8,85.0,55.0,32.62,43.32,59.2,0.0,0.0,0.0,45.0,40.59,0.0,0.0,0.0,120.0,43.32,0.0,0.88,0.0,0.0,0.0,6.03,0.0,100.0,69.95,100.0,60.29
2018-01-12 04:55:00,2,1,62.8,85.0,55.0,32.62,43.29,59.2,0.0,0.0,0.0,45.0,40.57,0.0,0.0,0.0,120.0,43.29,0.0,0.88,0.0,0.0,0.0,6.04,0.0,100.0,69.95,100.0,60.29
2018-01-12 04:56:00,2,1,62.79,85.0,55.0,32.62,43.27,59.19,0.0,0.0,0.0,45.0,40.55,0.0,0.0,0.0,120.0,43.27,0.0,0.88,0.0,0.0,0.0,6.04,0.0,100.0,69.96,100.0,60.29
2018-01-12 04:57:00,2,1,62.78,85.0,55.0,32.62,43.24,59.18,0.0,0.0,0.0,45.0,40.53,0.0,0.0,0.0,120.0,43.24,0.0,0.88,0.0,0.0,0.0,6.05,0.0,100.0,69.96,100.0,60.28
2018-01-12 04:58:00,2,1,62.77,85.0,55.0,32.62,43.22,59.17,0.0,0.0,0.0,45.0,40.51,0.0,0.0,0.0,120.0,43.22,0.0,0.88,0.0,0.0,0.0,6.06,0.0,100.0,69.97,100.0,60.28
2018-01-12 04:59:00,2,1,62.77,85.0,55.0,32.62,43.2,59.17,0.0,0.0,0.0,45.0,40.49,0.0,0.0,0.0,120.0,43.2,0.0,0.88,0.0,0.0,0.0,6.07,0.0,100.0,69.98,100.0,60.28
2018-01-12 05:00:00,2,1,62.76,85.0,55.0,32.62,43.17,59.16,0.0,0.0,0.0,45.0,40.47,0.0,0.0,0.0,120.0,43.17,0.0,0.88,0.0,0.0,0.0,6.08,0.0,100.0,69.99,100.0,60.28
2018-01-12 05:01:00,2,1,62.75,85.0,55.0,32.62,43.15,59.15,0.0,0.0,0.0,45.0,40.45,0.0,0.0,0.0,120.0,43.15,0.0,0.88,0.0,0.0,0.0,6.08,0.0,100.0,70.01,100.0,60.28
2018-01-12 05:02:00,2,1,62.75,85.0,55.0,32.61,43.13,59.15,0.0,0.0,0.0,45.0,40.43,0.0,0.0,0.0,120.0,43.13,0.0,0.88,0.0,0.0,0.0,6.08,0.0,100.0,70.05,100.0,60.28
2018-01-12 05:03:00,2,1,62.74,85.0,55.0,32.61,43.1,59.14,0.0,0.0,0.0,45.0,40.41,0.0,0.0,0.0,120.0,43.1,0.0,0.88,0.0,0.0,0.0,6.07,0.0,100.0,70.09,100.0,60.28
2018-01-12 05:04:00,2,1,62.73,85.0,55.0,32.6,43.08,59.13,0.0,0.0,0.0,45.0,40.39,0.0,0.0,0.0,120.0,43.08,0.0,0.88,0.0,0.0,0.0,6.07,0.0,100.0,70.13,100.0,60.28
2018-01-12 05:05:00,2,1,62.73,85.0,55.0,32.6,43.06,59.13,0.0,0.0,0.0,45.0,40.37,0.0,0.0,0.0,120.0,43.06,0.0,0.88,0.0,0.0,0.0,6.07,0.0,100.0,70.17,100.0,60.27
2018-01-12 05:06:00,2,1,62.72,85.0,55.0,32.59,43.03,59.12,0.0,0.0,0.0,45.0,40.35,0.0,0.0,0.0,120.0,43.03,0.0,0.88,0.0,0.0,0.0,6.07,0.0,100.0,70.22,100.0,60.27
2018-01-12 05:07:00,2,1,62.71,85.0,55.0,32.59,43.01,59.11,0.0,0.0,0.0,45.0,40.33,0.0,0.0,0.0,120.0,43.01,0.0,0.88,0.0,0.0,0.0,6.06,0.0,100.0,70.26,100.0,60.27
2018-01-12 05:08:00,2,1,62.71,85.0,55.0,32.58,42.98,59.11,0.0,0.0,0.0,45.0,40.31,0.0,0.0,0.0,120.0,42.98,0.0,0.88,0.0,0.0,0.0,6.06,0.0,100.0,70.31,100.0,60.26
2018-01-12 05:09:00,2,1,62.7,85.0,55.0,32.58,42.96,59.1,0.0,0.0,0.0,45.0,40.29,0.0,0.0,0.0,120.0,42.96,0.0,0.88,0.0,0.0,0.0,6.06,0.0,100.0,70.35,100.0,60.26
2018-01-12 05:10:00,2,1,62.7,85.0,55.0,32.58,42.94,59.1,0.0,0.0,0.0,45.0,40.27,0.0,0.0,0.0,120.0,42.94,0.0,0.88,0.0,0.0,0.0,6.06,0.0,100.0,70.4,100.0,60.26
2018-01-12 05:11:00,2,1,62.69,85.0,55.0,32.57,42.91,59.09,0.0,0.0,0.0,45.0,40.25,0.0,0.0,0.0,120.0,42.91,0.0,0.88,0.0,0.0,0.0,6.05,0.0,100.0,70.44,100.0,60.25
2018-01-12 05:12:00,2,1,62.68,85.0,55.0,32.57,42.89,59.08,0.0,0.0,0.0,45.0,40.23,0.0,0.0,0.0,120.0,42.89,0.0,0.88,0.0,0.0,0.0,6.05,0.0,100.0,70.49,100.0,60.25
2018-01-12 05:13:00,2,1,62.68,85.0,55.0,32.56,42.87,59.08,0.0,0.0,0.0,45.0,40.21,0.0,0.0,0.0,120.0,42.87,0.0,0.88,0.0,0.0,0.0,6.05,0.0,100.0,70.54,100.0,60.24
2018-01-12 05:14:00,2,1,62.67,85.0,55.0,32.56,42.85,59.07,0.0,0.0,0.0,45.0,40.19,0.0,0.0,0.0,120.0,42.85,0.0,0.88,0.0,0.0,0.0,6.05,0.0,100.0,70.58,100.0,60.24
2018-01-12 05:15:00,2,1,62.67,85.0,55.0,32.56,42.82,59.07,0.0,0.0,0.0,45.0,40.17,0.0,0.0,0.0,120.0,42.82,0.0,0.88,0.0,0.0,0.0,6.05,0.0,100.0,70.63,100.0,60.23
2018-01-12 05:16:00,2,1,62.66,85.0,55.0,32.55,42.8,59.06,0.0,0.0,0.0,45.0,40.15,0.0,0.0,0.0,120.0,42.8,0.0,0.88,0.0,0.0,0.0,6.04,0.0,100.0,70.68,100.0,60.23
2018-01-12 05:17:00,2,1,62.65,85.0,55.0,32.55,42.78,59.05,0.0,0.0,0.0,45.0,40.13,0.0,0.0,0.0,120.0,42.78,0.0,0.88,0.0,0.0,0.0,6.04,0.0,100.0,70.73,100.0,60.22
2018-01-12 05:18:00,2,1,62.65,85.0,55.0,32.54,42.75,59.05,0.0,0.0,0.0,45.0,40.11,0.0,0.0,0.0,120.0,42.75,0.0,0.88,0.0,0.0,0.0,6.04,0.0,100.0,70.78,100.0,60.22
2018-01-12 05:19:00,2,1,62.64,85.0,55.0,32.54,42.73,59.04,0.0,0.0,0.0,45.0,40.09,0.0,0.0,0.0,120.0,42.73,0.0,0.88,0.0,0.0,0.0,6.04,0.0,100.0,70.83,100.0,60.21
2018-01-12 05:20:00,2,1,62.64,85.0,55.0,32.54,42.71,59.04,0.0,0.0,0.0,45.0,40.07,0.0,0.0,0.0,120.0,42.71,0.0,0.88,0.0,0.0,0.0,6.04,0.0,100.0,70.88,100.0,60.21
2018-01-12 05:21:00,2,1,62.63,85.0,55.0,32.53,42.68,59.03,0.0,0.0,0.0,45.0,40.05,0.0,0.0,0.0,120.0,42.68,0.0,0.88,0.0,0.0,0.0,6.03,0.0,100.0,70.93,100.0,60.2
2018-01-12 05:22:00,2,1,62.63,85.0,55.0,32.53,42.66,59.03,0.0,0.0,0.0,45.0,40.03,0.0,0.0,0.0,120.0,42.66,0.0,0.88,0.0,0.0,0.0,6.03,0.0,100.0,70.99,100.0,60.19
2018-01-12 05:23:00,2,1,62.62,85.0,55.0,32.53,42.64,59.02,0.0,0.0,0.0,45.0,40.01,0.0,0.0,0.0,120.0,42.64,0.0,0.88,0.0,0.0,0.0,6.03,0.0,100.0,71.04,100.0,60.19
2018-01-12 05:24:00,2,1,62.62,85.0,55.0,32.52,42.61,59.02,0.0,0.0,0.0,45.0,39.99,0.0,0.0,0.0,120.0,42.61,0.0,0.88,0.0,0.0,0.0,6.03,0.0,100.0,71.09,100.0,60.18
2018-01-12 05:25:00,2,1,62.61,85.0,55.0,32.52,42.59,59.01,0.0,0.0,0.0,45.0,39.98,0.0,0.0,0.0,120.0,42.59,0.0,0.88,0.0,0.0,0.0,6.03,0.0,100.0,71.14,100.0,60.17
2018-01-12 05:26:00,2,1,62.61,85.0,55.0,32.52,42.57,59.01,0.0,0.0,0.0,45.0,39.96,0.0,0.0,0.0,120.0,42.57,0.0,0.88,0.0,0.0,0.0,6.03,0.0,100.0,71.19,100.0,60.17
2018-01-12 05:27:00,2,1,62.6,85.0,55.0,32.51,42.55,59.0,0.0,0.0,0.0,45.0,39.94,0.0,0.0,0.0,120.0,42.55,0.0,0.88,0.0,0.0,0.0,6.03,0.0,100.0,71.25,100.0,60.16
2018-01-12 05:28:00,2,1,62.59,85.0,55.0,32.51,42.52,58.99,0.0,0.0,0.0,45.0,39.92,0.0,0.0,0.0,120.0,42.52,0.0,0.88,0.0,0.0,0.0,6.03,0.0,100.0,71.3,100.0,60.15
2018-01-12 05:29:00,2,1,62.59,85.0,55.0,32.51,42.5,58.99,0.0,0.0,0.0,45.0,39.9,0.0,0.0,0.0,120.0,42.5,0.0,0.88,0.0,0.0,0.0,6.02,0.0,100.0,71.35,100.0,60.14
2018-01-12 05:30:00,2,1,62.58,85.0,55.0,32.5,42.48,58.98,0.0,0.0,0.0,45.0,39.88,0.0,0.0,0.0,120.0,42.48,0.0,0.88,0.0,0.0,0.0,6.02,0.0,100.0,71.41,100.0,60.13
2018-01-12 05:31:00,2,1,62.58,85.0,55.0,32.5,42.46,58.98,0.0,0.0,0.0,45.0,39.86,0.0,0.0,0.0,120.0,42.46,0.0,0.88,0.0,0.0,0.0,6.02,0.0,100.0,71.46,100.0,60.12
2018-01-12 05:32:00,2,1,62.57,85.0,55.0,32.5,42.43,58.97,0.0,0.0,0.0,45.0,39.84,0.0,0.0,0.0,120.0,42.43,0.0,0.88,0.0,0.0,0.0,6.02,0.0,100.0,71.52,100.0,60.11
2018-01-12 05:33:00,2,1,62.57,85.0,55.0,32.5,42.41,58.97,0.0,0.0,0.0,45.0,39.82,0.0,0.0,0.0,120.0,42.41,0.0,0.88,0.0,0.0,0.0,6.02,0.0,100.0,71.57,100.0,60.1
2018-01-12 05:34:00,2,1,62.56,85.0,55.0,32.49,42.39,58.96,0.0,0.0,0.0,45.0,39.8,0.0,0.0,0.0,120.0,42.39,0.0,0.88,0.0,0.0,0.0,6.02,0.0,100.0,71.62,100.0,60.09
2018-01-12 05:35:00,2,1,62.56,85.0,55.0,32.49,42.36,58.96,0.0,0.0,0.0,45.0,39.78,0.0,0.0,0.0,120.0,42.36,0.0,0.88,0.0,0.0,0.0,6.02,0.0,100.0,71.68,100.0,60.08
2018-01-12 05:36:00,2,1,62.55,85.0,55.0,32.49,42.34,58.95,0.0,0.0,0.0,45.0,39.77,0.0,0.0,0.0,120.0,42.34,0.0,0.88,0.0,0.0,0.0,6.02,0.0,100.0,71.73,100.0,60.06
2018-01-12 05:37:00,2,1,62.55,85.0,55.0,32.49,42.32,58.95,0.0,0.0,0.0,45.0,39.75,0.0,0.0,0.0,120.0,42.32,0.0,0.88,0.0,0.0,0.0,6.02,0.0,100.0,71.79,100.0,60.05
2018-01-12 05:38:00,2,1,62.55,85.0,55.0,32.48,42.3,58.95,0.0,0.0,0.0,45.0,39.73,0.0,0.0,0.0,120.0,42.3,0.0,0.88,0.0,0.0,0.0,6.02,0.0,100.0,71.84,100.0,60.04
2018-01-12 05:39:00,2,1,62.54,85.0,55.0,32.48,42.27,58.94,0.0,0.0,0.0,45.0,39.71,0.0,0.0,0.0,120.0,42.27,0.0,0.88,0.0,0.0,0.0,6.02,0.0,100.0,71.89,100.0,60.03
2018-01-12 05:40:00,2,1,62.54,85.0,55.0,32.48,42.25,58.94,0.0,0.0,0.0,45.0,39.69,0.0,0.0,0.0,120.0,42.25,0.0,0.88,0.0,0.0,0.0,6.02,0.0,100.0,71.95,100.0,60.02
2018-01-12 05:41:00,2,1,62.53,85.0,55.0,32.48,42.23,58.93,0.0,0.0,0.0,45.0,39.67,0.0,0.0,0.0,120.0,42.23,0.0,0.88,0.0,0.0,0.0,6.02,0.0,100.0,72.0,100.0,60.01
2018-01-12 05:42:00,2,1,62.53,85.0,55.0,32.48,42.21,58.93,0.0,0.0,0.0,45.0,39.65,0.0,0.0,0.0,120.0,42.21,0.0,0.88,0.0,0.0,0.0,6.03,0.0,100.0,72.06,100.0,60.0
2018-01-12 05:43:00,2,1,62.52,85.0,55.0,32.47,42.19,58.92,0.0,0.0,0.0,45.0,39.64,0.0,0.0,0.0,120.0,42.19,0.0,0.88,0.0,0.0,0.0,6.03,0.0,100.0,72.11,100.0,59.99
2018-01-12 05:44:00,2,1,62.52,85.0,55.0,32.47,42.16,58.92,0.0,0.0,0.0,45.0,39.62,0.0,0.0,0.0,120.0,42.16,0.0,0.88,0.0,0.0,0.0,6.03,0.0,100.0,72.16,100.0,59.98
2018-01-12 05:45:00,2,1,62.51,85.0,55.0,32.47,42.14,58.91,0.0,0.0,0.0,45.0,39.6,0.0,0.0,0.0,120.0,42.14,0.0,0.88,0.0,0.0,0.0,6.03,0.0,100.0,72.22,100.0,59.97
2018-01-12 05:46:00,2,1,62.51,85.0,55.0,32.47,42.12,58.91,0.0,0.0,0.0,45.0,39.58,0.0,0.0,0.0,120.0,42.12,0.0,0.88,0.0,0.0,0.0,6.03,0.0,100.0,72.27,100.0,59.95
2018-01-12 05:47:00,2,1,62.5,85.0,55.0,32.47,42.1,58.9,0.0,0.0,0.0,45.0,39.56,0.0,0.0,0.0,120.0,42.1,0.0,0.88,0.0,0.0,0.0,6.03,0.0,100.0,72.32,100.0,59.94
2018-01-12 05:48:00,2,1,62.5,85.0,55.0,32.47,42.07,58.9,0.0,0.0,0.0,45.0,39.54,0.0,0.0,0.0,120.0,42.07,0.0,0.88,0.0,0.0,0.0,6.04,0.0,100.0,72.37,100.0,59.93
2018-01-12 05:49:00,2,1,62.49,85.0,55.0,32.47,42.05,58.89,0.0,0.0,0.0,45.0,39.53,0.0,0.0,0.0,120.0,42.05,0.0,0.88,0.0,0.0,0.0,6.04,0.0,100.0,72.43,100.0,59.92
2018-01-12 05:50:00,2,1,62.49,85.0,55.0,32.47,42.03,58.89,0.0,0.0,0.0,45.0,39.51,0.0,0.0,0.0,120.0,42.03,0.0,0.88,0.0,0.0,0.0,6.04,0.0,100.0,72.48,100.0,59.91
2018-01-12 05:51:00,2,1,62.49,85.0,55.0,32.46,42.01,58.89,0.0,0.0,0.0,45.0,39.49,0.0,0.0,0.0,120.0,42.01,0.0,0.88,0.0,0.0,0.0,6.04,0.0,100.0,72.53,100.0,59.9
2018-01-12 05:52:00,2,1,62.48,85.0,55.0,32.46,41.99,58.88,0.0,0.0,0.0,45.0,39.47,0.0,0.0,0.0,120.0,41.99,0.0,0.88,0.0,0.0,0.0,6.05,0.0,100.0,72.58,100.0,59.89
2018-01-12 05:53:00,2,1,62.48,85.0,55.0,32.46,41.96,58.88,0.0,0.0,0.0,45.0,39.45,0.0,0.0,0.0,120.0,41.96,0.0,0.88,0.0,0.0,0.0,6.05,0.0,100.0,72.63,100.0,59.88
2018-01-12 05:54:00,2,1,62.47,85.0,55.0,32.46,41.94,58.87,0.0,0.0,0.0,45.0,39.43,0.0,0.0,0.0,120.0,41.94,0.0,0.88,0.0,0.0,0.0,6.05,0.0,100.0,72.68,100.0,59.87
2018-01-12 05:55:00,2,1,62.47,85.0,55.0,32.46,41.92,58.87,0.0,0.0,0.0,45.0,39.42,0.0,0.0,0.0,120.0,41.92,0.0,0.88,0.0,0.0,0.0,6.06,0.0,100.0,72.73,100.0,59.86
2018-01-12 05:56:00,2,1,62.46,85.0,55.0,32.46,41.9,58.86,0.0,0.0,0.0,45.0,39.4,0.0,0.0,0.0,120.0,41.9,0.0,0.88,0.0,0.0,0.0,6.06,0.0,100.0,72.78,100.0,59.85
2018-01-12 05:57:00,2,1,62.46,85.0,55.0,32.46,41.88,58.86,0.0,0.0,0.0,45.0,39.38,0.0,0.0,0.0,120.0,41.88,0.0,0.88,0.0,0.0,0.0,6.06,0.0,100.0,72.83,100.0,59.84
2018-01-12 05:58:00,2,1,62.45,85.0,55.0,32.46,41.85,58.85,0.0,0.0,0.0,45.0,39.36,0.0,0.0,0.0,120.0,41.85,0.0,0.88,0.0,0.0,0.0,6.07,0.0,100.0,72.88,100.0,59.83
2018-01-12 05:59:00,2,1,62.45,85.0,55.0,32.46,41.83,58.85,0.0,0.0,0.0,45.0,39.35,0.0,0.0,0.0,120.0,41.83,0.0,0.88,0.0,0.0,0.0,6.07,0.0,100.0,72.93,100.0,59.82
2018-01-12 06:00:00,2,1,62.45,85.0,55.0,32.46,41.81,58.85,0.0,0.0,0.0,45.0,39.33,0.0,0.0,0.0,120.0,41.81,0.0,0.88,0.0,0.0,0.0,6.08,0.0,100.0,72.98,100.0,59.81
2018-01-12 06:01:00,1,1,61.74,72.0,68.0,51.95,46.61,58.14,0.0,0.0,0.0,45.0,47.37,0.07,0.08,0.0,120.0,45.4,397.93,41.96,0.3,0.3,9.75,6.09,2.27,72.54,73.02,100.0,60.7
2018-01-12 06:02:00,1,1,61.13,72.0,68.0,52.04,50.41,57.53,0.0,0.0,0.0,45.0,50.94,0.09,0.1,0.0,120.0,49.92,397.93,41.96,0.3,0.3,9.75,6.1,2.58,70.38,73.05,95.31,61.17
2018-01-12 06:03:00,1,1,60.75,72.0,68.0,51.79,51.51,57.15,0.0,0.0,0.0,45.0,51.65,0.11,0.11,0.0,120.0,51.35,397.93,41.96,0.3,0.3,9.75,6.12,2.62,70.03,73.08,91.11,61.1
2018-01-12 06:04:00,1,1,60.49,72.0,68.0,51.57,51.84,56.89,0.0,0.0,0.0,45.0,51.69,0.13,0.13,0.01,120.0,51.38,397.93,41.96,0.3,0.3,9.75,6.13,2.63,69.74,73.12,89.86,60.81
2018-01-12 06:05:00,1,1,60.31,72.0,68.0,51.4,52.25,56.71,0.0,0.0,0.0,45.0,51.57,0.15,0.15,0.02,120.0,51.03,397.93,41.96,0.3,0.3,9.75,6.15,2.63,69.32,73.15,88.43,60.38
2018-01-12 06:06:00,1,1,60.2,72.0,68.0,51.31,52.96,56.6,0.0,0.0,0.0,45.0,51.44,0.17,0.17,0.03,120.0,50.78,397.93,41.96,0.3,0.3,9.75,6.17,2.63,68.73,73.18,86.05,59.8
2018-01-12 06:07:00,1,1,60.19,72.0,68.0,51.3,53.99,56.59,0.0,0.0,0.0,45.0,51.36,0.18,0.18,0.05,120.0,51.27,397.93,41.96,0.3,0.3,9.75,6.18,2.63,67.92,73.21,82.78,59.06
2018-01-12 06:08:00,1,1,60.27,72.0,68.0,51.38,55.28,56.67,0.0,0.0,0.0,45.0,51.36,0.2,0.2,0.07,120.0,52.31,397.93,41.96,0.3,0.3,9.75,6.2,2.63,66.9,73.24,79.04,58.15
2018-01-12 06:09:00,1,1,60.45,72.0,68.0,51.54,56.74,56.85,0.0,0.0,0.0,45.0,51.43,0.21,0.21,0.09,120.0,53.55,397.93,41.96,0.3,0.3,9.75,6.22,2.63,65.68,73.27,75.17,57.08
2018-01-12 06:10:00,1,1,60.72,72.0,68.0,51.78,58.28,57.12,0.0,0.0,0.0,45.0,51.59,0.22,0.23,0.11,120.0,55.11,397.93,41.96,0.3,0.3,9.75,6.23,2.63,64.29,73.3,71.5,55.88
2018-01-12 06:11:00,1,1,61.05,72.0,68.0,52.08,59.8,57.45,0.0,0.0,0.0,45.0,51.82,0.24,0.24,0.13,120.0,56.86,397.93,41.96,0.3,0.3,9.75,6.25,2.63,62.79,73.32,67.62,54.59
2018-01-12 06:12:00,1,1,61.44,72.0,68.0,52.43,61.28,57.84,0.0,0.0,0.0,45.0,52.11,0.25,0.25,0.15,120.0,58.15,397.93,41.96,0.3,0.3,9.75,6.27,2.63,61.23,73.35,63.89,53.26
2018-01-12 06:13:00,1,1,61.87,72.0,68.0,52.81,62.7,58.27,0.0,0.0,0.0,45.0,52.45,0.25,0.26,0.16,120.0,59.42,397.93,41.96,0.3,0.3,9.75,6.28,2.63,59.64,73.38,60.64,51.91
2018-01-12 06:14:00,1,1,62.33,72.0,68.0,53.22,64.0,58.73,0.0,0.0,0.0,45.0,52.83,0.26,0.26,0.18,120.0,60.74,397.93,41.96,0.3,0.3,9.75,6.3,2.63,58.07,73.4,57.93,50.56
2018-01-12 06:15:00,1,1,62.8,72.0,68.0,53.64,65.16,59.2,0.0,0.0,0.0,45.0,53.24,0.27,0.27,0.19,120.0,62.02,397.93,41.96,0.3,0.3,9.75,6.32,2.63,56.54,73.43,55.72,49.15
2018-01-12 06:16:00,1,1,63.26,72.0,68.0,54.06,66.19,59.66,0.0,0.0,0.0,45.0,53.65,0.27,0.27,0.2,120.0,63.21,397.93,41.96,0.3,0.3,9.75,6.34,2.63,55.08,73.45,53.89,47.7
2018-01-12 06:17:00,1,1,63.71,72.0,68.0,54.47,67.1,60.11,0.0,0.0,0.0,45.0,54.06,0.28,0.28,0.21,120.0,64.3,397.93,41.96,0.3,0.3,9.75,6.35,2.63,53.7,73.48,52.37,46.32
2018-01-12 06:18:00,1,1,64.15,72.0,68.0,54.86,67.89,60.55,0.0,0.0,0.0,45.0,54.47,0.28,0.28,0.22,120.0,65.28,397.93,41.96,0.3,0.3,9.75,6.37,2.63,52.4,73.5,51.07,45.03
2018-01-12 06:19:00,1,1,64.56,72.0,68.0,55.23,68.59,60.96,0.0,0.0,0.0,45.0,54.86,0.29,0.29,0.23,120.0,66.15,397.93,41.96,0.3,0.3,9.75,6.39,2.63,51.18,73.53,49.77,43.84
2018-01-12 06:20:00,1,1,64.95,72.0,68.0,55.58,69.2,61.35,0.0,0.0,0.0,45.0,55.23,0.29,0.29,0.23,120.0,66.91,397.93,41.96,0.3,0.3,9.75,6.41,2.63,50.05,73.55,48.64,42.73
2018-01-12 06:21:00,1,1,65.32,72.0,68.0,55.91,69.73,61.72,0.0,0.0,0.0,45.0,55.58,0.29,0.29,0.24,120.0,67.57,397.93,41.96,0.3,0.3,9.75,6.42,2.63,49.0,73.57,47.69,41.71
2018-01-12 06:22:00,1,1,65.65,72.0,68.0,56.21,70.19,62.05,0.0,0.0,0.0,45.0,55.9,0.29,0.29,0.24,120.0,68.14,397.93,41.96,0.3,0.3,9.75,6.44,2.63,48.02,73.59,46.89,40.77
2018-01-12 06:23:00,1,1,65.96,72.0,68.0,56.49,70.58,62.36,0.0,0.0,0.0,45.0,56.21,0.29,0.29,0.24,120.0,68.62,397.93,41.96,0.3,0.3,9.75,6.46,2.63,47.11,73.61,46.23,39.9
2018-01-12 06:24:00,1,1,66.25,72.0,68.0,56.74,70.92,62.65,0.0,0.0,0.0,45.0,56.49,0.29,0.3,0.25,120.0,69.03,397.93,41.96,0.3,0.3,9.75,6.48,2.63,46.27,73.63,45.68,39.09
2018-01-12 06:25:00,1,1,66.51,72.0,68.0,56.98,71.21,62.91,0.0,0.0,0.0,45.0,56.74,0.3,0.3,0.25,120.0,69.38,397.93,41.96,0.3,0.3,9.75,6.49,2.63,45.49,73.65,45.22,38.35
2018-01-12 06:26:00,1,1,66.74,72.0,68.0,57.19,71.45,63.14,0.0,0.0,0.0,45.0,56.98,0.3,0.3,0.25,120.0,69.66,397.93,41.96,0.3,0.3,9.75,6.51,2.63,44.76,73.67,44.84,37.66
2018-01-12 06:27:00,1,1,66.95,72.0,68.0,57.38,71.65,63.35,0.0,0.0,0.0,45.0,57.19,0.3,0.3,0.25,120.0,69.9,397.93,41.96,0.3,0.3,9.75,6.53,2.63,44.08,73.69,44.53,37.02
2018-01-12 06:28:00,1,1,67.14,72.0,68.0,57.55,71.81,63.54,0.0,0.0,0.0,45.0,57.38,0.3,0.3,0.25,120.0,70.08,397.93,41.96,0.3,0.3,9.75,6.54,2.63,43.45,73.71,44.28,36.43
2018-01-12 06:29:00,1,1,67.31,72.0,68.0,57.7,71.95,63.71,0.0,0.0,0.0,45.0,57.56,0.3,0.3,0.25,120.0,70.23,397.93,41.96,0.3,0.3,9.75,6.56,2.63,42.86,73.73,44.07,35.89
2018-01-12 06:30:00,1,1,67.46,72.0,68.0,57.84,72.05,63.86,0.0,0.0,0.0,45.0,57.71,0.3,0.3,0.25,120.0,70.33,397.93,41.96,0.3,0.3,9.75,6.58,2.63,42.31,73.75,43.92,35.38
2018-01-12 06:31:00,1,1,67.6,72.0,68.0,57.96,72.13,64.0,0.0,0.0,0.0,45.0,57.85,0.3,0.3,0.25,120.0,70.41,397.93,41.96,0.3,0.3,9.75,6.6,2.63,41.8,73.76,43.8,34.9
2018-01-12 06:32:00,1,1,67.71,72.0,68.0,58.07,72.19,64.11,0.0,0.0,0.0,45.0,57.97,0.3,0.29,0.25,120.0,70.46,397.93,41.96,0.3,0.3,9.75,6.61,2.63,41.32,73.78,43.71,34.46
2018-01-12 06:33:00,1,1,67.82,72.0,68.0,58.16,72.23,64.22,0.0,0.0,0.0,45.0,58.08,0.29,0.29,0.25,120.0,70.48,397.93,41.96,0.3,0.3,9.75,6.63,2.63,40.87,73.79,43.66,34.04
2018-01-12 06:34:00,1,1,67.9,72.0,68.0,58.24,72.25,64.3,0.0,0.0,0.0,45.0,58.17,0.29,0.29,0.24,120.0,70.49,397.93,41.96,0.3,0.3,9.75,6.65,2.63,40.44,73.81,43.62,33.65
2018-01-12 06:35:00,1,1,67.98,72.0,68.0,58.31,72.26,64.38,0.0,0.0,0.0,45.0,58.25,0.29,0.29,0.24,120.0,70.47,397.93,41.96,0.3,0.3,9.75,6.66,2.63,40.04,73.82,43.61,33.29
2018-01-12 06:36:00,1,1,68.04,72.0,68.0,58.37,72.25,64.44,0.0,0.0,0.0,45.0,58.32,0.29,0.29,0.24,120.0,70.45,397.93,41.96,0.3,0.3,9.75,6.68,2.63,39.66,73.84,43.62,32.94
2018-01-12 06:37:00,1,1,68.1,72.0,68.0,58.42,72.24,64.5,0.0,0.0,0.0,45.0,58.38,0.29,0.29,0.24,120.0,70.41,397.93,41.96,0.3,0.3,9.75,6.69,2.63,39.31,73.85,43.64,32.62
2018-01-12 06:38:00,1,1,68.14,72.0,68.0,58.46,72.21,64.54,0.0,0.0,0.0,45.0,58.43,0.29,0.29,0.24,120.0,70.36,397.93,41.96,0.3,0.3,9.75,6.71,2.63,38.97,73.86,43.67,32.32
2018-01-12 06:39:00,1,1,68.18,72.0,68.0,58.49,72.18,64.58,0.0,0.0,0.0,45.0,58.48,0.29,0.29,0.24,120.0,70.31,397.93,41.96,0.3,0.3,9.75,6.72,2.63,38.65,73.88,43.72,32.03
2018-01-12 06:40:00,1,1,68.21,72.0,68.0,58.52,72.15,64.61,0.0,0.0,0.0,45.0,58.51,0.29,0.29,0.23,120.0,70.24,397.93,41.96,0.3,0.3,9.75,6.74,2.63,38.35,73.89,43.77,31.75
2018-01-12 06:41:00,1,1,68.23,72.0,68.0,58.54,72.11,64.63,0.0,0.0,0.0,45.0,58.54,0.29,0.29,0.23,120.0,70.18,397.93,41.96,0.3,0.3,9.75,6.75,2.63,38.06,73.9,43.84,31.5
2018-01-12 06:42:00,1,1,68.25,72.0,68.0,58.56,72.06,64.65,0.0,0.0,0.0,45.0,58.56,0.29,0.29,0.23,120.0,70.11,397.93,41.96,0.3,0.3,9.75,6.77,2.63,37.79,73.91,43.9,31.25
2018-01-12 06:43:00,1,1,68.26,72.0,68.0,58.57,72.01,64.66,0.0,0.0,0.0,45.0,58.58,0.29,0.29,0.23,120.0,70.04,397.93,41.96,0.3,0.3,9.75,6.78,2.63,37.52,73.92,43.97,31.01
2018-01-12 06:44:00,1,1,68.27,72.0,68.0,58.58,71.96,64.67,0.0,0.0,0.0,45.0,58.59,0.29,0.29,0.23,120.0,69.96,397.93,41.96,0.3,0.3,9.75,6.8,2.63,37.27,73.93,44.05,30.79
2018-01-12 06:45:00,1,1,68.28,72.0,68.0,58.59,71.91,64.68,0.0,0.0,0.0,45.0,58.6,0.29,0.29,0.23,120.0,69.89,397.93,41.96,0.3,0.3,9.75,6.81,2.63,37.03,73.94,44.12,30.58
2018-01-12 06:46:00,1,1,68.28,72.0,68.0,58.59,71.86,64.68,0.0,0.0,0.0,45.0,58.61,0.29,0.29,0.23,120.0,69.82,397.93,41.96,0.3,0.3,9.75,6.83,2.63,36.8,73.95,44.2,30.37
2018-01-12 06:47:00,1,1,68.28,72.0,68.0,58.59,71.81,64.68,0.0,0.0,0.0,45.0,58.61,0.29,0.29,0.23,120.0,69.75,397.93,41.96,0.3,0.3,9.75,6.84,2.63,36.58,73.95,44.28,30.18
2018-01-12 06:48:00,1,1,68.27,72.0,68.0,58.59,71.76,64.67,0.0,0.0,0.0,45.0,58.61,0.28,0.28,0.22,120.0,69.68,397.93,41.96,0.3,0.3,9.75,6.85,2.63,36.37,73.96,44.36,29.99
2018-01-12 06:49:00,1,1,68.27,72.0,68.0,58.58,71.71,64.67,0.0,0.0,0.0,45.0,58.61,0.28,0.28,0.22,120.0,69.61,397.93,41.96,0.3,0.3,9.75,6.86,2.63,36.16,73.97,44.43,29.81
2018-01-12 06:50:00,1,1,68.26,72.0,68.0,58.58,71.66,64.66,0.0,0.0,0.0,45.0,58.6,0.28,0.28,0.22,120.0,69.55,397.93,41.96,0.3,0.3,9.75,6.88,2.63,35.97,73.97,44.5,29.63
2018-01-12 06:51:00,1,1,68.25,72.0,68.0,58.57,71.62,64.65,0.0,0.0,0.0,45.0,58.6,0.28,0.28,0.22,120.0,69.49,397.93,41.96,0.3,0.3,9.75,6.89,2.63,35.78,73.98,44.58,29.46
2018-01-12 06:52:00,1,1,68.24,72.0,68.0,58.56,71.57,64.64,0.0,0.0,0.0,45.0,58.59,0.28,0.28,0.22,120.0,69.43,397.93,41.96,0.3,0.3,9.75,6.9,2.63,35.59,73.99,44.65,29.3
2018-01-12 06:53:00,1,1,68.23,72.0,68.0,58.55,71.53,64.63,0.0,0.0,0.0,45.0,58.58,0.28,0.28,0.22,120.0,69.37,397.93,41.96,0.3,0.3,9.75,6.91,2.63,35.41,73.99,44.71,29.14
2018-01-12 06:54:00,1,1,68.22,72.0,68.0,58.55,71.49,64.62,0.0,0.0,0.0,45.0,58.58,0.28,0.28,0.22,120.0,69.31,397.93,41.96,0.3,0.3,9.75,6.92,2.63,35.24,73.99,44.78,28.99
2018-01-12 06:55:00,1,1,68.21,72.0,68.0,58.54,71.45,64.61,0.0,0.0,0.0,45.0,58.57,0.28,0.28,0.22,120.0,69.26,397.93,41.96,0.3,0.3,9.75,6.93,2.63,35.07,74.0,44.84,28.84
2018-01-12 06:56:00,1,1,68.2,72.0,68.0,58.53,71.41,64.6,0.0,0.0,0.0,45.0,58.56,0.28,0.28,0.22,120.0,69.21,397.93,41.96,0.3,0.3,9.75,6.94,2.63,34.91,74.0,44.9,28.7
2018-01-12 06:57:00,1,1,68.19,72.0,68.0,58.52,71.37,64.59,0.0,0.0,0.0,45.0,58.55,0.28,0.28,0.22,120.0,69.17,397.93,41.96,0.3,0.3,9.75,6.95,2.63,34.75,74.0,44.95,28.56
2018-01-12 06:58:00,1,1,68.18,72.0,68.0,58.51,71.34,64.58,0.0,0.0,0.0,45.0,58.54,0.28,0.28,0.22,120.0,69.12,397.93,41.96,0.3,0.3,9.75,6.96,2.63,34.6,74.0,45.0,28.42
2018-01-12 06:59:00,1,1,68.17,72.0,68.0,58.5,71.31,64.57,0.0,0.0,0.0,45.0,58.53,0.28,0.28,0.22,120.0,69.08,397.93,41.96,0.3,0.3,9.75,6.97,2.63,34.45,74.0,45.05,28.29
2018-01-12 07:00:00,1,1,68.16,72.0,68.0,58.5,71.28,64.56,0.0,0.0,0.0,45.0,58.52,0.28,0.28,0.21,120.0,69.05,397.93,41.96,0.3,0.3,9.75,6.98,2.63,34.31,74.01,45.1,28.16
2018-01-12 07:01:00,1,1,68.15,72.0,68.0,58.49,71.25,64.55,0.0,0.0,0.0,45.0,58.52,0.28,0.28,0.21,120.0,69.01,397.93,41.96,0.3,0.3,9.75,6.97,2.63,34.17,74.01,45.15,28.04
2018-01-12 07:02:00,1,1,68.14,72.0,68.0,58.47,71.22,64.54,0.0,0.0,0.0,45.0,58.51,0.28,0.28,0.21,120.0,68.97,397.93,41.96,0.3,0.3,9.75,6.95,2.63,34.03,74.0,45.19,27.91
2018-01-12 07:03:00,1,1,68.13,72.0,68.0,58.46,71.2,64.53,0.0,0.0,0.0,45.0,58.5,0.28,0.28,0.21,120.0,68.94,397.93,41.96,0.3,0.3,9.75,6.93,2.63,33.9,74.0,45.23,27.8
2018-01-12 07:04:00,1,1,68.12,72.0,68.0,58.45,71.17,64.52,0.0,0.0,0.0,45.0,58.48,0.28,0.28,0.21,120.0,68.91,397.93,41.96,0.3,0.3,9.75,6.9,2.63,33.78,74.0,45.27,27.68
2018-01-12 07:05:00,1,1,68.11,72.0,68.0,58.44,71.15,64.51,0.0,0.0,0.0,45.0,58.47,0.28,0.28,0.21,120.0,68.88,397.93,41.96,0.3,0.3,9.75,6.88,2.63,33.66,74.0,45.31,27.57
2018-01-12 07:06:00,1,1,68.09,72.0,68.0,58.42,71.13,64.49,0.0,0.0,0.0,45.0,58.46,0.28,0.28,0.21,120.0,68.86,397.93,41.96,0.3,0.3,9.75,6.86,2.63,33.54,74.0,45.34,27.47
2018-01-12 07:07:00,1,1,68.08,72.0,68.0,58.41,71.11,64.48,0.0,0.0,0.0,45.0,58.45,0.28,0.28,0.21,120.0,68.84,397.93,41.96,0.3,0.3,9.75,6.83,2.63,33.42,73.99,45.37,27.36
2018-01-12 07:08:00,1,1,68.07,72.0,68.0,58.4,71.1,64.47,0.0,0.0,0.0,45.0,58.43,0.28,0.28,0.21,120.0,68.82,397.93,41.96,0.3,0.3,9.75,6.81,2.63,33.31,73.99,45.39,27.26
2018-01-12 07:09:00,1,1,68.06,72.0,68.0,58.39,71.08,64.46,0.0,0.0,0.0,45.0,58.42,0.28,0.28,0.21,120.0,68.8,397.93,41.96,0.3,0.3,9.75,6.79,2.63,33.2,73.98,45.41,27.16
2018-01-12 07:10:00,1,1,68.05,72.0,68.0,58.38,71.07,64.45,0.0,0.0,0.0,45.0,58.41,0.28,0.28,0.21,120.0,68.79,397.93,41.96,0.3,0.3,9.75,6.76,2.63,33.09,73.98,45.43,27.06
2018-01-12 07:11:00,1,1,68.04,72.0,68.0,58.37,71.06,64.44,0.0,0.0,0.0,45.0,58.4,0.28,0.28,0.21,120.0,68.77,397.93,41.96,0.3,0.3,9.75,6.74,2.63,32.98,73.97,45.45,26.96
2018-01-12 07:12:00,1,1,68.04,72.0,68.0,58.36,71.05,64.44,0.0,0.0,0.0,45.0,58.39,0.28,0.28,0.21,120.0,68.76,397.93,41.96,0.3,0.3,9.75,6.71,2.63,32.88,73.97,45.47,26.87
2018-01-12 07:13:00,1,1,68.03,72.0,68.0,58.35,71.04,64.43,0.0,0.0,0.0,45.0,58.38,0.28,0.28,0.21,120.0,68.76,397.93,41.96,0.3,0.3,9.75,6.69,2.63,32.78,73.96,45.48,26.77
2018-01-12 07:14:00,1,1,68.02,72.0,68.0,58.34,71.04,64.42,0.0,0.0,0.0,45.0,58.37,0.28,0.28,0.21,120.0,68.75,397.93,41.96,0.3,0.3,9.75,6.66,2.63,32.68,73.95,45.49,26.68
2018-01-12 07:15:00,1,1,68.02,72.0,68.0,58.33,71.03,64.42,0.0,0.0,0.0,45.0,58.36,0.28,0.28,0.21,120.0,68.74,397.93,41.96,0.3,0.3,9.75,6.64,2.63,32.58,73.95,45.49,26.59
2018-01-12 07:16:00,1,1,68.01,72.0,68.0,58.32,71.03,64.41,0.0,0.0,0.0,45.0,58.35,0.28,0.28,0.21,120.0,68.74,397.93,41.96,0.3,0.3,9.75,6.62,2.63,32.48,73.94,45.5,26.5
2018-01-12 07:17:00,1,1,68.01,72.0,68.0,58.32,71.02,64.41,0.0,0.0,0.0,45.0,58.34,0.28,0.28,0.21,120.0,68.74,397.93,41.96,0.3,0.3,9.75,6.59,2.63,32.39,73.93,45.51,26.42
2018-01-12 07:18:00,1,1,68.0,72.0,68.0,58.31,71.02,64.4,0.0,0.0,0.0,45.0,58.34,0.28,0.28,0.21,120.0,68.74,397.93,41.96,0.3,0.3,9.75,6.57,2.63,32.29,73.92,45.51,26.33
2018-01-12 07:19:00,1,1,68.0,72.0,68.0,58.3,71.02,64.4,0.0,0.0,0.0,45.0,58.33,0.28,0.28,0.21,120.0,68.73,397.93,41.96,0.3,0.3,9.75,6.54,2.63,32.2,73.91,45.51,26.25
2018-01-12 07:20:00,1,1,68.0,72.0,68.0,58.3,71.02,64.4,0.0,0.0,0.0,45.0,58.33,0.28,0.28,0.21,120.0,68.73,397.93,41.96,0.3,0.3,9.75,6.52,2.63,32.11,73.9,45.51,26.17
2018-01-12 07:21:00,1,1,67.99,72.0,68.0,58.29,71.02,64.39,0.0,0.0,0.0,45.0,58.32,0.28,0.28,0.21,120.0,68.73,397.93,41.96,0.3,0.3,9.75,6.49,2.63,32.03,73.89,45.51,26.09
2018-01-12 07:22:00,1,1,67.99,72.0,68.0,58.29,71.02,64.39,0.0,0.0,0.0,45.0,58.32,0.28,0.28,0.21,120.0,68.73,397.93,41.96,0.3,0.3,9.75,6.47,2.63,31.94,73.88,45.52,26.01
2018-01-12 07:23:00,1,1,67.99,72.0,68.0,58.29,71.02,64.39,0.0,0.0,0.0,45.0,58.31,0.28,0.28,0.21,120.0,68.73,397.93,41.96,0.3,0.3,9.75,6.45,2.63,31.86,73.86,45.52,25.93
2018-01-12 07:24:00,1,1,67.99,72.0,68.0,58.28,71.02,64.39,0.0,0.0,0.0,45.0,58.31,0.28,0.28,0.21,120.0,68.73,397.93,41.96,0.3,0.3,9.75,6.42,2.63,31.77,73.85,45.52,25.86
2018-01-12 07:25:00,1,1,67.99,72.0,68.0,58.28,71.02,64.39,0.0,0.0,0.0,45.0,58.31,0.28,0.28,0.21,120.0,68.73,397.93,41.96,0.3,0.3,9.75,6.4,2.63,31.69,73.84,45.52,25.78
2018-01-12 07:26:00,1,1,67.99,72.0,68.0,58.28,71.02,64.39,0.0,0.0,0.0,45.0,58.3,0.28,0.28,0.21,120.0,68.73,397.93,41.96,0.3,0.3,9.75,6.38,2.63,31.61,73.82,45.52,25.71
2018-01-12 07:27:00,1,1,67.99,72.0,68.0,58.28,71.02,64.39,0.0,0.0,0.0,45.0,58.3,0.28,0.28,0.21,120.0,68.73,397.93,41.96,0.3,0.3,9.75,6.36,2.63,31.54,73.81,45.52,25.64
2018-01-12 07:28:00,1,1,68.0,72.0,68.0,58.28,71.02,64.4,0.0,0.0,0.0,45.0,58.3,0.28,0.28,0.21,120.0,68.73,397.93,41.96,0.3,0.3,9.75,6.33,2.63,31.46,73.79,45.52,25.57
2018-01-12 07:29:00,1,1,68.0,72.0,68.0,58.28,71.01,64.4,0.0,0.0,0.0,45.0,58.3,0.28,0.28,0.21,120.0,68.73,397.93,41.96,0.3,0.3,9.75,6.31,2.63,31.39,73.78,45.52,25.5
2018-01-12 07:30:00,1,1,68.0,72.0,68.0,58.28,71.01,64.4,0.0,0.0,0.0,45.0,58.3,0.28,0.28,0.21,120.0,68.73,397.93,41.96,0.3,0.3,9.75,6.29,2.63,31.31,73.76,45.52,25.43
2018-01-12 07:31:00,1,1,68.0,72.0,68.0,58.28,71.01,64.4,0.0,0.0,0.0,45.0,58.3,0.28,0.28,0.21,120.0,68.73,397.93,41.96,0.3,0.3,9.75,6.27,2.63,31.24,73.75,45.53,25.37
2018-01-12 07:32:00,1,1,68.01,72.0,68.0,58.28,71.01,64.41,0.0,0.0,0.0,45.0,58.3,0.28,0.28,0.21,120.0,68.72,397.93,41.96,0.3,0.3,9.75,6.25,2.63,31.17,73.73,45.53,25.31
2018-01-12 07:33:00,1,1,68.01,72.0,68.0,58.28,71.0,64.41,0.0,0.0,0.0,45.0,58.3,0.28,0.28,0.21,120.0,68.72,397.93,41.96,0.3,0.3,9.75,6.23,2.63,31.1,73.71,45.54,25.24
2018-01-12 07:34:00,1,1,68.01,72.0,68.0,58.28,71.0,64.41,0.0,0.0,0.0,45.0,58.3,0.28,0.28,0.21,120.0,68.71,397.93,41.96,0.3,0.3,9.75,6.21,2.63,31.04,73.69,45.55,25.18
2018-01-12 07:35:00,1,1,68.02,72.0,68.0,58.28,71.0,64.42,0.0,0.0,0.0,45.0,58.3,0.28,0.28,0.21,120.0,68.71,397.93,41.96,0.3,0.3,9.75,6.2,2.63,30.97,73.67,45.55,25.12
2018-01-12 07:36:00,1,1,68.02,72.0,68.0,58.29,70.99,64.42,0.0,0.0,0.0,45.0,58.31,0.28,0.28,0.21,120.0,68.7,397.93,41.96,0.3,0.3,9.75,6.18,2.63,30.91,73.65,45.56,25.07
2018-01-12 07:37:00,1,1,68.03,72.0,68.0,58.29,70.98,64.43,0.0,0.0,0.0,45.0,58.31,0.28,0.28,0.21,120.0,68.69,397.93,41.96,0.3,0.3,9.75,6.16,2.63,30.85,73.63,45.57,25.01
2018-01-12 07:38:00,1,1,68.03,72.0,68.0,58.29,70.98,64.43,0.0,0.0,0.0,45.0,58.31,0.28,0.28,0.21,120.0,68.68,397.93,41.96,0.3,0.3,9.75,6.15,2.63,30.79,73.61,45.59,24.96
2018-01-12 07:39:00,1,1,68.04,72.0,68.0,58.29,70.97,64.44,0.0,0.0,0.0,45.0,58.31,0.28,0.28,0.21,120.0,68.67,397.93,41.96,0.3,0.3,9.75,6.13,2.63,30.73,73.59,45.6,24.9
2018-01-12 07:40:00,1,1,68.04,72.0,68.0,58.3,70.96,64.44,0.0,0.0,0.0,45.0,58.32,0.28,0.28,0.21,120.0,68.66,397.93,41.96,0.3,0.3,9.75,6.12,2.63,30.67,73.57,45.61,24.85
2018-01-12 07:41:00,1,1,68.05,72.0,68.0,58.3,70.95,64.45,0.0,0.0,0.0,45.0,58.32,0.28,0.28,0.21,120.0,68.64,397.93,41.96,0.3,0.3,9.75,6.11,2.63,30.62,73.55,45.63,24.8
2018-01-12 07:42:00,1,1,68.05,72.0,68.0,58.31,70.93,64.45,0.0,0.0,0.0,45.0,58.32,0.28,0.28,0.21,120.0,68.63,397.93,41.96,0.3,0.3,9.75,6.09,2.63,30.57,73.52,45.65,24.75
2018-01-12 07:43:00,1,1,68.06,72.0,68.0,58.31,70.92,64.46,0.0,0.0,0.0,45.0,58.33,0.28,0.28,0.21,120.0,68.61,397.93,41.96,0.3,0.3,9.75,6.08,2.63,30.51,73.5,45.67,24.71
2018-01-12 07:44:00,1,1,68.07,72.0,68.0,58.31,70.91,64.47,0.0,0.0,0.0,45.0,58.33,0.28,0.28,0.21,120.0,68.59,397.93,41.96,0.3,0.3,9.75,6.07,2.63,30.46,73.48,45.69,24.66
2018-01-12 07:45:00,1,1,68.07,72.0,68.0,58.32,70.89,64.47,0.0,0.0,0.0,45.0,58.33,0.28,0.28,0.21,120.0,68.57,397.93,41.96,0.3,0.3,9.75,6.06,2.63,30.41,73.45,45.72,24.62
2018-01-12 07:46:00,1,1,68.08,72.0,68.0,58.32,70.88,64.48,0.0,0.0,0.0,45.0,58.34,0.28,0.28,0.21,120.0,68.55,397.93,41.96,0.3,0.3,9.75,6.06,2.63,30.37,73.43,45.74,24.57
2018-01-12 07:47:00,1,1,68.09,72.0,68.0,58.33,70.86,64.49,0.0,0.0,0.0,45.0,58.34,0.28,0.28,0.21,120.0,68.53,397.93,41.96,0.3,0.3,9.75,6.05,2.63,30.32,73.4,45.77,24.53
2018-01-12 07:48:00,1,1,68.09,72.0,68.0,58.33,70.84,64.49,0.0,0.0,0.0,45.0,58.35,0.28,0.28,0.21,120.0,68.5,397.93,41.96,0.3,0.3,9.75,6.04,2.63,30.28,73.37,45.8,24.49
2018-01-12 07:49:00,1,1,68.1,72.0,68.0,58.34,70.82,64.5,0.0,0.0,0.0,45.0,58.35,0.28,0.28,0.21,120.0,68.48,397.93,41.96,0.3,0.3,9.75,6.04,2.63,30.23,73.35,45.84,24.45
2018-01-12 07:50:00,1,1,68.11,72.0,68.0,58.35,70.8,64.51,0.0,0.0,0.0,45.0,58.36,0.28,0.28,0.21,120.0,68.45,397.93,41.96,0.3,0.3,9.75,6.04,2.63,30.19,73.32,45.87,24.42
2018-01-12 07:51:00,1,1,68.11,72.0,68.0,58.35,70.78,64.51,0.0,0.0,0.0,45.0,58.37,0.28,0.28,0.21,120.0,68.42,397.93,41.96,0.3,0.3,9.75,6.03,2.63,30.15,73.29,45.91,24.38
2018-01-12 07:52:00,1,1,68.12,72.0,68.0,58.36,70.75,64.52,0.0,0.0,0.0,45.0,58.37,0.28,0.28,0.21,120.0,68.39,397.93,41.96,0.3,0.3,9.75,6.03,2.63,30.11,73.26,45.95,24.35
2018-01-12 07:53:00,1,1,68.13,72.0,68.0,58.37,70.73,64.53,0.0,0.0,0.0,45.0,58.38,0.28,0.28,0.2,120.0,68.36,397.93,41.96,0.3,0.3,9.75,6.03,2.63,30.08,73.24,45.99,24.32
2018-01-12 07:54:00,1,1,68.14,72.0,68.0,58.37,70.7,64.54,0.0,0.0,0.0,45.0,58.39,0.28,0.28,0.2,120.0,68.32,397.93,41.96,0.3,0.3,9.75,6.03,2.63,30.04,73.21,46.03,24.28
2018-01-12 07:55:00,1,1,68.15,72.0,68.0,58.38,70.67,64.55,0.0,0.0,0.0,45.0,58.39,0.27,0.27,0.2,120.0,68.28,397.93,41.96,0.3,0.3,9.75,6.04,2.63,30.01,73.18,46.08,24.25
2018-01-12 07:56:00,1,1,68.15,72.0,68.0,58.39,70.64,64.55,0.0,0.0,0.0,45.0,58.4,0.27,0.27,0.2,120.0,68.25,397.93,41.96,0.3,0.3,9.75,6.04,2.63,29.97,73.14,46.13,24.23
2018-01-12 07:57:00,1,1,68.16,72.0,68.0,58.4,70.61,64.56,0.0,0.0,0.0,45.0,58.41,0.27,0.27,0.2,120.0,68.21,397.93,41.96,0.3,0.3,9.75,6.05,2.63,29.94,73.11,46.18,24.2
2018-01-12 07:58:00,1,1,68.17,72.0,68.0,58.4,70.58,64.57,0.0,0.0,0.0,45.0,58.42,0.27,0.27,0.2,120.0,68.16,397.93,41.96,0.3,0.3,9.75,6.06,2.63,29.91,73.08,46.24,24.18
2018-01-12 07:59:00,1,1,68.18,72.0,68.0,58.41,70.54,64.58,0.0,0.0,0.0,45.0,58.43,0.27,0.27,0.2,120.0,68.12,397.93,41.96,0.3,0.3,9.75,6.06,2.63,29.89,73.05,46.3,24.15
2018-01-12 08:00:00,1,1,68.19,72.0,68.0,58.42,70.5,64.59,0.0,0.0,0.0,45.0,58.43,0.27,0.27,0.2,120.0,68.08,397.93,41.96,0.3,0.3,9.75,6.07,2.63,29.86,73.02,46.36,24.13
2018-01-12 08:01:00,1,1,68.2,72.0,68.0,58.43,70.47,64.6,0.0,0.0,0.0,45.0,58.44,0.27,0.27,0.2,120.0,68.03,397.93,41.96,0.3,0.3,9.75,6.1,2.63,29.83,72.99,46.42,24.11
2018-01-12 08:02:00,1,1,68.21,72.0,68.0,58.45,70.43,64.61,0.0,0.0,0.0,45.0,58.46,0.27,0.27,0.2,120.0,67.98,397.93,41.96,0.3,0.3,9.75,6.14,2.63,29.81,72.98,46.49,24.09
2018-01-12 08:03:00,1,1,68.23,72.0,68.0,58.47,70.38,64.63,0.0,0.0,0.0,45.0,58.47,0.27,0.27,0.2,120.0,67.93,397.93,41.96,0.3,0.3,9.75,6.18,2.63,29.78,72.96,46.56,24.07
2018-01-12 08:04:00,1,1,68.25,72.0,68.0,58.49,70.34,64.65,0.0,0.0,0.0,45.0,58.49,0.27,0.27,0.19,120.0,67.87,397.93,41.96,0.3,0.3,9.75,6.22,2.63,29.76,72.95,46.63,24.05
2018-01-12 08:05:00,1,1,68.27,72.0,68.0,58.52,70.29,64.67,0.0,0.0,0.0,45.0,58.51,0.27,0.27,0.19,120.0,67.81,397.93,41.96,0.3,0.3,9.75,6.27,2.63,29.73,72.93,46.72,24.03
2018-01-12 08:06:00,1,1,68.29,72.0,68.0,58.54,70.23,64.69,0.0,0.0,0.0,45.0,58.54,0.27,0.27,0.19,120.0,67.75,397.93,41.96,0.3,0.3,9.75,6.31,2.63,29.71,72.91,46.81,24.02
2018-01-12 08:07:00,1,1,68.32,72.0,68.0,58.57,70.17,64.72,0.0,0.0,0.0,45.0,58.56,0.27,0.27,0.19,120.0,67.68,397.93,41.96,0.3,0.3,9.75,6.36,2.63,29.69,72.9,46.91,24.0
2018-01-12 08:08:00,1,1,68.34,72.0,68.0,58.6,70.11,64.74,0.0,0.0,0.0,45.0,58.59,0.27,0.27,0.19,120.0,67.6,397.93,41.96,0.3,0.3,9.75,6.41,2.63,29.68,72.88,47.03,23.99
2018-01-12 08:09:00,1,1,68.37,72.0,68.0,58.62,70.04,64.77,0.0,0.0,0.0,45.0,58.62,0.27,0.27,0.19,120.0,67.52,397.93,41.96,0.3,0.3,9.75,6.46,2.63,29.67,72.86,47.15,23.99
2018-01-12 08:10:00,1,1,68.39,72.0,68.0,58.65,69.96,64.79,0.0,0.0,0.0,45.0,58.64,0.27,0.26,0.18,120.0,67.44,397.93,41.96,0.3,0.3,9.75,6.51,2.63,29.66,72.84,47.28,23.98
2018-01-12 08:11:00,1,1,68.42,72.0,68.0,58.68,69.88,64.82,0.0,0.0,0.0,45.0,58.67,0.26,0.26,0.18,120.0,67.35,397.93,41.96,0.3,0.3,9.75,6.56,2.63,29.65,72.81,47.42,23.98
2018-01-12 08:12:00,1,1,68.44,72.0,68.0,58.71,69.8,64.84,0.0,0.0,0.0,45.0,58.7,0.26,0.26,0.18,120.0,67.25,397.93,41.96,0.3,0.3,9.75,6.62,2.63,29.65,72.79,47.57,23.99
2018-01-12 08:13:00,1,1,68.46,72.0,68.0,58.73,69.71,64.86,0.0,0.0,0.0,45.0,58.73,0.26,0.26,0.18,120.0,67.16,397.93,41.96,0.3,0.3,9.75,6.67,2.63,29.65,72.77,47.72,23.99
2018-01-12 08:14:00,1,1,68.49,72.0,68.0,58.76,69.61,64.89,0.0,0.0,0.0,45.0,58.75,0.26,0.26,0.17,120.0,67.06,397.93,41.96,0.3,0.3,9.75,6.73,2.63,29.66,72.75,47.89,24.0
2018-01-12 08:15:00,1,1,68.51,72.0,68.0,58.78,69.51,64.91,0.0,0.0,0.0,45.0,58.78,0.26,0.26,0.17,120.0,66.95,397.93,41.96,0.3,0.3,9.75,6.79,2.63,29.67,72.72,48.07,24.01
2018-01-12 08:16:00,1,1,68.53,72.0,68.0,58.81,69.41,64.93,0.0,0.0,0.0,45.0,58.8,0.26,0.26,0.17,120.0,66.85,397.93,41.96,0.3,0.3,9.75,6.85,2.63,29.68,72.69,48.26,24.03
2018-01-12 08:17:00,1,1,68.55,72.0,68.0,58.83,69.3,64.95,0.0,0.0,0.0,45.0,58.83,0.26,0.26,0.17,120.0,66.74,397.93,41.96,0.3,0.3,9.75,6.91,2.63,29.7,72.67,48.46,24.05
2018-01-12 08:18:00,1,1,68.57,72.0,68.0,58.86,69.19,64.97,0.0,0.0,0.0,45.0,58.85,0.26,0.26,0.16,120.0,66.63,397.93,41.96,0.3,0.3,9.75,6.98,2.63,29.72,72.64,48.66,24.07
2018-01-12 08:19:00,1,1,68.59,72.0,68.0,58.88,69.07,64.99,0.0,0.0,0.0,45.0,58.88,0.25,0.25,0.16,120.0,66.53,397.93,41.96,0.3,0.3,9.75,7.04,2.63,29.74,72.61,48.88,24.1
2018-01-12 08:20:00,1,1,68.6,72.0,68.0,58.9,68.95,65.0,0.0,0.0,0.0,45.0,58.9,0.25,0.25,0.16,120.0,66.42,397.93,41.96,0.3,0.3,9.75,7.11,2.63,29.77,72.58,49.1,24.13
2018-01-12 08:21:00,1,1,68.62,72.0,68.0,58.92,68.83,65.02,0.0,0.0,0.0,45.0,58.92,0.25,0.25,0.16,120.0,66.31,397.93,41.96,0.3,0.3,9.75,7.18,2.63,29.8,72.55,49.33,24.16
2018-01-12 08:22:00,1,1,68.63,72.0,68.0,58.94,68.7,65.03,0.0,0.0,0.0,45.0,58.94,0.25,0.25,0.15,120.0,66.2,397.93,41.96,0.3,0.3,9.75,7.25,2.63,29.83,72.51,49.57,24.2
2018-01-12 08:23:00,1,1,68.64,72.0,68.0,58.96,68.57,65.04,0.0,0.0,0.0,45.0,58.96,0.25,0.25,0.15,120.0,66.09,397.93,41.96,0.3,0.3,9.75,7.32,2.63,29.87,72.48,49.82,24.24
2018-01-12 08:24:00,1,1,68.66,72.0,68.0,58.98,68.44,65.06,0.0,0.0,0.0,45.0,58.98,0.25,0.25,0.15,120.0,65.99,397.93,41.96,0.3,0.3,9.75,7.39,2.63,29.91,72.44,50.07,24.28
2018-01-12 08:25:00,1,1,68.67,72.0,68.0,59.0,68.3,65.07,0.0,0.0,0.0,45.0,59.0,0.25,0.25,0.15,120.0,65.89,397.93,41.96,0.3,0.3,9.75,7.46,2.63,29.95,72.41,50.33,24.33
2018-01-12 08:26:00,1,1,68.68,72.0,68.0,59.02,68.17,65.08,0.0,0.0,0.0,45.0,59.02,0.24,0.24,0.14,120.0,65.79,397.93,41.96,0.3,0.3,9.75,7.54,2.63,29.99,72.37,50.6,24.38
2018-01-12 08:27:00,1,1,68.69,72.0,68.0,59.03,68.03,65.09,0.0,0.0,0.0,45.0,59.04,0.24,0.24,0.14,120.0,65.69,397.93,41.96,0.3,0.3,9.75,7.62,2.63,30.04,72.33,50.88,24.43
2018-01-12 08:28:00,1,1,68.7,72.0,68.0,59.05,67.89,65.1,0.0,0.0,0.0,45.0,59.05,0.24,0.24,0.14,120.0,65.6,397.93,41.96,0.3,0.3,9.75,7.69,2.63,30.08,72.29,51.11,24.48
2018-01-12 08:29:00,1,1,68.7,72.0,68.0,59.06,67.74,65.1,0.0,0.0,0.0,45.0,59.07,0.24,0.24,0.13,120.0,65.51,397.93,41.96,0.3,0.3,9.75,7.77,2.63,30.14,72.25,51.33,24.54
2018-01-12 08:30:00,1,1,68.71,72.0,68.0,59.08,67.6,65.11,0.0,0.0,0.0,45.0,59.08,0.24,0.24,0.13,120.0,65.43,397.93,41.96,0.3,0.3,9.75,7.85,2.63,30.19,72.2,51.56,24.6
2018-01-12 08:31:00,1,1,68.72,72.0,68.0,59.09,67.45,65.12,0.0,0.0,0.0,45.0,59.1,0.24,0.24,0.13,120.0,65.35,397.93,41.96,0.3,0.3,9.75,7.94,2.63,30.24,72.16,51.79,24.66
2018-01-12 08:32:00,1,1,68.72,72.0,68.0,59.11,67.31,65.12,0.0,0.0,0.0,45.0,59.11,0.23,0.23,0.13,120.0,65.28,397.93,41.96,0.3,0.3,9.75,8.02,2.63,30.3,72.11,52.02,24.73
2018-01-12 08:33:00,1,1,68.73,72.0,68.0,59.12,67.17,65.13,0.0,0.0,0.0,45.0,59.13,0.23,0.23,0.12,120.0,65.13,397.93,41.96,0.3,0.3,9.75,8.1,2.63,30.36,72.06,52.25,24.79
2018-01-12 08:34:00,1,1,68.73,72.0,68.0,59.13,67.03,65.13,0.0,0.0,0.0,45.0,59.14,0.23,0.23,0.12,120.0,64.97,397.93,41.96,0.3,0.3,9.75,8.19,2.63,30.42,72.01,52.47,24.86
2018-01-12 08:35:00,1,1,68.74,72.0,68.0,59.15,66.9,65.14,0.0,0.0,0.0,45.0,59.15,0.23,0.23,0.12,120.0,64.8,397.93,41.96,0.3,0.3,9.75,8.28,2.63,30.49,71.96,52.69,24.93
2018-01-12 08:36:00,1,1,68.74,72.0,68.0,59.16,66.76,65.14,0.0,0.0,0.0,45.0,59.17,0.23,0.23,0.12,120.0,64.63,397.93,41.96,0.3,0.3,9.75,8.37,2.63,30.55,71.9,52.91,25.0
2018-01-12 08:37:00,1,1,68.75,72.0,68.0,59.18,66.63,65.15,0.0,0.0,0.0,45.0,59.18,0.23,0.23,0.11,120.0,64.47,397.93,41.96,0.3,0.3,9.75,8.46,2.63,30.61,71.85,53.13,25.07
2018-01-12 08:38:00,1,1,68.76,72.0,68.0,59.19,66.49,65.16,0.0,0.0,0.0,45.0,59.2,0.23,0.23,0.11,120.0,64.3,397.93,41.96,0.3,0.3,9.75,8.55,2.63,30.68,71.79,53.36,25.15
2018-01-12 08:39:00,1,1,68.76,72.0,68.0,59.21,66.35,65.16,0.0,0.0,0.0,45.0,59.21,0.22,0.22,0.11,120.0,64.14,397.93,41.96,0.3,0.3,9.75,8.64,2.63,30.75,71.73,53.59,25.22
2018-01-12 08:40:00,1,1,68.77,72.0,68.0,59.22,66.21,65.17,0.0,0.0,0.0,45.0,59.23,0.22,0.22,0.1,120.0,63.98,397.93,41.96,0.3,0.3,9.75,8.74,2.63,30.82,71.67,53.83,25.3
2018-01-12 08:41:00,1,1,68.77,72.0,68.0,59.24,66.08,65.17,0.0,0.0,0.0,45.0,59.24,0.22,0.22,0.1,120.0,63.82,397.93,41.96,0.3,0.3,9.75,8.83,2.63,30.88,71.61,54.07,25.38
2018-01-12 08:42:00,1,1,68.78,72.0,68.0,59.25,65.94,65.18,0.0,0.0,0.0,45.0,59.26,0.22,0.22,0.1,120.0,63.66,397.93,41.96,0.3,0.3,9.75,8.93,2.63,30.96,71.55,54.31,25.45
2018-01-12 08:43:00,1,1,68.78,72.0,68.0,59.27,65.8,65.18,0.0,0.0,0.0,45.0,59.27,0.22,0.22,0.1,120.0,63.51,397.93,41.96,0.3,0.3,9.75,9.03,2.63,31.03,71.48,54.55,25.53
2018-01-12 08:44:00,1,1,68.79,72.0,68.0,59.28,65.66,65.19,0.0,0.0,0.0,45.0,59.29,0.22,0.22,0.09,120.0,63.36,397.93,41.96,0.3,0.3,9.75,9.13,2.63,31.1,71.41,54.8,25.62
2018-01-12 08:45:00,1,1,68.79,72.0,68.0,59.3,65.52,65.19,0.0,0.0,0.0,45.0,59.3,0.21,0.21,0.09,120.0,63.21,397.93,41.96,0.3,0.3,9.75,9.23,2.63,31.18,71.34,55.05,25.7
2018-01-12 08:46:00,1,1,68.8,72.0,68.0,59.31,65.38,65.2,0.0,0.0,0.0,45.0,59.32,0.21,0.21,0.09,120.0,63.07,397.93,41.96,0.3,0.3,9.75,9.33,2.63,31.25,71.27,55.3,25.78
2018-01-12 08:47:00,1,1,68.8,72.0,68.0,59.33,65.24,65.2,0.0,0.0,0.0,45.0,59.33,0.21,0.21,0.09,120.0,62.92,397.93,41.96,0.3,0.3,9.75,9.43,2.63,31.33,71.2,55.55,25.87
2018-01-12 08:48:00,1,1,68.81,72.0,68.0,59.34,65.1,65.21,0.0,0.0,0.0,45.0,59.35,0.21,0.21,0.08,120.0,62.78,397.93,41.96,0.3,0.3,9.75,9.54,2.63,31.4,71.12,55.81,25.95
2018-01-12 08:49:00,1,1,68.81,72.0,68.0,59.36,64.96,65.21,0.0,0.0,0.0,45.0,59.36,0.21,0.21,0.08,120.0,62.65,397.93,41.96,0.3,0.3,9.75,9.64,2.63,31.48,71.04,56.07,26.04
2018-01-12 08:50:00,1,1,68.81,72.0,68.0,59.37,64.82,65.21,0.0,0.0,0.0,45.0,59.38,0.21,0.21,0.08,120.0,62.52,397.93,41.96,0.3,0.3,9.75,9.75,2.63,31.56,70.96,56.33,26.13
2018-01-12 08:51:00,1,1,68.82,72.0,68.0,59.39,64.68,65.22,0.0,0.0,0.0,45.0,59.39,0.2,0.2,0.08,120.0,62.39,397.93,41.96,0.3,0.3,9.75,9.86,2.63,31.64,70.88,56.59,26.21
2018-01-12 08:52:00,1,1,68.82,72.0,68.0,59.4,64.54,65.22,0.0,0.0,0.0,45.0,59.41,0.2,0.2,0.07,120.0,62.26,397.93,41.96,0.3,0.3,9.75,9.97,2.63,31.72,70.8,56.85,26.3
2018-01-12 08:53:00,1,1,68.82,72.0,68.0,59.41,64.41,65.22,0.0,0.0,0.0,45.0,59.42,0.2,0.2,0.07,120.0,62.14,397.93,41.96,0.3,0.3,9.75,10.08,2.63,31.8,70.71,57.11,26.39
2018-01-12 08:54:00,1,1,68.82,72.0,68.0,59.43,64.27,65.22,0.0,0.0,0.0,45.0,59.43,0.2,0.2,0.07,120.0,62.03,397.93,41.96,0.3,0.3,9.75,10.19,2.63,31.88,70.62,57.38,26.48
2018-01-12 08:55:00,1,1,68.82,72.0,68.0,59.44,64.14,65.22,0.0,0.0,0.0,45.0,59.45,0.2,0.2,0.07,120.0,61.92,397.93,41.96,0.3,0.3,9.75,10.3,2.63,31.96,70.53,57.64,26.57
2018-01-12 08:56:00,1,1,68.83,72.0,68.0,59.46,64.0,65.23,0.0,0.0,0.0,45.0,59.46,0.19,0.19,0.06,120.0,61.81,397.93,41.96,0.3,0.3,9.75,10.42,2.63,32.04,70.44,57.9,26.66
2018-01-12 08:57:00,1,1,68.83,72.0,68.0,59.47,63.87,65.23,0.0,0.0,0.0,45.0,59.48,0.19,0.19,0.06,120.0,61.7,397.93,41.96,0.3,0.3,9.75,10.53,2.63,32.12,70.34,58.17,26.75
2018-01-12 08:58:00,1,1,68.83,72.0,68.0,59.48,63.74,65.23,0.0,0.0,0.0,45.0,59.49,0.19,0.19,0.06,120.0,61.6,397.93,41.96,0.3,0.3,9.75,10.65,2.63,32.2,70.24,58.43,26.85
2018-01-12 08:59:00,1,1,68.83,72.0,68.0,59.5,63.61,65.23,0.0,0.0,0.0,45.0,59.5,0.19,0.19,0.06,120.0,61.51,397.93,41.96,0.3,0.3,9.75,10.77,2.63,32.28,70.14,58.69,26.94
2018-01-12 09:00:00,1,1,68.83,72.0,68.0,59.51,63.48,65.23,0.0,0.0,0.0,45.0,59.52,0.19,0.19,0.06,120.0,61.42,397.93,41.96,0.3,0.3,9.75,10.89,2.63,32.36,70.04,58.96,27.03
2018-01-12 09:01:00,1,1,68.83,72.0,68.0,59.52,63.35,65.23,0.0,0.0,0.0,45.0,59.53,0.19,0.19,0.05,120.0,61.33,397.93,41.96,0.3,0.3,9.75,11.01,2.63,32.44,69.93,59.22,27.12
2018-01-12 09:02:00,1,1,68.83,72.0,68.0,59.53,63.23,65.23,0.0,0.0,0.0,45.0,59.54,0.18,0.18,0.05,120.0,61.25,397.93,41.96,0.3,0.3,9.75,11.14,2.63,32.52,69.82,59.48,27.21
2018-01-12 09:03:00,1,1,68.82,72.0,68.0,59.54,63.11,65.22,0.0,0.0,0.0,45.0,59.55,0.18,0.18,0.05,120.0,61.15,397.93,41.96,0.3,0.3,9.75,11.27,2.63,32.61,69.71,59.73,27.31
2018-01-12 09:04:00,1,1,68.81,72.0,68.0,59.55,62.99,65.21,0.0,0.0,0.0,45.0,59.56,0.18,0.18,0.05,120.0,61.01,397.93,41.96,0.3,0.3,9.75,11.4,2.63,32.69,69.59,59.98,27.4
2018-01-12 09:05:00,1,1,68.8,72.0,68.0,59.55,62.88,65.2,0.0,0.0,0.0,45.0,59.57,0.18,0.18,0.05,120.0,60.86,397.93,41.96,0.3,0.3,9.75,11.53,2.63,32.77,69.47,60.22,27.5
2018-01-12 09:06:00,1,1,68.79,72.0,68.0,59.55,62.77,65.19,0.0,0.0,0.0,45.0,59.57,0.18,0.18,0.04,120.0,60.73,397.93,41.96,0.3,0.3,9.75,11.66,2.63,32.86,69.35,60.46,27.59
2018-01-12 09:07:00,1,1,68.78,72.0,68.0,59.56,62.66,65.18,0.0,0.0,0.0,45.0,59.57,0.18,0.18,0.04,120.0,60.61,397.93,41.96,0.3,0.3,9.75,11.79,2.63,32.94,69.23,60.69,27.69
2018-01-12 09:08:00,1,1,68.76,72.0,68.0,59.56,62.55,65.16,0.0,0.0,0.0,45.0,59.58,0.18,0.18,0.04,120.0,60.5,397.93,41.96,0.3,0.3,9.75,11.93,2.63,33.02,69.1,60.92,27.78
2018-01-12 09:09:00,1,1,68.75,72.0,68.0,59.56,62.45,65.15,0.0,0.0,0.0,45.0,59.58,0.17,0.17,0.04,120.0,60.4,397.93,41.96,0.3,0.3,9.75,12.06,2.63,33.1,68.98,61.14,27.87
2018-01-12 09:10:00,1,1,68.73,72.0,68.0,59.56,62.36,65.13,0.0,0.0,0.0,45.0,59.58,0.17,0.17,0.04,120.0,60.31,397.93,41.96,0.3,0.3,9.75,12.2,2.63,33.17,68.85,61.36,27.96
2018-01-12 09:11:00,1,1,68.71,72.0,68.0,59.56,62.26,65.11,0.0,0.0,0.0,45.0,59.58,0.17,0.17,0.04,120.0,60.23,397.93,41.96,0.3,0.3,9.75,12.34,2.63,33.25,68.71,61.57,28.04
2018-01-12 09:12:00,1,1,68.7,72.0,68.0,59.56,62.17,65.1,0.0,0.0,0.0,45.0,59.58,0.17,0.17,0.04,120.0,60.16,397.93,41.96,0.3,0.3,9.75,12.48,2.63,33.32,68.57,61.77,28.13
2018-01-12 09:13:00,1,1,68.68,72.0,68.0,59.56,62.08,65.08,0.0,0.0,0.0,45.0,59.58,0.17,0.17,0.03,120.0,60.09,397.93,41.96,0.3,0.3,9.75,12.62,2.63,33.39,68.43,61.97,28.21
2018-01-12 09:14:00,1,1,68.67,72.0,68.0,59.56,62.0,65.07,0.0,0.0,0.0,45.0,59.58,0.17,0.17,0.03,120.0,60.03,397.93,41.96,0.3,0.3,9.75,12.76,2.63,33.45,68.29,62.16,28.29
2018-01-12 09:15:00,1,1,68.65,72.0,68.0,59.56,61.92,65.05,0.0,0.0,0.0,45.0,59.58,0.17,0.17,0.03,120.0,59.98,397.93,41.96,0.3,0.3,9.75,12.9,2.63,33.51,68.15,62.35,28.37
2018-01-12 09:16:00,1,1,68.64,72.0,68.0,59.56,61.84,65.04,0.0,0.0,0.0,45.0,59.58,0.17,0.17,0.03,120.0,59.94,397.93,41.96,0.3,0.3,9.75,13.04,2.63,33.57,68.0,62.53,28.45
2018-01-12 09:17:00,1,1,68.62,72.0,68.0,59.57,61.77,65.02,0.0,0.0,0.0,45.0,59.59,0.16,0.16,0.03,120.0,59.9,397.93,41.96,0.3,0.3,9.75,13.18,2.63,33.63,67.85,62.7,28.52
2018-01-12 09:18:00,1,1,68.61,72.0,68.0,59.57,61.69,65.01,0.0,0.0,0.0,45.0,59.59,0.16,0.16,0.03,120.0,59.86,397.93,41.96,0.3,0.3,9.75,13.33,2.63,33.68,67.69,62.86,28.59
2018-01-12 09:19:00,1,1,68.6,72.0,68.0,59.57,61.63,65.0,0.0,0.0,0.0,45.0,59.59,0.16,0.16,0.03,120.0,59.83,397.93,41.96,0.3,0.3,9.75,13.47,2.63,33.73,67.54,63.02,28.66
2018-01-12 09:20:00,1,1,68.58,72.0,68.0,59.58,61.56,64.98,0.0,0.0,0.0,45.0,59.59,0.16,0.16,0.03,120.0,59.81,397.93,41.96,0.3,0.3,9.75,13.62,2.63,33.78,67.38,63.18,28.72
2018-01-12 09:21:00,1,1,68.57,72.0,68.0,59.58,61.5,64.97,0.0,0.0,0.0,45.0,59.6,0.16,0.16,0.03,120.0,59.79,397.93,41.96,0.3,0.3,9.75,13.76,2.63,33.82,67.21,63.33,28.78
2018-01-12 09:22:00,1,1,68.56,72.0,68.0,59.59,61.44,64.96,0.0,0.0,0.0,45.0,59.6,0.16,0.16,0.03,120.0,59.77,397.93,41.96,0.3,0.3,9.75,13.91,2.63,33.86,67.05,63.47,28.84
2018-01-12 09:23:00,1,1,68.55,72.0,68.0,59.59,61.38,64.95,0.0,0.0,0.0,45.0,59.61,0.16,0.16,0.02,120.0,59.75,397.93,41.96,0.3,0.3,9.75,14.06,2.63,33.9,66.88,63.6,28.9
2018-01-12 09:24:00,1,1,68.54,72.0,68.0,59.6,61.33,64.94,0.0,0.0,0.0,45.0,59.61,0.16,0.16,0.02,120.0,59.74,397.93,41.96,0.3,0.3,9.75,14.21,2.63,33.93,66.7,63.74,28.95
2018-01-12 09:25:00,1,1,68.53,72.0,68.0,59.61,61.27,64.93,0.0,0.0,0.0,45.0,59.62,0.16,0.16,0.02,120.0,59.73,397.93,41.96,0.3,0.3,9.75,14.36,2.63,33.96,66.53,63.86,29.0
2018-01-12 09:26:00,1,1,68.52,72.0,68.0,59.62,61.22,64.92,0.0,0.0,0.0,45.0,59.63,0.15,0.15,0.02,120.0,59.73,397.93,41.96,0.3,0.3,9.75,14.51,2.63,33.98,66.35,63.98,29.05
2018-01-12 09:27:00,1,1,68.51,72.0,68.0,59.62,61.18,64.91,0.0,0.0,0.0,45.0,59.64,0.15,0.15,0.02,120.0,59.73,397.93,41.96,0.3,0.3,9.75,14.66,2.63,34.01,66.17,64.1,29.1
2018-01-12 09:28:00,1,1,68.5,72.0,68.0,59.63,61.13,64.9,0.0,0.0,0.0,45.0,59.65,0.15,0.15,0.02,120.0,59.72,397.93,41.96,0.3,0.3,9.75,14.81,2.63,34.02,65.98,64.21,29.14
2018-01-12 09:29:00,1,1,68.5,72.0,68.0,59.64,61.09,64.9,0.0,0.0,0.0,45.0,59.65,0.15,0.15,0.02,120.0,59.73,397.93,41.96,0.3,0.3,9.75,14.96,2.63,34.04,65.79,64.31,29.18
2018-01-12 09:30:00,1,1,68.49,72.0,68.0,59.65,61.05,64.89,0.0,0.0,0.0,45.0,59.66,0.15,0.15,0.02,120.0,59.73,397.93,41.96,0.3,0.3,9.75,15.11,2.63,34.05,65.6,64.42,29.21
2018-01-12 09:31:00,1,1,68.49,72.0,68.0,59.67,61.01,64.89,0.0,0.0,0.0,45.0,59.67,0.15,0.15,0.02,120.0,59.73,397.93,41.96,0.3,0.3,9.75,15.26,2.63,34.06,65.4,64.51,29.25
2018-01-12 09:32:00,1,1,68.48,72.0,68.0,59.68,60.97,64.88,0.0,0.0,0.0,45.0,59.69,0.15,0.15,0.02,120.0,59.74,397.93,41.96,0.3,0.3,9.75,15.42,2.63,34.06,65.21,64.61,29.28
2018-01-12 09:33:00,1,1,68.48,72.0,68.0,59.69,60.93,64.88,0.0,0.0,0.0,45.0,59.7,0.15,0.15,0.02,120.0,59.75,397.93,41.96,0.3,0.3,9.75,15.57,2.63,34.07,65.0,64.7,29.31
2018-01-12 09:34:00,1,1,68.47,72.0,68.0,59.7,60.9,64.87,0.0,0.0,0.0,45.0,59.71,0.15,0.15,0.02,120.0,59.75,397.93,41.96,0.3,0.3,9.75,15.73,2.63,34.06,64.8,64.78,29.33
2018-01-12 09:35:00,1,1,68.47,72.0,68.0,59.72,60.86,64.87,0.0,0.0,0.0,45.0,59.72,0.15,0.15,0.02,120.0,59.76,397.93,41.96,0.3,0.3,9.75,15.88,2.63,34.06,64.59,64.86,29.36
2018-01-12 09:36:00,1,1,68.47,72.0,68.0,59.73,60.83,64.87,0.0,0.0,0.0,45.0,59.74,0.15,0.15,0.02,120.0,59.77,397.93,41.96,0.3,0.3,9.75,16.04,2.63,34.05,64.38,64.94,29.38
2018-01-12 09:37:00,1,1,68.46,72.0,68.0,59.74,60.8,64.86,0.0,0.0,0.0,45.0,59.75,0.14,0.14,0.01,120.0,59.79,397.93,41.96,0.3,0.3,9.75,16.19,2.63,34.04,64.16,65.02,29.39
2018-01-12 09:38:00,1,1,68.46,72.0,68.0,59.76,60.77,64.86,0.0,0.0,0.0,45.0,59.76,0.14,0.14,0.01,120.0,59.8,397.93,41.96,0.3,0.3,9.75,16.35,2.63,34.02,63.94,65.09,29.41
2018-01-12 09:39:00,1,1,68.46,72.0,68.0,59.77,60.75,64.86,0.0,0.0,0.0,45.0,59.78,0.14,0.14,0.01,120.0,59.81,397.93,41.96,0.3,0.3,9.75,16.51,2.63,34.01,63.72,65.16,29.42
2018-01-12 09:40:00,1,1,68.46,72.0,68.0,59.79,60.72,64.86,0.0,0.0,0.0,45.0,59.79,0.14,0.14,0.01,120.0,59.82,397.93,41.96,0.3,0.3,9.75,16.66,2.63,33.99,63.49,65.22,29.43
2018-01-12 09:41:00,1,1,68.46,72.0,68.0,59.8,60.7,64.86,0.0,0.0,0.0,45.0,59.81,0.14,0.14,0.01,120.0,59.84,397.93,41.96,0.3,0.3,9.75,16.82,2.63,33.96,63.26,65.29,29.44
2018-01-12 09:42:00,1,1,68.46,72.0,68.0,59.82,60.67,64.86,0.0,0.0,0.0,45.0,59.83,0.14,0.14,0.01,120.0,59.85,397.93,41.96,0.3,0.3,9.75,16.98,2.63,33.94,63.03,65.35,29.44
2018-01-12 09:43:00,1,1,68.46,72.0,68.0,59.84,60.65,64.86,0.0,0.0,0.0,45.0,59.84,0.14,0.14,0.01,120.0,59.87,397.93,41.96,0.3,0.3,9.75,17.14,2.63,33.91,62.79,65.4,29.44
2018-01-12 09:44:00,1,1,68.46,72.0,68.0,59.86,60.63,64.86,0.0,0.0,0.0,45.0,59.86,0.14,0.14,0.01,120.0,59.88,397.93,41.96,0.3,0.3,9.75,17.3,2.63,33.87,62.55,65.46,29.44
2018-01-12 09:45:00,1,1,68.46,72.0,68.0,59.87,60.61,64.86,0.0,0.0,0.0,45.0,59.88,0.14,0.14,0.01,120.0,59.9,397.93,41.96,0.3,0.3,9.75,17.46,2.63,33.84,62.3,65.51,29.44
2018-01-12 09:46:00,1,1,68.46,72.0,68.0,59.89,60.59,64.86,0.0,0.0,0.0,45.0,59.89,0.14,0.14,0.01,120.0,59.92,397.93,41.96,0.3,0.3,9.75,17.61,2.63,33.8,62.05,65.56,29.43
2018-01-12 09:47:00,1,1,68.46,72.0,68.0,59.91,60.57,64.86,0.0,0.0,0.0,45.0,59.91,0.13,0.13,0.01,120.0,59.93,397.93,41.96,0.3,0.3,9.75,17.77,2.63,33.76,61.8,65.6,29.42
2018-01-12 09:48:00,1,1,68.47,72.0,68.0,59.93,60.55,64.87,0.0,0.0,0.0,45.0,59.93,0.13,0.13,0.01,120.0,59.95,397.93,41.96,0.3,0.3,9.75,17.93,2.63,33.71,61.54,65.64,29.41
2018-01-12 09:49:00,1,1,68.47,72.0,68.0,59.95,60.54,64.87,0.0,0.0,0.0,45.0,59.95,0.13,0.13,0.01,120.0,59.97,397.93,41.96,0.3,0.3,9.75,18.09,2.63,33.66,61.28,65.68,29.39
2018-01-12 09:50:00,1,1,68.47,72.0,68.0,59.97,60.52,64.87,0.0,0.0,0.0,45.0,59.97,0.13,0.13,0.01,120.0,59.99,397.93,41.96,0.3,0.3,9.75,18.25,2.63,33.61,61.02,65.72,29.38
2018-01-12 09:51:00,1,1,68.47,72.0,68.0,59.99,60.51,64.87,0.0,0.0,0.0,45.0,59.99,0.13,0.13,0.01,120.0,60.01,397.93,41.96,0.3,0.3,9.75,18.42,2.63,33.56,60.75,65.76,29.36
2018-01-12 09:52:00,1,1,68.48,72.0,68.0,60.01,60.5,64.88,0.0,0.0,0.0,45.0,60.01,0.13,0.13,0.01,120.0,60.03,397.93,41.96,0.3,0.3,9.75,18.58,2.63,33.5,60.48,65.79,29.34
2018-01-12 09:53:00,1,1,68.48,72.0,68.0,60.03,60.48,64.88,0.0,0.0,0.0,45.0,60.03,0.13,0.13,0.01,120.0,60.05,397.93,41.96,0.3,0.3,9.75,18.74,2.63,33.45,60.2,65.82,29.31
2018-01-12 09:54:00,1,1,68.49,72.0,68.0,60.05,60.47,64.89,0.0,0.0,0.0,45.0,60.05,0.13,0.13,0.01,120.0,60.07,397.93,41.96,0.3,0.3,9.75,18.9,2.63,33.38,59.92,65.85,29.29
2018-01-12 09:55:00,1,1,68.49,72.0,68.0,60.07,60.47,64.89,0.0,0.0,0.0,45.0,60.07,0.13,0.13,0.01,120.0,60.09,397.93,41.96,0.3,0.3,9.75,19.06,2.63,33.32,59.63,65.87,29.26
2018-01-12 09:56:00,1,1,68.5,72.0,68.0,60.1,60.46,64.9,0.0,0.0,0.0,45.0,60.09,0.13,0.13,0.0,120.0,60.11,397.93,41.96,0.3,0.3,9.75,19.22,2.63,33.25,59.35,65.89,29.23
2018-01-12 09:57:00,1,1,68.51,72.0,68.0,60.12,60.45,64.91,0.0,0.0,0.0,45.0,60.12,0.12,0.12,0.0,120.0,60.13,397.93,41.96,0.3,0.3,9.75,19.38,2.63,33.18,59.05,65.91,29.19
2018-01-12 09:58:00,1,1,68.51,72.0,68.0,60.14,60.44,64.91,0.0,0.0,0.0,45.0,60.14,0.12,0.12,0.0,120.0,60.15,397.93,41.96,0.3,0.3,9.75,19.54,2.63,33.11,58.76,65.92,29.16
2018-01-12 09:59:00,1,1,68.52,72.0,68.0,60.17,60.44,64.92,0.0,0.0,0.0,45.0,60.16,0.12,0.12,0.0,120.0,60.18,397.93,41.96,0.3,0.3,9.75,19.7,2.63,33.03,58.45,65.94,29.12
2018-01-12 10:00:00,1,1,68.53,72.0,68.0,60.19,60.44,64.93,0.0,0.0,0.0,45.0,60.19,0.12,0.12,0.0,120.0,60.2,397.93,41.96,0.3,0.3,9.75,19.87,2.63,32.96,58.15,65.94,29.08
2018-01-12 10:01:00,1,1,68.54,72.0,68.0,60.21,60.43,64.94,0.0,0.0,0.0,45.0,60.21,0.12,0.12,0.0,120.0,60.22,397.93,41.96,0.3,0.3,9.75,20.02,2.63,32.87,57.75,65.95,29.03
2018-01-12 10:02:00,1,1,68.55,72.0,68.0,60.24,60.43,64.95,0.0,0.0,0.0,45.0,60.23,0.12,0.12,0.0,120.0,60.25,397.93,41.96,0.3,0.3,9.75,20.17,2.63,32.78,57.29,65.95,28.98
2018-01-12 10:03:00,1,1,68.56,72.0,68.0,60.27,60.44,64.96,0.0,0.0,0.0,45.0,60.26,0.12,0.12,0.0,120.0,60.27,397.93,41.96,0.3,0.3,9.75,20.33,2.63,32.68,56.83,65.94,28.93
2018-01-12 10:04:00,1,1,68.58,72.0,68.0,60.3,60.44,64.98,0.0,0.0,0.0,45.0,60.29,0.12,0.12,0.0,120.0,60.3,397.93,41.96,0.3,0.3,9.75,20.48,2.63,32.58,56.36,65.93,28.87
2018-01-12 10:05:00,1,1,68.6,72.0,68.0,60.33,60.45,65.0,0.0,0.0,0.0,45.0,60.32,0.11,0.11,0.0,120.0,60.33,397.93,41.96,0.3,0.3,9.75,20.63,2.63,32.48,55.88,65.91,28.81
2018-01-12 10:06:00,1,1,68.62,72.0,68.0,60.37,60.46,65.02,0.0,0.0,0.0,45.0,60.35,0.11,0.11,0.0,120.0,60.36,397.93,41.96,0.3,0.3,9.75,20.78,2.63,32.37,55.41,65.89,28.74
2018-01-12 10:07:00,1,1,68.64,72.0,68.0,60.4,60.47,65.04,0.0,0.0,0.0,45.0,60.39,0.11,0.11,0.0,120.0,60.39,397.93,41.96,0.3,0.3,9.75,20.94,2.63,32.25,54.93,65.85,28.67
2018-01-12 10:08:00,1,1,68.67,72.0,68.0,60.44,60.49,65.07,0.0,0.0,0.0,45.0,60.42,0.11,0.11,0.0,120.0,60.45,397.93,41.96,0.3,0.3,9.75,21.09,2.63,32.13,54.44,65.81,28.59
2018-01-12 10:09:00,1,1,68.69,72.0,68.0,60.48,60.48,65.09,0.0,0.0,0.0,45.0,60.46,0.11,0.11,0.0,120.0,60.47,397.93,41.96,0.3,0.3,9.75,21.24,2.63,32.01,53.96,65.84,28.52
2018-01-12 10:10:00,1,1,68.72,72.0,68.0,60.52,60.5,65.12,0.0,0.0,0.0,45.0,60.5,0.11,0.11,0.0,120.0,60.49,397.93,41.96,0.3,0.3,9.75,21.39,2.63,31.89,53.47,65.79,28.44
2018-01-12 10:11:00,1,1,68.74,72.0,68.0,60.56,60.53,65.14,0.0,0.0,0.0,45.0,60.54,0.1,0.1,0.0,120.0,60.52,397.93,41.96,0.3,0.3,9.75,21.55,2.63,31.76,52.98,65.7,28.35
2018-01-12 10:12:00,1,1,68.78,72.0,68.0,60.6,60.57,65.18,0.0,0.0,0.0,45.0,60.58,0.1,0.1,0.0,120.0,60.56,397.93,41.96,0.3,0.3,9.75,21.7,2.63,31.62,52.49,65.6,28.27
2018-01-12 10:13:00,1,1,68.81,72.0,68.0,60.65,60.62,65.21,0.0,0.0,0.0,45.0,60.62,0.1,0.1,0.0,120.0,60.61,397.93,41.96,0.3,0.3,9.75,21.85,2.63,31.49,51.99,65.49,28.17
2018-01-12 10:14:00,1,1,68.84,72.0,68.0,60.7,60.66,65.24,0.0,0.0,0.0,45.0,60.67,0.1,0.1,0.0,120.0,60.65,397.93,41.96,0.3,0.3,9.75,22.0,2.63,31.34,51.5,65.37,28.08
2018-01-12 10:15:00,1,1,68.88,72.0,68.0,60.75,60.71,65.28,0.0,0.0,0.0,45.0,60.72,0.1,0.1,0.0,120.0,60.7,397.93,41.96,0.3,0.3,9.75,22.16,2.63,31.2,51.0,65.25,27.98
2018-01-12 10:16:00,1,1,68.92,72.0,68.0,60.8,60.76,65.32,0.0,0.0,0.0,45.0,60.77,0.09,0.09,0.0,120.0,60.75,397.93,41.96,0.3,0.3,9.75,22.31,2.63,31.05,50.5,65.13,27.87
2018-01-12 10:17:00,1,1,68.96,72.0,68.0,60.85,60.81,65.36,0.0,0.0,0.0,45.0,60.82,0.09,0.09,0.0,120.0,60.8,397.93,41.96,0.3,0.3,9.75,22.46,2.63,30.89,50.0,65.0,27.77
2018-01-12 10:18:00,1,1,69.03,72.0,68.0,56.13,60.86,65.43,0.0,0.0,0.0,45.0,60.87,0.03,0.0,0.0,120.0,60.85,0.03,0.88,0.3,0.3,0.0,22.61,1.88,34.85,49.5,64.88,27.65
2018-01-12 10:19:00,1,1,69.47,72.0,68.0,45.95,60.87,65.87,0.0,0.0,0.0,45.0,60.87,0.0,0.0,0.0,120.0,60.87,0.01,0.88,0.3,0.3,0.0,22.76,0.25,43.44,49.0,64.84,27.42
2018-01-12 10:20:00,1,1,69.97,72.0,68.0,44.86,60.87,66.37,0.0,0.0,0.0,45.0,60.83,0.0,0.0,0.0,120.0,60.87,0.01,0.88,0.3,0.3,0.0,22.91,0.03,44.21,48.5,64.84,27.23
2018-01-12 10:21:00,1,1,70.42,72.0,68.0,44.97,60.87,66.82,0.0,0.0,0.0,45.0,60.79,0.0,0.0,0.0,120.0,60.87,0.01,0.88,0.3,0.3,0.0,23.07,0.0,43.98,77.53,64.84,27.09
2018-01-12 10:22:00,1,1,70.8,72.0,68.0,45.22,60.87,67.2,0.0,0.0,0.0,45.0,60.75,0.0,0.0,0.0,120.0,60.87,0.01,0.88,0.3,0.3,0.0,23.22,0.0,43.68,80.72,64.84,27.01
2018-01-12 10:23:00,1,1,71.14,72.0,68.0,45.46,60.87,67.54,0.0,0.0,0.0,45.0,60.71,0.0,0.0,0.0,120.0,60.87,0.01,0.88,0.3,0.3,0.0,23.37,0.0,43.4,79.56,64.85,26.97
2018-01-12 10:24:00,1,1,71.44,72.0,68.0,45.68,60.87,67.84,0.0,0.0,0.0,45.0,60.67,0.0,0.0,0.0,120.0,60.87,0.01,0.88,0.3,0.3,0.0,23.52,0.0,43.15,77.86,64.85,26.97
2018-01-12 10:25:00,1,1,71.7,72.0,68.0,45.89,60.87,68.1,0.0,0.0,0.0,45.0,60.63,0.0,0.0,0.0,120.0,60.87,0.01,0.88,0.3,0.3,0.0,23.67,0.0,42.94,76.13,64.85,26.96
2018-01-12 10:26:00,1,1,71.94,72.0,68.0,46.08,60.87,68.34,0.0,0.0,0.0,45.0,60.59,0.0,0.0,0.0,120.0,60.87,0.01,0.88,0.3,0.3,0.0,23.82,0.0,42.75,74.42,64.86,26.95
2018-01-12 10:27:00,1,1,72.15,72.0,68.0,46.26,60.86,68.55,0.0,0.0,0.0,45.0,60.55,0.0,0.0,0.0,120.0,60.86,0.01,0.88,0.3,0.3,0.0,23.97,0.0,42.59,72.76,64.87,26.97
2018-01-12 10:28:00,1,1,72.34,72.0,68.0,46.43,60.86,68.74,0.0,0.0,0.0,45.0,60.52,0.0,0.0,0.0,120.0,60.86,0.01,0.88,0.3,0.3,0.0,24.13,0.0,42.44,71.14,64.87,27.0
2018-01-12 10:29:00,1,1,72.24,72.0,68.0,59.33,61.21,68.64,0.0,0.0,0.0,45.0,61.21,0.0,0.0,0.0,120.0,61.03,397.93,41.96,0.3,0.3,9.75,24.28,1.94,33.14,69.55,64.02,27.21
2018-01-12 10:30:00,1,1,71.81,72.0,68.0,62.98,62.4,68.21,0.0,0.0,0.0,45.0,62.62,0.0,0.0,0.0,120.0,62.18,397.93,41.96,0.3,0.3,9.75,24.43,2.53,30.47,68.01,61.29,27.55
2018-01-12 10:31:00,1,1,71.5,72.0,68.0,63.26,63.04,67.9,0.0,0.0,0.0,45.0,63.15,0.0,0.0,0.0,120.0,62.96,397.93,41.96,0.3,0.3,9.75,24.58,2.62,30.17,66.51,59.87,27.69
2018-01-12 10:32:00,1,1,71.29,72.0,68.0,63.17,63.21,67.69,0.0,0.0,0.0,45.0,63.23,0.0,0.0,0.0,120.0,63.2,397.93,41.96,0.3,0.3,9.75,24.73,2.63,30.12,65.04,59.52,27.71
2018-01-12 10:33:00,1,1,71.15,72.0,68.0,63.06,63.18,67.55,0.0,0.0,0.0,45.0,63.17,0.0,0.0,0.0,120.0,63.19,397.93,41.96,0.3,0.3,9.75,24.88,2.63,30.05,63.61,59.58,27.68
2018-01-12 10:34:00,1,1,71.04,72.0,68.0,62.99,63.1,67.44,0.0,0.0,0.0,45.0,63.09,0.0,0.0,0.0,120.0,63.12,397.93,41.96,0.3,0.3,9.75,25.03,2.63,29.95,62.21,59.74,27.61
2018-01-12 10:35:00,1,1,71.08,72.0,68.0,52.47,63.05,67.48,0.0,0.0,0.0,45.0,63.02,0.0,0.0,0.0,120.0,63.05,0.01,0.88,0.3,0.3,0.0,25.18,0.97,36.77,60.85,59.85,27.5
2018-01-12 10:36:00,1,1,71.45,72.0,68.0,47.42,63.04,67.85,0.0,0.0,0.0,45.0,62.97,0.0,0.0,0.0,120.0,63.04,0.01,0.88,0.3,0.3,0.0,25.33,0.13,39.99,59.53,59.87,27.37
2018-01-12 10:37:00,1,1,71.84,72.0,68.0,46.97,63.04,68.24,0.0,0.0,0.0,45.0,62.93,0.0,0.0,0.0,120.0,63.04,0.01,0.88,0.3,0.3,0.0,25.48,0.02,40.19,58.23,59.88,27.21
2018-01-12 10:38:00,1,1,72.18,72.0,68.0,47.12,63.04,68.58,0.0,0.0,0.0,45.0,62.89,0.0,0.0,0.0,120.0,63.04,0.01,0.88,0.3,0.3,0.0,25.63,0.0,40.03,56.97,59.88,27.09
2018-01-12 10:39:00,1,1,72.4,72.0,68.0,55.55,63.05,68.8,0.0,0.0,0.0,45.0,62.92,0.0,0.0,0.0,120.0,63.03,397.93,41.96,0.3,0.3,9.75,25.78,1.28,34.76,55.74,59.85,27.05
2018-01-12 10:40:00,1,1,72.17,72.0,68.0,62.91,63.47,68.57,0.0,0.0,0.0,45.0,63.55,0.0,0.0,0.0,120.0,63.37,397.93,41.96,0.3,0.3,9.75,25.93,2.45,30.13,54.55,58.98,27.18
2018-01-12 10:41:00,1,1,71.94,72.0,68.0,63.74,63.77,68.34,0.0,0.0,0.0,45.0,63.82,0.0,0.0,0.0,120.0,63.73,397.93,41.96,0.3,0.3,9.75,26.08,2.6,29.49,53.38,58.36,27.25
2018-01-12 10:42:00,1,1,71.77,72.0,68.0,63.75,63.83,68.17,0.0,0.0,0.0,45.0,63.84,0.0,0.0,0.0,120.0,63.83,397.93,41.96,0.3,0.3,9.75,26.23,2.62,29.33,52.24,58.24,27.24
2018-01-12 10:43:00,1,1,71.65,72.0,68.0,63.67,63.79,68.05,0.0,0.0,0.0,45.0,63.77,0.0,0.0,0.0,120.0,63.8,397.93,41.96,0.3,0.3,9.75,26.37,2.63,29.2,51.13,58.33,27.18
2018-01-12 10:44:00,1,1,71.56,72.0,68.0,63.61,63.72,67.96,0.0,0.0,0.0,45.0,63.7,0.0,0.0,0.0,120.0,63.73,397.93,41.96,0.3,0.3,9.75,26.52,2.63,29.06,50.05,58.47,27.08
2018-01-12 10:45:00,1,1,71.5,72.0,68.0,63.57,63.65,67.9,0.0,0.0,0.0,45.0,63.64,0.0,0.0,0.0,120.0,63.67,397.93,41.96,0.3,0.3,9.75,26.67,2.63,28.9,49.0,58.6,26.95
2018-01-12 10:46:00,1,1,71.45,72.0,68.0,63.54,63.61,67.85,0.0,0.0,0.0,45.0,63.6,0.0,0.0,0.0,120.0,63.62,397.93,41.96,0.3,0.3,9.75,26.82,2.63,28.73,47.98,58.69,26.8
2018-01-12 10:47:00,1,1,71.42,72.0,68.0,63.53,63.58,67.82,0.0,0.0,0.0,45.0,63.57,0.0,0.0,0.0,120.0,63.58,397.93,41.96,0.3,0.3,9.75,26.97,2.63,28.54,46.98,58.75,26.65
2018-01-12 10:48:00,1,1,71.4,72.0,68.0,63.53,63.56,67.8,0.0,0.0,0.0,45.0,63.56,0.0,0.0,0.0,120.0,63.56,397.93,41.96,0.3,0.3,9.75,27.12,2.63,28.34,46.01,58.79,26.48
2018-01-12 10:49:00,1,1,71.39,72.0,68.0,63.54,63.56,67.79,0.0,0.0,0.0,45.0,63.56,0.0,0.0,0.0,120.0,63.56,397.93,41.96,0.3,0.3,9.75,27.26,2.63,28.14,45.07,58.8,26.31
2018-01-12 10:50:00,1,1,71.39,72.0,68.0,63.55,63.56,67.79,0.0,0.0,0.0,45.0,63.56,0.0,0.0,0.0,120.0,63.56,397.93,41.96,0.3,0.3,9.75,27.41,2.63,27.93,44.15,58.79,26.13
2018-01-12 10:51:00,1,1,71.4,72.0,68.0,63.57,63.57,67.8,0.0,0.0,0.0,45.0,63.58,0.0,0.0,0.0,120.0,63.57,397.93,41.96,0.3,0.3,9.75,27.56,2.63,27.72,43.25,58.76,25.95
2018-01-12 10:52:00,1,1,71.42,72.0,68.0,63.6,63.59,67.82,0.0,0.0,0.0,45.0,63.6,0.0,0.0,0.0,120.0,63.59,397.93,41.96,0.3,0.3,9.75,27.7,2.63,27.5,42.39,58.72,25.77
2018-01-12 10:53:00,1,1,71.43,72.0,68.0,63.63,63.62,67.83,0.0,0.0,0.0,45.0,63.62,0.0,0.0,0.0,120.0,63.61,397.93,41.96,0.3,0.3,9.75,27.85,2.63,27.28,41.54,58.67,25.58
2018-01-12 10:54:00,1,1,71.46,72.0,68.0,63.67,63.65,67.86,0.0,0.0,0.0,45.0,63.66,0.0,0.0,0.0,120.0,63.64,397.93,41.96,0.3,0.3,9.75,28.0,2.63,27.06,40.72,58.61,25.4
2018-01-12 10:55:00,1,1,71.48,72.0,68.0,63.71,63.68,67.88,0.0,0.0,0.0,45.0,63.69,0.0,0.0,0.0,120.0,63.68,397.93,41.96,0.3,0.3,9.75,28.14,2.63,26.84,39.93,58.54,25.21
2018-01-12 10:56:00,1,1,71.52,72.0,68.0,63.75,63.72,67.92,0.0,0.0,0.0,45.0,63.73,0.0,0.0,0.0,120.0,63.72,397.93,41.96,0.3,0.3,9.75,28.29,2.63,26.62,39.16,58.46,25.02
2018-01-12 10:57:00,1,1,71.55,72.0,68.0,63.8,63.77,67.95,0.0,0.0,0.0,45.0,63.77,0.0,0.0,0.0,120.0,63.76,397.93,41.96,0.3,0.3,9.75,28.44,2.63,26.4,38.41,58.37,24.83
2018-01-12 10:58:00,1,1,71.58,72.0,68.0,63.85,63.81,67.98,0.0,0.0,0.0,45.0,63.82,0.0,0.0,0.0,120.0,63.8,397.93,41.96,0.3,0.3,9.75,28.58,2.63,26.18,37.68,58.29,24.64
2018-01-12 10:59:00,1,1,71.62,72.0,68.0,63.89,63.86,68.02,0.0,0.0,0.0,45.0,63.87,0.0,0.0,0.0,120.0,63.85,397.93,41.96,0.3,0.3,9.75,28.73,2.63,25.97,36.98,58.19,24.45
2018-01-12 11:00:00,1,1,71.66,72.0,68.0,63.95,63.91,68.06,0.0,0.0,0.0,45.0,63.91,0.0,0.0,0.0,120.0,63.89,397.93,41.96,0.3,0.3,9.75,28.87,2.63,25.75,36.29,58.09,24.26
2018-01-12 11:01:00,1,1,71.7,72.0,68.0,64.0,63.96,68.1,0.0,0.0,0.0,45.0,63.97,0.0,0.0,0.0,120.0,63.95,397.93,41.96,0.3,0.3,9.75,29.02,2.63,25.54,35.79,57.99,24.06
2018-01-12 11:02:00,1,1,71.75,72.0,68.0,64.05,64.01,68.15,0.0,0.0,0.0,45.0,64.02,0.0,0.0,0.0,120.0,64.0,397.93,41.96,0.3,0.3,9.75,29.17,2.63,25.34,35.39,57.89,23.87
2018-01-12 11:03:00,1,1,71.79,72.0,68.0,64.11,64.06,68.19,0.0,0.0,0.0,45.0,64.07,0.0,0.0,0.0,120.0,64.05,397.93,41.96,0.3,0.3,9.75,29.32,2.63,25.14,35.03,57.78,23.68
2018-01-12 11:04:00,1,1,71.83,72.0,68.0,64.16,64.12,68.23,0.0,0.0,0.0,45.0,64.13,0.0,0.0,0.0,120.0,64.1,397.93,41.96,0.3,0.3,9.75,29.47,2.63,24.94,34.68,57.68,23.5
2018-01-12 11:05:00,1,1,71.88,72.0,68.0,64.22,64.17,68.28,0.0,0.0,0.0,45.0,64.18,0.0,0.0,0.0,120.0,64.16,397.93,41.96,0.3,0.3,9.75,29.63,2.63,24.75,34.34,57.57,23.32
2018-01-12 11:06:00,1,1,71.92,72.0,68.0,64.27,64.23,68.32,0.0,0.0,0.0,45.0,64.24,0.0,0.0,0.0,120.0,64.21,397.93,41.96,0.3,0.3,9.75,29.78,2.63,24.56,34.03,57.46,23.14
2018-01-12 11:07:00,1,1,71.97,72.0,68.0,64.33,64.28,68.37,0.0,0.0,0.0,45.0,64.29,0.0,0.0,0.0,120.0,64.27,397.93,41.96,0.3,0.3,9.75,29.92,2.63,24.38,33.72,57.35,22.97
2018-01-12 11:08:00,1,1,72.02,72.0,68.0,64.39,64.34,68.42,0.0,0.0,0.0,45.0,64.35,0.0,0.0,0.0,120.0,64.33,397.93,41.96,0.3,0.3,9.75,30.07,2.63,24.2,33.43,57.24,22.8
2018-01-12 11:09:00,1,1,72.06,72.0,68.0,64.44,64.39,68.46,0.0,0.0,0.0,45.0,64.41,0.0,0.0,0.0,120.0,64.38,397.93,41.96,0.3,0.3,9.75,30.22,2.63,24.03,33.16,57.13,22.63
2018-01-12 11:10:00,1,1,72.11,72.0,68.0,64.5,64.45,68.51,0.0,0.0,0.0,45.0,64.46,0.0,0.0,0.0,120.0,64.44,397.93,41.96,0.3,0.3,9.75,30.37,2.63,23.86,32.89,57.02,22.47
2018-01-12 11:11:00,1,1,72.16,72.0,68.0,64.56,64.51,68.56,0.0,0.0,0.0,45.0,64.52,0.0,0.0,0.0,120.0,64.5,397.93,41.96,0.3,0.3,9.75,30.52,2.63,23.69,32.64,56.91,22.31
2018-01-12 11:12:00,1,1,72.2,72.0,68.0,64.62,64.57,68.6,0.0,0.0,0.0,45.0,64.58,0.0,0.0,0.0,120.0,64.55,397.93,41.96,0.3,0.3,9.75,30.67,2.63,23.53,32.41,56.8,22.16
2018-01-12 11:13:00,1,1,72.25,72.0,68.0,64.67,64.62,68.65,0.0,0.0,0.0,45.0,64.64,0.0,0.0,0.0,120.0,64.61,397.93,41.96,0.3,0.3,9.75,30.82,2.63,23.37,32.18,56.7,22.0
2018-01-12 11:14:00,1,1,72.3,72.0,68.0,64.73,64.68,68.7,0.0,0.0,0.0,45.0,64.69,0.0,0.0,0.0,120.0,64.67,397.93,41.96,0.3,0.3,9.75,30.96,2.63,23.21,31.96,56.59,21.86
2018-01-12 11:15:00,1,1,72.34,72.0,68.0,64.79,64.74,68.74,0.0,0.0,0.0,45.0,64.75,0.0,0.0,0.0,120.0,64.73,397.93,41.96,0.3,0.3,9.75,31.11,2.63,23.06,31.76,56.48,21.71
2018-01-12 11:16:00,1,1,72.39,72.0,68.0,64.85,64.8,68.79,0.0,0.0,0.0,45.0,64.81,0.0,0.0,0.0,120.0,64.79,397.93,41.96,0.3,0.3,9.75,31.25,2.63,22.92,31.57,56.37,21.57
2018-01-12 11:17:00,1,1,72.44,72.0,68.0,64.9,64.85,68.84,0.0,0.0,0.0,45.0,64.87,0.0,0.0,0.0,120.0,64.84,397.93,41.96,0.3,0.3,9.75,31.4,2.63,22.77,31.38,56.26,21.43
2018-01-12 11:18:00,1,1,72.49,72.0,68.0,64.96,64.91,68.89,0.0,0.0,0.0,45.0,64.92,0.0,0.0,0.0,120.0,64.9,397.93,41.96,0.3,0.3,9.75,31.55,2.63,22.63,31.21,56.15,21.3
2018-01-12 11:19:00,1,1,72.53,72.0,68.0,65.02,64.97,68.93,0.0,0.0,0.0,45.0,64.98,0.0,0.0,0.0,120.0,64.96,397.93,41.96,0.3,0.3,9.75,31.69,2.63,22.5,31.04,56.05,21.17
2018-01-12 11:20:00,1,1,72.58,72.0,68.0,65.08,65.03,68.98,0.0,0.0,0.0,45.0,65.04,0.0,0.0,0.0,120.0,65.01,397.93,41.96,0.3,0.3,9.75,31.83,2.63,22.37,30.89,55.94,21.04
2018-01-12 11:21:00,1,1,72.63,72.0,68.0,65.13,65.08,69.03,0.0,0.0,0.0,45.0,65.09,0.0,0.0,0.0,120.0,65.07,397.93,41.96,0.3,0.3,9.75,31.98,2.63,22.24,30.74,55.84,20.92
2018-01-12 11:22:00,1,1,72.67,72.0,68.0,65.19,65.14,69.07,0.0,0.0,0.0,45.0,65.15,0.0,0.0,0.0,120.0,65.13,397.93,41.96,0.3,0.3,9.75,32.12,2.63,22.12,30.6,55.73,20.8
2018-01-12 11:23:00,1,1,72.72,72.0,68.0,65.25,65.2,69.12,0.0,0.0,0.0,45.0,65.21,0.0,0.0,0.0,120.0,65.19,397.93,41.96,0.3,0.3,9.75,32.26,2.63,21.99,30.47,55.63,20.68
2018-01-12 11:24:00,1,1,72.77,72.0,68.0,65.3,65.25,69.17,0.0,0.0,0.0,45.0,65.26,0.0,0.0,0.0,120.0,65.24,397.93,41.96,0.3,0.3,9.75,32.4,2.63,21.88,30.35,55.52,20.57
2018-01-12 11:25:00,1,1,72.81,72.0,68.0,65.36,65.31,69.21,0.0,0.0,0.0,45.0,65.32,0.0,0.0,0.0,120.0,65.3,397.93,41.96,0.3,0.3,9.75,32.55,2.63,21.76,30.23,55.42,20.46
2018-01-12 11:26:00,1,1,72.86,72.0,68.0,65.41,65.37,69.26,0.0,0.0,0.0,45.0,65.38,0.0,0.0,0.0,120.0,65.35,397.93,41.96,0.3,0.3,9.75,32.69,2.63,21.65,30.13,55.32,20.35
2018-01-12 11:27:00,1,1,72.9,72.0,68.0,65.47,65.42,69.3,0.0,0.0,0.0,45.0,65.43,0.0,0.0,0.0,120.0,65.41,397.93,41.96,0.3,0.3,9.75,32.83,2.63,21.54,30.02,55.22,20.24
2018-01-12 11:28:00,1,1,72.95,72.0,68.0,65.53,65.48,69.35,0.01,0.01,0.0,45.0,65.49,0.0,0.0,0.0,120.0,65.47,397.93,41.96,0.3,0.3,9.75,32.97,2.63,21.44,29.93,55.12,20.14
2018-01-12 11:29:00,1,1,72.99,72.0,68.0,65.58,65.53,69.39,0.01,0.01,0.0,45.0,65.54,0.0,0.0,0.0,120.0,65.52,397.93,41.96,0.3,0.3,9.75,33.1,2.63,21.34,29.84,55.02,20.04
2018-01-12 11:30:00,1,1,73.04,72.0,68.0,65.63,65.59,69.44,0.01,0.01,0.0,45.0,65.6,0.0,0.0,0.0,120.0,65.58,397.93,41.96,0.3,0.3,9.75,33.24,2.63,21.24,29.76,54.92,19.95
2018-01-12 11:31:00,1,1,73.08,72.0,68.0,65.69,65.64,69.48,0.02,0.02,0.0,45.0,65.65,0.0,0.0,0.0,120.0,65.63,397.93,41.96,0.3,0.3,9.75,33.38,2.63,21.15,29.68,54.83,19.85
2018-01-12 11:32:00,1,1,73.13,72.0,68.0,65.74,65.7,69.53,0.02,0.02,0.0,45.0,65.71,0.0,0.0,0.0,120.0,65.69,397.93,41.96,0.3,0.3,9.75,33.52,2.63,21.05,29.61,54.73,19.76
2018-01-12 11:33:00,1,1,73.17,72.0,68.0,65.8,65.75,69.57,0.03,0.03,0.0,45.0,65.76,0.0,0.0,0.0,120.0,65.74,397.93,41.96,0.3,0.3,9.75,33.65,2.63,20.97,29.54,54.63,19.68
2018-01-12 11:34:00,1,1,73.22,72.0,68.0,65.85,65.8,69.62,0.03,0.03,0.0,45.0,65.81,0.0,0.0,0.0,120.0,65.79,397.93,41.96,0.3,0.3,9.75,33.79,2.63,20.88,29.48,54.54,19.59
2018-01-12 11:35:00,1,1,73.26,72.0,68.0,65.9,65.86,69.66,0.04,0.04,0.0,45.0,65.87,0.0,0.0,0.0,120.0,65.85,397.93,41.96,0.3,0.3,9.75,33.92,2.63,20.8,29.42,54.45,19.51
2018-01-12 11:36:00,1,1,73.3,72.0,68.0,65.95,65.91,69.7,0.04,0.04,0.0,45.0,65.92,0.0,0.0,0.0,120.0,65.9,397.93,41.96,0.3,0.3,9.75,34.05,2.63,20.71,29.37,54.36,19.43
2018-01-12 11:37:00,1,1,73.34,72.0,68.0,66.01,65.96,69.74,0.05,0.05,0.0,45.0,65.97,0.0,0.0,0.0,120.0,65.95,397.93,41.96,0.3,0.3,9.75,34.19,2.63,20.64,29.32,54.26,19.35
2018-01-12 11:38:00,1,1,73.39,72.0,68.0,66.06,66.01,69.79,0.05,0.05,0.0,45.0,66.02,0.0,0.0,0.0,120.0,66.0,397.93,41.96,0.3,0.3,9.75,34.32,2.63,20.56,29.28,54.17,19.28
2018-01-12 11:39:00,1,1,73.43,72.0,68.0,66.11,66.07,69.83,0.06,0.06,0.0,45.0,66.08,0.0,0.0,0.0,120.0,66.05,397.93,41.96,0.3,0.3,9.75,34.45,2.63,20.49,29.24,54.08,19.2
2018-01-12 11:40:00,1,1,73.47,72.0,68.0,66.16,66.12,69.87,0.07,0.07,0.0,45.0,66.13,0.0,0.0,0.0,120.0,66.11,397.93,41.96,0.3,0.3,9.75,34.58,2.63,20.42,29.2,54.0,19.13
2018-01-12 11:41:00,1,1,73.51,72.0,68.0,66.21,66.17,69.91,0.07,0.07,0.0,45.0,66.18,0.0,0.0,0.0,120.0,66.16,397.93,41.96,0.3,0.3,9.75,34.71,2.63,20.35,29.17,53.91,19.07
2018-01-12 11:42:00,1,1,73.55,72.0,68.0,66.26,66.22,69.95,0.08,0.08,0.0,45.0,66.23,0.0,0.0,0.0,120.0,66.21,397.93,41.96,0.3,0.3,9.75,34.84,2.63,20.28,29.14,53.82,19.0
2018-01-12 11:43:00,1,1,73.59,72.0,68.0,66.31,66.27,69.99,0.08,0.08,0.0,45.0,66.28,0.0,0.0,0.0,120.0,66.26,397.93,41.96,0.3,0.3,9.75,34.97,2.63,20.22,29.12,53.74,18.94
2018-01-12 11:44:00,1,1,73.63,72.0,68.0,66.36,66.32,70.03,0.09,0.09,0.0,45.0,66.33,0.0,0.0,0.0,120.0,66.31,397.93,41.96,0.3,0.3,9.75,35.09,2.63,20.16,29.09,53.65,18.88
2018-01-12 11:45:00,1,1,73.67,72.0,68.0,66.41,66.37,70.07,0.1,0.1,0.0,45.0,66.38,0.0,0.0,0.0,120.0,66.36,397.93,41.96,0.3,0.3,9.75,35.22,2.63,20.1,29.07,53.57,18.82
2018-01-12 11:46:00,1,1,73.71,72.0,68.0,66.45,66.41,70.11,0.1,0.1,0.0,45.0,66.42,0.0,0.0,0.0,120.0,66.4,397.93,41.96,0.3,0.3,9.75,35.34,2.63,20.04,29.05,53.49,18.76
2018-01-12 11:47:00,1,1,73.75,72.0,68.0,66.5,66.45,70.15,0.11,0.11,0.01,45.0,66.57,0.0,0.0,0.0,120.0,66.45,397.93,41.96,0.3,0.3,9.75,35.47,2.63,19.98,29.04,53.42,18.7
2018-01-12 11:48:00,1,1,73.78,72.0,68.0,66.54,66.39,70.18,0.12,0.12,0.02,45.0,66.78,0.0,0.0,0.0,120.0,66.42,397.93,41.96,0.3,0.3,9.75,35.59,2.63,19.93,29.03,53.52,18.65
2018-01-12 11:49:00,1,1,73.8,72.0,68.0,66.57,66.19,70.2,0.12,0.12,0.04,45.0,67.01,0.0,0.0,0.0,120.0,66.24,397.93,41.96,0.3,0.3,9.75,35.71,2.63,19.89,29.01,53.87,18.61
2018-01-12 11:50:00,1,1,73.79,72.0,68.0,66.58,65.81,70.19,0.13,0.13,0.07,45.0,67.22,0.0,0.0,0.0,120.0,65.9,397.93,41.96,0.3,0.3,9.75,35.83,2.63,19.87,29.01,54.53,18.59
2018-01-12 11:51:00,1,1,73.75,72.0,68.0,66.55,65.26,70.15,0.14,0.14,0.1,45.0,67.33,0.0,0.0,0.0,120.0,65.38,397.93,41.96,0.3,0.3,9.75,35.95,2.63,19.86,29.0,55.52,18.6
2018-01-12 11:52:00,1,1,73.67,72.0,68.0,66.49,64.55,70.07,0.14,0.14,0.13,45.0,67.22,0.0,0.0,0.0,120.0,64.71,397.93,41.96,0.3,0.3,9.75,36.07,2.63,19.88,28.99,56.84,18.63
2018-01-12 11:53:00,1,1,73.54,72.0,68.0,66.39,63.76,69.94,0.15,0.15,0.16,45.0,66.85,0.0,0.0,0.0,120.0,63.93,397.93,41.96,0.3,0.3,9.75,36.19,2.63,19.93,28.99,58.39,18.7
2018-01-12 11:54:00,1,1,73.37,72.0,68.0,66.25,62.97,69.77,0.15,0.15,0.18,45.0,66.31,0.0,0.0,0.0,120.0,63.13,397.93,41.96,0.3,0.3,9.75,36.31,2.63,20.0,28.99,60.02,18.79
2018-01-12 11:55:00,1,1,73.18,72.0,68.0,66.1,62.26,69.58,0.15,0.15,0.2,45.0,65.7,0.0,0.0,0.0,120.0,62.4,397.93,41.96,0.3,0.3,9.75,36.43,2.63,20.08,28.98,61.58,18.9
2018-01-12 11:56:00,1,1,72.98,72.0,68.0,65.92,61.67,69.38,0.15,0.15,0.22,45.0,65.14,0.0,0.0,0.0,120.0,61.78,397.93,41.96,0.3,0.3,9.75,36.54,2.63,20.18,28.98,62.94,19.03
2018-01-12 11:57:00,1,1,72.77,72.0,68.0,65.75,61.21,69.17,0.16,0.16,0.22,45.0,64.69,0.0,0.0,0.0,120.0,61.29,397.93,41.96,0.3,0.3,9.75,36.65,2.63,20.28,28.98,64.02,19.16
2018-01-12 11:58:00,1,1,72.58,72.0,68.0,65.59,60.89,68.98,0.16,0.16,0.22,45.0,64.35,0.0,0.0,0.0,120.0,60.94,397.93,41.96,0.3,0.3,9.75,36.77,2.63,20.37,28.99,64.81,19.28
2018-01-12 11:59:00,1,1,72.4,72.0,68.0,65.45,60.68,68.8,0.16,0.16,0.22,45.0,64.12,0.0,0.0,0.0,120.0,60.72,397.93,41.96,0.3,0.3,9.75,36.88,2.63,20.46,28.99,65.32,19.39
2018-01-12 12:00:00,1,1,72.25,72.0,68.0,65.32,60.57,68.65,0.15,0.15,0.22,45.0,63.98,0.0,0.0,0.0,120.0,60.59,397.93,41.96,0.3,0.3,9.75,36.99,2.63,20.53,28.99,65.6,19.49
2018-01-12 12:01:00,1,1,72.12,72.0,68.0,65.22,60.54,68.52,0.15,0.15,0.21,45.0,63.91,0.0,0.0,0.0,120.0,60.54,397.93,41.96,0.3,0.3,9.75,37.09,2.63,20.58,28.94,65.68,19.57
2018-01-12 12:02:00,1,1,72.02,72.0,68.0,65.13,60.56,68.42,0.15,0.15,0.2,45.0,63.9,0.0,0.0,0.0,120.0,60.55,397.93,41.96,0.3,0.3,9.75,37.19,2.63,20.62,28.86,65.62,19.63
2018-01-12 12:03:00,1,1,71.94,72.0,68.0,65.07,60.63,68.34,0.15,0.15,0.19,45.0,63.93,0.0,0.0,0.0,120.0,60.61,397.93,41.96,0.3,0.3,9.75,37.28,2.63,20.65,28.78,65.45,19.67
2018-01-12 12:04:00,1,1,71.88,72.0,68.0,65.03,60.73,68.28,0.15,0.15,0.18,45.0,63.98,0.0,0.0,0.0,120.0,60.71,397.93,41.96,0.3,0.3,9.75,37.38,2.63,20.66,28.69,65.21,19.7
2018-01-12 12:05:00,1,1,71.84,72.0,68.0,65.0,60.84,68.24,0.15,0.15,0.18,45.0,64.05,0.0,0.0,0.0,120.0,60.82,397.93,41.96,0.3,0.3,9.75,37.47,2.63,20.66,28.61,64.91,19.71
2018-01-12 12:06:00,1,1,71.81,72.0,68.0,64.99,60.97,68.21,0.15,0.15,0.17,45.0,64.13,0.0,0.0,0.0,120.0,60.94,397.93,41.96,0.3,0.3,9.75,37.56,2.63,20.64,28.53,64.6,19.71
2018-01-12 12:07:00,1,1,71.8,72.0,68.0,64.99,61.1,68.2,0.15,0.15,0.16,45.0,64.21,0.0,0.0,0.0,120.0,61.07,397.93,41.96,0.3,0.3,9.75,37.65,2.63,20.62,28.45,64.28,19.69
2018-01-12 12:08:00,1,1,71.8,72.0,68.0,65.0,61.23,68.2,0.15,0.15,0.16,45.0,64.29,0.0,0.0,0.0,120.0,61.2,397.93,41.96,0.3,0.3,9.75,37.74,2.63,20.59,28.38,63.97,19.66
2018-01-12 12:09:00,1,1,71.81,72.0,68.0,65.02,61.35,68.21,0.15,0.15,0.16,45.0,64.38,0.0,0.0,0.0,120.0,61.32,397.93,41.96,0.3,0.3,9.75,37.83,2.63,20.55,28.3,63.69,19.63
2018-01-12 12:10:00,1,1,71.83,72.0,68.0,65.04,61.45,68.23,0.15,0.15,0.15,45.0,64.45,0.0,0.0,0.0,120.0,61.43,397.93,41.96,0.3,0.3,9.75,37.91,2.63,20.51,28.22,63.43,19.59
2018-01-12 12:11:00,1,1,71.85,72.0,68.0,65.07,61.55,68.25,0.15,0.15,0.15,45.0,64.52,0.0,0.0,0.0,120.0,61.53,397.93,41.96,0.3,0.3,9.75,38.0,2.63,20.46,28.15,63.2,19.54
2018-01-12 12:12:00,1,1,71.87,72.0,68.0,65.1,61.63,68.27,0.15,0.15,0.15,45.0,64.59,0.0,0.0,0.0,120.0,61.62,397.93,41.96,0.3,0.3,9.75,38.08,2.63,20.41,28.08,63.01,19.5
2018-01-12 12:13:00,1,1,71.9,72.0,68.0,65.13,61.7,68.3,0.15,0.15,0.15,45.0,64.65,0.0,0.0,0.0,120.0,61.69,397.93,41.96,0.3,0.3,9.75,38.17,2.63,20.36,28.0,62.85,19.45
2018-01-12 12:14:00,1,1,71.92,72.0,68.0,65.16,61.75,68.32,0.15,0.15,0.15,45.0,64.7,0.0,0.0,0.0,120.0,61.74,397.93,41.96,0.3,0.3,9.75,38.25,2.63,20.31,27.93,62.73,19.39
2018-01-12 12:15:00,1,1,71.94,72.0,68.0,65.18,61.79,68.34,0.15,0.15,0.15,45.0,64.74,0.0,0.0,0.0,120.0,61.79,397.93,41.96,0.3,0.3,9.75,38.33,2.63,20.25,27.86,62.63,19.34
2018-01-12 12:16:00,1,1,71.96,72.0,68.0,65.21,61.82,68.36,0.15,0.15,0.15,45.0,64.78,0.0,0.0,0.0,120.0,61.82,397.93,41.96,0.3,0.3,9.75,38.41,2.63,20.2,27.79,62.56,19.29
2018-01-12 12:17:00,1,1,71.98,72.0,68.0,65.24,61.84,68.38,0.15,0.15,0.15,45.0,64.81,0.0,0.0,0.0,120.0,61.84,397.93,41.96,0.3,0.3,9.75,38.49,2.63,20.15,27.72,62.52,19.24
2018-01-12 12:18:00,1,1,71.99,72.0,68.0,65.26,61.85,68.39,0.15,0.15,0.15,45.0,64.83,0.0,0.0,0.0,120.0,61.85,397.93,41.96,0.3,0.3,9.75,38.57,2.63,20.1,27.66,62.5,19.19
2018-01-12 12:19:00,1,1,72.01,72.0,68.0,65.28,61.85,68.41,0.15,0.15,0.15,45.0,64.84,0.0,0.0,0.0,120.0,61.85,397.93,41.96,0.3,0.3,9.75,38.65,2.63,20.05,27.59,62.49,19.14
2018-01-12 12:20:00,1,1,72.02,72.0,68.0,65.29,61.85,68.42,0.15,0.15,0.15,45.0,64.85,0.0,0.0,0.0,120.0,61.85,397.93,41.96,0.3,0.3,9.75,38.72,2.63,20.0,27.53,62.5,19.1
2018-01-12 12:21:00,1,1,72.02,72.0,68.0,65.31,61.84,68.42,0.15,0.15,0.15,45.0,64.86,0.0,0.0,0.0,120.0,61.84,397.93,41.96,0.3,0.3,9.75,38.8,2.63,19.95,27.46,62.52,19.05
2018-01-12 12:22:00,1,1,72.03,72.0,68.0,65.32,61.83,68.43,0.15,0.15,0.15,45.0,64.86,0.0,0.0,0.0,120.0,61.83,397.93,41.96,0.3,0.3,9.75,38.87,2.63,19.9,27.4,62.54,19.0
2018-01-12 12:23:00,1,1,72.03,72.0,68.0,65.33,61.82,68.43,0.15,0.15,0.15,45.0,64.86,0.0,0.0,0.0,120.0,61.82,397.93,41.96,0.3,0.3,9.75,38.95,2.63,19.85,27.34,62.57,18.96
2018-01-12 12:24:00,1,1,72.03,72.0,68.0,65.34,61.81,68.43,0.15,0.15,0.15,45.0,64.86,0.0,0.0,0.0,120.0,61.81,397.93,41.96,0.3,0.3,9.75,39.02,2.63,19.8,27.28,62.6,18.91
2018-01-12 12:25:00,1,1,72.03,72.0,68.0,65.34,61.79,68.43,0.15,0.15,0.16,45.0,64.85,0.0,0.0,0.0,120.0,61.8,397.93,41.96,0.3,0.3,9.75,39.09,2.63,19.75,27.22,62.63,18.87
2018-01-12 12:26:00,1,1,72.03,72.0,68.0,65.35,61.78,68.43,0.15,0.15,0.16,45.0,64.85,0.0,0.0,0.0,120.0,61.78,397.93,41.96,0.3,0.3,9.75,39.16,2.63,19.7,27.16,62.66,18.82
2018-01-12 12:27:00,1,1,72.03,72.0,68.0,65.36,61.77,68.43,0.15,0.15,0.16,45.0,64.85,0.0,0.0,0.0,120.0,61.77,397.93,41.96,0.3,0.3,9.75,39.23,2.63,19.65,27.11,62.68,18.78
2018-01-12 12:28:00,1,1,72.02,72.0,68.0,65.36,61.76,68.42,0.15,0.15,0.16,45.0,64.84,0.0,0.0,0.0,120.0,61.77,397.93,41.96,0.3,0.3,9.75,39.3,2.63,19.6,27.05,62.7,18.73
2018-01-12 12:29:00,1,1,72.02,72.0,68.0,65.36,61.76,68.42,0.15,0.15,0.16,45.0,64.84,0.0,0.0,0.0,120.0,61.76,397.93,41.96,0.3,0.3,9.75,39.36,2.63,19.55,27.0,62.72,18.68
2018-01-12 12:30:00,1,1,72.02,72.0,68.0,65.37,61.75,68.42,0.15,0.15,0.16,45.0,64.84,0.0,0.0,0.0,120.0,61.75,397.93,41.96,0.3,0.3,9.75,39.43,2.63,19.49,26.94,62.73,18.63
2018-01-12 12:31:00,1,1,72.01,72.0,68.0,65.37,61.75,68.41,0.15,0.15,0.16,45.0,64.84,0.0,0.0,0.0,120.0,61.75,397.93,41.96,0.3,0.3,9.75,39.49,2.63,19.44,26.89,62.73,18.59
2018-01-12 12:32:00,1,1,72.01,72.0,68.0,65.37,61.75,68.41,0.15,0.15,0.16,45.0,64.84,0.0,0.0,0.0,120.0,61.75,397.93,41.96,0.3,0.3,9.75,39.56,2.63,19.39,26.84,62.73,18.54
2018-01-12 12:33:00,1,1,72.01,72.0,68.0,65.38,61.75,68.41,0.15,0.15,0.16,45.0,64.84,0.0,0.0,0.0,120.0,61.75,397.93,41.96,0.3,0.3,9.75,39.62,2.63,19.33,26.79,62.73,18.49
2018-01-12 12:34:00,1,1,72.0,72.0,68.0,65.38,61.75,68.4,0.15,0.15,0.16,45.0,64.84,0.0,0.0,0.0,120.0,61.75,397.93,41.96,0.3,0.3,9.75,39.68,2.63,19.28,26.75,62.72,18.43
2018-01-12 12:35:00,1,1,72.0,72.0,68.0,65.39,61.76,68.4,0.15,0.15,0.16,45.0,64.85,0.0,0.0,0.0,120.0,61.76,397.93,41.96,0.3,0.3,9.75,39.74,2.63,19.22,26.7,62.71,18.38
2018-01-12 12:36:00,1,1,72.0,72.0,68.0,65.39,61.76,68.4,0.15,0.15,0.16,45.0,64.85,0.0,0.0,0.0,120.0,61.76,397.93,41.96,0.3,0.3,9.75,39.8,2.63,19.17,26.66,62.7,18.33
2018-01-12 12:37:00,1,1,72.0,72.0,68.0,65.4,61.77,68.4,0.15,0.15,0.16,45.0,64.86,0.0,0.0,0.0,120.0,61.77,397.93,41.96,0.3,0.3,9.75,39.86,2.63,19.11,26.61,62.68,18.27
2018-01-12 12:38:00,1,1,72.0,72.0,68.0,65.4,61.78,68.4,0.15,0.15,0.16,45.0,64.86,0.0,0.0,0.0,120.0,61.78,397.93,41.96,0.3,0.3,9.75,39.92,2.63,19.05,26.57,62.67,18.22
2018-01-12 12:39:00,1,1,71.99,72.0,68.0,65.4,61.79,68.39,0.15,0.15,0.16,45.0,64.87,0.0,0.0,0.0,120.0,61.78,397.93,41.96,0.3,0.3,9.75,39.98,2.63,18.99,26.53,62.65,18.16
2018-01-12 12:40:00,1,1,71.99,72.0,68.0,65.41,61.79,68.39,0.15,0.15,0.16,45.0,64.88,0.0,0.0,0.0,120.0,61.79,397.93,41.96,0.3,0.3,9.75,40.04,2.63,18.94,26.49,62.63,18.11
2018-01-12 12:41:00,1,1,71.99,72.0,68.0,65.42,61.8,68.39,0.15,0.15,0.16,45.0,64.88,0.0,0.0,0.0,120.0,61.8,397.93,41.96,0.3,0.3,9.75,40.09,2.63,18.88,26.45,62.61,18.05
2018-01-12 12:42:00,1,1,71.99,72.0,68.0,65.42,61.81,68.39,0.15,0.15,0.16,45.0,64.89,0.0,0.0,0.0,120.0,61.81,397.93,41.96,0.3,0.3,9.75,40.15,2.63,18.82,26.41,62.59,17.99
2018-01-12 12:43:00,1,1,71.99,72.0,68.0,65.43,61.82,68.39,0.15,0.15,0.16,45.0,64.9,0.0,0.0,0.0,120.0,61.82,397.93,41.96,0.3,0.3,9.75,40.2,2.63,18.76,26.38,62.57,17.94
2018-01-12 12:44:00,1,1,71.99,72.0,68.0,65.43,61.83,68.39,0.15,0.15,0.16,45.0,64.91,0.0,0.0,0.0,120.0,61.83,397.93,41.96,0.3,0.3,9.75,40.25,2.63,18.7,26.35,62.55,17.88
2018-01-12 12:45:00,1,1,71.99,72.0,68.0,65.44,61.84,68.39,0.15,0.15,0.16,45.0,64.92,0.0,0.0,0.0,120.0,61.84,397.93,41.96,0.3,0.3,9.75,40.31,2.63,18.64,26.31,62.53,17.82
2018-01-12 12:46:00,1,1,71.99,72.0,68.0,65.44,61.85,68.39,0.15,0.15,0.16,45.0,64.92,0.0,0.0,0.0,120.0,61.85,397.93,41.96,0.3,0.3,9.75,40.36,2.63,18.58,26.28,62.51,17.76
2018-01-12 12:47:00,1,1,71.99,72.0,68.0,65.45,61.86,68.39,0.15,0.15,0.15,45.0,64.93,0.0,0.0,0.0,120.0,61.85,397.93,41.96,0.3,0.3,9.75,40.41,2.63,18.52,26.25,62.49,17.7
2018-01-12 12:48:00,1,1,71.99,72.0,68.0,65.45,61.86,68.39,0.15,0.15,0.15,45.0,64.94,0.0,0.0,0.0,120.0,61.86,397.93,41.96,0.3,0.3,9.75,40.46,2.63,18.46,26.22,62.47,17.64
2018-01-12 12:49:00,1,1,71.99,72.0,68.0,65.46,61.87,68.39,0.15,0.15,0.15,45.0,64.94,0.0,0.0,0.0,120.0,61.87,397.93,41.96,0.3,0.3,9.75,40.5,2.63,18.39,26.2,62.45,17.58
2018-01-12 12:50:00,1,1,71.99,72.0,68.0,65.46,61.88,68.39,0.15,0.15,0.15,45.0,64.95,0.0,0.0,0.0,120.0,61.88,397.93,41.96,0.3,0.3,9.75,40.55,2.63,18.33,26.17,62.43,17.52
2018-01-12 12:51:00,1,1,71.99,72.0,68.0,65.47,61.89,68.39,0.15,0.15,0.15,45.0,64.96,0.0,0.0,0.0,120.0,61.89,397.93,41.96,0.3,0.3,9.75,40.6,2.63,18.27,26.15,62.41,17.47
2018-01-12 12:52:00,1,1,71.99,72.0,68.0,65.47,61.9,68.39,0.15,0.15,0.15,45.0,64.97,0.0,0.0,0.0,120.0,61.89,397.93,41.96,0.3,0.3,9.75,40.64,2.63,18.21,26.13,62.4,17.41
2018-01-12 12:53:00,1,1,71.99,72.0,68.0,65.48,61.9,68.39,0.15,0.15,0.15,45.0,64.97,0.0,0.0,0.0,120.0,61.9,397.93,41.96,0.3,0.3,9.75,40.69,2.63,18.16,26.11,62.38,17.35
2018-01-12 12:54:00,1,1,71.99,72.0,68.0,65.48,61.91,68.39,0.15,0.15,0.15,45.0,64.98,0.0,0.0,0.0,120.0,61.91,397.93,41.96,0.3,0.3,9.75,40.73,2.63,18.1,26.09,62.36,17.29
2018-01-12 12:55:00,1,1,71.99,72.0,68.0,65.49,61.92,68.39,0.15,0.15,0.15,45.0,64.99,0.0,0.0,0.0,120.0,61.92,397.93,41.96,0.3,0.3,9.75,40.78,2.63,18.04,26.07,62.35,17.23
2018-01-12 12:56:00,1,1,71.99,72.0,68.0,65.49,61.93,68.39,0.15,0.15,0.15,45.0,64.99,0.0,0.0,0.0,120.0,61.92,397.93,41.96,0.3,0.3,9.75,40.82,2.63,17.98,26.06,62.33,17.17
2018-01-12 12:57:00,1,1,71.99,72.0,68.0,65.5,61.93,68.39,0.15,0.15,0.15,45.0,65.0,0.0,0.0,0.0,120.0,61.93,397.93,41.96,0.3,0.3,9.75,40.86,2.63,17.92,26.04,62.31,17.12
2018-01-12 12:58:00,1,1,71.99,72.0,68.0,65.5,61.94,68.39,0.15,0.15,0.15,45.0,65.0,0.0,0.0,0.0,120.0,61.94,397.93,41.96,0.3,0.3,9.75,40.9,2.63,17.86,26.03,62.3,17.06
2018-01-12 12:59:00,1,1,71.99,72.0,68.0,65.5,61.95,68.39,0.15,0.15,0.15,45.0,65.01,0.0,0.0,0.0,120.0,61.94,397.93,41.96,0.3,0.3,9.75,40.94,2.63,17.81,26.02,62.28,17.0
2018-01-12 13:00:00,1,1,71.99,72.0,68.0,65.51,61.95,68.39,0.15,0.15,0.15,45.0,65.02,0.0,0.0,0.0,120.0,61.95,397.93,41.96,0.3,0.3,9.75,40.98,2.63,17.75,26.01,62.27,16.95
2018-01-12 13:01:00,1,1,71.99,72.0,68.0,65.51,61.96,68.39,0.15,0.15,0.15,45.0,65.02,0.0,0.0,0.0,120.0,61.96,397.93,41.96,0.3,0.3,9.75,41.02,2.63,17.7,26.02,62.25,16.89
2018-01-12 13:02:00,1,1,72.0,72.0,68.0,65.52,61.96,68.4,0.15,0.15,0.15,45.0,65.03,0.0,0.0,0.0,120.0,61.96,397.93,41.96,0.3,0.3,9.75,41.05,2.63,17.65,26.04,62.24,16.84
2018-01-12 13:03:00,1,1,72.0,72.0,68.0,65.52,61.97,68.4,0.15,0.15,0.15,45.0,65.03,0.0,0.0,0.0,120.0,61.97,397.93,41.96,0.3,0.3,9.75,41.08,2.63,17.6,26.07,62.23,16.79
2018-01-12 13:04:00,1,1,72.0,72.0,68.0,65.53,61.97,68.4,0.15,0.15,0.15,45.0,65.04,0.0,0.0,0.0,120.0,61.97,397.93,41.96,0.3,0.3,9.75,41.12,2.63,17.55,26.1,62.22,16.74
2018-01-12 13:05:00,1,1,72.01,72.0,68.0,65.54,61.97,68.41,0.15,0.15,0.15,45.0,65.05,0.0,0.0,0.0,120.0,61.97,397.93,41.96,0.3,0.3,9.75,41.15,2.63,17.51,26.12,62.22,16.7
2018-01-12 13:06:00,1,1,72.01,72.0,68.0,65.54,61.97,68.41,0.15,0.15,0.15,45.0,65.05,0.0,0.0,0.0,120.0,61.97,397.93,41.96,0.3,0.3,9.75,41.18,2.63,17.47,26.16,62.22,16.65
2018-01-12 13:07:00,1,1,72.01,72.0,68.0,65.55,61.97,68.41,0.15,0.15,0.15,45.0,65.05,0.0,0.0,0.0,120.0,61.97,397.93,41.96,0.3,0.3,9.75,41.21,2.63,17.43,26.19,62.22,16.61
2018-01-12 13:08:00,1,1,72.02,72.0,68.0,65.55,61.97,68.42,0.15,0.15,0.16,45.0,65.06,0.0,0.0,0.0,120.0,61.97,397.93,41.96,0.3,0.3,9.75,41.24,2.63,17.4,26.22,62.24,16.58
2018-01-12 13:09:00,1,1,72.02,72.0,68.0,65.56,61.96,68.42,0.15,0.15,0.16,45.0,65.06,0.0,0.0,0.0,120.0,61.96,397.93,41.96,0.3,0.3,9.75,41.27,2.63,17.36,26.26,62.25,16.54
2018-01-12 13:10:00,1,1,72.02,72.0,68.0,65.57,61.95,68.42,0.15,0.15,0.16,45.0,65.05,0.0,0.0,0.0,120.0,61.95,397.93,41.96,0.3,0.3,9.75,41.29,2.63,17.34,26.29,62.27,16.51
2018-01-12 13:11:00,1,1,72.02,72.0,68.0,65.57,61.94,68.42,0.15,0.15,0.16,45.0,65.05,0.0,0.0,0.0,120.0,61.94,397.93,41.96,0.3,0.3,9.75,41.32,2.63,17.31,26.33,62.3,16.49
2018-01-12 13:12:00,1,1,72.03,72.0,68.0,65.57,61.93,68.43,0.15,0.15,0.16,45.0,65.05,0.0,0.0,0.0,120.0,61.93,397.93,41.96,0.3,0.3,9.75,41.35,2.63,17.29,26.37,62.32,16.46
2018-01-12 13:13:00,1,1,72.03,72.0,68.0,65.58,61.92,68.43,0.15,0.15,0.16,45.0,65.04,0.0,0.0,0.0,120.0,61.92,397.93,41.96,0.3,0.3,9.75,41.37,2.63,17.27,26.41,62.35,16.44
2018-01-12 13:14:00,1,1,72.03,72.0,68.0,65.58,61.9,68.43,0.15,0.15,0.16,45.0,65.04,0.0,0.0,0.0,120.0,61.91,397.93,41.96,0.3,0.3,9.75,41.4,2.63,17.25,26.45,62.38,16.42
2018-01-12 13:15:00,1,1,72.03,72.0,68.0,65.59,61.89,68.43,0.15,0.15,0.16,45.0,65.03,0.0,0.0,0.0,120.0,61.89,397.93,41.96,0.3,0.3,9.75,41.42,2.63,17.24,26.5,62.41,16.41
2018-01-12 13:16:00,1,1,72.03,72.0,68.0,65.59,61.88,68.43,0.15,0.15,0.16,45.0,65.03,0.0,0.0,0.0,120.0,61.88,397.93,41.96,0.3,0.3,9.75,41.45,2.63,17.23,26.54,62.44,16.39
2018-01-12 13:17:00,1,1,72.03,72.0,68.0,65.59,61.86,68.43,0.15,0.15,0.16,45.0,65.02,0.0,0.0,0.0,120.0,61.86,397.93,41.96,0.3,0.3,9.75,41.47,2.63,17.22,26.59,62.48,16.38
2018-01-12 13:18:00,1,1,72.03,72.0,68.0,65.59,61.85,68.43,0.15,0.15,0.16,45.0,65.01,0.0,0.0,0.0,120.0,61.85,397.93,41.96,0.3,0.3,9.75,41.49,2.63,17.22,26.63,62.51,16.38
2018-01-12 13:19:00,1,1,72.03,72.0,68.0,65.6,61.83,68.43,0.15,0.15,0.16,45.0,65.01,0.0,0.0,0.0,120.0,61.84,397.93,41.96,0.3,0.3,9.75,41.52,2.63,17.22,26.68,62.54,16.37
2018-01-12 13:20:00,1,1,72.03,72.0,68.0,65.6,61.82,68.43,0.15,0.15,0.16,45.0,65.0,0.0,0.0,0.0,120.0,61.82,397.93,41.96,0.3,0.3,9.75,41.54,2.63,17.22,26.73,62.57,16.37
2018-01-12 13:21:00,1,1,72.03,72.0,68.0,65.6,61.81,68.43,0.15,0.15,0.16,45.0,64.99,0.0,0.0,0.0,120.0,61.81,397.93,41.96,0.3,0.3,9.75,41.56,2.63,17.22,26.78,62.6,16.37
2018-01-12 13:22:00,1,1,72.03,72.0,68.0,65.6,61.79,68.43,0.15,0.15,0.17,45.0,64.99,0.0,0.0,0.0,120.0,61.8,397.93,41.96,0.3,0.3,9.75,41.58,2.63,17.23,26.83,62.63,16.38
2018-01-12 13:23:00,1,1,72.03,72.0,68.0,65.6,61.78,68.43,0.15,0.15,0.17,45.0,64.98,0.0,0.0,0.0,120.0,61.78,397.93,41.96,0.3,0.3,9.75,41.6,2.63,17.23,26.88,62.66,16.38
2018-01-12 13:24:00,1,1,72.03,72.0,68.0,65.6,61.77,68.43,0.15,0.15,0.17,45.0,64.97,0.0,0.0,0.0,120.0,61.77,397.93,41.96,0.3,0.3,9.75,41.62,2.63,17.25,26.93,62.69,16.39
2018-01-12 13:25:00,1,1,72.03,72.0,68.0,65.61,61.75,68.43,0.15,0.15,0.17,45.0,64.97,0.0,0.0,0.0,120.0,61.76,397.93,41.96,0.3,0.3,9.75,41.64,2.63,17.26,26.98,62.72,16.41
2018-01-12 13:26:00,1,1,72.03,72.0,68.0,65.61,61.74,68.43,0.15,0.15,0.17,45.0,64.96,0.0,0.0,0.0,120.0,61.74,397.93,41.96,0.3,0.3,9.75,41.65,2.63,17.27,27.04,62.75,16.42
2018-01-12 13:27:00,1,1,72.03,72.0,68.0,65.61,61.73,68.43,0.15,0.15,0.17,45.0,64.95,0.0,0.0,0.0,120.0,61.73,397.93,41.96,0.3,0.3,9.75,41.67,2.63,17.29,27.09,62.78,16.44
2018-01-12 13:28:00,1,1,72.03,72.0,68.0,65.61,61.72,68.43,0.15,0.15,0.17,45.0,64.94,0.0,0.0,0.0,120.0,61.72,397.93,41.96,0.3,0.3,9.75,41.69,2.63,17.31,27.15,62.81,16.45
2018-01-12 13:29:00,1,1,72.03,72.0,68.0,65.61,61.71,68.43,0.15,0.15,0.17,45.0,64.94,0.0,0.0,0.0,120.0,61.71,397.93,41.96,0.3,0.3,9.75,41.71,2.63,17.34,27.2,62.84,16.48
2018-01-12 13:30:00,1,1,72.02,72.0,68.0,65.61,61.69,68.42,0.15,0.15,0.17,45.0,64.93,0.0,0.0,0.0,120.0,61.7,397.93,41.96,0.3,0.3,9.75,41.72,2.63,17.36,27.26,62.87,16.5
2018-01-12 13:31:00,1,1,72.02,72.0,68.0,65.62,61.68,68.42,0.15,0.15,0.17,45.0,64.92,0.0,0.0,0.0,120.0,61.68,397.93,41.96,0.3,0.3,9.75,41.74,2.63,17.39,27.31,62.89,16.52
2018-01-12 13:32:00,1,1,72.02,72.0,68.0,65.62,61.67,68.42,0.15,0.15,0.17,45.0,64.92,0.0,0.0,0.0,120.0,61.67,397.93,41.96,0.3,0.3,9.75,41.76,2.63,17.42,27.37,62.92,16.55
2018-01-12 13:33:00,1,1,72.02,72.0,68.0,65.62,61.66,68.42,0.15,0.15,0.17,45.0,64.91,0.0,0.0,0.0,120.0,61.66,397.93,41.96,0.3,0.3,9.75,41.77,2.63,17.45,27.43,62.95,16.58
2018-01-12 13:34:00,1,1,72.02,72.0,68.0,65.62,61.65,68.42,0.15,0.15,0.17,45.0,64.9,0.0,0.0,0.0,120.0,61.65,397.93,41.96,0.3,0.3,9.75,41.79,2.63,17.48,27.49,62.98,16.61
2018-01-12 13:35:00,1,1,72.02,72.0,68.0,65.62,61.63,68.42,0.15,0.15,0.17,45.0,64.9,0.0,0.0,0.0,120.0,61.64,397.93,41.96,0.3,0.3,9.75,41.8,2.63,17.52,27.54,63.0,16.65
2018-01-12 13:36:00,1,1,72.02,72.0,68.0,65.62,61.62,68.42,0.15,0.15,0.17,45.0,64.89,0.0,0.0,0.0,120.0,61.63,397.93,41.96,0.3,0.3,9.75,41.81,2.63,17.56,27.6,63.03,16.69
2018-01-12 13:37:00,1,1,72.02,72.0,68.0,65.62,61.61,68.42,0.15,0.15,0.17,45.0,64.88,0.0,0.0,0.0,120.0,61.61,397.93,41.96,0.3,0.3,9.75,41.83,2.63,17.6,27.66,63.06,16.72
2018-01-12 13:38:00,1,1,72.02,72.0,68.0,65.62,61.6,68.42,0.15,0.15,0.18,45.0,64.88,0.0,0.0,0.0,120.0,61.6,397.93,41.96,0.3,0.3,9.75,41.84,2.63,17.64,27.72,63.08,16.76
2018-01-12 13:39:00,1,1,72.02,72.0,68.0,65.63,61.59,68.42,0.15,0.15,0.18,45.0,64.87,0.0,0.0,0.0,120.0,61.59,397.93,41.96,0.3,0.3,9.75,41.85,2.63,17.68,27.78,63.11,16.81
2018-01-12 13:40:00,1,1,72.02,72.0,68.0,65.63,61.58,68.42,0.15,0.15,0.18,45.0,64.86,0.0,0.0,0.0,120.0,61.58,397.93,41.96,0.3,0.3,9.75,41.87,2.63,17.73,27.84,63.14,16.85
2018-01-12 13:41:00,1,1,72.02,72.0,68.0,65.63,61.57,68.42,0.15,0.15,0.18,45.0,64.86,0.0,0.0,0.0,120.0,61.57,397.93,41.96,0.3,0.3,9.75,41.88,2.63,17.78,27.9,63.16,16.9
2018-01-12 13:42:00,1,1,72.02,72.0,68.0,65.63,61.55,68.42,0.15,0.15,0.18,45.0,64.85,0.0,0.0,0.0,120.0,61.56,397.93,41.96,0.3,0.3,9.75,41.89,2.63,17.83,27.95,63.19,16.94
2018-01-12 13:43:00,1,1,72.02,72.0,68.0,65.63,61.54,68.42,0.15,0.15,0.18,45.0,64.84,0.0,0.0,0.0,120.0,61.55,397.93,41.96,0.3,0.3,9.75,41.9,2.63,17.88,28.01,63.22,16.99
2018-01-12 13:44:00,1,1,72.02,72.0,68.0,65.63,61.53,68.42,0.15,0.15,0.18,45.0,64.84,0.0,0.0,0.0,120.0,61.53,397.93,41.96,0.3,0.3,9.75,41.92,2.63,17.93,28.07,63.24,17.05
2018-01-12 13:45:00,1,1,72.02,72.0,68.0,65.63,61.52,68.42,0.15,0.15,0.18,45.0,64.83,0.0,0.0,0.0,120.0,61.52,397.93,41.96,0.3,0.3,9.75,41.93,2.63,17.98,28.13,63.27,17.1
2018-01-12 13:46:00,1,1,72.02,72.0,68.0,65.63,61.51,68.42,0.15,0.15,0.18,45.0,64.82,0.0,0.0,0.0,120.0,61.51,397.93,41.96,0.3,0.3,9.75,41.94,2.63,18.04,28.19,63.29,17.15
2018-01-12 13:47:00,1,1,72.02,72.0,68.0,65.63,61.5,68.42,0.15,0.15,0.18,45.0,64.81,0.0,0.0,0.0,120.0,61.5,397.93,41.96,0.3,0.3,9.75,41.95,2.63,18.1,28.25,63.32,17.21
2018-01-12 13:48:00,1,1,72.02,72.0,68.0,65.64,61.49,68.42,0.15,0.15,0.18,45.0,64.81,0.0,0.0,0.0,120.0,61.49,397.93,41.96,0.3,0.3,9.75,41.96,2.63,18.16,28.31,63.34,17.27
2018-01-12 13:49:00,1,1,72.02,72.0,68.0,65.64,61.48,68.42,0.15,0.15,0.18,45.0,64.8,0.0,0.0,0.0,120.0,61.48,397.93,41.96,0.3,0.3,9.75,41.97,2.63,18.22,28.36,63.37,17.32
2018-01-12 13:50:00,1,1,72.02,72.0,68.0,65.64,61.47,68.42,0.15,0.15,0.18,45.0,64.79,0.0,0.0,0.0,120.0,61.47,397.93,41.96,0.3,0.3,9.75,41.98,2.63,18.28,28.42,63.39,17.39
2018-01-12 13:51:00,1,1,72.02,72.0,68.0,65.64,61.46,68.42,0.15,0.15,0.18,45.0,64.79,0.0,0.0,0.0,120.0,61.46,397.93,41.96,0.3,0.3,9.75,41.99,2.63,18.34,28.48,63.42,17.45
2018-01-12 13:52:00,1,1,72.02,72.0,68.0,65.64,61.45,68.42,0.15,0.15,0.18,45.0,64.78,0.0,0.0,0.0,120.0,61.45,397.93,41.96,0.3,0.3,9.75,42.0,2.63,18.41,28.54,63.44,17.51
2018-01-12 13:53:00,1,1,72.02,72.0,68.0,65.64,61.44,68.42,0.15,0.15,0.18,45.0,64.78,0.0,0.0,0.0,120.0,61.44,397.93,41.96,0.3,0.3,9.75,42.01,2.63,18.47,28.59,63.46,17.57
2018-01-12 13:54:00,1,1,72.02,72.0,68.0,65.64,61.43,68.42,0.15,0.15,0.18,45.0,64.77,0.0,0.0,0.0,120.0,61.43,397.93,41.96,0.3,0.3,9.75,42.02,2.63,18.54,28.65,63.48,17.64
2018-01-12 13:55:00,1,1,72.02,72.0,68.0,65.64,61.42,68.42,0.15,0.15,0.18,45.0,64.76,0.0,0.0,0.0,120.0,61.42,397.93,41.96,0.3,0.3,9.75,42.03,2.63,18.6,28.7,63.5,17.71
2018-01-12 13:56:00,1,1,72.02,72.0,68.0,65.64,61.41,68.42,0.15,0.15,0.19,45.0,64.76,0.0,0.0,0.0,120.0,61.42,397.93,41.96,0.3,0.3,9.75,42.04,2.63,18.67,28.76,63.52,17.77
2018-01-12 13:57:00,1,1,72.02,72.0,68.0,65.64,61.41,68.42,0.15,0.15,0.19,45.0,64.75,0.0,0.0,0.0,120.0,61.41,397.93,41.96,0.3,0.3,9.75,42.05,2.63,18.74,28.81,63.54,17.84
2018-01-12 13:58:00,1,1,72.02,72.0,68.0,65.64,61.4,68.42,0.15,0.15,0.19,45.0,64.75,0.0,0.0,0.0,120.0,61.4,397.93,41.96,0.3,0.3,9.75,42.06,2.63,18.81,28.86,63.56,17.91
2018-01-12 13:59:00,1,1,72.02,72.0,68.0,65.64,61.39,68.42,0.15,0.15,0.19,45.0,64.74,0.0,0.0,0.0,120.0,61.39,397.93,41.96,0.3,0.3,9.75,42.07,2.63,18.88,28.92,63.58,17.98
2018-01-12 14:00:00,1,1,72.02,72.0,68.0,65.64,61.38,68.42,0.15,0.15,0.19,45.0,64.73,0.0,0.0,0.0,120.0,61.38,397.93,41.96,0.3,0.3,9.75,42.08,2.63,18.95,28.97,63.6,18.05
2018-01-12 14:01:00,1,1,72.01,72.0,68.0,65.64,61.37,68.41,0.15,0.15,0.19,45.0,64.73,0.0,0.0,0.0,120.0,61.38,397.93,41.96,0.3,0.3,9.75,42.09,2.63,19.03,29.0,63.62,18.12
2018-01-12 14:02:00,1,1,72.01,72.0,68.0,65.64,61.37,68.41,0.15,0.15,0.19,45.0,64.72,0.0,0.0,0.0,120.0,61.37,397.93,41.96,0.3,0.3,9.75,42.11,2.63,19.1,29.02,63.63,18.2
2018-01-12 14:03:00,1,1,72.01,72.0,68.0,65.65,61.36,68.41,0.15,0.15,0.19,45.0,64.72,0.0,0.0,0.0,120.0,61.36,397.93,41.96,0.3,0.3,9.75,42.13,2.63,19.17,29.03,63.65,18.27
2018-01-12 14:04:00,1,1,72.01,72.0,68.0,65.65,61.36,68.41,0.15,0.15,0.19,45.0,64.72,0.0,0.0,0.0,120.0,61.36,397.93,41.96,0.3,0.3,9.75,42.15,2.63,19.24,29.04,63.66,18.34
2018-01-12 14:05:00,1,1,72.01,72.0,68.0,65.65,61.35,68.41,0.15,0.15,0.19,45.0,64.71,0.0,0.0,0.0,120.0,61.36,397.93,41.96,0.3,0.3,9.75,42.16,2.63,19.3,29.06,63.67,18.41
2018-01-12 14:06:00,1,1,72.01,72.0,68.0,65.65,61.35,68.41,0.15,0.15,0.19,45.0,64.71,0.0,0.0,0.0,120.0,61.35,397.93,41.96,0.3,0.3,9.75,42.18,2.63,19.37,29.07,63.67,18.48
2018-01-12 14:07:00,1,1,72.0,72.0,68.0,65.65,61.35,68.4,0.15,0.15,0.19,45.0,64.71,0.0,0.0,0.0,120.0,61.35,397.93,41.96,0.3,0.3,9.75,42.2,2.63,19.44,29.08,63.67,18.54
2018-01-12 14:08:00,1,1,72.0,72.0,68.0,65.65,61.35,68.4,0.15,0.15,0.19,45.0,64.71,0.0,0.0,0.0,120.0,61.35,397.93,41.96,0.3,0.3,9.75,42.22,2.63,19.5,29.09,63.67,18.61
2018-01-12 14:09:00,1,1,72.0,72.0,68.0,65.65,61.35,68.4,0.15,0.15,0.19,45.0,64.71,0.0,0.0,0.0,120.0,61.35,397.93,41.96,0.3,0.3,9.75,42.24,2.63,19.57,29.1,63.67,18.68
2018-01-12 14:10:00,1,1,72.0,72.0,68.0,65.65,61.36,68.4,0.15,0.15,0.19,45.0,64.71,0.0,0.0,0.0,120.0,61.35,397.93,41.96,0.3,0.3,9.75,42.25,2.63,19.63,29.11,63.67,18.74
2018-01-12 14:11:00,1,1,72.0,72.0,68.0,65.65,61.36,68.4,0.15,0.15,0.19,45.0,64.72,0.0,0.0,0.0,120.0,61.36,397.93,41.96,0.3,0.3,9.75,42.27,2.63,19.69,29.12,63.66,18.81
2018-01-12 14:12:00,1,1,72.0,72.0,68.0,65.65,61.36,68.4,0.15,0.15,0.19,45.0,64.72,0.0,0.0,0.0,120.0,61.36,397.93,41.96,0.3,0.3,9.75,42.29,2.63,19.75,29.13,63.65,18.87
2018-01-12 14:13:00,1,1,72.0,72.0,68.0,65.65,61.37,68.4,0.15,0.15,0.19,45.0,64.72,0.0,0.0,0.0,120.0,61.37,397.93,41.96,0.3,0.3,9.75,42.31,2.63,19.82,29.13,63.64,18.93
2018-01-12 14:14:00,1,1,71.99,72.0,68.0,65.65,61.37,68.39,0.15,0.15,0.19,45.0,64.72,0.0,0.0,0.0,120.0,61.37,397.93,41.96,0.3,0.3,9.75,42.32,2.63,19.87,29.14,63.63,18.99
2018-01-12 14:15:00,1,1,71.99,72.0,68.0,65.65,61.38,68.39,0.15,0.15,0.19,45.0,64.73,0.0,0.0,0.0,120.0,61.37,397.93,41.96,0.3,0.3,9.75,42.34,2.63,19.93,29.15,63.62,19.05
2018-01-12 14:16:00,1,1,71.99,72.0,68.0,65.65,61.38,68.39,0.15,0.15,0.19,45.0,64.73,0.0,0.0,0.0,120.0,61.38,397.93,41.96,0.3,0.3,9.75,42.36,2.63,19.99,29.15,63.6,19.11
2018-01-12 14:17:00,1,1,71.99,72.0,68.0,65.65,61.39,68.39,0.15,0.15,0.19,45.0,64.74,0.0,0.0,0.0,120.0,61.39,397.93,41.96,0.3,0.3,9.75,42.38,2.63,20.05,29.16,63.59,19.17
2018-01-12 14:18:00,1,1,71.99,72.0,68.0,65.66,61.39,68.39,0.15,0.15,0.19,45.0,64.74,0.0,0.0,0.0,120.0,61.39,397.93,41.96,0.3,0.3,9.75,42.39,2.63,20.1,29.16,63.57,19.22
2018-01-12 14:19:00,1,1,71.99,72.0,68.0,65.66,61.4,68.39,0.15,0.15,0.19,45.0,64.75,0.0,0.0,0.0,120.0,61.4,397.93,41.96,0.3,0.3,9.75,42.41,2.63,20.16,29.16,63.56,19.28
2018-01-12 14:20:00,1,1,71.99,72.0,68.0,65.66,61.41,68.39,0.15,0.15,0.19,45.0,64.75,0.0,0.0,0.0,120.0,61.4,397.93,41.96,0.3,0.3,9.75,42.43,2.63,20.21,29.17,63.54,19.33
2018-01-12 14:21:00,1,1,71.99,72.0,68.0,65.66,61.41,68.39,0.15,0.15,0.18,45.0,64.76,0.0,0.0,0.0,120.0,61.41,397.93,41.96,0.3,0.3,9.75,42.44,2.63,20.26,29.17,63.53,19.39
2018-01-12 14:22:00,1,1,71.99,72.0,68.0,65.66,61.42,68.39,0.15,0.15,0.18,45.0,64.76,0.0,0.0,0.0,120.0,61.42,397.93,41.96,0.3,0.3,9.75,42.46,2.63,20.31,29.17,63.51,19.44
2018-01-12 14:23:00,1,1,71.99,72.0,68.0,65.66,61.43,68.39,0.15,0.15,0.18,45.0,64.77,0.0,0.0,0.0,120.0,61.42,397.93,41.96,0.3,0.3,9.75,42.48,2.63,20.36,29.17,63.5,19.49
2018-01-12 14:24:00,1,1,71.99,72.0,68.0,65.66,61.43,68.39,0.15,0.15,0.18,45.0,64.77,0.0,0.0,0.0,120.0,61.43,397.93,41.96,0.3,0.3,9.75,42.49,2.63,20.41,29.17,63.48,19.54
2018-01-12 14:25:00,1,1,71.99,72.0,68.0,65.67,61.44,68.39,0.15,0.15,0.18,45.0,64.78,0.0,0.0,0.0,120.0,61.44,397.93,41.96,0.3,0.3,9.75,42.51,2.63,20.46,29.17,63.46,19.59
2018-01-12 14:26:00,1,1,71.99,72.0,68.0,65.67,61.45,68.39,0.15,0.15,0.18,45.0,64.78,0.0,0.0,0.0,120.0,61.45,397.93,41.96,0.3,0.3,9.75,42.53,2.63,20.51,29.17,63.44,19.64
2018-01-12 14:27:00,1,1,71.99,72.0,68.0,65.67,61.46,68.39,0.15,0.15,0.18,45.0,64.79,0.0,0.0,0.0,120.0,61.45,397.93,41.96,0.3,0.3,9.75,42.54,2.63,20.55,29.17,63.43,19.69
2018-01-12 14:28:00,1,1,71.99,72.0,68.0,65.67,61.46,68.39,0.15,0.15,0.18,45.0,64.8,0.0,0.0,0.0,120.0,61.46,397.93,41.96,0.3,0.3,9.75,42.56,2.63,20.6,29.17,63.41,19.73
2018-01-12 14:29:00,1,1,71.99,72.0,68.0,65.67,61.47,68.39,0.15,0.15,0.18,45.0,64.8,0.0,0.0,0.0,120.0,61.47,397.93,41.96,0.3,0.3,9.75,42.57,2.63,20.64,29.17,63.39,19.78
2018-01-12 14:30:00,1,1,71.99,72.0,68.0,65.67,61.48,68.39,0.15,0.15,0.18,45.0,64.81,0.0,0.0,0.0,120.0,61.48,397.93,41.96,0.3,0.3,9.75,42.59,2.63,20.69,29.17,63.37,19.82
2018-01-12 14:31:00,1,1,71.99,72.0,68.0,65.67,61.49,68.39,0.15,0.15,0.18,45.0,64.81,0.0,0.0,0.0,120.0,61.49,397.93,41.96,0.3,0.3,9.75,42.61,2.63,20.73,29.17,63.35,19.87
2018-01-12 14:32:00,1,1,71.99,72.0,68.0,65.67,61.5,68.39,0.15,0.15,0.18,45.0,64.82,0.0,0.0,0.0,120.0,61.5,397.93,41.96,0.3,0.3,9.75,42.62,2.63,20.77,29.17,63.33,19.91
2018-01-12 14:33:00,1,1,71.99,72.0,68.0,65.68,61.51,68.39,0.15,0.15,0.18,45.0,64.83,0.0,0.0,0.0,120.0,61.51,397.93,41.96,0.3,0.3,9.75,42.64,2.63,20.81,29.16,63.3,19.95
2018-01-12 14:34:00,1,1,71.98,72.0,68.0,65.68,61.52,68.38,0.15,0.15,0.18,45.0,64.83,0.0,0.0,0.0,120.0,61.51,397.93,41.96,0.3,0.3,9.75,42.65,2.63,20.85,29.16,63.28,19.99
2018-01-12 14:35:00,1,1,71.98,72.0,68.0,65.68,61.53,68.38,0.15,0.15,0.18,45.0,64.84,0.0,0.0,0.0,120.0,61.52,397.93,41.96,0.3,0.3,9.75,42.67,2.63,20.89,29.16,63.26,20.03
2018-01-12 14:36:00,1,1,71.98,72.0,68.0,65.68,61.54,68.38,0.15,0.15,0.18,45.0,64.85,0.0,0.0,0.0,120.0,61.53,397.93,41.96,0.3,0.3,9.75,42.68,2.63,20.92,29.15,63.24,20.07
2018-01-12 14:37:00,1,1,71.98,72.0,68.0,65.68,61.55,68.38,0.15,0.15,0.18,45.0,64.86,0.0,0.0,0.0,120.0,61.54,397.93,41.96,0.3,0.3,9.75,42.7,2.63,20.96,29.15,63.21,20.11
2018-01-12 14:38:00,1,1,71.98,72.0,68.0,65.68,61.56,68.38,0.15,0.15,0.18,45.0,64.86,0.0,0.0,0.0,120.0,61.55,397.93,41.96,0.3,0.3,9.75,42.71,2.63,21.0,29.15,63.19,20.15
2018-01-12 14:39:00,1,1,71.98,72.0,68.0,65.68,61.57,68.38,0.15,0.15,0.18,45.0,64.87,0.0,0.0,0.0,120.0,61.57,397.93,41.96,0.3,0.3,9.75,42.72,2.63,21.03,29.14,63.16,20.18
2018-01-12 14:40:00,1,1,71.98,72.0,68.0,65.68,61.58,68.38,0.15,0.15,0.18,45.0,64.88,0.0,0.0,0.0,120.0,61.58,397.93,41.96,0.3,0.3,9.75,42.74,2.63,21.06,29.14,63.13,20.22
2018-01-12 14:41:00,1,1,71.98,72.0,68.0,65.68,61.59,68.38,0.15,0.15,0.18,45.0,64.89,0.0,0.0,0.0,120.0,61.59,397.93,41.96,0.3,0.3,9.75,42.75,2.63,21.1,29.13,63.11,20.25
2018-01-12 14:42:00,1,1,71.98,72.0,68.0,65.69,61.6,68.38,0.15,0.15,0.18,45.0,64.89,0.0,0.0,0.0,120.0,61.6,397.93,41.96,0.3,0.3,9.75,42.77,2.63,21.13,29.13,63.08,20.28
2018-01-12 14:43:00,1,1,71.98,72.0,68.0,65.69,61.61,68.38,0.15,0.15,0.18,45.0,64.9,0.0,0.0,0.0,120.0,61.61,397.93,41.96,0.3,0.3,9.75,42.78,2.63,21.16,29.12,63.05,20.32
2018-01-12 14:44:00,1,1,71.98,72.0,68.0,65.69,61.63,68.38,0.15,0.15,0.18,45.0,64.91,0.0,0.0,0.0,120.0,61.62,397.93,41.96,0.3,0.3,9.75,42.79,2.63,21.19,29.11,63.03,20.35
2018-01-12 14:45:00,1,1,71.98,72.0,68.0,65.69,61.64,68.38,0.15,0.15,0.17,45.0,64.92,0.0,0.0,0.0,120.0,61.63,397.93,41.96,0.3,0.3,9.75,42.81,2.63,21.22,29.11,63.0,20.38
2018-01-12 14:46:00,1,1,71.98,72.0,68.0,65.69,61.65,68.38,0.15,0.15,0.17,45.0,64.93,0.0,0.0,0.0,120.0,61.65,397.93,41.96,0.3,0.3,9.75,42.82,2.63,21.25,29.1,62.97,20.41
2018-01-12 14:47:00,1,1,71.98,72.0,68.0,65.69,61.66,68.38,0.15,0.15,0.17,45.0,64.93,0.0,0.0,0.0,120.0,61.66,397.93,41.96,0.3,0.3,9.75,42.83,2.63,21.27,29.1,62.94,20.44
2018-01-12 14:48:00,1,1,71.98,72.0,68.0,65.69,61.68,68.38,0.15,0.15,0.17,45.0,64.94,0.0,0.0,0.0,120.0,61.67,397.93,41.96,0.3,0.3,9.75,42.84,2.63,21.3,29.09,62.91,20.46
2018-01-12 14:49:00,1,1,71.98,72.0,68.0,65.69,61.69,68.38,0.15,0.15,0.17,45.0,64.95,0.0,0.0,0.0,120.0,61.69,397.93,41.96,0.3,0.3,9.75,42.86,2.63,21.32,29.08,62.88,20.49
2018-01-12 14:50:00,1,1,71.98,72.0,68.0,65.69,61.7,68.38,0.15,0.15,0.17,45.0,64.96,0.0,0.0,0.0,120.0,61.7,397.93,41.96,0.3,0.3,9.75,42.87,2.63,21.35,29.08,62.84,20.52
2018-01-12 14:51:00,1,1,71.98,72.0,68.0,65.69,61.72,68.38,0.15,0.15,0.17,45.0,64.97,0.0,0.0,0.0,120.0,61.71,397.93,41.96,0.3,0.3,9.75,42.88,2.63,21.37,29.07,62.81,20.54
2018-01-12 14:52:00,1,1,71.98,72.0,68.0,65.69,61.73,68.38,0.15,0.15,0.17,45.0,64.98,0.0,0.0,0.0,120.0,61.73,397.93,41.96,0.3,0.3,9.75,42.89,2.63,21.4,29.06,62.78,20.56
2018-01-12 14:53:00,1,1,71.98,72.0,68.0,65.7,61.74,68.38,0.15,0.15,0.17,45.0,64.99,0.0,0.0,0.0,120.0,61.74,397.93,41.96,0.3,0.3,9.75,42.9,2.63,21.42,29.05,62.75,20.59
2018-01-12 14:54:00,1,1,71.97,72.0,68.0,65.7,61.76,68.37,0.15,0.15,0.17,45.0,65.0,0.0,0.0,0.0,120.0,61.76,397.93,41.96,0.3,0.3,9.75,42.91,2.63,21.44,29.05,62.71,20.61
2018-01-12 14:55:00,1,1,71.97,72.0,68.0,65.7,61.77,68.37,0.15,0.15,0.17,45.0,65.01,0.0,0.0,0.0,120.0,61.77,397.93,41.96,0.3,0.3,9.75,42.92,2.63,21.46,29.04,62.68,20.63
2018-01-12 14:56:00,1,1,71.97,72.0,68.0,65.7,61.79,68.37,0.15,0.15,0.17,45.0,65.01,0.0,0.0,0.0,120.0,61.78,397.93,41.96,0.3,0.3,9.75,42.94,2.63,21.48,29.03,62.65,20.65
2018-01-12 14:57:00,1,1,71.97,72.0,68.0,65.7,61.8,68.37,0.15,0.15,0.17,45.0,65.02,0.0,0.0,0.0,120.0,61.8,397.93,41.96,0.3,0.3,9.75,42.95,2.63,21.5,29.03,62.61,20.67
2018-01-12 14:58:00,1,1,71.97,72.0,68.0,65.7,61.82,68.37,0.15,0.15,0.17,45.0,65.03,0.0,0.0,0.0,120.0,61.82,397.93,41.96,0.3,0.3,9.75,42.96,2.63,21.52,29.02,62.58,20.69
2018-01-12 14:59:00,1,1,71.97,72.0,68.0,65.7,61.83,68.37,0.15,0.15,0.17,45.0,65.04,0.0,0.0,0.0,120.0,61.83,397.93,41.96,0.3,0.3,9.75,42.97,2.63,21.54,29.01,62.54,20.71
2018-01-12 15:00:00,1,1,71.97,72.0,68.0,65.7,61.85,68.37,0.15,0.15,0.16,45.0,65.05,0.0,0.0,0.0,120.0,61.85,397.93,41.96,0.3,0.3,9.75,42.98,2.63,21.55,29.0,62.5,20.73
2018-01-12 15:01:00,1,1,71.97,72.0,68.0,65.7,61.87,68.37,0.15,0.15,0.16,45.0,65.06,0.0,0.0,0.0,120.0,61.86,397.93,41.96,0.3,0.3,9.75,42.99,2.63,21.57,29.0,62.47,20.75
2018-01-12 15:02:00,1,1,71.97,72.0,68.0,65.7,61.88,68.37,0.15,0.15,0.16,45.0,65.07,0.0,0.0,0.0,120.0,61.88,397.93,41.96,0.3,0.3,9.75,43.0,2.63,21.58,28.99,62.43,20.76
2018-01-12 15:03:00,1,1,71.97,72.0,68.0,65.7,61.9,68.37,0.15,0.15,0.16,45.0,65.08,0.0,0.0,0.0,120.0,61.89,397.93,41.96,0.3,0.3,9.75,43.01,2.63,21.6,28.99,62.39,20.78
2018-01-12 15:04:00,1,1,71.97,72.0,68.0,65.7,61.91,68.37,0.15,0.15,0.16,45.0,65.09,0.0,0.0,0.0,120.0,61.91,397.93,41.96,0.3,0.3,9.75,43.02,2.63,21.62,28.98,62.36,20.8
2018-01-12 15:05:00,1,1,71.97,72.0,68.0,65.7,61.93,68.37,0.15,0.15,0.16,45.0,65.1,0.0,0.0,0.0,120.0,61.93,397.93,41.96,0.3,0.3,9.75,43.02,2.63,21.63,28.98,62.32,20.81
2018-01-12 15:06:00,1,1,71.97,72.0,68.0,65.71,61.95,68.37,0.15,0.15,0.16,45.0,65.11,0.0,0.0,0.0,120.0,61.94,397.93,41.96,0.3,0.3,9.75,43.03,2.63,21.65,28.97,62.28,20.83
2018-01-12 15:07:00,1,1,71.97,72.0,68.0,65.71,61.96,68.37,0.15,0.15,0.16,45.0,65.12,0.0,0.0,0.0,120.0,61.96,397.93,41.96,0.3,0.3,9.75,43.04,2.63,21.66,28.97,62.24,20.84
2018-01-12 15:08:00,1,1,71.97,72.0,68.0,65.71,61.98,68.37,0.15,0.15,0.16,45.0,65.13,0.0,0.0,0.0,120.0,61.98,397.93,41.96,0.3,0.3,9.75,43.05,2.63,21.67,28.96,62.2,20.86
2018-01-12 15:09:00,1,1,71.97,72.0,68.0,65.71,62.0,68.37,0.15,0.15,0.16,45.0,65.14,0.0,0.0,0.0,120.0,61.99,397.93,41.96,0.3,0.3,9.75,43.06,2.63,21.69,28.96,62.17,20.87
2018-01-12 15:10:00,1,1,71.97,72.0,68.0,65.71,62.01,68.37,0.15,0.15,0.16,45.0,65.15,0.0,0.0,0.0,120.0,62.01,397.93,41.96,0.3,0.3,9.75,43.07,2.63,21.7,28.95,62.13,20.89
2018-01-12 15:11:00,1,1,71.97,72.0,68.0,65.71,62.03,68.37,0.15,0.15,0.16,45.0,65.16,0.0,0.0,0.0,120.0,62.03,397.93,41.96,0.3,0.3,9.75,43.08,2.63,21.71,28.95,62.09,20.9
2018-01-12 15:12:00,1,1,71.97,72.0,68.0,65.71,62.05,68.37,0.15,0.15,0.16,45.0,65.17,0.0,0.0,0.0,120.0,62.04,397.93,41.96,0.3,0.3,9.75,43.08,2.63,21.73,28.94,62.05,20.91
2018-01-12 15:13:00,1,1,71.97,72.0,68.0,65.71,62.06,68.37,0.15,0.15,0.15,45.0,65.18,0.0,0.0,0.0,120.0,62.06,397.93,41.96,0.3,0.3,9.75,43.09,2.63,21.74,28.94,62.01,20.93
2018-01-12 15:14:00,1,1,71.97,72.0,68.0,65.71,62.08,68.37,0.15,0.15,0.15,45.0,65.18,0.0,0.0,0.0,120.0,62.08,397.93,41.96,0.3,0.3,9.75,43.1,2.63,21.75,28.93,61.97,20.94
2018-01-12 15:15:00,1,1,71.97,72.0,68.0,65.71,62.1,68.37,0.15,0.15,0.15,45.0,65.19,0.0,0.0,0.0,120.0,62.1,397.93,41.96,0.3,0.3,9.75,43.1,2.63,21.76,28.93,61.93,20.95
2018-01-12 15:16:00,1,1,71.97,72.0,68.0,65.71,62.12,68.37,0.15,0.15,0.15,45.0,65.2,0.0,0.0,0.0,120.0,62.11,397.93,41.96,0.3,0.3,9.75,43.11,2.63,21.78,28.93,61.89,20.97
2018-01-12 15:17:00,1,1,71.97,72.0,68.0,65.71,62.13,68.37,0.15,0.15,0.15,45.0,65.21,0.0,0.0,0.0,120.0,62.13,397.93,41.96,0.3,0.3,9.75,43.12,2.63,21.79,28.92,61.85,20.98
2018-01-12 15:18:00,1,1,71.97,72.0,68.0,65.71,62.15,68.37,0.15,0.15,0.15,45.0,65.22,0.0,0.0,0.0,120.0,62.15,397.93,41.96,0.3,0.3,9.75,43.12,2.63,21.8,28.92,61.81,20.99
2018-01-12 15:19:00,1,1,71.97,72.0,68.0,65.71,62.17,68.37,0.15,0.15,0.15,45.0,65.23,0.0,0.0,0.0,120.0,62.17,397.93,41.96,0.3,0.3,9.75,43.13,2.63,21.81,28.91,61.77,21.0
2018-01-12 15:20:00,1,1,71.97,72.0,68.0,65.71,62.19,68.37,0.15,0.15,0.15,45.0,65.24,0.0,0.0,0.0,120.0,62.19,397.93,41.96,0.3,0.3,9.75,43.13,2.63,21.82,28.91,61.73,21.01
2018-01-12 15:21:00,1,1,71.97,72.0,68.0,65.71,62.21,68.37,0.15,0.15,0.15,45.0,65.25,0.0,0.0,0.0,120.0,62.2,397.93,41.96,0.3,0.3,9.75,43.14,2.63,21.83,28.91,61.69,21.03
2018-01-12 15:22:00,1,1,71.96,72.0,68.0,65.71,62.23,68.36,0.15,0.15,0.15,45.0,65.26,0.0,0.0,0.0,120.0,62.22,397.93,41.96,0.3,0.3,9.75,43.14,2.63,21.84,28.9,61.65,21.04
2018-01-12 15:23:00,1,1,71.96,72.0,68.0,65.71,62.25,68.36,0.15,0.14,0.15,45.0,65.27,0.0,0.0,0.0,120.0,62.24,397.93,41.96,0.3,0.3,9.75,43.14,2.63,21.85,28.9,61.6,21.05
2018-01-12 15:24:00,1,1,71.96,72.0,68.0,65.71,62.26,68.36,0.14,0.14,0.15,45.0,65.27,0.0,0.0,0.0,120.0,62.26,397.93,41.96,0.3,0.3,9.75,43.15,2.63,21.86,28.9,61.56,21.06
2018-01-12 15:25:00,1,1,71.96,72.0,68.0,65.71,62.28,68.36,0.14,0.14,0.14,45.0,65.28,0.0,0.0,0.0,120.0,62.28,397.93,41.96,0.3,0.3,9.75,43.15,2.63,21.87,28.9,61.52,21.07
2018-01-12 15:26:00,1,1,71.96,72.0,68.0,65.71,62.3,68.36,0.14,0.14,0.14,45.0,65.29,0.0,0.0,0.0,120.0,62.3,397.93,41.96,0.3,0.3,9.75,43.15,2.63,21.88,28.89,61.47,21.08
2018-01-12 15:27:00,1,1,71.96,72.0,68.0,65.71,62.32,68.36,0.14,0.14,0.14,45.0,65.3,0.0,0.0,0.0,120.0,62.32,397.93,41.96,0.3,0.3,9.75,43.15,2.63,21.89,28.89,61.43,21.09
2018-01-12 15:28:00,1,1,71.96,72.0,68.0,65.71,62.34,68.36,0.14,0.14,0.14,45.0,65.31,0.0,0.0,0.0,120.0,62.34,397.93,41.96,0.3,0.3,9.75,43.16,2.63,21.9,28.89,61.38,21.1
2018-01-12 15:29:00,1,1,71.96,72.0,68.0,65.71,62.36,68.36,0.14,0.14,0.14,45.0,65.32,0.0,0.0,0.0,120.0,62.36,397.93,41.96,0.3,0.3,9.75,43.16,2.63,21.91,28.89,61.34,21.11
2018-01-12 15:30:00,1,1,71.96,72.0,68.0,65.71,62.38,68.36,0.14,0.14,0.14,45.0,65.33,0.0,0.0,0.0,120.0,62.38,397.93,41.96,0.3,0.3,9.75,43.16,2.63,21.92,28.89,61.29,21.12
2018-01-12 15:31:00,1,1,71.96,72.0,68.0,65.71,62.4,68.36,0.14,0.14,0.14,45.0,65.34,0.0,0.0,0.0,120.0,62.4,397.93,41.96,0.3,0.3,9.75,43.16,2.63,21.93,28.89,61.25,21.13
2018-01-12 15:32:00,1,1,71.96,72.0,68.0,65.71,62.43,68.36,0.14,0.14,0.14,45.0,65.34,0.0,0.0,0.0,120.0,62.42,397.93,41.96,0.3,0.3,9.75,43.16,2.63,21.94,28.88,61.2,21.13
2018-01-12 15:33:00,1,1,71.96,72.0,68.0,65.71,62.45,68.36,0.14,0.14,0.14,45.0,65.35,0.0,0.0,0.0,120.0,62.44,397.93,41.96,0.3,0.3,9.75,43.16,2.63,21.94,28.88,61.16,21.14
2018-01-12 15:34:00,1,1,71.96,72.0,68.0,65.71,62.47,68.36,0.14,0.14,0.14,45.0,65.36,0.0,0.0,0.0,120.0,62.46,397.93,41.96,0.3,0.3,9.75,43.16,2.63,21.95,28.88,61.11,21.15
2018-01-12 15:35:00,1,1,71.96,72.0,68.0,65.71,62.49,68.36,0.14,0.14,0.13,45.0,65.37,0.0,0.0,0.0,120.0,62.48,397.93,41.96,0.3,0.3,9.75,43.16,2.63,21.96,28.88,61.06,21.16
2018-01-12 15:36:00,1,1,71.96,72.0,68.0,65.71,62.51,68.36,0.14,0.14,0.13,45.0,65.38,0.0,0.0,0.0,120.0,62.51,397.93,41.96,0.3,0.3,9.75,43.16,2.63,21.97,28.88,61.02,21.17
2018-01-12 15:37:00,1,1,71.96,72.0,68.0,65.71,62.53,68.36,0.14,0.14,0.13,45.0,65.38,0.0,0.0,0.0,120.0,62.53,397.93,41.96,0.3,0.3,9.75,43.16,2.63,21.98,28.88,60.97,21.18
2018-01-12 15:38:00,1,1,71.96,72.0,68.0,65.71,62.55,68.36,0.14,0.14,0.13,45.0,65.39,0.0,0.0,0.0,120.0,62.55,397.93,41.96,0.3,0.3,9.75,43.15,2.63,21.98,28.88,60.92,21.18
2018-01-12 15:39:00,1,1,71.96,72.0,68.0,65.71,62.58,68.36,0.14,0.14,0.13,45.0,65.4,0.0,0.0,0.0,120.0,62.57,397.93,41.96,0.3,0.3,9.75,43.15,2.63,21.99,28.89,60.87,21.19
2018-01-12 15:40:00,1,1,71.96,72.0,68.0,65.7,62.6,68.36,0.14,0.14,0.13,45.0,65.41,0.0,0.0,0.0,120.0,62.59,397.93,41.96,0.3,0.3,9.75,43.15,2.63,22.0,28.89,60.82,21.2
2018-01-12 15:41:00,1,1,71.96,72.0,68.0,65.7,62.62,68.36,0.14,0.14,0.13,45.0,65.42,0.0,0.0,0.0,120.0,62.61,397.93,41.96,0.3,0.3,9.75,43.14,2.63,22.0,28.89,60.78,21.2
2018-01-12 15:42:00,1,1,71.96,72.0,68.0,65.7,62.64,68.36,0.14,0.14,0.13,45.0,65.42,0.0,0.0,0.0,120.0,62.64,397.93,41.96,0.3,0.3,9.75,43.14,2.63,22.01,28.89,60.73,21.21
2018-01-12 15:43:00,1,1,71.95,72.0,68.0,65.7,62.66,68.35,0.14,0.14,0.13,45.0,65.43,0.0,0.0,0.0,120.0,62.66,397.93,41.96,0.3,0.3,9.75,43.14,2.63,22.02,28.89,60.68,21.22
2018-01-12 15:44:00,1,1,71.95,72.0,68.0,65.7,62.69,68.35,0.14,0.14,0.13,45.0,65.44,0.0,0.0,0.0,120.0,62.68,397.93,41.96,0.3,0.3,9.75,43.13,2.63,22.02,28.9,60.63,21.22
2018-01-12 15:45:00,1,1,71.95,72.0,68.0,65.7,62.71,68.35,0.14,0.14,0.12,45.0,65.44,0.0,0.0,0.0,120.0,62.71,397.93,41.96,0.3,0.3,9.75,43.13,2.63,22.03,28.9,60.58,21.23
2018-01-12 15:46:00,1,1,71.95,72.0,68.0,65.7,62.73,68.35,0.14,0.14,0.12,45.0,65.45,0.0,0.0,0.0,120.0,62.73,397.93,41.96,0.3,0.3,9.75,43.12,2.63,22.04,28.9,60.53,21.24
2018-01-12 15:47:00,1,1,71.95,72.0,68.0,65.7,62.76,68.35,0.14,0.14,0.12,45.0,65.46,0.0,0.0,0.0,120.0,62.75,397.93,41.96,0.3,0.3,9.75,43.11,2.63,22.04,28.91,60.48,21.24
2018-01-12 15:48:00,1,1,71.95,72.0,68.0,65.7,62.78,68.35,0.14,0.14,0.12,45.0,65.46,0.0,0.0,0.0,120.0,62.77,397.93,41.96,0.3,0.3,9.75,43.11,2.63,22.05,28.91,60.43,21.25
2018-01-12 15:49:00,1,1,71.95,72.0,68.0,65.7,62.8,68.35,0.14,0.14,0.12,45.0,65.47,0.0,0.0,0.0,120.0,62.8,397.93,41.96,0.3,0.3,9.75,43.1,2.63,22.05,28.91,60.38,21.25
2018-01-12 15:50:00,1,1,71.95,72.0,68.0,65.69,62.83,68.35,0.14,0.14,0.12,45.0,65.48,0.0,0.0,0.0,120.0,62.82,397.93,41.96,0.3,0.3,9.75,43.09,2.63,22.06,28.92,60.33,21.26
2018-01-12 15:51:00,1,1,71.95,72.0,68.0,65.69,62.85,68.35,0.14,0.14,0.12,45.0,65.48,0.0,0.0,0.0,120.0,62.85,397.93,41.96,0.3,0.3,9.75,43.08,2.63,22.06,28.92,60.28,21.26
2018-01-12 15:52:00,1,1,71.95,72.0,68.0,65.69,62.87,68.35,0.14,0.14,0.12,45.0,65.49,0.0,0.0,0.0,120.0,62.87,397.93,41.96,0.3,0.3,9.75,43.07,2.63,22.07,28.93,60.22,21.27
2018-01-12 15:53:00,1,1,71.95,72.0,68.0,65.69,62.9,68.35,0.14,0.14,0.12,45.0,65.49,0.0,0.0,0.0,120.0,62.89,397.93,41.96,0.3,0.3,9.75,43.07,2.63,22.08,28.94,60.17,21.27
2018-01-12 15:54:00,1,1,71.95,72.0,68.0,65.69,62.92,68.35,0.14,0.14,0.11,45.0,65.5,0.0,0.0,0.0,120.0,62.92,397.93,41.96,0.3,0.3,9.75,43.06,2.63,22.08,28.94,60.12,21.28
2018-01-12 15:55:00,1,1,71.95,72.0,68.0,65.69,62.95,68.35,0.14,0.14,0.11,45.0,65.51,0.0,0.0,0.0,120.0,62.94,397.93,41.96,0.3,0.3,9.75,43.05,2.63,22.09,28.95,60.07,21.28
2018-01-12 15:56:00,1,1,71.95,72.0,68.0,65.68,62.97,68.35,0.14,0.14,0.11,45.0,65.51,0.0,0.0,0.0,120.0,62.97,397.93,41.96,0.3,0.3,9.75,43.03,2.63,22.09,28.96,60.02,21.29
2018-01-12 15:57:00,1,1,71.95,72.0,68.0,65.68,63.0,68.35,0.14,0.14,0.11,45.0,65.52,0.0,0.0,0.0,120.0,62.99,397.93,41.96,0.3,0.3,9.75,43.02,2.63,22.1,28.97,59.96,21.29
2018-01-12 15:58:00,1,1,71.95,72.0,68.0,65.68,63.02,68.35,0.14,0.14,0.11,45.0,65.52,0.0,0.0,0.0,120.0,63.02,397.93,41.96,0.3,0.3,9.75,43.01,2.63,22.1,28.98,59.91,21.3
2018-01-12 15:59:00,1,1,71.95,72.0,68.0,65.68,63.05,68.35,0.14,0.14,0.11,45.0,65.53,0.0,0.0,0.0,120.0,63.04,397.93,41.96,0.3,0.3,9.75,43.0,2.63,22.1,28.99,59.86,21.3
2018-01-12 16:00:00,1,1,71.95,72.0,68.0,65.68,63.07,68.35,0.14,0.14,0.11,45.0,65.53,0.0,0.0,0.0,120.0,63.07,397.93,41.96,0.3,0.3,9.75,42.99,2.63,22.11,28.99,59.8,21.31
2018-01-12 16:01:00,1,1,71.94,72.0,68.0,65.67,63.1,68.34,0.14,0.14,0.11,45.0,65.53,0.0,0.0,0.0,120.0,63.09,397.93,41.96,0.3,0.3,9.75,42.97,2.63,22.11,29.01,59.75,21.31
2018-01-12 16:02:00,1,1,71.94,72.0,68.0,65.67,63.12,68.34,0.14,0.14,0.11,45.0,65.54,0.0,0.0,0.0,120.0,63.12,397.93,41.96,0.3,0.3,9.75,42.95,2.63,22.12,29.02,59.7,21.31
2018-01-12 16:03:00,1,1,71.94,72.0,68.0,65.67,63.15,68.34,0.14,0.14,0.1,45.0,65.54,0.0,0.0,0.0,120.0,63.14,397.93,41.96,0.3,0.3,9.75,42.93,2.63,22.12,29.04,59.64,21.32
2018-01-12 16:04:00,1,1,71.94,72.0,68.0,65.67,63.17,68.34,0.14,0.14,0.1,45.0,65.54,0.0,0.0,0.0,120.0,63.17,397.93,41.96,0.3,0.3,9.75,42.91,2.63,22.13,29.05,59.59,21.32
2018-01-12 16:05:00,1,1,71.94,72.0,68.0,65.66,63.2,68.34,0.14,0.14,0.1,45.0,65.55,0.0,0.0,0.0,120.0,63.19,397.93,41.96,0.3,0.3,9.75,42.89,2.63,22.13,29.07,59.54,21.33
2018-01-12 16:06:00,1,1,71.94,72.0,68.0,65.66,63.22,68.34,0.14,0.14,0.1,45.0,65.55,0.0,0.0,0.0,120.0,63.22,397.93,41.96,0.3,0.3,9.75,42.87,2.63,22.14,29.09,59.48,21.33
2018-01-12 16:07:00,1,1,71.94,72.0,68.0,65.66,63.25,68.34,0.14,0.14,0.1,45.0,65.55,0.0,0.0,0.0,120.0,63.24,397.93,41.96,0.3,0.3,9.75,42.84,2.63,22.14,29.1,59.43,21.33
2018-01-12 16:08:00,1,1,71.94,72.0,68.0,65.65,63.28,68.34,0.14,0.14,0.1,45.0,65.55,0.0,0.0,0.0,120.0,63.27,397.93,41.96,0.3,0.3,9.75,42.82,2.63,22.15,29.12,59.37,21.34
2018-01-12 16:09:00,1,1,71.94,72.0,68.0,65.65,63.3,68.34,0.14,0.14,0.1,45.0,65.56,0.0,0.0,0.0,120.0,63.3,397.93,41.96,0.3,0.3,9.75,42.8,2.63,22.15,29.14,59.32,21.34
2018-01-12 16:10:00,1,1,71.94,72.0,68.0,65.65,63.33,68.34,0.14,0.14,0.1,45.0,65.56,0.0,0.0,0.0,120.0,63.32,397.93,41.96,0.3,0.3,9.75,42.77,2.63,22.16,29.16,59.26,21.35
2018-01-12 16:11:00,1,1,71.94,72.0,68.0,65.64,63.36,68.34,0.14,0.14,0.09,45.0,65.56,0.0,0.0,0.0,120.0,63.35,397.93,41.96,0.3,0.3,9.75,42.75,2.63,22.16,29.18,59.21,21.35
2018-01-12 16:12:00,1,1,71.94,72.0,68.0,65.64,63.38,68.34,0.14,0.14,0.09,45.0,65.56,0.0,0.0,0.0,120.0,63.38,397.93,41.96,0.3,0.3,9.75,42.73,2.63,22.17,29.2,59.15,21.35
2018-01-12 16:13:00,1,1,71.93,72.0,68.0,65.64,63.41,68.33,0.14,0.14,0.09,45.0,65.56,0.0,0.0,0.0,120.0,63.4,397.93,41.96,0.3,0.3,9.75,42.7,2.63,22.17,29.22,59.1,21.36
2018-01-12 16:14:00,1,1,71.93,72.0,68.0,65.63,63.44,68.33,0.14,0.14,0.09,45.0,65.56,0.0,0.0,0.0,120.0,63.43,397.93,41.96,0.3,0.3,9.75,42.67,2.63,22.18,29.24,59.04,21.36
2018-01-12 16:15:00,1,1,71.93,72.0,68.0,65.63,63.46,68.33,0.14,0.14,0.09,45.0,65.56,0.0,0.0,0.0,120.0,63.46,397.93,41.96,0.3,0.3,9.75,42.65,2.63,22.18,29.27,58.99,21.36
2018-01-12 16:16:00,1,1,71.93,72.0,68.0,65.63,63.49,68.33,0.13,0.13,0.09,45.0,65.56,0.0,0.0,0.0,120.0,63.49,397.93,41.96,0.3,0.3,9.75,42.62,2.63,22.19,29.29,58.93,21.37
2018-01-12 16:17:00,1,1,71.93,72.0,68.0,65.62,63.52,68.33,0.13,0.13,0.09,45.0,65.56,0.0,0.0,0.0,120.0,63.51,397.93,41.96,0.3,0.3,9.75,42.59,2.63,22.19,29.31,58.87,21.37
2018-01-12 16:18:00,1,1,71.93,72.0,68.0,65.62,63.55,68.33,0.13,0.13,0.09,45.0,65.56,0.0,0.0,0.0,120.0,63.54,397.93,41.96,0.3,0.3,9.75,42.57,2.63,22.2,29.34,58.82,21.38
2018-01-12 16:19:00,1,1,71.93,72.0,68.0,65.62,63.57,68.33,0.13,0.13,0.08,45.0,65.56,0.0,0.0,0.0,120.0,63.57,397.93,41.96,0.3,0.3,9.75,42.54,2.63,22.2,29.36,58.76,21.38
2018-01-12 16:20:00,1,1,71.93,72.0,68.0,65.61,63.6,68.33,0.13,0.13,0.08,45.0,65.56,0.0,0.0,0.0,120.0,63.6,397.93,41.96,0.3,0.3,9.75,42.51,2.63,22.21,29.39,58.71,21.38
2018-01-12 16:21:00,1,1,71.93,72.0,68.0,65.61,63.63,68.33,0.13,0.13,0.08,45.0,65.56,0.0,0.0,0.0,120.0,63.62,397.93,41.96,0.3,0.3,9.75,42.48,2.63,22.21,29.41,58.65,21.39
2018-01-12 16:22:00,1,1,71.93,72.0,68.0,65.61,63.66,68.33,0.13,0.13,0.08,45.0,65.56,0.0,0.0,0.0,120.0,63.65,397.93,41.96,0.3,0.3,9.75,42.45,2.63,22.22,29.44,58.59,21.39
2018-01-12 16:23:00,1,1,71.93,72.0,68.0,65.6,63.69,68.33,0.13,0.13,0.08,45.0,65.56,0.0,0.0,0.0,120.0,63.68,397.93,41.96,0.3,0.3,9.75,42.42,2.63,22.22,29.46,58.54,21.39
2018-01-12 16:24:00,1,1,71.93,72.0,68.0,65.6,63.71,68.33,0.13,0.13,0.08,45.0,65.56,0.0,0.0,0.0,120.0,63.71,397.93,41.96,0.3,0.3,9.75,42.39,2.63,22.23,29.49,58.48,21.4
2018-01-12 16:25:00,1,1,71.93,72.0,68.0,65.59,63.74,68.33,0.13,0.13,0.08,45.0,65.56,0.0,0.0,0.0,120.0,63.74,397.93,41.96,0.3,0.3,9.75,42.36,2.63,22.23,29.52,58.42,21.4
2018-01-12 16:26:00,1,1,71.92,72.0,68.0,65.59,63.77,68.32,0.13,0.13,0.07,45.0,65.55,0.0,0.0,0.0,120.0,63.76,397.93,41.96,0.3,0.3,9.75,42.33,2.63,22.24,29.55,58.37,21.4
2018-01-12 16:27:00,1,1,71.92,72.0,68.0,65.59,63.8,68.32,0.13,0.13,0.07,45.0,65.55,0.0,0.0,0.0,120.0,63.79,397.93,41.96,0.3,0.3,9.75,42.29,2.63,22.24,29.58,58.31,21.41
2018-01-12 16:28:00,1,1,71.92,72.0,68.0,65.58,63.83,68.32,0.13,0.13,0.07,45.0,65.55,0.0,0.0,0.0,120.0,63.82,397.93,41.96,0.3,0.3,9.75,42.26,2.63,22.25,29.61,58.25,21.41
2018-01-12 16:29:00,1,1,71.92,72.0,68.0,65.58,63.85,68.32,0.13,0.13,0.07,45.0,65.55,0.0,0.0,0.0,120.0,63.85,397.93,41.96,0.3,0.3,9.75,42.23,2.63,22.25,29.64,58.2,21.41
2018-01-12 16:30:00,1,1,71.92,72.0,68.0,65.57,63.88,68.32,0.13,0.13,0.07,45.0,65.54,0.0,0.0,0.0,120.0,63.88,397.93,41.96,0.3,0.3,9.75,42.2,2.63,22.26,29.67,58.14,21.42
2018-01-12 16:31:00,1,1,71.92,72.0,68.0,65.57,63.91,68.32,0.13,0.13,0.07,45.0,65.54,0.0,0.0,0.0,120.0,63.91,397.93,41.96,0.3,0.3,9.75,42.16,2.63,22.26,29.71,58.08,21.42
2018-01-12 16:32:00,1,1,71.92,72.0,68.0,65.56,63.94,68.32,0.13,0.13,0.07,45.0,65.54,0.0,0.0,0.0,120.0,63.93,397.93,41.96,0.3,0.3,9.75,42.13,2.63,22.27,29.74,58.02,21.42
2018-01-12 16:33:00,1,1,71.92,72.0,68.0,65.56,63.97,68.32,0.13,0.13,0.07,45.0,65.54,0.0,0.0,0.0,120.0,63.96,397.93,41.96,0.3,0.3,9.75,42.09,2.63,22.27,29.77,57.97,21.43
2018-01-12 16:34:00,1,1,71.92,72.0,68.0,65.55,64.0,68.32,0.13,0.13,0.06,45.0,65.53,0.0,0.0,0.0,120.0,63.99,397.93,41.96,0.3,0.3,9.75,42.06,2.63,22.28,29.81,57.91,21.43
2018-01-12 16:35:00,1,1,71.91,72.0,68.0,65.55,64.03,68.31,0.13,0.13,0.06,45.0,65.53,0.0,0.0,0.0,120.0,64.02,397.93,41.96,0.3,0.3,9.75,42.02,2.63,22.28,29.84,57.85,21.43
2018-01-12 16:36:00,1,1,71.91,72.0,68.0,65.54,64.06,68.31,0.13,0.13,0.06,45.0,65.52,0.0,0.0,0.0,120.0,64.05,397.93,41.96,0.3,0.3,9.75,41.99,2.63,22.29,29.88,57.8,21.43
2018-01-12 16:37:00,1,1,71.91,72.0,68.0,65.54,64.08,68.31,0.13,0.13,0.06,45.0,65.52,0.0,0.0,0.0,120.0,64.08,397.93,41.96,0.3,0.3,9.75,41.95,2.63,22.29,29.91,57.74,21.44
2018-01-12 16:38:00,1,1,71.91,72.0,68.0,65.53,64.11,68.31,0.13,0.13,0.06,45.0,65.52,0.0,0.0,0.0,120.0,64.11,397.93,41.96,0.3,0.3,9.75,41.92,2.63,22.3,29.95,57.68,21.44
2018-01-12 16:39:00,1,1,71.91,72.0,68.0,65.53,64.14,68.31,0.13,0.13,0.06,45.0,65.51,0.0,0.0,0.0,120.0,64.14,397.93,41.96,0.3,0.3,9.75,41.88,2.63,22.3,29.99,57.62,21.44
2018-01-12 16:40:00,1,1,71.91,72.0,68.0,65.52,64.17,68.31,0.13,0.13,0.06,45.0,65.51,0.0,0.0,0.0,120.0,64.17,397.93,41.96,0.3,0.3,9.75,41.84,2.63,22.31,30.03,57.57,21.44
2018-01-12 16:41:00,1,1,71.91,72.0,68.0,65.52,64.2,68.31,0.13,0.13,0.05,45.0,65.5,0.0,0.0,0.0,120.0,64.19,397.93,41.96,0.3,0.3,9.75,41.8,2.63,22.31,30.07,57.51,21.44
2018-01-12 16:42:00,1,1,71.9,72.0,68.0,65.51,64.23,68.3,0.13,0.13,0.05,45.0,65.5,0.0,0.0,0.0,120.0,64.22,397.93,41.96,0.3,0.3,9.75,41.77,2.63,22.31,30.11,57.45,21.45
2018-01-12 16:43:00,1,1,71.9,72.0,68.0,65.51,64.26,68.3,0.13,0.13,0.05,45.0,65.49,0.0,0.0,0.0,120.0,64.25,397.93,41.96,0.3,0.3,9.75,41.73,2.63,22.32,30.15,57.4,21.45
2018-01-12 16:44:00,1,1,71.9,72.0,68.0,65.5,64.29,68.3,0.13,0.13,0.05,45.0,65.49,0.0,0.0,0.0,120.0,64.28,397.93,41.96,0.3,0.3,9.75,41.69,2.63,22.32,30.19,57.34,21.45
2018-01-12 16:45:00,1,1,71.9,72.0,68.0,65.5,64.32,68.3,0.13,0.13,0.05,45.0,65.48,0.0,0.0,0.0,120.0,64.31,397.93,41.96,0.3,0.3,9.75,41.65,2.63,22.32,30.24,57.28,21.45
2018-01-12 16:46:00,1,1,71.9,72.0,68.0,65.49,64.35,68.3,0.13,0.13,0.05,45.0,65.48,0.0,0.0,0.0,120.0,64.34,397.93,41.96,0.3,0.3,9.75,41.61,2.63,22.33,30.28,57.23,21.45
2018-01-12 16:47:00,1,1,71.9,72.0,68.0,65.48,64.38,68.3,0.12,0.12,0.05,45.0,65.47,0.0,0.0,0.0,120.0,64.37,397.93,41.96,0.3,0.3,9.75,41.57,2.63,22.33,30.32,57.17,21.45
2018-01-12 16:48:00,1,1,71.89,72.0,68.0,65.48,64.41,68.29,0.12,0.12,0.04,45.0,65.46,0.0,0.0,0.0,120.0,64.4,397.93,41.96,0.3,0.3,9.75,41.53,2.63,22.33,30.37,57.11,21.45
2018-01-12 16:49:00,1,1,71.89,72.0,68.0,65.47,64.43,68.29,0.12,0.12,0.04,45.0,65.46,0.0,0.0,0.0,120.0,64.43,397.93,41.96,0.3,0.3,9.75,41.49,2.63,22.34,30.42,57.06,21.45
2018-01-12 16:50:00,1,1,71.89,72.0,68.0,65.47,64.46,68.29,0.12,0.12,0.04,45.0,65.45,0.0,0.0,0.0,120.0,64.46,397.93,41.96,0.3,0.3,9.75,41.45,2.63,22.34,30.46,57.0,21.46
2018-01-12 16:51:00,1,1,71.89,72.0,68.0,65.46,64.49,68.29,0.12,0.12,0.04,45.0,65.45,0.0,0.0,0.0,120.0,64.49,397.93,41.96,0.3,0.3,9.75,41.41,2.63,22.34,30.51,56.94,21.46
2018-01-12 16:52:00,1,1,71.89,72.0,68.0,65.45,64.52,68.29,0.12,0.12,0.04,45.0,65.44,0.0,0.0,0.0,120.0,64.52,397.93,41.96,0.3,0.3,9.75,41.37,2.63,22.35,30.56,56.89,21.46
2018-01-12 16:53:00,1,1,71.88,72.0,68.0,65.45,64.55,68.28,0.12,0.12,0.04,45.0,65.43,0.0,0.0,0.0,120.0,64.55,397.93,41.96,0.3,0.3,9.75,41.32,2.63,22.35,30.61,56.83,21.46
2018-01-12 16:54:00,1,1,71.88,72.0,68.0,65.44,64.58,68.28,0.12,0.12,0.03,45.0,65.43,0.0,0.0,0.0,120.0,64.57,397.93,41.96,0.3,0.3,9.75,41.28,2.63,22.35,30.66,56.78,21.46
2018-01-12 16:55:00,1,1,71.88,72.0,68.0,65.43,64.61,68.28,0.12,0.12,0.03,45.0,65.42,0.0,0.0,0.0,120.0,64.6,397.93,41.96,0.3,0.3,9.75,41.24,2.63,22.35,30.71,56.72,21.46
2018-01-12 16:56:00,1,1,71.88,72.0,68.0,65.43,64.64,68.28,0.12,0.12,0.03,45.0,65.42,0.0,0.0,0.0,120.0,64.63,397.93,41.96,0.3,0.3,9.75,41.2,2.63,22.36,30.76,56.67,21.45
2018-01-12 16:57:00,1,1,71.87,72.0,68.0,65.42,64.67,68.27,0.12,0.12,0.03,45.0,65.41,0.0,0.0,0.0,120.0,64.66,397.93,41.96,0.3,0.3,9.75,41.15,2.63,22.36,30.81,56.62,21.45
2018-01-12 16:58:00,1,1,71.87,72.0,68.0,65.41,64.69,68.27,0.12,0.12,0.03,45.0,65.4,0.0,0.0,0.0,120.0,64.69,397.93,41.96,0.3,0.3,9.75,41.11,2.63,22.36,30.87,56.56,21.45
2018-01-12 16:59:00,1,1,71.87,72.0,68.0,65.41,64.72,68.27,0.12,0.12,0.03,45.0,65.39,0.0,0.0,0.0,120.0,64.72,397.93,41.96,0.3,0.3,9.75,41.06,2.63,22.36,30.92,56.51,21.45
2018-01-12 17:00:00,1,1,71.87,72.0,68.0,65.4,64.75,68.27,0.12,0.12,0.03,45.0,65.39,0.0,0.0,0.0,120.0,64.74,397.93,41.96,0.3,0.3,9.75,41.02,2.63,22.36,30.98,56.46,21.45
2018-01-12 17:01:00,1,1,71.86,72.0,68.0,65.39,64.78,68.26,0.12,0.12,0.02,45.0,65.38,0.0,0.0,0.0,120.0,64.77,397.93,41.96,0.3,0.3,9.75,40.98,2.63,22.36,31.03,56.4,21.45
2018-01-12 17:02:00,1,1,71.86,72.0,68.0,65.38,64.81,68.26,0.12,0.12,0.02,45.0,65.37,0.0,0.0,0.0,120.0,64.8,397.93,41.96,0.3,0.3,9.75,40.93,2.63,22.36,31.08,56.35,21.45
2018-01-12 17:03:00,1,1,71.86,72.0,68.0,65.38,64.83,68.26,0.12,0.12,0.02,45.0,65.37,0.0,0.0,0.0,120.0,64.83,397.93,41.96,0.3,0.3,9.75,40.88,2.63,22.36,31.13,56.3,21.45
2018-01-12 17:04:00,1,1,71.85,72.0,68.0,65.37,64.86,68.25,0.12,0.12,0.02,45.0,65.36,0.0,0.0,0.0,120.0,64.85,397.93,41.96,0.3,0.3,9.75,40.84,2.63,22.37,31.18,56.25,21.44
2018-01-12 17:05:00,1,1,71.85,72.0,68.0,65.36,64.88,68.25,0.12,0.12,0.02,45.0,65.35,0.0,0.0,0.0,120.0,64.88,397.93,41.96,0.3,0.3,9.75,40.79,2.63,22.37,31.23,56.2,21.44
2018-01-12 17:06:00,1,1,71.84,72.0,68.0,65.35,64.91,68.24,0.12,0.12,0.02,45.0,65.34,0.0,0.0,0.0,120.0,64.91,397.93,41.96,0.3,0.3,9.75,40.74,2.63,22.37,31.28,56.16,21.44
2018-01-12 17:07:00,1,1,71.84,72.0,68.0,65.34,64.94,68.24,0.11,0.11,0.02,45.0,65.33,0.0,0.0,0.0,120.0,64.93,397.93,41.96,0.3,0.3,9.75,40.7,2.63,22.36,31.33,56.11,21.43
2018-01-12 17:08:00,1,1,71.83,72.0,68.0,65.33,64.96,68.23,0.11,0.11,0.01,45.0,65.32,0.0,0.0,0.0,120.0,64.96,397.93,41.96,0.3,0.3,9.75,40.65,2.63,22.36,31.39,56.06,21.43
2018-01-12 17:09:00,1,1,71.83,72.0,68.0,65.32,64.98,68.23,0.11,0.11,0.01,45.0,65.31,0.0,0.0,0.0,120.0,64.98,397.93,41.96,0.3,0.3,9.75,40.6,2.63,22.36,31.44,56.02,21.43
2018-01-12 17:10:00,1,1,71.82,72.0,68.0,65.31,65.01,68.22,0.11,0.11,0.01,45.0,65.3,0.0,0.0,0.0,120.0,65.0,397.93,41.96,0.3,0.3,9.75,40.55,2.63,22.36,31.49,55.98,21.42
2018-01-12 17:11:00,1,1,71.82,72.0,68.0,65.3,65.03,68.22,0.11,0.11,0.01,45.0,65.3,0.0,0.0,0.0,120.0,65.03,397.93,41.96,0.3,0.3,9.75,40.5,2.63,22.36,31.55,55.93,21.42
2018-01-12 17:12:00,1,1,71.81,72.0,68.0,65.29,65.05,68.21,0.11,0.11,0.01,45.0,65.29,0.0,0.0,0.0,120.0,65.05,397.93,41.96,0.3,0.3,9.75,40.46,2.63,22.36,31.6,55.89,21.41
2018-01-12 17:13:00,1,1,71.8,72.0,68.0,65.28,65.07,68.2,0.11,0.11,0.01,45.0,65.28,0.0,0.0,0.0,120.0,65.07,397.93,41.96,0.3,0.3,9.75,40.41,2.63,22.36,31.66,55.86,21.41
2018-01-12 17:14:00,1,1,71.8,72.0,68.0,65.27,65.09,68.2,0.11,0.11,0.01,45.0,65.27,0.0,0.0,0.0,120.0,65.09,397.93,41.96,0.3,0.3,9.75,40.36,2.63,22.35,31.72,55.82,21.4
2018-01-12 17:15:00,1,1,71.79,72.0,68.0,65.25,65.11,68.19,0.11,0.11,0.01,45.0,65.26,0.0,0.0,0.0,120.0,65.11,397.93,41.96,0.3,0.3,9.75,40.31,2.63,22.35,31.77,55.79,21.39
2018-01-12 17:16:00,1,1,71.78,72.0,68.0,65.24,65.12,68.18,0.11,0.11,0.0,45.0,65.24,0.0,0.0,0.0,120.0,65.12,397.93,41.96,0.3,0.3,9.75,40.26,2.63,22.35,31.83,55.76,21.39
2018-01-12 17:17:00,1,1,71.77,72.0,68.0,65.23,65.14,68.17,0.11,0.11,0.0,45.0,65.23,0.0,0.0,0.0,120.0,65.14,397.93,41.96,0.3,0.3,9.75,40.21,2.63,22.34,31.89,55.73,21.38
2018-01-12 17:18:00,1,1,71.76,72.0,68.0,65.22,65.16,68.16,0.11,0.11,0.0,45.0,65.19,0.0,0.0,0.0,120.0,65.15,397.93,41.96,0.3,0.3,9.75,40.16,2.63,22.34,31.95,55.7,21.38
2018-01-12 17:19:00,1,1,71.75,72.0,68.0,65.2,65.19,68.15,0.1,0.1,0.0,45.0,65.2,0.0,0.0,0.0,120.0,65.19,397.93,41.96,0.3,0.3,9.75,40.11,2.63,22.34,32.01,55.64,21.37
2018-01-12 17:20:00,1,1,71.74,72.0,68.0,65.19,65.21,68.14,0.1,0.1,0.0,45.0,65.21,0.0,0.0,0.0,120.0,65.21,397.93,41.96,0.3,0.3,9.75,40.06,2.63,22.33,32.07,55.61,21.36
2018-01-12 17:21:00,1,1,71.73,72.0,68.0,65.18,65.21,68.13,0.1,0.1,0.0,45.0,65.21,0.0,0.0,0.0,120.0,65.21,397.93,41.96,0.3,0.3,9.75,40.01,2.63,22.33,32.13,55.61,21.35
2018-01-12 17:22:00,1,1,71.72,72.0,68.0,65.16,65.2,68.12,0.1,0.1,0.0,45.0,65.19,0.0,0.0,0.0,120.0,65.2,397.93,41.96,0.3,0.3,9.75,39.96,2.63,22.32,32.2,55.63,21.35
2018-01-12 17:23:00,1,1,71.71,72.0,68.0,65.14,65.18,68.11,0.1,0.1,0.0,45.0,65.18,0.0,0.0,0.0,120.0,65.19,397.93,41.96,0.3,0.3,9.75,39.91,2.63,22.32,32.26,55.65,21.34
2018-01-12 17:24:00,1,1,71.69,72.0,68.0,65.12,65.17,68.09,0.1,0.1,0.0,45.0,65.16,0.0,0.0,0.0,120.0,65.17,397.93,41.96,0.3,0.3,9.75,39.86,2.63,22.32,32.32,55.68,21.34
2018-01-12 17:25:00,1,1,71.67,72.0,68.0,65.1,65.15,68.07,0.1,0.1,0.0,45.0,65.14,0.0,0.0,0.0,120.0,65.15,397.93,41.96,0.3,0.3,9.75,39.81,2.63,22.32,32.39,55.72,21.34
2018-01-12 17:26:00,1,1,71.65,72.0,68.0,65.08,65.13,68.05,0.1,0.1,0.0,45.0,65.12,0.0,0.0,0.0,120.0,65.13,397.93,41.96,0.3,0.3,9.75,39.76,2.63,22.31,32.45,55.76,21.34
2018-01-12 17:27:00,1,1,71.63,72.0,68.0,65.05,65.1,68.03,0.09,0.09,0.0,45.0,65.1,0.0,0.0,0.0,120.0,65.11,397.93,41.96,0.3,0.3,9.75,39.7,2.63,22.31,32.52,55.8,21.33
2018-01-12 17:28:00,1,1,71.61,72.0,68.0,65.03,65.08,68.01,0.09,0.09,0.0,45.0,65.07,0.0,0.0,0.0,120.0,65.08,397.93,41.96,0.3,0.3,9.75,39.65,2.63,22.31,32.58,55.84,21.33
2018-01-12 17:29:00,1,1,71.59,72.0,68.0,65.0,65.05,67.99,0.09,0.09,0.0,45.0,65.05,0.0,0.0,0.0,120.0,65.06,397.93,41.96,0.3,0.3,9.75,39.6,2.63,22.31,32.65,55.89,21.33
2018-01-12 17:30:00,1,1,71.56,72.0,68.0,64.97,65.03,67.96,0.09,0.09,0.0,45.0,65.02,0.0,0.0,0.0,120.0,65.03,397.93,41.96,0.3,0.3,9.75,39.55,2.63,22.32,32.71,55.94,21.33
2018-01-12 17:31:00,1,1,71.54,72.0,68.0,64.94,65.0,67.94,0.09,0.09,0.0,45.0,64.99,0.0,0.0,0.0,120.0,65.01,397.93,41.96,0.3,0.3,9.75,39.5,2.63,22.32,32.78,55.99,21.32
2018-01-12 17:32:00,1,1,71.51,72.0,68.0,64.91,64.97,67.91,0.09,0.09,0.0,45.0,64.97,0.0,0.0,0.0,120.0,64.98,397.93,41.96,0.3,0.3,9.75,39.45,2.63,22.32,32.85,56.04,21.32
2018-01-12 17:33:00,1,1,71.48,72.0,68.0,64.88,64.94,67.88,0.08,0.08,0.0,45.0,64.94,0.0,0.0,0.0,120.0,64.95,397.93,41.96,0.3,0.3,9.75,39.39,2.63,22.32,32.92,56.1,21.31
2018-01-12 17:34:00,1,1,71.45,72.0,68.0,64.85,64.91,67.85,0.08,0.08,0.0,45.0,64.91,0.0,0.0,0.0,120.0,64.92,397.93,41.96,0.3,0.3,9.75,39.34,2.63,22.32,32.99,56.15,21.31
2018-01-12 17:35:00,1,1,71.42,72.0,68.0,64.82,64.88,67.82,0.08,0.08,0.0,45.0,64.88,0.0,0.0,0.0,120.0,64.89,397.93,41.96,0.3,0.3,9.75,39.29,2.63,22.32,33.06,56.21,21.3
2018-01-12 17:36:00,1,1,71.39,72.0,68.0,64.79,64.85,67.79,0.08,0.08,0.0,45.0,64.84,0.0,0.0,0.0,120.0,64.86,397.93,41.96,0.3,0.3,9.75,39.24,2.63,22.32,33.13,56.27,21.3
2018-01-12 17:37:00,1,1,71.36,72.0,68.0,64.76,64.82,67.76,0.07,0.07,0.0,45.0,64.81,0.0,0.0,0.0,120.0,64.82,397.93,41.96,0.3,0.3,9.75,39.18,2.63,22.32,33.2,56.33,21.29
2018-01-12 17:38:00,1,1,71.33,72.0,68.0,64.72,64.79,67.73,0.07,0.07,0.0,45.0,64.78,0.0,0.0,0.0,120.0,64.79,397.93,41.96,0.3,0.3,9.75,39.13,2.63,22.32,33.27,56.39,21.29
2018-01-12 17:39:00,1,1,71.3,72.0,68.0,64.69,64.75,67.7,0.07,0.07,0.0,45.0,64.75,0.0,0.0,0.0,120.0,64.76,397.93,41.96,0.3,0.3,9.75,39.08,2.63,22.32,33.34,56.45,21.28
2018-01-12 17:40:00,1,1,71.27,72.0,68.0,64.66,64.72,67.67,0.06,0.06,0.0,45.0,64.71,0.0,0.0,0.0,120.0,64.73,397.93,41.96,0.3,0.3,9.75,39.03,2.63,22.32,33.41,56.51,21.28
2018-01-12 17:41:00,1,1,71.24,72.0,68.0,64.62,64.69,67.64,0.06,0.06,0.0,45.0,64.68,0.0,0.0,0.0,120.0,64.69,397.93,41.96,0.3,0.3,9.75,38.97,2.63,22.32,33.49,56.58,21.27
2018-01-12 17:42:00,1,1,71.21,72.0,68.0,64.59,64.65,67.61,0.06,0.06,0.0,45.0,64.64,0.0,0.0,0.0,120.0,64.66,397.93,41.96,0.3,0.3,9.75,38.92,2.63,22.32,33.56,56.64,21.27
2018-01-12 17:43:00,1,1,71.17,72.0,68.0,64.55,64.62,67.57,0.05,0.05,0.0,45.0,64.61,0.0,0.0,0.0,120.0,64.62,397.93,41.96,0.3,0.3,9.75,38.87,2.63,22.32,33.63,56.71,21.26
2018-01-12 17:44:00,1,1,71.14,72.0,68.0,64.52,64.58,67.54,0.05,0.05,0.0,45.0,64.57,0.0,0.0,0.0,120.0,64.59,397.93,41.96,0.3,0.3,9.75,38.81,2.63,22.32,33.71,56.78,21.26
2018-01-12 17:45:00,1,1,71.11,72.0,68.0,64.48,64.55,67.51,0.05,0.05,0.0,45.0,64.54,0.0,0.0,0.0,120.0,64.55,397.93,41.96,0.3,0.3,9.75,38.76,2.63,22.32,33.78,56.84,21.25
2018-01-12 17:46:00,1,1,71.07,72.0,68.0,64.45,64.51,67.47,0.04,0.04,0.0,45.0,64.5,0.0,0.0,0.0,120.0,64.52,397.93,41.96,0.3,0.3,9.75,38.71,2.63,22.32,33.86,56.91,21.24
2018-01-12 17:47:00,1,1,71.04,72.0,68.0,64.41,64.48,67.44,0.04,0.04,0.0,45.0,64.47,0.0,0.0,0.0,120.0,64.48,397.93,41.96,0.3,0.3,9.75,38.66,2.63,22.32,33.93,56.98,21.23
2018-01-12 17:48:00,1,1,71.0,72.0,68.0,64.37,64.44,67.4,0.04,0.04,0.0,45.0,64.43,0.0,0.0,0.0,120.0,64.45,397.93,41.96,0.3,0.3,9.75,38.6,2.63,22.32,34.01,57.05,21.23
2018-01-12 17:49:00,1,1,71.15,72.0,68.0,55.2,64.42,67.55,0.0,0.0,0.0,45.0,64.4,0.0,0.0,0.0,120.0,64.42,0.01,0.88,0.3,0.3,0.0,38.55,0.5,26.47,34.09,57.08,21.2
2018-01-12 17:50:00,1,1,71.44,72.0,68.0,53.46,64.42,67.84,0.0,0.0,0.0,45.0,64.37,0.0,0.0,0.0,120.0,64.42,0.01,0.88,0.3,0.3,0.0,38.5,0.07,27.33,34.16,57.09,21.19
2018-01-12 17:51:00,1,1,71.7,72.0,68.0,53.31,64.42,68.1,0.0,0.0,0.0,45.0,64.34,0.0,0.0,0.0,120.0,64.42,0.01,0.88,0.3,0.3,0.0,38.44,0.01,27.5,34.24,57.09,21.19
2018-01-12 17:52:00,1,1,71.91,72.0,68.0,53.36,64.42,68.31,0.0,0.0,0.0,45.0,64.31,0.0,0.0,0.0,120.0,64.42,0.01,0.88,0.3,0.3,0.0,38.39,0.0,27.59,34.32,57.09,21.2
2018-01-12 17:53:00,1,1,72.09,72.0,68.0,53.41,64.42,68.49,0.0,0.0,0.0,45.0,64.28,0.0,0.0,0.0,120.0,64.42,0.01,0.88,0.3,0.3,0.0,38.34,0.0,27.69,34.4,57.09,21.24
2018-01-12 17:54:00,1,1,72.23,72.0,68.0,53.46,64.42,68.63,0.0,0.0,0.0,45.0,64.26,0.0,0.0,0.0,120.0,64.42,0.01,0.88,0.3,0.3,0.0,38.28,0.0,27.8,34.48,57.09,21.31
2018-01-12 17:55:00,1,1,72.35,72.0,68.0,53.49,64.41,68.75,0.0,0.0,0.0,45.0,64.23,0.0,0.0,0.0,120.0,64.41,0.01,0.88,0.3,0.3,0.0,38.23,0.0,27.92,34.56,57.1,21.39
2018-01-12 17:56:00,1,1,72.38,72.0,68.0,59.36,64.42,68.78,0.0,0.0,0.0,45.0,64.27,0.0,0.0,0.0,120.0,64.41,397.93,41.96,0.3,0.3,9.75,38.18,1.28,25.47,34.64,57.09,21.51
2018-01-12 17:57:00,1,1,72.09,72.0,68.0,64.46,64.77,68.49,0.0,0.0,0.0,45.0,64.83,0.0,0.0,0.0,120.0,64.68,397.93,41.96,0.3,0.3,9.75,38.12,2.45,23.29,34.72,56.43,21.73
2018-01-12 17:58:00,1,1,71.82,72.0,68.0,64.94,65.0,68.22,0.0,0.0,0.0,45.0,65.03,0.0,0.0,0.0,120.0,64.97,397.93,41.96,0.3,0.3,9.75,38.07,2.6,23.09,34.8,55.99,21.9
2018-01-12 17:59:00,1,1,71.61,72.0,68.0,64.84,64.99,68.01,0.0,0.0,0.0,45.0,64.99,0.0,0.0,0.0,120.0,65.01,397.93,41.96,0.3,0.3,9.75,38.02,2.62,23.13,34.88,56.0,22.0
2018-01-12 18:00:00,1,1,71.43,72.0,68.0,64.69,64.88,67.83,0.0,0.0,0.0,45.0,64.86,0.0,0.0,0.0,120.0,64.91,397.93,41.96,0.3,0.3,9.75,37.96,2.63,23.18,34.96,56.21,22.05
2018-01-12 18:01:00,2,1,71.51,85.0,55.0,54.51,64.84,67.91,0.0,0.0,0.0,45.0,64.77,0.0,0.0,0.0,120.0,64.84,0.0,0.88,0.0,0.0,0.0,37.91,0.36,27.84,35.04,56.29,22.08
2018-01-12 18:02:00,2,1,71.7,85.0,55.0,53.2,64.83,68.1,0.0,0.0,0.0,45.0,64.73,0.0,0.0,0.0,120.0,64.83,0.0,0.88,0.0,0.0,0.0,37.86,0.05,28.53,35.12,56.3,22.09
2018-01-12 18:03:00,2,1,71.87,85.0,55.0,53.07,64.83,68.27,0.0,0.0,0.0,45.0,64.7,0.0,0.0,0.0,120.0,64.83,0.0,0.88,0.0,0.0,0.0,37.8,0.01,28.69,35.2,56.3,22.12
2018-01-12 18:04:00,2,1,72.01,85.0,55.0,53.08,64.83,68.41,0.0,0.0,0.0,45.0,64.67,0.0,0.0,0.0,120.0,64.83,0.0,0.88,0.0,0.0,0.0,37.75,0.0,28.81,35.28,56.31,22.17
2018-01-12 18:05:00,2,1,72.11,85.0,55.0,53.11,64.83,68.51,0.0,0.0,0.0,45.0,64.64,0.0,0.0,0.0,120.0,64.83,0.0,0.88,0.0,0.0,0.0,37.7,0.0,28.92,35.36,56.31,22.24
2018-01-12 18:06:00,2,1,72.2,85.0,55.0,53.12,64.83,68.6,0.0,0.0,0.0,45.0,64.61,0.0,0.0,0.0,120.0,64.83,0.0,0.88,0.0,0.0,0.0,37.64,0.0,29.05,35.45,56.31,22.33
2018-01-12 18:07:00,2,1,72.27,85.0,55.0,53.13,64.83,68.67,0.0,0.0,0.0,45.0,64.58,0.0,0.0,0.0,120.0,64.83,0.0,0.88,0.0,0.0,0.0,37.59,0.0,29.18,35.53,56.32,22.43
2018-01-12 18:08:00,2,1,72.33,85.0,55.0,53.13,64.82,68.73,0.0,0.0,0.0,45.0,64.55,0.0,0.0,0.0,120.0,64.82,0.0,0.88,0.0,0.0,0.0,37.53,0.0,29.32,35.61,56.32,22.54
2018-01-12 18:09:00,2,1,72.37,85.0,55.0,53.13,64.82,68.77,0.0,0.0,0.0,45.0,64.52,0.0,0.0,0.0,120.0,64.82,0.0,0.88,0.0,0.0,0.0,37.48,0.0,29.47,35.69,56.32,22.66
2018-01-12 18:10:00,2,1,72.4,85.0,55.0,53.12,64.82,68.8,0.0,0.0,0.0,45.0,64.5,0.0,0.0,0.0,120.0,64.82,0.0,0.88,0.0,0.0,0.0,37.43,0.0,29.62,35.78,56.33,22.79
2018-01-12 18:11:00,2,1,72.43,85.0,55.0,53.1,64.82,68.83,0.0,0.0,0.0,45.0,64.47,0.0,0.0,0.0,120.0,64.82,0.0,0.88,0.0,0.0,0.0,37.38,0.0,29.77,35.86,56.33,22.93
2018-01-12 18:12:00,2,1,72.45,85.0,55.0,53.08,64.81,68.85,0.0,0.0,0.0,45.0,64.44,0.0,0.0,0.0,120.0,64.81,0.0,0.88,0.0,0.0,0.0,37.32,0.0,29.93,35.94,56.34,23.06
2018-01-12 18:13:00,2,1,72.46,85.0,55.0,53.06,64.81,68.86,0.0,0.0,0.0,45.0,64.41,0.0,0.0,0.0,120.0,64.81,0.0,0.88,0.0,0.0,0.0,37.27,0.0,30.09,36.03,56.35,23.21
2018-01-12 18:14:00,2,1,72.46,85.0,55.0,53.04,64.81,68.86,0.0,0.0,0.0,45.0,64.38,0.0,0.0,0.0,120.0,64.81,0.0,0.88,0.0,0.0,0.0,37.22,0.0,30.25,36.11,56.35,23.35
2018-01-12 18:15:00,2,1,72.47,85.0,55.0,53.02,64.8,68.87,0.0,0.0,0.0,45.0,64.35,0.0,0.0,0.0,120.0,64.8,0.0,0.88,0.0,0.0,0.0,37.16,0.0,30.41,36.19,56.36,23.5
2018-01-12 18:16:00,2,1,72.47,85.0,55.0,52.99,64.8,68.87,0.0,0.0,0.0,45.0,64.32,0.0,0.0,0.0,120.0,64.8,0.0,0.88,0.0,0.0,0.0,37.11,0.0,30.58,36.28,56.37,23.65
2018-01-12 18:17:00,2,1,72.46,85.0,55.0,52.96,64.79,68.86,0.0,0.0,0.0,45.0,64.29,0.0,0.0,0.0,120.0,64.79,0.0,0.88,0.0,0.0,0.0,37.06,0.0,30.74,36.36,56.38,23.8
2018-01-12 18:18:00,2,1,72.45,85.0,55.0,52.93,64.79,68.85,0.0,0.0,0.0,45.0,64.26,0.0,0.0,0.0,120.0,64.79,0.0,0.88,0.0,0.0,0.0,37.01,0.0,30.91,36.45,56.38,23.95
2018-01-12 18:19:00,2,1,72.44,85.0,55.0,52.9,64.78,68.84,0.0,0.0,0.0,45.0,64.23,0.0,0.0,0.0,120.0,64.78,0.0,0.88,0.0,0.0,0.0,36.96,0.0,31.07,36.53,56.39,24.1
2018-01-12 18:20:00,2,1,72.43,85.0,55.0,52.87,64.78,68.83,0.0,0.0,0.0,45.0,64.2,0.0,0.0,0.0,120.0,64.78,0.0,0.88,0.0,0.0,0.0,36.9,0.0,31.24,36.62,56.4,24.25
2018-01-12 18:21:00,2,1,72.42,85.0,55.0,52.84,64.77,68.82,0.0,0.0,0.0,45.0,64.17,0.0,0.0,0.0,120.0,64.77,0.0,0.88,0.0,0.0,0.0,36.85,0.0,31.4,36.7,56.41,24.4
2018-01-12 18:22:00,2,1,72.4,85.0,55.0,52.8,64.77,68.8,0.0,0.0,0.0,45.0,64.14,0.0,0.0,0.0,120.0,64.77,0.0,0.88,0.0,0.0,0.0,36.8,0.0,31.57,36.79,56.42,24.56
2018-01-12 18:23:00,2,1,72.39,85.0,55.0,52.77,64.76,68.79,0.0,0.0,0.0,45.0,64.12,0.0,0.0,0.0,120.0,64.76,0.0,0.88,0.0,0.0,0.0,36.75,0.0,31.73,36.87,56.43,24.71
2018-01-12 18:24:00,2,1,72.37,85.0,55.0,52.73,64.76,68.77,0.0,0.0,0.0,45.0,64.09,0.0,0.0,0.0,120.0,64.76,0.0,0.88,0.0,0.0,0.0,36.7,0.0,31.9,36.96,56.44,24.86
2018-01-12 18:25:00,2,1,72.35,85.0,55.0,52.7,64.75,68.75,0.0,0.0,0.0,45.0,64.06,0.0,0.0,0.0,120.0,64.75,0.0,0.88,0.0,0.0,0.0,36.65,0.0,32.06,37.04,56.45,25.01
2018-01-12 18:26:00,2,1,72.33,85.0,55.0,52.67,64.75,68.73,0.0,0.0,0.0,45.0,64.03,0.0,0.0,0.0,120.0,64.75,0.0,0.88,0.0,0.0,0.0,36.6,0.0,32.23,37.13,56.47,25.17
2018-01-12 18:27:00,2,1,72.31,85.0,55.0,52.63,64.74,68.71,0.0,0.0,0.0,45.0,64.0,0.0,0.0,0.0,120.0,64.74,0.0,0.88,0.0,0.0,0.0,36.55,0.0,32.39,37.21,56.48,25.32
2018-01-12 18:28:00,2,1,72.29,85.0,55.0,52.59,64.73,68.69,0.0,0.0,0.0,45.0,63.97,0.0,0.0,0.0,120.0,64.73,0.0,0.88,0.0,0.0,0.0,36.5,0.0,32.56,37.3,56.49,25.47
2018-01-12 18:29:00,2,1,72.27,85.0,55.0,52.56,64.73,68.67,0.0,0.0,0.0,45.0,63.94,0.0,0.0,0.0,120.0,64.73,0.0,0.88,0.0,0.0,0.0,36.45,0.0,32.72,37.39,56.5,25.62
2018-01-12 18:30:00,2,1,72.25,85.0,55.0,52.52,64.72,68.65,0.0,0.0,0.0,45.0,63.91,0.0,0.0,0.0,120.0,64.72,0.0,0.88,0.0,0.0,0.0,36.4,0.0,32.88,37.47,56.52,25.77
2018-01-12 18:31:00,2,1,72.22,85.0,55.0,52.49,64.71,68.62,0.0,0.0,0.0,45.0,63.88,0.0,0.0,0.0,120.0,64.71,0.0,0.88,0.0,0.0,0.0,36.35,0.0,33.04,37.56,56.53,25.92
2018-01-12 18:32:00,2,1,72.2,85.0,55.0,52.45,64.7,68.6,0.0,0.0,0.0,45.0,63.85,0.0,0.0,0.0,120.0,64.7,0.0,0.88,0.0,0.0,0.0,36.3,0.0,33.21,37.64,56.54,26.07
2018-01-12 18:33:00,2,1,72.18,85.0,55.0,52.41,64.7,68.58,0.0,0.0,0.0,45.0,63.82,0.0,0.0,0.0,120.0,64.7,0.0,0.88,0.0,0.0,0.0,36.25,0.0,33.37,37.73,56.56,26.22
2018-01-12 18:34:00,2,1,72.15,85.0,55.0,52.38,64.69,68.55,0.0,0.0,0.0,45.0,63.79,0.0,0.0,0.0,120.0,64.69,0.0,0.88,0.0,0.0,0.0,36.2,0.0,33.53,37.81,56.57,26.37
2018-01-12 18:35:00,2,1,72.13,85.0,55.0,52.34,64.68,68.53,0.0,0.0,0.0,45.0,63.76,0.0,0.0,0.0,120.0,64.68,0.0,0.88,0.0,0.0,0.0,36.16,0.0,33.68,37.9,56.59,26.51
2018-01-12 18:36:00,2,1,72.1,85.0,55.0,52.31,64.67,68.5,0.0,0.0,0.0,45.0,63.73,0.0,0.0,0.0,120.0,64.67,0.0,0.88,0.0,0.0,0.0,36.11,0.0,33.84,37.99,56.6,26.66
2018-01-12 18:37:00,2,1,72.08,85.0,55.0,52.27,64.66,68.48,0.0,0.0,0.0,45.0,63.71,0.0,0.0,0.0,120.0,64.66,0.0,0.88,0.0,0.0,0.0,36.06,0.0,34.0,38.07,56.62,26.8
2018-01-12 18:38:00,2,1,72.05,85.0,55.0,52.23,64.66,68.45,0.0,0.0,0.0,45.0,63.68,0.0,0.0,0.0,120.0,64.66,0.0,0.88,0.0,0.0,0.0,36.01,0.0,34.16,38.16,56.63,26.95
2018-01-12 18:39:00,2,1,72.03,85.0,55.0,52.2,64.65,68.43,0.0,0.0,0.0,45.0,63.65,0.0,0.0,0.0,120.0,64.65,0.0,0.88,0.0,0.0,0.0,35.97,0.0,34.31,38.24,56.65,27.09
2018-01-12 18:40:00,2,1,72.01,85.0,55.0,52.16,64.64,68.41,0.0,0.0,0.0,45.0,63.62,0.0,0.0,0.0,120.0,64.64,0.0,0.88,0.0,0.0,0.0,35.92,0.0,34.47,38.33,56.67,27.23
2018-01-12 18:41:00,2,1,71.98,85.0,55.0,52.13,64.63,68.38,0.0,0.0,0.0,45.0,63.59,0.0,0.0,0.0,120.0,64.63,0.0,0.88,0.0,0.0,0.0,35.88,0.0,34.62,38.41,56.68,27.37
2018-01-12 18:42:00,2,1,71.96,85.0,55.0,52.09,64.62,68.36,0.0,0.0,0.0,45.0,63.56,0.0,0.0,0.0,120.0,64.62,0.0,0.88,0.0,0.0,0.0,35.83,0.0,34.78,38.5,56.7,27.51
2018-01-12 18:43:00,2,1,71.93,85.0,55.0,52.06,64.61,68.33,0.0,0.0,0.0,45.0,63.53,0.0,0.0,0.0,120.0,64.61,0.0,0.88,0.0,0.0,0.0,35.78,0.0,34.93,38.58,56.72,27.65
2018-01-12 18:44:00,2,1,71.91,85.0,55.0,52.02,64.6,68.31,0.0,0.0,0.0,45.0,63.5,0.0,0.0,0.0,120.0,64.6,0.0,0.88,0.0,0.0,0.0,35.74,0.0,35.08,38.66,56.74,27.79
2018-01-12 18:45:00,2,1,71.88,85.0,55.0,51.99,64.59,68.28,0.0,0.0,0.0,45.0,63.47,0.0,0.0,0.0,120.0,64.59,0.0,0.88,0.0,0.0,0.0,35.69,0.0,35.23,38.75,56.76,27.93
2018-01-12 18:46:00,2,1,71.86,85.0,55.0,51.95,64.58,68.26,0.0,0.0,0.0,45.0,63.44,0.0,0.0,0.0,120.0,64.58,0.0,0.88,0.0,0.0,0.0,35.65,0.0,35.38,38.83,56.77,28.06
2018-01-12 18:47:00,2,1,71.83,85.0,55.0,51.92,64.57,68.23,0.0,0.0,0.0,45.0,63.41,0.0,0.0,0.0,120.0,64.57,0.0,0.88,0.0,0.0,0.0,35.61,0.0,35.53,38.92,56.79,28.2
2018-01-12 18:48:00,2,1,71.81,85.0,55.0,51.89,64.56,68.21,0.0,0.0,0.0,45.0,63.38,0.0,0.0,0.0,120.0,64.56,0.0,0.88,0.0,0.0,0.0,35.56,0.0,35.67,39.0,56.81,28.33
2018-01-12 18:49:00,2,1,71.78,85.0,55.0,51.85,64.55,68.18,0.0,0.0,0.0,45.0,63.35,0.0,0.0,0.0,120.0,64.55,0.0,0.88,0.0,0.0,0.0,35.52,0.0,35.82,39.08,56.83,28.46
2018-01-12 18:50:00,2,1,71.76,85.0,55.0,51.82,64.54,68.16,0.0,0.0,0.0,45.0,63.32,0.0,0.0,0.0,120.0,64.54,0.0,0.88,0.0,0.0,0.0,35.48,0.0,35.96,39.17,56.85,28.59
2018-01-12 18:51:00,2,1,71.74,85.0,55.0,51.79,64.53,68.14,0.0,0.0,0.0,45.0,63.29,0.0,0.0,0.0,120.0,64.53,0.0,0.88,0.0,0.0,0.0,35.44,0.0,36.11,39.25,56.87,28.73
2018-01-12 18:52:00,2,1,71.71,85.0,55.0,51.75,64.52,68.11,0.0,0.0,0.0,45.0,63.26,0.0,0.0,0.0,120.0,64.52,0.0,0.88,0.0,0.0,0.0,35.39,0.0,36.25,39.33,56.89,28.85
2018-01-12 18:53:00,2,1,71.69,85.0,55.0,51.72,64.51,68.09,0.0,0.0,0.0,45.0,63.23,0.0,0.0,0.0,120.0,64.51,0.0,0.88,0.0,0.0,0.0,35.35,0.0,36.39,39.41,56.92,28.98
2018-01-12 18:54:00,2,1,71.67,85.0,55.0,51.69,64.5,68.07,0.0,0.0,0.0,45.0,63.2,0.0,0.0,0.0,120.0,64.5,0.0,0.88,0.0,0.0,0.0,35.31,0.0,36.53,39.49,56.94,29.11
2018-01-12 18:55:00,2,1,71.64,85.0,55.0,51.66,64.49,68.04,0.0,0.0,0.0,45.0,63.17,0.0,0.0,0.0,120.0,64.49,0.0,0.88,0.0,0.0,0.0,35.27,0.0,36.67,39.57,56.96,29.23
2018-01-12 18:56:00,2,1,71.62,85.0,55.0,51.63,64.47,68.02,0.0,0.0,0.0,45.0,63.14,0.0,0.0,0.0,120.0,64.47,0.0,0.88,0.0,0.0,0.0,35.23,0.0,36.81,39.65,56.98,29.36
2018-01-12 18:57:00,2,1,71.6,85.0,55.0,51.6,64.46,68.0,0.0,0.0,0.0,45.0,63.11,0.0,0.0,0.0,120.0,64.46,0.0,0.88,0.0,0.0,0.0,35.19,0.0,36.95,39.73,57.0,29.48
2018-01-12 18:58:00,2,1,71.58,85.0,55.0,51.56,64.45,67.98,0.0,0.0,0.0,45.0,63.08,0.0,0.0,0.0,120.0,64.45,0.0,0.88,0.0,0.0,0.0,35.15,0.0,37.09,39.81,57.03,29.6
2018-01-12 18:59:00,2,1,71.55,85.0,55.0,51.53,64.44,67.95,0.0,0.0,0.0,45.0,63.05,0.0,0.0,0.0,120.0,64.44,0.0,0.88,0.0,0.0,0.0,35.12,0.0,37.22,39.89,57.05,29.71
2018-01-12 19:00:00,2,1,71.53,85.0,55.0,51.51,64.43,67.93,0.0,0.0,0.0,45.0,63.02,0.0,0.0,0.0,120.0,64.43,0.0,0.88,0.0,0.0,0.0,35.08,0.0,37.36,39.97,57.07,29.83
2018-01-12 19:01:00,2,1,71.51,85.0,55.0,51.48,64.41,67.91,0.0,0.0,0.0,45.0,62.99,0.0,0.0,0.0,120.0,64.41,0.0,0.88,0.0,0.0,0.0,35.04,0.0,37.49,40.04,57.1,29.94
2018-01-12 19:02:00,2,1,71.49,85.0,55.0,51.45,64.4,67.89,0.0,0.0,0.0,45.0,62.96,0.0,0.0,0.0,120.0,64.4,0.0,0.88,0.0,0.0,0.0,35.0,0.0,37.61,40.11,57.12,30.05
2018-01-12 19:03:00,2,1,71.47,85.0,55.0,51.42,64.39,67.87,0.0,0.0,0.0,45.0,62.94,0.0,0.0,0.0,120.0,64.39,0.0,0.88,0.0,0.0,0.0,34.97,0.0,37.74,40.18,57.14,30.16
2018-01-12 19:04:00,2,1,71.46,85.0,55.0,51.4,64.38,67.86,0.0,0.0,0.0,45.0,62.91,0.0,0.0,0.0,120.0,64.38,0.0,0.88,0.0,0.0,0.0,34.93,0.0,37.87,40.24,57.17,30.27
2018-01-12 19:05:00,2,1,71.44,85.0,55.0,51.37,64.36,67.84,0.0,0.0,0.0,45.0,62.88,0.0,0.0,0.0,120.0,64.36,0.0,0.88,0.0,0.0,0.0,34.9,0.0,37.99,40.31,57.19,30.38
2018-01-12 19:06:00,2,1,71.43,85.0,55.0,51.35,64.35,67.83,0.0,0.0,0.0,45.0,62.85,0.0,0.0,0.0,120.0,64.35,0.0,0.88,0.0,0.0,0.0,34.87,0.0,38.11,40.37,57.22,30.48
2018-01-12 19:07:00,2,1,71.41,85.0,55.0,51.32,64.34,67.81,0.0,0.0,0.0,45.0,62.82,0.0,0.0,0.0,120.0,64.34,0.0,0.88,0.0,0.0,0.0,34.83,0.0,38.24,40.44,57.24,30.59
2018-01-12 19:08:00,2,1,71.4,85.0,55.0,51.3,64.32,67.8,0.0,0.0,0.0,45.0,62.79,0.0,0.0,0.0,120.0,64.32,0.0,0.88,0.0,0.0,0.0,34.8,0.0,38.36,40.5,57.27,30.69
2018-01-12 19:09:00,2,1,71.39,85.0,55.0,51.28,64.31,67.79,0.0,0.0,0.0,45.0,62.76,0.0,0.0,0.0,120.0,64.31,0.0,0.88,0.0,0.0,0.0,34.77,0.0,38.48,40.56,57.3,30.8
2018-01-12 19:10:00,2,1,71.38,85.0,55.0,51.26,64.3,67.78,0.0,0.0,0.0,45.0,62.73,0.0,0.0,0.0,120.0,64.3,0.0,0.88,0.0,0.0,0.0,34.74,0.0,38.6,40.62,57.32,30.9
2018-01-12 19:11:00,2,1,71.37,85.0,55.0,51.24,64.28,67.77,0.0,0.0,0.0,45.0,62.7,0.0,0.0,0.0,120.0,64.28,0.0,0.88,0.0,0.0,0.0,34.7,0.0,38.72,40.69,57.35,31.0
2018-01-12 19:12:00,2,1,71.36,85.0,55.0,51.22,64.27,67.76,0.0,0.0,0.0,45.0,62.67,0.0,0.0,0.0,120.0,64.27,0.0,0.88,0.0,0.0,0.0,34.67,0.0,38.83,40.75,57.38,31.11
2018-01-12 19:13:00,2,1,71.35,85.0,55.0,51.2,64.26,67.75,0.0,0.0,0.0,45.0,62.64,0.0,0.0,0.0,120.0,64.26,0.0,0.88,0.0,0.0,0.0,34.64,0.0,38.95,40.81,57.4,31.21
2018-01-12 19:14:00,2,1,71.34,85.0,55.0,51.18,64.24,67.74,0.0,0.0,0.0,45.0,62.61,0.0,0.0,0.0,120.0,64.24,0.0,0.88,0.0,0.0,0.0,34.61,0.0,39.07,40.87,57.43,31.31
2018-01-12 19:15:00,2,1,71.34,85.0,55.0,51.16,64.23,67.74,0.0,0.0,0.0,45.0,62.58,0.0,0.0,0.0,120.0,64.23,0.0,0.88,0.0,0.0,0.0,34.59,0.0,39.18,40.93,57.46,31.41
2018-01-12 19:16:00,2,1,71.33,85.0,55.0,51.14,64.21,67.73,0.0,0.0,0.0,45.0,62.55,0.0,0.0,0.0,120.0,64.21,0.0,0.88,0.0,0.0,0.0,34.56,0.0,39.3,40.98,57.49,31.51
2018-01-12 19:17:00,2,1,71.32,85.0,55.0,51.13,64.2,67.72,0.0,0.0,0.0,45.0,62.52,0.0,0.0,0.0,120.0,64.2,0.0,0.88,0.0,0.0,0.0,34.53,0.0,39.41,41.04,57.52,31.6
2018-01-12 19:18:00,2,1,71.32,85.0,55.0,51.11,64.18,67.72,0.0,0.0,0.0,45.0,62.49,0.0,0.0,0.0,120.0,64.18,0.0,0.88,0.0,0.0,0.0,34.5,0.0,39.52,41.1,57.54,31.7
2018-01-12 19:19:00,2,1,71.31,85.0,55.0,51.09,64.17,67.71,0.0,0.0,0.0,45.0,62.46,0.0,0.0,0.0,120.0,64.17,0.0,0.88,0.0,0.0,0.0,34.48,0.0,39.64,41.16,57.57,31.8
2018-01-12 19:20:00,2,1,71.31,85.0,55.0,51.08,64.15,67.71,0.0,0.0,0.0,45.0,62.43,0.0,0.0,0.0,120.0,64.15,0.0,0.88,0.0,0.0,0.0,34.45,0.0,39.75,41.21,57.6,31.9
2018-01-12 19:21:00,2,1,71.3,85.0,55.0,51.06,64.14,67.7,0.0,0.0,0.0,45.0,62.4,0.0,0.0,0.0,120.0,64.14,0.0,0.88,0.0,0.0,0.0,34.42,0.0,39.86,41.27,57.63,31.99
2018-01-12 19:22:00,2,1,71.3,85.0,55.0,51.05,64.12,67.7,0.0,0.0,0.0,45.0,62.38,0.0,0.0,0.0,120.0,64.12,0.0,0.88,0.0,0.0,0.0,34.4,0.0,39.97,41.32,57.66,32.09
2018-01-12 19:23:00,2,1,71.29,85.0,55.0,51.03,64.11,67.69,0.0,0.0,0.0,45.0,62.35,0.0,0.0,0.0,120.0,64.11,0.0,0.88,0.0,0.0,0.0,34.38,0.0,40.08,41.38,57.69,32.19
2018-01-12 19:24:00,2,1,71.29,85.0,55.0,51.02,64.09,67.69,0.0,0.0,0.0,45.0,62.32,0.0,0.0,0.0,120.0,64.09,0.0,0.88,0.0,0.0,0.0,34.35,0.0,40.19,41.43,57.72,32.28
2018-01-12 19:25:00,2,1,71.29,85.0,55.0,51.01,64.08,67.69,0.0,0.0,0.0,45.0,62.29,0.0,0.0,0.0,120.0,64.08,0.0,0.88,0.0,0.0,0.0,34.33,0.0,40.3,41.49,57.75,32.38
2018-01-12 19:26:00,2,1,71.28,85.0,55.0,51.0,64.06,67.68,0.0,0.0,0.0,45.0,62.26,0.0,0.0,0.0,120.0,64.06,0.0,0.88,0.0,0.0,0.0,34.31,0.0,40.41,41.54,57.78,32.47
2018-01-12 19:27:00,2,1,71.28,85.0,55.0,50.98,64.05,67.68,0.0,0.0,0.0,45.0,62.23,0.0,0.0,0.0,120.0,64.05,0.0,0.88,0.0,0.0,0.0,34.29,0.0,40.52,41.59,57.82,32.57
2018-01-12 19:28:00,2,1,71.28,85.0,55.0,50.97,64.03,67.68,0.0,0.0,0.0,45.0,62.2,0.0,0.0,0.0,120.0,64.03,0.0,0.88,0.0,0.0,0.0,34.26,0.0,40.62,41.64,57.85,32.66
2018-01-12 19:29:00,2,1,71.28,85.0,55.0,50.96,64.01,67.68,0.0,0.0,0.0,45.0,62.17,0.0,0.0,0.0,120.0,64.01,0.0,0.88,0.0,0.0,0.0,34.24,0.0,40.73,41.69,57.88,32.76
2018-01-12 19:30:00,2,1,71.28,85.0,55.0,50.95,64.0,67.68,0.0,0.0,0.0,45.0,62.14,0.0,0.0,0.0,120.0,64.0,0.0,0.88,0.0,0.0,0.0,34.23,0.0,40.84,41.74,57.91,32.85
2018-01-12 19:31:00,2,1,71.28,85.0,55.0,50.94,63.98,67.68,0.0,0.0,0.0,45.0,62.11,0.0,0.0,0.0,120.0,63.98,0.0,0.88,0.0,0.0,0.0,34.21,0.0,40.94,41.79,57.94,32.95
2018-01-12 19:32:00,2,1,71.28,85.0,55.0,50.93,63.96,67.68,0.0,0.0,0.0,45.0,62.09,0.0,0.0,0.0,120.0,63.96,0.0,0.88,0.0,0.0,0.0,34.19,0.0,41.05,41.84,57.97,33.04
2018-01-12 19:33:00,2,1,71.27,85.0,55.0,50.92,63.95,67.67,0.0,0.0,0.0,45.0,62.06,0.0,0.0,0.0,120.0,63.95,0.0,0.88,0.0,0.0,0.0,34.17,0.0,41.15,41.89,58.01,33.14
2018-01-12 19:34:00,2,1,71.27,85.0,55.0,50.91,63.93,67.67,0.0,0.0,0.0,45.0,62.03,0.0,0.0,0.0,120.0,63.93,0.0,0.88,0.0,0.0,0.0,34.15,0.0,41.26,41.94,58.04,33.23
2018-01-12 19:35:00,2,1,71.27,85.0,55.0,50.91,63.92,67.67,0.0,0.0,0.0,45.0,62.0,0.0,0.0,0.0,120.0,63.92,0.0,0.88,0.0,0.0,0.0,34.14,0.0,41.36,41.99,58.07,33.32
2018-01-12 19:36:00,2,1,71.27,85.0,55.0,50.9,63.9,67.67,0.0,0.0,0.0,45.0,61.97,0.0,0.0,0.0,120.0,63.9,0.0,0.88,0.0,0.0,0.0,34.12,0.0,41.47,42.04,58.11,33.42
2018-01-12 19:37:00,2,1,71.27,85.0,55.0,50.89,63.88,67.67,0.0,0.0,0.0,45.0,61.94,0.0,0.0,0.0,120.0,63.88,0.0,0.88,0.0,0.0,0.0,34.11,0.0,41.57,42.08,58.14,33.51
2018-01-12 19:38:00,2,1,71.27,85.0,55.0,50.88,63.86,67.67,0.0,0.0,0.0,45.0,61.91,0.0,0.0,0.0,120.0,63.86,0.0,0.88,0.0,0.0,0.0,34.09,0.0,41.67,42.13,58.17,33.6
2018-01-12 19:39:00,2,1,71.27,85.0,55.0,50.88,63.85,67.67,0.0,0.0,0.0,45.0,61.89,0.0,0.0,0.0,120.0,63.85,0.0,0.88,0.0,0.0,0.0,34.08,0.0,41.77,42.17,58.21,33.7
2018-01-12 19:40:00,2,1,71.27,85.0,55.0,50.87,63.83,67.67,0.0,0.0,0.0,45.0,61.86,0.0,0.0,0.0,120.0,63.83,0.0,0.88,0.0,0.0,0.0,34.07,0.0,41.88,42.22,58.24,33.79
2018-01-12 19:41:00,2,1,71.28,85.0,55.0,50.87,63.81,67.68,0.0,0.0,0.0,45.0,61.83,0.0,0.0,0.0,120.0,63.81,0.0,0.88,0.0,0.0,0.0,34.06,0.0,41.98,42.26,58.28,33.88
2018-01-12 19:42:00,2,1,71.28,85.0,55.0,50.86,63.8,67.68,0.0,0.0,0.0,45.0,61.8,0.0,0.0,0.0,120.0,63.8,0.0,0.88,0.0,0.0,0.0,34.04,0.0,42.08,42.3,58.31,33.98
2018-01-12 19:43:00,2,1,71.28,85.0,55.0,50.86,63.78,67.68,0.0,0.0,0.0,45.0,61.77,0.0,0.0,0.0,120.0,63.78,0.0,0.88,0.0,0.0,0.0,34.03,0.0,42.18,42.35,58.35,34.07
2018-01-12 19:44:00,2,1,71.28,85.0,55.0,50.85,63.76,67.68,0.0,0.0,0.0,45.0,61.74,0.0,0.0,0.0,120.0,63.76,0.0,0.88,0.0,0.0,0.0,34.03,0.0,42.28,42.39,58.38,34.16
2018-01-12 19:45:00,2,1,71.28,85.0,55.0,50.85,63.74,67.68,0.0,0.0,0.0,45.0,61.72,0.0,0.0,0.0,120.0,63.74,0.0,0.88,0.0,0.0,0.0,34.02,0.0,42.38,42.43,58.42,34.26
2018-01-12 19:46:00,2,1,71.28,85.0,55.0,50.84,63.73,67.68,0.0,0.0,0.0,45.0,61.69,0.0,0.0,0.0,120.0,63.73,0.0,0.88,0.0,0.0,0.0,34.01,0.0,42.48,42.47,58.45,34.35
2018-01-12 19:47:00,2,1,71.28,85.0,55.0,50.84,63.71,67.68,0.0,0.0,0.0,45.0,61.66,0.0,0.0,0.0,120.0,63.71,0.0,0.88,0.0,0.0,0.0,34.0,0.0,42.58,42.51,58.49,34.44
2018-01-12 19:48:00,2,1,71.28,85.0,55.0,50.84,63.69,67.68,0.0,0.0,0.0,45.0,61.63,0.0,0.0,0.0,120.0,63.69,0.0,0.88,0.0,0.0,0.0,33.99,0.0,42.67,42.55,58.53,34.53
2018-01-12 19:49:00,2,1,71.28,85.0,55.0,50.84,63.67,67.68,0.0,0.0,0.0,45.0,61.6,0.0,0.0,0.0,120.0,63.67,0.0,0.88,0.0,0.0,0.0,33.99,0.0,42.77,42.59,58.56,34.63
2018-01-12 19:50:00,2,1,71.28,85.0,55.0,50.83,63.65,67.68,0.0,0.0,0.0,45.0,61.58,0.0,0.0,0.0,120.0,63.65,0.0,0.88,0.0,0.0,0.0,33.98,0.0,42.87,42.63,58.6,34.72
2018-01-12 19:51:00,2,1,71.28,85.0,55.0,50.83,63.64,67.68,0.0,0.0,0.0,45.0,61.55,0.0,0.0,0.0,120.0,63.64,0.0,0.88,0.0,0.0,0.0,33.98,0.0,42.96,42.67,58.64,34.81
2018-01-12 19:52:00,2,1,71.28,85.0,55.0,50.83,63.62,67.68,0.0,0.0,0.0,45.0,61.52,0.0,0.0,0.0,120.0,63.62,0.0,0.88,0.0,0.0,0.0,33.98,0.0,43.06,42.71,58.67,34.9
2018-01-12 19:53:00,2,1,71.28,85.0,55.0,50.83,63.6,67.68,0.0,0.0,0.0,45.0,61.49,0.0,0.0,0.0,120.0,63.6,0.0,0.88,0.0,0.0,0.0,33.97,0.0,43.15,42.74,58.71,35.0
2018-01-12 19:54:00,2,1,71.29,85.0,55.0,50.83,63.58,67.69,0.0,0.0,0.0,45.0,61.47,0.0,0.0,0.0,120.0,63.58,0.0,0.88,0.0,0.0,0.0,33.97,0.0,43.25,42.78,58.75,35.09
2018-01-12 19:55:00,2,1,71.29,85.0,55.0,50.83,63.56,67.69,0.0,0.0,0.0,45.0,61.44,0.0,0.0,0.0,120.0,63.56,0.0,0.88,0.0,0.0,0.0,33.97,0.0,43.34,42.81,58.79,35.18
2018-01-12 19:56:00,2,1,71.29,85.0,55.0,50.83,63.54,67.69,0.0,0.0,0.0,45.0,61.41,0.0,0.0,0.0,120.0,63.54,0.0,0.88,0.0,0.0,0.0,33.97,0.0,43.44,42.85,58.82,35.27
2018-01-12 19:57:00,2,1,71.29,85.0,55.0,50.83,63.52,67.69,0.0,0.0,0.0,45.0,61.38,0.0,0.0,0.0,120.0,63.52,0.0,0.88,0.0,0.0,0.0,33.97,0.0,43.53,42.88,58.86,35.37
2018-01-12 19:58:00,2,1,71.29,85.0,55.0,50.83,63.51,67.69,0.0,0.0,0.0,45.0,61.36,0.0,0.0,0.0,120.0,63.51,0.0,0.88,0.0,0.0,0.0,33.97,0.0,43.62,42.92,58.9,35.46
2018-01-12 19:59:00,2,1,71.29,85.0,55.0,50.83,63.49,67.69,0.0,0.0,0.0,45.0,61.33,0.0,0.0,0.0,120.0,63.49,0.0,0.88,0.0,0.0,0.0,33.98,0.0,43.72,42.95,58.94,35.55
2018-01-12 20:00:00,2,1,71.29,85.0,55.0,50.83,63.47,67.69,0.0,0.0,0.0,45.0,61.3,0.0,0.0,0.0,120.0,63.47,0.0,0.88,0.0,0.0,0.0,33.98,0.0,43.81,42.98,58.98,35.64
2018-01-12 20:01:00,2,1,71.29,85.0,55.0,50.84,63.45,67.69,0.0,0.0,0.0,45.0,61.28,0.0,0.0,0.0,120.0,63.45,0.0,0.88,0.0,0.0,0.0,34.0,0.0,43.89,43.02,59.02,35.73
2018-01-12 20:02:00,2,1,71.28,85.0,55.0,50.86,63.43,67.68,0.0,0.0,0.0,45.0,61.25,0.0,0.0,0.0,120.0,63.43,0.0,0.88,0.0,0.0,0.0,34.04,0.0,43.97,43.05,59.06,35.83
2018-01-12 20:03:00,2,1,71.28,85.0,55.0,50.88,63.41,67.68,0.0,0.0,0.0,45.0,61.22,0.0,0.0,0.0,120.0,63.41,0.0,0.88,0.0,0.0,0.0,34.07,0.0,44.04,43.08,59.1,35.92
2018-01-12 20:04:00,2,1,71.28,85.0,55.0,50.89,63.39,67.68,0.0,0.0,0.0,45.0,61.2,0.0,0.0,0.0,120.0,63.39,0.0,0.88,0.0,0.0,0.0,34.11,0.0,44.12,43.1,59.13,36.01
2018-01-12 20:05:00,2,1,71.27,85.0,55.0,50.91,63.37,67.67,0.0,0.0,0.0,45.0,61.17,0.0,0.0,0.0,120.0,63.37,0.0,0.88,0.0,0.0,0.0,34.15,0.0,44.2,43.13,59.17,36.11
2018-01-12 20:06:00,2,1,71.26,85.0,55.0,50.93,63.35,67.66,0.0,0.0,0.0,45.0,61.14,0.0,0.0,0.0,120.0,63.35,0.0,0.88,0.0,0.0,0.0,34.19,0.0,44.27,43.16,59.21,36.2
2018-01-12 20:07:00,2,1,71.25,85.0,55.0,50.94,63.33,67.65,0.0,0.0,0.0,45.0,61.12,0.0,0.0,0.0,120.0,63.33,0.0,0.88,0.0,0.0,0.0,34.23,0.0,44.35,43.19,59.25,36.29
2018-01-12 20:08:00,2,1,71.25,85.0,55.0,50.96,63.31,67.65,0.0,0.0,0.0,45.0,61.09,0.0,0.0,0.0,120.0,63.31,0.0,0.88,0.0,0.0,0.0,34.27,0.0,44.42,43.21,59.29,36.39
2018-01-12 20:09:00,2,1,71.24,85.0,55.0,50.97,63.3,67.64,0.0,0.0,0.0,45.0,61.06,0.0,0.0,0.0,120.0,63.3,0.0,0.88,0.0,0.0,0.0,34.31,0.0,44.49,43.24,59.34,36.48
2018-01-12 20:10:00,2,1,71.22,85.0,55.0,50.99,63.28,67.62,0.0,0.0,0.0,45.0,61.04,0.0,0.0,0.0,120.0,63.28,0.0,0.88,0.0,0.0,0.0,34.35,0.0,44.56,43.26,59.38,36.57
2018-01-12 20:11:00,2,1,71.21,85.0,55.0,51.0,63.26,67.61,0.0,0.0,0.0,45.0,61.01,0.0,0.0,0.0,120.0,63.26,0.0,0.88,0.0,0.0,0.0,34.39,0.0,44.64,43.29,59.42,36.66
2018-01-12 20:12:00,2,1,71.2,85.0,55.0,51.02,63.24,67.6,0.0,0.0,0.0,45.0,60.99,0.0,0.0,0.0,120.0,63.24,0.0,0.88,0.0,0.0,0.0,34.43,0.0,44.71,43.31,59.46,36.76
2018-01-12 20:13:00,2,1,71.19,85.0,55.0,51.03,63.22,67.59,0.0,0.0,0.0,45.0,60.96,0.0,0.0,0.0,120.0,63.22,0.0,0.88,0.0,0.0,0.0,34.48,0.0,44.77,43.34,59.5,36.85
2018-01-12 20:14:00,2,1,71.18,85.0,55.0,51.05,63.2,67.58,0.0,0.0,0.0,45.0,60.94,0.0,0.0,0.0,120.0,63.2,0.0,0.88,0.0,0.0,0.0,34.52,0.0,44.84,43.36,59.54,36.94
2018-01-12 20:15:00,2,1,71.16,85.0,55.0,51.06,63.18,67.56,0.0,0.0,0.0,45.0,60.91,0.0,0.0,0.0,120.0,63.18,0.0,0.88,0.0,0.0,0.0,34.56,0.0,44.91,43.38,59.58,37.03
2018-01-12 20:16:00,2,1,71.15,85.0,55.0,51.08,63.16,67.55,0.0,0.0,0.0,45.0,60.88,0.0,0.0,0.0,120.0,63.16,0.0,0.88,0.0,0.0,0.0,34.61,0.0,44.98,43.4,59.62,37.12
2018-01-12 20:17:00,2,1,71.13,85.0,55.0,51.09,63.14,67.53,0.0,0.0,0.0,45.0,60.86,0.0,0.0,0.0,120.0,63.14,0.0,0.88,0.0,0.0,0.0,34.65,0.0,45.04,43.43,59.66,37.21
2018-01-12 20:18:00,2,1,71.12,85.0,55.0,51.1,63.12,67.52,0.0,0.0,0.0,45.0,60.83,0.0,0.0,0.0,120.0,63.12,0.0,0.88,0.0,0.0,0.0,34.69,0.0,45.11,43.45,59.71,37.29
2018-01-12 20:19:00,2,1,71.1,85.0,55.0,51.12,63.1,67.5,0.0,0.0,0.0,45.0,60.81,0.0,0.0,0.0,120.0,63.1,0.0,0.88,0.0,0.0,0.0,34.73,0.0,45.17,43.47,59.75,37.38
2018-01-12 20:20:00,2,1,71.09,85.0,55.0,51.13,63.08,67.49,0.0,0.0,0.0,45.0,60.78,0.0,0.0,0.0,120.0,63.08,0.0,0.88,0.0,0.0,0.0,34.78,0.0,45.23,43.49,59.79,37.47
2018-01-12 20:21:00,2,1,71.07,85.0,55.0,51.15,63.06,67.47,0.0,0.0,0.0,45.0,60.76,0.0,0.0,0.0,120.0,63.06,0.0,0.88,0.0,0.0,0.0,34.82,0.0,45.29,43.51,59.83,37.55
2018-01-12 20:22:00,2,1,71.05,85.0,55.0,51.16,63.04,67.45,0.0,0.0,0.0,45.0,60.73,0.0,0.0,0.0,120.0,63.04,0.0,0.88,0.0,0.0,0.0,34.86,0.0,45.35,43.52,59.88,37.64
2018-01-12 20:23:00,2,1,71.04,85.0,55.0,51.17,63.02,67.44,0.0,0.0,0.0,45.0,60.71,0.0,0.0,0.0,120.0,63.02,0.0,0.88,0.0,0.0,0.0,34.91,0.0,45.41,43.54,59.92,37.72
2018-01-12 20:24:00,2,1,71.02,85.0,55.0,51.18,63.0,67.42,0.0,0.0,0.0,45.0,60.69,0.0,0.0,0.0,120.0,63.0,0.0,0.88,0.0,0.0,0.0,34.95,0.0,45.47,43.56,59.96,37.8
2018-01-12 20:25:00,2,1,71.0,85.0,55.0,51.2,62.98,67.4,0.0,0.0,0.0,45.0,60.66,0.0,0.0,0.0,120.0,62.98,0.0,0.88,0.0,0.0,0.0,34.99,0.0,45.53,43.58,60.0,37.88
2018-01-12 20:26:00,2,1,70.98,85.0,55.0,51.21,62.96,67.38,0.0,0.0,0.0,45.0,60.64,0.0,0.0,0.0,120.0,62.96,0.0,0.88,0.0,0.0,0.0,35.03,0.0,45.58,43.6,60.05,37.97
2018-01-12 20:27:00,2,1,70.96,85.0,55.0,51.22,62.94,67.36,0.0,0.0,0.0,45.0,60.61,0.0,0.0,0.0,120.0,62.94,0.0,0.88,0.0,0.0,0.0,35.08,0.0,45.64,43.61,60.09,38.04
2018-01-12 20:28:00,2,1,70.94,85.0,55.0,51.23,62.92,67.34,0.0,0.0,0.0,45.0,60.59,0.0,0.0,0.0,120.0,62.92,0.0,0.88,0.0,0.0,0.0,35.12,0.0,45.69,43.63,60.13,38.12
2018-01-12 20:29:00,2,1,70.93,85.0,55.0,51.24,62.9,67.33,0.0,0.0,0.0,45.0,60.56,0.0,0.0,0.0,120.0,62.9,0.0,0.88,0.0,0.0,0.0,35.16,0.0,45.74,43.65,60.18,38.2
2018-01-12 20:30:00,2,1,70.91,85.0,55.0,51.25,62.88,67.31,0.0,0.0,0.0,45.0,60.54,0.0,0.0,0.0,120.0,62.88,0.0,0.88,0.0,0.0,0.0,35.2,0.0,45.8,43.66,60.22,38.28
2018-01-12 20:31:00,2,1,70.89,85.0,55.0,51.26,62.86,67.29,0.0,0.0,0.0,45.0,60.52,0.0,0.0,0.0,120.0,62.86,0.0,0.88,0.0,0.0,0.0,35.24,0.0,45.85,43.68,60.26,38.35
2018-01-12 20:32:00,2,1,70.87,85.0,55.0,51.27,62.83,67.27,0.0,0.0,0.0,45.0,60.49,0.0,0.0,0.0,120.0,62.83,0.0,0.88,0.0,0.0,0.0,35.28,0.0,45.9,43.69,60.31,38.43
2018-01-12 20:33:00,2,1,70.85,85.0,55.0,51.28,62.81,67.25,0.0,0.0,0.0,45.0,60.47,0.0,0.0,0.0,120.0,62.81,0.0,0.88,0.0,0.0,0.0,35.32,0.0,45.95,43.71,60.35,38.5
2018-01-12 20:34:00,2,1,70.83,85.0,55.0,51.29,62.79,67.23,0.0,0.0,0.0,45.0,60.44,0.0,0.0,0.0,120.0,62.79,0.0,0.88,0.0,0.0,0.0,35.36,0.0,45.99,43.72,60.4,38.57
2018-01-12 20:35:00,2,1,70.81,85.0,55.0,51.3,62.77,67.21,0.0,0.0,0.0,45.0,60.42,0.0,0.0,0.0,120.0,62.77,0.0,0.88,0.0,0.0,0.0,35.39,0.0,46.04,43.73,60.44,38.64
2018-01-12 20:36:00,2,1,70.79,85.0,55.0,51.31,62.75,67.19,0.0,0.0,0.0,45.0,60.4,0.0,0.0,0.0,120.0,62.75,0.0,0.88,0.0,0.0,0.0,35.43,0.0,46.09,43.75,60.49,38.71
2018-01-12 20:37:00,2,1,70.77,85.0,55.0,51.32,62.73,67.17,0.0,0.0,0.0,45.0,60.37,0.0,0.0,0.0,120.0,62.73,0.0,0.88,0.0,0.0,0.0,35.47,0.0,46.13,43.76,60.53,38.78
2018-01-12 20:38:00,2,1,70.75,85.0,55.0,51.32,62.71,67.15,0.0,0.0,0.0,45.0,60.35,0.0,0.0,0.0,120.0,62.71,0.0,0.88,0.0,0.0,0.0,35.5,0.0,46.18,43.77,60.58,38.85
2018-01-12 20:39:00,2,1,70.73,85.0,55.0,51.33,62.69,67.13,0.0,0.0,0.0,45.0,60.33,0.0,0.0,0.0,120.0,62.69,0.0,0.88,0.0,0.0,0.0,35.53,0.0,46.22,43.79,60.62,38.92
2018-01-12 20:40:00,2,1,70.71,85.0,55.0,51.34,62.67,67.11,0.0,0.0,0.0,45.0,60.3,0.0,0.0,0.0,120.0,62.67,0.0,0.88,0.0,0.0,0.0,35.57,0.0,46.26,43.8,60.66,38.98
2018-01-12 20:41:00,2,1,70.68,85.0,55.0,51.34,62.65,67.08,0.0,0.0,0.0,45.0,60.28,0.0,0.0,0.0,120.0,62.65,0.0,0.88,0.0,0.0,0.0,35.6,0.0,46.31,43.81,60.71,39.04
2018-01-12 20:42:00,2,1,70.66,85.0,55.0,51.35,62.63,67.06,0.0,0.0,0.0,45.0,60.26,0.0,0.0,0.0,120.0,62.63,0.0,0.88,0.0,0.0,0.0,35.63,0.0,46.35,43.82,60.75,39.11
2018-01-12 20:43:00,2,1,70.64,85.0,55.0,51.35,62.61,67.04,0.0,0.0,0.0,45.0,60.24,0.0,0.0,0.0,120.0,62.61,0.0,0.88,0.0,0.0,0.0,35.66,0.0,46.39,43.83,60.8,39.17
2018-01-12 20:44:00,2,1,70.62,85.0,55.0,51.36,62.59,67.02,0.0,0.0,0.0,45.0,60.21,0.0,0.0,0.0,120.0,62.59,0.0,0.88,0.0,0.0,0.0,35.69,0.0,46.43,43.85,60.85,39.23
2018-01-12 20:45:00,2,1,70.6,85.0,55.0,51.36,62.57,67.0,0.0,0.0,0.0,45.0,60.19,0.0,0.0,0.0,120.0,62.57,0.0,0.88,0.0,0.0,0.0,35.72,0.0,46.47,43.86,60.89,39.29
2018-01-12 20:46:00,2,1,70.58,85.0,55.0,51.36,62.55,66.98,0.0,0.0,0.0,45.0,60.17,0.0,0.0,0.0,120.0,62.55,0.0,0.88,0.0,0.0,0.0,35.74,0.0,46.51,43.87,60.94,39.35
2018-01-12 20:47:00,2,1,70.56,85.0,55.0,51.36,62.53,66.96,0.0,0.0,0.0,45.0,60.14,0.0,0.0,0.0,120.0,62.53,0.0,0.88,0.0,0.0,0.0,35.77,0.0,46.55,43.88,60.98,39.4
2018-01-12 20:48:00,2,1,70.54,85.0,55.0,51.36,62.5,66.94,0.0,0.0,0.0,45.0,60.12,0.0,0.0,0.0,120.0,62.5,0.0,0.88,0.0,0.0,0.0,35.79,0.0,46.58,43.89,61.03,39.46
2018-01-12 20:49:00,2,1,70.51,85.0,55.0,51.36,62.48,66.91,0.0,0.0,0.0,45.0,60.1,0.0,0.0,0.0,120.0,62.48,0.0,0.88,0.0,0.0,0.0,35.81,0.0,46.62,43.9,61.07,39.51
2018-01-12 20:50:00,2,1,70.49,85.0,55.0,51.36,62.46,66.89,0.0,0.0,0.0,45.0,60.08,0.0,0.0,0.0,120.0,62.46,0.0,0.88,0.0,0.0,0.0,35.84,0.0,46.66,43.91,61.12,39.56
2018-01-12 20:51:00,2,1,70.47,85.0,55.0,51.36,62.44,66.87,0.0,0.0,0.0,45.0,60.05,0.0,0.0,0.0,120.0,62.44,0.0,0.88,0.0,0.0,0.0,35.86,0.0,46.69,43.92,61.17,39.62
2018-01-12 20:52:00,2,1,70.45,85.0,55.0,51.36,62.42,66.85,0.0,0.0,0.0,45.0,60.03,0.0,0.0,0.0,120.0,62.42,0.0,0.88,0.0,0.0,0.0,35.87,0.0,46.73,43.93,61.21,39.67
2018-01-12 20:53:00,2,1,70.43,85.0,55.0,51.36,62.4,66.83,0.0,0.0,0.0,45.0,60.01,0.0,0.0,0.0,120.0,62.4,0.0,0.88,0.0,0.0,0.0,35.89,0.0,46.76,43.94,61.26,39.71
2018-01-12 20:54:00,2,1,70.41,85.0,55.0,51.36,62.38,66.81,0.0,0.0,0.0,45.0,59.99,0.0,0.0,0.0,120.0,62.38,0.0,0.88,0.0,0.0,0.0,35.91,0.0,46.8,43.95,61.3,39.76
2018-01-12 20:55:00,2,1,70.39,85.0,55.0,51.35,62.36,66.79,0.0,0.0,0.0,45.0,59.96,0.0,0.0,0.0,120.0,62.36,0.0,0.88,0.0,0.0,0.0,35.92,0.0,46.83,43.96,61.35,39.81
2018-01-12 20:56:00,2,1,70.37,85.0,55.0,51.35,62.34,66.77,0.0,0.0,0.0,45.0,59.94,0.0,0.0,0.0,120.0,62.34,0.0,0.88,0.0,0.0,0.0,35.93,0.0,46.87,43.97,61.4,39.85
2018-01-12 20:57:00,2,1,70.34,85.0,55.0,51.34,62.32,66.74,0.0,0.0,0.0,45.0,59.92,0.0,0.0,0.0,120.0,62.32,0.0,0.88,0.0,0.0,0.0,35.94,0.0,46.9,43.98,61.44,39.9
2018-01-12 20:58:00,2,1,70.32,85.0,55.0,51.34,62.3,66.72,0.0,0.0,0.0,45.0,59.9,0.0,0.0,0.0,120.0,62.3,0.0,0.88,0.0,0.0,0.0,35.95,0.0,46.94,43.99,61.49,39.94
2018-01-12 20:59:00,2,1,70.3,85.0,55.0,51.33,62.27,66.7,0.0,0.0,0.0,45.0,59.88,0.0,0.0,0.0,120.0,62.27,0.0,0.88,0.0,0.0,0.0,35.95,0.0,46.97,44.0,61.54,39.98
2018-01-12 21:00:00,2,1,70.28,85.0,55.0,51.32,62.25,66.68,0.0,0.0,0.0,45.0,59.85,0.0,0.0,0.0,120.0,62.25,0.0,0.88,0.0,0.0,0.0,35.96,0.0,47.0,44.01,61.58,40.02
2018-01-12 21:01:00,2,1,70.26,85.0,55.0,51.3,62.23,66.66,0.0,0.0,0.0,45.0,59.83,0.0,0.0,0.0,120.0,62.23,0.0,0.88,0.0,0.0,0.0,35.93,0.0,47.05,44.01,61.63,40.06
2018-01-12 21:02:00,2,1,70.24,85.0,55.0,51.26,62.21,66.64,0.0,0.0,0.0,45.0,59.81,0.0,0.0,0.0,120.0,62.21,0.0,0.88,0.0,0.0,0.0,35.88,0.0,47.1,44.02,61.68,40.1
2018-01-12 21:03:00,2,1,70.22,85.0,55.0,51.23,62.19,66.62,0.0,0.0,0.0,45.0,59.79,0.0,0.0,0.0,120.0,62.19,0.0,0.88,0.0,0.0,0.0,35.83,0.0,47.16,44.03,61.73,40.14
2018-01-12 21:04:00,2,1,70.21,85.0,55.0,51.19,62.17,66.61,0.0,0.0,0.0,45.0,59.77,0.0,0.0,0.0,120.0,62.17,0.0,0.88,0.0,0.0,0.0,35.78,0.0,47.21,44.03,61.77,40.17
2018-01-12 21:05:00,2,1,70.19,85.0,55.0,51.16,62.15,66.59,0.0,0.0,0.0,45.0,59.74,0.0,0.0,0.0,120.0,62.15,0.0,0.88,0.0,0.0,0.0,35.72,0.0,47.27,44.04,61.82,40.2
2018-01-12 21:06:00,2,1,70.17,85.0,55.0,51.12,62.13,66.57,0.0,0.0,0.0,45.0,59.72,0.0,0.0,0.0,120.0,62.13,0.0,0.88,0.0,0.0,0.0,35.66,0.0,47.32,44.04,61.87,40.23
2018-01-12 21:07:00,2,1,70.16,85.0,55.0,51.08,62.11,66.56,0.0,0.0,0.0,45.0,59.7,0.0,0.0,0.0,120.0,62.11,0.0,0.88,0.0,0.0,0.0,35.61,0.0,47.37,44.05,61.92,40.26
2018-01-12 21:08:00,2,1,70.15,85.0,55.0,51.05,62.09,66.55,0.0,0.0,0.0,45.0,59.68,0.0,0.0,0.0,120.0,62.09,0.0,0.88,0.0,0.0,0.0,35.55,0.0,47.43,44.06,61.96,40.29
2018-01-12 21:09:00,2,1,70.13,85.0,55.0,51.01,62.06,66.53,0.0,0.0,0.0,45.0,59.65,0.0,0.0,0.0,120.0,62.06,0.0,0.88,0.0,0.0,0.0,35.48,0.0,47.48,44.06,62.01,40.32
2018-01-12 21:10:00,2,1,70.12,85.0,55.0,50.97,62.04,66.52,0.0,0.0,0.0,45.0,59.63,0.0,0.0,0.0,120.0,62.04,0.0,0.88,0.0,0.0,0.0,35.42,0.0,47.54,44.07,62.06,40.35
2018-01-12 21:11:00,2,1,70.11,85.0,55.0,50.93,62.02,66.51,0.0,0.0,0.0,45.0,59.61,0.0,0.0,0.0,120.0,62.02,0.0,0.88,0.0,0.0,0.0,35.35,0.0,47.59,44.08,62.11,40.37
2018-01-12 21:12:00,2,1,70.1,85.0,55.0,50.89,62.0,66.5,0.0,0.0,0.0,45.0,59.59,0.0,0.0,0.0,120.0,62.0,0.0,0.88,0.0,0.0,0.0,35.29,0.0,47.65,44.08,62.15,40.4
2018-01-12 21:13:00,2,1,70.08,85.0,55.0,50.85,61.98,66.48,0.0,0.0,0.0,45.0,59.57,0.0,0.0,0.0,120.0,61.98,0.0,0.88,0.0,0.0,0.0,35.22,0.0,47.71,44.09,62.2,40.42
2018-01-12 21:14:00,2,1,70.07,85.0,55.0,50.81,61.96,66.47,0.0,0.0,0.0,45.0,59.54,0.0,0.0,0.0,120.0,61.96,0.0,0.88,0.0,0.0,0.0,35.15,0.0,47.76,44.1,62.25,40.45
2018-01-12 21:15:00,2,1,70.06,85.0,55.0,50.77,61.94,66.46,0.0,0.0,0.0,45.0,59.52,0.0,0.0,0.0,120.0,61.94,0.0,0.88,0.0,0.0,0.0,35.07,0.0,47.82,44.1,62.3,40.47
2018-01-12 21:16:00,2,1,70.05,85.0,55.0,50.73,61.92,66.45,0.0,0.0,0.0,45.0,59.5,0.0,0.0,0.0,120.0,61.92,0.0,0.88,0.0,0.0,0.0,35.0,0.0,47.87,44.11,62.35,40.49
2018-01-12 21:17:00,2,1,70.04,85.0,55.0,50.68,61.9,66.44,0.0,0.0,0.0,45.0,59.47,0.0,0.0,0.0,120.0,61.9,0.0,0.88,0.0,0.0,0.0,34.93,0.0,47.93,44.12,62.4,40.51
2018-01-12 21:18:00,2,1,70.03,85.0,55.0,50.64,61.87,66.43,0.0,0.0,0.0,45.0,59.45,0.0,0.0,0.0,120.0,61.87,0.0,0.88,0.0,0.0,0.0,34.85,0.0,47.99,44.13,62.45,40.53
2018-01-12 21:19:00,2,1,70.02,85.0,55.0,50.6,61.85,66.42,0.0,0.0,0.0,45.0,59.43,0.0,0.0,0.0,120.0,61.85,0.0,0.88,0.0,0.0,0.0,34.77,0.0,48.05,44.14,62.49,40.55
2018-01-12 21:20:00,2,1,70.01,85.0,55.0,50.56,61.83,66.41,0.0,0.0,0.0,45.0,59.41,0.0,0.0,0.0,120.0,61.83,0.0,0.88,0.0,0.0,0.0,34.7,0.0,48.11,44.14,62.54,40.57
2018-01-12 21:21:00,2,1,70.01,85.0,55.0,50.51,61.81,66.41,0.0,0.0,0.0,45.0,59.38,0.0,0.0,0.0,120.0,61.81,0.0,0.88,0.0,0.0,0.0,34.62,0.0,48.17,44.15,62.59,40.59
2018-01-12 21:22:00,2,1,70.0,85.0,55.0,50.47,61.79,66.4,0.0,0.0,0.0,45.0,59.36,0.0,0.0,0.0,120.0,61.79,0.0,0.88,0.0,0.0,0.0,34.54,0.0,48.23,44.16,62.64,40.61
2018-01-12 21:23:00,2,1,69.99,85.0,55.0,50.42,61.77,66.39,0.0,0.0,0.0,45.0,59.34,0.0,0.0,0.0,120.0,61.77,0.0,0.88,0.0,0.0,0.0,34.45,0.0,48.29,44.17,62.69,40.63
2018-01-12 21:24:00,2,1,69.98,85.0,55.0,50.38,61.75,66.38,0.0,0.0,0.0,45.0,59.31,0.0,0.0,0.0,120.0,61.75,0.0,0.88,0.0,0.0,0.0,34.37,0.0,48.35,44.18,62.74,40.65
2018-01-12 21:25:00,2,1,69.97,85.0,55.0,50.33,61.73,66.37,0.0,0.0,0.0,45.0,59.29,0.0,0.0,0.0,120.0,61.73,0.0,0.88,0.0,0.0,0.0,34.29,0.0,48.41,44.19,62.79,40.67
2018-01-12 21:26:00,2,1,69.96,85.0,55.0,50.28,61.7,66.36,0.0,0.0,0.0,45.0,59.27,0.0,0.0,0.0,120.0,61.7,0.0,0.88,0.0,0.0,0.0,34.2,0.0,48.47,44.2,62.84,40.69
2018-01-12 21:27:00,2,1,69.96,85.0,55.0,50.24,61.68,66.36,0.0,0.0,0.0,45.0,59.25,0.0,0.0,0.0,120.0,61.68,0.0,0.88,0.0,0.0,0.0,34.12,0.0,48.54,44.21,62.89,40.71
2018-01-12 21:28:00,2,1,69.95,85.0,55.0,50.19,61.66,66.35,0.0,0.0,0.0,45.0,59.22,0.0,0.0,0.0,120.0,61.66,0.0,0.88,0.0,0.0,0.0,34.03,0.0,48.6,44.23,62.94,40.73
2018-01-12 21:29:00,2,1,69.94,85.0,55.0,50.14,61.64,66.34,0.0,0.0,0.0,45.0,59.2,0.0,0.0,0.0,120.0,61.64,0.0,0.88,0.0,0.0,0.0,33.94,0.0,48.67,44.24,62.99,40.74
2018-01-12 21:30:00,2,1,69.94,85.0,55.0,50.09,61.62,66.34,0.0,0.0,0.0,45.0,59.18,0.0,0.0,0.0,120.0,61.62,0.0,0.88,0.0,0.0,0.0,33.85,0.0,48.73,44.25,63.04,40.76
2018-01-12 21:31:00,2,1,69.93,85.0,55.0,50.05,61.6,66.33,0.0,0.0,0.0,45.0,59.15,0.0,0.0,0.0,120.0,61.6,0.0,0.88,0.0,0.0,0.0,33.76,0.0,48.8,44.26,63.09,40.78
2018-01-12 21:32:00,2,1,69.92,85.0,55.0,50.0,61.58,66.32,0.0,0.0,0.0,45.0,59.13,0.0,0.0,0.0,120.0,61.58,0.0,0.88,0.0,0.0,0.0,33.67,0.0,48.86,44.28,63.14,40.8
2018-01-12 21:33:00,2,1,69.91,85.0,55.0,49.95,61.56,66.31,0.0,0.0,0.0,45.0,59.1,0.0,0.0,0.0,120.0,61.56,0.0,0.88,0.0,0.0,0.0,33.58,0.0,48.91,44.29,63.19,40.81
2018-01-12 21:34:00,2,1,69.91,85.0,55.0,49.9,61.53,66.31,0.0,0.0,0.0,45.0,59.08,0.0,0.0,0.0,120.0,61.53,0.0,0.88,0.0,0.0,0.0,33.49,0.0,48.95,44.31,63.24,40.83
2018-01-12 21:35:00,2,1,69.9,85.0,55.0,49.85,61.51,66.3,0.0,0.0,0.0,45.0,59.06,0.0,0.0,0.0,120.0,61.51,0.0,0.88,0.0,0.0,0.0,33.4,0.0,48.99,44.32,63.29,40.85
2018-01-12 21:36:00,2,1,69.89,85.0,55.0,49.8,61.49,66.29,0.0,0.0,0.0,45.0,59.03,0.0,0.0,0.0,120.0,61.49,0.0,0.88,0.0,0.0,0.0,33.3,0.0,49.03,44.34,63.34,40.87
2018-01-12 21:37:00,2,1,69.89,85.0,55.0,49.75,61.47,66.29,0.0,0.0,0.0,45.0,59.01,0.0,0.0,0.0,120.0,61.47,0.0,0.88,0.0,0.0,0.0,33.21,0.0,49.08,44.36,63.39,40.89
2018-01-12 21:38:00,2,1,69.88,85.0,55.0,49.7,61.45,66.28,0.0,0.0,0.0,45.0,58.99,0.0,0.0,0.0,120.0,61.45,0.0,0.88,0.0,0.0,0.0,33.11,0.0,49.12,44.37,63.44,40.9
2018-01-12 21:39:00,2,1,69.87,85.0,55.0,49.65,61.43,66.27,0.0,0.0,0.0,45.0,58.96,0.0,0.0,0.0,120.0,61.43,0.0,0.88,0.0,0.0,0.0,33.02,0.0,49.16,44.39,63.49,40.92
2018-01-12 21:40:00,2,1,69.87,85.0,55.0,49.6,61.41,66.27,0.0,0.0,0.0,45.0,58.94,0.0,0.0,0.0,120.0,61.41,0.0,0.88,0.0,0.0,0.0,32.92,0.0,49.21,44.41,63.55,40.94
2018-01-12 21:41:00,2,1,69.86,85.0,55.0,49.54,61.38,66.26,0.0,0.0,0.0,45.0,58.91,0.0,0.0,0.0,120.0,61.38,0.0,0.88,0.0,0.0,0.0,32.83,0.0,49.26,44.43,63.6,40.96
2018-01-12 21:42:00,2,1,69.85,85.0,55.0,49.49,61.36,66.25,0.0,0.0,0.0,45.0,58.89,0.0,0.0,0.0,120.0,61.36,0.0,0.88,0.0,0.0,0.0,32.73,0.0,49.3,44.45,63.65,40.97
2018-01-12 21:43:00,2,1,69.85,85.0,55.0,49.44,61.34,66.25,0.0,0.0,0.0,45.0,58.87,0.0,0.0,0.0,120.0,61.34,0.0,0.88,0.0,0.0,0.0,32.63,0.0,49.35,44.47,63.7,40.99
2018-01-12 21:44:00,2,1,69.84,85.0,55.0,49.39,61.32,66.24,0.0,0.0,0.0,45.0,58.84,0.0,0.0,0.0,120.0,61.32,0.0,0.88,0.0,0.0,0.0,32.54,0.0,49.39,44.49,63.75,41.01
2018-01-12 21:45:00,2,1,69.83,85.0,55.0,49.34,61.3,66.23,0.0,0.0,0.0,45.0,58.82,0.0,0.0,0.0,120.0,61.3,0.0,0.88,0.0,0.0,0.0,32.44,0.0,49.44,44.52,63.8,41.03
2018-01-12 21:46:00,2,1,69.83,85.0,55.0,49.28,61.28,66.23,0.0,0.0,0.0,45.0,58.79,0.0,0.0,0.0,120.0,61.28,0.0,0.88,0.0,0.0,0.0,32.34,0.0,49.49,44.54,63.86,41.05
2018-01-12 21:47:00,2,1,69.82,85.0,55.0,49.23,61.25,66.22,0.0,0.0,0.0,45.0,58.77,0.0,0.0,0.0,120.0,61.25,0.0,0.88,0.0,0.0,0.0,32.24,0.0,49.54,44.57,63.91,41.07
2018-01-12 21:48:00,2,1,69.81,85.0,55.0,49.18,61.23,66.21,0.0,0.0,0.0,45.0,58.74,0.0,0.0,0.0,120.0,61.23,0.0,0.88,0.0,0.0,0.0,32.15,0.0,49.59,44.59,63.96,41.09
2018-01-12 21:49:00,2,1,69.81,85.0,55.0,49.13,61.21,66.21,0.0,0.0,0.0,45.0,58.72,0.0,0.0,0.0,120.0,61.21,0.0,0.88,0.0,0.0,0.0,32.05,0.0,49.64,44.62,64.01,41.11
2018-01-12 21:50:00,2,1,69.8,85.0,55.0,49.07,61.19,66.2,0.0,0.0,0.0,45.0,58.69,0.0,0.0,0.0,120.0,61.19,0.0,0.88,0.0,0.0,0.0,31.95,0.0,49.69,44.65,64.07,41.13
2018-01-12 21:51:00,2,1,69.79,85.0,55.0,49.02,61.17,66.19,0.0,0.0,0.0,45.0,58.67,0.0,0.0,0.0,120.0,61.17,0.0,0.88,0.0,0.0,0.0,31.85,0.0,49.74,44.67,64.12,41.15
2018-01-12 21:52:00,2,1,69.78,85.0,55.0,48.97,61.14,66.18,0.0,0.0,0.0,45.0,58.64,0.0,0.0,0.0,120.0,61.14,0.0,0.88,0.0,0.0,0.0,31.75,0.0,49.79,44.7,64.17,41.17
2018-01-12 21:53:00,2,1,69.78,85.0,55.0,48.91,61.12,66.18,0.0,0.0,0.0,45.0,58.62,0.0,0.0,0.0,120.0,61.12,0.0,0.88,0.0,0.0,0.0,31.65,0.0,49.84,44.74,64.23,41.19
2018-01-12 21:54:00,2,1,69.77,85.0,55.0,48.86,61.1,66.17,0.0,0.0,0.0,45.0,58.59,0.0,0.0,0.0,120.0,61.1,0.0,0.88,0.0,0.0,0.0,31.55,0.0,49.9,44.77,64.28,41.21
2018-01-12 21:55:00,2,1,69.76,85.0,55.0,48.81,61.08,66.16,0.0,0.0,0.0,45.0,58.57,0.0,0.0,0.0,120.0,61.08,0.0,0.88,0.0,0.0,0.0,31.46,0.0,49.95,44.8,64.33,41.23
2018-01-12 21:56:00,2,1,69.75,85.0,55.0,48.76,61.06,66.15,0.0,0.0,0.0,45.0,58.54,0.0,0.0,0.0,120.0,61.06,0.0,0.88,0.0,0.0,0.0,31.36,0.0,50.01,44.84,64.39,41.25
2018-01-12 21:57:00,2,1,69.74,85.0,55.0,48.7,61.04,66.14,0.0,0.0,0.0,45.0,58.52,0.0,0.0,0.0,120.0,61.04,0.0,0.88,0.0,0.0,0.0,31.26,0.0,50.06,44.87,64.44,41.27
2018-01-12 21:58:00,2,1,69.74,85.0,55.0,48.65,61.01,66.14,0.0,0.0,0.0,45.0,58.49,0.0,0.0,0.0,120.0,61.01,0.0,0.88,0.0,0.0,0.0,31.16,0.0,50.12,44.91,64.49,41.3
2018-01-12 21:59:00,2,1,69.73,85.0,55.0,48.6,60.99,66.13,0.0,0.0,0.0,45.0,58.47,0.0,0.0,0.0,120.0,60.99,0.0,0.88,0.0,0.0,0.0,31.06,0.0,50.17,44.95,64.55,41.32
2018-01-12 22:00:00,2,1,69.72,85.0,55.0,48.54,60.97,66.12,0.0,0.0,0.0,45.0,58.44,0.0,0.0,0.0,120.0,60.97,0.0,0.88,0.0,0.0,0.0,30.96,0.0,50.23,44.99,64.6,41.34
2018-01-12 22:01:00,2,1,69.71,85.0,55.0,48.5,60.95,66.11,0.0,0.0,0.0,45.0,58.42,0.0,0.0,0.0,120.0,60.95,0.0,0.88,0.0,0.0,0.0,30.88,0.0,50.29,45.05,64.66,41.37
2018-01-12 22:02:00,2,1,69.7,85.0,55.0,48.45,60.92,66.1,0.0,0.0,0.0,45.0,58.39,0.0,0.0,0.0,120.0,60.92,0.0,0.88,0.0,0.0,0.0,30.81,0.0,50.35,45.13,64.71,41.39
2018-01-12 22:03:00,2,1,69.69,85.0,55.0,48.41,60.9,66.09,0.0,0.0,0.0,45.0,58.36,0.0,0.0,0.0,120.0,60.9,0.0,0.88,0.0,0.0,0.0,30.73,0.0,50.41,45.21,64.77,41.42
2018-01-12 22:04:00,2,1,69.68,85.0,55.0,48.37,60.88,66.08,0.0,0.0,0.0,45.0,58.34,0.0,0.0,0.0,120.0,60.88,0.0,0.88,0.0,0.0,0.0,30.66,0.0,50.48,45.29,64.82,41.45
2018-01-12 22:05:00,2,1,69.66,85.0,55.0,48.32,60.86,66.06,0.0,0.0,0.0,45.0,58.31,0.0,0.0,0.0,120.0,60.86,0.0,0.88,0.0,0.0,0.0,30.58,0.0,50.54,45.37,64.88,41.47
2018-01-12 22:06:00,2,1,69.65,85.0,55.0,48.28,60.84,66.05,0.0,0.0,0.0,45.0,58.29,0.0,0.0,0.0,120.0,60.84,0.0,0.88,0.0,0.0,0.0,30.51,0.0,50.61,45.46,64.93,41.5
2018-01-12 22:07:00,2,1,69.63,85.0,55.0,48.23,60.81,66.03,0.0,0.0,0.0,45.0,58.26,0.0,0.0,0.0,120.0,60.81,0.0,0.88,0.0,0.0,0.0,30.44,0.0,50.67,45.55,64.99,41.54
2018-01-12 22:08:00,2,1,69.62,85.0,55.0,48.19,60.79,66.02,0.0,0.0,0.0,45.0,58.24,0.0,0.0,0.0,120.0,60.79,0.0,0.88,0.0,0.0,0.0,30.36,0.0,50.74,45.64,65.04,41.57
2018-01-12 22:09:00,2,1,69.6,85.0,55.0,48.15,60.77,66.0,0.0,0.0,0.0,45.0,58.21,0.0,0.0,0.0,120.0,60.77,0.0,0.88,0.0,0.0,0.0,30.29,0.0,50.81,45.72,65.1,41.6
2018-01-12 22:10:00,2,1,69.58,85.0,55.0,48.1,60.75,65.98,0.0,0.0,0.0,45.0,58.18,0.0,0.0,0.0,120.0,60.75,0.0,0.88,0.0,0.0,0.0,30.22,0.0,50.87,45.82,65.16,41.63
2018-01-12 22:11:00,2,1,69.57,85.0,55.0,48.06,60.72,65.97,0.0,0.0,0.0,45.0,58.16,0.0,0.0,0.0,120.0,60.72,0.0,0.88,0.0,0.0,0.0,30.15,0.0,50.94,45.91,65.21,41.67
2018-01-12 22:12:00,2,1,69.55,85.0,55.0,48.01,60.7,65.95,0.0,0.0,0.0,45.0,58.13,0.0,0.0,0.0,120.0,60.7,0.0,0.88,0.0,0.0,0.0,30.07,0.0,51.01,46.0,65.27,41.7
2018-01-12 22:13:00,2,1,69.53,85.0,55.0,47.97,60.68,65.93,0.0,0.0,0.0,45.0,58.11,0.0,0.0,0.0,120.0,60.68,0.0,0.88,0.0,0.0,0.0,30.0,0.0,51.08,46.1,65.33,41.73
2018-01-12 22:14:00,2,1,69.51,85.0,55.0,47.92,60.66,65.91,0.0,0.0,0.0,45.0,58.08,0.0,0.0,0.0,120.0,60.66,0.0,0.88,0.0,0.0,0.0,29.93,0.0,51.15,46.19,65.38,41.77
2018-01-12 22:15:00,2,1,69.49,85.0,55.0,47.88,60.63,65.89,0.0,0.0,0.0,45.0,58.05,0.0,0.0,0.0,120.0,60.63,0.0,0.88,0.0,0.0,0.0,29.86,0.0,51.22,46.29,65.44,41.81
2018-01-12 22:16:00,2,1,69.47,85.0,55.0,47.83,60.61,65.87,0.0,0.0,0.0,45.0,58.03,0.0,0.0,0.0,120.0,60.61,0.0,0.88,0.0,0.0,0.0,29.79,0.0,51.29,46.39,65.5,41.84
2018-01-12 22:17:00,2,1,69.45,85.0,55.0,47.78,60.59,65.85,0.0,0.0,0.0,45.0,58.0,0.0,0.0,0.0,120.0,60.59,0.0,0.88,0.0,0.0,0.0,29.72,0.0,51.36,46.48,65.55,41.88
2018-01-12 22:18:00,2,1,69.43,85.0,55.0,47.74,60.57,65.83,0.0,0.0,0.0,45.0,57.97,0.0,0.0,0.0,120.0,60.57,0.0,0.88,0.0,0.0,0.0,29.65,0.0,51.43,46.58,65.61,41.91
2018-01-12 22:19:00,2,1,69.4,85.0,55.0,47.69,60.54,65.8,0.0,0.0,0.0,45.0,57.95,0.0,0.0,0.0,120.0,60.54,0.0,0.88,0.0,0.0,0.0,29.58,0.0,51.51,46.69,65.67,41.95
2018-01-12 22:20:00,2,1,69.38,85.0,55.0,47.65,60.52,65.78,0.0,0.0,0.0,45.0,57.92,0.0,0.0,0.0,120.0,60.52,0.0,0.88,0.0,0.0,0.0,29.51,0.0,51.58,46.79,65.73,41.99
2018-01-12 22:21:00,2,1,69.36,85.0,55.0,47.6,60.5,65.76,0.0,0.0,0.0,45.0,57.89,0.0,0.0,0.0,120.0,60.5,0.0,0.88,0.0,0.0,0.0,29.44,0.0,51.65,46.89,65.78,42.03
2018-01-12 22:22:00,2,1,69.34,85.0,55.0,47.56,60.48,65.74,0.0,0.0,0.0,45.0,57.87,0.0,0.0,0.0,120.0,60.48,0.0,0.88,0.0,0.0,0.0,29.37,0.0,51.72,46.99,65.84,42.06
2018-01-12 22:23:00,2,1,69.32,85.0,55.0,47.51,60.45,65.72,0.0,0.0,0.0,45.0,57.84,0.0,0.0,0.0,120.0,60.45,0.0,0.88,0.0,0.0,0.0,29.31,0.0,51.8,47.1,65.9,42.1
2018-01-12 22:24:00,2,1,69.29,85.0,55.0,47.46,60.43,65.69,0.0,0.0,0.0,45.0,57.81,0.0,0.0,0.0,120.0,60.43,0.0,0.88,0.0,0.0,0.0,29.24,0.0,51.87,47.2,65.96,42.14
2018-01-12 22:25:00,2,1,69.27,85.0,55.0,47.42,60.41,65.67,0.0,0.0,0.0,45.0,57.79,0.0,0.0,0.0,120.0,60.41,0.0,0.88,0.0,0.0,0.0,29.17,0.0,51.94,47.31,66.02,42.18
2018-01-12 22:26:00,2,1,69.25,85.0,55.0,47.37,60.38,65.65,0.0,0.0,0.0,45.0,57.76,0.0,0.0,0.0,120.0,60.38,0.0,0.88,0.0,0.0,0.0,29.1,0.0,52.01,47.41,66.08,42.22
2018-01-12 22:27:00,2,1,69.22,85.0,55.0,47.33,60.36,65.62,0.0,0.0,0.0,45.0,57.73,0.0,0.0,0.0,120.0,60.36,0.0,0.88,0.0,0.0,0.0,29.04,0.0,52.09,47.52,66.14,42.25
2018-01-12 22:28:00,2,1,69.2,85.0,55.0,47.28,60.34,65.6,0.0,0.0,0.0,45.0,57.71,0.0,0.0,0.0,120.0,60.34,0.0,0.88,0.0,0.0,0.0,28.97,0.0,52.16,47.63,66.2,42.29
2018-01-12 22:29:00,2,1,69.17,85.0,55.0,47.24,60.32,65.57,0.0,0.0,0.0,45.0,57.68,0.0,0.0,0.0,120.0,60.32,0.0,0.88,0.0,0.0,0.0,28.9,0.0,52.23,47.73,66.26,42.33
2018-01-12 22:30:00,2,1,69.15,85.0,55.0,47.19,60.29,65.55,0.0,0.0,0.0,45.0,57.65,0.0,0.0,0.0,120.0,60.29,0.0,0.88,0.0,0.0,0.0,28.84,0.0,52.3,47.84,66.32,42.37
2018-01-12 22:31:00,2,1,69.12,85.0,55.0,47.15,60.27,65.52,0.0,0.0,0.0,45.0,57.63,0.0,0.0,0.0,120.0,60.27,0.0,0.88,0.0,0.0,0.0,28.77,0.0,52.38,47.95,66.38,42.41
2018-01-12 22:32:00,2,1,69.1,85.0,55.0,47.1,60.25,65.5,0.0,0.0,0.0,45.0,57.6,0.0,0.0,0.0,120.0,60.25,0.0,0.88,0.0,0.0,0.0,28.7,0.0,52.45,48.06,66.44,42.45
2018-01-12 22:33:00,2,1,69.07,85.0,55.0,47.06,60.22,65.47,0.0,0.0,0.0,45.0,57.57,0.0,0.0,0.0,120.0,60.22,0.0,0.88,0.0,0.0,0.0,28.64,0.0,52.52,48.17,66.5,42.49
2018-01-12 22:34:00,2,1,69.05,85.0,55.0,47.01,60.2,65.45,0.0,0.0,0.0,45.0,57.55,0.0,0.0,0.0,120.0,60.2,0.0,0.88,0.0,0.0,0.0,28.57,0.0,52.6,48.27,66.56,42.53
2018-01-12 22:35:00,2,1,69.02,85.0,55.0,46.97,60.18,65.42,0.0,0.0,0.0,45.0,57.52,0.0,0.0,0.0,120.0,60.18,0.0,0.88,0.0,0.0,0.0,28.51,0.0,52.67,48.38,66.62,42.57
2018-01-12 22:36:00,2,1,69.0,85.0,55.0,46.92,60.15,65.4,0.0,0.0,0.0,45.0,57.49,0.0,0.0,0.0,120.0,60.15,0.0,0.88,0.0,0.0,0.0,28.44,0.0,52.74,48.49,66.68,42.6
2018-01-12 22:37:00,2,1,68.97,85.0,55.0,46.88,60.13,65.37,0.0,0.0,0.0,45.0,57.46,0.0,0.0,0.0,120.0,60.13,0.0,0.88,0.0,0.0,0.0,28.38,0.0,52.81,48.6,66.74,42.64
2018-01-12 22:38:00,2,1,68.95,85.0,55.0,46.83,60.11,65.35,0.0,0.0,0.0,45.0,57.44,0.0,0.0,0.0,120.0,60.11,0.0,0.88,0.0,0.0,0.0,28.32,0.0,52.88,48.71,66.8,42.68
2018-01-12 22:39:00,2,1,68.92,85.0,55.0,46.79,60.08,65.32,0.0,0.0,0.0,45.0,57.41,0.0,0.0,0.0,120.0,60.08,0.0,0.88,0.0,0.0,0.0,28.25,0.0,52.96,48.82,66.86,42.72
2018-01-12 22:40:00,2,1,68.89,85.0,55.0,46.74,60.06,65.29,0.0,0.0,0.0,45.0,57.38,0.0,0.0,0.0,120.0,60.06,0.0,0.88,0.0,0.0,0.0,28.19,0.0,53.03,48.93,66.92,42.76
2018-01-12 22:41:00,2,1,68.87,85.0,55.0,46.7,60.04,65.27,0.0,0.0,0.0,45.0,57.35,0.0,0.0,0.0,120.0,60.04,0.0,0.88,0.0,0.0,0.0,28.13,0.0,53.1,49.04,66.99,42.8
2018-01-12 22:42:00,2,1,68.84,85.0,55.0,46.65,60.01,65.24,0.0,0.0,0.0,45.0,57.33,0.0,0.0,0.0,120.0,60.01,0.0,0.88,0.0,0.0,0.0,28.06,0.0,53.17,49.14,67.05,42.84
2018-01-12 22:43:00,2,1,68.82,85.0,55.0,46.61,59.99,65.22,0.0,0.0,0.0,45.0,57.3,0.0,0.0,0.0,120.0,59.99,0.0,0.88,0.0,0.0,0.0,28.0,0.0,53.24,49.25,67.11,42.87
2018-01-12 22:44:00,2,1,68.79,85.0,55.0,46.56,59.97,65.19,0.0,0.0,0.0,45.0,57.27,0.0,0.0,0.0,120.0,59.97,0.0,0.88,0.0,0.0,0.0,27.94,0.0,53.31,49.36,67.17,42.91
2018-01-12 22:45:00,2,1,68.76,85.0,55.0,46.52,59.94,65.16,0.0,0.0,0.0,45.0,57.24,0.0,0.0,0.0,120.0,59.94,0.0,0.88,0.0,0.0,0.0,27.88,0.0,53.38,49.47,67.24,42.95
2018-01-12 22:46:00,2,1,68.74,85.0,55.0,46.48,59.92,65.14,0.0,0.0,0.0,45.0,57.22,0.0,0.0,0.0,120.0,59.92,0.0,0.88,0.0,0.0,0.0,27.82,0.0,53.45,49.57,67.3,42.99
2018-01-12 22:47:00,2,1,68.71,85.0,55.0,46.43,59.9,65.11,0.0,0.0,0.0,45.0,57.19,0.0,0.0,0.0,120.0,59.9,0.0,0.88,0.0,0.0,0.0,27.75,0.0,53.52,49.68,67.36,43.03
2018-01-12 22:48:00,2,1,68.69,85.0,55.0,46.39,59.87,65.09,0.0,0.0,0.0,45.0,57.16,0.0,0.0,0.0,120.0,59.87,0.0,0.88,0.0,0.0,0.0,27.69,0.0,53.59,49.78,67.43,43.06
2018-01-12 22:49:00,2,1,68.66,85.0,55.0,46.35,59.85,65.06,0.0,0.0,0.0,45.0,57.13,0.0,0.0,0.0,120.0,59.85,0.0,0.88,0.0,0.0,0.0,27.63,0.0,53.65,49.89,67.49,43.1
2018-01-12 22:50:00,2,1,68.63,85.0,55.0,46.3,59.82,65.03,0.0,0.0,0.0,45.0,57.11,0.0,0.0,0.0,120.0,59.82,0.0,0.88,0.0,0.0,0.0,27.57,0.0,53.72,49.99,67.55,43.14
2018-01-12 22:51:00,2,1,68.61,85.0,55.0,46.26,59.8,65.01,0.0,0.0,0.0,45.0,57.08,0.0,0.0,0.0,120.0,59.8,0.0,0.88,0.0,0.0,0.0,27.51,0.0,53.79,50.1,67.62,43.18
2018-01-12 22:52:00,2,1,68.58,85.0,55.0,46.22,59.78,64.98,0.0,0.0,0.0,45.0,57.05,0.0,0.0,0.0,120.0,59.78,0.0,0.88,0.0,0.0,0.0,27.45,0.0,53.85,50.2,67.68,43.21
2018-01-12 22:53:00,2,1,68.55,85.0,55.0,46.17,59.75,64.95,0.0,0.0,0.0,45.0,57.02,0.0,0.0,0.0,120.0,59.75,0.0,0.88,0.0,0.0,0.0,27.39,0.0,53.92,50.3,67.75,43.25
2018-01-12 22:54:00,2,1,68.53,85.0,55.0,46.13,59.73,64.93,0.0,0.0,0.0,45.0,56.99,0.0,0.0,0.0,120.0,59.73,0.0,0.88,0.0,0.0,0.0,27.33,0.0,53.99,50.4,67.81,43.29
2018-01-12 22:55:00,2,1,68.5,85.0,55.0,46.09,59.71,64.9,0.0,0.0,0.0,45.0,56.97,0.0,0.0,0.0,120.0,59.71,0.0,0.88,0.0,0.0,0.0,27.28,0.0,54.05,50.5,67.88,43.32
2018-01-12 22:56:00,2,1,68.48,85.0,55.0,46.05,59.68,64.88,0.0,0.0,0.0,45.0,56.94,0.0,0.0,0.0,120.0,59.68,0.0,0.88,0.0,0.0,0.0,27.22,0.0,54.11,50.59,67.94,43.36
2018-01-12 22:57:00,2,1,68.45,85.0,55.0,46.01,59.66,64.85,0.0,0.0,0.0,45.0,56.91,0.0,0.0,0.0,120.0,59.66,0.0,0.88,0.0,0.0,0.0,27.16,0.0,54.18,50.69,68.01,43.39
2018-01-12 22:58:00,2,1,68.43,85.0,55.0,45.96,59.63,64.83,0.0,0.0,0.0,45.0,56.88,0.0,0.0,0.0,120.0,59.63,0.0,0.88,0.0,0.0,0.0,27.1,0.0,54.24,50.78,68.07,43.43
2018-01-12 22:59:00,2,1,68.4,85.0,55.0,45.92,59.61,64.8,0.0,0.0,0.0,45.0,56.85,0.0,0.0,0.0,120.0,59.61,0.0,0.88,0.0,0.0,0.0,27.04,0.0,54.3,50.88,68.14,43.46
2018-01-12 23:00:00,2,1,68.37,85.0,55.0,45.88,59.59,64.77,0.0,0.0,0.0,45.0,56.82,0.0,0.0,0.0,120.0,59.59,0.0,0.88,0.0,0.0,0.0,26.99,0.0,54.36,50.97,68.21,43.5
2018-01-12 23:01:00,2,1,68.35,85.0,55.0,45.84,59.56,64.75,0.0,0.0,0.0,45.0,56.8,0.0,0.0,0.0,120.0,59.56,0.0,0.88,0.0,0.0,0.0,26.93,0.0,54.4,50.96,68.27,43.53
2018-01-12 23:02:00,2,1,68.33,85.0,55.0,45.8,59.54,64.73,0.0,0.0,0.0,45.0,56.77,0.0,0.0,0.0,120.0,59.54,0.0,0.88,0.0,0.0,0.0,26.88,0.0,54.43,50.9,68.34,43.57
2018-01-12 23:03:00,2,1,68.3,85.0,55.0,45.77,59.51,64.7,0.0,0.0,0.0,45.0,56.74,0.0,0.0,0.0,120.0,59.51,0.0,0.88,0.0,0.0,0.0,26.83,0.0,54.45,50.83,68.4,43.6
2018-01-12 23:04:00,2,1,68.28,85.0,55.0,45.73,59.49,64.68,0.0,0.0,0.0,45.0,56.71,0.0,0.0,0.0,120.0,59.49,0.0,0.88,0.0,0.0,0.0,26.78,0.0,54.47,50.75,68.47,43.63
2018-01-12 23:05:00,2,1,68.26,85.0,55.0,45.7,59.46,64.66,0.0,0.0,0.0,45.0,56.68,0.0,0.0,0.0,120.0,59.46,0.0,0.88,0.0,0.0,0.0,26.73,0.0,54.49,50.67,68.54,43.66
2018-01-12 23:06:00,2,1,68.24,85.0,55.0,45.66,59.44,64.64,0.0,0.0,0.0,45.0,56.65,0.0,0.0,0.0,120.0,59.44,0.0,0.88,0.0,0.0,0.0,26.68,0.0,54.51,50.59,68.61,43.68
2018-01-12 23:07:00,2,1,68.22,85.0,55.0,45.63,59.42,64.62,0.0,0.0,0.0,45.0,56.63,0.0,0.0,0.0,120.0,59.42,0.0,0.88,0.0,0.0,0.0,26.64,0.0,54.52,50.51,68.67,43.71
2018-01-12 23:08:00,2,1,68.2,85.0,55.0,45.59,59.39,64.6,0.0,0.0,0.0,45.0,56.6,0.0,0.0,0.0,120.0,59.39,0.0,0.88,0.0,0.0,0.0,26.59,0.0,54.54,50.43,68.74,43.74
2018-01-12 23:09:00,2,1,68.18,85.0,55.0,45.56,59.37,64.58,0.0,0.0,0.0,45.0,56.57,0.0,0.0,0.0,120.0,59.37,0.0,0.88,0.0,0.0,0.0,26.54,0.0,54.55,50.35,68.81,43.76
2018-01-12 23:10:00,2,1,68.16,85.0,55.0,45.52,59.34,64.56,0.0,0.0,0.0,45.0,56.54,0.0,0.0,0.0,120.0,59.34,0.0,0.88,0.0,0.0,0.0,26.49,0.0,54.57,50.26,68.88,43.79
2018-01-12 23:11:00,2,1,68.14,85.0,55.0,45.49,59.32,64.54,0.0,0.0,0.0,45.0,56.51,0.0,0.0,0.0,120.0,59.32,0.0,0.88,0.0,0.0,0.0,26.44,0.0,54.58,50.18,68.95,43.81
2018-01-12 23:12:00,2,1,68.12,85.0,55.0,45.46,59.29,64.52,0.0,0.0,0.0,45.0,56.48,0.0,0.0,0.0,120.0,59.29,0.0,0.88,0.0,0.0,0.0,26.39,0.0,54.59,50.09,69.02,43.83
2018-01-12 23:13:00,2,1,68.11,85.0,55.0,45.43,59.27,64.51,0.0,0.0,0.0,45.0,56.46,0.0,0.0,0.0,120.0,59.27,0.0,0.88,0.0,0.0,0.0,26.35,0.0,54.61,50.0,69.09,43.85
2018-01-12 23:14:00,2,1,68.09,85.0,55.0,45.39,59.24,64.49,0.0,0.0,0.0,45.0,56.43,0.0,0.0,0.0,120.0,59.24,0.0,0.88,0.0,0.0,0.0,26.3,0.0,54.62,49.91,69.16,43.88
2018-01-12 23:15:00,2,1,68.07,85.0,55.0,45.36,59.22,64.47,0.0,0.0,0.0,45.0,56.4,0.0,0.0,0.0,120.0,59.22,0.0,0.88,0.0,0.0,0.0,26.25,0.0,54.63,49.83,69.22,43.9
2018-01-12 23:16:00,2,1,68.06,85.0,55.0,45.33,59.2,64.46,0.0,0.0,0.0,45.0,56.37,0.0,0.0,0.0,120.0,59.2,0.0,0.88,0.0,0.0,0.0,26.2,0.0,54.64,49.74,69.29,43.92
2018-01-12 23:17:00,2,1,68.04,85.0,55.0,45.3,59.17,64.44,0.0,0.0,0.0,45.0,56.34,0.0,0.0,0.0,120.0,59.17,0.0,0.88,0.0,0.0,0.0,26.16,0.0,54.65,49.65,69.36,43.94
2018-01-12 23:18:00,2,1,68.02,85.0,55.0,45.27,59.15,64.42,0.0,0.0,0.0,45.0,56.31,0.0,0.0,0.0,120.0,59.15,0.0,0.88,0.0,0.0,0.0,26.11,0.0,54.66,49.57,69.44,43.96
2018-01-12 23:19:00,2,1,68.01,85.0,55.0,45.24,59.12,64.41,0.0,0.0,0.0,45.0,56.29,0.0,0.0,0.0,120.0,59.12,0.0,0.88,0.0,0.0,0.0,26.06,0.0,54.67,49.48,69.51,43.98
2018-01-12 23:20:00,2,1,67.99,85.0,55.0,45.21,59.1,64.39,0.0,0.0,0.0,45.0,56.26,0.0,0.0,0.0,120.0,59.1,0.0,0.88,0.0,0.0,0.0,26.02,0.0,54.69,49.4,69.58,44.0
2018-01-12 23:21:00,2,1,67.98,85.0,55.0,45.18,59.07,64.38,0.0,0.0,0.0,45.0,56.23,0.0,0.0,0.0,120.0,59.07,0.0,0.88,0.0,0.0,0.0,25.97,0.0,54.7,49.31,69.65,44.02
2018-01-12 23:22:00,2,1,67.97,85.0,55.0,45.14,59.05,64.37,0.0,0.0,0.0,45.0,56.2,0.0,0.0,0.0,120.0,59.05,0.0,0.88,0.0,0.0,0.0,25.92,0.0,54.71,49.23,69.72,44.03
2018-01-12 23:23:00,2,1,67.95,85.0,55.0,45.11,59.02,64.35,0.0,0.0,0.0,45.0,56.17,0.0,0.0,0.0,120.0,59.02,0.0,0.88,0.0,0.0,0.0,25.88,0.0,54.72,49.15,69.79,44.05
2018-01-12 23:24:00,2,1,67.94,85.0,55.0,45.08,59.0,64.34,0.0,0.0,0.0,45.0,56.14,0.0,0.0,0.0,120.0,59.0,0.0,0.88,0.0,0.0,0.0,25.83,0.0,54.73,49.08,69.86,44.07
2018-01-12 23:25:00,2,1,67.92,85.0,55.0,45.05,58.97,64.32,0.0,0.0,0.0,45.0,56.11,0.0,0.0,0.0,120.0,58.97,0.0,0.88,0.0,0.0,0.0,25.78,0.0,54.74,49.0,69.91,44.09
2018-01-12 23:26:00,2,1,67.91,85.0,55.0,45.02,58.95,64.31,0.0,0.0,0.0,45.0,56.09,0.0,0.0,0.0,120.0,58.95,0.0,0.88,0.0,0.0,0.0,25.74,0.0,54.76,48.93,69.97,44.1
2018-01-12 23:27:00,2,1,67.9,85.0,55.0,44.99,58.92,64.3,0.0,0.0,0.0,45.0,56.06,0.0,0.0,0.0,120.0,58.92,0.0,0.88,0.0,0.0,0.0,25.69,0.0,54.77,48.86,70.02,44.12
2018-01-12 23:28:00,2,1,67.88,85.0,55.0,44.96,58.9,64.28,0.0,0.0,0.0,45.0,56.03,0.0,0.0,0.0,120.0,58.9,0.0,0.88,0.0,0.0,0.0,25.65,0.0,54.78,48.79,70.08,44.14
2018-01-12 23:29:00,2,1,67.87,85.0,55.0,44.94,58.87,64.27,0.0,0.0,0.0,45.0,56.0,0.0,0.0,0.0,120.0,58.87,0.0,0.88,0.0,0.0,0.0,25.6,0.0,54.8,48.73,70.13,44.15
2018-01-12 23:30:00,2,1,67.86,85.0,55.0,44.91,58.85,64.26,0.0,0.0,0.0,45.0,55.97,0.0,0.0,0.0,120.0,58.85,0.0,0.88,0.0,0.0,0.0,25.55,0.0,54.81,48.67,70.19,44.17
2018-01-12 23:31:00,2,1,67.85,85.0,55.0,44.88,58.82,64.25,0.0,0.0,0.0,45.0,55.94,0.0,0.0,0.0,120.0,58.82,0.0,0.88,0.0,0.0,0.0,25.51,0.0,54.83,48.61,70.24,44.18
2018-01-12 23:32:00,2,1,67.83,85.0,55.0,44.85,58.8,64.23,0.0,0.0,0.0,45.0,55.91,0.0,0.0,0.0,120.0,58.8,0.0,0.88,0.0,0.0,0.0,25.46,0.0,54.84,48.56,70.3,44.2
2018-01-12 23:33:00,2,1,67.82,85.0,55.0,44.82,58.77,64.22,0.0,0.0,0.0,45.0,55.89,0.0,0.0,0.0,120.0,58.77,0.0,0.88,0.0,0.0,0.0,25.41,0.0,54.86,48.51,70.35,44.21
2018-01-12 23:34:00,2,1,67.81,85.0,55.0,44.79,58.75,64.21,0.0,0.0,0.0,45.0,55.86,0.0,0.0,0.0,120.0,58.75,0.0,0.88,0.0,0.0,0.0,25.37,0.0,54.88,48.46,70.41,44.23
2018-01-12 23:35:00,2,1,67.8,85.0,55.0,44.76,58.72,64.2,0.0,0.0,0.0,45.0,55.83,0.0,0.0,0.0,120.0,58.72,0.0,0.88,0.0,0.0,0.0,25.32,0.0,54.9,48.43,70.46,44.24
2018-01-12 23:36:00,2,1,67.79,85.0,55.0,44.73,58.7,64.19,0.0,0.0,0.0,45.0,55.8,0.0,0.0,0.0,120.0,58.7,0.0,0.88,0.0,0.0,0.0,25.27,0.0,54.92,48.39,70.52,44.26
2018-01-12 23:37:00,2,1,67.77,85.0,55.0,44.7,58.67,64.17,0.0,0.0,0.0,45.0,55.77,0.0,0.0,0.0,120.0,58.67,0.0,0.88,0.0,0.0,0.0,25.23,0.0,54.94,48.36,70.58,44.27
2018-01-12 23:38:00,2,1,67.76,85.0,55.0,44.67,58.64,64.16,0.0,0.0,0.0,45.0,55.74,0.0,0.0,0.0,120.0,58.64,0.0,0.88,0.0,0.0,0.0,25.18,0.0,54.96,48.34,70.63,44.29
2018-01-12 23:39:00,2,1,67.75,85.0,55.0,44.64,58.62,64.15,0.0,0.0,0.0,45.0,55.71,0.0,0.0,0.0,120.0,58.62,0.0,0.88,0.0,0.0,0.0,25.13,0.0,54.99,48.32,70.69,44.3
2018-01-12 23:40:00,2,1,67.74,85.0,55.0,44.61,58.59,64.14,0.0,0.0,0.0,45.0,55.69,0.0,0.0,0.0,120.0,58.59,0.0,0.88,0.0,0.0,0.0,25.09,0.0,55.01,48.31,70.75,44.31
2018-01-12 23:41:00,2,1,67.73,85.0,55.0,44.58,58.57,64.13,0.0,0.0,0.0,45.0,55.66,0.0,0.0,0.0,120.0,58.57,0.0,0.88,0.0,0.0,0.0,25.04,0.0,55.04,48.31,70.8,44.33
2018-01-12 23:42:00,2,1,67.72,85.0,55.0,44.55,58.54,64.12,0.0,0.0,0.0,45.0,55.63,0.0,0.0,0.0,120.0,58.54,0.0,0.88,0.0,0.0,0.0,24.99,0.0,55.06,48.31,70.86,44.34
2018-01-12 23:43:00,2,1,67.71,85.0,55.0,44.53,58.52,64.11,0.0,0.0,0.0,45.0,55.6,0.0,0.0,0.0,120.0,58.52,0.0,0.88,0.0,0.0,0.0,24.94,0.0,55.09,48.32,70.92,44.35
2018-01-12 23:44:00,2,1,67.7,85.0,55.0,44.5,58.49,64.1,0.0,0.0,0.0,45.0,55.57,0.0,0.0,0.0,120.0,58.49,0.0,0.88,0.0,0.0,0.0,24.9,0.0,55.12,48.34,70.97,44.37
2018-01-12 23:45:00,2,1,67.68,85.0,55.0,44.47,58.47,64.08,0.0,0.0,0.0,45.0,55.54,0.0,0.0,0.0,120.0,58.47,0.0,0.88,0.0,0.0,0.0,24.85,0.0,55.15,48.36,71.03,44.38
2018-01-12 23:46:00,2,1,67.67,85.0,55.0,44.44,58.44,64.07,0.0,0.0,0.0,45.0,55.51,0.0,0.0,0.0,120.0,58.44,0.0,0.88,0.0,0.0,0.0,24.8,0.0,55.19,48.4,71.09,44.39
2018-01-12 23:47:00,2,1,67.66,85.0,55.0,44.41,58.42,64.06,0.0,0.0,0.0,45.0,55.49,0.0,0.0,0.0,120.0,58.42,0.0,0.88,0.0,0.0,0.0,24.75,0.0,55.22,48.44,71.15,44.41
2018-01-12 23:48:00,2,1,67.65,85.0,55.0,44.38,58.39,64.05,0.0,0.0,0.0,45.0,55.46,0.0,0.0,0.0,120.0,58.39,0.0,0.88,0.0,0.0,0.0,24.7,0.0,55.26,48.49,71.2,44.42
2018-01-12 23:49:00,2,1,67.64,85.0,55.0,44.35,58.36,64.04,0.0,0.0,0.0,45.0,55.43,0.0,0.0,0.0,120.0,58.36,0.0,0.88,0.0,0.0,0.0,24.66,0.0,55.3,48.55,71.26,44.43
2018-01-12 23:50:00,2,1,67.63,85.0,55.0,44.32,58.34,64.03,0.0,0.0,0.0,45.0,55.4,0.0,0.0,0.0,120.0,58.34,0.0,0.88,0.0,0.0,0.0,24.61,0.0,55.34,48.62,71.32,44.45
2018-01-12 23:51:00,2,1,67.62,85.0,55.0,44.29,58.31,64.02,0.0,0.0,0.0,45.0,55.37,0.0,0.0,0.0,120.0,58.31,0.0,0.88,0.0,0.0,0.0,24.56,0.0,55.38,48.69,71.38,44.46
2018-01-12 23:52:00,2,1,67.61,85.0,55.0,44.26,58.29,64.01,0.0,0.0,0.0,45.0,55.34,0.0,0.0,0.0,120.0,58.29,0.0,0.88,0.0,0.0,0.0,24.51,0.0,55.43,48.78,71.44,44.47
2018-01-12 23:53:00,2,1,67.6,85.0,55.0,44.23,58.26,64.0,0.0,0.0,0.0,45.0,55.31,0.0,0.0,0.0,120.0,58.26,0.0,0.88,0.0,0.0,0.0,24.46,0.0,55.47,48.88,71.49,44.49
2018-01-12 23:54:00,2,1,67.59,85.0,55.0,44.2,58.24,63.99,0.0,0.0,0.0,45.0,55.29,0.0,0.0,0.0,120.0,58.24,0.0,0.88,0.0,0.0,0.0,24.41,0.0,55.52,48.99,71.55,44.5
2018-01-12 23:55:00,2,1,67.58,85.0,55.0,44.17,58.21,63.98,0.0,0.0,0.0,45.0,55.26,0.0,0.0,0.0,120.0,58.21,0.0,0.88,0.0,0.0,0.0,24.36,0.0,55.57,49.11,71.61,44.51
2018-01-12 23:56:00,2,1,67.57,85.0,55.0,44.14,58.18,63.97,0.0,0.0,0.0,45.0,55.23,0.0,0.0,0.0,120.0,58.18,0.0,0.88,0.0,0.0,0.0,24.31,0.0,55.63,49.24,71.67,44.52
2018-01-12 23:57:00,2,1,67.56,85.0,55.0,44.11,58.16,63.96,0.0,0.0,0.0,45.0,55.2,0.0,0.0,0.0,120.0,58.16,0.0,0.88,0.0,0.0,0.0,24.26,0.0,55.68,49.39,71.73,44.54
2018-01-12 23:58:00,2,1,67.55,85.0,55.0,44.08,58.13,63.95,0.0,0.0,0.0,45.0,55.17,0.0,0.0,0.0,120.0,58.13,0.0,0.88,0.0,0.0,0.0,24.21,0.0,55.74,49.55,71.79,44.55
2018-01-12 23:59:00,2,1,67.54,85.0,55.0,44.05,58.11,63.94,0.0,0.0,0.0,45.0,55.14,0.0,0.0,0.0,120.0,58.11,0.0,0.88,0.0,0.0,0.0,24.16,0.0,55.8,49.71,71.85,44.56
2018-01-13 00:00:00,2,1,67.53,85.0,55.0,44.01,58.08,63.93,0.0,0.0,0.0,45.0,55.11,0.0,0.0,0.0,120.0,58.08,0.0,0.88,0.0,0.0,0.0,24.1,0.0,55.87,49.9,71.91,44.57
2018-01-13 00:01:00,2,1,67.51,85.0,55.0,43.98,58.06,63.91,0.0,0.0,0.0,45.0,55.09,0.0,0.0,0.0,120.0,58.06,0.0,0.88,0.0,0.0,0.0,24.05,0.0,55.97,50.31,71.97,44.59
2018-01-13 00:02:00,2,1,67.5,85.0,55.0,43.94,58.03,63.9,0.0,0.0,0.0,45.0,55.06,0.0,0.0,0.0,120.0,58.03,0.0,0.88,0.0,0.0,0.0,23.98,0.0,56.11,50.86,72.03,44.6
2018-01-13 00:03:00,2,1,67.49,85.0,55.0,43.91,58.0,63.89,0.0,0.0,0.0,45.0,55.03,0.0,0.0,0.0,120.0,58.0,0.0,0.88,0.0,0.0,0.0,23.92,0.0,56.25,51.44,72.09,44.61
2018-01-13 00:04:00,2,1,67.48,85.0,55.0,43.87,57.98,63.88,0.0,0.0,0.0,45.0,55.0,0.0,0.0,0.0,120.0,57.98,0.0,0.88,0.0,0.0,0.0,23.86,0.0,56.4,52.04,72.15,44.63
2018-01-13 00:05:00,2,1,67.47,85.0,55.0,43.83,57.95,63.87,0.0,0.0,0.0,45.0,54.97,0.0,0.0,0.0,120.0,57.95,0.0,0.88,0.0,0.0,0.0,23.79,0.0,56.55,52.66,72.21,44.64
2018-01-13 00:06:00,2,1,67.45,85.0,55.0,43.79,57.93,63.85,0.0,0.0,0.0,45.0,54.94,0.0,0.0,0.0,120.0,57.93,0.0,0.88,0.0,0.0,0.0,23.73,0.0,56.7,53.3,72.27,44.66
2018-01-13 00:07:00,2,1,67.44,85.0,55.0,43.75,57.9,63.84,0.0,0.0,0.0,45.0,54.91,0.0,0.0,0.0,120.0,57.9,0.0,0.88,0.0,0.0,0.0,23.66,0.0,56.86,53.95,72.33,44.67
2018-01-13 00:08:00,2,1,67.43,85.0,55.0,43.71,57.87,63.83,0.0,0.0,0.0,45.0,54.88,0.0,0.0,0.0,120.0,57.87,0.0,0.88,0.0,0.0,0.0,23.6,0.0,57.02,54.62,72.39,44.69
2018-01-13 00:09:00,2,1,67.41,85.0,55.0,43.67,57.85,63.81,0.0,0.0,0.0,45.0,54.86,0.0,0.0,0.0,120.0,57.85,0.0,0.88,0.0,0.0,0.0,23.53,0.0,57.18,55.31,72.45,44.71
2018-01-13 00:10:00,2,1,67.4,85.0,55.0,43.63,57.82,63.8,0.0,0.0,0.0,45.0,54.83,0.0,0.0,0.0,120.0,57.82,0.0,0.88,0.0,0.0,0.0,23.47,0.0,57.34,56.01,72.51,44.72
2018-01-13 00:11:00,2,1,67.38,85.0,55.0,43.59,57.79,63.78,0.0,0.0,0.0,45.0,54.8,0.0,0.0,0.0,120.0,57.79,0.0,0.88,0.0,0.0,0.0,23.4,0.0,57.51,56.74,72.57,44.74
2018-01-13 00:12:00,2,1,67.37,85.0,55.0,43.55,57.77,63.77,0.0,0.0,0.0,45.0,54.77,0.0,0.0,0.0,120.0,57.77,0.0,0.88,0.0,0.0,0.0,23.34,0.0,57.68,57.48,72.64,44.76
2018-01-13 00:13:00,2,1,67.35,85.0,55.0,43.51,57.74,63.75,0.0,0.0,0.0,45.0,54.74,0.0,0.0,0.0,120.0,57.74,0.0,0.88,0.0,0.0,0.0,23.27,0.0,57.85,58.23,72.7,44.78
2018-01-13 00:14:00,2,1,67.34,85.0,55.0,43.47,57.72,63.74,0.0,0.0,0.0,45.0,54.71,0.0,0.0,0.0,120.0,57.72,0.0,0.88,0.0,0.0,0.0,23.2,0.0,58.02,59.01,72.76,44.79
2018-01-13 00:15:00,2,1,67.32,85.0,55.0,43.43,57.69,63.72,0.0,0.0,0.0,45.0,54.68,0.0,0.0,0.0,120.0,57.69,0.0,0.88,0.0,0.0,0.0,23.14,0.0,58.2,59.8,72.82,44.81
2018-01-13 00:16:00,2,1,67.31,85.0,55.0,43.39,57.66,63.71,0.0,0.0,0.0,45.0,54.65,0.0,0.0,0.0,120.0,57.66,0.0,0.88,0.0,0.0,0.0,23.07,0.0,58.37,60.6,72.88,44.83
2018-01-13 00:17:00,2,1,67.29,85.0,55.0,43.35,57.64,63.69,0.0,0.0,0.0,45.0,54.62,0.0,0.0,0.0,120.0,57.64,0.0,0.88,0.0,0.0,0.0,23.0,0.0,58.55,46.48,72.94,44.84
2018-01-13 00:18:00,2,1,67.28,85.0,55.0,43.31,57.61,63.68,0.0,0.0,0.0,45.0,54.6,0.0,0.0,0.0,120.0,57.61,0.0,0.88,0.0,0.0,0.0,22.94,0.0,58.73,36.99,73.01,44.86
2018-01-13 00:19:00,2,1,67.26,85.0,55.0,43.26,57.58,63.66,0.0,0.0,0.0,45.0,54.57,0.0,0.0,0.0,120.0,57.58,0.0,0.88,0.0,0.0,0.0,22.87,0.0,58.92,35.95,73.07,44.88
2018-01-13 00:20:00,2,1,67.24,85.0,55.0,43.22,57.56,63.64,0.0,0.0,0.0,45.0,54.54,0.0,0.0,0.0,120.0,57.56,0.0,0.88,0.0,0.0,0.0,22.8,0.0,59.1,36.06,73.13,44.9
2018-01-13 00:21:00,2,1,67.23,85.0,55.0,43.18,57.53,63.63,0.0,0.0,0.0,45.0,54.51,0.0,0.0,0.0,120.0,57.53,0.0,0.88,0.0,0.0,0.0,22.73,0.0,59.29,36.32,73.2,44.92
2018-01-13 00:22:00,2,1,67.21,85.0,55.0,43.14,57.51,63.61,0.0,0.0,0.0,45.0,54.48,0.0,0.0,0.0,120.0,57.51,0.0,0.88,0.0,0.0,0.0,22.66,0.0,59.48,36.61,73.26,44.93
2018-01-13 00:23:00,2,1,67.2,85.0,55.0,43.1,57.48,63.6,0.0,0.0,0.0,45.0,54.45,0.0,0.0,0.0,120.0,57.48,0.0,0.88,0.0,0.0,0.0,22.6,0.0,59.67,36.91,73.32,44.95
2018-01-13 00:24:00,2,1,67.18,85.0,55.0,43.05,57.45,63.58,0.0,0.0,0.0,45.0,54.42,0.0,0.0,0.0,120.0,57.45,0.0,0.88,0.0,0.0,0.0,22.53,0.0,59.86,37.21,73.39,44.97
2018-01-13 00:25:00,2,1,67.16,85.0,55.0,43.01,57.43,63.56,0.0,0.0,0.0,45.0,54.39,0.0,0.0,0.0,120.0,57.43,0.0,0.88,0.0,0.0,0.0,22.46,0.0,60.05,37.51,73.45,44.99
2018-01-13 00:26:00,2,1,67.15,85.0,55.0,42.97,57.4,63.55,0.0,0.0,0.0,45.0,54.36,0.0,0.0,0.0,120.0,57.4,0.0,0.88,0.0,0.0,0.0,22.39,0.0,60.25,37.81,73.51,45.0
2018-01-13 00:27:00,2,1,67.13,85.0,55.0,42.92,57.37,63.53,0.0,0.0,0.0,45.0,54.33,0.0,0.0,0.0,120.0,57.37,0.0,0.88,0.0,0.0,0.0,22.32,0.0,60.44,38.12,73.58,45.02
2018-01-13 00:28:00,2,1,67.11,85.0,55.0,42.88,57.35,63.51,0.0,0.0,0.0,45.0,54.3,0.0,0.0,0.0,120.0,57.35,0.0,0.88,0.0,0.0,0.0,22.25,0.0,60.64,38.42,73.64,45.04
2018-01-13 00:29:00,2,1,67.1,85.0,55.0,42.84,57.32,63.5,0.0,0.0,0.0,45.0,54.27,0.0,0.0,0.0,120.0,57.32,0.0,0.88,0.0,0.0,0.0,22.18,0.0,60.84,38.73,73.71,45.05
2018-01-13 00:30:00,2,1,67.08,85.0,55.0,42.79,57.29,63.48,0.0,0.0,0.0,45.0,54.24,0.0,0.0,0.0,120.0,57.29,0.0,0.88,0.0,0.0,0.0,22.11,0.0,61.04,39.04,73.77,45.07
2018-01-13 00:31:00,2,1,67.06,85.0,55.0,42.75,57.27,63.46,0.0,0.0,0.0,45.0,54.21,0.0,0.0,0.0,120.0,57.27,0.0,0.88,0.0,0.0,0.0,22.04,0.0,61.24,39.35,73.83,45.09
2018-01-13 00:32:00,2,1,67.04,85.0,55.0,42.71,57.24,63.44,0.0,0.0,0.0,45.0,54.18,0.0,0.0,0.0,120.0,57.24,0.0,0.88,0.0,0.0,0.0,21.97,0.0,61.44,39.66,73.9,45.11
2018-01-13 00:33:00,2,1,67.03,85.0,55.0,42.66,57.21,63.43,0.0,0.0,0.0,45.0,54.15,0.0,0.0,0.0,120.0,57.21,0.0,0.88,0.0,0.0,0.0,21.9,0.0,61.64,39.97,73.96,45.12
2018-01-13 00:34:00,2,1,67.01,85.0,55.0,42.62,57.19,63.41,0.0,0.0,0.0,45.0,54.12,0.0,0.0,0.0,120.0,57.19,0.0,0.88,0.0,0.0,0.0,21.83,0.0,61.85,40.28,74.03,45.14
2018-01-13 00:35:00,2,1,66.99,85.0,55.0,42.58,57.16,63.39,0.0,0.0,0.0,45.0,54.1,0.0,0.0,0.0,120.0,57.16,0.0,0.88,0.0,0.0,0.0,21.76,0.0,62.05,40.59,74.09,45.16
2018-01-13 00:36:00,2,1,66.98,85.0,55.0,42.53,57.13,63.38,0.0,0.0,0.0,45.0,54.07,0.0,0.0,0.0,120.0,57.13,0.0,0.88,0.0,0.0,0.0,21.69,0.0,62.25,40.9,74.16,45.17
2018-01-13 00:37:00,2,1,66.96,85.0,55.0,42.49,57.11,63.36,0.0,0.0,0.0,45.0,54.04,0.0,0.0,0.0,120.0,57.11,0.0,0.88,0.0,0.0,0.0,21.62,0.0,62.46,41.22,74.23,45.19
2018-01-13 00:38:00,2,1,66.94,85.0,55.0,42.44,57.08,63.34,0.0,0.0,0.0,45.0,54.01,0.0,0.0,0.0,120.0,57.08,0.0,0.88,0.0,0.0,0.0,21.55,0.0,62.67,41.53,74.29,45.2
2018-01-13 00:39:00,2,1,66.92,85.0,55.0,42.4,57.05,63.32,0.0,0.0,0.0,45.0,53.98,0.0,0.0,0.0,120.0,57.05,0.0,0.88,0.0,0.0,0.0,21.47,0.0,62.87,41.84,74.36,45.22
2018-01-13 00:40:00,2,1,66.91,85.0,55.0,42.36,57.03,63.31,0.0,0.0,0.0,45.0,53.95,0.0,0.0,0.0,120.0,57.03,0.0,0.88,0.0,0.0,0.0,21.4,0.0,63.08,42.15,74.42,45.24
2018-01-13 00:41:00,2,1,66.89,85.0,55.0,42.31,57.0,63.29,0.0,0.0,0.0,45.0,53.92,0.0,0.0,0.0,120.0,57.0,0.0,0.88,0.0,0.0,0.0,21.33,0.0,63.29,42.46,74.49,45.25
2018-01-13 00:42:00,2,1,66.87,85.0,55.0,42.27,56.97,63.27,0.0,0.0,0.0,45.0,53.89,0.0,0.0,0.0,120.0,56.97,0.0,0.88,0.0,0.0,0.0,21.26,0.0,63.5,42.76,74.56,45.27
2018-01-13 00:43:00,2,1,66.85,85.0,55.0,42.22,56.94,63.25,0.0,0.0,0.0,45.0,53.86,0.0,0.0,0.0,120.0,56.94,0.0,0.88,0.0,0.0,0.0,21.19,0.0,63.71,43.07,74.62,45.28
2018-01-13 00:44:00,2,1,66.84,85.0,55.0,42.18,56.92,63.24,0.0,0.0,0.0,45.0,53.83,0.0,0.0,0.0,120.0,56.92,0.0,0.88,0.0,0.0,0.0,21.12,0.0,63.91,43.37,74.69,45.3
2018-01-13 00:45:00,2,1,66.82,85.0,55.0,42.13,56.89,63.22,0.0,0.0,0.0,45.0,53.8,0.0,0.0,0.0,120.0,56.89,0.0,0.88,0.0,0.0,0.0,21.05,0.0,64.12,43.68,74.76,45.31
2018-01-13 00:46:00,2,1,66.8,85.0,55.0,42.09,56.86,63.2,0.0,0.0,0.0,45.0,53.77,0.0,0.0,0.0,120.0,56.86,0.0,0.88,0.0,0.0,0.0,20.98,0.0,64.33,43.98,74.83,45.33
2018-01-13 00:47:00,2,1,66.78,85.0,55.0,42.04,56.84,63.18,0.0,0.0,0.0,45.0,53.74,0.0,0.0,0.0,120.0,56.84,0.0,0.88,0.0,0.0,0.0,20.9,0.0,64.54,44.28,74.89,45.34
2018-01-13 00:48:00,2,1,66.77,85.0,55.0,42.0,56.81,63.17,0.0,0.0,0.0,45.0,53.71,0.0,0.0,0.0,120.0,56.81,0.0,0.88,0.0,0.0,0.0,20.83,0.0,64.75,44.57,74.96,45.36
2018-01-13 00:49:00,2,1,66.75,85.0,55.0,41.96,56.78,63.15,0.0,0.0,0.0,45.0,53.68,0.0,0.0,0.0,120.0,56.78,0.0,0.88,0.0,0.0,0.0,20.76,0.0,64.96,44.87,75.03,45.37
2018-01-13 00:50:00,2,1,66.73,85.0,55.0,41.91,56.76,63.13,0.0,0.0,0.0,45.0,53.65,0.0,0.0,0.0,120.0,56.76,0.0,0.88,0.0,0.0,0.0,20.69,0.0,65.16,45.16,75.1,45.38
2018-01-13 00:51:00,2,1,66.72,85.0,55.0,41.87,56.73,63.12,0.0,0.0,0.0,45.0,53.61,0.0,0.0,0.0,120.0,56.73,0.0,0.88,0.0,0.0,0.0,20.62,0.0,65.37,45.45,75.17,45.4
2018-01-13 00:52:00,2,1,66.7,85.0,55.0,41.82,56.7,63.1,0.0,0.0,0.0,45.0,53.58,0.0,0.0,0.0,120.0,56.7,0.0,0.88,0.0,0.0,0.0,20.55,0.0,65.58,45.73,75.23,45.41
2018-01-13 00:53:00,2,1,66.68,85.0,55.0,41.78,56.67,63.08,0.0,0.0,0.0,45.0,53.55,0.0,0.0,0.0,120.0,56.67,0.0,0.88,0.0,0.0,0.0,20.47,0.0,65.78,46.02,75.3,45.42
2018-01-13 00:54:00,2,1,66.66,85.0,55.0,41.73,56.65,63.06,0.0,0.0,0.0,45.0,53.52,0.0,0.0,0.0,120.0,56.65,0.0,0.88,0.0,0.0,0.0,20.4,0.0,65.99,46.29,75.37,45.44
2018-01-13 00:55:00,2,1,66.65,85.0,55.0,41.69,56.62,63.05,0.0,0.0,0.0,45.0,53.49,0.0,0.0,0.0,120.0,56.62,0.0,0.88,0.0,0.0,0.0,20.33,0.0,66.19,46.57,75.44,45.45
2018-01-13 00:56:00,2,1,66.63,85.0,55.0,41.64,56.59,63.03,0.0,0.0,0.0,45.0,53.46,0.0,0.0,0.0,120.0,56.59,0.0,0.88,0.0,0.0,0.0,20.26,0.0,66.4,46.84,75.51,45.46
2018-01-13 00:57:00,2,1,66.61,85.0,55.0,41.6,56.56,63.01,0.0,0.0,0.0,45.0,53.43,0.0,0.0,0.0,120.0,56.56,0.0,0.88,0.0,0.0,0.0,20.19,0.0,66.6,47.11,75.58,45.47
2018-01-13 00:58:00,2,1,66.6,85.0,55.0,41.56,56.54,63.0,0.0,0.0,0.0,45.0,53.4,0.0,0.0,0.0,120.0,56.54,0.0,0.88,0.0,0.0,0.0,20.12,0.0,66.81,47.37,75.65,45.49
2018-01-13 00:59:00,2,1,66.58,85.0,55.0,41.51,56.51,62.98,0.0,0.0,0.0,45.0,53.37,0.0,0.0,0.0,120.0,56.51,0.0,0.88,0.0,0.0,0.0,20.04,0.0,67.01,47.63,75.72,45.5
2018-01-13 01:00:00,2,1,66.56,85.0,55.0,41.47,56.48,62.96,0.0,0.0,0.0,45.0,53.34,0.0,0.0,0.0,120.0,56.48,0.0,0.88,0.0,0.0,0.0,19.97,0.0,67.21,47.88,75.79,45.51
2018-01-13 01:01:00,2,1,66.54,85.0,55.0,41.42,56.45,62.94,0.0,0.0,0.0,45.0,53.31,0.0,0.0,0.0,120.0,56.45,0.0,0.88,0.0,0.0,0.0,19.9,0.0,67.37,48.03,75.86,45.52
2018-01-13 01:02:00,2,1,66.53,85.0,55.0,41.38,56.43,62.93,0.0,0.0,0.0,45.0,53.28,0.0,0.0,0.0,120.0,56.43,0.0,0.88,0.0,0.0,0.0,19.83,0.0,67.51,48.11,75.93,45.53
2018-01-13 01:03:00,2,1,66.51,85.0,55.0,41.34,56.4,62.91,0.0,0.0,0.0,45.0,53.25,0.0,0.0,0.0,120.0,56.4,0.0,0.88,0.0,0.0,0.0,19.76,0.0,67.64,48.18,76.0,45.54
2018-01-13 01:04:00,2,1,66.5,85.0,55.0,41.29,56.37,62.9,0.0,0.0,0.0,45.0,53.22,0.0,0.0,0.0,120.0,56.37,0.0,0.88,0.0,0.0,0.0,19.69,0.0,67.78,48.25,76.07,45.55
2018-01-13 01:05:00,2,1,66.48,85.0,55.0,41.25,56.34,62.88,0.0,0.0,0.0,45.0,53.19,0.0,0.0,0.0,120.0,56.34,0.0,0.88,0.0,0.0,0.0,19.63,0.0,67.91,48.31,76.14,45.56
2018-01-13 01:06:00,2,1,66.46,85.0,55.0,41.21,56.32,62.86,0.0,0.0,0.0,45.0,53.16,0.0,0.0,0.0,120.0,56.32,0.0,0.88,0.0,0.0,0.0,19.56,0.0,68.04,48.36,76.21,45.57
2018-01-13 01:07:00,2,1,66.45,85.0,55.0,41.17,56.29,62.85,0.0,0.0,0.0,45.0,53.13,0.0,0.0,0.0,120.0,56.29,0.0,0.88,0.0,0.0,0.0,19.49,0.0,68.17,48.41,76.29,45.58
2018-01-13 01:08:00,2,1,66.43,85.0,55.0,41.13,56.26,62.83,0.0,0.0,0.0,45.0,53.09,0.0,0.0,0.0,120.0,56.26,0.0,0.88,0.0,0.0,0.0,19.42,0.0,68.29,48.46,76.36,45.59
2018-01-13 01:09:00,2,1,66.42,85.0,55.0,41.08,56.23,62.82,0.0,0.0,0.0,45.0,53.06,0.0,0.0,0.0,120.0,56.23,0.0,0.88,0.0,0.0,0.0,19.35,0.0,68.42,48.5,76.43,45.59
2018-01-13 01:10:00,2,1,66.41,85.0,55.0,41.04,56.21,62.81,0.0,0.0,0.0,45.0,53.03,0.0,0.0,0.0,120.0,56.21,0.0,0.88,0.0,0.0,0.0,19.28,0.0,68.54,48.54,76.5,45.6
2018-01-13 01:11:00,2,1,66.39,85.0,55.0,41.0,56.18,62.79,0.0,0.0,0.0,45.0,53.0,0.0,0.0,0.0,120.0,56.18,0.0,0.88,0.0,0.0,0.0,19.21,0.0,68.66,48.58,76.57,45.61
2018-01-13 01:12:00,2,1,66.38,85.0,55.0,40.96,56.15,62.78,0.0,0.0,0.0,45.0,52.97,0.0,0.0,0.0,120.0,56.15,0.0,0.88,0.0,0.0,0.0,19.14,0.0,68.75,48.61,76.65,45.62
2018-01-13 01:13:00,2,1,66.36,85.0,55.0,40.92,56.12,62.76,0.0,0.0,0.0,45.0,52.94,0.0,0.0,0.0,120.0,56.12,0.0,0.88,0.0,0.0,0.0,19.07,0.0,68.84,48.63,76.72,45.62
2018-01-13 01:14:00,2,1,66.35,85.0,55.0,40.88,56.1,62.75,0.0,0.0,0.0,45.0,52.91,0.0,0.0,0.0,120.0,56.1,0.0,0.88,0.0,0.0,0.0,19.0,0.0,68.92,48.65,76.79,45.63
2018-01-13 01:15:00,2,1,66.33,85.0,55.0,40.84,56.07,62.73,0.0,0.0,0.0,45.0,52.88,0.0,0.0,0.0,120.0,56.07,0.0,0.88,0.0,0.0,0.0,18.94,0.0,69.0,48.67,76.86,45.63
2018-01-13 01:16:00,2,1,66.32,85.0,55.0,40.79,56.04,62.72,0.0,0.0,0.0,45.0,52.85,0.0,0.0,0.0,120.0,56.04,0.0,0.88,0.0,0.0,0.0,18.87,0.0,69.08,48.69,76.94,45.64
2018-01-13 01:17:00,2,1,66.31,85.0,55.0,40.75,56.01,62.71,0.0,0.0,0.0,45.0,52.82,0.0,0.0,0.0,120.0,56.01,0.0,0.88,0.0,0.0,0.0,18.8,0.0,69.16,48.7,77.01,45.64
2018-01-13 01:18:00,2,1,66.29,85.0,55.0,40.71,55.98,62.69,0.0,0.0,0.0,45.0,52.78,0.0,0.0,0.0,120.0,55.98,0.0,0.88,0.0,0.0,0.0,18.73,0.0,69.24,48.71,77.09,45.65
2018-01-13 01:19:00,2,1,66.28,85.0,55.0,40.67,55.96,62.68,0.0,0.0,0.0,45.0,52.75,0.0,0.0,0.0,120.0,55.96,0.0,0.88,0.0,0.0,0.0,18.66,0.0,69.32,48.71,77.16,45.65
2018-01-13 01:20:00,2,1,66.27,85.0,55.0,40.63,55.93,62.67,0.0,0.0,0.0,45.0,52.72,0.0,0.0,0.0,120.0,55.93,0.0,0.88,0.0,0.0,0.0,18.6,0.0,69.39,48.71,77.23,45.66
2018-01-13 01:21:00,2,1,66.25,85.0,55.0,40.59,55.9,62.65,0.0,0.0,0.0,45.0,52.69,0.0,0.0,0.0,120.0,55.9,0.0,0.88,0.0,0.0,0.0,18.53,0.0,69.47,48.71,77.31,45.66
2018-01-13 01:22:00,2,1,66.24,85.0,55.0,40.55,55.87,62.64,0.0,0.0,0.0,45.0,52.66,0.0,0.0,0.0,120.0,55.87,0.0,0.88,0.0,0.0,0.0,18.46,0.0,69.54,48.7,77.38,45.67
2018-01-13 01:23:00,2,1,66.23,85.0,55.0,40.51,55.84,62.63,0.0,0.0,0.0,45.0,52.63,0.0,0.0,0.0,120.0,55.84,0.0,0.88,0.0,0.0,0.0,18.39,0.0,69.61,48.69,77.46,45.67
2018-01-13 01:24:00,2,1,66.22,85.0,55.0,40.47,55.82,62.62,0.0,0.0,0.0,45.0,52.6,0.0,0.0,0.0,120.0,55.82,0.0,0.88,0.0,0.0,0.0,18.33,0.0,69.69,48.68,77.53,45.68
2018-01-13 01:25:00,2,1,66.2,85.0,55.0,40.43,55.79,62.6,0.0,0.0,0.0,45.0,52.57,0.0,0.0,0.0,120.0,55.79,0.0,0.88,0.0,0.0,0.0,18.26,0.0,69.76,48.67,77.61,45.68
2018-01-13 01:26:00,2,1,66.19,85.0,55.0,40.39,55.76,62.59,0.0,0.0,0.0,45.0,52.53,0.0,0.0,0.0,120.0,55.76,0.0,0.88,0.0,0.0,0.0,18.19,0.0,69.83,48.65,77.68,45.69
2018-01-13 01:27:00,2,1,66.18,85.0,55.0,40.35,55.73,62.58,0.0,0.0,0.0,45.0,52.5,0.0,0.0,0.0,120.0,55.73,0.0,0.88,0.0,0.0,0.0,18.12,0.0,69.89,48.63,77.76,45.69
2018-01-13 01:28:00,2,1,66.17,85.0,55.0,40.31,55.7,62.57,0.0,0.0,0.0,45.0,52.47,0.0,0.0,0.0,120.0,55.7,0.0,0.88,0.0,0.0,0.0,18.06,0.0,69.96,48.61,77.84,45.69
2018-01-13 01:29:00,2,1,66.15,85.0,55.0,40.27,55.67,62.55,0.0,0.0,0.0,45.0,52.44,0.0,0.0,0.0,120.0,55.67,0.0,0.88,0.0,0.0,0.0,17.99,0.0,70.03,48.58,77.91,45.7
2018-01-13 01:30:00,2,1,66.14,85.0,55.0,40.23,55.65,62.54,0.0,0.0,0.0,45.0,52.41,0.0,0.0,0.0,120.0,55.65,0.0,0.88,0.0,0.0,0.0,17.92,0.0,70.09,48.56,77.99,45.7
2018-01-13 01:31:00,2,1,66.13,85.0,55.0,40.19,55.62,62.53,0.0,0.0,0.0,45.0,52.38,0.0,0.0,0.0,120.0,55.62,0.0,0.88,0.0,0.0,0.0,17.86,0.0,70.16,48.53,78.07,45.7
2018-01-13 01:32:00,2,1,66.12,85.0,55.0,40.15,55.59,62.52,0.0,0.0,0.0,45.0,52.35,0.0,0.0,0.0,120.0,55.59,0.0,0.88,0.0,0.0,0.0,17.79,0.0,70.22,48.49,78.14,45.71
2018-01-13 01:33:00,2,1,66.11,85.0,55.0,40.11,55.56,62.51,0.0,0.0,0.0,45.0,52.31,0.0,0.0,0.0,120.0,55.56,0.0,0.88,0.0,0.0,0.0,17.72,0.0,70.28,48.46,78.22,45.71
2018-01-13 01:34:00,2,1,66.09,85.0,55.0,40.08,55.53,62.49,0.0,0.0,0.0,45.0,52.28,0.0,0.0,0.0,120.0,55.53,0.0,0.88,0.0,0.0,0.0,17.66,0.0,70.34,48.42,78.3,45.71
2018-01-13 01:35:00,2,1,66.08,85.0,55.0,40.04,55.5,62.48,0.0,0.0,0.0,45.0,52.25,0.0,0.0,0.0,120.0,55.5,0.0,0.88,0.0,0.0,0.0,17.59,0.0,70.4,48.39,78.37,45.71
2018-01-13 01:36:00,2,1,66.07,85.0,55.0,40.0,55.48,62.47,0.0,0.0,0.0,45.0,52.22,0.0,0.0,0.0,120.0,55.48,0.0,0.88,0.0,0.0,0.0,17.53,0.0,70.46,48.34,78.45,45.72
2018-01-13 01:37:00,2,1,66.06,85.0,55.0,39.96,55.45,62.46,0.0,0.0,0.0,45.0,52.19,0.0,0.0,0.0,120.0,55.45,0.0,0.88,0.0,0.0,0.0,17.46,0.0,70.52,48.3,78.53,45.72
2018-01-13 01:38:00,2,1,66.05,85.0,55.0,39.92,55.42,62.45,0.0,0.0,0.0,45.0,52.16,0.0,0.0,0.0,120.0,55.42,0.0,0.88,0.0,0.0,0.0,17.4,0.0,70.58,48.26,78.61,45.72
2018-01-13 01:39:00,2,1,66.04,85.0,55.0,39.88,55.39,62.44,0.0,0.0,0.0,45.0,52.13,0.0,0.0,0.0,120.0,55.39,0.0,0.88,0.0,0.0,0.0,17.33,0.0,70.64,48.21,78.69,45.72
2018-01-13 01:40:00,2,1,66.02,85.0,55.0,39.84,55.36,62.42,0.0,0.0,0.0,45.0,52.09,0.0,0.0,0.0,120.0,55.36,0.0,0.88,0.0,0.0,0.0,17.27,0.0,70.7,48.17,78.77,45.73
2018-01-13 01:41:00,2,1,66.01,85.0,55.0,39.81,55.33,62.41,0.0,0.0,0.0,45.0,52.06,0.0,0.0,0.0,120.0,55.33,0.0,0.88,0.0,0.0,0.0,17.2,0.0,70.75,48.12,78.85,45.73
2018-01-13 01:42:00,2,1,66.0,85.0,55.0,39.77,55.31,62.4,0.0,0.0,0.0,45.0,52.03,0.0,0.0,0.0,120.0,55.31,0.0,0.88,0.0,0.0,0.0,17.14,0.0,70.81,48.07,78.92,45.73
2018-01-13 01:43:00,2,1,65.99,85.0,55.0,39.73,55.28,62.39,0.0,0.0,0.0,45.0,52.0,0.0,0.0,0.0,120.0,55.28,0.0,0.88,0.0,0.0,0.0,17.07,0.0,70.86,48.01,79.0,45.73
2018-01-13 01:44:00,2,1,65.98,85.0,55.0,39.69,55.25,62.38,0.0,0.0,0.0,45.0,51.97,0.0,0.0,0.0,120.0,55.25,0.0,0.88,0.0,0.0,0.0,17.01,0.0,70.92,47.96,79.08,45.74
2018-01-13 01:45:00,2,1,65.97,85.0,55.0,39.66,55.22,62.37,0.0,0.0,0.0,45.0,51.94,0.0,0.0,0.0,120.0,55.22,0.0,0.88,0.0,0.0,0.0,16.94,0.0,70.97,47.91,79.16,45.74
2018-01-13 01:46:00,2,1,65.96,85.0,55.0,39.62,55.19,62.36,0.0,0.0,0.0,45.0,51.9,0.0,0.0,0.0,120.0,55.19,0.0,0.88,0.0,0.0,0.0,16.88,0.0,71.02,47.85,79.24,45.74
2018-01-13 01:47:00,2,1,65.94,85.0,55.0,39.58,55.16,62.34,0.0,0.0,0.0,45.0,51.87,0.0,0.0,0.0,120.0,55.16,0.0,0.88,0.0,0.0,0.0,16.82,0.0,71.08,47.8,79.32,45.74
2018-01-13 01:48:00,2,1,65.93,85.0,55.0,39.54,55.13,62.33,0.0,0.0,0.0,45.0,51.84,0.0,0.0,0.0,120.0,55.13,0.0,0.88,0.0,0.0,0.0,16.75,0.0,71.13,47.74,79.4,45.74
2018-01-13 01:49:00,2,1,65.92,85.0,55.0,39.51,55.1,62.32,0.0,0.0,0.0,45.0,51.81,0.0,0.0,0.0,120.0,55.1,0.0,0.88,0.0,0.0,0.0,16.69,0.0,71.18,47.68,79.49,45.75
2018-01-13 01:50:00,2,1,65.91,85.0,55.0,39.47,55.08,62.31,0.0,0.0,0.0,45.0,51.78,0.0,0.0,0.0,120.0,55.08,0.0,0.88,0.0,0.0,0.0,16.63,0.0,71.23,47.62,79.57,45.75
2018-01-13 01:51:00,2,1,65.9,85.0,55.0,39.43,55.05,62.3,0.0,0.0,0.0,45.0,51.75,0.0,0.0,0.0,120.0,55.05,0.0,0.88,0.0,0.0,0.0,16.56,0.0,71.29,47.56,79.65,45.75
2018-01-13 01:52:00,2,1,65.89,85.0,55.0,39.39,55.02,62.29,0.0,0.0,0.0,45.0,51.71,0.0,0.0,0.0,120.0,55.02,0.0,0.88,0.0,0.0,0.0,16.5,0.0,71.34,47.5,79.73,45.75
2018-01-13 01:53:00,2,1,65.88,85.0,55.0,39.36,54.99,62.28,0.0,0.0,0.0,45.0,51.68,0.0,0.0,0.0,120.0,54.99,0.0,0.88,0.0,0.0,0.0,16.44,0.0,71.39,47.44,79.81,45.75
2018-01-13 01:54:00,2,1,65.87,85.0,55.0,39.32,54.96,62.27,0.0,0.0,0.0,45.0,51.65,0.0,0.0,0.0,120.0,54.96,0.0,0.88,0.0,0.0,0.0,16.38,0.0,71.44,47.38,79.89,45.76
2018-01-13 01:55:00,2,1,65.86,85.0,55.0,39.29,54.93,62.26,0.0,0.0,0.0,45.0,51.62,0.0,0.0,0.0,120.0,54.93,0.0,0.88,0.0,0.0,0.0,16.31,0.0,71.49,47.32,79.98,45.76
2018-01-13 01:56:00,2,1,65.85,85.0,55.0,39.25,54.9,62.25,0.0,0.0,0.0,45.0,51.59,0.0,0.0,0.0,120.0,54.9,0.0,0.88,0.0,0.0,0.0,16.25,0.0,71.54,47.26,80.06,45.76
2018-01-13 01:57:00,2,1,65.84,85.0,55.0,39.21,54.87,62.24,0.0,0.0,0.0,45.0,51.55,0.0,0.0,0.0,120.0,54.87,0.0,0.88,0.0,0.0,0.0,16.19,0.0,71.59,47.2,80.14,45.76
2018-01-13 01:58:00,2,1,65.82,85.0,55.0,39.18,54.84,62.22,0.0,0.0,0.0,45.0,51.52,0.0,0.0,0.0,120.0,54.84,0.0,0.88,0.0,0.0,0.0,16.13,0.0,71.64,47.14,80.22,45.76
2018-01-13 01:59:00,2,1,65.81,85.0,55.0,39.14,54.82,62.21,0.0,0.0,0.0,45.0,51.49,0.0,0.0,0.0,120.0,54.82,0.0,0.88,0.0,0.0,0.0,16.07,0.0,71.69,47.08,80.31,45.76
2018-01-13 02:00:00,2,1,65.8,85.0,55.0,39.11,54.79,62.2,0.0,0.0,0.0,45.0,51.46,0.0,0.0,0.0,120.0,54.79,0.0,0.88,0.0,0.0,0.0,16.01,0.0,71.74,47.02,80.39,45.77
2018-01-13 02:01:00,2,1,65.79,85.0,55.0,39.07,54.76,62.19,0.0,0.0,0.0,45.0,51.43,0.0,0.0,0.0,120.0,54.76,0.0,0.88,0.0,0.0,0.0,15.95,0.0,71.8,46.99,80.47,45.77
2018-01-13 02:02:00,2,1,65.78,85.0,55.0,39.03,54.73,62.18,0.0,0.0,0.0,45.0,51.4,0.0,0.0,0.0,120.0,54.73,0.0,0.88,0.0,0.0,0.0,15.88,0.0,71.87,46.99,80.56,45.77
2018-01-13 02:03:00,2,1,65.77,85.0,55.0,39.0,54.7,62.17,0.0,0.0,0.0,45.0,51.36,0.0,0.0,0.0,120.0,54.7,0.0,0.88,0.0,0.0,0.0,15.82,0.0,71.94,46.98,80.64,45.77
2018-01-13 02:04:00,2,1,65.76,85.0,55.0,38.96,54.67,62.16,0.0,0.0,0.0,45.0,51.33,0.0,0.0,0.0,120.0,54.67,0.0,0.88,0.0,0.0,0.0,15.76,0.0,72.02,46.98,80.73,45.78
2018-01-13 02:05:00,2,1,65.75,85.0,55.0,38.93,54.64,62.15,0.0,0.0,0.0,45.0,51.3,0.0,0.0,0.0,120.0,54.64,0.0,0.88,0.0,0.0,0.0,15.7,0.0,72.09,46.98,80.81,45.78
2018-01-13 02:06:00,2,1,65.74,85.0,55.0,38.89,54.61,62.14,0.0,0.0,0.0,45.0,51.27,0.0,0.0,0.0,120.0,54.61,0.0,0.88,0.0,0.0,0.0,15.64,0.0,72.16,46.98,80.9,45.78
2018-01-13 02:07:00,2,1,65.73,85.0,55.0,38.85,54.58,62.13,0.0,0.0,0.0,45.0,51.24,0.0,0.0,0.0,120.0,54.58,0.0,0.88,0.0,0.0,0.0,15.58,0.0,72.23,46.98,80.98,45.78
2018-01-13 02:08:00,2,1,65.72,85.0,55.0,38.82,54.55,62.12,0.0,0.0,0.0,45.0,51.2,0.0,0.0,0.0,120.0,54.55,0.0,0.88,0.0,0.0,0.0,15.52,0.0,72.31,46.98,81.07,45.79
2018-01-13 02:09:00,2,1,65.7,85.0,55.0,38.78,54.52,62.1,0.0,0.0,0.0,45.0,51.17,0.0,0.0,0.0,120.0,54.52,0.0,0.88,0.0,0.0,0.0,15.46,0.0,72.38,46.97,81.15,45.79
2018-01-13 02:10:00,2,1,65.69,85.0,55.0,38.75,54.49,62.09,0.0,0.0,0.0,45.0,51.14,0.0,0.0,0.0,120.0,54.49,0.0,0.88,0.0,0.0,0.0,15.4,0.0,72.45,46.97,81.24,45.79
2018-01-13 02:11:00,2,1,65.68,85.0,55.0,38.71,54.47,62.08,0.0,0.0,0.0,45.0,51.11,0.0,0.0,0.0,120.0,54.47,0.0,0.88,0.0,0.0,0.0,15.34,0.0,72.52,46.97,81.33,45.79
2018-01-13 02:12:00,2,1,65.67,85.0,55.0,38.68,54.44,62.07,0.0,0.0,0.0,45.0,51.08,0.0,0.0,0.0,120.0,54.44,0.0,0.88,0.0,0.0,0.0,15.28,0.0,72.6,46.97,81.41,45.8
2018-01-13 02:13:00,2,1,65.66,85.0,55.0,38.64,54.41,62.06,0.0,0.0,0.0,45.0,51.04,0.0,0.0,0.0,120.0,54.41,0.0,0.88,0.0,0.0,0.0,15.22,0.0,72.67,46.97,81.5,45.8
2018-01-13 02:14:00,2,1,65.65,85.0,55.0,38.61,54.38,62.05,0.0,0.0,0.0,45.0,51.01,0.0,0.0,0.0,120.0,54.38,0.0,0.88,0.0,0.0,0.0,15.17,0.0,72.74,46.97,81.59,45.8
2018-01-13 02:15:00,2,1,65.64,85.0,55.0,38.57,54.35,62.04,0.0,0.0,0.0,45.0,50.98,0.0,0.0,0.0,120.0,54.35,0.0,0.88,0.0,0.0,0.0,15.11,0.0,72.81,46.97,81.67,45.81
2018-01-13 02:16:00,2,1,65.63,85.0,55.0,38.54,54.32,62.03,0.0,0.0,0.0,45.0,50.95,0.0,0.0,0.0,120.0,54.32,0.0,0.88,0.0,0.0,0.0,15.05,0.0,72.89,46.97,81.76,45.81
2018-01-13 02:17:00,2,1,65.61,85.0,55.0,38.5,54.29,62.01,0.0,0.0,0.0,45.0,50.92,0.0,0.0,0.0,120.0,54.29,0.0,0.88,0.0,0.0,0.0,14.99,0.0,72.96,46.97,81.85,45.81
2018-01-13 02:18:00,2,1,65.6,85.0,55.0,38.47,54.26,62.0,0.0,0.0,0.0,45.0,50.88,0.0,0.0,0.0,120.0,54.26,0.0,0.88,0.0,0.0,0.0,14.94,0.0,73.03,46.97,81.94,45.82
2018-01-13 02:19:00,2,1,65.59,85.0,55.0,38.44,54.23,61.99,0.0,0.0,0.0,45.0,50.85,0.0,0.0,0.0,120.0,54.23,0.0,0.88,0.0,0.0,0.0,14.88,0.0,73.1,46.98,82.02,45.82
2018-01-13 02:20:00,2,1,65.58,85.0,55.0,38.4,54.2,61.98,0.0,0.0,0.0,45.0,50.82,0.0,0.0,0.0,120.0,54.2,0.0,0.88,0.0,0.0,0.0,14.82,0.0,73.17,46.98,82.11,45.82
2018-01-13 02:21:00,2,1,65.57,85.0,55.0,38.37,54.17,61.97,0.0,0.0,0.0,45.0,50.79,0.0,0.0,0.0,120.0,54.17,0.0,0.88,0.0,0.0,0.0,14.77,0.0,73.24,46.98,82.2,45.83
2018-01-13 02:22:00,2,1,65.56,85.0,55.0,38.33,54.14,61.96,0.0,0.0,0.0,45.0,50.76,0.0,0.0,0.0,120.0,54.14,0.0,0.88,0.0,0.0,0.0,14.71,0.0,73.31,46.98,82.29,45.83
2018-01-13 02:23:00,2,1,65.55,85.0,55.0,38.3,54.11,61.95,0.0,0.0,0.0,45.0,50.72,0.0,0.0,0.0,120.0,54.11,0.0,0.88,0.0,0.0,0.0,14.66,0.0,73.38,46.98,82.38,45.83
2018-01-13 02:24:00,2,1,65.53,85.0,55.0,38.27,54.08,61.93,0.0,0.0,0.0,45.0,50.69,0.0,0.0,0.0,120.0,54.08,0.0,0.88,0.0,0.0,0.0,14.6,0.0,73.45,46.98,82.47,45.83
2018-01-13 02:25:00,2,1,65.52,85.0,55.0,38.24,54.05,61.92,0.0,0.0,0.0,45.0,50.66,0.0,0.0,0.0,120.0,54.05,0.0,0.88,0.0,0.0,0.0,14.55,0.0,73.52,46.98,82.56,45.84
2018-01-13 02:26:00,2,1,65.51,85.0,55.0,38.2,54.02,61.91,0.0,0.0,0.0,45.0,50.63,0.0,0.0,0.0,120.0,54.02,0.0,0.88,0.0,0.0,0.0,14.49,0.0,73.59,46.98,82.65,45.84
2018-01-13 02:27:00,2,1,65.5,85.0,55.0,38.17,53.99,61.9,0.0,0.0,0.0,45.0,50.6,0.0,0.0,0.0,120.0,53.99,0.0,0.88,0.0,0.0,0.0,14.44,0.0,73.66,46.98,82.74,45.84
2018-01-13 02:28:00,2,1,65.49,85.0,55.0,38.14,53.96,61.89,0.0,0.0,0.0,45.0,50.56,0.0,0.0,0.0,120.0,53.96,0.0,0.88,0.0,0.0,0.0,14.39,0.0,73.73,46.99,82.83,45.85
2018-01-13 02:29:00,2,1,65.48,85.0,55.0,38.11,53.93,61.88,0.0,0.0,0.0,45.0,50.53,0.0,0.0,0.0,120.0,53.93,0.0,0.88,0.0,0.0,0.0,14.33,0.0,73.8,46.99,82.92,45.85
2018-01-13 02:30:00,2,1,65.47,85.0,55.0,38.07,53.9,61.87,0.0,0.0,0.0,45.0,50.5,0.0,0.0,0.0,120.0,53.9,0.0,0.88,0.0,0.0,0.0,14.28,0.0,73.86,46.99,83.01,45.85
2018-01-13 02:31:00,2,1,65.45,85.0,55.0,38.04,53.87,61.85,0.0,0.0,0.0,45.0,50.47,0.0,0.0,0.0,120.0,53.87,0.0,0.88,0.0,0.0,0.0,14.23,0.0,73.93,46.99,83.1,45.86
2018-01-13 02:32:00,2,1,65.44,85.0,55.0,38.01,53.84,61.84,0.0,0.0,0.0,45.0,50.44,0.0,0.0,0.0,120.0,53.84,0.0,0.88,0.0,0.0,0.0,14.18,0.0,74.0,46.99,83.2,45.86
2018-01-13 02:33:00,2,1,65.43,85.0,55.0,37.98,53.81,61.83,0.0,0.0,0.0,45.0,50.4,0.0,0.0,0.0,120.0,53.81,0.0,0.88,0.0,0.0,0.0,14.13,0.0,74.06,46.99,83.29,45.86
2018-01-13 02:34:00,2,1,65.42,85.0,55.0,37.95,53.78,61.82,0.0,0.0,0.0,45.0,50.37,0.0,0.0,0.0,120.0,53.78,0.0,0.88,0.0,0.0,0.0,14.08,0.0,74.13,46.99,83.38,45.87
2018-01-13 02:35:00,2,1,65.41,85.0,55.0,37.92,53.75,61.81,0.0,0.0,0.0,45.0,50.34,0.0,0.0,0.0,120.0,53.75,0.0,0.88,0.0,0.0,0.0,14.03,0.0,74.2,46.99,83.47,45.87
2018-01-13 02:36:00,2,1,65.4,85.0,55.0,37.89,53.73,61.8,0.0,0.0,0.0,45.0,50.31,0.0,0.0,0.0,120.0,53.73,0.0,0.88,0.0,0.0,0.0,13.98,0.0,74.26,47.0,83.57,45.87
2018-01-13 02:37:00,2,1,65.39,85.0,55.0,37.86,53.7,61.79,0.0,0.0,0.0,45.0,50.28,0.0,0.0,0.0,120.0,53.7,0.0,0.88,0.0,0.0,0.0,13.93,0.0,74.33,47.0,83.66,45.88
2018-01-13 02:38:00,2,1,65.38,85.0,55.0,37.83,53.67,61.78,0.0,0.0,0.0,45.0,50.24,0.0,0.0,0.0,120.0,53.67,0.0,0.88,0.0,0.0,0.0,13.88,0.0,74.39,47.0,83.75,45.88
2018-01-13 02:39:00,2,1,65.36,85.0,55.0,37.8,53.64,61.76,0.0,0.0,0.0,45.0,50.21,0.0,0.0,0.0,120.0,53.64,0.0,0.88,0.0,0.0,0.0,13.83,0.0,74.45,47.0,83.84,45.88
2018-01-13 02:40:00,2,1,65.35,85.0,55.0,37.77,53.61,61.75,0.0,0.0,0.0,45.0,50.18,0.0,0.0,0.0,120.0,53.61,0.0,0.88,0.0,0.0,0.0,13.78,0.0,74.52,47.0,83.94,45.89
2018-01-13 02:41:00,2,1,65.34,85.0,55.0,37.74,53.58,61.74,0.0,0.0,0.0,45.0,50.15,0.0,0.0,0.0,120.0,53.58,0.0,0.88,0.0,0.0,0.0,13.74,0.0,74.58,47.0,84.03,45.89
2018-01-13 02:42:00,2,1,65.33,85.0,55.0,37.71,53.55,61.73,0.0,0.0,0.0,45.0,50.12,0.0,0.0,0.0,120.0,53.55,0.0,0.88,0.0,0.0,0.0,13.69,0.0,74.64,47.0,84.13,45.89
2018-01-13 02:43:00,2,1,65.32,85.0,55.0,37.68,53.52,61.72,0.0,0.0,0.0,45.0,50.08,0.0,0.0,0.0,120.0,53.52,0.0,0.88,0.0,0.0,0.0,13.64,0.0,74.7,47.0,84.22,45.9
2018-01-13 02:44:00,2,1,65.31,85.0,55.0,37.65,53.49,61.71,0.0,0.0,0.0,45.0,50.05,0.0,0.0,0.0,120.0,53.49,0.0,0.88,0.0,0.0,0.0,13.6,0.0,74.76,47.0,84.32,45.9
2018-01-13 02:45:00,2,1,65.3,85.0,55.0,37.63,53.46,61.7,0.0,0.0,0.0,45.0,50.02,0.0,0.0,0.0,120.0,53.46,0.0,0.88,0.0,0.0,0.0,13.55,0.0,74.82,47.0,84.41,45.9
2018-01-13 02:46:00,2,1,65.29,85.0,55.0,37.6,53.43,61.69,0.0,0.0,0.0,45.0,49.99,0.0,0.0,0.0,120.0,53.43,0.0,0.88,0.0,0.0,0.0,13.51,0.0,74.88,47.0,84.51,45.91
2018-01-13 02:47:00,2,1,65.28,85.0,55.0,37.57,53.4,61.68,0.0,0.0,0.0,45.0,49.96,0.0,0.0,0.0,120.0,53.4,0.0,0.88,0.0,0.0,0.0,13.46,0.0,74.94,47.0,84.6,45.91
2018-01-13 02:48:00,2,1,65.26,85.0,55.0,37.54,53.37,61.66,0.0,0.0,0.0,45.0,49.92,0.0,0.0,0.0,120.0,53.37,0.0,0.88,0.0,0.0,0.0,13.42,0.0,75.0,47.0,84.7,45.91
2018-01-13 02:49:00,2,1,65.25,85.0,55.0,37.51,53.34,61.65,0.0,0.0,0.0,45.0,49.89,0.0,0.0,0.0,120.0,53.34,0.0,0.88,0.0,0.0,0.0,13.38,0.0,75.05,47.0,84.79,45.91
2018-01-13 02:50:00,2,1,65.24,85.0,55.0,37.49,53.31,61.64,0.0,0.0,0.0,45.0,49.86,0.0,0.0,0.0,120.0,53.31,0.0,0.88,0.0,0.0,0.0,13.33,0.0,75.11,47.0,84.89,45.92
2018-01-13 02:51:00,2,1,65.23,85.0,55.0,37.46,53.28,61.63,0.0,0.0,0.0,45.0,49.83,0.0,0.0,0.0,120.0,53.28,0.0,0.88,0.0,0.0,0.0,13.29,0.0,75.16,47.0,84.99,45.92
2018-01-13 02:52:00,2,1,65.22,85.0,55.0,37.43,53.25,61.62,0.0,0.0,0.0,45.0,49.8,0.0,0.0,0.0,120.0,53.25,0.0,0.88,0.0,0.0,0.0,13.25,0.0,75.22,47.0,85.08,45.92
2018-01-13 02:53:00,2,1,65.21,85.0,55.0,37.41,53.22,61.61,0.0,0.0,0.0,45.0,49.76,0.0,0.0,0.0,120.0,53.22,0.0,0.88,0.0,0.0,0.0,13.21,0.0,75.27,47.0,85.18,45.93
2018-01-13 02:54:00,2,1,65.2,85.0,55.0,37.38,53.18,61.6,0.0,0.0,0.0,45.0,49.73,0.0,0.0,0.0,120.0,53.18,0.0,0.88,0.0,0.0,0.0,13.17,0.0,75.33,47.0,85.28,45.93
2018-01-13 02:55:00,2,1,65.19,85.0,55.0,37.36,53.15,61.59,0.0,0.0,0.0,45.0,49.7,0.0,0.0,0.0,120.0,53.15,0.0,0.88,0.0,0.0,0.0,13.13,0.0,75.38,47.0,85.38,45.93
2018-01-13 02:56:00,2,1,65.18,85.0,55.0,37.33,53.12,61.58,0.0,0.0,0.0,45.0,49.67,0.0,0.0,0.0,120.0,53.12,0.0,0.88,0.0,0.0,0.0,13.09,0.0,75.43,47.0,85.48,45.93
2018-01-13 02:57:00,2,1,65.17,85.0,55.0,37.31,53.09,61.57,0.0,0.0,0.0,45.0,49.64,0.0,0.0,0.0,120.0,53.09,0.0,0.88,0.0,0.0,0.0,13.05,0.0,75.48,47.0,85.57,45.94
2018-01-13 02:58:00,2,1,65.15,85.0,55.0,37.28,53.06,61.55,0.0,0.0,0.0,45.0,49.6,0.0,0.0,0.0,120.0,53.06,0.0,0.88,0.0,0.0,0.0,13.01,0.0,75.53,47.0,85.67,45.94
2018-01-13 02:59:00,2,1,65.14,85.0,55.0,37.26,53.03,61.54,0.0,0.0,0.0,45.0,49.57,0.0,0.0,0.0,120.0,53.03,0.0,0.88,0.0,0.0,0.0,12.97,0.0,75.58,46.99,85.77,45.94
2018-01-13 03:00:00,2,1,65.13,85.0,55.0,37.24,53.0,61.53,0.0,0.0,0.0,45.0,49.54,0.0,0.0,0.0,120.0,53.0,0.0,0.88,0.0,0.0,0.0,12.94,0.0,75.63,46.99,85.87,45.95
2018-01-13 03:01:00,2,1,65.12,85.0,55.0,37.21,52.97,61.52,0.0,0.0,0.0,45.0,49.51,0.0,0.0,0.0,120.0,52.97,0.0,0.88,0.0,0.0,0.0,12.9,0.0,75.67,46.99,85.97,45.95
2018-01-13 03:02:00,2,1,65.11,85.0,55.0,37.19,52.94,61.51,0.0,0.0,0.0,45.0,49.48,0.0,0.0,0.0,120.0,52.94,0.0,0.88,0.0,0.0,0.0,12.88,0.0,75.7,46.98,86.07,45.95
2018-01-13 03:03:00,2,1,65.1,85.0,55.0,37.17,52.91,61.5,0.0,0.0,0.0,45.0,49.45,0.0,0.0,0.0,120.0,52.91,0.0,0.88,0.0,0.0,0.0,12.85,0.0,75.74,46.97,86.17,45.95
2018-01-13 03:04:00,2,1,65.09,85.0,55.0,37.15,52.88,61.49,0.0,0.0,0.0,45.0,49.41,0.0,0.0,0.0,120.0,52.88,0.0,0.88,0.0,0.0,0.0,12.82,0.0,75.77,46.96,86.27,45.96
2018-01-13 03:05:00,2,1,65.08,85.0,55.0,37.14,52.85,61.48,0.0,0.0,0.0,45.0,49.38,0.0,0.0,0.0,120.0,52.85,0.0,0.88,0.0,0.0,0.0,12.79,0.0,75.8,46.95,86.37,45.96
2018-01-13 03:06:00,2,1,65.07,85.0,55.0,37.12,52.82,61.47,0.0,0.0,0.0,45.0,49.35,0.0,0.0,0.0,120.0,52.82,0.0,0.88,0.0,0.0,0.0,12.77,0.0,75.83,46.94,86.47,45.96
2018-01-13 03:07:00,2,1,65.06,85.0,55.0,37.1,52.79,61.46,0.0,0.0,0.0,45.0,49.32,0.0,0.0,0.0,120.0,52.79,0.0,0.88,0.0,0.0,0.0,12.74,0.0,75.86,46.93,86.57,45.96
2018-01-13 03:08:00,2,1,65.05,85.0,55.0,37.08,52.76,61.45,0.0,0.0,0.0,45.0,49.29,0.0,0.0,0.0,120.0,52.76,0.0,0.88,0.0,0.0,0.0,12.71,0.0,75.89,46.92,86.67,45.96
2018-01-13 03:09:00,2,1,65.04,85.0,55.0,37.06,52.73,61.44,0.0,0.0,0.0,45.0,49.26,0.0,0.0,0.0,120.0,52.73,0.0,0.88,0.0,0.0,0.0,12.69,0.0,75.91,46.91,86.78,45.97
2018-01-13 03:10:00,2,1,65.03,85.0,55.0,37.05,52.7,61.43,0.0,0.0,0.0,45.0,49.23,0.0,0.0,0.0,120.0,52.7,0.0,0.88,0.0,0.0,0.0,12.67,0.0,75.94,46.9,86.88,45.97
2018-01-13 03:11:00,2,1,65.02,85.0,55.0,37.03,52.67,61.42,0.0,0.0,0.0,45.0,49.19,0.0,0.0,0.0,120.0,52.67,0.0,0.88,0.0,0.0,0.0,12.64,0.0,75.97,46.89,86.98,45.97
2018-01-13 03:12:00,2,1,65.01,85.0,55.0,37.01,52.64,61.41,0.0,0.0,0.0,45.0,49.16,0.0,0.0,0.0,120.0,52.64,0.0,0.88,0.0,0.0,0.0,12.62,0.0,75.99,46.88,87.08,45.97
2018-01-13 03:13:00,2,1,65.0,85.0,55.0,37.0,52.61,61.4,0.0,0.0,0.0,45.0,49.13,0.0,0.0,0.0,120.0,52.61,0.0,0.88,0.0,0.0,0.0,12.6,0.0,76.01,46.87,87.18,45.97
2018-01-13 03:14:00,2,1,64.99,85.0,55.0,36.98,52.58,61.39,0.0,0.0,0.0,45.0,49.1,0.0,0.0,0.0,120.0,52.58,0.0,0.88,0.0,0.0,0.0,12.57,0.0,76.04,46.86,87.29,45.97
2018-01-13 03:15:00,2,1,64.98,85.0,55.0,36.96,52.55,61.38,0.0,0.0,0.0,45.0,49.07,0.0,0.0,0.0,120.0,52.55,0.0,0.88,0.0,0.0,0.0,12.55,0.0,76.06,46.84,87.39,45.98
2018-01-13 03:16:00,2,1,64.97,85.0,55.0,36.95,52.52,61.37,0.0,0.0,0.0,45.0,49.04,0.0,0.0,0.0,120.0,52.52,0.0,0.88,0.0,0.0,0.0,12.53,0.0,76.08,46.83,87.49,45.98
2018-01-13 03:17:00,2,1,64.96,85.0,55.0,36.93,52.49,61.36,0.0,0.0,0.0,45.0,49.01,0.0,0.0,0.0,120.0,52.49,0.0,0.88,0.0,0.0,0.0,12.51,0.0,76.1,46.82,87.6,45.98
2018-01-13 03:18:00,2,1,64.95,85.0,55.0,36.92,52.46,61.35,0.0,0.0,0.0,45.0,48.97,0.0,0.0,0.0,120.0,52.46,0.0,0.88,0.0,0.0,0.0,12.49,0.0,76.12,46.81,87.7,45.98
2018-01-13 03:19:00,2,1,64.94,85.0,55.0,36.9,52.43,61.34,0.0,0.0,0.0,45.0,48.94,0.0,0.0,0.0,120.0,52.43,0.0,0.88,0.0,0.0,0.0,12.47,0.0,76.14,46.79,87.81,45.98
2018-01-13 03:20:00,2,1,64.93,85.0,55.0,36.89,52.4,61.33,0.0,0.0,0.0,45.0,48.91,0.0,0.0,0.0,120.0,52.4,0.0,0.88,0.0,0.0,0.0,12.45,0.0,76.15,46.78,87.91,45.98
2018-01-13 03:21:00,2,1,64.92,85.0,55.0,36.88,52.37,61.32,0.0,0.0,0.0,45.0,48.88,0.0,0.0,0.0,120.0,52.37,0.0,0.88,0.0,0.0,0.0,12.43,0.0,76.17,46.77,88.02,45.98
2018-01-13 03:22:00,2,1,64.91,85.0,55.0,36.86,52.34,61.31,0.0,0.0,0.0,45.0,48.85,0.0,0.0,0.0,120.0,52.34,0.0,0.88,0.0,0.0,0.0,12.41,0.0,76.19,46.75,88.12,45.98
2018-01-13 03:23:00,2,1,64.9,85.0,55.0,36.85,52.31,61.3,0.0,0.0,0.0,45.0,48.82,0.0,0.0,0.0,120.0,52.31,0.0,0.88,0.0,0.0,0.0,12.4,0.0,76.2,46.74,88.23,45.98
2018-01-13 03:24:00,2,1,64.89,85.0,55.0,36.83,52.28,61.29,0.0,0.0,0.0,45.0,48.79,0.0,0.0,0.0,120.0,52.28,0.0,0.88,0.0,0.0,0.0,12.38,0.0,76.21,46.73,88.33,45.99
2018-01-13 03:25:00,2,1,64.88,85.0,55.0,36.82,52.24,61.28,0.0,0.0,0.0,45.0,48.76,0.0,0.0,0.0,120.0,52.24,0.0,0.88,0.0,0.0,0.0,12.36,0.0,76.23,46.71,88.44,45.99
2018-01-13 03:26:00,2,1,64.87,85.0,55.0,36.81,52.21,61.27,0.0,0.0,0.0,45.0,48.73,0.0,0.0,0.0,120.0,52.21,0.0,0.88,0.0,0.0,0.0,12.35,0.0,76.24,46.7,88.54,45.99
2018-01-13 03:27:00,2,1,64.86,85.0,55.0,36.8,52.18,61.26,0.0,0.0,0.0,45.0,48.7,0.0,0.0,0.0,120.0,52.18,0.0,0.88,0.0,0.0,0.0,12.33,0.0,76.25,46.68,88.65,45.99
2018-01-13 03:28:00,2,1,64.85,85.0,55.0,36.78,52.15,61.25,0.0,0.0,0.0,45.0,48.67,0.0,0.0,0.0,120.0,52.15,0.0,0.88,0.0,0.0,0.0,12.31,0.0,76.26,46.66,88.76,45.99
2018-01-13 03:29:00,2,1,64.84,85.0,55.0,36.77,52.12,61.24,0.0,0.0,0.0,45.0,48.64,0.0,0.0,0.0,120.0,52.12,0.0,0.88,0.0,0.0,0.0,12.3,0.0,76.27,46.65,88.86,45.99
2018-01-13 03:30:00,2,1,64.83,85.0,55.0,36.76,52.09,61.23,0.0,0.0,0.0,45.0,48.6,0.0,0.0,0.0,120.0,52.09,0.0,0.88,0.0,0.0,0.0,12.29,0.0,76.28,46.63,88.97,45.99
2018-01-13 03:31:00,2,1,64.82,85.0,55.0,36.75,52.06,61.22,0.0,0.0,0.0,45.0,48.57,0.0,0.0,0.0,120.0,52.06,0.0,0.88,0.0,0.0,0.0,12.27,0.0,76.29,46.62,89.08,45.99
2018-01-13 03:32:00,2,1,64.81,85.0,55.0,36.74,52.03,61.21,0.0,0.0,0.0,45.0,48.54,0.0,0.0,0.0,120.0,52.03,0.0,0.88,0.0,0.0,0.0,12.26,0.0,76.3,46.6,89.19,45.99
2018-01-13 03:33:00,2,1,64.8,85.0,55.0,36.72,52.0,61.2,0.0,0.0,0.0,45.0,48.51,0.0,0.0,0.0,120.0,52.0,0.0,0.88,0.0,0.0,0.0,12.24,0.0,76.3,46.58,89.29,45.99
2018-01-13 03:34:00,2,1,64.79,85.0,55.0,36.71,51.97,61.19,0.0,0.0,0.0,45.0,48.48,0.0,0.0,0.0,120.0,51.97,0.0,0.88,0.0,0.0,0.0,12.23,0.0,76.31,46.57,89.4,45.99
2018-01-13 03:35:00,2,1,64.78,85.0,55.0,36.7,51.94,61.18,0.0,0.0,0.0,45.0,48.45,0.0,0.0,0.0,120.0,51.94,0.0,0.88,0.0,0.0,0.0,12.22,0.0,76.32,46.55,89.51,45.99
2018-01-13 03:36:00,2,1,64.77,85.0,55.0,36.69,51.91,61.17,0.0,0.0,0.0,45.0,48.42,0.0,0.0,0.0,120.0,51.91,0.0,0.88,0.0,0.0,0.0,12.21,0.0,76.32,46.53,89.62,45.99
2018-01-13 03:37:00,2,1,64.77,85.0,55.0,36.68,51.88,61.17,0.0,0.0,0.0,45.0,48.39,0.0,0.0,0.0,120.0,51.88,0.0,0.88,0.0,0.0,0.0,12.2,0.0,76.32,46.51,89.73,45.99
2018-01-13 03:38:00,2,1,64.76,85.0,55.0,36.67,51.85,61.16,0.0,0.0,0.0,45.0,48.36,0.0,0.0,0.0,120.0,51.85,0.0,0.88,0.0,0.0,0.0,12.18,0.0,76.33,46.49,89.84,45.99
2018-01-13 03:39:00,2,1,64.75,85.0,55.0,36.66,51.82,61.15,0.0,0.0,0.0,45.0,48.33,0.0,0.0,0.0,120.0,51.82,0.0,0.88,0.0,0.0,0.0,12.17,0.0,76.33,46.48,89.95,45.99
2018-01-13 03:40:00,2,1,64.74,85.0,55.0,36.65,51.79,61.14,0.0,0.0,0.0,45.0,48.3,0.0,0.0,0.0,120.0,51.79,0.0,0.88,0.0,0.0,0.0,12.16,0.0,76.33,46.46,90.06,45.99
2018-01-13 03:41:00,2,1,64.73,85.0,55.0,36.64,51.76,61.13,0.0,0.0,0.0,45.0,48.27,0.0,0.0,0.0,120.0,51.76,0.0,0.88,0.0,0.0,0.0,12.15,0.0,76.33,46.44,90.17,46.0
2018-01-13 03:42:00,2,1,64.72,85.0,55.0,36.63,51.73,61.12,0.0,0.0,0.0,45.0,48.24,0.0,0.0,0.0,120.0,51.73,0.0,0.88,0.0,0.0,0.0,12.14,0.0,76.33,46.42,90.28,46.0
2018-01-13 03:43:00,2,1,64.71,85.0,55.0,36.62,51.7,61.11,0.0,0.0,0.0,45.0,48.21,0.0,0.0,0.0,120.0,51.7,0.0,0.88,0.0,0.0,0.0,12.13,0.0,76.33,46.4,90.39,46.0
2018-01-13 03:44:00,2,1,64.7,85.0,55.0,36.61,51.67,61.1,0.0,0.0,0.0,45.0,48.18,0.0,0.0,0.0,120.0,51.67,0.0,0.88,0.0,0.0,0.0,12.12,0.0,76.33,46.38,90.5,46.0
2018-01-13 03:45:00,2,1,64.69,85.0,55.0,36.6,51.64,61.09,0.0,0.0,0.0,45.0,48.15,0.0,0.0,0.0,120.0,51.64,0.0,0.88,0.0,0.0,0.0,12.12,0.0,76.33,46.36,90.61,46.0
2018-01-13 03:46:00,2,1,64.68,85.0,55.0,36.6,51.61,61.08,0.0,0.0,0.0,45.0,48.12,0.0,0.0,0.0,120.0,51.61,0.0,0.88,0.0,0.0,0.0,12.11,0.0,76.33,46.34,90.72,46.0
2018-01-13 03:47:00,2,1,64.67,85.0,55.0,36.59,51.57,61.07,0.0,0.0,0.0,45.0,48.09,0.0,0.0,0.0,120.0,51.57,0.0,0.88,0.0,0.0,0.0,12.1,0.0,76.33,46.32,90.83,46.0
2018-01-13 03:48:00,2,1,64.66,85.0,55.0,36.58,51.54,61.06,0.0,0.0,0.0,45.0,48.06,0.0,0.0,0.0,120.0,51.54,0.0,0.88,0.0,0.0,0.0,12.09,0.0,76.32,46.3,90.95,46.0
2018-01-13 03:49:00,2,1,64.66,85.0,55.0,36.57,51.51,61.06,0.0,0.0,0.0,45.0,48.03,0.0,0.0,0.0,120.0,51.51,0.0,0.88,0.0,0.0,0.0,12.08,0.0,76.32,46.27,91.06,46.0
2018-01-13 03:50:00,2,1,64.65,85.0,55.0,36.56,51.48,61.05,0.0,0.0,0.0,45.0,48.0,0.0,0.0,0.0,120.0,51.48,0.0,0.88,0.0,0.0,0.0,12.08,0.0,76.31,46.25,91.17,45.99
2018-01-13 03:51:00,2,1,64.64,85.0,55.0,36.55,51.45,61.04,0.0,0.0,0.0,45.0,47.97,0.0,0.0,0.0,120.0,51.45,0.0,0.88,0.0,0.0,0.0,12.07,0.0,76.31,46.23,91.28,45.99
2018-01-13 03:52:00,2,1,64.63,85.0,55.0,36.55,51.42,61.03,0.0,0.0,0.0,45.0,47.94,0.0,0.0,0.0,120.0,51.42,0.0,0.88,0.0,0.0,0.0,12.06,0.0,76.3,46.21,91.4,45.99
2018-01-13 03:53:00,2,1,64.62,85.0,55.0,36.54,51.39,61.02,0.0,0.0,0.0,45.0,47.92,0.0,0.0,0.0,120.0,51.39,0.0,0.88,0.0,0.0,0.0,12.06,0.0,76.3,46.19,91.51,45.99
2018-01-13 03:54:00,2,1,64.61,85.0,55.0,36.53,51.36,61.01,0.0,0.0,0.0,45.0,47.89,0.0,0.0,0.0,120.0,51.36,0.0,0.88,0.0,0.0,0.0,12.05,0.0,76.29,46.16,91.62,45.99
2018-01-13 03:55:00,2,1,64.6,85.0,55.0,36.52,51.33,61.0,0.0,0.0,0.0,45.0,47.86,0.0,0.0,0.0,120.0,51.33,0.0,0.88,0.0,0.0,0.0,12.05,0.0,76.28,46.14,91.74,45.99
2018-01-13 03:56:00,2,1,64.59,85.0,55.0,36.52,51.3,60.99,0.0,0.0,0.0,45.0,47.83,0.0,0.0,0.0,120.0,51.3,0.0,0.88,0.0,0.0,0.0,12.04,0.0,76.27,46.12,91.85,45.99
2018-01-13 03:57:00,2,1,64.58,85.0,55.0,36.51,51.27,60.98,0.0,0.0,0.0,45.0,47.8,0.0,0.0,0.0,120.0,51.27,0.0,0.88,0.0,0.0,0.0,12.04,0.0,76.26,46.09,91.96,45.99
2018-01-13 03:58:00,2,1,64.58,85.0,55.0,36.5,51.24,60.98,0.0,0.0,0.0,45.0,47.77,0.0,0.0,0.0,120.0,51.24,0.0,0.88,0.0,0.0,0.0,12.03,0.0,76.25,46.07,92.08,45.99
2018-01-13 03:59:00,2,1,64.57,85.0,55.0,36.5,51.21,60.97,0.0,0.0,0.0,45.0,47.74,0.0,0.0,0.0,120.0,51.21,0.0,0.88,0.0,0.0,0.0,12.03,0.0,76.24,46.05,92.19,45.99
2018-01-13 04:00:00,2,1,64.56,85.0,55.0,36.49,51.18,60.96,0.0,0.0,0.0,45.0,47.71,0.0,0.0,0.0,120.0,51.18,0.0,0.88,0.0,0.0,0.0,12.02,0.0,76.23,46.02,92.31,45.99
2018-01-13 04:01:00,2,1,64.55,85.0,55.0,36.48,51.15,60.95,0.0,0.0,0.0,45.0,47.68,0.0,0.0,0.0,120.0,51.15,0.0,0.88,0.0,0.0,0.0,12.02,0.0,76.22,45.99,92.42,45.99
2018-01-13 04:02:00,2,1,64.54,85.0,55.0,36.48,51.12,60.94,0.0,0.0,0.0,45.0,47.65,0.0,0.0,0.0,120.0,51.12,0.0,0.88,0.0,0.0,0.0,12.01,0.0,76.21,45.96,92.54,45.99
2018-01-13 04:03:00,2,1,64.53,85.0,55.0,36.47,51.09,60.93,0.0,0.0,0.0,45.0,47.62,0.0,0.0,0.0,120.0,51.09,0.0,0.88,0.0,0.0,0.0,12.01,0.0,76.19,45.92,92.65,45.99
2018-01-13 04:04:00,2,1,64.52,85.0,55.0,36.46,51.06,60.92,0.0,0.0,0.0,45.0,47.6,0.0,0.0,0.0,120.0,51.06,0.0,0.88,0.0,0.0,0.0,12.0,0.0,76.18,45.89,92.77,45.99
2018-01-13 04:05:00,2,1,64.52,85.0,55.0,36.46,51.03,60.92,0.0,0.0,0.0,45.0,47.57,0.0,0.0,0.0,120.0,51.03,0.0,0.88,0.0,0.0,0.0,12.0,0.0,76.16,45.85,92.89,45.99
2018-01-13 04:06:00,2,1,64.51,85.0,55.0,36.45,51.0,60.91,0.0,0.0,0.0,45.0,47.54,0.0,0.0,0.0,120.0,51.0,0.0,0.88,0.0,0.0,0.0,12.0,0.0,76.15,45.82,93.0,45.99
2018-01-13 04:07:00,2,1,64.5,85.0,55.0,36.45,50.97,60.9,0.0,0.0,0.0,45.0,47.51,0.0,0.0,0.0,120.0,50.97,0.0,0.88,0.0,0.0,0.0,11.99,0.0,76.13,45.79,93.12,45.99
2018-01-13 04:08:00,2,1,64.49,85.0,55.0,36.44,50.94,60.89,0.0,0.0,0.0,45.0,47.48,0.0,0.0,0.0,120.0,50.94,0.0,0.88,0.0,0.0,0.0,11.99,0.0,76.12,45.75,93.24,45.99
2018-01-13 04:09:00,2,1,64.48,85.0,55.0,36.43,50.91,60.88,0.0,0.0,0.0,45.0,47.45,0.0,0.0,0.0,120.0,50.91,0.0,0.88,0.0,0.0,0.0,11.99,0.0,76.1,45.71,93.35,45.99
2018-01-13 04:10:00,2,1,64.47,85.0,55.0,36.43,50.88,60.87,0.0,0.0,0.0,45.0,47.42,0.0,0.0,0.0,120.0,50.88,0.0,0.88,0.0,0.0,0.0,11.98,0.0,76.08,45.68,93.47,45.98
2018-01-13 04:11:00,2,1,64.46,85.0,55.0,36.42,50.85,60.86,0.0,0.0,0.0,45.0,47.4,0.0,0.0,0.0,120.0,50.85,0.0,0.88,0.0,0.0,0.0,11.98,0.0,76.06,45.64,93.59,45.98
2018-01-13 04:12:00,2,1,64.45,85.0,55.0,36.42,50.82,60.85,0.0,0.0,0.0,45.0,47.37,0.0,0.0,0.0,120.0,50.82,0.0,0.88,0.0,0.0,0.0,11.98,0.0,76.05,45.61,93.7,45.98
2018-01-13 04:13:00,2,1,64.45,85.0,55.0,36.41,50.79,60.85,0.0,0.0,0.0,45.0,47.34,0.0,0.0,0.0,120.0,50.79,0.0,0.88,0.0,0.0,0.0,11.98,0.0,76.03,45.57,93.82,45.98
2018-01-13 04:14:00,2,1,64.44,85.0,55.0,36.41,50.76,60.84,0.0,0.0,0.0,45.0,47.31,0.0,0.0,0.0,120.0,50.76,0.0,0.88,0.0,0.0,0.0,11.97,0.0,76.01,45.54,93.94,45.98
2018-01-13 04:15:00,2,1,64.43,85.0,55.0,36.4,50.73,60.83,0.0,0.0,0.0,45.0,47.28,0.0,0.0,0.0,120.0,50.73,0.0,0.88,0.0,0.0,0.0,11.97,0.0,75.99,45.5,94.06,45.98
2018-01-13 04:16:00,2,1,64.42,85.0,55.0,36.4,50.7,60.82,0.0,0.0,0.0,45.0,47.26,0.0,0.0,0.0,120.0,50.7,0.0,0.88,0.0,0.0,0.0,11.97,0.0,75.97,45.46,94.18,45.98
2018-01-13 04:17:00,2,1,64.41,85.0,55.0,36.39,50.67,60.81,0.0,0.0,0.0,45.0,47.23,0.0,0.0,0.0,120.0,50.67,0.0,0.88,0.0,0.0,0.0,11.97,0.0,75.95,45.43,94.3,45.98
2018-01-13 04:18:00,2,1,64.4,85.0,55.0,36.39,50.64,60.8,0.0,0.0,0.0,45.0,47.2,0.0,0.0,0.0,120.0,50.64,0.0,0.88,0.0,0.0,0.0,11.97,0.0,75.93,45.39,94.42,45.98
2018-01-13 04:19:00,2,1,64.4,85.0,55.0,36.38,50.61,60.8,0.0,0.0,0.0,45.0,47.17,0.0,0.0,0.0,120.0,50.61,0.0,0.88,0.0,0.0,0.0,11.97,0.0,75.91,45.36,94.53,45.98
2018-01-13 04:20:00,2,1,64.39,85.0,55.0,36.38,50.58,60.79,0.0,0.0,0.0,45.0,47.14,0.0,0.0,0.0,120.0,50.58,0.0,0.88,0.0,0.0,0.0,11.96,0.0,75.89,45.32,94.65,45.97
2018-01-13 04:21:00,2,1,64.38,85.0,55.0,36.37,50.55,60.78,0.0,0.0,0.0,45.0,47.12,0.0,0.0,0.0,120.0,50.55,0.0,0.88,0.0,0.0,0.0,11.96,0.0,75.87,45.28,94.77,45.97
2018-01-13 04:22:00,2,1,64.37,85.0,55.0,36.37,50.52,60.77,0.0,0.0,0.0,45.0,47.09,0.0,0.0,0.0,120.0,50.52,0.0,0.88,0.0,0.0,0.0,11.96,0.0,75.85,45.25,94.89,45.97
2018-01-13 04:23:00,2,1,64.36,85.0,55.0,36.36,50.49,60.76,0.0,0.0,0.0,45.0,47.06,0.0,0.0,0.0,120.0,50.49,0.0,0.88,0.0,0.0,0.0,11.96,0.0,75.82,45.21,95.01,45.97
2018-01-13 04:24:00,2,1,64.35,85.0,55.0,36.36,50.46,60.75,0.0,0.0,0.0,45.0,47.03,0.0,0.0,0.0,120.0,50.46,0.0,0.88,0.0,0.0,0.0,11.96,0.0,75.8,45.17,95.13,45.97
2018-01-13 04:25:00,2,1,64.35,85.0,55.0,36.35,50.43,60.75,0.0,0.0,0.0,45.0,47.01,0.0,0.0,0.0,120.0,50.43,0.0,0.88,0.0,0.0,0.0,11.96,0.0,75.78,45.14,95.25,45.97
2018-01-13 04:26:00,2,1,64.34,85.0,55.0,36.35,50.4,60.74,0.0,0.0,0.0,45.0,46.98,0.0,0.0,0.0,120.0,50.4,0.0,0.88,0.0,0.0,0.0,11.96,0.0,75.76,45.1,95.38,45.97
2018-01-13 04:27:00,2,1,64.33,85.0,55.0,36.35,50.37,60.73,0.0,0.0,0.0,45.0,46.95,0.0,0.0,0.0,120.0,50.37,0.0,0.88,0.0,0.0,0.0,11.96,0.0,75.74,45.07,95.5,45.97
2018-01-13 04:28:00,2,1,64.32,85.0,55.0,36.34,50.34,60.72,0.0,0.0,0.0,45.0,46.92,0.0,0.0,0.0,120.0,50.34,0.0,0.88,0.0,0.0,0.0,11.96,0.0,75.71,45.03,95.62,45.97
2018-01-13 04:29:00,2,1,64.31,85.0,55.0,36.34,50.31,60.71,0.0,0.0,0.0,45.0,46.9,0.0,0.0,0.0,120.0,50.31,0.0,0.88,0.0,0.0,0.0,11.96,0.0,75.69,44.99,95.74,45.96
2018-01-13 04:30:00,2,1,64.3,85.0,55.0,36.33,50.28,60.7,0.0,0.0,0.0,45.0,46.87,0.0,0.0,0.0,120.0,50.28,0.0,0.88,0.0,0.0,0.0,11.96,0.0,75.67,44.96,95.86,45.96
2018-01-13 04:31:00,2,1,64.3,85.0,55.0,36.33,50.25,60.7,0.0,0.0,0.0,45.0,46.84,0.0,0.0,0.0,120.0,50.25,0.0,0.88,0.0,0.0,0.0,11.96,0.0,75.64,44.92,95.98,45.96
2018-01-13 04:32:00,2,1,64.29,85.0,55.0,36.33,50.22,60.69,0.0,0.0,0.0,45.0,46.82,0.0,0.0,0.0,120.0,50.22,0.0,0.88,0.0,0.0,0.0,11.96,0.0,75.62,44.89,96.11,45.96
2018-01-13 04:33:00,2,1,64.28,85.0,55.0,36.32,50.19,60.68,0.0,0.0,0.0,45.0,46.79,0.0,0.0,0.0,120.0,50.19,0.0,0.88,0.0,0.0,0.0,11.97,0.0,75.6,44.85,96.23,45.96
2018-01-13 04:34:00,2,1,64.27,85.0,55.0,36.32,50.16,60.67,0.0,0.0,0.0,45.0,46.76,0.0,0.0,0.0,120.0,50.16,0.0,0.88,0.0,0.0,0.0,11.97,0.0,75.57,44.82,96.35,45.96
2018-01-13 04:35:00,2,1,64.26,85.0,55.0,36.32,50.13,60.66,0.0,0.0,0.0,45.0,46.73,0.0,0.0,0.0,120.0,50.13,0.0,0.88,0.0,0.0,0.0,11.97,0.0,75.55,44.78,96.47,45.96
2018-01-13 04:36:00,2,1,64.25,85.0,55.0,36.31,50.1,60.65,0.0,0.0,0.0,45.0,46.71,0.0,0.0,0.0,120.0,50.1,0.0,0.88,0.0,0.0,0.0,11.97,0.0,75.53,44.75,96.6,45.95
2018-01-13 04:37:00,2,1,64.25,85.0,55.0,36.31,50.07,60.65,0.0,0.0,0.0,45.0,46.68,0.0,0.0,0.0,120.0,50.07,0.0,0.88,0.0,0.0,0.0,11.97,0.0,75.5,44.71,96.72,45.95
2018-01-13 04:38:00,2,1,64.24,85.0,55.0,36.3,50.04,60.64,0.0,0.0,0.0,45.0,46.65,0.0,0.0,0.0,120.0,50.04,0.0,0.88,0.0,0.0,0.0,11.97,0.0,75.48,44.68,96.84,45.95
2018-01-13 04:39:00,2,1,64.23,85.0,55.0,36.3,50.01,60.63,0.0,0.0,0.0,45.0,46.63,0.0,0.0,0.0,120.0,50.01,0.0,0.88,0.0,0.0,0.0,11.97,0.0,75.45,44.64,96.97,45.95
2018-01-13 04:40:00,2,1,64.22,85.0,55.0,36.3,49.98,60.62,0.0,0.0,0.0,45.0,46.6,0.0,0.0,0.0,120.0,49.98,0.0,0.88,0.0,0.0,0.0,11.97,0.0,75.43,44.61,97.07,45.95
2018-01-13 04:41:00,2,1,64.21,85.0,55.0,36.29,49.95,60.61,0.0,0.0,0.0,45.0,46.57,0.0,0.0,0.0,120.0,49.95,0.0,0.88,0.0,0.0,0.0,11.98,0.0,75.41,44.57,97.16,45.95
2018-01-13 04:42:00,2,1,64.21,85.0,55.0,36.29,49.92,60.61,0.0,0.0,0.0,45.0,46.55,0.0,0.0,0.0,120.0,49.92,0.0,0.88,0.0,0.0,0.0,11.98,0.0,75.38,44.54,97.26,45.95
2018-01-13 04:43:00,2,1,64.2,85.0,55.0,36.29,49.89,60.6,0.0,0.0,0.0,45.0,46.52,0.0,0.0,0.0,120.0,49.89,0.0,0.88,0.0,0.0,0.0,11.98,0.0,75.36,44.51,97.35,45.94
2018-01-13 04:44:00,2,1,64.19,85.0,55.0,36.29,49.86,60.59,0.0,0.0,0.0,45.0,46.49,0.0,0.0,0.0,120.0,49.86,0.0,0.88,0.0,0.0,0.0,11.98,0.0,75.33,44.48,97.44,45.94
2018-01-13 04:45:00,2,1,64.18,85.0,55.0,36.28,49.83,60.58,0.0,0.0,0.0,45.0,46.47,0.0,0.0,0.0,120.0,49.83,0.0,0.88,0.0,0.0,0.0,11.98,0.0,75.31,44.44,97.53,45.94
2018-01-13 04:46:00,2,1,64.17,85.0,55.0,36.28,49.81,60.57,0.0,0.0,0.0,45.0,46.44,0.0,0.0,0.0,120.0,49.81,0.0,0.88,0.0,0.0,0.0,11.99,0.0,75.28,44.41,97.63,45.94
2018-01-13 04:47:00,2,1,64.16,85.0,55.0,36.28,49.78,60.56,0.0,0.0,0.0,45.0,46.42,0.0,0.0,0.0,120.0,49.78,0.0,0.88,0.0,0.0,0.0,11.99,0.0,75.26,44.38,97.72,45.94
2018-01-13 04:48:00,2,1,64.16,85.0,55.0,36.27,49.75,60.56,0.0,0.0,0.0,45.0,46.39,0.0,0.0,0.0,120.0,49.75,0.0,0.88,0.0,0.0,0.0,11.99,0.0,75.24,44.35,97.81,45.94
2018-01-13 04:49:00,2,1,64.15,85.0,55.0,36.27,49.72,60.55,0.0,0.0,0.0,45.0,46.36,0.0,0.0,0.0,120.0,49.72,0.0,0.88,0.0,0.0,0.0,11.99,0.0,75.21,44.32,97.9,45.93
2018-01-13 04:50:00,2,1,64.14,85.0,55.0,36.27,49.69,60.54,0.0,0.0,0.0,45.0,46.34,0.0,0.0,0.0,120.0,49.69,0.0,0.88,0.0,0.0,0.0,11.99,0.0,75.19,44.29,98.0,45.93
2018-01-13 04:51:00,2,1,64.13,85.0,55.0,36.26,49.66,60.53,0.0,0.0,0.0,45.0,46.31,0.0,0.0,0.0,120.0,49.66,0.0,0.88,0.0,0.0,0.0,12.0,0.0,75.16,44.26,98.09,45.93
2018-01-13 04:52:00,2,1,64.12,85.0,55.0,36.26,49.63,60.52,0.0,0.0,0.0,45.0,46.29,0.0,0.0,0.0,120.0,49.63,0.0,0.88,0.0,0.0,0.0,12.0,0.0,75.14,44.23,98.18,45.93
2018-01-13 04:53:00,2,1,64.12,85.0,55.0,36.26,49.6,60.52,0.0,0.0,0.0,45.0,46.26,0.0,0.0,0.0,120.0,49.6,0.0,0.88,0.0,0.0,0.0,12.0,0.0,75.12,44.2,98.28,45.93
2018-01-13 04:54:00,2,1,64.11,85.0,55.0,36.26,49.57,60.51,0.0,0.0,0.0,45.0,46.23,0.0,0.0,0.0,120.0,49.57,0.0,0.88,0.0,0.0,0.0,12.0,0.0,75.09,44.17,98.37,45.93
2018-01-13 04:55:00,2,1,64.1,85.0,55.0,36.25,49.54,60.5,0.0,0.0,0.0,45.0,46.21,0.0,0.0,0.0,120.0,49.54,0.0,0.88,0.0,0.0,0.0,12.01,0.0,75.07,44.14,98.46,45.92
2018-01-13 04:56:00,2,1,64.09,85.0,55.0,36.25,49.51,60.49,0.0,0.0,0.0,45.0,46.18,0.0,0.0,0.0,120.0,49.51,0.0,0.88,0.0,0.0,0.0,12.01,0.0,75.05,44.11,98.56,45.92
2018-01-13 04:57:00,2,1,64.08,85.0,55.0,36.25,49.48,60.48,0.0,0.0,0.0,45.0,46.16,0.0,0.0,0.0,120.0,49.48,0.0,0.88,0.0,0.0,0.0,12.01,0.0,75.02,44.09,98.65,45.92
2018-01-13 04:58:00,2,1,64.08,85.0,55.0,36.25,49.45,60.48,0.0,0.0,0.0,45.0,46.13,0.0,0.0,0.0,120.0,49.45,0.0,0.88,0.0,0.0,0.0,12.01,0.0,75.0,44.06,98.75,45.92
2018-01-13 04:59:00,2,1,64.07,85.0,55.0,36.24,49.43,60.47,0.0,0.0,0.0,45.0,46.11,0.0,0.0,0.0,120.0,49.43,0.0,0.88,0.0,0.0,0.0,12.02,0.0,74.98,44.03,98.84,45.92
2018-01-13 05:00:00,2,1,64.06,85.0,55.0,36.24,49.4,60.46,0.0,0.0,0.0,45.0,46.08,0.0,0.0,0.0,120.0,49.4,0.0,0.88,0.0,0.0,0.0,12.02,0.0,74.96,44.01,98.93,45.91
2018-01-13 05:01:00,2,1,64.05,85.0,55.0,36.24,49.37,60.45,0.0,0.0,0.0,45.0,46.06,0.0,0.0,0.0,120.0,49.37,0.0,0.88,0.0,0.0,0.0,12.02,0.0,74.94,43.99,99.03,45.91
2018-01-13 05:02:00,2,1,64.04,85.0,55.0,36.23,49.34,60.44,0.0,0.0,0.0,45.0,46.03,0.0,0.0,0.0,120.0,49.34,0.0,0.88,0.0,0.0,0.0,12.02,0.0,74.93,43.99,99.12,45.91
2018-01-13 05:03:00,2,1,64.04,85.0,55.0,36.23,49.31,60.44,0.0,0.0,0.0,45.0,46.01,0.0,0.0,0.0,120.0,49.31,0.0,0.88,0.0,0.0,0.0,12.02,0.0,74.92,43.99,99.22,45.91
2018-01-13 05:04:00,2,1,64.03,85.0,55.0,36.22,49.28,60.43,0.0,0.0,0.0,45.0,45.98,0.0,0.0,0.0,120.0,49.28,0.0,0.88,0.0,0.0,0.0,12.02,0.0,74.92,43.99,99.31,45.91
2018-01-13 05:05:00,2,1,64.02,85.0,55.0,36.22,49.25,60.42,0.0,0.0,0.0,45.0,45.96,0.0,0.0,0.0,120.0,49.25,0.0,0.88,0.0,0.0,0.0,12.02,0.0,74.91,43.99,99.4,45.91
2018-01-13 05:06:00,2,1,64.01,85.0,55.0,36.22,49.22,60.41,0.0,0.0,0.0,45.0,45.93,0.0,0.0,0.0,120.0,49.22,0.0,0.88,0.0,0.0,0.0,12.02,0.0,74.9,43.99,99.5,45.9
2018-01-13 05:07:00,2,1,64.0,85.0,55.0,36.21,49.2,60.4,0.0,0.0,0.0,45.0,45.9,0.0,0.0,0.0,120.0,49.2,0.0,0.88,0.0,0.0,0.0,12.02,0.0,74.89,43.99,99.59,45.9
2018-01-13 05:08:00,2,1,64.0,85.0,55.0,36.21,49.17,60.4,0.0,0.0,0.0,45.0,45.88,0.0,0.0,0.0,120.0,49.17,0.0,0.88,0.0,0.0,0.0,12.02,0.0,74.88,43.99,99.69,45.9
2018-01-13 05:09:00,2,1,63.99,85.0,55.0,36.2,49.14,60.39,0.0,0.0,0.0,45.0,45.86,0.0,0.0,0.0,120.0,49.14,0.0,0.88,0.0,0.0,0.0,12.02,0.0,74.88,43.99,99.78,45.9
2018-01-13 05:10:00,2,1,63.98,85.0,55.0,36.2,49.11,60.38,0.0,0.0,0.0,45.0,45.83,0.0,0.0,0.0,120.0,49.11,0.0,0.88,0.0,0.0,0.0,12.02,0.0,74.87,43.99,99.88,45.9
2018-01-13 05:11:00,2,1,63.97,85.0,55.0,36.2,49.08,60.37,0.0,0.0,0.0,45.0,45.81,0.0,0.0,0.0,120.0,49.08,0.0,0.88,0.0,0.0,0.0,12.02,0.0,74.86,43.99,99.97,45.9
2018-01-13 05:12:00,2,1,63.96,85.0,55.0,36.19,49.05,60.36,0.0,0.0,0.0,45.0,45.78,0.0,0.0,0.0,120.0,49.05,0.0,0.88,0.0,0.0,0.0,12.02,0.0,74.85,43.99,100.0,45.89
2018-01-13 05:13:00,2,1,63.96,85.0,55.0,36.19,49.02,60.36,0.0,0.0,0.0,45.0,45.76,0.0,0.0,0.0,120.0,49.02,0.0,0.88,0.0,0.0,0.0,12.02,0.0,74.85,44.0,100.0,45.89
2018-01-13 05:14:00,2,1,63.95,85.0,55.0,36.18,48.99,60.35,0.0,0.0,0.0,45.0,45.73,0.0,0.0,0.0,120.0,48.99,0.0,0.88,0.0,0.0,0.0,12.02,0.0,74.84,44.0,100.0,45.89
2018-01-13 05:15:00,2,1,63.94,85.0,55.0,36.18,48.97,60.34,0.0,0.0,0.0,45.0,45.71,0.0,0.0,0.0,120.0,48.97,0.0,0.88,0.0,0.0,0.0,12.02,0.0,74.83,44.0,100.0,45.89
2018-01-13 05:16:00,2,1,63.93,85.0,55.0,36.18,48.94,60.33,0.0,0.0,0.0,45.0,45.68,0.0,0.0,0.0,120.0,48.94,0.0,0.88,0.0,0.0,0.0,12.02,0.0,74.83,44.0,100.0,45.89
2018-01-13 05:17:00,2,1,63.92,85.0,55.0,36.17,48.91,60.32,0.0,0.0,0.0,45.0,45.66,0.0,0.0,0.0,120.0,48.91,0.0,0.88,0.0,0.0,0.0,12.02,0.0,74.82,44.01,100.0,45.89
2018-01-13 05:18:00,2,1,63.92,85.0,55.0,36.17,48.88,60.32,0.0,0.0,0.0,45.0,45.63,0.0,0.0,0.0,120.0,48.88,0.0,0.88,0.0,0.0,0.0,12.02,0.0,74.81,44.01,100.0,45.88
2018-01-13 05:19:00,2,1,63.91,85.0,55.0,36.16,48.85,60.31,0.0,0.0,0.0,45.0,45.61,0.0,0.0,0.0,120.0,48.85,0.0,0.88,0.0,0.0,0.0,12.02,0.0,74.81,44.01,100.0,45.88
2018-01-13 05:20:00,2,1,63.9,85.0,55.0,36.16,48.82,60.3,0.0,0.0,0.0,45.0,45.58,0.0,0.0,0.0,120.0,48.82,0.0,0.88,0.0,0.0,0.0,12.02,0.0,74.8,44.02,100.0,45.88
2018-01-13 05:21:00,2,1,63.89,85.0,55.0,36.16,48.8,60.29,0.0,0.0,0.0,45.0,45.56,0.0,0.0,0.0,120.0,48.8,0.0,0.88,0.0,0.0,0.0,12.02,0.0,74.79,44.02,100.0,45.88
2018-01-13 05:22:00,2,1,63.88,85.0,55.0,36.15,48.77,60.28,0.0,0.0,0.0,45.0,45.54,0.0,0.0,0.0,120.0,48.77,0.0,0.88,0.0,0.0,0.0,12.02,0.0,74.79,44.02,100.0,45.88
2018-01-13 05:23:00,2,1,63.88,85.0,55.0,36.15,48.74,60.28,0.0,0.0,0.0,45.0,45.51,0.0,0.0,0.0,120.0,48.74,0.0,0.88,0.0,0.0,0.0,12.02,0.0,74.78,44.03,100.0,45.88
2018-01-13 05:24:00,2,1,63.87,85.0,55.0,36.14,48.71,60.27,0.0,0.0,0.0,45.0,45.49,0.0,0.0,0.0,120.0,48.71,0.0,0.88,0.0,0.0,0.0,12.02,0.0,74.78,44.03,100.0,45.88
2018-01-13 05:25:00,2,1,63.86,85.0,55.0,36.14,48.68,60.26,0.0,0.0,0.0,45.0,45.46,0.0,0.0,0.0,120.0,48.68,0.0,0.88,0.0,0.0,0.0,12.02,0.0,74.77,44.04,100.0,45.87
2018-01-13 05:26:00,2,1,63.85,85.0,55.0,36.14,48.66,60.25,0.0,0.0,0.0,45.0,45.44,0.0,0.0,0.0,120.0,48.66,0.0,0.88,0.0,0.0,0.0,12.02,0.0,74.76,44.04,100.0,45.87
2018-01-13 05:27:00,2,1,63.84,85.0,55.0,36.13,48.63,60.24,0.0,0.0,0.0,45.0,45.42,0.0,0.0,0.0,120.0,48.63,0.0,0.88,0.0,0.0,0.0,12.02,0.0,74.76,44.04,100.0,45.87
2018-01-13 05:28:00,2,1,63.84,85.0,55.0,36.13,48.6,60.24,0.0,0.0,0.0,45.0,45.39,0.0,0.0,0.0,120.0,48.6,0.0,0.88,0.0,0.0,0.0,12.02,0.0,74.75,44.05,100.0,45.87
2018-01-13 05:29:00,2,1,63.83,85.0,55.0,36.12,48.57,60.23,0.0,0.0,0.0,45.0,45.37,0.0,0.0,0.0,120.0,48.57,0.0,0.88,0.0,0.0,0.0,12.02,0.0,74.74,44.05,100.0,45.87
2018-01-13 05:30:00,2,1,63.82,85.0,55.0,36.12,48.54,60.22,0.0,0.0,0.0,45.0,45.34,0.0,0.0,0.0,120.0,48.54,0.0,0.88,0.0,0.0,0.0,12.02,0.0,74.74,44.05,100.0,45.87
2018-01-13 05:31:00,2,1,63.81,85.0,55.0,36.12,48.52,60.21,0.0,0.0,0.0,45.0,45.32,0.0,0.0,0.0,120.0,48.52,0.0,0.88,0.0,0.0,0.0,12.02,0.0,74.73,44.06,100.0,45.86
2018-01-13 05:32:00,2,1,63.8,85.0,55.0,36.11,48.49,60.2,0.0,0.0,0.0,45.0,45.3,0.0,0.0,0.0,120.0,48.49,0.0,0.88,0.0,0.0,0.0,12.02,0.0,74.73,44.06,100.0,45.86
2018-01-13 05:33:00,2,1,63.8,85.0,55.0,36.11,48.46,60.2,0.0,0.0,0.0,45.0,45.27,0.0,0.0,0.0,120.0,48.46,0.0,0.88,0.0,0.0,0.0,12.02,0.0,74.72,44.06,100.0,45.86
2018-01-13 05:34:00,2,1,63.79,85.0,55.0,36.1,48.43,60.19,0.0,0.0,0.0,45.0,45.25,0.0,0.0,0.0,120.0,48.43,0.0,0.88,0.0,0.0,0.0,12.02,0.0,74.71,44.07,100.0,45.86
2018-01-13 05:35:00,2,1,63.78,85.0,55.0,36.1,48.4,60.18,0.0,0.0,0.0,45.0,45.23,0.0,0.0,0.0,120.0,48.4,0.0,0.88,0.0,0.0,0.0,12.02,0.0,74.71,44.07,100.0,45.86
2018-01-13 05:36:00,2,1,63.77,85.0,55.0,36.1,48.38,60.17,0.0,0.0,0.0,45.0,45.2,0.0,0.0,0.0,120.0,48.38,0.0,0.88,0.0,0.0,0.0,12.02,0.0,74.7,44.07,100.0,45.86
2018-01-13 05:37:00,2,1,63.76,85.0,55.0,36.09,48.35,60.16,0.0,0.0,0.0,45.0,45.18,0.0,0.0,0.0,120.0,48.35,0.0,0.88,0.0,0.0,0.0,12.02,0.0,74.69,44.07,100.0,45.86
2018-01-13 05:38:00,2,1,63.76,85.0,55.0,36.09,48.32,60.16,0.0,0.0,0.0,45.0,45.16,0.0,0.0,0.0,120.0,48.32,0.0,0.88,0.0,0.0,0.0,12.02,0.0,74.69,44.08,100.0,45.85
2018-01-13 05:39:00,2,1,63.75,85.0,55.0,36.08,48.29,60.15,0.0,0.0,0.0,45.0,45.13,0.0,0.0,0.0,120.0,48.29,0.0,0.88,0.0,0.0,0.0,12.02,0.0,74.68,44.08,100.0,45.85
2018-01-13 05:40:00,2,1,63.74,85.0,55.0,36.08,48.27,60.14,0.0,0.0,0.0,45.0,45.11,0.0,0.0,0.0,120.0,48.27,0.0,0.88,0.0,0.0,0.0,12.02,0.0,74.67,44.08,100.0,45.85
2018-01-13 05:41:00,2,1,63.73,85.0,55.0,36.08,48.24,60.13,0.0,0.0,0.0,45.0,45.09,0.0,0.0,0.0,120.0,48.24,0.0,0.88,0.0,0.0,0.0,12.02,0.0,74.66,44.08,100.0,45.85
2018-01-13 05:42:00,2,1,63.72,85.0,55.0,36.07,48.21,60.12,0.0,0.0,0.0,45.0,45.06,0.0,0.0,0.0,120.0,48.21,0.0,0.88,0.0,0.0,0.0,12.02,0.0,74.66,44.08,100.0,45.85
2018-01-13 05:43:00,2,1,63.72,85.0,55.0,36.07,48.18,60.12,0.0,0.0,0.0,45.0,45.04,0.0,0.0,0.0,120.0,48.18,0.0,0.88,0.0,0.0,0.0,12.02,0.0,74.65,44.08,100.0,45.85
2018-01-13 05:44:00,2,1,63.71,85.0,55.0,36.06,48.16,60.11,0.0,0.0,0.0,45.0,45.02,0.0,0.0,0.0,120.0,48.16,0.0,0.88,0.0,0.0,0.0,12.02,0.0,74.64,44.08,100.0,45.84
2018-01-13 05:45:00,2,1,63.7,85.0,55.0,36.06,48.13,60.1,0.0,0.0,0.0,45.0,44.99,0.0,0.0,0.0,120.0,48.13,0.0,0.88,0.0,0.0,0.0,12.02,0.0,74.63,44.08,100.0,45.84
2018-01-13 05:46:00,2,1,63.69,85.0,55.0,36.06,48.1,60.09,0.0,0.0,0.0,45.0,44.97,0.0,0.0,0.0,120.0,48.1,0.0,0.88,0.0,0.0,0.0,12.02,0.0,74.62,44.08,100.0,45.84
2018-01-13 05:47:00,2,1,63.68,85.0,55.0,36.05,48.07,60.08,0.0,0.0,0.0,45.0,44.95,0.0,0.0,0.0,120.0,48.07,0.0,0.88,0.0,0.0,0.0,12.02,0.0,74.62,44.08,100.0,45.84
2018-01-13 05:48:00,2,1,63.68,85.0,55.0,36.05,48.05,60.08,0.0,0.0,0.0,45.0,44.92,0.0,0.0,0.0,120.0,48.05,0.0,0.88,0.0,0.0,0.0,12.02,0.0,74.61,44.08,100.0,45.84
2018-01-13 05:49:00,2,1,63.67,85.0,55.0,36.04,48.02,60.07,0.0,0.0,0.0,45.0,44.9,0.0,0.0,0.0,120.0,48.02,0.0,0.88,0.0,0.0,0.0,12.02,0.0,74.6,44.07,100.0,45.84
2018-01-13 05:50:00,2,1,63.66,85.0,55.0,36.04,47.99,60.06,0.0,0.0,0.0,45.0,44.88,0.0,0.0,0.0,120.0,47.99,0.0,0.88,0.0,0.0,0.0,12.02,0.0,74.59,44.07,100.0,45.84
2018-01-13 05:51:00,2,1,63.65,85.0,55.0,36.04,47.96,60.05,0.0,0.0,0.0,45.0,44.86,0.0,0.0,0.0,120.0,47.96,0.0,0.88,0.0,0.0,0.0,12.02,0.0,74.58,44.07,100.0,45.83
2018-01-13 05:52:00,2,1,63.64,85.0,55.0,36.03,47.94,60.04,0.0,0.0,0.0,45.0,44.83,0.0,0.0,0.0,120.0,47.94,0.0,0.88,0.0,0.0,0.0,12.02,0.0,74.57,44.06,100.0,45.83
2018-01-13 05:53:00,2,1,63.64,85.0,55.0,36.03,47.91,60.04,0.0,0.0,0.0,45.0,44.81,0.0,0.0,0.0,120.0,47.91,0.0,0.88,0.0,0.0,0.0,12.02,0.0,74.56,44.06,100.0,45.83
2018-01-13 05:54:00,2,1,63.63,85.0,55.0,36.02,47.88,60.03,0.0,0.0,0.0,45.0,44.79,0.0,0.0,0.0,120.0,47.88,0.0,0.88,0.0,0.0,0.0,12.02,0.0,74.55,44.05,100.0,45.83
2018-01-13 05:55:00,2,1,63.62,85.0,55.0,36.02,47.86,60.02,0.0,0.0,0.0,45.0,44.76,0.0,0.0,0.0,120.0,47.86,0.0,0.88,0.0,0.0,0.0,12.02,0.0,74.54,44.04,100.0,45.83
2018-01-13 05:56:00,2,1,63.61,85.0,55.0,36.02,47.83,60.01,0.0,0.0,0.0,45.0,44.74,0.0,0.0,0.0,120.0,47.83,0.0,0.88,0.0,0.0,0.0,12.02,0.0,74.53,44.04,100.0,45.83
2018-01-13 05:57:00,2,1,63.61,85.0,55.0,36.01,47.8,60.01,0.0,0.0,0.0,45.0,44.72,0.0,0.0,0.0,120.0,47.8,0.0,0.88,0.0,0.0,0.0,12.02,0.0,74.52,44.03,100.0,45.83
2018-01-13 05:58:00,2,1,63.6,85.0,55.0,36.01,47.78,60.0,0.0,0.0,0.0,45.0,44.7,0.0,0.0,0.0,120.0,47.78,0.0,0.88,0.0,0.0,0.0,12.02,0.0,74.51,44.02,100.0,45.82
2018-01-13 05:59:00,2,1,63.59,85.0,55.0,36.0,47.75,59.99,0.0,0.0,0.0,45.0,44.68,0.0,0.0,0.0,120.0,47.75,0.0,0.88,0.0,0.0,0.0,12.02,0.0,74.5,44.01,100.0,45.82
2018-01-13 06:00:00,2,1,63.58,85.0,55.0,36.0,47.72,59.98,0.0,0.0,0.0,45.0,44.65,0.0,0.0,0.0,120.0,47.72,0.0,0.88,0.0,0.0,0.0,12.02,0.0,74.48,44.0,100.0,45.82
2018-01-13 06:01:00,2,1,63.57,85.0,55.0,36.0,47.7,59.97,0.0,0.0,0.0,45.0,44.63,0.0,0.0,0.0,120.0,47.7,0.0,0.88,0.0,0.0,0.0,12.02,0.0,74.46,43.97,100.0,45.82
2018-01-13 06:02:00,2,1,63.57,85.0,55.0,35.99,47.67,59.97,0.0,0.0,0.0,45.0,44.61,0.0,0.0,0.0,120.0,47.67,0.0,0.88,0.0,0.0,0.0,12.02,0.0,74.43,43.92,100.0,45.82
2018-01-13 06:03:00,2,1,63.56,85.0,55.0,35.99,47.64,59.96,0.0,0.0,0.0,45.0,44.59,0.0,0.0,0.0,120.0,47.64,0.0,0.88,0.0,0.0,0.0,12.02,0.0,74.4,43.87,100.0,45.82
2018-01-13 06:04:00,2,1,63.55,85.0,55.0,35.98,47.62,59.95,0.0,0.0,0.0,45.0,44.56,0.0,0.0,0.0,120.0,47.62,0.0,0.88,0.0,0.0,0.0,12.02,0.0,74.38,43.81,100.0,45.82
2018-01-13 06:05:00,2,1,63.54,85.0,55.0,35.98,47.59,59.94,0.0,0.0,0.0,45.0,44.54,0.0,0.0,0.0,120.0,47.59,0.0,0.88,0.0,0.0,0.0,12.02,0.0,74.35,43.76,100.0,45.81
2018-01-13 06:06:00,2,1,63.53,85.0,55.0,35.98,47.56,59.93,0.0,0.0,0.0,45.0,44.52,0.0,0.0,0.0,120.0,47.56,0.0,0.88,0.0,0.0,0.0,12.02,0.0,74.32,43.71,100.0,45.81
2018-01-13 06:07:00,2,1,63.53,85.0,55.0,35.97,47.54,59.93,0.0,0.0,0.0,45.0,44.5,0.0,0.0,0.0,120.0,47.54,0.0,0.88,0.0,0.0,0.0,12.02,0.0,74.28,43.65,100.0,45.81
2018-01-13 06:08:00,2,1,63.52,85.0,55.0,35.97,47.51,59.92,0.0,0.0,0.0,45.0,44.48,0.0,0.0,0.0,120.0,47.51,0.0,0.88,0.0,0.0,0.0,12.02,0.0,74.25,43.6,100.0,45.81
2018-01-13 06:09:00,2,1,63.51,85.0,55.0,35.97,47.48,59.91,0.0,0.0,0.0,45.0,44.45,0.0,0.0,0.0,120.0,47.48,0.0,0.88,0.0,0.0,0.0,12.02,0.0,74.22,43.54,100.0,45.81
2018-01-13 06:10:00,2,1,63.5,85.0,55.0,35.96,47.46,59.9,0.0,0.0,0.0,45.0,44.43,0.0,0.0,0.0,120.0,47.46,0.0,0.88,0.0,0.0,0.0,12.02,0.0,74.19,43.49,100.0,45.81
2018-01-13 06:11:00,2,1,63.49,85.0,55.0,35.96,47.43,59.89,0.0,0.0,0.0,45.0,44.41,0.0,0.0,0.0,120.0,47.43,0.0,0.88,0.0,0.0,0.0,12.02,0.0,74.16,43.43,100.0,45.8
2018-01-13 06:12:00,2,1,63.49,85.0,55.0,35.95,47.4,59.89,0.0,0.0,0.0,45.0,44.39,0.0,0.0,0.0,120.0,47.4,0.0,0.88,0.0,0.0,0.0,12.02,0.0,74.13,43.37,100.0,45.8
2018-01-13 06:13:00,2,1,63.48,85.0,55.0,35.95,47.38,59.88,0.0,0.0,0.0,45.0,44.37,0.0,0.0,0.0,120.0,47.38,0.0,0.88,0.0,0.0,0.0,12.02,0.0,74.1,43.32,100.0,45.8
2018-01-13 06:14:00,2,1,63.47,85.0,55.0,35.95,47.35,59.87,0.0,0.0,0.0,45.0,44.34,0.0,0.0,0.0,120.0,47.35,0.0,0.88,0.0,0.0,0.0,12.02,0.0,74.07,43.26,100.0,45.8
2018-01-13 06:15:00,2,1,63.46,85.0,55.0,35.94,47.32,59.86,0.0,0.0,0.0,45.0,44.32,0.0,0.0,0.0,120.0,47.32,0.0,0.88,0.0,0.0,0.0,12.02,0.0,74.03,43.2,100.0,45.8
2018-01-13 06:16:00,2,1,63.46,85.0,55.0,35.94,47.3,59.86,0.0,0.0,0.0,45.0,44.3,0.0,0.0,0.0,120.0,47.3,0.0,0.88,0.0,0.0,0.0,12.02,0.0,74.0,43.14,100.0,45.8
2018-01-13 06:17:00,2,1,63.45,85.0,55.0,35.93,47.27,59.85,0.0,0.0,0.0,45.0,44.28,0.0,0.0,0.0,120.0,47.27,0.0,0.88,0.0,0.0,0.0,12.02,0.0,73.97,43.09,100.0,45.79
2018-01-13 06:18:00,2,1,63.44,85.0,55.0,35.93,47.25,59.84,0.0,0.0,0.0,45.0,44.26,0.0,0.0,0.0,120.0,47.25,0.0,0.88,0.0,0.0,0.0,12.02,0.0,73.94,43.03,100.0,45.79
2018-01-13 06:19:00,2,1,63.43,85.0,55.0,35.93,47.22,59.83,0.0,0.0,0.0,45.0,44.24,0.0,0.0,0.0,120.0,47.22,0.0,0.88,0.0,0.0,0.0,12.02,0.0,73.9,42.97,100.0,45.79
2018-01-13 06:20:00,2,1,63.42,85.0,55.0,35.92,47.19,59.82,0.0,0.0,0.0,45.0,44.22,0.0,0.0,0.0,120.0,47.19,0.0,0.88,0.0,0.0,0.0,12.02,0.0,73.87,42.91,100.0,45.79
2018-01-13 06:21:00,2,1,63.42,85.0,55.0,35.92,47.17,59.82,0.0,0.0,0.0,45.0,44.19,0.0,0.0,0.0,120.0,47.17,0.0,0.88,0.0,0.0,0.0,12.02,0.0,73.84,42.85,100.0,45.79
2018-01-13 06:22:00,2,1,63.41,85.0,55.0,35.91,47.14,59.81,0.0,0.0,0.0,45.0,44.17,0.0,0.0,0.0,120.0,47.14,0.0,0.88,0.0,0.0,0.0,12.02,0.0,73.81,42.8,100.0,45.79
2018-01-13 06:23:00,2,1,63.4,85.0,55.0,35.91,47.12,59.8,0.0,0.0,0.0,45.0,44.15,0.0,0.0,0.0,120.0,47.12,0.0,0.88,0.0,0.0,0.0,12.02,0.0,73.78,42.74,100.0,45.79
2018-01-13 06:24:00,2,1,63.39,85.0,55.0,35.91,47.09,59.79,0.0,0.0,0.0,45.0,44.13,0.0,0.0,0.0,120.0,47.09,0.0,0.88,0.0,0.0,0.0,12.02,0.0,73.74,42.68,100.0,45.78
2018-01-13 06:25:00,2,1,63.38,85.0,55.0,35.9,47.06,59.78,0.0,0.0,0.0,45.0,44.11,0.0,0.0,0.0,120.0,47.06,0.0,0.88,0.0,0.0,0.0,12.02,0.0,73.71,42.62,100.0,45.78
2018-01-13 06:26:00,2,1,63.38,85.0,55.0,35.9,47.04,59.78,0.0,0.0,0.0,45.0,44.09,0.0,0.0,0.0,120.0,47.04,0.0,0.88,0.0,0.0,0.0,12.02,0.0,73.68,42.56,100.0,45.78
2018-01-13 06:27:00,2,1,63.37,85.0,55.0,35.89,47.01,59.77,0.0,0.0,0.0,45.0,44.07,0.0,0.0,0.0,120.0,47.01,0.0,0.88,0.0,0.0,0.0,12.02,0.0,73.65,42.51,100.0,45.78
2018-01-13 06:28:00,2,1,63.36,85.0,55.0,35.89,46.99,59.76,0.0,0.0,0.0,45.0,44.05,0.0,0.0,0.0,120.0,46.99,0.0,0.88,0.0,0.0,0.0,12.02,0.0,73.61,42.45,100.0,45.78
2018-01-13 06:29:00,2,1,63.35,85.0,55.0,35.89,46.96,59.75,0.0,0.0,0.0,45.0,44.03,0.0,0.0,0.0,120.0,46.96,0.0,0.88,0.0,0.0,0.0,12.02,0.0,73.58,42.39,100.0,45.77
2018-01-13 06:30:00,2,1,63.35,85.0,55.0,35.88,46.94,59.75,0.0,0.0,0.0,45.0,44.0,0.0,0.0,0.0,120.0,46.94,0.0,0.88,0.0,0.0,0.0,12.02,0.0,73.55,42.34,100.0,45.77
2018-01-13 06:31:00,2,1,63.34,85.0,55.0,35.88,46.91,59.74,0.0,0.0,0.0,45.0,43.98,0.0,0.0,0.0,120.0,46.91,0.0,0.88,0.0,0.0,0.0,12.02,0.0,73.52,42.28,100.0,45.77
2018-01-13 06:32:00,2,1,63.33,85.0,55.0,35.87,46.88,59.73,0.0,0.0,0.0,45.0,43.96,0.0,0.0,0.0,120.0,46.88,0.0,0.88,0.0,0.0,0.0,12.02,0.0,73.49,42.22,100.0,45.77
2018-01-13 06:33:00,2,1,63.32,85.0,55.0,35.87,46.86,59.72,0.0,0.0,0.0,45.0,43.94,0.0,0.0,0.0,120.0,46.86,0.0,0.88,0.0,0.0,0.0,12.02,0.0,73.46,42.17,100.0,45.77
2018-01-13 06:34:00,2,1,63.31,85.0,55.0,35.87,46.83,59.71,0.0,0.0,0.0,45.0,43.92,0.0,0.0,0.0,120.0,46.83,0.0,0.88,0.0,0.0,0.0,12.02,0.0,73.43,42.11,100.0,45.77
2018-01-13 06:35:00,2,1,63.31,85.0,55.0,35.86,46.81,59.71,0.0,0.0,0.0,45.0,43.9,0.0,0.0,0.0,120.0,46.81,0.0,0.88,0.0,0.0,0.0,12.02,0.0,73.39,42.06,100.0,45.76
2018-01-13 06:36:00,2,1,63.3,85.0,55.0,35.86,46.78,59.7,0.0,0.0,0.0,45.0,43.88,0.0,0.0,0.0,120.0,46.78,0.0,0.88,0.0,0.0,0.0,12.02,0.0,73.36,42.01,100.0,45.76
2018-01-13 06:37:00,2,1,63.29,85.0,55.0,35.86,46.76,59.69,0.0,0.0,0.0,45.0,43.86,0.0,0.0,0.0,120.0,46.76,0.0,0.88,0.0,0.0,0.0,12.02,0.0,73.33,41.95,100.0,45.76
2018-01-13 06:38:00,2,1,63.28,85.0,55.0,35.85,46.73,59.68,0.0,0.0,0.0,45.0,43.84,0.0,0.0,0.0,120.0,46.73,0.0,0.88,0.0,0.0,0.0,12.02,0.0,73.3,41.9,100.0,45.76
2018-01-13 06:39:00,2,1,63.28,85.0,55.0,35.85,46.71,59.68,0.0,0.0,0.0,45.0,43.82,0.0,0.0,0.0,120.0,46.71,0.0,0.88,0.0,0.0,0.0,12.02,0.0,73.27,41.85,100.0,45.76
2018-01-13 06:40:00,2,1,63.27,85.0,55.0,35.84,46.68,59.67,0.0,0.0,0.0,45.0,43.8,0.0,0.0,0.0,120.0,46.68,0.0,0.88,0.0,0.0,0.0,12.02,0.0,73.24,41.8,100.0,45.76
2018-01-13 06:41:00,2,1,63.26,85.0,55.0,35.84,46.66,59.66,0.0,0.0,0.0,45.0,43.78,0.0,0.0,0.0,120.0,46.66,0.0,0.88,0.0,0.0,0.0,12.02,0.0,73.21,41.75,100.0,45.75
2018-01-13 06:42:00,2,1,63.25,85.0,55.0,35.84,46.63,59.65,0.0,0.0,0.0,45.0,43.76,0.0,0.0,0.0,120.0,46.63,0.0,0.88,0.0,0.0,0.0,12.02,0.0,73.19,41.7,100.0,45.75
2018-01-13 06:43:00,2,1,63.24,85.0,55.0,35.83,46.61,59.64,0.0,0.0,0.0,45.0,43.74,0.0,0.0,0.0,120.0,46.61,0.0,0.88,0.0,0.0,0.0,12.02,0.0,73.16,41.65,100.0,45.75
2018-01-13 06:44:00,2,1,63.24,85.0,55.0,35.83,46.58,59.64,0.0,0.0,0.0,45.0,43.72,0.0,0.0,0.0,120.0,46.58,0.0,0.88,0.0,0.0,0.0,12.02,0.0,73.13,41.6,100.0,45.75
2018-01-13 06:45:00,2,1,63.23,85.0,55.0,35.82,46.56,59.63,0.0,0.0,0.0,45.0,43.69,0.0,0.0,0.0,120.0,46.56,0.0,0.88,0.0,0.0,0.0,12.02,0.0,73.1,41.56,100.0,45.75
2018-01-13 06:46:00,2,1,63.22,85.0,55.0,35.82,46.53,59.62,0.0,0.0,0.0,45.0,43.67,0.0,0.0,0.0,120.0,46.53,0.0,0.88,0.0,0.0,0.0,12.02,0.0,73.07,41.51,100.0,45.74
2018-01-13 06:47:00,2,1,63.21,85.0,55.0,35.82,46.51,59.61,0.0,0.0,0.0,45.0,43.65,0.0,0.0,0.0,120.0,46.51,0.0,0.88,0.0,0.0,0.0,12.02,0.0,73.05,41.47,100.0,45.74
2018-01-13 06:48:00,2,1,63.21,85.0,55.0,35.81,46.48,59.61,0.0,0.0,0.0,45.0,43.63,0.0,0.0,0.0,120.0,46.48,0.0,0.88,0.0,0.0,0.0,12.02,0.0,73.02,41.43,100.0,45.74
2018-01-13 06:49:00,2,1,63.2,85.0,55.0,35.81,46.46,59.6,0.0,0.0,0.0,45.0,43.61,0.0,0.0,0.0,120.0,46.46,0.0,0.88,0.0,0.0,0.0,12.02,0.0,73.0,41.38,100.0,45.74
2018-01-13 06:50:00,2,1,63.19,85.0,55.0,35.8,46.43,59.59,0.0,0.0,0.0,45.0,43.59,0.0,0.0,0.0,120.0,46.43,0.0,0.88,0.0,0.0,0.0,12.02,0.0,72.97,41.34,100.0,45.74
2018-01-13 06:51:00,2,1,63.18,85.0,55.0,35.8,46.41,59.58,0.0,0.0,0.0,45.0,43.57,0.0,0.0,0.0,120.0,46.41,0.0,0.88,0.0,0.0,0.0,12.02,0.0,72.95,41.3,100.0,45.74
2018-01-13 06:52:00,2,1,63.17,85.0,55.0,35.8,46.38,59.57,0.0,0.0,0.0,45.0,43.55,0.0,0.0,0.0,120.0,46.38,0.0,0.88,0.0,0.0,0.0,12.02,0.0,72.92,41.27,100.0,45.73
2018-01-13 06:53:00,2,1,63.17,85.0,55.0,35.79,46.36,59.57,0.0,0.0,0.0,45.0,43.53,0.0,0.0,0.0,120.0,46.36,0.0,0.88,0.0,0.0,0.0,12.02,0.0,72.9,41.23,100.0,45.73
2018-01-13 06:54:00,2,1,63.16,85.0,55.0,35.79,46.33,59.56,0.0,0.0,0.0,45.0,43.51,0.0,0.0,0.0,120.0,46.33,0.0,0.88,0.0,0.0,0.0,12.02,0.0,72.87,41.19,100.0,45.73
2018-01-13 06:55:00,2,1,63.15,85.0,55.0,35.79,46.31,59.55,0.0,0.0,0.0,45.0,43.49,0.0,0.0,0.0,120.0,46.31,0.0,0.88,0.0,0.0,0.0,12.02,0.0,72.85,41.16,100.0,45.73
2018-01-13 06:56:00,2,1,63.14,85.0,55.0,35.78,46.28,59.54,0.0,0.0,0.0,45.0,43.47,0.0,0.0,0.0,120.0,46.28,0.0,0.88,0.0,0.0,0.0,12.02,0.0,72.83,41.13,100.0,45.73
2018-01-13 06:57:00,2,1,63.14,85.0,55.0,35.78,46.26,59.54,0.0,0.0,0.0,45.0,43.45,0.0,0.0,0.0,120.0,46.26,0.0,0.88,0.0,0.0,0.0,12.02,0.0,72.81,41.09,100.0,45.72
2018-01-13 06:58:00,2,1,63.13,85.0,55.0,35.77,46.24,59.53,0.0,0.0,0.0,45.0,43.43,0.0,0.0,0.0,120.0,46.24,0.0,0.88,0.0,0.0,0.0,12.02,0.0,72.79,41.06,100.0,45.72
2018-01-13 06:59:00,2,1,63.12,85.0,55.0,35.77,46.21,59.52,0.0,0.0,0.0,45.0,43.41,0.0,0.0,0.0,120.0,46.21,0.0,0.88,0.0,0.0,0.0,12.02,0.0,72.77,41.04,100.0,45.72
2018-01-13 07:00:00,2,1,63.11,85.0,55.0,35.77,46.19,59.51,0.0,0.0,0.0,45.0,43.4,0.0,0.0,0.0,120.0,46.19,0.0,0.88,0.0,0.0,0.0,12.02,0.0,72.75,41.01,100.0,45.72
2018-01-13 07:01:00,2,1,63.1,85.0,55.0,35.76,46.16,59.5,0.0,0.0,0.0,45.0,43.38,0.0,0.0,0.0,120.0,46.16,0.0,0.88,0.0,0.0,0.0,12.02,0.0,72.74,41.02,100.0,45.72
2018-01-13 07:02:00,2,1,63.1,85.0,55.0,35.76,46.14,59.5,0.0,0.0,0.0,45.0,43.36,0.0,0.0,0.0,120.0,46.14,0.0,0.88,0.0,0.0,0.0,12.02,0.0,72.75,41.04,100.0,45.72
2018-01-13 07:03:00,2,1,63.09,85.0,55.0,35.75,46.11,59.49,0.0,0.0,0.0,45.0,43.34,0.0,0.0,0.0,120.0,46.11,0.0,0.88,0.0,0.0,0.0,12.01,0.0,72.76,41.07,100.0,45.71
2018-01-13 07:04:00,2,1,63.08,85.0,55.0,35.75,46.09,59.48,0.0,0.0,0.0,45.0,43.32,0.0,0.0,0.0,120.0,46.09,0.0,0.88,0.0,0.0,0.0,12.01,0.0,72.76,41.1,100.0,45.71
2018-01-13 07:05:00,2,1,63.07,85.0,55.0,35.74,46.07,59.47,0.0,0.0,0.0,45.0,43.3,0.0,0.0,0.0,120.0,46.07,0.0,0.88,0.0,0.0,0.0,12.01,0.0,72.77,41.13,100.0,45.71
2018-01-13 07:06:00,2,1,63.06,85.0,55.0,35.74,46.04,59.46,0.0,0.0,0.0,45.0,43.28,0.0,0.0,0.0,120.0,46.04,0.0,0.88,0.0,0.0,0.0,12.01,0.0,72.78,41.16,100.0,45.71
2018-01-13 07:07:00,2,1,63.06,85.0,55.0,35.73,46.02,59.46,0.0,0.0,0.0,45.0,43.26,0.0,0.0,0.0,120.0,46.02,0.0,0.88,0.0,0.0,0.0,12.0,0.0,72.79,41.2,100.0,45.71
2018-01-13 07:08:00,2,1,63.05,85.0,55.0,35.73,45.99,59.45,0.0,0.0,0.0,45.0,43.24,0.0,0.0,0.0,120.0,45.99,0.0,0.88,0.0,0.0,0.0,12.0,0.0,72.8,41.23,100.0,45.71
2018-01-13 07:09:00,2,1,63.04,85.0,55.0,35.72,45.97,59.44,0.0,0.0,0.0,45.0,43.22,0.0,0.0,0.0,120.0,45.97,0.0,0.88,0.0,0.0,0.0,12.0,0.0,72.81,41.27,100.0,45.71
2018-01-13 07:10:00,2,1,63.03,85.0,55.0,35.71,45.94,59.43,0.0,0.0,0.0,45.0,43.2,0.0,0.0,0.0,120.0,45.94,0.0,0.88,0.0,0.0,0.0,12.0,0.0,72.83,41.31,100.0,45.7
2018-01-13 07:11:00,2,1,63.02,85.0,55.0,35.71,45.92,59.42,0.0,0.0,0.0,45.0,43.18,0.0,0.0,0.0,120.0,45.92,0.0,0.88,0.0,0.0,0.0,11.99,0.0,72.84,41.35,100.0,45.7
2018-01-13 07:12:00,2,1,63.02,85.0,55.0,35.7,45.9,59.42,0.0,0.0,0.0,45.0,43.16,0.0,0.0,0.0,120.0,45.9,0.0,0.88,0.0,0.0,0.0,11.99,0.0,72.85,41.39,100.0,45.7
2018-01-13 07:13:00,2,1,63.01,85.0,55.0,35.7,45.87,59.41,0.0,0.0,0.0,45.0,43.14,0.0,0.0,0.0,120.0,45.87,0.0,0.88,0.0,0.0,0.0,11.99,0.0,72.87,41.43,100.0,45.7
2018-01-13 07:14:00,2,1,63.0,85.0,55.0,35.69,45.85,59.4,0.0,0.0,0.0,45.0,43.12,0.0,0.0,0.0,120.0,45.85,0.0,0.88,0.0,0.0,0.0,11.99,0.0,72.88,41.47,100.0,45.7
2018-01-13 07:15:00,2,1,62.99,85.0,55.0,35.69,45.83,59.39,0.0,0.0,0.0,45.0,43.1,0.0,0.0,0.0,120.0,45.83,0.0,0.88,0.0,0.0,0.0,11.99,0.0,72.89,41.52,100.0,45.7
2018-01-13 07:16:00,2,1,62.98,85.0,55.0,35.68,45.8,59.38,0.0,0.0,0.0,45.0,43.09,0.0,0.0,0.0,120.0,45.8,0.0,0.88,0.0,0.0,0.0,11.98,0.0,72.91,41.56,100.0,45.7
2018-01-13 07:17:00,2,1,62.98,85.0,55.0,35.68,45.78,59.38,0.0,0.0,0.0,45.0,43.07,0.0,0.0,0.0,120.0,45.78,0.0,0.88,0.0,0.0,0.0,11.98,0.0,72.92,41.61,100.0,45.7
2018-01-13 07:18:00,2,1,62.97,85.0,55.0,35.67,45.75,59.37,0.0,0.0,0.0,45.0,43.05,0.0,0.0,0.0,120.0,45.75,0.0,0.88,0.0,0.0,0.0,11.98,0.0,72.94,41.66,100.0,45.7
2018-01-13 07:19:00,2,1,62.96,85.0,55.0,35.67,45.73,59.36,0.0,0.0,0.0,45.0,43.03,0.0,0.0,0.0,120.0,45.73,0.0,0.88,0.0,0.0,0.0,11.98,0.0,72.95,41.7,100.0,45.7
2018-01-13 07:20:00,2,1,62.95,85.0,55.0,35.66,45.71,59.35,0.0,0.0,0.0,45.0,43.01,0.0,0.0,0.0,120.0,45.71,0.0,0.88,0.0,0.0,0.0,11.98,0.0,72.97,41.75,100.0,45.69
2018-01-13 07:21:00,2,1,62.94,85.0,55.0,35.66,45.68,59.34,0.0,0.0,0.0,45.0,42.99,0.0,0.0,0.0,120.0,45.68,0.0,0.88,0.0,0.0,0.0,11.97,0.0,72.99,41.8,100.0,45.69
2018-01-13 07:22:00,2,1,62.93,85.0,55.0,35.65,45.66,59.33,0.0,0.0,0.0,45.0,42.97,0.0,0.0,0.0,120.0,45.66,0.0,0.88,0.0,0.0,0.0,11.97,0.0,73.0,41.85,100.0,45.69
2018-01-13 07:23:00,2,1,62.93,85.0,55.0,35.65,45.64,59.33,0.0,0.0,0.0,45.0,42.95,0.0,0.0,0.0,120.0,45.64,0.0,0.88,0.0,0.0,0.0,11.97,0.0,73.02,41.9,100.0,45.69
2018-01-13 07:24:00,2,1,62.92,85.0,55.0,35.64,45.61,59.32,0.0,0.0,0.0,45.0,42.93,0.0,0.0,0.0,120.0,45.61,0.0,0.88,0.0,0.0,0.0,11.97,0.0,73.04,41.96,100.0,45.69
2018-01-13 07:25:00,2,1,62.91,85.0,55.0,35.64,45.59,59.31,0.0,0.0,0.0,45.0,42.91,0.0,0.0,0.0,120.0,45.59,0.0,0.88,0.0,0.0,0.0,11.97,0.0,73.05,42.01,100.0,45.69
2018-01-13 07:26:00,2,1,62.9,85.0,55.0,35.64,45.57,59.3,0.0,0.0,0.0,45.0,42.9,0.0,0.0,0.0,120.0,45.57,0.0,0.88,0.0,0.0,0.0,11.97,0.0,73.07,42.06,100.0,45.69
2018-01-13 07:27:00,2,1,62.89,85.0,55.0,35.63,45.54,59.29,0.0,0.0,0.0,45.0,42.88,0.0,0.0,0.0,120.0,45.54,0.0,0.88,0.0,0.0,0.0,11.97,0.0,73.09,42.12,100.0,45.69
2018-01-13 07:28:00,2,1,62.89,85.0,55.0,35.63,45.52,59.29,0.0,0.0,0.0,45.0,42.86,0.0,0.0,0.0,120.0,45.52,0.0,0.88,0.0,0.0,0.0,11.97,0.0,73.11,42.17,100.0,45.69
2018-01-13 07:29:00,2,1,62.88,85.0,55.0,35.62,45.5,59.28,0.0,0.0,0.0,45.0,42.84,0.0,0.0,0.0,120.0,45.5,0.0,0.88,0.0,0.0,0.0,11.96,0.0,73.12,42.23,100.0,45.69
2018-01-13 07:30:00,2,1,62.87,85.0,55.0,35.62,45.47,59.27,0.0,0.0,0.0,45.0,42.82,0.0,0.0,0.0,120.0,45.47,0.0,0.88,0.0,0.0,0.0,11.96,0.0,73.14,42.28,100.0,45.69
2018-01-13 07:31:00,2,1,62.86,85.0,55.0,35.61,45.45,59.26,0.0,0.0,0.0,45.0,42.8,0.0,0.0,0.0,120.0,45.45,0.0,0.88,0.0,0.0,0.0,11.96,0.0,73.16,42.34,100.0,45.69
2018-01-13 07:32:00,2,1,62.85,85.0,55.0,35.61,45.43,59.25,0.0,0.0,0.0,45.0,42.78,0.0,0.0,0.0,120.0,45.43,0.0,0.88,0.0,0.0,0.0,11.96,0.0,73.18,42.4,100.0,45.68
2018-01-13 07:33:00,2,1,62.85,85.0,55.0,35.6,45.4,59.25,0.0,0.0,0.0,45.0,42.77,0.0,0.0,0.0,120.0,45.4,0.0,0.88,0.0,0.0,0.0,11.96,0.0,73.19,42.45,100.0,45.68
2018-01-13 07:34:00,2,1,62.84,85.0,55.0,35.6,45.38,59.24,0.0,0.0,0.0,45.0,42.75,0.0,0.0,0.0,120.0,45.38,0.0,0.88,0.0,0.0,0.0,11.96,0.0,73.21,42.51,100.0,45.68
2018-01-13 07:35:00,2,1,62.83,85.0,55.0,35.6,45.36,59.23,0.0,0.0,0.0,45.0,42.73,0.0,0.0,0.0,120.0,45.36,0.0,0.88,0.0,0.0,0.0,11.96,0.0,73.23,42.57,100.0,45.68
2018-01-13 07:36:00,2,1,62.82,85.0,55.0,35.59,45.34,59.22,0.0,0.0,0.0,45.0,42.71,0.0,0.0,0.0,120.0,45.34,0.0,0.88,0.0,0.0,0.0,11.96,0.0,73.24,42.63,100.0,45.68
2018-01-13 07:37:00,2,1,62.81,85.0,55.0,35.59,45.31,59.21,0.0,0.0,0.0,45.0,42.69,0.0,0.0,0.0,120.0,45.31,0.0,0.88,0.0,0.0,0.0,11.96,0.0,73.26,42.68,100.0,45.68
2018-01-13 07:38:00,2,1,62.81,85.0,55.0,35.58,45.29,59.21,0.0,0.0,0.0,45.0,42.67,0.0,0.0,0.0,120.0,45.29,0.0,0.88,0.0,0.0,0.0,11.96,0.0,73.28,42.74,100.0,45.68
2018-01-13 07:39:00,2,1,62.8,85.0,55.0,35.58,45.27,59.2,0.0,0.0,0.0,45.0,42.66,0.0,0.0,0.0,120.0,45.27,0.0,0.88,0.0,0.0,0.0,11.96,0.0,73.29,42.8,100.0,45.68
2018-01-13 07:40:00,2,1,62.79,85.0,55.0,35.58,45.24,59.19,0.0,0.0,0.0,45.0,42.64,0.0,0.0,0.0,120.0,45.24,0.0,0.88,0.0,0.0,0.0,11.96,0.0,73.31,42.86,100.0,45.68
2018-01-13 07:41:00,2,1,62.78,85.0,55.0,35.57,45.22,59.18,0.0,0.0,0.0,45.0,42.62,0.0,0.0,0.0,120.0,45.22,0.0,0.88,0.0,0.0,0.0,11.96,0.0,73.33,42.92,100.0,45.67
2018-01-13 07:42:00,2,1,62.78,85.0,55.0,35.57,45.2,59.18,0.0,0.0,0.0,45.0,42.6,0.0,0.0,0.0,120.0,45.2,0.0,0.88,0.0,0.0,0.0,11.97,0.0,73.34,42.97,100.0,45.67
2018-01-13 07:43:00,2,1,62.77,85.0,55.0,35.57,45.18,59.17,0.0,0.0,0.0,45.0,42.58,0.0,0.0,0.0,120.0,45.18,0.0,0.88,0.0,0.0,0.0,11.97,0.0,73.36,43.03,100.0,45.67
2018-01-13 07:44:00,2,1,62.76,85.0,55.0,35.56,45.15,59.16,0.0,0.0,0.0,45.0,42.57,0.0,0.0,0.0,120.0,45.15,0.0,0.88,0.0,0.0,0.0,11.97,0.0,73.37,43.09,100.0,45.67
2018-01-13 07:45:00,2,1,62.75,85.0,55.0,35.56,45.13,59.15,0.0,0.0,0.0,45.0,42.55,0.0,0.0,0.0,120.0,45.13,0.0,0.88,0.0,0.0,0.0,11.97,0.0,73.39,43.15,100.0,45.67
2018-01-13 07:46:00,2,1,62.75,85.0,55.0,35.56,45.11,59.15,0.0,0.0,0.0,45.0,42.53,0.0,0.0,0.0,120.0,45.11,0.0,0.88,0.0,0.0,0.0,11.97,0.0,73.4,43.21,100.0,45.67
2018-01-13 07:47:00,2,1,62.74,85.0,55.0,35.56,45.09,59.14,0.0,0.0,0.0,45.0,42.51,0.0,0.0,0.0,120.0,45.09,0.0,0.88,0.0,0.0,0.0,11.97,0.0,73.42,43.26,100.0,45.67
2018-01-13 07:48:00,2,1,62.73,85.0,55.0,35.55,45.06,59.13,0.0,0.0,0.0,45.0,42.49,0.0,0.0,0.0,120.0,45.06,0.0,0.88,0.0,0.0,0.0,11.98,0.0,73.43,43.32,100.0,45.66
2018-01-13 07:49:00,2,1,62.72,85.0,55.0,35.55,45.04,59.12,0.0,0.0,0.0,45.0,42.48,0.0,0.0,0.0,120.0,45.04,0.0,0.88,0.0,0.0,0.0,11.98,0.0,73.44,43.38,100.0,45.66
2018-01-13 07:50:00,2,1,62.72,85.0,55.0,35.55,45.02,59.12,0.0,0.0,0.0,45.0,42.46,0.0,0.0,0.0,120.0,45.02,0.0,0.88,0.0,0.0,0.0,11.98,0.0,73.46,43.43,100.0,45.66
2018-01-13 07:51:00,2,1,62.71,85.0,55.0,35.55,45.0,59.11,0.0,0.0,0.0,45.0,42.44,0.0,0.0,0.0,120.0,45.0,0.0,0.88,0.0,0.0,0.0,11.98,0.0,73.47,43.49,100.0,45.66
2018-01-13 07:52:00,2,1,62.7,85.0,55.0,35.54,44.97,59.1,0.0,0.0,0.0,45.0,42.42,0.0,0.0,0.0,120.0,44.97,0.0,0.88,0.0,0.0,0.0,11.99,0.0,73.48,43.55,100.0,45.66
2018-01-13 07:53:00,2,1,62.69,85.0,55.0,35.54,44.95,59.09,0.0,0.0,0.0,45.0,42.4,0.0,0.0,0.0,120.0,44.95,0.0,0.88,0.0,0.0,0.0,11.99,0.0,73.49,43.6,100.0,45.65
2018-01-13 07:54:00,2,1,62.69,85.0,55.0,35.54,44.93,59.09,0.0,0.0,0.0,45.0,42.39,0.0,0.0,0.0,120.0,44.93,0.0,0.88,0.0,0.0,0.0,11.99,0.0,73.5,43.66,100.0,45.65
2018-01-13 07:55:00,2,1,62.68,85.0,55.0,35.54,44.91,59.08,0.0,0.0,0.0,45.0,42.37,0.0,0.0,0.0,120.0,44.91,0.0,0.88,0.0,0.0,0.0,12.0,0.0,73.51,43.71,100.0,45.65
2018-01-13 07:56:00,2,1,62.67,85.0,55.0,35.54,44.89,59.07,0.0,0.0,0.0,45.0,42.35,0.0,0.0,0.0,120.0,44.89,0.0,0.88,0.0,0.0,0.0,12.0,0.0,73.52,43.76,100.0,45.65
2018-01-13 07:57:00,2,1,62.67,85.0,55.0,35.53,44.86,59.07,0.0,0.0,0.0,45.0,42.33,0.0,0.0,0.0,120.0,44.86,0.0,0.88,0.0,0.0,0.0,12.0,0.0,73.53,43.82,100.0,45.65
2018-01-13 07:58:00,2,1,62.66,85.0,55.0,35.53,44.84,59.06,0.0,0.0,0.0,45.0,42.32,0.0,0.0,0.0,120.0,44.84,0.0,0.88,0.0,0.0,0.0,12.01,0.0,73.53,43.87,100.0,45.64
2018-01-13 07:59:00,2,1,62.65,85.0,55.0,35.53,44.82,59.05,0.0,0.0,0.0,45.0,42.3,0.0,0.0,0.0,120.0,44.82,0.0,0.88,0.0,0.0,0.0,12.01,0.0,73.54,43.92,100.0,45.64
2018-01-13 08:00:00,2,1,62.64,85.0,55.0,35.53,44.8,59.04,0.0,0.0,0.0,45.0,42.28,0.0,0.0,0.0,120.0,44.8,0.0,0.88,0.0,0.0,0.0,12.02,0.0,73.55,43.97,100.0,45.64
2018-01-13 08:01:00,2,1,62.64,85.0,55.0,35.53,44.78,59.04,0.0,0.0,0.0,45.0,42.26,0.0,0.0,0.0,120.0,44.78,0.0,0.88,0.0,0.0,0.0,12.02,0.0,73.55,44.01,100.0,45.64
2018-01-13 08:02:00,2,1,62.63,85.0,55.0,35.53,44.75,59.03,0.0,0.0,0.0,45.0,42.25,0.0,0.0,0.0,120.0,44.75,0.0,0.88,0.0,0.0,0.0,12.03,0.0,73.54,44.04,100.0,45.63
2018-01-13 08:03:00,2,1,62.62,85.0,55.0,35.53,44.73,59.02,0.0,0.0,0.0,45.0,42.23,0.0,0.0,0.0,120.0,44.73,0.0,0.88,0.0,0.0,0.0,12.04,0.0,73.53,44.06,100.0,45.63
2018-01-13 08:04:00,2,1,62.62,85.0,55.0,35.53,44.71,59.02,0.0,0.0,0.0,45.0,42.21,0.0,0.0,0.0,120.0,44.71,0.0,0.88,0.0,0.0,0.0,12.04,0.0,73.52,44.09,100.0,45.63
2018-01-13 08:05:00,2,1,62.61,85.0,55.0,35.53,44.69,59.01,0.0,0.0,0.0,45.0,42.2,0.0,0.0,0.0,120.0,44.69,0.0,0.88,0.0,0.0,0.0,12.05,0.0,73.51,44.11,100.0,45.62
2018-01-13 08:06:00,2,1,62.6,85.0,55.0,35.53,44.67,59.0,0.0,0.0,0.0,45.0,42.18,0.0,0.0,0.0,120.0,44.67,0.0,0.88,0.0,0.0,0.0,12.06,0.0,73.5,44.14,100.0,45.62
2018-01-13 08:07:00,2,1,62.6,85.0,55.0,35.53,44.64,59.0,0.0,0.0,0.0,45.0,42.16,0.0,0.0,0.0,120.0,44.64,0.0,0.88,0.0,0.0,0.0,12.07,0.0,73.49,44.16,100.0,45.62
2018-01-13 08:08:00,2,1,62.59,85.0,55.0,35.53,44.62,58.99,0.0,0.0,0.0,45.0,42.14,0.0,0.0,0.0,120.0,44.62,0.0,0.88,0.0,0.0,0.0,12.08,0.0,73.48,44.18,100.0,45.61
2018-01-13 08:09:00,2,1,62.59,85.0,55.0,35.54,44.6,58.99,0.0,0.0,0.0,45.0,42.13,0.0,0.0,0.0,120.0,44.6,0.0,0.88,0.0,0.0,0.0,12.08,0.0,73.47,44.2,100.0,45.6
2018-01-13 08:10:00,2,1,62.58,85.0,55.0,35.54,44.58,58.98,0.0,0.0,0.0,45.0,42.11,0.0,0.0,0.0,120.0,44.58,0.0,0.88,0.0,0.0,0.0,12.09,0.0,73.45,44.22,100.0,45.6
2018-01-13 08:11:00,2,1,62.57,85.0,55.0,35.54,44.56,58.97,0.0,0.0,0.0,45.0,42.09,0.0,0.0,0.0,120.0,44.56,0.0,0.88,0.0,0.0,0.0,12.1,0.0,73.44,44.24,100.0,45.59
2018-01-13 08:12:00,2,1,62.57,85.0,55.0,35.54,44.54,58.97,0.0,0.0,0.0,45.0,42.08,0.0,0.0,0.0,120.0,44.54,0.0,0.88,0.0,0.0,0.0,12.11,0.0,73.42,44.26,100.0,45.58
2018-01-13 08:13:00,2,1,62.56,85.0,55.0,35.54,44.52,58.96,0.0,0.0,0.0,45.0,42.06,0.0,0.0,0.0,120.0,44.52,0.0,0.88,0.0,0.0,0.0,12.12,0.0,73.4,44.28,100.0,45.58
2018-01-13 08:14:00,2,1,62.56,85.0,55.0,35.54,44.49,58.96,0.0,0.0,0.0,45.0,42.04,0.0,0.0,0.0,120.0,44.49,0.0,0.88,0.0,0.0,0.0,12.13,0.0,73.39,44.29,100.0,45.57
2018-01-13 08:15:00,2,1,62.55,85.0,55.0,35.55,44.47,58.95,0.0,0.0,0.0,45.0,42.03,0.0,0.0,0.0,120.0,44.47,0.0,0.88,0.0,0.0,0.0,12.14,0.0,73.37,44.31,100.0,45.56
2018-01-13 08:16:00,2,1,62.54,85.0,55.0,35.55,44.45,58.94,0.0,0.0,0.0,45.0,42.01,0.0,0.0,0.0,120.0,44.45,0.0,0.88,0.0,0.0,0.0,12.15,0.0,73.35,44.32,100.0,45.55
2018-01-13 08:17:00,2,1,62.54,85.0,55.0,35.55,44.43,58.94,0.0,0.0,0.0,45.0,41.99,0.0,0.0,0.0,120.0,44.43,0.0,0.88,0.0,0.0,0.0,12.16,0.0,73.33,44.34,100.0,45.55
2018-01-13 08:18:00,2,1,62.53,85.0,55.0,35.55,44.41,58.93,0.0,0.0,0.0,45.0,41.98,0.0,0.0,0.0,120.0,44.41,0.0,0.88,0.0,0.0,0.0,12.17,0.0,73.31,44.35,100.0,45.54
2018-01-13 08:19:00,2,1,62.53,85.0,55.0,35.56,44.39,58.93,0.0,0.0,0.0,45.0,41.96,0.0,0.0,0.0,120.0,44.39,0.0,0.88,0.0,0.0,0.0,12.19,0.0,73.29,44.36,100.0,45.53
2018-01-13 08:20:00,2,1,62.52,85.0,55.0,35.56,44.37,58.92,0.0,0.0,0.0,45.0,41.94,0.0,0.0,0.0,120.0,44.37,0.0,0.88,0.0,0.0,0.0,12.2,0.0,73.26,44.37,100.0,45.52
2018-01-13 08:21:00,2,1,62.52,85.0,55.0,35.56,44.34,58.92,0.0,0.0,0.0,45.0,41.93,0.0,0.0,0.0,120.0,44.34,0.0,0.88,0.0,0.0,0.0,12.21,0.0,73.24,44.38,100.0,45.52
2018-01-13 08:22:00,2,1,62.51,85.0,55.0,35.57,44.32,58.91,0.0,0.0,0.0,45.0,41.91,0.0,0.0,0.0,120.0,44.32,0.0,0.88,0.0,0.0,0.0,12.22,0.0,73.21,44.39,100.0,45.51
2018-01-13 08:23:00,2,1,62.51,85.0,55.0,35.57,44.3,58.91,0.0,0.0,0.0,45.0,41.89,0.0,0.0,0.0,120.0,44.3,0.0,0.88,0.0,0.0,0.0,12.23,0.0,73.19,44.4,100.0,45.5
2018-01-13 08:24:00,2,1,62.5,85.0,55.0,35.57,44.28,58.9,0.0,0.0,0.0,45.0,41.88,0.0,0.0,0.0,120.0,44.28,0.0,0.88,0.0,0.0,0.0,12.25,0.0,73.16,44.41,100.0,45.49
2018-01-13 08:25:00,2,1,62.5,85.0,55.0,35.58,44.26,58.9,0.0,0.0,0.0,45.0,41.86,0.0,0.0,0.0,120.0,44.26,0.0,0.88,0.0,0.0,0.0,12.26,0.0,73.13,44.41,100.0,45.48
2018-01-13 08:26:00,2,1,62.49,85.0,55.0,35.58,44.24,58.89,0.0,0.0,0.0,45.0,41.84,0.0,0.0,0.0,120.0,44.24,0.0,0.88,0.0,0.0,0.0,12.27,0.0,73.11,44.42,100.0,45.47
2018-01-13 08:27:00,2,1,62.49,85.0,55.0,35.59,44.22,58.89,0.0,0.0,0.0,45.0,41.83,0.0,0.0,0.0,120.0,44.22,0.0,0.88,0.0,0.0,0.0,12.29,0.0,73.08,44.42,100.0,45.47
2018-01-13 08:28:00,2,1,62.48,85.0,55.0,35.59,44.2,58.88,0.0,0.0,0.0,45.0,41.81,0.0,0.0,0.0,120.0,44.2,0.0,0.88,0.0,0.0,0.0,12.3,0.0,73.05,44.43,100.0,45.46
2018-01-13 08:29:00,2,1,62.48,85.0,55.0,35.6,44.18,58.88,0.0,0.0,0.0,45.0,41.8,0.0,0.0,0.0,120.0,44.18,0.0,0.88,0.0,0.0,0.0,12.31,0.0,73.01,44.43,100.0,45.45
2018-01-13 08:30:00,2,1,62.47,85.0,55.0,35.6,44.16,58.87,0.0,0.0,0.0,45.0,41.78,0.0,0.0,0.0,120.0,44.16,0.0,0.88,0.0,0.0,0.0,12.33,0.0,72.98,44.43,100.0,45.44
2018-01-13 08:31:00,2,1,62.47,85.0,55.0,35.61,44.14,58.87,0.0,0.0,0.0,45.0,41.76,0.0,0.0,0.0,120.0,44.14,0.0,0.88,0.0,0.0,0.0,12.34,0.0,72.95,44.43,100.0,45.43
2018-01-13 08:32:00,2,1,62.47,85.0,55.0,35.61,44.12,58.87,0.0,0.0,0.0,45.0,41.75,0.0,0.0,0.0,120.0,44.12,0.0,0.88,0.0,0.0,0.0,12.36,0.0,72.91,44.43,100.0,45.42
2018-01-13 08:33:00,2,1,62.46,85.0,55.0,35.62,44.09,58.86,0.0,0.0,0.0,45.0,41.73,0.0,0.0,0.0,120.0,44.09,0.0,0.88,0.0,0.0,0.0,12.37,0.0,72.88,44.43,100.0,45.41
2018-01-13 08:34:00,2,1,62.46,85.0,55.0,35.62,44.07,58.86,0.0,0.0,0.0,45.0,41.72,0.0,0.0,0.0,120.0,44.07,0.0,0.88,0.0,0.0,0.0,12.39,0.0,72.84,44.43,100.0,45.4
2018-01-13 08:35:00,2,1,62.45,85.0,55.0,35.63,44.05,58.85,0.0,0.0,0.0,45.0,41.7,0.0,0.0,0.0,120.0,44.05,0.0,0.88,0.0,0.0,0.0,12.41,0.0,72.81,44.43,100.0,45.39
2018-01-13 08:36:00,2,1,62.45,85.0,55.0,35.64,44.03,58.85,0.0,0.0,0.0,45.0,41.69,0.0,0.0,0.0,120.0,44.03,0.0,0.88,0.0,0.0,0.0,12.42,0.0,72.77,44.42,100.0,45.38
2018-01-13 08:37:00,2,1,62.45,85.0,55.0,35.64,44.01,58.85,0.0,0.0,0.0,45.0,41.67,0.0,0.0,0.0,120.0,44.01,0.0,0.88,0.0,0.0,0.0,12.44,0.0,72.73,44.42,100.0,45.37
2018-01-13 08:38:00,2,1,62.44,85.0,55.0,35.65,43.99,58.84,0.0,0.0,0.0,45.0,41.65,0.0,0.0,0.0,120.0,43.99,0.0,0.88,0.0,0.0,0.0,12.45,0.0,72.69,44.41,100.0,45.36
2018-01-13 08:39:00,2,1,62.44,85.0,55.0,35.66,43.97,58.84,0.0,0.0,0.0,45.0,41.64,0.0,0.0,0.0,120.0,43.97,0.0,0.88,0.0,0.0,0.0,12.47,0.0,72.65,44.4,100.0,45.35
2018-01-13 08:40:00,2,1,62.44,85.0,55.0,35.66,43.95,58.84,0.0,0.0,0.0,45.0,41.62,0.0,0.0,0.0,120.0,43.95,0.0,0.88,0.0,0.0,0.0,12.49,0.0,72.61,44.39,100.0,45.34
2018-01-13 08:41:00,2,1,62.43,85.0,55.0,35.67,43.93,58.83,0.0,0.0,0.0,45.0,41.61,0.0,0.0,0.0,120.0,43.93,0.0,0.88,0.0,0.0,0.0,12.51,0.0,72.56,44.38,100.0,45.33
2018-01-13 08:42:00,2,1,62.43,85.0,55.0,35.68,43.91,58.83,0.0,0.0,0.0,45.0,41.59,0.0,0.0,0.0,120.0,43.91,0.0,0.88,0.0,0.0,0.0,12.53,0.0,72.52,44.37,100.0,45.32
2018-01-13 08:43:00,2,1,62.43,85.0,55.0,35.68,43.89,58.83,0.0,0.0,0.0,45.0,41.58,0.0,0.0,0.0,120.0,43.89,0.0,0.88,0.0,0.0,0.0,12.54,0.0,72.47,44.36,100.0,45.31
2018-01-13 08:44:00,2,1,62.42,85.0,55.0,35.69,43.87,58.82,0.0,0.0,0.0,45.0,41.56,0.0,0.0,0.0,120.0,43.87,0.0,0.88,0.0,0.0,0.0,12.56,0.0,72.43,44.35,100.0,45.3
2018-01-13 08:45:00,2,1,62.42,85.0,55.0,35.7,43.85,58.82,0.0,0.0,0.0,45.0,41.55,0.0,0.0,0.0,120.0,43.85,0.0,0.88,0.0,0.0,0.0,12.58,0.0,72.38,44.34,100.0,45.29
2018-01-13 08:46:00,2,1,62.42,85.0,55.0,35.71,43.83,58.82,0.0,0.0,0.0,45.0,41.53,0.0,0.0,0.0,120.0,43.83,0.0,0.88,0.0,0.0,0.0,12.6,0.0,72.33,44.32,100.0,45.28
2018-01-13 08:47:00,2,1,62.41,85.0,55.0,35.72,43.81,58.81,0.0,0.0,0.0,45.0,41.52,0.0,0.0,0.0,120.0,43.81,0.0,0.88,0.0,0.0,0.0,12.62,0.0,72.28,44.31,100.0,45.27
2018-01-13 08:48:00,2,1,62.41,85.0,55.0,35.73,43.79,58.81,0.0,0.0,0.0,45.0,41.5,0.0,0.0,0.0,120.0,43.79,0.0,0.88,0.0,0.0,0.0,12.64,0.0,72.23,44.29,100.0,45.26
2018-01-13 08:49:00,2,1,62.41,85.0,55.0,35.74,43.77,58.81,0.0,0.0,0.0,45.0,41.49,0.0,0.0,0.0,120.0,43.77,0.0,0.88,0.0,0.0,0.0,12.66,0.0,72.18,44.27,100.0,45.25
2018-01-13 08:50:00,2,1,62.41,85.0,55.0,35.74,43.75,58.81,0.0,0.0,0.0,45.0,41.47,0.0,0.0,0.0,120.0,43.75,0.0,0.88,0.0,0.0,0.0,12.68,0.0,72.13,44.25,100.0,45.23
2018-01-13 08:51:00,2,1,62.4,85.0,55.0,35.75,43.73,58.8,0.0,0.0,0.0,45.0,41.46,0.0,0.0,0.0,120.0,43.73,0.0,0.88,0.0,0.0,0.0,12.7,0.0,72.07,44.23,100.0,45.22
2018-01-13 08:52:00,2,1,62.4,85.0,55.0,35.76,43.71,58.8,0.0,0.0,0.0,45.0,41.44,0.0,0.0,0.0,120.0,43.71,0.0,0.88,0.0,0.0,0.0,12.73,0.0,72.02,44.21,100.0,45.21
2018-01-13 08:53:00,2,1,62.4,85.0,55.0,35.77,43.69,58.8,0.0,0.0,0.0,45.0,41.43,0.0,0.0,0.0,120.0,43.69,0.0,0.88,0.0,0.0,0.0,12.75,0.0,71.96,44.19,100.0,45.2
2018-01-13 08:54:00,2,1,62.4,85.0,55.0,35.78,43.67,58.8,0.0,0.0,0.0,45.0,41.41,0.0,0.0,0.0,120.0,43.67,0.0,0.88,0.0,0.0,0.0,12.77,0.0,71.91,44.17,100.0,45.19
2018-01-13 08:55:00,2,1,62.39,85.0,55.0,35.79,43.65,58.79,0.0,0.0,0.0,45.0,41.4,0.0,0.0,0.0,120.0,43.65,0.0,0.88,0.0,0.0,0.0,12.79,0.0,71.85,44.15,100.0,45.17
2018-01-13 08:56:00,2,1,62.39,85.0,55.0,35.8,43.63,58.79,0.0,0.0,0.0,45.0,41.39,0.0,0.0,0.0,120.0,43.63,0.0,0.88,0.0,0.0,0.0,12.81,0.0,71.79,44.12,100.0,45.16
2018-01-13 08:57:00,2,1,62.39,85.0,55.0,35.81,43.61,58.79,0.0,0.0,0.0,45.0,41.37,0.0,0.0,0.0,120.0,43.61,0.0,0.88,0.0,0.0,0.0,12.84,0.0,71.73,44.09,100.0,45.15
2018-01-13 08:58:00,2,1,62.39,85.0,55.0,35.83,43.59,58.79,0.0,0.0,0.0,45.0,41.36,0.0,0.0,0.0,120.0,43.59,0.0,0.88,0.0,0.0,0.0,12.86,0.0,71.67,44.07,100.0,45.14
2018-01-13 08:59:00,2,1,62.39,85.0,55.0,35.84,43.57,58.79,0.0,0.0,0.0,45.0,41.34,0.0,0.0,0.0,120.0,43.57,0.0,0.88,0.0,0.0,0.0,12.88,0.0,71.61,44.04,100.0,45.12
2018-01-13 09:00:00,2,1,62.39,85.0,55.0,35.85,43.55,58.79,0.0,0.0,0.0,45.0,41.33,0.0,0.0,0.0,120.0,43.55,0.0,0.88,0.0,0.0,0.0,12.91,0.0,71.55,44.01,100.0,45.11
2018-01-13 09:01:00,2,1,62.39,85.0,55.0,35.86,43.53,58.79,0.0,0.0,0.0,45.0,41.31,0.0,0.0,0.0,120.0,43.53,0.0,0.88,0.0,0.0,0.0,12.94,0.0,71.47,43.97,100.0,45.1
2018-01-13 09:02:00,2,1,62.38,85.0,55.0,35.88,43.51,58.78,0.0,0.0,0.0,45.0,41.3,0.0,0.0,0.0,120.0,43.51,0.0,0.88,0.0,0.0,0.0,12.97,0.0,71.39,43.93,100.0,45.08
2018-01-13 09:03:00,2,1,62.38,85.0,55.0,35.89,43.5,58.78,0.0,0.0,0.0,45.0,41.29,0.0,0.0,0.0,120.0,43.5,0.0,0.88,0.0,0.0,0.0,13.0,0.0,71.31,43.89,100.0,45.07
2018-01-13 09:04:00,2,1,62.38,85.0,55.0,35.91,43.48,58.78,0.0,0.0,0.0,45.0,41.27,0.0,0.0,0.0,120.0,43.48,0.0,0.88,0.0,0.0,0.0,13.04,0.0,71.23,43.85,100.0,45.05
2018-01-13 09:05:00,2,1,62.38,85.0,55.0,35.93,43.46,58.78,0.0,0.0,0.0,45.0,41.26,0.0,0.0,0.0,120.0,43.46,0.0,0.88,0.0,0.0,0.0,13.07,0.0,71.14,43.81,100.0,45.04
2018-01-13 09:06:00,2,1,62.38,85.0,55.0,35.94,43.44,58.78,0.0,0.0,0.0,45.0,41.25,0.0,0.0,0.0,120.0,43.44,0.0,0.88,0.0,0.0,0.0,13.11,0.0,71.06,43.76,100.0,45.02
2018-01-13 09:07:00,2,1,62.38,85.0,55.0,35.96,43.42,58.78,0.0,0.0,0.0,45.0,41.23,0.0,0.0,0.0,120.0,43.42,0.0,0.88,0.0,0.0,0.0,13.14,0.0,70.97,43.72,100.0,45.01
2018-01-13 09:08:00,2,1,62.38,85.0,55.0,35.98,43.4,58.78,0.0,0.0,0.0,45.0,41.22,0.0,0.0,0.0,120.0,43.4,0.0,0.88,0.0,0.0,0.0,13.17,0.0,70.89,43.67,100.0,44.99
2018-01-13 09:09:00,2,1,62.39,85.0,55.0,36.0,43.38,58.79,0.0,0.0,0.0,45.0,41.2,0.0,0.0,0.0,120.0,43.38,0.0,0.88,0.0,0.0,0.0,13.21,0.0,70.8,43.62,100.0,44.98
2018-01-13 09:10:00,2,1,62.39,85.0,55.0,36.02,43.36,58.79,0.0,0.0,0.0,45.0,41.19,0.0,0.0,0.0,120.0,43.36,0.0,0.88,0.0,0.0,0.0,13.24,0.0,70.71,43.57,100.0,44.96
2018-01-13 09:11:00,2,1,62.39,85.0,55.0,36.03,43.34,58.79,0.0,0.0,0.0,45.0,41.18,0.0,0.0,0.0,120.0,43.34,0.0,0.88,0.0,0.0,0.0,13.28,0.0,70.62,43.52,100.0,44.94
2018-01-13 09:12:00,2,1,62.39,85.0,55.0,36.05,43.32,58.79,0.0,0.0,0.0,45.0,41.16,0.0,0.0,0.0,120.0,43.32,0.0,0.88,0.0,0.0,0.0,13.32,0.0,70.53,43.47,100.0,44.92
2018-01-13 09:13:00,2,1,62.39,85.0,55.0,36.07,43.31,58.79,0.0,0.0,0.0,45.0,41.15,0.0,0.0,0.0,120.0,43.31,0.0,0.88,0.0,0.0,0.0,13.35,0.0,70.44,43.42,100.0,44.91
2018-01-13 09:14:00,2,1,62.39,85.0,55.0,36.09,43.29,58.79,0.0,0.0,0.0,45.0,41.14,0.0,0.0,0.0,120.0,43.29,0.0,0.88,0.0,0.0,0.0,13.39,0.0,70.34,43.37,100.0,44.89
2018-01-13 09:15:00,2,1,62.39,85.0,55.0,36.11,43.27,58.79,0.0,0.0,0.0,45.0,41.13,0.0,0.0,0.0,120.0,43.27,0.0,0.88,0.0,0.0,0.0,13.42,0.0,70.25,43.32,100.0,44.87
2018-01-13 09:16:00,2,1,62.4,85.0,55.0,36.13,43.25,58.8,0.0,0.0,0.0,45.0,41.11,0.0,0.0,0.0,120.0,43.25,0.0,0.88,0.0,0.0,0.0,13.46,0.0,70.16,43.26,100.0,44.85
2018-01-13 09:17:00,2,1,62.4,85.0,55.0,36.15,43.23,58.8,0.0,0.0,0.0,45.0,41.1,0.0,0.0,0.0,120.0,43.23,0.0,0.88,0.0,0.0,0.0,13.5,0.0,70.06,43.21,100.0,44.84
2018-01-13 09:18:00,2,1,62.4,85.0,55.0,36.17,43.21,58.8,0.0,0.0,0.0,45.0,41.09,0.0,0.0,0.0,120.0,43.21,0.0,0.88,0.0,0.0,0.0,13.53,0.0,69.97,43.15,100.0,44.82
2018-01-13 09:19:00,2,1,62.4,85.0,55.0,36.19,43.19,58.8,0.0,0.0,0.0,45.0,41.07,0.0,0.0,0.0,120.0,43.19,0.0,0.88,0.0,0.0,0.0,13.57,0.0,69.87,43.09,100.0,44.8
2018-01-13 09:20:00,2,1,62.4,85.0,55.0,36.21,43.17,58.8,0.0,0.0,0.0,45.0,41.06,0.0,0.0,0.0,120.0,43.17,0.0,0.88,0.0,0.0,0.0,13.61,0.0,69.77,43.03,100.0,44.78
2018-01-13 09:21:00,2,1,62.41,85.0,55.0,36.23,43.16,58.81,0.0,0.0,0.0,45.0,41.05,0.0,0.0,0.0,120.0,43.16,0.0,0.88,0.0,0.0,0.0,13.64,0.0,69.68,42.97,100.0,44.76
2018-01-13 09:22:00,2,1,62.41,85.0,55.0,36.25,43.14,58.81,0.0,0.0,0.0,45.0,41.04,0.0,0.0,0.0,120.0,43.14,0.0,0.88,0.0,0.0,0.0,13.68,0.0,69.58,42.91,100.0,44.74
2018-01-13 09:23:00,2,1,62.41,85.0,55.0,36.27,43.12,58.81,0.0,0.0,0.0,45.0,41.02,0.0,0.0,0.0,120.0,43.12,0.0,0.88,0.0,0.0,0.0,13.72,0.0,69.48,42.85,100.0,44.72
2018-01-13 09:24:00,2,1,62.42,85.0,55.0,36.29,43.1,58.82,0.0,0.0,0.0,45.0,41.01,0.0,0.0,0.0,120.0,43.1,0.0,0.88,0.0,0.0,0.0,13.76,0.0,69.38,42.79,100.0,44.7
2018-01-13 09:25:00,2,1,62.42,85.0,55.0,36.31,43.08,58.82,0.0,0.0,0.0,45.0,41.0,0.0,0.0,0.0,120.0,43.08,0.0,0.88,0.0,0.0,0.0,13.79,0.0,69.28,42.73,100.0,44.69
2018-01-13 09:26:00,2,1,62.42,85.0,55.0,36.33,43.07,58.82,0.0,0.0,0.0,45.0,40.99,0.0,0.0,0.0,120.0,43.07,0.0,0.88,0.0,0.0,0.0,13.83,0.0,69.18,42.66,100.0,44.67
2018-01-13 09:27:00,2,1,62.43,85.0,55.0,36.35,43.05,58.83,0.0,0.0,0.0,45.0,40.98,0.0,0.0,0.0,120.0,43.05,0.0,0.88,0.0,0.0,0.0,13.87,0.0,69.08,42.6,100.0,44.65
2018-01-13 09:28:00,2,1,62.43,85.0,55.0,36.37,43.03,58.83,0.0,0.0,0.0,45.0,40.96,0.0,0.0,0.0,120.0,43.03,0.0,0.88,0.0,0.0,0.0,13.91,0.0,68.98,42.53,100.0,44.63
2018-01-13 09:29:00,2,1,62.43,85.0,55.0,36.39,43.01,58.83,0.0,0.0,0.0,45.0,40.95,0.0,0.0,0.0,120.0,43.01,0.0,0.88,0.0,0.0,0.0,13.94,0.0,68.88,42.47,100.0,44.61
2018-01-13 09:30:00,2,1,62.44,85.0,55.0,36.41,42.99,58.84,0.0,0.0,0.0,45.0,40.94,0.0,0.0,0.0,120.0,42.99,0.0,0.88,0.0,0.0,0.0,13.98,0.0,68.78,42.4,100.0,44.59
2018-01-13 09:31:00,2,1,62.44,85.0,55.0,36.43,42.98,58.84,0.0,0.0,0.0,45.0,40.93,0.0,0.0,0.0,120.0,42.98,0.0,0.88,0.0,0.0,0.0,14.02,0.0,68.68,42.33,100.0,44.56
2018-01-13 09:32:00,2,1,62.44,85.0,55.0,36.45,42.96,58.84,0.0,0.0,0.0,45.0,40.92,0.0,0.0,0.0,120.0,42.96,0.0,0.88,0.0,0.0,0.0,14.06,0.0,68.58,42.26,100.0,44.54
2018-01-13 09:33:00,2,1,62.45,85.0,55.0,36.47,42.94,58.85,0.0,0.0,0.0,45.0,40.91,0.0,0.0,0.0,120.0,42.94,0.0,0.88,0.0,0.0,0.0,14.1,0.0,68.48,42.19,100.0,44.52
2018-01-13 09:34:00,2,1,62.45,85.0,55.0,36.49,42.92,58.85,0.0,0.0,0.0,45.0,40.89,0.0,0.0,0.0,120.0,42.92,0.0,0.88,0.0,0.0,0.0,14.13,0.0,68.37,42.12,100.0,44.5
2018-01-13 09:35:00,2,1,62.46,85.0,55.0,36.51,42.9,58.86,0.0,0.0,0.0,45.0,40.88,0.0,0.0,0.0,120.0,42.9,0.0,0.88,0.0,0.0,0.0,14.17,0.0,68.27,42.05,100.0,44.48
2018-01-13 09:36:00,2,1,62.46,85.0,55.0,36.53,42.89,58.86,0.0,0.0,0.0,45.0,40.87,0.0,0.0,0.0,120.0,42.89,0.0,0.88,0.0,0.0,0.0,14.21,0.0,68.17,41.98,100.0,44.46
2018-01-13 09:37:00,2,1,62.46,85.0,55.0,36.56,42.87,58.86,0.0,0.0,0.0,45.0,40.86,0.0,0.0,0.0,120.0,42.87,0.0,0.88,0.0,0.0,0.0,14.25,0.0,68.07,41.9,100.0,44.44
2018-01-13 09:38:00,2,1,62.47,85.0,55.0,36.58,42.85,58.87,0.0,0.0,0.0,45.0,40.85,0.0,0.0,0.0,120.0,42.85,0.0,0.88,0.0,0.0,0.0,14.28,0.0,67.96,41.83,100.0,44.42
2018-01-13 09:39:00,2,1,62.47,85.0,55.0,36.6,42.83,58.87,0.0,0.0,0.0,45.0,40.84,0.0,0.0,0.0,120.0,42.83,0.0,0.88,0.0,0.0,0.0,14.32,0.0,67.86,41.76,100.0,44.4
2018-01-13 09:40:00,2,1,62.48,85.0,55.0,36.62,42.82,58.88,0.0,0.0,0.0,45.0,40.83,0.0,0.0,0.0,120.0,42.82,0.0,0.88,0.0,0.0,0.0,14.36,0.0,67.76,41.68,100.0,44.38
2018-01-13 09:41:00,2,1,62.48,85.0,55.0,36.64,42.8,58.88,0.0,0.0,0.0,45.0,40.82,0.0,0.0,0.0,120.0,42.8,0.0,0.88,0.0,0.0,0.0,14.4,0.0,67.65,41.6,100.0,44.35
2018-01-13 09:42:00,2,1,62.49,85.0,55.0,36.66,42.78,58.89,0.0,0.0,0.0,45.0,40.81,0.0,0.0,0.0,120.0,42.78,0.0,0.88,0.0,0.0,0.0,14.43,0.0,67.55,41.53,100.0,44.33
2018-01-13 09:43:00,2,1,62.49,85.0,55.0,36.68,42.76,58.89,0.0,0.0,0.0,45.0,40.8,0.0,0.0,0.0,120.0,42.76,0.0,0.88,0.0,0.0,0.0,14.47,0.0,67.45,41.45,100.0,44.31
2018-01-13 09:44:00,2,1,62.5,85.0,55.0,36.7,42.75,58.9,0.0,0.0,0.0,45.0,40.79,0.0,0.0,0.0,120.0,42.75,0.0,0.88,0.0,0.0,0.0,14.51,0.0,67.34,41.37,100.0,44.29
2018-01-13 09:45:00,2,1,62.5,85.0,55.0,36.72,42.73,58.9,0.0,0.0,0.0,45.0,40.77,0.0,0.0,0.0,120.0,42.73,0.0,0.88,0.0,0.0,0.0,14.54,0.0,67.24,41.29,100.0,44.27
2018-01-13 09:46:00,2,1,62.51,85.0,55.0,36.74,42.71,58.91,0.0,0.0,0.0,45.0,40.76,0.0,0.0,0.0,120.0,42.71,0.0,0.88,0.0,0.0,0.0,14.58,0.0,67.14,41.21,100.0,44.25
2018-01-13 09:47:00,2,1,62.51,85.0,55.0,36.76,42.7,58.91,0.0,0.0,0.0,45.0,40.75,0.0,0.0,0.0,120.0,42.7,0.0,0.88,0.0,0.0,0.0,14.62,0.0,67.03,41.13,100.0,44.22
2018-01-13 09:48:00,2,1,62.52,85.0,55.0,36.78,42.68,58.92,0.0,0.0,0.0,45.0,40.74,0.0,0.0,0.0,120.0,42.68,0.0,0.88,0.0,0.0,0.0,14.65,0.0,66.93,41.05,100.0,44.2
2018-01-13 09:49:00,2,1,62.52,85.0,55.0,36.8,42.66,58.92,0.0,0.0,0.0,45.0,40.73,0.0,0.0,0.0,120.0,42.66,0.0,0.88,0.0,0.0,0.0,14.69,0.0,66.83,40.97,100.0,44.18
2018-01-13 09:50:00,2,1,62.53,85.0,55.0,36.82,42.65,58.93,0.0,0.0,0.0,45.0,40.72,0.0,0.0,0.0,120.0,42.65,0.0,0.88,0.0,0.0,0.0,14.72,0.0,66.72,40.89,100.0,44.16
2018-01-13 09:51:00,2,1,62.53,85.0,55.0,36.84,42.63,58.93,0.0,0.0,0.0,45.0,40.71,0.0,0.0,0.0,120.0,42.63,0.0,0.88,0.0,0.0,0.0,14.76,0.0,66.62,40.81,100.0,44.14
2018-01-13 09:52:00,2,1,62.54,85.0,55.0,36.86,42.61,58.94,0.0,0.0,0.0,45.0,40.7,0.0,0.0,0.0,120.0,42.61,0.0,0.88,0.0,0.0,0.0,14.79,0.0,66.52,40.72,100.0,44.11
2018-01-13 09:53:00,2,1,62.54,85.0,55.0,36.88,42.6,58.94,0.0,0.0,0.0,45.0,40.69,0.0,0.0,0.0,120.0,42.6,0.0,0.88,0.0,0.0,0.0,14.83,0.0,66.41,40.64,100.0,44.09
2018-01-13 09:54:00,2,1,62.55,85.0,55.0,36.9,42.58,58.95,0.0,0.0,0.0,45.0,40.68,0.0,0.0,0.0,120.0,42.58,0.0,0.88,0.0,0.0,0.0,14.86,0.0,66.31,40.55,100.0,44.07
2018-01-13 09:55:00,2,1,62.55,85.0,55.0,36.92,42.56,58.95,0.0,0.0,0.0,45.0,40.67,0.0,0.0,0.0,120.0,42.56,0.0,0.88,0.0,0.0,0.0,14.9,0.0,66.21,40.47,100.0,44.05
2018-01-13 09:56:00,2,1,62.56,85.0,55.0,36.94,42.55,58.96,0.0,0.0,0.0,45.0,40.66,0.0,0.0,0.0,120.0,42.55,0.0,0.88,0.0,0.0,0.0,14.93,0.0,66.11,40.38,100.0,44.02
2018-01-13 09:57:00,2,1,62.56,85.0,55.0,36.96,42.53,58.96,0.0,0.0,0.0,45.0,40.66,0.0,0.0,0.0,120.0,42.53,0.0,0.88,0.0,0.0,0.0,14.97,0.0,66.01,40.29,100.0,44.0
2018-01-13 09:58:00,2,1,62.57,85.0,55.0,36.98,42.51,58.97,0.0,0.0,0.0,45.0,40.65,0.0,0.0,0.0,120.0,42.51,0.0,0.88,0.0,0.0,0.0,15.0,0.0,65.9,40.21,100.0,43.98
2018-01-13 09:59:00,2,1,62.57,85.0,55.0,37.0,42.5,58.97,0.0,0.0,0.0,45.0,40.64,0.0,0.0,0.0,120.0,42.5,0.0,0.88,0.0,0.0,0.0,15.03,0.0,65.8,40.12,100.0,43.96
2018-01-13 10:00:00,2,1,62.58,85.0,55.0,37.02,42.48,58.98,0.0,0.0,0.0,45.0,40.63,0.0,0.0,0.0,120.0,42.48,0.0,0.88,0.0,0.0,0.0,15.06,0.0,65.7,40.03,100.0,43.93
2018-01-13 10:01:00,2,1,62.58,85.0,55.0,37.04,42.46,58.98,0.0,0.0,0.0,45.0,40.62,0.0,0.0,0.0,120.0,42.46,0.0,0.88,0.0,0.0,0.0,15.09,0.0,65.61,39.94,100.0,43.91
2018-01-13 10:02:00,2,1,62.59,85.0,55.0,37.05,42.45,58.99,0.0,0.0,0.0,45.0,40.61,0.0,0.0,0.0,120.0,42.45,0.0,0.88,0.0,0.0,0.0,15.11,0.0,65.52,39.84,100.0,43.89
2018-01-13 10:03:00,2,1,62.59,85.0,55.0,37.06,42.43,58.99,0.0,0.0,0.0,45.0,40.6,0.0,0.0,0.0,120.0,42.43,0.0,0.88,0.0,0.0,0.0,15.13,0.0,65.43,39.73,100.0,43.87
2018-01-13 10:04:00,2,1,62.59,85.0,55.0,37.07,42.42,58.99,0.0,0.0,0.0,45.0,40.59,0.0,0.0,0.0,120.0,42.42,0.0,0.88,0.0,0.0,0.0,15.15,0.0,65.34,39.63,100.0,43.85
2018-01-13 10:05:00,2,1,62.6,85.0,55.0,37.09,42.4,59.0,0.0,0.0,0.0,45.0,40.58,0.0,0.0,0.0,120.0,42.4,0.0,0.88,0.0,0.0,0.0,15.17,0.0,65.25,39.53,100.0,43.83
2018-01-13 10:06:00,2,1,62.6,85.0,55.0,37.1,42.39,59.0,0.0,0.0,0.0,45.0,40.57,0.0,0.0,0.0,120.0,42.39,0.0,0.88,0.0,0.0,0.0,15.19,0.0,65.17,39.43,100.0,43.81
2018-01-13 10:07:00,2,1,62.6,85.0,55.0,37.11,42.37,59.0,0.0,0.0,0.0,45.0,40.56,0.0,0.0,0.0,120.0,42.37,0.0,0.88,0.0,0.0,0.0,15.21,0.0,65.08,39.33,100.0,43.79
2018-01-13 10:08:00,2,1,62.6,85.0,55.0,37.12,42.35,59.0,0.0,0.0,0.0,45.0,40.55,0.0,0.0,0.0,120.0,42.35,0.0,0.88,0.0,0.0,0.0,15.23,0.0,65.0,39.22,100.0,43.77
2018-01-13 10:09:00,2,1,62.61,85.0,55.0,37.13,42.34,59.01,0.0,0.0,0.0,45.0,40.55,0.0,0.0,0.0,120.0,42.34,0.0,0.88,0.0,0.0,0.0,15.25,0.0,64.91,39.12,100.0,43.76
2018-01-13 10:10:00,2,1,62.61,85.0,55.0,37.14,42.32,59.01,0.0,0.0,0.0,45.0,40.54,0.0,0.0,0.0,120.0,42.32,0.0,0.88,0.0,0.0,0.0,15.27,0.0,64.83,39.02,100.0,43.74
2018-01-13 10:11:00,2,1,62.61,85.0,55.0,37.15,42.31,59.01,0.0,0.0,0.0,45.0,40.53,0.0,0.0,0.0,120.0,42.31,0.0,0.88,0.0,0.0,0.0,15.29,0.0,64.75,38.91,100.0,43.72
2018-01-13 10:12:00,2,1,62.61,85.0,55.0,37.16,42.29,59.01,0.0,0.0,0.0,45.0,40.52,0.0,0.0,0.0,120.0,42.29,0.0,0.88,0.0,0.0,0.0,15.31,0.0,64.66,38.81,100.0,43.7
2018-01-13 10:13:00,2,1,62.61,85.0,55.0,37.17,42.28,59.01,0.0,0.0,0.0,45.0,40.51,0.0,0.0,0.0,120.0,42.28,0.0,0.88,0.0,0.0,0.0,15.32,0.0,64.58,38.7,100.0,43.69
2018-01-13 10:14:00,2,1,62.61,85.0,55.0,37.18,42.26,59.01,0.0,0.0,0.0,45.0,40.5,0.0,0.0,0.0,120.0,42.26,0.0,0.88,0.0,0.0,0.0,15.34,0.0,64.5,38.6,100.0,43.67
2018-01-13 10:15:00,2,1,62.61,85.0,55.0,37.19,42.25,59.01,0.0,0.0,0.0,45.0,40.49,0.0,0.0,0.0,120.0,42.25,0.0,0.88,0.0,0.0,0.0,15.36,0.0,64.42,38.49,100.0,43.65
2018-01-13 10:16:00,2,1,62.61,85.0,55.0,37.19,42.23,59.01,0.0,0.0,0.0,45.0,40.48,0.0,0.0,0.0,120.0,42.23,0.0,0.88,0.0,0.0,0.0,15.38,0.0,64.34,38.39,100.0,43.64
2018-01-13 10:17:00,2,1,62.61,85.0,55.0,37.2,42.21,59.01,0.0,0.0,0.0,45.0,40.48,0.0,0.0,0.0,120.0,42.21,0.0,0.88,0.0,0.0,0.0,15.39,0.0,64.26,38.28,100.0,43.62
2018-01-13 10:18:00,2,1,62.61,85.0,55.0,37.21,42.2,59.01,0.0,0.0,0.0,45.0,40.47,0.0,0.0,0.0,120.0,42.2,0.0,0.88,0.0,0.0,0.0,15.41,0.0,64.18,38.18,100.0,43.6
2018-01-13 10:19:00,2,1,62.61,85.0,55.0,37.22,42.18,59.01,0.0,0.0,0.0,45.0,40.46,0.0,0.0,0.0,120.0,42.18,0.0,0.88,0.0,0.0,0.0,15.43,0.0,64.1,38.07,100.0,43.59
2018-01-13 10:20:00,2,1,62.61,85.0,55.0,37.23,42.17,59.01,0.0,0.0,0.0,45.0,40.45,0.0,0.0,0.0,120.0,42.17,0.0,0.88,0.0,0.0,0.0,15.44,0.0,64.02,37.97,100.0,43.57
2018-01-13 10:21:00,2,1,62.61,85.0,55.0,37.24,42.15,59.01,0.0,0.0,0.0,45.0,40.44,0.0,0.0,0.0,120.0,42.15,0.0,0.88,0.0,0.0,0.0,15.46,0.0,63.94,37.86,100.0,43.56
2018-01-13 10:22:00,2,1,62.61,85.0,55.0,37.24,42.14,59.01,0.0,0.0,0.0,45.0,40.43,0.0,0.0,0.0,120.0,42.14,0.0,0.88,0.0,0.0,0.0,15.47,0.0,63.86,37.75,100.0,43.54
2018-01-13 10:23:00,2,1,62.61,85.0,55.0,37.25,42.12,59.01,0.0,0.0,0.0,45.0,40.43,0.0,0.0,0.0,120.0,42.12,0.0,0.88,0.0,0.0,0.0,15.49,0.0,63.78,37.65,100.0,43.52
2018-01-13 10:24:00,2,1,62.61,85.0,55.0,37.26,42.11,59.01,0.0,0.0,0.0,45.0,40.42,0.0,0.0,0.0,120.0,42.11,0.0,0.88,0.0,0.0,0.0,15.5,0.0,63.7,37.54,100.0,43.51
2018-01-13 10:25:00,2,1,62.61,85.0,55.0,37.27,42.1,59.01,0.0,0.0,0.0,45.0,40.41,0.0,0.0,0.0,120.0,42.1,0.0,0.88,0.0,0.0,0.0,15.52,0.0,63.62,37.44,100.0,43.49
2018-01-13 10:26:00,2,1,62.62,85.0,55.0,37.27,42.08,59.02,0.0,0.0,0.0,45.0,40.4,0.0,0.0,0.0,120.0,42.08,0.0,0.88,0.0,0.0,0.0,15.53,0.0,63.55,37.33,100.0,43.47
2018-01-13 10:27:00,2,1,62.62,85.0,55.0,37.28,42.07,59.02,0.0,0.0,0.0,45.0,40.39,0.0,0.0,0.0,120.0,42.07,0.0,0.88,0.0,0.0,0.0,15.55,0.0,63.47,37.23,100.0,43.46
2018-01-13 10:28:00,2,1,62.62,85.0,55.0,37.29,42.05,59.02,0.0,0.0,0.0,45.0,40.39,0.0,0.0,0.0,120.0,42.05,0.0,0.88,0.0,0.0,0.0,15.56,0.0,63.39,37.12,100.0,43.44
2018-01-13 10:29:00,2,1,62.62,85.0,55.0,37.3,42.04,59.02,0.0,0.0,0.0,45.0,40.38,0.0,0.0,0.0,120.0,42.04,0.0,0.88,0.0,0.0,0.0,15.58,0.0,63.31,37.02,100.0,43.42
2018-01-13 10:30:00,2,1,62.62,85.0,55.0,37.3,42.02,59.02,0.0,0.0,0.0,45.0,40.37,0.0,0.0,0.0,120.0,42.02,0.0,0.88,0.0,0.0,0.0,15.59,0.0,63.24,36.91,100.0,43.41
2018-01-13 10:31:00,2,1,62.62,85.0,55.0,37.31,42.01,59.02,0.0,0.0,0.0,45.0,40.36,0.0,0.0,0.0,120.0,42.01,0.0,0.88,0.0,0.0,0.0,15.61,0.0,63.16,36.81,100.0,43.39
2018-01-13 10:32:00,2,1,62.62,85.0,55.0,37.32,41.99,59.02,0.0,0.0,0.0,45.0,40.35,0.0,0.0,0.0,120.0,41.99,0.0,0.88,0.0,0.0,0.0,15.62,0.0,63.08,36.71,100.0,43.37
2018-01-13 10:33:00,2,1,62.62,85.0,55.0,37.33,41.98,59.02,0.0,0.0,0.0,45.0,40.35,0.0,0.0,0.0,120.0,41.98,0.0,0.88,0.0,0.0,0.0,15.63,0.0,63.01,36.6,100.0,43.36
2018-01-13 10:34:00,2,1,62.62,85.0,55.0,37.33,41.97,59.02,0.0,0.0,0.0,45.0,40.34,0.0,0.0,0.0,120.0,41.97,0.0,0.88,0.0,0.0,0.0,15.65,0.0,62.93,36.5,100.0,43.34
2018-01-13 10:35:00,2,1,62.62,85.0,55.0,37.34,41.95,59.02,0.0,0.0,0.0,45.0,40.33,0.0,0.0,0.0,120.0,41.95,0.0,0.88,0.0,0.0,0.0,15.66,0.0,62.86,36.4,100.0,43.32
2018-01-13 10:36:00,2,1,62.62,85.0,55.0,37.35,41.94,59.02,0.0,0.0,0.0,45.0,40.32,0.0,0.0,0.0,120.0,41.94,0.0,0.88,0.0,0.0,0.0,15.67,0.0,62.78,36.29,100.0,43.3
2018-01-13 10:37:00,2,1,62.63,85.0,55.0,37.36,41.92,59.03,0.0,0.0,0.0,45.0,40.32,0.0,0.0,0.0,120.0,41.92,0.0,0.88,0.0,0.0,0.0,15.69,0.0,62.7,36.19,100.0,43.28
2018-01-13 10:38:00,2,1,62.63,85.0,55.0,37.36,41.91,59.03,0.0,0.0,0.0,45.0,40.31,0.0,0.0,0.0,120.0,41.91,0.0,0.88,0.0,0.0,0.0,15.7,0.0,62.63,36.09,100.0,43.26
2018-01-13 10:39:00,2,1,62.63,85.0,55.0,37.37,41.89,59.03,0.0,0.0,0.0,45.0,40.3,0.0,0.0,0.0,120.0,41.89,0.0,0.88,0.0,0.0,0.0,15.71,0.0,62.55,35.99,100.0,43.24
2018-01-13 10:40:00,2,1,62.63,85.0,55.0,37.38,41.88,59.03,0.0,0.0,0.0,45.0,40.29,0.0,0.0,0.0,120.0,41.88,0.0,0.88,0.0,0.0,0.0,15.73,0.0,62.48,35.89,100.0,43.22
2018-01-13 10:41:00,2,1,62.64,85.0,55.0,37.39,41.87,59.04,0.0,0.0,0.0,45.0,40.29,0.0,0.0,0.0,120.0,41.87,0.0,0.88,0.0,0.0,0.0,15.74,0.0,62.4,35.79,100.0,43.2
2018-01-13 10:42:00,2,1,62.64,85.0,55.0,37.39,41.85,59.04,0.0,0.0,0.0,45.0,40.28,0.0,0.0,0.0,120.0,41.85,0.0,0.88,0.0,0.0,0.0,15.75,0.0,62.33,35.69,100.0,43.18
2018-01-13 10:43:00,2,1,62.64,85.0,55.0,37.4,41.84,59.04,0.0,0.0,0.0,45.0,40.27,0.0,0.0,0.0,120.0,41.84,0.0,0.88,0.0,0.0,0.0,15.76,0.0,62.25,35.59,100.0,43.16
2018-01-13 10:44:00,2,1,62.64,85.0,55.0,37.41,41.83,59.04,0.0,0.0,0.0,45.0,40.26,0.0,0.0,0.0,120.0,41.83,0.0,0.88,0.0,0.0,0.0,15.78,0.0,62.18,35.49,100.0,43.14
2018-01-13 10:45:00,2,1,62.65,85.0,55.0,37.42,41.81,59.05,0.0,0.0,0.0,45.0,40.26,0.0,0.0,0.0,120.0,41.81,0.0,0.88,0.0,0.0,0.0,15.79,0.0,62.1,35.4,100.0,43.12
2018-01-13 10:46:00,2,1,62.65,85.0,55.0,37.43,41.8,59.05,0.0,0.0,0.0,45.0,40.25,0.0,0.0,0.0,120.0,41.8,0.0,0.88,0.0,0.0,0.0,15.8,0.0,62.03,35.3,100.0,43.1
2018-01-13 10:47:00,2,1,62.66,85.0,55.0,37.43,41.79,59.06,0.0,0.0,0.0,45.0,40.24,0.0,0.0,0.0,120.0,41.79,0.0,0.88,0.0,0.0,0.0,15.81,0.0,61.95,35.2,100.0,43.07
2018-01-13 10:48:00,2,1,62.66,85.0,55.0,37.44,41.77,59.06,0.0,0.0,0.0,45.0,40.23,0.0,0.0,0.0,120.0,41.77,0.0,0.88,0.0,0.0,0.0,15.83,0.0,61.88,35.11,100.0,43.05
2018-01-13 10:49:00,2,1,62.66,85.0,55.0,37.45,41.76,59.06,0.0,0.0,0.0,45.0,40.23,0.0,0.0,0.0,120.0,41.76,0.0,0.88,0.0,0.0,0.0,15.84,0.0,61.8,35.01,100.0,43.03
2018-01-13 10:50:00,2,1,62.67,85.0,55.0,37.46,41.75,59.07,0.0,0.0,0.0,45.0,40.22,0.0,0.0,0.0,120.0,41.75,0.0,0.88,0.0,0.0,0.0,15.85,0.0,61.73,34.92,100.0,43.0
2018-01-13 10:51:00,2,1,62.67,85.0,55.0,37.47,41.73,59.07,0.0,0.0,0.0,45.0,40.21,0.0,0.0,0.0,120.0,41.73,0.0,0.88,0.0,0.0,0.0,15.86,0.0,61.65,34.83,100.0,42.98
2018-01-13 10:52:00,2,1,62.68,85.0,55.0,37.48,41.72,59.08,0.0,0.0,0.0,45.0,40.21,0.0,0.0,0.0,120.0,41.72,0.0,0.88,0.0,0.0,0.0,15.88,0.0,61.58,34.73,100.0,42.95
2018-01-13 10:53:00,2,1,62.69,85.0,55.0,37.49,41.71,59.09,0.0,0.0,0.0,45.0,40.2,0.0,0.0,0.0,120.0,41.71,0.0,0.88,0.0,0.0,0.0,15.89,0.0,61.5,34.64,100.0,42.93
2018-01-13 10:54:00,2,1,62.69,85.0,55.0,37.5,41.69,59.09,0.0,0.0,0.0,45.0,40.19,0.0,0.0,0.0,120.0,41.69,0.0,0.88,0.0,0.0,0.0,15.9,0.0,61.43,34.55,100.0,42.9
2018-01-13 10:55:00,2,1,62.7,85.0,55.0,37.51,41.68,59.1,0.0,0.0,0.0,45.0,40.18,0.0,0.0,0.0,120.0,41.68,0.0,0.88,0.0,0.0,0.0,15.91,0.0,61.36,34.46,100.0,42.87
2018-01-13 10:56:00,2,1,62.7,85.0,55.0,37.51,41.67,59.1,0.0,0.0,0.0,45.0,40.18,0.0,0.0,0.0,120.0,41.67,0.0,0.88,0.0,0.0,0.0,15.92,0.0,61.28,34.38,100.0,42.84
2018-01-13 10:57:00,2,1,62.71,85.0,55.0,37.52,41.65,59.11,0.0,0.0,0.0,45.0,40.17,0.0,0.0,0.0,120.0,41.65,0.0,0.88,0.0,0.0,0.0,15.94,0.0,61.21,34.29,100.0,42.82
2018-01-13 10:58:00,2,1,62.72,85.0,55.0,37.53,41.64,59.12,0.0,0.0,0.0,45.0,40.16,0.0,0.0,0.0,120.0,41.64,0.0,0.88,0.0,0.0,0.0,15.95,0.0,61.13,34.2,100.0,42.79
2018-01-13 10:59:00,2,1,62.73,85.0,55.0,37.54,41.63,59.13,0.0,0.0,0.0,45.0,40.16,0.0,0.0,0.0,120.0,41.63,0.0,0.88,0.0,0.0,0.0,15.96,0.0,61.06,34.12,100.0,42.76
2018-01-13 11:00:00,2,1,62.74,85.0,55.0,37.56,41.61,59.14,0.0,0.0,0.0,45.0,40.15,0.0,0.0,0.0,120.0,41.61,0.0,0.88,0.0,0.0,0.0,15.97,0.0,60.98,34.03,100.0,42.73
2018-01-13 11:01:00,2,1,62.74,85.0,55.0,37.57,41.6,59.14,0.0,0.0,0.0,45.0,40.14,0.0,0.0,0.0,120.0,41.6,0.0,0.88,0.0,0.0,0.0,15.99,0.0,60.91,33.96,100.0,42.69
2018-01-13 11:02:00,2,1,62.76,85.0,55.0,37.58,41.59,59.16,0.0,0.0,0.0,45.0,40.14,0.0,0.0,0.0,120.0,41.59,0.0,0.88,0.0,0.0,0.0,16.0,0.0,60.84,33.91,100.0,42.66
2018-01-13 11:03:00,2,1,62.77,85.0,55.0,37.59,41.58,59.17,0.0,0.0,0.0,45.0,40.13,0.0,0.0,0.0,120.0,41.58,0.0,0.88,0.0,0.0,0.0,16.02,0.0,60.77,33.85,100.0,42.62
2018-01-13 11:04:00,2,1,62.78,85.0,55.0,37.61,41.56,59.18,0.0,0.0,0.0,45.0,40.12,0.0,0.0,0.0,120.0,41.56,0.0,0.88,0.0,0.0,0.0,16.03,0.0,60.7,33.79,100.0,42.59
2018-01-13 11:05:00,2,1,62.79,85.0,55.0,37.62,41.55,59.19,0.0,0.0,0.0,45.0,40.12,0.0,0.0,0.0,120.0,41.55,0.0,0.88,0.0,0.0,0.0,16.05,0.0,60.63,33.74,100.0,42.54
2018-01-13 11:06:00,2,1,62.81,85.0,55.0,37.64,41.54,59.21,0.0,0.0,0.0,45.0,40.11,0.0,0.0,0.0,120.0,41.54,0.0,0.88,0.0,0.0,0.0,16.06,0.0,60.56,33.69,100.0,42.5
2018-01-13 11:07:00,2,1,62.83,85.0,55.0,37.65,41.53,59.23,0.0,0.0,0.0,45.0,40.11,0.0,0.0,0.0,120.0,41.53,0.0,0.88,0.0,0.0,0.0,16.08,0.0,60.48,33.64,100.0,42.46
2018-01-13 11:08:00,2,1,62.84,85.0,55.0,37.67,41.51,59.24,0.0,0.0,0.0,45.0,40.1,0.0,0.0,0.0,120.0,41.51,0.0,0.88,0.0,0.0,0.0,16.09,0.0,60.41,33.59,100.0,42.41
2018-01-13 11:09:00,2,1,62.86,85.0,55.0,37.68,41.5,59.26,0.0,0.0,0.0,45.0,40.09,0.0,0.0,0.0,120.0,41.5,0.0,0.88,0.0,0.0,0.0,16.11,0.0,60.33,33.54,100.0,42.36
2018-01-13 11:10:00,2,1,62.88,85.0,55.0,37.7,41.49,59.28,0.0,0.0,0.0,45.0,40.09,0.0,0.0,0.0,120.0,41.49,0.0,0.88,0.0,0.0,0.0,16.12,0.0,60.26,33.49,100.0,42.31
2018-01-13 11:11:00,2,1,62.9,85.0,55.0,37.72,41.48,59.3,0.0,0.0,0.0,45.0,40.08,0.0,0.0,0.0,120.0,41.48,0.0,0.88,0.0,0.0,0.0,16.14,0.0,60.18,33.44,100.0,42.26
2018-01-13 11:12:00,2,1,62.92,85.0,55.0,37.74,41.47,59.32,0.0,0.0,0.0,45.0,40.07,0.0,0.0,0.0,120.0,41.47,0.0,0.88,0.0,0.0,0.0,16.15,0.0,60.1,33.39,100.0,42.21
2018-01-13 11:13:00,2,1,62.95,85.0,55.0,37.76,41.45,59.35,0.0,0.0,0.0,45.0,40.07,0.0,0.0,0.0,120.0,41.45,0.0,0.88,0.0,0.0,0.0,16.17,0.0,60.03,33.35,100.0,42.16
2018-01-13 11:14:00,2,1,62.97,85.0,55.0,37.78,41.44,59.37,0.0,0.0,0.0,45.0,40.06,0.0,0.0,0.0,120.0,41.44,0.0,0.88,0.0,0.0,0.0,16.18,0.0,59.95,33.3,100.0,42.1
2018-01-13 11:15:00,2,1,62.99,85.0,55.0,37.8,41.43,59.39,0.0,0.0,0.0,45.0,40.06,0.0,0.0,0.0,120.0,41.43,0.0,0.88,0.0,0.0,0.0,16.2,0.0,59.87,33.26,100.0,42.05
2018-01-13 11:16:00,2,1,63.02,85.0,55.0,37.82,41.42,59.42,0.0,0.0,0.0,45.0,40.05,0.0,0.0,0.0,120.0,41.42,0.0,0.88,0.0,0.0,0.0,16.21,0.0,59.79,33.22,100.0,41.99
2018-01-13 11:17:00,2,1,63.04,85.0,55.0,37.84,41.41,59.44,0.0,0.0,0.0,45.0,40.05,0.0,0.0,0.0,120.0,41.41,0.0,0.88,0.0,0.0,0.0,16.23,0.0,59.71,33.17,100.0,41.93
2018-01-13 11:18:00,2,1,63.07,85.0,55.0,37.86,41.39,59.47,0.0,0.0,0.0,45.0,40.04,0.0,0.0,0.0,120.0,41.39,0.0,0.88,0.0,0.0,0.0,16.25,0.0,59.64,33.13,100.0,41.87
2018-01-13 11:19:00,2,1,63.09,85.0,55.0,37.88,41.38,59.49,0.0,0.0,0.0,45.0,40.03,0.0,0.0,0.0,120.0,41.38,0.0,0.88,0.0,0.0,0.0,16.26,0.0,59.56,33.09,100.0,41.81
2018-01-13 11:20:00,2,1,63.12,85.0,55.0,37.9,41.37,59.52,0.0,0.0,0.0,45.0,40.03,0.0,0.0,0.0,120.0,41.37,0.0,0.88,0.0,0.0,0.0,16.28,0.0,59.48,33.05,100.0,41.75
2018-01-13 11:21:00,2,1,63.15,85.0,55.0,37.92,41.36,59.55,0.0,0.0,0.0,45.0,40.02,0.0,0.0,0.0,120.0,41.36,0.0,0.88,0.0,0.0,0.0,16.29,0.0,59.4,33.01,100.0,41.69
2018-01-13 11:22:00,2,1,63.17,85.0,55.0,37.94,41.35,59.57,0.0,0.0,0.0,45.0,40.02,0.0,0.0,0.0,120.0,41.35,0.0,0.88,0.0,0.0,0.0,16.31,0.0,59.32,32.98,100.0,41.63
2018-01-13 11:23:00,2,1,63.2,85.0,55.0,37.96,41.34,59.6,0.0,0.0,0.0,45.0,40.01,0.0,0.0,0.0,120.0,41.34,0.0,0.88,0.0,0.0,0.0,16.33,0.0,59.24,32.94,100.0,41.57
2018-01-13 11:24:00,2,1,63.23,85.0,55.0,37.99,41.32,59.63,0.0,0.0,0.0,45.0,40.01,0.0,0.0,0.0,120.0,41.32,0.0,0.88,0.0,0.0,0.0,16.34,0.0,59.15,32.9,100.0,41.5
2018-01-13 11:25:00,2,1,63.26,85.0,55.0,38.01,41.31,59.66,0.0,0.0,0.0,45.0,40.0,0.0,0.0,0.0,120.0,41.31,0.0,0.88,0.0,0.0,0.0,16.36,0.0,59.07,32.87,100.0,41.44
2018-01-13 11:26:00,2,1,63.29,85.0,55.0,38.03,41.3,59.69,0.0,0.0,0.0,45.0,40.0,0.0,0.0,0.0,120.0,41.3,0.0,0.88,0.0,0.0,0.0,16.38,0.0,58.99,32.83,100.0,41.38
2018-01-13 11:27:00,2,1,63.32,85.0,55.0,38.06,41.29,59.72,0.0,0.0,0.0,45.0,39.99,0.0,0.0,0.0,120.0,41.29,0.0,0.88,0.0,0.0,0.0,16.39,0.0,58.91,32.8,100.0,41.31
2018-01-13 11:28:00,2,1,63.35,85.0,55.0,38.08,41.28,59.75,0.0,0.0,0.0,45.0,39.99,0.0,0.0,0.0,120.0,41.28,0.0,0.88,0.0,0.0,0.0,16.41,0.0,58.83,32.76,100.0,41.25
2018-01-13 11:29:00,2,1,63.38,85.0,55.0,38.1,41.27,59.78,0.0,0.0,0.0,45.0,39.98,0.0,0.0,0.0,120.0,41.27,0.0,0.88,0.0,0.0,0.0,16.43,0.0,58.75,32.73,100.0,41.18
2018-01-13 11:30:00,2,1,63.41,85.0,55.0,38.13,41.26,59.81,0.0,0.0,0.0,45.0,39.98,0.0,0.0,0.0,120.0,41.26,0.0,0.88,0.0,0.0,0.0,16.44,0.0,58.67,32.7,100.0,41.11
2018-01-13 11:31:00,2,1,63.44,85.0,55.0,38.15,41.24,59.84,0.0,0.0,0.0,45.0,39.97,0.0,0.0,0.0,120.0,41.24,0.0,0.88,0.0,0.0,0.0,16.46,0.0,58.58,32.67,100.0,41.05
2018-01-13 11:32:00,2,1,63.47,85.0,55.0,38.18,41.23,59.87,0.0,0.0,0.0,45.0,39.97,0.0,0.0,0.0,120.0,41.23,0.0,0.88,0.0,0.0,0.0,16.48,0.0,58.5,32.64,100.0,40.98
2018-01-13 11:33:00,2,1,63.51,85.0,55.0,38.2,41.22,59.91,0.0,0.0,0.0,45.0,39.96,0.0,0.0,0.0,120.0,41.22,0.0,0.88,0.0,0.0,0.0,16.5,0.0,58.42,32.61,100.0,40.91
2018-01-13 11:34:00,2,1,63.54,85.0,55.0,38.23,41.21,59.94,0.0,0.0,0.0,45.0,39.96,0.0,0.0,0.0,120.0,41.21,0.0,0.88,0.0,0.0,0.0,16.52,0.0,58.34,32.58,100.0,40.84
2018-01-13 11:35:00,2,1,63.57,85.0,55.0,38.25,41.2,59.97,0.0,0.0,0.0,45.0,39.95,0.0,0.0,0.0,120.0,41.2,0.0,0.88,0.0,0.0,0.0,16.53,0.0,58.26,32.55,100.0,40.78
2018-01-13 11:36:00,2,1,63.6,85.0,55.0,38.28,41.19,60.0,0.0,0.0,0.0,45.0,39.95,0.0,0.0,0.0,120.0,41.19,0.0,0.88,0.0,0.0,0.0,16.55,0.0,58.17,32.52,100.0,40.71
2018-01-13 11:37:00,2,1,63.64,85.0,55.0,38.3,41.18,60.04,0.0,0.0,0.0,45.0,39.95,0.0,0.0,0.0,120.0,41.18,0.0,0.88,0.0,0.0,0.0,16.57,0.0,58.09,32.5,100.0,40.64
2018-01-13 11:38:00,2,1,63.67,85.0,55.0,38.33,41.17,60.07,0.0,0.0,0.0,45.0,39.94,0.0,0.0,0.0,120.0,41.17,0.0,0.88,0.0,0.0,0.0,16.59,0.0,58.01,32.47,100.0,40.57
2018-01-13 11:39:00,2,1,63.7,85.0,55.0,38.36,41.16,60.1,0.0,0.0,0.0,45.0,39.94,0.0,0.0,0.0,120.0,41.16,0.0,0.88,0.0,0.0,0.0,16.61,0.0,57.92,32.44,100.0,40.5
2018-01-13 11:40:00,2,1,63.74,85.0,55.0,38.38,41.15,60.14,0.0,0.0,0.0,45.0,39.93,0.0,0.0,0.0,120.0,41.15,0.0,0.88,0.0,0.0,0.0,16.63,0.0,57.84,32.42,100.0,40.43
2018-01-13 11:41:00,2,1,63.77,85.0,55.0,38.41,41.14,60.17,0.0,0.0,0.0,45.0,39.93,0.0,0.0,0.0,120.0,41.14,0.0,0.88,0.0,0.0,0.0,16.65,0.0,57.76,32.39,100.0,40.36
2018-01-13 11:42:00,2,1,63.81,85.0,55.0,38.44,41.13,60.21,0.0,0.0,0.0,45.0,39.93,0.0,0.0,0.0,120.0,41.13,0.0,0.88,0.0,0.0,0.0,16.67,0.0,57.68,32.37,100.0,40.29
2018-01-13 11:43:00,2,1,63.84,85.0,55.0,38.46,41.12,60.24,0.0,0.0,0.0,45.0,39.92,0.0,0.0,0.0,120.0,41.12,0.0,0.88,0.0,0.0,0.0,16.68,0.0,57.59,32.35,100.0,40.22
2018-01-13 11:44:00,2,1,63.88,85.0,55.0,38.49,41.1,60.28,0.0,0.0,0.0,45.0,39.92,0.0,0.0,0.0,120.0,41.1,0.0,0.88,0.0,0.0,0.0,16.7,0.0,57.51,32.32,100.0,40.15
2018-01-13 11:45:00,2,1,63.91,85.0,55.0,38.52,41.09,60.31,0.0,0.0,0.0,45.0,39.91,0.0,0.0,0.0,120.0,41.09,0.0,0.88,0.0,0.0,0.0,16.72,0.0,57.43,32.3,100.0,40.08
2018-01-13 11:46:00,2,1,63.95,85.0,55.0,38.55,41.08,60.35,0.0,0.0,0.0,45.0,39.91,0.0,0.0,0.0,120.0,41.08,0.0,0.88,0.0,0.0,0.0,16.74,0.0,57.34,32.28,100.0,40.01
2018-01-13 11:47:00,2,1,63.98,85.0,55.0,38.57,41.07,60.38,0.0,0.0,0.0,45.0,39.91,0.0,0.0,0.0,120.0,41.07,0.0,0.88,0.0,0.0,0.0,16.77,0.0,57.26,32.26,100.0,39.94
2018-01-13 11:48:00,2,1,64.02,85.0,55.0,38.6,41.06,60.42,0.0,0.0,0.0,45.0,39.9,0.0,0.0,0.0,120.0,41.06,0.0,0.88,0.0,0.0,0.0,16.79,0.0,57.18,32.24,100.0,39.87
2018-01-13 11:49:00,2,1,64.05,85.0,55.0,38.63,41.05,60.45,0.0,0.0,0.0,45.0,39.9,0.0,0.0,0.0,120.0,41.05,0.0,0.88,0.0,0.0,0.0,16.81,0.0,57.09,32.21,100.0,39.8
2018-01-13 11:50:00,2,1,64.09,85.0,55.0,38.66,41.04,60.49,0.0,0.0,0.0,45.0,39.9,0.0,0.0,0.0,120.0,41.04,0.0,0.88,0.0,0.0,0.0,16.83,0.0,57.01,32.19,100.0,39.73
2018-01-13 11:51:00,2,1,64.13,85.0,55.0,38.69,41.03,60.53,0.0,0.0,0.0,45.0,39.89,0.0,0.0,0.0,120.0,41.03,0.0,0.88,0.0,0.0,0.0,16.85,0.0,56.93,32.17,100.0,39.66
2018-01-13 11:52:00,2,1,64.16,85.0,55.0,38.72,41.02,60.56,0.0,0.0,0.0,45.0,39.89,0.0,0.0,0.0,120.0,41.02,0.0,0.88,0.0,0.0,0.0,16.87,0.0,56.84,32.15,100.0,39.59
2018-01-13 11:53:00,2,1,64.2,85.0,55.0,38.74,41.01,60.6,0.0,0.0,0.0,45.0,39.89,0.0,0.0,0.0,120.0,41.01,0.0,0.88,0.0,0.0,0.0,16.89,0.0,56.76,32.13,100.0,39.52
2018-01-13 11:54:00,2,1,64.23,85.0,55.0,38.77,41.0,60.63,0.0,0.0,0.0,45.0,39.88,0.0,0.0,0.0,120.0,41.0,0.0,0.88,0.0,0.0,0.0,16.91,0.0,56.68,32.12,100.0,39.45
2018-01-13 11:55:00,2,1,64.27,85.0,55.0,38.8,40.99,60.67,0.0,0.0,0.0,45.0,39.88,0.0,0.0,0.0,120.0,40.99,0.0,0.88,0.0,0.0,0.0,16.94,0.0,56.59,32.1,100.0,39.38
2018-01-13 11:56:00,2,1,64.31,85.0,55.0,38.83,40.98,60.71,0.0,0.0,0.0,45.0,39.88,0.0,0.0,0.0,120.0,40.98,0.0,0.88,0.0,0.0,0.0,16.96,0.0,56.51,32.08,100.0,39.31
2018-01-13 11:57:00,2,1,64.34,85.0,55.0,38.86,40.98,60.74,0.0,0.0,0.0,45.0,39.88,0.0,0.0,0.0,120.0,40.98,0.0,0.88,0.0,0.0,0.0,16.98,0.0,56.43,32.06,100.0,39.24
2018-01-13 11:58:00,2,1,64.38,85.0,55.0,38.89,40.97,60.78,0.0,0.0,0.0,45.0,39.87,0.0,0.0,0.0,120.0,40.97,0.0,0.88,0.0,0.0,0.0,17.0,0.0,56.35,32.04,100.0,39.17
2018-01-13 11:59:00,2,1,64.42,85.0,55.0,38.92,40.96,60.82,0.0,0.0,0.0,45.0,39.87,0.0,0.0,0.0,120.0,40.96,0.0,0.88,0.0,0.0,0.0,17.03,0.0,56.26,32.03,100.0,39.1
2018-01-13 12:00:00,2,1,64.45,85.0,55.0,38.95,40.95,60.85,0.0,0.0,0.0,45.0,39.87,0.0,0.0,0.0,120.0,40.95,0.0,0.88,0.0,0.0,0.0,17.05,0.0,56.18,32.01,100.0,39.03
2018-01-13 12:01:00,2,1,64.49,85.0,55.0,38.98,40.94,60.89,0.0,0.0,0.0,45.0,39.87,0.0,0.0,0.0,120.0,40.94,0.0,0.88,0.0,0.0,0.0,17.08,0.0,56.09,31.99,100.0,38.96
2018-01-13 12:02:00,2,1,64.53,85.0,55.0,39.02,40.93,60.93,0.0,0.0,0.0,45.0,39.86,0.0,0.0,0.0,120.0,40.93,0.0,0.88,0.0,0.0,0.0,17.1,0.0,56.0,31.98,100.0,38.89
2018-01-13 12:03:00,2,1,64.57,85.0,55.0,39.05,40.92,60.97,0.0,0.0,0.0,45.0,39.86,0.0,0.0,0.0,120.0,40.92,0.0,0.88,0.0,0.0,0.0,17.13,0.0,55.92,31.96,100.0,38.82
2018-01-13 12:04:00,2,1,64.6,85.0,55.0,39.08,40.91,61.0,0.0,0.0,0.0,45.0,39.86,0.0,0.0,0.0,120.0,40.91,0.0,0.88,0.0,0.0,0.0,17.16,0.0,55.83,31.94,100.0,38.74
2018-01-13 12:05:00,2,1,64.64,85.0,55.0,39.12,40.9,61.04,0.0,0.0,0.0,45.0,39.86,0.0,0.0,0.0,120.0,40.9,0.0,0.88,0.0,0.0,0.0,17.19,0.0,55.74,31.93,100.0,38.67
2018-01-13 12:06:00,2,1,64.68,85.0,55.0,39.15,40.89,61.08,0.0,0.0,0.0,45.0,39.86,0.0,0.0,0.0,120.0,40.89,0.0,0.88,0.0,0.0,0.0,17.22,0.0,55.65,31.91,100.0,38.6
2018-01-13 12:07:00,2,1,64.72,85.0,55.0,39.18,40.88,61.12,0.0,0.0,0.0,45.0,39.85,0.0,0.0,0.0,120.0,40.88,0.0,0.88,0.0,0.0,0.0,17.25,0.0,55.56,31.9,100.0,38.53
2018-01-13 12:08:00,2,1,64.76,85.0,55.0,39.22,40.87,61.16,0.0,0.0,0.0,45.0,39.85,0.0,0.0,0.0,120.0,40.87,0.0,0.88,0.0,0.0,0.0,17.28,0.0,55.47,31.88,100.0,38.46
2018-01-13 12:09:00,2,1,64.8,85.0,55.0,39.25,40.86,61.2,0.0,0.0,0.0,45.0,39.85,0.0,0.0,0.0,120.0,40.86,0.0,0.88,0.0,0.0,0.0,17.31,0.0,55.38,31.87,100.0,38.39
2018-01-13 12:10:00,2,1,64.84,85.0,55.0,39.29,40.86,61.24,0.0,0.0,0.0,45.0,39.85,0.0,0.0,0.0,120.0,40.86,0.0,0.88,0.0,0.0,0.0,17.34,0.0,55.29,31.85,100.0,38.31
2018-01-13 12:11:00,2,1,64.88,85.0,55.0,39.32,40.85,61.28,0.0,0.0,0.0,45.0,39.85,0.0,0.0,0.0,120.0,40.85,0.0,0.88,0.0,0.0,0.0,17.37,0.0,55.2,31.84,100.0,38.24
2018-01-13 12:12:00,2,1,64.92,85.0,55.0,39.36,40.84,61.32,0.0,0.0,0.0,45.0,39.85,0.0,0.0,0.0,120.0,40.84,0.0,0.88,0.0,0.0,0.0,17.4,0.0,55.11,31.82,100.0,38.17
2018-01-13 12:13:00,2,1,64.96,85.0,55.0,39.39,40.83,61.36,0.0,0.0,0.0,45.0,39.85,0.0,0.0,0.0,120.0,40.83,0.0,0.88,0.0,0.0,0.0,17.43,0.0,55.02,31.81,100.0,38.1
2018-01-13 12:14:00,2,1,65.0,85.0,55.0,39.43,40.82,61.4,0.0,0.0,0.0,45.0,39.85,0.0,0.0,0.0,120.0,40.82,0.0,0.88,0.0,0.0,0.0,17.46,0.0,54.93,31.8,100.0,38.03
2018-01-13 12:15:00,2,1,65.04,85.0,55.0,39.46,40.81,61.44,0.0,0.0,0.0,45.0,39.84,0.0,0.0,0.0,120.0,40.81,0.0,0.88,0.0,0.0,0.0,17.49,0.0,54.84,31.78,100.0,37.96
2018-01-13 12:16:00,2,1,65.08,85.0,55.0,39.5,40.8,61.48,0.0,0.0,0.0,45.0,39.84,0.0,0.0,0.0,120.0,40.8,0.0,0.88,0.0,0.0,0.0,17.52,0.0,54.75,31.77,100.0,37.89
2018-01-13 12:17:00,2,1,65.12,85.0,55.0,39.54,40.8,61.52,0.0,0.0,0.0,45.0,39.84,0.0,0.0,0.0,120.0,40.8,0.0,0.88,0.0,0.0,0.0,17.55,0.0,54.66,31.75,100.0,37.82
2018-01-13 12:18:00,2,1,65.16,85.0,55.0,39.57,40.79,61.56,0.0,0.0,0.0,45.0,39.84,0.0,0.0,0.0,120.0,40.79,0.0,0.88,0.0,0.0,0.0,17.59,0.0,54.57,31.74,100.0,37.75
2018-01-13 12:19:00,2,1,65.19,85.0,55.0,39.61,40.78,61.59,0.0,0.0,0.0,45.0,39.84,0.0,0.0,0.0,120.0,40.78,0.0,0.88,0.0,0.0,0.0,17.62,0.0,54.48,31.72,100.0,37.68
2018-01-13 12:20:00,2,1,65.23,85.0,55.0,39.64,40.77,61.63,0.0,0.0,0.0,45.0,39.84,0.0,0.0,0.0,120.0,40.77,0.0,0.88,0.0,0.0,0.0,17.65,0.0,54.4,31.71,100.0,37.61
2018-01-13 12:21:00,2,1,65.27,85.0,55.0,39.68,40.76,61.67,0.0,0.0,0.0,45.0,39.84,0.0,0.0,0.0,120.0,40.76,0.0,0.88,0.0,0.0,0.0,17.68,0.0,54.31,31.7,100.0,37.54
2018-01-13 12:22:00,2,1,65.31,85.0,55.0,39.71,40.76,61.71,0.0,0.0,0.0,45.0,39.84,0.0,0.0,0.0,120.0,40.76,0.0,0.88,0.0,0.0,0.0,17.71,0.0,54.22,31.68,100.0,37.48
2018-01-13 12:23:00,2,1,65.35,85.0,55.0,39.75,40.75,61.75,0.0,0.0,0.0,45.0,39.84,0.0,0.0,0.0,120.0,40.75,0.0,0.88,0.0,0.0,0.0,17.75,0.0,54.13,31.67,100.0,37.41
2018-01-13 12:24:00,2,1,65.39,85.0,55.0,39.78,40.74,61.79,0.0,0.0,0.0,45.0,39.84,0.0,0.0,0.0,120.0,40.74,0.0,0.88,0.0,0.0,0.0,17.78,0.0,54.04,31.65,100.0,37.34
2018-01-13 12:25:00,2,1,65.42,85.0,55.0,39.82,40.73,61.82,0.0,0.0,0.0,45.0,39.84,0.0,0.0,0.0,120.0,40.73,0.0,0.88,0.0,0.0,0.0,17.81,0.0,53.96,31.64,100.0,37.28
2018-01-13 12:26:00,2,1,65.46,85.0,55.0,39.85,40.72,61.86,0.0,0.0,0.0,45.0,39.84,0.0,0.0,0.0,120.0,40.72,0.0,0.88,0.0,0.0,0.0,17.85,0.0,53.87,31.63,100.0,37.21
2018-01-13 12:27:00,2,1,65.5,85.0,55.0,39.89,40.72,61.9,0.0,0.0,0.0,45.0,39.84,0.0,0.0,0.0,120.0,40.72,0.0,0.88,0.0,0.0,0.0,17.88,0.0,53.79,31.61,100.0,37.15
2018-01-13 12:28:00,2,1,65.53,85.0,55.0,39.92,40.71,61.93,0.0,0.0,0.0,45.0,39.84,0.0,0.0,0.0,120.0,40.71,0.0,0.88,0.0,0.0,0.0,17.91,0.0,53.7,31.6,100.0,37.08
2018-01-13 12:29:00,2,1,65.57,85.0,55.0,39.96,40.7,61.97,0.0,0.0,0.0,45.0,39.84,0.0,0.0,0.0,120.0,40.7,0.0,0.88,0.0,0.0,0.0,17.94,0.0,53.62,31.58,100.0,37.02
2018-01-13 12:30:00,2,1,65.6,85.0,55.0,39.99,40.69,62.0,0.0,0.0,0.0,45.0,39.84,0.0,0.0,0.0,120.0,40.69,0.0,0.88,0.0,0.0,0.0,17.98,0.0,53.53,31.57,100.0,36.96
2018-01-13 12:31:00,2,1,65.64,85.0,55.0,40.02,40.69,62.04,0.0,0.0,0.0,45.0,39.84,0.0,0.0,0.0,120.0,40.69,0.0,0.88,0.0,0.0,0.0,18.01,0.0,53.45,31.55,100.0,36.9
2018-01-13 12:32:00,2,1,65.67,85.0,55.0,40.06,40.68,62.07,0.0,0.0,0.0,45.0,39.84,0.0,0.0,0.0,120.0,40.68,0.0,0.88,0.0,0.0,0.0,18.05,0.0,53.36,31.54,100.0,36.84
2018-01-13 12:33:00,2,1,65.71,85.0,55.0,40.09,40.67,62.11,0.0,0.0,0.0,45.0,39.84,0.0,0.0,0.0,120.0,40.67,0.0,0.88,0.0,0.0,0.0,18.08,0.0,53.28,31.52,100.0,36.78
2018-01-13 12:34:00,2,1,65.74,85.0,55.0,40.13,40.66,62.14,0.0,0.0,0.0,45.0,39.84,0.0,0.0,0.0,120.0,40.66,0.0,0.88,0.0,0.0,0.0,18.11,0.0,53.2,31.51,100.0,36.72
2018-01-13 12:35:00,2,1,65.77,85.0,55.0,40.16,40.66,62.17,0.0,0.0,0.0,45.0,39.84,0.0,0.0,0.0,120.0,40.66,0.0,0.88,0.0,0.0,0.0,18.15,0.0,53.12,31.49,100.0,36.66
2018-01-13 12:36:00,2,1,65.8,85.0,55.0,40.19,40.65,62.2,0.0,0.0,0.0,45.0,39.84,0.0,0.0,0.0,120.0,40.65,0.0,0.88,0.0,0.0,0.0,18.18,0.0,53.03,31.48,100.0,36.61
2018-01-13 12:37:00,2,1,65.83,85.0,55.0,40.23,40.64,62.23,0.0,0.0,0.0,45.0,39.84,0.0,0.0,0.0,120.0,40.64,0.0,0.88,0.0,0.0,0.0,18.22,0.0,52.95,31.46,100.0,36.55
2018-01-13 12:38:00,2,1,65.87,85.0,55.0,40.26,40.64,62.27,0.0,0.0,0.0,45.0,39.85,0.0,0.0,0.0,120.0,40.64,0.0,0.88,0.0,0.0,0.0,18.25,0.0,52.87,31.44,100.0,36.5
2018-01-13 12:39:00,2,1,65.9,85.0,55.0,40.29,40.63,62.3,0.0,0.0,0.0,45.0,39.85,0.0,0.0,0.0,120.0,40.63,0.0,0.88,0.0,0.0,0.0,18.29,0.0,52.79,31.43,100.0,36.44
2018-01-13 12:40:00,2,1,65.92,85.0,55.0,40.32,40.62,62.32,0.0,0.0,0.0,45.0,39.85,0.0,0.0,0.0,120.0,40.62,0.0,0.88,0.0,0.0,0.0,18.32,0.0,52.71,31.41,100.0,36.39
2018-01-13 12:41:00,2,1,65.95,85.0,55.0,40.35,40.62,62.35,0.0,0.0,0.0,45.0,39.85,0.0,0.0,0.0,120.0,40.62,0.0,0.88,0.0,0.0,0.0,18.35,0.0,52.64,31.4,100.0,36.34
2018-01-13 12:42:00,2,1,65.98,85.0,55.0,40.38,40.61,62.38,0.0,0.0,0.0,45.0,39.85,0.0,0.0,0.0,120.0,40.61,0.0,0.88,0.0,0.0,0.0,18.39,0.0,52.56,31.38,100.0,36.29
2018-01-13 12:43:00,2,1,66.01,85.0,55.0,40.42,40.6,62.41,0.0,0.0,0.0,45.0,39.85,0.0,0.0,0.0,120.0,40.6,0.0,0.88,0.0,0.0,0.0,18.42,0.0,52.48,31.36,100.0,36.24
2018-01-13 12:44:00,2,1,66.03,85.0,55.0,40.45,40.6,62.43,0.0,0.0,0.0,45.0,39.85,0.0,0.0,0.0,120.0,40.6,0.0,0.88,0.0,0.0,0.0,18.46,0.0,52.4,31.34,100.0,36.19
2018-01-13 12:45:00,2,1,66.06,85.0,55.0,40.48,40.59,62.46,0.0,0.0,0.0,45.0,39.85,0.0,0.0,0.0,120.0,40.59,0.0,0.88,0.0,0.0,0.0,18.49,0.0,52.33,31.32,100.0,36.15
2018-01-13 12:46:00,2,1,66.08,85.0,55.0,40.51,40.58,62.48,0.0,0.0,0.0,45.0,39.86,0.0,0.0,0.0,120.0,40.58,0.0,0.88,0.0,0.0,0.0,18.53,0.0,52.25,31.31,100.0,36.1
2018-01-13 12:47:00,2,1,66.11,85.0,55.0,40.54,40.58,62.51,0.0,0.0,0.0,45.0,39.86,0.0,0.0,0.0,120.0,40.58,0.0,0.88,0.0,0.0,0.0,18.56,0.0,52.18,31.29,100.0,36.06
2018-01-13 12:48:00,2,1,66.13,85.0,55.0,40.57,40.57,62.53,0.0,0.0,0.0,45.0,39.86,0.0,0.0,0.0,120.0,40.57,0.0,0.88,0.0,0.0,0.0,18.6,0.0,52.11,31.27,100.0,36.01
2018-01-13 12:49:00,2,1,66.15,85.0,55.0,40.59,40.56,62.55,0.0,0.0,0.0,45.0,39.86,0.0,0.0,0.0,120.0,40.56,0.0,0.88,0.0,0.0,0.0,18.63,0.0,52.03,31.25,100.0,35.97
2018-01-13 12:50:00,2,1,66.17,85.0,55.0,40.62,40.56,62.57,0.0,0.0,0.0,45.0,39.86,0.0,0.0,0.0,120.0,40.56,0.0,0.88,0.0,0.0,0.0,18.67,0.0,51.96,31.23,100.0,35.93
2018-01-13 12:51:00,2,1,66.19,85.0,55.0,40.65,40.55,62.59,0.0,0.0,0.0,45.0,39.87,0.0,0.0,0.0,120.0,40.55,0.0,0.88,0.0,0.0,0.0,18.7,0.0,51.89,31.21,100.0,35.89
2018-01-13 12:52:00,2,1,66.21,85.0,55.0,40.68,40.55,62.61,0.0,0.0,0.0,45.0,39.87,0.0,0.0,0.0,120.0,40.55,0.0,0.88,0.0,0.0,0.0,18.74,0.0,51.82,31.19,100.0,35.85
2018-01-13 12:53:00,2,1,66.23,85.0,55.0,40.7,40.54,62.63,0.0,0.0,0.0,45.0,39.87,0.0,0.0,0.0,120.0,40.54,0.0,0.88,0.0,0.0,0.0,18.78,0.0,51.75,31.17,100.0,35.82
2018-01-13 12:54:00,2,1,66.25,85.0,55.0,40.73,40.53,62.65,0.0,0.0,0.0,45.0,39.87,0.0,0.0,0.0,120.0,40.53,0.0,0.88,0.0,0.0,0.0,18.81,0.0,51.68,31.15,100.0,35.78
2018-01-13 12:55:00,2,1,66.26,85.0,55.0,40.76,40.53,62.66,0.0,0.0,0.0,45.0,39.87,0.0,0.0,0.0,120.0,40.53,0.0,0.88,0.0,0.0,0.0,18.85,0.0,51.61,31.12,100.0,35.75
2018-01-13 12:56:00,2,1,66.28,85.0,55.0,40.78,40.52,62.68,0.0,0.0,0.0,45.0,39.88,0.0,0.0,0.0,120.0,40.52,0.0,0.88,0.0,0.0,0.0,18.88,0.0,51.55,31.1,100.0,35.71
2018-01-13 12:57:00,2,1,66.29,85.0,55.0,40.81,40.52,62.69,0.0,0.0,0.0,45.0,39.88,0.0,0.0,0.0,120.0,40.52,0.0,0.88,0.0,0.0,0.0,18.92,0.0,51.48,31.08,100.0,35.68
2018-01-13 12:58:00,2,1,66.31,85.0,55.0,40.83,40.51,62.71,0.0,0.0,0.0,45.0,39.88,0.0,0.0,0.0,120.0,40.51,0.0,0.88,0.0,0.0,0.0,18.95,0.0,51.42,31.05,100.0,35.65
2018-01-13 12:59:00,2,1,66.32,85.0,55.0,40.85,40.51,62.72,0.0,0.0,0.0,45.0,39.88,0.0,0.0,0.0,120.0,40.51,0.0,0.88,0.0,0.0,0.0,18.99,0.0,51.35,31.03,100.0,35.62
2018-01-13 13:00:00,2,1,66.33,85.0,55.0,40.88,40.5,62.73,0.0,0.0,0.0,45.0,39.89,0.0,0.0,0.0,120.0,40.5,0.0,0.88,0.0,0.0,0.0,19.02,0.0,51.29,31.0,100.0,35.6
2018-01-13 13:01:00,2,1,66.34,85.0,55.0,40.9,40.5,62.74,0.0,0.0,0.0,45.0,39.89,0.0,0.0,0.0,120.0,40.5,0.0,0.88,0.0,0.0,0.0,19.06,0.0,51.23,30.97,100.0,35.57
2018-01-13 13:02:00,2,1,66.34,85.0,55.0,40.92,40.49,62.74,0.0,0.0,0.0,45.0,39.89,0.0,0.0,0.0,120.0,40.49,0.0,0.88,0.0,0.0,0.0,19.09,0.0,51.16,30.93,100.0,35.55
2018-01-13 13:03:00,2,1,66.34,85.0,55.0,40.93,40.49,62.74,0.0,0.0,0.0,45.0,39.89,0.0,0.0,0.0,120.0,40.49,0.0,0.88,0.0,0.0,0.0,19.12,0.0,51.11,30.89,100.0,35.54
2018-01-13 13:04:00,2,1,66.33,85.0,55.0,40.95,40.48,62.73,0.0,0.0,0.0,45.0,39.9,0.0,0.0,0.0,120.0,40.48,0.0,0.88,0.0,0.0,0.0,19.16,0.0,51.05,30.84,100.0,35.54
2018-01-13 13:05:00,2,1,66.32,85.0,55.0,40.96,40.48,62.72,0.0,0.0,0.0,45.0,39.9,0.0,0.0,0.0,120.0,40.48,0.0,0.88,0.0,0.0,0.0,19.19,0.0,51.0,30.8,100.0,35.54
2018-01-13 13:06:00,2,1,66.31,85.0,55.0,40.97,40.47,62.71,0.0,0.0,0.0,45.0,39.9,0.0,0.0,0.0,120.0,40.47,0.0,0.88,0.0,0.0,0.0,19.22,0.0,50.96,30.75,100.0,35.54
2018-01-13 13:07:00,2,1,66.29,85.0,55.0,40.97,40.47,62.69,0.0,0.0,0.0,45.0,39.9,0.0,0.0,0.0,120.0,40.47,0.0,0.88,0.0,0.0,0.0,19.26,0.0,50.91,30.71,100.0,35.55
2018-01-13 13:08:00,2,1,66.27,85.0,55.0,40.98,40.46,62.67,0.0,0.0,0.0,45.0,39.91,0.0,0.0,0.0,120.0,40.46,0.0,0.88,0.0,0.0,0.0,19.29,0.0,50.87,30.66,100.0,35.56
2018-01-13 13:09:00,2,1,66.25,85.0,55.0,40.99,40.46,62.65,0.0,0.0,0.0,45.0,39.91,0.0,0.0,0.0,120.0,40.46,0.0,0.88,0.0,0.0,0.0,19.32,0.0,50.83,30.62,100.0,35.58
2018-01-13 13:10:00,2,1,66.22,85.0,55.0,40.99,40.45,62.62,0.0,0.0,0.0,45.0,39.91,0.0,0.0,0.0,120.0,40.45,0.0,0.88,0.0,0.0,0.0,19.35,0.0,50.79,30.57,100.0,35.6
2018-01-13 13:11:00,2,1,66.19,85.0,55.0,40.99,40.45,62.59,0.0,0.0,0.0,45.0,39.92,0.0,0.0,0.0,120.0,40.45,0.0,0.88,0.0,0.0,0.0,19.39,0.0,50.76,30.53,100.0,35.62
2018-01-13 13:12:00,2,1,66.16,85.0,55.0,40.99,40.44,62.56,0.0,0.0,0.0,45.0,39.92,0.0,0.0,0.0,120.0,40.44,0.0,0.88,0.0,0.0,0.0,19.42,0.0,50.73,30.48,100.0,35.65
2018-01-13 13:13:00,2,1,66.13,85.0,55.0,40.99,40.44,62.53,0.0,0.0,0.0,45.0,39.92,0.0,0.0,0.0,120.0,40.44,0.0,0.88,0.0,0.0,0.0,19.45,0.0,50.7,30.43,100.0,35.68
2018-01-13 13:14:00,2,1,66.09,85.0,55.0,40.99,40.43,62.49,0.0,0.0,0.0,45.0,39.92,0.0,0.0,0.0,120.0,40.43,0.0,0.88,0.0,0.0,0.0,19.49,0.0,50.67,30.38,100.0,35.71
2018-01-13 13:15:00,2,1,66.05,85.0,55.0,40.99,40.43,62.45,0.0,0.0,0.0,45.0,39.93,0.0,0.0,0.0,120.0,40.43,0.0,0.88,0.0,0.0,0.0,19.52,0.0,50.64,30.33,100.0,35.75
2018-01-13 13:16:00,2,1,66.01,85.0,55.0,40.98,40.42,62.41,0.0,0.0,0.0,45.0,39.93,0.0,0.0,0.0,120.0,40.42,0.0,0.88,0.0,0.0,0.0,19.55,0.0,50.61,30.29,100.0,35.79
2018-01-13 13:17:00,2,1,65.97,85.0,55.0,40.98,40.42,62.37,0.0,0.0,0.0,45.0,39.93,0.0,0.0,0.0,120.0,40.42,0.0,0.88,0.0,0.0,0.0,19.59,0.0,50.59,30.24,100.0,35.83
2018-01-13 13:18:00,2,1,65.93,85.0,55.0,40.97,40.42,62.33,0.0,0.0,0.0,45.0,39.94,0.0,0.0,0.0,120.0,40.42,0.0,0.88,0.0,0.0,0.0,19.62,0.0,50.56,30.19,100.0,35.87
2018-01-13 13:19:00,2,1,65.88,85.0,55.0,40.97,40.41,62.28,0.0,0.0,0.0,45.0,39.94,0.0,0.0,0.0,120.0,40.41,0.0,0.88,0.0,0.0,0.0,19.65,0.0,50.54,30.14,100.0,35.91
2018-01-13 13:20:00,2,1,65.84,85.0,55.0,40.96,40.41,62.24,0.0,0.0,0.0,45.0,39.94,0.0,0.0,0.0,120.0,40.41,0.0,0.88,0.0,0.0,0.0,19.68,0.0,50.52,30.09,100.0,35.96
2018-01-13 13:21:00,2,1,65.79,85.0,55.0,40.95,40.4,62.19,0.0,0.0,0.0,45.0,39.94,0.0,0.0,0.0,120.0,40.4,0.0,0.88,0.0,0.0,0.0,19.72,0.0,50.5,30.04,100.0,36.01
2018-01-13 13:22:00,2,1,65.74,85.0,55.0,40.94,40.4,62.14,0.0,0.0,0.0,45.0,39.95,0.0,0.0,0.0,120.0,40.4,0.0,0.88,0.0,0.0,0.0,19.75,0.0,50.48,29.99,100.0,36.06
2018-01-13 13:23:00,2,1,65.69,85.0,55.0,40.93,40.4,62.09,0.0,0.0,0.0,45.0,39.95,0.0,0.0,0.0,120.0,40.4,0.0,0.88,0.0,0.0,0.0,19.78,0.0,50.47,29.94,100.0,36.12
2018-01-13 13:24:00,2,1,65.63,85.0,55.0,40.93,40.39,62.03,0.0,0.0,0.0,45.0,39.95,0.0,0.0,0.0,120.0,40.39,0.0,0.88,0.0,0.0,0.0,19.82,0.0,50.45,29.89,100.0,36.17
2018-01-13 13:25:00,2,1,65.58,85.0,55.0,40.91,40.39,61.98,0.0,0.0,0.0,45.0,39.95,0.0,0.0,0.0,120.0,40.39,0.0,0.88,0.0,0.0,0.0,19.85,0.0,50.43,29.84,100.0,36.23
2018-01-13 13:26:00,2,1,65.53,85.0,55.0,40.9,40.38,61.93,0.0,0.0,0.0,45.0,39.96,0.0,0.0,0.0,120.0,40.38,0.0,0.88,0.0,0.0,0.0,19.88,0.0,50.42,29.79,100.0,36.29
2018-01-13 13:27:00,2,1,65.47,85.0,55.0,40.89,40.38,61.87,0.0,0.0,0.0,45.0,39.96,0.0,0.0,0.0,120.0,40.38,0.0,0.88,0.0,0.0,0.0,19.92,0.0,50.4,29.73,100.0,36.35
2018-01-13 13:28:00,2,1,65.41,85.0,55.0,40.88,40.38,61.81,0.0,0.0,0.0,45.0,39.96,0.0,0.0,0.0,120.0,40.38,0.0,0.88,0.0,0.0,0.0,19.95,0.0,50.39,29.68,100.0,36.41
2018-01-13 13:29:00,2,1,65.35,85.0,55.0,40.87,40.37,61.75,0.0,0.0,0.0,45.0,39.96,0.0,0.0,0.0,120.0,40.37,0.0,0.88,0.0,0.0,0.0,19.98,0.0,50.38,29.63,100.0,36.48
2018-01-13 13:30:00,2,1,65.3,85.0,55.0,40.86,40.37,61.7,0.0,0.0,0.0,45.0,39.97,0.0,0.0,0.0,120.0,40.37,0.0,0.88,0.0,0.0,0.0,20.01,0.0,50.37,29.58,100.0,36.54
2018-01-13 13:31:00,2,1,65.24,85.0,55.0,40.84,40.37,61.64,0.0,0.0,0.0,45.0,39.97,0.0,0.0,0.0,120.0,40.37,0.0,0.88,0.0,0.0,0.0,20.05,0.0,50.35,29.53,100.0,36.61
2018-01-13 13:32:00,2,1,65.18,85.0,55.0,40.83,40.36,61.58,0.0,0.0,0.0,45.0,39.97,0.0,0.0,0.0,120.0,40.36,0.0,0.88,0.0,0.0,0.0,20.08,0.0,50.34,29.47,100.0,36.68
2018-01-13 13:33:00,2,1,65.12,85.0,55.0,40.81,40.36,61.52,0.0,0.0,0.0,45.0,39.97,0.0,0.0,0.0,120.0,40.36,0.0,0.88,0.0,0.0,0.0,20.11,0.0,50.33,29.42,100.0,36.75
2018-01-13 13:34:00,2,1,65.05,85.0,55.0,40.8,40.36,61.45,0.0,0.0,0.0,45.0,39.97,0.0,0.0,0.0,120.0,40.36,0.0,0.88,0.0,0.0,0.0,20.15,0.0,50.32,29.37,100.0,36.82
2018-01-13 13:35:00,2,1,64.99,85.0,55.0,40.79,40.35,61.39,0.0,0.0,0.0,45.0,39.98,0.0,0.0,0.0,120.0,40.35,0.0,0.88,0.0,0.0,0.0,20.18,0.0,50.31,29.32,100.0,36.89
2018-01-13 13:36:00,2,1,64.93,85.0,55.0,40.77,40.35,61.33,0.0,0.0,0.0,45.0,39.98,0.0,0.0,0.0,120.0,40.35,0.0,0.88,0.0,0.0,0.0,20.21,0.0,50.31,29.26,100.0,36.96
2018-01-13 13:37:00,2,1,64.87,85.0,55.0,40.76,40.35,61.27,0.0,0.0,0.0,45.0,39.98,0.0,0.0,0.0,120.0,40.35,0.0,0.88,0.0,0.0,0.0,20.25,0.0,50.3,29.21,100.0,37.04
2018-01-13 13:38:00,2,1,64.8,85.0,55.0,40.74,40.34,61.2,0.0,0.0,0.0,45.0,39.98,0.0,0.0,0.0,120.0,40.34,0.0,0.88,0.0,0.0,0.0,20.28,0.0,50.29,29.16,100.0,37.11
2018-01-13 13:39:00,2,1,64.74,85.0,55.0,40.73,40.34,61.14,0.0,0.0,0.0,45.0,39.98,0.0,0.0,0.0,120.0,40.34,0.0,0.88,0.0,0.0,0.0,20.31,0.0,50.28,29.11,100.0,37.19
2018-01-13 13:40:00,2,1,64.68,85.0,55.0,40.71,40.34,61.08,0.0,0.0,0.0,45.0,39.99,0.0,0.0,0.0,120.0,40.34,0.0,0.88,0.0,0.0,0.0,20.34,0.0,50.27,29.05,100.0,37.26
2018-01-13 13:41:00,2,1,64.61,85.0,55.0,40.69,40.33,61.01,0.0,0.0,0.0,45.0,39.99,0.0,0.0,0.0,120.0,40.33,0.0,0.88,0.0,0.0,0.0,20.38,0.0,50.27,29.0,100.0,37.34
2018-01-13 13:42:00,2,1,64.55,85.0,55.0,40.68,40.33,60.95,0.0,0.0,0.0,45.0,39.99,0.0,0.0,0.0,120.0,40.33,0.0,0.88,0.0,0.0,0.0,20.41,0.0,50.26,28.95,100.0,37.42
2018-01-13 13:43:00,2,1,64.48,85.0,55.0,40.66,40.33,60.88,0.0,0.0,0.0,45.0,39.99,0.0,0.0,0.0,120.0,40.33,0.0,0.88,0.0,0.0,0.0,20.44,0.0,50.25,28.89,100.0,37.5
2018-01-13 13:44:00,2,1,64.42,85.0,55.0,40.65,40.32,60.82,0.0,0.0,0.0,45.0,39.99,0.0,0.0,0.0,120.0,40.32,0.0,0.88,0.0,0.0,0.0,20.48,0.0,50.24,28.84,100.0,37.57
2018-01-13 13:45:00,2,1,64.35,85.0,55.0,40.63,40.32,60.75,0.0,0.0,0.0,45.0,39.99,0.0,0.0,0.0,120.0,40.32,0.0,0.88,0.0,0.0,0.0,20.51,0.0,50.24,28.79,100.0,37.65
2018-01-13 13:46:00,2,1,64.29,85.0,55.0,40.61,40.32,60.69,0.0,0.0,0.0,45.0,40.0,0.0,0.0,0.0,120.0,40.32,0.0,0.88,0.0,0.0,0.0,20.54,0.0,50.23,28.74,100.0,37.73
2018-01-13 13:47:00,2,1,64.22,85.0,55.0,40.6,40.32,60.62,0.0,0.0,0.0,45.0,40.0,0.0,0.0,0.0,120.0,40.32,0.0,0.88,0.0,0.0,0.0,20.58,0.0,50.22,28.68,100.0,37.81
2018-01-13 13:48:00,2,1,64.16,85.0,55.0,40.58,40.31,60.56,0.0,0.0,0.0,45.0,40.0,0.0,0.0,0.0,120.0,40.31,0.0,0.88,0.0,0.0,0.0,20.61,0.0,50.22,28.63,100.0,37.89
2018-01-13 13:49:00,2,1,64.09,85.0,55.0,40.57,40.31,60.49,0.0,0.0,0.0,45.0,40.0,0.0,0.0,0.0,120.0,40.31,0.0,0.88,0.0,0.0,0.0,20.64,0.0,50.21,28.58,100.0,37.97
2018-01-13 13:50:00,2,1,64.03,85.0,55.0,40.55,40.31,60.43,0.0,0.0,0.0,45.0,40.0,0.0,0.0,0.0,120.0,40.31,0.0,0.88,0.0,0.0,0.0,20.67,0.0,50.2,28.53,100.0,38.05
2018-01-13 13:51:00,2,1,63.96,85.0,55.0,40.54,40.3,60.36,0.0,0.0,0.0,45.0,40.0,0.0,0.0,0.0,120.0,40.3,0.0,0.88,0.0,0.0,0.0,20.71,0.0,50.19,28.48,100.0,38.14
2018-01-13 13:52:00,2,1,63.9,85.0,55.0,40.52,40.3,60.3,0.0,0.0,0.0,45.0,40.01,0.0,0.0,0.0,120.0,40.3,0.0,0.88,0.0,0.0,0.0,20.74,0.0,50.19,28.42,100.0,38.22
2018-01-13 13:53:00,2,1,63.84,85.0,55.0,40.51,40.3,60.24,0.0,0.0,0.0,45.0,40.01,0.0,0.0,0.0,120.0,40.3,0.0,0.88,0.0,0.0,0.0,20.77,0.0,50.18,28.37,100.0,38.3
2018-01-13 13:54:00,2,1,63.77,85.0,55.0,40.49,40.3,60.17,0.0,0.0,0.0,45.0,40.01,0.0,0.0,0.0,120.0,40.3,0.0,0.88,0.0,0.0,0.0,20.81,0.0,50.17,28.32,100.0,38.38
2018-01-13 13:55:00,2,1,63.71,85.0,55.0,40.48,40.29,60.11,0.0,0.0,0.0,45.0,40.01,0.0,0.0,0.0,120.0,40.29,0.0,0.88,0.0,0.0,0.0,20.84,0.0,50.16,28.27,100.0,38.46
2018-01-13 13:56:00,2,1,63.65,85.0,55.0,40.46,40.29,60.05,0.0,0.0,0.0,45.0,40.01,0.0,0.0,0.0,120.0,40.29,0.0,0.88,0.0,0.0,0.0,20.87,0.0,50.15,28.22,100.0,38.54
2018-01-13 13:57:00,2,1,63.59,85.0,55.0,40.45,40.29,59.99,0.0,0.0,0.0,45.0,40.01,0.0,0.0,0.0,120.0,40.29,0.0,0.88,0.0,0.0,0.0,20.91,0.0,50.14,28.17,100.0,38.62
2018-01-13 13:58:00,2,1,63.53,85.0,55.0,40.43,40.29,59.93,0.0,0.0,0.0,45.0,40.01,0.0,0.0,0.0,120.0,40.29,0.0,0.88,0.0,0.0,0.0,20.94,0.0,50.13,28.12,100.0,38.69
2018-01-13 13:59:00,2,1,63.47,85.0,55.0,40.42,40.29,59.87,0.0,0.0,0.0,45.0,40.01,0.0,0.0,0.0,120.0,40.29,0.0,0.88,0.0,0.0,0.0,20.97,0.0,50.12,28.07,100.0,38.77
2018-01-13 14:00:00,2,1,63.41,85.0,55.0,40.41,40.28,59.81,0.0,0.0,0.0,45.0,40.01,0.0,0.0,0.0,120.0,40.28,0.0,0.88,0.0,0.0,0.0,21.0,0.0,50.11,28.02,100.0,38.85
2018-01-13 14:01:00,2,1,63.35,85.0,55.0,40.4,40.28,59.75,0.0,0.0,0.0,45.0,40.02,0.0,0.0,0.0,120.0,40.28,0.0,0.88,0.0,0.0,0.0,21.04,0.0,50.1,27.97,100.0,38.92
2018-01-13 14:02:00,2,1,63.3,85.0,55.0,40.39,40.28,59.7,0.0,0.0,0.0,45.0,40.02,0.0,0.0,0.0,120.0,40.28,0.0,0.88,0.0,0.0,0.0,21.08,0.0,50.08,27.92,100.0,38.99
2018-01-13 14:03:00,2,1,63.25,85.0,55.0,40.38,40.28,59.65,0.0,0.0,0.0,45.0,40.02,0.0,0.0,0.0,120.0,40.28,0.0,0.88,0.0,0.0,0.0,21.12,0.0,50.05,27.87,100.0,39.05
2018-01-13 14:04:00,2,1,63.21,85.0,55.0,40.38,40.27,59.61,0.0,0.0,0.0,45.0,40.02,0.0,0.0,0.0,120.0,40.27,0.0,0.88,0.0,0.0,0.0,21.16,0.0,50.02,27.83,100.0,39.1
2018-01-13 14:05:00,2,1,63.17,85.0,55.0,40.38,40.27,59.57,0.0,0.0,0.0,45.0,40.02,0.0,0.0,0.0,120.0,40.27,0.0,0.88,0.0,0.0,0.0,21.19,0.0,49.99,27.78,100.0,39.15
2018-01-13 14:06:00,2,1,63.13,85.0,55.0,40.38,40.27,59.53,0.0,0.0,0.0,45.0,40.02,0.0,0.0,0.0,120.0,40.27,0.0,0.88,0.0,0.0,0.0,21.23,0.0,49.96,27.74,100.0,39.18
2018-01-13 14:07:00,2,1,63.1,85.0,55.0,40.39,40.27,59.5,0.0,0.0,0.0,45.0,40.02,0.0,0.0,0.0,120.0,40.27,0.0,0.88,0.0,0.0,0.0,21.27,0.0,49.92,27.69,100.0,39.22
2018-01-13 14:08:00,2,1,63.08,85.0,55.0,40.39,40.26,59.48,0.0,0.0,0.0,45.0,40.02,0.0,0.0,0.0,120.0,40.26,0.0,0.88,0.0,0.0,0.0,21.31,0.0,49.88,27.65,100.0,39.25
2018-01-13 14:09:00,2,1,63.05,85.0,55.0,40.4,40.26,59.45,0.0,0.0,0.0,45.0,40.02,0.0,0.0,0.0,120.0,40.26,0.0,0.88,0.0,0.0,0.0,21.35,0.0,49.83,27.6,100.0,39.27
2018-01-13 14:10:00,2,1,63.03,85.0,55.0,40.41,40.26,59.43,0.0,0.0,0.0,45.0,40.02,0.0,0.0,0.0,120.0,40.26,0.0,0.88,0.0,0.0,0.0,21.39,0.0,49.79,27.56,100.0,39.29
2018-01-13 14:11:00,2,1,63.01,85.0,55.0,40.42,40.26,59.41,0.0,0.0,0.0,45.0,40.03,0.0,0.0,0.0,120.0,40.26,0.0,0.88,0.0,0.0,0.0,21.42,0.0,49.74,27.51,100.0,39.3
2018-01-13 14:12:00,2,1,63.0,85.0,55.0,40.43,40.26,59.4,0.0,0.0,0.0,45.0,40.03,0.0,0.0,0.0,120.0,40.26,0.0,0.88,0.0,0.0,0.0,21.46,0.0,49.69,27.47,100.0,39.31
2018-01-13 14:13:00,2,1,62.98,85.0,55.0,40.44,40.25,59.38,0.0,0.0,0.0,45.0,40.03,0.0,0.0,0.0,120.0,40.25,0.0,0.88,0.0,0.0,0.0,21.5,0.0,49.64,27.43,100.0,39.32
2018-01-13 14:14:00,2,1,62.97,85.0,55.0,40.45,40.25,59.37,0.0,0.0,0.0,45.0,40.03,0.0,0.0,0.0,120.0,40.25,0.0,0.88,0.0,0.0,0.0,21.54,0.0,49.59,27.38,100.0,39.32
2018-01-13 14:15:00,2,1,62.96,85.0,55.0,40.47,40.25,59.36,0.0,0.0,0.0,45.0,40.03,0.0,0.0,0.0,120.0,40.25,0.0,0.88,0.0,0.0,0.0,21.58,0.0,49.53,27.34,100.0,39.32
2018-01-13 14:16:00,2,1,62.96,85.0,55.0,40.48,40.25,59.36,0.0,0.0,0.0,45.0,40.03,0.0,0.0,0.0,120.0,40.25,0.0,0.88,0.0,0.0,0.0,21.61,0.0,49.48,27.3,100.0,39.32
2018-01-13 14:17:00,2,1,62.95,85.0,55.0,40.5,40.25,59.35,0.0,0.0,0.0,45.0,40.03,0.0,0.0,0.0,120.0,40.25,0.0,0.88,0.0,0.0,0.0,21.65,0.0,49.42,27.26,100.0,39.31
2018-01-13 14:18:00,2,1,62.95,85.0,55.0,40.52,40.24,59.35,0.0,0.0,0.0,45.0,40.03,0.0,0.0,0.0,120.0,40.24,0.0,0.88,0.0,0.0,0.0,21.69,0.0,49.36,27.22,100.0,39.3
2018-01-13 14:19:00,2,1,62.94,85.0,55.0,40.53,40.24,59.34,0.0,0.0,0.0,45.0,40.03,0.0,0.0,0.0,120.0,40.24,0.0,0.88,0.0,0.0,0.0,21.72,0.0,49.3,27.18,100.0,39.29
2018-01-13 14:20:00,2,1,62.94,85.0,55.0,40.55,40.24,59.34,0.0,0.0,0.0,45.0,40.04,0.0,0.0,0.0,120.0,40.24,0.0,0.88,0.0,0.0,0.0,21.76,0.0,49.24,27.14,100.0,39.27
2018-01-13 14:21:00,2,1,62.95,85.0,55.0,40.57,40.24,59.35,0.0,0.0,0.0,45.0,40.04,0.0,0.0,0.0,120.0,40.24,0.0,0.88,0.0,0.0,0.0,21.8,0.0,49.18,27.1,100.0,39.25
2018-01-13 14:22:00,2,1,62.95,85.0,55.0,40.59,40.24,59.35,0.0,0.0,0.0,45.0,40.04,0.0,0.0,0.0,120.0,40.24,0.0,0.88,0.0,0.0,0.0,21.83,0.0,49.12,27.06,100.0,39.23
2018-01-13 14:23:00,2,1,62.95,85.0,55.0,40.61,40.24,59.35,0.0,0.0,0.0,45.0,40.04,0.0,0.0,0.0,120.0,40.24,0.0,0.88,0.0,0.0,0.0,21.87,0.0,49.05,27.02,100.0,39.21
2018-01-13 14:24:00,2,1,62.96,85.0,55.0,40.63,40.23,59.36,0.0,0.0,0.0,45.0,40.04,0.0,0.0,0.0,120.0,40.23,0.0,0.88,0.0,0.0,0.0,21.91,0.0,48.99,26.98,100.0,39.19
2018-01-13 14:25:00,2,1,62.97,85.0,55.0,40.65,40.23,59.37,0.0,0.0,0.0,45.0,40.04,0.0,0.0,0.0,120.0,40.23,0.0,0.88,0.0,0.0,0.0,21.94,0.0,48.93,26.94,100.0,39.16
2018-01-13 14:26:00,2,1,62.97,85.0,55.0,40.68,40.23,59.37,0.0,0.0,0.0,45.0,40.04,0.0,0.0,0.0,120.0,40.23,0.0,0.88,0.0,0.0,0.0,21.98,0.0,48.86,26.91,100.0,39.13
2018-01-13 14:27:00,2,1,62.98,85.0,55.0,40.7,40.23,59.38,0.0,0.0,0.0,45.0,40.05,0.0,0.0,0.0,120.0,40.23,0.0,0.88,0.0,0.0,0.0,22.01,0.0,48.8,26.87,100.0,39.1
2018-01-13 14:28:00,2,1,62.99,85.0,55.0,40.72,40.23,59.39,0.0,0.0,0.0,45.0,40.05,0.0,0.0,0.0,120.0,40.23,0.0,0.88,0.0,0.0,0.0,22.05,0.0,48.73,26.83,100.0,39.07
2018-01-13 14:29:00,2,1,63.01,85.0,55.0,40.74,40.23,59.41,0.0,0.0,0.0,45.0,40.05,0.0,0.0,0.0,120.0,40.23,0.0,0.88,0.0,0.0,0.0,22.08,0.0,48.67,26.8,100.0,39.04
2018-01-13 14:30:00,2,1,63.02,85.0,55.0,40.77,40.22,59.42,0.0,0.0,0.0,45.0,40.05,0.0,0.0,0.0,120.0,40.22,0.0,0.88,0.0,0.0,0.0,22.12,0.0,48.6,26.76,100.0,39.0
2018-01-13 14:31:00,2,1,63.03,85.0,55.0,40.79,40.22,59.43,0.0,0.0,0.0,45.0,40.05,0.0,0.0,0.0,120.0,40.22,0.0,0.88,0.0,0.0,0.0,22.15,0.0,48.53,26.73,100.0,38.96
2018-01-13 14:32:00,2,1,63.05,85.0,55.0,40.82,40.22,59.45,0.0,0.0,0.0,45.0,40.05,0.0,0.0,0.0,120.0,40.22,0.0,0.88,0.0,0.0,0.0,22.19,0.0,48.47,26.69,100.0,38.92
2018-01-13 14:33:00,2,1,63.06,85.0,55.0,40.84,40.22,59.46,0.0,0.0,0.0,45.0,40.06,0.0,0.0,0.0,120.0,40.22,0.0,0.88,0.0,0.0,0.0,22.22,0.0,48.4,26.66,100.0,38.88
2018-01-13 14:34:00,2,1,63.08,85.0,55.0,40.87,40.22,59.48,0.0,0.0,0.0,45.0,40.06,0.0,0.0,0.0,120.0,40.22,0.0,0.88,0.0,0.0,0.0,22.25,0.0,48.33,26.63,100.0,38.84
2018-01-13 14:35:00,2,1,63.1,85.0,55.0,40.89,40.22,59.5,0.0,0.0,0.0,45.0,40.06,0.0,0.0,0.0,120.0,40.22,0.0,0.88,0.0,0.0,0.0,22.29,0.0,48.26,26.59,100.0,38.8
2018-01-13 14:36:00,2,1,63.11,85.0,55.0,40.92,40.22,59.51,0.0,0.0,0.0,45.0,40.06,0.0,0.0,0.0,120.0,40.22,0.0,0.88,0.0,0.0,0.0,22.32,0.0,48.2,26.56,100.0,38.76
2018-01-13 14:37:00,2,1,63.13,85.0,55.0,40.94,40.21,59.53,0.0,0.0,0.0,45.0,40.07,0.0,0.0,0.0,120.0,40.21,0.0,0.88,0.0,0.0,0.0,22.35,0.0,48.13,26.53,100.0,38.71
2018-01-13 14:38:00,2,1,63.15,85.0,55.0,40.97,40.21,59.55,0.0,0.0,0.0,45.0,40.07,0.0,0.0,0.0,120.0,40.21,0.0,0.88,0.0,0.0,0.0,22.38,0.0,48.06,26.5,100.0,38.67
2018-01-13 14:39:00,2,1,63.17,85.0,55.0,40.99,40.21,59.57,0.0,0.0,0.0,45.0,40.07,0.0,0.0,0.0,120.0,40.21,0.0,0.88,0.0,0.0,0.0,22.42,0.0,47.99,26.47,100.0,38.62
2018-01-13 14:40:00,2,1,63.19,85.0,55.0,41.02,40.21,59.59,0.0,0.0,0.0,45.0,40.07,0.0,0.0,0.0,120.0,40.21,0.0,0.88,0.0,0.0,0.0,22.45,0.0,47.92,26.44,100.0,38.57
2018-01-13 14:41:00,2,1,63.21,85.0,55.0,41.05,40.21,59.61,0.0,0.0,0.0,45.0,40.07,0.0,0.0,0.0,120.0,40.21,0.0,0.88,0.0,0.0,0.0,22.48,0.0,47.83,26.41,100.0,38.53
2018-01-13 14:42:00,2,1,63.24,85.0,55.0,41.07,40.21,59.64,0.0,0.0,0.0,45.0,40.08,0.0,0.0,0.0,120.0,40.21,0.0,0.88,0.0,0.0,0.0,22.51,0.0,47.75,26.39,100.0,38.48
2018-01-13 14:43:00,2,1,63.26,85.0,55.0,41.1,40.21,59.66,0.0,0.0,0.0,45.0,40.08,0.0,0.0,0.0,120.0,40.21,0.0,0.88,0.0,0.0,0.0,22.54,0.0,47.67,26.36,100.0,38.43
2018-01-13 14:44:00,2,1,63.28,85.0,55.0,41.13,40.21,59.68,0.0,0.0,0.0,45.0,40.08,0.0,0.0,0.0,120.0,40.21,0.0,0.88,0.0,0.0,0.0,22.57,0.0,47.59,26.33,100.0,38.38
2018-01-13 14:45:00,2,1,63.3,85.0,55.0,41.15,40.21,59.7,0.0,0.0,0.0,45.0,40.09,0.0,0.0,0.0,120.0,40.21,0.0,0.88,0.0,0.0,0.0,22.6,0.0,47.51,26.31,100.0,38.33
2018-01-13 14:46:00,2,1,63.33,85.0,55.0,41.18,40.2,59.73,0.0,0.0,0.0,45.0,40.09,0.0,0.0,0.0,120.0,40.2,0.0,0.88,0.0,0.0,0.0,22.63,0.0,47.43,26.28,100.0,38.28
2018-01-13 14:47:00,2,1,63.35,85.0,55.0,41.2,40.2,59.75,0.0,0.0,0.0,45.0,40.09,0.0,0.0,0.0,120.0,40.2,0.0,0.88,0.0,0.0,0.0,22.66,0.0,47.35,26.26,100.0,38.22
2018-01-13 14:48:00,2,1,63.38,85.0,55.0,41.23,40.2,59.78,0.0,0.0,0.0,45.0,40.09,0.0,0.0,0.0,120.0,40.2,0.0,0.88,0.0,0.0,0.0,22.69,0.0,47.27,26.23,100.0,38.17
2018-01-13 14:49:00,2,1,63.4,85.0,55.0,41.26,40.2,59.8,0.0,0.0,0.0,45.0,40.1,0.0,0.0,0.0,120.0,40.2,0.0,0.88,0.0,0.0,0.0,22.71,0.0,47.19,26.21,100.0,38.12
2018-01-13 14:50:00,2,1,63.43,85.0,55.0,41.28,40.2,59.83,0.0,0.0,0.0,45.0,40.1,0.0,0.0,0.0,120.0,40.2,0.0,0.88,0.0,0.0,0.0,22.74,0.0,47.11,26.19,100.0,38.07
2018-01-13 14:51:00,2,1,63.45,85.0,55.0,41.31,40.2,59.85,0.0,0.0,0.0,45.0,40.1,0.0,0.0,0.0,120.0,40.2,0.0,0.88,0.0,0.0,0.0,22.77,0.0,47.04,26.17,100.0,38.01
2018-01-13 14:52:00,2,1,63.48,85.0,55.0,41.34,40.2,59.88,0.0,0.0,0.0,45.0,40.11,0.0,0.0,0.0,120.0,40.2,0.0,0.88,0.0,0.0,0.0,22.8,0.0,46.96,26.14,100.0,37.96
2018-01-13 14:53:00,2,1,63.5,85.0,55.0,41.36,40.2,59.9,0.0,0.0,0.0,45.0,40.11,0.0,0.0,0.0,120.0,40.2,0.0,0.88,0.0,0.0,0.0,22.82,0.0,46.89,26.12,100.0,37.91
2018-01-13 14:54:00,2,1,63.53,85.0,55.0,41.39,40.2,59.93,0.0,0.0,0.0,45.0,40.11,0.0,0.0,0.0,120.0,40.2,0.0,0.88,0.0,0.0,0.0,22.85,0.0,46.81,26.11,100.0,37.86
2018-01-13 14:55:00,2,1,63.55,85.0,55.0,41.41,40.2,59.95,0.0,0.0,0.0,45.0,40.12,0.0,0.0,0.0,120.0,40.2,0.0,0.88,0.0,0.0,0.0,22.87,0.0,46.74,26.09,100.0,37.8
2018-01-13 14:56:00,2,1,63.58,85.0,55.0,41.44,40.2,59.98,0.0,0.0,0.0,45.0,40.12,0.0,0.0,0.0,120.0,40.2,0.0,0.88,0.0,0.0,0.0,22.9,0.0,46.66,26.07,100.0,37.75
2018-01-13 14:57:00,2,1,63.6,85.0,55.0,41.46,40.2,60.0,0.0,0.0,0.0,45.0,40.12,0.0,0.0,0.0,120.0,40.2,0.0,0.88,0.0,0.0,0.0,22.92,0.0,46.59,26.05,100.0,37.7
2018-01-13 14:58:00,2,1,63.63,85.0,55.0,41.49,40.19,60.03,0.0,0.0,0.0,45.0,40.13,0.0,0.0,0.0,120.0,40.19,0.0,0.88,0.0,0.0,0.0,22.94,0.0,46.52,26.04,100.0,37.64
2018-01-13 14:59:00,2,1,63.65,85.0,55.0,41.51,40.19,60.05,0.0,0.0,0.0,45.0,40.13,0.0,0.0,0.0,120.0,40.19,0.0,0.88,0.0,0.0,0.0,22.97,0.0,46.45,26.02,100.0,37.59
2018-01-13 15:00:00,2,1,63.68,85.0,55.0,41.53,40.19,60.08,0.0,0.0,0.0,45.0,40.13,0.0,0.0,0.0,120.0,40.19,0.0,0.88,0.0,0.0,0.0,22.99,0.0,46.38,26.01,100.0,37.54
2018-01-13 15:01:00,2,1,63.7,85.0,55.0,41.55,40.19,60.1,0.0,0.0,0.0,45.0,40.14,0.0,0.0,0.0,120.0,40.19,0.0,0.88,0.0,0.0,0.0,23.01,0.0,46.32,42.75,100.0,37.49
2018-01-13 15:02:00,2,1,63.72,85.0,55.0,41.57,40.19,60.12,0.0,0.0,0.0,45.0,40.14,0.0,0.0,0.0,120.0,40.19,0.0,0.88,0.0,0.0,0.0,23.02,0.0,46.27,44.97,100.0,37.44
2018-01-13 15:03:00,2,1,63.74,85.0,55.0,41.59,40.19,60.14,0.0,0.0,0.0,45.0,40.14,0.0,0.0,0.0,120.0,40.19,0.0,0.88,0.0,0.0,0.0,23.03,0.0,46.22,45.22,100.0,37.4
2018-01-13 15:04:00,2,1,63.76,85.0,55.0,41.6,40.19,60.16,0.0,0.0,0.0,45.0,40.15,0.0,0.0,0.0,120.0,40.19,0.0,0.88,0.0,0.0,0.0,23.05,0.0,46.17,45.21,100.0,37.36
2018-01-13 15:05:00,2,1,63.78,85.0,55.0,41.62,40.19,60.18,0.0,0.0,0.0,45.0,40.15,0.0,0.0,0.0,120.0,40.19,0.0,0.88,0.0,0.0,0.0,23.06,0.0,46.13,45.17,100.0,37.32
2018-01-13 15:06:00,2,1,63.79,85.0,55.0,41.63,40.19,60.19,0.0,0.0,0.0,45.0,40.16,0.0,0.0,0.0,120.0,40.19,0.0,0.88,0.0,0.0,0.0,23.07,0.0,46.09,45.13,100.0,37.28
2018-01-13 15:07:00,2,1,63.8,85.0,55.0,41.64,40.19,60.2,0.0,0.0,0.0,45.0,40.16,0.0,0.0,0.0,120.0,40.19,0.0,0.88,0.0,0.0,0.0,23.08,0.0,46.05,45.09,100.0,37.25
2018-01-13 15:08:00,2,1,63.81,85.0,55.0,41.65,40.19,60.21,0.0,0.0,0.0,45.0,40.16,0.0,0.0,0.0,120.0,40.19,0.0,0.88,0.0,0.0,0.0,23.09,0.0,46.02,45.05,100.0,37.22
2018-01-13 15:09:00,2,1,63.82,85.0,55.0,41.66,40.19,60.22,0.0,0.0,0.0,45.0,40.17,0.0,0.0,0.0,120.0,40.19,0.0,0.88,0.0,0.0,0.0,23.1,0.0,45.98,45.02,100.0,37.19
2018-01-13 15:10:00,2,1,63.83,85.0,55.0,41.67,40.19,60.23,0.0,0.0,0.0,45.0,40.17,0.0,0.0,0.0,120.0,40.19,0.0,0.88,0.0,0.0,0.0,23.11,0.0,45.95,44.98,100.0,37.17
2018-01-13 15:11:00,2,1,63.84,85.0,55.0,41.68,40.19,60.24,0.0,0.0,0.0,45.0,40.17,0.0,0.0,0.0,120.0,40.19,0.0,0.88,0.0,0.0,0.0,23.12,0.0,45.92,44.96,100.0,37.14
2018-01-13 15:12:00,2,1,63.84,85.0,55.0,41.68,40.19,60.24,0.0,0.0,0.0,45.0,40.18,0.0,0.0,0.0,120.0,40.19,0.0,0.88,0.0,0.0,0.0,23.13,0.0,45.9,44.93,100.0,37.12
2018-01-13 15:13:00,2,1,63.85,85.0,55.0,41.69,40.19,60.25,0.0,0.0,0.0,45.0,40.18,0.0,0.0,0.0,120.0,40.19,0.0,0.88,0.0,0.0,0.0,23.13,0.0,45.87,44.91,100.0,37.1
2018-01-13 15:14:00,2,1,63.85,85.0,55.0,41.7,40.19,60.25,0.0,0.0,0.0,45.0,40.19,0.0,0.0,0.0,120.0,40.19,0.0,0.88,0.0,0.0,0.0,23.14,0.0,45.85,44.89,100.0,37.08
2018-01-13 15:15:00,2,1,63.85,85.0,55.0,41.7,40.19,60.25,0.0,0.0,0.0,45.0,40.19,0.0,0.0,0.0,120.0,40.19,0.0,0.88,0.0,0.0,0.0,23.15,0.0,45.82,44.88,100.0,37.06
2018-01-13 15:16:00,2,1,63.85,85.0,55.0,41.7,40.19,60.25,0.0,0.0,0.0,45.0,40.19,0.0,0.0,0.0,120.0,40.19,0.0,0.88,0.0,0.0,0.0,23.15,0.0,45.8,44.87,100.0,37.04
2018-01-13 15:17:00,2,1,63.86,85.0,55.0,41.71,40.19,60.26,0.0,0.0,0.0,45.0,40.2,0.0,0.0,0.0,120.0,40.19,0.0,0.88,0.0,0.0,0.0,23.16,0.0,45.79,44.86,100.0,37.03
2018-01-13 15:18:00,2,1,63.86,85.0,55.0,41.71,40.19,60.26,0.0,0.0,0.0,45.0,40.2,0.0,0.0,0.0,120.0,40.19,0.0,0.88,0.0,0.0,0.0,23.16,0.0,45.77,44.86,100.0,37.01
2018-01-13 15:19:00,2,1,63.85,85.0,55.0,41.71,40.19,60.25,0.0,0.0,0.0,45.0,40.21,0.0,0.0,0.0,120.0,40.19,0.0,0.88,0.0,0.0,0.0,23.17,0.0,45.75,44.85,100.0,37.0
2018-01-13 15:20:00,2,1,63.85,85.0,55.0,41.71,40.19,60.25,0.0,0.0,0.0,45.0,40.21,0.0,0.0,0.0,120.0,40.19,0.0,0.88,0.0,0.0,0.0,23.17,0.0,45.74,44.85,100.0,36.99
2018-01-13 15:21:00,2,1,63.85,85.0,55.0,41.71,40.19,60.25,0.0,0.0,0.0,45.0,40.21,0.0,0.0,0.0,120.0,40.19,0.0,0.88,0.0,0.0,0.0,23.18,0.0,45.73,44.86,100.0,36.98
2018-01-13 15:22:00,2,1,63.85,85.0,55.0,41.71,40.19,60.25,0.0,0.0,0.0,45.0,40.22,0.0,0.0,0.0,120.0,40.19,0.0,0.88,0.0,0.0,0.0,23.18,0.0,45.72,44.86,100.0,36.97
2018-01-13 15:23:00,2,1,63.84,85.0,55.0,41.71,40.19,60.24,0.0,0.0,0.0,45.0,40.22,0.0,0.0,0.0,120.0,40.19,0.0,0.88,0.0,0.0,0.0,23.18,0.0,45.71,44.87,100.0,36.96
2018-01-13 15:24:00,2,1,63.84,85.0,55.0,41.71,40.19,60.24,0.0,0.0,0.0,45.0,40.23,0.0,0.0,0.0,120.0,40.19,0.0,0.88,0.0,0.0,0.0,23.19,0.0,45.7,44.89,100.0,36.95
2018-01-13 15:25:00,2,1,63.83,85.0,55.0,41.71,40.19,60.23,0.0,0.0,0.0,45.0,40.23,0.0,0.0,0.0,120.0,40.19,0.0,0.88,0.0,0.0,0.0,23.19,0.0,45.69,44.9,100.0,36.94
2018-01-13 15:26:00,2,1,63.83,85.0,55.0,41.71,40.19,60.23,0.0,0.0,0.0,45.0,40.23,0.0,0.0,0.0,120.0,40.19,0.0,0.88,0.0,0.0,0.0,23.19,0.0,45.68,44.92,100.0,36.94
2018-01-13 15:27:00,2,1,63.82,85.0,55.0,41.71,40.19,60.22,0.0,0.0,0.0,45.0,40.24,0.0,0.0,0.0,120.0,40.19,0.0,0.88,0.0,0.0,0.0,23.19,0.0,45.68,44.94,100.0,36.93
2018-01-13 15:28:00,2,1,63.82,85.0,55.0,41.7,40.19,60.22,0.0,0.0,0.0,45.0,40.24,0.0,0.0,0.0,120.0,40.19,0.0,0.88,0.0,0.0,0.0,23.19,0.0,45.68,44.97,100.0,36.93
2018-01-13 15:29:00,2,1,63.81,85.0,55.0,41.7,40.19,60.21,0.0,0.0,0.0,45.0,40.24,0.0,0.0,0.0,120.0,40.19,0.0,0.88,0.0,0.0,0.0,23.19,0.0,45.67,44.99,100.0,36.92
2018-01-13 15:30:00,2,1,63.8,85.0,55.0,41.7,40.19,60.2,0.0,0.0,0.0,45.0,40.25,0.0,0.0,0.0,120.0,40.19,0.0,0.88,0.0,0.0,0.0,23.19,0.0,45.67,45.02,100.0,36.92
2018-01-13 15:31:00,2,1,63.79,85.0,55.0,41.69,40.19,60.19,0.0,0.0,0.0,45.0,40.25,0.0,0.0,0.0,120.0,40.19,0.0,0.88,0.0,0.0,0.0,23.19,0.0,45.67,45.06,100.0,36.92
2018-01-13 15:32:00,2,1,63.78,85.0,55.0,41.69,40.19,60.18,0.0,0.0,0.0,45.0,40.26,0.0,0.0,0.0,120.0,40.19,0.0,0.88,0.0,0.0,0.0,23.19,0.0,45.68,45.09,100.0,36.91
2018-01-13 15:33:00,2,1,63.77,85.0,55.0,41.68,40.19,60.17,0.0,0.0,0.0,45.0,40.26,0.0,0.0,0.0,120.0,40.19,0.0,0.88,0.0,0.0,0.0,23.19,0.0,45.68,45.13,100.0,36.91
2018-01-13 15:34:00,2,1,63.76,85.0,55.0,41.68,40.2,60.16,0.0,0.0,0.0,45.0,40.26,0.0,0.0,0.0,120.0,40.2,0.0,0.88,0.0,0.0,0.0,23.19,0.0,45.68,45.17,100.0,36.91
2018-01-13 15:35:00,2,1,63.75,85.0,55.0,41.67,40.2,60.15,0.0,0.0,0.0,45.0,40.27,0.0,0.0,0.0,120.0,40.2,0.0,0.88,0.0,0.0,0.0,23.18,0.0,45.69,45.21,100.0,36.91
2018-01-13 15:36:00,2,1,63.74,85.0,55.0,41.66,40.2,60.14,0.0,0.0,0.0,45.0,40.27,0.0,0.0,0.0,120.0,40.2,0.0,0.88,0.0,0.0,0.0,23.18,0.0,45.69,45.26,100.0,36.92
2018-01-13 15:37:00,2,1,63.73,85.0,55.0,41.66,40.2,60.13,0.0,0.0,0.0,45.0,40.27,0.0,0.0,0.0,120.0,40.2,0.0,0.88,0.0,0.0,0.0,23.18,0.0,45.7,45.31,100.0,36.92
2018-01-13 15:38:00,2,1,63.72,85.0,55.0,41.65,40.2,60.12,0.0,0.0,0.0,45.0,40.28,0.0,0.0,0.0,120.0,40.2,0.0,0.88,0.0,0.0,0.0,23.17,0.0,45.71,45.36,100.0,36.92
2018-01-13 15:39:00,2,1,63.71,85.0,55.0,41.64,40.2,60.11,0.0,0.0,0.0,45.0,40.28,0.0,0.0,0.0,120.0,40.2,0.0,0.88,0.0,0.0,0.0,23.17,0.0,45.72,45.41,100.0,36.92
2018-01-13 15:40:00,2,1,63.7,85.0,55.0,41.63,40.2,60.1,0.0,0.0,0.0,45.0,40.28,0.0,0.0,0.0,120.0,40.2,0.0,0.88,0.0,0.0,0.0,23.17,0.0,45.73,45.47,100.0,36.93
2018-01-13 15:41:00,2,1,63.68,85.0,55.0,41.62,40.2,60.08,0.0,0.0,0.0,45.0,40.29,0.0,0.0,0.0,120.0,40.2,0.0,0.88,0.0,0.0,0.0,23.16,0.0,45.74,45.53,100.0,36.93
2018-01-13 15:42:00,2,1,63.67,85.0,55.0,41.61,40.2,60.07,0.0,0.0,0.0,45.0,40.29,0.0,0.0,0.0,120.0,40.2,0.0,0.88,0.0,0.0,0.0,23.16,0.0,45.75,45.59,100.0,36.94
2018-01-13 15:43:00,2,1,63.66,85.0,55.0,41.6,40.2,60.06,0.0,0.0,0.0,45.0,40.29,0.0,0.0,0.0,120.0,40.2,0.0,0.88,0.0,0.0,0.0,23.15,0.0,45.77,45.66,100.0,36.94
2018-01-13 15:44:00,2,1,63.64,85.0,55.0,41.59,40.2,60.04,0.0,0.0,0.0,45.0,40.3,0.0,0.0,0.0,120.0,40.2,0.0,0.88,0.0,0.0,0.0,23.15,0.0,45.78,45.72,100.0,36.95
2018-01-13 15:45:00,2,1,63.63,85.0,55.0,41.58,40.2,60.03,0.0,0.0,0.0,45.0,40.3,0.0,0.0,0.0,120.0,40.2,0.0,0.88,0.0,0.0,0.0,23.14,0.0,45.8,45.79,100.0,36.95
2018-01-13 15:46:00,2,1,63.61,85.0,55.0,41.57,40.2,60.01,0.0,0.0,0.0,45.0,40.3,0.0,0.0,0.0,120.0,40.2,0.0,0.88,0.0,0.0,0.0,23.13,0.0,45.81,45.86,100.0,36.96
2018-01-13 15:47:00,2,1,63.6,85.0,55.0,41.56,40.21,60.0,0.0,0.0,0.0,45.0,40.31,0.0,0.0,0.0,120.0,40.21,0.0,0.88,0.0,0.0,0.0,23.13,0.0,45.83,45.94,100.0,36.97
2018-01-13 15:48:00,2,1,63.58,85.0,55.0,41.55,40.21,59.98,0.0,0.0,0.0,45.0,40.31,0.0,0.0,0.0,120.0,40.21,0.0,0.88,0.0,0.0,0.0,23.12,0.0,45.85,46.02,100.0,36.98
2018-01-13 15:49:00,2,1,63.57,85.0,55.0,41.54,40.21,59.97,0.0,0.0,0.0,45.0,40.31,0.0,0.0,0.0,120.0,40.21,0.0,0.88,0.0,0.0,0.0,23.11,0.0,45.87,46.1,100.0,36.99
2018-01-13 15:50:00,2,1,63.55,85.0,55.0,41.53,40.21,59.95,0.0,0.0,0.0,45.0,40.32,0.0,0.0,0.0,120.0,40.21,0.0,0.88,0.0,0.0,0.0,23.1,0.0,45.89,46.18,100.0,36.99
2018-01-13 15:51:00,2,1,63.54,85.0,55.0,41.52,40.21,59.94,0.0,0.0,0.0,45.0,40.32,0.0,0.0,0.0,120.0,40.21,0.0,0.88,0.0,0.0,0.0,23.09,0.0,45.91,46.26,100.0,37.0
2018-01-13 15:52:00,2,1,63.52,85.0,55.0,41.5,40.21,59.92,0.0,0.0,0.0,45.0,40.32,0.0,0.0,0.0,120.0,40.21,0.0,0.88,0.0,0.0,0.0,23.09,0.0,45.93,46.35,100.0,37.01
2018-01-13 15:53:00,2,1,63.5,85.0,55.0,41.49,40.21,59.9,0.0,0.0,0.0,45.0,40.33,0.0,0.0,0.0,120.0,40.21,0.0,0.88,0.0,0.0,0.0,23.08,0.0,45.95,46.44,100.0,37.02
2018-01-13 15:54:00,2,1,63.48,85.0,55.0,41.48,40.21,59.88,0.0,0.0,0.0,45.0,40.33,0.0,0.0,0.0,120.0,40.21,0.0,0.88,0.0,0.0,0.0,23.07,0.0,45.98,46.53,100.0,37.04
2018-01-13 15:55:00,2,1,63.47,85.0,55.0,41.46,40.21,59.87,0.0,0.0,0.0,45.0,40.33,0.0,0.0,0.0,120.0,40.21,0.0,0.88,0.0,0.0,0.0,23.06,0.0,46.0,46.62,100.0,37.05
2018-01-13 15:56:00,2,1,63.45,85.0,55.0,41.45,40.21,59.85,0.0,0.0,0.0,45.0,40.33,0.0,0.0,0.0,120.0,40.21,0.0,0.88,0.0,0.0,0.0,23.05,0.0,46.03,46.72,100.0,37.06
2018-01-13 15:57:00,2,1,63.43,85.0,55.0,41.43,40.21,59.83,0.0,0.0,0.0,45.0,40.34,0.0,0.0,0.0,120.0,40.21,0.0,0.88,0.0,0.0,0.0,23.04,0.0,46.05,46.82,100.0,37.07
2018-01-13 15:58:00,2,1,63.41,85.0,55.0,41.42,40.22,59.81,0.0,0.0,0.0,45.0,40.34,0.0,0.0,0.0,120.0,40.22,0.0,0.88,0.0,0.0,0.0,23.03,0.0,46.08,46.92,100.0,37.08
2018-01-13 15:59:00,2,1,63.39,85.0,55.0,41.41,40.22,59.79,0.0,0.0,0.0,45.0,40.34,0.0,0.0,0.0,120.0,40.22,0.0,0.88,0.0,0.0,0.0,23.02,0.0,46.11,47.02,100.0,37.1
2018-01-13 16:00:00,2,1,63.38,85.0,55.0,41.39,40.22,59.78,0.0,0.0,0.0,45.0,40.35,0.0,0.0,0.0,120.0,40.22,0.0,0.88,0.0,0.0,0.0,23.01,0.0,46.14,44.03,100.0,37.11
2018-01-13 16:01:00,2,1,63.36,85.0,55.0,41.37,40.22,59.76,0.0,0.0,0.0,45.0,40.35,0.0,0.0,0.0,120.0,40.22,0.0,0.88,0.0,0.0,0.0,22.99,0.0,46.17,29.34,100.0,37.13
2018-01-13 16:02:00,2,1,63.34,85.0,55.0,41.36,40.22,59.74,0.0,0.0,0.0,45.0,40.35,0.0,0.0,0.0,120.0,40.22,0.0,0.88,0.0,0.0,0.0,22.98,0.0,46.21,27.4,100.0,37.14
2018-01-13 16:03:00,2,1,63.32,85.0,55.0,41.34,40.22,59.72,0.0,0.0,0.0,45.0,40.35,0.0,0.0,0.0,120.0,40.22,0.0,0.88,0.0,0.0,0.0,22.96,0.0,46.25,27.17,100.0,37.15
2018-01-13 16:04:00,2,1,63.3,85.0,55.0,41.32,40.22,59.7,0.0,0.0,0.0,45.0,40.36,0.0,0.0,0.0,120.0,40.22,0.0,0.88,0.0,0.0,0.0,22.95,0.0,46.29,27.19,100.0,37.17
2018-01-13 16:05:00,2,1,63.28,85.0,55.0,41.3,40.22,59.68,0.0,0.0,0.0,45.0,40.36,0.0,0.0,0.0,120.0,40.22,0.0,0.88,0.0,0.0,0.0,22.93,0.0,46.33,27.23,100.0,37.18
2018-01-13 16:06:00,2,1,63.26,85.0,55.0,41.29,40.23,59.66,0.0,0.0,0.0,45.0,40.36,0.0,0.0,0.0,120.0,40.23,0.0,0.88,0.0,0.0,0.0,22.91,0.0,46.37,27.28,100.0,37.2
2018-01-13 16:07:00,2,1,63.24,85.0,55.0,41.27,40.23,59.64,0.0,0.0,0.0,45.0,40.36,0.0,0.0,0.0,120.0,40.23,0.0,0.88,0.0,0.0,0.0,22.9,0.0,46.41,27.33,100.0,37.22
2018-01-13 16:08:00,2,1,63.22,85.0,55.0,41.25,40.23,59.62,0.0,0.0,0.0,45.0,40.37,0.0,0.0,0.0,120.0,40.23,0.0,0.88,0.0,0.0,0.0,22.88,0.0,46.45,27.38,100.0,37.23
2018-01-13 16:09:00,2,1,63.2,85.0,55.0,41.23,40.23,59.6,0.0,0.0,0.0,45.0,40.37,0.0,0.0,0.0,120.0,40.23,0.0,0.88,0.0,0.0,0.0,22.86,0.0,46.49,27.43,100.0,37.25
2018-01-13 16:10:00,2,1,63.18,85.0,55.0,41.21,40.23,59.58,0.0,0.0,0.0,45.0,40.37,0.0,0.0,0.0,120.0,40.23,0.0,0.88,0.0,0.0,0.0,22.84,0.0,46.54,27.48,100.0,37.26
2018-01-13 16:11:00,2,1,63.16,85.0,55.0,41.19,40.23,59.56,0.0,0.0,0.0,45.0,40.37,0.0,0.0,0.0,120.0,40.23,0.0,0.88,0.0,0.0,0.0,22.83,0.0,46.58,27.53,100.0,37.28
2018-01-13 16:12:00,2,1,63.13,85.0,55.0,41.17,40.23,59.53,0.0,0.0,0.0,45.0,40.37,0.0,0.0,0.0,120.0,40.23,0.0,0.88,0.0,0.0,0.0,22.81,0.0,46.62,27.59,100.0,37.3
2018-01-13 16:13:00,2,1,63.11,85.0,55.0,41.15,40.23,59.51,0.0,0.0,0.0,45.0,40.38,0.0,0.0,0.0,120.0,40.23,0.0,0.88,0.0,0.0,0.0,22.79,0.0,46.67,27.64,100.0,37.32
2018-01-13 16:14:00,2,1,63.09,85.0,55.0,41.13,40.23,59.49,0.0,0.0,0.0,45.0,40.38,0.0,0.0,0.0,120.0,40.23,0.0,0.88,0.0,0.0,0.0,22.77,0.0,46.71,27.69,100.0,37.33
2018-01-13 16:15:00,2,1,63.07,85.0,55.0,41.11,40.24,59.47,0.0,0.0,0.0,45.0,40.38,0.0,0.0,0.0,120.0,40.24,0.0,0.88,0.0,0.0,0.0,22.76,0.0,46.76,27.74,100.0,37.35
2018-01-13 16:16:00,2,1,63.05,85.0,55.0,41.09,40.24,59.45,0.0,0.0,0.0,45.0,40.38,0.0,0.0,0.0,120.0,40.24,0.0,0.88,0.0,0.0,0.0,22.74,0.0,46.81,27.8,100.0,37.37
2018-01-13 16:17:00,2,1,63.03,85.0,55.0,41.07,40.24,59.43,0.0,0.0,0.0,45.0,40.38,0.0,0.0,0.0,120.0,40.24,0.0,0.88,0.0,0.0,0.0,22.72,0.0,46.85,27.85,100.0,37.39
2018-01-13 16:18:00,2,1,63.01,85.0,55.0,41.05,40.24,59.41,0.0,0.0,0.0,45.0,40.39,0.0,0.0,0.0,120.0,40.24,0.0,0.88,0.0,0.0,0.0,22.7,0.0,46.9,27.9,100.0,37.41
2018-01-13 16:19:00,2,1,62.98,85.0,55.0,41.03,40.24,59.38,0.0,0.0,0.0,45.0,40.39,0.0,0.0,0.0,120.0,40.24,0.0,0.88,0.0,0.0,0.0,22.68,0.0,46.95,27.96,100.0,37.43
2018-01-13 16:20:00,2,1,62.96,85.0,55.0,41.01,40.24,59.36,0.0,0.0,0.0,45.0,40.39,0.0,0.0,0.0,120.0,40.24,0.0,0.88,0.0,0.0,0.0,22.66,0.0,46.99,28.01,100.0,37.44
2018-01-13 16:21:00,2,1,62.94,85.0,55.0,40.99,40.24,59.34,0.0,0.0,0.0,45.0,40.39,0.0,0.0,0.0,120.0,40.24,0.0,0.88,0.0,0.0,0.0,22.64,0.0,47.04,28.06,100.0,37.46
2018-01-13 16:22:00,2,1,62.92,85.0,55.0,40.97,40.25,59.32,0.0,0.0,0.0,45.0,40.39,0.0,0.0,0.0,120.0,40.25,0.0,0.88,0.0,0.0,0.0,22.62,0.0,47.07,28.12,100.0,37.48
2018-01-13 16:23:00,2,1,62.9,85.0,55.0,40.95,40.25,59.3,0.0,0.0,0.0,45.0,40.39,0.0,0.0,0.0,120.0,40.25,0.0,0.88,0.0,0.0,0.0,22.6,0.0,47.11,28.17,100.0,37.5
2018-01-13 16:24:00,2,1,62.87,85.0,55.0,40.93,40.25,59.27,0.0,0.0,0.0,45.0,40.4,0.0,0.0,0.0,120.0,40.25,0.0,0.88,0.0,0.0,0.0,22.59,0.0,47.15,28.23,100.0,37.52
2018-01-13 16:25:00,2,1,62.85,85.0,55.0,40.91,40.25,59.25,0.0,0.0,0.0,45.0,40.4,0.0,0.0,0.0,120.0,40.25,0.0,0.88,0.0,0.0,0.0,22.57,0.0,47.19,28.28,100.0,37.54
2018-01-13 16:26:00,2,1,62.83,85.0,55.0,40.89,40.25,59.23,0.0,0.0,0.0,45.0,40.4,0.0,0.0,0.0,120.0,40.25,0.0,0.88,0.0,0.0,0.0,22.55,0.0,47.22,28.33,100.0,37.56
2018-01-13 16:27:00,2,1,62.81,85.0,55.0,40.87,40.25,59.21,0.0,0.0,0.0,45.0,40.4,0.0,0.0,0.0,120.0,40.25,0.0,0.88,0.0,0.0,0.0,22.53,0.0,47.26,28.39,100.0,37.58
2018-01-13 16:28:00,2,1,62.79,85.0,55.0,40.85,40.25,59.19,0.0,0.0,0.0,45.0,40.4,0.0,0.0,0.0,120.0,40.25,0.0,0.88,0.0,0.0,0.0,22.51,0.0,47.3,28.44,100.0,37.6
2018-01-13 16:29:00,2,1,62.76,85.0,55.0,40.83,40.25,59.16,0.0,0.0,0.0,45.0,40.4,0.0,0.0,0.0,120.0,40.25,0.0,0.88,0.0,0.0,0.0,22.49,0.0,47.34,28.5,100.0,37.62
2018-01-13 16:30:00,2,1,62.74,85.0,55.0,40.8,40.26,59.14,0.0,0.0,0.0,45.0,40.4,0.0,0.0,0.0,120.0,40.26,0.0,0.88,0.0,0.0,0.0,22.47,0.0,47.38,28.55,100.0,37.64
2018-01-13 16:31:00,2,1,62.72,85.0,55.0,40.78,40.26,59.12,0.0,0.0,0.0,45.0,40.4,0.0,0.0,0.0,120.0,40.26,0.0,0.88,0.0,0.0,0.0,22.45,0.0,47.41,28.6,100.0,37.67
2018-01-13 16:32:00,2,1,62.69,85.0,55.0,40.76,40.26,59.09,0.0,0.0,0.0,45.0,40.4,0.0,0.0,0.0,120.0,40.26,0.0,0.88,0.0,0.0,0.0,22.43,0.0,47.45,28.66,100.0,37.69
2018-01-13 16:33:00,2,1,62.67,85.0,55.0,40.74,40.26,59.07,0.0,0.0,0.0,45.0,40.41,0.0,0.0,0.0,120.0,40.26,0.0,0.88,0.0,0.0,0.0,22.41,0.0,47.49,28.71,100.0,37.71
2018-01-13 16:34:00,2,1,62.65,85.0,55.0,40.72,40.26,59.05,0.0,0.0,0.0,45.0,40.41,0.0,0.0,0.0,120.0,40.26,0.0,0.88,0.0,0.0,0.0,22.39,0.0,47.53,28.76,100.0,37.73
2018-01-13 16:35:00,2,1,62.63,85.0,55.0,40.7,40.26,59.03,0.0,0.0,0.0,45.0,40.41,0.0,0.0,0.0,120.0,40.26,0.0,0.88,0.0,0.0,0.0,22.37,0.0,47.57,28.81,100.0,37.75
2018-01-13 16:36:00,2,1,62.6,85.0,55.0,40.68,40.26,59.0,0.0,0.0,0.0,45.0,40.41,0.0,0.0,0.0,120.0,40.26,0.0,0.88,0.0,0.0,0.0,22.35,0.0,47.6,28.87,100.0,37.77
2018-01-13 16:37:00,2,1,62.58,85.0,55.0,40.66,40.26,58.98,0.0,0.0,0.0,45.0,40.41,0.0,0.0,0.0,120.0,40.26,0.0,0.88,0.0,0.0,0.0,22.33,0.0,47.64,28.92,100.0,37.78
2018-01-13 16:38:00,2,1,62.56,85.0,55.0,40.64,40.27,58.96,0.0,0.0,0.0,45.0,40.41,0.0,0.0,0.0,120.0,40.27,0.0,0.88,0.0,0.0,0.0,22.31,0.0,47.68,28.97,100.0,37.8
2018-01-13 16:39:00,2,1,62.54,85.0,55.0,40.62,40.27,58.94,0.0,0.0,0.0,45.0,40.41,0.0,0.0,0.0,120.0,40.27,0.0,0.88,0.0,0.0,0.0,22.29,0.0,47.72,29.02,100.0,37.81
2018-01-13 16:40:00,2,1,62.51,85.0,55.0,40.59,40.27,58.91,0.0,0.0,0.0,45.0,40.41,0.0,0.0,0.0,120.0,40.27,0.0,0.88,0.0,0.0,0.0,22.28,0.0,47.76,29.07,100.0,37.82
2018-01-13 16:41:00,2,1,62.49,85.0,55.0,40.57,40.27,58.89,0.0,0.0,0.0,45.0,40.41,0.0,0.0,0.0,120.0,40.27,0.0,0.88,0.0,0.0,0.0,22.26,0.0,47.79,29.12,100.0,37.83
2018-01-13 16:42:00,2,1,62.47,85.0,55.0,40.55,40.27,58.87,0.0,0.0,0.0,45.0,40.41,0.0,0.0,0.0,120.0,40.27,0.0,0.88,0.0,0.0,0.0,22.24,0.0,47.83,29.18,100.0,37.85
2018-01-13 16:43:00,2,1,62.45,85.0,55.0,40.53,40.27,58.85,0.0,0.0,0.0,45.0,40.41,0.0,0.0,0.0,120.0,40.27,0.0,0.88,0.0,0.0,0.0,22.22,0.0,47.87,29.23,100.0,37.86
2018-01-13 16:44:00,2,1,62.42,85.0,55.0,40.51,40.27,58.82,0.0,0.0,0.0,45.0,40.41,0.0,0.0,0.0,120.0,40.27,0.0,0.88,0.0,0.0,0.0,22.2,0.0,47.9,29.28,100.0,37.87
2018-01-13 16:45:00,2,1,62.4,85.0,55.0,40.49,40.27,58.8,0.0,0.0,0.0,45.0,40.41,0.0,0.0,0.0,120.0,40.27,0.0,0.88,0.0,0.0,0.0,22.18,0.0,47.94,29.32,100.0,37.88
2018-01-13 16:46:00,2,1,62.38,85.0,55.0,40.47,40.28,58.78,0.0,0.0,0.0,45.0,40.41,0.0,0.0,0.0,120.0,40.28,0.0,0.88,0.0,0.0,0.0,22.16,0.0,47.98,29.37,100.0,37.9
2018-01-13 16:47:00,2,1,62.36,85.0,55.0,40.45,40.28,58.76,0.0,0.0,0.0,45.0,40.41,0.0,0.0,0.0,120.0,40.28,0.0,0.88,0.0,0.0,0.0,22.15,0.0,48.01,29.42,100.0,37.91
2018-01-13 16:48:00,2,1,62.33,85.0,55.0,40.43,40.28,58.73,0.0,0.0,0.0,45.0,40.41,0.0,0.0,0.0,120.0,40.28,0.0,0.88,0.0,0.0,0.0,22.13,0.0,48.05,29.47,100.0,37.92
2018-01-13 16:49:00,2,1,62.31,85.0,55.0,40.41,40.28,58.71,0.0,0.0,0.0,45.0,40.41,0.0,0.0,0.0,120.0,40.28,0.0,0.88,0.0,0.0,0.0,22.11,0.0,48.08,29.52,100.0,37.93
2018-01-13 16:50:00,2,1,62.29,85.0,55.0,40.39,40.28,58.69,0.0,0.0,0.0,45.0,40.41,0.0,0.0,0.0,120.0,40.28,0.0,0.88,0.0,0.0,0.0,22.09,0.0,48.12,29.56,100.0,37.94
2018-01-13 16:51:00,2,1,62.27,85.0,55.0,40.37,40.28,58.67,0.0,0.0,0.0,45.0,40.41,0.0,0.0,0.0,120.0,40.28,0.0,0.88,0.0,0.0,0.0,22.07,0.0,48.15,29.61,100.0,37.96
2018-01-13 16:52:00,2,1,62.25,85.0,55.0,40.35,40.28,58.65,0.0,0.0,0.0,45.0,40.41,0.0,0.0,0.0,120.0,40.28,0.0,0.88,0.0,0.0,0.0,22.06,0.0,48.19,29.65,100.0,37.97
2018-01-13 16:53:00,2,1,62.23,85.0,55.0,40.33,40.28,58.63,0.0,0.0,0.0,45.0,40.41,0.0,0.0,0.0,120.0,40.28,0.0,0.88,0.0,0.0,0.0,22.04,0.0,48.22,29.7,100.0,37.98
2018-01-13 16:54:00,2,1,62.2,85.0,55.0,40.31,40.28,58.6,0.0,0.0,0.0,45.0,40.41,0.0,0.0,0.0,120.0,40.28,0.0,0.88,0.0,0.0,0.0,22.02,0.0,48.25,29.74,100.0,37.99
2018-01-13 16:55:00,2,1,62.18,85.0,55.0,40.29,40.29,58.58,0.0,0.0,0.0,45.0,40.41,0.0,0.0,0.0,120.0,40.29,0.0,0.88,0.0,0.0,0.0,22.01,0.0,48.29,29.79,100.0,38.0
2018-01-13 16:56:00,2,1,62.16,85.0,55.0,40.28,40.29,58.56,0.0,0.0,0.0,45.0,40.41,0.0,0.0,0.0,120.0,40.29,0.0,0.88,0.0,0.0,0.0,21.99,0.0,48.32,29.83,100.0,38.01
2018-01-13 16:57:00,2,1,62.14,85.0,55.0,40.26,40.29,58.54,0.0,0.0,0.0,45.0,40.41,0.0,0.0,0.0,120.0,40.29,0.0,0.88,0.0,0.0,0.0,21.97,0.0,48.35,29.87,100.0,38.03
2018-01-13 16:58:00,2,1,62.12,85.0,55.0,40.24,40.29,58.52,0.0,0.0,0.0,45.0,40.41,0.0,0.0,0.0,120.0,40.29,0.0,0.88,0.0,0.0,0.0,21.96,0.0,48.38,29.91,100.0,38.04
2018-01-13 16:59:00,2,1,62.1,85.0,55.0,40.22,40.29,58.5,0.0,0.0,0.0,45.0,40.41,0.0,0.0,0.0,120.0,40.29,0.0,0.88,0.0,0.0,0.0,21.94,0.0,48.41,29.95,100.0,38.05
2018-01-13 17:00:00,2,1,62.08,85.0,55.0,40.2,40.29,58.48,0.0,0.0,0.0,45.0,40.41,0.0,0.0,0.0,120.0,40.29,0.0,0.88,0.0,0.0,0.0,21.93,0.0,48.44,29.99,100.0,38.06
2018-01-13 17:01:00,2,1,62.06,85.0,55.0,40.19,40.29,58.46,0.0,0.0,0.0,45.0,40.41,0.0,0.0,0.0,120.0,40.29,0.0,0.88,0.0,0.0,0.0,21.92,0.0,48.46,30.02,100.0,38.07
2018-01-13 17:02:00,2,1,62.04,85.0,55.0,40.17,40.29,58.44,0.0,0.0,0.0,45.0,40.41,0.0,0.0,0.0,120.0,40.29,0.0,0.88,0.0,0.0,0.0,21.91,0.0,48.48,30.04,100.0,38.08
2018-01-13 17:03:00,2,1,62.02,85.0,55.0,40.16,40.29,58.42,0.0,0.0,0.0,45.0,40.41,0.0,0.0,0.0,120.0,40.29,0.0,0.88,0.0,0.0,0.0,21.91,0.0,48.49,30.05,100.0,38.09
2018-01-13 17:04:00,2,1,62.0,85.0,55.0,40.15,40.29,58.4,0.0,0.0,0.0,45.0,40.41,0.0,0.0,0.0,120.0,40.29,0.0,0.88,0.0,0.0,0.0,21.9,0.0,48.5,30.06,100.0,38.09
2018-01-13 17:05:00,2,1,61.98,85.0,55.0,40.14,40.3,58.38,0.0,0.0,0.0,45.0,40.41,0.0,0.0,0.0,120.0,40.3,0.0,0.88,0.0,0.0,0.0,21.9,0.0,48.51,30.08,100.0,38.1
2018-01-13 17:06:00,2,1,61.97,85.0,55.0,40.13,40.3,58.37,0.0,0.0,0.0,45.0,40.41,0.0,0.0,0.0,120.0,40.3,0.0,0.88,0.0,0.0,0.0,21.89,0.0,48.51,30.09,100.0,38.11
2018-01-13 17:07:00,2,1,61.95,85.0,55.0,40.12,40.3,58.35,0.0,0.0,0.0,45.0,40.4,0.0,0.0,0.0,120.0,40.3,0.0,0.88,0.0,0.0,0.0,21.89,0.0,48.52,30.1,100.0,38.11
2018-01-13 17:08:00,2,1,61.94,85.0,55.0,40.11,40.3,58.34,0.0,0.0,0.0,45.0,40.4,0.0,0.0,0.0,120.0,40.3,0.0,0.88,0.0,0.0,0.0,21.88,0.0,48.53,30.11,100.0,38.12
2018-01-13 17:09:00,2,1,61.92,85.0,55.0,40.1,40.3,58.32,0.0,0.0,0.0,45.0,40.4,0.0,0.0,0.0,120.0,40.3,0.0,0.88,0.0,0.0,0.0,21.88,0.0,48.53,30.12,100.0,38.12
2018-01-13 17:10:00,2,1,61.91,85.0,55.0,40.09,40.3,58.31,0.0,0.0,0.0,45.0,40.4,0.0,0.0,0.0,120.0,40.3,0.0,0.88,0.0,0.0,0.0,21.88,0.0,48.54,30.13,100.0,38.12
2018-01-13 17:11:00,2,1,61.89,85.0,55.0,40.08,40.3,58.29,0.0,0.0,0.0,45.0,40.4,0.0,0.0,0.0,120.0,40.3,0.0,0.88,0.0,0.0,0.0,21.87,0.0,48.54,30.14,100.0,38.13
2018-01-13 17:12:00,2,1,61.88,85.0,55.0,40.07,40.3,58.28,0.0,0.0,0.0,45.0,40.4,0.0,0.0,0.0,120.0,40.3,0.0,0.88,0.0,0.0,0.0,21.87,0.0,48.55,30.15,100.0,38.13
2018-01-13 17:13:00,2,1,61.87,85.0,55.0,40.07,40.3,58.27,0.0,0.0,0.0,45.0,40.4,0.0,0.0,0.0,120.0,40.3,0.0,0.88,0.0,0.0,0.0,21.87,0.0,48.55,30.16,100.0,38.13
2018-01-13 17:14:00,2,1,61.85,85.0,55.0,40.06,40.3,58.25,0.0,0.0,0.0,45.0,40.4,0.0,0.0,0.0,120.0,40.3,0.0,0.88,0.0,0.0,0.0,21.86,0.0,48.55,30.17,100.0,38.13
2018-01-13 17:15:00,2,1,61.84,85.0,55.0,40.05,40.3,58.24,0.0,0.0,0.0,45.0,40.4,0.0,0.0,0.0,120.0,40.3,0.0,0.88,0.0,0.0,0.0,21.86,0.0,48.55,30.17,100.0,38.14
2018-01-13 17:16:00,2,1,61.83,85.0,55.0,40.04,40.31,58.23,0.0,0.0,0.0,45.0,40.4,0.0,0.0,0.0,120.0,40.31,0.0,0.88,0.0,0.0,0.0,21.86,0.0,48.55,30.18,100.0,38.14
2018-01-13 17:17:00,2,1,61.82,85.0,55.0,40.04,40.31,58.22,0.0,0.0,0.0,45.0,40.4,0.0,0.0,0.0,120.0,40.31,0.0,0.88,0.0,0.0,0.0,21.86,0.0,48.55,30.18,100.0,38.14
2018-01-13 17:18:00,2,1,61.8,85.0,55.0,40.03,40.31,58.2,0.0,0.0,0.0,45.0,40.4,0.0,0.0,0.0,120.0,40.31,0.0,0.88,0.0,0.0,0.0,21.86,0.0,48.55,30.19,100.0,38.14
2018-01-13 17:19:00,2,1,61.79,85.0,55.0,40.02,40.31,58.19,0.0,0.0,0.0,45.0,40.39,0.0,0.0,0.0,120.0,40.31,0.0,0.88,0.0,0.0,0.0,21.86,0.0,48.55,30.19,100.0,38.14
2018-01-13 17:20:00,2,1,61.78,85.0,55.0,40.02,40.31,58.18,0.0,0.0,0.0,45.0,40.39,0.0,0.0,0.0,120.0,40.31,0.0,0.88,0.0,0.0,0.0,21.85,0.0,48.54,30.19,100.0,38.14
2018-01-13 17:21:00,2,1,61.77,85.0,55.0,40.01,40.31,58.17,0.0,0.0,0.0,45.0,40.39,0.0,0.0,0.0,120.0,40.31,0.0,0.88,0.0,0.0,0.0,21.85,0.0,48.54,30.2,100.0,38.14
2018-01-13 17:22:00,2,1,61.76,85.0,55.0,40.01,40.31,58.16,0.0,0.0,0.0,45.0,40.39,0.0,0.0,0.0,120.0,40.31,0.0,0.88,0.0,0.0,0.0,21.85,0.0,48.54,30.2,100.0,38.13
2018-01-13 17:23:00,2,1,61.75,85.0,55.0,40.0,40.31,58.15,0.0,0.0,0.0,45.0,40.39,0.0,0.0,0.0,120.0,40.31,0.0,0.88,0.0,0.0,0.0,21.85,0.0,48.53,30.2,100.0,38.13
2018-01-13 17:24:00,2,1,61.74,85.0,55.0,40.0,40.31,58.14,0.0,0.0,0.0,45.0,40.39,0.0,0.0,0.0,120.0,40.31,0.0,0.88,0.0,0.0,0.0,21.85,0.0,48.53,30.2,100.0,38.13
2018-01-13 17:25:00,2,1,61.73,85.0,55.0,39.99,40.31,58.13,0.0,0.0,0.0,45.0,40.39,0.0,0.0,0.0,120.0,40.31,0.0,0.88,0.0,0.0,0.0,21.85,0.0,48.52,30.2,100.0,38.13
2018-01-13 17:26:00,2,1,61.72,85.0,55.0,39.99,40.31,58.12,0.0,0.0,0.0,45.0,40.39,0.0,0.0,0.0,120.0,40.31,0.0,0.88,0.0,0.0,0.0,21.85,0.0,48.52,30.2,100.0,38.13
2018-01-13 17:27:00,2,1,61.71,85.0,55.0,39.98,40.31,58.11,0.0,0.0,0.0,45.0,40.39,0.0,0.0,0.0,120.0,40.31,0.0,0.88,0.0,0.0,0.0,21.85,0.0,48.51,30.2,100.0,38.12
2018-01-13 17:28:00,2,1,61.7,85.0,55.0,39.98,40.31,58.1,0.0,0.0,0.0,45.0,40.39,0.0,0.0,0.0,120.0,40.31,0.0,0.88,0.0,0.0,0.0,21.85,0.0,48.5,30.2,100.0,38.12
2018-01-13 17:29:00,2,1,61.7,85.0,55.0,39.97,40.31,58.1,0.0,0.0,0.0,45.0,40.38,0.0,0.0,0.0,120.0,40.31,0.0,0.88,0.0,0.0,0.0,21.85,0.0,48.5,30.2,100.0,38.12
2018-01-13 17:30:00,2,1,61.69,85.0,55.0,39.97,40.32,58.09,0.0,0.0,0.0,45.0,40.38,0.0,0.0,0.0,120.0,40.32,0.0,0.88,0.0,0.0,0.0,21.85,0.0,48.49,30.2,100.0,38.11
2018-01-13 17:31:00,2,1,61.68,85.0,55.0,39.97,40.32,58.08,0.0,0.0,0.0,45.0,40.38,0.0,0.0,0.0,120.0,40.32,0.0,0.88,0.0,0.0,0.0,21.85,0.0,48.48,30.2,100.0,38.11
2018-01-13 17:32:00,2,1,61.67,85.0,55.0,39.96,40.32,58.07,0.0,0.0,0.0,45.0,40.38,0.0,0.0,0.0,120.0,40.32,0.0,0.88,0.0,0.0,0.0,21.85,0.0,48.47,30.19,100.0,38.1
2018-01-13 17:33:00,2,1,61.66,85.0,55.0,39.96,40.32,58.06,0.0,0.0,0.0,45.0,40.38,0.0,0.0,0.0,120.0,40.32,0.0,0.88,0.0,0.0,0.0,21.85,0.0,48.46,30.19,100.0,38.1
2018-01-13 17:34:00,2,1,61.66,85.0,55.0,39.96,40.32,58.06,0.0,0.0,0.0,45.0,40.38,0.0,0.0,0.0,120.0,40.32,0.0,0.88,0.0,0.0,0.0,21.86,0.0,48.45,30.19,100.0,38.09
2018-01-13 17:35:00,2,1,61.65,85.0,55.0,39.95,40.32,58.05,0.0,0.0,0.0,45.0,40.38,0.0,0.0,0.0,120.0,40.32,0.0,0.88,0.0,0.0,0.0,21.86,0.0,48.44,30.18,100.0,38.09
2018-01-13 17:36:00,2,1,61.64,85.0,55.0,39.95,40.32,58.04,0.0,0.0,0.0,45.0,40.38,0.0,0.0,0.0,120.0,40.32,0.0,0.88,0.0,0.0,0.0,21.86,0.0,48.43,30.18,100.0,38.08
2018-01-13 17:37:00,2,1,61.63,85.0,55.0,39.95,40.32,58.03,0.0,0.0,0.0,45.0,40.38,0.0,0.0,0.0,120.0,40.32,0.0,0.88,0.0,0.0,0.0,21.86,0.0,48.42,30.18,100.0,38.08
2018-01-13 17:38:00,2,1,61.63,85.0,55.0,39.94,40.32,58.03,0.0,0.0,0.0,45.0,40.37,0.0,0.0,0.0,120.0,40.32,0.0,0.88,0.0,0.0,0.0,21.86,0.0,48.41,30.17,100.0,38.07
2018-01-13 17:39:00,2,1,61.62,85.0,55.0,39.94,40.32,58.02,0.0,0.0,0.0,45.0,40.37,0.0,0.0,0.0,120.0,40.32,0.0,0.88,0.0,0.0,0.0,21.86,0.0,48.4,30.17,100.0,38.07
2018-01-13 17:40:00,2,1,61.61,85.0,55.0,39.94,40.32,58.01,0.0,0.0,0.0,45.0,40.37,0.0,0.0,0.0,120.0,40.32,0.0,0.88,0.0,0.0,0.0,21.87,0.0,48.39,30.16,100.0,38.06
2018-01-13 17:41:00,2,1,61.61,85.0,55.0,39.94,40.32,58.01,0.0,0.0,0.0,45.0,40.37,0.0,0.0,0.0,120.0,40.32,0.0,0.88,0.0,0.0,0.0,21.87,0.0,48.37,30.16,100.0,38.06
2018-01-13 17:42:00,2,1,61.6,85.0,55.0,39.94,40.32,58.0,0.0,0.0,0.0,45.0,40.37,0.0,0.0,0.0,120.0,40.32,0.0,0.88,0.0,0.0,0.0,21.87,0.0,48.36,30.15,100.0,38.05
2018-01-13 17:43:00,2,1,61.6,85.0,55.0,39.93,40.32,58.0,0.0,0.0,0.0,45.0,40.37,0.0,0.0,0.0,120.0,40.32,0.0,0.88,0.0,0.0,0.0,21.87,0.0,48.35,30.14,100.0,38.04
2018-01-13 17:44:00,2,1,61.59,85.0,55.0,39.93,40.32,57.99,0.0,0.0,0.0,45.0,40.37,0.0,0.0,0.0,120.0,40.32,0.0,0.88,0.0,0.0,0.0,21.87,0.0,48.34,30.14,100.0,38.04
2018-01-13 17:45:00,2,1,61.58,85.0,55.0,39.93,40.32,57.98,0.0,0.0,0.0,45.0,40.37,0.0,0.0,0.0,120.0,40.32,0.0,0.88,0.0,0.0,0.0,21.88,0.0,48.32,30.13,100.0,38.03
2018-01-13 17:46:00,2,1,61.58,85.0,55.0,39.93,40.32,57.98,0.0,0.0,0.0,45.0,40.37,0.0,0.0,0.0,120.0,40.32,0.0,0.88,0.0,0.0,0.0,21.88,0.0,48.31,30.12,100.0,38.02
2018-01-13 17:47:00,2,1,61.57,85.0,55.0,39.93,40.32,57.97,0.0,0.0,0.0,45.0,40.36,0.0,0.0,0.0,120.0,40.32,0.0,0.88,0.0,0.0,0.0,21.88,0.0,48.3,30.12,100.0,38.01
2018-01-13 17:48:00,2,1,61.57,85.0,55.0,39.93,40.32,57.97,0.0,0.0,0.0,45.0,40.36,0.0,0.0,0.0,120.0,40.32,0.0,0.88,0.0,0.0,0.0,21.88,0.0,48.28,30.11,100.0,38.01
2018-01-13 17:49:00,2,1,61.56,85.0,55.0,39.92,40.32,57.96,0.0,0.0,0.0,45.0,40.36,0.0,0.0,0.0,120.0,40.32,0.0,0.88,0.0,0.0,0.0,21.89,0.0,48.27,30.1,100.0,38.0
2018-01-13 17:50:00,2,1,61.56,85.0,55.0,39.92,40.32,57.96,0.0,0.0,0.0,45.0,40.36,0.0,0.0,0.0,120.0,40.32,0.0,0.88,0.0,0.0,0.0,21.89,0.0,48.25,30.1,100.0,37.99
2018-01-13 17:51:00,2,1,61.55,85.0,55.0,39.92,40.32,57.95,0.0,0.0,0.0,45.0,40.36,0.0,0.0,0.0,120.0,40.32,0.0,0.88,0.0,0.0,0.0,21.89,0.0,48.24,30.09,100.0,37.98
2018-01-13 17:52:00,2,1,61.55,85.0,55.0,39.92,40.33,57.95,0.0,0.0,0.0,45.0,40.36,0.0,0.0,0.0,120.0,40.33,0.0,0.88,0.0,0.0,0.0,21.9,0.0,48.22,30.08,100.0,37.98
2018-01-13 17:53:00,2,1,61.54,85.0,55.0,39.92,40.33,57.94,0.0,0.0,0.0,45.0,40.36,0.0,0.0,0.0,120.0,40.33,0.0,0.88,0.0,0.0,0.0,21.9,0.0,48.21,30.07,100.0,37.97
2018-01-13 17:54:00,2,1,61.54,85.0,55.0,39.92,40.33,57.94,0.0,0.0,0.0,45.0,40.36,0.0,0.0,0.0,120.0,40.33,0.0,0.88,0.0,0.0,0.0,21.9,0.0,48.19,30.06,100.0,37.96
2018-01-13 17:55:00,2,1,61.53,85.0,55.0,39.92,40.33,57.93,0.0,0.0,0.0,45.0,40.36,0.0,0.0,0.0,120.0,40.33,0.0,0.88,0.0,0.0,0.0,21.9,0.0,48.18,30.06,100.0,37.95
2018-01-13 17:56:00,2,1,61.53,85.0,55.0,39.92,40.33,57.93,0.0,0.0,0.0,45.0,40.35,0.0,0.0,0.0,120.0,40.33,0.0,0.88,0.0,0.0,0.0,21.91,0.0,48.16,30.05,100.0,37.94
2018-01-13 17:57:00,2,1,61.52,85.0,55.0,39.92,40.33,57.92,0.0,0.0,0.0,45.0,40.35,0.0,0.0,0.0,120.0,40.33,0.0,0.88,0.0,0.0,0.0,21.91,0.0,48.15,30.04,100.0,37.94
2018-01-13 17:58:00,2,1,61.52,85.0,55.0,39.92,40.33,57.92,0.0,0.0,0.0,45.0,40.35,0.0,0.0,0.0,120.0,40.33,0.0,0.88,0.0,0.0,0.0,21.91,0.0,48.13,30.03,100.0,37.93
2018-01-13 17:59:00,2,1,61.52,85.0,55.0,39.92,40.33,57.92,0.0,0.0,0.0,45.0,40.35,0.0,0.0,0.0,120.0,40.33,0.0,0.88,0.0,0.0,0.0,21.92,0.0,48.12,30.02,100.0,37.92
2018-01-13 18:00:00,2,1,61.51,85.0,55.0,39.92,40.33,57.91,0.0,0.0,0.0,45.0,40.35,0.0,0.0,0.0,120.0,40.33,0.0,0.88,0.0,0.0,0.0,21.92,0.0,48.1,30.01,100.0,37.91
2018-01-13 18:01:00,2,1,61.51,85.0,55.0,39.91,40.33,57.91,0.0,0.0,0.0,45.0,40.35,0.0,0.0,0.0,120.0,40.33,0.0,0.88,0.0,0.0,0.0,21.92,0.0,48.09,30.01,100.0,37.9
2018-01-13 18:02:00,2,1,61.5,85.0,55.0,39.91,40.33,57.9,0.0,0.0,0.0,45.0,40.35,0.0,0.0,0.0,120.0,40.33,0.0,0.88,0.0,0.0,0.0,21.92,0.0,48.08,30.01,100.0,37.89
2018-01-13 18:03:00,2,1,61.5,85.0,55.0,39.91,40.33,57.9,0.0,0.0,0.0,45.0,40.35,0.0,0.0,0.0,120.0,40.33,0.0,0.88,0.0,0.0,0.0,21.92,0.0,48.07,30.01,100.0,37.88
2018-01-13 18:04:00,2,1,61.49,85.0,55.0,39.91,40.33,57.89,0.0,0.0,0.0,45.0,40.35,0.0,0.0,0.0,120.0,40.33,0.0,0.88,0.0,0.0,0.0,21.92,0.0,48.06,30.01,100.0,37.88
2018-01-13 18:05:00,2,1,61.49,85.0,55.0,39.9,40.33,57.89,0.0,0.0,0.0,45.0,40.34,0.0,0.0,0.0,120.0,40.33,0.0,0.88,0.0,0.0,0.0,21.92,0.0,48.05,30.01,100.0,37.87
2018-01-13 18:06:00,2,1,61.48,85.0,55.0,39.9,40.33,57.88,0.0,0.0,0.0,45.0,40.34,0.0,0.0,0.0,120.0,40.33,0.0,0.88,0.0,0.0,0.0,21.92,0.0,48.04,30.01,100.0,37.86
2018-01-13 18:07:00,2,1,61.48,85.0,55.0,39.9,40.33,57.88,0.0,0.0,0.0,45.0,40.34,0.0,0.0,0.0,120.0,40.33,0.0,0.88,0.0,0.0,0.0,21.92,0.0,48.03,30.01,100.0,37.85
2018-01-13 18:08:00,2,1,61.47,85.0,55.0,39.9,40.33,57.87,0.0,0.0,0.0,45.0,40.34,0.0,0.0,0.0,120.0,40.33,0.0,0.88,0.0,0.0,0.0,21.92,0.0,48.02,30.01,100.0,37.84
2018-01-13 18:09:00,2,1,61.47,85.0,55.0,39.89,40.33,57.87,0.0,0.0,0.0,45.0,40.34,0.0,0.0,0.0,120.0,40.33,0.0,0.88,0.0,0.0,0.0,21.92,0.0,48.01,30.01,100.0,37.84
2018-01-13 18:10:00,2,1,61.46,85.0,55.0,39.89,40.33,57.86,0.0,0.0,0.0,45.0,40.34,0.0,0.0,0.0,120.0,40.33,0.0,0.88,0.0,0.0,0.0,21.92,0.0,48.0,30.01,100.0,37.83
2018-01-13 18:11:00,2,1,61.46,85.0,55.0,39.89,40.33,57.86,0.0,0.0,0.0,45.0,40.34,0.0,0.0,0.0,120.0,40.33,0.0,0.88,0.0,0.0,0.0,21.92,0.0,47.99,30.01,100.0,37.82
2018-01-13 18:12:00,2,1,61.45,85.0,55.0,39.89,40.33,57.85,0.0,0.0,0.0,45.0,40.34,0.0,0.0,0.0,120.0,40.33,0.0,0.88,0.0,0.0,0.0,21.92,0.0,47.98,30.01,100.0,37.81
2018-01-13 18:13:00,2,1,61.45,85.0,55.0,39.88,40.33,57.85,0.0,0.0,0.0,45.0,40.34,0.0,0.0,0.0,120.0,40.33,0.0,0.88,0.0,0.0,0.0,21.92,0.0,47.97,30.01,100.0,37.81
2018-01-13 18:14:00,2,1,61.44,85.0,55.0,39.88,40.33,57.84,0.0,0.0,0.0,45.0,40.33,0.0,0.0,0.0,120.0,40.33,0.0,0.88,0.0,0.0,0.0,21.92,0.0,47.97,30.01,100.0,37.8
2018-01-13 18:15:00,2,1,61.44,85.0,55.0,39.88,40.33,57.84,0.0,0.0,0.0,45.0,40.33,0.0,0.0,0.0,120.0,40.33,0.0,0.88,0.0,0.0,0.0,21.92,0.0,47.96,30.01,100.0,37.79
2018-01-13 18:16:00,2,1,61.43,85.0,55.0,39.88,40.33,57.83,0.0,0.0,0.0,45.0,40.33,0.0,0.0,0.0,120.0,40.33,0.0,0.88,0.0,0.0,0.0,21.92,0.0,47.95,30.01,100.0,37.78
2018-01-13 18:17:00,2,1,61.43,85.0,55.0,39.87,40.33,57.83,0.0,0.0,0.0,45.0,40.33,0.0,0.0,0.0,120.0,40.33,0.0,0.88,0.0,0.0,0.0,21.92,0.0,47.94,30.01,100.0,37.78
2018-01-13 18:18:00,2,1,61.42,85.0,55.0,39.87,40.33,57.82,0.0,0.0,0.0,45.0,40.33,0.0,0.0,0.0,120.0,40.33,0.0,0.88,0.0,0.0,0.0,21.92,0.0,47.93,30.01,100.0,37.77
2018-01-13 18:19:00,2,1,61.42,85.0,55.0,39.87,40.33,57.82,0.0,0.0,0.0,45.0,40.33,0.0,0.0,0.0,120.0,40.33,0.0,0.88,0.0,0.0,0.0,21.92,0.0,47.92,30.01,100.0,37.76
2018-01-13 18:20:00,2,1,61.41,85.0,55.0,39.87,40.33,57.81,0.0,0.0,0.0,45.0,40.33,0.0,0.0,0.0,120.0,40.33,0.0,0.88,0.0,0.0,0.0,21.92,0.0,47.91,30.01,100.0,37.76
2018-01-13 18:21:00,2,1,61.41,85.0,55.0,39.86,40.33,57.81,0.0,0.0,0.0,45.0,40.33,0.0,0.0,0.0,120.0,40.33,0.0,0.88,0.0,0.0,0.0,21.92,0.0,47.9,30.01,100.0,37.75
2018-01-13 18:22:00,2,1,61.4,85.0,55.0,39.86,40.33,57.8,0.0,0.0,0.0,45.0,40.32,0.0,0.0,0.0,120.0,40.33,0.0,0.88,0.0,0.0,0.0,21.92,0.0,47.89,30.01,100.0,37.74
2018-01-13 18:23:00,2,1,61.4,85.0,55.0,39.86,40.33,57.8,0.0,0.0,0.0,45.0,40.32,0.0,0.0,0.0,120.0,40.33,0.0,0.88,0.0,0.0,0.0,21.92,0.0,47.88,30.01,100.0,37.73
2018-01-13 18:24:00,2,1,61.39,85.0,55.0,39.85,40.33,57.79,0.0,0.0,0.0,45.0,40.32,0.0,0.0,0.0,120.0,40.33,0.0,0.88,0.0,0.0,0.0,21.92,0.0,47.87,30.01,100.0,37.73
2018-01-13 18:25:00,2,1,61.38,85.0,55.0,39.85,40.33,57.78,0.0,0.0,0.0,45.0,40.32,0.0,0.0,0.0,120.0,40.33,0.0,0.88,0.0,0.0,0.0,21.92,0.0,47.87,30.01,100.0,37.72
2018-01-13 18:26:00,2,1,61.38,85.0,55.0,39.85,40.33,57.78,0.0,0.0,0.0,45.0,40.32,0.0,0.0,0.0,120.0,40.33,0.0,0.88,0.0,0.0,0.0,21.92,0.0,47.86,30.01,100.0,37.71
2018-01-13 18:27:00,2,1,61.37,85.0,55.0,39.85,40.33,57.77,0.0,0.0,0.0,45.0,40.32,0.0,0.0,0.0,120.0,40.33,0.0,0.88,0.0,0.0,0.0,21.92,0.0,47.85,30.01,100.0,37.71
2018-01-13 18:28:00,2,1,61.37,85.0,55.0,39.84,40.33,57.77,0.0,0.0,0.0,45.0,40.32,0.0,0.0,0.0,120.0,40.33,0.0,0.88,0.0,0.0,0.0,21.92,0.0,47.84,30.01,100.0,37.7
2018-01-13 18:29:00,2,1,61.36,85.0,55.0,39.84,40.33,57.76,0.0,0.0,0.0,45.0,40.32,0.0,0.0,0.0,120.0,40.33,0.0,0.88,0.0,0.0,0.0,21.92,0.0,47.83,30.01,100.0,37.69
2018-01-13 18:30:00,2,1,61.36,85.0,55.0,39.84,40.33,57.76,0.0,0.0,0.0,45.0,40.31,0.0,0.0,0.0,120.0,40.33,0.0,0.88,0.0,0.0,0.0,21.92,0.0,47.82,30.01,100.0,37.68
2018-01-13 18:31:00,2,1,61.35,85.0,55.0,39.84,40.33,57.75,0.0,0.0,0.0,45.0,40.31,0.0,0.0,0.0,120.0,40.33,0.0,0.88,0.0,0.0,0.0,21.92,0.0,47.81,30.01,100.0,37.68
2018-01-13 18:32:00,2,1,61.35,85.0,55.0,39.83,40.33,57.75,0.0,0.0,0.0,45.0,40.31,0.0,0.0,0.0,120.0,40.33,0.0,0.88,0.0,0.0,0.0,21.92,0.0,47.8,30.01,100.0,37.67
2018-01-13 18:33:00,2,1,61.34,85.0,55.0,39.83,40.33,57.74,0.0,0.0,0.0,45.0,40.31,0.0,0.0,0.0,120.0,40.33,0.0,0.88,0.0,0.0,0.0,21.92,0.0,47.79,30.01,100.0,37.66
2018-01-13 18:34:00,2,1,61.34,85.0,55.0,39.83,40.33,57.74,0.0,0.0,0.0,45.0,40.31,0.0,0.0,0.0,120.0,40.33,0.0,0.88,0.0,0.0,0.0,21.92,0.0,47.78,30.01,100.0,37.66
2018-01-13 18:35:00,2,1,61.33,85.0,55.0,39.83,40.33,57.73,0.0,0.0,0.0,45.0,40.31,0.0,0.0,0.0,120.0,40.33,0.0,0.88,0.0,0.0,0.0,21.92,0.0,47.78,30.01,100.0,37.65
2018-01-13 18:36:00,2,1,61.33,85.0,55.0,39.82,40.33,57.73,0.0,0.0,0.0,45.0,40.31,0.0,0.0,0.0,120.0,40.33,0.0,0.88,0.0,0.0,0.0,21.92,0.0,47.77,30.01,100.0,37.64
2018-01-13 18:37:00,2,1,61.32,85.0,55.0,39.82,40.33,57.72,0.0,0.0,0.0,45.0,40.31,0.0,0.0,0.0,120.0,40.33,0.0,0.88,0.0,0.0,0.0,21.92,0.0,47.76,30.01,100.0,37.63
2018-01-13 18:38:00,2,1,61.31,85.0,55.0,39.82,40.33,57.71,0.0,0.0,0.0,45.0,40.31,0.0,0.0,0.0,120.0,40.33,0.0,0.88,0.0,0.0,0.0,21.92,0.0,47.75,30.01,100.0,37.63
2018-01-13 18:39:00,2,1,61.31,85.0,55.0,39.81,40.33,57.71,0.0,0.0,0.0,45.0,40.3,0.0,0.0,0.0,120.0,40.33,0.0,0.88,0.0,0.0,0.0,21.92,0.0,47.74,30.01,100.0,37.62
2018-01-13 18:40:00,2,1,61.3,85.0,55.0,39.81,40.33,57.7,0.0,0.0,0.0,45.0,40.3,0.0,0.0,0.0,120.0,40.33,0.0,0.88,0.0,0.0,0.0,21.92,0.0,47.73,30.01,100.0,37.61
2018-01-13 18:41:00,2,1,61.3,85.0,55.0,39.81,40.33,57.7,0.0,0.0,0.0,45.0,40.3,0.0,0.0,0.0,120.0,40.33,0.0,0.88,0.0,0.0,0.0,21.92,0.0,47.72,30.01,100.0,37.61
2018-01-13 18:42:00,2,1,61.29,85.0,55.0,39.81,40.33,57.69,0.0,0.0,0.0,45.0,40.3,0.0,0.0,0.0,120.0,40.33,0.0,0.88,0.0,0.0,0.0,21.92,0.0,47.71,30.01,100.0,37.6
2018-01-13 18:43:00,2,1,61.29,85.0,55.0,39.8,40.33,57.69,0.0,0.0,0.0,45.0,40.3,0.0,0.0,0.0,120.0,40.33,0.0,0.88,0.0,0.0,0.0,21.92,0.0,47.7,30.01,100.0,37.59
2018-01-13 18:44:00,2,1,61.28,85.0,55.0,39.8,40.33,57.68,0.0,0.0,0.0,45.0,40.3,0.0,0.0,0.0,120.0,40.33,0.0,0.88,0.0,0.0,0.0,21.92,0.0,47.69,30.01,100.0,37.58
2018-01-13 18:45:00,2,1,61.28,85.0,55.0,39.8,40.33,57.68,0.0,0.0,0.0,45.0,40.3,0.0,0.0,0.0,120.0,40.33,0.0,0.88,0.0,0.0,0.0,21.92,0.0,47.69,30.01,100.0,37.58
2018-01-13 18:46:00,2,1,61.27,85.0,55.0,39.8,40.33,57.67,0.0,0.0,0.0,45.0,40.29,0.0,0.0,0.0,120.0,40.33,0.0,0.88,0.0,0.0,0.0,21.92,0.0,47.68,30.01,100.0,37.57
2018-01-13 18:47:00,2,1,61.27,85.0,55.0,39.79,40.32,57.67,0.0,0.0,0.0,45.0,40.29,0.0,0.0,0.0,120.0,40.32,0.0,0.88,0.0,0.0,0.0,21.92,0.0,47.67,30.01,100.0,37.56
2018-01-13 18:48:00,2,1,61.26,85.0,55.0,39.79,40.32,57.66,0.0,0.0,0.0,45.0,40.29,0.0,0.0,0.0,120.0,40.32,0.0,0.88,0.0,0.0,0.0,21.92,0.0,47.66,30.01,100.0,37.55
2018-01-13 18:49:00,2,1,61.26,85.0,55.0,39.79,40.32,57.66,0.0,0.0,0.0,45.0,40.29,0.0,0.0,0.0,120.0,40.32,0.0,0.88,0.0,0.0,0.0,21.92,0.0,47.65,30.01,100.0,37.55
2018-01-13 18:50:00,2,1,61.25,85.0,55.0,39.79,40.32,57.65,0.0,0.0,0.0,45.0,40.29,0.0,0.0,0.0,120.0,40.32,0.0,0.88,0.0,0.0,0.0,21.92,0.0,47.64,30.01,100.0,37.54
2018-01-13 18:51:00,2,1,61.25,85.0,55.0,39.78,40.32,57.65,0.0,0.0,0.0,45.0,40.29,0.0,0.0,0.0,120.0,40.32,0.0,0.88,0.0,0.0,0.0,21.92,0.0,47.63,30.01,100.0,37.53
2018-01-13 18:52:00,2,1,61.24,85.0,55.0,39.78,40.32,57.64,0.0,0.0,0.0,45.0,40.29,0.0,0.0,0.0,120.0,40.32,0.0,0.88,0.0,0.0,0.0,21.92,0.0,47.62,30.01,100.0,37.53
2018-01-13 18:53:00,2,1,61.24,85.0,55.0,39.78,40.32,57.64,0.0,0.0,0.0,45.0,40.29,0.0,0.0,0.0,120.0,40.32,0.0,0.88,0.0,0.0,0.0,21.92,0.0,47.61,30.01,100.0,37.52
2018-01-13 18:54:00,2,1,61.23,85.0,55.0,39.77,40.32,57.63,0.0,0.0,0.0,45.0,40.28,0.0,0.0,0.0,120.0,40.32,0.0,0.88,0.0,0.0,0.0,21.92,0.0,47.6,30.01,100.0,37.51
2018-01-13 18:55:00,2,1,61.22,85.0,55.0,39.77,40.32,57.62,0.0,0.0,0.0,45.0,40.28,0.0,0.0,0.0,120.0,40.32,0.0,0.88,0.0,0.0,0.0,21.92,0.0,47.59,30.01,100.0,37.5
2018-01-13 18:56:00,2,1,61.22,85.0,55.0,39.77,40.32,57.62,0.0,0.0,0.0,45.0,40.28,0.0,0.0,0.0,120.0,40.32,0.0,0.88,0.0,0.0,0.0,21.92,0.0,47.59,30.01,100.0,37.5
2018-01-13 18:57:00,2,1,61.21,85.0,55.0,39.77,40.32,57.61,0.0,0.0,0.0,45.0,40.28,0.0,0.0,0.0,120.0,40.32,0.0,0.88,0.0,0.0,0.0,21.92,0.0,47.58,30.01,100.0,37.49
2018-01-13 18:58:00,2,1,61.21,85.0,55.0,39.76,40.32,57.61,0.0,0.0,0.0,45.0,40.28,0.0,0.0,0.0,120.0,40.32,0.0,0.88,0.0,0.0,0.0,21.92,0.0,47.57,30.01,100.0,37.48
2018-01-13 18:59:00,2,1,61.2,85.0,55.0,39.76,40.32,57.6,0.0,0.0,0.0,45.0,40.28,0.0,0.0,0.0,120.0,40.32,0.0,0.88,0.0,0.0,0.0,21.92,0.0,47.56,30.01,100.0,37.47
2018-01-13 19:00:00,2,1,61.2,85.0,55.0,39.76,40.32,57.6,0.0,0.0,0.0,45.0,40.28,0.0,0.0,0.0,120.0,40.32,0.0,0.88,0.0,0.0,0.0,21.92,0.0,47.55,30.01,100.0,37.47
2018-01-13 19:01:00,2,1,61.19,85.0,55.0,39.76,40.32,57.59,0.0,0.0,0.0,45.0,40.28,0.0,0.0,0.0,120.0,40.32,0.0,0.88,0.0,0.0,0.0,21.92,0.0,47.54,30.01,100.0,37.46
2018-01-13 19:02:00,2,1,61.19,85.0,55.0,39.75,40.32,57.59,0.0,0.0,0.0,45.0,40.27,0.0,0.0,0.0,120.0,40.32,0.0,0.88,0.0,0.0,0.0,21.92,0.0,47.53,30.0,100.0,37.45
2018-01-13 19:03:00,2,1,61.18,85.0,55.0,39.75,40.32,57.58,0.0,0.0,0.0,45.0,40.27,0.0,0.0,0.0,120.0,40.32,0.0,0.88,0.0,0.0,0.0,21.92,0.0,47.52,30.0,100.0,37.45
2018-01-13 19:04:00,2,1,61.18,85.0,55.0,39.75,40.32,57.58,0.0,0.0,0.0,45.0,40.27,0.0,0.0,0.0,120.0,40.32,0.0,0.88,0.0,0.0,0.0,21.92,0.0,47.51,29.99,100.0,37.44
2018-01-13 19:05:00,2,1,61.17,85.0,55.0,39.75,40.32,57.57,0.0,0.0,0.0,45.0,40.27,0.0,0.0,0.0,120.0,40.32,0.0,0.88,0.0,0.0,0.0,21.92,0.0,47.5,29.99,100.0,37.43
2018-01-13 19:06:00,2,1,61.17,85.0,55.0,39.74,40.32,57.57,0.0,0.0,0.0,45.0,40.27,0.0,0.0,0.0,120.0,40.32,0.0,0.88,0.0,0.0,0.0,21.92,0.0,47.48,29.98,100.0,37.42
2018-01-13 19:07:00,2,1,61.16,85.0,55.0,39.74,40.32,57.56,0.0,0.0,0.0,45.0,40.27,0.0,0.0,0.0,120.0,40.32,0.0,0.88,0.0,0.0,0.0,21.92,0.0,47.47,29.98,100.0,37.42
2018-01-13 19:08:00,2,1,61.16,85.0,55.0,39.74,40.32,57.56,0.0,0.0,0.0,45.0,40.27,0.0,0.0,0.0,120.0,40.32,0.0,0.88,0.0,0.0,0.0,21.92,0.0,47.46,29.97,100.0,37.41
2018-01-13 19:09:00,2,1,61.15,85.0,55.0,39.74,40.32,57.55,0.0,0.0,0.0,45.0,40.26,0.0,0.0,0.0,120.0,40.32,0.0,0.88,0.0,0.0,0.0,21.92,0.0,47.45,29.96,100.0,37.4
2018-01-13 19:10:00,2,1,61.15,85.0,55.0,39.73,40.32,57.55,0.0,0.0,0.0,45.0,40.26,0.0,0.0,0.0,120.0,40.32,0.0,0.88,0.0,0.0,0.0,21.92,0.0,47.44,29.96,100.0,37.4
2018-01-13 19:11:00,2,1,61.14,85.0,55.0,39.73,40.32,57.54,0.0,0.0,0.0,45.0,40.26,0.0,0.0,0.0,120.0,40.32,0.0,0.88,0.0,0.0,0.0,21.92,0.0,47.43,29.95,100.0,37.39
2018-01-13 19:12:00,2,1,61.14,85.0,55.0,39.73,40.32,57.54,0.0,0.0,0.0,45.0,40.26,0.0,0.0,0.0,120.0,40.32,0.0,0.88,0.0,0.0,0.0,21.92,0.0,47.42,29.95,100.0,37.38
2018-01-13 19:13:00,2,1,61.13,85.0,55.0,39.73,40.31,57.53,0.0,0.0,0.0,45.0,40.26,0.0,0.0,0.0,120.0,40.31,0.0,0.88,0.0,0.0,0.0,21.92,0.0,47.41,29.94,100.0,37.37
2018-01-13 19:14:00,2,1,61.13,85.0,55.0,39.72,40.31,57.53,0.0,0.0,0.0,45.0,40.26,0.0,0.0,0.0,120.0,40.31,0.0,0.88,0.0,0.0,0.0,21.92,0.0,47.4,29.94,100.0,37.37
2018-01-13 19:15:00,2,1,61.12,85.0,55.0,39.72,40.31,57.52,0.0,0.0,0.0,45.0,40.26,0.0,0.0,0.0,120.0,40.31,0.0,0.88,0.0,0.0,0.0,21.92,0.0,47.39,29.94,100.0,37.36
2018-01-13 19:16:00,2,1,61.11,85.0,55.0,39.72,40.31,57.51,0.0,0.0,0.0,45.0,40.25,0.0,0.0,0.0,120.0,40.31,0.0,0.88,0.0,0.0,0.0,21.92,0.0,47.38,29.93,100.0,37.35
2018-01-13 19:17:00,2,1,61.11,85.0,55.0,39.71,40.31,57.51,0.0,0.0,0.0,45.0,40.25,0.0,0.0,0.0,120.0,40.31,0.0,0.88,0.0,0.0,0.0,21.92,0.0,47.37,29.93,100.0,37.35
2018-01-13 19:18:00,2,1,61.1,85.0,55.0,39.71,40.31,57.5,0.0,0.0,0.0,45.0,40.25,0.0,0.0,0.0,120.0,40.31,0.0,0.88,0.0,0.0,0.0,21.92,0.0,47.36,29.92,100.0,37.34
2018-01-13 19:19:00,2,1,61.1,85.0,55.0,39.71,40.31,57.5,0.0,0.0,0.0,45.0,40.25,0.0,0.0,0.0,120.0,40.31,0.0,0.88,0.0,0.0,0.0,21.92,0.0,47.35,29.92,100.0,37.33
2018-01-13 19:20:00,2,1,61.09,85.0,55.0,39.71,40.31,57.49,0.0,0.0,0.0,45.0,40.25,0.0,0.0,0.0,120.0,40.31,0.0,0.88,0.0,0.0,0.0,21.92,0.0,47.34,29.91,100.0,37.33
2018-01-13 19:21:00,2,1,61.09,85.0,55.0,39.7,40.31,57.49,0.0,0.0,0.0,45.0,40.25,0.0,0.0,0.0,120.0,40.31,0.0,0.88,0.0,0.0,0.0,21.92,0.0,47.33,29.91,100.0,37.32
2018-01-13 19:22:00,2,1,61.08,85.0,55.0,39.7,40.31,57.48,0.0,0.0,0.0,45.0,40.25,0.0,0.0,0.0,120.0,40.31,0.0,0.88,0.0,0.0,0.0,21.92,0.0,47.32,29.91,100.0,37.31
2018-01-13 19:23:00,2,1,61.08,85.0,55.0,39.7,40.31,57.48,0.0,0.0,0.0,45.0,40.25,0.0,0.0,0.0,120.0,40.31,0.0,0.88,0.0,0.0,0.0,21.92,0.0,47.31,29.9,100.0,37.3
2018-01-13 19:24:00,2,1,61.07,85.0,55.0,39.7,40.31,57.47,0.0,0.0,0.0,45.0,40.24,0.0,0.0,0.0,120.0,40.31,0.0,0.88,0.0,0.0,0.0,21.92,0.0,47.3,29.9,100.0,37.3
2018-01-13 19:25:00,2,1,61.07,85.0,55.0,39.69,40.31,57.47,0.0,0.0,0.0,45.0,40.24,0.0,0.0,0.0,120.0,40.31,0.0,0.88,0.0,0.0,0.0,21.92,0.0,47.29,29.9,100.0,37.29
2018-01-13 19:26:00,2,1,61.06,85.0,55.0,39.69,40.31,57.46,0.0,0.0,0.0,45.0,40.24,0.0,0.0,0.0,120.0,40.31,0.0,0.88,0.0,0.0,0.0,21.92,0.0,47.28,29.9,100.0,37.28
2018-01-13 19:27:00,2,1,61.06,85.0,55.0,39.69,40.31,57.46,0.0,0.0,0.0,45.0,40.24,0.0,0.0,0.0,120.0,40.31,0.0,0.88,0.0,0.0,0.0,21.92,0.0,47.27,29.89,100.0,37.28
2018-01-13 19:28:00,2,1,61.05,85.0,55.0,39.69,40.31,57.45,0.0,0.0,0.0,45.0,40.24,0.0,0.0,0.0,120.0,40.31,0.0,0.88,0.0,0.0,0.0,21.92,0.0,47.26,29.89,100.0,37.27
2018-01-13 19:29:00,2,1,61.05,85.0,55.0,39.68,40.31,57.45,0.0,0.0,0.0,45.0,40.24,0.0,0.0,0.0,120.0,40.31,0.0,0.88,0.0,0.0,0.0,21.92,0.0,47.25,29.89,100.0,37.26
2018-01-13 19:30:00,2,1,61.04,85.0,55.0,39.68,40.31,57.44,0.0,0.0,0.0,45.0,40.24,0.0,0.0,0.0,120.0,40.31,0.0,0.88,0.0,0.0,0.0,21.92,0.0,47.24,29.89,100.0,37.25
2018-01-13 19:31:00,2,1,61.04,85.0,55.0,39.68,40.3,57.44,0.0,0.0,0.0,45.0,40.23,0.0,0.0,0.0,120.0,40.3,0.0,0.88,0.0,0.0,0.0,21.92,0.0,47.23,29.89,100.0,37.25
2018-01-13 19:32:00,2,1,61.03,85.0,55.0,39.68,40.3,57.43,0.0,0.0,0.0,45.0,40.23,0.0,0.0,0.0,120.0,40.3,0.0,0.88,0.0,0.0,0.0,21.92,0.0,47.22,29.88,100.0,37.24
2018-01-13 19:33:00,2,1,61.03,85.0,55.0,39.67,40.3,57.42,0.0,0.0,0.0,45.0,40.23,0.0,0.0,0.0,120.0,40.3,0.0,0.88,0.0,0.0,0.0,21.92,0.0,47.21,29.88,100.0,37.23
2018-01-13 19:34:00,2,1,61.02,85.0,55.0,39.67,40.3,57.42,0.0,0.0,0.0,45.0,40.23,0.0,0.0,0.0,120.0,40.3,0.0,0.88,0.0,0.0,0.0,21.92,0.0,47.2,29.88,100.0,37.23
2018-01-13 19:35:00,2,1,61.01,85.0,55.0,39.67,40.3,57.41,0.0,0.0,0.0,45.0,40.23,0.0,0.0,0.0,120.0,40.3,0.0,0.88,0.0,0.0,0.0,21.92,0.0,47.19,29.88,100.0,37.22
2018-01-13 19:36:00,2,1,61.01,85.0,55.0,39.66,40.3,57.41,0.0,0.0,0.0,45.0,40.23,0.0,0.0,0.0,120.0,40.3,0.0,0.88,0.0,0.0,0.0,21.92,0.0,47.18,29.88,100.0,37.21
2018-01-13 19:37:00,2,1,61.0,85.0,55.0,39.66,40.3,57.4,0.0,0.0,0.0,45.0,40.23,0.0,0.0,0.0,120.0,40.3,0.0,0.88,0.0,0.0,0.0,21.92,0.0,47.18,29.88,100.0,37.21
2018-01-13 19:38:00,2,1,61.0,85.0,55.0,39.66,40.3,57.4,0.0,0.0,0.0,45.0,40.22,0.0,0.0,0.0,120.0,40.3,0.0,0.88,0.0,0.0,0.0,21.92,0.0,47.17,29.88,100.0,37.2
2018-01-13 19:39:00,2,1,60.99,85.0,55.0,39.66,40.3,57.39,0.0,0.0,0.0,45.0,40.22,0.0,0.0,0.0,120.0,40.3,0.0,0.88,0.0,0.0,0.0,21.92,0.0,47.16,29.89,100.0,37.19
2018-01-13 19:40:00,2,1,60.99,85.0,55.0,39.65,40.3,57.39,0.0,0.0,0.0,45.0,40.22,0.0,0.0,0.0,120.0,40.3,0.0,0.88,0.0,0.0,0.0,21.92,0.0,47.15,29.89,100.0,37.18
2018-01-13 19:41:00,2,1,60.98,85.0,55.0,39.65,40.3,57.38,0.0,0.0,0.0,45.0,40.22,0.0,0.0,0.0,120.0,40.3,0.0,0.88,0.0,0.0,0.0,21.92,0.0,47.14,29.89,100.0,37.18
2018-01-13 19:42:00,2,1,60.98,85.0,55.0,39.65,40.3,57.38,0.0,0.0,0.0,45.0,40.22,0.0,0.0,0.0,120.0,40.3,0.0,0.88,0.0,0.0,0.0,21.92,0.0,47.13,29.89,100.0,37.17
2018-01-13 19:43:00,2,1,60.97,85.0,55.0,39.65,40.3,57.37,0.0,0.0,0.0,45.0,40.22,0.0,0.0,0.0,120.0,40.3,0.0,0.88,0.0,0.0,0.0,21.92,0.0,47.13,29.89,100.0,37.16
2018-01-13 19:44:00,2,1,60.97,85.0,55.0,39.64,40.3,57.37,0.0,0.0,0.0,45.0,40.21,0.0,0.0,0.0,120.0,40.3,0.0,0.88,0.0,0.0,0.0,21.92,0.0,47.12,29.9,100.0,37.16
2018-01-13 19:45:00,2,1,60.96,85.0,55.0,39.64,40.3,57.36,0.0,0.0,0.0,45.0,40.21,0.0,0.0,0.0,120.0,40.3,0.0,0.88,0.0,0.0,0.0,21.92,0.0,47.11,29.9,100.0,37.15
2018-01-13 19:46:00,2,1,60.96,85.0,55.0,39.64,40.29,57.36,0.0,0.0,0.0,45.0,40.21,0.0,0.0,0.0,120.0,40.29,0.0,0.88,0.0,0.0,0.0,21.92,0.0,47.1,29.9,100.0,37.14
2018-01-13 19:47:00,2,1,60.95,85.0,55.0,39.64,40.29,57.35,0.0,0.0,0.0,45.0,40.21,0.0,0.0,0.0,120.0,40.29,0.0,0.88,0.0,0.0,0.0,21.92,0.0,47.1,29.91,100.0,37.14
2018-01-13 19:48:00,2,1,60.95,85.0,55.0,39.63,40.29,57.35,0.0,0.0,0.0,45.0,40.21,0.0,0.0,0.0,120.0,40.29,0.0,0.88,0.0,0.0,0.0,21.92,0.0,47.09,29.91,100.0,37.13
2018-01-13 19:49:00,2,1,60.94,85.0,55.0,39.63,40.29,57.34,0.0,0.0,0.0,45.0,40.21,0.0,0.0,0.0,120.0,40.29,0.0,0.88,0.0,0.0,0.0,21.92,0.0,47.08,29.92,100.0,37.12
2018-01-13 19:50:00,2,1,60.94,85.0,55.0,39.63,40.29,57.34,0.0,0.0,0.0,45.0,40.21,0.0,0.0,0.0,120.0,40.29,0.0,0.88,0.0,0.0,0.0,21.92,0.0,47.08,29.92,100.0,37.11
2018-01-13 19:51:00,2,1,60.93,85.0,55.0,39.63,40.29,57.33,0.0,0.0,0.0,45.0,40.2,0.0,0.0,0.0,120.0,40.29,0.0,0.88,0.0,0.0,0.0,21.92,0.0,47.07,29.93,100.0,37.11
2018-01-13 19:52:00,2,1,60.93,85.0,55.0,39.62,40.29,57.33,0.0,0.0,0.0,45.0,40.2,0.0,0.0,0.0,120.0,40.29,0.0,0.88,0.0,0.0,0.0,21.92,0.0,47.06,29.94,100.0,37.1
2018-01-13 19:53:00,2,1,60.92,85.0,55.0,39.62,40.29,57.32,0.0,0.0,0.0,45.0,40.2,0.0,0.0,0.0,120.0,40.29,0.0,0.88,0.0,0.0,0.0,21.92,0.0,47.06,29.94,100.0,37.09
2018-01-13 19:54:00,2,1,60.91,85.0,55.0,39.62,40.29,57.31,0.0,0.0,0.0,45.0,40.2,0.0,0.0,0.0,120.0,40.29,0.0,0.88,0.0,0.0,0.0,21.92,0.0,47.05,29.95,100.0,37.09
2018-01-13 19:55:00,2,1,60.91,85.0,55.0,39.61,40.29,57.31,0.0,0.0,0.0,45.0,40.2,0.0,0.0,0.0,120.0,40.29,0.0,0.88,0.0,0.0,0.0,21.92,0.0,47.05,29.96,100.0,37.08
2018-01-13 19:56:00,2,1,60.9,85.0,55.0,39.61,40.29,57.3,0.0,0.0,0.0,45.0,40.2,0.0,0.0,0.0,120.0,40.29,0.0,0.88,0.0,0.0,0.0,21.92,0.0,47.04,29.97,100.0,37.07
2018-01-13 19:57:00,2,1,60.9,85.0,55.0,39.61,40.29,57.3,0.0,0.0,0.0,45.0,40.2,0.0,0.0,0.0,120.0,40.29,0.0,0.88,0.0,0.0,0.0,21.92,0.0,47.03,29.98,100.0,37.07
2018-01-13 19:58:00,2,1,60.89,85.0,55.0,39.61,40.29,57.29,0.0,0.0,0.0,45.0,40.19,0.0,0.0,0.0,120.0,40.29,0.0,0.88,0.0,0.0,0.0,21.92,0.0,47.03,29.99,100.0,37.06
2018-01-13 19:59:00,2,1,60.89,85.0,55.0,39.6,40.28,57.29,0.0,0.0,0.0,45.0,40.19,0.0,0.0,0.0,120.0,40.28,0.0,0.88,0.0,0.0,0.0,21.92,0.0,47.02,30.0,100.0,37.05
2018-01-13 20:00:00,2,1,60.88,85.0,55.0,39.6,40.28,57.28,0.0,0.0,0.0,45.0,40.19,0.0,0.0,0.0,120.0,40.28,0.0,0.88,0.0,0.0,0.0,21.92,0.0,47.02,30.01,100.0,37.04
2018-01-13 20:01:00,2,1,60.88,85.0,55.0,39.6,40.28,57.28,0.0,0.0,0.0,45.0,40.19,0.0,0.0,0.0,120.0,40.28,0.0,0.88,0.0,0.0,0.0,21.92,0.0,47.02,30.03,100.0,37.04
2018-01-13 20:02:00,2,1,60.87,85.0,55.0,39.6,40.28,57.27,0.0,0.0,0.0,45.0,40.19,0.0,0.0,0.0,120.0,40.28,0.0,0.88,0.0,0.0,0.0,21.92,0.0,47.01,30.05,100.0,37.03
2018-01-13 20:03:00,2,1,60.87,85.0,55.0,39.6,40.28,57.27,0.0,0.0,0.0,45.0,40.19,0.0,0.0,0.0,120.0,40.28,0.0,0.88,0.0,0.0,0.0,21.93,0.0,47.01,30.08,100.0,37.02
2018-01-13 20:04:00,2,1,60.86,85.0,55.0,39.6,40.28,57.26,0.0,0.0,0.0,45.0,40.18,0.0,0.0,0.0,120.0,40.28,0.0,0.88,0.0,0.0,0.0,21.93,0.0,47.01,30.1,100.0,37.02
2018-01-13 20:05:00,2,1,60.86,85.0,55.0,39.59,40.28,57.26,0.0,0.0,0.0,45.0,40.18,0.0,0.0,0.0,120.0,40.28,0.0,0.88,0.0,0.0,0.0,21.93,0.0,47.01,30.13,100.0,37.01
2018-01-13 20:06:00,2,1,60.85,85.0,55.0,39.59,40.28,57.25,0.0,0.0,0.0,45.0,40.18,0.0,0.0,0.0,120.0,40.28,0.0,0.88,0.0,0.0,0.0,21.93,0.0,47.01,30.16,100.0,37.0
2018-01-13 20:07:00,2,1,60.85,85.0,55.0,39.59,40.28,57.25,0.0,0.0,0.0,45.0,40.18,0.0,0.0,0.0,120.0,40.28,0.0,0.88,0.0,0.0,0.0,21.94,0.0,47.01,30.18,100.0,37.0
2018-01-13 20:08:00,2,1,60.84,85.0,55.0,39.59,40.28,57.24,0.0,0.0,0.0,45.0,40.18,0.0,0.0,0.0,120.0,40.28,0.0,0.88,0.0,0.0,0.0,21.94,0.0,47.01,30.21,100.0,36.99
2018-01-13 20:09:00,2,1,60.84,85.0,55.0,39.59,40.28,57.24,0.0,0.0,0.0,45.0,40.18,0.0,0.0,0.0,120.0,40.28,0.0,0.88,0.0,0.0,0.0,21.94,0.0,47.01,30.24,100.0,36.98
2018-01-13 20:10:00,2,1,60.83,85.0,55.0,39.59,40.28,57.23,0.0,0.0,0.0,45.0,40.18,0.0,0.0,0.0,120.0,40.28,0.0,0.88,0.0,0.0,0.0,21.94,0.0,47.01,30.27,100.0,36.98
2018-01-13 20:11:00,2,1,60.83,85.0,55.0,39.59,40.27,57.23,0.0,0.0,0.0,45.0,40.17,0.0,0.0,0.0,120.0,40.27,0.0,0.88,0.0,0.0,0.0,21.95,0.0,47.01,30.3,100.0,36.97
2018-01-13 20:12:00,2,1,60.82,85.0,55.0,39.58,40.27,57.22,0.0,0.0,0.0,45.0,40.17,0.0,0.0,0.0,120.0,40.27,0.0,0.88,0.0,0.0,0.0,21.95,0.0,47.01,30.33,100.0,36.96
2018-01-13 20:13:00,2,1,60.82,85.0,55.0,39.58,40.27,57.22,0.0,0.0,0.0,45.0,40.17,0.0,0.0,0.0,120.0,40.27,0.0,0.88,0.0,0.0,0.0,21.95,0.0,47.01,30.36,100.0,36.95
2018-01-13 20:14:00,2,1,60.81,85.0,55.0,39.58,40.27,57.21,0.0,0.0,0.0,45.0,40.17,0.0,0.0,0.0,120.0,40.27,0.0,0.88,0.0,0.0,0.0,21.95,0.0,47.01,30.39,100.0,36.95
2018-01-13 20:15:00,2,1,60.81,85.0,55.0,39.58,40.27,57.21,0.0,0.0,0.0,45.0,40.17,0.0,0.0,0.0,120.0,40.27,0.0,0.88,0.0,0.0,0.0,21.95,0.0,47.01,30.42,100.0,36.94
2018-01-13 20:16:00,2,1,60.8,85.0,55.0,39.58,40.27,57.2,0.0,0.0,0.0,45.0,40.17,0.0,0.0,0.0,120.0,40.27,0.0,0.88,0.0,0.0,0.0,21.96,0.0,47.02,30.46,100.0,36.93
2018-01-13 20:17:00,2,1,60.8,85.0,55.0,39.58,40.27,57.2,0.0,0.0,0.0,45.0,40.17,0.0,0.0,0.0,120.0,40.27,0.0,0.88,0.0,0.0,0.0,21.96,0.0,47.02,30.49,100.0,36.93
2018-01-13 20:18:00,2,1,60.79,85.0,55.0,39.58,40.27,57.19,0.0,0.0,0.0,45.0,40.16,0.0,0.0,0.0,120.0,40.27,0.0,0.88,0.0,0.0,0.0,21.96,0.0,47.02,30.52,100.0,36.92
2018-01-13 20:19:00,2,1,60.79,85.0,55.0,39.57,40.27,57.19,0.0,0.0,0.0,45.0,40.16,0.0,0.0,0.0,120.0,40.27,0.0,0.88,0.0,0.0,0.0,21.96,0.0,47.02,30.55,100.0,36.91
2018-01-13 20:20:00,2,1,60.78,85.0,55.0,39.57,40.27,57.18,0.0,0.0,0.0,45.0,40.16,0.0,0.0,0.0,120.0,40.27,0.0,0.88,0.0,0.0,0.0,21.96,0.0,47.02,30.59,100.0,36.91
2018-01-13 20:21:00,2,1,60.78,85.0,55.0,39.57,40.27,57.18,0.0,0.0,0.0,45.0,40.16,0.0,0.0,0.0,120.0,40.27,0.0,0.88,0.0,0.0,0.0,21.97,0.0,47.03,30.62,100.0,36.9
2018-01-13 20:22:00,2,1,60.77,85.0,55.0,39.57,40.26,57.17,0.0,0.0,0.0,45.0,40.16,0.0,0.0,0.0,120.0,40.26,0.0,0.88,0.0,0.0,0.0,21.97,0.0,47.03,30.65,100.0,36.89
2018-01-13 20:23:00,2,1,60.77,85.0,55.0,39.57,40.26,57.17,0.0,0.0,0.0,45.0,40.16,0.0,0.0,0.0,120.0,40.26,0.0,0.88,0.0,0.0,0.0,21.97,0.0,47.03,30.69,100.0,36.89
2018-01-13 20:24:00,2,1,60.76,85.0,55.0,39.57,40.26,57.16,0.0,0.0,0.0,45.0,40.15,0.0,0.0,0.0,120.0,40.26,0.0,0.88,0.0,0.0,0.0,21.97,0.0,47.03,30.72,100.0,36.88
2018-01-13 20:25:00,2,1,60.76,85.0,55.0,39.56,40.26,57.16,0.0,0.0,0.0,45.0,40.15,0.0,0.0,0.0,120.0,40.26,0.0,0.88,0.0,0.0,0.0,21.97,0.0,47.04,30.75,100.0,36.87
2018-01-13 20:26:00,2,1,60.75,85.0,55.0,39.56,40.26,57.15,0.0,0.0,0.0,45.0,40.15,0.0,0.0,0.0,120.0,40.26,0.0,0.88,0.0,0.0,0.0,21.97,0.0,47.04,30.79,100.0,36.86
2018-01-13 20:27:00,2,1,60.75,85.0,55.0,39.56,40.26,57.15,0.0,0.0,0.0,45.0,40.15,0.0,0.0,0.0,120.0,40.26,0.0,0.88,0.0,0.0,0.0,21.97,0.0,47.04,30.82,100.0,36.86
2018-01-13 20:28:00,2,1,60.74,85.0,55.0,39.56,40.26,57.14,0.0,0.0,0.0,45.0,40.15,0.0,0.0,0.0,120.0,40.26,0.0,0.88,0.0,0.0,0.0,21.97,0.0,47.05,30.86,100.0,36.85
2018-01-13 20:29:00,2,1,60.73,85.0,55.0,39.56,40.26,57.13,0.0,0.0,0.0,45.0,40.15,0.0,0.0,0.0,120.0,40.26,0.0,0.88,0.0,0.0,0.0,21.98,0.0,47.05,30.89,100.0,36.84
2018-01-13 20:30:00,2,1,60.73,85.0,55.0,39.55,40.26,57.13,0.0,0.0,0.0,45.0,40.15,0.0,0.0,0.0,120.0,40.26,0.0,0.88,0.0,0.0,0.0,21.98,0.0,47.05,30.93,100.0,36.84
2018-01-13 20:31:00,2,1,60.72,85.0,55.0,39.55,40.26,57.12,0.0,0.0,0.0,45.0,40.14,0.0,0.0,0.0,120.0,40.26,0.0,0.88,0.0,0.0,0.0,21.98,0.0,47.06,30.96,100.0,36.83
2018-01-13 20:32:00,2,1,60.72,85.0,55.0,39.55,40.26,57.12,0.0,0.0,0.0,45.0,40.14,0.0,0.0,0.0,120.0,40.26,0.0,0.88,0.0,0.0,0.0,21.98,0.0,47.06,31.0,100.0,36.82
2018-01-13 20:33:00,2,1,60.71,85.0,55.0,39.55,40.25,57.11,0.0,0.0,0.0,45.0,40.14,0.0,0.0,0.0,120.0,40.25,0.0,0.88,0.0,0.0,0.0,21.98,0.0,47.07,31.03,100.0,36.82
2018-01-13 20:34:00,2,1,60.71,85.0,55.0,39.54,40.25,57.11,0.0,0.0,0.0,45.0,40.14,0.0,0.0,0.0,120.0,40.25,0.0,0.88,0.0,0.0,0.0,21.98,0.0,47.07,31.07,100.0,36.81
2018-01-13 20:35:00,2,1,60.7,85.0,55.0,39.54,40.25,57.1,0.0,0.0,0.0,45.0,40.14,0.0,0.0,0.0,120.0,40.25,0.0,0.88,0.0,0.0,0.0,21.98,0.0,47.07,31.1,100.0,36.8
2018-01-13 20:36:00,2,1,60.7,85.0,55.0,39.54,40.25,57.1,0.0,0.0,0.0,45.0,40.14,0.0,0.0,0.0,120.0,40.25,0.0,0.88,0.0,0.0,0.0,21.98,0.0,47.08,31.14,100.0,36.8
2018-01-13 20:37:00,2,1,60.69,85.0,55.0,39.54,40.25,57.09,0.0,0.0,0.0,45.0,40.13,0.0,0.0,0.0,120.0,40.25,0.0,0.88,0.0,0.0,0.0,21.98,0.0,47.08,31.18,100.0,36.79
2018-01-13 20:38:00,2,1,60.69,85.0,55.0,39.53,40.25,57.09,0.0,0.0,0.0,45.0,40.13,0.0,0.0,0.0,120.0,40.25,0.0,0.88,0.0,0.0,0.0,21.98,0.0,47.09,31.21,100.0,36.78
2018-01-13 20:39:00,2,1,60.68,85.0,55.0,39.53,40.25,57.08,0.0,0.0,0.0,45.0,40.13,0.0,0.0,0.0,120.0,40.25,0.0,0.88,0.0,0.0,0.0,21.98,0.0,47.1,31.25,100.0,36.78
2018-01-13 20:40:00,2,1,60.68,85.0,55.0,39.53,40.25,57.08,0.0,0.0,0.0,45.0,40.13,0.0,0.0,0.0,120.0,40.25,0.0,0.88,0.0,0.0,0.0,21.98,0.0,47.1,31.28,100.0,36.77
2018-01-13 20:41:00,2,1,60.67,85.0,55.0,39.52,40.25,57.07,0.0,0.0,0.0,45.0,40.13,0.0,0.0,0.0,120.0,40.25,0.0,0.88,0.0,0.0,0.0,21.98,0.0,47.11,31.32,100.0,36.76
2018-01-13 20:42:00,2,1,60.67,85.0,55.0,39.52,40.25,57.07,0.0,0.0,0.0,45.0,40.13,0.0,0.0,0.0,120.0,40.25,0.0,0.88,0.0,0.0,0.0,21.97,0.0,47.11,31.36,100.0,36.76
2018-01-13 20:43:00,2,1,60.66,85.0,55.0,39.52,40.24,57.06,0.0,0.0,0.0,45.0,40.13,0.0,0.0,0.0,120.0,40.24,0.0,0.88,0.0,0.0,0.0,21.97,0.0,47.12,31.39,100.0,36.75
2018-01-13 20:44:00,2,1,60.66,85.0,55.0,39.51,40.24,57.06,0.0,0.0,0.0,45.0,40.12,0.0,0.0,0.0,120.0,40.24,0.0,0.88,0.0,0.0,0.0,21.97,0.0,47.12,31.43,100.0,36.74
2018-01-13 20:45:00,2,1,60.65,85.0,55.0,39.51,40.24,57.05,0.0,0.0,0.0,45.0,40.12,0.0,0.0,0.0,120.0,40.24,0.0,0.88,0.0,0.0,0.0,21.97,0.0,47.13,31.46,100.0,36.74
2018-01-13 20:46:00,2,1,60.65,85.0,55.0,39.51,40.24,57.05,0.0,0.0,0.0,45.0,40.12,0.0,0.0,0.0,120.0,40.24,0.0,0.88,0.0,0.0,0.0,21.97,0.0,47.14,31.5,100.0,36.73
2018-01-13 20:47:00,2,1,60.64,85.0,55.0,39.5,40.24,57.04,0.0,0.0,0.0,45.0,40.12,0.0,0.0,0.0,120.0,40.24,0.0,0.88,0.0,0.0,0.0,21.97,0.0,47.14,31.54,100.0,36.72
2018-01-13 20:48:00,2,1,60.64,85.0,55.0,39.5,40.24,57.04,0.0,0.0,0.0,45.0,40.12,0.0,0.0,0.0,120.0,40.24,0.0,0.88,0.0,0.0,0.0,21.96,0.0,47.15,31.57,100.0,36.72
2018-01-13 20:49:00,2,1,60.63,85.0,55.0,39.5,40.24,57.03,0.0,0.0,0.0,45.0,40.12,0.0,0.0,0.0,120.0,40.24,0.0,0.88,0.0,0.0,0.0,21.96,0.0,47.16,31.61,100.0,36.71
2018-01-13 20:50:00,2,1,60.63,85.0,55.0,39.49,40.24,57.03,0.0,0.0,0.0,45.0,40.11,0.0,0.0,0.0,120.0,40.24,0.0,0.88,0.0,0.0,0.0,21.96,0.0,47.16,31.64,100.0,36.7
2018-01-13 20:51:00,2,1,60.62,85.0,55.0,39.49,40.24,57.02,0.0,0.0,0.0,45.0,40.11,0.0,0.0,0.0,120.0,40.24,0.0,0.88,0.0,0.0,0.0,21.96,0.0,47.17,31.68,100.0,36.7
2018-01-13 20:52:00,2,1,60.62,85.0,55.0,39.49,40.23,57.02,0.0,0.0,0.0,45.0,40.11,0.0,0.0,0.0,120.0,40.23,0.0,0.88,0.0,0.0,0.0,21.95,0.0,47.18,31.71,100.0,36.69
2018-01-13 20:53:00,2,1,60.61,85.0,55.0,39.48,40.23,57.01,0.0,0.0,0.0,45.0,40.11,0.0,0.0,0.0,120.0,40.23,0.0,0.88,0.0,0.0,0.0,21.95,0.0,47.19,31.75,100.0,36.69
2018-01-13 20:54:00,2,1,60.61,85.0,55.0,39.48,40.23,57.01,0.0,0.0,0.0,45.0,40.11,0.0,0.0,0.0,120.0,40.23,0.0,0.88,0.0,0.0,0.0,21.95,0.0,47.19,31.78,100.0,36.68
