Datetime,FCU_CTRL,FAN_CTRL,RM_TEMP,RMCLGSPT,RMHTGSPT,FCU_MAT,FCU_DAT,FCU_RAT,FCU_CVLV,FCU_CVLV_DM,FCU_CLG_GPM,FCU_CLG_EWT,FCU_CLG_RWT,FCU_HVLV,FCU_HVLV_DM,FCU_HTG_GPM,FCU_HTG_EWT,FCU_HTG_RWT,FCU_DA_CFM,FCU_OA_CFM,FCU_DMPR,FCU_DMPR_DM,FCU_SPD,FCU_OAT,FCU_WAT,FCU_MA_HUMD,FCU_OA_HUMD,FCU_DA_HUMD,FCU_RA_HUMD
2018-01-10 23:14:00,2,1,65.15,85.0,55.0,37.92,45.14,65.15,0.8,0.0,5.63,45.0,44.99,0.0,0.0,0.0,120.0,45.14,0.0,0.88,0.0,0.0,0.0,10.7,0.0,100.0,41.74,100.0,79.97
2018-01-10 23:15:00,2,1,65.13,85.0,55.0,37.91,45.14,65.13,0.8,0.0,5.63,45.0,44.99,0.0,0.0,0.0,120.0,45.14,0.0,0.88,0.0,0.0,0.0,10.68,0.0,100.0,41.72,100.0,79.99
2018-01-10 23:16:00,2,1,65.12,85.0,55.0,37.89,45.14,65.12,0.8,0.0,5.63,45.0,44.99,0.0,0.0,0.0,120.0,45.14,0.0,0.88,0.0,0.0,0.0,10.66,0.0,100.0,41.7,100.0,80.02
2018-01-10 23:17:00,2,1,65.1,85.0,55.0,37.87,45.14,65.1,0.8,0.0,5.63,45.0,44.99,0.0,0.0,0.0,120.0,45.14,0.0,0.88,0.0,0.0,0.0,10.64,0.0,100.0,41.67,100.0,80.04
2018-01-10 23:18:00,2,1,65.08,85.0,55.0,37.85,45.14,65.08,0.8,0.0,5.63,45.0,44.99,0.0,0.0,0.0,120.0,45.14,0.0,0.88,0.0,0.0,0.0,10.63,0.0,100.0,41.65,100.0,80.07
2018-01-10 23:19:00,2,1,65.06,85.0,55.0,37.84,45.13,65.06,0.8,0.0,5.63,45.0,44.99,0.0,0.0,0.0,120.0,45.13,0.0,0.88,0.0,0.0,0.0,10.61,0.0,100.0,41.63,100.0,80.09
2018-01-10 23:20:00,2,1,65.05,85.0,55.0,37.82,45.13,65.05,0.8,0.0,5.63,45.0,44.99,0.0,0.0,0.0,120.0,45.13,0.0,0.88,0.0,0.0,0.0,10.59,0.0,100.0,41.61,100.0,80.12
2018-01-10 23:21:00,2,1,65.03,85.0,55.0,37.8,45.13,65.03,0.8,0.0,5.63,45.0,44.99,0.0,0.0,0.0,120.0,45.13,0.0,0.88,0.0,0.0,0.0,10.58,0.0,100.0,41.58,100.0,80.14
2018-01-10 23:22:00,2,1,65.01,85.0,55.0,37.79,45.13,65.01,0.8,0.0,5.63,45.0,44.99,0.0,0.0,0.0,120.0,45.13,0.0,0.88,0.0,0.0,0.0,10.56,0.0,100.0,41.56,100.0,80.16
2018-01-10 23:23:00,2,1,65.0,85.0,55.0,37.77,45.13,65.0,0.8,0.0,5.63,45.0,44.99,0.0,0.0,0.0,120.0,45.13,0.0,0.88,0.0,0.0,0.0,10.54,0.0,100.0,41.54,100.0,80.18
2018-01-10 23:24:00,2,1,64.98,85.0,55.0,37.75,45.13,64.98,0.8,0.0,5.63,45.0,44.99,0.0,0.0,0.0,120.0,45.13,0.0,0.88,0.0,0.0,0.0,10.53,0.0,100.0,41.52,100.0,80.2
2018-01-10 23:25:00,2,1,64.97,85.0,55.0,37.74,45.13,64.97,0.8,0.0,5.63,45.0,44.99,0.0,0.0,0.0,120.0,45.13,0.0,0.88,0.0,0.0,0.0,10.51,0.0,100.0,41.5,100.0,80.22
2018-01-10 23:26:00,2,1,64.95,85.0,55.0,37.72,45.13,64.95,0.8,0.0,5.63,45.0,44.99,0.0,0.0,0.0,120.0,45.13,0.0,0.88,0.0,0.0,0.0,10.49,0.0,100.0,41.47,100.0,80.24
2018-01-10 23:27:00,2,1,64.94,85.0,55.0,37.71,45.13,64.94,0.8,0.0,5.63,45.0,44.99,0.0,0.0,0.0,120.0,45.13,0.0,0.88,0.0,0.0,0.0,10.48,0.0,100.0,41.45,100.0,80.26
2018-01-10 23:28:00,2,1,64.92,85.0,55.0,37.69,45.12,64.92,0.8,0.0,5.63,45.0,44.99,0.0,0.0,0.0,120.0,45.12,0.0,0.88,0.0,0.0,0.0,10.46,0.0,100.0,41.43,100.0,80.28
2018-01-10 23:29:00,2,1,64.91,85.0,55.0,37.68,45.12,64.91,0.8,0.0,5.63,45.0,44.99,0.0,0.0,0.0,120.0,45.12,0.0,0.88,0.0,0.0,0.0,10.45,0.0,100.0,41.41,100.0,80.29
2018-01-10 23:30:00,2,1,64.89,85.0,55.0,37.66,45.12,64.89,0.8,0.0,5.63,45.0,44.99,0.0,0.0,0.0,120.0,45.12,0.0,0.88,0.0,0.0,0.0,10.43,0.0,100.0,41.39,100.0,80.31
2018-01-10 23:31:00,2,1,64.88,85.0,55.0,37.65,45.12,64.88,0.8,0.0,5.63,45.0,44.99,0.0,0.0,0.0,120.0,45.12,0.0,0.88,0.0,0.0,0.0,10.41,0.0,100.0,41.37,100.0,80.33
2018-01-10 23:32:00,2,1,64.87,85.0,55.0,37.63,45.12,64.87,0.8,0.0,5.63,45.0,44.99,0.0,0.0,0.0,120.0,45.12,0.0,0.88,0.0,0.0,0.0,10.4,0.0,100.0,41.35,100.0,80.34
2018-01-10 23:33:00,2,1,64.85,85.0,55.0,37.62,45.12,64.85,0.8,0.0,5.63,45.0,44.99,0.0,0.0,0.0,120.0,45.12,0.0,0.88,0.0,0.0,0.0,10.38,0.0,100.0,41.33,100.0,80.36
2018-01-10 23:34:00,2,1,64.84,85.0,55.0,37.6,45.12,64.84,0.8,0.0,5.63,45.0,44.99,0.0,0.0,0.0,120.0,45.12,0.0,0.88,0.0,0.0,0.0,10.37,0.0,100.0,41.31,100.0,80.37
2018-01-10 23:35:00,2,1,64.82,85.0,55.0,37.59,45.12,64.82,0.8,0.0,5.63,45.0,44.99,0.0,0.0,0.0,120.0,45.12,0.0,0.88,0.0,0.0,0.0,10.35,0.0,100.0,41.29,100.0,80.39
2018-01-10 23:36:00,2,1,64.81,85.0,55.0,37.58,45.12,64.81,0.8,0.0,5.63,45.0,44.99,0.0,0.0,0.0,120.0,45.12,0.0,0.88,0.0,0.0,0.0,10.34,0.0,100.0,41.27,100.0,80.4
2018-01-10 23:37:00,2,1,64.8,85.0,55.0,37.56,45.11,64.8,0.8,0.0,5.63,45.0,44.99,0.0,0.0,0.0,120.0,45.11,0.0,0.88,0.0,0.0,0.0,10.32,0.0,100.0,41.25,100.0,80.42
2018-01-10 23:38:00,2,1,64.79,85.0,55.0,37.55,45.11,64.79,0.8,0.0,5.63,45.0,44.99,0.0,0.0,0.0,120.0,45.11,0.0,0.88,0.0,0.0,0.0,10.31,0.0,100.0,41.23,100.0,80.43
2018-01-10 23:39:00,2,1,64.77,85.0,55.0,37.53,45.11,64.77,0.8,0.0,5.63,45.0,44.99,0.0,0.0,0.0,120.0,45.11,0.0,0.88,0.0,0.0,0.0,10.3,0.0,100.0,41.21,100.0,80.44
2018-01-10 23:40:00,2,1,64.76,85.0,55.0,37.52,45.11,64.76,0.8,0.0,5.63,45.0,44.99,0.0,0.0,0.0,120.0,45.11,0.0,0.88,0.0,0.0,0.0,10.28,0.0,100.0,41.19,100.0,80.46
2018-01-10 23:41:00,2,1,64.75,85.0,55.0,37.51,45.11,64.75,0.8,0.0,5.63,45.0,44.99,0.0,0.0,0.0,120.0,45.11,0.0,0.88,0.0,0.0,0.0,10.27,0.0,100.0,41.18,100.0,80.47
2018-01-10 23:42:00,2,1,64.74,85.0,55.0,37.5,45.11,64.74,0.8,0.0,5.63,45.0,44.99,0.0,0.0,0.0,120.0,45.11,0.0,0.88,0.0,0.0,0.0,10.25,0.0,100.0,41.16,100.0,80.48
2018-01-10 23:43:00,2,1,64.72,85.0,55.0,37.48,45.11,64.72,0.8,0.0,5.63,45.0,44.99,0.0,0.0,0.0,120.0,45.11,0.0,0.88,0.0,0.0,0.0,10.24,0.0,100.0,41.15,100.0,80.49
2018-01-10 23:44:00,2,1,64.71,85.0,55.0,37.47,45.11,64.71,0.8,0.0,5.63,45.0,44.99,0.0,0.0,0.0,120.0,45.11,0.0,0.88,0.0,0.0,0.0,10.23,0.0,100.0,41.13,100.0,80.5
2018-01-10 23:45:00,2,1,64.7,85.0,55.0,37.46,45.11,64.7,0.8,0.0,5.63,45.0,44.99,0.0,0.0,0.0,120.0,45.11,0.0,0.88,0.0,0.0,0.0,10.21,0.0,100.0,41.12,100.0,80.51
2018-01-10 23:46:00,2,1,64.69,85.0,55.0,37.45,45.11,64.69,0.8,0.0,5.63,45.0,44.99,0.0,0.0,0.0,120.0,45.11,0.0,0.88,0.0,0.0,0.0,10.2,0.0,100.0,41.1,100.0,80.52
2018-01-10 23:47:00,2,1,64.68,85.0,55.0,37.43,45.1,64.68,0.8,0.0,5.63,45.0,44.99,0.0,0.0,0.0,120.0,45.1,0.0,0.88,0.0,0.0,0.0,10.19,0.0,100.0,41.09,100.0,80.53
2018-01-10 23:48:00,2,1,64.67,85.0,55.0,37.42,45.1,64.67,0.8,0.0,5.63,45.0,44.99,0.0,0.0,0.0,120.0,45.1,0.0,0.88,0.0,0.0,0.0,10.18,0.0,100.0,41.08,100.0,80.54
2018-01-10 23:49:00,2,1,64.65,85.0,55.0,37.41,45.1,64.65,0.8,0.0,5.63,45.0,44.99,0.0,0.0,0.0,120.0,45.1,0.0,0.88,0.0,0.0,0.0,10.16,0.0,100.0,41.07,100.0,80.55
2018-01-10 23:50:00,2,1,64.64,85.0,55.0,37.4,45.1,64.64,0.8,0.0,5.63,45.0,44.99,0.0,0.0,0.0,120.0,45.1,0.0,0.88,0.0,0.0,0.0,10.15,0.0,100.0,41.06,100.0,80.56
2018-01-10 23:51:00,2,1,64.63,85.0,55.0,37.39,45.1,64.63,0.8,0.0,5.63,45.0,44.99,0.0,0.0,0.0,120.0,45.1,0.0,0.88,0.0,0.0,0.0,10.14,0.0,100.0,41.05,100.0,80.57
2018-01-10 23:52:00,2,1,64.62,85.0,55.0,37.37,45.1,64.62,0.8,0.0,5.63,45.0,44.99,0.0,0.0,0.0,120.0,45.1,0.0,0.88,0.0,0.0,0.0,10.13,0.0,100.0,41.04,100.0,80.58
2018-01-10 23:53:00,2,1,64.61,85.0,55.0,37.36,45.1,64.61,0.8,0.0,5.63,45.0,44.99,0.0,0.0,0.0,120.0,45.1,0.0,0.88,0.0,0.0,0.0,10.12,0.0,100.0,41.03,100.0,80.59
2018-01-10 23:54:00,2,1,64.6,85.0,55.0,37.35,45.1,64.6,0.8,0.0,5.63,45.0,44.99,0.0,0.0,0.0,120.0,45.1,0.0,0.88,0.0,0.0,0.0,10.11,0.0,100.0,41.02,100.0,80.6
2018-01-10 23:55:00,2,1,64.59,85.0,55.0,37.34,45.1,64.59,0.8,0.0,5.63,45.0,44.99,0.0,0.0,0.0,120.0,45.1,0.0,0.88,0.0,0.0,0.0,10.1,0.0,100.0,41.01,100.0,80.61
2018-01-10 23:56:00,2,1,64.58,85.0,55.0,37.33,45.1,64.58,0.8,0.0,5.63,45.0,44.99,0.0,0.0,0.0,120.0,45.1,0.0,0.88,0.0,0.0,0.0,10.08,0.0,100.0,41.01,100.0,80.61
2018-01-10 23:57:00,2,1,64.57,85.0,55.0,37.32,45.1,64.57,0.8,0.0,5.63,45.0,44.99,0.0,0.0,0.0,120.0,45.1,0.0,0.88,0.0,0.0,0.0,10.07,0.0,100.0,41.01,100.0,80.62
2018-01-10 23:58:00,2,1,64.56,85.0,55.0,37.31,45.09,64.56,0.8,0.0,5.63,45.0,44.99,0.0,0.0,0.0,120.0,45.09,0.0,0.88,0.0,0.0,0.0,10.06,0.0,100.0,41.0,100.0,80.63
2018-01-10 23:59:00,2,1,64.55,85.0,55.0,37.3,45.09,64.55,0.8,0.0,5.63,45.0,44.99,0.0,0.0,0.0,120.0,45.09,0.0,0.88,0.0,0.0,0.0,10.05,0.0,100.0,41.0,100.0,80.63
2018-01-11 00:00:00,2,1,64.54,85.0,55.0,37.29,45.09,64.54,0.8,0.0,5.63,45.0,44.99,0.0,0.0,0.0,120.0,45.09,0.0,0.88,0.0,0.0,0.0,10.04,0.0,100.0,41.0,100.0,80.64
2018-01-11 00:01:00,2,1,64.53,85.0,55.0,37.28,45.09,64.53,0.8,0.0,5.63,45.0,44.99,0.0,0.0,0.0,120.0,45.09,0.0,0.88,0.0,0.0,0.0,10.04,0.0,100.0,41.01,100.0,80.65
2018-01-11 00:02:00,2,1,64.52,85.0,55.0,37.28,45.09,64.52,0.8,0.0,5.63,45.0,44.99,0.0,0.0,0.0,120.0,45.09,0.0,0.88,0.0,0.0,0.0,10.04,0.0,100.0,41.04,100.0,80.65
2018-01-11 00:03:00,2,1,64.51,85.0,55.0,37.27,45.09,64.51,0.8,0.0,5.63,45.0,44.99,0.0,0.0,0.0,120.0,45.09,0.0,0.88,0.0,0.0,0.0,10.04,0.0,100.0,41.07,100.0,80.66
2018-01-11 00:04:00,2,1,64.5,85.0,55.0,37.27,45.09,64.5,0.8,0.0,5.63,45.0,44.99,0.0,0.0,0.0,120.0,45.09,0.0,0.88,0.0,0.0,0.0,10.03,0.0,100.0,41.09,100.0,80.67
2018-01-11 00:05:00,2,1,64.49,85.0,55.0,37.26,45.09,64.49,0.8,0.0,5.63,45.0,44.99,0.0,0.0,0.0,120.0,45.09,0.0,0.88,0.0,0.0,0.0,10.03,0.0,100.0,41.12,100.0,80.67
2018-01-11 00:06:00,2,1,64.48,85.0,55.0,37.25,45.09,64.48,0.8,0.0,5.63,45.0,44.99,0.0,0.0,0.0,120.0,45.09,0.0,0.88,0.0,0.0,0.0,10.03,0.0,100.0,41.15,100.0,80.68
2018-01-11 00:07:00,2,1,64.46,85.0,55.0,37.25,45.09,64.46,0.8,0.0,5.63,45.0,44.99,0.0,0.0,0.0,120.0,45.09,0.0,0.88,0.0,0.0,0.0,10.03,0.0,100.0,41.18,100.0,80.68
2018-01-11 00:08:00,2,1,64.45,85.0,55.0,37.24,45.09,64.45,0.8,0.0,5.63,45.0,44.99,0.0,0.0,0.0,120.0,45.09,0.0,0.88,0.0,0.0,0.0,10.03,0.0,100.0,41.22,100.0,80.69
2018-01-11 00:09:00,2,1,64.44,85.0,55.0,37.24,45.09,64.44,0.8,0.0,5.63,45.0,44.99,0.0,0.0,0.0,120.0,45.09,0.0,0.88,0.0,0.0,0.0,10.03,0.0,100.0,41.25,100.0,80.69
2018-01-11 00:10:00,2,1,64.43,85.0,55.0,37.23,45.08,64.43,0.8,0.0,5.63,45.0,44.99,0.0,0.0,0.0,120.0,45.08,0.0,0.88,0.0,0.0,0.0,10.03,0.0,100.0,41.28,100.0,80.7
2018-01-11 00:11:00,2,1,64.42,85.0,55.0,37.23,45.08,64.42,0.8,0.0,5.63,45.0,44.99,0.0,0.0,0.0,120.0,45.08,0.0,0.88,0.0,0.0,0.0,10.03,0.0,100.0,41.32,100.0,80.7
2018-01-11 00:12:00,2,1,64.41,85.0,55.0,37.22,45.08,64.41,0.8,0.0,5.63,45.0,44.99,0.0,0.0,0.0,120.0,45.08,0.0,0.88,0.0,0.0,0.0,10.03,0.0,100.0,41.36,100.0,80.71
2018-01-11 00:13:00,2,1,64.4,85.0,55.0,37.22,45.08,64.4,0.8,0.0,5.63,45.0,44.99,0.0,0.0,0.0,120.0,45.08,0.0,0.88,0.0,0.0,0.0,10.03,0.0,100.0,41.39,100.0,80.71
2018-01-11 00:14:00,2,1,64.39,85.0,55.0,37.21,45.08,64.39,0.8,0.0,5.63,45.0,44.99,0.0,0.0,0.0,120.0,45.08,0.0,0.88,0.0,0.0,0.0,10.03,0.0,100.0,41.43,100.0,80.72
2018-01-11 00:15:00,2,1,64.38,85.0,55.0,37.21,45.08,64.38,0.8,0.0,5.63,45.0,44.99,0.0,0.0,0.0,120.0,45.08,0.0,0.88,0.0,0.0,0.0,10.03,0.0,100.0,41.47,100.0,80.72
2018-01-11 00:16:00,2,1,64.37,85.0,55.0,37.2,45.08,64.37,0.8,0.0,5.63,45.0,44.99,0.0,0.0,0.0,120.0,45.08,0.0,0.88,0.0,0.0,0.0,10.03,0.0,100.0,41.51,100.0,80.72
2018-01-11 00:17:00,2,1,64.36,85.0,55.0,37.2,45.08,64.36,0.8,0.0,5.63,45.0,44.99,0.0,0.0,0.0,120.0,45.08,0.0,0.88,0.0,0.0,0.0,10.03,0.0,100.0,41.55,100.0,80.73
2018-01-11 00:18:00,2,1,64.35,85.0,55.0,37.19,45.08,64.35,0.8,0.0,5.63,45.0,44.99,0.0,0.0,0.0,120.0,45.08,0.0,0.88,0.0,0.0,0.0,10.04,0.0,100.0,41.59,100.0,80.73
2018-01-11 00:19:00,2,1,64.34,85.0,55.0,37.19,45.08,64.34,0.8,0.0,5.63,45.0,44.99,0.0,0.0,0.0,120.0,45.08,0.0,0.88,0.0,0.0,0.0,10.04,0.0,100.0,41.64,100.0,80.73
2018-01-11 00:20:00,2,1,64.33,85.0,55.0,37.18,45.08,64.33,0.8,0.0,5.63,45.0,44.99,0.0,0.0,0.0,120.0,45.08,0.0,0.88,0.0,0.0,0.0,10.04,0.0,100.0,41.68,100.0,80.74
2018-01-11 00:21:00,2,1,64.32,85.0,55.0,37.18,45.08,64.32,0.8,0.0,5.63,45.0,44.99,0.0,0.0,0.0,120.0,45.08,0.0,0.88,0.0,0.0,0.0,10.04,0.0,100.0,41.72,100.0,80.74
2018-01-11 00:22:00,2,1,64.31,85.0,55.0,37.18,45.08,64.31,0.8,0.0,5.63,45.0,44.99,0.0,0.0,0.0,120.0,45.08,0.0,0.88,0.0,0.0,0.0,10.04,0.0,100.0,41.77,100.0,80.74
2018-01-11 00:23:00,2,1,64.3,85.0,55.0,37.17,45.08,64.3,0.8,0.0,5.63,45.0,44.99,0.0,0.0,0.0,120.0,45.08,0.0,0.88,0.0,0.0,0.0,10.04,0.0,100.0,41.82,100.0,80.74
2018-01-11 00:24:00,2,1,64.29,85.0,55.0,37.17,45.07,64.29,0.8,0.0,5.63,45.0,44.99,0.0,0.0,0.0,120.0,45.07,0.0,0.88,0.0,0.0,0.0,10.04,0.0,100.0,41.86,100.0,80.74
2018-01-11 00:25:00,2,1,64.28,85.0,55.0,37.16,45.07,64.28,0.8,0.0,5.63,45.0,44.99,0.0,0.0,0.0,120.0,45.07,0.0,0.88,0.0,0.0,0.0,10.04,0.0,100.0,41.91,100.0,80.74
2018-01-11 00:26:00,2,1,64.27,85.0,55.0,37.16,45.07,64.27,0.8,0.0,5.63,45.0,44.99,0.0,0.0,0.0,120.0,45.07,0.0,0.88,0.0,0.0,0.0,10.05,0.0,100.0,41.96,100.0,80.74
2018-01-11 00:27:00,2,1,64.26,85.0,55.0,37.15,45.07,64.26,0.8,0.0,5.63,45.0,44.99,0.0,0.0,0.0,120.0,45.07,0.0,0.88,0.0,0.0,0.0,10.05,0.0,100.0,42.01,100.0,80.74
2018-01-11 00:28:00,2,1,64.25,85.0,55.0,37.15,45.07,64.25,0.8,0.0,5.63,45.0,44.99,0.0,0.0,0.0,120.0,45.07,0.0,0.88,0.0,0.0,0.0,10.05,0.0,100.0,42.06,100.0,80.74
2018-01-11 00:29:00,2,1,64.24,85.0,55.0,37.15,45.07,64.24,0.8,0.0,5.63,45.0,44.99,0.0,0.0,0.0,120.0,45.07,0.0,0.88,0.0,0.0,0.0,10.05,0.0,100.0,42.11,100.0,80.74
2018-01-11 00:30:00,2,1,64.23,85.0,55.0,37.14,45.07,64.23,0.8,0.0,5.63,45.0,44.99,0.0,0.0,0.0,120.0,45.07,0.0,0.88,0.0,0.0,0.0,10.05,0.0,100.0,42.16,100.0,80.74
2018-01-11 00:31:00,2,1,64.22,85.0,55.0,37.14,45.07,64.22,0.8,0.0,5.63,45.0,44.99,0.0,0.0,0.0,120.0,45.07,0.0,0.88,0.0,0.0,0.0,10.05,0.0,100.0,42.21,100.0,80.74
2018-01-11 00:32:00,2,1,64.21,85.0,55.0,37.13,45.07,64.21,0.8,0.0,5.63,45.0,44.99,0.0,0.0,0.0,120.0,45.07,0.0,0.88,0.0,0.0,0.0,10.05,0.0,100.0,42.26,100.0,80.74
2018-01-11 00:33:00,2,1,64.2,85.0,55.0,37.13,45.07,64.2,0.8,0.0,5.63,45.0,44.99,0.0,0.0,0.0,120.0,45.07,0.0,0.88,0.0,0.0,0.0,10.05,0.0,100.0,42.32,100.0,80.74
2018-01-11 00:34:00,2,1,64.19,85.0,55.0,37.12,45.07,64.19,0.8,0.0,5.63,45.0,44.99,0.0,0.0,0.0,120.0,45.07,0.0,0.88,0.0,0.0,0.0,10.06,0.0,100.0,42.37,100.0,80.74
2018-01-11 00:35:00,2,1,64.18,85.0,55.0,37.12,45.07,64.18,0.8,0.0,5.63,45.0,44.99,0.0,0.0,0.0,120.0,45.07,0.0,0.88,0.0,0.0,0.0,10.06,0.0,100.0,42.43,100.0,80.73
2018-01-11 00:36:00,2,1,64.17,85.0,55.0,37.12,45.07,64.17,0.8,0.0,5.63,45.0,44.99,0.0,0.0,0.0,120.0,45.07,0.0,0.88,0.0,0.0,0.0,10.06,0.0,100.0,42.48,100.0,80.73
2018-01-11 00:37:00,2,1,64.16,85.0,55.0,37.11,45.07,64.16,0.8,0.0,5.63,45.0,44.99,0.0,0.0,0.0,120.0,45.07,0.0,0.88,0.0,0.0,0.0,10.06,0.0,100.0,42.54,100.0,80.73
2018-01-11 00:38:00,2,1,64.15,85.0,55.0,37.11,45.07,64.15,0.8,0.0,5.63,45.0,44.99,0.0,0.0,0.0,120.0,45.07,0.0,0.88,0.0,0.0,0.0,10.06,0.0,100.0,42.59,100.0,80.72
2018-01-11 00:39:00,2,1,64.14,85.0,55.0,37.1,45.06,64.14,0.8,0.0,5.63,45.0,44.99,0.0,0.0,0.0,120.0,45.06,0.0,0.88,0.0,0.0,0.0,10.06,0.0,100.0,42.65,100.0,80.72
2018-01-11 00:40:00,2,1,64.14,85.0,55.0,37.1,45.06,64.14,0.8,0.0,5.63,45.0,44.99,0.0,0.0,0.0,120.0,45.06,0.0,0.88,0.0,0.0,0.0,10.06,0.0,100.0,42.71,100.0,80.72
2018-01-11 00:41:00,2,1,64.13,85.0,55.0,37.09,45.06,64.13,0.8,0.0,5.63,45.0,44.99,0.0,0.0,0.0,120.0,45.06,0.0,0.88,0.0,0.0,0.0,10.06,0.0,100.0,42.77,100.0,80.71
2018-01-11 00:42:00,2,1,64.12,85.0,55.0,37.09,45.06,64.12,0.8,0.0,5.63,45.0,44.99,0.0,0.0,0.0,120.0,45.06,0.0,0.88,0.0,0.0,0.0,10.06,0.0,100.0,42.83,100.0,80.71
2018-01-11 00:43:00,2,1,64.11,85.0,55.0,37.09,45.06,64.11,0.8,0.0,5.63,45.0,44.99,0.0,0.0,0.0,120.0,45.06,0.0,0.88,0.0,0.0,0.0,10.06,0.0,100.0,42.89,100.0,80.7
2018-01-11 00:44:00,2,1,64.1,85.0,55.0,37.08,45.06,64.1,0.8,0.0,5.63,45.0,44.99,0.0,0.0,0.0,120.0,45.06,0.0,0.88,0.0,0.0,0.0,10.06,0.0,100.0,42.95,100.0,80.7
2018-01-11 00:45:00,2,1,64.09,85.0,55.0,37.08,45.06,64.09,0.8,0.0,5.63,45.0,44.99,0.0,0.0,0.0,120.0,45.06,0.0,0.88,0.0,0.0,0.0,10.06,0.0,100.0,43.01,100.0,80.69
2018-01-11 00:46:00,2,1,64.08,85.0,55.0,37.07,45.06,64.08,0.8,0.0,5.63,45.0,44.99,0.0,0.0,0.0,120.0,45.06,0.0,0.88,0.0,0.0,0.0,10.06,0.0,100.0,43.07,100.0,80.69
2018-01-11 00:47:00,2,1,64.07,85.0,55.0,37.07,45.06,64.07,0.8,0.0,5.63,45.0,44.99,0.0,0.0,0.0,120.0,45.06,0.0,0.88,0.0,0.0,0.0,10.06,0.0,100.0,43.13,100.0,80.68
2018-01-11 00:48:00,2,1,64.06,85.0,55.0,37.06,45.06,64.06,0.8,0.0,5.63,45.0,44.99,0.0,0.0,0.0,120.0,45.06,0.0,0.88,0.0,0.0,0.0,10.06,0.0,100.0,43.19,100.0,80.68
2018-01-11 00:49:00,2,1,64.05,85.0,55.0,37.06,45.06,64.05,0.8,0.0,5.63,45.0,44.99,0.0,0.0,0.0,120.0,45.06,0.0,0.88,0.0,0.0,0.0,10.06,0.0,100.0,43.25,100.0,80.67
2018-01-11 00:50:00,2,1,64.04,85.0,55.0,37.05,45.06,64.04,0.8,0.0,5.63,45.0,44.99,0.0,0.0,0.0,120.0,45.06,0.0,0.88,0.0,0.0,0.0,10.06,0.0,100.0,43.32,100.0,80.66
2018-01-11 00:51:00,2,1,64.03,85.0,55.0,37.05,45.06,64.03,0.8,0.0,5.63,45.0,44.99,0.0,0.0,0.0,120.0,45.06,0.0,0.88,0.0,0.0,0.0,10.06,0.0,100.0,43.38,100.0,80.66
2018-01-11 00:52:00,2,1,64.02,85.0,55.0,37.04,45.06,64.02,0.8,0.0,5.63,45.0,44.99,0.0,0.0,0.0,120.0,45.06,0.0,0.88,0.0,0.0,0.0,10.06,0.0,100.0,43.44,100.0,80.65
2018-01-11 00:53:00,2,1,64.01,85.0,55.0,37.04,45.06,64.01,0.8,0.0,5.63,45.0,44.99,0.0,0.0,0.0,120.0,45.06,0.0,0.88,0.0,0.0,0.0,10.06,0.0,100.0,43.51,100.0,80.64
2018-01-11 00:54:00,2,1,64.0,85.0,55.0,37.03,45.06,64.0,0.8,0.0,5.63,45.0,44.99,0.0,0.0,0.0,120.0,45.06,0.0,0.88,0.0,0.0,0.0,10.06,0.0,100.0,43.57,100.0,80.63
2018-01-11 00:55:00,2,1,63.99,85.0,55.0,37.02,45.06,63.99,0.8,0.0,5.63,45.0,44.99,0.0,0.0,0.0,120.0,45.06,0.0,0.88,0.0,0.0,0.0,10.05,0.0,100.0,43.64,100.0,80.63
2018-01-11 00:56:00,2,1,63.99,85.0,55.0,37.02,45.06,63.99,0.8,0.0,5.63,45.0,44.99,0.0,0.0,0.0,120.0,45.06,0.0,0.88,0.0,0.0,0.0,10.05,0.0,100.0,43.7,100.0,80.62
2018-01-11 00:57:00,2,1,63.98,85.0,55.0,37.01,45.05,63.98,0.8,0.0,5.63,45.0,44.99,0.0,0.0,0.0,120.0,45.05,0.0,0.88,0.0,0.0,0.0,10.05,0.0,100.0,43.77,100.0,80.61
2018-01-11 00:58:00,2,1,63.97,85.0,55.0,37.01,45.05,63.97,0.8,0.0,5.63,45.0,44.99,0.0,0.0,0.0,120.0,45.05,0.0,0.88,0.0,0.0,0.0,10.05,0.0,100.0,43.83,100.0,80.6
2018-01-11 00:59:00,2,1,63.96,85.0,55.0,37.0,45.05,63.96,0.8,0.0,5.63,45.0,44.99,0.0,0.0,0.0,120.0,45.05,0.0,0.88,0.0,0.0,0.0,10.04,0.0,100.0,43.9,100.0,80.59
2018-01-11 01:00:00,2,1,63.95,85.0,55.0,36.99,45.05,63.95,0.8,0.0,5.63,45.0,44.99,0.0,0.0,0.0,120.0,45.05,0.0,0.88,0.0,0.0,0.0,10.04,0.0,100.0,43.96,100.0,80.58
2018-01-11 01:01:00,2,1,63.94,85.0,55.0,36.99,45.05,63.94,0.8,0.0,5.63,45.0,44.99,0.0,0.0,0.0,120.0,45.05,0.0,0.88,0.0,0.0,0.0,10.03,0.0,100.0,44.03,100.0,80.57
2018-01-11 01:02:00,2,1,63.93,85.0,55.0,36.98,45.05,63.93,0.8,0.0,5.63,45.0,44.99,0.0,0.0,0.0,120.0,45.05,0.0,0.88,0.0,0.0,0.0,10.02,0.0,100.0,44.08,100.0,80.57
2018-01-11 01:03:00,2,1,63.92,85.0,55.0,36.97,45.05,63.92,0.8,0.0,5.63,45.0,44.99,0.0,0.0,0.0,120.0,45.05,0.0,0.88,0.0,0.0,0.0,10.01,0.0,100.0,44.14,100.0,80.56
2018-01-11 01:04:00,2,1,63.91,85.0,55.0,36.96,45.05,63.91,0.8,0.0,5.63,45.0,44.99,0.0,0.0,0.0,120.0,45.05,0.0,0.88,0.0,0.0,0.0,10.0,0.0,100.0,44.2,100.0,80.55
2018-01-11 01:05:00,2,1,63.9,85.0,55.0,36.95,45.05,63.9,0.8,0.0,5.63,45.0,44.99,0.0,0.0,0.0,120.0,45.05,0.0,0.88,0.0,0.0,0.0,9.99,0.0,100.0,44.26,100.0,80.54
2018-01-11 01:06:00,2,1,63.89,85.0,55.0,36.94,45.05,63.89,0.8,0.0,5.63,45.0,44.99,0.0,0.0,0.0,120.0,45.05,0.0,0.88,0.0,0.0,0.0,9.98,0.0,100.0,44.32,100.0,80.53
2018-01-11 01:07:00,2,1,63.88,85.0,55.0,36.93,45.05,63.88,0.8,0.0,5.63,45.0,44.99,0.0,0.0,0.0,120.0,45.05,0.0,0.88,0.0,0.0,0.0,9.97,0.0,100.0,44.38,100.0,80.52
2018-01-11 01:08:00,2,1,63.87,85.0,55.0,36.92,45.05,63.87,0.8,0.0,5.63,45.0,44.99,0.0,0.0,0.0,120.0,45.05,0.0,0.88,0.0,0.0,0.0,9.96,0.0,100.0,44.44,100.0,80.51
2018-01-11 01:09:00,2,1,63.86,85.0,55.0,36.91,45.05,63.86,0.8,0.0,5.63,45.0,44.99,0.0,0.0,0.0,120.0,45.05,0.0,0.88,0.0,0.0,0.0,9.95,0.0,100.0,44.5,100.0,80.5
2018-01-11 01:10:00,2,1,63.85,85.0,55.0,36.9,45.05,63.85,0.8,0.0,5.63,45.0,44.99,0.0,0.0,0.0,120.0,45.05,0.0,0.88,0.0,0.0,0.0,9.94,0.0,100.0,44.56,100.0,80.49
2018-01-11 01:11:00,2,1,63.85,85.0,55.0,36.88,45.05,63.85,0.8,0.0,5.63,45.0,44.99,0.0,0.0,0.0,120.0,45.05,0.0,0.88,0.0,0.0,0.0,9.92,0.0,100.0,44.63,100.0,80.48
2018-01-11 01:12:00,2,1,63.84,85.0,55.0,36.87,45.05,63.84,0.8,0.0,5.63,45.0,44.99,0.0,0.0,0.0,120.0,45.05,0.0,0.88,0.0,0.0,0.0,9.91,0.0,100.0,44.69,100.0,80.47
2018-01-11 01:13:00,2,1,63.83,85.0,55.0,36.86,45.05,63.83,0.8,0.0,5.63,45.0,44.99,0.0,0.0,0.0,120.0,45.05,0.0,0.88,0.0,0.0,0.0,9.9,0.0,100.0,44.75,100.0,80.47
2018-01-11 01:14:00,2,1,63.82,85.0,55.0,36.85,45.05,63.82,0.8,0.0,5.63,45.0,44.99,0.0,0.0,0.0,120.0,45.05,0.0,0.88,0.0,0.0,0.0,9.88,0.0,100.0,44.81,100.0,80.46
2018-01-11 01:15:00,2,1,63.81,85.0,55.0,36.84,45.05,63.81,0.8,0.0,5.63,45.0,44.99,0.0,0.0,0.0,120.0,45.05,0.0,0.88,0.0,0.0,0.0,9.87,0.0,100.0,44.87,100.0,80.45
2018-01-11 01:16:00,2,1,63.8,85.0,55.0,36.83,45.05,63.8,0.8,0.0,5.63,45.0,44.99,0.0,0.0,0.0,120.0,45.05,0.0,0.88,0.0,0.0,0.0,9.86,0.0,100.0,44.94,100.0,80.44
2018-01-11 01:17:00,2,1,63.79,85.0,55.0,36.82,45.05,63.79,0.8,0.0,5.63,45.0,44.99,0.0,0.0,0.0,120.0,45.05,0.0,0.88,0.0,0.0,0.0,9.84,0.0,100.0,45.0,100.0,80.43
2018-01-11 01:18:00,2,1,63.78,85.0,55.0,36.8,45.04,63.78,0.8,0.0,5.63,45.0,44.99,0.0,0.0,0.0,120.0,45.04,0.0,0.88,0.0,0.0,0.0,9.83,0.0,100.0,45.06,100.0,80.42
2018-01-11 01:19:00,2,1,63.77,85.0,55.0,36.79,45.04,63.77,0.8,0.0,5.63,45.0,44.99,0.0,0.0,0.0,120.0,45.04,0.0,0.88,0.0,0.0,0.0,9.81,0.0,100.0,45.12,100.0,80.41
2018-01-11 01:20:00,2,1,63.76,85.0,55.0,36.78,45.04,63.76,0.8,0.0,5.63,45.0,44.99,0.0,0.0,0.0,120.0,45.04,0.0,0.88,0.0,0.0,0.0,9.8,0.0,100.0,45.19,100.0,80.4
2018-01-11 01:21:00,2,1,63.75,85.0,55.0,36.77,45.04,63.75,0.8,0.0,5.63,45.0,44.99,0.0,0.0,0.0,120.0,45.04,0.0,0.88,0.0,0.0,0.0,9.78,0.0,100.0,45.25,100.0,80.39
2018-01-11 01:22:00,2,1,63.74,85.0,55.0,36.75,45.04,63.74,0.8,0.0,5.63,45.0,44.99,0.0,0.0,0.0,120.0,45.04,0.0,0.88,0.0,0.0,0.0,9.77,0.0,100.0,45.32,100.0,80.38
2018-01-11 01:23:00,2,1,63.73,85.0,55.0,36.74,45.04,63.73,0.8,0.0,5.63,45.0,44.99,0.0,0.0,0.0,120.0,45.04,0.0,0.88,0.0,0.0,0.0,9.75,0.0,100.0,45.38,100.0,80.38
2018-01-11 01:24:00,2,1,63.72,85.0,55.0,36.73,45.04,63.72,0.8,0.0,5.63,45.0,44.99,0.0,0.0,0.0,120.0,45.04,0.0,0.88,0.0,0.0,0.0,9.74,0.0,100.0,45.45,100.0,80.37
2018-01-11 01:25:00,2,1,63.71,85.0,55.0,36.72,45.04,63.71,0.8,0.0,5.63,45.0,44.99,0.0,0.0,0.0,120.0,45.04,0.0,0.88,0.0,0.0,0.0,9.72,0.0,100.0,45.51,100.0,80.36
2018-01-11 01:26:00,2,1,63.7,85.0,55.0,36.7,45.04,63.7,0.8,0.0,5.63,45.0,44.99,0.0,0.0,0.0,120.0,45.04,0.0,0.88,0.0,0.0,0.0,9.7,0.0,100.0,45.58,100.0,80.35
2018-01-11 01:27:00,2,1,63.69,85.0,55.0,36.69,45.04,63.69,0.8,0.0,5.63,45.0,44.99,0.0,0.0,0.0,120.0,45.04,0.0,0.88,0.0,0.0,0.0,9.68,0.0,100.0,45.64,100.0,80.34
2018-01-11 01:28:00,2,1,63.68,85.0,55.0,36.68,45.04,63.68,0.8,0.0,5.63,45.0,44.99,0.0,0.0,0.0,120.0,45.04,0.0,0.88,0.0,0.0,0.0,9.67,0.0,100.0,45.71,100.0,80.33
2018-01-11 01:29:00,2,1,63.67,85.0,55.0,36.66,45.04,63.67,0.8,0.0,5.63,45.0,44.99,0.0,0.0,0.0,120.0,45.04,0.0,0.88,0.0,0.0,0.0,9.65,0.0,100.0,45.77,100.0,80.32
2018-01-11 01:30:00,2,1,63.67,85.0,55.0,36.65,45.04,63.67,0.8,0.0,5.63,45.0,44.99,0.0,0.0,0.0,120.0,45.04,0.0,0.88,0.0,0.0,0.0,9.63,0.0,100.0,45.84,100.0,80.31
2018-01-11 01:31:00,2,1,63.66,85.0,55.0,36.63,45.04,63.66,0.8,0.0,5.63,45.0,44.99,0.0,0.0,0.0,120.0,45.04,0.0,0.88,0.0,0.0,0.0,9.61,0.0,100.0,45.91,100.0,80.31
2018-01-11 01:32:00,2,1,63.65,85.0,55.0,36.62,45.04,63.65,0.8,0.0,5.63,45.0,44.99,0.0,0.0,0.0,120.0,45.04,0.0,0.88,0.0,0.0,0.0,9.6,0.0,100.0,45.97,100.0,80.3
2018-01-11 01:33:00,2,1,63.64,85.0,55.0,36.61,45.04,63.64,0.8,0.0,5.63,45.0,44.99,0.0,0.0,0.0,120.0,45.04,0.0,0.88,0.0,0.0,0.0,9.58,0.0,100.0,46.04,100.0,80.29
2018-01-11 01:34:00,2,1,63.63,85.0,55.0,36.59,45.04,63.63,0.8,0.0,5.63,45.0,44.99,0.0,0.0,0.0,120.0,45.04,0.0,0.88,0.0,0.0,0.0,9.56,0.0,100.0,46.11,100.0,80.28
2018-01-11 01:35:00,2,1,63.62,85.0,55.0,36.58,45.04,63.62,0.8,0.0,5.63,45.0,44.99,0.0,0.0,0.0,120.0,45.04,0.0,0.88,0.0,0.0,0.0,9.54,0.0,100.0,46.18,100.0,80.27
2018-01-11 01:36:00,2,1,63.61,85.0,55.0,36.56,45.04,63.61,0.8,0.0,5.63,45.0,44.99,0.0,0.0,0.0,120.0,45.04,0.0,0.88,0.0,0.0,0.0,9.52,0.0,100.0,46.24,100.0,80.26
2018-01-11 01:37:00,2,1,63.6,85.0,55.0,36.55,45.04,63.6,0.8,0.0,5.63,45.0,44.99,0.0,0.0,0.0,120.0,45.04,0.0,0.88,0.0,0.0,0.0,9.5,0.0,100.0,46.31,100.0,80.26
2018-01-11 01:38:00,2,1,63.59,85.0,55.0,36.53,45.04,63.59,0.8,0.0,5.63,45.0,44.99,0.0,0.0,0.0,120.0,45.04,0.0,0.88,0.0,0.0,0.0,9.48,0.0,100.0,46.38,100.0,80.25
2018-01-11 01:39:00,2,1,63.58,85.0,55.0,36.52,45.04,63.58,0.8,0.0,5.63,45.0,44.99,0.0,0.0,0.0,120.0,45.04,0.0,0.88,0.0,0.0,0.0,9.46,0.0,100.0,46.45,100.0,80.24
2018-01-11 01:40:00,2,1,63.57,85.0,55.0,36.5,45.04,63.57,0.8,0.0,5.63,45.0,44.99,0.0,0.0,0.0,120.0,45.04,0.0,0.88,0.0,0.0,0.0,9.44,0.0,100.0,46.52,100.0,80.23
2018-01-11 01:41:00,2,1,63.56,85.0,55.0,36.49,45.04,63.56,0.8,0.0,5.63,45.0,44.99,0.0,0.0,0.0,120.0,45.04,0.0,0.88,0.0,0.0,0.0,9.42,0.0,100.0,46.59,100.0,80.22
2018-01-11 01:42:00,2,1,63.55,85.0,55.0,36.47,45.04,63.55,0.8,0.0,5.63,45.0,44.99,0.0,0.0,0.0,120.0,45.04,0.0,0.88,0.0,0.0,0.0,9.4,0.0,100.0,46.66,100.0,80.22
2018-01-11 01:43:00,2,1,63.54,85.0,55.0,36.46,45.04,63.54,0.8,0.0,5.63,45.0,44.99,0.0,0.0,0.0,120.0,45.04,0.0,0.88,0.0,0.0,0.0,9.38,0.0,100.0,46.73,100.0,80.21
2018-01-11 01:44:00,2,1,63.53,85.0,55.0,36.44,45.03,63.53,0.8,0.0,5.63,45.0,44.99,0.0,0.0,0.0,120.0,45.03,0.0,0.88,0.0,0.0,0.0,9.35,0.0,100.0,46.8,100.0,80.2
2018-01-11 01:45:00,2,1,63.52,85.0,55.0,36.43,45.03,63.52,0.8,0.0,5.63,45.0,44.99,0.0,0.0,0.0,120.0,45.03,0.0,0.88,0.0,0.0,0.0,9.33,0.0,100.0,46.87,100.0,80.19
2018-01-11 01:46:00,2,1,63.51,85.0,55.0,36.41,45.03,63.51,0.8,0.0,5.63,45.0,44.99,0.0,0.0,0.0,120.0,45.03,0.0,0.88,0.0,0.0,0.0,9.31,0.0,100.0,46.94,100.0,80.19
2018-01-11 01:47:00,2,1,63.5,85.0,55.0,36.39,45.03,63.5,0.8,0.0,5.63,45.0,44.99,0.0,0.0,0.0,120.0,45.03,0.0,0.88,0.0,0.0,0.0,9.29,0.0,100.0,47.01,100.0,80.18
2018-01-11 01:48:00,2,1,63.49,85.0,55.0,36.38,45.03,63.49,0.8,0.0,5.63,45.0,44.99,0.0,0.0,0.0,120.0,45.03,0.0,0.88,0.0,0.0,0.0,9.26,0.0,100.0,47.08,100.0,80.17
2018-01-11 01:49:00,2,1,63.48,85.0,55.0,36.36,45.03,63.48,0.8,0.0,5.63,45.0,44.99,0.0,0.0,0.0,120.0,45.03,0.0,0.88,0.0,0.0,0.0,9.24,0.0,100.0,47.16,100.0,80.17
2018-01-11 01:50:00,2,1,63.47,85.0,55.0,36.35,45.03,63.47,0.8,0.0,5.63,45.0,44.99,0.0,0.0,0.0,120.0,45.03,0.0,0.88,0.0,0.0,0.0,9.22,0.0,100.0,47.23,100.0,80.16
2018-01-11 01:51:00,2,1,63.46,85.0,55.0,36.33,45.03,63.46,0.8,0.0,5.63,45.0,44.99,0.0,0.0,0.0,120.0,45.03,0.0,0.88,0.0,0.0,0.0,9.19,0.0,100.0,47.3,100.0,80.15
2018-01-11 01:52:00,2,1,63.45,85.0,55.0,36.31,45.03,63.45,0.8,0.0,5.63,45.0,44.99,0.0,0.0,0.0,120.0,45.03,0.0,0.88,0.0,0.0,0.0,9.17,0.0,100.0,47.37,100.0,80.14
2018-01-11 01:53:00,2,1,63.44,85.0,55.0,36.29,45.03,63.44,0.8,0.0,5.63,45.0,44.99,0.0,0.0,0.0,120.0,45.03,0.0,0.88,0.0,0.0,0.0,9.15,0.0,100.0,47.44,100.0,80.14
2018-01-11 01:54:00,2,1,63.43,85.0,55.0,36.28,45.03,63.43,0.8,0.0,5.63,45.0,44.99,0.0,0.0,0.0,120.0,45.03,0.0,0.88,0.0,0.0,0.0,9.12,0.0,100.0,47.52,100.0,80.13
2018-01-11 01:55:00,2,1,63.42,85.0,55.0,36.26,45.03,63.42,0.8,0.0,5.63,45.0,44.99,0.0,0.0,0.0,120.0,45.03,0.0,0.88,0.0,0.0,0.0,9.1,0.0,100.0,47.59,100.0,80.13
2018-01-11 01:56:00,2,1,63.41,85.0,55.0,36.24,45.03,63.41,0.8,0.0,5.63,45.0,44.99,0.0,0.0,0.0,120.0,45.03,0.0,0.88,0.0,0.0,0.0,9.07,0.0,100.0,47.67,100.0,80.12
2018-01-11 01:57:00,2,1,63.4,85.0,55.0,36.23,45.03,63.4,0.8,0.0,5.63,45.0,44.99,0.0,0.0,0.0,120.0,45.03,0.0,0.88,0.0,0.0,0.0,9.05,0.0,100.0,47.74,100.0,80.11
2018-01-11 01:58:00,2,1,63.39,85.0,55.0,36.21,45.03,63.39,0.8,0.0,5.63,45.0,44.99,0.0,0.0,0.0,120.0,45.03,0.0,0.88,0.0,0.0,0.0,9.02,0.0,100.0,47.81,100.0,80.11
2018-01-11 01:59:00,2,1,63.38,85.0,55.0,36.19,45.03,63.38,0.8,0.0,5.63,45.0,44.99,0.0,0.0,0.0,120.0,45.03,0.0,0.88,0.0,0.0,0.0,9.0,0.0,100.0,47.89,100.0,80.1
2018-01-11 02:00:00,2,1,63.37,85.0,55.0,36.17,45.03,63.37,0.8,0.0,5.63,45.0,44.99,0.0,0.0,0.0,120.0,45.03,0.0,0.88,0.0,0.0,0.0,8.97,0.0,100.0,47.96,100.0,80.09
2018-01-11 02:01:00,2,1,63.36,85.0,55.0,36.15,45.03,63.36,0.8,0.0,5.63,45.0,44.99,0.0,0.0,0.0,120.0,45.03,0.0,0.88,0.0,0.0,0.0,8.94,0.0,100.0,48.03,100.0,80.09
2018-01-11 02:02:00,2,1,63.35,85.0,55.0,36.13,45.03,63.35,0.8,0.0,5.63,45.0,44.99,0.0,0.0,0.0,120.0,45.03,0.0,0.88,0.0,0.0,0.0,8.91,0.0,100.0,48.1,100.0,80.08
2018-01-11 02:03:00,2,1,63.34,85.0,55.0,36.11,45.03,63.34,0.8,0.0,5.63,45.0,44.99,0.0,0.0,0.0,120.0,45.03,0.0,0.88,0.0,0.0,0.0,8.88,0.0,100.0,48.16,100.0,80.08
2018-01-11 02:04:00,2,1,63.33,85.0,55.0,36.09,45.03,63.33,0.8,0.0,5.63,45.0,44.99,0.0,0.0,0.0,120.0,45.03,0.0,0.88,0.0,0.0,0.0,8.85,0.0,100.0,48.23,100.0,80.07
2018-01-11 02:05:00,2,1,63.32,85.0,55.0,36.07,45.03,63.32,0.8,0.0,5.63,45.0,44.99,0.0,0.0,0.0,120.0,45.03,0.0,0.88,0.0,0.0,0.0,8.82,0.0,100.0,48.29,100.0,80.07
2018-01-11 02:06:00,2,1,63.31,85.0,55.0,36.05,45.03,63.31,0.8,0.0,5.63,45.0,44.99,0.0,0.0,0.0,120.0,45.03,0.0,0.88,0.0,0.0,0.0,8.78,0.0,100.0,48.36,100.0,80.06
2018-01-11 02:07:00,2,1,63.3,85.0,55.0,36.03,45.03,63.3,0.8,0.0,5.63,45.0,44.99,0.0,0.0,0.0,120.0,45.03,0.0,0.88,0.0,0.0,0.0,8.75,0.0,100.0,48.42,100.0,80.06
2018-01-11 02:08:00,2,1,63.29,85.0,55.0,36.01,45.03,63.29,0.8,0.0,5.63,45.0,44.99,0.0,0.0,0.0,120.0,45.03,0.0,0.88,0.0,0.0,0.0,8.72,0.0,100.0,48.49,100.0,80.05
2018-01-11 02:09:00,2,1,63.28,85.0,55.0,35.98,45.03,63.28,0.8,0.0,5.63,45.0,44.99,0.0,0.0,0.0,120.0,45.03,0.0,0.88,0.0,0.0,0.0,8.69,0.0,100.0,48.56,100.0,80.05
2018-01-11 02:10:00,2,1,63.27,85.0,55.0,35.96,45.03,63.27,0.8,0.0,5.63,45.0,44.99,0.0,0.0,0.0,120.0,45.03,0.0,0.88,0.0,0.0,0.0,8.65,0.0,100.0,48.62,100.0,80.04
2018-01-11 02:11:00,2,1,63.26,85.0,55.0,35.94,45.03,63.26,0.8,0.0,5.63,45.0,44.99,0.0,0.0,0.0,120.0,45.03,0.0,0.88,0.0,0.0,0.0,8.62,0.0,100.0,48.69,100.0,80.04
2018-01-11 02:12:00,2,1,63.25,85.0,55.0,35.92,45.03,63.25,0.8,0.0,5.63,45.0,44.99,0.0,0.0,0.0,120.0,45.03,0.0,0.88,0.0,0.0,0.0,8.59,0.0,100.0,48.76,100.0,80.04
2018-01-11 02:13:00,2,1,63.24,85.0,55.0,35.9,45.03,63.24,0.8,0.0,5.63,45.0,44.99,0.0,0.0,0.0,120.0,45.03,0.0,0.88,0.0,0.0,0.0,8.55,0.0,100.0,48.83,100.0,80.03
2018-01-11 02:14:00,2,1,63.23,85.0,55.0,35.88,45.03,63.23,0.8,0.0,5.63,45.0,44.99,0.0,0.0,0.0,120.0,45.03,0.0,0.88,0.0,0.0,0.0,8.52,0.0,100.0,48.9,100.0,80.03
2018-01-11 02:15:00,2,1,63.22,85.0,55.0,35.85,45.03,63.22,0.8,0.0,5.63,45.0,44.99,0.0,0.0,0.0,120.0,45.03,0.0,0.88,0.0,0.0,0.0,8.49,0.0,100.0,48.97,100.0,80.03
2018-01-11 02:16:00,2,1,63.21,85.0,55.0,35.83,45.03,63.21,0.8,0.0,5.63,45.0,44.99,0.0,0.0,0.0,120.0,45.03,0.0,0.88,0.0,0.0,0.0,8.45,0.0,100.0,49.04,100.0,80.02
2018-01-11 02:17:00,2,1,63.2,85.0,55.0,35.81,45.03,63.2,0.8,0.0,5.63,45.0,44.99,0.0,0.0,0.0,120.0,45.03,0.0,0.88,0.0,0.0,0.0,8.42,0.0,100.0,49.11,100.0,80.02
2018-01-11 02:18:00,2,1,63.19,85.0,55.0,35.79,45.02,63.19,0.8,0.0,5.63,45.0,44.99,0.0,0.0,0.0,120.0,45.02,0.0,0.88,0.0,0.0,0.0,8.39,0.0,100.0,49.18,100.0,80.01
2018-01-11 02:19:00,2,1,63.18,85.0,55.0,35.76,45.02,63.18,0.8,0.0,5.63,45.0,44.99,0.0,0.0,0.0,120.0,45.02,0.0,0.88,0.0,0.0,0.0,8.35,0.0,100.0,49.25,100.0,80.01
2018-01-11 02:20:00,2,1,63.17,85.0,55.0,35.74,45.02,63.17,0.8,0.0,5.63,45.0,44.99,0.0,0.0,0.0,120.0,45.02,0.0,0.88,0.0,0.0,0.0,8.32,0.0,100.0,49.32,100.0,80.01
2018-01-11 02:21:00,2,1,63.16,85.0,55.0,35.72,45.02,63.16,0.8,0.0,5.63,45.0,44.99,0.0,0.0,0.0,120.0,45.02,0.0,0.88,0.0,0.0,0.0,8.28,0.0,100.0,49.4,100.0,80.01
2018-01-11 02:22:00,2,1,63.14,85.0,55.0,35.7,45.02,63.14,0.8,0.0,5.63,45.0,44.99,0.0,0.0,0.0,120.0,45.02,0.0,0.88,0.0,0.0,0.0,8.25,0.0,100.0,49.47,100.0,80.0
2018-01-11 02:23:00,2,1,63.13,85.0,55.0,35.67,45.02,63.13,0.8,0.0,5.63,45.0,44.99,0.0,0.0,0.0,120.0,45.02,0.0,0.88,0.0,0.0,0.0,8.22,0.0,100.0,49.55,100.0,80.0
2018-01-11 02:24:00,2,1,63.12,85.0,55.0,35.65,45.02,63.12,0.8,0.0,5.63,45.0,44.99,0.0,0.0,0.0,120.0,45.02,0.0,0.88,0.0,0.0,0.0,8.18,0.0,100.0,49.62,100.0,80.0
2018-01-11 02:25:00,2,1,63.11,85.0,55.0,35.63,45.02,63.11,0.8,0.0,5.63,45.0,44.99,0.0,0.0,0.0,120.0,45.02,0.0,0.88,0.0,0.0,0.0,8.15,0.0,100.0,49.7,100.0,79.99
2018-01-11 02:26:00,2,1,63.1,85.0,55.0,35.61,45.02,63.1,0.8,0.0,5.63,45.0,44.99,0.0,0.0,0.0,120.0,45.02,0.0,0.88,0.0,0.0,0.0,8.11,0.0,100.0,49.77,100.0,79.99
2018-01-11 02:27:00,2,1,63.09,85.0,55.0,35.58,45.02,63.09,0.8,0.0,5.63,45.0,44.99,0.0,0.0,0.0,120.0,45.02,0.0,0.88,0.0,0.0,0.0,8.08,0.0,100.0,49.85,100.0,79.99
2018-01-11 02:28:00,2,1,63.08,85.0,55.0,35.56,45.02,63.08,0.8,0.0,5.63,45.0,44.99,0.0,0.0,0.0,120.0,45.02,0.0,0.88,0.0,0.0,0.0,8.04,0.0,100.0,49.93,100.0,79.99
2018-01-11 02:29:00,2,1,63.07,85.0,55.0,35.54,45.02,63.07,0.8,0.0,5.63,45.0,44.99,0.0,0.0,0.0,120.0,45.02,0.0,0.88,0.0,0.0,0.0,8.01,0.0,100.0,50.01,100.0,79.98
2018-01-11 02:30:00,2,1,63.06,85.0,55.0,35.52,45.02,63.06,0.8,0.0,5.63,45.0,44.99,0.0,0.0,0.0,120.0,45.02,0.0,0.88,0.0,0.0,0.0,7.97,0.0,100.0,50.09,100.0,79.98
2018-01-11 02:31:00,2,1,63.05,85.0,55.0,35.49,45.02,63.05,0.8,0.0,5.63,45.0,44.99,0.0,0.0,0.0,120.0,45.02,0.0,0.88,0.0,0.0,0.0,7.94,0.0,100.0,50.17,100.0,79.98
2018-01-11 02:32:00,2,1,63.04,85.0,55.0,35.47,45.02,63.04,0.8,0.0,5.63,45.0,44.99,0.0,0.0,0.0,120.0,45.02,0.0,0.88,0.0,0.0,0.0,7.91,0.0,100.0,50.25,100.0,79.98
2018-01-11 02:33:00,2,1,63.02,85.0,55.0,35.45,45.02,63.02,0.8,0.0,5.63,45.0,44.99,0.0,0.0,0.0,120.0,45.02,0.0,0.88,0.0,0.0,0.0,7.87,0.0,100.0,50.33,100.0,79.97
2018-01-11 02:34:00,2,1,63.01,85.0,55.0,35.43,45.02,63.01,0.8,0.0,5.63,45.0,44.99,0.0,0.0,0.0,120.0,45.02,0.0,0.88,0.0,0.0,0.0,7.84,0.0,100.0,50.42,100.0,79.97
2018-01-11 02:35:00,2,1,63.0,85.0,55.0,35.4,45.02,63.0,0.8,0.0,5.63,45.0,44.99,0.0,0.0,0.0,120.0,45.02,0.0,0.88,0.0,0.0,0.0,7.8,0.0,100.0,50.5,100.0,79.97
2018-01-11 02:36:00,2,1,62.99,85.0,55.0,35.38,45.02,62.99,0.8,0.0,5.63,45.0,44.99,0.0,0.0,0.0,120.0,45.02,0.0,0.88,0.0,0.0,0.0,7.77,0.0,100.0,50.59,100.0,79.97
2018-01-11 02:37:00,2,1,62.98,85.0,55.0,35.36,45.02,62.98,0.8,0.0,5.63,45.0,44.99,0.0,0.0,0.0,120.0,45.02,0.0,0.88,0.0,0.0,0.0,7.73,0.0,100.0,50.67,100.0,79.97
2018-01-11 02:38:00,2,1,62.97,85.0,55.0,35.34,45.02,62.97,0.8,0.0,5.63,45.0,44.99,0.0,0.0,0.0,120.0,45.02,0.0,0.88,0.0,0.0,0.0,7.7,0.0,100.0,50.76,100.0,79.96
2018-01-11 02:39:00,2,1,62.96,85.0,55.0,35.31,45.02,62.96,0.8,0.0,5.63,45.0,44.99,0.0,0.0,0.0,120.0,45.02,0.0,0.88,0.0,0.0,0.0,7.67,0.0,100.0,50.85,100.0,79.96
2018-01-11 02:40:00,2,1,62.95,85.0,55.0,35.29,45.02,62.95,0.8,0.0,5.63,45.0,44.99,0.0,0.0,0.0,120.0,45.02,0.0,0.88,0.0,0.0,0.0,7.63,0.0,100.0,50.94,100.0,79.96
2018-01-11 02:41:00,2,1,62.94,85.0,55.0,35.27,45.02,62.94,0.8,0.0,5.63,45.0,44.99,0.0,0.0,0.0,120.0,45.02,0.0,0.88,0.0,0.0,0.0,7.6,0.0,100.0,51.03,100.0,79.96
2018-01-11 02:42:00,2,1,62.93,85.0,55.0,35.25,45.02,62.93,0.8,0.0,5.63,45.0,44.99,0.0,0.0,0.0,120.0,45.02,0.0,0.88,0.0,0.0,0.0,7.57,0.0,100.0,51.12,100.0,79.96
2018-01-11 02:43:00,2,1,62.92,85.0,55.0,35.22,45.02,62.92,0.8,0.0,5.63,45.0,44.99,0.0,0.0,0.0,120.0,45.02,0.0,0.88,0.0,0.0,0.0,7.53,0.0,100.0,51.21,100.0,79.95
2018-01-11 02:44:00,2,1,62.9,85.0,55.0,35.2,45.02,62.9,0.8,0.0,5.63,45.0,44.99,0.0,0.0,0.0,120.0,45.02,0.0,0.88,0.0,0.0,0.0,7.5,0.0,100.0,51.3,100.0,79.95
2018-01-11 02:45:00,2,1,62.89,85.0,55.0,35.18,45.02,62.89,0.8,0.0,5.63,45.0,44.99,0.0,0.0,0.0,120.0,45.02,0.0,0.88,0.0,0.0,0.0,7.47,0.0,100.0,51.4,100.0,79.95
2018-01-11 02:46:00,2,1,62.88,85.0,55.0,35.16,45.02,62.88,0.8,0.0,5.63,45.0,44.99,0.0,0.0,0.0,120.0,45.02,0.0,0.88,0.0,0.0,0.0,7.43,0.0,100.0,51.49,100.0,79.95
2018-01-11 02:47:00,2,1,62.87,85.0,55.0,35.14,45.02,62.87,0.8,0.0,5.63,45.0,44.99,0.0,0.0,0.0,120.0,45.02,0.0,0.88,0.0,0.0,0.0,7.4,0.0,100.0,51.59,100.0,79.95
2018-01-11 02:48:00,2,1,62.86,85.0,55.0,35.11,45.02,62.86,0.8,0.0,5.63,45.0,44.99,0.0,0.0,0.0,120.0,45.02,0.0,0.88,0.0,0.0,0.0,7.37,0.0,100.0,51.69,100.0,79.94
2018-01-11 02:49:00,2,1,62.85,85.0,55.0,35.09,45.02,62.85,0.8,0.0,5.63,45.0,44.99,0.0,0.0,0.0,120.0,45.02,0.0,0.88,0.0,0.0,0.0,7.34,0.0,100.0,51.78,100.0,79.94
2018-01-11 02:50:00,2,1,62.84,85.0,55.0,35.07,45.02,62.84,0.8,0.0,5.63,45.0,44.99,0.0,0.0,0.0,120.0,45.02,0.0,0.88,0.0,0.0,0.0,7.3,0.0,100.0,51.88,100.0,79.94
2018-01-11 02:51:00,2,1,62.83,85.0,55.0,35.05,45.02,62.83,0.8,0.0,5.63,45.0,44.99,0.0,0.0,0.0,120.0,45.02,0.0,0.88,0.0,0.0,0.0,7.27,0.0,100.0,51.99,100.0,79.94
2018-01-11 02:52:00,2,1,62.82,85.0,55.0,35.03,45.02,62.82,0.8,0.0,5.63,45.0,44.99,0.0,0.0,0.0,120.0,45.02,0.0,0.88,0.0,0.0,0.0,7.24,0.0,100.0,52.09,100.0,79.94
2018-01-11 02:53:00,2,1,62.81,85.0,55.0,35.01,45.02,62.81,0.8,0.0,5.63,45.0,44.99,0.0,0.0,0.0,120.0,45.02,0.0,0.88,0.0,0.0,0.0,7.21,0.0,100.0,52.19,100.0,79.94
2018-01-11 02:54:00,2,1,62.8,85.0,55.0,34.99,45.02,62.8,0.8,0.0,5.63,45.0,44.99,0.0,0.0,0.0,120.0,45.02,0.0,0.88,0.0,0.0,0.0,7.18,0.0,100.0,52.3,100.0,79.93
2018-01-11 02:55:00,2,1,62.78,85.0,55.0,34.96,45.02,62.78,0.8,0.0,5.63,45.0,44.99,0.0,0.0,0.0,120.0,45.02,0.0,0.88,0.0,0.0,0.0,7.15,0.0,100.0,52.4,100.0,79.93
2018-01-11 02:56:00,2,1,62.77,85.0,55.0,34.94,45.02,62.77,0.8,0.0,5.63,45.0,44.99,0.0,0.0,0.0,120.0,45.02,0.0,0.88,0.0,0.0,0.0,7.11,0.0,100.0,52.51,100.0,79.93
2018-01-11 02:57:00,2,1,62.76,85.0,55.0,34.92,45.02,62.76,0.8,0.0,5.63,45.0,44.99,0.0,0.0,0.0,120.0,45.02,0.0,0.88,0.0,0.0,0.0,7.08,0.0,100.0,52.62,100.0,79.93
2018-01-11 02:58:00,2,1,62.75,85.0,55.0,34.9,45.02,62.75,0.8,0.0,5.63,45.0,44.99,0.0,0.0,0.0,120.0,45.02,0.0,0.88,0.0,0.0,0.0,7.05,0.0,100.0,52.73,100.0,79.93
2018-01-11 02:59:00,2,1,62.74,85.0,55.0,34.88,45.02,62.74,0.8,0.0,5.63,45.0,44.99,0.0,0.0,0.0,120.0,45.02,0.0,0.88,0.0,0.0,0.0,7.02,0.0,100.0,52.84,100.0,79.93
2018-01-11 03:00:00,2,1,62.73,85.0,55.0,34.86,45.02,62.73,0.8,0.0,5.63,45.0,44.99,0.0,0.0,0.0,120.0,45.02,0.0,0.88,0.0,0.0,0.0,6.99,0.0,100.0,52.95,100.0,79.92
2018-01-11 03:01:00,2,1,62.72,85.0,55.0,34.85,45.02,62.72,0.8,0.0,5.63,45.0,44.99,0.0,0.0,0.0,120.0,45.02,0.0,0.88,0.0,0.0,0.0,6.97,0.0,100.0,53.09,100.0,79.92
2018-01-11 03:02:00,2,1,62.71,85.0,55.0,34.83,45.02,62.71,0.8,0.0,5.63,45.0,44.99,0.0,0.0,0.0,120.0,45.02,0.0,0.88,0.0,0.0,0.0,6.95,0.0,100.0,53.23,100.0,79.92
2018-01-11 03:03:00,2,1,62.7,85.0,55.0,34.82,45.02,62.7,0.8,0.0,5.63,45.0,44.99,0.0,0.0,0.0,120.0,45.02,0.0,0.88,0.0,0.0,0.0,6.94,0.0,100.0,53.38,100.0,79.92
2018-01-11 03:04:00,2,1,62.69,85.0,55.0,34.8,45.02,62.69,0.8,0.0,5.63,45.0,44.99,0.0,0.0,0.0,120.0,45.02,0.0,0.88,0.0,0.0,0.0,6.92,0.0,100.0,53.53,100.0,79.92
2018-01-11 03:05:00,2,1,62.68,85.0,55.0,34.79,45.02,62.68,0.8,0.0,5.63,45.0,44.99,0.0,0.0,0.0,120.0,45.02,0.0,0.88,0.0,0.0,0.0,6.9,0.0,100.0,53.69,100.0,79.91
2018-01-11 03:06:00,2,1,62.67,85.0,55.0,34.78,45.02,62.67,0.8,0.0,5.63,45.0,44.99,0.0,0.0,0.0,120.0,45.02,0.0,0.88,0.0,0.0,0.0,6.89,0.0,100.0,53.84,100.0,79.91
2018-01-11 03:07:00,2,1,62.66,85.0,55.0,34.76,45.01,62.66,0.8,0.0,5.63,45.0,44.99,0.0,0.0,0.0,120.0,45.01,0.0,0.88,0.0,0.0,0.0,6.87,0.0,100.0,54.0,100.0,79.91
2018-01-11 03:08:00,2,1,62.65,85.0,55.0,34.75,45.01,62.65,0.8,0.0,5.63,45.0,44.99,0.0,0.0,0.0,120.0,45.01,0.0,0.88,0.0,0.0,0.0,6.86,0.0,100.0,54.15,100.0,79.9
2018-01-11 03:09:00,2,1,62.64,85.0,55.0,34.74,45.01,62.64,0.8,0.0,5.63,45.0,44.99,0.0,0.0,0.0,120.0,45.01,0.0,0.88,0.0,0.0,0.0,6.84,0.0,100.0,54.31,100.0,79.9
2018-01-11 03:10:00,2,1,62.63,85.0,55.0,34.73,45.01,62.63,0.8,0.0,5.63,45.0,44.99,0.0,0.0,0.0,120.0,45.01,0.0,0.88,0.0,0.0,0.0,6.83,0.0,100.0,54.47,100.0,79.9
2018-01-11 03:11:00,2,1,62.62,85.0,55.0,34.71,45.01,62.62,0.8,0.0,5.63,45.0,44.99,0.0,0.0,0.0,120.0,45.01,0.0,0.88,0.0,0.0,0.0,6.81,0.0,100.0,54.63,100.0,79.89
2018-01-11 03:12:00,2,1,62.61,85.0,55.0,34.7,45.01,62.61,0.8,0.0,5.63,45.0,44.99,0.0,0.0,0.0,120.0,45.01,0.0,0.88,0.0,0.0,0.0,6.8,0.0,100.0,54.79,100.0,79.89
2018-01-11 03:13:00,2,1,62.6,85.0,55.0,34.69,45.01,62.6,0.8,0.0,5.63,45.0,44.99,0.0,0.0,0.0,120.0,45.01,0.0,0.88,0.0,0.0,0.0,6.78,0.0,100.0,54.95,100.0,79.89
2018-01-11 03:14:00,2,1,62.59,85.0,55.0,34.68,45.01,62.59,0.8,0.0,5.63,45.0,44.99,0.0,0.0,0.0,120.0,45.01,0.0,0.88,0.0,0.0,0.0,6.77,0.0,100.0,55.11,100.0,79.88
2018-01-11 03:15:00,2,1,62.58,85.0,55.0,34.66,45.01,62.58,0.8,0.0,5.63,45.0,44.99,0.0,0.0,0.0,120.0,45.01,0.0,0.88,0.0,0.0,0.0,6.75,0.0,100.0,55.28,100.0,79.88
2018-01-11 03:16:00,2,1,62.57,85.0,55.0,34.65,45.01,62.57,0.8,0.0,5.63,45.0,44.99,0.0,0.0,0.0,120.0,45.01,0.0,0.88,0.0,0.0,0.0,6.74,0.0,100.0,55.44,100.0,79.88
2018-01-11 03:17:00,2,1,62.56,85.0,55.0,34.64,45.01,62.56,0.8,0.0,5.63,45.0,44.99,0.0,0.0,0.0,120.0,45.01,0.0,0.88,0.0,0.0,0.0,6.72,0.0,100.0,55.6,100.0,79.87
2018-01-11 03:18:00,2,1,62.55,85.0,55.0,34.63,45.01,62.55,0.8,0.0,5.63,45.0,44.99,0.0,0.0,0.0,120.0,45.01,0.0,0.88,0.0,0.0,0.0,6.71,0.0,100.0,55.77,100.0,79.87
2018-01-11 03:19:00,2,1,62.54,85.0,55.0,34.62,45.01,62.54,0.8,0.0,5.63,45.0,44.99,0.0,0.0,0.0,120.0,45.01,0.0,0.88,0.0,0.0,0.0,6.7,0.0,100.0,55.94,100.0,79.86
2018-01-11 03:20:00,2,1,62.53,85.0,55.0,34.6,45.01,62.53,0.8,0.0,5.63,45.0,44.99,0.0,0.0,0.0,120.0,45.01,0.0,0.88,0.0,0.0,0.0,6.68,0.0,100.0,56.1,100.0,79.86
2018-01-11 03:21:00,2,1,62.52,85.0,55.0,34.59,45.01,62.52,0.8,0.0,5.63,45.0,44.99,0.0,0.0,0.0,120.0,45.01,0.0,0.88,0.0,0.0,0.0,6.67,0.0,100.0,56.27,100.0,79.86
2018-01-11 03:22:00,2,1,62.51,85.0,55.0,34.58,45.01,62.51,0.8,0.0,5.63,45.0,44.99,0.0,0.0,0.0,120.0,45.01,0.0,0.88,0.0,0.0,0.0,6.65,0.0,100.0,56.44,100.0,79.85
2018-01-11 03:23:00,2,1,62.5,85.0,55.0,34.57,45.01,62.5,0.8,0.0,5.63,45.0,44.99,0.0,0.0,0.0,120.0,45.01,0.0,0.88,0.0,0.0,0.0,6.64,0.0,100.0,56.61,100.0,79.85
2018-01-11 03:24:00,2,1,62.49,85.0,55.0,34.56,45.01,62.49,0.8,0.0,5.63,45.0,44.99,0.0,0.0,0.0,120.0,45.01,0.0,0.88,0.0,0.0,0.0,6.63,0.0,100.0,56.78,100.0,79.84
2018-01-11 03:25:00,2,1,62.48,85.0,55.0,34.55,45.01,62.48,0.8,0.0,5.63,45.0,44.99,0.0,0.0,0.0,120.0,45.01,0.0,0.88,0.0,0.0,0.0,6.61,0.0,100.0,56.95,100.0,79.84
2018-01-11 03:26:00,2,1,62.47,85.0,55.0,34.53,45.01,62.47,0.8,0.0,5.63,45.0,44.99,0.0,0.0,0.0,120.0,45.01,0.0,0.88,0.0,0.0,0.0,6.6,0.0,100.0,57.12,100.0,79.84
2018-01-11 03:27:00,2,1,62.46,85.0,55.0,34.52,45.01,62.46,0.8,0.0,5.63,45.0,44.99,0.0,0.0,0.0,120.0,45.01,0.0,0.88,0.0,0.0,0.0,6.59,0.0,100.0,57.29,100.0,79.83
2018-01-11 03:28:00,2,1,62.45,85.0,55.0,34.51,45.01,62.45,0.8,0.0,5.63,45.0,44.99,0.0,0.0,0.0,120.0,45.01,0.0,0.88,0.0,0.0,0.0,6.57,0.0,100.0,57.46,100.0,79.83
2018-01-11 03:29:00,2,1,62.44,85.0,55.0,34.5,45.01,62.44,0.8,0.0,5.63,45.0,44.99,0.0,0.0,0.0,120.0,45.01,0.0,0.88,0.0,0.0,0.0,6.56,0.0,100.0,57.63,100.0,79.82
2018-01-11 03:30:00,2,1,62.43,85.0,55.0,34.49,45.01,62.43,0.8,0.0,5.63,45.0,44.99,0.0,0.0,0.0,120.0,45.01,0.0,0.88,0.0,0.0,0.0,6.55,0.0,100.0,57.8,100.0,79.82
2018-01-11 03:31:00,2,1,62.42,85.0,55.0,34.48,45.01,62.42,0.8,0.0,5.63,45.0,44.99,0.0,0.0,0.0,120.0,45.01,0.0,0.88,0.0,0.0,0.0,6.53,0.0,100.0,57.98,100.0,79.81
2018-01-11 03:32:00,2,1,62.41,85.0,55.0,34.47,45.01,62.41,0.8,0.0,5.63,45.0,44.99,0.0,0.0,0.0,120.0,45.01,0.0,0.88,0.0,0.0,0.0,6.52,0.0,100.0,58.15,100.0,79.81
2018-01-11 03:33:00,2,1,62.4,85.0,55.0,34.45,45.01,62.4,0.8,0.0,5.63,45.0,44.99,0.0,0.0,0.0,120.0,45.01,0.0,0.88,0.0,0.0,0.0,6.51,0.0,100.0,58.32,100.0,79.81
2018-01-11 03:34:00,2,1,62.39,85.0,55.0,34.44,45.01,62.39,0.8,0.0,5.63,45.0,44.99,0.0,0.0,0.0,120.0,45.01,0.0,0.88,0.0,0.0,0.0,6.49,0.0,100.0,58.5,100.0,79.8
2018-01-11 03:35:00,2,1,62.38,85.0,55.0,34.43,45.01,62.38,0.8,0.0,5.63,45.0,44.99,0.0,0.0,0.0,120.0,45.01,0.0,0.88,0.0,0.0,0.0,6.48,0.0,100.0,58.67,100.0,79.8
2018-01-11 03:36:00,2,1,62.37,85.0,55.0,34.42,45.01,62.37,0.8,0.0,5.63,45.0,44.99,0.0,0.0,0.0,120.0,45.01,0.0,0.88,0.0,0.0,0.0,6.47,0.0,100.0,58.84,100.0,79.79
2018-01-11 03:37:00,2,1,62.36,85.0,55.0,34.41,45.01,62.36,0.8,0.0,5.63,45.0,44.99,0.0,0.0,0.0,120.0,45.01,0.0,0.88,0.0,0.0,0.0,6.45,0.0,100.0,59.01,100.0,79.79
2018-01-11 03:38:00,2,1,62.35,85.0,55.0,34.4,45.01,62.35,0.8,0.0,5.63,45.0,44.99,0.0,0.0,0.0,120.0,45.01,0.0,0.88,0.0,0.0,0.0,6.44,0.0,100.0,59.19,100.0,79.79
2018-01-11 03:39:00,2,1,62.35,85.0,55.0,34.39,45.01,62.35,0.8,0.0,5.63,45.0,44.99,0.0,0.0,0.0,120.0,45.01,0.0,0.88,0.0,0.0,0.0,6.43,0.0,100.0,59.36,100.0,79.78
2018-01-11 03:40:00,2,1,62.34,85.0,55.0,34.37,45.01,62.34,0.8,0.0,5.63,45.0,44.99,0.0,0.0,0.0,120.0,45.01,0.0,0.88,0.0,0.0,0.0,6.41,0.0,100.0,59.53,100.0,79.78
2018-01-11 03:41:00,2,1,62.33,85.0,55.0,34.36,45.01,62.33,0.8,0.0,5.63,45.0,44.99,0.0,0.0,0.0,120.0,45.01,0.0,0.88,0.0,0.0,0.0,6.4,0.0,100.0,59.71,100.0,79.77
2018-01-11 03:42:00,2,1,62.32,85.0,55.0,34.35,45.01,62.32,0.8,0.0,5.63,45.0,44.99,0.0,0.0,0.0,120.0,45.01,0.0,0.88,0.0,0.0,0.0,6.38,0.0,100.0,59.88,100.0,79.77
2018-01-11 03:43:00,2,1,62.31,85.0,55.0,34.34,45.01,62.31,0.8,0.0,5.63,45.0,44.99,0.0,0.0,0.0,120.0,45.01,0.0,0.88,0.0,0.0,0.0,6.37,0.0,100.0,60.05,100.0,79.77
2018-01-11 03:44:00,2,1,62.3,85.0,55.0,34.33,45.01,62.3,0.8,0.0,5.63,45.0,44.99,0.0,0.0,0.0,120.0,45.01,0.0,0.88,0.0,0.0,0.0,6.35,0.0,100.0,60.23,100.0,79.76
2018-01-11 03:45:00,2,1,62.29,85.0,55.0,34.31,45.01,62.29,0.8,0.0,5.63,45.0,44.99,0.0,0.0,0.0,120.0,45.01,0.0,0.88,0.0,0.0,0.0,6.34,0.0,100.0,60.4,100.0,79.76
2018-01-11 03:46:00,2,1,62.28,85.0,55.0,34.3,45.01,62.28,0.8,0.0,5.63,45.0,44.99,0.0,0.0,0.0,120.0,45.01,0.0,0.88,0.0,0.0,0.0,6.32,0.0,100.0,60.57,100.0,79.75
2018-01-11 03:47:00,2,1,62.27,85.0,55.0,34.29,45.01,62.27,0.8,0.0,5.63,45.0,44.99,0.0,0.0,0.0,120.0,45.01,0.0,0.88,0.0,0.0,0.0,6.31,0.0,100.0,60.74,100.0,79.75
2018-01-11 03:48:00,2,1,62.26,85.0,55.0,34.28,45.01,62.26,0.8,0.0,5.63,45.0,44.99,0.0,0.0,0.0,120.0,45.01,0.0,0.88,0.0,0.0,0.0,6.29,0.0,100.0,60.91,100.0,79.75
2018-01-11 03:49:00,2,1,62.25,85.0,55.0,34.26,45.01,62.25,0.8,0.0,5.63,45.0,44.99,0.0,0.0,0.0,120.0,45.01,0.0,0.88,0.0,0.0,0.0,6.28,0.0,100.0,61.09,100.0,79.74
2018-01-11 03:50:00,2,1,62.24,85.0,55.0,34.25,45.01,62.24,0.8,0.0,5.63,45.0,44.99,0.0,0.0,0.0,120.0,45.01,0.0,0.88,0.0,0.0,0.0,6.26,0.0,100.0,61.26,100.0,79.74
2018-01-11 03:51:00,2,1,62.23,85.0,55.0,34.24,45.01,62.23,0.8,0.0,5.63,45.0,44.99,0.0,0.0,0.0,120.0,45.01,0.0,0.88,0.0,0.0,0.0,6.25,0.0,100.0,61.43,100.0,79.74
2018-01-11 03:52:00,2,1,62.22,85.0,55.0,34.23,45.01,62.22,0.8,0.0,5.63,45.0,44.99,0.0,0.0,0.0,120.0,45.01,0.0,0.88,0.0,0.0,0.0,6.23,0.0,100.0,61.6,100.0,79.73
2018-01-11 03:53:00,2,1,62.21,85.0,55.0,34.21,45.01,62.21,0.8,0.0,5.63,45.0,44.99,0.0,0.0,0.0,120.0,45.01,0.0,0.88,0.0,0.0,0.0,6.21,0.0,100.0,61.77,100.0,79.73
2018-01-11 03:54:00,2,1,62.2,85.0,55.0,34.2,45.01,62.2,0.8,0.0,5.63,45.0,44.99,0.0,0.0,0.0,120.0,45.01,0.0,0.88,0.0,0.0,0.0,6.2,0.0,100.0,61.93,100.0,79.73
2018-01-11 03:55:00,2,1,62.19,85.0,55.0,34.19,45.01,62.19,0.8,0.0,5.63,45.0,44.99,0.0,0.0,0.0,120.0,45.01,0.0,0.88,0.0,0.0,0.0,6.18,0.0,100.0,62.1,100.0,79.72
2018-01-11 03:56:00,2,1,62.18,85.0,55.0,34.17,45.01,62.18,0.8,0.0,5.63,45.0,44.99,0.0,0.0,0.0,120.0,45.01,0.0,0.88,0.0,0.0,0.0,6.16,0.0,100.0,62.27,100.0,79.72
2018-01-11 03:57:00,2,1,62.17,85.0,55.0,34.16,45.01,62.17,0.8,0.0,5.63,45.0,44.99,0.0,0.0,0.0,120.0,45.01,0.0,0.88,0.0,0.0,0.0,6.14,0.0,100.0,62.44,100.0,79.72
2018-01-11 03:58:00,2,1,62.17,85.0,55.0,34.15,45.01,62.17,0.8,0.0,5.63,45.0,44.99,0.0,0.0,0.0,120.0,45.01,0.0,0.88,0.0,0.0,0.0,6.13,0.0,100.0,62.6,100.0,79.71
2018-01-11 03:59:00,2,1,62.16,85.0,55.0,34.13,45.01,62.16,0.8,0.0,5.63,45.0,44.99,0.0,0.0,0.0,120.0,45.01,0.0,0.88,0.0,0.0,0.0,6.11,0.0,100.0,62.77,100.0,79.71
2018-01-11 04:00:00,2,1,62.15,85.0,55.0,34.12,45.01,62.15,0.8,0.0,5.63,45.0,44.99,0.0,0.0,0.0,120.0,45.01,0.0,0.88,0.0,0.0,0.0,6.09,0.0,100.0,62.93,100.0,79.71
2018-01-11 04:01:00,2,1,62.14,85.0,55.0,34.1,45.01,62.14,0.8,0.0,5.63,45.0,44.99,0.0,0.0,0.0,120.0,45.01,0.0,0.88,0.0,0.0,0.0,6.06,0.0,100.0,63.1,100.0,79.71
2018-01-11 04:02:00,2,1,62.13,85.0,55.0,34.07,45.01,62.13,0.8,0.0,5.63,45.0,44.99,0.0,0.0,0.0,120.0,45.01,0.0,0.88,0.0,0.0,0.0,6.02,0.0,100.0,63.26,100.0,79.7
2018-01-11 04:03:00,2,1,62.12,85.0,55.0,34.05,45.01,62.12,0.8,0.0,5.63,45.0,44.99,0.0,0.0,0.0,120.0,45.01,0.0,0.88,0.0,0.0,0.0,5.97,0.0,100.0,63.42,100.0,79.7
2018-01-11 04:04:00,2,1,62.11,85.0,55.0,34.02,45.01,62.11,0.8,0.0,5.63,45.0,44.99,0.0,0.0,0.0,120.0,45.01,0.0,0.88,0.0,0.0,0.0,5.93,0.0,100.0,63.58,100.0,79.7
2018-01-11 04:05:00,2,1,62.1,85.0,55.0,33.99,45.01,62.1,0.8,0.0,5.63,45.0,44.99,0.0,0.0,0.0,120.0,45.01,0.0,0.88,0.0,0.0,0.0,5.89,0.0,100.0,63.74,100.0,79.7
2018-01-11 04:06:00,2,1,62.09,85.0,55.0,33.97,45.01,62.09,0.8,0.0,5.63,45.0,44.99,0.0,0.0,0.0,120.0,45.01,0.0,0.88,0.0,0.0,0.0,5.85,0.0,100.0,63.9,100.0,79.7
2018-01-11 04:07:00,2,1,62.08,85.0,55.0,33.94,45.01,62.08,0.8,0.0,5.63,45.0,44.99,0.0,0.0,0.0,120.0,45.01,0.0,0.88,0.0,0.0,0.0,5.81,0.0,100.0,64.06,100.0,79.7
2018-01-11 04:08:00,2,1,62.06,85.0,55.0,33.91,45.01,62.06,0.8,0.0,5.63,45.0,44.99,0.0,0.0,0.0,120.0,45.01,0.0,0.88,0.0,0.0,0.0,5.76,0.0,100.0,64.22,100.0,79.7
2018-01-11 04:09:00,2,1,62.05,85.0,55.0,33.89,45.01,62.05,0.8,0.0,5.63,45.0,44.99,0.0,0.0,0.0,120.0,45.01,0.0,0.88,0.0,0.0,0.0,5.72,0.0,100.0,64.37,100.0,79.7
2018-01-11 04:10:00,2,1,62.04,85.0,55.0,33.86,45.01,62.04,0.8,0.0,5.63,45.0,44.99,0.0,0.0,0.0,120.0,45.01,0.0,0.88,0.0,0.0,0.0,5.68,0.0,100.0,64.53,100.0,79.7
2018-01-11 04:11:00,2,1,62.03,85.0,55.0,33.83,45.01,62.03,0.8,0.0,5.63,45.0,44.99,0.0,0.0,0.0,120.0,45.01,0.0,0.88,0.0,0.0,0.0,5.63,0.0,100.0,64.68,100.0,79.7
2018-01-11 04:12:00,2,1,62.02,85.0,55.0,33.81,45.01,62.02,0.8,0.0,5.63,45.0,44.99,0.0,0.0,0.0,120.0,45.01,0.0,0.88,0.0,0.0,0.0,5.59,0.0,100.0,64.83,100.0,79.71
2018-01-11 04:13:00,2,1,62.01,85.0,55.0,33.78,45.01,62.01,0.8,0.0,5.63,45.0,44.99,0.0,0.0,0.0,120.0,45.01,0.0,0.88,0.0,0.0,0.0,5.55,0.0,100.0,64.98,100.0,79.71
2018-01-11 04:14:00,2,1,62.0,85.0,55.0,33.75,45.01,62.0,0.8,0.0,5.63,45.0,44.99,0.0,0.0,0.0,120.0,45.01,0.0,0.88,0.0,0.0,0.0,5.5,0.0,100.0,65.13,100.0,79.71
2018-01-11 04:15:00,2,1,61.99,85.0,55.0,33.72,45.01,61.99,0.8,0.0,5.63,45.0,44.99,0.0,0.0,0.0,120.0,45.01,0.0,0.88,0.0,0.0,0.0,5.46,0.0,100.0,65.28,100.0,79.71
2018-01-11 04:16:00,2,1,61.98,85.0,55.0,33.7,45.01,61.98,0.8,0.0,5.63,45.0,44.99,0.0,0.0,0.0,120.0,45.01,0.0,0.88,0.0,0.0,0.0,5.42,0.0,100.0,65.43,100.0,79.72
2018-01-11 04:17:00,2,1,61.96,85.0,55.0,33.67,45.01,61.96,0.8,0.0,5.63,45.0,44.99,0.0,0.0,0.0,120.0,45.01,0.0,0.88,0.0,0.0,0.0,5.37,0.0,100.0,65.57,100.0,79.72
2018-01-11 04:18:00,2,1,61.95,85.0,55.0,33.64,45.01,61.95,0.8,0.0,5.63,45.0,44.99,0.0,0.0,0.0,120.0,45.01,0.0,0.88,0.0,0.0,0.0,5.33,0.0,100.0,65.72,100.0,79.72
2018-01-11 04:19:00,2,1,61.94,85.0,55.0,33.61,45.01,61.94,0.8,0.0,5.63,45.0,44.99,0.0,0.0,0.0,120.0,45.01,0.0,0.88,0.0,0.0,0.0,5.29,0.0,100.0,65.86,100.0,79.72
2018-01-11 04:20:00,2,1,61.93,85.0,55.0,33.59,45.01,61.93,0.8,0.0,5.63,45.0,44.99,0.0,0.0,0.0,120.0,45.01,0.0,0.88,0.0,0.0,0.0,5.24,0.0,100.0,66.0,100.0,79.73
2018-01-11 04:21:00,2,1,61.92,85.0,55.0,33.56,45.01,61.92,0.8,0.0,5.63,45.0,44.99,0.0,0.0,0.0,120.0,45.01,0.0,0.88,0.0,0.0,0.0,5.2,0.0,100.0,66.14,100.0,79.73
2018-01-11 04:22:00,2,1,61.91,85.0,55.0,33.53,45.01,61.91,0.8,0.0,5.63,45.0,44.99,0.0,0.0,0.0,120.0,45.01,0.0,0.88,0.0,0.0,0.0,5.16,0.0,100.0,66.28,100.0,79.73
2018-01-11 04:23:00,2,1,61.9,85.0,55.0,33.51,45.01,61.9,0.8,0.0,5.63,45.0,44.99,0.0,0.0,0.0,120.0,45.01,0.0,0.88,0.0,0.0,0.0,5.12,0.0,100.0,66.41,100.0,79.74
2018-01-11 04:24:00,2,1,61.89,85.0,55.0,33.48,45.01,61.89,0.8,0.0,5.63,45.0,44.99,0.0,0.0,0.0,120.0,45.01,0.0,0.88,0.0,0.0,0.0,5.07,0.0,100.0,66.55,100.0,79.74
2018-01-11 04:25:00,2,1,61.87,85.0,55.0,33.45,45.01,61.87,0.8,0.0,5.63,45.0,44.99,0.0,0.0,0.0,120.0,45.01,0.0,0.88,0.0,0.0,0.0,5.03,0.0,100.0,66.68,100.0,79.75
2018-01-11 04:26:00,2,1,61.86,85.0,55.0,33.43,45.01,61.86,0.8,0.0,5.63,45.0,44.99,0.0,0.0,0.0,120.0,45.01,0.0,0.88,0.0,0.0,0.0,4.99,0.0,100.0,66.81,100.0,79.75
2018-01-11 04:27:00,2,1,61.85,85.0,55.0,33.4,45.01,61.85,0.8,0.0,5.63,45.0,44.99,0.0,0.0,0.0,120.0,45.01,0.0,0.88,0.0,0.0,0.0,4.95,0.0,100.0,66.94,100.0,79.75
2018-01-11 04:28:00,2,1,61.84,85.0,55.0,33.37,45.01,61.84,0.8,0.0,5.63,45.0,44.99,0.0,0.0,0.0,120.0,45.01,0.0,0.88,0.0,0.0,0.0,4.91,0.0,100.0,67.07,100.0,79.76
2018-01-11 04:29:00,2,1,61.83,85.0,55.0,33.35,45.01,61.83,0.8,0.0,5.63,45.0,44.99,0.0,0.0,0.0,120.0,45.01,0.0,0.88,0.0,0.0,0.0,4.87,0.0,100.0,67.19,100.0,79.76
2018-01-11 04:30:00,2,1,61.82,85.0,55.0,33.32,45.01,61.82,0.8,0.0,5.63,45.0,44.99,0.0,0.0,0.0,120.0,45.01,0.0,0.88,0.0,0.0,0.0,4.83,0.0,100.0,67.32,100.0,79.76
2018-01-11 04:31:00,2,1,61.8,85.0,55.0,33.3,45.01,61.8,0.8,0.0,5.63,45.0,44.99,0.0,0.0,0.0,120.0,45.01,0.0,0.88,0.0,0.0,0.0,4.79,0.0,100.0,67.44,100.0,79.77
2018-01-11 04:32:00,2,1,61.79,85.0,55.0,33.27,45.0,61.79,0.8,0.0,5.63,45.0,44.99,0.0,0.0,0.0,120.0,45.0,0.0,0.88,0.0,0.0,0.0,4.75,0.0,100.0,67.56,100.0,79.77
2018-01-11 04:33:00,2,1,61.78,85.0,55.0,33.25,45.0,61.78,0.8,0.0,5.63,45.0,44.99,0.0,0.0,0.0,120.0,45.0,0.0,0.88,0.0,0.0,0.0,4.71,0.0,100.0,67.68,100.0,79.78
2018-01-11 04:34:00,2,1,61.77,85.0,55.0,33.22,45.0,61.77,0.8,0.0,5.63,45.0,44.99,0.0,0.0,0.0,120.0,45.0,0.0,0.88,0.0,0.0,0.0,4.67,0.0,100.0,67.79,100.0,79.78
2018-01-11 04:35:00,2,1,61.76,85.0,55.0,33.2,45.0,61.76,0.8,0.0,5.63,45.0,44.99,0.0,0.0,0.0,120.0,45.0,0.0,0.88,0.0,0.0,0.0,4.63,0.0,100.0,67.91,100.0,79.78
2018-01-11 04:36:00,2,1,61.75,85.0,55.0,33.17,45.0,61.75,0.8,0.0,5.63,45.0,44.99,0.0,0.0,0.0,120.0,45.0,0.0,0.88,0.0,0.0,0.0,4.6,0.0,100.0,68.02,100.0,79.79
2018-01-11 04:37:00,2,1,61.74,85.0,55.0,33.15,45.0,61.74,0.8,0.0,5.63,45.0,44.99,0.0,0.0,0.0,120.0,45.0,0.0,0.88,0.0,0.0,0.0,4.56,0.0,100.0,68.13,100.0,79.79
2018-01-11 04:38:00,2,1,61.73,85.0,55.0,33.12,45.0,61.73,0.8,0.0,5.63,45.0,44.99,0.0,0.0,0.0,120.0,45.0,0.0,0.88,0.0,0.0,0.0,4.52,0.0,100.0,68.23,100.0,79.79
2018-01-11 04:39:00,2,1,61.71,85.0,55.0,33.1,45.0,61.71,0.8,0.0,5.63,45.0,44.99,0.0,0.0,0.0,120.0,45.0,0.0,0.88,0.0,0.0,0.0,4.49,0.0,100.0,68.34,100.0,79.8
2018-01-11 04:40:00,2,1,61.7,85.0,55.0,33.08,45.0,61.7,0.8,0.0,5.63,45.0,44.99,0.0,0.0,0.0,120.0,45.0,0.0,0.88,0.0,0.0,0.0,4.45,0.0,100.0,68.44,100.0,79.8
2018-01-11 04:41:00,2,1,61.69,85.0,55.0,33.05,45.0,61.69,0.8,0.0,5.63,45.0,44.99,0.0,0.0,0.0,120.0,45.0,0.0,0.88,0.0,0.0,0.0,4.42,0.0,100.0,68.54,100.0,79.8
2018-01-11 04:42:00,2,1,61.68,85.0,55.0,33.03,45.0,61.68,0.8,0.0,5.63,45.0,44.99,0.0,0.0,0.0,120.0,45.0,0.0,0.88,0.0,0.0,0.0,4.38,0.0,100.0,68.64,100.0,79.81
2018-01-11 04:43:00,2,1,61.67,85.0,55.0,33.01,45.0,61.67,0.8,0.0,5.63,45.0,44.99,0.0,0.0,0.0,120.0,45.0,0.0,0.88,0.0,0.0,0.0,4.35,0.0,100.0,68.74,100.0,79.81
2018-01-11 04:44:00,2,1,61.66,85.0,55.0,32.99,45.0,61.66,0.8,0.0,5.63,45.0,44.99,0.0,0.0,0.0,120.0,45.0,0.0,0.88,0.0,0.0,0.0,4.32,0.0,100.0,68.83,100.0,79.81
2018-01-11 04:45:00,2,1,61.65,85.0,55.0,32.97,45.0,61.65,0.8,0.0,5.63,45.0,44.99,0.0,0.0,0.0,120.0,45.0,0.0,0.88,0.0,0.0,0.0,4.29,0.0,100.0,68.92,100.0,79.82
2018-01-11 04:46:00,2,1,61.64,85.0,55.0,32.95,45.0,61.64,0.8,0.0,5.63,45.0,44.99,0.0,0.0,0.0,120.0,45.0,0.0,0.88,0.0,0.0,0.0,4.26,0.0,100.0,69.01,100.0,79.82
2018-01-11 04:47:00,2,1,61.63,85.0,55.0,32.93,45.0,61.63,0.8,0.0,5.63,45.0,44.99,0.0,0.0,0.0,120.0,45.0,0.0,0.88,0.0,0.0,0.0,4.23,0.0,100.0,69.1,100.0,79.82
2018-01-11 04:48:00,2,1,61.62,85.0,55.0,32.91,45.0,61.62,0.8,0.0,5.63,45.0,44.99,0.0,0.0,0.0,120.0,45.0,0.0,0.88,0.0,0.0,0.0,4.2,0.0,100.0,69.18,100.0,79.82
2018-01-11 04:49:00,2,1,61.6,85.0,55.0,32.89,45.0,61.6,0.8,0.0,5.63,45.0,44.99,0.0,0.0,0.0,120.0,45.0,0.0,0.88,0.0,0.0,0.0,4.17,0.0,100.0,69.26,100.0,79.83
2018-01-11 04:50:00,2,1,61.59,85.0,55.0,32.87,45.0,61.59,0.8,0.0,5.63,45.0,44.99,0.0,0.0,0.0,120.0,45.0,0.0,0.88,0.0,0.0,0.0,4.14,0.0,100.0,69.34,100.0,79.83
2018-01-11 04:51:00,2,1,61.58,85.0,55.0,32.85,45.0,61.58,0.8,0.0,5.63,45.0,44.99,0.0,0.0,0.0,120.0,45.0,0.0,0.88,0.0,0.0,0.0,4.12,0.0,100.0,69.41,100.0,79.83
2018-01-11 04:52:00,2,1,61.57,85.0,55.0,32.83,45.0,61.57,0.8,0.0,5.63,45.0,44.99,0.0,0.0,0.0,120.0,45.0,0.0,0.88,0.0,0.0,0.0,4.09,0.0,100.0,69.49,100.0,79.83
2018-01-11 04:53:00,2,1,61.56,85.0,55.0,32.81,45.0,61.56,0.8,0.0,5.63,45.0,44.99,0.0,0.0,0.0,120.0,45.0,0.0,0.88,0.0,0.0,0.0,4.07,0.0,100.0,69.56,100.0,79.84
2018-01-11 04:54:00,2,1,61.55,85.0,55.0,32.8,45.0,61.55,0.8,0.0,5.63,45.0,44.99,0.0,0.0,0.0,120.0,45.0,0.0,0.88,0.0,0.0,0.0,4.04,0.0,100.0,69.62,100.0,79.84
2018-01-11 04:55:00,2,1,61.54,85.0,55.0,32.78,45.0,61.54,0.8,0.0,5.63,45.0,44.99,0.0,0.0,0.0,120.0,45.0,0.0,0.88,0.0,0.0,0.0,4.02,0.0,100.0,69.69,100.0,79.84
2018-01-11 04:56:00,2,1,61.53,85.0,55.0,32.77,45.0,61.53,0.8,0.0,5.63,45.0,44.99,0.0,0.0,0.0,120.0,45.0,0.0,0.88,0.0,0.0,0.0,4.0,0.0,100.0,69.75,100.0,79.84
2018-01-11 04:57:00,2,1,61.52,85.0,55.0,32.75,45.0,61.52,0.8,0.0,5.63,45.0,44.99,0.0,0.0,0.0,120.0,45.0,0.0,0.88,0.0,0.0,0.0,3.98,0.0,100.0,69.81,100.0,79.84
2018-01-11 04:58:00,2,1,61.51,85.0,55.0,32.74,45.0,61.51,0.8,0.0,5.63,45.0,44.99,0.0,0.0,0.0,120.0,45.0,0.0,0.88,0.0,0.0,0.0,3.96,0.0,100.0,69.86,100.0,79.84
2018-01-11 04:59:00,2,1,61.5,85.0,55.0,32.72,45.0,61.5,0.8,0.0,5.63,45.0,44.99,0.0,0.0,0.0,120.0,45.0,0.0,0.88,0.0,0.0,0.0,3.94,0.0,100.0,69.92,100.0,79.84
2018-01-11 05:00:00,2,1,61.49,85.0,55.0,32.71,45.0,61.49,0.8,0.0,5.63,45.0,44.99,0.0,0.0,0.0,120.0,45.0,0.0,0.88,0.0,0.0,0.0,3.93,0.0,100.0,69.97,100.0,79.84
2018-01-11 05:01:00,2,1,61.48,85.0,55.0,32.71,45.0,61.48,0.8,0.0,5.63,45.0,44.99,0.0,0.0,0.0,120.0,45.0,0.0,0.88,0.0,0.0,0.0,3.93,0.0,100.0,69.97,100.0,79.84
2018-01-11 05:02:00,2,1,61.47,85.0,55.0,32.71,45.0,61.47,0.8,0.0,5.63,45.0,44.99,0.0,0.0,0.0,120.0,45.0,0.0,0.88,0.0,0.0,0.0,3.95,0.0,100.0,69.95,100.0,79.84
2018-01-11 05:03:00,2,1,61.46,85.0,55.0,32.72,45.0,61.46,0.8,0.0,5.63,45.0,44.99,0.0,0.0,0.0,120.0,45.0,0.0,0.88,0.0,0.0,0.0,3.98,0.0,100.0,69.92,100.0,79.84
2018-01-11 05:04:00,2,1,61.45,85.0,55.0,32.73,45.0,61.45,0.8,0.0,5.63,45.0,44.99,0.0,0.0,0.0,120.0,45.0,0.0,0.88,0.0,0.0,0.0,4.0,0.0,100.0,69.88,100.0,79.83
2018-01-11 05:05:00,2,1,61.45,85.0,55.0,32.74,45.0,61.45,0.8,0.0,5.63,45.0,44.99,0.0,0.0,0.0,120.0,45.0,0.0,0.88,0.0,0.0,0.0,4.03,0.0,100.0,69.84,100.0,79.83
2018-01-11 05:06:00,2,1,61.44,85.0,55.0,32.75,45.0,61.44,0.8,0.0,5.63,45.0,44.99,0.0,0.0,0.0,120.0,45.0,0.0,0.88,0.0,0.0,0.0,4.05,0.0,100.0,69.81,100.0,79.82
2018-01-11 05:07:00,2,1,61.43,85.0,55.0,32.76,45.0,61.43,0.8,0.0,5.63,45.0,44.99,0.0,0.0,0.0,120.0,45.0,0.0,0.88,0.0,0.0,0.0,4.08,0.0,100.0,69.76,100.0,79.81
2018-01-11 05:08:00,2,1,61.42,85.0,55.0,32.77,45.0,61.42,0.8,0.0,5.63,45.0,44.99,0.0,0.0,0.0,120.0,45.0,0.0,0.88,0.0,0.0,0.0,4.11,0.0,100.0,69.72,100.0,79.8
2018-01-11 05:09:00,2,1,61.42,85.0,55.0,32.78,45.0,61.42,0.8,0.0,5.63,45.0,44.99,0.0,0.0,0.0,120.0,45.0,0.0,0.88,0.0,0.0,0.0,4.14,0.0,100.0,69.67,100.0,79.8
2018-01-11 05:10:00,2,1,61.41,85.0,55.0,32.79,45.0,61.41,0.8,0.0,5.63,45.0,44.99,0.0,0.0,0.0,120.0,45.0,0.0,0.88,0.0,0.0,0.0,4.17,0.0,100.0,69.62,100.0,79.79
2018-01-11 05:11:00,2,1,61.4,85.0,55.0,32.8,45.0,61.4,0.8,0.0,5.63,45.0,44.99,0.0,0.0,0.0,120.0,45.0,0.0,0.88,0.0,0.0,0.0,4.2,0.0,100.0,69.57,100.0,79.78
2018-01-11 05:12:00,2,1,61.4,85.0,55.0,32.82,45.0,61.4,0.8,0.0,5.63,45.0,44.99,0.0,0.0,0.0,120.0,45.0,0.0,0.88,0.0,0.0,0.0,4.23,0.0,100.0,69.52,100.0,79.76
2018-01-11 05:13:00,2,1,61.39,85.0,55.0,32.83,45.0,61.39,0.8,0.0,5.63,45.0,44.99,0.0,0.0,0.0,120.0,45.0,0.0,0.88,0.0,0.0,0.0,4.27,0.0,100.0,69.46,100.0,79.75
2018-01-11 05:14:00,2,1,61.38,85.0,55.0,32.84,45.0,61.38,0.8,0.0,5.63,45.0,44.99,0.0,0.0,0.0,120.0,45.0,0.0,0.88,0.0,0.0,0.0,4.3,0.0,100.0,69.4,100.0,79.74
2018-01-11 05:15:00,2,1,61.38,85.0,55.0,32.86,45.0,61.38,0.8,0.0,5.63,45.0,44.99,0.0,0.0,0.0,120.0,45.0,0.0,0.88,0.0,0.0,0.0,4.33,0.0,100.0,69.35,100.0,79.73
2018-01-11 05:16:00,2,1,61.37,85.0,55.0,32.87,45.0,61.37,0.8,0.0,5.63,45.0,44.99,0.0,0.0,0.0,120.0,45.0,0.0,0.88,0.0,0.0,0.0,4.37,0.0,100.0,69.28,100.0,79.71
2018-01-11 05:17:00,2,1,61.37,85.0,55.0,32.89,45.0,61.37,0.8,0.0,5.63,45.0,44.99,0.0,0.0,0.0,120.0,45.0,0.0,0.88,0.0,0.0,0.0,4.41,0.0,100.0,69.22,100.0,79.7
2018-01-11 05:18:00,2,1,61.36,85.0,55.0,32.9,45.0,61.36,0.8,0.0,5.63,45.0,44.99,0.0,0.0,0.0,120.0,45.0,0.0,0.88,0.0,0.0,0.0,4.44,0.0,100.0,69.16,100.0,79.68
2018-01-11 05:19:00,2,1,61.36,85.0,55.0,32.92,45.0,61.36,0.8,0.0,5.63,45.0,44.99,0.0,0.0,0.0,120.0,45.0,0.0,0.88,0.0,0.0,0.0,4.48,0.0,100.0,69.09,100.0,79.67
2018-01-11 05:20:00,2,1,61.35,85.0,55.0,32.93,45.0,61.35,0.8,0.0,5.63,45.0,44.99,0.0,0.0,0.0,120.0,45.0,0.0,0.88,0.0,0.0,0.0,4.52,0.0,100.0,69.02,100.0,79.65
2018-01-11 05:21:00,2,1,61.35,85.0,55.0,32.95,45.0,61.35,0.8,0.0,5.63,45.0,44.99,0.0,0.0,0.0,120.0,45.0,0.0,0.88,0.0,0.0,0.0,4.55,0.0,100.0,68.95,100.0,79.64
2018-01-11 05:22:00,2,1,61.34,85.0,55.0,32.97,45.0,61.34,0.8,0.0,5.63,45.0,44.99,0.0,0.0,0.0,120.0,45.0,0.0,0.88,0.0,0.0,0.0,4.59,0.0,100.0,68.88,100.0,79.62
2018-01-11 05:23:00,2,1,61.34,85.0,55.0,32.98,45.0,61.34,0.8,0.0,5.63,45.0,44.99,0.0,0.0,0.0,120.0,45.0,0.0,0.88,0.0,0.0,0.0,4.63,0.0,100.0,68.81,100.0,79.6
2018-01-11 05:24:00,2,1,61.33,85.0,55.0,33.0,45.0,61.33,0.8,0.0,5.63,45.0,44.99,0.0,0.0,0.0,120.0,45.0,0.0,0.88,0.0,0.0,0.0,4.67,0.0,100.0,68.74,100.0,79.59
2018-01-11 05:25:00,2,1,61.33,85.0,55.0,33.02,45.0,61.33,0.8,0.0,5.63,45.0,44.99,0.0,0.0,0.0,120.0,45.0,0.0,0.88,0.0,0.0,0.0,4.71,0.0,100.0,68.66,100.0,79.57
2018-01-11 05:26:00,2,1,61.32,85.0,55.0,33.04,45.0,61.32,0.8,0.0,5.63,45.0,44.99,0.0,0.0,0.0,120.0,45.0,0.0,0.88,0.0,0.0,0.0,4.75,0.0,100.0,68.59,100.0,79.55
2018-01-11 05:27:00,2,1,61.32,85.0,55.0,33.06,45.0,61.32,0.8,0.0,5.63,45.0,44.99,0.0,0.0,0.0,120.0,45.0,0.0,0.88,0.0,0.0,0.0,4.79,0.0,100.0,68.51,100.0,79.53
2018-01-11 05:28:00,2,1,61.32,85.0,55.0,33.07,45.0,61.32,0.8,0.0,5.63,45.0,44.99,0.0,0.0,0.0,120.0,45.0,0.0,0.88,0.0,0.0,0.0,4.83,0.0,100.0,68.43,100.0,79.51
2018-01-11 05:29:00,2,1,61.31,85.0,55.0,33.09,45.0,61.31,0.8,0.0,5.63,45.0,44.99,0.0,0.0,0.0,120.0,45.0,0.0,0.88,0.0,0.0,0.0,4.87,0.0,100.0,68.36,100.0,79.49
2018-01-11 05:30:00,2,1,61.31,85.0,55.0,33.11,45.0,61.31,0.8,0.0,5.63,45.0,44.99,0.0,0.0,0.0,120.0,45.0,0.0,0.88,0.0,0.0,0.0,4.91,0.0,100.0,68.28,100.0,79.47
2018-01-11 05:31:00,2,1,61.3,85.0,55.0,33.13,45.0,61.3,0.8,0.0,5.63,45.0,44.99,0.0,0.0,0.0,120.0,45.0,0.0,0.88,0.0,0.0,0.0,4.95,0.0,100.0,68.2,100.0,79.45
2018-01-11 05:32:00,2,1,61.3,85.0,55.0,33.15,45.0,61.3,0.8,0.0,5.63,45.0,44.99,0.0,0.0,0.0,120.0,45.0,0.0,0.88,0.0,0.0,0.0,5.0,0.0,100.0,68.12,100.0,79.43
2018-01-11 05:33:00,2,1,61.3,85.0,55.0,33.17,45.0,61.3,0.8,0.0,5.63,45.0,44.99,0.0,0.0,0.0,120.0,45.0,0.0,0.88,0.0,0.0,0.0,5.04,0.0,100.0,68.04,100.0,79.41
2018-01-11 05:34:00,2,1,61.29,85.0,55.0,33.19,45.0,61.29,0.8,0.0,5.63,45.0,44.99,0.0,0.0,0.0,120.0,45.0,0.0,0.88,0.0,0.0,0.0,5.08,0.0,100.0,67.96,100.0,79.39
2018-01-11 05:35:00,2,1,61.29,85.0,55.0,33.2,45.0,61.29,0.8,0.0,5.63,45.0,44.99,0.0,0.0,0.0,120.0,45.0,0.0,0.88,0.0,0.0,0.0,5.12,0.0,100.0,67.88,100.0,79.37
2018-01-11 05:36:00,2,1,61.29,85.0,55.0,33.22,45.0,61.29,0.8,0.0,5.63,45.0,44.99,0.0,0.0,0.0,120.0,45.0,0.0,0.88,0.0,0.0,0.0,5.16,0.0,100.0,67.8,100.0,79.35
2018-01-11 05:37:00,2,1,61.28,85.0,55.0,33.24,45.0,61.28,0.8,0.0,5.63,45.0,44.99,0.0,0.0,0.0,120.0,45.0,0.0,0.88,0.0,0.0,0.0,5.2,0.0,100.0,67.72,100.0,79.33
2018-01-11 05:38:00,2,1,61.28,85.0,55.0,33.26,45.0,61.28,0.8,0.0,5.63,45.0,44.99,0.0,0.0,0.0,120.0,45.0,0.0,0.88,0.0,0.0,0.0,5.25,0.0,100.0,67.64,100.0,79.31
2018-01-11 05:39:00,2,1,61.28,85.0,55.0,33.28,45.0,61.28,0.8,0.0,5.63,45.0,44.99,0.0,0.0,0.0,120.0,45.0,0.0,0.88,0.0,0.0,0.0,5.29,0.0,100.0,67.55,100.0,79.29
2018-01-11 05:40:00,2,1,61.27,85.0,55.0,33.3,45.0,61.27,0.8,0.0,5.63,45.0,44.99,0.0,0.0,0.0,120.0,45.0,0.0,0.88,0.0,0.0,0.0,5.33,0.0,100.0,67.47,100.0,79.27
2018-01-11 05:41:00,2,1,61.27,85.0,55.0,33.32,45.0,61.27,0.8,0.0,5.63,45.0,44.99,0.0,0.0,0.0,120.0,45.0,0.0,0.88,0.0,0.0,0.0,5.37,0.0,100.0,67.39,100.0,79.25
2018-01-11 05:42:00,2,1,61.27,85.0,55.0,33.34,45.0,61.27,0.8,0.0,5.63,45.0,44.99,0.0,0.0,0.0,120.0,45.0,0.0,0.88,0.0,0.0,0.0,5.41,0.0,100.0,67.31,100.0,79.22
2018-01-11 05:43:00,2,1,61.26,85.0,55.0,33.36,45.0,61.26,0.8,0.0,5.63,45.0,44.99,0.0,0.0,0.0,120.0,45.0,0.0,0.88,0.0,0.0,0.0,5.45,0.0,100.0,67.23,100.0,79.2
2018-01-11 05:44:00,2,1,61.26,85.0,55.0,33.37,45.0,61.26,0.8,0.0,5.63,45.0,44.99,0.0,0.0,0.0,120.0,45.0,0.0,0.88,0.0,0.0,0.0,5.49,0.0,100.0,67.16,100.0,79.18
2018-01-11 05:45:00,2,1,61.26,85.0,55.0,33.39,45.0,61.26,0.8,0.0,5.63,45.0,44.99,0.0,0.0,0.0,120.0,45.0,0.0,0.88,0.0,0.0,0.0,5.53,0.0,100.0,67.08,100.0,79.16
2018-01-11 05:46:00,2,1,61.25,85.0,55.0,33.41,45.0,61.25,0.8,0.0,5.63,45.0,44.99,0.0,0.0,0.0,120.0,45.0,0.0,0.88,0.0,0.0,0.0,5.57,0.0,100.0,67.0,100.0,79.14
2018-01-11 05:47:00,2,1,61.25,85.0,55.0,33.43,45.0,61.25,0.8,0.0,5.63,45.0,44.99,0.0,0.0,0.0,120.0,45.0,0.0,0.88,0.0,0.0,0.0,5.61,0.0,100.0,66.92,100.0,79.12
2018-01-11 05:48:00,2,1,61.25,85.0,55.0,33.45,45.0,61.25,0.8,0.0,5.63,45.0,44.99,0.0,0.0,0.0,120.0,45.0,0.0,0.88,0.0,0.0,0.0,5.65,0.0,100.0,66.85,100.0,79.09
2018-01-11 05:49:00,2,1,61.24,85.0,55.0,33.46,45.0,61.24,0.8,0.0,5.63,45.0,44.99,0.0,0.0,0.0,120.0,45.0,0.0,0.88,0.0,0.0,0.0,5.69,0.0,100.0,66.77,100.0,79.07
2018-01-11 05:50:00,2,1,61.24,85.0,55.0,33.48,45.0,61.24,0.8,0.0,5.63,45.0,44.99,0.0,0.0,0.0,120.0,45.0,0.0,0.88,0.0,0.0,0.0,5.72,0.0,100.0,66.7,100.0,79.05
2018-01-11 05:51:00,2,1,61.24,85.0,55.0,33.5,45.0,61.24,0.8,0.0,5.63,45.0,44.99,0.0,0.0,0.0,120.0,45.0,0.0,0.88,0.0,0.0,0.0,5.76,0.0,100.0,66.62,100.0,79.03
2018-01-11 05:52:00,2,1,61.23,85.0,55.0,33.52,45.0,61.23,0.8,0.0,5.63,45.0,44.99,0.0,0.0,0.0,120.0,45.0,0.0,0.88,0.0,0.0,0.0,5.8,0.0,100.0,66.55,100.0,79.01
2018-01-11 05:53:00,2,1,61.23,85.0,55.0,33.53,45.0,61.23,0.8,0.0,5.63,45.0,44.99,0.0,0.0,0.0,120.0,45.0,0.0,0.88,0.0,0.0,0.0,5.83,0.0,100.0,66.48,100.0,78.99
2018-01-11 05:54:00,2,1,61.23,85.0,55.0,33.55,45.0,61.23,0.8,0.0,5.63,45.0,44.99,0.0,0.0,0.0,120.0,45.0,0.0,0.88,0.0,0.0,0.0,5.87,0.0,100.0,66.41,100.0,78.96
2018-01-11 05:55:00,2,1,61.22,85.0,55.0,33.56,45.0,61.22,0.8,0.0,5.63,45.0,44.99,0.0,0.0,0.0,120.0,45.0,0.0,0.88,0.0,0.0,0.0,5.9,0.0,100.0,66.34,100.0,78.94
2018-01-11 05:56:00,2,1,61.22,85.0,55.0,33.58,45.0,61.22,0.8,0.0,5.63,45.0,44.99,0.0,0.0,0.0,120.0,45.0,0.0,0.88,0.0,0.0,0.0,5.94,0.0,100.0,66.27,100.0,78.92
2018-01-11 05:57:00,2,1,61.22,85.0,55.0,33.59,45.0,61.22,0.8,0.0,5.63,45.0,44.99,0.0,0.0,0.0,120.0,45.0,0.0,0.88,0.0,0.0,0.0,5.97,0.0,100.0,66.21,100.0,78.9
2018-01-11 05:58:00,2,1,61.22,85.0,55.0,33.61,45.0,61.22,0.8,0.0,5.63,45.0,44.99,0.0,0.0,0.0,120.0,45.0,0.0,0.88,0.0,0.0,0.0,6.0,0.0,100.0,66.15,100.0,78.88
2018-01-11 05:59:00,2,1,61.21,85.0,55.0,33.62,45.0,61.21,0.8,0.0,5.63,45.0,44.99,0.0,0.0,0.0,120.0,45.0,0.0,0.88,0.0,0.0,0.0,6.04,0.0,100.0,66.08,100.0,78.86
2018-01-11 06:00:00,2,1,61.21,85.0,55.0,33.64,45.0,61.21,0.8,0.0,5.63,45.0,44.99,0.0,0.0,0.0,120.0,45.0,0.0,0.88,0.0,0.0,0.0,6.07,0.0,100.0,66.02,100.0,78.84
2018-01-11 06:01:00,1,1,60.5,72.0,68.0,54.05,47.69,60.5,0.8,0.0,5.63,45.0,47.71,0.09,0.09,0.0,120.0,47.39,397.93,41.96,0.3,0.3,9.75,6.07,2.27,91.98,66.02,100.0,78.51
2018-01-11 06:02:00,1,1,59.58,72.0,68.0,53.89,47.69,59.58,0.8,0.0,5.63,45.0,47.16,0.11,0.12,0.0,120.0,47.68,397.93,41.96,0.3,0.3,9.75,6.07,2.58,88.0,66.04,100.0,77.92
2018-01-11 06:03:00,1,1,58.78,72.0,68.0,53.26,47.73,58.78,0.8,0.0,5.63,45.0,46.86,0.14,0.14,0.01,120.0,46.93,397.93,41.96,0.3,0.3,9.75,6.06,2.62,86.45,66.07,100.0,76.98
2018-01-11 06:04:00,1,1,58.17,72.0,68.0,52.72,48.48,58.17,0.8,0.0,5.63,45.0,46.65,0.17,0.17,0.03,120.0,46.18,397.93,41.96,0.3,0.3,9.75,6.05,2.63,85.16,66.11,100.0,75.7
2018-01-11 06:05:00,1,1,57.77,72.0,68.0,52.36,49.97,57.77,0.8,0.0,5.63,45.0,46.49,0.19,0.19,0.06,120.0,46.82,397.93,41.96,0.3,0.3,9.75,6.04,2.63,83.74,66.14,96.88,74.28
2018-01-11 06:06:00,1,1,57.6,72.0,68.0,52.21,51.98,57.6,0.8,0.0,5.63,45.0,46.38,0.22,0.22,0.09,120.0,48.32,397.93,41.96,0.3,0.3,9.75,6.03,2.63,82.14,66.18,89.47,72.75
2018-01-11 06:07:00,1,1,57.64,72.0,68.0,52.24,54.24,57.64,0.8,0.0,5.63,45.0,46.33,0.24,0.24,0.13,120.0,50.67,397.93,41.96,0.3,0.3,9.75,6.02,2.63,80.34,66.22,82.14,71.09
2018-01-11 06:08:00,1,1,57.86,72.0,68.0,52.43,56.66,57.86,0.8,0.0,5.63,45.0,46.31,0.26,0.26,0.17,120.0,52.7,397.93,41.96,0.3,0.3,9.75,6.01,2.63,78.33,66.26,75.46,69.3
2018-01-11 06:09:00,1,1,58.22,72.0,68.0,52.76,58.94,58.22,0.8,0.0,5.63,45.0,46.19,0.27,0.27,0.2,120.0,55.08,397.93,41.96,0.3,0.3,9.75,6.0,2.63,76.13,66.3,69.82,67.37
2018-01-11 06:10:00,1,1,58.68,72.0,68.0,53.16,60.9,58.68,0.8,0.0,5.63,45.0,46.08,0.29,0.29,0.23,120.0,57.53,397.93,41.96,0.3,0.3,9.75,5.99,2.63,73.82,66.34,64.82,65.36
2018-01-11 06:11:00,1,1,59.2,72.0,68.0,53.62,62.64,59.2,0.8,0.0,5.63,45.0,46.12,0.3,0.3,0.26,120.0,59.97,397.93,41.96,0.3,0.3,9.75,5.97,2.63,71.49,66.39,60.8,63.18
2018-01-11 06:12:00,1,1,59.73,72.0,68.0,54.1,64.11,59.73,0.8,0.0,5.63,45.0,46.17,0.31,0.31,0.29,120.0,62.21,397.93,41.96,0.3,0.3,9.75,5.96,2.63,69.21,66.44,57.73,60.9
2018-01-11 06:13:00,1,1,60.27,72.0,68.0,54.58,65.36,60.27,0.8,0.0,5.63,45.0,46.24,0.33,0.33,0.31,120.0,64.22,397.93,41.96,0.3,0.3,9.75,5.94,2.63,67.02,66.48,55.36,58.71
2018-01-11 06:14:00,1,1,60.8,72.0,68.0,55.05,66.43,60.8,0.8,0.0,5.63,45.0,46.3,0.34,0.34,0.34,120.0,66.01,397.93,41.96,0.3,0.3,9.75,5.93,2.63,64.97,66.53,53.49,56.66
2018-01-11 06:15:00,1,1,61.3,72.0,68.0,55.5,67.34,61.3,0.8,0.0,5.63,45.0,46.36,0.34,0.35,0.36,120.0,67.62,397.93,41.96,0.3,0.3,9.75,5.91,2.63,63.05,66.58,51.98,54.77
2018-01-11 06:16:00,1,1,61.78,72.0,68.0,55.92,68.12,61.78,0.8,0.0,5.63,45.0,46.41,0.35,0.35,0.38,120.0,69.07,397.93,41.96,0.3,0.3,9.75,5.89,2.63,61.27,66.63,50.65,53.02
2018-01-11 06:17:00,1,1,62.22,72.0,68.0,56.31,68.81,62.22,0.8,0.0,5.63,45.0,46.46,0.36,0.36,0.4,120.0,70.36,397.93,41.96,0.3,0.3,9.75,5.88,2.63,59.61,66.68,49.37,51.41
2018-01-11 06:18:00,1,1,62.63,72.0,68.0,56.68,69.41,62.63,0.8,0.0,5.63,45.0,46.51,0.37,0.37,0.42,120.0,71.52,397.93,41.96,0.3,0.3,9.75,5.86,2.63,58.08,66.73,48.26,49.92
2018-01-11 06:19:00,1,1,63.01,72.0,68.0,57.01,69.94,63.01,0.8,0.0,5.63,45.0,46.55,0.37,0.38,0.43,120.0,72.56,397.93,41.96,0.3,0.3,9.75,5.84,2.63,56.66,66.79,47.31,48.55
2018-01-11 06:20:00,1,1,63.36,72.0,68.0,57.33,70.42,63.36,0.8,0.0,5.63,45.0,46.6,0.38,0.38,0.45,120.0,73.49,397.93,41.96,0.3,0.3,9.75,5.82,2.63,55.33,66.84,46.5,47.29
2018-01-11 06:21:00,1,1,63.68,72.0,68.0,57.61,70.85,63.68,0.8,0.0,5.63,45.0,46.63,0.39,0.39,0.46,120.0,74.34,397.93,41.96,0.3,0.3,9.75,5.8,2.63,54.1,66.9,45.79,46.11
2018-01-11 06:22:00,1,1,63.98,72.0,68.0,57.88,71.24,63.98,0.8,0.0,5.63,45.0,46.67,0.39,0.39,0.48,120.0,75.1,397.93,41.96,0.3,0.3,9.75,5.78,2.63,52.94,66.95,45.17,45.02
2018-01-11 06:23:00,1,1,64.26,72.0,68.0,58.12,71.59,64.26,0.8,0.0,5.63,45.0,46.7,0.4,0.4,0.49,120.0,75.8,397.93,41.96,0.3,0.3,9.75,5.76,2.63,51.86,67.01,44.62,44.0
2018-01-11 06:24:00,1,1,64.51,72.0,68.0,58.34,71.9,64.51,0.8,0.0,5.63,45.0,46.73,0.4,0.4,0.5,120.0,76.43,397.93,41.96,0.3,0.3,9.75,5.74,2.63,50.84,67.07,44.14,43.04
2018-01-11 06:25:00,1,1,64.74,72.0,68.0,58.55,72.19,64.74,0.8,0.0,5.63,45.0,46.75,0.41,0.41,0.51,120.0,77.01,397.93,41.96,0.3,0.3,9.75,5.72,2.63,49.88,67.12,43.71,42.15
2018-01-11 06:26:00,1,1,64.95,72.0,68.0,58.74,72.46,64.95,0.8,0.0,5.63,45.0,46.78,0.41,0.41,0.52,120.0,77.55,397.93,41.96,0.3,0.3,9.75,5.7,2.63,48.98,67.18,43.32,41.3
2018-01-11 06:27:00,1,1,65.15,72.0,68.0,58.91,72.7,65.15,0.8,0.0,5.63,45.0,46.8,0.42,0.42,0.53,120.0,78.04,397.93,41.96,0.3,0.3,9.75,5.68,2.63,48.13,67.24,42.97,40.51
2018-01-11 06:28:00,1,1,65.33,72.0,68.0,59.07,72.92,65.33,0.8,0.0,5.63,45.0,46.82,0.42,0.42,0.54,120.0,78.49,397.93,41.96,0.3,0.3,9.75,5.66,2.63,47.28,67.3,42.66,39.76
2018-01-11 06:29:00,1,1,65.5,72.0,68.0,59.22,73.12,65.5,0.8,0.0,5.63,45.0,46.84,0.42,0.42,0.55,120.0,78.9,397.93,41.96,0.3,0.3,9.75,5.64,2.63,46.44,67.36,42.37,39.05
2018-01-11 06:30:00,1,1,65.66,72.0,68.0,59.35,73.31,65.66,0.8,0.0,5.63,45.0,46.86,0.43,0.43,0.56,120.0,79.29,397.93,41.96,0.3,0.3,9.75,5.62,2.63,45.65,67.42,42.11,38.38
2018-01-11 06:31:00,1,1,65.8,72.0,68.0,59.48,73.48,65.8,0.8,0.0,5.63,45.0,46.88,0.43,0.43,0.57,120.0,79.64,397.93,41.96,0.3,0.3,9.75,5.6,2.63,44.9,67.48,41.88,37.74
2018-01-11 06:32:00,1,1,65.93,72.0,68.0,59.59,73.65,65.93,0.8,0.0,5.63,45.0,46.89,0.43,0.43,0.57,120.0,79.97,397.93,41.96,0.3,0.3,9.75,5.57,2.63,44.19,67.53,41.66,37.13
2018-01-11 06:33:00,1,1,66.06,72.0,68.0,59.7,73.79,66.06,0.8,0.0,5.63,45.0,46.91,0.44,0.44,0.58,120.0,80.28,397.93,41.96,0.3,0.3,9.75,5.55,2.63,43.52,67.59,41.46,36.55
2018-01-11 06:34:00,1,1,66.17,72.0,68.0,59.8,73.93,66.17,0.8,0.0,5.63,45.0,46.92,0.44,0.44,0.59,120.0,80.57,397.93,41.96,0.3,0.3,9.75,5.53,2.63,42.87,67.65,41.27,35.99
2018-01-11 06:35:00,1,1,66.28,72.0,68.0,59.89,74.06,66.28,0.8,0.0,5.63,45.0,46.93,0.44,0.44,0.59,120.0,80.83,397.93,41.96,0.3,0.3,9.75,5.51,2.63,42.26,67.71,41.1,35.46
2018-01-11 06:36:00,1,1,66.37,72.0,68.0,59.98,74.18,66.37,0.8,0.0,5.63,45.0,46.94,0.44,0.44,0.6,120.0,81.08,397.93,41.96,0.3,0.3,9.75,5.49,2.63,41.67,67.77,40.95,34.96
2018-01-11 06:37:00,1,1,66.46,72.0,68.0,60.06,74.3,66.46,0.8,0.0,5.63,45.0,46.95,0.45,0.45,0.61,120.0,81.32,397.93,41.96,0.3,0.3,9.75,5.46,2.63,41.11,67.83,40.8,34.47
2018-01-11 06:38:00,1,1,66.55,72.0,68.0,60.13,74.4,66.55,0.8,0.0,5.63,45.0,46.96,0.45,0.45,0.61,120.0,81.53,397.93,41.96,0.3,0.3,9.75,5.44,2.63,40.58,67.89,40.67,34.0
2018-01-11 06:39:00,1,1,66.63,72.0,68.0,59.94,73.99,66.63,0.8,0.0,5.63,45.0,46.91,0.45,0.45,0.62,120.0,81.83,533.26,70.83,0.3,0.3,13.08,5.42,3.2,40.38,67.95,41.27,33.55
2018-01-11 06:40:00,1,1,66.54,72.0,68.0,58.63,70.68,66.54,0.8,0.0,5.63,45.0,47.06,0.45,0.45,0.62,120.0,79.74,534.18,71.03,0.3,0.3,13.08,5.4,5.92,41.4,68.01,46.17,33.13
2018-01-11 06:41:00,1,1,66.39,72.0,68.0,58.32,70.27,66.39,0.8,0.0,5.63,45.0,47.08,0.46,0.46,0.64,120.0,79.57,534.18,71.03,0.3,0.3,13.08,5.37,6.29,41.12,68.06,46.76,32.71
2018-01-11 06:42:00,1,1,66.27,72.0,68.0,58.2,70.35,66.27,0.8,0.0,5.63,45.0,47.06,0.46,0.46,0.65,120.0,79.89,534.18,71.03,0.3,0.3,13.08,5.35,6.34,40.63,68.12,46.63,32.26
2018-01-11 06:43:00,1,1,66.2,72.0,68.0,58.13,70.48,66.2,0.8,0.0,5.63,45.0,47.05,0.47,0.47,0.66,120.0,80.25,534.18,71.03,0.3,0.3,13.08,5.33,6.35,40.1,68.18,46.4,31.8
2018-01-11 06:44:00,1,1,66.16,72.0,68.0,58.09,70.62,66.16,0.8,0.0,5.63,45.0,47.05,0.47,0.47,0.67,120.0,80.61,534.18,71.03,0.3,0.3,13.08,5.31,6.35,39.55,68.23,46.17,31.32
2018-01-11 06:45:00,1,1,66.15,72.0,68.0,58.08,70.75,66.15,0.8,0.0,5.63,45.0,47.04,0.48,0.48,0.68,120.0,80.94,534.18,71.03,0.3,0.3,13.08,5.29,6.35,39.0,68.29,45.95,30.83
2018-01-11 06:46:00,1,1,66.15,72.0,68.0,58.08,70.88,66.15,0.8,0.0,5.63,45.0,47.04,0.48,0.48,0.68,120.0,81.25,534.18,71.03,0.3,0.3,13.08,5.27,6.35,38.45,68.34,45.74,30.36
2018-01-11 06:47:00,1,1,66.17,72.0,68.0,58.09,71.0,66.17,0.8,0.0,5.63,45.0,47.04,0.48,0.48,0.69,120.0,81.55,534.18,71.03,0.3,0.3,13.08,5.25,6.35,37.92,68.4,45.55,29.89
2018-01-11 06:48:00,1,1,66.2,72.0,68.0,58.11,71.11,66.2,0.8,0.0,5.63,45.0,47.05,0.49,0.49,0.7,120.0,81.83,534.18,71.03,0.3,0.3,13.08,5.23,6.35,37.4,68.45,45.37,29.43
2018-01-11 06:49:00,1,1,66.23,72.0,68.0,58.13,71.22,66.23,0.8,0.0,5.63,45.0,47.05,0.49,0.49,0.71,120.0,82.09,534.18,71.03,0.3,0.3,13.08,5.21,6.35,36.89,68.5,45.2,28.98
2018-01-11 06:50:00,1,1,66.27,72.0,68.0,58.16,71.32,66.27,0.8,0.0,5.63,45.0,47.06,0.49,0.49,0.72,120.0,82.34,534.18,71.03,0.3,0.3,13.08,5.19,6.35,36.4,68.55,45.03,28.55
2018-01-11 06:51:00,1,1,66.31,72.0,68.0,58.19,71.42,66.31,0.8,0.0,5.63,45.0,47.06,0.5,0.5,0.72,120.0,82.58,534.18,71.03,0.3,0.3,13.08,5.17,6.35,35.93,68.6,44.88,28.14
2018-01-11 06:52:00,1,1,66.35,72.0,68.0,58.23,71.52,66.35,0.8,0.0,5.63,45.0,47.06,0.5,0.5,0.73,120.0,82.81,534.18,71.03,0.3,0.3,13.08,5.15,6.35,35.48,68.65,44.73,27.74
2018-01-11 06:53:00,1,1,66.39,72.0,68.0,58.26,71.61,66.39,0.8,0.0,5.63,45.0,47.07,0.5,0.5,0.74,120.0,83.02,534.18,71.03,0.3,0.3,13.08,5.13,6.35,35.04,68.7,44.59,27.36
2018-01-11 06:54:00,1,1,66.44,72.0,68.0,58.3,71.69,66.44,0.8,0.0,5.63,45.0,47.08,0.5,0.5,0.74,120.0,83.23,534.18,71.03,0.3,0.3,13.08,5.11,6.35,34.62,68.74,44.46,26.99
2018-01-11 06:55:00,1,1,66.48,72.0,68.0,58.33,71.77,66.48,0.8,0.0,5.63,45.0,47.08,0.51,0.51,0.75,120.0,83.43,534.18,71.03,0.3,0.3,13.08,5.09,6.35,34.22,68.79,44.33,26.64
2018-01-11 06:56:00,1,1,66.52,72.0,68.0,58.37,71.85,66.52,0.8,0.0,5.63,45.0,47.09,0.51,0.51,0.75,120.0,83.62,534.18,71.03,0.3,0.3,13.08,5.07,6.35,33.84,68.83,44.22,26.31
2018-01-11 06:57:00,1,1,66.57,72.0,68.0,58.4,71.93,66.57,0.8,0.0,5.63,45.0,47.09,0.51,0.51,0.76,120.0,83.79,534.18,71.03,0.3,0.3,13.08,5.06,6.35,33.48,68.88,44.1,25.99
2018-01-11 06:58:00,1,1,66.61,72.0,68.0,58.44,72.0,66.61,0.8,0.0,5.63,45.0,47.1,0.51,0.52,0.77,120.0,83.97,534.18,71.03,0.3,0.3,13.08,5.04,6.35,33.13,68.92,43.99,25.68
2018-01-11 06:59:00,1,1,66.65,72.0,68.0,58.47,72.07,66.65,0.8,0.0,5.63,45.0,47.1,0.52,0.52,0.77,120.0,84.13,534.18,71.03,0.3,0.3,13.08,5.02,6.35,32.79,68.96,43.89,25.39
2018-01-11 07:00:00,1,1,66.69,72.0,68.0,58.5,72.13,66.69,0.8,0.0,5.63,45.0,47.11,0.52,0.52,0.78,120.0,84.29,534.18,71.03,0.3,0.3,13.08,5.01,6.35,32.47,68.99,43.79,25.11
2018-01-11 07:01:00,1,1,66.73,72.0,68.0,58.54,72.2,66.73,0.8,0.0,5.63,45.0,47.11,0.52,0.52,0.78,120.0,84.44,534.18,71.03,0.3,0.3,13.08,5.0,6.35,32.17,69.0,43.7,24.84
2018-01-11 07:02:00,1,1,66.77,72.0,68.0,58.57,72.26,66.77,0.8,0.0,5.63,45.0,47.12,0.52,0.52,0.79,120.0,84.58,534.18,71.03,0.3,0.3,13.08,5.0,6.35,31.87,68.98,43.61,24.59
2018-01-11 07:03:00,1,1,66.81,72.0,68.0,58.6,72.32,66.81,0.8,0.0,5.63,45.0,47.12,0.53,0.53,0.79,120.0,84.72,534.18,71.03,0.3,0.3,13.08,5.0,6.35,31.59,68.96,43.53,24.34
2018-01-11 07:04:00,1,1,66.84,72.0,68.0,58.63,72.37,66.84,0.8,0.0,5.63,45.0,47.13,0.53,0.53,0.79,120.0,84.86,534.18,71.03,0.3,0.3,13.08,5.01,6.35,31.31,68.94,43.44,24.11
2018-01-11 07:05:00,1,1,66.88,72.0,68.0,58.66,72.43,66.88,0.8,0.0,5.63,45.0,47.13,0.53,0.53,0.8,120.0,84.98,534.18,71.03,0.3,0.3,13.08,5.01,6.35,31.05,68.92,43.36,23.88
2018-01-11 07:06:00,1,1,66.91,72.0,68.0,58.69,72.48,66.91,0.8,0.0,5.63,45.0,47.14,0.53,0.53,0.8,120.0,85.11,534.18,71.03,0.3,0.3,13.08,5.01,6.35,30.8,68.89,43.29,23.67
2018-01-11 07:07:00,1,1,66.94,72.0,68.0,58.71,72.53,66.94,0.8,0.0,5.63,45.0,47.14,0.53,0.53,0.81,120.0,85.23,534.18,71.03,0.3,0.3,13.08,5.02,6.35,30.56,68.87,43.22,23.46
2018-01-11 07:08:00,1,1,66.97,72.0,68.0,58.74,72.58,66.97,0.8,0.0,5.63,45.0,47.14,0.54,0.54,0.81,120.0,85.34,534.18,71.03,0.3,0.3,13.08,5.02,6.35,30.33,68.84,43.15,23.27
2018-01-11 07:09:00,1,1,67.0,72.0,68.0,58.77,72.62,67.0,0.8,0.0,5.63,45.0,47.15,0.54,0.54,0.82,120.0,85.45,534.18,71.03,0.3,0.3,13.08,5.03,6.35,30.11,68.81,43.08,23.08
2018-01-11 07:10:00,1,1,67.02,72.0,68.0,58.79,72.67,67.02,0.8,0.0,5.63,45.0,47.15,0.54,0.54,0.82,120.0,85.56,534.18,71.03,0.3,0.3,13.08,5.04,6.35,29.9,68.78,43.02,22.9
2018-01-11 07:11:00,1,1,67.05,72.0,68.0,58.81,72.71,67.05,0.8,0.0,5.63,45.0,47.16,0.54,0.54,0.82,120.0,85.67,534.18,71.03,0.3,0.3,13.08,5.04,6.35,29.69,68.75,42.95,22.72
2018-01-11 07:12:00,1,1,67.08,72.0,68.0,58.84,72.75,67.08,0.8,0.0,5.63,45.0,47.16,0.54,0.54,0.83,120.0,85.77,534.18,71.03,0.3,0.3,13.08,5.05,6.35,29.5,68.71,42.89,22.55
2018-01-11 07:13:00,1,1,67.1,72.0,68.0,58.86,72.79,67.1,0.8,0.0,5.63,45.0,47.16,0.54,0.54,0.83,120.0,85.86,534.18,71.03,0.3,0.3,13.08,5.06,6.35,29.31,68.68,42.84,22.39
2018-01-11 07:14:00,1,1,67.13,72.0,68.0,58.88,72.83,67.13,0.8,0.0,5.63,45.0,47.17,0.55,0.55,0.83,120.0,85.96,534.18,71.03,0.3,0.3,13.08,5.07,6.35,29.13,68.64,42.78,22.24
2018-01-11 07:15:00,1,1,67.15,72.0,68.0,58.9,72.87,67.15,0.8,0.0,5.63,45.0,47.17,0.55,0.55,0.84,120.0,86.05,534.18,71.03,0.3,0.3,13.08,5.08,6.35,28.95,68.6,42.73,22.09
2018-01-11 07:16:00,1,1,67.17,72.0,68.0,58.92,72.91,67.17,0.8,0.0,5.63,45.0,47.17,0.55,0.55,0.84,120.0,86.13,534.18,71.03,0.3,0.3,13.08,5.09,6.35,28.78,68.56,42.68,21.95
2018-01-11 07:17:00,1,1,67.2,72.0,68.0,58.94,72.94,67.2,0.8,0.0,5.63,45.0,47.18,0.55,0.55,0.84,120.0,86.22,534.18,71.03,0.3,0.3,13.08,5.1,6.35,28.62,68.52,42.63,21.81
2018-01-11 07:18:00,1,1,67.22,72.0,68.0,58.97,72.97,67.22,0.8,0.0,5.63,45.0,47.18,0.55,0.55,0.84,120.0,86.3,534.18,71.03,0.3,0.3,13.08,5.11,6.35,28.46,68.48,42.58,21.68
2018-01-11 07:19:00,1,1,67.24,72.0,68.0,58.99,73.01,67.24,0.8,0.0,5.63,45.0,47.18,0.55,0.55,0.85,120.0,86.38,534.18,71.03,0.3,0.3,13.08,5.12,6.35,28.31,68.44,42.53,21.55
2018-01-11 07:20:00,1,1,67.26,72.0,68.0,59.0,73.04,67.26,0.8,0.0,5.63,45.0,47.19,0.55,0.55,0.85,120.0,86.45,534.18,71.03,0.3,0.3,13.08,5.13,6.35,28.16,68.4,42.49,21.43
2018-01-11 07:21:00,1,1,67.28,72.0,68.0,59.02,73.07,67.28,0.8,0.0,5.63,45.0,47.19,0.56,0.56,0.85,120.0,86.52,534.18,71.03,0.3,0.3,13.08,5.14,6.35,28.02,68.35,42.45,21.31
2018-01-11 07:22:00,1,1,67.3,72.0,68.0,59.04,73.1,67.3,0.8,0.0,5.63,45.0,47.19,0.56,0.56,0.86,120.0,86.6,534.18,71.03,0.3,0.3,13.08,5.16,6.35,27.88,68.31,42.41,21.2
2018-01-11 07:23:00,1,1,67.32,72.0,68.0,59.06,73.13,67.32,0.8,0.0,5.63,45.0,47.19,0.56,0.56,0.86,120.0,86.66,534.18,71.03,0.3,0.3,13.08,5.17,6.35,27.74,68.26,42.37,21.09
2018-01-11 07:24:00,1,1,67.34,72.0,68.0,59.08,73.15,67.34,0.8,0.0,5.63,45.0,47.2,0.56,0.56,0.86,120.0,86.73,534.18,71.03,0.3,0.3,13.08,5.19,6.35,27.61,68.21,42.33,20.98
2018-01-11 07:25:00,1,1,67.36,72.0,68.0,59.1,73.18,67.36,0.8,0.0,5.63,45.0,47.2,0.56,0.56,0.86,120.0,86.79,534.18,71.03,0.3,0.3,13.08,5.2,6.35,27.48,68.16,42.29,20.88
2018-01-11 07:26:00,1,1,67.38,72.0,68.0,59.12,73.21,67.38,0.8,0.0,5.63,45.0,47.2,0.56,0.56,0.87,120.0,86.85,534.18,71.03,0.3,0.3,13.08,5.22,6.35,27.36,68.11,42.26,20.78
2018-01-11 07:27:00,1,1,67.4,72.0,68.0,59.14,73.23,67.4,0.8,0.0,5.63,45.0,47.21,0.56,0.56,0.87,120.0,86.91,534.18,71.03,0.3,0.3,13.08,5.23,6.35,27.24,68.06,42.22,20.69
2018-01-11 07:28:00,1,1,67.42,72.0,68.0,59.16,73.26,67.42,0.8,0.0,5.63,45.0,47.21,0.56,0.56,0.87,120.0,86.97,534.18,71.03,0.3,0.3,13.08,5.25,6.35,27.13,68.01,42.19,20.6
2018-01-11 07:29:00,1,1,67.44,72.0,68.0,59.17,73.28,67.44,0.8,0.0,5.63,45.0,47.21,0.57,0.57,0.87,120.0,87.02,534.18,71.03,0.3,0.3,13.08,5.27,6.35,27.02,67.96,42.16,20.51
2018-01-11 07:30:00,1,1,67.45,72.0,68.0,59.19,73.3,67.45,0.8,0.0,5.63,45.0,47.21,0.57,0.57,0.87,120.0,87.07,534.18,71.03,0.3,0.3,13.08,5.28,6.35,26.91,67.9,42.13,20.42
2018-01-11 07:31:00,1,1,67.47,72.0,68.0,59.21,73.32,67.47,0.8,0.0,5.63,45.0,47.22,0.57,0.57,0.88,120.0,87.12,534.18,71.03,0.3,0.3,13.08,5.3,6.35,26.8,67.85,42.1,20.34
2018-01-11 07:32:00,1,1,67.49,72.0,68.0,59.23,73.34,67.49,0.8,0.0,5.63,45.0,47.22,0.57,0.57,0.88,120.0,87.17,534.18,71.03,0.3,0.3,13.08,5.32,6.35,26.7,67.79,42.07,20.26
2018-01-11 07:33:00,1,1,67.51,72.0,68.0,59.25,73.36,67.51,0.8,0.0,5.63,45.0,47.22,0.57,0.57,0.88,120.0,87.22,534.18,71.03,0.3,0.3,13.08,5.34,6.35,26.6,67.74,42.04,20.18
2018-01-11 07:34:00,1,1,67.53,72.0,68.0,59.27,73.38,67.53,0.8,0.0,5.63,45.0,47.23,0.57,0.57,0.88,120.0,87.26,534.18,71.03,0.3,0.3,13.08,5.36,6.35,26.51,67.68,42.02,20.11
2018-01-11 07:35:00,1,1,67.55,72.0,68.0,59.28,73.4,67.55,0.8,0.0,5.63,45.0,47.23,0.57,0.57,0.88,120.0,87.3,534.18,71.03,0.3,0.3,13.08,5.38,6.35,26.42,67.62,41.99,20.04
2018-01-11 07:36:00,1,1,67.56,72.0,68.0,59.3,73.42,67.56,0.8,0.0,5.63,45.0,47.23,0.57,0.57,0.88,120.0,87.34,534.18,71.03,0.3,0.3,13.08,5.4,6.35,26.33,67.57,41.97,19.97
2018-01-11 07:37:00,1,1,67.58,72.0,68.0,59.32,73.43,67.58,0.8,0.0,5.63,45.0,47.23,0.57,0.57,0.88,120.0,87.38,534.18,71.03,0.3,0.3,13.08,5.42,6.35,26.24,67.51,41.94,19.9
2018-01-11 07:38:00,1,1,67.6,72.0,68.0,59.34,73.45,67.6,0.8,0.0,5.63,45.0,47.24,0.57,0.57,0.89,120.0,87.42,534.18,71.03,0.3,0.3,13.08,5.45,6.35,26.15,67.45,41.92,19.84
2018-01-11 07:39:00,1,1,67.62,72.0,68.0,59.36,73.47,67.62,0.8,0.0,5.63,45.0,47.24,0.57,0.57,0.89,120.0,87.45,534.18,71.03,0.3,0.3,13.08,5.47,6.35,26.07,67.39,41.9,19.78
2018-01-11 07:40:00,1,1,67.64,72.0,68.0,59.38,73.48,67.64,0.8,0.0,5.63,45.0,47.24,0.57,0.57,0.89,120.0,87.48,534.18,71.03,0.3,0.3,13.08,5.49,6.35,25.99,67.33,41.88,19.72
2018-01-11 07:41:00,1,1,67.66,72.0,68.0,59.4,73.49,67.66,0.8,0.0,5.63,45.0,47.25,0.57,0.57,0.89,120.0,87.51,534.18,71.03,0.3,0.3,13.08,5.52,6.35,25.91,67.26,41.86,19.66
2018-01-11 07:42:00,1,1,67.67,72.0,68.0,59.42,73.51,67.67,0.8,0.0,5.63,45.0,47.25,0.57,0.57,0.89,120.0,87.54,534.18,71.03,0.3,0.3,13.08,5.54,6.35,25.84,67.2,41.85,19.6
2018-01-11 07:43:00,1,1,67.69,72.0,68.0,59.44,73.52,67.69,0.8,0.0,5.63,45.0,47.25,0.57,0.58,0.89,120.0,87.57,534.18,71.03,0.3,0.3,13.08,5.56,6.35,25.76,67.14,41.83,19.55
2018-01-11 07:44:00,1,1,67.71,72.0,68.0,59.46,73.53,67.71,0.8,0.0,5.63,45.0,47.25,0.58,0.58,0.89,120.0,87.59,534.18,71.03,0.3,0.3,13.08,5.59,6.35,25.69,67.08,41.81,19.49
2018-01-11 07:45:00,1,1,67.73,72.0,68.0,59.48,73.54,67.73,0.8,0.0,5.63,45.0,47.26,0.58,0.58,0.89,120.0,87.61,534.18,71.03,0.3,0.3,13.08,5.62,6.35,25.62,67.01,41.8,19.44
2018-01-11 07:46:00,1,1,67.75,72.0,68.0,59.49,73.55,67.75,0.8,0.0,5.63,45.0,47.26,0.58,0.58,0.89,120.0,87.63,534.18,71.03,0.3,0.3,13.08,5.64,6.35,25.55,66.95,41.78,19.39
2018-01-11 07:47:00,1,1,67.77,72.0,68.0,59.52,73.56,67.77,0.8,0.0,5.63,45.0,47.26,0.58,0.58,0.89,120.0,87.65,534.18,71.03,0.3,0.3,13.08,5.67,6.35,25.49,66.89,41.77,19.34
2018-01-11 07:48:00,1,1,67.79,72.0,68.0,59.54,73.57,67.79,0.8,0.0,5.63,45.0,47.27,0.58,0.58,0.9,120.0,87.67,534.18,71.03,0.3,0.3,13.08,5.7,6.35,25.42,66.82,41.76,19.3
2018-01-11 07:49:00,1,1,67.81,72.0,68.0,59.56,73.58,67.81,0.8,0.0,5.63,45.0,47.27,0.58,0.58,0.9,120.0,87.68,534.18,71.03,0.3,0.3,13.08,5.72,6.35,25.36,66.76,41.75,19.25
2018-01-11 07:50:00,1,1,67.83,72.0,68.0,59.58,73.58,67.83,0.8,0.0,5.63,45.0,47.27,0.58,0.58,0.9,120.0,87.69,534.18,71.03,0.3,0.3,13.08,5.75,6.35,25.3,66.69,41.74,19.21
2018-01-11 07:51:00,1,1,67.85,72.0,68.0,59.6,73.59,67.85,0.8,0.0,5.63,45.0,47.28,0.58,0.58,0.9,120.0,87.7,534.18,71.03,0.3,0.3,13.08,5.78,6.35,25.24,66.63,41.73,19.17
2018-01-11 07:52:00,1,1,67.87,72.0,68.0,59.62,73.6,67.87,0.8,0.0,5.63,45.0,47.28,0.58,0.58,0.9,120.0,87.71,534.18,71.03,0.3,0.3,13.08,5.81,6.35,25.18,66.56,41.72,19.13
2018-01-11 07:53:00,1,1,67.89,72.0,68.0,59.64,73.6,67.89,0.8,0.0,5.63,45.0,47.28,0.58,0.58,0.9,120.0,87.72,534.18,71.03,0.3,0.3,13.08,5.84,6.35,25.12,66.49,41.72,19.09
2018-01-11 07:54:00,1,1,67.91,72.0,68.0,59.66,73.61,67.91,0.8,0.0,5.63,45.0,47.29,0.58,0.58,0.9,120.0,87.72,534.18,71.03,0.3,0.3,13.08,5.87,6.35,25.07,66.43,41.71,19.05
2018-01-11 07:55:00,1,1,67.93,72.0,68.0,59.69,73.61,67.93,0.8,0.0,5.63,45.0,47.29,0.58,0.58,0.9,120.0,87.72,534.18,71.03,0.3,0.3,13.08,5.9,6.35,25.01,66.36,41.71,19.01
2018-01-11 07:56:00,1,1,67.95,72.0,68.0,59.71,73.61,67.95,0.8,0.0,5.63,45.0,47.29,0.58,0.58,0.9,120.0,87.72,534.18,71.03,0.3,0.3,13.08,5.93,6.35,24.96,66.29,41.7,18.98
2018-01-11 07:57:00,1,1,67.97,72.0,68.0,59.73,73.61,67.97,0.8,0.0,5.63,45.0,47.3,0.58,0.58,0.9,120.0,87.72,534.18,71.03,0.3,0.3,13.08,5.97,6.35,24.91,66.23,41.7,18.94
2018-01-11 07:58:00,1,1,68.0,72.0,68.0,59.75,73.61,68.0,0.8,0.0,5.63,45.0,47.3,0.58,0.58,0.9,120.0,87.71,534.18,71.03,0.3,0.3,13.08,6.0,6.35,24.86,66.16,41.7,18.91
2018-01-11 07:59:00,1,1,68.02,72.0,68.0,59.78,73.61,68.02,0.8,0.0,5.63,45.0,47.3,0.58,0.58,0.89,120.0,87.71,534.18,71.03,0.3,0.3,13.08,6.03,6.35,24.81,66.09,41.7,18.88
2018-01-11 08:00:00,1,1,68.04,72.0,68.0,59.8,73.61,68.04,0.8,0.0,5.63,45.0,47.31,0.58,0.58,0.89,120.0,87.7,534.18,71.03,0.3,0.3,13.08,6.06,6.35,24.77,66.03,41.7,18.84
2018-01-11 08:01:00,1,1,68.06,72.0,68.0,59.83,73.61,68.06,0.8,0.0,5.63,45.0,47.31,0.58,0.58,0.89,120.0,87.69,534.18,71.03,0.3,0.3,13.08,6.1,6.35,24.72,65.98,41.7,18.81
2018-01-11 08:02:00,1,1,68.09,72.0,68.0,59.86,73.61,68.09,0.8,0.0,5.63,45.0,47.32,0.58,0.58,0.89,120.0,87.67,534.18,71.03,0.3,0.3,13.08,6.13,6.35,24.68,65.94,41.71,18.78
2018-01-11 08:03:00,1,1,68.12,72.0,68.0,59.89,73.6,68.12,0.8,0.0,5.63,45.0,47.32,0.58,0.58,0.89,120.0,87.65,534.18,71.03,0.3,0.3,13.08,6.17,6.35,24.63,65.91,41.71,18.74
2018-01-11 08:04:00,1,1,68.16,72.0,68.0,59.92,73.6,68.16,0.8,0.0,5.63,45.0,47.33,0.57,0.57,0.89,120.0,87.63,534.18,71.03,0.3,0.3,13.08,6.21,6.35,24.59,65.87,41.72,18.71
2018-01-11 08:05:00,1,1,68.19,72.0,68.0,59.96,73.59,68.19,0.8,0.0,5.63,45.0,47.33,0.57,0.57,0.89,120.0,87.6,534.18,71.03,0.3,0.3,13.08,6.24,6.35,24.55,65.83,41.73,18.68
2018-01-11 08:06:00,1,1,68.23,72.0,68.0,59.99,73.59,68.23,0.8,0.0,5.63,45.0,47.34,0.57,0.57,0.89,120.0,87.57,534.18,71.03,0.3,0.3,13.08,6.28,6.35,24.51,65.8,41.74,18.65
2018-01-11 08:07:00,1,1,68.27,72.0,68.0,60.03,73.58,68.27,0.8,0.0,5.63,45.0,47.34,0.57,0.57,0.89,120.0,87.53,534.18,71.03,0.3,0.3,13.08,6.32,6.35,24.47,65.76,41.75,18.63
2018-01-11 08:08:00,1,1,68.31,72.0,68.0,60.07,73.56,68.31,0.8,0.0,5.63,45.0,47.35,0.57,0.57,0.88,120.0,87.49,534.18,71.03,0.3,0.3,13.08,6.36,6.35,24.44,65.72,41.77,18.6
2018-01-11 08:09:00,1,1,68.35,72.0,68.0,60.11,73.55,68.35,0.8,0.0,5.63,45.0,47.36,0.57,0.57,0.88,120.0,87.45,534.18,71.03,0.3,0.3,13.08,6.4,6.35,24.4,65.69,41.78,18.58
2018-01-11 08:10:00,1,1,68.39,72.0,68.0,60.15,73.54,68.39,0.8,0.0,5.63,45.0,47.36,0.57,0.57,0.88,120.0,87.4,534.18,71.03,0.3,0.3,13.08,6.44,6.35,24.37,65.65,41.8,18.56
2018-01-11 08:11:00,1,1,68.43,72.0,68.0,60.19,73.52,68.43,0.8,0.0,5.63,45.0,47.37,0.57,0.57,0.88,120.0,87.34,534.18,71.03,0.3,0.3,13.08,6.48,6.35,24.35,65.61,41.83,18.54
2018-01-11 08:12:00,1,1,68.47,72.0,68.0,60.24,73.5,68.47,0.8,0.0,5.63,45.0,47.38,0.57,0.57,0.87,120.0,87.28,534.18,71.03,0.3,0.3,13.08,6.52,6.35,24.32,65.58,41.85,18.52
2018-01-11 08:13:00,1,1,68.51,72.0,68.0,60.28,73.48,68.51,0.8,0.0,5.63,45.0,47.38,0.56,0.56,0.87,120.0,87.22,534.18,71.03,0.3,0.3,13.08,6.56,6.35,24.3,65.54,41.88,18.51
2018-01-11 08:14:00,1,1,68.56,72.0,68.0,60.32,73.46,68.56,0.8,0.0,5.63,45.0,47.39,0.56,0.56,0.87,120.0,87.15,534.18,71.03,0.3,0.3,13.08,6.6,6.35,24.27,65.5,41.91,18.5
2018-01-11 08:15:00,1,1,68.6,72.0,68.0,60.36,73.44,68.6,0.8,0.0,5.63,45.0,47.4,0.56,0.56,0.86,120.0,87.07,534.18,71.03,0.3,0.3,13.08,6.64,6.35,24.26,65.46,41.94,18.49
2018-01-11 08:16:00,1,1,68.64,72.0,68.0,60.4,73.41,68.64,0.8,0.0,5.63,45.0,47.4,0.56,0.56,0.86,120.0,86.99,534.18,71.03,0.3,0.3,13.08,6.68,6.35,24.24,65.42,41.98,18.48
2018-01-11 08:17:00,1,1,68.68,72.0,68.0,60.45,73.38,68.68,0.8,0.0,5.63,45.0,47.41,0.56,0.56,0.86,120.0,86.91,534.18,71.03,0.3,0.3,13.08,6.72,6.35,24.23,65.39,42.01,18.47
2018-01-11 08:18:00,1,1,68.72,72.0,68.0,60.49,73.35,68.72,0.8,0.0,5.63,45.0,47.42,0.56,0.56,0.85,120.0,86.82,534.18,71.03,0.3,0.3,13.08,6.77,6.35,24.21,65.35,42.06,18.47
2018-01-11 08:19:00,1,1,68.76,72.0,68.0,60.53,73.32,68.76,0.8,0.0,5.63,45.0,47.42,0.55,0.55,0.85,120.0,86.72,534.18,71.03,0.3,0.3,13.08,6.81,6.35,24.2,65.31,42.1,18.47
2018-01-11 08:20:00,1,1,68.81,72.0,68.0,60.57,73.29,68.81,0.8,0.0,5.63,45.0,47.43,0.55,0.55,0.85,120.0,86.62,534.18,71.03,0.3,0.3,13.08,6.86,6.35,24.2,65.27,42.15,18.47
2018-01-11 08:21:00,1,1,68.85,72.0,68.0,60.61,73.25,68.85,0.8,0.0,5.63,45.0,47.43,0.55,0.55,0.84,120.0,86.52,534.18,71.03,0.3,0.3,13.08,6.9,6.35,24.19,65.23,42.2,18.47
2018-01-11 08:22:00,1,1,68.89,72.0,68.0,60.65,73.21,68.89,0.8,0.0,5.63,45.0,47.44,0.55,0.55,0.84,120.0,86.41,534.18,71.03,0.3,0.3,13.08,6.94,6.35,24.19,65.18,42.25,18.47
2018-01-11 08:23:00,1,1,68.93,72.0,68.0,60.69,73.17,68.93,0.8,0.0,5.63,45.0,47.45,0.55,0.55,0.83,120.0,86.29,534.18,71.03,0.3,0.3,13.08,6.99,6.35,24.19,65.14,42.31,18.48
2018-01-11 08:24:00,1,1,68.96,72.0,68.0,60.73,73.13,68.96,0.8,0.0,5.63,45.0,47.45,0.54,0.54,0.83,120.0,86.17,534.18,71.03,0.3,0.3,13.08,7.04,6.35,24.19,65.1,42.36,18.49
2018-01-11 08:25:00,1,1,69.0,72.0,68.0,60.77,73.08,69.0,0.8,0.0,5.63,45.0,47.46,0.54,0.54,0.82,120.0,86.04,534.18,71.03,0.3,0.3,13.08,7.08,6.35,24.19,65.06,42.43,18.5
2018-01-11 08:26:00,1,1,68.81,72.0,68.0,41.04,109.75,68.81,0.8,0.0,5.63,45.0,66.43,0.0,0.0,0.0,120.0,108.93,0.01,0.88,0.3,0.3,0.0,7.13,0.86,50.12,65.02,15.86,18.73
2018-01-11 08:27:00,1,1,68.51,72.0,68.0,38.26,115.83,68.51,0.8,0.0,5.63,45.0,47.89,0.0,0.0,0.0,120.0,115.72,0.01,0.88,0.3,0.3,0.0,7.17,0.12,54.02,64.97,11.79,19.07
2018-01-11 08:28:00,1,1,68.24,72.0,68.0,37.79,116.12,68.24,0.8,0.0,5.63,45.0,45.39,0.0,0.0,0.0,120.0,116.1,0.01,0.88,0.3,0.3,0.0,7.22,0.02,54.91,64.93,11.41,19.41
2018-01-11 08:29:00,1,1,68.01,72.0,68.0,37.65,115.62,68.01,0.8,0.0,5.63,45.0,45.05,0.0,0.0,0.0,120.0,115.62,0.01,0.88,0.3,0.3,0.0,7.27,0.0,55.36,64.88,11.53,19.72
2018-01-11 08:30:00,1,1,67.82,72.0,68.0,37.57,115.02,67.82,0.8,0.0,5.63,45.0,45.0,0.0,0.0,0.0,120.0,115.02,0.01,0.88,0.3,0.3,0.0,7.32,0.0,55.72,64.84,11.73,19.99
2018-01-11 08:31:00,1,1,67.65,72.0,68.0,37.51,114.42,67.65,0.8,0.0,5.63,45.0,44.99,0.0,0.0,0.0,120.0,114.42,0.01,0.88,0.3,0.3,0.0,7.37,0.0,56.05,64.79,11.93,20.24
2018-01-11 08:32:00,1,1,67.52,72.0,68.0,57.97,67.41,67.52,0.8,0.0,5.63,45.0,46.69,0.0,0.0,0.0,120.0,74.72,397.93,41.96,0.3,0.3,9.75,7.42,2.27,29.15,64.74,62.14,20.43
2018-01-11 08:33:00,1,1,66.19,72.0,68.0,59.57,51.07,66.19,0.8,0.0,5.63,45.0,46.91,0.01,0.02,0.0,120.0,52.79,397.93,41.96,0.3,0.3,9.75,7.46,2.58,26.75,64.7,96.54,21.39
2018-01-11 08:34:00,1,1,64.7,72.0,68.0,58.62,47.74,64.7,0.8,0.0,5.63,45.0,46.79,0.04,0.04,0.0,120.0,48.07,397.93,41.96,0.3,0.3,9.75,7.51,2.62,27.67,64.65,100.0,22.55
2018-01-11 08:35:00,1,1,63.42,72.0,68.0,57.53,47.04,63.42,0.8,0.0,5.63,45.0,46.64,0.06,0.06,0.0,120.0,47.12,397.93,41.96,0.3,0.3,9.75,7.56,2.63,28.76,64.6,100.0,23.64
2018-01-11 08:36:00,1,1,62.39,72.0,68.0,56.62,46.81,62.39,0.8,0.0,5.63,45.0,46.52,0.08,0.08,0.0,120.0,46.85,397.93,41.96,0.3,0.3,9.75,7.61,2.63,29.75,64.55,100.0,24.62
2018-01-11 08:37:00,1,1,61.56,72.0,68.0,55.88,46.68,61.56,0.8,0.0,5.63,45.0,46.42,0.1,0.1,0.0,120.0,46.7,397.93,41.96,0.3,0.3,9.75,7.67,2.63,30.61,64.5,100.0,25.49
2018-01-11 08:38:00,1,1,60.89,72.0,68.0,55.29,46.61,60.89,0.8,0.0,5.63,45.0,46.34,0.12,0.12,0.0,120.0,46.46,397.93,41.96,0.3,0.3,9.75,7.72,2.63,31.36,64.44,100.0,26.24
2018-01-11 08:39:00,1,1,60.36,72.0,68.0,54.82,46.88,60.36,0.8,0.0,5.63,45.0,46.28,0.14,0.14,0.01,120.0,45.99,397.93,41.96,0.3,0.3,9.75,7.77,2.63,32.0,64.39,100.0,26.89
2018-01-11 08:40:00,1,1,59.99,72.0,68.0,54.49,47.65,59.99,0.8,0.0,5.63,45.0,46.23,0.16,0.16,0.03,120.0,45.59,397.93,41.96,0.3,0.3,9.75,7.82,2.63,32.5,64.34,100.0,27.4
2018-01-11 08:41:00,1,1,59.78,72.0,68.0,54.31,48.9,59.78,0.8,0.0,5.63,45.0,46.21,0.18,0.18,0.05,120.0,45.96,397.93,41.96,0.3,0.3,9.75,7.87,2.63,32.83,64.28,100.0,27.74
2018-01-11 08:42:00,1,1,59.73,72.0,68.0,54.27,50.47,59.73,0.8,0.0,5.63,45.0,46.2,0.2,0.2,0.07,120.0,47.2,397.93,41.96,0.3,0.3,9.75,7.93,2.63,33.0,64.23,94.99,27.91
2018-01-11 08:43:00,1,1,59.83,72.0,68.0,54.37,52.22,59.83,0.8,0.0,5.63,45.0,46.21,0.21,0.22,0.09,120.0,48.69,397.93,41.96,0.3,0.3,9.75,7.98,2.63,33.01,64.17,88.59,27.92
2018-01-11 08:44:00,1,1,60.06,72.0,68.0,54.58,53.99,60.06,0.8,0.0,5.63,45.0,46.24,0.23,0.23,0.12,120.0,50.56,397.93,41.96,0.3,0.3,9.75,8.03,2.63,32.89,64.12,82.82,27.78
2018-01-11 08:45:00,1,1,60.38,72.0,68.0,54.87,55.67,60.38,0.8,0.0,5.63,45.0,46.27,0.24,0.24,0.14,120.0,52.32,397.93,41.96,0.3,0.3,9.75,8.09,2.63,32.66,64.06,77.99,27.54
2018-01-11 08:46:00,1,1,60.78,72.0,68.0,55.24,57.27,60.78,0.8,0.0,5.63,45.0,46.32,0.25,0.25,0.16,120.0,53.64,397.93,41.96,0.3,0.3,9.75,8.14,2.63,32.36,64.0,73.88,27.24
2018-01-11 08:47:00,1,1,61.24,72.0,68.0,55.65,58.71,61.24,0.8,0.0,5.63,45.0,46.37,0.26,0.26,0.18,120.0,55.05,397.93,41.96,0.3,0.3,9.75,8.19,2.63,32.02,63.94,70.46,26.88
2018-01-11 08:48:00,1,1,61.71,72.0,68.0,56.08,59.96,61.71,0.8,0.0,5.63,45.0,46.43,0.27,0.27,0.2,120.0,56.45,397.93,41.96,0.3,0.3,9.75,8.25,2.63,31.67,63.88,67.2,26.52
2018-01-11 08:49:00,1,1,62.2,72.0,68.0,56.52,61.02,62.2,0.8,0.0,5.63,45.0,46.48,0.28,0.28,0.21,120.0,57.76,397.93,41.96,0.3,0.3,9.75,8.3,2.63,31.32,63.81,64.5,26.16
2018-01-11 08:50:00,1,1,62.68,72.0,68.0,56.96,61.93,62.68,0.8,0.0,5.63,45.0,46.54,0.29,0.29,0.23,120.0,58.96,397.93,41.96,0.3,0.3,9.75,8.36,2.63,30.98,63.75,62.33,25.82
2018-01-11 08:51:00,1,1,63.14,72.0,68.0,57.38,62.71,63.14,0.8,0.0,5.63,45.0,46.6,0.29,0.29,0.24,120.0,60.03,397.93,41.96,0.3,0.3,9.75,8.42,2.63,30.67,63.68,60.59,25.51
2018-01-11 08:52:00,1,1,63.58,72.0,68.0,57.78,63.38,63.58,0.8,0.0,5.63,45.0,46.65,0.3,0.3,0.25,120.0,60.98,397.93,41.96,0.3,0.3,9.75,8.47,2.63,30.39,63.62,59.18,25.22
2018-01-11 08:53:00,1,1,64.0,72.0,68.0,58.16,63.95,64.0,0.8,0.0,5.63,45.0,46.7,0.3,0.3,0.26,120.0,61.81,397.93,41.96,0.3,0.3,9.75,8.53,2.63,30.13,63.55,58.02,24.97
2018-01-11 08:54:00,1,1,64.39,72.0,68.0,58.52,64.43,64.39,0.8,0.0,5.63,45.0,46.74,0.3,0.3,0.27,120.0,62.54,397.93,41.96,0.3,0.3,9.75,8.59,2.63,29.91,63.48,57.06,24.74
2018-01-11 08:55:00,1,1,64.76,72.0,68.0,58.85,64.85,64.76,0.8,0.0,5.63,45.0,46.79,0.31,0.31,0.28,120.0,63.18,397.93,41.96,0.3,0.3,9.75,8.64,2.63,29.71,63.41,56.27,24.54
2018-01-11 08:56:00,1,1,65.1,72.0,68.0,59.16,65.21,65.1,0.8,0.0,5.63,45.0,46.83,0.31,0.31,0.28,120.0,63.73,397.93,41.96,0.3,0.3,9.75,8.7,2.63,29.48,63.34,55.6,24.37
2018-01-11 08:57:00,1,1,65.42,72.0,68.0,59.45,65.52,65.42,0.8,0.0,5.63,45.0,46.87,0.31,0.31,0.29,120.0,64.21,397.93,41.96,0.3,0.3,9.75,8.76,2.63,29.25,63.27,55.05,24.22
2018-01-11 08:58:00,1,1,65.71,72.0,68.0,59.72,65.77,65.71,0.8,0.0,5.63,45.0,46.9,0.32,0.32,0.29,120.0,64.61,397.93,41.96,0.3,0.3,9.75,8.82,2.63,29.05,63.2,54.59,24.09
2018-01-11 08:59:00,1,1,65.97,72.0,68.0,59.96,65.99,65.97,0.8,0.0,5.63,45.0,46.93,0.32,0.32,0.3,120.0,64.96,397.93,41.96,0.3,0.3,9.75,8.87,2.63,28.87,63.12,54.21,23.99
2018-01-11 09:00:00,1,1,66.22,72.0,68.0,60.19,66.17,66.22,0.8,0.0,5.63,45.0,46.96,0.32,0.32,0.3,120.0,65.24,397.93,41.96,0.3,0.3,9.75,8.93,2.63,28.72,63.04,53.9,23.9
2018-01-11 09:01:00,1,1,66.45,72.0,68.0,60.4,66.32,66.45,0.8,0.0,5.63,45.0,46.99,0.32,0.32,0.3,120.0,65.48,397.93,41.96,0.3,0.3,9.75,8.99,2.63,28.59,62.96,53.64,23.82
2018-01-11 09:02:00,1,1,66.65,72.0,68.0,60.59,66.44,66.65,0.8,0.0,5.63,45.0,47.02,0.32,0.32,0.3,120.0,65.67,397.93,41.96,0.3,0.3,9.75,9.05,2.63,28.49,62.88,53.44,23.77
2018-01-11 09:03:00,1,1,66.83,72.0,68.0,60.76,66.54,66.83,0.8,0.0,5.63,45.0,47.04,0.32,0.32,0.31,120.0,65.83,397.93,41.96,0.3,0.3,9.75,9.11,2.63,28.4,62.8,53.27,23.72
2018-01-11 09:04:00,1,1,67.0,72.0,68.0,60.91,66.62,67.0,0.8,0.0,5.63,45.0,47.06,0.32,0.32,0.31,120.0,65.95,397.93,41.96,0.3,0.3,9.75,9.17,2.63,28.33,62.71,53.14,23.69
2018-01-11 09:05:00,1,1,67.15,72.0,68.0,61.05,66.69,67.15,0.8,0.0,5.63,45.0,47.08,0.32,0.32,0.31,120.0,66.05,397.93,41.96,0.3,0.3,9.75,9.23,2.63,28.27,62.63,53.03,23.67
2018-01-11 09:06:00,1,1,67.28,72.0,68.0,61.18,66.73,67.28,0.8,0.0,5.63,45.0,47.09,0.32,0.32,0.31,120.0,66.12,397.93,41.96,0.3,0.3,9.75,9.29,2.63,28.23,62.54,52.96,23.66
2018-01-11 09:07:00,1,1,67.4,72.0,68.0,61.29,66.76,67.4,0.8,0.0,5.63,45.0,47.11,0.32,0.32,0.31,120.0,66.17,397.93,41.96,0.3,0.3,9.75,9.36,2.63,28.19,62.45,52.9,23.66
2018-01-11 09:08:00,1,1,67.51,72.0,68.0,61.4,66.78,67.51,0.8,0.0,5.63,45.0,47.12,0.32,0.32,0.31,120.0,66.2,397.93,41.96,0.3,0.3,9.75,9.42,2.63,28.17,62.36,52.87,23.66
2018-01-11 09:09:00,1,1,67.61,72.0,68.0,61.49,66.79,67.61,0.8,0.0,5.63,45.0,47.13,0.32,0.32,0.31,120.0,66.21,397.93,41.96,0.3,0.3,9.75,9.48,2.63,28.16,62.27,52.85,23.67
2018-01-11 09:10:00,1,1,67.69,72.0,68.0,61.57,66.79,67.69,0.8,0.0,5.63,45.0,47.15,0.32,0.32,0.31,120.0,66.2,397.93,41.96,0.3,0.3,9.75,9.54,2.63,28.15,62.17,52.85,23.68
2018-01-11 09:11:00,1,1,67.77,72.0,68.0,61.65,66.79,67.77,0.8,0.0,5.63,45.0,47.16,0.32,0.32,0.31,120.0,66.19,397.93,41.96,0.3,0.3,9.75,9.6,2.63,28.15,62.08,52.87,23.7
2018-01-11 09:12:00,1,1,67.84,72.0,68.0,61.72,66.77,67.84,0.8,0.0,5.63,45.0,47.16,0.32,0.32,0.31,120.0,66.16,397.93,41.96,0.3,0.3,9.75,9.67,2.63,28.16,61.98,52.89,23.73
2018-01-11 09:13:00,1,1,67.9,72.0,68.0,61.78,66.75,67.9,0.8,0.0,5.63,45.0,47.17,0.32,0.32,0.31,120.0,66.12,397.93,41.96,0.3,0.3,9.75,9.73,2.63,28.17,61.88,52.93,23.75
2018-01-11 09:14:00,1,1,67.96,72.0,68.0,61.83,66.72,67.96,0.8,0.0,5.63,45.0,47.18,0.32,0.32,0.3,120.0,66.07,397.93,41.96,0.3,0.3,9.75,9.79,2.63,28.18,61.78,52.98,23.78
2018-01-11 09:15:00,1,1,68.0,72.0,68.0,61.88,66.69,68.0,0.8,0.0,5.63,45.0,47.19,0.32,0.32,0.3,120.0,66.01,397.93,41.96,0.3,0.3,9.75,9.85,2.63,28.2,61.68,53.03,23.81
2018-01-11 09:16:00,1,1,68.05,72.0,68.0,61.93,66.65,68.05,0.8,0.0,5.63,45.0,47.19,0.32,0.32,0.3,120.0,65.94,397.93,41.96,0.3,0.3,9.75,9.92,2.63,28.22,61.57,53.09,23.84
2018-01-11 09:17:00,1,1,68.08,72.0,68.0,61.97,66.61,68.08,0.8,0.0,5.63,45.0,47.2,0.32,0.32,0.3,120.0,65.87,397.93,41.96,0.3,0.3,9.75,9.98,2.63,28.24,61.47,53.16,23.87
2018-01-11 09:18:00,1,1,68.12,72.0,68.0,62.0,66.56,68.12,0.8,0.0,5.63,45.0,47.2,0.32,0.32,0.3,120.0,65.8,397.93,41.96,0.3,0.3,9.75,10.05,2.63,28.27,61.36,53.24,23.9
2018-01-11 09:19:00,1,1,68.14,72.0,68.0,62.04,66.52,68.14,0.8,0.0,5.63,45.0,47.21,0.32,0.32,0.3,120.0,65.72,397.93,41.96,0.3,0.3,9.75,10.11,2.63,28.3,61.25,53.31,23.93
2018-01-11 09:20:00,1,1,68.17,72.0,68.0,62.06,66.47,68.17,0.8,0.0,5.63,45.0,47.21,0.32,0.32,0.3,120.0,65.64,397.93,41.96,0.3,0.3,9.75,10.17,2.63,28.33,61.14,53.4,23.97
2018-01-11 09:21:00,1,1,68.19,72.0,68.0,62.09,66.42,68.19,0.8,0.0,5.63,45.0,47.21,0.32,0.32,0.3,120.0,65.56,397.93,41.96,0.3,0.3,9.75,10.24,2.63,28.36,61.03,53.48,24.0
2018-01-11 09:22:00,1,1,68.21,72.0,68.0,62.11,66.37,68.21,0.8,0.0,5.63,45.0,47.22,0.32,0.32,0.29,120.0,65.47,397.93,41.96,0.3,0.3,9.75,10.3,2.63,28.39,60.91,53.57,24.04
2018-01-11 09:23:00,1,1,68.22,72.0,68.0,62.13,66.31,68.22,0.8,0.0,5.63,45.0,47.22,0.32,0.32,0.29,120.0,65.38,397.93,41.96,0.3,0.3,9.75,10.37,2.63,28.42,60.8,53.66,24.08
2018-01-11 09:24:00,1,1,68.23,72.0,68.0,62.15,66.26,68.23,0.8,0.0,5.63,45.0,47.22,0.32,0.32,0.29,120.0,65.3,397.93,41.96,0.3,0.3,9.75,10.43,2.63,28.45,60.68,53.75,24.11
2018-01-11 09:25:00,1,1,68.24,72.0,68.0,62.17,66.21,68.24,0.8,0.0,5.63,45.0,47.22,0.31,0.31,0.29,120.0,65.21,397.93,41.96,0.3,0.3,9.75,10.5,2.63,28.48,60.56,53.84,24.15
2018-01-11 09:26:00,1,1,68.25,72.0,68.0,62.18,66.15,68.25,0.8,0.0,5.63,45.0,47.23,0.31,0.31,0.29,120.0,65.12,397.93,41.96,0.3,0.3,9.75,10.57,2.63,28.51,60.44,53.94,24.19
2018-01-11 09:27:00,1,1,68.26,72.0,68.0,62.19,66.1,68.26,0.8,0.0,5.63,45.0,47.23,0.31,0.31,0.29,120.0,65.03,397.93,41.96,0.3,0.3,9.75,10.63,2.63,28.54,60.31,54.03,24.23
2018-01-11 09:28:00,1,1,68.26,72.0,68.0,62.2,66.04,68.26,0.8,0.0,5.63,45.0,47.23,0.31,0.31,0.29,120.0,64.94,397.93,41.96,0.3,0.3,9.75,10.7,2.63,28.57,60.19,54.12,24.26
2018-01-11 09:29:00,1,1,68.26,72.0,68.0,62.21,65.99,68.26,0.8,0.0,5.63,45.0,47.23,0.31,0.31,0.29,120.0,64.86,397.93,41.96,0.3,0.3,9.75,10.76,2.63,28.6,60.06,54.22,24.3
2018-01-11 09:30:00,1,1,68.26,72.0,68.0,62.22,65.94,68.26,0.8,0.0,5.63,45.0,47.23,0.31,0.31,0.28,120.0,64.77,397.93,41.96,0.3,0.3,9.75,10.83,2.63,28.63,59.93,54.31,24.34
2018-01-11 09:31:00,1,1,68.27,72.0,68.0,62.23,65.88,68.27,0.8,0.0,5.63,45.0,47.23,0.31,0.31,0.28,120.0,64.69,397.93,41.96,0.3,0.3,9.75,10.9,2.63,28.66,59.8,54.4,24.37
2018-01-11 09:32:00,1,1,68.26,72.0,68.0,62.24,65.83,68.26,0.8,0.0,5.63,45.0,47.23,0.31,0.31,0.28,120.0,64.6,397.93,41.96,0.3,0.3,9.75,10.96,2.63,28.68,59.67,54.49,24.41
2018-01-11 09:33:00,1,1,68.26,72.0,68.0,62.24,65.78,68.26,0.8,0.0,5.63,45.0,47.23,0.31,0.31,0.28,120.0,64.52,397.93,41.96,0.3,0.3,9.75,11.03,2.63,28.71,59.53,54.58,24.44
2018-01-11 09:34:00,1,1,68.26,72.0,68.0,62.25,65.73,68.26,0.8,0.0,5.63,45.0,47.23,0.31,0.31,0.28,120.0,64.44,397.93,41.96,0.3,0.3,9.75,11.1,2.63,28.73,59.4,54.67,24.47
2018-01-11 09:35:00,1,1,68.26,72.0,68.0,62.25,65.68,68.26,0.8,0.0,5.63,45.0,47.23,0.31,0.31,0.28,120.0,64.36,397.93,41.96,0.3,0.3,9.75,11.17,2.63,28.75,59.26,54.76,24.51
2018-01-11 09:36:00,1,1,68.25,72.0,68.0,62.25,65.63,68.25,0.8,0.0,5.63,45.0,47.24,0.31,0.31,0.28,120.0,64.29,397.93,41.96,0.3,0.3,9.75,11.23,2.63,28.77,59.12,54.84,24.54
2018-01-11 09:37:00,1,1,68.25,72.0,68.0,62.26,65.58,68.25,0.8,0.0,5.63,45.0,47.24,0.31,0.31,0.28,120.0,64.21,397.93,41.96,0.3,0.3,9.75,11.3,2.63,28.79,58.97,54.93,24.56
2018-01-11 09:38:00,1,1,68.24,72.0,68.0,62.26,65.54,68.24,0.8,0.0,5.63,45.0,47.24,0.31,0.31,0.28,120.0,64.14,397.93,41.96,0.3,0.3,9.75,11.37,2.63,28.81,58.83,55.01,24.59
2018-01-11 09:39:00,1,1,68.24,72.0,68.0,62.26,65.49,68.24,0.8,0.0,5.63,45.0,47.24,0.31,0.31,0.27,120.0,64.07,397.93,41.96,0.3,0.3,9.75,11.44,2.63,28.82,58.68,55.09,24.62
2018-01-11 09:40:00,1,1,68.23,72.0,68.0,62.27,65.45,68.23,0.8,0.0,5.63,45.0,47.24,0.31,0.31,0.27,120.0,64.0,397.93,41.96,0.3,0.3,9.75,11.5,2.63,28.84,58.53,55.17,24.64
2018-01-11 09:41:00,1,1,68.23,72.0,68.0,62.27,65.41,68.23,0.8,0.0,5.63,45.0,47.24,0.31,0.31,0.27,120.0,63.93,397.93,41.96,0.3,0.3,9.75,11.57,2.63,28.85,58.38,55.25,24.66
2018-01-11 09:42:00,1,1,68.22,72.0,68.0,62.27,65.37,68.22,0.8,0.0,5.63,45.0,47.24,0.31,0.31,0.27,120.0,63.87,397.93,41.96,0.3,0.3,9.75,11.64,2.63,28.86,58.23,55.32,24.69
2018-01-11 09:43:00,1,1,68.22,72.0,68.0,62.27,65.33,68.22,0.8,0.0,5.63,45.0,47.24,0.31,0.31,0.27,120.0,63.81,397.93,41.96,0.3,0.3,9.75,11.71,2.63,28.87,58.07,55.39,24.7
2018-01-11 09:44:00,1,1,68.21,72.0,68.0,62.27,65.29,68.21,0.8,0.0,5.63,45.0,47.24,0.31,0.31,0.27,120.0,63.75,397.93,41.96,0.3,0.3,9.75,11.78,2.63,28.87,57.92,55.46,24.72
2018-01-11 09:45:00,1,1,68.21,72.0,68.0,62.28,65.25,68.21,0.8,0.0,5.63,45.0,47.24,0.3,0.3,0.27,120.0,63.69,397.93,41.96,0.3,0.3,9.75,11.85,2.63,28.88,57.76,55.53,24.74
2018-01-11 09:46:00,1,1,68.2,72.0,68.0,62.28,65.21,68.2,0.8,0.0,5.63,45.0,47.24,0.3,0.3,0.27,120.0,63.63,397.93,41.96,0.3,0.3,9.75,11.92,2.63,28.88,57.59,55.6,24.75
2018-01-11 09:47:00,1,1,68.19,72.0,68.0,62.28,65.18,68.19,0.8,0.0,5.63,45.0,47.24,0.3,0.3,0.27,120.0,63.58,397.93,41.96,0.3,0.3,9.75,11.98,2.63,28.88,57.43,55.66,24.77
2018-01-11 09:48:00,1,1,68.19,72.0,68.0,62.28,65.14,68.19,0.8,0.0,5.63,45.0,47.24,0.3,0.3,0.27,120.0,63.53,397.93,41.96,0.3,0.3,9.75,12.05,2.63,28.88,57.26,55.72,24.78
2018-01-11 09:49:00,1,1,68.18,72.0,68.0,62.28,65.11,68.18,0.8,0.0,5.63,45.0,47.24,0.3,0.3,0.27,120.0,63.48,397.93,41.96,0.3,0.3,9.75,12.12,2.63,28.87,57.09,55.78,24.79
2018-01-11 09:50:00,1,1,68.18,72.0,68.0,62.29,65.08,68.18,0.8,0.0,5.63,45.0,47.24,0.3,0.3,0.26,120.0,63.43,397.93,41.96,0.3,0.3,9.75,12.19,2.63,28.87,56.92,55.84,24.8
2018-01-11 09:51:00,1,1,68.17,72.0,68.0,62.29,65.05,68.17,0.8,0.0,5.63,45.0,47.24,0.3,0.3,0.26,120.0,63.38,397.93,41.96,0.3,0.3,9.75,12.26,2.63,28.86,56.75,55.9,24.8
2018-01-11 09:52:00,1,1,68.16,72.0,68.0,62.29,65.02,68.16,0.8,0.0,5.63,45.0,47.24,0.3,0.3,0.26,120.0,63.34,397.93,41.96,0.3,0.3,9.75,12.33,2.63,28.85,56.57,55.95,24.81
2018-01-11 09:53:00,1,1,68.16,72.0,68.0,62.29,64.99,68.16,0.8,0.0,5.63,45.0,47.24,0.3,0.3,0.26,120.0,63.29,397.93,41.96,0.3,0.3,9.75,12.4,2.63,28.84,56.39,56.0,24.81
2018-01-11 09:54:00,1,1,68.15,72.0,68.0,62.29,64.97,68.15,0.8,0.0,5.63,45.0,47.24,0.3,0.3,0.26,120.0,63.25,397.93,41.96,0.3,0.3,9.75,12.47,2.63,28.83,56.21,56.05,24.81
2018-01-11 09:55:00,1,1,68.15,72.0,68.0,62.3,64.94,68.15,0.8,0.0,5.63,45.0,47.24,0.3,0.3,0.26,120.0,63.21,397.93,41.96,0.3,0.3,9.75,12.54,2.63,28.81,56.03,56.1,24.81
2018-01-11 09:56:00,1,1,68.14,72.0,68.0,62.3,64.92,68.14,0.8,0.0,5.63,45.0,47.24,0.3,0.3,0.26,120.0,63.18,397.93,41.96,0.3,0.3,9.75,12.61,2.63,28.8,55.85,56.14,24.81
2018-01-11 09:57:00,1,1,68.13,72.0,68.0,62.3,64.89,68.13,0.8,0.0,5.63,45.0,47.24,0.3,0.3,0.26,120.0,63.14,397.93,41.96,0.3,0.3,9.75,12.68,2.63,28.78,55.66,56.19,24.81
2018-01-11 09:58:00,1,1,68.13,72.0,68.0,62.3,64.87,68.13,0.8,0.0,5.63,45.0,47.24,0.3,0.3,0.26,120.0,63.11,397.93,41.96,0.3,0.3,9.75,12.75,2.63,28.76,55.47,56.23,24.8
2018-01-11 09:59:00,1,1,68.12,72.0,68.0,62.31,64.85,68.12,0.8,0.0,5.63,45.0,47.24,0.3,0.3,0.26,120.0,63.07,397.93,41.96,0.3,0.3,9.75,12.82,2.63,28.74,55.28,56.27,24.79
2018-01-11 10:00:00,1,1,68.12,72.0,68.0,62.31,64.83,68.12,0.8,0.0,5.63,45.0,47.24,0.3,0.3,0.26,120.0,63.04,397.93,41.96,0.3,0.3,9.75,12.89,2.63,28.71,55.08,56.31,24.79
2018-01-11 10:01:00,1,1,68.11,72.0,68.0,62.31,64.81,68.11,0.8,0.0,5.63,45.0,47.24,0.3,0.3,0.26,120.0,63.01,397.93,41.96,0.3,0.3,9.75,12.96,2.63,28.69,54.83,56.34,24.78
2018-01-11 10:02:00,1,1,68.11,72.0,68.0,62.31,64.79,68.11,0.8,0.0,5.63,45.0,47.24,0.3,0.3,0.26,120.0,62.98,397.93,41.96,0.3,0.3,9.75,13.03,2.63,28.66,54.56,56.38,24.77
2018-01-11 10:03:00,1,1,68.1,72.0,68.0,62.32,64.78,68.1,0.8,0.0,5.63,45.0,47.24,0.3,0.3,0.26,120.0,62.96,397.93,41.96,0.3,0.3,9.75,13.11,2.63,28.63,54.28,56.41,24.75
2018-01-11 10:04:00,1,1,68.09,72.0,68.0,62.32,64.76,68.09,0.8,0.0,5.63,45.0,47.24,0.3,0.3,0.26,120.0,62.94,397.93,41.96,0.3,0.3,9.75,13.18,2.63,28.59,53.99,56.44,24.74
2018-01-11 10:05:00,1,1,68.09,72.0,68.0,62.32,64.75,68.09,0.8,0.0,5.63,45.0,47.24,0.3,0.3,0.26,120.0,62.92,397.93,41.96,0.3,0.3,9.75,13.26,2.63,28.56,53.71,56.46,24.73
2018-01-11 10:06:00,1,1,68.08,72.0,68.0,62.32,64.74,68.08,0.8,0.0,5.63,45.0,47.24,0.3,0.3,0.26,120.0,62.9,397.93,41.96,0.3,0.3,9.75,13.33,2.63,28.52,53.42,56.48,24.71
2018-01-11 10:07:00,1,1,68.08,72.0,68.0,62.33,64.72,68.08,0.8,0.0,5.63,45.0,47.24,0.3,0.3,0.26,120.0,62.88,397.93,41.96,0.3,0.3,9.75,13.4,2.63,28.49,53.13,56.51,24.69
2018-01-11 10:08:00,1,1,68.07,72.0,68.0,62.33,64.71,68.07,0.8,0.0,5.63,45.0,47.24,0.3,0.3,0.26,120.0,62.86,397.93,41.96,0.3,0.3,9.75,13.48,2.63,28.45,52.83,56.52,24.68
2018-01-11 10:09:00,1,1,68.06,72.0,68.0,62.33,64.71,68.06,0.8,0.0,5.63,45.0,47.25,0.3,0.3,0.26,120.0,62.85,397.93,41.96,0.3,0.3,9.75,13.55,2.63,28.41,52.54,56.54,24.66
2018-01-11 10:10:00,1,1,68.06,72.0,68.0,62.33,64.7,68.06,0.8,0.0,5.63,45.0,47.25,0.3,0.3,0.26,120.0,62.84,397.93,41.96,0.3,0.3,9.75,13.63,2.63,28.37,52.25,56.55,24.63
2018-01-11 10:11:00,1,1,68.05,72.0,68.0,62.34,64.69,68.05,0.8,0.0,5.63,45.0,47.25,0.3,0.3,0.26,120.0,62.83,397.93,41.96,0.3,0.3,9.75,13.7,2.63,28.32,51.95,56.57,24.61
2018-01-11 10:12:00,1,1,68.05,72.0,68.0,62.34,64.69,68.05,0.8,0.0,5.63,45.0,47.25,0.3,0.3,0.26,120.0,62.82,397.93,41.96,0.3,0.3,9.75,13.77,2.63,28.28,51.65,56.58,24.59
2018-01-11 10:13:00,1,1,68.04,72.0,68.0,62.34,64.68,68.04,0.8,0.0,5.63,45.0,47.25,0.3,0.3,0.26,120.0,62.81,397.93,41.96,0.3,0.3,9.75,13.85,2.63,28.23,51.35,56.59,24.56
2018-01-11 10:14:00,1,1,68.04,72.0,68.0,62.35,64.68,68.04,0.8,0.0,5.63,45.0,47.25,0.3,0.3,0.26,120.0,62.81,397.93,41.96,0.3,0.3,9.75,13.92,2.63,28.18,51.05,56.59,24.53
2018-01-11 10:15:00,1,1,68.03,72.0,68.0,62.35,64.67,68.03,0.8,0.0,5.63,45.0,47.25,0.3,0.3,0.26,120.0,62.8,397.93,41.96,0.3,0.3,9.75,14.0,2.63,28.13,50.75,56.6,24.5
2018-01-11 10:16:00,1,1,68.03,72.0,68.0,62.36,64.67,68.03,0.8,0.0,5.63,45.0,47.25,0.3,0.3,0.26,120.0,62.8,397.93,41.96,0.3,0.3,9.75,14.07,2.63,28.08,50.45,56.6,24.47
2018-01-11 10:17:00,1,1,68.03,72.0,68.0,62.36,64.67,68.03,0.8,0.0,5.63,45.0,47.25,0.3,0.3,0.26,120.0,62.79,397.93,41.96,0.3,0.3,9.75,14.14,2.63,28.03,50.15,56.61,24.44
2018-01-11 10:18:00,1,1,68.02,72.0,68.0,62.36,64.67,68.02,0.8,0.0,5.63,45.0,47.25,0.3,0.3,0.26,120.0,62.79,397.93,41.96,0.3,0.3,9.75,14.22,2.63,27.98,49.84,56.61,24.41
2018-01-11 10:19:00,1,1,68.02,72.0,68.0,62.37,64.67,68.02,0.8,0.0,5.63,45.0,47.25,0.3,0.3,0.26,120.0,62.79,397.93,41.96,0.3,0.3,9.75,14.29,2.63,27.92,49.54,56.61,24.38
2018-01-11 10:20:00,1,1,68.02,72.0,68.0,62.37,64.67,68.02,0.8,0.0,5.63,45.0,47.25,0.3,0.3,0.26,120.0,62.79,397.93,41.96,0.3,0.3,9.75,14.36,2.63,27.87,49.23,56.61,24.34
2018-01-11 10:21:00,1,1,68.01,72.0,68.0,62.38,64.67,68.01,0.8,0.0,5.63,45.0,47.25,0.3,0.3,0.26,120.0,62.79,397.93,41.96,0.3,0.3,9.75,14.43,2.63,27.81,48.93,56.61,24.31
2018-01-11 10:22:00,1,1,68.01,72.0,68.0,62.38,64.67,68.01,0.8,0.0,5.63,45.0,47.25,0.3,0.3,0.26,120.0,62.79,397.93,41.96,0.3,0.3,9.75,14.51,2.63,27.75,48.63,56.61,24.27
2018-01-11 10:23:00,1,1,68.01,72.0,68.0,62.39,64.67,68.01,0.8,0.0,5.63,45.0,47.25,0.3,0.3,0.26,120.0,62.79,397.93,41.96,0.3,0.3,9.75,14.58,2.63,27.69,48.32,56.6,24.23
2018-01-11 10:24:00,1,1,68.0,72.0,68.0,62.39,64.67,68.0,0.8,0.0,5.63,45.0,47.25,0.3,0.3,0.26,120.0,62.8,397.93,41.96,0.3,0.3,9.75,14.65,2.63,27.63,48.02,56.6,24.19
2018-01-11 10:25:00,1,1,68.0,72.0,68.0,62.4,64.68,68.0,0.8,0.0,5.63,45.0,47.25,0.3,0.3,0.26,120.0,62.8,397.93,41.96,0.3,0.3,9.75,14.72,2.63,27.57,47.71,56.6,24.15
2018-01-11 10:26:00,1,1,68.0,72.0,68.0,62.41,64.68,68.0,0.8,0.0,5.63,45.0,47.25,0.3,0.3,0.26,120.0,62.8,397.93,41.96,0.3,0.3,9.75,14.8,2.63,27.5,47.41,56.59,24.11
2018-01-11 10:27:00,1,1,68.0,72.0,68.0,62.41,64.68,68.0,0.8,0.0,5.63,45.0,47.26,0.3,0.3,0.26,120.0,62.81,397.93,41.96,0.3,0.3,9.75,14.87,2.63,27.44,47.11,56.59,24.06
2018-01-11 10:28:00,1,1,68.0,72.0,68.0,62.42,64.68,68.0,0.8,0.0,5.63,45.0,47.26,0.3,0.3,0.26,120.0,62.81,397.93,41.96,0.3,0.3,9.75,14.94,2.63,27.38,46.8,56.58,24.02
2018-01-11 10:29:00,1,1,67.99,72.0,68.0,62.42,64.69,67.99,0.8,0.0,5.63,45.0,47.26,0.3,0.3,0.26,120.0,62.81,397.93,41.96,0.3,0.3,9.75,15.01,2.63,27.31,46.5,56.57,23.97
2018-01-11 10:30:00,1,1,67.99,72.0,68.0,62.43,64.69,67.99,0.8,0.0,5.63,45.0,47.26,0.3,0.3,0.26,120.0,62.82,397.93,41.96,0.3,0.3,9.75,15.08,2.63,27.24,46.2,56.57,23.93
2018-01-11 10:31:00,1,1,67.99,72.0,68.0,62.43,64.7,67.99,0.8,0.0,5.63,45.0,47.26,0.3,0.3,0.26,120.0,62.83,397.93,41.96,0.3,0.3,9.75,15.15,2.63,27.17,45.9,56.56,23.88
2018-01-11 10:32:00,1,1,67.99,72.0,68.0,62.44,64.7,67.99,0.8,0.0,5.63,45.0,47.26,0.3,0.3,0.26,120.0,62.83,397.93,41.96,0.3,0.3,9.75,15.22,2.63,27.11,45.6,56.55,23.83
2018-01-11 10:33:00,1,1,67.99,72.0,68.0,62.45,64.7,67.99,0.8,0.0,5.63,45.0,47.26,0.3,0.3,0.26,120.0,62.84,397.93,41.96,0.3,0.3,9.75,15.29,2.63,27.04,45.3,56.54,23.78
2018-01-11 10:34:00,1,1,67.99,72.0,68.0,62.45,64.71,67.99,0.8,0.0,5.63,45.0,47.26,0.3,0.3,0.26,120.0,62.84,397.93,41.96,0.3,0.3,9.75,15.36,2.63,26.97,45.0,56.53,23.73
2018-01-11 10:35:00,1,1,67.99,72.0,68.0,62.46,64.71,67.99,0.8,0.0,5.63,45.0,47.26,0.3,0.3,0.26,120.0,62.85,397.93,41.96,0.3,0.3,9.75,15.43,2.63,26.9,44.71,56.53,23.68
2018-01-11 10:36:00,1,1,67.99,72.0,68.0,62.47,64.72,67.99,0.8,0.0,5.63,45.0,47.26,0.3,0.3,0.26,120.0,62.85,397.93,41.96,0.3,0.3,9.75,15.5,2.63,26.82,44.41,56.52,23.63
2018-01-11 10:37:00,1,1,67.99,72.0,68.0,62.47,64.72,67.99,0.8,0.0,5.63,45.0,47.26,0.3,0.3,0.26,120.0,62.86,397.93,41.96,0.3,0.3,9.75,15.57,2.63,26.75,44.12,56.51,23.58
2018-01-11 10:38:00,1,1,67.99,72.0,68.0,62.48,64.73,67.99,0.8,0.0,5.63,45.0,47.26,0.3,0.3,0.26,120.0,62.87,397.93,41.96,0.3,0.3,9.75,15.64,2.63,26.68,43.83,56.5,23.53
2018-01-11 10:39:00,1,1,67.99,72.0,68.0,62.49,64.73,67.99,0.8,0.0,5.63,45.0,47.26,0.3,0.3,0.26,120.0,62.87,397.93,41.96,0.3,0.3,9.75,15.71,2.63,26.61,43.54,56.49,23.48
2018-01-11 10:40:00,1,1,67.99,72.0,68.0,62.5,64.73,67.99,0.8,0.0,5.63,45.0,47.27,0.3,0.3,0.26,120.0,62.88,397.93,41.96,0.3,0.3,9.75,15.77,2.63,26.53,43.25,56.49,23.42
2018-01-11 10:41:00,1,1,67.99,72.0,68.0,62.5,64.74,67.99,0.8,0.0,5.63,45.0,47.27,0.3,0.3,0.26,120.0,62.88,397.93,41.96,0.3,0.3,9.75,15.84,2.63,26.46,42.97,56.48,23.37
2018-01-11 10:42:00,1,1,67.99,72.0,68.0,62.51,64.74,67.99,0.8,0.0,5.63,45.0,47.27,0.3,0.3,0.26,120.0,62.89,397.93,41.96,0.3,0.3,9.75,15.91,2.63,26.38,42.69,56.47,23.31
2018-01-11 10:43:00,1,1,67.99,72.0,68.0,62.52,64.75,67.99,0.8,0.0,5.63,45.0,47.27,0.3,0.3,0.26,120.0,62.89,397.93,41.96,0.3,0.3,9.75,15.97,2.63,26.31,42.41,56.46,23.26
2018-01-11 10:44:00,1,1,67.99,72.0,68.0,62.52,64.75,67.99,0.8,0.0,5.63,45.0,47.27,0.3,0.3,0.26,120.0,62.9,397.93,41.96,0.3,0.3,9.75,16.04,2.63,26.23,42.13,56.46,23.2
2018-01-11 10:45:00,1,1,67.99,72.0,68.0,62.53,64.75,67.99,0.8,0.0,5.63,45.0,47.27,0.3,0.3,0.26,120.0,62.9,397.93,41.96,0.3,0.3,9.75,16.11,2.63,26.16,41.85,56.45,23.14
2018-01-11 10:46:00,1,1,67.99,72.0,68.0,62.54,64.76,67.99,0.8,0.0,5.63,45.0,47.27,0.3,0.3,0.26,120.0,62.91,397.93,41.96,0.3,0.3,9.75,16.17,2.63,26.08,41.58,56.44,23.09
2018-01-11 10:47:00,1,1,67.99,72.0,68.0,62.55,64.76,67.99,0.8,0.0,5.63,45.0,47.27,0.3,0.3,0.26,120.0,62.91,397.93,41.96,0.3,0.3,9.75,16.24,2.63,26.0,41.31,56.44,23.03
2018-01-11 10:48:00,1,1,67.99,72.0,68.0,62.56,64.76,67.99,0.8,0.0,5.63,45.0,47.27,0.3,0.3,0.26,120.0,62.91,397.93,41.96,0.3,0.3,9.75,16.3,2.63,25.92,41.04,56.43,22.97
2018-01-11 10:49:00,1,1,67.99,72.0,68.0,62.56,64.76,67.99,0.8,0.0,5.63,45.0,47.27,0.3,0.3,0.26,120.0,62.92,397.93,41.96,0.3,0.3,9.75,16.36,2.63,25.85,40.78,56.43,22.91
2018-01-11 10:50:00,1,1,67.99,72.0,68.0,62.57,64.77,67.99,0.8,0.0,5.63,45.0,47.28,0.3,0.3,0.26,120.0,62.92,397.93,41.96,0.3,0.3,9.75,16.43,2.63,25.77,40.52,56.43,22.85
2018-01-11 10:51:00,1,1,67.99,72.0,68.0,62.58,64.77,67.99,0.8,0.0,5.63,45.0,47.28,0.3,0.3,0.26,120.0,62.92,397.93,41.96,0.3,0.3,9.75,16.49,2.63,25.69,40.26,56.42,22.8
2018-01-11 10:52:00,1,1,68.0,72.0,68.0,62.59,64.77,68.0,0.8,0.0,5.63,45.0,47.28,0.3,0.3,0.26,120.0,62.92,397.93,41.96,0.3,0.3,9.75,16.55,2.63,25.61,40.01,56.42,22.74
2018-01-11 10:53:00,1,1,68.0,72.0,68.0,62.59,64.77,68.0,0.8,0.0,5.63,45.0,47.28,0.3,0.3,0.26,120.0,62.92,397.93,41.96,0.3,0.3,9.75,16.62,2.63,25.54,39.75,56.42,22.68
2018-01-11 10:54:00,1,1,68.0,72.0,68.0,62.6,64.77,68.0,0.8,0.0,5.63,45.0,47.28,0.3,0.3,0.26,120.0,62.92,397.93,41.96,0.3,0.3,9.75,16.68,2.63,25.46,39.51,56.42,22.62
2018-01-11 10:55:00,1,1,68.0,72.0,68.0,62.61,64.77,68.0,0.8,0.0,5.63,45.0,47.28,0.3,0.3,0.26,120.0,62.92,397.93,41.96,0.3,0.3,9.75,16.74,2.63,25.38,39.26,56.42,22.56
2018-01-11 10:56:00,1,1,68.0,72.0,68.0,62.62,64.77,68.0,0.8,0.0,5.63,45.0,47.28,0.3,0.3,0.26,120.0,62.92,397.93,41.96,0.3,0.3,9.75,16.8,2.63,25.3,39.02,56.42,22.5
2018-01-11 10:57:00,1,1,68.01,72.0,68.0,62.63,64.77,68.01,0.8,0.0,5.63,45.0,47.28,0.3,0.3,0.26,120.0,62.91,397.93,41.96,0.3,0.3,9.75,16.86,2.63,25.22,38.79,56.43,22.44
2018-01-11 10:58:00,1,1,68.01,72.0,68.0,62.64,64.76,68.01,0.8,0.0,5.63,45.0,47.28,0.3,0.3,0.26,120.0,62.91,397.93,41.96,0.3,0.3,9.75,16.92,2.63,25.15,38.55,56.43,22.38
2018-01-11 10:59:00,1,1,68.01,72.0,68.0,62.64,64.76,68.01,0.8,0.0,5.63,45.0,47.28,0.3,0.3,0.26,120.0,62.91,397.93,41.96,0.3,0.3,9.75,16.98,2.63,25.07,38.33,56.44,22.31
2018-01-11 11:00:00,1,1,68.01,72.0,68.0,62.65,64.76,68.01,0.8,0.0,5.63,45.0,47.29,0.3,0.3,0.26,120.0,62.9,397.93,41.96,0.3,0.3,9.75,17.03,2.63,24.99,38.1,56.44,22.25
2018-01-11 11:01:00,1,1,68.02,72.0,68.0,62.66,64.75,68.02,0.8,0.0,5.63,45.0,47.29,0.3,0.3,0.26,120.0,62.89,397.93,41.96,0.3,0.3,9.75,17.08,2.63,24.92,37.95,56.45,22.19
2018-01-11 11:02:00,1,1,68.02,72.0,68.0,62.67,64.75,68.02,0.8,0.0,5.63,45.0,47.29,0.3,0.3,0.26,120.0,62.88,397.93,41.96,0.3,0.3,9.75,17.13,2.63,24.84,37.85,56.46,22.13
2018-01-11 11:03:00,1,1,68.03,72.0,68.0,62.68,64.74,68.03,0.8,0.0,5.63,45.0,47.29,0.3,0.3,0.26,120.0,62.87,397.93,41.96,0.3,0.3,9.75,17.17,2.63,24.77,37.75,56.48,22.06
2018-01-11 11:04:00,1,1,68.04,72.0,68.0,62.7,64.72,68.04,0.8,0.0,5.63,45.0,47.29,0.3,0.3,0.26,120.0,62.85,397.93,41.96,0.3,0.3,9.75,17.22,2.63,24.69,37.66,56.5,22.0
2018-01-11 11:05:00,1,1,68.05,72.0,68.0,62.71,64.71,68.05,0.8,0.0,5.63,45.0,47.29,0.3,0.3,0.26,120.0,62.83,397.93,41.96,0.3,0.3,9.75,17.26,2.63,24.62,37.58,56.54,21.94
2018-01-11 11:06:00,1,1,68.06,72.0,68.0,62.73,64.69,68.06,0.8,0.0,5.63,45.0,47.29,0.3,0.3,0.26,120.0,62.8,397.93,41.96,0.3,0.3,9.75,17.3,2.63,24.55,37.5,56.57,21.87
2018-01-11 11:07:00,1,1,68.08,72.0,68.0,62.74,64.67,68.08,0.8,0.0,5.63,45.0,47.3,0.3,0.3,0.25,120.0,62.76,397.93,41.96,0.3,0.3,9.75,17.34,2.63,24.48,37.42,56.62,21.81
2018-01-11 11:08:00,1,1,68.09,72.0,68.0,62.76,64.64,68.09,0.8,0.0,5.63,45.0,47.3,0.3,0.3,0.25,120.0,62.73,397.93,41.96,0.3,0.3,9.75,17.38,2.63,24.41,37.35,56.66,21.75
2018-01-11 11:09:00,1,1,68.1,72.0,68.0,62.77,64.61,68.1,0.8,0.0,5.63,45.0,47.3,0.3,0.3,0.25,120.0,62.68,397.93,41.96,0.3,0.3,9.75,17.42,2.63,24.34,37.28,56.72,21.69
2018-01-11 11:10:00,1,1,68.11,72.0,68.0,62.79,64.58,68.11,0.8,0.0,5.63,45.0,47.3,0.3,0.3,0.25,120.0,62.64,397.93,41.96,0.3,0.3,9.75,17.46,2.63,24.27,37.21,56.78,21.63
2018-01-11 11:11:00,1,1,68.12,72.0,68.0,62.8,64.55,68.12,0.8,0.0,5.63,45.0,47.3,0.3,0.3,0.25,120.0,62.59,397.93,41.96,0.3,0.3,9.75,17.5,2.63,24.21,37.15,56.84,21.57
2018-01-11 11:12:00,1,1,68.13,72.0,68.0,62.81,64.51,68.13,0.8,0.0,5.63,45.0,47.31,0.3,0.3,0.25,120.0,62.53,397.93,41.96,0.3,0.3,9.75,17.54,2.63,24.14,37.09,56.91,21.52
2018-01-11 11:13:00,1,1,68.15,72.0,68.0,62.83,64.47,68.15,0.8,0.0,5.63,45.0,47.31,0.3,0.3,0.25,120.0,62.48,397.93,41.96,0.3,0.3,9.75,17.58,2.63,24.08,37.03,56.98,21.46
2018-01-11 11:14:00,1,1,68.16,72.0,68.0,62.84,64.43,68.16,0.8,0.0,5.63,45.0,47.31,0.3,0.3,0.25,120.0,62.42,397.93,41.96,0.3,0.3,9.75,17.62,2.63,24.02,36.98,57.06,21.41
2018-01-11 11:15:00,1,1,68.17,72.0,68.0,62.85,64.39,68.17,0.8,0.0,5.63,45.0,47.31,0.3,0.3,0.25,120.0,62.36,397.93,41.96,0.3,0.3,9.75,17.66,2.63,23.96,36.93,57.14,21.36
2018-01-11 11:16:00,1,1,68.18,72.0,68.0,62.87,64.35,68.18,0.8,0.0,5.63,45.0,47.31,0.3,0.3,0.25,120.0,62.29,397.93,41.96,0.3,0.3,9.75,17.69,2.63,23.91,36.89,57.22,21.31
2018-01-11 11:17:00,1,1,68.18,72.0,68.0,62.88,64.3,68.18,0.8,0.0,5.63,45.0,47.31,0.29,0.29,0.25,120.0,62.23,397.93,41.96,0.3,0.3,9.75,17.73,2.63,23.85,36.85,57.31,21.26
2018-01-11 11:18:00,1,1,68.19,72.0,68.0,62.89,64.26,68.19,0.8,0.0,5.63,45.0,47.32,0.29,0.29,0.24,120.0,62.16,397.93,41.96,0.3,0.3,9.75,17.77,2.63,23.8,36.81,57.4,21.21
2018-01-11 11:19:00,1,1,68.2,72.0,68.0,62.9,64.21,68.2,0.8,0.0,5.63,45.0,47.32,0.29,0.29,0.24,120.0,62.09,397.93,41.96,0.3,0.3,9.75,17.8,2.63,23.75,36.77,57.5,21.17
2018-01-11 11:20:00,1,1,68.21,72.0,68.0,62.91,64.16,68.21,0.8,0.0,5.63,45.0,47.32,0.29,0.29,0.24,120.0,62.01,397.93,41.96,0.3,0.3,9.75,17.84,2.63,23.7,36.74,57.6,21.12
2018-01-11 11:21:00,1,1,68.22,72.0,68.0,62.92,64.11,68.22,0.8,0.0,5.63,45.0,47.32,0.29,0.29,0.24,120.0,61.94,397.93,41.96,0.3,0.3,9.75,17.87,2.63,23.65,36.71,57.7,21.08
2018-01-11 11:22:00,1,1,68.22,72.0,68.0,62.93,64.05,68.22,0.8,0.0,5.63,45.0,47.32,0.29,0.29,0.24,120.0,61.87,397.93,41.96,0.3,0.3,9.75,17.91,2.63,23.6,36.68,57.8,21.04
2018-01-11 11:23:00,1,1,68.23,72.0,68.0,62.94,64.0,68.23,0.8,0.0,5.63,45.0,47.32,0.29,0.29,0.24,120.0,61.79,397.93,41.96,0.3,0.3,9.75,17.94,2.63,23.55,36.66,57.91,21.0
2018-01-11 11:24:00,1,1,68.24,72.0,68.0,62.95,63.94,68.24,0.8,0.0,5.63,45.0,47.32,0.29,0.29,0.24,120.0,61.71,397.93,41.96,0.3,0.3,9.75,17.97,2.63,23.51,36.64,58.02,20.96
2018-01-11 11:25:00,1,1,68.24,72.0,68.0,62.96,63.89,68.24,0.8,0.0,5.63,45.0,47.32,0.29,0.29,0.24,120.0,61.63,397.93,41.96,0.3,0.3,9.75,18.01,2.63,23.47,36.62,58.13,20.92
2018-01-11 11:26:00,1,1,68.25,72.0,68.0,62.97,63.83,68.25,0.8,0.0,5.63,45.0,47.33,0.29,0.29,0.24,120.0,61.55,397.93,41.96,0.3,0.3,9.75,18.04,2.63,23.42,36.6,58.24,20.89
2018-01-11 11:27:00,1,1,68.25,72.0,68.0,62.97,63.77,68.25,0.8,0.0,5.63,45.0,47.33,0.29,0.29,0.23,120.0,61.47,397.93,41.96,0.3,0.3,9.75,18.07,2.63,23.38,36.59,58.36,20.85
2018-01-11 11:28:00,1,1,68.25,72.0,68.0,62.98,63.71,68.25,0.8,0.0,5.63,45.0,47.33,0.29,0.29,0.23,120.0,61.38,397.93,41.96,0.3,0.3,9.75,18.11,2.63,23.34,36.58,58.48,20.82
2018-01-11 11:29:00,1,1,68.26,72.0,68.0,62.99,63.65,68.26,0.8,0.0,5.63,45.0,47.33,0.29,0.29,0.23,120.0,61.3,397.93,41.96,0.3,0.3,9.75,18.14,2.63,23.31,36.57,58.6,20.78
2018-01-11 11:30:00,1,1,68.26,72.0,68.0,62.99,63.59,68.26,0.8,0.0,5.63,45.0,47.33,0.29,0.29,0.23,120.0,61.22,397.93,41.96,0.3,0.3,9.75,18.17,2.63,23.27,36.56,58.72,20.75
2018-01-11 11:31:00,1,1,68.27,72.0,68.0,63.0,63.53,68.27,0.8,0.0,5.63,45.0,47.33,0.29,0.29,0.23,120.0,61.13,397.93,41.96,0.3,0.3,9.75,18.2,2.63,23.23,36.56,58.85,20.72
2018-01-11 11:32:00,1,1,68.27,72.0,68.0,63.01,63.47,68.27,0.8,0.0,5.63,45.0,47.33,0.29,0.29,0.23,120.0,61.05,397.93,41.96,0.3,0.3,9.75,18.23,2.63,23.2,36.55,58.97,20.69
2018-01-11 11:33:00,1,1,68.27,72.0,68.0,63.01,63.41,68.27,0.8,0.0,5.63,45.0,47.33,0.29,0.29,0.23,120.0,60.96,397.93,41.96,0.3,0.3,9.75,18.26,2.63,23.17,36.55,59.1,20.66
2018-01-11 11:34:00,1,1,68.27,72.0,68.0,63.02,63.35,68.27,0.8,0.0,5.63,45.0,47.33,0.29,0.29,0.23,120.0,60.88,397.93,41.96,0.3,0.3,9.75,18.29,2.63,23.13,36.55,59.23,20.63
2018-01-11 11:35:00,1,1,68.28,72.0,68.0,63.02,63.28,68.28,0.8,0.0,5.63,45.0,47.33,0.28,0.28,0.22,120.0,60.79,397.93,41.96,0.3,0.3,9.75,18.33,2.63,23.1,36.56,59.36,20.61
2018-01-11 11:36:00,1,1,68.28,72.0,68.0,63.03,63.22,68.28,0.8,0.0,5.63,45.0,47.33,0.28,0.28,0.22,120.0,60.71,397.93,41.96,0.3,0.3,9.75,18.36,2.63,23.07,36.56,59.49,20.58
2018-01-11 11:37:00,1,1,68.28,72.0,68.0,63.03,63.16,68.28,0.8,0.0,5.63,45.0,47.33,0.28,0.28,0.22,120.0,60.62,397.93,41.96,0.3,0.3,9.75,18.39,2.63,23.04,36.57,59.62,20.55
2018-01-11 11:38:00,1,1,68.28,72.0,68.0,63.04,63.09,68.28,0.8,0.0,5.63,45.0,47.33,0.28,0.28,0.22,120.0,60.53,397.93,41.96,0.3,0.3,9.75,18.41,2.63,23.02,36.57,59.76,20.53
2018-01-11 11:39:00,1,1,68.28,72.0,68.0,63.04,63.03,68.28,0.8,0.0,5.63,45.0,47.34,0.28,0.28,0.22,120.0,60.45,397.93,41.96,0.3,0.3,9.75,18.44,2.63,22.99,36.58,59.89,20.5
2018-01-11 11:40:00,1,1,68.28,72.0,68.0,63.04,62.97,68.28,0.8,0.0,5.63,45.0,47.34,0.28,0.28,0.22,120.0,60.36,397.93,41.96,0.3,0.3,9.75,18.47,2.63,22.96,36.59,60.03,20.48
2018-01-11 11:41:00,1,1,68.28,72.0,68.0,63.05,62.9,68.28,0.8,0.0,5.63,45.0,47.34,0.28,0.28,0.22,120.0,60.28,397.93,41.96,0.3,0.3,9.75,18.5,2.63,22.94,36.61,60.17,20.46
2018-01-11 11:42:00,1,1,68.28,72.0,68.0,63.05,62.84,68.28,0.8,0.0,5.63,45.0,47.34,0.28,0.28,0.22,120.0,60.19,397.93,41.96,0.3,0.3,9.75,18.53,2.63,22.91,36.62,60.3,20.44
2018-01-11 11:43:00,1,1,68.28,72.0,68.0,63.05,62.77,68.28,0.8,0.0,5.63,45.0,47.34,0.28,0.28,0.21,120.0,60.11,397.93,41.96,0.3,0.3,9.75,18.56,2.63,22.89,36.63,60.44,20.42
2018-01-11 11:44:00,1,1,68.28,72.0,68.0,63.06,62.71,68.28,0.8,0.0,5.63,45.0,47.34,0.28,0.28,0.21,120.0,60.02,397.93,41.96,0.3,0.3,9.75,18.59,2.63,22.86,36.65,60.58,20.4
2018-01-11 11:45:00,1,1,68.28,72.0,68.0,63.06,62.64,68.28,0.8,0.0,5.63,45.0,47.34,0.28,0.28,0.21,120.0,59.94,397.93,41.96,0.3,0.3,9.75,18.62,2.63,22.84,36.67,60.72,20.38
2018-01-11 11:46:00,1,1,68.28,72.0,68.0,63.06,62.58,68.28,0.8,0.0,5.63,45.0,47.34,0.28,0.28,0.21,120.0,59.86,397.93,41.96,0.3,0.3,9.75,18.64,2.63,22.82,36.68,60.86,20.36
2018-01-11 11:47:00,1,1,68.28,72.0,68.0,63.06,62.52,68.28,0.8,0.0,5.63,45.0,47.34,0.28,0.28,0.21,120.0,59.78,397.93,41.96,0.3,0.3,9.75,18.67,2.63,22.79,36.7,61.0,20.34
2018-01-11 11:48:00,1,1,68.28,72.0,68.0,63.07,62.45,68.28,0.8,0.0,5.63,45.0,47.34,0.28,0.28,0.21,120.0,59.69,397.93,41.96,0.3,0.3,9.75,18.7,2.63,22.77,36.72,61.14,20.32
2018-01-11 11:49:00,1,1,68.28,72.0,68.0,63.07,62.39,68.28,0.8,0.0,5.63,45.0,47.34,0.28,0.28,0.21,120.0,59.61,397.93,41.96,0.3,0.3,9.75,18.73,2.63,22.75,36.74,61.29,20.3
2018-01-11 11:50:00,1,1,68.28,72.0,68.0,63.07,62.32,68.28,0.8,0.0,5.63,45.0,47.34,0.28,0.28,0.21,120.0,59.53,397.93,41.96,0.3,0.3,9.75,18.76,2.63,22.73,36.76,61.43,20.28
2018-01-11 11:51:00,1,1,68.28,72.0,68.0,63.07,62.26,68.28,0.8,0.0,5.63,45.0,47.34,0.28,0.28,0.21,120.0,59.45,397.93,41.96,0.3,0.3,9.75,18.78,2.63,22.71,36.78,61.57,20.27
2018-01-11 11:52:00,1,1,68.28,72.0,68.0,63.07,62.2,68.28,0.8,0.0,5.63,45.0,47.34,0.28,0.28,0.2,120.0,59.37,397.93,41.96,0.3,0.3,9.75,18.81,2.63,22.69,36.8,61.71,20.25
2018-01-11 11:53:00,1,1,68.27,72.0,68.0,63.07,62.14,68.27,0.8,0.0,5.63,45.0,47.34,0.27,0.27,0.2,120.0,59.3,397.93,41.96,0.3,0.3,9.75,18.84,2.63,22.67,36.82,61.85,20.23
2018-01-11 11:54:00,1,1,68.27,72.0,68.0,63.08,62.07,68.27,0.8,0.0,5.63,45.0,47.34,0.27,0.27,0.2,120.0,59.22,397.93,41.96,0.3,0.3,9.75,18.87,2.63,22.65,36.85,61.99,20.22
2018-01-11 11:55:00,1,1,68.27,72.0,68.0,63.08,62.01,68.27,0.8,0.0,5.63,45.0,47.34,0.27,0.27,0.2,120.0,59.14,397.93,41.96,0.3,0.3,9.75,18.89,2.63,22.64,36.87,62.13,20.2
2018-01-11 11:56:00,1,1,68.27,72.0,68.0,63.08,61.95,68.27,0.8,0.0,5.63,45.0,47.34,0.27,0.27,0.2,120.0,59.07,397.93,41.96,0.3,0.3,9.75,18.92,2.63,22.62,36.89,62.27,20.19
2018-01-11 11:57:00,1,1,68.27,72.0,68.0,63.08,61.89,68.27,0.8,0.0,5.63,45.0,47.34,0.27,0.27,0.2,120.0,58.99,397.93,41.96,0.3,0.3,9.75,18.95,2.63,22.6,36.91,62.41,20.17
2018-01-11 11:58:00,1,1,68.26,72.0,68.0,63.08,61.83,68.26,0.8,0.0,5.63,45.0,47.34,0.27,0.27,0.2,120.0,58.92,397.93,41.96,0.3,0.3,9.75,18.97,2.63,22.58,36.94,62.55,20.15
2018-01-11 11:59:00,1,1,68.26,72.0,68.0,63.08,61.77,68.26,0.8,0.0,5.63,45.0,47.34,0.27,0.27,0.2,120.0,58.85,397.93,41.96,0.3,0.3,9.75,19.0,2.63,22.56,36.96,62.68,20.14
2018-01-11 12:00:00,1,1,68.26,72.0,68.0,63.08,61.71,68.26,0.8,0.0,5.63,45.0,47.34,0.27,0.27,0.2,120.0,58.78,397.93,41.96,0.3,0.3,9.75,19.03,2.63,22.54,36.98,62.82,20.12
2018-01-11 12:01:00,1,1,68.25,72.0,68.0,63.08,61.65,68.25,0.8,0.0,5.63,45.0,47.34,0.27,0.27,0.19,120.0,58.71,397.93,41.96,0.3,0.3,9.75,19.06,2.63,22.53,36.98,62.96,20.11
2018-01-11 12:02:00,1,1,68.25,72.0,68.0,63.08,61.6,68.25,0.8,0.0,5.63,45.0,47.34,0.27,0.27,0.19,120.0,58.64,397.93,41.96,0.3,0.3,9.75,19.09,2.63,22.51,36.95,63.09,20.09
2018-01-11 12:03:00,1,1,68.24,72.0,68.0,63.08,61.54,68.24,0.8,0.0,5.63,45.0,47.34,0.27,0.27,0.19,120.0,58.58,397.93,41.96,0.3,0.3,9.75,19.12,2.63,22.49,36.93,63.22,20.08
2018-01-11 12:04:00,1,1,68.23,72.0,68.0,63.07,61.49,68.23,0.8,0.0,5.63,45.0,47.34,0.27,0.27,0.19,120.0,58.52,397.93,41.96,0.3,0.3,9.75,19.16,2.63,22.46,36.9,63.33,20.06
2018-01-11 12:05:00,1,1,68.22,72.0,68.0,63.07,61.45,68.22,0.8,0.0,5.63,45.0,47.34,0.27,0.27,0.19,120.0,58.46,397.93,41.96,0.3,0.3,9.75,19.19,2.63,22.44,36.88,63.44,20.05
2018-01-11 12:06:00,1,1,68.21,72.0,68.0,63.06,61.4,68.21,0.8,0.0,5.63,45.0,47.34,0.27,0.27,0.19,120.0,58.41,397.93,41.96,0.3,0.3,9.75,19.22,2.63,22.42,36.85,63.55,20.03
2018-01-11 12:07:00,1,1,68.2,72.0,68.0,63.05,61.36,68.2,0.8,0.0,5.63,45.0,47.34,0.27,0.27,0.19,120.0,58.36,397.93,41.96,0.3,0.3,9.75,19.26,2.63,22.39,36.82,63.65,20.01
2018-01-11 12:08:00,1,1,68.19,72.0,68.0,63.05,61.33,68.19,0.8,0.0,5.63,45.0,47.34,0.27,0.27,0.19,120.0,58.32,397.93,41.96,0.3,0.3,9.75,19.29,2.63,22.37,36.8,63.74,19.99
2018-01-11 12:09:00,1,1,68.18,72.0,68.0,63.04,61.29,68.18,0.8,0.0,5.63,45.0,47.34,0.27,0.27,0.19,120.0,58.28,397.93,41.96,0.3,0.3,9.75,19.32,2.63,22.34,36.77,63.82,19.97
2018-01-11 12:10:00,1,1,68.17,72.0,68.0,63.04,61.26,68.17,0.8,0.0,5.63,45.0,47.33,0.27,0.27,0.19,120.0,58.24,397.93,41.96,0.3,0.3,9.75,19.35,2.63,22.31,36.74,63.9,19.94
2018-01-11 12:11:00,1,1,68.16,72.0,68.0,63.03,61.23,68.16,0.8,0.0,5.63,45.0,47.33,0.27,0.27,0.19,120.0,58.2,397.93,41.96,0.3,0.3,9.75,19.39,2.63,22.27,36.71,63.97,19.92
2018-01-11 12:12:00,1,1,68.15,72.0,68.0,63.03,61.2,68.15,0.8,0.0,5.63,45.0,47.33,0.27,0.27,0.19,120.0,58.17,397.93,41.96,0.3,0.3,9.75,19.42,2.63,22.24,36.69,64.04,19.89
2018-01-11 12:13:00,1,1,68.14,72.0,68.0,63.02,61.17,68.14,0.8,0.0,5.63,45.0,47.33,0.27,0.27,0.19,120.0,58.14,397.93,41.96,0.3,0.3,9.75,19.45,2.63,22.2,36.66,64.11,19.86
2018-01-11 12:14:00,1,1,68.13,72.0,68.0,63.02,61.15,68.13,0.8,0.0,5.63,45.0,47.33,0.27,0.27,0.19,120.0,58.11,397.93,41.96,0.3,0.3,9.75,19.49,2.63,22.17,36.63,64.17,19.83
2018-01-11 12:15:00,1,1,68.13,72.0,68.0,63.01,61.12,68.13,0.8,0.0,5.63,45.0,47.33,0.27,0.27,0.19,120.0,58.08,397.93,41.96,0.3,0.3,9.75,19.52,2.63,22.13,36.6,64.22,19.8
2018-01-11 12:16:00,1,1,68.12,72.0,68.0,63.01,61.1,68.12,0.8,0.0,5.63,45.0,47.33,0.27,0.27,0.19,120.0,58.06,397.93,41.96,0.3,0.3,9.75,19.55,2.63,22.09,36.57,64.28,19.76
2018-01-11 12:17:00,1,1,68.11,72.0,68.0,63.01,61.08,68.11,0.8,0.0,5.63,45.0,47.33,0.27,0.27,0.18,120.0,58.03,397.93,41.96,0.3,0.3,9.75,19.59,2.63,22.04,36.54,64.33,19.72
2018-01-11 12:18:00,1,1,68.1,72.0,68.0,63.0,61.06,68.1,0.8,0.0,5.63,45.0,47.33,0.27,0.27,0.18,120.0,58.01,397.93,41.96,0.3,0.3,9.75,19.62,2.63,22.0,36.51,64.37,19.69
2018-01-11 12:19:00,1,1,68.1,72.0,68.0,63.0,61.05,68.1,0.8,0.0,5.63,45.0,47.33,0.27,0.27,0.18,120.0,57.99,397.93,41.96,0.3,0.3,9.75,19.65,2.63,21.95,36.48,64.41,19.65
2018-01-11 12:20:00,1,1,68.09,72.0,68.0,63.0,61.03,68.09,0.8,0.0,5.63,45.0,47.33,0.27,0.27,0.18,120.0,57.98,397.93,41.96,0.3,0.3,9.75,19.68,2.63,21.9,36.45,64.45,19.6
2018-01-11 12:21:00,1,1,68.08,72.0,68.0,62.99,61.02,68.08,0.8,0.0,5.63,45.0,47.33,0.27,0.27,0.18,120.0,57.96,397.93,41.96,0.3,0.3,9.75,19.72,2.63,21.85,36.42,64.48,19.56
2018-01-11 12:22:00,1,1,68.08,72.0,68.0,62.99,61.0,68.08,0.8,0.0,5.63,45.0,47.33,0.27,0.27,0.18,120.0,57.94,397.93,41.96,0.3,0.3,9.75,19.75,2.63,21.8,36.39,64.52,19.52
2018-01-11 12:23:00,1,1,68.07,72.0,68.0,62.99,60.99,68.07,0.8,0.0,5.63,45.0,47.33,0.27,0.27,0.18,120.0,57.93,397.93,41.96,0.3,0.3,9.75,19.78,2.63,21.75,36.36,64.55,19.47
2018-01-11 12:24:00,1,1,68.07,72.0,68.0,62.99,60.98,68.07,0.8,0.0,5.63,45.0,47.33,0.27,0.27,0.18,120.0,57.92,397.93,41.96,0.3,0.3,9.75,19.82,2.63,21.69,36.33,64.57,19.42
2018-01-11 12:25:00,1,1,68.06,72.0,68.0,62.99,60.97,68.06,0.8,0.0,5.63,45.0,47.33,0.26,0.26,0.18,120.0,57.91,397.93,41.96,0.3,0.3,9.75,19.85,2.63,21.64,36.3,64.6,19.38
2018-01-11 12:26:00,1,1,68.06,72.0,68.0,62.99,60.96,68.06,0.8,0.0,5.63,45.0,47.33,0.26,0.26,0.18,120.0,57.9,397.93,41.96,0.3,0.3,9.75,19.88,2.63,21.58,36.27,64.62,19.32
2018-01-11 12:27:00,1,1,68.05,72.0,68.0,62.99,60.95,68.05,0.8,0.0,5.63,45.0,47.33,0.26,0.26,0.18,120.0,57.89,397.93,41.96,0.3,0.3,9.75,19.92,2.63,21.52,36.23,64.64,19.27
2018-01-11 12:28:00,1,1,68.05,72.0,68.0,62.99,60.95,68.05,0.8,0.0,5.63,45.0,47.33,0.26,0.26,0.18,120.0,57.88,397.93,41.96,0.3,0.3,9.75,19.95,2.63,21.46,36.2,64.66,19.22
2018-01-11 12:29:00,1,1,68.04,72.0,68.0,62.99,60.94,68.04,0.8,0.0,5.63,45.0,47.33,0.26,0.26,0.18,120.0,57.87,397.93,41.96,0.3,0.3,9.75,19.98,2.63,21.4,36.17,64.67,19.17
2018-01-11 12:30:00,1,1,68.04,72.0,68.0,62.99,60.94,68.04,0.8,0.0,5.63,45.0,47.33,0.26,0.26,0.18,120.0,57.87,397.93,41.96,0.3,0.3,9.75,20.01,2.63,21.34,36.14,64.68,19.11
2018-01-11 12:31:00,1,1,68.03,72.0,68.0,62.99,60.93,68.03,0.8,0.0,5.63,45.0,47.33,0.26,0.26,0.18,120.0,57.86,397.93,41.96,0.3,0.3,9.75,20.05,2.63,21.28,36.1,64.7,19.06
2018-01-11 12:32:00,1,1,68.03,72.0,68.0,62.99,60.93,68.03,0.8,0.0,5.63,45.0,47.33,0.26,0.26,0.18,120.0,57.85,397.93,41.96,0.3,0.3,9.75,20.08,2.63,21.21,36.07,64.71,19.0
2018-01-11 12:33:00,1,1,68.03,72.0,68.0,62.99,60.92,68.03,0.8,0.0,5.63,45.0,47.33,0.26,0.26,0.18,120.0,57.85,397.93,41.96,0.3,0.3,9.75,20.11,2.63,21.15,36.04,64.71,18.94
2018-01-11 12:34:00,1,1,68.02,72.0,68.0,62.99,60.92,68.02,0.8,0.0,5.63,45.0,47.33,0.26,0.26,0.18,120.0,57.85,397.93,41.96,0.3,0.3,9.75,20.15,2.63,21.08,36.0,64.72,18.88
2018-01-11 12:35:00,1,1,68.02,72.0,68.0,62.99,60.92,68.02,0.8,0.0,5.63,45.0,47.33,0.26,0.26,0.18,120.0,57.85,397.93,41.96,0.3,0.3,9.75,20.18,2.63,21.01,35.97,64.73,18.82
2018-01-11 12:36:00,1,1,68.02,72.0,68.0,62.99,60.92,68.02,0.8,0.0,5.63,45.0,47.33,0.26,0.26,0.18,120.0,57.84,397.93,41.96,0.3,0.3,9.75,20.21,2.63,20.94,35.93,64.73,18.76
2018-01-11 12:37:00,1,1,68.02,72.0,68.0,62.99,60.92,68.02,0.8,0.0,5.63,45.0,47.33,0.26,0.26,0.18,120.0,57.84,397.93,41.96,0.3,0.3,9.75,20.25,2.63,20.87,35.9,64.73,18.7
2018-01-11 12:38:00,1,1,68.01,72.0,68.0,62.99,60.92,68.01,0.8,0.0,5.63,45.0,47.33,0.26,0.26,0.18,120.0,57.84,397.93,41.96,0.3,0.3,9.75,20.28,2.63,20.8,35.86,64.73,18.63
2018-01-11 12:39:00,1,1,68.01,72.0,68.0,62.99,60.92,68.01,0.8,0.0,5.63,45.0,47.33,0.26,0.26,0.18,120.0,57.84,397.93,41.96,0.3,0.3,9.75,20.31,2.63,20.73,35.83,64.73,18.57
2018-01-11 12:40:00,1,1,68.01,72.0,68.0,62.99,60.92,68.01,0.8,0.0,5.63,45.0,47.33,0.26,0.26,0.18,120.0,57.84,397.93,41.96,0.3,0.3,9.75,20.34,2.63,20.66,35.79,64.73,18.51
2018-01-11 12:41:00,1,1,68.01,72.0,68.0,62.99,60.92,68.01,0.8,0.0,5.63,45.0,47.33,0.26,0.26,0.18,120.0,57.84,397.93,41.96,0.3,0.3,9.75,20.38,2.63,20.59,35.76,64.73,18.44
2018-01-11 12:42:00,1,1,68.0,72.0,68.0,63.0,60.92,68.0,0.8,0.0,5.63,45.0,47.33,0.26,0.26,0.18,120.0,57.84,397.93,41.96,0.3,0.3,9.75,20.41,2.63,20.52,35.72,64.72,18.38
2018-01-11 12:43:00,1,1,68.0,72.0,68.0,63.0,60.92,68.0,0.8,0.0,5.63,45.0,47.33,0.26,0.26,0.18,120.0,57.85,397.93,41.96,0.3,0.3,9.75,20.44,2.63,20.44,35.68,64.72,18.31
2018-01-11 12:44:00,1,1,68.0,72.0,68.0,63.0,60.93,68.0,0.8,0.0,5.63,45.0,47.33,0.26,0.26,0.18,120.0,57.85,397.93,41.96,0.3,0.3,9.75,20.48,2.63,20.37,35.65,64.71,18.24
2018-01-11 12:45:00,1,1,68.0,72.0,68.0,63.0,60.93,68.0,0.8,0.0,5.63,45.0,47.33,0.26,0.26,0.18,120.0,57.85,397.93,41.96,0.3,0.3,9.75,20.51,2.63,20.29,35.61,64.71,18.18
2018-01-11 12:46:00,1,1,68.0,72.0,68.0,63.0,60.93,68.0,0.8,0.0,5.63,45.0,47.33,0.26,0.26,0.18,120.0,57.85,397.93,41.96,0.3,0.3,9.75,20.54,2.63,20.22,35.57,64.7,18.11
2018-01-11 12:47:00,1,1,67.99,72.0,68.0,63.0,60.93,67.99,0.8,0.0,5.63,45.0,47.33,0.26,0.26,0.18,120.0,57.86,397.93,41.96,0.3,0.3,9.75,20.58,2.63,20.14,35.54,64.69,18.04
2018-01-11 12:48:00,1,1,67.99,72.0,68.0,63.01,60.94,67.99,0.8,0.0,5.63,45.0,47.33,0.26,0.26,0.18,120.0,57.86,397.93,41.96,0.3,0.3,9.75,20.61,2.63,20.07,35.5,64.68,17.97
2018-01-11 12:49:00,1,1,67.99,72.0,68.0,63.01,60.94,67.99,0.8,0.0,5.63,45.0,47.33,0.26,0.26,0.18,120.0,57.87,397.93,41.96,0.3,0.3,9.75,20.64,2.63,19.99,35.46,64.67,17.9
2018-01-11 12:50:00,1,1,67.99,72.0,68.0,63.01,60.95,67.99,0.8,0.0,5.63,45.0,47.33,0.26,0.26,0.18,120.0,57.87,397.93,41.96,0.3,0.3,9.75,20.67,2.63,19.92,35.42,64.66,17.83
2018-01-11 12:51:00,1,1,67.99,72.0,68.0,63.01,60.95,67.99,0.8,0.0,5.63,45.0,47.33,0.26,0.26,0.18,120.0,57.88,397.93,41.96,0.3,0.3,9.75,20.71,2.63,19.84,35.38,64.65,17.76
2018-01-11 12:52:00,1,1,67.99,72.0,68.0,63.01,60.96,67.99,0.8,0.0,5.63,45.0,47.33,0.26,0.26,0.18,120.0,57.88,397.93,41.96,0.3,0.3,9.75,20.74,2.63,19.76,35.34,64.63,17.7
2018-01-11 12:53:00,1,1,67.99,72.0,68.0,63.02,60.96,67.99,0.8,0.0,5.63,45.0,47.33,0.26,0.26,0.18,120.0,57.89,397.93,41.96,0.3,0.3,9.75,20.77,2.63,19.69,35.3,64.62,17.63
2018-01-11 12:54:00,1,1,67.98,72.0,68.0,63.02,60.97,67.98,0.8,0.0,5.63,45.0,47.33,0.26,0.26,0.18,120.0,57.89,397.93,41.96,0.3,0.3,9.75,20.81,2.63,19.61,35.26,64.61,17.56
2018-01-11 12:55:00,1,1,67.98,72.0,68.0,63.02,60.97,67.98,0.8,0.0,5.63,45.0,47.33,0.27,0.27,0.18,120.0,57.9,397.93,41.96,0.3,0.3,9.75,20.84,2.63,19.54,35.22,64.6,17.49
2018-01-11 12:56:00,1,1,67.98,72.0,68.0,63.02,60.98,67.98,0.8,0.0,5.63,45.0,47.33,0.27,0.27,0.18,120.0,57.9,397.93,41.96,0.3,0.3,9.75,20.87,2.63,19.46,35.18,64.58,17.42
2018-01-11 12:57:00,1,1,67.98,72.0,68.0,63.03,60.98,67.98,0.8,0.0,5.63,45.0,47.33,0.27,0.27,0.18,120.0,57.91,397.93,41.96,0.3,0.3,9.75,20.91,2.63,19.38,35.14,64.57,17.35
2018-01-11 12:58:00,1,1,67.98,72.0,68.0,63.03,60.99,67.98,0.8,0.0,5.63,45.0,47.33,0.27,0.27,0.18,120.0,57.92,397.93,41.96,0.3,0.3,9.75,20.94,2.63,19.31,35.1,64.55,17.28
2018-01-11 12:59:00,1,1,67.98,72.0,68.0,63.03,61.0,67.98,0.8,0.0,5.63,45.0,47.33,0.27,0.27,0.18,120.0,57.92,397.93,41.96,0.3,0.3,9.75,20.97,2.63,19.23,35.06,64.54,17.21
2018-01-11 13:00:00,1,1,67.98,72.0,68.0,63.04,61.0,67.98,0.8,0.0,5.63,45.0,47.33,0.27,0.27,0.18,120.0,57.93,397.93,41.96,0.3,0.3,9.75,21.0,2.63,19.16,35.02,64.52,17.15
2018-01-11 13:01:00,1,1,67.98,72.0,68.0,63.04,61.01,67.98,0.8,0.0,5.63,45.0,47.33,0.27,0.27,0.18,120.0,57.94,397.93,41.96,0.3,0.3,9.75,21.04,2.63,19.08,34.97,64.51,17.08
2018-01-11 13:02:00,1,1,67.98,72.0,68.0,63.04,61.01,67.98,0.8,0.0,5.63,45.0,47.33,0.27,0.27,0.18,120.0,57.94,397.93,41.96,0.3,0.3,9.75,21.08,2.63,19.01,34.91,64.49,17.01
2018-01-11 13:03:00,1,1,67.98,72.0,68.0,63.05,61.02,67.98,0.8,0.0,5.63,45.0,47.34,0.27,0.27,0.18,120.0,57.95,397.93,41.96,0.3,0.3,9.75,21.12,2.63,18.94,34.85,64.48,16.95
2018-01-11 13:04:00,1,1,67.98,72.0,68.0,63.06,61.02,67.98,0.8,0.0,5.63,45.0,47.34,0.27,0.27,0.18,120.0,57.95,397.93,41.96,0.3,0.3,9.75,21.16,2.63,18.87,34.79,64.47,16.89
2018-01-11 13:05:00,1,1,67.99,72.0,68.0,63.06,61.02,67.99,0.8,0.0,5.63,45.0,47.34,0.27,0.27,0.18,120.0,57.96,397.93,41.96,0.3,0.3,9.75,21.19,2.63,18.8,34.74,64.47,16.83
2018-01-11 13:06:00,1,1,67.99,72.0,68.0,63.07,61.03,67.99,0.8,0.0,5.63,45.0,47.34,0.27,0.27,0.18,120.0,57.96,397.93,41.96,0.3,0.3,9.75,21.23,2.63,18.73,34.68,64.46,16.77
2018-01-11 13:07:00,1,1,67.99,72.0,68.0,63.08,61.03,67.99,0.8,0.0,5.63,45.0,47.34,0.27,0.27,0.18,120.0,57.96,397.93,41.96,0.3,0.3,9.75,21.27,2.63,18.67,34.62,64.46,16.72
2018-01-11 13:08:00,1,1,68.0,72.0,68.0,63.08,61.03,68.0,0.8,0.0,5.63,45.0,47.34,0.27,0.27,0.18,120.0,57.96,397.93,41.96,0.3,0.3,9.75,21.31,2.63,18.61,34.56,64.47,16.66
2018-01-11 13:09:00,1,1,68.0,72.0,68.0,63.09,61.02,68.0,0.8,0.0,5.63,45.0,47.34,0.27,0.27,0.18,120.0,57.96,397.93,41.96,0.3,0.3,9.75,21.35,2.63,18.55,34.5,64.47,16.61
2018-01-11 13:10:00,1,1,68.0,72.0,68.0,63.1,61.02,68.0,0.8,0.0,5.63,45.0,47.34,0.27,0.27,0.18,120.0,57.95,397.93,41.96,0.3,0.3,9.75,21.39,2.63,18.5,34.44,64.48,16.56
2018-01-11 13:11:00,1,1,68.01,72.0,68.0,63.1,61.02,68.01,0.8,0.0,5.63,45.0,47.34,0.27,0.27,0.18,120.0,57.95,397.93,41.96,0.3,0.3,9.75,21.42,2.63,18.44,34.38,64.48,16.52
2018-01-11 13:12:00,1,1,68.01,72.0,68.0,63.11,61.01,68.01,0.8,0.0,5.63,45.0,47.34,0.27,0.27,0.18,120.0,57.94,397.93,41.96,0.3,0.3,9.75,21.46,2.63,18.39,34.32,64.49,16.47
2018-01-11 13:13:00,1,1,68.01,72.0,68.0,63.12,61.01,68.01,0.8,0.0,5.63,45.0,47.34,0.27,0.27,0.18,120.0,57.94,397.93,41.96,0.3,0.3,9.75,21.5,2.63,18.35,34.26,64.51,16.43
2018-01-11 13:14:00,1,1,68.01,72.0,68.0,63.12,61.0,68.01,0.8,0.0,5.63,45.0,47.34,0.27,0.27,0.18,120.0,57.93,397.93,41.96,0.3,0.3,9.75,21.54,2.63,18.3,34.2,64.52,16.39
2018-01-11 13:15:00,1,1,68.02,72.0,68.0,63.13,61.0,68.02,0.8,0.0,5.63,45.0,47.35,0.27,0.27,0.18,120.0,57.93,397.93,41.96,0.3,0.3,9.75,21.58,2.63,18.26,34.14,64.53,16.35
2018-01-11 13:16:00,1,1,68.02,72.0,68.0,63.13,60.99,68.02,0.8,0.0,5.63,45.0,47.35,0.26,0.26,0.18,120.0,57.92,397.93,41.96,0.3,0.3,9.75,21.61,2.63,18.22,34.08,64.55,16.32
2018-01-11 13:17:00,1,1,68.02,72.0,68.0,63.14,60.99,68.02,0.8,0.0,5.63,45.0,47.35,0.26,0.26,0.18,120.0,57.91,397.93,41.96,0.3,0.3,9.75,21.65,2.63,18.18,34.02,64.56,16.29
2018-01-11 13:18:00,1,1,68.02,72.0,68.0,63.15,60.98,68.02,0.8,0.0,5.63,45.0,47.35,0.26,0.26,0.18,120.0,57.91,397.93,41.96,0.3,0.3,9.75,21.69,2.63,18.14,33.96,64.58,16.26
2018-01-11 13:19:00,1,1,68.02,72.0,68.0,63.15,60.97,68.02,0.8,0.0,5.63,45.0,47.35,0.26,0.26,0.18,120.0,57.9,397.93,41.96,0.3,0.3,9.75,21.72,2.63,18.11,33.9,64.59,16.23
2018-01-11 13:20:00,1,1,68.03,72.0,68.0,63.16,60.97,68.03,0.8,0.0,5.63,45.0,47.35,0.26,0.26,0.18,120.0,57.89,397.93,41.96,0.3,0.3,9.75,21.76,2.63,18.08,33.85,64.61,16.2
2018-01-11 13:21:00,1,1,68.03,72.0,68.0,63.16,60.96,68.03,0.8,0.0,5.63,45.0,47.35,0.26,0.26,0.18,120.0,57.88,397.93,41.96,0.3,0.3,9.75,21.8,2.63,18.05,33.79,64.63,16.18
2018-01-11 13:22:00,1,1,68.03,72.0,68.0,63.17,60.95,68.03,0.8,0.0,5.63,45.0,47.35,0.26,0.26,0.18,120.0,57.88,397.93,41.96,0.3,0.3,9.75,21.83,2.63,18.02,33.73,64.65,16.16
2018-01-11 13:23:00,1,1,68.03,72.0,68.0,63.17,60.94,68.03,0.8,0.0,5.63,45.0,47.35,0.26,0.26,0.18,120.0,57.87,397.93,41.96,0.3,0.3,9.75,21.87,2.63,18.0,33.67,64.67,16.14
2018-01-11 13:24:00,1,1,68.03,72.0,68.0,63.18,60.94,68.03,0.8,0.0,5.63,45.0,47.35,0.26,0.26,0.18,120.0,57.86,397.93,41.96,0.3,0.3,9.75,21.91,2.63,17.98,33.61,64.69,16.12
2018-01-11 13:25:00,1,1,68.03,72.0,68.0,63.18,60.93,68.03,0.8,0.0,5.63,45.0,47.35,0.26,0.26,0.18,120.0,57.85,397.93,41.96,0.3,0.3,9.75,21.94,2.63,17.96,33.56,64.71,16.11
2018-01-11 13:26:00,1,1,68.03,72.0,68.0,63.19,60.92,68.03,0.8,0.0,5.63,45.0,47.35,0.26,0.26,0.18,120.0,57.84,397.93,41.96,0.3,0.3,9.75,21.98,2.63,17.94,33.5,64.73,16.1
2018-01-11 13:27:00,1,1,68.03,72.0,68.0,63.19,60.91,68.03,0.8,0.0,5.63,45.0,47.35,0.26,0.26,0.18,120.0,57.83,397.93,41.96,0.3,0.3,9.75,22.01,2.63,17.93,33.44,64.75,16.09
2018-01-11 13:28:00,1,1,68.03,72.0,68.0,63.19,60.9,68.03,0.8,0.0,5.63,45.0,47.35,0.26,0.26,0.18,120.0,57.82,397.93,41.96,0.3,0.3,9.75,22.05,2.63,17.91,33.39,64.77,16.08
2018-01-11 13:29:00,1,1,68.03,72.0,68.0,63.2,60.89,68.03,0.8,0.0,5.63,45.0,47.35,0.26,0.26,0.18,120.0,57.81,397.93,41.96,0.3,0.3,9.75,22.08,2.63,17.9,33.33,64.79,16.07
2018-01-11 13:30:00,1,1,68.03,72.0,68.0,63.2,60.89,68.03,0.8,0.0,5.63,45.0,47.35,0.26,0.26,0.18,120.0,57.8,397.93,41.96,0.3,0.3,9.75,22.12,2.63,17.89,33.28,64.81,16.07
2018-01-11 13:31:00,1,1,68.03,72.0,68.0,63.21,60.88,68.03,0.8,0.0,5.63,45.0,47.35,0.26,0.26,0.18,120.0,57.79,397.93,41.96,0.3,0.3,9.75,22.15,2.63,17.89,33.22,64.83,16.06
2018-01-11 13:32:00,1,1,68.03,72.0,68.0,63.21,60.87,68.03,0.8,0.0,5.63,45.0,47.36,0.26,0.26,0.18,120.0,57.79,397.93,41.96,0.3,0.3,9.75,22.19,2.63,17.88,33.17,64.85,16.06
2018-01-11 13:33:00,1,1,68.04,72.0,68.0,63.21,60.86,68.04,0.8,0.0,5.63,45.0,47.36,0.26,0.26,0.18,120.0,57.78,397.93,41.96,0.3,0.3,9.75,22.22,2.63,17.88,33.12,64.87,16.07
2018-01-11 13:34:00,1,1,68.04,72.0,68.0,63.22,60.85,68.04,0.8,0.0,5.63,45.0,47.36,0.26,0.26,0.18,120.0,57.77,397.93,41.96,0.3,0.3,9.75,22.25,2.63,17.88,33.07,64.89,16.07
2018-01-11 13:35:00,1,1,68.03,72.0,68.0,63.22,60.85,68.03,0.8,0.0,5.63,45.0,47.36,0.26,0.26,0.18,120.0,57.76,397.93,41.96,0.3,0.3,9.75,22.29,2.63,17.88,33.01,64.91,16.08
2018-01-11 13:36:00,1,1,68.03,72.0,68.0,63.22,60.84,68.03,0.8,0.0,5.63,45.0,47.36,0.26,0.26,0.18,120.0,57.75,397.93,41.96,0.3,0.3,9.75,22.32,2.63,17.89,32.96,64.93,16.08
2018-01-11 13:37:00,1,1,68.03,72.0,68.0,63.23,60.83,68.03,0.8,0.0,5.63,45.0,47.36,0.26,0.26,0.18,120.0,57.74,397.93,41.96,0.3,0.3,9.75,22.35,2.63,17.89,32.91,64.95,16.09
2018-01-11 13:38:00,1,1,68.03,72.0,68.0,63.23,60.82,68.03,0.8,0.0,5.63,45.0,47.36,0.26,0.26,0.18,120.0,57.73,397.93,41.96,0.3,0.3,9.75,22.38,2.63,17.9,32.86,64.97,16.1
2018-01-11 13:39:00,1,1,68.03,72.0,68.0,63.23,60.81,68.03,0.8,0.0,5.63,45.0,47.36,0.26,0.26,0.18,120.0,57.72,397.93,41.96,0.3,0.3,9.75,22.42,2.63,17.91,32.81,64.99,16.11
2018-01-11 13:40:00,1,1,68.03,72.0,68.0,63.24,60.81,68.03,0.8,0.0,5.63,45.0,47.36,0.26,0.26,0.18,120.0,57.72,397.93,41.96,0.3,0.3,9.75,22.45,2.63,17.92,32.77,65.01,16.13
2018-01-11 13:41:00,1,1,68.03,72.0,68.0,63.24,60.8,68.03,0.8,0.0,5.63,45.0,47.36,0.26,0.26,0.18,120.0,57.71,397.93,41.96,0.3,0.3,9.75,22.48,2.63,17.93,32.72,65.03,16.14
2018-01-11 13:42:00,1,1,68.03,72.0,68.0,63.24,60.79,68.03,0.8,0.0,5.63,45.0,47.36,0.26,0.26,0.18,120.0,57.7,397.93,41.96,0.3,0.3,9.75,22.51,2.63,17.95,32.67,65.04,16.16
2018-01-11 13:43:00,1,1,68.03,72.0,68.0,63.24,60.78,68.03,0.8,0.0,5.63,45.0,47.36,0.26,0.26,0.18,120.0,57.69,397.93,41.96,0.3,0.3,9.75,22.54,2.63,17.96,32.63,65.06,16.18
2018-01-11 13:44:00,1,1,68.03,72.0,68.0,63.25,60.78,68.03,0.8,0.0,5.63,45.0,47.36,0.26,0.26,0.18,120.0,57.69,397.93,41.96,0.3,0.3,9.75,22.57,2.63,17.98,32.58,65.08,16.2
2018-01-11 13:45:00,1,1,68.03,72.0,68.0,63.25,60.77,68.03,0.8,0.0,5.63,45.0,47.36,0.26,0.26,0.18,120.0,57.68,397.93,41.96,0.3,0.3,9.75,22.6,2.63,18.0,32.54,65.1,16.22
2018-01-11 13:46:00,1,1,68.03,72.0,68.0,63.25,60.76,68.03,0.8,0.0,5.63,45.0,47.36,0.26,0.26,0.18,120.0,57.67,397.93,41.96,0.3,0.3,9.75,22.63,2.63,18.02,32.5,65.11,16.25
2018-01-11 13:47:00,1,1,68.03,72.0,68.0,63.25,60.76,68.03,0.8,0.0,5.63,45.0,47.36,0.26,0.26,0.18,120.0,57.66,397.93,41.96,0.3,0.3,9.75,22.66,2.63,18.04,32.45,65.13,16.27
2018-01-11 13:48:00,1,1,68.03,72.0,68.0,63.26,60.75,68.03,0.8,0.0,5.63,45.0,47.36,0.26,0.26,0.18,120.0,57.66,397.93,41.96,0.3,0.3,9.75,22.69,2.63,18.07,32.41,65.14,16.3
2018-01-11 13:49:00,1,1,68.03,72.0,68.0,63.26,60.75,68.03,0.8,0.0,5.63,45.0,47.36,0.26,0.26,0.18,120.0,57.65,397.93,41.96,0.3,0.3,9.75,22.71,2.63,18.09,32.37,65.16,16.32
2018-01-11 13:50:00,1,1,68.03,72.0,68.0,63.26,60.74,68.03,0.8,0.0,5.63,45.0,47.36,0.26,0.26,0.18,120.0,57.64,397.93,41.96,0.3,0.3,9.75,22.74,2.63,18.12,32.34,65.17,16.35
2018-01-11 13:51:00,1,1,68.03,72.0,68.0,63.26,60.73,68.03,0.8,0.0,5.63,45.0,47.36,0.26,0.26,0.18,120.0,57.64,397.93,41.96,0.3,0.3,9.75,22.77,2.63,18.15,32.3,65.19,16.38
2018-01-11 13:52:00,1,1,68.03,72.0,68.0,63.27,60.73,68.03,0.8,0.0,5.63,45.0,47.36,0.26,0.26,0.18,120.0,57.63,397.93,41.96,0.3,0.3,9.75,22.8,2.63,18.18,32.26,65.2,16.42
2018-01-11 13:53:00,1,1,68.02,72.0,68.0,63.27,60.72,68.02,0.8,0.0,5.63,45.0,47.36,0.26,0.26,0.18,120.0,57.63,397.93,41.96,0.3,0.3,9.75,22.82,2.63,18.21,32.23,65.21,16.45
2018-01-11 13:54:00,1,1,68.02,72.0,68.0,63.27,60.72,68.02,0.8,0.0,5.63,45.0,47.36,0.26,0.26,0.18,120.0,57.62,397.93,41.96,0.3,0.3,9.75,22.85,2.63,18.24,32.19,65.23,16.48
2018-01-11 13:55:00,1,1,68.02,72.0,68.0,63.27,60.71,68.02,0.8,0.0,5.63,45.0,47.36,0.26,0.26,0.18,120.0,57.62,397.93,41.96,0.3,0.3,9.75,22.87,2.63,18.28,32.16,65.24,16.52
2018-01-11 13:56:00,1,1,68.02,72.0,68.0,63.27,60.71,68.02,0.8,0.0,5.63,45.0,47.36,0.26,0.26,0.18,120.0,57.61,397.93,41.96,0.3,0.3,9.75,22.9,2.63,18.31,32.13,65.25,16.55
2018-01-11 13:57:00,1,1,68.02,72.0,68.0,63.27,60.71,68.02,0.8,0.0,5.63,45.0,47.36,0.26,0.26,0.18,120.0,57.61,397.93,41.96,0.3,0.3,9.75,22.92,2.63,18.35,32.1,65.26,16.59
2018-01-11 13:58:00,1,1,68.02,72.0,68.0,63.28,60.7,68.02,0.8,0.0,5.63,45.0,47.36,0.26,0.26,0.18,120.0,57.6,397.93,41.96,0.3,0.3,9.75,22.94,2.63,18.38,32.07,65.27,16.63
2018-01-11 13:59:00,1,1,68.02,72.0,68.0,63.28,60.7,68.02,0.8,0.0,5.63,45.0,47.36,0.26,0.26,0.18,120.0,57.6,397.93,41.96,0.3,0.3,9.75,22.97,2.63,18.42,32.04,65.28,16.67
2018-01-11 14:00:00,1,1,68.02,72.0,68.0,63.28,60.7,68.02,0.8,0.0,5.63,45.0,47.36,0.26,0.26,0.18,120.0,57.6,397.93,41.96,0.3,0.3,9.75,22.99,2.63,18.46,32.01,65.28,16.7
2018-01-11 14:01:00,1,1,68.02,72.0,68.0,63.28,60.69,68.02,0.8,0.0,5.63,45.0,47.36,0.26,0.26,0.18,120.0,57.59,397.93,41.96,0.3,0.3,9.75,23.01,2.63,18.5,52.65,65.29,16.75
2018-01-11 14:02:00,1,1,68.01,72.0,68.0,63.28,60.69,68.01,0.8,0.0,5.63,45.0,47.36,0.26,0.26,0.18,120.0,57.59,397.93,41.96,0.3,0.3,9.75,23.02,2.63,18.54,55.41,65.3,16.79
2018-01-11 14:03:00,1,1,68.01,72.0,68.0,63.28,60.69,68.01,0.8,0.0,5.63,45.0,47.36,0.26,0.26,0.18,120.0,57.59,397.93,41.96,0.3,0.3,9.75,23.03,2.63,18.58,55.77,65.3,16.83
2018-01-11 14:04:00,1,1,68.01,72.0,68.0,63.28,60.69,68.01,0.8,0.0,5.63,45.0,47.36,0.26,0.26,0.18,120.0,57.59,397.93,41.96,0.3,0.3,9.75,23.04,2.63,18.63,55.79,65.3,16.87
2018-01-11 14:05:00,1,1,68.01,72.0,68.0,63.28,60.69,68.01,0.8,0.0,5.63,45.0,47.36,0.26,0.26,0.18,120.0,57.59,397.93,41.96,0.3,0.3,9.75,23.04,2.63,18.67,55.78,65.3,16.91
2018-01-11 14:06:00,1,1,68.0,72.0,68.0,63.27,60.69,68.0,0.8,0.0,5.63,45.0,47.36,0.26,0.26,0.18,120.0,57.59,397.93,41.96,0.3,0.3,9.75,23.05,2.63,18.71,55.77,65.3,16.95
2018-01-11 14:07:00,1,1,68.0,72.0,68.0,63.27,60.69,68.0,0.8,0.0,5.63,45.0,47.36,0.26,0.26,0.18,120.0,57.59,397.93,41.96,0.3,0.3,9.75,23.06,2.63,18.75,55.76,65.29,16.99
2018-01-11 14:08:00,1,1,68.0,72.0,68.0,63.27,60.69,68.0,0.8,0.0,5.63,45.0,47.36,0.26,0.26,0.18,120.0,57.59,397.93,41.96,0.3,0.3,9.75,23.07,2.63,18.79,55.76,65.29,17.03
2018-01-11 14:09:00,1,1,67.99,72.0,68.0,63.27,60.7,67.99,0.8,0.0,5.63,45.0,47.36,0.26,0.26,0.18,120.0,57.6,397.93,41.96,0.3,0.3,9.75,23.07,2.63,18.83,55.76,65.28,17.06
2018-01-11 14:10:00,1,1,67.99,72.0,68.0,63.27,60.7,67.99,0.8,0.0,5.63,45.0,47.36,0.26,0.26,0.18,120.0,57.6,397.93,41.96,0.3,0.3,9.75,23.08,2.63,18.87,55.77,65.27,17.1
2018-01-11 14:11:00,1,1,67.99,72.0,68.0,63.26,60.71,67.99,0.8,0.0,5.63,45.0,47.36,0.26,0.26,0.18,120.0,57.61,397.93,41.96,0.3,0.3,9.75,23.09,2.63,18.91,55.77,65.26,17.14
2018-01-11 14:12:00,1,1,67.99,72.0,68.0,63.26,60.71,67.99,0.8,0.0,5.63,45.0,47.36,0.26,0.26,0.18,120.0,57.61,397.93,41.96,0.3,0.3,9.75,23.09,2.63,18.95,55.79,65.24,17.18
2018-01-11 14:13:00,1,1,67.98,72.0,68.0,63.26,60.72,67.98,0.8,0.0,5.63,45.0,47.36,0.26,0.26,0.18,120.0,57.62,397.93,41.96,0.3,0.3,9.75,23.1,2.63,18.99,55.8,65.23,17.21
2018-01-11 14:14:00,1,1,67.98,72.0,68.0,63.26,60.73,67.98,0.8,0.0,5.63,45.0,47.36,0.26,0.26,0.18,120.0,57.63,397.93,41.96,0.3,0.3,9.75,23.1,2.63,19.03,55.82,65.21,17.25
2018-01-11 14:15:00,1,1,67.98,72.0,68.0,63.26,60.73,67.98,0.8,0.0,5.63,45.0,47.36,0.26,0.26,0.18,120.0,57.63,397.93,41.96,0.3,0.3,9.75,23.11,2.63,19.06,55.85,65.19,17.29
2018-01-11 14:16:00,1,1,67.98,72.0,68.0,63.25,60.74,67.98,0.8,0.0,5.63,45.0,47.36,0.26,0.26,0.18,120.0,57.64,397.93,41.96,0.3,0.3,9.75,23.11,2.63,19.1,55.88,65.17,17.32
2018-01-11 14:17:00,1,1,67.97,72.0,68.0,63.25,60.75,67.97,0.8,0.0,5.63,45.0,47.36,0.26,0.26,0.18,120.0,57.65,397.93,41.96,0.3,0.3,9.75,23.11,2.63,19.14,55.91,65.15,17.36
2018-01-11 14:18:00,1,1,67.97,72.0,68.0,63.25,60.76,67.97,0.8,0.0,5.63,45.0,47.36,0.26,0.26,0.18,120.0,57.66,397.93,41.96,0.3,0.3,9.75,23.12,2.63,19.17,55.94,65.13,17.39
2018-01-11 14:19:00,1,1,67.97,72.0,68.0,63.25,60.77,67.97,0.8,0.0,5.63,45.0,47.36,0.26,0.26,0.18,120.0,57.67,397.93,41.96,0.3,0.3,9.75,23.12,2.63,19.21,55.98,65.11,17.42
2018-01-11 14:20:00,1,1,67.97,72.0,68.0,63.25,60.78,67.97,0.8,0.0,5.63,45.0,47.36,0.26,0.26,0.18,120.0,57.68,397.93,41.96,0.3,0.3,9.75,23.12,2.63,19.25,56.02,65.08,17.46
2018-01-11 14:21:00,1,1,67.96,72.0,68.0,63.25,60.79,67.96,0.8,0.0,5.63,45.0,47.36,0.26,0.26,0.18,120.0,57.69,397.93,41.96,0.3,0.3,9.75,23.12,2.63,19.28,56.06,65.06,17.49
2018-01-11 14:22:00,1,1,67.96,72.0,68.0,63.24,60.8,67.96,0.8,0.0,5.63,45.0,47.36,0.26,0.26,0.18,120.0,57.7,397.93,41.96,0.3,0.3,9.75,23.12,2.63,19.32,56.11,65.03,17.52
2018-01-11 14:23:00,1,1,67.96,72.0,68.0,63.24,60.81,67.96,0.8,0.0,5.63,45.0,47.36,0.26,0.26,0.18,120.0,57.71,397.93,41.96,0.3,0.3,9.75,23.13,2.63,19.35,56.16,65.0,17.55
2018-01-11 14:24:00,1,1,67.96,72.0,68.0,63.24,60.82,67.96,0.8,0.0,5.63,45.0,47.36,0.26,0.26,0.18,120.0,57.73,397.93,41.96,0.3,0.3,9.75,23.13,2.63,19.38,56.21,64.97,17.58
2018-01-11 14:25:00,1,1,67.96,72.0,68.0,63.24,60.83,67.96,0.8,0.0,5.63,45.0,47.36,0.26,0.26,0.18,120.0,57.74,397.93,41.96,0.3,0.3,9.75,23.13,2.63,19.42,56.27,64.94,17.61
2018-01-11 14:26:00,1,1,67.96,72.0,68.0,63.24,60.84,67.96,0.8,0.0,5.63,45.0,47.36,0.26,0.26,0.18,120.0,57.75,397.93,41.96,0.3,0.3,9.75,23.13,2.63,19.45,56.33,64.91,17.64
2018-01-11 14:27:00,1,1,67.95,72.0,68.0,63.24,60.86,67.95,0.8,0.0,5.63,45.0,47.36,0.26,0.26,0.18,120.0,57.77,397.93,41.96,0.3,0.3,9.75,23.13,2.63,19.48,56.39,64.88,17.67
2018-01-11 14:28:00,1,1,67.95,72.0,68.0,63.24,60.87,67.95,0.8,0.0,5.63,45.0,47.36,0.26,0.26,0.18,120.0,57.78,397.93,41.96,0.3,0.3,9.75,23.13,2.63,19.51,56.45,64.85,17.7
2018-01-11 14:29:00,1,1,67.95,72.0,68.0,63.23,60.88,67.95,0.8,0.0,5.63,45.0,47.36,0.26,0.26,0.18,120.0,57.79,397.93,41.96,0.3,0.3,9.75,23.13,2.63,19.54,56.52,64.82,17.73
2018-01-11 14:30:00,1,1,67.95,72.0,68.0,63.23,60.9,67.95,0.8,0.0,5.63,45.0,47.36,0.26,0.26,0.18,120.0,57.81,397.93,41.96,0.3,0.3,9.75,23.12,2.63,19.57,56.59,64.79,17.76
2018-01-11 14:31:00,1,1,67.95,72.0,68.0,63.23,60.91,67.95,0.8,0.0,5.63,45.0,47.36,0.26,0.26,0.18,120.0,57.82,397.93,41.96,0.3,0.3,9.75,23.12,2.63,19.6,56.66,64.75,17.79
2018-01-11 14:32:00,1,1,67.95,72.0,68.0,63.23,60.92,67.95,0.8,0.0,5.63,45.0,47.36,0.26,0.26,0.18,120.0,57.84,397.93,41.96,0.3,0.3,9.75,23.12,2.63,19.63,56.73,64.72,17.81
2018-01-11 14:33:00,1,1,67.94,72.0,68.0,63.23,60.94,67.94,0.8,0.0,5.63,45.0,47.36,0.26,0.26,0.18,120.0,57.86,397.93,41.96,0.3,0.3,9.75,23.12,2.63,19.66,56.81,64.68,17.84
2018-01-11 14:34:00,1,1,67.94,72.0,68.0,63.23,60.95,67.94,0.8,0.0,5.63,45.0,47.36,0.26,0.26,0.18,120.0,57.87,397.93,41.96,0.3,0.3,9.75,23.12,2.63,19.69,56.89,64.65,17.87
2018-01-11 14:35:00,1,1,67.94,72.0,68.0,63.23,60.97,67.94,0.8,0.0,5.63,45.0,47.36,0.26,0.26,0.18,120.0,57.89,397.93,41.96,0.3,0.3,9.75,23.11,2.63,19.72,56.97,64.61,17.89
2018-01-11 14:36:00,1,1,67.94,72.0,68.0,63.22,60.98,67.94,0.8,0.0,5.63,45.0,47.36,0.26,0.27,0.18,120.0,57.9,397.93,41.96,0.3,0.3,9.75,23.11,2.63,19.75,57.05,64.57,17.92
2018-01-11 14:37:00,1,1,67.94,72.0,68.0,63.22,61.0,67.94,0.8,0.0,5.63,45.0,47.36,0.27,0.27,0.18,120.0,57.92,397.93,41.96,0.3,0.3,9.75,23.11,2.63,19.77,57.13,64.53,17.94
2018-01-11 14:38:00,1,1,67.94,72.0,68.0,63.22,61.01,67.94,0.8,0.0,5.63,45.0,47.36,0.27,0.27,0.18,120.0,57.94,397.93,41.96,0.3,0.3,9.75,23.11,2.63,19.8,57.21,64.49,17.96
2018-01-11 14:39:00,1,1,67.94,72.0,68.0,63.22,61.03,67.94,0.8,0.0,5.63,45.0,47.36,0.27,0.27,0.18,120.0,57.96,397.93,41.96,0.3,0.3,9.75,23.1,2.63,19.83,57.3,64.46,17.99
2018-01-11 14:40:00,1,1,67.94,72.0,68.0,63.22,61.05,67.94,0.8,0.0,5.63,45.0,47.36,0.27,0.27,0.18,120.0,57.98,397.93,41.96,0.3,0.3,9.75,23.1,2.63,19.85,57.39,64.42,18.01
2018-01-11 14:41:00,1,1,67.93,72.0,68.0,63.22,61.06,67.93,0.8,0.0,5.63,45.0,47.36,0.27,0.27,0.18,120.0,57.99,397.93,41.96,0.3,0.3,9.75,23.1,2.63,19.88,57.48,64.37,18.03
2018-01-11 14:42:00,1,1,67.93,72.0,68.0,63.22,61.08,67.93,0.8,0.0,5.63,45.0,47.36,0.27,0.27,0.18,120.0,58.01,397.93,41.96,0.3,0.3,9.75,23.09,2.63,19.9,57.57,64.33,18.05
2018-01-11 14:43:00,1,1,67.93,72.0,68.0,63.21,61.1,67.93,0.8,0.0,5.63,45.0,47.36,0.27,0.27,0.19,120.0,58.03,397.93,41.96,0.3,0.3,9.75,23.09,2.63,19.92,57.66,64.29,18.08
2018-01-11 14:44:00,1,1,67.93,72.0,68.0,63.21,61.11,67.93,0.8,0.0,5.63,45.0,47.36,0.27,0.27,0.19,120.0,58.05,397.93,41.96,0.3,0.3,9.75,23.08,2.63,19.95,57.75,64.25,18.1
2018-01-11 14:45:00,1,1,67.93,72.0,68.0,63.21,61.13,67.93,0.8,0.0,5.63,45.0,47.36,0.27,0.27,0.19,120.0,58.07,397.93,41.96,0.3,0.3,9.75,23.08,2.63,19.97,57.85,64.21,18.12
2018-01-11 14:46:00,1,1,67.93,72.0,68.0,63.21,61.15,67.93,0.8,0.0,5.63,45.0,47.36,0.27,0.27,0.19,120.0,58.09,397.93,41.96,0.3,0.3,9.75,23.07,2.63,19.99,57.94,64.17,18.14
2018-01-11 14:47:00,1,1,67.93,72.0,68.0,63.21,61.17,67.93,0.8,0.0,5.63,45.0,47.36,0.27,0.27,0.19,120.0,58.11,397.93,41.96,0.3,0.3,9.75,23.07,2.63,20.01,58.04,64.12,18.16
2018-01-11 14:48:00,1,1,67.93,72.0,68.0,63.21,61.18,67.93,0.8,0.0,5.63,45.0,47.36,0.27,0.27,0.19,120.0,58.13,397.93,41.96,0.3,0.3,9.75,23.07,2.63,20.04,58.14,64.08,18.17
2018-01-11 14:49:00,1,1,67.93,72.0,68.0,63.21,61.2,67.93,0.8,0.0,5.63,45.0,47.36,0.27,0.27,0.19,120.0,58.15,397.93,41.96,0.3,0.3,9.75,23.06,2.63,20.06,58.23,64.03,18.19
2018-01-11 14:50:00,1,1,67.93,72.0,68.0,63.2,61.22,67.93,0.8,0.0,5.63,45.0,47.36,0.27,0.27,0.19,120.0,58.17,397.93,41.96,0.3,0.3,9.75,23.06,2.63,20.08,58.33,63.99,18.21
2018-01-11 14:51:00,1,1,67.92,72.0,68.0,63.2,61.24,67.92,0.8,0.0,5.63,45.0,47.36,0.27,0.27,0.19,120.0,58.19,397.93,41.96,0.3,0.3,9.75,23.05,2.63,20.1,58.43,63.94,18.23
2018-01-11 14:52:00,1,1,67.92,72.0,68.0,63.2,61.26,67.92,0.8,0.0,5.63,45.0,47.36,0.27,0.27,0.19,120.0,58.22,397.93,41.96,0.3,0.3,9.75,23.05,2.63,20.12,58.53,63.9,18.25
2018-01-11 14:53:00,1,1,67.92,72.0,68.0,63.2,61.28,67.92,0.8,0.0,5.63,45.0,47.36,0.27,0.27,0.19,120.0,58.24,397.93,41.96,0.3,0.3,9.75,23.04,2.63,20.14,58.63,63.85,18.26
2018-01-11 14:54:00,1,1,67.92,72.0,68.0,63.2,61.3,67.92,0.8,0.0,5.63,45.0,47.36,0.27,0.27,0.19,120.0,58.26,397.93,41.96,0.3,0.3,9.75,23.04,2.63,20.16,58.73,63.81,18.28
2018-01-11 14:55:00,1,1,67.92,72.0,68.0,63.2,61.32,67.92,0.8,0.0,5.63,45.0,47.35,0.27,0.27,0.19,120.0,58.28,397.93,41.96,0.3,0.3,9.75,23.03,2.63,20.17,58.83,63.76,18.29
2018-01-11 14:56:00,1,1,67.92,72.0,68.0,63.2,61.34,67.92,0.8,0.0,5.63,45.0,47.35,0.27,0.27,0.19,120.0,58.3,397.93,41.96,0.3,0.3,9.75,23.02,2.63,20.19,58.93,63.71,18.31
2018-01-11 14:57:00,1,1,67.92,72.0,68.0,63.2,61.36,67.92,0.8,0.0,5.63,45.0,47.35,0.27,0.27,0.19,120.0,58.33,397.93,41.96,0.3,0.3,9.75,23.02,2.63,20.21,59.03,63.66,18.32
2018-01-11 14:58:00,1,1,67.92,72.0,68.0,63.19,61.38,67.92,0.8,0.0,5.63,45.0,47.35,0.27,0.27,0.19,120.0,58.35,397.93,41.96,0.3,0.3,9.75,23.01,2.63,20.23,59.13,63.62,18.34
2018-01-11 14:59:00,1,1,67.92,72.0,68.0,63.19,61.4,67.92,0.8,0.0,5.63,45.0,47.35,0.27,0.27,0.19,120.0,58.37,397.93,41.96,0.3,0.3,9.75,23.01,2.63,20.24,59.23,63.57,18.35
2018-01-11 15:00:00,1,1,67.92,72.0,68.0,63.19,61.42,67.92,0.8,0.0,5.63,45.0,47.35,0.27,0.27,0.19,120.0,58.4,397.93,41.96,0.3,0.3,9.75,23.0,2.63,20.26,55.44,63.52,18.37
2018-01-11 15:01:00,1,1,67.92,72.0,68.0,63.19,61.44,67.92,0.8,0.0,5.63,45.0,47.35,0.27,0.27,0.19,120.0,58.42,397.93,41.96,0.3,0.3,9.75,23.01,2.63,20.27,58.83,63.47,18.38
2018-01-11 15:02:00,1,1,67.92,72.0,68.0,63.19,61.46,67.92,0.8,0.0,5.63,45.0,47.35,0.27,0.27,0.19,120.0,58.45,397.93,41.96,0.3,0.3,9.75,23.01,2.63,20.29,59.26,63.42,18.39
2018-01-11 15:03:00,1,1,67.92,72.0,68.0,63.19,61.48,67.92,0.8,0.0,5.63,45.0,47.35,0.27,0.27,0.19,120.0,58.47,397.93,41.96,0.3,0.3,9.75,23.02,2.63,20.3,59.3,63.37,18.4
2018-01-11 15:04:00,1,1,67.92,72.0,68.0,63.19,61.5,67.92,0.8,0.0,5.63,45.0,47.35,0.27,0.27,0.19,120.0,58.49,397.93,41.96,0.3,0.3,9.75,23.03,2.63,20.31,59.28,63.32,18.42
2018-01-11 15:05:00,1,1,67.92,72.0,68.0,63.19,61.52,67.92,0.8,0.0,5.63,45.0,47.35,0.27,0.27,0.19,120.0,58.52,397.93,41.96,0.3,0.3,9.75,23.04,2.63,20.32,59.25,63.28,18.43
2018-01-11 15:06:00,1,1,67.92,72.0,68.0,63.2,61.54,67.92,0.8,0.0,5.63,45.0,47.35,0.27,0.27,0.19,120.0,58.54,397.93,41.96,0.3,0.3,9.75,23.05,2.63,20.33,59.23,63.23,18.44
2018-01-11 15:07:00,1,1,67.92,72.0,68.0,63.2,61.56,67.92,0.8,0.0,5.63,45.0,47.35,0.27,0.27,0.19,120.0,58.56,397.93,41.96,0.3,0.3,9.75,23.05,2.63,20.34,59.2,63.18,18.45
2018-01-11 15:08:00,1,1,67.92,72.0,68.0,63.2,61.58,67.92,0.8,0.0,5.63,45.0,47.35,0.27,0.27,0.19,120.0,58.59,397.93,41.96,0.3,0.3,9.75,23.06,2.63,20.36,59.17,63.14,18.46
2018-01-11 15:09:00,1,1,67.92,72.0,68.0,63.2,61.6,67.92,0.8,0.0,5.63,45.0,47.36,0.27,0.27,0.19,120.0,58.61,397.93,41.96,0.3,0.3,9.75,23.07,2.63,20.37,59.14,63.09,18.47
2018-01-11 15:10:00,1,1,67.92,72.0,68.0,63.2,61.62,67.92,0.8,0.0,5.63,45.0,47.36,0.27,0.27,0.19,120.0,58.63,397.93,41.96,0.3,0.3,9.75,23.08,2.63,20.38,59.12,63.04,18.48
2018-01-11 15:11:00,1,1,67.92,72.0,68.0,63.2,61.64,67.92,0.8,0.0,5.63,45.0,47.36,0.27,0.27,0.19,120.0,58.66,397.93,41.96,0.3,0.3,9.75,23.09,2.63,20.39,59.09,63.0,18.49
2018-01-11 15:12:00,1,1,67.92,72.0,68.0,63.2,61.66,67.92,0.8,0.0,5.63,45.0,47.36,0.27,0.27,0.2,120.0,58.68,397.93,41.96,0.3,0.3,9.75,23.09,2.63,20.4,59.07,62.95,18.5
2018-01-11 15:13:00,1,1,67.92,72.0,68.0,63.2,61.68,67.92,0.8,0.0,5.63,45.0,47.36,0.27,0.27,0.2,120.0,58.7,397.93,41.96,0.3,0.3,9.75,23.1,2.63,20.41,59.04,62.91,18.51
2018-01-11 15:14:00,1,1,67.92,72.0,68.0,63.2,61.7,67.92,0.8,0.0,5.63,45.0,47.36,0.27,0.27,0.2,120.0,58.73,397.93,41.96,0.3,0.3,9.75,23.11,2.63,20.42,59.02,62.86,18.52
2018-01-11 15:15:00,1,1,67.92,72.0,68.0,63.2,61.72,67.92,0.8,0.0,5.63,45.0,47.36,0.27,0.27,0.2,120.0,58.75,397.93,41.96,0.3,0.3,9.75,23.12,2.63,20.43,59.0,62.81,18.53
2018-01-11 15:16:00,1,1,67.92,72.0,68.0,63.2,61.73,67.92,0.8,0.0,5.63,45.0,47.36,0.27,0.27,0.2,120.0,58.77,397.93,41.96,0.3,0.3,9.75,23.12,2.63,20.44,58.98,62.77,18.54
2018-01-11 15:17:00,1,1,67.92,72.0,68.0,63.21,61.75,67.92,0.8,0.0,5.63,45.0,47.36,0.27,0.27,0.2,120.0,58.8,397.93,41.96,0.3,0.3,9.75,23.13,2.63,20.45,58.96,62.72,18.55
2018-01-11 15:18:00,1,1,67.92,72.0,68.0,63.21,61.77,67.92,0.8,0.0,5.63,45.0,47.36,0.27,0.27,0.2,120.0,58.82,397.93,41.96,0.3,0.3,9.75,23.14,2.63,20.46,58.94,62.68,18.56
2018-01-11 15:19:00,1,1,67.92,72.0,68.0,63.21,61.79,67.92,0.8,0.0,5.63,45.0,47.36,0.27,0.27,0.2,120.0,58.84,397.93,41.96,0.3,0.3,9.75,23.14,2.63,20.46,58.92,62.63,18.57
2018-01-11 15:20:00,1,1,67.92,72.0,68.0,63.21,61.81,67.92,0.8,0.0,5.63,45.0,47.36,0.27,0.27,0.2,120.0,58.87,397.93,41.96,0.3,0.3,9.75,23.15,2.63,20.47,58.91,62.59,18.58
2018-01-11 15:21:00,1,1,67.92,72.0,68.0,63.21,61.83,67.92,0.8,0.0,5.63,45.0,47.36,0.27,0.27,0.2,120.0,58.89,397.93,41.96,0.3,0.3,9.75,23.15,2.63,20.48,58.9,62.54,18.59
2018-01-11 15:22:00,1,1,67.92,72.0,68.0,63.21,61.85,67.92,0.8,0.0,5.63,45.0,47.36,0.27,0.27,0.2,120.0,58.92,397.93,41.96,0.3,0.3,9.75,23.16,2.63,20.49,58.89,62.49,18.6
2018-01-11 15:23:00,1,1,67.92,72.0,68.0,63.21,61.87,67.92,0.8,0.0,5.63,45.0,47.36,0.27,0.27,0.2,120.0,58.94,397.93,41.96,0.3,0.3,9.75,23.16,2.63,20.5,58.88,62.45,18.6
2018-01-11 15:24:00,1,1,67.92,72.0,68.0,63.21,61.89,67.92,0.8,0.0,5.63,45.0,47.36,0.27,0.27,0.2,120.0,58.97,397.93,41.96,0.3,0.3,9.75,23.17,2.63,20.51,58.87,62.4,18.61
2018-01-11 15:25:00,1,1,67.92,72.0,68.0,63.21,61.91,67.92,0.8,0.0,5.63,45.0,47.36,0.27,0.27,0.2,120.0,58.99,397.93,41.96,0.3,0.3,9.75,23.17,2.63,20.52,58.87,62.35,18.62
2018-01-11 15:26:00,1,1,67.91,72.0,68.0,63.21,61.93,67.91,0.8,0.0,5.63,45.0,47.36,0.27,0.27,0.2,120.0,59.01,397.93,41.96,0.3,0.3,9.75,23.18,2.63,20.53,58.87,62.31,18.63
2018-01-11 15:27:00,1,1,67.91,72.0,68.0,63.21,61.96,67.91,0.8,0.0,5.63,45.0,47.36,0.27,0.27,0.2,120.0,59.04,397.93,41.96,0.3,0.3,9.75,23.18,2.63,20.53,58.87,62.26,18.64
2018-01-11 15:28:00,1,1,67.91,72.0,68.0,63.21,61.98,67.91,0.8,0.0,5.63,45.0,47.36,0.27,0.27,0.2,120.0,59.07,397.93,41.96,0.3,0.3,9.75,23.18,2.63,20.54,58.87,62.21,18.65
2018-01-11 15:29:00,1,1,67.91,72.0,68.0,63.21,62.0,67.91,0.8,0.0,5.63,45.0,47.36,0.27,0.27,0.2,120.0,59.09,397.93,41.96,0.3,0.3,9.75,23.19,2.63,20.55,58.87,62.17,18.65
2018-01-11 15:30:00,1,1,67.91,72.0,68.0,63.21,62.02,67.91,0.8,0.0,5.63,45.0,47.36,0.27,0.27,0.2,120.0,59.12,397.93,41.96,0.3,0.3,9.75,23.19,2.63,20.56,58.88,62.12,18.66
2018-01-11 15:31:00,1,1,67.91,72.0,68.0,63.21,62.04,67.91,0.8,0.0,5.63,45.0,47.36,0.27,0.27,0.2,120.0,59.14,397.93,41.96,0.3,0.3,9.75,23.19,2.63,20.57,58.9,62.07,18.67
2018-01-11 15:32:00,1,1,67.91,72.0,68.0,63.21,62.06,67.91,0.8,0.0,5.63,45.0,47.36,0.27,0.27,0.2,120.0,59.17,397.93,41.96,0.3,0.3,9.75,23.19,2.63,20.58,58.91,62.02,18.68
2018-01-11 15:33:00,1,1,67.91,72.0,68.0,63.21,62.08,67.91,0.8,0.0,5.63,45.0,47.36,0.27,0.27,0.2,120.0,59.19,397.93,41.96,0.3,0.3,9.75,23.2,2.63,20.58,58.93,61.97,18.68
2018-01-11 15:34:00,1,1,67.91,72.0,68.0,63.21,62.1,67.91,0.8,0.0,5.63,45.0,47.36,0.27,0.27,0.2,120.0,59.22,397.93,41.96,0.3,0.3,9.75,23.2,2.63,20.59,58.95,61.92,18.69
2018-01-11 15:35:00,1,1,67.91,72.0,68.0,63.21,62.12,67.91,0.8,0.0,5.63,45.0,47.36,0.27,0.27,0.2,120.0,59.25,397.93,41.96,0.3,0.3,9.75,23.2,2.63,20.6,58.97,61.88,18.7
2018-01-11 15:36:00,1,1,67.91,72.0,68.0,63.2,62.15,67.91,0.8,0.0,5.63,45.0,47.36,0.28,0.28,0.2,120.0,59.28,397.93,41.96,0.3,0.3,9.75,23.2,2.63,20.61,59.0,61.83,18.71
2018-01-11 15:37:00,1,1,67.91,72.0,68.0,63.2,62.17,67.91,0.8,0.0,5.63,45.0,47.36,0.28,0.28,0.2,120.0,59.3,397.93,41.96,0.3,0.3,9.75,23.2,2.63,20.62,59.03,61.78,18.71
2018-01-11 15:38:00,1,1,67.91,72.0,68.0,63.2,62.19,67.91,0.8,0.0,5.63,45.0,47.36,0.28,0.28,0.2,120.0,59.33,397.93,41.96,0.3,0.3,9.75,23.19,2.63,20.62,59.07,61.73,18.72
2018-01-11 15:39:00,1,1,67.91,72.0,68.0,63.2,62.21,67.91,0.8,0.0,5.63,45.0,47.36,0.28,0.28,0.21,120.0,59.36,397.93,41.96,0.3,0.3,9.75,23.19,2.63,20.63,59.11,61.68,18.73
2018-01-11 15:40:00,1,1,67.91,72.0,68.0,63.2,62.24,67.91,0.8,0.0,5.63,45.0,47.36,0.28,0.28,0.21,120.0,59.39,397.93,41.96,0.3,0.3,9.75,23.19,2.63,20.64,59.15,61.63,18.73
2018-01-11 15:41:00,1,1,67.9,72.0,68.0,63.2,62.26,67.9,0.8,0.0,5.63,45.0,47.36,0.28,0.28,0.21,120.0,59.41,397.93,41.96,0.3,0.3,9.75,23.19,2.63,20.65,59.2,61.58,18.74
2018-01-11 15:42:00,1,1,67.9,72.0,68.0,63.2,62.28,67.9,0.8,0.0,5.63,45.0,47.36,0.28,0.28,0.21,120.0,59.44,397.93,41.96,0.3,0.3,9.75,23.18,2.63,20.66,59.25,61.52,18.75
2018-01-11 15:43:00,1,1,67.9,72.0,68.0,63.2,62.3,67.9,0.8,0.0,5.63,45.0,47.36,0.28,0.28,0.21,120.0,59.47,397.93,41.96,0.3,0.3,9.75,23.18,2.63,20.67,59.31,61.47,18.75
2018-01-11 15:44:00,1,1,67.9,72.0,68.0,63.2,62.33,67.9,0.8,0.0,5.63,45.0,47.35,0.28,0.28,0.21,120.0,59.5,397.93,41.96,0.3,0.3,9.75,23.18,2.63,20.67,59.37,61.42,18.76
2018-01-11 15:45:00,1,1,67.9,72.0,68.0,63.2,62.35,67.9,0.8,0.0,5.63,45.0,47.35,0.28,0.28,0.21,120.0,59.53,397.93,41.96,0.3,0.3,9.75,23.17,2.63,20.68,59.43,61.37,18.77
2018-01-11 15:46:00,1,1,67.9,72.0,68.0,63.19,62.37,67.9,0.8,0.0,5.63,45.0,47.35,0.28,0.28,0.21,120.0,59.56,397.93,41.96,0.3,0.3,9.75,23.16,2.63,20.69,59.5,61.32,18.78
2018-01-11 15:47:00,1,1,67.9,72.0,68.0,63.19,62.4,67.9,0.8,0.0,5.63,45.0,47.35,0.28,0.28,0.21,120.0,59.59,397.93,41.96,0.3,0.3,9.75,23.16,2.63,20.7,59.58,61.26,18.78
2018-01-11 15:48:00,1,1,67.9,72.0,68.0,63.19,62.42,67.9,0.8,0.0,5.63,45.0,47.35,0.28,0.28,0.21,120.0,59.62,397.93,41.96,0.3,0.3,9.75,23.15,2.63,20.71,59.66,61.21,18.79
2018-01-11 15:49:00,1,1,67.9,72.0,68.0,63.19,62.45,67.9,0.8,0.0,5.63,45.0,47.35,0.28,0.28,0.21,120.0,59.65,397.93,41.96,0.3,0.3,9.75,23.14,2.63,20.72,59.75,61.16,18.8
2018-01-11 15:50:00,1,1,67.9,72.0,68.0,63.19,62.47,67.9,0.8,0.0,5.63,45.0,47.35,0.28,0.28,0.21,120.0,59.68,397.93,41.96,0.3,0.3,9.75,23.13,2.63,20.73,59.84,61.1,18.8
2018-01-11 15:51:00,1,1,67.9,72.0,68.0,63.19,62.49,67.9,0.8,0.0,5.63,45.0,47.35,0.28,0.28,0.21,120.0,59.71,397.93,41.96,0.3,0.3,9.75,23.12,2.63,20.74,59.93,61.05,18.81
2018-01-11 15:52:00,1,1,67.9,72.0,68.0,63.18,62.52,67.9,0.8,0.0,5.63,45.0,47.35,0.28,0.28,0.21,120.0,59.75,397.93,41.96,0.3,0.3,9.75,23.11,2.63,20.75,60.03,60.99,18.82
2018-01-11 15:53:00,1,1,67.89,72.0,68.0,63.18,62.54,67.89,0.8,0.0,5.63,45.0,47.35,0.28,0.28,0.21,120.0,59.78,397.93,41.96,0.3,0.3,9.75,23.1,2.63,20.75,60.14,60.94,18.83
2018-01-11 15:54:00,1,1,67.89,72.0,68.0,63.18,62.57,67.89,0.8,0.0,5.63,45.0,47.35,0.28,0.28,0.21,120.0,59.81,397.93,41.96,0.3,0.3,9.75,23.09,2.63,20.76,60.26,60.89,18.83
2018-01-11 15:55:00,1,1,67.89,72.0,68.0,63.18,62.59,67.89,0.8,0.0,5.63,45.0,47.35,0.28,0.28,0.21,120.0,59.84,397.93,41.96,0.3,0.3,9.75,23.08,2.63,20.77,60.37,60.83,18.84
2018-01-11 15:56:00,1,1,67.89,72.0,68.0,63.18,62.62,67.89,0.8,0.0,5.63,45.0,47.35,0.28,0.28,0.21,120.0,59.88,397.93,41.96,0.3,0.3,9.75,23.07,2.63,20.78,60.5,60.77,18.85
2018-01-11 15:57:00,1,1,67.89,72.0,68.0,63.17,62.65,67.89,0.8,0.0,5.63,45.0,47.35,0.28,0.28,0.21,120.0,59.91,397.93,41.96,0.3,0.3,9.75,23.05,2.63,20.79,60.63,60.72,18.85
2018-01-11 15:58:00,1,1,67.89,72.0,68.0,63.17,62.67,67.89,0.8,0.0,5.63,45.0,47.35,0.28,0.28,0.21,120.0,59.94,397.93,41.96,0.3,0.3,9.75,23.04,2.63,20.8,60.77,60.66,18.86
2018-01-11 15:59:00,1,1,67.89,72.0,68.0,63.17,62.7,67.89,0.8,0.0,5.63,45.0,47.35,0.28,0.28,0.21,120.0,59.98,397.93,41.96,0.3,0.3,9.75,23.02,2.63,20.81,60.92,60.6,18.87
2018-01-11 16:00:00,1,1,67.89,72.0,68.0,63.17,62.72,67.89,0.8,0.0,5.63,45.0,47.35,0.28,0.28,0.21,120.0,60.01,397.93,41.96,0.3,0.3,9.75,23.01,2.63,20.83,57.06,60.55,18.88
2018-01-11 16:01:00,1,1,67.89,72.0,68.0,63.16,62.75,67.89,0.8,0.0,5.63,45.0,47.35,0.28,0.28,0.22,120.0,60.05,397.93,41.96,0.3,0.3,9.75,22.98,2.63,20.84,38.03,60.49,18.89
2018-01-11 16:02:00,1,1,67.88,72.0,68.0,63.16,62.78,67.88,0.8,0.0,5.63,45.0,47.35,0.28,0.28,0.22,120.0,60.08,397.93,41.96,0.3,0.3,9.75,22.94,2.63,20.85,35.53,60.43,18.89
2018-01-11 16:03:00,1,1,67.88,72.0,68.0,63.15,62.81,67.88,0.8,0.0,5.63,45.0,47.35,0.28,0.28,0.22,120.0,60.12,397.93,41.96,0.3,0.3,9.75,22.9,2.63,20.87,35.26,60.37,18.9
2018-01-11 16:04:00,1,1,67.88,72.0,68.0,63.14,62.83,67.88,0.8,0.0,5.63,45.0,47.35,0.28,0.28,0.22,120.0,60.15,397.93,41.96,0.3,0.3,9.75,22.86,2.63,20.88,35.29,60.31,18.91
2018-01-11 16:05:00,1,1,67.88,72.0,68.0,63.14,62.86,67.88,0.8,0.0,5.63,45.0,47.35,0.28,0.28,0.22,120.0,60.19,397.93,41.96,0.3,0.3,9.75,22.82,2.63,20.9,35.37,60.25,18.92
2018-01-11 16:06:00,1,1,67.88,72.0,68.0,63.13,62.89,67.88,0.8,0.0,5.63,45.0,47.35,0.28,0.28,0.22,120.0,60.23,397.93,41.96,0.3,0.3,9.75,22.78,2.63,20.92,35.45,60.19,18.93
2018-01-11 16:07:00,1,1,67.87,72.0,68.0,63.13,62.92,67.87,0.8,0.0,5.63,45.0,47.35,0.28,0.28,0.22,120.0,60.27,397.93,41.96,0.3,0.3,9.75,22.74,2.63,20.94,35.54,60.13,18.95
2018-01-11 16:08:00,1,1,67.87,72.0,68.0,63.12,62.95,67.87,0.8,0.0,5.63,45.0,47.35,0.28,0.28,0.22,120.0,60.31,397.93,41.96,0.3,0.3,9.75,22.7,2.63,20.95,35.63,60.06,18.96
2018-01-11 16:09:00,1,1,67.87,72.0,68.0,63.11,62.98,67.87,0.8,0.0,5.63,45.0,47.34,0.28,0.28,0.22,120.0,60.35,397.93,41.96,0.3,0.3,9.75,22.65,2.63,20.97,35.71,60.0,18.97
2018-01-11 16:10:00,1,1,67.87,72.0,68.0,63.11,63.01,67.87,0.8,0.0,5.63,45.0,47.34,0.28,0.28,0.22,120.0,60.39,397.93,41.96,0.3,0.3,9.75,22.61,2.63,20.99,35.8,59.94,18.98
2018-01-11 16:11:00,1,1,67.87,72.0,68.0,63.1,63.04,67.87,0.8,0.0,5.63,45.0,47.34,0.28,0.28,0.22,120.0,60.43,397.93,41.96,0.3,0.3,9.75,22.57,2.63,21.01,35.89,59.87,19.0
2018-01-11 16:12:00,1,1,67.86,72.0,68.0,63.09,63.07,67.86,0.8,0.0,5.63,45.0,47.34,0.28,0.28,0.22,120.0,60.47,397.93,41.96,0.3,0.3,9.75,22.52,2.63,21.03,35.98,59.8,19.01
2018-01-11 16:13:00,1,1,67.86,72.0,68.0,63.09,63.1,67.86,0.8,0.0,5.63,45.0,47.34,0.28,0.28,0.22,120.0,60.51,397.93,41.96,0.3,0.3,9.75,22.48,2.63,21.06,36.08,59.74,19.02
2018-01-11 16:14:00,1,1,67.86,72.0,68.0,63.08,63.14,67.86,0.8,0.0,5.63,45.0,47.34,0.28,0.28,0.22,120.0,60.56,397.93,41.96,0.3,0.3,9.75,22.43,2.63,21.08,36.17,59.67,19.04
2018-01-11 16:15:00,1,1,67.86,72.0,68.0,63.08,63.17,67.86,0.8,0.0,5.63,45.0,47.34,0.28,0.28,0.22,120.0,60.6,397.93,41.96,0.3,0.3,9.75,22.38,2.63,21.1,36.26,59.6,19.05
2018-01-11 16:16:00,1,1,67.86,72.0,68.0,63.07,63.2,67.86,0.8,0.0,5.63,45.0,47.34,0.28,0.28,0.22,120.0,60.64,397.93,41.96,0.3,0.3,9.75,22.33,2.63,21.12,36.36,59.53,19.07
2018-01-11 16:17:00,1,1,67.86,72.0,68.0,63.06,63.23,67.86,0.8,0.0,5.63,45.0,47.34,0.29,0.29,0.23,120.0,60.69,397.93,41.96,0.3,0.3,9.75,22.29,2.63,21.15,36.45,59.46,19.08
2018-01-11 16:18:00,1,1,67.85,72.0,68.0,63.06,63.27,67.85,0.8,0.0,5.63,45.0,47.34,0.29,0.29,0.23,120.0,60.73,397.93,41.96,0.3,0.3,9.75,22.24,2.63,21.17,36.55,59.4,19.1
2018-01-11 16:19:00,1,1,67.85,72.0,68.0,63.05,63.3,67.85,0.8,0.0,5.63,45.0,47.34,0.29,0.29,0.23,120.0,60.78,397.93,41.96,0.3,0.3,9.75,22.19,2.63,21.19,36.65,59.33,19.12
2018-01-11 16:20:00,1,1,67.85,72.0,68.0,63.04,63.33,67.85,0.8,0.0,5.63,45.0,47.34,0.29,0.29,0.23,120.0,60.83,397.93,41.96,0.3,0.3,9.75,22.14,2.63,21.22,36.75,59.26,19.13
2018-01-11 16:21:00,1,1,67.85,72.0,68.0,63.04,63.37,67.85,0.8,0.0,5.63,45.0,47.33,0.29,0.29,0.23,120.0,60.87,397.93,41.96,0.3,0.3,9.75,22.09,2.63,21.24,36.85,59.19,19.15
2018-01-11 16:22:00,1,1,67.85,72.0,68.0,63.03,63.4,67.85,0.8,0.0,5.63,45.0,47.33,0.29,0.29,0.23,120.0,60.92,397.93,41.96,0.3,0.3,9.75,22.04,2.63,21.27,36.95,59.12,19.17
2018-01-11 16:23:00,1,1,67.85,72.0,68.0,63.02,63.44,67.85,0.8,0.0,5.63,45.0,47.33,0.29,0.29,0.23,120.0,60.97,397.93,41.96,0.3,0.3,9.75,21.99,2.63,21.29,37.05,59.04,19.18
2018-01-11 16:24:00,1,1,67.85,72.0,68.0,63.02,63.47,67.85,0.8,0.0,5.63,45.0,47.33,0.29,0.29,0.23,120.0,61.01,397.93,41.96,0.3,0.3,9.75,21.94,2.63,21.32,37.15,58.97,19.2
2018-01-11 16:25:00,1,1,67.84,72.0,68.0,63.01,63.51,67.84,0.8,0.0,5.63,45.0,47.33,0.29,0.29,0.23,120.0,61.06,397.93,41.96,0.3,0.3,9.75,21.88,2.63,21.35,37.25,58.9,19.22
2018-01-11 16:26:00,1,1,67.84,72.0,68.0,63.0,63.54,67.84,0.8,0.0,5.63,45.0,47.33,0.29,0.29,0.23,120.0,61.11,397.93,41.96,0.3,0.3,9.75,21.83,2.63,21.37,37.35,58.83,19.24
2018-01-11 16:27:00,1,1,67.84,72.0,68.0,63.0,63.58,67.84,0.8,0.0,5.63,45.0,47.33,0.29,0.29,0.23,120.0,61.16,397.93,41.96,0.3,0.3,9.75,21.78,2.63,21.4,37.45,58.76,19.26
2018-01-11 16:28:00,1,1,67.84,72.0,68.0,62.99,63.61,67.84,0.8,0.0,5.63,45.0,47.33,0.29,0.29,0.23,120.0,61.21,397.93,41.96,0.3,0.3,9.75,21.73,2.63,21.43,37.56,58.69,19.28
2018-01-11 16:29:00,1,1,67.84,72.0,68.0,62.98,63.65,67.84,0.8,0.0,5.63,45.0,47.33,0.29,0.29,0.23,120.0,61.26,397.93,41.96,0.3,0.3,9.75,21.67,2.63,21.46,37.66,58.61,19.3
2018-01-11 16:30:00,1,1,67.84,72.0,68.0,62.98,63.68,67.84,0.8,0.0,5.63,45.0,47.33,0.29,0.29,0.23,120.0,61.31,397.93,41.96,0.3,0.3,9.75,21.62,2.63,21.49,37.77,58.54,19.32
2018-01-11 16:31:00,1,1,67.84,72.0,68.0,62.97,63.72,67.84,0.8,0.0,5.63,45.0,47.33,0.29,0.29,0.24,120.0,61.36,397.93,41.96,0.3,0.3,9.75,21.56,2.63,21.52,37.87,58.47,19.34
2018-01-11 16:32:00,1,1,67.84,72.0,68.0,62.96,63.75,67.84,0.8,0.0,5.63,45.0,47.32,0.29,0.29,0.24,120.0,61.41,397.93,41.96,0.3,0.3,9.75,21.51,2.63,21.54,37.98,58.4,19.36
2018-01-11 16:33:00,1,1,67.83,72.0,68.0,62.96,63.79,67.83,0.8,0.0,5.63,45.0,47.32,0.29,0.29,0.24,120.0,61.46,397.93,41.96,0.3,0.3,9.75,21.46,2.63,21.57,38.08,58.32,19.38
2018-01-11 16:34:00,1,1,67.83,72.0,68.0,62.95,63.83,67.83,0.8,0.0,5.63,45.0,47.32,0.29,0.29,0.24,120.0,61.52,397.93,41.96,0.3,0.3,9.75,21.4,2.63,21.6,38.19,58.25,19.4
2018-01-11 16:35:00,1,1,67.83,72.0,68.0,62.94,63.86,67.83,0.8,0.0,5.63,45.0,47.32,0.29,0.29,0.24,120.0,61.57,397.93,41.96,0.3,0.3,9.75,21.35,2.63,21.63,38.29,58.18,19.42
2018-01-11 16:36:00,1,1,67.83,72.0,68.0,62.93,63.9,67.83,0.8,0.0,5.63,45.0,47.32,0.29,0.29,0.24,120.0,61.62,397.93,41.96,0.3,0.3,9.75,21.29,2.63,21.66,38.4,58.1,19.44
2018-01-11 16:37:00,1,1,67.83,72.0,68.0,62.93,63.94,67.83,0.8,0.0,5.63,45.0,47.32,0.29,0.29,0.24,120.0,61.67,397.93,41.96,0.3,0.3,9.75,21.24,2.63,21.69,38.51,58.03,19.46
2018-01-11 16:38:00,1,1,67.83,72.0,68.0,62.92,63.98,67.83,0.8,0.0,5.63,45.0,47.32,0.29,0.29,0.24,120.0,61.73,397.93,41.96,0.3,0.3,9.75,21.18,2.63,21.72,38.61,57.95,19.48
2018-01-11 16:39:00,1,1,67.83,72.0,68.0,62.91,64.01,67.83,0.8,0.0,5.63,45.0,47.32,0.29,0.29,0.24,120.0,61.78,397.93,41.96,0.3,0.3,9.75,21.13,2.63,21.75,38.72,57.88,19.5
2018-01-11 16:40:00,1,1,67.83,72.0,68.0,62.91,64.05,67.83,0.8,0.0,5.63,45.0,47.32,0.29,0.29,0.24,120.0,61.83,397.93,41.96,0.3,0.3,9.75,21.07,2.63,21.78,38.83,57.81,19.52
2018-01-11 16:41:00,1,1,67.83,72.0,68.0,62.9,64.09,67.83,0.8,0.0,5.63,45.0,47.32,0.29,0.29,0.24,120.0,61.89,397.93,41.96,0.3,0.3,9.75,21.01,2.63,21.82,38.93,57.73,19.55
2018-01-11 16:42:00,1,1,67.83,72.0,68.0,62.89,64.13,67.83,0.8,0.0,5.63,45.0,47.32,0.29,0.29,0.24,120.0,61.94,397.93,41.96,0.3,0.3,9.75,20.96,2.63,21.85,39.04,57.66,19.57
2018-01-11 16:43:00,1,1,67.82,72.0,68.0,62.89,64.16,67.82,0.8,0.0,5.63,45.0,47.32,0.29,0.29,0.24,120.0,62.0,397.93,41.96,0.3,0.3,9.75,20.9,2.63,21.88,39.15,57.58,19.59
2018-01-11 16:44:00,1,1,67.82,72.0,68.0,62.88,64.2,67.82,0.8,0.0,5.63,45.0,47.31,0.29,0.29,0.25,120.0,62.05,397.93,41.96,0.3,0.3,9.75,20.85,2.63,21.91,39.26,57.51,19.61
2018-01-11 16:45:00,1,1,67.82,72.0,68.0,62.87,64.24,67.82,0.8,0.0,5.63,45.0,47.31,0.29,0.29,0.25,120.0,62.11,397.93,41.96,0.3,0.3,9.75,20.79,2.63,21.94,39.36,57.44,19.63
2018-01-11 16:46:00,1,1,67.82,72.0,68.0,62.87,64.28,67.82,0.8,0.0,5.63,45.0,47.31,0.3,0.3,0.25,120.0,62.16,397.93,41.96,0.3,0.3,9.75,20.74,2.63,21.97,39.47,57.36,19.66
2018-01-11 16:47:00,1,1,67.82,72.0,68.0,62.86,64.32,67.82,0.8,0.0,5.63,45.0,47.31,0.3,0.3,0.25,120.0,62.22,397.93,41.96,0.3,0.3,9.75,20.68,2.63,22.0,39.58,57.29,19.68
2018-01-11 16:48:00,1,1,67.82,72.0,68.0,62.85,64.35,67.82,0.8,0.0,5.63,45.0,47.31,0.3,0.3,0.25,120.0,62.28,397.93,41.96,0.3,0.3,9.75,20.62,2.63,22.03,39.69,57.21,19.7
2018-01-11 16:49:00,1,1,67.82,72.0,68.0,62.85,64.39,67.82,0.8,0.0,5.63,45.0,47.31,0.3,0.3,0.25,120.0,62.33,397.93,41.96,0.3,0.3,9.75,20.57,2.63,22.07,39.79,57.14,19.72
2018-01-11 16:50:00,1,1,67.82,72.0,68.0,62.84,64.43,67.82,0.8,0.0,5.63,45.0,47.31,0.3,0.3,0.25,120.0,62.39,397.93,41.96,0.3,0.3,9.75,20.51,2.63,22.1,39.9,57.06,19.74
2018-01-11 16:51:00,1,1,67.82,72.0,68.0,62.83,64.47,67.82,0.8,0.0,5.63,45.0,47.31,0.3,0.3,0.25,120.0,62.45,397.93,41.96,0.3,0.3,9.75,20.46,2.63,22.13,40.01,56.99,19.77
2018-01-11 16:52:00,1,1,67.82,72.0,68.0,62.83,64.51,67.82,0.8,0.0,5.63,45.0,47.31,0.3,0.3,0.25,120.0,62.51,397.93,41.96,0.3,0.3,9.75,20.4,2.63,22.16,40.11,56.91,19.79
2018-01-11 16:53:00,1,1,67.82,72.0,68.0,62.82,64.55,67.82,0.8,0.0,5.63,45.0,47.31,0.3,0.3,0.25,120.0,62.56,397.93,41.96,0.3,0.3,9.75,20.35,2.63,22.19,40.22,56.84,19.81
2018-01-11 16:54:00,1,1,67.81,72.0,68.0,62.81,64.59,67.81,0.8,0.0,5.63,45.0,47.31,0.3,0.3,0.25,120.0,62.62,397.93,41.96,0.3,0.3,9.75,20.29,2.63,22.22,40.32,56.76,19.83
2018-01-11 16:55:00,1,1,67.81,72.0,68.0,62.81,64.63,67.81,0.8,0.0,5.63,45.0,47.31,0.3,0.3,0.25,120.0,62.68,397.93,41.96,0.3,0.3,9.75,20.24,2.63,22.25,40.43,56.69,19.85
2018-01-11 16:56:00,1,1,67.81,72.0,68.0,62.8,64.67,67.81,0.8,0.0,5.63,45.0,47.3,0.3,0.3,0.26,120.0,62.74,397.93,41.96,0.3,0.3,9.75,20.18,2.63,22.28,40.54,56.61,19.87
2018-01-11 16:57:00,1,1,67.81,72.0,68.0,62.79,64.71,67.81,0.8,0.0,5.63,45.0,47.3,0.3,0.3,0.26,120.0,62.8,397.93,41.96,0.3,0.3,9.75,20.13,2.63,22.31,40.64,56.54,19.9
2018-01-11 16:58:00,1,1,67.81,72.0,68.0,62.79,64.75,67.81,0.8,0.0,5.63,45.0,47.3,0.3,0.3,0.26,120.0,62.86,397.93,41.96,0.3,0.3,9.75,20.07,2.63,22.34,40.74,56.46,19.92
2018-01-11 16:59:00,1,1,67.81,72.0,68.0,62.78,64.79,67.81,0.8,0.0,5.63,45.0,47.3,0.3,0.3,0.26,120.0,62.92,397.93,41.96,0.3,0.3,9.75,20.02,2.63,22.38,40.85,56.39,19.94
2018-01-11 17:00:00,1,1,67.81,72.0,68.0,62.78,64.83,67.81,0.8,0.0,5.63,45.0,47.3,0.3,0.3,0.26,120.0,62.98,397.93,41.96,0.3,0.3,9.75,19.96,2.63,22.41,40.95,56.32,19.96
2018-01-11 17:01:00,1,1,67.81,72.0,68.0,62.77,64.87,67.81,0.8,0.0,5.63,45.0,47.3,0.3,0.3,0.26,120.0,63.04,397.93,41.96,0.3,0.3,9.75,19.92,2.63,22.43,41.04,56.24,19.98
2018-01-11 17:02:00,1,1,67.81,72.0,68.0,62.77,64.91,67.81,0.8,0.0,5.63,45.0,47.3,0.3,0.3,0.26,120.0,63.1,397.93,41.96,0.3,0.3,9.75,19.88,2.63,22.46,41.13,56.17,20.0
2018-01-11 17:03:00,1,1,67.81,72.0,68.0,62.76,64.95,67.81,0.8,0.0,5.63,45.0,47.3,0.3,0.3,0.26,120.0,63.16,397.93,41.96,0.3,0.3,9.75,19.83,2.63,22.49,41.21,56.09,20.02
2018-01-11 17:04:00,1,1,67.81,72.0,68.0,62.76,64.99,67.81,0.8,0.0,5.63,45.0,47.3,0.3,0.3,0.26,120.0,63.22,397.93,41.96,0.3,0.3,9.75,19.79,2.63,22.51,41.29,56.02,20.04
2018-01-11 17:05:00,1,1,67.81,72.0,68.0,62.75,65.03,67.81,0.8,0.0,5.63,45.0,47.3,0.3,0.3,0.26,120.0,63.28,397.93,41.96,0.3,0.3,9.75,19.75,2.63,22.54,41.37,55.94,20.06
2018-01-11 17:06:00,1,1,67.81,72.0,68.0,62.75,65.07,67.81,0.8,0.0,5.63,45.0,47.3,0.3,0.3,0.26,120.0,63.34,397.93,41.96,0.3,0.3,9.75,19.71,2.63,22.56,41.45,55.87,20.07
2018-01-11 17:07:00,1,1,67.81,72.0,68.0,62.74,65.11,67.81,0.8,0.0,5.63,45.0,47.3,0.3,0.3,0.27,120.0,63.4,397.93,41.96,0.3,0.3,9.75,19.67,2.63,22.59,41.53,55.8,20.09
2018-01-11 17:08:00,1,1,67.81,72.0,68.0,62.74,65.15,67.81,0.8,0.0,5.63,45.0,47.3,0.3,0.3,0.27,120.0,63.47,397.93,41.96,0.3,0.3,9.75,19.63,2.63,22.61,41.61,55.72,20.11
2018-01-11 17:09:00,1,1,67.8,72.0,68.0,62.73,65.19,67.8,0.8,0.0,5.63,45.0,47.3,0.3,0.3,0.27,120.0,63.53,397.93,41.96,0.3,0.3,9.75,19.59,2.63,22.63,41.69,55.65,20.12
2018-01-11 17:10:00,1,1,67.8,72.0,68.0,62.73,65.23,67.8,0.8,0.0,5.63,45.0,47.29,0.3,0.3,0.27,120.0,63.59,397.93,41.96,0.3,0.3,9.75,19.55,2.63,22.65,41.77,55.58,20.14
2018-01-11 17:11:00,1,1,67.8,72.0,68.0,62.72,65.27,67.8,0.8,0.0,5.63,45.0,47.29,0.31,0.31,0.27,120.0,63.65,397.93,41.96,0.3,0.3,9.75,19.51,2.63,22.67,41.85,55.5,20.15
2018-01-11 17:12:00,1,1,67.8,72.0,68.0,62.72,65.31,67.8,0.8,0.0,5.63,45.0,47.29,0.31,0.31,0.27,120.0,63.71,397.93,41.96,0.3,0.3,9.75,19.48,2.63,22.69,41.92,55.43,20.16
2018-01-11 17:13:00,1,1,67.8,72.0,68.0,62.71,65.35,67.8,0.8,0.0,5.63,45.0,47.29,0.31,0.31,0.27,120.0,63.78,397.93,41.96,0.3,0.3,9.75,19.44,2.63,22.71,42.0,55.36,20.17
2018-01-11 17:14:00,1,1,67.8,72.0,68.0,62.71,65.39,67.8,0.8,0.0,5.63,45.0,47.29,0.31,0.31,0.27,120.0,63.84,397.93,41.96,0.3,0.3,9.75,19.4,2.63,22.73,42.08,55.28,20.19
2018-01-11 17:15:00,1,1,67.8,72.0,68.0,62.7,65.43,67.8,0.8,0.0,5.63,45.0,47.29,0.31,0.31,0.27,120.0,63.9,397.93,41.96,0.3,0.3,9.75,19.36,2.63,22.75,42.15,55.21,20.2
2018-01-11 17:16:00,1,1,67.8,72.0,68.0,62.7,65.47,67.8,0.8,0.0,5.63,45.0,47.29,0.31,0.31,0.27,120.0,63.96,397.93,41.96,0.3,0.3,9.75,19.32,2.63,22.76,42.23,55.14,20.21
2018-01-11 17:17:00,1,1,67.8,72.0,68.0,62.7,65.51,67.8,0.8,0.0,5.63,45.0,47.29,0.31,0.31,0.27,120.0,64.03,397.93,41.96,0.3,0.3,9.75,19.29,2.63,22.78,42.3,55.07,20.22
2018-01-11 17:18:00,1,1,67.8,72.0,68.0,62.69,65.55,67.8,0.8,0.0,5.63,45.0,47.29,0.31,0.31,0.28,120.0,64.09,397.93,41.96,0.3,0.3,9.75,19.25,2.63,22.8,42.38,54.99,20.23
2018-01-11 17:19:00,1,1,67.8,72.0,68.0,62.69,65.59,67.8,0.8,0.0,5.63,45.0,47.29,0.31,0.31,0.28,120.0,64.15,397.93,41.96,0.3,0.3,9.75,19.21,2.63,22.81,42.45,54.92,20.23
2018-01-11 17:20:00,1,1,67.8,72.0,68.0,62.68,65.63,67.8,0.8,0.0,5.63,45.0,47.29,0.31,0.31,0.28,120.0,64.22,397.93,41.96,0.3,0.3,9.75,19.18,2.63,22.82,42.52,54.85,20.24
2018-01-11 17:21:00,1,1,67.8,72.0,68.0,62.68,65.67,67.8,0.8,0.0,5.63,45.0,47.29,0.31,0.31,0.28,120.0,64.28,397.93,41.96,0.3,0.3,9.75,19.14,2.63,22.84,42.59,54.78,20.25
2018-01-11 17:22:00,1,1,67.8,72.0,68.0,62.67,65.71,67.8,0.8,0.0,5.63,45.0,47.29,0.31,0.31,0.28,120.0,64.35,397.93,41.96,0.3,0.3,9.75,19.1,2.63,22.85,42.67,54.7,20.26
2018-01-11 17:23:00,1,1,67.8,72.0,68.0,62.67,65.75,67.8,0.8,0.0,5.63,45.0,47.29,0.31,0.31,0.28,120.0,64.41,397.93,41.96,0.3,0.3,9.75,19.07,2.63,22.86,42.74,54.63,20.26
2018-01-11 17:24:00,1,1,67.8,72.0,68.0,62.66,65.79,67.8,0.8,0.0,5.63,45.0,47.29,0.31,0.31,0.28,120.0,64.48,397.93,41.96,0.3,0.3,9.75,19.03,2.63,22.87,42.81,54.56,20.27
2018-01-11 17:25:00,1,1,67.8,72.0,68.0,62.66,65.83,67.8,0.8,0.0,5.63,45.0,47.29,0.31,0.31,0.28,120.0,64.54,397.93,41.96,0.3,0.3,9.75,19.0,2.63,22.88,42.88,54.49,20.27
2018-01-11 17:26:00,1,1,67.79,72.0,68.0,62.66,65.87,67.79,0.8,0.0,5.63,45.0,47.29,0.31,0.31,0.28,120.0,64.61,397.93,41.96,0.3,0.3,9.75,18.97,2.63,22.89,42.95,54.42,20.27
2018-01-11 17:27:00,1,1,67.79,72.0,68.0,62.65,65.91,67.79,0.8,0.0,5.63,45.0,47.29,0.31,0.31,0.28,120.0,64.67,397.93,41.96,0.3,0.3,9.75,18.93,2.63,22.9,43.02,54.35,20.28
2018-01-11 17:28:00,1,1,67.79,72.0,68.0,62.65,65.96,67.79,0.8,0.0,5.63,45.0,47.28,0.31,0.31,0.29,120.0,64.74,397.93,41.96,0.3,0.3,9.75,18.9,2.63,22.9,43.08,54.28,20.28
2018-01-11 17:29:00,1,1,67.79,72.0,68.0,62.64,66.0,67.79,0.8,0.0,5.63,45.0,47.28,0.31,0.31,0.29,120.0,64.8,397.93,41.96,0.3,0.3,9.75,18.86,2.63,22.91,43.15,54.2,20.28
2018-01-11 17:30:00,1,1,67.79,72.0,68.0,62.64,66.04,67.79,0.8,0.0,5.63,45.0,47.28,0.31,0.31,0.29,120.0,64.87,397.93,41.96,0.3,0.3,9.75,18.83,2.63,22.92,43.22,54.13,20.28
2018-01-11 17:31:00,1,1,67.79,72.0,68.0,62.64,66.08,67.79,0.8,0.0,5.63,45.0,47.28,0.31,0.31,0.29,120.0,64.93,397.93,41.96,0.3,0.3,9.75,18.8,2.63,22.92,43.29,54.06,20.28
2018-01-11 17:32:00,1,1,67.79,72.0,68.0,62.63,66.12,67.79,0.8,0.0,5.63,45.0,47.28,0.31,0.31,0.29,120.0,65.0,397.93,41.96,0.3,0.3,9.75,18.76,2.63,22.93,43.35,53.99,20.28
2018-01-11 17:33:00,1,1,67.79,72.0,68.0,62.63,66.16,67.79,0.8,0.0,5.63,45.0,47.28,0.31,0.31,0.29,120.0,65.06,397.93,41.96,0.3,0.3,9.75,18.73,2.63,22.93,43.42,53.92,20.28
2018-01-11 17:34:00,1,1,67.79,72.0,68.0,62.63,66.2,67.79,0.8,0.0,5.63,45.0,47.28,0.31,0.31,0.29,120.0,65.13,397.93,41.96,0.3,0.3,9.75,18.7,2.63,22.93,43.48,53.85,20.27
2018-01-11 17:35:00,1,1,67.79,72.0,68.0,62.62,66.24,67.79,0.8,0.0,5.63,45.0,47.28,0.32,0.32,0.29,120.0,65.2,397.93,41.96,0.3,0.3,9.75,18.67,2.63,22.93,43.55,53.78,20.27
2018-01-11 17:36:00,1,1,67.79,72.0,68.0,62.62,66.28,67.79,0.8,0.0,5.63,45.0,47.28,0.32,0.32,0.29,120.0,65.26,397.93,41.96,0.3,0.3,9.75,18.64,2.63,22.93,43.61,53.71,20.27
2018-01-11 17:37:00,1,1,67.79,72.0,68.0,62.61,66.32,67.79,0.8,0.0,5.63,45.0,47.28,0.32,0.32,0.29,120.0,65.33,397.93,41.96,0.3,0.3,9.75,18.61,2.63,22.93,43.68,53.64,20.26
2018-01-11 17:38:00,1,1,67.79,72.0,68.0,62.61,66.36,67.79,0.8,0.0,5.63,45.0,47.28,0.32,0.32,0.3,120.0,65.4,397.93,41.96,0.3,0.3,9.75,18.57,2.63,22.93,43.74,53.57,20.26
2018-01-11 17:39:00,1,1,67.79,72.0,68.0,62.61,66.4,67.79,0.8,0.0,5.63,45.0,47.28,0.32,0.32,0.3,120.0,65.46,397.93,41.96,0.3,0.3,9.75,18.54,2.63,22.93,43.8,53.51,20.25
2018-01-11 17:40:00,1,1,67.79,72.0,68.0,62.6,66.44,67.79,0.8,0.0,5.63,45.0,47.28,0.32,0.32,0.3,120.0,65.53,397.93,41.96,0.3,0.3,9.75,18.51,2.63,22.93,43.86,53.44,20.25
2018-01-11 17:41:00,1,1,67.79,72.0,68.0,62.6,66.48,67.79,0.8,0.0,5.63,45.0,47.28,0.32,0.32,0.3,120.0,65.59,397.93,41.96,0.3,0.3,9.75,18.48,2.63,22.93,43.92,53.37,20.24
2018-01-11 17:42:00,1,1,67.79,72.0,68.0,62.6,66.53,67.79,0.8,0.0,5.63,45.0,47.28,0.32,0.32,0.3,120.0,65.66,397.93,41.96,0.3,0.3,9.75,18.45,2.63,22.92,43.98,53.3,20.23
2018-01-11 17:43:00,1,1,67.79,72.0,68.0,62.59,66.57,67.79,0.8,0.0,5.63,45.0,47.28,0.32,0.32,0.3,120.0,65.73,397.93,41.96,0.3,0.3,9.75,18.42,2.63,22.92,44.04,53.23,20.22
2018-01-11 17:44:00,1,1,67.79,72.0,68.0,62.59,66.61,67.79,0.8,0.0,5.63,45.0,47.28,0.32,0.32,0.3,120.0,65.79,397.93,41.96,0.3,0.3,9.75,18.4,2.63,22.92,44.1,53.17,20.22
2018-01-11 17:45:00,1,1,67.79,72.0,68.0,62.59,66.65,67.79,0.8,0.0,5.63,45.0,47.28,0.32,0.32,0.3,120.0,65.86,397.93,41.96,0.3,0.3,9.75,18.37,2.63,22.91,44.16,53.1,20.21
2018-01-11 17:46:00,1,1,67.79,72.0,68.0,62.58,66.69,67.79,0.8,0.0,5.63,45.0,47.28,0.32,0.32,0.3,120.0,65.93,397.93,41.96,0.3,0.3,9.75,18.34,2.63,22.9,44.22,53.03,20.2
2018-01-11 17:47:00,1,1,67.79,72.0,68.0,62.58,66.73,67.79,0.8,0.0,5.63,45.0,47.28,0.32,0.32,0.3,120.0,65.99,397.93,41.96,0.3,0.3,9.75,18.31,2.63,22.9,44.28,52.96,20.18
2018-01-11 17:48:00,1,1,67.79,72.0,68.0,62.58,66.77,67.79,0.8,0.0,5.63,45.0,47.28,0.32,0.32,0.31,120.0,66.06,397.93,41.96,0.3,0.3,9.75,18.28,2.63,22.89,44.34,52.9,20.17
2018-01-11 17:49:00,1,1,67.79,72.0,68.0,62.57,66.81,67.79,0.8,0.0,5.63,45.0,47.27,0.32,0.32,0.31,120.0,66.13,397.93,41.96,0.3,0.3,9.75,18.25,2.63,22.88,44.39,52.83,20.16
2018-01-11 17:50:00,1,1,67.79,72.0,68.0,62.57,66.85,67.79,0.8,0.0,5.63,45.0,47.27,0.32,0.32,0.31,120.0,66.19,397.93,41.96,0.3,0.3,9.75,18.23,2.63,22.87,44.45,52.77,20.15
2018-01-11 17:51:00,1,1,67.79,72.0,68.0,62.57,66.89,67.79,0.8,0.0,5.63,45.0,47.27,0.32,0.32,0.31,120.0,66.26,397.93,41.96,0.3,0.3,9.75,18.2,2.63,22.86,44.5,52.7,20.14
2018-01-11 17:52:00,1,1,67.79,72.0,68.0,62.56,66.93,67.79,0.8,0.0,5.63,45.0,47.27,0.32,0.32,0.31,120.0,66.33,397.93,41.96,0.3,0.3,9.75,18.17,2.63,22.85,44.56,52.63,20.12
2018-01-11 17:53:00,1,1,67.79,72.0,68.0,62.56,66.97,67.79,0.8,0.0,5.63,45.0,47.27,0.32,0.32,0.31,120.0,66.4,397.93,41.96,0.3,0.3,9.75,18.15,2.63,22.84,44.61,52.57,20.11
2018-01-11 17:54:00,1,1,67.79,72.0,68.0,62.56,67.01,67.79,0.8,0.0,5.63,45.0,47.27,0.32,0.32,0.31,120.0,66.46,397.93,41.96,0.3,0.3,9.75,18.12,2.63,22.83,44.67,52.5,20.09
2018-01-11 17:55:00,1,1,67.79,72.0,68.0,62.56,67.05,67.79,0.8,0.0,5.63,45.0,47.27,0.32,0.32,0.31,120.0,66.53,397.93,41.96,0.3,0.3,9.75,18.1,2.63,22.81,44.72,52.44,20.08
2018-01-11 17:56:00,1,1,67.79,72.0,68.0,62.55,67.09,67.79,0.8,0.0,5.63,45.0,47.27,0.32,0.32,0.31,120.0,66.6,397.93,41.96,0.3,0.3,9.75,18.07,2.63,22.8,44.77,52.38,20.06
2018-01-11 17:57:00,1,1,67.79,72.0,68.0,62.55,67.13,67.79,0.8,0.0,5.63,45.0,47.27,0.32,0.33,0.31,120.0,66.66,397.93,41.96,0.3,0.3,9.75,18.04,2.63,22.79,44.83,52.31,20.04
2018-01-11 17:58:00,1,1,67.79,72.0,68.0,62.55,67.17,67.79,0.8,0.0,5.63,45.0,47.27,0.33,0.33,0.32,120.0,66.73,397.93,41.96,0.3,0.3,9.75,18.02,2.63,22.77,44.88,52.25,20.03
2018-01-11 17:59:00,1,1,67.79,72.0,68.0,62.55,67.2,67.79,0.8,0.0,5.63,45.0,47.27,0.33,0.33,0.32,120.0,66.79,397.93,41.96,0.3,0.3,9.75,18.0,2.63,22.76,44.93,52.18,20.01
2018-01-11 18:00:00,1,1,67.79,72.0,68.0,62.54,67.24,67.79,0.8,0.0,5.63,45.0,47.27,0.33,0.33,0.32,120.0,66.86,397.93,41.96,0.3,0.3,9.75,17.97,2.63,22.74,44.98,52.12,19.99
2018-01-11 18:01:00,2,1,67.88,85.0,55.0,45.58,90.39,67.88,0.8,0.0,5.63,45.0,61.19,0.0,0.0,0.0,120.0,86.31,0.0,0.88,0.0,0.0,0.0,17.95,0.36,36.93,45.03,26.01,20.03
2018-01-11 18:02:00,2,1,68.01,85.0,55.0,43.33,94.05,68.01,0.8,0.0,5.63,45.0,47.19,0.0,0.0,0.0,120.0,93.5,0.0,0.88,0.0,0.0,0.0,17.92,0.05,38.98,45.08,22.01,20.11
2018-01-11 18:03:00,2,1,68.11,85.0,55.0,43.05,94.17,68.11,0.8,0.0,5.63,45.0,45.29,0.0,0.0,0.0,120.0,94.1,0.0,0.88,0.0,0.0,0.0,17.9,0.01,39.4,45.13,21.7,20.21
2018-01-11 18:04:00,2,1,68.18,85.0,55.0,43.04,93.82,68.18,0.8,0.0,5.63,45.0,45.04,0.0,0.0,0.0,120.0,93.81,0.0,0.88,0.0,0.0,0.0,17.88,0.0,39.62,45.18,21.88,20.32
2018-01-11 18:05:00,2,1,68.23,85.0,55.0,43.04,93.41,68.23,0.8,0.0,5.63,45.0,45.0,0.0,0.0,0.0,120.0,93.4,0.0,0.88,0.0,0.0,0.0,17.86,0.0,39.83,45.22,22.13,20.45
2018-01-11 18:06:00,2,1,68.27,85.0,55.0,43.05,92.99,68.27,0.8,0.0,5.63,45.0,45.0,0.0,0.0,0.0,120.0,92.99,0.0,0.88,0.0,0.0,0.0,17.83,0.0,40.04,45.27,22.4,20.59
2018-01-11 18:07:00,2,1,68.29,85.0,55.0,43.05,92.57,68.29,0.8,0.0,5.63,45.0,45.0,0.0,0.0,0.0,120.0,92.57,0.0,0.88,0.0,0.0,0.0,17.81,0.0,40.26,45.32,22.67,20.74
2018-01-11 18:08:00,2,1,68.3,85.0,55.0,43.05,92.16,68.3,0.8,0.0,5.63,45.0,45.0,0.0,0.0,0.0,120.0,92.16,0.0,0.88,0.0,0.0,0.0,17.79,0.0,40.49,45.36,22.95,20.89
2018-01-11 18:09:00,2,1,68.3,85.0,55.0,43.04,91.75,68.3,0.8,0.0,5.63,45.0,45.0,0.0,0.0,0.0,120.0,91.75,0.0,0.88,0.0,0.0,0.0,17.77,0.0,40.72,45.41,23.23,21.05
2018-01-11 18:10:00,2,1,68.3,85.0,55.0,43.03,91.34,68.3,0.8,0.0,5.63,45.0,45.0,0.0,0.0,0.0,120.0,91.34,0.0,0.88,0.0,0.0,0.0,17.75,0.0,40.95,45.45,23.52,21.22
2018-01-11 18:11:00,2,1,68.29,85.0,55.0,43.01,90.94,68.29,0.8,0.0,5.63,45.0,45.0,0.0,0.0,0.0,120.0,90.94,0.0,0.88,0.0,0.0,0.0,17.73,0.0,41.19,45.5,23.81,21.38
2018-01-11 18:12:00,2,1,68.28,85.0,55.0,42.99,90.54,68.28,0.8,0.0,5.63,45.0,45.0,0.0,0.0,0.0,120.0,90.54,0.0,0.88,0.0,0.0,0.0,17.71,0.0,41.43,45.54,24.1,21.55
2018-01-11 18:13:00,2,1,68.26,85.0,55.0,42.98,90.14,68.26,0.8,0.0,5.63,45.0,45.0,0.0,0.0,0.0,120.0,90.14,0.0,0.88,0.0,0.0,0.0,17.69,0.0,41.67,45.58,24.4,21.72
2018-01-11 18:14:00,2,1,68.25,85.0,55.0,42.96,89.75,68.25,0.8,0.0,5.63,45.0,45.0,0.0,0.0,0.0,120.0,89.75,0.0,0.88,0.0,0.0,0.0,17.67,0.0,41.91,45.63,24.71,21.89
2018-01-11 18:15:00,2,1,68.23,85.0,55.0,42.94,89.36,68.23,0.8,0.0,5.63,45.0,45.0,0.0,0.0,0.0,120.0,89.36,0.0,0.88,0.0,0.0,0.0,17.65,0.0,42.15,45.67,25.01,22.06
2018-01-11 18:16:00,2,1,68.2,85.0,55.0,42.92,88.98,68.2,0.8,0.0,5.63,45.0,45.0,0.0,0.0,0.0,120.0,88.98,0.0,0.88,0.0,0.0,0.0,17.63,0.0,42.39,45.71,25.33,22.23
2018-01-11 18:17:00,2,1,68.18,85.0,55.0,42.9,88.6,68.18,0.8,0.0,5.63,45.0,45.0,0.0,0.0,0.0,120.0,88.6,0.0,0.88,0.0,0.0,0.0,17.61,0.0,42.63,45.75,25.65,22.41
2018-01-11 18:18:00,2,1,68.15,85.0,55.0,42.87,88.22,68.15,0.8,0.0,5.63,45.0,45.0,0.0,0.0,0.0,120.0,88.22,0.0,0.88,0.0,0.0,0.0,17.59,0.0,42.87,45.79,25.97,22.58
2018-01-11 18:19:00,2,1,68.13,85.0,55.0,42.85,87.84,68.13,0.8,0.0,5.63,45.0,45.0,0.0,0.0,0.0,120.0,87.84,0.0,0.88,0.0,0.0,0.0,17.58,0.0,43.1,45.83,26.31,22.75
2018-01-11 18:20:00,2,1,68.1,85.0,55.0,42.83,87.47,68.1,0.8,0.0,5.63,45.0,45.0,0.0,0.0,0.0,120.0,87.47,0.0,0.88,0.0,0.0,0.0,17.56,0.0,43.34,45.87,26.64,22.92
2018-01-11 18:21:00,2,1,68.08,85.0,55.0,42.81,87.1,68.08,0.8,0.0,5.63,45.0,45.0,0.0,0.0,0.0,120.0,87.1,0.0,0.88,0.0,0.0,0.0,17.54,0.0,43.57,45.91,26.98,23.09
2018-01-11 18:22:00,2,1,68.05,85.0,55.0,42.78,86.74,68.05,0.8,0.0,5.63,45.0,45.0,0.0,0.0,0.0,120.0,86.74,0.0,0.88,0.0,0.0,0.0,17.52,0.0,43.81,45.95,27.33,23.26
2018-01-11 18:23:00,2,1,68.02,85.0,55.0,42.76,86.37,68.02,0.8,0.0,5.63,45.0,45.0,0.0,0.0,0.0,120.0,86.37,0.0,0.88,0.0,0.0,0.0,17.5,0.0,44.04,45.98,27.68,23.43
2018-01-11 18:24:00,2,1,67.99,85.0,55.0,42.74,86.01,67.99,0.8,0.0,5.63,45.0,45.0,0.0,0.0,0.0,120.0,86.01,0.0,0.88,0.0,0.0,0.0,17.49,0.0,44.27,46.02,28.03,23.59
2018-01-11 18:25:00,2,1,67.96,85.0,55.0,42.72,85.66,67.96,0.8,0.0,5.63,45.0,45.0,0.0,0.0,0.0,120.0,85.66,0.0,0.88,0.0,0.0,0.0,17.47,0.0,44.5,46.06,28.33,23.75
2018-01-11 18:26:00,2,1,67.93,85.0,55.0,42.69,85.3,67.93,0.8,0.0,5.63,45.0,45.0,0.0,0.0,0.0,120.0,85.3,0.0,0.88,0.0,0.0,0.0,17.46,0.0,44.72,46.09,28.62,23.91
2018-01-11 18:27:00,2,1,67.9,85.0,55.0,42.67,84.95,67.9,0.8,0.0,5.63,45.0,45.0,0.0,0.0,0.0,120.0,84.95,0.0,0.88,0.0,0.0,0.0,17.44,0.0,44.95,46.13,28.91,24.07
2018-01-11 18:28:00,2,1,67.88,85.0,55.0,42.65,84.61,67.88,0.8,0.0,5.63,45.0,45.0,0.0,0.0,0.0,120.0,84.61,0.0,0.88,0.0,0.0,0.0,17.42,0.0,45.17,46.16,29.2,24.23
2018-01-11 18:29:00,2,1,67.85,85.0,55.0,42.63,84.26,67.85,0.8,0.0,5.63,45.0,45.0,0.0,0.0,0.0,120.0,84.26,0.0,0.88,0.0,0.0,0.0,17.41,0.0,45.39,46.2,29.5,24.39
2018-01-11 18:30:00,2,1,67.82,85.0,55.0,42.61,83.92,67.82,0.8,0.0,5.63,45.0,45.0,0.0,0.0,0.0,120.0,83.92,0.0,0.88,0.0,0.0,0.0,17.39,0.0,45.61,46.23,29.8,24.54
2018-01-11 18:31:00,2,1,67.79,85.0,55.0,42.58,83.58,67.79,0.8,0.0,5.63,45.0,45.0,0.0,0.0,0.0,120.0,83.58,0.0,0.88,0.0,0.0,0.0,17.38,0.0,45.83,46.26,30.11,24.69
2018-01-11 18:32:00,2,1,67.76,85.0,55.0,42.56,83.25,67.76,0.8,0.0,5.63,45.0,45.0,0.0,0.0,0.0,120.0,83.25,0.0,0.88,0.0,0.0,0.0,17.36,0.0,46.05,46.3,30.42,24.85
2018-01-11 18:33:00,2,1,67.73,85.0,55.0,42.54,82.92,67.73,0.8,0.0,5.63,45.0,45.0,0.0,0.0,0.0,120.0,82.92,0.0,0.88,0.0,0.0,0.0,17.35,0.0,46.26,46.33,30.73,25.0
2018-01-11 18:34:00,2,1,67.7,85.0,55.0,42.52,82.59,67.7,0.8,0.0,5.63,45.0,45.0,0.0,0.0,0.0,120.0,82.59,0.0,0.88,0.0,0.0,0.0,17.34,0.0,46.47,46.36,31.04,25.15
2018-01-11 18:35:00,2,1,67.67,85.0,55.0,42.5,82.26,67.67,0.8,0.0,5.63,45.0,45.0,0.0,0.0,0.0,120.0,82.26,0.0,0.88,0.0,0.0,0.0,17.32,0.0,46.68,46.39,31.36,25.3
2018-01-11 18:36:00,2,1,67.64,85.0,55.0,42.48,81.94,67.64,0.8,0.0,5.63,45.0,45.0,0.0,0.0,0.0,120.0,81.94,0.0,0.88,0.0,0.0,0.0,17.31,0.0,46.89,46.42,31.69,25.45
2018-01-11 18:37:00,2,1,67.62,85.0,55.0,42.46,81.62,67.62,0.8,0.0,5.63,45.0,45.0,0.0,0.0,0.0,120.0,81.62,0.0,0.88,0.0,0.0,0.0,17.29,0.0,47.1,46.45,32.01,25.59
2018-01-11 18:38:00,2,1,67.59,85.0,55.0,42.43,81.3,67.59,0.8,0.0,5.63,45.0,45.0,0.0,0.0,0.0,120.0,81.3,0.0,0.88,0.0,0.0,0.0,17.28,0.0,47.3,46.48,32.34,25.74
2018-01-11 18:39:00,2,1,67.56,85.0,55.0,42.41,80.98,67.56,0.8,0.0,5.63,45.0,45.0,0.0,0.0,0.0,120.0,80.98,0.0,0.88,0.0,0.0,0.0,17.27,0.0,47.51,46.51,32.68,25.88
2018-01-11 18:40:00,2,1,67.53,85.0,55.0,42.39,80.67,67.53,0.8,0.0,5.63,45.0,45.0,0.0,0.0,0.0,120.0,80.67,0.0,0.88,0.0,0.0,0.0,17.26,0.0,47.71,46.54,33.02,26.02
2018-01-11 18:41:00,2,1,67.5,85.0,55.0,42.37,80.36,67.5,0.8,0.0,5.63,45.0,45.0,0.0,0.0,0.0,120.0,80.36,0.0,0.88,0.0,0.0,0.0,17.24,0.0,47.91,46.56,33.36,26.17
2018-01-11 18:42:00,2,1,67.48,85.0,55.0,42.35,80.05,67.48,0.8,0.0,5.63,45.0,45.0,0.0,0.0,0.0,120.0,80.05,0.0,0.88,0.0,0.0,0.0,17.23,0.0,48.1,46.59,33.71,26.31
2018-01-11 18:43:00,2,1,67.45,85.0,55.0,42.33,79.75,67.45,0.8,0.0,5.63,45.0,45.0,0.0,0.0,0.0,120.0,79.75,0.0,0.88,0.0,0.0,0.0,17.22,0.0,48.3,46.62,34.06,26.45
2018-01-11 18:44:00,2,1,67.42,85.0,55.0,42.32,79.45,67.42,0.8,0.0,5.63,45.0,45.0,0.0,0.0,0.0,120.0,79.45,0.0,0.88,0.0,0.0,0.0,17.21,0.0,48.49,46.64,34.41,26.58
2018-01-11 18:45:00,2,1,67.39,85.0,55.0,42.3,79.15,67.39,0.8,0.0,5.63,45.0,45.0,0.0,0.0,0.0,120.0,79.15,0.0,0.88,0.0,0.0,0.0,17.2,0.0,48.68,46.67,34.77,26.72
2018-01-11 18:46:00,2,1,67.37,85.0,55.0,42.28,78.85,67.37,0.8,0.0,5.63,45.0,45.0,0.0,0.0,0.0,120.0,78.85,0.0,0.88,0.0,0.0,0.0,17.19,0.0,48.87,46.69,35.14,26.86
2018-01-11 18:47:00,2,1,67.34,85.0,55.0,42.26,78.56,67.34,0.8,0.0,5.63,45.0,45.0,0.0,0.0,0.0,120.0,78.56,0.0,0.88,0.0,0.0,0.0,17.18,0.0,49.06,46.72,35.51,26.99
2018-01-11 18:48:00,2,1,67.31,85.0,55.0,42.24,78.26,67.31,0.8,0.0,5.63,45.0,45.0,0.0,0.0,0.0,120.0,78.26,0.0,0.88,0.0,0.0,0.0,17.17,0.0,49.24,46.74,35.88,27.12
2018-01-11 18:49:00,2,1,67.29,85.0,55.0,42.22,77.97,67.29,0.8,0.0,5.63,45.0,45.0,0.0,0.0,0.0,120.0,77.97,0.0,0.88,0.0,0.0,0.0,17.16,0.0,49.43,46.76,36.26,27.26
2018-01-11 18:50:00,2,1,67.26,85.0,55.0,42.2,77.69,67.26,0.8,0.0,5.63,45.0,44.99,0.0,0.0,0.0,120.0,77.69,0.0,0.88,0.0,0.0,0.0,17.15,0.0,49.61,46.79,36.64,27.39
2018-01-11 18:51:00,2,1,67.24,85.0,55.0,42.19,77.4,67.24,0.8,0.0,5.63,45.0,44.99,0.0,0.0,0.0,120.0,77.4,0.0,0.88,0.0,0.0,0.0,17.14,0.0,49.79,46.81,37.03,27.52
2018-01-11 18:52:00,2,1,67.21,85.0,55.0,42.17,77.12,67.21,0.8,0.0,5.63,45.0,44.99,0.0,0.0,0.0,120.0,77.12,0.0,0.88,0.0,0.0,0.0,17.13,0.0,49.97,46.83,37.42,27.65
2018-01-11 18:53:00,2,1,67.19,85.0,55.0,42.15,76.84,67.19,0.8,0.0,5.63,45.0,44.99,0.0,0.0,0.0,120.0,76.84,0.0,0.88,0.0,0.0,0.0,17.12,0.0,50.14,46.85,37.76,27.77
2018-01-11 18:54:00,2,1,67.16,85.0,55.0,42.14,76.57,67.16,0.8,0.0,5.63,45.0,44.99,0.0,0.0,0.0,120.0,76.57,0.0,0.88,0.0,0.0,0.0,17.11,0.0,50.31,46.87,38.07,27.9
2018-01-11 18:55:00,2,1,67.14,85.0,55.0,42.12,76.29,67.14,0.8,0.0,5.63,45.0,44.99,0.0,0.0,0.0,120.0,76.29,0.0,0.88,0.0,0.0,0.0,17.1,0.0,50.49,46.89,38.38,28.02
2018-01-11 18:56:00,2,1,67.11,85.0,55.0,42.1,76.02,67.11,0.8,0.0,5.63,45.0,44.99,0.0,0.0,0.0,120.0,76.02,0.0,0.88,0.0,0.0,0.0,17.09,0.0,50.66,46.91,38.7,28.15
2018-01-11 18:57:00,2,1,67.09,85.0,55.0,42.09,75.75,67.09,0.8,0.0,5.63,45.0,44.99,0.0,0.0,0.0,120.0,75.75,0.0,0.88,0.0,0.0,0.0,17.09,0.0,50.82,46.93,39.01,28.27
2018-01-11 18:58:00,2,1,67.06,85.0,55.0,42.07,75.48,67.06,0.8,0.0,5.63,45.0,44.99,0.0,0.0,0.0,120.0,75.48,0.0,0.88,0.0,0.0,0.0,17.08,0.0,50.99,46.95,39.33,28.39
2018-01-11 18:59:00,2,1,67.04,85.0,55.0,42.06,75.22,67.04,0.8,0.0,5.63,45.0,44.99,0.0,0.0,0.0,120.0,75.22,0.0,0.88,0.0,0.0,0.0,17.07,0.0,51.15,46.97,39.65,28.51
2018-01-11 19:00:00,2,1,67.02,85.0,55.0,42.04,74.96,67.02,0.8,0.0,5.63,45.0,44.99,0.0,0.0,0.0,120.0,74.96,0.0,0.88,0.0,0.0,0.0,17.06,0.0,51.32,46.98,39.97,28.63
2018-01-11 19:01:00,2,1,67.0,85.0,55.0,42.03,74.69,67.0,0.8,0.0,5.63,45.0,44.99,0.0,0.0,0.0,120.0,74.69,0.0,0.88,0.0,0.0,0.0,17.06,0.0,51.47,46.98,40.29,28.75
2018-01-11 19:02:00,2,1,66.98,85.0,55.0,42.02,74.44,66.98,0.8,0.0,5.63,45.0,44.99,0.0,0.0,0.0,120.0,74.44,0.0,0.88,0.0,0.0,0.0,17.06,0.0,51.61,46.98,40.62,28.86
2018-01-11 19:03:00,2,1,66.96,85.0,55.0,42.01,74.18,66.96,0.8,0.0,5.63,45.0,44.99,0.0,0.0,0.0,120.0,74.18,0.0,0.88,0.0,0.0,0.0,17.06,0.0,51.75,46.97,40.95,28.98
2018-01-11 19:04:00,2,1,66.94,85.0,55.0,42.0,73.93,66.94,0.8,0.0,5.63,45.0,44.99,0.0,0.0,0.0,120.0,73.93,0.0,0.88,0.0,0.0,0.0,17.06,0.0,51.88,46.96,41.28,29.09
2018-01-11 19:05:00,2,1,66.92,85.0,55.0,41.99,73.68,66.92,0.8,0.0,5.63,45.0,44.99,0.0,0.0,0.0,120.0,73.68,0.0,0.88,0.0,0.0,0.0,17.06,0.0,52.02,46.95,41.62,29.21
2018-01-11 19:06:00,2,1,66.91,85.0,55.0,41.99,73.43,66.91,0.8,0.0,5.63,45.0,44.99,0.0,0.0,0.0,120.0,73.43,0.0,0.88,0.0,0.0,0.0,17.07,0.0,52.15,46.94,41.96,29.32
2018-01-11 19:07:00,2,1,66.89,85.0,55.0,41.98,73.18,66.89,0.8,0.0,5.63,45.0,44.99,0.0,0.0,0.0,120.0,73.18,0.0,0.88,0.0,0.0,0.0,17.07,0.0,52.28,46.92,42.3,29.43
2018-01-11 19:08:00,2,1,66.88,85.0,55.0,41.97,72.93,66.88,0.8,0.0,5.63,45.0,44.99,0.0,0.0,0.0,120.0,72.93,0.0,0.88,0.0,0.0,0.0,17.07,0.0,52.41,46.91,42.64,29.54
2018-01-11 19:09:00,2,1,66.86,85.0,55.0,41.97,72.69,66.86,0.8,0.0,5.63,45.0,44.99,0.0,0.0,0.0,120.0,72.69,0.0,0.88,0.0,0.0,0.0,17.07,0.0,52.54,46.9,42.98,29.64
2018-01-11 19:10:00,2,1,66.85,85.0,55.0,41.96,72.45,66.85,0.8,0.0,5.63,45.0,44.99,0.0,0.0,0.0,120.0,72.45,0.0,0.88,0.0,0.0,0.0,17.07,0.0,52.67,46.89,43.33,29.75
2018-01-11 19:11:00,2,1,66.84,85.0,55.0,41.96,72.21,66.84,0.8,0.0,5.63,45.0,44.99,0.0,0.0,0.0,120.0,72.21,0.0,0.88,0.0,0.0,0.0,17.08,0.0,52.8,46.88,43.68,29.86
2018-01-11 19:12:00,2,1,66.83,85.0,55.0,41.96,71.98,66.83,0.8,0.0,5.63,45.0,44.99,0.0,0.0,0.0,120.0,71.98,0.0,0.88,0.0,0.0,0.0,17.08,0.0,52.92,46.87,44.03,29.97
2018-01-11 19:13:00,2,1,66.82,85.0,55.0,41.95,71.74,66.82,0.8,0.0,5.63,45.0,44.99,0.0,0.0,0.0,120.0,71.74,0.0,0.88,0.0,0.0,0.0,17.08,0.0,53.05,46.85,44.39,30.07
2018-01-11 19:14:00,2,1,66.81,85.0,55.0,41.95,71.51,66.81,0.8,0.0,5.63,45.0,44.99,0.0,0.0,0.0,120.0,71.51,0.0,0.88,0.0,0.0,0.0,17.08,0.0,53.17,46.84,44.74,30.18
2018-01-11 19:15:00,2,1,66.8,85.0,55.0,41.95,71.28,66.8,0.8,0.0,5.63,45.0,44.99,0.0,0.0,0.0,120.0,71.28,0.0,0.88,0.0,0.0,0.0,17.09,0.0,53.29,46.83,45.1,30.28
2018-01-11 19:16:00,2,1,66.8,85.0,55.0,41.94,71.05,66.8,0.8,0.0,5.63,45.0,44.99,0.0,0.0,0.0,120.0,71.05,0.0,0.88,0.0,0.0,0.0,17.09,0.0,53.42,46.82,45.47,30.39
2018-01-11 19:17:00,2,1,66.79,85.0,55.0,41.94,70.82,66.79,0.8,0.0,5.63,45.0,44.99,0.0,0.0,0.0,120.0,70.82,0.0,0.88,0.0,0.0,0.0,17.09,0.0,53.54,46.81,45.83,30.49
2018-01-11 19:18:00,2,1,66.78,85.0,55.0,41.94,70.6,66.78,0.8,0.0,5.63,45.0,44.99,0.0,0.0,0.0,120.0,70.6,0.0,0.88,0.0,0.0,0.0,17.1,0.0,53.66,46.79,46.2,30.59
2018-01-11 19:19:00,2,1,66.77,85.0,55.0,41.94,70.38,66.77,0.8,0.0,5.63,45.0,44.99,0.0,0.0,0.0,120.0,70.38,0.0,0.88,0.0,0.0,0.0,17.1,0.0,53.78,46.78,46.57,30.69
2018-01-11 19:20:00,2,1,66.77,85.0,55.0,41.93,70.16,66.77,0.8,0.0,5.63,45.0,44.99,0.0,0.0,0.0,120.0,70.16,0.0,0.88,0.0,0.0,0.0,17.1,0.0,53.9,46.77,46.95,30.8
2018-01-11 19:21:00,2,1,66.76,85.0,55.0,41.93,69.94,66.76,0.8,0.0,5.63,45.0,44.99,0.0,0.0,0.0,120.0,69.94,0.0,0.88,0.0,0.0,0.0,17.1,0.0,54.02,46.76,47.32,30.9
2018-01-11 19:22:00,2,1,66.76,85.0,55.0,41.93,69.72,66.76,0.8,0.0,5.63,45.0,44.99,0.0,0.0,0.0,120.0,69.72,0.0,0.88,0.0,0.0,0.0,17.11,0.0,54.14,46.75,47.7,31.0
2018-01-11 19:23:00,2,1,66.75,85.0,55.0,41.93,69.5,66.75,0.8,0.0,5.63,45.0,44.99,0.0,0.0,0.0,120.0,69.5,0.0,0.88,0.0,0.0,0.0,17.11,0.0,54.26,46.74,48.08,31.1
2018-01-11 19:24:00,2,1,66.75,85.0,55.0,41.93,69.29,66.75,0.8,0.0,5.63,45.0,44.99,0.0,0.0,0.0,120.0,69.29,0.0,0.88,0.0,0.0,0.0,17.11,0.0,54.37,46.73,48.47,31.2
2018-01-11 19:25:00,2,1,66.75,85.0,55.0,41.93,69.08,66.75,0.8,0.0,5.63,45.0,44.99,0.0,0.0,0.0,120.0,69.08,0.0,0.88,0.0,0.0,0.0,17.11,0.0,54.49,46.72,48.85,31.3
2018-01-11 19:26:00,2,1,66.74,85.0,55.0,41.93,68.87,66.74,0.8,0.0,5.63,45.0,44.99,0.0,0.0,0.0,120.0,68.87,0.0,0.88,0.0,0.0,0.0,17.12,0.0,54.61,46.71,49.24,31.4
2018-01-11 19:27:00,2,1,66.74,85.0,55.0,41.93,68.66,66.74,0.8,0.0,5.63,45.0,44.99,0.0,0.0,0.0,120.0,68.66,0.0,0.88,0.0,0.0,0.0,17.12,0.0,54.73,46.7,49.64,31.5
2018-01-11 19:28:00,2,1,66.74,85.0,55.0,41.93,68.46,66.74,0.8,0.0,5.63,45.0,44.99,0.0,0.0,0.0,120.0,68.46,0.0,0.88,0.0,0.0,0.0,17.12,0.0,54.85,46.69,50.03,31.6
2018-01-11 19:29:00,2,1,66.73,85.0,55.0,41.93,68.25,66.73,0.8,0.0,5.63,45.0,44.99,0.0,0.0,0.0,120.0,68.25,0.0,0.88,0.0,0.0,0.0,17.12,0.0,54.97,46.69,50.43,31.7
2018-01-11 19:30:00,2,1,66.73,85.0,55.0,41.93,68.05,66.73,0.8,0.0,5.63,45.0,44.99,0.0,0.0,0.0,120.0,68.05,0.0,0.88,0.0,0.0,0.0,17.13,0.0,55.09,46.68,50.83,31.8
2018-01-11 19:31:00,2,1,66.73,85.0,55.0,41.93,67.85,66.73,0.8,0.0,5.63,45.0,44.99,0.0,0.0,0.0,120.0,67.85,0.0,0.88,0.0,0.0,0.0,17.13,0.0,55.2,46.67,51.16,31.9
2018-01-11 19:32:00,2,1,66.73,85.0,55.0,41.93,67.65,66.73,0.8,0.0,5.63,45.0,44.99,0.0,0.0,0.0,120.0,67.65,0.0,0.88,0.0,0.0,0.0,17.13,0.0,55.32,46.67,51.47,32.0
2018-01-11 19:33:00,2,1,66.72,85.0,55.0,41.93,67.46,66.72,0.8,0.0,5.63,45.0,44.99,0.0,0.0,0.0,120.0,67.46,0.0,0.88,0.0,0.0,0.0,17.13,0.0,55.44,46.66,51.79,32.1
2018-01-11 19:34:00,2,1,66.72,85.0,55.0,41.93,67.26,66.72,0.8,0.0,5.63,45.0,44.99,0.0,0.0,0.0,120.0,67.26,0.0,0.88,0.0,0.0,0.0,17.13,0.0,55.56,46.66,52.1,32.2
2018-01-11 19:35:00,2,1,66.72,85.0,55.0,41.93,67.07,66.72,0.8,0.0,5.63,45.0,44.99,0.0,0.0,0.0,120.0,67.07,0.0,0.88,0.0,0.0,0.0,17.13,0.0,55.68,46.65,52.41,32.3
2018-01-11 19:36:00,2,1,66.72,85.0,55.0,41.93,66.87,66.72,0.8,0.0,5.63,45.0,44.99,0.0,0.0,0.0,120.0,66.87,0.0,0.88,0.0,0.0,0.0,17.14,0.0,55.8,46.65,52.72,32.4
2018-01-11 19:37:00,2,1,66.72,85.0,55.0,41.93,66.68,66.72,0.8,0.0,5.63,45.0,44.99,0.0,0.0,0.0,120.0,66.68,0.0,0.88,0.0,0.0,0.0,17.14,0.0,55.93,46.65,53.04,32.5
2018-01-11 19:38:00,2,1,66.72,85.0,55.0,41.93,66.5,66.72,0.8,0.0,5.63,45.0,44.99,0.0,0.0,0.0,120.0,66.5,0.0,0.88,0.0,0.0,0.0,17.14,0.0,56.05,46.65,53.35,32.6
2018-01-11 19:39:00,2,1,66.71,85.0,55.0,41.93,66.31,66.71,0.8,0.0,5.63,45.0,44.99,0.0,0.0,0.0,120.0,66.31,0.0,0.88,0.0,0.0,0.0,17.14,0.0,56.17,46.65,53.67,32.7
2018-01-11 19:40:00,2,1,66.71,85.0,55.0,41.93,66.12,66.71,0.8,0.0,5.63,45.0,44.99,0.0,0.0,0.0,120.0,66.12,0.0,0.88,0.0,0.0,0.0,17.14,0.0,56.29,46.65,53.98,32.79
2018-01-11 19:41:00,2,1,66.71,85.0,55.0,41.93,65.94,66.71,0.8,0.0,5.63,45.0,44.99,0.0,0.0,0.0,120.0,65.94,0.0,0.88,0.0,0.0,0.0,17.14,0.0,56.42,46.66,54.3,32.89
2018-01-11 19:42:00,2,1,66.71,85.0,55.0,41.92,65.76,66.71,0.8,0.0,5.63,45.0,44.99,0.0,0.0,0.0,120.0,65.76,0.0,0.88,0.0,0.0,0.0,17.14,0.0,56.54,46.66,54.62,32.99
2018-01-11 19:43:00,2,1,66.71,85.0,55.0,41.92,65.58,66.71,0.8,0.0,5.63,45.0,44.99,0.0,0.0,0.0,120.0,65.58,0.0,0.88,0.0,0.0,0.0,17.14,0.0,56.67,46.67,54.94,33.09
2018-01-11 19:44:00,2,1,66.71,85.0,55.0,41.92,65.4,66.71,0.8,0.0,5.63,45.0,44.99,0.0,0.0,0.0,120.0,65.4,0.0,0.88,0.0,0.0,0.0,17.14,0.0,56.79,46.67,55.26,33.19
2018-01-11 19:45:00,2,1,66.71,85.0,55.0,41.92,65.22,66.71,0.8,0.0,5.63,45.0,44.99,0.0,0.0,0.0,120.0,65.22,0.0,0.88,0.0,0.0,0.0,17.13,0.0,56.92,46.68,55.58,33.29
2018-01-11 19:46:00,2,1,66.71,85.0,55.0,41.92,65.04,66.71,0.8,0.0,5.63,45.0,44.99,0.0,0.0,0.0,120.0,65.04,0.0,0.88,0.0,0.0,0.0,17.13,0.0,57.05,46.69,55.91,33.39
2018-01-11 19:47:00,2,1,66.71,85.0,55.0,41.92,64.87,66.71,0.8,0.0,5.63,45.0,44.99,0.0,0.0,0.0,120.0,64.87,0.0,0.88,0.0,0.0,0.0,17.13,0.0,57.18,46.7,56.23,33.48
2018-01-11 19:48:00,2,1,66.71,85.0,55.0,41.92,64.7,66.71,0.8,0.0,5.63,45.0,44.99,0.0,0.0,0.0,120.0,64.7,0.0,0.88,0.0,0.0,0.0,17.13,0.0,57.31,46.71,56.56,33.58
2018-01-11 19:49:00,2,1,66.7,85.0,55.0,41.91,64.53,66.7,0.8,0.0,5.63,45.0,44.99,0.0,0.0,0.0,120.0,64.53,0.0,0.88,0.0,0.0,0.0,17.12,0.0,57.44,46.72,56.88,33.68
2018-01-11 19:50:00,2,1,66.7,85.0,55.0,41.91,64.36,66.7,0.8,0.0,5.63,45.0,44.99,0.0,0.0,0.0,120.0,64.36,0.0,0.88,0.0,0.0,0.0,17.12,0.0,57.57,46.74,57.21,33.78
2018-01-11 19:51:00,2,1,66.7,85.0,55.0,41.91,64.19,66.7,0.8,0.0,5.63,45.0,44.99,0.0,0.0,0.0,120.0,64.19,0.0,0.88,0.0,0.0,0.0,17.12,0.0,57.7,46.75,57.54,33.88
2018-01-11 19:52:00,2,1,66.7,85.0,55.0,41.91,64.02,66.7,0.8,0.0,5.63,45.0,44.99,0.0,0.0,0.0,120.0,64.02,0.0,0.88,0.0,0.0,0.0,17.11,0.0,57.83,46.77,57.86,33.98
2018-01-11 19:53:00,2,1,66.7,85.0,55.0,41.9,63.86,66.7,0.8,0.0,5.63,45.0,44.99,0.0,0.0,0.0,120.0,63.86,0.0,0.88,0.0,0.0,0.0,17.11,0.0,57.97,46.79,58.19,34.08
2018-01-11 19:54:00,2,1,66.7,85.0,55.0,41.9,63.69,66.7,0.8,0.0,5.63,45.0,44.99,0.0,0.0,0.0,120.0,63.69,0.0,0.88,0.0,0.0,0.0,17.1,0.0,58.1,46.81,58.52,34.17
2018-01-11 19:55:00,2,1,66.7,85.0,55.0,41.9,63.53,66.7,0.8,0.0,5.63,45.0,44.99,0.0,0.0,0.0,120.0,63.53,0.0,0.88,0.0,0.0,0.0,17.1,0.0,58.24,46.84,58.85,34.27
2018-01-11 19:56:00,2,1,66.69,85.0,55.0,41.89,63.37,66.69,0.8,0.0,5.63,45.0,44.99,0.0,0.0,0.0,120.0,63.37,0.0,0.88,0.0,0.0,0.0,17.09,0.0,58.38,46.86,59.19,34.37
2018-01-11 19:57:00,2,1,66.69,85.0,55.0,41.89,63.21,66.69,0.8,0.0,5.63,45.0,44.99,0.0,0.0,0.0,120.0,63.21,0.0,0.88,0.0,0.0,0.0,17.09,0.0,58.52,46.89,59.52,34.47
2018-01-11 19:58:00,2,1,66.69,85.0,55.0,41.88,63.05,66.69,0.8,0.0,5.63,45.0,44.99,0.0,0.0,0.0,120.0,63.05,0.0,0.88,0.0,0.0,0.0,17.08,0.0,58.66,46.91,59.85,34.57
2018-01-11 19:59:00,2,1,66.69,85.0,55.0,41.88,62.89,66.69,0.8,0.0,5.63,45.0,44.99,0.0,0.0,0.0,120.0,62.89,0.0,0.88,0.0,0.0,0.0,17.07,0.0,58.8,46.94,60.19,34.67
2018-01-11 20:00:00,2,1,66.68,85.0,55.0,41.87,62.74,66.68,0.8,0.0,5.63,45.0,44.99,0.0,0.0,0.0,120.0,62.74,0.0,0.88,0.0,0.0,0.0,17.06,0.0,58.95,46.98,60.52,34.77
2018-01-11 20:01:00,2,1,66.68,85.0,55.0,41.86,62.58,66.68,0.8,0.0,5.63,45.0,44.99,0.0,0.0,0.0,120.0,62.58,0.0,0.88,0.0,0.0,0.0,17.04,0.0,59.12,47.06,60.86,34.87
2018-01-11 20:02:00,2,1,66.68,85.0,55.0,41.85,62.43,66.68,0.8,0.0,5.63,45.0,44.99,0.0,0.0,0.0,120.0,62.43,0.0,0.88,0.0,0.0,0.0,17.02,0.0,59.32,47.16,61.19,34.97
2018-01-11 20:03:00,2,1,66.67,85.0,55.0,41.83,62.28,66.67,0.8,0.0,5.63,45.0,44.99,0.0,0.0,0.0,120.0,62.28,0.0,0.88,0.0,0.0,0.0,16.99,0.0,59.52,47.28,61.53,35.07
2018-01-11 20:04:00,2,1,66.66,85.0,55.0,41.81,62.13,66.66,0.8,0.0,5.63,45.0,44.99,0.0,0.0,0.0,120.0,62.13,0.0,0.88,0.0,0.0,0.0,16.96,0.0,59.72,47.4,61.87,35.17
2018-01-11 20:05:00,2,1,66.65,85.0,55.0,41.79,61.98,66.65,0.8,0.0,5.63,45.0,44.99,0.0,0.0,0.0,120.0,61.98,0.0,0.88,0.0,0.0,0.0,16.93,0.0,59.93,47.52,62.21,35.27
2018-01-11 20:06:00,2,1,66.64,85.0,55.0,41.77,61.83,66.64,0.8,0.0,5.63,45.0,44.99,0.0,0.0,0.0,120.0,61.83,0.0,0.88,0.0,0.0,0.0,16.9,0.0,60.13,47.64,62.55,35.37
2018-01-11 20:07:00,2,1,66.63,85.0,55.0,41.75,61.68,66.63,0.8,0.0,5.63,45.0,44.99,0.0,0.0,0.0,120.0,61.68,0.0,0.88,0.0,0.0,0.0,16.87,0.0,60.34,47.76,62.89,35.48
2018-01-11 20:08:00,2,1,66.61,85.0,55.0,41.73,61.54,66.61,0.8,0.0,5.63,45.0,44.99,0.0,0.0,0.0,120.0,61.54,0.0,0.88,0.0,0.0,0.0,16.84,0.0,60.55,47.88,63.23,35.58
2018-01-11 20:09:00,2,1,66.6,85.0,55.0,41.7,61.4,66.6,0.8,0.0,5.63,45.0,44.99,0.0,0.0,0.0,120.0,61.4,0.0,0.88,0.0,0.0,0.0,16.81,0.0,60.76,48.0,63.57,35.68
2018-01-11 20:10:00,2,1,66.58,85.0,55.0,41.68,61.25,66.58,0.8,0.0,5.63,45.0,44.99,0.0,0.0,0.0,120.0,61.25,0.0,0.88,0.0,0.0,0.0,16.78,0.0,60.97,48.13,63.91,35.78
2018-01-11 20:11:00,2,1,66.57,85.0,55.0,41.66,61.11,66.57,0.8,0.0,5.63,45.0,44.99,0.0,0.0,0.0,120.0,61.11,0.0,0.88,0.0,0.0,0.0,16.74,0.0,61.18,48.26,64.26,35.88
2018-01-11 20:12:00,2,1,66.55,85.0,55.0,41.63,60.97,66.55,0.8,0.0,5.63,45.0,44.99,0.0,0.0,0.0,120.0,60.97,0.0,0.88,0.0,0.0,0.0,16.71,0.0,61.4,48.38,64.6,35.99
2018-01-11 20:13:00,2,1,66.53,85.0,55.0,41.6,60.83,66.53,0.8,0.0,5.63,45.0,44.99,0.0,0.0,0.0,120.0,60.83,0.0,0.88,0.0,0.0,0.0,16.68,0.0,61.61,48.51,64.94,36.09
2018-01-11 20:14:00,2,1,66.51,85.0,55.0,41.58,60.69,66.51,0.8,0.0,5.63,45.0,44.99,0.0,0.0,0.0,120.0,60.69,0.0,0.88,0.0,0.0,0.0,16.64,0.0,61.82,48.64,65.29,36.19
2018-01-11 20:15:00,2,1,66.49,85.0,55.0,41.55,60.56,66.49,0.8,0.0,5.63,45.0,44.99,0.0,0.0,0.0,120.0,60.56,0.0,0.88,0.0,0.0,0.0,16.61,0.0,62.04,48.77,65.63,36.29
2018-01-11 20:16:00,2,1,66.47,85.0,55.0,41.53,60.42,66.47,0.8,0.0,5.63,45.0,44.99,0.0,0.0,0.0,120.0,60.42,0.0,0.88,0.0,0.0,0.0,16.58,0.0,62.25,48.9,65.98,36.39
2018-01-11 20:17:00,2,1,66.45,85.0,55.0,41.5,60.29,66.45,0.8,0.0,5.63,45.0,44.99,0.0,0.0,0.0,120.0,60.29,0.0,0.88,0.0,0.0,0.0,16.54,0.0,62.47,49.03,66.33,36.49
2018-01-11 20:18:00,2,1,66.43,85.0,55.0,41.47,60.16,66.43,0.8,0.0,5.63,45.0,44.99,0.0,0.0,0.0,120.0,60.16,0.0,0.88,0.0,0.0,0.0,16.51,0.0,62.68,49.17,66.68,36.59
2018-01-11 20:19:00,2,1,66.41,85.0,55.0,41.44,60.02,66.41,0.8,0.0,5.63,45.0,44.99,0.0,0.0,0.0,120.0,60.02,0.0,0.88,0.0,0.0,0.0,16.48,0.0,62.9,49.3,67.02,36.68
2018-01-11 20:20:00,2,1,66.39,85.0,55.0,41.41,59.89,66.39,0.8,0.0,5.63,45.0,44.99,0.0,0.0,0.0,120.0,59.89,0.0,0.88,0.0,0.0,0.0,16.44,0.0,63.11,49.43,67.37,36.78
2018-01-11 20:21:00,2,1,66.36,85.0,55.0,41.39,59.76,66.36,0.8,0.0,5.63,45.0,44.99,0.0,0.0,0.0,120.0,59.76,0.0,0.88,0.0,0.0,0.0,16.41,0.0,63.33,49.56,67.72,36.88
2018-01-11 20:22:00,2,1,66.34,85.0,55.0,41.36,59.63,66.34,0.8,0.0,5.63,45.0,44.99,0.0,0.0,0.0,120.0,59.63,0.0,0.88,0.0,0.0,0.0,16.37,0.0,63.54,49.7,68.07,36.97
2018-01-11 20:23:00,2,1,66.32,85.0,55.0,41.33,59.51,66.32,0.8,0.0,5.63,45.0,44.99,0.0,0.0,0.0,120.0,59.51,0.0,0.88,0.0,0.0,0.0,16.34,0.0,63.76,49.83,68.42,37.07
2018-01-11 20:24:00,2,1,66.29,85.0,55.0,41.3,59.38,66.29,0.8,0.0,5.63,45.0,44.99,0.0,0.0,0.0,120.0,59.38,0.0,0.88,0.0,0.0,0.0,16.3,0.0,63.97,49.96,68.77,37.16
2018-01-11 20:25:00,2,1,66.27,85.0,55.0,41.27,59.26,66.27,0.8,0.0,5.63,45.0,44.99,0.0,0.0,0.0,120.0,59.26,0.0,0.88,0.0,0.0,0.0,16.26,0.0,64.18,50.09,69.12,37.25
2018-01-11 20:26:00,2,1,66.24,85.0,55.0,41.24,59.13,66.24,0.8,0.0,5.63,45.0,44.99,0.0,0.0,0.0,120.0,59.13,0.0,0.88,0.0,0.0,0.0,16.23,0.0,64.39,50.23,69.48,37.35
2018-01-11 20:27:00,2,1,66.22,85.0,55.0,41.21,59.01,66.22,0.8,0.0,5.63,45.0,44.99,0.0,0.0,0.0,120.0,59.01,0.0,0.88,0.0,0.0,0.0,16.19,0.0,64.6,50.36,69.82,37.44
2018-01-11 20:28:00,2,1,66.19,85.0,55.0,41.18,58.89,66.19,0.8,0.0,5.63,45.0,44.99,0.0,0.0,0.0,120.0,58.89,0.0,0.88,0.0,0.0,0.0,16.16,0.0,64.81,50.49,70.1,37.53
2018-01-11 20:29:00,2,1,66.17,85.0,55.0,41.15,58.77,66.17,0.8,0.0,5.63,45.0,44.99,0.0,0.0,0.0,120.0,58.77,0.0,0.88,0.0,0.0,0.0,16.12,0.0,65.02,50.62,70.37,37.62
2018-01-11 20:30:00,2,1,66.14,85.0,55.0,41.11,58.65,66.14,0.8,0.0,5.63,45.0,44.99,0.0,0.0,0.0,120.0,58.65,0.0,0.88,0.0,0.0,0.0,16.09,0.0,65.23,50.75,70.63,37.71
2018-01-11 20:31:00,2,1,66.12,85.0,55.0,41.08,58.53,66.12,0.8,0.0,5.63,45.0,44.99,0.0,0.0,0.0,120.0,58.53,0.0,0.88,0.0,0.0,0.0,16.05,0.0,65.44,50.88,70.9,37.79
2018-01-11 20:32:00,2,1,66.09,85.0,55.0,41.05,58.41,66.09,0.8,0.0,5.63,45.0,44.99,0.0,0.0,0.0,120.0,58.41,0.0,0.88,0.0,0.0,0.0,16.01,0.0,65.64,51.01,71.16,37.88
2018-01-11 20:33:00,2,1,66.06,85.0,55.0,41.02,58.29,66.06,0.8,0.0,5.63,45.0,44.99,0.0,0.0,0.0,120.0,58.29,0.0,0.88,0.0,0.0,0.0,15.98,0.0,65.85,51.14,71.42,37.96
2018-01-11 20:34:00,2,1,66.04,85.0,55.0,40.99,58.18,66.04,0.8,0.0,5.63,45.0,44.99,0.0,0.0,0.0,120.0,58.18,0.0,0.88,0.0,0.0,0.0,15.94,0.0,66.04,51.27,71.69,38.05
2018-01-11 20:35:00,2,1,66.01,85.0,55.0,40.96,58.06,66.01,0.8,0.0,5.63,45.0,44.99,0.0,0.0,0.0,120.0,58.06,0.0,0.88,0.0,0.0,0.0,15.91,0.0,66.22,51.4,71.95,38.13
2018-01-11 20:36:00,2,1,65.98,85.0,55.0,40.93,57.95,65.98,0.8,0.0,5.63,45.0,44.99,0.0,0.0,0.0,120.0,57.95,0.0,0.88,0.0,0.0,0.0,15.87,0.0,66.39,51.52,72.21,38.21
2018-01-11 20:37:00,2,1,65.95,85.0,55.0,40.9,57.84,65.95,0.8,0.0,5.63,45.0,44.99,0.0,0.0,0.0,120.0,57.84,0.0,0.88,0.0,0.0,0.0,15.84,0.0,66.57,51.65,72.48,38.29
2018-01-11 20:38:00,2,1,65.93,85.0,55.0,40.86,57.72,65.93,0.8,0.0,5.63,45.0,44.99,0.0,0.0,0.0,120.0,57.72,0.0,0.88,0.0,0.0,0.0,15.8,0.0,66.74,51.77,72.74,38.37
2018-01-11 20:39:00,2,1,65.9,85.0,55.0,40.83,57.61,65.9,0.8,0.0,5.63,45.0,44.99,0.0,0.0,0.0,120.0,57.61,0.0,0.88,0.0,0.0,0.0,15.77,0.0,66.91,51.89,73.0,38.45
2018-01-11 20:40:00,2,1,65.87,85.0,55.0,40.8,57.5,65.87,0.8,0.0,5.63,45.0,44.99,0.0,0.0,0.0,120.0,57.5,0.0,0.88,0.0,0.0,0.0,15.73,0.0,67.07,52.01,73.26,38.53
2018-01-11 20:41:00,2,1,65.84,85.0,55.0,40.77,57.39,65.84,0.8,0.0,5.63,45.0,44.99,0.0,0.0,0.0,120.0,57.39,0.0,0.88,0.0,0.0,0.0,15.7,0.0,67.24,52.13,73.52,38.6
2018-01-11 20:42:00,2,1,65.82,85.0,55.0,40.74,57.29,65.82,0.8,0.0,5.63,45.0,44.99,0.0,0.0,0.0,120.0,57.29,0.0,0.88,0.0,0.0,0.0,15.66,0.0,67.4,52.25,73.79,38.68
2018-01-11 20:43:00,2,1,65.79,85.0,55.0,40.71,57.18,65.79,0.8,0.0,5.63,45.0,44.99,0.0,0.0,0.0,120.0,57.18,0.0,0.88,0.0,0.0,0.0,15.63,0.0,67.56,52.36,74.05,38.75
2018-01-11 20:44:00,2,1,65.76,85.0,55.0,40.68,57.07,65.76,0.8,0.0,5.63,45.0,44.99,0.0,0.0,0.0,120.0,57.07,0.0,0.88,0.0,0.0,0.0,15.59,0.0,67.72,52.48,74.31,38.82
2018-01-11 20:45:00,2,1,65.73,85.0,55.0,40.65,56.97,65.73,0.8,0.0,5.63,45.0,44.99,0.0,0.0,0.0,120.0,56.97,0.0,0.88,0.0,0.0,0.0,15.56,0.0,67.87,52.59,74.56,38.89
2018-01-11 20:46:00,2,1,65.71,85.0,55.0,40.62,56.86,65.71,0.8,0.0,5.63,45.0,44.99,0.0,0.0,0.0,120.0,56.86,0.0,0.88,0.0,0.0,0.0,15.53,0.0,68.03,52.7,74.82,38.96
2018-01-11 20:47:00,2,1,65.68,85.0,55.0,40.58,56.76,65.68,0.8,0.0,5.63,45.0,44.99,0.0,0.0,0.0,120.0,56.76,0.0,0.88,0.0,0.0,0.0,15.49,0.0,68.18,52.81,75.08,39.03
2018-01-11 20:48:00,2,1,65.65,85.0,55.0,40.55,56.66,65.65,0.8,0.0,5.63,45.0,44.99,0.0,0.0,0.0,120.0,56.66,0.0,0.88,0.0,0.0,0.0,15.46,0.0,68.32,52.91,75.34,39.1
2018-01-11 20:49:00,2,1,65.62,85.0,55.0,40.52,56.56,65.62,0.8,0.0,5.63,45.0,44.99,0.0,0.0,0.0,120.0,56.56,0.0,0.88,0.0,0.0,0.0,15.43,0.0,68.47,53.01,75.6,39.16
2018-01-11 20:50:00,2,1,65.59,85.0,55.0,40.49,56.46,65.59,0.8,0.0,5.63,45.0,44.99,0.0,0.0,0.0,120.0,56.46,0.0,0.88,0.0,0.0,0.0,15.39,0.0,68.61,53.12,75.85,39.23
2018-01-11 20:51:00,2,1,65.57,85.0,55.0,40.46,56.36,65.57,0.8,0.0,5.63,45.0,44.99,0.0,0.0,0.0,120.0,56.36,0.0,0.88,0.0,0.0,0.0,15.36,0.0,68.75,53.21,76.11,39.29
2018-01-11 20:52:00,2,1,65.54,85.0,55.0,40.43,56.26,65.54,0.8,0.0,5.63,45.0,44.99,0.0,0.0,0.0,120.0,56.26,0.0,0.88,0.0,0.0,0.0,15.33,0.0,68.89,53.31,76.37,39.35
2018-01-11 20:53:00,2,1,65.51,85.0,55.0,40.4,56.16,65.51,0.8,0.0,5.63,45.0,44.99,0.0,0.0,0.0,120.0,56.16,0.0,0.88,0.0,0.0,0.0,15.3,0.0,69.02,53.4,76.62,39.41
2018-01-11 20:54:00,2,1,65.48,85.0,55.0,40.38,56.06,65.48,0.8,0.0,5.63,45.0,44.99,0.0,0.0,0.0,120.0,56.06,0.0,0.88,0.0,0.0,0.0,15.27,0.0,69.15,53.49,76.88,39.47
2018-01-11 20:55:00,2,1,65.46,85.0,55.0,40.35,55.97,65.46,0.8,0.0,5.63,45.0,44.99,0.0,0.0,0.0,120.0,55.97,0.0,0.88,0.0,0.0,0.0,15.24,0.0,69.28,53.58,77.13,39.53
2018-01-11 20:56:00,2,1,65.43,85.0,55.0,40.32,55.87,65.43,0.8,0.0,5.63,45.0,44.99,0.0,0.0,0.0,120.0,55.87,0.0,0.88,0.0,0.0,0.0,15.21,0.0,69.4,53.67,77.39,39.59
2018-01-11 20:57:00,2,1,65.4,85.0,55.0,40.29,55.78,65.4,0.8,0.0,5.63,45.0,44.99,0.0,0.0,0.0,120.0,55.78,0.0,0.88,0.0,0.0,0.0,15.18,0.0,69.53,53.75,77.64,39.64
2018-01-11 20:58:00,2,1,65.37,85.0,55.0,40.26,55.68,65.37,0.8,0.0,5.63,45.0,44.99,0.0,0.0,0.0,120.0,55.68,0.0,0.88,0.0,0.0,0.0,15.15,0.0,69.64,53.83,77.89,39.69
2018-01-11 20:59:00,2,1,65.35,85.0,55.0,40.23,55.59,65.35,0.8,0.0,5.63,45.0,44.99,0.0,0.0,0.0,120.0,55.59,0.0,0.88,0.0,0.0,0.0,15.12,0.0,69.76,53.9,78.14,39.75
2018-01-11 21:00:00,2,1,65.32,85.0,55.0,40.21,55.5,65.32,0.8,0.0,5.63,45.0,44.99,0.0,0.0,0.0,120.0,55.5,0.0,0.88,0.0,0.0,0.0,15.09,0.0,69.87,53.98,78.39,39.8
2018-01-11 21:01:00,2,1,65.3,85.0,55.0,40.19,55.41,65.3,0.8,0.0,5.63,45.0,44.99,0.0,0.0,0.0,120.0,55.41,0.0,0.88,0.0,0.0,0.0,15.08,0.0,69.93,53.97,78.65,39.85
2018-01-11 21:02:00,2,1,65.27,85.0,55.0,40.17,55.32,65.27,0.8,0.0,5.63,45.0,44.99,0.0,0.0,0.0,120.0,55.32,0.0,0.88,0.0,0.0,0.0,15.08,0.0,69.96,53.91,78.9,39.89
2018-01-11 21:03:00,2,1,65.25,85.0,55.0,40.16,55.23,65.25,0.8,0.0,5.63,45.0,44.99,0.0,0.0,0.0,120.0,55.23,0.0,0.88,0.0,0.0,0.0,15.08,0.0,69.99,53.84,79.15,39.94
2018-01-11 21:04:00,2,1,65.23,85.0,55.0,40.15,55.14,65.23,0.8,0.0,5.63,45.0,44.99,0.0,0.0,0.0,120.0,55.14,0.0,0.88,0.0,0.0,0.0,15.07,0.0,70.01,53.77,79.39,39.98
2018-01-11 21:05:00,2,1,65.21,85.0,55.0,40.14,55.05,65.21,0.8,0.0,5.63,45.0,44.99,0.0,0.0,0.0,120.0,55.05,0.0,0.88,0.0,0.0,0.0,15.07,0.0,70.02,53.7,79.64,40.02
2018-01-11 21:06:00,2,1,65.19,85.0,55.0,40.13,54.96,65.19,0.8,0.0,5.63,45.0,44.99,0.0,0.0,0.0,120.0,54.96,0.0,0.88,0.0,0.0,0.0,15.07,0.0,70.04,53.62,79.89,40.06
2018-01-11 21:07:00,2,1,65.17,85.0,55.0,40.12,54.87,65.17,0.8,0.0,5.63,45.0,44.99,0.0,0.0,0.0,120.0,54.87,0.0,0.88,0.0,0.0,0.0,15.07,0.0,70.04,53.55,80.14,40.09
2018-01-11 21:08:00,2,1,65.15,85.0,55.0,40.11,54.79,65.15,0.8,0.0,5.63,45.0,44.99,0.0,0.0,0.0,120.0,54.79,0.0,0.88,0.0,0.0,0.0,15.08,0.0,70.05,53.46,80.39,40.13
2018-01-11 21:09:00,2,1,65.14,85.0,55.0,40.11,54.7,65.14,0.8,0.0,5.63,45.0,44.99,0.0,0.0,0.0,120.0,54.7,0.0,0.88,0.0,0.0,0.0,15.08,0.0,70.05,53.38,80.63,40.16
2018-01-11 21:10:00,2,1,65.12,85.0,55.0,40.1,54.62,65.12,0.8,0.0,5.63,45.0,44.99,0.0,0.0,0.0,120.0,54.62,0.0,0.88,0.0,0.0,0.0,15.08,0.0,70.05,53.29,80.88,40.19
2018-01-11 21:11:00,2,1,65.11,85.0,55.0,40.09,54.53,65.11,0.8,0.0,5.63,45.0,44.99,0.0,0.0,0.0,120.0,54.53,0.0,0.88,0.0,0.0,0.0,15.08,0.0,70.05,53.21,81.12,40.22
2018-01-11 21:12:00,2,1,65.1,85.0,55.0,40.09,54.45,65.1,0.8,0.0,5.63,45.0,44.99,0.0,0.0,0.0,120.0,54.45,0.0,0.88,0.0,0.0,0.0,15.08,0.0,70.05,53.12,81.37,40.25
2018-01-11 21:13:00,2,1,65.08,85.0,55.0,40.08,54.37,65.08,0.8,0.0,5.63,45.0,44.99,0.0,0.0,0.0,120.0,54.37,0.0,0.88,0.0,0.0,0.0,15.08,0.0,70.04,53.02,81.61,40.28
2018-01-11 21:14:00,2,1,65.07,85.0,55.0,40.08,54.29,65.07,0.8,0.0,5.63,45.0,44.99,0.0,0.0,0.0,120.0,54.29,0.0,0.88,0.0,0.0,0.0,15.09,0.0,70.03,52.93,81.85,40.31
2018-01-11 21:15:00,2,1,65.06,85.0,55.0,40.07,54.21,65.06,0.8,0.0,5.63,45.0,44.99,0.0,0.0,0.0,120.0,54.21,0.0,0.88,0.0,0.0,0.0,15.09,0.0,70.02,52.84,82.09,40.34
2018-01-11 21:16:00,2,1,65.05,85.0,55.0,40.07,54.13,65.05,0.8,0.0,5.63,45.0,44.99,0.0,0.0,0.0,120.0,54.13,0.0,0.88,0.0,0.0,0.0,15.09,0.0,70.01,52.74,82.33,40.36
2018-01-11 21:17:00,2,1,65.04,85.0,55.0,40.07,54.05,65.04,0.8,0.0,5.63,45.0,44.99,0.0,0.0,0.0,120.0,54.05,0.0,0.88,0.0,0.0,0.0,15.1,0.0,70.0,52.64,82.58,40.39
2018-01-11 21:18:00,2,1,65.03,85.0,55.0,40.06,53.97,65.03,0.8,0.0,5.63,45.0,44.99,0.0,0.0,0.0,120.0,53.97,0.0,0.88,0.0,0.0,0.0,15.1,0.0,69.99,52.54,82.82,40.41
2018-01-11 21:19:00,2,1,65.02,85.0,55.0,40.06,53.89,65.02,0.8,0.0,5.63,45.0,44.99,0.0,0.0,0.0,120.0,53.89,0.0,0.88,0.0,0.0,0.0,15.1,0.0,69.97,52.44,83.05,40.43
2018-01-11 21:20:00,2,1,65.01,85.0,55.0,40.06,53.81,65.01,0.8,0.0,5.63,45.0,44.99,0.0,0.0,0.0,120.0,53.81,0.0,0.88,0.0,0.0,0.0,15.11,0.0,69.95,52.34,83.29,40.45
2018-01-11 21:21:00,2,1,65.0,85.0,55.0,40.06,53.74,65.0,0.8,0.0,5.63,45.0,44.99,0.0,0.0,0.0,120.0,53.74,0.0,0.88,0.0,0.0,0.0,15.11,0.0,69.93,52.24,83.53,40.48
2018-01-11 21:22:00,2,1,64.99,85.0,55.0,40.05,53.66,64.99,0.8,0.0,5.63,45.0,44.99,0.0,0.0,0.0,120.0,53.66,0.0,0.88,0.0,0.0,0.0,15.11,0.0,69.92,52.14,83.77,40.5
2018-01-11 21:23:00,2,1,64.99,85.0,55.0,40.05,53.58,64.99,0.8,0.0,5.63,45.0,44.99,0.0,0.0,0.0,120.0,53.58,0.0,0.88,0.0,0.0,0.0,15.12,0.0,69.9,52.03,84.0,40.52
2018-01-11 21:24:00,2,1,64.98,85.0,55.0,40.05,53.51,64.98,0.8,0.0,5.63,45.0,44.99,0.0,0.0,0.0,120.0,53.51,0.0,0.88,0.0,0.0,0.0,15.12,0.0,69.88,51.93,84.24,40.54
2018-01-11 21:25:00,2,1,64.97,85.0,55.0,40.05,53.44,64.97,0.8,0.0,5.63,45.0,44.99,0.0,0.0,0.0,120.0,53.44,0.0,0.88,0.0,0.0,0.0,15.13,0.0,69.86,51.83,84.47,40.56
2018-01-11 21:26:00,2,1,64.97,85.0,55.0,40.05,53.36,64.97,0.8,0.0,5.63,45.0,44.99,0.0,0.0,0.0,120.0,53.36,0.0,0.88,0.0,0.0,0.0,15.13,0.0,69.83,51.72,84.71,40.58
2018-01-11 21:27:00,2,1,64.96,85.0,55.0,40.05,53.29,64.96,0.8,0.0,5.63,45.0,44.99,0.0,0.0,0.0,120.0,53.29,0.0,0.88,0.0,0.0,0.0,15.13,0.0,69.81,51.62,84.94,40.6
2018-01-11 21:28:00,2,1,64.95,85.0,55.0,40.05,53.22,64.95,0.8,0.0,5.63,45.0,44.99,0.0,0.0,0.0,120.0,53.22,0.0,0.88,0.0,0.0,0.0,15.14,0.0,69.79,51.51,85.17,40.61
2018-01-11 21:29:00,2,1,64.95,85.0,55.0,40.05,53.15,64.95,0.8,0.0,5.63,45.0,44.99,0.0,0.0,0.0,120.0,53.15,0.0,0.88,0.0,0.0,0.0,15.14,0.0,69.77,51.41,85.41,40.63
2018-01-11 21:30:00,2,1,64.94,85.0,55.0,40.04,53.07,64.94,0.8,0.0,5.63,45.0,44.99,0.0,0.0,0.0,120.0,53.07,0.0,0.88,0.0,0.0,0.0,15.15,0.0,69.75,51.31,85.64,40.65
2018-01-11 21:31:00,2,1,64.94,85.0,55.0,40.04,53.0,64.94,0.8,0.0,5.63,45.0,44.99,0.0,0.0,0.0,120.0,53.0,0.0,0.88,0.0,0.0,0.0,15.15,0.0,69.73,51.2,85.87,40.67
2018-01-11 21:32:00,2,1,64.93,85.0,55.0,40.04,52.94,64.93,0.8,0.0,5.63,45.0,44.99,0.0,0.0,0.0,120.0,52.94,0.0,0.88,0.0,0.0,0.0,15.15,0.0,69.71,51.1,86.1,40.69
2018-01-11 21:33:00,2,1,64.93,85.0,55.0,40.04,52.87,64.93,0.8,0.0,5.63,45.0,44.99,0.0,0.0,0.0,120.0,52.87,0.0,0.88,0.0,0.0,0.0,15.16,0.0,69.68,51.0,86.33,40.7
2018-01-11 21:34:00,2,1,64.92,85.0,55.0,40.04,52.8,64.92,0.8,0.0,5.63,45.0,44.99,0.0,0.0,0.0,120.0,52.8,0.0,0.88,0.0,0.0,0.0,15.16,0.0,69.66,50.9,86.55,40.72
2018-01-11 21:35:00,2,1,64.92,85.0,55.0,40.04,52.73,64.92,0.8,0.0,5.63,45.0,44.99,0.0,0.0,0.0,120.0,52.73,0.0,0.88,0.0,0.0,0.0,15.16,0.0,69.64,50.8,86.78,40.74
2018-01-11 21:36:00,2,1,64.91,85.0,55.0,40.04,52.66,64.91,0.8,0.0,5.63,45.0,44.99,0.0,0.0,0.0,120.0,52.66,0.0,0.88,0.0,0.0,0.0,15.16,0.0,69.63,50.7,87.01,40.76
2018-01-11 21:37:00,2,1,64.91,85.0,55.0,40.04,52.6,64.91,0.8,0.0,5.63,45.0,44.99,0.0,0.0,0.0,120.0,52.6,0.0,0.88,0.0,0.0,0.0,15.17,0.0,69.61,50.6,87.23,40.77
2018-01-11 21:38:00,2,1,64.9,85.0,55.0,40.04,52.53,64.9,0.8,0.0,5.63,45.0,44.99,0.0,0.0,0.0,120.0,52.53,0.0,0.88,0.0,0.0,0.0,15.17,0.0,69.59,50.51,87.46,40.79
2018-01-11 21:39:00,2,1,64.9,85.0,55.0,40.03,52.46,64.9,0.8,0.0,5.63,45.0,44.99,0.0,0.0,0.0,120.0,52.46,0.0,0.88,0.0,0.0,0.0,15.17,0.0,69.57,50.41,87.68,40.81
2018-01-11 21:40:00,2,1,64.89,85.0,55.0,40.03,52.4,64.89,0.8,0.0,5.63,45.0,44.99,0.0,0.0,0.0,120.0,52.4,0.0,0.88,0.0,0.0,0.0,15.17,0.0,69.56,50.32,87.9,40.82
2018-01-11 21:41:00,2,1,64.89,85.0,55.0,40.03,52.33,64.89,0.8,0.0,5.63,45.0,44.99,0.0,0.0,0.0,120.0,52.33,0.0,0.88,0.0,0.0,0.0,15.17,0.0,69.54,50.23,88.13,40.84
2018-01-11 21:42:00,2,1,64.89,85.0,55.0,40.03,52.27,64.89,0.8,0.0,5.63,45.0,44.99,0.0,0.0,0.0,120.0,52.27,0.0,0.88,0.0,0.0,0.0,15.17,0.0,69.53,50.14,88.35,40.86
2018-01-11 21:43:00,2,1,64.88,85.0,55.0,40.03,52.21,64.88,0.8,0.0,5.63,45.0,44.99,0.0,0.0,0.0,120.0,52.21,0.0,0.88,0.0,0.0,0.0,15.17,0.0,69.52,50.06,88.57,40.87
2018-01-11 21:44:00,2,1,64.88,85.0,55.0,40.02,52.14,64.88,0.8,0.0,5.63,45.0,44.99,0.0,0.0,0.0,120.0,52.14,0.0,0.88,0.0,0.0,0.0,15.17,0.0,69.51,49.97,88.79,40.89
2018-01-11 21:45:00,2,1,64.87,85.0,55.0,40.02,52.08,64.87,0.8,0.0,5.63,45.0,44.99,0.0,0.0,0.0,120.0,52.08,0.0,0.88,0.0,0.0,0.0,15.17,0.0,69.5,49.89,89.01,40.91
2018-01-11 21:46:00,2,1,64.87,85.0,55.0,40.02,52.02,64.87,0.8,0.0,5.63,45.0,44.99,0.0,0.0,0.0,120.0,52.02,0.0,0.88,0.0,0.0,0.0,15.17,0.0,69.49,49.81,89.23,40.93
2018-01-11 21:47:00,2,1,64.87,85.0,55.0,40.02,51.96,64.87,0.8,0.0,5.63,45.0,44.99,0.0,0.0,0.0,120.0,51.96,0.0,0.88,0.0,0.0,0.0,15.17,0.0,69.49,49.73,89.44,40.95
2018-01-11 21:48:00,2,1,64.86,85.0,55.0,40.01,51.9,64.86,0.8,0.0,5.63,45.0,44.99,0.0,0.0,0.0,120.0,51.9,0.0,0.88,0.0,0.0,0.0,15.16,0.0,69.48,49.66,89.66,40.96
2018-01-11 21:49:00,2,1,64.86,85.0,55.0,40.01,51.84,64.86,0.8,0.0,5.63,45.0,44.99,0.0,0.0,0.0,120.0,51.84,0.0,0.88,0.0,0.0,0.0,15.16,0.0,69.48,49.58,89.87,40.98
2018-01-11 21:50:00,2,1,64.85,85.0,55.0,40.01,51.78,64.85,0.8,0.0,5.63,45.0,44.99,0.0,0.0,0.0,120.0,51.78,0.0,0.88,0.0,0.0,0.0,15.16,0.0,69.48,49.52,90.09,41.0
2018-01-11 21:51:00,2,1,64.85,85.0,55.0,40.0,51.72,64.85,0.8,0.0,5.63,45.0,44.99,0.0,0.0,0.0,120.0,51.72,0.0,0.88,0.0,0.0,0.0,15.15,0.0,69.49,49.45,90.3,41.02
2018-01-11 21:52:00,2,1,64.84,85.0,55.0,40.0,51.66,64.84,0.8,0.0,5.63,45.0,44.99,0.0,0.0,0.0,120.0,51.66,0.0,0.88,0.0,0.0,0.0,15.15,0.0,69.49,49.39,90.52,41.04
2018-01-11 21:53:00,2,1,64.84,85.0,55.0,39.99,51.6,64.84,0.8,0.0,5.63,45.0,44.99,0.0,0.0,0.0,120.0,51.6,0.0,0.88,0.0,0.0,0.0,15.14,0.0,69.5,49.33,90.73,41.06
2018-01-11 21:54:00,2,1,64.83,85.0,55.0,39.99,51.55,64.83,0.8,0.0,5.63,45.0,44.99,0.0,0.0,0.0,120.0,51.55,0.0,0.88,0.0,0.0,0.0,15.14,0.0,69.51,49.27,90.94,41.08
2018-01-11 21:55:00,2,1,64.83,85.0,55.0,39.98,51.49,64.83,0.8,0.0,5.63,45.0,44.99,0.0,0.0,0.0,120.0,51.49,0.0,0.88,0.0,0.0,0.0,15.13,0.0,69.52,49.22,91.15,41.1
2018-01-11 21:56:00,2,1,64.82,85.0,55.0,39.97,51.43,64.82,0.8,0.0,5.63,45.0,44.99,0.0,0.0,0.0,120.0,51.43,0.0,0.88,0.0,0.0,0.0,15.12,0.0,69.54,49.17,91.36,41.12
2018-01-11 21:57:00,2,1,64.82,85.0,55.0,39.97,51.38,64.82,0.8,0.0,5.63,45.0,44.99,0.0,0.0,0.0,120.0,51.38,0.0,0.88,0.0,0.0,0.0,15.11,0.0,69.55,49.13,91.57,41.14
2018-01-11 21:58:00,2,1,64.81,85.0,55.0,39.96,51.32,64.81,0.8,0.0,5.63,45.0,44.99,0.0,0.0,0.0,120.0,51.32,0.0,0.88,0.0,0.0,0.0,15.11,0.0,69.57,49.09,91.78,41.16
2018-01-11 21:59:00,2,1,64.81,85.0,55.0,39.95,51.27,64.81,0.8,0.0,5.63,45.0,44.99,0.0,0.0,0.0,120.0,51.27,0.0,0.88,0.0,0.0,0.0,15.1,0.0,69.6,49.05,91.98,41.18
2018-01-11 22:00:00,2,1,64.8,85.0,55.0,39.94,51.21,64.8,0.8,0.0,5.63,45.0,44.99,0.0,0.0,0.0,120.0,51.21,0.0,0.88,0.0,0.0,0.0,15.09,0.0,69.62,49.02,92.19,41.2
2018-01-11 22:01:00,2,1,64.8,85.0,55.0,39.93,51.16,64.8,0.8,0.0,5.63,45.0,44.99,0.0,0.0,0.0,120.0,51.16,0.0,0.88,0.0,0.0,0.0,15.06,0.0,69.69,49.06,92.39,41.23
2018-01-11 22:02:00,2,1,64.79,85.0,55.0,39.91,51.1,64.79,0.8,0.0,5.63,45.0,44.99,0.0,0.0,0.0,120.0,51.1,0.0,0.88,0.0,0.0,0.0,15.03,0.0,69.79,49.15,92.6,41.25
2018-01-11 22:03:00,2,1,64.78,85.0,55.0,39.89,51.05,64.78,0.8,0.0,5.63,45.0,44.99,0.0,0.0,0.0,120.0,51.05,0.0,0.88,0.0,0.0,0.0,15.0,0.0,69.89,49.24,92.8,41.28
2018-01-11 22:04:00,2,1,64.77,85.0,55.0,39.87,51.0,64.77,0.8,0.0,5.63,45.0,44.99,0.0,0.0,0.0,120.0,51.0,0.0,0.88,0.0,0.0,0.0,14.96,0.0,70.0,49.35,93.0,41.31
2018-01-11 22:05:00,2,1,64.76,85.0,55.0,39.84,50.95,64.76,0.8,0.0,5.63,45.0,44.99,0.0,0.0,0.0,120.0,50.95,0.0,0.88,0.0,0.0,0.0,14.93,0.0,70.11,49.45,93.21,41.34
2018-01-11 22:06:00,2,1,64.75,85.0,55.0,39.82,50.89,64.75,0.8,0.0,5.63,45.0,44.99,0.0,0.0,0.0,120.0,50.89,0.0,0.88,0.0,0.0,0.0,14.89,0.0,70.23,49.56,93.41,41.37
2018-01-11 22:07:00,2,1,64.73,85.0,55.0,39.79,50.84,64.73,0.8,0.0,5.63,45.0,44.99,0.0,0.0,0.0,120.0,50.84,0.0,0.88,0.0,0.0,0.0,14.86,0.0,70.35,49.68,93.61,41.4
2018-01-11 22:08:00,2,1,64.72,85.0,55.0,39.77,50.79,64.72,0.8,0.0,5.63,45.0,44.99,0.0,0.0,0.0,120.0,50.79,0.0,0.88,0.0,0.0,0.0,14.82,0.0,70.47,49.79,93.81,41.43
2018-01-11 22:09:00,2,1,64.7,85.0,55.0,39.74,50.74,64.7,0.8,0.0,5.63,45.0,44.99,0.0,0.0,0.0,120.0,50.74,0.0,0.88,0.0,0.0,0.0,14.78,0.0,70.6,49.92,94.0,41.47
2018-01-11 22:10:00,2,1,64.69,85.0,55.0,39.71,50.69,64.69,0.8,0.0,5.63,45.0,44.99,0.0,0.0,0.0,120.0,50.69,0.0,0.88,0.0,0.0,0.0,14.74,0.0,70.73,50.04,94.2,41.5
2018-01-11 22:11:00,2,1,64.67,85.0,55.0,39.69,50.64,64.67,0.8,0.0,5.63,45.0,44.99,0.0,0.0,0.0,120.0,50.64,0.0,0.88,0.0,0.0,0.0,14.7,0.0,70.86,50.17,94.4,41.54
2018-01-11 22:12:00,2,1,64.65,85.0,55.0,39.66,50.59,64.65,0.8,0.0,5.63,45.0,44.99,0.0,0.0,0.0,120.0,50.59,0.0,0.88,0.0,0.0,0.0,14.66,0.0,70.99,50.31,94.59,41.58
2018-01-11 22:13:00,2,1,64.63,85.0,55.0,39.63,50.54,64.63,0.8,0.0,5.63,45.0,44.99,0.0,0.0,0.0,120.0,50.54,0.0,0.88,0.0,0.0,0.0,14.62,0.0,71.13,50.44,94.79,41.61
2018-01-11 22:14:00,2,1,64.61,85.0,55.0,39.6,50.5,64.61,0.8,0.0,5.63,45.0,44.99,0.0,0.0,0.0,120.0,50.5,0.0,0.88,0.0,0.0,0.0,14.58,0.0,71.28,50.59,94.98,41.65
2018-01-11 22:15:00,2,1,64.59,85.0,55.0,39.57,50.45,64.59,0.8,0.0,5.63,45.0,44.99,0.0,0.0,0.0,120.0,50.45,0.0,0.88,0.0,0.0,0.0,14.54,0.0,71.42,50.73,95.17,41.69
2018-01-11 22:16:00,2,1,64.57,85.0,55.0,39.53,50.4,64.57,0.8,0.0,5.63,45.0,44.99,0.0,0.0,0.0,120.0,50.4,0.0,0.88,0.0,0.0,0.0,14.49,0.0,71.57,50.88,95.37,41.73
2018-01-11 22:17:00,2,1,64.55,85.0,55.0,39.5,50.35,64.55,0.8,0.0,5.63,45.0,44.99,0.0,0.0,0.0,120.0,50.35,0.0,0.88,0.0,0.0,0.0,14.45,0.0,71.72,51.03,95.56,41.77
2018-01-11 22:18:00,2,1,64.53,85.0,55.0,39.47,50.31,64.53,0.8,0.0,5.63,45.0,44.99,0.0,0.0,0.0,120.0,50.31,0.0,0.88,0.0,0.0,0.0,14.41,0.0,71.87,51.19,95.75,41.81
2018-01-11 22:19:00,2,1,64.51,85.0,55.0,39.44,50.26,64.51,0.8,0.0,5.63,45.0,44.99,0.0,0.0,0.0,120.0,50.26,0.0,0.88,0.0,0.0,0.0,14.36,0.0,72.03,51.34,95.94,41.85
2018-01-11 22:20:00,2,1,64.49,85.0,55.0,39.4,50.21,64.49,0.8,0.0,5.63,45.0,44.99,0.0,0.0,0.0,120.0,50.21,0.0,0.88,0.0,0.0,0.0,14.31,0.0,72.19,51.51,96.12,41.89
2018-01-11 22:21:00,2,1,64.47,85.0,55.0,39.37,50.17,64.47,0.8,0.0,5.63,45.0,44.99,0.0,0.0,0.0,120.0,50.17,0.0,0.88,0.0,0.0,0.0,14.27,0.0,72.35,51.67,96.31,41.93
2018-01-11 22:22:00,2,1,64.44,85.0,55.0,39.33,50.12,64.44,0.8,0.0,5.63,45.0,44.99,0.0,0.0,0.0,120.0,50.12,0.0,0.88,0.0,0.0,0.0,14.22,0.0,72.51,51.84,96.5,41.98
2018-01-11 22:23:00,2,1,64.42,85.0,55.0,39.3,50.08,64.42,0.8,0.0,5.63,45.0,44.99,0.0,0.0,0.0,120.0,50.08,0.0,0.88,0.0,0.0,0.0,14.17,0.0,72.68,52.01,96.68,42.02
2018-01-11 22:24:00,2,1,64.4,85.0,55.0,39.26,50.04,64.4,0.8,0.0,5.63,45.0,44.99,0.0,0.0,0.0,120.0,50.04,0.0,0.88,0.0,0.0,0.0,14.12,0.0,72.85,52.18,96.87,42.06
2018-01-11 22:25:00,2,1,64.37,85.0,55.0,39.22,49.99,64.37,0.8,0.0,5.63,45.0,44.99,0.0,0.0,0.0,120.0,49.99,0.0,0.88,0.0,0.0,0.0,14.08,0.0,73.02,52.36,97.04,42.1
2018-01-11 22:26:00,2,1,64.35,85.0,55.0,39.19,49.95,64.35,0.8,0.0,5.63,45.0,44.99,0.0,0.0,0.0,120.0,49.95,0.0,0.88,0.0,0.0,0.0,14.03,0.0,73.19,52.54,97.18,42.15
2018-01-11 22:27:00,2,1,64.32,85.0,55.0,39.15,49.9,64.32,0.8,0.0,5.63,45.0,44.99,0.0,0.0,0.0,120.0,49.9,0.0,0.88,0.0,0.0,0.0,13.98,0.0,73.37,52.72,97.31,42.19
2018-01-11 22:28:00,2,1,64.3,85.0,55.0,39.11,49.86,64.3,0.8,0.0,5.63,45.0,44.99,0.0,0.0,0.0,120.0,49.86,0.0,0.88,0.0,0.0,0.0,13.92,0.0,73.55,52.91,97.45,42.24
2018-01-11 22:29:00,2,1,64.27,85.0,55.0,39.07,49.82,64.27,0.8,0.0,5.63,45.0,44.99,0.0,0.0,0.0,120.0,49.82,0.0,0.88,0.0,0.0,0.0,13.87,0.0,73.73,53.09,97.58,42.28
2018-01-11 22:30:00,2,1,64.25,85.0,55.0,39.03,49.78,64.25,0.8,0.0,5.63,45.0,44.99,0.0,0.0,0.0,120.0,49.78,0.0,0.88,0.0,0.0,0.0,13.82,0.0,73.91,53.29,97.71,42.33
2018-01-11 22:31:00,2,1,64.22,85.0,55.0,39.0,49.74,64.22,0.8,0.0,5.63,45.0,44.99,0.0,0.0,0.0,120.0,49.74,0.0,0.88,0.0,0.0,0.0,13.77,0.0,74.09,53.48,97.85,42.37
2018-01-11 22:32:00,2,1,64.2,85.0,55.0,38.96,49.69,64.2,0.8,0.0,5.63,45.0,44.99,0.0,0.0,0.0,120.0,49.69,0.0,0.88,0.0,0.0,0.0,13.72,0.0,74.28,53.67,97.98,42.41
2018-01-11 22:33:00,2,1,64.17,85.0,55.0,38.92,49.65,64.17,0.8,0.0,5.63,45.0,44.99,0.0,0.0,0.0,120.0,49.65,0.0,0.88,0.0,0.0,0.0,13.66,0.0,74.47,53.87,98.11,42.46
2018-01-11 22:34:00,2,1,64.14,85.0,55.0,38.88,49.61,64.14,0.8,0.0,5.63,45.0,44.99,0.0,0.0,0.0,120.0,49.61,0.0,0.88,0.0,0.0,0.0,13.61,0.0,74.66,54.07,98.24,42.51
2018-01-11 22:35:00,2,1,64.12,85.0,55.0,38.84,49.57,64.12,0.8,0.0,5.63,45.0,44.99,0.0,0.0,0.0,120.0,49.57,0.0,0.88,0.0,0.0,0.0,13.55,0.0,74.86,54.27,98.37,42.55
2018-01-11 22:36:00,2,1,64.09,85.0,55.0,38.79,49.53,64.09,0.8,0.0,5.63,45.0,44.99,0.0,0.0,0.0,120.0,49.53,0.0,0.88,0.0,0.0,0.0,13.5,0.0,75.05,54.48,98.49,42.6
2018-01-11 22:37:00,2,1,64.06,85.0,55.0,38.75,49.49,64.06,0.8,0.0,5.63,45.0,44.99,0.0,0.0,0.0,120.0,49.49,0.0,0.88,0.0,0.0,0.0,13.44,0.0,75.25,54.69,98.62,42.64
2018-01-11 22:38:00,2,1,64.04,85.0,55.0,38.71,49.45,64.04,0.8,0.0,5.63,45.0,44.99,0.0,0.0,0.0,120.0,49.45,0.0,0.88,0.0,0.0,0.0,13.39,0.0,75.45,54.89,98.75,42.69
2018-01-11 22:39:00,2,1,64.01,85.0,55.0,38.67,49.42,64.01,0.8,0.0,5.63,45.0,44.99,0.0,0.0,0.0,120.0,49.42,0.0,0.88,0.0,0.0,0.0,13.33,0.0,75.65,55.1,98.87,42.73
2018-01-11 22:40:00,2,1,63.98,85.0,55.0,38.63,49.38,63.98,0.8,0.0,5.63,45.0,44.99,0.0,0.0,0.0,120.0,49.38,0.0,0.88,0.0,0.0,0.0,13.27,0.0,75.85,55.32,99.0,42.78
2018-01-11 22:41:00,2,1,63.96,85.0,55.0,38.59,49.34,63.96,0.8,0.0,5.63,45.0,44.99,0.0,0.0,0.0,120.0,49.34,0.0,0.88,0.0,0.0,0.0,13.22,0.0,76.06,55.53,99.12,42.82
2018-01-11 22:42:00,2,1,63.93,85.0,55.0,38.54,49.3,63.93,0.8,0.0,5.63,45.0,44.99,0.0,0.0,0.0,120.0,49.3,0.0,0.88,0.0,0.0,0.0,13.16,0.0,76.27,55.75,99.24,42.87
2018-01-11 22:43:00,2,1,63.9,85.0,55.0,38.5,49.26,63.9,0.8,0.0,5.63,45.0,44.99,0.0,0.0,0.0,120.0,49.26,0.0,0.88,0.0,0.0,0.0,13.1,0.0,76.47,55.97,99.37,42.92
2018-01-11 22:44:00,2,1,63.87,85.0,55.0,38.46,49.23,63.87,0.8,0.0,5.63,45.0,44.99,0.0,0.0,0.0,120.0,49.23,0.0,0.88,0.0,0.0,0.0,13.04,0.0,76.68,56.19,99.49,42.96
2018-01-11 22:45:00,2,1,63.85,85.0,55.0,38.41,49.19,63.85,0.8,0.0,5.63,45.0,44.99,0.0,0.0,0.0,120.0,49.19,0.0,0.88,0.0,0.0,0.0,12.98,0.0,76.9,56.41,99.61,43.01
2018-01-11 22:46:00,2,1,63.82,85.0,55.0,38.37,49.15,63.82,0.8,0.0,5.63,45.0,44.99,0.0,0.0,0.0,120.0,49.15,0.0,0.88,0.0,0.0,0.0,12.92,0.0,77.11,56.63,99.73,43.05
2018-01-11 22:47:00,2,1,63.79,85.0,55.0,38.33,49.12,63.79,0.8,0.0,5.63,45.0,44.99,0.0,0.0,0.0,120.0,49.12,0.0,0.88,0.0,0.0,0.0,12.86,0.0,77.33,56.86,99.85,43.1
2018-01-11 22:48:00,2,1,63.76,85.0,55.0,38.28,49.08,63.76,0.8,0.0,5.63,45.0,44.99,0.0,0.0,0.0,120.0,49.08,0.0,0.88,0.0,0.0,0.0,12.8,0.0,77.54,57.08,99.97,43.14
2018-01-11 22:49:00,2,1,63.73,85.0,55.0,38.24,49.05,63.73,0.8,0.0,5.63,45.0,44.99,0.0,0.0,0.0,120.0,49.05,0.0,0.88,0.0,0.0,0.0,12.74,0.0,77.76,57.31,100.0,43.19
2018-01-11 22:50:00,2,1,63.71,85.0,55.0,38.19,49.01,63.71,0.8,0.0,5.63,45.0,44.99,0.0,0.0,0.0,120.0,49.01,0.0,0.88,0.0,0.0,0.0,12.68,0.0,77.98,57.54,100.0,43.24
2018-01-11 22:51:00,2,1,63.68,85.0,55.0,38.15,48.98,63.68,0.8,0.0,5.63,45.0,44.99,0.0,0.0,0.0,120.0,48.98,0.0,0.88,0.0,0.0,0.0,12.62,0.0,78.2,57.77,100.0,43.28
2018-01-11 22:52:00,2,1,63.65,85.0,55.0,38.1,48.94,63.65,0.8,0.0,5.63,45.0,44.99,0.0,0.0,0.0,120.0,48.94,0.0,0.88,0.0,0.0,0.0,12.56,0.0,78.43,58.0,100.0,43.33
2018-01-11 22:53:00,2,1,63.62,85.0,55.0,38.06,48.91,63.62,0.8,0.0,5.63,45.0,44.99,0.0,0.0,0.0,120.0,48.91,0.0,0.88,0.0,0.0,0.0,12.49,0.0,78.65,58.23,100.0,43.37
2018-01-11 22:54:00,2,1,63.59,85.0,55.0,38.01,48.87,63.59,0.8,0.0,5.63,45.0,44.99,0.0,0.0,0.0,120.0,48.87,0.0,0.88,0.0,0.0,0.0,12.43,0.0,78.88,58.47,100.0,43.42
2018-01-11 22:55:00,2,1,63.57,85.0,55.0,37.97,48.84,63.57,0.8,0.0,5.63,45.0,44.99,0.0,0.0,0.0,120.0,48.84,0.0,0.88,0.0,0.0,0.0,12.37,0.0,79.1,58.7,100.0,43.46
2018-01-11 22:56:00,2,1,63.54,85.0,55.0,37.92,48.81,63.54,0.8,0.0,5.63,45.0,44.99,0.0,0.0,0.0,120.0,48.81,0.0,0.88,0.0,0.0,0.0,12.3,0.0,79.33,58.93,100.0,43.51
2018-01-11 22:57:00,2,1,63.51,85.0,55.0,37.88,48.77,63.51,0.8,0.0,5.63,45.0,44.99,0.0,0.0,0.0,120.0,48.77,0.0,0.88,0.0,0.0,0.0,12.24,0.0,79.56,59.17,100.0,43.55
2018-01-11 22:58:00,2,1,63.48,85.0,55.0,37.83,48.74,63.48,0.8,0.0,5.63,45.0,44.99,0.0,0.0,0.0,120.0,48.74,0.0,0.88,0.0,0.0,0.0,12.18,0.0,79.79,59.41,100.0,43.6
2018-01-11 22:59:00,2,1,63.45,85.0,55.0,37.78,48.71,63.45,0.8,0.0,5.63,45.0,44.99,0.0,0.0,0.0,120.0,48.71,0.0,0.88,0.0,0.0,0.0,12.11,0.0,80.02,59.65,100.0,43.64
2018-01-11 23:00:00,2,1,63.43,85.0,55.0,37.74,48.67,63.43,0.8,0.0,5.63,45.0,44.99,0.0,0.0,0.0,120.0,48.67,0.0,0.88,0.0,0.0,0.0,12.05,0.0,80.26,59.88,100.0,43.68
2018-01-11 23:01:00,2,1,63.4,85.0,55.0,37.69,48.64,63.4,0.8,0.0,5.63,45.0,44.99,0.0,0.0,0.0,120.0,48.64,0.0,0.88,0.0,0.0,0.0,11.98,0.0,80.5,60.14,100.0,43.73
2018-01-11 23:02:00,2,1,63.37,85.0,55.0,37.64,48.61,63.37,0.8,0.0,5.63,45.0,44.99,0.0,0.0,0.0,120.0,48.61,0.0,0.88,0.0,0.0,0.0,11.91,0.0,80.75,60.4,100.0,43.77
2018-01-11 23:03:00,2,1,63.35,85.0,55.0,37.59,48.58,63.35,0.8,0.0,5.63,45.0,44.99,0.0,0.0,0.0,120.0,48.58,0.0,0.88,0.0,0.0,0.0,11.84,0.0,81.01,60.66,100.0,43.81
2018-01-11 23:04:00,2,1,63.32,85.0,55.0,37.54,48.55,63.32,0.8,0.0,5.63,45.0,44.99,0.0,0.0,0.0,120.0,48.55,0.0,0.88,0.0,0.0,0.0,11.76,0.0,81.26,60.92,100.0,43.85
2018-01-11 23:05:00,2,1,63.3,85.0,55.0,37.49,48.52,63.3,0.8,0.0,5.63,45.0,44.99,0.0,0.0,0.0,120.0,48.52,0.0,0.88,0.0,0.0,0.0,11.69,0.0,81.52,61.18,100.0,43.89
2018-01-11 23:06:00,2,1,63.27,85.0,55.0,37.45,48.49,63.27,0.8,0.0,5.63,45.0,44.99,0.0,0.0,0.0,120.0,48.49,0.0,0.88,0.0,0.0,0.0,11.62,0.0,81.77,61.45,100.0,43.93
2018-01-11 23:07:00,2,1,63.25,85.0,55.0,37.4,48.46,63.25,0.8,0.0,5.63,45.0,44.99,0.0,0.0,0.0,120.0,48.46,0.0,0.88,0.0,0.0,0.0,11.54,0.0,82.03,61.71,100.0,43.97
2018-01-11 23:08:00,2,1,63.23,85.0,55.0,37.35,48.43,63.23,0.8,0.0,5.63,45.0,44.99,0.0,0.0,0.0,120.0,48.43,0.0,0.88,0.0,0.0,0.0,11.47,0.0,82.29,61.97,100.0,44.01
2018-01-11 23:09:00,2,1,63.2,85.0,55.0,37.3,48.4,63.2,0.8,0.0,5.63,45.0,44.99,0.0,0.0,0.0,120.0,48.4,0.0,0.88,0.0,0.0,0.0,11.4,0.0,82.54,62.23,100.0,44.04
2018-01-11 23:10:00,2,1,63.18,85.0,55.0,37.25,48.37,63.18,0.8,0.0,5.63,45.0,44.99,0.0,0.0,0.0,120.0,48.37,0.0,0.88,0.0,0.0,0.0,11.33,0.0,82.8,62.5,100.0,44.08
2018-01-11 23:11:00,2,1,63.16,85.0,55.0,37.21,48.34,63.16,0.8,0.0,5.63,45.0,44.99,0.0,0.0,0.0,120.0,48.34,0.0,0.88,0.0,0.0,0.0,11.25,0.0,83.06,62.76,100.0,44.11
2018-01-11 23:12:00,2,1,63.14,85.0,55.0,37.16,48.31,63.14,0.8,0.0,5.63,45.0,44.99,0.0,0.0,0.0,120.0,48.31,0.0,0.88,0.0,0.0,0.0,11.18,0.0,83.31,63.02,100.0,44.15
2018-01-11 23:13:00,2,1,63.12,85.0,55.0,37.11,48.28,63.12,0.8,0.0,5.63,45.0,44.99,0.0,0.0,0.0,120.0,48.28,0.0,0.88,0.0,0.0,0.0,11.1,0.0,83.57,63.28,100.0,44.18
2018-01-11 23:14:00,2,1,63.1,85.0,55.0,37.06,48.25,63.1,0.8,0.0,5.63,45.0,44.99,0.0,0.0,0.0,120.0,48.25,0.0,0.88,0.0,0.0,0.0,11.03,0.0,83.83,63.54,100.0,44.22
2018-01-11 23:15:00,2,1,63.08,85.0,55.0,37.02,48.22,63.08,0.8,0.0,5.63,45.0,44.99,0.0,0.0,0.0,120.0,48.22,0.0,0.88,0.0,0.0,0.0,10.96,0.0,84.08,63.8,100.0,44.25
2018-01-11 23:16:00,2,1,63.06,85.0,55.0,36.97,48.19,63.06,0.8,0.0,5.63,45.0,44.99,0.0,0.0,0.0,120.0,48.19,0.0,0.88,0.0,0.0,0.0,10.88,0.0,84.34,64.06,100.0,44.29
2018-01-11 23:17:00,2,1,63.04,85.0,55.0,36.92,48.17,63.04,0.8,0.0,5.63,45.0,44.99,0.0,0.0,0.0,120.0,48.17,0.0,0.88,0.0,0.0,0.0,10.81,0.0,84.6,64.31,100.0,44.32
2018-01-11 23:18:00,2,1,63.02,85.0,55.0,36.88,48.14,63.02,0.8,0.0,5.63,45.0,44.99,0.0,0.0,0.0,120.0,48.14,0.0,0.88,0.0,0.0,0.0,10.74,0.0,84.86,64.57,100.0,44.35
2018-01-11 23:19:00,2,1,63.0,85.0,55.0,36.83,48.11,63.0,0.8,0.0,5.63,45.0,44.99,0.0,0.0,0.0,120.0,48.11,0.0,0.88,0.0,0.0,0.0,10.67,0.0,85.11,64.82,100.0,44.38
2018-01-11 23:20:00,2,1,62.98,85.0,55.0,36.79,48.08,62.98,0.8,0.0,5.63,45.0,44.99,0.0,0.0,0.0,120.0,48.08,0.0,0.88,0.0,0.0,0.0,10.59,0.0,85.37,65.08,100.0,44.42
2018-01-11 23:21:00,2,1,62.96,85.0,55.0,36.74,48.06,62.96,0.8,0.0,5.63,45.0,44.99,0.0,0.0,0.0,120.0,48.06,0.0,0.88,0.0,0.0,0.0,10.52,0.0,85.62,65.33,100.0,44.45
2018-01-11 23:22:00,2,1,62.94,85.0,55.0,36.7,48.03,62.94,0.8,0.0,5.63,45.0,44.99,0.0,0.0,0.0,120.0,48.03,0.0,0.88,0.0,0.0,0.0,10.45,0.0,85.88,65.58,100.0,44.48
2018-01-11 23:23:00,2,1,62.92,85.0,55.0,36.65,48.0,62.92,0.8,0.0,5.63,45.0,44.99,0.0,0.0,0.0,120.0,48.0,0.0,0.88,0.0,0.0,0.0,10.38,0.0,86.14,65.83,100.0,44.51
2018-01-11 23:24:00,2,1,62.91,85.0,55.0,36.61,47.98,62.91,0.8,0.0,5.63,45.0,44.99,0.0,0.0,0.0,120.0,47.98,0.0,0.88,0.0,0.0,0.0,10.3,0.0,86.39,66.08,100.0,44.54
2018-01-11 23:25:00,2,1,62.89,85.0,55.0,36.56,47.95,62.89,0.8,0.0,5.63,45.0,44.99,0.0,0.0,0.0,120.0,47.95,0.0,0.88,0.0,0.0,0.0,10.23,0.0,86.64,66.32,100.0,44.57
2018-01-11 23:26:00,2,1,62.87,85.0,55.0,36.52,47.93,62.87,0.8,0.0,5.63,45.0,44.99,0.0,0.0,0.0,120.0,47.93,0.0,0.88,0.0,0.0,0.0,10.16,0.0,86.9,66.56,100.0,44.6
2018-01-11 23:27:00,2,1,62.85,85.0,55.0,36.47,47.9,62.85,0.8,0.0,5.63,45.0,44.99,0.0,0.0,0.0,120.0,47.9,0.0,0.88,0.0,0.0,0.0,10.09,0.0,87.15,66.81,100.0,44.63
2018-01-11 23:28:00,2,1,62.84,85.0,55.0,36.43,47.88,62.84,0.8,0.0,5.63,45.0,44.99,0.0,0.0,0.0,120.0,47.88,0.0,0.88,0.0,0.0,0.0,10.02,0.0,87.4,67.04,100.0,44.66
2018-01-11 23:29:00,2,1,62.82,85.0,55.0,36.38,47.85,62.82,0.8,0.0,5.63,45.0,44.99,0.0,0.0,0.0,120.0,47.85,0.0,0.88,0.0,0.0,0.0,9.95,0.0,87.65,67.28,100.0,44.69
2018-01-11 23:30:00,2,1,62.8,85.0,55.0,36.34,47.83,62.8,0.8,0.0,5.63,45.0,44.99,0.0,0.0,0.0,120.0,47.83,0.0,0.88,0.0,0.0,0.0,9.88,0.0,87.9,67.52,100.0,44.72
2018-01-11 23:31:00,2,1,62.79,85.0,55.0,36.3,47.8,62.79,0.8,0.0,5.63,45.0,44.99,0.0,0.0,0.0,120.0,47.8,0.0,0.88,0.0,0.0,0.0,9.81,0.0,88.15,67.75,100.0,44.75
2018-01-11 23:32:00,2,1,62.77,85.0,55.0,36.26,47.78,62.77,0.8,0.0,5.63,45.0,44.99,0.0,0.0,0.0,120.0,47.78,0.0,0.88,0.0,0.0,0.0,9.74,0.0,88.4,67.98,100.0,44.78
2018-01-11 23:33:00,2,1,62.75,85.0,55.0,36.21,47.75,62.75,0.8,0.0,5.63,45.0,44.99,0.0,0.0,0.0,120.0,47.75,0.0,0.88,0.0,0.0,0.0,9.67,0.0,88.64,68.2,100.0,44.81
2018-01-11 23:34:00,2,1,62.74,85.0,55.0,36.17,47.73,62.74,0.8,0.0,5.63,45.0,44.99,0.0,0.0,0.0,120.0,47.73,0.0,0.88,0.0,0.0,0.0,9.61,0.0,88.89,68.43,100.0,44.83
2018-01-11 23:35:00,2,1,62.72,85.0,55.0,36.13,47.7,62.72,0.8,0.0,5.63,45.0,44.99,0.0,0.0,0.0,120.0,47.7,0.0,0.88,0.0,0.0,0.0,9.54,0.0,89.13,68.65,100.0,44.86
2018-01-11 23:36:00,2,1,62.71,85.0,55.0,36.09,47.68,62.71,0.8,0.0,5.63,45.0,44.99,0.0,0.0,0.0,120.0,47.68,0.0,0.88,0.0,0.0,0.0,9.47,0.0,89.37,68.87,100.0,44.89
2018-01-11 23:37:00,2,1,62.69,85.0,55.0,36.05,47.66,62.69,0.8,0.0,5.63,45.0,44.99,0.0,0.0,0.0,120.0,47.66,0.0,0.88,0.0,0.0,0.0,9.41,0.0,89.61,69.08,100.0,44.92
2018-01-11 23:38:00,2,1,62.68,85.0,55.0,36.01,47.63,62.68,0.8,0.0,5.63,45.0,44.99,0.0,0.0,0.0,120.0,47.63,0.0,0.88,0.0,0.0,0.0,9.34,0.0,89.85,69.29,100.0,44.95
2018-01-11 23:39:00,2,1,62.66,85.0,55.0,35.97,47.61,62.66,0.8,0.0,5.63,45.0,44.99,0.0,0.0,0.0,120.0,47.61,0.0,0.88,0.0,0.0,0.0,9.27,0.0,90.09,69.5,100.0,44.97
2018-01-11 23:40:00,2,1,62.65,85.0,55.0,35.93,47.59,62.65,0.8,0.0,5.63,45.0,44.99,0.0,0.0,0.0,120.0,47.59,0.0,0.88,0.0,0.0,0.0,9.21,0.0,90.32,69.71,100.0,45.0
2018-01-11 23:41:00,2,1,62.63,85.0,55.0,35.89,47.57,62.63,0.8,0.0,5.63,45.0,44.99,0.0,0.0,0.0,120.0,47.57,0.0,0.88,0.0,0.0,0.0,9.15,0.0,90.55,69.91,100.0,45.03
2018-01-11 23:42:00,2,1,62.62,85.0,55.0,35.85,47.54,62.62,0.8,0.0,5.63,45.0,44.99,0.0,0.0,0.0,120.0,47.54,0.0,0.88,0.0,0.0,0.0,9.08,0.0,90.78,70.11,100.0,45.06
2018-01-11 23:43:00,2,1,62.6,85.0,55.0,35.81,47.52,62.6,0.8,0.0,5.63,45.0,44.99,0.0,0.0,0.0,120.0,47.52,0.0,0.88,0.0,0.0,0.0,9.02,0.0,91.01,70.3,100.0,45.08
2018-01-11 23:44:00,2,1,62.59,85.0,55.0,35.77,47.5,62.59,0.8,0.0,5.63,45.0,44.99,0.0,0.0,0.0,120.0,47.5,0.0,0.88,0.0,0.0,0.0,8.96,0.0,91.23,70.49,100.0,45.11
2018-01-11 23:45:00,2,1,62.58,85.0,55.0,35.74,47.48,62.58,0.8,0.0,5.63,45.0,44.99,0.0,0.0,0.0,120.0,47.48,0.0,0.88,0.0,0.0,0.0,8.9,0.0,91.46,70.68,100.0,45.13
2018-01-11 23:46:00,2,1,62.56,85.0,55.0,35.7,47.46,62.56,0.8,0.0,5.63,45.0,44.99,0.0,0.0,0.0,120.0,47.46,0.0,0.88,0.0,0.0,0.0,8.84,0.0,91.68,70.86,100.0,45.16
2018-01-11 23:47:00,2,1,62.55,85.0,55.0,35.66,47.43,62.55,0.8,0.0,5.63,45.0,44.99,0.0,0.0,0.0,120.0,47.43,0.0,0.88,0.0,0.0,0.0,8.78,0.0,91.89,71.04,100.0,45.19
2018-01-11 23:48:00,2,1,62.53,85.0,55.0,35.63,47.41,62.53,0.8,0.0,5.63,45.0,44.99,0.0,0.0,0.0,120.0,47.41,0.0,0.88,0.0,0.0,0.0,8.72,0.0,92.11,71.22,100.0,45.21
2018-01-11 23:49:00,2,1,62.52,85.0,55.0,35.59,47.39,62.52,0.8,0.0,5.63,45.0,44.99,0.0,0.0,0.0,120.0,47.39,0.0,0.88,0.0,0.0,0.0,8.66,0.0,92.32,71.39,100.0,45.24
2018-01-11 23:50:00,2,1,62.51,85.0,55.0,35.55,47.37,62.51,0.8,0.0,5.63,45.0,44.99,0.0,0.0,0.0,120.0,47.37,0.0,0.88,0.0,0.0,0.0,8.6,0.0,92.53,71.55,100.0,45.26
2018-01-11 23:51:00,2,1,62.49,85.0,55.0,35.52,47.35,62.49,0.8,0.0,5.63,45.0,44.99,0.0,0.0,0.0,120.0,47.35,0.0,0.88,0.0,0.0,0.0,8.55,0.0,92.73,71.71,100.0,45.29
2018-01-11 23:52:00,2,1,62.48,85.0,55.0,35.49,47.33,62.48,0.8,0.0,5.63,45.0,44.99,0.0,0.0,0.0,120.0,47.33,0.0,0.88,0.0,0.0,0.0,8.49,0.0,92.93,71.87,100.0,45.31
2018-01-11 23:53:00,2,1,62.47,85.0,55.0,35.45,47.31,62.47,0.8,0.0,5.63,45.0,44.99,0.0,0.0,0.0,120.0,47.31,0.0,0.88,0.0,0.0,0.0,8.44,0.0,93.13,72.02,100.0,45.34
2018-01-11 23:54:00,2,1,62.46,85.0,55.0,35.42,47.29,62.46,0.8,0.0,5.63,45.0,44.99,0.0,0.0,0.0,120.0,47.29,0.0,0.88,0.0,0.0,0.0,8.38,0.0,93.33,72.17,100.0,45.36
2018-01-11 23:55:00,2,1,62.44,85.0,55.0,35.39,47.27,62.44,0.8,0.0,5.63,45.0,44.99,0.0,0.0,0.0,120.0,47.27,0.0,0.88,0.0,0.0,0.0,8.33,0.0,93.52,72.31,100.0,45.39
2018-01-11 23:56:00,2,1,62.43,85.0,55.0,35.35,47.25,62.43,0.8,0.0,5.63,45.0,44.99,0.0,0.0,0.0,120.0,47.25,0.0,0.88,0.0,0.0,0.0,8.28,0.0,93.7,72.45,100.0,45.41
2018-01-11 23:57:00,2,1,62.42,85.0,55.0,35.32,47.23,62.42,0.8,0.0,5.63,45.0,44.99,0.0,0.0,0.0,120.0,47.23,0.0,0.88,0.0,0.0,0.0,8.23,0.0,93.89,72.58,100.0,45.44
2018-01-11 23:58:00,2,1,62.41,85.0,55.0,35.29,47.21,62.41,0.8,0.0,5.63,45.0,44.99,0.0,0.0,0.0,120.0,47.21,0.0,0.88,0.0,0.0,0.0,8.18,0.0,94.07,72.71,100.0,45.46
2018-01-11 23:59:00,2,1,62.39,85.0,55.0,35.26,47.19,62.39,0.8,0.0,5.63,45.0,44.99,0.0,0.0,0.0,120.0,47.19,0.0,0.88,0.0,0.0,0.0,8.13,0.0,94.24,72.83,100.0,45.48
2018-01-12 00:00:00,2,1,62.38,85.0,55.0,35.23,47.17,62.38,0.8,0.0,5.63,45.0,44.99,0.0,0.0,0.0,120.0,47.17,0.0,0.88,0.0,0.0,0.0,8.08,0.0,94.41,72.95,100.0,45.51
2018-01-12 00:01:00,2,1,62.37,85.0,55.0,35.21,47.15,62.37,0.8,0.0,5.63,45.0,44.99,0.0,0.0,0.0,120.0,47.15,0.0,0.88,0.0,0.0,0.0,8.05,0.0,94.52,72.98,100.0,45.53
2018-01-12 00:02:00,2,1,62.36,85.0,55.0,35.19,47.13,62.36,0.8,0.0,5.63,45.0,44.99,0.0,0.0,0.0,120.0,47.13,0.0,0.88,0.0,0.0,0.0,8.02,0.0,94.6,72.97,100.0,45.55
2018-01-12 00:03:00,2,1,62.35,85.0,55.0,35.17,47.12,62.35,0.8,0.0,5.63,45.0,44.99,0.0,0.0,0.0,120.0,47.12,0.0,0.88,0.0,0.0,0.0,7.99,0.0,94.66,72.94,100.0,45.58
2018-01-12 00:04:00,2,1,62.33,85.0,55.0,35.15,47.1,62.33,0.8,0.0,5.63,45.0,44.99,0.0,0.0,0.0,120.0,47.1,0.0,0.88,0.0,0.0,0.0,7.97,0.0,94.72,72.91,100.0,45.6
2018-01-12 00:05:00,2,1,62.32,85.0,55.0,35.13,47.08,62.32,0.8,0.0,5.63,45.0,44.99,0.0,0.0,0.0,120.0,47.08,0.0,0.88,0.0,0.0,0.0,7.95,0.0,94.78,72.87,100.0,45.62
2018-01-12 00:06:00,2,1,62.31,85.0,55.0,35.12,47.06,62.31,0.8,0.0,5.63,45.0,44.99,0.0,0.0,0.0,120.0,47.06,0.0,0.88,0.0,0.0,0.0,7.92,0.0,94.83,72.83,100.0,45.64
2018-01-12 00:07:00,2,1,62.3,85.0,55.0,35.1,47.04,62.3,0.8,0.0,5.63,45.0,44.99,0.0,0.0,0.0,120.0,47.04,0.0,0.88,0.0,0.0,0.0,7.9,0.0,94.88,72.78,100.0,45.67
2018-01-12 00:08:00,2,1,62.29,85.0,55.0,35.09,47.03,62.29,0.8,0.0,5.63,45.0,44.99,0.0,0.0,0.0,120.0,47.03,0.0,0.88,0.0,0.0,0.0,7.88,0.0,94.92,72.72,100.0,45.69
2018-01-12 00:09:00,2,1,62.28,85.0,55.0,35.07,47.01,62.28,0.8,0.0,5.63,45.0,44.99,0.0,0.0,0.0,120.0,47.01,0.0,0.88,0.0,0.0,0.0,7.86,0.0,94.96,72.67,100.0,45.71
2018-01-12 00:10:00,2,1,62.26,85.0,55.0,35.06,46.99,62.26,0.8,0.0,5.63,45.0,44.99,0.0,0.0,0.0,120.0,46.99,0.0,0.88,0.0,0.0,0.0,7.85,0.0,94.99,72.6,100.0,45.73
2018-01-12 00:11:00,2,1,62.25,85.0,55.0,35.04,46.97,62.25,0.8,0.0,5.63,45.0,44.99,0.0,0.0,0.0,120.0,46.97,0.0,0.88,0.0,0.0,0.0,7.83,0.0,95.02,72.54,100.0,45.75
2018-01-12 00:12:00,2,1,62.24,85.0,55.0,35.03,46.96,62.24,0.8,0.0,5.63,45.0,44.99,0.0,0.0,0.0,120.0,46.96,0.0,0.88,0.0,0.0,0.0,7.81,0.0,95.04,72.47,100.0,45.77
2018-01-12 00:13:00,2,1,62.23,85.0,55.0,35.01,46.94,62.23,0.8,0.0,5.63,45.0,44.99,0.0,0.0,0.0,120.0,46.94,0.0,0.88,0.0,0.0,0.0,7.8,0.0,95.06,72.39,100.0,45.79
2018-01-12 00:14:00,2,1,62.22,85.0,55.0,35.0,46.92,62.22,0.8,0.0,5.63,45.0,44.99,0.0,0.0,0.0,120.0,46.92,0.0,0.88,0.0,0.0,0.0,7.78,0.0,95.08,72.31,100.0,45.81
2018-01-12 00:15:00,2,1,62.21,85.0,55.0,34.99,46.9,62.21,0.8,0.0,5.63,45.0,44.99,0.0,0.0,0.0,120.0,46.9,0.0,0.88,0.0,0.0,0.0,7.77,0.0,95.09,72.23,100.0,45.83
2018-01-12 00:16:00,2,1,62.2,85.0,55.0,34.98,46.89,62.2,0.8,0.0,5.63,45.0,44.99,0.0,0.0,0.0,120.0,46.89,0.0,0.88,0.0,0.0,0.0,7.76,0.0,95.1,72.14,100.0,45.85
2018-01-12 00:17:00,2,1,62.19,85.0,55.0,34.97,46.87,62.19,0.8,0.0,5.63,45.0,44.99,0.0,0.0,0.0,120.0,46.87,0.0,0.88,0.0,0.0,0.0,7.75,0.0,95.1,72.05,100.0,45.86
2018-01-12 00:18:00,2,1,62.18,85.0,55.0,34.96,46.86,62.18,0.8,0.0,5.63,45.0,44.99,0.0,0.0,0.0,120.0,46.86,0.0,0.88,0.0,0.0,0.0,7.74,0.0,95.1,71.95,100.0,45.88
2018-01-12 00:19:00,2,1,62.16,85.0,55.0,34.95,46.84,62.16,0.8,0.0,5.63,45.0,44.99,0.0,0.0,0.0,120.0,46.84,0.0,0.88,0.0,0.0,0.0,7.73,0.0,95.1,71.85,100.0,45.9
2018-01-12 00:20:00,2,1,62.15,85.0,55.0,34.94,46.82,62.15,0.8,0.0,5.63,45.0,44.99,0.0,0.0,0.0,120.0,46.82,0.0,0.88,0.0,0.0,0.0,7.72,0.0,95.09,71.75,100.0,45.92
2018-01-12 00:21:00,2,1,62.14,85.0,55.0,34.93,46.81,62.14,0.8,0.0,5.63,45.0,44.99,0.0,0.0,0.0,120.0,46.81,0.0,0.88,0.0,0.0,0.0,7.71,0.0,95.07,71.65,100.0,45.93
2018-01-12 00:22:00,2,1,62.13,85.0,55.0,34.92,46.79,62.13,0.8,0.0,5.63,45.0,44.99,0.0,0.0,0.0,120.0,46.79,0.0,0.88,0.0,0.0,0.0,7.71,0.0,95.06,71.54,100.0,45.95
2018-01-12 00:23:00,2,1,62.12,85.0,55.0,34.91,46.78,62.12,0.8,0.0,5.63,45.0,44.99,0.0,0.0,0.0,120.0,46.78,0.0,0.88,0.0,0.0,0.0,7.7,0.0,95.04,71.42,100.0,45.96
2018-01-12 00:24:00,2,1,62.11,85.0,55.0,34.9,46.76,62.11,0.8,0.0,5.63,45.0,44.99,0.0,0.0,0.0,120.0,46.76,0.0,0.88,0.0,0.0,0.0,7.7,0.0,95.01,71.31,100.0,45.98
2018-01-12 00:25:00,2,1,62.1,85.0,55.0,34.9,46.74,62.1,0.8,0.0,5.63,45.0,44.99,0.0,0.0,0.0,120.0,46.74,0.0,0.88,0.0,0.0,0.0,7.69,0.0,94.99,71.19,100.0,45.99
2018-01-12 00:26:00,2,1,62.09,85.0,55.0,34.89,46.73,62.09,0.8,0.0,5.63,45.0,44.99,0.0,0.0,0.0,120.0,46.73,0.0,0.88,0.0,0.0,0.0,7.69,0.0,94.95,71.07,100.0,46.01
2018-01-12 00:27:00,2,1,62.08,85.0,55.0,34.88,46.71,62.08,0.8,0.0,5.63,45.0,44.99,0.0,0.0,0.0,120.0,46.71,0.0,0.88,0.0,0.0,0.0,7.69,0.0,94.92,70.95,100.0,46.02
2018-01-12 00:28:00,2,1,62.07,85.0,55.0,34.88,46.7,62.07,0.8,0.0,5.63,45.0,44.99,0.0,0.0,0.0,120.0,46.7,0.0,0.88,0.0,0.0,0.0,7.69,0.0,94.88,70.82,100.0,46.03
2018-01-12 00:29:00,2,1,62.06,85.0,55.0,34.87,46.68,62.06,0.8,0.0,5.63,45.0,44.99,0.0,0.0,0.0,120.0,46.68,0.0,0.88,0.0,0.0,0.0,7.69,0.0,94.84,70.69,100.0,46.05
2018-01-12 00:30:00,2,1,62.05,85.0,55.0,34.87,46.67,62.05,0.8,0.0,5.63,45.0,44.99,0.0,0.0,0.0,120.0,46.67,0.0,0.88,0.0,0.0,0.0,7.69,0.0,94.8,70.56,100.0,46.06
2018-01-12 00:31:00,2,1,62.04,85.0,55.0,34.87,46.66,62.04,0.8,0.0,5.63,45.0,44.99,0.0,0.0,0.0,120.0,46.66,0.0,0.88,0.0,0.0,0.0,7.69,0.0,94.75,70.43,100.0,46.07
2018-01-12 00:32:00,2,1,62.03,85.0,55.0,34.86,46.64,62.03,0.8,0.0,5.63,45.0,44.99,0.0,0.0,0.0,120.0,46.64,0.0,0.88,0.0,0.0,0.0,7.69,0.0,94.7,70.29,100.0,46.08
2018-01-12 00:33:00,2,1,62.02,85.0,55.0,34.86,46.63,62.02,0.8,0.0,5.63,45.0,44.99,0.0,0.0,0.0,120.0,46.63,0.0,0.88,0.0,0.0,0.0,7.69,0.0,94.64,70.15,100.0,46.1
2018-01-12 00:34:00,2,1,62.01,85.0,55.0,34.86,46.61,62.01,0.8,0.0,5.63,45.0,44.99,0.0,0.0,0.0,120.0,46.61,0.0,0.88,0.0,0.0,0.0,7.7,0.0,94.59,70.01,100.0,46.11
2018-01-12 00:35:00,2,1,62.0,85.0,55.0,34.85,46.6,62.0,0.8,0.0,5.63,45.0,44.99,0.0,0.0,0.0,120.0,46.6,0.0,0.88,0.0,0.0,0.0,7.7,0.0,94.53,69.87,100.0,46.12
2018-01-12 00:36:00,2,1,61.99,85.0,55.0,34.85,46.58,61.99,0.8,0.0,5.63,45.0,44.99,0.0,0.0,0.0,120.0,46.58,0.0,0.88,0.0,0.0,0.0,7.71,0.0,94.46,69.73,100.0,46.13
2018-01-12 00:37:00,2,1,61.98,85.0,55.0,34.85,46.57,61.98,0.8,0.0,5.63,45.0,44.99,0.0,0.0,0.0,120.0,46.57,0.0,0.88,0.0,0.0,0.0,7.72,0.0,94.4,69.58,100.0,46.14
2018-01-12 00:38:00,2,1,61.97,85.0,55.0,34.85,46.56,61.97,0.8,0.0,5.63,45.0,44.99,0.0,0.0,0.0,120.0,46.56,0.0,0.88,0.0,0.0,0.0,7.72,0.0,94.33,69.44,100.0,46.15
2018-01-12 00:39:00,2,1,61.96,85.0,55.0,34.85,46.54,61.96,0.8,0.0,5.63,45.0,44.99,0.0,0.0,0.0,120.0,46.54,0.0,0.88,0.0,0.0,0.0,7.73,0.0,94.26,69.29,100.0,46.16
2018-01-12 00:40:00,2,1,61.96,85.0,55.0,34.85,46.53,61.96,0.8,0.0,5.63,45.0,44.99,0.0,0.0,0.0,120.0,46.53,0.0,0.88,0.0,0.0,0.0,7.74,0.0,94.18,69.14,100.0,46.16
2018-01-12 00:41:00,2,1,61.95,85.0,55.0,34.85,46.52,61.95,0.8,0.0,5.63,45.0,44.99,0.0,0.0,0.0,120.0,46.52,0.0,0.88,0.0,0.0,0.0,7.75,0.0,94.11,68.99,100.0,46.17
2018-01-12 00:42:00,2,1,61.94,85.0,55.0,34.85,46.5,61.94,0.8,0.0,5.63,45.0,44.99,0.0,0.0,0.0,120.0,46.5,0.0,0.88,0.0,0.0,0.0,7.76,0.0,94.03,68.84,100.0,46.18
2018-01-12 00:43:00,2,1,61.93,85.0,55.0,34.85,46.49,61.93,0.8,0.0,5.63,45.0,44.99,0.0,0.0,0.0,120.0,46.49,0.0,0.88,0.0,0.0,0.0,7.77,0.0,93.95,68.69,100.0,46.19
2018-01-12 00:44:00,2,1,61.92,85.0,55.0,34.85,46.48,61.92,0.8,0.0,5.63,45.0,44.99,0.0,0.0,0.0,120.0,46.48,0.0,0.88,0.0,0.0,0.0,7.78,0.0,93.87,68.54,100.0,46.19
2018-01-12 00:45:00,2,1,61.91,85.0,55.0,34.85,46.46,61.91,0.8,0.0,5.63,45.0,44.99,0.0,0.0,0.0,120.0,46.46,0.0,0.88,0.0,0.0,0.0,7.79,0.0,93.78,68.38,100.0,46.2
2018-01-12 00:46:00,2,1,61.9,85.0,55.0,34.85,46.45,61.9,0.8,0.0,5.63,45.0,44.99,0.0,0.0,0.0,120.0,46.45,0.0,0.88,0.0,0.0,0.0,7.8,0.0,93.69,68.23,100.0,46.21
2018-01-12 00:47:00,2,1,61.89,85.0,55.0,34.85,46.44,61.89,0.8,0.0,5.63,45.0,44.99,0.0,0.0,0.0,120.0,46.44,0.0,0.88,0.0,0.0,0.0,7.82,0.0,93.6,68.07,100.0,46.21
2018-01-12 00:48:00,2,1,61.88,85.0,55.0,34.86,46.43,61.88,0.8,0.0,5.63,45.0,44.99,0.0,0.0,0.0,120.0,46.43,0.0,0.88,0.0,0.0,0.0,7.83,0.0,93.51,67.92,100.0,46.22
2018-01-12 00:49:00,2,1,61.88,85.0,55.0,34.86,46.41,61.88,0.8,0.0,5.63,45.0,44.99,0.0,0.0,0.0,120.0,46.41,0.0,0.88,0.0,0.0,0.0,7.85,0.0,93.42,67.76,100.0,46.22
2018-01-12 00:50:00,2,1,61.87,85.0,55.0,34.86,46.4,61.87,0.8,0.0,5.63,45.0,44.99,0.0,0.0,0.0,120.0,46.4,0.0,0.88,0.0,0.0,0.0,7.86,0.0,93.32,67.61,100.0,46.23
2018-01-12 00:51:00,2,1,61.86,85.0,55.0,34.87,46.39,61.86,0.8,0.0,5.63,45.0,44.99,0.0,0.0,0.0,120.0,46.39,0.0,0.88,0.0,0.0,0.0,7.88,0.0,93.22,67.45,100.0,46.23
2018-01-12 00:52:00,2,1,61.85,85.0,55.0,34.87,46.38,61.85,0.8,0.0,5.63,45.0,44.99,0.0,0.0,0.0,120.0,46.38,0.0,0.88,0.0,0.0,0.0,7.89,0.0,93.13,67.3,100.0,46.24
2018-01-12 00:53:00,2,1,61.84,85.0,55.0,34.88,46.36,61.84,0.8,0.0,5.63,45.0,44.99,0.0,0.0,0.0,120.0,46.36,0.0,0.88,0.0,0.0,0.0,7.91,0.0,93.02,67.14,100.0,46.24
2018-01-12 00:54:00,2,1,61.83,85.0,55.0,34.88,46.35,61.83,0.8,0.0,5.63,45.0,44.99,0.0,0.0,0.0,120.0,46.35,0.0,0.88,0.0,0.0,0.0,7.93,0.0,92.92,66.98,100.0,46.24
2018-01-12 00:55:00,2,1,61.82,85.0,55.0,34.89,46.34,61.82,0.8,0.0,5.63,45.0,44.99,0.0,0.0,0.0,120.0,46.34,0.0,0.88,0.0,0.0,0.0,7.95,0.0,92.82,66.83,100.0,46.24
2018-01-12 00:56:00,2,1,61.82,85.0,55.0,34.89,46.33,61.82,0.8,0.0,5.63,45.0,44.99,0.0,0.0,0.0,120.0,46.33,0.0,0.88,0.0,0.0,0.0,7.97,0.0,92.71,66.68,100.0,46.25
2018-01-12 00:57:00,2,1,61.81,85.0,55.0,34.9,46.32,61.81,0.8,0.0,5.63,45.0,44.99,0.0,0.0,0.0,120.0,46.32,0.0,0.88,0.0,0.0,0.0,7.99,0.0,92.61,66.52,100.0,46.25
2018-01-12 00:58:00,2,1,61.8,85.0,55.0,34.9,46.31,61.8,0.8,0.0,5.63,45.0,44.99,0.0,0.0,0.0,120.0,46.31,0.0,0.88,0.0,0.0,0.0,8.01,0.0,92.5,66.37,100.0,46.25
2018-01-12 00:59:00,2,1,61.79,85.0,55.0,34.91,46.29,61.79,0.8,0.0,5.63,45.0,44.99,0.0,0.0,0.0,120.0,46.29,0.0,0.88,0.0,0.0,0.0,8.03,0.0,92.39,66.22,100.0,46.25
2018-01-12 01:00:00,2,1,61.78,85.0,55.0,34.92,46.28,61.78,0.8,0.0,5.63,45.0,44.99,0.0,0.0,0.0,120.0,46.28,0.0,0.88,0.0,0.0,0.0,8.05,0.0,92.28,66.07,100.0,46.25
2018-01-12 01:01:00,2,1,61.78,85.0,55.0,34.93,46.27,61.78,0.8,0.0,5.63,45.0,44.99,0.0,0.0,0.0,120.0,46.27,0.0,0.88,0.0,0.0,0.0,8.08,0.0,92.18,65.95,100.0,46.25
2018-01-12 01:02:00,2,1,61.77,85.0,55.0,34.94,46.26,61.77,0.8,0.0,5.63,45.0,44.99,0.0,0.0,0.0,120.0,46.26,0.0,0.88,0.0,0.0,0.0,8.11,0.0,92.07,65.86,100.0,46.25
2018-01-12 01:03:00,2,1,61.76,85.0,55.0,34.95,46.25,61.76,0.8,0.0,5.63,45.0,44.99,0.0,0.0,0.0,120.0,46.25,0.0,0.88,0.0,0.0,0.0,8.14,0.0,91.97,65.77,100.0,46.25
2018-01-12 01:04:00,2,1,61.75,85.0,55.0,34.96,46.24,61.75,0.8,0.0,5.63,45.0,44.99,0.0,0.0,0.0,120.0,46.24,0.0,0.88,0.0,0.0,0.0,8.17,0.0,91.87,65.68,100.0,46.25
2018-01-12 01:05:00,2,1,61.75,85.0,55.0,34.97,46.23,61.75,0.8,0.0,5.63,45.0,44.99,0.0,0.0,0.0,120.0,46.23,0.0,0.88,0.0,0.0,0.0,8.2,0.0,91.76,65.59,100.0,46.25
2018-01-12 01:06:00,2,1,61.74,85.0,55.0,34.99,46.22,61.74,0.8,0.0,5.63,45.0,44.99,0.0,0.0,0.0,120.0,46.22,0.0,0.88,0.0,0.0,0.0,8.24,0.0,91.66,65.51,100.0,46.25
2018-01-12 01:07:00,2,1,61.73,85.0,55.0,35.0,46.21,61.73,0.8,0.0,5.63,45.0,44.99,0.0,0.0,0.0,120.0,46.21,0.0,0.88,0.0,0.0,0.0,8.27,0.0,91.56,65.42,100.0,46.25
2018-01-12 01:08:00,2,1,61.72,85.0,55.0,35.01,46.2,61.72,0.8,0.0,5.63,45.0,44.99,0.0,0.0,0.0,120.0,46.2,0.0,0.88,0.0,0.0,0.0,8.3,0.0,91.45,65.34,100.0,46.25
2018-01-12 01:09:00,2,1,61.72,85.0,55.0,35.03,46.19,61.72,0.8,0.0,5.63,45.0,44.99,0.0,0.0,0.0,120.0,46.19,0.0,0.88,0.0,0.0,0.0,8.34,0.0,91.34,65.26,100.0,46.25
2018-01-12 01:10:00,2,1,61.71,85.0,55.0,35.04,46.18,61.71,0.8,0.0,5.63,45.0,44.99,0.0,0.0,0.0,120.0,46.18,0.0,0.88,0.0,0.0,0.0,8.37,0.0,91.24,65.18,100.0,46.25
2018-01-12 01:11:00,2,1,61.7,85.0,55.0,35.06,46.17,61.7,0.8,0.0,5.63,45.0,44.99,0.0,0.0,0.0,120.0,46.17,0.0,0.88,0.0,0.0,0.0,8.41,0.0,91.13,65.1,100.0,46.25
2018-01-12 01:12:00,2,1,61.7,85.0,55.0,35.07,46.16,61.7,0.8,0.0,5.63,45.0,44.99,0.0,0.0,0.0,120.0,46.16,0.0,0.88,0.0,0.0,0.0,8.44,0.0,91.03,65.02,100.0,46.24
2018-01-12 01:13:00,2,1,61.69,85.0,55.0,35.08,46.15,61.69,0.8,0.0,5.63,45.0,44.99,0.0,0.0,0.0,120.0,46.15,0.0,0.88,0.0,0.0,0.0,8.48,0.0,90.92,64.94,100.0,46.24
2018-01-12 01:14:00,2,1,61.68,85.0,55.0,35.1,46.14,61.68,0.8,0.0,5.63,45.0,44.99,0.0,0.0,0.0,120.0,46.14,0.0,0.88,0.0,0.0,0.0,8.51,0.0,90.82,64.87,100.0,46.24
2018-01-12 01:15:00,2,1,61.67,85.0,55.0,35.11,46.13,61.67,0.8,0.0,5.63,45.0,44.99,0.0,0.0,0.0,120.0,46.13,0.0,0.88,0.0,0.0,0.0,8.55,0.0,90.71,64.79,100.0,46.24
2018-01-12 01:16:00,2,1,61.67,85.0,55.0,35.13,46.12,61.67,0.8,0.0,5.63,45.0,44.99,0.0,0.0,0.0,120.0,46.12,0.0,0.88,0.0,0.0,0.0,8.59,0.0,90.6,64.72,100.0,46.24
2018-01-12 01:17:00,2,1,61.66,85.0,55.0,35.14,46.11,61.66,0.8,0.0,5.63,45.0,44.99,0.0,0.0,0.0,120.0,46.11,0.0,0.88,0.0,0.0,0.0,8.62,0.0,90.5,64.65,100.0,46.23
2018-01-12 01:18:00,2,1,61.65,85.0,55.0,35.16,46.1,61.65,0.8,0.0,5.63,45.0,44.99,0.0,0.0,0.0,120.0,46.1,0.0,0.88,0.0,0.0,0.0,8.66,0.0,90.39,64.58,100.0,46.23
2018-01-12 01:19:00,2,1,61.65,85.0,55.0,35.17,46.09,61.65,0.8,0.0,5.63,45.0,44.99,0.0,0.0,0.0,120.0,46.09,0.0,0.88,0.0,0.0,0.0,8.7,0.0,90.29,64.51,100.0,46.23
2018-01-12 01:20:00,2,1,61.64,85.0,55.0,35.19,46.08,61.64,0.8,0.0,5.63,45.0,44.99,0.0,0.0,0.0,120.0,46.08,0.0,0.88,0.0,0.0,0.0,8.73,0.0,90.18,64.44,100.0,46.22
2018-01-12 01:21:00,2,1,61.63,85.0,55.0,35.2,46.07,61.63,0.8,0.0,5.63,45.0,44.99,0.0,0.0,0.0,120.0,46.07,0.0,0.88,0.0,0.0,0.0,8.77,0.0,90.08,64.37,100.0,46.22
2018-01-12 01:22:00,2,1,61.63,85.0,55.0,35.22,46.06,61.63,0.8,0.0,5.63,45.0,44.99,0.0,0.0,0.0,120.0,46.06,0.0,0.88,0.0,0.0,0.0,8.81,0.0,89.98,64.31,100.0,46.22
2018-01-12 01:23:00,2,1,61.62,85.0,55.0,35.23,46.05,61.62,0.8,0.0,5.63,45.0,44.99,0.0,0.0,0.0,120.0,46.05,0.0,0.88,0.0,0.0,0.0,8.84,0.0,89.87,64.24,100.0,46.22
2018-01-12 01:24:00,2,1,61.62,85.0,55.0,35.25,46.04,61.62,0.8,0.0,5.63,45.0,44.99,0.0,0.0,0.0,120.0,46.04,0.0,0.88,0.0,0.0,0.0,8.88,0.0,89.77,64.18,100.0,46.21
2018-01-12 01:25:00,2,1,61.61,85.0,55.0,35.26,46.03,61.61,0.8,0.0,5.63,45.0,44.99,0.0,0.0,0.0,120.0,46.03,0.0,0.88,0.0,0.0,0.0,8.92,0.0,89.67,64.12,100.0,46.21
2018-01-12 01:26:00,2,1,61.6,85.0,55.0,35.28,46.02,61.6,0.8,0.0,5.63,45.0,44.99,0.0,0.0,0.0,120.0,46.02,0.0,0.88,0.0,0.0,0.0,8.95,0.0,89.57,64.06,100.0,46.21
2018-01-12 01:27:00,2,1,61.6,85.0,55.0,35.29,46.01,61.6,0.8,0.0,5.63,45.0,44.99,0.0,0.0,0.0,120.0,46.01,0.0,0.88,0.0,0.0,0.0,8.99,0.0,89.47,64.0,100.0,46.2
2018-01-12 01:28:00,2,1,61.59,85.0,55.0,35.31,46.0,61.59,0.8,0.0,5.63,45.0,44.99,0.0,0.0,0.0,120.0,46.0,0.0,0.88,0.0,0.0,0.0,9.03,0.0,89.37,63.95,100.0,46.2
2018-01-12 01:29:00,2,1,61.58,85.0,55.0,35.32,46.0,61.58,0.8,0.0,5.63,45.0,44.99,0.0,0.0,0.0,120.0,46.0,0.0,0.88,0.0,0.0,0.0,9.06,0.0,89.27,63.89,100.0,46.2
2018-01-12 01:30:00,2,1,61.58,85.0,55.0,35.34,45.99,61.58,0.8,0.0,5.63,45.0,44.99,0.0,0.0,0.0,120.0,45.99,0.0,0.88,0.0,0.0,0.0,9.1,0.0,89.17,63.84,100.0,46.19
2018-01-12 01:31:00,2,1,61.57,85.0,55.0,35.35,45.98,61.57,0.8,0.0,5.63,45.0,44.99,0.0,0.0,0.0,120.0,45.98,0.0,0.88,0.0,0.0,0.0,9.14,0.0,89.08,63.79,100.0,46.19
2018-01-12 01:32:00,2,1,61.56,85.0,55.0,35.37,45.97,61.56,0.8,0.0,5.63,45.0,44.99,0.0,0.0,0.0,120.0,45.97,0.0,0.88,0.0,0.0,0.0,9.17,0.0,88.98,63.74,100.0,46.19
2018-01-12 01:33:00,2,1,61.56,85.0,55.0,35.38,45.96,61.56,0.8,0.0,5.63,45.0,44.99,0.0,0.0,0.0,120.0,45.96,0.0,0.88,0.0,0.0,0.0,9.21,0.0,88.89,63.69,100.0,46.18
2018-01-12 01:34:00,2,1,61.55,85.0,55.0,35.4,45.95,61.55,0.8,0.0,5.63,45.0,44.99,0.0,0.0,0.0,120.0,45.95,0.0,0.88,0.0,0.0,0.0,9.25,0.0,88.8,63.64,100.0,46.18
2018-01-12 01:35:00,2,1,61.55,85.0,55.0,35.41,45.94,61.55,0.8,0.0,5.63,45.0,44.99,0.0,0.0,0.0,120.0,45.94,0.0,0.88,0.0,0.0,0.0,9.28,0.0,88.7,63.6,100.0,46.18
2018-01-12 01:36:00,2,1,61.54,85.0,55.0,35.43,45.94,61.54,0.8,0.0,5.63,45.0,44.99,0.0,0.0,0.0,120.0,45.94,0.0,0.88,0.0,0.0,0.0,9.32,0.0,88.61,63.55,100.0,46.17
2018-01-12 01:37:00,2,1,61.53,85.0,55.0,35.44,45.93,61.53,0.8,0.0,5.63,45.0,44.99,0.0,0.0,0.0,120.0,45.93,0.0,0.88,0.0,0.0,0.0,9.35,0.0,88.52,63.51,100.0,46.17
2018-01-12 01:38:00,2,1,61.53,85.0,55.0,35.46,45.92,61.53,0.8,0.0,5.63,45.0,44.99,0.0,0.0,0.0,120.0,45.92,0.0,0.88,0.0,0.0,0.0,9.39,0.0,88.44,63.47,100.0,46.17
2018-01-12 01:39:00,2,1,61.52,85.0,55.0,35.47,45.91,61.52,0.8,0.0,5.63,45.0,44.99,0.0,0.0,0.0,120.0,45.91,0.0,0.88,0.0,0.0,0.0,9.42,0.0,88.35,63.43,100.0,46.16
2018-01-12 01:40:00,2,1,61.51,85.0,55.0,35.49,45.9,61.51,0.8,0.0,5.63,45.0,44.99,0.0,0.0,0.0,120.0,45.9,0.0,0.88,0.0,0.0,0.0,9.46,0.0,88.26,63.39,100.0,46.16
2018-01-12 01:41:00,2,1,61.51,85.0,55.0,35.5,45.9,61.51,0.8,0.0,5.63,45.0,44.99,0.0,0.0,0.0,120.0,45.9,0.0,0.88,0.0,0.0,0.0,9.49,0.0,88.18,63.36,100.0,46.16
2018-01-12 01:42:00,2,1,61.5,85.0,55.0,35.51,45.89,61.5,0.8,0.0,5.63,45.0,44.99,0.0,0.0,0.0,120.0,45.89,0.0,0.88,0.0,0.0,0.0,9.52,0.0,88.1,63.32,100.0,46.15
2018-01-12 01:43:00,2,1,61.5,85.0,55.0,35.53,45.88,61.5,0.8,0.0,5.63,45.0,44.99,0.0,0.0,0.0,120.0,45.88,0.0,0.88,0.0,0.0,0.0,9.56,0.0,88.02,63.29,100.0,46.15
2018-01-12 01:44:00,2,1,61.49,85.0,55.0,35.54,45.87,61.49,0.8,0.0,5.63,45.0,44.99,0.0,0.0,0.0,120.0,45.87,0.0,0.88,0.0,0.0,0.0,9.59,0.0,87.94,63.26,100.0,46.15
2018-01-12 01:45:00,2,1,61.48,85.0,55.0,35.55,45.86,61.48,0.8,0.0,5.63,45.0,44.99,0.0,0.0,0.0,120.0,45.86,0.0,0.88,0.0,0.0,0.0,9.62,0.0,87.86,63.23,100.0,46.14
2018-01-12 01:46:00,2,1,61.48,85.0,55.0,35.57,45.86,61.48,0.8,0.0,5.63,45.0,44.99,0.0,0.0,0.0,120.0,45.86,0.0,0.88,0.0,0.0,0.0,9.65,0.0,87.79,63.2,100.0,46.14
2018-01-12 01:47:00,2,1,61.47,85.0,55.0,35.58,45.85,61.47,0.8,0.0,5.63,45.0,44.99,0.0,0.0,0.0,120.0,45.85,0.0,0.88,0.0,0.0,0.0,9.68,0.0,87.71,63.18,100.0,46.14
2018-01-12 01:48:00,2,1,61.47,85.0,55.0,35.59,45.84,61.47,0.8,0.0,5.63,45.0,44.99,0.0,0.0,0.0,120.0,45.84,0.0,0.88,0.0,0.0,0.0,9.71,0.0,87.64,63.15,100.0,46.13
2018-01-12 01:49:00,2,1,61.46,85.0,55.0,35.6,45.83,61.46,0.8,0.0,5.63,45.0,44.99,0.0,0.0,0.0,120.0,45.83,0.0,0.88,0.0,0.0,0.0,9.74,0.0,87.57,63.13,100.0,46.13
2018-01-12 01:50:00,2,1,61.45,85.0,55.0,35.61,45.83,61.45,0.8,0.0,5.63,45.0,44.99,0.0,0.0,0.0,120.0,45.83,0.0,0.88,0.0,0.0,0.0,9.77,0.0,87.5,63.11,100.0,46.13
2018-01-12 01:51:00,2,1,61.45,85.0,55.0,35.62,45.82,61.45,0.8,0.0,5.63,45.0,44.99,0.0,0.0,0.0,120.0,45.82,0.0,0.88,0.0,0.0,0.0,9.8,0.0,87.44,63.09,100.0,46.12
2018-01-12 01:52:00,2,1,61.44,85.0,55.0,35.64,45.81,61.44,0.8,0.0,5.63,45.0,44.99,0.0,0.0,0.0,120.0,45.81,0.0,0.88,0.0,0.0,0.0,9.83,0.0,87.37,63.08,100.0,46.12
2018-01-12 01:53:00,2,1,61.44,85.0,55.0,35.65,45.81,61.44,0.8,0.0,5.63,45.0,44.99,0.0,0.0,0.0,120.0,45.81,0.0,0.88,0.0,0.0,0.0,9.86,0.0,87.31,63.06,100.0,46.12
2018-01-12 01:54:00,2,1,61.43,85.0,55.0,35.66,45.8,61.43,0.8,0.0,5.63,45.0,44.99,0.0,0.0,0.0,120.0,45.8,0.0,0.88,0.0,0.0,0.0,9.88,0.0,87.25,63.05,100.0,46.11
2018-01-12 01:55:00,2,1,61.42,85.0,55.0,35.67,45.79,61.42,0.8,0.0,5.63,45.0,44.99,0.0,0.0,0.0,120.0,45.79,0.0,0.88,0.0,0.0,0.0,9.91,0.0,87.19,63.04,100.0,46.11
2018-01-12 01:56:00,2,1,61.42,85.0,55.0,35.68,45.79,61.42,0.8,0.0,5.63,45.0,44.99,0.0,0.0,0.0,120.0,45.79,0.0,0.88,0.0,0.0,0.0,9.94,0.0,87.14,63.03,100.0,46.11
2018-01-12 01:57:00,2,1,61.41,85.0,55.0,35.69,45.78,61.41,0.8,0.0,5.63,45.0,44.99,0.0,0.0,0.0,120.0,45.78,0.0,0.88,0.0,0.0,0.0,9.96,0.0,87.08,63.02,100.0,46.11
2018-01-12 01:58:00,2,1,61.4,85.0,55.0,35.69,45.77,61.4,0.8,0.0,5.63,45.0,44.99,0.0,0.0,0.0,120.0,45.77,0.0,0.88,0.0,0.0,0.0,9.98,0.0,87.03,63.01,100.0,46.1
2018-01-12 01:59:00,2,1,61.4,85.0,55.0,35.7,45.76,61.4,0.8,0.0,5.63,45.0,44.99,0.0,0.0,0.0,120.0,45.76,0.0,0.88,0.0,0.0,0.0,10.01,0.0,86.98,63.01,100.0,46.1
2018-01-12 02:00:00,2,1,61.39,85.0,55.0,35.71,45.76,61.39,0.8,0.0,5.63,45.0,44.99,0.0,0.0,0.0,120.0,45.76,0.0,0.88,0.0,0.0,0.0,10.03,0.0,86.94,63.01,100.0,46.1
2018-01-12 02:01:00,2,1,61.39,85.0,55.0,35.71,45.75,61.39,0.8,0.0,5.63,45.0,44.99,0.0,0.0,0.0,120.0,45.75,0.0,0.88,0.0,0.0,0.0,10.04,0.0,86.92,63.03,100.0,46.1
2018-01-12 02:02:00,2,1,61.38,85.0,55.0,35.71,45.74,61.38,0.8,0.0,5.63,45.0,44.99,0.0,0.0,0.0,120.0,45.74,0.0,0.88,0.0,0.0,0.0,10.04,0.0,86.92,63.06,100.0,46.09
2018-01-12 02:03:00,2,1,61.37,85.0,55.0,35.71,45.74,61.37,0.8,0.0,5.63,45.0,44.99,0.0,0.0,0.0,120.0,45.74,0.0,0.88,0.0,0.0,0.0,10.05,0.0,86.92,63.09,100.0,46.09
2018-01-12 02:04:00,2,1,61.37,85.0,55.0,35.71,45.73,61.37,0.8,0.0,5.63,45.0,44.99,0.0,0.0,0.0,120.0,45.73,0.0,0.88,0.0,0.0,0.0,10.05,0.0,86.93,63.13,100.0,46.09
2018-01-12 02:05:00,2,1,61.36,85.0,55.0,35.7,45.73,61.36,0.8,0.0,5.63,45.0,44.99,0.0,0.0,0.0,120.0,45.73,0.0,0.88,0.0,0.0,0.0,10.05,0.0,86.94,63.17,100.0,46.09
2018-01-12 02:06:00,2,1,61.35,85.0,55.0,35.7,45.72,61.35,0.8,0.0,5.63,45.0,44.99,0.0,0.0,0.0,120.0,45.72,0.0,0.88,0.0,0.0,0.0,10.05,0.0,86.95,63.21,100.0,46.09
2018-01-12 02:07:00,2,1,61.35,85.0,55.0,35.7,45.71,61.35,0.8,0.0,5.63,45.0,44.99,0.0,0.0,0.0,120.0,45.71,0.0,0.88,0.0,0.0,0.0,10.05,0.0,86.97,63.25,100.0,46.09
2018-01-12 02:08:00,2,1,61.34,85.0,55.0,35.69,45.71,61.34,0.8,0.0,5.63,45.0,44.99,0.0,0.0,0.0,120.0,45.71,0.0,0.88,0.0,0.0,0.0,10.05,0.0,86.98,63.29,100.0,46.09
2018-01-12 02:09:00,2,1,61.33,85.0,55.0,35.69,45.7,61.33,0.8,0.0,5.63,45.0,44.99,0.0,0.0,0.0,120.0,45.7,0.0,0.88,0.0,0.0,0.0,10.04,0.0,87.0,63.34,100.0,46.09
2018-01-12 02:10:00,2,1,61.32,85.0,55.0,35.68,45.69,61.32,0.8,0.0,5.63,45.0,44.99,0.0,0.0,0.0,120.0,45.69,0.0,0.88,0.0,0.0,0.0,10.04,0.0,87.03,63.38,100.0,46.08
2018-01-12 02:11:00,2,1,61.32,85.0,55.0,35.68,45.69,61.32,0.8,0.0,5.63,45.0,44.99,0.0,0.0,0.0,120.0,45.69,0.0,0.88,0.0,0.0,0.0,10.04,0.0,87.05,63.43,100.0,46.08
2018-01-12 02:12:00,2,1,61.31,85.0,55.0,35.67,45.68,61.31,0.8,0.0,5.63,45.0,44.99,0.0,0.0,0.0,120.0,45.68,0.0,0.88,0.0,0.0,0.0,10.03,0.0,87.07,63.48,100.0,46.08
2018-01-12 02:13:00,2,1,61.3,85.0,55.0,35.66,45.68,61.3,0.8,0.0,5.63,45.0,44.99,0.0,0.0,0.0,120.0,45.68,0.0,0.88,0.0,0.0,0.0,10.03,0.0,87.1,63.53,100.0,46.08
2018-01-12 02:14:00,2,1,61.29,85.0,55.0,35.66,45.67,61.29,0.8,0.0,5.63,45.0,44.99,0.0,0.0,0.0,120.0,45.67,0.0,0.88,0.0,0.0,0.0,10.02,0.0,87.13,63.59,100.0,46.08
2018-01-12 02:15:00,2,1,61.29,85.0,55.0,35.65,45.66,61.29,0.8,0.0,5.63,45.0,44.99,0.0,0.0,0.0,120.0,45.66,0.0,0.88,0.0,0.0,0.0,10.01,0.0,87.16,63.64,100.0,46.08
2018-01-12 02:16:00,2,1,61.28,85.0,55.0,35.64,45.66,61.28,0.8,0.0,5.63,45.0,44.99,0.0,0.0,0.0,120.0,45.66,0.0,0.88,0.0,0.0,0.0,10.0,0.0,87.2,63.69,100.0,46.08
2018-01-12 02:17:00,2,1,61.27,85.0,55.0,35.63,45.65,61.27,0.8,0.0,5.63,45.0,44.99,0.0,0.0,0.0,120.0,45.65,0.0,0.88,0.0,0.0,0.0,9.99,0.0,87.24,63.75,100.0,46.08
2018-01-12 02:18:00,2,1,61.26,85.0,55.0,35.62,45.65,61.26,0.8,0.0,5.63,45.0,44.99,0.0,0.0,0.0,120.0,45.65,0.0,0.88,0.0,0.0,0.0,9.98,0.0,87.27,63.81,100.0,46.08
2018-01-12 02:19:00,2,1,61.26,85.0,55.0,35.61,45.64,61.26,0.8,0.0,5.63,45.0,44.99,0.0,0.0,0.0,120.0,45.64,0.0,0.88,0.0,0.0,0.0,9.97,0.0,87.31,63.87,100.0,46.09
2018-01-12 02:20:00,2,1,61.25,85.0,55.0,35.61,45.64,61.25,0.8,0.0,5.63,45.0,44.99,0.0,0.0,0.0,120.0,45.64,0.0,0.88,0.0,0.0,0.0,9.96,0.0,87.36,63.93,100.0,46.09
2018-01-12 02:21:00,2,1,61.24,85.0,55.0,35.6,45.63,61.24,0.8,0.0,5.63,45.0,44.99,0.0,0.0,0.0,120.0,45.63,0.0,0.88,0.0,0.0,0.0,9.95,0.0,87.4,63.99,100.0,46.09
2018-01-12 02:22:00,2,1,61.23,85.0,55.0,35.59,45.62,61.23,0.8,0.0,5.63,45.0,44.99,0.0,0.0,0.0,120.0,45.62,0.0,0.88,0.0,0.0,0.0,9.94,0.0,87.45,64.06,100.0,46.09
2018-01-12 02:23:00,2,1,61.22,85.0,55.0,35.57,45.62,61.22,0.8,0.0,5.63,45.0,44.99,0.0,0.0,0.0,120.0,45.62,0.0,0.88,0.0,0.0,0.0,9.93,0.0,87.5,64.12,100.0,46.09
2018-01-12 02:24:00,2,1,61.22,85.0,55.0,35.56,45.61,61.22,0.8,0.0,5.63,45.0,44.99,0.0,0.0,0.0,120.0,45.61,0.0,0.88,0.0,0.0,0.0,9.91,0.0,87.55,64.19,100.0,46.09
2018-01-12 02:25:00,2,1,61.21,85.0,55.0,35.55,45.61,61.21,0.8,0.0,5.63,45.0,44.99,0.0,0.0,0.0,120.0,45.61,0.0,0.88,0.0,0.0,0.0,9.9,0.0,87.6,64.25,100.0,46.09
2018-01-12 02:26:00,2,1,61.2,85.0,55.0,35.54,45.6,61.2,0.8,0.0,5.63,45.0,44.99,0.0,0.0,0.0,120.0,45.6,0.0,0.88,0.0,0.0,0.0,9.88,0.0,87.65,64.32,100.0,46.09
2018-01-12 02:27:00,2,1,61.19,85.0,55.0,35.53,45.6,61.19,0.8,0.0,5.63,45.0,44.99,0.0,0.0,0.0,120.0,45.6,0.0,0.88,0.0,0.0,0.0,9.86,0.0,87.71,64.39,100.0,46.09
2018-01-12 02:28:00,2,1,61.18,85.0,55.0,35.52,45.59,61.18,0.8,0.0,5.63,45.0,44.99,0.0,0.0,0.0,120.0,45.59,0.0,0.88,0.0,0.0,0.0,9.85,0.0,87.76,64.46,100.0,46.09
2018-01-12 02:29:00,2,1,61.18,85.0,55.0,35.5,45.59,61.18,0.8,0.0,5.63,45.0,44.99,0.0,0.0,0.0,120.0,45.59,0.0,0.88,0.0,0.0,0.0,9.83,0.0,87.82,64.53,100.0,46.1
2018-01-12 02:30:00,2,1,61.17,85.0,55.0,35.49,45.58,61.17,0.8,0.0,5.63,45.0,44.99,0.0,0.0,0.0,120.0,45.58,0.0,0.88,0.0,0.0,0.0,9.81,0.0,87.89,64.6,100.0,46.1
2018-01-12 02:31:00,2,1,61.16,85.0,55.0,35.48,45.58,61.16,0.8,0.0,5.63,45.0,44.99,0.0,0.0,0.0,120.0,45.58,0.0,0.88,0.0,0.0,0.0,9.79,0.0,87.95,64.67,100.0,46.1
2018-01-12 02:32:00,2,1,61.15,85.0,55.0,35.46,45.57,61.15,0.8,0.0,5.63,45.0,44.99,0.0,0.0,0.0,120.0,45.57,0.0,0.88,0.0,0.0,0.0,9.77,0.0,88.01,64.74,100.0,46.1
2018-01-12 02:33:00,2,1,61.14,85.0,55.0,35.45,45.57,61.14,0.8,0.0,5.63,45.0,44.99,0.0,0.0,0.0,120.0,45.57,0.0,0.88,0.0,0.0,0.0,9.75,0.0,88.08,64.82,100.0,46.1
2018-01-12 02:34:00,2,1,61.13,85.0,55.0,35.43,45.56,61.13,0.8,0.0,5.63,45.0,44.99,0.0,0.0,0.0,120.0,45.56,0.0,0.88,0.0,0.0,0.0,9.73,0.0,88.15,64.89,100.0,46.11
2018-01-12 02:35:00,2,1,61.12,85.0,55.0,35.42,45.56,61.12,0.8,0.0,5.63,45.0,44.99,0.0,0.0,0.0,120.0,45.56,0.0,0.88,0.0,0.0,0.0,9.71,0.0,88.22,64.97,100.0,46.11
2018-01-12 02:36:00,2,1,61.12,85.0,55.0,35.4,45.55,61.12,0.8,0.0,5.63,45.0,44.99,0.0,0.0,0.0,120.0,45.55,0.0,0.88,0.0,0.0,0.0,9.69,0.0,88.29,65.04,100.0,46.11
2018-01-12 02:37:00,2,1,61.11,85.0,55.0,35.39,45.55,61.11,0.8,0.0,5.63,45.0,44.99,0.0,0.0,0.0,120.0,45.55,0.0,0.88,0.0,0.0,0.0,9.67,0.0,88.36,65.12,100.0,46.11
2018-01-12 02:38:00,2,1,61.1,85.0,55.0,35.37,45.54,61.1,0.8,0.0,5.63,45.0,44.99,0.0,0.0,0.0,120.0,45.54,0.0,0.88,0.0,0.0,0.0,9.64,0.0,88.43,65.2,100.0,46.11
2018-01-12 02:39:00,2,1,61.09,85.0,55.0,35.35,45.54,61.09,0.8,0.0,5.63,45.0,44.99,0.0,0.0,0.0,120.0,45.54,0.0,0.88,0.0,0.0,0.0,9.62,0.0,88.51,65.27,100.0,46.12
2018-01-12 02:40:00,2,1,61.08,85.0,55.0,35.34,45.53,61.08,0.8,0.0,5.63,45.0,44.99,0.0,0.0,0.0,120.0,45.53,0.0,0.88,0.0,0.0,0.0,9.59,0.0,88.59,65.35,100.0,46.12
2018-01-12 02:41:00,2,1,61.07,85.0,55.0,35.32,45.53,61.07,0.8,0.0,5.63,45.0,44.99,0.0,0.0,0.0,120.0,45.53,0.0,0.88,0.0,0.0,0.0,9.57,0.0,88.67,65.43,100.0,46.12
2018-01-12 02:42:00,2,1,61.06,85.0,55.0,35.3,45.52,61.06,0.8,0.0,5.63,45.0,44.99,0.0,0.0,0.0,120.0,45.52,0.0,0.88,0.0,0.0,0.0,9.54,0.0,88.75,65.51,100.0,46.12
2018-01-12 02:43:00,2,1,61.06,85.0,55.0,35.29,45.52,61.06,0.8,0.0,5.63,45.0,44.99,0.0,0.0,0.0,120.0,45.52,0.0,0.88,0.0,0.0,0.0,9.52,0.0,88.83,65.59,100.0,46.13
2018-01-12 02:44:00,2,1,61.05,85.0,55.0,35.27,45.51,61.05,0.8,0.0,5.63,45.0,44.99,0.0,0.0,0.0,120.0,45.51,0.0,0.88,0.0,0.0,0.0,9.49,0.0,88.91,65.67,100.0,46.13
2018-01-12 02:45:00,2,1,61.04,85.0,55.0,35.25,45.51,61.04,0.8,0.0,5.63,45.0,44.99,0.0,0.0,0.0,120.0,45.51,0.0,0.88,0.0,0.0,0.0,9.46,0.0,89.0,65.75,100.0,46.13
2018-01-12 02:46:00,2,1,61.03,85.0,55.0,35.23,45.51,61.03,0.8,0.0,5.63,45.0,44.99,0.0,0.0,0.0,120.0,45.51,0.0,0.88,0.0,0.0,0.0,9.43,0.0,89.09,65.83,100.0,46.14
2018-01-12 02:47:00,2,1,61.02,85.0,55.0,35.21,45.5,61.02,0.8,0.0,5.63,45.0,44.99,0.0,0.0,0.0,120.0,45.5,0.0,0.88,0.0,0.0,0.0,9.4,0.0,89.17,65.91,100.0,46.14
2018-01-12 02:48:00,2,1,61.01,85.0,55.0,35.19,45.5,61.01,0.8,0.0,5.63,45.0,44.99,0.0,0.0,0.0,120.0,45.5,0.0,0.88,0.0,0.0,0.0,9.37,0.0,89.26,65.99,100.0,46.14
2018-01-12 02:49:00,2,1,61.0,85.0,55.0,35.17,45.49,61.0,0.8,0.0,5.63,45.0,44.99,0.0,0.0,0.0,120.0,45.49,0.0,0.88,0.0,0.0,0.0,9.34,0.0,89.35,66.07,100.0,46.15
2018-01-12 02:50:00,2,1,60.99,85.0,55.0,35.15,45.49,60.99,0.8,0.0,5.63,45.0,44.99,0.0,0.0,0.0,120.0,45.49,0.0,0.88,0.0,0.0,0.0,9.31,0.0,89.45,66.15,100.0,46.15
2018-01-12 02:51:00,2,1,60.98,85.0,55.0,35.13,45.48,60.98,0.8,0.0,5.63,45.0,44.99,0.0,0.0,0.0,120.0,45.48,0.0,0.88,0.0,0.0,0.0,9.28,0.0,89.54,66.23,100.0,46.15
2018-01-12 02:52:00,2,1,60.97,85.0,55.0,35.11,45.48,60.97,0.8,0.0,5.63,45.0,44.99,0.0,0.0,0.0,120.0,45.48,0.0,0.88,0.0,0.0,0.0,9.25,0.0,89.63,66.32,100.0,46.16
2018-01-12 02:53:00,2,1,60.96,85.0,55.0,35.09,45.48,60.96,0.8,0.0,5.63,45.0,44.99,0.0,0.0,0.0,120.0,45.48,0.0,0.88,0.0,0.0,0.0,9.22,0.0,89.73,66.4,100.0,46.16
2018-01-12 02:54:00,2,1,60.96,85.0,55.0,35.07,45.47,60.96,0.8,0.0,5.63,45.0,44.99,0.0,0.0,0.0,120.0,45.47,0.0,0.88,0.0,0.0,0.0,9.18,0.0,89.83,66.48,100.0,46.17
2018-01-12 02:55:00,2,1,60.95,85.0,55.0,35.05,45.47,60.95,0.8,0.0,5.63,45.0,44.99,0.0,0.0,0.0,120.0,45.47,0.0,0.88,0.0,0.0,0.0,9.15,0.0,89.92,66.56,100.0,46.17
2018-01-12 02:56:00,2,1,60.94,85.0,55.0,35.03,45.46,60.94,0.8,0.0,5.63,45.0,44.99,0.0,0.0,0.0,120.0,45.46,0.0,0.88,0.0,0.0,0.0,9.12,0.0,90.02,66.64,100.0,46.17
2018-01-12 02:57:00,2,1,60.93,85.0,55.0,35.01,45.46,60.93,0.8,0.0,5.63,45.0,44.99,0.0,0.0,0.0,120.0,45.46,0.0,0.88,0.0,0.0,0.0,9.08,0.0,90.13,66.72,100.0,46.18
2018-01-12 02:58:00,2,1,60.92,85.0,55.0,34.98,45.45,60.92,0.8,0.0,5.63,45.0,44.99,0.0,0.0,0.0,120.0,45.45,0.0,0.88,0.0,0.0,0.0,9.05,0.0,90.23,66.8,100.0,46.18
2018-01-12 02:59:00,2,1,60.91,85.0,55.0,34.96,45.45,60.91,0.8,0.0,5.63,45.0,44.99,0.0,0.0,0.0,120.0,45.45,0.0,0.88,0.0,0.0,0.0,9.01,0.0,90.33,66.88,100.0,46.19
2018-01-12 03:00:00,2,1,60.9,85.0,55.0,34.94,45.45,60.9,0.8,0.0,5.63,45.0,44.99,0.0,0.0,0.0,120.0,45.45,0.0,0.88,0.0,0.0,0.0,8.98,0.0,90.44,66.96,100.0,46.19
2018-01-12 03:01:00,2,1,60.89,85.0,55.0,34.91,45.44,60.89,0.8,0.0,5.63,45.0,44.99,0.0,0.0,0.0,120.0,45.44,0.0,0.88,0.0,0.0,0.0,8.93,0.0,90.55,67.04,100.0,46.19
2018-01-12 03:02:00,2,1,60.88,85.0,55.0,34.88,45.44,60.88,0.8,0.0,5.63,45.0,44.99,0.0,0.0,0.0,120.0,45.44,0.0,0.88,0.0,0.0,0.0,8.89,0.0,90.66,67.1,100.0,46.2
2018-01-12 03:03:00,2,1,60.87,85.0,55.0,34.86,45.44,60.87,0.8,0.0,5.63,45.0,44.99,0.0,0.0,0.0,120.0,45.44,0.0,0.88,0.0,0.0,0.0,8.84,0.0,90.78,67.16,100.0,46.2
2018-01-12 03:04:00,2,1,60.86,85.0,55.0,34.83,45.43,60.86,0.8,0.0,5.63,45.0,44.99,0.0,0.0,0.0,120.0,45.43,0.0,0.88,0.0,0.0,0.0,8.79,0.0,90.9,67.23,100.0,46.21
2018-01-12 03:05:00,2,1,60.85,85.0,55.0,34.8,45.43,60.85,0.8,0.0,5.63,45.0,44.99,0.0,0.0,0.0,120.0,45.43,0.0,0.88,0.0,0.0,0.0,8.75,0.0,91.02,67.29,100.0,46.21
2018-01-12 03:06:00,2,1,60.84,85.0,55.0,34.77,45.42,60.84,0.8,0.0,5.63,45.0,44.99,0.0,0.0,0.0,120.0,45.42,0.0,0.88,0.0,0.0,0.0,8.7,0.0,91.15,67.35,100.0,46.22
2018-01-12 03:07:00,2,1,60.83,85.0,55.0,34.74,45.42,60.83,0.8,0.0,5.63,45.0,44.99,0.0,0.0,0.0,120.0,45.42,0.0,0.88,0.0,0.0,0.0,8.65,0.0,91.27,67.41,100.0,46.22
2018-01-12 03:08:00,2,1,60.82,85.0,55.0,34.71,45.42,60.82,0.8,0.0,5.63,45.0,44.99,0.0,0.0,0.0,120.0,45.42,0.0,0.88,0.0,0.0,0.0,8.6,0.0,91.39,67.47,100.0,46.23
2018-01-12 03:09:00,2,1,60.81,85.0,55.0,34.68,45.41,60.81,0.8,0.0,5.63,45.0,44.99,0.0,0.0,0.0,120.0,45.41,0.0,0.88,0.0,0.0,0.0,8.55,0.0,91.52,67.53,100.0,46.24
2018-01-12 03:10:00,2,1,60.8,85.0,55.0,34.65,45.41,60.8,0.8,0.0,5.63,45.0,44.99,0.0,0.0,0.0,120.0,45.41,0.0,0.88,0.0,0.0,0.0,8.5,0.0,91.64,67.6,100.0,46.24
2018-01-12 03:11:00,2,1,60.79,85.0,55.0,34.62,45.41,60.79,0.8,0.0,5.63,45.0,44.99,0.0,0.0,0.0,120.0,45.41,0.0,0.88,0.0,0.0,0.0,8.45,0.0,91.77,67.66,100.0,46.25
2018-01-12 03:12:00,2,1,60.78,85.0,55.0,34.59,45.4,60.78,0.8,0.0,5.63,45.0,44.99,0.0,0.0,0.0,120.0,45.4,0.0,0.88,0.0,0.0,0.0,8.4,0.0,91.9,67.72,100.0,46.25
2018-01-12 03:13:00,2,1,60.77,85.0,55.0,34.56,45.4,60.77,0.8,0.0,5.63,45.0,44.99,0.0,0.0,0.0,120.0,45.4,0.0,0.88,0.0,0.0,0.0,8.35,0.0,92.03,67.78,100.0,46.26
2018-01-12 03:14:00,2,1,60.76,85.0,55.0,34.53,45.39,60.76,0.8,0.0,5.63,45.0,44.99,0.0,0.0,0.0,120.0,45.39,0.0,0.88,0.0,0.0,0.0,8.3,0.0,92.16,67.83,100.0,46.27
2018-01-12 03:15:00,2,1,60.75,85.0,55.0,34.5,45.39,60.75,0.8,0.0,5.63,45.0,44.99,0.0,0.0,0.0,120.0,45.39,0.0,0.88,0.0,0.0,0.0,8.25,0.0,92.29,67.89,100.0,46.27
2018-01-12 03:16:00,2,1,60.74,85.0,55.0,34.47,45.39,60.74,0.8,0.0,5.63,45.0,44.99,0.0,0.0,0.0,120.0,45.39,0.0,0.88,0.0,0.0,0.0,8.2,0.0,92.42,67.95,100.0,46.28
2018-01-12 03:17:00,2,1,60.73,85.0,55.0,34.44,45.38,60.73,0.8,0.0,5.63,45.0,44.99,0.0,0.0,0.0,120.0,45.38,0.0,0.88,0.0,0.0,0.0,8.15,0.0,92.55,68.01,100.0,46.29
2018-01-12 03:18:00,2,1,60.72,85.0,55.0,34.41,45.38,60.72,0.8,0.0,5.63,45.0,44.99,0.0,0.0,0.0,120.0,45.38,0.0,0.88,0.0,0.0,0.0,8.1,0.0,92.68,68.07,100.0,46.29
2018-01-12 03:19:00,2,1,60.71,85.0,55.0,34.38,45.38,60.71,0.8,0.0,5.63,45.0,44.99,0.0,0.0,0.0,120.0,45.38,0.0,0.88,0.0,0.0,0.0,8.04,0.0,92.81,68.12,100.0,46.3
2018-01-12 03:20:00,2,1,60.7,85.0,55.0,34.34,45.37,60.7,0.8,0.0,5.63,45.0,44.99,0.0,0.0,0.0,120.0,45.37,0.0,0.88,0.0,0.0,0.0,7.99,0.0,92.94,68.18,100.0,46.31
2018-01-12 03:21:00,2,1,60.68,85.0,55.0,34.31,45.37,60.68,0.8,0.0,5.63,45.0,44.99,0.0,0.0,0.0,120.0,45.37,0.0,0.88,0.0,0.0,0.0,7.94,0.0,93.08,68.24,100.0,46.31
2018-01-12 03:22:00,2,1,60.67,85.0,55.0,34.28,45.37,60.67,0.8,0.0,5.63,45.0,44.99,0.0,0.0,0.0,120.0,45.37,0.0,0.88,0.0,0.0,0.0,7.89,0.0,93.21,68.29,100.0,46.32
2018-01-12 03:23:00,2,1,60.66,85.0,55.0,34.25,45.36,60.66,0.8,0.0,5.63,45.0,44.99,0.0,0.0,0.0,120.0,45.36,0.0,0.88,0.0,0.0,0.0,7.84,0.0,93.34,68.35,100.0,46.33
2018-01-12 03:24:00,2,1,60.65,85.0,55.0,34.22,45.36,60.65,0.8,0.0,5.63,45.0,44.99,0.0,0.0,0.0,120.0,45.36,0.0,0.88,0.0,0.0,0.0,7.79,0.0,93.48,68.4,100.0,46.33
2018-01-12 03:25:00,2,1,60.64,85.0,55.0,34.19,45.36,60.64,0.8,0.0,5.63,45.0,44.99,0.0,0.0,0.0,120.0,45.36,0.0,0.88,0.0,0.0,0.0,7.73,0.0,93.61,68.46,100.0,46.34
2018-01-12 03:26:00,2,1,60.63,85.0,55.0,34.16,45.36,60.63,0.8,0.0,5.63,45.0,44.99,0.0,0.0,0.0,120.0,45.36,0.0,0.88,0.0,0.0,0.0,7.68,0.0,93.74,68.51,100.0,46.35
2018-01-12 03:27:00,2,1,60.62,85.0,55.0,34.13,45.35,60.62,0.8,0.0,5.63,45.0,44.99,0.0,0.0,0.0,120.0,45.35,0.0,0.88,0.0,0.0,0.0,7.63,0.0,93.88,68.56,100.0,46.36
2018-01-12 03:28:00,2,1,60.61,85.0,55.0,34.09,45.35,60.61,0.8,0.0,5.63,45.0,44.99,0.0,0.0,0.0,120.0,45.35,0.0,0.88,0.0,0.0,0.0,7.58,0.0,94.01,68.62,100.0,46.36
2018-01-12 03:29:00,2,1,60.6,85.0,55.0,34.06,45.35,60.6,0.8,0.0,5.63,45.0,44.99,0.0,0.0,0.0,120.0,45.35,0.0,0.88,0.0,0.0,0.0,7.53,0.0,94.15,68.67,100.0,46.37
2018-01-12 03:30:00,2,1,60.59,85.0,55.0,34.03,45.34,60.59,0.8,0.0,5.63,45.0,44.99,0.0,0.0,0.0,120.0,45.34,0.0,0.88,0.0,0.0,0.0,7.48,0.0,94.28,68.72,100.0,46.38
2018-01-12 03:31:00,2,1,60.58,85.0,55.0,34.0,45.34,60.58,0.8,0.0,5.63,45.0,44.99,0.0,0.0,0.0,120.0,45.34,0.0,0.88,0.0,0.0,0.0,7.42,0.0,94.41,68.77,100.0,46.39
2018-01-12 03:32:00,2,1,60.57,85.0,55.0,33.97,45.34,60.57,0.8,0.0,5.63,45.0,44.99,0.0,0.0,0.0,120.0,45.34,0.0,0.88,0.0,0.0,0.0,7.37,0.0,94.55,68.82,100.0,46.39
2018-01-12 03:33:00,2,1,60.56,85.0,55.0,33.94,45.33,60.56,0.8,0.0,5.63,45.0,44.99,0.0,0.0,0.0,120.0,45.33,0.0,0.88,0.0,0.0,0.0,7.32,0.0,94.68,68.87,100.0,46.4
2018-01-12 03:34:00,2,1,60.54,85.0,55.0,33.91,45.33,60.54,0.8,0.0,5.63,45.0,44.99,0.0,0.0,0.0,120.0,45.33,0.0,0.88,0.0,0.0,0.0,7.27,0.0,94.81,68.92,100.0,46.41
2018-01-12 03:35:00,2,1,60.53,85.0,55.0,33.88,45.33,60.53,0.8,0.0,5.63,45.0,44.99,0.0,0.0,0.0,120.0,45.33,0.0,0.88,0.0,0.0,0.0,7.22,0.0,94.95,68.97,100.0,46.42
2018-01-12 03:36:00,2,1,60.52,85.0,55.0,33.85,45.33,60.52,0.8,0.0,5.63,45.0,44.99,0.0,0.0,0.0,120.0,45.33,0.0,0.88,0.0,0.0,0.0,7.17,0.0,95.08,69.02,100.0,46.42
2018-01-12 03:37:00,2,1,60.51,85.0,55.0,33.82,45.32,60.51,0.8,0.0,5.63,45.0,44.99,0.0,0.0,0.0,120.0,45.32,0.0,0.88,0.0,0.0,0.0,7.12,0.0,95.21,69.07,100.0,46.43
2018-01-12 03:38:00,2,1,60.5,85.0,55.0,33.79,45.32,60.5,0.8,0.0,5.63,45.0,44.99,0.0,0.0,0.0,120.0,45.32,0.0,0.88,0.0,0.0,0.0,7.07,0.0,95.34,69.11,100.0,46.44
2018-01-12 03:39:00,2,1,60.49,85.0,55.0,33.76,45.32,60.49,0.8,0.0,5.63,45.0,44.99,0.0,0.0,0.0,120.0,45.32,0.0,0.88,0.0,0.0,0.0,7.02,0.0,95.47,69.16,100.0,46.45
2018-01-12 03:40:00,2,1,60.48,85.0,55.0,33.73,45.31,60.48,0.8,0.0,5.63,45.0,44.99,0.0,0.0,0.0,120.0,45.31,0.0,0.88,0.0,0.0,0.0,6.97,0.0,95.6,69.21,100.0,46.45
2018-01-12 03:41:00,2,1,60.47,85.0,55.0,33.7,45.31,60.47,0.8,0.0,5.63,45.0,44.99,0.0,0.0,0.0,120.0,45.31,0.0,0.88,0.0,0.0,0.0,6.92,0.0,95.73,69.25,100.0,46.46
2018-01-12 03:42:00,2,1,60.46,85.0,55.0,33.67,45.31,60.46,0.8,0.0,5.63,45.0,44.99,0.0,0.0,0.0,120.0,45.31,0.0,0.88,0.0,0.0,0.0,6.88,0.0,95.86,69.3,100.0,46.47
2018-01-12 03:43:00,2,1,60.45,85.0,55.0,33.64,45.31,60.45,0.8,0.0,5.63,45.0,44.99,0.0,0.0,0.0,120.0,45.31,0.0,0.88,0.0,0.0,0.0,6.83,0.0,95.99,69.34,100.0,46.48
2018-01-12 03:44:00,2,1,60.44,85.0,55.0,33.61,45.3,60.44,0.8,0.0,5.63,45.0,44.99,0.0,0.0,0.0,120.0,45.3,0.0,0.88,0.0,0.0,0.0,6.78,0.0,96.12,69.38,100.0,46.49
2018-01-12 03:45:00,2,1,60.42,85.0,55.0,33.58,45.3,60.42,0.8,0.0,5.63,45.0,44.99,0.0,0.0,0.0,120.0,45.3,0.0,0.88,0.0,0.0,0.0,6.73,0.0,96.24,69.43,100.0,46.49
2018-01-12 03:46:00,2,1,60.41,85.0,55.0,33.55,45.3,60.41,0.8,0.0,5.63,45.0,44.99,0.0,0.0,0.0,120.0,45.3,0.0,0.88,0.0,0.0,0.0,6.69,0.0,96.37,69.47,100.0,46.5
2018-01-12 03:47:00,2,1,60.4,85.0,55.0,33.52,45.29,60.4,0.8,0.0,5.63,45.0,44.99,0.0,0.0,0.0,120.0,45.29,0.0,0.88,0.0,0.0,0.0,6.64,0.0,96.49,69.51,100.0,46.51
2018-01-12 03:48:00,2,1,60.39,85.0,55.0,33.49,45.29,60.39,0.8,0.0,5.63,45.0,44.99,0.0,0.0,0.0,120.0,45.29,0.0,0.88,0.0,0.0,0.0,6.6,0.0,96.61,69.55,100.0,46.52
2018-01-12 03:49:00,2,1,60.38,85.0,55.0,33.47,45.29,60.38,0.8,0.0,5.63,45.0,44.99,0.0,0.0,0.0,120.0,45.29,0.0,0.88,0.0,0.0,0.0,6.55,0.0,96.74,69.59,100.0,46.52
2018-01-12 03:50:00,2,1,60.37,85.0,55.0,33.44,45.29,60.37,0.8,0.0,5.63,45.0,44.99,0.0,0.0,0.0,120.0,45.29,0.0,0.88,0.0,0.0,0.0,6.51,0.0,96.86,69.63,100.0,46.53
2018-01-12 03:51:00,2,1,60.36,85.0,55.0,33.41,45.28,60.36,0.8,0.0,5.63,45.0,44.99,0.0,0.0,0.0,120.0,45.28,0.0,0.88,0.0,0.0,0.0,6.46,0.0,96.98,69.67,100.0,46.54
2018-01-12 03:52:00,2,1,60.35,85.0,55.0,33.38,45.28,60.35,0.8,0.0,5.63,45.0,44.99,0.0,0.0,0.0,120.0,45.28,0.0,0.88,0.0,0.0,0.0,6.42,0.0,97.09,69.7,100.0,46.55
2018-01-12 03:53:00,2,1,60.34,85.0,55.0,33.36,45.28,60.34,0.8,0.0,5.63,45.0,44.99,0.0,0.0,0.0,120.0,45.28,0.0,0.88,0.0,0.0,0.0,6.38,0.0,97.21,69.74,100.0,46.56
2018-01-12 03:54:00,2,1,60.33,85.0,55.0,33.33,45.28,60.33,0.8,0.0,5.63,45.0,44.99,0.0,0.0,0.0,120.0,45.28,0.0,0.88,0.0,0.0,0.0,6.33,0.0,97.33,69.78,100.0,46.56
2018-01-12 03:55:00,2,1,60.32,85.0,55.0,33.3,45.27,60.32,0.8,0.0,5.63,45.0,44.99,0.0,0.0,0.0,120.0,45.27,0.0,0.88,0.0,0.0,0.0,6.29,0.0,97.44,69.81,100.0,46.57
2018-01-12 03:56:00,2,1,60.31,85.0,55.0,33.28,45.27,60.31,0.8,0.0,5.63,45.0,44.99,0.0,0.0,0.0,120.0,45.27,0.0,0.88,0.0,0.0,0.0,6.25,0.0,97.55,69.85,100.0,46.58
2018-01-12 03:57:00,2,1,60.29,85.0,55.0,33.25,45.27,60.29,0.8,0.0,5.63,45.0,44.99,0.0,0.0,0.0,120.0,45.27,0.0,0.88,0.0,0.0,0.0,6.21,0.0,97.66,69.88,100.0,46.59
2018-01-12 03:58:00,2,1,60.28,85.0,55.0,33.23,45.27,60.28,0.8,0.0,5.63,45.0,44.99,0.0,0.0,0.0,120.0,45.27,0.0,0.88,0.0,0.0,0.0,6.17,0.0,97.77,69.91,100.0,46.59
2018-01-12 03:59:00,2,1,60.27,85.0,55.0,33.2,45.27,60.27,0.8,0.0,5.63,45.0,44.99,0.0,0.0,0.0,120.0,45.27,0.0,0.88,0.0,0.0,0.0,6.13,0.0,97.88,69.94,100.0,46.6
2018-01-12 04:00:00,2,1,60.26,85.0,55.0,33.18,45.26,60.26,0.8,0.0,5.63,45.0,44.99,0.0,0.0,0.0,120.0,45.26,0.0,0.88,0.0,0.0,0.0,6.1,0.0,97.98,69.97,100.0,46.61
2018-01-12 04:01:00,2,1,60.25,85.0,55.0,33.16,45.26,60.25,0.8,0.0,5.63,45.0,44.99,0.0,0.0,0.0,120.0,45.26,0.0,0.88,0.0,0.0,0.0,6.07,0.0,98.05,69.99,100.0,46.62
2018-01-12 04:02:00,2,1,60.24,85.0,55.0,33.15,45.26,60.24,0.8,0.0,5.63,45.0,44.99,0.0,0.0,0.0,120.0,45.26,0.0,0.88,0.0,0.0,0.0,6.06,0.0,98.1,70.0,100.0,46.62
2018-01-12 04:03:00,2,1,60.23,85.0,55.0,33.14,45.26,60.23,0.8,0.0,5.63,45.0,44.99,0.0,0.0,0.0,120.0,45.26,0.0,0.88,0.0,0.0,0.0,6.04,0.0,98.14,70.01,100.0,46.63
2018-01-12 04:04:00,2,1,60.22,85.0,55.0,33.12,45.25,60.22,0.8,0.0,5.63,45.0,44.99,0.0,0.0,0.0,120.0,45.25,0.0,0.88,0.0,0.0,0.0,6.03,0.0,98.18,70.01,100.0,46.64
2018-01-12 04:05:00,2,1,60.21,85.0,55.0,33.11,45.25,60.21,0.8,0.0,5.63,45.0,44.99,0.0,0.0,0.0,120.0,45.25,0.0,0.88,0.0,0.0,0.0,6.02,0.0,98.21,70.02,100.0,46.65
2018-01-12 04:06:00,2,1,60.2,85.0,55.0,33.1,45.25,60.2,0.8,0.0,5.63,45.0,44.99,0.0,0.0,0.0,120.0,45.25,0.0,0.88,0.0,0.0,0.0,6.0,0.0,98.25,70.02,100.0,46.65
2018-01-12 04:07:00,2,1,60.19,85.0,55.0,33.09,45.25,60.19,0.8,0.0,5.63,45.0,44.99,0.0,0.0,0.0,120.0,45.25,0.0,0.88,0.0,0.0,0.0,5.99,0.0,98.28,70.03,100.0,46.66
2018-01-12 04:08:00,2,1,60.18,85.0,55.0,33.08,45.24,60.18,0.8,0.0,5.63,45.0,44.99,0.0,0.0,0.0,120.0,45.24,0.0,0.88,0.0,0.0,0.0,5.98,0.0,98.31,70.03,100.0,46.66
2018-01-12 04:09:00,2,1,60.17,85.0,55.0,33.07,45.24,60.17,0.8,0.0,5.63,45.0,44.99,0.0,0.0,0.0,120.0,45.24,0.0,0.88,0.0,0.0,0.0,5.97,0.0,98.34,70.03,100.0,46.67
2018-01-12 04:10:00,2,1,60.16,85.0,55.0,33.06,45.24,60.16,0.8,0.0,5.63,45.0,44.99,0.0,0.0,0.0,120.0,45.24,0.0,0.88,0.0,0.0,0.0,5.96,0.0,98.37,70.03,100.0,46.68
2018-01-12 04:11:00,2,1,60.15,85.0,55.0,33.05,45.24,60.15,0.8,0.0,5.63,45.0,44.99,0.0,0.0,0.0,120.0,45.24,0.0,0.88,0.0,0.0,0.0,5.95,0.0,98.39,70.03,100.0,46.68
2018-01-12 04:12:00,2,1,60.14,85.0,55.0,33.04,45.24,60.14,0.8,0.0,5.63,45.0,44.99,0.0,0.0,0.0,120.0,45.24,0.0,0.88,0.0,0.0,0.0,5.95,0.0,98.42,70.04,100.0,46.69
2018-01-12 04:13:00,2,1,60.13,85.0,55.0,33.04,45.23,60.13,0.8,0.0,5.63,45.0,44.99,0.0,0.0,0.0,120.0,45.23,0.0,0.88,0.0,0.0,0.0,5.94,0.0,98.44,70.04,100.0,46.7
2018-01-12 04:14:00,2,1,60.12,85.0,55.0,33.03,45.23,60.12,0.8,0.0,5.63,45.0,44.99,0.0,0.0,0.0,120.0,45.23,0.0,0.88,0.0,0.0,0.0,5.93,0.0,98.46,70.04,100.0,46.7
2018-01-12 04:15:00,2,1,60.11,85.0,55.0,33.02,45.23,60.11,0.8,0.0,5.63,45.0,44.99,0.0,0.0,0.0,120.0,45.23,0.0,0.88,0.0,0.0,0.0,5.93,0.0,98.48,70.04,100.0,46.71
2018-01-12 04:16:00,2,1,60.1,85.0,55.0,33.01,45.23,60.1,0.8,0.0,5.63,45.0,44.99,0.0,0.0,0.0,120.0,45.23,0.0,0.88,0.0,0.0,0.0,5.92,0.0,98.49,70.03,100.0,46.71
2018-01-12 04:17:00,2,1,60.09,85.0,55.0,33.0,45.23,60.09,0.8,0.0,5.63,45.0,44.99,0.0,0.0,0.0,120.0,45.23,0.0,0.88,0.0,0.0,0.0,5.91,0.0,98.51,70.03,100.0,46.72
2018-01-12 04:18:00,2,1,60.09,85.0,55.0,33.0,45.22,60.09,0.8,0.0,5.63,45.0,44.99,0.0,0.0,0.0,120.0,45.22,0.0,0.88,0.0,0.0,0.0,5.91,0.0,98.52,70.03,100.0,46.72
2018-01-12 04:19:00,2,1,60.08,85.0,55.0,32.99,45.22,60.08,0.8,0.0,5.63,45.0,44.99,0.0,0.0,0.0,120.0,45.22,0.0,0.88,0.0,0.0,0.0,5.91,0.0,98.53,70.03,100.0,46.73
2018-01-12 04:20:00,2,1,60.07,85.0,55.0,32.99,45.22,60.07,0.8,0.0,5.63,45.0,44.99,0.0,0.0,0.0,120.0,45.22,0.0,0.88,0.0,0.0,0.0,5.9,0.0,98.54,70.03,100.0,46.73
2018-01-12 04:21:00,2,1,60.06,85.0,55.0,32.98,45.22,60.06,0.8,0.0,5.63,45.0,44.99,0.0,0.0,0.0,120.0,45.22,0.0,0.88,0.0,0.0,0.0,5.9,0.0,98.55,70.02,100.0,46.74
2018-01-12 04:22:00,2,1,60.05,85.0,55.0,32.97,45.22,60.05,0.8,0.0,5.63,45.0,44.99,0.0,0.0,0.0,120.0,45.22,0.0,0.88,0.0,0.0,0.0,5.9,0.0,98.56,70.02,100.0,46.74
2018-01-12 04:23:00,2,1,60.04,85.0,55.0,32.97,45.21,60.04,0.8,0.0,5.63,45.0,44.99,0.0,0.0,0.0,120.0,45.21,0.0,0.88,0.0,0.0,0.0,5.9,0.0,98.56,70.02,100.0,46.75
2018-01-12 04:24:00,2,1,60.03,85.0,55.0,32.96,45.21,60.03,0.8,0.0,5.63,45.0,44.99,0.0,0.0,0.0,120.0,45.21,0.0,0.88,0.0,0.0,0.0,5.9,0.0,98.57,70.01,100.0,46.75
2018-01-12 04:25:00,2,1,60.02,85.0,55.0,32.96,45.21,60.02,0.8,0.0,5.63,45.0,44.99,0.0,0.0,0.0,120.0,45.21,0.0,0.88,0.0,0.0,0.0,5.9,0.0,98.57,70.01,100.0,46.76
2018-01-12 04:26:00,2,1,60.01,85.0,55.0,32.95,45.21,60.01,0.8,0.0,5.63,45.0,44.99,0.0,0.0,0.0,120.0,45.21,0.0,0.88,0.0,0.0,0.0,5.9,0.0,98.57,70.01,100.0,46.76
2018-01-12 04:27:00,2,1,60.0,85.0,55.0,32.95,45.21,60.0,0.8,0.0,5.63,45.0,44.99,0.0,0.0,0.0,120.0,45.21,0.0,0.88,0.0,0.0,0.0,5.9,0.0,98.57,70.0,100.0,46.77
2018-01-12 04:28:00,2,1,60.0,85.0,55.0,32.95,45.2,60.0,0.8,0.0,5.63,45.0,44.99,0.0,0.0,0.0,120.0,45.2,0.0,0.88,0.0,0.0,0.0,5.9,0.0,98.57,70.0,100.0,46.77
2018-01-12 04:29:00,2,1,59.99,85.0,55.0,32.94,45.2,59.99,0.8,0.0,5.63,45.0,44.99,0.0,0.0,0.0,120.0,45.2,0.0,0.88,0.0,0.0,0.0,5.9,0.0,98.57,69.99,100.0,46.78
2018-01-12 04:30:00,2,1,59.98,85.0,55.0,32.94,45.2,59.98,0.8,0.0,5.63,45.0,44.99,0.0,0.0,0.0,120.0,45.2,0.0,0.88,0.0,0.0,0.0,5.9,0.0,98.57,69.99,100.0,46.78
2018-01-12 04:31:00,2,1,59.97,85.0,55.0,32.94,45.2,59.97,0.8,0.0,5.63,45.0,44.99,0.0,0.0,0.0,120.0,45.2,0.0,0.88,0.0,0.0,0.0,5.9,0.0,98.56,69.99,100.0,46.78
2018-01-12 04:32:00,2,1,59.96,85.0,55.0,32.93,45.2,59.96,0.8,0.0,5.63,45.0,44.99,0.0,0.0,0.0,120.0,45.2,0.0,0.88,0.0,0.0,0.0,5.9,0.0,98.56,69.98,100.0,46.79
2018-01-12 04:33:00,2,1,59.95,85.0,55.0,32.93,45.2,59.95,0.8,0.0,5.63,45.0,44.99,0.0,0.0,0.0,120.0,45.2,0.0,0.88,0.0,0.0,0.0,5.91,0.0,98.55,69.98,100.0,46.79
2018-01-12 04:34:00,2,1,59.94,85.0,55.0,32.93,45.19,59.94,0.8,0.0,5.63,45.0,44.99,0.0,0.0,0.0,120.0,45.19,0.0,0.88,0.0,0.0,0.0,5.91,0.0,98.55,69.97,100.0,46.8
2018-01-12 04:35:00,2,1,59.94,85.0,55.0,32.92,45.19,59.94,0.8,0.0,5.63,45.0,44.99,0.0,0.0,0.0,120.0,45.19,0.0,0.88,0.0,0.0,0.0,5.91,0.0,98.54,69.97,100.0,46.8
2018-01-12 04:36:00,2,1,59.93,85.0,55.0,32.92,45.19,59.93,0.8,0.0,5.63,45.0,44.99,0.0,0.0,0.0,120.0,45.19,0.0,0.88,0.0,0.0,0.0,5.92,0.0,98.53,69.97,100.0,46.8
2018-01-12 04:37:00,2,1,59.92,85.0,55.0,32.92,45.19,59.92,0.8,0.0,5.63,45.0,44.99,0.0,0.0,0.0,120.0,45.19,0.0,0.88,0.0,0.0,0.0,5.92,0.0,98.52,69.96,100.0,46.81
2018-01-12 04:38:00,2,1,59.91,85.0,55.0,32.92,45.19,59.91,0.8,0.0,5.63,45.0,44.99,0.0,0.0,0.0,120.0,45.19,0.0,0.88,0.0,0.0,0.0,5.93,0.0,98.51,69.96,100.0,46.81
2018-01-12 04:39:00,2,1,59.9,85.0,55.0,32.92,45.19,59.9,0.8,0.0,5.63,45.0,44.99,0.0,0.0,0.0,120.0,45.19,0.0,0.88,0.0,0.0,0.0,5.93,0.0,98.5,69.95,100.0,46.82
2018-01-12 04:40:00,2,1,59.89,85.0,55.0,32.91,45.18,59.89,0.8,0.0,5.63,45.0,44.99,0.0,0.0,0.0,120.0,45.18,0.0,0.88,0.0,0.0,0.0,5.94,0.0,98.49,69.95,100.0,46.82
2018-01-12 04:41:00,2,1,59.89,85.0,55.0,32.91,45.18,59.89,0.8,0.0,5.63,45.0,44.99,0.0,0.0,0.0,120.0,45.18,0.0,0.88,0.0,0.0,0.0,5.94,0.0,98.48,69.95,100.0,46.82
2018-01-12 04:42:00,2,1,59.88,85.0,55.0,32.91,45.18,59.88,0.8,0.0,5.63,45.0,44.99,0.0,0.0,0.0,120.0,45.18,0.0,0.88,0.0,0.0,0.0,5.95,0.0,98.47,69.95,100.0,46.83
2018-01-12 04:43:00,2,1,59.87,85.0,55.0,32.91,45.18,59.87,0.8,0.0,5.63,45.0,44.99,0.0,0.0,0.0,120.0,45.18,0.0,0.88,0.0,0.0,0.0,5.95,0.0,98.46,69.94,100.0,46.83
2018-01-12 04:44:00,2,1,59.86,85.0,55.0,32.91,45.18,59.86,0.8,0.0,5.63,45.0,44.99,0.0,0.0,0.0,120.0,45.18,0.0,0.88,0.0,0.0,0.0,5.96,0.0,98.44,69.94,100.0,46.83
2018-01-12 04:45:00,2,1,59.85,85.0,55.0,32.91,45.18,59.85,0.8,0.0,5.63,45.0,44.99,0.0,0.0,0.0,120.0,45.18,0.0,0.88,0.0,0.0,0.0,5.96,0.0,98.43,69.94,100.0,46.83
2018-01-12 04:46:00,2,1,59.85,85.0,55.0,32.91,45.17,59.85,0.8,0.0,5.63,45.0,44.99,0.0,0.0,0.0,120.0,45.17,0.0,0.88,0.0,0.0,0.0,5.97,0.0,98.42,69.94,100.0,46.84
2018-01-12 04:47:00,2,1,59.84,85.0,55.0,32.91,45.17,59.84,0.8,0.0,5.63,45.0,44.99,0.0,0.0,0.0,120.0,45.17,0.0,0.88,0.0,0.0,0.0,5.98,0.0,98.4,69.94,100.0,46.84
2018-01-12 04:48:00,2,1,59.83,85.0,55.0,32.91,45.17,59.83,0.8,0.0,5.63,45.0,44.99,0.0,0.0,0.0,120.0,45.17,0.0,0.88,0.0,0.0,0.0,5.98,0.0,98.39,69.94,100.0,46.84
2018-01-12 04:49:00,2,1,59.82,85.0,55.0,32.91,45.17,59.82,0.8,0.0,5.63,45.0,44.99,0.0,0.0,0.0,120.0,45.17,0.0,0.88,0.0,0.0,0.0,5.99,0.0,98.37,69.94,100.0,46.85
2018-01-12 04:50:00,2,1,59.82,85.0,55.0,32.91,45.17,59.82,0.8,0.0,5.63,45.0,44.99,0.0,0.0,0.0,120.0,45.17,0.0,0.88,0.0,0.0,0.0,6.0,0.0,98.36,69.94,100.0,46.85
2018-01-12 04:51:00,2,1,59.81,85.0,55.0,32.91,45.17,59.81,0.8,0.0,5.63,45.0,44.99,0.0,0.0,0.0,120.0,45.17,0.0,0.88,0.0,0.0,0.0,6.01,0.0,98.34,69.94,100.0,46.85
2018-01-12 04:52:00,2,1,59.8,85.0,55.0,32.91,45.17,59.8,0.8,0.0,5.63,45.0,44.99,0.0,0.0,0.0,120.0,45.17,0.0,0.88,0.0,0.0,0.0,6.01,0.0,98.33,69.94,100.0,46.85
2018-01-12 04:53:00,2,1,59.79,85.0,55.0,32.91,45.16,59.79,0.8,0.0,5.63,45.0,44.99,0.0,0.0,0.0,120.0,45.16,0.0,0.88,0.0,0.0,0.0,6.02,0.0,98.31,69.95,100.0,46.86
2018-01-12 04:54:00,2,1,59.79,85.0,55.0,32.91,45.16,59.79,0.8,0.0,5.63,45.0,44.99,0.0,0.0,0.0,120.0,45.16,0.0,0.88,0.0,0.0,0.0,6.03,0.0,98.3,69.95,100.0,46.86
2018-01-12 04:55:00,2,1,59.78,85.0,55.0,32.91,45.16,59.78,0.8,0.0,5.63,45.0,44.99,0.0,0.0,0.0,120.0,45.16,0.0,0.88,0.0,0.0,0.0,6.04,0.0,98.28,69.95,100.0,46.86
2018-01-12 04:56:00,2,1,59.77,85.0,55.0,32.91,45.16,59.77,0.8,0.0,5.63,45.0,44.99,0.0,0.0,0.0,120.0,45.16,0.0,0.88,0.0,0.0,0.0,6.04,0.0,98.27,69.96,100.0,46.86
2018-01-12 04:57:00,2,1,59.76,85.0,55.0,32.91,45.16,59.76,0.8,0.0,5.63,45.0,44.99,0.0,0.0,0.0,120.0,45.16,0.0,0.88,0.0,0.0,0.0,6.05,0.0,98.25,69.96,100.0,46.86
2018-01-12 04:58:00,2,1,59.76,85.0,55.0,32.91,45.16,59.76,0.8,0.0,5.63,45.0,44.99,0.0,0.0,0.0,120.0,45.16,0.0,0.88,0.0,0.0,0.0,6.06,0.0,98.24,69.97,100.0,46.87
2018-01-12 04:59:00,2,1,59.75,85.0,55.0,32.91,45.16,59.75,0.8,0.0,5.63,45.0,44.99,0.0,0.0,0.0,120.0,45.16,0.0,0.88,0.0,0.0,0.0,6.07,0.0,98.22,69.98,100.0,46.87
2018-01-12 05:00:00,2,1,59.74,85.0,55.0,32.91,45.15,59.74,0.8,0.0,5.63,45.0,44.99,0.0,0.0,0.0,120.0,45.15,0.0,0.88,0.0,0.0,0.0,6.08,0.0,98.21,69.99,100.0,46.87
2018-01-12 05:01:00,2,1,59.74,85.0,55.0,32.91,45.15,59.74,0.8,0.0,5.63,45.0,44.99,0.0,0.0,0.0,120.0,45.15,0.0,0.88,0.0,0.0,0.0,6.08,0.0,98.22,70.01,100.0,46.87
2018-01-12 05:02:00,2,1,59.73,85.0,55.0,32.9,45.15,59.73,0.8,0.0,5.63,45.0,44.99,0.0,0.0,0.0,120.0,45.15,0.0,0.88,0.0,0.0,0.0,6.08,0.0,98.24,70.05,100.0,46.87
2018-01-12 05:03:00,2,1,59.72,85.0,55.0,32.9,45.15,59.72,0.8,0.0,5.63,45.0,44.99,0.0,0.0,0.0,120.0,45.15,0.0,0.88,0.0,0.0,0.0,6.07,0.0,98.26,70.09,100.0,46.87
2018-01-12 05:04:00,2,1,59.71,85.0,55.0,32.89,45.15,59.71,0.8,0.0,5.63,45.0,44.99,0.0,0.0,0.0,120.0,45.15,0.0,0.88,0.0,0.0,0.0,6.07,0.0,98.29,70.13,100.0,46.87
2018-01-12 05:05:00,2,1,59.71,85.0,55.0,32.89,45.15,59.71,0.8,0.0,5.63,45.0,44.99,0.0,0.0,0.0,120.0,45.15,0.0,0.88,0.0,0.0,0.0,6.07,0.0,98.31,70.17,100.0,46.87
2018-01-12 05:06:00,2,1,59.7,85.0,55.0,32.88,45.15,59.7,0.8,0.0,5.63,45.0,44.99,0.0,0.0,0.0,120.0,45.15,0.0,0.88,0.0,0.0,0.0,6.07,0.0,98.34,70.22,100.0,46.87
2018-01-12 05:07:00,2,1,59.7,85.0,55.0,32.88,45.14,59.7,0.8,0.0,5.63,45.0,44.99,0.0,0.0,0.0,120.0,45.14,0.0,0.88,0.0,0.0,0.0,6.06,0.0,98.36,70.26,100.0,46.87
2018-01-12 05:08:00,2,1,59.69,85.0,55.0,32.88,45.14,59.69,0.8,0.0,5.63,45.0,44.99,0.0,0.0,0.0,120.0,45.14,0.0,0.88,0.0,0.0,0.0,6.06,0.0,98.38,70.31,100.0,46.87
2018-01-12 05:09:00,2,1,59.68,85.0,55.0,32.87,45.14,59.68,0.8,0.0,5.63,45.0,44.99,0.0,0.0,0.0,120.0,45.14,0.0,0.88,0.0,0.0,0.0,6.06,0.0,98.41,70.35,100.0,46.87
2018-01-12 05:10:00,2,1,59.68,85.0,55.0,32.87,45.14,59.68,0.8,0.0,5.63,45.0,44.99,0.0,0.0,0.0,120.0,45.14,0.0,0.88,0.0,0.0,0.0,6.06,0.0,98.43,70.4,100.0,46.87
2018-01-12 05:11:00,2,1,59.67,85.0,55.0,32.86,45.14,59.67,0.8,0.0,5.63,45.0,44.99,0.0,0.0,0.0,120.0,45.14,0.0,0.88,0.0,0.0,0.0,6.05,0.0,98.46,70.44,100.0,46.87
2018-01-12 05:12:00,2,1,59.66,85.0,55.0,32.86,45.14,59.66,0.8,0.0,5.63,45.0,44.99,0.0,0.0,0.0,120.0,45.14,0.0,0.88,0.0,0.0,0.0,6.05,0.0,98.48,70.49,100.0,46.87
2018-01-12 05:13:00,2,1,59.66,85.0,55.0,32.85,45.14,59.66,0.8,0.0,5.63,45.0,44.99,0.0,0.0,0.0,120.0,45.14,0.0,0.88,0.0,0.0,0.0,6.05,0.0,98.5,70.54,100.0,46.87
2018-01-12 05:14:00,2,1,59.65,85.0,55.0,32.85,45.14,59.65,0.8,0.0,5.63,45.0,44.99,0.0,0.0,0.0,120.0,45.14,0.0,0.88,0.0,0.0,0.0,6.05,0.0,98.53,70.58,100.0,46.87
2018-01-12 05:15:00,2,1,59.65,85.0,55.0,32.85,45.13,59.65,0.8,0.0,5.63,45.0,44.99,0.0,0.0,0.0,120.0,45.13,0.0,0.88,0.0,0.0,0.0,6.05,0.0,98.55,70.63,100.0,46.87
2018-01-12 05:16:00,2,1,59.64,85.0,55.0,32.84,45.13,59.64,0.8,0.0,5.63,45.0,44.99,0.0,0.0,0.0,120.0,45.13,0.0,0.88,0.0,0.0,0.0,6.04,0.0,98.57,70.68,100.0,46.86
2018-01-12 05:17:00,2,1,59.63,85.0,55.0,32.84,45.13,59.63,0.8,0.0,5.63,45.0,44.99,0.0,0.0,0.0,120.0,45.13,0.0,0.88,0.0,0.0,0.0,6.04,0.0,98.6,70.73,100.0,46.86
2018-01-12 05:18:00,2,1,59.63,85.0,55.0,32.83,45.13,59.63,0.8,0.0,5.63,45.0,44.99,0.0,0.0,0.0,120.0,45.13,0.0,0.88,0.0,0.0,0.0,6.04,0.0,98.62,70.78,100.0,46.86
2018-01-12 05:19:00,2,1,59.62,85.0,55.0,32.83,45.13,59.62,0.8,0.0,5.63,45.0,44.99,0.0,0.0,0.0,120.0,45.13,0.0,0.88,0.0,0.0,0.0,6.04,0.0,98.64,70.83,100.0,46.86
2018-01-12 05:20:00,2,1,59.62,85.0,55.0,32.83,45.13,59.62,0.8,0.0,5.63,45.0,44.99,0.0,0.0,0.0,120.0,45.13,0.0,0.88,0.0,0.0,0.0,6.04,0.0,98.67,70.88,100.0,46.86
2018-01-12 05:21:00,2,1,59.61,85.0,55.0,32.82,45.13,59.61,0.8,0.0,5.63,45.0,44.99,0.0,0.0,0.0,120.0,45.13,0.0,0.88,0.0,0.0,0.0,6.03,0.0,98.69,70.93,100.0,46.85
2018-01-12 05:22:00,2,1,59.61,85.0,55.0,32.82,45.13,59.61,0.8,0.0,5.63,45.0,44.99,0.0,0.0,0.0,120.0,45.13,0.0,0.88,0.0,0.0,0.0,6.03,0.0,98.71,70.99,100.0,46.85
2018-01-12 05:23:00,2,1,59.6,85.0,55.0,32.82,45.13,59.6,0.8,0.0,5.63,45.0,44.99,0.0,0.0,0.0,120.0,45.13,0.0,0.88,0.0,0.0,0.0,6.03,0.0,98.73,71.04,100.0,46.85
2018-01-12 05:24:00,2,1,59.6,85.0,55.0,32.81,45.12,59.6,0.8,0.0,5.63,45.0,44.99,0.0,0.0,0.0,120.0,45.12,0.0,0.88,0.0,0.0,0.0,6.03,0.0,98.76,71.09,100.0,46.84
2018-01-12 05:25:00,2,1,59.59,85.0,55.0,32.81,45.12,59.59,0.8,0.0,5.63,45.0,44.99,0.0,0.0,0.0,120.0,45.12,0.0,0.88,0.0,0.0,0.0,6.03,0.0,98.78,71.14,100.0,46.84
2018-01-12 05:26:00,2,1,59.58,85.0,55.0,32.81,45.12,59.58,0.8,0.0,5.63,45.0,44.99,0.0,0.0,0.0,120.0,45.12,0.0,0.88,0.0,0.0,0.0,6.03,0.0,98.8,71.19,100.0,46.84
2018-01-12 05:27:00,2,1,59.58,85.0,55.0,32.8,45.12,59.58,0.8,0.0,5.63,45.0,44.99,0.0,0.0,0.0,120.0,45.12,0.0,0.88,0.0,0.0,0.0,6.03,0.0,98.82,71.25,100.0,46.83
2018-01-12 05:28:00,2,1,59.57,85.0,55.0,32.8,45.12,59.57,0.8,0.0,5.63,45.0,44.99,0.0,0.0,0.0,120.0,45.12,0.0,0.88,0.0,0.0,0.0,6.03,0.0,98.84,71.3,100.0,46.83
2018-01-12 05:29:00,2,1,59.57,85.0,55.0,32.8,45.12,59.57,0.8,0.0,5.63,45.0,44.99,0.0,0.0,0.0,120.0,45.12,0.0,0.88,0.0,0.0,0.0,6.02,0.0,98.86,71.35,100.0,46.83
2018-01-12 05:30:00,2,1,59.56,85.0,55.0,32.79,45.12,59.56,0.8,0.0,5.63,45.0,44.99,0.0,0.0,0.0,120.0,45.12,0.0,0.88,0.0,0.0,0.0,6.02,0.0,98.88,71.41,100.0,46.82
2018-01-12 05:31:00,2,1,59.56,85.0,55.0,32.79,45.12,59.56,0.8,0.0,5.63,45.0,44.99,0.0,0.0,0.0,120.0,45.12,0.0,0.88,0.0,0.0,0.0,6.02,0.0,98.9,71.46,100.0,46.82
2018-01-12 05:32:00,2,1,59.55,85.0,55.0,32.79,45.12,59.55,0.8,0.0,5.63,45.0,44.99,0.0,0.0,0.0,120.0,45.12,0.0,0.88,0.0,0.0,0.0,6.02,0.0,98.92,71.52,100.0,46.82
2018-01-12 05:33:00,2,1,59.55,85.0,55.0,32.79,45.11,59.55,0.8,0.0,5.63,45.0,44.99,0.0,0.0,0.0,120.0,45.11,0.0,0.88,0.0,0.0,0.0,6.02,0.0,98.94,71.57,100.0,46.81
2018-01-12 05:34:00,2,1,59.54,85.0,55.0,32.78,45.11,59.54,0.8,0.0,5.63,45.0,44.99,0.0,0.0,0.0,120.0,45.11,0.0,0.88,0.0,0.0,0.0,6.02,0.0,98.96,71.62,100.0,46.81
2018-01-12 05:35:00,2,1,59.54,85.0,55.0,32.78,45.11,59.54,0.8,0.0,5.63,45.0,44.99,0.0,0.0,0.0,120.0,45.11,0.0,0.88,0.0,0.0,0.0,6.02,0.0,98.98,71.68,100.0,46.8
2018-01-12 05:36:00,2,1,59.53,85.0,55.0,32.78,45.11,59.53,0.8,0.0,5.63,45.0,44.99,0.0,0.0,0.0,120.0,45.11,0.0,0.88,0.0,0.0,0.0,6.02,0.0,99.0,71.73,100.0,46.8
2018-01-12 05:37:00,2,1,59.53,85.0,55.0,32.78,45.11,59.53,0.8,0.0,5.63,45.0,44.99,0.0,0.0,0.0,120.0,45.11,0.0,0.88,0.0,0.0,0.0,6.02,0.0,99.02,71.79,100.0,46.8
2018-01-12 05:38:00,2,1,59.52,85.0,55.0,32.77,45.11,59.52,0.8,0.0,5.63,45.0,44.99,0.0,0.0,0.0,120.0,45.11,0.0,0.88,0.0,0.0,0.0,6.02,0.0,99.03,71.84,100.0,46.79
2018-01-12 05:39:00,2,1,59.52,85.0,55.0,32.77,45.11,59.52,0.8,0.0,5.63,45.0,44.99,0.0,0.0,0.0,120.0,45.11,0.0,0.88,0.0,0.0,0.0,6.02,0.0,99.05,71.89,100.0,46.79
2018-01-12 05:40:00,2,1,59.51,85.0,55.0,32.77,45.11,59.51,0.8,0.0,5.63,45.0,44.99,0.0,0.0,0.0,120.0,45.11,0.0,0.88,0.0,0.0,0.0,6.02,0.0,99.07,71.95,100.0,46.78
2018-01-12 05:41:00,2,1,59.51,85.0,55.0,32.77,45.11,59.51,0.8,0.0,5.63,45.0,44.99,0.0,0.0,0.0,120.0,45.11,0.0,0.88,0.0,0.0,0.0,6.02,0.0,99.09,72.0,100.0,46.78
2018-01-12 05:42:00,2,1,59.5,85.0,55.0,32.77,45.11,59.5,0.8,0.0,5.63,45.0,44.99,0.0,0.0,0.0,120.0,45.11,0.0,0.88,0.0,0.0,0.0,6.03,0.0,99.1,72.06,100.0,46.77
2018-01-12 05:43:00,2,1,59.5,85.0,55.0,32.76,45.1,59.5,0.8,0.0,5.63,45.0,44.99,0.0,0.0,0.0,120.0,45.1,0.0,0.88,0.0,0.0,0.0,6.03,0.0,99.12,72.11,100.0,46.77
2018-01-12 05:44:00,2,1,59.5,85.0,55.0,32.76,45.1,59.5,0.8,0.0,5.63,45.0,44.99,0.0,0.0,0.0,120.0,45.1,0.0,0.88,0.0,0.0,0.0,6.03,0.0,99.13,72.16,100.0,46.77
2018-01-12 05:45:00,2,1,59.49,85.0,55.0,32.76,45.1,59.49,0.8,0.0,5.63,45.0,44.99,0.0,0.0,0.0,120.0,45.1,0.0,0.88,0.0,0.0,0.0,6.03,0.0,99.15,72.22,100.0,46.76
2018-01-12 05:46:00,2,1,59.49,85.0,55.0,32.76,45.1,59.49,0.8,0.0,5.63,45.0,44.99,0.0,0.0,0.0,120.0,45.1,0.0,0.88,0.0,0.0,0.0,6.03,0.0,99.16,72.27,100.0,46.76
2018-01-12 05:47:00,2,1,59.48,85.0,55.0,32.76,45.1,59.48,0.8,0.0,5.63,45.0,44.99,0.0,0.0,0.0,120.0,45.1,0.0,0.88,0.0,0.0,0.0,6.03,0.0,99.18,72.32,100.0,46.75
2018-01-12 05:48:00,2,1,59.48,85.0,55.0,32.76,45.1,59.48,0.8,0.0,5.63,45.0,44.99,0.0,0.0,0.0,120.0,45.1,0.0,0.88,0.0,0.0,0.0,6.04,0.0,99.19,72.37,100.0,46.75
2018-01-12 05:49:00,2,1,59.47,85.0,55.0,32.76,45.1,59.47,0.8,0.0,5.63,45.0,44.99,0.0,0.0,0.0,120.0,45.1,0.0,0.88,0.0,0.0,0.0,6.04,0.0,99.2,72.43,100.0,46.75
2018-01-12 05:50:00,2,1,59.47,85.0,55.0,32.75,45.1,59.47,0.8,0.0,5.63,45.0,44.99,0.0,0.0,0.0,120.0,45.1,0.0,0.88,0.0,0.0,0.0,6.04,0.0,99.21,72.48,100.0,46.74
2018-01-12 05:51:00,2,1,59.46,85.0,55.0,32.75,45.1,59.46,0.8,0.0,5.63,45.0,44.99,0.0,0.0,0.0,120.0,45.1,0.0,0.88,0.0,0.0,0.0,6.04,0.0,99.23,72.53,100.0,46.74
2018-01-12 05:52:00,2,1,59.46,85.0,55.0,32.75,45.1,59.46,0.8,0.0,5.63,45.0,44.99,0.0,0.0,0.0,120.0,45.1,0.0,0.88,0.0,0.0,0.0,6.05,0.0,99.24,72.58,100.0,46.73
2018-01-12 05:53:00,2,1,59.45,85.0,55.0,32.75,45.1,59.45,0.8,0.0,5.63,45.0,44.99,0.0,0.0,0.0,120.0,45.1,0.0,0.88,0.0,0.0,0.0,6.05,0.0,99.25,72.63,100.0,46.73
2018-01-12 05:54:00,2,1,59.45,85.0,55.0,32.75,45.09,59.45,0.8,0.0,5.63,45.0,44.99,0.0,0.0,0.0,120.0,45.09,0.0,0.88,0.0,0.0,0.0,6.05,0.0,99.26,72.68,100.0,46.73
2018-01-12 05:55:00,2,1,59.45,85.0,55.0,32.75,45.09,59.45,0.8,0.0,5.63,45.0,44.99,0.0,0.0,0.0,120.0,45.09,0.0,0.88,0.0,0.0,0.0,6.06,0.0,99.27,72.73,100.0,46.72
2018-01-12 05:56:00,2,1,59.44,85.0,55.0,32.75,45.09,59.44,0.8,0.0,5.63,45.0,44.99,0.0,0.0,0.0,120.0,45.09,0.0,0.88,0.0,0.0,0.0,6.06,0.0,99.28,72.78,100.0,46.72
2018-01-12 05:57:00,2,1,59.44,85.0,55.0,32.75,45.09,59.44,0.8,0.0,5.63,45.0,44.99,0.0,0.0,0.0,120.0,45.09,0.0,0.88,0.0,0.0,0.0,6.06,0.0,99.29,72.83,100.0,46.72
2018-01-12 05:58:00,2,1,59.43,85.0,55.0,32.75,45.09,59.43,0.8,0.0,5.63,45.0,44.99,0.0,0.0,0.0,120.0,45.09,0.0,0.88,0.0,0.0,0.0,6.07,0.0,99.29,72.88,100.0,46.71
2018-01-12 05:59:00,2,1,59.43,85.0,55.0,32.75,45.09,59.43,0.8,0.0,5.63,45.0,44.99,0.0,0.0,0.0,120.0,45.09,0.0,0.88,0.0,0.0,0.0,6.07,0.0,99.3,72.93,100.0,46.71
2018-01-12 06:00:00,2,1,59.42,85.0,55.0,32.75,45.09,59.42,0.8,0.0,5.63,45.0,44.99,0.0,0.0,0.0,120.0,45.09,0.0,0.88,0.0,0.0,0.0,6.08,0.0,99.31,72.98,100.0,46.71
2018-01-12 06:01:00,1,1,58.73,72.0,68.0,52.48,46.24,58.73,0.8,0.0,5.63,45.0,46.21,0.11,0.11,0.0,120.0,46.11,397.93,41.96,0.3,0.3,9.75,6.09,2.27,58.45,73.02,100.0,47.83
2018-01-12 06:02:00,1,1,57.83,72.0,68.0,52.3,46.43,57.83,0.8,0.0,5.63,45.0,45.99,0.14,0.14,0.01,120.0,45.68,397.93,41.96,0.3,0.3,9.75,6.1,2.58,56.89,73.05,100.0,48.82
2018-01-12 06:03:00,1,1,57.11,72.0,68.0,51.74,47.34,57.11,0.8,0.0,5.63,45.0,45.89,0.17,0.17,0.03,120.0,44.9,397.93,41.96,0.3,0.3,9.75,6.12,2.62,57.4,73.08,100.0,49.46
2018-01-12 06:04:00,1,1,56.65,72.0,68.0,51.34,49.25,56.65,0.8,0.0,5.63,45.0,45.83,0.2,0.2,0.07,120.0,45.82,397.93,41.96,0.3,0.3,9.75,6.13,2.63,57.73,73.12,99.46,49.69
2018-01-12 06:05:00,1,1,56.47,72.0,68.0,51.18,51.84,56.47,0.8,0.0,5.63,45.0,45.8,0.22,0.22,0.11,120.0,47.95,397.93,41.96,0.3,0.3,9.75,6.15,2.63,57.53,73.15,89.98,49.46
2018-01-12 06:06:00,1,1,56.55,72.0,68.0,51.25,54.69,56.55,0.8,0.0,5.63,45.0,45.81,0.25,0.25,0.15,120.0,50.74,397.93,41.96,0.3,0.3,9.75,6.17,2.63,56.8,73.18,80.89,48.82
2018-01-12 06:07:00,1,1,56.84,72.0,68.0,51.52,57.53,56.84,0.8,0.0,5.63,45.0,45.84,0.27,0.27,0.19,120.0,53.36,397.93,41.96,0.3,0.3,9.75,6.18,2.63,55.65,73.21,73.37,47.84
2018-01-12 06:08:00,1,1,57.29,72.0,68.0,51.92,60.07,57.29,0.8,0.0,5.63,45.0,45.89,0.28,0.29,0.22,120.0,56.35,397.93,41.96,0.3,0.3,9.75,6.2,2.63,54.24,73.24,66.91,46.66
2018-01-12 06:09:00,1,1,57.84,72.0,68.0,52.41,62.21,57.84,0.8,0.0,5.63,45.0,45.95,0.3,0.3,0.26,120.0,59.29,397.93,41.96,0.3,0.3,9.75,6.22,2.63,52.71,73.27,61.77,45.38
2018-01-12 06:10:00,1,1,58.43,72.0,68.0,52.95,63.98,58.43,0.8,0.0,5.63,45.0,46.02,0.32,0.32,0.29,120.0,61.98,397.93,41.96,0.3,0.3,9.75,6.23,2.63,51.16,73.3,58.0,44.1
2018-01-12 06:11:00,1,1,59.04,72.0,68.0,53.49,65.46,59.04,0.8,0.0,5.63,45.0,46.09,0.33,0.33,0.32,120.0,64.37,397.93,41.96,0.3,0.3,9.75,6.25,2.63,49.68,73.32,55.19,42.8
2018-01-12 06:12:00,1,1,59.63,72.0,68.0,54.02,66.7,59.63,0.8,0.0,5.63,45.0,46.16,0.34,0.34,0.35,120.0,66.48,397.93,41.96,0.3,0.3,9.75,6.27,2.63,48.28,73.35,53.04,41.42
2018-01-12 06:13:00,1,1,60.2,72.0,68.0,54.53,67.74,60.2,0.8,0.0,5.63,45.0,46.23,0.35,0.35,0.38,120.0,68.39,397.93,41.96,0.3,0.3,9.75,6.28,2.63,46.98,73.38,51.33,40.12
2018-01-12 06:14:00,1,1,60.74,72.0,68.0,55.01,68.63,60.74,0.8,0.0,5.63,45.0,46.29,0.36,0.36,0.4,120.0,70.07,397.93,41.96,0.3,0.3,9.75,6.3,2.63,45.78,73.4,49.7,38.94
2018-01-12 06:15:00,1,1,61.24,72.0,68.0,55.46,69.4,61.24,0.8,0.0,5.63,45.0,46.35,0.37,0.37,0.42,120.0,71.56,397.93,41.96,0.3,0.3,9.75,6.32,2.63,44.69,73.43,48.27,37.86
2018-01-12 06:16:00,1,1,61.7,72.0,68.0,55.88,70.08,61.7,0.8,0.0,5.63,45.0,46.4,0.38,0.38,0.44,120.0,72.88,397.93,41.96,0.3,0.3,9.75,6.34,2.63,43.69,73.45,47.08,36.88
2018-01-12 06:17:00,1,1,62.13,72.0,68.0,56.26,70.68,62.13,0.8,0.0,5.63,45.0,46.45,0.39,0.39,0.46,120.0,74.06,397.93,41.96,0.3,0.3,9.75,6.35,2.63,42.77,73.48,46.07,35.99
2018-01-12 06:18:00,1,1,62.53,72.0,68.0,56.62,71.21,62.53,0.8,0.0,5.63,45.0,46.5,0.4,0.4,0.48,120.0,75.12,397.93,41.96,0.3,0.3,9.75,6.37,2.63,41.93,73.5,45.21,35.17
2018-01-12 06:19:00,1,1,62.89,72.0,68.0,56.95,71.69,62.89,0.8,0.0,5.63,45.0,46.54,0.4,0.4,0.5,120.0,76.07,397.93,41.96,0.3,0.3,9.75,6.39,2.63,41.15,73.53,44.47,34.43
2018-01-12 06:20:00,1,1,63.23,72.0,68.0,57.25,72.11,63.23,0.8,0.0,5.63,45.0,46.58,0.41,0.41,0.52,120.0,76.93,397.93,41.96,0.3,0.3,9.75,6.41,2.63,40.44,73.55,43.83,33.74
2018-01-12 06:21:00,1,1,63.54,72.0,68.0,57.53,72.5,63.54,0.8,0.0,5.63,45.0,46.62,0.42,0.42,0.53,120.0,77.71,397.93,41.96,0.3,0.3,9.75,6.42,2.63,39.77,73.57,43.26,33.11
2018-01-12 06:22:00,1,1,63.82,72.0,68.0,57.78,72.85,63.82,0.8,0.0,5.63,45.0,46.65,0.42,0.42,0.55,120.0,78.43,397.93,41.96,0.3,0.3,9.75,6.44,2.63,39.16,73.59,42.76,32.53
2018-01-12 06:23:00,1,1,64.08,72.0,68.0,58.02,73.16,64.08,0.8,0.0,5.63,45.0,46.68,0.43,0.43,0.56,120.0,79.08,397.93,41.96,0.3,0.3,9.75,6.46,2.63,38.59,73.61,42.32,32.0
2018-01-12 06:24:00,1,1,64.32,72.0,68.0,58.23,73.45,64.32,0.8,0.0,5.63,45.0,46.71,0.43,0.43,0.57,120.0,79.67,397.93,41.96,0.3,0.3,9.75,6.48,2.63,38.05,73.63,41.92,31.5
2018-01-12 06:25:00,1,1,64.54,72.0,68.0,58.43,73.72,64.54,0.8,0.0,5.63,45.0,46.74,0.44,0.44,0.59,120.0,80.22,397.93,41.96,0.3,0.3,9.75,6.49,2.63,37.55,73.65,41.56,31.03
2018-01-12 06:26:00,1,1,64.75,72.0,68.0,58.62,73.96,64.75,0.8,0.0,5.63,45.0,46.76,0.44,0.44,0.6,120.0,80.72,397.93,41.96,0.3,0.3,9.75,6.51,2.63,37.09,73.67,41.24,30.6
2018-01-12 06:27:00,1,1,64.94,72.0,68.0,58.79,74.19,64.94,0.8,0.0,5.63,45.0,46.78,0.45,0.45,0.61,120.0,81.19,397.93,41.96,0.3,0.3,9.75,6.53,2.63,36.65,73.69,40.95,30.19
2018-01-12 06:28:00,1,1,65.08,72.0,68.0,58.01,72.1,65.08,0.8,0.0,5.63,45.0,46.8,0.45,0.45,0.62,120.0,80.88,534.18,71.03,0.3,0.3,13.08,6.54,4.73,37.14,73.71,44.04,29.81
2018-01-12 06:29:00,1,1,65.06,72.0,68.0,57.39,70.3,65.06,0.8,0.0,5.63,45.0,46.9,0.46,0.46,0.63,120.0,79.52,534.18,71.03,0.3,0.3,13.08,6.56,6.13,37.39,73.73,46.76,29.51
2018-01-12 06:30:00,1,1,65.02,72.0,68.0,57.28,70.24,65.02,0.8,0.0,5.63,45.0,46.91,0.46,0.46,0.65,120.0,79.79,534.18,71.03,0.3,0.3,13.08,6.58,6.32,37.13,73.75,46.82,29.21
2018-01-12 06:31:00,1,1,65.02,72.0,68.0,57.26,70.42,65.02,0.8,0.0,5.63,45.0,46.91,0.47,0.47,0.66,120.0,80.29,534.18,71.03,0.3,0.3,13.08,6.6,6.34,36.78,73.76,46.51,28.9
2018-01-12 06:32:00,1,1,65.04,72.0,68.0,57.28,70.62,65.04,0.8,0.0,5.63,45.0,46.92,0.48,0.48,0.68,120.0,80.8,534.18,71.03,0.3,0.3,13.08,6.61,6.35,36.41,73.78,46.17,28.57
2018-01-12 06:33:00,1,1,65.08,72.0,68.0,57.32,70.81,65.08,0.8,0.0,5.63,45.0,46.92,0.48,0.48,0.69,120.0,81.27,534.18,71.03,0.3,0.3,13.08,6.63,6.35,36.03,73.79,45.85,28.24
2018-01-12 06:34:00,1,1,65.14,72.0,68.0,57.37,70.99,65.14,0.8,0.0,5.63,45.0,46.93,0.49,0.49,0.7,120.0,81.71,534.18,71.03,0.3,0.3,13.08,6.65,6.35,35.65,73.81,45.56,27.91
2018-01-12 06:35:00,1,1,65.2,72.0,68.0,57.43,71.16,65.2,0.8,0.0,5.63,45.0,46.94,0.49,0.49,0.71,120.0,82.12,534.18,71.03,0.3,0.3,13.08,6.66,6.35,35.28,73.82,45.29,27.58
2018-01-12 06:36:00,1,1,65.27,72.0,68.0,57.49,71.32,65.27,0.8,0.0,5.63,45.0,46.95,0.5,0.5,0.73,120.0,82.51,534.18,71.03,0.3,0.3,13.08,6.68,6.35,34.91,73.84,45.04,27.26
2018-01-12 06:37:00,1,1,65.35,72.0,68.0,57.56,71.47,65.35,0.8,0.0,5.63,45.0,46.96,0.5,0.5,0.74,120.0,82.87,534.18,71.03,0.3,0.3,13.08,6.69,6.35,34.56,73.85,44.8,26.95
2018-01-12 06:38:00,1,1,65.42,72.0,68.0,57.63,71.61,65.42,0.8,0.0,5.63,45.0,46.97,0.51,0.51,0.75,120.0,83.21,534.18,71.03,0.3,0.3,13.08,6.71,6.35,34.22,73.86,44.58,26.65
2018-01-12 06:39:00,1,1,65.5,72.0,68.0,57.69,71.75,65.5,0.8,0.0,5.63,45.0,46.98,0.51,0.51,0.76,120.0,83.53,534.18,71.03,0.3,0.3,13.08,6.72,6.35,33.89,73.88,44.38,26.37
2018-01-12 06:40:00,1,1,65.57,72.0,68.0,57.76,71.87,65.57,0.8,0.0,5.63,45.0,46.99,0.52,0.52,0.77,120.0,83.83,534.18,71.03,0.3,0.3,13.08,6.74,6.35,33.58,73.89,44.18,26.09
2018-01-12 06:41:00,1,1,65.65,72.0,68.0,57.83,71.99,65.65,0.8,0.0,5.63,45.0,47.0,0.52,0.52,0.78,120.0,84.12,534.18,71.03,0.3,0.3,13.08,6.75,6.35,33.28,73.9,44.0,25.83
2018-01-12 06:42:00,1,1,65.72,72.0,68.0,57.89,72.11,65.72,0.8,0.0,5.63,45.0,47.01,0.52,0.52,0.78,120.0,84.39,534.18,71.03,0.3,0.3,13.08,6.77,6.35,32.99,73.91,43.83,25.58
2018-01-12 06:43:00,1,1,65.79,72.0,68.0,57.95,72.22,65.79,0.8,0.0,5.63,45.0,47.02,0.53,0.53,0.79,120.0,84.65,534.18,71.03,0.3,0.3,13.08,6.78,6.35,32.71,73.92,43.67,25.34
2018-01-12 06:44:00,1,1,65.86,72.0,68.0,58.01,72.32,65.86,0.8,0.0,5.63,45.0,47.03,0.53,0.53,0.8,120.0,84.9,534.18,71.03,0.3,0.3,13.08,6.8,6.35,32.45,73.93,43.52,25.11
2018-01-12 06:45:00,1,1,65.92,72.0,68.0,58.07,72.42,65.92,0.8,0.0,5.63,45.0,47.04,0.54,0.54,0.81,120.0,85.13,534.18,71.03,0.3,0.3,13.08,6.81,6.35,32.2,73.94,43.38,24.89
2018-01-12 06:46:00,1,1,65.99,72.0,68.0,58.13,72.51,65.99,0.8,0.0,5.63,45.0,47.05,0.54,0.54,0.82,120.0,85.36,534.18,71.03,0.3,0.3,13.08,6.83,6.35,31.96,73.95,43.24,24.68
2018-01-12 06:47:00,1,1,66.05,72.0,68.0,58.18,72.6,66.05,0.8,0.0,5.63,45.0,47.06,0.54,0.54,0.82,120.0,85.57,534.18,71.03,0.3,0.3,13.08,6.84,6.35,31.73,73.95,43.12,24.48
2018-01-12 06:48:00,1,1,66.11,72.0,68.0,58.24,72.68,66.11,0.8,0.0,5.63,45.0,47.07,0.55,0.55,0.83,120.0,85.77,534.18,71.03,0.3,0.3,13.08,6.85,6.35,31.52,73.96,42.99,24.29
2018-01-12 06:49:00,1,1,66.17,72.0,68.0,58.29,72.76,66.17,0.8,0.0,5.63,45.0,47.07,0.55,0.55,0.84,120.0,85.96,534.18,71.03,0.3,0.3,13.08,6.86,6.35,31.31,73.97,42.88,24.11
2018-01-12 06:50:00,1,1,66.22,72.0,68.0,58.34,72.84,66.22,0.8,0.0,5.63,45.0,47.08,0.55,0.55,0.84,120.0,86.15,534.18,71.03,0.3,0.3,13.08,6.88,6.35,31.11,73.97,42.77,23.94
2018-01-12 06:51:00,1,1,66.27,72.0,68.0,58.38,72.91,66.27,0.8,0.0,5.63,45.0,47.09,0.55,0.56,0.85,120.0,86.33,534.18,71.03,0.3,0.3,13.08,6.89,6.35,30.92,73.98,42.66,23.78
2018-01-12 06:52:00,1,1,66.32,72.0,68.0,58.43,72.98,66.32,0.8,0.0,5.63,45.0,47.1,0.56,0.56,0.86,120.0,86.49,534.18,71.03,0.3,0.3,13.08,6.9,6.35,30.74,73.99,42.57,23.62
2018-01-12 06:53:00,1,1,66.37,72.0,68.0,58.47,73.05,66.37,0.8,0.0,5.63,45.0,47.1,0.56,0.56,0.86,120.0,86.66,534.18,71.03,0.3,0.3,13.08,6.91,6.35,30.57,73.99,42.47,23.47
2018-01-12 06:54:00,1,1,66.42,72.0,68.0,58.51,73.12,66.42,0.8,0.0,5.63,45.0,47.11,0.56,0.56,0.87,120.0,86.81,534.18,71.03,0.3,0.3,13.08,6.92,6.35,30.41,73.99,42.38,23.33
2018-01-12 06:55:00,1,1,66.47,72.0,68.0,58.56,73.18,66.47,0.8,0.0,5.63,45.0,47.12,0.57,0.57,0.87,120.0,86.96,534.18,71.03,0.3,0.3,13.08,6.93,6.35,30.25,74.0,42.3,23.19
2018-01-12 06:56:00,1,1,66.51,72.0,68.0,58.6,73.24,66.51,0.8,0.0,5.63,45.0,47.12,0.57,0.57,0.88,120.0,87.1,534.18,71.03,0.3,0.3,13.08,6.94,6.35,30.1,74.0,42.21,23.07
2018-01-12 06:57:00,1,1,66.55,72.0,68.0,58.63,73.29,66.55,0.8,0.0,5.63,45.0,47.13,0.57,0.57,0.88,120.0,87.24,534.18,71.03,0.3,0.3,13.08,6.95,6.35,29.96,74.0,42.13,22.94
2018-01-12 06:58:00,1,1,66.6,72.0,68.0,58.67,73.35,66.6,0.8,0.0,5.63,45.0,47.13,0.57,0.57,0.89,120.0,87.37,534.18,71.03,0.3,0.3,13.08,6.96,6.35,29.83,74.0,42.06,22.82
2018-01-12 06:59:00,1,1,66.64,72.0,68.0,58.71,73.4,66.64,0.8,0.0,5.63,45.0,47.14,0.58,0.58,0.89,120.0,87.5,534.18,71.03,0.3,0.3,13.08,6.97,6.35,29.7,74.0,41.99,22.71
2018-01-12 07:00:00,1,1,66.67,72.0,68.0,58.74,73.45,66.67,0.8,0.0,5.63,45.0,47.14,0.58,0.58,0.9,120.0,87.62,534.18,71.03,0.3,0.3,13.08,6.98,6.35,29.57,74.01,41.92,22.61
2018-01-12 07:01:00,1,1,66.71,72.0,68.0,58.77,73.5,66.71,0.8,0.0,5.63,45.0,47.15,0.58,0.58,0.9,120.0,87.73,534.18,71.03,0.3,0.3,13.08,6.97,6.35,29.46,74.01,41.85,22.5
2018-01-12 07:02:00,1,1,66.75,72.0,68.0,58.8,73.55,66.75,0.8,0.0,5.63,45.0,47.15,0.58,0.58,0.91,120.0,87.85,534.18,71.03,0.3,0.3,13.08,6.95,6.35,29.35,74.0,41.79,22.41
2018-01-12 07:03:00,1,1,66.78,72.0,68.0,58.82,73.59,66.78,0.8,0.0,5.63,45.0,47.16,0.59,0.59,0.91,120.0,87.95,534.18,71.03,0.3,0.3,13.08,6.93,6.35,29.25,74.0,41.73,22.32
2018-01-12 07:04:00,1,1,66.81,72.0,68.0,58.85,73.63,66.81,0.8,0.0,5.63,45.0,47.16,0.59,0.59,0.92,120.0,88.06,534.18,71.03,0.3,0.3,13.08,6.9,6.35,29.15,74.0,41.67,22.23
2018-01-12 07:05:00,1,1,66.84,72.0,68.0,58.87,73.67,66.84,0.8,0.0,5.63,45.0,47.16,0.59,0.59,0.92,120.0,88.16,534.18,71.03,0.3,0.3,13.08,6.88,6.35,29.05,74.0,41.62,22.14
2018-01-12 07:06:00,1,1,66.87,72.0,68.0,58.89,73.71,66.87,0.8,0.0,5.63,45.0,47.17,0.59,0.59,0.93,120.0,88.26,534.18,71.03,0.3,0.3,13.08,6.86,6.35,28.97,74.0,41.57,22.06
2018-01-12 07:07:00,1,1,66.89,72.0,68.0,58.91,73.75,66.89,0.8,0.0,5.63,45.0,47.17,0.59,0.59,0.93,120.0,88.35,534.18,71.03,0.3,0.3,13.08,6.83,6.35,28.88,73.99,41.51,21.99
2018-01-12 07:08:00,1,1,66.92,72.0,68.0,58.93,73.79,66.92,0.8,0.0,5.63,45.0,47.17,0.6,0.6,0.93,120.0,88.45,534.18,71.03,0.3,0.3,13.08,6.81,6.35,28.8,73.99,41.46,21.91
2018-01-12 07:09:00,1,1,66.94,72.0,68.0,58.95,73.83,66.94,0.8,0.0,5.63,45.0,47.18,0.6,0.6,0.94,120.0,88.54,534.18,71.03,0.3,0.3,13.08,6.79,6.35,28.72,73.98,41.42,21.84
2018-01-12 07:10:00,1,1,66.97,72.0,68.0,58.96,73.86,66.97,0.8,0.0,5.63,45.0,47.18,0.6,0.6,0.94,120.0,88.62,534.18,71.03,0.3,0.3,13.08,6.76,6.35,28.64,73.98,41.37,21.78
2018-01-12 07:11:00,1,1,66.99,72.0,68.0,58.98,73.9,66.99,0.8,0.0,5.63,45.0,47.18,0.6,0.6,0.94,120.0,88.71,534.18,71.03,0.3,0.3,13.08,6.74,6.35,28.57,73.97,41.32,21.71
2018-01-12 07:12:00,1,1,67.01,72.0,68.0,59.0,73.93,67.01,0.8,0.0,5.63,45.0,47.18,0.6,0.6,0.95,120.0,88.79,534.18,71.03,0.3,0.3,13.08,6.71,6.35,28.5,73.97,41.28,21.65
2018-01-12 07:13:00,1,1,67.03,72.0,68.0,59.01,73.96,67.03,0.8,0.0,5.63,45.0,47.19,0.61,0.61,0.95,120.0,88.87,534.18,71.03,0.3,0.3,13.08,6.69,6.35,28.43,73.96,41.24,21.59
2018-01-12 07:14:00,1,1,67.05,72.0,68.0,59.03,73.99,67.05,0.8,0.0,5.63,45.0,47.19,0.61,0.61,0.95,120.0,88.93,534.18,71.03,0.3,0.3,13.08,6.66,6.35,28.37,73.95,41.21,21.53
2018-01-12 07:15:00,1,1,67.07,72.0,68.0,59.04,74.0,67.07,0.8,0.0,5.63,45.0,47.19,0.61,0.61,0.95,120.0,88.97,534.18,71.03,0.3,0.3,13.08,6.64,6.35,28.3,73.95,41.18,21.48
2018-01-12 07:16:00,1,1,67.09,72.0,68.0,59.05,74.02,67.09,0.8,0.0,5.63,45.0,47.19,0.61,0.61,0.96,120.0,89.01,534.18,71.03,0.3,0.3,13.08,6.62,6.35,28.24,73.94,41.16,21.43
2018-01-12 07:17:00,1,1,67.1,72.0,68.0,59.06,74.03,67.1,0.8,0.0,5.63,45.0,47.19,0.61,0.61,0.96,120.0,89.04,534.18,71.03,0.3,0.3,13.08,6.59,6.35,28.19,73.93,41.14,21.38
2018-01-12 07:18:00,1,1,67.12,72.0,68.0,59.07,74.05,67.12,0.8,0.0,5.63,45.0,47.2,0.61,0.61,0.96,120.0,89.08,534.18,71.03,0.3,0.3,13.08,6.57,6.35,28.13,73.92,41.12,21.33
2018-01-12 07:19:00,1,1,67.13,72.0,68.0,59.08,74.06,67.13,0.8,0.0,5.63,45.0,47.2,0.62,0.62,0.96,120.0,89.12,534.18,71.03,0.3,0.3,13.08,6.54,6.35,28.08,73.91,41.1,21.29
2018-01-12 07:20:00,1,1,67.15,72.0,68.0,59.09,74.08,67.15,0.8,0.0,5.63,45.0,47.2,0.62,0.62,0.96,120.0,89.15,534.18,71.03,0.3,0.3,13.08,6.52,6.35,28.03,73.9,41.09,21.24
2018-01-12 07:21:00,1,1,67.16,72.0,68.0,59.1,74.09,67.16,0.8,0.0,5.63,45.0,47.2,0.62,0.62,0.96,120.0,89.18,534.18,71.03,0.3,0.3,13.08,6.49,6.35,27.98,73.89,41.07,21.2
2018-01-12 07:22:00,1,1,67.17,72.0,68.0,59.1,74.1,67.17,0.8,0.0,5.63,45.0,47.2,0.62,0.62,0.96,120.0,89.22,534.18,71.03,0.3,0.3,13.08,6.47,6.35,27.94,73.88,41.05,21.16
2018-01-12 07:23:00,1,1,67.19,72.0,68.0,59.11,74.12,67.19,0.8,0.0,5.63,45.0,47.2,0.62,0.62,0.97,120.0,89.25,534.18,71.03,0.3,0.3,13.08,6.45,6.35,27.89,73.86,41.03,21.12
2018-01-12 07:24:00,1,1,67.2,72.0,68.0,59.12,74.13,67.2,0.8,0.0,5.63,45.0,47.2,0.62,0.62,0.97,120.0,89.28,534.18,71.03,0.3,0.3,13.08,6.42,6.35,27.85,73.85,41.02,21.09
2018-01-12 07:25:00,1,1,67.21,72.0,68.0,59.13,74.14,67.21,0.8,0.0,5.63,45.0,47.2,0.63,0.63,0.97,120.0,89.31,534.18,71.03,0.3,0.3,13.08,6.4,6.35,27.81,73.84,41.0,21.05
2018-01-12 07:26:00,1,1,67.22,72.0,68.0,59.13,74.15,67.22,0.8,0.0,5.63,45.0,47.21,0.63,0.63,0.97,120.0,89.34,534.18,71.03,0.3,0.3,13.08,6.38,6.35,27.77,73.82,40.98,21.02
2018-01-12 07:27:00,1,1,67.23,72.0,68.0,59.14,74.17,67.23,0.8,0.0,5.63,45.0,47.21,0.63,0.63,0.97,120.0,89.37,534.18,71.03,0.3,0.3,13.08,6.36,6.35,27.73,73.81,40.97,20.99
2018-01-12 07:28:00,1,1,67.25,72.0,68.0,59.15,74.18,67.25,0.8,0.0,5.63,45.0,47.21,0.63,0.63,0.97,120.0,89.4,534.18,71.03,0.3,0.3,13.08,6.33,6.35,27.7,73.79,40.95,20.95
2018-01-12 07:29:00,1,1,67.26,72.0,68.0,59.16,74.19,67.26,0.8,0.0,5.63,45.0,47.21,0.63,0.63,0.97,120.0,89.43,534.18,71.03,0.3,0.3,13.08,6.31,6.35,27.66,73.78,40.94,20.92
2018-01-12 07:30:00,1,1,67.27,72.0,68.0,59.17,74.2,67.27,0.8,0.0,5.63,45.0,47.21,0.63,0.63,0.98,120.0,89.45,534.18,71.03,0.3,0.3,13.08,6.29,6.35,27.63,73.76,40.92,20.89
2018-01-12 07:31:00,1,1,67.28,72.0,68.0,59.17,74.21,67.28,0.8,0.0,5.63,45.0,47.21,0.63,0.63,0.98,120.0,89.48,534.18,71.03,0.3,0.3,13.08,6.27,6.35,27.59,73.75,40.91,20.86
2018-01-12 07:32:00,1,1,67.3,72.0,68.0,59.18,74.22,67.3,0.8,0.0,5.63,45.0,47.21,0.64,0.64,0.98,120.0,89.51,534.18,71.03,0.3,0.3,13.08,6.25,6.35,27.56,73.73,40.9,20.84
2018-01-12 07:33:00,1,1,67.31,72.0,68.0,59.19,74.23,67.31,0.8,0.0,5.63,45.0,47.21,0.64,0.64,0.98,120.0,89.53,534.18,71.03,0.3,0.3,13.08,6.23,6.35,27.53,73.71,40.88,20.81
2018-01-12 07:34:00,1,1,67.32,72.0,68.0,59.2,74.24,67.32,0.8,0.0,5.63,45.0,47.22,0.64,0.64,0.98,120.0,89.56,534.18,71.03,0.3,0.3,13.08,6.21,6.35,27.49,73.69,40.87,20.78
2018-01-12 07:35:00,1,1,67.34,72.0,68.0,59.21,74.26,67.34,0.8,0.0,5.63,45.0,47.22,0.64,0.64,0.98,120.0,89.58,534.18,71.03,0.3,0.3,13.08,6.2,6.35,27.46,73.67,40.85,20.76
2018-01-12 07:36:00,1,1,67.35,72.0,68.0,59.22,74.27,67.35,0.8,0.0,5.63,45.0,47.22,0.64,0.64,0.98,120.0,89.6,534.18,71.03,0.3,0.3,13.08,6.18,6.35,27.43,73.65,40.84,20.73
2018-01-12 07:37:00,1,1,67.36,72.0,68.0,59.23,74.27,67.36,0.8,0.0,5.63,45.0,47.22,0.64,0.64,0.98,120.0,89.63,534.18,71.03,0.3,0.3,13.08,6.16,6.35,27.41,73.63,40.83,20.71
2018-01-12 07:38:00,1,1,67.38,72.0,68.0,59.24,74.28,67.38,0.8,0.0,5.63,45.0,47.22,0.64,0.64,0.98,120.0,89.65,534.18,71.03,0.3,0.3,13.08,6.15,6.35,27.38,73.61,40.82,20.69
2018-01-12 07:39:00,1,1,67.39,72.0,68.0,59.25,74.29,67.39,0.8,0.0,5.63,45.0,47.22,0.64,0.64,0.98,120.0,89.67,534.18,71.03,0.3,0.3,13.08,6.13,6.35,27.35,73.59,40.8,20.67
2018-01-12 07:40:00,1,1,67.41,72.0,68.0,59.26,74.3,67.41,0.8,0.0,5.63,45.0,47.22,0.64,0.64,0.99,120.0,89.69,534.18,71.03,0.3,0.3,13.08,6.12,6.35,27.32,73.57,40.79,20.64
2018-01-12 07:41:00,1,1,67.42,72.0,68.0,59.27,74.31,67.42,0.8,0.0,5.63,45.0,47.23,0.65,0.65,0.99,120.0,89.71,534.18,71.03,0.3,0.3,13.08,6.11,6.35,27.29,73.55,40.78,20.62
2018-01-12 07:42:00,1,1,67.44,72.0,68.0,59.28,74.32,67.44,0.8,0.0,5.63,45.0,47.23,0.65,0.65,0.99,120.0,89.73,534.18,71.03,0.3,0.3,13.08,6.09,6.35,27.27,73.52,40.77,20.6
2018-01-12 07:43:00,1,1,67.45,72.0,68.0,59.3,74.33,67.45,0.8,0.0,5.63,45.0,47.23,0.65,0.65,0.99,120.0,89.75,534.18,71.03,0.3,0.3,13.08,6.08,6.35,27.24,73.5,40.76,20.58
2018-01-12 07:44:00,1,1,67.47,72.0,68.0,59.31,74.34,67.47,0.8,0.0,5.63,45.0,47.23,0.65,0.65,0.99,120.0,89.77,534.18,71.03,0.3,0.3,13.08,6.07,6.35,27.22,73.48,40.75,20.56
2018-01-12 07:45:00,1,1,67.49,72.0,68.0,59.32,74.35,67.49,0.8,0.0,5.63,45.0,47.23,0.65,0.65,0.99,120.0,89.79,534.18,71.03,0.3,0.3,13.08,6.06,6.35,27.19,73.45,40.74,20.54
2018-01-12 07:46:00,1,1,67.5,72.0,68.0,59.34,74.35,67.5,0.8,0.0,5.63,45.0,47.24,0.65,0.65,0.99,120.0,89.8,534.18,71.03,0.3,0.3,13.08,6.06,6.35,27.16,73.43,40.73,20.53
2018-01-12 07:47:00,1,1,67.52,72.0,68.0,59.35,74.36,67.52,0.8,0.0,5.63,45.0,47.24,0.65,0.65,0.99,120.0,89.82,534.18,71.03,0.3,0.3,13.08,6.05,6.35,27.14,73.4,40.72,20.51
2018-01-12 07:48:00,1,1,67.54,72.0,68.0,59.37,74.37,67.54,0.8,0.0,5.63,45.0,47.24,0.65,0.65,0.99,120.0,89.84,534.18,71.03,0.3,0.3,13.08,6.04,6.35,27.12,73.37,40.71,20.49
2018-01-12 07:49:00,1,1,67.56,72.0,68.0,59.38,74.38,67.56,0.8,0.0,5.63,45.0,47.24,0.65,0.65,0.99,120.0,89.85,534.18,71.03,0.3,0.3,13.08,6.04,6.35,27.09,73.35,40.7,20.47
2018-01-12 07:50:00,1,1,67.58,72.0,68.0,59.4,74.38,67.58,0.8,0.0,5.63,45.0,47.25,0.65,0.65,0.99,120.0,89.87,534.18,71.03,0.3,0.3,13.08,6.04,6.35,27.07,73.32,40.69,20.46
2018-01-12 07:51:00,1,1,67.6,72.0,68.0,59.41,74.39,67.6,0.8,0.0,5.63,45.0,47.25,0.65,0.65,0.99,120.0,89.88,534.18,71.03,0.3,0.3,13.08,6.03,6.35,27.04,73.29,40.68,20.44
2018-01-12 07:52:00,1,1,67.62,72.0,68.0,59.43,74.4,67.62,0.8,0.0,5.63,45.0,47.25,0.65,0.65,0.99,120.0,89.89,534.18,71.03,0.3,0.3,13.08,6.03,6.35,27.02,73.26,40.67,20.43
2018-01-12 07:53:00,1,1,67.64,72.0,68.0,59.45,74.4,67.64,0.8,0.0,5.63,45.0,47.25,0.66,0.66,0.99,120.0,89.9,534.18,71.03,0.3,0.3,13.08,6.03,6.35,27.0,73.24,40.66,20.41
2018-01-12 07:54:00,1,1,67.66,72.0,68.0,59.47,74.41,67.66,0.8,0.0,5.63,45.0,47.26,0.66,0.66,0.99,120.0,89.91,534.18,71.03,0.3,0.3,13.08,6.03,6.35,26.98,73.21,40.65,20.4
2018-01-12 07:55:00,1,1,67.68,72.0,68.0,59.49,74.42,67.68,0.8,0.0,5.63,45.0,47.26,0.66,0.66,1.0,120.0,89.92,534.18,71.03,0.3,0.3,13.08,6.04,6.35,26.95,73.18,40.65,20.39
2018-01-12 07:56:00,1,1,67.7,72.0,68.0,59.51,74.42,67.7,0.8,0.0,5.63,45.0,47.26,0.66,0.66,1.0,120.0,89.93,534.18,71.03,0.3,0.3,13.08,6.04,6.35,26.93,73.14,40.64,20.37
2018-01-12 07:57:00,1,1,67.73,72.0,68.0,59.53,74.43,67.73,0.8,0.0,5.63,45.0,47.27,0.66,0.66,1.0,120.0,89.94,534.18,71.03,0.3,0.3,13.08,6.05,6.35,26.91,73.11,40.63,20.36
2018-01-12 07:58:00,1,1,67.75,72.0,68.0,59.55,74.43,67.75,0.8,0.0,5.63,45.0,47.27,0.66,0.66,1.0,120.0,89.95,534.18,71.03,0.3,0.3,13.08,6.06,6.35,26.89,73.08,40.63,20.35
2018-01-12 07:59:00,1,1,67.77,72.0,68.0,59.57,74.44,67.77,0.8,0.0,5.63,45.0,47.27,0.66,0.66,1.0,120.0,89.96,534.18,71.03,0.3,0.3,13.08,6.06,6.35,26.86,73.05,40.62,20.34
2018-01-12 08:00:00,1,1,67.8,72.0,68.0,59.59,74.44,67.8,0.8,0.0,5.63,45.0,47.28,0.66,0.66,1.0,120.0,89.96,534.18,71.03,0.3,0.3,13.08,6.07,6.35,26.84,73.02,40.61,20.33
2018-01-12 08:01:00,1,1,67.82,72.0,68.0,59.62,74.45,67.82,0.8,0.0,5.63,45.0,47.28,0.66,0.66,1.0,120.0,89.97,534.18,71.03,0.3,0.3,13.08,6.1,6.35,26.82,72.99,40.61,20.31
2018-01-12 08:02:00,1,1,67.85,72.0,68.0,59.65,74.45,67.85,0.8,0.0,5.63,45.0,47.29,0.66,0.66,1.0,120.0,89.97,534.18,71.03,0.3,0.3,13.08,6.14,6.35,26.79,72.98,40.6,20.3
2018-01-12 08:03:00,1,1,67.89,72.0,68.0,59.69,74.46,67.89,0.8,0.0,5.63,45.0,47.29,0.66,0.66,1.0,120.0,89.98,534.18,71.03,0.3,0.3,13.08,6.18,6.35,26.77,72.96,40.59,20.29
2018-01-12 08:04:00,1,1,67.93,72.0,68.0,59.72,74.46,67.93,0.8,0.0,5.63,45.0,47.3,0.66,0.66,1.0,120.0,89.98,534.18,71.03,0.3,0.3,13.08,6.22,6.35,26.74,72.95,40.59,20.28
2018-01-12 08:05:00,1,1,67.97,72.0,68.0,59.76,74.47,67.97,0.8,0.0,5.63,45.0,47.3,0.66,0.66,1.0,120.0,89.98,534.18,71.03,0.3,0.3,13.08,6.27,6.35,26.71,72.93,40.58,20.27
2018-01-12 08:06:00,1,1,68.01,72.0,68.0,59.81,74.47,68.01,0.8,0.0,5.63,45.0,47.31,0.66,0.66,1.0,120.0,89.98,534.18,71.03,0.3,0.3,13.08,6.31,6.35,26.68,72.91,40.57,20.26
2018-01-12 08:07:00,1,1,68.05,72.0,68.0,59.85,74.48,68.05,0.8,0.0,5.63,45.0,47.32,0.66,0.66,1.0,120.0,89.98,534.18,71.03,0.3,0.3,13.08,6.36,6.35,26.66,72.9,40.57,20.24
2018-01-12 08:08:00,1,1,68.1,72.0,68.0,59.9,74.48,68.1,0.8,0.0,5.63,45.0,47.32,0.66,0.66,0.99,120.0,89.97,534.18,71.03,0.3,0.3,13.08,6.41,6.35,26.63,72.88,40.57,20.23
2018-01-12 08:09:00,1,1,68.15,72.0,68.0,59.95,74.48,68.15,0.8,0.0,5.63,45.0,47.33,0.66,0.66,0.99,120.0,89.97,534.18,71.03,0.3,0.3,13.08,6.46,6.35,26.61,72.86,40.56,20.21
2018-01-12 08:10:00,1,1,68.19,72.0,68.0,60.0,74.49,68.19,0.8,0.0,5.63,45.0,47.34,0.65,0.65,0.99,120.0,89.96,534.18,71.03,0.3,0.3,13.08,6.51,6.35,26.58,72.84,40.56,20.2
2018-01-12 08:11:00,1,1,68.24,72.0,68.0,60.05,74.49,68.24,0.8,0.0,5.63,45.0,47.35,0.65,0.65,0.99,120.0,89.95,534.18,71.03,0.3,0.3,13.08,6.56,6.35,26.56,72.81,40.56,20.19
2018-01-12 08:12:00,1,1,68.3,72.0,68.0,60.1,74.49,68.3,0.8,0.0,5.63,45.0,47.35,0.65,0.65,0.99,120.0,89.94,534.18,71.03,0.3,0.3,13.08,6.62,6.35,26.54,72.79,40.55,20.17
2018-01-12 08:13:00,1,1,68.35,72.0,68.0,60.15,74.49,68.35,0.8,0.0,5.63,45.0,47.36,0.65,0.65,0.99,120.0,89.92,534.18,71.03,0.3,0.3,13.08,6.67,6.35,26.51,72.77,40.55,20.16
2018-01-12 08:14:00,1,1,68.4,72.0,68.0,60.2,74.49,68.4,0.8,0.0,5.63,45.0,47.37,0.65,0.65,0.99,120.0,89.91,534.18,71.03,0.3,0.3,13.08,6.73,6.35,26.49,72.75,40.55,20.15
2018-01-12 08:15:00,1,1,68.45,72.0,68.0,60.26,74.49,68.45,0.8,0.0,5.63,45.0,47.38,0.65,0.65,0.99,120.0,89.89,534.18,71.03,0.3,0.3,13.08,6.79,6.35,26.48,72.72,40.55,20.15
2018-01-12 08:16:00,1,1,68.5,72.0,68.0,60.31,74.49,68.5,0.8,0.0,5.63,45.0,47.39,0.65,0.65,0.99,120.0,89.87,534.18,71.03,0.3,0.3,13.08,6.85,6.35,26.46,72.69,40.56,20.14
2018-01-12 08:17:00,1,1,68.56,72.0,68.0,60.36,74.49,68.56,0.8,0.0,5.63,45.0,47.4,0.65,0.65,0.99,120.0,89.85,534.18,71.03,0.3,0.3,13.08,6.91,6.35,26.44,72.67,40.56,20.13
2018-01-12 08:18:00,1,1,68.61,72.0,68.0,60.42,74.48,68.61,0.8,0.0,5.63,45.0,47.4,0.64,0.64,0.98,120.0,89.82,534.18,71.03,0.3,0.3,13.08,6.98,6.35,26.43,72.64,40.56,20.13
2018-01-12 08:19:00,1,1,68.67,72.0,68.0,60.48,74.48,68.67,0.8,0.0,5.63,45.0,47.41,0.64,0.64,0.98,120.0,89.8,534.18,71.03,0.3,0.3,13.08,7.04,6.35,26.41,72.61,40.57,20.13
2018-01-12 08:20:00,1,1,68.72,72.0,68.0,60.53,74.47,68.72,0.8,0.0,5.63,45.0,47.42,0.64,0.64,0.98,120.0,89.77,534.18,71.03,0.3,0.3,13.08,7.11,6.35,26.4,72.58,40.57,20.12
2018-01-12 08:21:00,1,1,68.78,72.0,68.0,60.59,74.47,68.78,0.8,0.0,5.63,45.0,47.43,0.64,0.64,0.98,120.0,89.74,534.18,71.03,0.3,0.3,13.08,7.18,6.35,26.39,72.55,40.58,20.12
2018-01-12 08:22:00,1,1,68.83,72.0,68.0,60.65,74.46,68.83,0.8,0.0,5.63,45.0,47.44,0.64,0.64,0.98,120.0,89.71,534.18,71.03,0.3,0.3,13.08,7.25,6.35,26.38,72.51,40.59,20.12
2018-01-12 08:23:00,1,1,68.89,72.0,68.0,60.7,74.46,68.89,0.8,0.0,5.63,45.0,47.45,0.63,0.63,0.98,120.0,89.67,534.18,71.03,0.3,0.3,13.08,7.32,6.35,26.37,72.48,40.6,20.13
2018-01-12 08:24:00,1,1,68.94,72.0,68.0,60.76,74.45,68.94,0.8,0.0,5.63,45.0,47.46,0.63,0.63,0.97,120.0,89.63,534.18,71.03,0.3,0.3,13.08,7.39,6.35,26.36,72.44,40.61,20.13
2018-01-12 08:25:00,1,1,69.0,72.0,68.0,60.82,74.44,69.0,0.8,0.0,5.63,45.0,47.47,0.63,0.63,0.97,120.0,89.59,534.18,71.03,0.3,0.3,13.08,7.46,6.35,26.35,72.41,40.62,20.13
2018-01-12 08:26:00,1,1,68.76,72.0,68.0,41.76,110.2,68.76,0.8,0.0,5.63,45.0,70.42,0.07,0.0,0.0,120.0,110.26,0.01,0.88,0.3,0.3,0.0,7.54,1.01,53.94,72.37,15.92,20.41
2018-01-12 08:27:00,1,1,68.34,72.0,68.0,38.47,117.46,68.34,0.8,0.0,5.63,45.0,48.43,0.0,0.0,0.0,120.0,117.47,0.01,0.88,0.3,0.3,0.0,7.62,0.14,58.97,72.33,11.32,20.87
2018-01-12 08:28:00,1,1,67.96,72.0,68.0,37.89,117.89,67.96,0.8,0.0,5.63,45.0,45.46,0.0,0.0,0.0,120.0,117.89,0.01,0.88,0.3,0.3,0.0,7.69,0.02,60.11,72.29,10.87,21.3
2018-01-12 08:29:00,1,1,67.73,72.0,68.0,47.07,104.16,67.73,0.8,0.0,5.63,45.0,45.32,0.0,0.0,0.0,120.0,113.79,397.93,41.96,0.3,0.3,9.75,7.77,1.04,47.12,72.25,18.65,21.6
2018-01-12 08:30:00,1,1,67.18,72.0,68.0,58.99,61.49,67.18,0.8,0.0,5.63,45.0,46.84,0.0,0.01,0.0,120.0,67.08,397.93,41.96,0.3,0.3,9.75,7.85,2.41,29.79,72.2,73.7,22.07
2018-01-12 08:31:00,1,1,65.61,72.0,68.0,59.27,49.77,65.61,0.8,0.0,5.63,45.0,46.88,0.02,0.02,0.0,120.0,50.97,397.93,41.96,0.3,0.3,9.75,7.94,2.6,29.0,72.16,99.86,23.29
2018-01-12 08:32:00,1,1,64.05,72.0,68.0,58.11,47.45,64.05,0.8,0.0,5.63,45.0,46.72,0.05,0.05,0.0,120.0,47.69,397.93,41.96,0.3,0.3,9.75,8.02,2.62,30.18,72.11,100.0,24.63
2018-01-12 08:33:00,1,1,62.75,72.0,68.0,56.99,46.93,62.75,0.8,0.0,5.63,45.0,46.57,0.07,0.07,0.0,120.0,46.99,397.93,41.96,0.3,0.3,9.75,8.1,2.63,31.42,72.06,100.0,25.88
2018-01-12 08:34:00,1,1,61.69,72.0,68.0,56.05,46.72,61.69,0.8,0.0,5.63,45.0,46.45,0.09,0.09,0.0,120.0,46.76,397.93,41.96,0.3,0.3,9.75,8.19,2.63,32.54,72.01,100.0,27.0
2018-01-12 08:35:00,1,1,60.84,72.0,68.0,55.3,46.6,60.84,0.8,0.0,5.63,45.0,46.35,0.11,0.12,0.0,120.0,46.57,397.93,41.96,0.3,0.3,9.75,8.28,2.63,33.51,71.96,100.0,27.99
2018-01-12 08:36:00,1,1,60.16,72.0,68.0,54.7,46.74,60.16,0.8,0.0,5.63,45.0,46.27,0.14,0.14,0.01,120.0,46.07,397.93,41.96,0.3,0.3,9.75,8.37,2.63,34.36,71.9,100.0,28.86
2018-01-12 08:37:00,1,1,59.65,72.0,68.0,54.26,47.43,59.65,0.8,0.0,5.63,45.0,46.21,0.16,0.16,0.03,120.0,45.54,397.93,41.96,0.3,0.3,9.75,8.46,2.63,35.04,71.85,100.0,29.56
2018-01-12 08:38:00,1,1,59.33,72.0,68.0,53.98,48.7,59.33,0.8,0.0,5.63,45.0,46.17,0.18,0.18,0.05,120.0,45.77,397.93,41.96,0.3,0.3,9.75,8.55,2.63,35.53,71.79,100.0,30.07
2018-01-12 08:39:00,1,1,59.2,72.0,68.0,53.88,50.4,59.2,0.8,0.0,5.63,45.0,46.15,0.2,0.2,0.07,120.0,47.05,397.93,41.96,0.3,0.3,9.75,8.64,2.63,35.8,71.73,95.27,30.36
2018-01-12 08:40:00,1,1,59.25,72.0,68.0,53.93,52.33,59.25,0.8,0.0,5.63,45.0,46.15,0.22,0.22,0.1,120.0,48.72,397.93,41.96,0.3,0.3,9.75,8.74,2.63,35.86,71.67,88.24,30.42
2018-01-12 08:41:00,1,1,59.45,72.0,68.0,54.12,54.3,59.45,0.8,0.0,5.63,45.0,46.18,0.23,0.23,0.12,120.0,50.86,397.93,41.96,0.3,0.3,9.75,8.83,2.63,35.74,71.61,81.93,30.3
2018-01-12 08:42:00,1,1,59.77,72.0,68.0,54.41,56.19,59.77,0.8,0.0,5.63,45.0,46.21,0.25,0.25,0.15,120.0,52.59,397.93,41.96,0.3,0.3,9.75,8.93,2.63,35.49,71.55,76.63,30.04
2018-01-12 08:43:00,1,1,60.18,72.0,68.0,54.79,57.98,60.18,0.8,0.0,5.63,45.0,46.26,0.26,0.26,0.17,120.0,54.2,397.93,41.96,0.3,0.3,9.75,9.03,2.63,35.14,71.48,72.22,29.68
2018-01-12 08:44:00,1,1,60.65,72.0,68.0,55.22,59.55,60.65,0.8,0.0,5.63,45.0,46.32,0.27,0.27,0.2,120.0,55.9,397.93,41.96,0.3,0.3,9.75,9.13,2.63,34.74,71.41,68.27,29.26
2018-01-12 08:45:00,1,1,61.15,72.0,68.0,55.68,60.89,61.15,0.8,0.0,5.63,45.0,46.38,0.28,0.28,0.22,120.0,57.55,397.93,41.96,0.3,0.3,9.75,9.23,2.63,34.31,71.34,64.82,28.82
2018-01-12 08:46:00,1,1,61.67,72.0,68.0,56.15,62.04,61.67,0.8,0.0,5.63,45.0,46.44,0.29,0.29,0.23,120.0,59.08,397.93,41.96,0.3,0.3,9.75,9.33,2.63,33.89,71.27,62.1,28.39
2018-01-12 08:47:00,1,1,62.17,72.0,68.0,56.62,63.01,62.17,0.8,0.0,5.63,45.0,46.5,0.3,0.3,0.25,120.0,60.45,397.93,41.96,0.3,0.3,9.75,9.43,2.63,33.48,71.2,59.95,27.98
2018-01-12 08:48:00,1,1,62.66,72.0,68.0,57.07,63.85,62.66,0.8,0.0,5.63,45.0,46.55,0.3,0.3,0.26,120.0,61.67,397.93,41.96,0.3,0.3,9.75,9.54,2.63,33.11,71.12,58.22,27.61
2018-01-12 08:49:00,1,1,63.13,72.0,68.0,57.49,64.56,63.13,0.8,0.0,5.63,45.0,46.61,0.31,0.31,0.28,120.0,62.76,397.93,41.96,0.3,0.3,9.75,9.64,2.63,32.77,71.04,56.83,27.27
2018-01-12 08:50:00,1,1,63.57,72.0,68.0,57.9,65.17,63.57,0.8,0.0,5.63,45.0,46.66,0.31,0.31,0.29,120.0,63.71,397.93,41.96,0.3,0.3,9.75,9.75,2.63,32.46,70.96,55.68,26.96
2018-01-12 08:51:00,1,1,63.99,72.0,68.0,58.29,65.7,63.99,0.8,0.0,5.63,45.0,46.71,0.32,0.32,0.3,120.0,64.54,397.93,41.96,0.3,0.3,9.75,9.86,2.63,32.18,70.88,54.73,26.69
2018-01-12 08:52:00,1,1,64.37,72.0,68.0,58.64,66.15,64.37,0.8,0.0,5.63,45.0,46.76,0.32,0.32,0.31,120.0,65.28,397.93,41.96,0.3,0.3,9.75,9.97,2.63,31.93,70.8,53.94,26.45
2018-01-12 08:53:00,1,1,64.74,72.0,68.0,58.98,66.54,64.74,0.8,0.0,5.63,45.0,46.8,0.33,0.33,0.32,120.0,65.91,397.93,41.96,0.3,0.3,9.75,10.08,2.63,31.7,70.71,53.27,26.23
2018-01-12 08:54:00,1,1,65.07,72.0,68.0,59.29,66.88,65.07,0.8,0.0,5.63,45.0,46.85,0.33,0.33,0.32,120.0,66.47,397.93,41.96,0.3,0.3,9.75,10.19,2.63,31.43,70.62,52.72,26.05
2018-01-12 08:55:00,1,1,65.38,72.0,68.0,59.58,67.17,65.38,0.8,0.0,5.63,45.0,46.88,0.33,0.33,0.33,120.0,66.94,397.93,41.96,0.3,0.3,9.75,10.3,2.63,31.18,70.53,52.25,25.89
2018-01-12 08:56:00,1,1,65.67,72.0,68.0,59.85,67.41,65.67,0.8,0.0,5.63,45.0,46.92,0.33,0.33,0.33,120.0,67.35,397.93,41.96,0.3,0.3,9.75,10.42,2.63,30.96,70.44,51.85,25.76
2018-01-12 08:57:00,1,1,65.93,72.0,68.0,60.1,67.62,65.93,0.8,0.0,5.63,45.0,46.95,0.34,0.34,0.34,120.0,67.7,397.93,41.96,0.3,0.3,9.75,10.53,2.63,30.76,70.34,51.52,25.64
2018-01-12 08:58:00,1,1,66.18,72.0,68.0,60.33,67.8,66.18,0.8,0.0,5.63,45.0,46.98,0.34,0.34,0.34,120.0,67.99,397.93,41.96,0.3,0.3,9.75,10.65,2.63,30.6,70.24,51.25,25.54
2018-01-12 08:59:00,1,1,66.4,72.0,68.0,60.54,67.94,66.4,0.8,0.0,5.63,45.0,47.01,0.34,0.34,0.34,120.0,68.24,397.93,41.96,0.3,0.3,9.75,10.77,2.63,30.45,70.14,51.02,25.46
2018-01-12 09:00:00,1,1,66.61,72.0,68.0,60.74,68.06,66.61,0.8,0.0,5.63,45.0,47.04,0.34,0.34,0.35,120.0,68.44,397.93,41.96,0.3,0.3,9.75,10.89,2.63,30.32,70.04,50.81,25.4
2018-01-12 09:01:00,1,1,66.8,72.0,68.0,60.92,68.16,66.8,0.8,0.0,5.63,45.0,47.06,0.34,0.34,0.35,120.0,68.6,397.93,41.96,0.3,0.3,9.75,11.01,2.63,30.22,69.93,50.62,25.35
2018-01-12 09:02:00,1,1,66.97,72.0,68.0,61.09,68.23,66.97,0.8,0.0,5.63,45.0,47.08,0.34,0.34,0.35,120.0,68.73,397.93,41.96,0.3,0.3,9.75,11.14,2.63,30.13,69.82,50.48,25.31
2018-01-12 09:03:00,1,1,67.12,72.0,68.0,61.24,68.29,67.12,0.8,0.0,5.63,45.0,47.1,0.34,0.34,0.35,120.0,68.83,397.93,41.96,0.3,0.3,9.75,11.27,2.63,30.06,69.71,50.36,25.29
2018-01-12 09:04:00,1,1,67.25,72.0,68.0,61.37,68.34,67.25,0.8,0.0,5.63,45.0,47.12,0.34,0.34,0.35,120.0,68.91,397.93,41.96,0.3,0.3,9.75,11.4,2.63,30.0,69.59,50.27,25.27
2018-01-12 09:05:00,1,1,67.38,72.0,68.0,61.5,68.37,67.38,0.8,0.0,5.63,45.0,47.13,0.34,0.34,0.35,120.0,68.96,397.93,41.96,0.3,0.3,9.75,11.53,2.63,29.95,69.47,50.2,25.27
2018-01-12 09:06:00,1,1,67.49,72.0,68.0,61.61,68.39,67.49,0.8,0.0,5.63,45.0,47.15,0.34,0.34,0.35,120.0,68.99,397.93,41.96,0.3,0.3,9.75,11.66,2.63,29.92,69.35,50.16,25.27
2018-01-12 09:07:00,1,1,67.58,72.0,68.0,61.71,68.4,67.58,0.8,0.0,5.63,45.0,47.16,0.34,0.34,0.35,120.0,69.01,397.93,41.96,0.3,0.3,9.75,11.79,2.63,29.89,69.23,50.14,25.28
2018-01-12 09:08:00,1,1,67.67,72.0,68.0,61.8,68.41,67.67,0.8,0.0,5.63,45.0,47.18,0.34,0.34,0.35,120.0,69.01,397.93,41.96,0.3,0.3,9.75,11.93,2.63,29.88,69.1,50.13,25.29
2018-01-12 09:09:00,1,1,67.75,72.0,68.0,61.89,68.41,67.75,0.8,0.0,5.63,45.0,47.19,0.34,0.34,0.35,120.0,69.0,397.93,41.96,0.3,0.3,9.75,12.06,2.63,29.86,68.98,50.13,25.31
2018-01-12 09:10:00,1,1,67.82,72.0,68.0,61.97,68.4,67.82,0.8,0.0,5.63,45.0,47.2,0.34,0.34,0.35,120.0,68.97,397.93,41.96,0.3,0.3,9.75,12.2,2.63,29.86,68.85,50.15,25.33
2018-01-12 09:11:00,1,1,67.88,72.0,68.0,62.04,68.38,67.88,0.8,0.0,5.63,45.0,47.21,0.34,0.34,0.35,120.0,68.93,397.93,41.96,0.3,0.3,9.75,12.34,2.63,29.86,68.71,50.18,25.36
2018-01-12 09:12:00,1,1,67.94,72.0,68.0,62.1,68.36,67.94,0.8,0.0,5.63,45.0,47.21,0.34,0.34,0.35,120.0,68.89,397.93,41.96,0.3,0.3,9.75,12.48,2.63,29.86,68.57,50.23,25.39
2018-01-12 09:13:00,1,1,67.99,72.0,68.0,62.16,68.33,67.99,0.8,0.0,5.63,45.0,47.22,0.34,0.34,0.35,120.0,68.83,397.93,41.96,0.3,0.3,9.75,12.62,2.63,29.87,68.43,50.28,25.42
2018-01-12 09:14:00,1,1,68.04,72.0,68.0,62.22,68.3,68.04,0.8,0.0,5.63,45.0,47.23,0.34,0.34,0.35,120.0,68.77,397.93,41.96,0.3,0.3,9.75,12.76,2.63,29.88,68.29,50.34,25.45
2018-01-12 09:15:00,1,1,68.07,72.0,68.0,62.27,68.27,68.07,0.8,0.0,5.63,45.0,47.24,0.34,0.34,0.35,120.0,68.7,397.93,41.96,0.3,0.3,9.75,12.9,2.63,29.89,68.15,50.4,25.47
2018-01-12 09:16:00,1,1,68.11,72.0,68.0,62.31,68.23,68.11,0.8,0.0,5.63,45.0,47.24,0.34,0.34,0.34,120.0,68.63,397.93,41.96,0.3,0.3,9.75,13.04,2.63,29.9,68.0,50.48,25.5
2018-01-12 09:17:00,1,1,68.14,72.0,68.0,62.36,68.19,68.14,0.8,0.0,5.63,45.0,47.25,0.34,0.34,0.34,120.0,68.55,397.93,41.96,0.3,0.3,9.75,13.18,2.63,29.92,67.85,50.56,25.53
2018-01-12 09:18:00,1,1,68.17,72.0,68.0,62.4,68.15,68.17,0.8,0.0,5.63,45.0,47.25,0.34,0.34,0.34,120.0,68.47,397.93,41.96,0.3,0.3,9.75,13.33,2.63,29.93,67.69,50.64,25.56
2018-01-12 09:19:00,1,1,68.19,72.0,68.0,62.43,68.1,68.19,0.8,0.0,5.63,45.0,47.26,0.34,0.34,0.34,120.0,68.39,397.93,41.96,0.3,0.3,9.75,13.47,2.63,29.95,67.54,50.74,25.6
2018-01-12 09:20:00,1,1,68.21,72.0,68.0,62.46,68.05,68.21,0.8,0.0,5.63,45.0,47.26,0.34,0.34,0.34,120.0,68.3,397.93,41.96,0.3,0.3,9.75,13.62,2.63,29.97,67.38,50.83,25.63
2018-01-12 09:21:00,1,1,68.23,72.0,68.0,62.5,68.0,68.23,0.8,0.0,5.63,45.0,47.27,0.33,0.33,0.34,120.0,68.22,397.93,41.96,0.3,0.3,9.75,13.76,2.63,29.99,67.21,50.92,25.67
2018-01-12 09:22:00,1,1,68.24,72.0,68.0,62.52,67.95,68.24,0.8,0.0,5.63,45.0,47.27,0.33,0.33,0.34,120.0,68.13,397.93,41.96,0.3,0.3,9.75,13.91,2.63,30.01,67.05,51.01,25.7
2018-01-12 09:23:00,1,1,68.25,72.0,68.0,62.55,67.9,68.25,0.8,0.0,5.63,45.0,47.27,0.33,0.33,0.33,120.0,68.04,397.93,41.96,0.3,0.3,9.75,14.06,2.63,30.02,66.88,51.08,25.74
2018-01-12 09:24:00,1,1,68.26,72.0,68.0,62.57,67.85,68.26,0.8,0.0,5.63,45.0,47.28,0.33,0.33,0.33,120.0,67.95,397.93,41.96,0.3,0.3,9.75,14.21,2.63,30.04,66.7,51.16,25.77
2018-01-12 09:25:00,1,1,68.27,72.0,68.0,62.6,67.8,68.27,0.8,0.0,5.63,45.0,47.28,0.33,0.33,0.33,120.0,67.85,397.93,41.96,0.3,0.3,9.75,14.36,2.63,30.06,66.53,51.24,25.81
2018-01-12 09:26:00,1,1,68.28,72.0,68.0,62.62,67.75,68.28,0.8,0.0,5.63,45.0,47.28,0.33,0.33,0.33,120.0,67.76,397.93,41.96,0.3,0.3,9.75,14.51,2.63,30.07,66.35,51.33,25.84
2018-01-12 09:27:00,1,1,68.28,72.0,68.0,62.64,67.7,68.28,0.8,0.0,5.63,45.0,47.29,0.33,0.33,0.33,120.0,67.67,397.93,41.96,0.3,0.3,9.75,14.66,2.63,30.09,66.17,51.41,25.88
2018-01-12 09:28:00,1,1,68.29,72.0,68.0,62.66,67.64,68.29,0.8,0.0,5.63,45.0,47.29,0.33,0.33,0.33,120.0,67.58,397.93,41.96,0.3,0.3,9.75,14.81,2.63,30.1,65.98,51.49,25.91
2018-01-12 09:29:00,1,1,68.29,72.0,68.0,62.68,67.59,68.29,0.8,0.0,5.63,45.0,47.29,0.33,0.33,0.33,120.0,67.49,397.93,41.96,0.3,0.3,9.75,14.96,2.63,30.11,65.79,51.57,25.94
2018-01-12 09:30:00,1,1,68.29,72.0,68.0,62.7,67.54,68.29,0.8,0.0,5.63,45.0,47.29,0.33,0.33,0.32,120.0,67.4,397.93,41.96,0.3,0.3,9.75,15.11,2.63,30.12,65.6,51.65,25.98
2018-01-12 09:31:00,1,1,68.29,72.0,68.0,62.71,67.49,68.29,0.8,0.0,5.63,45.0,47.29,0.33,0.33,0.32,120.0,67.31,397.93,41.96,0.3,0.3,9.75,15.26,2.63,30.13,65.4,51.73,26.01
2018-01-12 09:32:00,1,1,68.29,72.0,68.0,62.73,67.44,68.29,0.8,0.0,5.63,45.0,47.3,0.33,0.33,0.32,120.0,67.22,397.93,41.96,0.3,0.3,9.75,15.42,2.63,30.14,65.21,51.81,26.03
2018-01-12 09:33:00,1,1,68.29,72.0,68.0,62.74,67.39,68.29,0.8,0.0,5.63,45.0,47.3,0.33,0.33,0.32,120.0,67.13,397.93,41.96,0.3,0.3,9.75,15.57,2.63,30.14,65.0,51.89,26.06
2018-01-12 09:34:00,1,1,68.29,72.0,68.0,62.76,67.34,68.29,0.8,0.0,5.63,45.0,47.3,0.33,0.33,0.32,120.0,67.05,397.93,41.96,0.3,0.3,9.75,15.73,2.63,30.14,64.8,51.97,26.09
2018-01-12 09:35:00,1,1,68.29,72.0,68.0,62.77,67.29,68.29,0.8,0.0,5.63,45.0,47.3,0.33,0.33,0.32,120.0,66.96,397.93,41.96,0.3,0.3,9.75,15.88,2.63,30.14,64.59,52.05,26.11
2018-01-12 09:36:00,1,1,68.28,72.0,68.0,62.79,67.24,68.28,0.8,0.0,5.63,45.0,47.3,0.33,0.33,0.32,120.0,66.88,397.93,41.96,0.3,0.3,9.75,16.04,2.63,30.14,64.38,52.13,26.13
2018-01-12 09:37:00,1,1,68.28,72.0,68.0,62.8,67.19,68.28,0.8,0.0,5.63,45.0,47.31,0.32,0.32,0.31,120.0,66.8,397.93,41.96,0.3,0.3,9.75,16.19,2.63,30.14,64.16,52.21,26.15
2018-01-12 09:38:00,1,1,68.28,72.0,68.0,62.81,67.14,68.28,0.8,0.0,5.63,45.0,47.31,0.32,0.32,0.31,120.0,66.71,397.93,41.96,0.3,0.3,9.75,16.35,2.63,30.13,63.94,52.29,26.17
2018-01-12 09:39:00,1,1,68.27,72.0,68.0,62.83,67.09,68.27,0.8,0.0,5.63,45.0,47.31,0.32,0.32,0.31,120.0,66.63,397.93,41.96,0.3,0.3,9.75,16.51,2.63,30.13,63.72,52.36,26.19
2018-01-12 09:40:00,1,1,68.27,72.0,68.0,62.84,67.05,68.27,0.8,0.0,5.63,45.0,47.31,0.32,0.32,0.31,120.0,66.55,397.93,41.96,0.3,0.3,9.75,16.66,2.63,30.12,63.49,52.44,26.2
2018-01-12 09:41:00,1,1,68.27,72.0,68.0,62.85,67.0,68.27,0.8,0.0,5.63,45.0,47.31,0.32,0.32,0.31,120.0,66.48,397.93,41.96,0.3,0.3,9.75,16.82,2.63,30.11,63.26,52.51,26.22
2018-01-12 09:42:00,1,1,68.26,72.0,68.0,62.87,66.96,68.26,0.8,0.0,5.63,45.0,47.32,0.32,0.32,0.31,120.0,66.4,397.93,41.96,0.3,0.3,9.75,16.98,2.63,30.09,63.03,52.58,26.23
2018-01-12 09:43:00,1,1,68.26,72.0,68.0,62.88,66.91,68.26,0.8,0.0,5.63,45.0,47.32,0.32,0.32,0.31,120.0,66.33,397.93,41.96,0.3,0.3,9.75,17.14,2.63,30.08,62.79,52.66,26.24
2018-01-12 09:44:00,1,1,68.26,72.0,68.0,62.89,66.87,68.26,0.8,0.0,5.63,45.0,47.32,0.32,0.32,0.31,120.0,66.25,397.93,41.96,0.3,0.3,9.75,17.3,2.63,30.06,62.55,52.73,26.24
2018-01-12 09:45:00,1,1,68.25,72.0,68.0,62.91,66.83,68.25,0.8,0.0,5.63,45.0,47.32,0.32,0.32,0.3,120.0,66.18,397.93,41.96,0.3,0.3,9.75,17.46,2.63,30.04,62.3,52.8,26.25
2018-01-12 09:46:00,1,1,68.25,72.0,68.0,62.92,66.78,68.25,0.8,0.0,5.63,45.0,47.32,0.32,0.32,0.3,120.0,66.11,397.93,41.96,0.3,0.3,9.75,17.61,2.63,30.01,62.05,52.87,26.25
2018-01-12 09:47:00,1,1,68.24,72.0,68.0,62.93,66.74,68.24,0.8,0.0,5.63,45.0,47.32,0.32,0.32,0.3,120.0,66.04,397.93,41.96,0.3,0.3,9.75,17.77,2.63,29.99,61.8,52.94,26.25
2018-01-12 09:48:00,1,1,68.24,72.0,68.0,62.95,66.7,68.24,0.8,0.0,5.63,45.0,47.33,0.32,0.32,0.3,120.0,65.97,397.93,41.96,0.3,0.3,9.75,17.93,2.63,29.96,61.54,53.01,26.25
2018-01-12 09:49:00,1,1,68.24,72.0,68.0,62.96,66.66,68.24,0.8,0.0,5.63,45.0,47.33,0.32,0.32,0.3,120.0,65.9,397.93,41.96,0.3,0.3,9.75,18.09,2.63,29.93,61.28,53.07,26.25
2018-01-12 09:50:00,1,1,68.23,72.0,68.0,62.98,66.62,68.23,0.8,0.0,5.63,45.0,47.33,0.32,0.32,0.3,120.0,65.84,397.93,41.96,0.3,0.3,9.75,18.25,2.63,29.9,61.02,53.14,26.24
2018-01-12 09:51:00,1,1,68.23,72.0,68.0,62.99,66.58,68.23,0.8,0.0,5.63,45.0,47.33,0.32,0.32,0.3,120.0,65.77,397.93,41.96,0.3,0.3,9.75,18.42,2.63,29.86,60.75,53.21,26.24
2018-01-12 09:52:00,1,1,68.23,72.0,68.0,63.0,66.54,68.23,0.8,0.0,5.63,45.0,47.33,0.32,0.32,0.3,120.0,65.71,397.93,41.96,0.3,0.3,9.75,18.58,2.63,29.82,60.48,53.27,26.23
2018-01-12 09:53:00,1,1,68.22,72.0,68.0,63.02,66.51,68.22,0.8,0.0,5.63,45.0,47.33,0.32,0.32,0.3,120.0,65.64,397.93,41.96,0.3,0.3,9.75,18.74,2.63,29.78,60.2,53.33,26.22
2018-01-12 09:54:00,1,1,68.22,72.0,68.0,63.03,66.47,68.22,0.8,0.0,5.63,45.0,47.34,0.32,0.32,0.3,120.0,65.58,397.93,41.96,0.3,0.3,9.75,18.9,2.63,29.74,59.92,53.4,26.2
2018-01-12 09:55:00,1,1,68.22,72.0,68.0,63.05,66.43,68.22,0.8,0.0,5.63,45.0,47.34,0.32,0.32,0.29,120.0,65.52,397.93,41.96,0.3,0.3,9.75,19.06,2.63,29.7,59.63,53.46,26.19
2018-01-12 09:56:00,1,1,68.21,72.0,68.0,63.06,66.39,68.21,0.8,0.0,5.63,45.0,47.34,0.32,0.32,0.29,120.0,65.45,397.93,41.96,0.3,0.3,9.75,19.22,2.63,29.65,59.35,53.53,26.17
2018-01-12 09:57:00,1,1,68.21,72.0,68.0,63.08,66.36,68.21,0.8,0.0,5.63,45.0,47.34,0.32,0.32,0.29,120.0,65.39,397.93,41.96,0.3,0.3,9.75,19.38,2.63,29.6,59.05,53.59,26.15
2018-01-12 09:58:00,1,1,68.21,72.0,68.0,63.09,66.32,68.21,0.8,0.0,5.63,45.0,47.34,0.32,0.32,0.29,120.0,65.33,397.93,41.96,0.3,0.3,9.75,19.54,2.63,29.55,58.76,53.65,26.13
2018-01-12 09:59:00,1,1,68.21,72.0,68.0,63.11,66.28,68.21,0.8,0.0,5.63,45.0,47.35,0.31,0.31,0.29,120.0,65.27,397.93,41.96,0.3,0.3,9.75,19.7,2.63,29.5,58.45,53.71,26.1
2018-01-12 10:00:00,1,1,68.2,72.0,68.0,63.12,66.25,68.2,0.8,0.0,5.63,45.0,47.35,0.31,0.31,0.29,120.0,65.21,397.93,41.96,0.3,0.3,9.75,19.87,2.63,29.45,58.15,53.77,26.08
2018-01-12 10:01:00,1,1,68.2,72.0,68.0,63.14,66.21,68.2,0.8,0.0,5.63,45.0,47.35,0.31,0.31,0.29,120.0,65.15,397.93,41.96,0.3,0.3,9.75,20.02,2.63,29.39,57.75,53.84,26.05
2018-01-12 10:02:00,1,1,68.2,72.0,68.0,63.15,66.17,68.2,0.8,0.0,5.63,45.0,47.35,0.31,0.31,0.29,120.0,65.09,397.93,41.96,0.3,0.3,9.75,20.17,2.63,29.32,57.29,53.9,26.02
2018-01-12 10:03:00,1,1,68.21,72.0,68.0,63.17,66.13,68.21,0.8,0.0,5.63,45.0,47.35,0.31,0.31,0.29,120.0,65.03,397.93,41.96,0.3,0.3,9.75,20.33,2.63,29.25,56.83,53.97,25.98
2018-01-12 10:04:00,1,1,68.21,72.0,68.0,63.19,66.09,68.21,0.8,0.0,5.63,45.0,47.36,0.31,0.31,0.29,120.0,64.96,397.93,41.96,0.3,0.3,9.75,20.48,2.63,29.18,56.36,54.03,25.94
2018-01-12 10:05:00,1,1,68.21,72.0,68.0,63.21,66.05,68.21,0.8,0.0,5.63,45.0,47.36,0.31,0.31,0.28,120.0,64.9,397.93,41.96,0.3,0.3,9.75,20.63,2.63,29.1,55.88,54.11,25.9
2018-01-12 10:06:00,1,1,68.22,72.0,68.0,63.23,66.01,68.22,0.8,0.0,5.63,45.0,47.36,0.31,0.31,0.28,120.0,64.82,397.93,41.96,0.3,0.3,9.75,20.78,2.63,29.02,55.41,54.18,25.85
2018-01-12 10:07:00,1,1,68.23,72.0,68.0,63.25,65.96,68.23,0.8,0.0,5.63,45.0,47.36,0.31,0.31,0.28,120.0,64.75,397.93,41.96,0.3,0.3,9.75,20.94,2.63,28.94,54.93,54.26,25.8
2018-01-12 10:08:00,1,1,68.23,72.0,68.0,63.28,65.91,68.23,0.8,0.0,5.63,45.0,47.37,0.31,0.31,0.28,120.0,64.67,397.93,41.96,0.3,0.3,9.75,21.09,2.63,28.85,54.44,54.35,25.75
2018-01-12 10:09:00,1,1,68.24,72.0,68.0,63.3,65.87,68.24,0.8,0.0,5.63,45.0,47.37,0.31,0.31,0.28,120.0,64.59,397.93,41.96,0.3,0.3,9.75,21.24,2.63,28.77,53.96,54.43,25.7
2018-01-12 10:10:00,1,1,68.25,72.0,68.0,63.32,65.81,68.25,0.8,0.0,5.63,45.0,47.37,0.31,0.31,0.28,120.0,64.51,397.93,41.96,0.3,0.3,9.75,21.39,2.63,28.68,53.47,54.52,25.65
2018-01-12 10:11:00,1,1,68.25,72.0,68.0,63.34,65.76,68.25,0.8,0.0,5.63,45.0,47.38,0.31,0.31,0.28,120.0,64.43,397.93,41.96,0.3,0.3,9.75,21.55,2.63,28.59,52.98,54.61,25.59
2018-01-12 10:12:00,1,1,68.26,72.0,68.0,63.36,65.71,68.26,0.8,0.0,5.63,45.0,47.38,0.31,0.31,0.28,120.0,64.34,397.93,41.96,0.3,0.3,9.75,21.7,2.63,28.5,52.49,54.71,25.53
2018-01-12 10:13:00,1,1,68.26,72.0,68.0,63.38,65.65,68.26,0.8,0.0,5.63,45.0,47.38,0.31,0.31,0.27,120.0,64.26,397.93,41.96,0.3,0.3,9.75,21.85,2.63,28.4,51.99,54.8,25.47
2018-01-12 10:14:00,1,1,68.27,72.0,68.0,63.4,65.6,68.27,0.8,0.0,5.63,45.0,47.38,0.31,0.31,0.27,120.0,64.17,397.93,41.96,0.3,0.3,9.75,22.0,2.63,28.31,51.5,54.9,25.41
2018-01-12 10:15:00,1,1,68.28,72.0,68.0,63.43,65.54,68.28,0.8,0.0,5.63,45.0,47.39,0.31,0.31,0.27,120.0,64.08,397.93,41.96,0.3,0.3,9.75,22.16,2.63,28.21,51.0,55.01,25.35
2018-01-12 10:16:00,1,1,68.28,72.0,68.0,63.45,65.48,68.28,0.8,0.0,5.63,45.0,47.39,0.31,0.31,0.27,120.0,63.99,397.93,41.96,0.3,0.3,9.75,22.31,2.63,28.11,50.5,55.11,25.28
2018-01-12 10:17:00,1,1,68.29,72.0,68.0,63.47,65.42,68.29,0.8,0.0,5.63,45.0,47.39,0.31,0.31,0.27,120.0,63.89,397.93,41.96,0.3,0.3,9.75,22.46,2.63,28.01,50.0,55.22,25.22
2018-01-12 10:18:00,1,1,68.29,72.0,68.0,63.49,65.36,68.29,0.8,0.0,5.63,45.0,47.39,0.3,0.3,0.27,120.0,63.8,397.93,41.96,0.3,0.3,9.75,22.61,2.63,27.91,49.5,55.33,25.15
2018-01-12 10:19:00,1,1,68.29,72.0,68.0,63.51,65.3,68.29,0.8,0.0,5.63,45.0,47.4,0.3,0.3,0.27,120.0,63.7,397.93,41.96,0.3,0.3,9.75,22.76,2.63,27.81,49.0,55.44,25.08
2018-01-12 10:20:00,1,1,68.3,72.0,68.0,63.53,65.24,68.3,0.8,0.0,5.63,45.0,47.4,0.3,0.3,0.26,120.0,63.61,397.93,41.96,0.3,0.3,9.75,22.91,2.63,27.71,48.5,55.55,25.01
2018-01-12 10:21:00,1,1,68.3,72.0,68.0,63.55,65.18,68.3,0.8,0.0,5.63,45.0,47.4,0.3,0.3,0.26,120.0,63.51,397.93,41.96,0.3,0.3,9.75,23.07,2.63,27.6,77.53,55.66,24.94
2018-01-12 10:22:00,1,1,68.31,72.0,68.0,63.57,65.11,68.31,0.8,0.0,5.63,45.0,47.4,0.3,0.3,0.26,120.0,63.41,397.93,41.96,0.3,0.3,9.75,23.22,2.63,27.5,80.72,55.78,24.87
2018-01-12 10:23:00,1,1,68.31,72.0,68.0,63.58,65.05,68.31,0.8,0.0,5.63,45.0,47.41,0.3,0.3,0.26,120.0,63.32,397.93,41.96,0.3,0.3,9.75,23.37,2.63,27.39,79.56,55.9,24.79
2018-01-12 10:24:00,1,1,68.31,72.0,68.0,63.6,64.99,68.31,0.8,0.0,5.63,45.0,47.41,0.3,0.3,0.26,120.0,63.22,397.93,41.96,0.3,0.3,9.75,23.52,2.63,27.28,77.86,56.02,24.72
2018-01-12 10:25:00,1,1,68.31,72.0,68.0,63.62,64.92,68.31,0.8,0.0,5.63,45.0,47.41,0.3,0.3,0.26,120.0,63.12,397.93,41.96,0.3,0.3,9.75,23.67,2.63,27.17,76.13,56.14,24.64
2018-01-12 10:26:00,1,1,68.32,72.0,68.0,63.64,64.85,68.32,0.8,0.0,5.63,45.0,47.41,0.3,0.3,0.26,120.0,63.02,397.93,41.96,0.3,0.3,9.75,23.82,2.63,27.06,74.42,56.26,24.57
2018-01-12 10:27:00,1,1,68.32,72.0,68.0,63.66,64.79,68.32,0.8,0.0,5.63,45.0,47.42,0.3,0.3,0.25,120.0,62.92,397.93,41.96,0.3,0.3,9.75,23.97,2.63,26.95,72.76,56.39,24.49
2018-01-12 10:28:00,1,1,68.32,72.0,68.0,63.67,64.72,68.32,0.8,0.0,5.63,45.0,47.42,0.3,0.3,0.25,120.0,62.82,397.93,41.96,0.3,0.3,9.75,24.13,2.63,26.84,71.14,56.51,24.41
2018-01-12 10:29:00,1,1,68.32,72.0,68.0,63.69,64.65,68.32,0.8,0.0,5.63,45.0,47.42,0.3,0.3,0.25,120.0,62.72,397.93,41.96,0.3,0.3,9.75,24.28,2.63,26.72,69.55,56.64,24.33
2018-01-12 10:30:00,1,1,68.32,72.0,68.0,63.71,64.59,68.32,0.8,0.0,5.63,45.0,47.42,0.3,0.3,0.25,120.0,62.62,397.93,41.96,0.3,0.3,9.75,24.43,2.63,26.61,68.01,56.77,24.25
2018-01-12 10:31:00,1,1,68.32,72.0,68.0,63.73,64.52,68.32,0.8,0.0,5.63,45.0,47.43,0.3,0.3,0.25,120.0,62.52,397.93,41.96,0.3,0.3,9.75,24.58,2.63,26.5,66.51,56.9,24.17
2018-01-12 10:32:00,1,1,68.33,72.0,68.0,63.74,64.45,68.33,0.8,0.0,5.63,45.0,47.43,0.3,0.3,0.25,120.0,62.42,397.93,41.96,0.3,0.3,9.75,24.73,2.63,26.38,65.04,57.03,24.09
2018-01-12 10:33:00,1,1,68.33,72.0,68.0,63.76,64.38,68.33,0.8,0.0,5.63,45.0,47.43,0.29,0.29,0.25,120.0,62.32,397.93,41.96,0.3,0.3,9.75,24.88,2.63,26.27,63.61,57.16,24.0
2018-01-12 10:34:00,1,1,68.33,72.0,68.0,63.78,64.31,68.33,0.8,0.0,5.63,45.0,47.43,0.29,0.29,0.24,120.0,62.22,397.93,41.96,0.3,0.3,9.75,25.03,2.63,26.15,62.21,57.29,23.92
2018-01-12 10:35:00,1,1,68.33,72.0,68.0,63.79,64.25,68.33,0.8,0.0,5.63,45.0,47.43,0.29,0.29,0.24,120.0,62.12,397.93,41.96,0.3,0.3,9.75,25.18,2.63,26.03,60.85,57.42,23.84
2018-01-12 10:36:00,1,1,68.33,72.0,68.0,63.81,64.18,68.33,0.8,0.0,5.63,45.0,47.44,0.29,0.29,0.24,120.0,62.02,397.93,41.96,0.3,0.3,9.75,25.33,2.63,25.91,59.53,57.56,23.75
2018-01-12 10:37:00,1,1,68.33,72.0,68.0,63.82,64.11,68.33,0.8,0.0,5.63,45.0,47.44,0.29,0.29,0.24,120.0,61.92,397.93,41.96,0.3,0.3,9.75,25.48,2.63,25.8,58.23,57.69,23.66
2018-01-12 10:38:00,1,1,68.33,72.0,68.0,63.84,64.04,68.33,0.8,0.0,5.63,45.0,47.44,0.29,0.29,0.24,120.0,61.82,397.93,41.96,0.3,0.3,9.75,25.63,2.63,25.68,56.97,57.83,23.58
2018-01-12 10:39:00,1,1,68.33,72.0,68.0,63.85,63.97,68.33,0.8,0.0,5.63,45.0,47.44,0.29,0.29,0.24,120.0,61.72,397.93,41.96,0.3,0.3,9.75,25.78,2.63,25.56,55.74,57.96,23.49
2018-01-12 10:40:00,1,1,68.33,72.0,68.0,63.87,63.9,68.33,0.8,0.0,5.63,45.0,47.44,0.29,0.29,0.24,120.0,61.62,397.93,41.96,0.3,0.3,9.75,25.93,2.63,25.44,54.55,58.1,23.4
2018-01-12 10:41:00,1,1,68.33,72.0,68.0,63.88,63.83,68.33,0.8,0.0,5.63,45.0,47.45,0.29,0.29,0.23,120.0,61.52,397.93,41.96,0.3,0.3,9.75,26.08,2.63,25.32,53.38,58.24,23.31
2018-01-12 10:42:00,1,1,68.32,72.0,68.0,63.9,63.76,68.32,0.8,0.0,5.63,45.0,47.45,0.29,0.29,0.23,120.0,61.43,397.93,41.96,0.3,0.3,9.75,26.23,2.63,25.2,52.24,58.38,23.22
2018-01-12 10:43:00,1,1,68.32,72.0,68.0,63.91,63.69,68.32,0.8,0.0,5.63,45.0,47.45,0.29,0.29,0.23,120.0,61.33,397.93,41.96,0.3,0.3,9.75,26.37,2.63,25.08,51.13,58.52,23.13
2018-01-12 10:44:00,1,1,68.32,72.0,68.0,63.93,63.63,68.32,0.8,0.0,5.63,45.0,47.45,0.29,0.29,0.23,120.0,61.23,397.93,41.96,0.3,0.3,9.75,26.52,2.63,24.96,50.05,58.66,23.04
2018-01-12 10:45:00,1,1,68.32,72.0,68.0,63.94,63.56,68.32,0.8,0.0,5.63,45.0,47.45,0.29,0.29,0.23,120.0,61.14,397.93,41.96,0.3,0.3,9.75,26.67,2.63,24.84,49.0,58.8,22.95
2018-01-12 10:46:00,1,1,68.32,72.0,68.0,63.96,63.49,68.32,0.8,0.0,5.63,45.0,47.45,0.29,0.29,0.23,120.0,61.04,397.93,41.96,0.3,0.3,9.75,26.82,2.63,24.71,47.98,58.94,22.86
2018-01-12 10:47:00,1,1,68.32,72.0,68.0,63.97,63.42,68.32,0.8,0.0,5.63,45.0,47.46,0.29,0.29,0.23,120.0,60.95,397.93,41.96,0.3,0.3,9.75,26.97,2.63,24.59,46.98,59.08,22.77
2018-01-12 10:48:00,1,1,68.32,72.0,68.0,63.99,63.35,68.32,0.8,0.0,5.63,45.0,47.46,0.28,0.28,0.22,120.0,60.86,397.93,41.96,0.3,0.3,9.75,27.12,2.63,24.47,46.01,59.22,22.68
2018-01-12 10:49:00,1,1,68.32,72.0,68.0,64.0,63.28,68.32,0.8,0.0,5.63,45.0,47.46,0.28,0.28,0.22,120.0,60.76,397.93,41.96,0.3,0.3,9.75,27.26,2.63,24.35,45.07,59.36,22.59
2018-01-12 10:50:00,1,1,68.32,72.0,68.0,64.02,63.22,68.32,0.8,0.0,5.63,45.0,47.46,0.28,0.28,0.22,120.0,60.67,397.93,41.96,0.3,0.3,9.75,27.41,2.63,24.23,44.15,59.5,22.49
2018-01-12 10:51:00,1,1,68.31,72.0,68.0,64.03,63.15,68.31,0.8,0.0,5.63,45.0,47.46,0.28,0.28,0.22,120.0,60.58,397.93,41.96,0.3,0.3,9.75,27.56,2.63,24.11,43.25,59.64,22.4
2018-01-12 10:52:00,1,1,68.31,72.0,68.0,64.04,63.08,68.31,0.8,0.0,5.63,45.0,47.47,0.28,0.28,0.22,120.0,60.49,397.93,41.96,0.3,0.3,9.75,27.7,2.63,23.99,42.39,59.78,22.31
2018-01-12 10:53:00,1,1,68.31,72.0,68.0,64.06,63.01,68.31,0.8,0.0,5.63,45.0,47.47,0.28,0.28,0.22,120.0,60.4,397.93,41.96,0.3,0.3,9.75,27.85,2.63,23.87,41.54,59.93,22.22
2018-01-12 10:54:00,1,1,68.31,72.0,68.0,64.07,62.95,68.31,0.8,0.0,5.63,45.0,47.47,0.28,0.28,0.22,120.0,60.31,397.93,41.96,0.3,0.3,9.75,28.0,2.63,23.75,40.72,60.07,22.12
2018-01-12 10:55:00,1,1,68.31,72.0,68.0,64.09,62.88,68.31,0.8,0.0,5.63,45.0,47.47,0.28,0.28,0.21,120.0,60.22,397.93,41.96,0.3,0.3,9.75,28.14,2.63,23.63,39.93,60.21,22.03
2018-01-12 10:56:00,1,1,68.3,72.0,68.0,64.1,62.82,68.3,0.8,0.0,5.63,45.0,47.47,0.28,0.28,0.21,120.0,60.14,397.93,41.96,0.3,0.3,9.75,28.29,2.63,23.51,39.16,60.35,21.94
2018-01-12 10:57:00,1,1,68.3,72.0,68.0,64.11,62.75,68.3,0.8,0.0,5.63,45.0,47.47,0.28,0.28,0.21,120.0,60.05,397.93,41.96,0.3,0.3,9.75,28.44,2.63,23.4,38.41,60.49,21.85
2018-01-12 10:58:00,1,1,68.3,72.0,68.0,64.13,62.68,68.3,0.8,0.0,5.63,45.0,47.48,0.28,0.28,0.21,120.0,59.97,397.93,41.96,0.3,0.3,9.75,28.58,2.63,23.28,37.68,60.64,21.75
2018-01-12 10:59:00,1,1,68.3,72.0,68.0,64.14,62.62,68.3,0.8,0.0,5.63,45.0,47.48,0.28,0.28,0.21,120.0,59.88,397.93,41.96,0.3,0.3,9.75,28.73,2.63,23.16,36.98,60.78,21.66
2018-01-12 11:00:00,1,1,68.3,72.0,68.0,64.15,62.55,68.3,0.8,0.0,5.63,45.0,47.48,0.28,0.28,0.21,120.0,59.8,397.93,41.96,0.3,0.3,9.75,28.87,2.63,23.04,36.29,60.92,21.57
2018-01-12 11:01:00,1,1,68.29,72.0,68.0,64.17,62.49,68.29,0.8,0.0,5.63,45.0,47.48,0.28,0.28,0.21,120.0,59.72,397.93,41.96,0.3,0.3,9.75,29.02,2.63,22.93,35.79,61.06,21.48
2018-01-12 11:02:00,1,1,68.29,72.0,68.0,64.18,62.43,68.29,0.8,0.0,5.63,45.0,47.48,0.28,0.28,0.21,120.0,59.64,397.93,41.96,0.3,0.3,9.75,29.17,2.63,22.83,35.39,61.2,21.39
2018-01-12 11:03:00,1,1,68.29,72.0,68.0,64.19,62.36,68.29,0.8,0.0,5.63,45.0,47.48,0.28,0.28,0.2,120.0,59.56,397.93,41.96,0.3,0.3,9.75,29.32,2.63,22.72,35.03,61.34,21.3
2018-01-12 11:04:00,1,1,68.28,72.0,68.0,64.2,62.3,68.28,0.8,0.0,5.63,45.0,47.49,0.27,0.27,0.2,120.0,59.48,397.93,41.96,0.3,0.3,9.75,29.47,2.63,22.62,34.68,61.48,21.22
2018-01-12 11:05:00,1,1,68.28,72.0,68.0,64.22,62.24,68.28,0.8,0.0,5.63,45.0,47.49,0.27,0.27,0.2,120.0,59.4,397.93,41.96,0.3,0.3,9.75,29.63,2.63,22.53,34.34,61.61,21.14
2018-01-12 11:06:00,1,1,68.28,72.0,68.0,64.23,62.18,68.28,0.8,0.0,5.63,45.0,47.49,0.27,0.27,0.2,120.0,59.33,397.93,41.96,0.3,0.3,9.75,29.78,2.63,22.43,34.03,61.75,21.06
2018-01-12 11:07:00,1,1,68.27,72.0,68.0,64.24,62.12,68.27,0.8,0.0,5.63,45.0,47.49,0.27,0.27,0.2,120.0,59.26,397.93,41.96,0.3,0.3,9.75,29.92,2.63,22.34,33.72,61.88,20.98
2018-01-12 11:08:00,1,1,68.27,72.0,68.0,64.25,62.07,68.27,0.8,0.0,5.63,45.0,47.49,0.27,0.27,0.2,120.0,59.18,397.93,41.96,0.3,0.3,9.75,30.07,2.63,22.25,33.43,62.01,20.91
2018-01-12 11:09:00,1,1,68.26,72.0,68.0,64.26,62.01,68.26,0.8,0.0,5.63,45.0,47.49,0.27,0.27,0.2,120.0,59.12,397.93,41.96,0.3,0.3,9.75,30.22,2.63,22.16,33.16,62.14,20.83
2018-01-12 11:10:00,1,1,68.26,72.0,68.0,64.28,61.95,68.26,0.8,0.0,5.63,45.0,47.5,0.27,0.27,0.2,120.0,59.05,397.93,41.96,0.3,0.3,9.75,30.37,2.63,22.08,32.89,62.26,20.76
2018-01-12 11:11:00,1,1,68.26,72.0,68.0,64.29,61.9,68.26,0.8,0.0,5.63,45.0,47.5,0.27,0.27,0.2,120.0,58.98,397.93,41.96,0.3,0.3,9.75,30.52,2.63,22.0,32.64,62.39,20.69
2018-01-12 11:12:00,1,1,68.25,72.0,68.0,64.3,61.84,68.25,0.8,0.0,5.63,45.0,47.5,0.27,0.27,0.2,120.0,58.92,397.93,41.96,0.3,0.3,9.75,30.67,2.63,21.92,32.41,62.52,20.63
2018-01-12 11:13:00,1,1,68.25,72.0,68.0,64.31,61.79,68.25,0.8,0.0,5.63,45.0,47.5,0.27,0.27,0.19,120.0,58.85,397.93,41.96,0.3,0.3,9.75,30.82,2.63,21.84,32.18,62.64,20.56
2018-01-12 11:14:00,1,1,68.24,72.0,68.0,64.32,61.74,68.24,0.8,0.0,5.63,45.0,47.5,0.27,0.27,0.19,120.0,58.79,397.93,41.96,0.3,0.3,9.75,30.96,2.63,21.76,31.96,62.76,20.5
2018-01-12 11:15:00,1,1,68.24,72.0,68.0,64.34,61.69,68.24,0.8,0.0,5.63,45.0,47.5,0.27,0.27,0.19,120.0,58.73,397.93,41.96,0.3,0.3,9.75,31.11,2.63,21.69,31.76,62.88,20.44
2018-01-12 11:16:00,1,1,68.24,72.0,68.0,64.35,61.64,68.24,0.8,0.0,5.63,45.0,47.5,0.27,0.27,0.19,120.0,58.67,397.93,41.96,0.3,0.3,9.75,31.25,2.63,21.62,31.57,63.0,20.38
2018-01-12 11:17:00,1,1,68.23,72.0,68.0,64.36,61.59,68.23,0.8,0.0,5.63,45.0,47.51,0.27,0.27,0.19,120.0,58.61,397.93,41.96,0.3,0.3,9.75,31.4,2.63,21.55,31.38,63.12,20.32
2018-01-12 11:18:00,1,1,68.23,72.0,68.0,64.37,61.54,68.23,0.8,0.0,5.63,45.0,47.51,0.27,0.27,0.19,120.0,58.55,397.93,41.96,0.3,0.3,9.75,31.55,2.63,21.49,31.21,63.24,20.27
2018-01-12 11:19:00,1,1,68.22,72.0,68.0,64.38,61.49,68.22,0.8,0.0,5.63,45.0,47.51,0.27,0.27,0.19,120.0,58.49,397.93,41.96,0.3,0.3,9.75,31.69,2.63,21.42,31.04,63.35,20.22
2018-01-12 11:20:00,1,1,68.22,72.0,68.0,64.4,61.44,68.22,0.8,0.0,5.63,45.0,47.51,0.27,0.27,0.19,120.0,58.44,397.93,41.96,0.3,0.3,9.75,31.83,2.63,21.36,30.89,63.47,20.16
2018-01-12 11:21:00,1,1,68.22,72.0,68.0,64.41,61.39,68.22,0.8,0.0,5.63,45.0,47.51,0.27,0.27,0.19,120.0,58.38,397.93,41.96,0.3,0.3,9.75,31.98,2.63,21.3,30.74,63.58,20.12
2018-01-12 11:22:00,1,1,68.21,72.0,68.0,64.42,61.35,68.21,0.8,0.0,5.63,45.0,47.51,0.27,0.27,0.19,120.0,58.33,397.93,41.96,0.3,0.3,9.75,32.12,2.63,21.24,30.6,63.69,20.07
2018-01-12 11:23:00,1,1,68.21,72.0,68.0,64.43,61.3,68.21,0.8,0.0,5.63,45.0,47.51,0.27,0.27,0.19,120.0,58.28,397.93,41.96,0.3,0.3,9.75,32.26,2.63,21.19,30.47,63.8,20.02
2018-01-12 11:24:00,1,1,68.21,72.0,68.0,64.44,61.25,68.21,0.8,0.0,5.63,45.0,47.52,0.27,0.27,0.18,120.0,58.23,397.93,41.96,0.3,0.3,9.75,32.4,2.63,21.14,30.35,63.91,19.98
2018-01-12 11:25:00,1,1,68.2,72.0,68.0,64.45,61.21,68.2,0.8,0.0,5.63,45.0,47.52,0.27,0.27,0.18,120.0,58.17,397.93,41.96,0.3,0.3,9.75,32.55,2.63,21.09,30.23,64.02,19.94
2018-01-12 11:26:00,1,1,68.2,72.0,68.0,64.47,61.17,68.2,0.8,0.0,5.63,45.0,47.52,0.26,0.26,0.18,120.0,58.13,397.93,41.96,0.3,0.3,9.75,32.69,2.63,21.04,30.13,64.12,19.9
2018-01-12 11:27:00,1,1,68.2,72.0,68.0,64.48,61.12,68.2,0.8,0.0,5.63,45.0,47.52,0.26,0.26,0.18,120.0,58.08,397.93,41.96,0.3,0.3,9.75,32.83,2.63,20.99,30.02,64.23,19.86
2018-01-12 11:28:00,1,1,68.19,72.0,68.0,64.49,61.08,68.19,0.8,0.0,5.63,45.0,47.52,0.26,0.26,0.18,120.0,58.03,397.93,41.96,0.3,0.3,9.75,32.97,2.63,20.94,29.93,64.33,19.82
2018-01-12 11:29:00,1,1,68.19,72.0,68.0,64.5,61.04,68.19,0.8,0.0,5.63,45.0,47.52,0.26,0.26,0.18,120.0,57.98,397.93,41.96,0.3,0.3,9.75,33.1,2.63,20.9,29.84,64.44,19.79
2018-01-12 11:30:00,1,1,68.19,72.0,68.0,64.51,61.0,68.19,0.8,0.0,5.63,45.0,47.53,0.26,0.26,0.18,120.0,57.94,397.93,41.96,0.3,0.3,9.75,33.24,2.63,20.86,29.76,64.54,19.75
2018-01-12 11:31:00,1,1,68.19,72.0,68.0,64.53,60.95,68.19,0.8,0.0,5.63,45.0,47.53,0.26,0.26,0.18,120.0,57.89,397.93,41.96,0.3,0.3,9.75,33.38,2.63,20.82,29.68,64.64,19.72
2018-01-12 11:32:00,1,1,68.18,72.0,68.0,64.54,60.92,68.18,0.8,0.0,5.63,45.0,47.53,0.26,0.26,0.18,120.0,57.85,397.93,41.96,0.3,0.3,9.75,33.52,2.63,20.78,29.61,64.74,19.69
2018-01-12 11:33:00,1,1,68.18,72.0,68.0,64.55,60.88,68.18,0.8,0.0,5.63,45.0,47.53,0.26,0.26,0.18,120.0,57.81,397.93,41.96,0.3,0.3,9.75,33.65,2.63,20.75,29.54,64.84,19.66
2018-01-12 11:34:00,1,1,68.18,72.0,68.0,64.56,60.84,68.18,0.8,0.0,5.63,45.0,47.53,0.26,0.26,0.18,120.0,57.76,397.93,41.96,0.3,0.3,9.75,33.79,2.63,20.71,29.48,64.93,19.63
2018-01-12 11:35:00,1,1,68.17,72.0,68.0,64.57,60.8,68.17,0.8,0.0,5.63,45.0,47.53,0.26,0.26,0.18,120.0,57.72,397.93,41.96,0.3,0.3,9.75,33.92,2.63,20.68,29.42,65.03,19.61
2018-01-12 11:36:00,1,1,68.17,72.0,68.0,64.58,60.76,68.17,0.8,0.0,5.63,45.0,47.53,0.26,0.26,0.18,120.0,57.68,397.93,41.96,0.3,0.3,9.75,34.05,2.63,20.65,29.37,65.12,19.58
2018-01-12 11:37:00,1,1,68.17,72.0,68.0,64.59,60.72,68.17,0.8,0.0,5.63,45.0,47.54,0.26,0.26,0.18,120.0,57.64,397.93,41.96,0.3,0.3,9.75,34.19,2.63,20.62,29.32,65.21,19.56
2018-01-12 11:38:00,1,1,68.17,72.0,68.0,64.61,60.69,68.17,0.8,0.0,5.63,45.0,47.54,0.26,0.26,0.17,120.0,57.61,397.93,41.96,0.3,0.3,9.75,34.32,2.63,20.6,29.28,65.3,19.54
2018-01-12 11:39:00,1,1,68.16,72.0,68.0,64.62,60.65,68.16,0.8,0.0,5.63,45.0,47.54,0.26,0.26,0.17,120.0,57.57,397.93,41.96,0.3,0.3,9.75,34.45,2.63,20.57,29.24,65.39,19.52
2018-01-12 11:40:00,1,1,68.16,72.0,68.0,64.63,60.62,68.16,0.8,0.0,5.63,45.0,47.54,0.26,0.26,0.17,120.0,57.53,397.93,41.96,0.3,0.3,9.75,34.58,2.63,20.55,29.2,65.48,19.5
2018-01-12 11:41:00,1,1,68.16,72.0,68.0,64.64,60.58,68.16,0.8,0.0,5.63,45.0,47.54,0.26,0.26,0.17,120.0,57.5,397.93,41.96,0.3,0.3,9.75,34.71,2.63,20.52,29.17,65.57,19.49
2018-01-12 11:42:00,1,1,68.15,72.0,68.0,64.65,60.55,68.15,0.8,0.0,5.63,45.0,47.54,0.26,0.26,0.17,120.0,57.46,397.93,41.96,0.3,0.3,9.75,34.84,2.63,20.5,29.14,65.66,19.47
2018-01-12 11:43:00,1,1,68.15,72.0,68.0,64.66,60.52,68.15,0.8,0.0,5.63,45.0,47.54,0.26,0.26,0.17,120.0,57.43,397.93,41.96,0.3,0.3,9.75,34.97,2.63,20.48,29.12,65.74,19.45
2018-01-12 11:44:00,1,1,68.15,72.0,68.0,64.67,60.48,68.15,0.8,0.0,5.63,45.0,47.55,0.26,0.26,0.17,120.0,57.39,397.93,41.96,0.3,0.3,9.75,35.09,2.63,20.46,29.09,65.82,19.44
2018-01-12 11:45:00,1,1,68.15,72.0,68.0,64.68,60.45,68.15,0.8,0.0,5.63,45.0,47.55,0.26,0.26,0.17,120.0,57.36,397.93,41.96,0.3,0.3,9.75,35.22,2.63,20.45,29.07,65.91,19.43
2018-01-12 11:46:00,1,1,68.14,72.0,68.0,64.69,60.42,68.14,0.8,0.0,5.63,45.0,47.55,0.26,0.26,0.17,120.0,57.33,397.93,41.96,0.3,0.3,9.75,35.34,2.63,20.43,29.05,65.99,19.42
2018-01-12 11:47:00,1,1,68.14,72.0,68.0,64.7,60.39,68.14,0.8,0.0,5.63,45.0,47.55,0.26,0.26,0.17,120.0,57.3,397.93,41.96,0.3,0.3,9.75,35.47,2.63,20.42,29.04,66.06,19.41
2018-01-12 11:48:00,1,1,68.14,72.0,68.0,64.71,60.36,68.14,0.8,0.0,5.63,45.0,47.55,0.26,0.26,0.17,120.0,57.27,397.93,41.96,0.3,0.3,9.75,35.59,2.63,20.4,29.03,66.14,19.4
2018-01-12 11:49:00,1,1,68.13,72.0,68.0,64.72,60.33,68.13,0.8,0.0,5.63,45.0,47.55,0.26,0.26,0.17,120.0,57.24,397.93,41.96,0.3,0.3,9.75,35.71,2.63,20.39,29.01,66.22,19.39
2018-01-12 11:50:00,1,1,68.13,72.0,68.0,64.73,60.3,68.13,0.8,0.0,5.63,45.0,47.55,0.26,0.26,0.17,120.0,57.21,397.93,41.96,0.3,0.3,9.75,35.83,2.63,20.38,29.01,66.29,19.38
2018-01-12 11:51:00,1,1,68.13,72.0,68.0,64.74,60.27,68.13,0.8,0.0,5.63,45.0,47.56,0.26,0.26,0.17,120.0,57.18,397.93,41.96,0.3,0.3,9.75,35.95,2.63,20.37,29.0,66.36,19.38
2018-01-12 11:52:00,1,1,68.13,72.0,68.0,64.75,60.25,68.13,0.8,0.0,5.63,45.0,47.56,0.26,0.26,0.17,120.0,57.15,397.93,41.96,0.3,0.3,9.75,36.07,2.63,20.36,28.99,66.43,19.37
2018-01-12 11:53:00,1,1,68.12,72.0,68.0,64.76,60.22,68.12,0.8,0.0,5.63,45.0,47.56,0.26,0.26,0.17,120.0,57.13,397.93,41.96,0.3,0.3,9.75,36.19,2.63,20.35,28.99,66.5,19.37
2018-01-12 11:54:00,1,1,68.12,72.0,68.0,64.77,60.19,68.12,0.8,0.0,5.63,45.0,47.56,0.26,0.26,0.17,120.0,57.1,397.93,41.96,0.3,0.3,9.75,36.31,2.63,20.34,28.99,66.57,19.36
2018-01-12 11:55:00,1,1,68.12,72.0,68.0,64.78,60.17,68.12,0.8,0.0,5.63,45.0,47.56,0.26,0.26,0.17,120.0,57.08,397.93,41.96,0.3,0.3,9.75,36.43,2.63,20.33,28.98,66.64,19.36
2018-01-12 11:56:00,1,1,68.12,72.0,68.0,64.79,60.14,68.12,0.8,0.0,5.63,45.0,47.56,0.26,0.26,0.17,120.0,57.05,397.93,41.96,0.3,0.3,9.75,36.54,2.63,20.33,28.98,66.7,19.36
2018-01-12 11:57:00,1,1,68.11,72.0,68.0,64.8,60.12,68.11,0.8,0.0,5.63,45.0,47.56,0.26,0.26,0.17,120.0,57.03,397.93,41.96,0.3,0.3,9.75,36.65,2.63,20.32,28.98,66.77,19.35
2018-01-12 11:58:00,1,1,68.11,72.0,68.0,64.81,60.1,68.11,0.8,0.0,5.63,45.0,47.56,0.26,0.26,0.16,120.0,57.0,397.93,41.96,0.3,0.3,9.75,36.77,2.63,20.32,28.99,66.83,19.35
2018-01-12 11:59:00,1,1,68.11,72.0,68.0,64.82,60.07,68.11,0.8,0.0,5.63,45.0,47.57,0.26,0.26,0.16,120.0,56.98,397.93,41.96,0.3,0.3,9.75,36.88,2.63,20.31,28.99,66.89,19.35
2018-01-12 12:00:00,1,1,68.1,72.0,68.0,64.83,60.05,68.1,0.8,0.0,5.63,45.0,47.57,0.26,0.26,0.16,120.0,56.96,397.93,41.96,0.3,0.3,9.75,36.99,2.63,20.31,28.99,66.95,19.35
2018-01-12 12:01:00,1,1,68.1,72.0,68.0,64.84,60.03,68.1,0.8,0.0,5.63,45.0,47.57,0.26,0.26,0.16,120.0,56.94,397.93,41.96,0.3,0.3,9.75,37.09,2.63,20.3,28.94,67.0,19.35
2018-01-12 12:02:00,1,1,68.1,72.0,68.0,64.85,60.01,68.1,0.8,0.0,5.63,45.0,47.57,0.25,0.25,0.16,120.0,56.92,397.93,41.96,0.3,0.3,9.75,37.19,2.63,20.3,28.86,67.06,19.35
2018-01-12 12:03:00,1,1,68.09,72.0,68.0,64.85,59.99,68.09,0.8,0.0,5.63,45.0,47.57,0.25,0.25,0.16,120.0,56.9,397.93,41.96,0.3,0.3,9.75,37.28,2.63,20.29,28.78,67.11,19.35
2018-01-12 12:04:00,1,1,68.09,72.0,68.0,64.86,59.97,68.09,0.8,0.0,5.63,45.0,47.57,0.25,0.25,0.16,120.0,56.88,397.93,41.96,0.3,0.3,9.75,37.38,2.63,20.28,28.69,67.15,19.34
2018-01-12 12:05:00,1,1,68.08,72.0,68.0,64.86,59.96,68.08,0.8,0.0,5.63,45.0,47.57,0.25,0.25,0.16,120.0,56.87,397.93,41.96,0.3,0.3,9.75,37.47,2.63,20.26,28.61,67.2,19.34
2018-01-12 12:06:00,1,1,68.08,72.0,68.0,64.87,59.94,68.08,0.8,0.0,5.63,45.0,47.57,0.25,0.25,0.16,120.0,56.86,397.93,41.96,0.3,0.3,9.75,37.56,2.63,20.25,28.53,67.23,19.33
2018-01-12 12:07:00,1,1,68.07,72.0,68.0,64.87,59.93,68.07,0.8,0.0,5.63,45.0,47.57,0.25,0.25,0.16,120.0,56.84,397.93,41.96,0.3,0.3,9.75,37.65,2.63,20.24,28.45,67.27,19.32
2018-01-12 12:08:00,1,1,68.07,72.0,68.0,64.88,59.92,68.07,0.8,0.0,5.63,45.0,47.57,0.25,0.25,0.16,120.0,56.83,397.93,41.96,0.3,0.3,9.75,37.74,2.63,20.22,28.38,67.3,19.31
2018-01-12 12:09:00,1,1,68.06,72.0,68.0,64.88,59.91,68.06,0.8,0.0,5.63,45.0,47.57,0.25,0.25,0.16,120.0,56.82,397.93,41.96,0.3,0.3,9.75,37.83,2.63,20.2,28.3,67.33,19.3
2018-01-12 12:10:00,1,1,68.06,72.0,68.0,64.89,59.9,68.06,0.8,0.0,5.63,45.0,47.57,0.25,0.25,0.16,120.0,56.81,397.93,41.96,0.3,0.3,9.75,37.91,2.63,20.18,28.22,67.35,19.29
2018-01-12 12:11:00,1,1,68.05,72.0,68.0,64.89,59.89,68.05,0.8,0.0,5.63,45.0,47.57,0.25,0.25,0.16,120.0,56.81,397.93,41.96,0.3,0.3,9.75,38.0,2.63,20.16,28.15,67.37,19.27
2018-01-12 12:12:00,1,1,68.05,72.0,68.0,64.9,59.89,68.05,0.8,0.0,5.63,45.0,47.57,0.25,0.25,0.16,120.0,56.8,397.93,41.96,0.3,0.3,9.75,38.08,2.63,20.14,28.08,67.39,19.26
2018-01-12 12:13:00,1,1,68.04,72.0,68.0,64.9,59.88,68.04,0.8,0.0,5.63,45.0,47.58,0.25,0.25,0.16,120.0,56.79,397.93,41.96,0.3,0.3,9.75,38.17,2.63,20.11,28.0,67.4,19.24
2018-01-12 12:14:00,1,1,68.04,72.0,68.0,64.9,59.88,68.04,0.8,0.0,5.63,45.0,47.58,0.25,0.25,0.16,120.0,56.79,397.93,41.96,0.3,0.3,9.75,38.25,2.63,20.09,27.93,67.42,19.22
2018-01-12 12:15:00,1,1,68.03,72.0,68.0,64.91,59.87,68.03,0.8,0.0,5.63,45.0,47.58,0.25,0.25,0.16,120.0,56.78,397.93,41.96,0.3,0.3,9.75,38.33,2.63,20.06,27.86,67.43,19.19
2018-01-12 12:16:00,1,1,68.03,72.0,68.0,64.91,59.87,68.03,0.8,0.0,5.63,45.0,47.58,0.25,0.25,0.16,120.0,56.78,397.93,41.96,0.3,0.3,9.75,38.41,2.63,20.03,27.79,67.43,19.17
2018-01-12 12:17:00,1,1,68.03,72.0,68.0,64.92,59.87,68.03,0.8,0.0,5.63,45.0,47.58,0.25,0.25,0.16,120.0,56.78,397.93,41.96,0.3,0.3,9.75,38.49,2.63,20.0,27.72,67.44,19.15
2018-01-12 12:18:00,1,1,68.02,72.0,68.0,64.92,59.87,68.02,0.8,0.0,5.63,45.0,47.58,0.25,0.25,0.16,120.0,56.78,397.93,41.96,0.3,0.3,9.75,38.57,2.63,19.97,27.66,67.44,19.12
2018-01-12 12:19:00,1,1,68.02,72.0,68.0,64.93,59.86,68.02,0.8,0.0,5.63,45.0,47.58,0.25,0.25,0.16,120.0,56.78,397.93,41.96,0.3,0.3,9.75,38.65,2.63,19.93,27.59,67.45,19.09
2018-01-12 12:20:00,1,1,68.02,72.0,68.0,64.93,59.86,68.02,0.8,0.0,5.63,45.0,47.58,0.25,0.25,0.16,120.0,56.78,397.93,41.96,0.3,0.3,9.75,38.72,2.63,19.9,27.53,67.45,19.06
2018-01-12 12:21:00,1,1,68.01,72.0,68.0,64.94,59.87,68.01,0.8,0.0,5.63,45.0,47.58,0.25,0.25,0.16,120.0,56.78,397.93,41.96,0.3,0.3,9.75,38.8,2.63,19.86,27.46,67.44,19.03
2018-01-12 12:22:00,1,1,68.01,72.0,68.0,64.94,59.87,68.01,0.8,0.0,5.63,45.0,47.58,0.25,0.25,0.16,120.0,56.78,397.93,41.96,0.3,0.3,9.75,38.87,2.63,19.83,27.4,67.44,19.0
2018-01-12 12:23:00,1,1,68.01,72.0,68.0,64.95,59.87,68.01,0.8,0.0,5.63,45.0,47.58,0.25,0.25,0.16,120.0,56.78,397.93,41.96,0.3,0.3,9.75,38.95,2.63,19.79,27.34,67.43,18.96
2018-01-12 12:24:00,1,1,68.0,72.0,68.0,64.95,59.87,68.0,0.8,0.0,5.63,45.0,47.58,0.25,0.25,0.16,120.0,56.78,397.93,41.96,0.3,0.3,9.75,39.02,2.63,19.75,27.28,67.43,18.93
2018-01-12 12:25:00,1,1,68.0,72.0,68.0,64.96,59.87,68.0,0.8,0.0,5.63,45.0,47.58,0.25,0.25,0.16,120.0,56.78,397.93,41.96,0.3,0.3,9.75,39.09,2.63,19.71,27.22,67.42,18.89
2018-01-12 12:26:00,1,1,68.0,72.0,68.0,64.96,59.88,68.0,0.8,0.0,5.63,45.0,47.58,0.25,0.25,0.16,120.0,56.79,397.93,41.96,0.3,0.3,9.75,39.16,2.63,19.66,27.16,67.41,18.85
2018-01-12 12:27:00,1,1,68.0,72.0,68.0,64.97,59.88,68.0,0.8,0.0,5.63,45.0,47.58,0.25,0.25,0.16,120.0,56.79,397.93,41.96,0.3,0.3,9.75,39.23,2.63,19.62,27.11,67.4,18.81
2018-01-12 12:28:00,1,1,67.99,72.0,68.0,64.97,59.89,67.99,0.8,0.0,5.63,45.0,47.58,0.25,0.25,0.16,120.0,56.79,397.93,41.96,0.3,0.3,9.75,39.3,2.63,19.57,27.05,67.39,18.77
2018-01-12 12:29:00,1,1,67.99,72.0,68.0,64.98,59.89,67.99,0.8,0.0,5.63,45.0,47.59,0.25,0.25,0.16,120.0,56.8,397.93,41.96,0.3,0.3,9.75,39.36,2.63,19.53,27.0,67.37,18.73
2018-01-12 12:30:00,1,1,67.99,72.0,68.0,64.98,59.9,67.99,0.8,0.0,5.63,45.0,47.59,0.25,0.25,0.16,120.0,56.8,397.93,41.96,0.3,0.3,9.75,39.43,2.63,19.48,26.94,67.36,18.68
2018-01-12 12:31:00,1,1,67.99,72.0,68.0,64.99,59.9,67.99,0.8,0.0,5.63,45.0,47.59,0.25,0.25,0.16,120.0,56.81,397.93,41.96,0.3,0.3,9.75,39.49,2.63,19.43,26.89,67.34,18.64
2018-01-12 12:32:00,1,1,67.98,72.0,68.0,64.99,59.91,67.98,0.8,0.0,5.63,45.0,47.59,0.25,0.25,0.16,120.0,56.82,397.93,41.96,0.3,0.3,9.75,39.56,2.63,19.39,26.84,67.32,18.59
2018-01-12 12:33:00,1,1,67.98,72.0,68.0,65.0,59.92,67.98,0.8,0.0,5.63,45.0,47.59,0.25,0.25,0.16,120.0,56.82,397.93,41.96,0.3,0.3,9.75,39.62,2.63,19.34,26.79,67.31,18.55
2018-01-12 12:34:00,1,1,67.98,72.0,68.0,65.0,59.92,67.98,0.8,0.0,5.63,45.0,47.59,0.25,0.25,0.16,120.0,56.83,397.93,41.96,0.3,0.3,9.75,39.68,2.63,19.29,26.75,67.29,18.5
2018-01-12 12:35:00,1,1,67.98,72.0,68.0,65.01,59.93,67.98,0.8,0.0,5.63,45.0,47.59,0.25,0.25,0.16,120.0,56.84,397.93,41.96,0.3,0.3,9.75,39.74,2.63,19.23,26.7,67.27,18.45
2018-01-12 12:36:00,1,1,67.98,72.0,68.0,65.01,59.94,67.98,0.8,0.0,5.63,45.0,47.59,0.25,0.25,0.16,120.0,56.84,397.93,41.96,0.3,0.3,9.75,39.8,2.63,19.18,26.66,67.25,18.4
2018-01-12 12:37:00,1,1,67.98,72.0,68.0,65.02,59.95,67.98,0.8,0.0,5.63,45.0,47.59,0.25,0.25,0.16,120.0,56.85,397.93,41.96,0.3,0.3,9.75,39.86,2.63,19.13,26.61,67.23,18.35
2018-01-12 12:38:00,1,1,67.97,72.0,68.0,65.02,59.96,67.97,0.8,0.0,5.63,45.0,47.59,0.25,0.25,0.16,120.0,56.86,397.93,41.96,0.3,0.3,9.75,39.92,2.63,19.08,26.57,67.2,18.3
2018-01-12 12:39:00,1,1,67.97,72.0,68.0,65.03,59.96,67.97,0.8,0.0,5.63,45.0,47.59,0.25,0.25,0.16,120.0,56.87,397.93,41.96,0.3,0.3,9.75,39.98,2.63,19.02,26.53,67.18,18.25
2018-01-12 12:40:00,1,1,67.97,72.0,68.0,65.03,59.97,67.97,0.8,0.0,5.63,45.0,47.59,0.25,0.25,0.16,120.0,56.87,397.93,41.96,0.3,0.3,9.75,40.04,2.63,18.97,26.49,67.16,18.2
2018-01-12 12:41:00,1,1,67.97,72.0,68.0,65.04,59.98,67.97,0.8,0.0,5.63,45.0,47.59,0.25,0.25,0.16,120.0,56.88,397.93,41.96,0.3,0.3,9.75,40.09,2.63,18.91,26.45,67.13,18.15
2018-01-12 12:42:00,1,1,67.97,72.0,68.0,65.04,59.99,67.97,0.8,0.0,5.63,45.0,47.59,0.25,0.25,0.16,120.0,56.89,397.93,41.96,0.3,0.3,9.75,40.15,2.63,18.86,26.41,67.11,18.09
2018-01-12 12:43:00,1,1,67.97,72.0,68.0,65.05,60.0,67.97,0.8,0.0,5.63,45.0,47.59,0.25,0.25,0.16,120.0,56.9,397.93,41.96,0.3,0.3,9.75,40.2,2.63,18.8,26.38,67.08,18.04
2018-01-12 12:44:00,1,1,67.97,72.0,68.0,65.05,60.01,67.97,0.8,0.0,5.63,45.0,47.59,0.25,0.25,0.16,120.0,56.91,397.93,41.96,0.3,0.3,9.75,40.25,2.63,18.75,26.35,67.06,17.98
2018-01-12 12:45:00,1,1,67.97,72.0,68.0,65.06,60.02,67.97,0.8,0.0,5.63,45.0,47.59,0.25,0.25,0.16,120.0,56.92,397.93,41.96,0.3,0.3,9.75,40.31,2.63,18.69,26.31,67.03,17.93
2018-01-12 12:46:00,1,1,67.97,72.0,68.0,65.06,60.03,67.97,0.8,0.0,5.63,45.0,47.6,0.25,0.25,0.16,120.0,56.93,397.93,41.96,0.3,0.3,9.75,40.36,2.63,18.64,26.28,67.01,17.88
2018-01-12 12:47:00,1,1,67.97,72.0,68.0,65.07,60.04,67.97,0.8,0.0,5.63,45.0,47.6,0.26,0.26,0.16,120.0,56.94,397.93,41.96,0.3,0.3,9.75,40.41,2.63,18.58,26.25,66.98,17.82
2018-01-12 12:48:00,1,1,67.96,72.0,68.0,65.07,60.05,67.96,0.8,0.0,5.63,45.0,47.6,0.26,0.26,0.16,120.0,56.95,397.93,41.96,0.3,0.3,9.75,40.46,2.63,18.52,26.22,66.95,17.77
2018-01-12 12:49:00,1,1,67.96,72.0,68.0,65.07,60.06,67.96,0.8,0.0,5.63,45.0,47.6,0.26,0.26,0.16,120.0,56.96,397.93,41.96,0.3,0.3,9.75,40.5,2.63,18.47,26.2,66.93,17.71
2018-01-12 12:50:00,1,1,67.96,72.0,68.0,65.08,60.07,67.96,0.8,0.0,5.63,45.0,47.6,0.26,0.26,0.16,120.0,56.97,397.93,41.96,0.3,0.3,9.75,40.55,2.63,18.41,26.17,66.9,17.65
2018-01-12 12:51:00,1,1,67.96,72.0,68.0,65.08,60.08,67.96,0.8,0.0,5.63,45.0,47.6,0.26,0.26,0.16,120.0,56.97,397.93,41.96,0.3,0.3,9.75,40.6,2.63,18.35,26.15,66.87,17.6
2018-01-12 12:52:00,1,1,67.96,72.0,68.0,65.09,60.09,67.96,0.8,0.0,5.63,45.0,47.6,0.26,0.26,0.16,120.0,56.98,397.93,41.96,0.3,0.3,9.75,40.64,2.63,18.3,26.13,66.85,17.54
2018-01-12 12:53:00,1,1,67.96,72.0,68.0,65.09,60.1,67.96,0.8,0.0,5.63,45.0,47.6,0.26,0.26,0.16,120.0,56.99,397.93,41.96,0.3,0.3,9.75,40.69,2.63,18.24,26.11,66.82,17.49
2018-01-12 12:54:00,1,1,67.96,72.0,68.0,65.1,60.11,67.96,0.8,0.0,5.63,45.0,47.6,0.26,0.26,0.16,120.0,57.0,397.93,41.96,0.3,0.3,9.75,40.73,2.63,18.18,26.09,66.79,17.43
2018-01-12 12:55:00,1,1,67.96,72.0,68.0,65.1,60.12,67.96,0.8,0.0,5.63,45.0,47.6,0.26,0.26,0.16,120.0,57.01,397.93,41.96,0.3,0.3,9.75,40.78,2.63,18.13,26.07,66.76,17.38
2018-01-12 12:56:00,1,1,67.96,72.0,68.0,65.1,60.13,67.96,0.8,0.0,5.63,45.0,47.6,0.26,0.26,0.17,120.0,57.02,397.93,41.96,0.3,0.3,9.75,40.82,2.63,18.07,26.06,66.74,17.32
2018-01-12 12:57:00,1,1,67.96,72.0,68.0,65.11,60.14,67.96,0.8,0.0,5.63,45.0,47.6,0.26,0.26,0.17,120.0,57.03,397.93,41.96,0.3,0.3,9.75,40.86,2.63,18.02,26.04,66.71,17.27
2018-01-12 12:58:00,1,1,67.96,72.0,68.0,65.11,60.15,67.96,0.8,0.0,5.63,45.0,47.6,0.26,0.26,0.17,120.0,57.04,397.93,41.96,0.3,0.3,9.75,40.9,2.63,17.96,26.03,66.68,17.21
2018-01-12 12:59:00,1,1,67.96,72.0,68.0,65.12,60.16,67.96,0.8,0.0,5.63,45.0,47.6,0.26,0.26,0.17,120.0,57.05,397.93,41.96,0.3,0.3,9.75,40.94,2.63,17.91,26.02,66.66,17.16
2018-01-12 13:00:00,1,1,67.96,72.0,68.0,65.12,60.17,67.96,0.8,0.0,5.63,45.0,47.6,0.26,0.26,0.17,120.0,57.06,397.93,41.96,0.3,0.3,9.75,40.98,2.63,17.85,26.01,66.63,17.11
2018-01-12 13:01:00,1,1,67.96,72.0,68.0,65.13,60.18,67.96,0.8,0.0,5.63,45.0,47.6,0.26,0.26,0.17,120.0,57.07,397.93,41.96,0.3,0.3,9.75,41.02,2.63,17.8,26.02,66.6,17.05
2018-01-12 13:02:00,1,1,67.96,72.0,68.0,65.13,60.19,67.96,0.8,0.0,5.63,45.0,47.6,0.26,0.26,0.17,120.0,57.08,397.93,41.96,0.3,0.3,9.75,41.05,2.63,17.75,26.04,66.58,17.0
2018-01-12 13:03:00,1,1,67.97,72.0,68.0,65.14,60.2,67.97,0.8,0.0,5.63,45.0,47.6,0.26,0.26,0.17,120.0,57.09,397.93,41.96,0.3,0.3,9.75,41.08,2.63,17.71,26.07,66.56,16.95
2018-01-12 13:04:00,1,1,67.97,72.0,68.0,65.14,60.21,67.97,0.8,0.0,5.63,45.0,47.61,0.26,0.26,0.17,120.0,57.1,397.93,41.96,0.3,0.3,9.75,41.12,2.63,17.66,26.1,66.54,16.91
2018-01-12 13:05:00,1,1,67.97,72.0,68.0,65.15,60.21,67.97,0.8,0.0,5.63,45.0,47.61,0.26,0.26,0.17,120.0,57.1,397.93,41.96,0.3,0.3,9.75,41.15,2.63,17.62,26.12,66.53,16.87
2018-01-12 13:06:00,1,1,67.98,72.0,68.0,65.16,60.22,67.98,0.8,0.0,5.63,45.0,47.61,0.26,0.26,0.17,120.0,57.11,397.93,41.96,0.3,0.3,9.75,41.18,2.63,17.58,26.16,66.52,16.83
2018-01-12 13:07:00,1,1,67.98,72.0,68.0,65.16,60.22,67.98,0.8,0.0,5.63,45.0,47.61,0.26,0.26,0.17,120.0,57.11,397.93,41.96,0.3,0.3,9.75,41.21,2.63,17.55,26.19,66.51,16.79
2018-01-12 13:08:00,1,1,67.98,72.0,68.0,65.17,60.22,67.98,0.8,0.0,5.63,45.0,47.61,0.26,0.26,0.17,120.0,57.11,397.93,41.96,0.3,0.3,9.75,41.24,2.63,17.52,26.22,66.5,16.75
2018-01-12 13:09:00,1,1,67.99,72.0,68.0,65.17,60.22,67.99,0.8,0.0,5.63,45.0,47.61,0.26,0.26,0.17,120.0,57.12,397.93,41.96,0.3,0.3,9.75,41.27,2.63,17.49,26.26,66.5,16.72
2018-01-12 13:10:00,1,1,67.99,72.0,68.0,65.18,60.22,67.99,0.8,0.0,5.63,45.0,47.61,0.26,0.26,0.17,120.0,57.12,397.93,41.96,0.3,0.3,9.75,41.29,2.63,17.46,26.29,66.5,16.69
2018-01-12 13:11:00,1,1,67.99,72.0,68.0,65.19,60.22,67.99,0.8,0.0,5.63,45.0,47.61,0.26,0.26,0.17,120.0,57.11,397.93,41.96,0.3,0.3,9.75,41.32,2.63,17.44,26.33,66.51,16.67
2018-01-12 13:12:00,1,1,68.0,72.0,68.0,65.19,60.22,68.0,0.8,0.0,5.63,45.0,47.61,0.26,0.26,0.17,120.0,57.11,397.93,41.96,0.3,0.3,9.75,41.35,2.63,17.42,26.37,66.51,16.65
2018-01-12 13:13:00,1,1,68.0,72.0,68.0,65.2,60.21,68.0,0.8,0.0,5.63,45.0,47.61,0.26,0.26,0.17,120.0,57.11,397.93,41.96,0.3,0.3,9.75,41.37,2.63,17.4,26.41,66.52,16.63
2018-01-12 13:14:00,1,1,68.0,72.0,68.0,65.2,60.21,68.0,0.8,0.0,5.63,45.0,47.61,0.26,0.26,0.17,120.0,57.11,397.93,41.96,0.3,0.3,9.75,41.4,2.63,17.38,26.45,66.53,16.61
2018-01-12 13:15:00,1,1,68.01,72.0,68.0,65.21,60.21,68.01,0.8,0.0,5.63,45.0,47.61,0.26,0.26,0.17,120.0,57.1,397.93,41.96,0.3,0.3,9.75,41.42,2.63,17.37,26.5,66.54,16.59
2018-01-12 13:16:00,1,1,68.01,72.0,68.0,65.21,60.2,68.01,0.8,0.0,5.63,45.0,47.61,0.26,0.26,0.17,120.0,57.1,397.93,41.96,0.3,0.3,9.75,41.45,2.63,17.36,26.54,66.55,16.58
2018-01-12 13:17:00,1,1,68.01,72.0,68.0,65.22,60.2,68.01,0.8,0.0,5.63,45.0,47.62,0.26,0.26,0.17,120.0,57.1,397.93,41.96,0.3,0.3,9.75,41.47,2.63,17.35,26.59,66.56,16.57
2018-01-12 13:18:00,1,1,68.01,72.0,68.0,65.22,60.19,68.01,0.8,0.0,5.63,45.0,47.62,0.26,0.26,0.17,120.0,57.09,397.93,41.96,0.3,0.3,9.75,41.49,2.63,17.35,26.63,66.58,16.57
2018-01-12 13:19:00,1,1,68.02,72.0,68.0,65.23,60.19,68.02,0.8,0.0,5.63,45.0,47.62,0.26,0.26,0.17,120.0,57.09,397.93,41.96,0.3,0.3,9.75,41.52,2.63,17.35,26.68,66.59,16.56
2018-01-12 13:20:00,1,1,68.02,72.0,68.0,65.23,60.18,68.02,0.8,0.0,5.63,45.0,47.62,0.26,0.26,0.17,120.0,57.08,397.93,41.96,0.3,0.3,9.75,41.54,2.63,17.35,26.73,66.61,16.56
2018-01-12 13:21:00,1,1,68.02,72.0,68.0,65.23,60.17,68.02,0.8,0.0,5.63,45.0,47.62,0.26,0.26,0.17,120.0,57.07,397.93,41.96,0.3,0.3,9.75,41.56,2.63,17.35,26.78,66.62,16.56
2018-01-12 13:22:00,1,1,68.02,72.0,68.0,65.24,60.17,68.02,0.8,0.0,5.63,45.0,47.62,0.26,0.26,0.17,120.0,57.07,397.93,41.96,0.3,0.3,9.75,41.58,2.63,17.36,26.83,66.64,16.57
2018-01-12 13:23:00,1,1,68.02,72.0,68.0,65.24,60.16,68.02,0.8,0.0,5.63,45.0,47.62,0.26,0.26,0.16,120.0,57.06,397.93,41.96,0.3,0.3,9.75,41.6,2.63,17.37,26.88,66.66,16.57
2018-01-12 13:24:00,1,1,68.03,72.0,68.0,65.25,60.15,68.03,0.8,0.0,5.63,45.0,47.62,0.26,0.26,0.16,120.0,57.05,397.93,41.96,0.3,0.3,9.75,41.62,2.63,17.38,26.93,66.68,16.58
2018-01-12 13:25:00,1,1,68.03,72.0,68.0,65.25,60.15,68.03,0.8,0.0,5.63,45.0,47.62,0.26,0.26,0.16,120.0,57.05,397.93,41.96,0.3,0.3,9.75,41.64,2.63,17.4,26.98,66.7,16.6
2018-01-12 13:26:00,1,1,68.03,72.0,68.0,65.25,60.14,68.03,0.8,0.0,5.63,45.0,47.62,0.26,0.26,0.16,120.0,57.04,397.93,41.96,0.3,0.3,9.75,41.65,2.63,17.41,27.04,66.72,16.61
2018-01-12 13:27:00,1,1,68.03,72.0,68.0,65.25,60.13,68.03,0.8,0.0,5.63,45.0,47.62,0.26,0.26,0.16,120.0,57.03,397.93,41.96,0.3,0.3,9.75,41.67,2.63,17.43,27.09,66.74,16.63
2018-01-12 13:28:00,1,1,68.03,72.0,68.0,65.26,60.12,68.03,0.8,0.0,5.63,45.0,47.62,0.26,0.26,0.16,120.0,57.02,397.93,41.96,0.3,0.3,9.75,41.69,2.63,17.45,27.15,66.76,16.65
2018-01-12 13:29:00,1,1,68.03,72.0,68.0,65.26,60.11,68.03,0.8,0.0,5.63,45.0,47.62,0.26,0.26,0.16,120.0,57.02,397.93,41.96,0.3,0.3,9.75,41.71,2.63,17.48,27.2,66.78,16.67
2018-01-12 13:30:00,1,1,68.03,72.0,68.0,65.26,60.11,68.03,0.8,0.0,5.63,45.0,47.62,0.26,0.26,0.16,120.0,57.01,397.93,41.96,0.3,0.3,9.75,41.72,2.63,17.5,27.26,66.81,16.7
2018-01-12 13:31:00,1,1,68.03,72.0,68.0,65.26,60.1,68.03,0.8,0.0,5.63,45.0,47.62,0.26,0.26,0.16,120.0,57.0,397.93,41.96,0.3,0.3,9.75,41.74,2.63,17.53,27.31,66.83,16.72
2018-01-12 13:32:00,1,1,68.03,72.0,68.0,65.27,60.09,68.03,0.8,0.0,5.63,45.0,47.62,0.26,0.26,0.16,120.0,56.99,397.93,41.96,0.3,0.3,9.75,41.76,2.63,17.56,27.37,66.85,16.75
2018-01-12 13:33:00,1,1,68.03,72.0,68.0,65.27,60.08,68.03,0.8,0.0,5.63,45.0,47.62,0.26,0.26,0.16,120.0,56.98,397.93,41.96,0.3,0.3,9.75,41.77,2.63,17.6,27.43,66.87,16.78
2018-01-12 13:34:00,1,1,68.03,72.0,68.0,65.27,60.07,68.03,0.8,0.0,5.63,45.0,47.62,0.25,0.25,0.16,120.0,56.98,397.93,41.96,0.3,0.3,9.75,41.79,2.63,17.63,27.49,66.9,16.82
2018-01-12 13:35:00,1,1,68.03,72.0,68.0,65.27,60.06,68.03,0.8,0.0,5.63,45.0,47.62,0.25,0.25,0.16,120.0,56.97,397.93,41.96,0.3,0.3,9.75,41.8,2.63,17.67,27.54,66.92,16.85
2018-01-12 13:36:00,1,1,68.03,72.0,68.0,65.27,60.05,68.03,0.8,0.0,5.63,45.0,47.62,0.25,0.25,0.16,120.0,56.96,397.93,41.96,0.3,0.3,9.75,41.81,2.63,17.71,27.6,66.94,16.89
2018-01-12 13:37:00,1,1,68.04,72.0,68.0,65.28,60.04,68.04,0.8,0.0,5.63,45.0,47.62,0.25,0.25,0.16,120.0,56.95,397.93,41.96,0.3,0.3,9.75,41.83,2.63,17.75,27.66,66.97,16.93
2018-01-12 13:38:00,1,1,68.04,72.0,68.0,65.28,60.04,68.04,0.8,0.0,5.63,45.0,47.62,0.25,0.25,0.16,120.0,56.94,397.93,41.96,0.3,0.3,9.75,41.84,2.63,17.79,27.72,66.99,16.97
2018-01-12 13:39:00,1,1,68.04,72.0,68.0,65.28,60.03,68.04,0.8,0.0,5.63,45.0,47.62,0.25,0.25,0.16,120.0,56.93,397.93,41.96,0.3,0.3,9.75,41.85,2.63,17.84,27.78,67.01,17.02
2018-01-12 13:40:00,1,1,68.04,72.0,68.0,65.28,60.02,68.04,0.8,0.0,5.63,45.0,47.62,0.25,0.25,0.16,120.0,56.93,397.93,41.96,0.3,0.3,9.75,41.87,2.63,17.89,27.84,67.04,17.06
2018-01-12 13:41:00,1,1,68.04,72.0,68.0,65.28,60.01,68.04,0.8,0.0,5.63,45.0,47.62,0.25,0.25,0.16,120.0,56.92,397.93,41.96,0.3,0.3,9.75,41.88,2.63,17.94,27.9,67.06,17.11
2018-01-12 13:42:00,1,1,68.04,72.0,68.0,65.28,60.0,68.04,0.8,0.0,5.63,45.0,47.62,0.25,0.25,0.16,120.0,56.91,397.93,41.96,0.3,0.3,9.75,41.89,2.63,17.99,27.95,67.08,17.16
2018-01-12 13:43:00,1,1,68.04,72.0,68.0,65.28,59.99,68.04,0.8,0.0,5.63,45.0,47.62,0.25,0.25,0.16,120.0,56.9,397.93,41.96,0.3,0.3,9.75,41.9,2.63,18.04,28.01,67.11,17.21
2018-01-12 13:44:00,1,1,68.04,72.0,68.0,65.29,59.98,68.04,0.8,0.0,5.63,45.0,47.62,0.25,0.25,0.16,120.0,56.89,397.93,41.96,0.3,0.3,9.75,41.92,2.63,18.09,28.07,67.13,17.26
2018-01-12 13:45:00,1,1,68.03,72.0,68.0,65.29,59.98,68.03,0.8,0.0,5.63,45.0,47.62,0.25,0.25,0.16,120.0,56.89,397.93,41.96,0.3,0.3,9.75,41.93,2.63,18.15,28.13,67.15,17.32
2018-01-12 13:46:00,1,1,68.03,72.0,68.0,65.29,59.97,68.03,0.8,0.0,5.63,45.0,47.62,0.25,0.25,0.16,120.0,56.88,397.93,41.96,0.3,0.3,9.75,41.94,2.63,18.21,28.19,67.17,17.37
2018-01-12 13:47:00,1,1,68.03,72.0,68.0,65.29,59.96,68.03,0.8,0.0,5.63,45.0,47.62,0.25,0.25,0.16,120.0,56.87,397.93,41.96,0.3,0.3,9.75,41.95,2.63,18.27,28.25,67.19,17.43
2018-01-12 13:48:00,1,1,68.03,72.0,68.0,65.29,59.95,68.03,0.8,0.0,5.63,45.0,47.63,0.25,0.25,0.16,120.0,56.86,397.93,41.96,0.3,0.3,9.75,41.96,2.63,18.33,28.31,67.22,17.49
2018-01-12 13:49:00,1,1,68.03,72.0,68.0,65.29,59.94,68.03,0.8,0.0,5.63,45.0,47.63,0.25,0.25,0.16,120.0,56.86,397.93,41.96,0.3,0.3,9.75,41.97,2.63,18.39,28.36,67.24,17.55
2018-01-12 13:50:00,1,1,68.03,72.0,68.0,65.29,59.93,68.03,0.8,0.0,5.63,45.0,47.63,0.25,0.25,0.16,120.0,56.85,397.93,41.96,0.3,0.3,9.75,41.98,2.63,18.45,28.42,67.26,17.61
2018-01-12 13:51:00,1,1,68.03,72.0,68.0,65.29,59.93,68.03,0.8,0.0,5.63,45.0,47.63,0.25,0.25,0.16,120.0,56.84,397.93,41.96,0.3,0.3,9.75,41.99,2.63,18.52,28.48,67.28,17.68
2018-01-12 13:52:00,1,1,68.03,72.0,68.0,65.29,59.92,68.03,0.8,0.0,5.63,45.0,47.63,0.25,0.25,0.16,120.0,56.83,397.93,41.96,0.3,0.3,9.75,42.0,2.63,18.58,28.54,67.3,17.74
2018-01-12 13:53:00,1,1,68.03,72.0,68.0,65.29,59.91,68.03,0.8,0.0,5.63,45.0,47.63,0.25,0.25,0.16,120.0,56.83,397.93,41.96,0.3,0.3,9.75,42.01,2.63,18.65,28.59,67.32,17.81
2018-01-12 13:54:00,1,1,68.03,72.0,68.0,65.29,59.91,68.03,0.8,0.0,5.63,45.0,47.63,0.25,0.25,0.16,120.0,56.82,397.93,41.96,0.3,0.3,9.75,42.02,2.63,18.72,28.65,67.34,17.88
2018-01-12 13:55:00,1,1,68.03,72.0,68.0,65.29,59.9,68.03,0.8,0.0,5.63,45.0,47.63,0.25,0.25,0.16,120.0,56.81,397.93,41.96,0.3,0.3,9.75,42.03,2.63,18.78,28.7,67.36,17.94
2018-01-12 13:56:00,1,1,68.03,72.0,68.0,65.29,59.89,68.03,0.8,0.0,5.63,45.0,47.63,0.25,0.25,0.16,120.0,56.81,397.93,41.96,0.3,0.3,9.75,42.04,2.63,18.85,28.76,67.37,18.01
2018-01-12 13:57:00,1,1,68.03,72.0,68.0,65.29,59.88,68.03,0.8,0.0,5.63,45.0,47.63,0.25,0.25,0.16,120.0,56.8,397.93,41.96,0.3,0.3,9.75,42.05,2.63,18.93,28.81,67.39,18.08
2018-01-12 13:58:00,1,1,68.03,72.0,68.0,65.29,59.88,68.03,0.8,0.0,5.63,45.0,47.63,0.25,0.25,0.16,120.0,56.8,397.93,41.96,0.3,0.3,9.75,42.06,2.63,19.0,28.86,67.41,18.16
2018-01-12 13:59:00,1,1,68.03,72.0,68.0,65.29,59.87,68.03,0.8,0.0,5.63,45.0,47.63,0.25,0.25,0.16,120.0,56.79,397.93,41.96,0.3,0.3,9.75,42.07,2.63,19.07,28.92,67.43,18.23
2018-01-12 14:00:00,1,1,68.03,72.0,68.0,65.29,59.87,68.03,0.8,0.0,5.63,45.0,47.63,0.25,0.25,0.16,120.0,56.78,397.93,41.96,0.3,0.3,9.75,42.08,2.63,19.14,28.97,67.44,18.3
2018-01-12 14:01:00,1,1,68.03,72.0,68.0,65.3,59.86,68.03,0.8,0.0,5.63,45.0,47.63,0.25,0.25,0.16,120.0,56.78,397.93,41.96,0.3,0.3,9.75,42.09,2.63,19.22,29.0,67.46,18.38
2018-01-12 14:02:00,1,1,68.02,72.0,68.0,65.3,59.86,68.02,0.8,0.0,5.63,45.0,47.63,0.25,0.25,0.16,120.0,56.77,397.93,41.96,0.3,0.3,9.75,42.11,2.63,19.29,29.02,67.47,18.45
2018-01-12 14:03:00,1,1,68.02,72.0,68.0,65.3,59.85,68.02,0.8,0.0,5.63,45.0,47.63,0.25,0.25,0.16,120.0,56.77,397.93,41.96,0.3,0.3,9.75,42.13,2.63,19.36,29.03,67.48,18.52
2018-01-12 14:04:00,1,1,68.02,72.0,68.0,65.3,59.85,68.02,0.8,0.0,5.63,45.0,47.63,0.25,0.25,0.16,120.0,56.77,397.93,41.96,0.3,0.3,9.75,42.15,2.63,19.43,29.04,67.49,18.59
2018-01-12 14:05:00,1,1,68.02,72.0,68.0,65.3,59.85,68.02,0.8,0.0,5.63,45.0,47.63,0.25,0.25,0.16,120.0,56.76,397.93,41.96,0.3,0.3,9.75,42.16,2.63,19.5,29.06,67.5,18.67
2018-01-12 14:06:00,1,1,68.01,72.0,68.0,65.3,59.84,68.01,0.8,0.0,5.63,45.0,47.63,0.25,0.25,0.16,120.0,56.76,397.93,41.96,0.3,0.3,9.75,42.18,2.63,19.57,29.07,67.5,18.74
2018-01-12 14:07:00,1,1,68.01,72.0,68.0,65.3,59.84,68.01,0.8,0.0,5.63,45.0,47.63,0.25,0.25,0.16,120.0,56.76,397.93,41.96,0.3,0.3,9.75,42.2,2.63,19.64,29.08,67.51,18.81
2018-01-12 14:08:00,1,1,68.01,72.0,68.0,65.29,59.84,68.01,0.8,0.0,5.63,45.0,47.63,0.25,0.25,0.16,120.0,56.76,397.93,41.96,0.3,0.3,9.75,42.22,2.63,19.71,29.09,67.51,18.88
2018-01-12 14:09:00,1,1,68.01,72.0,68.0,65.29,59.84,68.01,0.8,0.0,5.63,45.0,47.63,0.25,0.25,0.16,120.0,56.76,397.93,41.96,0.3,0.3,9.75,42.24,2.63,19.77,29.1,67.51,18.94
2018-01-12 14:10:00,1,1,68.0,72.0,68.0,65.29,59.84,68.0,0.8,0.0,5.63,45.0,47.63,0.25,0.25,0.16,120.0,56.76,397.93,41.96,0.3,0.3,9.75,42.25,2.63,19.84,29.11,67.5,19.01
2018-01-12 14:11:00,1,1,68.0,72.0,68.0,65.29,59.85,68.0,0.8,0.0,5.63,45.0,47.63,0.25,0.25,0.16,120.0,56.76,397.93,41.96,0.3,0.3,9.75,42.27,2.63,19.9,29.12,67.5,19.08
2018-01-12 14:12:00,1,1,68.0,72.0,68.0,65.29,59.85,68.0,0.8,0.0,5.63,45.0,47.63,0.25,0.25,0.16,120.0,56.76,397.93,41.96,0.3,0.3,9.75,42.29,2.63,19.96,29.13,67.49,19.14
2018-01-12 14:13:00,1,1,68.0,72.0,68.0,65.29,59.85,68.0,0.8,0.0,5.63,45.0,47.63,0.25,0.25,0.16,120.0,56.77,397.93,41.96,0.3,0.3,9.75,42.31,2.63,20.03,29.13,67.49,19.21
2018-01-12 14:14:00,1,1,67.99,72.0,68.0,65.29,59.85,67.99,0.8,0.0,5.63,45.0,47.63,0.25,0.25,0.16,120.0,56.77,397.93,41.96,0.3,0.3,9.75,42.32,2.63,20.09,29.14,67.48,19.27
2018-01-12 14:15:00,1,1,67.99,72.0,68.0,65.29,59.86,67.99,0.8,0.0,5.63,45.0,47.63,0.25,0.25,0.16,120.0,56.77,397.93,41.96,0.3,0.3,9.75,42.34,2.63,20.15,29.15,67.47,19.33
2018-01-12 14:16:00,1,1,67.99,72.0,68.0,65.29,59.86,67.99,0.8,0.0,5.63,45.0,47.63,0.25,0.25,0.16,120.0,56.78,397.93,41.96,0.3,0.3,9.75,42.36,2.63,20.21,29.15,67.45,19.39
2018-01-12 14:17:00,1,1,67.99,72.0,68.0,65.29,59.87,67.99,0.8,0.0,5.63,45.0,47.63,0.25,0.25,0.16,120.0,56.78,397.93,41.96,0.3,0.3,9.75,42.38,2.63,20.27,29.16,67.44,19.45
2018-01-12 14:18:00,1,1,67.99,72.0,68.0,65.29,59.87,67.99,0.8,0.0,5.63,45.0,47.63,0.25,0.25,0.16,120.0,56.79,397.93,41.96,0.3,0.3,9.75,42.39,2.63,20.32,29.16,67.43,19.51
2018-01-12 14:19:00,1,1,67.98,72.0,68.0,65.29,59.88,67.98,0.8,0.0,5.63,45.0,47.63,0.25,0.25,0.16,120.0,56.79,397.93,41.96,0.3,0.3,9.75,42.41,2.63,20.38,29.16,67.41,19.57
2018-01-12 14:20:00,1,1,67.98,72.0,68.0,65.29,59.88,67.98,0.8,0.0,5.63,45.0,47.63,0.25,0.25,0.16,120.0,56.8,397.93,41.96,0.3,0.3,9.75,42.43,2.63,20.43,29.17,67.4,19.63
2018-01-12 14:21:00,1,1,67.98,72.0,68.0,65.29,59.89,67.98,0.8,0.0,5.63,45.0,47.63,0.25,0.25,0.16,120.0,56.8,397.93,41.96,0.3,0.3,9.75,42.44,2.63,20.49,29.17,67.38,19.68
2018-01-12 14:22:00,1,1,67.98,72.0,68.0,65.29,59.9,67.98,0.8,0.0,5.63,45.0,47.63,0.25,0.25,0.16,120.0,56.81,397.93,41.96,0.3,0.3,9.75,42.46,2.63,20.54,29.17,67.36,19.74
2018-01-12 14:23:00,1,1,67.98,72.0,68.0,65.29,59.9,67.98,0.8,0.0,5.63,45.0,47.63,0.25,0.25,0.16,120.0,56.82,397.93,41.96,0.3,0.3,9.75,42.48,2.63,20.59,29.17,67.34,19.79
2018-01-12 14:24:00,1,1,67.98,72.0,68.0,65.29,59.91,67.98,0.8,0.0,5.63,45.0,47.63,0.25,0.25,0.16,120.0,56.82,397.93,41.96,0.3,0.3,9.75,42.49,2.63,20.64,29.17,67.32,19.84
2018-01-12 14:25:00,1,1,67.97,72.0,68.0,65.29,59.92,67.97,0.8,0.0,5.63,45.0,47.63,0.25,0.25,0.16,120.0,56.83,397.93,41.96,0.3,0.3,9.75,42.51,2.63,20.69,29.17,67.3,19.89
2018-01-12 14:26:00,1,1,67.97,72.0,68.0,65.29,59.93,67.97,0.8,0.0,5.63,45.0,47.63,0.25,0.25,0.16,120.0,56.84,397.93,41.96,0.3,0.3,9.75,42.53,2.63,20.74,29.17,67.28,19.94
2018-01-12 14:27:00,1,1,67.97,72.0,68.0,65.3,59.93,67.97,0.8,0.0,5.63,45.0,47.63,0.25,0.25,0.16,120.0,56.84,397.93,41.96,0.3,0.3,9.75,42.54,2.63,20.79,29.17,67.26,19.99
2018-01-12 14:28:00,1,1,67.97,72.0,68.0,65.3,59.94,67.97,0.8,0.0,5.63,45.0,47.63,0.25,0.25,0.16,120.0,56.85,397.93,41.96,0.3,0.3,9.75,42.56,2.63,20.84,29.17,67.23,20.04
2018-01-12 14:29:00,1,1,67.97,72.0,68.0,65.3,59.95,67.97,0.8,0.0,5.63,45.0,47.63,0.25,0.25,0.16,120.0,56.86,397.93,41.96,0.3,0.3,9.75,42.57,2.63,20.88,29.17,67.21,20.09
2018-01-12 14:30:00,1,1,67.97,72.0,68.0,65.3,59.96,67.97,0.8,0.0,5.63,45.0,47.63,0.25,0.25,0.16,120.0,56.87,397.93,41.96,0.3,0.3,9.75,42.59,2.63,20.93,29.17,67.19,20.13
2018-01-12 14:31:00,1,1,67.97,72.0,68.0,65.3,59.97,67.97,0.8,0.0,5.63,45.0,47.63,0.25,0.25,0.16,120.0,56.88,397.93,41.96,0.3,0.3,9.75,42.61,2.63,20.97,29.17,67.16,20.18
2018-01-12 14:32:00,1,1,67.96,72.0,68.0,65.3,59.98,67.96,0.8,0.0,5.63,45.0,47.63,0.25,0.25,0.16,120.0,56.89,397.93,41.96,0.3,0.3,9.75,42.62,2.63,21.01,29.17,67.13,20.22
2018-01-12 14:33:00,1,1,67.96,72.0,68.0,65.3,59.99,67.96,0.8,0.0,5.63,45.0,47.63,0.25,0.25,0.16,120.0,56.9,397.93,41.96,0.3,0.3,9.75,42.64,2.63,21.05,29.16,67.11,20.27
2018-01-12 14:34:00,1,1,67.96,72.0,68.0,65.3,60.0,67.96,0.8,0.0,5.63,45.0,47.63,0.25,0.25,0.16,120.0,56.91,397.93,41.96,0.3,0.3,9.75,42.65,2.63,21.1,29.16,67.08,20.31
2018-01-12 14:35:00,1,1,67.96,72.0,68.0,65.3,60.01,67.96,0.8,0.0,5.63,45.0,47.63,0.25,0.25,0.16,120.0,56.92,397.93,41.96,0.3,0.3,9.75,42.67,2.63,21.13,29.16,67.05,20.35
2018-01-12 14:36:00,1,1,67.96,72.0,68.0,65.3,60.02,67.96,0.8,0.0,5.63,45.0,47.63,0.25,0.25,0.16,120.0,56.93,397.93,41.96,0.3,0.3,9.75,42.68,2.63,21.17,29.15,67.02,20.39
2018-01-12 14:37:00,1,1,67.96,72.0,68.0,65.3,60.04,67.96,0.8,0.0,5.63,45.0,47.63,0.25,0.25,0.16,120.0,56.94,397.93,41.96,0.3,0.3,9.75,42.7,2.63,21.21,29.15,66.99,20.43
2018-01-12 14:38:00,1,1,67.96,72.0,68.0,65.3,60.05,67.96,0.8,0.0,5.63,45.0,47.63,0.25,0.25,0.16,120.0,56.95,397.93,41.96,0.3,0.3,9.75,42.71,2.63,21.25,29.15,66.96,20.47
2018-01-12 14:39:00,1,1,67.96,72.0,68.0,65.3,60.06,67.96,0.8,0.0,5.63,45.0,47.63,0.26,0.26,0.16,120.0,56.96,397.93,41.96,0.3,0.3,9.75,42.72,2.63,21.28,29.14,66.93,20.5
2018-01-12 14:40:00,1,1,67.95,72.0,68.0,65.3,60.07,67.95,0.8,0.0,5.63,45.0,47.63,0.26,0.26,0.16,120.0,56.97,397.93,41.96,0.3,0.3,9.75,42.74,2.63,21.32,29.14,66.89,20.54
2018-01-12 14:41:00,1,1,67.95,72.0,68.0,65.3,60.08,67.95,0.8,0.0,5.63,45.0,47.63,0.26,0.26,0.16,120.0,56.99,397.93,41.96,0.3,0.3,9.75,42.75,2.63,21.35,29.13,66.86,20.57
2018-01-12 14:42:00,1,1,67.95,72.0,68.0,65.3,60.1,67.95,0.8,0.0,5.63,45.0,47.63,0.26,0.26,0.16,120.0,57.0,397.93,41.96,0.3,0.3,9.75,42.77,2.63,21.38,29.13,66.83,20.61
2018-01-12 14:43:00,1,1,67.95,72.0,68.0,65.3,60.11,67.95,0.8,0.0,5.63,45.0,47.63,0.26,0.26,0.16,120.0,57.01,397.93,41.96,0.3,0.3,9.75,42.78,2.63,21.42,29.12,66.79,20.64
2018-01-12 14:44:00,1,1,67.95,72.0,68.0,65.3,60.12,67.95,0.8,0.0,5.63,45.0,47.63,0.26,0.26,0.16,120.0,57.02,397.93,41.96,0.3,0.3,9.75,42.79,2.63,21.45,29.11,66.76,20.67
2018-01-12 14:45:00,1,1,67.95,72.0,68.0,65.3,60.14,67.95,0.8,0.0,5.63,45.0,47.63,0.26,0.26,0.16,120.0,57.04,397.93,41.96,0.3,0.3,9.75,42.81,2.63,21.48,29.11,66.72,20.7
2018-01-12 14:46:00,1,1,67.95,72.0,68.0,65.3,60.15,67.95,0.8,0.0,5.63,45.0,47.63,0.26,0.26,0.17,120.0,57.05,397.93,41.96,0.3,0.3,9.75,42.82,2.63,21.51,29.1,66.69,20.74
2018-01-12 14:47:00,1,1,67.95,72.0,68.0,65.3,60.16,67.95,0.8,0.0,5.63,45.0,47.63,0.26,0.26,0.17,120.0,57.06,397.93,41.96,0.3,0.3,9.75,42.83,2.63,21.53,29.1,66.65,20.76
2018-01-12 14:48:00,1,1,67.95,72.0,68.0,65.3,60.18,67.95,0.8,0.0,5.63,45.0,47.63,0.26,0.26,0.17,120.0,57.08,397.93,41.96,0.3,0.3,9.75,42.84,2.63,21.56,29.09,66.61,20.79
2018-01-12 14:49:00,1,1,67.94,72.0,68.0,65.3,60.19,67.94,0.8,0.0,5.63,45.0,47.63,0.26,0.26,0.17,120.0,57.09,397.93,41.96,0.3,0.3,9.75,42.86,2.63,21.59,29.08,66.57,20.82
2018-01-12 14:50:00,1,1,67.94,72.0,68.0,65.31,60.21,67.94,0.8,0.0,5.63,45.0,47.63,0.26,0.26,0.17,120.0,57.11,397.93,41.96,0.3,0.3,9.75,42.87,2.63,21.61,29.08,66.54,20.85
2018-01-12 14:51:00,1,1,67.94,72.0,68.0,65.31,60.22,67.94,0.8,0.0,5.63,45.0,47.63,0.26,0.26,0.17,120.0,57.12,397.93,41.96,0.3,0.3,9.75,42.88,2.63,21.64,29.07,66.5,20.87
2018-01-12 14:52:00,1,1,67.94,72.0,68.0,65.31,60.24,67.94,0.8,0.0,5.63,45.0,47.63,0.26,0.26,0.17,120.0,57.13,397.93,41.96,0.3,0.3,9.75,42.89,2.63,21.66,29.06,66.46,20.9
2018-01-12 14:53:00,1,1,67.94,72.0,68.0,65.31,60.25,67.94,0.8,0.0,5.63,45.0,47.63,0.26,0.26,0.17,120.0,57.15,397.93,41.96,0.3,0.3,9.75,42.9,2.63,21.68,29.05,66.42,20.92
2018-01-12 14:54:00,1,1,67.94,72.0,68.0,65.31,60.27,67.94,0.8,0.0,5.63,45.0,47.63,0.26,0.26,0.17,120.0,57.16,397.93,41.96,0.3,0.3,9.75,42.91,2.63,21.71,29.05,66.38,20.95
2018-01-12 14:55:00,1,1,67.94,72.0,68.0,65.31,60.29,67.94,0.8,0.0,5.63,45.0,47.63,0.26,0.26,0.17,120.0,57.18,397.93,41.96,0.3,0.3,9.75,42.92,2.63,21.73,29.04,66.33,20.97
2018-01-12 14:56:00,1,1,67.94,72.0,68.0,65.31,60.3,67.94,0.8,0.0,5.63,45.0,47.63,0.26,0.26,0.17,120.0,57.2,397.93,41.96,0.3,0.3,9.75,42.94,2.63,21.75,29.03,66.29,20.99
2018-01-12 14:57:00,1,1,67.94,72.0,68.0,65.31,60.32,67.94,0.8,0.0,5.63,45.0,47.63,0.26,0.26,0.17,120.0,57.21,397.93,41.96,0.3,0.3,9.75,42.95,2.63,21.77,29.03,66.25,21.01
2018-01-12 14:58:00,1,1,67.94,72.0,68.0,65.31,60.33,67.94,0.8,0.0,5.63,45.0,47.63,0.26,0.26,0.17,120.0,57.23,397.93,41.96,0.3,0.3,9.75,42.96,2.63,21.79,29.02,66.21,21.03
2018-01-12 14:59:00,1,1,67.94,72.0,68.0,65.31,60.35,67.94,0.8,0.0,5.63,45.0,47.63,0.26,0.26,0.17,120.0,57.25,397.93,41.96,0.3,0.3,9.75,42.97,2.63,21.81,29.01,66.17,21.05
2018-01-12 15:00:00,1,1,67.93,72.0,68.0,65.31,60.37,67.93,0.8,0.0,5.63,45.0,47.63,0.26,0.26,0.17,120.0,57.26,397.93,41.96,0.3,0.3,9.75,42.98,2.63,21.82,29.0,66.12,21.07
2018-01-12 15:01:00,1,1,67.93,72.0,68.0,65.31,60.38,67.93,0.8,0.0,5.63,45.0,47.63,0.26,0.26,0.17,120.0,57.28,397.93,41.96,0.3,0.3,9.75,42.99,2.63,21.84,29.0,66.08,21.09
2018-01-12 15:02:00,1,1,67.93,72.0,68.0,65.31,60.4,67.93,0.8,0.0,5.63,45.0,47.63,0.26,0.26,0.17,120.0,57.3,397.93,41.96,0.3,0.3,9.75,43.0,2.63,21.86,28.99,66.03,21.1
2018-01-12 15:03:00,1,1,67.93,72.0,68.0,65.31,60.42,67.93,0.8,0.0,5.63,45.0,47.63,0.26,0.26,0.17,120.0,57.31,397.93,41.96,0.3,0.3,9.75,43.01,2.63,21.87,28.99,65.99,21.12
2018-01-12 15:04:00,1,1,67.93,72.0,68.0,65.31,60.44,67.93,0.8,0.0,5.63,45.0,47.63,0.26,0.26,0.17,120.0,57.33,397.93,41.96,0.3,0.3,9.75,43.02,2.63,21.89,28.98,65.94,21.14
2018-01-12 15:05:00,1,1,67.93,72.0,68.0,65.31,60.45,67.93,0.8,0.0,5.63,45.0,47.63,0.26,0.26,0.17,120.0,57.35,397.93,41.96,0.3,0.3,9.75,43.02,2.63,21.9,28.98,65.9,21.16
2018-01-12 15:06:00,1,1,67.93,72.0,68.0,65.31,60.47,67.93,0.8,0.0,5.63,45.0,47.63,0.26,0.26,0.17,120.0,57.37,397.93,41.96,0.3,0.3,9.75,43.03,2.63,21.92,28.97,65.85,21.17
2018-01-12 15:07:00,1,1,67.93,72.0,68.0,65.31,60.49,67.93,0.8,0.0,5.63,45.0,47.63,0.26,0.26,0.17,120.0,57.39,397.93,41.96,0.3,0.3,9.75,43.04,2.63,21.93,28.97,65.81,21.19
2018-01-12 15:08:00,1,1,67.93,72.0,68.0,65.31,60.51,67.93,0.8,0.0,5.63,45.0,47.63,0.26,0.26,0.17,120.0,57.4,397.93,41.96,0.3,0.3,9.75,43.05,2.63,21.95,28.96,65.76,21.2
2018-01-12 15:09:00,1,1,67.93,72.0,68.0,65.31,60.53,67.93,0.8,0.0,5.63,45.0,47.63,0.26,0.26,0.17,120.0,57.42,397.93,41.96,0.3,0.3,9.75,43.06,2.63,21.96,28.96,65.71,21.22
2018-01-12 15:10:00,1,1,67.93,72.0,68.0,65.31,60.55,67.93,0.8,0.0,5.63,45.0,47.63,0.26,0.26,0.17,120.0,57.44,397.93,41.96,0.3,0.3,9.75,43.07,2.63,21.98,28.95,65.67,21.23
2018-01-12 15:11:00,1,1,67.93,72.0,68.0,65.31,60.56,67.93,0.8,0.0,5.63,45.0,47.63,0.26,0.26,0.17,120.0,57.46,397.93,41.96,0.3,0.3,9.75,43.08,2.63,21.99,28.95,65.62,21.25
2018-01-12 15:12:00,1,1,67.93,72.0,68.0,65.31,60.58,67.93,0.8,0.0,5.63,45.0,47.63,0.26,0.26,0.17,120.0,57.48,397.93,41.96,0.3,0.3,9.75,43.08,2.63,22.0,28.94,65.57,21.26
2018-01-12 15:13:00,1,1,67.92,72.0,68.0,65.31,60.6,67.92,0.8,0.0,5.63,45.0,47.63,0.26,0.26,0.17,120.0,57.5,397.93,41.96,0.3,0.3,9.75,43.09,2.63,22.02,28.94,65.52,21.28
2018-01-12 15:14:00,1,1,67.92,72.0,68.0,65.31,60.62,67.92,0.8,0.0,5.63,45.0,47.63,0.26,0.26,0.17,120.0,57.52,397.93,41.96,0.3,0.3,9.75,43.1,2.63,22.03,28.93,65.47,21.29
2018-01-12 15:15:00,1,1,67.92,72.0,68.0,65.31,60.64,67.92,0.8,0.0,5.63,45.0,47.63,0.26,0.26,0.17,120.0,57.54,397.93,41.96,0.3,0.3,9.75,43.1,2.63,22.04,28.93,65.43,21.3
2018-01-12 15:16:00,1,1,67.92,72.0,68.0,65.31,60.66,67.92,0.8,0.0,5.63,45.0,47.63,0.26,0.26,0.17,120.0,57.56,397.93,41.96,0.3,0.3,9.75,43.11,2.63,22.06,28.93,65.38,21.32
2018-01-12 15:17:00,1,1,67.92,72.0,68.0,65.31,60.68,67.92,0.8,0.0,5.63,45.0,47.63,0.26,0.26,0.17,120.0,57.58,397.93,41.96,0.3,0.3,9.75,43.12,2.63,22.07,28.92,65.33,21.33
2018-01-12 15:18:00,1,1,67.92,72.0,68.0,65.31,60.7,67.92,0.8,0.0,5.63,45.0,47.63,0.26,0.26,0.17,120.0,57.6,397.93,41.96,0.3,0.3,9.75,43.12,2.63,22.08,28.92,65.28,21.34
2018-01-12 15:19:00,1,1,67.92,72.0,68.0,65.31,60.72,67.92,0.8,0.0,5.63,45.0,47.63,0.26,0.26,0.17,120.0,57.62,397.93,41.96,0.3,0.3,9.75,43.13,2.63,22.09,28.91,65.23,21.35
2018-01-12 15:20:00,1,1,67.92,72.0,68.0,65.31,60.74,67.92,0.8,0.0,5.63,45.0,47.63,0.26,0.26,0.17,120.0,57.64,397.93,41.96,0.3,0.3,9.75,43.13,2.63,22.1,28.91,65.18,21.36
2018-01-12 15:21:00,1,1,67.92,72.0,68.0,65.31,60.76,67.92,0.8,0.0,5.63,45.0,47.63,0.26,0.26,0.18,120.0,57.66,397.93,41.96,0.3,0.3,9.75,43.14,2.63,22.11,28.91,65.13,21.38
2018-01-12 15:22:00,1,1,67.92,72.0,68.0,65.31,60.78,67.92,0.8,0.0,5.63,45.0,47.63,0.26,0.26,0.18,120.0,57.68,397.93,41.96,0.3,0.3,9.75,43.14,2.63,22.12,28.9,65.08,21.39
2018-01-12 15:23:00,1,1,67.92,72.0,68.0,65.31,60.8,67.92,0.8,0.0,5.63,45.0,47.63,0.26,0.26,0.18,120.0,57.7,397.93,41.96,0.3,0.3,9.75,43.14,2.63,22.14,28.9,65.03,21.4
2018-01-12 15:24:00,1,1,67.92,72.0,68.0,65.31,60.82,67.92,0.8,0.0,5.63,45.0,47.63,0.26,0.26,0.18,120.0,57.73,397.93,41.96,0.3,0.3,9.75,43.15,2.63,22.15,28.9,64.97,21.41
2018-01-12 15:25:00,1,1,67.92,72.0,68.0,65.31,60.84,67.92,0.8,0.0,5.63,45.0,47.63,0.26,0.26,0.18,120.0,57.75,397.93,41.96,0.3,0.3,9.75,43.15,2.63,22.16,28.9,64.92,21.42
2018-01-12 15:26:00,1,1,67.92,72.0,68.0,65.31,60.86,67.92,0.8,0.0,5.63,45.0,47.63,0.26,0.26,0.18,120.0,57.77,397.93,41.96,0.3,0.3,9.75,43.15,2.63,22.17,28.89,64.87,21.43
2018-01-12 15:27:00,1,1,67.91,72.0,68.0,65.31,60.88,67.91,0.8,0.0,5.63,45.0,47.63,0.26,0.26,0.18,120.0,57.79,397.93,41.96,0.3,0.3,9.75,43.15,2.63,22.18,28.89,64.82,21.44
2018-01-12 15:28:00,1,1,67.91,72.0,68.0,65.31,60.9,67.91,0.8,0.0,5.63,45.0,47.63,0.26,0.26,0.18,120.0,57.82,397.93,41.96,0.3,0.3,9.75,43.16,2.63,22.19,28.89,64.76,21.45
2018-01-12 15:29:00,1,1,67.91,72.0,68.0,65.31,60.93,67.91,0.8,0.0,5.63,45.0,47.63,0.26,0.26,0.18,120.0,57.84,397.93,41.96,0.3,0.3,9.75,43.16,2.63,22.2,28.89,64.71,21.46
2018-01-12 15:30:00,1,1,67.91,72.0,68.0,65.31,60.95,67.91,0.8,0.0,5.63,45.0,47.63,0.26,0.26,0.18,120.0,57.86,397.93,41.96,0.3,0.3,9.75,43.16,2.63,22.2,28.89,64.66,21.47
2018-01-12 15:31:00,1,1,67.91,72.0,68.0,65.31,60.97,67.91,0.8,0.0,5.63,45.0,47.63,0.26,0.26,0.18,120.0,57.89,397.93,41.96,0.3,0.3,9.75,43.16,2.63,22.21,28.89,64.6,21.48
2018-01-12 15:32:00,1,1,67.91,72.0,68.0,65.31,60.99,67.91,0.8,0.0,5.63,45.0,47.63,0.26,0.26,0.18,120.0,57.91,397.93,41.96,0.3,0.3,9.75,43.16,2.63,22.22,28.88,64.55,21.49
2018-01-12 15:33:00,1,1,67.91,72.0,68.0,65.31,61.01,67.91,0.8,0.0,5.63,45.0,47.63,0.26,0.26,0.18,120.0,57.93,397.93,41.96,0.3,0.3,9.75,43.16,2.63,22.23,28.88,64.49,21.5
2018-01-12 15:34:00,1,1,67.91,72.0,68.0,65.31,61.04,67.91,0.8,0.0,5.63,45.0,47.63,0.26,0.26,0.18,120.0,57.96,397.93,41.96,0.3,0.3,9.75,43.16,2.63,22.24,28.88,64.44,21.51
2018-01-12 15:35:00,1,1,67.91,72.0,68.0,65.3,61.06,67.91,0.8,0.0,5.63,45.0,47.63,0.26,0.26,0.18,120.0,57.98,397.93,41.96,0.3,0.3,9.75,43.16,2.63,22.25,28.88,64.38,21.52
2018-01-12 15:36:00,1,1,67.91,72.0,68.0,65.3,61.08,67.91,0.8,0.0,5.63,45.0,47.63,0.26,0.26,0.18,120.0,58.01,397.93,41.96,0.3,0.3,9.75,43.16,2.63,22.26,28.88,64.33,21.52
2018-01-12 15:37:00,1,1,67.91,72.0,68.0,65.3,61.11,67.91,0.8,0.0,5.63,45.0,47.63,0.26,0.26,0.18,120.0,58.03,397.93,41.96,0.3,0.3,9.75,43.16,2.63,22.26,28.88,64.27,21.53
2018-01-12 15:38:00,1,1,67.91,72.0,68.0,65.3,61.13,67.91,0.8,0.0,5.63,45.0,47.63,0.26,0.26,0.18,120.0,58.06,397.93,41.96,0.3,0.3,9.75,43.15,2.63,22.27,28.88,64.21,21.54
2018-01-12 15:39:00,1,1,67.91,72.0,68.0,65.3,61.15,67.91,0.8,0.0,5.63,45.0,47.63,0.26,0.26,0.18,120.0,58.08,397.93,41.96,0.3,0.3,9.75,43.15,2.63,22.28,28.89,64.16,21.55
2018-01-12 15:40:00,1,1,67.9,72.0,68.0,65.3,61.18,67.9,0.8,0.0,5.63,45.0,47.63,0.26,0.26,0.18,120.0,58.11,397.93,41.96,0.3,0.3,9.75,43.15,2.63,22.29,28.89,64.1,21.56
2018-01-12 15:41:00,1,1,67.9,72.0,68.0,65.3,61.2,67.9,0.8,0.0,5.63,45.0,47.63,0.26,0.26,0.18,120.0,58.14,397.93,41.96,0.3,0.3,9.75,43.14,2.63,22.29,28.89,64.04,21.56
2018-01-12 15:42:00,1,1,67.9,72.0,68.0,65.3,61.22,67.9,0.8,0.0,5.63,45.0,47.63,0.26,0.26,0.18,120.0,58.16,397.93,41.96,0.3,0.3,9.75,43.14,2.63,22.3,28.89,63.98,21.57
2018-01-12 15:43:00,1,1,67.9,72.0,68.0,65.3,61.25,67.9,0.8,0.0,5.63,45.0,47.63,0.27,0.27,0.18,120.0,58.19,397.93,41.96,0.3,0.3,9.75,43.14,2.63,22.31,28.89,63.93,21.58
2018-01-12 15:44:00,1,1,67.9,72.0,68.0,65.3,61.27,67.9,0.8,0.0,5.63,45.0,47.63,0.27,0.27,0.18,120.0,58.22,397.93,41.96,0.3,0.3,9.75,43.13,2.63,22.31,28.9,63.87,21.58
2018-01-12 15:45:00,1,1,67.9,72.0,68.0,65.29,61.3,67.9,0.8,0.0,5.63,45.0,47.63,0.27,0.27,0.18,120.0,58.24,397.93,41.96,0.3,0.3,9.75,43.13,2.63,22.32,28.9,63.81,21.59
2018-01-12 15:46:00,1,1,67.9,72.0,68.0,65.29,61.32,67.9,0.8,0.0,5.63,45.0,47.63,0.27,0.27,0.18,120.0,58.27,397.93,41.96,0.3,0.3,9.75,43.12,2.63,22.33,28.9,63.75,21.6
2018-01-12 15:47:00,1,1,67.9,72.0,68.0,65.29,61.35,67.9,0.8,0.0,5.63,45.0,47.63,0.27,0.27,0.19,120.0,58.3,397.93,41.96,0.3,0.3,9.75,43.11,2.63,22.33,28.91,63.69,21.6
2018-01-12 15:48:00,1,1,67.9,72.0,68.0,65.29,61.37,67.9,0.8,0.0,5.63,45.0,47.63,0.27,0.27,0.19,120.0,58.33,397.93,41.96,0.3,0.3,9.75,43.11,2.63,22.34,28.91,63.63,21.61
2018-01-12 15:49:00,1,1,67.9,72.0,68.0,65.29,61.39,67.9,0.8,0.0,5.63,45.0,47.63,0.27,0.27,0.19,120.0,58.36,397.93,41.96,0.3,0.3,9.75,43.1,2.63,22.35,28.91,63.57,21.61
2018-01-12 15:50:00,1,1,67.9,72.0,68.0,65.29,61.42,67.9,0.8,0.0,5.63,45.0,47.63,0.27,0.27,0.19,120.0,58.38,397.93,41.96,0.3,0.3,9.75,43.09,2.63,22.35,28.92,63.51,21.62
2018-01-12 15:51:00,1,1,67.9,72.0,68.0,65.29,61.45,67.9,0.8,0.0,5.63,45.0,47.63,0.27,0.27,0.19,120.0,58.41,397.93,41.96,0.3,0.3,9.75,43.08,2.63,22.36,28.92,63.45,21.63
2018-01-12 15:52:00,1,1,67.89,72.0,68.0,65.28,61.47,67.89,0.8,0.0,5.63,45.0,47.63,0.27,0.27,0.19,120.0,58.44,397.93,41.96,0.3,0.3,9.75,43.07,2.63,22.36,28.93,63.39,21.63
2018-01-12 15:53:00,1,1,67.89,72.0,68.0,65.28,61.5,67.89,0.8,0.0,5.63,45.0,47.63,0.27,0.27,0.19,120.0,58.47,397.93,41.96,0.3,0.3,9.75,43.07,2.63,22.37,28.94,63.33,21.64
2018-01-12 15:54:00,1,1,67.89,72.0,68.0,65.28,61.52,67.89,0.8,0.0,5.63,45.0,47.63,0.27,0.27,0.19,120.0,58.5,397.93,41.96,0.3,0.3,9.75,43.06,2.63,22.37,28.94,63.27,21.64
2018-01-12 15:55:00,1,1,67.89,72.0,68.0,65.28,61.55,67.89,0.8,0.0,5.63,45.0,47.63,0.27,0.27,0.19,120.0,58.53,397.93,41.96,0.3,0.3,9.75,43.05,2.63,22.38,28.95,63.2,21.65
2018-01-12 15:56:00,1,1,67.89,72.0,68.0,65.28,61.58,67.89,0.8,0.0,5.63,45.0,47.63,0.27,0.27,0.19,120.0,58.56,397.93,41.96,0.3,0.3,9.75,43.03,2.63,22.38,28.96,63.14,21.65
2018-01-12 15:57:00,1,1,67.89,72.0,68.0,65.27,61.6,67.89,0.8,0.0,5.63,45.0,47.62,0.27,0.27,0.19,120.0,58.59,397.93,41.96,0.3,0.3,9.75,43.02,2.63,22.39,28.97,63.08,21.65
2018-01-12 15:58:00,1,1,67.89,72.0,68.0,65.27,61.63,67.89,0.8,0.0,5.63,45.0,47.62,0.27,0.27,0.19,120.0,58.62,397.93,41.96,0.3,0.3,9.75,43.01,2.63,22.39,28.98,63.02,21.66
2018-01-12 15:59:00,1,1,67.89,72.0,68.0,65.27,61.66,67.89,0.8,0.0,5.63,45.0,47.62,0.27,0.27,0.19,120.0,58.65,397.93,41.96,0.3,0.3,9.75,43.0,2.63,22.4,28.99,62.96,21.66
2018-01-12 16:00:00,1,1,67.89,72.0,68.0,65.27,61.68,67.89,0.8,0.0,5.63,45.0,47.62,0.27,0.27,0.19,120.0,58.68,397.93,41.96,0.3,0.3,9.75,42.99,2.63,22.4,28.99,62.89,21.67
2018-01-12 16:01:00,1,1,67.89,72.0,68.0,65.27,61.71,67.89,0.8,0.0,5.63,45.0,47.62,0.27,0.27,0.19,120.0,58.72,397.93,41.96,0.3,0.3,9.75,42.97,2.63,22.41,29.01,62.83,21.67
2018-01-12 16:02:00,1,1,67.89,72.0,68.0,65.26,61.74,67.89,0.8,0.0,5.63,45.0,47.62,0.27,0.27,0.19,120.0,58.75,397.93,41.96,0.3,0.3,9.75,42.95,2.63,22.41,29.02,62.77,21.67
2018-01-12 16:03:00,1,1,67.89,72.0,68.0,65.26,61.76,67.89,0.8,0.0,5.63,45.0,47.62,0.27,0.27,0.19,120.0,58.78,397.93,41.96,0.3,0.3,9.75,42.93,2.63,22.42,29.04,62.7,21.68
2018-01-12 16:04:00,1,1,67.88,72.0,68.0,65.26,61.79,67.88,0.8,0.0,5.63,45.0,47.62,0.27,0.27,0.19,120.0,58.81,397.93,41.96,0.3,0.3,9.75,42.91,2.63,22.42,29.05,62.64,21.68
2018-01-12 16:05:00,1,1,67.88,72.0,68.0,65.25,61.82,67.88,0.8,0.0,5.63,45.0,47.62,0.27,0.27,0.19,120.0,58.84,397.93,41.96,0.3,0.3,9.75,42.89,2.63,22.43,29.07,62.57,21.69
2018-01-12 16:06:00,1,1,67.88,72.0,68.0,65.25,61.85,67.88,0.8,0.0,5.63,45.0,47.62,0.27,0.27,0.19,120.0,58.88,397.93,41.96,0.3,0.3,9.75,42.87,2.63,22.43,29.09,62.51,21.69
2018-01-12 16:07:00,1,1,67.88,72.0,68.0,65.25,61.87,67.88,0.8,0.0,5.63,45.0,47.62,0.27,0.27,0.19,120.0,58.91,397.93,41.96,0.3,0.3,9.75,42.84,2.63,22.44,29.1,62.44,21.69
2018-01-12 16:08:00,1,1,67.88,72.0,68.0,65.25,61.9,67.88,0.8,0.0,5.63,45.0,47.62,0.27,0.27,0.2,120.0,58.94,397.93,41.96,0.3,0.3,9.75,42.82,2.63,22.44,29.12,62.38,21.7
2018-01-12 16:09:00,1,1,67.88,72.0,68.0,65.24,61.93,67.88,0.8,0.0,5.63,45.0,47.62,0.27,0.27,0.2,120.0,58.98,397.93,41.96,0.3,0.3,9.75,42.8,2.63,22.45,29.14,62.31,21.7
2018-01-12 16:10:00,1,1,67.88,72.0,68.0,65.24,61.96,67.88,0.8,0.0,5.63,45.0,47.62,0.27,0.27,0.2,120.0,59.01,397.93,41.96,0.3,0.3,9.75,42.77,2.63,22.45,29.16,62.25,21.71
2018-01-12 16:11:00,1,1,67.88,72.0,68.0,65.24,61.99,67.88,0.8,0.0,5.63,45.0,47.62,0.27,0.27,0.2,120.0,59.05,397.93,41.96,0.3,0.3,9.75,42.75,2.63,22.46,29.18,62.18,21.71
2018-01-12 16:12:00,1,1,67.88,72.0,68.0,65.23,62.02,67.88,0.8,0.0,5.63,45.0,47.62,0.27,0.27,0.2,120.0,59.08,397.93,41.96,0.3,0.3,9.75,42.73,2.63,22.46,29.2,62.12,21.71
2018-01-12 16:13:00,1,1,67.88,72.0,68.0,65.23,62.05,67.88,0.8,0.0,5.63,45.0,47.62,0.27,0.27,0.2,120.0,59.12,397.93,41.96,0.3,0.3,9.75,42.7,2.63,22.47,29.22,62.05,21.72
2018-01-12 16:14:00,1,1,67.88,72.0,68.0,65.23,62.08,67.88,0.8,0.0,5.63,45.0,47.62,0.27,0.27,0.2,120.0,59.15,397.93,41.96,0.3,0.3,9.75,42.67,2.63,22.48,29.24,61.99,21.72
2018-01-12 16:15:00,1,1,67.88,72.0,68.0,65.22,62.1,67.88,0.8,0.0,5.63,45.0,47.62,0.27,0.27,0.2,120.0,59.19,397.93,41.96,0.3,0.3,9.75,42.65,2.63,22.48,29.27,61.92,21.73
2018-01-12 16:16:00,1,1,67.88,72.0,68.0,65.22,62.13,67.88,0.8,0.0,5.63,45.0,47.62,0.27,0.27,0.2,120.0,59.22,397.93,41.96,0.3,0.3,9.75,42.62,2.63,22.49,29.29,61.85,21.73
2018-01-12 16:17:00,1,1,67.87,72.0,68.0,65.22,62.16,67.87,0.8,0.0,5.63,45.0,47.62,0.27,0.27,0.2,120.0,59.26,397.93,41.96,0.3,0.3,9.75,42.59,2.63,22.49,29.31,61.79,21.73
2018-01-12 16:18:00,1,1,67.87,72.0,68.0,65.21,62.19,67.87,0.8,0.0,5.63,45.0,47.62,0.27,0.27,0.2,120.0,59.29,397.93,41.96,0.3,0.3,9.75,42.57,2.63,22.5,29.34,61.72,21.74
2018-01-12 16:19:00,1,1,67.87,72.0,68.0,65.21,62.22,67.87,0.8,0.0,5.63,45.0,47.62,0.27,0.27,0.2,120.0,59.33,397.93,41.96,0.3,0.3,9.75,42.54,2.63,22.5,29.36,61.65,21.74
2018-01-12 16:20:00,1,1,67.87,72.0,68.0,65.2,62.25,67.87,0.8,0.0,5.63,45.0,47.62,0.27,0.27,0.2,120.0,59.37,397.93,41.96,0.3,0.3,9.75,42.51,2.63,22.51,29.39,61.59,21.74
2018-01-12 16:21:00,1,1,67.87,72.0,68.0,65.2,62.28,67.87,0.8,0.0,5.63,45.0,47.62,0.27,0.27,0.2,120.0,59.41,397.93,41.96,0.3,0.3,9.75,42.48,2.63,22.51,29.41,61.52,21.75
2018-01-12 16:22:00,1,1,67.87,72.0,68.0,65.2,62.31,67.87,0.8,0.0,5.63,45.0,47.61,0.27,0.27,0.2,120.0,59.44,397.93,41.96,0.3,0.3,9.75,42.45,2.63,22.52,29.44,61.45,21.75
2018-01-12 16:23:00,1,1,67.87,72.0,68.0,65.19,62.34,67.87,0.8,0.0,5.63,45.0,47.61,0.27,0.27,0.2,120.0,59.48,397.93,41.96,0.3,0.3,9.75,42.42,2.63,22.52,29.46,61.38,21.75
2018-01-12 16:24:00,1,1,67.87,72.0,68.0,65.19,62.37,67.87,0.8,0.0,5.63,45.0,47.61,0.28,0.28,0.2,120.0,59.52,397.93,41.96,0.3,0.3,9.75,42.39,2.63,22.53,29.49,61.32,21.76
2018-01-12 16:25:00,1,1,67.87,72.0,68.0,65.19,62.4,67.87,0.8,0.0,5.63,45.0,47.61,0.28,0.28,0.2,120.0,59.56,397.93,41.96,0.3,0.3,9.75,42.36,2.63,22.53,29.52,61.25,21.76
2018-01-12 16:26:00,1,1,67.87,72.0,68.0,65.18,62.44,67.87,0.8,0.0,5.63,45.0,47.61,0.28,0.28,0.21,120.0,59.59,397.93,41.96,0.3,0.3,9.75,42.33,2.63,22.54,29.55,61.18,21.76
2018-01-12 16:27:00,1,1,67.87,72.0,68.0,65.18,62.47,67.87,0.8,0.0,5.63,45.0,47.61,0.28,0.28,0.21,120.0,59.63,397.93,41.96,0.3,0.3,9.75,42.29,2.63,22.54,29.58,61.11,21.77
2018-01-12 16:28:00,1,1,67.87,72.0,68.0,65.17,62.5,67.87,0.8,0.0,5.63,45.0,47.61,0.28,0.28,0.21,120.0,59.67,397.93,41.96,0.3,0.3,9.75,42.26,2.63,22.55,29.61,61.04,21.77
2018-01-12 16:29:00,1,1,67.87,72.0,68.0,65.17,62.53,67.87,0.8,0.0,5.63,45.0,47.61,0.28,0.28,0.21,120.0,59.71,397.93,41.96,0.3,0.3,9.75,42.23,2.63,22.55,29.64,60.97,21.77
2018-01-12 16:30:00,1,1,67.86,72.0,68.0,65.16,62.56,67.86,0.8,0.0,5.63,45.0,47.61,0.28,0.28,0.21,120.0,59.75,397.93,41.96,0.3,0.3,9.75,42.2,2.63,22.56,29.67,60.91,21.78
2018-01-12 16:31:00,1,1,67.86,72.0,68.0,65.16,62.59,67.86,0.8,0.0,5.63,45.0,47.61,0.28,0.28,0.21,120.0,59.79,397.93,41.96,0.3,0.3,9.75,42.16,2.63,22.56,29.71,60.84,21.78
2018-01-12 16:32:00,1,1,67.86,72.0,68.0,65.16,62.62,67.86,0.8,0.0,5.63,45.0,47.61,0.28,0.28,0.21,120.0,59.83,397.93,41.96,0.3,0.3,9.75,42.13,2.63,22.57,29.74,60.77,21.78
2018-01-12 16:33:00,1,1,67.86,72.0,68.0,65.15,62.65,67.86,0.8,0.0,5.63,45.0,47.61,0.28,0.28,0.21,120.0,59.87,397.93,41.96,0.3,0.3,9.75,42.09,2.63,22.57,29.77,60.7,21.78
2018-01-12 16:34:00,1,1,67.86,72.0,68.0,65.15,62.69,67.86,0.8,0.0,5.63,45.0,47.61,0.28,0.28,0.21,120.0,59.91,397.93,41.96,0.3,0.3,9.75,42.06,2.63,22.58,29.81,60.63,21.79
2018-01-12 16:35:00,1,1,67.86,72.0,68.0,65.14,62.72,67.86,0.8,0.0,5.63,45.0,47.61,0.28,0.28,0.21,120.0,59.95,397.93,41.96,0.3,0.3,9.75,42.02,2.63,22.58,29.84,60.56,21.79
2018-01-12 16:36:00,1,1,67.86,72.0,68.0,65.14,62.75,67.86,0.8,0.0,5.63,45.0,47.61,0.28,0.28,0.21,120.0,59.99,397.93,41.96,0.3,0.3,9.75,41.99,2.63,22.58,29.88,60.49,21.79
2018-01-12 16:37:00,1,1,67.86,72.0,68.0,65.13,62.78,67.86,0.8,0.0,5.63,45.0,47.61,0.28,0.28,0.21,120.0,60.04,397.93,41.96,0.3,0.3,9.75,41.95,2.63,22.59,29.91,60.42,21.79
2018-01-12 16:38:00,1,1,67.86,72.0,68.0,65.13,62.82,67.86,0.8,0.0,5.63,45.0,47.61,0.28,0.28,0.21,120.0,60.08,397.93,41.96,0.3,0.3,9.75,41.92,2.63,22.59,29.95,60.35,21.79
2018-01-12 16:39:00,1,1,67.86,72.0,68.0,65.13,62.85,67.86,0.8,0.0,5.63,45.0,47.61,0.28,0.28,0.21,120.0,60.12,397.93,41.96,0.3,0.3,9.75,41.88,2.63,22.6,29.99,60.28,21.79
2018-01-12 16:40:00,1,1,67.86,72.0,68.0,65.12,62.88,67.86,0.8,0.0,5.63,45.0,47.61,0.28,0.28,0.21,120.0,60.16,397.93,41.96,0.3,0.3,9.75,41.84,2.63,22.6,30.03,60.21,21.8
2018-01-12 16:41:00,1,1,67.86,72.0,68.0,65.12,62.91,67.86,0.8,0.0,5.63,45.0,47.6,0.28,0.28,0.21,120.0,60.21,397.93,41.96,0.3,0.3,9.75,41.8,2.63,22.6,30.07,60.14,21.8
2018-01-12 16:42:00,1,1,67.86,72.0,68.0,65.11,62.95,67.86,0.8,0.0,5.63,45.0,47.6,0.28,0.28,0.21,120.0,60.25,397.93,41.96,0.3,0.3,9.75,41.77,2.63,22.61,30.11,60.07,21.8
2018-01-12 16:43:00,1,1,67.85,72.0,68.0,65.11,62.98,67.85,0.8,0.0,5.63,45.0,47.6,0.28,0.28,0.22,120.0,60.29,397.93,41.96,0.3,0.3,9.75,41.73,2.63,22.61,30.15,60.0,21.8
2018-01-12 16:44:00,1,1,67.85,72.0,68.0,65.1,63.01,67.85,0.8,0.0,5.63,45.0,47.6,0.28,0.28,0.22,120.0,60.34,397.93,41.96,0.3,0.3,9.75,41.69,2.63,22.61,30.19,59.93,21.8
2018-01-12 16:45:00,1,1,67.85,72.0,68.0,65.1,63.05,67.85,0.8,0.0,5.63,45.0,47.6,0.28,0.28,0.22,120.0,60.38,397.93,41.96,0.3,0.3,9.75,41.65,2.63,22.62,30.24,59.86,21.8
2018-01-12 16:46:00,1,1,67.85,72.0,68.0,65.09,63.08,67.85,0.8,0.0,5.63,45.0,47.6,0.28,0.28,0.22,120.0,60.42,397.93,41.96,0.3,0.3,9.75,41.61,2.63,22.62,30.28,59.78,21.8
2018-01-12 16:47:00,1,1,67.85,72.0,68.0,65.09,63.12,67.85,0.8,0.0,5.63,45.0,47.6,0.28,0.28,0.22,120.0,60.47,397.93,41.96,0.3,0.3,9.75,41.57,2.63,22.62,30.32,59.71,21.8
2018-01-12 16:48:00,1,1,67.85,72.0,68.0,65.08,63.15,67.85,0.8,0.0,5.63,45.0,47.6,0.28,0.28,0.22,120.0,60.51,397.93,41.96,0.3,0.3,9.75,41.53,2.63,22.63,30.37,59.64,21.8
2018-01-12 16:49:00,1,1,67.85,72.0,68.0,65.08,63.18,67.85,0.8,0.0,5.63,45.0,47.6,0.28,0.28,0.22,120.0,60.56,397.93,41.96,0.3,0.3,9.75,41.49,2.63,22.63,30.42,59.57,21.8
2018-01-12 16:50:00,1,1,67.85,72.0,68.0,65.07,63.22,67.85,0.8,0.0,5.63,45.0,47.6,0.28,0.28,0.22,120.0,60.61,397.93,41.96,0.3,0.3,9.75,41.45,2.63,22.63,30.46,59.5,21.8
2018-01-12 16:51:00,1,1,67.85,72.0,68.0,65.07,63.25,67.85,0.8,0.0,5.63,45.0,47.6,0.28,0.28,0.22,120.0,60.65,397.93,41.96,0.3,0.3,9.75,41.41,2.63,22.63,30.51,59.43,21.8
2018-01-12 16:52:00,1,1,67.85,72.0,68.0,65.06,63.29,67.85,0.8,0.0,5.63,45.0,47.6,0.28,0.28,0.22,120.0,60.7,397.93,41.96,0.3,0.3,9.75,41.37,2.63,22.64,30.56,59.35,21.8
2018-01-12 16:53:00,1,1,67.85,72.0,68.0,65.06,63.32,67.85,0.8,0.0,5.63,45.0,47.6,0.28,0.28,0.22,120.0,60.74,397.93,41.96,0.3,0.3,9.75,41.32,2.63,22.64,30.61,59.28,21.8
2018-01-12 16:54:00,1,1,67.85,72.0,68.0,65.05,63.36,67.85,0.8,0.0,5.63,45.0,47.6,0.28,0.28,0.22,120.0,60.79,397.93,41.96,0.3,0.3,9.75,41.28,2.63,22.64,30.66,59.21,21.8
2018-01-12 16:55:00,1,1,67.84,72.0,68.0,65.05,63.39,67.84,0.8,0.0,5.63,45.0,47.6,0.28,0.28,0.22,120.0,60.84,397.93,41.96,0.3,0.3,9.75,41.24,2.63,22.64,30.71,59.14,21.79
2018-01-12 16:56:00,1,1,67.84,72.0,68.0,65.04,63.43,67.84,0.8,0.0,5.63,45.0,47.59,0.28,0.28,0.22,120.0,60.89,397.93,41.96,0.3,0.3,9.75,41.2,2.63,22.64,30.76,59.07,21.79
2018-01-12 16:57:00,1,1,67.84,72.0,68.0,65.04,63.46,67.84,0.8,0.0,5.63,45.0,47.59,0.29,0.29,0.23,120.0,60.93,397.93,41.96,0.3,0.3,9.75,41.15,2.63,22.64,30.81,58.99,21.79
2018-01-12 16:58:00,1,1,67.84,72.0,68.0,65.03,63.5,67.84,0.8,0.0,5.63,45.0,47.59,0.29,0.29,0.23,120.0,60.98,397.93,41.96,0.3,0.3,9.75,41.11,2.63,22.64,30.87,58.92,21.79
2018-01-12 16:59:00,1,1,67.84,72.0,68.0,65.02,63.53,67.84,0.8,0.0,5.63,45.0,47.59,0.29,0.29,0.23,120.0,61.03,397.93,41.96,0.3,0.3,9.75,41.06,2.63,22.64,30.92,58.85,21.78
2018-01-12 17:00:00,1,1,67.84,72.0,68.0,65.02,63.57,67.84,0.8,0.0,5.63,45.0,47.59,0.29,0.29,0.23,120.0,61.08,397.93,41.96,0.3,0.3,9.75,41.02,2.63,22.64,30.98,58.77,21.78
2018-01-12 17:01:00,1,1,67.84,72.0,68.0,65.01,63.6,67.84,0.8,0.0,5.63,45.0,47.59,0.29,0.29,0.23,120.0,61.13,397.93,41.96,0.3,0.3,9.75,40.98,2.63,22.64,31.03,58.7,21.78
2018-01-12 17:02:00,1,1,67.84,72.0,68.0,65.01,63.64,67.84,0.8,0.0,5.63,45.0,47.59,0.29,0.29,0.23,120.0,61.18,397.93,41.96,0.3,0.3,9.75,40.93,2.63,22.64,31.08,58.63,21.77
2018-01-12 17:03:00,1,1,67.84,72.0,68.0,65.0,63.68,67.84,0.8,0.0,5.63,45.0,47.59,0.29,0.29,0.23,120.0,61.23,397.93,41.96,0.3,0.3,9.75,40.88,2.63,22.64,31.13,58.56,21.77
2018-01-12 17:04:00,1,1,67.84,72.0,68.0,65.0,63.71,67.84,0.8,0.0,5.63,45.0,47.59,0.29,0.29,0.23,120.0,61.28,397.93,41.96,0.3,0.3,9.75,40.84,2.63,22.64,31.18,58.48,21.76
2018-01-12 17:05:00,1,1,67.83,72.0,68.0,64.99,63.75,67.83,0.8,0.0,5.63,45.0,47.59,0.29,0.29,0.23,120.0,61.33,397.93,41.96,0.3,0.3,9.75,40.79,2.63,22.64,31.23,58.41,21.76
2018-01-12 17:06:00,1,1,67.83,72.0,68.0,64.98,63.79,67.83,0.8,0.0,5.63,45.0,47.59,0.29,0.29,0.23,120.0,61.38,397.93,41.96,0.3,0.3,9.75,40.74,2.63,22.64,31.28,58.33,21.75
2018-01-12 17:07:00,1,1,67.83,72.0,68.0,64.98,63.82,67.83,0.8,0.0,5.63,45.0,47.59,0.29,0.29,0.23,120.0,61.43,397.93,41.96,0.3,0.3,9.75,40.7,2.63,22.63,31.33,58.26,21.74
2018-01-12 17:08:00,1,1,67.83,72.0,68.0,64.97,63.86,67.83,0.8,0.0,5.63,45.0,47.59,0.29,0.29,0.23,120.0,61.49,397.93,41.96,0.3,0.3,9.75,40.65,2.63,22.63,31.39,58.18,21.74
2018-01-12 17:09:00,1,1,67.83,72.0,68.0,64.96,63.9,67.83,0.8,0.0,5.63,45.0,47.58,0.29,0.29,0.23,120.0,61.54,397.93,41.96,0.3,0.3,9.75,40.6,2.63,22.63,31.44,58.11,21.73
2018-01-12 17:10:00,1,1,67.83,72.0,68.0,64.96,63.94,67.83,0.8,0.0,5.63,45.0,47.58,0.29,0.29,0.23,120.0,61.59,397.93,41.96,0.3,0.3,9.75,40.55,2.63,22.62,31.49,58.03,21.72
2018-01-12 17:11:00,1,1,67.83,72.0,68.0,64.95,63.98,67.83,0.8,0.0,5.63,45.0,47.58,0.29,0.29,0.24,120.0,61.65,397.93,41.96,0.3,0.3,9.75,40.5,2.63,22.62,31.55,57.95,21.71
2018-01-12 17:12:00,1,1,67.82,72.0,68.0,64.95,64.01,67.82,0.8,0.0,5.63,45.0,47.58,0.29,0.29,0.24,120.0,61.7,397.93,41.96,0.3,0.3,9.75,40.46,2.63,22.61,31.6,57.88,21.7
2018-01-12 17:13:00,1,1,67.82,72.0,68.0,64.94,64.05,67.82,0.8,0.0,5.63,45.0,47.58,0.29,0.29,0.24,120.0,61.76,397.93,41.96,0.3,0.3,9.75,40.41,2.63,22.61,31.66,57.8,21.69
2018-01-12 17:14:00,1,1,67.82,72.0,68.0,64.93,64.09,67.82,0.8,0.0,5.63,45.0,47.58,0.29,0.29,0.24,120.0,61.81,397.93,41.96,0.3,0.3,9.75,40.36,2.63,22.6,31.72,57.72,21.68
2018-01-12 17:15:00,1,1,67.82,72.0,68.0,64.93,64.13,67.82,0.8,0.0,5.63,45.0,47.58,0.29,0.29,0.24,120.0,61.87,397.93,41.96,0.3,0.3,9.75,40.31,2.63,22.59,31.77,57.64,21.67
2018-01-12 17:16:00,1,1,67.82,72.0,68.0,64.92,64.17,67.82,0.8,0.0,5.63,45.0,47.58,0.29,0.29,0.24,120.0,61.92,397.93,41.96,0.3,0.3,9.75,40.26,2.63,22.59,31.83,57.57,21.66
2018-01-12 17:17:00,1,1,67.82,72.0,68.0,64.91,64.21,67.82,0.8,0.0,5.63,45.0,47.58,0.29,0.29,0.24,120.0,61.98,397.93,41.96,0.3,0.3,9.75,40.21,2.63,22.58,31.89,57.49,21.65
2018-01-12 17:18:00,1,1,67.82,72.0,68.0,64.91,64.25,67.82,0.8,0.0,5.63,45.0,47.58,0.29,0.29,0.24,120.0,62.04,397.93,41.96,0.3,0.3,9.75,40.16,2.63,22.57,31.95,57.41,21.63
2018-01-12 17:19:00,1,1,67.82,72.0,68.0,64.9,64.29,67.82,0.8,0.0,5.63,45.0,47.58,0.29,0.29,0.24,120.0,62.1,397.93,41.96,0.3,0.3,9.75,40.11,2.63,22.56,32.01,57.33,21.62
2018-01-12 17:20:00,1,1,67.81,72.0,68.0,64.89,64.33,67.81,0.8,0.0,5.63,45.0,47.58,0.29,0.29,0.24,120.0,62.16,397.93,41.96,0.3,0.3,9.75,40.06,2.63,22.55,32.07,57.25,21.6
2018-01-12 17:21:00,1,1,67.81,72.0,68.0,64.89,64.37,67.81,0.8,0.0,5.63,45.0,47.57,0.29,0.29,0.24,120.0,62.21,397.93,41.96,0.3,0.3,9.75,40.01,2.63,22.54,32.13,57.17,21.59
2018-01-12 17:22:00,1,1,67.81,72.0,68.0,64.88,64.41,67.81,0.8,0.0,5.63,45.0,47.57,0.29,0.29,0.24,120.0,62.27,397.93,41.96,0.3,0.3,9.75,39.96,2.63,22.53,32.2,57.1,21.57
2018-01-12 17:23:00,1,1,67.81,72.0,68.0,64.88,64.46,67.81,0.8,0.0,5.63,45.0,47.57,0.29,0.29,0.25,120.0,62.33,397.93,41.96,0.3,0.3,9.75,39.91,2.63,22.52,32.26,57.02,21.56
2018-01-12 17:24:00,1,1,67.81,72.0,68.0,64.87,64.5,67.81,0.8,0.0,5.63,45.0,47.57,0.3,0.3,0.25,120.0,62.39,397.93,41.96,0.3,0.3,9.75,39.86,2.63,22.5,32.32,56.94,21.54
2018-01-12 17:25:00,1,1,67.81,72.0,68.0,64.86,64.54,67.81,0.8,0.0,5.63,45.0,47.57,0.3,0.3,0.25,120.0,62.45,397.93,41.96,0.3,0.3,9.75,39.81,2.63,22.49,32.39,56.86,21.52
2018-01-12 17:26:00,1,1,67.81,72.0,68.0,64.86,64.58,67.81,0.8,0.0,5.63,45.0,47.57,0.3,0.3,0.25,120.0,62.51,397.93,41.96,0.3,0.3,9.75,39.76,2.63,22.48,32.45,56.78,21.51
2018-01-12 17:27:00,1,1,67.81,72.0,68.0,64.85,64.62,67.81,0.8,0.0,5.63,45.0,47.57,0.3,0.3,0.25,120.0,62.57,397.93,41.96,0.3,0.3,9.75,39.7,2.63,22.46,32.52,56.7,21.49
2018-01-12 17:28:00,1,1,67.81,72.0,68.0,64.84,64.66,67.81,0.8,0.0,5.63,45.0,47.57,0.3,0.3,0.25,120.0,62.63,397.93,41.96,0.3,0.3,9.75,39.65,2.63,22.45,32.58,56.62,21.47
2018-01-12 17:29:00,1,1,67.8,72.0,68.0,64.84,64.7,67.8,0.8,0.0,5.63,45.0,47.57,0.3,0.3,0.25,120.0,62.7,397.93,41.96,0.3,0.3,9.75,39.6,2.63,22.44,32.65,56.55,21.45
2018-01-12 17:30:00,1,1,67.8,72.0,68.0,64.83,64.74,67.8,0.8,0.0,5.63,45.0,47.57,0.3,0.3,0.25,120.0,62.76,397.93,41.96,0.3,0.3,9.75,39.55,2.63,22.42,32.71,56.47,21.43
2018-01-12 17:31:00,1,1,67.8,72.0,68.0,64.82,64.79,67.8,0.8,0.0,5.63,45.0,47.57,0.3,0.3,0.25,120.0,62.82,397.93,41.96,0.3,0.3,9.75,39.5,2.63,22.4,32.78,56.39,21.41
2018-01-12 17:32:00,1,1,67.8,72.0,68.0,64.82,64.83,67.8,0.8,0.0,5.63,45.0,47.57,0.3,0.3,0.25,120.0,62.88,397.93,41.96,0.3,0.3,9.75,39.45,2.63,22.39,32.85,56.31,21.39
2018-01-12 17:33:00,1,1,67.8,72.0,68.0,64.81,64.87,67.8,0.8,0.0,5.63,45.0,47.57,0.3,0.3,0.25,120.0,62.94,397.93,41.96,0.3,0.3,9.75,39.39,2.63,22.37,32.92,56.23,21.36
2018-01-12 17:34:00,1,1,67.8,72.0,68.0,64.81,64.91,67.8,0.8,0.0,5.63,45.0,47.56,0.3,0.3,0.26,120.0,63.01,397.93,41.96,0.3,0.3,9.75,39.34,2.63,22.35,32.99,56.15,21.34
2018-01-12 17:35:00,1,1,67.8,72.0,68.0,64.8,64.95,67.8,0.8,0.0,5.63,45.0,47.56,0.3,0.3,0.26,120.0,63.07,397.93,41.96,0.3,0.3,9.75,39.29,2.63,22.34,33.06,56.08,21.32
2018-01-12 17:36:00,1,1,67.8,72.0,68.0,64.79,65.0,67.8,0.8,0.0,5.63,45.0,47.56,0.3,0.3,0.26,120.0,63.13,397.93,41.96,0.3,0.3,9.75,39.24,2.63,22.32,33.13,56.0,21.3
2018-01-12 17:37:00,1,1,67.8,72.0,68.0,64.79,65.04,67.8,0.8,0.0,5.63,45.0,47.56,0.3,0.3,0.26,120.0,63.19,397.93,41.96,0.3,0.3,9.75,39.18,2.63,22.3,33.2,55.92,21.27
2018-01-12 17:38:00,1,1,67.8,72.0,68.0,64.78,65.08,67.8,0.8,0.0,5.63,45.0,47.56,0.3,0.3,0.26,120.0,63.26,397.93,41.96,0.3,0.3,9.75,39.13,2.63,22.28,33.27,55.84,21.25
2018-01-12 17:39:00,1,1,67.8,72.0,68.0,64.78,65.12,67.8,0.8,0.0,5.63,45.0,47.56,0.3,0.3,0.26,120.0,63.32,397.93,41.96,0.3,0.3,9.75,39.08,2.63,22.26,33.34,55.76,21.22
2018-01-12 17:40:00,1,1,67.8,72.0,68.0,64.77,65.16,67.8,0.8,0.0,5.63,45.0,47.56,0.3,0.3,0.26,120.0,63.39,397.93,41.96,0.3,0.3,9.75,39.03,2.63,22.24,33.41,55.69,21.2
2018-01-12 17:41:00,1,1,67.8,72.0,68.0,64.76,65.21,67.8,0.8,0.0,5.63,45.0,47.56,0.3,0.3,0.26,120.0,63.45,397.93,41.96,0.3,0.3,9.75,38.97,2.63,22.22,33.49,55.61,21.17
2018-01-12 17:42:00,1,1,67.8,72.0,68.0,64.76,65.25,67.8,0.8,0.0,5.63,45.0,47.56,0.3,0.3,0.26,120.0,63.51,397.93,41.96,0.3,0.3,9.75,38.92,2.63,22.2,33.56,55.53,21.15
2018-01-12 17:43:00,1,1,67.79,72.0,68.0,64.75,65.29,67.79,0.8,0.0,5.63,45.0,47.56,0.3,0.3,0.26,120.0,63.58,397.93,41.96,0.3,0.3,9.75,38.87,2.63,22.17,33.63,55.46,21.12
2018-01-12 17:44:00,1,1,67.79,72.0,68.0,64.75,65.33,67.79,0.8,0.0,5.63,45.0,47.56,0.3,0.3,0.27,120.0,63.64,397.93,41.96,0.3,0.3,9.75,38.81,2.63,22.15,33.71,55.38,21.09
2018-01-12 17:45:00,1,1,67.79,72.0,68.0,64.74,65.38,67.79,0.8,0.0,5.63,45.0,47.56,0.3,0.3,0.27,120.0,63.71,397.93,41.96,0.3,0.3,9.75,38.76,2.63,22.13,33.78,55.3,21.06
2018-01-12 17:46:00,1,1,67.79,72.0,68.0,64.73,65.42,67.79,0.8,0.0,5.63,45.0,47.55,0.3,0.3,0.27,120.0,63.77,397.93,41.96,0.3,0.3,9.75,38.71,2.63,22.1,33.86,55.23,21.03
2018-01-12 17:47:00,1,1,67.79,72.0,68.0,64.73,65.46,67.79,0.8,0.0,5.63,45.0,47.55,0.3,0.3,0.27,120.0,63.84,397.93,41.96,0.3,0.3,9.75,38.66,2.63,22.08,33.93,55.15,21.01
2018-01-12 17:48:00,1,1,67.79,72.0,68.0,64.72,65.5,67.79,0.8,0.0,5.63,45.0,47.55,0.31,0.31,0.27,120.0,63.9,397.93,41.96,0.3,0.3,9.75,38.6,2.63,22.06,34.01,55.08,20.98
2018-01-12 17:49:00,1,1,67.79,72.0,68.0,64.72,65.54,67.79,0.8,0.0,5.63,45.0,47.55,0.31,0.31,0.27,120.0,63.97,397.93,41.96,0.3,0.3,9.75,38.55,2.63,22.03,34.09,55.0,20.95
2018-01-12 17:50:00,1,1,67.79,72.0,68.0,64.71,65.59,67.79,0.8,0.0,5.63,45.0,47.55,0.31,0.31,0.27,120.0,64.03,397.93,41.96,0.3,0.3,9.75,38.5,2.63,22.01,34.16,54.93,20.92
2018-01-12 17:51:00,1,1,67.79,72.0,68.0,64.7,65.63,67.79,0.8,0.0,5.63,45.0,47.55,0.31,0.31,0.27,120.0,64.1,397.93,41.96,0.3,0.3,9.75,38.44,2.63,21.98,34.24,54.85,20.89
2018-01-12 17:52:00,1,1,67.79,72.0,68.0,64.7,65.67,67.79,0.8,0.0,5.63,45.0,47.55,0.31,0.31,0.27,120.0,64.16,397.93,41.96,0.3,0.3,9.75,38.39,2.63,21.95,34.32,54.78,20.85
2018-01-12 17:53:00,1,1,67.79,72.0,68.0,64.69,65.71,67.79,0.8,0.0,5.63,45.0,47.55,0.31,0.31,0.27,120.0,64.23,397.93,41.96,0.3,0.3,9.75,38.34,2.63,21.93,34.4,54.7,20.82
2018-01-12 17:54:00,1,1,67.79,72.0,68.0,64.69,65.75,67.79,0.8,0.0,5.63,45.0,47.55,0.31,0.31,0.27,120.0,64.29,397.93,41.96,0.3,0.3,9.75,38.28,2.63,21.9,34.48,54.63,20.79
2018-01-12 17:55:00,1,1,67.79,72.0,68.0,64.68,65.79,67.79,0.8,0.0,5.63,45.0,47.55,0.31,0.31,0.28,120.0,64.36,397.93,41.96,0.3,0.3,9.75,38.23,2.63,21.87,34.56,54.56,20.76
2018-01-12 17:56:00,1,1,67.79,72.0,68.0,64.67,65.84,67.79,0.8,0.0,5.63,45.0,47.55,0.31,0.31,0.28,120.0,64.42,397.93,41.96,0.3,0.3,9.75,38.18,2.63,21.85,34.64,54.48,20.73
2018-01-12 17:57:00,1,1,67.79,72.0,68.0,64.67,65.88,67.79,0.8,0.0,5.63,45.0,47.55,0.31,0.31,0.28,120.0,64.49,397.93,41.96,0.3,0.3,9.75,38.12,2.63,21.82,34.72,54.41,20.69
2018-01-12 17:58:00,1,1,67.79,72.0,68.0,64.66,65.92,67.79,0.8,0.0,5.63,45.0,47.55,0.31,0.31,0.28,120.0,64.55,397.93,41.96,0.3,0.3,9.75,38.07,2.63,21.79,34.8,54.34,20.66
2018-01-12 17:59:00,1,1,67.79,72.0,68.0,64.66,65.96,67.79,0.8,0.0,5.63,45.0,47.54,0.31,0.31,0.28,120.0,64.62,397.93,41.96,0.3,0.3,9.75,38.02,2.63,21.76,34.88,54.27,20.62
2018-01-12 18:00:00,1,1,67.79,72.0,68.0,64.65,66.0,67.79,0.8,0.0,5.63,45.0,47.54,0.31,0.31,0.28,120.0,64.68,397.93,41.96,0.3,0.3,9.75,37.96,2.63,21.73,34.96,54.19,20.59
2018-01-12 18:01:00,2,1,67.96,85.0,55.0,54.53,87.29,67.96,0.8,0.0,5.63,45.0,63.14,0.0,0.0,0.0,120.0,82.76,0.0,0.88,0.0,0.0,0.0,37.91,0.36,26.54,35.04,28.24,20.58
2018-01-12 18:02:00,2,1,68.18,85.0,55.0,53.23,90.62,68.18,0.8,0.0,5.63,45.0,47.45,0.0,0.0,0.0,120.0,90.01,0.0,0.88,0.0,0.0,0.0,37.86,0.05,27.24,35.12,24.28,20.57
2018-01-12 18:03:00,2,1,68.37,85.0,55.0,53.11,90.72,68.37,0.8,0.0,5.63,45.0,45.33,0.0,0.0,0.0,120.0,90.64,0.0,0.88,0.0,0.0,0.0,37.8,0.01,27.41,35.2,24.0,20.59
2018-01-12 18:04:00,2,1,68.52,85.0,55.0,53.14,90.39,68.52,0.8,0.0,5.63,45.0,45.04,0.0,0.0,0.0,120.0,90.38,0.0,0.88,0.0,0.0,0.0,37.75,0.0,27.51,35.28,24.22,20.64
2018-01-12 18:05:00,2,1,68.64,85.0,55.0,53.17,90.01,68.64,0.8,0.0,5.63,45.0,45.0,0.0,0.0,0.0,120.0,90.01,0.0,0.88,0.0,0.0,0.0,37.7,0.0,27.63,35.36,24.51,20.7
2018-01-12 18:06:00,2,1,68.74,85.0,55.0,53.19,89.62,68.74,0.8,0.0,5.63,45.0,45.0,0.0,0.0,0.0,120.0,89.62,0.0,0.88,0.0,0.0,0.0,37.64,0.0,27.75,35.45,24.81,20.79
2018-01-12 18:07:00,2,1,68.82,85.0,55.0,53.2,89.23,68.82,0.8,0.0,5.63,45.0,45.0,0.0,0.0,0.0,120.0,89.23,0.0,0.88,0.0,0.0,0.0,37.59,0.0,27.88,35.53,25.12,20.89
2018-01-12 18:08:00,2,1,68.88,85.0,55.0,53.21,88.85,68.88,0.8,0.0,5.63,45.0,45.0,0.0,0.0,0.0,120.0,88.85,0.0,0.88,0.0,0.0,0.0,37.53,0.0,28.02,35.61,25.44,21.0
2018-01-12 18:09:00,2,1,68.93,85.0,55.0,53.2,88.47,68.93,0.8,0.0,5.63,45.0,45.0,0.0,0.0,0.0,120.0,88.47,0.0,0.88,0.0,0.0,0.0,37.48,0.0,28.16,35.69,25.76,21.12
2018-01-12 18:10:00,2,1,68.96,85.0,55.0,53.19,88.09,68.96,0.8,0.0,5.63,45.0,45.0,0.0,0.0,0.0,120.0,88.09,0.0,0.88,0.0,0.0,0.0,37.43,0.0,28.31,35.78,26.09,21.25
2018-01-12 18:11:00,2,1,68.99,85.0,55.0,53.18,87.72,68.99,0.8,0.0,5.63,45.0,45.0,0.0,0.0,0.0,120.0,87.72,0.0,0.88,0.0,0.0,0.0,37.38,0.0,28.46,35.86,26.42,21.38
2018-01-12 18:12:00,2,1,69.01,85.0,55.0,53.17,87.34,69.01,0.8,0.0,5.63,45.0,45.0,0.0,0.0,0.0,120.0,87.34,0.0,0.88,0.0,0.0,0.0,37.32,0.0,28.62,35.94,26.76,21.52
2018-01-12 18:13:00,2,1,69.02,85.0,55.0,53.15,86.98,69.02,0.8,0.0,5.63,45.0,45.0,0.0,0.0,0.0,120.0,86.98,0.0,0.88,0.0,0.0,0.0,37.27,0.0,28.77,36.03,27.1,21.66
2018-01-12 18:14:00,2,1,69.03,85.0,55.0,53.12,86.61,69.03,0.8,0.0,5.63,45.0,45.0,0.0,0.0,0.0,120.0,86.61,0.0,0.88,0.0,0.0,0.0,37.22,0.0,28.93,36.11,27.45,21.81
2018-01-12 18:15:00,2,1,69.03,85.0,55.0,53.1,86.25,69.03,0.8,0.0,5.63,45.0,45.0,0.0,0.0,0.0,120.0,86.25,0.0,0.88,0.0,0.0,0.0,37.16,0.0,29.09,36.19,27.81,21.95
2018-01-12 18:16:00,2,1,69.03,85.0,55.0,53.07,85.89,69.03,0.8,0.0,5.63,45.0,45.0,0.0,0.0,0.0,120.0,85.89,0.0,0.88,0.0,0.0,0.0,37.11,0.0,29.26,36.28,28.13,22.1
2018-01-12 18:17:00,2,1,69.03,85.0,55.0,53.04,85.54,69.03,0.8,0.0,5.63,45.0,45.0,0.0,0.0,0.0,120.0,85.54,0.0,0.88,0.0,0.0,0.0,37.06,0.0,29.42,36.36,28.43,22.25
2018-01-12 18:18:00,2,1,69.02,85.0,55.0,53.01,85.18,69.02,0.8,0.0,5.63,45.0,45.0,0.0,0.0,0.0,120.0,85.18,0.0,0.88,0.0,0.0,0.0,37.01,0.0,29.58,36.45,28.72,22.4
2018-01-12 18:19:00,2,1,69.01,85.0,55.0,52.98,84.84,69.01,0.8,0.0,5.63,45.0,45.0,0.0,0.0,0.0,120.0,84.84,0.0,0.88,0.0,0.0,0.0,36.96,0.0,29.74,36.53,29.01,22.55
2018-01-12 18:20:00,2,1,69.0,85.0,55.0,52.95,84.49,69.0,0.8,0.0,5.63,45.0,45.0,0.0,0.0,0.0,120.0,84.49,0.0,0.88,0.0,0.0,0.0,36.9,0.0,29.91,36.62,29.3,22.7
2018-01-12 18:21:00,2,1,68.99,85.0,55.0,52.92,84.15,68.99,0.8,0.0,5.63,45.0,45.0,0.0,0.0,0.0,120.0,84.15,0.0,0.88,0.0,0.0,0.0,36.85,0.0,30.07,36.7,29.6,22.85
2018-01-12 18:22:00,2,1,68.97,85.0,55.0,52.89,83.81,68.97,0.8,0.0,5.63,45.0,45.0,0.0,0.0,0.0,120.0,83.81,0.0,0.88,0.0,0.0,0.0,36.8,0.0,30.24,36.79,29.91,23.01
2018-01-12 18:23:00,2,1,68.95,85.0,55.0,52.85,83.47,68.95,0.8,0.0,5.63,45.0,45.0,0.0,0.0,0.0,120.0,83.47,0.0,0.88,0.0,0.0,0.0,36.75,0.0,30.4,36.87,30.21,23.16
2018-01-12 18:24:00,2,1,68.94,85.0,55.0,52.82,83.14,68.94,0.8,0.0,5.63,45.0,45.0,0.0,0.0,0.0,120.0,83.14,0.0,0.88,0.0,0.0,0.0,36.7,0.0,30.56,36.96,30.52,23.31
2018-01-12 18:25:00,2,1,68.92,85.0,55.0,52.78,82.8,68.92,0.8,0.0,5.63,45.0,45.0,0.0,0.0,0.0,120.0,82.8,0.0,0.88,0.0,0.0,0.0,36.65,0.0,30.73,37.04,30.83,23.46
2018-01-12 18:26:00,2,1,68.9,85.0,55.0,52.75,82.48,68.9,0.8,0.0,5.63,45.0,45.0,0.0,0.0,0.0,120.0,82.48,0.0,0.88,0.0,0.0,0.0,36.6,0.0,30.89,37.13,31.15,23.61
2018-01-12 18:27:00,2,1,68.88,85.0,55.0,52.71,82.15,68.88,0.8,0.0,5.63,45.0,45.0,0.0,0.0,0.0,120.0,82.15,0.0,0.88,0.0,0.0,0.0,36.55,0.0,31.05,37.21,31.47,23.76
2018-01-12 18:28:00,2,1,68.86,85.0,55.0,52.68,81.83,68.86,0.8,0.0,5.63,45.0,45.0,0.0,0.0,0.0,120.0,81.83,0.0,0.88,0.0,0.0,0.0,36.5,0.0,31.22,37.3,31.8,23.91
2018-01-12 18:29:00,2,1,68.83,85.0,55.0,52.64,81.51,68.83,0.8,0.0,5.63,45.0,45.0,0.0,0.0,0.0,120.0,81.51,0.0,0.88,0.0,0.0,0.0,36.45,0.0,31.38,37.39,32.12,24.06
2018-01-12 18:30:00,2,1,68.81,85.0,55.0,52.61,81.19,68.81,0.8,0.0,5.63,45.0,45.0,0.0,0.0,0.0,120.0,81.19,0.0,0.88,0.0,0.0,0.0,36.4,0.0,31.54,37.47,32.46,24.21
2018-01-12 18:31:00,2,1,68.79,85.0,55.0,52.57,80.88,68.79,0.8,0.0,5.63,45.0,45.0,0.0,0.0,0.0,120.0,80.88,0.0,0.88,0.0,0.0,0.0,36.35,0.0,31.7,37.56,32.79,24.36
2018-01-12 18:32:00,2,1,68.77,85.0,55.0,52.53,80.56,68.77,0.8,0.0,5.63,45.0,45.0,0.0,0.0,0.0,120.0,80.56,0.0,0.88,0.0,0.0,0.0,36.3,0.0,31.86,37.64,33.13,24.51
2018-01-12 18:33:00,2,1,68.74,85.0,55.0,52.5,80.25,68.74,0.8,0.0,5.63,45.0,45.0,0.0,0.0,0.0,120.0,80.25,0.0,0.88,0.0,0.0,0.0,36.25,0.0,32.02,37.73,33.48,24.65
2018-01-12 18:34:00,2,1,68.72,85.0,55.0,52.46,79.95,68.72,0.8,0.0,5.63,45.0,45.0,0.0,0.0,0.0,120.0,79.95,0.0,0.88,0.0,0.0,0.0,36.2,0.0,32.18,37.81,33.83,24.8
2018-01-12 18:35:00,2,1,68.69,85.0,55.0,52.43,79.64,68.69,0.8,0.0,5.63,45.0,45.0,0.0,0.0,0.0,120.0,79.64,0.0,0.88,0.0,0.0,0.0,36.16,0.0,32.33,37.9,34.18,24.94
2018-01-12 18:36:00,2,1,68.67,85.0,55.0,52.39,79.34,68.67,0.8,0.0,5.63,45.0,45.0,0.0,0.0,0.0,120.0,79.34,0.0,0.88,0.0,0.0,0.0,36.11,0.0,32.49,37.99,34.54,25.09
2018-01-12 18:37:00,2,1,68.64,85.0,55.0,52.35,79.05,68.64,0.8,0.0,5.63,45.0,45.0,0.0,0.0,0.0,120.0,79.05,0.0,0.88,0.0,0.0,0.0,36.06,0.0,32.65,38.07,34.9,25.23
2018-01-12 18:38:00,2,1,68.62,85.0,55.0,52.32,78.75,68.62,0.8,0.0,5.63,45.0,45.0,0.0,0.0,0.0,120.0,78.75,0.0,0.88,0.0,0.0,0.0,36.01,0.0,32.8,38.16,35.26,25.37
2018-01-12 18:39:00,2,1,68.6,85.0,55.0,52.28,78.46,68.6,0.8,0.0,5.63,45.0,45.0,0.0,0.0,0.0,120.0,78.46,0.0,0.88,0.0,0.0,0.0,35.97,0.0,32.95,38.24,35.63,25.52
2018-01-12 18:40:00,2,1,68.57,85.0,55.0,52.25,78.17,68.57,0.8,0.0,5.63,45.0,45.0,0.0,0.0,0.0,120.0,78.17,0.0,0.88,0.0,0.0,0.0,35.92,0.0,33.11,38.33,36.01,25.66
2018-01-12 18:41:00,2,1,68.55,85.0,55.0,52.21,77.88,68.55,0.8,0.0,5.63,45.0,45.0,0.0,0.0,0.0,120.0,77.88,0.0,0.88,0.0,0.0,0.0,35.88,0.0,33.26,38.41,36.39,25.8
2018-01-12 18:42:00,2,1,68.52,85.0,55.0,52.18,77.59,68.52,0.8,0.0,5.63,45.0,45.0,0.0,0.0,0.0,120.0,77.59,0.0,0.88,0.0,0.0,0.0,35.83,0.0,33.41,38.5,36.77,25.93
2018-01-12 18:43:00,2,1,68.5,85.0,55.0,52.14,77.31,68.5,0.8,0.0,5.63,45.0,45.0,0.0,0.0,0.0,120.0,77.31,0.0,0.88,0.0,0.0,0.0,35.78,0.0,33.56,38.58,37.16,26.07
2018-01-12 18:44:00,2,1,68.47,85.0,55.0,52.11,77.03,68.47,0.8,0.0,5.63,45.0,45.0,0.0,0.0,0.0,120.0,77.03,0.0,0.88,0.0,0.0,0.0,35.74,0.0,33.71,38.66,37.54,26.21
2018-01-12 18:45:00,2,1,68.45,85.0,55.0,52.07,76.75,68.45,0.8,0.0,5.63,45.0,45.0,0.0,0.0,0.0,120.0,76.75,0.0,0.88,0.0,0.0,0.0,35.69,0.0,33.86,38.75,37.86,26.34
2018-01-12 18:46:00,2,1,68.42,85.0,55.0,52.04,76.47,68.42,0.8,0.0,5.63,45.0,45.0,0.0,0.0,0.0,120.0,76.47,0.0,0.88,0.0,0.0,0.0,35.65,0.0,34.01,38.83,38.18,26.48
2018-01-12 18:47:00,2,1,68.4,85.0,55.0,52.0,76.2,68.4,0.8,0.0,5.63,45.0,45.0,0.0,0.0,0.0,120.0,76.2,0.0,0.88,0.0,0.0,0.0,35.61,0.0,34.15,38.92,38.49,26.61
2018-01-12 18:48:00,2,1,68.37,85.0,55.0,51.97,75.93,68.37,0.8,0.0,5.63,45.0,45.0,0.0,0.0,0.0,120.0,75.93,0.0,0.88,0.0,0.0,0.0,35.56,0.0,34.3,39.0,38.8,26.74
2018-01-12 18:49:00,2,1,68.35,85.0,55.0,51.94,75.66,68.35,0.8,0.0,5.63,45.0,45.0,0.0,0.0,0.0,120.0,75.66,0.0,0.88,0.0,0.0,0.0,35.52,0.0,34.44,39.08,39.12,26.87
2018-01-12 18:50:00,2,1,68.33,85.0,55.0,51.9,75.39,68.33,0.8,0.0,5.63,45.0,45.0,0.0,0.0,0.0,120.0,75.39,0.0,0.88,0.0,0.0,0.0,35.48,0.0,34.59,39.17,39.44,27.0
2018-01-12 18:51:00,2,1,68.3,85.0,55.0,51.87,75.13,68.3,0.8,0.0,5.63,45.0,45.0,0.0,0.0,0.0,120.0,75.13,0.0,0.88,0.0,0.0,0.0,35.44,0.0,34.73,39.25,39.76,27.13
2018-01-12 18:52:00,2,1,68.28,85.0,55.0,51.84,74.87,68.28,0.8,0.0,5.63,45.0,45.0,0.0,0.0,0.0,120.0,74.87,0.0,0.88,0.0,0.0,0.0,35.39,0.0,34.87,39.33,40.08,27.26
2018-01-12 18:53:00,2,1,68.26,85.0,55.0,51.8,74.61,68.26,0.8,0.0,5.63,45.0,45.0,0.0,0.0,0.0,120.0,74.61,0.0,0.88,0.0,0.0,0.0,35.35,0.0,35.01,39.41,40.4,27.39
2018-01-12 18:54:00,2,1,68.23,85.0,55.0,51.77,74.35,68.23,0.8,0.0,5.63,45.0,45.0,0.0,0.0,0.0,120.0,74.35,0.0,0.88,0.0,0.0,0.0,35.31,0.0,35.15,39.49,40.73,27.51
2018-01-12 18:55:00,2,1,68.21,85.0,55.0,51.74,74.09,68.21,0.8,0.0,5.63,45.0,45.0,0.0,0.0,0.0,120.0,74.09,0.0,0.88,0.0,0.0,0.0,35.27,0.0,35.29,39.57,41.06,27.64
2018-01-12 18:56:00,2,1,68.19,85.0,55.0,51.71,73.84,68.19,0.8,0.0,5.63,45.0,45.0,0.0,0.0,0.0,120.0,73.84,0.0,0.88,0.0,0.0,0.0,35.23,0.0,35.42,39.65,41.4,27.76
2018-01-12 18:57:00,2,1,68.16,85.0,55.0,51.68,73.59,68.16,0.8,0.0,5.63,45.0,45.0,0.0,0.0,0.0,120.0,73.59,0.0,0.88,0.0,0.0,0.0,35.19,0.0,35.56,39.73,41.73,27.88
2018-01-12 18:58:00,2,1,68.14,85.0,55.0,51.65,73.34,68.14,0.8,0.0,5.63,45.0,45.0,0.0,0.0,0.0,120.0,73.34,0.0,0.88,0.0,0.0,0.0,35.15,0.0,35.7,39.81,42.07,28.0
2018-01-12 18:59:00,2,1,68.12,85.0,55.0,51.62,73.1,68.12,0.8,0.0,5.63,45.0,45.0,0.0,0.0,0.0,120.0,73.1,0.0,0.88,0.0,0.0,0.0,35.12,0.0,35.83,39.89,42.41,28.12
2018-01-12 19:00:00,2,1,68.1,85.0,55.0,51.59,72.85,68.1,0.8,0.0,5.63,45.0,45.0,0.0,0.0,0.0,120.0,72.85,0.0,0.88,0.0,0.0,0.0,35.08,0.0,35.96,39.97,42.75,28.24
2018-01-12 19:01:00,2,1,68.08,85.0,55.0,51.56,72.61,68.08,0.8,0.0,5.63,45.0,45.0,0.0,0.0,0.0,120.0,72.61,0.0,0.88,0.0,0.0,0.0,35.04,0.0,36.09,40.04,43.1,28.36
2018-01-12 19:02:00,2,1,68.06,85.0,55.0,51.53,72.37,68.06,0.8,0.0,5.63,45.0,45.0,0.0,0.0,0.0,120.0,72.37,0.0,0.88,0.0,0.0,0.0,35.0,0.0,36.22,40.11,43.45,28.47
2018-01-12 19:03:00,2,1,68.04,85.0,55.0,51.51,72.13,68.04,0.8,0.0,5.63,45.0,45.0,0.0,0.0,0.0,120.0,72.13,0.0,0.88,0.0,0.0,0.0,34.97,0.0,36.34,40.18,43.8,28.59
2018-01-12 19:04:00,2,1,68.03,85.0,55.0,51.48,71.9,68.03,0.8,0.0,5.63,45.0,45.0,0.0,0.0,0.0,120.0,71.9,0.0,0.88,0.0,0.0,0.0,34.93,0.0,36.47,40.24,44.15,28.7
2018-01-12 19:05:00,2,1,68.01,85.0,55.0,51.45,71.66,68.01,0.8,0.0,5.63,45.0,45.0,0.0,0.0,0.0,120.0,71.66,0.0,0.88,0.0,0.0,0.0,34.9,0.0,36.59,40.31,44.51,28.81
2018-01-12 19:06:00,2,1,68.0,85.0,55.0,51.43,71.43,68.0,0.8,0.0,5.63,45.0,45.0,0.0,0.0,0.0,120.0,71.43,0.0,0.88,0.0,0.0,0.0,34.87,0.0,36.71,40.37,44.86,28.92
2018-01-12 19:07:00,2,1,67.98,85.0,55.0,51.41,71.2,67.98,0.8,0.0,5.63,45.0,45.0,0.0,0.0,0.0,120.0,71.2,0.0,0.88,0.0,0.0,0.0,34.83,0.0,36.83,40.44,45.23,29.02
2018-01-12 19:08:00,2,1,67.97,85.0,55.0,51.38,70.97,67.97,0.8,0.0,5.63,45.0,45.0,0.0,0.0,0.0,120.0,70.97,0.0,0.88,0.0,0.0,0.0,34.8,0.0,36.95,40.5,45.59,29.13
2018-01-12 19:09:00,2,1,67.96,85.0,55.0,51.36,70.75,67.96,0.8,0.0,5.63,45.0,45.0,0.0,0.0,0.0,120.0,70.75,0.0,0.88,0.0,0.0,0.0,34.77,0.0,37.07,40.56,45.96,29.23
2018-01-12 19:10:00,2,1,67.95,85.0,55.0,51.34,70.52,67.95,0.8,0.0,5.63,45.0,45.0,0.0,0.0,0.0,120.0,70.52,0.0,0.88,0.0,0.0,0.0,34.74,0.0,37.19,40.62,46.33,29.33
2018-01-12 19:11:00,2,1,67.94,85.0,55.0,51.32,70.3,67.94,0.8,0.0,5.63,45.0,45.0,0.0,0.0,0.0,120.0,70.3,0.0,0.88,0.0,0.0,0.0,34.7,0.0,37.31,40.69,46.7,29.44
2018-01-12 19:12:00,2,1,67.93,85.0,55.0,51.3,70.08,67.93,0.8,0.0,5.63,45.0,45.0,0.0,0.0,0.0,120.0,70.08,0.0,0.88,0.0,0.0,0.0,34.67,0.0,37.43,40.75,47.07,29.54
2018-01-12 19:13:00,2,1,67.92,85.0,55.0,51.28,69.86,67.92,0.8,0.0,5.63,45.0,45.0,0.0,0.0,0.0,120.0,69.86,0.0,0.88,0.0,0.0,0.0,34.64,0.0,37.54,40.81,47.45,29.64
2018-01-12 19:14:00,2,1,67.91,85.0,55.0,51.26,69.65,67.91,0.8,0.0,5.63,45.0,45.0,0.0,0.0,0.0,120.0,69.65,0.0,0.88,0.0,0.0,0.0,34.61,0.0,37.66,40.87,47.83,29.74
2018-01-12 19:15:00,2,1,67.9,85.0,55.0,51.24,69.43,67.9,0.8,0.0,5.63,45.0,45.0,0.0,0.0,0.0,120.0,69.43,0.0,0.88,0.0,0.0,0.0,34.59,0.0,37.77,40.93,48.21,29.84
2018-01-12 19:16:00,2,1,67.9,85.0,55.0,51.23,69.22,67.9,0.8,0.0,5.63,45.0,45.0,0.0,0.0,0.0,120.0,69.22,0.0,0.88,0.0,0.0,0.0,34.56,0.0,37.89,40.98,48.6,29.94
2018-01-12 19:17:00,2,1,67.89,85.0,55.0,51.21,69.01,67.89,0.8,0.0,5.63,45.0,45.0,0.0,0.0,0.0,120.0,69.01,0.0,0.88,0.0,0.0,0.0,34.53,0.0,38.0,41.04,48.99,30.04
2018-01-12 19:18:00,2,1,67.88,85.0,55.0,51.19,68.8,67.88,0.8,0.0,5.63,45.0,45.0,0.0,0.0,0.0,120.0,68.8,0.0,0.88,0.0,0.0,0.0,34.5,0.0,38.11,41.1,49.38,30.13
2018-01-12 19:19:00,2,1,67.88,85.0,55.0,51.18,68.59,67.88,0.8,0.0,5.63,45.0,45.0,0.0,0.0,0.0,120.0,68.59,0.0,0.88,0.0,0.0,0.0,34.48,0.0,38.22,41.16,49.77,30.23
2018-01-12 19:20:00,2,1,67.87,85.0,55.0,51.16,68.39,67.87,0.8,0.0,5.63,45.0,45.0,0.0,0.0,0.0,120.0,68.39,0.0,0.88,0.0,0.0,0.0,34.45,0.0,38.34,41.21,50.17,30.33
2018-01-12 19:21:00,2,1,67.87,85.0,55.0,51.15,68.19,67.87,0.8,0.0,5.63,45.0,45.0,0.0,0.0,0.0,120.0,68.19,0.0,0.88,0.0,0.0,0.0,34.42,0.0,38.45,41.27,50.57,30.43
2018-01-12 19:22:00,2,1,67.87,85.0,55.0,51.13,67.98,67.87,0.8,0.0,5.63,45.0,45.0,0.0,0.0,0.0,120.0,67.98,0.0,0.88,0.0,0.0,0.0,34.4,0.0,38.56,41.32,50.95,30.52
2018-01-12 19:23:00,2,1,67.86,85.0,55.0,51.12,67.78,67.86,0.8,0.0,5.63,45.0,45.0,0.0,0.0,0.0,120.0,67.78,0.0,0.88,0.0,0.0,0.0,34.38,0.0,38.67,41.38,51.27,30.62
2018-01-12 19:24:00,2,1,67.86,85.0,55.0,51.11,67.59,67.86,0.8,0.0,5.63,45.0,45.0,0.0,0.0,0.0,120.0,67.59,0.0,0.88,0.0,0.0,0.0,34.35,0.0,38.78,41.43,51.58,30.71
2018-01-12 19:25:00,2,1,67.86,85.0,55.0,51.09,67.39,67.86,0.8,0.0,5.63,45.0,45.0,0.0,0.0,0.0,120.0,67.39,0.0,0.88,0.0,0.0,0.0,34.33,0.0,38.88,41.49,51.89,30.81
2018-01-12 19:26:00,2,1,67.85,85.0,55.0,51.08,67.2,67.85,0.8,0.0,5.63,45.0,45.0,0.0,0.0,0.0,120.0,67.2,0.0,0.88,0.0,0.0,0.0,34.31,0.0,38.99,41.54,52.2,30.91
2018-01-12 19:27:00,2,1,67.85,85.0,55.0,51.07,67.0,67.85,0.8,0.0,5.63,45.0,45.0,0.0,0.0,0.0,120.0,67.0,0.0,0.88,0.0,0.0,0.0,34.29,0.0,39.1,41.59,52.51,31.0
2018-01-12 19:28:00,2,1,67.85,85.0,55.0,51.06,66.81,67.85,0.8,0.0,5.63,45.0,45.0,0.0,0.0,0.0,120.0,66.81,0.0,0.88,0.0,0.0,0.0,34.26,0.0,39.21,41.64,52.83,31.1
2018-01-12 19:29:00,2,1,67.85,85.0,55.0,51.05,66.62,67.85,0.8,0.0,5.63,45.0,45.0,0.0,0.0,0.0,120.0,66.62,0.0,0.88,0.0,0.0,0.0,34.24,0.0,39.31,41.69,53.14,31.19
2018-01-12 19:30:00,2,1,67.85,85.0,55.0,51.04,66.43,67.85,0.8,0.0,5.63,45.0,45.0,0.0,0.0,0.0,120.0,66.43,0.0,0.88,0.0,0.0,0.0,34.23,0.0,39.42,41.74,53.46,31.29
2018-01-12 19:31:00,2,1,67.85,85.0,55.0,51.03,66.25,67.85,0.8,0.0,5.63,45.0,45.0,0.0,0.0,0.0,120.0,66.25,0.0,0.88,0.0,0.0,0.0,34.21,0.0,39.53,41.79,53.77,31.38
2018-01-12 19:32:00,2,1,67.84,85.0,55.0,51.02,66.06,67.84,0.8,0.0,5.63,45.0,45.0,0.0,0.0,0.0,120.0,66.06,0.0,0.88,0.0,0.0,0.0,34.19,0.0,39.63,41.84,54.09,31.47
2018-01-12 19:33:00,2,1,67.84,85.0,55.0,51.01,65.88,67.84,0.8,0.0,5.63,45.0,45.0,0.0,0.0,0.0,120.0,65.88,0.0,0.88,0.0,0.0,0.0,34.17,0.0,39.74,41.89,54.41,31.57
2018-01-12 19:34:00,2,1,67.84,85.0,55.0,51.0,65.7,67.84,0.8,0.0,5.63,45.0,45.0,0.0,0.0,0.0,120.0,65.7,0.0,0.88,0.0,0.0,0.0,34.15,0.0,39.84,41.94,54.73,31.66
2018-01-12 19:35:00,2,1,67.84,85.0,55.0,50.99,65.52,67.84,0.8,0.0,5.63,45.0,45.0,0.0,0.0,0.0,120.0,65.52,0.0,0.88,0.0,0.0,0.0,34.14,0.0,39.94,41.99,55.05,31.76
2018-01-12 19:36:00,2,1,67.84,85.0,55.0,50.98,65.34,67.84,0.8,0.0,5.63,45.0,45.0,0.0,0.0,0.0,120.0,65.34,0.0,0.88,0.0,0.0,0.0,34.12,0.0,40.05,42.04,55.37,31.85
2018-01-12 19:37:00,2,1,67.84,85.0,55.0,50.98,65.16,67.84,0.8,0.0,5.63,45.0,45.0,0.0,0.0,0.0,120.0,65.16,0.0,0.88,0.0,0.0,0.0,34.11,0.0,40.15,42.08,55.69,31.94
2018-01-12 19:38:00,2,1,67.84,85.0,55.0,50.97,64.99,67.84,0.8,0.0,5.63,45.0,45.0,0.0,0.0,0.0,120.0,64.99,0.0,0.88,0.0,0.0,0.0,34.09,0.0,40.25,42.13,56.02,32.04
2018-01-12 19:39:00,2,1,67.84,85.0,55.0,50.96,64.81,67.84,0.8,0.0,5.63,45.0,45.0,0.0,0.0,0.0,120.0,64.81,0.0,0.88,0.0,0.0,0.0,34.08,0.0,40.35,42.17,56.34,32.13
2018-01-12 19:40:00,2,1,67.84,85.0,55.0,50.96,64.64,67.84,0.8,0.0,5.63,45.0,45.0,0.0,0.0,0.0,120.0,64.64,0.0,0.88,0.0,0.0,0.0,34.07,0.0,40.46,42.22,56.67,32.22
2018-01-12 19:41:00,2,1,67.85,85.0,55.0,50.95,64.47,67.85,0.8,0.0,5.63,45.0,45.0,0.0,0.0,0.0,120.0,64.47,0.0,0.88,0.0,0.0,0.0,34.06,0.0,40.56,42.26,56.99,32.32
2018-01-12 19:42:00,2,1,67.85,85.0,55.0,50.95,64.3,67.85,0.8,0.0,5.63,45.0,45.0,0.0,0.0,0.0,120.0,64.3,0.0,0.88,0.0,0.0,0.0,34.04,0.0,40.66,42.3,57.32,32.41
2018-01-12 19:43:00,2,1,67.85,85.0,55.0,50.94,64.13,67.85,0.8,0.0,5.63,45.0,45.0,0.0,0.0,0.0,120.0,64.13,0.0,0.88,0.0,0.0,0.0,34.03,0.0,40.76,42.35,57.65,32.5
2018-01-12 19:44:00,2,1,67.85,85.0,55.0,50.94,63.97,67.85,0.8,0.0,5.63,45.0,45.0,0.0,0.0,0.0,120.0,63.97,0.0,0.88,0.0,0.0,0.0,34.03,0.0,40.86,42.39,57.97,32.6
2018-01-12 19:45:00,2,1,67.85,85.0,55.0,50.93,63.8,67.85,0.8,0.0,5.63,45.0,45.0,0.0,0.0,0.0,120.0,63.8,0.0,0.88,0.0,0.0,0.0,34.02,0.0,40.96,42.43,58.3,32.69
2018-01-12 19:46:00,2,1,67.85,85.0,55.0,50.93,63.64,67.85,0.8,0.0,5.63,45.0,45.0,0.0,0.0,0.0,120.0,63.64,0.0,0.88,0.0,0.0,0.0,34.01,0.0,41.06,42.47,58.63,32.78
2018-01-12 19:47:00,2,1,67.85,85.0,55.0,50.93,63.47,67.85,0.8,0.0,5.63,45.0,45.0,0.0,0.0,0.0,120.0,63.47,0.0,0.88,0.0,0.0,0.0,34.0,0.0,41.15,42.51,58.96,32.88
2018-01-12 19:48:00,2,1,67.85,85.0,55.0,50.92,63.31,67.85,0.8,0.0,5.63,45.0,45.0,0.0,0.0,0.0,120.0,63.31,0.0,0.88,0.0,0.0,0.0,33.99,0.0,41.25,42.55,59.3,32.97
2018-01-12 19:49:00,2,1,67.85,85.0,55.0,50.92,63.15,67.85,0.8,0.0,5.63,45.0,45.0,0.0,0.0,0.0,120.0,63.15,0.0,0.88,0.0,0.0,0.0,33.99,0.0,41.35,42.59,59.63,33.06
2018-01-12 19:50:00,2,1,67.85,85.0,55.0,50.92,63.0,67.85,0.8,0.0,5.63,45.0,45.0,0.0,0.0,0.0,120.0,63.0,0.0,0.88,0.0,0.0,0.0,33.98,0.0,41.45,42.63,59.96,33.16
2018-01-12 19:51:00,2,1,67.85,85.0,55.0,50.92,62.84,67.85,0.8,0.0,5.63,45.0,45.0,0.0,0.0,0.0,120.0,62.84,0.0,0.88,0.0,0.0,0.0,33.98,0.0,41.54,42.67,60.3,33.25
2018-01-12 19:52:00,2,1,67.85,85.0,55.0,50.92,62.69,67.85,0.8,0.0,5.63,45.0,45.0,0.0,0.0,0.0,120.0,62.69,0.0,0.88,0.0,0.0,0.0,33.98,0.0,41.64,42.71,60.63,33.34
2018-01-12 19:53:00,2,1,67.86,85.0,55.0,50.91,62.53,67.86,0.8,0.0,5.63,45.0,45.0,0.0,0.0,0.0,120.0,62.53,0.0,0.88,0.0,0.0,0.0,33.97,0.0,41.74,42.74,60.97,33.43
2018-01-12 19:54:00,2,1,67.86,85.0,55.0,50.91,62.38,67.86,0.8,0.0,5.63,45.0,45.0,0.0,0.0,0.0,120.0,62.38,0.0,0.88,0.0,0.0,0.0,33.97,0.0,41.83,42.78,61.31,33.53
2018-01-12 19:55:00,2,1,67.86,85.0,55.0,50.91,62.23,67.86,0.8,0.0,5.63,45.0,45.0,0.0,0.0,0.0,120.0,62.23,0.0,0.88,0.0,0.0,0.0,33.97,0.0,41.92,42.81,61.64,33.62
2018-01-12 19:56:00,2,1,67.86,85.0,55.0,50.91,62.08,67.86,0.8,0.0,5.63,45.0,45.0,0.0,0.0,0.0,120.0,62.08,0.0,0.88,0.0,0.0,0.0,33.97,0.0,42.02,42.85,61.98,33.71
2018-01-12 19:57:00,2,1,67.86,85.0,55.0,50.91,61.93,67.86,0.8,0.0,5.63,45.0,45.0,0.0,0.0,0.0,120.0,61.93,0.0,0.88,0.0,0.0,0.0,33.97,0.0,42.11,42.88,62.32,33.8
2018-01-12 19:58:00,2,1,67.86,85.0,55.0,50.92,61.78,67.86,0.8,0.0,5.63,45.0,45.0,0.0,0.0,0.0,120.0,61.78,0.0,0.88,0.0,0.0,0.0,33.97,0.0,42.21,42.92,62.66,33.9
2018-01-12 19:59:00,2,1,67.86,85.0,55.0,50.92,61.64,67.86,0.8,0.0,5.63,45.0,45.0,0.0,0.0,0.0,120.0,61.64,0.0,0.88,0.0,0.0,0.0,33.98,0.0,42.3,42.95,63.0,33.99
2018-01-12 20:00:00,2,1,67.86,85.0,55.0,50.92,61.49,67.86,0.8,0.0,5.63,45.0,45.0,0.0,0.0,0.0,120.0,61.49,0.0,0.88,0.0,0.0,0.0,33.98,0.0,42.39,42.98,63.34,34.08
2018-01-12 20:01:00,2,1,67.86,85.0,55.0,50.93,61.35,67.86,0.8,0.0,5.63,45.0,45.0,0.0,0.0,0.0,120.0,61.35,0.0,0.88,0.0,0.0,0.0,34.0,0.0,42.47,43.02,63.68,34.17
2018-01-12 20:02:00,2,1,67.86,85.0,55.0,50.95,61.21,67.86,0.8,0.0,5.63,45.0,45.0,0.0,0.0,0.0,120.0,61.21,0.0,0.88,0.0,0.0,0.0,34.04,0.0,42.55,43.05,64.03,34.27
2018-01-12 20:03:00,2,1,67.85,85.0,55.0,50.96,61.06,67.85,0.8,0.0,5.63,45.0,45.0,0.0,0.0,0.0,120.0,61.06,0.0,0.88,0.0,0.0,0.0,34.07,0.0,42.63,43.08,64.37,34.36
2018-01-12 20:04:00,2,1,67.85,85.0,55.0,50.98,60.92,67.85,0.8,0.0,5.63,45.0,45.0,0.0,0.0,0.0,120.0,60.92,0.0,0.88,0.0,0.0,0.0,34.11,0.0,42.71,43.1,64.71,34.45
2018-01-12 20:05:00,2,1,67.84,85.0,55.0,51.0,60.79,67.84,0.8,0.0,5.63,45.0,45.0,0.0,0.0,0.0,120.0,60.79,0.0,0.88,0.0,0.0,0.0,34.15,0.0,42.78,43.13,65.06,34.55
2018-01-12 20:06:00,2,1,67.83,85.0,55.0,51.01,60.65,67.83,0.8,0.0,5.63,45.0,45.0,0.0,0.0,0.0,120.0,60.65,0.0,0.88,0.0,0.0,0.0,34.19,0.0,42.86,43.16,65.4,34.64
2018-01-12 20:07:00,2,1,67.83,85.0,55.0,51.03,60.51,67.83,0.8,0.0,5.63,45.0,45.0,0.0,0.0,0.0,120.0,60.51,0.0,0.88,0.0,0.0,0.0,34.23,0.0,42.94,43.19,65.75,34.73
2018-01-12 20:08:00,2,1,67.82,85.0,55.0,51.04,60.38,67.82,0.8,0.0,5.63,45.0,45.0,0.0,0.0,0.0,120.0,60.38,0.0,0.88,0.0,0.0,0.0,34.27,0.0,43.01,43.21,66.1,34.83
2018-01-12 20:09:00,2,1,67.81,85.0,55.0,51.06,60.24,67.81,0.8,0.0,5.63,45.0,45.0,0.0,0.0,0.0,120.0,60.24,0.0,0.88,0.0,0.0,0.0,34.31,0.0,43.09,43.24,66.44,34.92
2018-01-12 20:10:00,2,1,67.8,85.0,55.0,51.07,60.11,67.8,0.8,0.0,5.63,45.0,45.0,0.0,0.0,0.0,120.0,60.11,0.0,0.88,0.0,0.0,0.0,34.35,0.0,43.16,43.26,66.79,35.01
2018-01-12 20:11:00,2,1,67.79,85.0,55.0,51.09,59.98,67.79,0.8,0.0,5.63,45.0,45.0,0.0,0.0,0.0,120.0,59.98,0.0,0.88,0.0,0.0,0.0,34.39,0.0,43.23,43.29,67.14,35.1
2018-01-12 20:12:00,2,1,67.77,85.0,55.0,51.1,59.85,67.77,0.8,0.0,5.63,45.0,45.0,0.0,0.0,0.0,120.0,59.85,0.0,0.88,0.0,0.0,0.0,34.43,0.0,43.3,43.31,67.49,35.19
2018-01-12 20:13:00,2,1,67.76,85.0,55.0,51.12,59.72,67.76,0.8,0.0,5.63,45.0,45.0,0.0,0.0,0.0,120.0,59.72,0.0,0.88,0.0,0.0,0.0,34.48,0.0,43.37,43.34,67.84,35.28
2018-01-12 20:14:00,2,1,67.75,85.0,55.0,51.13,59.59,67.75,0.8,0.0,5.63,45.0,45.0,0.0,0.0,0.0,120.0,59.59,0.0,0.88,0.0,0.0,0.0,34.52,0.0,43.44,43.36,68.19,35.38
2018-01-12 20:15:00,2,1,67.74,85.0,55.0,51.15,59.46,67.74,0.8,0.0,5.63,45.0,45.0,0.0,0.0,0.0,120.0,59.46,0.0,0.88,0.0,0.0,0.0,34.56,0.0,43.51,43.38,68.54,35.46
2018-01-12 20:16:00,2,1,67.72,85.0,55.0,51.16,59.34,67.72,0.8,0.0,5.63,45.0,45.0,0.0,0.0,0.0,120.0,59.34,0.0,0.88,0.0,0.0,0.0,34.61,0.0,43.58,43.4,68.89,35.55
2018-01-12 20:17:00,2,1,67.71,85.0,55.0,51.18,59.21,67.71,0.8,0.0,5.63,45.0,45.0,0.0,0.0,0.0,120.0,59.21,0.0,0.88,0.0,0.0,0.0,34.65,0.0,43.64,43.43,69.24,35.64
2018-01-12 20:18:00,2,1,67.69,85.0,55.0,51.19,59.09,67.69,0.8,0.0,5.63,45.0,45.0,0.0,0.0,0.0,120.0,59.09,0.0,0.88,0.0,0.0,0.0,34.69,0.0,43.71,43.45,69.59,35.73
2018-01-12 20:19:00,2,1,67.68,85.0,55.0,51.21,58.97,67.68,0.8,0.0,5.63,45.0,45.0,0.0,0.0,0.0,120.0,58.97,0.0,0.88,0.0,0.0,0.0,34.73,0.0,43.77,43.47,69.91,35.82
2018-01-12 20:20:00,2,1,67.66,85.0,55.0,51.22,58.85,67.66,0.8,0.0,5.63,45.0,45.0,0.0,0.0,0.0,120.0,58.85,0.0,0.88,0.0,0.0,0.0,34.78,0.0,43.84,43.49,70.19,35.9
2018-01-12 20:21:00,2,1,67.64,85.0,55.0,51.23,58.73,67.64,0.8,0.0,5.63,45.0,45.0,0.0,0.0,0.0,120.0,58.73,0.0,0.88,0.0,0.0,0.0,34.82,0.0,43.9,43.51,70.45,35.99
2018-01-12 20:22:00,2,1,67.63,85.0,55.0,51.25,58.61,67.63,0.8,0.0,5.63,45.0,45.0,0.0,0.0,0.0,120.0,58.61,0.0,0.88,0.0,0.0,0.0,34.86,0.0,43.96,43.52,70.72,36.07
2018-01-12 20:23:00,2,1,67.61,85.0,55.0,51.26,58.49,67.61,0.8,0.0,5.63,45.0,45.0,0.0,0.0,0.0,120.0,58.49,0.0,0.88,0.0,0.0,0.0,34.91,0.0,44.02,43.54,70.98,36.15
2018-01-12 20:24:00,2,1,67.59,85.0,55.0,51.27,58.37,67.59,0.8,0.0,5.63,45.0,45.0,0.0,0.0,0.0,120.0,58.37,0.0,0.88,0.0,0.0,0.0,34.95,0.0,44.08,43.56,71.25,36.23
2018-01-12 20:25:00,2,1,67.57,85.0,55.0,51.28,58.25,67.57,0.8,0.0,5.63,45.0,45.0,0.0,0.0,0.0,120.0,58.25,0.0,0.88,0.0,0.0,0.0,34.99,0.0,44.14,43.58,71.51,36.32
2018-01-12 20:26:00,2,1,67.56,85.0,55.0,51.3,58.14,67.56,0.8,0.0,5.63,45.0,45.0,0.0,0.0,0.0,120.0,58.14,0.0,0.88,0.0,0.0,0.0,35.03,0.0,44.19,43.6,71.78,36.4
2018-01-12 20:27:00,2,1,67.54,85.0,55.0,51.31,58.02,67.54,0.8,0.0,5.63,45.0,45.0,0.0,0.0,0.0,120.0,58.02,0.0,0.88,0.0,0.0,0.0,35.08,0.0,44.25,43.61,72.04,36.47
2018-01-12 20:28:00,2,1,67.52,85.0,55.0,51.32,57.91,67.52,0.8,0.0,5.63,45.0,45.0,0.0,0.0,0.0,120.0,57.91,0.0,0.88,0.0,0.0,0.0,35.12,0.0,44.31,43.63,72.3,36.55
2018-01-12 20:29:00,2,1,67.5,85.0,55.0,51.33,57.8,67.5,0.8,0.0,5.63,45.0,45.0,0.0,0.0,0.0,120.0,57.8,0.0,0.88,0.0,0.0,0.0,35.16,0.0,44.36,43.65,72.56,36.63
2018-01-12 20:30:00,2,1,67.48,85.0,55.0,51.34,57.69,67.48,0.8,0.0,5.63,45.0,45.0,0.0,0.0,0.0,120.0,57.69,0.0,0.88,0.0,0.0,0.0,35.2,0.0,44.41,43.66,72.83,36.7
2018-01-12 20:31:00,2,1,67.46,85.0,55.0,51.35,57.58,67.46,0.8,0.0,5.63,45.0,45.0,0.0,0.0,0.0,120.0,57.58,0.0,0.88,0.0,0.0,0.0,35.24,0.0,44.46,43.68,73.09,36.78
2018-01-12 20:32:00,2,1,67.44,85.0,55.0,51.36,57.47,67.44,0.8,0.0,5.63,45.0,45.0,0.0,0.0,0.0,120.0,57.47,0.0,0.88,0.0,0.0,0.0,35.28,0.0,44.52,43.69,73.35,36.85
2018-01-12 20:33:00,2,1,67.42,85.0,55.0,51.37,57.36,67.42,0.8,0.0,5.63,45.0,45.0,0.0,0.0,0.0,120.0,57.36,0.0,0.88,0.0,0.0,0.0,35.32,0.0,44.57,43.71,73.61,36.93
2018-01-12 20:34:00,2,1,67.4,85.0,55.0,51.38,57.25,67.4,0.8,0.0,5.63,45.0,45.0,0.0,0.0,0.0,120.0,57.25,0.0,0.88,0.0,0.0,0.0,35.36,0.0,44.61,43.72,73.87,37.0
2018-01-12 20:35:00,2,1,67.38,85.0,55.0,51.39,57.14,67.38,0.8,0.0,5.63,45.0,45.0,0.0,0.0,0.0,120.0,57.14,0.0,0.88,0.0,0.0,0.0,35.39,0.0,44.66,43.73,74.13,37.07
2018-01-12 20:36:00,2,1,67.36,85.0,55.0,51.4,57.04,67.36,0.8,0.0,5.63,45.0,45.0,0.0,0.0,0.0,120.0,57.04,0.0,0.88,0.0,0.0,0.0,35.43,0.0,44.71,43.75,74.39,37.14
2018-01-12 20:37:00,2,1,67.34,85.0,55.0,51.4,56.93,67.34,0.8,0.0,5.63,45.0,45.0,0.0,0.0,0.0,120.0,56.93,0.0,0.88,0.0,0.0,0.0,35.47,0.0,44.76,43.76,74.65,37.2
2018-01-12 20:38:00,2,1,67.32,85.0,55.0,51.41,56.83,67.32,0.8,0.0,5.63,45.0,45.0,0.0,0.0,0.0,120.0,56.83,0.0,0.88,0.0,0.0,0.0,35.5,0.0,44.8,43.77,74.91,37.27
2018-01-12 20:39:00,2,1,67.3,85.0,55.0,51.42,56.73,67.3,0.8,0.0,5.63,45.0,45.0,0.0,0.0,0.0,120.0,56.73,0.0,0.88,0.0,0.0,0.0,35.53,0.0,44.85,43.79,75.17,37.34
2018-01-12 20:40:00,2,1,67.28,85.0,55.0,51.42,56.63,67.28,0.8,0.0,5.63,45.0,45.0,0.0,0.0,0.0,120.0,56.63,0.0,0.88,0.0,0.0,0.0,35.57,0.0,44.89,43.8,75.43,37.4
2018-01-12 20:41:00,2,1,67.26,85.0,55.0,51.43,56.52,67.26,0.8,0.0,5.63,45.0,45.0,0.0,0.0,0.0,120.0,56.52,0.0,0.88,0.0,0.0,0.0,35.6,0.0,44.93,43.81,75.68,37.46
2018-01-12 20:42:00,2,1,67.24,85.0,55.0,51.43,56.42,67.24,0.8,0.0,5.63,45.0,45.0,0.0,0.0,0.0,120.0,56.42,0.0,0.88,0.0,0.0,0.0,35.63,0.0,44.98,43.82,75.94,37.53
2018-01-12 20:43:00,2,1,67.22,85.0,55.0,51.44,56.32,67.22,0.8,0.0,5.63,45.0,45.0,0.0,0.0,0.0,120.0,56.32,0.0,0.88,0.0,0.0,0.0,35.66,0.0,45.02,43.83,76.2,37.59
2018-01-12 20:44:00,2,1,67.2,85.0,55.0,51.44,56.23,67.2,0.8,0.0,5.63,45.0,45.0,0.0,0.0,0.0,120.0,56.23,0.0,0.88,0.0,0.0,0.0,35.69,0.0,45.06,43.85,76.45,37.65
2018-01-12 20:45:00,2,1,67.18,85.0,55.0,51.45,56.13,67.18,0.8,0.0,5.63,45.0,45.0,0.0,0.0,0.0,120.0,56.13,0.0,0.88,0.0,0.0,0.0,35.72,0.0,45.1,43.86,76.71,37.7
2018-01-12 20:46:00,2,1,67.15,85.0,55.0,51.45,56.03,67.15,0.8,0.0,5.63,45.0,45.0,0.0,0.0,0.0,120.0,56.03,0.0,0.88,0.0,0.0,0.0,35.74,0.0,45.14,43.87,76.96,37.76
2018-01-12 20:47:00,2,1,67.13,85.0,55.0,51.45,55.93,67.13,0.8,0.0,5.63,45.0,45.0,0.0,0.0,0.0,120.0,55.93,0.0,0.88,0.0,0.0,0.0,35.77,0.0,45.18,43.88,77.22,37.82
2018-01-12 20:48:00,2,1,67.11,85.0,55.0,51.45,55.84,67.11,0.8,0.0,5.63,45.0,45.0,0.0,0.0,0.0,120.0,55.84,0.0,0.88,0.0,0.0,0.0,35.79,0.0,45.22,43.89,77.47,37.87
2018-01-12 20:49:00,2,1,67.09,85.0,55.0,51.45,55.75,67.09,0.8,0.0,5.63,45.0,45.0,0.0,0.0,0.0,120.0,55.75,0.0,0.88,0.0,0.0,0.0,35.81,0.0,45.25,43.9,77.72,37.92
2018-01-12 20:50:00,2,1,67.07,85.0,55.0,51.45,55.65,67.07,0.8,0.0,5.63,45.0,45.0,0.0,0.0,0.0,120.0,55.65,0.0,0.88,0.0,0.0,0.0,35.84,0.0,45.29,43.91,77.97,37.98
2018-01-12 20:51:00,2,1,67.05,85.0,55.0,51.45,55.56,67.05,0.8,0.0,5.63,45.0,45.0,0.0,0.0,0.0,120.0,55.56,0.0,0.88,0.0,0.0,0.0,35.86,0.0,45.33,43.92,78.23,38.03
2018-01-12 20:52:00,2,1,67.03,85.0,55.0,51.45,55.47,67.03,0.8,0.0,5.63,45.0,45.0,0.0,0.0,0.0,120.0,55.47,0.0,0.88,0.0,0.0,0.0,35.87,0.0,45.36,43.93,78.48,38.08
2018-01-12 20:53:00,2,1,67.01,85.0,55.0,51.45,55.38,67.01,0.8,0.0,5.63,45.0,45.0,0.0,0.0,0.0,120.0,55.38,0.0,0.88,0.0,0.0,0.0,35.89,0.0,45.4,43.94,78.73,38.13
2018-01-12 20:54:00,2,1,66.98,85.0,55.0,51.44,55.29,66.98,0.8,0.0,5.63,45.0,45.0,0.0,0.0,0.0,120.0,55.29,0.0,0.88,0.0,0.0,0.0,35.91,0.0,45.43,43.95,78.98,38.17
2018-01-12 20:55:00,2,1,66.96,85.0,55.0,51.44,55.2,66.96,0.8,0.0,5.63,45.0,45.0,0.0,0.0,0.0,120.0,55.2,0.0,0.88,0.0,0.0,0.0,35.92,0.0,45.47,43.96,79.23,38.22
2018-01-12 20:56:00,2,1,66.94,85.0,55.0,51.44,55.11,66.94,0.8,0.0,5.63,45.0,45.0,0.0,0.0,0.0,120.0,55.11,0.0,0.88,0.0,0.0,0.0,35.93,0.0,45.5,43.97,79.48,38.26
2018-01-12 20:57:00,2,1,66.92,85.0,55.0,51.43,55.02,66.92,0.8,0.0,5.63,45.0,45.0,0.0,0.0,0.0,120.0,55.02,0.0,0.88,0.0,0.0,0.0,35.94,0.0,45.54,43.98,79.73,38.31
2018-01-12 20:58:00,2,1,66.9,85.0,55.0,51.42,54.93,66.9,0.8,0.0,5.63,45.0,45.0,0.0,0.0,0.0,120.0,54.93,0.0,0.88,0.0,0.0,0.0,35.95,0.0,45.57,43.99,79.97,38.35
2018-01-12 20:59:00,2,1,66.88,85.0,55.0,51.42,54.85,66.88,0.8,0.0,5.63,45.0,45.0,0.0,0.0,0.0,120.0,54.85,0.0,0.88,0.0,0.0,0.0,35.95,0.0,45.6,44.0,80.22,38.39
2018-01-12 21:00:00,2,1,66.86,85.0,55.0,51.41,54.76,66.86,0.8,0.0,5.63,45.0,45.0,0.0,0.0,0.0,120.0,54.76,0.0,0.88,0.0,0.0,0.0,35.96,0.0,45.64,44.01,80.47,38.43
2018-01-12 21:01:00,2,1,66.84,85.0,55.0,51.38,54.67,66.84,0.8,0.0,5.63,45.0,45.0,0.0,0.0,0.0,120.0,54.67,0.0,0.88,0.0,0.0,0.0,35.93,0.0,45.68,44.01,80.71,38.47
2018-01-12 21:02:00,2,1,66.82,85.0,55.0,51.35,54.59,66.82,0.8,0.0,5.63,45.0,45.0,0.0,0.0,0.0,120.0,54.59,0.0,0.88,0.0,0.0,0.0,35.88,0.0,45.73,44.02,80.96,38.51
2018-01-12 21:03:00,2,1,66.8,85.0,55.0,51.32,54.51,66.8,0.8,0.0,5.63,45.0,45.0,0.0,0.0,0.0,120.0,54.51,0.0,0.88,0.0,0.0,0.0,35.83,0.0,45.79,44.03,81.2,38.54
2018-01-12 21:04:00,2,1,66.78,85.0,55.0,51.28,54.42,66.78,0.8,0.0,5.63,45.0,45.0,0.0,0.0,0.0,120.0,54.42,0.0,0.88,0.0,0.0,0.0,35.78,0.0,45.84,44.03,81.45,38.57
2018-01-12 21:05:00,2,1,66.77,85.0,55.0,51.24,54.34,66.77,0.8,0.0,5.63,45.0,45.0,0.0,0.0,0.0,120.0,54.34,0.0,0.88,0.0,0.0,0.0,35.72,0.0,45.89,44.04,81.69,38.61
2018-01-12 21:06:00,2,1,66.75,85.0,55.0,51.21,54.26,66.75,0.8,0.0,5.63,45.0,45.0,0.0,0.0,0.0,120.0,54.26,0.0,0.88,0.0,0.0,0.0,35.66,0.0,45.95,44.04,81.93,38.64
2018-01-12 21:07:00,2,1,66.74,85.0,55.0,51.17,54.18,66.74,0.8,0.0,5.63,45.0,45.0,0.0,0.0,0.0,120.0,54.18,0.0,0.88,0.0,0.0,0.0,35.61,0.0,46.0,44.05,82.17,38.67
2018-01-12 21:08:00,2,1,66.72,85.0,55.0,51.13,54.1,66.72,0.8,0.0,5.63,45.0,45.0,0.0,0.0,0.0,120.0,54.1,0.0,0.88,0.0,0.0,0.0,35.55,0.0,46.05,44.06,82.41,38.7
2018-01-12 21:09:00,2,1,66.71,85.0,55.0,51.1,54.02,66.71,0.8,0.0,5.63,45.0,45.0,0.0,0.0,0.0,120.0,54.02,0.0,0.88,0.0,0.0,0.0,35.48,0.0,46.1,44.06,82.65,38.72
2018-01-12 21:10:00,2,1,66.7,85.0,55.0,51.06,53.94,66.7,0.8,0.0,5.63,45.0,45.0,0.0,0.0,0.0,120.0,53.94,0.0,0.88,0.0,0.0,0.0,35.42,0.0,46.16,44.07,82.89,38.75
2018-01-12 21:11:00,2,1,66.68,85.0,55.0,51.02,53.86,66.68,0.8,0.0,5.63,45.0,45.0,0.0,0.0,0.0,120.0,53.86,0.0,0.88,0.0,0.0,0.0,35.35,0.0,46.21,44.08,83.13,38.78
2018-01-12 21:12:00,2,1,66.67,85.0,55.0,50.98,53.79,66.67,0.8,0.0,5.63,45.0,45.0,0.0,0.0,0.0,120.0,53.79,0.0,0.88,0.0,0.0,0.0,35.29,0.0,46.26,44.08,83.37,38.8
2018-01-12 21:13:00,2,1,66.66,85.0,55.0,50.94,53.71,66.66,0.8,0.0,5.63,45.0,45.0,0.0,0.0,0.0,120.0,53.71,0.0,0.88,0.0,0.0,0.0,35.22,0.0,46.32,44.09,83.61,38.82
2018-01-12 21:14:00,2,1,66.65,85.0,55.0,50.9,53.64,66.65,0.8,0.0,5.63,45.0,45.0,0.0,0.0,0.0,120.0,53.64,0.0,0.88,0.0,0.0,0.0,35.15,0.0,46.37,44.1,83.85,38.85
2018-01-12 21:15:00,2,1,66.64,85.0,55.0,50.86,53.56,66.64,0.8,0.0,5.63,45.0,45.0,0.0,0.0,0.0,120.0,53.56,0.0,0.88,0.0,0.0,0.0,35.07,0.0,46.43,44.1,84.08,38.87
2018-01-12 21:16:00,2,1,66.63,85.0,55.0,50.82,53.49,66.63,0.8,0.0,5.63,45.0,45.0,0.0,0.0,0.0,120.0,53.49,0.0,0.88,0.0,0.0,0.0,35.0,0.0,46.48,44.11,84.32,38.89
2018-01-12 21:17:00,2,1,66.62,85.0,55.0,50.77,53.41,66.62,0.8,0.0,5.63,45.0,45.0,0.0,0.0,0.0,120.0,53.41,0.0,0.88,0.0,0.0,0.0,34.93,0.0,46.54,44.12,84.55,38.92
2018-01-12 21:18:00,2,1,66.61,85.0,55.0,50.73,53.34,66.61,0.8,0.0,5.63,45.0,45.0,0.0,0.0,0.0,120.0,53.34,0.0,0.88,0.0,0.0,0.0,34.85,0.0,46.59,44.13,84.79,38.94
2018-01-12 21:19:00,2,1,66.6,85.0,55.0,50.69,53.27,66.6,0.8,0.0,5.63,45.0,45.0,0.0,0.0,0.0,120.0,53.27,0.0,0.88,0.0,0.0,0.0,34.77,0.0,46.65,44.14,85.02,38.96
2018-01-12 21:20:00,2,1,66.59,85.0,55.0,50.64,53.19,66.59,0.8,0.0,5.63,45.0,45.0,0.0,0.0,0.0,120.0,53.19,0.0,0.88,0.0,0.0,0.0,34.7,0.0,46.71,44.14,85.25,38.98
2018-01-12 21:21:00,2,1,66.58,85.0,55.0,50.6,53.12,66.58,0.8,0.0,5.63,45.0,45.0,0.0,0.0,0.0,120.0,53.12,0.0,0.88,0.0,0.0,0.0,34.62,0.0,46.76,44.15,85.48,39.0
2018-01-12 21:22:00,2,1,66.58,85.0,55.0,50.56,53.05,66.58,0.8,0.0,5.63,45.0,45.0,0.0,0.0,0.0,120.0,53.05,0.0,0.88,0.0,0.0,0.0,34.54,0.0,46.82,44.16,85.71,39.02
2018-01-12 21:23:00,2,1,66.57,85.0,55.0,50.51,52.98,66.57,0.8,0.0,5.63,45.0,45.0,0.0,0.0,0.0,120.0,52.98,0.0,0.88,0.0,0.0,0.0,34.45,0.0,46.88,44.17,85.94,39.04
2018-01-12 21:24:00,2,1,66.56,85.0,55.0,50.46,52.91,66.56,0.8,0.0,5.63,45.0,45.0,0.0,0.0,0.0,120.0,52.91,0.0,0.88,0.0,0.0,0.0,34.37,0.0,46.94,44.18,86.17,39.06
2018-01-12 21:25:00,2,1,66.55,85.0,55.0,50.42,52.84,66.55,0.8,0.0,5.63,45.0,45.0,0.0,0.0,0.0,120.0,52.84,0.0,0.88,0.0,0.0,0.0,34.29,0.0,47.0,44.19,86.4,39.07
2018-01-12 21:26:00,2,1,66.54,85.0,55.0,50.37,52.77,66.54,0.8,0.0,5.63,45.0,45.0,0.0,0.0,0.0,120.0,52.77,0.0,0.88,0.0,0.0,0.0,34.2,0.0,47.06,44.2,86.63,39.09
2018-01-12 21:27:00,2,1,66.54,85.0,55.0,50.33,52.71,66.54,0.8,0.0,5.63,45.0,45.0,0.0,0.0,0.0,120.0,52.71,0.0,0.88,0.0,0.0,0.0,34.12,0.0,47.12,44.21,86.86,39.11
2018-01-12 21:28:00,2,1,66.53,85.0,55.0,50.28,52.64,66.53,0.8,0.0,5.63,45.0,45.0,0.0,0.0,0.0,120.0,52.64,0.0,0.88,0.0,0.0,0.0,34.03,0.0,47.18,44.23,87.08,39.13
2018-01-12 21:29:00,2,1,66.52,85.0,55.0,50.23,52.57,66.52,0.8,0.0,5.63,45.0,45.0,0.0,0.0,0.0,120.0,52.57,0.0,0.88,0.0,0.0,0.0,33.94,0.0,47.24,44.24,87.31,39.15
2018-01-12 21:30:00,2,1,66.51,85.0,55.0,50.18,52.51,66.51,0.8,0.0,5.63,45.0,45.0,0.0,0.0,0.0,120.0,52.51,0.0,0.88,0.0,0.0,0.0,33.85,0.0,47.31,44.25,87.53,39.17
2018-01-12 21:31:00,2,1,66.51,85.0,55.0,50.13,52.44,66.51,0.8,0.0,5.63,45.0,45.0,0.0,0.0,0.0,120.0,52.44,0.0,0.88,0.0,0.0,0.0,33.76,0.0,47.37,44.26,87.76,39.18
2018-01-12 21:32:00,2,1,66.5,85.0,55.0,50.09,52.38,66.5,0.8,0.0,5.63,45.0,45.0,0.0,0.0,0.0,120.0,52.38,0.0,0.88,0.0,0.0,0.0,33.67,0.0,47.43,44.28,87.98,39.2
2018-01-12 21:33:00,2,1,66.49,85.0,55.0,50.04,52.31,66.49,0.8,0.0,5.63,45.0,45.0,0.0,0.0,0.0,120.0,52.31,0.0,0.88,0.0,0.0,0.0,33.58,0.0,47.5,44.29,88.2,39.22
2018-01-12 21:34:00,2,1,66.49,85.0,55.0,49.99,52.25,66.49,0.8,0.0,5.63,45.0,45.0,0.0,0.0,0.0,120.0,52.25,0.0,0.88,0.0,0.0,0.0,33.49,0.0,47.56,44.31,88.42,39.24
2018-01-12 21:35:00,2,1,66.48,85.0,55.0,49.94,52.19,66.48,0.8,0.0,5.63,45.0,45.0,0.0,0.0,0.0,120.0,52.19,0.0,0.88,0.0,0.0,0.0,33.4,0.0,47.6,44.32,88.64,39.26
2018-01-12 21:36:00,2,1,66.47,85.0,55.0,49.89,52.12,66.47,0.8,0.0,5.63,45.0,45.0,0.0,0.0,0.0,120.0,52.12,0.0,0.88,0.0,0.0,0.0,33.3,0.0,47.64,44.34,88.86,39.27
2018-01-12 21:37:00,2,1,66.47,85.0,55.0,49.84,52.06,66.47,0.8,0.0,5.63,45.0,45.0,0.0,0.0,0.0,120.0,52.06,0.0,0.88,0.0,0.0,0.0,33.21,0.0,47.68,44.36,89.08,39.29
2018-01-12 21:38:00,2,1,66.46,85.0,55.0,49.79,52.0,66.46,0.8,0.0,5.63,45.0,45.0,0.0,0.0,0.0,120.0,52.0,0.0,0.88,0.0,0.0,0.0,33.11,0.0,47.72,44.37,89.3,39.31
2018-01-12 21:39:00,2,1,66.45,85.0,55.0,49.74,51.94,66.45,0.8,0.0,5.63,45.0,45.0,0.0,0.0,0.0,120.0,51.94,0.0,0.88,0.0,0.0,0.0,33.02,0.0,47.77,44.39,89.51,39.33
2018-01-12 21:40:00,2,1,66.45,85.0,55.0,49.69,51.88,66.45,0.8,0.0,5.63,45.0,45.0,0.0,0.0,0.0,120.0,51.88,0.0,0.88,0.0,0.0,0.0,32.92,0.0,47.81,44.41,89.73,39.34
2018-01-12 21:41:00,2,1,66.44,85.0,55.0,49.63,51.82,66.44,0.8,0.0,5.63,45.0,45.0,0.0,0.0,0.0,120.0,51.82,0.0,0.88,0.0,0.0,0.0,32.83,0.0,47.85,44.43,89.95,39.36
2018-01-12 21:42:00,2,1,66.43,85.0,55.0,49.58,51.76,66.43,0.8,0.0,5.63,45.0,45.0,0.0,0.0,0.0,120.0,51.76,0.0,0.88,0.0,0.0,0.0,32.73,0.0,47.9,44.45,90.16,39.38
2018-01-12 21:43:00,2,1,66.43,85.0,55.0,49.53,51.7,66.43,0.8,0.0,5.63,45.0,45.0,0.0,0.0,0.0,120.0,51.7,0.0,0.88,0.0,0.0,0.0,32.63,0.0,47.94,44.47,90.37,39.4
2018-01-12 21:44:00,2,1,66.42,85.0,55.0,49.48,51.64,66.42,0.8,0.0,5.63,45.0,45.0,0.0,0.0,0.0,120.0,51.64,0.0,0.88,0.0,0.0,0.0,32.54,0.0,47.99,44.49,90.59,39.42
2018-01-12 21:45:00,2,1,66.41,85.0,55.0,49.43,51.58,66.41,0.8,0.0,5.63,45.0,45.0,0.0,0.0,0.0,120.0,51.58,0.0,0.88,0.0,0.0,0.0,32.44,0.0,48.03,44.52,90.8,39.44
2018-01-12 21:46:00,2,1,66.41,85.0,55.0,49.37,51.53,66.41,0.8,0.0,5.63,45.0,45.0,0.0,0.0,0.0,120.0,51.53,0.0,0.88,0.0,0.0,0.0,32.34,0.0,48.08,44.54,91.01,39.46
2018-01-12 21:47:00,2,1,66.4,85.0,55.0,49.32,51.47,66.4,0.8,0.0,5.63,45.0,45.0,0.0,0.0,0.0,120.0,51.47,0.0,0.88,0.0,0.0,0.0,32.24,0.0,48.13,44.57,91.22,39.48
2018-01-12 21:48:00,2,1,66.39,85.0,55.0,49.27,51.41,66.39,0.8,0.0,5.63,45.0,45.0,0.0,0.0,0.0,120.0,51.41,0.0,0.88,0.0,0.0,0.0,32.15,0.0,48.17,44.59,91.43,39.49
2018-01-12 21:49:00,2,1,66.39,85.0,55.0,49.22,51.36,66.39,0.8,0.0,5.63,45.0,45.0,0.0,0.0,0.0,120.0,51.36,0.0,0.88,0.0,0.0,0.0,32.05,0.0,48.22,44.62,91.64,39.51
2018-01-12 21:50:00,2,1,66.38,85.0,55.0,49.16,51.3,66.38,0.8,0.0,5.63,45.0,45.0,0.0,0.0,0.0,120.0,51.3,0.0,0.88,0.0,0.0,0.0,31.95,0.0,48.27,44.65,91.84,39.53
2018-01-12 21:51:00,2,1,66.37,85.0,55.0,49.11,51.25,66.37,0.8,0.0,5.63,45.0,45.0,0.0,0.0,0.0,120.0,51.25,0.0,0.88,0.0,0.0,0.0,31.85,0.0,48.32,44.67,92.05,39.56
2018-01-12 21:52:00,2,1,66.36,85.0,55.0,49.06,51.19,66.36,0.8,0.0,5.63,45.0,45.0,0.0,0.0,0.0,120.0,51.19,0.0,0.88,0.0,0.0,0.0,31.75,0.0,48.37,44.7,92.26,39.58
2018-01-12 21:53:00,2,1,66.36,85.0,55.0,49.0,51.14,66.36,0.8,0.0,5.63,45.0,45.0,0.0,0.0,0.0,120.0,51.14,0.0,0.88,0.0,0.0,0.0,31.65,0.0,48.42,44.74,92.46,39.6
2018-01-12 21:54:00,2,1,66.35,85.0,55.0,48.95,51.09,66.35,0.8,0.0,5.63,45.0,45.0,0.0,0.0,0.0,120.0,51.09,0.0,0.88,0.0,0.0,0.0,31.55,0.0,48.47,44.77,92.67,39.62
2018-01-12 21:55:00,2,1,66.34,85.0,55.0,48.9,51.03,66.34,0.8,0.0,5.63,45.0,45.0,0.0,0.0,0.0,120.0,51.03,0.0,0.88,0.0,0.0,0.0,31.46,0.0,48.52,44.8,92.87,39.64
2018-01-12 21:56:00,2,1,66.33,85.0,55.0,48.85,50.98,66.33,0.8,0.0,5.63,45.0,45.0,0.0,0.0,0.0,120.0,50.98,0.0,0.88,0.0,0.0,0.0,31.36,0.0,48.57,44.84,93.07,39.66
2018-01-12 21:57:00,2,1,66.33,85.0,55.0,48.79,50.93,66.33,0.8,0.0,5.63,45.0,45.0,0.0,0.0,0.0,120.0,50.93,0.0,0.88,0.0,0.0,0.0,31.26,0.0,48.63,44.87,93.27,39.68
2018-01-12 21:58:00,2,1,66.32,85.0,55.0,48.74,50.88,66.32,0.8,0.0,5.63,45.0,45.0,0.0,0.0,0.0,120.0,50.88,0.0,0.88,0.0,0.0,0.0,31.16,0.0,48.68,44.91,93.47,39.71
2018-01-12 21:59:00,2,1,66.31,85.0,55.0,48.69,50.83,66.31,0.8,0.0,5.63,45.0,45.0,0.0,0.0,0.0,120.0,50.83,0.0,0.88,0.0,0.0,0.0,31.06,0.0,48.73,44.95,93.67,39.73
2018-01-12 22:00:00,2,1,66.3,85.0,55.0,48.63,50.78,66.3,0.8,0.0,5.63,45.0,45.0,0.0,0.0,0.0,120.0,50.78,0.0,0.88,0.0,0.0,0.0,30.96,0.0,48.79,44.99,93.87,39.75
2018-01-12 22:01:00,2,1,66.29,85.0,55.0,48.59,50.72,66.29,0.8,0.0,5.63,45.0,45.0,0.0,0.0,0.0,120.0,50.72,0.0,0.88,0.0,0.0,0.0,30.88,0.0,48.85,45.05,94.07,39.78
2018-01-12 22:02:00,2,1,66.28,85.0,55.0,48.54,50.67,66.28,0.8,0.0,5.63,45.0,45.0,0.0,0.0,0.0,120.0,50.67,0.0,0.88,0.0,0.0,0.0,30.81,0.0,48.91,45.13,94.27,39.8
2018-01-12 22:03:00,2,1,66.27,85.0,55.0,48.5,50.63,66.27,0.8,0.0,5.63,45.0,45.0,0.0,0.0,0.0,120.0,50.63,0.0,0.88,0.0,0.0,0.0,30.73,0.0,48.97,45.21,94.46,39.83
2018-01-12 22:04:00,2,1,66.26,85.0,55.0,48.46,50.58,66.26,0.8,0.0,5.63,45.0,45.0,0.0,0.0,0.0,120.0,50.58,0.0,0.88,0.0,0.0,0.0,30.66,0.0,49.03,45.29,94.66,39.85
2018-01-12 22:05:00,2,1,66.24,85.0,55.0,48.41,50.53,66.24,0.8,0.0,5.63,45.0,45.0,0.0,0.0,0.0,120.0,50.53,0.0,0.88,0.0,0.0,0.0,30.58,0.0,49.09,45.37,94.85,39.88
2018-01-12 22:06:00,2,1,66.23,85.0,55.0,48.37,50.48,66.23,0.8,0.0,5.63,45.0,45.0,0.0,0.0,0.0,120.0,50.48,0.0,0.88,0.0,0.0,0.0,30.51,0.0,49.15,45.46,95.04,39.91
2018-01-12 22:07:00,2,1,66.21,85.0,55.0,48.33,50.43,66.21,0.8,0.0,5.63,45.0,45.0,0.0,0.0,0.0,120.0,50.43,0.0,0.88,0.0,0.0,0.0,30.44,0.0,49.22,45.55,95.24,39.94
2018-01-12 22:08:00,2,1,66.2,85.0,55.0,48.28,50.38,66.2,0.8,0.0,5.63,45.0,45.0,0.0,0.0,0.0,120.0,50.38,0.0,0.88,0.0,0.0,0.0,30.36,0.0,49.28,45.64,95.43,39.97
2018-01-12 22:09:00,2,1,66.18,85.0,55.0,48.24,50.34,66.18,0.8,0.0,5.63,45.0,45.0,0.0,0.0,0.0,120.0,50.34,0.0,0.88,0.0,0.0,0.0,30.29,0.0,49.35,45.72,95.62,40.01
2018-01-12 22:10:00,2,1,66.17,85.0,55.0,48.19,50.29,66.17,0.8,0.0,5.63,45.0,45.0,0.0,0.0,0.0,120.0,50.29,0.0,0.88,0.0,0.0,0.0,30.22,0.0,49.42,45.82,95.81,40.04
2018-01-12 22:11:00,2,1,66.15,85.0,55.0,48.15,50.25,66.15,0.8,0.0,5.63,45.0,45.0,0.0,0.0,0.0,120.0,50.25,0.0,0.88,0.0,0.0,0.0,30.15,0.0,49.48,45.91,96.0,40.07
2018-01-12 22:12:00,2,1,66.13,85.0,55.0,48.1,50.2,66.13,0.8,0.0,5.63,45.0,45.0,0.0,0.0,0.0,120.0,50.2,0.0,0.88,0.0,0.0,0.0,30.07,0.0,49.55,46.0,96.18,40.11
2018-01-12 22:13:00,2,1,66.11,85.0,55.0,48.06,50.15,66.11,0.8,0.0,5.63,45.0,45.0,0.0,0.0,0.0,120.0,50.15,0.0,0.88,0.0,0.0,0.0,30.0,0.0,49.62,46.1,96.37,40.14
2018-01-12 22:14:00,2,1,66.09,85.0,55.0,48.01,50.11,66.09,0.8,0.0,5.63,45.0,45.0,0.0,0.0,0.0,120.0,50.11,0.0,0.88,0.0,0.0,0.0,29.93,0.0,49.69,46.19,96.56,40.17
2018-01-12 22:15:00,2,1,66.07,85.0,55.0,47.97,50.06,66.07,0.8,0.0,5.63,45.0,45.0,0.0,0.0,0.0,120.0,50.06,0.0,0.88,0.0,0.0,0.0,29.86,0.0,49.75,46.29,96.74,40.21
2018-01-12 22:16:00,2,1,66.05,85.0,55.0,47.92,50.02,66.05,0.8,0.0,5.63,45.0,45.0,0.0,0.0,0.0,120.0,50.02,0.0,0.88,0.0,0.0,0.0,29.79,0.0,49.82,46.39,96.93,40.24
2018-01-12 22:17:00,2,1,66.03,85.0,55.0,47.88,49.98,66.03,0.8,0.0,5.63,45.0,45.0,0.0,0.0,0.0,120.0,49.98,0.0,0.88,0.0,0.0,0.0,29.72,0.0,49.89,46.48,97.08,40.28
2018-01-12 22:18:00,2,1,66.01,85.0,55.0,47.83,49.93,66.01,0.8,0.0,5.63,45.0,45.0,0.0,0.0,0.0,120.0,49.93,0.0,0.88,0.0,0.0,0.0,29.65,0.0,49.96,46.58,97.22,40.32
2018-01-12 22:19:00,2,1,65.99,85.0,55.0,47.78,49.89,65.99,0.8,0.0,5.63,45.0,45.0,0.0,0.0,0.0,120.0,49.89,0.0,0.88,0.0,0.0,0.0,29.58,0.0,50.03,46.69,97.36,40.35
2018-01-12 22:20:00,2,1,65.97,85.0,55.0,47.74,49.85,65.97,0.8,0.0,5.63,45.0,45.0,0.0,0.0,0.0,120.0,49.85,0.0,0.88,0.0,0.0,0.0,29.51,0.0,50.1,46.79,97.49,40.39
2018-01-12 22:21:00,2,1,65.94,85.0,55.0,47.69,49.81,65.94,0.8,0.0,5.63,45.0,45.0,0.0,0.0,0.0,120.0,49.81,0.0,0.88,0.0,0.0,0.0,29.44,0.0,50.17,46.89,97.62,40.43
2018-01-12 22:22:00,2,1,65.92,85.0,55.0,47.65,49.76,65.92,0.8,0.0,5.63,45.0,45.0,0.0,0.0,0.0,120.0,49.76,0.0,0.88,0.0,0.0,0.0,29.37,0.0,50.24,46.99,97.76,40.46
2018-01-12 22:23:00,2,1,65.9,85.0,55.0,47.6,49.72,65.9,0.8,0.0,5.63,45.0,45.0,0.0,0.0,0.0,120.0,49.72,0.0,0.88,0.0,0.0,0.0,29.31,0.0,50.31,47.1,97.89,40.5
2018-01-12 22:24:00,2,1,65.87,85.0,55.0,47.56,49.68,65.87,0.8,0.0,5.63,45.0,45.0,0.0,0.0,0.0,120.0,49.68,0.0,0.88,0.0,0.0,0.0,29.24,0.0,50.38,47.2,98.02,40.54
2018-01-12 22:25:00,2,1,65.85,85.0,55.0,47.51,49.64,65.85,0.8,0.0,5.63,45.0,45.0,0.0,0.0,0.0,120.0,49.64,0.0,0.88,0.0,0.0,0.0,29.17,0.0,50.45,47.31,98.15,40.57
2018-01-12 22:26:00,2,1,65.83,85.0,55.0,47.46,49.6,65.83,0.8,0.0,5.63,45.0,45.0,0.0,0.0,0.0,120.0,49.6,0.0,0.88,0.0,0.0,0.0,29.1,0.0,50.52,47.41,98.28,40.61
2018-01-12 22:27:00,2,1,65.8,85.0,55.0,47.42,49.56,65.8,0.8,0.0,5.63,45.0,45.0,0.0,0.0,0.0,120.0,49.56,0.0,0.88,0.0,0.0,0.0,29.04,0.0,50.6,47.52,98.41,40.65
2018-01-12 22:28:00,2,1,65.78,85.0,55.0,47.37,49.52,65.78,0.8,0.0,5.63,45.0,45.0,0.0,0.0,0.0,120.0,49.52,0.0,0.88,0.0,0.0,0.0,28.97,0.0,50.67,47.63,98.53,40.69
2018-01-12 22:29:00,2,1,65.76,85.0,55.0,47.33,49.48,65.76,0.8,0.0,5.63,45.0,45.0,0.0,0.0,0.0,120.0,49.48,0.0,0.88,0.0,0.0,0.0,28.9,0.0,50.74,47.73,98.66,40.73
2018-01-12 22:30:00,2,1,65.73,85.0,55.0,47.28,49.44,65.73,0.8,0.0,5.63,45.0,45.0,0.0,0.0,0.0,120.0,49.44,0.0,0.88,0.0,0.0,0.0,28.84,0.0,50.81,47.84,98.79,40.76
2018-01-12 22:31:00,2,1,65.71,85.0,55.0,47.24,49.4,65.71,0.8,0.0,5.63,45.0,45.0,0.0,0.0,0.0,120.0,49.4,0.0,0.88,0.0,0.0,0.0,28.77,0.0,50.88,47.95,98.91,40.8
2018-01-12 22:32:00,2,1,65.68,85.0,55.0,47.19,49.37,65.68,0.8,0.0,5.63,45.0,45.0,0.0,0.0,0.0,120.0,49.37,0.0,0.88,0.0,0.0,0.0,28.7,0.0,50.95,48.06,99.04,40.84
2018-01-12 22:33:00,2,1,65.66,85.0,55.0,47.15,49.33,65.66,0.8,0.0,5.63,45.0,45.0,0.0,0.0,0.0,120.0,49.33,0.0,0.88,0.0,0.0,0.0,28.64,0.0,51.02,48.17,99.16,40.88
2018-01-12 22:34:00,2,1,65.63,85.0,55.0,47.1,49.29,65.63,0.8,0.0,5.63,45.0,45.0,0.0,0.0,0.0,120.0,49.29,0.0,0.88,0.0,0.0,0.0,28.57,0.0,51.09,48.27,99.28,40.92
2018-01-12 22:35:00,2,1,65.61,85.0,55.0,47.06,49.25,65.61,0.8,0.0,5.63,45.0,45.0,0.0,0.0,0.0,120.0,49.25,0.0,0.88,0.0,0.0,0.0,28.51,0.0,51.16,48.38,99.41,40.95
2018-01-12 22:36:00,2,1,65.58,85.0,55.0,47.01,49.22,65.58,0.8,0.0,5.63,45.0,45.0,0.0,0.0,0.0,120.0,49.22,0.0,0.88,0.0,0.0,0.0,28.44,0.0,51.23,48.49,99.53,40.99
2018-01-12 22:37:00,2,1,65.55,85.0,55.0,46.97,49.18,65.55,0.8,0.0,5.63,45.0,45.0,0.0,0.0,0.0,120.0,49.18,0.0,0.88,0.0,0.0,0.0,28.38,0.0,51.3,48.6,99.65,41.03
2018-01-12 22:38:00,2,1,65.53,85.0,55.0,46.92,49.14,65.53,0.8,0.0,5.63,45.0,45.0,0.0,0.0,0.0,120.0,49.14,0.0,0.88,0.0,0.0,0.0,28.32,0.0,51.37,48.71,99.77,41.07
2018-01-12 22:39:00,2,1,65.5,85.0,55.0,46.88,49.11,65.5,0.8,0.0,5.63,45.0,45.0,0.0,0.0,0.0,120.0,49.11,0.0,0.88,0.0,0.0,0.0,28.25,0.0,51.44,48.82,99.89,41.1
2018-01-12 22:40:00,2,1,65.48,85.0,55.0,46.83,49.07,65.48,0.8,0.0,5.63,45.0,45.0,0.0,0.0,0.0,120.0,49.07,0.0,0.88,0.0,0.0,0.0,28.19,0.0,51.51,48.93,100.0,41.14
2018-01-12 22:41:00,2,1,65.45,85.0,55.0,46.79,49.03,65.45,0.8,0.0,5.63,45.0,45.0,0.0,0.0,0.0,120.0,49.03,0.0,0.88,0.0,0.0,0.0,28.13,0.0,51.58,49.04,100.0,41.18
2018-01-12 22:42:00,2,1,65.43,85.0,55.0,46.74,49.0,65.43,0.8,0.0,5.63,45.0,45.0,0.0,0.0,0.0,120.0,49.0,0.0,0.88,0.0,0.0,0.0,28.06,0.0,51.65,49.14,100.0,41.22
2018-01-12 22:43:00,2,1,65.4,85.0,55.0,46.7,48.96,65.4,0.8,0.0,5.63,45.0,45.0,0.0,0.0,0.0,120.0,48.96,0.0,0.88,0.0,0.0,0.0,28.0,0.0,51.72,49.25,100.0,41.26
2018-01-12 22:44:00,2,1,65.37,85.0,55.0,46.66,48.93,65.37,0.8,0.0,5.63,45.0,45.0,0.0,0.0,0.0,120.0,48.93,0.0,0.88,0.0,0.0,0.0,27.94,0.0,51.78,49.36,100.0,41.29
2018-01-12 22:45:00,2,1,65.35,85.0,55.0,46.61,48.9,65.35,0.8,0.0,5.63,45.0,45.0,0.0,0.0,0.0,120.0,48.9,0.0,0.88,0.0,0.0,0.0,27.88,0.0,51.85,49.47,100.0,41.33
2018-01-12 22:46:00,2,1,65.32,85.0,55.0,46.57,48.86,65.32,0.8,0.0,5.63,45.0,45.0,0.0,0.0,0.0,120.0,48.86,0.0,0.88,0.0,0.0,0.0,27.82,0.0,51.92,49.57,100.0,41.37
2018-01-12 22:47:00,2,1,65.3,85.0,55.0,46.52,48.83,65.3,0.8,0.0,5.63,45.0,45.0,0.0,0.0,0.0,120.0,48.83,0.0,0.88,0.0,0.0,0.0,27.75,0.0,51.99,49.68,100.0,41.4
2018-01-12 22:48:00,2,1,65.27,85.0,55.0,46.48,48.8,65.27,0.8,0.0,5.63,45.0,45.0,0.0,0.0,0.0,120.0,48.8,0.0,0.88,0.0,0.0,0.0,27.69,0.0,52.05,49.78,100.0,41.44
2018-01-12 22:49:00,2,1,65.24,85.0,55.0,46.44,48.76,65.24,0.8,0.0,5.63,45.0,45.0,0.0,0.0,0.0,120.0,48.76,0.0,0.88,0.0,0.0,0.0,27.63,0.0,52.12,49.89,100.0,41.48
2018-01-12 22:50:00,2,1,65.22,85.0,55.0,46.39,48.73,65.22,0.8,0.0,5.63,45.0,45.0,0.0,0.0,0.0,120.0,48.73,0.0,0.88,0.0,0.0,0.0,27.57,0.0,52.18,49.99,100.0,41.51
2018-01-12 22:51:00,2,1,65.19,85.0,55.0,46.35,48.7,65.19,0.8,0.0,5.63,45.0,45.0,0.0,0.0,0.0,120.0,48.7,0.0,0.88,0.0,0.0,0.0,27.51,0.0,52.25,50.1,100.0,41.55
2018-01-12 22:52:00,2,1,65.16,85.0,55.0,46.31,48.66,65.16,0.8,0.0,5.63,45.0,45.0,0.0,0.0,0.0,120.0,48.66,0.0,0.88,0.0,0.0,0.0,27.45,0.0,52.31,50.2,100.0,41.58
2018-01-12 22:53:00,2,1,65.14,85.0,55.0,46.27,48.63,65.14,0.8,0.0,5.63,45.0,45.0,0.0,0.0,0.0,120.0,48.63,0.0,0.88,0.0,0.0,0.0,27.39,0.0,52.38,50.3,100.0,41.62
2018-01-12 22:54:00,2,1,65.11,85.0,55.0,46.22,48.6,65.11,0.8,0.0,5.63,45.0,45.0,0.0,0.0,0.0,120.0,48.6,0.0,0.88,0.0,0.0,0.0,27.33,0.0,52.44,50.4,100.0,41.66
2018-01-12 22:55:00,2,1,65.09,85.0,55.0,46.18,48.57,65.09,0.8,0.0,5.63,45.0,45.0,0.0,0.0,0.0,120.0,48.57,0.0,0.88,0.0,0.0,0.0,27.28,0.0,52.5,50.5,100.0,41.69
2018-01-12 22:56:00,2,1,65.06,85.0,55.0,46.14,48.54,65.06,0.8,0.0,5.63,45.0,45.0,0.0,0.0,0.0,120.0,48.54,0.0,0.88,0.0,0.0,0.0,27.22,0.0,52.57,50.59,100.0,41.73
2018-01-12 22:57:00,2,1,65.04,85.0,55.0,46.1,48.51,65.04,0.8,0.0,5.63,45.0,45.0,0.0,0.0,0.0,120.0,48.51,0.0,0.88,0.0,0.0,0.0,27.16,0.0,52.63,50.69,100.0,41.76
2018-01-12 22:58:00,2,1,65.01,85.0,55.0,46.06,48.48,65.01,0.8,0.0,5.63,45.0,45.0,0.0,0.0,0.0,120.0,48.48,0.0,0.88,0.0,0.0,0.0,27.1,0.0,52.69,50.78,100.0,41.79
2018-01-12 22:59:00,2,1,64.98,85.0,55.0,46.01,48.45,64.98,0.8,0.0,5.63,45.0,45.0,0.0,0.0,0.0,120.0,48.45,0.0,0.88,0.0,0.0,0.0,27.04,0.0,52.75,50.88,100.0,41.83
2018-01-12 23:00:00,2,1,64.96,85.0,55.0,45.97,48.42,64.96,0.8,0.0,5.63,45.0,45.0,0.0,0.0,0.0,120.0,48.42,0.0,0.88,0.0,0.0,0.0,26.99,0.0,52.81,50.97,100.0,41.86
2018-01-12 23:01:00,2,1,64.93,85.0,55.0,45.93,48.39,64.93,0.8,0.0,5.63,45.0,45.0,0.0,0.0,0.0,120.0,48.39,0.0,0.88,0.0,0.0,0.0,26.93,0.0,52.84,50.96,100.0,41.9
2018-01-12 23:02:00,2,1,64.91,85.0,55.0,45.9,48.36,64.91,0.8,0.0,5.63,45.0,45.0,0.0,0.0,0.0,120.0,48.36,0.0,0.88,0.0,0.0,0.0,26.88,0.0,52.87,50.9,100.0,41.93
2018-01-12 23:03:00,2,1,64.89,85.0,55.0,45.86,48.33,64.89,0.8,0.0,5.63,45.0,45.0,0.0,0.0,0.0,120.0,48.33,0.0,0.88,0.0,0.0,0.0,26.83,0.0,52.89,50.83,100.0,41.96
2018-01-12 23:04:00,2,1,64.86,85.0,55.0,45.82,48.3,64.86,0.8,0.0,5.63,45.0,45.0,0.0,0.0,0.0,120.0,48.3,0.0,0.88,0.0,0.0,0.0,26.78,0.0,52.91,50.75,100.0,41.99
2018-01-12 23:05:00,2,1,64.84,85.0,55.0,45.79,48.27,64.84,0.8,0.0,5.63,45.0,45.0,0.0,0.0,0.0,120.0,48.27,0.0,0.88,0.0,0.0,0.0,26.73,0.0,52.92,50.67,100.0,42.01
2018-01-12 23:06:00,2,1,64.82,85.0,55.0,45.75,48.24,64.82,0.8,0.0,5.63,45.0,45.0,0.0,0.0,0.0,120.0,48.24,0.0,0.88,0.0,0.0,0.0,26.68,0.0,52.94,50.59,100.0,42.04
2018-01-12 23:07:00,2,1,64.8,85.0,55.0,45.72,48.21,64.8,0.8,0.0,5.63,45.0,45.0,0.0,0.0,0.0,120.0,48.21,0.0,0.88,0.0,0.0,0.0,26.64,0.0,52.95,50.51,100.0,42.07
2018-01-12 23:08:00,2,1,64.78,85.0,55.0,45.68,48.19,64.78,0.8,0.0,5.63,45.0,45.0,0.0,0.0,0.0,120.0,48.19,0.0,0.88,0.0,0.0,0.0,26.59,0.0,52.97,50.43,100.0,42.09
2018-01-12 23:09:00,2,1,64.76,85.0,55.0,45.65,48.16,64.76,0.8,0.0,5.63,45.0,45.0,0.0,0.0,0.0,120.0,48.16,0.0,0.88,0.0,0.0,0.0,26.54,0.0,52.98,50.35,100.0,42.12
2018-01-12 23:10:00,2,1,64.74,85.0,55.0,45.62,48.13,64.74,0.8,0.0,5.63,45.0,45.0,0.0,0.0,0.0,120.0,48.13,0.0,0.88,0.0,0.0,0.0,26.49,0.0,53.0,50.26,100.0,42.14
2018-01-12 23:11:00,2,1,64.73,85.0,55.0,45.58,48.1,64.73,0.8,0.0,5.63,45.0,45.0,0.0,0.0,0.0,120.0,48.1,0.0,0.88,0.0,0.0,0.0,26.44,0.0,53.01,50.18,100.0,42.17
2018-01-12 23:12:00,2,1,64.71,85.0,55.0,45.55,48.08,64.71,0.8,0.0,5.63,45.0,45.0,0.0,0.0,0.0,120.0,48.08,0.0,0.88,0.0,0.0,0.0,26.39,0.0,53.02,50.09,100.0,42.19
2018-01-12 23:13:00,2,1,64.69,85.0,55.0,45.52,48.05,64.69,0.8,0.0,5.63,45.0,45.0,0.0,0.0,0.0,120.0,48.05,0.0,0.88,0.0,0.0,0.0,26.35,0.0,53.03,50.0,100.0,42.21
