Datetime,FCU_CTRL,FAN_CTRL,RM_TEMP,RMCLGSPT,RMHTGSPT,FCU_MAT,FCU_DAT,FCU_RAT,FCU_CVLV,FCU_CVLV_DM,FCU_CLG_GPM,FCU_CLG_EWT,FCU_CLG_RWT,FCU_HVLV,FCU_HVLV_DM,FCU_HTG_GPM,FCU_HTG_EWT,FCU_HTG_RWT,FCU_DA_CFM,FCU_OA_CFM,FCU_DMPR,FCU_DMPR_DM,FCU_SPD,FCU_OAT,FCU_WAT,FCU_MA_HUMD,FCU_OA_HUMD,FCU_DA_HUMD,FCU_RA_HUMD
2018-01-05 19:29:00,2,1,68.13,85.0,55.0,49.74,66.53,68.13,0.8,0.0,5.63,45.0,45.0,0.0,0.0,0.0,120.0,66.53,0.0,0.88,0.0,0.0,0.0,31.36,0.0,54.02,72.85,53.29,37.56
2018-01-05 19:30:00,2,1,68.13,85.0,55.0,49.76,66.35,68.13,0.8,0.0,5.63,45.0,45.0,0.0,0.0,0.0,120.0,66.35,0.0,0.88,0.0,0.0,0.0,31.38,0.0,54.07,72.72,53.61,37.65
2018-01-05 19:31:00,2,1,68.13,85.0,55.0,49.77,66.16,68.13,0.8,0.0,5.63,45.0,45.0,0.0,0.0,0.0,120.0,66.16,0.0,0.88,0.0,0.0,0.0,31.4,0.0,54.13,72.59,53.92,37.74
2018-01-05 19:32:00,2,1,68.13,85.0,55.0,49.78,65.97,68.13,0.8,0.0,5.63,45.0,45.0,0.0,0.0,0.0,120.0,65.97,0.0,0.88,0.0,0.0,0.0,31.42,0.0,54.19,72.46,54.24,37.84
2018-01-05 19:33:00,2,1,68.13,85.0,55.0,49.79,65.79,68.13,0.8,0.0,5.63,45.0,45.0,0.0,0.0,0.0,120.0,65.79,0.0,0.88,0.0,0.0,0.0,31.44,0.0,54.24,72.33,54.56,37.92
2018-01-05 19:34:00,2,1,68.13,85.0,55.0,49.8,65.61,68.13,0.8,0.0,5.63,45.0,45.0,0.0,0.0,0.0,120.0,65.61,0.0,0.88,0.0,0.0,0.0,31.47,0.0,54.3,72.2,54.88,38.01
2018-01-05 19:35:00,2,1,68.13,85.0,55.0,49.81,65.43,68.13,0.8,0.0,5.63,45.0,45.0,0.0,0.0,0.0,120.0,65.43,0.0,0.88,0.0,0.0,0.0,31.49,0.0,54.35,72.07,55.2,38.1
2018-01-05 19:36:00,2,1,68.14,85.0,55.0,49.82,65.25,68.14,0.8,0.0,5.63,45.0,45.0,0.0,0.0,0.0,120.0,65.25,0.0,0.88,0.0,0.0,0.0,31.51,0.0,54.41,71.94,55.53,38.19
2018-01-05 19:37:00,2,1,68.14,85.0,55.0,49.83,65.08,68.14,0.8,0.0,5.63,45.0,45.0,0.0,0.0,0.0,120.0,65.08,0.0,0.88,0.0,0.0,0.0,31.53,0.0,54.46,71.81,55.85,38.28
2018-01-05 19:38:00,2,1,68.14,85.0,55.0,49.84,64.9,68.14,0.8,0.0,5.63,45.0,45.0,0.0,0.0,0.0,120.0,64.9,0.0,0.88,0.0,0.0,0.0,31.55,0.0,54.52,71.68,56.17,38.37
2018-01-05 19:39:00,2,1,68.14,85.0,55.0,49.86,64.73,68.14,0.8,0.0,5.63,45.0,45.0,0.0,0.0,0.0,120.0,64.73,0.0,0.88,0.0,0.0,0.0,31.57,0.0,54.57,71.55,56.5,38.46
2018-01-05 19:40:00,2,1,68.15,85.0,55.0,49.87,64.56,68.15,0.8,0.0,5.63,45.0,45.0,0.0,0.0,0.0,120.0,64.56,0.0,0.88,0.0,0.0,0.0,31.59,0.0,54.63,71.42,56.82,38.55
2018-01-05 19:41:00,2,1,68.15,85.0,55.0,49.88,64.39,68.15,0.8,0.0,5.63,45.0,45.0,0.0,0.0,0.0,120.0,64.39,0.0,0.88,0.0,0.0,0.0,31.61,0.0,54.68,71.3,57.15,38.64
2018-01-05 19:42:00,2,1,68.15,85.0,55.0,49.89,64.22,68.15,0.8,0.0,5.63,45.0,45.0,0.0,0.0,0.0,120.0,64.22,0.0,0.88,0.0,0.0,0.0,31.63,0.0,54.74,71.17,57.48,38.72
2018-01-05 19:43:00,2,1,68.15,85.0,55.0,49.9,64.05,68.15,0.8,0.0,5.63,45.0,45.0,0.0,0.0,0.0,120.0,64.05,0.0,0.88,0.0,0.0,0.0,31.65,0.0,54.79,71.04,57.81,38.81
2018-01-05 19:44:00,2,1,68.16,85.0,55.0,49.92,63.88,68.16,0.8,0.0,5.63,45.0,45.0,0.0,0.0,0.0,120.0,63.88,0.0,0.88,0.0,0.0,0.0,31.67,0.0,54.85,70.92,58.14,38.9
2018-01-05 19:45:00,2,1,68.16,85.0,55.0,49.93,63.72,68.16,0.8,0.0,5.63,45.0,45.0,0.0,0.0,0.0,120.0,63.72,0.0,0.88,0.0,0.0,0.0,31.7,0.0,54.9,70.79,58.47,38.99
2018-01-05 19:46:00,2,1,68.16,85.0,55.0,49.94,63.56,68.16,0.8,0.0,5.63,45.0,45.0,0.0,0.0,0.0,120.0,63.56,0.0,0.88,0.0,0.0,0.0,31.72,0.0,54.96,70.67,58.8,39.08
2018-01-05 19:47:00,2,1,68.17,85.0,55.0,49.95,63.39,68.17,0.8,0.0,5.63,45.0,45.0,0.0,0.0,0.0,120.0,63.39,0.0,0.88,0.0,0.0,0.0,31.74,0.0,55.01,70.54,59.13,39.16
2018-01-05 19:48:00,2,1,68.17,85.0,55.0,49.96,63.23,68.17,0.8,0.0,5.63,45.0,45.0,0.0,0.0,0.0,120.0,63.23,0.0,0.88,0.0,0.0,0.0,31.76,0.0,55.07,70.42,59.46,39.25
2018-01-05 19:49:00,2,1,68.17,85.0,55.0,49.97,63.08,68.17,0.8,0.0,5.63,45.0,45.0,0.0,0.0,0.0,120.0,63.08,0.0,0.88,0.0,0.0,0.0,31.78,0.0,55.12,70.3,59.8,39.34
2018-01-05 19:50:00,2,1,68.17,85.0,55.0,49.99,62.92,68.17,0.8,0.0,5.63,45.0,45.0,0.0,0.0,0.0,120.0,62.92,0.0,0.88,0.0,0.0,0.0,31.8,0.0,55.18,70.18,60.13,39.43
2018-01-05 19:51:00,2,1,68.18,85.0,55.0,50.0,62.76,68.18,0.8,0.0,5.63,45.0,45.0,0.0,0.0,0.0,120.0,62.76,0.0,0.88,0.0,0.0,0.0,31.82,0.0,55.23,70.06,60.47,39.52
2018-01-05 19:52:00,2,1,68.18,85.0,55.0,50.01,62.61,68.18,0.8,0.0,5.63,45.0,45.0,0.0,0.0,0.0,120.0,62.61,0.0,0.88,0.0,0.0,0.0,31.84,0.0,55.28,69.94,60.8,39.6
2018-01-05 19:53:00,2,1,68.18,85.0,55.0,50.02,62.45,68.18,0.8,0.0,5.63,45.0,45.0,0.0,0.0,0.0,120.0,62.45,0.0,0.88,0.0,0.0,0.0,31.86,0.0,55.33,69.83,61.14,39.69
2018-01-05 19:54:00,2,1,68.18,85.0,55.0,50.03,62.3,68.18,0.8,0.0,5.63,45.0,45.0,0.0,0.0,0.0,120.0,62.3,0.0,0.88,0.0,0.0,0.0,31.88,0.0,55.38,69.71,61.48,39.78
2018-01-05 19:55:00,2,1,68.19,85.0,55.0,50.04,62.15,68.19,0.8,0.0,5.63,45.0,45.0,0.0,0.0,0.0,120.0,62.15,0.0,0.88,0.0,0.0,0.0,31.9,0.0,55.43,69.6,61.82,39.87
2018-01-05 19:56:00,2,1,68.19,85.0,55.0,50.05,62.0,68.19,0.8,0.0,5.63,45.0,45.0,0.0,0.0,0.0,120.0,62.0,0.0,0.88,0.0,0.0,0.0,31.92,0.0,55.49,69.49,62.15,39.95
2018-01-05 19:57:00,2,1,68.19,85.0,55.0,50.06,61.85,68.19,0.8,0.0,5.63,45.0,45.0,0.0,0.0,0.0,120.0,61.85,0.0,0.88,0.0,0.0,0.0,31.94,0.0,55.54,69.38,62.49,40.04
2018-01-05 19:58:00,2,1,68.19,85.0,55.0,50.07,61.71,68.19,0.8,0.0,5.63,45.0,45.0,0.0,0.0,0.0,120.0,61.71,0.0,0.88,0.0,0.0,0.0,31.95,0.0,55.59,69.27,62.84,40.13
2018-01-05 19:59:00,2,1,68.19,85.0,55.0,50.08,61.56,68.19,0.8,0.0,5.63,45.0,45.0,0.0,0.0,0.0,120.0,61.56,0.0,0.88,0.0,0.0,0.0,31.97,0.0,55.64,69.16,63.18,40.22
2018-01-05 20:00:00,2,1,68.2,85.0,55.0,50.09,61.42,68.2,0.8,0.0,5.63,45.0,45.0,0.0,0.0,0.0,120.0,61.42,0.0,0.88,0.0,0.0,0.0,31.99,0.0,55.69,69.06,63.52,40.31
2018-01-05 20:01:00,2,1,68.2,85.0,55.0,50.1,61.27,68.2,0.8,0.0,5.63,45.0,45.0,0.0,0.0,0.0,120.0,61.27,0.0,0.88,0.0,0.0,0.0,32.0,0.0,55.76,68.99,63.86,40.4
2018-01-05 20:02:00,2,1,68.19,85.0,55.0,50.1,61.13,68.19,0.8,0.0,5.63,45.0,45.0,0.0,0.0,0.0,120.0,61.13,0.0,0.88,0.0,0.0,0.0,32.01,0.0,55.83,68.94,64.21,40.49
2018-01-05 20:03:00,2,1,68.19,85.0,55.0,50.1,60.99,68.19,0.8,0.0,5.63,45.0,45.0,0.0,0.0,0.0,120.0,60.99,0.0,0.88,0.0,0.0,0.0,32.01,0.0,55.9,68.9,64.55,40.58
2018-01-05 20:04:00,2,1,68.19,85.0,55.0,50.1,60.85,68.19,0.8,0.0,5.63,45.0,45.0,0.0,0.0,0.0,120.0,60.85,0.0,0.88,0.0,0.0,0.0,32.02,0.0,55.98,68.86,64.89,40.67
2018-01-05 20:05:00,2,1,68.18,85.0,55.0,50.1,60.71,68.18,0.8,0.0,5.63,45.0,45.0,0.0,0.0,0.0,120.0,60.71,0.0,0.88,0.0,0.0,0.0,32.02,0.0,56.06,68.83,65.24,40.77
2018-01-05 20:06:00,2,1,68.18,85.0,55.0,50.1,60.58,68.18,0.8,0.0,5.63,45.0,45.0,0.0,0.0,0.0,120.0,60.58,0.0,0.88,0.0,0.0,0.0,32.03,0.0,56.14,68.79,65.59,40.86
2018-01-05 20:07:00,2,1,68.17,85.0,55.0,50.1,60.44,68.17,0.8,0.0,5.63,45.0,45.0,0.0,0.0,0.0,120.0,60.44,0.0,0.88,0.0,0.0,0.0,32.03,0.0,56.22,68.75,65.93,40.96
2018-01-05 20:08:00,2,1,68.16,85.0,55.0,50.1,60.31,68.16,0.8,0.0,5.63,45.0,45.0,0.0,0.0,0.0,120.0,60.31,0.0,0.88,0.0,0.0,0.0,32.04,0.0,56.3,68.72,66.28,41.05
2018-01-05 20:09:00,2,1,68.15,85.0,55.0,50.09,60.17,68.15,0.8,0.0,5.63,45.0,45.0,0.0,0.0,0.0,120.0,60.17,0.0,0.88,0.0,0.0,0.0,32.04,0.0,56.38,68.69,66.63,41.15
2018-01-05 20:10:00,2,1,68.14,85.0,55.0,50.09,60.04,68.14,0.8,0.0,5.63,45.0,45.0,0.0,0.0,0.0,120.0,60.04,0.0,0.88,0.0,0.0,0.0,32.04,0.0,56.46,68.66,66.98,41.25
2018-01-05 20:11:00,2,1,68.12,85.0,55.0,50.09,59.91,68.12,0.8,0.0,5.63,45.0,45.0,0.0,0.0,0.0,120.0,59.91,0.0,0.88,0.0,0.0,0.0,32.05,0.0,56.54,68.64,67.33,41.35
2018-01-05 20:12:00,2,1,68.11,85.0,55.0,50.08,59.78,68.11,0.8,0.0,5.63,45.0,45.0,0.0,0.0,0.0,120.0,59.78,0.0,0.88,0.0,0.0,0.0,32.05,0.0,56.62,68.61,67.68,41.44
2018-01-05 20:13:00,2,1,68.1,85.0,55.0,50.08,59.65,68.1,0.8,0.0,5.63,45.0,45.0,0.0,0.0,0.0,120.0,59.65,0.0,0.88,0.0,0.0,0.0,32.05,0.0,56.7,68.59,68.03,41.54
2018-01-05 20:14:00,2,1,68.08,85.0,55.0,50.07,59.52,68.08,0.8,0.0,5.63,45.0,45.0,0.0,0.0,0.0,120.0,59.52,0.0,0.88,0.0,0.0,0.0,32.06,0.0,56.79,68.56,68.38,41.64
2018-01-05 20:15:00,2,1,68.07,85.0,55.0,50.06,59.4,68.07,0.8,0.0,5.63,45.0,45.0,0.0,0.0,0.0,120.0,59.4,0.0,0.88,0.0,0.0,0.0,32.06,0.0,56.87,68.54,68.73,41.74
2018-01-05 20:16:00,2,1,68.05,85.0,55.0,50.06,59.27,68.05,0.8,0.0,5.63,45.0,45.0,0.0,0.0,0.0,120.0,59.27,0.0,0.88,0.0,0.0,0.0,32.06,0.0,56.95,68.52,69.08,41.84
2018-01-05 20:17:00,2,1,68.04,85.0,55.0,50.05,59.15,68.04,0.8,0.0,5.63,45.0,45.0,0.0,0.0,0.0,120.0,59.15,0.0,0.88,0.0,0.0,0.0,32.06,0.0,57.03,68.51,69.43,41.93
2018-01-05 20:18:00,2,1,68.02,85.0,55.0,50.04,59.02,68.02,0.8,0.0,5.63,45.0,45.0,0.0,0.0,0.0,120.0,59.02,0.0,0.88,0.0,0.0,0.0,32.06,0.0,57.11,68.49,69.78,42.03
2018-01-05 20:19:00,2,1,68.0,85.0,55.0,50.03,58.9,68.0,0.8,0.0,5.63,45.0,45.0,0.0,0.0,0.0,120.0,58.9,0.0,0.88,0.0,0.0,0.0,32.06,0.0,57.2,68.47,70.07,42.13
2018-01-05 20:20:00,2,1,67.99,85.0,55.0,50.03,58.78,67.99,0.8,0.0,5.63,45.0,45.0,0.0,0.0,0.0,120.0,58.78,0.0,0.88,0.0,0.0,0.0,32.07,0.0,57.28,68.46,70.33,42.22
2018-01-05 20:21:00,2,1,67.97,85.0,55.0,50.02,58.66,67.97,0.8,0.0,5.63,45.0,45.0,0.0,0.0,0.0,120.0,58.66,0.0,0.88,0.0,0.0,0.0,32.07,0.0,57.36,68.45,70.6,42.3
2018-01-05 20:22:00,2,1,67.95,85.0,55.0,50.01,58.54,67.95,0.8,0.0,5.63,45.0,45.0,0.0,0.0,0.0,120.0,58.54,0.0,0.88,0.0,0.0,0.0,32.07,0.0,57.44,68.44,70.87,42.39
2018-01-05 20:23:00,2,1,67.93,85.0,55.0,50.0,58.42,67.93,0.8,0.0,5.63,45.0,45.0,0.0,0.0,0.0,120.0,58.42,0.0,0.88,0.0,0.0,0.0,32.07,0.0,57.52,68.43,71.13,42.48
2018-01-05 20:24:00,2,1,67.91,85.0,55.0,49.99,58.31,67.91,0.8,0.0,5.63,45.0,45.0,0.0,0.0,0.0,120.0,58.31,0.0,0.88,0.0,0.0,0.0,32.07,0.0,57.59,68.42,71.4,42.56
2018-01-05 20:25:00,2,1,67.89,85.0,55.0,49.98,58.19,67.89,0.8,0.0,5.63,45.0,45.0,0.0,0.0,0.0,120.0,58.19,0.0,0.88,0.0,0.0,0.0,32.07,0.0,57.67,68.42,71.66,42.65
2018-01-05 20:26:00,2,1,67.87,85.0,55.0,49.97,58.07,67.87,0.8,0.0,5.63,45.0,45.0,0.0,0.0,0.0,120.0,58.07,0.0,0.88,0.0,0.0,0.0,32.07,0.0,57.74,68.41,71.92,42.73
2018-01-05 20:27:00,2,1,67.85,85.0,55.0,49.96,57.96,67.85,0.8,0.0,5.63,45.0,45.0,0.0,0.0,0.0,120.0,57.96,0.0,0.88,0.0,0.0,0.0,32.07,0.0,57.81,68.41,72.19,42.82
2018-01-05 20:28:00,2,1,67.83,85.0,55.0,49.95,57.85,67.83,0.8,0.0,5.63,45.0,45.0,0.0,0.0,0.0,120.0,57.85,0.0,0.88,0.0,0.0,0.0,32.07,0.0,57.89,68.41,72.45,42.9
2018-01-05 20:29:00,2,1,67.81,85.0,55.0,49.94,57.74,67.81,0.8,0.0,5.63,45.0,45.0,0.0,0.0,0.0,120.0,57.74,0.0,0.88,0.0,0.0,0.0,32.07,0.0,57.96,68.41,72.71,42.98
2018-01-05 20:30:00,2,1,67.79,85.0,55.0,49.93,57.62,67.79,0.8,0.0,5.63,45.0,45.0,0.0,0.0,0.0,120.0,57.62,0.0,0.88,0.0,0.0,0.0,32.07,0.0,58.03,68.41,72.98,43.06
2018-01-05 20:31:00,2,1,67.77,85.0,55.0,49.92,57.51,67.77,0.8,0.0,5.63,45.0,45.0,0.0,0.0,0.0,120.0,57.51,0.0,0.88,0.0,0.0,0.0,32.07,0.0,58.1,68.41,73.24,43.14
2018-01-05 20:32:00,2,1,67.74,85.0,55.0,49.9,57.41,67.74,0.8,0.0,5.63,45.0,45.0,0.0,0.0,0.0,120.0,57.41,0.0,0.88,0.0,0.0,0.0,32.07,0.0,58.17,68.42,73.5,43.22
2018-01-05 20:33:00,2,1,67.72,85.0,55.0,49.89,57.3,67.72,0.8,0.0,5.63,45.0,45.0,0.0,0.0,0.0,120.0,57.3,0.0,0.88,0.0,0.0,0.0,32.07,0.0,58.24,68.42,73.76,43.3
2018-01-05 20:34:00,2,1,67.7,85.0,55.0,49.88,57.19,67.7,0.8,0.0,5.63,45.0,45.0,0.0,0.0,0.0,120.0,57.19,0.0,0.88,0.0,0.0,0.0,32.06,0.0,58.3,68.43,74.02,43.37
2018-01-05 20:35:00,2,1,67.68,85.0,55.0,49.87,57.08,67.68,0.8,0.0,5.63,45.0,45.0,0.0,0.0,0.0,120.0,57.08,0.0,0.88,0.0,0.0,0.0,32.06,0.0,58.37,68.44,74.28,43.45
2018-01-05 20:36:00,2,1,67.65,85.0,55.0,49.86,56.98,67.65,0.8,0.0,5.63,45.0,45.0,0.0,0.0,0.0,120.0,56.98,0.0,0.88,0.0,0.0,0.0,32.06,0.0,58.44,68.45,74.54,43.52
2018-01-05 20:37:00,2,1,67.63,85.0,55.0,49.85,56.87,67.63,0.8,0.0,5.63,45.0,45.0,0.0,0.0,0.0,120.0,56.87,0.0,0.88,0.0,0.0,0.0,32.06,0.0,58.5,68.46,74.8,43.6
2018-01-05 20:38:00,2,1,67.61,85.0,55.0,49.83,56.77,67.61,0.8,0.0,5.63,45.0,45.0,0.0,0.0,0.0,120.0,56.77,0.0,0.88,0.0,0.0,0.0,32.06,0.0,58.57,68.47,75.06,43.67
2018-01-05 20:39:00,2,1,67.59,85.0,55.0,49.82,56.67,67.59,0.8,0.0,5.63,45.0,45.0,0.0,0.0,0.0,120.0,56.67,0.0,0.88,0.0,0.0,0.0,32.06,0.0,58.63,68.48,75.32,43.74
2018-01-05 20:40:00,2,1,67.56,85.0,55.0,49.81,56.57,67.56,0.8,0.0,5.63,45.0,45.0,0.0,0.0,0.0,120.0,56.57,0.0,0.88,0.0,0.0,0.0,32.05,0.0,58.69,68.49,75.57,43.81
2018-01-05 20:41:00,2,1,67.54,85.0,55.0,49.8,56.47,67.54,0.8,0.0,5.63,45.0,45.0,0.0,0.0,0.0,120.0,56.47,0.0,0.88,0.0,0.0,0.0,32.05,0.0,58.75,68.51,75.83,43.88
2018-01-05 20:42:00,2,1,67.52,85.0,55.0,49.78,56.37,67.52,0.8,0.0,5.63,45.0,45.0,0.0,0.0,0.0,120.0,56.37,0.0,0.88,0.0,0.0,0.0,32.05,0.0,58.81,68.53,76.09,43.94
2018-01-05 20:43:00,2,1,67.49,85.0,55.0,49.77,56.27,67.49,0.8,0.0,5.63,45.0,45.0,0.0,0.0,0.0,120.0,56.27,0.0,0.88,0.0,0.0,0.0,32.05,0.0,58.87,68.54,76.35,44.01
2018-01-05 20:44:00,2,1,67.47,85.0,55.0,49.76,56.17,67.47,0.8,0.0,5.63,45.0,45.0,0.0,0.0,0.0,120.0,56.17,0.0,0.88,0.0,0.0,0.0,32.05,0.0,58.93,68.56,76.6,44.07
2018-01-05 20:45:00,2,1,67.45,85.0,55.0,49.75,56.07,67.45,0.8,0.0,5.63,45.0,45.0,0.0,0.0,0.0,120.0,56.07,0.0,0.88,0.0,0.0,0.0,32.04,0.0,58.99,68.58,76.86,44.14
2018-01-05 20:46:00,2,1,67.42,85.0,55.0,49.73,55.97,67.42,0.8,0.0,5.63,45.0,45.0,0.0,0.0,0.0,120.0,55.97,0.0,0.88,0.0,0.0,0.0,32.04,0.0,59.05,68.6,77.11,44.2
2018-01-05 20:47:00,2,1,67.4,85.0,55.0,49.72,55.88,67.4,0.8,0.0,5.63,45.0,45.0,0.0,0.0,0.0,120.0,55.88,0.0,0.88,0.0,0.0,0.0,32.04,0.0,59.1,68.62,77.37,44.26
2018-01-05 20:48:00,2,1,67.38,85.0,55.0,49.71,55.78,67.38,0.8,0.0,5.63,45.0,45.0,0.0,0.0,0.0,120.0,55.78,0.0,0.88,0.0,0.0,0.0,32.04,0.0,59.16,68.65,77.62,44.32
2018-01-05 20:49:00,2,1,67.35,85.0,55.0,49.69,55.69,67.35,0.8,0.0,5.63,45.0,45.0,0.0,0.0,0.0,120.0,55.69,0.0,0.88,0.0,0.0,0.0,32.03,0.0,59.21,68.67,77.87,44.38
2018-01-05 20:50:00,2,1,67.33,85.0,55.0,49.68,55.6,67.33,0.8,0.0,5.63,45.0,45.0,0.0,0.0,0.0,120.0,55.6,0.0,0.88,0.0,0.0,0.0,32.03,0.0,59.27,68.69,78.12,44.44
2018-01-05 20:51:00,2,1,67.31,85.0,55.0,49.67,55.5,67.31,0.8,0.0,5.63,45.0,45.0,0.0,0.0,0.0,120.0,55.5,0.0,0.88,0.0,0.0,0.0,32.03,0.0,59.32,68.72,78.38,44.49
2018-01-05 20:52:00,2,1,67.28,85.0,55.0,49.65,55.41,67.28,0.8,0.0,5.63,45.0,45.0,0.0,0.0,0.0,120.0,55.41,0.0,0.88,0.0,0.0,0.0,32.02,0.0,59.37,68.75,78.63,44.55
2018-01-05 20:53:00,2,1,67.26,85.0,55.0,49.64,55.32,67.26,0.8,0.0,5.63,45.0,45.0,0.0,0.0,0.0,120.0,55.32,0.0,0.88,0.0,0.0,0.0,32.02,0.0,59.42,68.77,78.88,44.6
2018-01-05 20:54:00,2,1,67.24,85.0,55.0,49.63,55.23,67.24,0.8,0.0,5.63,45.0,45.0,0.0,0.0,0.0,120.0,55.23,0.0,0.88,0.0,0.0,0.0,32.02,0.0,59.47,68.8,79.13,44.65
2018-01-05 20:55:00,2,1,67.22,85.0,55.0,49.62,55.14,67.22,0.8,0.0,5.63,45.0,45.0,0.0,0.0,0.0,120.0,55.14,0.0,0.88,0.0,0.0,0.0,32.02,0.0,59.52,68.83,79.38,44.7
2018-01-05 20:56:00,2,1,67.19,85.0,55.0,49.6,55.05,67.19,0.8,0.0,5.63,45.0,45.0,0.0,0.0,0.0,120.0,55.05,0.0,0.88,0.0,0.0,0.0,32.01,0.0,59.57,68.86,79.63,44.75
2018-01-05 20:57:00,2,1,67.17,85.0,55.0,49.59,54.97,67.17,0.8,0.0,5.63,45.0,45.0,0.0,0.0,0.0,120.0,54.97,0.0,0.88,0.0,0.0,0.0,32.01,0.0,59.61,68.9,79.88,44.8
2018-01-05 20:58:00,2,1,67.15,85.0,55.0,49.58,54.88,67.15,0.8,0.0,5.63,45.0,45.0,0.0,0.0,0.0,120.0,54.88,0.0,0.88,0.0,0.0,0.0,32.01,0.0,59.66,68.93,80.12,44.85
2018-01-05 20:59:00,2,1,67.13,85.0,55.0,49.56,54.79,67.13,0.8,0.0,5.63,45.0,45.0,0.0,0.0,0.0,120.0,54.79,0.0,0.88,0.0,0.0,0.0,32.0,0.0,59.7,68.96,80.37,44.9
2018-01-05 21:00:00,2,1,67.1,85.0,55.0,49.55,54.71,67.1,0.8,0.0,5.63,45.0,45.0,0.0,0.0,0.0,120.0,54.71,0.0,0.88,0.0,0.0,0.0,32.0,0.0,59.75,69.0,80.62,44.94
2018-01-05 21:01:00,2,1,67.08,85.0,55.0,49.54,54.62,67.08,0.8,0.0,5.63,45.0,45.0,0.0,0.0,0.0,120.0,54.62,0.0,0.88,0.0,0.0,0.0,32.0,0.0,59.79,69.03,80.86,44.98
2018-01-05 21:02:00,2,1,67.06,85.0,55.0,49.53,54.54,67.06,0.8,0.0,5.63,45.0,45.0,0.0,0.0,0.0,120.0,54.54,0.0,0.88,0.0,0.0,0.0,32.0,0.0,59.83,69.08,81.11,45.02
2018-01-05 21:03:00,2,1,67.04,85.0,55.0,49.52,54.46,67.04,0.8,0.0,5.63,45.0,45.0,0.0,0.0,0.0,120.0,54.46,0.0,0.88,0.0,0.0,0.0,32.0,0.0,59.87,69.12,81.35,45.06
2018-01-05 21:04:00,2,1,67.03,85.0,55.0,49.51,54.37,67.03,0.8,0.0,5.63,45.0,45.0,0.0,0.0,0.0,120.0,54.37,0.0,0.88,0.0,0.0,0.0,32.0,0.0,59.91,69.16,81.6,45.1
2018-01-05 21:05:00,2,1,67.01,85.0,55.0,49.5,54.29,67.01,0.8,0.0,5.63,45.0,45.0,0.0,0.0,0.0,120.0,54.29,0.0,0.88,0.0,0.0,0.0,32.0,0.0,59.95,69.21,81.84,45.13
2018-01-05 21:06:00,2,1,66.99,85.0,55.0,49.5,54.21,66.99,0.8,0.0,5.63,45.0,45.0,0.0,0.0,0.0,120.0,54.21,0.0,0.88,0.0,0.0,0.0,32.0,0.0,59.98,69.25,82.08,45.16
2018-01-05 21:07:00,2,1,66.98,85.0,55.0,49.49,54.13,66.98,0.8,0.0,5.63,45.0,45.0,0.0,0.0,0.0,120.0,54.13,0.0,0.88,0.0,0.0,0.0,32.0,0.0,60.02,69.3,82.32,45.19
2018-01-05 21:08:00,2,1,66.97,85.0,55.0,49.48,54.05,66.97,0.8,0.0,5.63,45.0,45.0,0.0,0.0,0.0,120.0,54.05,0.0,0.88,0.0,0.0,0.0,32.0,0.0,60.05,69.35,82.56,45.22
2018-01-05 21:09:00,2,1,66.95,85.0,55.0,49.48,53.97,66.95,0.8,0.0,5.63,45.0,45.0,0.0,0.0,0.0,120.0,53.97,0.0,0.88,0.0,0.0,0.0,32.0,0.0,60.09,69.39,82.8,45.25
2018-01-05 21:10:00,2,1,66.94,85.0,55.0,49.47,53.89,66.94,0.8,0.0,5.63,45.0,45.0,0.0,0.0,0.0,120.0,53.89,0.0,0.88,0.0,0.0,0.0,32.0,0.0,60.12,69.44,83.04,45.27
2018-01-05 21:11:00,2,1,66.93,85.0,55.0,49.47,53.82,66.93,0.8,0.0,5.63,45.0,45.0,0.0,0.0,0.0,120.0,53.82,0.0,0.88,0.0,0.0,0.0,32.0,0.0,60.15,69.49,83.28,45.3
2018-01-05 21:12:00,2,1,66.92,85.0,55.0,49.46,53.74,66.92,0.8,0.0,5.63,45.0,45.0,0.0,0.0,0.0,120.0,53.74,0.0,0.88,0.0,0.0,0.0,32.0,0.0,60.18,69.54,83.52,45.32
2018-01-05 21:13:00,2,1,66.91,85.0,55.0,49.46,53.66,66.91,0.8,0.0,5.63,45.0,45.0,0.0,0.0,0.0,120.0,53.66,0.0,0.88,0.0,0.0,0.0,32.0,0.0,60.21,69.59,83.76,45.35
2018-01-05 21:14:00,2,1,66.9,85.0,55.0,49.45,53.59,66.9,0.8,0.0,5.63,45.0,45.0,0.0,0.0,0.0,120.0,53.59,0.0,0.88,0.0,0.0,0.0,32.0,0.0,60.24,69.64,83.99,45.37
2018-01-05 21:15:00,2,1,66.9,85.0,55.0,49.45,53.51,66.9,0.8,0.0,5.63,45.0,45.0,0.0,0.0,0.0,120.0,53.51,0.0,0.88,0.0,0.0,0.0,32.0,0.0,60.27,69.69,84.23,45.39
2018-01-05 21:16:00,2,1,66.89,85.0,55.0,49.44,53.44,66.89,0.8,0.0,5.63,45.0,45.0,0.0,0.0,0.0,120.0,53.44,0.0,0.88,0.0,0.0,0.0,32.0,0.0,60.3,69.74,84.47,45.41
2018-01-05 21:17:00,2,1,66.88,85.0,55.0,49.44,53.37,66.88,0.8,0.0,5.63,45.0,45.0,0.0,0.0,0.0,120.0,53.37,0.0,0.88,0.0,0.0,0.0,32.0,0.0,60.33,69.79,84.7,45.43
2018-01-05 21:18:00,2,1,66.87,85.0,55.0,49.44,53.29,66.87,0.8,0.0,5.63,45.0,45.0,0.0,0.0,0.0,120.0,53.29,0.0,0.88,0.0,0.0,0.0,32.0,0.0,60.36,69.84,84.93,45.44
2018-01-05 21:19:00,2,1,66.87,85.0,55.0,49.43,53.22,66.87,0.8,0.0,5.63,45.0,45.0,0.0,0.0,0.0,120.0,53.22,0.0,0.88,0.0,0.0,0.0,32.0,0.0,60.39,69.89,85.17,45.46
2018-01-05 21:20:00,2,1,66.86,85.0,55.0,49.43,53.15,66.86,0.8,0.0,5.63,45.0,45.0,0.0,0.0,0.0,120.0,53.15,0.0,0.88,0.0,0.0,0.0,32.0,0.0,60.41,69.95,85.4,45.48
2018-01-05 21:21:00,2,1,66.86,85.0,55.0,49.43,53.08,66.86,0.8,0.0,5.63,45.0,45.0,0.0,0.0,0.0,120.0,53.08,0.0,0.88,0.0,0.0,0.0,32.0,0.0,60.44,70.0,85.63,45.49
2018-01-05 21:22:00,2,1,66.85,85.0,55.0,49.43,53.01,66.85,0.8,0.0,5.63,45.0,45.0,0.0,0.0,0.0,120.0,53.01,0.0,0.88,0.0,0.0,0.0,32.0,0.0,60.47,70.05,85.86,45.51
2018-01-05 21:23:00,2,1,66.85,85.0,55.0,49.42,52.94,66.85,0.8,0.0,5.63,45.0,45.0,0.0,0.0,0.0,120.0,52.94,0.0,0.88,0.0,0.0,0.0,32.0,0.0,60.49,70.1,86.09,45.53
2018-01-05 21:24:00,2,1,66.84,85.0,55.0,49.42,52.87,66.84,0.8,0.0,5.63,45.0,45.0,0.0,0.0,0.0,120.0,52.87,0.0,0.88,0.0,0.0,0.0,32.0,0.0,60.52,70.16,86.32,45.54
2018-01-05 21:25:00,2,1,66.84,85.0,55.0,49.42,52.8,66.84,0.8,0.0,5.63,45.0,45.0,0.0,0.0,0.0,120.0,52.8,0.0,0.88,0.0,0.0,0.0,32.0,0.0,60.54,70.21,86.55,45.56
2018-01-05 21:26:00,2,1,66.83,85.0,55.0,49.42,52.73,66.83,0.8,0.0,5.63,45.0,45.0,0.0,0.0,0.0,120.0,52.73,0.0,0.88,0.0,0.0,0.0,32.0,0.0,60.57,70.26,86.78,45.57
2018-01-05 21:27:00,2,1,66.83,85.0,55.0,49.42,52.66,66.83,0.8,0.0,5.63,45.0,45.0,0.0,0.0,0.0,120.0,52.66,0.0,0.88,0.0,0.0,0.0,32.0,0.0,60.59,70.32,87.0,45.58
2018-01-05 21:28:00,2,1,66.83,85.0,55.0,49.41,52.6,66.83,0.8,0.0,5.63,45.0,45.0,0.0,0.0,0.0,120.0,52.6,0.0,0.88,0.0,0.0,0.0,32.0,0.0,60.62,70.37,87.23,45.6
2018-01-05 21:29:00,2,1,66.82,85.0,55.0,49.41,52.53,66.82,0.8,0.0,5.63,45.0,45.0,0.0,0.0,0.0,120.0,52.53,0.0,0.88,0.0,0.0,0.0,32.0,0.0,60.64,70.43,87.45,45.61
2018-01-05 21:30:00,2,1,66.82,85.0,55.0,49.41,52.46,66.82,0.8,0.0,5.63,45.0,45.0,0.0,0.0,0.0,120.0,52.46,0.0,0.88,0.0,0.0,0.0,32.0,0.0,60.67,70.48,87.68,45.62
2018-01-05 21:31:00,2,1,66.82,85.0,55.0,49.41,52.4,66.82,0.8,0.0,5.63,45.0,45.0,0.0,0.0,0.0,120.0,52.4,0.0,0.88,0.0,0.0,0.0,32.0,0.0,60.69,70.53,87.9,45.63
2018-01-05 21:32:00,2,1,66.82,85.0,55.0,49.41,52.34,66.82,0.8,0.0,5.63,45.0,45.0,0.0,0.0,0.0,120.0,52.34,0.0,0.88,0.0,0.0,0.0,32.0,0.0,60.72,70.59,88.12,45.65
2018-01-05 21:33:00,2,1,66.81,85.0,55.0,49.41,52.27,66.81,0.8,0.0,5.63,45.0,45.0,0.0,0.0,0.0,120.0,52.27,0.0,0.88,0.0,0.0,0.0,32.0,0.0,60.74,70.64,88.35,45.66
2018-01-05 21:34:00,2,1,66.81,85.0,55.0,49.41,52.21,66.81,0.8,0.0,5.63,45.0,45.0,0.0,0.0,0.0,120.0,52.21,0.0,0.88,0.0,0.0,0.0,32.0,0.0,60.77,70.69,88.57,45.67
2018-01-05 21:35:00,2,1,66.81,85.0,55.0,49.4,52.14,66.81,0.8,0.0,5.63,45.0,45.0,0.0,0.0,0.0,120.0,52.14,0.0,0.88,0.0,0.0,0.0,32.0,0.0,60.79,70.75,88.79,45.68
2018-01-05 21:36:00,2,1,66.81,85.0,55.0,49.4,52.08,66.81,0.8,0.0,5.63,45.0,45.0,0.0,0.0,0.0,120.0,52.08,0.0,0.88,0.0,0.0,0.0,32.0,0.0,60.81,70.8,89.01,45.69
2018-01-05 21:37:00,2,1,66.81,85.0,55.0,49.4,52.02,66.81,0.8,0.0,5.63,45.0,45.0,0.0,0.0,0.0,120.0,52.02,0.0,0.88,0.0,0.0,0.0,32.0,0.0,60.84,70.86,89.22,45.71
2018-01-05 21:38:00,2,1,66.8,85.0,55.0,49.4,51.96,66.8,0.8,0.0,5.63,45.0,45.0,0.0,0.0,0.0,120.0,51.96,0.0,0.88,0.0,0.0,0.0,32.0,0.0,60.86,70.91,89.44,45.72
2018-01-05 21:39:00,2,1,66.8,85.0,55.0,49.4,51.9,66.8,0.8,0.0,5.63,45.0,45.0,0.0,0.0,0.0,120.0,51.9,0.0,0.88,0.0,0.0,0.0,32.0,0.0,60.89,70.96,89.66,45.73
2018-01-05 21:40:00,2,1,66.8,85.0,55.0,49.4,51.84,66.8,0.8,0.0,5.63,45.0,45.0,0.0,0.0,0.0,120.0,51.84,0.0,0.88,0.0,0.0,0.0,32.0,0.0,60.91,71.01,89.88,45.74
2018-01-05 21:41:00,2,1,66.8,85.0,55.0,49.4,51.78,66.8,0.8,0.0,5.63,45.0,45.0,0.0,0.0,0.0,120.0,51.78,0.0,0.88,0.0,0.0,0.0,32.0,0.0,60.93,71.07,90.09,45.75
2018-01-05 21:42:00,2,1,66.8,85.0,55.0,49.4,51.72,66.8,0.8,0.0,5.63,45.0,45.0,0.0,0.0,0.0,120.0,51.72,0.0,0.88,0.0,0.0,0.0,32.0,0.0,60.96,71.12,90.3,45.77
2018-01-05 21:43:00,2,1,66.8,85.0,55.0,49.4,51.66,66.8,0.8,0.0,5.63,45.0,45.0,0.0,0.0,0.0,120.0,51.66,0.0,0.88,0.0,0.0,0.0,32.0,0.0,60.98,71.17,90.52,45.78
2018-01-05 21:44:00,2,1,66.8,85.0,55.0,49.4,51.6,66.8,0.8,0.0,5.63,45.0,45.0,0.0,0.0,0.0,120.0,51.6,0.0,0.88,0.0,0.0,0.0,32.0,0.0,61.01,71.22,90.73,45.79
2018-01-05 21:45:00,2,1,66.79,85.0,55.0,49.4,51.55,66.79,0.8,0.0,5.63,45.0,45.0,0.0,0.0,0.0,120.0,51.55,0.0,0.88,0.0,0.0,0.0,32.0,0.0,61.03,71.27,90.94,45.8
2018-01-05 21:46:00,2,1,66.79,85.0,55.0,49.4,51.49,66.79,0.8,0.0,5.63,45.0,45.0,0.0,0.0,0.0,120.0,51.49,0.0,0.88,0.0,0.0,0.0,32.0,0.0,61.05,71.32,91.15,45.82
2018-01-05 21:47:00,2,1,66.79,85.0,55.0,49.4,51.43,66.79,0.8,0.0,5.63,45.0,45.0,0.0,0.0,0.0,120.0,51.43,0.0,0.88,0.0,0.0,0.0,32.0,0.0,61.08,71.38,91.36,45.83
2018-01-05 21:48:00,2,1,66.79,85.0,55.0,49.39,51.38,66.79,0.8,0.0,5.63,45.0,45.0,0.0,0.0,0.0,120.0,51.38,0.0,0.88,0.0,0.0,0.0,32.0,0.0,61.1,71.43,91.57,45.84
2018-01-05 21:49:00,2,1,66.79,85.0,55.0,49.39,51.32,66.79,0.8,0.0,5.63,45.0,45.0,0.0,0.0,0.0,120.0,51.32,0.0,0.88,0.0,0.0,0.0,32.0,0.0,61.13,71.47,91.78,45.85
2018-01-05 21:50:00,2,1,66.79,85.0,55.0,49.39,51.27,66.79,0.8,0.0,5.63,45.0,45.0,0.0,0.0,0.0,120.0,51.27,0.0,0.88,0.0,0.0,0.0,32.0,0.0,61.15,71.52,91.99,45.87
2018-01-05 21:51:00,2,1,66.79,85.0,55.0,49.39,51.21,66.79,0.8,0.0,5.63,45.0,45.0,0.0,0.0,0.0,120.0,51.21,0.0,0.88,0.0,0.0,0.0,32.0,0.0,61.17,71.57,92.19,45.88
2018-01-05 21:52:00,2,1,66.78,85.0,55.0,49.39,51.16,66.78,0.8,0.0,5.63,45.0,45.0,0.0,0.0,0.0,120.0,51.16,0.0,0.88,0.0,0.0,0.0,32.0,0.0,61.2,71.62,92.4,45.89
2018-01-05 21:53:00,2,1,66.78,85.0,55.0,49.39,51.1,66.78,0.8,0.0,5.63,45.0,45.0,0.0,0.0,0.0,120.0,51.1,0.0,0.88,0.0,0.0,0.0,32.0,0.0,61.22,71.67,92.6,45.91
2018-01-05 21:54:00,2,1,66.78,85.0,55.0,49.39,51.05,66.78,0.8,0.0,5.63,45.0,45.0,0.0,0.0,0.0,120.0,51.05,0.0,0.88,0.0,0.0,0.0,32.0,0.0,61.25,71.71,92.81,45.92
2018-01-05 21:55:00,2,1,66.78,85.0,55.0,49.39,51.0,66.78,0.8,0.0,5.63,45.0,45.0,0.0,0.0,0.0,120.0,51.0,0.0,0.88,0.0,0.0,0.0,32.0,0.0,61.27,71.76,93.01,45.94
2018-01-05 21:56:00,2,1,66.78,85.0,55.0,49.39,50.94,66.78,0.8,0.0,5.63,45.0,45.0,0.0,0.0,0.0,120.0,50.94,0.0,0.88,0.0,0.0,0.0,32.0,0.0,61.3,71.8,93.21,45.95
2018-01-05 21:57:00,2,1,66.77,85.0,55.0,49.39,50.89,66.77,0.8,0.0,5.63,45.0,45.0,0.0,0.0,0.0,120.0,50.89,0.0,0.88,0.0,0.0,0.0,32.0,0.0,61.32,71.85,93.41,45.97
2018-01-05 21:58:00,2,1,66.77,85.0,55.0,49.39,50.84,66.77,0.8,0.0,5.63,45.0,45.0,0.0,0.0,0.0,120.0,50.84,0.0,0.88,0.0,0.0,0.0,32.0,0.0,61.35,71.89,93.61,45.98
2018-01-05 21:59:00,2,1,66.77,85.0,55.0,49.38,50.79,66.77,0.8,0.0,5.63,45.0,45.0,0.0,0.0,0.0,120.0,50.79,0.0,0.88,0.0,0.0,0.0,32.0,0.0,61.37,71.94,93.81,46.0
2018-01-05 22:00:00,2,1,66.77,85.0,55.0,49.38,50.74,66.77,0.8,0.0,5.63,45.0,45.0,0.0,0.0,0.0,120.0,50.74,0.0,0.88,0.0,0.0,0.0,32.0,0.0,61.4,71.98,94.01,46.02
2018-01-05 22:01:00,2,1,66.76,85.0,55.0,49.38,50.69,66.76,0.8,0.0,5.63,45.0,45.0,0.0,0.0,0.0,120.0,50.69,0.0,0.88,0.0,0.0,0.0,32.0,0.0,61.42,71.99,94.21,46.03
2018-01-05 22:02:00,2,1,66.76,85.0,55.0,49.38,50.64,66.76,0.8,0.0,5.63,45.0,45.0,0.0,0.0,0.0,120.0,50.64,0.0,0.88,0.0,0.0,0.0,32.0,0.0,61.43,71.99,94.41,46.05
2018-01-05 22:03:00,2,1,66.75,85.0,55.0,49.38,50.59,66.75,0.8,0.0,5.63,45.0,45.0,0.0,0.0,0.0,120.0,50.59,0.0,0.88,0.0,0.0,0.0,32.0,0.0,61.45,71.99,94.6,46.07
2018-01-05 22:04:00,2,1,66.75,85.0,55.0,49.37,50.54,66.75,0.8,0.0,5.63,45.0,45.0,0.0,0.0,0.0,120.0,50.54,0.0,0.88,0.0,0.0,0.0,32.0,0.0,61.47,71.98,94.8,46.1
2018-01-05 22:05:00,2,1,66.74,85.0,55.0,49.37,50.49,66.74,0.8,0.0,5.63,45.0,45.0,0.0,0.0,0.0,120.0,50.49,0.0,0.88,0.0,0.0,0.0,32.0,0.0,61.49,71.98,94.99,46.12
2018-01-05 22:06:00,2,1,66.73,85.0,55.0,49.36,50.45,66.73,0.8,0.0,5.63,45.0,45.0,0.0,0.0,0.0,120.0,50.45,0.0,0.88,0.0,0.0,0.0,32.0,0.0,61.5,71.97,95.18,46.14
2018-01-05 22:07:00,2,1,66.72,85.0,55.0,49.36,50.4,66.72,0.8,0.0,5.63,45.0,45.0,0.0,0.0,0.0,120.0,50.4,0.0,0.88,0.0,0.0,0.0,32.0,0.0,61.52,71.96,95.37,46.17
2018-01-05 22:08:00,2,1,66.71,85.0,55.0,49.35,50.35,66.71,0.8,0.0,5.63,45.0,45.0,0.0,0.0,0.0,120.0,50.35,0.0,0.88,0.0,0.0,0.0,32.0,0.0,61.54,71.96,95.57,46.2
2018-01-05 22:09:00,2,1,66.7,85.0,55.0,49.35,50.3,66.7,0.8,0.0,5.63,45.0,45.0,0.0,0.0,0.0,120.0,50.3,0.0,0.88,0.0,0.0,0.0,32.0,0.0,61.56,71.95,95.76,46.22
2018-01-05 22:10:00,2,1,66.69,85.0,55.0,49.34,50.26,66.69,0.8,0.0,5.63,45.0,45.0,0.0,0.0,0.0,120.0,50.26,0.0,0.88,0.0,0.0,0.0,32.0,0.0,61.58,71.94,95.95,46.25
2018-01-05 22:11:00,2,1,66.67,85.0,55.0,49.34,50.21,66.67,0.8,0.0,5.63,45.0,45.0,0.0,0.0,0.0,120.0,50.21,0.0,0.88,0.0,0.0,0.0,32.0,0.0,61.6,71.93,96.13,46.28
2018-01-05 22:12:00,2,1,66.66,85.0,55.0,49.33,50.17,66.66,0.8,0.0,5.63,45.0,45.0,0.0,0.0,0.0,120.0,50.17,0.0,0.88,0.0,0.0,0.0,32.0,0.0,61.62,71.92,96.32,46.31
2018-01-05 22:13:00,2,1,66.65,85.0,55.0,49.32,50.12,66.65,0.8,0.0,5.63,45.0,45.0,0.0,0.0,0.0,120.0,50.12,0.0,0.88,0.0,0.0,0.0,32.0,0.0,61.65,71.91,96.51,46.34
2018-01-05 22:14:00,2,1,66.63,85.0,55.0,49.32,50.08,66.63,0.8,0.0,5.63,45.0,45.0,0.0,0.0,0.0,120.0,50.08,0.0,0.88,0.0,0.0,0.0,32.0,0.0,61.67,71.9,96.69,46.37
2018-01-05 22:15:00,2,1,66.62,85.0,55.0,49.31,50.03,66.62,0.8,0.0,5.63,45.0,45.0,0.0,0.0,0.0,120.0,50.03,0.0,0.88,0.0,0.0,0.0,32.0,0.0,61.69,71.89,96.88,46.41
2018-01-05 22:16:00,2,1,66.6,85.0,55.0,49.3,49.99,66.6,0.8,0.0,5.63,45.0,45.0,0.0,0.0,0.0,120.0,49.99,0.0,0.88,0.0,0.0,0.0,32.0,0.0,61.71,71.88,97.04,46.44
2018-01-05 22:17:00,2,1,66.59,85.0,55.0,49.29,49.95,66.59,0.8,0.0,5.63,45.0,45.0,0.0,0.0,0.0,120.0,49.95,0.0,0.88,0.0,0.0,0.0,32.0,0.0,61.73,71.87,97.19,46.47
2018-01-05 22:18:00,2,1,66.57,85.0,55.0,49.28,49.9,66.57,0.8,0.0,5.63,45.0,45.0,0.0,0.0,0.0,120.0,49.9,0.0,0.88,0.0,0.0,0.0,32.0,0.0,61.76,71.86,97.32,46.5
2018-01-05 22:19:00,2,1,66.55,85.0,55.0,49.28,49.86,66.55,0.8,0.0,5.63,45.0,45.0,0.0,0.0,0.0,120.0,49.86,0.0,0.88,0.0,0.0,0.0,32.0,0.0,61.78,71.85,97.46,46.54
2018-01-05 22:20:00,2,1,66.54,85.0,55.0,49.27,49.82,66.54,0.8,0.0,5.63,45.0,45.0,0.0,0.0,0.0,120.0,49.82,0.0,0.88,0.0,0.0,0.0,32.0,0.0,61.8,71.84,97.59,46.57
2018-01-05 22:21:00,2,1,66.52,85.0,55.0,49.26,49.77,66.52,0.8,0.0,5.63,45.0,45.0,0.0,0.0,0.0,120.0,49.77,0.0,0.88,0.0,0.0,0.0,32.0,0.0,61.83,71.83,97.72,46.6
2018-01-05 22:22:00,2,1,66.5,85.0,55.0,49.25,49.73,66.5,0.8,0.0,5.63,45.0,45.0,0.0,0.0,0.0,120.0,49.73,0.0,0.88,0.0,0.0,0.0,32.0,0.0,61.85,71.82,97.85,46.64
2018-01-05 22:23:00,2,1,66.48,85.0,55.0,49.24,49.69,66.48,0.8,0.0,5.63,45.0,45.0,0.0,0.0,0.0,120.0,49.69,0.0,0.88,0.0,0.0,0.0,32.0,0.0,61.87,71.81,97.99,46.67
2018-01-05 22:24:00,2,1,66.46,85.0,55.0,49.23,49.65,66.46,0.8,0.0,5.63,45.0,45.0,0.0,0.0,0.0,120.0,49.65,0.0,0.88,0.0,0.0,0.0,32.0,0.0,61.9,71.8,98.12,46.71
2018-01-05 22:25:00,2,1,66.44,85.0,55.0,49.22,49.61,66.44,0.8,0.0,5.63,45.0,45.0,0.0,0.0,0.0,120.0,49.61,0.0,0.88,0.0,0.0,0.0,32.0,0.0,61.92,71.79,98.25,46.74
2018-01-05 22:26:00,2,1,66.43,85.0,55.0,49.21,49.57,66.43,0.8,0.0,5.63,45.0,45.0,0.0,0.0,0.0,120.0,49.57,0.0,0.88,0.0,0.0,0.0,32.0,0.0,61.94,71.78,98.38,46.78
2018-01-05 22:27:00,2,1,66.41,85.0,55.0,49.2,49.53,66.41,0.8,0.0,5.63,45.0,45.0,0.0,0.0,0.0,120.0,49.53,0.0,0.88,0.0,0.0,0.0,32.0,0.0,61.97,71.77,98.5,46.81
2018-01-05 22:28:00,2,1,66.39,85.0,55.0,49.19,49.49,66.39,0.8,0.0,5.63,45.0,45.0,0.0,0.0,0.0,120.0,49.49,0.0,0.88,0.0,0.0,0.0,32.0,0.0,61.99,71.76,98.63,46.85
2018-01-05 22:29:00,2,1,66.37,85.0,55.0,49.18,49.45,66.37,0.8,0.0,5.63,45.0,45.0,0.0,0.0,0.0,120.0,49.45,0.0,0.88,0.0,0.0,0.0,32.0,0.0,62.02,71.76,98.76,46.88
2018-01-05 22:30:00,2,1,66.35,85.0,55.0,49.17,49.41,66.35,0.8,0.0,5.63,45.0,45.0,0.0,0.0,0.0,120.0,49.41,0.0,0.88,0.0,0.0,0.0,32.0,0.0,62.04,71.75,98.88,46.92
2018-01-05 22:31:00,2,1,66.33,85.0,55.0,49.16,49.37,66.33,0.8,0.0,5.63,45.0,45.0,0.0,0.0,0.0,120.0,49.37,0.0,0.88,0.0,0.0,0.0,32.0,0.0,62.06,71.74,99.01,46.96
2018-01-05 22:32:00,2,1,66.31,85.0,55.0,49.15,49.34,66.31,0.8,0.0,5.63,45.0,45.0,0.0,0.0,0.0,120.0,49.34,0.0,0.88,0.0,0.0,0.0,32.0,0.0,62.09,71.74,99.13,46.99
2018-01-05 22:33:00,2,1,66.29,85.0,55.0,49.14,49.3,66.29,0.8,0.0,5.63,45.0,45.0,0.0,0.0,0.0,120.0,49.3,0.0,0.88,0.0,0.0,0.0,32.0,0.0,62.11,71.73,99.26,47.03
2018-01-05 22:34:00,2,1,66.27,85.0,55.0,49.13,49.26,66.27,0.8,0.0,5.63,45.0,45.0,0.0,0.0,0.0,120.0,49.26,0.0,0.88,0.0,0.0,0.0,32.0,0.0,62.14,71.73,99.38,47.06
2018-01-05 22:35:00,2,1,66.25,85.0,55.0,49.12,49.22,66.25,0.8,0.0,5.63,45.0,45.0,0.0,0.0,0.0,120.0,49.22,0.0,0.88,0.0,0.0,0.0,32.0,0.0,62.16,71.72,99.5,47.1
2018-01-05 22:36:00,2,1,66.23,85.0,55.0,49.11,49.19,66.23,0.8,0.0,5.63,45.0,45.0,0.0,0.0,0.0,120.0,49.19,0.0,0.88,0.0,0.0,0.0,32.0,0.0,62.19,71.72,99.62,47.14
2018-01-05 22:37:00,2,1,66.2,85.0,55.0,49.1,49.15,66.2,0.8,0.0,5.63,45.0,45.0,0.0,0.0,0.0,120.0,49.15,0.0,0.88,0.0,0.0,0.0,32.0,0.0,62.21,71.72,99.74,47.17
2018-01-05 22:38:00,2,1,66.18,85.0,55.0,49.09,49.11,66.18,0.8,0.0,5.63,45.0,45.0,0.0,0.0,0.0,120.0,49.11,0.0,0.88,0.0,0.0,0.0,32.0,0.0,62.24,71.71,99.86,47.21
2018-01-05 22:39:00,2,1,66.16,85.0,55.0,49.08,49.08,66.16,0.8,0.0,5.63,45.0,45.0,0.0,0.0,0.0,120.0,49.08,0.0,0.88,0.0,0.0,0.0,32.0,0.0,62.26,71.71,99.98,47.24
2018-01-05 22:40:00,2,1,66.14,85.0,55.0,49.07,49.04,66.14,0.8,0.0,5.63,45.0,45.0,0.0,0.0,0.0,120.0,49.04,0.0,0.88,0.0,0.0,0.0,32.0,0.0,62.29,71.71,100.0,47.28
2018-01-05 22:41:00,2,1,66.12,85.0,55.0,49.06,49.01,66.12,0.8,0.0,5.63,45.0,45.0,0.0,0.0,0.0,120.0,49.01,0.0,0.88,0.0,0.0,0.0,32.0,0.0,62.32,71.71,100.0,47.32
2018-01-05 22:42:00,2,1,66.1,85.0,55.0,49.05,48.97,66.1,0.8,0.0,5.63,45.0,45.0,0.0,0.0,0.0,120.0,48.97,0.0,0.88,0.0,0.0,0.0,32.0,0.0,62.34,71.72,100.0,47.35
2018-01-05 22:43:00,2,1,66.08,85.0,55.0,49.04,48.94,66.08,0.8,0.0,5.63,45.0,45.0,0.0,0.0,0.0,120.0,48.94,0.0,0.88,0.0,0.0,0.0,32.0,0.0,62.37,71.72,100.0,47.39
2018-01-05 22:44:00,2,1,66.05,85.0,55.0,49.03,48.9,66.05,0.8,0.0,5.63,45.0,45.0,0.0,0.0,0.0,120.0,48.9,0.0,0.88,0.0,0.0,0.0,32.0,0.0,62.39,71.72,100.0,47.42
2018-01-05 22:45:00,2,1,66.03,85.0,55.0,49.02,48.87,66.03,0.8,0.0,5.63,45.0,45.0,0.0,0.0,0.0,120.0,48.87,0.0,0.88,0.0,0.0,0.0,32.0,0.0,62.42,71.73,100.0,47.46
2018-01-05 22:46:00,2,1,66.01,85.0,55.0,49.01,48.84,66.01,0.8,0.0,5.63,45.0,45.0,0.0,0.0,0.0,120.0,48.84,0.0,0.88,0.0,0.0,0.0,32.0,0.0,62.45,71.74,100.0,47.49
2018-01-05 22:47:00,2,1,65.99,85.0,55.0,49.0,48.8,65.99,0.8,0.0,5.63,45.0,45.0,0.0,0.0,0.0,120.0,48.8,0.0,0.88,0.0,0.0,0.0,32.0,0.0,62.47,71.74,100.0,47.53
2018-01-05 22:48:00,2,1,65.97,85.0,55.0,48.98,48.77,65.97,0.8,0.0,5.63,45.0,45.0,0.0,0.0,0.0,120.0,48.77,0.0,0.88,0.0,0.0,0.0,32.0,0.0,62.5,71.75,100.0,47.57
2018-01-05 22:49:00,2,1,65.95,85.0,55.0,48.97,48.74,65.95,0.8,0.0,5.63,45.0,45.0,0.0,0.0,0.0,120.0,48.74,0.0,0.88,0.0,0.0,0.0,32.0,0.0,62.53,71.76,100.0,47.6
2018-01-05 22:50:00,2,1,65.92,85.0,55.0,48.96,48.7,65.92,0.8,0.0,5.63,45.0,45.0,0.0,0.0,0.0,120.0,48.7,0.0,0.88,0.0,0.0,0.0,32.0,0.0,62.56,71.78,100.0,47.63
2018-01-05 22:51:00,2,1,65.9,85.0,55.0,48.95,48.67,65.9,0.8,0.0,5.63,45.0,45.0,0.0,0.0,0.0,120.0,48.67,0.0,0.88,0.0,0.0,0.0,32.0,0.0,62.58,71.79,100.0,47.67
2018-01-05 22:52:00,2,1,65.88,85.0,55.0,48.94,48.64,65.88,0.8,0.0,5.63,45.0,45.0,0.0,0.0,0.0,120.0,48.64,0.0,0.88,0.0,0.0,0.0,32.0,0.0,62.61,71.8,100.0,47.7
2018-01-05 22:53:00,2,1,65.86,85.0,55.0,48.93,48.61,65.86,0.8,0.0,5.63,45.0,45.0,0.0,0.0,0.0,120.0,48.61,0.0,0.88,0.0,0.0,0.0,32.0,0.0,62.64,71.82,100.0,47.74
2018-01-05 22:54:00,2,1,65.84,85.0,55.0,48.92,48.58,65.84,0.8,0.0,5.63,45.0,45.0,0.0,0.0,0.0,120.0,48.58,0.0,0.88,0.0,0.0,0.0,32.0,0.0,62.67,71.84,100.0,47.77
2018-01-05 22:55:00,2,1,65.82,85.0,55.0,48.91,48.54,65.82,0.8,0.0,5.63,45.0,45.0,0.0,0.0,0.0,120.0,48.54,0.0,0.88,0.0,0.0,0.0,32.0,0.0,62.69,71.86,100.0,47.81
2018-01-05 22:56:00,2,1,65.8,85.0,55.0,48.9,48.51,65.8,0.8,0.0,5.63,45.0,45.0,0.0,0.0,0.0,120.0,48.51,0.0,0.88,0.0,0.0,0.0,32.0,0.0,62.72,71.88,100.0,47.84
2018-01-05 22:57:00,2,1,65.77,85.0,55.0,48.89,48.48,65.77,0.8,0.0,5.63,45.0,45.0,0.0,0.0,0.0,120.0,48.48,0.0,0.88,0.0,0.0,0.0,32.0,0.0,62.75,71.9,100.0,47.87
2018-01-05 22:58:00,2,1,65.75,85.0,55.0,48.88,48.45,65.75,0.8,0.0,5.63,45.0,45.0,0.0,0.0,0.0,120.0,48.45,0.0,0.88,0.0,0.0,0.0,32.0,0.0,62.78,71.93,100.0,47.9
2018-01-05 22:59:00,2,1,65.73,85.0,55.0,48.87,48.42,65.73,0.8,0.0,5.63,45.0,45.0,0.0,0.0,0.0,120.0,48.42,0.0,0.88,0.0,0.0,0.0,32.0,0.0,62.81,71.95,100.0,47.94
2018-01-05 23:00:00,2,1,65.71,85.0,55.0,48.86,48.39,65.71,0.8,0.0,5.63,45.0,45.0,0.0,0.0,0.0,120.0,48.39,0.0,0.88,0.0,0.0,0.0,32.0,0.0,62.84,71.98,100.0,47.97
2018-01-05 23:01:00,2,1,65.69,85.0,55.0,48.85,48.36,65.69,0.8,0.0,5.63,45.0,45.0,0.0,0.0,0.0,120.0,48.36,0.0,0.88,0.0,0.0,0.0,32.0,0.0,62.88,72.06,100.0,48.0
2018-01-05 23:02:00,2,1,65.67,85.0,55.0,48.84,48.33,65.67,0.8,0.0,5.63,45.0,45.0,0.0,0.0,0.0,120.0,48.33,0.0,0.88,0.0,0.0,0.0,32.0,0.0,62.92,72.16,100.0,48.03
2018-01-05 23:03:00,2,1,65.65,85.0,55.0,48.83,48.3,65.65,0.8,0.0,5.63,45.0,45.0,0.0,0.0,0.0,120.0,48.3,0.0,0.88,0.0,0.0,0.0,32.0,0.0,62.97,72.27,100.0,48.06
2018-01-05 23:04:00,2,1,65.63,85.0,55.0,48.82,48.28,65.63,0.8,0.0,5.63,45.0,45.0,0.0,0.0,0.0,120.0,48.28,0.0,0.88,0.0,0.0,0.0,32.0,0.0,63.02,72.38,100.0,48.09
2018-01-05 23:05:00,2,1,65.62,85.0,55.0,48.81,48.25,65.62,0.8,0.0,5.63,45.0,45.0,0.0,0.0,0.0,120.0,48.25,0.0,0.88,0.0,0.0,0.0,32.0,0.0,63.07,72.5,100.0,48.11
2018-01-05 23:06:00,2,1,65.6,85.0,55.0,48.8,48.22,65.6,0.8,0.0,5.63,45.0,45.0,0.0,0.0,0.0,120.0,48.22,0.0,0.88,0.0,0.0,0.0,32.0,0.0,63.11,72.61,100.0,48.14
2018-01-05 23:07:00,2,1,65.58,85.0,55.0,48.79,48.19,65.58,0.8,0.0,5.63,45.0,45.0,0.0,0.0,0.0,120.0,48.19,0.0,0.88,0.0,0.0,0.0,32.0,0.0,63.16,72.73,100.0,48.16
2018-01-05 23:08:00,2,1,65.57,85.0,55.0,48.78,48.16,65.57,0.8,0.0,5.63,45.0,45.0,0.0,0.0,0.0,120.0,48.16,0.0,0.88,0.0,0.0,0.0,32.0,0.0,63.2,72.84,100.0,48.19
2018-01-05 23:09:00,2,1,65.55,85.0,55.0,48.78,48.13,65.55,0.8,0.0,5.63,45.0,45.0,0.0,0.0,0.0,120.0,48.13,0.0,0.88,0.0,0.0,0.0,32.0,0.0,63.25,72.96,100.0,48.21
2018-01-05 23:10:00,2,1,65.54,85.0,55.0,48.77,48.11,65.54,0.8,0.0,5.63,45.0,45.0,0.0,0.0,0.0,120.0,48.11,0.0,0.88,0.0,0.0,0.0,32.0,0.0,63.3,73.08,100.0,48.23
2018-01-05 23:11:00,2,1,65.52,85.0,55.0,48.76,48.08,65.52,0.8,0.0,5.63,45.0,45.0,0.0,0.0,0.0,120.0,48.08,0.0,0.88,0.0,0.0,0.0,32.0,0.0,63.34,73.2,100.0,48.25
2018-01-05 23:12:00,2,1,65.51,85.0,55.0,48.76,48.05,65.51,0.8,0.0,5.63,45.0,45.0,0.0,0.0,0.0,120.0,48.05,0.0,0.88,0.0,0.0,0.0,32.0,0.0,63.39,73.32,100.0,48.27
2018-01-05 23:13:00,2,1,65.5,85.0,55.0,48.75,48.03,65.5,0.8,0.0,5.63,45.0,45.0,0.0,0.0,0.0,120.0,48.03,0.0,0.88,0.0,0.0,0.0,32.0,0.0,63.43,73.45,100.0,48.29
2018-01-05 23:14:00,2,1,65.48,85.0,55.0,48.74,48.0,65.48,0.8,0.0,5.63,45.0,45.0,0.0,0.0,0.0,120.0,48.0,0.0,0.88,0.0,0.0,0.0,32.0,0.0,63.48,73.57,100.0,48.31
2018-01-05 23:15:00,2,1,65.47,85.0,55.0,48.74,47.97,65.47,0.8,0.0,5.63,45.0,45.0,0.0,0.0,0.0,120.0,47.97,0.0,0.88,0.0,0.0,0.0,32.0,0.0,63.52,73.7,100.0,48.33
2018-01-05 23:16:00,2,1,65.46,85.0,55.0,48.73,47.95,65.46,0.8,0.0,5.63,45.0,45.0,0.0,0.0,0.0,120.0,47.95,0.0,0.88,0.0,0.0,0.0,32.0,0.0,63.57,73.82,100.0,48.35
2018-01-05 23:17:00,2,1,65.45,85.0,55.0,48.72,47.92,65.45,0.8,0.0,5.63,45.0,45.0,0.0,0.0,0.0,120.0,47.92,0.0,0.88,0.0,0.0,0.0,32.0,0.0,63.61,73.95,100.0,48.37
2018-01-05 23:18:00,2,1,65.44,85.0,55.0,48.72,47.9,65.44,0.8,0.0,5.63,45.0,45.0,0.0,0.0,0.0,120.0,47.9,0.0,0.88,0.0,0.0,0.0,32.0,0.0,63.66,74.08,100.0,48.39
2018-01-05 23:19:00,2,1,65.43,85.0,55.0,48.71,47.87,65.43,0.8,0.0,5.63,45.0,45.0,0.0,0.0,0.0,120.0,47.87,0.0,0.88,0.0,0.0,0.0,32.0,0.0,63.7,74.2,100.0,48.4
2018-01-05 23:20:00,2,1,65.41,85.0,55.0,48.71,47.85,65.41,0.8,0.0,5.63,45.0,45.0,0.0,0.0,0.0,120.0,47.85,0.0,0.88,0.0,0.0,0.0,32.0,0.0,63.74,74.33,100.0,48.42
2018-01-05 23:21:00,2,1,65.4,85.0,55.0,48.7,47.82,65.4,0.8,0.0,5.63,45.0,45.0,0.0,0.0,0.0,120.0,47.82,0.0,0.88,0.0,0.0,0.0,32.0,0.0,63.79,74.46,100.0,48.44
2018-01-05 23:22:00,2,1,65.39,85.0,55.0,48.7,47.8,65.39,0.8,0.0,5.63,45.0,45.0,0.0,0.0,0.0,120.0,47.8,0.0,0.88,0.0,0.0,0.0,32.0,0.0,63.83,74.59,100.0,48.45
2018-01-05 23:23:00,2,1,65.38,85.0,55.0,48.69,47.77,65.38,0.8,0.0,5.63,45.0,45.0,0.0,0.0,0.0,120.0,47.77,0.0,0.88,0.0,0.0,0.0,32.0,0.0,63.88,74.72,100.0,48.47
2018-01-05 23:24:00,2,1,65.37,85.0,55.0,48.69,47.75,65.37,0.8,0.0,5.63,45.0,45.0,0.0,0.0,0.0,120.0,47.75,0.0,0.88,0.0,0.0,0.0,32.0,0.0,63.92,74.85,100.0,48.48
2018-01-05 23:25:00,2,1,65.36,85.0,55.0,48.68,47.72,65.36,0.8,0.0,5.63,45.0,45.0,0.0,0.0,0.0,120.0,47.72,0.0,0.88,0.0,0.0,0.0,32.0,0.0,63.96,74.98,100.0,48.5
2018-01-05 23:26:00,2,1,65.35,85.0,55.0,48.68,47.7,65.35,0.8,0.0,5.63,45.0,45.0,0.0,0.0,0.0,120.0,47.7,0.0,0.88,0.0,0.0,0.0,32.0,0.0,64.01,75.11,100.0,48.51
2018-01-05 23:27:00,2,1,65.35,85.0,55.0,48.67,47.68,65.35,0.8,0.0,5.63,45.0,45.0,0.0,0.0,0.0,120.0,47.68,0.0,0.88,0.0,0.0,0.0,32.0,0.0,64.05,75.24,100.0,48.53
2018-01-05 23:28:00,2,1,65.34,85.0,55.0,48.67,47.65,65.34,0.8,0.0,5.63,45.0,45.0,0.0,0.0,0.0,120.0,47.65,0.0,0.88,0.0,0.0,0.0,32.0,0.0,64.09,75.37,100.0,48.54
2018-01-05 23:29:00,2,1,65.33,85.0,55.0,48.66,47.63,65.33,0.8,0.0,5.63,45.0,45.0,0.0,0.0,0.0,120.0,47.63,0.0,0.88,0.0,0.0,0.0,32.0,0.0,64.14,75.5,100.0,48.56
2018-01-05 23:30:00,2,1,65.32,85.0,55.0,48.66,47.61,65.32,0.8,0.0,5.63,45.0,45.0,0.0,0.0,0.0,120.0,47.61,0.0,0.88,0.0,0.0,0.0,32.0,0.0,64.18,75.63,100.0,48.57
2018-01-05 23:31:00,2,1,65.31,85.0,55.0,48.65,47.58,65.31,0.8,0.0,5.63,45.0,45.0,0.0,0.0,0.0,120.0,47.58,0.0,0.88,0.0,0.0,0.0,32.0,0.0,64.22,75.75,100.0,48.58
2018-01-05 23:32:00,2,1,65.3,85.0,55.0,48.65,47.56,65.3,0.8,0.0,5.63,45.0,45.0,0.0,0.0,0.0,120.0,47.56,0.0,0.88,0.0,0.0,0.0,32.0,0.0,64.26,75.88,100.0,48.6
2018-01-05 23:33:00,2,1,65.29,85.0,55.0,48.65,47.54,65.29,0.8,0.0,5.63,45.0,45.0,0.0,0.0,0.0,120.0,47.54,0.0,0.88,0.0,0.0,0.0,32.0,0.0,64.3,76.01,100.0,48.61
2018-01-05 23:34:00,2,1,65.29,85.0,55.0,48.64,47.52,65.29,0.8,0.0,5.63,45.0,45.0,0.0,0.0,0.0,120.0,47.52,0.0,0.88,0.0,0.0,0.0,32.0,0.0,64.35,76.14,100.0,48.62
2018-01-05 23:35:00,2,1,65.28,85.0,55.0,48.64,47.5,65.28,0.8,0.0,5.63,45.0,45.0,0.0,0.0,0.0,120.0,47.5,0.0,0.88,0.0,0.0,0.0,32.0,0.0,64.39,76.26,100.0,48.64
2018-01-05 23:36:00,2,1,65.27,85.0,55.0,48.63,47.47,65.27,0.8,0.0,5.63,45.0,45.0,0.0,0.0,0.0,120.0,47.47,0.0,0.88,0.0,0.0,0.0,32.0,0.0,64.43,76.39,100.0,48.65
2018-01-05 23:37:00,2,1,65.26,85.0,55.0,48.63,47.45,65.26,0.8,0.0,5.63,45.0,45.0,0.0,0.0,0.0,120.0,47.45,0.0,0.88,0.0,0.0,0.0,32.0,0.0,64.47,76.51,100.0,48.66
2018-01-05 23:38:00,2,1,65.25,85.0,55.0,48.63,47.43,65.25,0.8,0.0,5.63,45.0,45.0,0.0,0.0,0.0,120.0,47.43,0.0,0.88,0.0,0.0,0.0,32.0,0.0,64.51,76.64,100.0,48.67
2018-01-05 23:39:00,2,1,65.25,85.0,55.0,48.62,47.41,65.25,0.8,0.0,5.63,45.0,45.0,0.0,0.0,0.0,120.0,47.41,0.0,0.88,0.0,0.0,0.0,32.0,0.0,64.55,76.76,100.0,48.68
2018-01-05 23:40:00,2,1,65.24,85.0,55.0,48.62,47.39,65.24,0.8,0.0,5.63,45.0,45.0,0.0,0.0,0.0,120.0,47.39,0.0,0.88,0.0,0.0,0.0,32.0,0.0,64.59,76.88,100.0,48.7
2018-01-05 23:41:00,2,1,65.23,85.0,55.0,48.62,47.37,65.23,0.8,0.0,5.63,45.0,45.0,0.0,0.0,0.0,120.0,47.37,0.0,0.88,0.0,0.0,0.0,32.0,0.0,64.63,77.0,100.0,48.71
2018-01-05 23:42:00,2,1,65.23,85.0,55.0,48.61,47.35,65.23,0.8,0.0,5.63,45.0,45.0,0.0,0.0,0.0,120.0,47.35,0.0,0.88,0.0,0.0,0.0,32.0,0.0,64.67,77.12,100.0,48.72
2018-01-05 23:43:00,2,1,65.22,85.0,55.0,48.61,47.33,65.22,0.8,0.0,5.63,45.0,45.0,0.0,0.0,0.0,120.0,47.33,0.0,0.88,0.0,0.0,0.0,32.0,0.0,64.71,77.24,100.0,48.73
2018-01-05 23:44:00,2,1,65.21,85.0,55.0,48.61,47.31,65.21,0.8,0.0,5.63,45.0,45.0,0.0,0.0,0.0,120.0,47.31,0.0,0.88,0.0,0.0,0.0,32.0,0.0,64.74,77.35,100.0,48.74
2018-01-05 23:45:00,2,1,65.2,85.0,55.0,48.6,47.29,65.2,0.8,0.0,5.63,45.0,45.0,0.0,0.0,0.0,120.0,47.29,0.0,0.88,0.0,0.0,0.0,32.0,0.0,64.78,77.47,100.0,48.75
2018-01-05 23:46:00,2,1,65.2,85.0,55.0,48.6,47.27,65.2,0.8,0.0,5.63,45.0,45.0,0.0,0.0,0.0,120.0,47.27,0.0,0.88,0.0,0.0,0.0,32.0,0.0,64.82,77.58,100.0,48.76
2018-01-05 23:47:00,2,1,65.19,85.0,55.0,48.6,47.25,65.19,0.8,0.0,5.63,45.0,45.0,0.0,0.0,0.0,120.0,47.25,0.0,0.88,0.0,0.0,0.0,32.0,0.0,64.85,77.69,100.0,48.78
2018-01-05 23:48:00,2,1,65.18,85.0,55.0,48.59,47.23,65.18,0.8,0.0,5.63,45.0,45.0,0.0,0.0,0.0,120.0,47.23,0.0,0.88,0.0,0.0,0.0,32.0,0.0,64.89,77.8,100.0,48.79
2018-01-05 23:49:00,2,1,65.18,85.0,55.0,48.59,47.21,65.18,0.8,0.0,5.63,45.0,45.0,0.0,0.0,0.0,120.0,47.21,0.0,0.88,0.0,0.0,0.0,32.0,0.0,64.93,77.91,100.0,48.8
2018-01-05 23:50:00,2,1,65.17,85.0,55.0,48.59,47.19,65.17,0.8,0.0,5.63,45.0,45.0,0.0,0.0,0.0,120.0,47.19,0.0,0.88,0.0,0.0,0.0,32.0,0.0,64.96,78.02,100.0,48.81
2018-01-05 23:51:00,2,1,65.17,85.0,55.0,48.58,47.17,65.17,0.8,0.0,5.63,45.0,45.0,0.0,0.0,0.0,120.0,47.17,0.0,0.88,0.0,0.0,0.0,32.0,0.0,65.0,78.12,100.0,48.82
2018-01-05 23:52:00,2,1,65.16,85.0,55.0,48.58,47.15,65.16,0.8,0.0,5.63,45.0,45.0,0.0,0.0,0.0,120.0,47.15,0.0,0.88,0.0,0.0,0.0,32.0,0.0,65.03,78.22,100.0,48.83
2018-01-05 23:53:00,2,1,65.15,85.0,55.0,48.58,47.13,65.15,0.8,0.0,5.63,45.0,45.0,0.0,0.0,0.0,120.0,47.13,0.0,0.88,0.0,0.0,0.0,32.0,0.0,65.06,78.32,100.0,48.84
2018-01-05 23:54:00,2,1,65.15,85.0,55.0,48.57,47.11,65.15,0.8,0.0,5.63,45.0,45.0,0.0,0.0,0.0,120.0,47.11,0.0,0.88,0.0,0.0,0.0,32.0,0.0,65.1,78.42,100.0,48.85
2018-01-05 23:55:00,2,1,65.14,85.0,55.0,48.57,47.09,65.14,0.8,0.0,5.63,45.0,45.0,0.0,0.0,0.0,120.0,47.09,0.0,0.88,0.0,0.0,0.0,32.0,0.0,65.13,78.52,100.0,48.86
2018-01-05 23:56:00,2,1,65.13,85.0,55.0,48.57,47.08,65.13,0.8,0.0,5.63,45.0,45.0,0.0,0.0,0.0,120.0,47.08,0.0,0.88,0.0,0.0,0.0,32.0,0.0,65.16,78.61,100.0,48.87
2018-01-05 23:57:00,2,1,65.13,85.0,55.0,48.56,47.06,65.13,0.8,0.0,5.63,45.0,45.0,0.0,0.0,0.0,120.0,47.06,0.0,0.88,0.0,0.0,0.0,32.0,0.0,65.19,78.7,100.0,48.88
2018-01-05 23:58:00,2,1,65.12,85.0,55.0,48.56,47.04,65.12,0.8,0.0,5.63,45.0,45.0,0.0,0.0,0.0,120.0,47.04,0.0,0.88,0.0,0.0,0.0,32.0,0.0,65.22,78.79,100.0,48.89
2018-01-05 23:59:00,2,1,65.12,85.0,55.0,48.56,47.02,65.12,0.8,0.0,5.63,45.0,45.0,0.0,0.0,0.0,120.0,47.02,0.0,0.88,0.0,0.0,0.0,32.0,0.0,65.25,78.88,100.0,48.9
2018-01-06 00:00:00,2,1,65.11,85.0,55.0,48.55,47.0,65.11,0.8,0.0,5.63,45.0,45.0,0.0,0.0,0.0,120.0,47.0,0.0,0.88,0.0,0.0,0.0,32.0,0.0,65.28,78.96,100.0,48.91
2018-01-06 00:01:00,2,1,65.1,85.0,55.0,48.55,46.99,65.1,0.8,0.0,5.63,45.0,45.0,0.0,0.0,0.0,120.0,46.99,0.0,0.88,0.0,0.0,0.0,32.0,0.0,65.29,78.99,100.0,48.93
2018-01-06 00:02:00,2,1,65.1,85.0,55.0,48.55,46.97,65.1,0.8,0.0,5.63,45.0,45.0,0.0,0.0,0.0,120.0,46.97,0.0,0.88,0.0,0.0,0.0,32.0,0.0,65.3,78.99,100.0,48.94
2018-01-06 00:03:00,2,1,65.09,85.0,55.0,48.54,46.95,65.09,0.8,0.0,5.63,45.0,45.0,0.0,0.0,0.0,120.0,46.95,0.0,0.88,0.0,0.0,0.0,32.0,0.0,65.31,78.98,100.0,48.95
2018-01-06 00:04:00,2,1,65.08,85.0,55.0,48.54,46.94,65.08,0.8,0.0,5.63,45.0,45.0,0.0,0.0,0.0,120.0,46.94,0.0,0.88,0.0,0.0,0.0,32.0,0.0,65.31,78.97,100.0,48.96
2018-01-06 00:05:00,2,1,65.07,85.0,55.0,48.54,46.92,65.07,0.8,0.0,5.63,45.0,45.0,0.0,0.0,0.0,120.0,46.92,0.0,0.88,0.0,0.0,0.0,32.0,0.0,65.32,78.96,100.0,48.97
2018-01-06 00:06:00,2,1,65.06,85.0,55.0,48.53,46.9,65.06,0.8,0.0,5.63,45.0,45.0,0.0,0.0,0.0,120.0,46.9,0.0,0.88,0.0,0.0,0.0,32.0,0.0,65.32,78.94,100.0,48.99
2018-01-06 00:07:00,2,1,65.06,85.0,55.0,48.53,46.88,65.06,0.8,0.0,5.63,45.0,45.0,0.0,0.0,0.0,120.0,46.88,0.0,0.88,0.0,0.0,0.0,32.0,0.0,65.33,78.92,100.0,49.0
2018-01-06 00:08:00,2,1,65.05,85.0,55.0,48.52,46.87,65.05,0.8,0.0,5.63,45.0,45.0,0.0,0.0,0.0,120.0,46.87,0.0,0.88,0.0,0.0,0.0,32.0,0.0,65.33,78.9,100.0,49.01
2018-01-06 00:09:00,2,1,65.04,85.0,55.0,48.52,46.85,65.04,0.8,0.0,5.63,45.0,45.0,0.0,0.0,0.0,120.0,46.85,0.0,0.88,0.0,0.0,0.0,32.0,0.0,65.33,78.88,100.0,49.02
2018-01-06 00:10:00,2,1,65.03,85.0,55.0,48.51,46.84,65.03,0.8,0.0,5.63,45.0,45.0,0.0,0.0,0.0,120.0,46.84,0.0,0.88,0.0,0.0,0.0,32.0,0.0,65.33,78.85,100.0,49.04
2018-01-06 00:11:00,2,1,65.02,85.0,55.0,48.51,46.82,65.02,0.8,0.0,5.63,45.0,45.0,0.0,0.0,0.0,120.0,46.82,0.0,0.88,0.0,0.0,0.0,32.0,0.0,65.34,78.83,100.0,49.05
2018-01-06 00:12:00,2,1,65.01,85.0,55.0,48.51,46.8,65.01,0.8,0.0,5.63,45.0,45.0,0.0,0.0,0.0,120.0,46.8,0.0,0.88,0.0,0.0,0.0,32.0,0.0,65.34,78.8,100.0,49.06
2018-01-06 00:13:00,2,1,65.0,85.0,55.0,48.5,46.79,65.0,0.8,0.0,5.63,45.0,45.0,0.0,0.0,0.0,120.0,46.79,0.0,0.88,0.0,0.0,0.0,32.0,0.0,65.34,78.77,100.0,49.08
2018-01-06 00:14:00,2,1,64.99,85.0,55.0,48.5,46.77,64.99,0.8,0.0,5.63,45.0,45.0,0.0,0.0,0.0,120.0,46.77,0.0,0.88,0.0,0.0,0.0,32.0,0.0,65.34,78.73,100.0,49.09
2018-01-06 00:15:00,2,1,64.98,85.0,55.0,48.49,46.76,64.98,0.8,0.0,5.63,45.0,45.0,0.0,0.0,0.0,120.0,46.76,0.0,0.88,0.0,0.0,0.0,32.0,0.0,65.34,78.7,100.0,49.11
2018-01-06 00:16:00,2,1,64.97,85.0,55.0,48.49,46.74,64.97,0.8,0.0,5.63,45.0,45.0,0.0,0.0,0.0,120.0,46.74,0.0,0.88,0.0,0.0,0.0,32.0,0.0,65.34,78.66,100.0,49.12
2018-01-06 00:17:00,2,1,64.96,85.0,55.0,48.48,46.73,64.96,0.8,0.0,5.63,45.0,45.0,0.0,0.0,0.0,120.0,46.73,0.0,0.88,0.0,0.0,0.0,32.0,0.0,65.33,78.62,100.0,49.13
2018-01-06 00:18:00,2,1,64.95,85.0,55.0,48.48,46.71,64.95,0.8,0.0,5.63,45.0,45.0,0.0,0.0,0.0,120.0,46.71,0.0,0.88,0.0,0.0,0.0,32.0,0.0,65.33,78.58,100.0,49.15
2018-01-06 00:19:00,2,1,64.94,85.0,55.0,48.47,46.7,64.94,0.8,0.0,5.63,45.0,45.0,0.0,0.0,0.0,120.0,46.7,0.0,0.88,0.0,0.0,0.0,32.0,0.0,65.33,78.54,100.0,49.16
2018-01-06 00:20:00,2,1,64.93,85.0,55.0,48.46,46.68,64.93,0.8,0.0,5.63,45.0,45.0,0.0,0.0,0.0,120.0,46.68,0.0,0.88,0.0,0.0,0.0,32.0,0.0,65.33,78.49,100.0,49.17
2018-01-06 00:21:00,2,1,64.92,85.0,55.0,48.46,46.67,64.92,0.8,0.0,5.63,45.0,45.0,0.0,0.0,0.0,120.0,46.67,0.0,0.88,0.0,0.0,0.0,32.0,0.0,65.32,78.45,100.0,49.19
2018-01-06 00:22:00,2,1,64.91,85.0,55.0,48.45,46.65,64.91,0.8,0.0,5.63,45.0,45.0,0.0,0.0,0.0,120.0,46.65,0.0,0.88,0.0,0.0,0.0,32.0,0.0,65.32,78.4,100.0,49.2
2018-01-06 00:23:00,2,1,64.9,85.0,55.0,48.45,46.64,64.9,0.8,0.0,5.63,45.0,45.0,0.0,0.0,0.0,120.0,46.64,0.0,0.88,0.0,0.0,0.0,32.0,0.0,65.31,78.35,100.0,49.21
2018-01-06 00:24:00,2,1,64.89,85.0,55.0,48.44,46.62,64.89,0.8,0.0,5.63,45.0,45.0,0.0,0.0,0.0,120.0,46.62,0.0,0.88,0.0,0.0,0.0,32.0,0.0,65.31,78.3,100.0,49.22
2018-01-06 00:25:00,2,1,64.88,85.0,55.0,48.44,46.61,64.88,0.8,0.0,5.63,45.0,45.0,0.0,0.0,0.0,120.0,46.61,0.0,0.88,0.0,0.0,0.0,32.0,0.0,65.3,78.25,100.0,49.24
2018-01-06 00:26:00,2,1,64.86,85.0,55.0,48.43,46.6,64.86,0.8,0.0,5.63,45.0,45.0,0.0,0.0,0.0,120.0,46.6,0.0,0.88,0.0,0.0,0.0,32.0,0.0,65.29,78.19,100.0,49.25
2018-01-06 00:27:00,2,1,64.85,85.0,55.0,48.43,46.58,64.85,0.8,0.0,5.63,45.0,45.0,0.0,0.0,0.0,120.0,46.58,0.0,0.88,0.0,0.0,0.0,32.0,0.0,65.29,78.14,100.0,49.26
2018-01-06 00:28:00,2,1,64.84,85.0,55.0,48.42,46.57,64.84,0.8,0.0,5.63,45.0,45.0,0.0,0.0,0.0,120.0,46.57,0.0,0.88,0.0,0.0,0.0,32.0,0.0,65.28,78.08,100.0,49.27
2018-01-06 00:29:00,2,1,64.83,85.0,55.0,48.42,46.55,64.83,0.8,0.0,5.63,45.0,45.0,0.0,0.0,0.0,120.0,46.55,0.0,0.88,0.0,0.0,0.0,32.0,0.0,65.27,78.03,100.0,49.29
2018-01-06 00:30:00,2,1,64.82,85.0,55.0,48.41,46.54,64.82,0.8,0.0,5.63,45.0,45.0,0.0,0.0,0.0,120.0,46.54,0.0,0.88,0.0,0.0,0.0,32.0,0.0,65.26,77.97,100.0,49.3
2018-01-06 00:31:00,2,1,64.81,85.0,55.0,48.4,46.53,64.81,0.8,0.0,5.63,45.0,45.0,0.0,0.0,0.0,120.0,46.53,0.0,0.88,0.0,0.0,0.0,32.0,0.0,65.25,77.91,100.0,49.31
2018-01-06 00:32:00,2,1,64.8,85.0,55.0,48.4,46.51,64.8,0.8,0.0,5.63,45.0,45.0,0.0,0.0,0.0,120.0,46.51,0.0,0.88,0.0,0.0,0.0,32.0,0.0,65.24,77.85,100.0,49.32
2018-01-06 00:33:00,2,1,64.79,85.0,55.0,48.39,46.5,64.79,0.8,0.0,5.63,45.0,45.0,0.0,0.0,0.0,120.0,46.5,0.0,0.88,0.0,0.0,0.0,32.0,0.0,65.23,77.79,100.0,49.33
2018-01-06 00:34:00,2,1,64.78,85.0,55.0,48.39,46.49,64.78,0.8,0.0,5.63,45.0,45.0,0.0,0.0,0.0,120.0,46.49,0.0,0.88,0.0,0.0,0.0,32.0,0.0,65.22,77.73,100.0,49.34
2018-01-06 00:35:00,2,1,64.76,85.0,55.0,48.38,46.47,64.76,0.8,0.0,5.63,45.0,45.0,0.0,0.0,0.0,120.0,46.47,0.0,0.88,0.0,0.0,0.0,32.0,0.0,65.21,77.67,100.0,49.35
2018-01-06 00:36:00,2,1,64.75,85.0,55.0,48.38,46.46,64.75,0.8,0.0,5.63,45.0,45.0,0.0,0.0,0.0,120.0,46.46,0.0,0.88,0.0,0.0,0.0,32.0,0.0,65.2,77.6,100.0,49.36
2018-01-06 00:37:00,2,1,64.74,85.0,55.0,48.37,46.45,64.74,0.8,0.0,5.63,45.0,45.0,0.0,0.0,0.0,120.0,46.45,0.0,0.88,0.0,0.0,0.0,32.0,0.0,65.19,77.54,100.0,49.37
2018-01-06 00:38:00,2,1,64.73,85.0,55.0,48.36,46.44,64.73,0.8,0.0,5.63,45.0,45.0,0.0,0.0,0.0,120.0,46.44,0.0,0.88,0.0,0.0,0.0,32.0,0.0,65.18,77.48,100.0,49.38
2018-01-06 00:39:00,2,1,64.72,85.0,55.0,48.36,46.42,64.72,0.8,0.0,5.63,45.0,45.0,0.0,0.0,0.0,120.0,46.42,0.0,0.88,0.0,0.0,0.0,32.0,0.0,65.16,77.41,100.0,49.39
2018-01-06 00:40:00,2,1,64.71,85.0,55.0,48.35,46.41,64.71,0.8,0.0,5.63,45.0,45.0,0.0,0.0,0.0,120.0,46.41,0.0,0.88,0.0,0.0,0.0,32.0,0.0,65.15,77.35,100.0,49.4
2018-01-06 00:41:00,2,1,64.7,85.0,55.0,48.35,46.4,64.7,0.8,0.0,5.63,45.0,45.0,0.0,0.0,0.0,120.0,46.4,0.0,0.88,0.0,0.0,0.0,32.0,0.0,65.14,77.28,100.0,49.41
2018-01-06 00:42:00,2,1,64.68,85.0,55.0,48.34,46.39,64.68,0.8,0.0,5.63,45.0,45.0,0.0,0.0,0.0,120.0,46.39,0.0,0.88,0.0,0.0,0.0,32.0,0.0,65.12,77.21,100.0,49.42
2018-01-06 00:43:00,2,1,64.67,85.0,55.0,48.34,46.37,64.67,0.8,0.0,5.63,45.0,45.0,0.0,0.0,0.0,120.0,46.37,0.0,0.88,0.0,0.0,0.0,32.0,0.0,65.11,77.15,100.0,49.43
2018-01-06 00:44:00,2,1,64.66,85.0,55.0,48.33,46.36,64.66,0.8,0.0,5.63,45.0,45.0,0.0,0.0,0.0,120.0,46.36,0.0,0.88,0.0,0.0,0.0,32.0,0.0,65.1,77.08,100.0,49.44
2018-01-06 00:45:00,2,1,64.65,85.0,55.0,48.33,46.35,64.65,0.8,0.0,5.63,45.0,45.0,0.0,0.0,0.0,120.0,46.35,0.0,0.88,0.0,0.0,0.0,32.0,0.0,65.08,77.02,100.0,49.45
2018-01-06 00:46:00,2,1,64.64,85.0,55.0,48.32,46.34,64.64,0.8,0.0,5.63,45.0,45.0,0.0,0.0,0.0,120.0,46.34,0.0,0.88,0.0,0.0,0.0,32.0,0.0,65.07,76.95,100.0,49.45
2018-01-06 00:47:00,2,1,64.63,85.0,55.0,48.31,46.33,64.63,0.8,0.0,5.63,45.0,45.0,0.0,0.0,0.0,120.0,46.33,0.0,0.88,0.0,0.0,0.0,32.0,0.0,65.05,76.88,100.0,49.46
2018-01-06 00:48:00,2,1,64.62,85.0,55.0,48.31,46.32,64.62,0.8,0.0,5.63,45.0,45.0,0.0,0.0,0.0,120.0,46.32,0.0,0.88,0.0,0.0,0.0,32.0,0.0,65.04,76.82,100.0,49.47
2018-01-06 00:49:00,2,1,64.61,85.0,55.0,48.3,46.3,64.61,0.8,0.0,5.63,45.0,45.0,0.0,0.0,0.0,120.0,46.3,0.0,0.88,0.0,0.0,0.0,32.0,0.0,65.02,76.75,100.0,49.48
2018-01-06 00:50:00,2,1,64.59,85.0,55.0,48.3,46.29,64.59,0.8,0.0,5.63,45.0,45.0,0.0,0.0,0.0,120.0,46.29,0.0,0.88,0.0,0.0,0.0,32.0,0.0,65.01,76.68,100.0,49.48
2018-01-06 00:51:00,2,1,64.58,85.0,55.0,48.29,46.28,64.58,0.8,0.0,5.63,45.0,45.0,0.0,0.0,0.0,120.0,46.28,0.0,0.88,0.0,0.0,0.0,32.0,0.0,64.99,76.62,100.0,49.49
2018-01-06 00:52:00,2,1,64.57,85.0,55.0,48.29,46.27,64.57,0.8,0.0,5.63,45.0,45.0,0.0,0.0,0.0,120.0,46.27,0.0,0.88,0.0,0.0,0.0,32.0,0.0,64.97,76.55,100.0,49.5
2018-01-06 00:53:00,2,1,64.56,85.0,55.0,48.28,46.26,64.56,0.8,0.0,5.63,45.0,45.0,0.0,0.0,0.0,120.0,46.26,0.0,0.88,0.0,0.0,0.0,32.0,0.0,64.96,76.49,100.0,49.5
2018-01-06 00:54:00,2,1,64.55,85.0,55.0,48.28,46.25,64.55,0.8,0.0,5.63,45.0,45.0,0.0,0.0,0.0,120.0,46.25,0.0,0.88,0.0,0.0,0.0,32.0,0.0,64.94,76.42,100.0,49.51
2018-01-06 00:55:00,2,1,64.54,85.0,55.0,48.27,46.24,64.54,0.8,0.0,5.63,45.0,45.0,0.0,0.0,0.0,120.0,46.24,0.0,0.88,0.0,0.0,0.0,32.0,0.0,64.92,76.36,100.0,49.51
2018-01-06 00:56:00,2,1,64.53,85.0,55.0,48.26,46.23,64.53,0.8,0.0,5.63,45.0,45.0,0.0,0.0,0.0,120.0,46.23,0.0,0.88,0.0,0.0,0.0,32.0,0.0,64.91,76.29,100.0,49.52
2018-01-06 00:57:00,2,1,64.52,85.0,55.0,48.26,46.22,64.52,0.8,0.0,5.63,45.0,45.0,0.0,0.0,0.0,120.0,46.22,0.0,0.88,0.0,0.0,0.0,32.0,0.0,64.89,76.23,100.0,49.52
2018-01-06 00:58:00,2,1,64.51,85.0,55.0,48.25,46.2,64.51,0.8,0.0,5.63,45.0,45.0,0.0,0.0,0.0,120.0,46.2,0.0,0.88,0.0,0.0,0.0,32.0,0.0,64.87,76.16,100.0,49.53
2018-01-06 00:59:00,2,1,64.5,85.0,55.0,48.25,46.19,64.5,0.8,0.0,5.63,45.0,45.0,0.0,0.0,0.0,120.0,46.19,0.0,0.88,0.0,0.0,0.0,32.0,0.0,64.86,76.1,100.0,49.53
2018-01-06 01:00:00,2,1,64.49,85.0,55.0,48.24,46.18,64.49,0.8,0.0,5.63,45.0,45.0,0.0,0.0,0.0,120.0,46.18,0.0,0.88,0.0,0.0,0.0,32.0,0.0,64.84,76.04,100.0,49.54
2018-01-06 01:01:00,2,1,64.48,85.0,55.0,48.24,46.17,64.48,0.8,0.0,5.63,45.0,45.0,0.0,0.0,0.0,120.0,46.17,0.0,0.88,0.0,0.0,0.0,32.0,0.0,64.83,76.0,100.0,49.54
2018-01-06 01:02:00,2,1,64.47,85.0,55.0,48.24,46.16,64.47,0.8,0.0,5.63,45.0,45.0,0.0,0.0,0.0,120.0,46.16,0.0,0.88,0.0,0.0,0.0,32.0,0.0,64.82,75.97,100.0,49.54
2018-01-06 01:03:00,2,1,64.46,85.0,55.0,48.23,46.15,64.46,0.8,0.0,5.63,45.0,45.0,0.0,0.0,0.0,120.0,46.15,0.0,0.88,0.0,0.0,0.0,32.01,0.0,64.81,75.95,100.0,49.54
2018-01-06 01:04:00,2,1,64.45,85.0,55.0,48.23,46.14,64.45,0.8,0.0,5.63,45.0,45.0,0.0,0.0,0.0,120.0,46.14,0.0,0.88,0.0,0.0,0.0,32.01,0.0,64.8,75.92,100.0,49.55
2018-01-06 01:05:00,2,1,64.44,85.0,55.0,48.23,46.13,64.44,0.8,0.0,5.63,45.0,45.0,0.0,0.0,0.0,120.0,46.13,0.0,0.88,0.0,0.0,0.0,32.01,0.0,64.79,75.9,100.0,49.55
2018-01-06 01:06:00,2,1,64.43,85.0,55.0,48.22,46.12,64.43,0.8,0.0,5.63,45.0,45.0,0.0,0.0,0.0,120.0,46.12,0.0,0.88,0.0,0.0,0.0,32.02,0.0,64.78,75.88,100.0,49.55
2018-01-06 01:07:00,2,1,64.42,85.0,55.0,48.22,46.11,64.42,0.8,0.0,5.63,45.0,45.0,0.0,0.0,0.0,120.0,46.11,0.0,0.88,0.0,0.0,0.0,32.02,0.0,64.77,75.85,100.0,49.55
2018-01-06 01:08:00,2,1,64.41,85.0,55.0,48.22,46.1,64.41,0.8,0.0,5.63,45.0,45.0,0.0,0.0,0.0,120.0,46.1,0.0,0.88,0.0,0.0,0.0,32.02,0.0,64.76,75.83,100.0,49.55
2018-01-06 01:09:00,2,1,64.4,85.0,55.0,48.21,46.09,64.4,0.8,0.0,5.63,45.0,45.0,0.0,0.0,0.0,120.0,46.09,0.0,0.88,0.0,0.0,0.0,32.03,0.0,64.75,75.81,100.0,49.55
2018-01-06 01:10:00,2,1,64.39,85.0,55.0,48.21,46.08,64.39,0.8,0.0,5.63,45.0,45.0,0.0,0.0,0.0,120.0,46.08,0.0,0.88,0.0,0.0,0.0,32.03,0.0,64.74,75.79,100.0,49.55
2018-01-06 01:11:00,2,1,64.39,85.0,55.0,48.21,46.07,64.39,0.8,0.0,5.63,45.0,45.0,0.0,0.0,0.0,120.0,46.07,0.0,0.88,0.0,0.0,0.0,32.03,0.0,64.73,75.77,100.0,49.54
2018-01-06 01:12:00,2,1,64.38,85.0,55.0,48.21,46.07,64.38,0.8,0.0,5.63,45.0,45.0,0.0,0.0,0.0,120.0,46.07,0.0,0.88,0.0,0.0,0.0,32.03,0.0,64.72,75.76,100.0,49.54
2018-01-06 01:13:00,2,1,64.37,85.0,55.0,48.2,46.06,64.37,0.8,0.0,5.63,45.0,45.0,0.0,0.0,0.0,120.0,46.06,0.0,0.88,0.0,0.0,0.0,32.04,0.0,64.71,75.74,100.0,49.54
2018-01-06 01:14:00,2,1,64.36,85.0,55.0,48.2,46.05,64.36,0.8,0.0,5.63,45.0,45.0,0.0,0.0,0.0,120.0,46.05,0.0,0.88,0.0,0.0,0.0,32.04,0.0,64.7,75.72,100.0,49.54
2018-01-06 01:15:00,2,1,64.35,85.0,55.0,48.2,46.04,64.35,0.8,0.0,5.63,45.0,45.0,0.0,0.0,0.0,120.0,46.04,0.0,0.88,0.0,0.0,0.0,32.04,0.0,64.69,75.71,100.0,49.54
2018-01-06 01:16:00,2,1,64.35,85.0,55.0,48.2,46.03,64.35,0.8,0.0,5.63,45.0,45.0,0.0,0.0,0.0,120.0,46.03,0.0,0.88,0.0,0.0,0.0,32.04,0.0,64.68,75.69,100.0,49.53
2018-01-06 01:17:00,2,1,64.34,85.0,55.0,48.19,46.02,64.34,0.8,0.0,5.63,45.0,45.0,0.0,0.0,0.0,120.0,46.02,0.0,0.88,0.0,0.0,0.0,32.05,0.0,64.67,75.68,100.0,49.53
2018-01-06 01:18:00,2,1,64.33,85.0,55.0,48.19,46.01,64.33,0.8,0.0,5.63,45.0,45.0,0.0,0.0,0.0,120.0,46.01,0.0,0.88,0.0,0.0,0.0,32.05,0.0,64.66,75.67,100.0,49.53
2018-01-06 01:19:00,2,1,64.33,85.0,55.0,48.19,46.0,64.33,0.8,0.0,5.63,45.0,45.0,0.0,0.0,0.0,120.0,46.0,0.0,0.88,0.0,0.0,0.0,32.05,0.0,64.66,75.66,100.0,49.52
2018-01-06 01:20:00,2,1,64.32,85.0,55.0,48.19,45.99,64.32,0.8,0.0,5.63,45.0,45.0,0.0,0.0,0.0,120.0,45.99,0.0,0.88,0.0,0.0,0.0,32.05,0.0,64.65,75.65,100.0,49.52
2018-01-06 01:21:00,2,1,64.31,85.0,55.0,48.18,45.98,64.31,0.8,0.0,5.63,45.0,45.0,0.0,0.0,0.0,120.0,45.98,0.0,0.88,0.0,0.0,0.0,32.05,0.0,64.64,75.64,100.0,49.52
2018-01-06 01:22:00,2,1,64.31,85.0,55.0,48.18,45.98,64.31,0.8,0.0,5.63,45.0,45.0,0.0,0.0,0.0,120.0,45.98,0.0,0.88,0.0,0.0,0.0,32.06,0.0,64.63,75.63,100.0,49.51
2018-01-06 01:23:00,2,1,64.3,85.0,55.0,48.18,45.97,64.3,0.8,0.0,5.63,45.0,45.0,0.0,0.0,0.0,120.0,45.97,0.0,0.88,0.0,0.0,0.0,32.06,0.0,64.62,75.62,100.0,49.51
2018-01-06 01:24:00,2,1,64.29,85.0,55.0,48.18,45.96,64.29,0.8,0.0,5.63,45.0,45.0,0.0,0.0,0.0,120.0,45.96,0.0,0.88,0.0,0.0,0.0,32.06,0.0,64.61,75.61,100.0,49.5
2018-01-06 01:25:00,2,1,64.29,85.0,55.0,48.17,45.95,64.29,0.8,0.0,5.63,45.0,45.0,0.0,0.0,0.0,120.0,45.95,0.0,0.88,0.0,0.0,0.0,32.06,0.0,64.6,75.61,100.0,49.5
2018-01-06 01:26:00,2,1,64.28,85.0,55.0,48.17,45.94,64.28,0.8,0.0,5.63,45.0,45.0,0.0,0.0,0.0,120.0,45.94,0.0,0.88,0.0,0.0,0.0,32.06,0.0,64.59,75.6,100.0,49.5
2018-01-06 01:27:00,2,1,64.27,85.0,55.0,48.17,45.93,64.27,0.8,0.0,5.63,45.0,45.0,0.0,0.0,0.0,120.0,45.93,0.0,0.88,0.0,0.0,0.0,32.06,0.0,64.59,75.6,100.0,49.49
2018-01-06 01:28:00,2,1,64.27,85.0,55.0,48.17,45.93,64.27,0.8,0.0,5.63,45.0,45.0,0.0,0.0,0.0,120.0,45.93,0.0,0.88,0.0,0.0,0.0,32.07,0.0,64.58,75.59,100.0,49.49
2018-01-06 01:29:00,2,1,64.26,85.0,55.0,48.16,45.92,64.26,0.8,0.0,5.63,45.0,45.0,0.0,0.0,0.0,120.0,45.92,0.0,0.88,0.0,0.0,0.0,32.07,0.0,64.57,75.59,100.0,49.48
2018-01-06 01:30:00,2,1,64.26,85.0,55.0,48.16,45.91,64.26,0.8,0.0,5.63,45.0,45.0,0.0,0.0,0.0,120.0,45.91,0.0,0.88,0.0,0.0,0.0,32.07,0.0,64.56,75.59,100.0,49.48
2018-01-06 01:31:00,2,1,64.25,85.0,55.0,48.16,45.9,64.25,0.8,0.0,5.63,45.0,45.0,0.0,0.0,0.0,120.0,45.9,0.0,0.88,0.0,0.0,0.0,32.07,0.0,64.56,75.59,100.0,49.47
2018-01-06 01:32:00,2,1,64.25,85.0,55.0,48.16,45.89,64.25,0.8,0.0,5.63,45.0,45.0,0.0,0.0,0.0,120.0,45.89,0.0,0.88,0.0,0.0,0.0,32.07,0.0,64.55,75.59,100.0,49.47
2018-01-06 01:33:00,2,1,64.24,85.0,55.0,48.15,45.89,64.24,0.8,0.0,5.63,45.0,45.0,0.0,0.0,0.0,120.0,45.89,0.0,0.88,0.0,0.0,0.0,32.07,0.0,64.54,75.59,100.0,49.46
2018-01-06 01:34:00,2,1,64.23,85.0,55.0,48.15,45.88,64.23,0.8,0.0,5.63,45.0,45.0,0.0,0.0,0.0,120.0,45.88,0.0,0.88,0.0,0.0,0.0,32.07,0.0,64.54,75.59,100.0,49.46
2018-01-06 01:35:00,2,1,64.23,85.0,55.0,48.15,45.87,64.23,0.8,0.0,5.63,45.0,45.0,0.0,0.0,0.0,120.0,45.87,0.0,0.88,0.0,0.0,0.0,32.07,0.0,64.53,75.6,100.0,49.45
2018-01-06 01:36:00,2,1,64.22,85.0,55.0,48.15,45.86,64.22,0.8,0.0,5.63,45.0,45.0,0.0,0.0,0.0,120.0,45.86,0.0,0.88,0.0,0.0,0.0,32.07,0.0,64.52,75.6,100.0,49.44
2018-01-06 01:37:00,2,1,64.22,85.0,55.0,48.14,45.85,64.22,0.8,0.0,5.63,45.0,45.0,0.0,0.0,0.0,120.0,45.85,0.0,0.88,0.0,0.0,0.0,32.07,0.0,64.52,75.61,100.0,49.44
2018-01-06 01:38:00,2,1,64.21,85.0,55.0,48.14,45.85,64.21,0.8,0.0,5.63,45.0,45.0,0.0,0.0,0.0,120.0,45.85,0.0,0.88,0.0,0.0,0.0,32.07,0.0,64.51,75.61,100.0,49.43
2018-01-06 01:39:00,2,1,64.21,85.0,55.0,48.14,45.84,64.21,0.8,0.0,5.63,45.0,45.0,0.0,0.0,0.0,120.0,45.84,0.0,0.88,0.0,0.0,0.0,32.07,0.0,64.51,75.62,100.0,49.43
2018-01-06 01:40:00,2,1,64.2,85.0,55.0,48.13,45.83,64.2,0.8,0.0,5.63,45.0,45.0,0.0,0.0,0.0,120.0,45.83,0.0,0.88,0.0,0.0,0.0,32.07,0.0,64.5,75.63,100.0,49.42
2018-01-06 01:41:00,2,1,64.2,85.0,55.0,48.13,45.83,64.2,0.8,0.0,5.63,45.0,45.0,0.0,0.0,0.0,120.0,45.83,0.0,0.88,0.0,0.0,0.0,32.07,0.0,64.5,75.64,100.0,49.42
2018-01-06 01:42:00,2,1,64.19,85.0,55.0,48.13,45.82,64.19,0.8,0.0,5.63,45.0,45.0,0.0,0.0,0.0,120.0,45.82,0.0,0.88,0.0,0.0,0.0,32.06,0.0,64.49,75.65,100.0,49.41
2018-01-06 01:43:00,2,1,64.19,85.0,55.0,48.12,45.81,64.19,0.8,0.0,5.63,45.0,45.0,0.0,0.0,0.0,120.0,45.81,0.0,0.88,0.0,0.0,0.0,32.06,0.0,64.49,75.66,100.0,49.4
2018-01-06 01:44:00,2,1,64.18,85.0,55.0,48.12,45.8,64.18,0.8,0.0,5.63,45.0,45.0,0.0,0.0,0.0,120.0,45.8,0.0,0.88,0.0,0.0,0.0,32.06,0.0,64.48,75.67,100.0,49.4
2018-01-06 01:45:00,2,1,64.18,85.0,55.0,48.12,45.8,64.18,0.8,0.0,5.63,45.0,45.0,0.0,0.0,0.0,120.0,45.8,0.0,0.88,0.0,0.0,0.0,32.06,0.0,64.48,75.68,100.0,49.39
2018-01-06 01:46:00,2,1,64.17,85.0,55.0,48.11,45.79,64.17,0.8,0.0,5.63,45.0,45.0,0.0,0.0,0.0,120.0,45.79,0.0,0.88,0.0,0.0,0.0,32.06,0.0,64.48,75.7,100.0,49.39
2018-01-06 01:47:00,2,1,64.17,85.0,55.0,48.11,45.78,64.17,0.8,0.0,5.63,45.0,45.0,0.0,0.0,0.0,120.0,45.78,0.0,0.88,0.0,0.0,0.0,32.06,0.0,64.47,75.71,100.0,49.38
2018-01-06 01:48:00,2,1,64.16,85.0,55.0,48.11,45.78,64.16,0.8,0.0,5.63,45.0,45.0,0.0,0.0,0.0,120.0,45.78,0.0,0.88,0.0,0.0,0.0,32.05,0.0,64.47,75.73,100.0,49.37
2018-01-06 01:49:00,2,1,64.16,85.0,55.0,48.1,45.77,64.16,0.8,0.0,5.63,45.0,45.0,0.0,0.0,0.0,120.0,45.77,0.0,0.88,0.0,0.0,0.0,32.05,0.0,64.47,75.75,100.0,49.37
2018-01-06 01:50:00,2,1,64.15,85.0,55.0,48.1,45.76,64.15,0.8,0.0,5.63,45.0,45.0,0.0,0.0,0.0,120.0,45.76,0.0,0.88,0.0,0.0,0.0,32.05,0.0,64.46,75.76,100.0,49.36
2018-01-06 01:51:00,2,1,64.15,85.0,55.0,48.09,45.76,64.15,0.8,0.0,5.63,45.0,45.0,0.0,0.0,0.0,120.0,45.76,0.0,0.88,0.0,0.0,0.0,32.04,0.0,64.46,75.78,100.0,49.35
2018-01-06 01:52:00,2,1,64.14,85.0,55.0,48.09,45.75,64.14,0.8,0.0,5.63,45.0,45.0,0.0,0.0,0.0,120.0,45.75,0.0,0.88,0.0,0.0,0.0,32.04,0.0,64.46,75.8,100.0,49.35
2018-01-06 01:53:00,2,1,64.14,85.0,55.0,48.09,45.74,64.14,0.8,0.0,5.63,45.0,45.0,0.0,0.0,0.0,120.0,45.74,0.0,0.88,0.0,0.0,0.0,32.04,0.0,64.46,75.82,100.0,49.34
2018-01-06 01:54:00,2,1,64.13,85.0,55.0,48.08,45.74,64.13,0.8,0.0,5.63,45.0,45.0,0.0,0.0,0.0,120.0,45.74,0.0,0.88,0.0,0.0,0.0,32.03,0.0,64.46,75.85,100.0,49.34
2018-01-06 01:55:00,2,1,64.13,85.0,55.0,48.08,45.73,64.13,0.8,0.0,5.63,45.0,45.0,0.0,0.0,0.0,120.0,45.73,0.0,0.88,0.0,0.0,0.0,32.03,0.0,64.46,75.87,100.0,49.33
2018-01-06 01:56:00,2,1,64.12,85.0,55.0,48.07,45.72,64.12,0.8,0.0,5.63,45.0,45.0,0.0,0.0,0.0,120.0,45.72,0.0,0.88,0.0,0.0,0.0,32.02,0.0,64.46,75.89,100.0,49.32
2018-01-06 01:57:00,2,1,64.12,85.0,55.0,48.07,45.72,64.12,0.8,0.0,5.63,45.0,45.0,0.0,0.0,0.0,120.0,45.72,0.0,0.88,0.0,0.0,0.0,32.02,0.0,64.46,75.92,100.0,49.32
2018-01-06 01:58:00,2,1,64.11,85.0,55.0,48.06,45.71,64.11,0.8,0.0,5.63,45.0,45.0,0.0,0.0,0.0,120.0,45.71,0.0,0.88,0.0,0.0,0.0,32.01,0.0,64.46,75.94,100.0,49.31
2018-01-06 01:59:00,2,1,64.11,85.0,55.0,48.06,45.7,64.11,0.8,0.0,5.63,45.0,45.0,0.0,0.0,0.0,120.0,45.7,0.0,0.88,0.0,0.0,0.0,32.01,0.0,64.46,75.97,100.0,49.31
2018-01-06 02:00:00,2,1,64.1,85.0,55.0,48.05,45.7,64.1,0.8,0.0,5.63,45.0,45.0,0.0,0.0,0.0,120.0,45.7,0.0,0.88,0.0,0.0,0.0,32.0,0.0,64.46,76.0,100.0,49.3
2018-01-06 02:01:00,2,1,64.1,85.0,55.0,48.04,45.69,64.1,0.8,0.0,5.63,45.0,45.0,0.0,0.0,0.0,120.0,45.69,0.0,0.88,0.0,0.0,0.0,31.99,0.0,64.47,76.05,100.0,49.29
2018-01-06 02:02:00,2,1,64.09,85.0,55.0,48.03,45.69,64.09,0.8,0.0,5.63,45.0,45.0,0.0,0.0,0.0,120.0,45.69,0.0,0.88,0.0,0.0,0.0,31.98,0.0,64.48,76.11,100.0,49.29
2018-01-06 02:03:00,2,1,64.09,85.0,55.0,48.02,45.68,64.09,0.8,0.0,5.63,45.0,45.0,0.0,0.0,0.0,120.0,45.68,0.0,0.88,0.0,0.0,0.0,31.96,0.0,64.49,76.18,100.0,49.28
2018-01-06 02:04:00,2,1,64.08,85.0,55.0,48.01,45.67,64.08,0.8,0.0,5.63,45.0,45.0,0.0,0.0,0.0,120.0,45.67,0.0,0.88,0.0,0.0,0.0,31.95,0.0,64.5,76.24,100.0,49.28
2018-01-06 02:05:00,2,1,64.08,85.0,55.0,48.0,45.67,64.08,0.8,0.0,5.63,45.0,45.0,0.0,0.0,0.0,120.0,45.67,0.0,0.88,0.0,0.0,0.0,31.93,0.0,64.52,76.31,100.0,49.27
2018-01-06 02:06:00,2,1,64.07,85.0,55.0,47.99,45.66,64.07,0.8,0.0,5.63,45.0,45.0,0.0,0.0,0.0,120.0,45.66,0.0,0.88,0.0,0.0,0.0,31.91,0.0,64.53,76.38,100.0,49.27
2018-01-06 02:07:00,2,1,64.07,85.0,55.0,47.98,45.66,64.07,0.8,0.0,5.63,45.0,45.0,0.0,0.0,0.0,120.0,45.66,0.0,0.88,0.0,0.0,0.0,31.9,0.0,64.55,76.45,100.0,49.26
2018-01-06 02:08:00,2,1,64.06,85.0,55.0,47.97,45.65,64.06,0.8,0.0,5.63,45.0,45.0,0.0,0.0,0.0,120.0,45.65,0.0,0.88,0.0,0.0,0.0,31.88,0.0,64.56,76.52,100.0,49.26
2018-01-06 02:09:00,2,1,64.06,85.0,55.0,47.96,45.64,64.06,0.8,0.0,5.63,45.0,45.0,0.0,0.0,0.0,120.0,45.64,0.0,0.88,0.0,0.0,0.0,31.86,0.0,64.58,76.59,100.0,49.26
2018-01-06 02:10:00,2,1,64.05,85.0,55.0,47.95,45.64,64.05,0.8,0.0,5.63,45.0,45.0,0.0,0.0,0.0,120.0,45.64,0.0,0.88,0.0,0.0,0.0,31.84,0.0,64.59,76.66,100.0,49.25
2018-01-06 02:11:00,2,1,64.04,85.0,55.0,47.94,45.63,64.04,0.8,0.0,5.63,45.0,45.0,0.0,0.0,0.0,120.0,45.63,0.0,0.88,0.0,0.0,0.0,31.83,0.0,64.61,76.73,100.0,49.25
2018-01-06 02:12:00,2,1,64.04,85.0,55.0,47.92,45.63,64.04,0.8,0.0,5.63,45.0,45.0,0.0,0.0,0.0,120.0,45.63,0.0,0.88,0.0,0.0,0.0,31.81,0.0,64.62,76.81,100.0,49.24
2018-01-06 02:13:00,2,1,64.03,85.0,55.0,47.91,45.62,64.03,0.8,0.0,5.63,45.0,45.0,0.0,0.0,0.0,120.0,45.62,0.0,0.88,0.0,0.0,0.0,31.79,0.0,64.64,76.88,100.0,49.24
2018-01-06 02:14:00,2,1,64.03,85.0,55.0,47.9,45.62,64.03,0.8,0.0,5.63,45.0,45.0,0.0,0.0,0.0,120.0,45.62,0.0,0.88,0.0,0.0,0.0,31.77,0.0,64.66,76.95,100.0,49.24
2018-01-06 02:15:00,2,1,64.02,85.0,55.0,47.89,45.61,64.02,0.8,0.0,5.63,45.0,45.0,0.0,0.0,0.0,120.0,45.61,0.0,0.88,0.0,0.0,0.0,31.76,0.0,64.67,77.03,100.0,49.23
2018-01-06 02:16:00,2,1,64.01,85.0,55.0,47.88,45.61,64.01,0.8,0.0,5.63,45.0,45.0,0.0,0.0,0.0,120.0,45.61,0.0,0.88,0.0,0.0,0.0,31.74,0.0,64.69,77.1,100.0,49.23
2018-01-06 02:17:00,2,1,64.01,85.0,55.0,47.86,45.6,64.01,0.8,0.0,5.63,45.0,45.0,0.0,0.0,0.0,120.0,45.6,0.0,0.88,0.0,0.0,0.0,31.72,0.0,64.71,77.18,100.0,49.23
2018-01-06 02:18:00,2,1,64.0,85.0,55.0,47.85,45.6,64.0,0.8,0.0,5.63,45.0,45.0,0.0,0.0,0.0,120.0,45.6,0.0,0.88,0.0,0.0,0.0,31.7,0.0,64.72,77.25,100.0,49.22
2018-01-06 02:19:00,2,1,64.0,85.0,55.0,47.84,45.59,64.0,0.8,0.0,5.63,45.0,45.0,0.0,0.0,0.0,120.0,45.59,0.0,0.88,0.0,0.0,0.0,31.68,0.0,64.74,77.33,100.0,49.22
2018-01-06 02:20:00,2,1,63.99,85.0,55.0,47.83,45.59,63.99,0.8,0.0,5.63,45.0,45.0,0.0,0.0,0.0,120.0,45.59,0.0,0.88,0.0,0.0,0.0,31.66,0.0,64.76,77.41,100.0,49.22
2018-01-06 02:21:00,2,1,63.98,85.0,55.0,47.81,45.58,63.98,0.8,0.0,5.63,45.0,45.0,0.0,0.0,0.0,120.0,45.58,0.0,0.88,0.0,0.0,0.0,31.64,0.0,64.77,77.48,100.0,49.21
2018-01-06 02:22:00,2,1,63.98,85.0,55.0,47.8,45.58,63.98,0.8,0.0,5.63,45.0,45.0,0.0,0.0,0.0,120.0,45.58,0.0,0.88,0.0,0.0,0.0,31.62,0.0,64.79,77.56,100.0,49.21
2018-01-06 02:23:00,2,1,63.97,85.0,55.0,47.79,45.57,63.97,0.8,0.0,5.63,45.0,45.0,0.0,0.0,0.0,120.0,45.57,0.0,0.88,0.0,0.0,0.0,31.6,0.0,64.81,77.64,100.0,49.21
2018-01-06 02:24:00,2,1,63.96,85.0,55.0,47.77,45.57,63.96,0.8,0.0,5.63,45.0,45.0,0.0,0.0,0.0,120.0,45.57,0.0,0.88,0.0,0.0,0.0,31.59,0.0,64.83,77.71,100.0,49.2
2018-01-06 02:25:00,2,1,63.96,85.0,55.0,47.76,45.56,63.96,0.8,0.0,5.63,45.0,45.0,0.0,0.0,0.0,120.0,45.56,0.0,0.88,0.0,0.0,0.0,31.57,0.0,64.84,77.79,100.0,49.2
2018-01-06 02:26:00,2,1,63.95,85.0,55.0,47.75,45.56,63.95,0.8,0.0,5.63,45.0,45.0,0.0,0.0,0.0,120.0,45.56,0.0,0.88,0.0,0.0,0.0,31.55,0.0,64.86,77.87,100.0,49.2
2018-01-06 02:27:00,2,1,63.94,85.0,55.0,47.74,45.55,63.94,0.8,0.0,5.63,45.0,45.0,0.0,0.0,0.0,120.0,45.55,0.0,0.88,0.0,0.0,0.0,31.53,0.0,64.88,77.94,100.0,49.19
2018-01-06 02:28:00,2,1,63.94,85.0,55.0,47.72,45.55,63.94,0.8,0.0,5.63,45.0,45.0,0.0,0.0,0.0,120.0,45.55,0.0,0.88,0.0,0.0,0.0,31.51,0.0,64.89,78.02,100.0,49.19
2018-01-06 02:29:00,2,1,63.93,85.0,55.0,47.71,45.54,63.93,0.8,0.0,5.63,45.0,45.0,0.0,0.0,0.0,120.0,45.54,0.0,0.88,0.0,0.0,0.0,31.49,0.0,64.91,78.09,100.0,49.19
2018-01-06 02:30:00,2,1,63.93,85.0,55.0,47.7,45.54,63.93,0.8,0.0,5.63,45.0,45.0,0.0,0.0,0.0,120.0,45.54,0.0,0.88,0.0,0.0,0.0,31.47,0.0,64.93,78.17,100.0,49.19
2018-01-06 02:31:00,2,1,63.92,85.0,55.0,47.68,45.53,63.92,0.8,0.0,5.63,45.0,45.0,0.0,0.0,0.0,120.0,45.53,0.0,0.88,0.0,0.0,0.0,31.45,0.0,64.95,78.24,100.0,49.18
2018-01-06 02:32:00,2,1,63.91,85.0,55.0,47.67,45.53,63.91,0.8,0.0,5.63,45.0,45.0,0.0,0.0,0.0,120.0,45.53,0.0,0.88,0.0,0.0,0.0,31.43,0.0,64.96,78.32,100.0,49.18
2018-01-06 02:33:00,2,1,63.91,85.0,55.0,47.66,45.52,63.91,0.8,0.0,5.63,45.0,45.0,0.0,0.0,0.0,120.0,45.52,0.0,0.88,0.0,0.0,0.0,31.41,0.0,64.98,78.39,100.0,49.18
2018-01-06 02:34:00,2,1,63.9,85.0,55.0,47.65,45.52,63.9,0.8,0.0,5.63,45.0,45.0,0.0,0.0,0.0,120.0,45.52,0.0,0.88,0.0,0.0,0.0,31.39,0.0,65.0,78.47,100.0,49.17
2018-01-06 02:35:00,2,1,63.89,85.0,55.0,47.63,45.51,63.89,0.8,0.0,5.63,45.0,45.0,0.0,0.0,0.0,120.0,45.51,0.0,0.88,0.0,0.0,0.0,31.37,0.0,65.01,78.54,100.0,49.17
2018-01-06 02:36:00,2,1,63.89,85.0,55.0,47.62,45.51,63.89,0.8,0.0,5.63,45.0,45.0,0.0,0.0,0.0,120.0,45.51,0.0,0.88,0.0,0.0,0.0,31.35,0.0,65.03,78.61,100.0,49.17
2018-01-06 02:37:00,2,1,63.88,85.0,55.0,47.61,45.5,63.88,0.8,0.0,5.63,45.0,45.0,0.0,0.0,0.0,120.0,45.5,0.0,0.88,0.0,0.0,0.0,31.33,0.0,65.05,78.68,100.0,49.17
2018-01-06 02:38:00,2,1,63.87,85.0,55.0,47.59,45.5,63.87,0.8,0.0,5.63,45.0,45.0,0.0,0.0,0.0,120.0,45.5,0.0,0.88,0.0,0.0,0.0,31.31,0.0,65.06,78.75,100.0,49.16
2018-01-06 02:39:00,2,1,63.87,85.0,55.0,47.58,45.5,63.87,0.8,0.0,5.63,45.0,45.0,0.0,0.0,0.0,120.0,45.5,0.0,0.88,0.0,0.0,0.0,31.29,0.0,65.08,78.82,100.0,49.16
2018-01-06 02:40:00,2,1,63.86,85.0,55.0,47.57,45.49,63.86,0.8,0.0,5.63,45.0,45.0,0.0,0.0,0.0,120.0,45.49,0.0,0.88,0.0,0.0,0.0,31.28,0.0,65.09,78.89,100.0,49.16
2018-01-06 02:41:00,2,1,63.85,85.0,55.0,47.56,45.49,63.85,0.8,0.0,5.63,45.0,45.0,0.0,0.0,0.0,120.0,45.49,0.0,0.88,0.0,0.0,0.0,31.26,0.0,65.11,78.96,100.0,49.16
2018-01-06 02:42:00,2,1,63.85,85.0,55.0,47.54,45.48,63.85,0.8,0.0,5.63,45.0,45.0,0.0,0.0,0.0,120.0,45.48,0.0,0.88,0.0,0.0,0.0,31.24,0.0,65.12,79.03,100.0,49.15
2018-01-06 02:43:00,2,1,63.84,85.0,55.0,47.53,45.48,63.84,0.8,0.0,5.63,45.0,45.0,0.0,0.0,0.0,120.0,45.48,0.0,0.88,0.0,0.0,0.0,31.22,0.0,65.14,79.09,100.0,49.15
2018-01-06 02:44:00,2,1,63.83,85.0,55.0,47.52,45.47,63.83,0.8,0.0,5.63,45.0,45.0,0.0,0.0,0.0,120.0,45.47,0.0,0.88,0.0,0.0,0.0,31.2,0.0,65.15,79.16,100.0,49.15
2018-01-06 02:45:00,2,1,63.83,85.0,55.0,47.5,45.47,63.83,0.8,0.0,5.63,45.0,45.0,0.0,0.0,0.0,120.0,45.47,0.0,0.88,0.0,0.0,0.0,31.18,0.0,65.17,79.22,100.0,49.15
2018-01-06 02:46:00,2,1,63.82,85.0,55.0,47.49,45.47,63.82,0.8,0.0,5.63,45.0,45.0,0.0,0.0,0.0,120.0,45.47,0.0,0.88,0.0,0.0,0.0,31.16,0.0,65.18,79.29,100.0,49.14
2018-01-06 02:47:00,2,1,63.81,85.0,55.0,47.48,45.46,63.81,0.8,0.0,5.63,45.0,45.0,0.0,0.0,0.0,120.0,45.46,0.0,0.88,0.0,0.0,0.0,31.15,0.0,65.19,79.35,100.0,49.14
2018-01-06 02:48:00,2,1,63.81,85.0,55.0,47.47,45.46,63.81,0.8,0.0,5.63,45.0,45.0,0.0,0.0,0.0,120.0,45.46,0.0,0.88,0.0,0.0,0.0,31.13,0.0,65.2,79.41,100.0,49.14
2018-01-06 02:49:00,2,1,63.8,85.0,55.0,47.46,45.45,63.8,0.8,0.0,5.63,45.0,45.0,0.0,0.0,0.0,120.0,45.45,0.0,0.88,0.0,0.0,0.0,31.11,0.0,65.22,79.47,100.0,49.13
2018-01-06 02:50:00,2,1,63.8,85.0,55.0,47.44,45.45,63.8,0.8,0.0,5.63,45.0,45.0,0.0,0.0,0.0,120.0,45.45,0.0,0.88,0.0,0.0,0.0,31.09,0.0,65.23,79.52,100.0,49.13
2018-01-06 02:51:00,2,1,63.79,85.0,55.0,47.43,45.45,63.79,0.8,0.0,5.63,45.0,45.0,0.0,0.0,0.0,120.0,45.45,0.0,0.88,0.0,0.0,0.0,31.07,0.0,65.24,79.58,100.0,49.13
2018-01-06 02:52:00,2,1,63.78,85.0,55.0,47.42,45.44,63.78,0.8,0.0,5.63,45.0,45.0,0.0,0.0,0.0,120.0,45.44,0.0,0.88,0.0,0.0,0.0,31.06,0.0,65.25,79.63,100.0,49.13
2018-01-06 02:53:00,2,1,63.78,85.0,55.0,47.41,45.44,63.78,0.8,0.0,5.63,45.0,45.0,0.0,0.0,0.0,120.0,45.44,0.0,0.88,0.0,0.0,0.0,31.04,0.0,65.26,79.68,100.0,49.12
2018-01-06 02:54:00,2,1,63.77,85.0,55.0,47.4,45.43,63.77,0.8,0.0,5.63,45.0,45.0,0.0,0.0,0.0,120.0,45.43,0.0,0.88,0.0,0.0,0.0,31.02,0.0,65.27,79.73,100.0,49.12
2018-01-06 02:55:00,2,1,63.76,85.0,55.0,47.38,45.43,63.76,0.8,0.0,5.63,45.0,45.0,0.0,0.0,0.0,120.0,45.43,0.0,0.88,0.0,0.0,0.0,31.01,0.0,65.28,79.78,100.0,49.12
2018-01-06 02:56:00,2,1,63.76,85.0,55.0,47.37,45.43,63.76,0.8,0.0,5.63,45.0,45.0,0.0,0.0,0.0,120.0,45.43,0.0,0.88,0.0,0.0,0.0,30.99,0.0,65.29,79.83,100.0,49.12
2018-01-06 02:57:00,2,1,63.75,85.0,55.0,47.36,45.42,63.75,0.8,0.0,5.63,45.0,45.0,0.0,0.0,0.0,120.0,45.42,0.0,0.88,0.0,0.0,0.0,30.97,0.0,65.3,79.87,100.0,49.11
2018-01-06 02:58:00,2,1,63.74,85.0,55.0,47.35,45.42,63.74,0.8,0.0,5.63,45.0,45.0,0.0,0.0,0.0,120.0,45.42,0.0,0.88,0.0,0.0,0.0,30.96,0.0,65.31,79.92,100.0,49.11
2018-01-06 02:59:00,2,1,63.74,85.0,55.0,47.34,45.41,63.74,0.8,0.0,5.63,45.0,45.0,0.0,0.0,0.0,120.0,45.41,0.0,0.88,0.0,0.0,0.0,30.94,0.0,65.31,79.96,100.0,49.11
2018-01-06 03:00:00,2,1,63.73,85.0,55.0,47.33,45.41,63.73,0.8,0.0,5.63,45.0,45.0,0.0,0.0,0.0,120.0,45.41,0.0,0.88,0.0,0.0,0.0,30.93,0.0,65.32,79.99,100.0,49.11
2018-01-06 03:01:00,2,1,63.72,85.0,55.0,47.32,45.41,63.72,0.8,0.0,5.63,45.0,45.0,0.0,0.0,0.0,120.0,45.41,0.0,0.88,0.0,0.0,0.0,30.92,0.0,65.32,79.99,100.0,49.1
2018-01-06 03:02:00,2,1,63.72,85.0,55.0,47.31,45.4,63.72,0.8,0.0,5.63,45.0,45.0,0.0,0.0,0.0,120.0,45.4,0.0,0.88,0.0,0.0,0.0,30.91,0.0,65.31,79.97,100.0,49.1
2018-01-06 03:03:00,2,1,63.71,85.0,55.0,47.31,45.4,63.71,0.8,0.0,5.63,45.0,45.0,0.0,0.0,0.0,120.0,45.4,0.0,0.88,0.0,0.0,0.0,30.91,0.0,65.29,79.94,100.0,49.1
2018-01-06 03:04:00,2,1,63.71,85.0,55.0,47.3,45.4,63.71,0.8,0.0,5.63,45.0,45.0,0.0,0.0,0.0,120.0,45.4,0.0,0.88,0.0,0.0,0.0,30.9,0.0,65.28,79.91,100.0,49.09
2018-01-06 03:05:00,2,1,63.7,85.0,55.0,47.3,45.39,63.7,0.8,0.0,5.63,45.0,45.0,0.0,0.0,0.0,120.0,45.39,0.0,0.88,0.0,0.0,0.0,30.9,0.0,65.27,79.88,100.0,49.09
2018-01-06 03:06:00,2,1,63.69,85.0,55.0,47.29,45.39,63.69,0.8,0.0,5.63,45.0,45.0,0.0,0.0,0.0,120.0,45.39,0.0,0.88,0.0,0.0,0.0,30.89,0.0,65.25,79.84,100.0,49.09
2018-01-06 03:07:00,2,1,63.69,85.0,55.0,47.29,45.39,63.69,0.8,0.0,5.63,45.0,45.0,0.0,0.0,0.0,120.0,45.39,0.0,0.88,0.0,0.0,0.0,30.89,0.0,65.24,79.81,100.0,49.08
2018-01-06 03:08:00,2,1,63.68,85.0,55.0,47.28,45.38,63.68,0.8,0.0,5.63,45.0,45.0,0.0,0.0,0.0,120.0,45.38,0.0,0.88,0.0,0.0,0.0,30.88,0.0,65.23,79.77,100.0,49.08
2018-01-06 03:09:00,2,1,63.67,85.0,55.0,47.28,45.38,63.67,0.8,0.0,5.63,45.0,45.0,0.0,0.0,0.0,120.0,45.38,0.0,0.88,0.0,0.0,0.0,30.88,0.0,65.21,79.73,100.0,49.08
2018-01-06 03:10:00,2,1,63.67,85.0,55.0,47.27,45.38,63.67,0.8,0.0,5.63,45.0,45.0,0.0,0.0,0.0,120.0,45.38,0.0,0.88,0.0,0.0,0.0,30.88,0.0,65.19,79.68,100.0,49.07
2018-01-06 03:11:00,2,1,63.66,85.0,55.0,47.27,45.37,63.66,0.8,0.0,5.63,45.0,45.0,0.0,0.0,0.0,120.0,45.37,0.0,0.88,0.0,0.0,0.0,30.87,0.0,65.18,79.64,100.0,49.07
2018-01-06 03:12:00,2,1,63.66,85.0,55.0,47.26,45.37,63.66,0.8,0.0,5.63,45.0,45.0,0.0,0.0,0.0,120.0,45.37,0.0,0.88,0.0,0.0,0.0,30.87,0.0,65.16,79.59,100.0,49.07
2018-01-06 03:13:00,2,1,63.65,85.0,55.0,47.26,45.37,63.65,0.8,0.0,5.63,45.0,45.0,0.0,0.0,0.0,120.0,45.37,0.0,0.88,0.0,0.0,0.0,30.87,0.0,65.14,79.54,100.0,49.06
2018-01-06 03:14:00,2,1,63.65,85.0,55.0,47.25,45.36,63.65,0.8,0.0,5.63,45.0,45.0,0.0,0.0,0.0,120.0,45.36,0.0,0.88,0.0,0.0,0.0,30.86,0.0,65.12,79.49,100.0,49.06
2018-01-06 03:15:00,2,1,63.64,85.0,55.0,47.25,45.36,63.64,0.8,0.0,5.63,45.0,45.0,0.0,0.0,0.0,120.0,45.36,0.0,0.88,0.0,0.0,0.0,30.86,0.0,65.1,79.44,100.0,49.06
2018-01-06 03:16:00,2,1,63.63,85.0,55.0,47.25,45.36,63.63,0.8,0.0,5.63,45.0,45.0,0.0,0.0,0.0,120.0,45.36,0.0,0.88,0.0,0.0,0.0,30.86,0.0,65.08,79.39,100.0,49.05
2018-01-06 03:17:00,2,1,63.63,85.0,55.0,47.24,45.35,63.63,0.8,0.0,5.63,45.0,45.0,0.0,0.0,0.0,120.0,45.35,0.0,0.88,0.0,0.0,0.0,30.86,0.0,65.06,79.33,100.0,49.05
2018-01-06 03:18:00,2,1,63.62,85.0,55.0,47.24,45.35,63.62,0.8,0.0,5.63,45.0,45.0,0.0,0.0,0.0,120.0,45.35,0.0,0.88,0.0,0.0,0.0,30.86,0.0,65.04,79.28,100.0,49.04
2018-01-06 03:19:00,2,1,63.62,85.0,55.0,47.24,45.35,63.62,0.8,0.0,5.63,45.0,45.0,0.0,0.0,0.0,120.0,45.35,0.0,0.88,0.0,0.0,0.0,30.86,0.0,65.02,79.22,100.0,49.04
2018-01-06 03:20:00,2,1,63.61,85.0,55.0,47.23,45.34,63.61,0.8,0.0,5.63,45.0,45.0,0.0,0.0,0.0,120.0,45.34,0.0,0.88,0.0,0.0,0.0,30.85,0.0,65.0,79.16,100.0,49.04
2018-01-06 03:21:00,2,1,63.61,85.0,55.0,47.23,45.34,63.61,0.8,0.0,5.63,45.0,45.0,0.0,0.0,0.0,120.0,45.34,0.0,0.88,0.0,0.0,0.0,30.85,0.0,64.98,79.1,100.0,49.03
2018-01-06 03:22:00,2,1,63.6,85.0,55.0,47.23,45.34,63.6,0.8,0.0,5.63,45.0,45.0,0.0,0.0,0.0,120.0,45.34,0.0,0.88,0.0,0.0,0.0,30.85,0.0,64.96,79.03,100.0,49.03
2018-01-06 03:23:00,2,1,63.59,85.0,55.0,47.22,45.34,63.59,0.8,0.0,5.63,45.0,45.0,0.0,0.0,0.0,120.0,45.34,0.0,0.88,0.0,0.0,0.0,30.85,0.0,64.94,78.97,100.0,49.02
2018-01-06 03:24:00,2,1,63.59,85.0,55.0,47.22,45.33,63.59,0.8,0.0,5.63,45.0,45.0,0.0,0.0,0.0,120.0,45.33,0.0,0.88,0.0,0.0,0.0,30.85,0.0,64.91,78.9,100.0,49.02
2018-01-06 03:25:00,2,1,63.58,85.0,55.0,47.22,45.33,63.58,0.8,0.0,5.63,45.0,45.0,0.0,0.0,0.0,120.0,45.33,0.0,0.88,0.0,0.0,0.0,30.85,0.0,64.89,78.84,100.0,49.01
2018-01-06 03:26:00,2,1,63.58,85.0,55.0,47.21,45.33,63.58,0.8,0.0,5.63,45.0,45.0,0.0,0.0,0.0,120.0,45.33,0.0,0.88,0.0,0.0,0.0,30.85,0.0,64.87,78.77,100.0,49.01
2018-01-06 03:27:00,2,1,63.57,85.0,55.0,47.21,45.32,63.57,0.8,0.0,5.63,45.0,45.0,0.0,0.0,0.0,120.0,45.32,0.0,0.88,0.0,0.0,0.0,30.85,0.0,64.84,78.7,100.0,49.01
2018-01-06 03:28:00,2,1,63.57,85.0,55.0,47.21,45.32,63.57,0.8,0.0,5.63,45.0,45.0,0.0,0.0,0.0,120.0,45.32,0.0,0.88,0.0,0.0,0.0,30.85,0.0,64.82,78.63,100.0,49.0
2018-01-06 03:29:00,2,1,63.56,85.0,55.0,47.21,45.32,63.56,0.8,0.0,5.63,45.0,45.0,0.0,0.0,0.0,120.0,45.32,0.0,0.88,0.0,0.0,0.0,30.85,0.0,64.79,78.56,100.0,49.0
2018-01-06 03:30:00,2,1,63.56,85.0,55.0,47.2,45.32,63.56,0.8,0.0,5.63,45.0,45.0,0.0,0.0,0.0,120.0,45.32,0.0,0.88,0.0,0.0,0.0,30.85,0.0,64.77,78.49,100.0,48.99
2018-01-06 03:31:00,2,1,63.55,85.0,55.0,47.2,45.31,63.55,0.8,0.0,5.63,45.0,45.0,0.0,0.0,0.0,120.0,45.31,0.0,0.88,0.0,0.0,0.0,30.85,0.0,64.74,78.41,100.0,48.99
2018-01-06 03:32:00,2,1,63.54,85.0,55.0,47.2,45.31,63.54,0.8,0.0,5.63,45.0,45.0,0.0,0.0,0.0,120.0,45.31,0.0,0.88,0.0,0.0,0.0,30.85,0.0,64.72,78.34,100.0,48.98
2018-01-06 03:33:00,2,1,63.54,85.0,55.0,47.2,45.31,63.54,0.8,0.0,5.63,45.0,45.0,0.0,0.0,0.0,120.0,45.31,0.0,0.88,0.0,0.0,0.0,30.85,0.0,64.69,78.26,100.0,48.98
2018-01-06 03:34:00,2,1,63.53,85.0,55.0,47.2,45.3,63.53,0.8,0.0,5.63,45.0,45.0,0.0,0.0,0.0,120.0,45.3,0.0,0.88,0.0,0.0,0.0,30.86,0.0,64.67,78.19,100.0,48.97
2018-01-06 03:35:00,2,1,63.53,85.0,55.0,47.19,45.3,63.53,0.8,0.0,5.63,45.0,45.0,0.0,0.0,0.0,120.0,45.3,0.0,0.88,0.0,0.0,0.0,30.86,0.0,64.64,78.11,100.0,48.97
2018-01-06 03:36:00,2,1,63.52,85.0,55.0,47.19,45.3,63.52,0.8,0.0,5.63,45.0,45.0,0.0,0.0,0.0,120.0,45.3,0.0,0.88,0.0,0.0,0.0,30.86,0.0,64.61,78.03,100.0,48.96
2018-01-06 03:37:00,2,1,63.52,85.0,55.0,47.19,45.3,63.52,0.8,0.0,5.63,45.0,45.0,0.0,0.0,0.0,120.0,45.3,0.0,0.88,0.0,0.0,0.0,30.86,0.0,64.59,77.95,100.0,48.96
2018-01-06 03:38:00,2,1,63.51,85.0,55.0,47.19,45.29,63.51,0.8,0.0,5.63,45.0,45.0,0.0,0.0,0.0,120.0,45.29,0.0,0.88,0.0,0.0,0.0,30.86,0.0,64.56,77.87,100.0,48.95
2018-01-06 03:39:00,2,1,63.51,85.0,55.0,47.19,45.29,63.51,0.8,0.0,5.63,45.0,45.0,0.0,0.0,0.0,120.0,45.29,0.0,0.88,0.0,0.0,0.0,30.86,0.0,64.53,77.79,100.0,48.95
2018-01-06 03:40:00,2,1,63.5,85.0,55.0,47.18,45.29,63.5,0.8,0.0,5.63,45.0,45.0,0.0,0.0,0.0,120.0,45.29,0.0,0.88,0.0,0.0,0.0,30.87,0.0,64.5,77.71,100.0,48.95
2018-01-06 03:41:00,2,1,63.5,85.0,55.0,47.18,45.29,63.5,0.8,0.0,5.63,45.0,45.0,0.0,0.0,0.0,120.0,45.29,0.0,0.88,0.0,0.0,0.0,30.87,0.0,64.48,77.63,100.0,48.94
2018-01-06 03:42:00,2,1,63.49,85.0,55.0,47.18,45.28,63.49,0.8,0.0,5.63,45.0,45.0,0.0,0.0,0.0,120.0,45.28,0.0,0.88,0.0,0.0,0.0,30.87,0.0,64.45,77.55,100.0,48.94
2018-01-06 03:43:00,2,1,63.49,85.0,55.0,47.18,45.28,63.49,0.8,0.0,5.63,45.0,45.0,0.0,0.0,0.0,120.0,45.28,0.0,0.88,0.0,0.0,0.0,30.87,0.0,64.42,77.47,100.0,48.93
2018-01-06 03:44:00,2,1,63.48,85.0,55.0,47.18,45.28,63.48,0.8,0.0,5.63,45.0,45.0,0.0,0.0,0.0,120.0,45.28,0.0,0.88,0.0,0.0,0.0,30.87,0.0,64.39,77.39,100.0,48.93
2018-01-06 03:45:00,2,1,63.48,85.0,55.0,47.18,45.28,63.48,0.8,0.0,5.63,45.0,45.0,0.0,0.0,0.0,120.0,45.28,0.0,0.88,0.0,0.0,0.0,30.88,0.0,64.36,77.3,100.0,48.92
2018-01-06 03:46:00,2,1,63.47,85.0,55.0,47.17,45.27,63.47,0.8,0.0,5.63,45.0,45.0,0.0,0.0,0.0,120.0,45.27,0.0,0.88,0.0,0.0,0.0,30.88,0.0,64.33,77.22,100.0,48.92
2018-01-06 03:47:00,2,1,63.47,85.0,55.0,47.17,45.27,63.47,0.8,0.0,5.63,45.0,45.0,0.0,0.0,0.0,120.0,45.27,0.0,0.88,0.0,0.0,0.0,30.88,0.0,64.31,77.14,100.0,48.91
2018-01-06 03:48:00,2,1,63.46,85.0,55.0,47.17,45.27,63.46,0.8,0.0,5.63,45.0,45.0,0.0,0.0,0.0,120.0,45.27,0.0,0.88,0.0,0.0,0.0,30.88,0.0,64.28,77.05,100.0,48.91
2018-01-06 03:49:00,2,1,63.46,85.0,55.0,47.17,45.27,63.46,0.8,0.0,5.63,45.0,45.0,0.0,0.0,0.0,120.0,45.27,0.0,0.88,0.0,0.0,0.0,30.89,0.0,64.25,76.97,100.0,48.9
2018-01-06 03:50:00,2,1,63.45,85.0,55.0,47.17,45.26,63.45,0.8,0.0,5.63,45.0,45.0,0.0,0.0,0.0,120.0,45.26,0.0,0.88,0.0,0.0,0.0,30.89,0.0,64.22,76.88,100.0,48.9
2018-01-06 03:51:00,2,1,63.44,85.0,55.0,47.17,45.26,63.44,0.8,0.0,5.63,45.0,45.0,0.0,0.0,0.0,120.0,45.26,0.0,0.88,0.0,0.0,0.0,30.89,0.0,64.19,76.8,100.0,48.89
2018-01-06 03:52:00,2,1,63.44,85.0,55.0,47.17,45.26,63.44,0.8,0.0,5.63,45.0,45.0,0.0,0.0,0.0,120.0,45.26,0.0,0.88,0.0,0.0,0.0,30.9,0.0,64.16,76.72,100.0,48.89
2018-01-06 03:53:00,2,1,63.43,85.0,55.0,47.17,45.26,63.43,0.8,0.0,5.63,45.0,45.0,0.0,0.0,0.0,120.0,45.26,0.0,0.88,0.0,0.0,0.0,30.9,0.0,64.13,76.63,100.0,48.88
2018-01-06 03:54:00,2,1,63.43,85.0,55.0,47.17,45.25,63.43,0.8,0.0,5.63,45.0,45.0,0.0,0.0,0.0,120.0,45.25,0.0,0.88,0.0,0.0,0.0,30.9,0.0,64.1,76.55,100.0,48.88
2018-01-06 03:55:00,2,1,63.42,85.0,55.0,47.16,45.25,63.42,0.8,0.0,5.63,45.0,45.0,0.0,0.0,0.0,120.0,45.25,0.0,0.88,0.0,0.0,0.0,30.9,0.0,64.07,76.46,100.0,48.87
2018-01-06 03:56:00,2,1,63.42,85.0,55.0,47.16,45.25,63.42,0.8,0.0,5.63,45.0,45.0,0.0,0.0,0.0,120.0,45.25,0.0,0.88,0.0,0.0,0.0,30.91,0.0,64.05,76.38,100.0,48.87
2018-01-06 03:57:00,2,1,63.41,85.0,55.0,47.16,45.25,63.41,0.8,0.0,5.63,45.0,45.0,0.0,0.0,0.0,120.0,45.25,0.0,0.88,0.0,0.0,0.0,30.91,0.0,64.02,76.29,100.0,48.86
2018-01-06 03:58:00,2,1,63.41,85.0,55.0,47.16,45.25,63.41,0.8,0.0,5.63,45.0,45.0,0.0,0.0,0.0,120.0,45.25,0.0,0.88,0.0,0.0,0.0,30.91,0.0,63.99,76.21,100.0,48.86
2018-01-06 03:59:00,2,1,63.4,85.0,55.0,47.16,45.24,63.4,0.8,0.0,5.63,45.0,45.0,0.0,0.0,0.0,120.0,45.24,0.0,0.88,0.0,0.0,0.0,30.92,0.0,63.96,76.12,100.0,48.85
2018-01-06 04:00:00,2,1,63.4,85.0,55.0,47.16,45.24,63.4,0.8,0.0,5.63,45.0,45.0,0.0,0.0,0.0,120.0,45.24,0.0,0.88,0.0,0.0,0.0,30.92,0.0,63.93,76.04,100.0,48.84
2018-01-06 04:01:00,2,1,63.39,85.0,55.0,47.16,45.24,63.39,0.8,0.0,5.63,45.0,45.0,0.0,0.0,0.0,120.0,45.24,0.0,0.88,0.0,0.0,0.0,30.92,0.0,63.9,75.97,100.0,48.84
2018-01-06 04:02:00,2,1,63.39,85.0,55.0,47.16,45.24,63.39,0.8,0.0,5.63,45.0,45.0,0.0,0.0,0.0,120.0,45.24,0.0,0.88,0.0,0.0,0.0,30.92,0.0,63.88,75.91,100.0,48.83
2018-01-06 04:03:00,2,1,63.38,85.0,55.0,47.15,45.24,63.38,0.8,0.0,5.63,45.0,45.0,0.0,0.0,0.0,120.0,45.24,0.0,0.88,0.0,0.0,0.0,30.93,0.0,63.86,75.85,100.0,48.83
2018-01-06 04:04:00,2,1,63.38,85.0,55.0,47.15,45.23,63.38,0.8,0.0,5.63,45.0,45.0,0.0,0.0,0.0,120.0,45.23,0.0,0.88,0.0,0.0,0.0,30.93,0.0,63.83,75.79,100.0,48.82
2018-01-06 04:05:00,2,1,63.37,85.0,55.0,47.15,45.23,63.37,0.8,0.0,5.63,45.0,45.0,0.0,0.0,0.0,120.0,45.23,0.0,0.88,0.0,0.0,0.0,30.93,0.0,63.81,75.72,100.0,48.82
2018-01-06 04:06:00,2,1,63.37,85.0,55.0,47.15,45.23,63.37,0.8,0.0,5.63,45.0,45.0,0.0,0.0,0.0,120.0,45.23,0.0,0.88,0.0,0.0,0.0,30.93,0.0,63.79,75.66,100.0,48.81
2018-01-06 04:07:00,2,1,63.36,85.0,55.0,47.15,45.23,63.36,0.8,0.0,5.63,45.0,45.0,0.0,0.0,0.0,120.0,45.23,0.0,0.88,0.0,0.0,0.0,30.94,0.0,63.77,75.6,100.0,48.81
2018-01-06 04:08:00,2,1,63.36,85.0,55.0,47.15,45.22,63.36,0.8,0.0,5.63,45.0,45.0,0.0,0.0,0.0,120.0,45.22,0.0,0.88,0.0,0.0,0.0,30.94,0.0,63.74,75.54,100.0,48.8
2018-01-06 04:09:00,2,1,63.35,85.0,55.0,47.15,45.22,63.35,0.8,0.0,5.63,45.0,45.0,0.0,0.0,0.0,120.0,45.22,0.0,0.88,0.0,0.0,0.0,30.94,0.0,63.72,75.49,100.0,48.8
2018-01-06 04:10:00,2,1,63.35,85.0,55.0,47.15,45.22,63.35,0.8,0.0,5.63,45.0,45.0,0.0,0.0,0.0,120.0,45.22,0.0,0.88,0.0,0.0,0.0,30.94,0.0,63.7,75.43,100.0,48.79
2018-01-06 04:11:00,2,1,63.34,85.0,55.0,47.14,45.22,63.34,0.8,0.0,5.63,45.0,45.0,0.0,0.0,0.0,120.0,45.22,0.0,0.88,0.0,0.0,0.0,30.95,0.0,63.68,75.37,100.0,48.79
2018-01-06 04:12:00,2,1,63.34,85.0,55.0,47.14,45.22,63.34,0.8,0.0,5.63,45.0,45.0,0.0,0.0,0.0,120.0,45.22,0.0,0.88,0.0,0.0,0.0,30.95,0.0,63.65,75.31,100.0,48.78
2018-01-06 04:13:00,2,1,63.33,85.0,55.0,47.14,45.22,63.33,0.8,0.0,5.63,45.0,45.0,0.0,0.0,0.0,120.0,45.22,0.0,0.88,0.0,0.0,0.0,30.95,0.0,63.63,75.25,100.0,48.78
2018-01-06 04:14:00,2,1,63.33,85.0,55.0,47.14,45.21,63.33,0.8,0.0,5.63,45.0,45.0,0.0,0.0,0.0,120.0,45.21,0.0,0.88,0.0,0.0,0.0,30.95,0.0,63.61,75.19,100.0,48.77
2018-01-06 04:15:00,2,1,63.32,85.0,55.0,47.14,45.21,63.32,0.8,0.0,5.63,45.0,45.0,0.0,0.0,0.0,120.0,45.21,0.0,0.88,0.0,0.0,0.0,30.95,0.0,63.59,75.14,100.0,48.77
2018-01-06 04:16:00,2,1,63.32,85.0,55.0,47.14,45.21,63.32,0.8,0.0,5.63,45.0,45.0,0.0,0.0,0.0,120.0,45.21,0.0,0.88,0.0,0.0,0.0,30.96,0.0,63.56,75.08,100.0,48.76
2018-01-06 04:17:00,2,1,63.31,85.0,55.0,47.14,45.21,63.31,0.8,0.0,5.63,45.0,45.0,0.0,0.0,0.0,120.0,45.21,0.0,0.88,0.0,0.0,0.0,30.96,0.0,63.54,75.02,100.0,48.75
2018-01-06 04:18:00,2,1,63.31,85.0,55.0,47.13,45.21,63.31,0.8,0.0,5.63,45.0,45.0,0.0,0.0,0.0,120.0,45.21,0.0,0.88,0.0,0.0,0.0,30.96,0.0,63.52,74.97,100.0,48.75
2018-01-06 04:19:00,2,1,63.3,85.0,55.0,47.13,45.2,63.3,0.8,0.0,5.63,45.0,45.0,0.0,0.0,0.0,120.0,45.2,0.0,0.88,0.0,0.0,0.0,30.96,0.0,63.5,74.91,100.0,48.74
2018-01-06 04:20:00,2,1,63.3,85.0,55.0,47.13,45.2,63.3,0.8,0.0,5.63,45.0,45.0,0.0,0.0,0.0,120.0,45.2,0.0,0.88,0.0,0.0,0.0,30.96,0.0,63.48,74.86,100.0,48.74
2018-01-06 04:21:00,2,1,63.29,85.0,55.0,47.13,45.2,63.29,0.8,0.0,5.63,45.0,45.0,0.0,0.0,0.0,120.0,45.2,0.0,0.88,0.0,0.0,0.0,30.97,0.0,63.46,74.8,100.0,48.73
2018-01-06 04:22:00,2,1,63.29,85.0,55.0,47.13,45.2,63.29,0.8,0.0,5.63,45.0,45.0,0.0,0.0,0.0,120.0,45.2,0.0,0.88,0.0,0.0,0.0,30.97,0.0,63.43,74.75,100.0,48.73
2018-01-06 04:23:00,2,1,63.28,85.0,55.0,47.12,45.2,63.28,0.8,0.0,5.63,45.0,45.0,0.0,0.0,0.0,120.0,45.2,0.0,0.88,0.0,0.0,0.0,30.97,0.0,63.41,74.69,100.0,48.72
2018-01-06 04:24:00,2,1,63.28,85.0,55.0,47.12,45.2,63.28,0.8,0.0,5.63,45.0,45.0,0.0,0.0,0.0,120.0,45.2,0.0,0.88,0.0,0.0,0.0,30.97,0.0,63.39,74.64,100.0,48.72
2018-01-06 04:25:00,2,1,63.27,85.0,55.0,47.12,45.19,63.27,0.8,0.0,5.63,45.0,45.0,0.0,0.0,0.0,120.0,45.19,0.0,0.88,0.0,0.0,0.0,30.97,0.0,63.37,74.59,100.0,48.71
2018-01-06 04:26:00,2,1,63.27,85.0,55.0,47.12,45.19,63.27,0.8,0.0,5.63,45.0,45.0,0.0,0.0,0.0,120.0,45.19,0.0,0.88,0.0,0.0,0.0,30.97,0.0,63.35,74.53,100.0,48.71
2018-01-06 04:27:00,2,1,63.26,85.0,55.0,47.12,45.19,63.26,0.8,0.0,5.63,45.0,45.0,0.0,0.0,0.0,120.0,45.19,0.0,0.88,0.0,0.0,0.0,30.97,0.0,63.33,74.48,100.0,48.7
2018-01-06 04:28:00,2,1,63.26,85.0,55.0,47.12,45.19,63.26,0.8,0.0,5.63,45.0,45.0,0.0,0.0,0.0,120.0,45.19,0.0,0.88,0.0,0.0,0.0,30.97,0.0,63.31,74.43,100.0,48.7
2018-01-06 04:29:00,2,1,63.25,85.0,55.0,47.11,45.19,63.25,0.8,0.0,5.63,45.0,45.0,0.0,0.0,0.0,120.0,45.19,0.0,0.88,0.0,0.0,0.0,30.98,0.0,63.29,74.38,100.0,48.69
2018-01-06 04:30:00,2,1,63.25,85.0,55.0,47.11,45.18,63.25,0.8,0.0,5.63,45.0,45.0,0.0,0.0,0.0,120.0,45.18,0.0,0.88,0.0,0.0,0.0,30.98,0.0,63.27,74.33,100.0,48.69
2018-01-06 04:31:00,2,1,63.24,85.0,55.0,47.11,45.18,63.24,0.8,0.0,5.63,45.0,45.0,0.0,0.0,0.0,120.0,45.18,0.0,0.88,0.0,0.0,0.0,30.98,0.0,63.25,74.28,100.0,48.68
2018-01-06 04:32:00,2,1,63.24,85.0,55.0,47.11,45.18,63.24,0.8,0.0,5.63,45.0,45.0,0.0,0.0,0.0,120.0,45.18,0.0,0.88,0.0,0.0,0.0,30.98,0.0,63.23,74.22,100.0,48.68
2018-01-06 04:33:00,2,1,63.23,85.0,55.0,47.1,45.18,63.23,0.8,0.0,5.63,45.0,45.0,0.0,0.0,0.0,120.0,45.18,0.0,0.88,0.0,0.0,0.0,30.98,0.0,63.21,74.18,100.0,48.67
2018-01-06 04:34:00,2,1,63.23,85.0,55.0,47.1,45.18,63.23,0.8,0.0,5.63,45.0,45.0,0.0,0.0,0.0,120.0,45.18,0.0,0.88,0.0,0.0,0.0,30.98,0.0,63.19,74.13,100.0,48.66
2018-01-06 04:35:00,2,1,63.22,85.0,55.0,47.1,45.18,63.22,0.8,0.0,5.63,45.0,45.0,0.0,0.0,0.0,120.0,45.18,0.0,0.88,0.0,0.0,0.0,30.98,0.0,63.17,74.08,100.0,48.66
2018-01-06 04:36:00,2,1,63.21,85.0,55.0,47.1,45.18,63.21,0.8,0.0,5.63,45.0,45.0,0.0,0.0,0.0,120.0,45.18,0.0,0.88,0.0,0.0,0.0,30.98,0.0,63.15,74.03,100.0,48.65
2018-01-06 04:37:00,2,1,63.21,85.0,55.0,47.09,45.17,63.21,0.8,0.0,5.63,45.0,45.0,0.0,0.0,0.0,120.0,45.17,0.0,0.88,0.0,0.0,0.0,30.98,0.0,63.13,73.98,100.0,48.65
2018-01-06 04:38:00,2,1,63.2,85.0,55.0,47.09,45.17,63.2,0.8,0.0,5.63,45.0,45.0,0.0,0.0,0.0,120.0,45.17,0.0,0.88,0.0,0.0,0.0,30.98,0.0,63.11,73.93,100.0,48.64
2018-01-06 04:39:00,2,1,63.2,85.0,55.0,47.09,45.17,63.2,0.8,0.0,5.63,45.0,45.0,0.0,0.0,0.0,120.0,45.17,0.0,0.88,0.0,0.0,0.0,30.98,0.0,63.09,73.89,100.0,48.64
2018-01-06 04:40:00,2,1,63.19,85.0,55.0,47.09,45.17,63.19,0.8,0.0,5.63,45.0,45.0,0.0,0.0,0.0,120.0,45.17,0.0,0.88,0.0,0.0,0.0,30.98,0.0,63.07,73.84,100.0,48.63
2018-01-06 04:41:00,2,1,63.19,85.0,55.0,47.08,45.17,63.19,0.8,0.0,5.63,45.0,45.0,0.0,0.0,0.0,120.0,45.17,0.0,0.88,0.0,0.0,0.0,30.98,0.0,63.05,73.79,100.0,48.63
2018-01-06 04:42:00,2,1,63.18,85.0,55.0,47.08,45.17,63.18,0.8,0.0,5.63,45.0,45.0,0.0,0.0,0.0,120.0,45.17,0.0,0.88,0.0,0.0,0.0,30.97,0.0,63.03,73.75,100.0,48.62
2018-01-06 04:43:00,2,1,63.18,85.0,55.0,47.08,45.16,63.18,0.8,0.0,5.63,45.0,45.0,0.0,0.0,0.0,120.0,45.16,0.0,0.88,0.0,0.0,0.0,30.97,0.0,63.02,73.7,100.0,48.62
2018-01-06 04:44:00,2,1,63.17,85.0,55.0,47.07,45.16,63.17,0.8,0.0,5.63,45.0,45.0,0.0,0.0,0.0,120.0,45.16,0.0,0.88,0.0,0.0,0.0,30.97,0.0,63.0,73.66,100.0,48.61
2018-01-06 04:45:00,2,1,63.17,85.0,55.0,47.07,45.16,63.17,0.8,0.0,5.63,45.0,45.0,0.0,0.0,0.0,120.0,45.16,0.0,0.88,0.0,0.0,0.0,30.97,0.0,62.98,73.61,100.0,48.61
2018-01-06 04:46:00,2,1,63.16,85.0,55.0,47.07,45.16,63.16,0.8,0.0,5.63,45.0,45.0,0.0,0.0,0.0,120.0,45.16,0.0,0.88,0.0,0.0,0.0,30.97,0.0,62.96,73.57,100.0,48.6
2018-01-06 04:47:00,2,1,63.16,85.0,55.0,47.06,45.16,63.16,0.8,0.0,5.63,45.0,45.0,0.0,0.0,0.0,120.0,45.16,0.0,0.88,0.0,0.0,0.0,30.97,0.0,62.94,73.53,100.0,48.6
2018-01-06 04:48:00,2,1,63.15,85.0,55.0,47.06,45.16,63.15,0.8,0.0,5.63,45.0,45.0,0.0,0.0,0.0,120.0,45.16,0.0,0.88,0.0,0.0,0.0,30.96,0.0,62.93,73.48,100.0,48.59
2018-01-06 04:49:00,2,1,63.15,85.0,55.0,47.05,45.16,63.15,0.8,0.0,5.63,45.0,45.0,0.0,0.0,0.0,120.0,45.16,0.0,0.88,0.0,0.0,0.0,30.96,0.0,62.91,73.44,100.0,48.59
2018-01-06 04:50:00,2,1,63.14,85.0,55.0,47.05,45.15,63.14,0.8,0.0,5.63,45.0,45.0,0.0,0.0,0.0,120.0,45.15,0.0,0.88,0.0,0.0,0.0,30.96,0.0,62.89,73.4,100.0,48.58
2018-01-06 04:51:00,2,1,63.14,85.0,55.0,47.05,45.15,63.14,0.8,0.0,5.63,45.0,45.0,0.0,0.0,0.0,120.0,45.15,0.0,0.88,0.0,0.0,0.0,30.96,0.0,62.87,73.36,100.0,48.58
2018-01-06 04:52:00,2,1,63.13,85.0,55.0,47.04,45.15,63.13,0.8,0.0,5.63,45.0,45.0,0.0,0.0,0.0,120.0,45.15,0.0,0.88,0.0,0.0,0.0,30.95,0.0,62.86,73.32,100.0,48.57
2018-01-06 04:53:00,2,1,63.13,85.0,55.0,47.04,45.15,63.13,0.8,0.0,5.63,45.0,45.0,0.0,0.0,0.0,120.0,45.15,0.0,0.88,0.0,0.0,0.0,30.95,0.0,62.84,73.28,100.0,48.57
2018-01-06 04:54:00,2,1,63.12,85.0,55.0,47.03,45.15,63.12,0.8,0.0,5.63,45.0,45.0,0.0,0.0,0.0,120.0,45.15,0.0,0.88,0.0,0.0,0.0,30.95,0.0,62.82,73.24,100.0,48.56
2018-01-06 04:55:00,2,1,63.12,85.0,55.0,47.03,45.15,63.12,0.8,0.0,5.63,45.0,45.0,0.0,0.0,0.0,120.0,45.15,0.0,0.88,0.0,0.0,0.0,30.94,0.0,62.81,73.2,100.0,48.56
2018-01-06 04:56:00,2,1,63.11,85.0,55.0,47.03,45.15,63.11,0.8,0.0,5.63,45.0,45.0,0.0,0.0,0.0,120.0,45.15,0.0,0.88,0.0,0.0,0.0,30.94,0.0,62.79,73.16,100.0,48.55
2018-01-06 04:57:00,2,1,63.11,85.0,55.0,47.02,45.15,63.11,0.8,0.0,5.63,45.0,45.0,0.0,0.0,0.0,120.0,45.15,0.0,0.88,0.0,0.0,0.0,30.94,0.0,62.78,73.12,100.0,48.55
2018-01-06 04:58:00,2,1,63.1,85.0,55.0,47.02,45.14,63.1,0.8,0.0,5.63,45.0,45.0,0.0,0.0,0.0,120.0,45.14,0.0,0.88,0.0,0.0,0.0,30.93,0.0,62.76,73.08,100.0,48.54
2018-01-06 04:59:00,2,1,63.1,85.0,55.0,47.01,45.14,63.1,0.8,0.0,5.63,45.0,45.0,0.0,0.0,0.0,120.0,45.14,0.0,0.88,0.0,0.0,0.0,30.93,0.0,62.74,73.05,100.0,48.54
2018-01-06 05:00:00,2,1,63.09,85.0,55.0,47.01,45.14,63.09,0.8,0.0,5.63,45.0,45.0,0.0,0.0,0.0,120.0,45.14,0.0,0.88,0.0,0.0,0.0,30.92,0.0,62.73,73.01,100.0,48.53
2018-01-06 05:01:00,2,1,63.08,85.0,55.0,47.0,45.14,63.08,0.8,0.0,5.63,45.0,45.0,0.0,0.0,0.0,120.0,45.14,0.0,0.88,0.0,0.0,0.0,30.91,0.0,62.72,72.98,100.0,48.53
2018-01-06 05:02:00,2,1,63.08,85.0,55.0,46.99,45.14,63.08,0.8,0.0,5.63,45.0,45.0,0.0,0.0,0.0,120.0,45.14,0.0,0.88,0.0,0.0,0.0,30.9,0.0,62.71,72.96,100.0,48.52
2018-01-06 05:03:00,2,1,63.07,85.0,55.0,46.98,45.14,63.07,0.8,0.0,5.63,45.0,45.0,0.0,0.0,0.0,120.0,45.14,0.0,0.88,0.0,0.0,0.0,30.89,0.0,62.7,72.95,100.0,48.52
2018-01-06 05:04:00,2,1,63.07,85.0,55.0,46.97,45.14,63.07,0.8,0.0,5.63,45.0,45.0,0.0,0.0,0.0,120.0,45.14,0.0,0.88,0.0,0.0,0.0,30.87,0.0,62.69,72.93,100.0,48.51
2018-01-06 05:05:00,2,1,63.06,85.0,55.0,46.96,45.14,63.06,0.8,0.0,5.63,45.0,45.0,0.0,0.0,0.0,120.0,45.14,0.0,0.88,0.0,0.0,0.0,30.86,0.0,62.68,72.91,100.0,48.51
2018-01-06 05:06:00,2,1,63.06,85.0,55.0,46.95,45.13,63.06,0.8,0.0,5.63,45.0,45.0,0.0,0.0,0.0,120.0,45.13,0.0,0.88,0.0,0.0,0.0,30.85,0.0,62.67,72.89,100.0,48.5
2018-01-06 05:07:00,2,1,63.05,85.0,55.0,46.94,45.13,63.05,0.8,0.0,5.63,45.0,45.0,0.0,0.0,0.0,120.0,45.13,0.0,0.88,0.0,0.0,0.0,30.83,0.0,62.66,72.88,100.0,48.5
2018-01-06 05:08:00,2,1,63.05,85.0,55.0,46.93,45.13,63.05,0.8,0.0,5.63,45.0,45.0,0.0,0.0,0.0,120.0,45.13,0.0,0.88,0.0,0.0,0.0,30.82,0.0,62.65,72.86,100.0,48.49
2018-01-06 05:09:00,2,1,63.04,85.0,55.0,46.92,45.13,63.04,0.8,0.0,5.63,45.0,45.0,0.0,0.0,0.0,120.0,45.13,0.0,0.88,0.0,0.0,0.0,30.8,0.0,62.65,72.85,100.0,48.49
2018-01-06 05:10:00,2,1,63.03,85.0,55.0,46.91,45.13,63.03,0.8,0.0,5.63,45.0,45.0,0.0,0.0,0.0,120.0,45.13,0.0,0.88,0.0,0.0,0.0,30.79,0.0,62.64,72.83,100.0,48.48
2018-01-06 05:11:00,2,1,63.03,85.0,55.0,46.9,45.13,63.03,0.8,0.0,5.63,45.0,45.0,0.0,0.0,0.0,120.0,45.13,0.0,0.88,0.0,0.0,0.0,30.78,0.0,62.63,72.82,100.0,48.48
2018-01-06 05:12:00,2,1,63.02,85.0,55.0,46.89,45.13,63.02,0.8,0.0,5.63,45.0,45.0,0.0,0.0,0.0,120.0,45.13,0.0,0.88,0.0,0.0,0.0,30.76,0.0,62.62,72.8,100.0,48.48
2018-01-06 05:13:00,2,1,63.02,85.0,55.0,46.88,45.13,63.02,0.8,0.0,5.63,45.0,45.0,0.0,0.0,0.0,120.0,45.13,0.0,0.88,0.0,0.0,0.0,30.75,0.0,62.62,72.79,100.0,48.47
2018-01-06 05:14:00,2,1,63.01,85.0,55.0,46.87,45.12,63.01,0.8,0.0,5.63,45.0,45.0,0.0,0.0,0.0,120.0,45.12,0.0,0.88,0.0,0.0,0.0,30.73,0.0,62.61,72.77,100.0,48.47
2018-01-06 05:15:00,2,1,63.01,85.0,55.0,46.86,45.12,63.01,0.8,0.0,5.63,45.0,45.0,0.0,0.0,0.0,120.0,45.12,0.0,0.88,0.0,0.0,0.0,30.72,0.0,62.6,72.76,100.0,48.46
2018-01-06 05:16:00,2,1,63.0,85.0,55.0,46.85,45.12,63.0,0.8,0.0,5.63,45.0,45.0,0.0,0.0,0.0,120.0,45.12,0.0,0.88,0.0,0.0,0.0,30.7,0.0,62.59,72.75,100.0,48.46
2018-01-06 05:17:00,2,1,62.99,85.0,55.0,46.84,45.12,62.99,0.8,0.0,5.63,45.0,45.0,0.0,0.0,0.0,120.0,45.12,0.0,0.88,0.0,0.0,0.0,30.69,0.0,62.59,72.73,100.0,48.45
2018-01-06 05:18:00,2,1,62.99,85.0,55.0,46.83,45.12,62.99,0.8,0.0,5.63,45.0,45.0,0.0,0.0,0.0,120.0,45.12,0.0,0.88,0.0,0.0,0.0,30.67,0.0,62.58,72.72,100.0,48.45
2018-01-06 05:19:00,2,1,62.98,85.0,55.0,46.82,45.12,62.98,0.8,0.0,5.63,45.0,45.0,0.0,0.0,0.0,120.0,45.12,0.0,0.88,0.0,0.0,0.0,30.65,0.0,62.57,72.71,100.0,48.45
2018-01-06 05:20:00,2,1,62.98,85.0,55.0,46.81,45.12,62.98,0.8,0.0,5.63,45.0,45.0,0.0,0.0,0.0,120.0,45.12,0.0,0.88,0.0,0.0,0.0,30.64,0.0,62.56,72.69,100.0,48.44
2018-01-06 05:21:00,2,1,62.97,85.0,55.0,46.8,45.12,62.97,0.8,0.0,5.63,45.0,45.0,0.0,0.0,0.0,120.0,45.12,0.0,0.88,0.0,0.0,0.0,30.62,0.0,62.56,72.68,100.0,48.44
2018-01-06 05:22:00,2,1,62.96,85.0,55.0,46.79,45.12,62.96,0.8,0.0,5.63,45.0,45.0,0.0,0.0,0.0,120.0,45.12,0.0,0.88,0.0,0.0,0.0,30.61,0.0,62.55,72.67,100.0,48.43
2018-01-06 05:23:00,2,1,62.96,85.0,55.0,46.77,45.11,62.96,0.8,0.0,5.63,45.0,45.0,0.0,0.0,0.0,120.0,45.11,0.0,0.88,0.0,0.0,0.0,30.59,0.0,62.54,72.66,100.0,48.43
2018-01-06 05:24:00,2,1,62.95,85.0,55.0,46.76,45.11,62.95,0.8,0.0,5.63,45.0,45.0,0.0,0.0,0.0,120.0,45.11,0.0,0.88,0.0,0.0,0.0,30.57,0.0,62.54,72.64,100.0,48.43
2018-01-06 05:25:00,2,1,62.95,85.0,55.0,46.75,45.11,62.95,0.8,0.0,5.63,45.0,45.0,0.0,0.0,0.0,120.0,45.11,0.0,0.88,0.0,0.0,0.0,30.56,0.0,62.53,72.63,100.0,48.42
2018-01-06 05:26:00,2,1,62.94,85.0,55.0,46.74,45.11,62.94,0.8,0.0,5.63,45.0,45.0,0.0,0.0,0.0,120.0,45.11,0.0,0.88,0.0,0.0,0.0,30.54,0.0,62.52,72.62,100.0,48.42
2018-01-06 05:27:00,2,1,62.93,85.0,55.0,46.73,45.11,62.93,0.8,0.0,5.63,45.0,45.0,0.0,0.0,0.0,120.0,45.11,0.0,0.88,0.0,0.0,0.0,30.53,0.0,62.52,72.61,100.0,48.41
2018-01-06 05:28:00,2,1,62.93,85.0,55.0,46.72,45.11,62.93,0.8,0.0,5.63,45.0,45.0,0.0,0.0,0.0,120.0,45.11,0.0,0.88,0.0,0.0,0.0,30.51,0.0,62.51,72.59,100.0,48.41
2018-01-06 05:29:00,2,1,62.92,85.0,55.0,46.71,45.11,62.92,0.8,0.0,5.63,45.0,45.0,0.0,0.0,0.0,120.0,45.11,0.0,0.88,0.0,0.0,0.0,30.49,0.0,62.5,72.58,100.0,48.41
2018-01-06 05:30:00,2,1,62.92,85.0,55.0,46.7,45.11,62.92,0.8,0.0,5.63,45.0,45.0,0.0,0.0,0.0,120.0,45.11,0.0,0.88,0.0,0.0,0.0,30.48,0.0,62.5,72.57,100.0,48.4
2018-01-06 05:31:00,2,1,62.91,85.0,55.0,46.69,45.11,62.91,0.8,0.0,5.63,45.0,45.0,0.0,0.0,0.0,120.0,45.11,0.0,0.88,0.0,0.0,0.0,30.46,0.0,62.49,72.55,100.0,48.4
2018-01-06 05:32:00,2,1,62.9,85.0,55.0,46.67,45.11,62.9,0.8,0.0,5.63,45.0,45.0,0.0,0.0,0.0,120.0,45.11,0.0,0.88,0.0,0.0,0.0,30.44,0.0,62.48,72.54,100.0,48.4
2018-01-06 05:33:00,2,1,62.9,85.0,55.0,46.66,45.1,62.9,0.8,0.0,5.63,45.0,45.0,0.0,0.0,0.0,120.0,45.1,0.0,0.88,0.0,0.0,0.0,30.43,0.0,62.48,72.53,100.0,48.39
2018-01-06 05:34:00,2,1,62.89,85.0,55.0,46.65,45.1,62.89,0.8,0.0,5.63,45.0,45.0,0.0,0.0,0.0,120.0,45.1,0.0,0.88,0.0,0.0,0.0,30.41,0.0,62.47,72.51,100.0,48.39
2018-01-06 05:35:00,2,1,62.89,85.0,55.0,46.64,45.1,62.89,0.8,0.0,5.63,45.0,45.0,0.0,0.0,0.0,120.0,45.1,0.0,0.88,0.0,0.0,0.0,30.4,0.0,62.46,72.5,100.0,48.38
2018-01-06 05:36:00,2,1,62.88,85.0,55.0,46.63,45.1,62.88,0.8,0.0,5.63,45.0,45.0,0.0,0.0,0.0,120.0,45.1,0.0,0.88,0.0,0.0,0.0,30.38,0.0,62.46,72.49,100.0,48.38
2018-01-06 05:37:00,2,1,62.87,85.0,55.0,46.62,45.1,62.87,0.8,0.0,5.63,45.0,45.0,0.0,0.0,0.0,120.0,45.1,0.0,0.88,0.0,0.0,0.0,30.36,0.0,62.45,72.47,100.0,48.38
2018-01-06 05:38:00,2,1,62.87,85.0,55.0,46.61,45.1,62.87,0.8,0.0,5.63,45.0,45.0,0.0,0.0,0.0,120.0,45.1,0.0,0.88,0.0,0.0,0.0,30.35,0.0,62.44,72.46,100.0,48.37
2018-01-06 05:39:00,2,1,62.86,85.0,55.0,46.6,45.1,62.86,0.8,0.0,5.63,45.0,45.0,0.0,0.0,0.0,120.0,45.1,0.0,0.88,0.0,0.0,0.0,30.33,0.0,62.44,72.44,100.0,48.37
2018-01-06 05:40:00,2,1,62.86,85.0,55.0,46.59,45.1,62.86,0.8,0.0,5.63,45.0,45.0,0.0,0.0,0.0,120.0,45.1,0.0,0.88,0.0,0.0,0.0,30.32,0.0,62.43,72.43,100.0,48.36
2018-01-06 05:41:00,2,1,62.85,85.0,55.0,46.57,45.1,62.85,0.8,0.0,5.63,45.0,45.0,0.0,0.0,0.0,120.0,45.1,0.0,0.88,0.0,0.0,0.0,30.3,0.0,62.42,72.41,100.0,48.36
2018-01-06 05:42:00,2,1,62.84,85.0,55.0,46.56,45.1,62.84,0.8,0.0,5.63,45.0,45.0,0.0,0.0,0.0,120.0,45.1,0.0,0.88,0.0,0.0,0.0,30.28,0.0,62.41,72.4,100.0,48.36
2018-01-06 05:43:00,2,1,62.84,85.0,55.0,46.55,45.1,62.84,0.8,0.0,5.63,45.0,45.0,0.0,0.0,0.0,120.0,45.1,0.0,0.88,0.0,0.0,0.0,30.27,0.0,62.41,72.38,100.0,48.35
2018-01-06 05:44:00,2,1,62.83,85.0,55.0,46.54,45.09,62.83,0.8,0.0,5.63,45.0,45.0,0.0,0.0,0.0,120.0,45.09,0.0,0.88,0.0,0.0,0.0,30.25,0.0,62.4,72.36,100.0,48.35
2018-01-06 05:45:00,2,1,62.82,85.0,55.0,46.53,45.09,62.82,0.8,0.0,5.63,45.0,45.0,0.0,0.0,0.0,120.0,45.09,0.0,0.88,0.0,0.0,0.0,30.24,0.0,62.39,72.35,100.0,48.35
2018-01-06 05:46:00,2,1,62.82,85.0,55.0,46.52,45.09,62.82,0.8,0.0,5.63,45.0,45.0,0.0,0.0,0.0,120.0,45.09,0.0,0.88,0.0,0.0,0.0,30.22,0.0,62.38,72.33,100.0,48.34
2018-01-06 05:47:00,2,1,62.81,85.0,55.0,46.51,45.09,62.81,0.8,0.0,5.63,45.0,45.0,0.0,0.0,0.0,120.0,45.09,0.0,0.88,0.0,0.0,0.0,30.21,0.0,62.37,72.31,100.0,48.34
2018-01-06 05:48:00,2,1,62.81,85.0,55.0,46.5,45.09,62.81,0.8,0.0,5.63,45.0,45.0,0.0,0.0,0.0,120.0,45.09,0.0,0.88,0.0,0.0,0.0,30.19,0.0,62.36,72.29,100.0,48.33
2018-01-06 05:49:00,2,1,62.8,85.0,55.0,46.49,45.09,62.8,0.8,0.0,5.63,45.0,45.0,0.0,0.0,0.0,120.0,45.09,0.0,0.88,0.0,0.0,0.0,30.18,0.0,62.36,72.27,100.0,48.33
2018-01-06 05:50:00,2,1,62.79,85.0,55.0,46.48,45.09,62.79,0.8,0.0,5.63,45.0,45.0,0.0,0.0,0.0,120.0,45.09,0.0,0.88,0.0,0.0,0.0,30.16,0.0,62.35,72.25,100.0,48.33
2018-01-06 05:51:00,2,1,62.79,85.0,55.0,46.47,45.09,62.79,0.8,0.0,5.63,45.0,45.0,0.0,0.0,0.0,120.0,45.09,0.0,0.88,0.0,0.0,0.0,30.15,0.0,62.34,72.23,100.0,48.32
2018-01-06 05:52:00,2,1,62.78,85.0,55.0,46.46,45.09,62.78,0.8,0.0,5.63,45.0,45.0,0.0,0.0,0.0,120.0,45.09,0.0,0.88,0.0,0.0,0.0,30.13,0.0,62.33,72.21,100.0,48.32
2018-01-06 05:53:00,2,1,62.78,85.0,55.0,46.45,45.09,62.78,0.8,0.0,5.63,45.0,45.0,0.0,0.0,0.0,120.0,45.09,0.0,0.88,0.0,0.0,0.0,30.12,0.0,62.32,72.19,100.0,48.31
2018-01-06 05:54:00,2,1,62.77,85.0,55.0,46.44,45.09,62.77,0.8,0.0,5.63,45.0,45.0,0.0,0.0,0.0,120.0,45.09,0.0,0.88,0.0,0.0,0.0,30.11,0.0,62.31,72.17,100.0,48.31
2018-01-06 05:55:00,2,1,62.76,85.0,55.0,46.43,45.09,62.76,0.8,0.0,5.63,45.0,45.0,0.0,0.0,0.0,120.0,45.09,0.0,0.88,0.0,0.0,0.0,30.09,0.0,62.3,72.14,100.0,48.31
2018-01-06 05:56:00,2,1,62.76,85.0,55.0,46.42,45.08,62.76,0.8,0.0,5.63,45.0,45.0,0.0,0.0,0.0,120.0,45.08,0.0,0.88,0.0,0.0,0.0,30.08,0.0,62.29,72.12,100.0,48.3
2018-01-06 05:57:00,2,1,62.75,85.0,55.0,46.41,45.08,62.75,0.8,0.0,5.63,45.0,45.0,0.0,0.0,0.0,120.0,45.08,0.0,0.88,0.0,0.0,0.0,30.06,0.0,62.28,72.09,100.0,48.3
2018-01-06 05:58:00,2,1,62.75,85.0,55.0,46.4,45.08,62.75,0.8,0.0,5.63,45.0,45.0,0.0,0.0,0.0,120.0,45.08,0.0,0.88,0.0,0.0,0.0,30.05,0.0,62.27,72.07,100.0,48.29
2018-01-06 05:59:00,2,1,62.74,85.0,55.0,46.39,45.08,62.74,0.8,0.0,5.63,45.0,45.0,0.0,0.0,0.0,120.0,45.08,0.0,0.88,0.0,0.0,0.0,30.04,0.0,62.26,72.04,100.0,48.29
2018-01-06 06:00:00,2,1,62.73,85.0,55.0,46.38,45.08,62.73,0.8,0.0,5.63,45.0,45.0,0.0,0.0,0.0,120.0,45.08,0.0,0.88,0.0,0.0,0.0,30.03,0.0,62.25,72.02,100.0,48.29
2018-01-06 06:01:00,2,1,62.73,85.0,55.0,46.37,45.08,62.73,0.8,0.0,5.63,45.0,45.0,0.0,0.0,0.0,120.0,45.08,0.0,0.88,0.0,0.0,0.0,30.02,0.0,62.23,71.97,100.0,48.28
2018-01-06 06:02:00,2,1,62.72,85.0,55.0,46.37,45.08,62.72,0.8,0.0,5.63,45.0,45.0,0.0,0.0,0.0,120.0,45.08,0.0,0.88,0.0,0.0,0.0,30.02,0.0,62.21,71.9,100.0,48.28
2018-01-06 06:03:00,2,1,62.72,85.0,55.0,46.37,45.08,62.72,0.8,0.0,5.63,45.0,45.0,0.0,0.0,0.0,120.0,45.08,0.0,0.88,0.0,0.0,0.0,30.02,0.0,62.18,71.84,100.0,48.27
2018-01-06 06:04:00,2,1,62.71,85.0,55.0,46.36,45.08,62.71,0.8,0.0,5.63,45.0,45.0,0.0,0.0,0.0,120.0,45.08,0.0,0.88,0.0,0.0,0.0,30.01,0.0,62.16,71.77,100.0,48.27
2018-01-06 06:05:00,2,1,62.7,85.0,55.0,46.36,45.08,62.7,0.8,0.0,5.63,45.0,45.0,0.0,0.0,0.0,120.0,45.08,0.0,0.88,0.0,0.0,0.0,30.01,0.0,62.14,71.7,100.0,48.26
2018-01-06 06:06:00,2,1,62.7,85.0,55.0,46.36,45.08,62.7,0.8,0.0,5.63,45.0,45.0,0.0,0.0,0.0,120.0,45.08,0.0,0.88,0.0,0.0,0.0,30.01,0.0,62.11,71.63,100.0,48.26
2018-01-06 06:07:00,2,1,62.69,85.0,55.0,46.35,45.08,62.69,0.8,0.0,5.63,45.0,45.0,0.0,0.0,0.0,120.0,45.08,0.0,0.88,0.0,0.0,0.0,30.01,0.0,62.09,71.56,100.0,48.25
2018-01-06 06:08:00,2,1,62.69,85.0,55.0,46.35,45.08,62.69,0.8,0.0,5.63,45.0,45.0,0.0,0.0,0.0,120.0,45.08,0.0,0.88,0.0,0.0,0.0,30.01,0.0,62.07,71.49,100.0,48.25
2018-01-06 06:09:00,2,1,62.68,85.0,55.0,46.35,45.08,62.68,0.8,0.0,5.63,45.0,45.0,0.0,0.0,0.0,120.0,45.08,0.0,0.88,0.0,0.0,0.0,30.01,0.0,62.04,71.42,100.0,48.25
2018-01-06 06:10:00,2,1,62.68,85.0,55.0,46.34,45.07,62.68,0.8,0.0,5.63,45.0,45.0,0.0,0.0,0.0,120.0,45.07,0.0,0.88,0.0,0.0,0.0,30.01,0.0,62.02,71.35,100.0,48.24
2018-01-06 06:11:00,2,1,62.67,85.0,55.0,46.34,45.07,62.67,0.8,0.0,5.63,45.0,45.0,0.0,0.0,0.0,120.0,45.07,0.0,0.88,0.0,0.0,0.0,30.01,0.0,61.99,71.28,100.0,48.24
2018-01-06 06:12:00,2,1,62.66,85.0,55.0,46.34,45.07,62.66,0.8,0.0,5.63,45.0,45.0,0.0,0.0,0.0,120.0,45.07,0.0,0.88,0.0,0.0,0.0,30.01,0.0,61.97,71.21,100.0,48.23
2018-01-06 06:13:00,2,1,62.66,85.0,55.0,46.34,45.07,62.66,0.8,0.0,5.63,45.0,45.0,0.0,0.0,0.0,120.0,45.07,0.0,0.88,0.0,0.0,0.0,30.01,0.0,61.94,71.14,100.0,48.22
2018-01-06 06:14:00,2,1,62.65,85.0,55.0,46.33,45.07,62.65,0.8,0.0,5.63,45.0,45.0,0.0,0.0,0.0,120.0,45.07,0.0,0.88,0.0,0.0,0.0,30.01,0.0,61.91,71.07,100.0,48.22
2018-01-06 06:15:00,2,1,62.65,85.0,55.0,46.33,45.07,62.65,0.8,0.0,5.63,45.0,45.0,0.0,0.0,0.0,120.0,45.07,0.0,0.88,0.0,0.0,0.0,30.01,0.0,61.89,71.0,100.0,48.21
2018-01-06 06:16:00,2,1,62.64,85.0,55.0,46.33,45.07,62.64,0.8,0.0,5.63,45.0,45.0,0.0,0.0,0.0,120.0,45.07,0.0,0.88,0.0,0.0,0.0,30.01,0.0,61.86,70.92,100.0,48.21
2018-01-06 06:17:00,2,1,62.64,85.0,55.0,46.33,45.07,62.64,0.8,0.0,5.63,45.0,45.0,0.0,0.0,0.0,120.0,45.07,0.0,0.88,0.0,0.0,0.0,30.01,0.0,61.84,70.85,100.0,48.2
2018-01-06 06:18:00,2,1,62.63,85.0,55.0,46.32,45.07,62.63,0.8,0.0,5.63,45.0,45.0,0.0,0.0,0.0,120.0,45.07,0.0,0.88,0.0,0.0,0.0,30.02,0.0,61.81,70.78,100.0,48.2
2018-01-06 06:19:00,2,1,62.63,85.0,55.0,46.32,45.07,62.63,0.8,0.0,5.63,45.0,45.0,0.0,0.0,0.0,120.0,45.07,0.0,0.88,0.0,0.0,0.0,30.02,0.0,61.78,70.7,100.0,48.19
2018-01-06 06:20:00,2,1,62.62,85.0,55.0,46.32,45.07,62.62,0.8,0.0,5.63,45.0,45.0,0.0,0.0,0.0,120.0,45.07,0.0,0.88,0.0,0.0,0.0,30.02,0.0,61.76,70.63,100.0,48.19
2018-01-06 06:21:00,2,1,62.62,85.0,55.0,46.32,45.07,62.62,0.8,0.0,5.63,45.0,45.0,0.0,0.0,0.0,120.0,45.07,0.0,0.88,0.0,0.0,0.0,30.02,0.0,61.73,70.56,100.0,48.18
2018-01-06 06:22:00,2,1,62.61,85.0,55.0,46.32,45.07,62.61,0.8,0.0,5.63,45.0,45.0,0.0,0.0,0.0,120.0,45.07,0.0,0.88,0.0,0.0,0.0,30.02,0.0,61.71,70.48,100.0,48.18
2018-01-06 06:23:00,2,1,62.61,85.0,55.0,46.31,45.07,62.61,0.8,0.0,5.63,45.0,45.0,0.0,0.0,0.0,120.0,45.07,0.0,0.88,0.0,0.0,0.0,30.02,0.0,61.68,70.41,100.0,48.17
2018-01-06 06:24:00,2,1,62.6,85.0,55.0,46.31,45.07,62.6,0.8,0.0,5.63,45.0,45.0,0.0,0.0,0.0,120.0,45.07,0.0,0.88,0.0,0.0,0.0,30.02,0.0,61.65,70.34,100.0,48.17
2018-01-06 06:25:00,2,1,62.6,85.0,55.0,46.31,45.07,62.6,0.8,0.0,5.63,45.0,45.0,0.0,0.0,0.0,120.0,45.07,0.0,0.88,0.0,0.0,0.0,30.02,0.0,61.63,70.26,100.0,48.16
2018-01-06 06:26:00,2,1,62.59,85.0,55.0,46.31,45.06,62.59,0.8,0.0,5.63,45.0,45.0,0.0,0.0,0.0,120.0,45.06,0.0,0.88,0.0,0.0,0.0,30.03,0.0,61.6,70.19,100.0,48.15
2018-01-06 06:27:00,2,1,62.59,85.0,55.0,46.31,45.06,62.59,0.8,0.0,5.63,45.0,45.0,0.0,0.0,0.0,120.0,45.06,0.0,0.88,0.0,0.0,0.0,30.03,0.0,61.57,70.12,100.0,48.15
2018-01-06 06:28:00,2,1,62.58,85.0,55.0,46.3,45.06,62.58,0.8,0.0,5.63,45.0,45.0,0.0,0.0,0.0,120.0,45.06,0.0,0.88,0.0,0.0,0.0,30.03,0.0,61.55,70.04,100.0,48.14
2018-01-06 06:29:00,2,1,62.58,85.0,55.0,46.3,45.06,62.58,0.8,0.0,5.63,45.0,45.0,0.0,0.0,0.0,120.0,45.06,0.0,0.88,0.0,0.0,0.0,30.03,0.0,61.52,69.97,100.0,48.14
2018-01-06 06:30:00,2,1,62.57,85.0,55.0,46.3,45.06,62.57,0.8,0.0,5.63,45.0,45.0,0.0,0.0,0.0,120.0,45.06,0.0,0.88,0.0,0.0,0.0,30.03,0.0,61.5,69.9,100.0,48.13
2018-01-06 06:31:00,2,1,62.56,85.0,55.0,46.3,45.06,62.56,0.8,0.0,5.63,45.0,45.0,0.0,0.0,0.0,120.0,45.06,0.0,0.88,0.0,0.0,0.0,30.03,0.0,61.47,69.83,100.0,48.13
2018-01-06 06:32:00,2,1,62.56,85.0,55.0,46.3,45.06,62.56,0.8,0.0,5.63,45.0,45.0,0.0,0.0,0.0,120.0,45.06,0.0,0.88,0.0,0.0,0.0,30.03,0.0,61.44,69.76,100.0,48.12
2018-01-06 06:33:00,2,1,62.55,85.0,55.0,46.29,45.06,62.55,0.8,0.0,5.63,45.0,45.0,0.0,0.0,0.0,120.0,45.06,0.0,0.88,0.0,0.0,0.0,30.03,0.0,61.42,69.68,100.0,48.11
2018-01-06 06:34:00,2,1,62.55,85.0,55.0,46.29,45.06,62.55,0.8,0.0,5.63,45.0,45.0,0.0,0.0,0.0,120.0,45.06,0.0,0.88,0.0,0.0,0.0,30.04,0.0,61.39,69.61,100.0,48.11
2018-01-06 06:35:00,2,1,62.54,85.0,55.0,46.29,45.06,62.54,0.8,0.0,5.63,45.0,45.0,0.0,0.0,0.0,120.0,45.06,0.0,0.88,0.0,0.0,0.0,30.04,0.0,61.37,69.54,100.0,48.1
2018-01-06 06:36:00,2,1,62.54,85.0,55.0,46.29,45.06,62.54,0.8,0.0,5.63,45.0,45.0,0.0,0.0,0.0,120.0,45.06,0.0,0.88,0.0,0.0,0.0,30.04,0.0,61.34,69.47,100.0,48.1
2018-01-06 06:37:00,2,1,62.53,85.0,55.0,46.29,45.06,62.53,0.8,0.0,5.63,45.0,45.0,0.0,0.0,0.0,120.0,45.06,0.0,0.88,0.0,0.0,0.0,30.04,0.0,61.31,69.4,100.0,48.09
2018-01-06 06:38:00,2,1,62.53,85.0,55.0,46.28,45.06,62.53,0.8,0.0,5.63,45.0,45.0,0.0,0.0,0.0,120.0,45.06,0.0,0.88,0.0,0.0,0.0,30.04,0.0,61.29,69.33,100.0,48.08
2018-01-06 06:39:00,2,1,62.52,85.0,55.0,46.28,45.06,62.52,0.8,0.0,5.63,45.0,45.0,0.0,0.0,0.0,120.0,45.06,0.0,0.88,0.0,0.0,0.0,30.04,0.0,61.26,69.27,100.0,48.08
2018-01-06 06:40:00,2,1,62.52,85.0,55.0,46.28,45.06,62.52,0.8,0.0,5.63,45.0,45.0,0.0,0.0,0.0,120.0,45.06,0.0,0.88,0.0,0.0,0.0,30.04,0.0,61.24,69.2,100.0,48.07
2018-01-06 06:41:00,2,1,62.51,85.0,55.0,46.28,45.06,62.51,0.8,0.0,5.63,45.0,45.0,0.0,0.0,0.0,120.0,45.06,0.0,0.88,0.0,0.0,0.0,30.04,0.0,61.21,69.13,100.0,48.07
2018-01-06 06:42:00,2,1,62.51,85.0,55.0,46.28,45.06,62.51,0.8,0.0,5.63,45.0,45.0,0.0,0.0,0.0,120.0,45.06,0.0,0.88,0.0,0.0,0.0,30.04,0.0,61.19,69.06,100.0,48.06
2018-01-06 06:43:00,2,1,62.5,85.0,55.0,46.27,45.05,62.5,0.8,0.0,5.63,45.0,45.0,0.0,0.0,0.0,120.0,45.05,0.0,0.88,0.0,0.0,0.0,30.04,0.0,61.16,69.0,100.0,48.05
2018-01-06 06:44:00,2,1,62.5,85.0,55.0,46.27,45.05,62.5,0.8,0.0,5.63,45.0,45.0,0.0,0.0,0.0,120.0,45.05,0.0,0.88,0.0,0.0,0.0,30.04,0.0,61.14,68.93,100.0,48.05
2018-01-06 06:45:00,2,1,62.49,85.0,55.0,46.27,45.05,62.49,0.8,0.0,5.63,45.0,45.0,0.0,0.0,0.0,120.0,45.05,0.0,0.88,0.0,0.0,0.0,30.04,0.0,61.12,68.87,100.0,48.04
2018-01-06 06:46:00,2,1,62.49,85.0,55.0,46.27,45.05,62.49,0.8,0.0,5.63,45.0,45.0,0.0,0.0,0.0,120.0,45.05,0.0,0.88,0.0,0.0,0.0,30.04,0.0,61.09,68.81,100.0,48.04
2018-01-06 06:47:00,2,1,62.48,85.0,55.0,46.26,45.05,62.48,0.8,0.0,5.63,45.0,45.0,0.0,0.0,0.0,120.0,45.05,0.0,0.88,0.0,0.0,0.0,30.04,0.0,61.07,68.74,100.0,48.03
2018-01-06 06:48:00,2,1,62.48,85.0,55.0,46.26,45.05,62.48,0.8,0.0,5.63,45.0,45.0,0.0,0.0,0.0,120.0,45.05,0.0,0.88,0.0,0.0,0.0,30.04,0.0,61.04,68.68,100.0,48.02
2018-01-06 06:49:00,2,1,62.47,85.0,55.0,46.26,45.05,62.47,0.8,0.0,5.63,45.0,45.0,0.0,0.0,0.0,120.0,45.05,0.0,0.88,0.0,0.0,0.0,30.04,0.0,61.02,68.62,100.0,48.02
2018-01-06 06:50:00,2,1,62.47,85.0,55.0,46.26,45.05,62.47,0.8,0.0,5.63,45.0,45.0,0.0,0.0,0.0,120.0,45.05,0.0,0.88,0.0,0.0,0.0,30.04,0.0,61.0,68.56,100.0,48.01
2018-01-06 06:51:00,2,1,62.46,85.0,55.0,46.25,45.05,62.46,0.8,0.0,5.63,45.0,45.0,0.0,0.0,0.0,120.0,45.05,0.0,0.88,0.0,0.0,0.0,30.04,0.0,60.98,68.5,100.0,48.01
2018-01-06 06:52:00,2,1,62.46,85.0,55.0,46.25,45.05,62.46,0.8,0.0,5.63,45.0,45.0,0.0,0.0,0.0,120.0,45.05,0.0,0.88,0.0,0.0,0.0,30.04,0.0,60.95,68.45,100.0,48.0
2018-01-06 06:53:00,2,1,62.45,85.0,55.0,46.25,45.05,62.45,0.8,0.0,5.63,45.0,45.0,0.0,0.0,0.0,120.0,45.05,0.0,0.88,0.0,0.0,0.0,30.04,0.0,60.93,68.39,100.0,47.99
2018-01-06 06:54:00,2,1,62.45,85.0,55.0,46.24,45.05,62.45,0.8,0.0,5.63,45.0,45.0,0.0,0.0,0.0,120.0,45.05,0.0,0.88,0.0,0.0,0.0,30.04,0.0,60.91,68.33,100.0,47.99
2018-01-06 06:55:00,2,1,62.44,85.0,55.0,46.24,45.05,62.44,0.8,0.0,5.63,45.0,45.0,0.0,0.0,0.0,120.0,45.05,0.0,0.88,0.0,0.0,0.0,30.03,0.0,60.89,68.28,100.0,47.98
2018-01-06 06:56:00,2,1,62.44,85.0,55.0,46.24,45.05,62.44,0.8,0.0,5.63,45.0,45.0,0.0,0.0,0.0,120.0,45.05,0.0,0.88,0.0,0.0,0.0,30.03,0.0,60.87,68.23,100.0,47.98
2018-01-06 06:57:00,2,1,62.43,85.0,55.0,46.23,45.05,62.43,0.8,0.0,5.63,45.0,45.0,0.0,0.0,0.0,120.0,45.05,0.0,0.88,0.0,0.0,0.0,30.03,0.0,60.85,68.17,100.0,47.97
2018-01-06 06:58:00,2,1,62.43,85.0,55.0,46.23,45.05,62.43,0.8,0.0,5.63,45.0,45.0,0.0,0.0,0.0,120.0,45.05,0.0,0.88,0.0,0.0,0.0,30.03,0.0,60.83,68.12,100.0,47.97
2018-01-06 06:59:00,2,1,62.42,85.0,55.0,46.22,45.05,62.42,0.8,0.0,5.63,45.0,45.0,0.0,0.0,0.0,120.0,45.05,0.0,0.88,0.0,0.0,0.0,30.02,0.0,60.81,68.07,100.0,47.96
2018-01-06 07:00:00,2,1,62.42,85.0,55.0,46.22,45.05,62.42,0.8,0.0,5.63,45.0,45.0,0.0,0.0,0.0,120.0,45.05,0.0,0.88,0.0,0.0,0.0,30.02,0.0,60.79,68.02,100.0,47.95
2018-01-06 07:01:00,2,1,62.41,85.0,55.0,46.21,45.05,62.41,0.8,0.0,5.63,45.0,45.0,0.0,0.0,0.0,120.0,45.05,0.0,0.88,0.0,0.0,0.0,30.01,0.0,60.78,68.01,100.0,47.95
2018-01-06 07:02:00,2,1,62.41,85.0,55.0,46.2,45.05,62.41,0.8,0.0,5.63,45.0,45.0,0.0,0.0,0.0,120.0,45.05,0.0,0.88,0.0,0.0,0.0,30.0,0.0,60.77,68.01,100.0,47.94
2018-01-06 07:03:00,2,1,62.4,85.0,55.0,46.19,45.05,62.4,0.8,0.0,5.63,45.0,45.0,0.0,0.0,0.0,120.0,45.05,0.0,0.88,0.0,0.0,0.0,29.98,0.0,60.77,68.01,100.0,47.94
2018-01-06 07:04:00,2,1,62.4,85.0,55.0,46.18,45.05,62.4,0.8,0.0,5.63,45.0,45.0,0.0,0.0,0.0,120.0,45.05,0.0,0.88,0.0,0.0,0.0,29.97,0.0,60.77,68.02,100.0,47.93
2018-01-06 07:05:00,2,1,62.39,85.0,55.0,46.17,45.04,62.39,0.8,0.0,5.63,45.0,45.0,0.0,0.0,0.0,120.0,45.04,0.0,0.88,0.0,0.0,0.0,29.95,0.0,60.76,68.02,100.0,47.93
2018-01-06 07:06:00,2,1,62.39,85.0,55.0,46.16,45.04,62.39,0.8,0.0,5.63,45.0,45.0,0.0,0.0,0.0,120.0,45.04,0.0,0.88,0.0,0.0,0.0,29.93,0.0,60.76,68.03,100.0,47.92
2018-01-06 07:07:00,2,1,62.38,85.0,55.0,46.15,45.04,62.38,0.8,0.0,5.63,45.0,45.0,0.0,0.0,0.0,120.0,45.04,0.0,0.88,0.0,0.0,0.0,29.92,0.0,60.76,68.04,100.0,47.92
2018-01-06 07:08:00,2,1,62.37,85.0,55.0,46.14,45.04,62.37,0.8,0.0,5.63,45.0,45.0,0.0,0.0,0.0,120.0,45.04,0.0,0.88,0.0,0.0,0.0,29.9,0.0,60.76,68.05,100.0,47.91
2018-01-06 07:09:00,2,1,62.37,85.0,55.0,46.12,45.04,62.37,0.8,0.0,5.63,45.0,45.0,0.0,0.0,0.0,120.0,45.04,0.0,0.88,0.0,0.0,0.0,29.88,0.0,60.76,68.06,100.0,47.91
2018-01-06 07:10:00,2,1,62.36,85.0,55.0,46.11,45.04,62.36,0.8,0.0,5.63,45.0,45.0,0.0,0.0,0.0,120.0,45.04,0.0,0.88,0.0,0.0,0.0,29.86,0.0,60.76,68.07,100.0,47.9
2018-01-06 07:11:00,2,1,62.36,85.0,55.0,46.1,45.04,62.36,0.8,0.0,5.63,45.0,45.0,0.0,0.0,0.0,120.0,45.04,0.0,0.88,0.0,0.0,0.0,29.85,0.0,60.76,68.08,100.0,47.9
2018-01-06 07:12:00,2,1,62.35,85.0,55.0,46.09,45.04,62.35,0.8,0.0,5.63,45.0,45.0,0.0,0.0,0.0,120.0,45.04,0.0,0.88,0.0,0.0,0.0,29.83,0.0,60.76,68.1,100.0,47.89
2018-01-06 07:13:00,2,1,62.34,85.0,55.0,46.08,45.04,62.34,0.8,0.0,5.63,45.0,45.0,0.0,0.0,0.0,120.0,45.04,0.0,0.88,0.0,0.0,0.0,29.81,0.0,60.76,68.11,100.0,47.89
2018-01-06 07:14:00,2,1,62.34,85.0,55.0,46.07,45.04,62.34,0.8,0.0,5.63,45.0,45.0,0.0,0.0,0.0,120.0,45.04,0.0,0.88,0.0,0.0,0.0,29.79,0.0,60.76,68.13,100.0,47.88
2018-01-06 07:15:00,2,1,62.33,85.0,55.0,46.05,45.04,62.33,0.8,0.0,5.63,45.0,45.0,0.0,0.0,0.0,120.0,45.04,0.0,0.88,0.0,0.0,0.0,29.78,0.0,60.76,68.14,100.0,47.88
2018-01-06 07:16:00,2,1,62.33,85.0,55.0,46.04,45.04,62.33,0.8,0.0,5.63,45.0,45.0,0.0,0.0,0.0,120.0,45.04,0.0,0.88,0.0,0.0,0.0,29.76,0.0,60.76,68.16,100.0,47.87
2018-01-06 07:17:00,2,1,62.32,85.0,55.0,46.03,45.04,62.32,0.8,0.0,5.63,45.0,45.0,0.0,0.0,0.0,120.0,45.04,0.0,0.88,0.0,0.0,0.0,29.74,0.0,60.76,68.18,100.0,47.87
2018-01-06 07:18:00,2,1,62.31,85.0,55.0,46.02,45.04,62.31,0.8,0.0,5.63,45.0,45.0,0.0,0.0,0.0,120.0,45.04,0.0,0.88,0.0,0.0,0.0,29.72,0.0,60.77,68.2,100.0,47.87
2018-01-06 07:19:00,2,1,62.31,85.0,55.0,46.0,45.04,62.31,0.8,0.0,5.63,45.0,45.0,0.0,0.0,0.0,120.0,45.04,0.0,0.88,0.0,0.0,0.0,29.7,0.0,60.77,68.22,100.0,47.86
2018-01-06 07:20:00,2,1,62.3,85.0,55.0,45.99,45.04,62.3,0.8,0.0,5.63,45.0,45.0,0.0,0.0,0.0,120.0,45.04,0.0,0.88,0.0,0.0,0.0,29.68,0.0,60.77,68.24,100.0,47.86
2018-01-06 07:21:00,2,1,62.3,85.0,55.0,45.98,45.04,62.3,0.8,0.0,5.63,45.0,45.0,0.0,0.0,0.0,120.0,45.04,0.0,0.88,0.0,0.0,0.0,29.66,0.0,60.77,68.26,100.0,47.85
2018-01-06 07:22:00,2,1,62.29,85.0,55.0,45.97,45.04,62.29,0.8,0.0,5.63,45.0,45.0,0.0,0.0,0.0,120.0,45.04,0.0,0.88,0.0,0.0,0.0,29.64,0.0,60.78,68.28,100.0,47.85
2018-01-06 07:23:00,2,1,62.28,85.0,55.0,45.95,45.04,62.28,0.8,0.0,5.63,45.0,45.0,0.0,0.0,0.0,120.0,45.04,0.0,0.88,0.0,0.0,0.0,29.62,0.0,60.78,68.3,100.0,47.85
2018-01-06 07:24:00,2,1,62.28,85.0,55.0,45.94,45.04,62.28,0.8,0.0,5.63,45.0,45.0,0.0,0.0,0.0,120.0,45.04,0.0,0.88,0.0,0.0,0.0,29.61,0.0,60.78,68.32,100.0,47.84
2018-01-06 07:25:00,2,1,62.27,85.0,55.0,45.93,45.04,62.27,0.8,0.0,5.63,45.0,45.0,0.0,0.0,0.0,120.0,45.04,0.0,0.88,0.0,0.0,0.0,29.59,0.0,60.78,68.34,100.0,47.84
2018-01-06 07:26:00,2,1,62.26,85.0,55.0,45.92,45.04,62.26,0.8,0.0,5.63,45.0,45.0,0.0,0.0,0.0,120.0,45.04,0.0,0.88,0.0,0.0,0.0,29.57,0.0,60.79,68.36,100.0,47.83
2018-01-06 07:27:00,2,1,62.26,85.0,55.0,45.9,45.04,62.26,0.8,0.0,5.63,45.0,45.0,0.0,0.0,0.0,120.0,45.04,0.0,0.88,0.0,0.0,0.0,29.55,0.0,60.79,68.39,100.0,47.83
2018-01-06 07:28:00,2,1,62.25,85.0,55.0,45.89,45.04,62.25,0.8,0.0,5.63,45.0,45.0,0.0,0.0,0.0,120.0,45.04,0.0,0.88,0.0,0.0,0.0,29.53,0.0,60.79,68.41,100.0,47.83
2018-01-06 07:29:00,2,1,62.25,85.0,55.0,45.88,45.04,62.25,0.8,0.0,5.63,45.0,45.0,0.0,0.0,0.0,120.0,45.04,0.0,0.88,0.0,0.0,0.0,29.51,0.0,60.8,68.43,100.0,47.82
2018-01-06 07:30:00,2,1,62.24,85.0,55.0,45.86,45.04,62.24,0.8,0.0,5.63,45.0,45.0,0.0,0.0,0.0,120.0,45.04,0.0,0.88,0.0,0.0,0.0,29.49,0.0,60.8,68.46,100.0,47.82
2018-01-06 07:31:00,2,1,62.23,85.0,55.0,45.85,45.03,62.23,0.8,0.0,5.63,45.0,45.0,0.0,0.0,0.0,120.0,45.03,0.0,0.88,0.0,0.0,0.0,29.47,0.0,60.8,68.48,100.0,47.81
2018-01-06 07:32:00,2,1,62.23,85.0,55.0,45.84,45.03,62.23,0.8,0.0,5.63,45.0,45.0,0.0,0.0,0.0,120.0,45.03,0.0,0.88,0.0,0.0,0.0,29.45,0.0,60.81,68.5,100.0,47.81
2018-01-06 07:33:00,2,1,62.22,85.0,55.0,45.83,45.03,62.22,0.8,0.0,5.63,45.0,45.0,0.0,0.0,0.0,120.0,45.03,0.0,0.88,0.0,0.0,0.0,29.43,0.0,60.81,68.53,100.0,47.81
2018-01-06 07:34:00,2,1,62.21,85.0,55.0,45.81,45.03,62.21,0.8,0.0,5.63,45.0,45.0,0.0,0.0,0.0,120.0,45.03,0.0,0.88,0.0,0.0,0.0,29.41,0.0,60.81,68.55,100.0,47.8
2018-01-06 07:35:00,2,1,62.21,85.0,55.0,45.8,45.03,62.21,0.8,0.0,5.63,45.0,45.0,0.0,0.0,0.0,120.0,45.03,0.0,0.88,0.0,0.0,0.0,29.39,0.0,60.81,68.57,100.0,47.8
2018-01-06 07:36:00,2,1,62.2,85.0,55.0,45.79,45.03,62.2,0.8,0.0,5.63,45.0,45.0,0.0,0.0,0.0,120.0,45.03,0.0,0.88,0.0,0.0,0.0,29.37,0.0,60.82,68.6,100.0,47.79
2018-01-06 07:37:00,2,1,62.2,85.0,55.0,45.77,45.03,62.2,0.8,0.0,5.63,45.0,45.0,0.0,0.0,0.0,120.0,45.03,0.0,0.88,0.0,0.0,0.0,29.35,0.0,60.82,68.62,100.0,47.79
2018-01-06 07:38:00,2,1,62.19,85.0,55.0,45.76,45.03,62.19,0.8,0.0,5.63,45.0,45.0,0.0,0.0,0.0,120.0,45.03,0.0,0.88,0.0,0.0,0.0,29.33,0.0,60.82,68.64,100.0,47.78
2018-01-06 07:39:00,2,1,62.18,85.0,55.0,45.75,45.03,62.18,0.8,0.0,5.63,45.0,45.0,0.0,0.0,0.0,120.0,45.03,0.0,0.88,0.0,0.0,0.0,29.31,0.0,60.83,68.66,100.0,47.78
2018-01-06 07:40:00,2,1,62.18,85.0,55.0,45.74,45.03,62.18,0.8,0.0,5.63,45.0,45.0,0.0,0.0,0.0,120.0,45.03,0.0,0.88,0.0,0.0,0.0,29.3,0.0,60.83,68.69,100.0,47.78
2018-01-06 07:41:00,2,1,62.17,85.0,55.0,45.72,45.03,62.17,0.8,0.0,5.63,45.0,45.0,0.0,0.0,0.0,120.0,45.03,0.0,0.88,0.0,0.0,0.0,29.28,0.0,60.83,68.71,100.0,47.77
2018-01-06 07:42:00,2,1,62.17,85.0,55.0,45.71,45.03,62.17,0.8,0.0,5.63,45.0,45.0,0.0,0.0,0.0,120.0,45.03,0.0,0.88,0.0,0.0,0.0,29.26,0.0,60.83,68.73,100.0,47.77
2018-01-06 07:43:00,2,1,62.16,85.0,55.0,45.7,45.03,62.16,0.8,0.0,5.63,45.0,45.0,0.0,0.0,0.0,120.0,45.03,0.0,0.88,0.0,0.0,0.0,29.24,0.0,60.84,68.75,100.0,47.76
2018-01-06 07:44:00,2,1,62.15,85.0,55.0,45.69,45.03,62.15,0.8,0.0,5.63,45.0,45.0,0.0,0.0,0.0,120.0,45.03,0.0,0.88,0.0,0.0,0.0,29.22,0.0,60.84,68.77,100.0,47.76
2018-01-06 07:45:00,2,1,62.15,85.0,55.0,45.67,45.03,62.15,0.8,0.0,5.63,45.0,45.0,0.0,0.0,0.0,120.0,45.03,0.0,0.88,0.0,0.0,0.0,29.2,0.0,60.84,68.79,100.0,47.75
2018-01-06 07:46:00,2,1,62.14,85.0,55.0,45.66,45.03,62.14,0.8,0.0,5.63,45.0,45.0,0.0,0.0,0.0,120.0,45.03,0.0,0.88,0.0,0.0,0.0,29.18,0.0,60.84,68.81,100.0,47.75
2018-01-06 07:47:00,2,1,62.14,85.0,55.0,45.65,45.03,62.14,0.8,0.0,5.63,45.0,45.0,0.0,0.0,0.0,120.0,45.03,0.0,0.88,0.0,0.0,0.0,29.17,0.0,60.84,68.83,100.0,47.75
2018-01-06 07:48:00,2,1,62.13,85.0,55.0,45.64,45.03,62.13,0.8,0.0,5.63,45.0,45.0,0.0,0.0,0.0,120.0,45.03,0.0,0.88,0.0,0.0,0.0,29.15,0.0,60.84,68.85,100.0,47.74
2018-01-06 07:49:00,2,1,62.12,85.0,55.0,45.63,45.03,62.12,0.8,0.0,5.63,45.0,45.0,0.0,0.0,0.0,120.0,45.03,0.0,0.88,0.0,0.0,0.0,29.13,0.0,60.84,68.86,100.0,47.74
2018-01-06 07:50:00,2,1,62.12,85.0,55.0,45.61,45.03,62.12,0.8,0.0,5.63,45.0,45.0,0.0,0.0,0.0,120.0,45.03,0.0,0.88,0.0,0.0,0.0,29.11,0.0,60.84,68.88,100.0,47.73
2018-01-06 07:51:00,2,1,62.11,85.0,55.0,45.6,45.03,62.11,0.8,0.0,5.63,45.0,45.0,0.0,0.0,0.0,120.0,45.03,0.0,0.88,0.0,0.0,0.0,29.09,0.0,60.85,68.89,100.0,47.73
2018-01-06 07:52:00,2,1,62.11,85.0,55.0,45.59,45.03,62.11,0.8,0.0,5.63,45.0,45.0,0.0,0.0,0.0,120.0,45.03,0.0,0.88,0.0,0.0,0.0,29.08,0.0,60.85,68.91,100.0,47.72
2018-01-06 07:53:00,2,1,62.1,85.0,55.0,45.58,45.03,62.1,0.8,0.0,5.63,45.0,45.0,0.0,0.0,0.0,120.0,45.03,0.0,0.88,0.0,0.0,0.0,29.06,0.0,60.84,68.92,100.0,47.72
2018-01-06 07:54:00,2,1,62.09,85.0,55.0,45.57,45.03,62.09,0.8,0.0,5.63,45.0,45.0,0.0,0.0,0.0,120.0,45.03,0.0,0.88,0.0,0.0,0.0,29.04,0.0,60.84,68.94,100.0,47.71
2018-01-06 07:55:00,2,1,62.09,85.0,55.0,45.56,45.03,62.09,0.8,0.0,5.63,45.0,45.0,0.0,0.0,0.0,120.0,45.03,0.0,0.88,0.0,0.0,0.0,29.03,0.0,60.84,68.95,100.0,47.71
2018-01-06 07:56:00,2,1,62.08,85.0,55.0,45.55,45.03,62.08,0.8,0.0,5.63,45.0,45.0,0.0,0.0,0.0,120.0,45.03,0.0,0.88,0.0,0.0,0.0,29.01,0.0,60.84,68.96,100.0,47.7
2018-01-06 07:57:00,2,1,62.08,85.0,55.0,45.54,45.03,62.08,0.8,0.0,5.63,45.0,45.0,0.0,0.0,0.0,120.0,45.03,0.0,0.88,0.0,0.0,0.0,28.99,0.0,60.84,68.97,100.0,47.7
2018-01-06 07:58:00,2,1,62.07,85.0,55.0,45.52,45.03,62.07,0.8,0.0,5.63,45.0,45.0,0.0,0.0,0.0,120.0,45.03,0.0,0.88,0.0,0.0,0.0,28.98,0.0,60.84,68.97,100.0,47.69
2018-01-06 07:59:00,2,1,62.07,85.0,55.0,45.51,45.03,62.07,0.8,0.0,5.63,45.0,45.0,0.0,0.0,0.0,120.0,45.03,0.0,0.88,0.0,0.0,0.0,28.96,0.0,60.83,68.98,100.0,47.69
2018-01-06 08:00:00,2,1,62.06,85.0,55.0,45.5,45.03,62.06,0.8,0.0,5.63,45.0,45.0,0.0,0.0,0.0,120.0,45.03,0.0,0.88,0.0,0.0,0.0,28.95,0.0,60.83,68.99,100.0,47.68
2018-01-06 08:01:00,2,1,62.06,85.0,55.0,45.5,45.03,62.06,0.8,0.0,5.63,45.0,45.0,0.0,0.0,0.0,120.0,45.03,0.0,0.88,0.0,0.0,0.0,28.94,0.0,60.82,68.96,100.0,47.68
2018-01-06 08:02:00,2,1,62.05,85.0,55.0,45.49,45.03,62.05,0.8,0.0,5.63,45.0,45.0,0.0,0.0,0.0,120.0,45.03,0.0,0.88,0.0,0.0,0.0,28.93,0.0,60.8,68.91,100.0,47.67
2018-01-06 08:03:00,2,1,62.04,85.0,55.0,45.49,45.03,62.04,0.8,0.0,5.63,45.0,45.0,0.0,0.0,0.0,120.0,45.03,0.0,0.88,0.0,0.0,0.0,28.93,0.0,60.78,68.86,100.0,47.67
2018-01-06 08:04:00,2,1,62.04,85.0,55.0,45.48,45.03,62.04,0.8,0.0,5.63,45.0,45.0,0.0,0.0,0.0,120.0,45.03,0.0,0.88,0.0,0.0,0.0,28.92,0.0,60.76,68.8,100.0,47.66
2018-01-06 08:05:00,2,1,62.03,85.0,55.0,45.48,45.02,62.03,0.8,0.0,5.63,45.0,45.0,0.0,0.0,0.0,120.0,45.02,0.0,0.88,0.0,0.0,0.0,28.92,0.0,60.74,68.75,100.0,47.65
2018-01-06 08:06:00,2,1,62.03,85.0,55.0,45.47,45.02,62.03,0.8,0.0,5.63,45.0,45.0,0.0,0.0,0.0,120.0,45.02,0.0,0.88,0.0,0.0,0.0,28.91,0.0,60.72,68.69,100.0,47.65
2018-01-06 08:07:00,2,1,62.02,85.0,55.0,45.47,45.02,62.02,0.8,0.0,5.63,45.0,45.0,0.0,0.0,0.0,120.0,45.02,0.0,0.88,0.0,0.0,0.0,28.91,0.0,60.7,68.63,100.0,47.64
2018-01-06 08:08:00,2,1,62.02,85.0,55.0,45.46,45.02,62.02,0.8,0.0,5.63,45.0,45.0,0.0,0.0,0.0,120.0,45.02,0.0,0.88,0.0,0.0,0.0,28.9,0.0,60.68,68.58,100.0,47.63
2018-01-06 08:09:00,2,1,62.02,85.0,55.0,45.46,45.02,62.02,0.8,0.0,5.63,45.0,45.0,0.0,0.0,0.0,120.0,45.02,0.0,0.88,0.0,0.0,0.0,28.9,0.0,60.65,68.52,100.0,47.63
2018-01-06 08:10:00,2,1,62.01,85.0,55.0,45.45,45.02,62.01,0.8,0.0,5.63,45.0,45.0,0.0,0.0,0.0,120.0,45.02,0.0,0.88,0.0,0.0,0.0,28.9,0.0,60.63,68.46,100.0,47.62
2018-01-06 08:11:00,2,1,62.01,85.0,55.0,45.45,45.02,62.01,0.8,0.0,5.63,45.0,45.0,0.0,0.0,0.0,120.0,45.02,0.0,0.88,0.0,0.0,0.0,28.89,0.0,60.61,68.39,100.0,47.61
2018-01-06 08:12:00,2,1,62.0,85.0,55.0,45.45,45.02,62.0,0.8,0.0,5.63,45.0,45.0,0.0,0.0,0.0,120.0,45.02,0.0,0.88,0.0,0.0,0.0,28.89,0.0,60.58,68.33,100.0,47.61
2018-01-06 08:13:00,2,1,62.0,85.0,55.0,45.44,45.02,62.0,0.8,0.0,5.63,45.0,45.0,0.0,0.0,0.0,120.0,45.02,0.0,0.88,0.0,0.0,0.0,28.89,0.0,60.56,68.27,100.0,47.6
2018-01-06 08:14:00,2,1,61.99,85.0,55.0,45.44,45.02,61.99,0.8,0.0,5.63,45.0,45.0,0.0,0.0,0.0,120.0,45.02,0.0,0.88,0.0,0.0,0.0,28.88,0.0,60.54,68.2,100.0,47.59
2018-01-06 08:15:00,2,1,61.99,85.0,55.0,45.44,45.02,61.99,0.8,0.0,5.63,45.0,45.0,0.0,0.0,0.0,120.0,45.02,0.0,0.88,0.0,0.0,0.0,28.88,0.0,60.51,68.14,100.0,47.58
2018-01-06 08:16:00,2,1,61.98,85.0,55.0,45.43,45.02,61.98,0.8,0.0,5.63,45.0,45.0,0.0,0.0,0.0,120.0,45.02,0.0,0.88,0.0,0.0,0.0,28.88,0.0,60.49,68.07,100.0,47.58
2018-01-06 08:17:00,2,1,61.98,85.0,55.0,45.43,45.02,61.98,0.8,0.0,5.63,45.0,45.0,0.0,0.0,0.0,120.0,45.02,0.0,0.88,0.0,0.0,0.0,28.88,0.0,60.46,68.0,100.0,47.57
2018-01-06 08:18:00,2,1,61.98,85.0,55.0,45.43,45.02,61.98,0.8,0.0,5.63,45.0,45.0,0.0,0.0,0.0,120.0,45.02,0.0,0.88,0.0,0.0,0.0,28.88,0.0,60.43,67.94,100.0,47.56
2018-01-06 08:19:00,2,1,61.97,85.0,55.0,45.42,45.02,61.97,0.8,0.0,5.63,45.0,45.0,0.0,0.0,0.0,120.0,45.02,0.0,0.88,0.0,0.0,0.0,28.88,0.0,60.41,67.87,100.0,47.55
2018-01-06 08:20:00,2,1,61.97,85.0,55.0,45.42,45.02,61.97,0.8,0.0,5.63,45.0,45.0,0.0,0.0,0.0,120.0,45.02,0.0,0.88,0.0,0.0,0.0,28.87,0.0,60.38,67.8,100.0,47.54
2018-01-06 08:21:00,2,1,61.96,85.0,55.0,45.42,45.02,61.96,0.8,0.0,5.63,45.0,45.0,0.0,0.0,0.0,120.0,45.02,0.0,0.88,0.0,0.0,0.0,28.87,0.0,60.36,67.73,100.0,47.53
2018-01-06 08:22:00,2,1,61.96,85.0,55.0,45.42,45.02,61.96,0.8,0.0,5.63,45.0,45.0,0.0,0.0,0.0,120.0,45.02,0.0,0.88,0.0,0.0,0.0,28.87,0.0,60.33,67.66,100.0,47.53
2018-01-06 08:23:00,2,1,61.96,85.0,55.0,45.41,45.02,61.96,0.8,0.0,5.63,45.0,45.0,0.0,0.0,0.0,120.0,45.02,0.0,0.88,0.0,0.0,0.0,28.87,0.0,60.3,67.59,100.0,47.52
2018-01-06 08:24:00,2,1,61.95,85.0,55.0,45.41,45.02,61.95,0.8,0.0,5.63,45.0,45.0,0.0,0.0,0.0,120.0,45.02,0.0,0.88,0.0,0.0,0.0,28.87,0.0,60.27,67.52,100.0,47.51
2018-01-06 08:25:00,2,1,61.95,85.0,55.0,45.41,45.02,61.95,0.8,0.0,5.63,45.0,45.0,0.0,0.0,0.0,120.0,45.02,0.0,0.88,0.0,0.0,0.0,28.87,0.0,60.25,67.44,100.0,47.5
2018-01-06 08:26:00,2,1,61.95,85.0,55.0,45.41,45.02,61.95,0.8,0.0,5.63,45.0,45.0,0.0,0.0,0.0,120.0,45.02,0.0,0.88,0.0,0.0,0.0,28.87,0.0,60.22,67.37,100.0,47.49
2018-01-06 08:27:00,2,1,61.94,85.0,55.0,45.41,45.02,61.94,0.8,0.0,5.63,45.0,45.0,0.0,0.0,0.0,120.0,45.02,0.0,0.88,0.0,0.0,0.0,28.87,0.0,60.19,67.3,100.0,47.48
2018-01-06 08:28:00,2,1,61.94,85.0,55.0,45.41,45.02,61.94,0.8,0.0,5.63,45.0,45.0,0.0,0.0,0.0,120.0,45.02,0.0,0.88,0.0,0.0,0.0,28.87,0.0,60.16,67.23,100.0,47.47
2018-01-06 08:29:00,2,1,61.94,85.0,55.0,45.4,45.02,61.94,0.8,0.0,5.63,45.0,45.0,0.0,0.0,0.0,120.0,45.02,0.0,0.88,0.0,0.0,0.0,28.87,0.0,60.14,67.16,100.0,47.46
2018-01-06 08:30:00,2,1,61.93,85.0,55.0,45.4,45.02,61.93,0.8,0.0,5.63,45.0,45.0,0.0,0.0,0.0,120.0,45.02,0.0,0.88,0.0,0.0,0.0,28.87,0.0,60.11,67.08,100.0,47.45
2018-01-06 08:31:00,2,1,61.93,85.0,55.0,45.4,45.02,61.93,0.8,0.0,5.63,45.0,45.0,0.0,0.0,0.0,120.0,45.02,0.0,0.88,0.0,0.0,0.0,28.87,0.0,60.08,67.01,100.0,47.44
2018-01-06 08:32:00,2,1,61.93,85.0,55.0,45.4,45.02,61.93,0.8,0.0,5.63,45.0,45.0,0.0,0.0,0.0,120.0,45.02,0.0,0.88,0.0,0.0,0.0,28.87,0.0,60.05,66.94,100.0,47.44
2018-01-06 08:33:00,2,1,61.92,85.0,55.0,45.4,45.02,61.92,0.8,0.0,5.63,45.0,45.0,0.0,0.0,0.0,120.0,45.02,0.0,0.88,0.0,0.0,0.0,28.87,0.0,60.02,66.86,100.0,47.43
2018-01-06 08:34:00,2,1,61.92,85.0,55.0,45.4,45.02,61.92,0.8,0.0,5.63,45.0,45.0,0.0,0.0,0.0,120.0,45.02,0.0,0.88,0.0,0.0,0.0,28.88,0.0,59.99,66.79,100.0,47.42
2018-01-06 08:35:00,2,1,61.92,85.0,55.0,45.4,45.02,61.92,0.8,0.0,5.63,45.0,45.0,0.0,0.0,0.0,120.0,45.02,0.0,0.88,0.0,0.0,0.0,28.88,0.0,59.96,66.72,100.0,47.41
2018-01-06 08:36:00,2,1,61.91,85.0,55.0,45.4,45.02,61.91,0.8,0.0,5.63,45.0,45.0,0.0,0.0,0.0,120.0,45.02,0.0,0.88,0.0,0.0,0.0,28.88,0.0,59.93,66.64,100.0,47.4
2018-01-06 08:37:00,2,1,61.91,85.0,55.0,45.4,45.02,61.91,0.8,0.0,5.63,45.0,45.0,0.0,0.0,0.0,120.0,45.02,0.0,0.88,0.0,0.0,0.0,28.88,0.0,59.91,66.57,100.0,47.39
2018-01-06 08:38:00,2,1,61.91,85.0,55.0,45.4,45.02,61.91,0.8,0.0,5.63,45.0,45.0,0.0,0.0,0.0,120.0,45.02,0.0,0.88,0.0,0.0,0.0,28.88,0.0,59.88,66.5,100.0,47.38
2018-01-06 08:39:00,2,1,61.91,85.0,55.0,45.4,45.02,61.91,0.8,0.0,5.63,45.0,45.0,0.0,0.0,0.0,120.0,45.02,0.0,0.88,0.0,0.0,0.0,28.88,0.0,59.85,66.43,100.0,47.37
2018-01-06 08:40:00,2,1,61.9,85.0,55.0,45.39,45.02,61.9,0.8,0.0,5.63,45.0,45.0,0.0,0.0,0.0,120.0,45.02,0.0,0.88,0.0,0.0,0.0,28.89,0.0,59.82,66.35,100.0,47.35
2018-01-06 08:41:00,2,1,61.9,85.0,55.0,45.39,45.02,61.9,0.8,0.0,5.63,45.0,45.0,0.0,0.0,0.0,120.0,45.02,0.0,0.88,0.0,0.0,0.0,28.89,0.0,59.79,66.28,100.0,47.34
2018-01-06 08:42:00,2,1,61.9,85.0,55.0,45.39,45.02,61.9,0.8,0.0,5.63,45.0,45.0,0.0,0.0,0.0,120.0,45.02,0.0,0.88,0.0,0.0,0.0,28.89,0.0,59.76,66.21,100.0,47.33
2018-01-06 08:43:00,2,1,61.9,85.0,55.0,45.39,45.02,61.9,0.8,0.0,5.63,45.0,45.0,0.0,0.0,0.0,120.0,45.02,0.0,0.88,0.0,0.0,0.0,28.89,0.0,59.73,66.14,100.0,47.32
2018-01-06 08:44:00,2,1,61.89,85.0,55.0,45.39,45.02,61.89,0.8,0.0,5.63,45.0,45.0,0.0,0.0,0.0,120.0,45.02,0.0,0.88,0.0,0.0,0.0,28.89,0.0,59.7,66.07,100.0,47.31
2018-01-06 08:45:00,2,1,61.89,85.0,55.0,45.39,45.02,61.89,0.8,0.0,5.63,45.0,45.0,0.0,0.0,0.0,120.0,45.02,0.0,0.88,0.0,0.0,0.0,28.9,0.0,59.67,66.0,100.0,47.3
2018-01-06 08:46:00,2,1,61.89,85.0,55.0,45.39,45.02,61.89,0.8,0.0,5.63,45.0,45.0,0.0,0.0,0.0,120.0,45.02,0.0,0.88,0.0,0.0,0.0,28.9,0.0,59.64,65.93,100.0,47.29
2018-01-06 08:47:00,2,1,61.89,85.0,55.0,45.39,45.02,61.89,0.8,0.0,5.63,45.0,45.0,0.0,0.0,0.0,120.0,45.02,0.0,0.88,0.0,0.0,0.0,28.9,0.0,59.61,65.86,100.0,47.28
2018-01-06 08:48:00,2,1,61.88,85.0,55.0,45.39,45.02,61.88,0.8,0.0,5.63,45.0,45.0,0.0,0.0,0.0,120.0,45.02,0.0,0.88,0.0,0.0,0.0,28.9,0.0,59.59,65.79,100.0,47.27
2018-01-06 08:49:00,2,1,61.88,85.0,55.0,45.39,45.02,61.88,0.8,0.0,5.63,45.0,45.0,0.0,0.0,0.0,120.0,45.02,0.0,0.88,0.0,0.0,0.0,28.91,0.0,59.56,65.72,100.0,47.26
2018-01-06 08:50:00,2,1,61.88,85.0,55.0,45.39,45.02,61.88,0.8,0.0,5.63,45.0,45.0,0.0,0.0,0.0,120.0,45.02,0.0,0.88,0.0,0.0,0.0,28.91,0.0,59.53,65.65,100.0,47.25
2018-01-06 08:51:00,2,1,61.88,85.0,55.0,45.4,45.02,61.88,0.8,0.0,5.63,45.0,45.0,0.0,0.0,0.0,120.0,45.02,0.0,0.88,0.0,0.0,0.0,28.91,0.0,59.5,65.58,100.0,47.23
2018-01-06 08:52:00,2,1,61.88,85.0,55.0,45.4,45.02,61.88,0.8,0.0,5.63,45.0,45.0,0.0,0.0,0.0,120.0,45.02,0.0,0.88,0.0,0.0,0.0,28.92,0.0,59.47,65.52,100.0,47.22
2018-01-06 08:53:00,2,1,61.87,85.0,55.0,45.4,45.01,61.87,0.8,0.0,5.63,45.0,45.0,0.0,0.0,0.0,120.0,45.01,0.0,0.88,0.0,0.0,0.0,28.92,0.0,59.44,65.45,100.0,47.21
2018-01-06 08:54:00,2,1,61.87,85.0,55.0,45.4,45.01,61.87,0.8,0.0,5.63,45.0,45.0,0.0,0.0,0.0,120.0,45.01,0.0,0.88,0.0,0.0,0.0,28.92,0.0,59.41,65.39,100.0,47.2
2018-01-06 08:55:00,2,1,61.87,85.0,55.0,45.4,45.01,61.87,0.8,0.0,5.63,45.0,45.0,0.0,0.0,0.0,120.0,45.01,0.0,0.88,0.0,0.0,0.0,28.92,0.0,59.39,65.32,100.0,47.19
2018-01-06 08:56:00,2,1,61.87,85.0,55.0,45.4,45.01,61.87,0.8,0.0,5.63,45.0,45.0,0.0,0.0,0.0,120.0,45.01,0.0,0.88,0.0,0.0,0.0,28.93,0.0,59.36,65.26,100.0,47.17
2018-01-06 08:57:00,2,1,61.87,85.0,55.0,45.4,45.01,61.87,0.8,0.0,5.63,45.0,45.0,0.0,0.0,0.0,120.0,45.01,0.0,0.88,0.0,0.0,0.0,28.93,0.0,59.33,65.2,100.0,47.16
2018-01-06 08:58:00,2,1,61.86,85.0,55.0,45.4,45.01,61.86,0.8,0.0,5.63,45.0,45.0,0.0,0.0,0.0,120.0,45.01,0.0,0.88,0.0,0.0,0.0,28.93,0.0,59.3,65.14,100.0,47.15
2018-01-06 08:59:00,2,1,61.86,85.0,55.0,45.4,45.01,61.86,0.8,0.0,5.63,45.0,45.0,0.0,0.0,0.0,120.0,45.01,0.0,0.88,0.0,0.0,0.0,28.94,0.0,59.27,65.08,100.0,47.14
2018-01-06 09:00:00,2,1,61.86,85.0,55.0,45.4,45.01,61.86,0.8,0.0,5.63,45.0,45.0,0.0,0.0,0.0,120.0,45.01,0.0,0.88,0.0,0.0,0.0,28.94,0.0,59.25,65.02,100.0,47.13
2018-01-06 09:01:00,2,1,61.86,85.0,55.0,45.4,45.01,61.86,0.8,0.0,5.63,45.0,45.0,0.0,0.0,0.0,120.0,45.01,0.0,0.88,0.0,0.0,0.0,28.94,0.0,59.23,64.99,100.0,47.11
2018-01-06 09:02:00,2,1,61.86,85.0,55.0,45.4,45.01,61.86,0.8,0.0,5.63,45.0,45.0,0.0,0.0,0.0,120.0,45.01,0.0,0.88,0.0,0.0,0.0,28.94,0.0,59.21,64.97,100.0,47.1
2018-01-06 09:03:00,2,1,61.86,85.0,55.0,45.39,45.01,61.86,0.8,0.0,5.63,45.0,45.0,0.0,0.0,0.0,120.0,45.01,0.0,0.88,0.0,0.0,0.0,28.93,0.0,59.2,64.96,100.0,47.09
2018-01-06 09:04:00,2,1,61.85,85.0,55.0,45.39,45.01,61.85,0.8,0.0,5.63,45.0,45.0,0.0,0.0,0.0,120.0,45.01,0.0,0.88,0.0,0.0,0.0,28.93,0.0,59.18,64.95,100.0,47.08
2018-01-06 09:05:00,2,1,61.85,85.0,55.0,45.39,45.01,61.85,0.8,0.0,5.63,45.0,45.0,0.0,0.0,0.0,120.0,45.01,0.0,0.88,0.0,0.0,0.0,28.93,0.0,59.17,64.94,100.0,47.07
2018-01-06 09:06:00,2,1,61.85,85.0,55.0,45.39,45.01,61.85,0.8,0.0,5.63,45.0,45.0,0.0,0.0,0.0,120.0,45.01,0.0,0.88,0.0,0.0,0.0,28.92,0.0,59.16,64.93,100.0,47.05
2018-01-06 09:07:00,2,1,61.85,85.0,55.0,45.38,45.01,61.85,0.8,0.0,5.63,45.0,45.0,0.0,0.0,0.0,120.0,45.01,0.0,0.88,0.0,0.0,0.0,28.92,0.0,59.15,64.93,100.0,47.04
2018-01-06 09:08:00,2,1,61.85,85.0,55.0,45.38,45.01,61.85,0.8,0.0,5.63,45.0,45.0,0.0,0.0,0.0,120.0,45.01,0.0,0.88,0.0,0.0,0.0,28.92,0.0,59.13,64.92,100.0,47.03
2018-01-06 09:09:00,2,1,61.84,85.0,55.0,45.38,45.01,61.84,0.8,0.0,5.63,45.0,45.0,0.0,0.0,0.0,120.0,45.01,0.0,0.88,0.0,0.0,0.0,28.91,0.0,59.12,64.92,100.0,47.02
2018-01-06 09:10:00,2,1,61.84,85.0,55.0,45.38,45.01,61.84,0.8,0.0,5.63,45.0,45.0,0.0,0.0,0.0,120.0,45.01,0.0,0.88,0.0,0.0,0.0,28.91,0.0,59.11,64.91,100.0,47.01
2018-01-06 09:11:00,2,1,61.84,85.0,55.0,45.37,45.01,61.84,0.8,0.0,5.63,45.0,45.0,0.0,0.0,0.0,120.0,45.01,0.0,0.88,0.0,0.0,0.0,28.91,0.0,59.1,64.91,100.0,47.0
2018-01-06 09:12:00,2,1,61.84,85.0,55.0,45.37,45.01,61.84,0.8,0.0,5.63,45.0,45.0,0.0,0.0,0.0,120.0,45.01,0.0,0.88,0.0,0.0,0.0,28.91,0.0,59.09,64.9,100.0,46.99
2018-01-06 09:13:00,2,1,61.83,85.0,55.0,45.37,45.01,61.83,0.8,0.0,5.63,45.0,45.0,0.0,0.0,0.0,120.0,45.01,0.0,0.88,0.0,0.0,0.0,28.9,0.0,59.07,64.9,100.0,46.98
2018-01-06 09:14:00,2,1,61.83,85.0,55.0,45.37,45.01,61.83,0.8,0.0,5.63,45.0,45.0,0.0,0.0,0.0,120.0,45.01,0.0,0.88,0.0,0.0,0.0,28.9,0.0,59.06,64.9,100.0,46.96
2018-01-06 09:15:00,2,1,61.83,85.0,55.0,45.36,45.01,61.83,0.8,0.0,5.63,45.0,45.0,0.0,0.0,0.0,120.0,45.01,0.0,0.88,0.0,0.0,0.0,28.9,0.0,59.05,64.9,100.0,46.95
2018-01-06 09:16:00,2,1,61.83,85.0,55.0,45.36,45.01,61.83,0.8,0.0,5.63,45.0,45.0,0.0,0.0,0.0,120.0,45.01,0.0,0.88,0.0,0.0,0.0,28.9,0.0,59.04,64.9,100.0,46.94
2018-01-06 09:17:00,2,1,61.83,85.0,55.0,45.36,45.01,61.83,0.8,0.0,5.63,45.0,45.0,0.0,0.0,0.0,120.0,45.01,0.0,0.88,0.0,0.0,0.0,28.89,0.0,59.03,64.9,100.0,46.93
2018-01-06 09:18:00,2,1,61.82,85.0,55.0,45.36,45.01,61.82,0.8,0.0,5.63,45.0,45.0,0.0,0.0,0.0,120.0,45.01,0.0,0.88,0.0,0.0,0.0,28.89,0.0,59.02,64.9,100.0,46.92
2018-01-06 09:19:00,2,1,61.82,85.0,55.0,45.36,45.01,61.82,0.8,0.0,5.63,45.0,45.0,0.0,0.0,0.0,120.0,45.01,0.0,0.88,0.0,0.0,0.0,28.89,0.0,59.01,64.9,100.0,46.91
2018-01-06 09:20:00,2,1,61.82,85.0,55.0,45.35,45.01,61.82,0.8,0.0,5.63,45.0,45.0,0.0,0.0,0.0,120.0,45.01,0.0,0.88,0.0,0.0,0.0,28.89,0.0,59.0,64.9,100.0,46.9
2018-01-06 09:21:00,2,1,61.82,85.0,55.0,45.35,45.01,61.82,0.8,0.0,5.63,45.0,45.0,0.0,0.0,0.0,120.0,45.01,0.0,0.88,0.0,0.0,0.0,28.89,0.0,58.99,64.9,100.0,46.88
2018-01-06 09:22:00,2,1,61.82,85.0,55.0,45.35,45.01,61.82,0.8,0.0,5.63,45.0,45.0,0.0,0.0,0.0,120.0,45.01,0.0,0.88,0.0,0.0,0.0,28.88,0.0,58.98,64.91,100.0,46.87
2018-01-06 09:23:00,2,1,61.81,85.0,55.0,45.35,45.01,61.81,0.8,0.0,5.63,45.0,45.0,0.0,0.0,0.0,120.0,45.01,0.0,0.88,0.0,0.0,0.0,28.88,0.0,58.97,64.91,100.0,46.86
2018-01-06 09:24:00,2,1,61.81,85.0,55.0,45.35,45.01,61.81,0.8,0.0,5.63,45.0,45.0,0.0,0.0,0.0,120.0,45.01,0.0,0.88,0.0,0.0,0.0,28.88,0.0,58.95,64.91,100.0,46.85
2018-01-06 09:25:00,2,1,61.81,85.0,55.0,45.34,45.01,61.81,0.8,0.0,5.63,45.0,45.0,0.0,0.0,0.0,120.0,45.01,0.0,0.88,0.0,0.0,0.0,28.88,0.0,58.94,64.92,100.0,46.84
2018-01-06 09:26:00,2,1,61.81,85.0,55.0,45.34,45.01,61.81,0.8,0.0,5.63,45.0,45.0,0.0,0.0,0.0,120.0,45.01,0.0,0.88,0.0,0.0,0.0,28.88,0.0,58.93,64.92,100.0,46.82
2018-01-06 09:27:00,2,1,61.81,85.0,55.0,45.34,45.01,61.81,0.8,0.0,5.63,45.0,45.0,0.0,0.0,0.0,120.0,45.01,0.0,0.88,0.0,0.0,0.0,28.88,0.0,58.92,64.92,100.0,46.81
2018-01-06 09:28:00,2,1,61.81,85.0,55.0,45.34,45.01,61.81,0.8,0.0,5.63,45.0,45.0,0.0,0.0,0.0,120.0,45.01,0.0,0.88,0.0,0.0,0.0,28.87,0.0,58.91,64.93,100.0,46.8
2018-01-06 09:29:00,2,1,61.81,85.0,55.0,45.34,45.01,61.81,0.8,0.0,5.63,45.0,45.0,0.0,0.0,0.0,120.0,45.01,0.0,0.88,0.0,0.0,0.0,28.87,0.0,58.9,64.93,100.0,46.79
2018-01-06 09:30:00,2,1,61.8,85.0,55.0,45.34,45.01,61.8,0.8,0.0,5.63,45.0,45.0,0.0,0.0,0.0,120.0,45.01,0.0,0.88,0.0,0.0,0.0,28.87,0.0,58.89,64.94,100.0,46.77
2018-01-06 09:31:00,2,1,61.8,85.0,55.0,45.34,45.01,61.8,0.8,0.0,5.63,45.0,45.0,0.0,0.0,0.0,120.0,45.01,0.0,0.88,0.0,0.0,0.0,28.87,0.0,58.88,64.94,100.0,46.76
2018-01-06 09:32:00,2,1,61.8,85.0,55.0,45.34,45.01,61.8,0.8,0.0,5.63,45.0,45.0,0.0,0.0,0.0,120.0,45.01,0.0,0.88,0.0,0.0,0.0,28.87,0.0,58.87,64.95,100.0,46.75
2018-01-06 09:33:00,2,1,61.8,85.0,55.0,45.34,45.01,61.8,0.8,0.0,5.63,45.0,45.0,0.0,0.0,0.0,120.0,45.01,0.0,0.88,0.0,0.0,0.0,28.87,0.0,58.86,64.95,100.0,46.73
2018-01-06 09:34:00,2,1,61.8,85.0,55.0,45.34,45.01,61.8,0.8,0.0,5.63,45.0,45.0,0.0,0.0,0.0,120.0,45.01,0.0,0.88,0.0,0.0,0.0,28.87,0.0,58.84,64.96,100.0,46.72
2018-01-06 09:35:00,2,1,61.8,85.0,55.0,45.34,45.01,61.8,0.8,0.0,5.63,45.0,45.0,0.0,0.0,0.0,120.0,45.01,0.0,0.88,0.0,0.0,0.0,28.87,0.0,58.83,64.96,100.0,46.7
2018-01-06 09:36:00,2,1,61.8,85.0,55.0,45.34,45.01,61.8,0.8,0.0,5.63,45.0,45.0,0.0,0.0,0.0,120.0,45.01,0.0,0.88,0.0,0.0,0.0,28.87,0.0,58.82,64.97,100.0,46.69
2018-01-06 09:37:00,2,1,61.8,85.0,55.0,45.33,45.01,61.8,0.8,0.0,5.63,45.0,45.0,0.0,0.0,0.0,120.0,45.01,0.0,0.88,0.0,0.0,0.0,28.87,0.0,58.81,64.97,100.0,46.68
2018-01-06 09:38:00,2,1,61.8,85.0,55.0,45.34,45.01,61.8,0.8,0.0,5.63,45.0,45.0,0.0,0.0,0.0,120.0,45.01,0.0,0.88,0.0,0.0,0.0,28.87,0.0,58.8,64.98,100.0,46.66
2018-01-06 09:39:00,2,1,61.8,85.0,55.0,45.34,45.01,61.8,0.8,0.0,5.63,45.0,45.0,0.0,0.0,0.0,120.0,45.01,0.0,0.88,0.0,0.0,0.0,28.87,0.0,58.78,64.98,100.0,46.65
2018-01-06 09:40:00,2,1,61.8,85.0,55.0,45.34,45.01,61.8,0.8,0.0,5.63,45.0,45.0,0.0,0.0,0.0,120.0,45.01,0.0,0.88,0.0,0.0,0.0,28.87,0.0,58.77,64.99,100.0,46.63
2018-01-06 09:41:00,2,1,61.8,85.0,55.0,45.34,45.01,61.8,0.8,0.0,5.63,45.0,45.0,0.0,0.0,0.0,120.0,45.01,0.0,0.88,0.0,0.0,0.0,28.87,0.0,58.76,64.99,100.0,46.62
2018-01-06 09:42:00,2,1,61.8,85.0,55.0,45.34,45.01,61.8,0.8,0.0,5.63,45.0,45.0,0.0,0.0,0.0,120.0,45.01,0.0,0.88,0.0,0.0,0.0,28.88,0.0,58.75,65.0,100.0,46.6
2018-01-06 09:43:00,2,1,61.8,85.0,55.0,45.34,45.01,61.8,0.8,0.0,5.63,45.0,45.0,0.0,0.0,0.0,120.0,45.01,0.0,0.88,0.0,0.0,0.0,28.88,0.0,58.73,65.0,100.0,46.59
2018-01-06 09:44:00,2,1,61.8,85.0,55.0,45.34,45.01,61.8,0.8,0.0,5.63,45.0,45.0,0.0,0.0,0.0,120.0,45.01,0.0,0.88,0.0,0.0,0.0,28.88,0.0,58.72,65.01,100.0,46.57
2018-01-06 09:45:00,2,1,61.8,85.0,55.0,45.34,45.01,61.8,0.8,0.0,5.63,45.0,45.0,0.0,0.0,0.0,120.0,45.01,0.0,0.88,0.0,0.0,0.0,28.88,0.0,58.7,65.01,100.0,46.55
2018-01-06 09:46:00,2,1,61.8,85.0,55.0,45.34,45.01,61.8,0.8,0.0,5.63,45.0,45.0,0.0,0.0,0.0,120.0,45.01,0.0,0.88,0.0,0.0,0.0,28.88,0.0,58.69,65.01,100.0,46.54
2018-01-06 09:47:00,2,1,61.8,85.0,55.0,45.34,45.01,61.8,0.8,0.0,5.63,45.0,45.0,0.0,0.0,0.0,120.0,45.01,0.0,0.88,0.0,0.0,0.0,28.88,0.0,58.67,65.01,100.0,46.52
2018-01-06 09:48:00,2,1,61.8,85.0,55.0,45.35,45.01,61.8,0.8,0.0,5.63,45.0,45.0,0.0,0.0,0.0,120.0,45.01,0.0,0.88,0.0,0.0,0.0,28.89,0.0,58.66,65.02,100.0,46.5
2018-01-06 09:49:00,2,1,61.81,85.0,55.0,45.35,45.01,61.81,0.8,0.0,5.63,45.0,45.0,0.0,0.0,0.0,120.0,45.01,0.0,0.88,0.0,0.0,0.0,28.89,0.0,58.64,65.02,100.0,46.49
2018-01-06 09:50:00,2,1,61.81,85.0,55.0,45.35,45.01,61.81,0.8,0.0,5.63,45.0,45.0,0.0,0.0,0.0,120.0,45.01,0.0,0.88,0.0,0.0,0.0,28.89,0.0,58.63,65.02,100.0,46.47
2018-01-06 09:51:00,2,1,61.81,85.0,55.0,45.35,45.01,61.81,0.8,0.0,5.63,45.0,45.0,0.0,0.0,0.0,120.0,45.01,0.0,0.88,0.0,0.0,0.0,28.9,0.0,58.61,65.02,100.0,46.45
2018-01-06 09:52:00,2,1,61.81,85.0,55.0,45.36,45.01,61.81,0.8,0.0,5.63,45.0,45.0,0.0,0.0,0.0,120.0,45.01,0.0,0.88,0.0,0.0,0.0,28.9,0.0,58.6,65.02,100.0,46.43
2018-01-06 09:53:00,2,1,61.81,85.0,55.0,45.36,45.01,61.81,0.8,0.0,5.63,45.0,45.0,0.0,0.0,0.0,120.0,45.01,0.0,0.88,0.0,0.0,0.0,28.9,0.0,58.58,65.02,100.0,46.41
2018-01-06 09:54:00,2,1,61.82,85.0,55.0,45.36,45.01,61.82,0.8,0.0,5.63,45.0,45.0,0.0,0.0,0.0,120.0,45.01,0.0,0.88,0.0,0.0,0.0,28.91,0.0,58.56,65.02,100.0,46.4
2018-01-06 09:55:00,2,1,61.82,85.0,55.0,45.36,45.01,61.82,0.8,0.0,5.63,45.0,45.0,0.0,0.0,0.0,120.0,45.01,0.0,0.88,0.0,0.0,0.0,28.91,0.0,58.54,65.02,100.0,46.38
2018-01-06 09:56:00,2,1,61.82,85.0,55.0,45.37,45.01,61.82,0.8,0.0,5.63,45.0,45.0,0.0,0.0,0.0,120.0,45.01,0.0,0.88,0.0,0.0,0.0,28.92,0.0,58.53,65.01,100.0,46.36
2018-01-06 09:57:00,2,1,61.82,85.0,55.0,45.37,45.01,61.82,0.8,0.0,5.63,45.0,45.0,0.0,0.0,0.0,120.0,45.01,0.0,0.88,0.0,0.0,0.0,28.92,0.0,58.51,65.01,100.0,46.34
2018-01-06 09:58:00,2,1,61.83,85.0,55.0,45.38,45.01,61.83,0.8,0.0,5.63,45.0,45.0,0.0,0.0,0.0,120.0,45.01,0.0,0.88,0.0,0.0,0.0,28.93,0.0,58.49,65.01,100.0,46.32
2018-01-06 09:59:00,2,1,61.83,85.0,55.0,45.38,45.01,61.83,0.8,0.0,5.63,45.0,45.0,0.0,0.0,0.0,120.0,45.01,0.0,0.88,0.0,0.0,0.0,28.93,0.0,58.47,65.0,100.0,46.3
2018-01-06 10:00:00,2,1,61.83,85.0,55.0,45.39,45.01,61.83,0.8,0.0,5.63,45.0,45.0,0.0,0.0,0.0,120.0,45.01,0.0,0.88,0.0,0.0,0.0,28.94,0.0,58.45,65.0,100.0,46.28
2018-01-06 10:01:00,2,1,61.84,85.0,55.0,45.39,45.01,61.84,0.8,0.0,5.63,45.0,45.0,0.0,0.0,0.0,120.0,45.01,0.0,0.88,0.0,0.0,0.0,28.95,0.0,58.42,64.97,100.0,46.25
2018-01-06 10:02:00,2,1,61.84,85.0,55.0,45.4,45.01,61.84,0.8,0.0,5.63,45.0,45.0,0.0,0.0,0.0,120.0,45.01,0.0,0.88,0.0,0.0,0.0,28.96,0.0,58.39,64.93,100.0,46.23
2018-01-06 10:03:00,2,1,61.85,85.0,55.0,45.41,45.01,61.85,0.8,0.0,5.63,45.0,45.0,0.0,0.0,0.0,120.0,45.01,0.0,0.88,0.0,0.0,0.0,28.97,0.0,58.36,64.9,100.0,46.21
2018-01-06 10:04:00,2,1,61.85,85.0,55.0,45.42,45.01,61.85,0.8,0.0,5.63,45.0,45.0,0.0,0.0,0.0,120.0,45.01,0.0,0.88,0.0,0.0,0.0,28.99,0.0,58.33,64.86,100.0,46.18
2018-01-06 10:05:00,2,1,61.86,85.0,55.0,45.43,45.01,61.86,0.8,0.0,5.63,45.0,45.0,0.0,0.0,0.0,120.0,45.01,0.0,0.88,0.0,0.0,0.0,29.0,0.0,58.29,64.82,100.0,46.16
2018-01-06 10:06:00,2,1,61.87,85.0,55.0,45.44,45.01,61.87,0.8,0.0,5.63,45.0,45.0,0.0,0.0,0.0,120.0,45.01,0.0,0.88,0.0,0.0,0.0,29.01,0.0,58.26,64.77,100.0,46.13
2018-01-06 10:07:00,2,1,61.88,85.0,55.0,45.45,45.01,61.88,0.8,0.0,5.63,45.0,45.0,0.0,0.0,0.0,120.0,45.01,0.0,0.88,0.0,0.0,0.0,29.03,0.0,58.22,64.73,100.0,46.1
2018-01-06 10:08:00,2,1,61.89,85.0,55.0,45.46,45.01,61.89,0.8,0.0,5.63,45.0,45.0,0.0,0.0,0.0,120.0,45.01,0.0,0.88,0.0,0.0,0.0,29.04,0.0,58.19,64.69,100.0,46.07
2018-01-06 10:09:00,2,1,61.9,85.0,55.0,45.48,45.01,61.9,0.8,0.0,5.63,45.0,45.0,0.0,0.0,0.0,120.0,45.01,0.0,0.88,0.0,0.0,0.0,29.06,0.0,58.15,64.65,100.0,46.04
2018-01-06 10:10:00,2,1,61.91,85.0,55.0,45.49,45.01,61.91,0.8,0.0,5.63,45.0,45.0,0.0,0.0,0.0,120.0,45.01,0.0,0.88,0.0,0.0,0.0,29.07,0.0,58.11,64.6,100.0,46.01
2018-01-06 10:11:00,2,1,61.92,85.0,55.0,45.5,45.01,61.92,0.8,0.0,5.63,45.0,45.0,0.0,0.0,0.0,120.0,45.01,0.0,0.88,0.0,0.0,0.0,29.09,0.0,58.07,64.56,100.0,45.98
2018-01-06 10:12:00,2,1,61.93,85.0,55.0,45.51,45.01,61.93,0.8,0.0,5.63,45.0,45.0,0.0,0.0,0.0,120.0,45.01,0.0,0.88,0.0,0.0,0.0,29.1,0.0,58.03,64.51,100.0,45.94
2018-01-06 10:13:00,2,1,61.94,85.0,55.0,45.53,45.01,61.94,0.8,0.0,5.63,45.0,45.0,0.0,0.0,0.0,120.0,45.01,0.0,0.88,0.0,0.0,0.0,29.12,0.0,57.99,64.47,100.0,45.91
2018-01-06 10:14:00,2,1,61.95,85.0,55.0,45.54,45.01,61.95,0.8,0.0,5.63,45.0,45.0,0.0,0.0,0.0,120.0,45.01,0.0,0.88,0.0,0.0,0.0,29.13,0.0,57.95,64.42,100.0,45.88
2018-01-06 10:15:00,2,1,61.96,85.0,55.0,45.56,45.01,61.96,0.8,0.0,5.63,45.0,45.0,0.0,0.0,0.0,120.0,45.01,0.0,0.88,0.0,0.0,0.0,29.15,0.0,57.91,64.38,100.0,45.84
2018-01-06 10:16:00,2,1,61.97,85.0,55.0,45.57,45.01,61.97,0.8,0.0,5.63,45.0,45.0,0.0,0.0,0.0,120.0,45.01,0.0,0.88,0.0,0.0,0.0,29.17,0.0,57.87,64.33,100.0,45.81
2018-01-06 10:17:00,2,1,61.99,85.0,55.0,45.58,45.01,61.99,0.8,0.0,5.63,45.0,45.0,0.0,0.0,0.0,120.0,45.01,0.0,0.88,0.0,0.0,0.0,29.18,0.0,57.83,64.28,100.0,45.77
2018-01-06 10:18:00,2,1,62.0,85.0,55.0,45.6,45.0,62.0,0.8,0.0,5.63,45.0,45.0,0.0,0.0,0.0,120.0,45.0,0.0,0.88,0.0,0.0,0.0,29.2,0.0,57.78,64.23,100.0,45.73
2018-01-06 10:19:00,2,1,62.01,85.0,55.0,45.61,45.0,62.01,0.8,0.0,5.63,45.0,45.0,0.0,0.0,0.0,120.0,45.0,0.0,0.88,0.0,0.0,0.0,29.22,0.0,57.74,64.18,100.0,45.7
2018-01-06 10:20:00,2,1,62.02,85.0,55.0,45.63,45.0,62.02,0.8,0.0,5.63,45.0,45.0,0.0,0.0,0.0,120.0,45.0,0.0,0.88,0.0,0.0,0.0,29.23,0.0,57.7,64.13,100.0,45.66
2018-01-06 10:21:00,2,1,62.04,85.0,55.0,45.65,45.0,62.04,0.8,0.0,5.63,45.0,45.0,0.0,0.0,0.0,120.0,45.0,0.0,0.88,0.0,0.0,0.0,29.25,0.0,57.65,64.09,100.0,45.62
2018-01-06 10:22:00,2,1,62.05,85.0,55.0,45.66,45.0,62.05,0.8,0.0,5.63,45.0,45.0,0.0,0.0,0.0,120.0,45.0,0.0,0.88,0.0,0.0,0.0,29.27,0.0,57.61,64.04,100.0,45.59
2018-01-06 10:23:00,2,1,62.07,85.0,55.0,45.68,45.0,62.07,0.8,0.0,5.63,45.0,45.0,0.0,0.0,0.0,120.0,45.0,0.0,0.88,0.0,0.0,0.0,29.29,0.0,57.57,63.99,100.0,45.55
2018-01-06 10:24:00,2,1,62.08,85.0,55.0,45.69,45.0,62.08,0.8,0.0,5.63,45.0,45.0,0.0,0.0,0.0,120.0,45.0,0.0,0.88,0.0,0.0,0.0,29.3,0.0,57.52,63.93,100.0,45.51
2018-01-06 10:25:00,2,1,62.1,85.0,55.0,45.71,45.0,62.1,0.8,0.0,5.63,45.0,45.0,0.0,0.0,0.0,120.0,45.0,0.0,0.88,0.0,0.0,0.0,29.32,0.0,57.48,63.88,100.0,45.47
2018-01-06 10:26:00,2,1,62.11,85.0,55.0,45.73,45.0,62.11,0.8,0.0,5.63,45.0,45.0,0.0,0.0,0.0,120.0,45.0,0.0,0.88,0.0,0.0,0.0,29.34,0.0,57.43,63.83,100.0,45.43
2018-01-06 10:27:00,2,1,62.13,85.0,55.0,45.74,45.0,62.13,0.8,0.0,5.63,45.0,45.0,0.0,0.0,0.0,120.0,45.0,0.0,0.88,0.0,0.0,0.0,29.36,0.0,57.38,63.78,100.0,45.39
2018-01-06 10:28:00,2,1,62.14,85.0,55.0,45.76,45.0,62.14,0.8,0.0,5.63,45.0,45.0,0.0,0.0,0.0,120.0,45.0,0.0,0.88,0.0,0.0,0.0,29.38,0.0,57.34,63.73,100.0,45.35
2018-01-06 10:29:00,2,1,62.16,85.0,55.0,45.78,45.0,62.16,0.8,0.0,5.63,45.0,45.0,0.0,0.0,0.0,120.0,45.0,0.0,0.88,0.0,0.0,0.0,29.4,0.0,57.29,63.68,100.0,45.31
2018-01-06 10:30:00,2,1,62.17,85.0,55.0,45.79,45.0,62.17,0.8,0.0,5.63,45.0,45.0,0.0,0.0,0.0,120.0,45.0,0.0,0.88,0.0,0.0,0.0,29.42,0.0,57.25,63.62,100.0,45.27
2018-01-06 10:31:00,2,1,62.19,85.0,55.0,45.81,45.0,62.19,0.8,0.0,5.63,45.0,45.0,0.0,0.0,0.0,120.0,45.0,0.0,0.88,0.0,0.0,0.0,29.43,0.0,57.2,63.57,100.0,45.23
2018-01-06 10:32:00,2,1,62.2,85.0,55.0,45.83,45.0,62.2,0.8,0.0,5.63,45.0,45.0,0.0,0.0,0.0,120.0,45.0,0.0,0.88,0.0,0.0,0.0,29.45,0.0,57.15,63.52,100.0,45.19
2018-01-06 10:33:00,2,1,62.22,85.0,55.0,45.85,45.0,62.22,0.8,0.0,5.63,45.0,45.0,0.0,0.0,0.0,120.0,45.0,0.0,0.88,0.0,0.0,0.0,29.47,0.0,57.11,63.47,100.0,45.15
2018-01-06 10:34:00,2,1,62.23,85.0,55.0,45.86,45.0,62.23,0.8,0.0,5.63,45.0,45.0,0.0,0.0,0.0,120.0,45.0,0.0,0.88,0.0,0.0,0.0,29.49,0.0,57.06,63.41,100.0,45.11
2018-01-06 10:35:00,2,1,62.25,85.0,55.0,45.88,45.0,62.25,0.8,0.0,5.63,45.0,45.0,0.0,0.0,0.0,120.0,45.0,0.0,0.88,0.0,0.0,0.0,29.51,0.0,57.01,63.36,100.0,45.07
2018-01-06 10:36:00,2,1,62.27,85.0,55.0,45.9,45.0,62.27,0.8,0.0,5.63,45.0,45.0,0.0,0.0,0.0,120.0,45.0,0.0,0.88,0.0,0.0,0.0,29.53,0.0,56.97,63.31,100.0,45.03
2018-01-06 10:37:00,2,1,62.28,85.0,55.0,45.92,45.0,62.28,0.8,0.0,5.63,45.0,45.0,0.0,0.0,0.0,120.0,45.0,0.0,0.88,0.0,0.0,0.0,29.55,0.0,56.92,63.25,100.0,44.99
2018-01-06 10:38:00,2,1,62.3,85.0,55.0,45.93,45.0,62.3,0.8,0.0,5.63,45.0,45.0,0.0,0.0,0.0,120.0,45.0,0.0,0.88,0.0,0.0,0.0,29.57,0.0,56.87,63.2,100.0,44.95
2018-01-06 10:39:00,2,1,62.32,85.0,55.0,45.95,45.0,62.32,0.8,0.0,5.63,45.0,45.0,0.0,0.0,0.0,120.0,45.0,0.0,0.88,0.0,0.0,0.0,29.59,0.0,56.82,63.15,100.0,44.91
2018-01-06 10:40:00,2,1,62.33,85.0,55.0,45.97,45.0,62.33,0.8,0.0,5.63,45.0,45.0,0.0,0.0,0.0,120.0,45.0,0.0,0.88,0.0,0.0,0.0,29.61,0.0,56.78,63.09,100.0,44.87
2018-01-06 10:41:00,2,1,62.35,85.0,55.0,45.99,45.0,62.35,0.8,0.0,5.63,45.0,45.0,0.0,0.0,0.0,120.0,45.0,0.0,0.88,0.0,0.0,0.0,29.63,0.0,56.73,63.04,100.0,44.83
2018-01-06 10:42:00,2,1,62.36,85.0,55.0,46.01,45.0,62.36,0.8,0.0,5.63,45.0,45.0,0.0,0.0,0.0,120.0,45.0,0.0,0.88,0.0,0.0,0.0,29.65,0.0,56.68,62.99,100.0,44.79
2018-01-06 10:43:00,2,1,62.38,85.0,55.0,46.02,45.0,62.38,0.8,0.0,5.63,45.0,45.0,0.0,0.0,0.0,120.0,45.0,0.0,0.88,0.0,0.0,0.0,29.67,0.0,56.63,62.93,100.0,44.75
2018-01-06 10:44:00,2,1,62.4,85.0,55.0,46.04,45.0,62.4,0.8,0.0,5.63,45.0,45.0,0.0,0.0,0.0,120.0,45.0,0.0,0.88,0.0,0.0,0.0,29.69,0.0,56.59,62.88,100.0,44.71
2018-01-06 10:45:00,2,1,62.41,85.0,55.0,46.06,45.0,62.41,0.8,0.0,5.63,45.0,45.0,0.0,0.0,0.0,120.0,45.0,0.0,0.88,0.0,0.0,0.0,29.71,0.0,56.54,62.83,100.0,44.67
2018-01-06 10:46:00,2,1,62.43,85.0,55.0,46.08,45.0,62.43,0.8,0.0,5.63,45.0,45.0,0.0,0.0,0.0,120.0,45.0,0.0,0.88,0.0,0.0,0.0,29.73,0.0,56.49,62.77,100.0,44.62
2018-01-06 10:47:00,2,1,62.45,85.0,55.0,46.1,45.0,62.45,0.8,0.0,5.63,45.0,45.0,0.0,0.0,0.0,120.0,45.0,0.0,0.88,0.0,0.0,0.0,29.75,0.0,56.44,62.72,100.0,44.58
2018-01-06 10:48:00,2,1,62.46,85.0,55.0,46.12,45.0,62.46,0.8,0.0,5.63,45.0,45.0,0.0,0.0,0.0,120.0,45.0,0.0,0.88,0.0,0.0,0.0,29.77,0.0,56.4,62.66,100.0,44.54
2018-01-06 10:49:00,2,1,62.48,85.0,55.0,46.13,45.0,62.48,0.8,0.0,5.63,45.0,45.0,0.0,0.0,0.0,120.0,45.0,0.0,0.88,0.0,0.0,0.0,29.79,0.0,56.35,62.61,100.0,44.5
2018-01-06 10:50:00,2,1,62.5,85.0,55.0,46.15,45.0,62.5,0.8,0.0,5.63,45.0,45.0,0.0,0.0,0.0,120.0,45.0,0.0,0.88,0.0,0.0,0.0,29.81,0.0,56.3,62.56,100.0,44.46
2018-01-06 10:51:00,2,1,62.51,85.0,55.0,46.17,45.0,62.51,0.8,0.0,5.63,45.0,45.0,0.0,0.0,0.0,120.0,45.0,0.0,0.88,0.0,0.0,0.0,29.83,0.0,56.26,62.51,100.0,44.42
2018-01-06 10:52:00,2,1,62.53,85.0,55.0,46.19,45.0,62.53,0.8,0.0,5.63,45.0,45.0,0.0,0.0,0.0,120.0,45.0,0.0,0.88,0.0,0.0,0.0,29.85,0.0,56.21,62.45,100.0,44.38
2018-01-06 10:53:00,2,1,62.54,85.0,55.0,46.21,45.0,62.54,0.8,0.0,5.63,45.0,45.0,0.0,0.0,0.0,120.0,45.0,0.0,0.88,0.0,0.0,0.0,29.87,0.0,56.16,62.4,100.0,44.34
2018-01-06 10:54:00,2,1,62.56,85.0,55.0,46.23,45.0,62.56,0.8,0.0,5.63,45.0,45.0,0.0,0.0,0.0,120.0,45.0,0.0,0.88,0.0,0.0,0.0,29.89,0.0,56.12,62.35,100.0,44.3
2018-01-06 10:55:00,2,1,62.58,85.0,55.0,46.24,45.0,62.58,0.8,0.0,5.63,45.0,45.0,0.0,0.0,0.0,120.0,45.0,0.0,0.88,0.0,0.0,0.0,29.91,0.0,56.07,62.3,100.0,44.26
2018-01-06 10:56:00,2,1,62.59,85.0,55.0,46.26,45.0,62.59,0.8,0.0,5.63,45.0,45.0,0.0,0.0,0.0,120.0,45.0,0.0,0.88,0.0,0.0,0.0,29.93,0.0,56.02,62.24,100.0,44.23
2018-01-06 10:57:00,2,1,62.61,85.0,55.0,46.28,45.0,62.61,0.8,0.0,5.63,45.0,45.0,0.0,0.0,0.0,120.0,45.0,0.0,0.88,0.0,0.0,0.0,29.95,0.0,55.98,62.19,100.0,44.19
2018-01-06 10:58:00,2,1,62.62,85.0,55.0,46.3,45.0,62.62,0.8,0.0,5.63,45.0,45.0,0.0,0.0,0.0,120.0,45.0,0.0,0.88,0.0,0.0,0.0,29.97,0.0,55.93,62.14,100.0,44.15
2018-01-06 10:59:00,2,1,62.64,85.0,55.0,46.32,45.0,62.64,0.8,0.0,5.63,45.0,45.0,0.0,0.0,0.0,120.0,45.0,0.0,0.88,0.0,0.0,0.0,29.99,0.0,55.89,62.09,100.0,44.11
2018-01-06 11:00:00,2,1,62.66,85.0,55.0,46.33,45.0,62.66,0.8,0.0,5.63,45.0,45.0,0.0,0.0,0.0,120.0,45.0,0.0,0.88,0.0,0.0,0.0,30.01,0.0,55.84,62.04,100.0,44.07
2018-01-06 11:01:00,2,1,62.67,85.0,55.0,46.35,45.0,62.67,0.8,0.0,5.63,45.0,45.0,0.0,0.0,0.0,120.0,45.0,0.0,0.88,0.0,0.0,0.0,30.03,0.0,55.8,62.0,100.0,44.03
2018-01-06 11:02:00,2,1,62.68,85.0,55.0,46.36,45.0,62.68,0.8,0.0,5.63,45.0,45.0,0.0,0.0,0.0,120.0,45.0,0.0,0.88,0.0,0.0,0.0,30.04,0.0,55.76,61.96,100.0,44.0
2018-01-06 11:03:00,2,1,62.7,85.0,55.0,46.38,45.0,62.7,0.8,0.0,5.63,45.0,45.0,0.0,0.0,0.0,120.0,45.0,0.0,0.88,0.0,0.0,0.0,30.06,0.0,55.72,61.93,100.0,43.97
2018-01-06 11:04:00,2,1,62.71,85.0,55.0,46.39,45.0,62.71,0.8,0.0,5.63,45.0,45.0,0.0,0.0,0.0,120.0,45.0,0.0,0.88,0.0,0.0,0.0,30.07,0.0,55.69,61.89,100.0,43.93
2018-01-06 11:05:00,2,1,62.72,85.0,55.0,46.4,45.0,62.72,0.8,0.0,5.63,45.0,45.0,0.0,0.0,0.0,120.0,45.0,0.0,0.88,0.0,0.0,0.0,30.09,0.0,55.66,61.86,100.0,43.91
2018-01-06 11:06:00,2,1,62.72,85.0,55.0,46.41,45.0,62.72,0.8,0.0,5.63,45.0,45.0,0.0,0.0,0.0,120.0,45.0,0.0,0.88,0.0,0.0,0.0,30.11,0.0,55.62,61.82,100.0,43.88
2018-01-06 11:07:00,2,1,62.73,85.0,55.0,46.43,45.0,62.73,0.8,0.0,5.63,45.0,45.0,0.0,0.0,0.0,120.0,45.0,0.0,0.88,0.0,0.0,0.0,30.12,0.0,55.59,61.79,100.0,43.85
2018-01-06 11:08:00,2,1,62.74,85.0,55.0,46.44,45.0,62.74,0.8,0.0,5.63,45.0,45.0,0.0,0.0,0.0,120.0,45.0,0.0,0.88,0.0,0.0,0.0,30.14,0.0,55.56,61.75,100.0,43.83
2018-01-06 11:09:00,2,1,62.74,85.0,55.0,46.45,45.0,62.74,0.8,0.0,5.63,45.0,45.0,0.0,0.0,0.0,120.0,45.0,0.0,0.88,0.0,0.0,0.0,30.15,0.0,55.53,61.72,100.0,43.81
2018-01-06 11:10:00,2,1,62.75,85.0,55.0,46.46,45.0,62.75,0.8,0.0,5.63,45.0,45.0,0.0,0.0,0.0,120.0,45.0,0.0,0.88,0.0,0.0,0.0,30.17,0.0,55.5,61.69,100.0,43.79
2018-01-06 11:11:00,2,1,62.75,85.0,55.0,46.47,45.0,62.75,0.8,0.0,5.63,45.0,45.0,0.0,0.0,0.0,120.0,45.0,0.0,0.88,0.0,0.0,0.0,30.18,0.0,55.48,61.65,100.0,43.77
2018-01-06 11:12:00,2,1,62.76,85.0,55.0,46.48,45.0,62.76,0.8,0.0,5.63,45.0,45.0,0.0,0.0,0.0,120.0,45.0,0.0,0.88,0.0,0.0,0.0,30.2,0.0,55.45,61.62,100.0,43.75
2018-01-06 11:13:00,2,1,62.76,85.0,55.0,46.49,45.0,62.76,0.8,0.0,5.63,45.0,45.0,0.0,0.0,0.0,120.0,45.0,0.0,0.88,0.0,0.0,0.0,30.21,0.0,55.42,61.59,100.0,43.73
2018-01-06 11:14:00,2,1,62.76,85.0,55.0,46.49,45.0,62.76,0.8,0.0,5.63,45.0,45.0,0.0,0.0,0.0,120.0,45.0,0.0,0.88,0.0,0.0,0.0,30.23,0.0,55.4,61.55,100.0,43.71
2018-01-06 11:15:00,2,1,62.76,85.0,55.0,46.5,45.0,62.76,0.8,0.0,5.63,45.0,45.0,0.0,0.0,0.0,120.0,45.0,0.0,0.88,0.0,0.0,0.0,30.24,0.0,55.37,61.52,100.0,43.7
2018-01-06 11:16:00,2,1,62.77,85.0,55.0,46.51,45.0,62.77,0.8,0.0,5.63,45.0,45.0,0.0,0.0,0.0,120.0,45.0,0.0,0.88,0.0,0.0,0.0,30.26,0.0,55.35,61.49,100.0,43.68
2018-01-06 11:17:00,2,1,62.77,85.0,55.0,46.52,45.0,62.77,0.8,0.0,5.63,45.0,45.0,0.0,0.0,0.0,120.0,45.0,0.0,0.88,0.0,0.0,0.0,30.27,0.0,55.32,61.46,100.0,43.66
2018-01-06 11:18:00,2,1,62.77,85.0,55.0,46.53,45.0,62.77,0.8,0.0,5.63,45.0,45.0,0.0,0.0,0.0,120.0,45.0,0.0,0.88,0.0,0.0,0.0,30.29,0.0,55.3,61.42,100.0,43.65
2018-01-06 11:19:00,2,1,62.77,85.0,55.0,46.53,45.0,62.77,0.8,0.0,5.63,45.0,45.0,0.0,0.0,0.0,120.0,45.0,0.0,0.88,0.0,0.0,0.0,30.3,0.0,55.27,61.39,100.0,43.64
2018-01-06 11:20:00,2,1,62.77,85.0,55.0,46.54,45.0,62.77,0.8,0.0,5.63,45.0,45.0,0.0,0.0,0.0,120.0,45.0,0.0,0.88,0.0,0.0,0.0,30.32,0.0,55.25,61.36,100.0,43.62
2018-01-06 11:21:00,2,1,62.77,85.0,55.0,46.55,45.0,62.77,0.8,0.0,5.63,45.0,45.0,0.0,0.0,0.0,120.0,45.0,0.0,0.88,0.0,0.0,0.0,30.33,0.0,55.23,61.33,100.0,43.61
2018-01-06 11:22:00,2,1,62.77,85.0,55.0,46.56,45.0,62.77,0.8,0.0,5.63,45.0,45.0,0.0,0.0,0.0,120.0,45.0,0.0,0.88,0.0,0.0,0.0,30.35,0.0,55.2,61.29,100.0,43.59
2018-01-06 11:23:00,2,1,62.77,85.0,55.0,46.56,45.0,62.77,0.8,0.0,5.63,45.0,45.0,0.0,0.0,0.0,120.0,45.0,0.0,0.88,0.0,0.0,0.0,30.36,0.0,55.18,61.26,100.0,43.58
2018-01-06 11:24:00,2,1,62.77,85.0,55.0,46.57,45.0,62.77,0.8,0.0,5.63,45.0,45.0,0.0,0.0,0.0,120.0,45.0,0.0,0.88,0.0,0.0,0.0,30.37,0.0,55.16,61.23,100.0,43.57
2018-01-06 11:25:00,2,1,62.77,85.0,55.0,46.58,45.0,62.77,0.8,0.0,5.63,45.0,45.0,0.0,0.0,0.0,120.0,45.0,0.0,0.88,0.0,0.0,0.0,30.39,0.0,55.13,61.2,100.0,43.56
2018-01-06 11:26:00,2,1,62.77,85.0,55.0,46.58,45.0,62.77,0.8,0.0,5.63,45.0,45.0,0.0,0.0,0.0,120.0,45.0,0.0,0.88,0.0,0.0,0.0,30.4,0.0,55.11,61.17,100.0,43.55
2018-01-06 11:27:00,2,1,62.76,85.0,55.0,46.59,45.0,62.76,0.8,0.0,5.63,45.0,45.0,0.0,0.0,0.0,120.0,45.0,0.0,0.88,0.0,0.0,0.0,30.42,0.0,55.09,61.13,100.0,43.53
2018-01-06 11:28:00,2,1,62.76,85.0,55.0,46.6,45.0,62.76,0.8,0.0,5.63,45.0,45.0,0.0,0.0,0.0,120.0,45.0,0.0,0.88,0.0,0.0,0.0,30.43,0.0,55.07,61.1,100.0,43.52
2018-01-06 11:29:00,2,1,62.76,85.0,55.0,46.61,45.0,62.76,0.8,0.0,5.63,45.0,45.0,0.0,0.0,0.0,120.0,45.0,0.0,0.88,0.0,0.0,0.0,30.45,0.0,55.05,61.07,100.0,43.51
2018-01-06 11:30:00,2,1,62.76,85.0,55.0,46.61,45.0,62.76,0.8,0.0,5.63,45.0,45.0,0.0,0.0,0.0,120.0,45.0,0.0,0.88,0.0,0.0,0.0,30.46,0.0,55.02,61.04,100.0,43.5
2018-01-06 11:31:00,2,1,62.76,85.0,55.0,46.62,45.0,62.76,0.8,0.0,5.63,45.0,45.0,0.0,0.0,0.0,120.0,45.0,0.0,0.88,0.0,0.0,0.0,30.48,0.0,55.0,61.0,100.0,43.49
2018-01-06 11:32:00,2,1,62.76,85.0,55.0,46.63,45.0,62.76,0.8,0.0,5.63,45.0,45.0,0.0,0.0,0.0,120.0,45.0,0.0,0.88,0.0,0.0,0.0,30.49,0.0,54.98,60.97,100.0,43.47
2018-01-06 11:33:00,2,1,62.76,85.0,55.0,46.63,45.0,62.76,0.8,0.0,5.63,45.0,45.0,0.0,0.0,0.0,120.0,45.0,0.0,0.88,0.0,0.0,0.0,30.51,0.0,54.96,60.94,100.0,43.46
2018-01-06 11:34:00,2,1,62.76,85.0,55.0,46.64,45.0,62.76,0.8,0.0,5.63,45.0,45.0,0.0,0.0,0.0,120.0,45.0,0.0,0.88,0.0,0.0,0.0,30.52,0.0,54.93,60.91,100.0,43.45
2018-01-06 11:35:00,2,1,62.76,85.0,55.0,46.65,45.0,62.76,0.8,0.0,5.63,45.0,45.0,0.0,0.0,0.0,120.0,45.0,0.0,0.88,0.0,0.0,0.0,30.54,0.0,54.91,60.88,100.0,43.44
2018-01-06 11:36:00,2,1,62.76,85.0,55.0,46.65,45.0,62.76,0.8,0.0,5.63,45.0,45.0,0.0,0.0,0.0,120.0,45.0,0.0,0.88,0.0,0.0,0.0,30.55,0.0,54.89,60.84,100.0,43.43
2018-01-06 11:37:00,2,1,62.75,85.0,55.0,46.66,45.0,62.75,0.8,0.0,5.63,45.0,45.0,0.0,0.0,0.0,120.0,45.0,0.0,0.88,0.0,0.0,0.0,30.57,0.0,54.87,60.81,100.0,43.41
2018-01-06 11:38:00,2,1,62.75,85.0,55.0,46.67,45.0,62.75,0.8,0.0,5.63,45.0,45.0,0.0,0.0,0.0,120.0,45.0,0.0,0.88,0.0,0.0,0.0,30.58,0.0,54.84,60.78,100.0,43.4
2018-01-06 11:39:00,2,1,62.75,85.0,55.0,46.68,45.0,62.75,0.8,0.0,5.63,45.0,45.0,0.0,0.0,0.0,120.0,45.0,0.0,0.88,0.0,0.0,0.0,30.6,0.0,54.82,60.74,100.0,43.39
2018-01-06 11:40:00,2,1,62.75,85.0,55.0,46.68,45.0,62.75,0.8,0.0,5.63,45.0,45.0,0.0,0.0,0.0,120.0,45.0,0.0,0.88,0.0,0.0,0.0,30.61,0.0,54.8,60.71,100.0,43.38
2018-01-06 11:41:00,2,1,62.75,85.0,55.0,46.69,45.0,62.75,0.8,0.0,5.63,45.0,45.0,0.0,0.0,0.0,120.0,45.0,0.0,0.88,0.0,0.0,0.0,30.63,0.0,54.77,60.68,100.0,43.36
2018-01-06 11:42:00,2,1,62.75,85.0,55.0,46.7,45.0,62.75,0.8,0.0,5.63,45.0,45.0,0.0,0.0,0.0,120.0,45.0,0.0,0.88,0.0,0.0,0.0,30.64,0.0,54.75,60.65,100.0,43.35
2018-01-06 11:43:00,2,1,62.75,85.0,55.0,46.71,45.0,62.75,0.8,0.0,5.63,45.0,45.0,0.0,0.0,0.0,120.0,45.0,0.0,0.88,0.0,0.0,0.0,30.66,0.0,54.73,60.61,100.0,43.33
2018-01-06 11:44:00,2,1,62.76,85.0,55.0,46.71,45.0,62.76,0.8,0.0,5.63,45.0,45.0,0.0,0.0,0.0,120.0,45.0,0.0,0.88,0.0,0.0,0.0,30.67,0.0,54.7,60.58,100.0,43.32
2018-01-06 11:45:00,2,1,62.76,85.0,55.0,46.72,45.0,62.76,0.8,0.0,5.63,45.0,45.0,0.0,0.0,0.0,120.0,45.0,0.0,0.88,0.0,0.0,0.0,30.69,0.0,54.68,60.55,100.0,43.3
2018-01-06 11:46:00,2,1,62.76,85.0,55.0,46.73,45.0,62.76,0.8,0.0,5.63,45.0,45.0,0.0,0.0,0.0,120.0,45.0,0.0,0.88,0.0,0.0,0.0,30.7,0.0,54.65,60.51,100.0,43.29
2018-01-06 11:47:00,2,1,62.76,85.0,55.0,46.74,45.0,62.76,0.8,0.0,5.63,45.0,45.0,0.0,0.0,0.0,120.0,45.0,0.0,0.88,0.0,0.0,0.0,30.72,0.0,54.63,60.48,100.0,43.27
2018-01-06 11:48:00,2,1,62.76,85.0,55.0,46.75,45.0,62.76,0.8,0.0,5.63,45.0,45.0,0.0,0.0,0.0,120.0,45.0,0.0,0.88,0.0,0.0,0.0,30.73,0.0,54.6,60.44,100.0,43.26
2018-01-06 11:49:00,2,1,62.76,85.0,55.0,46.75,45.0,62.76,0.8,0.0,5.63,45.0,45.0,0.0,0.0,0.0,120.0,45.0,0.0,0.88,0.0,0.0,0.0,30.75,0.0,54.58,60.41,100.0,43.24
2018-01-06 11:50:00,2,1,62.77,85.0,55.0,46.76,45.0,62.77,0.8,0.0,5.63,45.0,45.0,0.0,0.0,0.0,120.0,45.0,0.0,0.88,0.0,0.0,0.0,30.76,0.0,54.55,60.37,100.0,43.22
2018-01-06 11:51:00,2,1,62.77,85.0,55.0,46.77,45.0,62.77,0.8,0.0,5.63,45.0,45.0,0.0,0.0,0.0,120.0,45.0,0.0,0.88,0.0,0.0,0.0,30.78,0.0,54.52,60.34,100.0,43.2
2018-01-06 11:52:00,2,1,62.77,85.0,55.0,46.78,45.0,62.77,0.8,0.0,5.63,45.0,45.0,0.0,0.0,0.0,120.0,45.0,0.0,0.88,0.0,0.0,0.0,30.79,0.0,54.5,60.31,100.0,43.19
2018-01-06 11:53:00,2,1,62.78,85.0,55.0,46.79,45.0,62.78,0.8,0.0,5.63,45.0,45.0,0.0,0.0,0.0,120.0,45.0,0.0,0.88,0.0,0.0,0.0,30.81,0.0,54.47,60.27,100.0,43.17
2018-01-06 11:54:00,2,1,62.78,85.0,55.0,46.8,45.0,62.78,0.8,0.0,5.63,45.0,45.0,0.0,0.0,0.0,120.0,45.0,0.0,0.88,0.0,0.0,0.0,30.82,0.0,54.44,60.23,100.0,43.15
2018-01-06 11:55:00,2,1,62.79,85.0,55.0,46.81,45.0,62.79,0.8,0.0,5.63,45.0,45.0,0.0,0.0,0.0,120.0,45.0,0.0,0.88,0.0,0.0,0.0,30.84,0.0,54.41,60.2,100.0,43.12
2018-01-06 11:56:00,2,1,62.79,85.0,55.0,46.82,45.0,62.79,0.8,0.0,5.63,45.0,45.0,0.0,0.0,0.0,120.0,45.0,0.0,0.88,0.0,0.0,0.0,30.85,0.0,54.38,60.16,100.0,43.1
2018-01-06 11:57:00,2,1,62.8,85.0,55.0,46.83,45.0,62.8,0.8,0.0,5.63,45.0,45.0,0.0,0.0,0.0,120.0,45.0,0.0,0.88,0.0,0.0,0.0,30.87,0.0,54.35,60.13,100.0,43.08
2018-01-06 11:58:00,2,1,62.81,85.0,55.0,46.84,45.0,62.81,0.8,0.0,5.63,45.0,45.0,0.0,0.0,0.0,120.0,45.0,0.0,0.88,0.0,0.0,0.0,30.88,0.0,54.32,60.09,100.0,43.06
2018-01-06 11:59:00,2,1,62.81,85.0,55.0,46.85,45.0,62.81,0.8,0.0,5.63,45.0,45.0,0.0,0.0,0.0,120.0,45.0,0.0,0.88,0.0,0.0,0.0,30.9,0.0,54.29,60.05,100.0,43.03
2018-01-06 12:00:00,2,1,62.82,85.0,55.0,46.87,45.0,62.82,0.8,0.0,5.63,45.0,45.0,0.0,0.0,0.0,120.0,45.0,0.0,0.88,0.0,0.0,0.0,30.91,0.0,54.26,60.02,100.0,43.01
2018-01-06 12:01:00,2,1,62.83,85.0,55.0,46.88,45.0,62.83,0.8,0.0,5.63,45.0,45.0,0.0,0.0,0.0,120.0,45.0,0.0,0.88,0.0,0.0,0.0,30.93,0.0,54.23,59.98,100.0,42.98
2018-01-06 12:02:00,2,1,62.84,85.0,55.0,46.89,45.0,62.84,0.8,0.0,5.63,45.0,45.0,0.0,0.0,0.0,120.0,45.0,0.0,0.88,0.0,0.0,0.0,30.94,0.0,54.19,59.94,100.0,42.95
2018-01-06 12:03:00,2,1,62.85,85.0,55.0,46.91,45.0,62.85,0.8,0.0,5.63,45.0,45.0,0.0,0.0,0.0,120.0,45.0,0.0,0.88,0.0,0.0,0.0,30.96,0.0,54.15,59.9,100.0,42.92
2018-01-06 12:04:00,2,1,62.87,85.0,55.0,46.92,45.0,62.87,0.8,0.0,5.63,45.0,45.0,0.0,0.0,0.0,120.0,45.0,0.0,0.88,0.0,0.0,0.0,30.97,0.0,54.11,59.87,100.0,42.88
2018-01-06 12:05:00,2,1,62.89,85.0,55.0,46.94,45.0,62.89,0.8,0.0,5.63,45.0,45.0,0.0,0.0,0.0,120.0,45.0,0.0,0.88,0.0,0.0,0.0,30.99,0.0,54.07,59.83,100.0,42.83
2018-01-06 12:06:00,2,1,62.91,85.0,55.0,46.96,45.0,62.91,0.8,0.0,5.63,45.0,45.0,0.0,0.0,0.0,120.0,45.0,0.0,0.88,0.0,0.0,0.0,31.0,0.0,54.02,59.79,100.0,42.79
2018-01-06 12:07:00,2,1,62.94,85.0,55.0,46.98,45.0,62.94,0.8,0.0,5.63,45.0,45.0,0.0,0.0,0.0,120.0,45.0,0.0,0.88,0.0,0.0,0.0,31.02,0.0,53.97,59.75,100.0,42.74
2018-01-06 12:08:00,2,1,62.96,85.0,55.0,47.0,45.0,62.96,0.8,0.0,5.63,45.0,45.0,0.0,0.0,0.0,120.0,45.0,0.0,0.88,0.0,0.0,0.0,31.03,0.0,53.92,59.71,100.0,42.69
2018-01-06 12:09:00,2,1,62.99,85.0,55.0,47.02,45.0,62.99,0.8,0.0,5.63,45.0,45.0,0.0,0.0,0.0,120.0,45.0,0.0,0.88,0.0,0.0,0.0,31.05,0.0,53.87,59.67,100.0,42.63
2018-01-06 12:10:00,2,1,63.02,85.0,55.0,47.04,45.0,63.02,0.8,0.0,5.63,45.0,45.0,0.0,0.0,0.0,120.0,45.0,0.0,0.88,0.0,0.0,0.0,31.06,0.0,53.82,59.63,100.0,42.58
2018-01-06 12:11:00,2,1,63.05,85.0,55.0,47.06,45.0,63.05,0.8,0.0,5.63,45.0,45.0,0.0,0.0,0.0,120.0,45.0,0.0,0.88,0.0,0.0,0.0,31.08,0.0,53.77,59.59,100.0,42.52
2018-01-06 12:12:00,2,1,63.08,85.0,55.0,47.09,45.0,63.08,0.8,0.0,5.63,45.0,45.0,0.0,0.0,0.0,120.0,45.0,0.0,0.88,0.0,0.0,0.0,31.09,0.0,53.71,59.54,100.0,42.46
2018-01-06 12:13:00,2,1,63.11,85.0,55.0,47.11,45.0,63.11,0.8,0.0,5.63,45.0,45.0,0.0,0.0,0.0,120.0,45.0,0.0,0.88,0.0,0.0,0.0,31.11,0.0,53.65,59.5,100.0,42.39
2018-01-06 12:14:00,2,1,63.15,85.0,55.0,47.14,45.0,63.15,0.8,0.0,5.63,45.0,45.0,0.0,0.0,0.0,120.0,45.0,0.0,0.88,0.0,0.0,0.0,31.12,0.0,53.6,59.46,100.0,42.33
2018-01-06 12:15:00,2,1,63.18,85.0,55.0,47.16,45.0,63.18,0.8,0.0,5.63,45.0,45.0,0.0,0.0,0.0,120.0,45.0,0.0,0.88,0.0,0.0,0.0,31.14,0.0,53.54,59.42,100.0,42.26
2018-01-06 12:16:00,2,1,63.22,85.0,55.0,47.19,45.0,63.22,0.8,0.0,5.63,45.0,45.0,0.0,0.0,0.0,120.0,45.0,0.0,0.88,0.0,0.0,0.0,31.15,0.0,53.48,59.38,100.0,42.2
2018-01-06 12:17:00,2,1,63.26,85.0,55.0,47.21,45.0,63.26,0.8,0.0,5.63,45.0,45.0,0.0,0.0,0.0,120.0,45.0,0.0,0.88,0.0,0.0,0.0,31.17,0.0,53.42,59.33,100.0,42.13
2018-01-06 12:18:00,2,1,63.3,85.0,55.0,47.24,45.0,63.3,0.8,0.0,5.63,45.0,45.0,0.0,0.0,0.0,120.0,45.0,0.0,0.88,0.0,0.0,0.0,31.19,0.0,53.35,59.29,100.0,42.06
2018-01-06 12:19:00,2,1,63.34,85.0,55.0,47.27,45.0,63.34,0.8,0.0,5.63,45.0,45.0,0.0,0.0,0.0,120.0,45.0,0.0,0.88,0.0,0.0,0.0,31.2,0.0,53.29,59.24,100.0,41.99
2018-01-06 12:20:00,2,1,63.38,85.0,55.0,47.3,45.0,63.38,0.8,0.0,5.63,45.0,45.0,0.0,0.0,0.0,120.0,45.0,0.0,0.88,0.0,0.0,0.0,31.22,0.0,53.23,59.2,100.0,41.91
2018-01-06 12:21:00,2,1,63.42,85.0,55.0,47.33,45.0,63.42,0.8,0.0,5.63,45.0,45.0,0.0,0.0,0.0,120.0,45.0,0.0,0.88,0.0,0.0,0.0,31.23,0.0,53.16,59.15,100.0,41.84
2018-01-06 12:22:00,2,1,63.46,85.0,55.0,47.36,45.0,63.46,0.8,0.0,5.63,45.0,45.0,0.0,0.0,0.0,120.0,45.0,0.0,0.88,0.0,0.0,0.0,31.25,0.0,53.1,59.11,100.0,41.77
2018-01-06 12:23:00,2,1,63.5,85.0,55.0,47.39,45.0,63.5,0.8,0.0,5.63,45.0,45.0,0.0,0.0,0.0,120.0,45.0,0.0,0.88,0.0,0.0,0.0,31.27,0.0,53.03,59.06,100.0,41.69
2018-01-06 12:24:00,2,1,63.55,85.0,55.0,47.42,45.0,63.55,0.8,0.0,5.63,45.0,45.0,0.0,0.0,0.0,120.0,45.0,0.0,0.88,0.0,0.0,0.0,31.28,0.0,52.96,59.02,100.0,41.62
2018-01-06 12:25:00,2,1,63.59,85.0,55.0,47.45,45.0,63.59,0.8,0.0,5.63,45.0,45.0,0.0,0.0,0.0,120.0,45.0,0.0,0.88,0.0,0.0,0.0,31.3,0.0,52.89,58.97,100.0,41.54
2018-01-06 12:26:00,2,1,63.64,85.0,55.0,47.48,45.0,63.64,0.8,0.0,5.63,45.0,45.0,0.0,0.0,0.0,120.0,45.0,0.0,0.88,0.0,0.0,0.0,31.32,0.0,52.83,58.92,100.0,41.46
2018-01-06 12:27:00,2,1,63.68,85.0,55.0,47.51,45.0,63.68,0.8,0.0,5.63,45.0,45.0,0.0,0.0,0.0,120.0,45.0,0.0,0.88,0.0,0.0,0.0,31.33,0.0,52.76,58.88,100.0,41.38
2018-01-06 12:28:00,2,1,63.73,85.0,55.0,47.54,45.0,63.73,0.8,0.0,5.63,45.0,45.0,0.0,0.0,0.0,120.0,45.0,0.0,0.88,0.0,0.0,0.0,31.35,0.0,52.69,58.83,100.0,41.3
2018-01-06 12:29:00,2,1,63.78,85.0,55.0,47.57,45.0,63.78,0.8,0.0,5.63,45.0,45.0,0.0,0.0,0.0,120.0,45.0,0.0,0.88,0.0,0.0,0.0,31.37,0.0,52.62,58.78,100.0,41.22
2018-01-06 12:30:00,2,1,63.82,85.0,55.0,47.6,45.0,63.82,0.8,0.0,5.63,45.0,45.0,0.0,0.0,0.0,120.0,45.0,0.0,0.88,0.0,0.0,0.0,31.38,0.0,52.55,58.73,100.0,41.15
2018-01-06 12:31:00,2,1,63.87,85.0,55.0,47.64,45.0,63.87,0.8,0.0,5.63,45.0,45.0,0.0,0.0,0.0,120.0,45.0,0.0,0.88,0.0,0.0,0.0,31.4,0.0,52.48,58.68,100.0,41.06
2018-01-06 12:32:00,2,1,63.92,85.0,55.0,47.67,45.0,63.92,0.8,0.0,5.63,45.0,45.0,0.0,0.0,0.0,120.0,45.0,0.0,0.88,0.0,0.0,0.0,31.42,0.0,52.4,58.63,100.0,40.98
2018-01-06 12:33:00,2,1,63.97,85.0,55.0,47.7,45.0,63.97,0.8,0.0,5.63,45.0,45.0,0.0,0.0,0.0,120.0,45.0,0.0,0.88,0.0,0.0,0.0,31.44,0.0,52.33,58.58,100.0,40.9
2018-01-06 12:34:00,2,1,64.02,85.0,55.0,47.74,45.0,64.02,0.8,0.0,5.63,45.0,45.0,0.0,0.0,0.0,120.0,45.0,0.0,0.88,0.0,0.0,0.0,31.46,0.0,52.26,58.53,100.0,40.82
2018-01-06 12:35:00,2,1,64.07,85.0,55.0,47.77,45.0,64.07,0.8,0.0,5.63,45.0,45.0,0.0,0.0,0.0,120.0,45.0,0.0,0.88,0.0,0.0,0.0,31.47,0.0,52.19,58.48,100.0,40.74
2018-01-06 12:36:00,2,1,64.12,85.0,55.0,47.8,45.0,64.12,0.8,0.0,5.63,45.0,45.0,0.0,0.0,0.0,120.0,45.0,0.0,0.88,0.0,0.0,0.0,31.49,0.0,52.12,58.43,100.0,40.66
2018-01-06 12:37:00,2,1,64.17,85.0,55.0,47.84,45.0,64.17,0.8,0.0,5.63,45.0,45.0,0.0,0.0,0.0,120.0,45.0,0.0,0.88,0.0,0.0,0.0,31.51,0.0,52.04,58.38,100.0,40.58
2018-01-06 12:38:00,2,1,64.22,85.0,55.0,47.87,45.0,64.22,0.8,0.0,5.63,45.0,45.0,0.0,0.0,0.0,120.0,45.0,0.0,0.88,0.0,0.0,0.0,31.53,0.0,51.97,58.32,100.0,40.5
2018-01-06 12:39:00,2,1,64.27,85.0,55.0,47.91,45.0,64.27,0.8,0.0,5.63,45.0,45.0,0.0,0.0,0.0,120.0,45.0,0.0,0.88,0.0,0.0,0.0,31.55,0.0,51.9,58.27,100.0,40.42
2018-01-06 12:40:00,2,1,64.32,85.0,55.0,47.94,45.0,64.32,0.8,0.0,5.63,45.0,45.0,0.0,0.0,0.0,120.0,45.0,0.0,0.88,0.0,0.0,0.0,31.57,0.0,51.82,58.22,100.0,40.33
2018-01-06 12:41:00,2,1,64.37,85.0,55.0,47.98,45.0,64.37,0.8,0.0,5.63,45.0,45.0,0.0,0.0,0.0,120.0,45.0,0.0,0.88,0.0,0.0,0.0,31.59,0.0,51.75,58.16,100.0,40.25
2018-01-06 12:42:00,2,1,64.42,85.0,55.0,48.01,45.0,64.42,0.8,0.0,5.63,45.0,45.0,0.0,0.0,0.0,120.0,45.0,0.0,0.88,0.0,0.0,0.0,31.61,0.0,51.68,58.11,100.0,40.17
2018-01-06 12:43:00,2,1,64.47,85.0,55.0,48.05,45.0,64.47,0.8,0.0,5.63,45.0,45.0,0.0,0.0,0.0,120.0,45.0,0.0,0.88,0.0,0.0,0.0,31.62,0.0,51.6,58.05,100.0,40.09
2018-01-06 12:44:00,2,1,64.52,85.0,55.0,48.08,45.0,64.52,0.8,0.0,5.63,45.0,45.0,0.0,0.0,0.0,120.0,45.0,0.0,0.88,0.0,0.0,0.0,31.64,0.0,51.53,58.0,100.0,40.01
2018-01-06 12:45:00,2,1,64.58,85.0,55.0,48.12,45.0,64.58,0.8,0.0,5.63,45.0,45.0,0.0,0.0,0.0,120.0,45.0,0.0,0.88,0.0,0.0,0.0,31.66,0.0,51.45,57.94,100.0,39.93
2018-01-06 12:46:00,2,1,64.63,85.0,55.0,48.16,45.0,64.63,0.8,0.0,5.63,45.0,45.0,0.0,0.0,0.0,120.0,45.0,0.0,0.88,0.0,0.0,0.0,31.68,0.0,51.38,57.88,100.0,39.85
2018-01-06 12:47:00,2,1,64.68,85.0,55.0,48.19,45.0,64.68,0.8,0.0,5.63,45.0,45.0,0.0,0.0,0.0,120.0,45.0,0.0,0.88,0.0,0.0,0.0,31.71,0.0,51.31,57.83,100.0,39.76
2018-01-06 12:48:00,2,1,64.73,85.0,55.0,48.23,45.0,64.73,0.8,0.0,5.63,45.0,45.0,0.0,0.0,0.0,120.0,45.0,0.0,0.88,0.0,0.0,0.0,31.73,0.0,51.23,57.77,100.0,39.68
2018-01-06 12:49:00,2,1,64.78,85.0,55.0,48.26,45.0,64.78,0.8,0.0,5.63,45.0,45.0,0.0,0.0,0.0,120.0,45.0,0.0,0.88,0.0,0.0,0.0,31.75,0.0,51.16,57.71,100.0,39.6
2018-01-06 12:50:00,2,1,64.83,85.0,55.0,48.3,45.0,64.83,0.8,0.0,5.63,45.0,45.0,0.0,0.0,0.0,120.0,45.0,0.0,0.88,0.0,0.0,0.0,31.77,0.0,51.08,57.65,100.0,39.53
2018-01-06 12:51:00,2,1,64.88,85.0,55.0,48.34,45.0,64.88,0.8,0.0,5.63,45.0,45.0,0.0,0.0,0.0,120.0,45.0,0.0,0.88,0.0,0.0,0.0,31.79,0.0,51.01,57.59,100.0,39.45
2018-01-06 12:52:00,2,1,64.94,85.0,55.0,48.37,45.0,64.94,0.8,0.0,5.63,45.0,45.0,0.0,0.0,0.0,120.0,45.0,0.0,0.88,0.0,0.0,0.0,31.81,0.0,50.94,57.53,100.0,39.37
2018-01-06 12:53:00,2,1,64.99,85.0,55.0,48.41,45.0,64.99,0.8,0.0,5.63,45.0,45.0,0.0,0.0,0.0,120.0,45.0,0.0,0.88,0.0,0.0,0.0,31.83,0.0,50.86,57.47,100.0,39.29
2018-01-06 12:54:00,2,1,65.04,85.0,55.0,48.45,45.0,65.04,0.8,0.0,5.63,45.0,45.0,0.0,0.0,0.0,120.0,45.0,0.0,0.88,0.0,0.0,0.0,31.85,0.0,50.79,57.41,100.0,39.21
2018-01-06 12:55:00,2,1,65.09,85.0,55.0,48.48,45.0,65.09,0.8,0.0,5.63,45.0,45.0,0.0,0.0,0.0,120.0,45.0,0.0,0.88,0.0,0.0,0.0,31.88,0.0,50.71,57.35,100.0,39.13
2018-01-06 12:56:00,2,1,65.14,85.0,55.0,48.52,45.0,65.14,0.8,0.0,5.63,45.0,45.0,0.0,0.0,0.0,120.0,45.0,0.0,0.88,0.0,0.0,0.0,31.9,0.0,50.64,57.29,100.0,39.06
2018-01-06 12:57:00,2,1,65.19,85.0,55.0,48.55,45.0,65.19,0.8,0.0,5.63,45.0,45.0,0.0,0.0,0.0,120.0,45.0,0.0,0.88,0.0,0.0,0.0,31.92,0.0,50.57,57.22,100.0,38.98
2018-01-06 12:58:00,2,1,65.24,85.0,55.0,48.59,45.0,65.24,0.8,0.0,5.63,45.0,45.0,0.0,0.0,0.0,120.0,45.0,0.0,0.88,0.0,0.0,0.0,31.94,0.0,50.49,57.16,100.0,38.9
2018-01-06 12:59:00,2,1,65.29,85.0,55.0,48.63,45.0,65.29,0.8,0.0,5.63,45.0,45.0,0.0,0.0,0.0,120.0,45.0,0.0,0.88,0.0,0.0,0.0,31.97,0.0,50.42,57.1,100.0,38.83
2018-01-06 13:00:00,2,1,65.34,85.0,55.0,48.66,45.0,65.34,0.8,0.0,5.63,45.0,45.0,0.0,0.0,0.0,120.0,45.0,0.0,0.88,0.0,0.0,0.0,31.99,0.0,50.35,57.03,100.0,38.75
2018-01-06 13:01:00,2,1,65.39,85.0,55.0,48.7,45.0,65.39,0.8,0.0,5.63,45.0,45.0,0.0,0.0,0.0,120.0,45.0,0.0,0.88,0.0,0.0,0.0,32.02,0.0,50.27,56.95,100.0,38.68
2018-01-06 13:02:00,2,1,65.43,85.0,55.0,48.74,45.0,65.43,0.8,0.0,5.63,45.0,45.0,0.0,0.0,0.0,120.0,45.0,0.0,0.88,0.0,0.0,0.0,32.05,0.0,50.19,56.86,100.0,38.61
2018-01-06 13:03:00,2,1,65.48,85.0,55.0,48.78,45.0,65.48,0.8,0.0,5.63,45.0,45.0,0.0,0.0,0.0,120.0,45.0,0.0,0.88,0.0,0.0,0.0,32.09,0.0,50.12,56.77,100.0,38.54
2018-01-06 13:04:00,2,1,65.52,85.0,55.0,48.82,45.0,65.52,0.8,0.0,5.63,45.0,45.0,0.0,0.0,0.0,120.0,45.0,0.0,0.88,0.0,0.0,0.0,32.12,0.0,50.04,56.67,100.0,38.48
2018-01-06 13:05:00,2,1,65.56,85.0,55.0,48.86,45.0,65.56,0.8,0.0,5.63,45.0,45.0,0.0,0.0,0.0,120.0,45.0,0.0,0.88,0.0,0.0,0.0,32.15,0.0,49.97,56.58,100.0,38.42
2018-01-06 13:06:00,2,1,65.6,85.0,55.0,48.89,45.0,65.6,0.8,0.0,5.63,45.0,45.0,0.0,0.0,0.0,120.0,45.0,0.0,0.88,0.0,0.0,0.0,32.19,0.0,49.9,56.49,100.0,38.36
2018-01-06 13:07:00,2,1,65.64,85.0,55.0,48.93,45.0,65.64,0.8,0.0,5.63,45.0,45.0,0.0,0.0,0.0,120.0,45.0,0.0,0.88,0.0,0.0,0.0,32.22,0.0,49.82,56.39,100.0,38.3
2018-01-06 13:08:00,2,1,65.67,85.0,55.0,48.97,45.0,65.67,0.8,0.0,5.63,45.0,45.0,0.0,0.0,0.0,120.0,45.0,0.0,0.88,0.0,0.0,0.0,32.26,0.0,49.76,56.3,100.0,38.24
2018-01-06 13:09:00,2,1,65.71,85.0,55.0,49.0,45.0,65.71,0.8,0.0,5.63,45.0,45.0,0.0,0.0,0.0,120.0,45.0,0.0,0.88,0.0,0.0,0.0,32.29,0.0,49.69,56.21,100.0,38.19
2018-01-06 13:10:00,2,1,65.74,85.0,55.0,49.03,45.0,65.74,0.8,0.0,5.63,45.0,45.0,0.0,0.0,0.0,120.0,45.0,0.0,0.88,0.0,0.0,0.0,32.33,0.0,49.62,56.11,100.0,38.14
2018-01-06 13:11:00,2,1,65.77,85.0,55.0,49.07,45.0,65.77,0.8,0.0,5.63,45.0,45.0,0.0,0.0,0.0,120.0,45.0,0.0,0.88,0.0,0.0,0.0,32.36,0.0,49.55,56.02,100.0,38.09
2018-01-06 13:12:00,2,1,65.8,85.0,55.0,49.1,45.0,65.8,0.8,0.0,5.63,45.0,45.0,0.0,0.0,0.0,120.0,45.0,0.0,0.88,0.0,0.0,0.0,32.4,0.0,49.49,55.92,100.0,38.04
2018-01-06 13:13:00,2,1,65.83,85.0,55.0,49.13,45.0,65.83,0.8,0.0,5.63,45.0,45.0,0.0,0.0,0.0,120.0,45.0,0.0,0.88,0.0,0.0,0.0,32.44,0.0,49.42,55.83,100.0,37.99
2018-01-06 13:14:00,2,1,65.86,85.0,55.0,49.17,45.0,65.86,0.8,0.0,5.63,45.0,45.0,0.0,0.0,0.0,120.0,45.0,0.0,0.88,0.0,0.0,0.0,32.47,0.0,49.36,55.74,100.0,37.94
2018-01-06 13:15:00,2,1,65.89,85.0,55.0,49.2,45.0,65.89,0.8,0.0,5.63,45.0,45.0,0.0,0.0,0.0,120.0,45.0,0.0,0.88,0.0,0.0,0.0,32.51,0.0,49.3,55.64,100.0,37.9
2018-01-06 13:16:00,2,1,65.92,85.0,55.0,49.23,45.0,65.92,0.8,0.0,5.63,45.0,45.0,0.0,0.0,0.0,120.0,45.0,0.0,0.88,0.0,0.0,0.0,32.54,0.0,49.23,55.55,100.0,37.85
2018-01-06 13:17:00,2,1,65.94,85.0,55.0,49.26,45.0,65.94,0.8,0.0,5.63,45.0,45.0,0.0,0.0,0.0,120.0,45.0,0.0,0.88,0.0,0.0,0.0,32.58,0.0,49.17,55.46,100.0,37.81
2018-01-06 13:18:00,2,1,65.97,85.0,55.0,49.29,45.0,65.97,0.8,0.0,5.63,45.0,45.0,0.0,0.0,0.0,120.0,45.0,0.0,0.88,0.0,0.0,0.0,32.61,0.0,49.11,55.36,100.0,37.77
2018-01-06 13:19:00,2,1,65.99,85.0,55.0,49.32,45.0,65.99,0.8,0.0,5.63,45.0,45.0,0.0,0.0,0.0,120.0,45.0,0.0,0.88,0.0,0.0,0.0,32.65,0.0,49.05,55.27,100.0,37.73
2018-01-06 13:20:00,2,1,66.02,85.0,55.0,49.35,45.0,66.02,0.8,0.0,5.63,45.0,45.0,0.0,0.0,0.0,120.0,45.0,0.0,0.88,0.0,0.0,0.0,32.69,0.0,48.99,55.18,100.0,37.69
2018-01-06 13:21:00,2,1,66.04,85.0,55.0,49.38,45.0,66.04,0.8,0.0,5.63,45.0,45.0,0.0,0.0,0.0,120.0,45.0,0.0,0.88,0.0,0.0,0.0,32.72,0.0,48.94,55.08,100.0,37.65
2018-01-06 13:22:00,2,1,66.06,85.0,55.0,49.41,45.0,66.06,0.8,0.0,5.63,45.0,45.0,0.0,0.0,0.0,120.0,45.0,0.0,0.88,0.0,0.0,0.0,32.76,0.0,48.88,54.99,100.0,37.61
2018-01-06 13:23:00,2,1,66.08,85.0,55.0,49.44,45.0,66.08,0.8,0.0,5.63,45.0,45.0,0.0,0.0,0.0,120.0,45.0,0.0,0.88,0.0,0.0,0.0,32.79,0.0,48.82,54.9,100.0,37.57
2018-01-06 13:24:00,2,1,66.1,85.0,55.0,49.47,45.0,66.1,0.8,0.0,5.63,45.0,45.0,0.0,0.0,0.0,120.0,45.0,0.0,0.88,0.0,0.0,0.0,32.83,0.0,48.77,54.81,100.0,37.54
2018-01-06 13:25:00,2,1,66.12,85.0,55.0,49.49,45.0,66.12,0.8,0.0,5.63,45.0,45.0,0.0,0.0,0.0,120.0,45.0,0.0,0.88,0.0,0.0,0.0,32.86,0.0,48.71,54.72,100.0,37.5
2018-01-06 13:26:00,2,1,66.14,85.0,55.0,49.52,45.0,66.14,0.8,0.0,5.63,45.0,45.0,0.0,0.0,0.0,120.0,45.0,0.0,0.88,0.0,0.0,0.0,32.9,0.0,48.66,54.63,100.0,37.47
2018-01-06 13:27:00,2,1,66.16,85.0,55.0,49.55,45.0,66.16,0.8,0.0,5.63,45.0,45.0,0.0,0.0,0.0,120.0,45.0,0.0,0.88,0.0,0.0,0.0,32.94,0.0,48.6,54.54,100.0,37.43
2018-01-06 13:28:00,2,1,66.18,85.0,55.0,49.57,45.0,66.18,0.8,0.0,5.63,45.0,45.0,0.0,0.0,0.0,120.0,45.0,0.0,0.88,0.0,0.0,0.0,32.97,0.0,48.55,54.45,100.0,37.4
2018-01-06 13:29:00,2,1,66.2,85.0,55.0,49.6,45.0,66.2,0.8,0.0,5.63,45.0,45.0,0.0,0.0,0.0,120.0,45.0,0.0,0.88,0.0,0.0,0.0,33.01,0.0,48.5,54.36,100.0,37.37
2018-01-06 13:30:00,2,1,66.21,85.0,55.0,49.63,45.0,66.21,0.8,0.0,5.63,45.0,45.0,0.0,0.0,0.0,120.0,45.0,0.0,0.88,0.0,0.0,0.0,33.04,0.0,48.45,54.27,100.0,37.34
2018-01-06 13:31:00,2,1,66.23,85.0,55.0,49.65,45.0,66.23,0.8,0.0,5.63,45.0,45.0,0.0,0.0,0.0,120.0,45.0,0.0,0.88,0.0,0.0,0.0,33.08,0.0,48.4,54.18,100.0,37.31
2018-01-06 13:32:00,2,1,66.24,85.0,55.0,49.68,45.0,66.24,0.8,0.0,5.63,45.0,45.0,0.0,0.0,0.0,120.0,45.0,0.0,0.88,0.0,0.0,0.0,33.11,0.0,48.35,54.1,100.0,37.28
2018-01-06 13:33:00,2,1,66.26,85.0,55.0,49.7,45.0,66.26,0.8,0.0,5.63,45.0,45.0,0.0,0.0,0.0,120.0,45.0,0.0,0.88,0.0,0.0,0.0,33.15,0.0,48.3,54.01,100.0,37.25
2018-01-06 13:34:00,2,1,66.27,85.0,55.0,49.73,45.0,66.27,0.8,0.0,5.63,45.0,45.0,0.0,0.0,0.0,120.0,45.0,0.0,0.88,0.0,0.0,0.0,33.18,0.0,48.25,53.92,100.0,37.22
2018-01-06 13:35:00,2,1,66.29,85.0,55.0,49.75,45.0,66.29,0.8,0.0,5.63,45.0,45.0,0.0,0.0,0.0,120.0,45.0,0.0,0.88,0.0,0.0,0.0,33.21,0.0,48.2,53.84,100.0,37.2
2018-01-06 13:36:00,2,1,66.3,85.0,55.0,49.77,45.0,66.3,0.8,0.0,5.63,45.0,45.0,0.0,0.0,0.0,120.0,45.0,0.0,0.88,0.0,0.0,0.0,33.25,0.0,48.15,53.75,100.0,37.17
2018-01-06 13:37:00,2,1,66.31,85.0,55.0,49.8,45.0,66.31,0.8,0.0,5.63,45.0,45.0,0.0,0.0,0.0,120.0,45.0,0.0,0.88,0.0,0.0,0.0,33.28,0.0,48.11,53.67,100.0,37.14
2018-01-06 13:38:00,2,1,66.32,85.0,55.0,49.82,45.0,66.32,0.8,0.0,5.63,45.0,45.0,0.0,0.0,0.0,120.0,45.0,0.0,0.88,0.0,0.0,0.0,33.32,0.0,48.06,53.59,100.0,37.12
2018-01-06 13:39:00,2,1,66.34,85.0,55.0,49.84,45.0,66.34,0.8,0.0,5.63,45.0,45.0,0.0,0.0,0.0,120.0,45.0,0.0,0.88,0.0,0.0,0.0,33.35,0.0,48.01,53.51,100.0,37.09
2018-01-06 13:40:00,2,1,66.35,85.0,55.0,49.86,45.0,66.35,0.8,0.0,5.63,45.0,45.0,0.0,0.0,0.0,120.0,45.0,0.0,0.88,0.0,0.0,0.0,33.38,0.0,47.97,53.43,100.0,37.07
2018-01-06 13:41:00,2,1,66.36,85.0,55.0,49.89,45.0,66.36,0.8,0.0,5.63,45.0,45.0,0.0,0.0,0.0,120.0,45.0,0.0,0.88,0.0,0.0,0.0,33.42,0.0,47.92,53.35,100.0,37.05
2018-01-06 13:42:00,2,1,66.37,85.0,55.0,49.91,45.0,66.37,0.8,0.0,5.63,45.0,45.0,0.0,0.0,0.0,120.0,45.0,0.0,0.88,0.0,0.0,0.0,33.45,0.0,47.88,53.27,100.0,37.02
2018-01-06 13:43:00,2,1,66.38,85.0,55.0,49.93,45.0,66.38,0.8,0.0,5.63,45.0,45.0,0.0,0.0,0.0,120.0,45.0,0.0,0.88,0.0,0.0,0.0,33.48,0.0,47.84,53.19,100.0,37.0
2018-01-06 13:44:00,2,1,66.39,85.0,55.0,49.95,45.0,66.39,0.8,0.0,5.63,45.0,45.0,0.0,0.0,0.0,120.0,45.0,0.0,0.88,0.0,0.0,0.0,33.51,0.0,47.8,53.11,100.0,36.98
2018-01-06 13:45:00,2,1,66.39,85.0,55.0,49.97,45.0,66.39,0.8,0.0,5.63,45.0,45.0,0.0,0.0,0.0,120.0,45.0,0.0,0.88,0.0,0.0,0.0,33.54,0.0,47.76,53.04,100.0,36.96
2018-01-06 13:46:00,2,1,66.4,85.0,55.0,49.99,45.0,66.4,0.8,0.0,5.63,45.0,45.0,0.0,0.0,0.0,120.0,45.0,0.0,0.88,0.0,0.0,0.0,33.57,0.0,47.71,52.96,100.0,36.94
2018-01-06 13:47:00,2,1,66.41,85.0,55.0,50.01,45.0,66.41,0.8,0.0,5.63,45.0,45.0,0.0,0.0,0.0,120.0,45.0,0.0,0.88,0.0,0.0,0.0,33.61,0.0,47.67,52.89,100.0,36.92
2018-01-06 13:48:00,2,1,66.42,85.0,55.0,50.03,45.0,66.42,0.8,0.0,5.63,45.0,45.0,0.0,0.0,0.0,120.0,45.0,0.0,0.88,0.0,0.0,0.0,33.64,0.0,47.62,52.81,100.0,36.9
2018-01-06 13:49:00,2,1,66.42,85.0,55.0,50.05,45.0,66.42,0.8,0.0,5.63,45.0,45.0,0.0,0.0,0.0,120.0,45.0,0.0,0.88,0.0,0.0,0.0,33.67,0.0,47.57,52.74,100.0,36.88
2018-01-06 13:50:00,2,1,66.43,85.0,55.0,50.06,45.0,66.43,0.8,0.0,5.63,45.0,45.0,0.0,0.0,0.0,120.0,45.0,0.0,0.88,0.0,0.0,0.0,33.7,0.0,47.52,52.67,100.0,36.86
2018-01-06 13:51:00,2,1,66.44,85.0,55.0,50.08,45.0,66.44,0.8,0.0,5.63,45.0,45.0,0.0,0.0,0.0,120.0,45.0,0.0,0.88,0.0,0.0,0.0,33.73,0.0,47.48,52.6,100.0,36.84
2018-01-06 13:52:00,2,1,66.44,85.0,55.0,50.1,45.0,66.44,0.8,0.0,5.63,45.0,45.0,0.0,0.0,0.0,120.0,45.0,0.0,0.88,0.0,0.0,0.0,33.75,0.0,47.43,52.53,100.0,36.83
2018-01-06 13:53:00,2,1,66.45,85.0,55.0,50.12,45.0,66.45,0.8,0.0,5.63,45.0,45.0,0.0,0.0,0.0,120.0,45.0,0.0,0.88,0.0,0.0,0.0,33.78,0.0,47.39,52.47,100.0,36.81
2018-01-06 13:54:00,2,1,66.45,85.0,55.0,50.13,45.0,66.45,0.8,0.0,5.63,45.0,45.0,0.0,0.0,0.0,120.0,45.0,0.0,0.88,0.0,0.0,0.0,33.81,0.0,47.34,52.4,100.0,36.79
2018-01-06 13:55:00,2,1,66.46,85.0,55.0,50.15,45.0,66.46,0.8,0.0,5.63,45.0,45.0,0.0,0.0,0.0,120.0,45.0,0.0,0.88,0.0,0.0,0.0,33.84,0.0,47.3,52.34,100.0,36.78
2018-01-06 13:56:00,2,1,66.46,85.0,55.0,50.16,45.0,66.46,0.8,0.0,5.63,45.0,45.0,0.0,0.0,0.0,120.0,45.0,0.0,0.88,0.0,0.0,0.0,33.87,0.0,47.26,52.27,100.0,36.76
2018-01-06 13:57:00,2,1,66.46,85.0,55.0,50.18,45.0,66.46,0.8,0.0,5.63,45.0,45.0,0.0,0.0,0.0,120.0,45.0,0.0,0.88,0.0,0.0,0.0,33.89,0.0,47.22,52.21,100.0,36.75
2018-01-06 13:58:00,2,1,66.47,85.0,55.0,50.19,45.0,66.47,0.8,0.0,5.63,45.0,45.0,0.0,0.0,0.0,120.0,45.0,0.0,0.88,0.0,0.0,0.0,33.92,0.0,47.18,52.15,100.0,36.73
2018-01-06 13:59:00,2,1,66.47,85.0,55.0,50.21,45.0,66.47,0.8,0.0,5.63,45.0,45.0,0.0,0.0,0.0,120.0,45.0,0.0,0.88,0.0,0.0,0.0,33.94,0.0,47.14,52.09,100.0,36.72
2018-01-06 14:00:00,2,1,66.47,85.0,55.0,50.22,45.0,66.47,0.8,0.0,5.63,45.0,45.0,0.0,0.0,0.0,120.0,45.0,0.0,0.88,0.0,0.0,0.0,33.97,0.0,47.1,52.03,100.0,36.7
2018-01-06 14:01:00,2,1,66.47,85.0,55.0,50.23,45.0,66.47,0.8,0.0,5.63,45.0,45.0,0.0,0.0,0.0,120.0,45.0,0.0,0.88,0.0,0.0,0.0,33.98,0.0,47.07,52.0,100.0,36.69
2018-01-06 14:02:00,2,1,66.48,85.0,55.0,50.24,45.0,66.48,0.8,0.0,5.63,45.0,45.0,0.0,0.0,0.0,120.0,45.0,0.0,0.88,0.0,0.0,0.0,34.0,0.0,47.05,51.98,100.0,36.68
2018-01-06 14:03:00,2,1,66.48,85.0,55.0,50.24,45.0,66.48,0.8,0.0,5.63,45.0,45.0,0.0,0.0,0.0,120.0,45.0,0.0,0.88,0.0,0.0,0.0,34.01,0.0,47.03,51.96,100.0,36.66
2018-01-06 14:04:00,2,1,66.48,85.0,55.0,50.25,45.0,66.48,0.8,0.0,5.63,45.0,45.0,0.0,0.0,0.0,120.0,45.0,0.0,0.88,0.0,0.0,0.0,34.02,0.0,47.01,51.94,100.0,36.65
2018-01-06 14:05:00,2,1,66.48,85.0,55.0,50.25,45.0,66.48,0.8,0.0,5.63,45.0,45.0,0.0,0.0,0.0,120.0,45.0,0.0,0.88,0.0,0.0,0.0,34.02,0.0,46.99,51.93,100.0,36.64
2018-01-06 14:06:00,2,1,66.49,85.0,55.0,50.26,45.0,66.49,0.8,0.0,5.63,45.0,45.0,0.0,0.0,0.0,120.0,45.0,0.0,0.88,0.0,0.0,0.0,34.03,0.0,46.97,51.91,100.0,36.62
2018-01-06 14:07:00,2,1,66.49,85.0,55.0,50.26,45.0,66.49,0.8,0.0,5.63,45.0,45.0,0.0,0.0,0.0,120.0,45.0,0.0,0.88,0.0,0.0,0.0,34.04,0.0,46.95,51.9,100.0,36.61
2018-01-06 14:08:00,2,1,66.49,85.0,55.0,50.27,45.0,66.49,0.8,0.0,5.63,45.0,45.0,0.0,0.0,0.0,120.0,45.0,0.0,0.88,0.0,0.0,0.0,34.05,0.0,46.94,51.89,100.0,36.6
2018-01-06 14:09:00,2,1,66.49,85.0,55.0,50.27,45.0,66.49,0.8,0.0,5.63,45.0,45.0,0.0,0.0,0.0,120.0,45.0,0.0,0.88,0.0,0.0,0.0,34.05,0.0,46.92,51.88,100.0,36.58
2018-01-06 14:10:00,2,1,66.49,85.0,55.0,50.28,45.0,66.49,0.8,0.0,5.63,45.0,45.0,0.0,0.0,0.0,120.0,45.0,0.0,0.88,0.0,0.0,0.0,34.06,0.0,46.9,51.87,100.0,36.57
2018-01-06 14:11:00,2,1,66.5,85.0,55.0,50.28,45.0,66.5,0.8,0.0,5.63,45.0,45.0,0.0,0.0,0.0,120.0,45.0,0.0,0.88,0.0,0.0,0.0,34.07,0.0,46.89,51.86,100.0,36.56
2018-01-06 14:12:00,2,1,66.5,85.0,55.0,50.28,45.0,66.5,0.8,0.0,5.63,45.0,45.0,0.0,0.0,0.0,120.0,45.0,0.0,0.88,0.0,0.0,0.0,34.07,0.0,46.87,51.85,100.0,36.54
2018-01-06 14:13:00,2,1,66.5,85.0,55.0,50.29,45.0,66.5,0.8,0.0,5.63,45.0,45.0,0.0,0.0,0.0,120.0,45.0,0.0,0.88,0.0,0.0,0.0,34.08,0.0,46.85,51.85,100.0,36.53
2018-01-06 14:14:00,2,1,66.5,85.0,55.0,50.29,45.0,66.5,0.8,0.0,5.63,45.0,45.0,0.0,0.0,0.0,120.0,45.0,0.0,0.88,0.0,0.0,0.0,34.08,0.0,46.84,51.84,100.0,36.52
2018-01-06 14:15:00,2,1,66.5,85.0,55.0,50.29,45.0,66.5,0.8,0.0,5.63,45.0,45.0,0.0,0.0,0.0,120.0,45.0,0.0,0.88,0.0,0.0,0.0,34.09,0.0,46.83,51.84,100.0,36.51
2018-01-06 14:16:00,2,1,66.5,85.0,55.0,50.3,45.0,66.5,0.8,0.0,5.63,45.0,45.0,0.0,0.0,0.0,120.0,45.0,0.0,0.88,0.0,0.0,0.0,34.09,0.0,46.81,51.83,100.0,36.5
2018-01-06 14:17:00,2,1,66.5,85.0,55.0,50.3,45.0,66.5,0.8,0.0,5.63,45.0,45.0,0.0,0.0,0.0,120.0,45.0,0.0,0.88,0.0,0.0,0.0,34.09,0.0,46.8,51.83,100.0,36.48
2018-01-06 14:18:00,2,1,66.5,85.0,55.0,50.3,45.0,66.5,0.8,0.0,5.63,45.0,45.0,0.0,0.0,0.0,120.0,45.0,0.0,0.88,0.0,0.0,0.0,34.1,0.0,46.79,51.83,100.0,36.47
2018-01-06 14:19:00,2,1,66.5,85.0,55.0,50.3,45.0,66.5,0.8,0.0,5.63,45.0,45.0,0.0,0.0,0.0,120.0,45.0,0.0,0.88,0.0,0.0,0.0,34.1,0.0,46.78,51.82,100.0,36.46
2018-01-06 14:20:00,2,1,66.5,85.0,55.0,50.3,45.0,66.5,0.8,0.0,5.63,45.0,45.0,0.0,0.0,0.0,120.0,45.0,0.0,0.88,0.0,0.0,0.0,34.1,0.0,46.77,51.82,100.0,36.45
2018-01-06 14:21:00,2,1,66.5,85.0,55.0,50.3,45.0,66.5,0.8,0.0,5.63,45.0,45.0,0.0,0.0,0.0,120.0,45.0,0.0,0.88,0.0,0.0,0.0,34.1,0.0,46.76,51.82,100.0,36.44
2018-01-06 14:22:00,2,1,66.5,85.0,55.0,50.3,45.0,66.5,0.8,0.0,5.63,45.0,45.0,0.0,0.0,0.0,120.0,45.0,0.0,0.88,0.0,0.0,0.0,34.1,0.0,46.75,51.82,100.0,36.43
2018-01-06 14:23:00,2,1,66.5,85.0,55.0,50.3,45.0,66.5,0.8,0.0,5.63,45.0,45.0,0.0,0.0,0.0,120.0,45.0,0.0,0.88,0.0,0.0,0.0,34.11,0.0,46.74,51.82,100.0,36.42
2018-01-06 14:24:00,2,1,66.5,85.0,55.0,50.3,45.0,66.5,0.8,0.0,5.63,45.0,45.0,0.0,0.0,0.0,120.0,45.0,0.0,0.88,0.0,0.0,0.0,34.11,0.0,46.73,51.83,100.0,36.41
2018-01-06 14:25:00,2,1,66.5,85.0,55.0,50.3,45.0,66.5,0.8,0.0,5.63,45.0,45.0,0.0,0.0,0.0,120.0,45.0,0.0,0.88,0.0,0.0,0.0,34.11,0.0,46.72,51.83,100.0,36.4
2018-01-06 14:26:00,2,1,66.5,85.0,55.0,50.3,45.0,66.5,0.8,0.0,5.63,45.0,45.0,0.0,0.0,0.0,120.0,45.0,0.0,0.88,0.0,0.0,0.0,34.11,0.0,46.71,51.83,100.0,36.39
2018-01-06 14:27:00,2,1,66.5,85.0,55.0,50.3,45.0,66.5,0.8,0.0,5.63,45.0,45.0,0.0,0.0,0.0,120.0,45.0,0.0,0.88,0.0,0.0,0.0,34.11,0.0,46.71,51.83,100.0,36.38
2018-01-06 14:28:00,2,1,66.49,85.0,55.0,50.3,45.0,66.49,0.8,0.0,5.63,45.0,45.0,0.0,0.0,0.0,120.0,45.0,0.0,0.88,0.0,0.0,0.0,34.11,0.0,46.7,51.84,100.0,36.37
2018-01-06 14:29:00,2,1,66.49,85.0,55.0,50.3,45.0,66.49,0.8,0.0,5.63,45.0,45.0,0.0,0.0,0.0,120.0,45.0,0.0,0.88,0.0,0.0,0.0,34.11,0.0,46.69,51.84,100.0,36.37
2018-01-06 14:30:00,2,1,66.49,85.0,55.0,50.3,45.0,66.49,0.8,0.0,5.63,45.0,45.0,0.0,0.0,0.0,120.0,45.0,0.0,0.88,0.0,0.0,0.0,34.1,0.0,46.69,51.84,100.0,36.36
2018-01-06 14:31:00,2,1,66.49,85.0,55.0,50.29,45.0,66.49,0.8,0.0,5.63,45.0,45.0,0.0,0.0,0.0,120.0,45.0,0.0,0.88,0.0,0.0,0.0,34.1,0.0,46.68,51.85,100.0,36.35
2018-01-06 14:32:00,2,1,66.48,85.0,55.0,50.29,45.0,66.48,0.8,0.0,5.63,45.0,45.0,0.0,0.0,0.0,120.0,45.0,0.0,0.88,0.0,0.0,0.0,34.1,0.0,46.68,51.85,100.0,36.34
2018-01-06 14:33:00,2,1,66.48,85.0,55.0,50.29,45.0,66.48,0.8,0.0,5.63,45.0,45.0,0.0,0.0,0.0,120.0,45.0,0.0,0.88,0.0,0.0,0.0,34.1,0.0,46.67,51.86,100.0,36.34
2018-01-06 14:34:00,2,1,66.48,85.0,55.0,50.29,45.0,66.48,0.8,0.0,5.63,45.0,45.0,0.0,0.0,0.0,120.0,45.0,0.0,0.88,0.0,0.0,0.0,34.1,0.0,46.67,51.86,100.0,36.33
2018-01-06 14:35:00,2,1,66.47,85.0,55.0,50.28,45.0,66.47,0.8,0.0,5.63,45.0,45.0,0.0,0.0,0.0,120.0,45.0,0.0,0.88,0.0,0.0,0.0,34.09,0.0,46.66,51.87,100.0,36.32
2018-01-06 14:36:00,2,1,66.47,85.0,55.0,50.28,45.0,66.47,0.8,0.0,5.63,45.0,45.0,0.0,0.0,0.0,120.0,45.0,0.0,0.88,0.0,0.0,0.0,34.09,0.0,46.66,51.88,100.0,36.32
2018-01-06 14:37:00,2,1,66.47,85.0,55.0,50.28,45.0,66.47,0.8,0.0,5.63,45.0,45.0,0.0,0.0,0.0,120.0,45.0,0.0,0.88,0.0,0.0,0.0,34.09,0.0,46.66,51.88,100.0,36.31
2018-01-06 14:38:00,2,1,66.46,85.0,55.0,50.27,45.0,66.46,0.8,0.0,5.63,45.0,45.0,0.0,0.0,0.0,120.0,45.0,0.0,0.88,0.0,0.0,0.0,34.09,0.0,46.66,51.89,100.0,36.3
2018-01-06 14:39:00,2,1,66.46,85.0,55.0,50.27,45.0,66.46,0.8,0.0,5.63,45.0,45.0,0.0,0.0,0.0,120.0,45.0,0.0,0.88,0.0,0.0,0.0,34.08,0.0,46.65,51.89,100.0,36.3
2018-01-06 14:40:00,2,1,66.45,85.0,55.0,50.27,45.0,66.45,0.8,0.0,5.63,45.0,45.0,0.0,0.0,0.0,120.0,45.0,0.0,0.88,0.0,0.0,0.0,34.08,0.0,46.65,51.9,100.0,36.29
2018-01-06 14:41:00,2,1,66.45,85.0,55.0,50.26,45.0,66.45,0.8,0.0,5.63,45.0,45.0,0.0,0.0,0.0,120.0,45.0,0.0,0.88,0.0,0.0,0.0,34.08,0.0,46.65,51.91,100.0,36.29
2018-01-06 14:42:00,2,1,66.44,85.0,55.0,50.26,45.0,66.44,0.8,0.0,5.63,45.0,45.0,0.0,0.0,0.0,120.0,45.0,0.0,0.88,0.0,0.0,0.0,34.07,0.0,46.65,51.91,100.0,36.28
2018-01-06 14:43:00,2,1,66.44,85.0,55.0,50.25,45.0,66.44,0.8,0.0,5.63,45.0,45.0,0.0,0.0,0.0,120.0,45.0,0.0,0.88,0.0,0.0,0.0,34.07,0.0,46.65,51.92,100.0,36.28
2018-01-06 14:44:00,2,1,66.43,85.0,55.0,50.25,45.0,66.43,0.8,0.0,5.63,45.0,45.0,0.0,0.0,0.0,120.0,45.0,0.0,0.88,0.0,0.0,0.0,34.06,0.0,46.65,51.93,100.0,36.27
2018-01-06 14:45:00,2,1,66.43,85.0,55.0,50.24,45.0,66.43,0.8,0.0,5.63,45.0,45.0,0.0,0.0,0.0,120.0,45.0,0.0,0.88,0.0,0.0,0.0,34.06,0.0,46.65,51.93,100.0,36.27
2018-01-06 14:46:00,2,1,66.42,85.0,55.0,50.24,45.0,66.42,0.8,0.0,5.63,45.0,45.0,0.0,0.0,0.0,120.0,45.0,0.0,0.88,0.0,0.0,0.0,34.05,0.0,46.65,51.94,100.0,36.27
2018-01-06 14:47:00,2,1,66.41,85.0,55.0,50.23,45.0,66.41,0.8,0.0,5.63,45.0,45.0,0.0,0.0,0.0,120.0,45.0,0.0,0.88,0.0,0.0,0.0,34.05,0.0,46.65,51.95,100.0,36.26
2018-01-06 14:48:00,2,1,66.41,85.0,55.0,50.23,45.0,66.41,0.8,0.0,5.63,45.0,45.0,0.0,0.0,0.0,120.0,45.0,0.0,0.88,0.0,0.0,0.0,34.05,0.0,46.65,51.95,100.0,36.26
2018-01-06 14:49:00,2,1,66.4,85.0,55.0,50.22,45.0,66.4,0.8,0.0,5.63,45.0,45.0,0.0,0.0,0.0,120.0,45.0,0.0,0.88,0.0,0.0,0.0,34.04,0.0,46.65,51.96,100.0,36.26
2018-01-06 14:50:00,2,1,66.39,85.0,55.0,50.21,45.0,66.39,0.8,0.0,5.63,45.0,45.0,0.0,0.0,0.0,120.0,45.0,0.0,0.88,0.0,0.0,0.0,34.04,0.0,46.65,51.96,100.0,36.26
2018-01-06 14:51:00,2,1,66.39,85.0,55.0,50.21,45.0,66.39,0.8,0.0,5.63,45.0,45.0,0.0,0.0,0.0,120.0,45.0,0.0,0.88,0.0,0.0,0.0,34.03,0.0,46.65,51.97,100.0,36.25
2018-01-06 14:52:00,2,1,66.38,85.0,55.0,50.2,45.0,66.38,0.8,0.0,5.63,45.0,45.0,0.0,0.0,0.0,120.0,45.0,0.0,0.88,0.0,0.0,0.0,34.03,0.0,46.65,51.98,100.0,36.25
2018-01-06 14:53:00,2,1,66.37,85.0,55.0,50.19,45.0,66.37,0.8,0.0,5.63,45.0,45.0,0.0,0.0,0.0,120.0,45.0,0.0,0.88,0.0,0.0,0.0,34.02,0.0,46.65,51.98,100.0,36.25
2018-01-06 14:54:00,2,1,66.36,85.0,55.0,50.19,45.0,66.36,0.8,0.0,5.63,45.0,45.0,0.0,0.0,0.0,120.0,45.0,0.0,0.88,0.0,0.0,0.0,34.02,0.0,46.66,51.98,100.0,36.25
2018-01-06 14:55:00,2,1,66.35,85.0,55.0,50.18,45.0,66.35,0.8,0.0,5.63,45.0,45.0,0.0,0.0,0.0,120.0,45.0,0.0,0.88,0.0,0.0,0.0,34.01,0.0,46.66,51.99,100.0,36.25
2018-01-06 14:56:00,2,1,66.34,85.0,55.0,50.17,45.0,66.34,0.8,0.0,5.63,45.0,45.0,0.0,0.0,0.0,120.0,45.0,0.0,0.88,0.0,0.0,0.0,34.0,0.0,46.66,51.99,100.0,36.25
2018-01-06 14:57:00,2,1,66.34,85.0,55.0,50.17,45.0,66.34,0.8,0.0,5.63,45.0,45.0,0.0,0.0,0.0,120.0,45.0,0.0,0.88,0.0,0.0,0.0,34.0,0.0,46.66,52.0,100.0,36.25
2018-01-06 14:58:00,2,1,66.33,85.0,55.0,50.16,45.0,66.33,0.8,0.0,5.63,45.0,45.0,0.0,0.0,0.0,120.0,45.0,0.0,0.88,0.0,0.0,0.0,33.99,0.0,46.66,52.0,100.0,36.25
2018-01-06 14:59:00,2,1,66.32,85.0,55.0,50.15,45.0,66.32,0.8,0.0,5.63,45.0,45.0,0.0,0.0,0.0,120.0,45.0,0.0,0.88,0.0,0.0,0.0,33.99,0.0,46.67,52.0,100.0,36.25
2018-01-06 15:00:00,2,1,66.31,85.0,55.0,50.15,45.0,66.31,0.8,0.0,5.63,45.0,45.0,0.0,0.0,0.0,120.0,45.0,0.0,0.88,0.0,0.0,0.0,33.98,0.0,46.67,52.0,100.0,36.25
2018-01-06 15:01:00,2,1,66.3,85.0,55.0,50.14,45.0,66.3,0.8,0.0,5.63,45.0,45.0,0.0,0.0,0.0,120.0,45.0,0.0,0.88,0.0,0.0,0.0,33.99,0.0,46.66,51.98,100.0,36.25
2018-01-06 15:02:00,2,1,66.29,85.0,55.0,50.14,45.0,66.29,0.8,0.0,5.63,45.0,45.0,0.0,0.0,0.0,120.0,45.0,0.0,0.88,0.0,0.0,0.0,34.0,0.0,46.65,51.93,100.0,36.25
2018-01-06 15:03:00,2,1,66.28,85.0,55.0,50.14,45.0,66.28,0.8,0.0,5.63,45.0,45.0,0.0,0.0,0.0,120.0,45.0,0.0,0.88,0.0,0.0,0.0,34.01,0.0,46.63,51.89,100.0,36.25
2018-01-06 15:04:00,2,1,66.27,85.0,55.0,50.14,45.0,66.27,0.8,0.0,5.63,45.0,45.0,0.0,0.0,0.0,120.0,45.0,0.0,0.88,0.0,0.0,0.0,34.02,0.0,46.61,51.84,100.0,36.25
2018-01-06 15:05:00,2,1,66.26,85.0,55.0,50.14,45.0,66.26,0.8,0.0,5.63,45.0,45.0,0.0,0.0,0.0,120.0,45.0,0.0,0.88,0.0,0.0,0.0,34.03,0.0,46.6,51.8,100.0,36.25
2018-01-06 15:06:00,2,1,66.25,85.0,55.0,50.14,45.0,66.25,0.8,0.0,5.63,45.0,45.0,0.0,0.0,0.0,120.0,45.0,0.0,0.88,0.0,0.0,0.0,34.04,0.0,46.58,51.75,100.0,36.25
2018-01-06 15:07:00,2,1,66.24,85.0,55.0,50.14,45.0,66.24,0.8,0.0,5.63,45.0,45.0,0.0,0.0,0.0,120.0,45.0,0.0,0.88,0.0,0.0,0.0,34.05,0.0,46.57,51.7,100.0,36.25
2018-01-06 15:08:00,2,1,66.22,85.0,55.0,50.14,45.0,66.22,0.8,0.0,5.63,45.0,45.0,0.0,0.0,0.0,120.0,45.0,0.0,0.88,0.0,0.0,0.0,34.06,0.0,46.55,51.65,100.0,36.26
2018-01-06 15:09:00,2,1,66.21,85.0,55.0,50.14,45.0,66.21,0.8,0.0,5.63,45.0,45.0,0.0,0.0,0.0,120.0,45.0,0.0,0.88,0.0,0.0,0.0,34.07,0.0,46.54,51.61,100.0,36.26
2018-01-06 15:10:00,2,1,66.2,85.0,55.0,50.14,45.0,66.2,0.8,0.0,5.63,45.0,45.0,0.0,0.0,0.0,120.0,45.0,0.0,0.88,0.0,0.0,0.0,34.08,0.0,46.52,51.56,100.0,36.26
2018-01-06 15:11:00,2,1,66.19,85.0,55.0,50.14,45.0,66.19,0.8,0.0,5.63,45.0,45.0,0.0,0.0,0.0,120.0,45.0,0.0,0.88,0.0,0.0,0.0,34.09,0.0,46.51,51.51,100.0,36.27
2018-01-06 15:12:00,2,1,66.18,85.0,55.0,50.14,45.0,66.18,0.8,0.0,5.63,45.0,45.0,0.0,0.0,0.0,120.0,45.0,0.0,0.88,0.0,0.0,0.0,34.1,0.0,46.49,51.46,100.0,36.27
2018-01-06 15:13:00,2,1,66.16,85.0,55.0,50.14,45.0,66.16,0.8,0.0,5.63,45.0,45.0,0.0,0.0,0.0,120.0,45.0,0.0,0.88,0.0,0.0,0.0,34.11,0.0,46.48,51.42,100.0,36.27
2018-01-06 15:14:00,2,1,66.15,85.0,55.0,50.14,45.0,66.15,0.8,0.0,5.63,45.0,45.0,0.0,0.0,0.0,120.0,45.0,0.0,0.88,0.0,0.0,0.0,34.12,0.0,46.47,51.37,100.0,36.28
2018-01-06 15:15:00,2,1,66.14,85.0,55.0,50.13,45.0,66.14,0.8,0.0,5.63,45.0,45.0,0.0,0.0,0.0,120.0,45.0,0.0,0.88,0.0,0.0,0.0,34.13,0.0,46.45,51.32,100.0,36.28
2018-01-06 15:16:00,2,1,66.13,85.0,55.0,50.13,45.0,66.13,0.8,0.0,5.63,45.0,45.0,0.0,0.0,0.0,120.0,45.0,0.0,0.88,0.0,0.0,0.0,34.14,0.0,46.44,51.27,100.0,36.28
2018-01-06 15:17:00,2,1,66.11,85.0,55.0,50.13,45.0,66.11,0.8,0.0,5.63,45.0,45.0,0.0,0.0,0.0,120.0,45.0,0.0,0.88,0.0,0.0,0.0,34.15,0.0,46.43,51.23,100.0,36.29
2018-01-06 15:18:00,2,1,66.1,85.0,55.0,50.13,45.0,66.1,0.8,0.0,5.63,45.0,45.0,0.0,0.0,0.0,120.0,45.0,0.0,0.88,0.0,0.0,0.0,34.16,0.0,46.41,51.18,100.0,36.29
2018-01-06 15:19:00,2,1,66.09,85.0,55.0,50.13,45.0,66.09,0.8,0.0,5.63,45.0,45.0,0.0,0.0,0.0,120.0,45.0,0.0,0.88,0.0,0.0,0.0,34.16,0.0,46.4,51.13,100.0,36.3
2018-01-06 15:20:00,2,1,66.07,85.0,55.0,50.12,45.0,66.07,0.8,0.0,5.63,45.0,45.0,0.0,0.0,0.0,120.0,45.0,0.0,0.88,0.0,0.0,0.0,34.17,0.0,46.39,51.09,100.0,36.31
2018-01-06 15:21:00,2,1,66.06,85.0,55.0,50.12,45.0,66.06,0.8,0.0,5.63,45.0,45.0,0.0,0.0,0.0,120.0,45.0,0.0,0.88,0.0,0.0,0.0,34.18,0.0,46.38,51.04,100.0,36.31
2018-01-06 15:22:00,2,1,66.04,85.0,55.0,50.11,45.0,66.04,0.8,0.0,5.63,45.0,45.0,0.0,0.0,0.0,120.0,45.0,0.0,0.88,0.0,0.0,0.0,34.19,0.0,46.37,50.99,100.0,36.32
2018-01-06 15:23:00,2,1,66.03,85.0,55.0,50.11,45.0,66.03,0.8,0.0,5.63,45.0,45.0,0.0,0.0,0.0,120.0,45.0,0.0,0.88,0.0,0.0,0.0,34.19,0.0,46.36,50.95,100.0,36.32
2018-01-06 15:24:00,2,1,66.01,85.0,55.0,50.11,45.0,66.01,0.8,0.0,5.63,45.0,45.0,0.0,0.0,0.0,120.0,45.0,0.0,0.88,0.0,0.0,0.0,34.2,0.0,46.35,50.91,100.0,36.33
2018-01-06 15:25:00,2,1,66.0,85.0,55.0,50.1,45.0,66.0,0.8,0.0,5.63,45.0,45.0,0.0,0.0,0.0,120.0,45.0,0.0,0.88,0.0,0.0,0.0,34.2,0.0,46.34,50.86,100.0,36.34
2018-01-06 15:26:00,2,1,65.98,85.0,55.0,50.1,45.0,65.98,0.8,0.0,5.63,45.0,45.0,0.0,0.0,0.0,120.0,45.0,0.0,0.88,0.0,0.0,0.0,34.21,0.0,46.33,50.82,100.0,36.34
2018-01-06 15:27:00,2,1,65.97,85.0,55.0,50.09,45.0,65.97,0.8,0.0,5.63,45.0,45.0,0.0,0.0,0.0,120.0,45.0,0.0,0.88,0.0,0.0,0.0,34.21,0.0,46.33,50.77,100.0,36.35
2018-01-06 15:28:00,2,1,65.95,85.0,55.0,50.09,45.0,65.95,0.8,0.0,5.63,45.0,45.0,0.0,0.0,0.0,120.0,45.0,0.0,0.88,0.0,0.0,0.0,34.22,0.0,46.32,50.73,100.0,36.36
2018-01-06 15:29:00,2,1,65.94,85.0,55.0,50.08,45.0,65.94,0.8,0.0,5.63,45.0,45.0,0.0,0.0,0.0,120.0,45.0,0.0,0.88,0.0,0.0,0.0,34.22,0.0,46.31,50.69,100.0,36.37
2018-01-06 15:30:00,2,1,65.92,85.0,55.0,50.07,45.0,65.92,0.8,0.0,5.63,45.0,45.0,0.0,0.0,0.0,120.0,45.0,0.0,0.88,0.0,0.0,0.0,34.23,0.0,46.31,50.65,100.0,36.37
2018-01-06 15:31:00,2,1,65.9,85.0,55.0,50.07,45.0,65.9,0.8,0.0,5.63,45.0,45.0,0.0,0.0,0.0,120.0,45.0,0.0,0.88,0.0,0.0,0.0,34.23,0.0,46.3,50.61,100.0,36.38
2018-01-06 15:32:00,2,1,65.89,85.0,55.0,50.06,45.0,65.89,0.8,0.0,5.63,45.0,45.0,0.0,0.0,0.0,120.0,45.0,0.0,0.88,0.0,0.0,0.0,34.23,0.0,46.3,50.57,100.0,36.39
2018-01-06 15:33:00,2,1,65.87,85.0,55.0,50.05,45.0,65.87,0.8,0.0,5.63,45.0,45.0,0.0,0.0,0.0,120.0,45.0,0.0,0.88,0.0,0.0,0.0,34.23,0.0,46.29,50.53,100.0,36.4
2018-01-06 15:34:00,2,1,65.85,85.0,55.0,50.04,45.0,65.85,0.8,0.0,5.63,45.0,45.0,0.0,0.0,0.0,120.0,45.0,0.0,0.88,0.0,0.0,0.0,34.23,0.0,46.29,50.5,100.0,36.41
2018-01-06 15:35:00,2,1,65.84,85.0,55.0,50.03,45.0,65.84,0.8,0.0,5.63,45.0,45.0,0.0,0.0,0.0,120.0,45.0,0.0,0.88,0.0,0.0,0.0,34.23,0.0,46.29,50.46,100.0,36.42
2018-01-06 15:36:00,2,1,65.82,85.0,55.0,50.03,45.0,65.82,0.8,0.0,5.63,45.0,45.0,0.0,0.0,0.0,120.0,45.0,0.0,0.88,0.0,0.0,0.0,34.23,0.0,46.29,50.42,100.0,36.43
2018-01-06 15:37:00,2,1,65.8,85.0,55.0,50.02,45.0,65.8,0.8,0.0,5.63,45.0,45.0,0.0,0.0,0.0,120.0,45.0,0.0,0.88,0.0,0.0,0.0,34.23,0.0,46.28,50.39,100.0,36.44
2018-01-06 15:38:00,2,1,65.78,85.0,55.0,50.01,45.0,65.78,0.8,0.0,5.63,45.0,45.0,0.0,0.0,0.0,120.0,45.0,0.0,0.88,0.0,0.0,0.0,34.23,0.0,46.28,50.36,100.0,36.45
2018-01-06 15:39:00,2,1,65.76,85.0,55.0,50.0,45.0,65.76,0.8,0.0,5.63,45.0,45.0,0.0,0.0,0.0,120.0,45.0,0.0,0.88,0.0,0.0,0.0,34.23,0.0,46.28,50.33,100.0,36.46
2018-01-06 15:40:00,2,1,65.74,85.0,55.0,49.99,45.0,65.74,0.8,0.0,5.63,45.0,45.0,0.0,0.0,0.0,120.0,45.0,0.0,0.88,0.0,0.0,0.0,34.23,0.0,46.28,50.29,100.0,36.47
2018-01-06 15:41:00,2,1,65.73,85.0,55.0,49.97,45.0,65.73,0.8,0.0,5.63,45.0,45.0,0.0,0.0,0.0,120.0,45.0,0.0,0.88,0.0,0.0,0.0,34.22,0.0,46.28,50.27,100.0,36.48
2018-01-06 15:42:00,2,1,65.71,85.0,55.0,49.96,45.0,65.71,0.8,0.0,5.63,45.0,45.0,0.0,0.0,0.0,120.0,45.0,0.0,0.88,0.0,0.0,0.0,34.22,0.0,46.27,50.24,100.0,36.49
2018-01-06 15:43:00,2,1,65.69,85.0,55.0,49.95,45.0,65.69,0.8,0.0,5.63,45.0,45.0,0.0,0.0,0.0,120.0,45.0,0.0,0.88,0.0,0.0,0.0,34.21,0.0,46.27,50.21,100.0,36.51
2018-01-06 15:44:00,2,1,65.67,85.0,55.0,49.94,45.0,65.67,0.8,0.0,5.63,45.0,45.0,0.0,0.0,0.0,120.0,45.0,0.0,0.88,0.0,0.0,0.0,34.21,0.0,46.27,50.18,100.0,36.52
2018-01-06 15:45:00,2,1,65.65,85.0,55.0,49.92,45.0,65.65,0.8,0.0,5.63,45.0,45.0,0.0,0.0,0.0,120.0,45.0,0.0,0.88,0.0,0.0,0.0,34.2,0.0,46.27,50.16,100.0,36.53
2018-01-06 15:46:00,2,1,65.63,85.0,55.0,49.91,45.0,65.63,0.8,0.0,5.63,45.0,45.0,0.0,0.0,0.0,120.0,45.0,0.0,0.88,0.0,0.0,0.0,34.19,0.0,46.27,50.14,100.0,36.54
2018-01-06 15:47:00,2,1,65.61,85.0,55.0,49.9,45.0,65.61,0.8,0.0,5.63,45.0,45.0,0.0,0.0,0.0,120.0,45.0,0.0,0.88,0.0,0.0,0.0,34.18,0.0,46.27,50.12,100.0,36.56
2018-01-06 15:48:00,2,1,65.59,85.0,55.0,49.88,45.0,65.59,0.8,0.0,5.63,45.0,45.0,0.0,0.0,0.0,120.0,45.0,0.0,0.88,0.0,0.0,0.0,34.17,0.0,46.27,50.1,100.0,36.57
2018-01-06 15:49:00,2,1,65.57,85.0,55.0,49.87,45.0,65.57,0.8,0.0,5.63,45.0,45.0,0.0,0.0,0.0,120.0,45.0,0.0,0.88,0.0,0.0,0.0,34.16,0.0,46.27,50.08,100.0,36.58
2018-01-06 15:50:00,2,1,65.55,85.0,55.0,49.85,45.0,65.55,0.8,0.0,5.63,45.0,45.0,0.0,0.0,0.0,120.0,45.0,0.0,0.88,0.0,0.0,0.0,34.15,0.0,46.28,50.06,100.0,36.6
2018-01-06 15:51:00,2,1,65.53,85.0,55.0,49.83,45.0,65.53,0.8,0.0,5.63,45.0,45.0,0.0,0.0,0.0,120.0,45.0,0.0,0.88,0.0,0.0,0.0,34.14,0.0,46.28,50.05,100.0,36.61
2018-01-06 15:52:00,2,1,65.51,85.0,55.0,49.82,45.0,65.51,0.8,0.0,5.63,45.0,45.0,0.0,0.0,0.0,120.0,45.0,0.0,0.88,0.0,0.0,0.0,34.13,0.0,46.29,50.03,100.0,36.63
2018-01-06 15:53:00,2,1,65.48,85.0,55.0,49.8,45.0,65.48,0.8,0.0,5.63,45.0,45.0,0.0,0.0,0.0,120.0,45.0,0.0,0.88,0.0,0.0,0.0,34.11,0.0,46.29,50.02,100.0,36.64
2018-01-06 15:54:00,2,1,65.46,85.0,55.0,49.78,45.0,65.46,0.8,0.0,5.63,45.0,45.0,0.0,0.0,0.0,120.0,45.0,0.0,0.88,0.0,0.0,0.0,34.1,0.0,46.3,50.01,100.0,36.65
2018-01-06 15:55:00,2,1,65.44,85.0,55.0,49.76,45.0,65.44,0.8,0.0,5.63,45.0,45.0,0.0,0.0,0.0,120.0,45.0,0.0,0.88,0.0,0.0,0.0,34.08,0.0,46.3,50.0,100.0,36.67
2018-01-06 15:56:00,2,1,65.42,85.0,55.0,49.74,45.0,65.42,0.8,0.0,5.63,45.0,45.0,0.0,0.0,0.0,120.0,45.0,0.0,0.88,0.0,0.0,0.0,34.07,0.0,46.31,50.0,100.0,36.69
2018-01-06 15:57:00,2,1,65.4,85.0,55.0,49.72,45.0,65.4,0.8,0.0,5.63,45.0,45.0,0.0,0.0,0.0,120.0,45.0,0.0,0.88,0.0,0.0,0.0,34.05,0.0,46.32,49.99,100.0,36.7
2018-01-06 15:58:00,2,1,65.37,85.0,55.0,49.7,45.0,65.37,0.8,0.0,5.63,45.0,45.0,0.0,0.0,0.0,120.0,45.0,0.0,0.88,0.0,0.0,0.0,34.03,0.0,46.33,49.99,100.0,36.72
2018-01-06 15:59:00,2,1,65.35,85.0,55.0,49.68,45.0,65.35,0.8,0.0,5.63,45.0,45.0,0.0,0.0,0.0,120.0,45.0,0.0,0.88,0.0,0.0,0.0,34.01,0.0,46.34,49.99,100.0,36.73
2018-01-06 16:00:00,2,1,65.33,85.0,55.0,49.66,45.0,65.33,0.8,0.0,5.63,45.0,45.0,0.0,0.0,0.0,120.0,45.0,0.0,0.88,0.0,0.0,0.0,33.99,0.0,46.35,49.99,100.0,36.75
2018-01-06 16:01:00,2,1,65.3,85.0,55.0,49.63,45.0,65.3,0.8,0.0,5.63,45.0,45.0,0.0,0.0,0.0,120.0,45.0,0.0,0.88,0.0,0.0,0.0,33.95,0.0,46.38,50.03,100.0,36.77
2018-01-06 16:02:00,2,1,65.28,85.0,55.0,49.59,45.0,65.28,0.8,0.0,5.63,45.0,45.0,0.0,0.0,0.0,120.0,45.0,0.0,0.88,0.0,0.0,0.0,33.9,0.0,46.41,50.09,100.0,36.79
2018-01-06 16:03:00,2,1,65.26,85.0,55.0,49.55,45.0,65.26,0.8,0.0,5.63,45.0,45.0,0.0,0.0,0.0,120.0,45.0,0.0,0.88,0.0,0.0,0.0,33.85,0.0,46.44,50.16,100.0,36.8
2018-01-06 16:04:00,2,1,65.23,85.0,55.0,49.51,45.0,65.23,0.8,0.0,5.63,45.0,45.0,0.0,0.0,0.0,120.0,45.0,0.0,0.88,0.0,0.0,0.0,33.8,0.0,46.48,50.23,100.0,36.82
2018-01-06 16:05:00,2,1,65.21,85.0,55.0,49.47,45.0,65.21,0.8,0.0,5.63,45.0,45.0,0.0,0.0,0.0,120.0,45.0,0.0,0.88,0.0,0.0,0.0,33.74,0.0,46.52,50.3,100.0,36.84
2018-01-06 16:06:00,2,1,65.18,85.0,55.0,49.43,45.0,65.18,0.8,0.0,5.63,45.0,45.0,0.0,0.0,0.0,120.0,45.0,0.0,0.88,0.0,0.0,0.0,33.69,0.0,46.56,50.37,100.0,36.86
2018-01-06 16:07:00,2,1,65.15,85.0,55.0,49.39,45.0,65.15,0.8,0.0,5.63,45.0,45.0,0.0,0.0,0.0,120.0,45.0,0.0,0.88,0.0,0.0,0.0,33.63,0.0,46.6,50.44,100.0,36.88
2018-01-06 16:08:00,2,1,65.13,85.0,55.0,49.35,45.0,65.13,0.8,0.0,5.63,45.0,45.0,0.0,0.0,0.0,120.0,45.0,0.0,0.88,0.0,0.0,0.0,33.58,0.0,46.64,50.52,100.0,36.91
2018-01-06 16:09:00,2,1,65.1,85.0,55.0,49.31,45.0,65.1,0.8,0.0,5.63,45.0,45.0,0.0,0.0,0.0,120.0,45.0,0.0,0.88,0.0,0.0,0.0,33.52,0.0,46.68,50.6,100.0,36.93
2018-01-06 16:10:00,2,1,65.07,85.0,55.0,49.27,45.0,65.07,0.8,0.0,5.63,45.0,45.0,0.0,0.0,0.0,120.0,45.0,0.0,0.88,0.0,0.0,0.0,33.46,0.0,46.72,50.68,100.0,36.95
2018-01-06 16:11:00,2,1,65.04,85.0,55.0,49.22,45.0,65.04,0.8,0.0,5.63,45.0,45.0,0.0,0.0,0.0,120.0,45.0,0.0,0.88,0.0,0.0,0.0,33.4,0.0,46.76,50.77,100.0,36.97
2018-01-06 16:12:00,2,1,65.02,85.0,55.0,49.18,45.0,65.02,0.8,0.0,5.63,45.0,45.0,0.0,0.0,0.0,120.0,45.0,0.0,0.88,0.0,0.0,0.0,33.34,0.0,46.81,50.85,100.0,37.0
2018-01-06 16:13:00,2,1,64.99,85.0,55.0,49.13,45.0,64.99,0.8,0.0,5.63,45.0,45.0,0.0,0.0,0.0,120.0,45.0,0.0,0.88,0.0,0.0,0.0,33.28,0.0,46.85,50.94,100.0,37.02
2018-01-06 16:14:00,2,1,64.96,85.0,55.0,49.09,45.0,64.96,0.8,0.0,5.63,45.0,45.0,0.0,0.0,0.0,120.0,45.0,0.0,0.88,0.0,0.0,0.0,33.22,0.0,46.9,51.03,100.0,37.05
2018-01-06 16:15:00,2,1,64.93,85.0,55.0,49.04,45.0,64.93,0.8,0.0,5.63,45.0,45.0,0.0,0.0,0.0,120.0,45.0,0.0,0.88,0.0,0.0,0.0,33.16,0.0,46.95,51.12,100.0,37.07
2018-01-06 16:16:00,2,1,64.9,85.0,55.0,49.0,45.0,64.9,0.8,0.0,5.63,45.0,45.0,0.0,0.0,0.0,120.0,45.0,0.0,0.88,0.0,0.0,0.0,33.1,0.0,47.0,51.22,100.0,37.1
2018-01-06 16:17:00,2,1,64.87,85.0,55.0,48.95,45.0,64.87,0.8,0.0,5.63,45.0,45.0,0.0,0.0,0.0,120.0,45.0,0.0,0.88,0.0,0.0,0.0,33.03,0.0,47.05,51.31,100.0,37.12
2018-01-06 16:18:00,2,1,64.84,85.0,55.0,48.9,45.0,64.84,0.8,0.0,5.63,45.0,45.0,0.0,0.0,0.0,120.0,45.0,0.0,0.88,0.0,0.0,0.0,32.97,0.0,47.1,51.41,100.0,37.15
2018-01-06 16:19:00,2,1,64.81,85.0,55.0,48.86,45.0,64.81,0.8,0.0,5.63,45.0,45.0,0.0,0.0,0.0,120.0,45.0,0.0,0.88,0.0,0.0,0.0,32.9,0.0,47.15,51.51,100.0,37.17
2018-01-06 16:20:00,2,1,64.78,85.0,55.0,48.81,45.0,64.78,0.8,0.0,5.63,45.0,45.0,0.0,0.0,0.0,120.0,45.0,0.0,0.88,0.0,0.0,0.0,32.84,0.0,47.2,51.61,100.0,37.2
2018-01-06 16:21:00,2,1,64.75,85.0,55.0,48.76,45.0,64.75,0.8,0.0,5.63,45.0,45.0,0.0,0.0,0.0,120.0,45.0,0.0,0.88,0.0,0.0,0.0,32.77,0.0,47.25,51.72,100.0,37.23
2018-01-06 16:22:00,2,1,64.72,85.0,55.0,48.71,45.0,64.72,0.8,0.0,5.63,45.0,45.0,0.0,0.0,0.0,120.0,45.0,0.0,0.88,0.0,0.0,0.0,32.7,0.0,47.3,51.82,100.0,37.25
2018-01-06 16:23:00,2,1,64.69,85.0,55.0,48.66,45.0,64.69,0.8,0.0,5.63,45.0,45.0,0.0,0.0,0.0,120.0,45.0,0.0,0.88,0.0,0.0,0.0,32.64,0.0,47.36,51.93,100.0,37.28
2018-01-06 16:24:00,2,1,64.66,85.0,55.0,48.61,45.0,64.66,0.8,0.0,5.63,45.0,45.0,0.0,0.0,0.0,120.0,45.0,0.0,0.88,0.0,0.0,0.0,32.57,0.0,47.41,52.04,100.0,37.31
2018-01-06 16:25:00,2,1,64.62,85.0,55.0,48.56,45.0,64.62,0.8,0.0,5.63,45.0,45.0,0.0,0.0,0.0,120.0,45.0,0.0,0.88,0.0,0.0,0.0,32.5,0.0,47.47,52.15,100.0,37.33
2018-01-06 16:26:00,2,1,64.59,85.0,55.0,48.51,45.0,64.59,0.8,0.0,5.63,45.0,45.0,0.0,0.0,0.0,120.0,45.0,0.0,0.88,0.0,0.0,0.0,32.43,0.0,47.52,52.27,100.0,37.36
2018-01-06 16:27:00,2,1,64.56,85.0,55.0,48.46,45.0,64.56,0.8,0.0,5.63,45.0,45.0,0.0,0.0,0.0,120.0,45.0,0.0,0.88,0.0,0.0,0.0,32.36,0.0,47.58,52.38,100.0,37.39
2018-01-06 16:28:00,2,1,64.53,85.0,55.0,48.41,45.0,64.53,0.8,0.0,5.63,45.0,45.0,0.0,0.0,0.0,120.0,45.0,0.0,0.88,0.0,0.0,0.0,32.3,0.0,47.64,52.5,100.0,37.42
2018-01-06 16:29:00,2,1,64.5,85.0,55.0,48.36,45.0,64.5,0.8,0.0,5.63,45.0,45.0,0.0,0.0,0.0,120.0,45.0,0.0,0.88,0.0,0.0,0.0,32.23,0.0,47.7,52.62,100.0,37.45
2018-01-06 16:30:00,2,1,64.47,85.0,55.0,48.31,45.0,64.47,0.8,0.0,5.63,45.0,45.0,0.0,0.0,0.0,120.0,45.0,0.0,0.88,0.0,0.0,0.0,32.16,0.0,47.75,52.74,100.0,37.48
2018-01-06 16:31:00,2,1,64.43,85.0,55.0,48.26,45.0,64.43,0.8,0.0,5.63,45.0,45.0,0.0,0.0,0.0,120.0,45.0,0.0,0.88,0.0,0.0,0.0,32.09,0.0,47.81,52.86,100.0,37.51
2018-01-06 16:32:00,2,1,64.4,85.0,55.0,48.21,45.0,64.4,0.8,0.0,5.63,45.0,45.0,0.0,0.0,0.0,120.0,45.0,0.0,0.88,0.0,0.0,0.0,32.02,0.0,47.87,52.99,100.0,37.54
2018-01-06 16:33:00,2,1,64.37,85.0,55.0,48.16,45.0,64.37,0.8,0.0,5.63,45.0,45.0,0.0,0.0,0.0,120.0,45.0,0.0,0.88,0.0,0.0,0.0,31.94,0.0,47.93,53.11,100.0,37.56
2018-01-06 16:34:00,2,1,64.34,85.0,55.0,48.11,45.0,64.34,0.8,0.0,5.63,45.0,45.0,0.0,0.0,0.0,120.0,45.0,0.0,0.88,0.0,0.0,0.0,31.87,0.0,47.99,53.24,100.0,37.59
2018-01-06 16:35:00,2,1,64.31,85.0,55.0,48.05,45.0,64.31,0.8,0.0,5.63,45.0,45.0,0.0,0.0,0.0,120.0,45.0,0.0,0.88,0.0,0.0,0.0,31.8,0.0,48.05,53.37,100.0,37.62
2018-01-06 16:36:00,2,1,64.27,85.0,55.0,48.0,45.0,64.27,0.8,0.0,5.63,45.0,45.0,0.0,0.0,0.0,120.0,45.0,0.0,0.88,0.0,0.0,0.0,31.73,0.0,48.12,53.5,100.0,37.65
2018-01-06 16:37:00,2,1,64.24,85.0,55.0,47.95,45.0,64.24,0.8,0.0,5.63,45.0,45.0,0.0,0.0,0.0,120.0,45.0,0.0,0.88,0.0,0.0,0.0,31.66,0.0,48.18,53.63,100.0,37.68
2018-01-06 16:38:00,2,1,64.21,85.0,55.0,47.9,45.0,64.21,0.8,0.0,5.63,45.0,45.0,0.0,0.0,0.0,120.0,45.0,0.0,0.88,0.0,0.0,0.0,31.59,0.0,48.24,53.76,100.0,37.71
2018-01-06 16:39:00,2,1,64.18,85.0,55.0,47.85,45.0,64.18,0.8,0.0,5.63,45.0,45.0,0.0,0.0,0.0,120.0,45.0,0.0,0.88,0.0,0.0,0.0,31.52,0.0,48.3,53.89,100.0,37.74
2018-01-06 16:40:00,2,1,64.14,85.0,55.0,47.79,45.0,64.14,0.8,0.0,5.63,45.0,45.0,0.0,0.0,0.0,120.0,45.0,0.0,0.88,0.0,0.0,0.0,31.45,0.0,48.36,54.03,100.0,37.78
2018-01-06 16:41:00,2,1,64.11,85.0,55.0,47.74,45.0,64.11,0.8,0.0,5.63,45.0,45.0,0.0,0.0,0.0,120.0,45.0,0.0,0.88,0.0,0.0,0.0,31.37,0.0,48.43,54.17,100.0,37.81
2018-01-06 16:42:00,2,1,64.08,85.0,55.0,47.69,45.0,64.08,0.8,0.0,5.63,45.0,45.0,0.0,0.0,0.0,120.0,45.0,0.0,0.88,0.0,0.0,0.0,31.3,0.0,48.49,54.3,100.0,37.84
2018-01-06 16:43:00,2,1,64.04,85.0,55.0,47.64,45.0,64.04,0.8,0.0,5.63,45.0,45.0,0.0,0.0,0.0,120.0,45.0,0.0,0.88,0.0,0.0,0.0,31.23,0.0,48.56,54.44,100.0,37.87
2018-01-06 16:44:00,2,1,64.01,85.0,55.0,47.59,45.0,64.01,0.8,0.0,5.63,45.0,45.0,0.0,0.0,0.0,120.0,45.0,0.0,0.88,0.0,0.0,0.0,31.16,0.0,48.62,54.58,100.0,37.9
2018-01-06 16:45:00,2,1,63.98,85.0,55.0,47.53,45.0,63.98,0.8,0.0,5.63,45.0,45.0,0.0,0.0,0.0,120.0,45.0,0.0,0.88,0.0,0.0,0.0,31.09,0.0,48.68,54.72,100.0,37.93
2018-01-06 16:46:00,2,1,63.95,85.0,55.0,47.48,45.0,63.95,0.8,0.0,5.63,45.0,45.0,0.0,0.0,0.0,120.0,45.0,0.0,0.88,0.0,0.0,0.0,31.02,0.0,48.75,54.86,100.0,37.96
2018-01-06 16:47:00,2,1,63.91,85.0,55.0,47.43,45.0,63.91,0.8,0.0,5.63,45.0,45.0,0.0,0.0,0.0,120.0,45.0,0.0,0.88,0.0,0.0,0.0,30.95,0.0,48.81,55.01,100.0,37.99
2018-01-06 16:48:00,2,1,63.88,85.0,55.0,47.38,45.0,63.88,0.8,0.0,5.63,45.0,45.0,0.0,0.0,0.0,120.0,45.0,0.0,0.88,0.0,0.0,0.0,30.88,0.0,48.88,55.15,100.0,38.02
2018-01-06 16:49:00,2,1,63.85,85.0,55.0,47.33,45.0,63.85,0.8,0.0,5.63,45.0,45.0,0.0,0.0,0.0,120.0,45.0,0.0,0.88,0.0,0.0,0.0,30.81,0.0,48.94,55.3,100.0,38.05
2018-01-06 16:50:00,2,1,63.82,85.0,55.0,47.28,45.0,63.82,0.8,0.0,5.63,45.0,45.0,0.0,0.0,0.0,120.0,45.0,0.0,0.88,0.0,0.0,0.0,30.74,0.0,49.01,55.44,100.0,38.08
2018-01-06 16:51:00,2,1,63.78,85.0,55.0,47.22,45.0,63.78,0.8,0.0,5.63,45.0,45.0,0.0,0.0,0.0,120.0,45.0,0.0,0.88,0.0,0.0,0.0,30.67,0.0,49.07,55.59,100.0,38.11
2018-01-06 16:52:00,2,1,63.75,85.0,55.0,47.17,45.0,63.75,0.8,0.0,5.63,45.0,45.0,0.0,0.0,0.0,120.0,45.0,0.0,0.88,0.0,0.0,0.0,30.6,0.0,49.14,55.73,100.0,38.14
2018-01-06 16:53:00,2,1,63.72,85.0,55.0,47.12,45.0,63.72,0.8,0.0,5.63,45.0,45.0,0.0,0.0,0.0,120.0,45.0,0.0,0.88,0.0,0.0,0.0,30.53,0.0,49.2,55.88,100.0,38.18
2018-01-06 16:54:00,2,1,63.69,85.0,55.0,47.07,45.0,63.69,0.8,0.0,5.63,45.0,45.0,0.0,0.0,0.0,120.0,45.0,0.0,0.88,0.0,0.0,0.0,30.46,0.0,49.27,56.03,100.0,38.21
2018-01-06 16:55:00,2,1,63.66,85.0,55.0,47.02,45.0,63.66,0.8,0.0,5.63,45.0,45.0,0.0,0.0,0.0,120.0,45.0,0.0,0.88,0.0,0.0,0.0,30.39,0.0,49.33,56.17,100.0,38.24
2018-01-06 16:56:00,2,1,63.62,85.0,55.0,46.97,45.0,63.62,0.8,0.0,5.63,45.0,45.0,0.0,0.0,0.0,120.0,45.0,0.0,0.88,0.0,0.0,0.0,30.32,0.0,49.4,56.32,100.0,38.27
2018-01-06 16:57:00,2,1,63.59,85.0,55.0,46.92,45.0,63.59,0.8,0.0,5.63,45.0,45.0,0.0,0.0,0.0,120.0,45.0,0.0,0.88,0.0,0.0,0.0,30.25,0.0,49.46,56.47,100.0,38.3
2018-01-06 16:58:00,2,1,63.56,85.0,55.0,46.87,45.0,63.56,0.8,0.0,5.63,45.0,45.0,0.0,0.0,0.0,120.0,45.0,0.0,0.88,0.0,0.0,0.0,30.18,0.0,49.53,56.62,100.0,38.33
2018-01-06 16:59:00,2,1,63.53,85.0,55.0,46.82,45.0,63.53,0.8,0.0,5.63,45.0,45.0,0.0,0.0,0.0,120.0,45.0,0.0,0.88,0.0,0.0,0.0,30.12,0.0,49.59,56.77,100.0,38.36
2018-01-06 17:00:00,2,1,63.5,85.0,55.0,46.77,45.0,63.5,0.8,0.0,5.63,45.0,45.0,0.0,0.0,0.0,120.0,45.0,0.0,0.88,0.0,0.0,0.0,30.05,0.0,49.65,56.92,100.0,38.39
2018-01-06 17:01:00,2,1,63.46,85.0,55.0,46.73,45.0,63.46,0.8,0.0,5.63,45.0,45.0,0.0,0.0,0.0,120.0,45.0,0.0,0.88,0.0,0.0,0.0,30.0,0.0,49.71,57.03,100.0,38.42
2018-01-06 17:02:00,2,1,63.43,85.0,55.0,46.7,45.0,63.43,0.8,0.0,5.63,45.0,45.0,0.0,0.0,0.0,120.0,45.0,0.0,0.88,0.0,0.0,0.0,29.96,0.0,49.75,57.13,100.0,38.45
2018-01-06 17:03:00,2,1,63.4,85.0,55.0,46.66,45.0,63.4,0.8,0.0,5.63,45.0,45.0,0.0,0.0,0.0,120.0,45.0,0.0,0.88,0.0,0.0,0.0,29.92,0.0,49.8,57.22,100.0,38.48
2018-01-06 17:04:00,2,1,63.37,85.0,55.0,46.63,45.0,63.37,0.8,0.0,5.63,45.0,45.0,0.0,0.0,0.0,120.0,45.0,0.0,0.88,0.0,0.0,0.0,29.88,0.0,49.84,57.31,100.0,38.5
2018-01-06 17:05:00,2,1,63.35,85.0,55.0,46.59,45.0,63.35,0.8,0.0,5.63,45.0,45.0,0.0,0.0,0.0,120.0,45.0,0.0,0.88,0.0,0.0,0.0,29.84,0.0,49.88,57.4,100.0,38.53
2018-01-06 17:06:00,2,1,63.32,85.0,55.0,46.56,45.0,63.32,0.8,0.0,5.63,45.0,45.0,0.0,0.0,0.0,120.0,45.0,0.0,0.88,0.0,0.0,0.0,29.8,0.0,49.93,57.49,100.0,38.56
2018-01-06 17:07:00,2,1,63.29,85.0,55.0,46.53,45.0,63.29,0.8,0.0,5.63,45.0,45.0,0.0,0.0,0.0,120.0,45.0,0.0,0.88,0.0,0.0,0.0,29.76,0.0,49.97,57.58,100.0,38.58
2018-01-06 17:08:00,2,1,63.26,85.0,55.0,46.49,45.0,63.26,0.8,0.0,5.63,45.0,45.0,0.0,0.0,0.0,120.0,45.0,0.0,0.88,0.0,0.0,0.0,29.73,0.0,50.01,57.67,100.0,38.61
2018-01-06 17:09:00,2,1,63.24,85.0,55.0,46.46,45.0,63.24,0.8,0.0,5.63,45.0,45.0,0.0,0.0,0.0,120.0,45.0,0.0,0.88,0.0,0.0,0.0,29.69,0.0,50.05,57.76,100.0,38.63
2018-01-06 17:10:00,2,1,63.21,85.0,55.0,46.43,45.0,63.21,0.8,0.0,5.63,45.0,45.0,0.0,0.0,0.0,120.0,45.0,0.0,0.88,0.0,0.0,0.0,29.65,0.0,50.09,57.84,100.0,38.66
2018-01-06 17:11:00,2,1,63.18,85.0,55.0,46.4,45.0,63.18,0.8,0.0,5.63,45.0,45.0,0.0,0.0,0.0,120.0,45.0,0.0,0.88,0.0,0.0,0.0,29.62,0.0,50.13,57.93,100.0,38.68
2018-01-06 17:12:00,2,1,63.16,85.0,55.0,46.37,45.0,63.16,0.8,0.0,5.63,45.0,45.0,0.0,0.0,0.0,120.0,45.0,0.0,0.88,0.0,0.0,0.0,29.58,0.0,50.17,58.02,100.0,38.71
2018-01-06 17:13:00,2,1,63.13,85.0,55.0,46.34,45.0,63.13,0.8,0.0,5.63,45.0,45.0,0.0,0.0,0.0,120.0,45.0,0.0,0.88,0.0,0.0,0.0,29.54,0.0,50.21,58.1,100.0,38.73
2018-01-06 17:14:00,2,1,63.11,85.0,55.0,46.31,45.0,63.11,0.8,0.0,5.63,45.0,45.0,0.0,0.0,0.0,120.0,45.0,0.0,0.88,0.0,0.0,0.0,29.51,0.0,50.25,58.19,100.0,38.75
2018-01-06 17:15:00,2,1,63.08,85.0,55.0,46.28,45.0,63.08,0.8,0.0,5.63,45.0,45.0,0.0,0.0,0.0,120.0,45.0,0.0,0.88,0.0,0.0,0.0,29.47,0.0,50.28,58.27,100.0,38.77
2018-01-06 17:16:00,2,1,63.06,85.0,55.0,46.25,45.0,63.06,0.8,0.0,5.63,45.0,45.0,0.0,0.0,0.0,120.0,45.0,0.0,0.88,0.0,0.0,0.0,29.44,0.0,50.32,58.36,100.0,38.79
2018-01-06 17:17:00,2,1,63.03,85.0,55.0,46.22,45.0,63.03,0.8,0.0,5.63,45.0,45.0,0.0,0.0,0.0,120.0,45.0,0.0,0.88,0.0,0.0,0.0,29.41,0.0,50.36,58.44,100.0,38.82
2018-01-06 17:18:00,2,1,63.01,85.0,55.0,46.19,45.0,63.01,0.8,0.0,5.63,45.0,45.0,0.0,0.0,0.0,120.0,45.0,0.0,0.88,0.0,0.0,0.0,29.37,0.0,50.39,58.52,100.0,38.84
2018-01-06 17:19:00,2,1,62.99,85.0,55.0,46.16,45.0,62.99,0.8,0.0,5.63,45.0,45.0,0.0,0.0,0.0,120.0,45.0,0.0,0.88,0.0,0.0,0.0,29.34,0.0,50.43,58.6,100.0,38.86
2018-01-06 17:20:00,2,1,62.96,85.0,55.0,46.13,45.0,62.96,0.8,0.0,5.63,45.0,45.0,0.0,0.0,0.0,120.0,45.0,0.0,0.88,0.0,0.0,0.0,29.31,0.0,50.46,58.69,100.0,38.88
2018-01-06 17:21:00,2,1,62.94,85.0,55.0,46.11,45.0,62.94,0.8,0.0,5.63,45.0,45.0,0.0,0.0,0.0,120.0,45.0,0.0,0.88,0.0,0.0,0.0,29.27,0.0,50.5,58.77,100.0,38.9
2018-01-06 17:22:00,2,1,62.92,85.0,55.0,46.08,45.0,62.92,0.8,0.0,5.63,45.0,45.0,0.0,0.0,0.0,120.0,45.0,0.0,0.88,0.0,0.0,0.0,29.24,0.0,50.53,58.85,100.0,38.92
2018-01-06 17:23:00,2,1,62.89,85.0,55.0,46.05,45.0,62.89,0.8,0.0,5.63,45.0,45.0,0.0,0.0,0.0,120.0,45.0,0.0,0.88,0.0,0.0,0.0,29.21,0.0,50.57,58.93,100.0,38.93
2018-01-06 17:24:00,2,1,62.87,85.0,55.0,46.02,45.0,62.87,0.8,0.0,5.63,45.0,45.0,0.0,0.0,0.0,120.0,45.0,0.0,0.88,0.0,0.0,0.0,29.18,0.0,50.6,59.01,100.0,38.95
2018-01-06 17:25:00,2,1,62.85,85.0,55.0,46.0,45.0,62.85,0.8,0.0,5.63,45.0,45.0,0.0,0.0,0.0,120.0,45.0,0.0,0.88,0.0,0.0,0.0,29.14,0.0,50.64,59.09,100.0,38.97
2018-01-06 17:26:00,2,1,62.83,85.0,55.0,45.97,45.0,62.83,0.8,0.0,5.63,45.0,45.0,0.0,0.0,0.0,120.0,45.0,0.0,0.88,0.0,0.0,0.0,29.11,0.0,50.67,59.17,100.0,38.99
2018-01-06 17:27:00,2,1,62.81,85.0,55.0,45.94,45.0,62.81,0.8,0.0,5.63,45.0,45.0,0.0,0.0,0.0,120.0,45.0,0.0,0.88,0.0,0.0,0.0,29.08,0.0,50.7,59.25,100.0,39.01
2018-01-06 17:28:00,2,1,62.79,85.0,55.0,45.92,45.0,62.79,0.8,0.0,5.63,45.0,45.0,0.0,0.0,0.0,120.0,45.0,0.0,0.88,0.0,0.0,0.0,29.05,0.0,50.73,59.33,100.0,39.03
2018-01-06 17:29:00,2,1,62.76,85.0,55.0,45.89,45.0,62.76,0.8,0.0,5.63,45.0,45.0,0.0,0.0,0.0,120.0,45.0,0.0,0.88,0.0,0.0,0.0,29.02,0.0,50.77,59.41,100.0,39.04
2018-01-06 17:30:00,2,1,62.74,85.0,55.0,45.87,45.0,62.74,0.8,0.0,5.63,45.0,45.0,0.0,0.0,0.0,120.0,45.0,0.0,0.88,0.0,0.0,0.0,28.99,0.0,50.8,59.49,100.0,39.06
2018-01-06 17:31:00,2,1,62.72,85.0,55.0,45.84,45.0,62.72,0.8,0.0,5.63,45.0,45.0,0.0,0.0,0.0,120.0,45.0,0.0,0.88,0.0,0.0,0.0,28.96,0.0,50.83,59.57,100.0,39.08
2018-01-06 17:32:00,2,1,62.7,85.0,55.0,45.81,45.0,62.7,0.8,0.0,5.63,45.0,45.0,0.0,0.0,0.0,120.0,45.0,0.0,0.88,0.0,0.0,0.0,28.93,0.0,50.86,59.65,100.0,39.09
2018-01-06 17:33:00,2,1,62.68,85.0,55.0,45.79,45.0,62.68,0.8,0.0,5.63,45.0,45.0,0.0,0.0,0.0,120.0,45.0,0.0,0.88,0.0,0.0,0.0,28.9,0.0,50.89,59.73,100.0,39.11
2018-01-06 17:34:00,2,1,62.66,85.0,55.0,45.76,45.0,62.66,0.8,0.0,5.63,45.0,45.0,0.0,0.0,0.0,120.0,45.0,0.0,0.88,0.0,0.0,0.0,28.87,0.0,50.92,59.81,100.0,39.12
2018-01-06 17:35:00,2,1,62.64,85.0,55.0,45.74,45.0,62.64,0.8,0.0,5.63,45.0,45.0,0.0,0.0,0.0,120.0,45.0,0.0,0.88,0.0,0.0,0.0,28.83,0.0,50.96,59.89,100.0,39.14
2018-01-06 17:36:00,2,1,62.62,85.0,55.0,45.71,45.0,62.62,0.8,0.0,5.63,45.0,45.0,0.0,0.0,0.0,120.0,45.0,0.0,0.88,0.0,0.0,0.0,28.8,0.0,50.99,59.97,100.0,39.16
2018-01-06 17:37:00,2,1,62.6,85.0,55.0,45.69,45.0,62.6,0.8,0.0,5.63,45.0,45.0,0.0,0.0,0.0,120.0,45.0,0.0,0.88,0.0,0.0,0.0,28.77,0.0,51.02,60.05,100.0,39.17
2018-01-06 17:38:00,2,1,62.59,85.0,55.0,45.66,45.0,62.59,0.8,0.0,5.63,45.0,45.0,0.0,0.0,0.0,120.0,45.0,0.0,0.88,0.0,0.0,0.0,28.74,0.0,51.05,60.13,100.0,39.19
2018-01-06 17:39:00,2,1,62.57,85.0,55.0,45.64,45.0,62.57,0.8,0.0,5.63,45.0,45.0,0.0,0.0,0.0,120.0,45.0,0.0,0.88,0.0,0.0,0.0,28.71,0.0,51.08,60.21,100.0,39.2
2018-01-06 17:40:00,2,1,62.55,85.0,55.0,45.62,45.0,62.55,0.8,0.0,5.63,45.0,45.0,0.0,0.0,0.0,120.0,45.0,0.0,0.88,0.0,0.0,0.0,28.68,0.0,51.11,60.29,100.0,39.21
2018-01-06 17:41:00,2,1,62.53,85.0,55.0,45.59,45.0,62.53,0.8,0.0,5.63,45.0,45.0,0.0,0.0,0.0,120.0,45.0,0.0,0.88,0.0,0.0,0.0,28.65,0.0,51.14,60.37,100.0,39.23
2018-01-06 17:42:00,2,1,62.51,85.0,55.0,45.57,45.0,62.51,0.8,0.0,5.63,45.0,45.0,0.0,0.0,0.0,120.0,45.0,0.0,0.88,0.0,0.0,0.0,28.62,0.0,51.17,60.45,100.0,39.24
2018-01-06 17:43:00,2,1,62.49,85.0,55.0,45.54,45.0,62.49,0.8,0.0,5.63,45.0,45.0,0.0,0.0,0.0,120.0,45.0,0.0,0.88,0.0,0.0,0.0,28.59,0.0,51.2,60.53,100.0,39.25
2018-01-06 17:44:00,2,1,62.48,85.0,55.0,45.52,45.0,62.48,0.8,0.0,5.63,45.0,45.0,0.0,0.0,0.0,120.0,45.0,0.0,0.88,0.0,0.0,0.0,28.56,0.0,51.22,60.61,100.0,39.27
2018-01-06 17:45:00,2,1,62.46,85.0,55.0,45.49,45.0,62.46,0.8,0.0,5.63,45.0,45.0,0.0,0.0,0.0,120.0,45.0,0.0,0.88,0.0,0.0,0.0,28.53,0.0,51.25,60.69,100.0,39.28
2018-01-06 17:46:00,2,1,62.44,85.0,55.0,45.47,45.0,62.44,0.8,0.0,5.63,45.0,45.0,0.0,0.0,0.0,120.0,45.0,0.0,0.88,0.0,0.0,0.0,28.5,0.0,51.28,60.77,100.0,39.29
2018-01-06 17:47:00,2,1,62.42,85.0,55.0,45.45,45.0,62.42,0.8,0.0,5.63,45.0,45.0,0.0,0.0,0.0,120.0,45.0,0.0,0.88,0.0,0.0,0.0,28.47,0.0,51.31,60.85,100.0,39.31
2018-01-06 17:48:00,2,1,62.41,85.0,55.0,45.42,45.0,62.41,0.8,0.0,5.63,45.0,45.0,0.0,0.0,0.0,120.0,45.0,0.0,0.88,0.0,0.0,0.0,28.44,0.0,51.34,60.93,100.0,39.32
2018-01-06 17:49:00,2,1,62.39,85.0,55.0,45.4,45.0,62.39,0.8,0.0,5.63,45.0,45.0,0.0,0.0,0.0,120.0,45.0,0.0,0.88,0.0,0.0,0.0,28.41,0.0,51.37,61.01,100.0,39.33
2018-01-06 17:50:00,2,1,62.37,85.0,55.0,45.38,45.0,62.37,0.8,0.0,5.63,45.0,45.0,0.0,0.0,0.0,120.0,45.0,0.0,0.88,0.0,0.0,0.0,28.38,0.0,51.4,61.09,100.0,39.34
2018-01-06 17:51:00,2,1,62.36,85.0,55.0,45.35,45.0,62.36,0.8,0.0,5.63,45.0,45.0,0.0,0.0,0.0,120.0,45.0,0.0,0.88,0.0,0.0,0.0,28.35,0.0,51.43,61.18,100.0,39.35
2018-01-06 17:52:00,2,1,62.34,85.0,55.0,45.33,45.0,62.34,0.8,0.0,5.63,45.0,45.0,0.0,0.0,0.0,120.0,45.0,0.0,0.88,0.0,0.0,0.0,28.31,0.0,51.45,61.26,100.0,39.36
2018-01-06 17:53:00,2,1,62.33,85.0,55.0,45.3,45.0,62.33,0.8,0.0,5.63,45.0,45.0,0.0,0.0,0.0,120.0,45.0,0.0,0.88,0.0,0.0,0.0,28.28,0.0,51.48,61.34,100.0,39.37
2018-01-06 17:54:00,2,1,62.31,85.0,55.0,45.28,45.0,62.31,0.8,0.0,5.63,45.0,45.0,0.0,0.0,0.0,120.0,45.0,0.0,0.88,0.0,0.0,0.0,28.25,0.0,51.51,61.43,100.0,39.38
2018-01-06 17:55:00,2,1,62.29,85.0,55.0,45.26,45.0,62.29,0.8,0.0,5.63,45.0,45.0,0.0,0.0,0.0,120.0,45.0,0.0,0.88,0.0,0.0,0.0,28.22,0.0,51.54,61.51,100.0,39.39
2018-01-06 17:56:00,2,1,62.28,85.0,55.0,45.23,45.0,62.28,0.8,0.0,5.63,45.0,45.0,0.0,0.0,0.0,120.0,45.0,0.0,0.88,0.0,0.0,0.0,28.19,0.0,51.57,61.6,100.0,39.4
2018-01-06 17:57:00,2,1,62.26,85.0,55.0,45.21,45.0,62.26,0.8,0.0,5.63,45.0,45.0,0.0,0.0,0.0,120.0,45.0,0.0,0.88,0.0,0.0,0.0,28.15,0.0,51.6,61.69,100.0,39.41
2018-01-06 17:58:00,2,1,62.25,85.0,55.0,45.18,45.0,62.25,0.8,0.0,5.63,45.0,45.0,0.0,0.0,0.0,120.0,45.0,0.0,0.88,0.0,0.0,0.0,28.12,0.0,51.62,61.77,100.0,39.42
2018-01-06 17:59:00,2,1,62.23,85.0,55.0,45.16,45.0,62.23,0.8,0.0,5.63,45.0,45.0,0.0,0.0,0.0,120.0,45.0,0.0,0.88,0.0,0.0,0.0,28.09,0.0,51.65,61.86,100.0,39.43
2018-01-06 18:00:00,2,1,62.22,85.0,55.0,45.14,45.0,62.22,0.8,0.0,5.63,45.0,45.0,0.0,0.0,0.0,120.0,45.0,0.0,0.88,0.0,0.0,0.0,28.06,0.0,51.68,61.95,100.0,39.44
2018-01-06 18:01:00,2,1,62.2,85.0,55.0,45.11,45.0,62.2,0.8,0.0,5.63,45.0,45.0,0.0,0.0,0.0,120.0,45.0,0.0,0.88,0.0,0.0,0.0,28.01,0.0,51.72,62.07,100.0,39.45
2018-01-06 18:02:00,2,1,62.19,85.0,55.0,45.08,45.0,62.19,0.8,0.0,5.63,45.0,45.0,0.0,0.0,0.0,120.0,45.0,0.0,0.88,0.0,0.0,0.0,27.96,0.0,51.76,62.21,100.0,39.46
2018-01-06 18:03:00,2,1,62.18,85.0,55.0,45.04,45.0,62.18,0.8,0.0,5.63,45.0,45.0,0.0,0.0,0.0,120.0,45.0,0.0,0.88,0.0,0.0,0.0,27.91,0.0,51.8,62.35,100.0,39.47
2018-01-06 18:04:00,2,1,62.16,85.0,55.0,45.01,45.0,62.16,0.8,0.0,5.63,45.0,45.0,0.0,0.0,0.0,120.0,45.0,0.0,0.88,0.0,0.0,0.0,27.86,0.0,51.85,62.5,100.0,39.47
2018-01-06 18:05:00,2,1,62.15,85.0,55.0,44.98,45.0,62.15,0.8,0.0,5.63,45.0,45.0,0.0,0.0,0.0,120.0,45.0,0.0,0.88,0.0,0.0,0.0,27.81,0.0,51.89,62.65,100.0,39.48
2018-01-06 18:06:00,2,1,62.13,85.0,55.0,44.94,45.0,62.13,0.8,0.0,5.63,45.0,45.0,0.0,0.0,0.0,120.0,45.0,0.0,0.88,0.0,0.0,0.0,27.75,0.0,51.93,62.79,100.0,39.49
2018-01-06 18:07:00,2,1,62.12,85.0,55.0,44.91,45.0,62.12,0.8,0.0,5.63,45.0,45.0,0.0,0.0,0.0,120.0,45.0,0.0,0.88,0.0,0.0,0.0,27.7,0.0,51.97,62.94,100.0,39.5
2018-01-06 18:08:00,2,1,62.11,85.0,55.0,44.88,45.0,62.11,0.8,0.0,5.63,45.0,45.0,0.0,0.0,0.0,120.0,45.0,0.0,0.88,0.0,0.0,0.0,27.65,0.0,52.02,63.09,100.0,39.5
2018-01-06 18:09:00,2,1,62.09,85.0,55.0,44.84,45.0,62.09,0.8,0.0,5.63,45.0,45.0,0.0,0.0,0.0,120.0,45.0,0.0,0.88,0.0,0.0,0.0,27.6,0.0,52.06,63.24,100.0,39.51
2018-01-06 18:10:00,2,1,62.08,85.0,55.0,44.81,45.0,62.08,0.8,0.0,5.63,45.0,45.0,0.0,0.0,0.0,120.0,45.0,0.0,0.88,0.0,0.0,0.0,27.54,0.0,52.1,63.4,100.0,39.52
2018-01-06 18:11:00,2,1,62.07,85.0,55.0,44.78,45.0,62.07,0.8,0.0,5.63,45.0,45.0,0.0,0.0,0.0,120.0,45.0,0.0,0.88,0.0,0.0,0.0,27.49,0.0,52.15,63.55,100.0,39.52
2018-01-06 18:12:00,2,1,62.06,85.0,55.0,44.75,45.0,62.06,0.8,0.0,5.63,45.0,45.0,0.0,0.0,0.0,120.0,45.0,0.0,0.88,0.0,0.0,0.0,27.44,0.0,52.19,63.7,100.0,39.53
2018-01-06 18:13:00,2,1,62.04,85.0,55.0,44.71,45.0,62.04,0.8,0.0,5.63,45.0,45.0,0.0,0.0,0.0,120.0,45.0,0.0,0.88,0.0,0.0,0.0,27.38,0.0,52.23,63.86,100.0,39.53
2018-01-06 18:14:00,2,1,62.03,85.0,55.0,44.68,45.0,62.03,0.8,0.0,5.63,45.0,45.0,0.0,0.0,0.0,120.0,45.0,0.0,0.88,0.0,0.0,0.0,27.33,0.0,52.27,64.02,100.0,39.54
2018-01-06 18:15:00,2,1,62.02,85.0,55.0,44.65,45.0,62.02,0.8,0.0,5.63,45.0,45.0,0.0,0.0,0.0,120.0,45.0,0.0,0.88,0.0,0.0,0.0,27.27,0.0,52.32,64.17,100.0,39.54
2018-01-06 18:16:00,2,1,62.01,85.0,55.0,44.61,45.0,62.01,0.8,0.0,5.63,45.0,45.0,0.0,0.0,0.0,120.0,45.0,0.0,0.88,0.0,0.0,0.0,27.22,0.0,52.36,64.33,100.0,39.55
2018-01-06 18:17:00,2,1,62.0,85.0,55.0,44.58,45.0,62.0,0.8,0.0,5.63,45.0,45.0,0.0,0.0,0.0,120.0,45.0,0.0,0.88,0.0,0.0,0.0,27.17,0.0,52.4,64.49,100.0,39.55
2018-01-06 18:18:00,2,1,61.99,85.0,55.0,44.55,45.0,61.99,0.8,0.0,5.63,45.0,45.0,0.0,0.0,0.0,120.0,45.0,0.0,0.88,0.0,0.0,0.0,27.11,0.0,52.44,64.65,100.0,39.56
2018-01-06 18:19:00,2,1,61.97,85.0,55.0,44.52,45.0,61.97,0.8,0.0,5.63,45.0,45.0,0.0,0.0,0.0,120.0,45.0,0.0,0.88,0.0,0.0,0.0,27.06,0.0,52.49,64.81,100.0,39.56
2018-01-06 18:20:00,2,1,61.96,85.0,55.0,44.48,45.0,61.96,0.8,0.0,5.63,45.0,45.0,0.0,0.0,0.0,120.0,45.0,0.0,0.88,0.0,0.0,0.0,27.0,0.0,52.53,64.97,100.0,39.57
2018-01-06 18:21:00,2,1,61.95,85.0,55.0,44.45,45.0,61.95,0.8,0.0,5.63,45.0,45.0,0.0,0.0,0.0,120.0,45.0,0.0,0.88,0.0,0.0,0.0,26.95,0.0,52.57,65.13,100.0,39.57
2018-01-06 18:22:00,2,1,61.94,85.0,55.0,44.42,45.0,61.94,0.8,0.0,5.63,45.0,45.0,0.0,0.0,0.0,120.0,45.0,0.0,0.88,0.0,0.0,0.0,26.9,0.0,52.61,65.29,100.0,39.57
2018-01-06 18:23:00,2,1,61.93,85.0,55.0,44.39,45.0,61.93,0.8,0.0,5.63,45.0,45.0,0.0,0.0,0.0,120.0,45.0,0.0,0.88,0.0,0.0,0.0,26.84,0.0,52.65,65.45,100.0,39.58
2018-01-06 18:24:00,2,1,61.92,85.0,55.0,44.35,45.0,61.92,0.8,0.0,5.63,45.0,45.0,0.0,0.0,0.0,120.0,45.0,0.0,0.88,0.0,0.0,0.0,26.79,0.0,52.69,65.61,100.0,39.58
2018-01-06 18:25:00,2,1,61.91,85.0,55.0,44.32,45.0,61.91,0.8,0.0,5.63,45.0,45.0,0.0,0.0,0.0,120.0,45.0,0.0,0.88,0.0,0.0,0.0,26.74,0.0,52.73,65.77,100.0,39.58
2018-01-06 18:26:00,2,1,61.9,85.0,55.0,44.29,45.0,61.9,0.8,0.0,5.63,45.0,45.0,0.0,0.0,0.0,120.0,45.0,0.0,0.88,0.0,0.0,0.0,26.68,0.0,52.77,65.93,100.0,39.59
2018-01-06 18:27:00,2,1,61.89,85.0,55.0,44.26,45.0,61.89,0.8,0.0,5.63,45.0,45.0,0.0,0.0,0.0,120.0,45.0,0.0,0.88,0.0,0.0,0.0,26.63,0.0,52.81,66.09,100.0,39.59
2018-01-06 18:28:00,2,1,61.88,85.0,55.0,44.23,45.0,61.88,0.8,0.0,5.63,45.0,45.0,0.0,0.0,0.0,120.0,45.0,0.0,0.88,0.0,0.0,0.0,26.57,0.0,52.85,66.26,100.0,39.59
2018-01-06 18:29:00,2,1,61.87,85.0,55.0,44.19,45.0,61.87,0.8,0.0,5.63,45.0,45.0,0.0,0.0,0.0,120.0,45.0,0.0,0.88,0.0,0.0,0.0,26.52,0.0,52.89,66.42,100.0,39.59
2018-01-06 18:30:00,2,1,61.86,85.0,55.0,44.16,45.0,61.86,0.8,0.0,5.63,45.0,45.0,0.0,0.0,0.0,120.0,45.0,0.0,0.88,0.0,0.0,0.0,26.47,0.0,52.93,66.58,100.0,39.6
2018-01-06 18:31:00,2,1,61.85,85.0,55.0,44.13,45.0,61.85,0.8,0.0,5.63,45.0,45.0,0.0,0.0,0.0,120.0,45.0,0.0,0.88,0.0,0.0,0.0,26.41,0.0,52.97,66.74,100.0,39.6
2018-01-06 18:32:00,2,1,61.84,85.0,55.0,44.1,45.0,61.84,0.8,0.0,5.63,45.0,45.0,0.0,0.0,0.0,120.0,45.0,0.0,0.88,0.0,0.0,0.0,26.36,0.0,53.01,66.9,100.0,39.6
2018-01-06 18:33:00,2,1,61.83,85.0,55.0,44.07,45.0,61.83,0.8,0.0,5.63,45.0,45.0,0.0,0.0,0.0,120.0,45.0,0.0,0.88,0.0,0.0,0.0,26.31,0.0,53.05,67.06,100.0,39.6
2018-01-06 18:34:00,2,1,61.82,85.0,55.0,44.04,45.0,61.82,0.8,0.0,5.63,45.0,45.0,0.0,0.0,0.0,120.0,45.0,0.0,0.88,0.0,0.0,0.0,26.26,0.0,53.09,67.22,100.0,39.6
2018-01-06 18:35:00,2,1,61.81,85.0,55.0,44.01,45.0,61.81,0.8,0.0,5.63,45.0,45.0,0.0,0.0,0.0,120.0,45.0,0.0,0.88,0.0,0.0,0.0,26.2,0.0,53.12,67.38,100.0,39.6
2018-01-06 18:36:00,2,1,61.8,85.0,55.0,43.98,45.0,61.8,0.8,0.0,5.63,45.0,45.0,0.0,0.0,0.0,120.0,45.0,0.0,0.88,0.0,0.0,0.0,26.15,0.0,53.16,67.54,100.0,39.6
2018-01-06 18:37:00,2,1,61.79,85.0,55.0,43.95,45.0,61.79,0.8,0.0,5.63,45.0,45.0,0.0,0.0,0.0,120.0,45.0,0.0,0.88,0.0,0.0,0.0,26.1,0.0,53.2,67.7,100.0,39.6
2018-01-06 18:38:00,2,1,61.78,85.0,55.0,43.92,45.0,61.78,0.8,0.0,5.63,45.0,45.0,0.0,0.0,0.0,120.0,45.0,0.0,0.88,0.0,0.0,0.0,26.05,0.0,53.23,67.86,100.0,39.6
2018-01-06 18:39:00,2,1,61.78,85.0,55.0,43.89,45.0,61.78,0.8,0.0,5.63,45.0,45.0,0.0,0.0,0.0,120.0,45.0,0.0,0.88,0.0,0.0,0.0,25.99,0.0,53.27,68.02,100.0,39.6
2018-01-06 18:40:00,2,1,61.77,85.0,55.0,43.86,45.0,61.77,0.8,0.0,5.63,45.0,45.0,0.0,0.0,0.0,120.0,45.0,0.0,0.88,0.0,0.0,0.0,25.94,0.0,53.31,68.17,100.0,39.61
2018-01-06 18:41:00,2,1,61.76,85.0,55.0,43.83,45.0,61.76,0.8,0.0,5.63,45.0,45.0,0.0,0.0,0.0,120.0,45.0,0.0,0.88,0.0,0.0,0.0,25.89,0.0,53.34,68.33,100.0,39.61
2018-01-06 18:42:00,2,1,61.75,85.0,55.0,43.8,45.0,61.75,0.8,0.0,5.63,45.0,45.0,0.0,0.0,0.0,120.0,45.0,0.0,0.88,0.0,0.0,0.0,25.84,0.0,53.37,68.48,100.0,39.61
2018-01-06 18:43:00,2,1,61.74,85.0,55.0,43.77,45.0,61.74,0.8,0.0,5.63,45.0,45.0,0.0,0.0,0.0,120.0,45.0,0.0,0.88,0.0,0.0,0.0,25.79,0.0,53.41,68.64,100.0,39.61
2018-01-06 18:44:00,2,1,61.73,85.0,55.0,43.74,45.0,61.73,0.8,0.0,5.63,45.0,45.0,0.0,0.0,0.0,120.0,45.0,0.0,0.88,0.0,0.0,0.0,25.74,0.0,53.44,68.79,100.0,39.6
2018-01-06 18:45:00,2,1,61.73,85.0,55.0,43.71,45.0,61.73,0.8,0.0,5.63,45.0,45.0,0.0,0.0,0.0,120.0,45.0,0.0,0.88,0.0,0.0,0.0,25.69,0.0,53.47,68.94,100.0,39.6
2018-01-06 18:46:00,2,1,61.72,85.0,55.0,43.68,45.0,61.72,0.8,0.0,5.63,45.0,45.0,0.0,0.0,0.0,120.0,45.0,0.0,0.88,0.0,0.0,0.0,25.64,0.0,53.51,69.09,100.0,39.6
2018-01-06 18:47:00,2,1,61.71,85.0,55.0,43.65,45.0,61.71,0.8,0.0,5.63,45.0,45.0,0.0,0.0,0.0,120.0,45.0,0.0,0.88,0.0,0.0,0.0,25.59,0.0,53.54,69.23,100.0,39.6
2018-01-06 18:48:00,2,1,61.7,85.0,55.0,43.62,45.0,61.7,0.8,0.0,5.63,45.0,45.0,0.0,0.0,0.0,120.0,45.0,0.0,0.88,0.0,0.0,0.0,25.55,0.0,53.57,69.38,100.0,39.6
2018-01-06 18:49:00,2,1,61.69,85.0,55.0,43.6,45.0,61.69,0.8,0.0,5.63,45.0,45.0,0.0,0.0,0.0,120.0,45.0,0.0,0.88,0.0,0.0,0.0,25.5,0.0,53.6,69.52,100.0,39.6
2018-01-06 18:50:00,2,1,61.69,85.0,55.0,43.57,45.0,61.69,0.8,0.0,5.63,45.0,45.0,0.0,0.0,0.0,120.0,45.0,0.0,0.88,0.0,0.0,0.0,25.45,0.0,53.63,69.67,100.0,39.6
2018-01-06 18:51:00,2,1,61.68,85.0,55.0,43.54,45.0,61.68,0.8,0.0,5.63,45.0,45.0,0.0,0.0,0.0,120.0,45.0,0.0,0.88,0.0,0.0,0.0,25.4,0.0,53.66,69.81,100.0,39.6
2018-01-06 18:52:00,2,1,61.67,85.0,55.0,43.51,45.0,61.67,0.8,0.0,5.63,45.0,45.0,0.0,0.0,0.0,120.0,45.0,0.0,0.88,0.0,0.0,0.0,25.36,0.0,53.68,69.94,100.0,39.6
2018-01-06 18:53:00,2,1,61.66,85.0,55.0,43.49,45.0,61.66,0.8,0.0,5.63,45.0,45.0,0.0,0.0,0.0,120.0,45.0,0.0,0.88,0.0,0.0,0.0,25.31,0.0,53.71,70.08,100.0,39.6
2018-01-06 18:54:00,2,1,61.66,85.0,55.0,43.46,45.0,61.66,0.8,0.0,5.63,45.0,45.0,0.0,0.0,0.0,120.0,45.0,0.0,0.88,0.0,0.0,0.0,25.26,0.0,53.74,70.21,100.0,39.59
2018-01-06 18:55:00,2,1,61.65,85.0,55.0,43.43,45.0,61.65,0.8,0.0,5.63,45.0,45.0,0.0,0.0,0.0,120.0,45.0,0.0,0.88,0.0,0.0,0.0,25.22,0.0,53.76,70.35,100.0,39.59
2018-01-06 18:56:00,2,1,61.64,85.0,55.0,43.41,45.0,61.64,0.8,0.0,5.63,45.0,45.0,0.0,0.0,0.0,120.0,45.0,0.0,0.88,0.0,0.0,0.0,25.17,0.0,53.79,70.47,100.0,39.59
2018-01-06 18:57:00,2,1,61.63,85.0,55.0,43.38,45.0,61.63,0.8,0.0,5.63,45.0,45.0,0.0,0.0,0.0,120.0,45.0,0.0,0.88,0.0,0.0,0.0,25.13,0.0,53.81,70.6,100.0,39.59
2018-01-06 18:58:00,2,1,61.63,85.0,55.0,43.36,45.0,61.63,0.8,0.0,5.63,45.0,45.0,0.0,0.0,0.0,120.0,45.0,0.0,0.88,0.0,0.0,0.0,25.09,0.0,53.84,70.72,100.0,39.59
2018-01-06 18:59:00,2,1,61.62,85.0,55.0,43.33,45.0,61.62,0.8,0.0,5.63,45.0,45.0,0.0,0.0,0.0,120.0,45.0,0.0,0.88,0.0,0.0,0.0,25.04,0.0,53.86,70.84,100.0,39.58
2018-01-06 19:00:00,2,1,61.61,85.0,55.0,43.31,45.0,61.61,0.8,0.0,5.63,45.0,45.0,0.0,0.0,0.0,120.0,45.0,0.0,0.88,0.0,0.0,0.0,25.0,0.0,53.88,70.96,100.0,39.58
2018-01-06 19:01:00,2,1,61.61,85.0,55.0,43.29,45.0,61.61,0.8,0.0,5.63,45.0,45.0,0.0,0.0,0.0,120.0,45.0,0.0,0.88,0.0,0.0,0.0,24.97,0.0,53.87,70.92,100.0,39.58
2018-01-06 19:02:00,2,1,61.6,85.0,55.0,43.27,45.0,61.6,0.8,0.0,5.63,45.0,45.0,0.0,0.0,0.0,120.0,45.0,0.0,0.88,0.0,0.0,0.0,24.94,0.0,53.84,70.78,100.0,39.58
2018-01-06 19:03:00,2,1,61.59,85.0,55.0,43.25,45.0,61.59,0.8,0.0,5.63,45.0,45.0,0.0,0.0,0.0,120.0,45.0,0.0,0.88,0.0,0.0,0.0,24.91,0.0,53.8,70.63,100.0,39.57
2018-01-06 19:04:00,2,1,61.59,85.0,55.0,43.24,45.0,61.59,0.8,0.0,5.63,45.0,45.0,0.0,0.0,0.0,120.0,45.0,0.0,0.88,0.0,0.0,0.0,24.89,0.0,53.76,70.47,100.0,39.57
2018-01-06 19:05:00,2,1,61.58,85.0,55.0,43.22,45.0,61.58,0.8,0.0,5.63,45.0,45.0,0.0,0.0,0.0,120.0,45.0,0.0,0.88,0.0,0.0,0.0,24.87,0.0,53.73,70.31,100.0,39.57
2018-01-06 19:06:00,2,1,61.57,85.0,55.0,43.21,45.0,61.57,0.8,0.0,5.63,45.0,45.0,0.0,0.0,0.0,120.0,45.0,0.0,0.88,0.0,0.0,0.0,24.84,0.0,53.69,70.15,100.0,39.57
2018-01-06 19:07:00,2,1,61.56,85.0,55.0,43.19,45.0,61.56,0.8,0.0,5.63,45.0,45.0,0.0,0.0,0.0,120.0,45.0,0.0,0.88,0.0,0.0,0.0,24.82,0.0,53.65,69.99,100.0,39.57
2018-01-06 19:08:00,2,1,61.56,85.0,55.0,43.18,45.0,61.56,0.8,0.0,5.63,45.0,45.0,0.0,0.0,0.0,120.0,45.0,0.0,0.88,0.0,0.0,0.0,24.8,0.0,53.61,69.82,100.0,39.56
2018-01-06 19:09:00,2,1,61.55,85.0,55.0,43.16,45.0,61.55,0.8,0.0,5.63,45.0,45.0,0.0,0.0,0.0,120.0,45.0,0.0,0.88,0.0,0.0,0.0,24.77,0.0,53.57,69.65,100.0,39.56
2018-01-06 19:10:00,2,1,61.54,85.0,55.0,43.15,45.0,61.54,0.8,0.0,5.63,45.0,45.0,0.0,0.0,0.0,120.0,45.0,0.0,0.88,0.0,0.0,0.0,24.75,0.0,53.53,69.48,100.0,39.56
2018-01-06 19:11:00,2,1,61.54,85.0,55.0,43.13,45.0,61.54,0.8,0.0,5.63,45.0,45.0,0.0,0.0,0.0,120.0,45.0,0.0,0.88,0.0,0.0,0.0,24.73,0.0,53.49,69.31,100.0,39.56
2018-01-06 19:12:00,2,1,61.53,85.0,55.0,43.12,45.0,61.53,0.8,0.0,5.63,45.0,45.0,0.0,0.0,0.0,120.0,45.0,0.0,0.88,0.0,0.0,0.0,24.71,0.0,53.46,69.13,100.0,39.55
2018-01-06 19:13:00,2,1,61.52,85.0,55.0,43.11,45.0,61.52,0.8,0.0,5.63,45.0,45.0,0.0,0.0,0.0,120.0,45.0,0.0,0.88,0.0,0.0,0.0,24.69,0.0,53.42,68.96,100.0,39.55
2018-01-06 19:14:00,2,1,61.52,85.0,55.0,43.09,45.0,61.52,0.8,0.0,5.63,45.0,45.0,0.0,0.0,0.0,120.0,45.0,0.0,0.88,0.0,0.0,0.0,24.67,0.0,53.38,68.79,100.0,39.55
2018-01-06 19:15:00,2,1,61.51,85.0,55.0,43.08,45.0,61.51,0.8,0.0,5.63,45.0,45.0,0.0,0.0,0.0,120.0,45.0,0.0,0.88,0.0,0.0,0.0,24.65,0.0,53.34,68.62,100.0,39.55
2018-01-06 19:16:00,2,1,61.5,85.0,55.0,43.07,45.0,61.5,0.8,0.0,5.63,45.0,45.0,0.0,0.0,0.0,120.0,45.0,0.0,0.88,0.0,0.0,0.0,24.63,0.0,53.3,68.45,100.0,39.54
2018-01-06 19:17:00,2,1,61.49,85.0,55.0,43.06,45.0,61.49,0.8,0.0,5.63,45.0,45.0,0.0,0.0,0.0,120.0,45.0,0.0,0.88,0.0,0.0,0.0,24.62,0.0,53.26,68.28,100.0,39.54
2018-01-06 19:18:00,2,1,61.49,85.0,55.0,43.04,45.0,61.49,0.8,0.0,5.63,45.0,45.0,0.0,0.0,0.0,120.0,45.0,0.0,0.88,0.0,0.0,0.0,24.6,0.0,53.22,68.11,100.0,39.54
2018-01-06 19:19:00,2,1,61.48,85.0,55.0,43.03,45.0,61.48,0.8,0.0,5.63,45.0,45.0,0.0,0.0,0.0,120.0,45.0,0.0,0.88,0.0,0.0,0.0,24.58,0.0,53.18,67.95,100.0,39.53
2018-01-06 19:20:00,2,1,61.47,85.0,55.0,43.02,45.0,61.47,0.8,0.0,5.63,45.0,45.0,0.0,0.0,0.0,120.0,45.0,0.0,0.88,0.0,0.0,0.0,24.56,0.0,53.14,67.79,100.0,39.53
2018-01-06 19:21:00,2,1,61.47,85.0,55.0,43.01,45.0,61.47,0.8,0.0,5.63,45.0,45.0,0.0,0.0,0.0,120.0,45.0,0.0,0.88,0.0,0.0,0.0,24.55,0.0,53.11,67.63,100.0,39.53
2018-01-06 19:22:00,2,1,61.46,85.0,55.0,43.0,45.0,61.46,0.8,0.0,5.63,45.0,45.0,0.0,0.0,0.0,120.0,45.0,0.0,0.88,0.0,0.0,0.0,24.53,0.0,53.07,67.47,100.0,39.53
2018-01-06 19:23:00,2,1,61.45,85.0,55.0,42.98,45.0,61.45,0.8,0.0,5.63,45.0,45.0,0.0,0.0,0.0,120.0,45.0,0.0,0.88,0.0,0.0,0.0,24.51,0.0,53.03,67.32,100.0,39.52
2018-01-06 19:24:00,2,1,61.45,85.0,55.0,42.97,45.0,61.45,0.8,0.0,5.63,45.0,45.0,0.0,0.0,0.0,120.0,45.0,0.0,0.88,0.0,0.0,0.0,24.5,0.0,53.0,67.17,100.0,39.52
2018-01-06 19:25:00,2,1,61.44,85.0,55.0,42.96,45.0,61.44,0.8,0.0,5.63,45.0,45.0,0.0,0.0,0.0,120.0,45.0,0.0,0.88,0.0,0.0,0.0,24.48,0.0,52.96,67.02,100.0,39.52
2018-01-06 19:26:00,2,1,61.43,85.0,55.0,42.95,45.0,61.43,0.8,0.0,5.63,45.0,45.0,0.0,0.0,0.0,120.0,45.0,0.0,0.88,0.0,0.0,0.0,24.47,0.0,52.93,66.88,100.0,39.51
2018-01-06 19:27:00,2,1,61.43,85.0,55.0,42.94,45.0,61.43,0.8,0.0,5.63,45.0,45.0,0.0,0.0,0.0,120.0,45.0,0.0,0.88,0.0,0.0,0.0,24.45,0.0,52.9,66.75,100.0,39.51
2018-01-06 19:28:00,2,1,61.42,85.0,55.0,42.93,45.0,61.42,0.8,0.0,5.63,45.0,45.0,0.0,0.0,0.0,120.0,45.0,0.0,0.88,0.0,0.0,0.0,24.44,0.0,52.87,66.62,100.0,39.51
2018-01-06 19:29:00,2,1,61.41,85.0,55.0,42.92,45.0,61.41,0.8,0.0,5.63,45.0,45.0,0.0,0.0,0.0,120.0,45.0,0.0,0.88,0.0,0.0,0.0,24.43,0.0,52.84,66.5,100.0,39.5
2018-01-06 19:30:00,2,1,61.41,85.0,55.0,42.91,45.0,61.41,0.8,0.0,5.63,45.0,45.0,0.0,0.0,0.0,120.0,45.0,0.0,0.88,0.0,0.0,0.0,24.41,0.0,52.81,66.38,100.0,39.5
2018-01-06 19:31:00,2,1,61.4,85.0,55.0,42.9,45.0,61.4,0.8,0.0,5.63,45.0,45.0,0.0,0.0,0.0,120.0,45.0,0.0,0.88,0.0,0.0,0.0,24.4,0.0,52.78,66.28,100.0,39.5
2018-01-06 19:32:00,2,1,61.39,85.0,55.0,42.89,45.0,61.39,0.8,0.0,5.63,45.0,45.0,0.0,0.0,0.0,120.0,45.0,0.0,0.88,0.0,0.0,0.0,24.39,0.0,52.76,66.17,100.0,39.49
2018-01-06 19:33:00,2,1,61.39,85.0,55.0,42.88,45.0,61.39,0.8,0.0,5.63,45.0,45.0,0.0,0.0,0.0,120.0,45.0,0.0,0.88,0.0,0.0,0.0,24.37,0.0,52.73,66.08,100.0,39.49
2018-01-06 19:34:00,2,1,61.38,85.0,55.0,42.87,45.0,61.38,0.8,0.0,5.63,45.0,45.0,0.0,0.0,0.0,120.0,45.0,0.0,0.88,0.0,0.0,0.0,24.36,0.0,52.71,65.99,100.0,39.49
2018-01-06 19:35:00,2,1,61.37,85.0,55.0,42.86,45.0,61.37,0.8,0.0,5.63,45.0,45.0,0.0,0.0,0.0,120.0,45.0,0.0,0.88,0.0,0.0,0.0,24.35,0.0,52.69,65.92,100.0,39.48
2018-01-06 19:36:00,2,1,61.37,85.0,55.0,42.85,45.0,61.37,0.8,0.0,5.63,45.0,45.0,0.0,0.0,0.0,120.0,45.0,0.0,0.88,0.0,0.0,0.0,24.34,0.0,52.67,65.85,100.0,39.48
2018-01-06 19:37:00,2,1,61.36,85.0,55.0,42.84,45.0,61.36,0.8,0.0,5.63,45.0,45.0,0.0,0.0,0.0,120.0,45.0,0.0,0.88,0.0,0.0,0.0,24.32,0.0,52.65,65.79,100.0,39.47
2018-01-06 19:38:00,2,1,61.35,85.0,55.0,42.83,45.0,61.35,0.8,0.0,5.63,45.0,45.0,0.0,0.0,0.0,120.0,45.0,0.0,0.88,0.0,0.0,0.0,24.31,0.0,52.64,65.74,100.0,39.47
2018-01-06 19:39:00,2,1,61.35,85.0,55.0,42.82,45.0,61.35,0.8,0.0,5.63,45.0,45.0,0.0,0.0,0.0,120.0,45.0,0.0,0.88,0.0,0.0,0.0,24.3,0.0,52.63,65.7,100.0,39.47
2018-01-06 19:40:00,2,1,61.34,85.0,55.0,42.82,45.0,61.34,0.8,0.0,5.63,45.0,45.0,0.0,0.0,0.0,120.0,45.0,0.0,0.88,0.0,0.0,0.0,24.29,0.0,52.62,65.67,100.0,39.46
2018-01-06 19:41:00,2,1,61.33,85.0,55.0,42.81,45.0,61.33,0.8,0.0,5.63,45.0,45.0,0.0,0.0,0.0,120.0,45.0,0.0,0.88,0.0,0.0,0.0,24.28,0.0,52.61,65.65,100.0,39.46
2018-01-06 19:42:00,2,1,61.33,85.0,55.0,42.8,45.0,61.33,0.8,0.0,5.63,45.0,45.0,0.0,0.0,0.0,120.0,45.0,0.0,0.88,0.0,0.0,0.0,24.27,0.0,52.6,65.64,100.0,39.46
2018-01-06 19:43:00,2,1,61.32,85.0,55.0,42.79,45.0,61.32,0.8,0.0,5.63,45.0,45.0,0.0,0.0,0.0,120.0,45.0,0.0,0.88,0.0,0.0,0.0,24.26,0.0,52.6,65.65,100.0,39.45
2018-01-06 19:44:00,2,1,61.31,85.0,55.0,42.78,45.0,61.31,0.8,0.0,5.63,45.0,45.0,0.0,0.0,0.0,120.0,45.0,0.0,0.88,0.0,0.0,0.0,24.25,0.0,52.59,65.67,100.0,39.45
2018-01-06 19:45:00,2,1,61.31,85.0,55.0,42.77,45.0,61.31,0.8,0.0,5.63,45.0,45.0,0.0,0.0,0.0,120.0,45.0,0.0,0.88,0.0,0.0,0.0,24.24,0.0,52.59,65.69,100.0,39.44
2018-01-06 19:46:00,2,1,61.3,85.0,55.0,42.76,45.0,61.3,0.8,0.0,5.63,45.0,45.0,0.0,0.0,0.0,120.0,45.0,0.0,0.88,0.0,0.0,0.0,24.22,0.0,52.6,65.74,100.0,39.44
2018-01-06 19:47:00,2,1,61.3,85.0,55.0,42.76,45.0,61.3,0.8,0.0,5.63,45.0,45.0,0.0,0.0,0.0,120.0,45.0,0.0,0.88,0.0,0.0,0.0,24.21,0.0,52.6,65.79,100.0,39.44
2018-01-06 19:48:00,2,1,61.29,85.0,55.0,42.75,45.0,61.29,0.8,0.0,5.63,45.0,45.0,0.0,0.0,0.0,120.0,45.0,0.0,0.88,0.0,0.0,0.0,24.2,0.0,52.61,65.86,100.0,39.43
2018-01-06 19:49:00,2,1,61.28,85.0,55.0,42.74,45.0,61.28,0.8,0.0,5.63,45.0,45.0,0.0,0.0,0.0,120.0,45.0,0.0,0.88,0.0,0.0,0.0,24.19,0.0,52.62,65.94,100.0,39.43
2018-01-06 19:50:00,2,1,61.28,85.0,55.0,42.73,45.0,61.28,0.8,0.0,5.63,45.0,45.0,0.0,0.0,0.0,120.0,45.0,0.0,0.88,0.0,0.0,0.0,24.18,0.0,52.64,66.04,100.0,39.42
2018-01-06 19:51:00,2,1,61.27,85.0,55.0,42.72,45.0,61.27,0.8,0.0,5.63,45.0,45.0,0.0,0.0,0.0,120.0,45.0,0.0,0.88,0.0,0.0,0.0,24.17,0.0,52.66,66.15,100.0,39.42
2018-01-06 19:52:00,2,1,61.26,85.0,55.0,42.71,45.0,61.26,0.8,0.0,5.63,45.0,45.0,0.0,0.0,0.0,120.0,45.0,0.0,0.88,0.0,0.0,0.0,24.16,0.0,52.68,66.28,100.0,39.42
2018-01-06 19:53:00,2,1,61.26,85.0,55.0,42.71,45.0,61.26,0.8,0.0,5.63,45.0,45.0,0.0,0.0,0.0,120.0,45.0,0.0,0.88,0.0,0.0,0.0,24.15,0.0,52.7,66.42,100.0,39.41
2018-01-06 19:54:00,2,1,61.25,85.0,55.0,42.7,45.0,61.25,0.8,0.0,5.63,45.0,45.0,0.0,0.0,0.0,120.0,45.0,0.0,0.88,0.0,0.0,0.0,24.14,0.0,52.73,66.58,100.0,39.41
2018-01-06 19:55:00,2,1,61.24,85.0,55.0,42.69,45.0,61.24,0.8,0.0,5.63,45.0,45.0,0.0,0.0,0.0,120.0,45.0,0.0,0.88,0.0,0.0,0.0,24.13,0.0,52.76,66.76,100.0,39.41
2018-01-06 19:56:00,2,1,61.24,85.0,55.0,42.68,45.0,61.24,0.8,0.0,5.63,45.0,45.0,0.0,0.0,0.0,120.0,45.0,0.0,0.88,0.0,0.0,0.0,24.12,0.0,52.79,66.95,100.0,39.4
2018-01-06 19:57:00,2,1,61.23,85.0,55.0,42.67,45.0,61.23,0.8,0.0,5.63,45.0,45.0,0.0,0.0,0.0,120.0,45.0,0.0,0.88,0.0,0.0,0.0,24.11,0.0,52.83,67.16,100.0,39.4
2018-01-06 19:58:00,2,1,61.23,85.0,55.0,42.67,45.0,61.23,0.8,0.0,5.63,45.0,45.0,0.0,0.0,0.0,120.0,45.0,0.0,0.88,0.0,0.0,0.0,24.1,0.0,52.87,67.39,100.0,39.39
2018-01-06 19:59:00,2,1,61.22,85.0,55.0,42.66,45.0,61.22,0.8,0.0,5.63,45.0,45.0,0.0,0.0,0.0,120.0,45.0,0.0,0.88,0.0,0.0,0.0,24.09,0.0,52.91,67.63,100.0,39.39
2018-01-06 20:00:00,2,1,61.21,85.0,55.0,42.65,45.0,61.21,0.8,0.0,5.63,45.0,45.0,0.0,0.0,0.0,120.0,45.0,0.0,0.88,0.0,0.0,0.0,24.08,0.0,52.96,67.9,100.0,39.39
2018-01-06 20:01:00,2,1,61.21,85.0,55.0,42.64,45.0,61.21,0.8,0.0,5.63,45.0,45.0,0.0,0.0,0.0,120.0,45.0,0.0,0.88,0.0,0.0,0.0,24.07,0.0,53.1,68.63,100.0,39.38
2018-01-06 20:02:00,2,1,61.2,85.0,55.0,42.62,45.0,61.2,0.8,0.0,5.63,45.0,45.0,0.0,0.0,0.0,120.0,45.0,0.0,0.88,0.0,0.0,0.0,24.04,0.0,53.3,69.63,100.0,39.38
2018-01-06 20:03:00,2,1,61.19,85.0,55.0,42.61,45.0,61.19,0.8,0.0,5.63,45.0,45.0,0.0,0.0,0.0,120.0,45.0,0.0,0.88,0.0,0.0,0.0,24.02,0.0,53.51,70.7,100.0,39.38
2018-01-06 20:04:00,2,1,61.19,85.0,55.0,42.59,45.0,61.19,0.8,0.0,5.63,45.0,45.0,0.0,0.0,0.0,120.0,45.0,0.0,0.88,0.0,0.0,0.0,24.0,0.0,53.73,71.78,100.0,39.37
2018-01-06 20:05:00,2,1,61.18,85.0,55.0,42.58,45.0,61.18,0.8,0.0,5.63,45.0,45.0,0.0,0.0,0.0,120.0,45.0,0.0,0.88,0.0,0.0,0.0,23.98,0.0,53.95,72.89,100.0,39.37
2018-01-06 20:06:00,2,1,61.17,85.0,55.0,42.56,45.0,61.17,0.8,0.0,5.63,45.0,45.0,0.0,0.0,0.0,120.0,45.0,0.0,0.88,0.0,0.0,0.0,23.95,0.0,54.17,74.02,100.0,39.37
2018-01-06 20:07:00,2,1,61.17,85.0,55.0,42.55,45.0,61.17,0.8,0.0,5.63,45.0,45.0,0.0,0.0,0.0,120.0,45.0,0.0,0.88,0.0,0.0,0.0,23.93,0.0,54.39,75.16,100.0,39.36
2018-01-06 20:08:00,2,1,61.16,85.0,55.0,42.53,45.0,61.16,0.8,0.0,5.63,45.0,45.0,0.0,0.0,0.0,120.0,45.0,0.0,0.88,0.0,0.0,0.0,23.91,0.0,54.62,76.33,100.0,39.36
2018-01-06 20:09:00,2,1,61.15,85.0,55.0,42.52,45.0,61.15,0.8,0.0,5.63,45.0,45.0,0.0,0.0,0.0,120.0,45.0,0.0,0.88,0.0,0.0,0.0,23.88,0.0,54.85,77.5,100.0,39.36
2018-01-06 20:10:00,2,1,61.15,85.0,55.0,42.5,45.0,61.15,0.8,0.0,5.63,45.0,45.0,0.0,0.0,0.0,120.0,45.0,0.0,0.88,0.0,0.0,0.0,23.86,0.0,55.09,78.7,100.0,39.36
2018-01-06 20:11:00,2,1,61.14,85.0,55.0,42.49,45.0,61.14,0.8,0.0,5.63,45.0,45.0,0.0,0.0,0.0,120.0,45.0,0.0,0.88,0.0,0.0,0.0,23.84,0.0,55.32,79.91,100.0,39.36
2018-01-06 20:12:00,2,1,61.13,85.0,55.0,42.47,45.0,61.13,0.8,0.0,5.63,45.0,45.0,0.0,0.0,0.0,120.0,45.0,0.0,0.88,0.0,0.0,0.0,23.81,0.0,55.56,81.13,100.0,39.35
2018-01-06 20:13:00,2,1,61.13,85.0,55.0,42.46,45.0,61.13,0.8,0.0,5.63,45.0,45.0,0.0,0.0,0.0,120.0,45.0,0.0,0.88,0.0,0.0,0.0,23.79,0.0,55.8,82.37,100.0,39.35
2018-01-06 20:14:00,2,1,61.12,85.0,55.0,42.44,45.0,61.12,0.8,0.0,5.63,45.0,45.0,0.0,0.0,0.0,120.0,45.0,0.0,0.88,0.0,0.0,0.0,23.77,0.0,56.05,83.62,100.0,39.35
2018-01-06 20:15:00,2,1,61.11,85.0,55.0,42.43,45.0,61.11,0.8,0.0,5.63,45.0,45.0,0.0,0.0,0.0,120.0,45.0,0.0,0.88,0.0,0.0,0.0,23.75,0.0,56.29,84.88,100.0,39.35
2018-01-06 20:16:00,2,1,61.1,85.0,55.0,42.41,45.0,61.1,0.8,0.0,5.63,45.0,45.0,0.0,0.0,0.0,120.0,45.0,0.0,0.88,0.0,0.0,0.0,23.72,0.0,56.54,86.15,100.0,39.35
2018-01-06 20:17:00,2,1,61.1,85.0,55.0,42.4,45.0,61.1,0.8,0.0,5.63,45.0,45.0,0.0,0.0,0.0,120.0,45.0,0.0,0.88,0.0,0.0,0.0,23.7,0.0,56.79,87.43,100.0,39.35
2018-01-06 20:18:00,2,1,61.09,85.0,55.0,42.38,45.0,61.09,0.8,0.0,5.63,45.0,45.0,0.0,0.0,0.0,120.0,45.0,0.0,0.88,0.0,0.0,0.0,23.68,0.0,57.04,88.72,100.0,39.35
2018-01-06 20:19:00,2,1,61.08,85.0,55.0,42.37,45.0,61.08,0.8,0.0,5.63,45.0,45.0,0.0,0.0,0.0,120.0,45.0,0.0,0.88,0.0,0.0,0.0,23.66,0.0,57.29,90.02,100.0,39.35
2018-01-06 20:20:00,2,1,61.08,85.0,55.0,42.36,45.0,61.08,0.8,0.0,5.63,45.0,45.0,0.0,0.0,0.0,120.0,45.0,0.0,0.88,0.0,0.0,0.0,23.63,0.0,57.54,91.32,100.0,39.35
2018-01-06 20:21:00,2,1,61.07,85.0,55.0,42.34,45.0,61.07,0.8,0.0,5.63,45.0,45.0,0.0,0.0,0.0,120.0,45.0,0.0,0.88,0.0,0.0,0.0,23.61,0.0,57.79,92.64,100.0,39.35
2018-01-06 20:22:00,2,1,61.06,85.0,55.0,42.33,45.0,61.06,0.8,0.0,5.63,45.0,45.0,0.0,0.0,0.0,120.0,45.0,0.0,0.88,0.0,0.0,0.0,23.59,0.0,58.05,93.95,100.0,39.35
2018-01-06 20:23:00,2,1,61.05,85.0,55.0,42.31,45.0,61.05,0.8,0.0,5.63,45.0,45.0,0.0,0.0,0.0,120.0,45.0,0.0,0.88,0.0,0.0,0.0,23.57,0.0,58.3,95.27,100.0,39.35
2018-01-06 20:24:00,2,1,61.05,85.0,55.0,42.3,45.0,61.05,0.8,0.0,5.63,45.0,45.0,0.0,0.0,0.0,120.0,45.0,0.0,0.88,0.0,0.0,0.0,23.55,0.0,58.56,96.6,100.0,39.35
2018-01-06 20:25:00,2,1,61.04,85.0,55.0,42.28,45.0,61.04,0.8,0.0,5.63,45.0,45.0,0.0,0.0,0.0,120.0,45.0,0.0,0.88,0.0,0.0,0.0,23.53,0.0,58.81,97.93,100.0,39.35
2018-01-06 20:26:00,2,1,61.03,85.0,55.0,42.27,45.0,61.03,0.8,0.0,5.63,45.0,45.0,0.0,0.0,0.0,120.0,45.0,0.0,0.88,0.0,0.0,0.0,23.51,0.0,59.07,99.25,100.0,39.35
2018-01-06 20:27:00,2,1,61.03,85.0,55.0,42.26,45.0,61.03,0.8,0.0,5.63,45.0,45.0,0.0,0.0,0.0,120.0,45.0,0.0,0.88,0.0,0.0,0.0,23.49,0.0,59.32,100.0,100.0,39.35
2018-01-06 20:28:00,2,1,61.02,85.0,55.0,42.24,45.0,61.02,0.8,0.0,5.63,45.0,45.0,0.0,0.0,0.0,120.0,45.0,0.0,0.88,0.0,0.0,0.0,23.47,0.0,59.57,100.0,100.0,39.35
2018-01-06 20:29:00,2,1,61.01,85.0,55.0,42.23,45.0,61.01,0.8,0.0,5.63,45.0,45.0,0.0,0.0,0.0,120.0,45.0,0.0,0.88,0.0,0.0,0.0,23.45,0.0,59.83,100.0,100.0,39.35
2018-01-06 20:30:00,2,1,61.0,85.0,55.0,42.21,45.0,61.0,0.8,0.0,5.63,45.0,45.0,0.0,0.0,0.0,120.0,45.0,0.0,0.88,0.0,0.0,0.0,23.43,0.0,60.08,100.0,100.0,39.35
2018-01-06 20:31:00,2,1,61.0,85.0,55.0,42.2,45.0,61.0,0.8,0.0,5.63,45.0,45.0,0.0,0.0,0.0,120.0,45.0,0.0,0.88,0.0,0.0,0.0,23.41,0.0,60.33,100.0,100.0,39.35
2018-01-06 20:32:00,2,1,60.99,85.0,55.0,42.19,45.0,60.99,0.8,0.0,5.63,45.0,44.99,0.0,0.0,0.0,120.0,45.0,0.0,0.88,0.0,0.0,0.0,23.39,0.0,60.58,100.0,100.0,39.35
2018-01-06 20:33:00,2,1,60.98,85.0,55.0,42.18,45.0,60.98,0.8,0.0,5.63,45.0,44.99,0.0,0.0,0.0,120.0,45.0,0.0,0.88,0.0,0.0,0.0,23.37,0.0,60.83,100.0,100.0,39.36
2018-01-06 20:34:00,2,1,60.98,85.0,55.0,42.16,45.0,60.98,0.8,0.0,5.63,45.0,44.99,0.0,0.0,0.0,120.0,45.0,0.0,0.88,0.0,0.0,0.0,23.35,0.0,61.08,100.0,100.0,39.36
2018-01-06 20:35:00,2,1,60.97,85.0,55.0,42.15,45.0,60.97,0.8,0.0,5.63,45.0,44.99,0.0,0.0,0.0,120.0,45.0,0.0,0.88,0.0,0.0,0.0,23.33,0.0,61.32,100.0,100.0,39.36
2018-01-06 20:36:00,2,1,60.96,85.0,55.0,42.14,45.0,60.96,0.8,0.0,5.63,45.0,44.99,0.0,0.0,0.0,120.0,45.0,0.0,0.88,0.0,0.0,0.0,23.31,0.0,61.56,100.0,100.0,39.36
2018-01-06 20:37:00,2,1,60.95,85.0,55.0,42.12,45.0,60.95,0.8,0.0,5.63,45.0,44.99,0.0,0.0,0.0,120.0,45.0,0.0,0.88,0.0,0.0,0.0,23.29,0.0,61.8,100.0,100.0,39.36
2018-01-06 20:38:00,2,1,60.95,85.0,55.0,42.11,45.0,60.95,0.8,0.0,5.63,45.0,44.99,0.0,0.0,0.0,120.0,45.0,0.0,0.88,0.0,0.0,0.0,23.28,0.0,62.04,100.0,100.0,39.36
2018-01-06 20:39:00,2,1,60.94,85.0,55.0,42.1,45.0,60.94,0.8,0.0,5.63,45.0,44.99,0.0,0.0,0.0,120.0,45.0,0.0,0.88,0.0,0.0,0.0,23.26,0.0,62.28,100.0,100.0,39.37
2018-01-06 20:40:00,2,1,60.93,85.0,55.0,42.09,45.0,60.93,0.8,0.0,5.63,45.0,44.99,0.0,0.0,0.0,120.0,45.0,0.0,0.88,0.0,0.0,0.0,23.24,0.0,62.51,100.0,100.0,39.37
2018-01-06 20:41:00,2,1,60.93,85.0,55.0,42.08,45.0,60.93,0.8,0.0,5.63,45.0,44.99,0.0,0.0,0.0,120.0,45.0,0.0,0.88,0.0,0.0,0.0,23.23,0.0,62.74,100.0,100.0,39.37
2018-01-06 20:42:00,2,1,60.92,85.0,55.0,42.06,45.0,60.92,0.8,0.0,5.63,45.0,44.99,0.0,0.0,0.0,120.0,45.0,0.0,0.88,0.0,0.0,0.0,23.21,0.0,62.97,100.0,100.0,39.37
2018-01-06 20:43:00,2,1,60.91,85.0,55.0,42.05,45.0,60.91,0.8,0.0,5.63,45.0,44.99,0.0,0.0,0.0,120.0,45.0,0.0,0.88,0.0,0.0,0.0,23.2,0.0,63.2,100.0,100.0,39.37
2018-01-06 20:44:00,2,1,60.9,85.0,55.0,42.04,45.0,60.9,0.8,0.0,5.63,45.0,44.99,0.0,0.0,0.0,120.0,45.0,0.0,0.88,0.0,0.0,0.0,23.18,0.0,63.42,100.0,100.0,39.38
2018-01-06 20:45:00,2,1,60.9,85.0,55.0,42.03,45.0,60.9,0.8,0.0,5.63,45.0,44.99,0.0,0.0,0.0,120.0,45.0,0.0,0.88,0.0,0.0,0.0,23.17,0.0,63.63,100.0,100.0,39.38
2018-01-06 20:46:00,2,1,60.89,85.0,55.0,42.02,45.0,60.89,0.8,0.0,5.63,45.0,44.99,0.0,0.0,0.0,120.0,45.0,0.0,0.88,0.0,0.0,0.0,23.15,0.0,63.85,100.0,100.0,39.38
2018-01-06 20:47:00,2,1,60.88,85.0,55.0,42.01,45.0,60.88,0.8,0.0,5.63,45.0,44.99,0.0,0.0,0.0,120.0,45.0,0.0,0.88,0.0,0.0,0.0,23.14,0.0,64.06,100.0,100.0,39.38
2018-01-06 20:48:00,2,1,60.88,85.0,55.0,42.0,45.0,60.88,0.8,0.0,5.63,45.0,44.99,0.0,0.0,0.0,120.0,45.0,0.0,0.88,0.0,0.0,0.0,23.12,0.0,64.26,100.0,100.0,39.39
2018-01-06 20:49:00,2,1,60.87,85.0,55.0,41.99,45.0,60.87,0.8,0.0,5.63,45.0,44.99,0.0,0.0,0.0,120.0,45.0,0.0,0.88,0.0,0.0,0.0,23.11,0.0,64.46,100.0,100.0,39.39
2018-01-06 20:50:00,2,1,60.86,85.0,55.0,41.98,45.0,60.86,0.8,0.0,5.63,45.0,44.99,0.0,0.0,0.0,120.0,45.0,0.0,0.88,0.0,0.0,0.0,23.1,0.0,64.66,100.0,100.0,39.39
2018-01-06 20:51:00,2,1,60.86,85.0,55.0,41.97,45.0,60.86,0.8,0.0,5.63,45.0,44.99,0.0,0.0,0.0,120.0,45.0,0.0,0.88,0.0,0.0,0.0,23.09,0.0,64.85,100.0,100.0,39.4
2018-01-06 20:52:00,2,1,60.85,85.0,55.0,41.96,45.0,60.85,0.8,0.0,5.63,45.0,44.99,0.0,0.0,0.0,120.0,45.0,0.0,0.88,0.0,0.0,0.0,23.08,0.0,65.03,100.0,100.0,39.4
2018-01-06 20:53:00,2,1,60.84,85.0,55.0,41.95,45.0,60.84,0.8,0.0,5.63,45.0,44.99,0.0,0.0,0.0,120.0,45.0,0.0,0.88,0.0,0.0,0.0,23.06,0.0,65.21,100.0,100.0,39.4
2018-01-06 20:54:00,2,1,60.84,85.0,55.0,41.94,45.0,60.84,0.8,0.0,5.63,45.0,44.99,0.0,0.0,0.0,120.0,45.0,0.0,0.88,0.0,0.0,0.0,23.05,0.0,65.39,100.0,100.0,39.4
2018-01-06 20:55:00,2,1,60.83,85.0,55.0,41.94,45.0,60.83,0.8,0.0,5.63,45.0,44.99,0.0,0.0,0.0,120.0,45.0,0.0,0.88,0.0,0.0,0.0,23.04,0.0,65.56,100.0,100.0,39.41
2018-01-06 20:56:00,2,1,60.82,85.0,55.0,41.93,45.0,60.82,0.8,0.0,5.63,45.0,44.99,0.0,0.0,0.0,120.0,45.0,0.0,0.88,0.0,0.0,0.0,23.03,0.0,65.72,100.0,100.0,39.41
2018-01-06 20:57:00,2,1,60.81,85.0,55.0,41.92,45.0,60.81,0.8,0.0,5.63,45.0,44.99,0.0,0.0,0.0,120.0,45.0,0.0,0.88,0.0,0.0,0.0,23.03,0.0,65.88,100.0,100.0,39.41
2018-01-06 20:58:00,2,1,60.81,85.0,55.0,41.91,45.0,60.81,0.8,0.0,5.63,45.0,44.99,0.0,0.0,0.0,120.0,45.0,0.0,0.88,0.0,0.0,0.0,23.02,0.0,66.03,100.0,100.0,39.42
2018-01-06 20:59:00,2,1,60.8,85.0,55.0,41.91,45.0,60.8,0.8,0.0,5.63,45.0,44.99,0.0,0.0,0.0,120.0,45.0,0.0,0.88,0.0,0.0,0.0,23.01,0.0,66.18,100.0,100.0,39.42
2018-01-06 21:00:00,2,1,60.79,85.0,55.0,41.9,45.0,60.79,0.8,0.0,5.63,45.0,44.99,0.0,0.0,0.0,120.0,45.0,0.0,0.88,0.0,0.0,0.0,23.0,0.0,66.31,100.0,100.0,39.42
2018-01-06 21:01:00,2,1,60.79,85.0,55.0,41.9,45.0,60.79,0.8,0.0,5.63,45.0,44.99,0.0,0.0,0.0,120.0,45.0,0.0,0.88,0.0,0.0,0.0,23.01,0.0,66.29,100.0,100.0,39.43
2018-01-06 21:02:00,2,1,60.78,85.0,55.0,41.9,45.0,60.78,0.8,0.0,5.63,45.0,44.99,0.0,0.0,0.0,120.0,45.0,0.0,0.88,0.0,0.0,0.0,23.02,0.0,66.17,100.0,100.0,39.43
2018-01-06 21:03:00,2,1,60.78,85.0,55.0,41.91,45.0,60.78,0.8,0.0,5.63,45.0,44.99,0.0,0.0,0.0,120.0,45.0,0.0,0.88,0.0,0.0,0.0,23.04,0.0,66.04,100.0,100.0,39.43
2018-01-06 21:04:00,2,1,60.77,85.0,55.0,41.91,45.0,60.77,0.8,0.0,5.63,45.0,44.99,0.0,0.0,0.0,120.0,45.0,0.0,0.88,0.0,0.0,0.0,23.06,0.0,65.89,100.0,100.0,39.43
2018-01-06 21:05:00,2,1,60.76,85.0,55.0,41.92,45.0,60.76,0.8,0.0,5.63,45.0,44.99,0.0,0.0,0.0,120.0,45.0,0.0,0.88,0.0,0.0,0.0,23.07,0.0,65.74,100.0,100.0,39.44
2018-01-06 21:06:00,2,1,60.76,85.0,55.0,41.92,45.0,60.76,0.8,0.0,5.63,45.0,44.99,0.0,0.0,0.0,120.0,45.0,0.0,0.88,0.0,0.0,0.0,23.09,0.0,65.58,100.0,100.0,39.44
2018-01-06 21:07:00,2,1,60.75,85.0,55.0,41.93,45.0,60.75,0.8,0.0,5.63,45.0,44.99,0.0,0.0,0.0,120.0,45.0,0.0,0.88,0.0,0.0,0.0,23.11,0.0,65.42,100.0,100.0,39.44
2018-01-06 21:08:00,2,1,60.75,85.0,55.0,41.94,45.0,60.75,0.8,0.0,5.63,45.0,44.99,0.0,0.0,0.0,120.0,45.0,0.0,0.88,0.0,0.0,0.0,23.13,0.0,65.25,100.0,100.0,39.44
2018-01-06 21:09:00,2,1,60.74,85.0,55.0,41.94,45.0,60.74,0.8,0.0,5.63,45.0,44.99,0.0,0.0,0.0,120.0,45.0,0.0,0.88,0.0,0.0,0.0,23.15,0.0,65.07,100.0,100.0,39.44
2018-01-06 21:10:00,2,1,60.73,85.0,55.0,41.95,45.0,60.73,0.8,0.0,5.63,45.0,44.99,0.0,0.0,0.0,120.0,45.0,0.0,0.88,0.0,0.0,0.0,23.17,0.0,64.89,100.0,100.0,39.44
2018-01-06 21:11:00,2,1,60.73,85.0,55.0,41.96,45.0,60.73,0.8,0.0,5.63,45.0,44.99,0.0,0.0,0.0,120.0,45.0,0.0,0.88,0.0,0.0,0.0,23.19,0.0,64.71,100.0,100.0,39.44
2018-01-06 21:12:00,2,1,60.72,85.0,55.0,41.97,45.0,60.72,0.8,0.0,5.63,45.0,44.99,0.0,0.0,0.0,120.0,45.0,0.0,0.88,0.0,0.0,0.0,23.21,0.0,64.52,100.0,100.0,39.45
2018-01-06 21:13:00,2,1,60.72,85.0,55.0,41.97,45.0,60.72,0.8,0.0,5.63,45.0,44.99,0.0,0.0,0.0,120.0,45.0,0.0,0.88,0.0,0.0,0.0,23.23,0.0,64.33,100.0,100.0,39.45
2018-01-06 21:14:00,2,1,60.71,85.0,55.0,41.98,45.0,60.71,0.8,0.0,5.63,45.0,44.99,0.0,0.0,0.0,120.0,45.0,0.0,0.88,0.0,0.0,0.0,23.25,0.0,64.13,100.0,100.0,39.45
2018-01-06 21:15:00,2,1,60.71,85.0,55.0,41.99,45.0,60.71,0.8,0.0,5.63,45.0,44.99,0.0,0.0,0.0,120.0,45.0,0.0,0.88,0.0,0.0,0.0,23.27,0.0,63.93,100.0,100.0,39.45
2018-01-06 21:16:00,2,1,60.7,85.0,55.0,42.0,45.0,60.7,0.8,0.0,5.63,45.0,44.99,0.0,0.0,0.0,120.0,45.0,0.0,0.88,0.0,0.0,0.0,23.29,0.0,63.73,100.0,100.0,39.45
2018-01-06 21:17:00,2,1,60.7,85.0,55.0,42.0,45.0,60.7,0.8,0.0,5.63,45.0,44.99,0.0,0.0,0.0,120.0,45.0,0.0,0.88,0.0,0.0,0.0,23.31,0.0,63.52,100.0,100.0,39.45
2018-01-06 21:18:00,2,1,60.69,85.0,55.0,42.01,45.0,60.69,0.8,0.0,5.63,45.0,44.99,0.0,0.0,0.0,120.0,45.0,0.0,0.88,0.0,0.0,0.0,23.33,0.0,63.31,100.0,100.0,39.44
2018-01-06 21:19:00,2,1,60.69,85.0,55.0,42.02,45.0,60.69,0.8,0.0,5.63,45.0,44.99,0.0,0.0,0.0,120.0,45.0,0.0,0.88,0.0,0.0,0.0,23.35,0.0,63.09,100.0,100.0,39.44
2018-01-06 21:20:00,2,1,60.68,85.0,55.0,42.03,45.0,60.68,0.8,0.0,5.63,45.0,44.99,0.0,0.0,0.0,120.0,45.0,0.0,0.88,0.0,0.0,0.0,23.38,0.0,62.88,100.0,100.0,39.44
2018-01-06 21:21:00,2,1,60.68,85.0,55.0,42.04,45.0,60.68,0.8,0.0,5.63,45.0,44.99,0.0,0.0,0.0,120.0,45.0,0.0,0.88,0.0,0.0,0.0,23.4,0.0,62.66,100.0,100.0,39.44
2018-01-06 21:22:00,2,1,60.67,85.0,55.0,42.05,45.0,60.67,0.8,0.0,5.63,45.0,44.99,0.0,0.0,0.0,120.0,45.0,0.0,0.88,0.0,0.0,0.0,23.42,0.0,62.44,100.0,100.0,39.44
2018-01-06 21:23:00,2,1,60.67,85.0,55.0,42.06,45.0,60.67,0.8,0.0,5.63,45.0,44.99,0.0,0.0,0.0,120.0,45.0,0.0,0.88,0.0,0.0,0.0,23.44,0.0,62.22,100.0,100.0,39.44
2018-01-06 21:24:00,2,1,60.66,85.0,55.0,42.06,45.0,60.66,0.8,0.0,5.63,45.0,44.99,0.0,0.0,0.0,120.0,45.0,0.0,0.88,0.0,0.0,0.0,23.47,0.0,62.0,100.0,100.0,39.44
2018-01-06 21:25:00,2,1,60.66,85.0,55.0,42.07,45.0,60.66,0.8,0.0,5.63,45.0,44.99,0.0,0.0,0.0,120.0,45.0,0.0,0.88,0.0,0.0,0.0,23.49,0.0,61.77,100.0,100.0,39.44
2018-01-06 21:26:00,2,1,60.66,85.0,55.0,42.08,45.0,60.66,0.8,0.0,5.63,45.0,44.99,0.0,0.0,0.0,120.0,45.0,0.0,0.88,0.0,0.0,0.0,23.51,0.0,61.54,100.0,100.0,39.44
2018-01-06 21:27:00,2,1,60.65,85.0,55.0,42.09,45.0,60.65,0.8,0.0,5.63,45.0,44.99,0.0,0.0,0.0,120.0,45.0,0.0,0.88,0.0,0.0,0.0,23.53,0.0,61.32,100.0,100.0,39.43
2018-01-06 21:28:00,2,1,60.65,85.0,55.0,42.1,45.0,60.65,0.8,0.0,5.63,45.0,44.99,0.0,0.0,0.0,120.0,45.0,0.0,0.88,0.0,0.0,0.0,23.55,0.0,61.09,100.0,100.0,39.43
2018-01-06 21:29:00,2,1,60.64,85.0,55.0,42.11,45.0,60.64,0.8,0.0,5.63,45.0,44.99,0.0,0.0,0.0,120.0,45.0,0.0,0.88,0.0,0.0,0.0,23.58,0.0,60.86,100.0,100.0,39.43
2018-01-06 21:30:00,2,1,60.64,85.0,55.0,42.12,45.0,60.64,0.8,0.0,5.63,45.0,44.99,0.0,0.0,0.0,120.0,45.0,0.0,0.88,0.0,0.0,0.0,23.6,0.0,60.64,100.0,100.0,39.43
2018-01-06 21:31:00,2,1,60.63,85.0,55.0,42.13,45.0,60.63,0.8,0.0,5.63,45.0,44.99,0.0,0.0,0.0,120.0,45.0,0.0,0.88,0.0,0.0,0.0,23.62,0.0,60.41,100.0,100.0,39.42
2018-01-06 21:32:00,2,1,60.63,85.0,55.0,42.13,45.0,60.63,0.8,0.0,5.63,45.0,44.99,0.0,0.0,0.0,120.0,45.0,0.0,0.88,0.0,0.0,0.0,23.64,0.0,60.18,100.0,100.0,39.42
2018-01-06 21:33:00,2,1,60.62,85.0,55.0,42.14,45.0,60.62,0.8,0.0,5.63,45.0,44.99,0.0,0.0,0.0,120.0,45.0,0.0,0.88,0.0,0.0,0.0,23.66,0.0,59.96,100.0,100.0,39.42
2018-01-06 21:34:00,2,1,60.62,85.0,55.0,42.15,45.0,60.62,0.8,0.0,5.63,45.0,44.99,0.0,0.0,0.0,120.0,45.0,0.0,0.88,0.0,0.0,0.0,23.68,0.0,59.73,100.0,100.0,39.42
2018-01-06 21:35:00,2,1,60.61,85.0,55.0,42.16,45.0,60.61,0.8,0.0,5.63,45.0,44.99,0.0,0.0,0.0,120.0,45.0,0.0,0.88,0.0,0.0,0.0,23.7,0.0,59.51,100.0,100.0,39.41
2018-01-06 21:36:00,2,1,60.61,85.0,55.0,42.17,45.0,60.61,0.8,0.0,5.63,45.0,44.99,0.0,0.0,0.0,120.0,45.0,0.0,0.88,0.0,0.0,0.0,23.72,0.0,59.29,100.0,100.0,39.41
2018-01-06 21:37:00,2,1,60.61,85.0,55.0,42.18,45.0,60.61,0.8,0.0,5.63,45.0,44.99,0.0,0.0,0.0,120.0,45.0,0.0,0.88,0.0,0.0,0.0,23.75,0.0,59.06,99.12,100.0,39.41
2018-01-06 21:38:00,2,1,60.6,85.0,55.0,42.18,45.0,60.6,0.8,0.0,5.63,45.0,44.99,0.0,0.0,0.0,120.0,45.0,0.0,0.88,0.0,0.0,0.0,23.77,0.0,58.84,98.03,100.0,39.4
2018-01-06 21:39:00,2,1,60.6,85.0,55.0,42.19,45.0,60.6,0.8,0.0,5.63,45.0,44.99,0.0,0.0,0.0,120.0,45.0,0.0,0.88,0.0,0.0,0.0,23.79,0.0,58.63,96.95,100.0,39.4
2018-01-06 21:40:00,2,1,60.59,85.0,55.0,42.2,45.0,60.59,0.8,0.0,5.63,45.0,44.99,0.0,0.0,0.0,120.0,45.0,0.0,0.88,0.0,0.0,0.0,23.8,0.0,58.41,95.88,100.0,39.4
2018-01-06 21:41:00,2,1,60.59,85.0,55.0,42.21,45.0,60.59,0.8,0.0,5.63,45.0,45.0,0.0,0.0,0.0,120.0,45.0,0.0,0.88,0.0,0.0,0.0,23.82,0.0,58.2,94.83,100.0,39.39
2018-01-06 21:42:00,2,1,60.58,85.0,55.0,42.21,45.0,60.58,0.8,0.0,5.63,45.0,45.0,0.0,0.0,0.0,120.0,45.0,0.0,0.88,0.0,0.0,0.0,23.84,0.0,57.99,93.8,100.0,39.39
2018-01-06 21:43:00,2,1,60.58,85.0,55.0,42.22,45.0,60.58,0.8,0.0,5.63,45.0,45.0,0.0,0.0,0.0,120.0,45.0,0.0,0.88,0.0,0.0,0.0,23.86,0.0,57.78,92.78,100.0,39.39
2018-01-06 21:44:00,2,1,60.57,85.0,55.0,42.23,45.0,60.57,0.8,0.0,5.63,45.0,45.0,0.0,0.0,0.0,120.0,45.0,0.0,0.88,0.0,0.0,0.0,23.88,0.0,57.58,91.79,100.0,39.38
2018-01-06 21:45:00,2,1,60.57,85.0,55.0,42.23,45.0,60.57,0.8,0.0,5.63,45.0,45.0,0.0,0.0,0.0,120.0,45.0,0.0,0.88,0.0,0.0,0.0,23.9,0.0,57.38,90.81,100.0,39.38
2018-01-06 21:46:00,2,1,60.57,85.0,55.0,42.24,45.0,60.57,0.8,0.0,5.63,45.0,45.0,0.0,0.0,0.0,120.0,45.0,0.0,0.88,0.0,0.0,0.0,23.91,0.0,57.19,89.86,100.0,39.38
2018-01-06 21:47:00,2,1,60.56,85.0,55.0,42.24,45.0,60.56,0.8,0.0,5.63,45.0,45.0,0.0,0.0,0.0,120.0,45.0,0.0,0.88,0.0,0.0,0.0,23.93,0.0,56.99,88.92,100.0,39.37
2018-01-06 21:48:00,2,1,60.56,85.0,55.0,42.25,45.0,60.56,0.8,0.0,5.63,45.0,45.0,0.0,0.0,0.0,120.0,45.0,0.0,0.88,0.0,0.0,0.0,23.94,0.0,56.8,88.01,100.0,39.37
2018-01-06 21:49:00,2,1,60.55,85.0,55.0,42.26,45.0,60.55,0.8,0.0,5.63,45.0,45.0,0.0,0.0,0.0,120.0,45.0,0.0,0.88,0.0,0.0,0.0,23.96,0.0,56.62,87.13,100.0,39.36
2018-01-06 21:50:00,2,1,60.55,85.0,55.0,42.26,45.0,60.55,0.8,0.0,5.63,45.0,45.0,0.0,0.0,0.0,120.0,45.0,0.0,0.88,0.0,0.0,0.0,23.97,0.0,56.44,86.27,100.0,39.36
2018-01-06 21:51:00,2,1,60.54,85.0,55.0,42.26,45.0,60.54,0.8,0.0,5.63,45.0,45.0,0.0,0.0,0.0,120.0,45.0,0.0,0.88,0.0,0.0,0.0,23.99,0.0,56.27,85.43,100.0,39.36
2018-01-06 21:52:00,2,1,60.54,85.0,55.0,42.27,45.0,60.54,0.8,0.0,5.63,45.0,45.0,0.0,0.0,0.0,120.0,45.0,0.0,0.88,0.0,0.0,0.0,24.0,0.0,56.1,84.62,100.0,39.35
2018-01-06 21:53:00,2,1,60.53,85.0,55.0,42.27,45.0,60.53,0.8,0.0,5.63,45.0,45.0,0.0,0.0,0.0,120.0,45.0,0.0,0.88,0.0,0.0,0.0,24.01,0.0,55.93,83.84,100.0,39.35
2018-01-06 21:54:00,2,1,60.53,85.0,55.0,42.28,45.0,60.53,0.8,0.0,5.63,45.0,45.0,0.0,0.0,0.0,120.0,45.0,0.0,0.88,0.0,0.0,0.0,24.02,0.0,55.78,83.09,100.0,39.34
2018-01-06 21:55:00,2,1,60.52,85.0,55.0,42.28,45.0,60.52,0.8,0.0,5.63,45.0,45.0,0.0,0.0,0.0,120.0,45.0,0.0,0.88,0.0,0.0,0.0,24.03,0.0,55.62,82.37,100.0,39.34
2018-01-06 21:56:00,2,1,60.52,85.0,55.0,42.28,45.0,60.52,0.8,0.0,5.63,45.0,45.0,0.0,0.0,0.0,120.0,45.0,0.0,0.88,0.0,0.0,0.0,24.04,0.0,55.48,81.67,100.0,39.33
2018-01-06 21:57:00,2,1,60.52,85.0,55.0,42.28,45.0,60.52,0.8,0.0,5.63,45.0,45.0,0.0,0.0,0.0,120.0,45.0,0.0,0.88,0.0,0.0,0.0,24.05,0.0,55.34,81.01,100.0,39.33
2018-01-06 21:58:00,2,1,60.51,85.0,55.0,42.29,45.0,60.51,0.8,0.0,5.63,45.0,45.0,0.0,0.0,0.0,120.0,45.0,0.0,0.88,0.0,0.0,0.0,24.06,0.0,55.2,80.39,100.0,39.33
2018-01-06 21:59:00,2,1,60.51,85.0,55.0,42.29,45.0,60.51,0.8,0.0,5.63,45.0,45.0,0.0,0.0,0.0,120.0,45.0,0.0,0.88,0.0,0.0,0.0,24.07,0.0,55.08,79.79,100.0,39.32
2018-01-06 22:00:00,2,1,60.5,85.0,55.0,42.29,45.0,60.5,0.8,0.0,5.63,45.0,45.0,0.0,0.0,0.0,120.0,45.0,0.0,0.88,0.0,0.0,0.0,24.08,0.0,54.95,79.23,100.0,39.32
2018-01-06 22:01:00,2,1,60.5,85.0,55.0,42.28,45.0,60.5,0.8,0.0,5.63,45.0,45.0,0.0,0.0,0.0,120.0,45.0,0.0,0.88,0.0,0.0,0.0,24.06,0.0,54.99,79.45,100.0,39.31
2018-01-06 22:02:00,2,1,60.49,85.0,55.0,42.27,45.0,60.49,0.8,0.0,5.63,45.0,45.0,0.0,0.0,0.0,120.0,45.0,0.0,0.88,0.0,0.0,0.0,24.04,0.0,55.12,80.13,100.0,39.31
2018-01-06 22:03:00,2,1,60.49,85.0,55.0,42.25,45.0,60.49,0.8,0.0,5.63,45.0,45.0,0.0,0.0,0.0,120.0,45.0,0.0,0.88,0.0,0.0,0.0,24.02,0.0,55.28,80.9,100.0,39.3
2018-01-06 22:04:00,2,1,60.48,85.0,55.0,42.23,45.0,60.48,0.8,0.0,5.63,45.0,45.0,0.0,0.0,0.0,120.0,45.0,0.0,0.88,0.0,0.0,0.0,23.99,0.0,55.43,81.71,100.0,39.3
2018-01-06 22:05:00,2,1,60.47,85.0,55.0,42.22,45.0,60.47,0.8,0.0,5.63,45.0,45.0,0.0,0.0,0.0,120.0,45.0,0.0,0.88,0.0,0.0,0.0,23.96,0.0,55.6,82.56,100.0,39.3
2018-01-06 22:06:00,2,1,60.47,85.0,55.0,42.2,45.0,60.47,0.8,0.0,5.63,45.0,44.99,0.0,0.0,0.0,120.0,45.0,0.0,0.88,0.0,0.0,0.0,23.93,0.0,55.78,83.45,100.0,39.3
2018-01-06 22:07:00,2,1,60.46,85.0,55.0,42.18,45.0,60.46,0.8,0.0,5.63,45.0,44.99,0.0,0.0,0.0,120.0,45.0,0.0,0.88,0.0,0.0,0.0,23.9,0.0,55.96,84.38,100.0,39.29
2018-01-06 22:08:00,2,1,60.46,85.0,55.0,42.17,45.0,60.46,0.8,0.0,5.63,45.0,44.99,0.0,0.0,0.0,120.0,45.0,0.0,0.88,0.0,0.0,0.0,23.88,0.0,56.14,85.33,100.0,39.29
2018-01-06 22:09:00,2,1,60.45,85.0,55.0,42.15,45.0,60.45,0.8,0.0,5.63,45.0,44.99,0.0,0.0,0.0,120.0,45.0,0.0,0.88,0.0,0.0,0.0,23.84,0.0,56.34,86.32,100.0,39.29
2018-01-06 22:10:00,2,1,60.44,85.0,55.0,42.13,45.0,60.44,0.8,0.0,5.63,45.0,44.99,0.0,0.0,0.0,120.0,45.0,0.0,0.88,0.0,0.0,0.0,23.81,0.0,56.54,87.35,100.0,39.29
2018-01-06 22:11:00,2,1,60.44,85.0,55.0,42.11,45.0,60.44,0.8,0.0,5.63,45.0,44.99,0.0,0.0,0.0,120.0,45.0,0.0,0.88,0.0,0.0,0.0,23.78,0.0,56.74,88.41,100.0,39.29
2018-01-06 22:12:00,2,1,60.43,85.0,55.0,42.09,45.0,60.43,0.8,0.0,5.63,45.0,44.99,0.0,0.0,0.0,120.0,45.0,0.0,0.88,0.0,0.0,0.0,23.75,0.0,56.96,89.5,100.0,39.29
2018-01-06 22:13:00,2,1,60.43,85.0,55.0,42.07,45.0,60.43,0.8,0.0,5.63,45.0,44.99,0.0,0.0,0.0,120.0,45.0,0.0,0.88,0.0,0.0,0.0,23.72,0.0,57.17,90.62,100.0,39.29
2018-01-06 22:14:00,2,1,60.42,85.0,55.0,42.05,45.0,60.42,0.8,0.0,5.63,45.0,44.99,0.0,0.0,0.0,120.0,45.0,0.0,0.88,0.0,0.0,0.0,23.68,0.0,57.4,91.77,100.0,39.29
2018-01-06 22:15:00,2,1,60.41,85.0,55.0,42.03,45.0,60.41,0.8,0.0,5.63,45.0,44.99,0.0,0.0,0.0,120.0,45.0,0.0,0.88,0.0,0.0,0.0,23.65,0.0,57.63,92.96,100.0,39.28
2018-01-06 22:16:00,2,1,60.41,85.0,55.0,42.01,45.0,60.41,0.8,0.0,5.63,45.0,44.99,0.0,0.0,0.0,120.0,45.0,0.0,0.88,0.0,0.0,0.0,23.61,0.0,57.86,94.17,100.0,39.28
2018-01-06 22:17:00,2,1,60.4,85.0,55.0,41.99,45.0,60.4,0.8,0.0,5.63,45.0,44.99,0.0,0.0,0.0,120.0,45.0,0.0,0.88,0.0,0.0,0.0,23.58,0.0,58.1,95.41,100.0,39.29
2018-01-06 22:18:00,2,1,60.39,85.0,55.0,41.97,45.0,60.39,0.8,0.0,5.63,45.0,44.99,0.0,0.0,0.0,120.0,45.0,0.0,0.88,0.0,0.0,0.0,23.54,0.0,58.34,96.69,100.0,39.29
2018-01-06 22:19:00,2,1,60.38,85.0,55.0,41.95,45.0,60.38,0.8,0.0,5.63,45.0,44.99,0.0,0.0,0.0,120.0,45.0,0.0,0.88,0.0,0.0,0.0,23.51,0.0,58.59,97.99,100.0,39.29
2018-01-06 22:20:00,2,1,60.38,85.0,55.0,41.92,45.0,60.38,0.8,0.0,5.63,45.0,44.99,0.0,0.0,0.0,120.0,45.0,0.0,0.88,0.0,0.0,0.0,23.47,0.0,58.84,99.32,100.0,39.29
2018-01-06 22:21:00,2,1,60.37,85.0,55.0,41.9,45.0,60.37,0.8,0.0,5.63,45.0,44.99,0.0,0.0,0.0,120.0,45.0,0.0,0.88,0.0,0.0,0.0,23.43,0.0,59.1,100.0,100.0,39.29
2018-01-06 22:22:00,2,1,60.36,85.0,55.0,41.88,45.0,60.36,0.8,0.0,5.63,45.0,44.99,0.0,0.0,0.0,120.0,45.0,0.0,0.88,0.0,0.0,0.0,23.4,0.0,59.36,100.0,100.0,39.29
2018-01-06 22:23:00,2,1,60.36,85.0,55.0,41.86,45.0,60.36,0.8,0.0,5.63,45.0,44.99,0.0,0.0,0.0,120.0,45.0,0.0,0.88,0.0,0.0,0.0,23.36,0.0,59.63,100.0,100.0,39.29
2018-01-06 22:24:00,2,1,60.35,85.0,55.0,41.83,45.0,60.35,0.8,0.0,5.63,45.0,44.99,0.0,0.0,0.0,120.0,45.0,0.0,0.88,0.0,0.0,0.0,23.32,0.0,59.9,100.0,100.0,39.29
2018-01-06 22:25:00,2,1,60.34,85.0,55.0,41.81,45.0,60.34,0.8,0.0,5.63,45.0,44.99,0.0,0.0,0.0,120.0,45.0,0.0,0.88,0.0,0.0,0.0,23.28,0.0,60.17,100.0,100.0,39.29
2018-01-06 22:26:00,2,1,60.33,85.0,55.0,41.79,45.0,60.33,0.8,0.0,5.63,45.0,44.99,0.0,0.0,0.0,120.0,45.0,0.0,0.88,0.0,0.0,0.0,23.24,0.0,60.45,100.0,100.0,39.3
2018-01-06 22:27:00,2,1,60.33,85.0,55.0,41.76,45.0,60.33,0.8,0.0,5.63,45.0,44.99,0.0,0.0,0.0,120.0,45.0,0.0,0.88,0.0,0.0,0.0,23.2,0.0,60.73,100.0,100.0,39.3
2018-01-06 22:28:00,2,1,60.32,85.0,55.0,41.74,45.0,60.32,0.8,0.0,5.63,45.0,44.99,0.0,0.0,0.0,120.0,45.0,0.0,0.88,0.0,0.0,0.0,23.16,0.0,61.02,100.0,100.0,39.3
2018-01-06 22:29:00,2,1,60.31,85.0,55.0,41.72,45.0,60.31,0.8,0.0,5.63,45.0,44.99,0.0,0.0,0.0,120.0,45.0,0.0,0.88,0.0,0.0,0.0,23.13,0.0,61.3,100.0,100.0,39.3
2018-01-06 22:30:00,2,1,60.3,85.0,55.0,41.69,45.0,60.3,0.8,0.0,5.63,45.0,44.99,0.0,0.0,0.0,120.0,45.0,0.0,0.88,0.0,0.0,0.0,23.09,0.0,61.59,100.0,100.0,39.31
2018-01-06 22:31:00,2,1,60.3,85.0,55.0,41.67,45.0,60.3,0.8,0.0,5.63,45.0,44.99,0.0,0.0,0.0,120.0,45.0,0.0,0.88,0.0,0.0,0.0,23.05,0.0,61.89,100.0,100.0,39.31
2018-01-06 22:32:00,2,1,60.29,85.0,55.0,41.65,45.0,60.29,0.8,0.0,5.63,45.0,44.99,0.0,0.0,0.0,120.0,45.0,0.0,0.88,0.0,0.0,0.0,23.01,0.0,62.18,92.68,100.0,39.31
2018-01-06 22:33:00,2,1,60.28,85.0,55.0,41.62,45.0,60.28,0.8,0.0,5.63,45.0,44.99,0.0,0.0,0.0,120.0,45.0,0.0,0.88,0.0,0.0,0.0,22.97,0.0,62.48,71.29,100.0,39.32
2018-01-06 22:34:00,2,1,60.27,85.0,55.0,41.6,45.0,60.27,0.8,0.0,5.63,45.0,44.99,0.0,0.0,0.0,120.0,45.0,0.0,0.88,0.0,0.0,0.0,22.93,0.0,62.78,69.01,100.0,39.32
2018-01-06 22:35:00,2,1,60.26,85.0,55.0,41.58,45.0,60.26,0.8,0.0,5.63,45.0,44.99,0.0,0.0,0.0,120.0,45.0,0.0,0.88,0.0,0.0,0.0,22.89,0.0,63.08,69.32,100.0,39.32
2018-01-06 22:36:00,2,1,60.26,85.0,55.0,41.55,45.0,60.26,0.8,0.0,5.63,45.0,44.99,0.0,0.0,0.0,120.0,45.0,0.0,0.88,0.0,0.0,0.0,22.85,0.0,63.38,69.98,100.0,39.33
2018-01-06 22:37:00,2,1,60.25,85.0,55.0,41.53,45.0,60.25,0.8,0.0,5.63,45.0,44.99,0.0,0.0,0.0,120.0,45.0,0.0,0.88,0.0,0.0,0.0,22.81,0.0,63.69,70.69,100.0,39.33
2018-01-06 22:38:00,2,1,60.24,85.0,55.0,41.5,45.0,60.24,0.8,0.0,5.63,45.0,44.99,0.0,0.0,0.0,120.0,45.0,0.0,0.88,0.0,0.0,0.0,22.77,0.0,63.99,71.41,100.0,39.34
2018-01-06 22:39:00,2,1,60.23,85.0,55.0,41.48,45.0,60.23,0.8,0.0,5.63,45.0,44.99,0.0,0.0,0.0,120.0,45.0,0.0,0.88,0.0,0.0,0.0,22.73,0.0,64.3,72.13,100.0,39.34
2018-01-06 22:40:00,2,1,60.23,85.0,55.0,41.46,45.0,60.23,0.8,0.0,5.63,45.0,44.99,0.0,0.0,0.0,120.0,45.0,0.0,0.88,0.0,0.0,0.0,22.69,0.0,64.61,72.86,100.0,39.35
2018-01-06 22:41:00,2,1,60.22,85.0,55.0,41.43,45.0,60.22,0.8,0.0,5.63,45.0,44.99,0.0,0.0,0.0,120.0,45.0,0.0,0.88,0.0,0.0,0.0,22.65,0.0,64.91,73.58,100.0,39.35
2018-01-06 22:42:00,2,1,60.21,85.0,55.0,41.41,45.0,60.21,0.8,0.0,5.63,45.0,44.99,0.0,0.0,0.0,120.0,45.0,0.0,0.88,0.0,0.0,0.0,22.61,0.0,65.22,74.3,100.0,39.35
2018-01-06 22:43:00,2,1,60.2,85.0,55.0,41.38,45.0,60.2,0.8,0.0,5.63,45.0,44.99,0.0,0.0,0.0,120.0,45.0,0.0,0.88,0.0,0.0,0.0,22.57,0.0,65.53,75.02,100.0,39.36
2018-01-06 22:44:00,2,1,60.19,85.0,55.0,41.36,45.0,60.19,0.8,0.0,5.63,45.0,44.99,0.0,0.0,0.0,120.0,45.0,0.0,0.88,0.0,0.0,0.0,22.53,0.0,65.84,75.74,100.0,39.37
2018-01-06 22:45:00,2,1,60.19,85.0,55.0,41.34,45.0,60.19,0.8,0.0,5.63,45.0,44.99,0.0,0.0,0.0,120.0,45.0,0.0,0.88,0.0,0.0,0.0,22.49,0.0,66.15,76.46,100.0,39.37
2018-01-06 22:46:00,2,1,60.18,85.0,55.0,41.31,45.0,60.18,0.8,0.0,5.63,45.0,44.99,0.0,0.0,0.0,120.0,45.0,0.0,0.88,0.0,0.0,0.0,22.45,0.0,66.46,77.17,100.0,39.38
2018-01-06 22:47:00,2,1,60.17,85.0,55.0,41.29,45.0,60.17,0.8,0.0,5.63,45.0,44.99,0.0,0.0,0.0,120.0,45.0,0.0,0.88,0.0,0.0,0.0,22.41,0.0,66.77,77.89,100.0,39.38
2018-01-06 22:48:00,2,1,60.16,85.0,55.0,41.27,45.0,60.16,0.8,0.0,5.63,45.0,44.99,0.0,0.0,0.0,120.0,45.0,0.0,0.88,0.0,0.0,0.0,22.37,0.0,67.08,78.6,100.0,39.39
2018-01-06 22:49:00,2,1,60.15,85.0,55.0,41.24,45.0,60.15,0.8,0.0,5.63,45.0,44.99,0.0,0.0,0.0,120.0,45.0,0.0,0.88,0.0,0.0,0.0,22.33,0.0,67.38,79.3,100.0,39.39
2018-01-06 22:50:00,2,1,60.15,85.0,55.0,41.22,45.0,60.15,0.8,0.0,5.63,45.0,44.99,0.0,0.0,0.0,120.0,45.0,0.0,0.88,0.0,0.0,0.0,22.29,0.0,67.69,80.0,100.0,39.4
2018-01-06 22:51:00,2,1,60.14,85.0,55.0,41.2,45.0,60.14,0.8,0.0,5.63,45.0,44.99,0.0,0.0,0.0,120.0,45.0,0.0,0.88,0.0,0.0,0.0,22.26,0.0,68.0,80.7,100.0,39.41
2018-01-06 22:52:00,2,1,60.13,85.0,55.0,41.17,45.0,60.13,0.8,0.0,5.63,45.0,44.99,0.0,0.0,0.0,120.0,45.0,0.0,0.88,0.0,0.0,0.0,22.22,0.0,68.3,81.39,100.0,39.41
2018-01-06 22:53:00,2,1,60.12,85.0,55.0,41.15,45.0,60.12,0.8,0.0,5.63,45.0,44.99,0.0,0.0,0.0,120.0,45.0,0.0,0.88,0.0,0.0,0.0,22.18,0.0,68.6,82.08,100.0,39.42
2018-01-06 22:54:00,2,1,60.11,85.0,55.0,41.13,45.0,60.11,0.8,0.0,5.63,45.0,44.99,0.0,0.0,0.0,120.0,45.0,0.0,0.88,0.0,0.0,0.0,22.14,0.0,68.9,82.76,100.0,39.43
2018-01-06 22:55:00,2,1,60.11,85.0,55.0,41.11,45.0,60.11,0.8,0.0,5.63,45.0,44.99,0.0,0.0,0.0,120.0,45.0,0.0,0.88,0.0,0.0,0.0,22.11,0.0,69.2,83.44,100.0,39.43
2018-01-06 22:56:00,2,1,60.1,85.0,55.0,41.09,45.0,60.1,0.8,0.0,5.63,45.0,44.99,0.0,0.0,0.0,120.0,45.0,0.0,0.88,0.0,0.0,0.0,22.07,0.0,69.49,84.11,100.0,39.44
2018-01-06 22:57:00,2,1,60.09,85.0,55.0,41.06,45.0,60.09,0.8,0.0,5.63,45.0,44.99,0.0,0.0,0.0,120.0,45.0,0.0,0.88,0.0,0.0,0.0,22.04,0.0,69.79,84.77,100.0,39.45
2018-01-06 22:58:00,2,1,60.08,85.0,55.0,41.04,45.0,60.08,0.8,0.0,5.63,45.0,44.99,0.0,0.0,0.0,120.0,45.0,0.0,0.88,0.0,0.0,0.0,22.0,0.0,70.07,85.42,100.0,39.45
2018-01-06 22:59:00,2,1,60.07,85.0,55.0,41.02,45.0,60.07,0.8,0.0,5.63,45.0,44.99,0.0,0.0,0.0,120.0,45.0,0.0,0.88,0.0,0.0,0.0,21.97,0.0,70.36,86.07,100.0,39.46
2018-01-06 23:00:00,2,1,60.07,85.0,55.0,41.0,45.0,60.07,0.8,0.0,5.63,45.0,44.99,0.0,0.0,0.0,120.0,45.0,0.0,0.88,0.0,0.0,0.0,21.94,0.0,70.64,86.7,100.0,39.47
2018-01-06 23:01:00,2,1,60.06,85.0,55.0,40.99,45.0,60.06,0.8,0.0,5.63,45.0,44.99,0.0,0.0,0.0,120.0,45.0,0.0,0.88,0.0,0.0,0.0,21.91,0.0,70.82,87.12,100.0,39.47
2018-01-06 23:02:00,2,1,60.05,85.0,55.0,40.97,45.0,60.05,0.8,0.0,5.63,45.0,44.99,0.0,0.0,0.0,120.0,45.0,0.0,0.88,0.0,0.0,0.0,21.9,0.0,70.94,87.41,100.0,39.48
2018-01-06 23:03:00,2,1,60.04,85.0,55.0,40.96,45.0,60.04,0.8,0.0,5.63,45.0,44.99,0.0,0.0,0.0,120.0,45.0,0.0,0.88,0.0,0.0,0.0,21.88,0.0,71.06,87.67,100.0,39.49
2018-01-06 23:04:00,2,1,60.04,85.0,55.0,40.95,45.0,60.04,0.8,0.0,5.63,45.0,44.99,0.0,0.0,0.0,120.0,45.0,0.0,0.88,0.0,0.0,0.0,21.87,0.0,71.16,87.92,100.0,39.5
2018-01-06 23:05:00,2,1,60.03,85.0,55.0,40.94,45.0,60.03,0.8,0.0,5.63,45.0,44.99,0.0,0.0,0.0,120.0,45.0,0.0,0.88,0.0,0.0,0.0,21.86,0.0,71.27,88.16,100.0,39.5
2018-01-06 23:06:00,2,1,60.02,85.0,55.0,40.93,45.0,60.02,0.8,0.0,5.63,45.0,44.99,0.0,0.0,0.0,120.0,45.0,0.0,0.88,0.0,0.0,0.0,21.85,0.0,71.37,88.39,100.0,39.51
2018-01-06 23:07:00,2,1,60.01,85.0,55.0,40.92,45.0,60.01,0.8,0.0,5.63,45.0,44.99,0.0,0.0,0.0,120.0,45.0,0.0,0.88,0.0,0.0,0.0,21.83,0.0,71.46,88.62,100.0,39.52
2018-01-06 23:08:00,2,1,60.01,85.0,55.0,40.92,45.0,60.01,0.8,0.0,5.63,45.0,44.99,0.0,0.0,0.0,120.0,45.0,0.0,0.88,0.0,0.0,0.0,21.82,0.0,71.56,88.83,100.0,39.52
2018-01-06 23:09:00,2,1,60.0,85.0,55.0,40.91,45.0,60.0,0.8,0.0,5.63,45.0,44.99,0.0,0.0,0.0,120.0,45.0,0.0,0.88,0.0,0.0,0.0,21.81,0.0,71.64,89.04,100.0,39.53
2018-01-06 23:10:00,2,1,59.99,85.0,55.0,40.9,45.0,59.99,0.8,0.0,5.63,45.0,44.99,0.0,0.0,0.0,120.0,45.0,0.0,0.88,0.0,0.0,0.0,21.8,0.0,71.73,89.24,100.0,39.53
2018-01-06 23:11:00,2,1,59.99,85.0,55.0,40.89,45.0,59.99,0.8,0.0,5.63,45.0,44.99,0.0,0.0,0.0,120.0,45.0,0.0,0.88,0.0,0.0,0.0,21.79,0.0,71.81,89.43,100.0,39.54
2018-01-06 23:12:00,2,1,59.98,85.0,55.0,40.88,45.0,59.98,0.8,0.0,5.63,45.0,44.99,0.0,0.0,0.0,120.0,45.0,0.0,0.88,0.0,0.0,0.0,21.79,0.0,71.89,89.61,100.0,39.55
2018-01-06 23:13:00,2,1,59.97,85.0,55.0,40.87,45.0,59.97,0.8,0.0,5.63,45.0,44.99,0.0,0.0,0.0,120.0,45.0,0.0,0.88,0.0,0.0,0.0,21.78,0.0,71.96,89.79,100.0,39.55
2018-01-06 23:14:00,2,1,59.97,85.0,55.0,40.87,45.0,59.97,0.8,0.0,5.63,45.0,44.99,0.0,0.0,0.0,120.0,45.0,0.0,0.88,0.0,0.0,0.0,21.77,0.0,72.04,89.95,100.0,39.56
2018-01-06 23:15:00,2,1,59.96,85.0,55.0,40.86,45.0,59.96,0.8,0.0,5.63,45.0,44.99,0.0,0.0,0.0,120.0,45.0,0.0,0.88,0.0,0.0,0.0,21.76,0.0,72.1,90.11,100.0,39.57
2018-01-06 23:16:00,2,1,59.95,85.0,55.0,40.85,45.0,59.95,0.8,0.0,5.63,45.0,44.99,0.0,0.0,0.0,120.0,45.0,0.0,0.88,0.0,0.0,0.0,21.76,0.0,72.17,90.26,100.0,39.57
2018-01-06 23:17:00,2,1,59.95,85.0,55.0,40.85,45.0,59.95,0.8,0.0,5.63,45.0,44.99,0.0,0.0,0.0,120.0,45.0,0.0,0.88,0.0,0.0,0.0,21.75,0.0,72.23,90.41,100.0,39.58
2018-01-06 23:18:00,2,1,59.94,85.0,55.0,40.84,45.0,59.94,0.8,0.0,5.63,45.0,44.99,0.0,0.0,0.0,120.0,45.0,0.0,0.88,0.0,0.0,0.0,21.74,0.0,72.29,90.54,100.0,39.58
2018-01-06 23:19:00,2,1,59.93,85.0,55.0,40.84,45.0,59.93,0.8,0.0,5.63,45.0,44.99,0.0,0.0,0.0,120.0,45.0,0.0,0.88,0.0,0.0,0.0,21.74,0.0,72.34,90.67,100.0,39.59
2018-01-06 23:20:00,2,1,59.93,85.0,55.0,40.83,45.0,59.93,0.8,0.0,5.63,45.0,44.99,0.0,0.0,0.0,120.0,45.0,0.0,0.88,0.0,0.0,0.0,21.74,0.0,72.39,90.79,100.0,39.6
2018-01-06 23:21:00,2,1,59.92,85.0,55.0,40.83,45.0,59.92,0.8,0.0,5.63,45.0,44.99,0.0,0.0,0.0,120.0,45.0,0.0,0.88,0.0,0.0,0.0,21.73,0.0,72.44,90.91,100.0,39.6
2018-01-06 23:22:00,2,1,59.91,85.0,55.0,40.82,45.0,59.91,0.8,0.0,5.63,45.0,44.99,0.0,0.0,0.0,120.0,45.0,0.0,0.88,0.0,0.0,0.0,21.73,0.0,72.49,91.02,100.0,39.61
2018-01-06 23:23:00,2,1,59.91,85.0,55.0,40.82,45.0,59.91,0.8,0.0,5.63,45.0,44.99,0.0,0.0,0.0,120.0,45.0,0.0,0.88,0.0,0.0,0.0,21.72,0.0,72.53,91.12,100.0,39.61
2018-01-06 23:24:00,2,1,59.9,85.0,55.0,40.81,45.0,59.9,0.8,0.0,5.63,45.0,44.99,0.0,0.0,0.0,120.0,45.0,0.0,0.88,0.0,0.0,0.0,21.72,0.0,72.57,91.21,100.0,39.62
2018-01-06 23:25:00,2,1,59.89,85.0,55.0,40.81,45.0,59.89,0.8,0.0,5.63,45.0,44.99,0.0,0.0,0.0,120.0,45.0,0.0,0.88,0.0,0.0,0.0,21.72,0.0,72.61,91.3,100.0,39.62
2018-01-06 23:26:00,2,1,59.89,85.0,55.0,40.8,45.0,59.89,0.8,0.0,5.63,45.0,44.99,0.0,0.0,0.0,120.0,45.0,0.0,0.88,0.0,0.0,0.0,21.72,0.0,72.64,91.38,100.0,39.63
2018-01-06 23:27:00,2,1,59.88,85.0,55.0,40.8,45.0,59.88,0.8,0.0,5.63,45.0,44.99,0.0,0.0,0.0,120.0,45.0,0.0,0.88,0.0,0.0,0.0,21.72,0.0,72.67,91.45,100.0,39.64
2018-01-06 23:28:00,2,1,59.88,85.0,55.0,40.8,45.0,59.88,0.8,0.0,5.63,45.0,44.99,0.0,0.0,0.0,120.0,45.0,0.0,0.88,0.0,0.0,0.0,21.72,0.0,72.7,91.52,100.0,39.64
2018-01-06 23:29:00,2,1,59.87,85.0,55.0,40.79,45.0,59.87,0.8,0.0,5.63,45.0,44.99,0.0,0.0,0.0,120.0,45.0,0.0,0.88,0.0,0.0,0.0,21.72,0.0,72.72,91.58,100.0,39.65
2018-01-06 23:30:00,2,1,59.86,85.0,55.0,40.79,45.0,59.86,0.8,0.0,5.63,45.0,44.99,0.0,0.0,0.0,120.0,45.0,0.0,0.88,0.0,0.0,0.0,21.72,0.0,72.75,91.64,100.0,39.65
2018-01-06 23:31:00,2,1,59.86,85.0,55.0,40.79,45.0,59.86,0.8,0.0,5.63,45.0,44.99,0.0,0.0,0.0,120.0,45.0,0.0,0.88,0.0,0.0,0.0,21.72,0.0,72.76,91.69,100.0,39.66
2018-01-06 23:32:00,2,1,59.85,85.0,55.0,40.79,45.0,59.85,0.8,0.0,5.63,45.0,44.99,0.0,0.0,0.0,120.0,45.0,0.0,0.88,0.0,0.0,0.0,21.72,0.0,72.78,91.73,100.0,39.66
2018-01-06 23:33:00,2,1,59.84,85.0,55.0,40.78,45.0,59.84,0.8,0.0,5.63,45.0,44.99,0.0,0.0,0.0,120.0,45.0,0.0,0.88,0.0,0.0,0.0,21.72,0.0,72.8,91.77,100.0,39.67
2018-01-06 23:34:00,2,1,59.84,85.0,55.0,40.78,45.0,59.84,0.8,0.0,5.63,45.0,44.99,0.0,0.0,0.0,120.0,45.0,0.0,0.88,0.0,0.0,0.0,21.72,0.0,72.81,91.8,100.0,39.67
2018-01-06 23:35:00,2,1,59.83,85.0,55.0,40.78,45.0,59.83,0.8,0.0,5.63,45.0,44.99,0.0,0.0,0.0,120.0,45.0,0.0,0.88,0.0,0.0,0.0,21.73,0.0,72.82,91.83,100.0,39.68
2018-01-06 23:36:00,2,1,59.83,85.0,55.0,40.78,45.0,59.83,0.8,0.0,5.63,45.0,44.99,0.0,0.0,0.0,120.0,45.0,0.0,0.88,0.0,0.0,0.0,21.73,0.0,72.82,91.85,100.0,39.68
2018-01-06 23:37:00,2,1,59.82,85.0,55.0,40.78,45.0,59.82,0.8,0.0,5.63,45.0,44.99,0.0,0.0,0.0,120.0,45.0,0.0,0.88,0.0,0.0,0.0,21.73,0.0,72.83,91.86,100.0,39.69
2018-01-06 23:38:00,2,1,59.82,85.0,55.0,40.78,45.0,59.82,0.8,0.0,5.63,45.0,44.99,0.0,0.0,0.0,120.0,45.0,0.0,0.88,0.0,0.0,0.0,21.74,0.0,72.83,91.87,100.0,39.7
2018-01-06 23:39:00,2,1,59.81,85.0,55.0,40.77,45.0,59.81,0.8,0.0,5.63,45.0,44.99,0.0,0.0,0.0,120.0,45.0,0.0,0.88,0.0,0.0,0.0,21.74,0.0,72.83,91.88,100.0,39.7
2018-01-06 23:40:00,2,1,59.8,85.0,55.0,40.77,45.0,59.8,0.8,0.0,5.63,45.0,44.99,0.0,0.0,0.0,120.0,45.0,0.0,0.88,0.0,0.0,0.0,21.74,0.0,72.83,91.88,100.0,39.71
2018-01-06 23:41:00,2,1,59.8,85.0,55.0,40.77,45.0,59.8,0.8,0.0,5.63,45.0,44.99,0.0,0.0,0.0,120.0,45.0,0.0,0.88,0.0,0.0,0.0,21.75,0.0,72.82,91.88,100.0,39.71
2018-01-06 23:42:00,2,1,59.79,85.0,55.0,40.77,45.0,59.79,0.8,0.0,5.63,45.0,44.99,0.0,0.0,0.0,120.0,45.0,0.0,0.88,0.0,0.0,0.0,21.75,0.0,72.82,91.87,100.0,39.72
2018-01-06 23:43:00,2,1,59.79,85.0,55.0,40.77,45.0,59.79,0.8,0.0,5.63,45.0,44.99,0.0,0.0,0.0,120.0,45.0,0.0,0.88,0.0,0.0,0.0,21.76,0.0,72.81,91.86,100.0,39.72
2018-01-06 23:44:00,2,1,59.78,85.0,55.0,40.77,45.0,59.78,0.8,0.0,5.63,45.0,44.99,0.0,0.0,0.0,120.0,45.0,0.0,0.88,0.0,0.0,0.0,21.77,0.0,72.8,91.84,100.0,39.73
2018-01-06 23:45:00,2,1,59.78,85.0,55.0,40.77,45.0,59.78,0.8,0.0,5.63,45.0,44.99,0.0,0.0,0.0,120.0,45.0,0.0,0.88,0.0,0.0,0.0,21.77,0.0,72.78,91.82,100.0,39.73
2018-01-06 23:46:00,2,1,59.77,85.0,55.0,40.78,45.0,59.77,0.8,0.0,5.63,45.0,44.99,0.0,0.0,0.0,120.0,45.0,0.0,0.88,0.0,0.0,0.0,21.78,0.0,72.77,91.79,100.0,39.74
2018-01-06 23:47:00,2,1,59.76,85.0,55.0,40.78,45.0,59.76,0.8,0.0,5.63,45.0,44.99,0.0,0.0,0.0,120.0,45.0,0.0,0.88,0.0,0.0,0.0,21.79,0.0,72.75,91.76,100.0,39.74
2018-01-06 23:48:00,2,1,59.76,85.0,55.0,40.78,45.0,59.76,0.8,0.0,5.63,45.0,44.99,0.0,0.0,0.0,120.0,45.0,0.0,0.88,0.0,0.0,0.0,21.8,0.0,72.73,91.72,100.0,39.74
2018-01-06 23:49:00,2,1,59.75,85.0,55.0,40.78,45.0,59.75,0.8,0.0,5.63,45.0,44.99,0.0,0.0,0.0,120.0,45.0,0.0,0.88,0.0,0.0,0.0,21.8,0.0,72.71,91.68,100.0,39.75
2018-01-06 23:50:00,2,1,59.75,85.0,55.0,40.78,45.0,59.75,0.8,0.0,5.63,45.0,44.99,0.0,0.0,0.0,120.0,45.0,0.0,0.88,0.0,0.0,0.0,21.81,0.0,72.69,91.64,100.0,39.75
2018-01-06 23:51:00,2,1,59.74,85.0,55.0,40.78,45.0,59.74,0.8,0.0,5.63,45.0,44.99,0.0,0.0,0.0,120.0,45.0,0.0,0.88,0.0,0.0,0.0,21.82,0.0,72.67,91.6,100.0,39.76
2018-01-06 23:52:00,2,1,59.74,85.0,55.0,40.78,45.0,59.74,0.8,0.0,5.63,45.0,44.99,0.0,0.0,0.0,120.0,45.0,0.0,0.88,0.0,0.0,0.0,21.83,0.0,72.64,91.55,100.0,39.76
2018-01-06 23:53:00,2,1,59.73,85.0,55.0,40.79,45.0,59.73,0.8,0.0,5.63,45.0,44.99,0.0,0.0,0.0,120.0,45.0,0.0,0.88,0.0,0.0,0.0,21.84,0.0,72.61,91.49,100.0,39.77
2018-01-06 23:54:00,2,1,59.73,85.0,55.0,40.79,45.0,59.73,0.8,0.0,5.63,45.0,44.99,0.0,0.0,0.0,120.0,45.0,0.0,0.88,0.0,0.0,0.0,21.85,0.0,72.58,91.44,100.0,39.77
2018-01-06 23:55:00,2,1,59.72,85.0,55.0,40.79,45.0,59.72,0.8,0.0,5.63,45.0,44.99,0.0,0.0,0.0,120.0,45.0,0.0,0.88,0.0,0.0,0.0,21.86,0.0,72.55,91.38,100.0,39.78
2018-01-06 23:56:00,2,1,59.71,85.0,55.0,40.79,45.0,59.71,0.8,0.0,5.63,45.0,44.99,0.0,0.0,0.0,120.0,45.0,0.0,0.88,0.0,0.0,0.0,21.87,0.0,72.52,91.31,100.0,39.78
2018-01-06 23:57:00,2,1,59.71,85.0,55.0,40.8,45.0,59.71,0.8,0.0,5.63,45.0,44.99,0.0,0.0,0.0,120.0,45.0,0.0,0.88,0.0,0.0,0.0,21.88,0.0,72.48,91.25,100.0,39.79
2018-01-06 23:58:00,2,1,59.7,85.0,55.0,40.8,45.0,59.7,0.8,0.0,5.63,45.0,44.99,0.0,0.0,0.0,120.0,45.0,0.0,0.88,0.0,0.0,0.0,21.89,0.0,72.45,91.18,100.0,39.79
2018-01-06 23:59:00,2,1,59.7,85.0,55.0,40.8,45.0,59.7,0.8,0.0,5.63,45.0,44.99,0.0,0.0,0.0,120.0,45.0,0.0,0.88,0.0,0.0,0.0,21.9,0.0,72.41,91.11,100.0,39.79
2018-01-07 00:00:00,2,1,59.69,85.0,55.0,40.8,45.0,59.69,0.8,0.0,5.63,45.0,44.99,0.0,0.0,0.0,120.0,45.0,0.0,0.88,0.0,0.0,0.0,21.91,0.0,72.37,91.03,100.0,39.8
2018-01-07 00:01:00,2,1,59.69,85.0,55.0,40.81,45.0,59.69,0.8,0.0,5.63,45.0,44.99,0.0,0.0,0.0,120.0,45.0,0.0,0.88,0.0,0.0,0.0,21.93,0.0,72.36,91.02,100.0,39.8
2018-01-07 00:02:00,2,1,59.68,85.0,55.0,40.81,45.0,59.68,0.8,0.0,5.63,45.0,44.99,0.0,0.0,0.0,120.0,45.0,0.0,0.88,0.0,0.0,0.0,21.94,0.0,72.36,91.05,100.0,39.81
2018-01-07 00:03:00,2,1,59.68,85.0,55.0,40.81,45.0,59.68,0.8,0.0,5.63,45.0,44.99,0.0,0.0,0.0,120.0,45.0,0.0,0.88,0.0,0.0,0.0,21.95,0.0,72.36,91.07,100.0,39.81
2018-01-07 00:04:00,2,1,59.67,85.0,55.0,40.81,45.0,59.67,0.8,0.0,5.63,45.0,44.99,0.0,0.0,0.0,120.0,45.0,0.0,0.88,0.0,0.0,0.0,21.96,0.0,72.35,91.1,100.0,39.81
2018-01-07 00:05:00,2,1,59.67,85.0,55.0,40.82,45.0,59.67,0.8,0.0,5.63,45.0,44.99,0.0,0.0,0.0,120.0,45.0,0.0,0.88,0.0,0.0,0.0,21.97,0.0,72.35,91.12,100.0,39.82
2018-01-07 00:06:00,2,1,59.66,85.0,55.0,40.82,45.0,59.66,0.8,0.0,5.63,45.0,44.99,0.0,0.0,0.0,120.0,45.0,0.0,0.88,0.0,0.0,0.0,21.98,0.0,72.35,91.14,100.0,39.82
2018-01-07 00:07:00,2,1,59.66,85.0,55.0,40.82,45.0,59.66,0.8,0.0,5.63,45.0,44.99,0.0,0.0,0.0,120.0,45.0,0.0,0.88,0.0,0.0,0.0,21.99,0.0,72.34,91.15,100.0,39.83
2018-01-07 00:08:00,2,1,59.65,85.0,55.0,40.83,45.0,59.65,0.8,0.0,5.63,45.0,44.99,0.0,0.0,0.0,120.0,45.0,0.0,0.88,0.0,0.0,0.0,22.0,0.0,72.33,91.17,100.0,39.83
2018-01-07 00:09:00,2,1,59.65,85.0,55.0,40.83,45.0,59.65,0.8,0.0,5.63,45.0,44.99,0.0,0.0,0.0,120.0,45.0,0.0,0.88,0.0,0.0,0.0,22.01,0.0,72.32,91.18,100.0,39.84
2018-01-07 00:10:00,2,1,59.64,85.0,55.0,40.83,45.0,59.64,0.8,0.0,5.63,45.0,44.99,0.0,0.0,0.0,120.0,45.0,0.0,0.88,0.0,0.0,0.0,22.02,0.0,72.31,91.18,100.0,39.84
2018-01-07 00:11:00,2,1,59.64,85.0,55.0,40.84,45.0,59.64,0.8,0.0,5.63,45.0,44.99,0.0,0.0,0.0,120.0,45.0,0.0,0.88,0.0,0.0,0.0,22.04,0.0,72.3,91.19,100.0,39.84
2018-01-07 00:12:00,2,1,59.63,85.0,55.0,40.84,45.0,59.63,0.8,0.0,5.63,45.0,44.99,0.0,0.0,0.0,120.0,45.0,0.0,0.88,0.0,0.0,0.0,22.05,0.0,72.29,91.19,100.0,39.85
2018-01-07 00:13:00,2,1,59.63,85.0,55.0,40.84,45.0,59.63,0.8,0.0,5.63,45.0,44.99,0.0,0.0,0.0,120.0,45.0,0.0,0.88,0.0,0.0,0.0,22.06,0.0,72.27,91.18,100.0,39.85
2018-01-07 00:14:00,2,1,59.62,85.0,55.0,40.85,45.0,59.62,0.8,0.0,5.63,45.0,44.99,0.0,0.0,0.0,120.0,45.0,0.0,0.88,0.0,0.0,0.0,22.08,0.0,72.26,91.18,100.0,39.86
2018-01-07 00:15:00,2,1,59.62,85.0,55.0,40.85,45.0,59.62,0.8,0.0,5.63,45.0,44.99,0.0,0.0,0.0,120.0,45.0,0.0,0.88,0.0,0.0,0.0,22.09,0.0,72.24,91.17,100.0,39.86
2018-01-07 00:16:00,2,1,59.61,85.0,55.0,40.86,45.0,59.61,0.8,0.0,5.63,45.0,44.99,0.0,0.0,0.0,120.0,45.0,0.0,0.88,0.0,0.0,0.0,22.1,0.0,72.22,91.15,100.0,39.86
2018-01-07 00:17:00,2,1,59.61,85.0,55.0,40.86,45.0,59.61,0.8,0.0,5.63,45.0,44.99,0.0,0.0,0.0,120.0,45.0,0.0,0.88,0.0,0.0,0.0,22.12,0.0,72.2,91.14,100.0,39.87
2018-01-07 00:18:00,2,1,59.6,85.0,55.0,40.87,45.0,59.6,0.8,0.0,5.63,45.0,44.99,0.0,0.0,0.0,120.0,45.0,0.0,0.88,0.0,0.0,0.0,22.13,0.0,72.18,91.12,100.0,39.87
2018-01-07 00:19:00,2,1,59.6,85.0,55.0,40.87,45.0,59.6,0.8,0.0,5.63,45.0,44.99,0.0,0.0,0.0,120.0,45.0,0.0,0.88,0.0,0.0,0.0,22.15,0.0,72.15,91.09,100.0,39.88
2018-01-07 00:20:00,2,1,59.59,85.0,55.0,40.88,45.0,59.59,0.8,0.0,5.63,45.0,44.99,0.0,0.0,0.0,120.0,45.0,0.0,0.88,0.0,0.0,0.0,22.16,0.0,72.13,91.07,100.0,39.88
2018-01-07 00:21:00,2,1,59.59,85.0,55.0,40.88,45.0,59.59,0.8,0.0,5.63,45.0,44.99,0.0,0.0,0.0,120.0,45.0,0.0,0.88,0.0,0.0,0.0,22.18,0.0,72.1,91.03,100.0,39.88
2018-01-07 00:22:00,2,1,59.58,85.0,55.0,40.89,45.0,59.58,0.8,0.0,5.63,45.0,44.99,0.0,0.0,0.0,120.0,45.0,0.0,0.88,0.0,0.0,0.0,22.19,0.0,72.07,91.0,100.0,39.89
2018-01-07 00:23:00,2,1,59.58,85.0,55.0,40.89,45.0,59.58,0.8,0.0,5.63,45.0,44.99,0.0,0.0,0.0,120.0,45.0,0.0,0.88,0.0,0.0,0.0,22.21,0.0,72.04,90.96,100.0,39.89
2018-01-07 00:24:00,2,1,59.57,85.0,55.0,40.9,45.0,59.57,0.8,0.0,5.63,45.0,44.99,0.0,0.0,0.0,120.0,45.0,0.0,0.88,0.0,0.0,0.0,22.22,0.0,72.0,90.92,100.0,39.9
2018-01-07 00:25:00,2,1,59.57,85.0,55.0,40.9,45.0,59.57,0.8,0.0,5.63,45.0,44.99,0.0,0.0,0.0,120.0,45.0,0.0,0.88,0.0,0.0,0.0,22.24,0.0,71.97,90.87,100.0,39.9
2018-01-07 00:26:00,2,1,59.56,85.0,55.0,40.91,45.0,59.56,0.8,0.0,5.63,45.0,44.99,0.0,0.0,0.0,120.0,45.0,0.0,0.88,0.0,0.0,0.0,22.26,0.0,71.93,90.82,100.0,39.9
2018-01-07 00:27:00,2,1,59.56,85.0,55.0,40.92,45.0,59.56,0.8,0.0,5.63,45.0,44.99,0.0,0.0,0.0,120.0,45.0,0.0,0.88,0.0,0.0,0.0,22.28,0.0,71.89,90.76,100.0,39.91
2018-01-07 00:28:00,2,1,59.55,85.0,55.0,40.92,45.0,59.55,0.8,0.0,5.63,45.0,44.99,0.0,0.0,0.0,120.0,45.0,0.0,0.88,0.0,0.0,0.0,22.29,0.0,71.85,90.7,100.0,39.91
2018-01-07 00:29:00,2,1,59.55,85.0,55.0,40.93,45.0,59.55,0.8,0.0,5.63,45.0,44.99,0.0,0.0,0.0,120.0,45.0,0.0,0.88,0.0,0.0,0.0,22.31,0.0,71.81,90.64,100.0,39.91
2018-01-07 00:30:00,2,1,59.54,85.0,55.0,40.93,45.0,59.54,0.8,0.0,5.63,45.0,44.99,0.0,0.0,0.0,120.0,45.0,0.0,0.88,0.0,0.0,0.0,22.33,0.0,71.77,90.57,100.0,39.92
2018-01-07 00:31:00,2,1,59.54,85.0,55.0,40.94,45.0,59.54,0.8,0.0,5.63,45.0,44.99,0.0,0.0,0.0,120.0,45.0,0.0,0.88,0.0,0.0,0.0,22.35,0.0,71.72,90.49,100.0,39.92
2018-01-07 00:32:00,2,1,59.53,85.0,55.0,40.95,45.0,59.53,0.8,0.0,5.63,45.0,44.99,0.0,0.0,0.0,120.0,45.0,0.0,0.88,0.0,0.0,0.0,22.36,0.0,71.67,90.41,100.0,39.92
2018-01-07 00:33:00,2,1,59.53,85.0,55.0,40.96,45.0,59.53,0.8,0.0,5.63,45.0,44.99,0.0,0.0,0.0,120.0,45.0,0.0,0.88,0.0,0.0,0.0,22.38,0.0,71.62,90.33,100.0,39.93
2018-01-07 00:34:00,2,1,59.52,85.0,55.0,40.96,45.0,59.52,0.8,0.0,5.63,45.0,44.99,0.0,0.0,0.0,120.0,45.0,0.0,0.88,0.0,0.0,0.0,22.4,0.0,71.57,90.24,100.0,39.93
2018-01-07 00:35:00,2,1,59.52,85.0,55.0,40.97,45.0,59.52,0.8,0.0,5.63,45.0,44.99,0.0,0.0,0.0,120.0,45.0,0.0,0.88,0.0,0.0,0.0,22.42,0.0,71.52,90.15,100.0,39.93
2018-01-07 00:36:00,2,1,59.51,85.0,55.0,40.98,45.0,59.51,0.8,0.0,5.63,45.0,44.99,0.0,0.0,0.0,120.0,45.0,0.0,0.88,0.0,0.0,0.0,22.44,0.0,71.46,90.05,100.0,39.94
2018-01-07 00:37:00,2,1,59.51,85.0,55.0,40.98,45.0,59.51,0.8,0.0,5.63,45.0,44.99,0.0,0.0,0.0,120.0,45.0,0.0,0.88,0.0,0.0,0.0,22.46,0.0,71.41,89.95,100.0,39.94
2018-01-07 00:38:00,2,1,59.5,85.0,55.0,40.99,45.0,59.5,0.8,0.0,5.63,45.0,44.99,0.0,0.0,0.0,120.0,45.0,0.0,0.88,0.0,0.0,0.0,22.48,0.0,71.35,89.85,100.0,39.94
2018-01-07 00:39:00,2,1,59.5,85.0,55.0,41.0,45.0,59.5,0.8,0.0,5.63,45.0,44.99,0.0,0.0,0.0,120.0,45.0,0.0,0.88,0.0,0.0,0.0,22.5,0.0,71.28,89.73,100.0,39.95
2018-01-07 00:40:00,2,1,59.49,85.0,55.0,41.01,45.0,59.49,0.8,0.0,5.63,45.0,44.99,0.0,0.0,0.0,120.0,45.0,0.0,0.88,0.0,0.0,0.0,22.52,0.0,71.21,89.62,100.0,39.95
2018-01-07 00:41:00,2,1,59.49,85.0,55.0,41.02,45.0,59.49,0.8,0.0,5.63,45.0,44.99,0.0,0.0,0.0,120.0,45.0,0.0,0.88,0.0,0.0,0.0,22.54,0.0,71.14,89.49,100.0,39.95
2018-01-07 00:42:00,2,1,59.48,85.0,55.0,41.02,45.0,59.48,0.8,0.0,5.63,45.0,44.99,0.0,0.0,0.0,120.0,45.0,0.0,0.88,0.0,0.0,0.0,22.56,0.0,71.06,89.37,100.0,39.96
2018-01-07 00:43:00,2,1,59.48,85.0,55.0,41.03,45.0,59.48,0.8,0.0,5.63,45.0,44.99,0.0,0.0,0.0,120.0,45.0,0.0,0.88,0.0,0.0,0.0,22.58,0.0,70.99,89.23,100.0,39.96
2018-01-07 00:44:00,2,1,59.48,85.0,55.0,41.04,45.0,59.48,0.8,0.0,5.63,45.0,44.99,0.0,0.0,0.0,120.0,45.0,0.0,0.88,0.0,0.0,0.0,22.61,0.0,70.91,89.1,100.0,39.96
2018-01-07 00:45:00,2,1,59.47,85.0,55.0,41.05,45.0,59.47,0.8,0.0,5.63,45.0,44.99,0.0,0.0,0.0,120.0,45.0,0.0,0.88,0.0,0.0,0.0,22.63,0.0,70.82,88.95,100.0,39.97
2018-01-07 00:46:00,2,1,59.47,85.0,55.0,41.06,45.0,59.47,0.8,0.0,5.63,45.0,44.99,0.0,0.0,0.0,120.0,45.0,0.0,0.88,0.0,0.0,0.0,22.65,0.0,70.74,88.8,100.0,39.97
2018-01-07 00:47:00,2,1,59.46,85.0,55.0,41.07,45.0,59.46,0.8,0.0,5.63,45.0,44.99,0.0,0.0,0.0,120.0,45.0,0.0,0.88,0.0,0.0,0.0,22.67,0.0,70.65,88.65,100.0,39.97
2018-01-07 00:48:00,2,1,59.46,85.0,55.0,41.08,45.0,59.46,0.8,0.0,5.63,45.0,44.99,0.0,0.0,0.0,120.0,45.0,0.0,0.88,0.0,0.0,0.0,22.7,0.0,70.56,88.49,100.0,39.97
2018-01-07 00:49:00,2,1,59.45,85.0,55.0,41.09,45.0,59.45,0.8,0.0,5.63,45.0,44.99,0.0,0.0,0.0,120.0,45.0,0.0,0.88,0.0,0.0,0.0,22.72,0.0,70.47,88.32,100.0,39.98
2018-01-07 00:50:00,2,1,59.45,85.0,55.0,41.1,45.0,59.45,0.8,0.0,5.63,45.0,44.99,0.0,0.0,0.0,120.0,45.0,0.0,0.88,0.0,0.0,0.0,22.74,0.0,70.38,88.15,100.0,39.98
2018-01-07 00:51:00,2,1,59.44,85.0,55.0,41.1,45.0,59.44,0.8,0.0,5.63,45.0,44.99,0.0,0.0,0.0,120.0,45.0,0.0,0.88,0.0,0.0,0.0,22.77,0.0,70.28,87.97,100.0,39.98
2018-01-07 00:52:00,2,1,59.44,85.0,55.0,41.11,45.0,59.44,0.8,0.0,5.63,45.0,44.99,0.0,0.0,0.0,120.0,45.0,0.0,0.88,0.0,0.0,0.0,22.79,0.0,70.18,87.79,100.0,39.98
2018-01-07 00:53:00,2,1,59.44,85.0,55.0,41.12,45.0,59.44,0.8,0.0,5.63,45.0,44.99,0.0,0.0,0.0,120.0,45.0,0.0,0.88,0.0,0.0,0.0,22.81,0.0,70.08,87.6,100.0,39.99
2018-01-07 00:54:00,2,1,59.43,85.0,55.0,41.13,45.0,59.43,0.8,0.0,5.63,45.0,44.99,0.0,0.0,0.0,120.0,45.0,0.0,0.88,0.0,0.0,0.0,22.84,0.0,69.97,87.4,100.0,39.99
2018-01-07 00:55:00,2,1,59.43,85.0,55.0,41.14,45.0,59.43,0.8,0.0,5.63,45.0,44.99,0.0,0.0,0.0,120.0,45.0,0.0,0.88,0.0,0.0,0.0,22.86,0.0,69.87,87.2,100.0,39.99
2018-01-07 00:56:00,2,1,59.42,85.0,55.0,41.15,45.0,59.42,0.8,0.0,5.63,45.0,44.99,0.0,0.0,0.0,120.0,45.0,0.0,0.88,0.0,0.0,0.0,22.89,0.0,69.76,86.99,100.0,39.99
2018-01-07 00:57:00,2,1,59.42,85.0,55.0,41.16,45.0,59.42,0.8,0.0,5.63,45.0,44.99,0.0,0.0,0.0,120.0,45.0,0.0,0.88,0.0,0.0,0.0,22.91,0.0,69.65,86.78,100.0,39.99
2018-01-07 00:58:00,2,1,59.41,85.0,55.0,41.18,45.0,59.41,0.8,0.0,5.63,45.0,44.99,0.0,0.0,0.0,120.0,45.0,0.0,0.88,0.0,0.0,0.0,22.94,0.0,69.53,86.56,100.0,40.0
2018-01-07 00:59:00,2,1,59.41,85.0,55.0,41.19,45.0,59.41,0.8,0.0,5.63,45.0,44.99,0.0,0.0,0.0,120.0,45.0,0.0,0.88,0.0,0.0,0.0,22.96,0.0,69.42,86.33,100.0,40.0
2018-01-07 01:00:00,2,1,59.41,85.0,55.0,41.2,45.0,59.41,0.8,0.0,5.63,45.0,44.99,0.0,0.0,0.0,120.0,45.0,0.0,0.88,0.0,0.0,0.0,22.99,0.0,69.3,86.1,100.0,40.0
2018-01-07 01:01:00,2,1,59.4,85.0,55.0,41.21,45.0,59.4,0.8,0.0,5.63,45.0,44.99,0.0,0.0,0.0,120.0,45.0,0.0,0.88,0.0,0.0,0.0,23.02,0.0,69.13,100.0,100.0,40.0
2018-01-07 01:02:00,2,1,59.4,85.0,55.0,41.22,45.0,59.4,0.8,0.0,5.63,45.0,44.99,0.0,0.0,0.0,120.0,45.0,0.0,0.88,0.0,0.0,0.0,23.05,0.0,68.94,100.0,100.0,40.0
2018-01-07 01:03:00,2,1,59.39,85.0,55.0,41.24,45.0,59.39,0.8,0.0,5.63,45.0,44.99,0.0,0.0,0.0,120.0,45.0,0.0,0.88,0.0,0.0,0.0,23.08,0.0,68.74,100.0,100.0,40.01
2018-01-07 01:04:00,2,1,59.39,85.0,55.0,41.25,45.0,59.39,0.8,0.0,5.63,45.0,44.99,0.0,0.0,0.0,120.0,45.0,0.0,0.88,0.0,0.0,0.0,23.11,0.0,68.54,100.0,100.0,40.01
2018-01-07 01:05:00,2,1,59.39,85.0,55.0,41.26,45.0,59.39,0.8,0.0,5.63,45.0,44.99,0.0,0.0,0.0,120.0,45.0,0.0,0.88,0.0,0.0,0.0,23.14,0.0,68.33,100.0,100.0,40.01
2018-01-07 01:06:00,2,1,59.38,85.0,55.0,41.28,45.0,59.38,0.8,0.0,5.63,45.0,44.99,0.0,0.0,0.0,120.0,45.0,0.0,0.88,0.0,0.0,0.0,23.17,0.0,68.13,100.0,100.0,40.01
2018-01-07 01:07:00,2,1,59.38,85.0,55.0,41.29,45.0,59.38,0.8,0.0,5.63,45.0,44.99,0.0,0.0,0.0,120.0,45.0,0.0,0.88,0.0,0.0,0.0,23.2,0.0,67.92,100.0,100.0,40.01
2018-01-07 01:08:00,2,1,59.37,85.0,55.0,41.3,45.0,59.37,0.8,0.0,5.63,45.0,44.99,0.0,0.0,0.0,120.0,45.0,0.0,0.88,0.0,0.0,0.0,23.24,0.0,67.71,100.0,100.0,40.01
2018-01-07 01:09:00,2,1,59.37,85.0,55.0,41.32,45.0,59.37,0.8,0.0,5.63,45.0,44.99,0.0,0.0,0.0,120.0,45.0,0.0,0.88,0.0,0.0,0.0,23.27,0.0,67.5,100.0,100.0,40.01
2018-01-07 01:10:00,2,1,59.37,85.0,55.0,41.33,45.0,59.37,0.8,0.0,5.63,45.0,44.99,0.0,0.0,0.0,120.0,45.0,0.0,0.88,0.0,0.0,0.0,23.3,0.0,67.28,100.0,100.0,40.01
2018-01-07 01:11:00,2,1,59.36,85.0,55.0,41.35,45.0,59.36,0.8,0.0,5.63,45.0,44.99,0.0,0.0,0.0,120.0,45.0,0.0,0.88,0.0,0.0,0.0,23.33,0.0,67.07,100.0,100.0,40.01
2018-01-07 01:12:00,2,1,59.36,85.0,55.0,41.36,45.0,59.36,0.8,0.0,5.63,45.0,44.99,0.0,0.0,0.0,120.0,45.0,0.0,0.88,0.0,0.0,0.0,23.37,0.0,66.85,100.0,100.0,40.01
2018-01-07 01:13:00,2,1,59.35,85.0,55.0,41.38,45.0,59.35,0.8,0.0,5.63,45.0,44.99,0.0,0.0,0.0,120.0,45.0,0.0,0.88,0.0,0.0,0.0,23.4,0.0,66.63,100.0,100.0,40.01
2018-01-07 01:14:00,2,1,59.35,85.0,55.0,41.39,45.0,59.35,0.8,0.0,5.63,45.0,44.99,0.0,0.0,0.0,120.0,45.0,0.0,0.88,0.0,0.0,0.0,23.43,0.0,66.41,100.0,100.0,40.01
2018-01-07 01:15:00,2,1,59.35,85.0,55.0,41.41,45.0,59.35,0.8,0.0,5.63,45.0,44.99,0.0,0.0,0.0,120.0,45.0,0.0,0.88,0.0,0.0,0.0,23.47,0.0,66.19,100.0,100.0,40.01
2018-01-07 01:16:00,2,1,59.34,85.0,55.0,41.42,45.0,59.34,0.8,0.0,5.63,45.0,44.99,0.0,0.0,0.0,120.0,45.0,0.0,0.88,0.0,0.0,0.0,23.5,0.0,65.97,100.0,100.0,40.01
2018-01-07 01:17:00,2,1,59.34,85.0,55.0,41.44,45.0,59.34,0.8,0.0,5.63,45.0,44.99,0.0,0.0,0.0,120.0,45.0,0.0,0.88,0.0,0.0,0.0,23.53,0.0,65.75,100.0,100.0,40.01
2018-01-07 01:18:00,2,1,59.34,85.0,55.0,41.45,45.0,59.34,0.8,0.0,5.63,45.0,44.99,0.0,0.0,0.0,120.0,45.0,0.0,0.88,0.0,0.0,0.0,23.57,0.0,65.53,100.0,100.0,40.01
2018-01-07 01:19:00,2,1,59.33,85.0,55.0,41.47,45.0,59.33,0.8,0.0,5.63,45.0,44.99,0.0,0.0,0.0,120.0,45.0,0.0,0.88,0.0,0.0,0.0,23.6,0.0,65.3,100.0,100.0,40.01
2018-01-07 01:20:00,2,1,59.33,85.0,55.0,41.48,45.0,59.33,0.8,0.0,5.63,45.0,44.99,0.0,0.0,0.0,120.0,45.0,0.0,0.88,0.0,0.0,0.0,23.63,0.0,65.08,100.0,100.0,40.01
2018-01-07 01:21:00,2,1,59.32,85.0,55.0,41.5,45.0,59.32,0.8,0.0,5.63,45.0,44.99,0.0,0.0,0.0,120.0,45.0,0.0,0.88,0.0,0.0,0.0,23.67,0.0,64.85,100.0,100.0,40.01
2018-01-07 01:22:00,2,1,59.32,85.0,55.0,41.51,45.0,59.32,0.8,0.0,5.63,45.0,44.99,0.0,0.0,0.0,120.0,45.0,0.0,0.88,0.0,0.0,0.0,23.7,0.0,64.63,100.0,100.0,40.01
2018-01-07 01:23:00,2,1,59.32,85.0,55.0,41.53,45.0,59.32,0.8,0.0,5.63,45.0,44.99,0.0,0.0,0.0,120.0,45.0,0.0,0.88,0.0,0.0,0.0,23.74,0.0,64.4,100.0,100.0,40.01
2018-01-07 01:24:00,2,1,59.31,85.0,55.0,41.54,45.0,59.31,0.8,0.0,5.63,45.0,44.99,0.0,0.0,0.0,120.0,45.0,0.0,0.88,0.0,0.0,0.0,23.77,0.0,64.18,100.0,100.0,40.01
2018-01-07 01:25:00,2,1,59.31,85.0,55.0,41.56,45.0,59.31,0.8,0.0,5.63,45.0,44.99,0.0,0.0,0.0,120.0,45.0,0.0,0.88,0.0,0.0,0.0,23.8,0.0,63.95,100.0,100.0,40.0
2018-01-07 01:26:00,2,1,59.31,85.0,55.0,41.57,45.0,59.31,0.8,0.0,5.63,45.0,44.99,0.0,0.0,0.0,120.0,45.0,0.0,0.88,0.0,0.0,0.0,23.84,0.0,63.72,100.0,100.0,40.0
2018-01-07 01:27:00,2,1,59.3,85.0,55.0,41.59,45.0,59.3,0.8,0.0,5.63,45.0,44.99,0.0,0.0,0.0,120.0,45.0,0.0,0.88,0.0,0.0,0.0,23.87,0.0,63.5,100.0,100.0,40.0
2018-01-07 01:28:00,2,1,59.3,85.0,55.0,41.6,45.0,59.3,0.8,0.0,5.63,45.0,44.99,0.0,0.0,0.0,120.0,45.0,0.0,0.88,0.0,0.0,0.0,23.91,0.0,63.27,100.0,100.0,40.0
2018-01-07 01:29:00,2,1,59.3,85.0,55.0,41.62,45.0,59.3,0.8,0.0,5.63,45.0,44.99,0.0,0.0,0.0,120.0,45.0,0.0,0.88,0.0,0.0,0.0,23.94,0.0,63.05,100.0,100.0,40.0
2018-01-07 01:30:00,2,1,59.29,85.0,55.0,41.63,45.0,59.29,0.8,0.0,5.63,45.0,44.99,0.0,0.0,0.0,120.0,45.0,0.0,0.88,0.0,0.0,0.0,23.97,0.0,62.82,100.0,100.0,40.0
2018-01-07 01:31:00,2,1,59.29,85.0,55.0,41.65,45.0,59.29,0.8,0.0,5.63,45.0,44.99,0.0,0.0,0.0,120.0,45.0,0.0,0.88,0.0,0.0,0.0,24.01,0.0,62.6,100.0,100.0,39.99
2018-01-07 01:32:00,2,1,59.29,85.0,55.0,41.66,45.0,59.29,0.8,0.0,5.63,45.0,44.99,0.0,0.0,0.0,120.0,45.0,0.0,0.88,0.0,0.0,0.0,24.04,0.0,62.37,100.0,100.0,39.99
2018-01-07 01:33:00,2,1,59.28,85.0,55.0,41.68,45.0,59.28,0.8,0.0,5.63,45.0,44.99,0.0,0.0,0.0,120.0,45.0,0.0,0.88,0.0,0.0,0.0,24.08,0.0,62.15,100.0,100.0,39.99
2018-01-07 01:34:00,2,1,59.28,85.0,55.0,41.7,45.0,59.28,0.8,0.0,5.63,45.0,44.99,0.0,0.0,0.0,120.0,45.0,0.0,0.88,0.0,0.0,0.0,24.11,0.0,61.93,100.0,100.0,39.99
2018-01-07 01:35:00,2,1,59.28,85.0,55.0,41.71,45.0,59.28,0.8,0.0,5.63,45.0,44.99,0.0,0.0,0.0,120.0,45.0,0.0,0.88,0.0,0.0,0.0,24.15,0.0,61.7,100.0,100.0,39.98
2018-01-07 01:36:00,2,1,59.27,85.0,55.0,41.73,45.0,59.27,0.8,0.0,5.63,45.0,44.99,0.0,0.0,0.0,120.0,45.0,0.0,0.88,0.0,0.0,0.0,24.18,0.0,61.48,100.0,100.0,39.98
2018-01-07 01:37:00,2,1,59.27,85.0,55.0,41.74,45.0,59.27,0.8,0.0,5.63,45.0,44.99,0.0,0.0,0.0,120.0,45.0,0.0,0.88,0.0,0.0,0.0,24.21,0.0,61.26,100.0,100.0,39.98
2018-01-07 01:38:00,2,1,59.27,85.0,55.0,41.76,45.0,59.27,0.8,0.0,5.63,45.0,44.99,0.0,0.0,0.0,120.0,45.0,0.0,0.88,0.0,0.0,0.0,24.25,0.0,61.04,100.0,100.0,39.98
2018-01-07 01:39:00,2,1,59.26,85.0,55.0,41.77,45.0,59.26,0.8,0.0,5.63,45.0,44.99,0.0,0.0,0.0,120.0,45.0,0.0,0.88,0.0,0.0,0.0,24.28,0.0,60.83,100.0,100.0,39.97
2018-01-07 01:40:00,2,1,59.26,85.0,55.0,41.79,45.0,59.26,0.8,0.0,5.63,45.0,44.99,0.0,0.0,0.0,120.0,45.0,0.0,0.88,0.0,0.0,0.0,24.32,0.0,60.61,100.0,100.0,39.97
2018-01-07 01:41:00,2,1,59.26,85.0,55.0,41.8,45.0,59.26,0.8,0.0,5.63,45.0,44.99,0.0,0.0,0.0,120.0,45.0,0.0,0.88,0.0,0.0,0.0,24.35,0.0,60.39,100.0,100.0,39.97
2018-01-07 01:42:00,2,1,59.25,85.0,55.0,41.82,45.0,59.25,0.8,0.0,5.63,45.0,44.99,0.0,0.0,0.0,120.0,45.0,0.0,0.88,0.0,0.0,0.0,24.38,0.0,60.18,100.0,100.0,39.96
2018-01-07 01:43:00,2,1,59.25,85.0,55.0,41.83,45.0,59.25,0.8,0.0,5.63,45.0,44.99,0.0,0.0,0.0,120.0,45.0,0.0,0.88,0.0,0.0,0.0,24.42,0.0,59.97,100.0,100.0,39.96
2018-01-07 01:44:00,2,1,59.25,85.0,55.0,41.85,45.0,59.25,0.8,0.0,5.63,45.0,44.99,0.0,0.0,0.0,120.0,45.0,0.0,0.88,0.0,0.0,0.0,24.45,0.0,59.76,100.0,100.0,39.96
2018-01-07 01:45:00,2,1,59.24,85.0,55.0,41.86,45.0,59.24,0.8,0.0,5.63,45.0,44.99,0.0,0.0,0.0,120.0,45.0,0.0,0.88,0.0,0.0,0.0,24.48,0.0,59.55,99.52,100.0,39.95
2018-01-07 01:46:00,2,1,59.24,85.0,55.0,41.88,45.0,59.24,0.8,0.0,5.63,45.0,44.99,0.0,0.0,0.0,120.0,45.0,0.0,0.88,0.0,0.0,0.0,24.52,0.0,59.34,98.54,100.0,39.95
2018-01-07 01:47:00,2,1,59.24,85.0,55.0,41.89,45.0,59.24,0.8,0.0,5.63,45.0,44.99,0.0,0.0,0.0,120.0,45.0,0.0,0.88,0.0,0.0,0.0,24.55,0.0,59.14,97.57,100.0,39.95
2018-01-07 01:48:00,2,1,59.23,85.0,55.0,41.91,45.0,59.23,0.8,0.0,5.63,45.0,44.99,0.0,0.0,0.0,120.0,45.0,0.0,0.88,0.0,0.0,0.0,24.58,0.0,58.94,96.62,100.0,39.94
2018-01-07 01:49:00,2,1,59.23,85.0,55.0,41.92,45.0,59.23,0.8,0.0,5.63,45.0,44.99,0.0,0.0,0.0,120.0,45.0,0.0,0.88,0.0,0.0,0.0,24.62,0.0,58.74,95.68,100.0,39.94
2018-01-07 01:50:00,2,1,59.23,85.0,55.0,41.94,45.0,59.23,0.8,0.0,5.63,45.0,44.99,0.0,0.0,0.0,120.0,45.0,0.0,0.88,0.0,0.0,0.0,24.65,0.0,58.54,94.76,100.0,39.93
2018-01-07 01:51:00,2,1,59.22,85.0,55.0,41.95,45.0,59.22,0.8,0.0,5.63,45.0,44.99,0.0,0.0,0.0,120.0,45.0,0.0,0.88,0.0,0.0,0.0,24.68,0.0,58.34,93.85,100.0,39.93
2018-01-07 01:52:00,2,1,59.22,85.0,55.0,41.97,45.0,59.22,0.8,0.0,5.63,45.0,44.99,0.0,0.0,0.0,120.0,45.0,0.0,0.88,0.0,0.0,0.0,24.71,0.0,58.15,92.95,100.0,39.93
2018-01-07 01:53:00,2,1,59.22,85.0,55.0,41.98,45.0,59.22,0.8,0.0,5.63,45.0,44.99,0.0,0.0,0.0,120.0,45.0,0.0,0.88,0.0,0.0,0.0,24.75,0.0,57.96,92.07,100.0,39.92
2018-01-07 01:54:00,2,1,59.21,85.0,55.0,42.0,45.0,59.21,0.8,0.0,5.63,45.0,44.99,0.0,0.0,0.0,120.0,45.0,0.0,0.88,0.0,0.0,0.0,24.78,0.0,57.77,91.2,100.0,39.92
2018-01-07 01:55:00,2,1,59.21,85.0,55.0,42.01,45.0,59.21,0.8,0.0,5.63,45.0,44.99,0.0,0.0,0.0,120.0,45.0,0.0,0.88,0.0,0.0,0.0,24.81,0.0,57.58,90.35,100.0,39.91
2018-01-07 01:56:00,2,1,59.21,85.0,55.0,42.02,45.0,59.21,0.8,0.0,5.63,45.0,44.99,0.0,0.0,0.0,120.0,45.0,0.0,0.88,0.0,0.0,0.0,24.84,0.0,57.4,89.52,100.0,39.91
2018-01-07 01:57:00,2,1,59.2,85.0,55.0,42.04,45.0,59.2,0.8,0.0,5.63,45.0,44.99,0.0,0.0,0.0,120.0,45.0,0.0,0.88,0.0,0.0,0.0,24.87,0.0,57.22,88.7,100.0,39.9
2018-01-07 01:58:00,2,1,59.2,85.0,55.0,42.05,45.0,59.2,0.8,0.0,5.63,45.0,44.99,0.0,0.0,0.0,120.0,45.0,0.0,0.88,0.0,0.0,0.0,24.9,0.0,57.04,87.9,100.0,39.9
2018-01-07 01:59:00,2,1,59.2,85.0,55.0,42.07,45.0,59.2,0.8,0.0,5.63,45.0,44.99,0.0,0.0,0.0,120.0,45.0,0.0,0.88,0.0,0.0,0.0,24.94,0.0,56.87,87.11,100.0,39.89
2018-01-07 02:00:00,2,1,59.19,85.0,55.0,42.08,45.0,59.19,0.8,0.0,5.63,45.0,44.99,0.0,0.0,0.0,120.0,45.0,0.0,0.88,0.0,0.0,0.0,24.97,0.0,56.7,86.35,100.0,39.89
2018-01-07 02:01:00,2,1,59.19,85.0,55.0,42.09,45.0,59.19,0.8,0.0,5.63,45.0,44.99,0.0,0.0,0.0,120.0,45.0,0.0,0.88,0.0,0.0,0.0,24.99,0.0,56.58,85.83,100.0,39.88
2018-01-07 02:02:00,2,1,59.19,85.0,55.0,42.1,45.0,59.19,0.8,0.0,5.63,45.0,44.99,0.0,0.0,0.0,120.0,45.0,0.0,0.88,0.0,0.0,0.0,25.02,0.0,56.49,85.46,100.0,39.88
2018-01-07 02:03:00,2,1,59.18,85.0,55.0,42.11,45.0,59.18,0.8,0.0,5.63,45.0,44.99,0.0,0.0,0.0,120.0,45.0,0.0,0.88,0.0,0.0,0.0,25.05,0.0,56.42,85.12,100.0,39.87
2018-01-07 02:04:00,2,1,59.18,85.0,55.0,42.13,45.0,59.18,0.8,0.0,5.63,45.0,44.99,0.0,0.0,0.0,120.0,45.0,0.0,0.88,0.0,0.0,0.0,25.07,0.0,56.34,84.79,100.0,39.87
2018-01-07 02:05:00,2,1,59.18,85.0,55.0,42.14,45.0,59.18,0.8,0.0,5.63,45.0,44.99,0.0,0.0,0.0,120.0,45.0,0.0,0.88,0.0,0.0,0.0,25.1,0.0,56.27,84.49,100.0,39.87
2018-01-07 02:06:00,2,1,59.17,85.0,55.0,42.15,45.0,59.17,0.8,0.0,5.63,45.0,44.99,0.0,0.0,0.0,120.0,45.0,0.0,0.88,0.0,0.0,0.0,25.12,0.0,56.2,84.2,100.0,39.86
2018-01-07 02:07:00,2,1,59.17,85.0,55.0,42.16,45.0,59.17,0.8,0.0,5.63,45.0,44.99,0.0,0.0,0.0,120.0,45.0,0.0,0.88,0.0,0.0,0.0,25.14,0.0,56.14,83.92,100.0,39.86
2018-01-07 02:08:00,2,1,59.17,85.0,55.0,42.17,45.0,59.17,0.8,0.0,5.63,45.0,44.99,0.0,0.0,0.0,120.0,45.0,0.0,0.88,0.0,0.0,0.0,25.17,0.0,56.08,83.65,100.0,39.85
2018-01-07 02:09:00,2,1,59.16,85.0,55.0,42.18,45.0,59.16,0.8,0.0,5.63,45.0,44.99,0.0,0.0,0.0,120.0,45.0,0.0,0.88,0.0,0.0,0.0,25.19,0.0,56.02,83.4,100.0,39.85
2018-01-07 02:10:00,2,1,59.16,85.0,55.0,42.19,45.0,59.16,0.8,0.0,5.63,45.0,44.99,0.0,0.0,0.0,120.0,45.0,0.0,0.88,0.0,0.0,0.0,25.22,0.0,55.96,83.16,100.0,39.84
2018-01-07 02:11:00,2,1,59.16,85.0,55.0,42.2,45.0,59.16,0.8,0.0,5.63,45.0,44.99,0.0,0.0,0.0,120.0,45.0,0.0,0.88,0.0,0.0,0.0,25.24,0.0,55.91,82.93,100.0,39.84
2018-01-07 02:12:00,2,1,59.15,85.0,55.0,42.21,45.0,59.15,0.8,0.0,5.63,45.0,45.0,0.0,0.0,0.0,120.0,45.0,0.0,0.88,0.0,0.0,0.0,25.26,0.0,55.86,82.72,100.0,39.83
2018-01-07 02:13:00,2,1,59.15,85.0,55.0,42.22,45.0,59.15,0.8,0.0,5.63,45.0,45.0,0.0,0.0,0.0,120.0,45.0,0.0,0.88,0.0,0.0,0.0,25.29,0.0,55.81,82.52,100.0,39.83
2018-01-07 02:14:00,2,1,59.15,85.0,55.0,42.23,45.0,59.15,0.8,0.0,5.63,45.0,45.0,0.0,0.0,0.0,120.0,45.0,0.0,0.88,0.0,0.0,0.0,25.31,0.0,55.76,82.33,100.0,39.82
2018-01-07 02:15:00,2,1,59.14,85.0,55.0,42.24,45.0,59.14,0.8,0.0,5.63,45.0,45.0,0.0,0.0,0.0,120.0,45.0,0.0,0.88,0.0,0.0,0.0,25.33,0.0,55.72,82.15,100.0,39.82
2018-01-07 02:16:00,2,1,59.14,85.0,55.0,42.25,45.0,59.14,0.8,0.0,5.63,45.0,45.0,0.0,0.0,0.0,120.0,45.0,0.0,0.88,0.0,0.0,0.0,25.35,0.0,55.68,81.98,100.0,39.81
2018-01-07 02:17:00,2,1,59.14,85.0,55.0,42.26,45.0,59.14,0.8,0.0,5.63,45.0,45.0,0.0,0.0,0.0,120.0,45.0,0.0,0.88,0.0,0.0,0.0,25.38,0.0,55.64,81.82,100.0,39.81
2018-01-07 02:18:00,2,1,59.13,85.0,55.0,42.27,45.0,59.13,0.8,0.0,5.63,45.0,45.0,0.0,0.0,0.0,120.0,45.0,0.0,0.88,0.0,0.0,0.0,25.4,0.0,55.6,81.67,100.0,39.8
2018-01-07 02:19:00,2,1,59.13,85.0,55.0,42.27,45.0,59.13,0.8,0.0,5.63,45.0,45.0,0.0,0.0,0.0,120.0,45.0,0.0,0.88,0.0,0.0,0.0,25.42,0.0,55.57,81.54,100.0,39.8
2018-01-07 02:20:00,2,1,59.13,85.0,55.0,42.28,45.0,59.13,0.8,0.0,5.63,45.0,45.0,0.0,0.0,0.0,120.0,45.0,0.0,0.88,0.0,0.0,0.0,25.44,0.0,55.53,81.41,100.0,39.79
2018-01-07 02:21:00,2,1,59.12,85.0,55.0,42.29,45.0,59.12,0.8,0.0,5.63,45.0,45.0,0.0,0.0,0.0,120.0,45.0,0.0,0.88,0.0,0.0,0.0,25.46,0.0,55.5,81.3,100.0,39.79
2018-01-07 02:22:00,2,1,59.12,85.0,55.0,42.3,45.0,59.12,0.8,0.0,5.63,45.0,45.0,0.0,0.0,0.0,120.0,45.0,0.0,0.88,0.0,0.0,0.0,25.48,0.0,55.48,81.19,100.0,39.79
2018-01-07 02:23:00,2,1,59.12,85.0,55.0,42.31,45.0,59.12,0.8,0.0,5.63,45.0,45.0,0.0,0.0,0.0,120.0,45.0,0.0,0.88,0.0,0.0,0.0,25.5,0.0,55.45,81.09,100.0,39.78
2018-01-07 02:24:00,2,1,59.11,85.0,55.0,42.32,45.0,59.11,0.8,0.0,5.63,45.0,45.0,0.0,0.0,0.0,120.0,45.0,0.0,0.88,0.0,0.0,0.0,25.52,0.0,55.43,81.01,100.0,39.78
2018-01-07 02:25:00,2,1,59.11,85.0,55.0,42.33,45.0,59.11,0.8,0.0,5.63,45.0,45.0,0.0,0.0,0.0,120.0,45.0,0.0,0.88,0.0,0.0,0.0,25.54,0.0,55.4,80.93,100.0,39.77
2018-01-07 02:26:00,2,1,59.11,85.0,55.0,42.33,45.0,59.11,0.8,0.0,5.63,45.0,45.0,0.0,0.0,0.0,120.0,45.0,0.0,0.88,0.0,0.0,0.0,25.56,0.0,55.38,80.86,100.0,39.77
2018-01-07 02:27:00,2,1,59.1,85.0,55.0,42.34,45.0,59.1,0.8,0.0,5.63,45.0,45.0,0.0,0.0,0.0,120.0,45.0,0.0,0.88,0.0,0.0,0.0,25.58,0.0,55.37,80.79,100.0,39.76
2018-01-07 02:28:00,2,1,59.1,85.0,55.0,42.35,45.0,59.1,0.8,0.0,5.63,45.0,45.0,0.0,0.0,0.0,120.0,45.0,0.0,0.88,0.0,0.0,0.0,25.6,0.0,55.35,80.74,100.0,39.76
2018-01-07 02:29:00,2,1,59.1,85.0,55.0,42.36,45.0,59.1,0.8,0.0,5.63,45.0,45.0,0.0,0.0,0.0,120.0,45.0,0.0,0.88,0.0,0.0,0.0,25.62,0.0,55.34,80.69,100.0,39.75
2018-01-07 02:30:00,2,1,59.09,85.0,55.0,42.36,45.0,59.09,0.8,0.0,5.63,45.0,45.0,0.0,0.0,0.0,120.0,45.0,0.0,0.88,0.0,0.0,0.0,25.64,0.0,55.32,80.66,100.0,39.75
2018-01-07 02:31:00,2,1,59.09,85.0,55.0,42.37,45.0,59.09,0.8,0.0,5.63,45.0,45.0,0.0,0.0,0.0,120.0,45.0,0.0,0.88,0.0,0.0,0.0,25.65,0.0,55.31,80.63,100.0,39.75
2018-01-07 02:32:00,2,1,59.08,85.0,55.0,42.38,45.0,59.08,0.8,0.0,5.63,45.0,45.0,0.0,0.0,0.0,120.0,45.0,0.0,0.88,0.0,0.0,0.0,25.67,0.0,55.3,80.6,100.0,39.74
2018-01-07 02:33:00,2,1,59.08,85.0,55.0,42.38,45.0,59.08,0.8,0.0,5.63,45.0,45.0,0.0,0.0,0.0,120.0,45.0,0.0,0.88,0.0,0.0,0.0,25.69,0.0,55.3,80.59,100.0,39.74
2018-01-07 02:34:00,2,1,59.08,85.0,55.0,42.39,45.0,59.08,0.8,0.0,5.63,45.0,45.0,0.0,0.0,0.0,120.0,45.0,0.0,0.88,0.0,0.0,0.0,25.71,0.0,55.29,80.58,100.0,39.73
2018-01-07 02:35:00,2,1,59.07,85.0,55.0,42.4,45.0,59.07,0.8,0.0,5.63,45.0,45.0,0.0,0.0,0.0,120.0,45.0,0.0,0.88,0.0,0.0,0.0,25.72,0.0,55.29,80.57,100.0,39.73
2018-01-07 02:36:00,2,1,59.07,85.0,55.0,42.41,45.0,59.07,0.8,0.0,5.63,45.0,45.0,0.0,0.0,0.0,120.0,45.0,0.0,0.88,0.0,0.0,0.0,25.74,0.0,55.28,80.57,100.0,39.72
2018-01-07 02:37:00,2,1,59.07,85.0,55.0,42.41,45.0,59.07,0.8,0.0,5.63,45.0,45.0,0.0,0.0,0.0,120.0,45.0,0.0,0.88,0.0,0.0,0.0,25.76,0.0,55.28,80.58,100.0,39.72
2018-01-07 02:38:00,2,1,59.06,85.0,55.0,42.42,45.0,59.06,0.8,0.0,5.63,45.0,45.0,0.0,0.0,0.0,120.0,45.0,0.0,0.88,0.0,0.0,0.0,25.77,0.0,55.28,80.6,100.0,39.72
2018-01-07 02:39:00,2,1,59.06,85.0,55.0,42.42,45.0,59.06,0.8,0.0,5.63,45.0,45.0,0.0,0.0,0.0,120.0,45.0,0.0,0.88,0.0,0.0,0.0,25.79,0.0,55.28,80.62,100.0,39.71
2018-01-07 02:40:00,2,1,59.06,85.0,55.0,42.43,45.0,59.06,0.8,0.0,5.63,45.0,45.0,0.0,0.0,0.0,120.0,45.0,0.0,0.88,0.0,0.0,0.0,25.8,0.0,55.28,80.64,100.0,39.71
2018-01-07 02:41:00,2,1,59.05,85.0,55.0,42.44,45.0,59.05,0.8,0.0,5.63,45.0,45.0,0.0,0.0,0.0,120.0,45.0,0.0,0.88,0.0,0.0,0.0,25.82,0.0,55.29,80.67,100.0,39.7
2018-01-07 02:42:00,2,1,59.05,85.0,55.0,42.44,45.0,59.05,0.8,0.0,5.63,45.0,45.0,0.0,0.0,0.0,120.0,45.0,0.0,0.88,0.0,0.0,0.0,25.83,0.0,55.29,80.71,100.0,39.7
2018-01-07 02:43:00,2,1,59.04,85.0,55.0,42.45,45.0,59.04,0.8,0.0,5.63,45.0,45.0,0.0,0.0,0.0,120.0,45.0,0.0,0.88,0.0,0.0,0.0,25.85,0.0,55.3,80.75,100.0,39.7
2018-01-07 02:44:00,2,1,59.04,85.0,55.0,42.45,45.0,59.04,0.8,0.0,5.63,45.0,45.0,0.0,0.0,0.0,120.0,45.0,0.0,0.88,0.0,0.0,0.0,25.86,0.0,55.3,80.79,100.0,39.69
2018-01-07 02:45:00,2,1,59.04,85.0,55.0,42.46,45.0,59.04,0.8,0.0,5.63,45.0,45.0,0.0,0.0,0.0,120.0,45.0,0.0,0.88,0.0,0.0,0.0,25.88,0.0,55.31,80.84,100.0,39.69
2018-01-07 02:46:00,2,1,59.03,85.0,55.0,42.46,45.0,59.03,0.8,0.0,5.63,45.0,45.0,0.0,0.0,0.0,120.0,45.0,0.0,0.88,0.0,0.0,0.0,25.89,0.0,55.32,80.9,100.0,39.68
2018-01-07 02:47:00,2,1,59.03,85.0,55.0,42.47,45.0,59.03,0.8,0.0,5.63,45.0,45.0,0.0,0.0,0.0,120.0,45.0,0.0,0.88,0.0,0.0,0.0,25.91,0.0,55.33,80.95,100.0,39.68
2018-01-07 02:48:00,2,1,59.03,85.0,55.0,42.47,45.0,59.03,0.8,0.0,5.63,45.0,45.0,0.0,0.0,0.0,120.0,45.0,0.0,0.88,0.0,0.0,0.0,25.92,0.0,55.34,81.01,100.0,39.68
2018-01-07 02:49:00,2,1,59.02,85.0,55.0,42.48,45.0,59.02,0.8,0.0,5.63,45.0,45.0,0.0,0.0,0.0,120.0,45.0,0.0,0.88,0.0,0.0,0.0,25.93,0.0,55.35,81.08,100.0,39.67
2018-01-07 02:50:00,2,1,59.02,85.0,55.0,42.48,45.0,59.02,0.8,0.0,5.63,45.0,45.0,0.0,0.0,0.0,120.0,45.0,0.0,0.88,0.0,0.0,0.0,25.94,0.0,55.36,81.14,100.0,39.67
2018-01-07 02:51:00,2,1,59.01,85.0,55.0,42.49,45.0,59.01,0.8,0.0,5.63,45.0,45.0,0.0,0.0,0.0,120.0,45.0,0.0,0.88,0.0,0.0,0.0,25.96,0.0,55.38,81.21,100.0,39.67
2018-01-07 02:52:00,2,1,59.01,85.0,55.0,42.49,45.0,59.01,0.8,0.0,5.63,45.0,45.0,0.0,0.0,0.0,120.0,45.0,0.0,0.88,0.0,0.0,0.0,25.97,0.0,55.39,81.29,100.0,39.66
2018-01-07 02:53:00,2,1,59.01,85.0,55.0,42.49,45.0,59.01,0.8,0.0,5.63,45.0,45.0,0.0,0.0,0.0,120.0,45.0,0.0,0.88,0.0,0.0,0.0,25.98,0.0,55.4,81.36,100.0,39.66
2018-01-07 02:54:00,2,1,59.0,85.0,55.0,42.5,45.0,59.0,0.8,0.0,5.63,45.0,45.0,0.0,0.0,0.0,120.0,45.0,0.0,0.88,0.0,0.0,0.0,25.99,0.0,55.42,81.44,100.0,39.66
2018-01-07 02:55:00,2,1,59.0,85.0,55.0,42.5,45.0,59.0,0.8,0.0,5.63,45.0,45.0,0.0,0.0,0.0,120.0,45.0,0.0,0.88,0.0,0.0,0.0,26.0,0.0,55.43,81.52,100.0,39.65
2018-01-07 02:56:00,2,1,59.0,85.0,55.0,42.51,45.0,59.0,0.8,0.0,5.63,45.0,45.0,0.0,0.0,0.0,120.0,45.0,0.0,0.88,0.0,0.0,0.0,26.01,0.0,55.45,81.6,100.0,39.65
2018-01-07 02:57:00,2,1,58.99,85.0,55.0,42.51,45.0,58.99,0.8,0.0,5.63,45.0,45.0,0.0,0.0,0.0,120.0,45.0,0.0,0.88,0.0,0.0,0.0,26.03,0.0,55.47,81.69,100.0,39.64
2018-01-07 02:58:00,2,1,58.99,85.0,55.0,42.51,45.0,58.99,0.8,0.0,5.63,45.0,45.0,0.0,0.0,0.0,120.0,45.0,0.0,0.88,0.0,0.0,0.0,26.04,0.0,55.48,81.77,100.0,39.64
2018-01-07 02:59:00,2,1,58.98,85.0,55.0,42.51,45.0,58.98,0.8,0.0,5.63,45.0,45.0,0.0,0.0,0.0,120.0,45.0,0.0,0.88,0.0,0.0,0.0,26.05,0.0,55.5,81.86,100.0,39.63
2018-01-07 03:00:00,2,1,58.98,85.0,55.0,42.52,45.0,58.98,0.8,0.0,5.63,45.0,45.0,0.0,0.0,0.0,120.0,45.0,0.0,0.88,0.0,0.0,0.0,26.06,0.0,55.52,81.95,100.0,39.63
2018-01-07 03:01:00,2,1,58.98,85.0,55.0,42.52,45.0,58.98,0.8,0.0,5.63,45.0,45.0,0.0,0.0,0.0,120.0,45.0,0.0,0.88,0.0,0.0,0.0,26.06,0.0,55.52,81.98,100.0,39.62
2018-01-07 03:02:00,2,1,58.97,85.0,55.0,42.52,45.0,58.97,0.8,0.0,5.63,45.0,45.0,0.0,0.0,0.0,120.0,45.0,0.0,0.88,0.0,0.0,0.0,26.06,0.0,55.52,81.97,100.0,39.62
2018-01-07 03:03:00,2,1,58.97,85.0,55.0,42.52,45.0,58.97,0.8,0.0,5.63,45.0,45.0,0.0,0.0,0.0,120.0,45.0,0.0,0.88,0.0,0.0,0.0,26.07,0.0,55.51,81.96,100.0,39.61
2018-01-07 03:04:00,2,1,58.96,85.0,55.0,42.52,45.0,58.96,0.8,0.0,5.63,45.0,45.0,0.0,0.0,0.0,120.0,45.0,0.0,0.88,0.0,0.0,0.0,26.07,0.0,55.5,81.95,100.0,39.61
2018-01-07 03:05:00,2,1,58.96,85.0,55.0,42.52,45.0,58.96,0.8,0.0,5.63,45.0,45.0,0.0,0.0,0.0,120.0,45.0,0.0,0.88,0.0,0.0,0.0,26.07,0.0,55.5,81.95,100.0,39.6
2018-01-07 03:06:00,2,1,58.96,85.0,55.0,42.52,45.0,58.96,0.8,0.0,5.63,45.0,45.0,0.0,0.0,0.0,120.0,45.0,0.0,0.88,0.0,0.0,0.0,26.08,0.0,55.49,81.94,100.0,39.6
2018-01-07 03:07:00,2,1,58.95,85.0,55.0,42.51,45.0,58.95,0.8,0.0,5.63,45.0,45.0,0.0,0.0,0.0,120.0,45.0,0.0,0.88,0.0,0.0,0.0,26.08,0.0,55.49,81.93,100.0,39.6
2018-01-07 03:08:00,2,1,58.95,85.0,55.0,42.51,45.0,58.95,0.8,0.0,5.63,45.0,45.0,0.0,0.0,0.0,120.0,45.0,0.0,0.88,0.0,0.0,0.0,26.08,0.0,55.48,81.93,100.0,39.59
2018-01-07 03:09:00,2,1,58.94,85.0,55.0,42.51,45.0,58.94,0.8,0.0,5.63,45.0,45.0,0.0,0.0,0.0,120.0,45.0,0.0,0.88,0.0,0.0,0.0,26.08,0.0,55.48,81.92,100.0,39.59
2018-01-07 03:10:00,2,1,58.94,85.0,55.0,42.51,45.0,58.94,0.8,0.0,5.63,45.0,45.0,0.0,0.0,0.0,120.0,45.0,0.0,0.88,0.0,0.0,0.0,26.08,0.0,55.47,81.92,100.0,39.58
2018-01-07 03:11:00,2,1,58.93,85.0,55.0,42.51,45.0,58.93,0.8,0.0,5.63,45.0,45.0,0.0,0.0,0.0,120.0,45.0,0.0,0.88,0.0,0.0,0.0,26.08,0.0,55.47,81.91,100.0,39.58
2018-01-07 03:12:00,2,1,58.93,85.0,55.0,42.51,45.0,58.93,0.8,0.0,5.63,45.0,45.0,0.0,0.0,0.0,120.0,45.0,0.0,0.88,0.0,0.0,0.0,26.08,0.0,55.47,81.91,100.0,39.57
2018-01-07 03:13:00,2,1,58.93,85.0,55.0,42.5,45.0,58.93,0.8,0.0,5.63,45.0,45.0,0.0,0.0,0.0,120.0,45.0,0.0,0.88,0.0,0.0,0.0,26.08,0.0,55.46,81.91,100.0,39.57
2018-01-07 03:14:00,2,1,58.92,85.0,55.0,42.5,45.0,58.92,0.8,0.0,5.63,45.0,45.0,0.0,0.0,0.0,120.0,45.0,0.0,0.88,0.0,0.0,0.0,26.08,0.0,55.46,81.91,100.0,39.57
2018-01-07 03:15:00,2,1,58.92,85.0,55.0,42.5,45.0,58.92,0.8,0.0,5.63,45.0,45.0,0.0,0.0,0.0,120.0,45.0,0.0,0.88,0.0,0.0,0.0,26.08,0.0,55.45,81.91,100.0,39.56
2018-01-07 03:16:00,2,1,58.91,85.0,55.0,42.5,45.0,58.91,0.8,0.0,5.63,45.0,45.0,0.0,0.0,0.0,120.0,45.0,0.0,0.88,0.0,0.0,0.0,26.08,0.0,55.45,81.91,100.0,39.56
2018-01-07 03:17:00,2,1,58.91,85.0,55.0,42.5,45.0,58.91,0.8,0.0,5.63,45.0,45.0,0.0,0.0,0.0,120.0,45.0,0.0,0.88,0.0,0.0,0.0,26.08,0.0,55.45,81.91,100.0,39.55
2018-01-07 03:18:00,2,1,58.9,85.0,55.0,42.49,45.0,58.9,0.8,0.0,5.63,45.0,45.0,0.0,0.0,0.0,120.0,45.0,0.0,0.88,0.0,0.0,0.0,26.08,0.0,55.44,81.91,100.0,39.55
2018-01-07 03:19:00,2,1,58.9,85.0,55.0,42.49,45.0,58.9,0.8,0.0,5.63,45.0,45.0,0.0,0.0,0.0,120.0,45.0,0.0,0.88,0.0,0.0,0.0,26.08,0.0,55.44,81.91,100.0,39.55
2018-01-07 03:20:00,2,1,58.89,85.0,55.0,42.49,45.0,58.89,0.8,0.0,5.63,45.0,45.0,0.0,0.0,0.0,120.0,45.0,0.0,0.88,0.0,0.0,0.0,26.08,0.0,55.44,81.91,100.0,39.54
2018-01-07 03:21:00,2,1,58.89,85.0,55.0,42.49,45.0,58.89,0.8,0.0,5.63,45.0,45.0,0.0,0.0,0.0,120.0,45.0,0.0,0.88,0.0,0.0,0.0,26.08,0.0,55.44,81.92,100.0,39.54
2018-01-07 03:22:00,2,1,58.88,85.0,55.0,42.48,45.0,58.88,0.8,0.0,5.63,45.0,45.0,0.0,0.0,0.0,120.0,45.0,0.0,0.88,0.0,0.0,0.0,26.08,0.0,55.43,81.92,100.0,39.53
2018-01-07 03:23:00,2,1,58.88,85.0,55.0,42.48,45.0,58.88,0.8,0.0,5.63,45.0,45.0,0.0,0.0,0.0,120.0,45.0,0.0,0.88,0.0,0.0,0.0,26.08,0.0,55.43,81.92,100.0,39.53
2018-01-07 03:24:00,2,1,58.88,85.0,55.0,42.48,45.0,58.88,0.8,0.0,5.63,45.0,45.0,0.0,0.0,0.0,120.0,45.0,0.0,0.88,0.0,0.0,0.0,26.08,0.0,55.43,81.93,100.0,39.53
2018-01-07 03:25:00,2,1,58.87,85.0,55.0,42.47,45.0,58.87,0.8,0.0,5.63,45.0,45.0,0.0,0.0,0.0,120.0,45.0,0.0,0.88,0.0,0.0,0.0,26.08,0.0,55.42,81.93,100.0,39.52
2018-01-07 03:26:00,2,1,58.87,85.0,55.0,42.47,45.0,58.87,0.8,0.0,5.63,45.0,45.0,0.0,0.0,0.0,120.0,45.0,0.0,0.88,0.0,0.0,0.0,26.08,0.0,55.42,81.93,100.0,39.52
2018-01-07 03:27:00,2,1,58.86,85.0,55.0,42.47,45.0,58.86,0.8,0.0,5.63,45.0,45.0,0.0,0.0,0.0,120.0,45.0,0.0,0.88,0.0,0.0,0.0,26.08,0.0,55.42,81.94,100.0,39.52
2018-01-07 03:28:00,2,1,58.86,85.0,55.0,42.47,45.0,58.86,0.8,0.0,5.63,45.0,45.0,0.0,0.0,0.0,120.0,45.0,0.0,0.88,0.0,0.0,0.0,26.07,0.0,55.42,81.94,100.0,39.51
2018-01-07 03:29:00,2,1,58.85,85.0,55.0,42.46,45.0,58.85,0.8,0.0,5.63,45.0,45.0,0.0,0.0,0.0,120.0,45.0,0.0,0.88,0.0,0.0,0.0,26.07,0.0,55.42,81.95,100.0,39.51
2018-01-07 03:30:00,2,1,58.85,85.0,55.0,42.46,45.0,58.85,0.8,0.0,5.63,45.0,45.0,0.0,0.0,0.0,120.0,45.0,0.0,0.88,0.0,0.0,0.0,26.07,0.0,55.41,81.95,100.0,39.5
2018-01-07 03:31:00,2,1,58.84,85.0,55.0,42.46,45.0,58.84,0.8,0.0,5.63,45.0,45.0,0.0,0.0,0.0,120.0,45.0,0.0,0.88,0.0,0.0,0.0,26.07,0.0,55.41,81.96,100.0,39.5
2018-01-07 03:32:00,2,1,58.84,85.0,55.0,42.45,45.0,58.84,0.8,0.0,5.63,45.0,45.0,0.0,0.0,0.0,120.0,45.0,0.0,0.88,0.0,0.0,0.0,26.07,0.0,55.41,81.96,100.0,39.5
2018-01-07 03:33:00,2,1,58.83,85.0,55.0,42.45,45.0,58.83,0.8,0.0,5.63,45.0,45.0,0.0,0.0,0.0,120.0,45.0,0.0,0.88,0.0,0.0,0.0,26.07,0.0,55.41,81.97,100.0,39.49
2018-01-07 03:34:00,2,1,58.83,85.0,55.0,42.45,45.0,58.83,0.8,0.0,5.63,45.0,45.0,0.0,0.0,0.0,120.0,45.0,0.0,0.88,0.0,0.0,0.0,26.07,0.0,55.4,81.97,100.0,39.49
2018-01-07 03:35:00,2,1,58.82,85.0,55.0,42.44,45.0,58.82,0.8,0.0,5.63,45.0,45.0,0.0,0.0,0.0,120.0,45.0,0.0,0.88,0.0,0.0,0.0,26.06,0.0,55.4,81.98,100.0,39.49
2018-01-07 03:36:00,2,1,58.82,85.0,55.0,42.44,45.0,58.82,0.8,0.0,5.63,45.0,45.0,0.0,0.0,0.0,120.0,45.0,0.0,0.88,0.0,0.0,0.0,26.06,0.0,55.4,81.98,100.0,39.48
2018-01-07 03:37:00,2,1,58.81,85.0,55.0,42.44,45.0,58.81,0.8,0.0,5.63,45.0,45.0,0.0,0.0,0.0,120.0,45.0,0.0,0.88,0.0,0.0,0.0,26.06,0.0,55.4,81.98,100.0,39.48
2018-01-07 03:38:00,2,1,58.81,85.0,55.0,42.44,45.0,58.81,0.8,0.0,5.63,45.0,45.0,0.0,0.0,0.0,120.0,45.0,0.0,0.88,0.0,0.0,0.0,26.06,0.0,55.4,81.99,100.0,39.47
2018-01-07 03:39:00,2,1,58.81,85.0,55.0,42.43,45.0,58.81,0.8,0.0,5.63,45.0,45.0,0.0,0.0,0.0,120.0,45.0,0.0,0.88,0.0,0.0,0.0,26.06,0.0,55.39,81.99,100.0,39.47
2018-01-07 03:40:00,2,1,58.8,85.0,55.0,42.43,45.0,58.8,0.8,0.0,5.63,45.0,45.0,0.0,0.0,0.0,120.0,45.0,0.0,0.88,0.0,0.0,0.0,26.06,0.0,55.39,82.0,100.0,39.47
2018-01-07 03:41:00,2,1,58.8,85.0,55.0,42.43,45.0,58.8,0.8,0.0,5.63,45.0,45.0,0.0,0.0,0.0,120.0,45.0,0.0,0.88,0.0,0.0,0.0,26.06,0.0,55.39,82.0,100.0,39.46
2018-01-07 03:42:00,2,1,58.79,85.0,55.0,42.42,45.0,58.79,0.8,0.0,5.63,45.0,45.0,0.0,0.0,0.0,120.0,45.0,0.0,0.88,0.0,0.0,0.0,26.06,0.0,55.39,82.01,100.0,39.46
2018-01-07 03:43:00,2,1,58.79,85.0,55.0,42.42,45.0,58.79,0.8,0.0,5.63,45.0,45.0,0.0,0.0,0.0,120.0,45.0,0.0,0.88,0.0,0.0,0.0,26.06,0.0,55.38,82.01,100.0,39.46
2018-01-07 03:44:00,2,1,58.78,85.0,55.0,42.42,45.0,58.78,0.8,0.0,5.63,45.0,45.0,0.0,0.0,0.0,120.0,45.0,0.0,0.88,0.0,0.0,0.0,26.05,0.0,55.38,82.01,100.0,39.45
2018-01-07 03:45:00,2,1,58.78,85.0,55.0,42.42,45.0,58.78,0.8,0.0,5.63,45.0,45.0,0.0,0.0,0.0,120.0,45.0,0.0,0.88,0.0,0.0,0.0,26.05,0.0,55.38,82.01,100.0,39.45
2018-01-07 03:46:00,2,1,58.77,85.0,55.0,42.41,45.0,58.77,0.8,0.0,5.63,45.0,45.0,0.0,0.0,0.0,120.0,45.0,0.0,0.88,0.0,0.0,0.0,26.05,0.0,55.38,82.02,100.0,39.45
2018-01-07 03:47:00,2,1,58.77,85.0,55.0,42.41,45.0,58.77,0.8,0.0,5.63,45.0,45.0,0.0,0.0,0.0,120.0,45.0,0.0,0.88,0.0,0.0,0.0,26.05,0.0,55.37,82.02,100.0,39.44
2018-01-07 03:48:00,2,1,58.76,85.0,55.0,42.41,45.0,58.76,0.8,0.0,5.63,45.0,45.0,0.0,0.0,0.0,120.0,45.0,0.0,0.88,0.0,0.0,0.0,26.05,0.0,55.37,82.02,100.0,39.44
2018-01-07 03:49:00,2,1,58.76,85.0,55.0,42.4,45.0,58.76,0.8,0.0,5.63,45.0,45.0,0.0,0.0,0.0,120.0,45.0,0.0,0.88,0.0,0.0,0.0,26.05,0.0,55.37,82.02,100.0,39.43
2018-01-07 03:50:00,2,1,58.75,85.0,55.0,42.4,45.0,58.75,0.8,0.0,5.63,45.0,45.0,0.0,0.0,0.0,120.0,45.0,0.0,0.88,0.0,0.0,0.0,26.05,0.0,55.37,82.02,100.0,39.43
2018-01-07 03:51:00,2,1,58.75,85.0,55.0,42.4,45.0,58.75,0.8,0.0,5.63,45.0,45.0,0.0,0.0,0.0,120.0,45.0,0.0,0.88,0.0,0.0,0.0,26.05,0.0,55.36,82.02,100.0,39.43
2018-01-07 03:52:00,2,1,58.74,85.0,55.0,42.4,45.0,58.74,0.8,0.0,5.63,45.0,45.0,0.0,0.0,0.0,120.0,45.0,0.0,0.88,0.0,0.0,0.0,26.05,0.0,55.36,82.02,100.0,39.42
2018-01-07 03:53:00,2,1,58.74,85.0,55.0,42.4,45.0,58.74,0.8,0.0,5.63,45.0,45.0,0.0,0.0,0.0,120.0,45.0,0.0,0.88,0.0,0.0,0.0,26.05,0.0,55.36,82.02,100.0,39.42
2018-01-07 03:54:00,2,1,58.73,85.0,55.0,42.39,45.0,58.73,0.8,0.0,5.63,45.0,45.0,0.0,0.0,0.0,120.0,45.0,0.0,0.88,0.0,0.0,0.0,26.05,0.0,55.35,82.02,100.0,39.42
2018-01-07 03:55:00,2,1,58.73,85.0,55.0,42.39,45.0,58.73,0.8,0.0,5.63,45.0,45.0,0.0,0.0,0.0,120.0,45.0,0.0,0.88,0.0,0.0,0.0,26.05,0.0,55.35,82.02,100.0,39.41
2018-01-07 03:56:00,2,1,58.73,85.0,55.0,42.39,45.0,58.73,0.8,0.0,5.63,45.0,45.0,0.0,0.0,0.0,120.0,45.0,0.0,0.88,0.0,0.0,0.0,26.05,0.0,55.35,82.01,100.0,39.41
2018-01-07 03:57:00,2,1,58.72,85.0,55.0,42.39,45.0,58.72,0.8,0.0,5.63,45.0,45.0,0.0,0.0,0.0,120.0,45.0,0.0,0.88,0.0,0.0,0.0,26.05,0.0,55.34,82.01,100.0,39.41
2018-01-07 03:58:00,2,1,58.72,85.0,55.0,42.39,45.0,58.72,0.8,0.0,5.63,45.0,45.0,0.0,0.0,0.0,120.0,45.0,0.0,0.88,0.0,0.0,0.0,26.06,0.0,55.34,82.0,100.0,39.4
2018-01-07 03:59:00,2,1,58.71,85.0,55.0,42.38,45.0,58.71,0.8,0.0,5.63,45.0,45.0,0.0,0.0,0.0,120.0,45.0,0.0,0.88,0.0,0.0,0.0,26.06,0.0,55.33,82.0,100.0,39.4
2018-01-07 04:00:00,2,1,58.71,85.0,55.0,42.38,45.0,58.71,0.8,0.0,5.63,45.0,45.0,0.0,0.0,0.0,120.0,45.0,0.0,0.88,0.0,0.0,0.0,26.06,0.0,55.33,81.99,100.0,39.39
2018-01-07 04:01:00,2,1,58.7,85.0,55.0,42.39,45.0,58.7,0.8,0.0,5.63,45.0,45.0,0.0,0.0,0.0,120.0,45.0,0.0,0.88,0.0,0.0,0.0,26.07,0.0,55.32,81.96,100.0,39.39
2018-01-07 04:02:00,2,1,58.7,85.0,55.0,42.39,45.0,58.7,0.8,0.0,5.63,45.0,45.0,0.0,0.0,0.0,120.0,45.0,0.0,0.88,0.0,0.0,0.0,26.08,0.0,55.3,81.91,100.0,39.39
2018-01-07 04:03:00,2,1,58.69,85.0,55.0,42.4,45.0,58.69,0.8,0.0,5.63,45.0,45.0,0.0,0.0,0.0,120.0,45.0,0.0,0.88,0.0,0.0,0.0,26.1,0.0,55.29,81.85,100.0,39.38
2018-01-07 04:04:00,2,1,58.69,85.0,55.0,42.4,45.0,58.69,0.8,0.0,5.63,45.0,45.0,0.0,0.0,0.0,120.0,45.0,0.0,0.88,0.0,0.0,0.0,26.11,0.0,55.28,81.8,100.0,39.38
2018-01-07 04:05:00,2,1,58.68,85.0,55.0,42.41,45.0,58.68,0.8,0.0,5.63,45.0,45.0,0.0,0.0,0.0,120.0,45.0,0.0,0.88,0.0,0.0,0.0,26.13,0.0,55.26,81.74,100.0,39.38
2018-01-07 04:06:00,2,1,58.68,85.0,55.0,42.41,45.0,58.68,0.8,0.0,5.63,45.0,45.0,0.0,0.0,0.0,120.0,45.0,0.0,0.88,0.0,0.0,0.0,26.15,0.0,55.24,81.69,100.0,39.37
2018-01-07 04:07:00,2,1,58.68,85.0,55.0,42.42,45.0,58.68,0.8,0.0,5.63,45.0,45.0,0.0,0.0,0.0,120.0,45.0,0.0,0.88,0.0,0.0,0.0,26.16,0.0,55.23,81.63,100.0,39.37
2018-01-07 04:08:00,2,1,58.67,85.0,55.0,42.43,45.0,58.67,0.8,0.0,5.63,45.0,45.0,0.0,0.0,0.0,120.0,45.0,0.0,0.88,0.0,0.0,0.0,26.18,0.0,55.21,81.57,100.0,39.36
2018-01-07 04:09:00,2,1,58.67,85.0,55.0,42.43,45.0,58.67,0.8,0.0,5.63,45.0,45.0,0.0,0.0,0.0,120.0,45.0,0.0,0.88,0.0,0.0,0.0,26.2,0.0,55.2,81.52,100.0,39.36
2018-01-07 04:10:00,2,1,58.66,85.0,55.0,42.44,45.0,58.66,0.8,0.0,5.63,45.0,45.0,0.0,0.0,0.0,120.0,45.0,0.0,0.88,0.0,0.0,0.0,26.21,0.0,55.18,81.46,100.0,39.35
2018-01-07 04:11:00,2,1,58.66,85.0,55.0,42.44,45.0,58.66,0.8,0.0,5.63,45.0,45.0,0.0,0.0,0.0,120.0,45.0,0.0,0.88,0.0,0.0,0.0,26.23,0.0,55.17,81.4,100.0,39.35
2018-01-07 04:12:00,2,1,58.66,85.0,55.0,42.45,45.0,58.66,0.8,0.0,5.63,45.0,45.0,0.0,0.0,0.0,120.0,45.0,0.0,0.88,0.0,0.0,0.0,26.25,0.0,55.15,81.34,100.0,39.35
2018-01-07 04:13:00,2,1,58.65,85.0,55.0,42.46,45.0,58.65,0.8,0.0,5.63,45.0,45.0,0.0,0.0,0.0,120.0,45.0,0.0,0.88,0.0,0.0,0.0,26.26,0.0,55.13,81.29,100.0,39.34
2018-01-07 04:14:00,2,1,58.65,85.0,55.0,42.46,45.0,58.65,0.8,0.0,5.63,45.0,45.0,0.0,0.0,0.0,120.0,45.0,0.0,0.88,0.0,0.0,0.0,26.28,0.0,55.12,81.23,100.0,39.34
2018-01-07 04:15:00,2,1,58.64,85.0,55.0,42.47,45.0,58.64,0.8,0.0,5.63,45.0,45.0,0.0,0.0,0.0,120.0,45.0,0.0,0.88,0.0,0.0,0.0,26.3,0.0,55.1,81.17,100.0,39.33
2018-01-07 04:16:00,2,1,58.64,85.0,55.0,42.48,45.0,58.64,0.8,0.0,5.63,45.0,45.0,0.0,0.0,0.0,120.0,45.0,0.0,0.88,0.0,0.0,0.0,26.32,0.0,55.08,81.11,100.0,39.33
2018-01-07 04:17:00,2,1,58.64,85.0,55.0,42.49,45.0,58.64,0.8,0.0,5.63,45.0,45.0,0.0,0.0,0.0,120.0,45.0,0.0,0.88,0.0,0.0,0.0,26.33,0.0,55.07,81.05,100.0,39.32
2018-01-07 04:18:00,2,1,58.63,85.0,55.0,42.49,45.0,58.63,0.8,0.0,5.63,45.0,45.0,0.0,0.0,0.0,120.0,45.0,0.0,0.88,0.0,0.0,0.0,26.35,0.0,55.05,80.99,100.0,39.32
2018-01-07 04:19:00,2,1,58.63,85.0,55.0,42.5,45.0,58.63,0.8,0.0,5.63,45.0,45.0,0.0,0.0,0.0,120.0,45.0,0.0,0.88,0.0,0.0,0.0,26.37,0.0,55.04,80.93,100.0,39.31
2018-01-07 04:20:00,2,1,58.63,85.0,55.0,42.51,45.0,58.63,0.8,0.0,5.63,45.0,45.0,0.0,0.0,0.0,120.0,45.0,0.0,0.88,0.0,0.0,0.0,26.39,0.0,55.02,80.87,100.0,39.31
2018-01-07 04:21:00,2,1,58.62,85.0,55.0,42.51,45.0,58.62,0.8,0.0,5.63,45.0,45.0,0.0,0.0,0.0,120.0,45.0,0.0,0.88,0.0,0.0,0.0,26.4,0.0,55.0,80.82,100.0,39.3
2018-01-07 04:22:00,2,1,58.62,85.0,55.0,42.52,45.0,58.62,0.8,0.0,5.63,45.0,45.0,0.0,0.0,0.0,120.0,45.0,0.0,0.88,0.0,0.0,0.0,26.42,0.0,54.99,80.76,100.0,39.3
2018-01-07 04:23:00,2,1,58.62,85.0,55.0,42.53,45.0,58.62,0.8,0.0,5.63,45.0,45.0,0.0,0.0,0.0,120.0,45.0,0.0,0.88,0.0,0.0,0.0,26.44,0.0,54.97,80.7,100.0,39.29
2018-01-07 04:24:00,2,1,58.61,85.0,55.0,42.53,45.0,58.61,0.8,0.0,5.63,45.0,45.0,0.0,0.0,0.0,120.0,45.0,0.0,0.88,0.0,0.0,0.0,26.46,0.0,54.95,80.64,100.0,39.29
2018-01-07 04:25:00,2,1,58.61,85.0,55.0,42.54,45.0,58.61,0.8,0.0,5.63,45.0,45.0,0.0,0.0,0.0,120.0,45.0,0.0,0.88,0.0,0.0,0.0,26.47,0.0,54.94,80.58,100.0,39.28
2018-01-07 04:26:00,2,1,58.6,85.0,55.0,42.55,45.0,58.6,0.8,0.0,5.63,45.0,45.0,0.0,0.0,0.0,120.0,45.0,0.0,0.88,0.0,0.0,0.0,26.49,0.0,54.92,80.53,100.0,39.28
2018-01-07 04:27:00,2,1,58.6,85.0,55.0,42.55,45.0,58.6,0.8,0.0,5.63,45.0,45.0,0.0,0.0,0.0,120.0,45.0,0.0,0.88,0.0,0.0,0.0,26.51,0.0,54.9,80.47,100.0,39.28
2018-01-07 04:28:00,2,1,58.6,85.0,55.0,42.56,45.0,58.6,0.8,0.0,5.63,45.0,45.0,0.0,0.0,0.0,120.0,45.0,0.0,0.88,0.0,0.0,0.0,26.52,0.0,54.89,80.41,100.0,39.27
2018-01-07 04:29:00,2,1,58.59,85.0,55.0,42.57,45.0,58.59,0.8,0.0,5.63,45.0,45.0,0.0,0.0,0.0,120.0,45.0,0.0,0.88,0.0,0.0,0.0,26.54,0.0,54.87,80.36,100.0,39.27
2018-01-07 04:30:00,2,1,58.59,85.0,55.0,42.57,45.0,58.59,0.8,0.0,5.63,45.0,45.0,0.0,0.0,0.0,120.0,45.0,0.0,0.88,0.0,0.0,0.0,26.56,0.0,54.85,80.3,100.0,39.26
2018-01-07 04:31:00,2,1,58.59,85.0,55.0,42.58,45.0,58.59,0.8,0.0,5.63,45.0,45.0,0.0,0.0,0.0,120.0,45.0,0.0,0.88,0.0,0.0,0.0,26.58,0.0,54.84,80.24,100.0,39.26
2018-01-07 04:32:00,2,1,58.58,85.0,55.0,42.59,45.0,58.58,0.8,0.0,5.63,45.0,45.0,0.0,0.0,0.0,120.0,45.0,0.0,0.88,0.0,0.0,0.0,26.59,0.0,54.82,80.19,100.0,39.25
2018-01-07 04:33:00,2,1,58.58,85.0,55.0,42.59,45.0,58.58,0.8,0.0,5.63,45.0,45.0,0.0,0.0,0.0,120.0,45.0,0.0,0.88,0.0,0.0,0.0,26.61,0.0,54.81,80.14,100.0,39.25
2018-01-07 04:34:00,2,1,58.58,85.0,55.0,42.6,45.0,58.58,0.8,0.0,5.63,45.0,45.0,0.0,0.0,0.0,120.0,45.0,0.0,0.88,0.0,0.0,0.0,26.63,0.0,54.79,80.08,100.0,39.24
2018-01-07 04:35:00,2,1,58.57,85.0,55.0,42.61,45.0,58.57,0.8,0.0,5.63,45.0,45.0,0.0,0.0,0.0,120.0,45.0,0.0,0.88,0.0,0.0,0.0,26.64,0.0,54.77,80.03,100.0,39.24
2018-01-07 04:36:00,2,1,58.57,85.0,55.0,42.61,45.0,58.57,0.8,0.0,5.63,45.0,45.0,0.0,0.0,0.0,120.0,45.0,0.0,0.88,0.0,0.0,0.0,26.66,0.0,54.76,79.98,100.0,39.23
2018-01-07 04:37:00,2,1,58.57,85.0,55.0,42.62,45.0,58.57,0.8,0.0,5.63,45.0,45.0,0.0,0.0,0.0,120.0,45.0,0.0,0.88,0.0,0.0,0.0,26.67,0.0,54.74,79.93,100.0,39.23
2018-01-07 04:38:00,2,1,58.56,85.0,55.0,42.63,45.0,58.56,0.8,0.0,5.63,45.0,45.0,0.0,0.0,0.0,120.0,45.0,0.0,0.88,0.0,0.0,0.0,26.69,0.0,54.73,79.88,100.0,39.22
2018-01-07 04:39:00,2,1,58.56,85.0,55.0,42.63,45.0,58.56,0.8,0.0,5.63,45.0,45.0,0.0,0.0,0.0,120.0,45.0,0.0,0.88,0.0,0.0,0.0,26.7,0.0,54.71,79.83,100.0,39.22
2018-01-07 04:40:00,2,1,58.56,85.0,55.0,42.64,45.0,58.56,0.8,0.0,5.63,45.0,45.0,0.0,0.0,0.0,120.0,45.0,0.0,0.88,0.0,0.0,0.0,26.72,0.0,54.7,79.78,100.0,39.21
2018-01-07 04:41:00,2,1,58.55,85.0,55.0,42.64,45.0,58.55,0.8,0.0,5.63,45.0,45.0,0.0,0.0,0.0,120.0,45.0,0.0,0.88,0.0,0.0,0.0,26.73,0.0,54.68,79.73,100.0,39.21
2018-01-07 04:42:00,2,1,58.55,85.0,55.0,42.65,45.0,58.55,0.8,0.0,5.63,45.0,45.0,0.0,0.0,0.0,120.0,45.0,0.0,0.88,0.0,0.0,0.0,26.75,0.0,54.67,79.68,100.0,39.2
2018-01-07 04:43:00,2,1,58.54,85.0,55.0,42.65,45.0,58.54,0.8,0.0,5.63,45.0,45.0,0.0,0.0,0.0,120.0,45.0,0.0,0.88,0.0,0.0,0.0,26.76,0.0,54.66,79.63,100.0,39.2
2018-01-07 04:44:00,2,1,58.54,85.0,55.0,42.66,45.0,58.54,0.8,0.0,5.63,45.0,45.0,0.0,0.0,0.0,120.0,45.0,0.0,0.88,0.0,0.0,0.0,26.78,0.0,54.64,79.59,100.0,39.19
2018-01-07 04:45:00,2,1,58.54,85.0,55.0,42.66,45.0,58.54,0.8,0.0,5.63,45.0,45.0,0.0,0.0,0.0,120.0,45.0,0.0,0.88,0.0,0.0,0.0,26.79,0.0,54.63,79.55,100.0,39.19
2018-01-07 04:46:00,2,1,58.53,85.0,55.0,42.67,45.0,58.53,0.8,0.0,5.63,45.0,45.0,0.0,0.0,0.0,120.0,45.0,0.0,0.88,0.0,0.0,0.0,26.81,0.0,54.61,79.5,100.0,39.19
2018-01-07 04:47:00,2,1,58.53,85.0,55.0,42.67,45.0,58.53,0.8,0.0,5.63,45.0,45.0,0.0,0.0,0.0,120.0,45.0,0.0,0.88,0.0,0.0,0.0,26.82,0.0,54.6,79.46,100.0,39.18
2018-01-07 04:48:00,2,1,58.53,85.0,55.0,42.68,45.0,58.53,0.8,0.0,5.63,45.0,45.0,0.0,0.0,0.0,120.0,45.0,0.0,0.88,0.0,0.0,0.0,26.83,0.0,54.59,79.42,100.0,39.18
2018-01-07 04:49:00,2,1,58.52,85.0,55.0,42.68,45.0,58.52,0.8,0.0,5.63,45.0,45.0,0.0,0.0,0.0,120.0,45.0,0.0,0.88,0.0,0.0,0.0,26.84,0.0,54.58,79.38,100.0,39.17
2018-01-07 04:50:00,2,1,58.52,85.0,55.0,42.69,45.0,58.52,0.8,0.0,5.63,45.0,45.0,0.0,0.0,0.0,120.0,45.0,0.0,0.88,0.0,0.0,0.0,26.86,0.0,54.56,79.34,100.0,39.17
2018-01-07 04:51:00,2,1,58.52,85.0,55.0,42.69,45.0,58.52,0.8,0.0,5.63,45.0,45.0,0.0,0.0,0.0,120.0,45.0,0.0,0.88,0.0,0.0,0.0,26.87,0.0,54.55,79.3,100.0,39.16
2018-01-07 04:52:00,2,1,58.51,85.0,55.0,42.7,45.0,58.51,0.8,0.0,5.63,45.0,45.0,0.0,0.0,0.0,120.0,45.0,0.0,0.88,0.0,0.0,0.0,26.88,0.0,54.54,79.27,100.0,39.16
2018-01-07 04:53:00,2,1,58.51,85.0,55.0,42.7,45.0,58.51,0.8,0.0,5.63,45.0,45.0,0.0,0.0,0.0,120.0,45.0,0.0,0.88,0.0,0.0,0.0,26.89,0.0,54.53,79.23,100.0,39.15
2018-01-07 04:54:00,2,1,58.51,85.0,55.0,42.7,45.0,58.51,0.8,0.0,5.63,45.0,45.0,0.0,0.0,0.0,120.0,45.0,0.0,0.88,0.0,0.0,0.0,26.9,0.0,54.52,79.2,100.0,39.15
2018-01-07 04:55:00,2,1,58.5,85.0,55.0,42.71,45.0,58.5,0.8,0.0,5.63,45.0,45.0,0.0,0.0,0.0,120.0,45.0,0.0,0.88,0.0,0.0,0.0,26.91,0.0,54.5,79.17,100.0,39.14
2018-01-07 04:56:00,2,1,58.5,85.0,55.0,42.71,45.0,58.5,0.8,0.0,5.63,45.0,45.0,0.0,0.0,0.0,120.0,45.0,0.0,0.88,0.0,0.0,0.0,26.92,0.0,54.49,79.14,100.0,39.14
2018-01-07 04:57:00,2,1,58.49,85.0,55.0,42.71,45.0,58.49,0.8,0.0,5.63,45.0,45.0,0.0,0.0,0.0,120.0,45.0,0.0,0.88,0.0,0.0,0.0,26.93,0.0,54.48,79.11,100.0,39.14
2018-01-07 04:58:00,2,1,58.49,85.0,55.0,42.72,45.0,58.49,0.8,0.0,5.63,45.0,45.0,0.0,0.0,0.0,120.0,45.0,0.0,0.88,0.0,0.0,0.0,26.94,0.0,54.47,79.08,100.0,39.13
2018-01-07 04:59:00,2,1,58.49,85.0,55.0,42.72,45.0,58.49,0.8,0.0,5.63,45.0,45.0,0.0,0.0,0.0,120.0,45.0,0.0,0.88,0.0,0.0,0.0,26.95,0.0,54.46,79.05,100.0,39.13
2018-01-07 05:00:00,2,1,58.48,85.0,55.0,42.72,45.0,58.48,0.8,0.0,5.63,45.0,45.0,0.0,0.0,0.0,120.0,45.0,0.0,0.88,0.0,0.0,0.0,26.96,0.0,54.45,79.03,100.0,39.12
2018-01-07 05:01:00,2,1,58.48,85.0,55.0,42.72,45.0,58.48,0.8,0.0,5.63,45.0,45.0,0.0,0.0,0.0,120.0,45.0,0.0,0.88,0.0,0.0,0.0,26.95,0.0,54.45,79.03,100.0,39.12
2018-01-07 05:02:00,2,1,58.48,85.0,55.0,42.71,45.0,58.48,0.8,0.0,5.63,45.0,45.0,0.0,0.0,0.0,120.0,45.0,0.0,0.88,0.0,0.0,0.0,26.95,0.0,54.45,79.05,100.0,39.11
2018-01-07 05:03:00,2,1,58.47,85.0,55.0,42.71,45.0,58.47,0.8,0.0,5.63,45.0,45.0,0.0,0.0,0.0,120.0,45.0,0.0,0.88,0.0,0.0,0.0,26.94,0.0,54.46,79.08,100.0,39.11
2018-01-07 05:04:00,2,1,58.47,85.0,55.0,42.7,45.0,58.47,0.8,0.0,5.63,45.0,45.0,0.0,0.0,0.0,120.0,45.0,0.0,0.88,0.0,0.0,0.0,26.93,0.0,54.46,79.11,100.0,39.11
2018-01-07 05:05:00,2,1,58.46,85.0,55.0,42.69,45.0,58.46,0.8,0.0,5.63,45.0,45.0,0.0,0.0,0.0,120.0,45.0,0.0,0.88,0.0,0.0,0.0,26.92,0.0,54.46,79.14,100.0,39.1
2018-01-07 05:06:00,2,1,58.46,85.0,55.0,42.69,45.0,58.46,0.8,0.0,5.63,45.0,45.0,0.0,0.0,0.0,120.0,45.0,0.0,0.88,0.0,0.0,0.0,26.91,0.0,54.47,79.17,100.0,39.1
2018-01-07 05:07:00,2,1,58.45,85.0,55.0,42.68,45.0,58.45,0.8,0.0,5.63,45.0,45.0,0.0,0.0,0.0,120.0,45.0,0.0,0.88,0.0,0.0,0.0,26.9,0.0,54.47,79.2,100.0,39.09
2018-01-07 05:08:00,2,1,58.45,85.0,55.0,42.67,45.0,58.45,0.8,0.0,5.63,45.0,45.0,0.0,0.0,0.0,120.0,45.0,0.0,0.88,0.0,0.0,0.0,26.89,0.0,54.47,79.23,100.0,39.09
2018-01-07 05:09:00,2,1,58.45,85.0,55.0,42.66,45.0,58.45,0.8,0.0,5.63,45.0,45.0,0.0,0.0,0.0,120.0,45.0,0.0,0.88,0.0,0.0,0.0,26.88,0.0,54.48,79.27,100.0,39.09
2018-01-07 05:10:00,2,1,58.44,85.0,55.0,42.65,45.0,58.44,0.8,0.0,5.63,45.0,45.0,0.0,0.0,0.0,120.0,45.0,0.0,0.88,0.0,0.0,0.0,26.87,0.0,54.48,79.31,100.0,39.08
2018-01-07 05:11:00,2,1,58.44,85.0,55.0,42.65,45.0,58.44,0.8,0.0,5.63,45.0,45.0,0.0,0.0,0.0,120.0,45.0,0.0,0.88,0.0,0.0,0.0,26.86,0.0,54.49,79.34,100.0,39.08
2018-01-07 05:12:00,2,1,58.43,85.0,55.0,42.64,45.0,58.43,0.8,0.0,5.63,45.0,45.0,0.0,0.0,0.0,120.0,45.0,0.0,0.88,0.0,0.0,0.0,26.84,0.0,54.5,79.38,100.0,39.08
2018-01-07 05:13:00,2,1,58.43,85.0,55.0,42.63,45.0,58.43,0.8,0.0,5.63,45.0,45.0,0.0,0.0,0.0,120.0,45.0,0.0,0.88,0.0,0.0,0.0,26.83,0.0,54.5,79.42,100.0,39.08
2018-01-07 05:14:00,2,1,58.42,85.0,55.0,42.62,45.0,58.42,0.8,0.0,5.63,45.0,45.0,0.0,0.0,0.0,120.0,45.0,0.0,0.88,0.0,0.0,0.0,26.82,0.0,54.51,79.46,100.0,39.07
2018-01-07 05:15:00,2,1,58.42,85.0,55.0,42.61,45.0,58.42,0.8,0.0,5.63,45.0,45.0,0.0,0.0,0.0,120.0,45.0,0.0,0.88,0.0,0.0,0.0,26.8,0.0,54.52,79.51,100.0,39.07
2018-01-07 05:16:00,2,1,58.41,85.0,55.0,42.6,45.0,58.41,0.8,0.0,5.63,45.0,45.0,0.0,0.0,0.0,120.0,45.0,0.0,0.88,0.0,0.0,0.0,26.79,0.0,54.52,79.55,100.0,39.07
2018-01-07 05:17:00,2,1,58.41,85.0,55.0,42.59,45.0,58.41,0.8,0.0,5.63,45.0,45.0,0.0,0.0,0.0,120.0,45.0,0.0,0.88,0.0,0.0,0.0,26.78,0.0,54.53,79.59,100.0,39.06
2018-01-07 05:18:00,2,1,58.4,85.0,55.0,42.58,45.0,58.4,0.8,0.0,5.63,45.0,45.0,0.0,0.0,0.0,120.0,45.0,0.0,0.88,0.0,0.0,0.0,26.76,0.0,54.54,79.64,100.0,39.06
2018-01-07 05:19:00,2,1,58.4,85.0,55.0,42.57,45.0,58.4,0.8,0.0,5.63,45.0,45.0,0.0,0.0,0.0,120.0,45.0,0.0,0.88,0.0,0.0,0.0,26.75,0.0,54.54,79.68,100.0,39.06
2018-01-07 05:20:00,2,1,58.39,85.0,55.0,42.56,45.0,58.39,0.8,0.0,5.63,45.0,45.0,0.0,0.0,0.0,120.0,45.0,0.0,0.88,0.0,0.0,0.0,26.73,0.0,54.55,79.73,100.0,39.05
2018-01-07 05:21:00,2,1,58.39,85.0,55.0,42.55,45.0,58.39,0.8,0.0,5.63,45.0,45.0,0.0,0.0,0.0,120.0,45.0,0.0,0.88,0.0,0.0,0.0,26.72,0.0,54.56,79.78,100.0,39.05
2018-01-07 05:22:00,2,1,58.38,85.0,55.0,42.54,45.0,58.38,0.8,0.0,5.63,45.0,45.0,0.0,0.0,0.0,120.0,45.0,0.0,0.88,0.0,0.0,0.0,26.7,0.0,54.57,79.83,100.0,39.05
2018-01-07 05:23:00,2,1,58.38,85.0,55.0,42.53,45.0,58.38,0.8,0.0,5.63,45.0,45.0,0.0,0.0,0.0,120.0,45.0,0.0,0.88,0.0,0.0,0.0,26.69,0.0,54.58,79.88,100.0,39.05
2018-01-07 05:24:00,2,1,58.37,85.0,55.0,42.52,45.0,58.37,0.8,0.0,5.63,45.0,45.0,0.0,0.0,0.0,120.0,45.0,0.0,0.88,0.0,0.0,0.0,26.67,0.0,54.59,79.93,100.0,39.04
2018-01-07 05:25:00,2,1,58.37,85.0,55.0,42.51,45.0,58.37,0.8,0.0,5.63,45.0,45.0,0.0,0.0,0.0,120.0,45.0,0.0,0.88,0.0,0.0,0.0,26.66,0.0,54.6,79.98,100.0,39.04
2018-01-07 05:26:00,2,1,58.36,85.0,55.0,42.5,45.0,58.36,0.8,0.0,5.63,45.0,45.0,0.0,0.0,0.0,120.0,45.0,0.0,0.88,0.0,0.0,0.0,26.64,0.0,54.61,80.03,100.0,39.04
2018-01-07 05:27:00,2,1,58.36,85.0,55.0,42.49,45.0,58.36,0.8,0.0,5.63,45.0,45.0,0.0,0.0,0.0,120.0,45.0,0.0,0.88,0.0,0.0,0.0,26.62,0.0,54.62,80.09,100.0,39.04
2018-01-07 05:28:00,2,1,58.35,85.0,55.0,42.48,45.0,58.35,0.8,0.0,5.63,45.0,45.0,0.0,0.0,0.0,120.0,45.0,0.0,0.88,0.0,0.0,0.0,26.61,0.0,54.62,80.14,100.0,39.03
2018-01-07 05:29:00,2,1,58.35,85.0,55.0,42.47,45.0,58.35,0.8,0.0,5.63,45.0,45.0,0.0,0.0,0.0,120.0,45.0,0.0,0.88,0.0,0.0,0.0,26.59,0.0,54.63,80.19,100.0,39.03
2018-01-07 05:30:00,2,1,58.34,85.0,55.0,42.46,45.0,58.34,0.8,0.0,5.63,45.0,45.0,0.0,0.0,0.0,120.0,45.0,0.0,0.88,0.0,0.0,0.0,26.57,0.0,54.64,80.25,100.0,39.03
2018-01-07 05:31:00,2,1,58.34,85.0,55.0,42.45,45.0,58.34,0.8,0.0,5.63,45.0,45.0,0.0,0.0,0.0,120.0,45.0,0.0,0.88,0.0,0.0,0.0,26.56,0.0,54.65,80.3,100.0,39.03
2018-01-07 05:32:00,2,1,58.33,85.0,55.0,42.44,45.0,58.33,0.8,0.0,5.63,45.0,45.0,0.0,0.0,0.0,120.0,45.0,0.0,0.88,0.0,0.0,0.0,26.54,0.0,54.66,80.36,100.0,39.02
2018-01-07 05:33:00,2,1,58.33,85.0,55.0,42.42,45.0,58.33,0.8,0.0,5.63,45.0,45.0,0.0,0.0,0.0,120.0,45.0,0.0,0.88,0.0,0.0,0.0,26.52,0.0,54.67,80.42,100.0,39.02
2018-01-07 05:34:00,2,1,58.32,85.0,55.0,42.41,45.0,58.32,0.8,0.0,5.63,45.0,45.0,0.0,0.0,0.0,120.0,45.0,0.0,0.88,0.0,0.0,0.0,26.51,0.0,54.69,80.47,100.0,39.02
2018-01-07 05:35:00,2,1,58.32,85.0,55.0,42.4,45.0,58.32,0.8,0.0,5.63,45.0,45.0,0.0,0.0,0.0,120.0,45.0,0.0,0.88,0.0,0.0,0.0,26.49,0.0,54.7,80.53,100.0,39.02
2018-01-07 05:36:00,2,1,58.31,85.0,55.0,42.39,45.0,58.31,0.8,0.0,5.63,45.0,45.0,0.0,0.0,0.0,120.0,45.0,0.0,0.88,0.0,0.0,0.0,26.47,0.0,54.71,80.59,100.0,39.01
2018-01-07 05:37:00,2,1,58.31,85.0,55.0,42.38,45.0,58.31,0.8,0.0,5.63,45.0,45.0,0.0,0.0,0.0,120.0,45.0,0.0,0.88,0.0,0.0,0.0,26.45,0.0,54.72,80.65,100.0,39.01
2018-01-07 05:38:00,2,1,58.3,85.0,55.0,42.37,45.0,58.3,0.8,0.0,5.63,45.0,45.0,0.0,0.0,0.0,120.0,45.0,0.0,0.88,0.0,0.0,0.0,26.44,0.0,54.73,80.7,100.0,39.01
2018-01-07 05:39:00,2,1,58.29,85.0,55.0,42.36,45.0,58.29,0.8,0.0,5.63,45.0,45.0,0.0,0.0,0.0,120.0,45.0,0.0,0.88,0.0,0.0,0.0,26.42,0.0,54.74,80.76,100.0,39.01
2018-01-07 05:40:00,2,1,58.29,85.0,55.0,42.35,45.0,58.29,0.8,0.0,5.63,45.0,45.0,0.0,0.0,0.0,120.0,45.0,0.0,0.88,0.0,0.0,0.0,26.4,0.0,54.75,80.82,100.0,39.01
2018-01-07 05:41:00,2,1,58.28,85.0,55.0,42.33,45.0,58.28,0.8,0.0,5.63,45.0,45.0,0.0,0.0,0.0,120.0,45.0,0.0,0.88,0.0,0.0,0.0,26.38,0.0,54.76,80.88,100.0,39.0
2018-01-07 05:42:00,2,1,58.28,85.0,55.0,42.32,45.0,58.28,0.8,0.0,5.63,45.0,45.0,0.0,0.0,0.0,120.0,45.0,0.0,0.88,0.0,0.0,0.0,26.37,0.0,54.77,80.94,100.0,39.0
2018-01-07 05:43:00,2,1,58.27,85.0,55.0,42.31,45.0,58.27,0.8,0.0,5.63,45.0,45.0,0.0,0.0,0.0,120.0,45.0,0.0,0.88,0.0,0.0,0.0,26.35,0.0,54.78,81.0,100.0,39.0
2018-01-07 05:44:00,2,1,58.27,85.0,55.0,42.3,45.0,58.27,0.8,0.0,5.63,45.0,45.0,0.0,0.0,0.0,120.0,45.0,0.0,0.88,0.0,0.0,0.0,26.33,0.0,54.79,81.06,100.0,39.0
2018-01-07 05:45:00,2,1,58.26,85.0,55.0,42.29,45.0,58.26,0.8,0.0,5.63,45.0,45.0,0.0,0.0,0.0,120.0,45.0,0.0,0.88,0.0,0.0,0.0,26.31,0.0,54.8,81.11,100.0,38.99
2018-01-07 05:46:00,2,1,58.26,85.0,55.0,42.28,45.0,58.26,0.8,0.0,5.63,45.0,45.0,0.0,0.0,0.0,120.0,45.0,0.0,0.88,0.0,0.0,0.0,26.3,0.0,54.81,81.17,100.0,38.99
2018-01-07 05:47:00,2,1,58.25,85.0,55.0,42.27,45.0,58.25,0.8,0.0,5.63,45.0,45.0,0.0,0.0,0.0,120.0,45.0,0.0,0.88,0.0,0.0,0.0,26.28,0.0,54.82,81.23,100.0,38.99
2018-01-07 05:48:00,2,1,58.25,85.0,55.0,42.25,45.0,58.25,0.8,0.0,5.63,45.0,45.0,0.0,0.0,0.0,120.0,45.0,0.0,0.88,0.0,0.0,0.0,26.26,0.0,54.83,81.29,100.0,38.99
2018-01-07 05:49:00,2,1,58.24,85.0,55.0,42.24,45.0,58.24,0.8,0.0,5.63,45.0,45.0,0.0,0.0,0.0,120.0,45.0,0.0,0.88,0.0,0.0,0.0,26.25,0.0,54.84,81.35,100.0,38.99
2018-01-07 05:50:00,2,1,58.23,85.0,55.0,42.23,45.0,58.23,0.8,0.0,5.63,45.0,45.0,0.0,0.0,0.0,120.0,45.0,0.0,0.88,0.0,0.0,0.0,26.23,0.0,54.86,81.41,100.0,38.98
2018-01-07 05:51:00,2,1,58.23,85.0,55.0,42.22,45.0,58.23,0.8,0.0,5.63,45.0,45.0,0.0,0.0,0.0,120.0,45.0,0.0,0.88,0.0,0.0,0.0,26.21,0.0,54.87,81.46,100.0,38.98
2018-01-07 05:52:00,2,1,58.22,85.0,55.0,42.21,45.0,58.22,0.8,0.0,5.63,45.0,45.0,0.0,0.0,0.0,120.0,45.0,0.0,0.88,0.0,0.0,0.0,26.19,0.0,54.88,81.52,100.0,38.98
2018-01-07 05:53:00,2,1,58.22,85.0,55.0,42.2,45.0,58.22,0.8,0.0,5.63,45.0,44.99,0.0,0.0,0.0,120.0,45.0,0.0,0.88,0.0,0.0,0.0,26.18,0.0,54.89,81.58,100.0,38.98
2018-01-07 05:54:00,2,1,58.21,85.0,55.0,42.19,45.0,58.21,0.8,0.0,5.63,45.0,44.99,0.0,0.0,0.0,120.0,45.0,0.0,0.88,0.0,0.0,0.0,26.16,0.0,54.9,81.64,100.0,38.97
2018-01-07 05:55:00,2,1,58.21,85.0,55.0,42.18,45.0,58.21,0.8,0.0,5.63,45.0,44.99,0.0,0.0,0.0,120.0,45.0,0.0,0.88,0.0,0.0,0.0,26.15,0.0,54.91,81.69,100.0,38.97
2018-01-07 05:56:00,2,1,58.2,85.0,55.0,42.17,45.0,58.2,0.8,0.0,5.63,45.0,44.99,0.0,0.0,0.0,120.0,45.0,0.0,0.88,0.0,0.0,0.0,26.13,0.0,54.92,81.75,100.0,38.97
2018-01-07 05:57:00,2,1,58.2,85.0,55.0,42.15,45.0,58.2,0.8,0.0,5.63,45.0,44.99,0.0,0.0,0.0,120.0,45.0,0.0,0.88,0.0,0.0,0.0,26.11,0.0,54.93,81.8,100.0,38.97
2018-01-07 05:58:00,2,1,58.19,85.0,55.0,42.14,45.0,58.19,0.8,0.0,5.63,45.0,44.99,0.0,0.0,0.0,120.0,45.0,0.0,0.88,0.0,0.0,0.0,26.1,0.0,54.94,81.86,100.0,38.97
2018-01-07 05:59:00,2,1,58.19,85.0,55.0,42.13,45.0,58.19,0.8,0.0,5.63,45.0,44.99,0.0,0.0,0.0,120.0,45.0,0.0,0.88,0.0,0.0,0.0,26.08,0.0,54.95,81.91,100.0,38.96
2018-01-07 06:00:00,2,1,58.18,85.0,55.0,42.12,45.0,58.18,0.8,0.0,5.63,45.0,44.99,0.0,0.0,0.0,120.0,45.0,0.0,0.88,0.0,0.0,0.0,26.07,0.0,54.95,81.96,100.0,38.96
2018-01-07 06:01:00,2,1,58.17,85.0,55.0,42.12,45.0,58.17,0.8,0.0,5.63,45.0,44.99,0.0,0.0,0.0,120.0,45.0,0.0,0.88,0.0,0.0,0.0,26.06,0.0,54.96,82.0,100.0,38.96
2018-01-07 06:02:00,2,1,58.17,85.0,55.0,42.11,45.0,58.17,0.8,0.0,5.63,45.0,44.99,0.0,0.0,0.0,120.0,45.0,0.0,0.88,0.0,0.0,0.0,26.05,0.0,54.96,82.01,100.0,38.96
2018-01-07 06:03:00,2,1,58.16,85.0,55.0,42.11,45.0,58.16,0.8,0.0,5.63,45.0,44.99,0.0,0.0,0.0,120.0,45.0,0.0,0.88,0.0,0.0,0.0,26.05,0.0,54.96,82.03,100.0,38.95
2018-01-07 06:04:00,2,1,58.16,85.0,55.0,42.1,45.0,58.16,0.8,0.0,5.63,45.0,44.99,0.0,0.0,0.0,120.0,45.0,0.0,0.88,0.0,0.0,0.0,26.04,0.0,54.96,82.05,100.0,38.95
2018-01-07 06:05:00,2,1,58.15,85.0,55.0,42.1,45.0,58.15,0.8,0.0,5.63,45.0,44.99,0.0,0.0,0.0,120.0,45.0,0.0,0.88,0.0,0.0,0.0,26.04,0.0,54.96,82.06,100.0,38.95
2018-01-07 06:06:00,2,1,58.15,85.0,55.0,42.09,45.0,58.15,0.8,0.0,5.63,45.0,44.99,0.0,0.0,0.0,120.0,45.0,0.0,0.88,0.0,0.0,0.0,26.04,0.0,54.97,82.07,100.0,38.95
2018-01-07 06:07:00,2,1,58.14,85.0,55.0,42.09,45.0,58.14,0.8,0.0,5.63,45.0,44.99,0.0,0.0,0.0,120.0,45.0,0.0,0.88,0.0,0.0,0.0,26.03,0.0,54.97,82.09,100.0,38.94
2018-01-07 06:08:00,2,1,58.14,85.0,55.0,42.08,45.0,58.14,0.8,0.0,5.63,45.0,44.99,0.0,0.0,0.0,120.0,45.0,0.0,0.88,0.0,0.0,0.0,26.03,0.0,54.97,82.1,100.0,38.94
2018-01-07 06:09:00,2,1,58.13,85.0,55.0,42.08,45.0,58.13,0.8,0.0,5.63,45.0,44.99,0.0,0.0,0.0,120.0,45.0,0.0,0.88,0.0,0.0,0.0,26.03,0.0,54.97,82.11,100.0,38.94
2018-01-07 06:10:00,2,1,58.13,85.0,55.0,42.08,45.0,58.13,0.8,0.0,5.63,45.0,44.99,0.0,0.0,0.0,120.0,45.0,0.0,0.88,0.0,0.0,0.0,26.02,0.0,54.97,82.12,100.0,38.94
2018-01-07 06:11:00,2,1,58.12,85.0,55.0,42.07,45.0,58.12,0.8,0.0,5.63,45.0,44.99,0.0,0.0,0.0,120.0,45.0,0.0,0.88,0.0,0.0,0.0,26.02,0.0,54.97,82.13,100.0,38.93
2018-01-07 06:12:00,2,1,58.12,85.0,55.0,42.07,45.0,58.12,0.8,0.0,5.63,45.0,44.99,0.0,0.0,0.0,120.0,45.0,0.0,0.88,0.0,0.0,0.0,26.02,0.0,54.97,82.14,100.0,38.93
2018-01-07 06:13:00,2,1,58.11,85.0,55.0,42.06,45.0,58.11,0.8,0.0,5.63,45.0,44.99,0.0,0.0,0.0,120.0,45.0,0.0,0.88,0.0,0.0,0.0,26.02,0.0,54.96,82.14,100.0,38.93
2018-01-07 06:14:00,2,1,58.11,85.0,55.0,42.06,45.0,58.11,0.8,0.0,5.63,45.0,44.99,0.0,0.0,0.0,120.0,45.0,0.0,0.88,0.0,0.0,0.0,26.01,0.0,54.96,82.15,100.0,38.93
2018-01-07 06:15:00,2,1,58.1,85.0,55.0,42.06,45.0,58.1,0.8,0.0,5.63,45.0,44.99,0.0,0.0,0.0,120.0,45.0,0.0,0.88,0.0,0.0,0.0,26.01,0.0,54.96,82.16,100.0,38.92
2018-01-07 06:16:00,2,1,58.1,85.0,55.0,42.05,45.0,58.1,0.8,0.0,5.63,45.0,44.99,0.0,0.0,0.0,120.0,45.0,0.0,0.88,0.0,0.0,0.0,26.01,0.0,54.96,82.17,100.0,38.92
2018-01-07 06:17:00,2,1,58.09,85.0,55.0,42.05,45.0,58.09,0.8,0.0,5.63,45.0,44.99,0.0,0.0,0.0,120.0,45.0,0.0,0.88,0.0,0.0,0.0,26.01,0.0,54.96,82.17,100.0,38.92
2018-01-07 06:18:00,2,1,58.09,85.0,55.0,42.05,45.0,58.09,0.8,0.0,5.63,45.0,44.99,0.0,0.0,0.0,120.0,45.0,0.0,0.88,0.0,0.0,0.0,26.01,0.0,54.96,82.18,100.0,38.91
2018-01-07 06:19:00,2,1,58.09,85.0,55.0,42.05,45.0,58.09,0.8,0.0,5.63,45.0,44.99,0.0,0.0,0.0,120.0,45.0,0.0,0.88,0.0,0.0,0.0,26.01,0.0,54.96,82.18,100.0,38.91
2018-01-07 06:20:00,2,1,58.08,85.0,55.0,42.04,45.0,58.08,0.8,0.0,5.63,45.0,44.99,0.0,0.0,0.0,120.0,45.0,0.0,0.88,0.0,0.0,0.0,26.0,0.0,54.96,82.18,100.0,38.91
2018-01-07 06:21:00,2,1,58.08,85.0,55.0,42.04,45.0,58.08,0.8,0.0,5.63,45.0,44.99,0.0,0.0,0.0,120.0,45.0,0.0,0.88,0.0,0.0,0.0,26.0,0.0,54.95,82.19,100.0,38.9
2018-01-07 06:22:00,2,1,58.07,85.0,55.0,42.04,45.0,58.07,0.8,0.0,5.63,45.0,44.99,0.0,0.0,0.0,120.0,45.0,0.0,0.88,0.0,0.0,0.0,26.0,0.0,54.95,82.19,100.0,38.9
2018-01-07 06:23:00,2,1,58.07,85.0,55.0,42.03,45.0,58.07,0.8,0.0,5.63,45.0,44.99,0.0,0.0,0.0,120.0,45.0,0.0,0.88,0.0,0.0,0.0,26.0,0.0,54.95,82.19,100.0,38.9
2018-01-07 06:24:00,2,1,58.06,85.0,55.0,42.03,45.0,58.06,0.8,0.0,5.63,45.0,44.99,0.0,0.0,0.0,120.0,45.0,0.0,0.88,0.0,0.0,0.0,26.0,0.0,54.95,82.19,100.0,38.89
2018-01-07 06:25:00,2,1,58.06,85.0,55.0,42.03,45.0,58.06,0.8,0.0,5.63,45.0,44.99,0.0,0.0,0.0,120.0,45.0,0.0,0.88,0.0,0.0,0.0,26.0,0.0,54.94,82.19,100.0,38.89
2018-01-07 06:26:00,2,1,58.05,85.0,55.0,42.03,45.0,58.05,0.8,0.0,5.63,45.0,44.99,0.0,0.0,0.0,120.0,45.0,0.0,0.88,0.0,0.0,0.0,26.0,0.0,54.94,82.19,100.0,38.89
2018-01-07 06:27:00,2,1,58.05,85.0,55.0,42.03,45.0,58.05,0.8,0.0,5.63,45.0,44.99,0.0,0.0,0.0,120.0,45.0,0.0,0.88,0.0,0.0,0.0,26.0,0.0,54.94,82.19,100.0,38.89
2018-01-07 06:28:00,2,1,58.04,85.0,55.0,42.02,45.0,58.04,0.8,0.0,5.63,45.0,44.99,0.0,0.0,0.0,120.0,45.0,0.0,0.88,0.0,0.0,0.0,26.0,0.0,54.94,82.19,100.0,38.88
2018-01-07 06:29:00,2,1,58.04,85.0,55.0,42.02,45.0,58.04,0.8,0.0,5.63,45.0,44.99,0.0,0.0,0.0,120.0,45.0,0.0,0.88,0.0,0.0,0.0,26.0,0.0,54.93,82.19,100.0,38.88
2018-01-07 06:30:00,2,1,58.03,85.0,55.0,42.02,45.0,58.03,0.8,0.0,5.63,45.0,44.99,0.0,0.0,0.0,120.0,45.0,0.0,0.88,0.0,0.0,0.0,26.0,0.0,54.93,82.19,100.0,38.88
2018-01-07 06:31:00,2,1,58.03,85.0,55.0,42.02,45.0,58.03,0.8,0.0,5.63,45.0,44.99,0.0,0.0,0.0,120.0,45.0,0.0,0.88,0.0,0.0,0.0,26.0,0.0,54.93,82.19,100.0,38.87
2018-01-07 06:32:00,2,1,58.03,85.0,55.0,42.02,45.0,58.03,0.8,0.0,5.63,45.0,44.99,0.0,0.0,0.0,120.0,45.0,0.0,0.88,0.0,0.0,0.0,26.0,0.0,54.92,82.18,100.0,38.87
2018-01-07 06:33:00,2,1,58.02,85.0,55.0,42.01,45.0,58.02,0.8,0.0,5.63,45.0,44.99,0.0,0.0,0.0,120.0,45.0,0.0,0.88,0.0,0.0,0.0,26.01,0.0,54.92,82.18,100.0,38.87
2018-01-07 06:34:00,2,1,58.02,85.0,55.0,42.01,45.0,58.02,0.8,0.0,5.63,45.0,44.99,0.0,0.0,0.0,120.0,45.0,0.0,0.88,0.0,0.0,0.0,26.01,0.0,54.92,82.18,100.0,38.86
2018-01-07 06:35:00,2,1,58.01,85.0,55.0,42.01,45.0,58.01,0.8,0.0,5.63,45.0,44.99,0.0,0.0,0.0,120.0,45.0,0.0,0.88,0.0,0.0,0.0,26.01,0.0,54.91,82.17,100.0,38.86
2018-01-07 06:36:00,2,1,58.01,85.0,55.0,42.01,45.0,58.01,0.8,0.0,5.63,45.0,44.99,0.0,0.0,0.0,120.0,45.0,0.0,0.88,0.0,0.0,0.0,26.01,0.0,54.91,82.17,100.0,38.86
2018-01-07 06:37:00,2,1,58.0,85.0,55.0,42.01,45.0,58.0,0.8,0.0,5.63,45.0,44.99,0.0,0.0,0.0,120.0,45.0,0.0,0.88,0.0,0.0,0.0,26.01,0.0,54.91,82.16,100.0,38.85
2018-01-07 06:38:00,2,1,58.0,85.0,55.0,42.01,45.0,58.0,0.8,0.0,5.63,45.0,44.99,0.0,0.0,0.0,120.0,45.0,0.0,0.88,0.0,0.0,0.0,26.01,0.0,54.9,82.16,100.0,38.85
2018-01-07 06:39:00,2,1,57.99,85.0,55.0,42.0,45.0,57.99,0.8,0.0,5.63,45.0,44.99,0.0,0.0,0.0,120.0,45.0,0.0,0.88,0.0,0.0,0.0,26.01,0.0,54.9,82.15,100.0,38.85
2018-01-07 06:40:00,2,1,57.99,85.0,55.0,42.0,45.0,57.99,0.8,0.0,5.63,45.0,44.99,0.0,0.0,0.0,120.0,45.0,0.0,0.88,0.0,0.0,0.0,26.01,0.0,54.89,82.15,100.0,38.84
2018-01-07 06:41:00,2,1,57.99,85.0,55.0,42.0,45.0,57.99,0.8,0.0,5.63,45.0,44.99,0.0,0.0,0.0,120.0,45.0,0.0,0.88,0.0,0.0,0.0,26.02,0.0,54.89,82.14,100.0,38.84
2018-01-07 06:42:00,2,1,57.98,85.0,55.0,42.0,45.0,57.98,0.8,0.0,5.63,45.0,44.99,0.0,0.0,0.0,120.0,45.0,0.0,0.88,0.0,0.0,0.0,26.02,0.0,54.89,82.14,100.0,38.84
2018-01-07 06:43:00,2,1,57.98,85.0,55.0,42.0,45.0,57.98,0.8,0.0,5.63,45.0,44.99,0.0,0.0,0.0,120.0,45.0,0.0,0.88,0.0,0.0,0.0,26.02,0.0,54.88,82.13,100.0,38.83
2018-01-07 06:44:00,2,1,57.97,85.0,55.0,42.0,45.0,57.97,0.8,0.0,5.63,45.0,44.99,0.0,0.0,0.0,120.0,45.0,0.0,0.88,0.0,0.0,0.0,26.02,0.0,54.88,82.12,100.0,38.83
2018-01-07 06:45:00,2,1,57.97,85.0,55.0,42.0,45.0,57.97,0.8,0.0,5.63,45.0,44.99,0.0,0.0,0.0,120.0,45.0,0.0,0.88,0.0,0.0,0.0,26.02,0.0,54.87,82.12,100.0,38.83
2018-01-07 06:46:00,2,1,57.96,85.0,55.0,41.99,45.0,57.96,0.8,0.0,5.63,45.0,44.99,0.0,0.0,0.0,120.0,45.0,0.0,0.88,0.0,0.0,0.0,26.03,0.0,54.87,82.11,100.0,38.82
2018-01-07 06:47:00,2,1,57.96,85.0,55.0,41.99,45.0,57.96,0.8,0.0,5.63,45.0,44.99,0.0,0.0,0.0,120.0,45.0,0.0,0.88,0.0,0.0,0.0,26.03,0.0,54.86,82.1,100.0,38.82
2018-01-07 06:48:00,2,1,57.95,85.0,55.0,41.99,45.0,57.95,0.8,0.0,5.63,45.0,44.99,0.0,0.0,0.0,120.0,45.0,0.0,0.88,0.0,0.0,0.0,26.03,0.0,54.86,82.09,100.0,38.82
2018-01-07 06:49:00,2,1,57.95,85.0,55.0,41.99,45.0,57.95,0.8,0.0,5.63,45.0,44.99,0.0,0.0,0.0,120.0,45.0,0.0,0.88,0.0,0.0,0.0,26.03,0.0,54.86,82.09,100.0,38.81
2018-01-07 06:50:00,2,1,57.95,85.0,55.0,41.99,45.0,57.95,0.8,0.0,5.63,45.0,44.99,0.0,0.0,0.0,120.0,45.0,0.0,0.88,0.0,0.0,0.0,26.03,0.0,54.85,82.08,100.0,38.81
2018-01-07 06:51:00,2,1,57.94,85.0,55.0,41.99,45.0,57.94,0.8,0.0,5.63,45.0,44.99,0.0,0.0,0.0,120.0,45.0,0.0,0.88,0.0,0.0,0.0,26.04,0.0,54.85,82.07,100.0,38.81
2018-01-07 06:52:00,2,1,57.94,85.0,55.0,41.99,45.0,57.94,0.8,0.0,5.63,45.0,44.99,0.0,0.0,0.0,120.0,45.0,0.0,0.88,0.0,0.0,0.0,26.04,0.0,54.84,82.06,100.0,38.8
2018-01-07 06:53:00,2,1,57.93,85.0,55.0,41.99,45.0,57.93,0.8,0.0,5.63,45.0,44.99,0.0,0.0,0.0,120.0,45.0,0.0,0.88,0.0,0.0,0.0,26.04,0.0,54.84,82.05,100.0,38.8
2018-01-07 06:54:00,2,1,57.93,85.0,55.0,41.99,45.0,57.93,0.8,0.0,5.63,45.0,44.99,0.0,0.0,0.0,120.0,45.0,0.0,0.88,0.0,0.0,0.0,26.04,0.0,54.83,82.04,100.0,38.79
2018-01-07 06:55:00,2,1,57.92,85.0,55.0,41.99,45.0,57.92,0.8,0.0,5.63,45.0,44.99,0.0,0.0,0.0,120.0,45.0,0.0,0.88,0.0,0.0,0.0,26.05,0.0,54.83,82.04,100.0,38.79
2018-01-07 06:56:00,2,1,57.92,85.0,55.0,41.98,45.0,57.92,0.8,0.0,5.63,45.0,44.99,0.0,0.0,0.0,120.0,45.0,0.0,0.88,0.0,0.0,0.0,26.05,0.0,54.82,82.03,100.0,38.79
2018-01-07 06:57:00,2,1,57.92,85.0,55.0,41.98,45.0,57.92,0.8,0.0,5.63,45.0,44.99,0.0,0.0,0.0,120.0,45.0,0.0,0.88,0.0,0.0,0.0,26.05,0.0,54.82,82.02,100.0,38.78
2018-01-07 06:58:00,2,1,57.91,85.0,55.0,41.98,45.0,57.91,0.8,0.0,5.63,45.0,44.99,0.0,0.0,0.0,120.0,45.0,0.0,0.88,0.0,0.0,0.0,26.05,0.0,54.81,82.01,100.0,38.78
2018-01-07 06:59:00,2,1,57.91,85.0,55.0,41.98,45.0,57.91,0.8,0.0,5.63,45.0,44.99,0.0,0.0,0.0,120.0,45.0,0.0,0.88,0.0,0.0,0.0,26.06,0.0,54.81,82.0,100.0,38.78
2018-01-07 07:00:00,2,1,57.9,85.0,55.0,41.98,45.0,57.9,0.8,0.0,5.63,45.0,44.99,0.0,0.0,0.0,120.0,45.0,0.0,0.88,0.0,0.0,0.0,26.06,0.0,54.81,81.99,100.0,38.77
2018-01-07 07:01:00,2,1,57.9,85.0,55.0,41.98,45.0,57.9,0.8,0.0,5.63,45.0,44.99,0.0,0.0,0.0,120.0,45.0,0.0,0.88,0.0,0.0,0.0,26.06,0.0,54.8,81.99,100.0,38.77
2018-01-07 07:02:00,2,1,57.89,85.0,55.0,41.97,45.0,57.89,0.8,0.0,5.63,45.0,44.99,0.0,0.0,0.0,120.0,45.0,0.0,0.88,0.0,0.0,0.0,26.05,0.0,54.8,81.98,100.0,38.77
2018-01-07 07:03:00,2,1,57.89,85.0,55.0,41.97,45.0,57.89,0.8,0.0,5.63,45.0,44.99,0.0,0.0,0.0,120.0,45.0,0.0,0.88,0.0,0.0,0.0,26.05,0.0,54.79,81.98,100.0,38.77
2018-01-07 07:04:00,2,1,57.88,85.0,55.0,41.96,45.0,57.88,0.8,0.0,5.63,45.0,44.99,0.0,0.0,0.0,120.0,45.0,0.0,0.88,0.0,0.0,0.0,26.04,0.0,54.79,81.98,100.0,38.77
2018-01-07 07:05:00,2,1,57.87,85.0,55.0,41.96,45.0,57.87,0.8,0.0,5.63,45.0,44.99,0.0,0.0,0.0,120.0,45.0,0.0,0.88,0.0,0.0,0.0,26.04,0.0,54.79,81.97,100.0,38.77
2018-01-07 07:06:00,2,1,57.87,85.0,55.0,41.95,45.0,57.87,0.8,0.0,5.63,45.0,44.99,0.0,0.0,0.0,120.0,45.0,0.0,0.88,0.0,0.0,0.0,26.03,0.0,54.79,81.97,100.0,38.77
2018-01-07 07:07:00,2,1,57.86,85.0,55.0,41.94,45.0,57.86,0.8,0.0,5.63,45.0,44.99,0.0,0.0,0.0,120.0,45.0,0.0,0.88,0.0,0.0,0.0,26.02,0.0,54.79,81.97,100.0,38.77
2018-01-07 07:08:00,2,1,57.85,85.0,55.0,41.94,45.0,57.85,0.8,0.0,5.63,45.0,44.99,0.0,0.0,0.0,120.0,45.0,0.0,0.88,0.0,0.0,0.0,26.02,0.0,54.79,81.96,100.0,38.77
2018-01-07 07:09:00,2,1,57.84,85.0,55.0,41.93,45.0,57.84,0.8,0.0,5.63,45.0,44.99,0.0,0.0,0.0,120.0,45.0,0.0,0.88,0.0,0.0,0.0,26.01,0.0,54.79,81.96,100.0,38.77
2018-01-07 07:10:00,2,1,57.84,85.0,55.0,41.92,45.0,57.84,0.8,0.0,5.63,45.0,44.99,0.0,0.0,0.0,120.0,45.0,0.0,0.88,0.0,0.0,0.0,26.01,0.0,54.79,81.96,100.0,38.77
2018-01-07 07:11:00,2,1,57.83,85.0,55.0,41.92,45.0,57.83,0.8,0.0,5.63,45.0,44.99,0.0,0.0,0.0,120.0,45.0,0.0,0.88,0.0,0.0,0.0,26.0,0.0,54.79,81.96,100.0,38.77
2018-01-07 07:12:00,2,1,57.82,85.0,55.0,41.91,45.0,57.82,0.8,0.0,5.63,45.0,44.99,0.0,0.0,0.0,120.0,45.0,0.0,0.88,0.0,0.0,0.0,26.0,0.0,54.79,81.95,100.0,38.77
2018-01-07 07:13:00,2,1,57.81,85.0,55.0,41.9,45.0,57.81,0.8,0.0,5.63,45.0,44.99,0.0,0.0,0.0,120.0,45.0,0.0,0.88,0.0,0.0,0.0,25.99,0.0,54.79,81.95,100.0,38.78
2018-01-07 07:14:00,2,1,57.8,85.0,55.0,41.9,45.0,57.8,0.8,0.0,5.63,45.0,44.99,0.0,0.0,0.0,120.0,45.0,0.0,0.88,0.0,0.0,0.0,25.99,0.0,54.8,81.95,100.0,38.78
2018-01-07 07:15:00,2,1,57.79,85.0,55.0,41.89,45.0,57.79,0.8,0.0,5.63,45.0,44.99,0.0,0.0,0.0,120.0,45.0,0.0,0.88,0.0,0.0,0.0,25.98,0.0,54.8,81.94,100.0,38.78
2018-01-07 07:16:00,2,1,57.78,85.0,55.0,41.88,45.0,57.78,0.8,0.0,5.63,45.0,44.99,0.0,0.0,0.0,120.0,45.0,0.0,0.88,0.0,0.0,0.0,25.98,0.0,54.8,81.94,100.0,38.78
2018-01-07 07:17:00,2,1,57.77,85.0,55.0,41.87,45.0,57.77,0.8,0.0,5.63,45.0,44.99,0.0,0.0,0.0,120.0,45.0,0.0,0.88,0.0,0.0,0.0,25.98,0.0,54.8,81.94,100.0,38.79
2018-01-07 07:18:00,2,1,57.76,85.0,55.0,41.87,45.0,57.76,0.8,0.0,5.63,45.0,44.99,0.0,0.0,0.0,120.0,45.0,0.0,0.88,0.0,0.0,0.0,25.97,0.0,54.8,81.94,100.0,38.79
2018-01-07 07:19:00,2,1,57.75,85.0,55.0,41.86,45.0,57.75,0.8,0.0,5.63,45.0,44.99,0.0,0.0,0.0,120.0,45.0,0.0,0.88,0.0,0.0,0.0,25.97,0.0,54.81,81.93,100.0,38.79
2018-01-07 07:20:00,2,1,57.75,85.0,55.0,41.85,45.0,57.75,0.8,0.0,5.63,45.0,44.99,0.0,0.0,0.0,120.0,45.0,0.0,0.88,0.0,0.0,0.0,25.96,0.0,54.81,81.93,100.0,38.8
2018-01-07 07:21:00,2,1,57.74,85.0,55.0,41.85,45.0,57.74,0.8,0.0,5.63,45.0,44.99,0.0,0.0,0.0,120.0,45.0,0.0,0.88,0.0,0.0,0.0,25.96,0.0,54.81,81.93,100.0,38.8
2018-01-07 07:22:00,2,1,57.73,85.0,55.0,41.84,45.0,57.73,0.8,0.0,5.63,45.0,44.99,0.0,0.0,0.0,120.0,45.0,0.0,0.88,0.0,0.0,0.0,25.96,0.0,54.81,81.93,100.0,38.8
2018-01-07 07:23:00,2,1,57.72,85.0,55.0,41.84,45.0,57.72,0.8,0.0,5.63,45.0,44.99,0.0,0.0,0.0,120.0,45.0,0.0,0.88,0.0,0.0,0.0,25.95,0.0,54.81,81.93,100.0,38.8
2018-01-07 07:24:00,2,1,57.71,85.0,55.0,41.83,45.0,57.71,0.8,0.0,5.63,45.0,44.99,0.0,0.0,0.0,120.0,45.0,0.0,0.88,0.0,0.0,0.0,25.95,0.0,54.82,81.92,100.0,38.81
2018-01-07 07:25:00,2,1,57.7,85.0,55.0,41.82,45.0,57.7,0.8,0.0,5.63,45.0,44.99,0.0,0.0,0.0,120.0,45.0,0.0,0.88,0.0,0.0,0.0,25.95,0.0,54.82,81.92,100.0,38.81
2018-01-07 07:26:00,2,1,57.69,85.0,55.0,41.82,45.0,57.69,0.8,0.0,5.63,45.0,44.99,0.0,0.0,0.0,120.0,45.0,0.0,0.88,0.0,0.0,0.0,25.95,0.0,54.82,81.92,100.0,38.81
2018-01-07 07:27:00,2,1,57.68,85.0,55.0,41.81,45.0,57.68,0.8,0.0,5.63,45.0,44.99,0.0,0.0,0.0,120.0,45.0,0.0,0.88,0.0,0.0,0.0,25.94,0.0,54.82,81.92,100.0,38.81
2018-01-07 07:28:00,2,1,57.67,85.0,55.0,41.81,45.0,57.67,0.8,0.0,5.63,45.0,44.99,0.0,0.0,0.0,120.0,45.0,0.0,0.88,0.0,0.0,0.0,25.94,0.0,54.82,81.92,100.0,38.81
2018-01-07 07:29:00,2,1,57.67,85.0,55.0,41.8,45.0,57.67,0.8,0.0,5.63,45.0,44.99,0.0,0.0,0.0,120.0,45.0,0.0,0.88,0.0,0.0,0.0,25.94,0.0,54.83,81.92,100.0,38.82
2018-01-07 07:30:00,2,1,57.66,85.0,55.0,41.8,45.0,57.66,0.8,0.0,5.63,45.0,44.99,0.0,0.0,0.0,120.0,45.0,0.0,0.88,0.0,0.0,0.0,25.94,0.0,54.83,81.92,100.0,38.82
2018-01-07 07:31:00,2,1,57.65,85.0,55.0,41.79,45.0,57.65,0.8,0.0,5.63,45.0,44.99,0.0,0.0,0.0,120.0,45.0,0.0,0.88,0.0,0.0,0.0,25.94,0.0,54.83,81.92,100.0,38.82
2018-01-07 07:32:00,2,1,57.64,85.0,55.0,41.79,45.0,57.64,0.8,0.0,5.63,45.0,44.99,0.0,0.0,0.0,120.0,45.0,0.0,0.88,0.0,0.0,0.0,25.93,0.0,54.83,81.91,100.0,38.82
2018-01-07 07:33:00,2,1,57.63,85.0,55.0,41.78,45.0,57.63,0.8,0.0,5.63,45.0,44.99,0.0,0.0,0.0,120.0,45.0,0.0,0.88,0.0,0.0,0.0,25.93,0.0,54.83,81.91,100.0,38.82
2018-01-07 07:34:00,2,1,57.63,85.0,55.0,41.78,45.0,57.63,0.8,0.0,5.63,45.0,44.99,0.0,0.0,0.0,120.0,45.0,0.0,0.88,0.0,0.0,0.0,25.93,0.0,54.83,81.91,100.0,38.82
2018-01-07 07:35:00,2,1,57.62,85.0,55.0,41.78,45.0,57.62,0.8,0.0,5.63,45.0,44.99,0.0,0.0,0.0,120.0,45.0,0.0,0.88,0.0,0.0,0.0,25.93,0.0,54.83,81.91,100.0,38.82
2018-01-07 07:36:00,2,1,57.61,85.0,55.0,41.77,45.0,57.61,0.8,0.0,5.63,45.0,44.99,0.0,0.0,0.0,120.0,45.0,0.0,0.88,0.0,0.0,0.0,25.93,0.0,54.83,81.91,100.0,38.82
2018-01-07 07:37:00,2,1,57.6,85.0,55.0,41.77,45.0,57.6,0.8,0.0,5.63,45.0,44.99,0.0,0.0,0.0,120.0,45.0,0.0,0.88,0.0,0.0,0.0,25.93,0.0,54.83,81.91,100.0,38.82
2018-01-07 07:38:00,2,1,57.6,85.0,55.0,41.77,45.0,57.6,0.8,0.0,5.63,45.0,44.99,0.0,0.0,0.0,120.0,45.0,0.0,0.88,0.0,0.0,0.0,25.93,0.0,54.83,81.91,100.0,38.82
2018-01-07 07:39:00,2,1,57.59,85.0,55.0,41.76,45.0,57.59,0.8,0.0,5.63,45.0,44.99,0.0,0.0,0.0,120.0,45.0,0.0,0.88,0.0,0.0,0.0,25.94,0.0,54.83,81.92,100.0,38.82
2018-01-07 07:40:00,2,1,57.59,85.0,55.0,41.76,45.0,57.59,0.8,0.0,5.63,45.0,44.99,0.0,0.0,0.0,120.0,45.0,0.0,0.88,0.0,0.0,0.0,25.94,0.0,54.83,81.92,100.0,38.82
2018-01-07 07:41:00,2,1,57.58,85.0,55.0,41.76,45.0,57.58,0.8,0.0,5.63,45.0,44.99,0.0,0.0,0.0,120.0,45.0,0.0,0.88,0.0,0.0,0.0,25.94,0.0,54.83,81.92,100.0,38.82
2018-01-07 07:42:00,2,1,57.58,85.0,55.0,41.76,45.0,57.58,0.8,0.0,5.63,45.0,44.99,0.0,0.0,0.0,120.0,45.0,0.0,0.88,0.0,0.0,0.0,25.94,0.0,54.83,81.92,100.0,38.82
2018-01-07 07:43:00,2,1,57.57,85.0,55.0,41.76,45.0,57.57,0.8,0.0,5.63,45.0,44.99,0.0,0.0,0.0,120.0,45.0,0.0,0.88,0.0,0.0,0.0,25.94,0.0,54.83,81.92,100.0,38.81
2018-01-07 07:44:00,2,1,57.57,85.0,55.0,41.76,45.0,57.57,0.8,0.0,5.63,45.0,44.99,0.0,0.0,0.0,120.0,45.0,0.0,0.88,0.0,0.0,0.0,25.95,0.0,54.83,81.92,100.0,38.81
2018-01-07 07:45:00,2,1,57.56,85.0,55.0,41.76,45.0,57.56,0.8,0.0,5.63,45.0,44.99,0.0,0.0,0.0,120.0,45.0,0.0,0.88,0.0,0.0,0.0,25.95,0.0,54.82,81.92,100.0,38.81
2018-01-07 07:46:00,2,1,57.56,85.0,55.0,41.76,45.0,57.56,0.8,0.0,5.63,45.0,44.99,0.0,0.0,0.0,120.0,45.0,0.0,0.88,0.0,0.0,0.0,25.95,0.0,54.82,81.93,100.0,38.8
2018-01-07 07:47:00,2,1,57.55,85.0,55.0,41.76,45.0,57.55,0.8,0.0,5.63,45.0,44.99,0.0,0.0,0.0,120.0,45.0,0.0,0.88,0.0,0.0,0.0,25.96,0.0,54.82,81.93,100.0,38.8
2018-01-07 07:48:00,2,1,57.55,85.0,55.0,41.76,45.0,57.55,0.8,0.0,5.63,45.0,44.99,0.0,0.0,0.0,120.0,45.0,0.0,0.88,0.0,0.0,0.0,25.96,0.0,54.82,81.93,100.0,38.79
2018-01-07 07:49:00,2,1,57.55,85.0,55.0,41.76,45.0,57.55,0.8,0.0,5.63,45.0,44.99,0.0,0.0,0.0,120.0,45.0,0.0,0.88,0.0,0.0,0.0,25.97,0.0,54.81,81.93,100.0,38.79
2018-01-07 07:50:00,2,1,57.55,85.0,55.0,41.76,45.0,57.55,0.8,0.0,5.63,45.0,44.99,0.0,0.0,0.0,120.0,45.0,0.0,0.88,0.0,0.0,0.0,25.97,0.0,54.81,81.94,100.0,38.78
2018-01-07 07:51:00,2,1,57.55,85.0,55.0,41.76,45.0,57.55,0.8,0.0,5.63,45.0,44.99,0.0,0.0,0.0,120.0,45.0,0.0,0.88,0.0,0.0,0.0,25.98,0.0,54.8,81.94,100.0,38.77
2018-01-07 07:52:00,2,1,57.54,85.0,55.0,41.77,45.0,57.54,0.8,0.0,5.63,45.0,44.99,0.0,0.0,0.0,120.0,45.0,0.0,0.88,0.0,0.0,0.0,25.99,0.0,54.8,81.95,100.0,38.77
2018-01-07 07:53:00,2,1,57.54,85.0,55.0,41.77,45.0,57.54,0.8,0.0,5.63,45.0,44.99,0.0,0.0,0.0,120.0,45.0,0.0,0.88,0.0,0.0,0.0,25.99,0.0,54.79,81.95,100.0,38.76
2018-01-07 07:54:00,2,1,57.54,85.0,55.0,41.77,45.0,57.54,0.8,0.0,5.63,45.0,44.99,0.0,0.0,0.0,120.0,45.0,0.0,0.88,0.0,0.0,0.0,26.0,0.0,54.79,81.95,100.0,38.75
2018-01-07 07:55:00,2,1,57.54,85.0,55.0,41.78,45.0,57.54,0.8,0.0,5.63,45.0,44.99,0.0,0.0,0.0,120.0,45.0,0.0,0.88,0.0,0.0,0.0,26.01,0.0,54.78,81.96,100.0,38.74
2018-01-07 07:56:00,2,1,57.54,85.0,55.0,41.78,45.0,57.54,0.8,0.0,5.63,45.0,44.99,0.0,0.0,0.0,120.0,45.0,0.0,0.88,0.0,0.0,0.0,26.02,0.0,54.78,81.96,100.0,38.73
2018-01-07 07:57:00,2,1,57.55,85.0,55.0,41.79,45.0,57.55,0.8,0.0,5.63,45.0,44.99,0.0,0.0,0.0,120.0,45.0,0.0,0.88,0.0,0.0,0.0,26.03,0.0,54.77,81.97,100.0,38.72
2018-01-07 07:58:00,2,1,57.55,85.0,55.0,41.79,45.0,57.55,0.8,0.0,5.63,45.0,44.99,0.0,0.0,0.0,120.0,45.0,0.0,0.88,0.0,0.0,0.0,26.03,0.0,54.76,81.97,100.0,38.71
2018-01-07 07:59:00,2,1,57.55,85.0,55.0,41.8,45.0,57.55,0.8,0.0,5.63,45.0,44.99,0.0,0.0,0.0,120.0,45.0,0.0,0.88,0.0,0.0,0.0,26.04,0.0,54.75,81.98,100.0,38.7
2018-01-07 08:00:00,2,1,57.55,85.0,55.0,41.8,45.0,57.55,0.8,0.0,5.63,45.0,44.99,0.0,0.0,0.0,120.0,45.0,0.0,0.88,0.0,0.0,0.0,26.06,0.0,54.74,81.99,100.0,38.69
2018-01-07 08:01:00,2,1,57.56,85.0,55.0,41.81,45.0,57.56,0.8,0.0,5.63,45.0,44.99,0.0,0.0,0.0,120.0,45.0,0.0,0.88,0.0,0.0,0.0,26.07,0.0,54.74,82.02,100.0,38.67
2018-01-07 08:02:00,2,1,57.56,85.0,55.0,41.82,45.0,57.56,0.8,0.0,5.63,45.0,44.99,0.0,0.0,0.0,120.0,45.0,0.0,0.88,0.0,0.0,0.0,26.08,0.0,54.74,82.08,100.0,38.66
2018-01-07 08:03:00,2,1,57.57,85.0,55.0,41.83,45.0,57.57,0.8,0.0,5.63,45.0,44.99,0.0,0.0,0.0,120.0,45.0,0.0,0.88,0.0,0.0,0.0,26.09,0.0,54.74,82.14,100.0,38.64
2018-01-07 08:04:00,2,1,57.58,85.0,55.0,41.84,45.0,57.58,0.8,0.0,5.63,45.0,44.99,0.0,0.0,0.0,120.0,45.0,0.0,0.88,0.0,0.0,0.0,26.1,0.0,54.74,82.19,100.0,38.62
2018-01-07 08:05:00,2,1,57.59,85.0,55.0,41.85,45.0,57.59,0.8,0.0,5.63,45.0,44.99,0.0,0.0,0.0,120.0,45.0,0.0,0.88,0.0,0.0,0.0,26.12,0.0,54.73,82.25,100.0,38.6
2018-01-07 08:06:00,2,1,57.6,85.0,55.0,41.86,45.0,57.6,0.8,0.0,5.63,45.0,44.99,0.0,0.0,0.0,120.0,45.0,0.0,0.88,0.0,0.0,0.0,26.13,0.0,54.73,82.31,100.0,38.58
2018-01-07 08:07:00,2,1,57.61,85.0,55.0,41.88,45.0,57.61,0.8,0.0,5.63,45.0,44.99,0.0,0.0,0.0,120.0,45.0,0.0,0.88,0.0,0.0,0.0,26.14,0.0,54.72,82.37,100.0,38.55
2018-01-07 08:08:00,2,1,57.63,85.0,55.0,41.89,45.0,57.63,0.8,0.0,5.63,45.0,44.99,0.0,0.0,0.0,120.0,45.0,0.0,0.88,0.0,0.0,0.0,26.16,0.0,54.71,82.42,100.0,38.53
2018-01-07 08:09:00,2,1,57.64,85.0,55.0,41.91,45.0,57.64,0.8,0.0,5.63,45.0,44.99,0.0,0.0,0.0,120.0,45.0,0.0,0.88,0.0,0.0,0.0,26.18,0.0,54.7,82.48,100.0,38.5
2018-01-07 08:10:00,2,1,57.66,85.0,55.0,41.93,45.0,57.66,0.8,0.0,5.63,45.0,44.99,0.0,0.0,0.0,120.0,45.0,0.0,0.88,0.0,0.0,0.0,26.19,0.0,54.69,82.53,100.0,38.47
2018-01-07 08:11:00,2,1,57.68,85.0,55.0,41.94,45.0,57.68,0.8,0.0,5.63,45.0,44.99,0.0,0.0,0.0,120.0,45.0,0.0,0.88,0.0,0.0,0.0,26.21,0.0,54.68,82.59,100.0,38.44
2018-01-07 08:12:00,2,1,57.7,85.0,55.0,41.96,45.0,57.7,0.8,0.0,5.63,45.0,44.99,0.0,0.0,0.0,120.0,45.0,0.0,0.88,0.0,0.0,0.0,26.23,0.0,54.66,82.64,100.0,38.41
2018-01-07 08:13:00,2,1,57.72,85.0,55.0,41.98,45.0,57.72,0.8,0.0,5.63,45.0,44.99,0.0,0.0,0.0,120.0,45.0,0.0,0.88,0.0,0.0,0.0,26.24,0.0,54.65,82.7,100.0,38.37
2018-01-07 08:14:00,2,1,57.74,85.0,55.0,42.0,45.0,57.74,0.8,0.0,5.63,45.0,44.99,0.0,0.0,0.0,120.0,45.0,0.0,0.88,0.0,0.0,0.0,26.26,0.0,54.63,82.75,100.0,38.34
2018-01-07 08:15:00,2,1,57.76,85.0,55.0,42.02,45.0,57.76,0.8,0.0,5.63,45.0,44.99,0.0,0.0,0.0,120.0,45.0,0.0,0.88,0.0,0.0,0.0,26.28,0.0,54.61,82.8,100.0,38.3
2018-01-07 08:16:00,2,1,57.78,85.0,55.0,42.04,45.0,57.78,0.8,0.0,5.63,45.0,44.99,0.0,0.0,0.0,120.0,45.0,0.0,0.88,0.0,0.0,0.0,26.3,0.0,54.59,82.86,100.0,38.27
2018-01-07 08:17:00,2,1,57.8,85.0,55.0,42.06,45.0,57.8,0.8,0.0,5.63,45.0,44.99,0.0,0.0,0.0,120.0,45.0,0.0,0.88,0.0,0.0,0.0,26.32,0.0,54.57,82.91,100.0,38.23
2018-01-07 08:18:00,2,1,57.83,85.0,55.0,42.09,45.0,57.83,0.8,0.0,5.63,45.0,44.99,0.0,0.0,0.0,120.0,45.0,0.0,0.88,0.0,0.0,0.0,26.35,0.0,54.55,82.96,100.0,38.19
2018-01-07 08:19:00,2,1,57.85,85.0,55.0,42.11,45.0,57.85,0.8,0.0,5.63,45.0,44.99,0.0,0.0,0.0,120.0,45.0,0.0,0.88,0.0,0.0,0.0,26.37,0.0,54.53,83.0,100.0,38.15
2018-01-07 08:20:00,2,1,57.88,85.0,55.0,42.14,45.0,57.88,0.8,0.0,5.63,45.0,44.99,0.0,0.0,0.0,120.0,45.0,0.0,0.88,0.0,0.0,0.0,26.39,0.0,54.51,83.05,100.0,38.11
2018-01-07 08:21:00,2,1,57.91,85.0,55.0,42.16,45.0,57.91,0.8,0.0,5.63,45.0,44.99,0.0,0.0,0.0,120.0,45.0,0.0,0.88,0.0,0.0,0.0,26.42,0.0,54.48,83.09,100.0,38.07
2018-01-07 08:22:00,2,1,57.93,85.0,55.0,42.19,45.0,57.93,0.8,0.0,5.63,45.0,44.99,0.0,0.0,0.0,120.0,45.0,0.0,0.88,0.0,0.0,0.0,26.44,0.0,54.46,83.14,100.0,38.03
2018-01-07 08:23:00,2,1,57.96,85.0,55.0,42.21,45.0,57.96,0.8,0.0,5.63,45.0,45.0,0.0,0.0,0.0,120.0,45.0,0.0,0.88,0.0,0.0,0.0,26.47,0.0,54.43,83.18,100.0,37.99
2018-01-07 08:24:00,2,1,57.99,85.0,55.0,42.24,45.0,57.99,0.8,0.0,5.63,45.0,45.0,0.0,0.0,0.0,120.0,45.0,0.0,0.88,0.0,0.0,0.0,26.49,0.0,54.41,83.22,100.0,37.95
2018-01-07 08:25:00,2,1,58.02,85.0,55.0,42.27,45.0,58.02,0.8,0.0,5.63,45.0,45.0,0.0,0.0,0.0,120.0,45.0,0.0,0.88,0.0,0.0,0.0,26.52,0.0,54.38,83.26,100.0,37.9
2018-01-07 08:26:00,2,1,58.05,85.0,55.0,42.3,45.0,58.05,0.8,0.0,5.63,45.0,45.0,0.0,0.0,0.0,120.0,45.0,0.0,0.88,0.0,0.0,0.0,26.55,0.0,54.35,83.3,100.0,37.86
2018-01-07 08:27:00,2,1,58.08,85.0,55.0,42.33,45.0,58.08,0.8,0.0,5.63,45.0,45.0,0.0,0.0,0.0,120.0,45.0,0.0,0.88,0.0,0.0,0.0,26.57,0.0,54.32,83.33,100.0,37.81
2018-01-07 08:28:00,2,1,58.11,85.0,55.0,42.36,45.0,58.11,0.8,0.0,5.63,45.0,45.0,0.0,0.0,0.0,120.0,45.0,0.0,0.88,0.0,0.0,0.0,26.6,0.0,54.29,83.36,100.0,37.77
2018-01-07 08:29:00,2,1,58.15,85.0,55.0,42.39,45.0,58.15,0.8,0.0,5.63,45.0,45.0,0.0,0.0,0.0,120.0,45.0,0.0,0.88,0.0,0.0,0.0,26.63,0.0,54.25,83.4,100.0,37.72
2018-01-07 08:30:00,2,1,58.18,85.0,55.0,42.42,45.0,58.18,0.8,0.0,5.63,45.0,45.0,0.0,0.0,0.0,120.0,45.0,0.0,0.88,0.0,0.0,0.0,26.66,0.0,54.22,83.43,100.0,37.67
2018-01-07 08:31:00,2,1,58.21,85.0,55.0,42.45,45.0,58.21,0.8,0.0,5.63,45.0,45.0,0.0,0.0,0.0,120.0,45.0,0.0,0.88,0.0,0.0,0.0,26.7,0.0,54.19,83.45,100.0,37.62
2018-01-07 08:32:00,2,1,58.25,85.0,55.0,42.49,45.0,58.25,0.8,0.0,5.63,45.0,45.0,0.0,0.0,0.0,120.0,45.0,0.0,0.88,0.0,0.0,0.0,26.73,0.0,54.15,83.48,100.0,37.58
2018-01-07 08:33:00,2,1,58.28,85.0,55.0,42.52,45.0,58.28,0.8,0.0,5.63,45.0,45.0,0.0,0.0,0.0,120.0,45.0,0.0,0.88,0.0,0.0,0.0,26.76,0.0,54.12,83.5,100.0,37.53
2018-01-07 08:34:00,2,1,58.32,85.0,55.0,42.56,45.0,58.32,0.8,0.0,5.63,45.0,45.0,0.0,0.0,0.0,120.0,45.0,0.0,0.88,0.0,0.0,0.0,26.8,0.0,54.08,83.52,100.0,37.48
2018-01-07 08:35:00,2,1,58.35,85.0,55.0,42.59,45.0,58.35,0.8,0.0,5.63,45.0,45.0,0.0,0.0,0.0,120.0,45.0,0.0,0.88,0.0,0.0,0.0,26.83,0.0,54.04,83.54,100.0,37.43
2018-01-07 08:36:00,2,1,58.39,85.0,55.0,42.63,45.0,58.39,0.8,0.0,5.63,45.0,45.0,0.0,0.0,0.0,120.0,45.0,0.0,0.88,0.0,0.0,0.0,26.87,0.0,54.0,83.55,100.0,37.38
2018-01-07 08:37:00,2,1,58.42,85.0,55.0,42.66,45.0,58.42,0.8,0.0,5.63,45.0,45.0,0.0,0.0,0.0,120.0,45.0,0.0,0.88,0.0,0.0,0.0,26.9,0.0,53.96,83.57,100.0,37.33
2018-01-07 08:38:00,2,1,58.46,85.0,55.0,42.7,45.0,58.46,0.8,0.0,5.63,45.0,45.0,0.0,0.0,0.0,120.0,45.0,0.0,0.88,0.0,0.0,0.0,26.94,0.0,53.92,83.58,100.0,37.27
2018-01-07 08:39:00,2,1,58.5,85.0,55.0,42.74,45.0,58.5,0.8,0.0,5.63,45.0,45.0,0.0,0.0,0.0,120.0,45.0,0.0,0.88,0.0,0.0,0.0,26.98,0.0,53.88,83.58,100.0,37.22
2018-01-07 08:40:00,2,1,58.54,85.0,55.0,42.78,45.0,58.54,0.8,0.0,5.63,45.0,45.0,0.0,0.0,0.0,120.0,45.0,0.0,0.88,0.0,0.0,0.0,27.02,0.0,53.84,83.59,100.0,37.17
2018-01-07 08:41:00,2,1,58.58,85.0,55.0,42.82,45.0,58.58,0.8,0.0,5.63,45.0,45.0,0.0,0.0,0.0,120.0,45.0,0.0,0.88,0.0,0.0,0.0,27.06,0.0,53.79,83.59,100.0,37.12
2018-01-07 08:42:00,2,1,58.62,85.0,55.0,42.86,45.0,58.62,0.8,0.0,5.63,45.0,45.0,0.0,0.0,0.0,120.0,45.0,0.0,0.88,0.0,0.0,0.0,27.1,0.0,53.75,83.59,100.0,37.06
2018-01-07 08:43:00,2,1,58.66,85.0,55.0,42.9,45.0,58.66,0.8,0.0,5.63,45.0,45.0,0.0,0.0,0.0,120.0,45.0,0.0,0.88,0.0,0.0,0.0,27.14,0.0,53.7,83.59,100.0,37.01
2018-01-07 08:44:00,2,1,58.7,85.0,55.0,42.94,45.0,58.7,0.8,0.0,5.63,45.0,45.0,0.0,0.0,0.0,120.0,45.0,0.0,0.88,0.0,0.0,0.0,27.19,0.0,53.66,83.58,100.0,36.96
2018-01-07 08:45:00,2,1,58.74,85.0,55.0,42.98,45.0,58.74,0.8,0.0,5.63,45.0,45.0,0.0,0.0,0.0,120.0,45.0,0.0,0.88,0.0,0.0,0.0,27.23,0.0,53.61,83.57,100.0,36.9
2018-01-07 08:46:00,2,1,58.78,85.0,55.0,43.03,45.0,58.78,0.8,0.0,5.63,45.0,45.0,0.0,0.0,0.0,120.0,45.0,0.0,0.88,0.0,0.0,0.0,27.28,0.0,53.56,83.56,100.0,36.85
2018-01-07 08:47:00,2,1,58.82,85.0,55.0,43.07,45.0,58.82,0.8,0.0,5.63,45.0,45.0,0.0,0.0,0.0,120.0,45.0,0.0,0.88,0.0,0.0,0.0,27.32,0.0,53.51,83.54,100.0,36.79
2018-01-07 08:48:00,2,1,58.86,85.0,55.0,43.12,45.0,58.86,0.8,0.0,5.63,45.0,45.0,0.0,0.0,0.0,120.0,45.0,0.0,0.88,0.0,0.0,0.0,27.37,0.0,53.46,83.52,100.0,36.74
2018-01-07 08:49:00,2,1,58.91,85.0,55.0,43.16,45.0,58.91,0.8,0.0,5.63,45.0,45.0,0.0,0.0,0.0,120.0,45.0,0.0,0.88,0.0,0.0,0.0,27.42,0.0,53.41,83.5,100.0,36.68
2018-01-07 08:50:00,2,1,58.95,85.0,55.0,43.21,45.0,58.95,0.8,0.0,5.63,45.0,45.0,0.0,0.0,0.0,120.0,45.0,0.0,0.88,0.0,0.0,0.0,27.47,0.0,53.36,83.48,100.0,36.62
2018-01-07 08:51:00,2,1,58.99,85.0,55.0,43.25,45.0,58.99,0.8,0.0,5.63,45.0,45.0,0.0,0.0,0.0,120.0,45.0,0.0,0.88,0.0,0.0,0.0,27.52,0.0,53.31,83.45,100.0,36.57
2018-01-07 08:52:00,2,1,59.04,85.0,55.0,43.3,45.0,59.04,0.8,0.0,5.63,45.0,45.0,0.0,0.0,0.0,120.0,45.0,0.0,0.88,0.0,0.0,0.0,27.57,0.0,53.25,83.42,100.0,36.5
2018-01-07 08:53:00,2,1,59.08,85.0,55.0,43.35,45.0,59.08,0.8,0.0,5.63,45.0,45.0,0.0,0.0,0.0,120.0,45.0,0.0,0.88,0.0,0.0,0.0,27.62,0.0,53.2,83.38,100.0,36.42
2018-01-07 08:54:00,2,1,59.13,85.0,55.0,43.4,45.0,59.13,0.8,0.0,5.63,45.0,45.0,0.0,0.0,0.0,120.0,45.0,0.0,0.88,0.0,0.0,0.0,27.67,0.0,53.14,83.34,100.0,36.35
2018-01-07 08:55:00,2,1,59.17,85.0,55.0,43.45,45.0,59.17,0.8,0.0,5.63,45.0,45.0,0.0,0.0,0.0,120.0,45.0,0.0,0.88,0.0,0.0,0.0,27.73,0.0,53.09,83.3,100.0,36.28
2018-01-07 08:56:00,2,1,59.22,85.0,55.0,43.5,45.0,59.22,0.8,0.0,5.63,45.0,45.0,0.0,0.0,0.0,120.0,45.0,0.0,0.88,0.0,0.0,0.0,27.78,0.0,53.03,83.26,100.0,36.2
2018-01-07 08:57:00,2,1,59.26,85.0,55.0,43.55,45.0,59.26,0.8,0.0,5.63,45.0,45.0,0.0,0.0,0.0,120.0,45.0,0.0,0.88,0.0,0.0,0.0,27.84,0.0,52.97,83.21,100.0,36.13
2018-01-07 08:58:00,2,1,59.31,85.0,55.0,43.6,45.0,59.31,0.8,0.0,5.63,45.0,45.0,0.0,0.0,0.0,120.0,45.0,0.0,0.88,0.0,0.0,0.0,27.89,0.0,52.91,83.16,100.0,36.05
2018-01-07 08:59:00,2,1,59.35,85.0,55.0,43.65,45.0,59.35,0.8,0.0,5.63,45.0,45.0,0.0,0.0,0.0,120.0,45.0,0.0,0.88,0.0,0.0,0.0,27.95,0.0,52.85,83.1,100.0,35.98
2018-01-07 09:00:00,2,1,59.4,85.0,55.0,43.71,45.0,59.4,0.8,0.0,5.63,45.0,45.0,0.0,0.0,0.0,120.0,45.0,0.0,0.88,0.0,0.0,0.0,28.01,0.0,52.79,83.04,100.0,35.91
2018-01-07 09:01:00,2,1,59.45,85.0,55.0,43.76,45.0,59.45,0.8,0.0,5.63,45.0,45.0,0.0,0.0,0.0,120.0,45.0,0.0,0.88,0.0,0.0,0.0,28.08,0.0,52.73,82.96,100.0,35.83
2018-01-07 09:02:00,2,1,59.5,85.0,55.0,43.82,45.0,59.5,0.8,0.0,5.63,45.0,45.0,0.0,0.0,0.0,120.0,45.0,0.0,0.88,0.0,0.0,0.0,28.15,0.0,52.66,82.88,100.0,35.76
2018-01-07 09:03:00,2,1,59.54,85.0,55.0,43.88,45.0,59.54,0.8,0.0,5.63,45.0,45.0,0.0,0.0,0.0,120.0,45.0,0.0,0.88,0.0,0.0,0.0,28.22,0.0,52.6,82.78,100.0,35.68
2018-01-07 09:04:00,2,1,59.59,85.0,55.0,43.94,45.0,59.59,0.8,0.0,5.63,45.0,45.0,0.0,0.0,0.0,120.0,45.0,0.0,0.88,0.0,0.0,0.0,28.3,0.0,52.53,82.69,100.0,35.61
2018-01-07 09:05:00,2,1,59.64,85.0,55.0,44.01,45.0,59.64,0.8,0.0,5.63,45.0,45.0,0.0,0.0,0.0,120.0,45.0,0.0,0.88,0.0,0.0,0.0,28.37,0.0,52.46,82.59,100.0,35.53
2018-01-07 09:06:00,2,1,59.69,85.0,55.0,44.07,45.0,59.69,0.8,0.0,5.63,45.0,45.0,0.0,0.0,0.0,120.0,45.0,0.0,0.88,0.0,0.0,0.0,28.45,0.0,52.39,82.48,100.0,35.46
2018-01-07 09:07:00,2,1,59.73,85.0,55.0,44.13,45.0,59.73,0.8,0.0,5.63,45.0,45.0,0.0,0.0,0.0,120.0,45.0,0.0,0.88,0.0,0.0,0.0,28.53,0.0,52.32,82.38,100.0,35.38
2018-01-07 09:08:00,2,1,59.78,85.0,55.0,44.19,45.0,59.78,0.8,0.0,5.63,45.0,45.0,0.0,0.0,0.0,120.0,45.0,0.0,0.88,0.0,0.0,0.0,28.61,0.0,52.25,82.27,100.0,35.31
2018-01-07 09:09:00,2,1,59.83,85.0,55.0,44.26,45.0,59.83,0.8,0.0,5.63,45.0,45.0,0.0,0.0,0.0,120.0,45.0,0.0,0.88,0.0,0.0,0.0,28.69,0.0,52.18,82.16,100.0,35.24
2018-01-07 09:10:00,2,1,59.88,85.0,55.0,44.32,45.0,59.88,0.8,0.0,5.63,45.0,45.0,0.0,0.0,0.0,120.0,45.0,0.0,0.88,0.0,0.0,0.0,28.77,0.0,52.11,82.04,100.0,35.16
2018-01-07 09:11:00,2,1,59.93,85.0,55.0,44.39,45.0,59.93,0.8,0.0,5.63,45.0,45.0,0.0,0.0,0.0,120.0,45.0,0.0,0.88,0.0,0.0,0.0,28.85,0.0,52.03,81.92,100.0,35.09
2018-01-07 09:12:00,2,1,59.98,85.0,55.0,44.45,45.0,59.98,0.8,0.0,5.63,45.0,45.0,0.0,0.0,0.0,120.0,45.0,0.0,0.88,0.0,0.0,0.0,28.93,0.0,51.96,81.8,100.0,35.01
2018-01-07 09:13:00,2,1,60.03,85.0,55.0,44.52,45.0,60.03,0.8,0.0,5.63,45.0,45.0,0.0,0.0,0.0,120.0,45.0,0.0,0.88,0.0,0.0,0.0,29.01,0.0,51.89,81.68,100.0,34.94
2018-01-07 09:14:00,2,1,60.08,85.0,55.0,44.59,45.0,60.08,0.8,0.0,5.63,45.0,45.0,0.0,0.0,0.0,120.0,45.0,0.0,0.88,0.0,0.0,0.0,29.1,0.0,51.81,81.55,100.0,34.87
2018-01-07 09:15:00,2,1,60.13,85.0,55.0,44.66,45.0,60.13,0.8,0.0,5.63,45.0,45.0,0.0,0.0,0.0,120.0,45.0,0.0,0.88,0.0,0.0,0.0,29.18,0.0,51.74,81.42,100.0,34.79
2018-01-07 09:16:00,2,1,60.18,85.0,55.0,44.72,45.0,60.18,0.8,0.0,5.63,45.0,45.0,0.0,0.0,0.0,120.0,45.0,0.0,0.88,0.0,0.0,0.0,29.27,0.0,51.66,81.29,100.0,34.72
2018-01-07 09:17:00,2,1,60.23,85.0,55.0,44.79,45.0,60.23,0.8,0.0,5.63,45.0,45.0,0.0,0.0,0.0,120.0,45.0,0.0,0.88,0.0,0.0,0.0,29.36,0.0,51.59,81.15,100.0,34.65
2018-01-07 09:18:00,2,1,60.28,85.0,55.0,44.86,45.0,60.28,0.8,0.0,5.63,45.0,45.0,0.0,0.0,0.0,120.0,45.0,0.0,0.88,0.0,0.0,0.0,29.45,0.0,51.51,81.02,100.0,34.57
2018-01-07 09:19:00,2,1,60.33,85.0,55.0,44.93,45.0,60.33,0.8,0.0,5.63,45.0,45.0,0.0,0.0,0.0,120.0,45.0,0.0,0.88,0.0,0.0,0.0,29.54,0.0,51.43,80.88,100.0,34.5
2018-01-07 09:20:00,2,1,60.38,85.0,55.0,45.0,45.0,60.38,0.8,0.0,5.63,45.0,45.0,0.0,0.0,0.0,120.0,45.0,0.0,0.88,0.0,0.0,0.0,29.63,0.0,51.35,80.73,100.0,34.43
2018-01-07 09:21:00,2,1,60.43,85.0,55.0,45.07,45.0,60.43,0.8,0.0,5.63,45.0,45.0,0.0,0.0,0.0,120.0,45.0,0.0,0.88,0.0,0.0,0.0,29.72,0.0,51.27,80.59,100.0,34.35
2018-01-07 09:22:00,2,1,60.48,85.0,55.0,45.14,45.0,60.48,0.8,0.0,5.63,45.0,45.0,0.0,0.0,0.0,120.0,45.0,0.0,0.88,0.0,0.0,0.0,29.81,0.0,51.2,80.44,100.0,34.28
2018-01-07 09:23:00,2,1,60.53,85.0,55.0,45.22,45.0,60.53,0.8,0.0,5.63,45.0,45.0,0.0,0.0,0.0,120.0,45.0,0.0,0.88,0.0,0.0,0.0,29.9,0.0,51.12,80.28,100.0,34.21
2018-01-07 09:24:00,2,1,60.58,85.0,55.0,45.29,45.0,60.58,0.8,0.0,5.63,45.0,45.0,0.0,0.0,0.0,120.0,45.0,0.0,0.88,0.0,0.0,0.0,30.0,0.0,51.04,80.13,100.0,34.14
2018-01-07 09:25:00,2,1,60.63,85.0,55.0,45.36,45.0,60.63,0.8,0.0,5.63,45.0,45.0,0.0,0.0,0.0,120.0,45.0,0.0,0.88,0.0,0.0,0.0,30.09,0.0,50.95,79.97,100.0,34.06
2018-01-07 09:26:00,2,1,60.68,85.0,55.0,45.43,45.0,60.68,0.8,0.0,5.63,45.0,45.0,0.0,0.0,0.0,120.0,45.0,0.0,0.88,0.0,0.0,0.0,30.19,0.0,50.87,79.81,100.0,33.99
2018-01-07 09:27:00,2,1,60.73,85.0,55.0,45.51,45.0,60.73,0.8,0.0,5.63,45.0,45.0,0.0,0.0,0.0,120.0,45.0,0.0,0.88,0.0,0.0,0.0,30.29,0.0,50.79,79.65,100.0,33.92
2018-01-07 09:28:00,2,1,60.78,85.0,55.0,45.58,45.0,60.78,0.8,0.0,5.63,45.0,45.0,0.0,0.0,0.0,120.0,45.0,0.0,0.88,0.0,0.0,0.0,30.38,0.0,50.71,79.49,100.0,33.85
2018-01-07 09:29:00,2,1,60.83,85.0,55.0,45.66,45.0,60.83,0.8,0.0,5.63,45.0,45.0,0.0,0.0,0.0,120.0,45.0,0.0,0.88,0.0,0.0,0.0,30.48,0.0,50.62,79.32,100.0,33.78
2018-01-07 09:30:00,2,1,60.88,85.0,55.0,45.73,45.0,60.88,0.8,0.0,5.63,45.0,45.0,0.0,0.0,0.0,120.0,45.0,0.0,0.88,0.0,0.0,0.0,30.58,0.0,50.54,79.15,100.0,33.71
2018-01-07 09:31:00,2,1,60.93,85.0,55.0,45.81,45.0,60.93,0.8,0.0,5.63,45.0,45.0,0.0,0.0,0.0,120.0,45.0,0.0,0.88,0.0,0.0,0.0,30.68,0.0,50.46,78.98,100.0,33.64
2018-01-07 09:32:00,2,1,60.99,85.0,55.0,45.88,45.0,60.99,0.8,0.0,5.63,45.0,45.0,0.0,0.0,0.0,120.0,45.0,0.0,0.88,0.0,0.0,0.0,30.78,0.0,50.37,78.81,100.0,33.57
2018-01-07 09:33:00,2,1,61.04,85.0,55.0,45.96,45.0,61.04,0.8,0.0,5.63,45.0,45.0,0.0,0.0,0.0,120.0,45.0,0.0,0.88,0.0,0.0,0.0,30.89,0.0,50.29,78.63,100.0,33.5
2018-01-07 09:34:00,2,1,61.09,85.0,55.0,46.04,45.0,61.09,0.8,0.0,5.63,45.0,45.0,0.0,0.0,0.0,120.0,45.0,0.0,0.88,0.0,0.0,0.0,30.99,0.0,50.2,78.45,100.0,33.43
2018-01-07 09:35:00,2,1,61.14,85.0,55.0,46.12,45.0,61.14,0.8,0.0,5.63,45.0,45.0,0.0,0.0,0.0,120.0,45.0,0.0,0.88,0.0,0.0,0.0,31.09,0.0,50.11,78.27,100.0,33.36
2018-01-07 09:36:00,2,1,61.19,85.0,55.0,46.19,45.0,61.19,0.8,0.0,5.63,45.0,45.0,0.0,0.0,0.0,120.0,45.0,0.0,0.88,0.0,0.0,0.0,31.2,0.0,50.03,78.09,100.0,33.29
2018-01-07 09:37:00,2,1,61.24,85.0,55.0,46.27,45.0,61.24,0.8,0.0,5.63,45.0,45.0,0.0,0.0,0.0,120.0,45.0,0.0,0.88,0.0,0.0,0.0,31.3,0.0,49.94,77.91,100.0,33.22
2018-01-07 09:38:00,2,1,61.29,85.0,55.0,46.35,45.0,61.29,0.8,0.0,5.63,45.0,45.0,0.0,0.0,0.0,120.0,45.0,0.0,0.88,0.0,0.0,0.0,31.41,0.0,49.85,77.72,100.0,33.15
2018-01-07 09:39:00,2,1,61.34,85.0,55.0,46.43,45.0,61.34,0.8,0.0,5.63,45.0,45.0,0.0,0.0,0.0,120.0,45.0,0.0,0.88,0.0,0.0,0.0,31.51,0.0,49.76,77.53,100.0,33.08
2018-01-07 09:40:00,2,1,61.4,85.0,55.0,46.51,45.0,61.4,0.8,0.0,5.63,45.0,45.0,0.0,0.0,0.0,120.0,45.0,0.0,0.88,0.0,0.0,0.0,31.62,0.0,49.68,77.34,100.0,33.01
2018-01-07 09:41:00,2,1,61.45,85.0,55.0,46.59,45.0,61.45,0.8,0.0,5.63,45.0,45.0,0.0,0.0,0.0,120.0,45.0,0.0,0.88,0.0,0.0,0.0,31.73,0.0,49.59,77.14,100.0,32.95
2018-01-07 09:42:00,2,1,61.5,85.0,55.0,46.67,45.0,61.5,0.8,0.0,5.63,45.0,45.0,0.0,0.0,0.0,120.0,45.0,0.0,0.88,0.0,0.0,0.0,31.84,0.0,49.5,76.95,100.0,32.88
2018-01-07 09:43:00,2,1,61.55,85.0,55.0,46.75,45.0,61.55,0.8,0.0,5.63,45.0,45.0,0.0,0.0,0.0,120.0,45.0,0.0,0.88,0.0,0.0,0.0,31.95,0.0,49.41,76.75,100.0,32.81
2018-01-07 09:44:00,2,1,61.6,85.0,55.0,46.83,45.0,61.6,0.8,0.0,5.63,45.0,45.0,0.0,0.0,0.0,120.0,45.0,0.0,0.88,0.0,0.0,0.0,32.06,0.0,49.32,76.55,100.0,32.75
2018-01-07 09:45:00,2,1,61.65,85.0,55.0,46.91,45.0,61.65,0.8,0.0,5.63,45.0,45.0,0.0,0.0,0.0,120.0,45.0,0.0,0.88,0.0,0.0,0.0,32.17,0.0,49.23,76.35,100.0,32.68
2018-01-07 09:46:00,2,1,61.7,85.0,55.0,46.99,45.0,61.7,0.8,0.0,5.63,45.0,45.0,0.0,0.0,0.0,120.0,45.0,0.0,0.88,0.0,0.0,0.0,32.28,0.0,49.14,76.15,100.0,32.61
2018-01-07 09:47:00,2,1,61.75,85.0,55.0,47.07,45.0,61.75,0.8,0.0,5.63,45.0,45.0,0.0,0.0,0.0,120.0,45.0,0.0,0.88,0.0,0.0,0.0,32.4,0.0,49.04,75.94,100.0,32.55
2018-01-07 09:48:00,2,1,61.8,85.0,55.0,47.16,45.0,61.8,0.8,0.0,5.63,45.0,45.0,0.0,0.0,0.0,120.0,45.0,0.0,0.88,0.0,0.0,0.0,32.51,0.0,48.95,75.73,100.0,32.48
2018-01-07 09:49:00,2,1,61.85,85.0,55.0,47.24,45.0,61.85,0.8,0.0,5.63,45.0,45.0,0.0,0.0,0.0,120.0,45.0,0.0,0.88,0.0,0.0,0.0,32.62,0.0,48.86,75.52,100.0,32.42
2018-01-07 09:50:00,2,1,61.9,85.0,55.0,47.32,45.0,61.9,0.8,0.0,5.63,45.0,45.0,0.0,0.0,0.0,120.0,45.0,0.0,0.88,0.0,0.0,0.0,32.74,0.0,48.77,75.31,100.0,32.36
2018-01-07 09:51:00,2,1,61.96,85.0,55.0,47.4,45.0,61.96,0.8,0.0,5.63,45.0,45.0,0.0,0.0,0.0,120.0,45.0,0.0,0.88,0.0,0.0,0.0,32.85,0.0,48.67,75.1,100.0,32.29
2018-01-07 09:52:00,2,1,62.01,85.0,55.0,47.49,45.0,62.01,0.8,0.0,5.63,45.0,45.0,0.0,0.0,0.0,120.0,45.0,0.0,0.88,0.0,0.0,0.0,32.97,0.0,48.58,74.89,100.0,32.23
2018-01-07 09:53:00,2,1,62.06,85.0,55.0,47.57,45.0,62.06,0.8,0.0,5.63,45.0,45.0,0.0,0.0,0.0,120.0,45.0,0.0,0.88,0.0,0.0,0.0,33.09,0.0,48.49,74.67,100.0,32.16
2018-01-07 09:54:00,2,1,62.11,85.0,55.0,47.66,45.0,62.11,0.8,0.0,5.63,45.0,45.0,0.0,0.0,0.0,120.0,45.0,0.0,0.88,0.0,0.0,0.0,33.2,0.0,48.39,74.45,100.0,32.1
2018-01-07 09:55:00,2,1,62.16,85.0,55.0,47.74,45.0,62.16,0.8,0.0,5.63,45.0,45.0,0.0,0.0,0.0,120.0,45.0,0.0,0.88,0.0,0.0,0.0,33.32,0.0,48.3,74.23,100.0,32.04
2018-01-07 09:56:00,2,1,62.21,85.0,55.0,47.82,45.0,62.21,0.8,0.0,5.63,45.0,45.0,0.0,0.0,0.0,120.0,45.0,0.0,0.88,0.0,0.0,0.0,33.44,0.0,48.2,74.01,100.0,31.98
2018-01-07 09:57:00,2,1,62.25,85.0,55.0,47.91,45.0,62.25,0.8,0.0,5.63,45.0,45.0,0.0,0.0,0.0,120.0,45.0,0.0,0.88,0.0,0.0,0.0,33.56,0.0,48.11,73.79,100.0,31.92
2018-01-07 09:58:00,2,1,62.3,85.0,55.0,47.99,45.0,62.3,0.8,0.0,5.63,45.0,45.0,0.0,0.0,0.0,120.0,45.0,0.0,0.88,0.0,0.0,0.0,33.68,0.0,48.01,73.56,100.0,31.86
2018-01-07 09:59:00,2,1,62.35,85.0,55.0,48.08,45.0,62.35,0.8,0.0,5.63,45.0,45.0,0.0,0.0,0.0,120.0,45.0,0.0,0.88,0.0,0.0,0.0,33.8,0.0,47.91,73.34,100.0,31.8
2018-01-07 10:00:00,2,1,62.4,85.0,55.0,48.16,45.0,62.4,0.8,0.0,5.63,45.0,45.0,0.0,0.0,0.0,120.0,45.0,0.0,0.88,0.0,0.0,0.0,33.92,0.0,47.82,73.11,100.0,31.74
2018-01-07 10:01:00,2,1,62.45,85.0,55.0,48.25,45.0,62.45,0.8,0.0,5.63,45.0,45.0,0.0,0.0,0.0,120.0,45.0,0.0,0.88,0.0,0.0,0.0,34.05,0.0,47.71,72.84,100.0,31.68
2018-01-07 10:02:00,2,1,62.5,85.0,55.0,48.33,45.0,62.5,0.8,0.0,5.63,45.0,45.0,0.0,0.0,0.0,120.0,45.0,0.0,0.88,0.0,0.0,0.0,34.17,0.0,47.6,72.55,100.0,31.62
2018-01-07 10:03:00,2,1,62.55,85.0,55.0,48.42,45.0,62.55,0.8,0.0,5.63,45.0,45.0,0.0,0.0,0.0,120.0,45.0,0.0,0.88,0.0,0.0,0.0,34.3,0.0,47.48,72.25,100.0,31.56
2018-01-07 10:04:00,2,1,62.59,85.0,55.0,48.51,45.0,62.59,0.8,0.0,5.63,45.0,45.0,0.0,0.0,0.0,120.0,45.0,0.0,0.88,0.0,0.0,0.0,34.42,0.0,47.37,71.95,100.0,31.51
2018-01-07 10:05:00,2,1,62.64,85.0,55.0,48.59,45.0,62.64,0.8,0.0,5.63,45.0,45.0,0.0,0.0,0.0,120.0,45.0,0.0,0.88,0.0,0.0,0.0,34.55,0.0,47.25,71.66,100.0,31.45
2018-01-07 10:06:00,2,1,62.68,85.0,55.0,48.68,45.0,62.68,0.8,0.0,5.63,45.0,45.0,0.0,0.0,0.0,120.0,45.0,0.0,0.88,0.0,0.0,0.0,34.67,0.0,47.14,71.36,100.0,31.4
2018-01-07 10:07:00,2,1,62.73,85.0,55.0,48.76,45.0,62.73,0.8,0.0,5.63,45.0,45.0,0.0,0.0,0.0,120.0,45.0,0.0,0.88,0.0,0.0,0.0,34.8,0.0,47.03,71.06,100.0,31.35
2018-01-07 10:08:00,2,1,62.77,85.0,55.0,48.85,45.0,62.77,0.8,0.0,5.63,45.0,45.0,0.0,0.0,0.0,120.0,45.0,0.0,0.88,0.0,0.0,0.0,34.93,0.0,46.91,70.77,100.0,31.29
2018-01-07 10:09:00,2,1,62.81,85.0,55.0,48.93,45.0,62.81,0.8,0.0,5.63,45.0,45.0,0.0,0.0,0.0,120.0,45.0,0.0,0.88,0.0,0.0,0.0,35.06,0.0,46.8,70.47,100.0,31.24
2018-01-07 10:10:00,2,1,62.85,85.0,55.0,49.02,45.0,62.85,0.8,0.0,5.63,45.0,45.0,0.0,0.0,0.0,120.0,45.0,0.0,0.88,0.0,0.0,0.0,35.18,0.0,46.69,70.17,100.0,31.19
2018-01-07 10:11:00,2,1,62.9,85.0,55.0,49.1,45.0,62.9,0.8,0.0,5.63,45.0,45.0,0.0,0.0,0.0,120.0,45.0,0.0,0.88,0.0,0.0,0.0,35.31,0.0,46.57,69.87,100.0,31.14
2018-01-07 10:12:00,2,1,62.94,85.0,55.0,49.19,45.0,62.94,0.8,0.0,5.63,45.0,45.0,0.0,0.0,0.0,120.0,45.0,0.0,0.88,0.0,0.0,0.0,35.44,0.0,46.46,69.57,100.0,31.09
2018-01-07 10:13:00,2,1,62.98,85.0,55.0,49.28,45.0,62.98,0.8,0.0,5.63,45.0,45.0,0.0,0.0,0.0,120.0,45.0,0.0,0.88,0.0,0.0,0.0,35.57,0.0,46.35,69.28,100.0,31.05
2018-01-07 10:14:00,2,1,63.02,85.0,55.0,49.36,45.0,63.02,0.8,0.0,5.63,45.0,45.0,0.0,0.0,0.0,120.0,45.0,0.0,0.88,0.0,0.0,0.0,35.7,0.0,46.24,68.98,100.0,31.0
2018-01-07 10:15:00,2,1,63.06,85.0,55.0,49.45,45.0,63.06,0.8,0.0,5.63,45.0,45.0,0.0,0.0,0.0,120.0,45.0,0.0,0.88,0.0,0.0,0.0,35.83,0.0,46.12,68.68,100.0,30.95
2018-01-07 10:16:00,2,1,63.1,85.0,55.0,49.53,45.0,63.1,0.8,0.0,5.63,45.0,45.0,0.0,0.0,0.0,120.0,45.0,0.0,0.88,0.0,0.0,0.0,35.96,0.0,46.01,68.39,100.0,30.91
2018-01-07 10:17:00,2,1,63.14,85.0,55.0,49.62,45.0,63.14,0.8,0.0,5.63,45.0,45.0,0.0,0.0,0.0,120.0,45.0,0.0,0.88,0.0,0.0,0.0,36.1,0.0,45.9,68.09,100.0,30.86
2018-01-07 10:18:00,2,1,63.18,85.0,55.0,49.7,45.0,63.18,0.8,0.0,5.63,45.0,45.0,0.0,0.0,0.0,120.0,45.0,0.0,0.88,0.0,0.0,0.0,36.23,0.0,45.79,67.8,100.0,30.81
2018-01-07 10:19:00,2,1,63.21,85.0,55.0,49.79,45.0,63.21,0.8,0.0,5.63,45.0,45.0,0.0,0.0,0.0,120.0,45.0,0.0,0.88,0.0,0.0,0.0,36.36,0.0,45.68,67.5,100.0,30.77
2018-01-07 10:20:00,2,1,63.25,85.0,55.0,49.87,45.0,63.25,0.8,0.0,5.63,45.0,45.0,0.0,0.0,0.0,120.0,45.0,0.0,0.88,0.0,0.0,0.0,36.49,0.0,45.57,67.21,100.0,30.73
2018-01-07 10:21:00,2,1,63.29,85.0,55.0,49.96,45.0,63.29,0.8,0.0,5.63,45.0,45.0,0.0,0.0,0.0,120.0,45.0,0.0,0.88,0.0,0.0,0.0,36.63,0.0,45.46,66.92,100.0,30.68
2018-01-07 10:22:00,2,1,63.33,85.0,55.0,50.04,45.0,63.33,0.8,0.0,5.63,45.0,45.0,0.0,0.0,0.0,120.0,45.0,0.0,0.88,0.0,0.0,0.0,36.76,0.0,45.32,66.63,100.0,30.64
2018-01-07 10:23:00,2,1,63.36,85.0,55.0,50.13,45.0,63.36,0.8,0.0,5.63,45.0,45.0,0.0,0.0,0.0,120.0,45.0,0.0,0.88,0.0,0.0,0.0,36.9,0.0,45.17,66.34,100.0,30.6
2018-01-07 10:24:00,2,1,63.4,85.0,55.0,50.22,45.0,63.4,0.8,0.0,5.63,45.0,45.0,0.0,0.0,0.0,120.0,45.0,0.0,0.88,0.0,0.0,0.0,37.03,0.0,45.02,66.05,100.0,30.55
2018-01-07 10:25:00,2,1,63.44,85.0,55.0,50.3,45.0,63.44,0.8,0.0,5.63,45.0,45.0,0.0,0.0,0.0,120.0,45.0,0.0,0.88,0.0,0.0,0.0,37.16,0.0,44.87,65.76,100.0,30.51
2018-01-07 10:26:00,2,1,63.47,85.0,55.0,50.39,45.0,63.47,0.8,0.0,5.63,45.0,45.0,0.0,0.0,0.0,120.0,45.0,0.0,0.88,0.0,0.0,0.0,37.3,0.0,44.72,65.47,100.0,30.47
2018-01-07 10:27:00,2,1,63.51,85.0,55.0,50.47,45.0,63.51,0.8,0.0,5.63,45.0,45.0,0.0,0.0,0.0,120.0,45.0,0.0,0.88,0.0,0.0,0.0,37.44,0.0,44.57,65.19,100.0,30.43
2018-01-07 10:28:00,2,1,63.54,85.0,55.0,50.56,45.0,63.54,0.8,0.0,5.63,45.0,45.0,0.0,0.0,0.0,120.0,45.0,0.0,0.88,0.0,0.0,0.0,37.57,0.0,44.42,64.9,100.0,30.39
2018-01-07 10:29:00,2,1,63.58,85.0,55.0,50.64,45.0,63.58,0.8,0.0,5.63,45.0,45.0,0.0,0.0,0.0,120.0,45.0,0.0,0.88,0.0,0.0,0.0,37.71,0.0,44.27,64.62,100.0,30.35
2018-01-07 10:30:00,2,1,63.61,85.0,55.0,50.73,45.0,63.61,0.8,0.0,5.63,45.0,45.0,0.0,0.0,0.0,120.0,45.0,0.0,0.88,0.0,0.0,0.0,37.84,0.0,44.13,64.34,100.0,30.31
2018-01-07 10:31:00,2,1,63.65,85.0,55.0,50.81,45.0,63.65,0.8,0.0,5.63,45.0,45.0,0.0,0.0,0.0,120.0,45.0,0.0,0.88,0.0,0.0,0.0,37.98,0.0,43.98,64.06,100.0,30.27
2018-01-07 10:32:00,2,1,63.68,85.0,55.0,50.9,45.0,63.68,0.8,0.0,5.63,45.0,45.0,0.0,0.0,0.0,120.0,45.0,0.0,0.88,0.0,0.0,0.0,38.12,0.0,43.83,63.78,100.0,30.23
2018-01-07 10:33:00,2,1,63.72,85.0,55.0,50.99,45.0,63.72,0.8,0.0,5.63,45.0,45.0,0.0,0.0,0.0,120.0,45.0,0.0,0.88,0.0,0.0,0.0,38.25,0.0,43.69,63.51,100.0,30.19
2018-01-07 10:34:00,2,1,63.75,85.0,55.0,51.07,45.0,63.75,0.8,0.0,5.63,45.0,45.0,0.0,0.0,0.0,120.0,45.0,0.0,0.88,0.0,0.0,0.0,38.39,0.0,43.55,63.23,100.0,30.16
2018-01-07 10:35:00,2,1,63.78,85.0,55.0,51.16,45.0,63.78,0.8,0.0,5.63,45.0,45.0,0.0,0.0,0.0,120.0,45.0,0.0,0.88,0.0,0.0,0.0,38.53,0.0,43.41,62.96,100.0,30.12
2018-01-07 10:36:00,2,1,63.82,85.0,55.0,51.24,45.0,63.82,0.8,0.0,5.63,45.0,45.0,0.0,0.0,0.0,120.0,45.0,0.0,0.88,0.0,0.0,0.0,38.67,0.0,43.26,62.69,100.0,30.08
2018-01-07 10:37:00,2,1,63.85,85.0,55.0,51.33,45.0,63.85,0.8,0.0,5.63,45.0,45.0,0.0,0.0,0.0,120.0,45.0,0.0,0.88,0.0,0.0,0.0,38.81,0.0,43.12,62.42,100.0,30.04
2018-01-07 10:38:00,2,1,63.88,85.0,55.0,51.41,45.0,63.88,0.8,0.0,5.63,45.0,45.0,0.0,0.0,0.0,120.0,45.0,0.0,0.88,0.0,0.0,0.0,38.94,0.0,42.98,62.15,100.0,30.01
2018-01-07 10:39:00,2,1,63.92,85.0,55.0,51.5,45.0,63.92,0.8,0.0,5.63,45.0,45.0,0.0,0.0,0.0,120.0,45.0,0.0,0.88,0.0,0.0,0.0,39.08,0.0,42.84,61.89,100.0,29.97
2018-01-07 10:40:00,2,1,63.95,85.0,55.0,51.58,45.0,63.95,0.8,0.0,5.63,45.0,45.0,0.0,0.0,0.0,120.0,45.0,0.0,0.88,0.0,0.0,0.0,39.22,0.0,42.71,61.62,100.0,29.94
2018-01-07 10:41:00,2,1,63.98,85.0,55.0,51.67,45.0,63.98,0.8,0.0,5.63,45.0,45.0,0.0,0.0,0.0,120.0,45.0,0.0,0.88,0.0,0.0,0.0,39.36,0.0,42.57,61.36,100.0,29.9
2018-01-07 10:42:00,2,1,64.01,85.0,55.0,51.76,45.0,64.01,0.8,0.0,5.63,45.0,45.0,0.0,0.0,0.0,120.0,45.0,0.0,0.88,0.0,0.0,0.0,39.5,0.0,42.43,61.1,100.0,29.86
2018-01-07 10:43:00,2,1,64.04,85.0,55.0,51.84,45.0,64.04,0.8,0.0,5.63,45.0,45.0,0.0,0.0,0.0,120.0,45.0,0.0,0.88,0.0,0.0,0.0,39.64,0.0,42.3,60.84,100.0,29.83
2018-01-07 10:44:00,2,1,64.08,85.0,55.0,51.93,45.0,64.08,0.8,0.0,5.63,45.0,45.0,0.0,0.0,0.0,120.0,45.0,0.0,0.88,0.0,0.0,0.0,39.78,0.0,42.16,60.59,100.0,29.79
2018-01-07 10:45:00,2,1,64.11,85.0,55.0,52.01,45.0,64.11,0.8,0.0,5.63,45.0,45.0,0.0,0.0,0.0,120.0,45.0,0.0,0.88,0.0,0.0,0.0,39.92,0.0,42.03,60.33,100.0,29.76
2018-01-07 10:46:00,2,1,64.14,85.0,55.0,52.1,45.0,64.14,0.8,0.0,5.63,45.0,45.0,0.0,0.0,0.0,120.0,45.0,0.0,0.88,0.0,0.0,0.0,40.06,0.0,41.9,60.08,100.0,29.73
2018-01-07 10:47:00,2,1,64.17,85.0,55.0,52.18,45.0,64.17,0.8,0.0,5.63,45.0,45.0,0.0,0.0,0.0,120.0,45.0,0.0,0.88,0.0,0.0,0.0,40.2,0.0,41.77,59.83,100.0,29.69
2018-01-07 10:48:00,2,1,64.2,85.0,55.0,52.27,45.0,64.2,0.8,0.0,5.63,45.0,45.0,0.0,0.0,0.0,120.0,45.0,0.0,0.88,0.0,0.0,0.0,40.34,0.0,41.64,59.59,100.0,29.66
2018-01-07 10:49:00,2,1,64.23,85.0,55.0,52.35,45.0,64.23,0.8,0.0,5.63,45.0,45.0,0.0,0.0,0.0,120.0,45.0,0.0,0.88,0.0,0.0,0.0,40.48,0.0,41.51,59.34,100.0,29.62
2018-01-07 10:50:00,2,1,64.26,85.0,55.0,52.44,45.0,64.26,0.8,0.0,5.63,45.0,45.0,0.0,0.0,0.0,120.0,45.0,0.0,0.88,0.0,0.0,0.0,40.62,0.0,41.38,59.1,100.0,29.59
2018-01-07 10:51:00,2,1,64.29,85.0,55.0,52.52,45.0,64.29,0.8,0.0,5.63,45.0,45.0,0.0,0.0,0.0,120.0,45.0,0.0,0.88,0.0,0.0,0.0,40.75,0.0,41.25,58.86,100.0,29.56
2018-01-07 10:52:00,2,1,64.32,85.0,55.0,52.61,45.0,64.32,0.8,0.0,5.63,45.0,45.0,0.0,0.0,0.0,120.0,45.0,0.0,0.88,0.0,0.0,0.0,40.89,0.0,41.13,58.62,100.0,29.53
2018-01-07 10:53:00,2,1,64.35,85.0,55.0,52.69,45.0,64.35,0.8,0.0,5.63,45.0,45.0,0.0,0.0,0.0,120.0,45.0,0.0,0.88,0.0,0.0,0.0,41.04,0.0,41.0,58.35,100.0,29.49
2018-01-07 10:54:00,2,1,64.38,85.0,55.0,52.78,45.0,64.38,0.8,0.0,5.63,45.0,45.0,0.0,0.0,0.0,120.0,45.0,0.0,0.88,0.0,0.0,0.0,41.18,0.0,40.88,58.03,100.0,29.46
2018-01-07 10:55:00,2,1,64.41,85.0,55.0,52.86,45.0,64.41,0.8,0.0,5.63,45.0,45.0,0.0,0.0,0.0,120.0,45.0,0.0,0.88,0.0,0.0,0.0,41.32,0.0,40.75,57.7,100.0,29.43
2018-01-07 10:56:00,2,1,64.44,85.0,55.0,52.95,45.0,64.44,0.8,0.0,5.63,45.0,45.0,0.0,0.0,0.0,120.0,45.0,0.0,0.88,0.0,0.0,0.0,41.46,0.0,40.63,57.38,100.0,29.4
2018-01-07 10:57:00,2,1,64.47,85.0,55.0,53.03,45.0,64.47,0.8,0.0,5.63,45.0,45.0,0.0,0.0,0.0,120.0,45.0,0.0,0.88,0.0,0.0,0.0,41.6,0.0,40.51,57.07,100.0,29.37
2018-01-07 10:58:00,2,1,64.5,85.0,55.0,53.12,45.0,64.5,0.8,0.0,5.63,45.0,45.0,0.0,0.0,0.0,120.0,45.0,0.0,0.88,0.0,0.0,0.0,41.74,0.0,40.39,56.75,100.0,29.34
2018-01-07 10:59:00,2,1,64.53,85.0,55.0,53.2,45.0,64.53,0.8,0.0,5.63,45.0,45.0,0.0,0.0,0.0,120.0,45.0,0.0,0.88,0.0,0.0,0.0,41.88,0.0,40.27,56.44,100.0,29.31
2018-01-07 11:00:00,2,1,64.55,85.0,55.0,53.29,45.0,64.55,0.8,0.0,5.63,45.0,45.0,0.0,0.0,0.0,120.0,45.0,0.0,0.88,0.0,0.0,0.0,42.02,0.0,40.15,56.14,100.0,29.27
2018-01-07 11:01:00,2,1,64.58,85.0,55.0,53.37,45.0,64.58,0.8,0.0,5.63,45.0,45.0,0.0,0.0,0.0,120.0,45.0,0.0,0.88,0.0,0.0,0.0,42.16,0.0,40.04,55.86,100.0,29.24
2018-01-07 11:02:00,2,1,64.61,85.0,55.0,53.46,45.0,64.61,0.8,0.0,5.63,45.0,45.0,0.0,0.0,0.0,120.0,45.0,0.0,0.88,0.0,0.0,0.0,42.3,0.0,39.93,55.58,100.0,29.21
2018-01-07 11:03:00,2,1,64.64,85.0,55.0,53.54,45.0,64.64,0.8,0.0,5.63,45.0,45.0,0.0,0.0,0.0,120.0,45.0,0.0,0.88,0.0,0.0,0.0,42.45,0.0,39.82,55.32,100.0,29.18
2018-01-07 11:04:00,2,1,64.67,85.0,55.0,53.63,45.0,64.67,0.8,0.0,5.63,45.0,45.0,0.0,0.0,0.0,120.0,45.0,0.0,0.88,0.0,0.0,0.0,42.59,0.0,39.72,55.05,100.0,29.15
2018-01-07 11:05:00,2,1,64.7,85.0,55.0,53.72,45.0,64.7,0.8,0.0,5.63,45.0,45.0,0.0,0.0,0.0,120.0,45.0,0.0,0.88,0.0,0.0,0.0,42.73,0.0,39.61,54.79,100.0,29.12
2018-01-07 11:06:00,2,1,64.73,85.0,55.0,53.8,45.0,64.73,0.8,0.0,5.63,45.0,45.0,0.0,0.0,0.0,120.0,45.0,0.0,0.88,0.0,0.0,0.0,42.88,0.0,39.51,54.54,100.0,29.09
2018-01-07 11:07:00,2,1,64.76,85.0,55.0,53.89,45.0,64.76,0.8,0.0,5.63,45.0,45.0,0.0,0.0,0.0,120.0,45.0,0.0,0.88,0.0,0.0,0.0,43.02,0.0,39.4,54.29,100.0,29.06
2018-01-07 11:08:00,2,1,64.79,85.0,55.0,53.98,45.0,64.79,0.8,0.0,5.63,45.0,45.0,0.0,0.0,0.0,120.0,45.0,0.0,0.88,0.0,0.0,0.0,43.16,0.0,39.3,54.04,100.0,29.03
2018-01-07 11:09:00,2,1,64.82,85.0,55.0,54.06,45.0,64.82,0.8,0.0,5.63,45.0,45.0,0.0,0.0,0.0,120.0,45.0,0.0,0.88,0.0,0.0,0.0,43.31,0.0,39.2,53.8,100.0,29.0
2018-01-07 11:10:00,2,1,64.85,85.0,55.0,54.15,45.0,64.85,0.8,0.0,5.63,45.0,45.0,0.0,0.0,0.0,120.0,45.0,0.0,0.88,0.0,0.0,0.0,43.45,0.0,39.1,53.55,100.0,28.97
2018-01-07 11:11:00,2,1,64.88,85.0,55.0,54.23,45.0,64.88,0.8,0.0,5.63,45.0,45.0,0.0,0.0,0.0,120.0,45.0,0.0,0.88,0.0,0.0,0.0,43.59,0.0,39.0,53.32,100.0,28.94
2018-01-07 11:12:00,2,1,64.91,85.0,55.0,54.32,45.0,64.91,0.8,0.0,5.63,45.0,45.0,0.0,0.0,0.0,120.0,45.0,0.0,0.88,0.0,0.0,0.0,43.73,0.0,38.9,53.08,100.0,28.91
2018-01-07 11:13:00,2,1,64.93,85.0,55.0,54.41,45.0,64.93,0.8,0.0,5.63,45.0,45.0,0.0,0.0,0.0,120.0,45.0,0.0,0.88,0.0,0.0,0.0,43.88,0.0,38.8,52.85,100.0,28.87
2018-01-07 11:14:00,2,1,64.96,85.0,55.0,54.49,45.0,64.96,0.8,0.0,5.63,45.0,45.0,0.0,0.0,0.0,120.0,45.0,0.0,0.88,0.0,0.0,0.0,44.02,0.0,38.7,52.63,100.0,28.84
2018-01-07 11:15:00,2,1,64.99,85.0,55.0,54.58,45.0,64.99,0.8,0.0,5.63,45.0,45.0,0.0,0.0,0.0,120.0,45.0,0.0,0.88,0.0,0.0,0.0,44.16,0.0,38.6,52.4,100.0,28.81
2018-01-07 11:16:00,2,1,65.02,85.0,55.0,54.66,45.0,65.02,0.8,0.0,5.63,45.0,45.0,0.0,0.0,0.0,120.0,45.0,0.0,0.88,0.0,0.0,0.0,44.3,0.0,38.51,52.18,100.0,28.78
2018-01-07 11:17:00,2,1,65.05,85.0,55.0,54.75,45.0,65.05,0.8,0.0,5.63,45.0,45.0,0.0,0.0,0.0,120.0,45.0,0.0,0.88,0.0,0.0,0.0,44.44,0.0,38.41,51.96,100.0,28.75
2018-01-07 11:18:00,2,1,65.08,85.0,55.0,54.83,45.0,65.08,0.8,0.0,5.63,45.0,45.0,0.0,0.0,0.0,120.0,45.0,0.0,0.88,0.0,0.0,0.0,44.58,0.0,38.32,51.75,100.0,28.72
2018-01-07 11:19:00,2,1,65.11,85.0,55.0,54.92,45.0,65.11,0.8,0.0,5.63,45.0,45.0,0.0,0.0,0.0,120.0,45.0,0.0,0.88,0.0,0.0,0.0,44.72,0.0,38.23,51.54,100.0,28.69
2018-01-07 11:20:00,2,1,65.14,85.0,55.0,55.0,45.0,65.14,0.8,0.0,5.63,45.0,45.0,0.0,0.0,0.0,120.0,45.0,0.0,0.88,0.0,0.0,0.0,44.86,0.0,38.13,51.33,100.0,28.66
2018-01-07 11:21:00,2,1,65.17,85.0,55.0,55.09,45.0,65.17,0.8,0.0,5.63,45.0,45.0,0.0,0.0,0.0,120.0,45.0,0.0,0.88,0.0,0.0,0.0,45.0,0.0,38.04,51.12,100.0,28.64
2018-01-07 11:22:00,2,1,65.2,85.0,55.0,55.17,45.0,65.2,0.8,0.0,5.63,45.0,45.0,0.0,0.0,0.0,120.0,45.0,0.0,0.88,0.0,0.0,0.0,45.14,0.0,37.95,50.92,100.0,28.61
2018-01-07 11:23:00,2,1,65.23,85.0,55.0,55.25,45.0,65.23,0.8,0.0,5.63,45.0,45.0,0.0,0.0,0.0,120.0,45.0,0.0,0.88,0.0,0.0,0.0,45.28,0.0,37.86,50.72,100.0,28.58
2018-01-07 11:24:00,2,1,65.25,85.0,55.0,55.34,45.0,65.25,0.8,0.0,5.63,45.0,45.0,0.0,0.0,0.0,120.0,45.0,0.0,0.88,0.0,0.0,0.0,45.42,0.0,37.77,50.53,100.0,28.55
2018-01-07 11:25:00,2,1,65.28,85.0,55.0,55.42,45.0,65.28,0.8,0.0,5.63,45.0,45.0,0.0,0.0,0.0,120.0,45.0,0.0,0.88,0.0,0.0,0.0,45.56,0.0,37.69,50.33,100.0,28.52
2018-01-07 11:26:00,2,1,65.31,85.0,55.0,55.5,45.0,65.31,0.8,0.0,5.63,45.0,45.0,0.0,0.0,0.0,120.0,45.0,0.0,0.88,0.0,0.0,0.0,45.69,0.0,37.6,50.14,100.0,28.49
2018-01-07 11:27:00,2,1,65.34,85.0,55.0,55.58,45.0,65.34,0.8,0.0,5.63,45.0,45.0,0.0,0.0,0.0,120.0,45.0,0.0,0.88,0.0,0.0,0.0,45.83,0.0,37.51,49.95,100.0,28.46
2018-01-07 11:28:00,2,1,65.37,85.0,55.0,55.67,45.0,65.37,0.8,0.0,5.63,45.0,45.0,0.0,0.0,0.0,120.0,45.0,0.0,0.88,0.0,0.0,0.0,45.97,0.0,37.43,49.77,100.0,28.43
2018-01-07 11:29:00,2,1,65.4,85.0,55.0,55.75,45.0,65.4,0.8,0.0,5.63,45.0,45.0,0.0,0.0,0.0,120.0,45.0,0.0,0.88,0.0,0.0,0.0,46.1,0.0,37.34,49.59,100.0,28.41
2018-01-07 11:30:00,2,1,65.42,85.0,55.0,55.83,45.0,65.42,0.8,0.0,5.63,45.0,45.0,0.0,0.0,0.0,120.0,45.0,0.0,0.88,0.0,0.0,0.0,46.24,0.0,37.26,49.41,100.0,28.38
2018-01-07 11:31:00,2,1,65.45,85.0,55.0,55.91,45.0,65.45,0.8,0.0,5.63,45.0,45.0,0.0,0.0,0.0,120.0,45.0,0.0,0.88,0.0,0.0,0.0,46.37,0.0,37.18,49.23,100.0,28.35
2018-01-07 11:32:00,2,1,65.48,85.0,55.0,55.99,45.0,65.48,0.8,0.0,5.63,45.0,45.0,0.0,0.0,0.0,120.0,45.0,0.0,0.88,0.0,0.0,0.0,46.51,0.0,37.09,49.05,100.0,28.32
2018-01-07 11:33:00,2,1,65.51,85.0,55.0,56.07,45.0,65.51,0.8,0.0,5.63,45.0,45.0,0.0,0.0,0.0,120.0,45.0,0.0,0.88,0.0,0.0,0.0,46.64,0.0,37.01,48.88,100.0,28.3
2018-01-07 11:34:00,2,1,65.53,85.0,55.0,56.15,45.0,65.53,0.8,0.0,5.63,45.0,45.0,0.0,0.0,0.0,120.0,45.0,0.0,0.88,0.0,0.0,0.0,46.77,0.0,36.93,48.71,100.0,28.27
2018-01-07 11:35:00,2,1,65.56,85.0,55.0,56.23,45.0,65.56,0.8,0.0,5.63,45.0,45.0,0.0,0.0,0.0,120.0,45.0,0.0,0.88,0.0,0.0,0.0,46.9,0.0,36.85,48.54,100.0,28.24
2018-01-07 11:36:00,2,1,65.59,85.0,55.0,56.31,45.0,65.59,0.8,0.0,5.63,45.0,45.0,0.0,0.0,0.0,120.0,45.0,0.0,0.88,0.0,0.0,0.0,47.04,0.0,36.78,48.38,100.0,28.22
2018-01-07 11:37:00,2,1,65.62,85.0,55.0,56.39,45.0,65.62,0.8,0.0,5.63,45.0,45.0,0.0,0.0,0.0,120.0,45.0,0.0,0.88,0.0,0.0,0.0,47.17,0.0,36.7,48.22,100.0,28.19
2018-01-07 11:38:00,2,1,65.64,85.0,55.0,56.47,45.0,65.64,0.8,0.0,5.63,45.0,45.0,0.0,0.0,0.0,120.0,45.0,0.0,0.88,0.0,0.0,0.0,47.3,0.0,36.62,48.06,100.0,28.16
2018-01-07 11:39:00,2,1,65.67,85.0,55.0,56.55,45.0,65.67,0.8,0.0,5.63,45.0,45.0,0.0,0.0,0.0,120.0,45.0,0.0,0.88,0.0,0.0,0.0,47.43,0.0,36.54,47.9,100.0,28.14
2018-01-07 11:40:00,2,1,65.7,85.0,55.0,56.63,45.0,65.7,0.8,0.0,5.63,45.0,45.0,0.0,0.0,0.0,120.0,45.0,0.0,0.88,0.0,0.0,0.0,47.55,0.0,36.47,47.74,100.0,28.11
2018-01-07 11:41:00,2,1,65.72,85.0,55.0,56.7,45.0,65.72,0.8,0.0,5.63,45.0,45.0,0.0,0.0,0.0,120.0,45.0,0.0,0.88,0.0,0.0,0.0,47.68,0.0,36.4,47.59,100.0,28.09
2018-01-07 11:42:00,2,1,65.75,85.0,55.0,56.78,45.0,65.75,0.8,0.0,5.63,45.0,45.0,0.0,0.0,0.0,120.0,45.0,0.0,0.88,0.0,0.0,0.0,47.81,0.0,36.32,47.44,100.0,28.06
2018-01-07 11:43:00,2,1,65.78,85.0,55.0,56.86,45.0,65.78,0.8,0.0,5.63,45.0,45.0,0.0,0.0,0.0,120.0,45.0,0.0,0.88,0.0,0.0,0.0,47.94,0.0,36.25,47.29,100.0,28.03
2018-01-07 11:44:00,2,1,65.8,85.0,55.0,56.93,45.0,65.8,0.8,0.0,5.63,45.0,45.0,0.0,0.0,0.0,120.0,45.0,0.0,0.88,0.0,0.0,0.0,48.06,0.0,36.18,47.14,100.0,28.01
2018-01-07 11:45:00,2,1,65.83,85.0,55.0,57.01,45.0,65.83,0.8,0.0,5.63,45.0,45.0,0.0,0.0,0.0,120.0,45.0,0.0,0.88,0.0,0.0,0.0,48.19,0.0,36.11,47.0,100.0,27.98
2018-01-07 11:46:00,2,1,65.85,85.0,55.0,57.08,45.0,65.85,0.8,0.0,5.63,45.0,45.0,0.0,0.0,0.0,120.0,45.0,0.0,0.88,0.0,0.0,0.0,48.31,0.0,36.04,46.85,100.0,27.96
2018-01-07 11:47:00,2,1,65.88,85.0,55.0,57.16,45.0,65.88,0.8,0.0,5.63,45.0,45.0,0.0,0.0,0.0,120.0,45.0,0.0,0.88,0.0,0.0,0.0,48.43,0.0,35.97,46.71,100.0,27.94
2018-01-07 11:48:00,2,1,65.9,85.0,55.0,57.23,45.0,65.9,0.8,0.0,5.63,45.0,45.0,0.0,0.0,0.0,120.0,45.0,0.0,0.88,0.0,0.0,0.0,48.56,0.0,35.9,46.57,100.0,27.91
2018-01-07 11:49:00,2,1,65.93,85.0,55.0,57.3,45.0,65.93,0.8,0.0,5.63,45.0,45.0,0.0,0.0,0.0,120.0,45.0,0.0,0.88,0.0,0.0,0.0,48.68,0.0,35.83,46.44,100.0,27.89
2018-01-07 11:50:00,2,1,65.95,85.0,55.0,57.38,45.0,65.95,0.8,0.0,5.63,45.0,45.0,0.0,0.0,0.0,120.0,45.0,0.0,0.88,0.0,0.0,0.0,48.8,0.0,35.76,46.3,100.0,27.86
2018-01-07 11:51:00,2,1,65.98,85.0,55.0,57.45,45.0,65.98,0.8,0.0,5.63,45.0,45.0,0.0,0.0,0.0,120.0,45.0,0.0,0.88,0.0,0.0,0.0,48.92,0.0,35.7,46.17,100.0,27.84
2018-01-07 11:52:00,2,1,66.0,85.0,55.0,57.52,45.0,66.0,0.8,0.0,5.63,45.0,45.0,0.0,0.0,0.0,120.0,45.0,0.0,0.88,0.0,0.0,0.0,49.04,0.0,35.63,46.04,100.0,27.82
2018-01-07 11:53:00,2,1,66.03,85.0,55.0,57.59,45.0,66.03,0.8,0.0,5.63,45.0,45.0,0.0,0.0,0.0,120.0,45.0,0.0,0.88,0.0,0.0,0.0,49.15,0.0,35.56,45.91,100.0,27.79
2018-01-07 11:54:00,2,1,66.05,85.0,55.0,57.66,45.0,66.05,0.8,0.0,5.63,45.0,45.0,0.0,0.0,0.0,120.0,45.0,0.0,0.88,0.0,0.0,0.0,49.27,0.0,35.5,45.78,100.0,27.77
2018-01-07 11:55:00,2,1,66.07,85.0,55.0,57.73,45.0,66.07,0.8,0.0,5.63,45.0,45.0,0.0,0.0,0.0,120.0,45.0,0.0,0.88,0.0,0.0,0.0,49.39,0.0,35.44,45.66,100.0,27.75
2018-01-07 11:56:00,2,1,66.1,85.0,55.0,57.8,45.0,66.1,0.8,0.0,5.63,45.0,45.0,0.0,0.0,0.0,120.0,45.0,0.0,0.88,0.0,0.0,0.0,49.5,0.0,35.37,45.53,100.0,27.73
2018-01-07 11:57:00,2,1,66.12,85.0,55.0,57.87,45.0,66.12,0.8,0.0,5.63,45.0,45.0,0.0,0.0,0.0,120.0,45.0,0.0,0.88,0.0,0.0,0.0,49.61,0.0,35.31,45.41,100.0,27.7
2018-01-07 11:58:00,2,1,66.14,85.0,55.0,57.94,45.0,66.14,0.8,0.0,5.63,45.0,45.0,0.0,0.0,0.0,120.0,45.0,0.0,0.88,0.0,0.0,0.0,49.73,0.0,35.25,45.29,100.0,27.68
2018-01-07 11:59:00,2,1,66.17,85.0,55.0,58.0,45.0,66.17,0.8,0.0,5.63,45.0,45.0,0.0,0.0,0.0,120.0,45.0,0.0,0.88,0.0,0.0,0.0,49.84,0.0,35.19,45.17,100.0,27.66
2018-01-07 12:00:00,2,1,66.19,85.0,55.0,58.07,45.0,66.19,0.8,0.0,5.63,45.0,45.0,0.0,0.0,0.0,120.0,45.0,0.0,0.88,0.0,0.0,0.0,49.95,0.0,35.13,45.06,100.0,27.64
2018-01-07 12:01:00,2,1,66.21,85.0,55.0,58.13,45.0,66.21,0.8,0.0,5.63,45.0,45.0,0.0,0.0,0.0,120.0,45.0,0.0,0.88,0.0,0.0,0.0,50.05,0.0,35.08,44.92,100.0,27.62
2018-01-07 12:02:00,2,1,66.23,85.0,55.0,58.19,45.0,66.23,0.8,0.0,5.63,45.0,45.0,0.0,0.0,0.0,120.0,45.0,0.0,0.88,0.0,0.0,0.0,50.14,0.0,35.02,44.78,100.0,27.6
2018-01-07 12:03:00,2,1,66.26,85.0,55.0,58.24,45.0,66.26,0.8,0.0,5.63,45.0,45.0,0.0,0.0,0.0,120.0,45.0,0.0,0.88,0.0,0.0,0.0,50.23,0.0,34.97,44.64,100.0,27.58
2018-01-07 12:04:00,2,1,66.28,85.0,55.0,58.3,45.0,66.28,0.8,0.0,5.63,45.0,45.0,0.0,0.0,0.0,120.0,45.0,0.0,0.88,0.0,0.0,0.0,50.31,0.0,34.92,44.49,100.0,27.56
2018-01-07 12:05:00,2,1,66.3,85.0,55.0,58.35,45.0,66.3,0.8,0.0,5.63,45.0,45.0,0.0,0.0,0.0,120.0,45.0,0.0,0.88,0.0,0.0,0.0,50.4,0.0,34.87,44.36,100.0,27.54
2018-01-07 12:06:00,2,1,66.32,85.0,55.0,58.4,45.0,66.32,0.8,0.0,5.63,45.0,45.0,0.0,0.0,0.0,120.0,45.0,0.0,0.88,0.0,0.0,0.0,50.48,0.0,34.82,44.22,100.0,27.52
2018-01-07 12:07:00,2,1,66.34,85.0,55.0,58.45,45.0,66.34,0.8,0.0,5.63,45.0,45.0,0.0,0.0,0.0,120.0,45.0,0.0,0.88,0.0,0.0,0.0,50.57,0.0,34.77,44.09,100.0,27.5
2018-01-07 12:08:00,2,1,66.36,85.0,55.0,58.51,45.0,66.36,0.8,0.0,5.63,45.0,45.0,0.0,0.0,0.0,120.0,45.0,0.0,0.88,0.0,0.0,0.0,50.65,0.0,34.72,43.95,100.0,27.48
2018-01-07 12:09:00,2,1,66.38,85.0,55.0,58.56,45.0,66.38,0.8,0.0,5.63,45.0,45.0,0.0,0.0,0.0,120.0,45.0,0.0,0.88,0.0,0.0,0.0,50.73,0.0,34.67,43.82,100.0,27.46
2018-01-07 12:10:00,2,1,66.4,85.0,55.0,58.61,45.0,66.4,0.8,0.0,5.63,45.0,45.0,0.0,0.0,0.0,120.0,45.0,0.0,0.88,0.0,0.0,0.0,50.82,0.0,34.62,43.7,100.0,27.44
2018-01-07 12:11:00,2,1,66.42,85.0,55.0,58.66,45.0,66.42,0.8,0.0,5.63,45.0,45.0,0.0,0.0,0.0,120.0,45.0,0.0,0.88,0.0,0.0,0.0,50.9,0.0,34.57,43.57,100.0,27.43
2018-01-07 12:12:00,2,1,66.43,85.0,55.0,58.7,45.0,66.43,0.8,0.0,5.63,45.0,45.0,0.0,0.0,0.0,120.0,45.0,0.0,0.88,0.0,0.0,0.0,50.97,0.0,34.53,43.45,100.0,27.41
2018-01-07 12:13:00,2,1,66.45,85.0,55.0,58.75,45.0,66.45,0.8,0.0,5.63,45.0,45.0,0.0,0.0,0.0,120.0,45.0,0.0,0.88,0.0,0.0,0.0,51.05,0.0,34.48,43.32,100.0,27.39
2018-01-07 12:14:00,2,1,66.47,85.0,55.0,58.8,45.0,66.47,0.8,0.0,5.63,45.0,45.0,0.0,0.0,0.0,120.0,45.0,0.0,0.88,0.0,0.0,0.0,51.13,0.0,34.44,43.2,100.0,27.38
2018-01-07 12:15:00,2,1,66.49,85.0,55.0,58.85,45.0,66.49,0.8,0.0,5.63,45.0,45.0,0.0,0.0,0.0,120.0,45.0,0.0,0.88,0.0,0.0,0.0,51.21,0.0,34.39,43.09,100.0,27.36
2018-01-07 12:16:00,2,1,66.5,85.0,55.0,58.89,45.0,66.5,0.8,0.0,5.63,45.0,45.0,0.0,0.0,0.0,120.0,45.0,0.0,0.88,0.0,0.0,0.0,51.28,0.0,34.35,42.97,100.0,27.34
2018-01-07 12:17:00,2,1,66.52,85.0,55.0,58.94,45.0,66.52,0.8,0.0,5.63,45.0,45.0,0.0,0.0,0.0,120.0,45.0,0.0,0.88,0.0,0.0,0.0,51.36,0.0,34.3,42.86,100.0,27.33
2018-01-07 12:18:00,2,1,66.54,85.0,55.0,58.98,45.0,66.54,0.8,0.0,5.63,45.0,45.0,0.0,0.0,0.0,120.0,45.0,0.0,0.88,0.0,0.0,0.0,51.43,0.0,34.26,42.74,100.0,27.31
2018-01-07 12:19:00,2,1,66.55,85.0,55.0,59.03,45.0,66.55,0.8,0.0,5.63,45.0,45.0,0.0,0.0,0.0,120.0,45.0,0.0,0.88,0.0,0.0,0.0,51.5,0.0,34.21,42.63,100.0,27.3
2018-01-07 12:20:00,2,1,66.57,85.0,55.0,59.07,45.0,66.57,0.8,0.0,5.63,45.0,45.0,0.0,0.0,0.0,120.0,45.0,0.0,0.88,0.0,0.0,0.0,51.58,0.0,34.15,42.52,100.0,27.28
2018-01-07 12:21:00,2,1,66.59,85.0,55.0,59.12,45.0,66.59,0.8,0.0,5.63,45.0,45.0,0.0,0.0,0.0,120.0,45.0,0.0,0.88,0.0,0.0,0.0,51.65,0.0,34.09,42.41,100.0,27.27
2018-01-07 12:22:00,2,1,66.6,85.0,55.0,59.16,45.0,66.6,0.8,0.0,5.63,45.0,45.0,0.0,0.0,0.0,120.0,45.0,0.0,0.88,0.0,0.0,0.0,51.72,0.0,34.04,42.31,100.0,27.25
2018-01-07 12:23:00,2,1,66.62,85.0,55.0,59.2,45.0,66.62,0.8,0.0,5.63,45.0,45.0,0.0,0.0,0.0,120.0,45.0,0.0,0.88,0.0,0.0,0.0,51.79,0.0,33.98,42.2,100.0,27.24
2018-01-07 12:24:00,2,1,66.63,85.0,55.0,59.24,45.0,66.63,0.8,0.0,5.63,45.0,45.0,0.0,0.0,0.0,120.0,45.0,0.0,0.88,0.0,0.0,0.0,51.86,0.0,33.93,42.1,100.0,27.22
2018-01-07 12:25:00,2,1,66.65,85.0,55.0,59.29,45.0,66.65,0.8,0.0,5.63,45.0,45.0,0.0,0.0,0.0,120.0,45.0,0.0,0.88,0.0,0.0,0.0,51.92,0.0,33.87,41.99,100.0,27.21
2018-01-07 12:26:00,2,1,66.66,85.0,55.0,59.33,45.0,66.66,0.8,0.0,5.63,45.0,45.0,0.0,0.0,0.0,120.0,45.0,0.0,0.88,0.0,0.0,0.0,51.99,0.0,33.82,41.89,100.0,27.2
2018-01-07 12:27:00,2,1,66.68,85.0,55.0,59.37,45.0,66.68,0.8,0.0,5.63,45.0,45.0,0.0,0.0,0.0,120.0,45.0,0.0,0.88,0.0,0.0,0.0,52.06,0.0,33.77,41.79,100.0,27.18
2018-01-07 12:28:00,2,1,66.69,85.0,55.0,59.41,45.0,66.69,0.8,0.0,5.63,45.0,45.0,0.0,0.0,0.0,120.0,45.0,0.0,0.88,0.0,0.0,0.0,52.12,0.0,33.72,41.69,100.0,27.17
2018-01-07 12:29:00,2,1,66.71,85.0,55.0,59.45,45.0,66.71,0.8,0.0,5.63,45.0,45.0,0.0,0.0,0.0,120.0,45.0,0.0,0.88,0.0,0.0,0.0,52.19,0.0,33.67,41.6,100.0,27.16
2018-01-07 12:30:00,2,1,66.72,85.0,55.0,59.49,45.0,66.72,0.8,0.0,5.63,45.0,45.0,0.0,0.0,0.0,120.0,45.0,0.0,0.88,0.0,0.0,0.0,52.25,0.0,33.62,41.5,100.0,27.14
2018-01-07 12:31:00,2,1,66.73,85.0,55.0,59.53,45.0,66.73,0.8,0.0,5.63,45.0,45.0,0.0,0.0,0.0,120.0,45.0,0.0,0.88,0.0,0.0,0.0,52.32,0.0,33.57,41.4,100.0,27.13
2018-01-07 12:32:00,2,1,66.75,85.0,55.0,59.56,45.0,66.75,0.8,0.0,5.63,45.0,45.0,0.0,0.0,0.0,120.0,45.0,0.0,0.88,0.0,0.0,0.0,52.38,0.0,33.52,41.31,100.0,27.12
2018-01-07 12:33:00,2,1,66.76,85.0,55.0,59.6,45.0,66.76,0.8,0.0,5.63,45.0,45.0,0.0,0.0,0.0,120.0,45.0,0.0,0.88,0.0,0.0,0.0,52.44,0.0,33.47,41.22,100.0,27.11
2018-01-07 12:34:00,2,1,66.77,85.0,55.0,59.64,45.0,66.77,0.8,0.0,5.63,45.0,45.0,0.0,0.0,0.0,120.0,45.0,0.0,0.88,0.0,0.0,0.0,52.51,0.0,33.42,41.13,100.0,27.09
2018-01-07 12:35:00,2,1,66.79,85.0,55.0,59.68,45.0,66.79,0.8,0.0,5.63,45.0,45.0,0.0,0.0,0.0,120.0,45.0,0.0,0.88,0.0,0.0,0.0,52.57,0.0,33.37,41.03,100.0,27.08
2018-01-07 12:36:00,2,1,66.8,85.0,55.0,59.71,45.0,66.8,0.8,0.0,5.63,45.0,45.0,0.0,0.0,0.0,120.0,45.0,0.0,0.88,0.0,0.0,0.0,52.63,0.0,33.32,40.95,100.0,27.07
2018-01-07 12:37:00,2,1,66.81,85.0,55.0,59.75,45.0,66.81,0.8,0.0,5.63,45.0,45.0,0.0,0.0,0.0,120.0,45.0,0.0,0.88,0.0,0.0,0.0,52.69,0.0,33.28,40.86,100.0,27.06
2018-01-07 12:38:00,2,1,66.82,85.0,55.0,59.78,45.0,66.82,0.8,0.0,5.63,45.0,45.0,0.0,0.0,0.0,120.0,45.0,0.0,0.88,0.0,0.0,0.0,52.75,0.0,33.23,40.77,100.0,27.05
2018-01-07 12:39:00,2,1,66.83,85.0,55.0,59.82,45.0,66.83,0.8,0.0,5.63,45.0,45.0,0.0,0.0,0.0,120.0,45.0,0.0,0.88,0.0,0.0,0.0,52.81,0.0,33.19,40.68,100.0,27.04
2018-01-07 12:40:00,2,1,66.85,85.0,55.0,59.86,45.0,66.85,0.8,0.0,5.63,45.0,45.0,0.0,0.0,0.0,120.0,45.0,0.0,0.88,0.0,0.0,0.0,52.86,0.0,33.14,40.6,100.0,27.02
2018-01-07 12:41:00,2,1,66.86,85.0,55.0,59.89,45.0,66.86,0.8,0.0,5.63,45.0,45.0,0.0,0.0,0.0,120.0,45.0,0.0,0.88,0.0,0.0,0.0,52.92,0.0,33.1,40.51,100.0,27.01
2018-01-07 12:42:00,2,1,66.87,85.0,55.0,59.92,45.0,66.87,0.8,0.0,5.63,45.0,45.0,0.0,0.0,0.0,120.0,45.0,0.0,0.88,0.0,0.0,0.0,52.98,0.0,33.05,40.43,100.0,27.0
2018-01-07 12:43:00,2,1,66.88,85.0,55.0,59.96,45.0,66.88,0.8,0.0,5.63,45.0,45.0,0.0,0.0,0.0,120.0,45.0,0.0,0.88,0.0,0.0,0.0,53.04,0.0,33.01,40.34,100.0,26.99
2018-01-07 12:44:00,2,1,66.89,85.0,55.0,59.99,45.0,66.89,0.8,0.0,5.63,45.0,45.0,0.0,0.0,0.0,120.0,45.0,0.0,0.88,0.0,0.0,0.0,53.09,0.0,32.97,40.26,100.0,26.98
2018-01-07 12:45:00,2,1,66.9,85.0,55.0,60.03,45.0,66.9,0.8,0.0,5.63,45.0,45.0,0.0,0.0,0.0,120.0,45.0,0.0,0.88,0.0,0.0,0.0,53.15,0.0,32.92,40.18,100.0,26.97
2018-01-07 12:46:00,2,1,66.91,85.0,55.0,60.06,45.0,66.91,0.8,0.0,5.63,45.0,45.0,0.0,0.0,0.0,120.0,45.0,0.0,0.88,0.0,0.0,0.0,53.2,0.0,32.88,40.1,100.0,26.96
2018-01-07 12:47:00,2,1,66.92,85.0,55.0,60.09,45.0,66.92,0.8,0.0,5.63,45.0,45.0,0.0,0.0,0.0,120.0,45.0,0.0,0.88,0.0,0.0,0.0,53.26,0.0,32.84,40.02,100.0,26.95
2018-01-07 12:48:00,2,1,66.93,85.0,55.0,60.12,45.0,66.93,0.8,0.0,5.63,45.0,45.0,0.0,0.0,0.0,120.0,45.0,0.0,0.88,0.0,0.0,0.0,53.31,0.0,32.8,39.94,100.0,26.94
2018-01-07 12:49:00,2,1,66.94,85.0,55.0,60.16,45.0,66.94,0.8,0.0,5.63,45.0,45.0,0.0,0.0,0.0,120.0,45.0,0.0,0.88,0.0,0.0,0.0,53.37,0.0,32.76,39.86,100.0,26.93
2018-01-07 12:50:00,2,1,66.95,85.0,55.0,60.19,45.0,66.95,0.8,0.0,5.63,45.0,45.0,0.0,0.0,0.0,120.0,45.0,0.0,0.88,0.0,0.0,0.0,53.42,0.0,32.72,39.78,100.0,26.92
2018-01-07 12:51:00,2,1,66.96,85.0,55.0,60.22,45.0,66.96,0.8,0.0,5.63,45.0,45.0,0.0,0.0,0.0,120.0,45.0,0.0,0.88,0.0,0.0,0.0,53.47,0.0,32.67,39.7,100.0,26.91
2018-01-07 12:52:00,2,1,66.97,85.0,55.0,60.25,45.0,66.97,0.8,0.0,5.63,45.0,45.0,0.0,0.0,0.0,120.0,45.0,0.0,0.88,0.0,0.0,0.0,53.53,0.0,32.63,39.63,100.0,26.9
2018-01-07 12:53:00,2,1,66.98,85.0,55.0,60.28,45.0,66.98,0.8,0.0,5.63,45.0,45.0,0.0,0.0,0.0,120.0,45.0,0.0,0.88,0.0,0.0,0.0,53.58,0.0,32.6,39.55,100.0,26.89
2018-01-07 12:54:00,2,1,66.99,85.0,55.0,60.31,45.0,66.99,0.8,0.0,5.63,45.0,45.0,0.0,0.0,0.0,120.0,45.0,0.0,0.88,0.0,0.0,0.0,53.63,0.0,32.56,39.48,100.0,26.89
2018-01-07 12:55:00,2,1,67.0,85.0,55.0,60.34,45.0,67.0,0.8,0.0,5.63,45.0,45.0,0.0,0.0,0.0,120.0,45.0,0.0,0.88,0.0,0.0,0.0,53.68,0.0,32.52,39.4,100.0,26.88
2018-01-07 12:56:00,2,1,67.01,85.0,55.0,60.37,45.0,67.01,0.8,0.0,5.63,45.0,45.0,0.0,0.0,0.0,120.0,45.0,0.0,0.88,0.0,0.0,0.0,53.73,0.0,32.48,39.33,100.0,26.87
2018-01-07 12:57:00,2,1,67.02,85.0,55.0,60.4,45.0,67.02,0.8,0.0,5.63,45.0,45.0,0.0,0.0,0.0,120.0,45.0,0.0,0.88,0.0,0.0,0.0,53.79,0.0,32.44,39.25,100.0,26.86
2018-01-07 12:58:00,2,1,67.03,85.0,55.0,60.43,45.0,67.03,0.8,0.0,5.63,45.0,45.0,0.0,0.0,0.0,120.0,45.0,0.0,0.88,0.0,0.0,0.0,53.84,0.0,32.4,39.18,100.0,26.85
2018-01-07 12:59:00,2,1,67.04,85.0,55.0,60.46,45.0,67.04,0.8,0.0,5.63,45.0,45.0,0.0,0.0,0.0,120.0,45.0,0.0,0.88,0.0,0.0,0.0,53.89,0.0,32.36,39.11,100.0,26.84
2018-01-07 13:00:00,2,1,67.05,85.0,55.0,60.49,45.0,67.05,0.8,0.0,5.63,45.0,45.0,0.0,0.0,0.0,120.0,45.0,0.0,0.88,0.0,0.0,0.0,53.94,0.0,32.33,39.03,100.0,26.83
2018-01-07 13:01:00,2,1,67.05,85.0,55.0,60.52,45.0,67.05,0.8,0.0,5.63,45.0,45.0,0.0,0.0,0.0,120.0,45.0,0.0,0.88,0.0,0.0,0.0,54.0,0.0,32.28,38.95,100.0,26.83
2018-01-07 13:02:00,2,1,67.06,85.0,55.0,60.56,45.0,67.06,0.8,0.0,5.63,45.0,45.0,0.0,0.0,0.0,120.0,45.0,0.0,0.88,0.0,0.0,0.0,54.06,0.0,32.24,38.86,100.0,26.82
2018-01-07 13:03:00,2,1,67.07,85.0,55.0,60.6,45.0,67.07,0.8,0.0,5.63,45.0,45.0,0.0,0.0,0.0,120.0,45.0,0.0,0.88,0.0,0.0,0.0,54.12,0.0,32.19,38.77,100.0,26.81
2018-01-07 13:04:00,2,1,67.08,85.0,55.0,60.63,45.0,67.08,0.8,0.0,5.63,45.0,45.0,0.0,0.0,0.0,120.0,45.0,0.0,0.88,0.0,0.0,0.0,54.19,0.0,32.15,38.68,100.0,26.8
2018-01-07 13:05:00,2,1,67.09,85.0,55.0,60.67,45.0,67.09,0.8,0.0,5.63,45.0,45.0,0.0,0.0,0.0,120.0,45.0,0.0,0.88,0.0,0.0,0.0,54.25,0.0,32.1,38.6,100.0,26.79
2018-01-07 13:06:00,2,1,67.1,85.0,55.0,60.71,45.0,67.1,0.8,0.0,5.63,45.0,45.0,0.0,0.0,0.0,120.0,45.0,0.0,0.88,0.0,0.0,0.0,54.31,0.0,32.06,38.51,100.0,26.79
2018-01-07 13:07:00,2,1,67.11,85.0,55.0,60.74,45.0,67.11,0.8,0.0,5.63,45.0,45.0,0.0,0.0,0.0,120.0,45.0,0.0,0.88,0.0,0.0,0.0,54.38,0.0,32.02,38.42,100.0,26.78
2018-01-07 13:08:00,2,1,67.11,85.0,55.0,60.78,45.0,67.11,0.8,0.0,5.63,45.0,45.0,0.0,0.0,0.0,120.0,45.0,0.0,0.88,0.0,0.0,0.0,54.44,0.0,31.97,38.34,100.0,26.77
2018-01-07 13:09:00,2,1,67.12,85.0,55.0,60.81,45.0,67.12,0.8,0.0,5.63,45.0,45.0,0.0,0.0,0.0,120.0,45.0,0.0,0.88,0.0,0.0,0.0,54.5,0.0,31.93,38.25,100.0,26.76
2018-01-07 13:10:00,2,1,67.13,85.0,55.0,60.85,45.0,67.13,0.8,0.0,5.63,45.0,45.0,0.0,0.0,0.0,120.0,45.0,0.0,0.88,0.0,0.0,0.0,54.56,0.0,31.88,38.17,100.0,26.75
2018-01-07 13:11:00,2,1,67.14,85.0,55.0,60.88,45.0,67.14,0.8,0.0,5.63,45.0,45.0,0.0,0.0,0.0,120.0,45.0,0.0,0.88,0.0,0.0,0.0,54.62,0.0,31.84,38.09,100.0,26.74
2018-01-07 13:12:00,2,1,67.15,85.0,55.0,60.92,45.0,67.15,0.8,0.0,5.63,45.0,45.0,0.0,0.0,0.0,120.0,45.0,0.0,0.88,0.0,0.0,0.0,54.69,0.0,31.8,38.0,100.0,26.74
2018-01-07 13:13:00,2,1,67.16,85.0,55.0,60.95,45.0,67.16,0.8,0.0,5.63,45.0,45.0,0.0,0.0,0.0,120.0,45.0,0.0,0.88,0.0,0.0,0.0,54.75,0.0,31.76,37.92,100.0,26.73
2018-01-07 13:14:00,2,1,67.17,85.0,55.0,60.99,45.0,67.17,0.8,0.0,5.63,45.0,45.0,0.0,0.0,0.0,120.0,45.0,0.0,0.88,0.0,0.0,0.0,54.81,0.0,31.71,37.84,100.0,26.72
2018-01-07 13:15:00,2,1,67.17,85.0,55.0,61.02,45.0,67.17,0.8,0.0,5.63,45.0,45.0,0.0,0.0,0.0,120.0,45.0,0.0,0.88,0.0,0.0,0.0,54.87,0.0,31.67,37.76,100.0,26.71
2018-01-07 13:16:00,2,1,67.18,85.0,55.0,61.05,45.0,67.18,0.8,0.0,5.63,45.0,45.0,0.0,0.0,0.0,120.0,45.0,0.0,0.88,0.0,0.0,0.0,54.93,0.0,31.63,37.68,100.0,26.7
2018-01-07 13:17:00,2,1,67.19,85.0,55.0,61.09,45.0,67.19,0.8,0.0,5.63,45.0,45.0,0.0,0.0,0.0,120.0,45.0,0.0,0.88,0.0,0.0,0.0,54.99,0.0,31.59,37.6,100.0,26.7
2018-01-07 13:18:00,2,1,67.2,85.0,55.0,61.12,45.0,67.2,0.8,0.0,5.63,45.0,45.0,0.0,0.0,0.0,120.0,45.0,0.0,0.88,0.0,0.0,0.0,55.04,0.0,31.55,37.52,100.0,26.69
2018-01-07 13:19:00,2,1,67.21,85.0,55.0,61.15,45.0,67.21,0.8,0.0,5.63,45.0,45.0,0.0,0.0,0.0,120.0,45.0,0.0,0.88,0.0,0.0,0.0,55.1,0.0,31.51,37.44,100.0,26.68
2018-01-07 13:20:00,2,1,67.21,85.0,55.0,61.19,45.0,67.21,0.8,0.0,5.63,45.0,45.0,0.0,0.0,0.0,120.0,45.0,0.0,0.88,0.0,0.0,0.0,55.16,0.0,31.47,37.37,100.0,26.67
2018-01-07 13:21:00,2,1,67.22,85.0,55.0,61.22,45.0,67.22,0.8,0.0,5.63,45.0,45.0,0.0,0.0,0.0,120.0,45.0,0.0,0.88,0.0,0.0,0.0,55.22,0.0,31.43,37.29,100.0,26.67
2018-01-07 13:22:00,2,1,67.23,85.0,55.0,61.25,45.0,67.23,0.8,0.0,5.63,45.0,45.0,0.0,0.0,0.0,120.0,45.0,0.0,0.88,0.0,0.0,0.0,55.27,0.0,31.39,37.22,100.0,26.66
2018-01-07 13:23:00,2,1,67.24,85.0,55.0,61.28,45.0,67.24,0.8,0.0,5.63,45.0,45.0,0.0,0.0,0.0,120.0,45.0,0.0,0.88,0.0,0.0,0.0,55.33,0.0,31.35,37.14,100.0,26.65
2018-01-07 13:24:00,2,1,67.24,85.0,55.0,61.32,45.0,67.24,0.8,0.0,5.63,45.0,45.0,0.0,0.0,0.0,120.0,45.0,0.0,0.88,0.0,0.0,0.0,55.39,0.0,31.31,37.07,100.0,26.64
2018-01-07 13:25:00,2,1,67.25,85.0,55.0,61.35,45.0,67.25,0.8,0.0,5.63,45.0,45.0,0.0,0.0,0.0,120.0,45.0,0.0,0.88,0.0,0.0,0.0,55.44,0.0,31.27,36.99,100.0,26.64
2018-01-07 13:26:00,2,1,67.26,85.0,55.0,61.38,45.0,67.26,0.8,0.0,5.63,45.0,45.0,0.0,0.0,0.0,120.0,45.0,0.0,0.88,0.0,0.0,0.0,55.5,0.0,31.24,36.92,100.0,26.63
2018-01-07 13:27:00,2,1,67.27,85.0,55.0,61.41,45.0,67.27,0.8,0.0,5.63,45.0,45.0,0.0,0.0,0.0,120.0,45.0,0.0,0.88,0.0,0.0,0.0,55.55,0.0,31.2,36.85,100.0,26.62
2018-01-07 13:28:00,2,1,67.27,85.0,55.0,61.44,45.0,67.27,0.8,0.0,5.63,45.0,45.0,0.0,0.0,0.0,120.0,45.0,0.0,0.88,0.0,0.0,0.0,55.61,0.0,31.16,36.78,100.0,26.62
2018-01-07 13:29:00,2,1,67.28,85.0,55.0,61.47,45.0,67.28,0.8,0.0,5.63,45.0,45.0,0.0,0.0,0.0,120.0,45.0,0.0,0.88,0.0,0.0,0.0,55.66,0.0,31.13,36.71,100.0,26.61
2018-01-07 13:30:00,2,1,67.29,85.0,55.0,61.5,45.0,67.29,0.8,0.0,5.63,45.0,45.0,0.0,0.0,0.0,120.0,45.0,0.0,0.88,0.0,0.0,0.0,55.71,0.0,31.09,36.64,100.0,26.6
2018-01-07 13:31:00,2,1,67.29,85.0,55.0,61.53,45.0,67.29,0.8,0.0,5.63,45.0,45.0,0.0,0.0,0.0,120.0,45.0,0.0,0.88,0.0,0.0,0.0,55.77,0.0,31.06,36.58,100.0,26.6
2018-01-07 13:32:00,2,1,67.3,85.0,55.0,61.56,45.0,67.3,0.8,0.0,5.63,45.0,45.0,0.0,0.0,0.0,120.0,45.0,0.0,0.88,0.0,0.0,0.0,55.82,0.0,31.02,36.51,100.0,26.59
2018-01-07 13:33:00,2,1,67.31,85.0,55.0,61.59,45.0,67.31,0.8,0.0,5.63,45.0,45.0,0.0,0.0,0.0,120.0,45.0,0.0,0.88,0.0,0.0,0.0,55.87,0.0,30.99,36.44,100.0,26.58
2018-01-07 13:34:00,2,1,67.31,85.0,55.0,61.62,45.0,67.31,0.8,0.0,5.63,45.0,45.0,0.0,0.0,0.0,120.0,45.0,0.0,0.88,0.0,0.0,0.0,55.92,0.0,30.95,36.38,100.0,26.58
2018-01-07 13:35:00,2,1,67.32,85.0,55.0,61.64,45.0,67.32,0.8,0.0,5.63,45.0,45.0,0.0,0.0,0.0,120.0,45.0,0.0,0.88,0.0,0.0,0.0,55.97,0.0,30.92,36.31,100.0,26.57
2018-01-07 13:36:00,2,1,67.32,85.0,55.0,61.67,45.0,67.32,0.8,0.0,5.63,45.0,45.0,0.0,0.0,0.0,120.0,45.0,0.0,0.88,0.0,0.0,0.0,56.02,0.0,30.89,36.25,100.0,26.57
2018-01-07 13:37:00,2,1,67.33,85.0,55.0,61.7,45.0,67.33,0.8,0.0,5.63,45.0,45.0,0.0,0.0,0.0,120.0,45.0,0.0,0.88,0.0,0.0,0.0,56.07,0.0,30.85,36.19,100.0,26.56
2018-01-07 13:38:00,2,1,67.34,85.0,55.0,61.73,45.0,67.34,0.8,0.0,5.63,45.0,45.0,0.0,0.0,0.0,120.0,45.0,0.0,0.88,0.0,0.0,0.0,56.12,0.0,30.82,36.13,100.0,26.55
2018-01-07 13:39:00,2,1,67.34,85.0,55.0,61.75,45.0,67.34,0.8,0.0,5.63,45.0,45.0,0.0,0.0,0.0,120.0,45.0,0.0,0.88,0.0,0.0,0.0,56.16,0.0,30.79,36.07,100.0,26.55
2018-01-07 13:40:00,2,1,67.35,85.0,55.0,61.78,45.0,67.35,0.8,0.0,5.63,45.0,45.0,0.0,0.0,0.0,120.0,45.0,0.0,0.88,0.0,0.0,0.0,56.21,0.0,30.76,36.01,100.0,26.54
2018-01-07 13:41:00,2,1,67.35,85.0,55.0,61.8,45.0,67.35,0.8,0.0,5.63,45.0,45.0,0.0,0.0,0.0,120.0,45.0,0.0,0.88,0.0,0.0,0.0,56.26,0.0,30.73,35.95,100.0,26.54
2018-01-07 13:42:00,2,1,67.36,85.0,55.0,61.83,45.0,67.36,0.8,0.0,5.63,45.0,45.0,0.0,0.0,0.0,120.0,45.0,0.0,0.88,0.0,0.0,0.0,56.3,0.0,30.7,35.89,100.0,26.53
2018-01-07 13:43:00,2,1,67.36,85.0,55.0,61.86,45.0,67.36,0.8,0.0,5.63,45.0,45.0,0.0,0.0,0.0,120.0,45.0,0.0,0.88,0.0,0.0,0.0,56.35,0.0,30.67,35.83,100.0,26.53
2018-01-07 13:44:00,2,1,67.37,85.0,55.0,61.88,45.0,67.37,0.8,0.0,5.63,45.0,45.0,0.0,0.0,0.0,120.0,45.0,0.0,0.88,0.0,0.0,0.0,56.39,0.0,30.64,35.78,100.0,26.52
2018-01-07 13:45:00,2,1,67.37,85.0,55.0,61.9,45.0,67.37,0.8,0.0,5.63,45.0,45.0,0.0,0.0,0.0,120.0,45.0,0.0,0.88,0.0,0.0,0.0,56.44,0.0,30.61,35.72,100.0,26.52
2018-01-07 13:46:00,2,1,67.37,85.0,55.0,61.93,45.0,67.37,0.8,0.0,5.63,45.0,45.0,0.0,0.0,0.0,120.0,45.0,0.0,0.88,0.0,0.0,0.0,56.48,0.0,30.58,35.67,100.0,26.51
2018-01-07 13:47:00,2,1,67.38,85.0,55.0,61.95,45.0,67.38,0.8,0.0,5.63,45.0,45.0,0.0,0.0,0.0,120.0,45.0,0.0,0.88,0.0,0.0,0.0,56.52,0.0,30.55,35.62,100.0,26.51
2018-01-07 13:48:00,2,1,67.38,85.0,55.0,61.97,45.0,67.38,0.8,0.0,5.63,45.0,45.0,0.0,0.0,0.0,120.0,45.0,0.0,0.88,0.0,0.0,0.0,56.56,0.0,30.53,35.57,100.0,26.51
2018-01-07 13:49:00,2,1,67.39,85.0,55.0,62.0,45.0,67.39,0.8,0.0,5.63,45.0,45.0,0.0,0.0,0.0,120.0,45.0,0.0,0.88,0.0,0.0,0.0,56.61,0.0,30.5,35.51,100.0,26.5
2018-01-07 13:50:00,2,1,67.39,85.0,55.0,62.02,45.0,67.39,0.8,0.0,5.63,45.0,45.0,0.0,0.0,0.0,120.0,45.0,0.0,0.88,0.0,0.0,0.0,56.65,0.0,30.47,35.46,100.0,26.5
2018-01-07 13:51:00,2,1,67.39,85.0,55.0,62.04,45.0,67.39,0.8,0.0,5.63,45.0,45.0,0.0,0.0,0.0,120.0,45.0,0.0,0.88,0.0,0.0,0.0,56.69,0.0,30.45,35.42,100.0,26.49
2018-01-07 13:52:00,2,1,67.4,85.0,55.0,62.06,45.0,67.4,0.8,0.0,5.63,45.0,45.0,0.0,0.0,0.0,120.0,45.0,0.0,0.88,0.0,0.0,0.0,56.72,0.0,30.42,35.37,100.0,26.49
2018-01-07 13:53:00,2,1,67.4,85.0,55.0,62.08,45.0,67.4,0.8,0.0,5.63,45.0,45.0,0.0,0.0,0.0,120.0,45.0,0.0,0.88,0.0,0.0,0.0,56.76,0.0,30.4,35.32,100.0,26.49
2018-01-07 13:54:00,2,1,67.4,85.0,55.0,62.1,45.0,67.4,0.8,0.0,5.63,45.0,45.0,0.0,0.0,0.0,120.0,45.0,0.0,0.88,0.0,0.0,0.0,56.8,0.0,30.38,35.28,100.0,26.48
2018-01-07 13:55:00,2,1,67.41,85.0,55.0,62.12,45.0,67.41,0.8,0.0,5.63,45.0,45.0,0.0,0.0,0.0,120.0,45.0,0.0,0.88,0.0,0.0,0.0,56.84,0.0,30.35,35.23,100.0,26.48
2018-01-07 13:56:00,2,1,67.41,85.0,55.0,62.14,45.0,67.41,0.8,0.0,5.63,45.0,45.0,0.0,0.0,0.0,120.0,45.0,0.0,0.88,0.0,0.0,0.0,56.87,0.0,30.33,35.19,100.0,26.48
2018-01-07 13:57:00,2,1,67.41,85.0,55.0,62.16,45.0,67.41,0.8,0.0,5.63,45.0,45.0,0.0,0.0,0.0,120.0,45.0,0.0,0.88,0.0,0.0,0.0,56.91,0.0,30.31,35.14,100.0,26.47
2018-01-07 13:58:00,2,1,67.41,85.0,55.0,62.18,45.0,67.41,0.8,0.0,5.63,45.0,45.0,0.0,0.0,0.0,120.0,45.0,0.0,0.88,0.0,0.0,0.0,56.94,0.0,30.29,35.1,100.0,26.47
2018-01-07 13:59:00,2,1,67.42,85.0,55.0,62.19,45.0,67.42,0.8,0.0,5.63,45.0,45.0,0.0,0.0,0.0,120.0,45.0,0.0,0.88,0.0,0.0,0.0,56.97,0.0,30.27,35.06,100.0,26.47
2018-01-07 14:00:00,2,1,67.42,85.0,55.0,62.21,45.0,67.42,0.8,0.0,5.63,45.0,45.0,0.0,0.0,0.0,120.0,45.0,0.0,0.88,0.0,0.0,0.0,57.01,0.0,30.24,35.02,100.0,26.46
2018-01-07 14:01:00,2,1,67.42,85.0,55.0,62.22,45.0,67.42,0.8,0.0,5.63,45.0,45.0,0.0,0.0,0.0,120.0,45.0,0.0,0.88,0.0,0.0,0.0,57.03,0.0,30.23,35.0,100.0,26.46
2018-01-07 14:02:00,2,1,67.42,85.0,55.0,62.23,45.0,67.42,0.8,0.0,5.63,45.0,45.0,0.0,0.0,0.0,120.0,45.0,0.0,0.88,0.0,0.0,0.0,57.04,0.0,30.22,34.98,100.0,26.46
2018-01-07 14:03:00,2,1,67.42,85.0,55.0,62.24,45.0,67.42,0.8,0.0,5.63,45.0,45.0,0.0,0.0,0.0,120.0,45.0,0.0,0.88,0.0,0.0,0.0,57.05,0.0,30.21,34.96,100.0,26.46
2018-01-07 14:04:00,2,1,67.42,85.0,55.0,62.24,45.0,67.42,0.8,0.0,5.63,45.0,45.0,0.0,0.0,0.0,120.0,45.0,0.0,0.88,0.0,0.0,0.0,57.07,0.0,30.21,34.95,100.0,26.46
2018-01-07 14:05:00,2,1,67.42,85.0,55.0,62.25,45.0,67.42,0.8,0.0,5.63,45.0,45.0,0.0,0.0,0.0,120.0,45.0,0.0,0.88,0.0,0.0,0.0,57.08,0.0,30.2,34.94,100.0,26.45
2018-01-07 14:06:00,2,1,67.42,85.0,55.0,62.26,45.0,67.42,0.8,0.0,5.63,45.0,45.0,0.0,0.0,0.0,120.0,45.0,0.0,0.88,0.0,0.0,0.0,57.09,0.0,30.19,34.92,100.0,26.45
2018-01-07 14:07:00,2,1,67.42,85.0,55.0,62.26,45.0,67.42,0.8,0.0,5.63,45.0,45.0,0.0,0.0,0.0,120.0,45.0,0.0,0.88,0.0,0.0,0.0,57.1,0.0,30.19,34.91,100.0,26.45
2018-01-07 14:08:00,2,1,67.42,85.0,55.0,62.26,45.0,67.42,0.8,0.0,5.63,45.0,45.0,0.0,0.0,0.0,120.0,45.0,0.0,0.88,0.0,0.0,0.0,57.11,0.0,30.18,34.9,100.0,26.45
2018-01-07 14:09:00,2,1,67.42,85.0,55.0,62.27,45.0,67.42,0.8,0.0,5.63,45.0,45.0,0.0,0.0,0.0,120.0,45.0,0.0,0.88,0.0,0.0,0.0,57.11,0.0,30.17,34.89,100.0,26.45
2018-01-07 14:10:00,2,1,67.42,85.0,55.0,62.27,45.0,67.42,0.8,0.0,5.63,45.0,45.0,0.0,0.0,0.0,120.0,45.0,0.0,0.88,0.0,0.0,0.0,57.12,0.0,30.17,34.88,100.0,26.45
2018-01-07 14:11:00,2,1,67.42,85.0,55.0,62.28,45.0,67.42,0.8,0.0,5.63,45.0,45.0,0.0,0.0,0.0,120.0,45.0,0.0,0.88,0.0,0.0,0.0,57.13,0.0,30.17,34.88,100.0,26.45
2018-01-07 14:12:00,2,1,67.42,85.0,55.0,62.28,45.0,67.42,0.8,0.0,5.63,45.0,45.0,0.0,0.0,0.0,120.0,45.0,0.0,0.88,0.0,0.0,0.0,57.14,0.0,30.16,34.87,100.0,26.45
2018-01-07 14:13:00,2,1,67.42,85.0,55.0,62.28,45.0,67.42,0.8,0.0,5.63,45.0,45.0,0.0,0.0,0.0,120.0,45.0,0.0,0.88,0.0,0.0,0.0,57.14,0.0,30.16,34.86,100.0,26.45
2018-01-07 14:14:00,2,1,67.42,85.0,55.0,62.28,45.0,67.42,0.8,0.0,5.63,45.0,45.0,0.0,0.0,0.0,120.0,45.0,0.0,0.88,0.0,0.0,0.0,57.15,0.0,30.16,34.86,100.0,26.45
2018-01-07 14:15:00,2,1,67.42,85.0,55.0,62.28,45.0,67.42,0.8,0.0,5.63,45.0,45.0,0.0,0.0,0.0,120.0,45.0,0.0,0.88,0.0,0.0,0.0,57.15,0.0,30.16,34.85,100.0,26.45
2018-01-07 14:16:00,2,1,67.41,85.0,55.0,62.28,45.0,67.41,0.8,0.0,5.63,45.0,45.0,0.0,0.0,0.0,120.0,45.0,0.0,0.88,0.0,0.0,0.0,57.15,0.0,30.15,34.85,100.0,26.45
2018-01-07 14:17:00,2,1,67.41,85.0,55.0,62.28,45.0,67.41,0.8,0.0,5.63,45.0,45.0,0.0,0.0,0.0,120.0,45.0,0.0,0.88,0.0,0.0,0.0,57.16,0.0,30.15,34.84,100.0,26.45
2018-01-07 14:18:00,2,1,67.41,85.0,55.0,62.28,45.0,67.41,0.8,0.0,5.63,45.0,45.0,0.0,0.0,0.0,120.0,45.0,0.0,0.88,0.0,0.0,0.0,57.16,0.0,30.15,34.84,100.0,26.45
2018-01-07 14:19:00,2,1,67.41,85.0,55.0,62.28,45.0,67.41,0.8,0.0,5.63,45.0,45.0,0.0,0.0,0.0,120.0,45.0,0.0,0.88,0.0,0.0,0.0,57.16,0.0,30.15,34.84,100.0,26.45
2018-01-07 14:20:00,2,1,67.4,85.0,55.0,62.28,45.0,67.4,0.8,0.0,5.63,45.0,45.0,0.0,0.0,0.0,120.0,45.0,0.0,0.88,0.0,0.0,0.0,57.16,0.0,30.15,34.83,100.0,26.45
2018-01-07 14:21:00,2,1,67.4,85.0,55.0,62.28,45.0,67.4,0.8,0.0,5.63,45.0,45.0,0.0,0.0,0.0,120.0,45.0,0.0,0.88,0.0,0.0,0.0,57.16,0.0,30.15,34.83,100.0,26.46
2018-01-07 14:22:00,2,1,67.4,85.0,55.0,62.28,45.0,67.4,0.8,0.0,5.63,45.0,45.0,0.0,0.0,0.0,120.0,45.0,0.0,0.88,0.0,0.0,0.0,57.17,0.0,30.15,34.83,100.0,26.46
2018-01-07 14:23:00,2,1,67.39,85.0,55.0,62.28,45.0,67.39,0.8,0.0,5.63,45.0,45.0,0.0,0.0,0.0,120.0,45.0,0.0,0.88,0.0,0.0,0.0,57.17,0.0,30.15,34.83,100.0,26.46
2018-01-07 14:24:00,2,1,67.39,85.0,55.0,62.28,45.0,67.39,0.8,0.0,5.63,45.0,45.0,0.0,0.0,0.0,120.0,45.0,0.0,0.88,0.0,0.0,0.0,57.17,0.0,30.16,34.83,100.0,26.46
2018-01-07 14:25:00,2,1,67.39,85.0,55.0,62.28,45.0,67.39,0.8,0.0,5.63,45.0,45.0,0.0,0.0,0.0,120.0,45.0,0.0,0.88,0.0,0.0,0.0,57.17,0.0,30.16,34.83,100.0,26.46
2018-01-07 14:26:00,2,1,67.38,85.0,55.0,62.27,45.0,67.38,0.8,0.0,5.63,45.0,45.0,0.0,0.0,0.0,120.0,45.0,0.0,0.88,0.0,0.0,0.0,57.16,0.0,30.16,34.83,100.0,26.47
2018-01-07 14:27:00,2,1,67.38,85.0,55.0,62.27,45.0,67.38,0.8,0.0,5.63,45.0,45.0,0.0,0.0,0.0,120.0,45.0,0.0,0.88,0.0,0.0,0.0,57.16,0.0,30.16,34.84,100.0,26.47
2018-01-07 14:28:00,2,1,67.37,85.0,55.0,62.27,45.0,67.37,0.8,0.0,5.63,45.0,45.0,0.0,0.0,0.0,120.0,45.0,0.0,0.88,0.0,0.0,0.0,57.16,0.0,30.16,34.84,100.0,26.47
2018-01-07 14:29:00,2,1,67.37,85.0,55.0,62.26,45.0,67.37,0.8,0.0,5.63,45.0,45.0,0.0,0.0,0.0,120.0,45.0,0.0,0.88,0.0,0.0,0.0,57.16,0.0,30.17,34.84,100.0,26.47
2018-01-07 14:30:00,2,1,67.36,85.0,55.0,62.26,45.0,67.36,0.8,0.0,5.63,45.0,45.0,0.0,0.0,0.0,120.0,45.0,0.0,0.88,0.0,0.0,0.0,57.16,0.0,30.17,34.84,100.0,26.48
2018-01-07 14:31:00,2,1,67.36,85.0,55.0,62.26,45.0,67.36,0.8,0.0,5.63,45.0,45.0,0.0,0.0,0.0,120.0,45.0,0.0,0.88,0.0,0.0,0.0,57.15,0.0,30.18,34.85,100.0,26.48
2018-01-07 14:32:00,2,1,67.35,85.0,55.0,62.25,45.0,67.35,0.8,0.0,5.63,45.0,45.0,0.0,0.0,0.0,120.0,45.0,0.0,0.88,0.0,0.0,0.0,57.15,0.0,30.18,34.85,100.0,26.48
2018-01-07 14:33:00,2,1,67.35,85.0,55.0,62.25,45.0,67.35,0.8,0.0,5.63,45.0,45.0,0.0,0.0,0.0,120.0,45.0,0.0,0.88,0.0,0.0,0.0,57.15,0.0,30.18,34.85,100.0,26.49
2018-01-07 14:34:00,2,1,67.34,85.0,55.0,62.24,45.0,67.34,0.8,0.0,5.63,45.0,45.0,0.0,0.0,0.0,120.0,45.0,0.0,0.88,0.0,0.0,0.0,57.14,0.0,30.19,34.86,100.0,26.49
2018-01-07 14:35:00,2,1,67.33,85.0,55.0,62.24,45.0,67.33,0.8,0.0,5.63,45.0,45.0,0.0,0.0,0.0,120.0,45.0,0.0,0.88,0.0,0.0,0.0,57.14,0.0,30.19,34.86,100.0,26.49
2018-01-07 14:36:00,2,1,67.33,85.0,55.0,62.23,45.0,67.33,0.8,0.0,5.63,45.0,45.0,0.0,0.0,0.0,120.0,45.0,0.0,0.88,0.0,0.0,0.0,57.14,0.0,30.2,34.87,100.0,26.5
2018-01-07 14:37:00,2,1,67.32,85.0,55.0,62.23,45.0,67.32,0.8,0.0,5.63,45.0,45.0,0.0,0.0,0.0,120.0,45.0,0.0,0.88,0.0,0.0,0.0,57.13,0.0,30.2,34.87,100.0,26.5
2018-01-07 14:38:00,2,1,67.31,85.0,55.0,62.22,45.0,67.31,0.8,0.0,5.63,45.0,45.0,0.0,0.0,0.0,120.0,45.0,0.0,0.88,0.0,0.0,0.0,57.13,0.0,30.21,34.88,100.0,26.51
2018-01-07 14:39:00,2,1,67.31,85.0,55.0,62.21,45.0,67.31,0.8,0.0,5.63,45.0,45.0,0.0,0.0,0.0,120.0,45.0,0.0,0.88,0.0,0.0,0.0,57.12,0.0,30.22,34.88,100.0,26.51
2018-01-07 14:40:00,2,1,67.3,85.0,55.0,62.21,45.0,67.3,0.8,0.0,5.63,45.0,45.0,0.0,0.0,0.0,120.0,45.0,0.0,0.88,0.0,0.0,0.0,57.12,0.0,30.22,34.89,100.0,26.52
2018-01-07 14:41:00,2,1,67.29,85.0,55.0,62.2,45.0,67.29,0.8,0.0,5.63,45.0,45.0,0.0,0.0,0.0,120.0,45.0,0.0,0.88,0.0,0.0,0.0,57.11,0.0,30.23,34.89,100.0,26.52
2018-01-07 14:42:00,2,1,67.28,85.0,55.0,62.2,45.0,67.28,0.8,0.0,5.63,45.0,45.0,0.0,0.0,0.0,120.0,45.0,0.0,0.88,0.0,0.0,0.0,57.11,0.0,30.23,34.9,100.0,26.53
2018-01-07 14:43:00,2,1,67.28,85.0,55.0,62.19,45.0,67.28,0.8,0.0,5.63,45.0,45.0,0.0,0.0,0.0,120.0,45.0,0.0,0.88,0.0,0.0,0.0,57.1,0.0,30.24,34.91,100.0,26.53
2018-01-07 14:44:00,2,1,67.27,85.0,55.0,62.18,45.0,67.27,0.8,0.0,5.63,45.0,45.0,0.0,0.0,0.0,120.0,45.0,0.0,0.88,0.0,0.0,0.0,57.1,0.0,30.25,34.91,100.0,26.54
2018-01-07 14:45:00,2,1,67.26,85.0,55.0,62.18,45.0,67.26,0.8,0.0,5.63,45.0,45.0,0.0,0.0,0.0,120.0,45.0,0.0,0.88,0.0,0.0,0.0,57.09,0.0,30.25,34.92,100.0,26.54
2018-01-07 14:46:00,2,1,67.25,85.0,55.0,62.17,45.0,67.25,0.8,0.0,5.63,45.0,45.0,0.0,0.0,0.0,120.0,45.0,0.0,0.88,0.0,0.0,0.0,57.09,0.0,30.26,34.92,100.0,26.55
2018-01-07 14:47:00,2,1,67.24,85.0,55.0,62.16,45.0,67.24,0.8,0.0,5.63,45.0,45.0,0.0,0.0,0.0,120.0,45.0,0.0,0.88,0.0,0.0,0.0,57.08,0.0,30.27,34.93,100.0,26.56
2018-01-07 14:48:00,2,1,67.23,85.0,55.0,62.16,45.0,67.23,0.8,0.0,5.63,45.0,45.0,0.0,0.0,0.0,120.0,45.0,0.0,0.88,0.0,0.0,0.0,57.08,0.0,30.27,34.94,100.0,26.56
2018-01-07 14:49:00,2,1,67.22,85.0,55.0,62.15,45.0,67.22,0.8,0.0,5.63,45.0,45.0,0.0,0.0,0.0,120.0,45.0,0.0,0.88,0.0,0.0,0.0,57.07,0.0,30.28,34.94,100.0,26.57
2018-01-07 14:50:00,2,1,67.22,85.0,55.0,62.14,45.0,67.22,0.8,0.0,5.63,45.0,45.0,0.0,0.0,0.0,120.0,45.0,0.0,0.88,0.0,0.0,0.0,57.07,0.0,30.29,34.95,100.0,26.58
2018-01-07 14:51:00,2,1,67.21,85.0,55.0,62.13,45.0,67.21,0.8,0.0,5.63,45.0,45.0,0.0,0.0,0.0,120.0,45.0,0.0,0.88,0.0,0.0,0.0,57.06,0.0,30.3,34.95,100.0,26.58
2018-01-07 14:52:00,2,1,67.2,85.0,55.0,62.13,45.0,67.2,0.8,0.0,5.63,45.0,45.0,0.0,0.0,0.0,120.0,45.0,0.0,0.88,0.0,0.0,0.0,57.06,0.0,30.31,34.96,100.0,26.59
2018-01-07 14:53:00,2,1,67.19,85.0,55.0,62.12,45.0,67.19,0.8,0.0,5.63,45.0,45.0,0.0,0.0,0.0,120.0,45.0,0.0,0.88,0.0,0.0,0.0,57.05,0.0,30.31,34.97,100.0,26.6
2018-01-07 14:54:00,2,1,67.18,85.0,55.0,62.11,45.0,67.18,0.8,0.0,5.63,45.0,45.0,0.0,0.0,0.0,120.0,45.0,0.0,0.88,0.0,0.0,0.0,57.05,0.0,30.32,34.97,100.0,26.6
2018-01-07 14:55:00,2,1,67.16,85.0,55.0,62.1,45.0,67.16,0.8,0.0,5.63,45.0,45.0,0.0,0.0,0.0,120.0,45.0,0.0,0.88,0.0,0.0,0.0,57.04,0.0,30.33,34.98,100.0,26.61
2018-01-07 14:56:00,2,1,67.15,85.0,55.0,62.1,45.0,67.15,0.8,0.0,5.63,45.0,45.0,0.0,0.0,0.0,120.0,45.0,0.0,0.88,0.0,0.0,0.0,57.04,0.0,30.34,34.98,100.0,26.62
2018-01-07 14:57:00,2,1,67.14,85.0,55.0,62.09,45.0,67.14,0.8,0.0,5.63,45.0,45.0,0.0,0.0,0.0,120.0,45.0,0.0,0.88,0.0,0.0,0.0,57.03,0.0,30.34,34.99,100.0,26.63
2018-01-07 14:58:00,2,1,67.13,85.0,55.0,62.08,45.0,67.13,0.8,0.0,5.63,45.0,45.0,0.0,0.0,0.0,120.0,45.0,0.0,0.88,0.0,0.0,0.0,57.03,0.0,30.35,34.99,100.0,26.64
2018-01-07 14:59:00,2,1,67.12,85.0,55.0,62.07,45.0,67.12,0.8,0.0,5.63,45.0,45.0,0.0,0.0,0.0,120.0,45.0,0.0,0.88,0.0,0.0,0.0,57.03,0.0,30.36,35.0,100.0,26.64
2018-01-07 15:00:00,2,1,67.11,85.0,55.0,62.07,45.0,67.11,0.8,0.0,5.63,45.0,45.0,0.0,0.0,0.0,120.0,45.0,0.0,0.88,0.0,0.0,0.0,57.02,0.0,30.37,35.0,100.0,26.65
2018-01-07 15:01:00,2,1,67.1,85.0,55.0,62.07,45.0,67.1,0.8,0.0,5.63,45.0,45.0,0.0,0.0,0.0,120.0,45.0,0.0,0.88,0.0,0.0,0.0,57.03,0.0,30.37,34.99,100.0,26.66
2018-01-07 15:02:00,2,1,67.09,85.0,55.0,62.07,45.0,67.09,0.8,0.0,5.63,45.0,45.0,0.0,0.0,0.0,120.0,45.0,0.0,0.88,0.0,0.0,0.0,57.05,0.0,30.36,34.96,100.0,26.67
2018-01-07 15:03:00,2,1,67.07,85.0,55.0,62.07,45.0,67.07,0.8,0.0,5.63,45.0,45.0,0.0,0.0,0.0,120.0,45.0,0.0,0.88,0.0,0.0,0.0,57.07,0.0,30.36,34.94,100.0,26.68
2018-01-07 15:04:00,2,1,67.06,85.0,55.0,62.08,45.0,67.06,0.8,0.0,5.63,45.0,45.0,0.0,0.0,0.0,120.0,45.0,0.0,0.88,0.0,0.0,0.0,57.09,0.0,30.35,34.91,100.0,26.69
2018-01-07 15:05:00,2,1,67.05,85.0,55.0,62.08,45.0,67.05,0.8,0.0,5.63,45.0,45.0,0.0,0.0,0.0,120.0,45.0,0.0,0.88,0.0,0.0,0.0,57.12,0.0,30.35,34.89,100.0,26.7
2018-01-07 15:06:00,2,1,67.03,85.0,55.0,62.09,45.0,67.03,0.8,0.0,5.63,45.0,45.0,0.0,0.0,0.0,120.0,45.0,0.0,0.88,0.0,0.0,0.0,57.14,0.0,30.34,34.86,100.0,26.71
2018-01-07 15:07:00,2,1,67.02,85.0,55.0,62.09,45.0,67.02,0.8,0.0,5.63,45.0,45.0,0.0,0.0,0.0,120.0,45.0,0.0,0.88,0.0,0.0,0.0,57.16,0.0,30.33,34.84,100.0,26.72
2018-01-07 15:08:00,2,1,67.01,85.0,55.0,62.09,45.0,67.01,0.8,0.0,5.63,45.0,45.0,0.0,0.0,0.0,120.0,45.0,0.0,0.88,0.0,0.0,0.0,57.18,0.0,30.33,34.81,100.0,26.73
2018-01-07 15:09:00,2,1,66.99,85.0,55.0,62.1,45.0,66.99,0.8,0.0,5.63,45.0,45.0,0.0,0.0,0.0,120.0,45.0,0.0,0.88,0.0,0.0,0.0,57.2,0.0,30.32,34.78,100.0,26.74
2018-01-07 15:10:00,2,1,66.98,85.0,55.0,62.1,45.0,66.98,0.8,0.0,5.63,45.0,45.0,0.0,0.0,0.0,120.0,45.0,0.0,0.88,0.0,0.0,0.0,57.22,0.0,30.32,34.76,100.0,26.75
2018-01-07 15:11:00,2,1,66.96,85.0,55.0,62.1,45.0,66.96,0.8,0.0,5.63,45.0,45.0,0.0,0.0,0.0,120.0,45.0,0.0,0.88,0.0,0.0,0.0,57.25,0.0,30.31,34.73,100.0,26.76
2018-01-07 15:12:00,2,1,66.95,85.0,55.0,62.11,45.0,66.95,0.8,0.0,5.63,45.0,45.0,0.0,0.0,0.0,120.0,45.0,0.0,0.88,0.0,0.0,0.0,57.27,0.0,30.31,34.71,100.0,26.77
2018-01-07 15:13:00,2,1,66.93,85.0,55.0,62.11,45.0,66.93,0.8,0.0,5.63,45.0,45.0,0.0,0.0,0.0,120.0,45.0,0.0,0.88,0.0,0.0,0.0,57.29,0.0,30.3,34.68,100.0,26.79
2018-01-07 15:14:00,2,1,66.92,85.0,55.0,62.11,45.0,66.92,0.8,0.0,5.63,45.0,45.0,0.0,0.0,0.0,120.0,45.0,0.0,0.88,0.0,0.0,0.0,57.31,0.0,30.3,34.65,100.0,26.8
2018-01-07 15:15:00,2,1,66.9,85.0,55.0,62.12,45.0,66.9,0.8,0.0,5.63,45.0,45.0,0.0,0.0,0.0,120.0,45.0,0.0,0.88,0.0,0.0,0.0,57.33,0.0,30.3,34.63,100.0,26.81
2018-01-07 15:16:00,2,1,66.88,85.0,55.0,62.12,45.0,66.88,0.8,0.0,5.63,45.0,45.0,0.0,0.0,0.0,120.0,45.0,0.0,0.88,0.0,0.0,0.0,57.36,0.0,30.29,34.6,100.0,26.82
2018-01-07 15:17:00,2,1,66.87,85.0,55.0,62.12,45.0,66.87,0.8,0.0,5.63,45.0,45.0,0.0,0.0,0.0,120.0,45.0,0.0,0.88,0.0,0.0,0.0,57.38,0.0,30.29,34.58,100.0,26.83
2018-01-07 15:18:00,2,1,66.85,85.0,55.0,62.12,45.0,66.85,0.8,0.0,5.63,45.0,45.0,0.0,0.0,0.0,120.0,45.0,0.0,0.88,0.0,0.0,0.0,57.4,0.0,30.28,34.55,100.0,26.85
2018-01-07 15:19:00,2,1,66.83,85.0,55.0,62.13,45.0,66.83,0.8,0.0,5.63,45.0,45.0,0.0,0.0,0.0,120.0,45.0,0.0,0.88,0.0,0.0,0.0,57.42,0.0,30.28,34.53,100.0,26.86
2018-01-07 15:20:00,2,1,66.82,85.0,55.0,62.13,45.0,66.82,0.8,0.0,5.63,45.0,45.0,0.0,0.0,0.0,120.0,45.0,0.0,0.88,0.0,0.0,0.0,57.44,0.0,30.28,34.5,100.0,26.87
2018-01-07 15:21:00,2,1,66.8,85.0,55.0,62.13,45.0,66.8,0.8,0.0,5.63,45.0,45.0,0.0,0.0,0.0,120.0,45.0,0.0,0.88,0.0,0.0,0.0,57.46,0.0,30.27,34.48,100.0,26.89
2018-01-07 15:22:00,2,1,66.78,85.0,55.0,62.13,45.0,66.78,0.8,0.0,5.63,45.0,45.0,0.0,0.0,0.0,120.0,45.0,0.0,0.88,0.0,0.0,0.0,57.48,0.0,30.27,34.45,100.0,26.9
2018-01-07 15:23:00,2,1,66.76,85.0,55.0,62.13,45.0,66.76,0.8,0.0,5.63,45.0,45.0,0.0,0.0,0.0,120.0,45.0,0.0,0.88,0.0,0.0,0.0,57.5,0.0,30.27,34.43,100.0,26.91
2018-01-07 15:24:00,2,1,66.75,85.0,55.0,62.14,45.0,66.75,0.8,0.0,5.63,45.0,45.0,0.0,0.0,0.0,120.0,45.0,0.0,0.88,0.0,0.0,0.0,57.52,0.0,30.27,34.4,100.0,26.93
2018-01-07 15:25:00,2,1,66.73,85.0,55.0,62.14,45.0,66.73,0.8,0.0,5.63,45.0,45.0,0.0,0.0,0.0,120.0,45.0,0.0,0.88,0.0,0.0,0.0,57.54,0.0,30.26,34.38,100.0,26.94
2018-01-07 15:26:00,2,1,66.71,85.0,55.0,62.14,45.0,66.71,0.8,0.0,5.63,45.0,45.0,0.0,0.0,0.0,120.0,45.0,0.0,0.88,0.0,0.0,0.0,57.56,0.0,30.26,34.36,100.0,26.96
2018-01-07 15:27:00,2,1,66.69,85.0,55.0,62.14,45.0,66.69,0.8,0.0,5.63,45.0,45.0,0.0,0.0,0.0,120.0,45.0,0.0,0.88,0.0,0.0,0.0,57.58,0.0,30.26,34.34,100.0,26.97
2018-01-07 15:28:00,2,1,66.67,85.0,55.0,62.14,45.0,66.67,0.8,0.0,5.63,45.0,45.0,0.0,0.0,0.0,120.0,45.0,0.0,0.88,0.0,0.0,0.0,57.6,0.0,30.26,34.31,100.0,26.99
2018-01-07 15:29:00,2,1,66.65,85.0,55.0,62.14,45.0,66.65,0.8,0.0,5.63,45.0,45.0,0.0,0.0,0.0,120.0,45.0,0.0,0.88,0.0,0.0,0.0,57.62,0.0,30.26,34.29,100.0,27.0
2018-01-07 15:30:00,2,1,66.64,85.0,55.0,62.14,45.0,66.64,0.8,0.0,5.63,45.0,45.0,0.0,0.0,0.0,120.0,45.0,0.0,0.88,0.0,0.0,0.0,57.64,0.0,30.26,34.27,100.0,27.02
2018-01-07 15:31:00,2,1,66.62,85.0,55.0,62.14,45.0,66.62,0.8,0.0,5.63,45.0,45.0,0.0,0.0,0.0,120.0,45.0,0.0,0.88,0.0,0.0,0.0,57.66,0.0,30.26,34.25,100.0,27.03
2018-01-07 15:32:00,2,1,66.6,85.0,55.0,62.14,45.0,66.6,0.8,0.0,5.63,45.0,45.0,0.0,0.0,0.0,120.0,45.0,0.0,0.88,0.0,0.0,0.0,57.68,0.0,30.26,34.23,100.0,27.05
2018-01-07 15:33:00,2,1,66.58,85.0,55.0,62.14,45.0,66.58,0.8,0.0,5.63,45.0,45.0,0.0,0.0,0.0,120.0,45.0,0.0,0.88,0.0,0.0,0.0,57.69,0.0,30.26,34.21,100.0,27.06
2018-01-07 15:34:00,2,1,66.56,85.0,55.0,62.14,45.0,66.56,0.8,0.0,5.63,45.0,45.0,0.0,0.0,0.0,120.0,45.0,0.0,0.88,0.0,0.0,0.0,57.71,0.0,30.26,34.19,100.0,27.08
2018-01-07 15:35:00,2,1,66.54,85.0,55.0,62.13,45.0,66.54,0.8,0.0,5.63,45.0,45.0,0.0,0.0,0.0,120.0,45.0,0.0,0.88,0.0,0.0,0.0,57.73,0.0,30.26,34.18,100.0,27.09
2018-01-07 15:36:00,2,1,66.52,85.0,55.0,62.13,45.0,66.52,0.8,0.0,5.63,45.0,45.0,0.0,0.0,0.0,120.0,45.0,0.0,0.88,0.0,0.0,0.0,57.74,0.0,30.26,34.16,100.0,27.11
2018-01-07 15:37:00,2,1,66.5,85.0,55.0,62.13,45.0,66.5,0.8,0.0,5.63,45.0,45.0,0.0,0.0,0.0,120.0,45.0,0.0,0.88,0.0,0.0,0.0,57.76,0.0,30.26,34.14,100.0,27.13
2018-01-07 15:38:00,2,1,66.48,85.0,55.0,62.13,45.0,66.48,0.8,0.0,5.63,45.0,45.0,0.0,0.0,0.0,120.0,45.0,0.0,0.88,0.0,0.0,0.0,57.77,0.0,30.27,34.13,100.0,27.14
2018-01-07 15:39:00,2,1,66.46,85.0,55.0,62.12,45.0,66.46,0.8,0.0,5.63,45.0,45.0,0.0,0.0,0.0,120.0,45.0,0.0,0.88,0.0,0.0,0.0,57.79,0.0,30.27,34.11,100.0,27.16
2018-01-07 15:40:00,2,1,66.44,85.0,55.0,62.12,45.0,66.44,0.8,0.0,5.63,45.0,45.0,0.0,0.0,0.0,120.0,45.0,0.0,0.88,0.0,0.0,0.0,57.8,0.0,30.27,34.1,100.0,27.17
2018-01-07 15:41:00,2,1,66.42,85.0,55.0,62.12,45.0,66.42,0.8,0.0,5.63,45.0,45.0,0.0,0.0,0.0,120.0,45.0,0.0,0.88,0.0,0.0,0.0,57.82,0.0,30.28,34.08,100.0,27.19
2018-01-07 15:42:00,2,1,66.4,85.0,55.0,62.11,45.0,66.4,0.8,0.0,5.63,45.0,45.0,0.0,0.0,0.0,120.0,45.0,0.0,0.88,0.0,0.0,0.0,57.83,0.0,30.28,34.07,100.0,27.21
2018-01-07 15:43:00,2,1,66.37,85.0,55.0,62.11,45.0,66.37,0.8,0.0,5.63,45.0,45.0,0.0,0.0,0.0,120.0,45.0,0.0,0.88,0.0,0.0,0.0,57.84,0.0,30.29,34.06,100.0,27.23
2018-01-07 15:44:00,2,1,66.35,85.0,55.0,62.1,45.0,66.35,0.8,0.0,5.63,45.0,45.0,0.0,0.0,0.0,120.0,45.0,0.0,0.88,0.0,0.0,0.0,57.85,0.0,30.29,34.04,100.0,27.24
2018-01-07 15:45:00,2,1,66.33,85.0,55.0,62.1,45.0,66.33,0.8,0.0,5.63,45.0,45.0,0.0,0.0,0.0,120.0,45.0,0.0,0.88,0.0,0.0,0.0,57.86,0.0,30.3,34.03,100.0,27.26
2018-01-07 15:46:00,2,1,66.31,85.0,55.0,62.09,45.0,66.31,0.8,0.0,5.63,45.0,45.0,0.0,0.0,0.0,120.0,45.0,0.0,0.88,0.0,0.0,0.0,57.87,0.0,30.3,34.02,100.0,27.28
2018-01-07 15:47:00,2,1,66.29,85.0,55.0,62.08,45.0,66.29,0.8,0.0,5.63,45.0,45.0,0.0,0.0,0.0,120.0,45.0,0.0,0.88,0.0,0.0,0.0,57.88,0.0,30.31,34.02,100.0,27.29
2018-01-07 15:48:00,2,1,66.27,85.0,55.0,62.08,45.0,66.27,0.8,0.0,5.63,45.0,45.0,0.0,0.0,0.0,120.0,45.0,0.0,0.88,0.0,0.0,0.0,57.89,0.0,30.32,34.01,100.0,27.31
2018-01-07 15:49:00,2,1,66.25,85.0,55.0,62.07,45.0,66.25,0.8,0.0,5.63,45.0,45.0,0.0,0.0,0.0,120.0,45.0,0.0,0.88,0.0,0.0,0.0,57.9,0.0,30.33,34.0,100.0,27.33
2018-01-07 15:50:00,2,1,66.22,85.0,55.0,62.06,45.0,66.22,0.8,0.0,5.63,45.0,45.0,0.0,0.0,0.0,120.0,45.0,0.0,0.88,0.0,0.0,0.0,57.9,0.0,30.33,34.0,100.0,27.35
2018-01-07 15:51:00,2,1,66.2,85.0,55.0,62.06,45.0,66.2,0.8,0.0,5.63,45.0,45.0,0.0,0.0,0.0,120.0,45.0,0.0,0.88,0.0,0.0,0.0,57.91,0.0,30.34,33.99,100.0,27.37
2018-01-07 15:52:00,2,1,66.18,85.0,55.0,62.05,45.0,66.18,0.8,0.0,5.63,45.0,45.0,0.0,0.0,0.0,120.0,45.0,0.0,0.88,0.0,0.0,0.0,57.91,0.0,30.35,33.99,100.0,27.38
2018-01-07 15:53:00,2,1,66.16,85.0,55.0,62.04,45.0,66.16,0.8,0.0,5.63,45.0,45.0,0.0,0.0,0.0,120.0,45.0,0.0,0.88,0.0,0.0,0.0,57.92,0.0,30.36,33.98,100.0,27.4
2018-01-07 15:54:00,2,1,66.13,85.0,55.0,62.03,45.0,66.13,0.8,0.0,5.63,45.0,45.0,0.0,0.0,0.0,120.0,45.0,0.0,0.88,0.0,0.0,0.0,57.92,0.0,30.37,33.98,100.0,27.42
2018-01-07 15:55:00,2,1,66.11,85.0,55.0,62.02,45.0,66.11,0.8,0.0,5.63,45.0,45.0,0.0,0.0,0.0,120.0,45.0,0.0,0.88,0.0,0.0,0.0,57.92,0.0,30.38,33.98,100.0,27.44
2018-01-07 15:56:00,2,1,66.09,85.0,55.0,62.01,45.0,66.09,0.8,0.0,5.63,45.0,45.0,0.0,0.0,0.0,120.0,45.0,0.0,0.88,0.0,0.0,0.0,57.93,0.0,30.4,33.98,100.0,27.46
2018-01-07 15:57:00,2,1,66.07,85.0,55.0,62.0,45.0,66.07,0.8,0.0,5.63,45.0,45.0,0.0,0.0,0.0,120.0,45.0,0.0,0.88,0.0,0.0,0.0,57.93,0.0,30.41,33.98,100.0,27.48
2018-01-07 15:58:00,2,1,66.04,85.0,55.0,61.98,45.0,66.04,0.8,0.0,5.63,45.0,45.0,0.0,0.0,0.0,120.0,45.0,0.0,0.88,0.0,0.0,0.0,57.93,0.0,30.42,33.99,100.0,27.5
2018-01-07 15:59:00,2,1,66.02,85.0,55.0,61.97,45.0,66.02,0.8,0.0,5.63,45.0,45.0,0.0,0.0,0.0,120.0,45.0,0.0,0.88,0.0,0.0,0.0,57.92,0.0,30.44,33.99,100.0,27.52
2018-01-07 16:00:00,2,1,66.0,85.0,55.0,61.96,45.0,66.0,0.8,0.0,5.63,45.0,45.0,0.0,0.0,0.0,120.0,45.0,0.0,0.88,0.0,0.0,0.0,57.92,0.0,30.45,34.0,100.0,27.53
2018-01-07 16:01:00,2,1,65.97,85.0,55.0,61.94,45.0,65.97,0.8,0.0,5.63,45.0,45.0,0.0,0.0,0.0,120.0,45.0,0.0,0.88,0.0,0.0,0.0,57.91,0.0,30.48,34.02,100.0,27.55
2018-01-07 16:02:00,2,1,65.95,85.0,55.0,61.92,45.0,65.95,0.8,0.0,5.63,45.0,45.0,0.0,0.0,0.0,120.0,45.0,0.0,0.88,0.0,0.0,0.0,57.89,0.0,30.5,34.05,100.0,27.57
2018-01-07 16:03:00,2,1,65.93,85.0,55.0,61.9,45.0,65.93,0.8,0.0,5.63,45.0,45.0,0.0,0.0,0.0,120.0,45.0,0.0,0.88,0.0,0.0,0.0,57.86,0.0,30.53,34.09,100.0,27.59
2018-01-07 16:04:00,2,1,65.91,85.0,55.0,61.87,45.0,65.91,0.8,0.0,5.63,45.0,45.0,0.0,0.0,0.0,120.0,45.0,0.0,0.88,0.0,0.0,0.0,57.84,0.0,30.56,34.12,100.0,27.61
2018-01-07 16:05:00,2,1,65.88,85.0,55.0,61.85,45.0,65.88,0.8,0.0,5.63,45.0,45.0,0.0,0.0,0.0,120.0,45.0,0.0,0.88,0.0,0.0,0.0,57.81,0.0,30.59,34.16,100.0,27.63
2018-01-07 16:06:00,2,1,65.86,85.0,55.0,61.82,45.0,65.86,0.8,0.0,5.63,45.0,45.0,0.0,0.0,0.0,120.0,45.0,0.0,0.88,0.0,0.0,0.0,57.79,0.0,30.63,34.2,100.0,27.65
2018-01-07 16:07:00,2,1,65.83,85.0,55.0,61.8,45.0,65.83,0.8,0.0,5.63,45.0,45.0,0.0,0.0,0.0,120.0,45.0,0.0,0.88,0.0,0.0,0.0,57.76,0.0,30.66,34.24,100.0,27.67
2018-01-07 16:08:00,2,1,65.81,85.0,55.0,61.77,45.0,65.81,0.8,0.0,5.63,45.0,45.0,0.0,0.0,0.0,120.0,45.0,0.0,0.88,0.0,0.0,0.0,57.73,0.0,30.69,34.28,100.0,27.69
2018-01-07 16:09:00,2,1,65.79,85.0,55.0,61.74,45.0,65.79,0.8,0.0,5.63,45.0,45.0,0.0,0.0,0.0,120.0,45.0,0.0,0.88,0.0,0.0,0.0,57.7,0.0,30.73,34.32,100.0,27.71
2018-01-07 16:10:00,2,1,65.76,85.0,55.0,61.72,45.0,65.76,0.8,0.0,5.63,45.0,45.0,0.0,0.0,0.0,120.0,45.0,0.0,0.88,0.0,0.0,0.0,57.67,0.0,30.76,34.37,100.0,27.73
2018-01-07 16:11:00,2,1,65.74,85.0,55.0,61.69,45.0,65.74,0.8,0.0,5.63,45.0,45.0,0.0,0.0,0.0,120.0,45.0,0.0,0.88,0.0,0.0,0.0,57.64,0.0,30.8,34.41,100.0,27.75
2018-01-07 16:12:00,2,1,65.72,85.0,55.0,61.66,45.0,65.72,0.8,0.0,5.63,45.0,45.0,0.0,0.0,0.0,120.0,45.0,0.0,0.88,0.0,0.0,0.0,57.61,0.0,30.83,34.46,100.0,27.77
2018-01-07 16:13:00,2,1,65.69,85.0,55.0,61.63,45.0,65.69,0.8,0.0,5.63,45.0,45.0,0.0,0.0,0.0,120.0,45.0,0.0,0.88,0.0,0.0,0.0,57.58,0.0,30.87,34.51,100.0,27.79
2018-01-07 16:14:00,2,1,65.67,85.0,55.0,61.6,45.0,65.67,0.8,0.0,5.63,45.0,45.0,0.0,0.0,0.0,120.0,45.0,0.0,0.88,0.0,0.0,0.0,57.54,0.0,30.91,34.55,100.0,27.81
2018-01-07 16:15:00,2,1,65.64,85.0,55.0,61.58,45.0,65.64,0.8,0.0,5.63,45.0,45.0,0.0,0.0,0.0,120.0,45.0,0.0,0.88,0.0,0.0,0.0,57.51,0.0,30.94,34.6,100.0,27.84
2018-01-07 16:16:00,2,1,65.62,85.0,55.0,61.55,45.0,65.62,0.8,0.0,5.63,45.0,45.0,0.0,0.0,0.0,120.0,45.0,0.0,0.88,0.0,0.0,0.0,57.47,0.0,30.98,34.66,100.0,27.86
2018-01-07 16:17:00,2,1,65.6,85.0,55.0,61.51,45.0,65.6,0.8,0.0,5.63,45.0,45.0,0.0,0.0,0.0,120.0,45.0,0.0,0.88,0.0,0.0,0.0,57.43,0.0,31.02,34.71,100.0,27.88
2018-01-07 16:18:00,2,1,65.57,85.0,55.0,61.48,45.0,65.57,0.8,0.0,5.63,45.0,45.0,0.0,0.0,0.0,120.0,45.0,0.0,0.88,0.0,0.0,0.0,57.4,0.0,31.06,34.76,100.0,27.9
2018-01-07 16:19:00,2,1,65.55,85.0,55.0,61.45,45.0,65.55,0.8,0.0,5.63,45.0,45.0,0.0,0.0,0.0,120.0,45.0,0.0,0.88,0.0,0.0,0.0,57.36,0.0,31.1,34.82,100.0,27.92
2018-01-07 16:20:00,2,1,65.52,85.0,55.0,61.42,45.0,65.52,0.8,0.0,5.63,45.0,45.0,0.0,0.0,0.0,120.0,45.0,0.0,0.88,0.0,0.0,0.0,57.32,0.0,31.14,34.87,100.0,27.94
2018-01-07 16:21:00,2,1,65.5,85.0,55.0,61.39,45.0,65.5,0.8,0.0,5.63,45.0,45.0,0.0,0.0,0.0,120.0,45.0,0.0,0.88,0.0,0.0,0.0,57.28,0.0,31.19,34.93,100.0,27.96
2018-01-07 16:22:00,2,1,65.47,85.0,55.0,61.36,45.0,65.47,0.8,0.0,5.63,45.0,45.0,0.0,0.0,0.0,120.0,45.0,0.0,0.88,0.0,0.0,0.0,57.24,0.0,31.23,34.99,100.0,27.98
2018-01-07 16:23:00,2,1,65.45,85.0,55.0,61.32,45.0,65.45,0.8,0.0,5.63,45.0,45.0,0.0,0.0,0.0,120.0,45.0,0.0,0.88,0.0,0.0,0.0,57.19,0.0,31.27,35.05,100.0,28.0
2018-01-07 16:24:00,2,1,65.42,85.0,55.0,61.29,45.0,65.42,0.8,0.0,5.63,45.0,45.0,0.0,0.0,0.0,120.0,45.0,0.0,0.88,0.0,0.0,0.0,57.15,0.0,31.31,35.11,100.0,28.02
2018-01-07 16:25:00,2,1,65.4,85.0,55.0,61.25,45.0,65.4,0.8,0.0,5.63,45.0,45.0,0.0,0.0,0.0,120.0,45.0,0.0,0.88,0.0,0.0,0.0,57.11,0.0,31.36,35.17,100.0,28.05
2018-01-07 16:26:00,2,1,65.38,85.0,55.0,61.22,45.0,65.38,0.8,0.0,5.63,45.0,45.0,0.0,0.0,0.0,120.0,45.0,0.0,0.88,0.0,0.0,0.0,57.06,0.0,31.4,35.23,100.0,28.07
2018-01-07 16:27:00,2,1,65.35,85.0,55.0,61.18,45.0,65.35,0.8,0.0,5.63,45.0,45.0,0.0,0.0,0.0,120.0,45.0,0.0,0.88,0.0,0.0,0.0,57.02,0.0,31.45,35.29,100.0,28.09
2018-01-07 16:28:00,2,1,65.33,85.0,55.0,61.15,45.0,65.33,0.8,0.0,5.63,45.0,45.0,0.0,0.0,0.0,120.0,45.0,0.0,0.88,0.0,0.0,0.0,56.97,0.0,31.5,35.36,100.0,28.11
2018-01-07 16:29:00,2,1,65.3,85.0,55.0,61.11,45.0,65.3,0.8,0.0,5.63,45.0,45.0,0.0,0.0,0.0,120.0,45.0,0.0,0.88,0.0,0.0,0.0,56.92,0.0,31.54,35.42,100.0,28.13
2018-01-07 16:30:00,2,1,65.28,85.0,55.0,61.08,45.0,65.28,0.8,0.0,5.63,45.0,45.0,0.0,0.0,0.0,120.0,45.0,0.0,0.88,0.0,0.0,0.0,56.87,0.0,31.59,35.49,100.0,28.15
2018-01-07 16:31:00,2,1,65.25,85.0,55.0,61.04,45.0,65.25,0.8,0.0,5.63,45.0,45.0,0.0,0.0,0.0,120.0,45.0,0.0,0.88,0.0,0.0,0.0,56.82,0.0,31.64,35.56,100.0,28.18
2018-01-07 16:32:00,2,1,65.23,85.0,55.0,61.0,45.0,65.23,0.8,0.0,5.63,45.0,45.0,0.0,0.0,0.0,120.0,45.0,0.0,0.88,0.0,0.0,0.0,56.77,0.0,31.69,35.63,100.0,28.2
2018-01-07 16:33:00,2,1,65.2,85.0,55.0,60.96,45.0,65.2,0.8,0.0,5.63,45.0,45.0,0.0,0.0,0.0,120.0,45.0,0.0,0.88,0.0,0.0,0.0,56.72,0.0,31.73,35.7,100.0,28.22
2018-01-07 16:34:00,2,1,65.18,85.0,55.0,60.93,45.0,65.18,0.8,0.0,5.63,45.0,45.0,0.0,0.0,0.0,120.0,45.0,0.0,0.88,0.0,0.0,0.0,56.67,0.0,31.78,35.77,100.0,28.24
2018-01-07 16:35:00,2,1,65.16,85.0,55.0,60.89,45.0,65.16,0.8,0.0,5.63,45.0,45.0,0.0,0.0,0.0,120.0,45.0,0.0,0.88,0.0,0.0,0.0,56.62,0.0,31.83,35.84,100.0,28.26
2018-01-07 16:36:00,2,1,65.13,85.0,55.0,60.85,45.0,65.13,0.8,0.0,5.63,45.0,45.0,0.0,0.0,0.0,120.0,45.0,0.0,0.88,0.0,0.0,0.0,56.57,0.0,31.89,35.91,100.0,28.28
2018-01-07 16:37:00,2,1,65.11,85.0,55.0,60.81,45.0,65.11,0.8,0.0,5.63,45.0,45.0,0.0,0.0,0.0,120.0,45.0,0.0,0.88,0.0,0.0,0.0,56.51,0.0,31.94,35.99,100.0,28.31
2018-01-07 16:38:00,2,1,65.08,85.0,55.0,60.77,45.0,65.08,0.8,0.0,5.63,45.0,45.0,0.0,0.0,0.0,120.0,45.0,0.0,0.88,0.0,0.0,0.0,56.46,0.0,31.99,36.06,100.0,28.33
2018-01-07 16:39:00,2,1,65.06,85.0,55.0,60.73,45.0,65.06,0.8,0.0,5.63,45.0,45.0,0.0,0.0,0.0,120.0,45.0,0.0,0.88,0.0,0.0,0.0,56.4,0.0,32.04,36.14,100.0,28.35
2018-01-07 16:40:00,2,1,65.03,85.0,55.0,60.69,45.0,65.03,0.8,0.0,5.63,45.0,45.0,0.0,0.0,0.0,120.0,45.0,0.0,0.88,0.0,0.0,0.0,56.35,0.0,32.09,36.22,100.0,28.37
2018-01-07 16:41:00,2,1,65.01,85.0,55.0,60.65,45.0,65.01,0.8,0.0,5.63,45.0,45.0,0.0,0.0,0.0,120.0,45.0,0.0,0.88,0.0,0.0,0.0,56.29,0.0,32.15,36.29,100.0,28.39
2018-01-07 16:42:00,2,1,64.98,85.0,55.0,60.61,45.0,64.98,0.8,0.0,5.63,45.0,45.0,0.0,0.0,0.0,120.0,45.0,0.0,0.88,0.0,0.0,0.0,56.23,0.0,32.2,36.37,100.0,28.42
2018-01-07 16:43:00,2,1,64.96,85.0,55.0,60.57,45.0,64.96,0.8,0.0,5.63,45.0,45.0,0.0,0.0,0.0,120.0,45.0,0.0,0.88,0.0,0.0,0.0,56.17,0.0,32.25,36.45,100.0,28.44
2018-01-07 16:44:00,2,1,64.94,85.0,55.0,60.52,45.0,64.94,0.8,0.0,5.63,45.0,45.0,0.0,0.0,0.0,120.0,45.0,0.0,0.88,0.0,0.0,0.0,56.11,0.0,32.31,36.53,100.0,28.46
2018-01-07 16:45:00,2,1,64.91,85.0,55.0,60.48,45.0,64.91,0.8,0.0,5.63,45.0,45.0,0.0,0.0,0.0,120.0,45.0,0.0,0.88,0.0,0.0,0.0,56.05,0.0,32.37,36.62,100.0,28.48
2018-01-07 16:46:00,2,1,64.89,85.0,55.0,60.44,45.0,64.89,0.8,0.0,5.63,45.0,45.0,0.0,0.0,0.0,120.0,45.0,0.0,0.88,0.0,0.0,0.0,55.99,0.0,32.42,36.7,100.0,28.5
2018-01-07 16:47:00,2,1,64.86,85.0,55.0,60.4,45.0,64.86,0.8,0.0,5.63,45.0,45.0,0.0,0.0,0.0,120.0,45.0,0.0,0.88,0.0,0.0,0.0,55.93,0.0,32.48,36.78,100.0,28.53
2018-01-07 16:48:00,2,1,64.84,85.0,55.0,60.35,45.0,64.84,0.8,0.0,5.63,45.0,45.0,0.0,0.0,0.0,120.0,45.0,0.0,0.88,0.0,0.0,0.0,55.87,0.0,32.53,36.87,100.0,28.55
2018-01-07 16:49:00,2,1,64.81,85.0,55.0,60.31,45.0,64.81,0.8,0.0,5.63,45.0,45.0,0.0,0.0,0.0,120.0,45.0,0.0,0.88,0.0,0.0,0.0,55.81,0.0,32.59,36.95,100.0,28.57
2018-01-07 16:50:00,2,1,64.79,85.0,55.0,60.27,45.0,64.79,0.8,0.0,5.63,45.0,45.0,0.0,0.0,0.0,120.0,45.0,0.0,0.88,0.0,0.0,0.0,55.74,0.0,32.65,37.04,100.0,28.59
2018-01-07 16:51:00,2,1,64.77,85.0,55.0,60.22,45.0,64.77,0.8,0.0,5.63,45.0,45.0,0.0,0.0,0.0,120.0,45.0,0.0,0.88,0.0,0.0,0.0,55.68,0.0,32.71,37.13,100.0,28.61
2018-01-07 16:52:00,2,1,64.74,85.0,55.0,60.18,45.0,64.74,0.8,0.0,5.63,45.0,45.0,0.0,0.0,0.0,120.0,45.0,0.0,0.88,0.0,0.0,0.0,55.61,0.0,32.77,37.22,100.0,28.64
2018-01-07 16:53:00,2,1,64.72,85.0,55.0,60.13,45.0,64.72,0.8,0.0,5.63,45.0,45.0,0.0,0.0,0.0,120.0,45.0,0.0,0.88,0.0,0.0,0.0,55.55,0.0,32.83,37.31,100.0,28.66
2018-01-07 16:54:00,2,1,64.69,85.0,55.0,60.09,45.0,64.69,0.8,0.0,5.63,45.0,45.0,0.0,0.0,0.0,120.0,45.0,0.0,0.88,0.0,0.0,0.0,55.48,0.0,32.88,37.4,100.0,28.68
2018-01-07 16:55:00,2,1,64.67,85.0,55.0,60.04,45.0,64.67,0.8,0.0,5.63,45.0,45.0,0.0,0.0,0.0,120.0,45.0,0.0,0.88,0.0,0.0,0.0,55.42,0.0,32.94,37.49,100.0,28.7
2018-01-07 16:56:00,2,1,64.65,85.0,55.0,60.0,45.0,64.65,0.8,0.0,5.63,45.0,45.0,0.0,0.0,0.0,120.0,45.0,0.0,0.88,0.0,0.0,0.0,55.35,0.0,33.01,37.58,100.0,28.72
2018-01-07 16:57:00,2,1,64.62,85.0,55.0,59.95,45.0,64.62,0.8,0.0,5.63,45.0,45.0,0.0,0.0,0.0,120.0,45.0,0.0,0.88,0.0,0.0,0.0,55.28,0.0,33.07,37.67,100.0,28.75
2018-01-07 16:58:00,2,1,64.6,85.0,55.0,59.91,45.0,64.6,0.8,0.0,5.63,45.0,45.0,0.0,0.0,0.0,120.0,45.0,0.0,0.88,0.0,0.0,0.0,55.21,0.0,33.13,37.77,100.0,28.77
2018-01-07 16:59:00,2,1,64.58,85.0,55.0,59.86,45.0,64.58,0.8,0.0,5.63,45.0,45.0,0.0,0.0,0.0,120.0,45.0,0.0,0.88,0.0,0.0,0.0,55.14,0.0,33.19,37.86,100.0,28.79
2018-01-07 17:00:00,2,1,64.55,85.0,55.0,59.81,45.0,64.55,0.8,0.0,5.63,45.0,45.0,0.0,0.0,0.0,120.0,45.0,0.0,0.88,0.0,0.0,0.0,55.07,0.0,33.25,37.96,100.0,28.81
2018-01-07 17:01:00,2,1,64.53,85.0,55.0,59.76,45.0,64.53,0.8,0.0,5.63,45.0,45.0,0.0,0.0,0.0,120.0,45.0,0.0,0.88,0.0,0.0,0.0,55.0,0.0,33.31,38.05,100.0,28.83
2018-01-07 17:02:00,2,1,64.51,85.0,55.0,59.71,45.0,64.51,0.8,0.0,5.63,45.0,45.0,0.0,0.0,0.0,120.0,45.0,0.0,0.88,0.0,0.0,0.0,54.92,0.0,33.38,38.15,100.0,28.85
2018-01-07 17:03:00,2,1,64.48,85.0,55.0,59.66,45.0,64.48,0.8,0.0,5.63,45.0,45.0,0.0,0.0,0.0,120.0,45.0,0.0,0.88,0.0,0.0,0.0,54.83,0.0,33.44,38.25,100.0,28.88
2018-01-07 17:04:00,2,1,64.46,85.0,55.0,59.61,45.0,64.46,0.8,0.0,5.63,45.0,45.0,0.0,0.0,0.0,120.0,45.0,0.0,0.88,0.0,0.0,0.0,54.75,0.0,33.5,38.34,100.0,28.9
2018-01-07 17:05:00,2,1,64.44,85.0,55.0,59.55,45.0,64.44,0.8,0.0,5.63,45.0,45.0,0.0,0.0,0.0,120.0,45.0,0.0,0.88,0.0,0.0,0.0,54.67,0.0,33.57,38.44,100.0,28.92
2018-01-07 17:06:00,2,1,64.42,85.0,55.0,59.5,45.0,64.42,0.8,0.0,5.63,45.0,45.0,0.0,0.0,0.0,120.0,45.0,0.0,0.88,0.0,0.0,0.0,54.59,0.0,33.63,38.54,100.0,28.94
2018-01-07 17:07:00,2,1,64.4,85.0,55.0,59.45,45.0,64.4,0.8,0.0,5.63,45.0,45.0,0.0,0.0,0.0,120.0,45.0,0.0,0.88,0.0,0.0,0.0,54.5,0.0,33.7,38.64,100.0,28.96
2018-01-07 17:08:00,2,1,64.37,85.0,55.0,59.4,45.0,64.37,0.8,0.0,5.63,45.0,45.0,0.0,0.0,0.0,120.0,45.0,0.0,0.88,0.0,0.0,0.0,54.42,0.0,33.76,38.74,100.0,28.98
2018-01-07 17:09:00,2,1,64.35,85.0,55.0,59.34,45.0,64.35,0.8,0.0,5.63,45.0,45.0,0.0,0.0,0.0,120.0,45.0,0.0,0.88,0.0,0.0,0.0,54.33,0.0,33.83,38.85,100.0,29.0
2018-01-07 17:10:00,2,1,64.33,85.0,55.0,59.29,45.0,64.33,0.8,0.0,5.63,45.0,45.0,0.0,0.0,0.0,120.0,45.0,0.0,0.88,0.0,0.0,0.0,54.25,0.0,33.89,38.95,100.0,29.02
2018-01-07 17:11:00,2,1,64.31,85.0,55.0,59.24,45.0,64.31,0.8,0.0,5.63,45.0,45.0,0.0,0.0,0.0,120.0,45.0,0.0,0.88,0.0,0.0,0.0,54.16,0.0,33.96,39.05,100.0,29.04
2018-01-07 17:12:00,2,1,64.29,85.0,55.0,59.18,45.0,64.29,0.8,0.0,5.63,45.0,45.0,0.0,0.0,0.0,120.0,45.0,0.0,0.88,0.0,0.0,0.0,54.08,0.0,34.02,39.16,100.0,29.06
2018-01-07 17:13:00,2,1,64.27,85.0,55.0,59.13,45.0,64.27,0.8,0.0,5.63,45.0,45.0,0.0,0.0,0.0,120.0,45.0,0.0,0.88,0.0,0.0,0.0,53.99,0.0,34.09,39.26,100.0,29.08
2018-01-07 17:14:00,2,1,64.25,85.0,55.0,59.07,45.0,64.25,0.8,0.0,5.63,45.0,45.0,0.0,0.0,0.0,120.0,45.0,0.0,0.88,0.0,0.0,0.0,53.9,0.0,34.16,39.37,100.0,29.1
2018-01-07 17:15:00,2,1,64.22,85.0,55.0,59.02,45.0,64.22,0.8,0.0,5.63,45.0,45.0,0.0,0.0,0.0,120.0,45.0,0.0,0.88,0.0,0.0,0.0,53.82,0.0,34.22,39.48,100.0,29.12
2018-01-07 17:16:00,2,1,64.2,85.0,55.0,58.97,45.0,64.2,0.8,0.0,5.63,45.0,45.0,0.0,0.0,0.0,120.0,45.0,0.0,0.88,0.0,0.0,0.0,53.73,0.0,34.28,39.58,100.0,29.14
2018-01-07 17:17:00,2,1,64.18,85.0,55.0,58.91,45.0,64.18,0.8,0.0,5.63,45.0,45.0,0.0,0.0,0.0,120.0,45.0,0.0,0.88,0.0,0.0,0.0,53.64,0.0,34.33,39.69,100.0,29.16
2018-01-07 17:18:00,2,1,64.16,85.0,55.0,58.86,45.0,64.16,0.8,0.0,5.63,45.0,45.0,0.0,0.0,0.0,120.0,45.0,0.0,0.88,0.0,0.0,0.0,53.56,0.0,34.38,39.8,100.0,29.18
2018-01-07 17:19:00,2,1,64.14,85.0,55.0,58.81,45.0,64.14,0.8,0.0,5.63,45.0,45.0,0.0,0.0,0.0,120.0,45.0,0.0,0.88,0.0,0.0,0.0,53.47,0.0,34.43,39.91,100.0,29.2
2018-01-07 17:20:00,2,1,64.12,85.0,55.0,58.75,45.0,64.12,0.8,0.0,5.63,45.0,45.0,0.0,0.0,0.0,120.0,45.0,0.0,0.88,0.0,0.0,0.0,53.38,0.0,34.48,40.03,100.0,29.22
2018-01-07 17:21:00,2,1,64.1,85.0,55.0,58.7,45.0,64.1,0.8,0.0,5.63,45.0,45.0,0.0,0.0,0.0,120.0,45.0,0.0,0.88,0.0,0.0,0.0,53.29,0.0,34.53,40.14,100.0,29.23
2018-01-07 17:22:00,2,1,64.08,85.0,55.0,58.64,45.0,64.08,0.8,0.0,5.63,45.0,45.0,0.0,0.0,0.0,120.0,45.0,0.0,0.88,0.0,0.0,0.0,53.21,0.0,34.58,40.25,100.0,29.25
2018-01-07 17:23:00,2,1,64.06,85.0,55.0,58.59,45.0,64.06,0.8,0.0,5.63,45.0,45.0,0.0,0.0,0.0,120.0,45.0,0.0,0.88,0.0,0.0,0.0,53.12,0.0,34.62,40.36,100.0,29.27
2018-01-07 17:24:00,2,1,64.04,85.0,55.0,58.54,45.0,64.04,0.8,0.0,5.63,45.0,45.0,0.0,0.0,0.0,120.0,45.0,0.0,0.88,0.0,0.0,0.0,53.03,0.0,34.67,40.48,100.0,29.29
2018-01-07 17:25:00,2,1,64.02,85.0,55.0,58.48,45.0,64.02,0.8,0.0,5.63,45.0,45.0,0.0,0.0,0.0,120.0,45.0,0.0,0.88,0.0,0.0,0.0,52.94,0.0,34.72,40.59,100.0,29.31
2018-01-07 17:26:00,2,1,64.0,85.0,55.0,58.43,45.0,64.0,0.8,0.0,5.63,45.0,45.0,0.0,0.0,0.0,120.0,45.0,0.0,0.88,0.0,0.0,0.0,52.86,0.0,34.77,40.71,100.0,29.33
2018-01-07 17:27:00,2,1,63.99,85.0,55.0,58.38,45.0,63.99,0.8,0.0,5.63,45.0,45.0,0.0,0.0,0.0,120.0,45.0,0.0,0.88,0.0,0.0,0.0,52.77,0.0,34.82,40.83,100.0,29.34
2018-01-07 17:28:00,2,1,63.97,85.0,55.0,58.32,45.0,63.97,0.8,0.0,5.63,45.0,45.0,0.0,0.0,0.0,120.0,45.0,0.0,0.88,0.0,0.0,0.0,52.68,0.0,34.87,40.94,100.0,29.36
2018-01-07 17:29:00,2,1,63.95,85.0,55.0,58.27,45.0,63.95,0.8,0.0,5.63,45.0,45.0,0.0,0.0,0.0,120.0,45.0,0.0,0.88,0.0,0.0,0.0,52.59,0.0,34.92,41.06,100.0,29.38
2018-01-07 17:30:00,2,1,63.93,85.0,55.0,58.22,45.0,63.93,0.8,0.0,5.63,45.0,45.0,0.0,0.0,0.0,120.0,45.0,0.0,0.88,0.0,0.0,0.0,52.5,0.0,34.97,41.18,100.0,29.4
2018-01-07 17:31:00,2,1,63.91,85.0,55.0,58.16,45.0,63.91,0.8,0.0,5.63,45.0,45.0,0.0,0.0,0.0,120.0,45.0,0.0,0.88,0.0,0.0,0.0,52.42,0.0,35.02,41.3,100.0,29.42
2018-01-07 17:32:00,2,1,63.89,85.0,55.0,58.11,45.0,63.89,0.8,0.0,5.63,45.0,45.0,0.0,0.0,0.0,120.0,45.0,0.0,0.88,0.0,0.0,0.0,52.33,0.0,35.07,41.42,100.0,29.43
2018-01-07 17:33:00,2,1,63.87,85.0,55.0,58.06,45.0,63.87,0.8,0.0,5.63,45.0,45.0,0.0,0.0,0.0,120.0,45.0,0.0,0.88,0.0,0.0,0.0,52.24,0.0,35.12,41.54,100.0,29.45
2018-01-07 17:34:00,2,1,63.86,85.0,55.0,58.01,45.0,63.86,0.8,0.0,5.63,45.0,45.0,0.0,0.0,0.0,120.0,45.0,0.0,0.88,0.0,0.0,0.0,52.15,0.0,35.17,41.66,100.0,29.47
2018-01-07 17:35:00,2,1,63.84,85.0,55.0,57.95,45.0,63.84,0.8,0.0,5.63,45.0,45.0,0.0,0.0,0.0,120.0,45.0,0.0,0.88,0.0,0.0,0.0,52.07,0.0,35.22,41.78,100.0,29.48
2018-01-07 17:36:00,2,1,63.82,85.0,55.0,57.9,45.0,63.82,0.8,0.0,5.63,45.0,45.0,0.0,0.0,0.0,120.0,45.0,0.0,0.88,0.0,0.0,0.0,51.98,0.0,35.27,41.91,100.0,29.5
2018-01-07 17:37:00,2,1,63.8,85.0,55.0,57.85,45.0,63.8,0.8,0.0,5.63,45.0,45.0,0.0,0.0,0.0,120.0,45.0,0.0,0.88,0.0,0.0,0.0,51.89,0.0,35.32,42.03,100.0,29.52
2018-01-07 17:38:00,2,1,63.79,85.0,55.0,57.8,45.0,63.79,0.8,0.0,5.63,45.0,45.0,0.0,0.0,0.0,120.0,45.0,0.0,0.88,0.0,0.0,0.0,51.81,0.0,35.37,42.15,100.0,29.53
2018-01-07 17:39:00,2,1,63.77,85.0,55.0,57.75,45.0,63.77,0.8,0.0,5.63,45.0,45.0,0.0,0.0,0.0,120.0,45.0,0.0,0.88,0.0,0.0,0.0,51.72,0.0,35.42,42.28,100.0,29.55
2018-01-07 17:40:00,2,1,63.75,85.0,55.0,57.69,45.0,63.75,0.8,0.0,5.63,45.0,45.0,0.0,0.0,0.0,120.0,45.0,0.0,0.88,0.0,0.0,0.0,51.64,0.0,35.47,42.4,100.0,29.57
2018-01-07 17:41:00,2,1,63.74,85.0,55.0,57.64,45.0,63.74,0.8,0.0,5.63,45.0,45.0,0.0,0.0,0.0,120.0,45.0,0.0,0.88,0.0,0.0,0.0,51.55,0.0,35.52,42.53,100.0,29.58
2018-01-07 17:42:00,2,1,63.72,85.0,55.0,57.59,45.0,63.72,0.8,0.0,5.63,45.0,45.0,0.0,0.0,0.0,120.0,45.0,0.0,0.88,0.0,0.0,0.0,51.47,0.0,35.57,42.65,100.0,29.6
2018-01-07 17:43:00,2,1,63.7,85.0,55.0,57.54,45.0,63.7,0.8,0.0,5.63,45.0,45.0,0.0,0.0,0.0,120.0,45.0,0.0,0.88,0.0,0.0,0.0,51.38,0.0,35.62,42.78,100.0,29.61
2018-01-07 17:44:00,2,1,63.69,85.0,55.0,57.49,45.0,63.69,0.8,0.0,5.63,45.0,45.0,0.0,0.0,0.0,120.0,45.0,0.0,0.88,0.0,0.0,0.0,51.3,0.0,35.67,42.9,100.0,29.63
2018-01-07 17:45:00,2,1,63.67,85.0,55.0,57.44,45.0,63.67,0.8,0.0,5.63,45.0,45.0,0.0,0.0,0.0,120.0,45.0,0.0,0.88,0.0,0.0,0.0,51.22,0.0,35.71,43.03,100.0,29.65
2018-01-07 17:46:00,2,1,63.65,85.0,55.0,57.39,45.0,63.65,0.8,0.0,5.63,45.0,45.0,0.0,0.0,0.0,120.0,45.0,0.0,0.88,0.0,0.0,0.0,51.13,0.0,35.76,43.16,100.0,29.66
2018-01-07 17:47:00,2,1,63.64,85.0,55.0,57.34,45.0,63.64,0.8,0.0,5.63,45.0,45.0,0.0,0.0,0.0,120.0,45.0,0.0,0.88,0.0,0.0,0.0,51.05,0.0,35.81,43.28,100.0,29.68
2018-01-07 17:48:00,2,1,63.62,85.0,55.0,57.29,45.0,63.62,0.8,0.0,5.63,45.0,45.0,0.0,0.0,0.0,120.0,45.0,0.0,0.88,0.0,0.0,0.0,50.97,0.0,35.86,43.41,100.0,29.69
2018-01-07 17:49:00,2,1,63.61,85.0,55.0,57.25,45.0,63.61,0.8,0.0,5.63,45.0,45.0,0.0,0.0,0.0,120.0,45.0,0.0,0.88,0.0,0.0,0.0,50.89,0.0,35.91,43.54,100.0,29.71
2018-01-07 17:50:00,2,1,63.59,85.0,55.0,57.2,45.0,63.59,0.8,0.0,5.63,45.0,45.0,0.0,0.0,0.0,120.0,45.0,0.0,0.88,0.0,0.0,0.0,50.81,0.0,35.96,43.67,100.0,29.72
2018-01-07 17:51:00,2,1,63.58,85.0,55.0,57.15,45.0,63.58,0.8,0.0,5.63,45.0,45.0,0.0,0.0,0.0,120.0,45.0,0.0,0.88,0.0,0.0,0.0,50.73,0.0,36.01,43.79,100.0,29.73
2018-01-07 17:52:00,2,1,63.56,85.0,55.0,57.1,45.0,63.56,0.8,0.0,5.63,45.0,45.0,0.0,0.0,0.0,120.0,45.0,0.0,0.88,0.0,0.0,0.0,50.65,0.0,36.05,43.92,100.0,29.75
2018-01-07 17:53:00,2,1,63.55,85.0,55.0,57.06,45.0,63.55,0.8,0.0,5.63,45.0,45.0,0.0,0.0,0.0,120.0,45.0,0.0,0.88,0.0,0.0,0.0,50.57,0.0,36.1,44.05,100.0,29.76
2018-01-07 17:54:00,2,1,63.53,85.0,55.0,57.01,45.0,63.53,0.8,0.0,5.63,45.0,45.0,0.0,0.0,0.0,120.0,45.0,0.0,0.88,0.0,0.0,0.0,50.49,0.0,36.15,44.18,100.0,29.78
2018-01-07 17:55:00,2,1,63.52,85.0,55.0,56.96,45.0,63.52,0.8,0.0,5.63,45.0,45.0,0.0,0.0,0.0,120.0,45.0,0.0,0.88,0.0,0.0,0.0,50.41,0.0,36.2,44.31,100.0,29.79
2018-01-07 17:56:00,2,1,63.5,85.0,55.0,56.92,45.0,63.5,0.8,0.0,5.63,45.0,45.0,0.0,0.0,0.0,120.0,45.0,0.0,0.88,0.0,0.0,0.0,50.33,0.0,36.25,44.43,100.0,29.8
2018-01-07 17:57:00,2,1,63.49,85.0,55.0,56.87,45.0,63.49,0.8,0.0,5.63,45.0,45.0,0.0,0.0,0.0,120.0,45.0,0.0,0.88,0.0,0.0,0.0,50.26,0.0,36.29,44.56,100.0,29.82
2018-01-07 17:58:00,2,1,63.47,85.0,55.0,56.83,45.0,63.47,0.8,0.0,5.63,45.0,45.0,0.0,0.0,0.0,120.0,45.0,0.0,0.88,0.0,0.0,0.0,50.18,0.0,36.34,44.69,100.0,29.83
2018-01-07 17:59:00,2,1,63.46,85.0,55.0,56.78,45.0,63.46,0.8,0.0,5.63,45.0,45.0,0.0,0.0,0.0,120.0,45.0,0.0,0.88,0.0,0.0,0.0,50.11,0.0,36.39,44.82,100.0,29.84
2018-01-07 18:00:00,2,1,63.45,85.0,55.0,56.74,45.0,63.45,0.8,0.0,5.63,45.0,45.0,0.0,0.0,0.0,120.0,45.0,0.0,0.88,0.0,0.0,0.0,50.03,0.0,36.43,44.95,100.0,29.86
2018-01-07 18:01:00,2,1,63.43,85.0,55.0,56.7,45.0,63.43,0.8,0.0,5.63,45.0,45.0,0.0,0.0,0.0,120.0,45.0,0.0,0.88,0.0,0.0,0.0,49.97,0.0,36.48,45.05,100.0,29.87
2018-01-07 18:02:00,2,1,63.42,85.0,55.0,56.67,45.0,63.42,0.8,0.0,5.63,45.0,45.0,0.0,0.0,0.0,120.0,45.0,0.0,0.88,0.0,0.0,0.0,49.91,0.0,36.52,45.13,100.0,29.88
2018-01-07 18:03:00,2,1,63.41,85.0,55.0,56.63,45.0,63.41,0.8,0.0,5.63,45.0,45.0,0.0,0.0,0.0,120.0,45.0,0.0,0.88,0.0,0.0,0.0,49.86,0.0,36.56,45.22,100.0,29.89
2018-01-07 18:04:00,2,1,63.4,85.0,55.0,56.6,45.0,63.4,0.8,0.0,5.63,45.0,45.0,0.0,0.0,0.0,120.0,45.0,0.0,0.88,0.0,0.0,0.0,49.8,0.0,36.6,45.3,100.0,29.9
2018-01-07 18:05:00,2,1,63.38,85.0,55.0,56.56,45.0,63.38,0.8,0.0,5.63,45.0,45.0,0.0,0.0,0.0,120.0,45.0,0.0,0.88,0.0,0.0,0.0,49.75,0.0,36.65,45.39,100.0,29.92
2018-01-07 18:06:00,2,1,63.37,85.0,55.0,56.53,45.0,63.37,0.8,0.0,5.63,45.0,45.0,0.0,0.0,0.0,120.0,45.0,0.0,0.88,0.0,0.0,0.0,49.69,0.0,36.69,45.47,100.0,29.93
2018-01-07 18:07:00,2,1,63.36,85.0,55.0,56.5,45.0,63.36,0.8,0.0,5.63,45.0,45.0,0.0,0.0,0.0,120.0,45.0,0.0,0.88,0.0,0.0,0.0,49.64,0.0,36.73,45.55,100.0,29.94
2018-01-07 18:08:00,2,1,63.35,85.0,55.0,56.47,45.0,63.35,0.8,0.0,5.63,45.0,45.0,0.0,0.0,0.0,120.0,45.0,0.0,0.88,0.0,0.0,0.0,49.59,0.0,36.77,45.64,100.0,29.95
2018-01-07 18:09:00,2,1,63.34,85.0,55.0,56.44,45.0,63.34,0.8,0.0,5.63,45.0,45.0,0.0,0.0,0.0,120.0,45.0,0.0,0.88,0.0,0.0,0.0,49.54,0.0,36.81,45.72,100.0,29.96
2018-01-07 18:10:00,2,1,63.33,85.0,55.0,56.41,45.0,63.33,0.8,0.0,5.63,45.0,45.0,0.0,0.0,0.0,120.0,45.0,0.0,0.88,0.0,0.0,0.0,49.49,0.0,36.85,45.8,100.0,29.97
2018-01-07 18:11:00,2,1,63.32,85.0,55.0,56.38,45.0,63.32,0.8,0.0,5.63,45.0,45.0,0.0,0.0,0.0,120.0,45.0,0.0,0.88,0.0,0.0,0.0,49.44,0.0,36.89,45.88,100.0,29.98
2018-01-07 18:12:00,2,1,63.31,85.0,55.0,56.35,45.0,63.31,0.8,0.0,5.63,45.0,45.0,0.0,0.0,0.0,120.0,45.0,0.0,0.88,0.0,0.0,0.0,49.39,0.0,36.93,45.96,100.0,29.98
2018-01-07 18:13:00,2,1,63.3,85.0,55.0,56.32,45.0,63.3,0.8,0.0,5.63,45.0,45.0,0.0,0.0,0.0,120.0,45.0,0.0,0.88,0.0,0.0,0.0,49.34,0.0,36.96,46.04,100.0,29.99
2018-01-07 18:14:00,2,1,63.29,85.0,55.0,56.29,45.0,63.29,0.8,0.0,5.63,45.0,45.0,0.0,0.0,0.0,120.0,45.0,0.0,0.88,0.0,0.0,0.0,49.29,0.0,37.0,46.12,100.0,30.0
2018-01-07 18:15:00,2,1,63.28,85.0,55.0,56.26,45.0,63.28,0.8,0.0,5.63,45.0,45.0,0.0,0.0,0.0,120.0,45.0,0.0,0.88,0.0,0.0,0.0,49.25,0.0,37.04,46.2,100.0,30.01
2018-01-07 18:16:00,2,1,63.27,85.0,55.0,56.24,45.0,63.27,0.8,0.0,5.63,45.0,45.0,0.0,0.0,0.0,120.0,45.0,0.0,0.88,0.0,0.0,0.0,49.2,0.0,37.08,46.28,100.0,30.02
2018-01-07 18:17:00,2,1,63.26,85.0,55.0,56.21,45.0,63.26,0.8,0.0,5.63,45.0,45.0,0.0,0.0,0.0,120.0,45.0,0.0,0.88,0.0,0.0,0.0,49.16,0.0,37.11,46.36,100.0,30.03
2018-01-07 18:18:00,2,1,63.26,85.0,55.0,56.18,45.0,63.26,0.8,0.0,5.63,45.0,45.0,0.0,0.0,0.0,120.0,45.0,0.0,0.88,0.0,0.0,0.0,49.11,0.0,37.15,46.44,100.0,30.03
2018-01-07 18:19:00,2,1,63.25,85.0,55.0,56.16,45.0,63.25,0.8,0.0,5.63,45.0,45.0,0.0,0.0,0.0,120.0,45.0,0.0,0.88,0.0,0.0,0.0,49.07,0.0,37.18,46.51,100.0,30.04
2018-01-07 18:20:00,2,1,63.24,85.0,55.0,56.13,45.0,63.24,0.8,0.0,5.63,45.0,45.0,0.0,0.0,0.0,120.0,45.0,0.0,0.88,0.0,0.0,0.0,49.03,0.0,37.22,46.59,100.0,30.05
2018-01-07 18:21:00,2,1,63.23,85.0,55.0,56.11,45.0,63.23,0.8,0.0,5.63,45.0,45.0,0.0,0.0,0.0,120.0,45.0,0.0,0.88,0.0,0.0,0.0,48.99,0.0,37.25,46.66,100.0,30.05
2018-01-07 18:22:00,2,1,63.22,85.0,55.0,56.09,45.0,63.22,0.8,0.0,5.63,45.0,45.0,0.0,0.0,0.0,120.0,45.0,0.0,0.88,0.0,0.0,0.0,48.95,0.0,37.29,46.74,100.0,30.06
2018-01-07 18:23:00,2,1,63.22,85.0,55.0,56.06,45.0,63.22,0.8,0.0,5.63,45.0,45.0,0.0,0.0,0.0,120.0,45.0,0.0,0.88,0.0,0.0,0.0,48.91,0.0,37.32,46.81,100.0,30.07
2018-01-07 18:24:00,2,1,63.21,85.0,55.0,56.04,45.0,63.21,0.8,0.0,5.63,45.0,45.0,0.0,0.0,0.0,120.0,45.0,0.0,0.88,0.0,0.0,0.0,48.87,0.0,37.36,46.89,100.0,30.07
2018-01-07 18:25:00,2,1,63.2,85.0,55.0,56.02,45.0,63.2,0.8,0.0,5.63,45.0,45.0,0.0,0.0,0.0,120.0,45.0,0.0,0.88,0.0,0.0,0.0,48.83,0.0,37.39,46.96,100.0,30.08
2018-01-07 18:26:00,2,1,63.2,85.0,55.0,56.0,45.0,63.2,0.8,0.0,5.63,45.0,45.0,0.0,0.0,0.0,120.0,45.0,0.0,0.88,0.0,0.0,0.0,48.79,0.0,37.42,47.03,100.0,30.09
2018-01-07 18:27:00,2,1,63.19,85.0,55.0,55.97,45.0,63.19,0.8,0.0,5.63,45.0,45.0,0.0,0.0,0.0,120.0,45.0,0.0,0.88,0.0,0.0,0.0,48.76,0.0,37.46,47.11,100.0,30.09
2018-01-07 18:28:00,2,1,63.18,85.0,55.0,55.95,45.0,63.18,0.8,0.0,5.63,45.0,45.0,0.0,0.0,0.0,120.0,45.0,0.0,0.88,0.0,0.0,0.0,48.72,0.0,37.49,47.18,100.0,30.1
2018-01-07 18:29:00,2,1,63.18,85.0,55.0,55.93,45.0,63.18,0.8,0.0,5.63,45.0,45.0,0.0,0.0,0.0,120.0,45.0,0.0,0.88,0.0,0.0,0.0,48.69,0.0,37.52,47.25,100.0,30.1
2018-01-07 18:30:00,2,1,63.17,85.0,55.0,55.91,45.0,63.17,0.8,0.0,5.63,45.0,45.0,0.0,0.0,0.0,120.0,45.0,0.0,0.88,0.0,0.0,0.0,48.65,0.0,37.55,47.32,100.0,30.11
2018-01-07 18:31:00,2,1,63.17,85.0,55.0,55.89,45.0,63.17,0.8,0.0,5.63,45.0,45.0,0.0,0.0,0.0,120.0,45.0,0.0,0.88,0.0,0.0,0.0,48.62,0.0,37.58,47.39,100.0,30.11
2018-01-07 18:32:00,2,1,63.16,85.0,55.0,55.87,45.0,63.16,0.8,0.0,5.63,45.0,45.0,0.0,0.0,0.0,120.0,45.0,0.0,0.88,0.0,0.0,0.0,48.59,0.0,37.61,47.45,100.0,30.12
2018-01-07 18:33:00,2,1,63.15,85.0,55.0,55.86,45.0,63.15,0.8,0.0,5.63,45.0,45.0,0.0,0.0,0.0,120.0,45.0,0.0,0.88,0.0,0.0,0.0,48.56,0.0,37.64,47.52,100.0,30.12
2018-01-07 18:34:00,2,1,63.15,85.0,55.0,55.84,45.0,63.15,0.8,0.0,5.63,45.0,45.0,0.0,0.0,0.0,120.0,45.0,0.0,0.88,0.0,0.0,0.0,48.53,0.0,37.67,47.59,100.0,30.13
2018-01-07 18:35:00,2,1,63.14,85.0,55.0,55.82,45.0,63.14,0.8,0.0,5.63,45.0,45.0,0.0,0.0,0.0,120.0,45.0,0.0,0.88,0.0,0.0,0.0,48.5,0.0,37.7,47.65,100.0,30.13
2018-01-07 18:36:00,2,1,63.14,85.0,55.0,55.8,45.0,63.14,0.8,0.0,5.63,45.0,45.0,0.0,0.0,0.0,120.0,45.0,0.0,0.88,0.0,0.0,0.0,48.47,0.0,37.73,47.72,100.0,30.14
2018-01-07 18:37:00,2,1,63.13,85.0,55.0,55.79,45.0,63.13,0.8,0.0,5.63,45.0,45.0,0.0,0.0,0.0,120.0,45.0,0.0,0.88,0.0,0.0,0.0,48.44,0.0,37.75,47.78,100.0,30.14
2018-01-07 18:38:00,2,1,63.13,85.0,55.0,55.77,45.0,63.13,0.8,0.0,5.63,45.0,45.0,0.0,0.0,0.0,120.0,45.0,0.0,0.88,0.0,0.0,0.0,48.41,0.0,37.78,47.84,100.0,30.15
2018-01-07 18:39:00,2,1,63.12,85.0,55.0,55.76,45.0,63.12,0.8,0.0,5.63,45.0,45.0,0.0,0.0,0.0,120.0,45.0,0.0,0.88,0.0,0.0,0.0,48.39,0.0,37.81,47.91,100.0,30.15
2018-01-07 18:40:00,2,1,63.12,85.0,55.0,55.74,45.0,63.12,0.8,0.0,5.63,45.0,45.0,0.0,0.0,0.0,120.0,45.0,0.0,0.88,0.0,0.0,0.0,48.36,0.0,37.83,47.97,100.0,30.15
2018-01-07 18:41:00,2,1,63.11,85.0,55.0,55.73,45.0,63.11,0.8,0.0,5.63,45.0,45.0,0.0,0.0,0.0,120.0,45.0,0.0,0.88,0.0,0.0,0.0,48.34,0.0,37.86,48.03,100.0,30.16
2018-01-07 18:42:00,2,1,63.11,85.0,55.0,55.71,45.0,63.11,0.8,0.0,5.63,45.0,45.0,0.0,0.0,0.0,120.0,45.0,0.0,0.88,0.0,0.0,0.0,48.31,0.0,37.89,48.09,100.0,30.16
2018-01-07 18:43:00,2,1,63.11,85.0,55.0,55.7,45.0,63.11,0.8,0.0,5.63,45.0,45.0,0.0,0.0,0.0,120.0,45.0,0.0,0.88,0.0,0.0,0.0,48.29,0.0,37.91,48.15,100.0,30.16
2018-01-07 18:44:00,2,1,63.1,85.0,55.0,55.69,45.0,63.1,0.8,0.0,5.63,45.0,45.0,0.0,0.0,0.0,120.0,45.0,0.0,0.88,0.0,0.0,0.0,48.27,0.0,37.94,48.2,100.0,30.17
2018-01-07 18:45:00,2,1,63.1,85.0,55.0,55.67,45.0,63.1,0.8,0.0,5.63,45.0,45.0,0.0,0.0,0.0,120.0,45.0,0.0,0.88,0.0,0.0,0.0,48.25,0.0,37.96,48.26,100.0,30.17
2018-01-07 18:46:00,2,1,63.09,85.0,55.0,55.66,45.0,63.09,0.8,0.0,5.63,45.0,45.0,0.0,0.0,0.0,120.0,45.0,0.0,0.88,0.0,0.0,0.0,48.23,0.0,37.98,48.32,100.0,30.17
2018-01-07 18:47:00,2,1,63.09,85.0,55.0,55.65,45.0,63.09,0.8,0.0,5.63,45.0,45.0,0.0,0.0,0.0,120.0,45.0,0.0,0.88,0.0,0.0,0.0,48.21,0.0,38.01,48.37,100.0,30.18
2018-01-07 18:48:00,2,1,63.09,85.0,55.0,55.64,45.0,63.09,0.8,0.0,5.63,45.0,45.0,0.0,0.0,0.0,120.0,45.0,0.0,0.88,0.0,0.0,0.0,48.19,0.0,38.03,48.42,100.0,30.18
2018-01-07 18:49:00,2,1,63.08,85.0,55.0,55.63,45.0,63.08,0.8,0.0,5.63,45.0,45.0,0.0,0.0,0.0,120.0,45.0,0.0,0.88,0.0,0.0,0.0,48.17,0.0,38.05,48.48,100.0,30.18
2018-01-07 18:50:00,2,1,63.08,85.0,55.0,55.62,45.0,63.08,0.8,0.0,5.63,45.0,45.0,0.0,0.0,0.0,120.0,45.0,0.0,0.88,0.0,0.0,0.0,48.15,0.0,38.07,48.53,100.0,30.18
2018-01-07 18:51:00,2,1,63.08,85.0,55.0,55.61,45.0,63.08,0.8,0.0,5.63,45.0,45.0,0.0,0.0,0.0,120.0,45.0,0.0,0.88,0.0,0.0,0.0,48.14,0.0,38.09,48.58,100.0,30.19
2018-01-07 18:52:00,2,1,63.07,85.0,55.0,55.6,45.0,63.07,0.8,0.0,5.63,45.0,45.0,0.0,0.0,0.0,120.0,45.0,0.0,0.88,0.0,0.0,0.0,48.12,0.0,38.11,48.63,100.0,30.19
2018-01-07 18:53:00,2,1,63.07,85.0,55.0,55.59,45.0,63.07,0.8,0.0,5.63,45.0,45.0,0.0,0.0,0.0,120.0,45.0,0.0,0.88,0.0,0.0,0.0,48.11,0.0,38.13,48.68,100.0,30.19
2018-01-07 18:54:00,2,1,63.07,85.0,55.0,55.58,45.0,63.07,0.8,0.0,5.63,45.0,45.0,0.0,0.0,0.0,120.0,45.0,0.0,0.88,0.0,0.0,0.0,48.09,0.0,38.15,48.72,100.0,30.19
2018-01-07 18:55:00,2,1,63.06,85.0,55.0,55.57,45.0,63.06,0.8,0.0,5.63,45.0,45.0,0.0,0.0,0.0,120.0,45.0,0.0,0.88,0.0,0.0,0.0,48.08,0.0,38.17,48.77,100.0,30.19
2018-01-07 18:56:00,2,1,63.06,85.0,55.0,55.56,45.0,63.06,0.8,0.0,5.63,45.0,45.0,0.0,0.0,0.0,120.0,45.0,0.0,0.88,0.0,0.0,0.0,48.07,0.0,38.19,48.82,100.0,30.2
2018-01-07 18:57:00,2,1,63.06,85.0,55.0,55.56,45.0,63.06,0.8,0.0,5.63,45.0,45.0,0.0,0.0,0.0,120.0,45.0,0.0,0.88,0.0,0.0,0.0,48.05,0.0,38.21,48.86,100.0,30.2
2018-01-07 18:58:00,2,1,63.06,85.0,55.0,55.55,45.0,63.06,0.8,0.0,5.63,45.0,45.0,0.0,0.0,0.0,120.0,45.0,0.0,0.88,0.0,0.0,0.0,48.04,0.0,38.23,48.9,100.0,30.2
2018-01-07 18:59:00,2,1,63.05,85.0,55.0,55.54,45.0,63.05,0.8,0.0,5.63,45.0,45.0,0.0,0.0,0.0,120.0,45.0,0.0,0.88,0.0,0.0,0.0,48.03,0.0,38.24,48.94,100.0,30.2
2018-01-07 19:00:00,2,1,63.05,85.0,55.0,55.54,45.0,63.05,0.8,0.0,5.63,45.0,45.0,0.0,0.0,0.0,120.0,45.0,0.0,0.88,0.0,0.0,0.0,48.02,0.0,38.26,48.99,100.0,30.2
2018-01-07 19:01:00,2,1,63.05,85.0,55.0,55.54,45.0,63.05,0.8,0.0,5.63,45.0,45.0,0.0,0.0,0.0,120.0,45.0,0.0,0.88,0.0,0.0,0.0,48.03,0.0,38.27,49.01,100.0,30.2
2018-01-07 19:02:00,2,1,63.05,85.0,55.0,55.54,45.0,63.05,0.8,0.0,5.63,45.0,45.0,0.0,0.0,0.0,120.0,45.0,0.0,0.88,0.0,0.0,0.0,48.04,0.0,38.28,49.02,100.0,30.21
2018-01-07 19:03:00,2,1,63.05,85.0,55.0,55.55,45.0,63.05,0.8,0.0,5.63,45.0,45.0,0.0,0.0,0.0,120.0,45.0,0.0,0.88,0.0,0.0,0.0,48.05,0.0,38.28,49.03,100.0,30.21
2018-01-07 19:04:00,2,1,63.04,85.0,55.0,55.55,45.0,63.04,0.8,0.0,5.63,45.0,45.0,0.0,0.0,0.0,120.0,45.0,0.0,0.88,0.0,0.0,0.0,48.06,0.0,38.29,49.04,100.0,30.21
2018-01-07 19:05:00,2,1,63.04,85.0,55.0,55.56,45.0,63.04,0.8,0.0,5.63,45.0,45.0,0.0,0.0,0.0,120.0,45.0,0.0,0.88,0.0,0.0,0.0,48.07,0.0,38.29,49.05,100.0,30.21
2018-01-07 19:06:00,2,1,63.04,85.0,55.0,55.56,45.0,63.04,0.8,0.0,5.63,45.0,45.0,0.0,0.0,0.0,120.0,45.0,0.0,0.88,0.0,0.0,0.0,48.08,0.0,38.29,49.06,100.0,30.21
2018-01-07 19:07:00,2,1,63.04,85.0,55.0,55.57,45.0,63.04,0.8,0.0,5.63,45.0,45.0,0.0,0.0,0.0,120.0,45.0,0.0,0.88,0.0,0.0,0.0,48.1,0.0,38.3,49.07,100.0,30.21
2018-01-07 19:08:00,2,1,63.03,85.0,55.0,55.57,45.0,63.03,0.8,0.0,5.63,45.0,45.0,0.0,0.0,0.0,120.0,45.0,0.0,0.88,0.0,0.0,0.0,48.11,0.0,38.3,49.07,100.0,30.21
2018-01-07 19:09:00,2,1,63.03,85.0,55.0,55.58,45.0,63.03,0.8,0.0,5.63,45.0,45.0,0.0,0.0,0.0,120.0,45.0,0.0,0.88,0.0,0.0,0.0,48.13,0.0,38.3,49.08,100.0,30.21
2018-01-07 19:10:00,2,1,63.03,85.0,55.0,55.59,45.0,63.03,0.8,0.0,5.63,45.0,45.0,0.0,0.0,0.0,120.0,45.0,0.0,0.88,0.0,0.0,0.0,48.14,0.0,38.3,49.08,100.0,30.22
2018-01-07 19:11:00,2,1,63.03,85.0,55.0,55.59,45.0,63.03,0.8,0.0,5.63,45.0,45.0,0.0,0.0,0.0,120.0,45.0,0.0,0.88,0.0,0.0,0.0,48.16,0.0,38.3,49.09,100.0,30.22
2018-01-07 19:12:00,2,1,63.03,85.0,55.0,55.6,45.0,63.03,0.8,0.0,5.63,45.0,45.0,0.0,0.0,0.0,120.0,45.0,0.0,0.88,0.0,0.0,0.0,48.18,0.0,38.31,49.09,100.0,30.22
2018-01-07 19:13:00,2,1,63.02,85.0,55.0,55.61,45.0,63.02,0.8,0.0,5.63,45.0,45.0,0.0,0.0,0.0,120.0,45.0,0.0,0.88,0.0,0.0,0.0,48.19,0.0,38.31,49.09,100.0,30.22
2018-01-07 19:14:00,2,1,63.02,85.0,55.0,55.62,45.0,63.02,0.8,0.0,5.63,45.0,45.0,0.0,0.0,0.0,120.0,45.0,0.0,0.88,0.0,0.0,0.0,48.21,0.0,38.31,49.09,100.0,30.22
2018-01-07 19:15:00,2,1,63.02,85.0,55.0,55.62,45.0,63.02,0.8,0.0,5.63,45.0,45.0,0.0,0.0,0.0,120.0,45.0,0.0,0.88,0.0,0.0,0.0,48.23,0.0,38.31,49.09,100.0,30.22
2018-01-07 19:16:00,2,1,63.02,85.0,55.0,55.63,45.0,63.02,0.8,0.0,5.63,45.0,45.0,0.0,0.0,0.0,120.0,45.0,0.0,0.88,0.0,0.0,0.0,48.24,0.0,38.31,49.09,100.0,30.22
2018-01-07 19:17:00,2,1,63.02,85.0,55.0,55.64,45.0,63.02,0.8,0.0,5.63,45.0,45.0,0.0,0.0,0.0,120.0,45.0,0.0,0.88,0.0,0.0,0.0,48.26,0.0,38.31,49.09,100.0,30.22
2018-01-07 19:18:00,2,1,63.02,85.0,55.0,55.65,45.0,63.02,0.8,0.0,5.63,45.0,45.0,0.0,0.0,0.0,120.0,45.0,0.0,0.88,0.0,0.0,0.0,48.28,0.0,38.31,49.09,100.0,30.23
2018-01-07 19:19:00,2,1,63.01,85.0,55.0,55.66,45.0,63.01,0.8,0.0,5.63,45.0,45.0,0.0,0.0,0.0,120.0,45.0,0.0,0.88,0.0,0.0,0.0,48.3,0.0,38.31,49.09,100.0,30.23
2018-01-07 19:20:00,2,1,63.01,85.0,55.0,55.67,45.0,63.01,0.8,0.0,5.63,45.0,45.0,0.0,0.0,0.0,120.0,45.0,0.0,0.88,0.0,0.0,0.0,48.32,0.0,38.3,49.08,100.0,30.23
2018-01-07 19:21:00,2,1,63.01,85.0,55.0,55.67,45.0,63.01,0.8,0.0,5.63,45.0,45.0,0.0,0.0,0.0,120.0,45.0,0.0,0.88,0.0,0.0,0.0,48.34,0.0,38.3,49.08,100.0,30.23
2018-01-07 19:22:00,2,1,63.01,85.0,55.0,55.68,45.0,63.01,0.8,0.0,5.63,45.0,45.0,0.0,0.0,0.0,120.0,45.0,0.0,0.88,0.0,0.0,0.0,48.36,0.0,38.3,49.08,100.0,30.23
2018-01-07 19:23:00,2,1,63.01,85.0,55.0,55.69,45.0,63.01,0.8,0.0,5.63,45.0,45.0,0.0,0.0,0.0,120.0,45.0,0.0,0.88,0.0,0.0,0.0,48.38,0.0,38.3,49.07,100.0,30.23
2018-01-07 19:24:00,2,1,63.01,85.0,55.0,55.7,45.0,63.01,0.8,0.0,5.63,45.0,45.0,0.0,0.0,0.0,120.0,45.0,0.0,0.88,0.0,0.0,0.0,48.4,0.0,38.3,49.07,100.0,30.23
2018-01-07 19:25:00,2,1,63.0,85.0,55.0,55.71,45.0,63.0,0.8,0.0,5.63,45.0,45.0,0.0,0.0,0.0,120.0,45.0,0.0,0.88,0.0,0.0,0.0,48.42,0.0,38.3,49.06,100.0,30.23
2018-01-07 19:26:00,2,1,63.0,85.0,55.0,55.72,45.0,63.0,0.8,0.0,5.63,45.0,45.0,0.0,0.0,0.0,120.0,45.0,0.0,0.88,0.0,0.0,0.0,48.44,0.0,38.29,49.06,100.0,30.23
2018-01-07 19:27:00,2,1,63.0,85.0,55.0,55.73,45.0,63.0,0.8,0.0,5.63,45.0,45.0,0.0,0.0,0.0,120.0,45.0,0.0,0.88,0.0,0.0,0.0,48.46,0.0,38.29,49.05,100.0,30.23
2018-01-07 19:28:00,2,1,63.0,85.0,55.0,55.74,45.0,63.0,0.8,0.0,5.63,45.0,45.0,0.0,0.0,0.0,120.0,45.0,0.0,0.88,0.0,0.0,0.0,48.48,0.0,38.29,49.05,100.0,30.23
