Datetime,FCU_CTRL,FAN_CTRL,RM_TEMP,RMCLGSPT,RMHTGSPT,FCU_MAT,FCU_DAT,FCU_RAT,FCU_CVLV,FCU_CVLV_DM,FCU_CLG_GPM,FCU_CLG_EWT,FCU_CLG_RWT,FCU_HVLV,FCU_HVLV_DM,FCU_HTG_GPM,FCU_HTG_EWT,FCU_HTG_RWT,FCU_DA_CFM,FCU_OA_CFM,FCU_DMPR,FCU_DMPR_DM,FCU_SPD,FCU_OAT,FCU_WAT,FCU_MA_HUMD,FCU_OA_HUMD,FCU_DA_HUMD,FCU_RA_HUMD
2018-08-27 07:49:00,1,1,71.37,72.0,68.0,75.18,51.5,71.37,1.0,0.0,5.72,45.0,116.08,0.0,0.0,0.0,120.0,51.5,0.01,0.88,0.3,0.3,0.0,80.38,0.49,58.85,70.34,91.12,45.91
2018-08-27 07:50:00,1,1,72.29,72.0,68.0,75.04,51.18,72.29,1.0,0.0,5.72,45.0,55.53,0.0,0.0,0.0,120.0,51.4,397.93,41.96,0.3,0.3,9.75,80.43,1.1,55.05,70.22,92.33,44.48
2018-08-27 07:51:00,1,1,71.91,72.0,68.0,73.07,51.44,71.91,1.0,0.0,5.72,45.0,51.96,0.0,0.0,0.0,120.0,51.39,397.93,41.96,0.3,0.3,9.75,80.48,2.42,49.56,70.09,91.33,45.02
2018-08-27 07:52:00,1,1,71.28,72.0,68.0,72.3,51.52,71.28,1.0,0.0,5.72,45.0,51.38,0.0,0.0,0.0,120.0,51.52,397.93,41.96,0.3,0.3,9.75,80.53,2.6,49.69,69.97,91.03,46.04
2018-08-27 07:53:00,1,1,71.13,72.0,68.0,74.48,51.5,71.13,1.0,0.0,5.72,45.0,183.7,0.0,0.0,0.0,120.0,51.5,0.01,0.88,0.3,0.3,0.0,80.58,0.96,56.93,69.85,91.12,46.32
2018-08-27 07:54:00,1,1,72.12,72.0,68.0,76.19,51.53,72.12,1.0,0.0,5.72,45.0,63.78,0.0,0.0,0.0,120.0,51.53,0.01,0.88,0.3,0.3,0.0,80.63,0.13,59.55,69.73,90.99,44.82
2018-08-27 07:55:00,1,1,72.15,72.0,68.0,73.57,51.36,72.15,1.0,0.0,5.72,45.0,52.54,0.0,0.0,0.0,120.0,51.29,397.93,41.96,0.3,0.3,9.75,80.68,2.23,50.06,69.61,91.65,44.66
2018-08-27 07:56:00,1,1,71.54,72.0,68.0,72.59,51.54,71.54,1.0,0.0,5.72,45.0,51.5,0.0,0.0,0.0,120.0,51.52,397.93,41.96,0.3,0.3,9.75,80.73,2.57,49.41,69.5,90.98,45.66
2018-08-27 07:57:00,1,1,70.97,72.0,68.0,72.03,51.51,70.97,1.0,0.0,5.72,45.0,51.28,0.0,0.0,0.0,120.0,51.52,397.93,41.96,0.3,0.3,9.75,80.78,2.62,50.07,69.38,91.07,46.6
2018-08-27 07:58:00,1,1,71.57,72.0,68.0,75.68,51.52,71.57,1.0,0.0,5.72,45.0,96.09,0.0,0.0,0.0,120.0,51.52,0.01,0.88,0.3,0.3,0.0,80.83,0.35,58.94,69.27,91.05,45.68
2018-08-27 07:59:00,1,1,72.35,72.0,68.0,74.67,51.2,72.35,1.0,0.0,5.72,45.0,54.47,0.0,0.0,0.0,120.0,51.25,397.93,41.96,0.3,0.3,9.75,80.89,1.53,52.82,69.16,92.24,44.43
2018-08-27 08:00:00,1,1,71.87,72.0,68.0,73.03,51.5,71.87,1.0,0.0,5.72,45.0,51.81,0.0,0.0,0.0,120.0,51.46,397.93,41.96,0.3,0.3,9.75,80.94,2.48,49.32,69.05,91.11,45.15
2018-08-27 08:01:00,1,1,71.27,72.0,68.0,72.34,51.55,71.27,1.0,0.0,5.72,45.0,51.38,0.0,0.0,0.0,120.0,51.55,397.93,41.96,0.3,0.3,9.75,80.99,2.61,49.66,68.98,90.93,46.13
2018-08-27 08:02:00,1,1,71.06,72.0,68.0,74.33,51.52,71.06,1.0,0.0,5.72,45.0,209.5,0.0,0.0,0.0,120.0,51.52,0.01,0.88,0.3,0.3,0.0,81.04,1.14,56.09,68.93,91.05,46.51
2018-08-27 08:03:00,1,1,72.06,72.0,68.0,76.34,51.55,72.06,1.0,0.0,5.72,45.0,67.27,0.0,0.0,0.0,120.0,51.55,0.01,0.88,0.3,0.3,0.0,81.09,0.15,59.27,68.89,90.94,45.0
2018-08-27 08:04:00,1,1,72.27,72.0,68.0,73.84,51.36,72.27,1.0,0.0,5.72,45.0,52.79,0.0,0.0,0.0,120.0,51.28,397.93,41.96,0.3,0.3,9.75,81.14,2.15,50.22,68.85,91.65,44.59
2018-08-27 08:05:00,1,1,71.69,72.0,68.0,72.79,51.58,71.69,1.0,0.0,5.72,45.0,51.58,0.0,0.0,0.0,120.0,51.56,397.93,41.96,0.3,0.3,9.75,81.19,2.56,49.29,68.81,90.83,45.52
2018-08-27 08:06:00,1,1,71.14,72.0,68.0,72.23,51.57,71.14,1.0,0.0,5.72,45.0,51.35,0.0,0.0,0.0,120.0,51.57,397.93,41.96,0.3,0.3,9.75,81.24,2.62,49.89,68.77,90.87,46.44
2018-08-27 08:07:00,1,1,71.29,72.0,68.0,75.23,51.54,71.29,1.0,0.0,5.72,45.0,145.32,0.0,0.0,0.0,120.0,51.55,0.01,0.88,0.3,0.3,0.0,81.29,0.69,57.76,68.73,90.95,46.23
2018-08-27 08:08:00,1,1,72.34,72.0,68.0,75.72,51.24,72.34,1.0,0.0,5.72,45.0,58.59,0.0,0.0,0.0,120.0,51.54,397.91,41.96,0.3,0.3,9.75,81.34,0.84,55.98,68.7,92.12,44.64
2018-08-27 08:09:00,1,1,72.1,72.0,68.0,73.42,51.49,72.1,1.0,0.0,5.72,45.0,52.45,0.0,0.0,0.0,120.0,51.43,397.93,41.96,0.3,0.3,9.75,81.39,2.39,49.53,68.66,91.15,44.95
2018-08-27 08:10:00,1,1,71.54,72.0,68.0,72.64,51.61,71.54,1.0,0.0,5.72,45.0,51.54,0.0,0.0,0.0,120.0,51.61,397.93,41.96,0.3,0.3,9.75,81.44,2.6,49.48,68.63,90.69,45.87
2018-08-27 08:11:00,1,1,71.05,72.0,68.0,72.17,51.58,71.05,1.0,0.0,5.72,45.0,51.36,0.0,0.0,0.0,120.0,51.59,397.93,41.96,0.3,0.3,9.75,81.49,2.62,50.12,68.6,90.82,46.7
2018-08-27 08:12:00,1,1,71.49,72.0,68.0,75.74,51.57,71.49,1.0,0.0,5.72,45.0,117.31,0.0,0.0,0.0,120.0,51.57,0.01,0.88,0.3,0.3,0.0,81.54,0.5,58.46,68.57,90.85,46.04
2018-08-27 08:13:00,1,1,72.36,72.0,68.0,74.84,51.26,72.36,1.0,0.0,5.72,45.0,57.37,0.0,0.0,0.0,120.0,51.29,397.93,41.96,0.3,0.3,9.75,81.59,1.55,52.88,68.53,92.05,44.68
2018-08-27 08:14:00,1,1,71.97,72.0,68.0,73.21,51.58,71.97,1.0,0.0,5.72,45.0,52.29,0.0,0.0,0.0,120.0,51.53,397.93,41.96,0.3,0.3,9.75,81.64,2.48,49.41,68.5,90.83,45.27
2018-08-27 08:15:00,1,1,71.45,72.0,68.0,72.57,51.64,71.45,1.0,0.0,5.72,45.0,51.54,0.0,0.0,0.0,120.0,51.64,397.93,41.96,0.3,0.3,9.75,81.69,2.61,49.68,68.48,90.59,46.14
2018-08-27 08:16:00,1,1,71.02,72.0,68.0,72.17,51.6,71.02,1.0,0.0,5.72,45.0,51.38,0.0,0.0,0.0,120.0,51.61,397.93,41.96,0.3,0.3,9.75,81.74,2.63,50.29,68.45,90.74,46.88
2018-08-27 08:17:00,1,1,71.63,72.0,68.0,76.03,51.6,71.63,1.0,0.0,5.72,45.0,106.61,0.0,0.0,0.0,120.0,51.6,0.01,0.88,0.3,0.3,0.0,81.79,0.42,58.74,68.42,90.74,45.97
2018-08-27 08:18:00,1,1,72.43,72.0,68.0,74.73,51.3,72.43,1.0,0.0,5.72,45.0,56.55,0.0,0.0,0.0,120.0,51.29,397.93,41.96,0.3,0.3,9.75,81.84,1.72,52.17,68.39,91.87,44.7
2018-08-27 08:19:00,1,1,72.03,72.0,68.0,73.26,51.63,72.03,1.0,0.0,5.72,45.0,52.22,0.0,0.0,0.0,120.0,51.59,397.93,41.96,0.3,0.3,9.75,81.89,2.5,49.37,68.36,90.62,45.33
2018-08-27 08:20:00,1,1,71.53,72.0,68.0,72.67,51.69,71.53,1.0,0.0,5.72,45.0,51.57,0.0,0.0,0.0,120.0,51.69,397.93,41.96,0.3,0.3,9.75,81.95,2.61,49.69,68.34,90.42,46.16
2018-08-27 08:21:00,1,1,71.12,72.0,68.0,72.29,51.65,71.12,1.0,0.0,5.72,45.0,51.44,0.0,0.0,0.0,120.0,51.66,397.93,41.96,0.3,0.3,9.75,82.0,2.63,50.27,68.31,90.57,46.86
2018-08-27 08:22:00,1,1,71.29,72.0,68.0,75.32,51.62,71.29,1.0,0.0,5.72,45.0,165.86,0.0,0.0,0.0,120.0,51.62,0.01,0.88,0.3,0.3,0.0,82.05,0.82,57.52,68.28,90.67,46.63
2018-08-27 08:23:00,1,1,72.37,72.0,68.0,75.59,51.29,72.37,1.0,0.0,5.72,45.0,62.28,0.0,0.0,0.0,120.0,51.51,397.93,41.96,0.3,0.3,9.75,82.1,1.14,54.83,68.26,91.92,44.98
2018-08-27 08:24:00,1,1,72.17,72.0,68.0,73.53,51.61,72.17,1.0,0.0,5.72,45.0,53.06,0.0,0.0,0.0,120.0,51.54,397.93,41.96,0.3,0.3,9.75,82.15,2.43,49.64,68.23,90.72,45.25
2018-08-27 08:25:00,1,1,71.7,72.0,68.0,72.86,51.73,71.7,1.0,0.0,5.72,45.0,51.74,0.0,0.0,0.0,120.0,51.72,397.93,41.96,0.3,0.3,9.75,82.2,2.6,49.62,68.21,90.28,46.04
2018-08-27 08:26:00,1,1,71.3,72.0,68.0,72.47,51.7,71.3,1.0,0.0,5.72,45.0,51.52,0.0,0.0,0.0,120.0,51.71,397.93,41.96,0.3,0.3,9.75,82.25,2.62,50.16,68.18,90.38,46.72
2018-08-27 08:27:00,1,1,70.98,72.0,68.0,72.19,51.65,70.98,1.0,0.0,5.72,45.0,51.44,0.0,0.0,0.0,120.0,51.66,397.93,41.96,0.3,0.3,9.75,82.3,2.63,50.65,68.16,90.55,47.27
2018-08-27 08:28:00,1,1,71.82,72.0,68.0,76.49,51.66,71.82,1.0,0.0,5.72,45.0,97.95,0.0,0.0,0.0,120.0,51.67,0.01,0.88,0.3,0.3,0.0,82.35,0.36,58.96,68.13,90.51,46.0
2018-08-27 08:29:00,1,1,72.48,72.0,68.0,74.51,51.43,72.48,1.0,0.01,5.72,45.0,56.39,0.0,0.0,0.0,120.0,51.36,397.93,41.96,0.3,0.3,9.75,82.4,1.98,51.22,68.11,91.41,44.94
2018-08-27 08:30:00,1,1,72.09,72.0,68.0,73.33,51.74,72.09,1.0,0.0,5.72,45.0,52.29,0.0,0.0,0.0,120.0,51.7,397.93,41.96,0.3,0.3,9.75,82.46,2.54,49.45,68.08,90.23,45.57
2018-08-27 08:31:00,1,1,71.67,72.0,68.0,72.84,51.78,71.67,1.0,0.0,5.72,45.0,51.68,0.0,0.0,0.0,120.0,51.78,397.93,41.96,0.3,0.3,9.75,82.51,2.62,49.8,68.06,90.09,46.29
2018-08-27 08:32:00,1,1,71.32,72.0,68.0,72.52,51.74,71.32,1.0,0.0,5.72,45.0,51.55,0.0,0.0,0.0,120.0,51.75,397.93,41.96,0.3,0.3,9.75,82.56,2.63,50.3,68.03,90.24,46.88
2018-08-27 08:33:00,1,1,71.04,72.0,68.0,72.28,51.69,71.04,1.0,0.0,5.72,45.0,51.5,0.0,0.0,0.0,120.0,51.7,397.93,41.96,0.3,0.3,9.75,82.61,2.63,50.73,68.0,90.4,47.35
2018-08-27 08:34:00,1,1,71.56,72.0,68.0,76.09,51.69,71.56,1.0,0.0,5.72,45.0,133.07,0.0,0.0,0.0,120.0,51.69,0.01,0.88,0.3,0.3,0.0,82.66,0.59,58.38,67.98,90.42,46.58
2018-08-27 08:35:00,1,1,72.49,72.0,68.0,74.96,51.39,72.49,1.0,0.0,5.72,45.0,60.19,0.0,0.0,0.0,120.0,51.37,397.93,41.96,0.3,0.3,9.75,82.71,1.74,52.37,67.95,91.56,45.13
2018-08-27 08:36:00,1,1,72.21,72.0,68.0,73.52,51.75,72.21,1.0,0.0,5.72,45.0,52.86,0.0,0.0,0.0,120.0,51.7,397.93,41.96,0.3,0.3,9.75,82.76,2.51,49.59,67.92,90.19,45.56
2018-08-27 08:37:00,1,1,71.81,72.0,68.0,73.01,51.83,71.81,1.0,0.0,5.72,45.0,51.81,0.0,0.0,0.0,120.0,51.83,397.93,41.96,0.3,0.3,9.75,82.81,2.61,49.77,67.9,89.92,46.23
2018-08-27 08:38:00,1,1,71.48,72.0,68.0,72.7,51.8,71.48,1.0,0.0,5.72,45.0,51.63,0.0,0.0,0.0,120.0,51.81,397.93,41.96,0.3,0.3,9.75,82.86,2.63,50.23,67.87,90.02,46.79
2018-08-27 08:39:00,1,1,71.23,72.0,68.0,72.48,51.76,71.23,1.0,0.0,5.72,45.0,51.57,0.0,0.0,0.0,120.0,51.76,397.93,41.96,0.3,0.3,9.75,82.92,2.63,50.63,67.84,90.17,47.23
2018-08-27 08:40:00,1,1,71.03,72.0,68.0,72.3,51.72,71.03,1.0,0.0,5.72,45.0,51.54,0.0,0.0,0.0,120.0,51.73,397.93,41.96,0.3,0.3,9.75,82.97,2.63,50.94,67.81,90.3,47.57
2018-08-27 08:41:00,1,1,71.73,72.0,68.0,76.49,51.73,71.73,1.0,0.0,5.72,45.0,120.26,0.0,0.0,0.0,120.0,51.73,0.01,0.88,0.3,0.3,0.0,83.02,0.5,58.61,67.78,90.28,46.52
2018-08-27 08:42:00,1,1,72.48,72.0,68.0,74.62,51.48,72.48,1.0,0.0,5.72,45.0,59.47,0.0,0.0,0.0,120.0,51.41,397.93,41.96,0.3,0.3,9.75,83.07,2.0,51.43,67.75,91.19,45.32
2018-08-27 08:43:00,1,1,72.19,72.0,68.0,73.5,51.82,72.19,1.0,0.0,5.72,45.0,52.8,0.0,0.0,0.0,120.0,51.78,397.93,41.96,0.3,0.3,9.75,83.12,2.54,49.64,67.72,89.94,45.79
2018-08-27 08:44:00,1,1,71.85,72.0,68.0,73.08,51.87,71.85,1.0,0.0,5.72,45.0,51.85,0.0,0.0,0.0,120.0,51.87,397.93,41.96,0.3,0.3,9.75,83.17,2.62,49.89,67.69,89.75,46.38
2018-08-27 08:45:00,1,1,71.57,72.0,68.0,72.81,51.85,71.57,1.0,0.0,5.72,45.0,51.69,0.0,0.0,0.0,120.0,51.85,397.93,41.96,0.3,0.3,9.75,83.22,2.63,50.29,67.65,89.85,46.86
2018-08-27 08:46:00,1,1,71.35,72.0,68.0,72.62,51.81,71.35,1.0,0.0,5.72,45.0,51.64,0.0,0.0,0.0,120.0,51.82,397.93,41.96,0.3,0.3,9.75,83.28,2.63,50.63,67.62,89.98,47.24
2018-08-27 08:47:00,1,1,71.18,72.0,68.0,72.48,51.78,71.18,1.0,0.0,5.72,45.0,51.61,0.0,0.0,0.0,120.0,51.79,397.93,41.96,0.3,0.3,9.75,83.33,2.63,50.9,67.58,90.09,47.53
2018-08-27 08:48:00,1,1,71.05,72.0,68.0,72.37,51.76,71.05,1.0,0.0,5.72,45.0,51.59,0.0,0.0,0.0,120.0,51.76,397.93,41.96,0.3,0.3,9.75,83.38,2.63,51.1,67.55,90.17,47.74
2018-08-27 08:49:00,1,1,71.35,72.0,68.0,75.6,51.75,71.35,1.0,0.0,5.72,45.0,193.02,0.0,0.0,0.0,120.0,51.75,0.01,0.88,0.3,0.3,0.0,83.43,0.97,57.22,67.51,90.19,47.29
2018-08-27 08:50:00,1,1,72.55,72.0,68.0,75.73,51.41,72.55,1.0,0.0,5.72,45.0,66.94,0.0,0.0,0.0,120.0,51.53,397.93,41.96,0.3,0.3,9.75,83.48,1.41,53.9,67.47,91.47,45.46
2018-08-27 08:51:00,1,1,72.46,72.0,68.0,73.92,51.81,72.46,1.0,0.01,5.72,45.0,53.9,0.0,0.0,0.0,120.0,51.74,397.93,41.96,0.3,0.3,9.75,83.53,2.46,49.78,67.43,89.99,45.59
2018-08-27 08:52:00,1,1,72.13,72.0,68.0,73.4,51.94,72.13,1.0,0.0,5.72,45.0,52.09,0.0,0.0,0.0,120.0,51.93,397.93,41.96,0.3,0.3,9.75,83.58,2.61,49.71,67.39,89.5,46.14
2018-08-27 08:53:00,1,1,71.85,72.0,68.0,73.12,51.93,71.85,1.0,0.0,5.72,45.0,51.81,0.0,0.0,0.0,120.0,51.94,397.93,41.96,0.3,0.3,9.75,83.64,2.62,50.07,67.35,89.54,46.62
2018-08-27 08:54:00,1,1,71.64,72.0,68.0,72.93,51.9,71.64,1.0,0.0,5.72,45.0,51.75,0.0,0.0,0.0,120.0,51.91,397.93,41.96,0.3,0.3,9.75,83.69,2.63,50.41,67.31,89.66,47.0
2018-08-27 08:55:00,1,1,71.47,72.0,68.0,72.78,51.87,71.47,1.0,0.0,5.72,45.0,51.72,0.0,0.0,0.0,120.0,51.88,397.93,41.96,0.3,0.3,9.75,83.74,2.63,50.67,67.27,89.76,47.29
2018-08-27 08:56:00,1,1,71.34,72.0,68.0,72.67,51.85,71.34,1.0,0.0,5.72,45.0,51.7,0.0,0.0,0.0,120.0,51.85,397.93,41.96,0.3,0.3,9.75,83.79,2.63,50.87,67.22,89.85,47.51
2018-08-27 08:57:00,1,1,71.24,72.0,68.0,72.59,51.83,71.24,1.0,0.0,5.72,45.0,51.68,0.0,0.0,0.0,120.0,51.83,397.93,41.96,0.3,0.3,9.75,83.84,2.63,51.02,67.17,89.91,47.67
2018-08-27 08:58:00,1,1,71.17,72.0,68.0,72.53,51.82,71.17,1.0,0.0,5.72,45.0,51.67,0.0,0.0,0.0,120.0,51.82,397.93,41.96,0.3,0.3,9.75,83.89,2.63,51.13,67.12,89.96,47.79
2018-08-27 08:59:00,1,1,71.12,72.0,68.0,72.49,51.81,71.12,1.0,0.0,5.72,45.0,51.67,0.0,0.0,0.0,120.0,51.81,397.93,41.96,0.3,0.3,9.75,83.94,2.63,51.21,67.07,89.99,47.88
2018-08-27 09:00:00,1,1,71.08,72.0,68.0,72.46,51.8,71.08,1.0,0.0,5.72,45.0,51.66,0.0,0.0,0.0,120.0,51.8,397.93,41.96,0.3,0.3,9.75,84.0,2.63,51.27,67.02,90.01,47.95
2018-08-27 09:01:00,1,1,71.05,72.0,68.0,72.44,51.8,71.05,1.0,0.0,5.72,45.0,51.66,0.0,0.0,0.0,120.0,51.8,397.93,41.96,0.3,0.3,9.75,84.05,2.63,51.3,66.93,90.02,48.0
2018-08-27 09:02:00,1,1,71.03,72.0,68.0,72.43,51.79,71.03,1.0,0.0,5.72,45.0,51.66,0.0,0.0,0.0,120.0,51.79,397.93,41.96,0.3,0.3,9.75,84.1,2.63,51.32,66.81,90.04,48.03
2018-08-27 09:03:00,1,1,71.02,72.0,68.0,72.42,51.79,71.02,1.0,0.0,5.72,45.0,51.65,0.0,0.0,0.0,120.0,51.79,397.93,41.96,0.3,0.3,9.75,84.15,2.63,51.33,66.68,90.04,48.06
2018-08-27 09:04:00,1,1,71.01,72.0,68.0,72.42,51.79,71.01,1.0,0.0,5.72,45.0,51.65,0.0,0.0,0.0,120.0,51.79,397.93,41.96,0.3,0.3,9.75,84.2,2.63,51.34,66.56,90.05,48.08
2018-08-27 09:05:00,1,1,71.0,72.0,68.0,72.42,51.79,71.0,1.0,0.0,5.72,45.0,51.65,0.0,0.0,0.0,120.0,51.79,397.93,41.96,0.3,0.3,9.75,84.25,2.63,51.34,66.43,90.05,48.09
2018-08-27 09:06:00,1,1,71.75,72.0,68.0,76.86,51.81,71.75,1.0,0.0,5.72,45.0,135.94,0.0,0.0,0.0,120.0,51.81,0.01,0.88,0.3,0.3,0.0,84.31,0.59,57.9,66.3,89.99,46.97
2018-08-27 09:07:00,1,1,72.63,72.0,68.0,74.97,51.57,72.63,1.0,0.01,5.72,45.0,61.69,0.0,0.0,0.0,120.0,51.49,397.93,41.96,0.3,0.3,9.75,84.36,2.01,51.33,66.17,90.86,45.59
2018-08-27 09:08:00,1,1,72.44,72.0,68.0,73.87,51.95,72.44,1.0,0.01,5.72,45.0,53.24,0.0,0.0,0.0,120.0,51.9,397.93,41.96,0.3,0.3,9.75,84.41,2.54,49.6,66.04,89.5,45.9
2018-08-27 09:09:00,1,1,72.17,72.0,68.0,73.5,52.01,72.17,1.0,0.0,5.72,45.0,52.06,0.0,0.0,0.0,120.0,52.01,397.93,41.96,0.3,0.3,9.75,84.46,2.62,49.74,65.91,89.25,46.36
2018-08-27 09:10:00,1,1,71.95,72.0,68.0,73.29,51.99,71.95,1.0,0.0,5.72,45.0,51.88,0.0,0.0,0.0,120.0,52.0,397.93,41.96,0.3,0.3,9.75,84.51,2.63,50.04,65.78,89.32,46.75
2018-08-27 09:11:00,1,1,71.77,72.0,68.0,73.14,51.96,71.77,1.0,0.0,5.72,45.0,51.83,0.0,0.0,0.0,120.0,51.97,397.93,41.96,0.3,0.3,9.75,84.56,2.63,50.3,65.64,89.43,47.05
2018-08-27 09:12:00,1,1,71.63,72.0,68.0,73.02,51.94,71.63,1.0,0.0,5.72,45.0,51.8,0.0,0.0,0.0,120.0,51.94,397.93,41.96,0.3,0.3,9.75,84.61,2.63,50.49,65.51,89.52,47.29
2018-08-27 09:13:00,1,1,71.52,72.0,68.0,72.92,51.92,71.52,1.0,0.0,5.72,45.0,51.78,0.0,0.0,0.0,120.0,51.92,397.93,41.96,0.3,0.3,9.75,84.67,2.63,50.64,65.37,89.6,47.47
2018-08-27 09:14:00,1,1,71.43,72.0,68.0,72.85,51.9,71.43,1.0,0.0,5.72,45.0,51.76,0.0,0.0,0.0,120.0,51.9,397.93,41.96,0.3,0.3,9.75,84.72,2.63,50.76,65.24,89.66,47.61
2018-08-27 09:15:00,1,1,71.36,72.0,68.0,72.79,51.88,71.36,1.0,0.0,5.72,45.0,51.75,0.0,0.0,0.0,120.0,51.89,397.93,41.96,0.3,0.3,9.75,84.77,2.63,50.84,65.1,89.71,47.72
2018-08-27 09:16:00,1,1,71.3,72.0,68.0,72.75,51.87,71.3,1.0,0.0,5.72,45.0,51.74,0.0,0.0,0.0,120.0,51.88,397.93,41.96,0.3,0.3,9.75,84.82,2.63,50.9,64.97,89.75,47.8
2018-08-27 09:17:00,1,1,71.25,72.0,68.0,72.71,51.86,71.25,1.0,0.0,5.72,45.0,51.73,0.0,0.0,0.0,120.0,51.87,397.93,41.96,0.3,0.3,9.75,84.87,2.63,50.95,64.83,89.79,47.87
2018-08-27 09:18:00,1,1,71.21,72.0,68.0,72.68,51.86,71.21,1.0,0.0,5.72,45.0,51.72,0.0,0.0,0.0,120.0,51.86,397.93,41.96,0.3,0.3,9.75,84.92,2.63,50.98,64.7,89.82,47.92
2018-08-27 09:19:00,1,1,71.18,72.0,68.0,72.66,51.85,71.18,1.0,0.0,5.72,45.0,51.71,0.0,0.0,0.0,120.0,51.85,397.93,41.96,0.3,0.3,9.75,84.97,2.63,51.0,64.56,89.84,47.96
2018-08-27 09:20:00,1,1,71.16,72.0,68.0,72.64,51.84,71.16,1.0,0.0,5.72,45.0,51.71,0.0,0.0,0.0,120.0,51.84,397.93,41.96,0.3,0.3,9.75,85.03,2.63,51.02,64.42,89.86,47.99
2018-08-27 09:21:00,1,1,71.13,72.0,68.0,72.63,51.84,71.13,1.0,0.0,5.72,45.0,51.7,0.0,0.0,0.0,120.0,51.84,397.93,41.96,0.3,0.3,9.75,85.08,2.63,51.02,64.29,89.88,48.02
2018-08-27 09:22:00,1,1,71.11,72.0,68.0,72.61,51.83,71.11,1.0,0.0,5.72,45.0,51.69,0.0,0.0,0.0,120.0,51.83,397.93,41.96,0.3,0.3,9.75,85.13,2.63,51.03,64.15,89.89,48.04
2018-08-27 09:23:00,1,1,71.1,72.0,68.0,72.6,51.83,71.1,1.0,0.0,5.72,45.0,51.69,0.0,0.0,0.0,120.0,51.83,397.93,41.96,0.3,0.3,9.75,85.18,2.63,51.03,64.01,89.9,48.06
2018-08-27 09:24:00,1,1,71.08,72.0,68.0,72.6,51.83,71.08,1.0,0.0,5.72,45.0,51.69,0.0,0.0,0.0,120.0,51.83,397.93,41.96,0.3,0.3,9.75,85.23,2.63,51.03,63.88,89.92,48.08
2018-08-27 09:25:00,1,1,71.07,72.0,68.0,72.59,51.82,71.07,1.0,0.0,5.72,45.0,51.68,0.0,0.0,0.0,120.0,51.83,397.93,41.96,0.3,0.3,9.75,85.28,2.63,51.02,63.74,89.92,48.09
2018-08-27 09:26:00,1,1,71.06,72.0,68.0,72.58,51.82,71.06,1.0,0.0,5.72,45.0,51.68,0.0,0.0,0.0,120.0,51.82,397.93,41.96,0.3,0.3,9.75,85.33,2.63,51.02,63.6,89.93,48.1
2018-08-27 09:27:00,1,1,71.05,72.0,68.0,72.58,51.82,71.05,1.0,0.0,5.72,45.0,51.68,0.0,0.0,0.0,120.0,51.82,397.93,41.96,0.3,0.3,9.75,85.38,2.63,51.01,63.47,89.94,48.11
2018-08-27 09:28:00,1,1,71.04,72.0,68.0,72.58,51.82,71.04,1.0,0.0,5.72,45.0,51.67,0.0,0.0,0.0,120.0,51.82,397.93,41.96,0.3,0.3,9.75,85.44,2.63,51.01,63.33,89.95,48.12
2018-08-27 09:29:00,1,1,71.03,72.0,68.0,72.57,51.82,71.03,1.0,0.0,5.72,45.0,51.67,0.0,0.0,0.0,120.0,51.82,397.93,41.96,0.3,0.3,9.75,85.49,2.63,51.0,63.2,89.96,48.13
2018-08-27 09:30:00,1,1,71.02,72.0,68.0,72.57,51.81,71.02,1.0,0.0,5.72,45.0,51.67,0.0,0.0,0.0,120.0,51.81,397.93,41.96,0.3,0.3,9.75,85.54,2.63,50.99,63.06,89.96,48.14
2018-08-27 09:31:00,1,1,71.01,72.0,68.0,72.57,51.81,71.01,1.0,0.0,5.72,45.0,51.67,0.0,0.0,0.0,120.0,51.81,397.93,41.96,0.3,0.3,9.75,85.59,2.63,50.98,62.93,89.97,48.15
2018-08-27 09:32:00,1,1,71.0,72.0,68.0,72.57,51.81,71.0,1.0,0.0,5.72,45.0,51.66,0.0,0.0,0.0,120.0,51.81,397.93,41.96,0.3,0.3,9.75,85.64,2.63,50.97,62.8,89.97,48.16
2018-08-27 09:33:00,1,1,71.75,72.0,68.0,77.43,51.83,71.75,1.0,0.0,5.72,45.0,136.02,0.0,0.0,0.0,120.0,51.83,0.01,0.88,0.3,0.3,0.0,85.69,0.59,56.2,62.66,89.91,47.03
2018-08-27 09:34:00,1,1,72.62,72.0,68.0,75.24,51.59,72.62,1.0,0.01,5.72,45.0,61.7,0.0,0.0,0.0,120.0,51.51,397.93,41.96,0.3,0.3,9.75,85.74,2.01,50.59,62.53,90.79,45.66
2018-08-27 09:35:00,1,1,72.43,72.0,68.0,74.02,51.96,72.43,1.0,0.01,5.72,45.0,53.25,0.0,0.0,0.0,120.0,51.92,397.93,41.96,0.3,0.3,9.75,85.79,2.54,49.21,62.4,89.44,45.97
2018-08-27 09:36:00,1,1,72.15,72.0,68.0,73.64,52.03,72.15,1.0,0.0,5.72,45.0,52.07,0.0,0.0,0.0,120.0,52.03,397.93,41.96,0.3,0.3,9.75,85.84,2.62,49.39,62.27,89.2,46.44
2018-08-27 09:37:00,1,1,71.92,72.0,68.0,73.42,52.01,71.92,1.0,0.0,5.72,45.0,51.88,0.0,0.0,0.0,120.0,52.01,397.93,41.96,0.3,0.3,9.75,85.9,2.63,49.7,62.14,89.28,46.83
2018-08-27 09:38:00,1,1,71.73,72.0,68.0,73.25,51.97,71.73,1.0,0.0,5.72,45.0,51.82,0.0,0.0,0.0,120.0,51.98,397.93,41.96,0.3,0.3,9.75,85.95,2.63,49.95,62.01,89.39,47.14
2018-08-27 09:39:00,1,1,71.58,72.0,68.0,73.12,51.95,71.58,1.0,0.0,5.72,45.0,51.79,0.0,0.0,0.0,120.0,51.95,397.93,41.96,0.3,0.3,9.75,86.0,2.63,50.15,61.88,89.49,47.38
2018-08-27 09:40:00,1,1,71.46,72.0,68.0,73.02,51.92,71.46,1.0,0.0,5.72,45.0,51.77,0.0,0.0,0.0,120.0,51.93,397.93,41.96,0.3,0.3,9.75,86.05,2.63,50.31,61.73,89.58,47.56
2018-08-27 09:41:00,1,1,71.37,72.0,68.0,72.94,51.9,71.37,1.0,0.0,5.72,45.0,51.75,0.0,0.0,0.0,120.0,51.91,397.93,41.96,0.3,0.3,9.75,86.1,2.63,50.43,61.58,89.65,47.71
2018-08-27 09:42:00,1,1,71.29,72.0,68.0,72.87,51.89,71.29,1.0,0.0,5.72,45.0,51.74,0.0,0.0,0.0,120.0,51.89,397.93,41.96,0.3,0.3,9.75,86.15,2.63,50.52,61.43,89.71,47.83
2018-08-27 09:43:00,1,1,71.22,72.0,68.0,72.82,51.87,71.22,1.0,0.0,5.72,45.0,51.72,0.0,0.0,0.0,120.0,51.87,397.93,41.96,0.3,0.3,9.75,86.2,2.63,50.58,61.29,89.76,47.92
2018-08-27 09:44:00,1,1,71.16,72.0,68.0,72.78,51.86,71.16,1.0,0.0,5.72,45.0,51.71,0.0,0.0,0.0,120.0,51.86,397.93,41.96,0.3,0.3,9.75,86.25,2.63,50.64,61.14,89.8,47.99
2018-08-27 09:45:00,1,1,71.12,72.0,68.0,72.74,51.85,71.12,1.0,0.0,5.72,45.0,51.7,0.0,0.0,0.0,120.0,51.85,397.93,41.96,0.3,0.3,9.75,86.3,2.63,50.67,61.0,89.84,48.05
2018-08-27 09:46:00,1,1,71.08,72.0,68.0,72.71,51.84,71.08,1.0,0.0,5.72,45.0,51.69,0.0,0.0,0.0,120.0,51.84,397.93,41.96,0.3,0.3,9.75,86.35,2.63,50.7,60.85,89.87,48.1
2018-08-27 09:47:00,1,1,71.04,72.0,68.0,72.68,51.83,71.04,1.0,0.0,5.72,45.0,51.68,0.0,0.0,0.0,120.0,51.83,397.93,41.96,0.3,0.3,9.75,86.4,2.63,50.73,60.71,89.9,48.14
2018-08-27 09:48:00,1,1,71.01,72.0,68.0,72.66,51.83,71.01,1.0,0.0,5.72,45.0,51.67,0.0,0.0,0.0,120.0,51.83,397.93,41.96,0.3,0.3,9.75,86.45,2.63,50.74,60.57,89.92,48.18
2018-08-27 09:49:00,1,1,71.5,72.0,68.0,77.11,51.83,71.5,1.0,0.0,5.72,45.0,172.02,0.0,0.0,0.0,120.0,51.83,0.01,0.88,0.3,0.3,0.0,86.5,0.82,54.88,60.44,89.9,47.42
2018-08-27 09:50:00,1,1,72.57,72.0,68.0,75.88,51.52,72.57,1.0,0.01,5.72,45.0,65.56,0.0,0.0,0.0,120.0,51.51,397.93,41.96,0.3,0.3,9.75,86.55,1.77,50.9,60.3,91.05,45.76
2018-08-27 09:51:00,1,1,72.43,72.0,68.0,74.19,51.93,72.43,1.0,0.01,5.72,45.0,53.77,0.0,0.0,0.0,120.0,51.87,397.93,41.96,0.3,0.3,9.75,86.6,2.51,49.04,60.17,89.56,45.97
2018-08-27 09:52:00,1,1,72.14,72.0,68.0,73.72,52.02,72.14,1.0,0.0,5.72,45.0,52.14,0.0,0.0,0.0,120.0,52.02,397.93,41.96,0.3,0.3,9.75,86.66,2.61,49.18,60.03,89.21,46.45
2018-08-27 09:53:00,1,1,71.89,72.0,68.0,73.47,52.01,71.89,1.0,0.0,5.72,45.0,51.88,0.0,0.0,0.0,120.0,52.01,397.93,41.96,0.3,0.3,9.75,86.71,2.63,49.51,59.9,89.27,46.86
2018-08-27 09:54:00,1,1,71.68,72.0,68.0,73.3,51.97,71.68,1.0,0.0,5.72,45.0,51.82,0.0,0.0,0.0,120.0,51.98,397.93,41.96,0.3,0.3,9.75,86.76,2.63,49.78,59.78,89.39,47.19
2018-08-27 09:55:00,1,1,71.52,72.0,68.0,73.16,51.94,71.52,1.0,0.0,5.72,45.0,51.78,0.0,0.0,0.0,120.0,51.95,397.93,41.96,0.3,0.3,9.75,86.81,2.63,50.0,59.65,89.5,47.45
2018-08-27 09:56:00,1,1,71.39,72.0,68.0,73.04,51.92,71.39,1.0,0.0,5.72,45.0,51.76,0.0,0.0,0.0,120.0,51.92,397.93,41.96,0.3,0.3,9.75,86.86,2.63,50.17,59.53,89.6,47.65
2018-08-27 09:57:00,1,1,71.28,72.0,68.0,72.95,51.89,71.28,1.0,0.0,5.72,45.0,51.74,0.0,0.0,0.0,120.0,51.9,397.93,41.96,0.3,0.3,9.75,86.91,2.63,50.3,59.4,89.67,47.81
2018-08-27 09:58:00,1,1,71.2,72.0,68.0,72.88,51.88,71.2,1.0,0.0,5.72,45.0,51.72,0.0,0.0,0.0,120.0,51.88,397.93,41.96,0.3,0.3,9.75,86.96,2.63,50.4,59.28,89.74,47.94
2018-08-27 09:59:00,1,1,71.12,72.0,68.0,72.82,51.86,71.12,1.0,0.0,5.72,45.0,51.7,0.0,0.0,0.0,120.0,51.86,397.93,41.96,0.3,0.3,9.75,87.01,2.63,50.48,59.17,89.79,48.03
2018-08-27 10:00:00,1,1,71.06,72.0,68.0,72.77,51.85,71.06,1.0,0.0,5.72,45.0,51.69,0.0,0.0,0.0,120.0,51.85,397.93,41.96,0.3,0.3,9.75,87.06,2.63,50.54,59.05,89.84,48.11
2018-08-27 10:01:00,1,1,71.01,72.0,68.0,72.73,51.84,71.01,1.0,0.0,5.72,45.0,51.68,0.0,0.0,0.0,120.0,51.84,397.93,41.96,0.3,0.3,9.75,87.1,2.63,50.59,58.99,89.88,48.18
2018-08-27 10:02:00,1,1,71.72,72.0,68.0,78.02,51.85,71.72,1.0,0.0,5.72,45.0,136.12,0.0,0.0,0.0,120.0,51.85,0.01,0.88,0.3,0.3,0.0,87.15,0.59,54.69,58.96,89.83,47.1
2018-08-27 10:03:00,1,1,72.56,72.0,68.0,75.48,51.61,72.56,1.0,0.01,5.72,45.0,61.72,0.0,0.0,0.0,120.0,51.53,397.93,41.96,0.3,0.3,9.75,87.2,2.01,50.0,58.93,90.73,45.76
2018-08-27 10:04:00,1,1,72.35,72.0,68.0,74.12,51.97,72.35,1.0,0.01,5.72,45.0,53.25,0.0,0.0,0.0,120.0,51.93,397.93,41.96,0.3,0.3,9.75,87.24,2.54,48.95,58.91,89.41,46.09
2018-08-27 10:05:00,1,1,72.06,72.0,68.0,73.71,52.03,72.06,1.0,0.0,5.72,45.0,52.07,0.0,0.0,0.0,120.0,52.03,397.93,41.96,0.3,0.3,9.75,87.29,2.62,49.2,58.89,89.18,46.57
2018-08-27 10:06:00,1,1,71.82,72.0,68.0,73.48,52.01,71.82,1.0,0.0,5.72,45.0,51.88,0.0,0.0,0.0,120.0,52.02,397.93,41.96,0.3,0.3,9.75,87.33,2.63,49.54,58.87,89.25,46.97
2018-08-27 10:07:00,1,1,71.62,72.0,68.0,73.31,51.98,71.62,1.0,0.0,5.72,45.0,51.83,0.0,0.0,0.0,120.0,51.99,397.93,41.96,0.3,0.3,9.75,87.38,2.63,49.82,58.85,89.36,47.29
2018-08-27 10:08:00,1,1,71.47,72.0,68.0,73.18,51.95,71.47,1.0,0.0,5.72,45.0,51.8,0.0,0.0,0.0,120.0,51.96,397.93,41.96,0.3,0.3,9.75,87.43,2.63,50.04,58.83,89.46,47.53
2018-08-27 10:09:00,1,1,71.35,72.0,68.0,73.07,51.93,71.35,1.0,0.0,5.72,45.0,51.78,0.0,0.0,0.0,120.0,51.94,397.93,41.96,0.3,0.3,9.75,87.47,2.63,50.22,58.82,89.54,47.72
2018-08-27 10:10:00,1,1,71.26,72.0,68.0,72.99,51.91,71.26,1.0,0.0,5.72,45.0,51.76,0.0,0.0,0.0,120.0,51.92,397.93,41.96,0.3,0.3,9.75,87.52,2.63,50.35,58.8,89.6,47.87
2018-08-27 10:11:00,1,1,71.18,72.0,68.0,72.93,51.9,71.18,1.0,0.0,5.72,45.0,51.75,0.0,0.0,0.0,120.0,51.9,397.93,41.96,0.3,0.3,9.75,87.56,2.63,50.46,58.79,89.66,47.99
2018-08-27 10:12:00,1,1,71.12,72.0,68.0,72.88,51.89,71.12,1.0,0.0,5.72,45.0,51.74,0.0,0.0,0.0,120.0,51.89,397.93,41.96,0.3,0.3,9.75,87.61,2.63,50.55,58.78,89.7,48.08
2018-08-27 10:13:00,1,1,71.07,72.0,68.0,72.84,51.88,71.07,1.0,0.0,5.72,45.0,51.74,0.0,0.0,0.0,120.0,51.88,397.93,41.96,0.3,0.3,9.75,87.65,2.63,50.62,58.77,89.73,48.15
2018-08-27 10:14:00,1,1,71.03,72.0,68.0,72.81,51.87,71.03,1.0,0.0,5.72,45.0,51.73,0.0,0.0,0.0,120.0,51.87,397.93,41.96,0.3,0.3,9.75,87.7,2.63,50.67,58.76,89.75,48.2
2018-08-27 10:15:00,1,1,71.02,72.0,68.0,73.81,51.87,71.02,1.0,0.0,5.72,45.0,250.0,0.0,0.0,0.0,120.0,51.87,2.69,1.16,0.3,0.3,0.0,87.75,2.22,51.63,58.75,89.77,48.2
2018-08-27 10:16:00,1,1,72.23,72.0,68.0,79.26,51.9,72.23,1.0,0.0,5.72,45.0,92.19,0.0,0.0,0.0,120.0,51.9,0.01,0.88,0.3,0.3,0.0,87.79,0.3,55.0,58.74,89.65,46.41
2018-08-27 10:17:00,1,1,72.55,72.0,68.0,74.91,51.81,72.55,1.0,0.01,5.72,45.0,57.07,0.0,0.0,0.0,120.0,51.71,397.93,41.96,0.3,0.3,9.75,87.84,2.31,49.37,58.73,90.0,45.82
2018-08-27 10:18:00,1,1,72.28,72.0,68.0,74.05,52.06,72.28,1.0,0.01,5.72,45.0,52.66,0.0,0.0,0.0,120.0,52.03,397.93,41.96,0.3,0.3,9.75,87.88,2.59,49.08,58.72,89.1,46.26
2018-08-27 10:19:00,1,1,72.02,72.0,68.0,73.73,52.08,72.02,1.0,0.0,5.72,45.0,52.03,0.0,0.0,0.0,120.0,52.08,397.93,41.96,0.3,0.3,9.75,87.93,2.62,49.4,58.72,89.02,46.72
2018-08-27 10:20:00,1,1,71.8,72.0,68.0,73.53,52.05,71.8,1.0,0.0,5.72,45.0,51.92,0.0,0.0,0.0,120.0,52.06,397.93,41.96,0.3,0.3,9.75,87.98,2.63,49.72,58.71,89.12,47.09
2018-08-27 10:21:00,1,1,71.63,72.0,68.0,73.38,52.02,71.63,1.0,0.0,5.72,45.0,51.89,0.0,0.0,0.0,120.0,52.03,397.93,41.96,0.3,0.3,9.75,88.02,2.63,49.98,58.71,89.22,47.37
2018-08-27 10:22:00,1,1,71.49,72.0,68.0,73.27,52.0,71.49,1.0,0.0,5.72,45.0,51.86,0.0,0.0,0.0,120.0,52.0,397.93,41.96,0.3,0.3,9.75,88.07,2.63,50.18,58.7,89.3,47.59
2018-08-27 10:23:00,1,1,71.39,72.0,68.0,73.18,51.98,71.39,1.0,0.0,5.72,45.0,51.85,0.0,0.0,0.0,120.0,51.98,397.93,41.96,0.3,0.3,9.75,88.12,2.63,50.34,58.7,89.37,47.77
2018-08-27 10:24:00,1,1,71.3,72.0,68.0,73.11,51.96,71.3,1.0,0.0,5.72,45.0,51.83,0.0,0.0,0.0,120.0,51.97,397.93,41.96,0.3,0.3,9.75,88.16,2.63,50.46,58.69,89.43,47.9
2018-08-27 10:25:00,1,1,71.23,72.0,68.0,73.05,51.95,71.23,1.0,0.0,5.72,45.0,51.82,0.0,0.0,0.0,120.0,51.95,397.93,41.96,0.3,0.3,9.75,88.21,2.63,50.56,58.69,89.47,48.0
2018-08-27 10:26:00,1,1,71.18,72.0,68.0,73.01,51.94,71.18,1.0,0.0,5.72,45.0,51.82,0.0,0.0,0.0,120.0,51.94,397.93,41.96,0.3,0.3,9.75,88.25,2.63,50.64,58.68,89.5,48.08
2018-08-27 10:27:00,1,1,71.14,72.0,68.0,72.97,51.94,71.14,1.0,0.0,5.72,45.0,51.81,0.0,0.0,0.0,120.0,51.94,397.93,41.96,0.3,0.3,9.75,88.3,2.63,50.7,58.68,89.53,48.15
2018-08-27 10:28:00,1,1,71.1,72.0,68.0,72.95,51.93,71.1,1.0,0.0,5.72,45.0,51.81,0.0,0.0,0.0,120.0,51.93,397.93,41.96,0.3,0.3,9.75,88.35,2.63,50.75,58.67,89.55,48.2
2018-08-27 10:29:00,1,1,71.08,72.0,68.0,72.93,51.93,71.08,1.0,0.0,5.72,45.0,51.8,0.0,0.0,0.0,120.0,51.93,397.93,41.96,0.3,0.3,9.75,88.4,2.63,50.8,58.67,89.56,48.23
2018-08-27 10:30:00,1,1,71.06,72.0,68.0,72.92,51.92,71.06,1.0,0.0,5.72,45.0,51.8,0.0,0.0,0.0,120.0,51.92,397.93,41.96,0.3,0.3,9.75,88.44,2.63,50.83,58.66,89.57,48.26
2018-08-27 10:31:00,1,1,71.04,72.0,68.0,72.91,51.92,71.04,1.0,0.0,5.72,45.0,51.8,0.0,0.0,0.0,120.0,51.92,397.93,41.96,0.3,0.3,9.75,88.49,2.63,50.86,58.66,89.57,48.29
2018-08-27 10:32:00,1,1,71.03,72.0,68.0,72.9,51.92,71.03,1.0,0.0,5.72,45.0,51.8,0.0,0.0,0.0,120.0,51.92,397.93,41.96,0.3,0.3,9.75,88.54,2.63,50.88,58.65,89.57,48.31
2018-08-27 10:33:00,1,1,71.02,72.0,68.0,72.9,51.92,71.02,1.0,0.0,5.72,45.0,51.8,0.0,0.0,0.0,120.0,51.92,397.93,41.96,0.3,0.3,9.75,88.58,2.63,50.9,58.65,89.57,48.32
2018-08-27 10:34:00,1,1,71.01,72.0,68.0,72.89,51.92,71.01,1.0,0.0,5.72,45.0,51.81,0.0,0.0,0.0,120.0,51.92,397.93,41.96,0.3,0.3,9.75,88.63,2.63,50.92,58.64,89.57,48.34
2018-08-27 10:35:00,1,1,71.0,72.0,68.0,72.89,51.92,71.0,1.0,0.0,5.72,45.0,51.81,0.0,0.0,0.0,120.0,51.92,397.93,41.96,0.3,0.3,9.75,88.68,2.63,50.93,58.63,89.57,48.35
2018-08-27 10:36:00,1,1,71.4,72.0,68.0,77.51,51.93,71.4,1.0,0.0,5.72,45.0,198.77,0.0,0.0,0.0,120.0,51.93,0.01,0.88,0.3,0.3,0.0,88.73,0.97,54.47,58.62,89.53,47.73
2018-08-27 10:37:00,1,1,72.58,72.0,68.0,76.78,51.6,72.58,1.0,0.01,5.72,45.0,68.58,0.0,0.0,0.0,120.0,51.63,397.93,41.96,0.3,0.3,9.75,88.78,1.62,51.38,58.61,90.79,45.91
2018-08-27 10:38:00,1,1,72.5,72.0,68.0,74.58,52.03,72.5,1.0,0.01,5.72,45.0,54.33,0.0,0.0,0.0,120.0,51.96,397.93,41.96,0.3,0.3,9.75,88.82,2.49,49.24,58.6,89.21,46.03
2018-08-27 10:39:00,1,1,72.23,72.0,68.0,74.06,52.15,72.23,1.0,0.01,5.72,45.0,52.37,0.0,0.0,0.0,120.0,52.14,397.93,41.96,0.3,0.3,9.75,88.87,2.61,49.36,58.59,88.76,46.49
2018-08-27 10:40:00,1,1,72.0,72.0,68.0,73.81,52.15,72.0,1.0,0.0,5.72,45.0,52.07,0.0,0.0,0.0,120.0,52.15,397.93,41.96,0.3,0.3,9.75,88.92,2.63,49.68,58.58,88.78,46.9
2018-08-27 10:41:00,1,1,71.81,72.0,68.0,73.65,52.12,71.81,1.0,0.0,5.72,45.0,52.01,0.0,0.0,0.0,120.0,52.12,397.93,41.96,0.3,0.3,9.75,88.97,2.63,49.97,58.57,88.88,47.22
2018-08-27 10:42:00,1,1,71.67,72.0,68.0,73.52,52.09,71.67,1.0,0.0,5.72,45.0,51.99,0.0,0.0,0.0,120.0,52.1,397.93,41.96,0.3,0.3,9.75,89.02,2.63,50.2,58.55,88.97,47.47
2018-08-27 10:43:00,1,1,71.55,72.0,68.0,73.43,52.07,71.55,1.0,0.0,5.72,45.0,51.97,0.0,0.0,0.0,120.0,52.08,397.93,41.96,0.3,0.3,9.75,89.07,2.63,50.37,58.54,89.04,47.67
2018-08-27 10:44:00,1,1,71.46,72.0,68.0,73.35,52.06,71.46,1.0,0.0,5.72,45.0,51.96,0.0,0.0,0.0,120.0,52.06,397.93,41.96,0.3,0.3,9.75,89.12,2.63,50.51,58.52,89.1,47.82
2018-08-27 10:45:00,1,1,71.39,72.0,68.0,73.29,52.04,71.39,1.0,0.0,5.72,45.0,51.95,0.0,0.0,0.0,120.0,52.05,397.93,41.96,0.3,0.3,9.75,89.17,2.63,50.62,58.5,89.14,47.93
2018-08-27 10:46:00,1,1,71.34,72.0,68.0,73.25,52.03,71.34,1.0,0.0,5.72,45.0,51.94,0.0,0.0,0.0,120.0,52.04,397.93,41.96,0.3,0.3,9.75,89.21,2.63,50.7,58.48,89.18,48.02
2018-08-27 10:47:00,1,1,71.29,72.0,68.0,73.21,52.03,71.29,1.0,0.0,5.72,45.0,51.93,0.0,0.0,0.0,120.0,52.03,397.93,41.96,0.3,0.3,9.75,89.26,2.63,50.77,58.46,89.2,48.09
2018-08-27 10:48:00,1,1,71.25,72.0,68.0,73.19,52.02,71.25,1.0,0.0,5.72,45.0,51.93,0.0,0.0,0.0,120.0,52.02,397.93,41.96,0.3,0.3,9.75,89.31,2.63,50.82,58.44,89.22,48.15
2018-08-27 10:49:00,1,1,71.23,72.0,68.0,73.17,52.02,71.23,1.0,0.0,5.72,45.0,51.93,0.0,0.0,0.0,120.0,52.02,397.93,41.96,0.3,0.3,9.75,89.37,2.63,50.86,58.41,89.24,48.19
2018-08-27 10:50:00,1,1,71.2,72.0,68.0,73.15,52.01,71.2,1.0,0.0,5.72,45.0,51.92,0.0,0.0,0.0,120.0,52.02,397.93,41.96,0.3,0.3,9.75,89.42,2.63,50.9,58.39,89.25,48.23
2018-08-27 10:51:00,1,1,71.19,72.0,68.0,73.14,52.01,71.19,1.0,0.0,5.72,45.0,51.92,0.0,0.0,0.0,120.0,52.01,397.93,41.96,0.3,0.3,9.75,89.47,2.63,50.92,58.36,89.25,48.25
2018-08-27 10:52:00,1,1,71.17,72.0,68.0,73.14,52.01,71.17,1.0,0.0,5.72,45.0,51.92,0.0,0.0,0.0,120.0,52.01,397.93,41.96,0.3,0.3,9.75,89.52,2.63,50.95,58.33,89.26,48.27
2018-08-27 10:53:00,1,1,71.16,72.0,68.0,73.13,52.01,71.16,1.0,0.0,5.72,45.0,51.92,0.0,0.0,0.0,120.0,52.01,397.93,41.96,0.3,0.3,9.75,89.57,2.63,50.96,58.3,89.26,48.29
2018-08-27 10:54:00,1,1,71.15,72.0,68.0,73.13,52.01,71.15,1.0,0.0,5.72,45.0,51.92,0.0,0.0,0.0,120.0,52.01,397.93,41.96,0.3,0.3,9.75,89.62,2.63,50.98,58.27,89.26,48.3
2018-08-27 10:55:00,1,1,71.15,72.0,68.0,73.13,52.01,71.15,1.0,0.0,5.72,45.0,51.93,0.0,0.0,0.0,120.0,52.01,397.93,41.96,0.3,0.3,9.75,89.67,2.63,50.99,58.23,89.25,48.32
2018-08-27 10:56:00,1,1,71.14,72.0,68.0,73.13,52.01,71.14,1.0,0.0,5.72,45.0,51.93,0.0,0.0,0.0,120.0,52.01,397.93,41.96,0.3,0.3,9.75,89.72,2.63,51.0,58.19,89.25,48.33
2018-08-27 10:57:00,1,1,71.14,72.0,68.0,73.13,52.02,71.14,1.0,0.0,5.72,45.0,51.93,0.0,0.0,0.0,120.0,52.01,397.93,41.96,0.3,0.3,9.75,89.78,2.63,51.01,58.15,89.24,48.33
2018-08-27 10:58:00,1,1,71.14,72.0,68.0,73.14,52.02,71.14,1.0,0.0,5.72,45.0,51.93,0.0,0.0,0.0,120.0,52.02,397.93,41.96,0.3,0.3,9.75,89.83,2.63,51.01,58.11,89.24,48.34
2018-08-27 10:59:00,1,1,71.13,72.0,68.0,73.14,52.02,71.13,1.0,0.0,5.72,45.0,51.94,0.0,0.0,0.0,120.0,52.02,397.93,41.96,0.3,0.3,9.75,89.88,2.63,51.02,58.07,89.23,48.34
2018-08-27 11:00:00,1,1,71.13,72.0,68.0,73.15,52.02,71.13,1.0,0.0,5.72,45.0,51.94,0.0,0.0,0.0,120.0,52.02,397.93,41.96,0.3,0.3,9.75,89.94,2.63,51.02,58.02,89.22,48.35
2018-08-27 11:01:00,1,1,71.13,72.0,68.0,73.15,52.02,71.13,1.0,0.0,5.72,45.0,51.94,0.0,0.0,0.0,120.0,52.02,397.93,41.96,0.3,0.3,9.75,90.0,2.63,51.02,57.91,89.22,48.35
2018-08-27 11:02:00,1,1,71.13,72.0,68.0,73.16,52.02,71.13,1.0,0.0,5.72,45.0,51.94,0.0,0.0,0.0,120.0,52.02,397.93,41.96,0.3,0.3,9.75,90.07,2.63,51.0,57.77,89.21,48.36
2018-08-27 11:03:00,1,1,71.13,72.0,68.0,73.17,52.03,71.13,1.0,0.0,5.72,45.0,51.94,0.0,0.0,0.0,120.0,52.03,397.93,41.96,0.3,0.3,9.75,90.13,2.63,50.99,57.62,89.21,48.36
2018-08-27 11:04:00,1,1,71.13,72.0,68.0,73.18,52.03,71.13,1.0,0.0,5.72,45.0,51.95,0.0,0.0,0.0,120.0,52.03,397.93,41.96,0.3,0.3,9.75,90.2,2.63,50.98,57.47,89.2,48.36
2018-08-27 11:05:00,1,1,71.13,72.0,68.0,73.18,52.03,71.13,1.0,0.0,5.72,45.0,51.95,0.0,0.0,0.0,120.0,52.03,397.93,41.96,0.3,0.3,9.75,90.27,2.63,50.96,57.32,89.2,48.37
2018-08-27 11:06:00,1,1,71.13,72.0,68.0,73.19,52.03,71.13,1.0,0.0,5.72,45.0,51.95,0.0,0.0,0.0,120.0,52.03,397.93,41.96,0.3,0.3,9.75,90.34,2.63,50.95,57.17,89.19,48.37
2018-08-27 11:07:00,1,1,71.13,72.0,68.0,73.2,52.03,71.13,1.0,0.0,5.72,45.0,51.95,0.0,0.0,0.0,120.0,52.03,397.93,41.96,0.3,0.3,9.75,90.41,2.63,50.93,57.01,89.19,48.38
2018-08-27 11:08:00,1,1,71.13,72.0,68.0,73.2,52.03,71.13,1.0,0.0,5.72,45.0,51.95,0.0,0.0,0.0,120.0,52.03,397.93,41.96,0.3,0.3,9.75,90.48,2.63,50.92,56.86,89.18,48.38
2018-08-27 11:09:00,1,1,71.13,72.0,68.0,73.21,52.03,71.13,1.0,0.0,5.72,45.0,51.95,0.0,0.0,0.0,120.0,52.03,397.93,41.96,0.3,0.3,9.75,90.55,2.63,50.9,56.7,89.18,48.38
2018-08-27 11:10:00,1,1,71.13,72.0,68.0,73.22,52.03,71.13,1.0,0.0,5.72,45.0,51.95,0.0,0.0,0.0,120.0,52.03,397.93,41.96,0.3,0.3,9.75,90.62,2.63,50.89,56.54,89.18,48.39
2018-08-27 11:11:00,1,1,71.13,72.0,68.0,73.22,52.04,71.13,1.0,0.0,5.72,45.0,51.95,0.0,0.0,0.0,120.0,52.04,397.93,41.96,0.3,0.3,9.75,90.69,2.63,50.87,56.38,89.17,48.39
2018-08-27 11:12:00,1,1,71.13,72.0,68.0,73.23,52.04,71.13,1.0,0.0,5.72,45.0,51.95,0.0,0.0,0.0,120.0,52.04,397.93,41.96,0.3,0.3,9.75,90.76,2.63,50.85,56.22,89.17,48.4
2018-08-27 11:13:00,1,1,71.13,72.0,68.0,73.24,52.04,71.13,1.0,0.0,5.72,45.0,51.95,0.0,0.0,0.0,120.0,52.04,397.93,41.96,0.3,0.3,9.75,90.83,2.63,50.84,56.06,89.17,48.4
2018-08-27 11:14:00,1,1,71.12,72.0,68.0,73.24,52.04,71.12,1.0,0.0,5.72,45.0,51.95,0.0,0.0,0.0,120.0,52.04,397.93,41.96,0.3,0.3,9.75,90.9,2.63,50.82,55.9,89.16,48.4
2018-08-27 11:15:00,1,1,71.12,72.0,68.0,73.25,52.04,71.12,1.0,0.0,5.72,45.0,51.95,0.0,0.0,0.0,120.0,52.04,397.93,41.96,0.3,0.3,9.75,90.97,2.63,50.8,55.74,89.16,48.41
2018-08-27 11:16:00,1,1,71.12,72.0,68.0,73.25,52.04,71.12,1.0,0.0,5.72,45.0,51.95,0.0,0.0,0.0,120.0,52.04,397.93,41.96,0.3,0.3,9.75,91.04,2.63,50.79,55.58,89.16,48.41
2018-08-27 11:17:00,1,1,71.12,72.0,68.0,73.26,52.04,71.12,1.0,0.0,5.72,45.0,51.95,0.0,0.0,0.0,120.0,52.04,397.93,41.96,0.3,0.3,9.75,91.11,2.63,50.77,55.41,89.16,48.42
2018-08-27 11:18:00,1,1,71.12,72.0,68.0,73.26,52.04,71.12,1.0,0.0,5.72,45.0,51.95,0.0,0.0,0.0,120.0,52.04,397.93,41.96,0.3,0.3,9.75,91.18,2.63,50.75,55.25,89.15,48.42
2018-08-27 11:19:00,1,1,71.11,72.0,68.0,73.27,52.04,71.11,1.0,0.0,5.72,45.0,51.95,0.0,0.0,0.0,120.0,52.04,397.93,41.96,0.3,0.3,9.75,91.25,2.63,50.73,55.09,89.15,48.42
2018-08-27 11:20:00,1,1,71.11,72.0,68.0,73.28,52.04,71.11,1.0,0.0,5.72,45.0,51.95,0.0,0.0,0.0,120.0,52.04,397.93,41.96,0.3,0.3,9.75,91.32,2.63,50.72,54.92,89.15,48.43
2018-08-27 11:21:00,1,1,71.11,72.0,68.0,73.28,52.04,71.11,1.0,0.0,5.72,45.0,51.95,0.0,0.0,0.0,120.0,52.04,397.93,41.96,0.3,0.3,9.75,91.39,2.63,50.7,54.76,89.15,48.43
2018-08-27 11:22:00,1,1,71.11,72.0,68.0,73.29,52.04,71.11,1.0,0.0,5.72,45.0,51.95,0.0,0.0,0.0,120.0,52.04,397.93,41.96,0.3,0.3,9.75,91.46,2.63,50.68,54.59,89.15,48.44
2018-08-27 11:23:00,1,1,71.1,72.0,68.0,73.29,52.04,71.1,1.0,0.0,5.72,45.0,51.95,0.0,0.0,0.0,120.0,52.04,397.93,41.96,0.3,0.3,9.75,91.53,2.63,50.66,54.43,89.15,48.44
2018-08-27 11:24:00,1,1,71.1,72.0,68.0,73.3,52.04,71.1,1.0,0.0,5.72,45.0,51.95,0.0,0.0,0.0,120.0,52.04,397.93,41.96,0.3,0.3,9.75,91.6,2.63,50.64,54.27,89.15,48.45
2018-08-27 11:25:00,1,1,71.1,72.0,68.0,73.3,52.04,71.1,1.0,0.0,5.72,45.0,51.95,0.0,0.0,0.0,120.0,52.04,397.93,41.96,0.3,0.3,9.75,91.67,2.63,50.63,54.1,89.15,48.45
2018-08-27 11:26:00,1,1,71.09,72.0,68.0,73.3,52.04,71.09,1.0,0.0,5.72,45.0,51.95,0.0,0.0,0.0,120.0,52.04,397.93,41.96,0.3,0.3,9.75,91.74,2.63,50.61,53.94,89.15,48.46
2018-08-27 11:27:00,1,1,71.09,72.0,68.0,73.31,52.04,71.09,1.0,0.0,5.72,45.0,51.95,0.0,0.0,0.0,120.0,52.04,397.93,41.96,0.3,0.3,9.75,91.81,2.63,50.59,53.78,89.15,48.46
2018-08-27 11:28:00,1,1,71.09,72.0,68.0,73.31,52.04,71.09,1.0,0.0,5.72,45.0,51.95,0.0,0.0,0.0,120.0,52.04,397.93,41.96,0.3,0.3,9.75,91.88,2.63,50.57,53.61,89.15,48.47
2018-08-27 11:29:00,1,1,71.08,72.0,68.0,73.32,52.04,71.08,1.0,0.0,5.72,45.0,51.95,0.0,0.0,0.0,120.0,52.04,397.93,41.96,0.3,0.3,9.75,91.95,2.63,50.56,53.45,89.15,48.47
2018-08-27 11:30:00,1,1,71.08,72.0,68.0,73.32,52.04,71.08,1.0,0.0,5.72,45.0,51.94,0.0,0.0,0.0,120.0,52.04,397.93,41.96,0.3,0.3,9.75,92.02,2.63,50.54,53.29,89.15,48.48
2018-08-27 11:31:00,1,1,71.07,72.0,68.0,73.32,52.04,71.07,1.0,0.0,5.72,45.0,51.94,0.0,0.0,0.0,120.0,52.04,397.93,41.96,0.3,0.3,9.75,92.09,2.63,50.52,53.13,89.15,48.48
2018-08-27 11:32:00,1,1,71.07,72.0,68.0,73.33,52.04,71.07,1.0,0.0,5.72,45.0,51.94,0.0,0.0,0.0,120.0,52.04,397.93,41.96,0.3,0.3,9.75,92.16,2.63,50.5,52.97,89.15,48.49
2018-08-27 11:33:00,1,1,71.06,72.0,68.0,73.33,52.04,71.06,1.0,0.0,5.72,45.0,51.94,0.0,0.0,0.0,120.0,52.04,397.93,41.96,0.3,0.3,9.75,92.23,2.63,50.49,52.81,89.15,48.5
2018-08-27 11:34:00,1,1,71.06,72.0,68.0,73.33,52.04,71.06,1.0,0.0,5.72,45.0,51.94,0.0,0.0,0.0,120.0,52.04,397.93,41.96,0.3,0.3,9.75,92.29,2.63,50.47,52.65,89.15,48.5
2018-08-27 11:35:00,1,1,71.05,72.0,68.0,73.33,52.04,71.05,1.0,0.0,5.72,45.0,51.94,0.0,0.0,0.0,120.0,52.04,397.93,41.96,0.3,0.3,9.75,92.36,2.63,50.45,52.49,89.16,48.51
2018-08-27 11:36:00,1,1,71.05,72.0,68.0,73.34,52.04,71.05,1.0,0.0,5.72,45.0,51.94,0.0,0.0,0.0,120.0,52.04,397.93,41.96,0.3,0.3,9.75,92.43,2.63,50.44,52.34,89.16,48.51
2018-08-27 11:37:00,1,1,71.04,72.0,68.0,73.34,52.04,71.04,1.0,0.0,5.72,45.0,51.93,0.0,0.0,0.0,120.0,52.04,397.93,41.96,0.3,0.3,9.75,92.5,2.63,50.42,52.18,89.16,48.52
2018-08-27 11:38:00,1,1,71.04,72.0,68.0,73.34,52.04,71.04,1.0,0.0,5.72,45.0,51.93,0.0,0.0,0.0,120.0,52.04,397.93,41.96,0.3,0.3,9.75,92.56,2.63,50.4,52.03,89.16,48.53
2018-08-27 11:39:00,1,1,71.03,72.0,68.0,73.34,52.04,71.03,1.0,0.0,5.72,45.0,51.93,0.0,0.0,0.0,120.0,52.04,397.93,41.96,0.3,0.3,9.75,92.63,2.63,50.39,51.87,89.17,48.53
2018-08-27 11:40:00,1,1,71.02,72.0,68.0,73.34,52.04,71.02,1.0,0.0,5.72,45.0,51.93,0.0,0.0,0.0,120.0,52.04,397.93,41.96,0.3,0.3,9.75,92.69,2.63,50.37,51.72,89.17,48.54
2018-08-27 11:41:00,1,1,71.02,72.0,68.0,73.34,52.04,71.02,1.0,0.0,5.72,45.0,51.93,0.0,0.0,0.0,120.0,52.04,397.93,41.96,0.3,0.3,9.75,92.76,2.63,50.36,51.57,89.17,48.55
2018-08-27 11:42:00,1,1,71.01,72.0,68.0,73.34,52.03,71.01,1.0,0.0,5.72,45.0,51.92,0.0,0.0,0.0,120.0,52.03,397.93,41.96,0.3,0.3,9.75,92.82,2.63,50.34,51.42,89.18,48.56
2018-08-27 11:43:00,1,1,71.0,72.0,68.0,73.35,52.03,71.0,1.0,0.0,5.72,45.0,51.92,0.0,0.0,0.0,120.0,52.03,397.93,41.96,0.3,0.3,9.75,92.89,2.63,50.32,51.27,89.18,48.56
2018-08-27 11:44:00,1,1,71.21,72.0,68.0,77.66,52.04,71.21,1.0,0.0,5.72,45.0,250.0,0.0,0.0,0.0,120.0,52.04,0.01,0.88,0.3,0.3,0.0,92.95,1.35,51.49,51.13,89.17,48.24
2018-08-27 11:45:00,1,1,72.48,72.0,68.0,79.03,51.68,72.48,1.0,0.0,5.72,45.0,75.49,0.0,0.0,0.0,120.0,51.92,397.93,41.96,0.3,0.3,9.75,93.02,1.22,50.17,50.98,90.51,46.29
2018-08-27 11:46:00,1,1,72.52,72.0,68.0,75.31,52.07,72.52,1.0,0.01,5.72,45.0,55.37,0.0,0.0,0.0,120.0,51.99,397.93,41.96,0.3,0.3,9.75,93.08,2.44,48.46,50.84,89.07,46.19
2018-08-27 11:47:00,1,1,72.25,72.0,68.0,74.56,52.24,72.25,1.0,0.01,5.72,45.0,52.59,0.0,0.0,0.0,120.0,52.23,397.93,41.96,0.3,0.3,9.75,93.14,2.6,48.63,50.7,88.46,46.65
2018-08-27 11:48:00,1,1,72.0,72.0,68.0,74.28,52.24,72.0,1.0,0.0,5.72,45.0,52.18,0.0,0.0,0.0,120.0,52.24,397.93,41.96,0.3,0.3,9.75,93.2,2.62,48.94,50.56,88.46,47.08
2018-08-27 11:49:00,1,1,71.8,72.0,68.0,74.09,52.21,71.8,1.0,0.0,5.72,45.0,52.1,0.0,0.0,0.0,120.0,52.22,397.93,41.96,0.3,0.3,9.75,93.26,2.63,49.21,50.42,88.56,47.42
2018-08-27 11:50:00,1,1,71.64,72.0,68.0,73.96,52.18,71.64,1.0,0.0,5.72,45.0,52.06,0.0,0.0,0.0,120.0,52.18,397.93,41.96,0.3,0.3,9.75,93.33,2.63,49.42,50.29,88.67,47.68
2018-08-27 11:51:00,1,1,71.51,72.0,68.0,73.85,52.15,71.51,1.0,0.0,5.72,45.0,52.03,0.0,0.0,0.0,120.0,52.16,397.93,41.96,0.3,0.3,9.75,93.39,2.63,49.58,50.15,88.76,47.89
2018-08-27 11:52:00,1,1,71.4,72.0,68.0,73.76,52.13,71.4,1.0,0.0,5.72,45.0,52.01,0.0,0.0,0.0,120.0,52.14,397.93,41.96,0.3,0.3,9.75,93.44,2.63,49.7,50.02,88.84,48.05
2018-08-27 11:53:00,1,1,71.32,72.0,68.0,73.69,52.11,71.32,1.0,0.0,5.72,45.0,52.0,0.0,0.0,0.0,120.0,52.12,397.93,41.96,0.3,0.3,9.75,93.5,2.63,49.79,49.89,88.9,48.18
2018-08-27 11:54:00,1,1,71.24,72.0,68.0,73.63,52.1,71.24,1.0,0.0,5.72,45.0,51.98,0.0,0.0,0.0,120.0,52.1,397.93,41.96,0.3,0.3,9.75,93.56,2.63,49.86,49.77,88.95,48.28
2018-08-27 11:55:00,1,1,71.19,72.0,68.0,73.58,52.08,71.19,1.0,0.0,5.72,45.0,51.97,0.0,0.0,0.0,120.0,52.09,397.93,41.96,0.3,0.3,9.75,93.62,2.63,49.91,49.64,89.0,48.36
2018-08-27 11:56:00,1,1,71.13,72.0,68.0,73.55,52.07,71.13,1.0,0.0,5.72,45.0,51.95,0.0,0.0,0.0,120.0,52.08,397.93,41.96,0.3,0.3,9.75,93.68,2.63,49.95,49.52,89.04,48.43
2018-08-27 11:57:00,1,1,71.09,72.0,68.0,73.51,52.06,71.09,1.0,0.0,5.72,45.0,51.94,0.0,0.0,0.0,120.0,52.07,397.93,41.96,0.3,0.3,9.75,93.73,2.63,49.97,49.4,89.07,48.48
2018-08-27 11:58:00,1,1,71.05,72.0,68.0,73.48,52.06,71.05,1.0,0.0,5.72,45.0,51.93,0.0,0.0,0.0,120.0,52.06,397.93,41.96,0.3,0.3,9.75,93.79,2.63,49.99,49.28,89.1,48.53
2018-08-27 11:59:00,1,1,71.02,72.0,68.0,73.46,52.05,71.02,1.0,0.0,5.72,45.0,51.92,0.0,0.0,0.0,120.0,52.05,397.93,41.96,0.3,0.3,9.75,93.84,2.63,50.01,49.16,89.13,48.57
2018-08-27 12:00:00,1,1,71.13,72.0,68.0,77.05,52.04,71.13,1.0,0.0,5.72,45.0,250.0,0.0,0.0,0.0,120.0,52.04,0.01,0.88,0.3,0.3,0.0,93.9,1.59,50.61,49.05,89.14,48.39
2018-08-27 12:01:00,1,1,72.4,72.0,68.0,80.08,51.7,72.4,1.0,0.0,5.72,45.0,79.82,0.0,0.0,0.0,120.0,52.04,397.91,41.96,0.3,0.3,9.75,93.94,0.96,49.75,48.98,90.43,46.45
2018-08-27 12:02:00,1,1,72.49,72.0,68.0,75.52,52.04,72.49,1.0,0.01,5.72,45.0,55.92,0.0,0.0,0.0,120.0,51.95,397.93,41.96,0.3,0.3,9.75,93.97,2.4,48.19,48.95,89.18,46.22
2018-08-27 12:03:00,1,1,72.21,72.0,68.0,74.64,52.23,72.21,1.0,0.0,5.72,45.0,52.65,0.0,0.0,0.0,120.0,52.21,397.93,41.96,0.3,0.3,9.75,94.0,2.6,48.4,48.91,88.49,46.69
2018-08-27 12:04:00,1,1,71.94,72.0,68.0,74.32,52.23,71.94,1.0,0.0,5.72,45.0,52.17,0.0,0.0,0.0,120.0,52.24,397.93,41.96,0.3,0.3,9.75,94.04,2.62,48.76,48.88,88.48,47.14
2018-08-27 12:05:00,1,1,71.72,72.0,68.0,74.11,52.2,71.72,1.0,0.0,5.72,45.0,52.08,0.0,0.0,0.0,120.0,52.21,397.93,41.96,0.3,0.3,9.75,94.07,2.63,49.06,48.86,88.59,47.49
2018-08-27 12:06:00,1,1,71.54,72.0,68.0,73.96,52.17,71.54,1.0,0.0,5.72,45.0,52.04,0.0,0.0,0.0,120.0,52.17,397.93,41.96,0.3,0.3,9.75,94.1,2.63,49.3,48.83,88.71,47.78
2018-08-27 12:07:00,1,1,71.4,72.0,68.0,73.83,52.14,71.4,1.0,0.0,5.72,45.0,52.01,0.0,0.0,0.0,120.0,52.14,397.93,41.96,0.3,0.3,9.75,94.13,2.63,49.48,48.81,88.81,48.0
2018-08-27 12:08:00,1,1,71.28,72.0,68.0,73.73,52.11,71.28,1.0,0.0,5.72,45.0,51.99,0.0,0.0,0.0,120.0,52.12,397.93,41.96,0.3,0.3,9.75,94.15,2.63,49.63,48.78,88.89,48.17
2018-08-27 12:09:00,1,1,71.19,72.0,68.0,73.64,52.09,71.19,1.0,0.0,5.72,45.0,51.97,0.0,0.0,0.0,120.0,52.1,397.93,41.96,0.3,0.3,9.75,94.18,2.63,49.75,48.76,88.97,48.31
2018-08-27 12:10:00,1,1,71.1,72.0,68.0,73.57,52.08,71.1,1.0,0.0,5.72,45.0,51.95,0.0,0.0,0.0,120.0,52.08,397.93,41.96,0.3,0.3,9.75,94.21,2.63,49.84,48.75,89.03,48.43
2018-08-27 12:11:00,1,1,71.03,72.0,68.0,73.51,52.06,71.03,1.0,0.0,5.72,45.0,51.94,0.0,0.0,0.0,120.0,52.06,397.93,41.96,0.3,0.3,9.75,94.24,2.63,49.92,48.73,89.08,48.52
2018-08-27 12:12:00,1,1,71.27,72.0,68.0,78.8,52.06,71.27,1.0,0.0,5.72,45.0,229.45,0.0,0.0,0.0,120.0,52.06,0.01,0.88,0.3,0.3,0.0,94.26,1.14,50.68,48.72,89.1,48.12
2018-08-27 12:13:00,1,1,72.46,72.0,68.0,78.71,51.69,72.46,1.0,0.0,5.72,45.0,71.95,0.0,0.0,0.0,120.0,51.82,397.93,41.96,0.3,0.3,9.75,94.29,1.43,49.09,48.7,90.44,46.27
2018-08-27 12:14:00,1,1,72.39,72.0,68.0,75.26,52.09,72.39,1.0,0.01,5.72,45.0,54.86,0.0,0.0,0.0,120.0,52.02,397.93,41.96,0.3,0.3,9.75,94.31,2.47,48.2,48.69,88.98,46.33
2018-08-27 12:15:00,1,1,72.08,72.0,68.0,74.53,52.23,72.08,1.0,0.0,5.72,45.0,52.49,0.0,0.0,0.0,120.0,52.22,397.93,41.96,0.3,0.3,9.75,94.34,2.61,48.51,48.68,88.49,46.83
2018-08-27 12:16:00,1,1,71.8,72.0,68.0,74.22,52.22,71.8,1.0,0.0,5.72,45.0,52.14,0.0,0.0,0.0,120.0,52.22,397.93,41.96,0.3,0.3,9.75,94.36,2.62,48.87,48.67,88.54,47.28
2018-08-27 12:17:00,1,1,71.58,72.0,68.0,74.02,52.18,71.58,1.0,0.0,5.72,45.0,52.05,0.0,0.0,0.0,120.0,52.19,397.93,41.96,0.3,0.3,9.75,94.38,2.63,49.18,48.66,88.67,47.64
2018-08-27 12:18:00,1,1,71.4,72.0,68.0,73.86,52.14,71.4,1.0,0.0,5.72,45.0,52.01,0.0,0.0,0.0,120.0,52.15,397.93,41.96,0.3,0.3,9.75,94.41,2.63,49.42,48.66,88.79,47.92
2018-08-27 12:19:00,1,1,71.25,72.0,68.0,73.73,52.11,71.25,1.0,0.0,5.72,45.0,51.99,0.0,0.0,0.0,120.0,52.12,397.93,41.96,0.3,0.3,9.75,94.43,2.63,49.61,48.65,88.9,48.15
2018-08-27 12:20:00,1,1,71.13,72.0,68.0,73.62,52.09,71.13,1.0,0.0,5.72,45.0,51.96,0.0,0.0,0.0,120.0,52.09,397.93,41.96,0.3,0.3,9.75,94.45,2.63,49.77,48.65,88.99,48.33
2018-08-27 12:21:00,1,1,71.02,72.0,68.0,73.53,52.07,71.02,1.0,0.0,5.72,45.0,51.94,0.0,0.0,0.0,120.0,52.07,397.93,41.96,0.3,0.3,9.75,94.47,2.63,49.89,48.65,89.06,48.47
2018-08-27 12:22:00,1,1,71.56,72.0,68.0,80.59,52.07,71.56,1.0,0.0,5.72,45.0,156.91,0.0,0.0,0.0,120.0,52.07,0.01,0.88,0.3,0.3,0.0,94.49,0.69,50.72,48.65,89.05,47.63
2018-08-27 12:23:00,1,1,72.58,72.0,68.0,77.81,51.74,72.58,1.0,0.01,5.72,45.0,63.64,0.0,0.0,0.0,120.0,51.73,397.93,41.96,0.3,0.3,9.75,94.51,1.75,48.6,48.65,90.25,46.0
2018-08-27 12:24:00,1,1,72.38,72.0,68.0,75.14,52.15,72.38,1.0,0.01,5.72,45.0,53.73,0.0,0.0,0.0,120.0,52.09,397.93,41.96,0.3,0.3,9.75,94.53,2.51,48.15,48.65,88.78,46.28
2018-08-27 12:25:00,1,1,72.03,72.0,68.0,74.49,52.24,72.03,1.0,0.0,5.72,45.0,52.34,0.0,0.0,0.0,120.0,52.24,397.93,41.96,0.3,0.3,9.75,94.55,2.61,48.53,48.65,88.46,46.84
2018-08-27 12:26:00,1,1,71.74,72.0,68.0,74.19,52.21,71.74,1.0,0.0,5.72,45.0,52.11,0.0,0.0,0.0,120.0,52.22,397.93,41.96,0.3,0.3,9.75,94.56,2.63,48.93,48.66,88.55,47.32
2018-08-27 12:27:00,1,1,71.5,72.0,68.0,73.97,52.17,71.5,1.0,0.0,5.72,45.0,52.04,0.0,0.0,0.0,120.0,52.18,397.93,41.96,0.3,0.3,9.75,94.58,2.63,49.25,48.66,88.7,47.7
2018-08-27 12:28:00,1,1,71.3,72.0,68.0,73.8,52.13,71.3,1.0,0.0,5.72,45.0,52.0,0.0,0.0,0.0,120.0,52.14,397.93,41.96,0.3,0.3,9.75,94.6,2.63,49.51,48.67,88.83,48.0
2018-08-27 12:29:00,1,1,71.14,72.0,68.0,73.66,52.1,71.14,1.0,0.0,5.72,45.0,51.97,0.0,0.0,0.0,120.0,52.11,397.93,41.96,0.3,0.3,9.75,94.62,2.63,49.72,48.67,88.95,48.24
2018-08-27 12:30:00,1,1,71.01,72.0,68.0,73.54,52.07,71.01,1.0,0.0,5.72,45.0,51.94,0.0,0.0,0.0,120.0,52.08,397.93,41.96,0.3,0.3,9.75,94.63,2.63,49.88,48.68,89.05,48.43
2018-08-27 12:31:00,1,1,71.76,72.0,68.0,81.45,52.08,71.76,1.0,0.0,5.72,45.0,125.22,0.0,0.0,0.0,120.0,52.08,0.01,0.88,0.3,0.3,0.0,94.65,0.5,50.72,48.69,89.01,47.25
2018-08-27 12:32:00,1,1,72.54,72.0,68.0,76.99,51.82,72.54,1.0,0.01,5.72,45.0,60.4,0.0,0.0,0.0,120.0,51.74,397.93,41.96,0.3,0.3,9.75,94.66,2.0,48.38,48.69,89.97,45.97
2018-08-27 12:33:00,1,1,72.26,72.0,68.0,74.94,52.18,72.26,1.0,0.0,5.72,45.0,53.28,0.0,0.0,0.0,120.0,52.13,397.93,41.96,0.3,0.3,9.75,94.68,2.54,48.24,48.7,88.68,46.4
2018-08-27 12:34:00,1,1,71.91,72.0,68.0,74.38,52.23,71.91,1.0,0.0,5.72,45.0,52.26,0.0,0.0,0.0,120.0,52.23,397.93,41.96,0.3,0.3,9.75,94.69,2.62,48.66,48.71,88.5,46.97
2018-08-27 12:35:00,1,1,71.61,72.0,68.0,74.09,52.19,71.61,1.0,0.0,5.72,45.0,52.08,0.0,0.0,0.0,120.0,52.2,397.93,41.96,0.3,0.3,9.75,94.71,2.63,49.07,48.72,88.62,47.44
2018-08-27 12:36:00,1,1,71.37,72.0,68.0,73.87,52.15,71.37,1.0,0.0,5.72,45.0,52.02,0.0,0.0,0.0,120.0,52.16,397.93,41.96,0.3,0.3,9.75,94.72,2.63,49.39,48.73,88.77,47.82
2018-08-27 12:37:00,1,1,71.17,72.0,68.0,73.7,52.11,71.17,1.0,0.0,5.72,45.0,51.98,0.0,0.0,0.0,120.0,52.12,397.93,41.96,0.3,0.3,9.75,94.74,2.63,49.65,48.74,88.91,48.13
2018-08-27 12:38:00,1,1,71.01,72.0,68.0,73.55,52.08,71.01,1.0,0.0,5.72,45.0,51.95,0.0,0.0,0.0,120.0,52.08,397.93,41.96,0.3,0.3,9.75,94.75,2.63,49.86,48.76,89.03,48.36
2018-08-27 12:39:00,1,1,71.74,72.0,68.0,81.49,52.08,71.74,1.0,0.0,5.72,45.0,125.22,0.0,0.0,0.0,120.0,52.09,0.01,0.88,0.3,0.3,0.0,94.76,0.5,50.78,48.77,89.0,47.23
2018-08-27 12:40:00,1,1,72.5,72.0,68.0,76.98,51.82,72.5,1.0,0.01,5.72,45.0,60.4,0.0,0.0,0.0,120.0,51.74,397.93,41.96,0.3,0.3,9.75,94.78,2.0,48.43,48.78,89.98,45.96
2018-08-27 12:41:00,1,1,72.2,72.0,68.0,74.9,52.17,72.2,1.0,0.0,5.72,45.0,53.27,0.0,0.0,0.0,120.0,52.13,397.93,41.96,0.3,0.3,9.75,94.79,2.54,48.29,48.79,88.71,46.41
2018-08-27 12:42:00,1,1,71.84,72.0,68.0,74.33,52.22,71.84,1.0,0.0,5.72,45.0,52.25,0.0,0.0,0.0,120.0,52.22,397.93,41.96,0.3,0.3,9.75,94.8,2.62,48.73,48.8,88.53,47.0
2018-08-27 12:43:00,1,1,71.53,72.0,68.0,74.03,52.18,71.53,1.0,0.0,5.72,45.0,52.07,0.0,0.0,0.0,120.0,52.19,397.93,41.96,0.3,0.3,9.75,94.81,2.63,49.14,48.81,88.66,47.5
2018-08-27 12:44:00,1,1,71.28,72.0,68.0,73.8,52.13,71.28,1.0,0.0,5.72,45.0,52.0,0.0,0.0,0.0,120.0,52.14,397.93,41.96,0.3,0.3,9.75,94.83,2.63,49.48,48.83,88.82,47.89
2018-08-27 12:45:00,1,1,71.08,72.0,68.0,73.63,52.09,71.08,1.0,0.0,5.72,45.0,51.96,0.0,0.0,0.0,120.0,52.1,397.93,41.96,0.3,0.3,9.75,94.84,2.63,49.75,48.84,88.97,48.2
2018-08-27 12:46:00,1,1,71.32,72.0,68.0,79.64,52.08,71.32,1.0,0.0,5.72,45.0,201.27,0.0,0.0,0.0,120.0,52.08,0.01,0.88,0.3,0.3,0.0,94.85,0.97,50.81,48.85,89.03,47.82
2018-08-27 12:47:00,1,1,72.44,72.0,68.0,78.95,51.71,72.44,1.0,0.0,5.72,45.0,68.14,0.0,0.0,0.0,120.0,51.84,397.93,41.96,0.3,0.3,9.75,94.86,1.41,49.12,48.86,90.38,46.03
2018-08-27 12:48:00,1,1,72.28,72.0,68.0,75.26,52.09,72.28,1.0,0.0,5.72,45.0,54.33,0.0,0.0,0.0,120.0,52.02,397.93,41.96,0.3,0.3,9.75,94.87,2.46,48.23,48.88,88.99,46.21
2018-08-27 12:49:00,1,1,71.9,72.0,68.0,74.44,52.21,71.9,1.0,0.0,5.72,45.0,52.4,0.0,0.0,0.0,120.0,52.2,397.93,41.96,0.3,0.3,9.75,94.88,2.61,48.62,48.89,88.56,46.83
2018-08-27 12:50:00,1,1,71.57,72.0,68.0,74.07,52.19,71.57,1.0,0.0,5.72,45.0,52.09,0.0,0.0,0.0,120.0,52.19,397.93,41.96,0.3,0.3,9.75,94.89,2.62,49.07,48.9,88.65,47.38
2018-08-27 12:51:00,1,1,71.29,72.0,68.0,73.82,52.14,71.29,1.0,0.0,5.72,45.0,52.01,0.0,0.0,0.0,120.0,52.15,397.93,41.96,0.3,0.3,9.75,94.9,2.63,49.45,48.91,88.81,47.82
2018-08-27 12:52:00,1,1,71.07,72.0,68.0,73.62,52.09,71.07,1.0,0.0,5.72,45.0,51.96,0.0,0.0,0.0,120.0,52.1,397.93,41.96,0.3,0.3,9.75,94.91,2.63,49.75,48.92,88.97,48.17
2018-08-27 12:53:00,1,1,71.4,72.0,68.0,80.23,52.08,71.4,1.0,0.0,5.72,45.0,177.26,0.0,0.0,0.0,120.0,52.08,0.01,0.88,0.3,0.3,0.0,94.92,0.82,50.89,48.93,89.02,47.65
2018-08-27 12:54:00,1,1,72.53,72.0,68.0,79.1,51.72,72.53,1.0,0.0,5.72,45.0,64.9,0.0,0.0,0.0,120.0,51.84,397.93,41.96,0.3,0.3,9.75,94.93,1.39,49.07,48.95,90.36,45.85
2018-08-27 12:55:00,1,1,72.34,72.0,68.0,75.33,52.1,72.34,1.0,0.0,5.72,45.0,53.9,0.0,0.0,0.0,120.0,52.03,397.93,41.96,0.3,0.3,9.75,94.95,2.46,48.15,48.96,88.95,46.08
2018-08-27 12:56:00,1,1,71.93,72.0,68.0,74.47,52.22,71.93,1.0,0.0,5.72,45.0,52.35,0.0,0.0,0.0,120.0,52.21,397.93,41.96,0.3,0.3,9.75,94.96,2.61,48.58,48.96,88.53,46.75
2018-08-27 12:57:00,1,1,71.57,72.0,68.0,74.09,52.19,71.57,1.0,0.0,5.72,45.0,52.09,0.0,0.0,0.0,120.0,52.2,397.93,41.96,0.3,0.3,9.75,94.97,2.62,49.06,48.97,88.63,47.33
2018-08-27 12:58:00,1,1,71.28,72.0,68.0,73.82,52.14,71.28,1.0,0.0,5.72,45.0,52.01,0.0,0.0,0.0,120.0,52.15,397.93,41.96,0.3,0.3,9.75,94.98,2.63,49.46,48.98,88.81,47.8
2018-08-27 12:59:00,1,1,71.05,72.0,68.0,73.61,52.09,71.05,1.0,0.0,5.72,45.0,51.96,0.0,0.0,0.0,120.0,52.1,397.93,41.96,0.3,0.3,9.75,94.99,2.63,49.78,48.99,88.97,48.17
2018-08-27 13:00:00,1,1,71.59,72.0,68.0,81.19,52.09,71.59,1.0,0.0,5.72,45.0,139.81,0.0,0.0,0.0,120.0,52.09,0.01,0.88,0.3,0.3,0.0,95.0,0.59,50.95,49.0,88.98,47.31
2018-08-27 13:01:00,1,1,72.53,72.0,68.0,77.94,51.75,72.53,1.0,0.01,5.72,45.0,61.32,0.0,0.0,0.0,120.0,51.74,397.93,41.96,0.3,0.3,9.75,95.01,1.74,48.67,48.97,90.21,45.78
2018-08-27 13:02:00,1,1,72.24,72.0,68.0,75.09,52.14,72.24,1.0,0.0,5.72,45.0,53.4,0.0,0.0,0.0,120.0,52.09,397.93,41.96,0.3,0.3,9.75,95.03,2.51,48.22,48.92,88.81,46.21
2018-08-27 13:03:00,1,1,71.83,72.0,68.0,74.37,52.21,71.83,1.0,0.0,5.72,45.0,52.27,0.0,0.0,0.0,120.0,52.21,397.93,41.96,0.3,0.3,9.75,95.05,2.61,48.68,48.87,88.55,46.88
2018-08-27 13:04:00,1,1,71.48,72.0,68.0,74.01,52.17,71.48,1.0,0.0,5.72,45.0,52.06,0.0,0.0,0.0,120.0,52.19,397.93,41.96,0.3,0.3,9.75,95.07,2.63,49.15,48.82,88.68,47.46
2018-08-27 13:05:00,1,1,71.2,72.0,68.0,73.76,52.12,71.2,1.0,0.0,5.72,45.0,51.99,0.0,0.0,0.0,120.0,52.13,397.93,41.96,0.3,0.3,9.75,95.1,2.63,49.53,48.76,88.86,47.91
2018-08-27 13:06:00,1,1,71.0,72.0,68.0,75.03,52.08,71.0,1.0,0.0,5.72,45.0,250.0,0.0,0.0,0.0,120.0,52.09,2.69,1.16,0.3,0.3,0.0,95.12,2.22,50.08,48.71,89.02,48.24
2018-08-27 13:07:00,1,1,72.03,72.0,68.0,82.5,52.1,72.03,1.0,0.0,5.72,45.0,93.65,0.0,0.0,0.0,120.0,52.1,0.01,0.88,0.3,0.3,0.0,95.14,0.3,50.66,48.65,88.93,46.65
2018-08-27 13:08:00,1,1,72.48,72.0,68.0,76.45,51.9,72.48,1.0,0.01,5.72,45.0,56.87,0.0,0.0,0.0,120.0,51.81,397.93,41.96,0.3,0.3,9.75,95.16,2.17,48.2,48.6,89.66,45.84
2018-08-27 13:09:00,1,1,72.09,72.0,68.0,74.77,52.19,72.09,1.0,0.0,5.72,45.0,52.77,0.0,0.0,0.0,120.0,52.16,397.93,41.96,0.3,0.3,9.75,95.18,2.57,48.32,48.54,88.64,46.46
2018-08-27 13:10:00,1,1,71.69,72.0,68.0,74.24,52.2,71.69,1.0,0.0,5.72,45.0,52.16,0.0,0.0,0.0,120.0,52.21,397.93,41.96,0.3,0.3,9.75,95.2,2.62,48.82,48.49,88.58,47.12
2018-08-27 13:11:00,1,1,71.37,72.0,68.0,73.92,52.16,71.37,1.0,0.0,5.72,45.0,52.03,0.0,0.0,0.0,120.0,52.17,397.93,41.96,0.3,0.3,9.75,95.22,2.63,49.26,48.43,88.75,47.66
2018-08-27 13:12:00,1,1,71.1,72.0,68.0,73.69,52.11,71.1,1.0,0.0,5.72,45.0,51.97,0.0,0.0,0.0,120.0,52.12,397.93,41.96,0.3,0.3,9.75,95.24,2.63,49.61,48.37,88.92,48.08
2018-08-27 13:13:00,1,1,71.29,72.0,68.0,79.77,52.08,71.29,1.0,0.0,5.72,45.0,201.21,0.0,0.0,0.0,120.0,52.09,0.01,0.88,0.3,0.3,0.0,95.26,0.97,50.61,48.32,89.01,47.79
2018-08-27 13:14:00,1,1,72.46,72.0,68.0,79.92,51.72,72.46,1.0,0.0,5.72,45.0,67.13,0.0,0.0,0.0,120.0,51.96,397.93,41.96,0.3,0.3,9.75,95.28,1.16,49.16,48.26,90.35,45.96
2018-08-27 13:15:00,1,1,72.33,72.0,68.0,75.47,52.07,72.33,1.0,0.0,5.72,45.0,54.21,0.0,0.0,0.0,120.0,52.0,397.93,41.96,0.3,0.3,9.75,95.3,2.43,48.09,48.2,89.05,46.1
2018-08-27 13:16:00,1,1,71.91,72.0,68.0,74.51,52.21,71.91,1.0,0.0,5.72,45.0,52.39,0.0,0.0,0.0,120.0,52.21,397.93,41.96,0.3,0.3,9.75,95.32,2.6,48.5,48.15,88.55,46.78
2018-08-27 13:17:00,1,1,71.54,72.0,68.0,74.1,52.19,71.54,1.0,0.0,5.72,45.0,52.09,0.0,0.0,0.0,120.0,52.2,397.93,41.96,0.3,0.3,9.75,95.34,2.62,48.99,48.09,88.64,47.4
2018-08-27 13:18:00,1,1,71.25,72.0,68.0,73.83,52.14,71.25,1.0,0.0,5.72,45.0,52.0,0.0,0.0,0.0,120.0,52.15,397.93,41.96,0.3,0.3,9.75,95.36,2.63,49.4,48.03,88.82,47.89
2018-08-27 13:19:00,1,1,71.01,72.0,68.0,73.62,52.09,71.01,1.0,0.0,5.72,45.0,51.95,0.0,0.0,0.0,120.0,52.1,397.93,41.96,0.3,0.3,9.75,95.38,2.63,49.72,47.97,88.98,48.28
2018-08-27 13:20:00,1,1,71.8,72.0,68.0,82.07,52.1,71.8,1.0,0.0,5.72,45.0,112.92,0.0,0.0,0.0,120.0,52.1,0.01,0.88,0.3,0.3,0.0,95.4,0.42,50.41,47.92,88.95,47.06
2018-08-27 13:21:00,1,1,72.51,72.0,68.0,77.15,51.83,72.51,1.0,0.01,5.72,45.0,58.74,0.0,0.0,0.0,120.0,51.76,397.93,41.96,0.3,0.3,9.75,95.42,1.99,48.22,47.86,89.93,45.89
2018-08-27 13:22:00,1,1,72.15,72.0,68.0,74.94,52.17,72.15,1.0,0.0,5.72,45.0,53.04,0.0,0.0,0.0,120.0,52.13,397.93,41.96,0.3,0.3,9.75,95.44,2.54,48.21,47.8,88.7,46.44
2018-08-27 13:23:00,1,1,71.75,72.0,68.0,74.33,52.21,71.75,1.0,0.0,5.72,45.0,52.21,0.0,0.0,0.0,120.0,52.22,397.93,41.96,0.3,0.3,9.75,95.46,2.62,48.71,47.75,88.55,47.11
2018-08-27 13:24:00,1,1,71.41,72.0,68.0,73.99,52.17,71.41,1.0,0.0,5.72,45.0,52.05,0.0,0.0,0.0,120.0,52.18,397.93,41.96,0.3,0.3,9.75,95.48,2.63,49.16,47.69,88.7,47.67
2018-08-27 13:25:00,1,1,71.14,72.0,68.0,73.75,52.12,71.14,1.0,0.0,5.72,45.0,51.98,0.0,0.0,0.0,120.0,52.13,397.93,41.96,0.3,0.3,9.75,95.5,2.63,49.53,47.63,88.88,48.12
2018-08-27 13:26:00,1,1,71.13,72.0,68.0,78.38,52.09,71.13,1.0,0.0,5.72,45.0,250.0,0.0,0.0,0.0,120.0,52.09,0.01,0.88,0.3,0.3,0.0,95.52,1.35,50.27,47.58,89.0,48.14
2018-08-27 13:27:00,1,1,72.35,72.0,68.0,81.91,51.93,72.35,1.0,0.0,5.72,45.0,74.54,0.0,0.0,0.0,120.0,52.12,395.25,41.69,0.3,0.3,9.75,95.54,0.59,49.58,47.52,89.58,46.29
2018-08-27 13:28:00,1,1,72.39,72.0,68.0,75.83,52.02,72.39,1.0,0.01,5.72,45.0,55.04,0.0,0.0,0.0,120.0,51.93,397.93,41.96,0.3,0.3,9.75,95.56,2.35,48.02,47.46,89.23,46.12
2018-08-27 13:29:00,1,1,71.98,72.0,68.0,74.63,52.22,71.98,1.0,0.0,5.72,45.0,52.52,0.0,0.0,0.0,120.0,52.2,397.93,41.96,0.3,0.3,9.75,95.58,2.59,48.4,47.41,88.54,46.79
2018-08-27 13:30:00,1,1,71.6,72.0,68.0,74.19,52.2,71.6,1.0,0.0,5.72,45.0,52.12,0.0,0.0,0.0,120.0,52.21,397.93,41.96,0.3,0.3,9.75,95.6,2.62,48.9,47.35,88.58,47.42
2018-08-27 13:31:00,1,1,71.29,72.0,68.0,73.9,52.15,71.29,1.0,0.0,5.72,45.0,52.02,0.0,0.0,0.0,120.0,52.16,397.93,41.96,0.3,0.3,9.75,95.62,2.63,49.32,47.3,88.76,47.93
2018-08-27 13:32:00,1,1,71.05,72.0,68.0,73.68,52.11,71.05,1.0,0.0,5.72,45.0,51.97,0.0,0.0,0.0,120.0,52.11,397.93,41.96,0.3,0.3,9.75,95.64,2.63,49.65,47.24,88.93,48.33
2018-08-27 13:33:00,1,1,71.58,72.0,68.0,81.46,52.1,71.58,1.0,0.0,5.72,45.0,139.93,0.0,0.0,0.0,120.0,52.1,0.01,0.88,0.3,0.3,0.0,95.65,0.59,50.16,47.19,88.94,47.51
2018-08-27 13:34:00,1,1,72.52,72.0,68.0,78.09,51.77,72.52,1.0,0.0,5.72,45.0,61.35,0.0,0.0,0.0,120.0,51.75,397.93,41.96,0.3,0.3,9.75,95.67,1.74,48.31,47.13,90.17,46.01
2018-08-27 13:35:00,1,1,72.23,72.0,68.0,75.16,52.15,72.23,1.0,0.0,5.72,45.0,53.42,0.0,0.0,0.0,120.0,52.1,397.93,41.96,0.3,0.3,9.75,95.69,2.51,48.12,47.08,88.76,46.45
2018-08-27 13:36:00,1,1,71.82,72.0,68.0,74.43,52.23,71.82,1.0,0.0,5.72,45.0,52.28,0.0,0.0,0.0,120.0,52.23,397.93,41.96,0.3,0.3,9.75,95.71,2.61,48.61,47.03,88.5,47.13
2018-08-27 13:37:00,1,1,71.47,72.0,68.0,74.07,52.19,71.47,1.0,0.0,5.72,45.0,52.08,0.0,0.0,0.0,120.0,52.2,397.93,41.96,0.3,0.3,9.75,95.73,2.63,49.08,46.98,88.63,47.71
2018-08-27 13:38:00,1,1,71.19,72.0,68.0,73.82,52.14,71.19,1.0,0.0,5.72,45.0,52.01,0.0,0.0,0.0,120.0,52.15,397.93,41.96,0.3,0.3,9.75,95.74,2.63,49.46,46.92,88.81,48.17
2018-08-27 13:39:00,1,1,71.04,72.0,68.0,76.43,52.1,71.04,1.0,0.0,5.72,45.0,250.0,0.0,0.0,0.0,120.0,52.1,0.03,0.88,0.3,0.3,0.0,95.76,1.88,49.96,46.87,88.96,48.42
2018-08-27 13:40:00,1,1,72.15,72.0,68.0,83.02,52.12,72.15,1.0,0.0,5.72,45.0,86.32,0.0,0.0,0.0,120.0,52.13,0.01,0.88,0.3,0.3,0.0,95.78,0.25,49.73,46.82,88.86,46.74
2018-08-27 13:41:00,1,1,72.46,72.0,68.0,76.31,51.96,72.46,1.0,0.01,5.72,45.0,56.19,0.0,0.0,0.0,120.0,51.87,397.93,41.96,0.3,0.3,9.75,95.8,2.24,47.99,46.77,89.45,46.16
2018-08-27 13:42:00,1,1,72.06,72.0,68.0,74.79,52.22,72.06,1.0,0.0,5.72,45.0,52.7,0.0,0.0,0.0,120.0,52.2,397.93,41.96,0.3,0.3,9.75,95.81,2.58,48.31,46.73,88.53,46.8
2018-08-27 13:43:00,1,1,71.67,72.0,68.0,74.28,52.22,71.67,1.0,0.0,5.72,45.0,52.17,0.0,0.0,0.0,120.0,52.23,397.93,41.96,0.3,0.3,9.75,95.83,2.62,48.82,46.68,88.51,47.45
2018-08-27 13:44:00,1,1,71.35,72.0,68.0,73.98,52.18,71.35,1.0,0.0,5.72,45.0,52.05,0.0,0.0,0.0,120.0,52.19,397.93,41.96,0.3,0.3,9.75,95.85,2.63,49.25,46.63,88.68,47.98
2018-08-27 13:45:00,1,1,71.1,72.0,68.0,73.75,52.13,71.1,1.0,0.0,5.72,45.0,51.99,0.0,0.0,0.0,120.0,52.14,397.93,41.96,0.3,0.3,9.75,95.86,2.63,49.59,46.58,88.85,48.4
2018-08-27 13:46:00,1,1,71.29,72.0,68.0,79.99,52.1,71.29,1.0,0.0,5.72,45.0,201.85,0.0,0.0,0.0,120.0,52.11,0.01,0.88,0.3,0.3,0.0,95.88,0.97,50.0,46.54,88.94,48.1
2018-08-27 13:47:00,1,1,72.47,72.0,68.0,80.12,51.74,72.47,1.0,0.0,5.72,45.0,67.22,0.0,0.0,0.0,120.0,51.98,397.93,41.96,0.3,0.3,9.75,95.89,1.16,48.66,46.49,90.29,46.3
2018-08-27 13:48:00,1,1,72.34,72.0,68.0,75.56,52.1,72.34,1.0,0.0,5.72,45.0,54.26,0.0,0.0,0.0,120.0,52.02,397.93,41.96,0.3,0.3,9.75,95.91,2.43,48.03,46.45,88.96,46.43
2018-08-27 13:49:00,1,1,71.93,72.0,68.0,74.59,52.24,71.93,1.0,0.0,5.72,45.0,52.43,0.0,0.0,0.0,120.0,52.23,397.93,41.96,0.3,0.3,9.75,95.92,2.6,48.5,46.41,88.45,47.11
2018-08-27 13:50:00,1,1,71.56,72.0,68.0,74.18,52.22,71.56,1.0,0.0,5.72,45.0,52.12,0.0,0.0,0.0,120.0,52.23,397.93,41.96,0.3,0.3,9.75,95.94,2.62,48.99,46.37,88.54,47.72
2018-08-27 13:51:00,1,1,71.27,72.0,68.0,73.91,52.17,71.27,1.0,0.0,5.72,45.0,52.04,0.0,0.0,0.0,120.0,52.18,397.93,41.96,0.3,0.3,9.75,95.95,2.63,49.39,46.33,88.72,48.2
2018-08-27 13:52:00,1,1,71.03,72.0,68.0,73.7,52.12,71.03,1.0,0.0,5.72,45.0,51.99,0.0,0.0,0.0,120.0,52.13,397.93,41.96,0.3,0.3,9.75,95.97,2.63,49.71,46.29,88.88,48.59
2018-08-27 13:53:00,1,1,71.7,72.0,68.0,81.99,52.12,71.7,1.0,0.0,5.72,45.0,125.65,0.0,0.0,0.0,120.0,52.12,0.01,0.88,0.3,0.3,0.0,95.98,0.5,49.74,46.25,88.88,47.57
2018-08-27 13:54:00,1,1,72.53,72.0,68.0,77.69,51.81,72.53,1.0,0.01,5.72,45.0,60.0,0.0,0.0,0.0,120.0,51.77,397.93,41.96,0.3,0.3,9.75,96.0,1.88,48.11,46.21,89.99,46.24
2018-08-27 13:55:00,1,1,72.21,72.0,68.0,75.11,52.19,72.21,1.0,0.0,5.72,45.0,53.26,0.0,0.0,0.0,120.0,52.14,397.93,41.96,0.3,0.3,9.75,96.01,2.53,48.18,46.18,88.63,46.73
2018-08-27 13:56:00,1,1,71.8,72.0,68.0,74.44,52.25,71.8,1.0,0.0,5.72,45.0,52.28,0.0,0.0,0.0,120.0,52.25,397.93,41.96,0.3,0.3,9.75,96.02,2.61,48.7,46.14,88.42,47.4
2018-08-27 13:57:00,1,1,71.46,72.0,68.0,74.1,52.21,71.46,1.0,0.0,5.72,45.0,52.1,0.0,0.0,0.0,120.0,52.22,397.93,41.96,0.3,0.3,9.75,96.04,2.63,49.16,46.11,88.57,47.96
2018-08-27 13:58:00,1,1,71.19,72.0,68.0,73.85,52.16,71.19,1.0,0.0,5.72,45.0,52.03,0.0,0.0,0.0,120.0,52.17,397.93,41.96,0.3,0.3,9.75,96.05,2.63,49.53,46.07,88.75,48.41
2018-08-27 13:59:00,1,1,70.99,72.0,68.0,75.18,52.11,70.99,1.0,0.0,5.72,45.0,250.0,0.0,0.0,0.0,120.0,52.12,2.69,1.16,0.3,0.3,0.0,96.06,2.22,49.86,46.04,88.9,48.72
2018-08-27 14:00:00,1,1,72.03,72.0,68.0,82.92,52.13,72.03,1.0,0.0,5.72,45.0,93.98,0.0,0.0,0.0,120.0,52.14,0.01,0.88,0.3,0.3,0.0,96.07,0.3,49.47,46.01,88.82,47.17
2018-08-27 14:01:00,1,1,72.48,72.0,68.0,76.62,51.94,72.48,1.0,0.01,5.72,45.0,56.96,0.0,0.0,0.0,120.0,51.84,397.93,41.96,0.3,0.3,9.75,96.08,2.17,48.03,46.0,89.53,46.39
2018-08-27 14:02:00,1,1,72.1,72.0,68.0,74.88,52.23,72.1,1.0,0.0,5.72,45.0,52.84,0.0,0.0,0.0,120.0,52.2,397.93,41.96,0.3,0.3,9.75,96.09,2.57,48.36,46.0,88.49,47.0
2018-08-27 14:03:00,1,1,71.7,72.0,68.0,74.34,52.25,71.7,1.0,0.0,5.72,45.0,52.22,0.0,0.0,0.0,120.0,52.25,397.93,41.96,0.3,0.3,9.75,96.1,2.62,48.88,46.0,88.43,47.64
2018-08-27 14:04:00,1,1,71.38,72.0,68.0,74.03,52.2,71.38,1.0,0.0,5.72,45.0,52.09,0.0,0.0,0.0,120.0,52.21,397.93,41.96,0.3,0.3,9.75,96.11,2.63,49.32,46.0,88.59,48.17
2018-08-27 14:05:00,1,1,71.12,72.0,68.0,73.79,52.15,71.12,1.0,0.0,5.72,45.0,52.03,0.0,0.0,0.0,120.0,52.16,397.93,41.96,0.3,0.3,9.75,96.12,2.63,49.67,46.01,88.77,48.59
2018-08-27 14:06:00,1,1,71.21,72.0,68.0,79.37,52.12,71.21,1.0,0.0,5.72,45.0,231.21,0.0,0.0,0.0,120.0,52.12,0.01,0.88,0.3,0.3,0.0,96.13,1.14,49.94,46.01,88.87,48.46
2018-08-27 14:07:00,1,1,72.41,72.0,68.0,81.09,51.77,72.41,1.0,0.0,5.72,45.0,70.21,0.0,0.0,0.0,120.0,52.11,397.91,41.96,0.3,0.3,9.75,96.13,0.9,48.83,46.02,90.17,46.64
2018-08-27 14:08:00,1,1,72.36,72.0,68.0,75.73,52.09,72.36,1.0,0.0,5.72,45.0,54.68,0.0,0.0,0.0,120.0,52.01,397.93,41.96,0.3,0.3,9.75,96.14,2.39,48.14,46.03,88.99,46.63
2018-08-27 14:09:00,1,1,71.94,72.0,68.0,74.64,52.26,71.94,1.0,0.0,5.72,45.0,52.52,0.0,0.0,0.0,120.0,52.25,397.93,41.96,0.3,0.3,9.75,96.15,2.6,48.61,46.04,88.39,47.3
2018-08-27 14:10:00,1,1,71.57,72.0,68.0,74.21,52.24,71.57,1.0,0.0,5.72,45.0,52.17,0.0,0.0,0.0,120.0,52.25,397.93,41.96,0.3,0.3,9.75,96.15,2.62,49.12,46.05,88.46,47.91
2018-08-27 14:11:00,1,1,71.26,72.0,68.0,73.93,52.19,71.26,1.0,0.0,5.72,45.0,52.07,0.0,0.0,0.0,120.0,52.2,397.93,41.96,0.3,0.3,9.75,96.16,2.63,49.54,46.06,88.64,48.41
2018-08-27 14:12:00,1,1,71.02,72.0,68.0,73.71,52.14,71.02,1.0,0.0,5.72,45.0,52.02,0.0,0.0,0.0,120.0,52.15,397.93,41.96,0.3,0.3,9.75,96.16,2.63,49.87,46.07,88.81,48.8
2018-08-27 14:13:00,1,1,71.8,72.0,68.0,82.4,52.15,71.8,1.0,0.0,5.72,45.0,113.66,0.0,0.0,0.0,120.0,52.15,0.01,0.88,0.3,0.3,0.0,96.17,0.42,49.73,46.09,88.79,47.62
2018-08-27 14:14:00,1,1,72.5,72.0,68.0,77.29,51.87,72.5,1.0,0.01,5.72,45.0,58.88,0.0,0.0,0.0,120.0,51.8,397.93,41.96,0.3,0.3,9.75,96.17,1.99,48.22,46.1,89.78,46.48
2018-08-27 14:15:00,1,1,72.14,72.0,68.0,75.02,52.22,72.14,1.0,0.0,5.72,45.0,53.13,0.0,0.0,0.0,120.0,52.18,397.93,41.96,0.3,0.3,9.75,96.18,2.54,48.43,46.12,88.52,47.02
2018-08-27 14:16:00,1,1,71.73,72.0,68.0,74.39,52.26,71.73,1.0,0.0,5.72,45.0,52.29,0.0,0.0,0.0,120.0,52.27,397.93,41.96,0.3,0.3,9.75,96.18,2.62,48.96,46.14,88.37,47.69
2018-08-27 14:17:00,1,1,71.39,72.0,68.0,74.04,52.22,71.39,1.0,0.0,5.72,45.0,52.12,0.0,0.0,0.0,120.0,52.23,397.93,41.96,0.3,0.3,9.75,96.19,2.63,49.43,46.15,88.53,48.25
2018-08-27 14:18:00,1,1,71.11,72.0,68.0,73.79,52.16,71.11,1.0,0.0,5.72,45.0,52.05,0.0,0.0,0.0,120.0,52.17,397.93,41.96,0.3,0.3,9.75,96.19,2.63,49.8,46.17,88.72,48.69
2018-08-27 14:19:00,1,1,71.28,72.0,68.0,80.09,52.14,71.28,1.0,0.0,5.72,45.0,203.23,0.0,0.0,0.0,120.0,52.14,0.01,0.88,0.3,0.3,0.0,96.2,0.97,50.08,46.2,88.82,48.43
2018-08-27 14:20:00,1,1,72.44,72.0,68.0,80.2,51.76,72.44,1.0,0.0,5.72,45.0,67.41,0.0,0.0,0.0,120.0,52.01,397.93,41.96,0.3,0.3,9.75,96.2,1.16,48.81,46.22,90.19,46.66
2018-08-27 14:21:00,1,1,72.29,72.0,68.0,75.56,52.13,72.29,1.0,0.0,5.72,45.0,54.33,0.0,0.0,0.0,120.0,52.05,397.93,41.96,0.3,0.3,9.75,96.2,2.43,48.33,46.24,88.85,46.81
2018-08-27 14:22:00,1,1,71.87,72.0,68.0,74.57,52.27,71.87,1.0,0.0,5.72,45.0,52.48,0.0,0.0,0.0,120.0,52.26,397.93,41.96,0.3,0.3,9.75,96.2,2.6,48.84,46.27,88.35,47.5
2018-08-27 14:23:00,1,1,71.49,72.0,68.0,74.15,52.24,71.49,1.0,0.0,5.72,45.0,52.17,0.0,0.0,0.0,120.0,52.25,397.93,41.96,0.3,0.3,9.75,96.21,2.62,49.35,46.29,88.45,48.11
2018-08-27 14:24:00,1,1,71.18,72.0,68.0,73.86,52.19,71.18,1.0,0.0,5.72,45.0,52.08,0.0,0.0,0.0,120.0,52.2,397.93,41.96,0.3,0.3,9.75,96.21,2.63,49.76,46.32,88.64,48.6
2018-08-27 14:25:00,1,1,71.07,72.0,68.0,77.63,52.14,71.07,1.0,0.0,5.72,45.0,250.0,0.0,0.0,0.0,120.0,52.15,0.01,0.88,0.3,0.3,0.0,96.21,1.59,50.2,46.35,88.8,48.79
2018-08-27 14:26:00,1,1,72.23,72.0,68.0,83.41,52.17,72.23,1.0,0.0,5.72,45.0,80.38,0.0,0.0,0.0,120.0,52.17,0.01,0.88,0.3,0.3,0.0,96.21,0.22,49.72,46.38,88.69,47.06
2018-08-27 14:27:00,1,1,72.37,72.0,68.0,76.09,52.04,72.37,1.0,0.0,5.72,45.0,55.69,0.0,0.0,0.0,120.0,51.94,397.93,41.96,0.3,0.3,9.75,96.21,2.3,48.36,46.41,89.18,46.72
2018-08-27 14:28:00,1,1,71.95,72.0,68.0,74.7,52.26,71.95,1.0,0.0,5.72,45.0,52.69,0.0,0.0,0.0,120.0,52.24,397.93,41.96,0.3,0.3,9.75,96.21,2.58,48.79,46.44,88.37,47.39
2018-08-27 14:29:00,1,1,71.55,72.0,68.0,74.21,52.25,71.55,1.0,0.0,5.72,45.0,52.22,0.0,0.0,0.0,120.0,52.26,397.93,41.96,0.3,0.3,9.75,96.21,2.62,49.33,46.47,88.4,48.04
2018-08-27 14:30:00,1,1,71.22,72.0,68.0,73.9,52.2,71.22,1.0,0.0,5.72,45.0,52.1,0.0,0.0,0.0,120.0,52.21,397.93,41.96,0.3,0.3,9.75,96.21,2.63,49.77,46.51,88.6,48.57
2018-08-27 14:31:00,1,1,71.03,72.0,68.0,76.52,52.15,71.03,1.0,0.0,5.72,45.0,250.0,0.0,0.0,0.0,120.0,52.16,0.03,0.88,0.3,0.3,0.0,96.21,1.88,50.25,46.54,88.77,48.87
2018-08-27 14:32:00,1,1,72.11,72.0,68.0,83.2,52.18,72.11,1.0,0.0,5.72,45.0,86.88,0.0,0.0,0.0,120.0,52.18,0.01,0.88,0.3,0.3,0.0,96.21,0.25,49.94,46.58,88.67,47.26
2018-08-27 14:33:00,1,1,72.38,72.0,68.0,76.31,52.01,72.38,1.0,0.0,5.72,45.0,56.33,0.0,0.0,0.0,120.0,51.91,397.93,41.96,0.3,0.3,9.75,96.21,2.24,48.46,46.61,89.3,46.73
2018-08-27 14:34:00,1,1,71.96,72.0,68.0,74.74,52.26,71.96,1.0,0.0,5.72,45.0,52.78,0.0,0.0,0.0,120.0,52.24,397.93,41.96,0.3,0.3,9.75,96.21,2.58,48.84,46.65,88.39,47.39
2018-08-27 14:35:00,1,1,71.55,72.0,68.0,74.22,52.26,71.55,1.0,0.0,5.72,45.0,52.24,0.0,0.0,0.0,120.0,52.27,397.93,41.96,0.3,0.3,9.75,96.21,2.62,49.39,46.69,88.39,48.06
2018-08-27 14:36:00,1,1,71.21,72.0,68.0,73.89,52.2,71.21,1.0,0.0,5.72,45.0,52.11,0.0,0.0,0.0,120.0,52.22,397.93,41.96,0.3,0.3,9.75,96.21,2.63,49.85,46.73,88.58,48.6
2018-08-27 14:37:00,1,1,71.01,72.0,68.0,76.51,52.15,71.01,1.0,0.0,5.72,45.0,250.0,0.0,0.0,0.0,120.0,52.16,0.03,0.88,0.3,0.3,0.0,96.21,1.88,50.37,46.77,88.76,48.92
2018-08-27 14:38:00,1,1,72.08,72.0,68.0,83.18,52.18,72.08,1.0,0.0,5.72,45.0,86.93,0.0,0.0,0.0,120.0,52.18,0.01,0.88,0.3,0.3,0.0,96.21,0.25,50.12,46.81,88.66,47.32
2018-08-27 14:39:00,1,1,72.35,72.0,68.0,76.28,52.01,72.35,1.0,0.0,5.72,45.0,56.34,0.0,0.0,0.0,120.0,51.91,397.93,41.96,0.3,0.3,9.75,96.2,2.24,48.57,46.85,89.29,46.79
2018-08-27 14:40:00,1,1,71.93,72.0,68.0,74.71,52.26,71.93,1.0,0.0,5.72,45.0,52.79,0.0,0.0,0.0,120.0,52.24,397.93,41.96,0.3,0.3,9.75,96.2,2.58,48.96,46.9,88.39,47.46
2018-08-27 14:41:00,1,1,71.51,72.0,68.0,74.18,52.26,71.51,1.0,0.0,5.72,45.0,52.24,0.0,0.0,0.0,120.0,52.27,397.93,41.96,0.3,0.3,9.75,96.2,2.62,49.51,46.94,88.39,48.13
2018-08-27 14:42:00,1,1,71.17,72.0,68.0,73.85,52.2,71.17,1.0,0.0,5.72,45.0,52.12,0.0,0.0,0.0,120.0,52.21,397.93,41.96,0.3,0.3,9.75,96.2,2.63,49.97,46.99,88.59,48.68
2018-08-27 14:43:00,1,1,71.11,72.0,68.0,78.56,52.16,71.11,1.0,0.0,5.72,45.0,250.0,0.0,0.0,0.0,120.0,52.16,0.01,0.88,0.3,0.3,0.0,96.19,1.35,50.59,47.04,88.74,48.79
2018-08-27 14:44:00,1,1,72.27,72.0,68.0,82.13,52.0,72.27,1.0,0.0,5.72,45.0,75.1,0.0,0.0,0.0,120.0,52.2,395.25,41.69,0.3,0.3,9.75,96.19,0.59,49.9,47.08,89.34,47.06
2018-08-27 14:45:00,1,1,72.27,72.0,68.0,75.82,52.08,72.27,1.0,0.0,5.72,45.0,55.2,0.0,0.0,0.0,120.0,51.99,397.93,41.96,0.3,0.3,9.75,96.18,2.35,48.7,47.13,89.03,46.93
2018-08-27 14:46:00,1,1,71.83,72.0,68.0,74.57,52.27,71.83,1.0,0.0,5.72,45.0,52.63,0.0,0.0,0.0,120.0,52.26,397.93,41.96,0.3,0.3,9.75,96.18,2.59,49.16,47.18,88.35,47.64
2018-08-27 14:47:00,1,1,71.42,72.0,68.0,74.09,52.25,71.42,1.0,0.0,5.72,45.0,52.22,0.0,0.0,0.0,120.0,52.26,397.93,41.96,0.3,0.3,9.75,96.17,2.62,49.71,47.23,88.42,48.3
2018-08-27 14:48:00,1,1,71.09,72.0,68.0,73.77,52.19,71.09,1.0,0.0,5.72,45.0,52.11,0.0,0.0,0.0,120.0,52.2,397.93,41.96,0.3,0.3,9.75,96.17,2.63,50.16,47.28,88.63,48.84
2018-08-27 14:49:00,1,1,71.43,72.0,68.0,81.19,52.17,71.43,1.0,0.0,5.72,45.0,159.36,0.0,0.0,0.0,120.0,52.17,0.01,0.88,0.3,0.3,0.0,96.16,0.69,50.77,47.34,88.69,48.32
2018-08-27 14:50:00,1,1,72.4,72.0,68.0,78.69,51.8,72.4,1.0,0.0,5.72,45.0,63.33,0.0,0.0,0.0,120.0,51.85,397.93,41.96,0.3,0.3,9.75,96.16,1.58,49.16,47.39,90.06,46.79
2018-08-27 14:51:00,1,1,72.11,72.0,68.0,75.19,52.19,72.11,1.0,0.0,5.72,45.0,53.78,0.0,0.0,0.0,120.0,52.13,397.93,41.96,0.3,0.3,9.75,96.15,2.49,48.91,47.44,88.64,47.21
2018-08-27 14:52:00,1,1,71.65,72.0,68.0,74.34,52.28,71.65,1.0,0.0,5.72,45.0,52.42,0.0,0.0,0.0,120.0,52.27,397.93,41.96,0.3,0.3,9.75,96.15,2.61,49.46,47.5,88.33,47.94
2018-08-27 14:53:00,1,1,71.27,72.0,68.0,73.94,52.23,71.27,1.0,0.0,5.72,45.0,52.17,0.0,0.0,0.0,120.0,52.24,397.93,41.96,0.3,0.3,9.75,96.14,2.63,49.99,47.56,88.49,48.57
2018-08-27 14:54:00,1,1,71.02,72.0,68.0,76.5,52.17,71.02,1.0,0.0,5.72,45.0,250.0,0.0,0.0,0.0,120.0,52.18,0.03,0.88,0.3,0.3,0.0,96.13,1.88,50.68,47.61,88.69,48.96
2018-08-27 14:55:00,1,1,72.06,72.0,68.0,83.13,52.2,72.06,1.0,0.0,5.72,45.0,87.16,0.0,0.0,0.0,120.0,52.2,0.01,0.88,0.3,0.3,0.0,96.12,0.25,50.72,47.67,88.59,47.41
2018-08-27 14:56:00,1,1,72.43,72.0,68.0,76.61,51.99,72.43,1.0,0.0,5.72,45.0,56.11,0.0,0.0,0.0,120.0,51.9,397.93,41.96,0.3,0.3,9.75,96.12,2.17,48.82,47.73,89.35,46.74
2018-08-27 14:57:00,1,1,71.98,72.0,68.0,74.78,52.28,71.98,1.0,0.0,5.72,45.0,52.8,0.0,0.0,0.0,120.0,52.25,397.93,41.96,0.3,0.3,9.75,96.11,2.57,49.13,47.79,88.33,47.45
2018-08-27 14:58:00,1,1,71.52,72.0,68.0,74.18,52.28,71.52,1.0,0.0,5.72,45.0,52.28,0.0,0.0,0.0,120.0,52.29,397.93,41.96,0.3,0.3,9.75,96.1,2.62,49.73,47.85,88.32,48.19
2018-08-27 14:59:00,1,1,71.15,72.0,68.0,73.82,52.22,71.15,1.0,0.0,5.72,45.0,52.15,0.0,0.0,0.0,120.0,52.23,397.93,41.96,0.3,0.3,9.75,96.09,2.63,50.24,47.91,88.54,48.79
2018-08-27 15:00:00,1,1,71.24,72.0,68.0,80.04,52.18,71.24,1.0,0.0,5.72,45.0,205.19,0.0,0.0,0.0,120.0,52.18,0.01,0.88,0.3,0.3,0.0,96.08,0.97,51.14,47.97,88.67,48.65
2018-08-27 15:01:00,1,1,72.4,72.0,68.0,81.15,51.83,72.4,1.0,0.0,5.72,45.0,66.69,0.0,0.0,0.0,120.0,52.18,397.91,41.96,0.3,0.3,9.75,96.07,0.88,50.08,48.04,89.98,46.91
2018-08-27 15:02:00,1,1,72.27,72.0,68.0,75.65,52.13,72.27,1.0,0.0,5.72,45.0,54.28,0.0,0.0,0.0,120.0,52.05,397.93,41.96,0.3,0.3,9.75,96.06,2.39,48.97,48.11,88.84,47.02
2018-08-27 15:03:00,1,1,71.78,72.0,68.0,74.49,52.29,71.78,1.0,0.0,5.72,45.0,52.53,0.0,0.0,0.0,120.0,52.28,397.93,41.96,0.3,0.3,9.75,96.05,2.6,49.47,48.18,88.27,47.79
2018-08-27 15:04:00,1,1,71.35,72.0,68.0,74.01,52.26,71.35,1.0,0.0,5.72,45.0,52.22,0.0,0.0,0.0,120.0,52.27,397.93,41.96,0.3,0.3,9.75,96.04,2.62,50.06,48.25,88.39,48.49
2018-08-27 15:05:00,1,1,71.0,72.0,68.0,73.68,52.19,71.0,1.0,0.0,5.72,45.0,52.12,0.0,0.0,0.0,120.0,52.21,397.93,41.96,0.3,0.3,9.75,96.03,2.63,50.55,48.32,88.62,49.06
2018-08-27 15:06:00,1,1,71.81,72.0,68.0,82.59,52.2,71.81,1.0,0.0,5.72,45.0,104.07,0.0,0.0,0.0,120.0,52.21,0.01,0.88,0.3,0.3,0.0,96.02,0.36,51.32,48.4,88.58,47.82
2018-08-27 15:07:00,1,1,72.43,72.0,68.0,77.24,51.91,72.43,1.0,0.0,5.72,45.0,57.64,0.0,0.0,0.0,120.0,51.84,397.93,41.96,0.3,0.3,9.75,96.01,1.98,49.22,48.47,89.63,46.8
2018-08-27 15:08:00,1,1,72.0,72.0,68.0,74.88,52.26,72.0,1.0,0.0,5.72,45.0,53.03,0.0,0.0,0.0,120.0,52.22,397.93,41.96,0.3,0.3,9.75,96.0,2.54,49.31,48.55,88.39,47.46
2018-08-27 15:09:00,1,1,71.52,72.0,68.0,74.18,52.28,71.52,1.0,0.0,5.72,45.0,52.33,0.0,0.0,0.0,120.0,52.29,397.93,41.96,0.3,0.3,9.75,95.99,2.62,49.92,48.62,88.3,48.23
2018-08-27 15:10:00,1,1,71.13,72.0,68.0,73.79,52.22,71.13,1.0,0.0,5.72,45.0,52.17,0.0,0.0,0.0,120.0,52.24,397.93,41.96,0.3,0.3,9.75,95.98,2.63,50.47,48.7,88.51,48.88
2018-08-27 15:11:00,1,1,71.31,72.0,68.0,80.58,52.19,71.31,1.0,0.0,5.72,45.0,181.14,0.0,0.0,0.0,120.0,52.2,0.01,0.88,0.3,0.3,0.0,95.96,0.82,51.63,48.77,88.62,48.61
2018-08-27 15:12:00,1,1,72.4,72.0,68.0,80.16,51.81,72.4,1.0,0.0,5.72,45.0,64.42,0.0,0.0,0.0,120.0,52.07,397.93,41.96,0.3,0.3,9.75,95.95,1.14,50.23,48.85,90.03,46.94
2018-08-27 15:13:00,1,1,72.17,72.0,68.0,75.43,52.17,72.17,1.0,0.0,5.72,45.0,54.0,0.0,0.0,0.0,120.0,52.09,397.93,41.96,0.3,0.3,9.75,95.94,2.43,49.28,48.93,88.73,47.21
2018-08-27 15:14:00,1,1,71.67,72.0,68.0,74.37,52.29,71.67,1.0,0.0,5.72,45.0,52.5,0.0,0.0,0.0,120.0,52.29,397.93,41.96,0.3,0.3,9.75,95.92,2.6,49.82,49.01,88.27,48.01
2018-08-27 15:15:00,1,1,71.24,72.0,68.0,73.89,52.25,71.24,1.0,0.0,5.72,45.0,52.22,0.0,0.0,0.0,120.0,52.26,397.93,41.96,0.3,0.3,9.75,95.91,2.62,50.41,49.09,88.42,48.72
2018-08-27 15:16:00,1,1,71.09,72.0,68.0,78.47,52.19,71.09,1.0,0.0,5.72,45.0,250.0,0.0,0.0,0.0,120.0,52.2,0.01,0.88,0.3,0.3,0.0,95.9,1.35,51.61,49.17,88.61,48.96
2018-08-27 15:17:00,1,1,72.21,72.0,68.0,83.37,52.23,72.21,1.0,0.0,5.72,45.0,75.46,0.0,0.0,0.0,120.0,52.24,0.01,0.88,0.3,0.3,0.0,95.88,0.18,51.69,49.25,88.47,47.3
2018-08-27 15:18:00,1,1,72.27,72.0,68.0,75.96,52.08,72.27,1.0,0.0,5.72,45.0,55.1,0.0,0.0,0.0,120.0,51.98,397.93,41.96,0.3,0.3,9.75,95.87,2.3,49.39,49.33,89.05,47.09
2018-08-27 15:19:00,1,1,71.77,72.0,68.0,74.51,52.29,71.77,1.0,0.0,5.72,45.0,52.67,0.0,0.0,0.0,120.0,52.27,397.93,41.96,0.3,0.3,9.75,95.85,2.58,49.8,49.41,88.29,47.89
2018-08-27 15:20:00,1,1,71.31,72.0,68.0,73.96,52.26,71.31,1.0,0.0,5.72,45.0,52.27,0.0,0.0,0.0,120.0,52.28,397.93,41.96,0.3,0.3,9.75,95.84,2.62,50.41,49.49,88.37,48.64
2018-08-27 15:21:00,1,1,71.0,72.0,68.0,76.42,52.2,71.0,1.0,0.0,5.72,45.0,250.0,0.0,0.0,0.0,120.0,52.21,0.03,0.88,0.3,0.3,0.0,95.82,1.88,51.45,49.57,88.6,49.14
2018-08-27 15:22:00,1,1,71.98,72.0,68.0,82.95,52.23,71.98,1.0,0.0,5.72,45.0,87.57,0.0,0.0,0.0,120.0,52.23,0.01,0.88,0.3,0.3,0.0,95.81,0.25,52.07,49.66,88.49,47.67
2018-08-27 15:23:00,1,1,72.3,72.0,68.0,76.44,52.0,72.3,1.0,0.0,5.72,45.0,56.19,0.0,0.0,0.0,120.0,51.91,397.93,41.96,0.3,0.3,9.75,95.79,2.17,49.6,49.74,89.32,47.06
2018-08-27 15:24:00,1,1,71.82,72.0,68.0,74.6,52.28,71.82,1.0,0.0,5.72,45.0,52.84,0.0,0.0,0.0,120.0,52.25,397.93,41.96,0.3,0.3,9.75,95.78,2.57,49.85,49.82,88.33,47.83
2018-08-27 15:25:00,1,1,71.34,72.0,68.0,73.98,52.27,71.34,1.0,0.0,5.72,45.0,52.3,0.0,0.0,0.0,120.0,52.28,397.93,41.96,0.3,0.3,9.75,95.76,2.62,50.47,49.91,88.35,48.61
2018-08-27 15:26:00,1,1,70.97,72.0,68.0,75.12,52.2,70.97,1.0,0.0,5.72,45.0,250.0,0.0,0.0,0.0,120.0,52.22,2.69,1.16,0.3,0.3,0.0,95.74,2.22,51.33,49.99,88.58,49.22
2018-08-27 15:27:00,1,1,71.85,72.0,68.0,82.67,52.23,71.85,1.0,0.0,5.72,45.0,95.36,0.0,0.0,0.0,120.0,52.23,0.01,0.88,0.3,0.3,0.0,95.72,0.3,52.39,50.08,88.5,47.89
2018-08-27 15:28:00,1,1,72.43,72.0,68.0,77.2,51.93,72.43,1.0,0.0,5.72,45.0,56.48,0.0,0.0,0.0,120.0,51.86,397.93,41.96,0.3,0.3,9.75,95.71,1.98,49.82,50.16,89.57,46.93
2018-08-27 15:29:00,1,1,71.95,72.0,68.0,74.8,52.27,71.95,1.0,0.0,5.72,45.0,52.91,0.0,0.0,0.0,120.0,52.24,397.93,41.96,0.3,0.3,9.75,95.69,2.54,49.81,50.25,88.34,47.66
2018-08-27 15:30:00,1,1,71.44,72.0,68.0,74.08,52.29,71.44,1.0,0.0,5.72,45.0,52.34,0.0,0.0,0.0,120.0,52.3,397.93,41.96,0.3,0.3,9.75,95.67,2.62,50.44,50.33,88.28,48.49
2018-08-27 15:31:00,1,1,71.01,72.0,68.0,73.66,52.22,71.01,1.0,0.0,5.72,45.0,52.19,0.0,0.0,0.0,120.0,52.24,397.93,41.96,0.3,0.3,9.75,95.65,2.63,51.04,50.42,88.52,49.19
2018-08-27 15:32:00,1,1,71.64,72.0,68.0,82.09,52.22,71.64,1.0,0.0,5.72,45.0,115.43,0.0,0.0,0.0,120.0,52.23,0.01,0.88,0.3,0.3,0.0,95.64,0.42,52.7,50.5,88.51,48.24
2018-08-27 15:33:00,1,1,72.44,72.0,68.0,78.09,51.86,72.44,1.0,0.0,5.72,45.0,58.11,0.0,0.0,0.0,120.0,51.86,397.93,41.96,0.3,0.3,9.75,95.62,1.72,50.27,50.59,89.82,46.95
2018-08-27 15:34:00,1,1,72.01,72.0,68.0,74.97,52.25,72.01,1.0,0.0,5.72,45.0,53.15,0.0,0.0,0.0,120.0,52.19,397.93,41.96,0.3,0.3,9.75,95.6,2.5,49.87,50.68,88.44,47.59
2018-08-27 15:35:00,1,1,71.48,72.0,68.0,74.13,52.3,71.48,1.0,0.0,5.72,45.0,52.39,0.0,0.0,0.0,120.0,52.3,397.93,41.96,0.3,0.3,9.75,95.58,2.61,50.49,50.76,88.26,48.45
2018-08-27 15:36:00,1,1,71.04,72.0,68.0,73.68,52.23,71.04,1.0,0.0,5.72,45.0,52.21,0.0,0.0,0.0,120.0,52.25,397.93,41.96,0.3,0.3,9.75,95.56,2.63,51.1,50.85,88.49,49.17
2018-08-27 15:37:00,1,1,71.53,72.0,68.0,81.71,52.22,71.53,1.0,0.0,5.72,45.0,128.33,0.0,0.0,0.0,120.0,52.23,0.01,0.88,0.3,0.3,0.0,95.54,0.5,52.96,50.94,88.52,48.44
2018-08-27 15:38:00,1,1,72.42,72.0,68.0,78.63,51.84,72.42,1.0,0.0,5.72,45.0,59.15,0.0,0.0,0.0,120.0,51.9,397.93,41.96,0.3,0.3,9.75,95.52,1.55,50.68,51.03,89.91,47.03
2018-08-27 15:39:00,1,1,72.03,72.0,68.0,75.05,52.23,72.03,1.0,0.0,5.72,45.0,53.31,0.0,0.0,0.0,120.0,52.17,397.93,41.96,0.3,0.3,9.75,95.5,2.48,49.98,51.11,88.51,47.6
2018-08-27 15:40:00,1,1,71.49,72.0,68.0,74.13,52.3,71.49,1.0,0.0,5.72,45.0,52.42,0.0,0.0,0.0,120.0,52.3,397.93,41.96,0.3,0.3,9.75,95.48,2.61,50.58,51.2,88.26,48.47
2018-08-27 15:41:00,1,1,71.03,72.0,68.0,73.66,52.23,71.03,1.0,0.0,5.72,45.0,52.23,0.0,0.0,0.0,120.0,52.25,397.93,41.96,0.3,0.3,9.75,95.46,2.63,51.21,51.29,88.48,49.21
2018-08-27 15:42:00,1,1,71.63,72.0,68.0,82.0,52.23,71.63,1.0,0.0,5.72,45.0,115.69,0.0,0.0,0.0,120.0,52.24,0.01,0.88,0.3,0.3,0.0,95.44,0.42,53.21,51.38,88.47,48.31
2018-08-27 15:43:00,1,1,72.41,72.0,68.0,78.02,51.87,72.41,1.0,0.0,5.72,45.0,58.15,0.0,0.0,0.0,120.0,51.86,397.93,41.96,0.3,0.3,9.75,95.42,1.72,50.63,51.47,89.81,47.06
2018-08-27 15:44:00,1,1,71.97,72.0,68.0,74.9,52.25,71.97,1.0,0.0,5.72,45.0,53.17,0.0,0.0,0.0,120.0,52.2,397.93,41.96,0.3,0.3,9.75,95.39,2.5,50.14,51.56,88.44,47.72
2018-08-27 15:45:00,1,1,71.43,72.0,68.0,74.05,52.29,71.43,1.0,0.0,5.72,45.0,52.4,0.0,0.0,0.0,120.0,52.3,397.93,41.96,0.3,0.3,9.75,95.37,2.61,50.76,51.64,88.27,48.6
2018-08-27 15:46:00,1,1,70.97,72.0,68.0,73.59,52.22,70.97,1.0,0.0,5.72,45.0,52.22,0.0,0.0,0.0,120.0,52.24,397.93,41.96,0.3,0.3,9.75,95.35,2.63,51.39,51.73,88.51,49.34
2018-08-27 15:47:00,1,1,71.69,72.0,68.0,82.22,52.24,71.69,1.0,0.0,5.72,45.0,104.88,0.0,0.0,0.0,120.0,52.24,0.01,0.88,0.3,0.3,0.0,95.33,0.36,53.49,51.82,88.47,48.25
2018-08-27 15:48:00,1,1,72.36,72.0,68.0,77.47,51.89,72.36,1.0,0.0,5.72,45.0,57.28,0.0,0.0,0.0,120.0,51.85,397.93,41.96,0.3,0.3,9.75,95.3,1.86,50.64,51.91,89.7,47.16
2018-08-27 15:49:00,1,1,71.88,72.0,68.0,74.74,52.25,71.88,1.0,0.0,5.72,45.0,53.04,0.0,0.0,0.0,120.0,52.21,397.93,41.96,0.3,0.3,9.75,95.28,2.52,50.33,52.0,88.41,47.89
2018-08-27 15:50:00,1,1,71.34,72.0,68.0,73.95,52.28,71.34,1.0,0.0,5.72,45.0,52.38,0.0,0.0,0.0,120.0,52.29,397.93,41.96,0.3,0.3,9.75,95.26,2.61,50.97,52.08,88.31,48.77
2018-08-27 15:51:00,1,1,71.02,72.0,68.0,77.35,52.22,71.02,1.0,0.0,5.72,45.0,250.0,0.0,0.0,0.0,120.0,52.23,0.01,0.88,0.3,0.3,0.0,95.23,1.59,52.7,52.17,88.53,49.29
2018-08-27 15:52:00,1,1,72.0,72.0,68.0,82.82,52.26,72.0,1.0,0.0,5.72,45.0,81.39,0.0,0.0,0.0,120.0,52.26,0.01,0.88,0.3,0.3,0.0,95.21,0.22,53.68,52.26,88.4,47.83
2018-08-27 15:53:00,1,1,72.26,72.0,68.0,76.32,52.01,72.26,1.0,0.0,5.72,45.0,55.39,0.0,0.0,0.0,120.0,51.92,397.93,41.96,0.3,0.3,9.75,95.19,2.16,50.44,52.35,89.27,47.31
2018-08-27 15:54:00,1,1,71.72,72.0,68.0,74.45,52.28,71.72,1.0,0.0,5.72,45.0,52.77,0.0,0.0,0.0,120.0,52.26,397.93,41.96,0.3,0.3,9.75,95.16,2.56,50.59,52.44,88.31,48.17
2018-08-27 15:55:00,1,1,71.19,72.0,68.0,73.79,52.26,71.19,1.0,0.0,5.72,45.0,52.32,0.0,0.0,0.0,120.0,52.28,397.93,41.96,0.3,0.3,9.75,95.14,2.62,51.26,52.52,88.38,49.03
2018-08-27 15:56:00,1,1,71.25,72.0,68.0,80.24,52.23,71.25,1.0,0.0,5.72,45.0,183.16,0.0,0.0,0.0,120.0,52.23,0.01,0.88,0.3,0.3,0.0,95.11,0.82,53.68,52.61,88.51,48.95
2018-08-27 15:57:00,1,1,72.31,72.0,68.0,80.8,51.87,72.31,1.0,0.0,5.72,45.0,63.71,0.0,0.0,0.0,120.0,52.23,397.91,41.96,0.3,0.3,9.75,95.09,0.86,52.57,52.7,89.82,47.35
2018-08-27 15:58:00,1,1,72.08,72.0,68.0,75.36,52.15,72.08,1.0,0.0,5.72,45.0,53.95,0.0,0.0,0.0,120.0,52.07,397.93,41.96,0.3,0.3,9.75,95.06,2.39,50.44,52.79,88.78,47.62
2018-08-27 15:59:00,1,1,71.5,72.0,68.0,74.14,52.29,71.5,1.0,0.0,5.72,45.0,52.54,0.0,0.0,0.0,120.0,52.28,397.93,41.96,0.3,0.3,9.75,95.04,2.6,50.92,52.87,88.29,48.53
2018-08-27 16:00:00,1,1,71.0,72.0,68.0,73.59,52.23,71.0,1.0,0.0,5.72,45.0,52.26,0.0,0.0,0.0,120.0,52.25,397.93,41.96,0.3,0.3,9.75,95.01,2.62,51.59,52.96,88.48,49.35
2018-08-27 16:01:00,1,1,71.56,72.0,68.0,81.77,52.23,71.56,1.0,0.0,5.72,45.0,115.94,0.0,0.0,0.0,120.0,52.24,0.01,0.88,0.3,0.3,0.0,94.99,0.42,54.18,53.03,88.48,48.51
2018-08-27 16:02:00,1,1,72.42,72.0,68.0,78.51,51.85,72.42,1.0,0.0,5.72,45.0,57.48,0.0,0.0,0.0,120.0,51.91,397.93,41.96,0.3,0.3,9.75,94.96,1.54,51.47,53.08,89.89,47.16
2018-08-27 16:03:00,1,1,71.97,72.0,68.0,74.93,52.23,71.97,1.0,0.0,5.72,45.0,53.1,0.0,0.0,0.0,120.0,52.17,397.93,41.96,0.3,0.3,9.75,94.94,2.48,50.52,53.14,88.5,47.81
2018-08-27 16:04:00,1,1,71.39,72.0,68.0,73.98,52.29,71.39,1.0,0.0,5.72,45.0,52.41,0.0,0.0,0.0,120.0,52.29,397.93,41.96,0.3,0.3,9.75,94.91,2.61,51.13,53.19,88.29,48.75
2018-08-27 16:05:00,1,1,70.97,72.0,68.0,76.21,52.22,70.97,1.0,0.0,5.72,45.0,250.0,0.0,0.0,0.0,120.0,52.23,0.03,0.88,0.3,0.3,0.0,94.88,1.88,52.74,53.24,88.53,49.44
2018-08-27 16:06:00,1,1,71.85,72.0,68.0,82.44,52.25,71.85,1.0,0.0,5.72,45.0,88.06,0.0,0.0,0.0,120.0,52.25,0.01,0.88,0.3,0.3,0.0,94.86,0.25,54.34,53.29,88.42,48.11
2018-08-27 16:07:00,1,1,72.35,72.0,68.0,76.98,51.94,72.35,1.0,0.0,5.72,45.0,55.52,0.0,0.0,0.0,120.0,51.87,397.93,41.96,0.3,0.3,9.75,94.83,1.97,50.93,53.35,89.54,47.26
2018-08-27 16:08:00,1,1,71.81,72.0,68.0,74.57,52.27,71.81,1.0,0.0,5.72,45.0,52.81,0.0,0.0,0.0,120.0,52.23,397.93,41.96,0.3,0.3,9.75,94.8,2.54,50.72,53.4,88.37,48.1
2018-08-27 16:09:00,1,1,71.24,72.0,68.0,73.8,52.27,71.24,1.0,0.0,5.72,45.0,52.34,0.0,0.0,0.0,120.0,52.28,397.93,41.96,0.3,0.3,9.75,94.78,2.62,51.39,53.45,88.36,49.02
2018-08-27 16:10:00,1,1,71.16,72.0,68.0,79.53,52.22,71.16,1.0,0.0,5.72,45.0,208.42,0.0,0.0,0.0,120.0,52.23,0.01,0.88,0.3,0.3,0.0,94.75,0.97,53.98,53.5,88.52,49.16
2018-08-27 16:11:00,1,1,72.25,72.0,68.0,83.02,52.28,72.25,1.0,0.0,5.72,45.0,67.13,0.0,0.0,0.0,120.0,52.28,0.01,0.88,0.3,0.3,0.0,94.72,0.13,54.36,53.55,88.33,47.56
2018-08-27 16:12:00,1,1,72.19,72.0,68.0,75.74,52.09,72.19,1.0,0.0,5.72,45.0,54.03,0.0,0.0,0.0,120.0,52.0,397.93,41.96,0.3,0.3,9.75,94.69,2.29,50.66,53.6,88.99,47.52
2018-08-27 16:13:00,1,1,71.59,72.0,68.0,74.22,52.29,71.59,1.0,0.0,5.72,45.0,52.57,0.0,0.0,0.0,120.0,52.27,397.93,41.96,0.3,0.3,9.75,94.67,2.58,50.99,53.65,88.3,48.46
2018-08-27 16:14:00,1,1,71.05,72.0,68.0,73.6,52.24,71.05,1.0,0.0,5.72,45.0,52.28,0.0,0.0,0.0,120.0,52.25,397.93,41.96,0.3,0.3,9.75,94.64,2.62,51.69,53.7,88.46,49.34
2018-08-27 16:15:00,1,1,71.45,72.0,68.0,81.28,52.23,71.45,1.0,0.0,5.72,45.0,128.86,0.0,0.0,0.0,120.0,52.23,0.01,0.88,0.3,0.3,0.0,94.61,0.5,54.56,53.75,88.5,48.74
2018-08-27 16:16:00,1,1,72.38,72.0,68.0,79.03,51.83,72.38,1.0,0.0,5.72,45.0,58.36,0.0,0.0,0.0,120.0,51.98,397.93,41.96,0.3,0.3,9.75,94.58,1.35,52.14,53.8,89.95,47.3
2018-08-27 16:17:00,1,1,71.97,72.0,68.0,74.97,52.19,71.97,1.0,0.0,5.72,45.0,53.23,0.0,0.0,0.0,120.0,52.13,397.93,41.96,0.3,0.3,9.75,94.55,2.45,50.73,53.85,88.62,47.88
2018-08-27 16:18:00,1,1,71.37,72.0,68.0,73.93,52.27,71.37,1.0,0.0,5.72,45.0,52.42,0.0,0.0,0.0,120.0,52.28,397.93,41.96,0.3,0.3,9.75,94.52,2.6,51.31,53.9,88.34,48.84
2018-08-27 16:19:00,1,1,70.99,72.0,68.0,77.15,52.21,70.99,1.0,0.0,5.72,45.0,250.0,0.0,0.0,0.0,120.0,52.22,0.01,0.88,0.3,0.3,0.0,94.49,1.59,53.38,53.95,88.55,49.45
2018-08-27 16:20:00,1,1,71.92,72.0,68.0,82.43,52.25,71.92,1.0,0.0,5.72,45.0,81.45,0.0,0.0,0.0,120.0,52.25,0.01,0.88,0.3,0.3,0.0,94.46,0.22,54.75,54.0,88.42,48.06
2018-08-27 16:21:00,1,1,72.27,72.0,68.0,76.49,51.97,72.27,1.0,0.0,5.72,45.0,55.04,0.0,0.0,0.0,120.0,51.89,397.93,41.96,0.3,0.3,9.75,94.43,2.07,51.05,54.04,89.44,47.42
2018-08-27 16:22:00,1,1,71.69,72.0,68.0,74.38,52.26,71.69,1.0,0.0,5.72,45.0,52.72,0.0,0.0,0.0,120.0,52.23,397.93,41.96,0.3,0.3,9.75,94.4,2.55,50.98,54.09,88.4,48.32
2018-08-27 16:23:00,1,1,71.12,72.0,68.0,73.65,52.24,71.12,1.0,0.0,5.72,45.0,52.31,0.0,0.0,0.0,120.0,52.25,397.93,41.96,0.3,0.3,9.75,94.37,2.62,51.67,54.14,88.45,49.25
2018-08-27 16:24:00,1,1,71.37,72.0,68.0,80.81,52.22,71.37,1.0,0.0,5.72,45.0,144.07,0.0,0.0,0.0,120.0,52.23,0.01,0.88,0.3,0.3,0.0,94.34,0.58,54.71,54.19,88.52,48.88
2018-08-27 16:25:00,1,1,72.36,72.0,68.0,79.7,51.83,72.36,1.0,0.0,5.72,45.0,59.4,0.0,0.0,0.0,120.0,52.11,397.93,41.96,0.3,0.3,9.75,94.31,1.11,52.76,54.24,89.94,47.37
2018-08-27 16:26:00,1,1,71.99,72.0,68.0,75.06,52.16,71.99,1.0,0.0,5.72,45.0,53.38,0.0,0.0,0.0,120.0,52.09,397.93,41.96,0.3,0.3,9.75,94.28,2.42,50.83,54.28,88.73,47.85
2018-08-27 16:27:00,1,1,71.38,72.0,68.0,73.92,52.26,71.38,1.0,0.0,5.72,45.0,52.44,0.0,0.0,0.0,120.0,52.26,397.93,41.96,0.3,0.3,9.75,94.25,2.6,51.37,54.33,88.38,48.83
2018-08-27 16:28:00,1,1,70.98,72.0,68.0,77.07,52.2,70.98,1.0,0.0,5.72,45.0,250.0,0.0,0.0,0.0,120.0,52.21,0.01,0.88,0.3,0.3,0.0,94.21,1.59,53.53,54.38,88.58,49.48
2018-08-27 16:29:00,1,1,71.9,72.0,68.0,82.29,52.24,71.9,1.0,0.0,5.72,45.0,81.42,0.0,0.0,0.0,120.0,52.24,0.01,0.88,0.3,0.3,0.0,94.18,0.22,55.0,54.43,88.44,48.11
2018-08-27 16:30:00,1,1,72.24,72.0,68.0,76.41,51.96,72.24,1.0,0.0,5.72,45.0,55.03,0.0,0.0,0.0,120.0,51.88,397.93,41.96,0.3,0.3,9.75,94.15,2.07,51.19,54.47,89.48,47.49
2018-08-27 16:31:00,1,1,71.65,72.0,68.0,74.31,52.24,71.65,1.0,0.0,5.72,45.0,52.71,0.0,0.0,0.0,120.0,52.22,397.93,41.96,0.3,0.3,9.75,94.12,2.55,51.1,54.52,88.45,48.4
2018-08-27 16:32:00,1,1,71.07,72.0,68.0,73.57,52.22,71.07,1.0,0.0,5.72,45.0,52.29,0.0,0.0,0.0,120.0,52.24,397.93,41.96,0.3,0.3,9.75,94.08,2.62,51.8,54.57,88.51,49.34
2018-08-27 16:33:00,1,1,71.44,72.0,68.0,81.03,52.22,71.44,1.0,0.0,5.72,45.0,128.75,0.0,0.0,0.0,120.0,52.22,0.01,0.88,0.3,0.3,0.0,94.05,0.49,55.01,54.62,88.54,48.79
2018-08-27 16:34:00,1,1,72.33,72.0,68.0,78.83,51.82,72.33,1.0,0.0,5.72,45.0,58.34,0.0,0.0,0.0,120.0,51.97,397.93,41.96,0.3,0.3,9.75,94.02,1.35,52.49,54.67,90.0,47.4
2018-08-27 16:35:00,1,1,71.89,72.0,68.0,74.83,52.17,71.89,1.0,0.0,5.72,45.0,53.21,0.0,0.0,0.0,120.0,52.11,397.93,41.96,0.3,0.3,9.75,93.98,2.45,50.97,54.71,88.7,48.01
2018-08-27 16:36:00,1,1,71.28,72.0,68.0,73.79,52.24,71.28,1.0,0.0,5.72,45.0,52.39,0.0,0.0,0.0,120.0,52.25,397.93,41.96,0.3,0.3,9.75,93.95,2.6,51.55,54.76,88.45,49.0
2018-08-27 16:37:00,1,1,71.05,72.0,68.0,78.57,52.19,71.05,1.0,0.0,5.72,45.0,237.43,0.0,0.0,0.0,120.0,52.2,0.01,0.88,0.3,0.3,0.0,93.91,1.14,54.35,54.81,88.62,49.38
2018-08-27 16:38:00,1,1,72.06,72.0,68.0,82.44,52.24,72.06,1.0,0.0,5.72,45.0,71.06,0.0,0.0,0.0,120.0,52.24,0.01,0.88,0.3,0.3,0.0,93.88,0.15,55.19,54.86,88.44,47.88
2018-08-27 16:39:00,1,1,72.24,72.0,68.0,76.09,51.99,72.24,1.0,0.0,5.72,45.0,53.99,0.0,0.0,0.0,120.0,51.91,397.93,41.96,0.3,0.3,9.75,93.84,2.15,51.12,54.9,89.34,47.49
2018-08-27 16:40:00,1,1,71.62,72.0,68.0,74.2,52.25,71.62,1.0,0.0,5.72,45.0,52.56,0.0,0.0,0.0,120.0,52.23,397.93,41.96,0.3,0.3,9.75,93.81,2.56,51.19,54.95,88.43,48.46
2018-08-27 16:41:00,1,1,71.02,72.0,68.0,73.49,52.21,71.02,1.0,0.0,5.72,45.0,52.25,0.0,0.0,0.0,120.0,52.23,397.93,41.96,0.3,0.3,9.75,93.77,2.62,51.92,55.0,88.56,49.42
2018-08-27 16:42:00,1,1,71.51,72.0,68.0,81.19,52.21,71.51,1.0,0.0,5.72,45.0,115.8,0.0,0.0,0.0,120.0,52.21,0.01,0.88,0.3,0.3,0.0,93.74,0.42,55.29,55.05,88.55,48.7
2018-08-27 16:43:00,1,1,72.39,72.0,68.0,78.81,51.82,72.39,1.0,0.0,5.72,45.0,56.59,0.0,0.0,0.0,120.0,51.97,397.93,41.96,0.3,0.3,9.75,93.7,1.34,52.59,55.1,90.0,47.32
2018-08-27 16:44:00,1,1,71.93,72.0,68.0,74.82,52.17,71.93,1.0,0.0,5.72,45.0,52.97,0.0,0.0,0.0,120.0,52.11,397.93,41.96,0.3,0.3,9.75,93.66,2.45,50.99,55.15,88.7,47.97
2018-08-27 16:45:00,1,1,71.29,72.0,68.0,73.76,52.24,71.29,1.0,0.0,5.72,45.0,52.36,0.0,0.0,0.0,120.0,52.24,397.93,41.96,0.3,0.3,9.75,93.63,2.6,51.59,55.2,88.46,48.99
2018-08-27 16:46:00,1,1,71.04,72.0,68.0,78.46,52.19,71.04,1.0,0.0,5.72,45.0,237.17,0.0,0.0,0.0,120.0,52.19,0.01,0.88,0.3,0.3,0.0,93.59,1.14,54.52,55.25,88.64,49.4
2018-08-27 16:47:00,1,1,72.04,72.0,68.0,82.27,52.24,72.04,1.0,0.0,5.72,45.0,71.02,0.0,0.0,0.0,120.0,52.24,0.01,0.88,0.3,0.3,0.0,93.55,0.15,55.43,55.3,88.47,47.93
2018-08-27 16:48:00,1,1,72.21,72.0,68.0,76.0,51.98,72.21,1.0,0.0,5.72,45.0,53.97,0.0,0.0,0.0,120.0,51.89,397.93,41.96,0.3,0.3,9.75,93.51,2.15,51.25,55.35,89.38,47.55
2018-08-27 16:49:00,1,1,71.57,72.0,68.0,74.12,52.23,71.57,1.0,0.0,5.72,45.0,52.54,0.0,0.0,0.0,120.0,52.21,397.93,41.96,0.3,0.3,9.75,93.48,2.56,51.3,55.4,88.49,48.54
2018-08-27 16:50:00,1,1,70.97,72.0,68.0,73.41,52.19,70.97,1.0,0.0,5.72,45.0,52.23,0.0,0.0,0.0,120.0,52.21,397.93,41.96,0.3,0.3,9.75,93.44,2.62,52.03,55.45,88.63,49.5
2018-08-27 16:51:00,1,1,71.57,72.0,68.0,81.29,52.21,71.57,1.0,0.0,5.72,45.0,104.81,0.0,0.0,0.0,120.0,52.21,0.01,0.88,0.3,0.3,0.0,93.4,0.35,55.55,55.5,88.58,48.6
2018-08-27 16:52:00,1,1,72.35,72.0,68.0,78.05,51.81,72.35,1.0,0.0,5.72,45.0,55.95,0.0,0.0,0.0,120.0,51.88,397.93,41.96,0.3,0.3,9.75,93.36,1.53,52.36,55.55,90.01,47.37
2018-08-27 16:53:00,1,1,71.83,72.0,68.0,74.6,52.17,71.83,1.0,0.0,5.72,45.0,52.85,0.0,0.0,0.0,120.0,52.12,397.93,41.96,0.3,0.3,9.75,93.32,2.48,51.13,55.6,88.7,48.13
2018-08-27 16:54:00,1,1,71.18,72.0,68.0,73.62,52.21,71.18,1.0,0.0,5.72,45.0,52.31,0.0,0.0,0.0,120.0,52.22,397.93,41.96,0.3,0.3,9.75,93.28,2.61,51.77,55.65,88.55,49.15
2018-08-27 16:55:00,1,1,71.25,72.0,68.0,79.95,52.19,71.25,1.0,0.0,5.72,45.0,161.44,0.0,0.0,0.0,120.0,52.19,0.01,0.88,0.3,0.3,0.0,93.24,0.69,55.3,55.71,88.64,49.07
2018-08-27 16:56:00,1,1,72.29,72.0,68.0,81.2,52.04,72.29,1.0,0.0,5.72,45.0,60.77,0.0,0.0,0.0,120.0,52.25,395.25,41.69,0.3,0.3,9.75,93.2,0.5,54.7,55.76,89.19,47.55
2018-08-27 16:57:00,1,1,72.04,72.0,68.0,75.21,52.07,72.04,1.0,0.0,5.72,45.0,53.33,0.0,0.0,0.0,120.0,51.99,397.93,41.96,0.3,0.3,9.75,93.16,2.34,51.15,55.81,89.05,47.79
2018-08-27 16:58:00,1,1,71.38,72.0,68.0,73.83,52.22,71.38,1.0,0.0,5.72,45.0,52.4,0.0,0.0,0.0,120.0,52.22,397.93,41.96,0.3,0.3,9.75,93.12,2.59,51.56,55.87,88.53,48.84
2018-08-27 16:59:00,1,1,71.0,72.0,68.0,77.6,52.17,71.0,1.0,0.0,5.72,45.0,250.0,0.0,0.0,0.0,120.0,52.18,0.01,0.88,0.3,0.3,0.0,93.08,1.34,54.39,55.92,88.7,49.45
2018-08-27 17:00:00,1,1,71.91,72.0,68.0,81.88,52.22,71.91,1.0,0.0,5.72,45.0,75.65,0.0,0.0,0.0,120.0,52.22,0.01,0.88,0.3,0.3,0.0,93.04,0.18,55.8,55.97,88.54,48.09
2018-08-27 17:01:00,1,1,72.2,72.0,68.0,76.17,51.92,72.2,1.0,0.0,5.72,45.0,54.22,0.0,0.0,0.0,120.0,51.85,397.93,41.96,0.3,0.3,9.75,93.0,2.07,51.53,56.02,89.59,47.55
2018-08-27 17:02:00,1,1,71.56,72.0,68.0,74.09,52.2,71.56,1.0,0.0,5.72,45.0,52.55,0.0,0.0,0.0,120.0,52.17,397.93,41.96,0.3,0.3,9.75,92.96,2.55,51.39,56.07,88.61,48.53
2018-08-27 17:03:00,1,1,70.96,72.0,68.0,74.68,52.17,70.96,1.0,0.0,5.72,45.0,250.0,0.0,0.0,0.0,120.0,52.18,2.69,1.16,0.3,0.3,0.0,92.92,2.21,52.84,56.12,88.7,49.49
2018-08-27 17:04:00,1,1,71.64,72.0,68.0,81.27,52.19,71.64,1.0,0.0,5.72,45.0,95.48,0.0,0.0,0.0,120.0,52.2,0.01,0.88,0.3,0.3,0.0,92.88,0.3,55.89,56.17,88.61,48.47
2018-08-27 17:05:00,1,1,72.39,72.0,68.0,77.96,51.8,72.39,1.0,0.0,5.72,45.0,54.69,0.0,0.0,0.0,120.0,51.87,397.93,41.96,0.3,0.3,9.75,92.84,1.53,52.49,56.22,90.04,47.29
2018-08-27 17:06:00,1,1,71.83,72.0,68.0,74.54,52.16,71.83,1.0,0.0,5.72,45.0,52.66,0.0,0.0,0.0,120.0,52.11,397.93,41.96,0.3,0.3,9.75,92.8,2.48,51.18,56.27,88.74,48.09
2018-08-27 17:07:00,1,1,71.16,72.0,68.0,73.54,52.19,71.16,1.0,0.0,5.72,45.0,52.26,0.0,0.0,0.0,120.0,52.2,397.93,41.96,0.3,0.3,9.75,92.75,2.61,51.84,56.32,88.62,49.16
2018-08-27 17:08:00,1,1,71.2,72.0,68.0,79.71,52.16,71.2,1.0,0.0,5.72,45.0,160.91,0.0,0.0,0.0,120.0,52.17,0.01,0.88,0.3,0.3,0.0,92.71,0.69,55.6,56.37,88.72,49.12
2018-08-27 17:09:00,1,1,72.24,72.0,68.0,82.15,52.22,72.24,1.0,0.0,5.72,45.0,60.7,0.0,0.0,0.0,120.0,52.22,0.01,0.88,0.3,0.3,0.0,92.67,0.09,55.91,56.43,88.51,47.6
2018-08-27 17:10:00,1,1,72.08,72.0,68.0,75.33,52.02,72.08,1.0,0.0,5.72,45.0,53.09,0.0,0.0,0.0,120.0,51.94,397.93,41.96,0.3,0.3,9.75,92.63,2.28,51.28,56.48,89.23,47.71
2018-08-27 17:11:00,1,1,71.39,72.0,68.0,73.8,52.19,71.39,1.0,0.0,5.72,45.0,52.35,0.0,0.0,0.0,120.0,52.19,397.93,41.96,0.3,0.3,9.75,92.59,2.58,51.59,56.53,88.62,48.78
2018-08-27 17:12:00,1,1,70.98,72.0,68.0,77.42,52.15,70.98,1.0,0.0,5.72,45.0,250.0,0.0,0.0,0.0,120.0,52.16,0.01,0.88,0.3,0.3,0.0,92.54,1.34,54.59,56.59,88.77,49.44
2018-08-27 17:13:00,1,1,71.86,72.0,68.0,81.59,52.19,71.86,1.0,0.0,5.72,45.0,75.52,0.0,0.0,0.0,120.0,52.2,0.01,0.88,0.3,0.3,0.0,92.5,0.18,56.14,56.64,88.61,48.12
2018-08-27 17:14:00,1,1,72.24,72.0,68.0,76.43,51.87,72.24,1.0,0.0,5.72,45.0,53.77,0.0,0.0,0.0,120.0,51.81,397.93,41.96,0.3,0.3,9.75,92.46,1.96,51.79,56.7,89.78,47.45
2018-08-27 17:15:00,1,1,71.58,72.0,68.0,74.09,52.17,71.58,1.0,0.0,5.72,45.0,52.47,0.0,0.0,0.0,120.0,52.14,397.93,41.96,0.3,0.3,9.75,92.41,2.54,51.41,56.76,88.71,48.44
2018-08-27 17:16:00,1,1,70.95,72.0,68.0,74.58,52.15,70.95,1.0,0.0,5.72,45.0,250.0,0.0,0.0,0.0,120.0,52.16,2.69,1.16,0.3,0.3,0.0,92.37,2.21,52.92,56.82,88.77,49.45
2018-08-27 17:17:00,1,1,71.59,72.0,68.0,81.0,52.17,71.59,1.0,0.0,5.72,45.0,95.26,0.0,0.0,0.0,120.0,52.18,0.01,0.88,0.3,0.3,0.0,92.32,0.3,56.23,56.88,88.69,48.49
2018-08-27 17:18:00,1,1,72.31,72.0,68.0,77.75,51.78,72.31,1.0,0.0,5.72,45.0,54.64,0.0,0.0,0.0,120.0,51.85,397.93,41.96,0.3,0.3,9.75,92.28,1.53,52.71,56.94,90.12,47.34
2018-08-27 17:19:00,1,1,71.74,72.0,68.0,74.38,52.12,71.74,1.0,0.0,5.72,45.0,52.61,0.0,0.0,0.0,120.0,52.07,397.93,41.96,0.3,0.3,9.75,92.23,2.48,51.33,57.0,88.87,48.17
2018-08-27 17:20:00,1,1,71.05,72.0,68.0,73.38,52.15,71.05,1.0,0.0,5.72,45.0,52.21,0.0,0.0,0.0,120.0,52.16,397.93,41.96,0.3,0.3,9.75,92.19,2.61,52.0,57.06,88.76,49.26
2018-08-27 17:21:00,1,1,71.43,72.0,68.0,80.46,52.16,71.43,1.0,0.0,5.72,45.0,115.06,0.0,0.0,0.0,120.0,52.16,0.01,0.88,0.3,0.3,0.0,92.14,0.42,56.22,57.12,88.73,48.69
2018-08-27 17:22:00,1,1,72.32,72.0,68.0,79.0,51.78,72.32,1.0,0.0,5.72,45.0,55.46,0.0,0.0,0.0,120.0,52.05,397.93,41.96,0.3,0.3,9.75,92.09,1.09,53.78,57.19,90.15,47.34
2018-08-27 17:23:00,1,1,71.84,72.0,68.0,74.62,52.08,71.84,1.0,0.0,5.72,45.0,52.74,0.0,0.0,0.0,120.0,52.01,397.93,41.96,0.3,0.3,9.75,92.05,2.42,51.33,57.26,89.04,47.99
2018-08-27 17:24:00,1,1,71.13,72.0,68.0,73.45,52.15,71.13,1.0,0.0,5.72,45.0,52.24,0.0,0.0,0.0,120.0,52.16,397.93,41.96,0.3,0.3,9.75,92.0,2.6,51.9,57.32,88.77,49.1
2018-08-27 17:25:00,1,1,71.24,72.0,68.0,79.77,52.14,71.24,1.0,0.0,5.72,45.0,142.53,0.0,0.0,0.0,120.0,52.14,0.01,0.88,0.3,0.3,0.0,91.95,0.58,56.14,57.39,88.81,48.94
2018-08-27 17:26:00,1,1,72.25,72.0,68.0,81.83,52.2,72.25,1.0,0.0,5.72,45.0,58.21,0.0,0.0,0.0,120.0,52.2,0.01,0.88,0.3,0.3,0.0,91.9,0.08,56.38,57.46,88.59,47.48
2018-08-27 17:27:00,1,1,72.04,72.0,68.0,75.17,51.99,72.04,1.0,0.0,5.72,45.0,52.72,0.0,0.0,0.0,120.0,51.91,397.93,41.96,0.3,0.3,9.75,91.85,2.28,51.39,57.53,89.33,47.66
2018-08-27 17:28:00,1,1,71.31,72.0,68.0,73.64,52.15,71.31,1.0,0.0,5.72,45.0,52.26,0.0,0.0,0.0,120.0,52.15,397.93,41.96,0.3,0.3,9.75,91.8,2.58,51.7,57.61,88.76,48.79
2018-08-27 17:29:00,1,1,71.05,72.0,68.0,78.41,52.12,71.05,1.0,0.0,5.72,45.0,205.54,0.0,0.0,0.0,120.0,52.13,0.01,0.88,0.3,0.3,0.0,91.75,0.96,55.6,57.68,88.86,49.21
2018-08-27 17:30:00,1,1,71.97,72.0,68.0,81.43,52.18,71.97,1.0,0.0,5.72,45.0,66.74,0.0,0.0,0.0,120.0,52.18,0.01,0.88,0.3,0.3,0.0,91.7,0.13,56.64,57.76,88.67,47.85
2018-08-27 17:31:00,1,1,72.17,72.0,68.0,75.91,51.88,72.17,1.0,0.0,5.72,45.0,52.97,0.0,0.0,0.0,120.0,51.81,397.93,41.96,0.3,0.3,9.75,91.65,2.06,51.78,57.83,89.75,47.44
2018-08-27 17:32:00,1,1,71.45,72.0,68.0,73.84,52.13,71.45,1.0,0.0,5.72,45.0,52.31,0.0,0.0,0.0,120.0,52.12,397.93,41.96,0.3,0.3,9.75,91.6,2.55,51.58,57.91,88.83,48.53
2018-08-27 17:33:00,1,1,70.98,72.0,68.0,77.14,52.11,70.98,1.0,0.0,5.72,45.0,250.0,0.0,0.0,0.0,120.0,52.12,0.01,0.88,0.3,0.3,0.0,91.55,1.34,54.93,57.99,88.9,49.3
2018-08-27 17:34:00,1,1,71.79,72.0,68.0,81.09,52.16,71.79,1.0,0.0,5.72,45.0,75.3,0.0,0.0,0.0,120.0,52.16,0.01,0.88,0.3,0.3,0.0,91.5,0.18,56.82,58.08,88.73,48.08
2018-08-27 17:35:00,1,1,72.24,72.0,68.0,76.58,51.8,72.24,1.0,0.0,5.72,45.0,53.2,0.0,0.0,0.0,120.0,51.77,397.93,41.96,0.3,0.3,9.75,91.45,1.83,52.28,58.16,90.03,47.32
2018-08-27 17:36:00,1,1,71.55,72.0,68.0,73.99,52.11,71.55,1.0,0.0,5.72,45.0,52.35,0.0,0.0,0.0,120.0,52.08,397.93,41.96,0.3,0.3,9.75,91.4,2.52,51.53,58.25,88.92,48.35
2018-08-27 17:37:00,1,1,70.91,72.0,68.0,75.43,52.1,70.91,1.0,0.0,5.72,45.0,250.0,0.0,0.0,0.0,120.0,52.11,0.03,0.88,0.3,0.3,0.0,91.34,1.87,53.88,58.33,88.94,49.37
2018-08-27 17:38:00,1,1,71.58,72.0,68.0,80.66,52.13,71.58,1.0,0.0,5.72,45.0,87.17,0.0,0.0,0.0,120.0,52.14,0.01,0.88,0.3,0.3,0.0,91.29,0.25,57.0,58.42,88.82,48.36
2018-08-27 17:39:00,1,1,72.34,72.0,68.0,78.09,51.74,72.34,1.0,0.0,5.72,45.0,52.68,0.0,0.0,0.0,120.0,51.9,397.93,41.96,0.3,0.3,9.75,91.23,1.31,53.55,58.51,90.26,47.17
2018-08-27 17:40:00,1,1,71.75,72.0,68.0,74.34,52.06,71.75,1.0,0.0,5.72,45.0,52.31,0.0,0.0,0.0,120.0,52.01,397.93,41.96,0.3,0.3,9.75,91.18,2.45,51.44,58.61,89.08,48.01
2018-08-27 17:41:00,1,1,71.0,72.0,68.0,73.23,52.1,71.0,1.0,0.0,5.72,45.0,52.12,0.0,0.0,0.0,120.0,52.12,397.93,41.96,0.3,0.3,9.75,91.13,2.6,52.11,58.7,88.93,49.19
2018-08-27 17:42:00,1,1,71.32,72.0,68.0,79.94,52.11,71.32,1.0,0.0,5.72,45.0,114.39,0.0,0.0,0.0,120.0,52.11,0.01,0.88,0.3,0.3,0.0,91.07,0.42,57.0,58.8,88.9,48.71
2018-08-27 17:43:00,1,1,72.27,72.0,68.0,80.36,51.97,72.27,1.0,0.0,5.72,45.0,54.4,0.0,0.0,0.0,120.0,52.18,395.25,41.69,0.3,0.3,9.75,91.01,0.46,56.0,58.9,89.43,47.32
2018-08-27 17:44:00,1,1,71.9,72.0,68.0,74.77,51.98,71.9,1.0,0.0,5.72,45.0,52.36,0.0,0.0,0.0,120.0,51.91,397.93,41.96,0.3,0.3,9.75,90.96,2.33,51.56,59.0,89.37,47.74
2018-08-27 17:45:00,1,1,71.13,72.0,68.0,73.37,52.1,71.13,1.0,0.0,5.72,45.0,52.14,0.0,0.0,0.0,120.0,52.1,397.93,41.96,0.3,0.3,9.75,90.9,2.59,51.98,59.1,88.94,48.94
2018-08-27 17:46:00,1,1,71.18,72.0,68.0,79.28,52.1,71.18,1.0,0.0,5.72,45.0,141.7,0.0,0.0,0.0,120.0,52.1,0.01,0.88,0.3,0.3,0.0,90.84,0.58,56.9,59.21,88.96,48.89
2018-08-27 17:47:00,1,1,72.11,72.0,68.0,81.22,52.16,72.11,1.0,0.0,5.72,45.0,58.1,0.0,0.0,0.0,120.0,52.16,0.01,0.88,0.3,0.3,0.0,90.79,0.08,57.35,59.31,88.74,47.52
2018-08-27 17:48:00,1,1,71.99,72.0,68.0,75.14,51.91,71.99,1.0,0.0,5.72,45.0,52.4,0.0,0.0,0.0,120.0,51.83,397.93,41.96,0.3,0.3,9.75,90.73,2.22,51.77,59.42,89.62,47.57
2018-08-27 17:49:00,1,1,71.22,72.0,68.0,73.46,52.09,71.22,1.0,0.0,5.72,45.0,52.15,0.0,0.0,0.0,120.0,52.08,397.93,41.96,0.3,0.3,9.75,90.67,2.57,51.91,59.54,88.98,48.77
2018-08-27 17:50:00,1,1,71.12,72.0,68.0,78.85,52.09,71.12,1.0,0.0,5.72,45.0,159.11,0.0,0.0,0.0,120.0,52.09,0.01,0.88,0.3,0.3,0.0,90.61,0.69,56.87,59.65,89.0,48.94
2018-08-27 17:51:00,1,1,72.02,72.0,68.0,81.01,52.15,72.02,1.0,0.0,5.72,45.0,60.46,0.0,0.0,0.0,120.0,52.15,0.01,0.88,0.3,0.3,0.0,90.55,0.09,57.61,59.77,88.78,47.61
2018-08-27 17:52:00,1,1,72.15,72.0,68.0,75.68,51.85,72.15,1.0,0.0,5.72,45.0,52.08,0.0,0.0,0.0,120.0,51.78,397.93,41.96,0.3,0.3,9.75,90.49,2.05,52.07,59.89,89.87,47.3
2018-08-27 17:53:00,1,1,71.37,72.0,68.0,73.63,52.09,71.37,1.0,0.0,5.72,45.0,52.13,0.0,0.0,0.0,120.0,52.07,397.93,41.96,0.3,0.3,9.75,90.43,2.55,51.78,60.01,89.0,48.49
2018-08-27 17:54:00,1,1,71.02,72.0,68.0,77.92,52.08,71.02,1.0,0.0,5.72,45.0,204.09,0.0,0.0,0.0,120.0,52.08,0.01,0.88,0.3,0.3,0.0,90.37,0.96,56.44,60.13,89.03,49.06
2018-08-27 17:55:00,1,1,71.85,72.0,68.0,80.7,52.13,71.85,1.0,0.0,5.72,45.0,66.54,0.0,0.0,0.0,120.0,52.13,0.01,0.88,0.3,0.3,0.0,90.31,0.13,57.9,60.26,88.83,47.82
2018-08-27 17:56:00,1,1,72.23,72.0,68.0,76.31,51.77,72.23,1.0,0.0,5.72,45.0,51.99,0.0,0.0,0.0,120.0,51.74,397.93,41.96,0.3,0.3,9.75,90.24,1.83,52.69,60.39,90.14,47.17
2018-08-27 17:57:00,1,1,71.48,72.0,68.0,73.77,52.06,71.48,1.0,0.0,5.72,45.0,52.13,0.0,0.0,0.0,120.0,52.03,397.93,41.96,0.3,0.3,9.75,90.18,2.52,51.76,60.52,89.08,48.3
2018-08-27 17:58:00,1,1,70.92,72.0,68.0,76.69,52.06,70.92,1.0,0.0,5.72,45.0,250.0,0.0,0.0,0.0,120.0,52.06,0.01,0.88,0.3,0.3,0.0,90.12,1.33,55.72,60.66,89.1,49.19
2018-08-27 17:59:00,1,1,71.64,72.0,68.0,80.33,52.11,71.64,1.0,0.0,5.72,45.0,74.99,0.0,0.0,0.0,120.0,52.11,0.01,0.88,0.3,0.3,0.0,90.05,0.18,58.21,60.8,88.92,48.09
2018-08-27 18:00:00,1,1,72.24,72.0,68.0,77.12,51.71,72.24,1.0,0.0,5.72,45.0,51.85,0.0,0.0,0.0,120.0,51.78,397.93,41.96,0.3,0.3,9.75,89.99,1.51,53.71,60.94,90.37,47.13
2018-08-27 18:01:00,2,1,72.69,85.0,55.0,80.76,51.65,72.69,1.0,0.0,5.72,45.0,105.83,0.0,0.0,0.0,120.0,51.66,0.0,0.88,0.0,0.0,0.0,89.92,0.2,57.27,61.12,90.57,46.46
2018-08-27 18:02:00,2,1,73.45,85.0,55.0,81.57,51.71,73.45,1.0,0.0,5.72,45.0,53.24,0.0,0.0,0.0,120.0,51.71,0.0,0.88,0.0,0.0,0.0,89.84,0.03,57.26,61.34,90.33,45.47
2018-08-27 18:03:00,2,1,74.16,85.0,55.0,81.95,51.79,74.16,1.0,0.0,5.72,45.0,46.13,0.0,0.0,0.0,120.0,51.79,0.0,0.88,0.0,0.0,0.0,89.76,0.0,56.86,61.56,90.05,44.61
2018-08-27 18:04:00,2,1,74.78,85.0,55.0,82.23,51.87,74.78,1.0,0.0,5.72,45.0,45.17,0.0,0.0,0.0,120.0,51.87,0.0,0.88,0.0,0.0,0.0,89.68,0.0,56.5,61.78,89.76,43.91
2018-08-27 18:05:00,2,1,75.32,85.0,55.0,82.46,51.95,75.32,1.0,0.0,5.72,45.0,45.04,0.0,0.0,0.0,120.0,51.95,0.0,0.88,0.0,0.0,0.0,89.6,0.0,56.2,62.01,89.47,43.35
2018-08-27 18:06:00,2,1,75.79,85.0,55.0,82.65,52.03,75.79,1.0,0.0,5.72,45.0,45.02,0.0,0.0,0.0,120.0,52.03,0.0,0.88,0.0,0.0,0.0,89.51,0.0,55.96,62.24,89.19,42.89
2018-08-27 18:07:00,2,1,76.2,85.0,55.0,82.82,52.11,76.2,1.0,0.0,5.72,45.0,45.02,0.0,0.0,0.0,120.0,52.11,0.0,0.88,0.0,0.0,0.0,89.43,0.0,55.78,62.48,88.9,42.52
2018-08-27 18:08:00,2,1,76.57,85.0,55.0,82.96,52.19,76.57,1.0,0.0,5.72,45.0,45.01,0.0,0.0,0.0,120.0,52.19,0.0,0.88,0.0,0.0,0.0,89.35,0.0,55.64,62.71,88.62,42.22
2018-08-27 18:09:00,2,1,76.89,85.0,55.0,83.08,52.27,76.89,1.0,0.0,5.72,45.0,45.01,0.0,0.0,0.0,120.0,52.27,0.0,0.88,0.0,0.0,0.0,89.27,0.0,55.55,62.95,88.34,41.97
2018-08-27 18:10:00,2,1,77.17,85.0,55.0,83.18,52.35,77.17,1.0,0.0,5.72,45.0,45.01,0.0,0.0,0.0,120.0,52.35,0.0,0.88,0.0,0.0,0.0,89.18,0.0,55.48,63.2,88.07,41.71
2018-08-27 18:11:00,2,1,77.42,85.0,55.0,83.26,52.43,77.42,1.0,0.0,5.72,45.0,45.01,0.0,0.0,0.0,120.0,52.43,0.0,0.88,0.0,0.0,0.0,89.1,0.0,55.44,63.44,87.79,41.47
2018-08-27 18:12:00,2,1,77.65,85.0,55.0,83.33,52.51,77.65,1.0,0.0,5.72,45.0,45.01,0.0,0.0,0.0,120.0,52.51,0.0,0.88,0.0,0.0,0.0,89.02,0.0,55.43,63.69,87.52,41.27
2018-08-27 18:13:00,2,1,77.85,85.0,55.0,83.39,52.59,77.85,1.0,0.0,5.72,45.0,45.02,0.0,0.0,0.0,120.0,52.59,0.0,0.88,0.0,0.0,0.0,88.93,0.0,55.44,63.94,87.25,41.12
2018-08-27 18:14:00,2,1,78.02,85.0,55.0,83.43,52.67,78.02,1.0,0.0,5.72,45.0,45.02,0.0,0.0,0.0,120.0,52.67,0.0,0.88,0.0,0.0,0.0,88.85,0.0,55.47,64.2,86.98,40.99
2018-08-27 18:15:00,2,1,78.18,85.0,55.0,83.47,52.75,78.18,1.0,0.0,5.72,45.0,45.02,0.0,0.0,0.0,120.0,52.75,0.0,0.88,0.0,0.0,0.0,88.76,0.0,55.51,64.46,86.71,40.9
2018-08-27 18:16:00,2,1,78.32,85.0,55.0,83.5,52.83,78.32,1.0,0.0,5.72,45.0,45.02,0.0,0.0,0.0,120.0,52.83,0.0,0.88,0.0,0.0,0.0,88.68,0.0,55.57,64.72,86.45,40.83
2018-08-27 18:17:00,2,1,78.44,85.0,55.0,83.52,52.91,78.44,1.0,0.0,5.72,45.0,45.02,0.0,0.0,0.0,120.0,52.91,0.0,0.88,0.0,0.0,0.0,88.59,0.0,55.64,64.98,86.19,40.78
2018-08-27 18:18:00,2,1,78.55,85.0,55.0,83.53,52.99,78.55,1.0,0.0,5.72,45.0,45.02,0.0,0.0,0.0,120.0,52.99,0.0,0.88,0.0,0.0,0.0,88.51,0.0,55.72,65.25,85.93,40.76
2018-08-27 18:19:00,2,1,78.65,85.0,55.0,83.53,53.06,78.65,1.0,0.0,5.72,45.0,45.02,0.0,0.0,0.0,120.0,53.06,0.0,0.88,0.0,0.0,0.0,88.42,0.0,55.82,65.51,85.67,40.75
2018-08-27 18:20:00,2,1,78.73,85.0,55.0,83.53,53.14,78.73,1.0,0.0,5.72,45.0,45.02,0.0,0.0,0.0,120.0,53.14,0.0,0.88,0.0,0.0,0.0,88.33,0.0,55.92,65.78,85.42,40.75
2018-08-27 18:21:00,2,1,78.81,85.0,55.0,83.53,53.22,78.81,1.0,0.0,5.72,45.0,45.02,0.0,0.0,0.0,120.0,53.22,0.0,0.88,0.0,0.0,0.0,88.25,0.0,56.03,66.06,85.16,40.77
2018-08-27 18:22:00,2,1,78.88,85.0,55.0,83.52,53.3,78.88,1.0,0.0,5.72,45.0,45.02,0.0,0.0,0.0,120.0,53.3,0.0,0.88,0.0,0.0,0.0,88.16,0.0,56.15,66.33,84.91,40.8
2018-08-27 18:23:00,2,1,78.94,85.0,55.0,83.51,53.38,78.94,1.0,0.0,5.72,45.0,45.02,0.0,0.0,0.0,120.0,53.38,0.0,0.88,0.0,0.0,0.0,88.08,0.0,56.28,66.61,84.66,40.85
2018-08-27 18:24:00,2,1,78.99,85.0,55.0,83.49,53.45,78.99,1.0,0.0,5.72,45.0,45.02,0.0,0.0,0.0,120.0,53.45,0.0,0.88,0.0,0.0,0.0,87.99,0.0,56.41,66.89,84.42,40.9
2018-08-27 18:25:00,2,1,79.03,85.0,55.0,83.47,53.53,79.03,1.0,0.0,5.72,45.0,45.02,0.0,0.0,0.0,120.0,53.53,0.0,0.88,0.0,0.0,0.0,87.9,0.0,56.55,67.17,84.17,40.96
2018-08-27 18:26:00,2,1,79.07,85.0,55.0,83.44,53.61,79.07,1.0,0.0,5.72,45.0,45.02,0.0,0.0,0.0,120.0,53.61,0.0,0.88,0.0,0.0,0.0,87.82,0.0,56.69,67.45,83.93,41.03
2018-08-27 18:27:00,2,1,79.1,85.0,55.0,83.42,53.69,79.1,1.0,0.0,5.72,45.0,45.02,0.0,0.0,0.0,120.0,53.69,0.0,0.88,0.0,0.0,0.0,87.73,0.0,56.84,67.73,83.68,41.1
2018-08-27 18:28:00,2,1,79.13,85.0,55.0,83.39,53.76,79.13,1.0,0.0,5.72,45.0,45.02,0.0,0.0,0.0,120.0,53.76,0.0,0.88,0.0,0.0,0.0,87.64,0.0,56.99,68.02,83.44,41.18
2018-08-27 18:29:00,2,1,79.15,85.0,55.0,83.35,53.84,79.15,1.0,0.0,5.72,45.0,45.02,0.0,0.0,0.0,120.0,53.84,0.0,0.88,0.0,0.0,0.0,87.56,0.0,57.15,68.31,83.21,41.27
2018-08-27 18:30:00,2,1,79.17,85.0,55.0,83.32,53.92,79.17,1.0,0.0,5.72,45.0,45.02,0.0,0.0,0.0,120.0,53.92,0.0,0.88,0.0,0.0,0.0,87.47,0.0,57.31,68.6,82.97,41.36
2018-08-27 18:31:00,2,1,79.19,85.0,55.0,83.28,53.99,79.19,1.0,0.0,5.72,45.0,45.02,0.0,0.0,0.0,120.0,53.99,0.0,0.88,0.0,0.0,0.0,87.38,0.0,57.47,68.89,82.74,41.46
2018-08-27 18:32:00,2,1,79.2,85.0,55.0,83.25,54.07,79.2,1.0,0.0,5.72,45.0,45.02,0.0,0.0,0.0,120.0,54.07,0.0,0.88,0.0,0.0,0.0,87.29,0.0,57.64,69.18,82.5,41.56
2018-08-27 18:33:00,2,1,79.21,85.0,55.0,83.21,54.15,79.21,1.0,0.0,5.72,45.0,45.02,0.0,0.0,0.0,120.0,54.15,0.0,0.88,0.0,0.0,0.0,87.21,0.0,57.81,69.48,82.27,41.66
2018-08-27 18:34:00,2,1,79.21,85.0,55.0,83.17,54.22,79.21,1.0,0.0,5.72,45.0,45.01,0.0,0.0,0.0,120.0,54.22,0.0,0.88,0.0,0.0,0.0,87.12,0.0,57.98,69.77,82.05,41.77
2018-08-27 18:35:00,2,1,79.21,85.0,55.0,83.12,54.3,79.21,1.0,0.0,5.72,45.0,45.01,0.0,0.0,0.0,120.0,54.3,0.0,0.88,0.0,0.0,0.0,87.03,0.0,58.15,70.07,81.82,41.88
2018-08-27 18:36:00,2,1,79.21,85.0,55.0,83.08,54.37,79.21,1.0,0.0,5.72,45.0,45.01,0.0,0.0,0.0,120.0,54.37,0.0,0.88,0.0,0.0,0.0,86.95,0.0,58.33,70.37,81.59,41.99
2018-08-27 18:37:00,2,1,79.21,85.0,55.0,83.04,54.45,79.21,1.0,0.0,5.72,45.0,45.01,0.0,0.0,0.0,120.0,54.45,0.0,0.88,0.0,0.0,0.0,86.86,0.0,58.51,70.67,81.37,42.11
2018-08-27 18:38:00,2,1,79.21,85.0,55.0,82.99,54.53,79.21,1.0,0.0,5.72,45.0,45.01,0.0,0.0,0.0,120.0,54.53,0.0,0.88,0.0,0.0,0.0,86.78,0.0,58.68,70.97,81.15,42.22
2018-08-27 18:39:00,2,1,79.2,85.0,55.0,82.95,54.6,79.2,1.0,0.0,5.72,45.0,45.01,0.0,0.0,0.0,120.0,54.6,0.0,0.88,0.0,0.0,0.0,86.69,0.0,58.86,71.27,80.93,42.34
2018-08-27 18:40:00,2,1,79.2,85.0,55.0,82.9,54.68,79.2,1.0,0.0,5.72,45.0,45.01,0.0,0.0,0.0,120.0,54.68,0.0,0.88,0.0,0.0,0.0,86.6,0.0,59.04,71.57,80.71,42.46
2018-08-27 18:41:00,2,1,79.19,85.0,55.0,82.85,54.75,79.19,1.0,0.0,5.72,45.0,45.01,0.0,0.0,0.0,120.0,54.75,0.0,0.88,0.0,0.0,0.0,86.52,0.0,59.22,71.87,80.49,42.58
2018-08-27 18:42:00,2,1,79.18,85.0,55.0,82.81,54.83,79.18,1.0,0.0,5.72,45.0,45.01,0.0,0.0,0.0,120.0,54.83,0.0,0.88,0.0,0.0,0.0,86.43,0.0,59.41,72.17,80.28,42.71
2018-08-27 18:43:00,2,1,79.17,85.0,55.0,82.76,54.9,79.17,1.0,0.0,5.72,45.0,45.01,0.0,0.0,0.0,120.0,54.9,0.0,0.88,0.0,0.0,0.0,86.35,0.0,59.59,72.47,80.07,42.83
2018-08-27 18:44:00,2,1,79.16,85.0,55.0,82.71,54.97,79.16,1.0,0.0,5.72,45.0,45.01,0.0,0.0,0.0,120.0,54.97,0.0,0.88,0.0,0.0,0.0,86.26,0.0,59.77,72.78,79.85,42.95
2018-08-27 18:45:00,2,1,79.14,85.0,55.0,82.66,55.05,79.14,1.0,0.0,5.72,45.0,45.01,0.0,0.0,0.0,120.0,55.05,0.0,0.88,0.0,0.0,0.0,86.18,0.0,59.96,73.08,79.64,43.08
2018-08-27 18:46:00,2,1,79.13,85.0,55.0,82.61,55.12,79.13,1.0,0.0,5.72,45.0,45.01,0.0,0.0,0.0,120.0,55.12,0.0,0.88,0.0,0.0,0.0,86.09,0.0,60.14,73.38,79.44,43.2
2018-08-27 18:47:00,2,1,79.11,85.0,55.0,82.56,55.2,79.11,1.0,0.0,5.72,45.0,45.01,0.0,0.0,0.0,120.0,55.2,0.0,0.88,0.0,0.0,0.0,86.01,0.0,60.32,73.68,79.23,43.33
2018-08-27 18:48:00,2,1,79.1,85.0,55.0,82.51,55.27,79.1,1.0,0.0,5.72,45.0,45.01,0.0,0.0,0.0,120.0,55.27,0.0,0.88,0.0,0.0,0.0,85.93,0.0,60.5,73.94,79.02,43.46
2018-08-27 18:49:00,2,1,79.08,85.0,55.0,82.46,55.34,79.08,1.0,0.0,5.72,45.0,45.01,0.0,0.0,0.0,120.0,55.34,0.0,0.88,0.0,0.0,0.0,85.84,0.0,60.69,74.2,78.82,43.58
2018-08-27 18:50:00,2,1,79.07,85.0,55.0,82.41,55.42,79.07,1.0,0.0,5.72,45.0,45.01,0.0,0.0,0.0,120.0,55.42,0.0,0.88,0.0,0.0,0.0,85.76,0.0,60.87,74.45,78.62,43.71
2018-08-27 18:51:00,2,1,79.05,85.0,55.0,82.36,55.49,79.05,1.0,0.0,5.72,45.0,45.01,0.0,0.0,0.0,120.0,55.49,0.0,0.88,0.0,0.0,0.0,85.68,0.0,61.05,74.7,78.42,43.84
2018-08-27 18:52:00,2,1,79.03,85.0,55.0,82.31,55.56,79.03,1.0,0.0,5.72,45.0,45.01,0.0,0.0,0.0,120.0,55.56,0.0,0.88,0.0,0.0,0.0,85.6,0.0,61.23,74.95,78.22,43.96
2018-08-27 18:53:00,2,1,79.02,85.0,55.0,82.27,55.63,79.02,1.0,0.0,5.72,45.0,45.01,0.0,0.0,0.0,120.0,55.63,0.0,0.88,0.0,0.0,0.0,85.51,0.0,61.41,75.2,78.03,44.09
2018-08-27 18:54:00,2,1,79.0,85.0,55.0,82.22,55.71,79.0,1.0,0.0,5.72,45.0,45.01,0.0,0.0,0.0,120.0,55.71,0.0,0.88,0.0,0.0,0.0,85.43,0.0,61.59,75.44,77.83,44.22
2018-08-27 18:55:00,2,1,78.98,85.0,55.0,82.17,55.78,78.98,1.0,0.0,5.72,45.0,45.01,0.0,0.0,0.0,120.0,55.78,0.0,0.88,0.0,0.0,0.0,85.35,0.0,61.77,75.69,77.64,44.34
2018-08-27 18:56:00,2,1,78.96,85.0,55.0,82.12,55.85,78.96,1.0,0.0,5.72,45.0,45.01,0.0,0.0,0.0,120.0,55.85,0.0,0.88,0.0,0.0,0.0,85.27,0.0,61.95,75.93,77.44,44.47
2018-08-27 18:57:00,2,1,78.95,85.0,55.0,82.07,55.92,78.95,1.0,0.0,5.72,45.0,45.01,0.0,0.0,0.0,120.0,55.92,0.0,0.88,0.0,0.0,0.0,85.19,0.0,62.13,76.18,77.25,44.59
2018-08-27 18:58:00,2,1,78.93,85.0,55.0,82.02,55.99,78.93,1.0,0.0,5.72,45.0,45.01,0.0,0.0,0.0,120.0,55.99,0.0,0.88,0.0,0.0,0.0,85.11,0.0,62.3,76.42,77.07,44.72
2018-08-27 18:59:00,2,1,78.91,85.0,55.0,81.97,56.06,78.91,1.0,0.0,5.72,45.0,45.01,0.0,0.0,0.0,120.0,56.06,0.0,0.88,0.0,0.0,0.0,85.03,0.0,62.48,76.66,76.88,44.84
2018-08-27 19:00:00,2,1,78.89,85.0,55.0,81.92,56.13,78.89,1.0,0.0,5.72,45.0,45.01,0.0,0.0,0.0,120.0,56.13,0.0,0.88,0.0,0.0,0.0,84.96,0.0,62.65,76.89,76.69,44.97
2018-08-27 19:01:00,2,1,78.88,85.0,55.0,81.88,56.2,78.88,1.0,0.0,5.72,45.0,45.01,0.0,0.0,0.0,120.0,56.2,0.0,0.88,0.0,0.0,0.0,84.89,0.0,62.8,77.08,76.51,45.09
2018-08-27 19:02:00,2,1,78.86,85.0,55.0,81.84,56.27,78.86,1.0,0.0,5.72,45.0,45.01,0.0,0.0,0.0,120.0,56.27,0.0,0.88,0.0,0.0,0.0,84.82,0.0,62.93,77.25,76.33,45.21
2018-08-27 19:03:00,2,1,78.85,85.0,55.0,81.8,56.34,78.85,1.0,0.0,5.72,45.0,45.01,0.0,0.0,0.0,120.0,56.34,0.0,0.88,0.0,0.0,0.0,84.76,0.0,63.06,77.4,76.15,45.33
2018-08-27 19:04:00,2,1,78.83,85.0,55.0,81.76,56.41,78.83,1.0,0.0,5.72,45.0,45.01,0.0,0.0,0.0,120.0,56.41,0.0,0.88,0.0,0.0,0.0,84.69,0.0,63.19,77.56,75.97,45.44
2018-08-27 19:05:00,2,1,78.82,85.0,55.0,81.73,56.48,78.82,1.0,0.0,5.72,45.0,45.01,0.0,0.0,0.0,120.0,56.48,0.0,0.88,0.0,0.0,0.0,84.63,0.0,63.31,77.71,75.79,45.56
2018-08-27 19:06:00,2,1,78.81,85.0,55.0,81.69,56.55,78.81,1.0,0.0,5.72,45.0,45.01,0.0,0.0,0.0,120.0,56.55,0.0,0.88,0.0,0.0,0.0,84.57,0.0,63.43,77.86,75.61,45.67
2018-08-27 19:07:00,2,1,78.8,85.0,55.0,81.65,56.62,78.8,1.0,0.0,5.72,45.0,45.01,0.0,0.0,0.0,120.0,56.62,0.0,0.88,0.0,0.0,0.0,84.51,0.0,63.55,78.0,75.44,45.78
2018-08-27 19:08:00,2,1,78.79,85.0,55.0,81.62,56.69,78.79,1.0,0.0,5.72,45.0,45.01,0.0,0.0,0.0,120.0,56.69,0.0,0.88,0.0,0.0,0.0,84.45,0.0,63.66,78.15,75.27,45.89
2018-08-27 19:09:00,2,1,78.79,85.0,55.0,81.59,56.75,78.79,1.0,0.0,5.72,45.0,45.01,0.0,0.0,0.0,120.0,56.75,0.0,0.88,0.0,0.0,0.0,84.39,0.0,63.77,78.29,75.1,45.99
2018-08-27 19:10:00,2,1,78.78,85.0,55.0,81.55,56.82,78.78,1.0,0.0,5.72,45.0,45.01,0.0,0.0,0.0,120.0,56.82,0.0,0.88,0.0,0.0,0.0,84.33,0.0,63.88,78.43,74.93,46.1
2018-08-27 19:11:00,2,1,78.77,85.0,55.0,81.52,56.89,78.77,1.0,0.0,5.72,45.0,45.01,0.0,0.0,0.0,120.0,56.89,0.0,0.88,0.0,0.0,0.0,84.27,0.0,63.99,78.56,74.77,46.2
2018-08-27 19:12:00,2,1,78.77,85.0,55.0,81.49,56.95,78.77,1.0,0.0,5.72,45.0,45.01,0.0,0.0,0.0,120.0,56.95,0.0,0.88,0.0,0.0,0.0,84.21,0.0,64.1,78.69,74.6,46.31
2018-08-27 19:13:00,2,1,78.76,85.0,55.0,81.46,57.02,78.76,1.0,0.0,5.72,45.0,45.01,0.0,0.0,0.0,120.0,57.02,0.0,0.88,0.0,0.0,0.0,84.15,0.0,64.2,78.82,74.44,46.41
2018-08-27 19:14:00,2,1,78.76,85.0,55.0,81.43,57.09,78.76,1.0,0.0,5.72,45.0,45.01,0.0,0.0,0.0,120.0,57.09,0.0,0.88,0.0,0.0,0.0,84.09,0.0,64.3,78.95,74.28,46.51
2018-08-27 19:15:00,2,1,78.76,85.0,55.0,81.4,57.15,78.76,1.0,0.0,5.72,45.0,45.01,0.0,0.0,0.0,120.0,57.15,0.0,0.88,0.0,0.0,0.0,84.04,0.0,64.4,79.08,74.12,46.61
2018-08-27 19:16:00,2,1,78.75,85.0,55.0,81.37,57.21,78.75,1.0,0.0,5.72,45.0,45.01,0.0,0.0,0.0,120.0,57.21,0.0,0.88,0.0,0.0,0.0,83.98,0.0,64.5,79.2,73.96,46.71
2018-08-27 19:17:00,2,1,78.75,85.0,55.0,81.34,57.28,78.75,1.0,0.0,5.72,45.0,45.01,0.0,0.0,0.0,120.0,57.28,0.0,0.88,0.0,0.0,0.0,83.93,0.0,64.6,79.32,73.8,46.8
2018-08-27 19:18:00,2,1,78.75,85.0,55.0,81.31,57.34,78.75,1.0,0.0,5.72,45.0,45.01,0.0,0.0,0.0,120.0,57.34,0.0,0.88,0.0,0.0,0.0,83.87,0.0,64.69,79.44,73.65,46.9
2018-08-27 19:19:00,2,1,78.75,85.0,55.0,81.28,57.41,78.75,1.0,0.0,5.72,45.0,45.01,0.0,0.0,0.0,120.0,57.41,0.0,0.88,0.0,0.0,0.0,83.82,0.0,64.78,79.55,73.5,46.99
2018-08-27 19:20:00,2,1,78.75,85.0,55.0,81.26,57.47,78.75,1.0,0.0,5.72,45.0,45.01,0.0,0.0,0.0,120.0,57.47,0.0,0.88,0.0,0.0,0.0,83.76,0.0,64.87,79.66,73.34,47.09
2018-08-27 19:21:00,2,1,78.75,85.0,55.0,81.23,57.53,78.75,1.0,0.0,5.72,45.0,45.01,0.0,0.0,0.0,120.0,57.53,0.0,0.88,0.0,0.0,0.0,83.71,0.0,64.96,79.77,73.19,47.18
2018-08-27 19:22:00,2,1,78.75,85.0,55.0,81.2,57.59,78.75,1.0,0.0,5.72,45.0,45.01,0.0,0.0,0.0,120.0,57.59,0.0,0.88,0.0,0.0,0.0,83.66,0.0,65.05,79.88,73.05,47.28
2018-08-27 19:23:00,2,1,78.75,85.0,55.0,81.18,57.66,78.75,1.0,0.0,5.72,45.0,45.01,0.0,0.0,0.0,120.0,57.66,0.0,0.88,0.0,0.0,0.0,83.6,0.0,65.13,79.98,72.9,47.37
2018-08-27 19:24:00,2,1,78.75,85.0,55.0,81.15,57.72,78.75,1.0,0.0,5.72,45.0,45.01,0.0,0.0,0.0,120.0,57.72,0.0,0.88,0.0,0.0,0.0,83.55,0.0,65.22,80.08,72.75,47.46
2018-08-27 19:25:00,2,1,78.75,85.0,55.0,81.13,57.78,78.75,1.0,0.0,5.72,45.0,45.01,0.0,0.0,0.0,120.0,57.78,0.0,0.88,0.0,0.0,0.0,83.5,0.0,65.3,80.18,72.61,47.55
2018-08-27 19:26:00,2,1,78.75,85.0,55.0,81.1,57.84,78.75,1.0,0.0,5.72,45.0,45.01,0.0,0.0,0.0,120.0,57.84,0.0,0.88,0.0,0.0,0.0,83.45,0.0,65.38,80.27,72.47,47.64
2018-08-27 19:27:00,2,1,78.76,85.0,55.0,81.08,57.9,78.76,1.0,0.0,5.72,45.0,45.01,0.0,0.0,0.0,120.0,57.9,0.0,0.88,0.0,0.0,0.0,83.4,0.0,65.45,80.37,72.33,47.73
2018-08-27 19:28:00,2,1,78.76,85.0,55.0,81.06,57.96,78.76,1.0,0.0,5.72,45.0,45.01,0.0,0.0,0.0,120.0,57.96,0.0,0.88,0.0,0.0,0.0,83.35,0.0,65.53,80.46,72.19,47.82
2018-08-27 19:29:00,2,1,78.76,85.0,55.0,81.03,58.02,78.76,1.0,0.0,5.72,45.0,45.01,0.0,0.0,0.0,120.0,58.02,0.0,0.88,0.0,0.0,0.0,83.3,0.0,65.61,80.54,72.05,47.91
2018-08-27 19:30:00,2,1,78.77,85.0,55.0,81.01,58.08,78.77,1.0,0.0,5.72,45.0,45.01,0.0,0.0,0.0,120.0,58.08,0.0,0.88,0.0,0.0,0.0,83.25,0.0,65.68,80.63,71.91,48.0
2018-08-27 19:31:00,2,1,78.77,85.0,55.0,80.99,58.14,78.77,1.0,0.0,5.72,45.0,45.01,0.0,0.0,0.0,120.0,58.14,0.0,0.88,0.0,0.0,0.0,83.21,0.0,65.75,80.71,71.78,48.09
2018-08-27 19:32:00,2,1,78.77,85.0,55.0,80.97,58.2,78.77,1.0,0.0,5.72,45.0,45.01,0.0,0.0,0.0,120.0,58.2,0.0,0.88,0.0,0.0,0.0,83.16,0.0,65.82,80.79,71.65,48.18
2018-08-27 19:33:00,2,1,78.78,85.0,55.0,80.95,58.25,78.78,1.0,0.0,5.72,45.0,45.01,0.0,0.0,0.0,120.0,58.25,0.0,0.88,0.0,0.0,0.0,83.11,0.0,65.89,80.87,71.51,48.26
2018-08-27 19:34:00,2,1,78.78,85.0,55.0,80.92,58.31,78.78,1.0,0.0,5.72,45.0,45.01,0.0,0.0,0.0,120.0,58.31,0.0,0.88,0.0,0.0,0.0,83.07,0.0,65.95,80.94,71.38,48.35
2018-08-27 19:35:00,2,1,78.79,85.0,55.0,80.9,58.37,78.79,1.0,0.0,5.72,45.0,45.01,0.0,0.0,0.0,120.0,58.37,0.0,0.88,0.0,0.0,0.0,83.02,0.0,66.02,81.01,71.26,48.44
2018-08-27 19:36:00,2,1,78.79,85.0,55.0,80.88,58.42,78.79,1.0,0.0,5.72,45.0,45.01,0.0,0.0,0.0,120.0,58.42,0.0,0.88,0.0,0.0,0.0,82.98,0.0,66.08,81.08,71.13,48.52
2018-08-27 19:37:00,2,1,78.79,85.0,55.0,80.86,58.48,78.79,1.0,0.0,5.72,45.0,45.01,0.0,0.0,0.0,120.0,58.48,0.0,0.88,0.0,0.0,0.0,82.93,0.0,66.14,81.15,71.0,48.61
2018-08-27 19:38:00,2,1,78.8,85.0,55.0,80.84,58.54,78.8,1.0,0.0,5.72,45.0,45.01,0.0,0.0,0.0,120.0,58.54,0.0,0.88,0.0,0.0,0.0,82.89,0.0,66.21,81.21,70.88,48.69
2018-08-27 19:39:00,2,1,78.8,85.0,55.0,80.82,58.59,78.8,1.0,0.0,5.72,45.0,45.01,0.0,0.0,0.0,120.0,58.59,0.0,0.88,0.0,0.0,0.0,82.84,0.0,66.26,81.28,70.75,48.78
2018-08-27 19:40:00,2,1,78.81,85.0,55.0,80.81,58.65,78.81,1.0,0.0,5.72,45.0,45.01,0.0,0.0,0.0,120.0,58.65,0.0,0.88,0.0,0.0,0.0,82.8,0.0,66.32,81.34,70.63,48.86
2018-08-27 19:41:00,2,1,78.82,85.0,55.0,80.79,58.7,78.82,1.0,0.0,5.72,45.0,45.01,0.0,0.0,0.0,120.0,58.7,0.0,0.88,0.0,0.0,0.0,82.76,0.0,66.38,81.39,70.51,48.95
2018-08-27 19:42:00,2,1,78.82,85.0,55.0,80.77,58.75,78.82,1.0,0.0,5.72,45.0,45.01,0.0,0.0,0.0,120.0,58.75,0.0,0.88,0.0,0.0,0.0,82.72,0.0,66.43,81.45,70.39,49.03
2018-08-27 19:43:00,2,1,78.83,85.0,55.0,80.75,58.81,78.83,1.0,0.0,5.72,45.0,45.01,0.0,0.0,0.0,120.0,58.81,0.0,0.88,0.0,0.0,0.0,82.68,0.0,66.49,81.5,70.27,49.11
2018-08-27 19:44:00,2,1,78.83,85.0,55.0,80.73,58.86,78.83,1.0,0.0,5.72,45.0,45.01,0.0,0.0,0.0,120.0,58.86,0.0,0.88,0.0,0.0,0.0,82.64,0.0,66.54,81.55,70.15,49.2
2018-08-27 19:45:00,2,1,78.84,85.0,55.0,80.72,58.91,78.84,1.0,0.0,5.72,45.0,45.01,0.0,0.0,0.0,120.0,58.91,0.0,0.88,0.0,0.0,0.0,82.6,0.0,66.59,81.59,70.04,49.28
2018-08-27 19:46:00,2,1,78.84,85.0,55.0,80.7,58.97,78.84,1.0,0.0,5.72,45.0,45.01,0.0,0.0,0.0,120.0,58.97,0.0,0.88,0.0,0.0,0.0,82.56,0.0,66.64,81.64,69.92,49.36
2018-08-27 19:47:00,2,1,78.85,85.0,55.0,80.68,59.02,78.85,1.0,0.0,5.72,45.0,45.01,0.0,0.0,0.0,120.0,59.02,0.0,0.88,0.0,0.0,0.0,82.52,0.0,66.69,81.68,69.79,49.45
2018-08-27 19:48:00,2,1,78.85,85.0,55.0,80.67,59.07,78.85,1.0,0.0,5.72,45.0,45.01,0.0,0.0,0.0,120.0,59.07,0.0,0.88,0.0,0.0,0.0,82.48,0.0,66.74,81.72,69.65,49.53
2018-08-27 19:49:00,2,1,78.86,85.0,55.0,80.65,59.12,78.86,1.0,0.0,5.72,45.0,45.01,0.0,0.0,0.0,120.0,59.12,0.0,0.88,0.0,0.0,0.0,82.44,0.0,66.78,81.75,69.5,49.61
2018-08-27 19:50:00,2,1,78.87,85.0,55.0,80.63,59.17,78.87,1.0,0.0,5.72,45.0,45.01,0.0,0.0,0.0,120.0,59.17,0.0,0.88,0.0,0.0,0.0,82.4,0.0,66.83,81.79,69.36,49.7
2018-08-27 19:51:00,2,1,78.87,85.0,55.0,80.62,59.22,78.87,1.0,0.0,5.72,45.0,45.01,0.0,0.0,0.0,120.0,59.22,0.0,0.88,0.0,0.0,0.0,82.37,0.0,66.87,81.82,69.21,49.78
2018-08-27 19:52:00,2,1,78.88,85.0,55.0,80.6,59.27,78.88,1.0,0.0,5.72,45.0,45.01,0.0,0.0,0.0,120.0,59.27,0.0,0.88,0.0,0.0,0.0,82.33,0.0,66.91,81.85,69.07,49.86
2018-08-27 19:53:00,2,1,78.88,85.0,55.0,80.59,59.32,78.88,1.0,0.0,5.72,45.0,45.01,0.0,0.0,0.0,120.0,59.32,0.0,0.88,0.0,0.0,0.0,82.29,0.0,66.96,81.87,68.93,49.94
2018-08-27 19:54:00,2,1,78.89,85.0,55.0,80.57,59.37,78.89,1.0,0.0,5.72,45.0,45.01,0.0,0.0,0.0,120.0,59.37,0.0,0.88,0.0,0.0,0.0,82.26,0.0,67.0,81.9,68.79,50.03
2018-08-27 19:55:00,2,1,78.89,85.0,55.0,80.56,59.42,78.89,1.0,0.0,5.72,45.0,45.01,0.0,0.0,0.0,120.0,59.42,0.0,0.88,0.0,0.0,0.0,82.22,0.0,67.04,81.92,68.66,50.11
2018-08-27 19:56:00,2,1,78.9,85.0,55.0,80.54,59.47,78.9,1.0,0.0,5.72,45.0,45.01,0.0,0.0,0.0,120.0,59.47,0.0,0.88,0.0,0.0,0.0,82.19,0.0,67.07,81.94,68.52,50.19
2018-08-27 19:57:00,2,1,78.9,85.0,55.0,80.53,59.52,78.9,1.0,0.0,5.72,45.0,45.01,0.0,0.0,0.0,120.0,59.52,0.0,0.88,0.0,0.0,0.0,82.15,0.0,67.11,81.96,68.39,50.27
2018-08-27 19:58:00,2,1,78.91,85.0,55.0,80.51,59.57,78.91,1.0,0.0,5.72,45.0,45.01,0.0,0.0,0.0,120.0,59.57,0.0,0.88,0.0,0.0,0.0,82.12,0.0,67.15,81.97,68.26,50.36
2018-08-27 19:59:00,2,1,78.91,85.0,55.0,80.5,59.61,78.91,1.0,0.0,5.72,45.0,45.01,0.0,0.0,0.0,120.0,59.61,0.0,0.88,0.0,0.0,0.0,82.09,0.0,67.18,81.98,68.13,50.44
2018-08-27 20:00:00,2,1,78.92,85.0,55.0,80.49,59.66,78.92,1.0,0.0,5.72,45.0,45.01,0.0,0.0,0.0,120.0,59.66,0.0,0.88,0.0,0.0,0.0,82.05,0.0,67.22,81.99,68.0,50.52
2018-08-27 20:01:00,2,1,78.92,85.0,55.0,80.47,59.71,78.92,1.0,0.0,5.72,45.0,45.01,0.0,0.0,0.0,120.0,59.71,0.0,0.88,0.0,0.0,0.0,82.02,0.0,67.24,81.99,67.87,50.61
2018-08-27 20:02:00,2,1,78.93,85.0,55.0,80.46,59.75,78.93,1.0,0.0,5.72,45.0,45.01,0.0,0.0,0.0,120.0,59.75,0.0,0.88,0.0,0.0,0.0,82.0,0.0,67.27,81.98,67.75,50.69
2018-08-27 20:03:00,2,1,78.93,85.0,55.0,80.45,59.8,78.93,1.0,0.0,5.72,45.0,45.01,0.0,0.0,0.0,120.0,59.8,0.0,0.88,0.0,0.0,0.0,81.97,0.0,67.29,81.97,67.62,50.78
2018-08-27 20:04:00,2,1,78.93,85.0,55.0,80.43,59.84,78.93,1.0,0.0,5.72,45.0,45.01,0.0,0.0,0.0,120.0,59.84,0.0,0.88,0.0,0.0,0.0,81.94,0.0,67.32,81.95,67.5,50.87
2018-08-27 20:05:00,2,1,78.92,85.0,55.0,80.42,59.89,78.92,1.0,0.0,5.72,45.0,45.01,0.0,0.0,0.0,120.0,59.89,0.0,0.88,0.0,0.0,0.0,81.92,0.0,67.34,81.93,67.38,50.96
2018-08-27 20:06:00,2,1,78.92,85.0,55.0,80.41,59.93,78.92,1.0,0.0,5.72,45.0,45.01,0.0,0.0,0.0,120.0,59.93,0.0,0.88,0.0,0.0,0.0,81.89,0.0,67.37,81.91,67.26,51.05
2018-08-27 20:07:00,2,1,78.92,85.0,55.0,80.39,59.98,78.92,1.0,0.0,5.72,45.0,45.01,0.0,0.0,0.0,120.0,59.98,0.0,0.88,0.0,0.0,0.0,81.86,0.0,67.4,81.88,67.15,51.14
2018-08-27 20:08:00,2,1,78.91,85.0,55.0,80.38,60.02,78.91,1.0,0.0,5.72,45.0,45.01,0.0,0.0,0.0,120.0,60.02,0.0,0.88,0.0,0.0,0.0,81.84,0.0,67.42,81.86,67.03,51.23
2018-08-27 20:09:00,2,1,78.91,85.0,55.0,80.36,60.06,78.91,1.0,0.0,5.72,45.0,45.01,0.0,0.0,0.0,120.0,60.06,0.0,0.88,0.0,0.0,0.0,81.81,0.0,67.44,81.83,66.92,51.33
2018-08-27 20:10:00,2,1,78.9,85.0,55.0,80.35,60.11,78.9,1.0,0.0,5.72,45.0,45.01,0.0,0.0,0.0,120.0,60.11,0.0,0.88,0.0,0.0,0.0,81.79,0.0,67.47,81.8,66.8,51.42
2018-08-27 20:11:00,2,1,78.89,85.0,55.0,80.33,60.15,78.89,1.0,0.0,5.72,45.0,45.01,0.0,0.0,0.0,120.0,60.15,0.0,0.88,0.0,0.0,0.0,81.77,0.0,67.49,81.77,66.69,51.51
2018-08-27 20:12:00,2,1,78.89,85.0,55.0,80.31,60.19,78.89,1.0,0.0,5.72,45.0,45.01,0.0,0.0,0.0,120.0,60.19,0.0,0.88,0.0,0.0,0.0,81.74,0.0,67.52,81.74,66.58,51.61
2018-08-27 20:13:00,2,1,78.88,85.0,55.0,80.3,60.23,78.88,1.0,0.0,5.72,45.0,45.01,0.0,0.0,0.0,120.0,60.23,0.0,0.88,0.0,0.0,0.0,81.72,0.0,67.54,81.7,66.47,51.7
2018-08-27 20:14:00,2,1,78.87,85.0,55.0,80.28,60.27,78.87,1.0,0.0,5.72,45.0,45.01,0.0,0.0,0.0,120.0,60.27,0.0,0.88,0.0,0.0,0.0,81.7,0.0,67.56,81.67,66.37,51.8
2018-08-27 20:15:00,2,1,78.86,85.0,55.0,80.27,60.31,78.86,1.0,0.0,5.72,45.0,45.01,0.0,0.0,0.0,120.0,60.31,0.0,0.88,0.0,0.0,0.0,81.67,0.0,67.58,81.63,66.26,51.9
2018-08-27 20:16:00,2,1,78.85,85.0,55.0,80.25,60.35,78.85,1.0,0.0,5.72,45.0,45.01,0.0,0.0,0.0,120.0,60.35,0.0,0.88,0.0,0.0,0.0,81.65,0.0,67.6,81.59,66.16,51.99
2018-08-27 20:17:00,2,1,78.84,85.0,55.0,80.23,60.39,78.84,1.0,0.0,5.72,45.0,45.01,0.0,0.0,0.0,120.0,60.39,0.0,0.88,0.0,0.0,0.0,81.63,0.0,67.62,81.55,66.06,52.09
2018-08-27 20:18:00,2,1,78.83,85.0,55.0,80.22,60.43,78.83,1.0,0.0,5.72,45.0,45.01,0.0,0.0,0.0,120.0,60.43,0.0,0.88,0.0,0.0,0.0,81.61,0.0,67.64,81.51,65.95,52.18
2018-08-27 20:19:00,2,1,78.82,85.0,55.0,80.2,60.47,78.82,1.0,0.0,5.72,45.0,45.01,0.0,0.0,0.0,120.0,60.47,0.0,0.88,0.0,0.0,0.0,81.59,0.0,67.66,81.46,65.86,52.28
2018-08-27 20:20:00,2,1,78.8,85.0,55.0,80.19,60.51,78.8,1.0,0.0,5.72,45.0,45.01,0.0,0.0,0.0,120.0,60.51,0.0,0.88,0.0,0.0,0.0,81.57,0.0,67.68,81.42,65.76,52.37
2018-08-27 20:21:00,2,1,78.79,85.0,55.0,80.17,60.55,78.79,1.0,0.0,5.72,45.0,45.01,0.0,0.0,0.0,120.0,60.55,0.0,0.88,0.0,0.0,0.0,81.55,0.0,67.7,81.37,65.66,52.47
2018-08-27 20:22:00,2,1,78.78,85.0,55.0,80.15,60.59,78.78,1.0,0.0,5.72,45.0,45.01,0.0,0.0,0.0,120.0,60.59,0.0,0.88,0.0,0.0,0.0,81.53,0.0,67.72,81.32,65.56,52.56
2018-08-27 20:23:00,2,1,78.77,85.0,55.0,80.14,60.62,78.77,1.0,0.0,5.72,45.0,45.01,0.0,0.0,0.0,120.0,60.62,0.0,0.88,0.0,0.0,0.0,81.51,0.0,67.74,81.27,65.47,52.66
2018-08-27 20:24:00,2,1,78.75,85.0,55.0,80.12,60.66,78.75,1.0,0.0,5.72,45.0,45.01,0.0,0.0,0.0,120.0,60.66,0.0,0.88,0.0,0.0,0.0,81.49,0.0,67.75,81.22,65.38,52.75
2018-08-27 20:25:00,2,1,78.74,85.0,55.0,80.11,60.7,78.74,1.0,0.0,5.72,45.0,45.01,0.0,0.0,0.0,120.0,60.7,0.0,0.88,0.0,0.0,0.0,81.47,0.0,67.77,81.17,65.29,52.85
2018-08-27 20:26:00,2,1,78.72,85.0,55.0,80.09,60.73,78.72,1.0,0.0,5.72,45.0,45.01,0.0,0.0,0.0,120.0,60.73,0.0,0.88,0.0,0.0,0.0,81.45,0.0,67.78,81.11,65.2,52.94
2018-08-27 20:27:00,2,1,78.71,85.0,55.0,80.07,60.77,78.71,1.0,0.0,5.72,45.0,45.01,0.0,0.0,0.0,120.0,60.77,0.0,0.88,0.0,0.0,0.0,81.44,0.0,67.8,81.06,65.11,53.03
2018-08-27 20:28:00,2,1,78.7,85.0,55.0,80.06,60.8,78.7,1.0,0.0,5.72,45.0,45.01,0.0,0.0,0.0,120.0,60.8,0.0,0.88,0.0,0.0,0.0,81.42,0.0,67.81,81.0,65.02,53.13
2018-08-27 20:29:00,2,1,78.68,85.0,55.0,80.04,60.84,78.68,1.0,0.0,5.72,45.0,45.01,0.0,0.0,0.0,120.0,60.84,0.0,0.88,0.0,0.0,0.0,81.4,0.0,67.82,80.95,64.93,53.22
2018-08-27 20:30:00,2,1,78.67,85.0,55.0,80.03,60.87,78.67,1.0,0.0,5.72,45.0,45.01,0.0,0.0,0.0,120.0,60.87,0.0,0.88,0.0,0.0,0.0,81.38,0.0,67.84,80.89,64.85,53.31
2018-08-27 20:31:00,2,1,78.65,85.0,55.0,80.01,60.9,78.65,1.0,0.0,5.72,45.0,45.01,0.0,0.0,0.0,120.0,60.9,0.0,0.88,0.0,0.0,0.0,81.37,0.0,67.85,80.83,64.76,53.4
2018-08-27 20:32:00,2,1,78.64,85.0,55.0,79.99,60.94,78.64,1.0,0.0,5.72,45.0,45.01,0.0,0.0,0.0,120.0,60.94,0.0,0.88,0.0,0.0,0.0,81.35,0.0,67.86,80.77,64.68,53.49
2018-08-27 20:33:00,2,1,78.62,85.0,55.0,79.98,60.97,78.62,1.0,0.0,5.72,45.0,45.01,0.0,0.0,0.0,120.0,60.97,0.0,0.88,0.0,0.0,0.0,81.33,0.0,67.87,80.71,64.6,53.58
2018-08-27 20:34:00,2,1,78.6,85.0,55.0,79.96,61.0,78.6,1.0,0.0,5.72,45.0,45.01,0.0,0.0,0.0,120.0,61.0,0.0,0.88,0.0,0.0,0.0,81.32,0.0,67.88,80.65,64.52,53.67
2018-08-27 20:35:00,2,1,78.59,85.0,55.0,79.95,61.04,78.59,1.0,0.0,5.72,45.0,45.01,0.0,0.0,0.0,120.0,61.04,0.0,0.88,0.0,0.0,0.0,81.3,0.0,67.89,80.59,64.44,53.76
2018-08-27 20:36:00,2,1,78.57,85.0,55.0,79.93,61.07,78.57,1.0,0.0,5.72,45.0,45.01,0.0,0.0,0.0,120.0,61.07,0.0,0.88,0.0,0.0,0.0,81.29,0.0,67.9,80.53,64.36,53.84
2018-08-27 20:37:00,2,1,78.56,85.0,55.0,79.91,61.1,78.56,1.0,0.0,5.72,45.0,45.01,0.0,0.0,0.0,120.0,61.1,0.0,0.88,0.0,0.0,0.0,81.27,0.0,67.91,80.47,64.28,53.93
2018-08-27 20:38:00,2,1,78.54,85.0,55.0,79.9,61.13,78.54,1.0,0.0,5.72,45.0,45.01,0.0,0.0,0.0,120.0,61.13,0.0,0.88,0.0,0.0,0.0,81.26,0.0,67.92,80.41,64.21,54.02
2018-08-27 20:39:00,2,1,78.52,85.0,55.0,79.88,61.16,78.52,1.0,0.0,5.72,45.0,45.01,0.0,0.0,0.0,120.0,61.16,0.0,0.88,0.0,0.0,0.0,81.24,0.0,67.92,80.34,64.13,54.1
2018-08-27 20:40:00,2,1,78.51,85.0,55.0,79.87,61.19,78.51,1.0,0.0,5.72,45.0,45.01,0.0,0.0,0.0,120.0,61.19,0.0,0.88,0.0,0.0,0.0,81.23,0.0,67.93,80.28,64.06,54.19
2018-08-27 20:41:00,2,1,78.49,85.0,55.0,79.85,61.22,78.49,1.0,0.0,5.72,45.0,45.01,0.0,0.0,0.0,120.0,61.22,0.0,0.88,0.0,0.0,0.0,81.21,0.0,67.94,80.22,63.99,54.27
2018-08-27 20:42:00,2,1,78.48,85.0,55.0,79.84,61.25,78.48,1.0,0.0,5.72,45.0,45.01,0.0,0.0,0.0,120.0,61.25,0.0,0.88,0.0,0.0,0.0,81.2,0.0,67.94,80.15,63.92,54.35
2018-08-27 20:43:00,2,1,78.46,85.0,55.0,79.82,61.28,78.46,1.0,0.0,5.72,45.0,45.01,0.0,0.0,0.0,120.0,61.28,0.0,0.88,0.0,0.0,0.0,81.18,0.0,67.95,80.09,63.85,54.44
2018-08-27 20:44:00,2,1,78.44,85.0,55.0,79.81,61.31,78.44,1.0,0.0,5.72,45.0,45.01,0.0,0.0,0.0,120.0,61.31,0.0,0.88,0.0,0.0,0.0,81.17,0.0,67.95,80.03,63.78,54.52
2018-08-27 20:45:00,2,1,78.43,85.0,55.0,79.79,61.34,78.43,1.0,0.0,5.72,45.0,45.01,0.0,0.0,0.0,120.0,61.34,0.0,0.88,0.0,0.0,0.0,81.16,0.0,67.96,79.96,63.71,54.6
2018-08-27 20:46:00,2,1,78.41,85.0,55.0,79.78,61.36,78.41,1.0,0.0,5.72,45.0,45.01,0.0,0.0,0.0,120.0,61.36,0.0,0.88,0.0,0.0,0.0,81.14,0.0,67.96,79.9,63.65,54.68
2018-08-27 20:47:00,2,1,78.39,85.0,55.0,79.76,61.39,78.39,1.0,0.0,5.72,45.0,45.01,0.0,0.0,0.0,120.0,61.39,0.0,0.88,0.0,0.0,0.0,81.13,0.0,67.97,79.83,63.58,54.75
2018-08-27 20:48:00,2,1,78.38,85.0,55.0,79.75,61.42,78.38,1.0,0.0,5.72,45.0,45.01,0.0,0.0,0.0,120.0,61.42,0.0,0.88,0.0,0.0,0.0,81.12,0.0,67.97,79.77,63.52,54.83
2018-08-27 20:49:00,2,1,78.36,85.0,55.0,79.73,61.44,78.36,1.0,0.0,5.72,45.0,45.01,0.0,0.0,0.0,120.0,61.44,0.0,0.88,0.0,0.0,0.0,81.1,0.0,67.97,79.7,63.45,54.91
2018-08-27 20:50:00,2,1,78.35,85.0,55.0,79.72,61.47,78.35,1.0,0.0,5.72,45.0,45.01,0.0,0.0,0.0,120.0,61.47,0.0,0.88,0.0,0.0,0.0,81.09,0.0,67.98,79.64,63.39,54.98
2018-08-27 20:51:00,2,1,78.33,85.0,55.0,79.7,61.5,78.33,1.0,0.0,5.72,45.0,45.01,0.0,0.0,0.0,120.0,61.5,0.0,0.88,0.0,0.0,0.0,81.08,0.0,67.98,79.58,63.33,55.06
2018-08-27 20:52:00,2,1,78.31,85.0,55.0,79.69,61.52,78.31,1.0,0.0,5.72,45.0,45.01,0.0,0.0,0.0,120.0,61.52,0.0,0.88,0.0,0.0,0.0,81.06,0.0,67.98,79.51,63.27,55.13
2018-08-27 20:53:00,2,1,78.3,85.0,55.0,79.67,61.55,78.3,1.0,0.0,5.72,45.0,45.01,0.0,0.0,0.0,120.0,61.55,0.0,0.88,0.0,0.0,0.0,81.05,0.0,67.98,79.45,63.21,55.2
2018-08-27 20:54:00,2,1,78.28,85.0,55.0,79.66,61.57,78.28,1.0,0.0,5.72,45.0,45.01,0.0,0.0,0.0,120.0,61.57,0.0,0.88,0.0,0.0,0.0,81.04,0.0,67.98,79.39,63.15,55.28
2018-08-27 20:55:00,2,1,78.27,85.0,55.0,79.65,61.6,78.27,1.0,0.0,5.72,45.0,45.01,0.0,0.0,0.0,120.0,61.6,0.0,0.88,0.0,0.0,0.0,81.03,0.0,67.99,79.33,63.09,55.35
2018-08-27 20:56:00,2,1,78.25,85.0,55.0,79.63,61.62,78.25,1.0,0.0,5.72,45.0,45.01,0.0,0.0,0.0,120.0,61.62,0.0,0.88,0.0,0.0,0.0,81.01,0.0,67.99,79.26,63.03,55.41
2018-08-27 20:57:00,2,1,78.23,85.0,55.0,79.62,61.64,78.23,1.0,0.0,5.72,45.0,45.01,0.0,0.0,0.0,120.0,61.64,0.0,0.88,0.0,0.0,0.0,81.0,0.0,67.99,79.2,62.98,55.48
2018-08-27 20:58:00,2,1,78.22,85.0,55.0,79.6,61.67,78.22,1.0,0.0,5.72,45.0,45.01,0.0,0.0,0.0,120.0,61.67,0.0,0.88,0.0,0.0,0.0,80.99,0.0,67.99,79.14,62.92,55.55
2018-08-27 20:59:00,2,1,78.2,85.0,55.0,79.59,61.69,78.2,1.0,0.0,5.72,45.0,45.01,0.0,0.0,0.0,120.0,61.69,0.0,0.88,0.0,0.0,0.0,80.98,0.0,67.99,79.08,62.87,55.62
2018-08-27 21:00:00,2,1,78.19,85.0,55.0,79.58,61.71,78.19,1.0,0.0,5.72,45.0,45.01,0.0,0.0,0.0,120.0,61.71,0.0,0.88,0.0,0.0,0.0,80.97,0.0,67.99,79.02,62.82,55.68
2018-08-27 21:01:00,2,1,78.18,85.0,55.0,79.56,61.74,78.18,1.0,0.0,5.72,45.0,45.01,0.0,0.0,0.0,120.0,61.74,0.0,0.88,0.0,0.0,0.0,80.95,0.0,68.0,78.99,62.76,55.74
2018-08-27 21:02:00,2,1,78.16,85.0,55.0,79.55,61.76,78.16,1.0,0.0,5.72,45.0,45.01,0.0,0.0,0.0,120.0,61.76,0.0,0.88,0.0,0.0,0.0,80.94,0.0,68.01,78.96,62.71,55.8
2018-08-27 21:03:00,2,1,78.15,85.0,55.0,79.54,61.78,78.15,1.0,0.0,5.72,45.0,45.01,0.0,0.0,0.0,120.0,61.78,0.0,0.88,0.0,0.0,0.0,80.93,0.0,68.03,78.94,62.66,55.86
2018-08-27 21:04:00,2,1,78.14,85.0,55.0,79.53,61.8,78.14,1.0,0.0,5.72,45.0,45.01,0.0,0.0,0.0,120.0,61.8,0.0,0.88,0.0,0.0,0.0,80.91,0.0,68.04,78.92,62.61,55.91
2018-08-27 21:05:00,2,1,78.13,85.0,55.0,79.52,61.82,78.13,1.0,0.0,5.72,45.0,45.01,0.0,0.0,0.0,120.0,61.82,0.0,0.88,0.0,0.0,0.0,80.9,0.0,68.05,78.89,62.56,55.97
2018-08-27 21:06:00,2,1,78.12,85.0,55.0,79.51,61.84,78.12,1.0,0.0,5.72,45.0,45.01,0.0,0.0,0.0,120.0,61.84,0.0,0.88,0.0,0.0,0.0,80.89,0.0,68.06,78.87,62.51,56.01
2018-08-27 21:07:00,2,1,78.12,85.0,55.0,79.5,61.87,78.12,1.0,0.0,5.72,45.0,45.01,0.0,0.0,0.0,120.0,61.87,0.0,0.88,0.0,0.0,0.0,80.88,0.0,68.07,78.85,62.47,56.06
2018-08-27 21:08:00,2,1,78.11,85.0,55.0,79.49,61.89,78.11,1.0,0.0,5.72,45.0,45.01,0.0,0.0,0.0,120.0,61.89,0.0,0.88,0.0,0.0,0.0,80.86,0.0,68.08,78.83,62.42,56.11
2018-08-27 21:09:00,2,1,78.11,85.0,55.0,79.48,61.91,78.11,1.0,0.0,5.72,45.0,45.01,0.0,0.0,0.0,120.0,61.91,0.0,0.88,0.0,0.0,0.0,80.85,0.0,68.09,78.82,62.37,56.15
2018-08-27 21:10:00,2,1,78.1,85.0,55.0,79.47,61.93,78.1,1.0,0.0,5.72,45.0,45.01,0.0,0.0,0.0,120.0,61.93,0.0,0.88,0.0,0.0,0.0,80.84,0.0,68.1,78.8,62.33,56.19
2018-08-27 21:11:00,2,1,78.1,85.0,55.0,79.46,61.95,78.1,1.0,0.0,5.72,45.0,45.01,0.0,0.0,0.0,120.0,61.95,0.0,0.88,0.0,0.0,0.0,80.82,0.0,68.11,78.78,62.28,56.23
2018-08-27 21:12:00,2,1,78.09,85.0,55.0,79.45,61.97,78.09,1.0,0.0,5.72,45.0,45.01,0.0,0.0,0.0,120.0,61.97,0.0,0.88,0.0,0.0,0.0,80.81,0.0,68.12,78.77,62.24,56.27
2018-08-27 21:13:00,2,1,78.09,85.0,55.0,79.45,61.99,78.09,1.0,0.0,5.72,45.0,45.01,0.0,0.0,0.0,120.0,61.99,0.0,0.88,0.0,0.0,0.0,80.8,0.0,68.13,78.75,62.19,56.3
2018-08-27 21:14:00,2,1,78.09,85.0,55.0,79.44,62.0,78.09,1.0,0.0,5.72,45.0,45.01,0.0,0.0,0.0,120.0,62.0,0.0,0.88,0.0,0.0,0.0,80.79,0.0,68.13,78.74,62.15,56.34
2018-08-27 21:15:00,2,1,78.09,85.0,55.0,79.43,62.02,78.09,1.0,0.0,5.72,45.0,45.01,0.0,0.0,0.0,120.0,62.02,0.0,0.88,0.0,0.0,0.0,80.77,0.0,68.14,78.73,62.1,56.37
2018-08-27 21:16:00,2,1,78.09,85.0,55.0,79.42,62.04,78.09,1.0,0.0,5.72,45.0,45.01,0.0,0.0,0.0,120.0,62.04,0.0,0.88,0.0,0.0,0.0,80.76,0.0,68.15,78.71,62.06,56.41
2018-08-27 21:17:00,2,1,78.09,85.0,55.0,79.42,62.06,78.09,1.0,0.0,5.72,45.0,45.01,0.0,0.0,0.0,120.0,62.06,0.0,0.88,0.0,0.0,0.0,80.75,0.0,68.15,78.7,62.02,56.44
2018-08-27 21:18:00,2,1,78.09,85.0,55.0,79.41,62.08,78.09,1.0,0.0,5.72,45.0,45.01,0.0,0.0,0.0,120.0,62.08,0.0,0.88,0.0,0.0,0.0,80.73,0.0,68.16,78.69,61.98,56.47
2018-08-27 21:19:00,2,1,78.09,85.0,55.0,79.4,62.1,78.09,1.0,0.0,5.72,45.0,45.01,0.0,0.0,0.0,120.0,62.1,0.0,0.88,0.0,0.0,0.0,80.72,0.0,68.17,78.68,61.94,56.5
2018-08-27 21:20:00,2,1,78.09,85.0,55.0,79.4,62.12,78.09,1.0,0.0,5.72,45.0,45.01,0.0,0.0,0.0,120.0,62.12,0.0,0.88,0.0,0.0,0.0,80.71,0.0,68.17,78.67,61.89,56.53
2018-08-27 21:21:00,2,1,78.09,85.0,55.0,79.39,62.13,78.09,1.0,0.0,5.72,45.0,45.01,0.0,0.0,0.0,120.0,62.13,0.0,0.88,0.0,0.0,0.0,80.7,0.0,68.18,78.67,61.85,56.55
2018-08-27 21:22:00,2,1,78.09,85.0,55.0,79.39,62.15,78.09,1.0,0.0,5.72,45.0,45.01,0.0,0.0,0.0,120.0,62.15,0.0,0.88,0.0,0.0,0.0,80.68,0.0,68.18,78.66,61.81,56.58
2018-08-27 21:23:00,2,1,78.09,85.0,55.0,79.38,62.17,78.09,1.0,0.0,5.72,45.0,45.01,0.0,0.0,0.0,120.0,62.17,0.0,0.88,0.0,0.0,0.0,80.67,0.0,68.19,78.65,61.78,56.61
2018-08-27 21:24:00,2,1,78.09,85.0,55.0,79.37,62.19,78.09,1.0,0.0,5.72,45.0,45.01,0.0,0.0,0.0,120.0,62.19,0.0,0.88,0.0,0.0,0.0,80.66,0.0,68.2,78.65,61.74,56.63
2018-08-27 21:25:00,2,1,78.1,85.0,55.0,79.37,62.2,78.1,1.0,0.0,5.72,45.0,45.01,0.0,0.0,0.0,120.0,62.2,0.0,0.88,0.0,0.0,0.0,80.64,0.0,68.2,78.64,61.7,56.66
2018-08-27 21:26:00,2,1,78.1,85.0,55.0,79.36,62.22,78.1,1.0,0.0,5.72,45.0,45.01,0.0,0.0,0.0,120.0,62.22,0.0,0.88,0.0,0.0,0.0,80.63,0.0,68.21,78.64,61.66,56.68
2018-08-27 21:27:00,2,1,78.1,85.0,55.0,79.36,62.24,78.1,1.0,0.0,5.72,45.0,45.01,0.0,0.0,0.0,120.0,62.24,0.0,0.88,0.0,0.0,0.0,80.61,0.0,68.22,78.63,61.62,56.71
2018-08-27 21:28:00,2,1,78.11,85.0,55.0,79.35,62.25,78.11,1.0,0.0,5.72,45.0,45.01,0.0,0.0,0.0,120.0,62.25,0.0,0.88,0.0,0.0,0.0,80.6,0.0,68.22,78.63,61.59,56.73
2018-08-27 21:29:00,2,1,78.11,85.0,55.0,79.35,62.27,78.11,1.0,0.0,5.72,45.0,45.01,0.0,0.0,0.0,120.0,62.27,0.0,0.88,0.0,0.0,0.0,80.59,0.0,68.23,78.63,61.55,56.75
2018-08-27 21:30:00,2,1,78.11,85.0,55.0,79.34,62.29,78.11,1.0,0.0,5.72,45.0,45.01,0.0,0.0,0.0,120.0,62.29,0.0,0.88,0.0,0.0,0.0,80.57,0.0,68.24,78.63,61.51,56.78
2018-08-27 21:31:00,2,1,78.12,85.0,55.0,79.34,62.3,78.12,1.0,0.0,5.72,45.0,45.01,0.0,0.0,0.0,120.0,62.3,0.0,0.88,0.0,0.0,0.0,80.56,0.0,68.24,78.63,61.48,56.8
2018-08-27 21:32:00,2,1,78.12,85.0,55.0,79.33,62.32,78.12,1.0,0.0,5.72,45.0,45.01,0.0,0.0,0.0,120.0,62.32,0.0,0.88,0.0,0.0,0.0,80.54,0.0,68.25,78.63,61.44,56.82
2018-08-27 21:33:00,2,1,78.13,85.0,55.0,79.33,62.33,78.13,1.0,0.0,5.72,45.0,45.01,0.0,0.0,0.0,120.0,62.33,0.0,0.88,0.0,0.0,0.0,80.53,0.0,68.26,78.63,61.41,56.84
2018-08-27 21:34:00,2,1,78.13,85.0,55.0,79.32,62.35,78.13,1.0,0.0,5.72,45.0,45.01,0.0,0.0,0.0,120.0,62.35,0.0,0.88,0.0,0.0,0.0,80.52,0.0,68.27,78.64,61.37,56.86
2018-08-27 21:35:00,2,1,78.13,85.0,55.0,79.32,62.36,78.13,1.0,0.0,5.72,45.0,45.01,0.0,0.0,0.0,120.0,62.36,0.0,0.88,0.0,0.0,0.0,80.5,0.0,68.27,78.64,61.34,56.88
2018-08-27 21:36:00,2,1,78.14,85.0,55.0,79.31,62.38,78.14,1.0,0.0,5.72,45.0,45.01,0.0,0.0,0.0,120.0,62.38,0.0,0.88,0.0,0.0,0.0,80.49,0.0,68.28,78.64,61.3,56.9
2018-08-27 21:37:00,2,1,78.14,85.0,55.0,79.31,62.39,78.14,1.0,0.0,5.72,45.0,45.01,0.0,0.0,0.0,120.0,62.39,0.0,0.88,0.0,0.0,0.0,80.47,0.0,68.29,78.65,61.27,56.92
2018-08-27 21:38:00,2,1,78.15,85.0,55.0,79.3,62.41,78.15,1.0,0.0,5.72,45.0,45.01,0.0,0.0,0.0,120.0,62.41,0.0,0.88,0.0,0.0,0.0,80.46,0.0,68.3,78.65,61.24,56.95
2018-08-27 21:39:00,2,1,78.15,85.0,55.0,79.3,62.42,78.15,1.0,0.0,5.72,45.0,45.01,0.0,0.0,0.0,120.0,62.42,0.0,0.88,0.0,0.0,0.0,80.44,0.0,68.31,78.66,61.2,56.97
2018-08-27 21:40:00,2,1,78.16,85.0,55.0,79.29,62.44,78.16,1.0,0.0,5.72,45.0,45.01,0.0,0.0,0.0,120.0,62.44,0.0,0.88,0.0,0.0,0.0,80.42,0.0,68.32,78.67,61.17,56.99
2018-08-27 21:41:00,2,1,78.16,85.0,55.0,79.29,62.45,78.16,1.0,0.0,5.72,45.0,45.01,0.0,0.0,0.0,120.0,62.45,0.0,0.88,0.0,0.0,0.0,80.41,0.0,68.33,78.68,61.14,57.01
2018-08-27 21:42:00,2,1,78.17,85.0,55.0,79.28,62.47,78.17,1.0,0.0,5.72,45.0,45.01,0.0,0.0,0.0,120.0,62.47,0.0,0.88,0.0,0.0,0.0,80.39,0.0,68.34,78.69,61.11,57.03
2018-08-27 21:43:00,2,1,78.17,85.0,55.0,79.28,62.48,78.17,1.0,0.0,5.72,45.0,45.01,0.0,0.0,0.0,120.0,62.48,0.0,0.88,0.0,0.0,0.0,80.38,0.0,68.35,78.7,61.08,57.05
2018-08-27 21:44:00,2,1,78.18,85.0,55.0,79.27,62.5,78.18,1.0,0.0,5.72,45.0,45.01,0.0,0.0,0.0,120.0,62.5,0.0,0.88,0.0,0.0,0.0,80.36,0.0,68.36,78.71,61.05,57.07
2018-08-27 21:45:00,2,1,78.18,85.0,55.0,79.26,62.51,78.18,1.0,0.0,5.72,45.0,45.01,0.0,0.0,0.0,120.0,62.51,0.0,0.88,0.0,0.0,0.0,80.34,0.0,68.37,78.72,61.02,57.09
2018-08-27 21:46:00,2,1,78.19,85.0,55.0,79.26,62.52,78.19,1.0,0.0,5.72,45.0,45.01,0.0,0.0,0.0,120.0,62.52,0.0,0.88,0.0,0.0,0.0,80.33,0.0,68.38,78.73,60.99,57.11
2018-08-27 21:47:00,2,1,78.19,85.0,55.0,79.25,62.54,78.19,1.0,0.0,5.72,45.0,45.01,0.0,0.0,0.0,120.0,62.54,0.0,0.88,0.0,0.0,0.0,80.31,0.0,68.4,78.74,60.96,57.13
2018-08-27 21:48:00,2,1,78.2,85.0,55.0,79.25,62.55,78.2,1.0,0.0,5.72,45.0,45.01,0.0,0.0,0.0,120.0,62.55,0.0,0.88,0.0,0.0,0.0,80.29,0.0,68.41,78.76,60.93,57.15
2018-08-27 21:49:00,2,1,78.2,85.0,55.0,79.24,62.56,78.2,1.0,0.0,5.72,45.0,45.01,0.0,0.0,0.0,120.0,62.56,0.0,0.88,0.0,0.0,0.0,80.28,0.0,68.42,78.77,60.9,57.17
2018-08-27 21:50:00,2,1,78.21,85.0,55.0,79.23,62.58,78.21,1.0,0.0,5.72,45.0,45.01,0.0,0.0,0.0,120.0,62.58,0.0,0.88,0.0,0.0,0.0,80.26,0.0,68.44,78.79,60.87,57.19
2018-08-27 21:51:00,2,1,78.21,85.0,55.0,79.23,62.59,78.21,1.0,0.0,5.72,45.0,45.01,0.0,0.0,0.0,120.0,62.59,0.0,0.88,0.0,0.0,0.0,80.24,0.0,68.45,78.81,60.84,57.21
2018-08-27 21:52:00,2,1,78.22,85.0,55.0,79.22,62.6,78.22,1.0,0.0,5.72,45.0,45.01,0.0,0.0,0.0,120.0,62.6,0.0,0.88,0.0,0.0,0.0,80.22,0.0,68.47,78.82,60.81,57.23
2018-08-27 21:53:00,2,1,78.22,85.0,55.0,79.21,62.62,78.22,1.0,0.0,5.72,45.0,45.01,0.0,0.0,0.0,120.0,62.62,0.0,0.88,0.0,0.0,0.0,80.2,0.0,68.48,78.84,60.78,57.26
2018-08-27 21:54:00,2,1,78.23,85.0,55.0,79.21,62.63,78.23,1.0,0.0,5.72,45.0,45.01,0.0,0.0,0.0,120.0,62.63,0.0,0.88,0.0,0.0,0.0,80.19,0.0,68.5,78.86,60.75,57.28
2018-08-27 21:55:00,2,1,78.23,85.0,55.0,79.2,62.64,78.23,1.0,0.0,5.72,45.0,45.01,0.0,0.0,0.0,120.0,62.64,0.0,0.88,0.0,0.0,0.0,80.17,0.0,68.51,78.88,60.73,57.3
2018-08-27 21:56:00,2,1,78.23,85.0,55.0,79.19,62.66,78.23,1.0,0.0,5.72,45.0,45.01,0.0,0.0,0.0,120.0,62.66,0.0,0.88,0.0,0.0,0.0,80.15,0.0,68.53,78.9,60.7,57.32
2018-08-27 21:57:00,2,1,78.24,85.0,55.0,79.18,62.67,78.24,1.0,0.0,5.72,45.0,45.01,0.0,0.0,0.0,120.0,62.67,0.0,0.88,0.0,0.0,0.0,80.13,0.0,68.55,78.92,60.67,57.35
2018-08-27 21:58:00,2,1,78.24,85.0,55.0,79.18,62.68,78.24,1.0,0.0,5.72,45.0,45.01,0.0,0.0,0.0,120.0,62.68,0.0,0.88,0.0,0.0,0.0,80.11,0.0,68.57,78.94,60.64,57.37
2018-08-27 21:59:00,2,1,78.25,85.0,55.0,79.17,62.69,78.25,1.0,0.0,5.72,45.0,45.01,0.0,0.0,0.0,120.0,62.69,0.0,0.88,0.0,0.0,0.0,80.09,0.0,68.59,78.97,60.62,57.39
2018-08-27 22:00:00,2,1,78.25,85.0,55.0,79.16,62.7,78.25,1.0,0.0,5.72,45.0,45.01,0.0,0.0,0.0,120.0,62.7,0.0,0.88,0.0,0.0,0.0,80.07,0.0,68.61,78.99,60.59,57.42
2018-08-27 22:01:00,2,1,78.25,85.0,55.0,79.15,62.72,78.25,1.0,0.0,5.72,45.0,45.01,0.0,0.0,0.0,120.0,62.72,0.0,0.88,0.0,0.0,0.0,80.04,0.0,68.64,79.04,60.56,57.44
2018-08-27 22:02:00,2,1,78.25,85.0,55.0,79.13,62.73,78.25,1.0,0.0,5.72,45.0,45.01,0.0,0.0,0.0,120.0,62.73,0.0,0.88,0.0,0.0,0.0,80.01,0.0,68.67,79.1,60.54,57.47
2018-08-27 22:03:00,2,1,78.25,85.0,55.0,79.11,62.74,78.25,1.0,0.0,5.72,45.0,45.01,0.0,0.0,0.0,120.0,62.74,0.0,0.88,0.0,0.0,0.0,79.97,0.0,68.71,79.16,60.51,57.5
2018-08-27 22:04:00,2,1,78.25,85.0,55.0,79.09,62.75,78.25,1.0,0.0,5.72,45.0,45.01,0.0,0.0,0.0,120.0,62.75,0.0,0.88,0.0,0.0,0.0,79.93,0.0,68.75,79.22,60.49,57.54
2018-08-27 22:05:00,2,1,78.25,85.0,55.0,79.07,62.76,78.25,1.0,0.0,5.72,45.0,45.01,0.0,0.0,0.0,120.0,62.76,0.0,0.88,0.0,0.0,0.0,79.9,0.0,68.8,79.28,60.46,57.57
2018-08-27 22:06:00,2,1,78.25,85.0,55.0,79.05,62.77,78.25,1.0,0.0,5.72,45.0,45.01,0.0,0.0,0.0,120.0,62.77,0.0,0.88,0.0,0.0,0.0,79.86,0.0,68.84,79.35,60.44,57.61
2018-08-27 22:07:00,2,1,78.24,85.0,55.0,79.03,62.79,78.24,1.0,0.0,5.72,45.0,45.01,0.0,0.0,0.0,120.0,62.79,0.0,0.88,0.0,0.0,0.0,79.83,0.0,68.89,79.41,60.41,57.65
2018-08-27 22:08:00,2,1,78.24,85.0,55.0,79.01,62.8,78.24,1.0,0.0,5.72,45.0,45.01,0.0,0.0,0.0,120.0,62.8,0.0,0.88,0.0,0.0,0.0,79.79,0.0,68.94,79.48,60.39,57.69
2018-08-27 22:09:00,2,1,78.23,85.0,55.0,78.99,62.81,78.23,1.0,0.0,5.72,45.0,45.01,0.0,0.0,0.0,120.0,62.81,0.0,0.88,0.0,0.0,0.0,79.75,0.0,68.98,79.54,60.37,57.73
2018-08-27 22:10:00,2,1,78.22,85.0,55.0,78.97,62.82,78.22,1.0,0.0,5.72,45.0,45.01,0.0,0.0,0.0,120.0,62.82,0.0,0.88,0.0,0.0,0.0,79.71,0.0,69.03,79.61,60.34,57.78
2018-08-27 22:11:00,2,1,78.22,85.0,55.0,78.95,62.83,78.22,1.0,0.0,5.72,45.0,45.01,0.0,0.0,0.0,120.0,62.83,0.0,0.88,0.0,0.0,0.0,79.68,0.0,69.08,79.67,60.32,57.82
2018-08-27 22:12:00,2,1,78.21,85.0,55.0,78.93,62.84,78.21,1.0,0.0,5.72,45.0,45.01,0.0,0.0,0.0,120.0,62.84,0.0,0.88,0.0,0.0,0.0,79.64,0.0,69.14,79.74,60.3,57.87
2018-08-27 22:13:00,2,1,78.2,85.0,55.0,78.9,62.85,78.2,1.0,0.0,5.72,45.0,45.01,0.0,0.0,0.0,120.0,62.85,0.0,0.88,0.0,0.0,0.0,79.6,0.0,69.19,79.81,60.27,57.92
2018-08-27 22:14:00,2,1,78.19,85.0,55.0,78.88,62.86,78.19,1.0,0.0,5.72,45.0,45.01,0.0,0.0,0.0,120.0,62.86,0.0,0.88,0.0,0.0,0.0,79.57,0.0,69.24,79.87,60.25,57.96
2018-08-27 22:15:00,2,1,78.18,85.0,55.0,78.86,62.87,78.18,1.0,0.0,5.72,45.0,45.01,0.0,0.0,0.0,120.0,62.87,0.0,0.88,0.0,0.0,0.0,79.53,0.0,69.29,79.94,60.23,58.01
2018-08-27 22:16:00,2,1,78.17,85.0,55.0,78.83,62.88,78.17,1.0,0.0,5.72,45.0,45.01,0.0,0.0,0.0,120.0,62.88,0.0,0.88,0.0,0.0,0.0,79.49,0.0,69.35,80.01,60.21,58.06
2018-08-27 22:17:00,2,1,78.16,85.0,55.0,78.81,62.89,78.16,1.0,0.0,5.72,45.0,45.01,0.0,0.0,0.0,120.0,62.89,0.0,0.88,0.0,0.0,0.0,79.45,0.0,69.4,80.08,60.18,58.12
2018-08-27 22:18:00,2,1,78.15,85.0,55.0,78.78,62.9,78.15,1.0,0.0,5.72,45.0,45.01,0.0,0.0,0.0,120.0,62.9,0.0,0.88,0.0,0.0,0.0,79.42,0.0,69.46,80.14,60.16,58.17
2018-08-27 22:19:00,2,1,78.14,85.0,55.0,78.76,62.91,78.14,1.0,0.0,5.72,45.0,45.01,0.0,0.0,0.0,120.0,62.91,0.0,0.88,0.0,0.0,0.0,79.38,0.0,69.51,80.21,60.14,58.22
2018-08-27 22:20:00,2,1,78.13,85.0,55.0,78.73,62.92,78.13,1.0,0.0,5.72,45.0,45.01,0.0,0.0,0.0,120.0,62.92,0.0,0.88,0.0,0.0,0.0,79.34,0.0,69.57,80.28,60.12,58.27
2018-08-27 22:21:00,2,1,78.11,85.0,55.0,78.71,62.93,78.11,1.0,0.0,5.72,45.0,45.01,0.0,0.0,0.0,120.0,62.93,0.0,0.88,0.0,0.0,0.0,79.3,0.0,69.62,80.34,60.1,58.33
2018-08-27 22:22:00,2,1,78.1,85.0,55.0,78.68,62.94,78.1,1.0,0.0,5.72,45.0,45.01,0.0,0.0,0.0,120.0,62.94,0.0,0.88,0.0,0.0,0.0,79.27,0.0,69.68,80.41,60.08,58.38
2018-08-27 22:23:00,2,1,78.09,85.0,55.0,78.66,62.95,78.09,1.0,0.0,5.72,45.0,45.01,0.0,0.0,0.0,120.0,62.95,0.0,0.88,0.0,0.0,0.0,79.23,0.0,69.73,80.48,60.06,58.44
2018-08-27 22:24:00,2,1,78.08,85.0,55.0,78.63,62.96,78.08,1.0,0.0,5.72,45.0,45.01,0.0,0.0,0.0,120.0,62.96,0.0,0.88,0.0,0.0,0.0,79.19,0.0,69.79,80.54,60.04,58.5
2018-08-27 22:25:00,2,1,78.06,85.0,55.0,78.61,62.97,78.06,1.0,0.0,5.72,45.0,45.01,0.0,0.0,0.0,120.0,62.97,0.0,0.88,0.0,0.0,0.0,79.16,0.0,69.85,80.61,60.02,58.55
2018-08-27 22:26:00,2,1,78.05,85.0,55.0,78.58,62.98,78.05,1.0,0.0,5.72,45.0,45.01,0.0,0.0,0.0,120.0,62.98,0.0,0.88,0.0,0.0,0.0,79.12,0.0,69.9,80.67,60.0,58.61
2018-08-27 22:27:00,2,1,78.03,85.0,55.0,78.56,62.99,78.03,1.0,0.0,5.72,45.0,45.01,0.0,0.0,0.0,120.0,62.99,0.0,0.88,0.0,0.0,0.0,79.08,0.0,69.96,80.73,59.98,58.67
2018-08-27 22:28:00,2,1,78.02,85.0,55.0,78.53,63.0,78.02,1.0,0.0,5.72,45.0,45.01,0.0,0.0,0.0,120.0,63.0,0.0,0.88,0.0,0.0,0.0,79.05,0.0,70.01,80.8,59.96,58.72
2018-08-27 22:29:00,2,1,78.0,85.0,55.0,78.51,63.01,78.0,1.0,0.0,5.72,45.0,45.01,0.0,0.0,0.0,120.0,63.01,0.0,0.88,0.0,0.0,0.0,79.01,0.0,70.07,80.86,59.94,58.78
2018-08-27 22:30:00,2,1,77.99,85.0,55.0,78.48,63.01,77.99,1.0,0.0,5.72,45.0,45.01,0.0,0.0,0.0,120.0,63.01,0.0,0.88,0.0,0.0,0.0,78.97,0.0,70.13,80.92,59.93,58.84
2018-08-27 22:31:00,2,1,77.97,85.0,55.0,78.46,63.02,77.97,1.0,0.0,5.72,45.0,45.01,0.0,0.0,0.0,120.0,63.02,0.0,0.88,0.0,0.0,0.0,78.94,0.0,70.18,80.98,59.91,58.9
2018-08-27 22:32:00,2,1,77.96,85.0,55.0,78.43,63.03,77.96,1.0,0.0,5.72,45.0,45.01,0.0,0.0,0.0,120.0,63.03,0.0,0.88,0.0,0.0,0.0,78.9,0.0,70.24,81.04,59.89,58.96
2018-08-27 22:33:00,2,1,77.94,85.0,55.0,78.41,63.04,77.94,1.0,0.0,5.72,45.0,45.01,0.0,0.0,0.0,120.0,63.04,0.0,0.88,0.0,0.0,0.0,78.87,0.0,70.29,81.1,59.87,59.02
2018-08-27 22:34:00,2,1,77.93,85.0,55.0,78.38,63.05,77.93,1.0,0.0,5.72,45.0,45.01,0.0,0.0,0.0,120.0,63.05,0.0,0.88,0.0,0.0,0.0,78.83,0.0,70.35,81.16,59.85,59.08
2018-08-27 22:35:00,2,1,77.91,85.0,55.0,78.36,63.06,77.91,1.0,0.0,5.72,45.0,45.01,0.0,0.0,0.0,120.0,63.06,0.0,0.88,0.0,0.0,0.0,78.8,0.0,70.4,81.21,59.84,59.14
2018-08-27 22:36:00,2,1,77.9,85.0,55.0,78.33,63.06,77.9,1.0,0.0,5.72,45.0,45.01,0.0,0.0,0.0,120.0,63.06,0.0,0.88,0.0,0.0,0.0,78.76,0.0,70.45,81.27,59.82,59.2
2018-08-27 22:37:00,2,1,77.88,85.0,55.0,78.31,63.07,77.88,1.0,0.0,5.72,45.0,45.01,0.0,0.0,0.0,120.0,63.07,0.0,0.88,0.0,0.0,0.0,78.73,0.0,70.51,81.32,59.8,59.26
2018-08-27 22:38:00,2,1,77.86,85.0,55.0,78.28,63.08,77.86,1.0,0.0,5.72,45.0,45.01,0.0,0.0,0.0,120.0,63.08,0.0,0.88,0.0,0.0,0.0,78.7,0.0,70.56,81.37,59.79,59.32
2018-08-27 22:39:00,2,1,77.85,85.0,55.0,78.26,63.09,77.85,1.0,0.0,5.72,45.0,45.01,0.0,0.0,0.0,120.0,63.09,0.0,0.88,0.0,0.0,0.0,78.66,0.0,70.61,81.42,59.77,59.38
2018-08-27 22:40:00,2,1,77.83,85.0,55.0,78.23,63.09,77.83,1.0,0.0,5.72,45.0,45.01,0.0,0.0,0.0,120.0,63.09,0.0,0.88,0.0,0.0,0.0,78.63,0.0,70.66,81.47,59.76,59.44
2018-08-27 22:41:00,2,1,77.81,85.0,55.0,78.21,63.1,77.81,1.0,0.0,5.72,45.0,45.01,0.0,0.0,0.0,120.0,63.1,0.0,0.88,0.0,0.0,0.0,78.6,0.0,70.71,81.52,59.74,59.5
2018-08-27 22:42:00,2,1,77.8,85.0,55.0,78.18,63.11,77.8,1.0,0.0,5.72,45.0,45.01,0.0,0.0,0.0,120.0,63.11,0.0,0.88,0.0,0.0,0.0,78.57,0.0,70.76,81.56,59.72,59.56
2018-08-27 22:43:00,2,1,77.78,85.0,55.0,78.16,63.12,77.78,1.0,0.0,5.72,45.0,45.01,0.0,0.0,0.0,120.0,63.12,0.0,0.88,0.0,0.0,0.0,78.53,0.0,70.81,81.61,59.71,59.62
2018-08-27 22:44:00,2,1,77.77,85.0,55.0,78.13,63.12,77.77,1.0,0.0,5.72,45.0,45.01,0.0,0.0,0.0,120.0,63.12,0.0,0.88,0.0,0.0,0.0,78.5,0.0,70.86,81.65,59.7,59.68
2018-08-27 22:45:00,2,1,77.75,85.0,55.0,78.11,63.13,77.75,1.0,0.0,5.72,45.0,45.01,0.0,0.0,0.0,120.0,63.13,0.0,0.88,0.0,0.0,0.0,78.47,0.0,70.91,81.69,59.68,59.74
2018-08-27 22:46:00,2,1,77.73,85.0,55.0,78.09,63.14,77.73,1.0,0.0,5.72,45.0,45.01,0.0,0.0,0.0,120.0,63.14,0.0,0.88,0.0,0.0,0.0,78.44,0.0,70.95,81.73,59.67,59.8
2018-08-27 22:47:00,2,1,77.72,85.0,55.0,78.06,63.14,77.72,1.0,0.0,5.72,45.0,45.01,0.0,0.0,0.0,120.0,63.14,0.0,0.88,0.0,0.0,0.0,78.41,0.0,71.0,81.76,59.65,59.86
2018-08-27 22:48:00,2,1,77.7,85.0,55.0,78.04,63.15,77.7,1.0,0.0,5.72,45.0,45.01,0.0,0.0,0.0,120.0,63.15,0.0,0.88,0.0,0.0,0.0,78.39,0.0,71.04,81.8,59.64,59.92
2018-08-27 22:49:00,2,1,77.68,85.0,55.0,78.02,63.16,77.68,1.0,0.0,5.72,45.0,45.01,0.0,0.0,0.0,120.0,63.16,0.0,0.88,0.0,0.0,0.0,78.36,0.0,71.08,81.83,59.63,59.98
2018-08-27 22:50:00,2,1,77.67,85.0,55.0,78.0,63.16,77.67,1.0,0.0,5.72,45.0,45.01,0.0,0.0,0.0,120.0,63.16,0.0,0.88,0.0,0.0,0.0,78.33,0.0,71.13,81.86,59.61,60.04
2018-08-27 22:51:00,2,1,77.65,85.0,55.0,77.98,63.17,77.65,1.0,0.0,5.72,45.0,45.01,0.0,0.0,0.0,120.0,63.17,0.0,0.88,0.0,0.0,0.0,78.3,0.0,71.17,81.88,59.6,60.1
2018-08-27 22:52:00,2,1,77.63,85.0,55.0,77.95,63.18,77.63,1.0,0.0,5.72,45.0,45.01,0.0,0.0,0.0,120.0,63.18,0.0,0.88,0.0,0.0,0.0,78.28,0.0,71.21,81.91,59.59,60.16
2018-08-27 22:53:00,2,1,77.62,85.0,55.0,77.93,63.18,77.62,1.0,0.0,5.72,45.0,45.01,0.0,0.0,0.0,120.0,63.18,0.0,0.88,0.0,0.0,0.0,78.25,0.0,71.24,81.93,59.57,60.22
2018-08-27 22:54:00,2,1,77.6,85.0,55.0,77.91,63.19,77.6,1.0,0.0,5.72,45.0,45.01,0.0,0.0,0.0,120.0,63.19,0.0,0.88,0.0,0.0,0.0,78.23,0.0,71.28,81.95,59.56,60.28
2018-08-27 22:55:00,2,1,77.58,85.0,55.0,77.89,63.19,77.58,1.0,0.0,5.72,45.0,45.01,0.0,0.0,0.0,120.0,63.19,0.0,0.88,0.0,0.0,0.0,78.2,0.0,71.32,81.96,59.55,60.33
2018-08-27 22:56:00,2,1,77.57,85.0,55.0,77.87,63.2,77.57,1.0,0.0,5.72,45.0,45.01,0.0,0.0,0.0,120.0,63.2,0.0,0.88,0.0,0.0,0.0,78.18,0.0,71.35,81.98,59.54,60.39
2018-08-27 22:57:00,2,1,77.55,85.0,55.0,77.85,63.2,77.55,1.0,0.0,5.72,45.0,45.01,0.0,0.0,0.0,120.0,63.2,0.0,0.88,0.0,0.0,0.0,78.15,0.0,71.38,81.99,59.53,60.45
2018-08-27 22:58:00,2,1,77.53,85.0,55.0,77.83,63.21,77.53,1.0,0.0,5.72,45.0,45.01,0.0,0.0,0.0,120.0,63.21,0.0,0.88,0.0,0.0,0.0,78.13,0.0,71.41,82.0,59.52,60.51
2018-08-27 22:59:00,2,1,77.52,85.0,55.0,77.81,63.21,77.52,1.0,0.0,5.72,45.0,45.01,0.0,0.0,0.0,120.0,63.21,0.0,0.88,0.0,0.0,0.0,78.11,0.0,71.44,82.0,59.51,60.57
2018-08-27 23:00:00,2,1,77.5,85.0,55.0,77.8,63.22,77.5,1.0,0.0,5.72,45.0,45.01,0.0,0.0,0.0,120.0,63.22,0.0,0.88,0.0,0.0,0.0,78.09,0.0,71.47,82.0,59.5,60.62
2018-08-27 23:01:00,2,1,77.49,85.0,55.0,77.79,63.22,77.49,1.0,0.0,5.72,45.0,45.01,0.0,0.0,0.0,120.0,63.22,0.0,0.88,0.0,0.0,0.0,78.09,0.0,71.47,81.93,59.49,60.68
2018-08-27 23:02:00,2,1,77.47,85.0,55.0,77.78,63.23,77.47,1.0,0.0,5.72,45.0,45.01,0.0,0.0,0.0,120.0,63.23,0.0,0.88,0.0,0.0,0.0,78.09,0.0,71.44,81.82,59.48,60.73
2018-08-27 23:03:00,2,1,77.46,85.0,55.0,77.78,63.23,77.46,1.0,0.0,5.72,45.0,45.01,0.0,0.0,0.0,120.0,63.23,0.0,0.88,0.0,0.0,0.0,78.1,0.0,71.41,81.71,59.47,60.78
2018-08-27 23:04:00,2,1,77.45,85.0,55.0,77.78,63.24,77.45,1.0,0.0,5.72,45.0,45.01,0.0,0.0,0.0,120.0,63.24,0.0,0.88,0.0,0.0,0.0,78.11,0.0,71.38,81.59,59.46,60.83
2018-08-27 23:05:00,2,1,77.43,85.0,55.0,77.78,63.24,77.43,1.0,0.0,5.72,45.0,45.01,0.0,0.0,0.0,120.0,63.24,0.0,0.88,0.0,0.0,0.0,78.12,0.0,71.34,81.46,59.45,60.88
2018-08-27 23:06:00,2,1,77.42,85.0,55.0,77.78,63.24,77.42,1.0,0.0,5.72,45.0,45.01,0.0,0.0,0.0,120.0,63.24,0.0,0.88,0.0,0.0,0.0,78.13,0.0,71.3,81.34,59.44,60.93
2018-08-27 23:07:00,2,1,77.41,85.0,55.0,77.78,63.25,77.41,1.0,0.0,5.72,45.0,45.01,0.0,0.0,0.0,120.0,63.25,0.0,0.88,0.0,0.0,0.0,78.14,0.0,71.26,81.21,59.43,60.97
2018-08-27 23:08:00,2,1,77.4,85.0,55.0,77.78,63.25,77.4,1.0,0.0,5.72,45.0,45.01,0.0,0.0,0.0,120.0,63.25,0.0,0.88,0.0,0.0,0.0,78.15,0.0,71.22,81.08,59.43,61.01
2018-08-27 23:09:00,2,1,77.39,85.0,55.0,77.78,63.25,77.39,1.0,0.0,5.72,45.0,45.01,0.0,0.0,0.0,120.0,63.25,0.0,0.88,0.0,0.0,0.0,78.17,0.0,71.18,80.95,59.42,61.05
2018-08-27 23:10:00,2,1,77.39,85.0,55.0,77.78,63.26,77.39,1.0,0.0,5.72,45.0,45.01,0.0,0.0,0.0,120.0,63.26,0.0,0.88,0.0,0.0,0.0,78.18,0.0,71.13,80.81,59.41,61.09
2018-08-27 23:11:00,2,1,77.38,85.0,55.0,77.79,63.26,77.38,1.0,0.0,5.72,45.0,45.01,0.0,0.0,0.0,120.0,63.26,0.0,0.88,0.0,0.0,0.0,78.19,0.0,71.09,80.67,59.41,61.13
2018-08-27 23:12:00,2,1,77.37,85.0,55.0,77.79,63.26,77.37,1.0,0.0,5.72,45.0,45.01,0.0,0.0,0.0,120.0,63.26,0.0,0.88,0.0,0.0,0.0,78.21,0.0,71.04,80.54,59.4,61.17
2018-08-27 23:13:00,2,1,77.36,85.0,55.0,77.79,63.27,77.36,1.0,0.0,5.72,45.0,45.01,0.0,0.0,0.0,120.0,63.27,0.0,0.88,0.0,0.0,0.0,78.22,0.0,70.99,80.4,59.4,61.21
2018-08-27 23:14:00,2,1,77.36,85.0,55.0,77.8,63.27,77.36,1.0,0.0,5.72,45.0,45.01,0.0,0.0,0.0,120.0,63.27,0.0,0.88,0.0,0.0,0.0,78.24,0.0,70.94,80.25,59.39,61.24
2018-08-27 23:15:00,2,1,77.35,85.0,55.0,77.8,63.27,77.35,1.0,0.0,5.72,45.0,45.01,0.0,0.0,0.0,120.0,63.27,0.0,0.88,0.0,0.0,0.0,78.25,0.0,70.89,80.11,59.39,61.27
2018-08-27 23:16:00,2,1,77.35,85.0,55.0,77.81,63.27,77.35,1.0,0.0,5.72,45.0,45.01,0.0,0.0,0.0,120.0,63.27,0.0,0.88,0.0,0.0,0.0,78.27,0.0,70.83,79.97,59.38,61.31
2018-08-27 23:17:00,2,1,77.34,85.0,55.0,77.81,63.27,77.34,1.0,0.0,5.72,45.0,45.01,0.0,0.0,0.0,120.0,63.27,0.0,0.88,0.0,0.0,0.0,78.29,0.0,70.78,79.82,59.38,61.34
2018-08-27 23:18:00,2,1,77.34,85.0,55.0,77.82,63.28,77.34,1.0,0.0,5.72,45.0,45.01,0.0,0.0,0.0,120.0,63.28,0.0,0.88,0.0,0.0,0.0,78.3,0.0,70.72,79.67,59.38,61.37
2018-08-27 23:19:00,2,1,77.33,85.0,55.0,77.82,63.28,77.33,1.0,0.0,5.72,45.0,45.01,0.0,0.0,0.0,120.0,63.28,0.0,0.88,0.0,0.0,0.0,78.32,0.0,70.66,79.53,59.38,61.4
2018-08-27 23:20:00,2,1,77.33,85.0,55.0,77.83,63.28,77.33,1.0,0.0,5.72,45.0,45.01,0.0,0.0,0.0,120.0,63.28,0.0,0.88,0.0,0.0,0.0,78.34,0.0,70.61,79.38,59.37,61.43
2018-08-27 23:21:00,2,1,77.32,85.0,55.0,77.84,63.28,77.32,1.0,0.0,5.72,45.0,45.01,0.0,0.0,0.0,120.0,63.28,0.0,0.88,0.0,0.0,0.0,78.35,0.0,70.55,79.23,59.37,61.46
2018-08-27 23:22:00,2,1,77.32,85.0,55.0,77.85,63.28,77.32,1.0,0.0,5.72,45.0,45.01,0.0,0.0,0.0,120.0,63.28,0.0,0.88,0.0,0.0,0.0,78.37,0.0,70.49,79.08,59.37,61.49
2018-08-27 23:23:00,2,1,77.31,85.0,55.0,77.85,63.28,77.31,1.0,0.0,5.72,45.0,45.01,0.0,0.0,0.0,120.0,63.28,0.0,0.88,0.0,0.0,0.0,78.39,0.0,70.43,78.93,59.37,61.52
2018-08-27 23:24:00,2,1,77.31,85.0,55.0,77.86,63.28,77.31,1.0,0.0,5.72,45.0,45.01,0.0,0.0,0.0,120.0,63.28,0.0,0.88,0.0,0.0,0.0,78.41,0.0,70.37,78.78,59.37,61.54
2018-08-27 23:25:00,2,1,77.31,85.0,55.0,77.87,63.28,77.31,1.0,0.0,5.72,45.0,45.01,0.0,0.0,0.0,120.0,63.28,0.0,0.88,0.0,0.0,0.0,78.43,0.0,70.31,78.63,59.37,61.57
2018-08-27 23:26:00,2,1,77.31,85.0,55.0,77.88,63.28,77.31,1.0,0.0,5.72,45.0,45.01,0.0,0.0,0.0,120.0,63.28,0.0,0.88,0.0,0.0,0.0,78.45,0.0,70.24,78.48,59.37,61.6
2018-08-27 23:27:00,2,1,77.3,85.0,55.0,77.88,63.28,77.3,1.0,0.0,5.72,45.0,45.01,0.0,0.0,0.0,120.0,63.28,0.0,0.88,0.0,0.0,0.0,78.46,0.0,70.18,78.32,59.37,61.62
2018-08-27 23:28:00,2,1,77.3,85.0,55.0,77.89,63.28,77.3,1.0,0.0,5.72,45.0,45.01,0.0,0.0,0.0,120.0,63.28,0.0,0.88,0.0,0.0,0.0,78.48,0.0,70.12,78.17,59.37,61.65
2018-08-27 23:29:00,2,1,77.3,85.0,55.0,77.9,63.28,77.3,1.0,0.0,5.72,45.0,45.01,0.0,0.0,0.0,120.0,63.28,0.0,0.88,0.0,0.0,0.0,78.5,0.0,70.06,78.02,59.37,61.67
2018-08-27 23:30:00,2,1,77.3,85.0,55.0,77.91,63.28,77.3,1.0,0.0,5.72,45.0,45.01,0.0,0.0,0.0,120.0,63.28,0.0,0.88,0.0,0.0,0.0,78.52,0.0,69.99,77.87,59.37,61.69
2018-08-27 23:31:00,2,1,77.3,85.0,55.0,77.92,63.28,77.3,1.0,0.0,5.72,45.0,45.01,0.0,0.0,0.0,120.0,63.28,0.0,0.88,0.0,0.0,0.0,78.54,0.0,69.93,77.72,59.37,61.72
2018-08-27 23:32:00,2,1,77.3,85.0,55.0,77.93,63.28,77.3,1.0,0.0,5.72,45.0,45.01,0.0,0.0,0.0,120.0,63.28,0.0,0.88,0.0,0.0,0.0,78.56,0.0,69.87,77.57,59.37,61.74
2018-08-27 23:33:00,2,1,77.29,85.0,55.0,77.94,63.28,77.29,1.0,0.0,5.72,45.0,45.01,0.0,0.0,0.0,120.0,63.28,0.0,0.88,0.0,0.0,0.0,78.58,0.0,69.81,77.43,59.38,61.76
2018-08-27 23:34:00,2,1,77.29,85.0,55.0,77.95,63.28,77.29,1.0,0.0,5.72,45.0,45.01,0.0,0.0,0.0,120.0,63.28,0.0,0.88,0.0,0.0,0.0,78.6,0.0,69.74,77.28,59.38,61.78
2018-08-27 23:35:00,2,1,77.29,85.0,55.0,77.95,63.27,77.29,1.0,0.0,5.72,45.0,45.01,0.0,0.0,0.0,120.0,63.27,0.0,0.88,0.0,0.0,0.0,78.62,0.0,69.68,77.13,59.38,61.8
2018-08-27 23:36:00,2,1,77.29,85.0,55.0,77.96,63.27,77.29,1.0,0.0,5.72,45.0,45.01,0.0,0.0,0.0,120.0,63.27,0.0,0.88,0.0,0.0,0.0,78.63,0.0,69.62,76.98,59.38,61.82
2018-08-27 23:37:00,2,1,77.29,85.0,55.0,77.97,63.27,77.29,1.0,0.0,5.72,45.0,45.01,0.0,0.0,0.0,120.0,63.27,0.0,0.88,0.0,0.0,0.0,78.65,0.0,69.55,76.84,59.39,61.84
2018-08-27 23:38:00,2,1,77.29,85.0,55.0,77.98,63.27,77.29,1.0,0.0,5.72,45.0,45.01,0.0,0.0,0.0,120.0,63.27,0.0,0.88,0.0,0.0,0.0,78.67,0.0,69.49,76.7,59.39,61.86
2018-08-27 23:39:00,2,1,77.29,85.0,55.0,77.99,63.27,77.29,1.0,0.0,5.72,45.0,45.01,0.0,0.0,0.0,120.0,63.27,0.0,0.88,0.0,0.0,0.0,78.69,0.0,69.43,76.55,59.4,61.88
2018-08-27 23:40:00,2,1,77.29,85.0,55.0,78.0,63.26,77.29,1.0,0.0,5.72,45.0,45.01,0.0,0.0,0.0,120.0,63.26,0.0,0.88,0.0,0.0,0.0,78.71,0.0,69.37,76.41,59.4,61.9
2018-08-27 23:41:00,2,1,77.29,85.0,55.0,78.01,63.26,77.29,1.0,0.0,5.72,45.0,45.01,0.0,0.0,0.0,120.0,63.26,0.0,0.88,0.0,0.0,0.0,78.73,0.0,69.31,76.27,59.41,61.92
2018-08-27 23:42:00,2,1,77.29,85.0,55.0,78.02,63.26,77.29,1.0,0.0,5.72,45.0,45.01,0.0,0.0,0.0,120.0,63.26,0.0,0.88,0.0,0.0,0.0,78.74,0.0,69.25,76.14,59.41,61.93
2018-08-27 23:43:00,2,1,77.29,85.0,55.0,78.03,63.26,77.29,1.0,0.0,5.72,45.0,45.01,0.0,0.0,0.0,120.0,63.26,0.0,0.88,0.0,0.0,0.0,78.76,0.0,69.19,76.0,59.42,61.95
2018-08-27 23:44:00,2,1,77.3,85.0,55.0,78.04,63.25,77.3,1.0,0.0,5.72,45.0,45.01,0.0,0.0,0.0,120.0,63.25,0.0,0.88,0.0,0.0,0.0,78.78,0.0,69.13,75.86,59.42,61.97
2018-08-27 23:45:00,2,1,77.3,85.0,55.0,78.04,63.25,77.3,1.0,0.0,5.72,45.0,45.01,0.0,0.0,0.0,120.0,63.25,0.0,0.88,0.0,0.0,0.0,78.79,0.0,69.07,75.73,59.43,61.98
2018-08-27 23:46:00,2,1,77.3,85.0,55.0,78.05,63.25,77.3,1.0,0.0,5.72,45.0,45.01,0.0,0.0,0.0,120.0,63.25,0.0,0.88,0.0,0.0,0.0,78.81,0.0,69.01,75.6,59.43,62.0
2018-08-27 23:47:00,2,1,77.3,85.0,55.0,78.06,63.24,77.3,1.0,0.0,5.72,45.0,45.01,0.0,0.0,0.0,120.0,63.24,0.0,0.88,0.0,0.0,0.0,78.82,0.0,68.96,75.47,59.44,62.02
2018-08-27 23:48:00,2,1,77.3,85.0,55.0,78.07,63.24,77.3,1.0,0.0,5.72,45.0,45.01,0.0,0.0,0.0,120.0,63.24,0.0,0.88,0.0,0.0,0.0,78.84,0.0,68.9,75.35,59.45,62.03
2018-08-27 23:49:00,2,1,77.3,85.0,55.0,78.08,63.24,77.3,1.0,0.0,5.72,45.0,45.01,0.0,0.0,0.0,120.0,63.24,0.0,0.88,0.0,0.0,0.0,78.85,0.0,68.85,75.22,59.46,62.05
2018-08-27 23:50:00,2,1,77.3,85.0,55.0,78.09,63.23,77.3,1.0,0.0,5.72,45.0,45.01,0.0,0.0,0.0,120.0,63.23,0.0,0.88,0.0,0.0,0.0,78.87,0.0,68.79,75.1,59.46,62.06
2018-08-27 23:51:00,2,1,77.3,85.0,55.0,78.09,63.23,77.3,1.0,0.0,5.72,45.0,45.01,0.0,0.0,0.0,120.0,63.23,0.0,0.88,0.0,0.0,0.0,78.88,0.0,68.74,74.98,59.47,62.08
2018-08-27 23:52:00,2,1,77.3,85.0,55.0,78.1,63.23,77.3,1.0,0.0,5.72,45.0,45.01,0.0,0.0,0.0,120.0,63.23,0.0,0.88,0.0,0.0,0.0,78.89,0.0,68.69,74.87,59.48,62.09
2018-08-27 23:53:00,2,1,77.31,85.0,55.0,78.11,63.22,77.31,1.0,0.0,5.72,45.0,45.01,0.0,0.0,0.0,120.0,63.22,0.0,0.88,0.0,0.0,0.0,78.91,0.0,68.64,74.75,59.49,62.11
2018-08-27 23:54:00,2,1,77.31,85.0,55.0,78.11,63.22,77.31,1.0,0.0,5.72,45.0,45.01,0.0,0.0,0.0,120.0,63.22,0.0,0.88,0.0,0.0,0.0,78.92,0.0,68.59,74.64,59.49,62.12
2018-08-27 23:55:00,2,1,77.31,85.0,55.0,78.12,63.21,77.31,1.0,0.0,5.72,45.0,45.01,0.0,0.0,0.0,120.0,63.21,0.0,0.88,0.0,0.0,0.0,78.93,0.0,68.54,74.53,59.5,62.13
2018-08-27 23:56:00,2,1,77.31,85.0,55.0,78.13,63.21,77.31,1.0,0.0,5.72,45.0,45.01,0.0,0.0,0.0,120.0,63.21,0.0,0.88,0.0,0.0,0.0,78.94,0.0,68.49,74.43,59.51,62.15
2018-08-27 23:57:00,2,1,77.31,85.0,55.0,78.13,63.21,77.31,1.0,0.0,5.72,45.0,45.01,0.0,0.0,0.0,120.0,63.21,0.0,0.88,0.0,0.0,0.0,78.95,0.0,68.45,74.33,59.52,62.16
2018-08-27 23:58:00,2,1,77.32,85.0,55.0,78.14,63.2,77.32,1.0,0.0,5.72,45.0,45.01,0.0,0.0,0.0,120.0,63.2,0.0,0.88,0.0,0.0,0.0,78.96,0.0,68.4,74.23,59.53,62.17
2018-08-27 23:59:00,2,1,77.32,85.0,55.0,78.14,63.2,77.32,1.0,0.0,5.72,45.0,45.01,0.0,0.0,0.0,120.0,63.2,0.0,0.88,0.0,0.0,0.0,78.97,0.0,68.36,74.13,59.54,62.19
2018-08-28 00:00:00,2,1,77.32,85.0,55.0,78.15,63.19,77.32,1.0,0.0,5.72,45.0,45.01,0.0,0.0,0.0,120.0,63.19,0.0,0.88,0.0,0.0,0.0,78.98,0.0,68.32,74.04,59.55,62.2
2018-08-28 00:01:00,2,1,77.32,85.0,55.0,78.14,63.19,77.32,1.0,0.0,5.72,45.0,45.01,0.0,0.0,0.0,120.0,63.19,0.0,0.88,0.0,0.0,0.0,78.97,0.0,68.31,74.02,59.56,62.21
2018-08-28 00:02:00,2,1,77.32,85.0,55.0,78.14,63.18,77.32,1.0,0.0,5.72,45.0,45.01,0.0,0.0,0.0,120.0,63.18,0.0,0.88,0.0,0.0,0.0,78.95,0.0,68.33,74.03,59.57,62.23
2018-08-28 00:03:00,2,1,77.33,85.0,55.0,78.13,63.18,77.33,1.0,0.0,5.72,45.0,45.01,0.0,0.0,0.0,120.0,63.18,0.0,0.88,0.0,0.0,0.0,78.93,0.0,68.34,74.06,59.58,62.24
2018-08-28 00:04:00,2,1,77.33,85.0,55.0,78.12,63.17,77.33,1.0,0.0,5.72,45.0,45.01,0.0,0.0,0.0,120.0,63.17,0.0,0.88,0.0,0.0,0.0,78.91,0.0,68.36,74.09,59.59,62.26
2018-08-28 00:05:00,2,1,77.33,85.0,55.0,78.11,63.17,77.33,1.0,0.0,5.72,45.0,45.01,0.0,0.0,0.0,120.0,63.17,0.0,0.88,0.0,0.0,0.0,78.88,0.0,68.39,74.13,59.6,62.27
2018-08-28 00:06:00,2,1,77.33,85.0,55.0,78.09,63.17,77.33,1.0,0.0,5.72,45.0,45.01,0.0,0.0,0.0,120.0,63.17,0.0,0.88,0.0,0.0,0.0,78.86,0.0,68.41,74.16,59.61,62.28
2018-08-28 00:07:00,2,1,77.33,85.0,55.0,78.08,63.16,77.33,1.0,0.0,5.72,45.0,45.01,0.0,0.0,0.0,120.0,63.16,0.0,0.88,0.0,0.0,0.0,78.84,0.0,68.43,74.2,59.62,62.3
2018-08-28 00:08:00,2,1,77.33,85.0,55.0,78.07,63.16,77.33,1.0,0.0,5.72,45.0,45.01,0.0,0.0,0.0,120.0,63.16,0.0,0.88,0.0,0.0,0.0,78.81,0.0,68.46,74.24,59.63,62.32
2018-08-28 00:09:00,2,1,77.33,85.0,55.0,78.06,63.15,77.33,1.0,0.0,5.72,45.0,45.01,0.0,0.0,0.0,120.0,63.15,0.0,0.88,0.0,0.0,0.0,78.79,0.0,68.49,74.29,59.64,62.33
2018-08-28 00:10:00,2,1,77.33,85.0,55.0,78.04,63.15,77.33,1.0,0.0,5.72,45.0,45.01,0.0,0.0,0.0,120.0,63.15,0.0,0.88,0.0,0.0,0.0,78.76,0.0,68.52,74.34,59.65,62.35
2018-08-28 00:11:00,2,1,77.33,85.0,55.0,78.03,63.14,77.33,1.0,0.0,5.72,45.0,45.01,0.0,0.0,0.0,120.0,63.14,0.0,0.88,0.0,0.0,0.0,78.73,0.0,68.55,74.39,59.65,62.36
2018-08-28 00:12:00,2,1,77.33,85.0,55.0,78.02,63.14,77.33,1.0,0.0,5.72,45.0,45.01,0.0,0.0,0.0,120.0,63.14,0.0,0.88,0.0,0.0,0.0,78.71,0.0,68.58,74.45,59.66,62.38
2018-08-28 00:13:00,2,1,77.33,85.0,55.0,78.0,63.13,77.33,1.0,0.0,5.72,45.0,45.01,0.0,0.0,0.0,120.0,63.13,0.0,0.88,0.0,0.0,0.0,78.68,0.0,68.62,74.5,59.67,62.4
2018-08-28 00:14:00,2,1,77.33,85.0,55.0,77.99,63.13,77.33,1.0,0.0,5.72,45.0,45.01,0.0,0.0,0.0,120.0,63.13,0.0,0.88,0.0,0.0,0.0,78.65,0.0,68.65,74.56,59.68,62.41
2018-08-28 00:15:00,2,1,77.33,85.0,55.0,77.97,63.13,77.33,1.0,0.0,5.72,45.0,45.01,0.0,0.0,0.0,120.0,63.13,0.0,0.88,0.0,0.0,0.0,78.62,0.0,68.69,74.63,59.69,62.43
2018-08-28 00:16:00,2,1,77.33,85.0,55.0,77.96,63.12,77.33,1.0,0.0,5.72,45.0,45.01,0.0,0.0,0.0,120.0,63.12,0.0,0.88,0.0,0.0,0.0,78.59,0.0,68.73,74.69,59.7,62.45
2018-08-28 00:17:00,2,1,77.33,85.0,55.0,77.94,63.12,77.33,1.0,0.0,5.72,45.0,45.01,0.0,0.0,0.0,120.0,63.12,0.0,0.88,0.0,0.0,0.0,78.56,0.0,68.77,74.76,59.71,62.46
2018-08-28 00:18:00,2,1,77.33,85.0,55.0,77.93,63.11,77.33,1.0,0.0,5.72,45.0,45.01,0.0,0.0,0.0,120.0,63.11,0.0,0.88,0.0,0.0,0.0,78.53,0.0,68.81,74.83,59.72,62.48
2018-08-28 00:19:00,2,1,77.33,85.0,55.0,77.91,63.11,77.33,1.0,0.0,5.72,45.0,45.01,0.0,0.0,0.0,120.0,63.11,0.0,0.88,0.0,0.0,0.0,78.5,0.0,68.85,74.9,59.73,62.49
2018-08-28 00:20:00,2,1,77.32,85.0,55.0,77.9,63.1,77.32,1.0,0.0,5.72,45.0,45.01,0.0,0.0,0.0,120.0,63.1,0.0,0.88,0.0,0.0,0.0,78.47,0.0,68.89,74.97,59.74,62.51
2018-08-28 00:21:00,2,1,77.32,85.0,55.0,77.88,63.1,77.32,1.0,0.0,5.72,45.0,45.01,0.0,0.0,0.0,120.0,63.1,0.0,0.88,0.0,0.0,0.0,78.44,0.0,68.93,75.05,59.74,62.53
2018-08-28 00:22:00,2,1,77.32,85.0,55.0,77.86,63.1,77.32,1.0,0.0,5.72,45.0,45.01,0.0,0.0,0.0,120.0,63.1,0.0,0.88,0.0,0.0,0.0,78.4,0.0,68.98,75.13,59.75,62.54
2018-08-28 00:23:00,2,1,77.32,85.0,55.0,77.85,63.09,77.32,1.0,0.0,5.72,45.0,45.01,0.0,0.0,0.0,120.0,63.09,0.0,0.88,0.0,0.0,0.0,78.37,0.0,69.02,75.21,59.76,62.56
2018-08-28 00:24:00,2,1,77.32,85.0,55.0,77.83,63.09,77.32,1.0,0.0,5.72,45.0,45.01,0.0,0.0,0.0,120.0,63.09,0.0,0.88,0.0,0.0,0.0,78.34,0.0,69.07,75.29,59.77,62.58
2018-08-28 00:25:00,2,1,77.32,85.0,55.0,77.81,63.08,77.32,1.0,0.0,5.72,45.0,45.01,0.0,0.0,0.0,120.0,63.08,0.0,0.88,0.0,0.0,0.0,78.3,0.0,69.12,75.38,59.78,62.59
2018-08-28 00:26:00,2,1,77.32,85.0,55.0,77.79,63.08,77.32,1.0,0.0,5.72,45.0,45.01,0.0,0.0,0.0,120.0,63.08,0.0,0.88,0.0,0.0,0.0,78.27,0.0,69.17,75.46,59.79,62.61
2018-08-28 00:27:00,2,1,77.32,85.0,55.0,77.78,63.08,77.32,1.0,0.0,5.72,45.0,45.01,0.0,0.0,0.0,120.0,63.08,0.0,0.88,0.0,0.0,0.0,78.24,0.0,69.21,75.55,59.8,62.62
2018-08-28 00:28:00,2,1,77.32,85.0,55.0,77.76,63.07,77.32,1.0,0.0,5.72,45.0,45.01,0.0,0.0,0.0,120.0,63.07,0.0,0.88,0.0,0.0,0.0,78.2,0.0,69.26,75.64,59.8,62.64
2018-08-28 00:29:00,2,1,77.32,85.0,55.0,77.74,63.07,77.32,1.0,0.0,5.72,45.0,45.01,0.0,0.0,0.0,120.0,63.07,0.0,0.88,0.0,0.0,0.0,78.17,0.0,69.31,75.73,59.81,62.65
2018-08-28 00:30:00,2,1,77.31,85.0,55.0,77.72,63.06,77.31,1.0,0.0,5.72,45.0,45.01,0.0,0.0,0.0,120.0,63.06,0.0,0.88,0.0,0.0,0.0,78.13,0.0,69.36,75.82,59.82,62.67
2018-08-28 00:31:00,2,1,77.31,85.0,55.0,77.7,63.06,77.31,1.0,0.0,5.72,45.0,45.01,0.0,0.0,0.0,120.0,63.06,0.0,0.88,0.0,0.0,0.0,78.09,0.0,69.42,75.92,59.83,62.68
2018-08-28 00:32:00,2,1,77.31,85.0,55.0,77.69,63.06,77.31,1.0,0.0,5.72,45.0,45.01,0.0,0.0,0.0,120.0,63.06,0.0,0.88,0.0,0.0,0.0,78.06,0.0,69.47,76.01,59.83,62.7
2018-08-28 00:33:00,2,1,77.31,85.0,55.0,77.67,63.05,77.31,1.0,0.0,5.72,45.0,45.01,0.0,0.0,0.0,120.0,63.05,0.0,0.88,0.0,0.0,0.0,78.02,0.0,69.52,76.11,59.84,62.71
2018-08-28 00:34:00,2,1,77.31,85.0,55.0,77.65,63.05,77.31,1.0,0.0,5.72,45.0,45.01,0.0,0.0,0.0,120.0,63.05,0.0,0.88,0.0,0.0,0.0,77.99,0.0,69.57,76.21,59.85,62.73
2018-08-28 00:35:00,2,1,77.31,85.0,55.0,77.63,63.05,77.31,1.0,0.0,5.72,45.0,45.01,0.0,0.0,0.0,120.0,63.05,0.0,0.88,0.0,0.0,0.0,77.95,0.0,69.63,76.31,59.86,62.74
2018-08-28 00:36:00,2,1,77.31,85.0,55.0,77.61,63.04,77.31,1.0,0.0,5.72,45.0,45.01,0.0,0.0,0.0,120.0,63.04,0.0,0.88,0.0,0.0,0.0,77.91,0.0,69.68,76.41,59.86,62.76
2018-08-28 00:37:00,2,1,77.31,85.0,55.0,77.59,63.04,77.31,1.0,0.0,5.72,45.0,45.01,0.0,0.0,0.0,120.0,63.04,0.0,0.88,0.0,0.0,0.0,77.88,0.0,69.73,76.51,59.87,62.77
2018-08-28 00:38:00,2,1,77.31,85.0,55.0,77.57,63.04,77.31,1.0,0.0,5.72,45.0,45.01,0.0,0.0,0.0,120.0,63.04,0.0,0.88,0.0,0.0,0.0,77.84,0.0,69.79,76.61,59.88,62.79
2018-08-28 00:39:00,2,1,77.3,85.0,55.0,77.55,63.03,77.3,1.0,0.0,5.72,45.0,45.01,0.0,0.0,0.0,120.0,63.03,0.0,0.88,0.0,0.0,0.0,77.8,0.0,69.84,76.72,59.89,62.8
2018-08-28 00:40:00,2,1,77.3,85.0,55.0,77.53,63.03,77.3,1.0,0.0,5.72,45.0,45.01,0.0,0.0,0.0,120.0,63.03,0.0,0.88,0.0,0.0,0.0,77.76,0.0,69.9,76.82,59.89,62.82
2018-08-28 00:41:00,2,1,77.3,85.0,55.0,77.51,63.03,77.3,1.0,0.0,5.72,45.0,45.01,0.0,0.0,0.0,120.0,63.03,0.0,0.88,0.0,0.0,0.0,77.73,0.0,69.95,76.93,59.9,62.83
2018-08-28 00:42:00,2,1,77.3,85.0,55.0,77.49,63.02,77.3,1.0,0.0,5.72,45.0,45.01,0.0,0.0,0.0,120.0,63.02,0.0,0.88,0.0,0.0,0.0,77.69,0.0,70.01,77.03,59.91,62.84
2018-08-28 00:43:00,2,1,77.3,85.0,55.0,77.47,63.02,77.3,1.0,0.0,5.72,45.0,45.01,0.0,0.0,0.0,120.0,63.02,0.0,0.88,0.0,0.0,0.0,77.65,0.0,70.06,77.14,59.91,62.86
2018-08-28 00:44:00,2,1,77.3,85.0,55.0,77.46,63.02,77.3,1.0,0.0,5.72,45.0,45.01,0.0,0.0,0.0,120.0,63.02,0.0,0.88,0.0,0.0,0.0,77.61,0.0,70.12,77.25,59.92,62.87
2018-08-28 00:45:00,2,1,77.3,85.0,55.0,77.44,63.01,77.3,1.0,0.0,5.72,45.0,45.01,0.0,0.0,0.0,120.0,63.01,0.0,0.88,0.0,0.0,0.0,77.58,0.0,70.18,77.35,59.93,62.88
2018-08-28 00:46:00,2,1,77.29,85.0,55.0,77.42,63.01,77.29,1.0,0.0,5.72,45.0,45.01,0.0,0.0,0.0,120.0,63.01,0.0,0.88,0.0,0.0,0.0,77.54,0.0,70.23,77.46,59.93,62.9
2018-08-28 00:47:00,2,1,77.29,85.0,55.0,77.4,63.01,77.29,1.0,0.0,5.72,45.0,45.01,0.0,0.0,0.0,120.0,63.01,0.0,0.88,0.0,0.0,0.0,77.5,0.0,70.29,77.57,59.94,62.91
2018-08-28 00:48:00,2,1,77.29,85.0,55.0,77.38,63.01,77.29,1.0,0.0,5.72,45.0,45.01,0.0,0.0,0.0,120.0,63.01,0.0,0.88,0.0,0.0,0.0,77.46,0.0,70.34,77.68,59.94,62.92
2018-08-28 00:49:00,2,1,77.29,85.0,55.0,77.36,63.0,77.29,1.0,0.0,5.72,45.0,45.01,0.0,0.0,0.0,120.0,63.0,0.0,0.88,0.0,0.0,0.0,77.42,0.0,70.4,77.78,59.95,62.94
2018-08-28 00:50:00,2,1,77.29,85.0,55.0,77.34,63.0,77.29,1.0,0.0,5.72,45.0,45.01,0.0,0.0,0.0,120.0,63.0,0.0,0.88,0.0,0.0,0.0,77.39,0.0,70.45,77.89,59.96,62.95
2018-08-28 00:51:00,2,1,77.29,85.0,55.0,77.32,63.0,77.29,1.0,0.0,5.72,45.0,45.01,0.0,0.0,0.0,120.0,63.0,0.0,0.88,0.0,0.0,0.0,77.35,0.0,70.51,78.0,59.96,62.96
2018-08-28 00:52:00,2,1,77.29,85.0,55.0,77.3,62.99,77.29,1.0,0.0,5.72,45.0,45.01,0.0,0.0,0.0,120.0,62.99,0.0,0.88,0.0,0.0,0.0,77.31,0.0,70.56,78.11,59.97,62.97
2018-08-28 00:53:00,2,1,77.29,85.0,55.0,77.28,62.99,77.29,1.0,0.0,5.72,45.0,45.01,0.0,0.0,0.0,120.0,62.99,0.0,0.88,0.0,0.0,0.0,77.27,0.0,70.62,78.22,59.97,62.98
2018-08-28 00:54:00,2,1,77.28,85.0,55.0,77.26,62.99,77.28,1.0,0.0,5.72,45.0,45.01,0.0,0.0,0.0,120.0,62.99,0.0,0.88,0.0,0.0,0.0,77.24,0.0,70.67,78.32,59.98,63.0
2018-08-28 00:55:00,2,1,77.28,85.0,55.0,77.24,62.99,77.28,1.0,0.0,5.72,45.0,45.01,0.0,0.0,0.0,120.0,62.99,0.0,0.88,0.0,0.0,0.0,77.2,0.0,70.73,78.43,59.99,63.01
2018-08-28 00:56:00,2,1,77.28,85.0,55.0,77.22,62.98,77.28,1.0,0.0,5.72,45.0,45.01,0.0,0.0,0.0,120.0,62.98,0.0,0.88,0.0,0.0,0.0,77.16,0.0,70.78,78.54,59.99,63.02
2018-08-28 00:57:00,2,1,77.28,85.0,55.0,77.2,62.98,77.28,1.0,0.0,5.72,45.0,45.01,0.0,0.0,0.0,120.0,62.98,0.0,0.88,0.0,0.0,0.0,77.13,0.0,70.83,78.64,60.0,63.03
2018-08-28 00:58:00,2,1,77.28,85.0,55.0,77.18,62.98,77.28,1.0,0.0,5.72,45.0,45.01,0.0,0.0,0.0,120.0,62.98,0.0,0.88,0.0,0.0,0.0,77.09,0.0,70.89,78.75,60.0,63.04
2018-08-28 00:59:00,2,1,77.28,85.0,55.0,77.17,62.98,77.28,1.0,0.0,5.72,45.0,45.01,0.0,0.0,0.0,120.0,62.98,0.0,0.88,0.0,0.0,0.0,77.05,0.0,70.94,78.85,60.01,63.05
2018-08-28 01:00:00,2,1,77.28,85.0,55.0,77.15,62.97,77.28,1.0,0.0,5.72,45.0,45.01,0.0,0.0,0.0,120.0,62.97,0.0,0.88,0.0,0.0,0.0,77.02,0.0,70.99,78.96,60.01,63.06
2018-08-28 01:01:00,2,1,77.28,85.0,55.0,77.13,62.97,77.28,1.0,0.0,5.72,45.0,45.01,0.0,0.0,0.0,120.0,62.97,0.0,0.88,0.0,0.0,0.0,76.99,0.0,71.02,79.01,60.02,63.07
2018-08-28 01:02:00,2,1,77.27,85.0,55.0,77.12,62.97,77.27,1.0,0.0,5.72,45.0,45.01,0.0,0.0,0.0,120.0,62.97,0.0,0.88,0.0,0.0,0.0,76.96,0.0,71.04,79.03,60.02,63.08
2018-08-28 01:03:00,2,1,77.27,85.0,55.0,77.11,62.97,77.27,1.0,0.0,5.72,45.0,45.01,0.0,0.0,0.0,120.0,62.97,0.0,0.88,0.0,0.0,0.0,76.94,0.0,71.06,79.06,60.03,63.09
2018-08-28 01:04:00,2,1,77.27,85.0,55.0,77.1,62.96,77.27,1.0,0.0,5.72,45.0,45.01,0.0,0.0,0.0,120.0,62.96,0.0,0.88,0.0,0.0,0.0,76.92,0.0,71.08,79.07,60.04,63.1
2018-08-28 01:05:00,2,1,77.27,85.0,55.0,77.08,62.96,77.27,1.0,0.0,5.72,45.0,45.01,0.0,0.0,0.0,120.0,62.96,0.0,0.88,0.0,0.0,0.0,76.9,0.0,71.1,79.09,60.04,63.11
2018-08-28 01:06:00,2,1,77.27,85.0,55.0,77.07,62.96,77.27,1.0,0.0,5.72,45.0,45.01,0.0,0.0,0.0,120.0,62.96,0.0,0.88,0.0,0.0,0.0,76.87,0.0,71.12,79.11,60.05,63.12
2018-08-28 01:07:00,2,1,77.27,85.0,55.0,77.06,62.95,77.27,1.0,0.0,5.72,45.0,45.01,0.0,0.0,0.0,120.0,62.95,0.0,0.88,0.0,0.0,0.0,76.85,0.0,71.13,79.13,60.05,63.13
2018-08-28 01:08:00,2,1,77.27,85.0,55.0,77.05,62.95,77.27,1.0,0.0,5.72,45.0,45.01,0.0,0.0,0.0,120.0,62.95,0.0,0.88,0.0,0.0,0.0,76.83,0.0,71.15,79.14,60.06,63.14
2018-08-28 01:09:00,2,1,77.27,85.0,55.0,77.04,62.95,77.27,1.0,0.0,5.72,45.0,45.01,0.0,0.0,0.0,120.0,62.95,0.0,0.88,0.0,0.0,0.0,76.81,0.0,71.17,79.15,60.06,63.15
2018-08-28 01:10:00,2,1,77.27,85.0,55.0,77.03,62.95,77.27,1.0,0.0,5.72,45.0,45.01,0.0,0.0,0.0,120.0,62.95,0.0,0.88,0.0,0.0,0.0,76.79,0.0,71.18,79.17,60.07,63.16
2018-08-28 01:11:00,2,1,77.27,85.0,55.0,77.02,62.94,77.27,1.0,0.0,5.72,45.0,45.01,0.0,0.0,0.0,120.0,62.94,0.0,0.88,0.0,0.0,0.0,76.77,0.0,71.2,79.18,60.08,63.17
2018-08-28 01:12:00,2,1,77.27,85.0,55.0,77.01,62.94,77.27,1.0,0.0,5.72,45.0,45.01,0.0,0.0,0.0,120.0,62.94,0.0,0.88,0.0,0.0,0.0,76.74,0.0,71.21,79.19,60.08,63.17
2018-08-28 01:13:00,2,1,77.27,85.0,55.0,77.0,62.94,77.27,1.0,0.0,5.72,45.0,45.01,0.0,0.0,0.0,120.0,62.94,0.0,0.88,0.0,0.0,0.0,76.72,0.0,71.22,79.2,60.09,63.18
2018-08-28 01:14:00,2,1,77.27,85.0,55.0,76.99,62.93,77.27,1.0,0.0,5.72,45.0,45.01,0.0,0.0,0.0,120.0,62.93,0.0,0.88,0.0,0.0,0.0,76.7,0.0,71.23,79.21,60.1,63.19
2018-08-28 01:15:00,2,1,77.27,85.0,55.0,76.97,62.93,77.27,1.0,0.0,5.72,45.0,45.01,0.0,0.0,0.0,120.0,62.93,0.0,0.88,0.0,0.0,0.0,76.68,0.0,71.23,79.22,60.1,63.2
2018-08-28 01:16:00,2,1,77.27,85.0,55.0,76.96,62.93,77.27,1.0,0.0,5.72,45.0,45.01,0.0,0.0,0.0,120.0,62.93,0.0,0.88,0.0,0.0,0.0,76.66,0.0,71.24,79.23,60.11,63.21
2018-08-28 01:17:00,2,1,77.27,85.0,55.0,76.95,62.93,77.27,1.0,0.0,5.72,45.0,45.01,0.0,0.0,0.0,120.0,62.93,0.0,0.88,0.0,0.0,0.0,76.64,0.0,71.24,79.24,60.12,63.21
2018-08-28 01:18:00,2,1,77.27,85.0,55.0,76.94,62.92,77.27,1.0,0.0,5.72,45.0,45.01,0.0,0.0,0.0,120.0,62.92,0.0,0.88,0.0,0.0,0.0,76.62,0.0,71.25,79.24,60.12,63.22
2018-08-28 01:19:00,2,1,77.27,85.0,55.0,76.93,62.92,77.27,1.0,0.0,5.72,45.0,45.01,0.0,0.0,0.0,120.0,62.92,0.0,0.88,0.0,0.0,0.0,76.6,0.0,71.25,79.25,60.13,63.23
2018-08-28 01:20:00,2,1,77.27,85.0,55.0,76.93,62.92,77.27,1.0,0.0,5.72,45.0,45.01,0.0,0.0,0.0,120.0,62.92,0.0,0.88,0.0,0.0,0.0,76.58,0.0,71.25,79.25,60.14,63.24
2018-08-28 01:21:00,2,1,77.27,85.0,55.0,76.92,62.91,77.27,1.0,0.0,5.72,45.0,45.01,0.0,0.0,0.0,120.0,62.91,0.0,0.88,0.0,0.0,0.0,76.57,0.0,71.26,79.26,60.14,63.24
2018-08-28 01:22:00,2,1,77.27,85.0,55.0,76.91,62.91,77.27,1.0,0.0,5.72,45.0,45.01,0.0,0.0,0.0,120.0,62.91,0.0,0.88,0.0,0.0,0.0,76.55,0.0,71.26,79.26,60.15,63.25
2018-08-28 01:23:00,2,1,77.27,85.0,55.0,76.9,62.91,77.27,1.0,0.0,5.72,45.0,45.01,0.0,0.0,0.0,120.0,62.91,0.0,0.88,0.0,0.0,0.0,76.53,0.0,71.26,79.26,60.16,63.26
2018-08-28 01:24:00,2,1,77.27,85.0,55.0,76.89,62.9,77.27,1.0,0.0,5.72,45.0,45.01,0.0,0.0,0.0,120.0,62.9,0.0,0.88,0.0,0.0,0.0,76.51,0.0,71.26,79.26,60.17,63.26
2018-08-28 01:25:00,2,1,77.27,85.0,55.0,76.88,62.9,77.27,1.0,0.0,5.72,45.0,45.01,0.0,0.0,0.0,120.0,62.9,0.0,0.88,0.0,0.0,0.0,76.49,0.0,71.26,79.26,60.17,63.27
2018-08-28 01:26:00,2,1,77.27,85.0,55.0,76.87,62.9,77.27,1.0,0.0,5.72,45.0,45.01,0.0,0.0,0.0,120.0,62.9,0.0,0.88,0.0,0.0,0.0,76.47,0.0,71.27,79.26,60.18,63.28
2018-08-28 01:27:00,2,1,77.27,85.0,55.0,76.86,62.89,77.27,1.0,0.0,5.72,45.0,45.01,0.0,0.0,0.0,120.0,62.89,0.0,0.88,0.0,0.0,0.0,76.45,0.0,71.27,79.26,60.19,63.28
2018-08-28 01:28:00,2,1,77.27,85.0,55.0,76.85,62.89,77.27,1.0,0.0,5.72,45.0,45.01,0.0,0.0,0.0,120.0,62.89,0.0,0.88,0.0,0.0,0.0,76.44,0.0,71.27,79.26,60.2,63.29
2018-08-28 01:29:00,2,1,77.27,85.0,55.0,76.84,62.88,77.27,1.0,0.0,5.72,45.0,45.01,0.0,0.0,0.0,120.0,62.88,0.0,0.88,0.0,0.0,0.0,76.42,0.0,71.27,79.26,60.2,63.3
2018-08-28 01:30:00,2,1,77.27,85.0,55.0,76.83,62.88,77.27,1.0,0.0,5.72,45.0,45.01,0.0,0.0,0.0,120.0,62.88,0.0,0.88,0.0,0.0,0.0,76.4,0.0,71.27,79.26,60.21,63.3
2018-08-28 01:31:00,2,1,77.27,85.0,55.0,76.82,62.88,77.27,1.0,0.0,5.72,45.0,45.01,0.0,0.0,0.0,120.0,62.88,0.0,0.88,0.0,0.0,0.0,76.38,0.0,71.27,79.26,60.22,63.31
2018-08-28 01:32:00,2,1,77.27,85.0,55.0,76.82,62.87,77.27,1.0,0.0,5.72,45.0,45.01,0.0,0.0,0.0,120.0,62.87,0.0,0.88,0.0,0.0,0.0,76.37,0.0,71.27,79.25,60.23,63.31
2018-08-28 01:33:00,2,1,77.27,85.0,55.0,76.81,62.87,77.27,1.0,0.0,5.72,45.0,45.01,0.0,0.0,0.0,120.0,62.87,0.0,0.88,0.0,0.0,0.0,76.35,0.0,71.27,79.25,60.24,63.32
2018-08-28 01:34:00,2,1,77.27,85.0,55.0,76.8,62.86,77.27,1.0,0.0,5.72,45.0,45.01,0.0,0.0,0.0,120.0,62.86,0.0,0.88,0.0,0.0,0.0,76.33,0.0,71.26,79.24,60.24,63.33
2018-08-28 01:35:00,2,1,77.27,85.0,55.0,76.79,62.86,77.27,1.0,0.0,5.72,45.0,45.01,0.0,0.0,0.0,120.0,62.86,0.0,0.88,0.0,0.0,0.0,76.31,0.0,71.26,79.24,60.25,63.33
2018-08-28 01:36:00,2,1,77.27,85.0,55.0,76.78,62.86,77.27,1.0,0.0,5.72,45.0,45.01,0.0,0.0,0.0,120.0,62.86,0.0,0.88,0.0,0.0,0.0,76.3,0.0,71.26,79.23,60.26,63.34
2018-08-28 01:37:00,2,1,77.27,85.0,55.0,76.77,62.85,77.27,1.0,0.0,5.72,45.0,45.01,0.0,0.0,0.0,120.0,62.85,0.0,0.88,0.0,0.0,0.0,76.28,0.0,71.26,79.23,60.27,63.34
2018-08-28 01:38:00,2,1,77.27,85.0,55.0,76.77,62.85,77.27,1.0,0.0,5.72,45.0,45.01,0.0,0.0,0.0,120.0,62.85,0.0,0.88,0.0,0.0,0.0,76.26,0.0,71.26,79.22,60.28,63.35
2018-08-28 01:39:00,2,1,77.27,85.0,55.0,76.76,62.84,77.27,1.0,0.0,5.72,45.0,45.01,0.0,0.0,0.0,120.0,62.84,0.0,0.88,0.0,0.0,0.0,76.25,0.0,71.26,79.21,60.29,63.36
2018-08-28 01:40:00,2,1,77.27,85.0,55.0,76.75,62.84,77.27,1.0,0.0,5.72,45.0,45.01,0.0,0.0,0.0,120.0,62.84,0.0,0.88,0.0,0.0,0.0,76.23,0.0,71.25,79.21,60.3,63.36
2018-08-28 01:41:00,2,1,77.27,85.0,55.0,76.74,62.84,77.27,1.0,0.0,5.72,45.0,45.01,0.0,0.0,0.0,120.0,62.84,0.0,0.88,0.0,0.0,0.0,76.22,0.0,71.25,79.2,60.31,63.37
2018-08-28 01:42:00,2,1,77.27,85.0,55.0,76.73,62.83,77.27,1.0,0.0,5.72,45.0,45.01,0.0,0.0,0.0,120.0,62.83,0.0,0.88,0.0,0.0,0.0,76.2,0.0,71.25,79.19,60.32,63.37
2018-08-28 01:43:00,2,1,77.27,85.0,55.0,76.73,62.83,77.27,1.0,0.0,5.72,45.0,45.01,0.0,0.0,0.0,120.0,62.83,0.0,0.88,0.0,0.0,0.0,76.18,0.0,71.24,79.18,60.32,63.38
2018-08-28 01:44:00,2,1,77.27,85.0,55.0,76.72,62.82,77.27,1.0,0.0,5.72,45.0,45.01,0.0,0.0,0.0,120.0,62.82,0.0,0.88,0.0,0.0,0.0,76.17,0.0,71.24,79.18,60.33,63.38
2018-08-28 01:45:00,2,1,77.27,85.0,55.0,76.71,62.82,77.27,1.0,0.0,5.72,45.0,45.01,0.0,0.0,0.0,120.0,62.82,0.0,0.88,0.0,0.0,0.0,76.15,0.0,71.24,79.17,60.34,63.39
2018-08-28 01:46:00,2,1,77.27,85.0,55.0,76.7,62.81,77.27,1.0,0.0,5.72,45.0,45.01,0.0,0.0,0.0,120.0,62.81,0.0,0.88,0.0,0.0,0.0,76.14,0.0,71.23,79.16,60.35,63.39
2018-08-28 01:47:00,2,1,77.27,85.0,55.0,76.7,62.81,77.27,1.0,0.0,5.72,45.0,45.01,0.0,0.0,0.0,120.0,62.81,0.0,0.88,0.0,0.0,0.0,76.12,0.0,71.23,79.15,60.36,63.4
2018-08-28 01:48:00,2,1,77.27,85.0,55.0,76.69,62.81,77.27,1.0,0.0,5.72,45.0,45.01,0.0,0.0,0.0,120.0,62.81,0.0,0.88,0.0,0.0,0.0,76.11,0.0,71.23,79.14,60.37,63.4
2018-08-28 01:49:00,2,1,77.27,85.0,55.0,76.68,62.8,77.27,1.0,0.0,5.72,45.0,45.01,0.0,0.0,0.0,120.0,62.8,0.0,0.88,0.0,0.0,0.0,76.09,0.0,71.22,79.13,60.38,63.41
2018-08-28 01:50:00,2,1,77.27,85.0,55.0,76.67,62.8,77.27,1.0,0.0,5.72,45.0,45.01,0.0,0.0,0.0,120.0,62.8,0.0,0.88,0.0,0.0,0.0,76.07,0.0,71.22,79.12,60.39,63.42
2018-08-28 01:51:00,2,1,77.27,85.0,55.0,76.67,62.79,77.27,1.0,0.0,5.72,45.0,45.01,0.0,0.0,0.0,120.0,62.79,0.0,0.88,0.0,0.0,0.0,76.06,0.0,71.21,79.11,60.4,63.42
2018-08-28 01:52:00,2,1,77.27,85.0,55.0,76.66,62.79,77.27,1.0,0.0,5.72,45.0,45.01,0.0,0.0,0.0,120.0,62.79,0.0,0.88,0.0,0.0,0.0,76.04,0.0,71.21,79.1,60.41,63.43
2018-08-28 01:53:00,2,1,77.27,85.0,55.0,76.65,62.78,77.27,1.0,0.0,5.72,45.0,45.01,0.0,0.0,0.0,120.0,62.78,0.0,0.88,0.0,0.0,0.0,76.03,0.0,71.2,79.09,60.42,63.43
2018-08-28 01:54:00,2,1,77.27,85.0,55.0,76.64,62.78,77.27,1.0,0.0,5.72,45.0,45.01,0.0,0.0,0.0,120.0,62.78,0.0,0.88,0.0,0.0,0.0,76.01,0.0,71.2,79.07,60.43,63.44
2018-08-28 01:55:00,2,1,77.27,85.0,55.0,76.64,62.77,77.27,1.0,0.0,5.72,45.0,45.01,0.0,0.0,0.0,120.0,62.77,0.0,0.88,0.0,0.0,0.0,76.0,0.0,71.19,79.06,60.44,63.44
2018-08-28 01:56:00,2,1,77.28,85.0,55.0,76.63,62.77,77.28,1.0,0.0,5.72,45.0,45.01,0.0,0.0,0.0,120.0,62.77,0.0,0.88,0.0,0.0,0.0,75.99,0.0,71.19,79.05,60.46,63.45
2018-08-28 01:57:00,2,1,77.28,85.0,55.0,76.62,62.76,77.28,1.0,0.0,5.72,45.0,45.01,0.0,0.0,0.0,120.0,62.76,0.0,0.88,0.0,0.0,0.0,75.97,0.0,71.19,79.04,60.47,63.45
2018-08-28 01:58:00,2,1,77.28,85.0,55.0,76.62,62.76,77.28,1.0,0.0,5.72,45.0,45.01,0.0,0.0,0.0,120.0,62.76,0.0,0.88,0.0,0.0,0.0,75.96,0.0,71.18,79.03,60.48,63.46
2018-08-28 01:59:00,2,1,77.28,85.0,55.0,76.61,62.75,77.28,1.0,0.0,5.72,45.0,45.01,0.0,0.0,0.0,120.0,62.75,0.0,0.88,0.0,0.0,0.0,75.94,0.0,71.18,79.02,60.49,63.46
2018-08-28 02:00:00,2,1,77.28,85.0,55.0,76.6,62.75,77.28,1.0,0.0,5.72,45.0,45.01,0.0,0.0,0.0,120.0,62.75,0.0,0.88,0.0,0.0,0.0,75.93,0.0,71.17,79.01,60.5,63.47
2018-08-28 02:01:00,2,1,77.28,85.0,55.0,76.59,62.74,77.28,1.0,0.0,5.72,45.0,45.01,0.0,0.0,0.0,120.0,62.74,0.0,0.88,0.0,0.0,0.0,75.91,0.0,71.17,79.0,60.51,63.47
2018-08-28 02:02:00,2,1,77.28,85.0,55.0,76.59,62.74,77.28,1.0,0.0,5.72,45.0,45.01,0.0,0.0,0.0,120.0,62.74,0.0,0.88,0.0,0.0,0.0,75.9,0.0,71.16,78.99,60.52,63.48
2018-08-28 02:03:00,2,1,77.28,85.0,55.0,76.58,62.73,77.28,1.0,0.0,5.72,45.0,45.01,0.0,0.0,0.0,120.0,62.73,0.0,0.88,0.0,0.0,0.0,75.88,0.0,71.16,78.98,60.53,63.48
2018-08-28 02:04:00,2,1,77.28,85.0,55.0,76.57,62.73,77.28,1.0,0.0,5.72,45.0,45.01,0.0,0.0,0.0,120.0,62.73,0.0,0.88,0.0,0.0,0.0,75.87,0.0,71.16,78.97,60.54,63.49
2018-08-28 02:05:00,2,1,77.28,85.0,55.0,76.56,62.72,77.28,1.0,0.0,5.72,45.0,45.01,0.0,0.0,0.0,120.0,62.72,0.0,0.88,0.0,0.0,0.0,75.85,0.0,71.16,78.96,60.55,63.49
2018-08-28 02:06:00,2,1,77.28,85.0,55.0,76.56,62.72,77.28,1.0,0.0,5.72,45.0,45.01,0.0,0.0,0.0,120.0,62.72,0.0,0.88,0.0,0.0,0.0,75.83,0.0,71.15,78.96,60.57,63.5
2018-08-28 02:07:00,2,1,77.28,85.0,55.0,76.55,62.71,77.28,1.0,0.0,5.72,45.0,45.01,0.0,0.0,0.0,120.0,62.71,0.0,0.88,0.0,0.0,0.0,75.82,0.0,71.15,78.95,60.58,63.5
2018-08-28 02:08:00,2,1,77.28,85.0,55.0,76.54,62.71,77.28,1.0,0.0,5.72,45.0,45.01,0.0,0.0,0.0,120.0,62.71,0.0,0.88,0.0,0.0,0.0,75.8,0.0,71.15,78.94,60.59,63.51
2018-08-28 02:09:00,2,1,77.28,85.0,55.0,76.53,62.7,77.28,1.0,0.0,5.72,45.0,45.01,0.0,0.0,0.0,120.0,62.7,0.0,0.88,0.0,0.0,0.0,75.79,0.0,71.15,78.93,60.6,63.52
2018-08-28 02:10:00,2,1,77.28,85.0,55.0,76.53,62.69,77.28,1.0,0.0,5.72,45.0,45.01,0.0,0.0,0.0,120.0,62.69,0.0,0.88,0.0,0.0,0.0,75.77,0.0,71.14,78.93,60.61,63.52
2018-08-28 02:11:00,2,1,77.28,85.0,55.0,76.52,62.69,77.28,1.0,0.0,5.72,45.0,45.01,0.0,0.0,0.0,120.0,62.69,0.0,0.88,0.0,0.0,0.0,75.76,0.0,71.14,78.92,60.62,63.53
2018-08-28 02:12:00,2,1,77.28,85.0,55.0,76.51,62.68,77.28,1.0,0.0,5.72,45.0,45.01,0.0,0.0,0.0,120.0,62.68,0.0,0.88,0.0,0.0,0.0,75.74,0.0,71.14,78.91,60.64,63.53
2018-08-28 02:13:00,2,1,77.28,85.0,55.0,76.51,62.68,77.28,1.0,0.0,5.72,45.0,45.01,0.0,0.0,0.0,120.0,62.68,0.0,0.88,0.0,0.0,0.0,75.73,0.0,71.14,78.91,60.65,63.54
2018-08-28 02:14:00,2,1,77.28,85.0,55.0,76.5,62.67,77.28,1.0,0.0,5.72,45.0,45.01,0.0,0.0,0.0,120.0,62.67,0.0,0.88,0.0,0.0,0.0,75.71,0.0,71.13,78.9,60.66,63.54
2018-08-28 02:15:00,2,1,77.28,85.0,55.0,76.49,62.67,77.28,1.0,0.0,5.72,45.0,45.01,0.0,0.0,0.0,120.0,62.67,0.0,0.88,0.0,0.0,0.0,75.7,0.0,71.13,78.89,60.67,63.55
2018-08-28 02:16:00,2,1,77.28,85.0,55.0,76.48,62.66,77.28,1.0,0.0,5.72,45.0,45.01,0.0,0.0,0.0,120.0,62.66,0.0,0.88,0.0,0.0,0.0,75.68,0.0,71.13,78.89,60.68,63.55
2018-08-28 02:17:00,2,1,77.28,85.0,55.0,76.48,62.66,77.28,1.0,0.0,5.72,45.0,45.01,0.0,0.0,0.0,120.0,62.66,0.0,0.88,0.0,0.0,0.0,75.67,0.0,71.13,78.88,60.7,63.56
2018-08-28 02:18:00,2,1,77.28,85.0,55.0,76.47,62.65,77.28,1.0,0.0,5.72,45.0,45.01,0.0,0.0,0.0,120.0,62.65,0.0,0.88,0.0,0.0,0.0,75.65,0.0,71.12,78.87,60.71,63.56
2018-08-28 02:19:00,2,1,77.28,85.0,55.0,76.46,62.64,77.28,1.0,0.0,5.72,45.0,45.01,0.0,0.0,0.0,120.0,62.64,0.0,0.88,0.0,0.0,0.0,75.64,0.0,71.12,78.87,60.72,63.57
2018-08-28 02:20:00,2,1,77.28,85.0,55.0,76.45,62.64,77.28,1.0,0.0,5.72,45.0,45.01,0.0,0.0,0.0,120.0,62.64,0.0,0.88,0.0,0.0,0.0,75.62,0.0,71.12,78.86,60.73,63.58
2018-08-28 02:21:00,2,1,77.28,85.0,55.0,76.45,62.63,77.28,1.0,0.0,5.72,45.0,45.01,0.0,0.0,0.0,120.0,62.63,0.0,0.88,0.0,0.0,0.0,75.61,0.0,71.12,78.86,60.75,63.58
2018-08-28 02:22:00,2,1,77.28,85.0,55.0,76.44,62.63,77.28,1.0,0.0,5.72,45.0,45.01,0.0,0.0,0.0,120.0,62.63,0.0,0.88,0.0,0.0,0.0,75.59,0.0,71.12,78.85,60.76,63.59
2018-08-28 02:23:00,2,1,77.28,85.0,55.0,76.43,62.62,77.28,1.0,0.0,5.72,45.0,45.01,0.0,0.0,0.0,120.0,62.62,0.0,0.88,0.0,0.0,0.0,75.58,0.0,71.12,78.85,60.77,63.59
2018-08-28 02:24:00,2,1,77.28,85.0,55.0,76.42,62.62,77.28,1.0,0.0,5.72,45.0,45.01,0.0,0.0,0.0,120.0,62.62,0.0,0.88,0.0,0.0,0.0,75.57,0.0,71.12,78.84,60.78,63.6
2018-08-28 02:25:00,2,1,77.28,85.0,55.0,76.42,62.61,77.28,1.0,0.0,5.72,45.0,45.01,0.0,0.0,0.0,120.0,62.61,0.0,0.88,0.0,0.0,0.0,75.55,0.0,71.11,78.84,60.8,63.6
2018-08-28 02:26:00,2,1,77.28,85.0,55.0,76.41,62.6,77.28,1.0,0.0,5.72,45.0,45.01,0.0,0.0,0.0,120.0,62.6,0.0,0.88,0.0,0.0,0.0,75.54,0.0,71.11,78.84,60.81,63.61
2018-08-28 02:27:00,2,1,77.28,85.0,55.0,76.4,62.6,77.28,1.0,0.0,5.72,45.0,45.01,0.0,0.0,0.0,120.0,62.6,0.0,0.88,0.0,0.0,0.0,75.52,0.0,71.11,78.83,60.82,63.61
2018-08-28 02:28:00,2,1,77.28,85.0,55.0,76.4,62.59,77.28,1.0,0.0,5.72,45.0,45.01,0.0,0.0,0.0,120.0,62.59,0.0,0.88,0.0,0.0,0.0,75.51,0.0,71.11,78.83,60.84,63.62
2018-08-28 02:29:00,2,1,77.28,85.0,55.0,76.39,62.59,77.28,1.0,0.0,5.72,45.0,45.01,0.0,0.0,0.0,120.0,62.59,0.0,0.88,0.0,0.0,0.0,75.49,0.0,71.11,78.83,60.85,63.62
2018-08-28 02:30:00,2,1,77.28,85.0,55.0,76.38,62.58,77.28,1.0,0.0,5.72,45.0,45.01,0.0,0.0,0.0,120.0,62.58,0.0,0.88,0.0,0.0,0.0,75.48,0.0,71.11,78.82,60.86,63.63
2018-08-28 02:31:00,2,1,77.28,85.0,55.0,76.37,62.57,77.28,1.0,0.0,5.72,45.0,45.01,0.0,0.0,0.0,120.0,62.57,0.0,0.88,0.0,0.0,0.0,75.46,0.0,71.11,78.82,60.87,63.63
2018-08-28 02:32:00,2,1,77.29,85.0,55.0,76.37,62.57,77.29,1.0,0.0,5.72,45.0,45.01,0.0,0.0,0.0,120.0,62.57,0.0,0.88,0.0,0.0,0.0,75.45,0.0,71.11,78.82,60.89,63.64
2018-08-28 02:33:00,2,1,77.29,85.0,55.0,76.36,62.56,77.29,1.0,0.0,5.72,45.0,45.01,0.0,0.0,0.0,120.0,62.56,0.0,0.88,0.0,0.0,0.0,75.43,0.0,71.11,78.82,60.9,63.64
2018-08-28 02:34:00,2,1,77.29,85.0,55.0,76.35,62.56,77.29,1.0,0.0,5.72,45.0,45.01,0.0,0.0,0.0,120.0,62.56,0.0,0.88,0.0,0.0,0.0,75.42,0.0,71.11,78.82,60.91,63.65
2018-08-28 02:35:00,2,1,77.29,85.0,55.0,76.34,62.55,77.29,1.0,0.0,5.72,45.0,45.01,0.0,0.0,0.0,120.0,62.55,0.0,0.88,0.0,0.0,0.0,75.4,0.0,71.11,78.82,60.93,63.65
2018-08-28 02:36:00,2,1,77.29,85.0,55.0,76.34,62.54,77.29,1.0,0.0,5.72,45.0,45.01,0.0,0.0,0.0,120.0,62.54,0.0,0.88,0.0,0.0,0.0,75.39,0.0,71.11,78.82,60.94,63.66
2018-08-28 02:37:00,2,1,77.29,85.0,55.0,76.33,62.54,77.29,1.0,0.0,5.72,45.0,45.01,0.0,0.0,0.0,120.0,62.54,0.0,0.88,0.0,0.0,0.0,75.37,0.0,71.12,78.82,60.95,63.66
2018-08-28 02:38:00,2,1,77.29,85.0,55.0,76.32,62.53,77.29,1.0,0.0,5.72,45.0,45.01,0.0,0.0,0.0,120.0,62.53,0.0,0.88,0.0,0.0,0.0,75.36,0.0,71.12,78.82,60.97,63.67
2018-08-28 02:39:00,2,1,77.29,85.0,55.0,76.31,62.53,77.29,1.0,0.0,5.72,45.0,45.01,0.0,0.0,0.0,120.0,62.53,0.0,0.88,0.0,0.0,0.0,75.34,0.0,71.12,78.82,60.98,63.68
2018-08-28 02:40:00,2,1,77.29,85.0,55.0,76.31,62.52,77.29,1.0,0.0,5.72,45.0,45.01,0.0,0.0,0.0,120.0,62.52,0.0,0.88,0.0,0.0,0.0,75.33,0.0,71.12,78.82,60.99,63.68
2018-08-28 02:41:00,2,1,77.29,85.0,55.0,76.3,62.51,77.29,1.0,0.0,5.72,45.0,45.01,0.0,0.0,0.0,120.0,62.51,0.0,0.88,0.0,0.0,0.0,75.31,0.0,71.12,78.83,61.01,63.69
2018-08-28 02:42:00,2,1,77.29,85.0,55.0,76.29,62.51,77.29,1.0,0.0,5.72,45.0,45.01,0.0,0.0,0.0,120.0,62.51,0.0,0.88,0.0,0.0,0.0,75.3,0.0,71.13,78.83,61.02,63.69
2018-08-28 02:43:00,2,1,77.29,85.0,55.0,76.29,62.5,77.29,1.0,0.0,5.72,45.0,45.01,0.0,0.0,0.0,120.0,62.5,0.0,0.88,0.0,0.0,0.0,75.28,0.0,71.13,78.83,61.03,63.7
2018-08-28 02:44:00,2,1,77.29,85.0,55.0,76.28,62.5,77.29,1.0,0.0,5.72,45.0,45.01,0.0,0.0,0.0,120.0,62.5,0.0,0.88,0.0,0.0,0.0,75.27,0.0,71.13,78.84,61.04,63.7
2018-08-28 02:45:00,2,1,77.29,85.0,55.0,76.27,62.49,77.29,1.0,0.0,5.72,45.0,45.01,0.0,0.0,0.0,120.0,62.49,0.0,0.88,0.0,0.0,0.0,75.25,0.0,71.14,78.84,61.06,63.71
2018-08-28 02:46:00,2,1,77.29,85.0,55.0,76.26,62.48,77.29,1.0,0.0,5.72,45.0,45.01,0.0,0.0,0.0,120.0,62.48,0.0,0.88,0.0,0.0,0.0,75.24,0.0,71.14,78.85,61.07,63.71
2018-08-28 02:47:00,2,1,77.29,85.0,55.0,76.26,62.48,77.29,1.0,0.0,5.72,45.0,45.01,0.0,0.0,0.0,120.0,62.48,0.0,0.88,0.0,0.0,0.0,75.22,0.0,71.14,78.85,61.08,63.72
2018-08-28 02:48:00,2,1,77.29,85.0,55.0,76.25,62.47,77.29,1.0,0.0,5.72,45.0,45.01,0.0,0.0,0.0,120.0,62.47,0.0,0.88,0.0,0.0,0.0,75.21,0.0,71.15,78.86,61.1,63.72
2018-08-28 02:49:00,2,1,77.29,85.0,55.0,76.24,62.47,77.29,1.0,0.0,5.72,45.0,45.01,0.0,0.0,0.0,120.0,62.47,0.0,0.88,0.0,0.0,0.0,75.19,0.0,71.15,78.87,61.11,63.73
2018-08-28 02:50:00,2,1,77.29,85.0,55.0,76.23,62.46,77.29,1.0,0.0,5.72,45.0,45.01,0.0,0.0,0.0,120.0,62.46,0.0,0.88,0.0,0.0,0.0,75.18,0.0,71.16,78.88,61.12,63.73
2018-08-28 02:51:00,2,1,77.29,85.0,55.0,76.23,62.45,77.29,1.0,0.0,5.72,45.0,45.01,0.0,0.0,0.0,120.0,62.45,0.0,0.88,0.0,0.0,0.0,75.16,0.0,71.16,78.88,61.14,63.74
2018-08-28 02:52:00,2,1,77.29,85.0,55.0,76.22,62.45,77.29,1.0,0.0,5.72,45.0,45.01,0.0,0.0,0.0,120.0,62.45,0.0,0.88,0.0,0.0,0.0,75.15,0.0,71.17,78.89,61.15,63.74
2018-08-28 02:53:00,2,1,77.29,85.0,55.0,76.21,62.44,77.29,1.0,0.0,5.72,45.0,45.01,0.0,0.0,0.0,120.0,62.44,0.0,0.88,0.0,0.0,0.0,75.13,0.0,71.17,78.9,61.16,63.75
2018-08-28 02:54:00,2,1,77.29,85.0,55.0,76.2,62.44,77.29,1.0,0.0,5.72,45.0,45.01,0.0,0.0,0.0,120.0,62.44,0.0,0.88,0.0,0.0,0.0,75.12,0.0,71.18,78.91,61.18,63.75
2018-08-28 02:55:00,2,1,77.29,85.0,55.0,76.2,62.43,77.29,1.0,0.0,5.72,45.0,45.01,0.0,0.0,0.0,120.0,62.43,0.0,0.88,0.0,0.0,0.0,75.1,0.0,71.18,78.93,61.19,63.76
2018-08-28 02:56:00,2,1,77.29,85.0,55.0,76.19,62.42,77.29,1.0,0.0,5.72,45.0,45.01,0.0,0.0,0.0,120.0,62.42,0.0,0.88,0.0,0.0,0.0,75.09,0.0,71.19,78.94,61.2,63.76
2018-08-28 02:57:00,2,1,77.29,85.0,55.0,76.18,62.42,77.29,1.0,0.0,5.72,45.0,45.01,0.0,0.0,0.0,120.0,62.42,0.0,0.88,0.0,0.0,0.0,75.07,0.0,71.2,78.95,61.22,63.77
2018-08-28 02:58:00,2,1,77.29,85.0,55.0,76.17,62.41,77.29,1.0,0.0,5.72,45.0,45.01,0.0,0.0,0.0,120.0,62.41,0.0,0.88,0.0,0.0,0.0,75.06,0.0,71.21,78.97,61.23,63.77
2018-08-28 02:59:00,2,1,77.29,85.0,55.0,76.16,62.41,77.29,1.0,0.0,5.72,45.0,45.01,0.0,0.0,0.0,120.0,62.41,0.0,0.88,0.0,0.0,0.0,75.04,0.0,71.21,78.98,61.24,63.78
2018-08-28 03:00:00,2,1,77.29,85.0,55.0,76.16,62.4,77.29,1.0,0.0,5.72,45.0,45.01,0.0,0.0,0.0,120.0,62.4,0.0,0.88,0.0,0.0,0.0,75.03,0.0,71.22,79.0,61.26,63.78
2018-08-28 03:01:00,2,1,77.29,85.0,55.0,76.15,62.39,77.29,1.0,0.0,5.72,45.0,45.01,0.0,0.0,0.0,120.0,62.39,0.0,0.88,0.0,0.0,0.0,75.01,0.0,71.24,79.02,61.27,63.79
2018-08-28 03:02:00,2,1,77.29,85.0,55.0,76.14,62.39,77.29,1.0,0.0,5.72,45.0,45.01,0.0,0.0,0.0,120.0,62.39,0.0,0.88,0.0,0.0,0.0,74.99,0.0,71.25,79.06,61.28,63.79
2018-08-28 03:03:00,2,1,77.29,85.0,55.0,76.13,62.38,77.29,1.0,0.0,5.72,45.0,45.01,0.0,0.0,0.0,120.0,62.38,0.0,0.88,0.0,0.0,0.0,74.98,0.0,71.27,79.09,61.3,63.8
2018-08-28 03:04:00,2,1,77.29,85.0,55.0,76.12,62.38,77.29,1.0,0.0,5.72,45.0,45.01,0.0,0.0,0.0,120.0,62.38,0.0,0.88,0.0,0.0,0.0,74.96,0.0,71.29,79.13,61.31,63.8
2018-08-28 03:05:00,2,1,77.29,85.0,55.0,76.11,62.37,77.29,1.0,0.0,5.72,45.0,45.01,0.0,0.0,0.0,120.0,62.37,0.0,0.88,0.0,0.0,0.0,74.94,0.0,71.31,79.17,61.32,63.81
2018-08-28 03:06:00,2,1,77.29,85.0,55.0,76.11,62.37,77.29,1.0,0.0,5.72,45.0,45.01,0.0,0.0,0.0,120.0,62.37,0.0,0.88,0.0,0.0,0.0,74.92,0.0,71.33,79.21,61.33,63.81
2018-08-28 03:07:00,2,1,77.29,85.0,55.0,76.1,62.36,77.29,1.0,0.0,5.72,45.0,45.01,0.0,0.0,0.0,120.0,62.36,0.0,0.88,0.0,0.0,0.0,74.9,0.0,71.35,79.25,61.35,63.82
2018-08-28 03:08:00,2,1,77.29,85.0,55.0,76.09,62.35,77.29,1.0,0.0,5.72,45.0,45.01,0.0,0.0,0.0,120.0,62.35,0.0,0.88,0.0,0.0,0.0,74.89,0.0,71.37,79.29,61.36,63.82
2018-08-28 03:09:00,2,1,77.29,85.0,55.0,76.08,62.35,77.29,1.0,0.0,5.72,45.0,45.01,0.0,0.0,0.0,120.0,62.35,0.0,0.88,0.0,0.0,0.0,74.87,0.0,71.39,79.33,61.37,63.83
2018-08-28 03:10:00,2,1,77.29,85.0,55.0,76.07,62.34,77.29,1.0,0.0,5.72,45.0,45.01,0.0,0.0,0.0,120.0,62.34,0.0,0.88,0.0,0.0,0.0,74.85,0.0,71.41,79.37,61.38,63.83
2018-08-28 03:11:00,2,1,77.29,85.0,55.0,76.06,62.34,77.29,1.0,0.0,5.72,45.0,45.01,0.0,0.0,0.0,120.0,62.34,0.0,0.88,0.0,0.0,0.0,74.83,0.0,71.43,79.42,61.4,63.84
2018-08-28 03:12:00,2,1,77.29,85.0,55.0,76.05,62.33,77.29,1.0,0.0,5.72,45.0,45.01,0.0,0.0,0.0,120.0,62.33,0.0,0.88,0.0,0.0,0.0,74.82,0.0,71.45,79.46,61.41,63.84
2018-08-28 03:13:00,2,1,77.29,85.0,55.0,76.04,62.33,77.29,1.0,0.0,5.72,45.0,45.01,0.0,0.0,0.0,120.0,62.33,0.0,0.88,0.0,0.0,0.0,74.8,0.0,71.47,79.51,61.42,63.85
2018-08-28 03:14:00,2,1,77.29,85.0,55.0,76.03,62.32,77.29,1.0,0.0,5.72,45.0,45.01,0.0,0.0,0.0,120.0,62.32,0.0,0.88,0.0,0.0,0.0,74.78,0.0,71.5,79.55,61.43,63.85
2018-08-28 03:15:00,2,1,77.29,85.0,55.0,76.02,62.32,77.29,1.0,0.0,5.72,45.0,45.01,0.0,0.0,0.0,120.0,62.32,0.0,0.88,0.0,0.0,0.0,74.76,0.0,71.52,79.6,61.44,63.86
2018-08-28 03:16:00,2,1,77.29,85.0,55.0,76.02,62.31,77.29,1.0,0.0,5.72,45.0,45.01,0.0,0.0,0.0,120.0,62.31,0.0,0.88,0.0,0.0,0.0,74.74,0.0,71.54,79.64,61.45,63.86
2018-08-28 03:17:00,2,1,77.29,85.0,55.0,76.01,62.31,77.29,1.0,0.0,5.72,45.0,45.01,0.0,0.0,0.0,120.0,62.31,0.0,0.88,0.0,0.0,0.0,74.72,0.0,71.56,79.69,61.47,63.87
2018-08-28 03:18:00,2,1,77.29,85.0,55.0,76.0,62.3,77.29,1.0,0.0,5.72,45.0,45.01,0.0,0.0,0.0,120.0,62.3,0.0,0.88,0.0,0.0,0.0,74.71,0.0,71.59,79.73,61.48,63.87
2018-08-28 03:19:00,2,1,77.29,85.0,55.0,75.99,62.3,77.29,1.0,0.0,5.72,45.0,45.01,0.0,0.0,0.0,120.0,62.3,0.0,0.88,0.0,0.0,0.0,74.69,0.0,71.61,79.78,61.49,63.88
2018-08-28 03:20:00,2,1,77.29,85.0,55.0,75.98,62.29,77.29,1.0,0.0,5.72,45.0,45.01,0.0,0.0,0.0,120.0,62.29,0.0,0.88,0.0,0.0,0.0,74.67,0.0,71.63,79.83,61.5,63.88
2018-08-28 03:21:00,2,1,77.29,85.0,55.0,75.97,62.29,77.29,1.0,0.0,5.72,45.0,45.01,0.0,0.0,0.0,120.0,62.29,0.0,0.88,0.0,0.0,0.0,74.65,0.0,71.66,79.88,61.51,63.89
2018-08-28 03:22:00,2,1,77.29,85.0,55.0,75.96,62.28,77.29,1.0,0.0,5.72,45.0,45.01,0.0,0.0,0.0,120.0,62.28,0.0,0.88,0.0,0.0,0.0,74.63,0.0,71.68,79.93,61.52,63.89
2018-08-28 03:23:00,2,1,77.29,85.0,55.0,75.95,62.28,77.29,1.0,0.0,5.72,45.0,45.01,0.0,0.0,0.0,120.0,62.28,0.0,0.88,0.0,0.0,0.0,74.62,0.0,71.71,79.98,61.53,63.9
2018-08-28 03:24:00,2,1,77.29,85.0,55.0,75.94,62.27,77.29,1.0,0.0,5.72,45.0,45.01,0.0,0.0,0.0,120.0,62.27,0.0,0.88,0.0,0.0,0.0,74.6,0.0,71.73,80.03,61.54,63.9
2018-08-28 03:25:00,2,1,77.29,85.0,55.0,75.93,62.27,77.29,1.0,0.0,5.72,45.0,45.01,0.0,0.0,0.0,120.0,62.27,0.0,0.88,0.0,0.0,0.0,74.58,0.0,71.75,80.08,61.55,63.91
2018-08-28 03:26:00,2,1,77.29,85.0,55.0,75.92,62.26,77.29,1.0,0.0,5.72,45.0,45.01,0.0,0.0,0.0,120.0,62.26,0.0,0.88,0.0,0.0,0.0,74.56,0.0,71.78,80.13,61.56,63.91
2018-08-28 03:27:00,2,1,77.29,85.0,55.0,75.92,62.26,77.29,1.0,0.0,5.72,45.0,45.01,0.0,0.0,0.0,120.0,62.26,0.0,0.88,0.0,0.0,0.0,74.54,0.0,71.8,80.18,61.57,63.92
2018-08-28 03:28:00,2,1,77.29,85.0,55.0,75.91,62.25,77.29,1.0,0.0,5.72,45.0,45.01,0.0,0.0,0.0,120.0,62.25,0.0,0.88,0.0,0.0,0.0,74.52,0.0,71.83,80.23,61.58,63.92
2018-08-28 03:29:00,2,1,77.29,85.0,55.0,75.9,62.25,77.29,1.0,0.0,5.72,45.0,45.01,0.0,0.0,0.0,120.0,62.25,0.0,0.88,0.0,0.0,0.0,74.51,0.0,71.85,80.28,61.59,63.93
2018-08-28 03:30:00,2,1,77.29,85.0,55.0,75.89,62.25,77.29,1.0,0.0,5.72,45.0,45.01,0.0,0.0,0.0,120.0,62.25,0.0,0.88,0.0,0.0,0.0,74.49,0.0,71.88,80.34,61.6,63.93
2018-08-28 03:31:00,2,1,77.29,85.0,55.0,75.88,62.24,77.29,1.0,0.0,5.72,45.0,45.01,0.0,0.0,0.0,120.0,62.24,0.0,0.88,0.0,0.0,0.0,74.47,0.0,71.91,80.39,61.61,63.94
2018-08-28 03:32:00,2,1,77.29,85.0,55.0,75.87,62.24,77.29,1.0,0.0,5.72,45.0,45.01,0.0,0.0,0.0,120.0,62.24,0.0,0.88,0.0,0.0,0.0,74.45,0.0,71.93,80.44,61.62,63.94
2018-08-28 03:33:00,2,1,77.29,85.0,55.0,75.86,62.23,77.29,1.0,0.0,5.72,45.0,45.01,0.0,0.0,0.0,120.0,62.23,0.0,0.88,0.0,0.0,0.0,74.43,0.0,71.96,80.5,61.63,63.95
2018-08-28 03:34:00,2,1,77.29,85.0,55.0,75.85,62.23,77.29,1.0,0.0,5.72,45.0,45.01,0.0,0.0,0.0,120.0,62.23,0.0,0.88,0.0,0.0,0.0,74.42,0.0,71.98,80.55,61.64,63.95
2018-08-28 03:35:00,2,1,77.29,85.0,55.0,75.84,62.22,77.29,1.0,0.0,5.72,45.0,45.01,0.0,0.0,0.0,120.0,62.22,0.0,0.88,0.0,0.0,0.0,74.4,0.0,72.01,80.6,61.65,63.96
2018-08-28 03:36:00,2,1,77.29,85.0,55.0,75.83,62.22,77.29,1.0,0.0,5.72,45.0,45.01,0.0,0.0,0.0,120.0,62.22,0.0,0.88,0.0,0.0,0.0,74.38,0.0,72.04,80.66,61.66,63.97
2018-08-28 03:37:00,2,1,77.29,85.0,55.0,75.82,62.22,77.29,1.0,0.0,5.72,45.0,45.01,0.0,0.0,0.0,120.0,62.22,0.0,0.88,0.0,0.0,0.0,74.36,0.0,72.06,80.71,61.67,63.97
2018-08-28 03:38:00,2,1,77.29,85.0,55.0,75.81,62.21,77.29,1.0,0.0,5.72,45.0,45.01,0.0,0.0,0.0,120.0,62.21,0.0,0.88,0.0,0.0,0.0,74.34,0.0,72.09,80.77,61.68,63.98
2018-08-28 03:39:00,2,1,77.29,85.0,55.0,75.81,62.21,77.29,1.0,0.0,5.72,45.0,45.01,0.0,0.0,0.0,120.0,62.21,0.0,0.88,0.0,0.0,0.0,74.32,0.0,72.11,80.82,61.69,63.98
2018-08-28 03:40:00,2,1,77.29,85.0,55.0,75.8,62.2,77.29,1.0,0.0,5.72,45.0,45.01,0.0,0.0,0.0,120.0,62.2,0.0,0.88,0.0,0.0,0.0,74.31,0.0,72.14,80.88,61.69,63.99
2018-08-28 03:41:00,2,1,77.29,85.0,55.0,75.79,62.2,77.29,1.0,0.0,5.72,45.0,45.01,0.0,0.0,0.0,120.0,62.2,0.0,0.88,0.0,0.0,0.0,74.29,0.0,72.17,80.93,61.7,63.99
2018-08-28 03:42:00,2,1,77.29,85.0,55.0,75.78,62.2,77.29,1.0,0.0,5.72,45.0,45.01,0.0,0.0,0.0,120.0,62.2,0.0,0.88,0.0,0.0,0.0,74.27,0.0,72.19,80.99,61.71,64.0
2018-08-28 03:43:00,2,1,77.29,85.0,55.0,75.77,62.19,77.29,1.0,0.0,5.72,45.0,45.01,0.0,0.0,0.0,120.0,62.19,0.0,0.88,0.0,0.0,0.0,74.25,0.0,72.22,81.04,61.72,64.0
2018-08-28 03:44:00,2,1,77.29,85.0,55.0,75.76,62.19,77.29,1.0,0.0,5.72,45.0,45.01,0.0,0.0,0.0,120.0,62.19,0.0,0.88,0.0,0.0,0.0,74.23,0.0,72.25,81.1,61.73,64.01
2018-08-28 03:45:00,2,1,77.29,85.0,55.0,75.75,62.19,77.29,1.0,0.0,5.72,45.0,45.01,0.0,0.0,0.0,120.0,62.19,0.0,0.88,0.0,0.0,0.0,74.22,0.0,72.27,81.15,61.73,64.01
2018-08-28 03:46:00,2,1,77.29,85.0,55.0,75.74,62.18,77.29,1.0,0.0,5.72,45.0,45.01,0.0,0.0,0.0,120.0,62.18,0.0,0.88,0.0,0.0,0.0,74.2,0.0,72.3,81.21,61.74,64.02
2018-08-28 03:47:00,2,1,77.29,85.0,55.0,75.73,62.18,77.29,1.0,0.0,5.72,45.0,45.01,0.0,0.0,0.0,120.0,62.18,0.0,0.88,0.0,0.0,0.0,74.18,0.0,72.33,81.26,61.75,64.02
2018-08-28 03:48:00,2,1,77.29,85.0,55.0,75.72,62.18,77.29,1.0,0.0,5.72,45.0,45.01,0.0,0.0,0.0,120.0,62.18,0.0,0.88,0.0,0.0,0.0,74.16,0.0,72.35,81.32,61.76,64.03
2018-08-28 03:49:00,2,1,77.28,85.0,55.0,75.71,62.17,77.28,1.0,0.0,5.72,45.0,45.01,0.0,0.0,0.0,120.0,62.17,0.0,0.88,0.0,0.0,0.0,74.14,0.0,72.38,81.37,61.76,64.03
2018-08-28 03:50:00,2,1,77.28,85.0,55.0,75.71,62.17,77.28,1.0,0.0,5.72,45.0,45.01,0.0,0.0,0.0,120.0,62.17,0.0,0.88,0.0,0.0,0.0,74.13,0.0,72.41,81.43,61.77,64.04
2018-08-28 03:51:00,2,1,77.28,85.0,55.0,75.7,62.17,77.28,1.0,0.0,5.72,45.0,45.01,0.0,0.0,0.0,120.0,62.17,0.0,0.88,0.0,0.0,0.0,74.11,0.0,72.43,81.48,61.78,64.04
2018-08-28 03:52:00,2,1,77.28,85.0,55.0,75.69,62.16,77.28,1.0,0.0,5.72,45.0,45.01,0.0,0.0,0.0,120.0,62.16,0.0,0.88,0.0,0.0,0.0,74.09,0.0,72.46,81.54,61.79,64.05
2018-08-28 03:53:00,2,1,77.28,85.0,55.0,75.68,62.16,77.28,1.0,0.0,5.72,45.0,45.01,0.0,0.0,0.0,120.0,62.16,0.0,0.88,0.0,0.0,0.0,74.07,0.0,72.49,81.59,61.79,64.06
2018-08-28 03:54:00,2,1,77.28,85.0,55.0,75.67,62.16,77.28,1.0,0.0,5.72,45.0,45.01,0.0,0.0,0.0,120.0,62.16,0.0,0.88,0.0,0.0,0.0,74.05,0.0,72.51,81.65,61.8,64.06
2018-08-28 03:55:00,2,1,77.28,85.0,55.0,75.66,62.15,77.28,1.0,0.0,5.72,45.0,45.01,0.0,0.0,0.0,120.0,62.15,0.0,0.88,0.0,0.0,0.0,74.04,0.0,72.54,81.7,61.81,64.07
2018-08-28 03:56:00,2,1,77.28,85.0,55.0,75.65,62.15,77.28,1.0,0.0,5.72,45.0,45.01,0.0,0.0,0.0,120.0,62.15,0.0,0.88,0.0,0.0,0.0,74.02,0.0,72.57,81.76,61.81,64.07
2018-08-28 03:57:00,2,1,77.28,85.0,55.0,75.64,62.15,77.28,1.0,0.0,5.72,45.0,45.01,0.0,0.0,0.0,120.0,62.15,0.0,0.88,0.0,0.0,0.0,74.0,0.0,72.59,81.81,61.82,64.08
2018-08-28 03:58:00,2,1,77.28,85.0,55.0,75.63,62.15,77.28,1.0,0.0,5.72,45.0,45.01,0.0,0.0,0.0,120.0,62.15,0.0,0.88,0.0,0.0,0.0,73.98,0.0,72.62,81.87,61.83,64.08
2018-08-28 03:59:00,2,1,77.28,85.0,55.0,75.62,62.14,77.28,1.0,0.0,5.72,45.0,45.01,0.0,0.0,0.0,120.0,62.14,0.0,0.88,0.0,0.0,0.0,73.97,0.0,72.65,81.92,61.83,64.09
2018-08-28 04:00:00,2,1,77.28,85.0,55.0,75.62,62.14,77.28,1.0,0.0,5.72,45.0,45.01,0.0,0.0,0.0,120.0,62.14,0.0,0.88,0.0,0.0,0.0,73.95,0.0,72.67,81.97,61.84,64.09
2018-08-28 04:01:00,2,1,77.28,85.0,55.0,75.61,62.14,77.28,1.0,0.0,5.72,45.0,45.01,0.0,0.0,0.0,120.0,62.14,0.0,0.88,0.0,0.0,0.0,73.93,0.0,72.69,82.02,61.84,64.1
2018-08-28 04:02:00,2,1,77.28,85.0,55.0,75.6,62.14,77.28,1.0,0.0,5.72,45.0,45.01,0.0,0.0,0.0,120.0,62.14,0.0,0.88,0.0,0.0,0.0,73.92,0.0,72.71,82.05,61.85,64.1
2018-08-28 04:03:00,2,1,77.28,85.0,55.0,75.59,62.13,77.28,1.0,0.0,5.72,45.0,45.01,0.0,0.0,0.0,120.0,62.13,0.0,0.88,0.0,0.0,0.0,73.9,0.0,72.73,82.09,61.86,64.11
2018-08-28 04:04:00,2,1,77.28,85.0,55.0,75.58,62.13,77.28,1.0,0.0,5.72,45.0,45.01,0.0,0.0,0.0,120.0,62.13,0.0,0.88,0.0,0.0,0.0,73.89,0.0,72.75,82.13,61.86,64.12
2018-08-28 04:05:00,2,1,77.28,85.0,55.0,75.58,62.13,77.28,1.0,0.0,5.72,45.0,45.01,0.0,0.0,0.0,120.0,62.13,0.0,0.88,0.0,0.0,0.0,73.87,0.0,72.76,82.16,61.87,64.12
2018-08-28 04:06:00,2,1,77.28,85.0,55.0,75.57,62.12,77.28,1.0,0.0,5.72,45.0,45.01,0.0,0.0,0.0,120.0,62.12,0.0,0.88,0.0,0.0,0.0,73.85,0.0,72.78,82.2,61.87,64.13
2018-08-28 04:07:00,2,1,77.28,85.0,55.0,75.56,62.12,77.28,1.0,0.0,5.72,45.0,45.01,0.0,0.0,0.0,120.0,62.12,0.0,0.88,0.0,0.0,0.0,73.84,0.0,72.8,82.23,61.88,64.13
2018-08-28 04:08:00,2,1,77.28,85.0,55.0,75.55,62.12,77.28,1.0,0.0,5.72,45.0,45.01,0.0,0.0,0.0,120.0,62.12,0.0,0.88,0.0,0.0,0.0,73.82,0.0,72.82,82.27,61.89,64.14
2018-08-28 04:09:00,2,1,77.28,85.0,55.0,75.54,62.12,77.28,1.0,0.0,5.72,45.0,45.01,0.0,0.0,0.0,120.0,62.12,0.0,0.88,0.0,0.0,0.0,73.81,0.0,72.83,82.3,61.89,64.15
2018-08-28 04:10:00,2,1,77.28,85.0,55.0,75.54,62.12,77.28,1.0,0.0,5.72,45.0,45.01,0.0,0.0,0.0,120.0,62.12,0.0,0.88,0.0,0.0,0.0,73.79,0.0,72.85,82.34,61.9,64.15
2018-08-28 04:11:00,2,1,77.28,85.0,55.0,75.53,62.11,77.28,1.0,0.0,5.72,45.0,45.01,0.0,0.0,0.0,120.0,62.11,0.0,0.88,0.0,0.0,0.0,73.78,0.0,72.87,82.37,61.9,64.16
2018-08-28 04:12:00,2,1,77.28,85.0,55.0,75.52,62.11,77.28,1.0,0.0,5.72,45.0,45.01,0.0,0.0,0.0,120.0,62.11,0.0,0.88,0.0,0.0,0.0,73.76,0.0,72.89,82.4,61.91,64.17
2018-08-28 04:13:00,2,1,77.28,85.0,55.0,75.51,62.11,77.28,1.0,0.0,5.72,45.0,45.01,0.0,0.0,0.0,120.0,62.11,0.0,0.88,0.0,0.0,0.0,73.75,0.0,72.9,82.44,61.91,64.17
2018-08-28 04:14:00,2,1,77.28,85.0,55.0,75.51,62.11,77.28,1.0,0.0,5.72,45.0,45.01,0.0,0.0,0.0,120.0,62.11,0.0,0.88,0.0,0.0,0.0,73.73,0.0,72.92,82.47,61.92,64.18
2018-08-28 04:15:00,2,1,77.28,85.0,55.0,75.5,62.1,77.28,1.0,0.0,5.72,45.0,45.01,0.0,0.0,0.0,120.0,62.1,0.0,0.88,0.0,0.0,0.0,73.72,0.0,72.94,82.51,61.92,64.18
2018-08-28 04:16:00,2,1,77.28,85.0,55.0,75.49,62.1,77.28,1.0,0.0,5.72,45.0,45.01,0.0,0.0,0.0,120.0,62.1,0.0,0.88,0.0,0.0,0.0,73.7,0.0,72.95,82.54,61.93,64.19
2018-08-28 04:17:00,2,1,77.28,85.0,55.0,75.48,62.1,77.28,1.0,0.0,5.72,45.0,45.01,0.0,0.0,0.0,120.0,62.1,0.0,0.88,0.0,0.0,0.0,73.69,0.0,72.97,82.57,61.93,64.2
2018-08-28 04:18:00,2,1,77.27,85.0,55.0,75.47,62.1,77.27,1.0,0.0,5.72,45.0,45.01,0.0,0.0,0.0,120.0,62.1,0.0,0.88,0.0,0.0,0.0,73.67,0.0,72.99,82.6,61.94,64.2
2018-08-28 04:19:00,2,1,77.27,85.0,55.0,75.47,62.09,77.27,1.0,0.0,5.72,45.0,45.01,0.0,0.0,0.0,120.0,62.09,0.0,0.88,0.0,0.0,0.0,73.66,0.0,73.0,82.64,61.95,64.21
2018-08-28 04:20:00,2,1,77.27,85.0,55.0,75.46,62.09,77.27,1.0,0.0,5.72,45.0,45.01,0.0,0.0,0.0,120.0,62.09,0.0,0.88,0.0,0.0,0.0,73.64,0.0,73.02,82.67,61.95,64.22
2018-08-28 04:21:00,2,1,77.27,85.0,55.0,75.45,62.09,77.27,1.0,0.0,5.72,45.0,45.01,0.0,0.0,0.0,120.0,62.09,0.0,0.88,0.0,0.0,0.0,73.63,0.0,73.04,82.7,61.96,64.22
2018-08-28 04:22:00,2,1,77.27,85.0,55.0,75.44,62.09,77.27,1.0,0.0,5.72,45.0,45.01,0.0,0.0,0.0,120.0,62.09,0.0,0.88,0.0,0.0,0.0,73.61,0.0,73.05,82.74,61.96,64.23
2018-08-28 04:23:00,2,1,77.27,85.0,55.0,75.44,62.08,77.27,1.0,0.0,5.72,45.0,45.01,0.0,0.0,0.0,120.0,62.08,0.0,0.88,0.0,0.0,0.0,73.6,0.0,73.07,82.77,61.97,64.24
2018-08-28 04:24:00,2,1,77.27,85.0,55.0,75.43,62.08,77.27,1.0,0.0,5.72,45.0,45.01,0.0,0.0,0.0,120.0,62.08,0.0,0.88,0.0,0.0,0.0,73.59,0.0,73.09,82.8,61.97,64.24
2018-08-28 04:25:00,2,1,77.27,85.0,55.0,75.42,62.08,77.27,1.0,0.0,5.72,45.0,45.01,0.0,0.0,0.0,120.0,62.08,0.0,0.88,0.0,0.0,0.0,73.57,0.0,73.1,82.83,61.98,64.25
2018-08-28 04:26:00,2,1,77.27,85.0,55.0,75.41,62.08,77.27,1.0,0.0,5.72,45.0,45.01,0.0,0.0,0.0,120.0,62.08,0.0,0.88,0.0,0.0,0.0,73.56,0.0,73.12,82.86,61.98,64.26
2018-08-28 04:27:00,2,1,77.27,85.0,55.0,75.41,62.08,77.27,1.0,0.0,5.72,45.0,45.01,0.0,0.0,0.0,120.0,62.08,0.0,0.88,0.0,0.0,0.0,73.54,0.0,73.14,82.9,61.99,64.26
2018-08-28 04:28:00,2,1,77.27,85.0,55.0,75.4,62.07,77.27,1.0,0.0,5.72,45.0,45.01,0.0,0.0,0.0,120.0,62.07,0.0,0.88,0.0,0.0,0.0,73.53,0.0,73.15,82.93,61.99,64.27
2018-08-28 04:29:00,2,1,77.27,85.0,55.0,75.39,62.07,77.27,1.0,0.0,5.72,45.0,45.01,0.0,0.0,0.0,120.0,62.07,0.0,0.88,0.0,0.0,0.0,73.51,0.0,73.17,82.96,62.0,64.27
2018-08-28 04:30:00,2,1,77.27,85.0,55.0,75.38,62.07,77.27,1.0,0.0,5.72,45.0,45.01,0.0,0.0,0.0,120.0,62.07,0.0,0.88,0.0,0.0,0.0,73.5,0.0,73.18,82.99,62.0,64.28
2018-08-28 04:31:00,2,1,77.27,85.0,55.0,75.37,62.07,77.27,1.0,0.0,5.72,45.0,45.01,0.0,0.0,0.0,120.0,62.07,0.0,0.88,0.0,0.0,0.0,73.48,0.0,73.2,83.02,62.01,64.29
2018-08-28 04:32:00,2,1,77.27,85.0,55.0,75.37,62.06,77.27,1.0,0.0,5.72,45.0,45.01,0.0,0.0,0.0,120.0,62.06,0.0,0.88,0.0,0.0,0.0,73.47,0.0,73.22,83.06,62.01,64.29
2018-08-28 04:33:00,2,1,77.27,85.0,55.0,75.36,62.06,77.27,1.0,0.0,5.72,45.0,45.01,0.0,0.0,0.0,120.0,62.06,0.0,0.88,0.0,0.0,0.0,73.45,0.0,73.23,83.09,62.02,64.3
2018-08-28 04:34:00,2,1,77.27,85.0,55.0,75.35,62.06,77.27,1.0,0.0,5.72,45.0,45.01,0.0,0.0,0.0,120.0,62.06,0.0,0.88,0.0,0.0,0.0,73.44,0.0,73.25,83.12,62.02,64.31
2018-08-28 04:35:00,2,1,77.26,85.0,55.0,75.34,62.06,77.26,1.0,0.0,5.72,45.0,45.01,0.0,0.0,0.0,120.0,62.06,0.0,0.88,0.0,0.0,0.0,73.42,0.0,73.26,83.15,62.03,64.31
2018-08-28 04:36:00,2,1,77.26,85.0,55.0,75.34,62.06,77.26,1.0,0.0,5.72,45.0,45.01,0.0,0.0,0.0,120.0,62.06,0.0,0.88,0.0,0.0,0.0,73.41,0.0,73.28,83.18,62.03,64.32
2018-08-28 04:37:00,2,1,77.26,85.0,55.0,75.33,62.05,77.26,1.0,0.0,5.72,45.0,45.01,0.0,0.0,0.0,120.0,62.05,0.0,0.88,0.0,0.0,0.0,73.39,0.0,73.3,83.22,62.04,64.32
2018-08-28 04:38:00,2,1,77.26,85.0,55.0,75.32,62.05,77.26,1.0,0.0,5.72,45.0,45.01,0.0,0.0,0.0,120.0,62.05,0.0,0.88,0.0,0.0,0.0,73.38,0.0,73.31,83.25,62.04,64.33
2018-08-28 04:39:00,2,1,77.26,85.0,55.0,75.31,62.05,77.26,1.0,0.0,5.72,45.0,45.01,0.0,0.0,0.0,120.0,62.05,0.0,0.88,0.0,0.0,0.0,73.36,0.0,73.33,83.28,62.04,64.34
2018-08-28 04:40:00,2,1,77.26,85.0,55.0,75.31,62.05,77.26,1.0,0.0,5.72,45.0,45.01,0.0,0.0,0.0,120.0,62.05,0.0,0.88,0.0,0.0,0.0,73.35,0.0,73.34,83.31,62.05,64.34
2018-08-28 04:41:00,2,1,77.26,85.0,55.0,75.3,62.05,77.26,1.0,0.0,5.72,45.0,45.01,0.0,0.0,0.0,120.0,62.05,0.0,0.88,0.0,0.0,0.0,73.33,0.0,73.36,83.35,62.05,64.35
2018-08-28 04:42:00,2,1,77.26,85.0,55.0,75.29,62.04,77.26,1.0,0.0,5.72,45.0,45.01,0.0,0.0,0.0,120.0,62.04,0.0,0.88,0.0,0.0,0.0,73.32,0.0,73.37,83.38,62.06,64.35
2018-08-28 04:43:00,2,1,77.26,85.0,55.0,75.28,62.04,77.26,1.0,0.0,5.72,45.0,45.01,0.0,0.0,0.0,120.0,62.04,0.0,0.88,0.0,0.0,0.0,73.3,0.0,73.39,83.41,62.06,64.36
2018-08-28 04:44:00,2,1,77.26,85.0,55.0,75.28,62.04,77.26,1.0,0.0,5.72,45.0,45.01,0.0,0.0,0.0,120.0,62.04,0.0,0.88,0.0,0.0,0.0,73.29,0.0,73.41,83.44,62.07,64.36
2018-08-28 04:45:00,2,1,77.26,85.0,55.0,75.27,62.04,77.26,1.0,0.0,5.72,45.0,45.01,0.0,0.0,0.0,120.0,62.04,0.0,0.88,0.0,0.0,0.0,73.27,0.0,73.42,83.48,62.07,64.37
2018-08-28 04:46:00,2,1,77.26,85.0,55.0,75.26,62.04,77.26,1.0,0.0,5.72,45.0,45.01,0.0,0.0,0.0,120.0,62.04,0.0,0.88,0.0,0.0,0.0,73.26,0.0,73.44,83.51,62.08,64.38
2018-08-28 04:47:00,2,1,77.26,85.0,55.0,75.25,62.03,77.26,1.0,0.0,5.72,45.0,45.01,0.0,0.0,0.0,120.0,62.03,0.0,0.88,0.0,0.0,0.0,73.24,0.0,73.45,83.54,62.08,64.38
2018-08-28 04:48:00,2,1,77.26,85.0,55.0,75.24,62.03,77.26,1.0,0.0,5.72,45.0,45.01,0.0,0.0,0.0,120.0,62.03,0.0,0.88,0.0,0.0,0.0,73.23,0.0,73.47,83.57,62.09,64.39
2018-08-28 04:49:00,2,1,77.26,85.0,55.0,75.24,62.03,77.26,1.0,0.0,5.72,45.0,45.01,0.0,0.0,0.0,120.0,62.03,0.0,0.88,0.0,0.0,0.0,73.21,0.0,73.49,83.61,62.09,64.39
2018-08-28 04:50:00,2,1,77.26,85.0,55.0,75.23,62.03,77.26,1.0,0.0,5.72,45.0,45.01,0.0,0.0,0.0,120.0,62.03,0.0,0.88,0.0,0.0,0.0,73.2,0.0,73.5,83.64,62.1,64.4
2018-08-28 04:51:00,2,1,77.26,85.0,55.0,75.22,62.03,77.26,1.0,0.0,5.72,45.0,45.01,0.0,0.0,0.0,120.0,62.03,0.0,0.88,0.0,0.0,0.0,73.18,0.0,73.52,83.67,62.1,64.4
2018-08-28 04:52:00,2,1,77.26,85.0,55.0,75.21,62.02,77.26,1.0,0.0,5.72,45.0,45.01,0.0,0.0,0.0,120.0,62.02,0.0,0.88,0.0,0.0,0.0,73.17,0.0,73.53,83.71,62.1,64.41
2018-08-28 04:53:00,2,1,77.26,85.0,55.0,75.21,62.02,77.26,1.0,0.0,5.72,45.0,45.01,0.0,0.0,0.0,120.0,62.02,0.0,0.88,0.0,0.0,0.0,73.15,0.0,73.55,83.74,62.11,64.41
2018-08-28 04:54:00,2,1,77.26,85.0,55.0,75.2,62.02,77.26,1.0,0.0,5.72,45.0,45.01,0.0,0.0,0.0,120.0,62.02,0.0,0.88,0.0,0.0,0.0,73.14,0.0,73.57,83.78,62.11,64.42
2018-08-28 04:55:00,2,1,77.26,85.0,55.0,75.19,62.02,77.26,1.0,0.0,5.72,45.0,45.01,0.0,0.0,0.0,120.0,62.02,0.0,0.88,0.0,0.0,0.0,73.12,0.0,73.58,83.81,62.12,64.42
2018-08-28 04:56:00,2,1,77.26,85.0,55.0,75.18,62.02,77.26,1.0,0.0,5.72,45.0,45.01,0.0,0.0,0.0,120.0,62.02,0.0,0.88,0.0,0.0,0.0,73.11,0.0,73.6,83.84,62.12,64.42
2018-08-28 04:57:00,2,1,77.26,85.0,55.0,75.18,62.01,77.26,1.0,0.0,5.72,45.0,45.01,0.0,0.0,0.0,120.0,62.01,0.0,0.88,0.0,0.0,0.0,73.09,0.0,73.61,83.88,62.13,64.43
2018-08-28 04:58:00,2,1,77.26,85.0,55.0,75.17,62.01,77.26,1.0,0.0,5.72,45.0,45.01,0.0,0.0,0.0,120.0,62.01,0.0,0.88,0.0,0.0,0.0,73.08,0.0,73.63,83.91,62.13,64.43
2018-08-28 04:59:00,2,1,77.26,85.0,55.0,75.16,62.01,77.26,1.0,0.0,5.72,45.0,45.01,0.0,0.0,0.0,120.0,62.01,0.0,0.88,0.0,0.0,0.0,73.06,0.0,73.65,83.95,62.13,64.44
2018-08-28 05:00:00,2,1,77.26,85.0,55.0,75.15,62.01,77.26,1.0,0.0,5.72,45.0,45.01,0.0,0.0,0.0,120.0,62.01,0.0,0.88,0.0,0.0,0.0,73.05,0.0,73.66,83.98,62.14,64.44
2018-08-28 05:01:00,2,1,77.26,85.0,55.0,75.14,62.01,77.26,1.0,0.0,5.72,45.0,45.01,0.0,0.0,0.0,120.0,62.01,0.0,0.88,0.0,0.0,0.0,73.03,0.0,73.69,84.04,62.14,64.45
2018-08-28 05:02:00,2,1,77.26,85.0,55.0,75.13,62.0,77.26,1.0,0.0,5.72,45.0,45.01,0.0,0.0,0.0,120.0,62.0,0.0,0.88,0.0,0.0,0.0,73.0,0.0,73.72,84.1,62.15,64.45
2018-08-28 05:03:00,2,1,77.26,85.0,55.0,75.12,62.0,77.26,1.0,0.0,5.72,45.0,45.01,0.0,0.0,0.0,120.0,62.0,0.0,0.88,0.0,0.0,0.0,72.98,0.0,73.74,84.17,62.15,64.45
2018-08-28 05:04:00,2,1,77.26,85.0,55.0,75.11,62.0,77.26,1.0,0.0,5.72,45.0,45.01,0.0,0.0,0.0,120.0,62.0,0.0,0.88,0.0,0.0,0.0,72.95,0.0,73.77,84.23,62.16,64.46
2018-08-28 05:05:00,2,1,77.26,85.0,55.0,75.09,62.0,77.26,1.0,0.0,5.72,45.0,45.01,0.0,0.0,0.0,120.0,62.0,0.0,0.88,0.0,0.0,0.0,72.92,0.0,73.8,84.3,62.16,64.46
2018-08-28 05:06:00,2,1,77.26,85.0,55.0,75.08,62.0,77.26,1.0,0.0,5.72,45.0,45.01,0.0,0.0,0.0,120.0,62.0,0.0,0.88,0.0,0.0,0.0,72.9,0.0,73.83,84.37,62.16,64.47
2018-08-28 05:07:00,2,1,77.26,85.0,55.0,75.07,62.0,77.26,1.0,0.0,5.72,45.0,45.01,0.0,0.0,0.0,120.0,62.0,0.0,0.88,0.0,0.0,0.0,72.87,0.0,73.86,84.43,62.17,64.47
2018-08-28 05:08:00,2,1,77.26,85.0,55.0,75.05,61.99,77.26,1.0,0.0,5.72,45.0,45.01,0.0,0.0,0.0,120.0,61.99,0.0,0.88,0.0,0.0,0.0,72.85,0.0,73.89,84.5,62.17,64.47
2018-08-28 05:09:00,2,1,77.26,85.0,55.0,75.04,61.99,77.26,1.0,0.0,5.72,45.0,45.01,0.0,0.0,0.0,120.0,61.99,0.0,0.88,0.0,0.0,0.0,72.82,0.0,73.92,84.57,62.18,64.48
2018-08-28 05:10:00,2,1,77.26,85.0,55.0,75.03,61.99,77.26,1.0,0.0,5.72,45.0,45.01,0.0,0.0,0.0,120.0,61.99,0.0,0.88,0.0,0.0,0.0,72.8,0.0,73.95,84.63,62.18,64.48
2018-08-28 05:11:00,2,1,77.26,85.0,55.0,75.02,61.99,77.26,1.0,0.0,5.72,45.0,45.01,0.0,0.0,0.0,120.0,61.99,0.0,0.88,0.0,0.0,0.0,72.77,0.0,73.98,84.7,62.18,64.49
2018-08-28 05:12:00,2,1,77.26,85.0,55.0,75.0,61.99,77.26,1.0,0.0,5.72,45.0,45.01,0.0,0.0,0.0,120.0,61.99,0.0,0.88,0.0,0.0,0.0,72.75,0.0,74.01,84.77,62.19,64.49
2018-08-28 05:13:00,2,1,77.26,85.0,55.0,74.99,61.99,77.26,1.0,0.0,5.72,45.0,45.01,0.0,0.0,0.0,120.0,61.99,0.0,0.88,0.0,0.0,0.0,72.72,0.0,74.03,84.83,62.19,64.49
2018-08-28 05:14:00,2,1,77.26,85.0,55.0,74.98,61.98,77.26,1.0,0.0,5.72,45.0,45.01,0.0,0.0,0.0,120.0,61.98,0.0,0.88,0.0,0.0,0.0,72.7,0.0,74.06,84.9,62.2,64.5
2018-08-28 05:15:00,2,1,77.26,85.0,55.0,74.97,61.98,77.26,1.0,0.0,5.72,45.0,45.01,0.0,0.0,0.0,120.0,61.98,0.0,0.88,0.0,0.0,0.0,72.67,0.0,74.09,84.97,62.2,64.5
2018-08-28 05:16:00,2,1,77.26,85.0,55.0,74.96,61.98,77.26,1.0,0.0,5.72,45.0,45.01,0.0,0.0,0.0,120.0,61.98,0.0,0.88,0.0,0.0,0.0,72.65,0.0,74.12,85.03,62.2,64.5
2018-08-28 05:17:00,2,1,77.26,85.0,55.0,74.94,61.98,77.26,1.0,0.0,5.72,45.0,45.01,0.0,0.0,0.0,120.0,61.98,0.0,0.88,0.0,0.0,0.0,72.62,0.0,74.15,85.1,62.21,64.5
2018-08-28 05:18:00,2,1,77.26,85.0,55.0,74.93,61.98,77.26,1.0,0.0,5.72,45.0,45.01,0.0,0.0,0.0,120.0,61.98,0.0,0.88,0.0,0.0,0.0,72.6,0.0,74.17,85.16,62.21,64.51
2018-08-28 05:19:00,2,1,77.27,85.0,55.0,74.92,61.98,77.27,1.0,0.0,5.72,45.0,45.01,0.0,0.0,0.0,120.0,61.98,0.0,0.88,0.0,0.0,0.0,72.57,0.0,74.2,85.23,62.22,64.51
2018-08-28 05:20:00,2,1,77.27,85.0,55.0,74.91,61.97,77.27,1.0,0.0,5.72,45.0,45.01,0.0,0.0,0.0,120.0,61.97,0.0,0.88,0.0,0.0,0.0,72.55,0.0,74.23,85.29,62.22,64.51
2018-08-28 05:21:00,2,1,77.27,85.0,55.0,74.9,61.97,77.27,1.0,0.0,5.72,45.0,45.01,0.0,0.0,0.0,120.0,61.97,0.0,0.88,0.0,0.0,0.0,72.53,0.0,74.26,85.36,62.22,64.51
2018-08-28 05:22:00,2,1,77.27,85.0,55.0,74.89,61.97,77.27,1.0,0.0,5.72,45.0,45.01,0.0,0.0,0.0,120.0,61.97,0.0,0.88,0.0,0.0,0.0,72.5,0.0,74.28,85.42,62.23,64.51
2018-08-28 05:23:00,2,1,77.27,85.0,55.0,74.87,61.97,77.27,1.0,0.0,5.72,45.0,45.01,0.0,0.0,0.0,120.0,61.97,0.0,0.88,0.0,0.0,0.0,72.48,0.0,74.31,85.48,62.23,64.52
2018-08-28 05:24:00,2,1,77.27,85.0,55.0,74.86,61.97,77.27,1.0,0.0,5.72,45.0,45.01,0.0,0.0,0.0,120.0,61.97,0.0,0.88,0.0,0.0,0.0,72.46,0.0,74.33,85.54,62.23,64.52
2018-08-28 05:25:00,2,1,77.27,85.0,55.0,74.85,61.97,77.27,1.0,0.0,5.72,45.0,45.01,0.0,0.0,0.0,120.0,61.97,0.0,0.88,0.0,0.0,0.0,72.44,0.0,74.36,85.61,62.24,64.52
2018-08-28 05:26:00,2,1,77.27,85.0,55.0,74.84,61.96,77.27,1.0,0.0,5.72,45.0,45.01,0.0,0.0,0.0,120.0,61.96,0.0,0.88,0.0,0.0,0.0,72.41,0.0,74.38,85.67,62.24,64.52
2018-08-28 05:27:00,2,1,77.27,85.0,55.0,74.83,61.96,77.27,1.0,0.0,5.72,45.0,45.01,0.0,0.0,0.0,120.0,61.96,0.0,0.88,0.0,0.0,0.0,72.39,0.0,74.41,85.73,62.24,64.52
2018-08-28 05:28:00,2,1,77.27,85.0,55.0,74.82,61.96,77.27,1.0,0.0,5.72,45.0,45.01,0.0,0.0,0.0,120.0,61.96,0.0,0.88,0.0,0.0,0.0,72.37,0.0,74.43,85.79,62.25,64.52
2018-08-28 05:29:00,2,1,77.28,85.0,55.0,74.81,61.96,77.28,1.0,0.0,5.72,45.0,45.01,0.0,0.0,0.0,120.0,61.96,0.0,0.88,0.0,0.0,0.0,72.35,0.0,74.46,85.85,62.25,64.52
2018-08-28 05:30:00,2,1,77.28,85.0,55.0,74.8,61.96,77.28,1.0,0.0,5.72,45.0,45.01,0.0,0.0,0.0,120.0,61.96,0.0,0.88,0.0,0.0,0.0,72.33,0.0,74.48,85.9,62.25,64.52
2018-08-28 05:31:00,2,1,77.28,85.0,55.0,74.79,61.96,77.28,1.0,0.0,5.72,45.0,45.01,0.0,0.0,0.0,120.0,61.96,0.0,0.88,0.0,0.0,0.0,72.31,0.0,74.5,85.96,62.26,64.52
2018-08-28 05:32:00,2,1,77.28,85.0,55.0,74.78,61.95,77.28,1.0,0.0,5.72,45.0,45.01,0.0,0.0,0.0,120.0,61.95,0.0,0.88,0.0,0.0,0.0,72.29,0.0,74.52,86.02,62.26,64.52
2018-08-28 05:33:00,2,1,77.28,85.0,55.0,74.78,61.95,77.28,1.0,0.0,5.72,45.0,45.01,0.0,0.0,0.0,120.0,61.95,0.0,0.88,0.0,0.0,0.0,72.27,0.0,74.55,86.07,62.26,64.52
2018-08-28 05:34:00,2,1,77.28,85.0,55.0,74.77,61.95,77.28,1.0,0.0,5.72,45.0,45.01,0.0,0.0,0.0,120.0,61.95,0.0,0.88,0.0,0.0,0.0,72.25,0.0,74.57,86.12,62.27,64.52
2018-08-28 05:35:00,2,1,77.29,85.0,55.0,74.76,61.95,77.29,1.0,0.0,5.72,45.0,45.01,0.0,0.0,0.0,120.0,61.95,0.0,0.88,0.0,0.0,0.0,72.23,0.0,74.59,86.18,62.27,64.52
2018-08-28 05:36:00,2,1,77.29,85.0,55.0,74.75,61.95,77.29,1.0,0.0,5.72,45.0,45.01,0.0,0.0,0.0,120.0,61.95,0.0,0.88,0.0,0.0,0.0,72.21,0.0,74.61,86.23,62.27,64.51
2018-08-28 05:37:00,2,1,77.29,85.0,55.0,74.74,61.95,77.29,1.0,0.0,5.72,45.0,45.01,0.0,0.0,0.0,120.0,61.95,0.0,0.88,0.0,0.0,0.0,72.2,0.0,74.63,86.28,62.28,64.51
2018-08-28 05:38:00,2,1,77.29,85.0,55.0,74.74,61.95,77.29,1.0,0.0,5.72,45.0,45.01,0.0,0.0,0.0,120.0,61.95,0.0,0.88,0.0,0.0,0.0,72.18,0.0,74.64,86.33,62.28,64.51
2018-08-28 05:39:00,2,1,77.3,85.0,55.0,74.73,61.94,77.3,1.0,0.0,5.72,45.0,45.01,0.0,0.0,0.0,120.0,61.94,0.0,0.88,0.0,0.0,0.0,72.16,0.0,74.66,86.38,62.28,64.51
2018-08-28 05:40:00,2,1,77.3,85.0,55.0,74.72,61.94,77.3,1.0,0.0,5.72,45.0,45.01,0.0,0.0,0.0,120.0,61.94,0.0,0.88,0.0,0.0,0.0,72.15,0.0,74.68,86.42,62.29,64.51
2018-08-28 05:41:00,2,1,77.3,85.0,55.0,74.72,61.94,77.3,1.0,0.0,5.72,45.0,45.01,0.0,0.0,0.0,120.0,61.94,0.0,0.88,0.0,0.0,0.0,72.13,0.0,74.7,86.47,62.29,64.5
2018-08-28 05:42:00,2,1,77.3,85.0,55.0,74.71,61.94,77.3,1.0,0.0,5.72,45.0,45.01,0.0,0.0,0.0,120.0,61.94,0.0,0.88,0.0,0.0,0.0,72.12,0.0,74.71,86.51,62.29,64.5
2018-08-28 05:43:00,2,1,77.31,85.0,55.0,74.7,61.94,77.31,1.0,0.0,5.72,45.0,45.01,0.0,0.0,0.0,120.0,61.94,0.0,0.88,0.0,0.0,0.0,72.1,0.0,74.73,86.55,62.3,64.5
2018-08-28 05:44:00,2,1,77.31,85.0,55.0,74.7,61.94,77.31,1.0,0.0,5.72,45.0,45.01,0.0,0.0,0.0,120.0,61.94,0.0,0.88,0.0,0.0,0.0,72.09,0.0,74.74,86.59,62.3,64.49
2018-08-28 05:45:00,2,1,77.31,85.0,55.0,74.69,61.94,77.31,1.0,0.0,5.72,45.0,45.01,0.0,0.0,0.0,120.0,61.94,0.0,0.88,0.0,0.0,0.0,72.08,0.0,74.75,86.63,62.3,64.49
2018-08-28 05:46:00,2,1,77.32,85.0,55.0,74.69,61.94,77.32,1.0,0.0,5.72,45.0,45.01,0.0,0.0,0.0,120.0,61.94,0.0,0.88,0.0,0.0,0.0,72.06,0.0,74.77,86.67,62.31,64.48
2018-08-28 05:47:00,2,1,77.32,85.0,55.0,74.69,61.93,77.32,1.0,0.0,5.72,45.0,45.01,0.0,0.0,0.0,120.0,61.93,0.0,0.88,0.0,0.0,0.0,72.05,0.0,74.78,86.7,62.31,64.48
2018-08-28 05:48:00,2,1,77.32,85.0,55.0,74.68,61.93,77.32,1.0,0.0,5.72,45.0,45.01,0.0,0.0,0.0,120.0,61.93,0.0,0.88,0.0,0.0,0.0,72.04,0.0,74.79,86.74,62.31,64.47
2018-08-28 05:49:00,2,1,77.33,85.0,55.0,74.68,61.93,77.33,1.0,0.0,5.72,45.0,45.01,0.0,0.0,0.0,120.0,61.93,0.0,0.88,0.0,0.0,0.0,72.03,0.0,74.8,86.77,62.31,64.47
2018-08-28 05:50:00,2,1,77.33,85.0,55.0,74.68,61.93,77.33,1.0,0.0,5.72,45.0,45.01,0.0,0.0,0.0,120.0,61.93,0.0,0.88,0.0,0.0,0.0,72.02,0.0,74.81,86.8,62.32,64.46
2018-08-28 05:51:00,2,1,77.33,85.0,55.0,74.67,61.93,77.33,1.0,0.0,5.72,45.0,45.01,0.0,0.0,0.0,120.0,61.93,0.0,0.88,0.0,0.0,0.0,72.01,0.0,74.82,86.83,62.32,64.45
2018-08-28 05:52:00,2,1,77.34,85.0,55.0,74.67,61.93,77.34,1.0,0.0,5.72,45.0,45.01,0.0,0.0,0.0,120.0,61.93,0.0,0.88,0.0,0.0,0.0,72.0,0.0,74.83,86.86,62.32,64.45
2018-08-28 05:53:00,2,1,77.34,85.0,55.0,74.67,61.93,77.34,1.0,0.0,5.72,45.0,45.01,0.0,0.0,0.0,120.0,61.93,0.0,0.88,0.0,0.0,0.0,71.99,0.0,74.83,86.88,62.32,64.44
2018-08-28 05:54:00,2,1,77.35,85.0,55.0,74.67,61.93,77.35,1.0,0.0,5.72,45.0,45.01,0.0,0.0,0.0,120.0,61.93,0.0,0.88,0.0,0.0,0.0,71.99,0.0,74.84,86.9,62.33,64.43
2018-08-28 05:55:00,2,1,77.35,85.0,55.0,74.67,61.92,77.35,1.0,0.0,5.72,45.0,45.01,0.0,0.0,0.0,120.0,61.92,0.0,0.88,0.0,0.0,0.0,71.98,0.0,74.84,86.92,62.33,64.43
2018-08-28 05:56:00,2,1,77.36,85.0,55.0,74.67,61.92,77.36,1.0,0.0,5.72,45.0,45.01,0.0,0.0,0.0,120.0,61.92,0.0,0.88,0.0,0.0,0.0,71.97,0.0,74.85,86.94,62.33,64.42
2018-08-28 05:57:00,2,1,77.36,85.0,55.0,74.67,61.92,77.36,1.0,0.0,5.72,45.0,45.01,0.0,0.0,0.0,120.0,61.92,0.0,0.88,0.0,0.0,0.0,71.97,0.0,74.85,86.96,62.33,64.41
2018-08-28 05:58:00,2,1,77.37,85.0,55.0,74.67,61.92,77.37,1.0,0.0,5.72,45.0,45.01,0.0,0.0,0.0,120.0,61.92,0.0,0.88,0.0,0.0,0.0,71.97,0.0,74.85,86.97,62.34,64.4
2018-08-28 05:59:00,2,1,77.37,85.0,55.0,74.67,61.92,77.37,1.0,0.0,5.72,45.0,45.01,0.0,0.0,0.0,120.0,61.92,0.0,0.88,0.0,0.0,0.0,71.96,0.0,74.85,86.98,62.34,64.39
2018-08-28 06:00:00,2,1,77.38,85.0,55.0,74.67,61.92,77.38,1.0,0.0,5.72,45.0,45.01,0.0,0.0,0.0,120.0,61.92,0.0,0.88,0.0,0.0,0.0,71.96,0.0,74.85,86.99,62.34,64.39
2018-08-28 06:01:00,1,1,76.22,72.0,68.0,75.67,55.46,76.22,1.0,0.07,5.72,45.0,52.22,0.0,0.0,0.0,120.0,56.34,397.93,41.96,0.3,0.3,9.75,71.97,2.27,66.26,86.97,78.86,63.77
2018-08-28 06:02:00,1,1,74.56,72.0,68.0,74.27,53.33,74.56,1.0,0.06,5.72,45.0,53.22,0.0,0.0,0.0,120.0,53.6,397.93,41.96,0.3,0.3,9.75,71.98,2.58,65.49,86.92,84.96,63.1
2018-08-28 06:03:00,1,1,73.08,72.0,68.0,72.96,52.5,73.08,1.0,0.05,5.72,45.0,52.93,0.0,0.0,0.0,120.0,52.62,397.93,41.96,0.3,0.3,9.75,72.0,2.62,64.98,86.87,87.61,62.47
2018-08-28 06:04:00,1,1,71.84,72.0,68.0,71.86,52.06,71.84,1.0,0.04,5.72,45.0,52.54,0.0,0.0,0.0,120.0,52.13,397.93,41.96,0.3,0.3,9.75,72.01,2.63,64.5,86.82,89.11,61.84
2018-08-28 06:05:00,1,1,70.89,72.0,68.0,71.16,51.78,70.89,1.0,0.0,5.72,45.0,250.0,0.0,0.0,0.0,120.0,51.82,0.03,0.88,0.3,0.3,0.0,72.03,1.88,66.94,86.77,90.1,61.15
2018-08-28 06:06:00,1,1,71.22,72.0,68.0,71.59,51.75,71.22,1.0,0.0,5.72,45.0,88.03,0.0,0.0,0.0,120.0,51.76,0.01,0.88,0.3,0.3,0.0,72.04,0.25,72.45,86.71,90.2,59.67
2018-08-28 06:07:00,1,1,71.91,72.0,68.0,71.98,51.8,71.91,1.0,0.0,5.72,45.0,50.83,0.0,0.0,0.0,120.0,51.8,0.01,0.88,0.3,0.3,0.0,72.06,0.03,72.38,86.65,90.03,58.19
2018-08-28 06:08:00,1,1,72.13,72.0,68.0,72.1,51.38,72.13,1.0,0.0,5.72,45.0,49.21,0.0,0.0,0.0,120.0,51.41,397.93,41.96,0.3,0.3,9.75,72.08,1.67,64.45,86.59,91.58,57.12
2018-08-28 06:09:00,1,1,71.21,72.0,68.0,71.3,51.65,71.21,1.0,0.0,5.72,45.0,51.71,0.0,0.0,0.0,120.0,51.63,397.93,41.96,0.3,0.3,9.75,72.1,2.5,60.85,86.53,90.55,57.06
2018-08-28 06:10:00,1,1,70.94,72.0,68.0,71.43,51.68,70.94,1.0,0.0,5.72,45.0,140.8,0.0,0.0,0.0,120.0,51.68,0.01,0.88,0.3,0.3,0.0,72.12,0.57,69.27,86.46,90.47,56.45
2018-08-28 06:11:00,1,1,71.55,72.0,68.0,71.83,51.72,71.55,1.0,0.0,5.72,45.0,57.97,0.0,0.0,0.0,120.0,51.72,0.01,0.88,0.3,0.3,0.0,72.14,0.08,70.65,86.4,90.29,55.13
2018-08-28 06:12:00,1,1,72.19,72.0,68.0,72.17,51.77,72.19,1.0,0.0,5.72,45.0,46.76,0.0,0.0,0.0,120.0,51.77,0.01,0.88,0.3,0.3,0.0,72.16,0.01,70.14,86.33,90.11,53.93
2018-08-28 06:13:00,1,1,71.76,72.0,68.0,71.8,51.49,71.76,1.0,0.0,5.72,45.0,50.67,0.0,0.0,0.0,120.0,51.41,397.93,41.96,0.3,0.3,9.75,72.19,2.21,59.25,86.26,91.17,53.69
2018-08-28 06:14:00,1,1,70.87,72.0,68.0,71.25,51.62,70.87,1.0,0.0,5.72,45.0,250.0,0.0,0.0,0.0,120.0,51.62,0.01,0.88,0.3,0.3,0.0,72.21,1.54,63.01,86.19,90.67,54.06
2018-08-28 06:15:00,1,1,71.22,72.0,68.0,71.69,51.67,71.22,1.0,0.0,5.72,45.0,79.12,0.0,0.0,0.0,120.0,51.66,0.01,0.88,0.3,0.3,0.0,72.23,0.21,68.95,86.12,90.5,53.09
2018-08-28 06:16:00,1,1,71.86,72.0,68.0,72.05,51.71,71.86,1.0,0.0,5.72,45.0,49.62,0.0,0.0,0.0,120.0,51.71,0.01,0.88,0.3,0.3,0.0,72.26,0.03,69.04,86.04,90.33,51.91
2018-08-28 06:17:00,1,1,72.23,72.0,68.0,72.24,51.31,72.23,1.0,0.0,5.72,45.0,47.45,0.0,0.0,0.0,120.0,51.47,397.93,41.96,0.3,0.3,9.75,72.28,1.28,61.81,85.97,91.87,51.03
2018-08-28 06:18:00,1,1,71.34,72.0,68.0,71.44,51.55,71.34,1.0,0.0,5.72,45.0,51.17,0.0,0.0,0.0,120.0,51.51,397.93,41.96,0.3,0.3,9.75,72.31,2.45,56.34,85.89,90.93,51.63
2018-08-28 06:19:00,1,1,70.91,72.0,68.0,71.49,51.59,70.91,1.0,0.0,5.72,45.0,150.99,0.0,0.0,0.0,120.0,51.59,0.01,0.88,0.3,0.3,0.0,72.34,0.67,65.8,85.81,90.78,51.72
2018-08-28 06:20:00,1,1,71.47,72.0,68.0,71.9,51.63,71.47,1.0,0.0,5.72,45.0,59.35,0.0,0.0,0.0,120.0,51.63,0.01,0.88,0.3,0.3,0.0,72.36,0.09,68.08,85.73,90.62,50.64
2018-08-28 06:21:00,1,1,72.09,72.0,68.0,72.24,51.68,72.09,1.0,0.0,5.72,45.0,46.95,0.0,0.0,0.0,120.0,51.68,0.01,0.88,0.3,0.3,0.0,72.39,0.01,67.73,85.65,90.46,49.57
2018-08-28 06:22:00,1,1,71.9,72.0,68.0,71.97,51.36,71.9,1.0,0.0,5.72,45.0,49.84,0.0,0.0,0.0,120.0,51.3,397.93,41.96,0.3,0.3,9.75,72.42,2.04,56.53,85.57,91.67,49.42
2018-08-28 06:23:00,1,1,70.91,72.0,68.0,71.19,51.51,70.91,1.0,0.0,5.72,45.0,250.0,0.0,0.0,0.0,120.0,51.5,2.69,1.16,0.3,0.3,0.0,72.45,2.15,56.92,85.48,91.09,50.4
2018-08-28 06:24:00,1,1,71.08,72.0,68.0,71.72,51.54,71.08,1.0,0.0,5.72,45.0,89.7,0.0,0.0,0.0,120.0,51.54,0.01,0.88,0.3,0.3,0.0,72.48,0.29,66.58,85.4,90.97,49.85
2018-08-28 06:25:00,1,1,71.71,72.0,68.0,72.1,51.58,71.71,1.0,0.0,5.72,45.0,51.06,0.0,0.0,0.0,120.0,51.58,0.01,0.88,0.3,0.3,0.0,72.51,0.04,67.18,85.31,90.81,48.77
2018-08-28 06:26:00,1,1,72.28,72.0,68.0,72.4,51.44,72.28,1.0,0.0,5.72,45.0,45.83,0.0,0.0,0.0,120.0,51.62,395.25,41.69,0.3,0.3,9.75,72.54,0.41,64.38,85.23,91.37,47.82
2018-08-28 06:27:00,1,1,71.59,72.0,68.0,71.7,51.39,71.59,1.0,0.0,5.72,45.0,50.54,0.0,0.0,0.0,120.0,51.34,397.93,41.96,0.3,0.3,9.75,72.58,2.33,54.15,85.14,91.53,48.42
2018-08-28 06:28:00,1,1,70.84,72.0,68.0,71.45,51.45,70.84,1.0,0.0,5.72,45.0,210.5,0.0,0.0,0.0,120.0,51.45,0.01,0.88,0.3,0.3,0.0,72.61,1.1,61.7,85.05,91.3,49.24
2018-08-28 06:29:00,1,1,71.29,72.0,68.0,71.93,51.49,71.29,1.0,0.0,5.72,45.0,67.41,0.0,0.0,0.0,120.0,51.49,0.01,0.88,0.3,0.3,0.0,72.64,0.15,66.38,84.96,91.16,48.39
2018-08-28 06:30:00,1,1,71.92,72.0,68.0,72.29,51.53,71.92,1.0,0.0,5.72,45.0,48.04,0.0,0.0,0.0,120.0,51.53,0.01,0.88,0.3,0.3,0.0,72.68,0.02,66.35,84.87,91.01,47.36
2018-08-28 06:31:00,1,1,72.18,72.0,68.0,72.31,51.17,72.18,1.0,0.0,5.72,45.0,47.92,0.0,0.0,0.0,120.0,51.23,397.93,41.96,0.3,0.3,9.75,72.71,1.49,57.46,84.78,92.39,46.78
2018-08-28 06:32:00,1,1,71.23,72.0,68.0,71.41,51.37,71.23,1.0,0.0,5.72,45.0,50.83,0.0,0.0,0.0,120.0,51.35,397.93,41.96,0.3,0.3,9.75,72.74,2.47,52.91,84.69,91.59,47.92
2018-08-28 06:33:00,1,1,70.92,72.0,68.0,71.69,51.4,70.92,1.0,0.0,5.72,45.0,128.33,0.0,0.0,0.0,120.0,51.4,0.01,0.88,0.3,0.3,0.0,72.78,0.57,63.92,84.6,91.5,48.21
2018-08-28 06:34:00,1,1,71.5,72.0,68.0,72.13,51.44,71.5,1.0,0.0,5.72,45.0,56.29,0.0,0.0,0.0,120.0,51.43,0.01,0.88,0.3,0.3,0.0,72.82,0.08,65.97,84.5,91.35,47.24
2018-08-28 06:35:00,1,1,72.12,72.0,68.0,72.48,51.48,72.12,1.0,0.0,5.72,45.0,46.54,0.0,0.0,0.0,120.0,51.48,0.01,0.88,0.3,0.3,0.0,72.85,0.01,65.62,84.41,91.2,46.27
2018-08-28 06:36:00,1,1,71.92,72.0,68.0,72.07,51.19,71.92,1.0,0.0,5.72,45.0,49.55,0.0,0.0,0.0,120.0,51.14,397.93,41.96,0.3,0.3,9.75,72.89,2.04,53.91,84.32,92.29,46.34
2018-08-28 06:37:00,1,1,70.91,72.0,68.0,71.27,51.32,70.91,1.0,0.0,5.72,45.0,250.0,0.0,0.0,0.0,120.0,51.32,2.69,1.16,0.3,0.3,0.0,72.93,2.15,54.56,84.22,91.77,47.7
2018-08-28 06:38:00,1,1,71.08,72.0,68.0,71.94,51.35,71.08,1.0,0.0,5.72,45.0,87.15,0.0,0.0,0.0,120.0,51.35,0.01,0.88,0.3,0.3,0.0,72.97,0.29,64.79,84.13,91.65,47.32
2018-08-28 06:39:00,1,1,71.71,72.0,68.0,72.34,51.39,71.71,1.0,0.0,5.72,45.0,50.71,0.0,0.0,0.0,120.0,51.39,0.01,0.88,0.3,0.3,0.0,73.0,0.04,65.48,84.03,91.5,46.32
2018-08-28 06:40:00,1,1,72.29,72.0,68.0,72.63,51.26,72.29,1.0,0.0,5.72,45.0,45.78,0.0,0.0,0.0,120.0,51.43,395.25,41.69,0.3,0.3,9.75,73.04,0.41,62.63,83.94,92.02,45.43
2018-08-28 06:41:00,1,1,71.59,72.0,68.0,71.78,51.23,71.59,1.0,0.0,5.72,45.0,50.31,0.0,0.0,0.0,120.0,51.18,397.93,41.96,0.3,0.3,9.75,73.08,2.33,52.21,83.84,92.14,46.26
2018-08-28 06:42:00,1,1,70.83,72.0,68.0,71.62,51.29,70.83,1.0,0.0,5.72,45.0,203.11,0.0,0.0,0.0,120.0,51.28,0.01,0.88,0.3,0.3,0.0,73.12,1.1,60.11,83.75,91.91,47.32
2018-08-28 06:43:00,1,1,71.28,72.0,68.0,72.18,51.32,71.28,1.0,0.0,5.72,45.0,66.41,0.0,0.0,0.0,120.0,51.32,0.01,0.88,0.3,0.3,0.0,73.16,0.15,64.96,83.65,91.77,46.56
2018-08-28 06:44:00,1,1,71.92,72.0,68.0,72.56,51.36,71.92,1.0,0.0,5.72,45.0,47.91,0.0,0.0,0.0,120.0,51.36,0.01,0.88,0.3,0.3,0.0,73.21,0.02,64.97,83.55,91.62,45.58
2018-08-28 06:45:00,1,1,72.09,72.0,68.0,72.36,51.04,72.09,1.0,0.0,5.72,45.0,48.42,0.0,0.0,0.0,120.0,51.05,397.93,41.96,0.3,0.3,9.75,73.25,1.66,55.07,83.46,92.85,45.2
2018-08-28 06:46:00,1,1,71.11,72.0,68.0,71.37,51.23,71.11,1.0,0.0,5.72,45.0,50.7,0.0,0.0,0.0,120.0,51.22,397.93,41.96,0.3,0.3,9.75,73.29,2.5,51.53,83.36,92.11,46.58
2018-08-28 06:47:00,1,1,70.93,72.0,68.0,71.96,51.26,70.93,1.0,0.0,5.72,45.0,113.12,0.0,0.0,0.0,120.0,51.26,0.01,0.88,0.3,0.3,0.0,73.33,0.48,63.19,83.26,92.0,46.81
2018-08-28 06:48:00,1,1,71.53,72.0,68.0,72.43,51.3,71.53,1.0,0.0,5.72,45.0,54.23,0.0,0.0,0.0,120.0,51.3,0.01,0.88,0.3,0.3,0.0,73.37,0.06,64.84,83.17,91.85,45.86
2018-08-28 06:49:00,1,1,72.16,72.0,68.0,72.79,51.34,72.16,1.0,0.0,5.72,45.0,46.26,0.0,0.0,0.0,120.0,51.34,0.01,0.88,0.3,0.3,0.0,73.42,0.01,64.46,83.07,91.69,44.92
2018-08-28 06:50:00,1,1,71.84,72.0,68.0,72.09,51.1,71.84,1.0,0.0,5.72,45.0,49.7,0.0,0.0,0.0,120.0,51.05,397.93,41.96,0.3,0.3,9.75,73.46,2.13,52.38,82.98,92.62,45.26
2018-08-28 06:51:00,1,1,70.86,72.0,68.0,71.48,51.22,70.86,1.0,0.0,5.72,45.0,250.0,0.0,0.0,0.0,120.0,51.22,0.03,0.88,0.3,0.3,0.0,73.51,1.82,55.45,82.88,92.16,46.71
2018-08-28 06:52:00,1,1,71.13,72.0,68.0,72.25,51.26,71.13,1.0,0.0,5.72,45.0,79.81,0.0,0.0,0.0,120.0,51.26,0.01,0.88,0.3,0.3,0.0,73.55,0.25,63.99,82.79,92.02,46.26
2018-08-28 06:53:00,1,1,71.77,72.0,68.0,72.67,51.3,71.77,1.0,0.0,5.72,45.0,49.72,0.0,0.0,0.0,120.0,51.3,0.01,0.88,0.3,0.3,0.0,73.59,0.03,64.48,82.69,91.87,45.28
2018-08-28 06:54:00,1,1,72.24,72.0,68.0,72.72,50.99,72.24,1.0,0.0,5.72,45.0,46.51,0.0,0.0,0.0,120.0,51.2,397.93,41.96,0.3,0.3,9.75,73.64,1.04,58.04,82.6,93.06,44.53
2018-08-28 06:55:00,1,1,71.39,72.0,68.0,71.68,51.17,71.39,1.0,0.0,5.72,45.0,50.45,0.0,0.0,0.0,120.0,51.13,397.93,41.96,0.3,0.3,9.75,73.69,2.41,51.18,82.5,92.36,45.73
2018-08-28 06:56:00,1,1,70.85,72.0,68.0,71.96,51.22,70.85,1.0,0.0,5.72,45.0,156.35,0.0,0.0,0.0,120.0,51.21,0.01,0.88,0.3,0.3,0.0,73.73,0.79,61.03,82.41,92.17,46.55
2018-08-28 06:57:00,1,1,71.39,72.0,68.0,72.54,51.26,71.39,1.0,0.0,5.72,45.0,60.08,0.0,0.0,0.0,120.0,51.26,0.01,0.88,0.3,0.3,0.0,73.78,0.11,64.26,82.32,92.02,45.7
2018-08-28 06:58:00,1,1,72.04,72.0,68.0,72.92,51.3,72.04,1.0,0.0,5.72,45.0,47.05,0.0,0.0,0.0,120.0,51.3,0.01,0.88,0.3,0.3,0.0,73.82,0.01,64.07,82.22,91.87,44.74
2018-08-28 06:59:00,1,1,71.98,72.0,68.0,72.34,51.03,71.98,1.0,0.0,5.72,45.0,49.15,0.0,0.0,0.0,120.0,50.99,397.93,41.96,0.3,0.3,9.75,73.87,1.94,52.95,82.13,92.91,44.72
2018-08-28 07:00:00,1,1,70.96,72.0,68.0,71.3,51.19,70.96,1.0,0.0,5.72,45.0,50.73,0.0,0.0,0.0,120.0,51.18,397.93,41.96,0.3,0.3,9.75,73.92,2.53,50.98,82.04,92.28,46.27
2018-08-28 07:01:00,1,1,71.04,72.0,68.0,72.35,51.23,71.04,1.0,0.0,5.72,45.0,93.31,0.0,0.0,0.0,120.0,51.22,0.01,0.88,0.3,0.3,0.0,73.96,0.34,63.14,81.97,92.14,46.14
2018-08-28 07:02:00,1,1,71.68,72.0,68.0,72.82,51.27,71.68,1.0,0.0,5.72,45.0,51.55,0.0,0.0,0.0,120.0,51.27,0.01,0.88,0.3,0.3,0.0,74.01,0.05,64.12,81.92,91.98,45.17
2018-08-28 07:03:00,1,1,72.28,72.0,68.0,73.06,51.15,72.28,1.0,0.0,5.72,45.0,45.89,0.0,0.0,0.0,120.0,51.31,395.25,41.69,0.3,0.3,9.75,74.06,0.41,61.36,81.86,92.46,44.29
2018-08-28 07:04:00,1,1,71.58,72.0,68.0,71.93,51.13,71.58,1.0,0.0,5.72,45.0,50.22,0.0,0.0,0.0,120.0,51.08,397.93,41.96,0.3,0.3,9.75,74.1,2.33,51.16,81.81,92.51,45.22
2018-08-28 07:05:00,1,1,70.83,72.0,68.0,71.96,51.2,70.83,1.0,0.0,5.72,45.0,200.12,0.0,0.0,0.0,120.0,51.2,0.01,0.88,0.3,0.3,0.0,74.15,1.1,59.03,81.76,92.22,46.4
2018-08-28 07:06:00,1,1,71.3,72.0,68.0,72.68,51.24,71.3,1.0,0.0,5.72,45.0,66.0,0.0,0.0,0.0,120.0,51.24,0.01,0.88,0.3,0.3,0.0,74.19,0.15,63.85,81.71,92.07,45.67
2018-08-28 07:07:00,1,1,71.95,72.0,68.0,73.09,51.28,71.95,1.0,0.0,5.72,45.0,47.85,0.0,0.0,0.0,120.0,51.28,0.01,0.88,0.3,0.3,0.0,74.24,0.02,63.89,81.66,91.91,44.7
2018-08-28 07:08:00,1,1,72.13,72.0,68.0,72.65,50.99,72.13,1.0,0.0,5.72,45.0,48.38,0.0,0.0,0.0,120.0,50.99,397.93,41.96,0.3,0.3,9.75,74.29,1.66,54.16,81.61,93.08,44.36
2018-08-28 07:09:00,1,1,71.15,72.0,68.0,71.53,51.18,71.15,1.0,0.0,5.72,45.0,50.65,0.0,0.0,0.0,120.0,51.16,397.93,41.96,0.3,0.3,9.75,74.33,2.5,50.78,81.56,92.29,45.85
2018-08-28 07:10:00,1,1,70.96,72.0,68.0,72.43,51.22,70.96,1.0,0.0,5.72,45.0,112.46,0.0,0.0,0.0,120.0,51.22,0.01,0.88,0.3,0.3,0.0,74.38,0.48,62.29,81.51,92.15,46.14
2018-08-28 07:11:00,1,1,71.58,72.0,68.0,72.97,51.26,71.58,1.0,0.0,5.72,45.0,54.14,0.0,0.0,0.0,120.0,51.26,0.01,0.88,0.3,0.3,0.0,74.43,0.06,63.95,81.46,91.99,45.21
2018-08-28 07:12:00,1,1,72.21,72.0,68.0,73.34,51.31,72.21,1.0,0.0,5.72,45.0,46.25,0.0,0.0,0.0,120.0,51.31,0.01,0.88,0.3,0.3,0.0,74.48,0.01,63.61,81.41,91.83,44.28
2018-08-28 07:13:00,1,1,71.76,72.0,68.0,72.19,51.1,71.76,1.0,0.0,5.72,45.0,49.91,0.0,0.0,0.0,120.0,51.04,397.93,41.96,0.3,0.3,9.75,74.53,2.21,51.49,81.36,92.63,44.85
2018-08-28 07:14:00,1,1,70.85,72.0,68.0,71.87,51.21,70.85,1.0,0.0,5.72,45.0,250.0,0.0,0.0,0.0,120.0,51.2,0.01,0.88,0.3,0.3,0.0,74.57,1.54,56.48,81.32,92.21,46.3
2018-08-28 07:15:00,1,1,71.2,72.0,68.0,72.8,51.25,71.2,1.0,0.0,5.72,45.0,74.36,0.0,0.0,0.0,120.0,51.25,0.01,0.88,0.3,0.3,0.0,74.62,0.21,63.48,81.27,92.06,45.75
2018-08-28 07:16:00,1,1,71.85,72.0,68.0,73.25,51.29,71.85,1.0,0.0,5.72,45.0,48.98,0.0,0.0,0.0,120.0,51.29,0.01,0.88,0.3,0.3,0.0,74.67,0.03,63.81,81.22,91.9,44.77
2018-08-28 07:17:00,1,1,72.24,72.0,68.0,72.99,50.98,72.24,1.0,0.0,5.72,45.0,47.29,0.0,0.0,0.0,120.0,51.09,397.93,41.96,0.3,0.3,9.75,74.72,1.28,56.13,81.17,93.09,44.15
2018-08-28 07:18:00,1,1,71.33,72.0,68.0,71.76,51.18,71.33,1.0,0.0,5.72,45.0,50.54,0.0,0.0,0.0,120.0,51.15,397.93,41.96,0.3,0.3,9.75,74.77,2.45,50.75,81.13,92.3,45.5
2018-08-28 07:19:00,1,1,70.9,72.0,68.0,72.48,51.23,70.9,1.0,0.0,5.72,45.0,139.44,0.0,0.0,0.0,120.0,51.23,0.01,0.88,0.3,0.3,0.0,74.82,0.67,61.2,81.08,92.11,46.2
2018-08-28 07:20:00,1,1,71.48,72.0,68.0,73.12,51.27,71.48,1.0,0.0,5.72,45.0,57.79,0.0,0.0,0.0,120.0,51.27,0.01,0.88,0.3,0.3,0.0,74.87,0.09,63.79,81.03,91.95,45.32
2018-08-28 07:21:00,1,1,72.12,72.0,68.0,73.52,51.32,72.12,1.0,0.0,5.72,45.0,46.74,0.0,0.0,0.0,120.0,51.32,0.01,0.88,0.3,0.3,0.0,74.92,0.01,63.56,80.98,91.79,44.37
2018-08-28 07:22:00,1,1,71.94,72.0,68.0,72.49,51.07,71.94,1.0,0.0,5.72,45.0,49.47,0.0,0.0,0.0,120.0,51.02,397.93,41.96,0.3,0.3,9.75,74.97,2.04,52.15,80.94,92.74,44.56
2018-08-28 07:23:00,1,1,70.93,72.0,68.0,71.67,51.22,70.93,1.0,0.0,5.72,45.0,250.0,0.0,0.0,0.0,120.0,51.21,2.69,1.16,0.3,0.3,0.0,75.02,2.15,52.97,80.89,92.16,46.14
2018-08-28 07:24:00,1,1,71.12,72.0,68.0,72.92,51.26,71.12,1.0,0.0,5.72,45.0,86.15,0.0,0.0,0.0,120.0,51.26,0.01,0.88,0.3,0.3,0.0,75.07,0.29,63.01,80.84,92.0,45.86
2018-08-28 07:25:00,1,1,71.77,72.0,68.0,73.42,51.3,71.77,1.0,0.0,5.72,45.0,50.58,0.0,0.0,0.0,120.0,51.3,0.01,0.88,0.3,0.3,0.0,75.12,0.04,63.73,80.8,91.84,44.89
2018-08-28 07:26:00,1,1,72.25,72.0,68.0,73.25,51.01,72.25,1.0,0.0,5.72,45.0,46.63,0.0,0.0,0.0,120.0,51.21,397.93,41.96,0.3,0.3,9.75,75.17,1.04,57.46,80.75,93.01,44.13
2018-08-28 07:27:00,1,1,71.41,72.0,68.0,71.91,51.19,71.41,1.0,0.0,5.72,45.0,50.49,0.0,0.0,0.0,120.0,51.15,397.93,41.96,0.3,0.3,9.75,75.22,2.41,50.81,80.7,92.27,45.38
2018-08-28 07:28:00,1,1,70.87,72.0,68.0,72.56,51.25,70.87,1.0,0.0,5.72,45.0,157.04,0.0,0.0,0.0,120.0,51.24,0.01,0.88,0.3,0.3,0.0,75.28,0.79,60.49,80.66,92.05,46.25
2018-08-28 07:29:00,1,1,71.43,72.0,68.0,73.31,51.29,71.43,1.0,0.0,5.72,45.0,60.17,0.0,0.0,0.0,120.0,51.29,0.01,0.88,0.3,0.3,0.0,75.33,0.11,63.66,80.61,91.89,45.4
2018-08-28 07:30:00,1,1,72.09,72.0,68.0,73.72,51.34,72.09,1.0,0.0,5.72,45.0,47.06,0.0,0.0,0.0,120.0,51.34,0.01,0.88,0.3,0.3,0.0,75.38,0.01,63.5,80.56,91.72,44.43
2018-08-28 07:31:00,1,1,71.91,72.0,68.0,72.56,51.09,71.91,1.0,0.0,5.72,45.0,49.53,0.0,0.0,0.0,120.0,51.04,397.93,41.96,0.3,0.3,9.75,75.43,2.04,52.17,80.52,92.67,44.6
2018-08-28 07:32:00,1,1,70.92,72.0,68.0,71.74,51.24,70.92,1.0,0.0,5.72,45.0,250.0,0.0,0.0,0.0,120.0,51.23,2.69,1.16,0.3,0.3,0.0,75.48,2.15,52.98,80.47,92.08,46.18
2018-08-28 07:33:00,1,1,71.12,72.0,68.0,73.13,51.28,71.12,1.0,0.0,5.72,45.0,86.34,0.0,0.0,0.0,120.0,51.28,0.01,0.88,0.3,0.3,0.0,75.53,0.29,62.94,80.42,91.92,45.88
2018-08-28 07:34:00,1,1,71.78,72.0,68.0,73.66,51.33,71.78,1.0,0.0,5.72,45.0,50.6,0.0,0.0,0.0,120.0,51.33,0.01,0.88,0.3,0.3,0.0,75.59,0.04,63.64,80.37,91.75,44.89
2018-08-28 07:35:00,1,1,72.27,72.0,68.0,73.43,51.03,72.27,1.0,0.0,5.72,45.0,46.64,0.0,0.0,0.0,120.0,51.24,397.93,41.96,0.3,0.3,9.75,75.64,1.04,57.4,80.33,92.93,44.12
2018-08-28 07:36:00,1,1,71.44,72.0,68.0,72.0,51.22,71.44,1.0,0.0,5.72,45.0,50.52,0.0,0.0,0.0,120.0,51.18,397.93,41.96,0.3,0.3,9.75,75.69,2.41,50.79,80.28,92.17,45.36
2018-08-28 07:37:00,1,1,70.81,72.0,68.0,72.6,51.27,70.81,1.0,0.0,5.72,45.0,177.94,0.0,0.0,0.0,120.0,51.27,0.01,0.88,0.3,0.3,0.0,75.74,0.94,59.71,80.23,91.97,46.39
2018-08-28 07:38:00,1,1,71.35,72.0,68.0,73.48,51.31,71.35,1.0,0.0,5.72,45.0,63.0,0.0,0.0,0.0,120.0,51.31,0.01,0.88,0.3,0.3,0.0,75.8,0.13,63.56,80.18,91.81,45.56
2018-08-28 07:39:00,1,1,72.03,72.0,68.0,73.93,51.36,72.03,1.0,0.0,5.72,45.0,47.44,0.0,0.0,0.0,120.0,51.36,0.01,0.88,0.3,0.3,0.0,75.85,0.02,63.47,80.13,91.64,44.56
2018-08-28 07:40:00,1,1,72.0,72.0,68.0,72.79,51.09,72.0,1.0,0.0,5.72,45.0,49.26,0.0,0.0,0.0,120.0,51.05,397.93,41.96,0.3,0.3,9.75,75.9,1.94,52.66,80.09,92.67,44.52
2018-08-28 07:41:00,1,1,71.0,72.0,68.0,71.58,51.27,71.0,1.0,0.0,5.72,45.0,50.82,0.0,0.0,0.0,120.0,51.26,397.93,41.96,0.3,0.3,9.75,75.96,2.53,50.8,80.04,91.98,46.1
2018-08-28 07:42:00,1,1,70.99,72.0,68.0,73.19,51.3,70.99,1.0,0.0,5.72,45.0,102.96,0.0,0.0,0.0,120.0,51.3,0.01,0.88,0.3,0.3,0.0,76.01,0.41,62.38,79.99,91.85,46.15
2018-08-28 07:43:00,1,1,71.65,72.0,68.0,73.82,51.35,71.65,1.0,0.0,5.72,45.0,52.85,0.0,0.0,0.0,120.0,51.35,0.01,0.88,0.3,0.3,0.0,76.06,0.06,63.61,79.94,91.68,45.14
2018-08-28 07:44:00,1,1,72.25,72.0,68.0,73.75,51.06,72.25,1.0,0.0,5.72,45.0,46.07,0.0,0.0,0.0,120.0,51.35,397.91,41.96,0.3,0.3,9.75,76.11,0.75,59.04,79.89,92.8,44.25
2018-08-28 07:45:00,1,1,71.5,72.0,68.0,72.15,51.23,71.5,1.0,0.0,5.72,45.0,50.47,0.0,0.0,0.0,120.0,51.18,397.93,41.96,0.3,0.3,9.75,76.17,2.37,50.95,79.84,92.13,45.32
2018-08-28 07:46:00,1,1,70.89,72.0,68.0,72.82,51.3,70.89,1.0,0.0,5.72,45.0,179.01,0.0,0.0,0.0,120.0,51.3,0.01,0.88,0.3,0.3,0.0,76.22,0.93,59.6,79.79,91.85,46.33
2018-08-28 07:47:00,1,1,71.44,72.0,68.0,73.76,51.35,71.44,1.0,0.0,5.72,45.0,63.15,0.0,0.0,0.0,120.0,51.35,0.01,0.88,0.3,0.3,0.0,76.28,0.13,63.39,79.74,91.68,45.49
2018-08-28 07:48:00,1,1,72.13,72.0,68.0,74.22,51.39,72.13,1.0,0.0,5.72,45.0,47.47,0.0,0.0,0.0,120.0,51.39,0.01,0.88,0.3,0.3,0.0,76.33,0.02,63.3,79.68,91.5,44.48
2018-08-28 07:49:00,1,1,71.86,72.0,68.0,72.65,51.17,71.86,1.0,0.0,5.72,45.0,49.92,0.0,0.0,0.0,120.0,51.11,397.93,41.96,0.3,0.3,9.75,76.38,2.13,51.78,79.63,92.37,44.8
2018-08-28 07:50:00,1,1,70.89,72.0,68.0,71.88,51.3,70.89,1.0,0.0,5.72,45.0,250.0,0.0,0.0,0.0,120.0,51.3,2.69,1.16,0.3,0.3,0.0,76.44,2.16,53.02,79.58,91.84,46.36
2018-08-28 07:51:00,1,1,71.14,72.0,68.0,73.57,51.34,71.14,1.0,0.0,5.72,45.0,86.84,0.0,0.0,0.0,120.0,51.34,0.01,0.88,0.3,0.3,0.0,76.49,0.29,62.77,79.53,91.69,45.99
2018-08-28 07:52:00,1,1,71.84,72.0,68.0,74.16,51.39,71.84,1.0,0.0,5.72,45.0,50.67,0.0,0.0,0.0,120.0,51.39,0.01,0.88,0.3,0.3,0.0,76.54,0.04,63.42,79.47,91.52,44.94
2018-08-28 07:53:00,1,1,72.2,72.0,68.0,73.4,51.08,72.2,1.0,0.0,5.72,45.0,48.25,0.0,0.0,0.0,120.0,51.13,397.93,41.96,0.3,0.3,9.75,76.6,1.49,54.92,79.42,92.73,44.36
2018-08-28 07:54:00,1,1,71.3,72.0,68.0,71.98,51.3,71.3,1.0,0.0,5.72,45.0,50.77,0.0,0.0,0.0,120.0,51.27,397.93,41.96,0.3,0.3,9.75,76.65,2.47,50.76,79.37,91.85,45.73
2018-08-28 07:55:00,1,1,70.94,72.0,68.0,73.25,51.35,70.94,1.0,0.0,5.72,45.0,141.67,0.0,0.0,0.0,120.0,51.34,0.01,0.88,0.3,0.3,0.0,76.71,0.67,60.91,79.31,91.69,46.35
2018-08-28 07:56:00,1,1,71.59,72.0,68.0,74.1,51.39,71.59,1.0,0.0,5.72,45.0,58.09,0.0,0.0,0.0,120.0,51.39,0.01,0.88,0.3,0.3,0.0,76.76,0.09,63.36,79.26,91.52,45.37
2018-08-28 07:57:00,1,1,72.28,72.0,68.0,74.27,51.27,72.28,1.0,0.0,5.72,45.0,46.78,0.0,0.0,0.0,120.0,51.44,395.25,41.69,0.3,0.3,9.75,76.81,0.42,60.84,79.2,91.99,44.37
2018-08-28 07:58:00,1,1,71.65,72.0,68.0,72.41,51.27,71.65,1.0,0.0,5.72,45.0,50.48,0.0,0.0,0.0,120.0,51.21,397.93,41.96,0.3,0.3,9.75,76.87,2.33,51.08,79.14,91.99,45.23
2018-08-28 07:59:00,1,1,70.88,72.0,68.0,72.74,51.35,70.88,1.0,0.0,5.72,45.0,234.08,0.0,0.0,0.0,120.0,51.35,0.01,0.88,0.3,0.3,0.0,76.92,1.31,57.56,79.09,91.66,46.49
2018-08-28 08:00:00,1,1,71.39,72.0,68.0,74.03,51.4,71.39,1.0,0.0,5.72,45.0,70.6,0.0,0.0,0.0,120.0,51.39,0.01,0.88,0.3,0.3,0.0,76.98,0.18,63.05,79.03,91.5,45.72
2018-08-28 08:01:00,1,1,72.13,72.0,68.0,74.56,51.44,72.13,1.0,0.0,5.72,45.0,48.47,0.0,0.0,0.0,120.0,51.44,0.01,0.88,0.3,0.3,0.0,77.03,0.02,63.13,78.94,91.32,44.65
2018-08-28 08:02:00,1,1,71.91,72.0,68.0,72.82,51.22,71.91,1.0,0.0,5.72,45.0,50.1,0.0,0.0,0.0,120.0,51.16,397.93,41.96,0.3,0.3,9.75,77.07,2.13,51.79,78.83,92.18,44.89
2018-08-28 08:03:00,1,1,70.96,72.0,68.0,71.67,51.36,70.96,1.0,0.0,5.72,45.0,51.01,0.0,0.0,0.0,120.0,51.36,397.93,41.96,0.3,0.3,9.75,77.12,2.56,50.9,78.73,91.63,46.43
2018-08-28 08:04:00,1,1,71.16,72.0,68.0,73.84,51.39,71.16,1.0,0.0,5.72,45.0,94.99,0.0,0.0,0.0,120.0,51.39,0.01,0.88,0.3,0.3,0.0,77.17,0.35,62.32,78.62,91.5,46.15
2018-08-28 08:05:00,1,1,71.92,72.0,68.0,74.53,51.44,71.92,1.0,0.0,5.72,45.0,51.77,0.0,0.0,0.0,120.0,51.44,0.01,0.88,0.3,0.3,0.0,77.22,0.05,63.13,78.51,91.33,45.02
2018-08-28 08:06:00,1,1,72.13,72.0,68.0,73.28,51.15,72.13,1.0,0.0,5.72,45.0,49.5,0.0,0.0,0.0,120.0,51.13,397.93,41.96,0.3,0.3,9.75,77.27,1.82,53.25,78.4,92.43,44.65
2018-08-28 08:07:00,1,1,71.24,72.0,68.0,71.97,51.38,71.24,1.0,0.0,5.72,45.0,50.98,0.0,0.0,0.0,120.0,51.36,397.93,41.96,0.3,0.3,9.75,77.32,2.52,50.75,78.29,91.57,46.05
2018-08-28 08:08:00,1,1,70.97,72.0,68.0,73.51,51.4,70.97,1.0,0.0,5.72,45.0,142.72,0.0,0.0,0.0,120.0,51.4,0.01,0.88,0.3,0.3,0.0,77.37,0.68,60.72,78.18,91.49,46.53
2018-08-28 08:09:00,1,1,71.71,72.0,68.0,74.47,51.44,71.71,1.0,0.0,5.72,45.0,58.23,0.0,0.0,0.0,120.0,51.44,0.01,0.88,0.3,0.3,0.0,77.41,0.09,63.02,78.07,91.32,45.43
2018-08-28 08:10:00,1,1,72.29,72.0,68.0,73.88,51.13,72.29,1.0,0.0,5.72,45.0,48.59,0.0,0.0,0.0,120.0,51.24,397.93,41.96,0.3,0.3,9.75,77.46,1.29,55.9,77.95,92.54,44.54
2018-08-28 08:11:00,1,1,71.53,72.0,68.0,72.31,51.37,71.53,1.0,0.0,5.72,45.0,50.92,0.0,0.0,0.0,120.0,51.33,397.93,41.96,0.3,0.3,9.75,77.51,2.45,50.75,77.84,91.58,45.68
2018-08-28 08:12:00,1,1,70.86,72.0,68.0,72.9,51.41,70.86,1.0,0.0,5.72,45.0,236.19,0.0,0.0,0.0,120.0,51.41,0.01,0.88,0.3,0.3,0.0,77.56,1.32,57.46,77.73,91.44,46.79
2018-08-28 08:13:00,1,1,71.49,72.0,68.0,74.37,51.45,71.49,1.0,0.0,5.72,45.0,70.88,0.0,0.0,0.0,120.0,51.45,0.01,0.88,0.3,0.3,0.0,77.61,0.18,62.7,77.62,91.3,45.86
2018-08-28 08:14:00,1,1,72.27,72.0,68.0,74.36,51.16,72.27,1.0,0.0,5.72,45.0,48.51,0.0,0.0,0.0,120.0,51.46,397.91,41.96,0.3,0.3,9.75,77.66,0.77,58.72,77.51,92.44,44.71
2018-08-28 08:15:00,1,1,71.69,72.0,68.0,72.54,51.36,71.69,1.0,0.0,5.72,45.0,50.95,0.0,0.0,0.0,120.0,51.31,397.93,41.96,0.3,0.3,9.75,77.71,2.38,50.95,77.39,91.64,45.54
2018-08-28 08:16:00,1,1,70.91,72.0,68.0,72.45,51.43,70.91,1.0,0.0,5.72,45.0,250.0,0.0,0.0,0.0,120.0,51.43,0.03,0.88,0.3,0.3,0.0,77.76,1.85,54.74,77.28,91.36,46.82
2018-08-28 08:17:00,1,1,71.43,72.0,68.0,74.37,51.47,71.43,1.0,0.0,5.72,45.0,81.31,0.0,0.0,0.0,120.0,51.47,0.01,0.88,0.3,0.3,0.0,77.81,0.25,62.32,77.16,91.24,46.05
2018-08-28 08:18:00,1,1,72.3,72.0,68.0,74.72,51.34,72.3,1.0,0.0,5.72,45.0,49.92,0.0,0.0,0.0,120.0,51.51,395.25,41.69,0.3,0.3,9.75,77.85,0.44,60.43,77.05,91.73,44.81
2018-08-28 08:19:00,1,1,71.84,72.0,68.0,72.73,51.37,71.84,1.0,0.0,5.72,45.0,51.02,0.0,0.0,0.0,120.0,51.31,397.93,41.96,0.3,0.3,9.75,77.9,2.33,51.03,76.94,91.61,45.43
2018-08-28 08:20:00,1,1,71.0,72.0,68.0,71.78,51.46,71.0,1.0,0.0,5.72,45.0,51.21,0.0,0.0,0.0,120.0,51.46,397.93,41.96,0.3,0.3,9.75,77.95,2.59,50.96,76.82,91.25,46.78
2018-08-28 08:21:00,1,1,71.24,72.0,68.0,74.18,51.47,71.24,1.0,0.0,5.72,45.0,105.11,0.0,0.0,0.0,120.0,51.47,0.01,0.88,0.3,0.3,0.0,78.0,0.41,61.61,76.71,91.21,46.46
2018-08-28 08:22:00,1,1,72.16,72.0,68.0,75.05,51.52,72.16,1.0,0.0,5.72,45.0,53.14,0.0,0.0,0.0,120.0,51.52,0.01,0.88,0.3,0.3,0.0,78.05,0.06,62.52,76.59,91.04,45.14
2018-08-28 08:23:00,1,1,72.0,72.0,68.0,73.01,51.34,72.0,1.0,0.0,5.72,45.0,51.09,0.0,0.0,0.0,120.0,51.27,397.93,41.96,0.3,0.3,9.75,78.1,2.22,51.47,76.47,91.73,45.3
2018-08-28 08:24:00,1,1,71.2,72.0,68.0,71.99,51.49,71.2,1.0,0.0,5.72,45.0,51.27,0.0,0.0,0.0,120.0,51.48,397.93,41.96,0.3,0.3,9.75,78.15,2.57,50.82,76.36,91.14,46.59
2018-08-28 08:25:00,1,1,71.09,72.0,68.0,73.9,51.49,71.09,1.0,0.0,5.72,45.0,144.58,0.0,0.0,0.0,120.0,51.49,0.01,0.88,0.3,0.3,0.0,78.2,0.69,60.36,76.24,91.16,46.81
2018-08-28 08:26:00,1,1,72.0,72.0,68.0,75.03,51.53,72.0,1.0,0.0,5.72,45.0,58.49,0.0,0.0,0.0,120.0,51.53,0.01,0.88,0.3,0.3,0.0,78.25,0.09,62.4,76.13,91.01,45.49
2018-08-28 08:27:00,1,1,72.16,72.0,68.0,73.33,51.3,72.16,1.0,0.0,5.72,45.0,51.28,0.0,0.0,0.0,120.0,51.23,397.93,41.96,0.3,0.3,9.75,78.3,2.05,52.13,76.01,91.87,45.19
2018-08-28 08:28:00,1,1,71.4,72.0,68.0,72.21,51.52,71.4,1.0,0.0,5.72,45.0,51.34,0.0,0.0,0.0,120.0,51.5,397.93,41.96,0.3,0.3,9.75,78.35,2.55,50.7,75.89,91.05,46.39
2018-08-28 08:29:00,1,1,70.99,72.0,68.0,73.44,51.51,70.99,1.0,0.0,5.72,45.0,210.09,0.0,0.0,0.0,120.0,51.51,0.01,0.88,0.3,0.3,0.0,78.4,1.13,58.22,75.77,91.08,47.09
2018-08-28 08:30:00,1,1,71.84,72.0,68.0,74.98,51.54,71.84,1.0,0.0,5.72,45.0,67.35,0.0,0.0,0.0,120.0,51.54,0.01,0.88,0.3,0.3,0.0,78.45,0.15,62.16,75.66,90.96,45.84
2018-08-28 08:31:00,1,1,72.17,72.0,68.0,73.48,51.28,72.17,1.0,0.0,5.72,45.0,52.13,0.0,0.0,0.0,120.0,51.23,397.93,41.96,0.3,0.3,9.75,78.5,1.96,52.63,75.54,91.94,45.28
2018-08-28 08:32:00,1,1,71.48,72.0,68.0,72.32,51.53,71.48,1.0,0.0,5.72,45.0,51.49,0.0,0.0,0.0,120.0,51.51,397.93,41.96,0.3,0.3,9.75,78.55,2.54,50.72,75.42,91.0,46.38
2018-08-28 08:33:00,1,1,70.93,72.0,68.0,72.96,51.52,70.93,1.0,0.0,5.72,45.0,250.0,0.0,0.0,0.0,120.0,51.53,0.01,0.88,0.3,0.3,0.0,78.6,1.58,56.1,75.3,91.03,47.29
2018-08-28 08:34:00,1,1,71.72,72.0,68.0,74.94,51.55,71.72,1.0,0.0,5.72,45.0,76.32,0.0,0.0,0.0,120.0,51.55,0.01,0.88,0.3,0.3,0.0,78.65,0.21,61.89,75.18,90.93,46.13
2018-08-28 08:35:00,1,1,72.33,72.0,68.0,73.91,51.25,72.33,1.0,0.0,5.72,45.0,52.42,0.0,0.0,0.0,120.0,51.24,397.93,41.96,0.3,0.3,9.75,78.7,1.69,53.79,75.07,92.08,45.18
2018-08-28 08:36:00,1,1,71.71,72.0,68.0,72.58,51.55,71.71,1.0,0.0,5.72,45.0,51.58,0.0,0.0,0.0,120.0,51.51,397.93,41.96,0.3,0.3,9.75,78.76,2.5,50.63,74.95,90.95,46.13
2018-08-28 08:37:00,1,1,71.03,72.0,68.0,71.88,51.56,71.03,1.0,0.0,5.72,45.0,51.37,0.0,0.0,0.0,120.0,51.57,397.93,41.96,0.3,0.3,9.75,78.81,2.61,51.11,74.83,90.89,47.24
2018-08-28 08:38:00,1,1,71.44,72.0,68.0,74.66,51.56,71.44,1.0,0.0,5.72,45.0,106.3,0.0,0.0,0.0,120.0,51.56,0.01,0.88,0.3,0.3,0.0,78.86,0.42,61.08,74.71,90.89,46.65
2018-08-28 08:39:00,1,1,72.38,72.0,68.0,74.59,51.24,72.38,1.0,0.0,5.72,45.0,54.21,0.0,0.0,0.0,120.0,51.46,397.93,41.96,0.3,0.3,9.75,78.91,1.09,56.72,74.59,92.14,45.27
2018-08-28 08:40:00,1,1,71.94,72.0,68.0,72.9,51.52,71.94,1.0,0.0,5.72,45.0,51.89,0.0,0.0,0.0,120.0,51.47,397.93,41.96,0.3,0.3,9.75,78.96,2.42,50.75,74.47,91.03,45.89
2018-08-28 08:41:00,1,1,71.27,72.0,68.0,72.12,51.6,71.27,1.0,0.0,5.72,45.0,51.47,0.0,0.0,0.0,120.0,51.61,397.93,41.96,0.3,0.3,9.75,79.01,2.6,50.87,74.35,90.73,46.97
2018-08-28 08:42:00,1,1,71.1,72.0,68.0,73.92,51.57,71.1,1.0,0.0,5.72,45.0,186.67,0.0,0.0,0.0,120.0,51.57,0.01,0.88,0.3,0.3,0.0,79.06,0.96,58.78,74.23,90.86,47.28
2018-08-28 08:43:00,1,1,72.13,72.0,68.0,75.47,51.6,72.13,1.0,0.0,5.72,45.0,64.18,0.0,0.0,0.0,120.0,51.6,0.01,0.88,0.3,0.3,0.0,79.12,0.13,61.68,74.11,90.73,45.79
2018-08-28 08:44:00,1,1,72.17,72.0,68.0,73.33,51.44,72.17,1.0,0.0,5.72,45.0,52.7,0.0,0.0,0.0,120.0,51.36,397.93,41.96,0.3,0.3,9.75,79.17,2.23,51.41,73.99,91.35,45.64
2018-08-28 08:45:00,1,1,71.54,72.0,68.0,72.41,51.63,71.54,1.0,0.0,5.72,45.0,51.64,0.0,0.0,0.0,120.0,51.62,397.93,41.96,0.3,0.3,9.75,79.22,2.57,50.66,73.87,90.64,46.65
2018-08-28 08:46:00,1,1,70.96,72.0,68.0,71.86,51.59,70.96,1.0,0.0,5.72,45.0,51.41,0.0,0.0,0.0,120.0,51.61,397.93,41.96,0.3,0.3,9.75,79.27,2.62,51.3,73.75,90.77,47.59
2018-08-28 08:47:00,1,1,71.61,72.0,68.0,75.03,51.6,71.61,1.0,0.0,5.72,45.0,97.34,0.0,0.0,0.0,120.0,51.6,0.01,0.88,0.3,0.3,0.0,79.33,0.35,61.02,73.63,90.75,46.64
2018-08-28 08:48:00,1,1,72.34,72.0,68.0,74.07,51.29,72.34,1.0,0.0,5.72,45.0,55.3,0.0,0.0,0.0,120.0,51.28,397.93,41.96,0.3,0.3,9.75,79.38,1.71,53.69,73.51,91.92,45.51
2018-08-28 08:49:00,1,1,71.84,72.0,68.0,72.78,51.61,71.84,1.0,0.0,5.72,45.0,52.05,0.0,0.0,0.0,120.0,51.57,397.93,41.96,0.3,0.3,9.75,79.43,2.5,50.61,73.39,90.7,46.28
2018-08-28 08:50:00,1,1,71.25,72.0,68.0,72.15,51.64,71.25,1.0,0.0,5.72,45.0,51.53,0.0,0.0,0.0,120.0,51.65,397.93,41.96,0.3,0.3,9.75,79.49,2.61,50.97,73.27,90.58,47.22
2018-08-28 08:51:00,1,1,71.17,72.0,68.0,74.12,51.61,71.17,1.0,0.0,5.72,45.0,187.97,0.0,0.0,0.0,120.0,51.61,0.01,0.88,0.3,0.3,0.0,79.54,0.96,58.57,73.14,90.72,47.39
2018-08-28 08:52:00,1,1,72.26,72.0,68.0,75.34,51.46,72.26,1.0,0.0,5.72,45.0,64.36,0.0,0.0,0.0,120.0,51.64,395.25,41.69,0.3,0.3,9.75,79.59,0.53,59.38,73.02,91.27,45.81
2018-08-28 08:53:00,1,1,72.11,72.0,68.0,73.23,51.53,72.11,1.0,0.0,5.72,45.0,53.17,0.0,0.0,0.0,120.0,51.46,397.93,41.96,0.3,0.3,9.75,79.65,2.34,50.99,72.9,91.01,45.94
2018-08-28 08:54:00,1,1,71.54,72.0,68.0,72.46,51.68,71.54,1.0,0.0,5.72,45.0,51.74,0.0,0.0,0.0,120.0,51.67,397.93,41.96,0.3,0.3,9.75,79.7,2.59,50.68,72.78,90.46,46.85
2018-08-28 08:55:00,1,1,71.04,72.0,68.0,71.98,51.64,71.04,1.0,0.0,5.72,45.0,51.47,0.0,0.0,0.0,120.0,51.65,397.93,41.96,0.3,0.3,9.75,79.76,2.62,51.28,72.66,90.61,47.66
2018-08-28 08:56:00,1,1,71.51,72.0,68.0,75.01,51.62,71.51,1.0,0.0,5.72,45.0,118.65,0.0,0.0,0.0,120.0,51.63,0.01,0.88,0.3,0.3,0.0,79.81,0.5,60.24,72.54,90.65,46.99
2018-08-28 08:57:00,1,1,72.41,72.0,68.0,74.42,51.3,72.41,1.0,0.0,5.72,45.0,57.58,0.0,0.0,0.0,120.0,51.34,397.93,41.96,0.3,0.3,9.75,79.87,1.55,54.29,72.42,91.89,45.62
2018-08-28 08:58:00,1,1,72.01,72.0,68.0,73.02,51.65,72.01,1.0,0.0,5.72,45.0,52.42,0.0,0.0,0.0,120.0,51.59,397.93,41.96,0.3,0.3,9.75,79.92,2.48,50.54,72.3,90.58,46.21
2018-08-28 08:59:00,1,1,71.47,72.0,68.0,72.4,51.71,71.47,1.0,0.0,5.72,45.0,51.65,0.0,0.0,0.0,120.0,51.71,397.93,41.96,0.3,0.3,9.75,79.98,2.61,50.76,72.18,90.35,47.08
2018-08-28 09:00:00,1,1,71.02,72.0,68.0,71.98,51.65,71.02,1.0,0.0,5.72,45.0,51.47,0.0,0.0,0.0,120.0,51.66,397.93,41.96,0.3,0.3,9.75,80.03,2.63,51.35,72.05,90.56,47.81
2018-08-28 09:01:00,1,1,71.66,72.0,68.0,75.31,51.65,71.66,1.0,0.0,5.72,45.0,107.63,0.0,0.0,0.0,120.0,51.65,0.01,0.88,0.3,0.3,0.0,80.1,0.42,60.3,71.92,90.57,46.87
2018-08-28 09:02:00,1,1,72.37,72.0,68.0,74.1,51.36,72.37,1.0,0.0,5.72,45.0,57.25,0.0,0.0,0.0,120.0,51.32,397.93,41.96,0.3,0.3,9.75,80.16,1.87,52.86,71.78,91.64,45.76
2018-08-28 09:03:00,1,1,71.92,72.0,68.0,72.93,51.69,71.92,1.0,0.0,5.72,45.0,52.38,0.0,0.0,0.0,120.0,51.65,397.93,41.96,0.3,0.3,9.75,80.23,2.52,50.49,71.63,90.42,46.44
2018-08-28 09:04:00,1,1,71.41,72.0,68.0,72.38,51.72,71.41,1.0,0.0,5.72,45.0,51.65,0.0,0.0,0.0,120.0,51.73,397.93,41.96,0.3,0.3,9.75,80.3,2.61,50.84,71.49,90.3,47.25
2018-08-28 09:05:00,1,1,70.99,72.0,68.0,71.99,51.66,70.99,1.0,0.0,5.72,45.0,51.49,0.0,0.0,0.0,120.0,51.67,397.93,41.96,0.3,0.3,9.75,80.36,2.63,51.41,71.35,90.52,47.93
2018-08-28 09:06:00,1,1,71.78,72.0,68.0,75.61,51.67,71.78,1.0,0.0,5.72,45.0,98.22,0.0,0.0,0.0,120.0,51.67,0.01,0.88,0.3,0.3,0.0,80.43,0.36,60.28,71.21,90.5,46.77
2018-08-28 09:07:00,1,1,72.38,72.0,68.0,74.03,51.42,72.38,1.0,0.0,5.72,45.0,56.44,0.0,0.0,0.0,120.0,51.35,397.93,41.96,0.3,0.3,9.75,80.5,1.98,52.28,71.06,91.44,45.82
2018-08-28 09:08:00,1,1,71.91,72.0,68.0,72.94,51.72,71.91,1.0,0.0,5.72,45.0,52.29,0.0,0.0,0.0,120.0,51.69,397.93,41.96,0.3,0.3,9.75,80.57,2.54,50.45,70.92,90.3,46.53
2018-08-28 09:09:00,1,1,71.41,72.0,68.0,72.41,51.74,71.41,1.0,0.0,5.72,45.0,51.65,0.0,0.0,0.0,120.0,51.75,397.93,41.96,0.3,0.3,9.75,80.64,2.62,50.85,70.78,90.24,47.33
2018-08-28 09:10:00,1,1,71.0,72.0,68.0,72.04,51.68,71.0,1.0,0.0,5.72,45.0,51.5,0.0,0.0,0.0,120.0,51.69,397.93,41.96,0.3,0.3,9.75,80.7,2.63,51.4,70.64,90.46,47.99
2018-08-28 09:11:00,1,1,71.79,72.0,68.0,75.77,51.68,71.79,1.0,0.0,5.72,45.0,98.39,0.0,0.0,0.0,120.0,51.68,0.01,0.88,0.3,0.3,0.0,80.77,0.36,60.08,70.5,90.44,46.82
2018-08-28 09:12:00,1,1,72.4,72.0,68.0,74.12,51.43,72.4,1.0,0.0,5.72,45.0,56.47,0.0,0.0,0.0,120.0,51.36,397.93,41.96,0.3,0.3,9.75,80.84,1.98,52.21,70.36,91.39,45.85
2018-08-28 09:13:00,1,1,71.93,72.0,68.0,73.0,51.74,71.93,1.0,0.0,5.72,45.0,52.31,0.0,0.0,0.0,120.0,51.71,397.93,41.96,0.3,0.3,9.75,80.91,2.54,50.42,70.22,90.24,46.56
2018-08-28 09:14:00,1,1,71.43,72.0,68.0,72.47,51.76,71.43,1.0,0.0,5.72,45.0,51.67,0.0,0.0,0.0,120.0,51.76,397.93,41.96,0.3,0.3,9.75,80.98,2.62,50.81,70.09,90.17,47.35
2018-08-28 09:15:00,1,1,71.02,72.0,68.0,72.09,51.7,71.02,1.0,0.0,5.72,45.0,51.52,0.0,0.0,0.0,120.0,51.71,397.93,41.96,0.3,0.3,9.75,81.05,2.63,51.37,69.95,90.39,48.0
2018-08-28 09:16:00,1,1,71.69,72.0,68.0,75.77,51.69,71.69,1.0,0.0,5.72,45.0,108.24,0.0,0.0,0.0,120.0,51.69,0.01,0.88,0.3,0.3,0.0,81.12,0.42,59.71,69.81,90.41,47.02
2018-08-28 09:17:00,1,1,72.42,72.0,68.0,74.36,51.41,72.42,1.0,0.0,5.72,45.0,57.37,0.0,0.0,0.0,120.0,51.36,397.93,41.96,0.3,0.3,9.75,81.18,1.87,52.63,69.68,91.48,45.88
2018-08-28 09:18:00,1,1,71.98,72.0,68.0,73.11,51.74,71.98,1.0,0.0,5.72,45.0,52.46,0.0,0.0,0.0,120.0,51.7,397.93,41.96,0.3,0.3,9.75,81.25,2.52,50.4,69.54,90.23,46.53
2018-08-28 09:19:00,1,1,71.48,72.0,68.0,72.55,51.77,71.48,1.0,0.0,5.72,45.0,51.71,0.0,0.0,0.0,120.0,51.78,397.93,41.96,0.3,0.3,9.75,81.32,2.61,50.75,69.41,90.11,47.33
2018-08-28 09:20:00,1,1,71.06,72.0,68.0,72.16,51.71,71.06,1.0,0.0,5.72,45.0,51.55,0.0,0.0,0.0,120.0,51.73,397.93,41.96,0.3,0.3,9.75,81.39,2.63,51.3,69.28,90.32,47.99
2018-08-28 09:21:00,1,1,71.59,72.0,68.0,75.75,51.7,71.59,1.0,0.0,5.72,45.0,119.91,0.0,0.0,0.0,120.0,51.71,0.01,0.88,0.3,0.3,0.0,81.46,0.5,59.29,69.14,90.37,47.2
2018-08-28 09:22:00,1,1,72.43,72.0,68.0,74.64,51.39,72.43,1.0,0.0,5.72,45.0,58.42,0.0,0.0,0.0,120.0,51.38,397.93,41.96,0.3,0.3,9.75,81.53,1.73,53.11,69.01,91.55,45.9
2018-08-28 09:23:00,1,1,72.03,72.0,68.0,73.22,51.74,72.03,1.0,0.0,5.72,45.0,52.62,0.0,0.0,0.0,120.0,51.69,397.93,41.96,0.3,0.3,9.75,81.6,2.51,50.39,68.88,90.23,46.49
2018-08-28 09:24:00,1,1,71.52,72.0,68.0,72.63,51.79,71.52,1.0,0.0,5.72,45.0,51.76,0.0,0.0,0.0,120.0,51.79,397.93,41.96,0.3,0.3,9.75,81.67,2.61,50.69,68.75,90.05,47.3
2018-08-28 09:25:00,1,1,71.09,72.0,68.0,72.23,51.73,71.09,1.0,0.0,5.72,45.0,51.57,0.0,0.0,0.0,120.0,51.75,397.93,41.96,0.3,0.3,9.75,81.73,2.63,51.24,68.63,90.26,47.98
2018-08-28 09:26:00,1,1,71.49,72.0,68.0,75.7,51.71,71.49,1.0,0.0,5.72,45.0,133.71,0.0,0.0,0.0,120.0,51.72,0.01,0.88,0.3,0.3,0.0,81.8,0.59,58.84,68.5,90.33,47.39
2018-08-28 09:27:00,1,1,72.43,72.0,68.0,74.96,51.38,72.43,1.0,0.0,5.72,45.0,59.66,0.0,0.0,0.0,120.0,51.42,397.93,41.96,0.3,0.3,9.75,81.87,1.57,53.69,68.37,91.6,45.95
2018-08-28 09:28:00,1,1,72.07,72.0,68.0,73.33,51.74,72.07,1.0,0.0,5.72,45.0,52.81,0.0,0.0,0.0,120.0,51.68,397.93,41.96,0.3,0.3,9.75,81.94,2.48,50.4,68.25,90.25,46.47
2018-08-28 09:29:00,1,1,71.55,72.0,68.0,72.7,51.8,71.55,1.0,0.0,5.72,45.0,51.8,0.0,0.0,0.0,120.0,51.8,397.93,41.96,0.3,0.3,9.75,82.01,2.61,50.63,68.12,90.01,47.28
2018-08-28 09:30:00,1,1,71.11,72.0,68.0,72.29,51.75,71.11,1.0,0.0,5.72,45.0,51.59,0.0,0.0,0.0,120.0,51.76,397.93,41.96,0.3,0.3,9.75,82.08,2.63,51.19,68.0,90.2,47.97
2018-08-28 09:31:00,1,1,71.38,72.0,68.0,75.61,51.72,71.38,1.0,0.0,5.72,45.0,150.01,0.0,0.0,0.0,120.0,51.72,0.01,0.88,0.3,0.3,0.0,82.14,0.69,58.35,67.88,90.3,47.57
2018-08-28 09:32:00,1,1,72.41,72.0,68.0,75.31,51.37,72.41,1.0,0.0,5.72,45.0,61.09,0.0,0.0,0.0,120.0,51.49,397.93,41.96,0.3,0.3,9.75,82.21,1.37,54.37,67.76,91.62,46.02
2018-08-28 09:33:00,1,1,72.09,72.0,68.0,73.43,51.73,72.09,1.0,0.0,5.72,45.0,53.02,0.0,0.0,0.0,120.0,51.66,397.93,41.96,0.3,0.3,9.75,82.28,2.46,50.43,67.64,90.29,46.45
2018-08-28 09:34:00,1,1,71.57,72.0,68.0,72.76,51.81,71.57,1.0,0.0,5.72,45.0,51.84,0.0,0.0,0.0,120.0,51.81,397.93,41.96,0.3,0.3,9.75,82.35,2.6,50.59,67.53,89.97,47.27
2018-08-28 09:35:00,1,1,71.12,72.0,68.0,72.33,51.76,71.12,1.0,0.0,5.72,45.0,51.61,0.0,0.0,0.0,120.0,51.77,397.93,41.96,0.3,0.3,9.75,82.41,2.62,51.16,67.41,90.15,47.98
2018-08-28 09:36:00,1,1,71.39,72.0,68.0,75.75,51.73,71.39,1.0,0.0,5.72,45.0,150.25,0.0,0.0,0.0,120.0,51.74,0.01,0.88,0.3,0.3,0.0,82.48,0.69,58.16,67.3,90.26,47.59
2018-08-28 09:37:00,1,1,72.4,72.0,68.0,75.41,51.38,72.4,1.0,0.0,5.72,45.0,61.13,0.0,0.0,0.0,120.0,51.5,397.93,41.96,0.3,0.3,9.75,82.55,1.37,54.24,67.18,91.58,46.05
2018-08-28 09:38:00,1,1,72.08,72.0,68.0,73.47,51.73,72.08,1.0,0.0,5.72,45.0,53.03,0.0,0.0,0.0,120.0,51.67,397.93,41.96,0.3,0.3,9.75,82.62,2.46,50.41,67.07,90.26,46.49
2018-08-28 09:39:00,1,1,71.56,72.0,68.0,72.78,51.82,71.56,1.0,0.0,5.72,45.0,51.85,0.0,0.0,0.0,120.0,51.82,397.93,41.96,0.3,0.3,9.75,82.68,2.6,50.59,66.96,89.94,47.32
2018-08-28 09:40:00,1,1,71.1,72.0,68.0,72.35,51.77,71.1,1.0,0.0,5.72,45.0,51.62,0.0,0.0,0.0,120.0,51.78,397.93,41.96,0.3,0.3,9.75,82.75,2.62,51.16,66.85,90.13,48.03
2018-08-28 09:41:00,1,1,71.36,72.0,68.0,75.87,51.74,71.36,1.0,0.0,5.72,45.0,150.41,0.0,0.0,0.0,120.0,51.74,0.01,0.88,0.3,0.3,0.0,82.81,0.69,58.0,66.75,90.23,47.65
2018-08-28 09:42:00,1,1,72.37,72.0,68.0,75.49,51.39,72.37,1.0,0.0,5.72,45.0,61.15,0.0,0.0,0.0,120.0,51.51,397.93,41.96,0.3,0.3,9.75,82.88,1.37,54.14,66.64,91.56,46.11
2018-08-28 09:43:00,1,1,72.05,72.0,68.0,73.48,51.74,72.05,1.0,0.0,5.72,45.0,53.04,0.0,0.0,0.0,120.0,51.68,397.93,41.96,0.3,0.3,9.75,82.94,2.46,50.42,66.54,90.24,46.55
2018-08-28 09:44:00,1,1,71.52,72.0,68.0,72.79,51.83,71.52,1.0,0.0,5.72,45.0,51.86,0.0,0.0,0.0,120.0,51.83,397.93,41.96,0.3,0.3,9.75,83.01,2.6,50.61,66.44,89.92,47.38
2018-08-28 09:45:00,1,1,71.07,72.0,68.0,72.36,51.77,71.07,1.0,0.0,5.72,45.0,51.63,0.0,0.0,0.0,120.0,51.79,397.93,41.96,0.3,0.3,9.75,83.07,2.62,51.18,66.33,90.11,48.1
2018-08-28 09:46:00,1,1,71.45,72.0,68.0,76.23,51.75,71.45,1.0,0.0,5.72,45.0,134.4,0.0,0.0,0.0,120.0,51.76,0.01,0.88,0.3,0.3,0.0,83.14,0.59,58.09,66.24,90.19,47.54
2018-08-28 09:47:00,1,1,72.36,72.0,68.0,75.26,51.41,72.36,1.0,0.0,5.72,45.0,59.76,0.0,0.0,0.0,120.0,51.45,397.93,41.96,0.3,0.3,9.75,83.2,1.57,53.29,66.14,91.48,46.13
2018-08-28 09:48:00,1,1,71.98,72.0,68.0,73.43,51.77,71.98,1.0,0.0,5.72,45.0,52.85,0.0,0.0,0.0,120.0,51.71,397.93,41.96,0.3,0.3,9.75,83.27,2.48,50.38,66.04,90.15,46.67
2018-08-28 09:49:00,1,1,71.46,72.0,68.0,72.76,51.83,71.46,1.0,0.0,5.72,45.0,51.83,0.0,0.0,0.0,120.0,51.83,397.93,41.96,0.3,0.3,9.75,83.33,2.61,50.67,65.95,89.91,47.5
2018-08-28 09:50:00,1,1,71.01,72.0,68.0,72.33,51.77,71.01,1.0,0.0,5.72,45.0,51.62,0.0,0.0,0.0,120.0,51.79,397.93,41.96,0.3,0.3,9.75,83.39,2.63,51.25,65.86,90.12,48.21
2018-08-28 09:51:00,1,1,71.63,72.0,68.0,76.76,51.77,71.63,1.0,0.0,5.72,45.0,109.18,0.0,0.0,0.0,120.0,51.77,0.01,0.88,0.3,0.3,0.0,83.45,0.42,58.28,65.77,90.13,47.28
2018-08-28 09:52:00,1,1,72.45,72.0,68.0,75.15,51.45,72.45,1.0,0.0,5.72,45.0,57.01,0.0,0.0,0.0,120.0,51.44,397.93,41.96,0.3,0.3,9.75,83.52,1.72,52.53,65.68,91.32,46.01
2018-08-28 09:53:00,1,1,72.01,72.0,68.0,73.45,51.8,72.01,1.0,0.0,5.72,45.0,52.49,0.0,0.0,0.0,120.0,51.76,397.93,41.96,0.3,0.3,9.75,83.58,2.5,50.26,65.59,90.01,46.66
2018-08-28 09:54:00,1,1,71.46,72.0,68.0,72.79,51.85,71.46,1.0,0.0,5.72,45.0,51.8,0.0,0.0,0.0,120.0,51.85,397.93,41.96,0.3,0.3,9.75,83.64,2.61,50.65,65.5,89.84,47.52
2018-08-28 09:55:00,1,1,71.0,72.0,68.0,72.36,51.78,71.0,1.0,0.0,5.72,45.0,51.63,0.0,0.0,0.0,120.0,51.8,397.93,41.96,0.3,0.3,9.75,83.7,2.63,51.25,65.42,90.07,48.24
2018-08-28 09:56:00,1,1,71.62,72.0,68.0,76.89,51.78,71.62,1.0,0.0,5.72,45.0,109.32,0.0,0.0,0.0,120.0,51.78,0.01,0.88,0.3,0.3,0.0,83.76,0.42,58.12,65.34,90.09,47.32
2018-08-28 09:57:00,1,1,72.43,72.0,68.0,75.21,51.46,72.43,1.0,0.0,5.72,45.0,57.03,0.0,0.0,0.0,120.0,51.45,397.93,41.96,0.3,0.3,9.75,83.82,1.72,52.48,65.26,91.29,46.07
2018-08-28 09:58:00,1,1,71.98,72.0,68.0,73.46,51.81,71.98,1.0,0.0,5.72,45.0,52.5,0.0,0.0,0.0,120.0,51.76,397.93,41.96,0.3,0.3,9.75,83.88,2.5,50.27,65.18,89.98,46.72
2018-08-28 09:59:00,1,1,71.43,72.0,68.0,72.8,51.85,71.43,1.0,0.0,5.72,45.0,51.81,0.0,0.0,0.0,120.0,51.86,397.93,41.96,0.3,0.3,9.75,83.94,2.61,50.67,65.11,89.82,47.58
2018-08-28 10:00:00,1,1,70.97,72.0,68.0,72.37,51.79,70.97,1.0,0.0,5.72,45.0,51.64,0.0,0.0,0.0,120.0,51.8,397.93,41.96,0.3,0.3,9.75,83.99,2.63,51.28,65.03,90.05,48.3
2018-08-28 10:01:00,1,1,71.72,72.0,68.0,77.19,51.79,71.72,1.0,0.0,5.72,45.0,99.56,0.0,0.0,0.0,120.0,51.79,0.01,0.88,0.3,0.3,0.0,84.04,0.36,58.08,64.97,90.04,47.2
2018-08-28 10:02:00,1,1,72.4,72.0,68.0,75.01,51.5,72.4,1.0,0.0,5.72,45.0,56.26,0.0,0.0,0.0,120.0,51.45,397.93,41.96,0.3,0.3,9.75,84.09,1.86,51.95,64.92,91.14,46.11
2018-08-28 10:03:00,1,1,71.92,72.0,68.0,73.41,51.83,71.92,1.0,0.0,5.72,45.0,52.4,0.0,0.0,0.0,120.0,51.79,397.93,41.96,0.3,0.3,9.75,84.13,2.52,50.28,64.87,89.9,46.82
2018-08-28 10:04:00,1,1,71.38,72.0,68.0,72.78,51.86,71.38,1.0,0.0,5.72,45.0,51.79,0.0,0.0,0.0,120.0,51.86,397.93,41.96,0.3,0.3,9.75,84.17,2.61,50.73,64.82,89.81,47.67
2018-08-28 10:05:00,1,1,70.96,72.0,68.0,73.18,51.79,70.96,1.0,0.0,5.72,45.0,250.0,0.0,0.0,0.0,120.0,51.81,2.69,1.16,0.3,0.3,0.0,84.21,2.22,52.62,64.78,90.04,48.34
2018-08-28 10:06:00,1,1,71.82,72.0,68.0,77.44,51.8,71.82,1.0,0.0,5.72,45.0,91.27,0.0,0.0,0.0,120.0,51.81,0.01,0.88,0.3,0.3,0.0,84.26,0.3,58.05,64.73,90.0,47.06
2018-08-28 10:07:00,1,1,72.39,72.0,68.0,74.83,51.54,72.39,1.0,0.0,5.72,45.0,55.6,0.0,0.0,0.0,120.0,51.47,397.93,41.96,0.3,0.3,9.75,84.3,1.98,51.53,64.69,90.98,46.14
2018-08-28 10:08:00,1,1,71.89,72.0,68.0,73.38,51.85,71.89,1.0,0.0,5.72,45.0,52.32,0.0,0.0,0.0,120.0,51.82,397.93,41.96,0.3,0.3,9.75,84.34,2.54,50.27,64.65,89.83,46.89
2018-08-28 10:09:00,1,1,71.36,72.0,68.0,72.77,51.86,71.36,1.0,0.0,5.72,45.0,51.79,0.0,0.0,0.0,120.0,51.87,397.93,41.96,0.3,0.3,9.75,84.38,2.62,50.76,64.61,89.78,47.73
2018-08-28 10:10:00,1,1,70.99,72.0,68.0,73.93,51.8,70.99,1.0,0.0,5.72,45.0,250.0,0.0,0.0,0.0,120.0,51.81,0.03,0.88,0.3,0.3,0.0,84.42,1.88,53.68,64.57,90.01,48.3
2018-08-28 10:11:00,1,1,71.95,72.0,68.0,77.69,51.82,71.95,1.0,0.0,5.72,45.0,84.26,0.0,0.0,0.0,120.0,51.82,0.01,0.88,0.3,0.3,0.0,84.46,0.25,58.0,64.54,89.94,46.89
2018-08-28 10:12:00,1,1,72.39,72.0,68.0,74.68,51.59,72.39,1.0,0.0,5.72,45.0,55.05,0.0,0.0,0.0,120.0,51.51,397.93,41.96,0.3,0.3,9.75,84.49,2.08,51.18,64.51,90.79,46.16
2018-08-28 10:13:00,1,1,71.87,72.0,68.0,73.36,51.88,71.87,1.0,0.0,5.72,45.0,52.25,0.0,0.0,0.0,120.0,51.85,397.93,41.96,0.3,0.3,9.75,84.53,2.55,50.26,64.48,89.75,46.94
2018-08-28 10:14:00,1,1,71.35,72.0,68.0,72.78,51.87,71.35,1.0,0.0,5.72,45.0,51.79,0.0,0.0,0.0,120.0,51.88,397.93,41.96,0.3,0.3,9.75,84.57,2.62,50.79,64.45,89.75,47.76
2018-08-28 10:15:00,1,1,70.99,72.0,68.0,73.97,51.81,70.99,1.0,0.0,5.72,45.0,250.0,0.0,0.0,0.0,120.0,51.82,0.03,0.88,0.3,0.3,0.0,84.61,1.88,53.67,64.42,89.98,48.32
2018-08-28 10:16:00,1,1,71.96,72.0,68.0,77.78,51.83,71.96,1.0,0.0,5.72,45.0,84.34,0.0,0.0,0.0,120.0,51.83,0.01,0.88,0.3,0.3,0.0,84.64,0.25,57.94,64.39,89.91,46.9
2018-08-28 10:17:00,1,1,72.27,72.0,68.0,74.45,51.63,72.27,1.0,0.0,5.72,45.0,55.39,0.0,0.0,0.0,120.0,51.54,397.93,41.96,0.3,0.3,9.75,84.68,2.17,51.01,64.37,90.66,46.33
2018-08-28 10:18:00,1,1,71.76,72.0,68.0,73.26,51.88,71.76,1.0,0.0,5.72,45.0,52.29,0.0,0.0,0.0,120.0,51.86,397.93,41.96,0.3,0.3,9.75,84.72,2.57,50.37,64.35,89.74,47.11
2018-08-28 10:19:00,1,1,71.27,72.0,68.0,72.73,51.87,71.27,1.0,0.0,5.72,45.0,51.79,0.0,0.0,0.0,120.0,51.88,397.93,41.96,0.3,0.3,9.75,84.75,2.62,50.9,64.33,89.77,47.89
2018-08-28 10:20:00,1,1,71.08,72.0,68.0,75.15,51.81,71.08,1.0,0.0,5.72,45.0,250.0,0.0,0.0,0.0,120.0,51.82,0.01,0.88,0.3,0.3,0.0,84.79,1.35,55.28,64.31,89.96,48.2
2018-08-28 10:21:00,1,1,72.18,72.0,68.0,78.13,51.84,72.18,1.0,0.0,5.72,45.0,73.25,0.0,0.0,0.0,120.0,51.84,0.01,0.88,0.3,0.3,0.0,84.82,0.18,57.91,64.29,89.86,46.59
2018-08-28 10:22:00,1,1,72.22,72.0,68.0,74.19,51.71,72.22,1.0,0.0,5.72,45.0,54.4,0.0,0.0,0.0,120.0,51.62,397.93,41.96,0.3,0.3,9.75,84.86,2.3,50.65,64.27,90.37,46.42
2018-08-28 10:23:00,1,1,71.7,72.0,68.0,73.19,51.9,71.7,1.0,0.0,5.72,45.0,52.15,0.0,0.0,0.0,120.0,51.89,397.93,41.96,0.3,0.3,9.75,84.89,2.58,50.42,64.26,89.66,47.22
2018-08-28 10:24:00,1,1,71.22,72.0,68.0,72.7,51.87,71.22,1.0,0.0,5.72,45.0,51.77,0.0,0.0,0.0,120.0,51.88,397.93,41.96,0.3,0.3,9.75,84.92,2.62,50.98,64.25,89.76,47.98
2018-08-28 10:25:00,1,1,71.14,72.0,68.0,75.66,51.82,71.14,1.0,0.0,5.72,45.0,221.95,0.0,0.0,0.0,120.0,51.83,0.01,0.88,0.3,0.3,0.0,84.96,1.14,55.88,64.24,89.93,48.12
2018-08-28 10:26:00,1,1,72.27,72.0,68.0,77.57,51.67,72.27,1.0,0.0,5.72,45.0,68.96,0.0,0.0,0.0,120.0,51.86,395.25,41.69,0.3,0.3,9.75,84.99,0.56,56.52,64.23,90.52,46.46
2018-08-28 10:27:00,1,1,72.19,72.0,68.0,74.1,51.75,72.19,1.0,0.0,5.72,45.0,54.03,0.0,0.0,0.0,120.0,51.66,397.93,41.96,0.3,0.3,9.75,85.02,2.35,50.53,64.22,90.22,46.47
2018-08-28 10:28:00,1,1,71.68,72.0,68.0,73.18,51.91,71.68,1.0,0.0,5.72,45.0,52.11,0.0,0.0,0.0,120.0,51.9,397.93,41.96,0.3,0.3,9.75,85.06,2.59,50.46,64.22,89.61,47.28
2018-08-28 10:29:00,1,1,71.21,72.0,68.0,72.71,51.88,71.21,1.0,0.0,5.72,45.0,51.78,0.0,0.0,0.0,120.0,51.89,397.93,41.96,0.3,0.3,9.75,85.09,2.62,51.02,64.22,89.73,48.01
2018-08-28 10:30:00,1,1,71.14,72.0,68.0,75.72,51.83,71.14,1.0,0.0,5.72,45.0,222.35,0.0,0.0,0.0,120.0,51.84,0.01,0.88,0.3,0.3,0.0,85.12,1.14,55.9,64.22,89.9,48.14
2018-08-28 10:31:00,1,1,72.28,72.0,68.0,77.64,51.68,72.28,1.0,0.0,5.72,45.0,69.01,0.0,0.0,0.0,120.0,51.87,395.25,41.69,0.3,0.3,9.75,85.15,0.56,56.53,64.22,90.49,46.46
2018-08-28 10:32:00,1,1,72.21,72.0,68.0,74.14,51.76,72.21,1.0,0.0,5.72,45.0,54.05,0.0,0.0,0.0,120.0,51.68,397.93,41.96,0.3,0.3,9.75,85.18,2.35,50.54,64.22,90.18,46.46
2018-08-28 10:33:00,1,1,71.7,72.0,68.0,73.22,51.93,71.7,1.0,0.0,5.72,45.0,52.13,0.0,0.0,0.0,120.0,51.92,397.93,41.96,0.3,0.3,9.75,85.21,2.59,50.46,64.22,89.56,47.26
2018-08-28 10:34:00,1,1,71.24,72.0,68.0,72.75,51.89,71.24,1.0,0.0,5.72,45.0,51.8,0.0,0.0,0.0,120.0,51.91,397.93,41.96,0.3,0.3,9.75,85.24,2.62,51.02,64.23,89.68,47.99
2018-08-28 10:35:00,1,1,71.08,72.0,68.0,75.3,51.84,71.08,1.0,0.0,5.72,45.0,250.0,0.0,0.0,0.0,120.0,51.85,0.01,0.88,0.3,0.3,0.0,85.27,1.35,55.34,64.23,89.87,48.25
2018-08-28 10:36:00,1,1,72.21,72.0,68.0,78.37,51.87,72.21,1.0,0.0,5.72,45.0,73.44,0.0,0.0,0.0,120.0,51.87,0.01,0.88,0.3,0.3,0.0,85.31,0.18,57.93,64.24,89.76,46.59
2018-08-28 10:37:00,1,1,72.27,72.0,68.0,74.31,51.74,72.27,1.0,0.0,5.72,45.0,54.47,0.0,0.0,0.0,120.0,51.65,397.93,41.96,0.3,0.3,9.75,85.34,2.3,50.67,64.25,90.25,46.39
2018-08-28 10:38:00,1,1,71.77,72.0,68.0,73.31,51.94,71.77,1.0,0.0,5.72,45.0,52.21,0.0,0.0,0.0,120.0,51.92,397.93,41.96,0.3,0.3,9.75,85.37,2.58,50.43,64.27,89.52,47.18
2018-08-28 10:39:00,1,1,71.31,72.0,68.0,72.82,51.91,71.31,1.0,0.0,5.72,45.0,51.83,0.0,0.0,0.0,120.0,51.93,397.93,41.96,0.3,0.3,9.75,85.39,2.62,50.97,64.28,89.6,47.91
2018-08-28 10:40:00,1,1,71.0,72.0,68.0,74.15,51.85,71.0,1.0,0.0,5.72,45.0,250.0,0.0,0.0,0.0,120.0,51.86,0.03,0.88,0.3,0.3,0.0,85.42,1.88,53.78,64.3,89.82,48.39
2018-08-28 10:41:00,1,1,72.01,72.0,68.0,78.18,51.88,72.01,1.0,0.0,5.72,45.0,84.8,0.0,0.0,0.0,120.0,51.88,0.01,0.88,0.3,0.3,0.0,85.45,0.25,57.97,64.32,89.74,46.9
2018-08-28 10:42:00,1,1,72.36,72.0,68.0,74.67,51.68,72.36,1.0,0.0,5.72,45.0,55.51,0.0,0.0,0.0,120.0,51.59,397.93,41.96,0.3,0.3,9.75,85.48,2.17,51.05,64.33,90.47,46.28
2018-08-28 10:43:00,1,1,71.88,72.0,68.0,73.46,51.94,71.88,1.0,0.0,5.72,45.0,52.38,0.0,0.0,0.0,120.0,51.92,397.93,41.96,0.3,0.3,9.75,85.51,2.57,50.38,64.36,89.5,47.03
2018-08-28 10:44:00,1,1,71.41,72.0,68.0,72.94,51.94,71.41,1.0,0.0,5.72,45.0,51.88,0.0,0.0,0.0,120.0,51.95,397.93,41.96,0.3,0.3,9.75,85.54,2.62,50.89,64.38,89.51,47.78
2018-08-28 10:45:00,1,1,71.02,72.0,68.0,72.58,51.88,71.02,1.0,0.0,5.72,45.0,51.76,0.0,0.0,0.0,120.0,51.89,397.93,41.96,0.3,0.3,9.75,85.57,2.63,51.43,64.4,89.74,48.39
2018-08-28 10:46:00,1,1,71.71,72.0,68.0,77.74,51.88,71.71,1.0,0.0,5.72,45.0,110.82,0.0,0.0,0.0,120.0,51.88,0.01,0.88,0.3,0.3,0.0,85.6,0.42,57.84,64.43,89.74,47.37
2018-08-28 10:47:00,1,1,72.45,72.0,68.0,75.37,51.58,72.45,1.0,0.0,5.72,45.0,57.85,0.0,0.0,0.0,120.0,51.53,397.93,41.96,0.3,0.3,9.75,85.63,1.87,52.02,64.46,90.85,46.19
2018-08-28 10:48:00,1,1,72.04,72.0,68.0,73.7,51.93,72.04,1.0,0.0,5.72,45.0,52.74,0.0,0.0,0.0,120.0,51.89,397.93,41.96,0.3,0.3,9.75,85.65,2.52,50.36,64.49,89.55,46.81
2018-08-28 10:49:00,1,1,71.55,72.0,68.0,73.09,51.97,71.55,1.0,0.0,5.72,45.0,51.97,0.0,0.0,0.0,120.0,51.97,397.93,41.96,0.3,0.3,9.75,85.68,2.61,50.77,64.52,89.41,47.58
2018-08-28 10:50:00,1,1,71.15,72.0,68.0,72.71,51.91,71.15,1.0,0.0,5.72,45.0,51.8,0.0,0.0,0.0,120.0,51.93,397.93,41.96,0.3,0.3,9.75,85.71,2.63,51.32,64.55,89.61,48.23
2018-08-28 10:51:00,1,1,71.23,72.0,68.0,76.35,51.87,71.23,1.0,0.0,5.72,45.0,196.87,0.0,0.0,0.0,120.0,51.88,0.01,0.88,0.3,0.3,0.0,85.74,0.97,56.67,64.59,89.75,48.11
2018-08-28 10:52:00,1,1,72.39,72.0,68.0,77.34,51.54,72.39,1.0,0.0,5.72,45.0,65.56,0.0,0.0,0.0,120.0,51.87,397.91,41.96,0.3,0.3,9.75,85.77,0.88,55.63,64.62,91.03,46.38
2018-08-28 10:53:00,1,1,72.25,72.0,68.0,74.18,51.84,72.25,1.0,0.0,5.72,45.0,53.83,0.0,0.0,0.0,120.0,51.76,397.93,41.96,0.3,0.3,9.75,85.79,2.39,50.59,64.66,89.88,46.5
2018-08-28 10:54:00,1,1,71.76,72.0,68.0,73.33,51.99,71.76,1.0,0.0,5.72,45.0,52.17,0.0,0.0,0.0,120.0,51.98,397.93,41.96,0.3,0.3,9.75,85.82,2.6,50.6,64.7,89.33,47.28
2018-08-28 10:55:00,1,1,71.33,72.0,68.0,72.89,51.96,71.33,1.0,0.0,5.72,45.0,51.88,0.0,0.0,0.0,120.0,51.97,397.93,41.96,0.3,0.3,9.75,85.85,2.62,51.14,64.74,89.46,47.97
2018-08-28 10:56:00,1,1,70.98,72.0,68.0,72.58,51.89,70.98,1.0,0.0,5.72,45.0,51.78,0.0,0.0,0.0,120.0,51.9,397.93,41.96,0.3,0.3,9.75,85.88,2.63,51.64,64.79,89.68,48.53
2018-08-28 10:57:00,1,1,71.82,72.0,68.0,78.07,51.9,71.82,1.0,0.0,5.72,45.0,101.08,0.0,0.0,0.0,120.0,51.9,0.01,0.88,0.3,0.3,0.0,85.9,0.36,58.23,64.83,89.64,47.27
2018-08-28 10:58:00,1,1,72.46,72.0,68.0,75.21,51.64,72.46,1.0,0.0,5.72,45.0,57.02,0.0,0.0,0.0,120.0,51.57,397.93,41.96,0.3,0.3,9.75,85.93,1.98,51.8,64.88,90.62,46.24
2018-08-28 10:59:00,1,1,72.03,72.0,68.0,73.7,51.97,72.03,1.0,0.0,5.72,45.0,52.66,0.0,0.0,0.0,120.0,51.94,397.93,41.96,0.3,0.3,9.75,85.96,2.54,50.49,64.93,89.39,46.89
2018-08-28 11:00:00,1,1,71.56,72.0,68.0,73.13,52.0,71.56,1.0,0.0,5.72,45.0,52.0,0.0,0.0,0.0,120.0,52.01,397.93,41.96,0.3,0.3,9.75,85.99,2.62,50.92,64.98,89.3,47.64
2018-08-28 11:01:00,1,1,71.18,72.0,68.0,72.77,51.94,71.18,1.0,0.0,5.72,45.0,51.85,0.0,0.0,0.0,120.0,51.96,397.93,41.96,0.3,0.3,9.75,86.02,2.63,51.46,65.04,89.5,48.26
2018-08-28 11:02:00,1,1,71.17,72.0,68.0,76.04,51.9,71.17,1.0,0.0,5.72,45.0,225.9,0.0,0.0,0.0,120.0,51.91,0.01,0.88,0.3,0.3,0.0,86.05,1.14,56.49,65.12,89.65,48.28
2018-08-28 11:03:00,1,1,72.36,72.0,68.0,78.08,51.75,72.36,1.0,0.0,5.72,45.0,69.49,0.0,0.0,0.0,120.0,51.94,395.25,41.69,0.3,0.3,9.75,86.09,0.56,57.19,65.2,90.22,46.52
2018-08-28 11:04:00,1,1,72.33,72.0,68.0,74.38,51.85,72.33,1.0,0.0,5.72,45.0,54.24,0.0,0.0,0.0,120.0,51.76,397.93,41.96,0.3,0.3,9.75,86.13,2.35,50.87,65.28,89.86,46.46
2018-08-28 11:05:00,1,1,71.85,72.0,68.0,73.46,52.03,71.85,1.0,0.0,5.72,45.0,52.28,0.0,0.0,0.0,120.0,52.02,397.93,41.96,0.3,0.3,9.75,86.16,2.59,50.73,65.36,89.19,47.23
2018-08-28 11:06:00,1,1,71.41,72.0,68.0,73.01,52.0,71.41,1.0,0.0,5.72,45.0,51.95,0.0,0.0,0.0,120.0,52.01,397.93,41.96,0.3,0.3,9.75,86.2,2.62,51.28,65.44,89.29,47.93
2018-08-28 11:07:00,1,1,71.06,72.0,68.0,72.69,51.94,71.06,1.0,0.0,5.72,45.0,51.86,0.0,0.0,0.0,120.0,51.95,397.93,41.96,0.3,0.3,9.75,86.23,2.63,51.8,65.52,89.51,48.5
2018-08-28 11:08:00,1,1,71.52,72.0,68.0,77.56,51.93,71.52,1.0,0.0,5.72,45.0,138.45,0.0,0.0,0.0,120.0,51.93,0.01,0.88,0.3,0.3,0.0,86.27,0.59,58.35,65.61,89.55,47.81
2018-08-28 11:09:00,1,1,72.5,72.0,68.0,76.19,51.58,72.5,1.0,0.0,5.72,45.0,60.4,0.0,0.0,0.0,120.0,51.62,397.93,41.96,0.3,0.3,9.75,86.3,1.57,53.66,65.69,90.86,46.3
2018-08-28 11:10:00,1,1,72.18,72.0,68.0,74.0,51.97,72.18,1.0,0.0,5.72,45.0,53.21,0.0,0.0,0.0,120.0,51.91,397.93,41.96,0.3,0.3,9.75,86.34,2.48,50.79,65.78,89.41,46.76
2018-08-28 11:11:00,1,1,71.71,72.0,68.0,73.32,52.06,71.71,1.0,0.0,5.72,45.0,52.16,0.0,0.0,0.0,120.0,52.06,397.93,41.96,0.3,0.3,9.75,86.37,2.61,51.07,65.86,89.1,47.53
2018-08-28 11:12:00,1,1,71.3,72.0,68.0,72.92,52.01,71.3,1.0,0.0,5.72,45.0,51.95,0.0,0.0,0.0,120.0,52.02,397.93,41.96,0.3,0.3,9.75,86.41,2.63,51.63,65.95,89.27,48.19
2018-08-28 11:13:00,1,1,71.0,72.0,68.0,73.59,51.95,71.0,1.0,0.0,5.72,45.0,250.0,0.0,0.0,0.0,120.0,51.96,2.69,1.16,0.3,0.3,0.0,86.44,2.22,53.49,66.04,89.49,48.68
2018-08-28 11:14:00,1,1,71.96,72.0,68.0,78.52,51.97,71.96,1.0,0.0,5.72,45.0,93.32,0.0,0.0,0.0,120.0,51.97,0.01,0.88,0.3,0.3,0.0,86.48,0.3,59.32,66.13,89.4,47.25
2018-08-28 11:15:00,1,1,72.47,72.0,68.0,75.13,51.74,72.47,1.0,0.01,5.72,45.0,56.45,0.0,0.0,0.0,120.0,51.65,397.93,41.96,0.3,0.3,9.75,86.51,2.08,52.06,66.22,90.26,46.39
2018-08-28 11:16:00,1,1,72.03,72.0,68.0,73.75,52.06,72.03,1.0,0.0,5.72,45.0,52.68,0.0,0.0,0.0,120.0,52.02,397.93,41.96,0.3,0.3,9.75,86.55,2.55,50.96,66.31,89.11,47.08
2018-08-28 11:17:00,1,1,71.58,72.0,68.0,73.21,52.07,71.58,1.0,0.0,5.72,45.0,52.1,0.0,0.0,0.0,120.0,52.08,397.93,41.96,0.3,0.3,9.75,86.58,2.62,51.43,66.4,89.05,47.82
2018-08-28 11:18:00,1,1,71.2,72.0,68.0,72.86,52.01,71.2,1.0,0.0,5.72,45.0,51.96,0.0,0.0,0.0,120.0,52.02,397.93,41.96,0.3,0.3,9.75,86.62,2.63,51.98,66.49,89.26,48.44
2018-08-28 11:19:00,1,1,71.11,72.0,68.0,75.73,51.96,71.11,1.0,0.0,5.72,45.0,250.0,0.0,0.0,0.0,120.0,51.97,0.01,0.88,0.3,0.3,0.0,86.65,1.35,56.78,66.59,89.43,48.59
2018-08-28 11:20:00,1,1,72.26,72.0,68.0,78.2,51.81,72.26,1.0,0.0,5.72,45.0,74.5,0.0,0.0,0.0,120.0,52.01,395.25,41.69,0.3,0.3,9.75,86.69,0.59,58.32,66.68,90.01,46.89
2018-08-28 11:21:00,1,1,72.25,72.0,68.0,74.4,51.89,72.25,1.0,0.0,5.72,45.0,55.0,0.0,0.0,0.0,120.0,51.8,397.93,41.96,0.3,0.3,9.75,86.72,2.35,51.58,66.77,89.69,46.79
2018-08-28 11:22:00,1,1,71.8,72.0,68.0,73.48,52.08,71.8,1.0,0.0,5.72,45.0,52.48,0.0,0.0,0.0,120.0,52.07,397.93,41.96,0.3,0.3,9.75,86.76,2.59,51.37,66.86,89.01,47.53
2018-08-28 11:23:00,1,1,71.38,72.0,68.0,73.04,52.06,71.38,1.0,0.0,5.72,45.0,52.07,0.0,0.0,0.0,120.0,52.07,397.93,41.96,0.3,0.3,9.75,86.79,2.62,51.89,66.96,89.09,48.21
2018-08-28 11:24:00,1,1,71.04,72.0,68.0,72.74,52.0,71.04,1.0,0.0,5.72,45.0,51.97,0.0,0.0,0.0,120.0,52.01,397.93,41.96,0.3,0.3,9.75,86.83,2.63,52.4,67.05,89.31,48.76
2018-08-28 11:25:00,1,1,71.63,72.0,68.0,78.07,52.0,71.63,1.0,0.0,5.72,45.0,125.66,0.0,0.0,0.0,120.0,52.0,0.01,0.88,0.3,0.3,0.0,86.86,0.5,59.75,67.14,89.31,47.88
2018-08-28 11:26:00,1,1,72.4,72.0,68.0,75.59,51.68,72.4,1.0,0.0,5.72,45.0,59.96,0.0,0.0,0.0,120.0,51.63,397.93,41.96,0.3,0.3,9.75,86.9,1.88,53.43,67.24,90.48,46.65
2018-08-28 11:27:00,1,1,72.03,72.0,68.0,73.85,52.05,72.03,1.0,0.0,5.72,45.0,53.22,0.0,0.0,0.0,120.0,52.01,397.93,41.96,0.3,0.3,9.75,86.93,2.53,51.45,67.33,89.11,47.22
2018-08-28 11:28:00,1,1,71.58,72.0,68.0,73.26,52.1,71.58,1.0,0.0,5.72,45.0,52.24,0.0,0.0,0.0,120.0,52.11,397.93,41.96,0.3,0.3,9.75,86.96,2.61,51.81,67.42,88.94,47.96
2018-08-28 11:29:00,1,1,71.21,72.0,68.0,72.9,52.05,71.21,1.0,0.0,5.72,45.0,52.04,0.0,0.0,0.0,120.0,52.06,397.93,41.96,0.3,0.3,9.75,87.0,2.63,52.35,67.52,89.13,48.57
2018-08-28 11:30:00,1,1,71.12,72.0,68.0,75.84,52.0,71.12,1.0,0.0,5.72,45.0,250.0,0.0,0.0,0.0,120.0,52.01,0.01,0.88,0.3,0.3,0.0,87.03,1.35,57.41,67.61,89.3,48.74
2018-08-28 11:31:00,1,1,72.27,72.0,68.0,78.36,51.85,72.27,1.0,0.0,5.72,45.0,74.86,0.0,0.0,0.0,120.0,52.05,395.25,41.69,0.3,0.3,9.75,87.06,0.59,59.09,67.7,89.87,47.03
2018-08-28 11:32:00,1,1,72.25,72.0,68.0,74.46,51.93,72.25,1.0,0.0,5.72,45.0,55.11,0.0,0.0,0.0,120.0,51.84,397.93,41.96,0.3,0.3,9.75,87.1,2.35,52.0,67.79,89.56,46.93
2018-08-28 11:33:00,1,1,71.8,72.0,68.0,73.53,52.12,71.8,1.0,0.0,5.72,45.0,52.56,0.0,0.0,0.0,120.0,52.11,397.93,41.96,0.3,0.3,9.75,87.13,2.59,51.75,67.88,88.87,47.67
2018-08-28 11:34:00,1,1,71.39,72.0,68.0,73.09,52.1,71.39,1.0,0.0,5.72,45.0,52.15,0.0,0.0,0.0,120.0,52.11,397.93,41.96,0.3,0.3,9.75,87.16,2.62,52.27,67.97,88.96,48.36
2018-08-28 11:35:00,1,1,71.05,72.0,68.0,72.78,52.03,71.05,1.0,0.0,5.72,45.0,52.04,0.0,0.0,0.0,120.0,52.05,397.93,41.96,0.3,0.3,9.75,87.2,2.63,52.78,68.06,89.18,48.91
2018-08-28 11:36:00,1,1,71.64,72.0,68.0,78.23,52.04,71.64,1.0,0.0,5.72,45.0,126.64,0.0,0.0,0.0,120.0,52.04,0.01,0.88,0.3,0.3,0.0,87.23,0.5,60.53,68.15,89.17,48.03
2018-08-28 11:37:00,1,1,72.4,72.0,68.0,75.68,51.71,72.4,1.0,0.0,5.72,45.0,60.13,0.0,0.0,0.0,120.0,51.67,397.93,41.96,0.3,0.3,9.75,87.26,1.88,53.94,68.24,90.36,46.8
2018-08-28 11:38:00,1,1,72.03,72.0,68.0,73.89,52.09,72.03,1.0,0.0,5.72,45.0,53.31,0.0,0.0,0.0,120.0,52.04,397.93,41.96,0.3,0.3,9.75,87.3,2.53,51.85,68.33,88.98,47.37
2018-08-28 11:39:00,1,1,71.58,72.0,68.0,73.3,52.14,71.58,1.0,0.0,5.72,45.0,52.31,0.0,0.0,0.0,120.0,52.14,397.93,41.96,0.3,0.3,9.75,87.33,2.61,52.19,68.42,88.81,48.11
2018-08-28 11:40:00,1,1,71.21,72.0,68.0,72.94,52.08,71.21,1.0,0.0,5.72,45.0,52.11,0.0,0.0,0.0,120.0,52.1,397.93,41.96,0.3,0.3,9.75,87.36,2.63,52.73,68.5,89.01,48.73
2018-08-28 11:41:00,1,1,71.11,72.0,68.0,75.95,52.03,71.11,1.0,0.0,5.72,45.0,250.0,0.0,0.0,0.0,120.0,52.04,0.01,0.88,0.3,0.3,0.0,87.39,1.35,58.03,68.59,89.18,48.9
2018-08-28 11:42:00,1,1,72.26,72.0,68.0,78.51,51.88,72.26,1.0,0.0,5.72,45.0,75.21,0.0,0.0,0.0,120.0,52.09,395.25,41.69,0.3,0.3,9.75,87.42,0.59,59.84,68.67,89.75,47.19
2018-08-28 11:43:00,1,1,72.25,72.0,68.0,74.51,51.96,72.25,1.0,0.0,5.72,45.0,55.21,0.0,0.0,0.0,120.0,51.87,397.93,41.96,0.3,0.3,9.75,87.46,2.35,52.43,68.76,89.45,47.1
2018-08-28 11:44:00,1,1,71.79,72.0,68.0,73.56,52.15,71.79,1.0,0.0,5.72,45.0,52.63,0.0,0.0,0.0,120.0,52.14,397.93,41.96,0.3,0.3,9.75,87.49,2.59,52.14,68.84,88.76,47.84
2018-08-28 11:45:00,1,1,71.38,72.0,68.0,73.12,52.13,71.38,1.0,0.0,5.72,45.0,52.21,0.0,0.0,0.0,120.0,52.14,397.93,41.96,0.3,0.3,9.75,87.52,2.62,52.65,68.92,88.85,48.52
2018-08-28 11:46:00,1,1,71.04,72.0,68.0,72.81,52.06,71.04,1.0,0.0,5.72,45.0,52.1,0.0,0.0,0.0,120.0,52.08,397.93,41.96,0.3,0.3,9.75,87.55,2.63,53.16,69.0,89.07,49.08
2018-08-28 11:47:00,1,1,71.62,72.0,68.0,78.37,52.07,71.62,1.0,0.0,5.72,45.0,127.5,0.0,0.0,0.0,120.0,52.07,0.01,0.88,0.3,0.3,0.0,87.58,0.5,61.28,69.08,89.06,48.2
2018-08-28 11:48:00,1,1,72.5,72.0,68.0,76.17,51.72,72.5,1.0,0.0,5.72,45.0,59.69,0.0,0.0,0.0,120.0,51.71,397.93,41.96,0.3,0.3,9.75,87.61,1.73,54.95,69.16,90.35,46.81
2018-08-28 11:49:00,1,1,72.14,72.0,68.0,74.09,52.12,72.14,1.0,0.0,5.72,45.0,53.33,0.0,0.0,0.0,120.0,52.07,397.93,41.96,0.3,0.3,9.75,87.64,2.51,52.15,69.24,88.88,47.35
2018-08-28 11:50:00,1,1,71.67,72.0,68.0,73.43,52.18,71.67,1.0,0.0,5.72,45.0,52.39,0.0,0.0,0.0,120.0,52.19,397.93,41.96,0.3,0.3,9.75,87.67,2.61,52.43,69.31,88.65,48.12
2018-08-28 11:51:00,1,1,71.28,72.0,68.0,73.05,52.13,71.28,1.0,0.0,5.72,45.0,52.19,0.0,0.0,0.0,120.0,52.14,397.93,41.96,0.3,0.3,9.75,87.7,2.63,52.99,69.38,88.85,48.78
2018-08-28 11:52:00,1,1,70.98,72.0,68.0,73.79,52.06,70.98,1.0,0.0,5.72,45.0,250.0,0.0,0.0,0.0,120.0,52.07,2.69,1.16,0.3,0.3,0.0,87.73,2.22,55.11,69.46,89.08,49.26
2018-08-28 11:53:00,1,1,71.93,72.0,68.0,79.1,52.1,71.93,1.0,0.0,5.72,45.0,95.3,0.0,0.0,0.0,120.0,52.1,0.01,0.88,0.3,0.3,0.0,87.76,0.3,62.14,69.53,88.96,47.83
2018-08-28 11:54:00,1,1,72.45,72.0,68.0,75.35,51.84,72.45,1.0,0.0,5.72,45.0,56.87,0.0,0.0,0.0,120.0,51.76,397.93,41.96,0.3,0.3,9.75,87.79,2.08,53.72,69.6,89.88,46.95
2018-08-28 11:55:00,1,1,72.01,72.0,68.0,73.88,52.17,72.01,1.0,0.0,5.72,45.0,52.95,0.0,0.0,0.0,120.0,52.14,397.93,41.96,0.3,0.3,9.75,87.82,2.55,52.33,69.66,88.69,47.64
2018-08-28 11:56:00,1,1,71.55,72.0,68.0,73.33,52.19,71.55,1.0,0.0,5.72,45.0,52.34,0.0,0.0,0.0,120.0,52.19,397.93,41.96,0.3,0.3,9.75,87.85,2.62,52.76,69.73,88.64,48.39
2018-08-28 11:57:00,1,1,71.18,72.0,68.0,72.97,52.12,71.18,1.0,0.0,5.72,45.0,52.19,0.0,0.0,0.0,120.0,52.14,397.93,41.96,0.3,0.3,9.75,87.88,2.63,53.3,69.79,88.87,49.01
2018-08-28 11:58:00,1,1,71.17,72.0,68.0,76.66,52.08,71.17,1.0,0.0,5.72,45.0,236.69,0.0,0.0,0.0,120.0,52.08,0.01,0.88,0.3,0.3,0.0,87.91,1.14,59.67,69.85,89.03,49.04
2018-08-28 11:59:00,1,1,72.35,72.0,68.0,78.84,51.93,72.35,1.0,0.0,5.72,45.0,70.95,0.0,0.0,0.0,120.0,52.14,395.25,41.69,0.3,0.3,9.75,87.94,0.56,60.85,69.91,89.57,47.27
2018-08-28 12:00:00,1,1,72.32,72.0,68.0,74.65,52.02,72.32,1.0,0.0,5.72,45.0,54.73,0.0,0.0,0.0,120.0,51.92,397.93,41.96,0.3,0.3,9.75,87.97,2.35,52.91,69.97,89.26,47.2
2018-08-28 12:01:00,1,1,71.84,72.0,68.0,73.67,52.21,71.84,1.0,0.0,5.72,45.0,52.65,0.0,0.0,0.0,120.0,52.2,397.93,41.96,0.3,0.3,9.75,88.0,2.59,52.57,69.99,88.56,47.97
2018-08-28 12:02:00,1,1,71.41,72.0,68.0,73.21,52.18,71.41,1.0,0.0,5.72,45.0,52.3,0.0,0.0,0.0,120.0,52.19,397.93,41.96,0.3,0.3,9.75,88.02,2.62,53.08,69.99,88.68,48.68
2018-08-28 12:03:00,1,1,71.05,72.0,68.0,72.88,52.11,71.05,1.0,0.0,5.72,45.0,52.18,0.0,0.0,0.0,120.0,52.12,397.93,41.96,0.3,0.3,9.75,88.05,2.63,53.6,69.98,88.92,49.26
2018-08-28 12:04:00,1,1,71.5,72.0,68.0,78.3,52.1,71.5,1.0,0.0,5.72,45.0,143.69,0.0,0.0,0.0,120.0,52.1,0.01,0.88,0.3,0.3,0.0,88.08,0.59,61.83,69.98,88.95,48.58
2018-08-28 12:05:00,1,1,72.47,72.0,68.0,76.65,51.72,72.47,1.0,0.0,5.72,45.0,61.2,0.0,0.0,0.0,120.0,51.78,397.93,41.96,0.3,0.3,9.75,88.11,1.57,56.27,69.97,90.35,47.05
2018-08-28 12:06:00,1,1,72.14,72.0,68.0,74.2,52.13,72.14,1.0,0.0,5.72,45.0,53.6,0.0,0.0,0.0,120.0,52.07,397.93,41.96,0.3,0.3,9.75,88.14,2.48,52.63,69.95,88.85,47.51
2018-08-28 12:07:00,1,1,71.66,72.0,68.0,73.48,52.21,71.66,1.0,0.0,5.72,45.0,52.48,0.0,0.0,0.0,120.0,52.21,397.93,41.96,0.3,0.3,9.75,88.16,2.61,52.8,69.94,88.56,48.28
2018-08-28 12:08:00,1,1,71.25,72.0,68.0,73.08,52.15,71.25,1.0,0.0,5.72,45.0,52.25,0.0,0.0,0.0,120.0,52.17,397.93,41.96,0.3,0.3,9.75,88.19,2.63,53.34,69.92,88.75,48.95
2018-08-28 12:09:00,1,1,71.05,72.0,68.0,75.54,52.09,71.05,1.0,0.0,5.72,45.0,250.0,0.0,0.0,0.0,120.0,52.1,0.01,0.88,0.3,0.3,0.0,88.22,1.59,58.04,69.91,88.97,49.27
2018-08-28 12:10:00,1,1,72.14,72.0,68.0,79.64,52.14,72.14,1.0,0.0,5.72,45.0,81.39,0.0,0.0,0.0,120.0,52.14,0.01,0.88,0.3,0.3,0.0,88.24,0.22,62.76,69.89,88.79,47.62
2018-08-28 12:11:00,1,1,72.36,72.0,68.0,75.0,51.95,72.36,1.0,0.0,5.72,45.0,55.68,0.0,0.0,0.0,120.0,51.85,397.93,41.96,0.3,0.3,9.75,88.27,2.24,53.42,69.87,89.49,47.16
2018-08-28 12:12:00,1,1,71.88,72.0,68.0,73.77,52.21,71.88,1.0,0.0,5.72,45.0,52.81,0.0,0.0,0.0,120.0,52.19,397.93,41.96,0.3,0.3,9.75,88.3,2.57,52.62,69.85,88.57,47.91
2018-08-28 12:13:00,1,1,71.43,72.0,68.0,73.26,52.19,71.43,1.0,0.0,5.72,45.0,52.34,0.0,0.0,0.0,120.0,52.2,397.93,41.96,0.3,0.3,9.75,88.32,2.62,53.09,69.83,88.63,48.64
2018-08-28 12:14:00,1,1,71.05,72.0,68.0,72.92,52.12,71.05,1.0,0.0,5.72,45.0,52.2,0.0,0.0,0.0,120.0,52.13,397.93,41.96,0.3,0.3,9.75,88.35,2.63,53.62,69.8,88.88,49.25
2018-08-28 12:15:00,1,1,71.61,72.0,68.0,78.7,52.12,71.61,1.0,0.0,5.72,45.0,128.78,0.0,0.0,0.0,120.0,52.12,0.01,0.88,0.3,0.3,0.0,88.37,0.5,62.1,69.78,88.88,48.39
2018-08-28 12:16:00,1,1,72.45,72.0,68.0,76.32,51.76,72.45,1.0,0.0,5.72,45.0,59.9,0.0,0.0,0.0,120.0,51.76,397.93,41.96,0.3,0.3,9.75,88.4,1.73,55.54,69.75,90.21,47.01
2018-08-28 12:17:00,1,1,72.07,72.0,68.0,74.12,52.15,72.07,1.0,0.0,5.72,45.0,53.42,0.0,0.0,0.0,120.0,52.1,397.93,41.96,0.3,0.3,9.75,88.42,2.51,52.62,69.72,88.76,47.57
2018-08-28 12:18:00,1,1,71.59,72.0,68.0,73.44,52.21,71.59,1.0,0.0,5.72,45.0,52.45,0.0,0.0,0.0,120.0,52.21,397.93,41.96,0.3,0.3,9.75,88.44,2.61,52.88,69.7,88.56,48.35
2018-08-28 12:19:00,1,1,71.17,72.0,68.0,73.04,52.15,71.17,1.0,0.0,5.72,45.0,52.24,0.0,0.0,0.0,120.0,52.16,397.93,41.96,0.3,0.3,9.75,88.47,2.63,53.42,69.67,88.78,49.02
2018-08-28 12:20:00,1,1,71.24,72.0,68.0,77.34,52.1,71.24,1.0,0.0,5.72,45.0,208.2,0.0,0.0,0.0,120.0,52.11,0.01,0.88,0.3,0.3,0.0,88.49,0.97,60.44,69.64,88.93,48.92
2018-08-28 12:21:00,1,1,72.37,72.0,68.0,78.34,51.76,72.37,1.0,0.0,5.72,45.0,67.1,0.0,0.0,0.0,120.0,52.12,397.91,41.96,0.3,0.3,9.75,88.51,0.88,59.44,69.6,90.21,47.17
2018-08-28 12:22:00,1,1,72.22,72.0,68.0,74.54,52.06,72.22,1.0,0.0,5.72,45.0,54.4,0.0,0.0,0.0,120.0,51.97,397.93,41.96,0.3,0.3,9.75,88.54,2.39,52.88,69.57,89.1,47.3
2018-08-28 12:23:00,1,1,71.72,72.0,68.0,73.6,52.21,71.72,1.0,0.0,5.72,45.0,52.61,0.0,0.0,0.0,120.0,52.21,397.93,41.96,0.3,0.3,9.75,88.56,2.6,52.71,69.54,88.55,48.09
2018-08-28 12:24:00,1,1,71.27,72.0,68.0,73.14,52.17,71.27,1.0,0.0,5.72,45.0,52.28,0.0,0.0,0.0,120.0,52.18,397.93,41.96,0.3,0.3,9.75,88.58,2.62,53.24,69.5,88.71,48.81
2018-08-28 12:25:00,1,1,71.04,72.0,68.0,75.63,52.1,71.04,1.0,0.0,5.72,45.0,250.0,0.0,0.0,0.0,120.0,52.11,0.01,0.88,0.3,0.3,0.0,88.6,1.59,57.94,69.47,88.94,49.18
2018-08-28 12:26:00,1,1,72.11,72.0,68.0,79.8,52.15,72.11,1.0,0.0,5.72,45.0,81.41,0.0,0.0,0.0,120.0,52.15,0.01,0.88,0.3,0.3,0.0,88.62,0.22,62.63,69.43,88.76,47.55
2018-08-28 12:27:00,1,1,72.3,72.0,68.0,75.01,51.95,72.3,1.0,0.0,5.72,45.0,55.68,0.0,0.0,0.0,120.0,51.86,397.93,41.96,0.3,0.3,9.75,88.64,2.24,53.37,69.4,89.49,47.11
2018-08-28 12:28:00,1,1,71.81,72.0,68.0,73.75,52.2,71.81,1.0,0.0,5.72,45.0,52.8,0.0,0.0,0.0,120.0,52.18,397.93,41.96,0.3,0.3,9.75,88.66,2.57,52.6,69.36,88.59,47.88
2018-08-28 12:29:00,1,1,71.34,72.0,68.0,73.23,52.18,71.34,1.0,0.0,5.72,45.0,52.32,0.0,0.0,0.0,120.0,52.19,397.93,41.96,0.3,0.3,9.75,88.68,2.62,53.09,69.32,88.67,48.64
2018-08-28 12:30:00,1,1,70.98,72.0,68.0,73.96,52.11,70.98,1.0,0.0,5.72,45.0,250.0,0.0,0.0,0.0,120.0,52.12,2.69,1.16,0.3,0.3,0.0,88.7,2.22,55.28,69.28,88.92,49.21
2018-08-28 12:31:00,1,1,71.88,72.0,68.0,79.5,52.14,71.88,1.0,0.0,5.72,45.0,95.78,0.0,0.0,0.0,120.0,52.14,0.01,0.88,0.3,0.3,0.0,88.72,0.3,62.4,69.24,88.8,47.83
2018-08-28 12:32:00,1,1,72.34,72.0,68.0,75.45,51.87,72.34,1.0,0.0,5.72,45.0,56.95,0.0,0.0,0.0,120.0,51.78,397.93,41.96,0.3,0.3,9.75,88.74,2.08,53.92,69.2,89.79,46.99
2018-08-28 12:33:00,1,1,71.87,72.0,68.0,73.87,52.18,71.87,1.0,0.0,5.72,45.0,52.98,0.0,0.0,0.0,120.0,52.15,397.93,41.96,0.3,0.3,9.75,88.76,2.55,52.53,69.16,88.66,47.72
2018-08-28 12:34:00,1,1,71.39,72.0,68.0,73.28,52.18,71.39,1.0,0.0,5.72,45.0,52.35,0.0,0.0,0.0,120.0,52.19,397.93,41.96,0.3,0.3,9.75,88.78,2.62,52.97,69.12,88.65,48.5
2018-08-28 12:35:00,1,1,70.98,72.0,68.0,72.9,52.11,70.98,1.0,0.0,5.72,45.0,52.19,0.0,0.0,0.0,120.0,52.13,397.93,41.96,0.3,0.3,9.75,88.79,2.63,53.52,69.08,88.91,49.15
2018-08-28 12:36:00,1,1,71.76,72.0,68.0,79.34,52.13,71.76,1.0,0.0,5.72,45.0,104.93,0.0,0.0,0.0,120.0,52.14,0.01,0.88,0.3,0.3,0.0,88.81,0.36,62.18,69.04,88.83,47.94
2018-08-28 12:37:00,1,1,72.35,72.0,68.0,75.71,51.83,72.35,1.0,0.0,5.72,45.0,57.76,0.0,0.0,0.0,120.0,51.76,397.93,41.96,0.3,0.3,9.75,88.83,1.98,54.27,69.0,89.95,46.92
2018-08-28 12:38:00,1,1,71.89,72.0,68.0,73.93,52.17,71.89,1.0,0.0,5.72,45.0,53.08,0.0,0.0,0.0,120.0,52.13,397.93,41.96,0.3,0.3,9.75,88.84,2.54,52.48,68.96,88.71,47.62
2018-08-28 12:39:00,1,1,71.4,72.0,68.0,73.3,52.18,71.4,1.0,0.0,5.72,45.0,52.36,0.0,0.0,0.0,120.0,52.19,397.93,41.96,0.3,0.3,9.75,88.86,2.62,52.89,68.91,88.66,48.42
2018-08-28 12:40:00,1,1,70.98,72.0,68.0,72.91,52.11,70.98,1.0,0.0,5.72,45.0,52.19,0.0,0.0,0.0,120.0,52.13,397.93,41.96,0.3,0.3,9.75,88.87,2.63,53.45,68.87,88.91,49.09
2018-08-28 12:41:00,1,1,71.75,72.0,68.0,79.37,52.13,71.75,1.0,0.0,5.72,45.0,104.86,0.0,0.0,0.0,120.0,52.14,0.01,0.88,0.3,0.3,0.0,88.89,0.36,62.07,68.83,88.83,47.89
2018-08-28 12:42:00,1,1,72.33,72.0,68.0,75.71,51.82,72.33,1.0,0.0,5.72,45.0,57.75,0.0,0.0,0.0,120.0,51.76,397.93,41.96,0.3,0.3,9.75,88.9,1.98,54.2,68.78,89.95,46.88
2018-08-28 12:43:00,1,1,71.87,72.0,68.0,73.92,52.16,71.87,1.0,0.0,5.72,45.0,53.07,0.0,0.0,0.0,120.0,52.13,397.93,41.96,0.3,0.3,9.75,88.91,2.54,52.44,68.74,88.73,47.59
2018-08-28 12:44:00,1,1,71.37,72.0,68.0,73.29,52.18,71.37,1.0,0.0,5.72,45.0,52.35,0.0,0.0,0.0,120.0,52.19,397.93,41.96,0.3,0.3,9.75,88.93,2.62,52.85,68.7,88.68,48.4
2018-08-28 12:45:00,1,1,70.98,72.0,68.0,74.0,52.11,70.98,1.0,0.0,5.72,45.0,250.0,0.0,0.0,0.0,120.0,52.12,2.69,1.16,0.3,0.3,0.0,88.94,2.22,55.04,68.65,88.93,49.03
2018-08-28 12:46:00,1,1,71.85,72.0,68.0,79.59,52.14,71.85,1.0,0.0,5.72,45.0,95.61,0.0,0.0,0.0,120.0,52.14,0.01,0.88,0.3,0.3,0.0,88.95,0.3,62.06,68.61,88.81,47.68
2018-08-28 12:47:00,1,1,72.42,72.0,68.0,75.81,51.83,72.42,1.0,0.0,5.72,45.0,56.5,0.0,0.0,0.0,120.0,51.77,397.93,41.96,0.3,0.3,9.75,88.96,1.98,54.03,68.57,89.91,46.69
2018-08-28 12:48:00,1,1,71.93,72.0,68.0,73.98,52.17,71.93,1.0,0.0,5.72,45.0,52.91,0.0,0.0,0.0,120.0,52.14,397.93,41.96,0.3,0.3,9.75,88.97,2.54,52.28,68.52,88.69,47.43
2018-08-28 12:49:00,1,1,71.41,72.0,68.0,73.33,52.18,71.41,1.0,0.0,5.72,45.0,52.33,0.0,0.0,0.0,120.0,52.19,397.93,41.96,0.3,0.3,9.75,88.98,2.62,52.72,68.48,88.65,48.28
2018-08-28 12:50:00,1,1,70.98,72.0,68.0,72.92,52.11,70.98,1.0,0.0,5.72,45.0,52.17,0.0,0.0,0.0,120.0,52.13,397.93,41.96,0.3,0.3,9.75,88.99,2.63,53.31,68.44,88.91,48.98
2018-08-28 12:51:00,1,1,71.73,72.0,68.0,79.41,52.13,71.73,1.0,0.0,5.72,45.0,104.71,0.0,0.0,0.0,120.0,52.13,0.01,0.88,0.3,0.3,0.0,89.0,0.36,61.82,68.39,88.84,47.8
2018-08-28 12:52:00,1,1,72.42,72.0,68.0,76.12,51.79,72.42,1.0,0.0,5.72,45.0,57.22,0.0,0.0,0.0,120.0,51.75,397.93,41.96,0.3,0.3,9.75,89.01,1.86,54.44,68.35,90.07,46.63
2018-08-28 12:53:00,1,1,71.95,72.0,68.0,74.05,52.16,71.95,1.0,0.0,5.72,45.0,53.0,0.0,0.0,0.0,120.0,52.11,397.93,41.96,0.3,0.3,9.75,89.02,2.52,52.23,68.31,88.75,47.34
2018-08-28 12:54:00,1,1,71.43,72.0,68.0,73.35,52.18,71.43,1.0,0.0,5.72,45.0,52.34,0.0,0.0,0.0,120.0,52.19,397.93,41.96,0.3,0.3,9.75,89.03,2.61,52.62,68.27,88.66,48.2
2018-08-28 12:55:00,1,1,70.98,72.0,68.0,72.93,52.11,70.98,1.0,0.0,5.72,45.0,52.17,0.0,0.0,0.0,120.0,52.12,397.93,41.96,0.3,0.3,9.75,89.03,2.63,53.22,68.22,88.92,48.92
2018-08-28 12:56:00,1,1,71.73,72.0,68.0,79.43,52.13,71.73,1.0,0.0,5.72,45.0,104.64,0.0,0.0,0.0,120.0,52.13,0.01,0.88,0.3,0.3,0.0,89.04,0.36,61.69,68.18,88.84,47.75
2018-08-28 12:57:00,1,1,72.41,72.0,68.0,76.12,51.79,72.41,1.0,0.0,5.72,45.0,57.21,0.0,0.0,0.0,120.0,51.75,397.93,41.96,0.3,0.3,9.75,89.04,1.86,54.36,68.14,90.07,46.59
2018-08-28 12:58:00,1,1,71.94,72.0,68.0,74.04,52.15,71.94,1.0,0.0,5.72,45.0,52.99,0.0,0.0,0.0,120.0,52.11,397.93,41.96,0.3,0.3,9.75,89.05,2.52,52.17,68.1,88.77,47.31
2018-08-28 12:59:00,1,1,71.41,72.0,68.0,73.34,52.18,71.41,1.0,0.0,5.72,45.0,52.32,0.0,0.0,0.0,120.0,52.18,397.93,41.96,0.3,0.3,9.75,89.05,2.61,52.58,68.06,88.68,48.17
2018-08-28 13:00:00,1,1,70.99,72.0,68.0,74.03,52.1,70.99,1.0,0.0,5.72,45.0,250.0,0.0,0.0,0.0,120.0,52.12,2.69,1.16,0.3,0.3,0.0,89.06,2.22,54.77,68.02,88.93,48.86
2018-08-28 13:01:00,1,1,71.83,72.0,68.0,79.63,52.13,71.83,1.0,0.0,5.72,45.0,95.42,0.0,0.0,0.0,120.0,52.14,0.01,0.88,0.3,0.3,0.0,89.06,0.3,61.67,67.99,88.83,47.54
2018-08-28 13:02:00,1,1,72.38,72.0,68.0,75.81,51.83,72.38,1.0,0.0,5.72,45.0,56.46,0.0,0.0,0.0,120.0,51.76,397.93,41.96,0.3,0.3,9.75,89.05,1.98,53.8,67.98,89.94,46.57
2018-08-28 13:03:00,1,1,71.89,72.0,68.0,73.95,52.16,71.89,1.0,0.0,5.72,45.0,52.87,0.0,0.0,0.0,120.0,52.12,397.93,41.96,0.3,0.3,9.75,89.04,2.54,52.12,67.96,88.75,47.35
2018-08-28 13:04:00,1,1,71.36,72.0,68.0,73.29,52.17,71.36,1.0,0.0,5.72,45.0,52.29,0.0,0.0,0.0,120.0,52.18,397.93,41.96,0.3,0.3,9.75,89.03,2.62,52.58,67.95,88.72,48.21
2018-08-28 13:05:00,1,1,70.99,72.0,68.0,74.94,52.09,70.99,1.0,0.0,5.72,45.0,250.0,0.0,0.0,0.0,120.0,52.11,0.03,0.88,0.3,0.3,0.0,89.02,1.88,56.09,67.93,88.97,48.82
2018-08-28 13:06:00,1,1,71.93,72.0,68.0,79.78,52.13,71.93,1.0,0.0,5.72,45.0,87.62,0.0,0.0,0.0,120.0,52.14,0.01,0.88,0.3,0.3,0.0,89.01,0.25,61.69,67.92,88.82,47.37
2018-08-28 13:07:00,1,1,72.35,72.0,68.0,75.52,51.86,72.35,1.0,0.0,5.72,45.0,55.82,0.0,0.0,0.0,120.0,51.78,397.93,41.96,0.3,0.3,9.75,89.01,2.08,53.37,67.91,89.82,46.6
2018-08-28 13:08:00,1,1,71.83,72.0,68.0,73.86,52.16,71.83,1.0,0.0,5.72,45.0,52.77,0.0,0.0,0.0,120.0,52.13,397.93,41.96,0.3,0.3,9.75,88.99,2.55,52.1,67.9,88.73,47.41
2018-08-28 13:09:00,1,1,71.31,72.0,68.0,73.24,52.16,71.31,1.0,0.0,5.72,45.0,52.26,0.0,0.0,0.0,120.0,52.17,397.93,41.96,0.3,0.3,9.75,88.98,2.62,52.61,67.88,88.75,48.28
2018-08-28 13:10:00,1,1,71.01,72.0,68.0,75.71,52.09,71.01,1.0,0.0,5.72,45.0,250.0,0.0,0.0,0.0,120.0,52.1,0.01,0.88,0.3,0.3,0.0,88.97,1.59,57.19,67.87,88.99,48.77
2018-08-28 13:11:00,1,1,72.03,72.0,68.0,79.91,52.14,72.03,1.0,0.0,5.72,45.0,81.03,0.0,0.0,0.0,120.0,52.14,0.01,0.88,0.3,0.3,0.0,88.96,0.22,61.69,67.86,88.82,47.22
2018-08-28 13:12:00,1,1,72.31,72.0,68.0,75.26,51.9,72.31,1.0,0.0,5.72,45.0,55.28,0.0,0.0,0.0,120.0,51.81,397.93,41.96,0.3,0.3,9.75,88.95,2.16,53.04,67.85,89.68,46.65
2018-08-28 13:13:00,1,1,71.78,72.0,68.0,73.78,52.16,71.78,1.0,0.0,5.72,45.0,52.68,0.0,0.0,0.0,120.0,52.14,397.93,41.96,0.3,0.3,9.75,88.93,2.56,52.11,67.84,88.72,47.5
2018-08-28 13:14:00,1,1,71.27,72.0,68.0,73.19,52.15,71.27,1.0,0.0,5.72,45.0,52.24,0.0,0.0,0.0,120.0,52.16,397.93,41.96,0.3,0.3,9.75,88.92,2.62,52.65,67.83,88.78,48.35
2018-08-28 13:15:00,1,1,71.06,72.0,68.0,76.37,52.08,71.06,1.0,0.0,5.72,45.0,250.0,0.0,0.0,0.0,120.0,52.09,0.01,0.88,0.3,0.3,0.0,88.91,1.35,58.09,67.82,89.0,48.71
2018-08-28 13:16:00,1,1,72.13,72.0,68.0,80.02,52.14,72.13,1.0,0.0,5.72,45.0,75.48,0.0,0.0,0.0,120.0,52.14,0.01,0.88,0.3,0.3,0.0,88.89,0.18,61.67,67.82,88.81,47.08
2018-08-28 13:17:00,1,1,72.28,72.0,68.0,75.04,51.93,72.28,1.0,0.0,5.72,45.0,54.82,0.0,0.0,0.0,120.0,51.84,397.93,41.96,0.3,0.3,9.75,88.88,2.23,52.77,67.81,89.56,46.73
2018-08-28 13:18:00,1,1,71.74,72.0,68.0,73.71,52.17,71.74,1.0,0.0,5.72,45.0,52.61,0.0,0.0,0.0,120.0,52.15,397.93,41.96,0.3,0.3,9.75,88.86,2.57,52.13,67.8,88.71,47.6
2018-08-28 13:19:00,1,1,71.23,72.0,68.0,73.14,52.14,71.23,1.0,0.0,5.72,45.0,52.22,0.0,0.0,0.0,120.0,52.15,397.93,41.96,0.3,0.3,9.75,88.85,2.62,52.7,67.8,88.81,48.44
2018-08-28 13:20:00,1,1,71.12,72.0,68.0,76.93,52.08,71.12,1.0,0.0,5.72,45.0,235.45,0.0,0.0,0.0,120.0,52.09,0.01,0.88,0.3,0.3,0.0,88.83,1.14,58.83,67.79,89.0,48.64
2018-08-28 13:21:00,1,1,72.24,72.0,68.0,80.11,52.14,72.24,1.0,0.0,5.72,45.0,70.79,0.0,0.0,0.0,120.0,52.14,0.01,0.88,0.3,0.3,0.0,88.82,0.15,61.63,67.78,88.8,46.96
2018-08-28 13:22:00,1,1,72.24,72.0,68.0,74.84,51.97,72.24,1.0,0.0,5.72,45.0,54.43,0.0,0.0,0.0,120.0,51.88,397.93,41.96,0.3,0.3,9.75,88.8,2.29,52.57,67.78,89.43,46.82
2018-08-28 13:23:00,1,1,71.69,72.0,68.0,73.64,52.17,71.69,1.0,0.0,5.72,45.0,52.55,0.0,0.0,0.0,120.0,52.16,397.93,41.96,0.3,0.3,9.75,88.78,2.58,52.16,67.78,88.71,47.7
2018-08-28 13:24:00,1,1,71.2,72.0,68.0,73.1,52.13,71.2,1.0,0.0,5.72,45.0,52.2,0.0,0.0,0.0,120.0,52.14,397.93,41.96,0.3,0.3,9.75,88.76,2.62,52.75,67.77,88.84,48.53
2018-08-28 13:25:00,1,1,71.19,72.0,68.0,77.4,52.08,71.19,1.0,0.0,5.72,45.0,206.14,0.0,0.0,0.0,120.0,52.09,0.01,0.88,0.3,0.3,0.0,88.75,0.97,59.44,67.77,89.0,48.57
2018-08-28 13:26:00,1,1,72.32,72.0,68.0,79.21,51.94,72.32,1.0,0.0,5.72,45.0,66.82,0.0,0.0,0.0,120.0,52.15,395.25,41.69,0.3,0.3,9.75,88.73,0.53,59.9,67.77,89.54,46.86
2018-08-28 13:27:00,1,1,72.2,72.0,68.0,74.67,52.0,72.2,1.0,0.0,5.72,45.0,54.11,0.0,0.0,0.0,120.0,51.91,397.93,41.96,0.3,0.3,9.75,88.71,2.34,52.41,67.76,89.32,46.92
2018-08-28 13:28:00,1,1,71.65,72.0,68.0,73.58,52.17,71.65,1.0,0.0,5.72,45.0,52.49,0.0,0.0,0.0,120.0,52.16,397.93,41.96,0.3,0.3,9.75,88.69,2.59,52.21,67.76,88.71,47.81
2018-08-28 13:29:00,1,1,71.16,72.0,68.0,73.06,52.12,71.16,1.0,0.0,5.72,45.0,52.19,0.0,0.0,0.0,120.0,52.14,397.93,41.96,0.3,0.3,9.75,88.67,2.62,52.81,67.76,88.87,48.62
2018-08-28 13:30:00,1,1,71.27,72.0,68.0,77.8,52.08,71.27,1.0,0.0,5.72,45.0,181.36,0.0,0.0,0.0,120.0,52.09,0.01,0.88,0.3,0.3,0.0,88.65,0.82,59.93,67.76,89.0,48.48
2018-08-28 13:31:00,1,1,72.37,72.0,68.0,78.44,51.74,72.37,1.0,0.0,5.72,45.0,63.47,0.0,0.0,0.0,120.0,52.1,397.91,41.96,0.3,0.3,9.75,88.63,0.86,58.44,67.76,90.28,46.79
2018-08-28 13:32:00,1,1,72.16,72.0,68.0,74.51,52.03,72.16,1.0,0.0,5.72,45.0,53.83,0.0,0.0,0.0,120.0,51.95,397.93,41.96,0.3,0.3,9.75,88.61,2.39,52.3,67.76,89.21,47.02
2018-08-28 13:33:00,1,1,71.61,72.0,68.0,73.52,52.17,71.61,1.0,0.0,5.72,45.0,52.44,0.0,0.0,0.0,120.0,52.16,397.93,41.96,0.3,0.3,9.75,88.59,2.6,52.26,67.76,88.71,47.92
2018-08-28 13:34:00,1,1,71.13,72.0,68.0,73.02,52.11,71.13,1.0,0.0,5.72,45.0,52.17,0.0,0.0,0.0,120.0,52.13,397.93,41.96,0.3,0.3,9.75,88.57,2.62,52.87,67.76,88.9,48.72
2018-08-28 13:35:00,1,1,71.36,72.0,68.0,78.14,52.09,71.36,1.0,0.0,5.72,45.0,160.4,0.0,0.0,0.0,120.0,52.09,0.01,0.88,0.3,0.3,0.0,88.55,0.69,60.32,67.76,88.99,48.39
2018-08-28 13:36:00,1,1,72.41,72.0,68.0,77.78,51.71,72.41,1.0,0.0,5.72,45.0,61.59,0.0,0.0,0.0,120.0,51.98,397.93,41.96,0.3,0.3,9.75,88.53,1.13,57.24,67.77,90.39,46.76
2018-08-28 13:37:00,1,1,72.12,72.0,68.0,74.38,52.05,72.12,1.0,0.0,5.72,45.0,53.59,0.0,0.0,0.0,120.0,51.98,397.93,41.96,0.3,0.3,9.75,88.51,2.42,52.23,67.77,89.12,47.14
2018-08-28 13:38:00,1,1,71.58,72.0,68.0,73.46,52.17,71.58,1.0,0.0,5.72,45.0,52.4,0.0,0.0,0.0,120.0,52.16,397.93,41.96,0.3,0.3,9.75,88.49,2.6,52.32,67.77,88.72,48.03
2018-08-28 13:39:00,1,1,71.1,72.0,68.0,72.98,52.11,71.1,1.0,0.0,5.72,45.0,52.16,0.0,0.0,0.0,120.0,52.12,397.93,41.96,0.3,0.3,9.75,88.47,2.62,52.93,67.78,88.93,48.82
2018-08-28 13:40:00,1,1,71.45,72.0,68.0,78.42,52.09,71.45,1.0,0.0,5.72,45.0,142.67,0.0,0.0,0.0,120.0,52.09,0.01,0.88,0.3,0.3,0.0,88.45,0.59,60.64,67.78,88.99,48.3
2018-08-28 13:41:00,1,1,72.43,72.0,68.0,77.21,51.7,72.43,1.0,0.0,5.72,45.0,60.19,0.0,0.0,0.0,120.0,51.86,397.93,41.96,0.3,0.3,9.75,88.42,1.36,56.25,67.79,90.41,46.76
2018-08-28 13:42:00,1,1,72.08,72.0,68.0,74.25,52.08,72.08,1.0,0.0,5.72,45.0,53.39,0.0,0.0,0.0,120.0,52.01,397.93,41.96,0.3,0.3,9.75,88.4,2.46,52.18,67.79,89.04,47.26
2018-08-28 13:43:00,1,1,71.54,72.0,68.0,73.4,52.16,71.54,1.0,0.0,5.72,45.0,52.37,0.0,0.0,0.0,120.0,52.16,397.93,41.96,0.3,0.3,9.75,88.38,2.6,52.39,67.8,88.73,48.15
2018-08-28 13:44:00,1,1,71.07,72.0,68.0,72.94,52.1,71.07,1.0,0.0,5.72,45.0,52.15,0.0,0.0,0.0,120.0,52.11,397.93,41.96,0.3,0.3,9.75,88.36,2.62,53.0,67.81,88.96,48.92
2018-08-28 13:45:00,1,1,71.43,72.0,68.0,78.36,52.08,71.43,1.0,0.0,5.72,45.0,142.56,0.0,0.0,0.0,120.0,52.08,0.01,0.88,0.3,0.3,0.0,88.33,0.59,60.66,67.81,89.02,48.39
2018-08-28 13:46:00,1,1,72.41,72.0,68.0,77.16,51.69,72.41,1.0,0.0,5.72,45.0,60.18,0.0,0.0,0.0,120.0,51.85,397.93,41.96,0.3,0.3,9.75,88.31,1.36,56.29,67.82,90.44,46.85
2018-08-28 13:47:00,1,1,72.07,72.0,68.0,74.22,52.07,72.07,1.0,0.0,5.72,45.0,53.39,0.0,0.0,0.0,120.0,52.0,397.93,41.96,0.3,0.3,9.75,88.29,2.46,52.23,67.83,89.07,47.34
2018-08-28 13:48:00,1,1,71.52,72.0,68.0,73.38,52.16,71.52,1.0,0.0,5.72,45.0,52.36,0.0,0.0,0.0,120.0,52.16,397.93,41.96,0.3,0.3,9.75,88.27,2.6,52.43,67.84,88.75,48.22
2018-08-28 13:49:00,1,1,71.06,72.0,68.0,72.91,52.09,71.06,1.0,0.0,5.72,45.0,52.14,0.0,0.0,0.0,120.0,52.11,397.93,41.96,0.3,0.3,9.75,88.24,2.62,53.04,67.85,88.97,48.99
2018-08-28 13:50:00,1,1,71.54,72.0,68.0,78.6,52.09,71.54,1.0,0.0,5.72,45.0,127.61,0.0,0.0,0.0,120.0,52.09,0.01,0.88,0.3,0.3,0.0,88.22,0.5,60.9,67.86,88.99,48.27
2018-08-28 13:51:00,1,1,72.44,72.0,68.0,76.68,51.71,72.44,1.0,0.0,5.72,45.0,59.0,0.0,0.0,0.0,120.0,51.77,397.93,41.96,0.3,0.3,9.75,88.2,1.55,55.47,67.87,90.39,46.86
2018-08-28 13:52:00,1,1,72.03,72.0,68.0,74.11,52.09,72.03,1.0,0.0,5.72,45.0,53.22,0.0,0.0,0.0,120.0,52.03,397.93,41.96,0.3,0.3,9.75,88.18,2.48,52.21,67.88,88.99,47.45
2018-08-28 13:53:00,1,1,71.49,72.0,68.0,73.33,52.15,71.49,1.0,0.0,5.72,45.0,52.33,0.0,0.0,0.0,120.0,52.16,397.93,41.96,0.3,0.3,9.75,88.15,2.61,52.5,67.89,88.76,48.33
2018-08-28 13:54:00,1,1,71.03,72.0,68.0,72.88,52.08,71.03,1.0,0.0,5.72,45.0,52.13,0.0,0.0,0.0,120.0,52.1,397.93,41.96,0.3,0.3,9.75,88.13,2.63,53.11,67.91,89.0,49.09
2018-08-28 13:55:00,1,1,71.52,72.0,68.0,78.54,52.08,71.52,1.0,0.0,5.72,45.0,127.53,0.0,0.0,0.0,120.0,52.08,0.01,0.88,0.3,0.3,0.0,88.11,0.5,60.94,67.92,89.02,48.36
2018-08-28 13:56:00,1,1,72.42,72.0,68.0,76.63,51.7,72.42,1.0,0.0,5.72,45.0,58.99,0.0,0.0,0.0,120.0,51.76,397.93,41.96,0.3,0.3,9.75,88.08,1.55,55.52,67.93,90.42,46.95
2018-08-28 13:57:00,1,1,72.02,72.0,68.0,74.08,52.08,72.02,1.0,0.0,5.72,45.0,53.21,0.0,0.0,0.0,120.0,52.03,397.93,41.96,0.3,0.3,9.75,88.06,2.48,52.26,67.95,89.01,47.53
2018-08-28 13:58:00,1,1,71.48,72.0,68.0,73.3,52.15,71.48,1.0,0.0,5.72,45.0,52.33,0.0,0.0,0.0,120.0,52.15,397.93,41.96,0.3,0.3,9.75,88.04,2.61,52.55,67.96,88.78,48.41
2018-08-28 13:59:00,1,1,71.02,72.0,68.0,72.85,52.08,71.02,1.0,0.0,5.72,45.0,52.13,0.0,0.0,0.0,120.0,52.1,397.93,41.96,0.3,0.3,9.75,88.01,2.63,53.16,67.98,89.02,49.16
2018-08-28 14:00:00,1,1,71.63,72.0,68.0,78.74,52.08,71.63,1.0,0.0,5.72,45.0,114.88,0.0,0.0,0.0,120.0,52.09,0.01,0.88,0.3,0.3,0.0,87.99,0.42,61.14,67.99,89.0,48.25
2018-08-28 14:01:00,1,1,72.42,72.0,68.0,76.22,51.72,72.42,1.0,0.0,5.72,45.0,57.98,0.0,0.0,0.0,120.0,51.72,397.93,41.96,0.3,0.3,9.75,87.97,1.72,54.86,68.02,90.33,46.98
2018-08-28 14:02:00,1,1,71.98,72.0,68.0,73.98,52.1,71.98,1.0,0.0,5.72,45.0,53.07,0.0,0.0,0.0,120.0,52.05,397.93,41.96,0.3,0.3,9.75,87.95,2.5,52.26,68.05,88.95,47.65
2018-08-28 14:03:00,1,1,71.44,72.0,68.0,73.25,52.14,71.44,1.0,0.0,5.72,45.0,52.3,0.0,0.0,0.0,120.0,52.15,397.93,41.96,0.3,0.3,9.75,87.93,2.61,52.63,68.08,88.79,48.52
2018-08-28 14:04:00,1,1,70.98,72.0,68.0,72.81,52.07,70.98,1.0,0.0,5.72,45.0,52.12,0.0,0.0,0.0,120.0,52.09,397.93,41.96,0.3,0.3,9.75,87.91,2.63,53.25,68.12,89.05,49.26
2018-08-28 14:05:00,1,1,71.72,72.0,68.0,78.9,52.09,71.72,1.0,0.0,5.72,45.0,104.15,0.0,0.0,0.0,120.0,52.09,0.01,0.88,0.3,0.3,0.0,87.89,0.36,61.37,68.15,88.99,48.16
2018-08-28 14:06:00,1,1,72.39,72.0,68.0,75.85,51.75,72.39,1.0,0.0,5.72,45.0,57.12,0.0,0.0,0.0,120.0,51.71,397.93,41.96,0.3,0.3,9.75,87.86,1.86,54.37,68.19,90.22,47.06
2018-08-28 14:07:00,1,1,71.91,72.0,68.0,73.87,52.11,71.91,1.0,0.0,5.72,45.0,52.94,0.0,0.0,0.0,120.0,52.07,397.93,41.96,0.3,0.3,9.75,87.84,2.52,52.32,68.22,88.91,47.79
2018-08-28 14:08:00,1,1,71.38,72.0,68.0,73.17,52.13,71.38,1.0,0.0,5.72,45.0,52.27,0.0,0.0,0.0,120.0,52.14,397.93,41.96,0.3,0.3,9.75,87.82,2.61,52.75,68.26,88.83,48.66
2018-08-28 14:09:00,1,1,71.0,72.0,68.0,74.67,52.06,71.0,1.0,0.0,5.72,45.0,250.0,0.0,0.0,0.0,120.0,52.07,0.03,0.88,0.3,0.3,0.0,87.8,1.88,56.19,68.29,89.08,49.28
2018-08-28 14:10:00,1,1,71.92,72.0,68.0,79.21,52.1,71.92,1.0,0.0,5.72,45.0,87.39,0.0,0.0,0.0,120.0,52.1,0.01,0.88,0.3,0.3,0.0,87.78,0.25,61.64,68.33,88.95,47.89
2018-08-28 14:11:00,1,1,72.33,72.0,68.0,75.27,51.83,72.33,1.0,0.0,5.72,45.0,55.77,0.0,0.0,0.0,120.0,51.74,397.93,41.96,0.3,0.3,9.75,87.76,2.08,53.6,68.37,89.94,47.17
2018-08-28 14:12:00,1,1,71.81,72.0,68.0,73.69,52.13,71.81,1.0,0.0,5.72,45.0,52.73,0.0,0.0,0.0,120.0,52.1,397.93,41.96,0.3,0.3,9.75,87.74,2.55,52.39,68.4,88.85,47.99
2018-08-28 14:13:00,1,1,71.27,72.0,68.0,73.06,52.12,71.27,1.0,0.0,5.72,45.0,52.23,0.0,0.0,0.0,120.0,52.13,397.93,41.96,0.3,0.3,9.75,87.72,2.62,52.91,68.44,88.88,48.84
2018-08-28 14:14:00,1,1,71.05,72.0,68.0,76.0,52.05,71.05,1.0,0.0,5.72,45.0,250.0,0.0,0.0,0.0,120.0,52.06,0.01,0.88,0.3,0.3,0.0,87.7,1.35,58.29,68.48,89.11,49.22
2018-08-28 14:15:00,1,1,72.1,72.0,68.0,79.44,52.1,72.1,1.0,0.0,5.72,45.0,75.35,0.0,0.0,0.0,120.0,52.1,0.01,0.88,0.3,0.3,0.0,87.68,0.18,61.83,68.52,88.93,47.66
2018-08-28 14:16:00,1,1,72.23,72.0,68.0,74.8,51.9,72.23,1.0,0.0,5.72,45.0,54.78,0.0,0.0,0.0,120.0,51.81,397.93,41.96,0.3,0.3,9.75,87.66,2.23,53.13,68.55,89.68,47.34
2018-08-28 14:17:00,1,1,71.68,72.0,68.0,73.51,52.13,71.68,1.0,0.0,5.72,45.0,52.58,0.0,0.0,0.0,120.0,52.11,397.93,41.96,0.3,0.3,9.75,87.65,2.57,52.52,68.59,88.85,48.2
2018-08-28 14:18:00,1,1,71.16,72.0,68.0,72.94,52.1,71.16,1.0,0.0,5.72,45.0,52.18,0.0,0.0,0.0,120.0,52.11,397.93,41.96,0.3,0.3,9.75,87.63,2.62,53.1,68.63,88.96,49.04
2018-08-28 14:19:00,1,1,71.23,72.0,68.0,77.39,52.06,71.23,1.0,0.0,5.72,45.0,180.93,0.0,0.0,0.0,120.0,52.06,0.01,0.88,0.3,0.3,0.0,87.61,0.82,60.25,68.67,89.1,48.94
2018-08-28 14:20:00,1,1,72.31,72.0,68.0,78.01,51.71,72.31,1.0,0.0,5.72,45.0,63.41,0.0,0.0,0.0,120.0,52.07,397.91,41.96,0.3,0.3,9.75,87.59,0.86,58.82,68.71,90.39,47.32
2018-08-28 14:21:00,1,1,72.08,72.0,68.0,74.29,51.99,72.08,1.0,0.0,5.72,45.0,53.8,0.0,0.0,0.0,120.0,51.91,397.93,41.96,0.3,0.3,9.75,87.57,2.39,52.72,68.75,89.34,47.57
2018-08-28 14:22:00,1,1,71.51,72.0,68.0,73.31,52.13,71.51,1.0,0.0,5.72,45.0,52.41,0.0,0.0,0.0,120.0,52.12,397.93,41.96,0.3,0.3,9.75,87.55,2.6,52.69,68.79,88.85,48.48
2018-08-28 14:23:00,1,1,71.01,72.0,68.0,72.8,52.07,71.01,1.0,0.0,5.72,45.0,52.13,0.0,0.0,0.0,120.0,52.08,397.93,41.96,0.3,0.3,9.75,87.53,2.62,53.32,68.82,89.06,49.28
2018-08-28 14:24:00,1,1,71.58,72.0,68.0,78.51,52.07,71.58,1.0,0.0,5.72,45.0,114.78,0.0,0.0,0.0,120.0,52.07,0.01,0.88,0.3,0.3,0.0,87.52,0.42,61.55,68.86,89.05,48.43
2018-08-28 14:25:00,1,1,72.34,72.0,68.0,76.04,51.7,72.34,1.0,0.0,5.72,45.0,57.95,0.0,0.0,0.0,120.0,51.71,397.93,41.96,0.3,0.3,9.75,87.5,1.72,55.19,68.9,90.4,47.21
2018-08-28 14:26:00,1,1,71.87,72.0,68.0,73.83,52.07,71.87,1.0,0.0,5.72,45.0,53.04,0.0,0.0,0.0,120.0,52.02,397.93,41.96,0.3,0.3,9.75,87.48,2.5,52.56,68.94,89.05,47.91
2018-08-28 14:27:00,1,1,71.31,72.0,68.0,73.08,52.11,71.31,1.0,0.0,5.72,45.0,52.27,0.0,0.0,0.0,120.0,52.12,397.93,41.96,0.3,0.3,9.75,87.46,2.61,52.94,68.98,88.92,48.81
2018-08-28 14:28:00,1,1,71.05,72.0,68.0,75.93,52.05,71.05,1.0,0.0,5.72,45.0,250.0,0.0,0.0,0.0,120.0,52.06,0.01,0.88,0.3,0.3,0.0,87.45,1.35,58.44,69.02,89.13,49.24
2018-08-28 14:29:00,1,1,72.07,72.0,68.0,79.3,52.1,72.07,1.0,0.0,5.72,45.0,75.33,0.0,0.0,0.0,120.0,52.1,0.01,0.88,0.3,0.3,0.0,87.43,0.18,62.09,69.06,88.95,47.72
2018-08-28 14:30:00,1,1,72.31,72.0,68.0,75.0,51.86,72.31,1.0,0.0,5.72,45.0,54.49,0.0,0.0,0.0,120.0,51.77,397.93,41.96,0.3,0.3,9.75,87.41,2.16,53.43,69.09,89.81,47.25
2018-08-28 14:31:00,1,1,71.73,72.0,68.0,73.56,52.12,71.73,1.0,0.0,5.72,45.0,52.54,0.0,0.0,0.0,120.0,52.1,397.93,41.96,0.3,0.3,9.75,87.4,2.56,52.55,69.13,88.87,48.15
2018-08-28 14:32:00,1,1,71.18,72.0,68.0,72.94,52.09,71.18,1.0,0.0,5.72,45.0,52.18,0.0,0.0,0.0,120.0,52.11,397.93,41.96,0.3,0.3,9.75,87.38,2.62,53.14,69.17,88.97,49.04
2018-08-28 14:33:00,1,1,71.22,72.0,68.0,77.29,52.05,71.22,1.0,0.0,5.72,45.0,180.82,0.0,0.0,0.0,120.0,52.06,0.01,0.88,0.3,0.3,0.0,87.37,0.82,60.46,69.21,89.12,48.99
2018-08-28 14:34:00,1,1,72.32,72.0,68.0,78.68,51.91,72.32,1.0,0.0,5.72,45.0,63.39,0.0,0.0,0.0,120.0,52.12,395.25,41.69,0.3,0.3,9.75,87.35,0.51,60.47,69.24,89.65,47.36
2018-08-28 14:35:00,1,1,72.15,72.0,68.0,74.42,51.96,72.15,1.0,0.0,5.72,45.0,53.62,0.0,0.0,0.0,120.0,51.88,397.93,41.96,0.3,0.3,9.75,87.34,2.34,52.9,69.28,89.44,47.5
2018-08-28 14:36:00,1,1,71.55,72.0,68.0,73.33,52.12,71.55,1.0,0.0,5.72,45.0,52.39,0.0,0.0,0.0,120.0,52.12,397.93,41.96,0.3,0.3,9.75,87.32,2.59,52.73,69.32,88.87,48.45
2018-08-28 14:37:00,1,1,71.02,72.0,68.0,72.78,52.06,71.02,1.0,0.0,5.72,45.0,52.13,0.0,0.0,0.0,120.0,52.08,397.93,41.96,0.3,0.3,9.75,87.31,2.62,53.38,69.35,89.07,49.3
2018-08-28 14:38:00,1,1,71.55,72.0,68.0,78.4,52.07,71.55,1.0,0.0,5.72,45.0,114.73,0.0,0.0,0.0,120.0,52.07,0.01,0.88,0.3,0.3,0.0,87.29,0.42,61.8,69.39,89.06,48.5
2018-08-28 14:39:00,1,1,72.4,72.0,68.0,76.42,51.68,72.4,1.0,0.0,5.72,45.0,57.25,0.0,0.0,0.0,120.0,51.75,397.93,41.96,0.3,0.3,9.75,87.28,1.54,56.0,69.42,90.47,47.18
2018-08-28 14:40:00,1,1,71.93,72.0,68.0,73.91,52.06,71.93,1.0,0.0,5.72,45.0,52.95,0.0,0.0,0.0,120.0,52.0,397.93,41.96,0.3,0.3,9.75,87.27,2.48,52.65,69.46,89.11,47.85
2018-08-28 14:41:00,1,1,71.33,72.0,68.0,73.09,52.11,71.33,1.0,0.0,5.72,45.0,52.26,0.0,0.0,0.0,120.0,52.11,397.93,41.96,0.3,0.3,9.75,87.25,2.61,52.99,69.49,88.92,48.8
2018-08-28 14:42:00,1,1,71.04,72.0,68.0,75.87,52.05,71.04,1.0,0.0,5.72,45.0,250.0,0.0,0.0,0.0,120.0,52.05,0.01,0.88,0.3,0.3,0.0,87.24,1.35,58.61,69.52,89.14,49.28
2018-08-28 14:43:00,1,1,72.03,72.0,68.0,79.19,52.09,72.03,1.0,0.0,5.72,45.0,75.31,0.0,0.0,0.0,120.0,52.1,0.01,0.88,0.3,0.3,0.0,87.23,0.18,62.35,69.56,88.97,47.8
2018-08-28 14:44:00,1,1,72.25,72.0,68.0,74.91,51.85,72.25,1.0,0.0,5.72,45.0,54.47,0.0,0.0,0.0,120.0,51.76,397.93,41.96,0.3,0.3,9.75,87.22,2.16,53.6,69.59,89.85,47.36
2018-08-28 14:45:00,1,1,71.65,72.0,68.0,73.46,52.1,71.65,1.0,0.0,5.72,45.0,52.52,0.0,0.0,0.0,120.0,52.08,397.93,41.96,0.3,0.3,9.75,87.2,2.56,52.72,69.62,88.94,48.29
2018-08-28 14:46:00,1,1,71.08,72.0,68.0,72.83,52.07,71.08,1.0,0.0,5.72,45.0,52.15,0.0,0.0,0.0,120.0,52.09,397.93,41.96,0.3,0.3,9.75,87.19,2.62,53.33,69.65,89.05,49.2
2018-08-28 14:47:00,1,1,71.46,72.0,68.0,78.12,52.06,71.46,1.0,0.0,5.72,45.0,127.37,0.0,0.0,0.0,120.0,52.07,0.01,0.88,0.3,0.3,0.0,87.18,0.5,61.7,69.68,89.08,48.63
2018-08-28 14:48:00,1,1,72.38,72.0,68.0,76.82,51.67,72.38,1.0,0.0,5.72,45.0,58.11,0.0,0.0,0.0,120.0,51.83,397.93,41.96,0.3,0.3,9.75,87.17,1.35,56.96,69.71,90.52,47.22
2018-08-28 14:49:00,1,1,71.94,72.0,68.0,73.96,52.03,71.94,1.0,0.0,5.72,45.0,53.08,0.0,0.0,0.0,120.0,51.97,397.93,41.96,0.3,0.3,9.75,87.16,2.45,52.77,69.74,89.21,47.83
2018-08-28 14:50:00,1,1,71.33,72.0,68.0,73.08,52.1,71.33,1.0,0.0,5.72,45.0,52.27,0.0,0.0,0.0,120.0,52.1,397.93,41.96,0.3,0.3,9.75,87.15,2.6,53.03,69.76,88.95,48.8
2018-08-28 14:51:00,1,1,71.01,72.0,68.0,75.82,52.04,71.01,1.0,0.0,5.72,45.0,250.0,0.0,0.0,0.0,120.0,52.05,0.01,0.88,0.3,0.3,0.0,87.14,1.35,58.71,69.79,89.16,49.32
2018-08-28 14:52:00,1,1,71.99,72.0,68.0,79.12,52.09,71.99,1.0,0.0,5.72,45.0,75.28,0.0,0.0,0.0,120.0,52.09,0.01,0.88,0.3,0.3,0.0,87.14,0.18,62.51,69.82,88.99,47.86
2018-08-28 14:53:00,1,1,72.19,72.0,68.0,74.85,51.84,72.19,1.0,0.0,5.72,45.0,54.46,0.0,0.0,0.0,120.0,51.75,397.93,41.96,0.3,0.3,9.75,87.13,2.16,53.71,69.84,89.89,47.44
2018-08-28 14:54:00,1,1,71.59,72.0,68.0,73.4,52.09,71.59,1.0,0.0,5.72,45.0,52.51,0.0,0.0,0.0,120.0,52.07,397.93,41.96,0.3,0.3,9.75,87.12,2.56,52.83,69.87,88.99,48.38
2018-08-28 14:55:00,1,1,71.01,72.0,68.0,72.76,52.05,71.01,1.0,0.0,5.72,45.0,52.14,0.0,0.0,0.0,120.0,52.07,397.93,41.96,0.3,0.3,9.75,87.11,2.62,53.45,69.89,89.11,49.31
2018-08-28 14:56:00,1,1,71.51,72.0,68.0,78.29,52.06,71.51,1.0,0.0,5.72,45.0,114.63,0.0,0.0,0.0,120.0,52.06,0.01,0.88,0.3,0.3,0.0,87.11,0.42,62.07,69.91,89.09,48.57
2018-08-28 14:57:00,1,1,72.41,72.0,68.0,76.84,51.67,72.41,1.0,0.0,5.72,45.0,56.39,0.0,0.0,0.0,120.0,51.83,397.93,41.96,0.3,0.3,9.75,87.1,1.34,57.02,69.93,90.52,47.17
2018-08-28 14:58:00,1,1,71.95,72.0,68.0,73.97,52.03,71.95,1.0,0.0,5.72,45.0,52.84,0.0,0.0,0.0,120.0,51.97,397.93,41.96,0.3,0.3,9.75,87.09,2.45,52.79,69.95,89.21,47.81
2018-08-28 14:59:00,1,1,71.32,72.0,68.0,73.06,52.1,71.32,1.0,0.0,5.72,45.0,52.24,0.0,0.0,0.0,120.0,52.1,397.93,41.96,0.3,0.3,9.75,87.09,2.6,53.08,69.97,88.96,48.82
2018-08-28 15:00:00,1,1,71.07,72.0,68.0,76.34,52.04,71.07,1.0,0.0,5.72,45.0,234.37,0.0,0.0,0.0,120.0,52.05,0.01,0.88,0.3,0.3,0.0,87.08,1.14,59.57,69.99,89.15,49.23
2018-08-28 15:01:00,1,1,72.08,72.0,68.0,79.21,52.1,72.08,1.0,0.0,5.72,45.0,70.64,0.0,0.0,0.0,120.0,52.1,0.01,0.88,0.3,0.3,0.0,87.09,0.15,62.62,69.98,88.96,47.75
2018-08-28 15:02:00,1,1,72.12,72.0,68.0,74.61,51.87,72.12,1.0,0.0,5.72,45.0,54.12,0.0,0.0,0.0,120.0,51.79,397.93,41.96,0.3,0.3,9.75,87.1,2.23,53.53,69.96,89.77,47.55
2018-08-28 15:03:00,1,1,71.49,72.0,68.0,73.29,52.08,71.49,1.0,0.0,5.72,45.0,52.45,0.0,0.0,0.0,120.0,52.07,397.93,41.96,0.3,0.3,9.75,87.11,2.57,52.94,69.94,89.0,48.54
2018-08-28 15:04:00,1,1,70.98,72.0,68.0,74.53,52.04,70.98,1.0,0.0,5.72,45.0,250.0,0.0,0.0,0.0,120.0,52.05,0.03,0.88,0.3,0.3,0.0,87.12,1.88,56.57,69.91,89.15,49.36
2018-08-28 15:05:00,1,1,71.79,72.0,68.0,78.85,52.08,71.79,1.0,0.0,5.72,45.0,87.28,0.0,0.0,0.0,120.0,52.08,0.01,0.88,0.3,0.3,0.0,87.13,0.25,62.46,69.88,89.01,48.15
2018-08-28 15:06:00,1,1,72.35,72.0,68.0,75.68,51.74,72.35,1.0,0.0,5.72,45.0,54.82,0.0,0.0,0.0,120.0,51.7,397.93,41.96,0.3,0.3,9.75,87.14,1.84,54.87,69.86,90.27,47.22
2018-08-28 15:07:00,1,1,71.76,72.0,68.0,73.65,52.07,71.76,1.0,0.0,5.72,45.0,52.59,0.0,0.0,0.0,120.0,52.04,397.93,41.96,0.3,0.3,9.75,87.16,2.52,52.77,69.83,89.04,48.11
2018-08-28 15:08:00,1,1,71.13,72.0,68.0,72.89,52.07,71.13,1.0,0.0,5.72,45.0,52.17,0.0,0.0,0.0,120.0,52.09,397.93,41.96,0.3,0.3,9.75,87.17,2.61,53.3,69.8,89.04,49.13
2018-08-28 15:09:00,1,1,71.34,72.0,68.0,77.85,52.06,71.34,1.0,0.0,5.72,45.0,142.27,0.0,0.0,0.0,120.0,52.06,0.01,0.88,0.3,0.3,0.0,87.18,0.58,61.52,69.77,89.1,48.83
2018-08-28 15:10:00,1,1,72.35,72.0,68.0,77.96,51.72,72.35,1.0,0.0,5.72,45.0,58.17,0.0,0.0,0.0,120.0,52.08,397.91,41.96,0.3,0.3,9.75,87.2,0.82,59.3,69.74,90.37,47.32
2018-08-28 15:11:00,1,1,72.01,72.0,68.0,74.19,51.98,72.01,1.0,0.0,5.72,45.0,53.08,0.0,0.0,0.0,120.0,51.9,397.93,41.96,0.3,0.3,9.75,87.21,2.38,53.0,69.7,89.39,47.73
2018-08-28 15:12:00,1,1,71.36,72.0,68.0,73.13,52.09,71.36,1.0,0.0,5.72,45.0,52.28,0.0,0.0,0.0,120.0,52.09,397.93,41.96,0.3,0.3,9.75,87.22,2.59,53.05,69.67,88.97,48.77
2018-08-28 15:13:00,1,1,70.99,72.0,68.0,75.84,52.04,70.99,1.0,0.0,5.72,45.0,250.0,0.0,0.0,0.0,120.0,52.05,0.01,0.88,0.3,0.3,0.0,87.24,1.34,58.72,69.64,89.16,49.37
2018-08-28 15:14:00,1,1,71.92,72.0,68.0,79.15,52.09,71.92,1.0,0.0,5.72,45.0,75.28,0.0,0.0,0.0,120.0,52.09,0.01,0.88,0.3,0.3,0.0,87.25,0.18,62.51,69.6,88.98,47.98
2018-08-28 15:15:00,1,1,72.22,72.0,68.0,75.1,51.81,72.22,1.0,0.0,5.72,45.0,54.11,0.0,0.0,0.0,120.0,51.73,397.93,41.96,0.3,0.3,9.75,87.27,2.07,54.05,69.57,90.02,47.43
2018-08-28 15:16:00,1,1,71.59,72.0,68.0,73.44,52.08,71.59,1.0,0.0,5.72,45.0,52.47,0.0,0.0,0.0,120.0,52.06,397.93,41.96,0.3,0.3,9.75,87.29,2.55,52.88,69.53,89.02,48.41
2018-08-28 15:17:00,1,1,70.97,72.0,68.0,72.74,52.05,70.97,1.0,0.0,5.72,45.0,52.13,0.0,0.0,0.0,120.0,52.07,397.93,41.96,0.3,0.3,9.75,87.3,2.62,53.51,69.5,89.12,49.4
2018-08-28 15:18:00,1,1,71.55,72.0,68.0,78.57,52.07,71.55,1.0,0.0,5.72,45.0,103.99,0.0,0.0,0.0,120.0,52.07,0.01,0.88,0.3,0.3,0.0,87.32,0.35,62.13,69.46,89.06,48.52
2018-08-28 15:19:00,1,1,72.33,72.0,68.0,76.4,51.68,72.33,1.0,0.0,5.72,45.0,55.79,0.0,0.0,0.0,120.0,51.75,397.93,41.96,0.3,0.3,9.75,87.33,1.53,56.17,69.42,90.48,47.31
2018-08-28 15:20:00,1,1,71.79,72.0,68.0,73.8,52.04,71.79,1.0,0.0,5.72,45.0,52.74,0.0,0.0,0.0,120.0,51.99,397.93,41.96,0.3,0.3,9.75,87.35,2.48,52.88,69.39,89.18,48.09
2018-08-28 15:21:00,1,1,71.14,72.0,68.0,72.93,52.07,71.14,1.0,0.0,5.72,45.0,52.2,0.0,0.0,0.0,120.0,52.08,397.93,41.96,0.3,0.3,9.75,87.37,2.61,53.29,69.35,89.04,49.13
2018-08-28 15:22:00,1,1,71.32,72.0,68.0,77.92,52.06,71.32,1.0,0.0,5.72,45.0,142.36,0.0,0.0,0.0,120.0,52.06,0.01,0.88,0.3,0.3,0.0,87.38,0.58,61.38,69.31,89.08,48.88
2018-08-28 15:23:00,1,1,72.31,72.0,68.0,78.01,51.72,72.31,1.0,0.0,5.72,45.0,58.19,0.0,0.0,0.0,120.0,52.08,397.91,41.96,0.3,0.3,9.75,87.4,0.82,59.21,69.27,90.36,47.4
2018-08-28 15:24:00,1,1,71.96,72.0,68.0,74.17,51.98,71.96,1.0,0.0,5.72,45.0,53.08,0.0,0.0,0.0,120.0,51.9,397.93,41.96,0.3,0.3,9.75,87.42,2.38,53.04,69.23,89.4,47.84
2018-08-28 15:25:00,1,1,71.29,72.0,68.0,73.09,52.09,71.29,1.0,0.0,5.72,45.0,52.28,0.0,0.0,0.0,120.0,52.09,397.93,41.96,0.3,0.3,9.75,87.43,2.59,53.13,69.2,88.99,48.9
2018-08-28 15:26:00,1,1,71.1,72.0,68.0,76.91,52.05,71.1,1.0,0.0,5.72,45.0,205.5,0.0,0.0,0.0,120.0,52.06,0.01,0.88,0.3,0.3,0.0,87.45,0.96,60.03,69.16,89.12,49.22
2018-08-28 15:27:00,1,1,72.09,72.0,68.0,79.46,52.11,72.09,1.0,0.0,5.72,45.0,66.73,0.0,0.0,0.0,120.0,52.11,0.01,0.88,0.3,0.3,0.0,87.47,0.13,62.36,69.12,88.91,47.76
2018-08-28 15:28:00,1,1,72.09,72.0,68.0,74.66,51.88,72.09,1.0,0.0,5.72,45.0,53.6,0.0,0.0,0.0,120.0,51.79,397.93,41.96,0.3,0.3,9.75,87.49,2.23,53.51,69.08,89.74,47.64
2018-08-28 15:29:00,1,1,71.42,72.0,68.0,73.27,52.09,71.42,1.0,0.0,5.72,45.0,52.38,0.0,0.0,0.0,120.0,52.07,397.93,41.96,0.3,0.3,9.75,87.5,2.57,53.01,69.04,89.0,48.69
2018-08-28 15:30:00,1,1,70.94,72.0,68.0,75.3,52.04,70.94,1.0,0.0,5.72,45.0,250.0,0.0,0.0,0.0,120.0,52.05,0.01,0.88,0.3,0.3,0.0,87.52,1.59,57.65,69.0,89.15,49.47
2018-08-28 15:31:00,1,1,71.78,72.0,68.0,79.13,52.09,71.78,1.0,0.0,5.72,45.0,80.8,0.0,0.0,0.0,120.0,52.09,0.01,0.88,0.3,0.3,0.0,87.54,0.21,62.27,68.96,88.99,48.21
2018-08-28 15:32:00,1,1,72.31,72.0,68.0,75.75,51.74,72.31,1.0,0.0,5.72,45.0,53.95,0.0,0.0,0.0,120.0,51.71,397.93,41.96,0.3,0.3,9.75,87.56,1.84,54.82,68.92,90.25,47.35
2018-08-28 15:33:00,1,1,71.68,72.0,68.0,73.63,52.07,71.68,1.0,0.0,5.72,45.0,52.48,0.0,0.0,0.0,120.0,52.04,397.93,41.96,0.3,0.3,9.75,87.57,2.52,52.85,68.88,89.05,48.29
2018-08-28 15:34:00,1,1,71.02,72.0,68.0,72.83,52.07,71.02,1.0,0.0,5.72,45.0,52.15,0.0,0.0,0.0,120.0,52.08,397.93,41.96,0.3,0.3,9.75,87.59,2.61,53.44,68.85,89.06,49.36
2018-08-28 15:35:00,1,1,71.44,72.0,68.0,78.49,52.07,71.44,1.0,0.0,5.72,45.0,114.8,0.0,0.0,0.0,120.0,52.07,0.01,0.88,0.3,0.3,0.0,87.61,0.42,61.75,68.81,89.04,48.73
2018-08-28 15:36:00,1,1,72.37,72.0,68.0,77.53,51.7,72.37,1.0,0.0,5.72,45.0,55.41,0.0,0.0,0.0,120.0,51.97,397.93,41.96,0.3,0.3,9.75,87.63,1.09,57.87,68.77,90.44,47.34
2018-08-28 15:37:00,1,1,71.91,72.0,68.0,74.08,52.01,71.91,1.0,0.0,5.72,45.0,52.73,0.0,0.0,0.0,120.0,51.94,397.93,41.96,0.3,0.3,9.75,87.64,2.42,52.94,68.73,89.28,47.95
2018-08-28 15:38:00,1,1,71.22,72.0,68.0,73.05,52.09,71.22,1.0,0.0,5.72,45.0,52.23,0.0,0.0,0.0,120.0,52.09,397.93,41.96,0.3,0.3,9.75,87.66,2.6,53.2,68.69,88.98,49.05
2018-08-28 15:39:00,1,1,71.12,72.0,68.0,77.37,52.06,71.12,1.0,0.0,5.72,45.0,180.94,0.0,0.0,0.0,120.0,52.06,0.01,0.88,0.3,0.3,0.0,87.68,0.81,60.45,68.66,89.1,49.22
2018-08-28 15:40:00,1,1,72.13,72.0,68.0,79.64,52.12,72.13,1.0,0.0,5.72,45.0,63.41,0.0,0.0,0.0,120.0,52.12,0.01,0.88,0.3,0.3,0.0,87.69,0.11,62.21,68.62,88.88,47.75
2018-08-28 15:41:00,1,1,72.11,72.0,68.0,74.72,51.89,72.11,1.0,0.0,5.72,45.0,53.16,0.0,0.0,0.0,120.0,51.8,397.93,41.96,0.3,0.3,9.75,87.71,2.22,53.47,68.58,89.7,47.67
2018-08-28 15:42:00,1,1,71.41,72.0,68.0,73.29,52.09,71.41,1.0,0.0,5.72,45.0,52.32,0.0,0.0,0.0,120.0,52.08,397.93,41.96,0.3,0.3,9.75,87.73,2.57,53.02,68.55,88.98,48.75
2018-08-28 15:43:00,1,1,70.99,72.0,68.0,76.01,52.05,70.99,1.0,0.0,5.72,45.0,250.0,0.0,0.0,0.0,120.0,52.06,0.01,0.88,0.3,0.3,0.0,87.74,1.34,58.48,68.51,89.1,49.44
2018-08-28 15:44:00,1,1,71.87,72.0,68.0,79.36,52.11,71.87,1.0,0.0,5.72,45.0,75.37,0.0,0.0,0.0,120.0,52.11,0.01,0.88,0.3,0.3,0.0,87.76,0.18,62.13,68.48,88.92,48.14
2018-08-28 15:45:00,1,1,72.25,72.0,68.0,75.46,51.78,72.25,1.0,0.0,5.72,45.0,53.71,0.0,0.0,0.0,120.0,51.72,397.93,41.96,0.3,0.3,9.75,87.78,1.96,54.35,68.44,90.1,47.48
2018-08-28 15:46:00,1,1,71.58,72.0,68.0,73.53,52.08,71.58,1.0,0.0,5.72,45.0,52.43,0.0,0.0,0.0,120.0,52.05,397.93,41.96,0.3,0.3,9.75,87.79,2.54,52.92,68.41,89.02,48.49
2018-08-28 15:47:00,1,1,70.94,72.0,68.0,73.81,52.06,70.94,1.0,0.0,5.72,45.0,250.0,0.0,0.0,0.0,120.0,52.07,2.69,1.16,0.3,0.3,0.0,87.81,2.21,55.1,68.37,89.09,49.52
2018-08-28 15:48:00,1,1,71.59,72.0,68.0,78.95,52.09,71.59,1.0,0.0,5.72,45.0,95.07,0.0,0.0,0.0,120.0,52.09,0.01,0.88,0.3,0.3,0.0,87.82,0.3,61.9,68.34,88.99,48.56
2018-08-28 15:49:00,1,1,72.32,72.0,68.0,76.55,51.7,72.32,1.0,0.0,5.72,45.0,54.59,0.0,0.0,0.0,120.0,51.77,397.93,41.96,0.3,0.3,9.75,87.84,1.53,56.02,68.31,90.42,47.41
2018-08-28 15:50:00,1,1,71.74,72.0,68.0,73.81,52.04,71.74,1.0,0.0,5.72,45.0,52.59,0.0,0.0,0.0,120.0,51.99,397.93,41.96,0.3,0.3,9.75,87.85,2.48,52.93,68.28,89.15,48.26
2018-08-28 15:51:00,1,1,71.05,72.0,68.0,72.9,52.07,71.05,1.0,0.0,5.72,45.0,52.18,0.0,0.0,0.0,120.0,52.08,397.93,41.96,0.3,0.3,9.75,87.87,2.61,53.41,68.25,89.04,49.36
2018-08-28 15:52:00,1,1,71.44,72.0,68.0,78.6,52.08,71.44,1.0,0.0,5.72,45.0,114.95,0.0,0.0,0.0,120.0,52.09,0.01,0.88,0.3,0.3,0.0,87.88,0.42,61.54,68.22,89.0,48.79
2018-08-28 15:53:00,1,1,72.33,72.0,68.0,77.59,51.71,72.33,1.0,0.0,5.72,45.0,55.43,0.0,0.0,0.0,120.0,51.99,397.93,41.96,0.3,0.3,9.75,87.89,1.09,57.77,68.19,90.41,47.43
2018-08-28 15:54:00,1,1,71.86,72.0,68.0,74.07,52.01,71.86,1.0,0.0,5.72,45.0,52.73,0.0,0.0,0.0,120.0,51.94,397.93,41.96,0.3,0.3,9.75,87.91,2.42,52.99,68.16,89.27,48.08
2018-08-28 15:55:00,1,1,71.15,72.0,68.0,73.02,52.08,71.15,1.0,0.0,5.72,45.0,52.22,0.0,0.0,0.0,120.0,52.09,397.93,41.96,0.3,0.3,9.75,87.92,2.6,53.29,68.13,89.0,49.2
2018-08-28 15:56:00,1,1,71.27,72.0,68.0,78.13,52.07,71.27,1.0,0.0,5.72,45.0,142.62,0.0,0.0,0.0,120.0,52.08,0.01,0.88,0.3,0.3,0.0,87.93,0.58,61.03,68.11,89.03,49.04
2018-08-28 15:57:00,1,1,72.26,72.0,68.0,78.98,51.94,72.26,1.0,0.0,5.72,45.0,58.22,0.0,0.0,0.0,120.0,52.15,395.25,41.69,0.3,0.3,9.75,87.94,0.48,60.33,68.08,89.55,47.59
2018-08-28 15:58:00,1,1,71.96,72.0,68.0,74.35,51.96,71.96,1.0,0.0,5.72,45.0,52.92,0.0,0.0,0.0,120.0,51.88,397.93,41.96,0.3,0.3,9.75,87.95,2.34,53.18,68.05,89.46,47.94
2018-08-28 15:59:00,1,1,71.24,72.0,68.0,73.13,52.09,71.24,1.0,0.0,5.72,45.0,52.27,0.0,0.0,0.0,120.0,52.09,397.93,41.96,0.3,0.3,9.75,87.96,2.59,53.2,68.03,88.99,49.07
2018-08-28 16:00:00,1,1,71.11,72.0,68.0,77.48,52.06,71.11,1.0,0.0,5.72,45.0,181.18,0.0,0.0,0.0,120.0,52.07,0.01,0.88,0.3,0.3,0.0,87.98,0.81,60.28,68.01,89.07,49.29
2018-08-28 16:01:00,1,1,72.09,72.0,68.0,79.75,52.13,72.09,1.0,0.0,5.72,45.0,63.44,0.0,0.0,0.0,120.0,52.13,0.01,0.88,0.3,0.3,0.0,87.98,0.11,62.01,68.01,88.84,47.86
2018-08-28 16:02:00,1,1,72.17,72.0,68.0,75.0,51.87,72.17,1.0,0.0,5.72,45.0,52.88,0.0,0.0,0.0,120.0,51.78,397.93,41.96,0.3,0.3,9.75,87.98,2.15,53.66,68.02,89.79,47.63
2018-08-28 16:03:00,1,1,71.45,72.0,68.0,73.38,52.1,71.45,1.0,0.0,5.72,45.0,52.31,0.0,0.0,0.0,120.0,52.08,397.93,41.96,0.3,0.3,9.75,87.97,2.56,53.01,68.03,88.96,48.75
2018-08-28 16:04:00,1,1,70.99,72.0,68.0,76.08,52.06,70.99,1.0,0.0,5.72,45.0,250.0,0.0,0.0,0.0,120.0,52.07,0.01,0.88,0.3,0.3,0.0,87.97,1.34,58.39,68.04,89.07,49.49
2018-08-28 16:05:00,1,1,71.84,72.0,68.0,79.44,52.12,71.84,1.0,0.0,5.72,45.0,75.43,0.0,0.0,0.0,120.0,52.12,0.01,0.88,0.3,0.3,0.0,87.97,0.18,62.01,68.05,88.88,48.23
2018-08-28 16:06:00,1,1,72.2,72.0,68.0,75.46,51.79,72.2,1.0,0.0,5.72,45.0,53.72,0.0,0.0,0.0,120.0,51.73,397.93,41.96,0.3,0.3,9.75,87.96,1.96,54.4,68.07,90.09,47.61
2018-08-28 16:07:00,1,1,71.51,72.0,68.0,73.49,52.08,71.51,1.0,0.0,5.72,45.0,52.43,0.0,0.0,0.0,120.0,52.05,397.93,41.96,0.3,0.3,9.75,87.96,2.54,53.04,68.09,89.03,48.65
2018-08-28 16:08:00,1,1,70.97,72.0,68.0,75.45,52.06,70.97,1.0,0.0,5.72,45.0,250.0,0.0,0.0,0.0,120.0,52.07,0.01,0.88,0.3,0.3,0.0,87.95,1.58,57.51,68.1,89.08,49.53
2018-08-28 16:09:00,1,1,71.75,72.0,68.0,79.31,52.11,71.75,1.0,0.0,5.72,45.0,80.95,0.0,0.0,0.0,120.0,52.11,0.01,0.88,0.3,0.3,0.0,87.95,0.21,62.01,68.12,88.91,48.37
2018-08-28 16:10:00,1,1,72.23,72.0,68.0,75.77,51.75,72.23,1.0,0.0,5.72,45.0,53.97,0.0,0.0,0.0,120.0,51.72,397.93,41.96,0.3,0.3,9.75,87.94,1.84,54.86,68.14,90.22,47.57
2018-08-28 16:11:00,1,1,71.57,72.0,68.0,73.58,52.07,71.57,1.0,0.0,5.72,45.0,52.48,0.0,0.0,0.0,120.0,52.03,397.93,41.96,0.3,0.3,9.75,87.94,2.52,53.04,68.16,89.07,48.57
2018-08-28 16:12:00,1,1,70.95,72.0,68.0,74.71,52.06,70.95,1.0,0.0,5.72,45.0,250.0,0.0,0.0,0.0,120.0,52.07,0.03,0.88,0.3,0.3,0.0,87.93,1.87,56.45,68.18,89.09,49.57
2018-08-28 16:13:00,1,1,71.66,72.0,68.0,79.15,52.1,71.66,1.0,0.0,5.72,45.0,87.46,0.0,0.0,0.0,120.0,52.1,0.01,0.88,0.3,0.3,0.0,87.92,0.25,62.0,68.2,88.94,48.52
2018-08-28 16:14:00,1,1,72.36,72.0,68.0,76.61,51.71,72.36,1.0,0.0,5.72,45.0,53.56,0.0,0.0,0.0,120.0,51.78,397.93,41.96,0.3,0.3,9.75,87.91,1.52,56.03,68.23,90.37,47.42
2018-08-28 16:15:00,1,1,71.75,72.0,68.0,73.83,52.05,71.75,1.0,0.0,5.72,45.0,52.46,0.0,0.0,0.0,120.0,52.0,397.93,41.96,0.3,0.3,9.75,87.91,2.48,52.98,68.25,89.12,48.31
2018-08-28 16:16:00,1,1,71.03,72.0,68.0,72.89,52.07,71.03,1.0,0.0,5.72,45.0,52.17,0.0,0.0,0.0,120.0,52.09,397.93,41.96,0.3,0.3,9.75,87.9,2.61,53.51,68.27,89.04,49.46
2018-08-28 16:17:00,1,1,71.39,72.0,68.0,78.58,52.08,71.39,1.0,0.0,5.72,45.0,114.98,0.0,0.0,0.0,120.0,52.09,0.01,0.88,0.3,0.3,0.0,87.89,0.42,61.67,68.3,89.0,48.92
2018-08-28 16:18:00,1,1,72.34,72.0,68.0,78.27,51.75,72.34,1.0,0.0,5.72,45.0,54.48,0.0,0.0,0.0,120.0,52.11,397.91,41.96,0.3,0.3,9.75,87.88,0.8,59.06,68.33,90.27,47.52
2018-08-28 16:19:00,1,1,71.92,72.0,68.0,74.2,51.99,71.92,1.0,0.0,5.72,45.0,52.59,0.0,0.0,0.0,120.0,51.92,397.93,41.96,0.3,0.3,9.75,87.87,2.38,53.16,68.35,89.35,48.06
2018-08-28 16:20:00,1,1,71.18,72.0,68.0,73.05,52.09,71.18,1.0,0.0,5.72,45.0,52.22,0.0,0.0,0.0,120.0,52.09,397.93,41.96,0.3,0.3,9.75,87.86,2.59,53.36,68.38,88.99,49.22
2018-08-28 16:21:00,1,1,71.16,72.0,68.0,77.76,52.07,71.16,1.0,0.0,5.72,45.0,160.33,0.0,0.0,0.0,120.0,52.07,0.01,0.88,0.3,0.3,0.0,87.85,0.69,60.91,68.41,89.07,49.28
2018-08-28 16:22:00,1,1,72.15,72.0,68.0,79.76,52.13,72.15,1.0,0.0,5.72,45.0,60.62,0.0,0.0,0.0,120.0,52.14,0.01,0.88,0.3,0.3,0.0,87.84,0.09,62.26,68.44,88.82,47.85
2018-08-28 16:23:00,1,1,72.08,72.0,68.0,74.71,51.9,72.08,1.0,0.0,5.72,45.0,52.79,0.0,0.0,0.0,120.0,51.81,397.93,41.96,0.3,0.3,9.75,87.82,2.22,53.61,68.47,89.69,47.83
2018-08-28 16:24:00,1,1,71.34,72.0,68.0,73.24,52.09,71.34,1.0,0.0,5.72,45.0,52.28,0.0,0.0,0.0,120.0,52.08,397.93,41.96,0.3,0.3,9.75,87.81,2.57,53.23,68.5,88.99,48.97
2018-08-28 16:25:00,1,1,71.07,72.0,68.0,77.02,52.06,71.07,1.0,0.0,5.72,45.0,206.13,0.0,0.0,0.0,120.0,52.07,0.01,0.88,0.3,0.3,0.0,87.8,0.96,59.98,68.53,89.07,49.42
2018-08-28 16:26:00,1,1,72.0,72.0,68.0,79.56,52.13,72.0,1.0,0.0,5.72,45.0,66.82,0.0,0.0,0.0,120.0,52.13,0.01,0.88,0.3,0.3,0.0,87.79,0.13,62.32,68.56,88.85,48.07
2018-08-28 16:27:00,1,1,72.2,72.0,68.0,75.19,51.83,72.2,1.0,0.0,5.72,45.0,52.98,0.0,0.0,0.0,120.0,51.75,397.93,41.96,0.3,0.3,9.75,87.77,2.06,54.13,68.6,89.93,47.66
2018-08-28 16:28:00,1,1,71.48,72.0,68.0,73.4,52.09,71.48,1.0,0.0,5.72,45.0,52.33,0.0,0.0,0.0,120.0,52.07,397.93,41.96,0.3,0.3,9.75,87.76,2.55,53.15,68.63,89.0,48.77
2018-08-28 16:29:00,1,1,70.92,72.0,68.0,75.35,52.05,70.92,1.0,0.0,5.72,45.0,250.0,0.0,0.0,0.0,120.0,52.06,0.01,0.88,0.3,0.3,0.0,87.74,1.58,57.75,68.66,89.11,49.67
2018-08-28 16:30:00,1,1,71.69,72.0,68.0,79.17,52.1,71.69,1.0,0.0,5.72,45.0,80.91,0.0,0.0,0.0,120.0,52.1,0.01,0.88,0.3,0.3,0.0,87.73,0.21,62.35,68.7,88.95,48.51
2018-08-28 16:31:00,1,1,72.28,72.0,68.0,76.1,51.72,72.28,1.0,0.0,5.72,45.0,53.37,0.0,0.0,0.0,120.0,51.73,397.93,41.96,0.3,0.3,9.75,87.71,1.69,55.58,68.73,90.34,47.57
2018-08-28 16:32:00,1,1,71.63,72.0,68.0,73.65,52.05,71.63,1.0,0.0,5.72,45.0,52.41,0.0,0.0,0.0,120.0,52.01,397.93,41.96,0.3,0.3,9.75,87.7,2.5,53.15,68.77,89.12,48.54
2018-08-28 16:33:00,1,1,70.94,72.0,68.0,73.79,52.06,70.94,1.0,0.0,5.72,45.0,250.0,0.0,0.0,0.0,120.0,52.07,2.69,1.16,0.3,0.3,0.0,87.68,2.21,55.29,68.81,89.1,49.63
2018-08-28 16:34:00,1,1,71.54,72.0,68.0,78.86,52.09,71.54,1.0,0.0,5.72,45.0,95.13,0.0,0.0,0.0,120.0,52.09,0.01,0.88,0.3,0.3,0.0,87.66,0.3,62.24,68.84,88.99,48.74
2018-08-28 16:35:00,1,1,72.33,72.0,68.0,76.98,51.69,72.33,1.0,0.0,5.72,45.0,53.75,0.0,0.0,0.0,120.0,51.86,397.93,41.96,0.3,0.3,9.75,87.65,1.32,57.1,68.88,90.44,47.52
2018-08-28 16:36:00,1,1,71.76,72.0,68.0,73.87,52.02,71.76,1.0,0.0,5.72,45.0,52.49,0.0,0.0,0.0,120.0,51.97,397.93,41.96,0.3,0.3,9.75,87.63,2.45,53.18,68.92,89.23,48.34
2018-08-28 16:37:00,1,1,71.02,72.0,68.0,72.86,52.06,71.02,1.0,0.0,5.72,45.0,52.17,0.0,0.0,0.0,120.0,52.07,397.93,41.96,0.3,0.3,9.75,87.61,2.6,53.62,68.96,89.07,49.5
2018-08-28 16:38:00,1,1,71.38,72.0,68.0,78.45,52.08,71.38,1.0,0.0,5.72,45.0,114.94,0.0,0.0,0.0,120.0,52.08,0.01,0.88,0.3,0.3,0.0,87.59,0.42,62.0,69.0,89.03,48.98
2018-08-28 16:39:00,1,1,72.31,72.0,68.0,78.13,51.74,72.31,1.0,0.0,5.72,45.0,54.48,0.0,0.0,0.0,120.0,52.1,397.91,41.96,0.3,0.3,9.75,87.57,0.8,59.36,69.04,90.3,47.6
2018-08-28 16:40:00,1,1,71.87,72.0,68.0,74.12,51.98,71.87,1.0,0.0,5.72,45.0,52.58,0.0,0.0,0.0,120.0,51.91,397.93,41.96,0.3,0.3,9.75,87.56,2.38,53.33,69.08,89.4,48.16
2018-08-28 16:41:00,1,1,71.13,72.0,68.0,72.97,52.07,71.13,1.0,0.0,5.72,45.0,52.2,0.0,0.0,0.0,120.0,52.07,397.93,41.96,0.3,0.3,9.75,87.54,2.59,53.52,69.12,89.06,49.34
2018-08-28 16:42:00,1,1,71.21,72.0,68.0,77.92,52.06,71.21,1.0,0.0,5.72,45.0,142.53,0.0,0.0,0.0,120.0,52.06,0.01,0.88,0.3,0.3,0.0,87.52,0.58,61.57,69.16,89.08,49.23
2018-08-28 16:43:00,1,1,72.2,72.0,68.0,79.65,52.13,72.2,1.0,0.0,5.72,45.0,58.21,0.0,0.0,0.0,120.0,52.13,0.01,0.88,0.3,0.3,0.0,87.5,0.08,62.6,69.2,88.83,47.8
2018-08-28 16:44:00,1,1,71.98,72.0,68.0,74.43,51.91,71.98,1.0,0.0,5.72,45.0,52.7,0.0,0.0,0.0,120.0,51.83,397.93,41.96,0.3,0.3,9.75,87.48,2.28,53.61,69.25,89.62,48.01
2018-08-28 16:45:00,1,1,71.23,72.0,68.0,73.08,52.07,71.23,1.0,0.0,5.72,45.0,52.24,0.0,0.0,0.0,120.0,52.07,397.93,41.96,0.3,0.3,9.75,87.45,2.58,53.44,69.29,89.06,49.17
2018-08-28 16:46:00,1,1,71.18,72.0,68.0,77.62,52.06,71.18,1.0,0.0,5.72,45.0,160.29,0.0,0.0,0.0,120.0,52.06,0.01,0.88,0.3,0.3,0.0,87.43,0.69,61.24,69.33,89.09,49.28
2018-08-28 16:47:00,1,1,72.14,72.0,68.0,79.55,52.13,72.14,1.0,0.0,5.72,45.0,60.61,0.0,0.0,0.0,120.0,52.13,0.01,0.88,0.3,0.3,0.0,87.41,0.09,62.68,69.38,88.84,47.89
2018-08-28 16:48:00,1,1,72.05,72.0,68.0,74.62,51.88,72.05,1.0,0.0,5.72,45.0,52.78,0.0,0.0,0.0,120.0,51.8,397.93,41.96,0.3,0.3,9.75,87.39,2.22,53.79,69.42,89.73,47.9
2018-08-28 16:49:00,1,1,71.3,72.0,68.0,73.15,52.07,71.3,1.0,0.0,5.72,45.0,52.26,0.0,0.0,0.0,120.0,52.06,397.93,41.96,0.3,0.3,9.75,87.37,2.57,53.39,69.47,89.06,49.07
2018-08-28 16:50:00,1,1,71.12,72.0,68.0,77.25,52.05,71.12,1.0,0.0,5.72,45.0,181.14,0.0,0.0,0.0,120.0,52.06,0.01,0.88,0.3,0.3,0.0,87.34,0.81,60.85,69.51,89.11,49.37
2018-08-28 16:51:00,1,1,72.05,72.0,68.0,79.42,52.12,72.05,1.0,0.0,5.72,45.0,63.44,0.0,0.0,0.0,120.0,52.12,0.01,0.88,0.3,0.3,0.0,87.32,0.11,62.77,69.56,88.87,48.01
2018-08-28 16:52:00,1,1,72.09,72.0,68.0,74.81,51.85,72.09,1.0,0.0,5.72,45.0,52.86,0.0,0.0,0.0,120.0,51.77,397.93,41.96,0.3,0.3,9.75,87.3,2.15,54.06,69.6,89.87,47.83
2018-08-28 16:53:00,1,1,71.35,72.0,68.0,73.2,52.06,71.35,1.0,0.0,5.72,45.0,52.27,0.0,0.0,0.0,120.0,52.05,397.93,41.96,0.3,0.3,9.75,87.27,2.56,53.37,69.65,89.08,48.98
2018-08-28 16:54:00,1,1,71.05,72.0,68.0,76.82,52.05,71.05,1.0,0.0,5.72,45.0,205.67,0.0,0.0,0.0,120.0,52.05,0.01,0.88,0.3,0.3,0.0,87.25,0.96,60.38,69.69,89.14,49.47
2018-08-28 16:55:00,1,1,71.95,72.0,68.0,79.27,52.11,71.95,1.0,0.0,5.72,45.0,66.76,0.0,0.0,0.0,120.0,52.11,0.01,0.88,0.3,0.3,0.0,87.22,0.13,62.86,69.74,88.91,48.15
2018-08-28 16:56:00,1,1,72.13,72.0,68.0,75.02,51.8,72.13,1.0,0.0,5.72,45.0,52.95,0.0,0.0,0.0,120.0,51.73,397.93,41.96,0.3,0.3,9.75,87.2,2.06,54.4,69.79,90.02,47.78
2018-08-28 16:57:00,1,1,71.39,72.0,68.0,73.25,52.05,71.39,1.0,0.0,5.72,45.0,52.29,0.0,0.0,0.0,120.0,52.03,397.93,41.96,0.3,0.3,9.75,87.17,2.55,53.36,69.83,89.12,48.91
2018-08-28 16:58:00,1,1,70.98,72.0,68.0,76.32,52.03,70.98,1.0,0.0,5.72,45.0,234.53,0.0,0.0,0.0,120.0,52.04,0.01,0.88,0.3,0.3,0.0,87.15,1.13,59.79,69.88,89.18,49.57
2018-08-28 16:59:00,1,1,71.84,72.0,68.0,79.11,52.09,71.84,1.0,0.0,5.72,45.0,70.66,0.0,0.0,0.0,120.0,52.09,0.01,0.88,0.3,0.3,0.0,87.12,0.15,62.94,69.93,88.97,48.31
2018-08-28 17:00:00,1,1,72.27,72.0,68.0,75.62,51.74,72.27,1.0,0.0,5.72,45.0,52.57,0.0,0.0,0.0,120.0,51.71,397.93,41.96,0.3,0.3,9.75,87.09,1.83,55.22,69.98,90.27,47.58
2018-08-28 17:01:00,1,1,71.55,72.0,68.0,73.45,52.04,71.55,1.0,0.0,5.72,45.0,52.27,0.0,0.0,0.0,120.0,52.01,397.93,41.96,0.3,0.3,9.75,87.06,2.52,53.27,70.03,89.15,48.66
2018-08-28 17:02:00,1,1,70.95,72.0,68.0,75.2,52.03,70.95,1.0,0.0,5.72,45.0,250.0,0.0,0.0,0.0,120.0,52.04,0.01,0.88,0.3,0.3,0.0,87.03,1.58,58.01,70.07,89.18,49.62
2018-08-28 17:03:00,1,1,71.68,72.0,68.0,78.83,52.08,71.68,1.0,0.0,5.72,45.0,80.8,0.0,0.0,0.0,120.0,52.08,0.01,0.88,0.3,0.3,0.0,87.0,0.21,62.92,70.12,89.0,48.53
2018-08-28 17:04:00,1,1,72.22,72.0,68.0,75.88,51.7,72.22,1.0,0.0,5.72,45.0,53.34,0.0,0.0,0.0,120.0,51.71,397.93,41.96,0.3,0.3,9.75,86.97,1.69,55.9,70.17,90.41,47.64
2018-08-28 17:05:00,1,1,71.54,72.0,68.0,73.48,52.02,71.54,1.0,0.0,5.72,45.0,52.36,0.0,0.0,0.0,120.0,51.98,397.93,41.96,0.3,0.3,9.75,86.94,2.5,53.36,70.22,89.25,48.65
2018-08-28 17:06:00,1,1,70.93,72.0,68.0,75.16,52.02,70.93,1.0,0.0,5.72,45.0,250.0,0.0,0.0,0.0,120.0,52.03,0.01,0.88,0.3,0.3,0.0,86.91,1.58,58.06,70.27,89.22,49.62
2018-08-28 17:07:00,1,1,71.66,72.0,68.0,78.76,52.07,71.66,1.0,0.0,5.72,45.0,80.75,0.0,0.0,0.0,120.0,52.07,0.01,0.88,0.3,0.3,0.0,86.88,0.21,62.99,70.32,89.04,48.54
2018-08-28 17:08:00,1,1,72.3,72.0,68.0,76.29,51.68,72.3,1.0,0.0,5.72,45.0,52.63,0.0,0.0,0.0,120.0,51.75,397.93,41.96,0.3,0.3,9.75,86.85,1.51,56.58,70.36,90.48,47.52
2018-08-28 17:09:00,1,1,71.64,72.0,68.0,73.6,52.01,71.64,1.0,0.0,5.72,45.0,52.28,0.0,0.0,0.0,120.0,51.96,397.93,41.96,0.3,0.3,9.75,86.82,2.48,53.32,70.41,89.29,48.49
2018-08-28 17:10:00,1,1,70.94,72.0,68.0,74.47,52.02,70.94,1.0,0.0,5.72,45.0,250.0,0.0,0.0,0.0,120.0,52.03,0.03,0.88,0.3,0.3,0.0,86.78,1.86,56.86,70.46,89.22,49.58
2018-08-28 17:11:00,1,1,71.58,72.0,68.0,78.57,52.07,71.58,1.0,0.0,5.72,45.0,87.2,0.0,0.0,0.0,120.0,52.07,0.01,0.88,0.3,0.3,0.0,86.75,0.25,62.96,70.51,89.06,48.64
2018-08-28 17:12:00,1,1,72.31,72.0,68.0,76.7,51.67,72.31,1.0,0.0,5.72,45.0,52.66,0.0,0.0,0.0,120.0,51.84,397.93,41.96,0.3,0.3,9.75,86.72,1.31,57.48,70.56,90.52,47.51
2018-08-28 17:13:00,1,1,71.69,72.0,68.0,73.68,51.98,71.69,1.0,0.0,5.72,45.0,52.29,0.0,0.0,0.0,120.0,51.93,397.93,41.96,0.3,0.3,9.75,86.68,2.45,53.36,70.61,89.37,48.4
2018-08-28 17:14:00,1,1,70.93,72.0,68.0,73.63,52.02,70.93,1.0,0.0,5.72,45.0,250.0,0.0,0.0,0.0,120.0,52.02,2.69,1.16,0.3,0.3,0.0,86.65,2.2,55.47,70.66,89.24,49.58
2018-08-28 17:15:00,1,1,71.47,72.0,68.0,78.34,52.05,71.47,1.0,0.0,5.72,45.0,94.74,0.0,0.0,0.0,120.0,52.05,0.01,0.88,0.3,0.3,0.0,86.62,0.3,62.93,70.71,89.12,48.79
2018-08-28 17:16:00,1,1,72.28,72.0,68.0,77.15,51.67,72.28,1.0,0.0,5.72,45.0,52.69,0.0,0.0,0.0,120.0,51.95,397.93,41.96,0.3,0.3,9.75,86.58,1.07,58.59,70.76,90.52,47.56
2018-08-28 17:17:00,1,1,71.71,72.0,68.0,73.75,51.95,71.71,1.0,0.0,5.72,45.0,52.29,0.0,0.0,0.0,120.0,51.89,397.93,41.96,0.3,0.3,9.75,86.55,2.42,53.45,70.8,89.48,48.34
2018-08-28 17:18:00,1,1,70.95,72.0,68.0,73.63,52.01,70.95,1.0,0.0,5.72,45.0,250.0,0.0,0.0,0.0,120.0,52.01,2.69,1.16,0.3,0.3,0.0,86.51,2.2,55.45,70.85,89.28,49.53
2018-08-28 17:19:00,1,1,71.47,72.0,68.0,78.28,52.05,71.47,1.0,0.0,5.72,45.0,94.69,0.0,0.0,0.0,120.0,52.05,0.01,0.88,0.3,0.3,0.0,86.48,0.3,62.97,70.9,89.14,48.76
2018-08-28 17:20:00,1,1,72.34,72.0,68.0,77.75,51.71,72.34,1.0,0.0,5.72,45.0,51.73,0.0,0.0,0.0,120.0,52.07,397.91,41.96,0.3,0.3,9.75,86.44,0.79,59.84,70.95,90.39,47.48
2018-08-28 17:21:00,1,1,71.82,72.0,68.0,73.91,51.93,71.82,1.0,0.0,5.72,45.0,52.15,0.0,0.0,0.0,120.0,51.87,397.93,41.96,0.3,0.3,9.75,86.41,2.38,53.46,71.0,89.55,48.15
2018-08-28 17:22:00,1,1,71.01,72.0,68.0,72.73,52.01,71.01,1.0,0.0,5.72,45.0,52.07,0.0,0.0,0.0,120.0,52.02,397.93,41.96,0.3,0.3,9.75,86.37,2.59,53.67,71.05,89.27,49.41
2018-08-28 17:23:00,1,1,71.27,72.0,68.0,77.85,52.02,71.27,1.0,0.0,5.72,45.0,114.14,0.0,0.0,0.0,120.0,52.02,0.01,0.88,0.3,0.3,0.0,86.34,0.42,62.71,71.1,89.22,49.02
2018-08-28 17:24:00,1,1,72.21,72.0,68.0,79.13,52.1,72.21,1.0,0.0,5.72,45.0,54.37,0.0,0.0,0.0,120.0,52.1,0.01,0.88,0.3,0.3,0.0,86.3,0.06,63.29,71.15,88.96,47.68
2018-08-28 17:25:00,1,1,71.9,72.0,68.0,74.17,51.87,71.9,1.0,0.0,5.72,45.0,52.11,0.0,0.0,0.0,120.0,51.79,397.93,41.96,0.3,0.3,9.75,86.27,2.28,53.76,71.19,89.79,48.0
2018-08-28 17:26:00,1,1,71.08,72.0,68.0,72.81,52.0,71.08,1.0,0.0,5.72,45.0,52.07,0.0,0.0,0.0,120.0,52.0,397.93,41.96,0.3,0.3,9.75,86.23,2.58,53.6,71.24,89.3,49.27
2018-08-28 17:27:00,1,1,71.2,72.0,68.0,77.58,52.01,71.2,1.0,0.0,5.72,45.0,126.54,0.0,0.0,0.0,120.0,52.01,0.01,0.88,0.3,0.3,0.0,86.19,0.49,62.5,71.29,89.26,49.1
2018-08-28 17:28:00,1,1,72.11,72.0,68.0,78.98,52.08,72.11,1.0,0.0,5.72,45.0,56.05,0.0,0.0,0.0,120.0,52.08,0.01,0.88,0.3,0.3,0.0,86.16,0.07,63.38,71.34,89.01,47.79
2018-08-28 17:29:00,1,1,71.93,72.0,68.0,74.31,51.82,71.93,1.0,0.0,5.72,45.0,52.08,0.0,0.0,0.0,120.0,51.75,397.93,41.96,0.3,0.3,9.75,86.12,2.22,53.97,71.38,89.94,47.92
2018-08-28 17:30:00,1,1,71.11,72.0,68.0,72.84,51.99,71.11,1.0,0.0,5.72,45.0,52.06,0.0,0.0,0.0,120.0,51.98,397.93,41.96,0.3,0.3,9.75,86.08,2.57,53.56,71.43,89.35,49.19
2018-08-28 17:31:00,1,1,71.21,72.0,68.0,77.53,52.01,71.21,1.0,0.0,5.72,45.0,126.45,0.0,0.0,0.0,120.0,52.01,0.01,0.88,0.3,0.3,0.0,86.05,0.49,62.51,71.48,89.28,49.05
2018-08-28 17:32:00,1,1,72.1,72.0,68.0,78.91,52.08,72.1,1.0,0.0,5.72,45.0,56.03,0.0,0.0,0.0,120.0,52.08,0.01,0.88,0.3,0.3,0.0,86.01,0.07,63.41,71.52,89.02,47.76
2018-08-28 17:33:00,1,1,71.92,72.0,68.0,74.27,51.82,71.92,1.0,0.0,5.72,45.0,52.07,0.0,0.0,0.0,120.0,51.74,397.93,41.96,0.3,0.3,9.75,85.97,2.22,53.97,71.55,89.97,47.91
2018-08-28 17:34:00,1,1,71.09,72.0,68.0,72.8,51.98,71.09,1.0,0.0,5.72,45.0,52.05,0.0,0.0,0.0,120.0,51.97,397.93,41.96,0.3,0.3,9.75,85.94,2.57,53.57,71.58,89.39,49.19
2018-08-28 17:35:00,1,1,71.18,72.0,68.0,77.44,51.99,71.18,1.0,0.0,5.72,45.0,126.21,0.0,0.0,0.0,120.0,51.99,0.01,0.88,0.3,0.3,0.0,85.9,0.49,62.57,71.6,89.32,49.06
2018-08-28 17:36:00,1,1,72.06,72.0,68.0,78.81,52.07,72.06,1.0,0.0,5.72,45.0,56.0,0.0,0.0,0.0,120.0,52.07,0.01,0.88,0.3,0.3,0.0,85.86,0.07,63.48,71.63,89.07,47.78
2018-08-28 17:37:00,1,1,71.99,72.0,68.0,74.47,51.78,71.99,1.0,0.0,5.72,45.0,51.77,0.0,0.0,0.0,120.0,51.71,397.93,41.96,0.3,0.3,9.75,85.82,2.14,54.18,71.65,90.1,47.76
2018-08-28 17:38:00,1,1,71.15,72.0,68.0,72.86,51.97,71.15,1.0,0.0,5.72,45.0,52.01,0.0,0.0,0.0,120.0,51.96,397.93,41.96,0.3,0.3,9.75,85.78,2.56,53.48,71.67,89.41,49.05
2018-08-28 17:39:00,1,1,71.1,72.0,68.0,77.14,51.98,71.1,1.0,0.0,5.72,45.0,140.72,0.0,0.0,0.0,120.0,51.98,0.01,0.88,0.3,0.3,0.0,85.75,0.58,62.27,71.69,89.37,49.14
2018-08-28 17:40:00,1,1,71.95,72.0,68.0,78.66,52.05,71.95,1.0,0.0,5.72,45.0,57.97,0.0,0.0,0.0,120.0,52.05,0.01,0.88,0.3,0.3,0.0,85.71,0.08,63.56,71.72,89.12,47.9
2018-08-28 17:41:00,1,1,72.02,72.0,68.0,74.64,51.74,72.02,1.0,0.0,5.72,45.0,51.68,0.0,0.0,0.0,120.0,51.67,397.93,41.96,0.3,0.3,9.75,85.67,2.05,54.52,71.74,90.27,47.69
2018-08-28 17:42:00,1,1,71.18,72.0,68.0,72.89,51.95,71.18,1.0,0.0,5.72,45.0,51.99,0.0,0.0,0.0,120.0,51.94,397.93,41.96,0.3,0.3,9.75,85.63,2.55,53.45,71.76,89.47,48.97
2018-08-28 17:43:00,1,1,71.11,72.0,68.0,77.09,51.97,71.11,1.0,0.0,5.72,45.0,140.57,0.0,0.0,0.0,120.0,51.97,0.01,0.88,0.3,0.3,0.0,85.59,0.58,62.27,71.78,89.4,49.09
2018-08-28 17:44:00,1,1,71.95,72.0,68.0,78.58,52.04,71.95,1.0,0.0,5.72,45.0,57.94,0.0,0.0,0.0,120.0,52.04,0.01,0.88,0.3,0.3,0.0,85.56,0.08,63.57,71.79,89.14,47.87
2018-08-28 17:45:00,1,1,72.12,72.0,68.0,74.91,51.7,72.12,1.0,0.0,5.72,45.0,51.26,0.0,0.0,0.0,120.0,51.65,397.93,41.96,0.3,0.3,9.75,85.52,1.95,54.84,71.81,90.38,47.51
2018-08-28 17:46:00,1,1,71.27,72.0,68.0,72.98,51.95,71.27,1.0,0.0,5.72,45.0,51.94,0.0,0.0,0.0,120.0,51.93,397.93,41.96,0.3,0.3,9.75,85.48,2.54,53.35,71.83,89.48,48.78
2018-08-28 17:47:00,1,1,71.06,72.0,68.0,76.78,51.96,71.06,1.0,0.0,5.72,45.0,157.69,0.0,0.0,0.0,120.0,51.97,0.01,0.88,0.3,0.3,0.0,85.44,0.68,61.86,71.85,89.42,49.13
2018-08-28 17:48:00,1,1,71.86,72.0,68.0,78.43,52.03,71.86,1.0,0.0,5.72,45.0,60.26,0.0,0.0,0.0,120.0,52.03,0.01,0.88,0.3,0.3,0.0,85.4,0.09,63.6,71.86,89.18,47.95
2018-08-28 17:49:00,1,1,72.15,72.0,68.0,75.15,51.67,72.15,1.0,0.0,5.72,45.0,51.08,0.0,0.0,0.0,120.0,51.64,397.93,41.96,0.3,0.3,9.75,85.36,1.82,55.34,71.88,90.52,47.43
2018-08-28 17:50:00,1,1,71.31,72.0,68.0,73.03,51.93,71.31,1.0,0.0,5.72,45.0,51.91,0.0,0.0,0.0,120.0,51.91,397.93,41.96,0.3,0.3,9.75,85.32,2.52,53.32,71.89,89.55,48.68
2018-08-28 17:51:00,1,1,70.97,72.0,68.0,76.4,51.95,70.97,1.0,0.0,5.72,45.0,177.66,0.0,0.0,0.0,120.0,51.95,0.01,0.88,0.3,0.3,0.0,85.29,0.8,61.4,71.91,89.49,49.22
2018-08-28 17:52:00,1,1,71.74,72.0,68.0,78.26,52.01,71.74,1.0,0.0,5.72,45.0,62.97,0.0,0.0,0.0,120.0,52.01,0.01,0.88,0.3,0.3,0.0,85.25,0.11,63.65,71.92,89.26,48.09
2018-08-28 17:53:00,1,1,72.24,72.0,68.0,75.82,51.62,72.24,1.0,0.0,5.72,45.0,50.18,0.0,0.0,0.0,120.0,51.69,397.93,41.96,0.3,0.3,9.75,85.21,1.5,56.66,71.93,90.71,47.28
2018-08-28 17:54:00,1,1,71.45,72.0,68.0,73.22,51.91,71.45,1.0,0.0,5.72,45.0,51.81,0.0,0.0,0.0,120.0,51.87,397.93,41.96,0.3,0.3,9.75,85.17,2.48,53.27,71.94,89.64,48.43
2018-08-28 17:55:00,1,1,70.88,72.0,68.0,75.62,51.93,70.88,1.0,0.0,5.72,45.0,229.57,0.0,0.0,0.0,120.0,51.93,0.01,0.88,0.3,0.3,0.0,85.13,1.12,60.08,71.96,89.56,49.33
2018-08-28 17:56:00,1,1,71.56,72.0,68.0,78.0,51.99,71.56,1.0,0.0,5.72,45.0,69.99,0.0,0.0,0.0,120.0,51.99,0.01,0.88,0.3,0.3,0.0,85.09,0.15,63.64,71.97,89.35,48.31
2018-08-28 17:57:00,1,1,72.24,72.0,68.0,76.64,51.61,72.24,1.0,0.0,5.72,45.0,49.33,0.0,0.0,0.0,120.0,51.89,397.93,41.96,0.3,0.3,9.75,85.05,1.05,58.69,71.97,90.75,47.27
2018-08-28 17:58:00,1,1,71.55,72.0,68.0,73.4,51.86,71.55,1.0,0.0,5.72,45.0,51.7,0.0,0.0,0.0,120.0,51.81,397.93,41.96,0.3,0.3,9.75,85.01,2.41,53.35,71.98,89.81,48.23
2018-08-28 17:59:00,1,1,70.87,72.0,68.0,75.15,51.91,70.87,1.0,0.0,5.72,45.0,250.0,0.0,0.0,0.0,120.0,51.91,0.01,0.88,0.3,0.3,0.0,84.98,1.32,59.16,71.99,89.61,49.29
2018-08-28 18:00:00,1,1,71.48,72.0,68.0,77.83,51.97,71.48,1.0,0.0,5.72,45.0,74.45,0.0,0.0,0.0,120.0,51.97,0.01,0.88,0.3,0.3,0.0,84.94,0.18,63.58,72.0,89.41,48.38
2018-08-28 18:01:00,2,1,72.3,85.0,55.0,78.55,52.04,72.3,1.0,0.0,5.72,45.0,49.0,0.0,0.0,0.0,120.0,52.04,0.0,0.88,0.0,0.0,0.0,84.9,0.02,63.38,71.99,89.14,47.21
2018-08-28 18:02:00,2,1,73.04,85.0,55.0,78.94,52.12,73.04,1.0,0.0,5.72,45.0,45.55,0.0,0.0,0.0,120.0,52.12,0.0,0.88,0.0,0.0,0.0,84.86,0.0,62.7,71.96,88.88,46.23
2018-08-28 18:03:00,2,1,73.69,85.0,55.0,79.26,52.2,73.69,1.0,0.0,5.72,45.0,45.09,0.0,0.0,0.0,120.0,52.2,0.0,0.88,0.0,0.0,0.0,84.83,0.0,62.06,71.94,88.61,45.44
2018-08-28 18:04:00,2,1,74.25,85.0,55.0,79.52,52.27,74.25,1.0,0.0,5.72,45.0,45.02,0.0,0.0,0.0,120.0,52.27,0.0,0.88,0.0,0.0,0.0,84.79,0.0,61.51,71.91,88.35,44.81
2018-08-28 18:05:00,2,1,74.73,85.0,55.0,79.74,52.35,74.73,1.0,0.0,5.72,45.0,45.01,0.0,0.0,0.0,120.0,52.35,0.0,0.88,0.0,0.0,0.0,84.75,0.0,61.04,71.89,88.09,44.29
2018-08-28 18:06:00,2,1,75.15,85.0,55.0,79.94,52.42,75.15,1.0,0.0,5.72,45.0,45.01,0.0,0.0,0.0,120.0,52.42,0.0,0.88,0.0,0.0,0.0,84.72,0.0,60.65,71.86,87.83,43.88
2018-08-28 18:07:00,2,1,75.53,85.0,55.0,80.1,52.49,75.53,1.0,0.0,5.72,45.0,45.01,0.0,0.0,0.0,120.0,52.49,0.0,0.88,0.0,0.0,0.0,84.68,0.0,60.31,71.83,87.58,43.54
2018-08-28 18:08:00,2,1,75.85,85.0,55.0,80.25,52.57,75.85,1.0,0.0,5.72,45.0,45.01,0.0,0.0,0.0,120.0,52.57,0.0,0.88,0.0,0.0,0.0,84.64,0.0,60.02,71.8,87.33,43.27
2018-08-28 18:09:00,2,1,76.14,85.0,55.0,80.37,52.64,76.14,1.0,0.0,5.72,45.0,45.01,0.0,0.0,0.0,120.0,52.64,0.0,0.88,0.0,0.0,0.0,84.61,0.0,59.77,71.77,87.08,43.05
2018-08-28 18:10:00,2,1,76.39,85.0,55.0,80.48,52.71,76.39,1.0,0.0,5.72,45.0,45.01,0.0,0.0,0.0,120.0,52.71,0.0,0.88,0.0,0.0,0.0,84.57,0.0,59.56,71.74,86.84,42.88
2018-08-28 18:11:00,2,1,76.62,85.0,55.0,80.58,52.78,76.62,1.0,0.0,5.72,45.0,45.01,0.0,0.0,0.0,120.0,52.78,0.0,0.88,0.0,0.0,0.0,84.53,0.0,59.37,71.71,86.6,42.74
2018-08-28 18:12:00,2,1,76.82,85.0,55.0,80.66,52.85,76.82,1.0,0.0,5.72,45.0,45.01,0.0,0.0,0.0,120.0,52.85,0.0,0.88,0.0,0.0,0.0,84.5,0.0,59.21,71.68,86.37,42.64
2018-08-28 18:13:00,2,1,76.99,85.0,55.0,80.73,52.92,76.99,1.0,0.0,5.72,45.0,45.01,0.0,0.0,0.0,120.0,52.92,0.0,0.88,0.0,0.0,0.0,84.46,0.0,59.07,71.64,86.13,42.56
2018-08-28 18:14:00,2,1,77.15,85.0,55.0,80.79,52.99,77.15,1.0,0.0,5.72,45.0,45.01,0.0,0.0,0.0,120.0,52.99,0.0,0.88,0.0,0.0,0.0,84.43,0.0,58.96,71.61,85.91,42.46
2018-08-28 18:15:00,2,1,77.29,85.0,55.0,80.84,53.06,77.29,1.0,0.0,5.72,45.0,45.01,0.0,0.0,0.0,120.0,53.06,0.0,0.88,0.0,0.0,0.0,84.39,0.0,58.85,71.58,85.68,42.38
2018-08-28 18:16:00,2,1,77.41,85.0,55.0,80.88,53.13,77.41,1.0,0.0,5.72,45.0,45.01,0.0,0.0,0.0,120.0,53.13,0.0,0.88,0.0,0.0,0.0,84.35,0.0,58.77,71.54,85.46,42.33
2018-08-28 18:17:00,2,1,77.52,85.0,55.0,80.92,53.2,77.52,1.0,0.0,5.72,45.0,45.01,0.0,0.0,0.0,120.0,53.2,0.0,0.88,0.0,0.0,0.0,84.32,0.0,58.69,71.51,85.24,42.29
2018-08-28 18:18:00,2,1,77.62,85.0,55.0,80.95,53.27,77.62,1.0,0.0,5.72,45.0,45.01,0.0,0.0,0.0,120.0,53.27,0.0,0.88,0.0,0.0,0.0,84.28,0.0,58.63,71.47,85.02,42.28
2018-08-28 18:19:00,2,1,77.7,85.0,55.0,80.98,53.33,77.7,1.0,0.0,5.72,45.0,45.01,0.0,0.0,0.0,120.0,53.33,0.0,0.88,0.0,0.0,0.0,84.25,0.0,58.58,71.44,84.81,42.28
2018-08-28 18:20:00,2,1,77.78,85.0,55.0,81.0,53.4,77.78,1.0,0.0,5.72,45.0,45.01,0.0,0.0,0.0,120.0,53.4,0.0,0.88,0.0,0.0,0.0,84.21,0.0,58.54,71.4,84.59,42.29
2018-08-28 18:21:00,2,1,77.85,85.0,55.0,81.01,53.46,77.85,1.0,0.0,5.72,45.0,45.01,0.0,0.0,0.0,120.0,53.46,0.0,0.88,0.0,0.0,0.0,84.18,0.0,58.5,71.36,84.39,42.32
2018-08-28 18:22:00,2,1,77.9,85.0,55.0,81.02,53.53,77.9,1.0,0.0,5.72,45.0,45.01,0.0,0.0,0.0,120.0,53.53,0.0,0.88,0.0,0.0,0.0,84.14,0.0,58.48,71.33,84.18,42.36
2018-08-28 18:23:00,2,1,77.95,85.0,55.0,81.03,53.59,77.95,1.0,0.0,5.72,45.0,45.01,0.0,0.0,0.0,120.0,53.59,0.0,0.88,0.0,0.0,0.0,84.11,0.0,58.46,71.29,83.98,42.41
2018-08-28 18:24:00,2,1,78.0,85.0,55.0,81.04,53.66,78.0,1.0,0.0,5.72,45.0,45.01,0.0,0.0,0.0,120.0,53.66,0.0,0.88,0.0,0.0,0.0,84.07,0.0,58.44,71.25,83.78,42.47
2018-08-28 18:25:00,2,1,78.04,85.0,55.0,81.04,53.72,78.04,1.0,0.0,5.72,45.0,45.01,0.0,0.0,0.0,120.0,53.72,0.0,0.88,0.0,0.0,0.0,84.04,0.0,58.43,71.22,83.58,42.53
2018-08-28 18:26:00,2,1,78.07,85.0,55.0,81.04,53.78,78.07,1.0,0.0,5.72,45.0,45.01,0.0,0.0,0.0,120.0,53.78,0.0,0.88,0.0,0.0,0.0,84.0,0.0,58.43,71.18,83.39,42.61
2018-08-28 18:27:00,2,1,78.1,85.0,55.0,81.03,53.84,78.1,1.0,0.0,5.72,45.0,45.01,0.0,0.0,0.0,120.0,53.84,0.0,0.88,0.0,0.0,0.0,83.97,0.0,58.42,71.14,83.2,42.69
2018-08-28 18:28:00,2,1,78.12,85.0,55.0,81.03,53.91,78.12,1.0,0.0,5.72,45.0,45.01,0.0,0.0,0.0,120.0,53.91,0.0,0.88,0.0,0.0,0.0,83.93,0.0,58.43,71.1,83.01,42.77
2018-08-28 18:29:00,2,1,78.14,85.0,55.0,81.02,53.97,78.14,1.0,0.0,5.72,45.0,45.01,0.0,0.0,0.0,120.0,53.97,0.0,0.88,0.0,0.0,0.0,83.9,0.0,58.43,71.06,82.82,42.87
2018-08-28 18:30:00,2,1,78.15,85.0,55.0,81.01,54.03,78.15,1.0,0.0,5.72,45.0,45.01,0.0,0.0,0.0,120.0,54.03,0.0,0.88,0.0,0.0,0.0,83.87,0.0,58.44,71.02,82.64,42.96
2018-08-28 18:31:00,2,1,78.17,85.0,55.0,81.0,54.09,78.17,1.0,0.0,5.72,45.0,45.01,0.0,0.0,0.0,120.0,54.09,0.0,0.88,0.0,0.0,0.0,83.83,0.0,58.46,70.99,82.46,43.06
2018-08-28 18:32:00,2,1,78.18,85.0,55.0,80.99,54.15,78.18,1.0,0.0,5.72,45.0,45.01,0.0,0.0,0.0,120.0,54.15,0.0,0.88,0.0,0.0,0.0,83.8,0.0,58.47,70.95,82.28,43.16
2018-08-28 18:33:00,2,1,78.18,85.0,55.0,80.97,54.2,78.18,1.0,0.0,5.72,45.0,45.01,0.0,0.0,0.0,120.0,54.2,0.0,0.88,0.0,0.0,0.0,83.77,0.0,58.49,70.91,82.1,43.27
2018-08-28 18:34:00,2,1,78.18,85.0,55.0,80.96,54.26,78.18,1.0,0.0,5.72,45.0,45.01,0.0,0.0,0.0,120.0,54.26,0.0,0.88,0.0,0.0,0.0,83.73,0.0,58.51,70.87,81.93,43.38
2018-08-28 18:35:00,2,1,78.19,85.0,55.0,80.94,54.32,78.19,1.0,0.0,5.72,45.0,45.01,0.0,0.0,0.0,120.0,54.32,0.0,0.88,0.0,0.0,0.0,83.7,0.0,58.53,70.83,81.76,43.49
2018-08-28 18:36:00,2,1,78.18,85.0,55.0,80.93,54.38,78.18,1.0,0.0,5.72,45.0,45.01,0.0,0.0,0.0,120.0,54.38,0.0,0.88,0.0,0.0,0.0,83.67,0.0,58.55,70.79,81.59,43.61
2018-08-28 18:37:00,2,1,78.18,85.0,55.0,80.91,54.43,78.18,1.0,0.0,5.72,45.0,45.01,0.0,0.0,0.0,120.0,54.43,0.0,0.88,0.0,0.0,0.0,83.64,0.0,58.58,70.76,81.42,43.72
2018-08-28 18:38:00,2,1,78.18,85.0,55.0,80.89,54.49,78.18,1.0,0.0,5.72,45.0,45.01,0.0,0.0,0.0,120.0,54.49,0.0,0.88,0.0,0.0,0.0,83.6,0.0,58.61,70.72,81.26,43.84
2018-08-28 18:39:00,2,1,78.17,85.0,55.0,80.87,54.54,78.17,1.0,0.0,5.72,45.0,45.01,0.0,0.0,0.0,120.0,54.54,0.0,0.88,0.0,0.0,0.0,83.57,0.0,58.63,70.68,81.1,43.96
2018-08-28 18:40:00,2,1,78.16,85.0,55.0,80.85,54.6,78.16,1.0,0.0,5.72,45.0,45.01,0.0,0.0,0.0,120.0,54.6,0.0,0.88,0.0,0.0,0.0,83.54,0.0,58.66,70.64,80.94,44.08
2018-08-28 18:41:00,2,1,78.15,85.0,55.0,80.83,54.65,78.15,1.0,0.0,5.72,45.0,45.01,0.0,0.0,0.0,120.0,54.65,0.0,0.88,0.0,0.0,0.0,83.51,0.0,58.69,70.61,80.78,44.2
2018-08-28 18:42:00,2,1,78.14,85.0,55.0,80.81,54.71,78.14,1.0,0.0,5.72,45.0,45.01,0.0,0.0,0.0,120.0,54.71,0.0,0.88,0.0,0.0,0.0,83.48,0.0,58.72,70.57,80.62,44.33
2018-08-28 18:43:00,2,1,78.13,85.0,55.0,80.79,54.76,78.13,1.0,0.0,5.72,45.0,45.01,0.0,0.0,0.0,120.0,54.76,0.0,0.88,0.0,0.0,0.0,83.44,0.0,58.75,70.53,80.47,44.45
2018-08-28 18:44:00,2,1,78.12,85.0,55.0,80.77,54.81,78.12,1.0,0.0,5.72,45.0,45.01,0.0,0.0,0.0,120.0,54.81,0.0,0.88,0.0,0.0,0.0,83.41,0.0,58.79,70.5,80.32,44.57
2018-08-28 18:45:00,2,1,78.11,85.0,55.0,80.75,54.86,78.11,1.0,0.0,5.72,45.0,45.01,0.0,0.0,0.0,120.0,54.86,0.0,0.88,0.0,0.0,0.0,83.38,0.0,58.82,70.46,80.17,44.7
2018-08-28 18:46:00,2,1,78.1,85.0,55.0,80.72,54.91,78.1,1.0,0.0,5.72,45.0,45.01,0.0,0.0,0.0,120.0,54.91,0.0,0.88,0.0,0.0,0.0,83.35,0.0,58.85,70.43,80.02,44.82
2018-08-28 18:47:00,2,1,78.08,85.0,55.0,80.7,54.97,78.08,1.0,0.0,5.72,45.0,45.01,0.0,0.0,0.0,120.0,54.97,0.0,0.88,0.0,0.0,0.0,83.32,0.0,58.89,70.39,79.88,44.95
2018-08-28 18:48:00,2,1,78.07,85.0,55.0,80.68,55.02,78.07,1.0,0.0,5.72,45.0,45.01,0.0,0.0,0.0,120.0,55.02,0.0,0.88,0.0,0.0,0.0,83.29,0.0,58.92,70.36,79.73,45.07
2018-08-28 18:49:00,2,1,78.05,85.0,55.0,80.66,55.07,78.05,1.0,0.0,5.72,45.0,45.01,0.0,0.0,0.0,120.0,55.07,0.0,0.88,0.0,0.0,0.0,83.26,0.0,58.96,70.33,79.59,45.2
2018-08-28 18:50:00,2,1,78.04,85.0,55.0,80.64,55.12,78.04,1.0,0.0,5.72,45.0,45.01,0.0,0.0,0.0,120.0,55.12,0.0,0.88,0.0,0.0,0.0,83.23,0.0,58.99,70.29,79.45,45.32
2018-08-28 18:51:00,2,1,78.02,85.0,55.0,80.61,55.17,78.02,1.0,0.0,5.72,45.0,45.01,0.0,0.0,0.0,120.0,55.17,0.0,0.88,0.0,0.0,0.0,83.2,0.0,59.03,70.26,79.31,45.45
2018-08-28 18:52:00,2,1,78.01,85.0,55.0,80.59,55.21,78.01,1.0,0.0,5.72,45.0,45.01,0.0,0.0,0.0,120.0,55.21,0.0,0.88,0.0,0.0,0.0,83.17,0.0,59.07,70.23,79.18,45.57
2018-08-28 18:53:00,2,1,77.99,85.0,55.0,80.57,55.26,77.99,1.0,0.0,5.72,45.0,45.01,0.0,0.0,0.0,120.0,55.26,0.0,0.88,0.0,0.0,0.0,83.15,0.0,59.1,70.2,79.04,45.69
2018-08-28 18:54:00,2,1,77.98,85.0,55.0,80.55,55.31,77.98,1.0,0.0,5.72,45.0,45.01,0.0,0.0,0.0,120.0,55.31,0.0,0.88,0.0,0.0,0.0,83.12,0.0,59.14,70.17,78.91,45.82
2018-08-28 18:55:00,2,1,77.96,85.0,55.0,80.52,55.36,77.96,1.0,0.0,5.72,45.0,45.01,0.0,0.0,0.0,120.0,55.36,0.0,0.88,0.0,0.0,0.0,83.09,0.0,59.18,70.14,78.78,45.94
2018-08-28 18:56:00,2,1,77.94,85.0,55.0,80.5,55.4,77.94,1.0,0.0,5.72,45.0,45.01,0.0,0.0,0.0,120.0,55.4,0.0,0.88,0.0,0.0,0.0,83.06,0.0,59.22,70.11,78.65,46.06
2018-08-28 18:57:00,2,1,77.93,85.0,55.0,80.48,55.45,77.93,1.0,0.0,5.72,45.0,45.01,0.0,0.0,0.0,120.0,55.45,0.0,0.88,0.0,0.0,0.0,83.03,0.0,59.26,70.09,78.52,46.18
2018-08-28 18:58:00,2,1,77.91,85.0,55.0,80.46,55.5,77.91,1.0,0.0,5.72,45.0,45.01,0.0,0.0,0.0,120.0,55.5,0.0,0.88,0.0,0.0,0.0,83.01,0.0,59.3,70.06,78.4,46.3
2018-08-28 18:59:00,2,1,77.9,85.0,55.0,80.44,55.54,77.9,1.0,0.0,5.72,45.0,45.01,0.0,0.0,0.0,120.0,55.54,0.0,0.88,0.0,0.0,0.0,82.98,0.0,59.33,70.04,78.27,46.42
2018-08-28 19:00:00,2,1,77.88,85.0,55.0,80.42,55.59,77.88,1.0,0.0,5.72,45.0,45.01,0.0,0.0,0.0,120.0,55.59,0.0,0.88,0.0,0.0,0.0,82.95,0.0,59.37,70.01,78.15,46.54
2018-08-28 19:01:00,2,1,77.86,85.0,55.0,80.4,55.63,77.86,1.0,0.0,5.72,45.0,45.01,0.0,0.0,0.0,120.0,55.63,0.0,0.88,0.0,0.0,0.0,82.93,0.0,59.42,70.01,78.03,46.66
2018-08-28 19:02:00,2,1,77.85,85.0,55.0,80.38,55.68,77.85,1.0,0.0,5.72,45.0,45.01,0.0,0.0,0.0,120.0,55.68,0.0,0.88,0.0,0.0,0.0,82.91,0.0,59.48,70.02,77.91,46.78
2018-08-28 19:03:00,2,1,77.84,85.0,55.0,80.37,55.72,77.84,1.0,0.0,5.72,45.0,45.01,0.0,0.0,0.0,120.0,55.72,0.0,0.88,0.0,0.0,0.0,82.9,0.0,59.54,70.03,77.79,46.89
2018-08-28 19:04:00,2,1,77.83,85.0,55.0,80.35,55.76,77.83,1.0,0.0,5.72,45.0,45.01,0.0,0.0,0.0,120.0,55.76,0.0,0.88,0.0,0.0,0.0,82.88,0.0,59.6,70.05,77.67,47.0
2018-08-28 19:05:00,2,1,77.82,85.0,55.0,80.34,55.81,77.82,1.0,0.0,5.72,45.0,45.01,0.0,0.0,0.0,120.0,55.81,0.0,0.88,0.0,0.0,0.0,82.86,0.0,59.65,70.06,77.55,47.11
2018-08-28 19:06:00,2,1,77.81,85.0,55.0,80.33,55.85,77.81,1.0,0.0,5.72,45.0,45.01,0.0,0.0,0.0,120.0,55.85,0.0,0.88,0.0,0.0,0.0,82.84,0.0,59.71,70.08,77.44,47.21
2018-08-28 19:07:00,2,1,77.8,85.0,55.0,80.31,55.89,77.8,1.0,0.0,5.72,45.0,45.01,0.0,0.0,0.0,120.0,55.89,0.0,0.88,0.0,0.0,0.0,82.83,0.0,59.76,70.09,77.32,47.31
2018-08-28 19:08:00,2,1,77.79,85.0,55.0,80.3,55.94,77.79,1.0,0.0,5.72,45.0,45.01,0.0,0.0,0.0,120.0,55.94,0.0,0.88,0.0,0.0,0.0,82.81,0.0,59.81,70.11,77.21,47.42
2018-08-28 19:09:00,2,1,77.79,85.0,55.0,80.29,55.98,77.79,1.0,0.0,5.72,45.0,45.01,0.0,0.0,0.0,120.0,55.98,0.0,0.88,0.0,0.0,0.0,82.8,0.0,59.87,70.13,77.1,47.52
2018-08-28 19:10:00,2,1,77.78,85.0,55.0,80.28,56.02,77.78,1.0,0.0,5.72,45.0,45.01,0.0,0.0,0.0,120.0,56.02,0.0,0.88,0.0,0.0,0.0,82.78,0.0,59.92,70.15,76.98,47.61
2018-08-28 19:11:00,2,1,77.78,85.0,55.0,80.27,56.06,77.78,1.0,0.0,5.72,45.0,45.01,0.0,0.0,0.0,120.0,56.06,0.0,0.88,0.0,0.0,0.0,82.77,0.0,59.98,70.17,76.87,47.71
2018-08-28 19:12:00,2,1,77.78,85.0,55.0,80.26,56.11,77.78,1.0,0.0,5.72,45.0,45.01,0.0,0.0,0.0,120.0,56.11,0.0,0.88,0.0,0.0,0.0,82.75,0.0,60.03,70.19,76.76,47.81
2018-08-28 19:13:00,2,1,77.78,85.0,55.0,80.26,56.15,77.78,1.0,0.0,5.72,45.0,45.01,0.0,0.0,0.0,120.0,56.15,0.0,0.88,0.0,0.0,0.0,82.73,0.0,60.08,70.22,76.65,47.9
2018-08-28 19:14:00,2,1,77.77,85.0,55.0,80.25,56.19,77.77,1.0,0.0,5.72,45.0,45.01,0.0,0.0,0.0,120.0,56.19,0.0,0.88,0.0,0.0,0.0,82.72,0.0,60.13,70.24,76.54,47.99
2018-08-28 19:15:00,2,1,77.77,85.0,55.0,80.24,56.23,77.77,1.0,0.0,5.72,45.0,45.01,0.0,0.0,0.0,120.0,56.23,0.0,0.88,0.0,0.0,0.0,82.7,0.0,60.19,70.26,76.43,48.08
2018-08-28 19:16:00,2,1,77.77,85.0,55.0,80.23,56.27,77.77,1.0,0.0,5.72,45.0,45.01,0.0,0.0,0.0,120.0,56.27,0.0,0.88,0.0,0.0,0.0,82.69,0.0,60.24,70.29,76.33,48.17
2018-08-28 19:17:00,2,1,77.77,85.0,55.0,80.22,56.31,77.77,1.0,0.0,5.72,45.0,45.01,0.0,0.0,0.0,120.0,56.31,0.0,0.88,0.0,0.0,0.0,82.68,0.0,60.29,70.32,76.22,48.26
2018-08-28 19:18:00,2,1,77.78,85.0,55.0,80.22,56.36,77.78,1.0,0.0,5.72,45.0,45.01,0.0,0.0,0.0,120.0,56.36,0.0,0.88,0.0,0.0,0.0,82.66,0.0,60.34,70.34,76.12,48.35
2018-08-28 19:19:00,2,1,77.78,85.0,55.0,80.21,56.4,77.78,1.0,0.0,5.72,45.0,45.01,0.0,0.0,0.0,120.0,56.4,0.0,0.88,0.0,0.0,0.0,82.65,0.0,60.39,70.37,76.01,48.44
2018-08-28 19:20:00,2,1,77.78,85.0,55.0,80.21,56.44,77.78,1.0,0.0,5.72,45.0,45.01,0.0,0.0,0.0,120.0,56.44,0.0,0.88,0.0,0.0,0.0,82.63,0.0,60.45,70.4,75.91,48.52
2018-08-28 19:21:00,2,1,77.78,85.0,55.0,80.2,56.48,77.78,1.0,0.0,5.72,45.0,45.01,0.0,0.0,0.0,120.0,56.48,0.0,0.88,0.0,0.0,0.0,82.62,0.0,60.5,70.43,75.8,48.61
2018-08-28 19:22:00,2,1,77.78,85.0,55.0,80.19,56.52,77.78,1.0,0.0,5.72,45.0,45.01,0.0,0.0,0.0,120.0,56.52,0.0,0.88,0.0,0.0,0.0,82.61,0.0,60.55,70.46,75.7,48.69
2018-08-28 19:23:00,2,1,77.79,85.0,55.0,80.19,56.56,77.79,1.0,0.0,5.72,45.0,45.01,0.0,0.0,0.0,120.0,56.56,0.0,0.88,0.0,0.0,0.0,82.59,0.0,60.6,70.49,75.6,48.78
2018-08-28 19:24:00,2,1,77.79,85.0,55.0,80.18,56.6,77.79,1.0,0.0,5.72,45.0,45.01,0.0,0.0,0.0,120.0,56.6,0.0,0.88,0.0,0.0,0.0,82.58,0.0,60.65,70.52,75.5,48.86
2018-08-28 19:25:00,2,1,77.8,85.0,55.0,80.18,56.64,77.8,1.0,0.0,5.72,45.0,45.01,0.0,0.0,0.0,120.0,56.64,0.0,0.88,0.0,0.0,0.0,82.56,0.0,60.71,70.56,75.4,48.94
2018-08-28 19:26:00,2,1,77.8,85.0,55.0,80.18,56.68,77.8,1.0,0.0,5.72,45.0,45.01,0.0,0.0,0.0,120.0,56.68,0.0,0.88,0.0,0.0,0.0,82.55,0.0,60.76,70.59,75.3,49.03
2018-08-28 19:27:00,2,1,77.8,85.0,55.0,80.17,56.72,77.8,1.0,0.0,5.72,45.0,45.01,0.0,0.0,0.0,120.0,56.72,0.0,0.88,0.0,0.0,0.0,82.54,0.0,60.81,70.62,75.2,49.11
2018-08-28 19:28:00,2,1,77.81,85.0,55.0,80.17,56.76,77.81,1.0,0.0,5.72,45.0,45.01,0.0,0.0,0.0,120.0,56.76,0.0,0.88,0.0,0.0,0.0,82.52,0.0,60.86,70.66,75.1,49.19
2018-08-28 19:29:00,2,1,77.82,85.0,55.0,80.16,56.79,77.82,1.0,0.0,5.72,45.0,45.01,0.0,0.0,0.0,120.0,56.79,0.0,0.88,0.0,0.0,0.0,82.51,0.0,60.91,70.69,75.0,49.27
2018-08-28 19:30:00,2,1,77.82,85.0,55.0,80.16,56.83,77.82,1.0,0.0,5.72,45.0,45.01,0.0,0.0,0.0,120.0,56.83,0.0,0.88,0.0,0.0,0.0,82.5,0.0,60.96,70.73,74.9,49.35
2018-08-28 19:31:00,2,1,77.83,85.0,55.0,80.16,56.87,77.83,1.0,0.0,5.72,45.0,45.01,0.0,0.0,0.0,120.0,56.87,0.0,0.88,0.0,0.0,0.0,82.48,0.0,61.02,70.76,74.8,49.43
2018-08-28 19:32:00,2,1,77.83,85.0,55.0,80.15,56.91,77.83,1.0,0.0,5.72,45.0,45.01,0.0,0.0,0.0,120.0,56.91,0.0,0.88,0.0,0.0,0.0,82.47,0.0,61.07,70.8,74.71,49.5
2018-08-28 19:33:00,2,1,77.84,85.0,55.0,80.15,56.95,77.84,1.0,0.0,5.72,45.0,45.01,0.0,0.0,0.0,120.0,56.95,0.0,0.88,0.0,0.0,0.0,82.46,0.0,61.12,70.84,74.61,49.58
2018-08-28 19:34:00,2,1,77.85,85.0,55.0,80.14,56.99,77.85,1.0,0.0,5.72,45.0,45.01,0.0,0.0,0.0,120.0,56.99,0.0,0.88,0.0,0.0,0.0,82.44,0.0,61.17,70.88,74.52,49.66
2018-08-28 19:35:00,2,1,77.85,85.0,55.0,80.14,57.03,77.85,1.0,0.0,5.72,45.0,45.01,0.0,0.0,0.0,120.0,57.03,0.0,0.88,0.0,0.0,0.0,82.43,0.0,61.23,70.91,74.42,49.74
2018-08-28 19:36:00,2,1,77.86,85.0,55.0,80.14,57.06,77.86,1.0,0.0,5.72,45.0,45.01,0.0,0.0,0.0,120.0,57.06,0.0,0.88,0.0,0.0,0.0,82.41,0.0,61.28,70.95,74.33,49.81
2018-08-28 19:37:00,2,1,77.87,85.0,55.0,80.14,57.1,77.87,1.0,0.0,5.72,45.0,45.01,0.0,0.0,0.0,120.0,57.1,0.0,0.88,0.0,0.0,0.0,82.4,0.0,61.33,70.99,74.23,49.89
2018-08-28 19:38:00,2,1,77.88,85.0,55.0,80.13,57.14,77.88,1.0,0.0,5.72,45.0,45.01,0.0,0.0,0.0,120.0,57.14,0.0,0.88,0.0,0.0,0.0,82.39,0.0,61.38,71.03,74.14,49.97
2018-08-28 19:39:00,2,1,77.88,85.0,55.0,80.13,57.18,77.88,1.0,0.0,5.72,45.0,45.01,0.0,0.0,0.0,120.0,57.18,0.0,0.88,0.0,0.0,0.0,82.37,0.0,61.44,71.07,74.05,50.04
2018-08-28 19:40:00,2,1,77.89,85.0,55.0,80.13,57.22,77.89,1.0,0.0,5.72,45.0,45.01,0.0,0.0,0.0,120.0,57.22,0.0,0.88,0.0,0.0,0.0,82.36,0.0,61.49,71.11,73.96,50.12
2018-08-28 19:41:00,2,1,77.9,85.0,55.0,80.12,57.25,77.9,1.0,0.0,5.72,45.0,45.01,0.0,0.0,0.0,120.0,57.25,0.0,0.88,0.0,0.0,0.0,82.35,0.0,61.54,71.15,73.86,50.19
2018-08-28 19:42:00,2,1,77.91,85.0,55.0,80.12,57.29,77.91,1.0,0.0,5.72,45.0,45.01,0.0,0.0,0.0,120.0,57.29,0.0,0.88,0.0,0.0,0.0,82.33,0.0,61.59,71.19,73.77,50.27
2018-08-28 19:43:00,2,1,77.92,85.0,55.0,80.12,57.33,77.92,1.0,0.0,5.72,45.0,45.01,0.0,0.0,0.0,120.0,57.33,0.0,0.88,0.0,0.0,0.0,82.32,0.0,61.65,71.24,73.68,50.34
2018-08-28 19:44:00,2,1,77.92,85.0,55.0,80.11,57.37,77.92,1.0,0.0,5.72,45.0,45.01,0.0,0.0,0.0,120.0,57.37,0.0,0.88,0.0,0.0,0.0,82.3,0.0,61.7,71.28,73.59,50.42
2018-08-28 19:45:00,2,1,77.93,85.0,55.0,80.11,57.4,77.93,1.0,0.0,5.72,45.0,45.01,0.0,0.0,0.0,120.0,57.4,0.0,0.88,0.0,0.0,0.0,82.29,0.0,61.75,71.32,73.5,50.49
2018-08-28 19:46:00,2,1,77.94,85.0,55.0,80.11,57.44,77.94,1.0,0.0,5.72,45.0,45.01,0.0,0.0,0.0,120.0,57.44,0.0,0.88,0.0,0.0,0.0,82.27,0.0,61.81,71.36,73.41,50.57
2018-08-28 19:47:00,2,1,77.95,85.0,55.0,80.1,57.48,77.95,1.0,0.0,5.72,45.0,45.01,0.0,0.0,0.0,120.0,57.48,0.0,0.88,0.0,0.0,0.0,82.26,0.0,61.86,71.41,73.32,50.64
2018-08-28 19:48:00,2,1,77.96,85.0,55.0,80.1,57.52,77.96,1.0,0.0,5.72,45.0,45.01,0.0,0.0,0.0,120.0,57.52,0.0,0.88,0.0,0.0,0.0,82.24,0.0,61.91,71.45,73.24,50.72
2018-08-28 19:49:00,2,1,77.96,85.0,55.0,80.1,57.55,77.96,1.0,0.0,5.72,45.0,45.01,0.0,0.0,0.0,120.0,57.55,0.0,0.88,0.0,0.0,0.0,82.23,0.0,61.97,71.49,73.15,50.79
2018-08-28 19:50:00,2,1,77.97,85.0,55.0,80.09,57.59,77.97,1.0,0.0,5.72,45.0,45.01,0.0,0.0,0.0,120.0,57.59,0.0,0.88,0.0,0.0,0.0,82.21,0.0,62.02,71.54,73.06,50.87
2018-08-28 19:51:00,2,1,77.98,85.0,55.0,80.09,57.62,77.98,1.0,0.0,5.72,45.0,45.01,0.0,0.0,0.0,120.0,57.62,0.0,0.88,0.0,0.0,0.0,82.2,0.0,62.07,71.58,72.97,50.94
2018-08-28 19:52:00,2,1,77.99,85.0,55.0,80.09,57.66,77.99,1.0,0.0,5.72,45.0,45.01,0.0,0.0,0.0,120.0,57.66,0.0,0.88,0.0,0.0,0.0,82.18,0.0,62.13,71.62,72.89,51.02
2018-08-28 19:53:00,2,1,78.0,85.0,55.0,80.08,57.7,78.0,1.0,0.0,5.72,45.0,45.01,0.0,0.0,0.0,120.0,57.7,0.0,0.88,0.0,0.0,0.0,82.17,0.0,62.18,71.67,72.8,51.09
2018-08-28 19:54:00,2,1,78.0,85.0,55.0,80.08,57.73,78.0,1.0,0.0,5.72,45.0,45.01,0.0,0.0,0.0,120.0,57.73,0.0,0.88,0.0,0.0,0.0,82.15,0.0,62.24,71.71,72.72,51.17
2018-08-28 19:55:00,2,1,78.01,85.0,55.0,80.07,57.77,78.01,1.0,0.0,5.72,45.0,45.01,0.0,0.0,0.0,120.0,57.77,0.0,0.88,0.0,0.0,0.0,82.13,0.0,62.29,71.76,72.63,51.24
2018-08-28 19:56:00,2,1,78.02,85.0,55.0,80.07,57.81,78.02,1.0,0.0,5.72,45.0,45.01,0.0,0.0,0.0,120.0,57.81,0.0,0.88,0.0,0.0,0.0,82.12,0.0,62.34,71.8,72.55,51.31
2018-08-28 19:57:00,2,1,78.03,85.0,55.0,80.06,57.84,78.03,1.0,0.0,5.72,45.0,45.01,0.0,0.0,0.0,120.0,57.84,0.0,0.88,0.0,0.0,0.0,82.1,0.0,62.4,71.85,72.46,51.39
2018-08-28 19:58:00,2,1,78.03,85.0,55.0,80.06,57.88,78.03,1.0,0.0,5.72,45.0,45.01,0.0,0.0,0.0,120.0,57.88,0.0,0.88,0.0,0.0,0.0,82.08,0.0,62.45,71.89,72.38,51.46
2018-08-28 19:59:00,2,1,78.04,85.0,55.0,80.05,57.91,78.04,1.0,0.0,5.72,45.0,45.01,0.0,0.0,0.0,120.0,57.91,0.0,0.88,0.0,0.0,0.0,82.07,0.0,62.51,71.94,72.3,51.54
2018-08-28 20:00:00,2,1,78.05,85.0,55.0,80.05,57.95,78.05,1.0,0.0,5.72,45.0,45.01,0.0,0.0,0.0,120.0,57.95,0.0,0.88,0.0,0.0,0.0,82.05,0.0,62.56,71.98,72.21,51.61
2018-08-28 20:01:00,2,1,78.05,85.0,55.0,80.04,57.98,78.05,1.0,0.0,5.72,45.0,45.01,0.0,0.0,0.0,120.0,57.98,0.0,0.88,0.0,0.0,0.0,82.02,0.0,62.61,72.02,72.13,51.69
2018-08-28 20:02:00,2,1,78.06,85.0,55.0,80.03,58.02,78.06,1.0,0.0,5.72,45.0,45.01,0.0,0.0,0.0,120.0,58.02,0.0,0.88,0.0,0.0,0.0,81.99,0.0,62.66,72.05,72.05,51.77
2018-08-28 20:03:00,2,1,78.06,85.0,55.0,80.01,58.06,78.06,1.0,0.0,5.72,45.0,45.01,0.0,0.0,0.0,120.0,58.06,0.0,0.88,0.0,0.0,0.0,81.96,0.0,62.7,72.08,71.97,51.85
2018-08-28 20:04:00,2,1,78.06,85.0,55.0,80.0,58.09,78.06,1.0,0.0,5.72,45.0,45.01,0.0,0.0,0.0,120.0,58.09,0.0,0.88,0.0,0.0,0.0,81.93,0.0,62.75,72.11,71.89,51.93
2018-08-28 20:05:00,2,1,78.06,85.0,55.0,79.98,58.12,78.06,1.0,0.0,5.72,45.0,45.01,0.0,0.0,0.0,120.0,58.12,0.0,0.88,0.0,0.0,0.0,81.9,0.0,62.8,72.14,71.81,52.02
2018-08-28 20:06:00,2,1,78.06,85.0,55.0,79.97,58.16,78.06,1.0,0.0,5.72,45.0,45.01,0.0,0.0,0.0,120.0,58.16,0.0,0.88,0.0,0.0,0.0,81.87,0.0,62.86,72.17,71.73,52.1
2018-08-28 20:07:00,2,1,78.06,85.0,55.0,79.95,58.19,78.06,1.0,0.0,5.72,45.0,45.01,0.0,0.0,0.0,120.0,58.19,0.0,0.88,0.0,0.0,0.0,81.84,0.0,62.91,72.2,71.65,52.19
2018-08-28 20:08:00,2,1,78.05,85.0,55.0,79.93,58.23,78.05,1.0,0.0,5.72,45.0,45.01,0.0,0.0,0.0,120.0,58.23,0.0,0.88,0.0,0.0,0.0,81.81,0.0,62.96,72.23,71.57,52.28
2018-08-28 20:09:00,2,1,78.05,85.0,55.0,79.91,58.26,78.05,1.0,0.0,5.72,45.0,45.01,0.0,0.0,0.0,120.0,58.26,0.0,0.88,0.0,0.0,0.0,81.78,0.0,63.01,72.26,71.5,52.37
2018-08-28 20:10:00,2,1,78.04,85.0,55.0,79.89,58.29,78.04,1.0,0.0,5.72,45.0,45.01,0.0,0.0,0.0,120.0,58.29,0.0,0.88,0.0,0.0,0.0,81.75,0.0,63.07,72.29,71.42,52.46
2018-08-28 20:11:00,2,1,78.04,85.0,55.0,79.87,58.33,78.04,1.0,0.0,5.72,45.0,45.01,0.0,0.0,0.0,120.0,58.33,0.0,0.88,0.0,0.0,0.0,81.71,0.0,63.12,72.32,71.35,52.55
2018-08-28 20:12:00,2,1,78.03,85.0,55.0,79.86,58.36,78.03,1.0,0.0,5.72,45.0,45.01,0.0,0.0,0.0,120.0,58.36,0.0,0.88,0.0,0.0,0.0,81.68,0.0,63.18,72.35,71.27,52.64
2018-08-28 20:13:00,2,1,78.02,85.0,55.0,79.84,58.39,78.02,1.0,0.0,5.72,45.0,45.01,0.0,0.0,0.0,120.0,58.39,0.0,0.88,0.0,0.0,0.0,81.65,0.0,63.23,72.38,71.2,52.74
2018-08-28 20:14:00,2,1,78.01,85.0,55.0,79.81,58.43,78.01,1.0,0.0,5.72,45.0,45.01,0.0,0.0,0.0,120.0,58.43,0.0,0.88,0.0,0.0,0.0,81.62,0.0,63.29,72.41,71.12,52.83
2018-08-28 20:15:00,2,1,78.0,85.0,55.0,79.79,58.46,78.0,1.0,0.0,5.72,45.0,45.01,0.0,0.0,0.0,120.0,58.46,0.0,0.88,0.0,0.0,0.0,81.58,0.0,63.34,72.44,71.05,52.92
2018-08-28 20:16:00,2,1,77.99,85.0,55.0,79.77,58.49,77.99,1.0,0.0,5.72,45.0,45.01,0.0,0.0,0.0,120.0,58.49,0.0,0.88,0.0,0.0,0.0,81.55,0.0,63.4,72.47,70.98,53.02
2018-08-28 20:17:00,2,1,77.98,85.0,55.0,79.75,58.52,77.98,1.0,0.0,5.72,45.0,45.01,0.0,0.0,0.0,120.0,58.52,0.0,0.88,0.0,0.0,0.0,81.52,0.0,63.46,72.5,70.91,53.11
2018-08-28 20:18:00,2,1,77.97,85.0,55.0,79.73,58.55,77.97,1.0,0.0,5.72,45.0,45.01,0.0,0.0,0.0,120.0,58.55,0.0,0.88,0.0,0.0,0.0,81.48,0.0,63.51,72.53,70.84,53.2
2018-08-28 20:19:00,2,1,77.96,85.0,55.0,79.71,58.58,77.96,1.0,0.0,5.72,45.0,45.01,0.0,0.0,0.0,120.0,58.58,0.0,0.88,0.0,0.0,0.0,81.45,0.0,63.57,72.57,70.77,53.3
2018-08-28 20:20:00,2,1,77.95,85.0,55.0,79.68,58.62,77.95,1.0,0.0,5.72,45.0,45.01,0.0,0.0,0.0,120.0,58.62,0.0,0.88,0.0,0.0,0.0,81.42,0.0,63.63,72.6,70.7,53.39
2018-08-28 20:21:00,2,1,77.93,85.0,55.0,79.66,58.65,77.93,1.0,0.0,5.72,45.0,45.01,0.0,0.0,0.0,120.0,58.65,0.0,0.88,0.0,0.0,0.0,81.38,0.0,63.68,72.63,70.63,53.48
2018-08-28 20:22:00,2,1,77.92,85.0,55.0,79.64,58.68,77.92,1.0,0.0,5.72,45.0,45.01,0.0,0.0,0.0,120.0,58.68,0.0,0.88,0.0,0.0,0.0,81.35,0.0,63.74,72.66,70.56,53.58
2018-08-28 20:23:00,2,1,77.91,85.0,55.0,79.61,58.71,77.91,1.0,0.0,5.72,45.0,45.01,0.0,0.0,0.0,120.0,58.71,0.0,0.88,0.0,0.0,0.0,81.32,0.0,63.8,72.69,70.5,53.67
2018-08-28 20:24:00,2,1,77.89,85.0,55.0,79.59,58.74,77.89,1.0,0.0,5.72,45.0,45.01,0.0,0.0,0.0,120.0,58.74,0.0,0.88,0.0,0.0,0.0,81.28,0.0,63.86,72.72,70.43,53.77
2018-08-28 20:25:00,2,1,77.88,85.0,55.0,79.56,58.77,77.88,1.0,0.0,5.72,45.0,45.01,0.0,0.0,0.0,120.0,58.77,0.0,0.88,0.0,0.0,0.0,81.25,0.0,63.91,72.75,70.36,53.86
2018-08-28 20:26:00,2,1,77.87,85.0,55.0,79.54,58.8,77.87,1.0,0.0,5.72,45.0,45.01,0.0,0.0,0.0,120.0,58.8,0.0,0.88,0.0,0.0,0.0,81.21,0.0,63.97,72.79,70.3,53.95
2018-08-28 20:27:00,2,1,77.85,85.0,55.0,79.52,58.83,77.85,1.0,0.0,5.72,45.0,45.01,0.0,0.0,0.0,120.0,58.83,0.0,0.88,0.0,0.0,0.0,81.18,0.0,64.03,72.82,70.23,54.04
2018-08-28 20:28:00,2,1,77.84,85.0,55.0,79.49,58.85,77.84,1.0,0.0,5.72,45.0,45.01,0.0,0.0,0.0,120.0,58.85,0.0,0.88,0.0,0.0,0.0,81.15,0.0,64.09,72.85,70.17,54.14
2018-08-28 20:29:00,2,1,77.82,85.0,55.0,79.47,58.88,77.82,1.0,0.0,5.72,45.0,45.01,0.0,0.0,0.0,120.0,58.88,0.0,0.88,0.0,0.0,0.0,81.11,0.0,64.14,72.88,70.11,54.23
2018-08-28 20:30:00,2,1,77.81,85.0,55.0,79.44,58.91,77.81,1.0,0.0,5.72,45.0,45.01,0.0,0.0,0.0,120.0,58.91,0.0,0.88,0.0,0.0,0.0,81.08,0.0,64.2,72.91,70.04,54.32
2018-08-28 20:31:00,2,1,77.79,85.0,55.0,79.42,58.94,77.79,1.0,0.0,5.72,45.0,45.01,0.0,0.0,0.0,120.0,58.94,0.0,0.88,0.0,0.0,0.0,81.04,0.0,64.26,72.95,69.98,54.41
2018-08-28 20:32:00,2,1,77.77,85.0,55.0,79.39,58.97,77.77,1.0,0.0,5.72,45.0,45.01,0.0,0.0,0.0,120.0,58.97,0.0,0.88,0.0,0.0,0.0,81.01,0.0,64.31,72.98,69.92,54.5
2018-08-28 20:33:00,2,1,77.76,85.0,55.0,79.37,59.0,77.76,1.0,0.0,5.72,45.0,45.01,0.0,0.0,0.0,120.0,59.0,0.0,0.88,0.0,0.0,0.0,80.97,0.0,64.37,73.01,69.86,54.59
2018-08-28 20:34:00,2,1,77.74,85.0,55.0,79.34,59.02,77.74,1.0,0.0,5.72,45.0,45.01,0.0,0.0,0.0,120.0,59.02,0.0,0.88,0.0,0.0,0.0,80.94,0.0,64.43,73.05,69.78,54.68
2018-08-28 20:35:00,2,1,77.72,85.0,55.0,79.31,59.05,77.72,1.0,0.0,5.72,45.0,45.01,0.0,0.0,0.0,120.0,59.05,0.0,0.88,0.0,0.0,0.0,80.91,0.0,64.48,73.08,69.7,54.77
2018-08-28 20:36:00,2,1,77.71,85.0,55.0,79.29,59.08,77.71,1.0,0.0,5.72,45.0,45.01,0.0,0.0,0.0,120.0,59.08,0.0,0.88,0.0,0.0,0.0,80.87,0.0,64.54,73.11,69.63,54.85
2018-08-28 20:37:00,2,1,77.69,85.0,55.0,79.26,59.11,77.69,1.0,0.0,5.72,45.0,45.01,0.0,0.0,0.0,120.0,59.11,0.0,0.88,0.0,0.0,0.0,80.84,0.0,64.6,73.15,69.55,54.94
2018-08-28 20:38:00,2,1,77.67,85.0,55.0,79.24,59.13,77.67,1.0,0.0,5.72,45.0,45.01,0.0,0.0,0.0,120.0,59.13,0.0,0.88,0.0,0.0,0.0,80.8,0.0,64.65,73.18,69.47,55.03
2018-08-28 20:39:00,2,1,77.66,85.0,55.0,79.21,59.16,77.66,1.0,0.0,5.72,45.0,45.01,0.0,0.0,0.0,120.0,59.16,0.0,0.88,0.0,0.0,0.0,80.77,0.0,64.71,73.21,69.4,55.11
2018-08-28 20:40:00,2,1,77.64,85.0,55.0,79.19,59.18,77.64,1.0,0.0,5.72,45.0,45.01,0.0,0.0,0.0,120.0,59.18,0.0,0.88,0.0,0.0,0.0,80.73,0.0,64.77,73.25,69.33,55.2
2018-08-28 20:41:00,2,1,77.62,85.0,55.0,79.16,59.21,77.62,1.0,0.0,5.72,45.0,45.01,0.0,0.0,0.0,120.0,59.21,0.0,0.88,0.0,0.0,0.0,80.7,0.0,64.82,73.28,69.25,55.28
2018-08-28 20:42:00,2,1,77.6,85.0,55.0,79.13,59.24,77.6,1.0,0.0,5.72,45.0,45.01,0.0,0.0,0.0,120.0,59.24,0.0,0.88,0.0,0.0,0.0,80.67,0.0,64.88,73.32,69.18,55.37
2018-08-28 20:43:00,2,1,77.59,85.0,55.0,79.11,59.26,77.59,1.0,0.0,5.72,45.0,45.01,0.0,0.0,0.0,120.0,59.26,0.0,0.88,0.0,0.0,0.0,80.63,0.0,64.93,73.35,69.11,55.45
2018-08-28 20:44:00,2,1,77.57,85.0,55.0,79.08,59.29,77.57,1.0,0.0,5.72,45.0,45.01,0.0,0.0,0.0,120.0,59.29,0.0,0.88,0.0,0.0,0.0,80.6,0.0,64.99,73.39,69.04,55.53
2018-08-28 20:45:00,2,1,77.55,85.0,55.0,79.06,59.31,77.55,1.0,0.0,5.72,45.0,45.01,0.0,0.0,0.0,120.0,59.31,0.0,0.88,0.0,0.0,0.0,80.56,0.0,65.04,73.42,68.97,55.61
2018-08-28 20:46:00,2,1,77.54,85.0,55.0,79.03,59.34,77.54,1.0,0.0,5.72,45.0,45.01,0.0,0.0,0.0,120.0,59.34,0.0,0.88,0.0,0.0,0.0,80.53,0.0,65.09,73.46,68.9,55.69
2018-08-28 20:47:00,2,1,77.52,85.0,55.0,79.01,59.36,77.52,1.0,0.0,5.72,45.0,45.01,0.0,0.0,0.0,120.0,59.36,0.0,0.88,0.0,0.0,0.0,80.5,0.0,65.15,73.49,68.83,55.77
2018-08-28 20:48:00,2,1,77.5,85.0,55.0,78.98,59.38,77.5,1.0,0.0,5.72,45.0,45.01,0.0,0.0,0.0,120.0,59.38,0.0,0.88,0.0,0.0,0.0,80.46,0.0,65.2,73.53,68.76,55.85
2018-08-28 20:49:00,2,1,77.48,85.0,55.0,78.96,59.41,77.48,1.0,0.0,5.72,45.0,45.01,0.0,0.0,0.0,120.0,59.41,0.0,0.88,0.0,0.0,0.0,80.43,0.0,65.26,73.57,68.7,55.93
2018-08-28 20:50:00,2,1,77.47,85.0,55.0,78.93,59.43,77.47,1.0,0.0,5.72,45.0,45.01,0.0,0.0,0.0,120.0,59.43,0.0,0.88,0.0,0.0,0.0,80.4,0.0,65.31,73.6,68.63,56.01
2018-08-28 20:51:00,2,1,77.45,85.0,55.0,78.91,59.46,77.45,1.0,0.0,5.72,45.0,45.01,0.0,0.0,0.0,120.0,59.46,0.0,0.88,0.0,0.0,0.0,80.36,0.0,65.36,73.64,68.56,56.08
2018-08-28 20:52:00,2,1,77.43,85.0,55.0,78.88,59.48,77.43,1.0,0.0,5.72,45.0,45.01,0.0,0.0,0.0,120.0,59.48,0.0,0.88,0.0,0.0,0.0,80.33,0.0,65.41,73.68,68.5,56.16
2018-08-28 20:53:00,2,1,77.41,85.0,55.0,78.86,59.5,77.41,1.0,0.0,5.72,45.0,45.01,0.0,0.0,0.0,120.0,59.5,0.0,0.88,0.0,0.0,0.0,80.3,0.0,65.47,73.71,68.44,56.23
2018-08-28 20:54:00,2,1,77.4,85.0,55.0,78.83,59.52,77.4,1.0,0.0,5.72,45.0,45.01,0.0,0.0,0.0,120.0,59.52,0.0,0.88,0.0,0.0,0.0,80.27,0.0,65.52,73.75,68.37,56.3
2018-08-28 20:55:00,2,1,77.38,85.0,55.0,78.81,59.55,77.38,1.0,0.0,5.72,45.0,45.01,0.0,0.0,0.0,120.0,59.55,0.0,0.88,0.0,0.0,0.0,80.23,0.0,65.57,73.79,68.31,56.38
2018-08-28 20:56:00,2,1,77.36,85.0,55.0,78.78,59.57,77.36,1.0,0.0,5.72,45.0,45.01,0.0,0.0,0.0,120.0,59.57,0.0,0.88,0.0,0.0,0.0,80.2,0.0,65.62,73.83,68.25,56.45
2018-08-28 20:57:00,2,1,77.35,85.0,55.0,78.76,59.59,77.35,1.0,0.0,5.72,45.0,45.01,0.0,0.0,0.0,120.0,59.59,0.0,0.88,0.0,0.0,0.0,80.17,0.0,65.67,73.86,68.19,56.52
2018-08-28 20:58:00,2,1,77.33,85.0,55.0,78.73,59.61,77.33,1.0,0.0,5.72,45.0,45.01,0.0,0.0,0.0,120.0,59.61,0.0,0.88,0.0,0.0,0.0,80.14,0.0,65.72,73.9,68.13,56.58
2018-08-28 20:59:00,2,1,77.31,85.0,55.0,78.71,59.63,77.31,1.0,0.0,5.72,45.0,45.01,0.0,0.0,0.0,120.0,59.63,0.0,0.88,0.0,0.0,0.0,80.11,0.0,65.77,73.94,68.07,56.65
2018-08-28 21:00:00,2,1,77.3,85.0,55.0,78.69,59.66,77.3,1.0,0.0,5.72,45.0,45.01,0.0,0.0,0.0,120.0,59.66,0.0,0.88,0.0,0.0,0.0,80.07,0.0,65.82,73.98,68.01,56.72
2018-08-28 21:01:00,2,1,77.28,85.0,55.0,78.66,59.68,77.28,1.0,0.0,5.72,45.0,45.01,0.0,0.0,0.0,120.0,59.68,0.0,0.88,0.0,0.0,0.0,80.05,0.0,65.87,74.02,67.95,56.78
2018-08-28 21:02:00,2,1,77.27,85.0,55.0,78.65,59.7,77.27,1.0,0.0,5.72,45.0,45.01,0.0,0.0,0.0,120.0,59.7,0.0,0.88,0.0,0.0,0.0,80.02,0.0,65.93,74.07,67.9,56.84
2018-08-28 21:03:00,2,1,77.26,85.0,55.0,78.63,59.72,77.26,1.0,0.0,5.72,45.0,45.01,0.0,0.0,0.0,120.0,59.72,0.0,0.88,0.0,0.0,0.0,80.0,0.0,65.98,74.12,67.84,56.9
2018-08-28 21:04:00,2,1,77.24,85.0,55.0,78.61,59.74,77.24,1.0,0.0,5.72,45.0,45.01,0.0,0.0,0.0,120.0,59.74,0.0,0.88,0.0,0.0,0.0,79.98,0.0,66.03,74.17,67.78,56.96
2018-08-28 21:05:00,2,1,77.23,85.0,55.0,78.59,59.76,77.23,1.0,0.0,5.72,45.0,45.01,0.0,0.0,0.0,120.0,59.76,0.0,0.88,0.0,0.0,0.0,79.96,0.0,66.08,74.22,67.73,57.01
2018-08-28 21:06:00,2,1,77.23,85.0,55.0,78.58,59.78,77.23,1.0,0.0,5.72,45.0,45.01,0.0,0.0,0.0,120.0,59.78,0.0,0.88,0.0,0.0,0.0,79.93,0.0,66.12,74.26,67.67,57.06
2018-08-28 21:07:00,2,1,77.22,85.0,55.0,78.56,59.8,77.22,1.0,0.0,5.72,45.0,45.01,0.0,0.0,0.0,120.0,59.8,0.0,0.88,0.0,0.0,0.0,79.91,0.0,66.17,74.31,67.62,57.1
2018-08-28 21:08:00,2,1,77.21,85.0,55.0,78.55,59.82,77.21,1.0,0.0,5.72,45.0,45.01,0.0,0.0,0.0,120.0,59.82,0.0,0.88,0.0,0.0,0.0,79.89,0.0,66.21,74.36,67.56,57.15
2018-08-28 21:09:00,2,1,77.2,85.0,55.0,78.54,59.84,77.2,1.0,0.0,5.72,45.0,45.01,0.0,0.0,0.0,120.0,59.84,0.0,0.88,0.0,0.0,0.0,79.87,0.0,66.26,74.41,67.51,57.19
2018-08-28 21:10:00,2,1,77.2,85.0,55.0,78.52,59.86,77.2,1.0,0.0,5.72,45.0,45.01,0.0,0.0,0.0,120.0,59.86,0.0,0.88,0.0,0.0,0.0,79.85,0.0,66.3,74.46,67.46,57.23
2018-08-28 21:11:00,2,1,77.19,85.0,55.0,78.51,59.88,77.19,1.0,0.0,5.72,45.0,45.01,0.0,0.0,0.0,120.0,59.88,0.0,0.88,0.0,0.0,0.0,79.83,0.0,66.34,74.51,67.4,57.27
2018-08-28 21:12:00,2,1,77.19,85.0,55.0,78.5,59.9,77.19,1.0,0.0,5.72,45.0,45.01,0.0,0.0,0.0,120.0,59.9,0.0,0.88,0.0,0.0,0.0,79.8,0.0,66.38,74.56,67.35,57.31
2018-08-28 21:13:00,2,1,77.19,85.0,55.0,78.49,59.92,77.19,1.0,0.0,5.72,45.0,45.01,0.0,0.0,0.0,120.0,59.92,0.0,0.88,0.0,0.0,0.0,79.78,0.0,66.42,74.61,67.3,57.34
2018-08-28 21:14:00,2,1,77.19,85.0,55.0,78.47,59.94,77.19,1.0,0.0,5.72,45.0,45.01,0.0,0.0,0.0,120.0,59.94,0.0,0.88,0.0,0.0,0.0,79.76,0.0,66.46,74.66,67.25,57.38
2018-08-28 21:15:00,2,1,77.18,85.0,55.0,78.46,59.96,77.18,1.0,0.0,5.72,45.0,45.01,0.0,0.0,0.0,120.0,59.96,0.0,0.88,0.0,0.0,0.0,79.74,0.0,66.5,74.71,67.19,57.41
2018-08-28 21:16:00,2,1,77.18,85.0,55.0,78.45,59.98,77.18,1.0,0.0,5.72,45.0,45.01,0.0,0.0,0.0,120.0,59.98,0.0,0.88,0.0,0.0,0.0,79.72,0.0,66.54,74.76,67.14,57.44
2018-08-28 21:17:00,2,1,77.18,85.0,55.0,78.44,60.0,77.18,1.0,0.0,5.72,45.0,45.01,0.0,0.0,0.0,120.0,60.0,0.0,0.88,0.0,0.0,0.0,79.7,0.0,66.58,74.81,67.09,57.47
2018-08-28 21:18:00,2,1,77.18,85.0,55.0,78.43,60.02,77.18,1.0,0.0,5.72,45.0,45.01,0.0,0.0,0.0,120.0,60.02,0.0,0.88,0.0,0.0,0.0,79.68,0.0,66.62,74.86,67.04,57.5
2018-08-28 21:19:00,2,1,77.18,85.0,55.0,78.42,60.03,77.18,1.0,0.0,5.72,45.0,45.01,0.0,0.0,0.0,120.0,60.03,0.0,0.88,0.0,0.0,0.0,79.66,0.0,66.65,74.91,66.99,57.53
2018-08-28 21:20:00,2,1,77.18,85.0,55.0,78.41,60.05,77.18,1.0,0.0,5.72,45.0,45.01,0.0,0.0,0.0,120.0,60.05,0.0,0.88,0.0,0.0,0.0,79.64,0.0,66.69,74.96,66.94,57.56
2018-08-28 21:21:00,2,1,77.18,85.0,55.0,78.4,60.07,77.18,1.0,0.0,5.72,45.0,45.01,0.0,0.0,0.0,120.0,60.07,0.0,0.88,0.0,0.0,0.0,79.63,0.0,66.73,75.01,66.89,57.58
2018-08-28 21:22:00,2,1,77.18,85.0,55.0,78.39,60.09,77.18,1.0,0.0,5.72,45.0,45.01,0.0,0.0,0.0,120.0,60.09,0.0,0.88,0.0,0.0,0.0,79.61,0.0,66.76,75.06,66.85,57.61
2018-08-28 21:23:00,2,1,77.18,85.0,55.0,78.39,60.11,77.18,1.0,0.0,5.72,45.0,45.01,0.0,0.0,0.0,120.0,60.11,0.0,0.88,0.0,0.0,0.0,79.59,0.0,66.8,75.12,66.8,57.63
2018-08-28 21:24:00,2,1,77.19,85.0,55.0,78.38,60.13,77.19,1.0,0.0,5.72,45.0,45.01,0.0,0.0,0.0,120.0,60.13,0.0,0.88,0.0,0.0,0.0,79.57,0.0,66.83,75.17,66.75,57.66
2018-08-28 21:25:00,2,1,77.19,85.0,55.0,78.37,60.15,77.19,1.0,0.0,5.72,45.0,45.01,0.0,0.0,0.0,120.0,60.15,0.0,0.88,0.0,0.0,0.0,79.55,0.0,66.87,75.22,66.7,57.68
2018-08-28 21:26:00,2,1,77.19,85.0,55.0,78.36,60.16,77.19,1.0,0.0,5.72,45.0,45.01,0.0,0.0,0.0,120.0,60.16,0.0,0.88,0.0,0.0,0.0,79.53,0.0,66.9,75.27,66.65,57.7
2018-08-28 21:27:00,2,1,77.19,85.0,55.0,78.35,60.18,77.19,1.0,0.0,5.72,45.0,45.01,0.0,0.0,0.0,120.0,60.18,0.0,0.88,0.0,0.0,0.0,79.51,0.0,66.94,75.32,66.61,57.73
2018-08-28 21:28:00,2,1,77.2,85.0,55.0,78.35,60.2,77.2,1.0,0.0,5.72,45.0,45.01,0.0,0.0,0.0,120.0,60.2,0.0,0.88,0.0,0.0,0.0,79.5,0.0,66.97,75.37,66.56,57.75
2018-08-28 21:29:00,2,1,77.2,85.0,55.0,78.34,60.22,77.2,1.0,0.0,5.72,45.0,45.01,0.0,0.0,0.0,120.0,60.22,0.0,0.88,0.0,0.0,0.0,79.48,0.0,67.0,75.42,66.51,57.77
2018-08-28 21:30:00,2,1,77.2,85.0,55.0,78.33,60.24,77.2,1.0,0.0,5.72,45.0,45.01,0.0,0.0,0.0,120.0,60.24,0.0,0.88,0.0,0.0,0.0,79.46,0.0,67.04,75.47,66.47,57.79
2018-08-28 21:31:00,2,1,77.21,85.0,55.0,78.32,60.25,77.21,1.0,0.0,5.72,45.0,45.01,0.0,0.0,0.0,120.0,60.25,0.0,0.88,0.0,0.0,0.0,79.44,0.0,67.07,75.53,66.42,57.81
2018-08-28 21:32:00,2,1,77.21,85.0,55.0,78.32,60.27,77.21,1.0,0.0,5.72,45.0,45.01,0.0,0.0,0.0,120.0,60.27,0.0,0.88,0.0,0.0,0.0,79.43,0.0,67.1,75.58,66.37,57.83
2018-08-28 21:33:00,2,1,77.21,85.0,55.0,78.31,60.29,77.21,1.0,0.0,5.72,45.0,45.01,0.0,0.0,0.0,120.0,60.29,0.0,0.88,0.0,0.0,0.0,79.41,0.0,67.14,75.63,66.33,57.85
2018-08-28 21:34:00,2,1,77.22,85.0,55.0,78.3,60.31,77.22,1.0,0.0,5.72,45.0,45.01,0.0,0.0,0.0,120.0,60.31,0.0,0.88,0.0,0.0,0.0,79.39,0.0,67.17,75.68,66.28,57.87
2018-08-28 21:35:00,2,1,77.22,85.0,55.0,78.3,60.32,77.22,1.0,0.0,5.72,45.0,45.01,0.0,0.0,0.0,120.0,60.32,0.0,0.88,0.0,0.0,0.0,79.37,0.0,67.2,75.73,66.24,57.89
2018-08-28 21:36:00,2,1,77.23,85.0,55.0,78.29,60.34,77.23,1.0,0.0,5.72,45.0,45.01,0.0,0.0,0.0,120.0,60.34,0.0,0.88,0.0,0.0,0.0,79.36,0.0,67.23,75.78,66.19,57.91
2018-08-28 21:37:00,2,1,77.23,85.0,55.0,78.29,60.36,77.23,1.0,0.0,5.72,45.0,45.01,0.0,0.0,0.0,120.0,60.36,0.0,0.88,0.0,0.0,0.0,79.34,0.0,67.26,75.83,66.15,57.93
2018-08-28 21:38:00,2,1,77.24,85.0,55.0,78.28,60.37,77.24,1.0,0.0,5.72,45.0,45.01,0.0,0.0,0.0,120.0,60.37,0.0,0.88,0.0,0.0,0.0,79.32,0.0,67.3,75.89,66.1,57.94
2018-08-28 21:39:00,2,1,77.24,85.0,55.0,78.27,60.39,77.24,1.0,0.0,5.72,45.0,45.01,0.0,0.0,0.0,120.0,60.39,0.0,0.88,0.0,0.0,0.0,79.31,0.0,67.33,75.94,66.06,57.96
2018-08-28 21:40:00,2,1,77.24,85.0,55.0,78.27,60.41,77.24,1.0,0.0,5.72,45.0,45.01,0.0,0.0,0.0,120.0,60.41,0.0,0.88,0.0,0.0,0.0,79.29,0.0,67.36,75.99,66.02,57.98
2018-08-28 21:41:00,2,1,77.25,85.0,55.0,78.26,60.43,77.25,1.0,0.0,5.72,45.0,45.01,0.0,0.0,0.0,120.0,60.43,0.0,0.88,0.0,0.0,0.0,79.28,0.0,67.39,76.04,65.97,58.0
2018-08-28 21:42:00,2,1,77.25,85.0,55.0,78.26,60.44,77.25,1.0,0.0,5.72,45.0,45.01,0.0,0.0,0.0,120.0,60.44,0.0,0.88,0.0,0.0,0.0,79.26,0.0,67.42,76.09,65.93,58.02
2018-08-28 21:43:00,2,1,77.26,85.0,55.0,78.25,60.46,77.26,1.0,0.0,5.72,45.0,45.01,0.0,0.0,0.0,120.0,60.46,0.0,0.88,0.0,0.0,0.0,79.24,0.0,67.46,76.14,65.89,58.04
2018-08-28 21:44:00,2,1,77.26,85.0,55.0,78.25,60.48,77.26,1.0,0.0,5.72,45.0,45.01,0.0,0.0,0.0,120.0,60.48,0.0,0.88,0.0,0.0,0.0,79.23,0.0,67.49,76.19,65.84,58.05
2018-08-28 21:45:00,2,1,77.27,85.0,55.0,78.24,60.49,77.27,1.0,0.0,5.72,45.0,45.01,0.0,0.0,0.0,120.0,60.49,0.0,0.88,0.0,0.0,0.0,79.21,0.0,67.52,76.24,65.8,58.07
2018-08-28 21:46:00,2,1,77.27,85.0,55.0,78.24,60.51,77.27,1.0,0.0,5.72,45.0,45.01,0.0,0.0,0.0,120.0,60.51,0.0,0.88,0.0,0.0,0.0,79.2,0.0,67.55,76.29,65.76,58.09
2018-08-28 21:47:00,2,1,77.28,85.0,55.0,78.23,60.53,77.28,1.0,0.0,5.72,45.0,45.01,0.0,0.0,0.0,120.0,60.53,0.0,0.88,0.0,0.0,0.0,79.18,0.0,67.58,76.34,65.72,58.11
2018-08-28 21:48:00,2,1,77.28,85.0,55.0,78.22,60.54,77.28,1.0,0.0,5.72,45.0,45.01,0.0,0.0,0.0,120.0,60.54,0.0,0.88,0.0,0.0,0.0,79.17,0.0,67.61,76.39,65.67,58.13
2018-08-28 21:49:00,2,1,77.29,85.0,55.0,78.22,60.56,77.29,1.0,0.0,5.72,45.0,45.01,0.0,0.0,0.0,120.0,60.56,0.0,0.88,0.0,0.0,0.0,79.15,0.0,67.65,76.44,65.63,58.15
2018-08-28 21:50:00,2,1,77.29,85.0,55.0,78.21,60.57,77.29,1.0,0.0,5.72,45.0,45.01,0.0,0.0,0.0,120.0,60.57,0.0,0.88,0.0,0.0,0.0,79.13,0.0,67.68,76.49,65.59,58.17
2018-08-28 21:51:00,2,1,77.3,85.0,55.0,78.21,60.59,77.3,1.0,0.0,5.72,45.0,45.01,0.0,0.0,0.0,120.0,60.59,0.0,0.88,0.0,0.0,0.0,79.12,0.0,67.71,76.54,65.55,58.18
2018-08-28 21:52:00,2,1,77.3,85.0,55.0,78.2,60.61,77.3,1.0,0.0,5.72,45.0,45.01,0.0,0.0,0.0,120.0,60.61,0.0,0.88,0.0,0.0,0.0,79.1,0.0,67.74,76.59,65.51,58.2
2018-08-28 21:53:00,2,1,77.31,85.0,55.0,78.2,60.62,77.31,1.0,0.0,5.72,45.0,45.01,0.0,0.0,0.0,120.0,60.62,0.0,0.88,0.0,0.0,0.0,79.09,0.0,67.77,76.64,65.47,58.22
2018-08-28 21:54:00,2,1,77.31,85.0,55.0,78.19,60.64,77.31,1.0,0.0,5.72,45.0,45.01,0.0,0.0,0.0,120.0,60.64,0.0,0.88,0.0,0.0,0.0,79.07,0.0,67.8,76.69,65.43,58.24
2018-08-28 21:55:00,2,1,77.32,85.0,55.0,78.19,60.66,77.32,1.0,0.0,5.72,45.0,45.01,0.0,0.0,0.0,120.0,60.66,0.0,0.88,0.0,0.0,0.0,79.06,0.0,67.84,76.74,65.39,58.26
2018-08-28 21:56:00,2,1,77.32,85.0,55.0,78.18,60.67,77.32,1.0,0.0,5.72,45.0,45.01,0.0,0.0,0.0,120.0,60.67,0.0,0.88,0.0,0.0,0.0,79.05,0.0,67.87,76.79,65.35,58.29
2018-08-28 21:57:00,2,1,77.33,85.0,55.0,78.18,60.69,77.33,1.0,0.0,5.72,45.0,45.01,0.0,0.0,0.0,120.0,60.69,0.0,0.88,0.0,0.0,0.0,79.03,0.0,67.9,76.84,65.31,58.31
2018-08-28 21:58:00,2,1,77.33,85.0,55.0,78.17,60.7,77.33,1.0,0.0,5.72,45.0,45.01,0.0,0.0,0.0,120.0,60.7,0.0,0.88,0.0,0.0,0.0,79.02,0.0,67.93,76.88,65.27,58.33
2018-08-28 21:59:00,2,1,77.33,85.0,55.0,78.17,60.72,77.33,1.0,0.0,5.72,45.0,45.01,0.0,0.0,0.0,120.0,60.72,0.0,0.88,0.0,0.0,0.0,79.0,0.0,67.96,76.93,65.23,58.35
2018-08-28 22:00:00,2,1,77.34,85.0,55.0,78.16,60.73,77.34,1.0,0.0,5.72,45.0,45.01,0.0,0.0,0.0,120.0,60.73,0.0,0.88,0.0,0.0,0.0,78.99,0.0,68.0,76.98,65.19,58.37
2018-08-28 22:01:00,2,1,77.34,85.0,55.0,78.16,60.75,77.34,1.0,0.0,5.72,45.0,45.01,0.0,0.0,0.0,120.0,60.75,0.0,0.88,0.0,0.0,0.0,78.97,0.0,68.03,77.03,65.15,58.4
2018-08-28 22:02:00,2,1,77.34,85.0,55.0,78.15,60.77,77.34,1.0,0.0,5.72,45.0,45.01,0.0,0.0,0.0,120.0,60.77,0.0,0.88,0.0,0.0,0.0,78.96,0.0,68.06,77.07,65.11,58.42
2018-08-28 22:03:00,2,1,77.34,85.0,55.0,78.14,60.78,77.34,1.0,0.0,5.72,45.0,45.01,0.0,0.0,0.0,120.0,60.78,0.0,0.88,0.0,0.0,0.0,78.94,0.0,68.09,77.11,65.07,58.45
2018-08-28 22:04:00,2,1,77.34,85.0,55.0,78.13,60.8,77.34,1.0,0.0,5.72,45.0,45.01,0.0,0.0,0.0,120.0,60.8,0.0,0.88,0.0,0.0,0.0,78.93,0.0,68.13,77.16,65.03,58.48
2018-08-28 22:05:00,2,1,77.34,85.0,55.0,78.13,60.81,77.34,1.0,0.0,5.72,45.0,45.01,0.0,0.0,0.0,120.0,60.81,0.0,0.88,0.0,0.0,0.0,78.91,0.0,68.17,77.2,64.99,58.52
2018-08-28 22:06:00,2,1,77.34,85.0,55.0,78.12,60.83,77.34,1.0,0.0,5.72,45.0,45.01,0.0,0.0,0.0,120.0,60.83,0.0,0.88,0.0,0.0,0.0,78.89,0.0,68.2,77.24,64.95,58.55
2018-08-28 22:07:00,2,1,77.33,85.0,55.0,78.11,60.84,77.33,1.0,0.0,5.72,45.0,45.01,0.0,0.0,0.0,120.0,60.84,0.0,0.88,0.0,0.0,0.0,78.88,0.0,68.24,77.29,64.92,58.59
2018-08-28 22:08:00,2,1,77.33,85.0,55.0,78.1,60.86,77.33,1.0,0.0,5.72,45.0,45.01,0.0,0.0,0.0,120.0,60.86,0.0,0.88,0.0,0.0,0.0,78.86,0.0,68.28,77.33,64.88,58.63
2018-08-28 22:09:00,2,1,77.32,85.0,55.0,78.09,60.87,77.32,1.0,0.0,5.72,45.0,45.01,0.0,0.0,0.0,120.0,60.87,0.0,0.88,0.0,0.0,0.0,78.85,0.0,68.32,77.37,64.84,58.67
2018-08-28 22:10:00,2,1,77.32,85.0,55.0,78.08,60.89,77.32,1.0,0.0,5.72,45.0,45.01,0.0,0.0,0.0,120.0,60.89,0.0,0.88,0.0,0.0,0.0,78.83,0.0,68.36,77.41,64.8,58.71
2018-08-28 22:11:00,2,1,77.31,85.0,55.0,78.07,60.9,77.31,1.0,0.0,5.72,45.0,45.01,0.0,0.0,0.0,120.0,60.9,0.0,0.88,0.0,0.0,0.0,78.82,0.0,68.4,77.45,64.77,58.75
2018-08-28 22:12:00,2,1,77.31,85.0,55.0,78.05,60.92,77.31,1.0,0.0,5.72,45.0,45.01,0.0,0.0,0.0,120.0,60.92,0.0,0.88,0.0,0.0,0.0,78.8,0.0,68.44,77.49,64.73,58.8
2018-08-28 22:13:00,2,1,77.3,85.0,55.0,78.04,60.93,77.3,1.0,0.0,5.72,45.0,45.01,0.0,0.0,0.0,120.0,60.93,0.0,0.88,0.0,0.0,0.0,78.79,0.0,68.48,77.53,64.69,58.84
2018-08-28 22:14:00,2,1,77.29,85.0,55.0,78.03,60.95,77.29,1.0,0.0,5.72,45.0,45.01,0.0,0.0,0.0,120.0,60.95,0.0,0.88,0.0,0.0,0.0,78.77,0.0,68.53,77.57,64.66,58.89
2018-08-28 22:15:00,2,1,77.28,85.0,55.0,78.02,60.96,77.28,1.0,0.0,5.72,45.0,45.01,0.0,0.0,0.0,120.0,60.96,0.0,0.88,0.0,0.0,0.0,78.76,0.0,68.57,77.61,64.62,58.94
2018-08-28 22:16:00,2,1,77.27,85.0,55.0,78.01,60.98,77.27,1.0,0.0,5.72,45.0,45.01,0.0,0.0,0.0,120.0,60.98,0.0,0.88,0.0,0.0,0.0,78.74,0.0,68.61,77.65,64.58,58.99
2018-08-28 22:17:00,2,1,77.26,85.0,55.0,78.0,60.99,77.26,1.0,0.0,5.72,45.0,45.01,0.0,0.0,0.0,120.0,60.99,0.0,0.88,0.0,0.0,0.0,78.73,0.0,68.65,77.69,64.55,59.03
2018-08-28 22:18:00,2,1,77.25,85.0,55.0,77.98,61.01,77.25,1.0,0.0,5.72,45.0,45.01,0.0,0.0,0.0,120.0,61.01,0.0,0.88,0.0,0.0,0.0,78.71,0.0,68.7,77.73,64.51,59.08
2018-08-28 22:19:00,2,1,77.24,85.0,55.0,77.97,61.02,77.24,1.0,0.0,5.72,45.0,45.01,0.0,0.0,0.0,120.0,61.02,0.0,0.88,0.0,0.0,0.0,78.7,0.0,68.74,77.77,64.48,59.14
2018-08-28 22:20:00,2,1,77.23,85.0,55.0,77.96,61.03,77.23,1.0,0.0,5.72,45.0,45.01,0.0,0.0,0.0,120.0,61.03,0.0,0.88,0.0,0.0,0.0,78.68,0.0,68.79,77.81,64.44,59.19
2018-08-28 22:21:00,2,1,77.22,85.0,55.0,77.94,61.05,77.22,1.0,0.0,5.72,45.0,45.01,0.0,0.0,0.0,120.0,61.05,0.0,0.88,0.0,0.0,0.0,78.67,0.0,68.83,77.85,64.41,59.24
2018-08-28 22:22:00,2,1,77.21,85.0,55.0,77.93,61.06,77.21,1.0,0.0,5.72,45.0,45.01,0.0,0.0,0.0,120.0,61.06,0.0,0.88,0.0,0.0,0.0,78.65,0.0,68.87,77.89,64.37,59.29
2018-08-28 22:23:00,2,1,77.2,85.0,55.0,77.92,61.08,77.2,1.0,0.0,5.72,45.0,45.01,0.0,0.0,0.0,120.0,61.08,0.0,0.88,0.0,0.0,0.0,78.64,0.0,68.92,77.92,64.34,59.35
2018-08-28 22:24:00,2,1,77.18,85.0,55.0,77.9,61.09,77.18,1.0,0.0,5.72,45.0,45.01,0.0,0.0,0.0,120.0,61.09,0.0,0.88,0.0,0.0,0.0,78.63,0.0,68.96,77.96,64.3,59.4
2018-08-28 22:25:00,2,1,77.17,85.0,55.0,77.89,61.1,77.17,1.0,0.0,5.72,45.0,45.01,0.0,0.0,0.0,120.0,61.1,0.0,0.88,0.0,0.0,0.0,78.61,0.0,69.01,78.0,64.27,59.45
2018-08-28 22:26:00,2,1,77.16,85.0,55.0,77.88,61.12,77.16,1.0,0.0,5.72,45.0,45.01,0.0,0.0,0.0,120.0,61.12,0.0,0.88,0.0,0.0,0.0,78.6,0.0,69.05,78.03,64.24,59.51
2018-08-28 22:27:00,2,1,77.14,85.0,55.0,77.86,61.13,77.14,1.0,0.0,5.72,45.0,45.01,0.0,0.0,0.0,120.0,61.13,0.0,0.88,0.0,0.0,0.0,78.58,0.0,69.1,78.07,64.2,59.56
2018-08-28 22:28:00,2,1,77.13,85.0,55.0,77.85,61.15,77.13,1.0,0.0,5.72,45.0,45.01,0.0,0.0,0.0,120.0,61.15,0.0,0.88,0.0,0.0,0.0,78.57,0.0,69.14,78.1,64.17,59.62
2018-08-28 22:29:00,2,1,77.12,85.0,55.0,77.83,61.16,77.12,1.0,0.0,5.72,45.0,45.01,0.0,0.0,0.0,120.0,61.16,0.0,0.88,0.0,0.0,0.0,78.55,0.0,69.19,78.14,64.14,59.68
2018-08-28 22:30:00,2,1,77.1,85.0,55.0,77.82,61.17,77.1,1.0,0.0,5.72,45.0,45.01,0.0,0.0,0.0,120.0,61.17,0.0,0.88,0.0,0.0,0.0,78.54,0.0,69.23,78.17,64.1,59.73
2018-08-28 22:31:00,2,1,77.09,85.0,55.0,77.81,61.19,77.09,1.0,0.0,5.72,45.0,45.01,0.0,0.0,0.0,120.0,61.19,0.0,0.88,0.0,0.0,0.0,78.52,0.0,69.28,78.21,64.07,59.79
2018-08-28 22:32:00,2,1,77.08,85.0,55.0,77.79,61.2,77.08,1.0,0.0,5.72,45.0,45.01,0.0,0.0,0.0,120.0,61.2,0.0,0.88,0.0,0.0,0.0,78.51,0.0,69.32,78.24,64.04,59.85
2018-08-28 22:33:00,2,1,77.06,85.0,55.0,77.78,61.21,77.06,1.0,0.0,5.72,45.0,45.01,0.0,0.0,0.0,120.0,61.21,0.0,0.88,0.0,0.0,0.0,78.49,0.0,69.37,78.27,64.01,59.91
2018-08-28 22:34:00,2,1,77.05,85.0,55.0,77.76,61.23,77.05,1.0,0.0,5.72,45.0,45.01,0.0,0.0,0.0,120.0,61.23,0.0,0.88,0.0,0.0,0.0,78.48,0.0,69.41,78.3,63.98,59.96
2018-08-28 22:35:00,2,1,77.03,85.0,55.0,77.75,61.24,77.03,1.0,0.0,5.72,45.0,45.01,0.0,0.0,0.0,120.0,61.24,0.0,0.88,0.0,0.0,0.0,78.46,0.0,69.46,78.34,63.94,60.02
2018-08-28 22:36:00,2,1,77.02,85.0,55.0,77.73,61.25,77.02,1.0,0.0,5.72,45.0,45.01,0.0,0.0,0.0,120.0,61.25,0.0,0.88,0.0,0.0,0.0,78.45,0.0,69.5,78.37,63.91,60.08
2018-08-28 22:37:00,2,1,77.0,85.0,55.0,77.72,61.27,77.0,1.0,0.0,5.72,45.0,45.01,0.0,0.0,0.0,120.0,61.27,0.0,0.88,0.0,0.0,0.0,78.43,0.0,69.55,78.4,63.88,60.14
2018-08-28 22:38:00,2,1,76.99,85.0,55.0,77.7,61.28,76.99,1.0,0.0,5.72,45.0,45.01,0.0,0.0,0.0,120.0,61.28,0.0,0.88,0.0,0.0,0.0,78.42,0.0,69.59,78.43,63.85,60.19
2018-08-28 22:39:00,2,1,76.97,85.0,55.0,77.69,61.29,76.97,1.0,0.0,5.72,45.0,45.01,0.0,0.0,0.0,120.0,61.29,0.0,0.88,0.0,0.0,0.0,78.4,0.0,69.64,78.46,63.82,60.24
2018-08-28 22:40:00,2,1,76.96,85.0,55.0,77.67,61.3,76.96,1.0,0.0,5.72,45.0,45.01,0.0,0.0,0.0,120.0,61.3,0.0,0.88,0.0,0.0,0.0,78.39,0.0,69.68,78.49,63.79,60.29
2018-08-28 22:41:00,2,1,76.94,85.0,55.0,77.66,61.32,76.94,1.0,0.0,5.72,45.0,45.01,0.0,0.0,0.0,120.0,61.32,0.0,0.88,0.0,0.0,0.0,78.37,0.0,69.73,78.52,63.76,60.34
2018-08-28 22:42:00,2,1,76.93,85.0,55.0,77.64,61.33,76.93,1.0,0.0,5.72,45.0,45.01,0.0,0.0,0.0,120.0,61.33,0.0,0.88,0.0,0.0,0.0,78.36,0.0,69.77,78.55,63.73,60.39
2018-08-28 22:43:00,2,1,76.91,85.0,55.0,77.63,61.34,76.91,1.0,0.0,5.72,45.0,45.01,0.0,0.0,0.0,120.0,61.34,0.0,0.88,0.0,0.0,0.0,78.34,0.0,69.81,78.58,63.7,60.45
2018-08-28 22:44:00,2,1,76.9,85.0,55.0,77.61,61.35,76.9,1.0,0.0,5.72,45.0,45.01,0.0,0.0,0.0,120.0,61.35,0.0,0.88,0.0,0.0,0.0,78.33,0.0,69.86,78.61,63.67,60.5
2018-08-28 22:45:00,2,1,76.88,85.0,55.0,77.6,61.37,76.88,1.0,0.0,5.72,45.0,45.01,0.0,0.0,0.0,120.0,61.37,0.0,0.88,0.0,0.0,0.0,78.31,0.0,69.9,78.63,63.64,60.55
2018-08-28 22:46:00,2,1,76.86,85.0,55.0,77.58,61.38,76.86,1.0,0.0,5.72,45.0,45.01,0.0,0.0,0.0,120.0,61.38,0.0,0.88,0.0,0.0,0.0,78.3,0.0,69.94,78.66,63.61,60.6
2018-08-28 22:47:00,2,1,76.85,85.0,55.0,77.57,61.39,76.85,1.0,0.0,5.72,45.0,45.01,0.0,0.0,0.0,120.0,61.39,0.0,0.88,0.0,0.0,0.0,78.28,0.0,69.99,78.69,63.58,60.65
2018-08-28 22:48:00,2,1,76.83,85.0,55.0,77.55,61.4,76.83,1.0,0.0,5.72,45.0,45.01,0.0,0.0,0.0,120.0,61.4,0.0,0.88,0.0,0.0,0.0,78.27,0.0,70.03,78.71,63.56,60.7
2018-08-28 22:49:00,2,1,76.82,85.0,55.0,77.54,61.41,76.82,1.0,0.0,5.72,45.0,45.01,0.0,0.0,0.0,120.0,61.41,0.0,0.88,0.0,0.0,0.0,78.25,0.0,70.07,78.74,63.53,60.75
2018-08-28 22:50:00,2,1,76.8,85.0,55.0,77.52,61.42,76.8,1.0,0.0,5.72,45.0,45.01,0.0,0.0,0.0,120.0,61.42,0.0,0.88,0.0,0.0,0.0,78.24,0.0,70.11,78.77,63.5,60.8
2018-08-28 22:51:00,2,1,76.79,85.0,55.0,77.5,61.44,76.79,1.0,0.0,5.72,45.0,45.01,0.0,0.0,0.0,120.0,61.44,0.0,0.88,0.0,0.0,0.0,78.22,0.0,70.15,78.79,63.47,60.85
2018-08-28 22:52:00,2,1,76.77,85.0,55.0,77.49,61.45,76.77,1.0,0.0,5.72,45.0,45.01,0.0,0.0,0.0,120.0,61.45,0.0,0.88,0.0,0.0,0.0,78.21,0.0,70.19,78.82,63.44,60.9
2018-08-28 22:53:00,2,1,76.75,85.0,55.0,77.47,61.46,76.75,1.0,0.0,5.72,45.0,45.01,0.0,0.0,0.0,120.0,61.46,0.0,0.88,0.0,0.0,0.0,78.19,0.0,70.24,78.84,63.42,60.95
2018-08-28 22:54:00,2,1,76.74,85.0,55.0,77.46,61.47,76.74,1.0,0.0,5.72,45.0,45.01,0.0,0.0,0.0,120.0,61.47,0.0,0.88,0.0,0.0,0.0,78.18,0.0,70.28,78.86,63.39,61.0
2018-08-28 22:55:00,2,1,76.72,85.0,55.0,77.44,61.48,76.72,1.0,0.0,5.72,45.0,45.01,0.0,0.0,0.0,120.0,61.48,0.0,0.88,0.0,0.0,0.0,78.16,0.0,70.32,78.88,63.36,61.05
2018-08-28 22:56:00,2,1,76.71,85.0,55.0,77.43,61.49,76.71,1.0,0.0,5.72,45.0,45.01,0.0,0.0,0.0,120.0,61.49,0.0,0.88,0.0,0.0,0.0,78.15,0.0,70.36,78.91,63.34,61.1
2018-08-28 22:57:00,2,1,76.69,85.0,55.0,77.41,61.5,76.69,1.0,0.0,5.72,45.0,45.01,0.0,0.0,0.0,120.0,61.5,0.0,0.88,0.0,0.0,0.0,78.13,0.0,70.39,78.93,63.31,61.15
2018-08-28 22:58:00,2,1,76.68,85.0,55.0,77.4,61.51,76.68,1.0,0.0,5.72,45.0,45.01,0.0,0.0,0.0,120.0,61.51,0.0,0.88,0.0,0.0,0.0,78.12,0.0,70.43,78.95,63.29,61.2
2018-08-28 22:59:00,2,1,76.66,85.0,55.0,77.38,61.53,76.66,1.0,0.0,5.72,45.0,45.01,0.0,0.0,0.0,120.0,61.53,0.0,0.88,0.0,0.0,0.0,78.1,0.0,70.47,78.97,63.26,61.25
2018-08-28 23:00:00,2,1,76.65,85.0,55.0,77.37,61.54,76.65,1.0,0.0,5.72,45.0,45.01,0.0,0.0,0.0,120.0,61.54,0.0,0.88,0.0,0.0,0.0,78.09,0.0,70.51,78.99,63.24,61.29
2018-08-28 23:01:00,2,1,76.63,85.0,55.0,77.35,61.55,76.63,1.0,0.0,5.72,45.0,45.01,0.0,0.0,0.0,120.0,61.55,0.0,0.88,0.0,0.0,0.0,78.07,0.0,70.54,79.0,63.21,61.34
2018-08-28 23:02:00,2,1,76.62,85.0,55.0,77.34,61.56,76.62,1.0,0.0,5.72,45.0,45.01,0.0,0.0,0.0,120.0,61.56,0.0,0.88,0.0,0.0,0.0,78.06,0.0,70.57,79.0,63.19,61.39
2018-08-28 23:03:00,2,1,76.6,85.0,55.0,77.32,61.57,76.6,1.0,0.0,5.72,45.0,45.01,0.0,0.0,0.0,120.0,61.57,0.0,0.88,0.0,0.0,0.0,78.04,0.0,70.59,79.0,63.16,61.43
2018-08-28 23:04:00,2,1,76.59,85.0,55.0,77.31,61.58,76.59,1.0,0.0,5.72,45.0,45.01,0.0,0.0,0.0,120.0,61.58,0.0,0.88,0.0,0.0,0.0,78.03,0.0,70.62,79.0,63.14,61.48
2018-08-28 23:05:00,2,1,76.58,85.0,55.0,77.3,61.59,76.58,1.0,0.0,5.72,45.0,45.01,0.0,0.0,0.0,120.0,61.59,0.0,0.88,0.0,0.0,0.0,78.01,0.0,70.64,79.0,63.11,61.52
2018-08-28 23:06:00,2,1,76.57,85.0,55.0,77.28,61.6,76.57,1.0,0.0,5.72,45.0,45.01,0.0,0.0,0.0,120.0,61.6,0.0,0.88,0.0,0.0,0.0,78.0,0.0,70.66,78.99,63.09,61.56
2018-08-28 23:07:00,2,1,76.56,85.0,55.0,77.27,61.61,76.56,1.0,0.0,5.72,45.0,45.01,0.0,0.0,0.0,120.0,61.61,0.0,0.88,0.0,0.0,0.0,77.98,0.0,70.68,78.99,63.07,61.6
2018-08-28 23:08:00,2,1,76.55,85.0,55.0,77.26,61.62,76.55,1.0,0.0,5.72,45.0,45.01,0.0,0.0,0.0,120.0,61.62,0.0,0.88,0.0,0.0,0.0,77.97,0.0,70.7,78.99,63.05,61.64
2018-08-28 23:09:00,2,1,76.54,85.0,55.0,77.25,61.63,76.54,1.0,0.0,5.72,45.0,45.01,0.0,0.0,0.0,120.0,61.63,0.0,0.88,0.0,0.0,0.0,77.95,0.0,70.72,78.98,63.02,61.68
2018-08-28 23:10:00,2,1,76.53,85.0,55.0,77.23,61.63,76.53,1.0,0.0,5.72,45.0,45.01,0.0,0.0,0.0,120.0,61.63,0.0,0.88,0.0,0.0,0.0,77.94,0.0,70.74,78.98,63.0,61.71
2018-08-28 23:11:00,2,1,76.52,85.0,55.0,77.22,61.64,76.52,1.0,0.0,5.72,45.0,45.01,0.0,0.0,0.0,120.0,61.64,0.0,0.88,0.0,0.0,0.0,77.92,0.0,70.75,78.98,62.98,61.75
2018-08-28 23:12:00,2,1,76.51,85.0,55.0,77.21,61.65,76.51,1.0,0.0,5.72,45.0,45.01,0.0,0.0,0.0,120.0,61.65,0.0,0.88,0.0,0.0,0.0,77.91,0.0,70.77,78.97,62.96,61.79
2018-08-28 23:13:00,2,1,76.5,85.0,55.0,77.2,61.66,76.5,1.0,0.0,5.72,45.0,45.01,0.0,0.0,0.0,120.0,61.66,0.0,0.88,0.0,0.0,0.0,77.89,0.0,70.78,78.97,62.94,61.82
2018-08-28 23:14:00,2,1,76.49,85.0,55.0,77.19,61.67,76.49,1.0,0.0,5.72,45.0,45.01,0.0,0.0,0.0,120.0,61.67,0.0,0.88,0.0,0.0,0.0,77.88,0.0,70.8,78.96,62.92,61.85
2018-08-28 23:15:00,2,1,76.49,85.0,55.0,77.17,61.68,76.49,1.0,0.0,5.72,45.0,45.01,0.0,0.0,0.0,120.0,61.68,0.0,0.88,0.0,0.0,0.0,77.86,0.0,70.81,78.96,62.9,61.89
2018-08-28 23:16:00,2,1,76.48,85.0,55.0,77.16,61.69,76.48,1.0,0.0,5.72,45.0,45.01,0.0,0.0,0.0,120.0,61.69,0.0,0.88,0.0,0.0,0.0,77.85,0.0,70.83,78.95,62.88,61.92
2018-08-28 23:17:00,2,1,76.47,85.0,55.0,77.15,61.7,76.47,1.0,0.0,5.72,45.0,45.01,0.0,0.0,0.0,120.0,61.7,0.0,0.88,0.0,0.0,0.0,77.83,0.0,70.84,78.95,62.86,61.95
2018-08-28 23:18:00,2,1,76.47,85.0,55.0,77.14,61.7,76.47,1.0,0.0,5.72,45.0,45.01,0.0,0.0,0.0,120.0,61.7,0.0,0.88,0.0,0.0,0.0,77.81,0.0,70.85,78.94,62.84,61.99
2018-08-28 23:19:00,2,1,76.46,85.0,55.0,77.13,61.71,76.46,1.0,0.0,5.72,45.0,45.01,0.0,0.0,0.0,120.0,61.71,0.0,0.88,0.0,0.0,0.0,77.8,0.0,70.87,78.94,62.82,62.02
2018-08-28 23:20:00,2,1,76.45,85.0,55.0,77.12,61.72,76.45,1.0,0.0,5.72,45.0,45.01,0.0,0.0,0.0,120.0,61.72,0.0,0.88,0.0,0.0,0.0,77.78,0.0,70.88,78.93,62.81,62.05
2018-08-28 23:21:00,2,1,76.45,85.0,55.0,77.11,61.73,76.45,1.0,0.0,5.72,45.0,45.01,0.0,0.0,0.0,120.0,61.73,0.0,0.88,0.0,0.0,0.0,77.77,0.0,70.89,78.93,62.79,62.08
2018-08-28 23:22:00,2,1,76.44,85.0,55.0,77.1,61.73,76.44,1.0,0.0,5.72,45.0,45.01,0.0,0.0,0.0,120.0,61.73,0.0,0.88,0.0,0.0,0.0,77.75,0.0,70.9,78.92,62.77,62.11
2018-08-28 23:23:00,2,1,76.44,85.0,55.0,77.09,61.74,76.44,1.0,0.0,5.72,45.0,45.01,0.0,0.0,0.0,120.0,61.74,0.0,0.88,0.0,0.0,0.0,77.73,0.0,70.91,78.92,62.75,62.14
2018-08-28 23:24:00,2,1,76.43,85.0,55.0,77.08,61.75,76.43,1.0,0.0,5.72,45.0,45.01,0.0,0.0,0.0,120.0,61.75,0.0,0.88,0.0,0.0,0.0,77.72,0.0,70.92,78.91,62.74,62.17
2018-08-28 23:25:00,2,1,76.43,85.0,55.0,77.06,61.76,76.43,1.0,0.0,5.72,45.0,45.01,0.0,0.0,0.0,120.0,61.76,0.0,0.88,0.0,0.0,0.0,77.7,0.0,70.93,78.9,62.72,62.19
2018-08-28 23:26:00,2,1,76.42,85.0,55.0,77.05,61.76,76.42,1.0,0.0,5.72,45.0,45.01,0.0,0.0,0.0,120.0,61.76,0.0,0.88,0.0,0.0,0.0,77.68,0.0,70.94,78.9,62.7,62.22
2018-08-28 23:27:00,2,1,76.42,85.0,55.0,77.04,61.77,76.42,1.0,0.0,5.72,45.0,45.01,0.0,0.0,0.0,120.0,61.77,0.0,0.88,0.0,0.0,0.0,77.67,0.0,70.95,78.89,62.69,62.25
2018-08-28 23:28:00,2,1,76.42,85.0,55.0,77.03,61.78,76.42,1.0,0.0,5.72,45.0,45.01,0.0,0.0,0.0,120.0,61.78,0.0,0.88,0.0,0.0,0.0,77.65,0.0,70.96,78.89,62.67,62.28
2018-08-28 23:29:00,2,1,76.41,85.0,55.0,77.02,61.78,76.41,1.0,0.0,5.72,45.0,45.01,0.0,0.0,0.0,120.0,61.78,0.0,0.88,0.0,0.0,0.0,77.63,0.0,70.97,78.88,62.66,62.3
2018-08-28 23:30:00,2,1,76.41,85.0,55.0,77.01,61.79,76.41,1.0,0.0,5.72,45.0,45.01,0.0,0.0,0.0,120.0,61.79,0.0,0.88,0.0,0.0,0.0,77.62,0.0,70.98,78.88,62.64,62.33
2018-08-28 23:31:00,2,1,76.41,85.0,55.0,77.0,61.8,76.41,1.0,0.0,5.72,45.0,45.01,0.0,0.0,0.0,120.0,61.8,0.0,0.88,0.0,0.0,0.0,77.6,0.0,70.99,78.88,62.63,62.36
2018-08-28 23:32:00,2,1,76.4,85.0,55.0,76.99,61.8,76.4,1.0,0.0,5.72,45.0,45.01,0.0,0.0,0.0,120.0,61.8,0.0,0.88,0.0,0.0,0.0,77.58,0.0,71.0,78.87,62.62,62.38
2018-08-28 23:33:00,2,1,76.4,85.0,55.0,76.98,61.81,76.4,1.0,0.0,5.72,45.0,45.01,0.0,0.0,0.0,120.0,61.81,0.0,0.88,0.0,0.0,0.0,77.56,0.0,71.0,78.87,62.6,62.41
2018-08-28 23:34:00,2,1,76.4,85.0,55.0,76.97,61.81,76.4,1.0,0.0,5.72,45.0,45.01,0.0,0.0,0.0,120.0,61.81,0.0,0.88,0.0,0.0,0.0,77.54,0.0,71.0,78.86,62.59,62.43
2018-08-28 23:35:00,2,1,76.39,85.0,55.0,76.96,61.82,76.39,1.0,0.0,5.72,45.0,45.01,0.0,0.0,0.0,120.0,61.82,0.0,0.88,0.0,0.0,0.0,77.53,0.0,71.0,78.86,62.57,62.46
2018-08-28 23:36:00,2,1,76.39,85.0,55.0,76.95,61.82,76.39,1.0,0.0,5.72,45.0,45.01,0.0,0.0,0.0,120.0,61.82,0.0,0.88,0.0,0.0,0.0,77.51,0.0,71.01,78.86,62.56,62.48
2018-08-28 23:37:00,2,1,76.39,85.0,55.0,76.94,61.83,76.39,1.0,0.0,5.72,45.0,45.01,0.0,0.0,0.0,120.0,61.83,0.0,0.88,0.0,0.0,0.0,77.49,0.0,71.01,78.86,62.55,62.51
2018-08-28 23:38:00,2,1,76.39,85.0,55.0,76.93,61.83,76.39,1.0,0.0,5.72,45.0,45.01,0.0,0.0,0.0,120.0,61.83,0.0,0.88,0.0,0.0,0.0,77.47,0.0,71.01,78.85,62.54,62.53
2018-08-28 23:39:00,2,1,76.38,85.0,55.0,76.92,61.84,76.38,1.0,0.0,5.72,45.0,45.01,0.0,0.0,0.0,120.0,61.84,0.0,0.88,0.0,0.0,0.0,77.45,0.0,71.01,78.85,62.53,62.55
2018-08-28 23:40:00,2,1,76.38,85.0,55.0,76.91,61.84,76.38,1.0,0.0,5.72,45.0,45.01,0.0,0.0,0.0,120.0,61.84,0.0,0.88,0.0,0.0,0.0,77.43,0.0,71.02,78.85,62.51,62.58
2018-08-28 23:41:00,2,1,76.38,85.0,55.0,76.9,61.85,76.38,1.0,0.0,5.72,45.0,45.01,0.0,0.0,0.0,120.0,61.85,0.0,0.88,0.0,0.0,0.0,77.41,0.0,71.02,78.85,62.5,62.6
2018-08-28 23:42:00,2,1,76.38,85.0,55.0,76.89,61.85,76.38,1.0,0.0,5.72,45.0,45.01,0.0,0.0,0.0,120.0,61.85,0.0,0.88,0.0,0.0,0.0,77.39,0.0,71.02,78.85,62.49,62.62
2018-08-28 23:43:00,2,1,76.38,85.0,55.0,76.88,61.86,76.38,1.0,0.0,5.72,45.0,45.01,0.0,0.0,0.0,120.0,61.86,0.0,0.88,0.0,0.0,0.0,77.38,0.0,71.02,78.85,62.48,62.65
2018-08-28 23:44:00,2,1,76.37,85.0,55.0,76.86,61.86,76.37,1.0,0.0,5.72,45.0,45.01,0.0,0.0,0.0,120.0,61.86,0.0,0.88,0.0,0.0,0.0,77.36,0.0,71.03,78.86,62.47,62.67
2018-08-28 23:45:00,2,1,76.37,85.0,55.0,76.85,61.87,76.37,1.0,0.0,5.72,45.0,45.01,0.0,0.0,0.0,120.0,61.87,0.0,0.88,0.0,0.0,0.0,77.34,0.0,71.03,78.86,62.46,62.69
2018-08-28 23:46:00,2,1,76.37,85.0,55.0,76.84,61.87,76.37,1.0,0.0,5.72,45.0,45.01,0.0,0.0,0.0,120.0,61.87,0.0,0.88,0.0,0.0,0.0,77.32,0.0,71.03,78.86,62.45,62.71
2018-08-28 23:47:00,2,1,76.37,85.0,55.0,76.83,61.88,76.37,1.0,0.0,5.72,45.0,45.01,0.0,0.0,0.0,120.0,61.88,0.0,0.88,0.0,0.0,0.0,77.3,0.0,71.04,78.86,62.44,62.73
2018-08-28 23:48:00,2,1,76.37,85.0,55.0,76.82,61.88,76.37,1.0,0.0,5.72,45.0,45.01,0.0,0.0,0.0,120.0,61.88,0.0,0.88,0.0,0.0,0.0,77.27,0.0,71.04,78.87,62.43,62.75
2018-08-28 23:49:00,2,1,76.37,85.0,55.0,76.81,61.88,76.37,1.0,0.0,5.72,45.0,45.01,0.0,0.0,0.0,120.0,61.88,0.0,0.88,0.0,0.0,0.0,77.25,0.0,71.04,78.87,62.42,62.77
2018-08-28 23:50:00,2,1,76.37,85.0,55.0,76.8,61.89,76.37,1.0,0.0,5.72,45.0,45.01,0.0,0.0,0.0,120.0,61.89,0.0,0.88,0.0,0.0,0.0,77.23,0.0,71.05,78.88,62.41,62.8
2018-08-28 23:51:00,2,1,76.37,85.0,55.0,76.79,61.89,76.37,1.0,0.0,5.72,45.0,45.01,0.0,0.0,0.0,120.0,61.89,0.0,0.88,0.0,0.0,0.0,77.21,0.0,71.05,78.89,62.41,62.82
2018-08-28 23:52:00,2,1,76.37,85.0,55.0,76.78,61.9,76.37,1.0,0.0,5.72,45.0,45.01,0.0,0.0,0.0,120.0,61.9,0.0,0.88,0.0,0.0,0.0,77.19,0.0,71.05,78.9,62.4,62.84
2018-08-28 23:53:00,2,1,76.37,85.0,55.0,76.77,61.9,76.37,1.0,0.0,5.72,45.0,45.01,0.0,0.0,0.0,120.0,61.9,0.0,0.88,0.0,0.0,0.0,77.17,0.0,71.06,78.9,62.39,62.86
2018-08-28 23:54:00,2,1,76.36,85.0,55.0,76.76,61.9,76.36,1.0,0.0,5.72,45.0,45.01,0.0,0.0,0.0,120.0,61.9,0.0,0.88,0.0,0.0,0.0,77.15,0.0,71.06,78.91,62.38,62.88
2018-08-28 23:55:00,2,1,76.36,85.0,55.0,76.74,61.91,76.36,1.0,0.0,5.72,45.0,45.01,0.0,0.0,0.0,120.0,61.91,0.0,0.88,0.0,0.0,0.0,77.12,0.0,71.07,78.93,62.37,62.9
2018-08-28 23:56:00,2,1,76.36,85.0,55.0,76.73,61.91,76.36,1.0,0.0,5.72,45.0,45.01,0.0,0.0,0.0,120.0,61.91,0.0,0.88,0.0,0.0,0.0,77.1,0.0,71.07,78.94,62.37,62.92
2018-08-28 23:57:00,2,1,76.36,85.0,55.0,76.72,61.91,76.36,1.0,0.0,5.72,45.0,45.01,0.0,0.0,0.0,120.0,61.91,0.0,0.88,0.0,0.0,0.0,77.08,0.0,71.08,78.95,62.36,62.94
2018-08-28 23:58:00,2,1,76.36,85.0,55.0,76.71,61.91,76.36,1.0,0.0,5.72,45.0,45.01,0.0,0.0,0.0,120.0,61.91,0.0,0.88,0.0,0.0,0.0,77.06,0.0,71.08,78.96,62.35,62.95
2018-08-28 23:59:00,2,1,76.36,85.0,55.0,76.7,61.92,76.36,1.0,0.0,5.72,45.0,45.01,0.0,0.0,0.0,120.0,61.92,0.0,0.88,0.0,0.0,0.0,77.03,0.0,71.09,78.98,62.35,62.97
2018-08-29 00:00:00,2,1,76.36,85.0,55.0,76.69,61.92,76.36,1.0,0.0,5.72,45.0,45.01,0.0,0.0,0.0,120.0,61.92,0.0,0.88,0.0,0.0,0.0,77.01,0.0,71.1,78.99,62.34,62.99
2018-08-29 00:01:00,2,1,76.36,85.0,55.0,76.67,61.92,76.36,1.0,0.0,5.72,45.0,45.01,0.0,0.0,0.0,120.0,61.92,0.0,0.88,0.0,0.0,0.0,76.98,0.0,71.11,79.02,62.34,63.01
2018-08-29 00:02:00,2,1,76.36,85.0,55.0,76.66,61.92,76.36,1.0,0.0,5.72,45.0,45.01,0.0,0.0,0.0,120.0,61.92,0.0,0.88,0.0,0.0,0.0,76.96,0.0,71.13,79.05,62.33,63.03
2018-08-29 00:03:00,2,1,76.36,85.0,55.0,76.64,61.93,76.36,1.0,0.0,5.72,45.0,45.01,0.0,0.0,0.0,120.0,61.93,0.0,0.88,0.0,0.0,0.0,76.93,0.0,71.16,79.08,62.32,63.05
2018-08-29 00:04:00,2,1,76.36,85.0,55.0,76.63,61.93,76.36,1.0,0.0,5.72,45.0,45.01,0.0,0.0,0.0,120.0,61.93,0.0,0.88,0.0,0.0,0.0,76.9,0.0,71.18,79.12,62.32,63.07
2018-08-29 00:05:00,2,1,76.36,85.0,55.0,76.62,61.93,76.36,1.0,0.0,5.72,45.0,45.01,0.0,0.0,0.0,120.0,61.93,0.0,0.88,0.0,0.0,0.0,76.87,0.0,71.2,79.15,62.31,63.09
2018-08-29 00:06:00,2,1,76.36,85.0,55.0,76.6,61.93,76.36,1.0,0.0,5.72,45.0,45.01,0.0,0.0,0.0,120.0,61.93,0.0,0.88,0.0,0.0,0.0,76.84,0.0,71.23,79.19,62.31,63.11
2018-08-29 00:07:00,2,1,76.36,85.0,55.0,76.59,61.94,76.36,1.0,0.0,5.72,45.0,45.01,0.0,0.0,0.0,120.0,61.94,0.0,0.88,0.0,0.0,0.0,76.81,0.0,71.25,79.22,62.3,63.13
2018-08-29 00:08:00,2,1,76.36,85.0,55.0,76.57,61.94,76.36,1.0,0.0,5.72,45.0,45.01,0.0,0.0,0.0,120.0,61.94,0.0,0.88,0.0,0.0,0.0,76.78,0.0,71.28,79.26,62.3,63.14
2018-08-29 00:09:00,2,1,76.36,85.0,55.0,76.55,61.94,76.36,1.0,0.0,5.72,45.0,45.01,0.0,0.0,0.0,120.0,61.94,0.0,0.88,0.0,0.0,0.0,76.75,0.0,71.3,79.3,62.29,63.16
2018-08-29 00:10:00,2,1,76.36,85.0,55.0,76.54,61.94,76.36,1.0,0.0,5.72,45.0,45.01,0.0,0.0,0.0,120.0,61.94,0.0,0.88,0.0,0.0,0.0,76.72,0.0,71.33,79.34,62.29,63.18
2018-08-29 00:11:00,2,1,76.36,85.0,55.0,76.52,61.94,76.36,1.0,0.0,5.72,45.0,45.01,0.0,0.0,0.0,120.0,61.94,0.0,0.88,0.0,0.0,0.0,76.69,0.0,71.35,79.38,62.28,63.2
2018-08-29 00:12:00,2,1,76.35,85.0,55.0,76.51,61.95,76.35,1.0,0.0,5.72,45.0,45.01,0.0,0.0,0.0,120.0,61.95,0.0,0.88,0.0,0.0,0.0,76.66,0.0,71.38,79.42,62.28,63.22
2018-08-29 00:13:00,2,1,76.35,85.0,55.0,76.49,61.95,76.35,1.0,0.0,5.72,45.0,45.01,0.0,0.0,0.0,120.0,61.95,0.0,0.88,0.0,0.0,0.0,76.63,0.0,71.41,79.46,62.27,63.24
2018-08-29 00:14:00,2,1,76.35,85.0,55.0,76.48,61.95,76.35,1.0,0.0,5.72,45.0,45.01,0.0,0.0,0.0,120.0,61.95,0.0,0.88,0.0,0.0,0.0,76.6,0.0,71.43,79.51,62.27,63.26
2018-08-29 00:15:00,2,1,76.35,85.0,55.0,76.46,61.95,76.35,1.0,0.0,5.72,45.0,45.01,0.0,0.0,0.0,120.0,61.95,0.0,0.88,0.0,0.0,0.0,76.57,0.0,71.46,79.55,62.27,63.28
2018-08-29 00:16:00,2,1,76.35,85.0,55.0,76.44,61.95,76.35,1.0,0.0,5.72,45.0,45.01,0.0,0.0,0.0,120.0,61.95,0.0,0.88,0.0,0.0,0.0,76.54,0.0,71.49,79.59,62.26,63.29
2018-08-29 00:17:00,2,1,76.35,85.0,55.0,76.43,61.96,76.35,1.0,0.0,5.72,45.0,45.01,0.0,0.0,0.0,120.0,61.96,0.0,0.88,0.0,0.0,0.0,76.51,0.0,71.52,79.64,62.26,63.31
2018-08-29 00:18:00,2,1,76.35,85.0,55.0,76.41,61.96,76.35,1.0,0.0,5.72,45.0,45.01,0.0,0.0,0.0,120.0,61.96,0.0,0.88,0.0,0.0,0.0,76.47,0.0,71.54,79.68,62.25,63.33
2018-08-29 00:19:00,2,1,76.35,85.0,55.0,76.39,61.96,76.35,1.0,0.0,5.72,45.0,45.01,0.0,0.0,0.0,120.0,61.96,0.0,0.88,0.0,0.0,0.0,76.44,0.0,71.57,79.73,62.25,63.35
2018-08-29 00:20:00,2,1,76.34,85.0,55.0,76.38,61.96,76.34,1.0,0.0,5.72,45.0,45.01,0.0,0.0,0.0,120.0,61.96,0.0,0.88,0.0,0.0,0.0,76.41,0.0,71.6,79.78,62.25,63.36
2018-08-29 00:21:00,2,1,76.34,85.0,55.0,76.36,61.96,76.34,1.0,0.0,5.72,45.0,45.01,0.0,0.0,0.0,120.0,61.96,0.0,0.88,0.0,0.0,0.0,76.38,0.0,71.63,79.83,62.24,63.38
2018-08-29 00:22:00,2,1,76.34,85.0,55.0,76.34,61.96,76.34,1.0,0.0,5.72,45.0,45.01,0.0,0.0,0.0,120.0,61.96,0.0,0.88,0.0,0.0,0.0,76.35,0.0,71.66,79.87,62.24,63.4
2018-08-29 00:23:00,2,1,76.34,85.0,55.0,76.33,61.97,76.34,1.0,0.0,5.72,45.0,45.01,0.0,0.0,0.0,120.0,61.97,0.0,0.88,0.0,0.0,0.0,76.31,0.0,71.69,79.92,62.24,63.42
2018-08-29 00:24:00,2,1,76.34,85.0,55.0,76.31,61.97,76.34,1.0,0.0,5.72,45.0,45.01,0.0,0.0,0.0,120.0,61.97,0.0,0.88,0.0,0.0,0.0,76.28,0.0,71.72,79.97,62.23,63.43
2018-08-29 00:25:00,2,1,76.34,85.0,55.0,76.29,61.97,76.34,1.0,0.0,5.72,45.0,45.01,0.0,0.0,0.0,120.0,61.97,0.0,0.88,0.0,0.0,0.0,76.25,0.0,71.75,80.02,62.23,63.45
2018-08-29 00:26:00,2,1,76.34,85.0,55.0,76.28,61.97,76.34,1.0,0.0,5.72,45.0,45.01,0.0,0.0,0.0,120.0,61.97,0.0,0.88,0.0,0.0,0.0,76.21,0.0,71.78,80.07,62.23,63.47
2018-08-29 00:27:00,2,1,76.34,85.0,55.0,76.26,61.97,76.34,1.0,0.0,5.72,45.0,45.01,0.0,0.0,0.0,120.0,61.97,0.0,0.88,0.0,0.0,0.0,76.18,0.0,71.81,80.12,62.23,63.48
2018-08-29 00:28:00,2,1,76.33,85.0,55.0,76.24,61.97,76.33,1.0,0.0,5.72,45.0,45.01,0.0,0.0,0.0,120.0,61.97,0.0,0.88,0.0,0.0,0.0,76.15,0.0,71.83,80.18,62.22,63.5
2018-08-29 00:29:00,2,1,76.33,85.0,55.0,76.22,61.97,76.33,1.0,0.0,5.72,45.0,45.01,0.0,0.0,0.0,120.0,61.97,0.0,0.88,0.0,0.0,0.0,76.12,0.0,71.86,80.23,62.22,63.51
2018-08-29 00:30:00,2,1,76.33,85.0,55.0,76.21,61.97,76.33,1.0,0.0,5.72,45.0,45.01,0.0,0.0,0.0,120.0,61.97,0.0,0.88,0.0,0.0,0.0,76.08,0.0,71.89,80.28,62.22,63.53
2018-08-29 00:31:00,2,1,76.33,85.0,55.0,76.19,61.98,76.33,1.0,0.0,5.72,45.0,45.01,0.0,0.0,0.0,120.0,61.98,0.0,0.88,0.0,0.0,0.0,76.05,0.0,71.92,80.33,62.21,63.55
2018-08-29 00:32:00,2,1,76.33,85.0,55.0,76.17,61.98,76.33,1.0,0.0,5.72,45.0,45.01,0.0,0.0,0.0,120.0,61.98,0.0,0.88,0.0,0.0,0.0,76.01,0.0,71.96,80.39,62.21,63.56
2018-08-29 00:33:00,2,1,76.33,85.0,55.0,76.15,61.98,76.33,1.0,0.0,5.72,45.0,45.01,0.0,0.0,0.0,120.0,61.98,0.0,0.88,0.0,0.0,0.0,75.98,0.0,71.99,80.44,62.21,63.58
2018-08-29 00:34:00,2,1,76.33,85.0,55.0,76.14,61.98,76.33,1.0,0.0,5.72,45.0,45.01,0.0,0.0,0.0,120.0,61.98,0.0,0.88,0.0,0.0,0.0,75.95,0.0,72.02,80.5,62.21,63.59
2018-08-29 00:35:00,2,1,76.33,85.0,55.0,76.12,61.98,76.33,1.0,0.0,5.72,45.0,45.01,0.0,0.0,0.0,120.0,61.98,0.0,0.88,0.0,0.0,0.0,75.91,0.0,72.05,80.55,62.21,63.61
2018-08-29 00:36:00,2,1,76.32,85.0,55.0,76.1,61.98,76.32,1.0,0.0,5.72,45.0,45.01,0.0,0.0,0.0,120.0,61.98,0.0,0.88,0.0,0.0,0.0,75.88,0.0,72.08,80.61,62.2,63.62
2018-08-29 00:37:00,2,1,76.32,85.0,55.0,76.08,61.98,76.32,1.0,0.0,5.72,45.0,45.01,0.0,0.0,0.0,120.0,61.98,0.0,0.88,0.0,0.0,0.0,75.84,0.0,72.11,80.66,62.2,63.63
2018-08-29 00:38:00,2,1,76.32,85.0,55.0,76.07,61.98,76.32,1.0,0.0,5.72,45.0,45.01,0.0,0.0,0.0,120.0,61.98,0.0,0.88,0.0,0.0,0.0,75.81,0.0,72.14,80.72,62.2,63.65
2018-08-29 00:39:00,2,1,76.32,85.0,55.0,76.05,61.98,76.32,1.0,0.0,5.72,45.0,45.01,0.0,0.0,0.0,120.0,61.98,0.0,0.88,0.0,0.0,0.0,75.77,0.0,72.17,80.77,62.2,63.66
2018-08-29 00:40:00,2,1,76.32,85.0,55.0,76.03,61.98,76.32,1.0,0.0,5.72,45.0,45.01,0.0,0.0,0.0,120.0,61.98,0.0,0.88,0.0,0.0,0.0,75.74,0.0,72.2,80.83,62.2,63.68
2018-08-29 00:41:00,2,1,76.32,85.0,55.0,76.01,61.98,76.32,1.0,0.0,5.72,45.0,45.01,0.0,0.0,0.0,120.0,61.98,0.0,0.88,0.0,0.0,0.0,75.71,0.0,72.23,80.89,62.2,63.69
2018-08-29 00:42:00,2,1,76.32,85.0,55.0,75.99,61.98,76.32,1.0,0.0,5.72,45.0,45.01,0.0,0.0,0.0,120.0,61.98,0.0,0.88,0.0,0.0,0.0,75.67,0.0,72.26,80.94,62.2,63.7
2018-08-29 00:43:00,2,1,76.32,85.0,55.0,75.98,61.98,76.32,1.0,0.0,5.72,45.0,45.01,0.0,0.0,0.0,120.0,61.98,0.0,0.88,0.0,0.0,0.0,75.64,0.0,72.29,81.0,62.19,63.72
2018-08-29 00:44:00,2,1,76.31,85.0,55.0,75.96,61.98,76.31,1.0,0.0,5.72,45.0,45.01,0.0,0.0,0.0,120.0,61.98,0.0,0.88,0.0,0.0,0.0,75.6,0.0,72.32,81.06,62.19,63.73
2018-08-29 00:45:00,2,1,76.31,85.0,55.0,75.94,61.99,76.31,1.0,0.0,5.72,45.0,45.01,0.0,0.0,0.0,120.0,61.99,0.0,0.88,0.0,0.0,0.0,75.57,0.0,72.35,81.11,62.19,63.74
2018-08-29 00:46:00,2,1,76.31,85.0,55.0,75.92,61.99,76.31,1.0,0.0,5.72,45.0,45.01,0.0,0.0,0.0,120.0,61.99,0.0,0.88,0.0,0.0,0.0,75.53,0.0,72.38,81.17,62.19,63.75
2018-08-29 00:47:00,2,1,76.31,85.0,55.0,75.9,61.99,76.31,1.0,0.0,5.72,45.0,45.01,0.0,0.0,0.0,120.0,61.99,0.0,0.88,0.0,0.0,0.0,75.5,0.0,72.41,81.23,62.19,63.77
2018-08-29 00:48:00,2,1,76.31,85.0,55.0,75.89,61.99,76.31,1.0,0.0,5.72,45.0,45.01,0.0,0.0,0.0,120.0,61.99,0.0,0.88,0.0,0.0,0.0,75.46,0.0,72.44,81.29,62.19,63.78
2018-08-29 00:49:00,2,1,76.31,85.0,55.0,75.87,61.99,76.31,1.0,0.0,5.72,45.0,45.01,0.0,0.0,0.0,120.0,61.99,0.0,0.88,0.0,0.0,0.0,75.43,0.0,72.47,81.34,62.19,63.79
2018-08-29 00:50:00,2,1,76.31,85.0,55.0,75.85,61.99,76.31,1.0,0.0,5.72,45.0,45.01,0.0,0.0,0.0,120.0,61.99,0.0,0.88,0.0,0.0,0.0,75.39,0.0,72.5,81.4,62.19,63.8
2018-08-29 00:51:00,2,1,76.31,85.0,55.0,75.83,61.99,76.31,1.0,0.0,5.72,45.0,45.01,0.0,0.0,0.0,120.0,61.99,0.0,0.88,0.0,0.0,0.0,75.36,0.0,72.53,81.46,62.19,63.81
2018-08-29 00:52:00,2,1,76.3,85.0,55.0,75.81,61.99,76.3,1.0,0.0,5.72,45.0,45.01,0.0,0.0,0.0,120.0,61.99,0.0,0.88,0.0,0.0,0.0,75.32,0.0,72.56,81.52,62.19,63.83
2018-08-29 00:53:00,2,1,76.3,85.0,55.0,75.79,61.99,76.3,1.0,0.0,5.72,45.0,45.01,0.0,0.0,0.0,120.0,61.99,0.0,0.88,0.0,0.0,0.0,75.28,0.0,72.59,81.58,62.19,63.84
2018-08-29 00:54:00,2,1,76.3,85.0,55.0,75.78,61.99,76.3,1.0,0.0,5.72,45.0,45.01,0.0,0.0,0.0,120.0,61.99,0.0,0.88,0.0,0.0,0.0,75.25,0.0,72.62,81.63,62.19,63.85
2018-08-29 00:55:00,2,1,76.3,85.0,55.0,75.76,61.99,76.3,1.0,0.0,5.72,45.0,45.01,0.0,0.0,0.0,120.0,61.99,0.0,0.88,0.0,0.0,0.0,75.21,0.0,72.65,81.69,62.19,63.86
2018-08-29 00:56:00,2,1,76.3,85.0,55.0,75.74,61.99,76.3,1.0,0.0,5.72,45.0,45.01,0.0,0.0,0.0,120.0,61.99,0.0,0.88,0.0,0.0,0.0,75.18,0.0,72.68,81.75,62.19,63.87
2018-08-29 00:57:00,2,1,76.3,85.0,55.0,75.72,61.99,76.3,1.0,0.0,5.72,45.0,45.01,0.0,0.0,0.0,120.0,61.99,0.0,0.88,0.0,0.0,0.0,75.14,0.0,72.7,81.81,62.19,63.88
2018-08-29 00:58:00,2,1,76.3,85.0,55.0,75.7,61.99,76.3,1.0,0.0,5.72,45.0,45.01,0.0,0.0,0.0,120.0,61.99,0.0,0.88,0.0,0.0,0.0,75.11,0.0,72.73,81.86,62.19,63.89
2018-08-29 00:59:00,2,1,76.3,85.0,55.0,75.68,61.99,76.3,1.0,0.0,5.72,45.0,45.01,0.0,0.0,0.0,120.0,61.99,0.0,0.88,0.0,0.0,0.0,75.07,0.0,72.76,81.92,62.19,63.9
2018-08-29 01:00:00,2,1,76.3,85.0,55.0,75.67,61.99,76.3,1.0,0.0,5.72,45.0,45.01,0.0,0.0,0.0,120.0,61.99,0.0,0.88,0.0,0.0,0.0,75.04,0.0,72.79,81.98,62.19,63.91
2018-08-29 01:01:00,2,1,76.29,85.0,55.0,75.65,61.98,76.29,1.0,0.0,5.72,45.0,45.01,0.0,0.0,0.0,120.0,61.98,0.0,0.88,0.0,0.0,0.0,75.0,0.0,72.81,82.03,62.19,63.92
2018-08-29 01:02:00,2,1,76.29,85.0,55.0,75.63,61.98,76.29,1.0,0.0,5.72,45.0,45.01,0.0,0.0,0.0,120.0,61.98,0.0,0.88,0.0,0.0,0.0,74.97,0.0,72.83,82.07,62.19,63.93
2018-08-29 01:03:00,2,1,76.29,85.0,55.0,75.61,61.98,76.29,1.0,0.0,5.72,45.0,45.01,0.0,0.0,0.0,120.0,61.98,0.0,0.88,0.0,0.0,0.0,74.94,0.0,72.86,82.11,62.19,63.94
2018-08-29 01:04:00,2,1,76.29,85.0,55.0,75.6,61.98,76.29,1.0,0.0,5.72,45.0,45.01,0.0,0.0,0.0,120.0,61.98,0.0,0.88,0.0,0.0,0.0,74.9,0.0,72.88,82.16,62.2,63.95
2018-08-29 01:05:00,2,1,76.29,85.0,55.0,75.58,61.98,76.29,1.0,0.0,5.72,45.0,45.01,0.0,0.0,0.0,120.0,61.98,0.0,0.88,0.0,0.0,0.0,74.87,0.0,72.9,82.2,62.2,63.96
2018-08-29 01:06:00,2,1,76.29,85.0,55.0,75.56,61.98,76.29,1.0,0.0,5.72,45.0,45.01,0.0,0.0,0.0,120.0,61.98,0.0,0.88,0.0,0.0,0.0,74.84,0.0,72.92,82.24,62.2,63.97
2018-08-29 01:07:00,2,1,76.29,85.0,55.0,75.55,61.98,76.29,1.0,0.0,5.72,45.0,45.01,0.0,0.0,0.0,120.0,61.98,0.0,0.88,0.0,0.0,0.0,74.8,0.0,72.94,82.28,62.2,63.98
2018-08-29 01:08:00,2,1,76.29,85.0,55.0,75.53,61.98,76.29,1.0,0.0,5.72,45.0,45.01,0.0,0.0,0.0,120.0,61.98,0.0,0.88,0.0,0.0,0.0,74.77,0.0,72.96,82.33,62.2,63.99
2018-08-29 01:09:00,2,1,76.29,85.0,55.0,75.51,61.98,76.29,1.0,0.0,5.72,45.0,45.01,0.0,0.0,0.0,120.0,61.98,0.0,0.88,0.0,0.0,0.0,74.74,0.0,72.98,82.37,62.21,63.99
2018-08-29 01:10:00,2,1,76.29,85.0,55.0,75.5,61.98,76.29,1.0,0.0,5.72,45.0,45.01,0.0,0.0,0.0,120.0,61.98,0.0,0.88,0.0,0.0,0.0,74.71,0.0,73.0,82.41,62.21,64.0
2018-08-29 01:11:00,2,1,76.28,85.0,55.0,75.48,61.98,76.28,1.0,0.0,5.72,45.0,45.01,0.0,0.0,0.0,120.0,61.98,0.0,0.88,0.0,0.0,0.0,74.67,0.0,73.02,82.45,62.21,64.01
2018-08-29 01:12:00,2,1,76.28,85.0,55.0,75.46,61.98,76.28,1.0,0.0,5.72,45.0,45.01,0.0,0.0,0.0,120.0,61.98,0.0,0.88,0.0,0.0,0.0,74.64,0.0,73.04,82.49,62.21,64.02
2018-08-29 01:13:00,2,1,76.28,85.0,55.0,75.44,61.97,76.28,1.0,0.0,5.72,45.0,45.01,0.0,0.0,0.0,120.0,61.97,0.0,0.88,0.0,0.0,0.0,74.61,0.0,73.06,82.53,62.22,64.03
2018-08-29 01:14:00,2,1,76.28,85.0,55.0,75.43,61.97,76.28,1.0,0.0,5.72,45.0,45.01,0.0,0.0,0.0,120.0,61.97,0.0,0.88,0.0,0.0,0.0,74.57,0.0,73.08,82.57,62.22,64.04
2018-08-29 01:15:00,2,1,76.28,85.0,55.0,75.41,61.97,76.28,1.0,0.0,5.72,45.0,45.01,0.0,0.0,0.0,120.0,61.97,0.0,0.88,0.0,0.0,0.0,74.54,0.0,73.1,82.61,62.22,64.05
2018-08-29 01:16:00,2,1,76.28,85.0,55.0,75.39,61.97,76.28,1.0,0.0,5.72,45.0,45.01,0.0,0.0,0.0,120.0,61.97,0.0,0.88,0.0,0.0,0.0,74.51,0.0,73.12,82.65,62.22,64.06
2018-08-29 01:17:00,2,1,76.28,85.0,55.0,75.38,61.97,76.28,1.0,0.0,5.72,45.0,45.01,0.0,0.0,0.0,120.0,61.97,0.0,0.88,0.0,0.0,0.0,74.47,0.0,73.14,82.69,62.23,64.07
2018-08-29 01:18:00,2,1,76.28,85.0,55.0,75.36,61.97,76.28,1.0,0.0,5.72,45.0,45.01,0.0,0.0,0.0,120.0,61.97,0.0,0.88,0.0,0.0,0.0,74.44,0.0,73.16,82.73,62.23,64.07
2018-08-29 01:19:00,2,1,76.28,85.0,55.0,75.34,61.97,76.28,1.0,0.0,5.72,45.0,45.01,0.0,0.0,0.0,120.0,61.97,0.0,0.88,0.0,0.0,0.0,74.41,0.0,73.17,82.77,62.24,64.08
2018-08-29 01:20:00,2,1,76.28,85.0,55.0,75.33,61.96,76.28,1.0,0.0,5.72,45.0,45.01,0.0,0.0,0.0,120.0,61.96,0.0,0.88,0.0,0.0,0.0,74.38,0.0,73.19,82.81,62.24,64.09
2018-08-29 01:21:00,2,1,76.27,85.0,55.0,75.31,61.96,76.27,1.0,0.0,5.72,45.0,45.01,0.0,0.0,0.0,120.0,61.96,0.0,0.88,0.0,0.0,0.0,74.34,0.0,73.21,82.84,62.24,64.1
2018-08-29 01:22:00,2,1,76.27,85.0,55.0,75.29,61.96,76.27,1.0,0.0,5.72,45.0,45.01,0.0,0.0,0.0,120.0,61.96,0.0,0.88,0.0,0.0,0.0,74.31,0.0,73.23,82.88,62.25,64.11
2018-08-29 01:23:00,2,1,76.27,85.0,55.0,75.27,61.96,76.27,1.0,0.0,5.72,45.0,45.01,0.0,0.0,0.0,120.0,61.96,0.0,0.88,0.0,0.0,0.0,74.28,0.0,73.25,82.92,62.25,64.12
2018-08-29 01:24:00,2,1,76.27,85.0,55.0,75.26,61.96,76.27,1.0,0.0,5.72,45.0,45.01,0.0,0.0,0.0,120.0,61.96,0.0,0.88,0.0,0.0,0.0,74.24,0.0,73.26,82.95,62.26,64.12
2018-08-29 01:25:00,2,1,76.27,85.0,55.0,75.24,61.95,76.27,1.0,0.0,5.72,45.0,45.01,0.0,0.0,0.0,120.0,61.95,0.0,0.88,0.0,0.0,0.0,74.21,0.0,73.28,82.99,62.26,64.13
2018-08-29 01:26:00,2,1,76.27,85.0,55.0,75.22,61.95,76.27,1.0,0.0,5.72,45.0,45.01,0.0,0.0,0.0,120.0,61.95,0.0,0.88,0.0,0.0,0.0,74.18,0.0,73.3,83.03,62.27,64.14
2018-08-29 01:27:00,2,1,76.27,85.0,55.0,75.21,61.95,76.27,1.0,0.0,5.72,45.0,45.01,0.0,0.0,0.0,120.0,61.95,0.0,0.88,0.0,0.0,0.0,74.14,0.0,73.31,83.06,62.27,64.15
2018-08-29 01:28:00,2,1,76.27,85.0,55.0,75.19,61.95,76.27,1.0,0.0,5.72,45.0,45.01,0.0,0.0,0.0,120.0,61.95,0.0,0.88,0.0,0.0,0.0,74.11,0.0,73.33,83.1,62.28,64.16
2018-08-29 01:29:00,2,1,76.27,85.0,55.0,75.17,61.95,76.27,1.0,0.0,5.72,45.0,45.01,0.0,0.0,0.0,120.0,61.95,0.0,0.88,0.0,0.0,0.0,74.08,0.0,73.34,83.13,62.28,64.17
2018-08-29 01:30:00,2,1,76.27,85.0,55.0,75.16,61.94,76.27,1.0,0.0,5.72,45.0,45.01,0.0,0.0,0.0,120.0,61.94,0.0,0.88,0.0,0.0,0.0,74.05,0.0,73.36,83.17,62.29,64.17
2018-08-29 01:31:00,2,1,76.27,85.0,55.0,75.14,61.94,76.27,1.0,0.0,5.72,45.0,45.01,0.0,0.0,0.0,120.0,61.94,0.0,0.88,0.0,0.0,0.0,74.01,0.0,73.38,83.2,62.29,64.18
2018-08-29 01:32:00,2,1,76.26,85.0,55.0,75.12,61.94,76.26,1.0,0.0,5.72,45.0,45.01,0.0,0.0,0.0,120.0,61.94,0.0,0.88,0.0,0.0,0.0,73.98,0.0,73.39,83.23,62.3,64.19
2018-08-29 01:33:00,2,1,76.26,85.0,55.0,75.1,61.94,76.26,1.0,0.0,5.72,45.0,45.01,0.0,0.0,0.0,120.0,61.94,0.0,0.88,0.0,0.0,0.0,73.95,0.0,73.41,83.27,62.31,64.2
2018-08-29 01:34:00,2,1,76.26,85.0,55.0,75.09,61.93,76.26,1.0,0.0,5.72,45.0,45.01,0.0,0.0,0.0,120.0,61.93,0.0,0.88,0.0,0.0,0.0,73.91,0.0,73.42,83.3,62.31,64.21
2018-08-29 01:35:00,2,1,76.26,85.0,55.0,75.07,61.93,76.26,1.0,0.0,5.72,45.0,45.01,0.0,0.0,0.0,120.0,61.93,0.0,0.88,0.0,0.0,0.0,73.88,0.0,73.44,83.33,62.32,64.21
2018-08-29 01:36:00,2,1,76.26,85.0,55.0,75.05,61.93,76.26,1.0,0.0,5.72,45.0,45.01,0.0,0.0,0.0,120.0,61.93,0.0,0.88,0.0,0.0,0.0,73.85,0.0,73.45,83.36,62.33,64.22
2018-08-29 01:37:00,2,1,76.26,85.0,55.0,75.04,61.92,76.26,1.0,0.0,5.72,45.0,45.01,0.0,0.0,0.0,120.0,61.92,0.0,0.88,0.0,0.0,0.0,73.81,0.0,73.46,83.4,62.33,64.23
2018-08-29 01:38:00,2,1,76.26,85.0,55.0,75.02,61.92,76.26,1.0,0.0,5.72,45.0,45.01,0.0,0.0,0.0,120.0,61.92,0.0,0.88,0.0,0.0,0.0,73.78,0.0,73.48,83.43,62.34,64.24
2018-08-29 01:39:00,2,1,76.26,85.0,55.0,75.0,61.92,76.26,1.0,0.0,5.72,45.0,45.01,0.0,0.0,0.0,120.0,61.92,0.0,0.88,0.0,0.0,0.0,73.75,0.0,73.49,83.46,62.35,64.25
2018-08-29 01:40:00,2,1,76.26,85.0,55.0,74.99,61.91,76.26,1.0,0.0,5.72,45.0,45.01,0.0,0.0,0.0,120.0,61.91,0.0,0.88,0.0,0.0,0.0,73.72,0.0,73.51,83.49,62.35,64.25
2018-08-29 01:41:00,2,1,76.26,85.0,55.0,74.97,61.91,76.26,1.0,0.0,5.72,45.0,45.01,0.0,0.0,0.0,120.0,61.91,0.0,0.88,0.0,0.0,0.0,73.68,0.0,73.52,83.52,62.36,64.26
2018-08-29 01:42:00,2,1,76.26,85.0,55.0,74.95,61.91,76.26,1.0,0.0,5.72,45.0,45.01,0.0,0.0,0.0,120.0,61.91,0.0,0.88,0.0,0.0,0.0,73.65,0.0,73.53,83.55,62.37,64.27
2018-08-29 01:43:00,2,1,76.25,85.0,55.0,74.94,61.9,76.25,1.0,0.0,5.72,45.0,45.01,0.0,0.0,0.0,120.0,61.9,0.0,0.88,0.0,0.0,0.0,73.62,0.0,73.55,83.58,62.38,64.28
2018-08-29 01:44:00,2,1,76.25,85.0,55.0,74.92,61.9,76.25,1.0,0.0,5.72,45.0,45.01,0.0,0.0,0.0,120.0,61.9,0.0,0.88,0.0,0.0,0.0,73.58,0.0,73.56,83.6,62.39,64.28
2018-08-29 01:45:00,2,1,76.25,85.0,55.0,74.9,61.9,76.25,1.0,0.0,5.72,45.0,45.01,0.0,0.0,0.0,120.0,61.9,0.0,0.88,0.0,0.0,0.0,73.55,0.0,73.57,83.63,62.39,64.29
2018-08-29 01:46:00,2,1,76.25,85.0,55.0,74.88,61.89,76.25,1.0,0.0,5.72,45.0,45.01,0.0,0.0,0.0,120.0,61.89,0.0,0.88,0.0,0.0,0.0,73.52,0.0,73.58,83.66,62.4,64.3
2018-08-29 01:47:00,2,1,76.25,85.0,55.0,74.87,61.89,76.25,1.0,0.0,5.72,45.0,45.01,0.0,0.0,0.0,120.0,61.89,0.0,0.88,0.0,0.0,0.0,73.48,0.0,73.59,83.69,62.41,64.31
2018-08-29 01:48:00,2,1,76.25,85.0,55.0,74.85,61.89,76.25,1.0,0.0,5.72,45.0,45.01,0.0,0.0,0.0,120.0,61.89,0.0,0.88,0.0,0.0,0.0,73.45,0.0,73.61,83.71,62.42,64.32
2018-08-29 01:49:00,2,1,76.25,85.0,55.0,74.83,61.88,76.25,1.0,0.0,5.72,45.0,45.01,0.0,0.0,0.0,120.0,61.88,0.0,0.88,0.0,0.0,0.0,73.42,0.0,73.62,83.74,62.43,64.32
2018-08-29 01:50:00,2,1,76.25,85.0,55.0,74.82,61.88,76.25,1.0,0.0,5.72,45.0,45.01,0.0,0.0,0.0,120.0,61.88,0.0,0.88,0.0,0.0,0.0,73.39,0.0,73.63,83.76,62.44,64.33
2018-08-29 01:51:00,2,1,76.25,85.0,55.0,74.8,61.87,76.25,1.0,0.0,5.72,45.0,45.01,0.0,0.0,0.0,120.0,61.87,0.0,0.88,0.0,0.0,0.0,73.35,0.0,73.64,83.79,62.45,64.34
2018-08-29 01:52:00,2,1,76.25,85.0,55.0,74.78,61.87,76.25,1.0,0.0,5.72,45.0,45.01,0.0,0.0,0.0,120.0,61.87,0.0,0.88,0.0,0.0,0.0,73.32,0.0,73.65,83.81,62.46,64.35
2018-08-29 01:53:00,2,1,76.25,85.0,55.0,74.77,61.86,76.25,1.0,0.0,5.72,45.0,45.01,0.0,0.0,0.0,120.0,61.86,0.0,0.88,0.0,0.0,0.0,73.29,0.0,73.66,83.84,62.47,64.35
2018-08-29 01:54:00,2,1,76.25,85.0,55.0,74.75,61.86,76.25,1.0,0.0,5.72,45.0,45.01,0.0,0.0,0.0,120.0,61.86,0.0,0.88,0.0,0.0,0.0,73.25,0.0,73.67,83.86,62.48,64.36
2018-08-29 01:55:00,2,1,76.24,85.0,55.0,74.73,61.86,76.24,1.0,0.0,5.72,45.0,45.01,0.0,0.0,0.0,120.0,61.86,0.0,0.88,0.0,0.0,0.0,73.22,0.0,73.68,83.88,62.49,64.37
2018-08-29 01:56:00,2,1,76.24,85.0,55.0,74.72,61.85,76.24,1.0,0.0,5.72,45.0,45.01,0.0,0.0,0.0,120.0,61.85,0.0,0.88,0.0,0.0,0.0,73.19,0.0,73.69,83.91,62.5,64.38
2018-08-29 01:57:00,2,1,76.24,85.0,55.0,74.7,61.85,76.24,1.0,0.0,5.72,45.0,45.01,0.0,0.0,0.0,120.0,61.85,0.0,0.88,0.0,0.0,0.0,73.15,0.0,73.7,83.93,62.51,64.39
2018-08-29 01:58:00,2,1,76.24,85.0,55.0,74.68,61.84,76.24,1.0,0.0,5.72,45.0,45.01,0.0,0.0,0.0,120.0,61.84,0.0,0.88,0.0,0.0,0.0,73.12,0.0,73.71,83.95,62.52,64.39
2018-08-29 01:59:00,2,1,76.24,85.0,55.0,74.66,61.84,76.24,1.0,0.0,5.72,45.0,45.01,0.0,0.0,0.0,120.0,61.84,0.0,0.88,0.0,0.0,0.0,73.09,0.0,73.72,83.97,62.53,64.4
2018-08-29 02:00:00,2,1,76.24,85.0,55.0,74.65,61.83,76.24,1.0,0.0,5.72,45.0,45.01,0.0,0.0,0.0,120.0,61.83,0.0,0.88,0.0,0.0,0.0,73.06,0.0,73.72,83.99,62.54,64.41
2018-08-29 02:01:00,2,1,76.24,85.0,55.0,74.63,61.83,76.24,1.0,0.0,5.72,45.0,45.01,0.0,0.0,0.0,120.0,61.83,0.0,0.88,0.0,0.0,0.0,73.02,0.0,73.73,84.0,62.55,64.42
2018-08-29 02:02:00,2,1,76.24,85.0,55.0,74.61,61.82,76.24,1.0,0.0,5.72,45.0,45.01,0.0,0.0,0.0,120.0,61.82,0.0,0.88,0.0,0.0,0.0,72.99,0.0,73.73,84.01,62.57,64.42
2018-08-29 02:03:00,2,1,76.24,85.0,55.0,74.59,61.82,76.24,1.0,0.0,5.72,45.0,45.01,0.0,0.0,0.0,120.0,61.82,0.0,0.88,0.0,0.0,0.0,72.95,0.0,73.73,84.01,62.58,64.43
2018-08-29 02:04:00,2,1,76.24,85.0,55.0,74.58,61.81,76.24,1.0,0.0,5.72,45.0,45.01,0.0,0.0,0.0,120.0,61.81,0.0,0.88,0.0,0.0,0.0,72.91,0.0,73.73,84.01,62.59,64.44
2018-08-29 02:05:00,2,1,76.24,85.0,55.0,74.56,61.81,76.24,1.0,0.0,5.72,45.0,45.01,0.0,0.0,0.0,120.0,61.81,0.0,0.88,0.0,0.0,0.0,72.88,0.0,73.73,84.01,62.6,64.45
2018-08-29 02:06:00,2,1,76.23,85.0,55.0,74.54,61.8,76.23,1.0,0.0,5.72,45.0,45.01,0.0,0.0,0.0,120.0,61.8,0.0,0.88,0.0,0.0,0.0,72.84,0.0,73.73,84.02,62.62,64.46
2018-08-29 02:07:00,2,1,76.23,85.0,55.0,74.52,61.79,76.23,1.0,0.0,5.72,45.0,45.01,0.0,0.0,0.0,120.0,61.79,0.0,0.88,0.0,0.0,0.0,72.81,0.0,73.72,84.02,62.63,64.46
2018-08-29 02:08:00,2,1,76.23,85.0,55.0,74.5,61.79,76.23,1.0,0.0,5.72,45.0,45.01,0.0,0.0,0.0,120.0,61.79,0.0,0.88,0.0,0.0,0.0,72.77,0.0,73.72,84.02,62.64,64.47
2018-08-29 02:09:00,2,1,76.23,85.0,55.0,74.48,61.78,76.23,1.0,0.0,5.72,45.0,45.01,0.0,0.0,0.0,120.0,61.78,0.0,0.88,0.0,0.0,0.0,72.74,0.0,73.72,84.02,62.66,64.48
2018-08-29 02:10:00,2,1,76.23,85.0,55.0,74.47,61.78,76.23,1.0,0.0,5.72,45.0,45.01,0.0,0.0,0.0,120.0,61.78,0.0,0.88,0.0,0.0,0.0,72.7,0.0,73.72,84.02,62.67,64.49
2018-08-29 02:11:00,2,1,76.23,85.0,55.0,74.45,61.77,76.23,1.0,0.0,5.72,45.0,45.01,0.0,0.0,0.0,120.0,61.77,0.0,0.88,0.0,0.0,0.0,72.67,0.0,73.72,84.02,62.69,64.49
2018-08-29 02:12:00,2,1,76.23,85.0,55.0,74.43,61.76,76.23,1.0,0.0,5.72,45.0,45.01,0.0,0.0,0.0,120.0,61.76,0.0,0.88,0.0,0.0,0.0,72.63,0.0,73.72,84.02,62.7,64.5
2018-08-29 02:13:00,2,1,76.23,85.0,55.0,74.41,61.76,76.23,1.0,0.0,5.72,45.0,45.01,0.0,0.0,0.0,120.0,61.76,0.0,0.88,0.0,0.0,0.0,72.6,0.0,73.71,84.02,62.72,64.51
2018-08-29 02:14:00,2,1,76.23,85.0,55.0,74.39,61.75,76.23,1.0,0.0,5.72,45.0,45.01,0.0,0.0,0.0,120.0,61.75,0.0,0.88,0.0,0.0,0.0,72.56,0.0,73.71,84.01,62.73,64.52
2018-08-29 02:15:00,2,1,76.22,85.0,55.0,74.38,61.74,76.22,1.0,0.0,5.72,45.0,45.01,0.0,0.0,0.0,120.0,61.74,0.0,0.88,0.0,0.0,0.0,72.53,0.0,73.71,84.01,62.75,64.52
2018-08-29 02:16:00,2,1,76.22,85.0,55.0,74.36,61.74,76.22,1.0,0.0,5.72,45.0,45.01,0.0,0.0,0.0,120.0,61.74,0.0,0.88,0.0,0.0,0.0,72.49,0.0,73.71,84.01,62.76,64.53
2018-08-29 02:17:00,2,1,76.22,85.0,55.0,74.34,61.73,76.22,1.0,0.0,5.72,45.0,45.01,0.0,0.0,0.0,120.0,61.73,0.0,0.88,0.0,0.0,0.0,72.46,0.0,73.7,84.01,62.78,64.54
2018-08-29 02:18:00,2,1,76.22,85.0,55.0,74.32,61.72,76.22,1.0,0.0,5.72,45.0,45.01,0.0,0.0,0.0,120.0,61.72,0.0,0.88,0.0,0.0,0.0,72.42,0.0,73.7,84.01,62.8,64.55
2018-08-29 02:19:00,2,1,76.22,85.0,55.0,74.3,61.72,76.22,1.0,0.0,5.72,45.0,45.01,0.0,0.0,0.0,120.0,61.72,0.0,0.88,0.0,0.0,0.0,72.39,0.0,73.7,84.0,62.81,64.55
2018-08-29 02:20:00,2,1,76.22,85.0,55.0,74.28,61.71,76.22,1.0,0.0,5.72,45.0,45.01,0.0,0.0,0.0,120.0,61.71,0.0,0.88,0.0,0.0,0.0,72.35,0.0,73.69,84.0,62.83,64.56
2018-08-29 02:21:00,2,1,76.22,85.0,55.0,74.27,61.7,76.22,1.0,0.0,5.72,45.0,45.01,0.0,0.0,0.0,120.0,61.7,0.0,0.88,0.0,0.0,0.0,72.32,0.0,73.69,84.0,62.85,64.57
2018-08-29 02:22:00,2,1,76.22,85.0,55.0,74.25,61.69,76.22,1.0,0.0,5.72,45.0,45.01,0.0,0.0,0.0,120.0,61.69,0.0,0.88,0.0,0.0,0.0,72.28,0.0,73.69,83.99,62.87,64.58
2018-08-29 02:23:00,2,1,76.21,85.0,55.0,74.23,61.69,76.21,1.0,0.0,5.72,45.0,45.01,0.0,0.0,0.0,120.0,61.69,0.0,0.88,0.0,0.0,0.0,72.25,0.0,73.68,83.99,62.88,64.58
2018-08-29 02:24:00,2,1,76.21,85.0,55.0,74.21,61.68,76.21,1.0,0.0,5.72,45.0,45.01,0.0,0.0,0.0,120.0,61.68,0.0,0.88,0.0,0.0,0.0,72.21,0.0,73.68,83.99,62.9,64.59
2018-08-29 02:25:00,2,1,76.21,85.0,55.0,74.2,61.67,76.21,1.0,0.0,5.72,45.0,45.01,0.0,0.0,0.0,120.0,61.67,0.0,0.88,0.0,0.0,0.0,72.18,0.0,73.68,83.98,62.92,64.6
2018-08-29 02:26:00,2,1,76.21,85.0,55.0,74.18,61.66,76.21,1.0,0.0,5.72,45.0,45.01,0.0,0.0,0.0,120.0,61.66,0.0,0.88,0.0,0.0,0.0,72.14,0.0,73.67,83.98,62.94,64.6
2018-08-29 02:27:00,2,1,76.21,85.0,55.0,74.16,61.65,76.21,1.0,0.0,5.72,45.0,45.01,0.0,0.0,0.0,120.0,61.65,0.0,0.88,0.0,0.0,0.0,72.11,0.0,73.67,83.98,62.96,64.61
2018-08-29 02:28:00,2,1,76.21,85.0,55.0,74.14,61.64,76.21,1.0,0.0,5.72,45.0,45.01,0.0,0.0,0.0,120.0,61.64,0.0,0.88,0.0,0.0,0.0,72.08,0.0,73.67,83.97,62.98,64.62
2018-08-29 02:29:00,2,1,76.21,85.0,55.0,74.13,61.64,76.21,1.0,0.0,5.72,45.0,45.01,0.0,0.0,0.0,120.0,61.64,0.0,0.88,0.0,0.0,0.0,72.04,0.0,73.66,83.97,63.0,64.63
2018-08-29 02:30:00,2,1,76.21,85.0,55.0,74.11,61.63,76.21,1.0,0.0,5.72,45.0,45.01,0.0,0.0,0.0,120.0,61.63,0.0,0.88,0.0,0.0,0.0,72.01,0.0,73.66,83.97,63.02,64.63
2018-08-29 02:31:00,2,1,76.2,85.0,55.0,74.09,61.62,76.2,1.0,0.0,5.72,45.0,45.01,0.0,0.0,0.0,120.0,61.62,0.0,0.88,0.0,0.0,0.0,71.98,0.0,73.66,83.96,63.04,64.64
2018-08-29 02:32:00,2,1,76.2,85.0,55.0,74.07,61.61,76.2,1.0,0.0,5.72,45.0,45.01,0.0,0.0,0.0,120.0,61.61,0.0,0.88,0.0,0.0,0.0,71.94,0.0,73.65,83.96,63.06,64.65
2018-08-29 02:33:00,2,1,76.2,85.0,55.0,74.06,61.6,76.2,1.0,0.0,5.72,45.0,45.01,0.0,0.0,0.0,120.0,61.6,0.0,0.88,0.0,0.0,0.0,71.91,0.0,73.65,83.96,63.08,64.65
2018-08-29 02:34:00,2,1,76.2,85.0,55.0,74.04,61.59,76.2,1.0,0.0,5.72,45.0,45.01,0.0,0.0,0.0,120.0,61.59,0.0,0.88,0.0,0.0,0.0,71.88,0.0,73.65,83.95,63.1,64.66
2018-08-29 02:35:00,2,1,76.2,85.0,55.0,74.02,61.58,76.2,1.0,0.0,5.72,45.0,45.01,0.0,0.0,0.0,120.0,61.58,0.0,0.88,0.0,0.0,0.0,71.84,0.0,73.64,83.95,63.12,64.67
2018-08-29 02:36:00,2,1,76.2,85.0,55.0,74.0,61.57,76.2,1.0,0.0,5.72,45.0,45.01,0.0,0.0,0.0,120.0,61.57,0.0,0.88,0.0,0.0,0.0,71.81,0.0,73.64,83.95,63.15,64.67
2018-08-29 02:37:00,2,1,76.2,85.0,55.0,73.99,61.56,76.2,1.0,0.0,5.72,45.0,45.01,0.0,0.0,0.0,120.0,61.56,0.0,0.88,0.0,0.0,0.0,71.78,0.0,73.64,83.94,63.17,64.68
2018-08-29 02:38:00,2,1,76.2,85.0,55.0,73.97,61.56,76.2,1.0,0.0,5.72,45.0,45.01,0.0,0.0,0.0,120.0,61.56,0.0,0.88,0.0,0.0,0.0,71.74,0.0,73.64,83.94,63.19,64.69
2018-08-29 02:39:00,2,1,76.19,85.0,55.0,73.95,61.55,76.19,1.0,0.0,5.72,45.0,45.01,0.0,0.0,0.0,120.0,61.55,0.0,0.88,0.0,0.0,0.0,71.71,0.0,73.63,83.94,63.21,64.69
2018-08-29 02:40:00,2,1,76.19,85.0,55.0,73.94,61.54,76.19,1.0,0.0,5.72,45.0,45.01,0.0,0.0,0.0,120.0,61.54,0.0,0.88,0.0,0.0,0.0,71.68,0.0,73.63,83.94,63.24,64.7
2018-08-29 02:41:00,2,1,76.19,85.0,55.0,73.92,61.53,76.19,1.0,0.0,5.72,45.0,45.01,0.0,0.0,0.0,120.0,61.53,0.0,0.88,0.0,0.0,0.0,71.65,0.0,73.63,83.94,63.26,64.71
2018-08-29 02:42:00,2,1,76.19,85.0,55.0,73.9,61.52,76.19,1.0,0.0,5.72,45.0,45.01,0.0,0.0,0.0,120.0,61.52,0.0,0.88,0.0,0.0,0.0,71.62,0.0,73.62,83.93,63.28,64.71
2018-08-29 02:43:00,2,1,76.19,85.0,55.0,73.89,61.51,76.19,1.0,0.0,5.72,45.0,45.01,0.0,0.0,0.0,120.0,61.51,0.0,0.88,0.0,0.0,0.0,71.58,0.0,73.62,83.93,63.3,64.72
2018-08-29 02:44:00,2,1,76.19,85.0,55.0,73.87,61.5,76.19,1.0,0.0,5.72,45.0,45.01,0.0,0.0,0.0,120.0,61.5,0.0,0.88,0.0,0.0,0.0,71.55,0.0,73.62,83.93,63.33,64.73
2018-08-29 02:45:00,2,1,76.19,85.0,55.0,73.85,61.49,76.19,1.0,0.0,5.72,45.0,45.01,0.0,0.0,0.0,120.0,61.49,0.0,0.88,0.0,0.0,0.0,71.52,0.0,73.62,83.93,63.35,64.73
2018-08-29 02:46:00,2,1,76.19,85.0,55.0,73.84,61.48,76.19,1.0,0.0,5.72,45.0,45.01,0.0,0.0,0.0,120.0,61.48,0.0,0.88,0.0,0.0,0.0,71.49,0.0,73.62,83.93,63.37,64.74
2018-08-29 02:47:00,2,1,76.18,85.0,55.0,73.82,61.47,76.18,1.0,0.0,5.72,45.0,45.01,0.0,0.0,0.0,120.0,61.47,0.0,0.88,0.0,0.0,0.0,71.46,0.0,73.62,83.93,63.4,64.74
2018-08-29 02:48:00,2,1,76.18,85.0,55.0,73.81,61.46,76.18,1.0,0.0,5.72,45.0,45.01,0.0,0.0,0.0,120.0,61.46,0.0,0.88,0.0,0.0,0.0,71.43,0.0,73.61,83.93,63.42,64.75
2018-08-29 02:49:00,2,1,76.18,85.0,55.0,73.79,61.45,76.18,1.0,0.0,5.72,45.0,45.01,0.0,0.0,0.0,120.0,61.45,0.0,0.88,0.0,0.0,0.0,71.4,0.0,73.61,83.94,63.45,64.76
2018-08-29 02:50:00,2,1,76.18,85.0,55.0,73.77,61.44,76.18,1.0,0.0,5.72,45.0,45.01,0.0,0.0,0.0,120.0,61.44,0.0,0.88,0.0,0.0,0.0,71.37,0.0,73.61,83.94,63.47,64.76
2018-08-29 02:51:00,2,1,76.18,85.0,55.0,73.76,61.43,76.18,1.0,0.0,5.72,45.0,45.01,0.0,0.0,0.0,120.0,61.43,0.0,0.88,0.0,0.0,0.0,71.34,0.0,73.61,83.94,63.49,64.77
2018-08-29 02:52:00,2,1,76.18,85.0,55.0,73.74,61.42,76.18,1.0,0.0,5.72,45.0,45.01,0.0,0.0,0.0,120.0,61.42,0.0,0.88,0.0,0.0,0.0,71.31,0.0,73.61,83.94,63.52,64.77
2018-08-29 02:53:00,2,1,76.18,85.0,55.0,73.73,61.41,76.18,1.0,0.0,5.72,45.0,45.01,0.0,0.0,0.0,120.0,61.41,0.0,0.88,0.0,0.0,0.0,71.28,0.0,73.61,83.95,63.54,64.78
2018-08-29 02:54:00,2,1,76.18,85.0,55.0,73.71,61.4,76.18,1.0,0.0,5.72,45.0,45.01,0.0,0.0,0.0,120.0,61.4,0.0,0.88,0.0,0.0,0.0,71.25,0.0,73.61,83.95,63.57,64.79
2018-08-29 02:55:00,2,1,76.17,85.0,55.0,73.7,61.39,76.17,1.0,0.0,5.72,45.0,45.01,0.0,0.0,0.0,120.0,61.39,0.0,0.88,0.0,0.0,0.0,71.22,0.0,73.61,83.96,63.59,64.79
2018-08-29 02:56:00,2,1,76.17,85.0,55.0,73.68,61.38,76.17,1.0,0.0,5.72,45.0,45.01,0.0,0.0,0.0,120.0,61.38,0.0,0.88,0.0,0.0,0.0,71.19,0.0,73.61,83.96,63.62,64.8
2018-08-29 02:57:00,2,1,76.17,85.0,55.0,73.67,61.37,76.17,1.0,0.0,5.72,45.0,45.01,0.0,0.0,0.0,120.0,61.37,0.0,0.88,0.0,0.0,0.0,71.16,0.0,73.62,83.97,63.64,64.8
2018-08-29 02:58:00,2,1,76.17,85.0,55.0,73.65,61.36,76.17,1.0,0.0,5.72,45.0,45.01,0.0,0.0,0.0,120.0,61.36,0.0,0.88,0.0,0.0,0.0,71.13,0.0,73.62,83.98,63.66,64.81
2018-08-29 02:59:00,2,1,76.17,85.0,55.0,73.64,61.35,76.17,1.0,0.0,5.72,45.0,45.01,0.0,0.0,0.0,120.0,61.35,0.0,0.88,0.0,0.0,0.0,71.1,0.0,73.62,83.99,63.69,64.82
2018-08-29 03:00:00,2,1,76.17,85.0,55.0,73.62,61.33,76.17,1.0,0.0,5.72,45.0,45.01,0.0,0.0,0.0,120.0,61.33,0.0,0.88,0.0,0.0,0.0,71.07,0.0,73.62,83.99,63.71,64.82
2018-08-29 03:01:00,2,1,76.17,85.0,55.0,73.61,61.32,76.17,1.0,0.0,5.72,45.0,45.01,0.0,0.0,0.0,120.0,61.32,0.0,0.88,0.0,0.0,0.0,71.05,0.0,73.63,84.02,63.74,64.83
2018-08-29 03:02:00,2,1,76.17,85.0,55.0,73.6,61.31,76.17,1.0,0.0,5.72,45.0,45.01,0.0,0.0,0.0,120.0,61.31,0.0,0.88,0.0,0.0,0.0,71.02,0.0,73.65,84.05,63.76,64.83
2018-08-29 03:03:00,2,1,76.16,85.0,55.0,73.58,61.3,76.16,1.0,0.0,5.72,45.0,45.01,0.0,0.0,0.0,120.0,61.3,0.0,0.88,0.0,0.0,0.0,71.0,0.0,73.66,84.08,63.79,64.84
2018-08-29 03:04:00,2,1,76.16,85.0,55.0,73.57,61.29,76.16,1.0,0.0,5.72,45.0,45.01,0.0,0.0,0.0,120.0,61.29,0.0,0.88,0.0,0.0,0.0,70.98,0.0,73.68,84.12,63.81,64.84
2018-08-29 03:05:00,2,1,76.16,85.0,55.0,73.56,61.28,76.16,1.0,0.0,5.72,45.0,45.01,0.0,0.0,0.0,120.0,61.28,0.0,0.88,0.0,0.0,0.0,70.96,0.0,73.69,84.16,63.84,64.85
2018-08-29 03:06:00,2,1,76.16,85.0,55.0,73.55,61.27,76.16,1.0,0.0,5.72,45.0,45.01,0.0,0.0,0.0,120.0,61.27,0.0,0.88,0.0,0.0,0.0,70.93,0.0,73.71,84.19,63.86,64.85
2018-08-29 03:07:00,2,1,76.16,85.0,55.0,73.54,61.26,76.16,1.0,0.0,5.72,45.0,45.01,0.0,0.0,0.0,120.0,61.26,0.0,0.88,0.0,0.0,0.0,70.91,0.0,73.72,84.23,63.88,64.86
2018-08-29 03:08:00,2,1,76.16,85.0,55.0,73.52,61.25,76.16,1.0,0.0,5.72,45.0,45.01,0.0,0.0,0.0,120.0,61.25,0.0,0.88,0.0,0.0,0.0,70.89,0.0,73.74,84.27,63.91,64.86
2018-08-29 03:09:00,2,1,76.16,85.0,55.0,73.51,61.24,76.16,1.0,0.0,5.72,45.0,45.01,0.0,0.0,0.0,120.0,61.24,0.0,0.88,0.0,0.0,0.0,70.87,0.0,73.76,84.31,63.93,64.87
2018-08-29 03:10:00,2,1,76.16,85.0,55.0,73.5,61.23,76.16,1.0,0.0,5.72,45.0,45.01,0.0,0.0,0.0,120.0,61.23,0.0,0.88,0.0,0.0,0.0,70.85,0.0,73.78,84.35,63.96,64.87
2018-08-29 03:11:00,2,1,76.16,85.0,55.0,73.49,61.22,76.16,1.0,0.0,5.72,45.0,45.01,0.0,0.0,0.0,120.0,61.22,0.0,0.88,0.0,0.0,0.0,70.83,0.0,73.79,84.39,63.98,64.88
2018-08-29 03:12:00,2,1,76.16,85.0,55.0,73.48,61.21,76.16,1.0,0.0,5.72,45.0,45.01,0.0,0.0,0.0,120.0,61.21,0.0,0.88,0.0,0.0,0.0,70.8,0.0,73.81,84.43,64.0,64.88
2018-08-29 03:13:00,2,1,76.15,85.0,55.0,73.47,61.21,76.15,1.0,0.0,5.72,45.0,45.01,0.0,0.0,0.0,120.0,61.21,0.0,0.88,0.0,0.0,0.0,70.78,0.0,73.83,84.47,64.03,64.89
2018-08-29 03:14:00,2,1,76.15,85.0,55.0,73.46,61.2,76.15,1.0,0.0,5.72,45.0,45.01,0.0,0.0,0.0,120.0,61.2,0.0,0.88,0.0,0.0,0.0,70.76,0.0,73.85,84.51,64.05,64.89
2018-08-29 03:15:00,2,1,76.15,85.0,55.0,73.45,61.19,76.15,1.0,0.0,5.72,45.0,45.01,0.0,0.0,0.0,120.0,61.19,0.0,0.88,0.0,0.0,0.0,70.74,0.0,73.87,84.56,64.07,64.9
2018-08-29 03:16:00,2,1,76.15,85.0,55.0,73.44,61.18,76.15,1.0,0.0,5.72,45.0,45.01,0.0,0.0,0.0,120.0,61.18,0.0,0.88,0.0,0.0,0.0,70.72,0.0,73.89,84.6,64.1,64.9
2018-08-29 03:17:00,2,1,76.15,85.0,55.0,73.43,61.17,76.15,1.0,0.0,5.72,45.0,45.01,0.0,0.0,0.0,120.0,61.17,0.0,0.88,0.0,0.0,0.0,70.7,0.0,73.91,84.64,64.12,64.91
2018-08-29 03:18:00,2,1,76.15,85.0,55.0,73.42,61.16,76.15,1.0,0.0,5.72,45.0,45.01,0.0,0.0,0.0,120.0,61.16,0.0,0.88,0.0,0.0,0.0,70.68,0.0,73.93,84.69,64.14,64.91
2018-08-29 03:19:00,2,1,76.15,85.0,55.0,73.41,61.15,76.15,1.0,0.0,5.72,45.0,45.01,0.0,0.0,0.0,120.0,61.15,0.0,0.88,0.0,0.0,0.0,70.66,0.0,73.95,84.74,64.16,64.92
2018-08-29 03:20:00,2,1,76.15,85.0,55.0,73.4,61.14,76.15,1.0,0.0,5.72,45.0,45.01,0.0,0.0,0.0,120.0,61.14,0.0,0.88,0.0,0.0,0.0,70.64,0.0,73.97,84.78,64.19,64.92
2018-08-29 03:21:00,2,1,76.15,85.0,55.0,73.39,61.13,76.15,1.0,0.0,5.72,45.0,45.01,0.0,0.0,0.0,120.0,61.13,0.0,0.88,0.0,0.0,0.0,70.63,0.0,73.99,84.83,64.21,64.93
2018-08-29 03:22:00,2,1,76.15,85.0,55.0,73.38,61.12,76.15,1.0,0.0,5.72,45.0,45.01,0.0,0.0,0.0,120.0,61.12,0.0,0.88,0.0,0.0,0.0,70.61,0.0,74.01,84.88,64.23,64.93
2018-08-29 03:23:00,2,1,76.14,85.0,55.0,73.37,61.11,76.14,1.0,0.0,5.72,45.0,45.01,0.0,0.0,0.0,120.0,61.11,0.0,0.88,0.0,0.0,0.0,70.59,0.0,74.03,84.92,64.25,64.94
2018-08-29 03:24:00,2,1,76.14,85.0,55.0,73.36,61.1,76.14,1.0,0.0,5.72,45.0,45.01,0.0,0.0,0.0,120.0,61.1,0.0,0.88,0.0,0.0,0.0,70.57,0.0,74.05,84.97,64.27,64.94
2018-08-29 03:25:00,2,1,76.14,85.0,55.0,73.35,61.1,76.14,1.0,0.0,5.72,45.0,45.01,0.0,0.0,0.0,120.0,61.1,0.0,0.88,0.0,0.0,0.0,70.55,0.0,74.07,85.02,64.29,64.95
2018-08-29 03:26:00,2,1,76.14,85.0,55.0,73.34,61.09,76.14,1.0,0.0,5.72,45.0,45.01,0.0,0.0,0.0,120.0,61.09,0.0,0.88,0.0,0.0,0.0,70.53,0.0,74.1,85.07,64.32,64.95
2018-08-29 03:27:00,2,1,76.14,85.0,55.0,73.33,61.08,76.14,1.0,0.0,5.72,45.0,45.01,0.0,0.0,0.0,120.0,61.08,0.0,0.88,0.0,0.0,0.0,70.51,0.0,74.12,85.12,64.34,64.96
2018-08-29 03:28:00,2,1,76.14,85.0,55.0,73.32,61.07,76.14,1.0,0.0,5.72,45.0,45.01,0.0,0.0,0.0,120.0,61.07,0.0,0.88,0.0,0.0,0.0,70.5,0.0,74.14,85.17,64.36,64.96
2018-08-29 03:29:00,2,1,76.14,85.0,55.0,73.31,61.06,76.14,1.0,0.0,5.72,45.0,45.01,0.0,0.0,0.0,120.0,61.06,0.0,0.88,0.0,0.0,0.0,70.48,0.0,74.16,85.22,64.38,64.97
2018-08-29 03:30:00,2,1,76.14,85.0,55.0,73.3,61.05,76.14,1.0,0.0,5.72,45.0,45.01,0.0,0.0,0.0,120.0,61.05,0.0,0.88,0.0,0.0,0.0,70.46,0.0,74.19,85.28,64.4,64.97
2018-08-29 03:31:00,2,1,76.14,85.0,55.0,73.29,61.04,76.14,1.0,0.0,5.72,45.0,45.01,0.0,0.0,0.0,120.0,61.04,0.0,0.88,0.0,0.0,0.0,70.44,0.0,74.21,85.33,64.42,64.98
2018-08-29 03:32:00,2,1,76.14,85.0,55.0,73.28,61.04,76.14,1.0,0.0,5.72,45.0,45.01,0.0,0.0,0.0,120.0,61.04,0.0,0.88,0.0,0.0,0.0,70.43,0.0,74.23,85.38,64.44,64.98
2018-08-29 03:33:00,2,1,76.14,85.0,55.0,73.27,61.03,76.14,1.0,0.0,5.72,45.0,45.01,0.0,0.0,0.0,120.0,61.03,0.0,0.88,0.0,0.0,0.0,70.41,0.0,74.26,85.43,64.46,64.99
2018-08-29 03:34:00,2,1,76.13,85.0,55.0,73.26,61.02,76.13,1.0,0.0,5.72,45.0,45.01,0.0,0.0,0.0,120.0,61.02,0.0,0.88,0.0,0.0,0.0,70.39,0.0,74.28,85.49,64.48,64.99
2018-08-29 03:35:00,2,1,76.13,85.0,55.0,73.25,61.01,76.13,1.0,0.0,5.72,45.0,45.01,0.0,0.0,0.0,120.0,61.01,0.0,0.88,0.0,0.0,0.0,70.37,0.0,74.3,85.54,64.5,65.0
2018-08-29 03:36:00,2,1,76.13,85.0,55.0,73.25,61.0,76.13,1.0,0.0,5.72,45.0,45.01,0.0,0.0,0.0,120.0,61.0,0.0,0.88,0.0,0.0,0.0,70.36,0.0,74.33,85.6,64.52,65.0
2018-08-29 03:37:00,2,1,76.13,85.0,55.0,73.24,61.0,76.13,1.0,0.0,5.72,45.0,45.01,0.0,0.0,0.0,120.0,61.0,0.0,0.88,0.0,0.0,0.0,70.34,0.0,74.35,85.65,64.54,65.0
2018-08-29 03:38:00,2,1,76.13,85.0,55.0,73.23,60.99,76.13,1.0,0.0,5.72,45.0,45.01,0.0,0.0,0.0,120.0,60.99,0.0,0.88,0.0,0.0,0.0,70.32,0.0,74.38,85.7,64.56,65.01
2018-08-29 03:39:00,2,1,76.13,85.0,55.0,73.22,60.98,76.13,1.0,0.0,5.72,45.0,45.01,0.0,0.0,0.0,120.0,60.98,0.0,0.88,0.0,0.0,0.0,70.31,0.0,74.4,85.76,64.58,65.01
2018-08-29 03:40:00,2,1,76.13,85.0,55.0,73.21,60.97,76.13,1.0,0.0,5.72,45.0,45.01,0.0,0.0,0.0,120.0,60.97,0.0,0.88,0.0,0.0,0.0,70.29,0.0,74.43,85.82,64.6,65.02
2018-08-29 03:41:00,2,1,76.13,85.0,55.0,73.2,60.96,76.13,1.0,0.0,5.72,45.0,45.01,0.0,0.0,0.0,120.0,60.96,0.0,0.88,0.0,0.0,0.0,70.28,0.0,74.45,85.87,64.61,65.02
2018-08-29 03:42:00,2,1,76.13,85.0,55.0,73.19,60.96,76.13,1.0,0.0,5.72,45.0,45.01,0.0,0.0,0.0,120.0,60.96,0.0,0.88,0.0,0.0,0.0,70.26,0.0,74.48,85.93,64.63,65.03
2018-08-29 03:43:00,2,1,76.13,85.0,55.0,73.19,60.95,76.13,1.0,0.0,5.72,45.0,45.01,0.0,0.0,0.0,120.0,60.95,0.0,0.88,0.0,0.0,0.0,70.24,0.0,74.5,85.98,64.65,65.03
2018-08-29 03:44:00,2,1,76.13,85.0,55.0,73.18,60.94,76.13,1.0,0.0,5.72,45.0,45.01,0.0,0.0,0.0,120.0,60.94,0.0,0.88,0.0,0.0,0.0,70.23,0.0,74.53,86.04,64.67,65.04
2018-08-29 03:45:00,2,1,76.13,85.0,55.0,73.17,60.94,76.13,1.0,0.0,5.72,45.0,45.01,0.0,0.0,0.0,120.0,60.94,0.0,0.88,0.0,0.0,0.0,70.21,0.0,74.55,86.1,64.69,65.04
2018-08-29 03:46:00,2,1,76.13,85.0,55.0,73.16,60.93,76.13,1.0,0.0,5.72,45.0,45.01,0.0,0.0,0.0,120.0,60.93,0.0,0.88,0.0,0.0,0.0,70.2,0.0,74.58,86.15,64.7,65.05
2018-08-29 03:47:00,2,1,76.12,85.0,55.0,73.15,60.92,76.12,1.0,0.0,5.72,45.0,45.01,0.0,0.0,0.0,120.0,60.92,0.0,0.88,0.0,0.0,0.0,70.18,0.0,74.6,86.21,64.72,65.05
2018-08-29 03:48:00,2,1,76.12,85.0,55.0,73.14,60.91,76.12,1.0,0.0,5.72,45.0,45.01,0.0,0.0,0.0,120.0,60.91,0.0,0.88,0.0,0.0,0.0,70.17,0.0,74.63,86.27,64.74,65.05
2018-08-29 03:49:00,2,1,76.12,85.0,55.0,73.14,60.91,76.12,1.0,0.0,5.72,45.0,45.01,0.0,0.0,0.0,120.0,60.91,0.0,0.88,0.0,0.0,0.0,70.15,0.0,74.65,86.33,64.75,65.06
2018-08-29 03:50:00,2,1,76.12,85.0,55.0,73.13,60.9,76.12,1.0,0.0,5.72,45.0,45.01,0.0,0.0,0.0,120.0,60.9,0.0,0.88,0.0,0.0,0.0,70.13,0.0,74.68,86.38,64.77,65.06
2018-08-29 03:51:00,2,1,76.12,85.0,55.0,73.12,60.89,76.12,1.0,0.0,5.72,45.0,45.01,0.0,0.0,0.0,120.0,60.89,0.0,0.88,0.0,0.0,0.0,70.12,0.0,74.71,86.44,64.79,65.07
2018-08-29 03:52:00,2,1,76.12,85.0,55.0,73.11,60.89,76.12,1.0,0.0,5.72,45.0,45.01,0.0,0.0,0.0,120.0,60.89,0.0,0.88,0.0,0.0,0.0,70.1,0.0,74.73,86.5,64.8,65.07
2018-08-29 03:53:00,2,1,76.12,85.0,55.0,73.1,60.88,76.12,1.0,0.0,5.72,45.0,45.01,0.0,0.0,0.0,120.0,60.88,0.0,0.88,0.0,0.0,0.0,70.09,0.0,74.76,86.56,64.82,65.08
2018-08-29 03:54:00,2,1,76.12,85.0,55.0,73.1,60.87,76.12,1.0,0.0,5.72,45.0,45.01,0.0,0.0,0.0,120.0,60.87,0.0,0.88,0.0,0.0,0.0,70.07,0.0,74.78,86.62,64.84,65.08
2018-08-29 03:55:00,2,1,76.12,85.0,55.0,73.09,60.87,76.12,1.0,0.0,5.72,45.0,45.01,0.0,0.0,0.0,120.0,60.87,0.0,0.88,0.0,0.0,0.0,70.06,0.0,74.81,86.68,64.85,65.09
2018-08-29 03:56:00,2,1,76.12,85.0,55.0,73.08,60.86,76.12,1.0,0.0,5.72,45.0,45.01,0.0,0.0,0.0,120.0,60.86,0.0,0.88,0.0,0.0,0.0,70.05,0.0,74.84,86.74,64.87,65.09
2018-08-29 03:57:00,2,1,76.12,85.0,55.0,73.07,60.86,76.12,1.0,0.0,5.72,45.0,45.01,0.0,0.0,0.0,120.0,60.86,0.0,0.88,0.0,0.0,0.0,70.03,0.0,74.86,86.79,64.88,65.1
2018-08-29 03:58:00,2,1,76.12,85.0,55.0,73.07,60.85,76.12,1.0,0.0,5.72,45.0,45.01,0.0,0.0,0.0,120.0,60.85,0.0,0.88,0.0,0.0,0.0,70.02,0.0,74.89,86.85,64.9,65.1
2018-08-29 03:59:00,2,1,76.11,85.0,55.0,73.06,60.84,76.11,1.0,0.0,5.72,45.0,45.01,0.0,0.0,0.0,120.0,60.84,0.0,0.88,0.0,0.0,0.0,70.0,0.0,74.91,86.91,64.91,65.1
2018-08-29 04:00:00,2,1,76.11,85.0,55.0,73.05,60.84,76.11,1.0,0.0,5.72,45.0,45.01,0.0,0.0,0.0,120.0,60.84,0.0,0.88,0.0,0.0,0.0,69.99,0.0,74.94,86.97,64.93,65.11
2018-08-29 04:01:00,2,1,76.11,85.0,55.0,73.04,60.83,76.11,1.0,0.0,5.72,45.0,45.01,0.0,0.0,0.0,120.0,60.83,0.0,0.88,0.0,0.0,0.0,69.97,0.0,74.96,87.02,64.94,65.11
2018-08-29 04:02:00,2,1,76.11,85.0,55.0,73.03,60.83,76.11,1.0,0.0,5.72,45.0,45.01,0.0,0.0,0.0,120.0,60.83,0.0,0.88,0.0,0.0,0.0,69.96,0.0,74.99,87.07,64.96,65.12
2018-08-29 04:03:00,2,1,76.11,85.0,55.0,73.03,60.82,76.11,1.0,0.0,5.72,45.0,45.01,0.0,0.0,0.0,120.0,60.82,0.0,0.88,0.0,0.0,0.0,69.94,0.0,75.01,87.12,64.97,65.12
2018-08-29 04:04:00,2,1,76.11,85.0,55.0,73.02,60.81,76.11,1.0,0.0,5.72,45.0,45.01,0.0,0.0,0.0,120.0,60.81,0.0,0.88,0.0,0.0,0.0,69.93,0.0,75.03,87.17,64.99,65.13
2018-08-29 04:05:00,2,1,76.11,85.0,55.0,73.01,60.81,76.11,1.0,0.0,5.72,45.0,45.01,0.0,0.0,0.0,120.0,60.81,0.0,0.88,0.0,0.0,0.0,69.91,0.0,75.05,87.23,65.0,65.13
2018-08-29 04:06:00,2,1,76.11,85.0,55.0,73.0,60.8,76.11,1.0,0.0,5.72,45.0,45.01,0.0,0.0,0.0,120.0,60.8,0.0,0.88,0.0,0.0,0.0,69.89,0.0,75.08,87.28,65.01,65.14
2018-08-29 04:07:00,2,1,76.11,85.0,55.0,72.99,60.8,76.11,1.0,0.0,5.72,45.0,45.01,0.0,0.0,0.0,120.0,60.8,0.0,0.88,0.0,0.0,0.0,69.88,0.0,75.1,87.33,65.03,65.14
2018-08-29 04:08:00,2,1,76.11,85.0,55.0,72.99,60.79,76.11,1.0,0.0,5.72,45.0,45.01,0.0,0.0,0.0,120.0,60.79,0.0,0.88,0.0,0.0,0.0,69.86,0.0,75.12,87.38,65.04,65.15
2018-08-29 04:09:00,2,1,76.11,85.0,55.0,72.98,60.79,76.11,1.0,0.0,5.72,45.0,45.01,0.0,0.0,0.0,120.0,60.79,0.0,0.88,0.0,0.0,0.0,69.85,0.0,75.14,87.43,65.06,65.15
2018-08-29 04:10:00,2,1,76.1,85.0,55.0,72.97,60.78,76.1,1.0,0.0,5.72,45.0,45.01,0.0,0.0,0.0,120.0,60.78,0.0,0.88,0.0,0.0,0.0,69.83,0.0,75.17,87.48,65.07,65.16
2018-08-29 04:11:00,2,1,76.1,85.0,55.0,72.96,60.78,76.1,1.0,0.0,5.72,45.0,45.01,0.0,0.0,0.0,120.0,60.78,0.0,0.88,0.0,0.0,0.0,69.82,0.0,75.19,87.53,65.08,65.16
2018-08-29 04:12:00,2,1,76.1,85.0,55.0,72.95,60.77,76.1,1.0,0.0,5.72,45.0,45.01,0.0,0.0,0.0,120.0,60.77,0.0,0.88,0.0,0.0,0.0,69.8,0.0,75.21,87.58,65.1,65.17
2018-08-29 04:13:00,2,1,76.1,85.0,55.0,72.95,60.77,76.1,1.0,0.0,5.72,45.0,45.01,0.0,0.0,0.0,120.0,60.77,0.0,0.88,0.0,0.0,0.0,69.79,0.0,75.23,87.63,65.11,65.17
2018-08-29 04:14:00,2,1,76.1,85.0,55.0,72.94,60.76,76.1,1.0,0.0,5.72,45.0,45.01,0.0,0.0,0.0,120.0,60.76,0.0,0.88,0.0,0.0,0.0,69.77,0.0,75.26,87.68,65.12,65.18
2018-08-29 04:15:00,2,1,76.1,85.0,55.0,72.93,60.76,76.1,1.0,0.0,5.72,45.0,45.01,0.0,0.0,0.0,120.0,60.76,0.0,0.88,0.0,0.0,0.0,69.76,0.0,75.28,87.73,65.13,65.18
2018-08-29 04:16:00,2,1,76.1,85.0,55.0,72.92,60.75,76.1,1.0,0.0,5.72,45.0,45.01,0.0,0.0,0.0,120.0,60.75,0.0,0.88,0.0,0.0,0.0,69.74,0.0,75.3,87.78,65.15,65.19
2018-08-29 04:17:00,2,1,76.1,85.0,55.0,72.91,60.75,76.1,1.0,0.0,5.72,45.0,45.01,0.0,0.0,0.0,120.0,60.75,0.0,0.88,0.0,0.0,0.0,69.73,0.0,75.32,87.83,65.16,65.19
2018-08-29 04:18:00,2,1,76.1,85.0,55.0,72.91,60.74,76.1,1.0,0.0,5.72,45.0,45.01,0.0,0.0,0.0,120.0,60.74,0.0,0.88,0.0,0.0,0.0,69.71,0.0,75.35,87.88,65.17,65.2
2018-08-29 04:19:00,2,1,76.09,85.0,55.0,72.9,60.74,76.09,1.0,0.0,5.72,45.0,45.01,0.0,0.0,0.0,120.0,60.74,0.0,0.88,0.0,0.0,0.0,69.7,0.0,75.37,87.93,65.18,65.2
2018-08-29 04:20:00,2,1,76.09,85.0,55.0,72.89,60.73,76.09,1.0,0.0,5.72,45.0,45.01,0.0,0.0,0.0,120.0,60.73,0.0,0.88,0.0,0.0,0.0,69.68,0.0,75.39,87.98,65.2,65.21
2018-08-29 04:21:00,2,1,76.09,85.0,55.0,72.88,60.73,76.09,1.0,0.0,5.72,45.0,45.01,0.0,0.0,0.0,120.0,60.73,0.0,0.88,0.0,0.0,0.0,69.67,0.0,75.41,88.03,65.21,65.21
2018-08-29 04:22:00,2,1,76.09,85.0,55.0,72.87,60.72,76.09,1.0,0.0,5.72,45.0,45.01,0.0,0.0,0.0,120.0,60.72,0.0,0.88,0.0,0.0,0.0,69.65,0.0,75.43,88.08,65.22,65.22
2018-08-29 04:23:00,2,1,76.09,85.0,55.0,72.87,60.72,76.09,1.0,0.0,5.72,45.0,45.01,0.0,0.0,0.0,120.0,60.72,0.0,0.88,0.0,0.0,0.0,69.64,0.0,75.46,88.13,65.23,65.23
2018-08-29 04:24:00,2,1,76.09,85.0,55.0,72.86,60.71,76.09,1.0,0.0,5.72,45.0,45.01,0.0,0.0,0.0,120.0,60.71,0.0,0.88,0.0,0.0,0.0,69.63,0.0,75.48,88.18,65.24,65.23
2018-08-29 04:25:00,2,1,76.09,85.0,55.0,72.85,60.71,76.09,1.0,0.0,5.72,45.0,45.01,0.0,0.0,0.0,120.0,60.71,0.0,0.88,0.0,0.0,0.0,69.61,0.0,75.5,88.23,65.25,65.24
2018-08-29 04:26:00,2,1,76.09,85.0,55.0,72.84,60.7,76.09,1.0,0.0,5.72,45.0,45.01,0.0,0.0,0.0,120.0,60.7,0.0,0.88,0.0,0.0,0.0,69.6,0.0,75.52,88.28,65.27,65.24
2018-08-29 04:27:00,2,1,76.09,85.0,55.0,72.83,60.7,76.09,1.0,0.0,5.72,45.0,45.01,0.0,0.0,0.0,120.0,60.7,0.0,0.88,0.0,0.0,0.0,69.58,0.0,75.55,88.33,65.28,65.25
2018-08-29 04:28:00,2,1,76.08,85.0,55.0,72.83,60.69,76.08,1.0,0.0,5.72,45.0,45.01,0.0,0.0,0.0,120.0,60.69,0.0,0.88,0.0,0.0,0.0,69.57,0.0,75.57,88.38,65.29,65.25
2018-08-29 04:29:00,2,1,76.08,85.0,55.0,72.82,60.69,76.08,1.0,0.0,5.72,45.0,45.01,0.0,0.0,0.0,120.0,60.69,0.0,0.88,0.0,0.0,0.0,69.55,0.0,75.59,88.43,65.3,65.26
2018-08-29 04:30:00,2,1,76.08,85.0,55.0,72.81,60.69,76.08,1.0,0.0,5.72,45.0,45.01,0.0,0.0,0.0,120.0,60.69,0.0,0.88,0.0,0.0,0.0,69.54,0.0,75.61,88.48,65.31,65.26
2018-08-29 04:31:00,2,1,76.08,85.0,55.0,72.8,60.68,76.08,1.0,0.0,5.72,45.0,45.01,0.0,0.0,0.0,120.0,60.68,0.0,0.88,0.0,0.0,0.0,69.52,0.0,75.64,88.53,65.32,65.27
2018-08-29 04:32:00,2,1,76.08,85.0,55.0,72.79,60.68,76.08,1.0,0.0,5.72,45.0,45.01,0.0,0.0,0.0,120.0,60.68,0.0,0.88,0.0,0.0,0.0,69.51,0.0,75.66,88.58,65.33,65.27
2018-08-29 04:33:00,2,1,76.08,85.0,55.0,72.79,60.67,76.08,1.0,0.0,5.72,45.0,45.01,0.0,0.0,0.0,120.0,60.67,0.0,0.88,0.0,0.0,0.0,69.49,0.0,75.68,88.63,65.34,65.28
2018-08-29 04:34:00,2,1,76.08,85.0,55.0,72.78,60.67,76.08,1.0,0.0,5.72,45.0,45.01,0.0,0.0,0.0,120.0,60.67,0.0,0.88,0.0,0.0,0.0,69.48,0.0,75.7,88.68,65.35,65.28
2018-08-29 04:35:00,2,1,76.08,85.0,55.0,72.77,60.67,76.08,1.0,0.0,5.72,45.0,45.01,0.0,0.0,0.0,120.0,60.67,0.0,0.88,0.0,0.0,0.0,69.46,0.0,75.72,88.73,65.36,65.29
2018-08-29 04:36:00,2,1,76.08,85.0,55.0,72.76,60.66,76.08,1.0,0.0,5.72,45.0,45.01,0.0,0.0,0.0,120.0,60.66,0.0,0.88,0.0,0.0,0.0,69.45,0.0,75.75,88.78,65.37,65.29
2018-08-29 04:37:00,2,1,76.08,85.0,55.0,72.75,60.66,76.08,1.0,0.0,5.72,45.0,45.01,0.0,0.0,0.0,120.0,60.66,0.0,0.88,0.0,0.0,0.0,69.43,0.0,75.77,88.83,65.38,65.3
2018-08-29 04:38:00,2,1,76.07,85.0,55.0,72.75,60.65,76.07,1.0,0.0,5.72,45.0,45.01,0.0,0.0,0.0,120.0,60.65,0.0,0.88,0.0,0.0,0.0,69.42,0.0,75.79,88.88,65.39,65.3
2018-08-29 04:39:00,2,1,76.07,85.0,55.0,72.74,60.65,76.07,1.0,0.0,5.72,45.0,45.01,0.0,0.0,0.0,120.0,60.65,0.0,0.88,0.0,0.0,0.0,69.4,0.0,75.81,88.93,65.4,65.31
2018-08-29 04:40:00,2,1,76.07,85.0,55.0,72.73,60.65,76.07,1.0,0.0,5.72,45.0,45.01,0.0,0.0,0.0,120.0,60.65,0.0,0.88,0.0,0.0,0.0,69.39,0.0,75.83,88.98,65.41,65.31
2018-08-29 04:41:00,2,1,76.07,85.0,55.0,72.72,60.64,76.07,1.0,0.0,5.72,45.0,45.01,0.0,0.0,0.0,120.0,60.64,0.0,0.88,0.0,0.0,0.0,69.37,0.0,75.85,89.03,65.42,65.32
2018-08-29 04:42:00,2,1,76.07,85.0,55.0,72.71,60.64,76.07,1.0,0.0,5.72,45.0,45.01,0.0,0.0,0.0,120.0,60.64,0.0,0.88,0.0,0.0,0.0,69.36,0.0,75.88,89.08,65.43,65.32
2018-08-29 04:43:00,2,1,76.07,85.0,55.0,72.71,60.63,76.07,1.0,0.0,5.72,45.0,45.01,0.0,0.0,0.0,120.0,60.63,0.0,0.88,0.0,0.0,0.0,69.34,0.0,75.9,89.13,65.44,65.32
2018-08-29 04:44:00,2,1,76.07,85.0,55.0,72.7,60.63,76.07,1.0,0.0,5.72,45.0,45.01,0.0,0.0,0.0,120.0,60.63,0.0,0.88,0.0,0.0,0.0,69.33,0.0,75.92,89.18,65.45,65.33
2018-08-29 04:45:00,2,1,76.07,85.0,55.0,72.69,60.63,76.07,1.0,0.0,5.72,45.0,45.01,0.0,0.0,0.0,120.0,60.63,0.0,0.88,0.0,0.0,0.0,69.31,0.0,75.94,89.23,65.46,65.33
2018-08-29 04:46:00,2,1,76.07,85.0,55.0,72.68,60.62,76.07,1.0,0.0,5.72,45.0,45.01,0.0,0.0,0.0,120.0,60.62,0.0,0.88,0.0,0.0,0.0,69.3,0.0,75.96,89.28,65.47,65.34
2018-08-29 04:47:00,2,1,76.07,85.0,55.0,72.68,60.62,76.07,1.0,0.0,5.72,45.0,45.01,0.0,0.0,0.0,120.0,60.62,0.0,0.88,0.0,0.0,0.0,69.28,0.0,75.98,89.33,65.48,65.34
2018-08-29 04:48:00,2,1,76.07,85.0,55.0,72.67,60.62,76.07,1.0,0.0,5.72,45.0,45.01,0.0,0.0,0.0,120.0,60.62,0.0,0.88,0.0,0.0,0.0,69.27,0.0,76.0,89.38,65.49,65.35
2018-08-29 04:49:00,2,1,76.07,85.0,55.0,72.66,60.61,76.07,1.0,0.0,5.72,45.0,45.01,0.0,0.0,0.0,120.0,60.61,0.0,0.88,0.0,0.0,0.0,69.25,0.0,76.03,89.43,65.49,65.35
2018-08-29 04:50:00,2,1,76.06,85.0,55.0,72.65,60.61,76.06,1.0,0.0,5.72,45.0,45.01,0.0,0.0,0.0,120.0,60.61,0.0,0.88,0.0,0.0,0.0,69.24,0.0,76.05,89.48,65.5,65.36
2018-08-29 04:51:00,2,1,76.06,85.0,55.0,72.64,60.61,76.06,1.0,0.0,5.72,45.0,45.01,0.0,0.0,0.0,120.0,60.61,0.0,0.88,0.0,0.0,0.0,69.22,0.0,76.07,89.53,65.51,65.36
2018-08-29 04:52:00,2,1,76.06,85.0,55.0,72.64,60.6,76.06,1.0,0.0,5.72,45.0,45.01,0.0,0.0,0.0,120.0,60.6,0.0,0.88,0.0,0.0,0.0,69.21,0.0,76.09,89.58,65.52,65.36
2018-08-29 04:53:00,2,1,76.06,85.0,55.0,72.63,60.6,76.06,1.0,0.0,5.72,45.0,45.01,0.0,0.0,0.0,120.0,60.6,0.0,0.88,0.0,0.0,0.0,69.19,0.0,76.11,89.63,65.53,65.37
2018-08-29 04:54:00,2,1,76.06,85.0,55.0,72.62,60.6,76.06,1.0,0.0,5.72,45.0,45.01,0.0,0.0,0.0,120.0,60.6,0.0,0.88,0.0,0.0,0.0,69.18,0.0,76.13,89.68,65.54,65.37
2018-08-29 04:55:00,2,1,76.06,85.0,55.0,72.61,60.59,76.06,1.0,0.0,5.72,45.0,45.01,0.0,0.0,0.0,120.0,60.59,0.0,0.88,0.0,0.0,0.0,69.16,0.0,76.15,89.73,65.54,65.38
2018-08-29 04:56:00,2,1,76.06,85.0,55.0,72.61,60.59,76.06,1.0,0.0,5.72,45.0,45.01,0.0,0.0,0.0,120.0,60.59,0.0,0.88,0.0,0.0,0.0,69.15,0.0,76.17,89.78,65.55,65.38
2018-08-29 04:57:00,2,1,76.06,85.0,55.0,72.6,60.59,76.06,1.0,0.0,5.72,45.0,45.01,0.0,0.0,0.0,120.0,60.59,0.0,0.88,0.0,0.0,0.0,69.13,0.0,76.19,89.83,65.56,65.38
2018-08-29 04:58:00,2,1,76.06,85.0,55.0,72.59,60.58,76.06,1.0,0.0,5.72,45.0,45.01,0.0,0.0,0.0,120.0,60.58,0.0,0.88,0.0,0.0,0.0,69.12,0.0,76.21,89.88,65.57,65.39
2018-08-29 04:59:00,2,1,76.06,85.0,55.0,72.58,60.58,76.06,1.0,0.0,5.72,45.0,45.01,0.0,0.0,0.0,120.0,60.58,0.0,0.88,0.0,0.0,0.0,69.1,0.0,76.23,89.93,65.58,65.39
2018-08-29 05:00:00,2,1,76.06,85.0,55.0,72.57,60.58,76.06,1.0,0.0,5.72,45.0,45.01,0.0,0.0,0.0,120.0,60.58,0.0,0.88,0.0,0.0,0.0,69.09,0.0,76.26,89.98,65.59,65.39
2018-08-29 05:01:00,2,1,76.06,85.0,55.0,72.56,60.57,76.06,1.0,0.0,5.72,45.0,45.01,0.0,0.0,0.0,120.0,60.57,0.0,0.88,0.0,0.0,0.0,69.07,0.0,76.28,90.03,65.59,65.4
2018-08-29 05:02:00,2,1,76.06,85.0,55.0,72.55,60.57,76.06,1.0,0.0,5.72,45.0,45.01,0.0,0.0,0.0,120.0,60.57,0.0,0.88,0.0,0.0,0.0,69.04,0.0,76.3,90.1,65.6,65.4
2018-08-29 05:03:00,2,1,76.06,85.0,55.0,72.54,60.57,76.06,1.0,0.0,5.72,45.0,45.01,0.0,0.0,0.0,120.0,60.57,0.0,0.88,0.0,0.0,0.0,69.02,0.0,76.33,90.16,65.61,65.4
2018-08-29 05:04:00,2,1,76.06,85.0,55.0,72.52,60.56,76.06,1.0,0.0,5.72,45.0,45.01,0.0,0.0,0.0,120.0,60.56,0.0,0.88,0.0,0.0,0.0,68.99,0.0,76.35,90.23,65.62,65.41
2018-08-29 05:05:00,2,1,76.06,85.0,55.0,72.51,60.56,76.06,1.0,0.0,5.72,45.0,45.01,0.0,0.0,0.0,120.0,60.56,0.0,0.88,0.0,0.0,0.0,68.96,0.0,76.38,90.29,65.62,65.41
2018-08-29 05:06:00,2,1,76.06,85.0,55.0,72.5,60.56,76.06,1.0,0.0,5.72,45.0,45.01,0.0,0.0,0.0,120.0,60.56,0.0,0.88,0.0,0.0,0.0,68.94,0.0,76.4,90.36,65.63,65.41
2018-08-29 05:07:00,2,1,76.06,85.0,55.0,72.49,60.56,76.06,1.0,0.0,5.72,45.0,45.01,0.0,0.0,0.0,120.0,60.56,0.0,0.88,0.0,0.0,0.0,68.91,0.0,76.43,90.42,65.64,65.42
2018-08-29 05:08:00,2,1,76.06,85.0,55.0,72.47,60.55,76.06,1.0,0.0,5.72,45.0,45.01,0.0,0.0,0.0,120.0,60.55,0.0,0.88,0.0,0.0,0.0,68.89,0.0,76.45,90.49,65.65,65.42
2018-08-29 05:09:00,2,1,76.06,85.0,55.0,72.46,60.55,76.06,1.0,0.0,5.72,45.0,45.01,0.0,0.0,0.0,120.0,60.55,0.0,0.88,0.0,0.0,0.0,68.86,0.0,76.47,90.55,65.65,65.42
2018-08-29 05:10:00,2,1,76.06,85.0,55.0,72.45,60.55,76.06,1.0,0.0,5.72,45.0,45.01,0.0,0.0,0.0,120.0,60.55,0.0,0.88,0.0,0.0,0.0,68.84,0.0,76.5,90.62,65.66,65.42
2018-08-29 05:11:00,2,1,76.06,85.0,55.0,72.44,60.54,76.06,1.0,0.0,5.72,45.0,45.01,0.0,0.0,0.0,120.0,60.54,0.0,0.88,0.0,0.0,0.0,68.81,0.0,76.52,90.68,65.67,65.43
2018-08-29 05:12:00,2,1,76.06,85.0,55.0,72.42,60.54,76.06,1.0,0.0,5.72,45.0,45.01,0.0,0.0,0.0,120.0,60.54,0.0,0.88,0.0,0.0,0.0,68.79,0.0,76.54,90.75,65.68,65.43
2018-08-29 05:13:00,2,1,76.06,85.0,55.0,72.41,60.54,76.06,1.0,0.0,5.72,45.0,45.01,0.0,0.0,0.0,120.0,60.54,0.0,0.88,0.0,0.0,0.0,68.76,0.0,76.57,90.81,65.69,65.43
2018-08-29 05:14:00,2,1,76.06,85.0,55.0,72.4,60.53,76.06,1.0,0.0,5.72,45.0,45.01,0.0,0.0,0.0,120.0,60.53,0.0,0.88,0.0,0.0,0.0,68.74,0.0,76.59,90.88,65.69,65.43
2018-08-29 05:15:00,2,1,76.06,85.0,55.0,72.39,60.53,76.06,1.0,0.0,5.72,45.0,45.01,0.0,0.0,0.0,120.0,60.53,0.0,0.88,0.0,0.0,0.0,68.71,0.0,76.61,90.94,65.7,65.43
2018-08-29 05:16:00,2,1,76.06,85.0,55.0,72.37,60.53,76.06,1.0,0.0,5.72,45.0,45.01,0.0,0.0,0.0,120.0,60.53,0.0,0.88,0.0,0.0,0.0,68.69,0.0,76.64,91.0,65.71,65.43
2018-08-29 05:17:00,2,1,76.06,85.0,55.0,72.36,60.53,76.06,1.0,0.0,5.72,45.0,45.01,0.0,0.0,0.0,120.0,60.53,0.0,0.88,0.0,0.0,0.0,68.66,0.0,76.66,91.07,65.72,65.44
2018-08-29 05:18:00,2,1,76.06,85.0,55.0,72.35,60.52,76.06,1.0,0.0,5.72,45.0,45.01,0.0,0.0,0.0,120.0,60.52,0.0,0.88,0.0,0.0,0.0,68.64,0.0,76.68,91.13,65.72,65.44
2018-08-29 05:19:00,2,1,76.06,85.0,55.0,72.34,60.52,76.06,1.0,0.0,5.72,45.0,45.01,0.0,0.0,0.0,120.0,60.52,0.0,0.88,0.0,0.0,0.0,68.61,0.0,76.7,91.19,65.73,65.44
2018-08-29 05:20:00,2,1,76.06,85.0,55.0,72.33,60.52,76.06,1.0,0.0,5.72,45.0,45.01,0.0,0.0,0.0,120.0,60.52,0.0,0.88,0.0,0.0,0.0,68.59,0.0,76.72,91.25,65.74,65.44
2018-08-29 05:21:00,2,1,76.06,85.0,55.0,72.31,60.51,76.06,1.0,0.0,5.72,45.0,45.01,0.0,0.0,0.0,120.0,60.51,0.0,0.88,0.0,0.0,0.0,68.57,0.0,76.74,91.31,65.75,65.44
2018-08-29 05:22:00,2,1,76.06,85.0,55.0,72.3,60.51,76.06,1.0,0.0,5.72,45.0,45.01,0.0,0.0,0.0,120.0,60.51,0.0,0.88,0.0,0.0,0.0,68.54,0.0,76.77,91.37,65.75,65.44
2018-08-29 05:23:00,2,1,76.06,85.0,55.0,72.29,60.51,76.06,1.0,0.0,5.72,45.0,45.01,0.0,0.0,0.0,120.0,60.51,0.0,0.88,0.0,0.0,0.0,68.52,0.0,76.79,91.43,65.76,65.44
2018-08-29 05:24:00,2,1,76.06,85.0,55.0,72.28,60.5,76.06,1.0,0.0,5.72,45.0,45.01,0.0,0.0,0.0,120.0,60.5,0.0,0.88,0.0,0.0,0.0,68.5,0.0,76.81,91.49,65.77,65.44
2018-08-29 05:25:00,2,1,76.06,85.0,55.0,72.27,60.5,76.06,1.0,0.0,5.72,45.0,45.01,0.0,0.0,0.0,120.0,60.5,0.0,0.88,0.0,0.0,0.0,68.48,0.0,76.83,91.55,65.78,65.44
2018-08-29 05:26:00,2,1,76.07,85.0,55.0,72.26,60.5,76.07,1.0,0.0,5.72,45.0,45.01,0.0,0.0,0.0,120.0,60.5,0.0,0.88,0.0,0.0,0.0,68.45,0.0,76.85,91.61,65.79,65.44
2018-08-29 05:27:00,2,1,76.07,85.0,55.0,72.25,60.5,76.07,1.0,0.0,5.72,45.0,45.01,0.0,0.0,0.0,120.0,60.5,0.0,0.88,0.0,0.0,0.0,68.43,0.0,76.87,91.67,65.79,65.44
2018-08-29 05:28:00,2,1,76.07,85.0,55.0,72.24,60.49,76.07,1.0,0.0,5.72,45.0,45.01,0.0,0.0,0.0,120.0,60.49,0.0,0.88,0.0,0.0,0.0,68.41,0.0,76.88,91.72,65.8,65.44
2018-08-29 05:29:00,2,1,76.07,85.0,55.0,72.23,60.49,76.07,1.0,0.0,5.72,45.0,45.01,0.0,0.0,0.0,120.0,60.49,0.0,0.88,0.0,0.0,0.0,68.39,0.0,76.9,91.78,65.81,65.44
2018-08-29 05:30:00,2,1,76.07,85.0,55.0,72.22,60.49,76.07,1.0,0.0,5.72,45.0,45.01,0.0,0.0,0.0,120.0,60.49,0.0,0.88,0.0,0.0,0.0,68.37,0.0,76.92,91.84,65.82,65.44
2018-08-29 05:31:00,2,1,76.07,85.0,55.0,72.21,60.48,76.07,1.0,0.0,5.72,45.0,45.01,0.0,0.0,0.0,120.0,60.48,0.0,0.88,0.0,0.0,0.0,68.35,0.0,76.94,91.89,65.82,65.44
2018-08-29 05:32:00,2,1,76.07,85.0,55.0,72.2,60.48,76.07,1.0,0.0,5.72,45.0,45.01,0.0,0.0,0.0,120.0,60.48,0.0,0.88,0.0,0.0,0.0,68.33,0.0,76.96,91.94,65.83,65.44
2018-08-29 05:33:00,2,1,76.07,85.0,55.0,72.19,60.48,76.07,1.0,0.0,5.72,45.0,45.01,0.0,0.0,0.0,120.0,60.48,0.0,0.88,0.0,0.0,0.0,68.31,0.0,76.97,92.0,65.84,65.44
2018-08-29 05:34:00,2,1,76.08,85.0,55.0,72.18,60.47,76.08,1.0,0.0,5.72,45.0,45.01,0.0,0.0,0.0,120.0,60.47,0.0,0.88,0.0,0.0,0.0,68.29,0.0,76.99,92.05,65.85,65.43
2018-08-29 05:35:00,2,1,76.08,85.0,55.0,72.17,60.47,76.08,1.0,0.0,5.72,45.0,45.01,0.0,0.0,0.0,120.0,60.47,0.0,0.88,0.0,0.0,0.0,68.27,0.0,77.01,92.1,65.85,65.43
2018-08-29 05:36:00,2,1,76.08,85.0,55.0,72.17,60.47,76.08,1.0,0.0,5.72,45.0,45.01,0.0,0.0,0.0,120.0,60.47,0.0,0.88,0.0,0.0,0.0,68.25,0.0,77.02,92.15,65.86,65.43
2018-08-29 05:37:00,2,1,76.08,85.0,55.0,72.16,60.47,76.08,1.0,0.0,5.72,45.0,45.01,0.0,0.0,0.0,120.0,60.47,0.0,0.88,0.0,0.0,0.0,68.24,0.0,77.04,92.2,65.87,65.43
2018-08-29 05:38:00,2,1,76.08,85.0,55.0,72.15,60.46,76.08,1.0,0.0,5.72,45.0,45.01,0.0,0.0,0.0,120.0,60.46,0.0,0.88,0.0,0.0,0.0,68.22,0.0,77.05,92.25,65.88,65.43
2018-08-29 05:39:00,2,1,76.08,85.0,55.0,72.14,60.46,76.08,1.0,0.0,5.72,45.0,45.01,0.0,0.0,0.0,120.0,60.46,0.0,0.88,0.0,0.0,0.0,68.2,0.0,77.07,92.3,65.88,65.42
2018-08-29 05:40:00,2,1,76.09,85.0,55.0,72.14,60.46,76.09,1.0,0.0,5.72,45.0,45.01,0.0,0.0,0.0,120.0,60.46,0.0,0.88,0.0,0.0,0.0,68.19,0.0,77.08,92.34,65.89,65.42
2018-08-29 05:41:00,2,1,76.09,85.0,55.0,72.13,60.45,76.09,1.0,0.0,5.72,45.0,45.01,0.0,0.0,0.0,120.0,60.45,0.0,0.88,0.0,0.0,0.0,68.17,0.0,77.1,92.39,65.9,65.42
2018-08-29 05:42:00,2,1,76.09,85.0,55.0,72.12,60.45,76.09,1.0,0.0,5.72,45.0,45.01,0.0,0.0,0.0,120.0,60.45,0.0,0.88,0.0,0.0,0.0,68.16,0.0,77.11,92.43,65.91,65.42
2018-08-29 05:43:00,2,1,76.09,85.0,55.0,72.12,60.45,76.09,1.0,0.0,5.72,45.0,45.01,0.0,0.0,0.0,120.0,60.45,0.0,0.88,0.0,0.0,0.0,68.14,0.0,77.12,92.47,65.91,65.41
2018-08-29 05:44:00,2,1,76.09,85.0,55.0,72.11,60.45,76.09,1.0,0.0,5.72,45.0,45.01,0.0,0.0,0.0,120.0,60.45,0.0,0.88,0.0,0.0,0.0,68.13,0.0,77.13,92.52,65.92,65.41
2018-08-29 05:45:00,2,1,76.1,85.0,55.0,72.11,60.44,76.1,1.0,0.0,5.72,45.0,45.01,0.0,0.0,0.0,120.0,60.44,0.0,0.88,0.0,0.0,0.0,68.12,0.0,77.14,92.56,65.93,65.41
2018-08-29 05:46:00,2,1,76.1,85.0,55.0,72.1,60.44,76.1,1.0,0.0,5.72,45.0,45.01,0.0,0.0,0.0,120.0,60.44,0.0,0.88,0.0,0.0,0.0,68.1,0.0,77.16,92.6,65.93,65.4
2018-08-29 05:47:00,2,1,76.1,85.0,55.0,72.1,60.44,76.1,1.0,0.0,5.72,45.0,45.01,0.0,0.0,0.0,120.0,60.44,0.0,0.88,0.0,0.0,0.0,68.09,0.0,77.17,92.63,65.94,65.4
2018-08-29 05:48:00,2,1,76.11,85.0,55.0,72.09,60.43,76.11,1.0,0.0,5.72,45.0,45.01,0.0,0.0,0.0,120.0,60.43,0.0,0.88,0.0,0.0,0.0,68.08,0.0,77.18,92.67,65.95,65.4
2018-08-29 05:49:00,2,1,76.11,85.0,55.0,72.09,60.43,76.11,1.0,0.0,5.72,45.0,45.01,0.0,0.0,0.0,120.0,60.43,0.0,0.88,0.0,0.0,0.0,68.07,0.0,77.19,92.7,65.95,65.39
2018-08-29 05:50:00,2,1,76.11,85.0,55.0,72.09,60.43,76.11,1.0,0.0,5.72,45.0,45.01,0.0,0.0,0.0,120.0,60.43,0.0,0.88,0.0,0.0,0.0,68.06,0.0,77.19,92.74,65.96,65.39
2018-08-29 05:51:00,2,1,76.11,85.0,55.0,72.08,60.43,76.11,1.0,0.0,5.72,45.0,45.01,0.0,0.0,0.0,120.0,60.43,0.0,0.88,0.0,0.0,0.0,68.05,0.0,77.2,92.77,65.97,65.38
2018-08-29 05:52:00,2,1,76.12,85.0,55.0,72.08,60.42,76.12,1.0,0.0,5.72,45.0,45.01,0.0,0.0,0.0,120.0,60.42,0.0,0.88,0.0,0.0,0.0,68.04,0.0,77.21,92.8,65.98,65.38
2018-08-29 05:53:00,2,1,76.12,85.0,55.0,72.08,60.42,76.12,1.0,0.0,5.72,45.0,45.01,0.0,0.0,0.0,120.0,60.42,0.0,0.88,0.0,0.0,0.0,68.03,0.0,77.22,92.83,65.98,65.37
2018-08-29 05:54:00,2,1,76.12,85.0,55.0,72.08,60.42,76.12,1.0,0.0,5.72,45.0,45.01,0.0,0.0,0.0,120.0,60.42,0.0,0.88,0.0,0.0,0.0,68.03,0.0,77.22,92.86,65.99,65.37
2018-08-29 05:55:00,2,1,76.13,85.0,55.0,72.07,60.42,76.13,1.0,0.0,5.72,45.0,45.01,0.0,0.0,0.0,120.0,60.42,0.0,0.88,0.0,0.0,0.0,68.02,0.0,77.23,92.88,65.99,65.36
2018-08-29 05:56:00,2,1,76.13,85.0,55.0,72.07,60.41,76.13,1.0,0.0,5.72,45.0,45.01,0.0,0.0,0.0,120.0,60.41,0.0,0.88,0.0,0.0,0.0,68.01,0.0,77.24,92.91,66.0,65.36
2018-08-29 05:57:00,2,1,76.14,85.0,55.0,72.07,60.41,76.14,1.0,0.0,5.72,45.0,45.01,0.0,0.0,0.0,120.0,60.41,0.0,0.88,0.0,0.0,0.0,68.01,0.0,77.24,92.93,66.01,65.35
2018-08-29 05:58:00,2,1,76.14,85.0,55.0,72.07,60.41,76.14,1.0,0.0,5.72,45.0,45.01,0.0,0.0,0.0,120.0,60.41,0.0,0.88,0.0,0.0,0.0,68.01,0.0,77.25,92.95,66.01,65.35
2018-08-29 05:59:00,2,1,76.14,85.0,55.0,72.07,60.41,76.14,1.0,0.0,5.72,45.0,45.01,0.0,0.0,0.0,120.0,60.41,0.0,0.88,0.0,0.0,0.0,68.0,0.0,77.25,92.97,66.02,65.34
2018-08-29 06:00:00,2,1,76.15,85.0,55.0,72.07,60.4,76.15,1.0,0.0,5.72,45.0,45.01,0.0,0.0,0.0,120.0,60.4,0.0,0.88,0.0,0.0,0.0,68.0,0.0,77.25,92.99,66.03,65.34
2018-08-29 06:01:00,1,1,75.02,72.0,68.0,74.14,54.8,75.02,1.0,0.05,5.72,45.0,51.86,0.0,0.0,0.0,120.0,55.55,397.93,41.96,0.3,0.3,9.75,68.0,2.27,67.42,93.02,80.71,64.63
2018-08-29 06:02:00,1,1,73.41,72.0,68.0,72.82,52.9,73.41,1.0,0.04,5.72,45.0,52.75,0.0,0.0,0.0,120.0,53.15,397.93,41.96,0.3,0.3,9.75,68.01,2.58,66.64,93.05,86.34,64.0
2018-08-29 06:03:00,1,1,71.98,72.0,68.0,71.56,52.1,71.98,1.0,0.03,5.72,45.0,52.46,0.0,0.0,0.0,120.0,52.22,397.93,41.96,0.3,0.3,9.75,68.02,2.62,66.18,93.08,88.98,63.42
2018-08-29 06:04:00,1,1,70.85,72.0,68.0,70.27,51.69,70.85,1.0,0.0,5.72,45.0,250.0,0.0,0.0,0.0,120.0,51.75,0.03,0.88,0.3,0.3,0.0,68.02,1.88,69.02,93.1,90.41,62.79
2018-08-29 06:05:00,1,1,71.04,72.0,68.0,69.65,51.64,71.04,1.0,0.0,5.72,45.0,87.35,0.0,0.0,0.0,120.0,51.64,0.01,0.88,0.3,0.3,0.0,68.03,0.25,75.36,93.13,90.61,61.5
2018-08-29 06:06:00,1,1,71.61,72.0,68.0,69.84,51.67,71.61,1.0,0.0,5.72,45.0,50.74,0.0,0.0,0.0,120.0,51.67,0.01,0.88,0.3,0.3,0.0,68.04,0.03,75.48,93.15,90.47,60.2
2018-08-29 06:07:00,1,1,72.14,72.0,68.0,70.1,51.72,72.14,1.0,0.0,5.72,45.0,45.78,0.0,0.0,0.0,120.0,51.72,0.01,0.88,0.3,0.3,0.0,68.05,0.0,74.89,93.17,90.3,59.11
2018-08-29 06:08:00,1,1,71.84,72.0,68.0,71.07,51.36,71.84,1.0,0.0,5.72,45.0,49.97,0.0,0.0,0.0,120.0,51.32,397.93,41.96,0.3,0.3,9.75,68.06,2.04,64.59,93.19,91.64,58.52
2018-08-29 06:09:00,1,1,70.8,72.0,68.0,70.19,51.52,70.8,1.0,0.0,5.72,45.0,250.0,0.0,0.0,0.0,120.0,51.51,0.03,0.88,0.3,0.3,0.0,68.07,1.8,66.04,93.21,91.06,58.54
2018-08-29 06:10:00,1,1,70.97,72.0,68.0,69.63,51.56,70.97,1.0,0.0,5.72,45.0,86.01,0.0,0.0,0.0,120.0,51.55,0.01,0.88,0.3,0.3,0.0,68.09,0.24,73.28,93.22,90.91,57.59
2018-08-29 06:11:00,1,1,71.5,72.0,68.0,69.81,51.6,71.5,1.0,0.0,5.72,45.0,50.56,0.0,0.0,0.0,120.0,51.6,0.01,0.88,0.3,0.3,0.0,68.1,0.03,73.58,93.23,90.74,56.46
2018-08-29 06:12:00,1,1,72.01,72.0,68.0,70.06,51.64,72.01,1.0,0.0,5.72,45.0,45.76,0.0,0.0,0.0,120.0,51.64,0.01,0.88,0.3,0.3,0.0,68.12,0.0,73.05,93.24,90.58,55.48
2018-08-29 06:13:00,1,1,72.14,72.0,68.0,71.01,51.22,72.14,1.0,0.0,5.72,45.0,47.73,0.0,0.0,0.0,120.0,51.3,397.93,41.96,0.3,0.3,9.75,68.13,1.49,64.56,93.25,92.2,54.82
2018-08-29 06:14:00,1,1,71.08,72.0,68.0,70.67,51.47,71.08,1.0,0.0,5.72,45.0,51.24,0.0,0.0,0.0,120.0,51.44,397.93,41.96,0.3,0.3,9.75,68.15,2.47,59.76,93.26,91.24,55.27
2018-08-29 06:15:00,1,1,70.89,72.0,68.0,69.7,51.52,70.89,1.0,0.0,5.72,45.0,110.6,0.0,0.0,0.0,120.0,51.52,0.01,0.88,0.3,0.3,0.0,68.16,0.4,70.97,93.26,91.03,54.87
2018-08-29 06:16:00,1,1,71.38,72.0,68.0,69.8,51.56,71.38,1.0,0.0,5.72,45.0,53.88,0.0,0.0,0.0,120.0,51.56,0.01,0.88,0.3,0.3,0.0,68.18,0.05,72.16,93.26,90.87,53.86
2018-08-29 06:17:00,1,1,71.89,72.0,68.0,70.05,51.61,71.89,1.0,0.0,5.72,45.0,46.21,0.0,0.0,0.0,120.0,51.61,0.01,0.88,0.3,0.3,0.0,68.2,0.01,71.76,93.25,90.72,52.93
2018-08-29 06:18:00,1,1,72.26,72.0,68.0,70.69,51.26,72.26,1.0,0.0,5.72,45.0,45.17,0.0,0.0,0.0,120.0,51.6,397.91,41.96,0.3,0.3,9.75,68.22,0.75,66.91,93.25,92.07,52.18
2018-08-29 06:19:00,1,1,71.35,72.0,68.0,70.86,51.4,71.35,1.0,0.0,5.72,45.0,50.78,0.0,0.0,0.0,120.0,51.35,397.93,41.96,0.3,0.3,9.75,68.24,2.37,58.06,93.24,91.49,52.7
2018-08-29 06:20:00,1,1,70.79,72.0,68.0,69.79,51.47,70.79,1.0,0.0,5.72,45.0,149.56,0.0,0.0,0.0,120.0,51.46,0.01,0.88,0.3,0.3,0.0,68.27,0.66,68.36,93.23,91.24,52.9
2018-08-29 06:21:00,1,1,71.21,72.0,68.0,69.79,51.51,71.21,1.0,0.0,5.72,45.0,59.16,0.0,0.0,0.0,120.0,51.51,0.01,0.88,0.3,0.3,0.0,68.29,0.09,71.05,93.22,91.09,52.0
2018-08-29 06:22:00,1,1,71.73,72.0,68.0,70.02,51.55,71.73,1.0,0.0,5.72,45.0,46.92,0.0,0.0,0.0,120.0,51.54,0.01,0.88,0.3,0.3,0.0,68.31,0.01,70.83,93.2,90.94,51.09
2018-08-29 06:23:00,1,1,72.19,72.0,68.0,70.26,51.58,72.19,1.0,0.0,5.72,45.0,45.27,0.0,0.0,0.0,120.0,51.58,0.01,0.88,0.3,0.3,0.0,68.34,0.0,70.31,93.18,90.8,50.31
2018-08-29 06:24:00,1,1,71.84,72.0,68.0,71.12,51.26,71.84,1.0,0.0,5.72,45.0,49.55,0.0,0.0,0.0,120.0,51.2,397.93,41.96,0.3,0.3,9.75,68.36,2.04,57.98,93.16,92.04,50.35
2018-08-29 06:25:00,1,1,70.81,72.0,68.0,70.17,51.4,70.81,1.0,0.0,5.72,45.0,250.0,0.0,0.0,0.0,120.0,51.39,0.01,0.88,0.3,0.3,0.0,68.39,1.51,62.16,93.13,91.5,51.3
2018-08-29 06:26:00,1,1,71.01,72.0,68.0,69.79,51.43,71.01,1.0,0.0,5.72,45.0,76.6,0.0,0.0,0.0,120.0,51.43,0.01,0.88,0.3,0.3,0.0,68.42,0.2,69.73,93.1,91.35,50.72
2018-08-29 06:27:00,1,1,71.52,72.0,68.0,69.99,51.47,71.52,1.0,0.0,5.72,45.0,49.28,0.0,0.0,0.0,120.0,51.47,0.01,0.88,0.3,0.3,0.0,68.45,0.03,70.14,93.07,91.21,49.82
2018-08-29 06:28:00,1,1,72.0,72.0,68.0,70.24,51.51,72.0,1.0,0.0,5.72,45.0,45.59,0.0,0.0,0.0,120.0,51.51,0.01,0.88,0.3,0.3,0.0,68.47,0.0,69.68,93.04,91.08,49.02
2018-08-29 06:29:00,1,1,72.21,72.0,68.0,71.05,51.13,72.21,1.0,0.0,5.72,45.0,46.84,0.0,0.0,0.0,120.0,51.27,397.93,41.96,0.3,0.3,9.75,68.51,1.28,61.24,93.0,92.54,48.52
2018-08-29 06:30:00,1,1,71.16,72.0,68.0,70.78,51.32,71.16,1.0,0.0,5.72,45.0,50.7,0.0,0.0,0.0,120.0,51.29,397.93,41.96,0.3,0.3,9.75,68.54,2.45,54.98,92.96,91.8,49.6
2018-08-29 06:31:00,1,1,70.83,72.0,68.0,69.87,51.35,70.83,1.0,0.0,5.72,45.0,115.8,0.0,0.0,0.0,120.0,51.35,0.01,0.88,0.3,0.3,0.0,68.57,0.47,67.58,92.91,91.66,49.79
2018-08-29 06:32:00,1,1,71.29,72.0,68.0,69.97,51.39,71.29,1.0,0.0,5.72,45.0,54.59,0.0,0.0,0.0,120.0,51.39,0.01,0.88,0.3,0.3,0.0,68.6,0.06,69.51,92.86,91.53,48.96
2018-08-29 06:33:00,1,1,71.8,72.0,68.0,70.22,51.42,71.8,1.0,0.0,5.72,45.0,46.3,0.0,0.0,0.0,120.0,51.42,0.01,0.88,0.3,0.3,0.0,68.64,0.01,69.22,92.81,91.39,48.13
2018-08-29 06:34:00,1,1,72.25,72.0,68.0,70.46,51.46,72.25,1.0,0.0,5.72,45.0,45.18,0.0,0.0,0.0,120.0,51.46,0.01,0.88,0.3,0.3,0.0,68.67,0.0,68.71,92.76,91.26,47.42
2018-08-29 06:35:00,1,1,71.64,72.0,68.0,71.1,51.19,71.64,1.0,0.0,5.72,45.0,49.89,0.0,0.0,0.0,120.0,51.14,397.93,41.96,0.3,0.3,9.75,68.71,2.21,55.01,92.7,92.29,47.96
2018-08-29 06:36:00,1,1,70.75,72.0,68.0,70.1,51.27,70.75,1.0,0.0,5.72,45.0,204.38,0.0,0.0,0.0,120.0,51.27,0.01,0.88,0.3,0.3,0.0,68.75,1.09,63.18,92.64,91.97,49.0
2018-08-29 06:37:00,1,1,71.07,72.0,68.0,69.97,51.31,71.07,1.0,0.0,5.72,45.0,66.58,0.0,0.0,0.0,120.0,51.31,0.01,0.88,0.3,0.3,0.0,68.78,0.15,68.71,92.57,91.83,48.39
2018-08-29 06:38:00,1,1,71.58,72.0,68.0,70.21,51.34,71.58,1.0,0.0,5.72,45.0,47.93,0.0,0.0,0.0,120.0,51.34,0.01,0.88,0.3,0.3,0.0,68.82,0.02,68.86,92.51,91.7,47.54
2018-08-29 06:39:00,1,1,72.06,72.0,68.0,70.46,51.38,72.06,1.0,0.0,5.72,45.0,45.4,0.0,0.0,0.0,120.0,51.38,0.01,0.88,0.3,0.3,0.0,68.86,0.0,68.38,92.43,91.57,46.8
2018-08-29 06:40:00,1,1,72.06,72.0,68.0,71.24,51.03,72.06,1.0,0.0,5.72,45.0,48.08,0.0,0.0,0.0,120.0,51.05,397.93,41.96,0.3,0.3,9.75,68.91,1.66,57.36,92.36,92.9,46.61
2018-08-29 06:41:00,1,1,70.95,72.0,68.0,70.67,51.2,70.95,1.0,0.0,5.72,45.0,50.64,0.0,0.0,0.0,120.0,51.19,397.93,41.96,0.3,0.3,9.75,68.95,2.5,53.3,92.28,92.25,48.04
2018-08-29 06:42:00,1,1,70.87,72.0,68.0,70.03,51.23,70.87,1.0,0.0,5.72,45.0,93.8,0.0,0.0,0.0,120.0,51.23,0.01,0.88,0.3,0.3,0.0,68.99,0.34,67.25,92.2,92.11,48.0
2018-08-29 06:43:00,1,1,71.37,72.0,68.0,70.21,51.27,71.37,1.0,0.0,5.72,45.0,51.61,0.0,0.0,0.0,120.0,51.27,0.01,0.88,0.3,0.3,0.0,69.04,0.05,68.5,92.11,91.98,47.19
2018-08-29 06:44:00,1,1,71.87,72.0,68.0,70.48,51.3,71.87,1.0,0.0,5.72,45.0,45.9,0.0,0.0,0.0,120.0,51.3,0.01,0.88,0.3,0.3,0.0,69.08,0.01,68.13,92.02,91.84,46.41
2018-08-29 06:45:00,1,1,72.29,72.0,68.0,70.9,51.17,72.29,1.0,0.0,5.72,45.0,45.13,0.0,0.0,0.0,120.0,51.34,395.25,41.69,0.3,0.3,9.75,69.13,0.4,64.95,91.93,92.37,45.76
2018-08-29 06:46:00,1,1,71.44,72.0,68.0,71.05,51.11,71.44,1.0,0.0,5.72,45.0,50.11,0.0,0.0,0.0,120.0,51.07,397.93,41.96,0.3,0.3,9.75,69.17,2.33,53.22,91.83,92.57,46.77
2018-08-29 06:47:00,1,1,70.75,72.0,68.0,70.18,51.17,70.75,1.0,0.0,5.72,45.0,155.86,0.0,0.0,0.0,120.0,51.17,0.01,0.88,0.3,0.3,0.0,69.22,0.78,64.13,91.73,92.35,47.68
2018-08-29 06:48:00,1,1,71.15,72.0,68.0,70.24,51.2,71.15,1.0,0.0,5.72,45.0,60.01,0.0,0.0,0.0,120.0,51.2,0.01,0.88,0.3,0.3,0.0,69.27,0.11,67.97,91.62,92.22,47.0
2018-08-29 06:49:00,1,1,71.67,72.0,68.0,70.5,51.24,71.67,1.0,0.0,5.72,45.0,47.04,0.0,0.0,0.0,120.0,51.24,0.01,0.88,0.3,0.3,0.0,69.32,0.01,67.91,91.52,92.08,46.19
2018-08-29 06:50:00,1,1,72.14,72.0,68.0,70.76,51.28,72.14,1.0,0.0,5.72,45.0,45.28,0.0,0.0,0.0,120.0,51.28,0.01,0.88,0.3,0.3,0.0,69.38,0.0,67.4,91.4,91.94,45.49
2018-08-29 06:51:00,1,1,71.91,72.0,68.0,71.35,50.98,71.91,1.0,0.0,5.72,45.0,48.88,0.0,0.0,0.0,120.0,50.95,397.93,41.96,0.3,0.3,9.75,69.43,1.94,54.75,91.29,93.08,45.66
2018-08-29 06:52:00,1,1,70.83,72.0,68.0,70.53,51.12,70.83,1.0,0.0,5.72,45.0,250.0,0.0,0.0,0.0,120.0,51.11,0.03,0.88,0.3,0.3,0.0,69.48,1.79,57.11,91.17,92.55,47.2
2018-08-29 06:53:00,1,1,70.96,72.0,68.0,70.3,51.15,70.96,1.0,0.0,5.72,45.0,79.22,0.0,0.0,0.0,120.0,51.15,0.01,0.88,0.3,0.3,0.0,69.54,0.24,66.95,91.04,92.41,46.93
2018-08-29 06:54:00,1,1,71.47,72.0,68.0,70.54,51.19,71.47,1.0,0.0,5.72,45.0,49.64,0.0,0.0,0.0,120.0,51.19,0.01,0.88,0.3,0.3,0.0,69.59,0.03,67.65,90.92,92.27,46.12
2018-08-29 06:55:00,1,1,71.97,72.0,68.0,70.81,51.23,71.97,1.0,0.0,5.72,45.0,45.64,0.0,0.0,0.0,120.0,51.23,0.01,0.88,0.3,0.3,0.0,69.65,0.0,67.22,90.79,92.13,45.37
2018-08-29 06:56:00,1,1,72.19,72.0,68.0,71.4,50.91,72.19,1.0,0.0,5.72,45.0,46.8,0.0,0.0,0.0,120.0,51.02,397.93,41.96,0.3,0.3,9.75,69.71,1.28,58.42,90.65,93.38,44.97
2018-08-29 06:57:00,1,1,71.14,72.0,68.0,70.92,51.07,71.14,1.0,0.0,5.72,45.0,50.37,0.0,0.0,0.0,120.0,51.05,397.93,41.96,0.3,0.3,9.75,69.77,2.45,52.12,90.51,92.72,46.42
2018-08-29 06:58:00,1,1,70.82,72.0,68.0,70.4,51.11,70.82,1.0,0.0,5.72,45.0,111.22,0.0,0.0,0.0,120.0,51.11,0.01,0.88,0.3,0.3,0.0,69.83,0.47,65.28,90.37,92.56,46.86
2018-08-29 06:59:00,1,1,71.3,72.0,68.0,70.6,51.15,71.3,1.0,0.0,5.72,45.0,53.97,0.0,0.0,0.0,120.0,51.15,0.01,0.88,0.3,0.3,0.0,69.89,0.06,67.3,90.22,92.42,46.1
2018-08-29 07:00:00,1,1,71.82,72.0,68.0,70.89,51.19,71.82,1.0,0.0,5.72,45.0,46.22,0.0,0.0,0.0,120.0,51.19,0.01,0.88,0.3,0.3,0.0,69.95,0.01,67.01,90.07,92.28,45.32
2018-08-29 07:01:00,1,1,72.28,72.0,68.0,71.16,51.22,72.28,1.0,0.0,5.72,45.0,45.17,0.0,0.0,0.0,120.0,51.22,0.01,0.88,0.3,0.3,0.0,70.03,0.0,66.45,89.86,92.14,44.65
2018-08-29 07:02:00,1,1,71.55,72.0,68.0,71.28,51.01,71.55,1.0,0.0,5.72,45.0,49.86,0.0,0.0,0.0,120.0,50.97,397.93,41.96,0.3,0.3,9.75,70.11,2.27,52.4,89.61,92.96,45.58
2018-08-29 07:03:00,1,1,70.77,72.0,68.0,70.58,51.09,70.77,1.0,0.0,5.72,45.0,173.51,0.0,0.0,0.0,120.0,51.08,0.01,0.88,0.3,0.3,0.0,70.2,0.92,62.06,89.35,92.66,46.75
2018-08-29 07:04:00,1,1,71.14,72.0,68.0,70.73,51.13,71.14,1.0,0.0,5.72,45.0,62.4,0.0,0.0,0.0,120.0,51.12,0.01,0.88,0.3,0.3,0.0,70.29,0.12,66.6,89.09,92.52,46.14
2018-08-29 07:05:00,1,1,71.67,72.0,68.0,71.03,51.16,71.67,1.0,0.0,5.72,45.0,47.36,0.0,0.0,0.0,120.0,51.16,0.01,0.88,0.3,0.3,0.0,70.38,0.02,66.58,88.83,92.38,45.33
2018-08-29 07:06:00,1,1,72.16,72.0,68.0,71.32,51.2,72.16,1.0,0.0,5.72,45.0,45.33,0.0,0.0,0.0,120.0,51.2,0.01,0.88,0.3,0.3,0.0,70.47,0.0,66.03,88.56,92.24,44.62
2018-08-29 07:07:00,1,1,71.83,72.0,68.0,71.54,50.94,71.83,1.0,0.0,5.72,45.0,49.17,0.0,0.0,0.0,120.0,50.9,397.93,41.96,0.3,0.3,9.75,70.56,2.04,53.22,88.3,93.24,44.99
2018-08-29 07:08:00,1,1,70.8,72.0,68.0,70.79,51.07,70.8,1.0,0.0,5.72,45.0,250.0,0.0,0.0,0.0,120.0,51.06,0.01,0.88,0.3,0.3,0.0,70.65,1.51,57.85,88.03,92.75,46.54
2018-08-29 07:09:00,1,1,71.03,72.0,68.0,70.89,51.11,71.03,1.0,0.0,5.72,45.0,73.61,0.0,0.0,0.0,120.0,51.1,0.01,0.88,0.3,0.3,0.0,70.74,0.2,65.68,87.76,92.59,46.17
2018-08-29 07:10:00,1,1,71.56,72.0,68.0,71.2,51.14,71.56,1.0,0.0,5.72,45.0,48.88,0.0,0.0,0.0,120.0,51.14,0.01,0.88,0.3,0.3,0.0,70.84,0.03,66.09,87.48,92.45,45.35
2018-08-29 07:11:00,1,1,72.07,72.0,68.0,71.5,51.18,72.07,1.0,0.0,5.72,45.0,45.53,0.0,0.0,0.0,120.0,51.18,0.01,0.88,0.3,0.3,0.0,70.93,0.0,65.57,87.21,92.31,44.61
2018-08-29 07:12:00,1,1,71.99,72.0,68.0,71.73,50.89,71.99,1.0,0.0,5.72,45.0,48.47,0.0,0.0,0.0,120.0,50.88,397.93,41.96,0.3,0.3,9.75,71.03,1.81,54.17,86.93,93.43,44.63
2018-08-29 07:13:00,1,1,70.89,72.0,68.0,70.94,51.05,70.89,1.0,0.0,5.72,45.0,250.0,0.0,0.0,0.0,120.0,51.04,2.69,1.16,0.3,0.3,0.0,71.12,2.11,53.74,86.66,92.8,46.28
2018-08-29 07:14:00,1,1,70.96,72.0,68.0,71.08,51.09,70.96,1.0,0.0,5.72,45.0,84.86,0.0,0.0,0.0,120.0,51.09,0.01,0.88,0.3,0.3,0.0,71.22,0.29,64.72,86.38,92.64,46.16
2018-08-29 07:15:00,1,1,71.49,72.0,68.0,71.4,51.13,71.49,1.0,0.0,5.72,45.0,50.4,0.0,0.0,0.0,120.0,51.13,0.01,0.88,0.3,0.3,0.0,71.32,0.04,65.53,86.1,92.5,45.35
2018-08-29 07:16:00,1,1,72.01,72.0,68.0,71.71,51.17,72.01,1.0,0.0,5.72,45.0,45.74,0.0,0.0,0.0,120.0,51.17,0.01,0.88,0.3,0.3,0.0,71.41,0.01,65.06,85.82,92.36,44.58
2018-08-29 07:17:00,1,1,72.06,72.0,68.0,71.89,50.87,72.06,1.0,0.0,5.72,45.0,48.03,0.0,0.0,0.0,120.0,50.88,397.93,41.96,0.3,0.3,9.75,71.51,1.66,54.7,85.54,93.52,44.42
2018-08-29 07:18:00,1,1,70.97,72.0,68.0,71.02,51.04,70.97,1.0,0.0,5.72,45.0,50.47,0.0,0.0,0.0,120.0,51.03,397.93,41.96,0.3,0.3,9.75,71.61,2.5,51.13,85.26,92.83,46.07
2018-08-29 07:19:00,1,1,70.93,72.0,68.0,71.29,51.09,70.93,1.0,0.0,5.72,45.0,92.06,0.0,0.0,0.0,120.0,51.09,0.01,0.88,0.3,0.3,0.0,71.71,0.34,63.91,84.97,92.66,46.12
2018-08-29 07:20:00,1,1,71.46,72.0,68.0,71.63,51.13,71.46,1.0,0.0,5.72,45.0,51.38,0.0,0.0,0.0,120.0,51.13,0.01,0.88,0.3,0.3,0.0,71.81,0.05,64.95,84.69,92.51,45.3
2018-08-29 07:21:00,1,1,72.0,72.0,68.0,71.96,51.16,72.0,1.0,0.0,5.72,45.0,45.87,0.0,0.0,0.0,120.0,51.16,0.01,0.88,0.3,0.3,0.0,71.91,0.01,64.5,84.41,92.38,44.51
2018-08-29 07:22:00,1,1,72.17,72.0,68.0,72.09,50.86,72.17,1.0,0.0,5.72,45.0,47.5,0.0,0.0,0.0,120.0,50.91,397.93,41.96,0.3,0.3,9.75,72.01,1.49,55.31,84.12,93.55,44.2
2018-08-29 07:23:00,1,1,71.11,72.0,68.0,71.21,51.05,71.11,1.0,0.0,5.72,45.0,50.41,0.0,0.0,0.0,120.0,51.02,397.93,41.96,0.3,0.3,9.75,72.12,2.47,50.9,83.84,92.83,45.79
2018-08-29 07:24:00,1,1,70.82,72.0,68.0,71.43,51.08,70.82,1.0,0.0,5.72,45.0,110.6,0.0,0.0,0.0,120.0,51.08,0.01,0.88,0.3,0.3,0.0,72.22,0.48,62.71,83.56,92.68,46.23
2018-08-29 07:25:00,1,1,71.35,72.0,68.0,71.82,51.12,71.35,1.0,0.0,5.72,45.0,53.89,0.0,0.0,0.0,120.0,51.12,0.01,0.88,0.3,0.3,0.0,72.32,0.06,64.4,83.28,92.54,45.42
2018-08-29 07:26:00,1,1,71.91,72.0,68.0,72.16,51.16,71.91,1.0,0.0,5.72,45.0,46.21,0.0,0.0,0.0,120.0,51.16,0.01,0.88,0.3,0.3,0.0,72.42,0.01,64.01,82.99,92.4,44.59
2018-08-29 07:27:00,1,1,72.19,72.0,68.0,72.27,50.86,72.19,1.0,0.0,5.72,45.0,46.88,0.0,0.0,0.0,120.0,50.97,397.93,41.96,0.3,0.3,9.75,72.52,1.28,56.16,82.71,93.57,44.12
2018-08-29 07:28:00,1,1,71.19,72.0,68.0,71.35,51.04,71.19,1.0,0.0,5.72,45.0,50.34,0.0,0.0,0.0,120.0,51.01,397.93,41.96,0.3,0.3,9.75,72.63,2.45,50.77,82.43,92.85,45.61
2018-08-29 07:29:00,1,1,70.91,72.0,68.0,71.7,51.09,70.91,1.0,0.0,5.72,45.0,110.76,0.0,0.0,0.0,120.0,51.09,0.01,0.88,0.3,0.3,0.0,72.73,0.47,62.12,82.15,92.65,46.05
2018-08-29 07:30:00,1,1,71.44,72.0,68.0,72.12,51.13,71.44,1.0,0.0,5.72,45.0,53.91,0.0,0.0,0.0,120.0,51.13,0.01,0.88,0.3,0.3,0.0,72.83,0.06,63.74,81.87,92.51,45.24
2018-08-29 07:31:00,1,1,72.01,72.0,68.0,72.47,51.16,72.01,1.0,0.0,5.72,45.0,46.21,0.0,0.0,0.0,120.0,51.16,0.01,0.88,0.3,0.3,0.0,72.94,0.01,63.35,81.59,92.37,44.41
2018-08-29 07:32:00,1,1,72.09,72.0,68.0,72.3,50.88,72.09,1.0,0.0,5.72,45.0,48.1,0.0,0.0,0.0,120.0,50.88,397.93,41.96,0.3,0.3,9.75,73.04,1.66,53.77,81.31,93.5,44.21
2018-08-29 07:33:00,1,1,71.03,72.0,68.0,71.27,51.06,71.03,1.0,0.0,5.72,45.0,50.49,0.0,0.0,0.0,120.0,51.04,397.93,41.96,0.3,0.3,9.75,73.15,2.5,50.58,81.03,92.78,45.84
2018-08-29 07:34:00,1,1,70.9,72.0,68.0,71.94,51.1,70.9,1.0,0.0,5.72,45.0,100.64,0.0,0.0,0.0,120.0,51.09,0.01,0.88,0.3,0.3,0.0,73.25,0.4,62.02,80.75,92.63,46.05
2018-08-29 07:35:00,1,1,71.46,72.0,68.0,72.39,51.13,71.46,1.0,0.0,5.72,45.0,52.54,0.0,0.0,0.0,120.0,51.13,0.01,0.88,0.3,0.3,0.0,73.35,0.05,63.2,80.48,92.48,45.19
2018-08-29 07:36:00,1,1,72.05,72.0,68.0,72.75,51.17,72.05,1.0,0.0,5.72,45.0,46.03,0.0,0.0,0.0,120.0,51.17,0.01,0.88,0.3,0.3,0.0,73.46,0.01,62.76,80.2,92.35,44.34
2018-08-29 07:37:00,1,1,72.03,72.0,68.0,72.34,50.9,72.03,1.0,0.0,5.72,45.0,48.55,0.0,0.0,0.0,120.0,50.88,397.93,41.96,0.3,0.3,9.75,73.56,1.81,52.77,79.93,93.41,44.28
2018-08-29 07:38:00,1,1,70.96,72.0,68.0,71.27,51.07,70.96,1.0,0.0,5.72,45.0,50.55,0.0,0.0,0.0,120.0,51.06,397.93,41.96,0.3,0.3,9.75,73.67,2.52,50.44,79.65,92.73,45.94
2018-08-29 07:39:00,1,1,70.97,72.0,68.0,72.23,51.11,70.97,1.0,0.0,5.72,45.0,92.19,0.0,0.0,0.0,120.0,51.11,0.01,0.88,0.3,0.3,0.0,73.77,0.34,61.76,79.38,92.57,45.92
2018-08-29 07:40:00,1,1,71.56,72.0,68.0,72.7,51.15,71.56,1.0,0.0,5.72,45.0,51.39,0.0,0.0,0.0,120.0,51.15,0.01,0.88,0.3,0.3,0.0,73.87,0.05,62.59,79.11,92.43,45.03
2018-08-29 07:41:00,1,1,72.15,72.0,68.0,73.06,51.18,72.15,1.0,0.0,5.72,45.0,45.87,0.0,0.0,0.0,120.0,51.18,0.01,0.88,0.3,0.3,0.0,73.98,0.01,62.1,78.85,92.3,44.18
2018-08-29 07:42:00,1,1,71.78,72.0,68.0,72.16,50.97,71.78,1.0,0.0,5.72,45.0,49.53,0.0,0.0,0.0,120.0,50.92,397.93,41.96,0.3,0.3,9.75,74.08,2.13,51.17,78.58,93.13,44.64
2018-08-29 07:43:00,1,1,70.82,72.0,68.0,71.76,51.09,70.82,1.0,0.0,5.72,45.0,250.0,0.0,0.0,0.0,120.0,51.08,0.01,0.88,0.3,0.3,0.0,74.18,1.53,55.48,78.31,92.66,46.16
2018-08-29 07:44:00,1,1,71.14,72.0,68.0,72.61,51.13,71.14,1.0,0.0,5.72,45.0,73.67,0.0,0.0,0.0,120.0,51.13,0.01,0.88,0.3,0.3,0.0,74.29,0.21,61.76,78.05,92.5,45.67
2018-08-29 07:45:00,1,1,71.76,72.0,68.0,73.06,51.17,71.76,1.0,0.0,5.72,45.0,48.89,0.0,0.0,0.0,120.0,51.16,0.01,0.88,0.3,0.3,0.0,74.39,0.03,61.94,77.79,92.37,44.75
2018-08-29 07:46:00,1,1,72.27,72.0,68.0,73.13,50.9,72.27,1.0,0.0,5.72,45.0,45.53,0.0,0.0,0.0,120.0,51.17,397.91,41.96,0.3,0.3,9.75,74.49,0.75,57.56,77.53,93.44,43.98
2018-08-29 07:47:00,1,1,71.45,72.0,68.0,71.87,51.05,71.45,1.0,0.0,5.72,45.0,50.22,0.0,0.0,0.0,120.0,51.01,397.93,41.96,0.3,0.3,9.75,74.6,2.37,50.23,77.27,92.81,45.16
2018-08-29 07:48:00,1,1,70.87,72.0,68.0,72.35,51.12,70.87,1.0,0.0,5.72,45.0,154.03,0.0,0.0,0.0,120.0,51.11,0.01,0.88,0.3,0.3,0.0,74.7,0.78,58.78,77.01,92.55,46.09
