Datetime,FCU_CTRL,FAN_CTRL,RM_TEMP,RMCLGSPT,RMHTGSPT,FCU_MAT,FCU_DAT,FCU_RAT,FCU_CVLV,FCU_CVLV_DM,FCU_CLG_GPM,FCU_CLG_EWT,FCU_CLG_RWT,FCU_HVLV,FCU_HVLV_DM,FCU_HTG_GPM,FCU_HTG_EWT,FCU_HTG_RWT,FCU_DA_CFM,FCU_OA_CFM,FCU_DMPR,FCU_DMPR_DM,FCU_SPD,FCU_OAT,FCU_WAT,FCU_MA_HUMD,FCU_OA_HUMD,FCU_DA_HUMD,FCU_RA_HUMD
2018-01-02 06:28:00,0,2,32.49,72.0,68.0,27.0,24.24,32.49,0.0,0.0,0.0,45.0,24.24,0.06,0.0,0.0,120.0,24.24,39.08,39.08,1.0,0.0,0.0,24.09,1.17,46.85,56.3,100.0,34.37
2018-01-02 06:29:00,0,2,32.46,72.0,68.0,26.99,24.24,32.46,0.0,0.0,0.0,45.0,24.24,0.06,0.0,0.0,120.0,24.24,39.08,39.08,1.0,0.0,0.0,24.09,1.17,46.89,56.31,100.0,34.44
2018-01-02 06:30:00,0,2,32.43,72.0,68.0,26.98,24.24,32.43,0.0,0.0,0.0,45.0,24.24,0.06,0.0,0.0,120.0,24.24,39.09,39.08,1.0,0.0,0.0,24.09,1.17,46.92,56.32,100.0,34.49
2018-01-02 06:31:00,0,2,32.4,72.0,68.0,26.97,24.24,32.4,0.0,0.0,0.0,45.0,24.24,0.06,0.0,0.0,120.0,24.24,39.08,39.08,1.0,0.0,0.0,24.09,1.17,46.96,56.33,100.0,34.55
2018-01-02 06:32:00,0,2,32.38,72.0,68.0,26.96,24.24,32.38,0.0,0.0,0.0,45.0,24.25,0.06,0.0,0.0,120.0,24.24,39.09,39.08,1.0,0.0,0.0,24.09,1.17,47.0,56.36,100.0,34.6
2018-01-02 06:33:00,0,2,32.36,72.0,68.0,26.96,24.24,32.36,0.0,0.0,0.0,45.0,24.25,0.06,0.0,0.0,120.0,24.24,39.08,39.08,1.0,0.0,0.0,24.09,1.17,47.04,56.39,100.0,34.65
2018-01-02 06:34:00,0,2,32.34,72.0,68.0,26.95,24.24,32.34,0.0,0.0,0.0,45.0,24.25,0.06,0.0,0.0,120.0,24.24,39.09,39.08,1.0,0.0,0.0,24.1,1.17,47.09,56.43,100.0,34.71
2018-01-02 06:35:00,0,2,32.32,72.0,68.0,26.95,24.25,32.32,0.0,0.0,0.0,45.0,24.25,0.06,0.0,0.0,120.0,24.25,39.08,39.08,1.0,0.0,0.0,24.1,1.17,47.15,56.47,100.0,34.76
2018-01-02 06:36:00,0,2,32.31,72.0,68.0,26.94,24.25,32.31,0.0,0.0,0.0,45.0,24.25,0.06,0.0,0.0,120.0,24.25,39.08,39.08,1.0,0.0,0.0,24.1,1.17,47.21,56.53,100.0,34.83
2018-01-02 06:37:00,0,2,32.29,72.0,68.0,26.94,24.25,32.29,0.0,0.0,0.0,45.0,24.25,0.06,0.0,0.0,120.0,24.25,39.09,39.08,1.0,0.0,0.0,24.1,1.17,47.28,56.59,100.0,34.89
2018-01-02 06:38:00,0,2,32.27,72.0,68.0,26.93,24.25,32.27,0.0,0.0,0.0,45.0,24.25,0.06,0.0,0.0,120.0,24.25,39.09,39.08,1.0,0.0,0.0,24.1,1.17,47.35,56.66,100.0,34.96
2018-01-02 06:39:00,0,2,32.26,72.0,68.0,26.93,24.25,32.26,0.0,0.0,0.0,45.0,24.25,0.06,0.0,0.0,120.0,24.25,39.08,39.08,1.0,0.0,0.0,24.1,1.17,47.43,56.74,100.0,35.04
2018-01-02 06:40:00,0,2,32.24,72.0,68.0,26.92,24.25,32.24,0.0,0.0,0.0,45.0,24.25,0.06,0.0,0.0,120.0,24.25,39.09,39.09,1.0,0.0,0.0,24.1,1.17,47.52,56.83,100.0,35.12
2018-01-02 06:41:00,0,2,32.23,72.0,68.0,26.92,24.25,32.23,0.0,0.0,0.0,45.0,24.25,0.06,0.0,0.0,120.0,24.25,39.09,39.08,1.0,0.0,0.0,24.1,1.17,47.62,56.93,100.0,35.2
2018-01-02 06:42:00,0,2,32.21,72.0,68.0,26.91,24.25,32.21,0.0,0.0,0.0,45.0,24.25,0.06,0.0,0.0,120.0,24.25,39.08,39.08,1.0,0.0,0.0,24.1,1.17,47.72,57.04,100.0,35.29
2018-01-02 06:43:00,0,2,32.2,72.0,68.0,26.91,24.25,32.2,0.0,0.0,0.0,45.0,24.25,0.06,0.0,0.0,120.0,24.25,39.08,39.08,1.0,0.0,0.0,24.1,1.17,47.83,57.16,100.0,35.39
2018-01-02 06:44:00,0,2,32.18,72.0,68.0,26.9,24.25,32.18,0.0,0.0,0.0,45.0,24.25,0.06,0.0,0.0,120.0,24.25,39.09,39.09,1.0,0.0,0.0,24.1,1.17,47.95,57.29,100.0,35.49
2018-01-02 06:45:00,0,2,32.17,72.0,68.0,26.9,24.25,32.17,0.0,0.0,0.0,45.0,24.25,0.06,0.0,0.0,120.0,24.25,39.08,39.08,1.0,0.0,0.0,24.1,1.17,48.07,57.42,100.0,35.6
2018-01-02 06:46:00,0,2,32.15,72.0,68.0,26.89,24.25,32.15,0.0,0.0,0.0,45.0,24.25,0.06,0.0,0.0,120.0,24.25,39.08,39.08,1.0,0.0,0.0,24.1,1.17,48.21,57.57,100.0,35.71
2018-01-02 06:47:00,0,2,32.14,72.0,68.0,26.89,24.25,32.14,0.0,0.0,0.0,45.0,24.25,0.06,0.0,0.0,120.0,24.25,39.08,39.08,1.0,0.0,0.0,24.1,1.17,48.35,57.73,100.0,35.83
2018-01-02 06:48:00,0,2,32.12,72.0,68.0,26.88,24.25,32.12,0.0,0.0,0.0,45.0,24.25,0.06,0.0,0.0,120.0,24.25,39.09,39.08,1.0,0.0,0.0,24.1,1.17,48.51,57.9,100.0,35.95
2018-01-02 06:49:00,0,2,32.11,72.0,68.0,26.88,24.25,32.11,0.0,0.0,0.0,45.0,24.25,0.06,0.0,0.0,120.0,24.25,39.08,39.08,1.0,0.0,0.0,24.1,1.17,48.67,58.08,100.0,36.08
2018-01-02 06:50:00,0,2,32.09,72.0,68.0,26.87,24.25,32.09,0.0,0.0,0.0,45.0,24.25,0.06,0.0,0.0,120.0,24.25,39.08,39.08,1.0,0.0,0.0,24.1,1.17,48.84,58.27,100.0,36.22
2018-01-02 06:51:00,0,2,32.08,72.0,68.0,26.87,24.25,32.08,0.0,0.0,0.0,45.0,24.25,0.06,0.0,0.0,120.0,24.25,39.08,39.08,1.0,0.0,0.0,24.1,1.17,49.02,58.47,100.0,36.37
2018-01-02 06:52:00,0,2,32.06,72.0,68.0,26.86,24.24,32.06,0.0,0.0,0.0,45.0,24.25,0.06,0.0,0.0,120.0,24.24,39.09,39.09,1.0,0.0,0.0,24.1,1.17,49.21,58.69,100.0,36.52
2018-01-02 06:53:00,0,2,32.05,72.0,68.0,26.85,24.24,32.05,0.0,0.0,0.0,45.0,24.25,0.06,0.0,0.0,120.0,24.24,39.08,39.08,1.0,0.0,0.0,24.1,1.17,49.41,58.91,100.0,36.68
2018-01-02 06:54:00,0,2,32.03,72.0,68.0,26.85,24.24,32.03,0.0,0.0,0.0,45.0,24.24,0.06,0.0,0.0,120.0,24.24,39.08,39.08,1.0,0.0,0.0,24.1,1.17,49.62,59.15,100.0,36.85
2018-01-02 06:55:00,0,2,32.02,72.0,68.0,26.84,24.24,32.02,0.0,0.0,0.0,45.0,24.24,0.06,0.0,0.0,120.0,24.24,39.08,39.08,1.0,0.0,0.0,24.09,1.17,49.84,59.4,100.0,37.02
2018-01-02 06:56:00,0,2,32.0,72.0,68.0,26.83,24.24,32.0,0.0,0.0,0.0,45.0,24.24,0.06,0.0,0.0,120.0,24.24,39.08,39.08,1.0,0.0,0.0,24.09,1.17,50.07,59.67,100.0,37.2
2018-01-02 06:57:00,0,2,31.99,72.0,68.0,26.83,24.23,31.99,0.0,0.0,0.0,45.0,24.24,0.06,0.0,0.0,120.0,24.23,39.08,39.08,1.0,0.0,0.0,24.09,1.17,50.31,59.95,100.0,37.39
2018-01-02 06:58:00,0,2,31.97,72.0,68.0,26.82,24.23,31.97,0.0,0.0,0.0,45.0,24.23,0.06,0.0,0.0,120.0,24.23,39.08,39.08,1.0,0.0,0.0,24.09,1.17,50.56,60.24,100.0,37.59
2018-01-02 06:59:00,0,2,31.96,72.0,68.0,26.81,24.23,31.96,0.0,0.0,0.0,45.0,24.23,0.06,0.0,0.0,120.0,24.23,39.09,39.09,1.0,0.0,0.0,24.08,1.17,50.83,60.54,100.0,37.79
2018-01-02 07:00:00,0,2,32.29,72.0,68.0,27.21,24.27,32.29,0.0,0.0,0.0,45.0,24.38,0.0,0.0,0.0,120.0,24.27,1.14,1.14,1.0,0.0,0.0,24.08,1.0,49.95,60.86,100.0,37.38
2018-01-02 07:01:00,0,2,32.23,72.0,68.0,27.1,24.25,32.23,0.0,0.0,0.0,45.0,24.29,0.0,0.0,0.0,120.0,24.25,1.14,1.14,1.0,0.0,0.0,24.07,1.0,50.55,61.45,100.0,37.73
2018-01-02 07:02:00,0,2,32.11,72.0,68.0,27.04,24.22,32.11,0.0,0.0,0.0,45.0,24.23,0.0,0.0,0.0,120.0,24.22,1.14,1.14,1.0,0.0,0.0,24.06,0.99,51.25,62.21,100.0,38.29
2018-01-02 07:03:00,0,2,32.02,72.0,68.0,27.0,24.19,32.02,0.0,0.0,0.0,45.0,24.2,0.0,0.0,0.0,120.0,24.2,1.14,1.14,1.0,0.0,0.0,24.04,0.99,51.95,63.01,100.0,38.87
2018-01-02 07:04:00,0,2,31.96,72.0,68.0,26.97,24.18,31.96,0.0,0.0,0.0,45.0,24.18,0.0,0.0,0.0,120.0,24.18,1.14,1.14,1.0,0.0,0.0,24.03,0.99,52.66,63.82,100.0,39.42
2018-01-02 07:05:00,0,2,31.91,72.0,68.0,26.94,24.16,31.91,0.0,0.0,0.0,45.0,24.16,0.0,0.0,0.0,120.0,24.16,1.14,1.14,1.0,0.0,0.0,24.01,0.99,53.36,64.65,100.0,39.97
2018-01-02 07:06:00,0,2,31.87,72.0,68.0,26.91,24.14,31.87,0.0,0.0,0.0,45.0,24.15,0.0,0.0,0.0,120.0,24.14,1.14,1.14,1.0,0.0,0.0,23.99,0.99,54.07,65.49,100.0,40.51
2018-01-02 07:07:00,0,2,31.84,72.0,68.0,26.89,24.13,31.84,0.0,0.0,0.0,45.0,24.13,0.0,0.0,0.0,120.0,24.13,1.14,1.14,1.0,0.0,0.0,23.98,0.99,54.78,66.35,100.0,41.05
2018-01-02 07:08:00,0,2,31.81,72.0,68.0,26.87,24.11,31.81,0.0,0.0,0.0,45.0,24.11,0.0,0.0,0.0,120.0,24.11,1.14,1.14,1.0,0.0,0.0,23.96,0.99,55.5,67.21,100.0,41.6
2018-01-02 07:09:00,0,2,31.78,72.0,68.0,26.85,24.09,31.78,0.0,0.0,0.0,45.0,24.1,0.0,0.0,0.0,120.0,24.09,1.14,1.14,1.0,0.0,0.0,23.94,0.99,56.23,68.09,100.0,42.15
2018-01-02 07:10:00,0,2,31.75,72.0,68.0,26.83,24.07,31.75,0.0,0.0,0.0,45.0,24.08,0.0,0.0,0.0,120.0,24.08,1.14,1.14,1.0,0.0,0.0,23.92,0.99,56.97,68.99,100.0,42.7
2018-01-02 07:11:00,0,2,31.72,72.0,68.0,26.8,24.06,31.72,0.0,0.0,0.0,45.0,24.06,0.0,0.0,0.0,120.0,24.06,1.14,1.14,1.0,0.0,0.0,23.91,0.99,57.72,69.89,100.0,43.26
2018-01-02 07:12:00,0,2,31.69,72.0,68.0,26.78,24.04,31.69,0.0,0.0,0.0,45.0,24.04,0.0,0.0,0.0,120.0,24.04,1.14,1.14,1.0,0.0,0.0,23.89,0.99,58.47,70.81,100.0,43.83
2018-01-02 07:13:00,0,2,31.66,72.0,68.0,26.76,24.02,31.66,0.0,0.0,0.0,45.0,24.03,0.0,0.0,0.0,120.0,24.02,1.14,1.14,1.0,0.0,0.0,23.87,0.99,59.24,71.73,100.0,44.4
2018-01-02 07:14:00,0,2,31.63,72.0,68.0,26.74,24.0,31.63,0.0,0.0,0.0,45.0,24.01,0.0,0.0,0.0,120.0,24.0,1.14,1.14,1.0,0.0,0.0,23.85,0.99,60.01,72.67,100.0,44.98
2018-01-02 07:15:00,0,2,31.6,72.0,68.0,26.72,23.98,31.6,0.0,0.0,0.0,45.0,23.99,0.0,0.0,0.0,120.0,23.99,1.14,1.14,1.0,0.0,0.0,23.84,0.99,60.79,73.62,100.0,45.57
2018-01-02 07:16:00,0,2,31.57,72.0,68.0,26.69,23.97,31.57,0.0,0.0,0.0,45.0,23.97,0.0,0.0,0.0,120.0,23.97,1.14,1.14,1.0,0.0,0.0,23.82,0.99,61.58,74.58,100.0,46.16
2018-01-02 07:17:00,0,2,31.55,72.0,68.0,26.67,23.95,31.55,0.0,0.0,0.0,45.0,23.95,0.0,0.0,0.0,120.0,23.95,1.14,1.14,1.0,0.0,0.0,23.8,0.99,62.38,75.54,100.0,46.76
2018-01-02 07:18:00,0,2,31.52,72.0,68.0,26.65,23.93,31.52,0.0,0.0,0.0,45.0,23.93,0.0,0.0,0.0,120.0,23.93,1.14,1.14,1.0,0.0,0.0,23.78,0.99,63.18,76.52,100.0,47.36
2018-01-02 07:19:00,0,2,31.49,72.0,68.0,26.63,23.91,31.49,0.0,0.0,0.0,45.0,23.91,0.0,0.0,0.0,120.0,23.91,1.14,1.14,1.0,0.0,0.0,23.76,0.99,63.99,77.5,100.0,47.97
2018-01-02 07:20:00,0,2,31.46,72.0,68.0,26.6,23.89,31.46,0.0,0.0,0.0,45.0,23.9,0.0,0.0,0.0,120.0,23.89,1.14,1.14,1.0,0.0,0.0,23.74,0.99,64.81,78.49,100.0,48.58
2018-01-02 07:21:00,0,2,31.43,72.0,68.0,26.58,23.87,31.43,0.0,0.0,0.0,45.0,23.88,0.0,0.0,0.0,120.0,23.87,1.14,1.14,1.0,0.0,0.0,23.72,0.99,65.63,79.49,100.0,49.19
2018-01-02 07:22:00,0,2,31.4,72.0,68.0,26.56,23.85,31.4,0.0,0.0,0.0,45.0,23.86,0.0,0.0,0.0,120.0,23.85,1.14,1.14,1.0,0.0,0.0,23.7,0.99,66.46,80.49,100.0,49.81
2018-01-02 07:23:00,0,2,31.37,72.0,68.0,26.54,23.83,31.37,0.0,0.0,0.0,45.0,23.84,0.0,0.0,0.0,120.0,23.83,1.14,1.14,1.0,0.0,0.0,23.68,0.99,67.29,81.5,100.0,50.44
2018-01-02 07:24:00,0,2,31.35,72.0,68.0,26.51,23.81,31.35,0.0,0.0,0.0,45.0,23.82,0.0,0.0,0.0,120.0,23.81,1.14,1.14,1.0,0.0,0.0,23.67,0.99,68.13,82.52,100.0,51.06
2018-01-02 07:25:00,0,2,31.32,72.0,68.0,26.49,23.79,31.32,0.0,0.0,0.0,45.0,23.8,0.0,0.0,0.0,120.0,23.8,1.14,1.14,1.0,0.0,0.0,23.65,0.99,68.97,83.54,100.0,51.69
2018-01-02 07:26:00,0,2,31.29,72.0,68.0,26.47,23.77,31.29,0.0,0.0,0.0,45.0,23.78,0.0,0.0,0.0,120.0,23.78,1.14,1.14,1.0,0.0,0.0,23.63,0.99,69.82,84.57,100.0,52.32
2018-01-02 07:27:00,0,2,31.26,72.0,68.0,26.45,23.75,31.26,0.0,0.0,0.0,45.0,23.76,0.0,0.0,0.0,120.0,23.76,1.14,1.14,1.0,0.0,0.0,23.61,0.99,70.67,85.6,100.0,52.96
2018-01-02 07:28:00,0,2,31.23,72.0,68.0,26.42,23.74,31.23,0.0,0.0,0.0,45.0,23.74,0.0,0.0,0.0,120.0,23.74,1.14,1.14,1.0,0.0,0.0,23.59,0.99,71.52,86.64,100.0,53.6
2018-01-02 07:29:00,0,2,31.2,72.0,68.0,26.4,23.72,31.2,0.0,0.0,0.0,45.0,23.72,0.0,0.0,0.0,120.0,23.72,1.14,1.14,1.0,0.0,0.0,23.57,0.99,72.38,87.67,100.0,54.24
2018-01-02 07:30:00,0,2,31.18,72.0,68.0,26.38,23.7,31.18,0.0,0.0,0.0,45.0,23.7,0.0,0.0,0.0,120.0,23.7,1.14,1.14,1.0,0.0,0.0,23.55,0.99,73.23,88.72,100.0,54.88
2018-01-02 07:31:00,0,2,31.24,72.0,68.0,26.3,23.72,31.24,0.0,0.0,0.0,45.0,23.82,0.06,0.0,0.0,120.0,23.72,39.08,39.08,1.0,0.0,0.0,23.53,1.11,74.49,89.76,100.0,55.25
2018-01-02 07:32:00,0,2,31.21,72.0,68.0,26.19,23.69,31.21,0.0,0.0,0.0,45.0,23.73,0.06,0.0,0.0,120.0,23.69,39.09,39.08,1.0,0.0,0.0,23.51,1.17,75.79,90.8,100.0,55.91
2018-01-02 07:33:00,0,2,31.13,72.0,68.0,26.14,23.65,31.13,0.0,0.0,0.0,45.0,23.66,0.06,0.0,0.0,120.0,23.65,39.09,39.08,1.0,0.0,0.0,23.49,1.17,76.79,91.85,100.0,56.69
2018-01-02 07:34:00,0,2,31.07,72.0,68.0,26.11,23.62,31.07,0.0,0.0,0.0,45.0,23.63,0.06,0.0,0.0,120.0,23.62,39.08,39.08,1.0,0.0,0.0,23.47,1.17,77.72,92.9,100.0,57.43
2018-01-02 07:35:00,0,2,31.02,72.0,68.0,26.08,23.6,31.02,0.0,0.0,0.0,45.0,23.61,0.06,0.0,0.0,120.0,23.6,39.09,39.09,1.0,0.0,0.0,23.45,1.17,78.63,93.95,100.0,58.14
2018-01-02 07:36:00,0,2,30.98,72.0,68.0,26.05,23.58,30.98,0.0,0.0,0.0,45.0,23.58,0.06,0.0,0.0,120.0,23.58,39.08,39.08,1.0,0.0,0.0,23.43,1.17,79.52,94.99,100.0,58.82
2018-01-02 07:37:00,0,2,30.95,72.0,68.0,26.02,23.56,30.95,0.0,0.0,0.0,45.0,23.56,0.06,0.0,0.0,120.0,23.56,39.08,39.08,1.0,0.0,0.0,23.41,1.17,80.41,96.04,100.0,59.48
2018-01-02 07:38:00,0,2,30.92,72.0,68.0,26.0,23.54,30.92,0.0,0.0,0.0,45.0,23.55,0.06,0.0,0.0,120.0,23.54,39.09,39.08,1.0,0.0,0.0,23.39,1.17,81.28,97.08,100.0,60.13
2018-01-02 07:39:00,0,2,30.89,72.0,68.0,25.98,23.52,30.89,0.0,0.0,0.0,45.0,23.53,0.06,0.0,0.0,120.0,23.52,39.09,39.08,1.0,0.0,0.0,23.37,1.17,82.16,98.12,100.0,60.78
2018-01-02 07:40:00,0,2,30.86,72.0,68.0,25.96,23.5,30.86,0.0,0.0,0.0,45.0,23.51,0.06,0.0,0.0,120.0,23.5,39.08,39.08,1.0,0.0,0.0,23.36,1.17,83.03,99.16,100.0,61.42
2018-01-02 07:41:00,0,2,30.84,72.0,68.0,25.94,23.48,30.84,0.0,0.0,0.0,45.0,23.49,0.06,0.0,0.0,120.0,23.48,39.09,39.09,1.0,0.0,0.0,23.34,1.17,83.89,100.0,100.0,62.06
2018-01-02 07:42:00,0,2,30.81,72.0,68.0,25.91,23.46,30.81,0.0,0.0,0.0,45.0,23.47,0.06,0.0,0.0,120.0,23.46,39.08,39.08,1.0,0.0,0.0,23.32,1.17,84.74,100.0,100.0,62.65
2018-01-02 07:43:00,0,2,30.78,72.0,68.0,25.89,23.45,30.78,0.0,0.0,0.0,45.0,23.45,0.06,0.0,0.0,120.0,23.45,39.08,39.08,1.0,0.0,0.0,23.3,1.17,85.46,100.0,100.0,62.97
2018-01-02 07:44:00,0,2,30.76,72.0,68.0,25.87,23.43,30.76,0.0,0.0,0.0,45.0,23.43,0.06,0.0,0.0,120.0,23.43,39.09,39.09,1.0,0.0,0.0,23.28,1.17,86.1,100.0,100.0,63.08
2018-01-02 07:45:00,0,2,30.73,72.0,68.0,25.85,23.41,30.73,0.0,0.0,0.0,45.0,23.41,0.06,0.0,0.0,120.0,23.41,39.08,39.08,1.0,0.0,0.0,23.26,1.17,86.7,100.0,100.0,63.11
2018-01-02 07:46:00,0,2,30.71,72.0,68.0,25.83,23.39,30.71,0.0,0.0,0.0,45.0,23.39,0.06,0.0,0.0,120.0,23.39,39.08,39.08,1.0,0.0,0.0,23.24,1.17,87.28,100.0,100.0,63.11
2018-01-02 07:47:00,0,2,30.68,72.0,68.0,25.81,23.37,30.68,0.0,0.0,0.0,45.0,23.37,0.06,0.0,0.0,120.0,23.37,39.08,39.08,1.0,0.0,0.0,23.23,1.17,87.85,100.0,100.0,63.1
2018-01-02 07:48:00,0,2,30.66,72.0,68.0,25.79,23.35,30.66,0.0,0.0,0.0,45.0,23.36,0.06,0.0,0.0,120.0,23.35,39.09,39.08,1.0,0.0,0.0,23.21,1.17,88.42,100.0,100.0,63.09
2018-01-02 07:49:00,0,2,30.64,72.0,68.0,25.77,23.34,30.64,0.0,0.0,0.0,45.0,23.34,0.06,0.0,0.0,120.0,23.34,39.08,39.08,1.0,0.0,0.0,23.19,1.17,88.98,100.0,100.0,63.08
2018-01-02 07:50:00,0,2,30.61,72.0,68.0,25.75,23.32,30.61,0.0,0.0,0.0,45.0,23.32,0.06,0.0,0.0,120.0,23.32,39.08,39.08,1.0,0.0,0.0,23.17,1.17,89.54,100.0,100.0,63.06
2018-01-02 07:51:00,0,2,30.59,72.0,68.0,25.73,23.3,30.59,0.0,0.0,0.0,45.0,23.3,0.06,0.0,0.0,120.0,23.3,39.08,39.08,1.0,0.0,0.0,23.15,1.17,90.09,100.0,100.0,63.05
2018-01-02 07:52:00,0,2,30.57,72.0,68.0,25.71,23.28,30.57,0.0,0.0,0.0,45.0,23.28,0.06,0.0,0.0,120.0,23.28,39.09,39.08,1.0,0.0,0.0,23.14,1.17,90.63,100.0,100.0,63.04
2018-01-02 07:53:00,0,2,30.54,72.0,68.0,25.69,23.27,30.54,0.0,0.0,0.0,45.0,23.27,0.06,0.0,0.0,120.0,23.27,39.08,39.08,1.0,0.0,0.0,23.12,1.17,91.17,100.0,100.0,63.03
2018-01-02 07:54:00,0,2,30.52,72.0,68.0,25.67,23.25,30.52,0.0,0.0,0.0,45.0,23.25,0.06,0.0,0.0,120.0,23.25,39.08,39.08,1.0,0.0,0.0,23.1,1.17,91.7,100.0,100.0,63.01
2018-01-02 07:55:00,0,2,30.5,72.0,68.0,25.66,23.23,30.5,0.0,0.0,0.0,45.0,23.23,0.06,0.0,0.0,120.0,23.23,39.08,39.08,1.0,0.0,0.0,23.09,1.17,92.23,100.0,100.0,63.0
2018-01-02 07:56:00,0,2,30.48,72.0,68.0,25.64,23.22,30.48,0.0,0.0,0.0,45.0,23.22,0.06,0.0,0.0,120.0,23.21,39.08,39.08,1.0,0.0,0.0,23.07,1.17,92.74,100.0,100.0,62.99
2018-01-02 07:57:00,0,2,30.46,72.0,68.0,25.62,23.2,30.46,0.0,0.0,0.0,45.0,23.2,0.06,0.0,0.0,120.0,23.2,39.09,39.09,1.0,0.0,0.0,23.05,1.17,93.25,100.0,100.0,62.98
2018-01-02 07:58:00,0,2,30.63,72.0,68.0,26.07,23.26,30.63,0.0,0.0,0.0,45.0,23.28,0.0,0.0,0.0,120.0,23.19,0.9,0.9,1.0,0.0,0.0,23.04,1.01,91.06,100.0,100.0,62.45
2018-01-02 07:59:00,0,2,30.74,72.0,68.0,25.91,23.24,30.74,0.0,0.0,0.0,45.0,23.27,0.0,0.0,0.0,120.0,23.21,1.14,1.14,1.0,0.0,0.0,23.02,1.0,91.93,100.0,100.0,62.02
2018-01-02 08:00:00,0,2,30.63,72.0,68.0,25.84,23.18,30.63,0.0,0.0,0.0,45.0,23.19,0.0,0.0,0.0,120.0,23.17,1.14,1.14,1.0,0.0,0.0,23.01,0.99,92.62,100.0,100.0,62.25
2018-01-02 08:01:00,0,2,30.54,72.0,68.0,25.79,23.15,30.54,0.0,0.0,0.0,45.0,23.15,0.0,0.0,0.0,120.0,23.14,1.14,1.14,1.0,0.0,0.0,22.99,0.99,93.1,73.88,100.0,62.46
2018-01-02 08:02:00,0,2,30.47,72.0,68.0,25.76,23.13,30.47,0.0,0.0,0.0,45.0,23.13,0.0,0.0,0.0,120.0,23.13,1.14,1.14,1.0,0.0,0.0,22.98,0.99,93.43,69.07,100.0,62.59
2018-01-02 08:03:00,0,2,30.43,72.0,68.0,25.74,23.12,30.43,0.0,0.0,0.0,45.0,23.12,0.0,0.0,0.0,120.0,23.11,1.14,1.14,1.0,0.0,0.0,22.97,0.99,93.7,68.56,100.0,62.67
2018-01-02 08:04:00,0,2,30.4,72.0,68.0,25.72,23.11,30.4,0.0,0.0,0.0,45.0,23.1,0.0,0.0,0.0,120.0,23.1,1.14,1.14,1.0,0.0,0.0,22.96,0.99,93.94,68.64,100.0,62.71
2018-01-02 08:05:00,0,2,30.38,72.0,68.0,25.71,23.1,30.38,0.0,0.0,0.0,45.0,23.09,0.0,0.0,0.0,120.0,23.09,1.14,1.14,1.0,0.0,0.0,22.95,0.99,94.15,68.78,100.0,62.73
2018-01-02 08:06:00,0,2,30.37,72.0,68.0,25.69,23.09,30.37,0.0,0.0,0.0,45.0,23.08,0.0,0.0,0.0,120.0,23.08,1.14,1.14,1.0,0.0,0.0,22.94,0.99,94.35,68.92,100.0,62.74
2018-01-02 08:07:00,0,2,30.35,72.0,68.0,25.68,23.08,30.35,0.0,0.0,0.0,45.0,23.07,0.0,0.0,0.0,120.0,23.07,1.14,1.14,1.0,0.0,0.0,22.93,0.99,94.53,69.05,100.0,62.74
2018-01-02 08:08:00,0,2,30.34,72.0,68.0,25.67,23.07,30.34,0.0,0.0,0.0,45.0,23.06,0.0,0.0,0.0,120.0,23.06,1.14,1.14,1.0,0.0,0.0,22.92,0.99,94.7,69.18,100.0,62.74
2018-01-02 08:09:00,0,2,30.33,72.0,68.0,25.66,23.06,30.33,0.0,0.0,0.0,45.0,23.06,0.0,0.0,0.0,120.0,23.05,1.14,1.14,1.0,0.0,0.0,22.91,0.99,94.86,69.3,100.0,62.74
2018-01-02 08:10:00,0,2,30.32,72.0,68.0,25.66,23.05,30.32,0.0,0.0,0.0,45.0,23.05,0.0,0.0,0.0,120.0,23.04,1.14,1.14,1.0,0.0,0.0,22.9,0.99,95.01,69.41,100.0,62.73
2018-01-02 08:11:00,0,2,30.31,72.0,68.0,25.65,23.04,30.31,0.0,0.0,0.0,45.0,23.04,0.0,0.0,0.0,120.0,23.04,1.14,1.14,1.0,0.0,0.0,22.9,0.99,95.15,69.51,100.0,62.73
2018-01-02 08:12:00,0,2,30.31,72.0,68.0,25.64,23.03,30.31,0.0,0.0,0.0,45.0,23.03,0.0,0.0,0.0,120.0,23.03,1.14,1.14,1.0,0.0,0.0,22.89,0.99,95.28,69.6,100.0,62.72
2018-01-02 08:13:00,0,2,30.3,72.0,68.0,25.63,23.02,30.3,0.0,0.0,0.0,45.0,23.02,0.0,0.0,0.0,120.0,23.02,1.14,1.14,1.0,0.0,0.0,22.88,0.99,95.39,69.69,100.0,62.72
2018-01-02 08:14:00,0,2,30.29,72.0,68.0,25.63,23.02,30.29,0.0,0.0,0.0,45.0,23.01,0.0,0.0,0.0,120.0,23.01,1.14,1.14,1.0,0.0,0.0,22.87,0.99,95.5,69.76,100.0,62.71
2018-01-02 08:15:00,0,2,30.29,72.0,68.0,25.62,23.01,30.29,0.0,0.0,0.0,45.0,23.01,0.0,0.0,0.0,120.0,23.01,1.14,1.14,1.0,0.0,0.0,22.87,0.99,87.66,69.83,100.0,70.26
2018-01-02 08:16:00,0,2,30.28,72.0,68.0,25.61,23.01,30.28,0.0,0.0,0.0,45.0,23.0,0.0,0.0,0.0,120.0,23.0,1.14,1.14,1.0,0.0,0.0,22.86,0.99,92.22,69.89,100.0,86.44
2018-01-02 08:17:00,0,2,30.27,72.0,68.0,25.6,22.99,30.27,0.0,0.0,0.0,45.0,22.99,0.0,0.0,0.0,120.0,22.99,1.14,1.14,1.0,0.0,0.0,22.85,0.99,94.98,69.94,100.0,93.3
2018-01-02 08:18:00,0,2,30.26,72.0,68.0,25.6,22.98,30.26,0.0,0.0,0.0,45.0,22.99,0.0,0.0,0.0,120.0,22.98,1.14,1.14,1.0,0.0,0.0,22.85,0.99,96.09,69.98,100.0,95.79
2018-01-02 08:19:00,0,2,30.26,72.0,68.0,25.59,22.98,30.26,0.0,0.0,0.0,45.0,22.98,0.0,0.0,0.0,120.0,22.98,1.14,1.14,1.0,0.0,0.0,22.84,0.99,96.52,70.02,100.0,96.67
2018-01-02 08:20:00,0,2,30.25,72.0,68.0,25.59,22.97,30.25,0.0,0.0,0.0,45.0,22.98,0.0,0.0,0.0,120.0,22.97,1.14,1.14,1.0,0.0,0.0,22.84,0.99,96.7,70.04,100.0,96.99
2018-01-02 08:21:00,0,2,30.25,72.0,68.0,25.58,22.97,30.25,0.0,0.0,0.0,45.0,22.97,0.0,0.0,0.0,120.0,22.97,1.14,1.14,1.0,0.0,0.0,22.83,0.99,96.78,70.06,100.0,97.12
2018-01-02 08:22:00,0,2,30.25,72.0,68.0,25.58,22.96,30.25,0.0,0.0,0.0,45.0,22.97,0.0,0.0,0.0,120.0,22.96,1.14,1.14,1.0,0.0,0.0,22.83,0.99,96.83,70.07,100.0,97.18
2018-01-02 08:23:00,0,2,30.25,72.0,68.0,25.58,22.96,30.25,0.0,0.0,0.0,45.0,22.96,0.0,0.0,0.0,120.0,22.96,1.14,1.14,1.0,0.0,0.0,22.83,0.99,96.86,70.07,100.0,97.22
2018-01-02 08:24:00,0,2,30.24,72.0,68.0,25.57,22.96,30.24,0.0,0.0,0.0,45.0,22.96,0.0,0.0,0.0,120.0,22.96,1.14,1.14,1.0,0.0,0.0,22.82,0.99,96.87,70.07,100.0,97.25
2018-01-02 08:25:00,0,2,30.24,72.0,68.0,25.57,22.95,30.24,0.0,0.0,0.0,45.0,22.95,0.0,0.0,0.0,120.0,22.95,1.14,1.14,1.0,0.0,0.0,22.82,0.99,96.88,70.05,100.0,97.26
2018-01-02 08:26:00,0,2,30.24,72.0,68.0,25.57,22.95,30.24,0.0,0.0,0.0,45.0,22.95,0.0,0.0,0.0,120.0,22.95,1.14,1.14,1.0,0.0,0.0,22.82,0.99,96.87,70.03,100.0,97.27
2018-01-02 08:27:00,0,2,30.24,72.0,68.0,25.57,22.95,30.24,0.0,0.0,0.0,45.0,22.95,0.0,0.0,0.0,120.0,22.95,1.14,1.14,1.0,0.0,0.0,22.81,0.99,96.86,70.0,100.0,97.28
2018-01-02 08:28:00,0,2,30.24,72.0,68.0,25.57,22.95,30.24,0.0,0.0,0.0,45.0,22.95,0.0,0.0,0.0,120.0,22.95,1.14,1.14,1.0,0.0,0.0,22.81,0.99,96.83,69.97,100.0,97.28
2018-01-02 08:29:00,0,2,30.24,72.0,68.0,25.57,22.94,30.24,0.0,0.0,0.0,45.0,22.95,0.0,0.0,0.0,120.0,22.94,1.14,1.14,1.0,0.0,0.0,22.81,0.99,96.8,69.92,100.0,97.27
2018-01-02 08:30:00,0,2,30.25,72.0,68.0,25.57,22.94,30.25,0.0,0.0,0.0,45.0,22.95,0.0,0.0,0.0,120.0,22.94,1.14,1.14,1.0,0.0,0.0,22.81,0.99,96.76,69.87,100.0,97.26
2018-01-02 08:31:00,0,2,30.25,72.0,68.0,25.57,22.94,30.25,0.0,0.0,0.0,45.0,22.94,0.0,0.0,0.0,120.0,22.94,1.14,1.14,1.0,0.0,0.0,22.81,0.99,96.71,69.81,100.0,97.24
2018-01-02 08:32:00,0,2,30.25,72.0,68.0,25.57,22.94,30.25,0.0,0.0,0.0,45.0,22.94,0.0,0.0,0.0,120.0,22.94,1.14,1.14,1.0,0.0,0.0,22.81,0.99,96.65,69.75,100.0,97.22
2018-01-02 08:33:00,0,2,30.25,72.0,68.0,25.57,22.94,30.25,0.0,0.0,0.0,45.0,22.94,0.0,0.0,0.0,120.0,22.94,1.14,1.14,1.0,0.0,0.0,22.81,0.99,96.58,69.67,100.0,97.2
2018-01-02 08:34:00,0,2,30.25,72.0,68.0,25.57,22.94,30.25,0.0,0.0,0.0,45.0,22.94,0.0,0.0,0.0,120.0,22.94,1.14,1.14,1.0,0.0,0.0,22.81,0.99,96.5,69.59,100.0,97.16
2018-01-02 08:35:00,0,2,30.26,72.0,68.0,25.57,22.94,30.26,0.0,0.0,0.0,45.0,22.95,0.0,0.0,0.0,120.0,22.94,1.14,1.14,1.0,0.0,0.0,22.81,0.99,96.42,69.5,100.0,97.13
2018-01-02 08:36:00,0,2,30.7,72.0,68.0,25.63,24.87,30.7,0.0,0.0,0.0,45.0,23.11,0.06,0.0,0.0,120.0,24.34,39.09,39.09,1.0,0.0,0.0,22.81,1.11,91.66,69.41,100.0,88.6
2018-01-02 08:37:00,0,2,32.04,72.0,68.0,26.0,25.13,32.04,0.0,0.0,0.0,45.0,23.02,0.06,0.0,0.0,120.0,23.69,39.08,39.08,1.0,0.0,0.0,22.81,1.17,82.3,69.3,100.0,69.28
2018-01-02 08:38:00,0,2,31.86,72.0,68.0,25.95,23.29,31.86,0.0,0.0,0.0,45.0,22.99,0.06,0.0,0.0,120.0,23.08,39.08,39.08,1.0,0.0,0.0,22.82,1.17,85.0,69.19,100.0,76.66
2018-01-02 08:39:00,0,2,31.24,72.0,68.0,25.72,23.29,31.24,0.0,0.0,0.0,45.0,22.98,0.06,0.0,0.0,120.0,22.99,39.09,39.08,1.0,0.0,0.0,22.82,1.17,89.73,69.08,100.0,87.11
2018-01-02 08:40:00,0,2,30.83,72.0,68.0,25.59,23.01,30.83,0.0,0.0,0.0,45.0,22.97,0.06,0.0,0.0,120.0,22.97,39.09,39.08,1.0,0.0,0.0,22.82,1.17,91.93,68.95,100.0,92.35
2018-01-02 08:41:00,0,2,30.59,72.0,68.0,25.52,22.97,30.59,0.0,0.0,0.0,45.0,22.97,0.06,0.0,0.0,120.0,22.97,39.09,39.08,1.0,0.0,0.0,22.83,1.17,92.86,68.82,100.0,94.67
2018-01-02 08:42:00,0,2,30.46,72.0,68.0,25.47,22.97,30.46,0.0,0.0,0.0,45.0,22.97,0.06,0.0,0.0,120.0,22.97,39.08,39.08,1.0,0.0,0.0,22.83,1.17,93.2,68.69,100.0,95.69
2018-01-02 08:43:00,0,2,30.39,72.0,68.0,25.45,22.97,30.39,0.0,0.0,0.0,45.0,22.97,0.06,0.0,0.0,120.0,22.97,39.08,39.08,1.0,0.0,0.0,22.84,1.17,93.29,68.54,100.0,96.14
2018-01-02 08:44:00,0,2,30.35,72.0,68.0,25.44,22.98,30.35,0.0,0.0,0.0,45.0,22.98,0.06,0.0,0.0,120.0,22.97,39.08,39.08,1.0,0.0,0.0,22.84,1.17,93.24,68.39,100.0,96.33
2018-01-02 08:45:00,0,2,30.33,72.0,68.0,25.44,22.98,30.33,0.0,0.0,0.0,45.0,22.98,0.06,0.0,0.0,120.0,22.98,39.09,39.08,1.0,0.0,0.0,22.85,1.17,93.14,68.23,100.0,96.39
2018-01-02 08:46:00,0,2,30.32,72.0,68.0,25.44,22.99,30.32,0.0,0.0,0.0,45.0,22.99,0.06,0.0,0.0,120.0,22.99,39.09,39.09,1.0,0.0,0.0,22.85,1.17,93.0,68.07,100.0,96.38
2018-01-02 08:47:00,0,2,30.32,72.0,68.0,25.45,22.99,30.32,0.0,0.0,0.0,45.0,22.99,0.06,0.0,0.0,120.0,22.99,39.08,39.08,1.0,0.0,0.0,22.86,1.17,92.83,67.9,100.0,96.34
2018-01-02 08:48:00,0,2,30.33,72.0,68.0,25.45,23.0,30.33,0.0,0.0,0.0,45.0,23.0,0.06,0.0,0.0,120.0,23.0,39.08,39.08,1.0,0.0,0.0,22.87,1.17,100.0,67.72,100.0,89.92
2018-01-02 08:49:00,0,2,30.33,72.0,68.0,25.46,23.01,30.33,0.0,0.0,0.0,45.0,23.01,0.06,0.0,0.0,120.0,23.01,39.08,39.08,1.0,0.0,0.0,22.87,1.17,99.33,67.54,100.0,74.48
2018-01-02 08:50:00,0,2,30.34,72.0,68.0,25.47,23.02,30.34,0.0,0.0,0.0,45.0,23.01,0.06,0.0,0.0,120.0,23.02,39.08,39.08,1.0,0.0,0.0,22.88,1.17,96.6,67.35,100.0,67.1
2018-01-02 08:51:00,0,2,30.35,72.0,68.0,25.48,23.02,30.35,0.0,0.0,0.0,45.0,23.02,0.06,0.0,0.0,120.0,23.02,39.09,39.09,1.0,0.0,0.0,22.89,1.17,95.26,67.15,100.0,64.39
2018-01-02 08:52:00,0,2,30.36,72.0,68.0,25.49,23.03,30.36,0.0,0.0,0.0,45.0,23.03,0.06,0.0,0.0,120.0,23.03,39.09,39.08,1.0,0.0,0.0,22.9,1.17,94.62,66.95,100.0,63.48
2018-01-02 08:53:00,0,2,30.37,72.0,68.0,25.5,23.04,30.37,0.0,0.0,0.0,45.0,23.04,0.06,0.0,0.0,120.0,23.04,39.08,39.08,1.0,0.0,0.0,22.91,1.17,94.24,66.74,100.0,63.2
2018-01-02 08:54:00,0,2,30.39,72.0,68.0,25.51,23.05,30.39,0.0,0.0,0.0,45.0,23.05,0.06,0.0,0.0,120.0,23.05,39.09,39.09,1.0,0.0,0.0,22.92,1.17,93.93,66.52,100.0,63.12
2018-01-02 08:55:00,0,2,30.4,72.0,68.0,25.52,23.06,30.4,0.0,0.0,0.0,45.0,23.06,0.06,0.0,0.0,120.0,23.06,39.08,39.08,1.0,0.0,0.0,22.93,1.17,93.65,66.3,100.0,63.12
2018-01-02 08:56:00,0,2,30.41,72.0,68.0,25.53,23.07,30.41,0.0,0.0,0.0,45.0,23.07,0.06,0.0,0.0,120.0,23.07,39.09,39.08,1.0,0.0,0.0,22.94,1.17,93.36,66.08,100.0,63.13
2018-01-02 08:57:00,0,2,30.42,72.0,68.0,25.54,23.09,30.42,0.0,0.0,0.0,45.0,23.08,0.06,0.0,0.0,120.0,23.09,39.08,39.08,1.0,0.0,0.0,22.95,1.17,93.08,65.84,100.0,63.16
2018-01-02 08:58:00,0,2,30.43,72.0,68.0,25.55,23.1,30.43,0.0,0.0,0.0,45.0,23.1,0.06,0.0,0.0,120.0,23.1,39.08,39.08,1.0,0.0,0.0,22.97,1.17,92.78,65.6,100.0,63.19
2018-01-02 08:59:00,0,2,30.45,72.0,68.0,25.57,23.11,30.45,0.0,0.0,0.0,45.0,23.11,0.06,0.0,0.0,120.0,23.11,39.08,39.08,1.0,0.0,0.0,22.98,1.17,92.48,65.36,100.0,63.22
2018-01-02 09:00:00,0,2,30.46,72.0,68.0,25.58,23.12,30.46,0.0,0.0,0.0,45.0,23.12,0.06,0.0,0.0,120.0,23.12,39.09,39.08,1.0,0.0,0.0,22.99,1.17,92.17,65.11,100.0,63.25
2018-01-02 09:01:00,0,2,30.48,72.0,68.0,25.6,23.14,30.48,0.0,0.0,0.0,45.0,23.14,0.06,0.0,0.0,120.0,23.14,39.08,39.08,1.0,0.0,0.0,23.01,1.17,91.77,100.0,100.0,63.28
2018-01-02 09:02:00,0,2,30.49,72.0,68.0,25.62,23.17,30.49,0.0,0.0,0.0,45.0,23.16,0.06,0.0,0.0,120.0,23.16,39.08,39.08,1.0,0.0,0.0,23.04,1.17,91.31,100.0,100.0,63.33
2018-01-02 09:03:00,0,2,30.51,72.0,68.0,25.65,23.19,30.51,0.0,0.0,0.0,45.0,23.18,0.06,0.0,0.0,120.0,23.19,39.09,39.08,1.0,0.0,0.0,23.06,1.17,90.84,100.0,100.0,63.39
2018-01-02 09:04:00,0,2,30.54,72.0,68.0,25.67,23.22,30.54,0.0,0.0,0.0,45.0,23.21,0.06,0.0,0.0,120.0,23.21,39.09,39.08,1.0,0.0,0.0,23.09,1.17,90.37,100.0,100.0,63.46
2018-01-02 09:05:00,0,2,30.56,72.0,68.0,25.69,23.24,30.56,0.0,0.0,0.0,45.0,23.24,0.06,0.0,0.0,120.0,23.24,39.08,39.08,1.0,0.0,0.0,23.12,1.17,89.9,100.0,100.0,63.52
2018-01-02 09:06:00,0,2,30.58,72.0,68.0,25.72,23.27,30.58,0.0,0.0,0.0,45.0,23.26,0.06,0.0,0.0,120.0,23.27,39.09,39.09,1.0,0.0,0.0,23.14,1.17,89.41,100.0,100.0,63.58
2018-01-02 09:07:00,0,2,30.6,72.0,68.0,25.75,23.3,30.6,0.0,0.0,0.0,45.0,23.29,0.06,0.0,0.0,120.0,23.29,39.09,39.08,1.0,0.0,0.0,23.17,1.17,88.93,100.0,100.0,63.65
2018-01-02 09:08:00,0,2,30.63,72.0,68.0,25.77,23.32,30.63,0.0,0.0,0.0,45.0,23.32,0.06,0.0,0.0,120.0,23.32,39.09,39.08,1.0,0.0,0.0,23.2,1.17,88.43,100.0,100.0,63.72
2018-01-02 09:09:00,0,2,30.65,72.0,68.0,25.8,23.35,30.65,0.0,0.0,0.0,45.0,23.35,0.06,0.0,0.0,120.0,23.35,39.09,39.08,1.0,0.0,0.0,23.23,1.17,87.94,100.0,100.0,63.78
2018-01-02 09:10:00,0,2,30.67,72.0,68.0,25.83,23.38,30.67,0.0,0.0,0.0,45.0,23.37,0.06,0.0,0.0,120.0,23.38,39.09,39.09,1.0,0.0,0.0,23.26,1.17,87.44,100.0,100.0,63.85
2018-01-02 09:11:00,0,2,30.7,72.0,68.0,25.85,23.41,30.7,0.0,0.0,0.0,45.0,23.4,0.06,0.0,0.0,120.0,23.41,39.08,39.08,1.0,0.0,0.0,23.29,1.17,86.94,100.0,100.0,63.92
2018-01-02 09:12:00,0,2,30.72,72.0,68.0,25.88,23.44,30.72,0.0,0.0,0.0,45.0,23.43,0.06,0.0,0.0,120.0,23.44,39.08,39.08,1.0,0.0,0.0,23.32,1.17,86.44,100.0,100.0,63.99
2018-01-02 09:13:00,0,2,30.75,72.0,68.0,25.91,23.47,30.75,0.0,0.0,0.0,45.0,23.46,0.06,0.0,0.0,120.0,23.47,39.08,39.08,1.0,0.0,0.0,23.35,1.17,85.93,100.0,100.0,64.06
2018-01-02 09:14:00,0,2,30.77,72.0,68.0,25.94,23.5,30.77,0.0,0.0,0.0,45.0,23.49,0.06,0.0,0.0,120.0,23.5,39.08,39.08,1.0,0.0,0.0,23.38,1.17,85.42,100.0,100.0,64.12
2018-01-02 09:15:00,0,2,30.8,72.0,68.0,25.97,23.53,30.8,0.0,0.0,0.0,45.0,23.52,0.06,0.0,0.0,120.0,23.52,39.09,39.08,1.0,0.0,0.0,23.41,1.17,84.83,100.0,100.0,64.01
2018-01-02 09:16:00,0,2,30.82,72.0,68.0,26.0,23.56,30.82,0.0,0.0,0.0,45.0,23.55,0.06,0.0,0.0,120.0,23.55,39.08,39.08,1.0,0.0,0.0,23.44,1.17,84.15,99.33,100.0,63.66
2018-01-02 09:17:00,1,1,30.96,72.0,68.0,25.73,23.59,30.96,0.0,0.0,0.0,45.0,23.58,0.0,0.39,0.0,120.0,23.58,5670.72,5670.35,1.0,0.3,9.75,23.47,1.31,85.23,98.38,100.0,62.9
2018-01-02 09:18:00,1,1,30.98,72.0,68.0,25.87,23.62,30.98,0.0,0.0,0.0,45.0,23.62,0.0,0.39,0.0,120.0,23.62,5670.39,5670.0,1.0,0.3,9.75,23.5,1.38,83.79,97.42,100.0,62.39
2018-01-02 09:19:00,1,1,30.97,72.0,68.0,25.9,23.65,30.97,0.0,0.0,0.0,45.0,23.65,0.0,0.39,0.0,120.0,23.65,5670.25,5669.86,1.0,0.3,9.75,23.53,1.39,82.98,96.47,100.0,61.99
2018-01-02 09:20:00,1,1,30.97,72.0,68.0,25.92,23.69,30.97,0.0,0.0,0.0,45.0,23.68,0.0,0.39,0.0,120.0,23.68,5670.72,5670.35,1.0,0.3,9.75,23.57,1.39,82.23,95.51,100.0,61.54
2018-01-02 09:21:00,1,1,30.98,72.0,68.0,25.95,23.72,30.98,0.0,0.0,0.0,45.0,23.71,0.0,0.39,0.0,120.0,23.71,5670.72,5670.35,1.0,0.3,9.75,23.6,1.39,81.47,94.56,100.0,61.06
2018-01-02 09:22:00,1,1,30.99,72.0,68.0,25.98,23.75,30.99,0.0,0.0,0.0,45.0,23.75,0.0,0.39,0.0,120.0,23.75,5670.37,5669.96,1.0,0.3,9.75,23.63,1.39,80.7,93.6,100.0,60.56
2018-01-02 09:23:00,1,1,31.02,72.0,68.0,26.01,23.78,31.02,0.0,0.0,0.0,45.0,23.78,0.0,0.39,0.0,120.0,23.78,5670.65,5670.25,1.0,0.3,9.75,23.67,1.39,79.92,92.65,100.0,60.05
2018-01-02 09:24:00,1,1,31.04,72.0,68.0,26.04,23.82,31.04,0.0,0.0,0.0,45.0,23.81,0.0,0.39,0.0,120.0,23.81,5670.72,5670.35,1.0,0.3,9.75,23.7,1.39,79.15,91.7,100.0,59.52
2018-01-02 09:25:00,1,1,31.07,72.0,68.0,26.07,23.85,31.07,0.0,0.0,0.0,45.0,23.85,0.0,0.39,0.0,120.0,23.85,5670.21,5669.8,1.0,0.3,9.75,23.73,1.39,78.37,90.75,100.0,59.0
2018-01-02 09:26:00,1,1,31.1,72.0,68.0,26.1,23.88,31.1,0.0,0.0,0.0,45.0,23.88,0.0,0.39,0.0,120.0,23.88,5670.72,5670.35,1.0,0.3,9.75,23.77,1.39,77.59,89.8,100.0,58.47
2018-01-02 09:27:00,1,1,31.12,72.0,68.0,26.14,23.92,31.12,0.0,0.0,0.0,45.0,23.91,0.0,0.39,0.0,120.0,23.91,5670.28,5669.89,1.0,0.3,9.75,23.8,1.39,76.82,88.86,100.0,57.94
2018-01-02 09:28:00,1,1,31.15,72.0,68.0,26.17,23.95,31.15,0.0,0.0,0.0,45.0,23.95,0.0,0.38,0.0,120.0,23.95,5670.72,5670.35,1.0,0.3,9.75,23.84,1.39,76.05,87.92,100.0,57.41
2018-01-02 09:29:00,1,1,31.18,72.0,68.0,26.2,23.99,31.18,0.0,0.0,0.0,45.0,23.98,0.0,0.38,0.0,120.0,23.98,5670.58,5670.19,1.0,0.3,9.75,23.87,1.39,75.28,86.99,100.0,56.89
2018-01-02 09:30:00,1,1,31.21,72.0,68.0,26.23,24.02,31.21,0.0,0.0,0.0,45.0,24.02,0.0,0.38,0.0,120.0,24.02,5670.72,5670.35,1.0,0.3,9.75,23.91,1.39,74.51,86.06,100.0,56.36
2018-01-02 09:31:00,1,1,31.24,72.0,68.0,26.27,24.06,31.24,0.0,0.0,0.0,45.0,24.05,0.0,0.38,0.0,120.0,24.05,5670.48,5670.07,1.0,0.3,9.75,23.94,1.39,73.75,85.13,100.0,55.83
2018-01-02 09:32:00,1,1,31.27,72.0,68.0,26.3,24.09,31.27,0.0,0.0,0.0,45.0,24.09,0.0,0.38,0.0,120.0,24.09,5670.65,5670.25,1.0,0.3,9.75,23.98,1.39,72.99,84.22,100.0,55.31
2018-01-02 09:33:00,1,1,31.3,72.0,68.0,26.33,24.13,31.3,0.0,0.0,0.0,45.0,24.12,0.0,0.38,0.0,120.0,24.12,5670.72,5670.35,1.0,0.3,9.75,24.01,1.39,72.23,83.3,100.0,54.79
2018-01-02 09:34:00,1,1,31.33,72.0,68.0,26.37,24.16,31.33,0.0,0.0,0.0,45.0,24.16,0.0,0.38,0.0,120.0,24.16,5670.72,5670.35,1.0,0.3,9.75,24.05,1.39,71.48,82.4,100.0,54.27
2018-01-02 09:35:00,1,1,31.36,72.0,68.0,26.4,24.2,31.36,0.0,0.0,0.0,45.0,24.19,0.0,0.38,0.0,120.0,24.19,5670.65,5670.25,1.0,0.3,9.75,24.08,1.39,70.74,81.5,100.0,53.76
2018-01-02 09:36:00,1,1,31.38,72.0,68.0,26.43,24.23,31.38,0.0,0.0,0.0,45.0,24.23,0.0,0.38,0.0,120.0,24.23,5670.46,5670.05,1.0,0.3,9.75,24.12,1.39,70.0,80.6,100.0,53.24
2018-01-02 09:37:00,1,1,31.41,72.0,68.0,26.47,24.27,31.41,0.0,0.0,0.0,45.0,24.26,0.0,0.38,0.0,120.0,24.26,5671.08,5670.71,1.0,0.3,9.75,24.15,1.39,69.26,79.72,100.0,52.73
2018-01-02 09:38:00,1,1,31.44,72.0,68.0,26.5,24.3,31.44,0.0,0.0,0.0,45.0,24.3,0.0,0.38,0.0,120.0,24.3,5670.58,5670.19,1.0,0.3,9.75,24.19,1.39,68.54,78.84,100.0,52.23
2018-01-02 09:39:00,1,1,31.47,72.0,68.0,26.53,24.34,31.47,0.0,0.0,0.0,45.0,24.33,0.0,0.38,0.0,120.0,24.33,5670.53,5670.14,1.0,0.3,9.75,24.23,1.39,67.81,77.97,100.0,51.73
2018-01-02 09:40:00,1,1,31.5,72.0,68.0,26.57,24.38,31.5,0.0,0.0,0.0,45.0,24.37,0.0,0.38,0.0,120.0,24.37,5670.72,5670.35,1.0,0.3,9.75,24.26,1.39,67.1,77.11,100.0,51.23
2018-01-02 09:41:00,0,2,31.7,72.0,68.0,26.95,24.41,31.7,0.0,0.0,0.0,45.0,24.4,0.0,0.0,0.0,120.0,24.4,1.14,1.14,1.0,0.0,0.0,24.3,0.94,64.99,76.26,100.0,50.38
2018-01-02 09:42:00,0,2,31.71,72.0,68.0,27.06,24.45,31.71,0.0,0.0,0.0,45.0,24.44,0.0,0.0,0.0,120.0,24.44,1.14,1.14,1.0,0.0,0.0,24.33,0.99,64.0,75.42,100.0,49.93
2018-01-02 09:43:00,0,2,31.7,72.0,68.0,27.08,24.48,31.7,0.0,0.0,0.0,45.0,24.48,0.0,0.0,0.0,120.0,24.48,1.14,1.14,1.0,0.0,0.0,24.37,0.99,63.33,74.59,100.0,49.53
2018-01-02 09:44:00,0,2,31.78,72.0,68.0,27.01,24.57,31.78,0.0,0.0,0.0,45.0,24.64,0.06,0.0,0.0,120.0,24.56,39.08,39.08,1.0,0.0,0.0,24.4,1.11,63.11,73.77,100.0,48.94
2018-01-02 09:45:00,0,2,31.79,72.0,68.0,27.0,24.58,31.79,0.0,0.0,0.0,45.0,24.61,0.06,0.0,0.0,120.0,24.58,39.09,39.08,1.0,0.0,0.0,24.44,1.17,62.64,72.96,100.0,48.49
2018-01-02 09:46:00,0,2,31.77,72.0,68.0,27.0,24.6,31.77,0.0,0.0,0.0,45.0,24.6,0.06,0.0,0.0,120.0,24.6,39.08,39.08,1.0,0.0,0.0,24.48,1.17,62.07,72.16,100.0,48.13
2018-01-02 09:47:00,0,2,31.76,72.0,68.0,27.02,24.63,31.76,0.0,0.0,0.0,45.0,24.63,0.06,0.0,0.0,120.0,24.62,39.09,39.08,1.0,0.0,0.0,24.51,1.17,61.46,71.37,100.0,47.74
2018-01-02 09:48:00,0,2,31.77,72.0,68.0,27.05,24.66,31.77,0.0,0.0,0.0,45.0,24.66,0.06,0.0,0.0,120.0,24.66,39.08,39.08,1.0,0.0,0.0,24.55,1.17,60.85,70.59,100.0,47.33
2018-01-02 09:49:00,0,2,31.79,72.0,68.0,27.08,24.7,31.79,0.0,0.0,0.0,45.0,24.69,0.06,0.0,0.0,120.0,24.69,39.09,39.09,1.0,0.0,0.0,24.58,1.17,60.23,69.83,100.0,46.91
2018-01-02 09:50:00,0,2,31.81,72.0,68.0,27.11,24.73,31.81,0.0,0.0,0.0,45.0,24.73,0.06,0.0,0.0,120.0,24.73,39.09,39.08,1.0,0.0,0.0,24.62,1.17,59.62,69.08,100.0,46.48
2018-01-02 09:51:00,0,2,31.83,72.0,68.0,27.14,24.77,31.83,0.0,0.0,0.0,45.0,24.76,0.06,0.0,0.0,120.0,24.76,39.09,39.08,1.0,0.0,0.0,24.65,1.17,59.01,68.33,100.0,46.05
2018-01-02 09:52:00,0,2,31.86,72.0,68.0,27.17,24.8,31.86,0.0,0.0,0.0,45.0,24.8,0.06,0.0,0.0,120.0,24.8,39.09,39.09,1.0,0.0,0.0,24.69,1.17,58.42,67.61,100.0,45.62
2018-01-02 09:53:00,0,2,31.89,72.0,68.0,27.21,24.84,31.89,0.0,0.0,0.0,45.0,24.83,0.06,0.0,0.0,120.0,24.83,39.08,39.08,1.0,0.0,0.0,24.72,1.17,57.83,66.89,100.0,45.2
2018-01-02 09:54:00,0,2,31.91,72.0,68.0,27.24,24.87,31.91,0.0,0.0,0.0,45.0,24.87,0.06,0.0,0.0,120.0,24.87,39.09,39.09,1.0,0.0,0.0,24.76,1.17,57.25,66.19,100.0,44.78
2018-01-02 09:55:00,0,2,31.94,72.0,68.0,27.27,24.91,31.94,0.0,0.0,0.0,45.0,24.9,0.06,0.0,0.0,120.0,24.9,39.08,39.08,1.0,0.0,0.0,24.79,1.17,56.68,65.5,100.0,44.37
2018-01-02 09:56:00,0,2,31.97,72.0,68.0,27.3,24.94,31.97,0.0,0.0,0.0,45.0,24.94,0.06,0.0,0.0,120.0,24.94,39.09,39.08,1.0,0.0,0.0,24.83,1.17,56.12,64.82,100.0,43.97
2018-01-02 09:57:00,0,2,32.0,72.0,68.0,27.33,24.98,32.0,0.0,0.0,0.0,45.0,24.97,0.06,0.0,0.0,120.0,24.97,39.08,39.08,1.0,0.0,0.0,24.86,1.17,55.58,64.16,100.0,43.57
2018-01-02 09:58:00,0,2,32.02,72.0,68.0,27.37,25.01,32.02,0.0,0.0,0.0,45.0,25.01,0.06,0.0,0.0,120.0,25.01,39.08,39.08,1.0,0.0,0.0,24.9,1.17,55.04,63.52,100.0,43.18
2018-01-02 09:59:00,0,2,32.05,72.0,68.0,27.4,25.04,32.05,0.0,0.0,0.0,45.0,25.04,0.06,0.0,0.0,120.0,25.04,39.09,39.09,1.0,0.0,0.0,24.93,1.17,54.52,62.88,100.0,42.8
2018-01-02 10:00:00,0,2,32.08,72.0,68.0,27.43,25.08,32.08,0.0,0.0,0.0,45.0,25.07,0.06,0.0,0.0,120.0,25.07,39.08,39.08,1.0,0.0,0.0,24.96,1.17,54.01,62.27,100.0,42.43
2018-01-02 10:01:00,0,2,32.1,72.0,68.0,27.46,25.11,32.1,0.0,0.0,0.0,45.0,25.1,0.06,0.0,0.0,120.0,25.1,39.09,39.08,1.0,0.0,0.0,24.99,1.17,53.65,61.88,100.0,42.12
2018-01-02 10:02:00,0,2,32.13,72.0,68.0,27.48,25.13,32.13,0.0,0.0,0.0,45.0,25.13,0.06,0.0,0.0,120.0,25.13,39.08,39.08,1.0,0.0,0.0,25.02,1.17,53.42,61.63,100.0,41.9
2018-01-02 10:03:00,0,2,32.15,72.0,68.0,27.5,25.16,32.15,0.0,0.0,0.0,45.0,25.15,0.06,0.0,0.0,120.0,25.15,39.08,39.08,1.0,0.0,0.0,25.04,1.17,53.22,61.41,100.0,41.75
2018-01-02 10:04:00,0,2,32.17,72.0,68.0,27.52,25.18,32.17,0.0,0.0,0.0,45.0,25.18,0.06,0.0,0.0,120.0,25.18,39.09,39.08,1.0,0.0,0.0,25.06,1.17,53.05,61.2,100.0,41.62
2018-01-02 10:05:00,0,2,32.19,72.0,68.0,27.55,25.2,32.19,0.0,0.0,0.0,45.0,25.2,0.06,0.0,0.0,120.0,25.2,39.08,39.08,1.0,0.0,0.0,25.08,1.17,52.89,61.0,100.0,41.51
2018-01-02 10:06:00,0,2,32.21,72.0,68.0,27.57,25.22,32.21,0.0,0.0,0.0,45.0,25.22,0.06,0.0,0.0,120.0,25.22,39.08,39.08,1.0,0.0,0.0,25.11,1.17,52.75,60.82,100.0,41.41
2018-01-02 10:07:00,0,2,32.23,72.0,68.0,27.59,25.25,32.23,0.0,0.0,0.0,45.0,25.24,0.06,0.0,0.0,120.0,25.24,39.09,39.08,1.0,0.0,0.0,25.13,1.17,52.61,60.65,100.0,41.31
2018-01-02 10:08:00,0,2,32.24,72.0,68.0,27.61,25.27,32.24,0.0,0.0,0.0,45.0,25.27,0.06,0.0,0.0,120.0,25.27,39.08,39.08,1.0,0.0,0.0,25.15,1.17,52.48,60.49,100.0,41.23
2018-01-02 10:09:00,0,2,32.26,72.0,68.0,27.63,25.29,32.26,0.0,0.0,0.0,45.0,25.29,0.06,0.0,0.0,120.0,25.29,39.09,39.09,1.0,0.0,0.0,25.17,1.17,52.36,60.34,100.0,41.15
2018-01-02 10:10:00,0,2,32.28,72.0,68.0,27.65,25.31,32.28,0.0,0.0,0.0,45.0,25.31,0.06,0.0,0.0,120.0,25.31,39.08,39.08,1.0,0.0,0.0,25.19,1.17,52.26,60.2,100.0,41.08
2018-01-02 10:11:00,0,2,32.3,72.0,68.0,27.67,25.33,32.3,0.0,0.0,0.0,45.0,25.33,0.06,0.0,0.0,120.0,25.33,39.09,39.08,1.0,0.0,0.0,25.21,1.17,52.16,60.07,100.0,41.01
2018-01-02 10:12:00,0,2,32.58,72.0,68.0,28.08,25.37,32.58,0.0,0.0,0.0,45.0,25.42,0.0,0.0,0.0,120.0,25.36,1.14,1.14,1.0,0.0,0.0,25.24,1.01,51.1,59.95,100.0,40.53
2018-01-02 10:13:00,0,2,32.61,72.0,68.0,28.0,25.39,32.61,0.0,0.0,0.0,45.0,25.41,0.0,0.0,0.0,120.0,25.39,1.14,1.14,1.0,0.0,0.0,25.26,1.0,51.16,59.84,100.0,40.44
2018-01-02 10:14:00,0,2,32.54,72.0,68.0,27.97,25.4,32.54,0.0,0.0,0.0,45.0,25.41,0.0,0.0,0.0,120.0,25.4,1.14,1.14,1.0,0.0,0.0,25.28,0.99,51.19,59.75,100.0,40.53
2018-01-02 10:15:00,0,2,32.49,72.0,68.0,27.96,25.42,32.49,0.0,0.0,0.0,45.0,25.42,0.0,0.0,0.0,120.0,25.42,1.14,1.14,1.0,0.0,0.0,25.3,0.99,51.18,59.66,100.0,40.6
2018-01-02 10:16:00,0,2,32.47,72.0,68.0,27.97,25.44,32.47,0.0,0.0,0.0,45.0,25.44,0.0,0.0,0.0,120.0,25.43,1.14,1.14,1.0,0.0,0.0,25.32,0.99,51.16,59.58,100.0,40.63
2018-01-02 10:17:00,0,2,32.46,72.0,68.0,27.98,25.46,32.46,0.0,0.0,0.0,45.0,25.45,0.0,0.0,0.0,120.0,25.45,1.14,1.14,1.0,0.0,0.0,25.34,0.99,51.13,59.51,100.0,40.64
2018-01-02 10:18:00,1,1,32.67,72.0,68.0,27.79,25.51,32.67,0.0,0.0,0.0,45.0,25.62,0.0,0.37,0.0,120.0,25.5,5670.72,5670.35,1.0,0.3,9.75,25.36,1.4,51.97,59.45,100.0,40.32
2018-01-02 10:19:00,1,1,32.67,72.0,68.0,27.72,25.53,32.67,0.0,0.0,0.0,45.0,25.56,0.0,0.37,0.0,120.0,25.53,5670.37,5669.98,1.0,0.3,9.75,25.38,1.39,52.06,59.4,100.0,40.3
2018-01-02 10:20:00,0,2,32.81,72.0,68.0,28.11,25.56,32.81,0.0,0.0,0.0,45.0,25.68,0.06,0.0,0.0,120.0,25.55,39.09,39.08,1.0,0.0,0.0,25.4,1.19,51.11,59.35,100.0,40.11
2018-01-02 10:21:00,0,2,32.8,72.0,68.0,28.0,25.58,32.8,0.0,0.0,0.0,45.0,25.63,0.06,0.0,0.0,120.0,25.58,39.09,39.08,1.0,0.0,0.0,25.41,1.18,51.28,59.32,100.0,40.12
2018-01-02 10:22:00,0,2,32.69,72.0,68.0,27.95,25.57,32.69,0.0,0.0,0.0,45.0,25.58,0.06,0.0,0.0,120.0,25.57,39.08,39.08,1.0,0.0,0.0,25.43,1.17,51.4,59.29,100.0,40.33
2018-01-02 10:23:00,0,2,32.61,72.0,68.0,27.93,25.58,32.61,0.0,0.0,0.0,45.0,25.58,0.06,0.0,0.0,120.0,25.58,39.09,39.08,1.0,0.0,0.0,25.45,1.17,51.47,59.27,100.0,40.49
2018-01-02 10:24:00,0,2,32.57,72.0,68.0,27.93,25.59,32.57,0.0,0.0,0.0,45.0,25.59,0.06,0.0,0.0,120.0,25.59,39.09,39.08,1.0,0.0,0.0,25.47,1.17,51.52,59.25,100.0,40.6
2018-01-02 10:25:00,0,2,32.55,72.0,68.0,27.94,25.61,32.55,0.0,0.0,0.0,45.0,25.61,0.06,0.0,0.0,120.0,25.61,39.08,39.08,1.0,0.0,0.0,25.49,1.17,51.56,59.25,100.0,40.67
2018-01-02 10:26:00,0,2,32.55,72.0,68.0,27.95,25.63,32.55,0.0,0.0,0.0,45.0,25.63,0.06,0.0,0.0,120.0,25.62,39.09,39.08,1.0,0.0,0.0,25.51,1.17,51.58,59.25,100.0,40.73
2018-01-02 10:27:00,0,2,32.55,72.0,68.0,27.96,25.64,32.55,0.0,0.0,0.0,45.0,25.64,0.06,0.0,0.0,120.0,25.64,39.09,39.08,1.0,0.0,0.0,25.53,1.17,51.61,59.26,100.0,40.78
2018-01-02 10:28:00,0,2,32.74,72.0,68.0,28.42,25.67,32.74,0.0,0.0,0.0,45.0,25.75,0.0,0.0,0.0,120.0,25.67,0.9,0.9,1.0,0.0,0.0,25.54,1.01,50.65,59.27,100.0,40.54
2018-01-02 10:29:00,0,2,32.87,72.0,68.0,28.3,25.72,32.87,0.0,0.0,0.0,45.0,25.78,0.0,0.0,0.0,120.0,25.72,1.14,1.14,1.0,0.0,0.0,25.56,1.0,50.83,59.29,100.0,40.36
2018-01-02 10:30:00,0,2,32.8,72.0,68.0,28.26,25.71,32.8,0.0,0.0,0.0,45.0,25.73,0.0,0.0,0.0,120.0,25.72,1.14,1.14,1.0,0.0,0.0,25.58,0.99,50.98,59.32,100.0,40.53
2018-01-02 10:31:00,0,2,32.73,72.0,68.0,28.24,25.72,32.73,0.0,0.0,0.0,45.0,25.72,0.0,0.0,0.0,120.0,25.72,1.14,1.14,1.0,0.0,0.0,25.6,0.99,51.09,59.35,100.0,40.7
2018-01-02 10:32:00,0,2,32.7,72.0,68.0,28.24,25.73,32.7,0.0,0.0,0.0,45.0,25.73,0.0,0.0,0.0,120.0,25.73,1.14,1.14,1.0,0.0,0.0,25.61,0.99,51.18,59.39,100.0,40.83
2018-01-02 10:33:00,0,2,32.68,72.0,68.0,28.25,25.75,32.68,0.0,0.0,0.0,45.0,25.75,0.0,0.0,0.0,120.0,25.75,1.14,1.14,1.0,0.0,0.0,25.63,0.99,51.25,59.44,100.0,40.93
2018-01-02 10:34:00,0,2,32.68,72.0,68.0,28.26,25.77,32.68,0.0,0.0,0.0,45.0,25.77,0.0,0.0,0.0,120.0,25.77,1.14,1.14,1.0,0.0,0.0,25.65,0.99,51.32,59.49,100.0,41.01
2018-01-02 10:35:00,0,2,32.68,72.0,68.0,28.27,25.78,32.68,0.0,0.0,0.0,45.0,25.78,0.0,0.0,0.0,120.0,25.78,1.14,1.14,1.0,0.0,0.0,25.67,0.99,51.39,59.54,100.0,41.09
2018-01-02 10:36:00,0,2,32.69,72.0,68.0,28.28,25.8,32.69,0.0,0.0,0.0,45.0,25.8,0.0,0.0,0.0,120.0,25.8,1.14,1.14,1.0,0.0,0.0,25.68,0.99,51.45,59.6,100.0,41.16
2018-01-02 10:37:00,0,2,32.7,72.0,68.0,28.29,25.82,32.7,0.0,0.0,0.0,45.0,25.82,0.0,0.0,0.0,120.0,25.81,1.14,1.14,1.0,0.0,0.0,25.7,0.99,51.52,59.66,100.0,41.23
2018-01-02 10:38:00,0,2,32.7,72.0,68.0,28.31,25.83,32.7,0.0,0.0,0.0,45.0,25.83,0.0,0.0,0.0,120.0,25.83,1.14,1.14,1.0,0.0,0.0,25.72,0.99,51.6,59.73,100.0,41.31
2018-01-02 10:39:00,0,2,32.71,72.0,68.0,28.32,25.85,32.71,0.0,0.0,0.0,45.0,25.85,0.0,0.0,0.0,120.0,25.85,1.14,1.14,1.0,0.0,0.0,25.73,0.99,51.67,59.8,100.0,41.38
2018-01-02 10:40:00,0,2,32.72,72.0,68.0,28.33,25.87,32.72,0.0,0.0,0.0,45.0,25.86,0.0,0.0,0.0,120.0,25.86,1.14,1.14,1.0,0.0,0.0,25.75,0.99,51.75,59.88,100.0,41.46
2018-01-02 10:41:00,0,2,32.73,72.0,68.0,28.35,25.88,32.73,0.0,0.0,0.0,45.0,25.88,0.0,0.0,0.0,120.0,25.88,1.14,1.14,1.0,0.0,0.0,25.76,0.99,51.84,59.96,100.0,41.54
2018-01-02 10:42:00,0,2,32.74,72.0,68.0,28.36,25.9,32.74,0.0,0.0,0.0,45.0,25.9,0.0,0.0,0.0,120.0,25.9,1.14,1.14,1.0,0.0,0.0,25.78,0.99,51.92,60.04,100.0,41.63
2018-01-02 10:43:00,0,2,32.75,72.0,68.0,28.37,25.91,32.75,0.0,0.0,0.0,45.0,25.91,0.0,0.0,0.0,120.0,25.91,1.14,1.14,1.0,0.0,0.0,25.8,0.99,52.01,60.13,100.0,41.71
2018-01-02 10:44:00,0,2,32.75,72.0,68.0,28.39,25.93,32.75,0.0,0.0,0.0,45.0,25.93,0.0,0.0,0.0,120.0,25.93,1.14,1.14,1.0,0.0,0.0,25.81,0.99,52.1,60.22,100.0,41.8
2018-01-02 10:45:00,0,2,32.76,72.0,68.0,28.4,25.94,32.76,0.0,0.0,0.0,45.0,25.94,0.0,0.0,0.0,120.0,25.94,1.14,1.14,1.0,0.0,0.0,25.83,0.99,52.2,60.31,100.0,41.89
2018-01-02 10:46:00,0,2,32.77,72.0,68.0,28.41,25.96,32.77,0.0,0.0,0.0,45.0,25.96,0.0,0.0,0.0,120.0,25.96,1.14,1.14,1.0,0.0,0.0,25.84,0.99,52.29,60.41,100.0,41.98
2018-01-02 10:47:00,0,2,32.78,72.0,68.0,28.42,25.98,32.78,0.0,0.0,0.0,45.0,25.98,0.0,0.0,0.0,120.0,25.97,1.14,1.14,1.0,0.0,0.0,25.86,0.99,52.39,60.51,100.0,42.07
2018-01-02 10:48:00,0,2,32.79,72.0,68.0,28.44,25.99,32.79,0.0,0.0,0.0,45.0,25.99,0.0,0.0,0.0,120.0,25.99,1.14,1.14,1.0,0.0,0.0,25.87,0.99,52.49,60.61,100.0,42.17
2018-01-02 10:49:00,0,2,32.79,72.0,68.0,28.45,26.01,32.79,0.0,0.0,0.0,45.0,26.01,0.0,0.0,0.0,120.0,26.0,1.14,1.14,1.0,0.0,0.0,25.89,0.99,52.59,60.71,100.0,42.27
2018-01-02 10:50:00,0,2,32.8,72.0,68.0,28.46,26.02,32.8,0.0,0.0,0.0,45.0,26.02,0.0,0.0,0.0,120.0,26.02,1.14,1.14,1.0,0.0,0.0,25.9,0.99,52.7,60.82,100.0,42.37
2018-01-02 10:51:00,0,2,32.81,72.0,68.0,28.47,26.04,32.81,0.0,0.0,0.0,45.0,26.04,0.0,0.0,0.0,120.0,26.03,1.14,1.14,1.0,0.0,0.0,25.92,0.99,52.81,60.93,100.0,42.47
2018-01-02 10:52:00,0,2,32.81,72.0,68.0,28.49,26.05,32.81,0.0,0.0,0.0,45.0,26.05,0.0,0.0,0.0,120.0,26.05,1.14,1.14,1.0,0.0,0.0,25.94,0.99,52.91,61.03,100.0,42.57
2018-01-02 10:53:00,0,2,32.82,72.0,68.0,28.5,26.07,32.82,0.0,0.0,0.0,45.0,26.07,0.0,0.0,0.0,120.0,26.06,1.14,1.14,1.0,0.0,0.0,25.95,0.99,53.02,61.14,100.0,42.67
2018-01-02 10:54:00,0,2,32.83,72.0,68.0,28.51,26.08,32.83,0.0,0.0,0.0,45.0,26.08,0.0,0.0,0.0,120.0,26.08,1.14,1.14,1.0,0.0,0.0,25.97,0.99,53.13,61.26,100.0,42.78
2018-01-02 10:55:00,0,2,32.83,72.0,68.0,28.52,26.1,32.83,0.0,0.0,0.0,45.0,26.1,0.0,0.0,0.0,120.0,26.09,1.14,1.14,1.0,0.0,0.0,25.98,0.99,53.25,61.37,100.0,42.88
2018-01-02 10:56:00,0,2,32.84,72.0,68.0,28.53,26.11,32.84,0.0,0.0,0.0,45.0,26.11,0.0,0.0,0.0,120.0,26.11,1.14,1.14,1.0,0.0,0.0,25.99,0.99,53.36,61.48,100.0,42.99
2018-01-02 10:57:00,0,2,32.85,72.0,68.0,28.55,26.13,32.85,0.0,0.0,0.0,45.0,26.13,0.0,0.0,0.0,120.0,26.12,1.14,1.14,1.0,0.0,0.0,26.01,0.99,53.47,61.59,100.0,43.09
2018-01-02 10:58:00,0,2,32.86,72.0,68.0,28.56,26.14,32.86,0.0,0.0,0.0,45.0,26.14,0.0,0.0,0.0,120.0,26.14,1.14,1.14,1.0,0.0,0.0,26.02,0.99,53.58,61.71,100.0,43.19
2018-01-02 10:59:00,0,2,32.86,72.0,68.0,28.57,26.15,32.86,0.0,0.0,0.0,45.0,26.15,0.0,0.0,0.0,120.0,26.15,1.14,1.14,1.0,0.0,0.0,26.04,0.99,53.7,61.82,100.0,43.31
2018-01-02 11:00:00,0,2,32.86,72.0,68.0,28.58,26.17,32.86,0.0,0.0,0.0,45.0,26.17,0.0,0.0,0.0,120.0,26.17,1.14,1.14,1.0,0.0,0.0,26.05,0.99,53.81,61.94,100.0,43.42
2018-01-02 11:01:00,0,2,32.87,72.0,68.0,28.59,26.18,32.87,0.0,0.0,0.0,45.0,26.18,0.0,0.0,0.0,120.0,26.18,1.14,1.14,1.0,0.0,0.0,26.07,0.99,53.89,61.99,100.0,43.52
2018-01-02 11:02:00,0,2,32.87,72.0,68.0,28.6,26.2,32.87,0.0,0.0,0.0,45.0,26.2,0.0,0.0,0.0,120.0,26.19,1.14,1.14,1.0,0.0,0.0,26.08,0.99,53.93,62.0,100.0,43.59
2018-01-02 11:03:00,0,2,32.87,72.0,68.0,28.61,26.21,32.87,0.0,0.0,0.0,45.0,26.21,0.0,0.0,0.0,120.0,26.21,1.14,1.14,1.0,0.0,0.0,26.09,0.99,53.96,62.01,100.0,43.64
2018-01-02 11:04:00,0,2,32.87,72.0,68.0,28.61,26.22,32.87,0.0,0.0,0.0,45.0,26.22,0.0,0.0,0.0,120.0,26.22,1.14,1.14,1.0,0.0,0.0,26.11,0.99,53.99,62.02,100.0,43.68
2018-01-02 11:05:00,0,2,32.87,72.0,68.0,28.62,26.23,32.87,0.0,0.0,0.0,45.0,26.23,0.0,0.0,0.0,120.0,26.23,1.14,1.14,1.0,0.0,0.0,26.12,0.99,54.02,62.03,100.0,43.73
2018-01-02 11:06:00,0,2,32.87,72.0,68.0,28.63,26.25,32.87,0.0,0.0,0.0,45.0,26.25,0.0,0.0,0.0,120.0,26.25,1.14,1.14,1.0,0.0,0.0,26.13,0.99,54.04,62.04,100.0,43.77
2018-01-02 11:07:00,0,2,32.87,72.0,68.0,28.64,26.26,32.87,0.0,0.0,0.0,45.0,26.26,0.0,0.0,0.0,120.0,26.26,1.14,1.14,1.0,0.0,0.0,26.14,0.99,54.07,62.05,100.0,43.82
2018-01-02 11:08:00,0,2,32.87,72.0,68.0,28.65,26.27,32.87,0.0,0.0,0.0,45.0,26.27,0.0,0.0,0.0,120.0,26.27,1.14,1.14,1.0,0.0,0.0,26.16,0.99,54.1,62.06,100.0,43.86
2018-01-02 11:09:00,0,2,32.87,72.0,68.0,28.65,26.28,32.87,0.0,0.0,0.0,45.0,26.28,0.0,0.0,0.0,120.0,26.28,1.14,1.14,1.0,0.0,0.0,26.17,0.99,54.13,62.07,100.0,43.91
2018-01-02 11:10:00,0,2,32.87,72.0,68.0,28.66,26.3,32.87,0.0,0.0,0.0,45.0,26.3,0.0,0.0,0.0,120.0,26.3,1.14,1.14,1.0,0.0,0.0,26.18,0.99,54.15,62.08,100.0,43.95
2018-01-02 11:11:00,0,2,32.87,72.0,68.0,28.67,26.31,32.87,0.0,0.0,0.0,45.0,26.31,0.0,0.0,0.0,120.0,26.31,1.14,1.14,1.0,0.0,0.0,26.2,0.99,54.18,62.09,100.0,44.0
2018-01-02 11:12:00,0,2,32.87,72.0,68.0,28.68,26.32,32.87,0.0,0.0,0.0,45.0,26.32,0.0,0.0,0.0,120.0,26.32,1.14,1.14,1.0,0.0,0.0,26.21,0.99,54.21,62.1,100.0,44.04
2018-01-02 11:13:00,0,2,32.87,72.0,68.0,28.69,26.33,32.87,0.0,0.0,0.0,45.0,26.33,0.0,0.0,0.0,120.0,26.33,1.14,1.14,1.0,0.0,0.0,26.22,0.99,54.24,62.11,100.0,44.09
2018-01-02 11:14:00,0,2,32.87,72.0,68.0,28.69,26.35,32.87,0.0,0.0,0.0,45.0,26.35,0.0,0.0,0.0,120.0,26.35,1.14,1.14,1.0,0.0,0.0,26.23,0.99,54.27,62.11,100.0,44.13
2018-01-02 11:15:00,0,2,32.86,72.0,68.0,28.7,26.36,32.86,0.0,0.0,0.0,45.0,26.36,0.0,0.0,0.0,120.0,26.36,1.14,1.14,1.0,0.0,0.0,26.25,0.99,54.29,62.12,100.0,44.18
2018-01-02 11:16:00,0,2,32.86,72.0,68.0,28.71,26.37,32.86,0.0,0.0,0.0,45.0,26.37,0.0,0.0,0.0,120.0,26.37,1.14,1.14,1.0,0.0,0.0,26.26,0.99,54.32,62.13,100.0,44.23
2018-01-02 11:17:00,0,2,32.86,72.0,68.0,28.72,26.38,32.86,0.0,0.0,0.0,45.0,26.38,0.0,0.0,0.0,120.0,26.38,1.14,1.14,1.0,0.0,0.0,26.27,0.99,54.35,62.14,100.0,44.27
2018-01-02 11:18:00,0,2,32.86,72.0,68.0,28.72,26.4,32.86,0.0,0.0,0.0,45.0,26.4,0.0,0.0,0.0,120.0,26.4,1.14,1.14,1.0,0.0,0.0,26.29,0.99,54.38,62.15,100.0,44.32
2018-01-02 11:19:00,0,2,32.86,72.0,68.0,28.73,26.41,32.86,0.0,0.0,0.0,45.0,26.41,0.0,0.0,0.0,120.0,26.41,1.14,1.14,1.0,0.0,0.0,26.3,0.99,54.4,62.15,100.0,44.37
2018-01-02 11:20:00,0,2,32.85,72.0,68.0,28.74,26.42,32.85,0.0,0.0,0.0,45.0,26.42,0.0,0.0,0.0,120.0,26.42,1.14,1.14,1.0,0.0,0.0,26.31,0.99,54.43,62.16,100.0,44.41
2018-01-02 11:21:00,0,2,32.85,72.0,68.0,28.75,26.44,32.85,0.0,0.0,0.0,45.0,26.44,0.0,0.0,0.0,120.0,26.43,1.14,1.14,1.0,0.0,0.0,26.32,0.99,54.46,62.17,100.0,44.46
2018-01-02 11:22:00,0,2,32.85,72.0,68.0,28.75,26.45,32.85,0.0,0.0,0.0,45.0,26.45,0.0,0.0,0.0,120.0,26.45,1.14,1.14,1.0,0.0,0.0,26.34,0.99,54.48,62.17,100.0,44.51
2018-01-02 11:23:00,0,2,32.85,72.0,68.0,28.76,26.46,32.85,0.0,0.0,0.0,45.0,26.46,0.0,0.0,0.0,120.0,26.46,1.14,1.14,1.0,0.0,0.0,26.35,0.99,54.51,62.18,100.0,44.55
2018-01-02 11:24:00,0,2,32.84,72.0,68.0,28.77,26.47,32.84,0.0,0.0,0.0,45.0,26.47,0.0,0.0,0.0,120.0,26.47,1.14,1.14,1.0,0.0,0.0,26.36,0.99,54.54,62.18,100.0,44.6
2018-01-02 11:25:00,0,2,32.84,72.0,68.0,28.78,26.49,32.84,0.0,0.0,0.0,45.0,26.49,0.0,0.0,0.0,120.0,26.49,1.14,1.14,1.0,0.0,0.0,26.38,0.99,54.56,62.19,100.0,44.65
2018-01-02 11:26:00,0,2,32.84,72.0,68.0,28.78,26.5,32.84,0.0,0.0,0.0,45.0,26.5,0.0,0.0,0.0,120.0,26.5,1.14,1.14,1.0,0.0,0.0,26.39,0.99,54.59,62.19,100.0,44.7
2018-01-02 11:27:00,0,2,32.84,72.0,68.0,28.79,26.51,32.84,0.0,0.0,0.0,45.0,26.51,0.0,0.0,0.0,120.0,26.51,1.14,1.14,1.0,0.0,0.0,26.41,0.99,54.62,62.2,100.0,44.74
2018-01-02 11:28:00,0,2,32.83,72.0,68.0,28.8,26.53,32.83,0.0,0.0,0.0,45.0,26.53,0.0,0.0,0.0,120.0,26.53,1.14,1.14,1.0,0.0,0.0,26.42,0.99,54.64,62.2,100.0,44.79
2018-01-02 11:29:00,0,2,32.83,72.0,68.0,28.81,26.54,32.83,0.0,0.0,0.0,45.0,26.54,0.0,0.0,0.0,120.0,26.54,1.14,1.14,1.0,0.0,0.0,26.43,0.99,54.67,62.2,100.0,44.84
2018-01-02 11:30:00,0,2,32.83,72.0,68.0,28.81,26.56,32.83,0.0,0.0,0.0,45.0,26.56,0.0,0.0,0.0,120.0,26.55,1.14,1.14,1.0,0.0,0.0,26.45,0.99,54.69,62.2,100.0,44.89
2018-01-02 11:31:00,0,2,32.83,72.0,68.0,28.82,26.57,32.83,0.0,0.0,0.0,45.0,26.57,0.0,0.0,0.0,120.0,26.57,1.14,1.14,1.0,0.0,0.0,26.46,0.99,54.72,62.21,100.0,44.93
2018-01-02 11:32:00,0,2,32.82,72.0,68.0,28.83,26.58,32.82,0.0,0.0,0.0,45.0,26.58,0.0,0.0,0.0,120.0,26.58,1.14,1.14,1.0,0.0,0.0,26.48,0.99,54.74,62.21,100.0,44.98
2018-01-02 11:33:00,1,1,32.94,72.0,68.0,28.69,26.62,32.94,0.0,0.0,0.0,45.0,26.7,0.0,0.37,0.0,120.0,26.6,5670.58,5670.19,1.0,0.3,9.75,26.49,1.4,55.48,62.21,100.0,44.82
2018-01-02 11:34:00,1,1,33.01,72.0,68.0,28.6,26.65,33.01,0.0,0.0,0.0,45.0,26.69,0.0,0.37,0.0,120.0,26.65,5670.53,5670.14,1.0,0.3,9.75,26.5,1.39,55.64,62.21,100.0,44.72
2018-01-02 11:35:00,1,1,32.93,72.0,68.0,28.57,26.64,32.93,0.0,0.0,0.0,45.0,26.65,0.0,0.37,0.0,120.0,26.64,5670.26,5669.88,1.0,0.3,9.75,26.52,1.39,55.75,62.21,100.0,44.89
2018-01-02 11:36:00,1,1,32.87,72.0,68.0,28.55,26.65,32.87,0.0,0.0,0.0,45.0,26.65,0.0,0.37,0.0,120.0,26.64,5670.51,5670.11,1.0,0.3,9.75,26.53,1.39,55.82,62.21,100.0,45.06
2018-01-02 11:37:00,1,1,32.83,72.0,68.0,28.55,26.66,32.83,0.0,0.0,0.0,45.0,26.66,0.0,0.37,0.0,120.0,26.66,5671.06,5670.67,1.0,0.3,9.75,26.55,1.39,55.88,62.21,100.0,45.18
2018-01-02 11:38:00,1,1,32.8,72.0,68.0,28.55,26.67,32.8,0.0,0.0,0.0,45.0,26.67,0.0,0.37,0.0,120.0,26.67,5670.19,5669.8,1.0,0.3,9.75,26.56,1.39,55.92,62.21,100.0,45.27
2018-01-02 11:39:00,1,1,32.79,72.0,68.0,28.56,26.69,32.79,0.0,0.0,0.0,45.0,26.68,0.0,0.37,0.0,120.0,26.68,5670.39,5669.98,1.0,0.3,9.75,26.58,1.39,55.95,62.21,100.0,45.34
2018-01-02 11:40:00,1,1,32.78,72.0,68.0,28.56,26.7,32.78,0.0,0.0,0.0,45.0,26.7,0.0,0.37,0.0,120.0,26.7,5670.46,5670.05,1.0,0.3,9.75,26.6,1.39,55.97,62.2,100.0,45.4
2018-01-02 11:41:00,1,1,32.77,72.0,68.0,28.57,26.72,32.77,0.0,0.0,0.0,45.0,26.71,0.0,0.37,0.0,120.0,26.71,5670.51,5670.12,1.0,0.3,9.75,26.61,1.39,55.99,62.2,100.0,45.46
2018-01-02 11:42:00,1,1,32.77,72.0,68.0,28.58,26.73,32.77,0.0,0.0,0.0,45.0,26.73,0.0,0.37,0.0,120.0,26.73,5671.01,5670.63,1.0,0.3,9.75,26.63,1.39,56.01,62.2,100.0,45.51
2018-01-02 11:43:00,1,1,32.76,72.0,68.0,28.59,26.75,32.76,0.0,0.0,0.0,45.0,26.74,0.0,0.37,0.0,120.0,26.74,5670.55,5670.14,1.0,0.3,9.75,26.64,1.39,56.03,62.19,100.0,45.56
2018-01-02 11:44:00,1,1,32.76,72.0,68.0,28.6,26.76,32.76,0.0,0.0,0.0,45.0,26.76,0.0,0.37,0.0,120.0,26.76,5670.25,5669.84,1.0,0.3,9.75,26.66,1.39,56.05,62.19,100.0,45.61
2018-01-02 11:45:00,1,1,32.76,72.0,68.0,28.61,26.78,32.76,0.0,0.0,0.0,45.0,26.78,0.0,0.37,0.0,120.0,26.78,5670.46,5670.07,1.0,0.3,9.75,26.68,1.39,56.06,62.18,100.0,45.65
2018-01-02 11:46:00,1,1,32.75,72.0,68.0,28.62,26.79,32.75,0.0,0.0,0.0,45.0,26.79,0.0,0.37,0.0,120.0,26.79,5670.72,5670.35,1.0,0.3,9.75,26.69,1.39,56.08,62.17,100.0,45.7
2018-01-02 11:47:00,0,2,32.99,72.0,68.0,28.93,26.85,32.99,0.0,0.0,0.0,45.0,26.92,0.06,0.0,0.0,120.0,26.84,39.08,39.08,1.0,0.0,0.0,26.71,1.18,55.28,62.17,100.0,45.31
2018-01-02 11:48:00,0,2,32.93,72.0,68.0,28.88,26.85,32.93,0.0,0.0,0.0,45.0,26.87,0.06,0.0,0.0,120.0,26.85,39.08,39.08,1.0,0.0,0.0,26.73,1.18,55.41,62.16,100.0,45.44
2018-01-02 11:49:00,0,2,33.13,72.0,68.0,29.18,26.89,33.13,0.0,0.0,0.0,45.0,26.99,0.0,0.0,0.0,120.0,26.89,1.14,1.14,1.0,0.0,0.0,26.74,1.0,54.68,62.15,100.0,45.14
2018-01-02 11:50:00,0,2,33.05,72.0,68.0,29.1,26.89,33.05,0.0,0.0,0.0,45.0,26.92,0.0,0.0,0.0,120.0,26.89,1.14,1.14,1.0,0.0,0.0,26.76,1.0,54.86,62.14,100.0,45.31
2018-01-02 11:51:00,0,2,32.94,72.0,68.0,29.06,26.89,32.94,0.0,0.0,0.0,45.0,26.89,0.0,0.0,0.0,120.0,26.89,1.14,1.14,1.0,0.0,0.0,26.78,0.99,54.98,62.13,100.0,45.54
2018-01-02 11:52:00,0,2,32.88,72.0,68.0,29.05,26.9,32.88,0.0,0.0,0.0,45.0,26.9,0.0,0.0,0.0,120.0,26.9,1.14,1.14,1.0,0.0,0.0,26.8,0.99,55.06,62.12,100.0,45.71
2018-01-02 11:53:00,0,2,32.84,72.0,68.0,29.05,26.92,32.84,0.0,0.0,0.0,45.0,26.91,0.0,0.0,0.0,120.0,26.91,1.14,1.14,1.0,0.0,0.0,26.82,0.99,55.12,62.1,100.0,45.83
2018-01-02 11:54:00,0,2,32.82,72.0,68.0,29.05,26.93,32.82,0.0,0.0,0.0,45.0,26.93,0.0,0.0,0.0,120.0,26.93,1.14,1.14,1.0,0.0,0.0,26.83,0.99,55.15,62.09,100.0,45.92
2018-01-02 11:55:00,0,2,32.8,72.0,68.0,29.06,26.95,32.8,0.0,0.0,0.0,45.0,26.95,0.0,0.0,0.0,120.0,26.95,1.14,1.14,1.0,0.0,0.0,26.85,0.99,55.18,62.08,100.0,45.99
2018-01-02 11:56:00,0,2,32.79,72.0,68.0,29.07,26.97,32.79,0.0,0.0,0.0,45.0,26.97,0.0,0.0,0.0,120.0,26.97,1.14,1.14,1.0,0.0,0.0,26.87,0.99,55.2,62.06,100.0,46.05
2018-01-02 11:57:00,1,1,32.96,72.0,68.0,28.91,27.02,32.96,0.0,0.0,0.0,45.0,27.1,0.0,0.37,0.0,120.0,27.01,5670.37,5669.96,1.0,0.3,9.75,26.89,1.4,55.9,62.05,100.0,45.8
2018-01-02 11:58:00,1,1,32.95,72.0,68.0,28.85,27.03,32.95,0.0,0.0,0.0,45.0,27.06,0.0,0.37,0.0,120.0,27.03,5671.09,5670.71,1.0,0.3,9.75,26.91,1.39,56.03,62.03,100.0,45.84
2018-01-02 11:59:00,1,1,32.87,72.0,68.0,28.83,27.04,32.87,0.0,0.0,0.0,45.0,27.04,0.0,0.37,0.0,120.0,27.04,5670.97,5670.58,1.0,0.3,9.75,26.93,1.39,56.12,62.02,100.0,46.01
2018-01-02 12:00:00,1,1,32.82,72.0,68.0,28.82,27.05,32.82,0.0,0.0,0.0,45.0,27.05,0.0,0.37,0.0,120.0,27.05,5670.93,5670.55,1.0,0.3,9.75,26.95,1.39,56.17,62.0,100.0,46.15
2018-01-02 12:01:00,1,1,32.79,72.0,68.0,28.83,27.07,32.79,0.0,0.0,0.0,45.0,27.07,0.0,0.37,0.0,120.0,27.07,5670.72,5670.35,1.0,0.3,9.75,26.98,1.39,56.2,61.97,100.0,46.25
2018-01-02 12:02:00,1,1,32.78,72.0,68.0,28.85,27.1,32.78,0.0,0.0,0.0,45.0,27.09,0.0,0.37,0.0,120.0,27.09,5671.06,5670.69,1.0,0.3,9.75,27.01,1.39,56.21,61.93,100.0,46.33
2018-01-02 12:03:00,1,1,32.77,72.0,68.0,28.86,27.13,32.77,0.0,0.0,0.0,45.0,27.12,0.0,0.37,0.0,120.0,27.12,5670.26,5669.86,1.0,0.3,9.75,27.04,1.39,56.21,61.89,100.0,46.39
2018-01-02 12:04:00,1,1,32.77,72.0,68.0,28.88,27.16,32.77,0.0,0.0,0.0,45.0,27.15,0.0,0.37,0.0,120.0,27.15,5670.72,5670.35,1.0,0.3,9.75,27.07,1.39,56.2,61.85,100.0,46.44
2018-01-02 12:05:00,1,1,32.78,72.0,68.0,28.91,27.19,32.78,0.0,0.0,0.0,45.0,27.18,0.0,0.37,0.0,120.0,27.18,5670.25,5669.84,1.0,0.3,9.75,27.1,1.39,56.2,61.8,100.0,46.48
2018-01-02 12:06:00,1,1,32.78,72.0,68.0,28.93,27.22,32.78,0.0,0.0,0.0,45.0,27.21,0.0,0.37,0.0,120.0,27.21,5670.42,5670.02,1.0,0.3,9.75,27.13,1.39,56.19,61.76,100.0,46.52
2018-01-02 12:07:00,1,1,32.79,72.0,68.0,28.95,27.25,32.79,0.0,0.0,0.0,45.0,27.24,0.0,0.37,0.0,120.0,27.24,5670.72,5670.35,1.0,0.3,9.75,27.16,1.39,56.17,61.72,100.0,46.55
2018-01-02 12:08:00,1,1,32.8,72.0,68.0,28.98,27.28,32.8,0.0,0.0,0.0,45.0,27.27,0.0,0.37,0.0,120.0,27.27,5671.02,5670.65,1.0,0.3,9.75,27.19,1.39,56.16,61.67,100.0,46.58
2018-01-02 12:09:00,1,1,32.8,72.0,68.0,29.0,27.31,32.8,0.0,0.0,0.0,45.0,27.3,0.0,0.37,0.0,120.0,27.3,5670.26,5669.88,1.0,0.3,9.75,27.22,1.39,56.15,61.63,100.0,46.61
2018-01-02 12:10:00,1,1,32.81,72.0,68.0,29.03,27.34,32.81,0.0,0.0,0.0,45.0,27.34,0.0,0.37,0.0,120.0,27.34,5670.72,5670.35,1.0,0.3,9.75,27.25,1.39,56.13,61.58,100.0,46.64
2018-01-02 12:11:00,1,1,32.82,72.0,68.0,29.05,27.37,32.82,0.0,0.0,0.0,45.0,27.37,0.0,0.37,0.0,120.0,27.37,5670.41,5670.0,1.0,0.3,9.75,27.29,1.39,56.12,61.54,100.0,46.67
2018-01-02 12:12:00,1,1,32.83,72.0,68.0,29.07,27.4,32.83,0.0,0.0,0.0,45.0,27.4,0.0,0.37,0.0,120.0,27.4,5670.58,5670.19,1.0,0.3,9.75,27.32,1.39,56.1,61.49,100.0,46.7
2018-01-02 12:13:00,1,1,32.84,72.0,68.0,29.1,27.44,32.84,0.0,0.0,0.0,45.0,27.43,0.0,0.37,0.0,120.0,27.43,5670.72,5670.35,1.0,0.3,9.75,27.35,1.39,56.09,61.44,100.0,46.73
2018-01-02 12:14:00,1,1,32.85,72.0,68.0,29.13,27.47,32.85,0.0,0.0,0.0,45.0,27.46,0.0,0.37,0.0,120.0,27.46,5671.08,5670.71,1.0,0.3,9.75,27.38,1.39,56.07,61.4,100.0,46.76
2018-01-02 12:15:00,1,1,32.86,72.0,68.0,29.15,27.5,32.86,0.0,0.0,0.0,45.0,27.49,0.0,0.37,0.0,120.0,27.49,5670.33,5669.95,1.0,0.3,9.75,27.42,1.39,56.05,61.35,100.0,46.78
2018-01-02 12:16:00,1,1,32.87,72.0,68.0,29.18,27.53,32.87,0.0,0.0,0.0,45.0,27.53,0.0,0.37,0.0,120.0,27.53,5670.19,5669.79,1.0,0.3,9.75,27.45,1.39,56.04,61.3,100.0,46.81
2018-01-02 12:17:00,1,1,32.88,72.0,68.0,29.2,27.56,32.88,0.0,0.0,0.0,45.0,27.56,0.0,0.37,0.0,120.0,27.56,5670.72,5670.35,1.0,0.3,9.75,27.48,1.39,56.02,61.25,100.0,46.83
2018-01-02 12:18:00,1,1,32.89,72.0,68.0,29.23,27.6,32.89,0.0,0.0,0.0,45.0,27.59,0.0,0.37,0.0,120.0,27.59,5670.92,5670.53,1.0,0.3,9.75,27.52,1.39,56.0,61.2,100.0,46.86
2018-01-02 12:19:00,1,1,32.9,72.0,68.0,29.26,27.63,32.9,0.0,0.0,0.0,45.0,27.63,0.0,0.37,0.0,120.0,27.63,5670.42,5670.02,1.0,0.3,9.75,27.55,1.39,55.98,61.15,100.0,46.88
2018-01-02 12:20:00,1,1,32.92,72.0,68.0,29.28,27.66,32.92,0.0,0.0,0.0,45.0,27.66,0.0,0.37,0.0,120.0,27.66,5670.26,5669.86,1.0,0.3,9.75,27.58,1.39,55.96,61.1,100.0,46.91
2018-01-02 12:21:00,1,1,32.93,72.0,68.0,29.31,27.7,32.93,0.0,0.0,0.0,45.0,27.69,0.0,0.37,0.0,120.0,27.69,5670.46,5670.05,1.0,0.3,9.75,27.62,1.39,55.94,61.05,100.0,46.93
2018-01-02 12:22:00,1,1,32.94,72.0,68.0,29.34,27.73,32.94,0.0,0.0,0.0,45.0,27.72,0.0,0.37,0.0,120.0,27.73,5670.6,5670.19,1.0,0.3,9.75,27.65,1.39,55.92,61.0,100.0,46.95
2018-01-02 12:23:00,1,1,32.95,72.0,68.0,29.36,27.76,32.95,0.0,0.0,0.0,45.0,27.76,0.0,0.37,0.0,120.0,27.76,5670.53,5670.12,1.0,0.3,9.75,27.68,1.39,55.9,60.95,100.0,46.97
2018-01-02 12:24:00,1,1,32.96,72.0,68.0,29.39,27.8,32.96,0.0,0.0,0.0,45.0,27.79,0.0,0.37,0.0,120.0,27.79,5670.35,5669.95,1.0,0.3,9.75,27.72,1.39,55.88,60.9,100.0,47.0
2018-01-02 12:25:00,1,1,32.98,72.0,68.0,29.42,27.83,32.98,0.0,0.0,0.0,45.0,27.83,0.0,0.37,0.0,120.0,27.83,5671.08,5670.69,1.0,0.3,9.75,27.75,1.39,55.85,60.85,100.0,47.02
2018-01-02 12:26:00,1,1,33.0,72.0,68.0,29.45,27.86,33.0,0.0,0.0,0.0,45.0,27.86,0.0,0.37,0.0,120.0,27.86,5670.51,5670.11,1.0,0.3,9.75,27.79,1.39,55.82,60.8,100.0,47.02
2018-01-02 12:27:00,1,1,33.01,72.0,68.0,29.47,27.9,33.01,0.0,0.0,0.0,45.0,27.89,0.0,0.37,0.0,120.0,27.89,5671.04,5670.67,1.0,0.3,9.75,27.82,1.39,55.8,60.75,100.0,47.04
2018-01-02 12:28:00,1,1,33.02,72.0,68.0,29.5,27.93,33.02,0.0,0.0,0.0,45.0,27.93,0.0,0.37,0.0,120.0,27.93,5670.58,5670.18,1.0,0.3,9.75,27.85,1.39,55.78,60.7,100.0,47.07
2018-01-02 12:29:00,1,1,33.03,72.0,68.0,29.53,27.97,33.03,0.0,0.0,0.0,45.0,27.96,0.0,0.37,0.0,120.0,27.96,5670.41,5670.02,1.0,0.3,9.75,27.89,1.39,55.76,60.64,100.0,47.09
2018-01-02 12:30:00,1,1,33.04,72.0,68.0,29.55,28.0,33.04,0.0,0.0,0.0,45.0,27.99,0.0,0.37,0.0,120.0,28.0,5670.72,5670.35,1.0,0.3,9.75,27.92,1.39,55.74,60.59,100.0,47.12
2018-01-02 12:31:00,1,1,33.05,72.0,68.0,29.58,28.03,33.05,0.0,0.0,0.0,45.0,28.03,0.0,0.37,0.0,120.0,28.03,5670.3,5669.89,1.0,0.3,9.75,27.96,1.39,55.71,60.54,100.0,47.13
2018-01-02 12:32:00,1,1,33.07,72.0,68.0,29.61,28.07,33.07,0.0,0.0,0.0,45.0,28.06,0.0,0.37,0.0,120.0,28.06,5670.72,5670.35,1.0,0.3,9.75,27.99,1.39,55.69,60.49,100.0,47.15
2018-01-02 12:33:00,1,1,33.08,72.0,68.0,29.64,28.1,33.08,0.0,0.0,0.0,45.0,28.1,0.0,0.36,0.0,120.0,28.1,5670.18,5669.77,1.0,0.3,9.75,28.03,1.39,55.67,60.43,100.0,47.17
2018-01-02 12:34:00,1,1,33.1,72.0,68.0,29.67,28.14,33.1,0.0,0.0,0.0,45.0,28.13,0.0,0.36,0.0,120.0,28.13,5670.46,5670.05,1.0,0.3,9.75,28.06,1.39,55.64,60.38,100.0,47.19
2018-01-02 12:35:00,1,1,33.11,72.0,68.0,29.69,28.17,33.11,0.0,0.0,0.0,45.0,28.16,0.0,0.36,0.0,120.0,28.17,5670.26,5669.86,1.0,0.3,9.75,28.09,1.39,55.62,60.33,100.0,47.2
2018-01-02 12:36:00,1,1,33.12,72.0,68.0,29.72,28.2,33.12,0.0,0.0,0.0,45.0,28.2,0.0,0.36,0.0,120.0,28.2,5670.49,5670.11,1.0,0.3,9.75,28.13,1.39,55.59,60.28,100.0,47.22
2018-01-02 12:37:00,1,1,33.14,72.0,68.0,29.75,28.24,33.14,0.0,0.0,0.0,45.0,28.23,0.0,0.36,0.0,120.0,28.23,5670.72,5670.35,1.0,0.3,9.75,28.16,1.39,55.56,60.22,100.0,47.23
2018-01-02 12:38:00,1,1,33.15,72.0,68.0,29.78,28.27,33.15,0.0,0.0,0.0,45.0,28.27,0.0,0.36,0.0,120.0,28.27,5670.93,5670.55,1.0,0.3,9.75,28.2,1.39,55.54,60.17,100.0,47.25
2018-01-02 12:39:00,1,1,33.17,72.0,68.0,29.81,28.31,33.17,0.0,0.0,0.0,45.0,28.3,0.0,0.36,0.0,120.0,28.3,5670.56,5670.16,1.0,0.3,9.75,28.23,1.39,55.51,60.12,100.0,47.26
2018-01-02 12:40:00,1,1,33.18,72.0,68.0,29.83,28.34,33.18,0.0,0.0,0.0,45.0,28.33,0.0,0.36,0.0,120.0,28.34,5670.51,5670.12,1.0,0.3,9.75,28.27,1.39,55.49,60.07,100.0,47.27
2018-01-02 12:41:00,1,1,33.2,72.0,68.0,29.86,28.37,33.2,0.0,0.0,0.0,45.0,28.37,0.0,0.36,0.0,120.0,28.37,5670.71,5670.33,1.0,0.3,9.75,28.3,1.39,55.46,60.01,100.0,47.29
2018-01-02 12:42:00,1,1,33.21,72.0,68.0,29.89,28.41,33.21,0.0,0.0,0.0,45.0,28.4,0.0,0.36,0.0,120.0,28.4,5670.62,5670.23,1.0,0.3,9.75,28.33,1.39,55.43,59.96,100.0,47.3
2018-01-02 12:43:00,1,1,33.23,72.0,68.0,29.92,28.44,33.23,0.0,0.0,0.0,45.0,28.44,0.0,0.36,0.0,120.0,28.44,5670.48,5670.09,1.0,0.3,9.75,28.37,1.39,55.4,59.91,100.0,47.31
2018-01-02 12:44:00,1,1,33.24,72.0,68.0,29.95,28.47,33.24,0.0,0.0,0.0,45.0,28.47,0.0,0.36,0.0,120.0,28.47,5671.08,5670.71,1.0,0.3,9.75,28.4,1.39,55.38,59.85,100.0,47.32
2018-01-02 12:45:00,1,1,33.26,72.0,68.0,29.97,28.51,33.26,0.0,0.0,0.0,45.0,28.5,0.0,0.36,0.0,120.0,28.5,5671.08,5670.71,1.0,0.3,9.75,28.44,1.39,55.35,59.8,100.0,47.33
2018-01-02 12:46:00,1,1,33.28,72.0,68.0,30.0,28.54,33.28,0.0,0.0,0.0,45.0,28.54,0.0,0.36,0.0,120.0,28.54,5670.49,5670.09,1.0,0.3,9.75,28.47,1.39,55.32,59.75,100.0,47.34
2018-01-02 12:47:00,1,1,33.29,72.0,68.0,30.03,28.58,33.29,0.0,0.0,0.0,45.0,28.57,0.0,0.36,0.0,120.0,28.57,5670.35,5669.96,1.0,0.3,9.75,28.5,1.39,55.29,59.7,100.0,47.35
2018-01-02 12:48:00,1,1,33.31,72.0,68.0,30.06,28.61,33.31,0.0,0.0,0.0,45.0,28.6,0.0,0.36,0.0,120.0,28.6,5670.37,5669.96,1.0,0.3,9.75,28.54,1.39,55.27,59.65,100.0,47.36
2018-01-02 12:49:00,1,1,33.32,72.0,68.0,30.09,28.64,33.32,0.0,0.0,0.0,45.0,28.64,0.0,0.36,0.0,120.0,28.64,5670.72,5670.35,1.0,0.3,9.75,28.57,1.39,55.24,59.59,100.0,47.37
2018-01-02 12:50:00,1,1,33.34,72.0,68.0,30.11,28.67,33.34,0.0,0.0,0.0,45.0,28.67,0.0,0.36,0.0,120.0,28.67,5670.72,5670.35,1.0,0.3,9.75,28.6,1.39,55.21,59.54,100.0,47.38
2018-01-02 12:51:00,1,1,33.36,72.0,68.0,30.14,28.71,33.36,0.0,0.0,0.0,45.0,28.7,0.0,0.36,0.0,120.0,28.7,5671.06,5670.69,1.0,0.3,9.75,28.64,1.39,55.18,59.49,100.0,47.39
2018-01-02 12:52:00,1,1,33.37,72.0,68.0,30.17,28.74,33.37,0.0,0.0,0.0,45.0,28.73,0.0,0.36,0.0,120.0,28.74,5670.53,5670.14,1.0,0.3,9.75,28.67,1.39,55.15,59.44,100.0,47.4
2018-01-02 12:53:00,1,1,33.39,72.0,68.0,30.2,28.77,33.39,0.0,0.0,0.0,45.0,28.77,0.0,0.36,0.0,120.0,28.77,5671.09,5670.72,1.0,0.3,9.75,28.7,1.39,55.13,59.39,100.0,47.4
2018-01-02 12:54:00,1,1,33.4,72.0,68.0,30.22,28.8,33.4,0.0,0.0,0.0,45.0,28.8,0.0,0.36,0.0,120.0,28.8,5670.56,5670.16,1.0,0.3,9.75,28.73,1.39,55.1,59.34,100.0,47.41
2018-01-02 12:55:00,1,1,33.42,72.0,68.0,30.25,28.84,33.42,0.0,0.0,0.0,45.0,28.83,0.0,0.36,0.0,120.0,28.83,5670.19,5669.79,1.0,0.3,9.75,28.77,1.39,55.07,59.29,100.0,47.42
2018-01-02 12:56:00,1,1,33.44,72.0,68.0,30.28,28.87,33.44,0.0,0.0,0.0,45.0,28.86,0.0,0.36,0.0,120.0,28.86,5670.37,5669.96,1.0,0.3,9.75,28.8,1.39,55.04,59.23,100.0,47.42
2018-01-02 12:57:00,1,1,33.45,72.0,68.0,30.3,28.9,33.45,0.0,0.0,0.0,45.0,28.9,0.0,0.36,0.0,120.0,28.9,5670.53,5670.14,1.0,0.3,9.75,28.83,1.39,55.01,59.18,100.0,47.43
2018-01-02 12:58:00,1,1,33.47,72.0,68.0,30.33,28.93,33.47,0.0,0.0,0.0,45.0,28.93,0.0,0.36,0.0,120.0,28.93,5670.28,5669.88,1.0,0.3,9.75,28.86,1.39,54.98,59.13,100.0,47.43
2018-01-02 12:59:00,1,1,33.49,72.0,68.0,30.36,28.96,33.49,0.0,0.0,0.0,45.0,28.96,0.0,0.36,0.0,120.0,28.96,5670.55,5670.16,1.0,0.3,9.75,28.89,1.39,54.95,59.08,100.0,47.44
2018-01-02 13:00:00,1,1,33.51,72.0,68.0,30.38,28.99,33.51,0.0,0.0,0.0,45.0,28.99,0.0,0.36,0.0,120.0,28.99,5670.35,5669.96,1.0,0.3,9.75,28.93,1.39,54.92,59.04,100.0,47.44
2018-01-02 13:01:00,1,1,33.52,72.0,68.0,30.41,29.02,33.52,0.0,0.0,0.0,45.0,29.02,0.0,0.36,0.0,120.0,29.02,5671.08,5670.71,1.0,0.3,9.75,28.95,1.39,54.9,58.99,100.0,47.44
2018-01-02 13:02:00,0,2,33.71,72.0,68.0,30.67,29.07,33.71,0.0,0.0,0.0,45.0,29.14,0.06,0.0,0.0,120.0,29.06,39.09,39.09,1.0,0.0,0.0,28.98,1.18,54.28,58.96,100.0,47.12
2018-01-02 13:03:00,0,2,33.71,72.0,68.0,30.64,29.09,33.71,0.0,0.0,0.0,45.0,29.11,0.06,0.0,0.0,120.0,29.09,39.09,39.08,1.0,0.0,0.0,29.0,1.18,54.36,58.92,100.0,47.14
2018-01-02 13:04:00,0,2,33.67,72.0,68.0,30.63,29.1,33.67,0.0,0.0,0.0,45.0,29.1,0.06,0.0,0.0,120.0,29.1,39.09,39.09,1.0,0.0,0.0,29.02,1.17,54.4,58.89,100.0,47.25
2018-01-02 13:05:00,0,2,33.65,72.0,68.0,30.64,29.12,33.65,0.0,0.0,0.0,45.0,29.12,0.06,0.0,0.0,120.0,29.12,39.08,39.08,1.0,0.0,0.0,29.04,1.17,54.41,58.86,100.0,47.33
2018-01-02 13:06:00,0,2,33.64,72.0,68.0,30.65,29.14,33.64,0.0,0.0,0.0,45.0,29.14,0.06,0.0,0.0,120.0,29.14,39.09,39.08,1.0,0.0,0.0,29.07,1.17,54.41,58.82,100.0,47.37
2018-01-02 13:07:00,0,2,33.65,72.0,68.0,30.67,29.16,33.65,0.0,0.0,0.0,45.0,29.16,0.06,0.0,0.0,120.0,29.16,39.09,39.08,1.0,0.0,0.0,29.09,1.17,54.4,58.79,100.0,47.4
2018-01-02 13:08:00,0,2,33.65,72.0,68.0,30.69,29.18,33.65,0.0,0.0,0.0,45.0,29.18,0.06,0.0,0.0,120.0,29.18,39.09,39.09,1.0,0.0,0.0,29.11,1.17,54.39,58.75,100.0,47.41
2018-01-02 13:09:00,0,2,33.67,72.0,68.0,30.7,29.2,33.67,0.0,0.0,0.0,45.0,29.2,0.06,0.0,0.0,120.0,29.2,39.09,39.09,1.0,0.0,0.0,29.13,1.17,54.37,58.72,100.0,47.42
2018-01-02 13:10:00,0,2,33.68,72.0,68.0,30.72,29.23,33.68,0.0,0.0,0.0,45.0,29.22,0.06,0.0,0.0,120.0,29.22,39.09,39.08,1.0,0.0,0.0,29.15,1.17,54.36,58.69,100.0,47.42
2018-01-02 13:11:00,0,2,33.7,72.0,68.0,30.74,29.25,33.7,0.0,0.0,0.0,45.0,29.24,0.06,0.0,0.0,120.0,29.24,39.08,39.08,1.0,0.0,0.0,29.17,1.17,54.34,58.65,100.0,47.43
2018-01-02 13:12:00,0,2,33.71,72.0,68.0,30.76,29.27,33.71,0.0,0.0,0.0,45.0,29.26,0.06,0.0,0.0,120.0,29.26,39.08,39.08,1.0,0.0,0.0,29.2,1.17,54.32,58.62,100.0,47.42
2018-01-02 13:13:00,0,2,33.73,72.0,68.0,30.78,29.29,33.73,0.0,0.0,0.0,45.0,29.29,0.06,0.0,0.0,120.0,29.29,39.08,39.08,1.0,0.0,0.0,29.22,1.17,54.3,58.59,100.0,47.42
2018-01-02 13:14:00,0,2,33.75,72.0,68.0,30.8,29.31,33.75,0.0,0.0,0.0,45.0,29.31,0.06,0.0,0.0,120.0,29.31,39.08,39.08,1.0,0.0,0.0,29.24,1.17,54.28,58.55,100.0,47.42
2018-01-02 13:15:00,0,2,33.88,72.0,68.0,31.1,29.34,33.88,0.0,0.0,0.0,45.0,29.38,0.0,0.0,0.0,120.0,29.33,0.9,0.9,1.0,0.0,0.0,29.26,1.01,53.61,58.52,100.0,47.21
2018-01-02 13:16:00,0,2,33.98,72.0,68.0,31.04,29.37,33.98,0.0,0.0,0.0,45.0,29.41,0.0,0.0,0.0,120.0,29.37,1.14,1.14,1.0,0.0,0.0,29.28,1.0,53.73,58.49,100.0,47.04
2018-01-02 13:17:00,1,1,33.93,72.0,68.0,30.95,29.39,33.93,0.0,0.0,0.0,45.0,29.4,0.0,0.36,0.0,120.0,29.38,370.12,370.07,1.0,0.3,9.75,29.3,1.41,54.13,58.46,100.0,47.16
2018-01-02 13:18:00,1,1,34.06,72.0,68.0,30.85,29.42,34.06,0.0,0.0,0.0,45.0,29.48,0.0,0.35,0.0,120.0,29.42,5670.46,5670.05,1.0,0.3,9.75,29.32,1.39,54.3,58.42,100.0,46.94
2018-01-02 13:19:00,1,1,34.0,72.0,68.0,30.83,29.42,34.0,0.0,0.0,0.0,45.0,29.44,0.0,0.36,0.0,120.0,29.42,5670.72,5670.35,1.0,0.3,9.75,29.34,1.39,54.38,58.39,100.0,47.08
2018-01-02 13:20:00,1,1,33.95,72.0,68.0,30.82,29.43,33.95,0.0,0.0,0.0,45.0,29.43,0.0,0.36,0.0,120.0,29.43,5670.42,5670.03,1.0,0.3,9.75,29.36,1.39,54.41,58.36,100.0,47.2
2018-01-02 13:21:00,1,1,33.92,72.0,68.0,30.82,29.45,33.92,0.0,0.0,0.0,45.0,29.45,0.0,0.36,0.0,120.0,29.45,5670.72,5670.35,1.0,0.3,9.75,29.37,1.39,54.42,58.33,100.0,47.27
2018-01-02 13:22:00,1,1,33.92,72.0,68.0,30.84,29.47,33.92,0.0,0.0,0.0,45.0,29.47,0.0,0.36,0.0,120.0,29.46,5670.72,5670.35,1.0,0.3,9.75,29.39,1.39,54.42,58.29,100.0,47.31
2018-01-02 13:23:00,1,1,33.92,72.0,68.0,30.85,29.49,33.92,0.0,0.0,0.0,45.0,29.48,0.0,0.36,0.0,120.0,29.48,5670.19,5669.79,1.0,0.3,9.75,29.41,1.39,54.4,58.26,100.0,47.33
2018-01-02 13:24:00,1,1,33.93,72.0,68.0,30.86,29.5,33.93,0.0,0.0,0.0,45.0,29.5,0.0,0.36,0.0,120.0,29.5,5670.49,5670.09,1.0,0.3,9.75,29.43,1.39,54.39,58.23,100.0,47.34
2018-01-02 13:25:00,1,1,33.94,72.0,68.0,30.88,29.52,33.94,0.0,0.0,0.0,45.0,29.52,0.0,0.36,0.0,120.0,29.52,5670.71,5670.33,1.0,0.3,9.75,29.45,1.39,54.37,58.2,100.0,47.34
2018-01-02 13:26:00,0,2,34.13,72.0,68.0,31.12,29.57,34.13,0.0,0.0,0.0,45.0,29.62,0.06,0.0,0.0,120.0,29.56,39.08,39.08,1.0,0.0,0.0,29.47,1.18,53.81,58.16,100.0,47.02
2018-01-02 13:27:00,0,2,34.11,72.0,68.0,31.09,29.57,34.11,0.0,0.0,0.0,45.0,29.59,0.06,0.0,0.0,120.0,29.57,39.09,39.09,1.0,0.0,0.0,29.49,1.18,53.87,58.13,100.0,47.08
2018-01-02 13:28:00,0,2,34.07,72.0,68.0,31.09,29.58,34.07,0.0,0.0,0.0,45.0,29.58,0.06,0.0,0.0,120.0,29.58,39.08,39.08,1.0,0.0,0.0,29.5,1.17,53.9,58.1,100.0,47.16
2018-01-02 13:29:00,0,2,34.05,72.0,68.0,31.09,29.6,34.05,0.0,0.0,0.0,45.0,29.6,0.06,0.0,0.0,120.0,29.59,39.09,39.08,1.0,0.0,0.0,29.52,1.17,53.9,58.07,100.0,47.22
2018-01-02 13:30:00,0,2,34.05,72.0,68.0,31.1,29.61,34.05,0.0,0.0,0.0,45.0,29.61,0.06,0.0,0.0,120.0,29.61,39.09,39.09,1.0,0.0,0.0,29.54,1.17,53.9,58.04,100.0,47.25
2018-01-02 13:31:00,0,2,34.06,72.0,68.0,31.12,29.63,34.06,0.0,0.0,0.0,45.0,29.63,0.06,0.0,0.0,120.0,29.63,39.08,39.08,1.0,0.0,0.0,29.56,1.17,53.88,58.0,100.0,47.26
2018-01-02 13:32:00,0,2,34.07,72.0,68.0,31.13,29.65,34.07,0.0,0.0,0.0,45.0,29.65,0.06,0.0,0.0,120.0,29.65,39.08,39.08,1.0,0.0,0.0,29.57,1.17,53.87,57.97,100.0,47.26
2018-01-02 13:33:00,0,2,34.08,72.0,68.0,31.15,29.66,34.08,0.0,0.0,0.0,45.0,29.66,0.06,0.0,0.0,120.0,29.66,39.08,39.08,1.0,0.0,0.0,29.59,1.17,53.84,57.94,100.0,47.26
2018-01-02 13:34:00,0,2,34.1,72.0,68.0,31.16,29.68,34.1,0.0,0.0,0.0,45.0,29.68,0.06,0.0,0.0,120.0,29.68,39.08,39.08,1.0,0.0,0.0,29.61,1.17,53.82,57.9,100.0,47.25
2018-01-02 13:35:00,0,2,34.11,72.0,68.0,31.18,29.7,34.11,0.0,0.0,0.0,45.0,29.7,0.06,0.0,0.0,120.0,29.7,39.08,39.08,1.0,0.0,0.0,29.63,1.17,53.8,57.87,100.0,47.25
2018-01-02 13:36:00,0,2,34.13,72.0,68.0,31.2,29.72,34.13,0.0,0.0,0.0,45.0,29.71,0.06,0.0,0.0,120.0,29.71,39.08,39.08,1.0,0.0,0.0,29.64,1.17,53.78,57.84,100.0,47.23
2018-01-02 13:37:00,0,2,34.14,72.0,68.0,31.21,29.73,34.14,0.0,0.0,0.0,45.0,29.73,0.06,0.0,0.0,120.0,29.73,39.08,39.08,1.0,0.0,0.0,29.66,1.17,53.75,57.81,100.0,47.22
2018-01-02 13:38:00,0,2,34.16,72.0,68.0,31.23,29.75,34.16,0.0,0.0,0.0,45.0,29.75,0.06,0.0,0.0,120.0,29.75,39.08,39.08,1.0,0.0,0.0,29.68,1.17,53.73,57.77,100.0,47.21
2018-01-02 13:39:00,0,2,34.18,72.0,68.0,31.25,29.77,34.18,0.0,0.0,0.0,45.0,29.76,0.06,0.0,0.0,120.0,29.76,39.08,39.08,1.0,0.0,0.0,29.69,1.17,53.7,57.74,100.0,47.2
2018-01-02 13:40:00,0,2,34.2,72.0,68.0,31.26,29.78,34.2,0.0,0.0,0.0,45.0,29.78,0.06,0.0,0.0,120.0,29.78,39.08,39.08,1.0,0.0,0.0,29.71,1.17,53.68,57.71,100.0,47.18
2018-01-02 13:41:00,0,2,34.21,72.0,68.0,31.28,29.8,34.21,0.0,0.0,0.0,45.0,29.8,0.06,0.0,0.0,120.0,29.8,39.09,39.09,1.0,0.0,0.0,29.72,1.17,53.65,57.67,100.0,47.17
2018-01-02 13:42:00,0,2,34.23,72.0,68.0,31.3,29.81,34.23,0.0,0.0,0.0,45.0,29.81,0.06,0.0,0.0,120.0,29.81,39.08,39.08,1.0,0.0,0.0,29.74,1.17,53.62,57.64,100.0,47.16
2018-01-02 13:43:00,0,2,34.25,72.0,68.0,31.31,29.83,34.25,0.0,0.0,0.0,45.0,29.83,0.06,0.0,0.0,120.0,29.83,39.09,39.08,1.0,0.0,0.0,29.76,1.17,53.6,57.61,100.0,47.14
2018-01-02 13:44:00,0,2,34.26,72.0,68.0,31.33,29.85,34.26,0.0,0.0,0.0,45.0,29.84,0.06,0.0,0.0,120.0,29.84,39.09,39.09,1.0,0.0,0.0,29.77,1.17,53.57,57.57,100.0,47.13
2018-01-02 13:45:00,0,2,34.28,72.0,68.0,31.34,29.86,34.28,0.0,0.0,0.0,45.0,29.86,0.06,0.0,0.0,120.0,29.86,39.09,39.09,1.0,0.0,0.0,29.79,1.17,53.54,57.54,100.0,47.11
2018-01-02 13:46:00,0,2,34.3,72.0,68.0,31.36,29.88,34.3,0.0,0.0,0.0,45.0,29.88,0.06,0.0,0.0,120.0,29.88,39.08,39.08,1.0,0.0,0.0,29.8,1.17,53.52,57.5,100.0,47.09
2018-01-02 13:47:00,0,2,34.32,72.0,68.0,31.38,29.89,34.32,0.0,0.0,0.0,45.0,29.89,0.06,0.0,0.0,120.0,29.89,39.09,39.09,1.0,0.0,0.0,29.82,1.17,53.49,57.47,100.0,47.08
2018-01-02 13:48:00,0,2,34.33,72.0,68.0,31.39,29.91,34.33,0.0,0.0,0.0,45.0,29.91,0.06,0.0,0.0,120.0,29.91,39.08,39.08,1.0,0.0,0.0,29.83,1.17,53.46,57.44,100.0,47.06
2018-01-02 13:49:00,0,2,34.35,72.0,68.0,31.41,29.92,34.35,0.0,0.0,0.0,45.0,29.92,0.06,0.0,0.0,120.0,29.92,39.09,39.08,1.0,0.0,0.0,29.85,1.17,53.44,57.4,100.0,47.04
2018-01-02 13:50:00,0,2,34.37,72.0,68.0,31.42,29.94,34.37,0.0,0.0,0.0,45.0,29.94,0.06,0.0,0.0,120.0,29.94,39.09,39.09,1.0,0.0,0.0,29.86,1.17,53.41,57.37,100.0,47.03
2018-01-02 13:51:00,0,2,34.38,72.0,68.0,31.44,29.95,34.38,0.0,0.0,0.0,45.0,29.95,0.06,0.0,0.0,120.0,29.95,39.08,39.08,1.0,0.0,0.0,29.88,1.17,53.38,57.33,100.0,47.01
2018-01-02 13:52:00,0,2,34.4,72.0,68.0,31.46,29.97,34.4,0.0,0.0,0.0,45.0,29.97,0.06,0.0,0.0,120.0,29.97,39.09,39.08,1.0,0.0,0.0,29.9,1.17,53.35,57.29,100.0,46.99
2018-01-02 13:53:00,0,2,34.42,72.0,68.0,31.47,29.98,34.42,0.0,0.0,0.0,45.0,29.98,0.06,0.0,0.0,120.0,29.98,39.09,39.09,1.0,0.0,0.0,29.91,1.17,53.32,57.26,100.0,46.97
2018-01-02 13:54:00,0,2,34.43,72.0,68.0,31.49,30.0,34.43,0.0,0.0,0.0,45.0,30.0,0.06,0.0,0.0,120.0,30.0,39.09,39.08,1.0,0.0,0.0,29.93,1.17,53.29,57.22,100.0,46.95
2018-01-02 13:55:00,0,2,34.46,72.0,68.0,31.51,30.01,34.46,0.0,0.0,0.0,45.0,30.01,0.06,0.0,0.0,120.0,30.01,39.08,39.08,1.0,0.0,0.0,29.94,1.17,53.26,57.19,100.0,46.92
2018-01-02 13:56:00,0,2,34.47,72.0,68.0,31.52,30.03,34.47,0.0,0.0,0.0,45.0,30.03,0.06,0.0,0.0,120.0,30.03,39.09,39.08,1.0,0.0,0.0,29.95,1.17,53.23,57.15,100.0,46.9
2018-01-02 13:57:00,0,2,34.49,72.0,68.0,31.53,30.04,34.49,0.0,0.0,0.0,45.0,30.04,0.06,0.0,0.0,120.0,30.04,39.08,39.08,1.0,0.0,0.0,29.97,1.17,53.2,57.11,100.0,46.89
2018-01-02 13:58:00,0,2,34.5,72.0,68.0,31.55,30.06,34.5,0.0,0.0,0.0,45.0,30.06,0.06,0.0,0.0,120.0,30.06,39.09,39.09,1.0,0.0,0.0,29.98,1.17,53.17,57.08,100.0,46.87
2018-01-02 13:59:00,0,2,34.52,72.0,68.0,31.56,30.07,34.52,0.0,0.0,0.0,45.0,30.07,0.06,0.0,0.0,120.0,30.07,39.09,39.09,1.0,0.0,0.0,30.0,1.17,53.14,57.04,100.0,46.85
2018-01-02 14:00:00,0,2,34.53,72.0,68.0,31.58,30.09,34.53,0.0,0.0,0.0,45.0,30.09,0.06,0.0,0.0,120.0,30.09,39.08,39.08,1.0,0.0,0.0,30.01,1.17,53.11,57.0,100.0,46.83
2018-01-02 14:01:00,0,2,34.55,72.0,68.0,31.6,30.1,34.55,0.0,0.0,0.0,45.0,30.1,0.06,0.0,0.0,120.0,30.1,39.08,39.08,1.0,0.0,0.0,30.03,1.17,53.08,56.96,100.0,46.81
2018-01-02 14:02:00,0,2,34.57,72.0,68.0,31.61,30.12,34.57,0.0,0.0,0.0,45.0,30.12,0.06,0.0,0.0,120.0,30.12,39.08,39.08,1.0,0.0,0.0,30.05,1.17,53.04,56.91,100.0,46.79
2018-01-02 14:03:00,0,2,34.58,72.0,68.0,31.63,30.14,34.58,0.0,0.0,0.0,45.0,30.14,0.06,0.0,0.0,120.0,30.14,39.08,39.08,1.0,0.0,0.0,30.07,1.17,53.0,56.86,100.0,46.76
2018-01-02 14:04:00,0,2,34.6,72.0,68.0,31.65,30.16,34.6,0.0,0.0,0.0,45.0,30.16,0.06,0.0,0.0,120.0,30.16,39.08,39.08,1.0,0.0,0.0,30.09,1.17,52.96,56.81,100.0,46.73
2018-01-02 14:05:00,0,2,34.62,72.0,68.0,31.67,30.18,34.62,0.0,0.0,0.0,45.0,30.17,0.06,0.0,0.0,120.0,30.17,39.09,39.08,1.0,0.0,0.0,30.1,1.17,52.92,56.77,100.0,46.71
2018-01-02 14:06:00,0,2,34.63,72.0,68.0,31.68,30.19,34.63,0.0,0.0,0.0,45.0,30.19,0.06,0.0,0.0,120.0,30.19,39.09,39.08,1.0,0.0,0.0,30.12,1.17,52.88,56.72,100.0,46.68
2018-01-02 14:07:00,0,2,34.65,72.0,68.0,31.7,30.21,34.65,0.0,0.0,0.0,45.0,30.21,0.06,0.0,0.0,120.0,30.21,39.08,39.08,1.0,0.0,0.0,30.14,1.17,52.84,56.67,100.0,46.65
2018-01-02 14:08:00,0,2,34.67,72.0,68.0,31.72,30.23,34.67,0.0,0.0,0.0,45.0,30.23,0.06,0.0,0.0,120.0,30.23,39.08,39.08,1.0,0.0,0.0,30.16,1.17,52.8,56.62,100.0,46.62
2018-01-02 14:09:00,0,2,34.68,72.0,68.0,31.74,30.25,34.68,0.0,0.0,0.0,45.0,30.25,0.06,0.0,0.0,120.0,30.25,39.08,39.08,1.0,0.0,0.0,30.18,1.17,52.75,56.57,100.0,46.59
2018-01-02 14:10:00,0,2,34.7,72.0,68.0,31.76,30.27,34.7,0.0,0.0,0.0,45.0,30.26,0.06,0.0,0.0,120.0,30.26,39.08,39.08,1.0,0.0,0.0,30.19,1.17,52.71,56.52,100.0,46.56
2018-01-02 14:11:00,0,2,34.72,72.0,68.0,31.77,30.28,34.72,0.0,0.0,0.0,45.0,30.28,0.06,0.0,0.0,120.0,30.28,39.08,39.08,1.0,0.0,0.0,30.21,1.17,52.67,56.47,100.0,46.53
2018-01-02 14:12:00,0,2,34.73,72.0,68.0,31.79,30.3,34.73,0.0,0.0,0.0,45.0,30.3,0.06,0.0,0.0,120.0,30.3,39.09,39.08,1.0,0.0,0.0,30.23,1.17,52.63,56.42,100.0,46.5
2018-01-02 14:13:00,0,2,34.75,72.0,68.0,31.81,30.32,34.75,0.0,0.0,0.0,45.0,30.32,0.06,0.0,0.0,120.0,30.32,39.08,39.08,1.0,0.0,0.0,30.25,1.17,52.59,56.37,100.0,46.47
2018-01-02 14:14:00,0,2,34.77,72.0,68.0,31.82,30.34,34.77,0.0,0.0,0.0,45.0,30.34,0.06,0.0,0.0,120.0,30.34,39.08,39.08,1.0,0.0,0.0,30.26,1.17,52.54,56.32,100.0,46.44
2018-01-02 14:15:00,0,2,34.78,72.0,68.0,31.84,30.36,34.78,0.0,0.0,0.0,45.0,30.35,0.06,0.0,0.0,120.0,30.35,39.09,39.09,1.0,0.0,0.0,30.28,1.17,52.5,56.27,100.0,46.41
2018-01-02 14:16:00,0,2,34.8,72.0,68.0,31.86,30.37,34.8,0.0,0.0,0.0,45.0,30.37,0.06,0.0,0.0,120.0,30.37,39.08,39.08,1.0,0.0,0.0,30.3,1.17,52.46,56.21,100.0,46.38
2018-01-02 14:17:00,0,2,34.81,72.0,68.0,31.88,30.39,34.81,0.0,0.0,0.0,45.0,30.39,0.06,0.0,0.0,120.0,30.39,39.08,39.08,1.0,0.0,0.0,30.32,1.17,52.42,56.16,100.0,46.35
2018-01-02 14:18:00,0,2,34.83,72.0,68.0,31.89,30.41,34.83,0.0,0.0,0.0,45.0,30.41,0.06,0.0,0.0,120.0,30.4,39.08,39.08,1.0,0.0,0.0,30.33,1.17,52.37,56.11,100.0,46.32
2018-01-02 14:19:00,0,2,34.85,72.0,68.0,31.91,30.42,34.85,0.0,0.0,0.0,45.0,30.42,0.06,0.0,0.0,120.0,30.42,39.08,39.08,1.0,0.0,0.0,30.35,1.17,52.33,56.06,100.0,46.29
2018-01-02 14:20:00,0,2,34.86,72.0,68.0,31.93,30.44,34.86,0.0,0.0,0.0,45.0,30.44,0.06,0.0,0.0,120.0,30.44,39.09,39.09,1.0,0.0,0.0,30.37,1.17,52.29,56.01,100.0,46.26
2018-01-02 14:21:00,0,2,34.88,72.0,68.0,31.94,30.46,34.88,0.0,0.0,0.0,45.0,30.46,0.06,0.0,0.0,120.0,30.46,39.09,39.08,1.0,0.0,0.0,30.38,1.17,52.24,55.96,100.0,46.23
2018-01-02 14:22:00,0,2,34.89,72.0,68.0,31.96,30.47,34.89,0.0,0.0,0.0,45.0,30.47,0.06,0.0,0.0,120.0,30.47,39.09,39.08,1.0,0.0,0.0,30.4,1.17,52.2,55.91,100.0,46.2
2018-01-02 14:23:00,0,2,34.91,72.0,68.0,31.97,30.49,34.91,0.0,0.0,0.0,45.0,30.49,0.06,0.0,0.0,120.0,30.49,39.08,39.08,1.0,0.0,0.0,30.42,1.17,52.16,55.86,100.0,46.17
2018-01-02 14:24:00,0,2,34.92,72.0,68.0,31.99,30.51,34.92,0.0,0.0,0.0,45.0,30.51,0.06,0.0,0.0,120.0,30.51,39.08,39.08,1.0,0.0,0.0,30.43,1.17,52.12,55.81,100.0,46.13
2018-01-02 14:25:00,0,2,34.94,72.0,68.0,32.01,30.52,34.94,0.0,0.0,0.0,45.0,30.52,0.06,0.0,0.0,120.0,30.52,39.08,39.08,1.0,0.0,0.0,30.45,1.17,52.07,55.76,100.0,46.1
2018-01-02 14:26:00,0,2,34.95,72.0,68.0,32.02,30.54,34.95,0.0,0.0,0.0,45.0,30.54,0.06,0.0,0.0,120.0,30.54,39.08,39.08,1.0,0.0,0.0,30.47,1.17,52.03,55.7,100.0,46.07
2018-01-02 14:27:00,0,2,34.97,72.0,68.0,32.04,30.56,34.97,0.0,0.0,0.0,45.0,30.55,0.06,0.0,0.0,120.0,30.55,39.08,39.08,1.0,0.0,0.0,30.48,1.17,51.99,55.65,100.0,46.04
2018-01-02 14:28:00,0,2,34.98,72.0,68.0,32.05,30.57,34.98,0.0,0.0,0.0,45.0,30.57,0.06,0.0,0.0,120.0,30.57,39.08,39.08,1.0,0.0,0.0,30.5,1.17,51.94,55.6,100.0,46.01
2018-01-02 14:29:00,0,2,35.0,72.0,68.0,32.07,30.59,35.0,0.0,0.0,0.0,45.0,30.59,0.06,0.0,0.0,120.0,30.59,39.08,39.08,1.0,0.0,0.0,30.51,1.17,51.9,55.55,100.0,45.98
2018-01-02 14:30:00,0,2,35.01,72.0,68.0,32.42,30.61,35.01,0.0,0.0,0.0,45.0,30.6,0.06,0.0,0.0,120.0,30.6,-13.35,-13.34,1.0,0.0,0.0,30.53,1.17,51.2,55.5,100.0,45.95
2018-01-02 14:31:00,0,2,35.23,72.0,68.0,32.31,30.65,35.23,0.0,0.0,0.0,45.0,30.7,0.0,0.0,0.0,120.0,30.64,1.14,1.14,1.0,0.0,0.0,30.55,1.0,51.37,55.45,100.0,45.6
2018-01-02 14:32:00,0,2,35.19,72.0,68.0,32.28,30.65,35.19,0.0,0.0,0.0,45.0,30.66,0.0,0.0,0.0,120.0,30.65,1.14,1.14,1.0,0.0,0.0,30.56,0.99,51.39,55.4,100.0,45.62
2018-01-02 14:33:00,0,2,35.16,72.0,68.0,32.27,30.66,35.16,0.0,0.0,0.0,45.0,30.66,0.0,0.0,0.0,120.0,30.65,1.14,1.14,1.0,0.0,0.0,30.58,0.99,51.39,55.35,100.0,45.67
2018-01-02 14:34:00,0,2,35.14,72.0,68.0,32.28,30.67,35.14,0.0,0.0,0.0,45.0,30.67,0.0,0.0,0.0,120.0,30.67,1.14,1.14,1.0,0.0,0.0,30.59,0.99,51.37,55.3,100.0,45.69
2018-01-02 14:35:00,0,2,35.13,72.0,68.0,32.28,30.68,35.13,0.0,0.0,0.0,45.0,30.68,0.0,0.0,0.0,120.0,30.68,1.14,1.14,1.0,0.0,0.0,30.61,0.99,51.34,55.24,100.0,45.69
2018-01-02 14:36:00,0,2,35.13,72.0,68.0,32.29,30.7,35.13,0.0,0.0,0.0,45.0,30.69,0.0,0.0,0.0,120.0,30.69,1.14,1.14,1.0,0.0,0.0,30.62,0.99,51.31,55.19,100.0,45.68
2018-01-02 14:37:00,0,2,35.14,72.0,68.0,32.31,30.71,35.14,0.0,0.0,0.0,45.0,30.71,0.0,0.0,0.0,120.0,30.71,1.14,1.14,1.0,0.0,0.0,30.64,0.99,51.27,55.14,100.0,45.66
2018-01-02 14:38:00,0,2,35.15,72.0,68.0,32.32,30.72,35.15,0.0,0.0,0.0,45.0,30.72,0.0,0.0,0.0,120.0,30.72,1.14,1.14,1.0,0.0,0.0,30.65,0.99,51.23,55.09,100.0,45.63
2018-01-02 14:39:00,0,2,35.16,72.0,68.0,32.33,30.74,35.16,0.0,0.0,0.0,45.0,30.74,0.0,0.0,0.0,120.0,30.74,1.14,1.14,1.0,0.0,0.0,30.66,0.99,51.19,55.04,100.0,45.61
2018-01-02 14:40:00,0,2,35.17,72.0,68.0,32.34,30.75,35.17,0.0,0.0,0.0,45.0,30.75,0.0,0.0,0.0,120.0,30.75,1.14,1.14,1.0,0.0,0.0,30.68,0.99,51.15,54.99,100.0,45.58
2018-01-02 14:41:00,0,2,35.18,72.0,68.0,32.36,30.77,35.18,0.0,0.0,0.0,45.0,30.76,0.0,0.0,0.0,120.0,30.76,1.14,1.14,1.0,0.0,0.0,30.69,0.99,51.11,54.94,100.0,45.55
2018-01-02 14:42:00,0,2,35.19,72.0,68.0,32.37,30.78,35.19,0.0,0.0,0.0,45.0,30.78,0.0,0.0,0.0,120.0,30.78,1.14,1.14,1.0,0.0,0.0,30.71,0.99,51.07,54.89,100.0,45.51
2018-01-02 14:43:00,0,2,35.2,72.0,68.0,32.38,30.79,35.2,0.0,0.0,0.0,45.0,30.79,0.0,0.0,0.0,120.0,30.79,1.14,1.14,1.0,0.0,0.0,30.72,0.99,51.03,54.84,100.0,45.48
2018-01-02 14:44:00,1,1,35.34,72.0,68.0,32.26,30.83,35.34,0.0,0.0,0.0,45.0,30.9,0.0,0.34,0.0,120.0,30.82,5670.72,5670.35,1.0,0.3,9.75,30.73,1.4,51.34,54.79,100.0,45.26
2018-01-02 14:45:00,1,1,35.35,72.0,68.0,32.22,30.84,35.35,0.0,0.0,0.0,45.0,30.86,0.0,0.34,0.0,120.0,30.84,5670.37,5669.98,1.0,0.3,9.75,30.75,1.39,51.38,54.74,100.0,45.21
2018-01-02 14:46:00,0,2,35.44,72.0,68.0,32.47,30.86,35.44,0.0,0.0,0.0,45.0,30.94,0.06,0.0,0.0,120.0,30.85,39.09,39.08,1.0,0.0,0.0,30.76,1.19,50.86,54.69,100.0,45.07
2018-01-02 14:47:00,0,2,35.44,72.0,68.0,32.4,30.87,35.44,0.0,0.0,0.0,45.0,30.91,0.06,0.0,0.0,120.0,30.88,39.09,39.08,1.0,0.0,0.0,30.77,1.18,50.95,54.64,100.0,45.04
2018-01-02 14:48:00,0,2,35.37,72.0,68.0,32.37,30.87,35.37,0.0,0.0,0.0,45.0,30.88,0.06,0.0,0.0,120.0,30.87,39.08,39.08,1.0,0.0,0.0,30.78,1.17,50.98,54.59,100.0,45.12
2018-01-02 14:49:00,0,2,35.32,72.0,68.0,32.36,30.87,35.32,0.0,0.0,0.0,45.0,30.88,0.06,0.0,0.0,120.0,30.87,39.09,39.08,1.0,0.0,0.0,30.8,1.17,50.98,54.55,100.0,45.18
2018-01-02 14:50:00,0,2,35.3,72.0,68.0,32.36,30.88,35.3,0.0,0.0,0.0,45.0,30.88,0.06,0.0,0.0,120.0,30.88,39.09,39.08,1.0,0.0,0.0,30.81,1.17,50.96,54.5,100.0,45.21
2018-01-02 14:51:00,0,2,35.29,72.0,68.0,32.37,30.9,35.29,0.0,0.0,0.0,45.0,30.89,0.06,0.0,0.0,120.0,30.89,39.08,39.08,1.0,0.0,0.0,30.82,1.17,50.93,54.45,100.0,45.21
2018-01-02 14:52:00,0,2,35.29,72.0,68.0,32.37,30.91,35.29,0.0,0.0,0.0,45.0,30.91,0.06,0.0,0.0,120.0,30.91,39.09,39.08,1.0,0.0,0.0,30.83,1.17,50.9,54.4,100.0,45.2
2018-01-02 14:53:00,0,2,35.29,72.0,68.0,32.38,30.92,35.29,0.0,0.0,0.0,45.0,30.92,0.06,0.0,0.0,120.0,30.92,39.09,39.08,1.0,0.0,0.0,30.84,1.17,50.86,54.35,100.0,45.18
2018-01-02 14:54:00,0,2,35.4,72.0,68.0,32.67,30.94,35.4,0.0,0.0,0.0,45.0,30.99,0.0,0.0,0.0,120.0,30.93,0.9,0.9,1.0,0.0,0.0,30.85,1.01,50.3,54.3,100.0,45.0
2018-01-02 14:55:00,0,2,35.49,72.0,68.0,32.6,30.97,35.49,0.0,0.0,0.0,45.0,31.0,0.0,0.0,0.0,120.0,30.96,1.14,1.14,1.0,0.0,0.0,30.86,1.0,50.38,54.26,100.0,44.84
2018-01-02 14:56:00,0,2,35.44,72.0,68.0,32.57,30.96,35.44,0.0,0.0,0.0,45.0,30.97,0.0,0.0,0.0,120.0,30.96,1.14,1.14,1.0,0.0,0.0,30.88,0.99,50.4,54.21,100.0,44.88
2018-01-02 14:57:00,0,2,35.41,72.0,68.0,32.56,30.96,35.41,0.0,0.0,0.0,45.0,30.97,0.0,0.0,0.0,120.0,30.96,1.14,1.14,1.0,0.0,0.0,30.89,0.99,50.39,54.16,100.0,44.92
2018-01-02 14:58:00,0,2,35.38,72.0,68.0,32.56,30.97,35.38,0.0,0.0,0.0,45.0,30.97,0.0,0.0,0.0,120.0,30.97,1.14,1.14,1.0,0.0,0.0,30.9,0.99,50.38,54.11,100.0,44.94
2018-01-02 14:59:00,0,2,35.37,72.0,68.0,32.56,30.98,35.37,0.0,0.0,0.0,45.0,30.98,0.0,0.0,0.0,120.0,30.98,1.14,1.14,1.0,0.0,0.0,30.91,0.99,50.35,54.07,100.0,44.94
2018-01-02 15:00:00,0,2,35.37,72.0,68.0,32.57,30.99,35.37,0.0,0.0,0.0,45.0,30.99,0.0,0.0,0.0,120.0,30.99,1.14,1.14,1.0,0.0,0.0,30.92,0.99,50.32,54.02,100.0,44.93
2018-01-02 15:01:00,0,2,35.37,72.0,68.0,32.57,31.0,35.37,0.0,0.0,0.0,45.0,31.0,0.0,0.0,0.0,120.0,31.0,1.14,1.14,1.0,0.0,0.0,30.93,0.99,50.28,53.97,100.0,44.91
2018-01-02 15:02:00,0,2,35.38,72.0,68.0,32.58,31.01,35.38,0.0,0.0,0.0,45.0,31.01,0.0,0.0,0.0,120.0,31.01,1.14,1.14,1.0,0.0,0.0,30.94,0.99,50.24,53.91,100.0,44.88
2018-01-02 15:03:00,0,2,35.38,72.0,68.0,32.59,31.02,35.38,0.0,0.0,0.0,45.0,31.02,0.0,0.0,0.0,120.0,31.02,1.14,1.14,1.0,0.0,0.0,30.95,0.99,50.19,53.86,100.0,44.85
2018-01-02 15:04:00,0,2,35.38,72.0,68.0,32.6,31.03,35.38,0.0,0.0,0.0,45.0,31.03,0.0,0.0,0.0,120.0,31.03,1.14,1.14,1.0,0.0,0.0,30.96,0.99,50.15,53.8,100.0,44.82
2018-01-02 15:05:00,0,2,35.39,72.0,68.0,32.6,31.04,35.39,0.0,0.0,0.0,45.0,31.04,0.0,0.0,0.0,120.0,31.04,1.14,1.14,1.0,0.0,0.0,30.96,0.99,50.1,53.75,100.0,44.79
2018-01-02 15:06:00,0,2,35.39,72.0,68.0,32.61,31.05,35.39,0.0,0.0,0.0,45.0,31.05,0.0,0.0,0.0,120.0,31.05,1.14,1.14,1.0,0.0,0.0,30.97,0.99,50.06,53.69,100.0,44.76
2018-01-02 15:07:00,0,2,35.39,72.0,68.0,32.62,31.06,35.39,0.0,0.0,0.0,45.0,31.06,0.0,0.0,0.0,120.0,31.06,1.14,1.14,1.0,0.0,0.0,30.98,0.99,50.01,53.64,100.0,44.73
2018-01-02 15:08:00,0,2,35.4,72.0,68.0,32.63,31.07,35.4,0.0,0.0,0.0,45.0,31.07,0.0,0.0,0.0,120.0,31.07,1.14,1.14,1.0,0.0,0.0,30.99,0.99,49.97,53.58,100.0,44.69
2018-01-02 15:09:00,0,2,35.4,72.0,68.0,32.63,31.08,35.4,0.0,0.0,0.0,45.0,31.08,0.0,0.0,0.0,120.0,31.07,1.14,1.14,1.0,0.0,0.0,31.0,0.99,49.92,53.53,100.0,44.66
2018-01-02 15:10:00,0,2,35.4,72.0,68.0,32.64,31.08,35.4,0.0,0.0,0.0,45.0,31.08,0.0,0.0,0.0,120.0,31.08,1.14,1.14,1.0,0.0,0.0,31.01,0.99,49.88,53.47,100.0,44.63
2018-01-02 15:11:00,0,2,35.41,72.0,68.0,32.64,31.09,35.41,0.0,0.0,0.0,45.0,31.09,0.0,0.0,0.0,120.0,31.09,1.14,1.14,1.0,0.0,0.0,31.02,0.99,49.84,53.42,100.0,44.6
2018-01-02 15:12:00,0,2,35.41,72.0,68.0,32.65,31.1,35.41,0.0,0.0,0.0,45.0,31.1,0.0,0.0,0.0,120.0,31.1,1.14,1.14,1.0,0.0,0.0,31.02,0.99,49.79,53.37,100.0,44.57
2018-01-02 15:13:00,0,2,35.41,72.0,68.0,32.65,31.11,35.41,0.0,0.0,0.0,45.0,31.11,0.0,0.0,0.0,120.0,31.11,1.14,1.14,1.0,0.0,0.0,31.03,0.99,49.75,53.32,100.0,44.54
2018-01-02 15:14:00,0,2,35.41,72.0,68.0,32.66,31.11,35.41,0.0,0.0,0.0,45.0,31.11,0.0,0.0,0.0,120.0,31.11,1.14,1.14,1.0,0.0,0.0,31.04,0.99,49.71,53.27,100.0,44.51
2018-01-02 15:15:00,0,2,35.41,72.0,68.0,32.66,31.12,35.41,0.0,0.0,0.0,45.0,31.12,0.0,0.0,0.0,120.0,31.12,1.14,1.14,1.0,0.0,0.0,31.04,0.99,49.67,53.22,100.0,44.48
2018-01-02 15:16:00,0,2,35.42,72.0,68.0,32.67,31.13,35.42,0.0,0.0,0.0,45.0,31.13,0.0,0.0,0.0,120.0,31.13,1.14,1.14,1.0,0.0,0.0,31.05,0.99,49.63,53.17,100.0,44.45
2018-01-02 15:17:00,0,2,35.42,72.0,68.0,32.67,31.13,35.42,0.0,0.0,0.0,45.0,31.13,0.0,0.0,0.0,120.0,31.13,1.14,1.14,1.0,0.0,0.0,31.06,0.99,49.59,53.12,100.0,44.42
2018-01-02 15:18:00,0,2,35.42,72.0,68.0,32.68,31.14,35.42,0.0,0.0,0.0,45.0,31.14,0.0,0.0,0.0,120.0,31.14,1.14,1.14,1.0,0.0,0.0,31.06,0.99,49.55,53.07,100.0,44.39
2018-01-02 15:19:00,0,2,35.42,72.0,68.0,32.68,31.14,35.42,0.0,0.0,0.0,45.0,31.14,0.0,0.0,0.0,120.0,31.14,1.14,1.14,1.0,0.0,0.0,31.07,0.99,49.51,53.02,100.0,44.37
2018-01-02 15:20:00,0,2,35.42,72.0,68.0,32.68,31.15,35.42,0.0,0.0,0.0,45.0,31.15,0.0,0.0,0.0,120.0,31.15,1.14,1.14,1.0,0.0,0.0,31.07,0.99,49.47,52.98,100.0,44.34
2018-01-02 15:21:00,0,2,35.42,72.0,68.0,32.68,31.15,35.42,0.0,0.0,0.0,45.0,31.15,0.0,0.0,0.0,120.0,31.15,1.14,1.14,1.0,0.0,0.0,31.08,0.99,49.43,52.93,100.0,44.31
2018-01-02 15:22:00,0,2,35.41,72.0,68.0,32.69,31.16,35.41,0.0,0.0,0.0,45.0,31.16,0.0,0.0,0.0,120.0,31.16,1.14,1.14,1.0,0.0,0.0,31.08,0.99,49.39,52.88,100.0,44.29
2018-01-02 15:23:00,0,2,35.42,72.0,68.0,32.69,31.16,35.42,0.0,0.0,0.0,45.0,31.16,0.0,0.0,0.0,120.0,31.16,1.14,1.14,1.0,0.0,0.0,31.08,0.99,49.35,52.84,100.0,44.25
2018-01-02 15:24:00,0,2,35.42,72.0,68.0,32.69,31.16,35.42,0.0,0.0,0.0,45.0,31.16,0.0,0.0,0.0,120.0,31.16,1.14,1.14,1.0,0.0,0.0,31.09,0.99,49.31,52.8,100.0,44.22
2018-01-02 15:25:00,0,2,35.41,72.0,68.0,32.69,31.17,35.41,0.0,0.0,0.0,45.0,31.17,0.0,0.0,0.0,120.0,31.17,1.14,1.14,1.0,0.0,0.0,31.09,0.99,49.28,52.75,100.0,44.2
2018-01-02 15:26:00,0,2,35.41,72.0,68.0,32.69,31.17,35.41,0.0,0.0,0.0,45.0,31.17,0.0,0.0,0.0,120.0,31.17,1.14,1.14,1.0,0.0,0.0,31.09,0.99,49.25,52.71,100.0,44.18
2018-01-02 15:27:00,0,2,35.4,72.0,68.0,32.69,31.17,35.4,0.0,0.0,0.0,45.0,31.17,0.0,0.0,0.0,120.0,31.17,1.14,1.14,1.0,0.0,0.0,31.09,0.99,49.22,52.67,100.0,44.16
2018-01-02 15:28:00,0,2,35.4,72.0,68.0,32.69,31.17,35.4,0.0,0.0,0.0,45.0,31.17,0.0,0.0,0.0,120.0,31.17,1.14,1.14,1.0,0.0,0.0,31.1,0.99,49.19,52.63,100.0,44.14
2018-01-02 15:29:00,0,2,35.4,72.0,68.0,32.69,31.18,35.4,0.0,0.0,0.0,45.0,31.18,0.0,0.0,0.0,120.0,31.18,1.14,1.14,1.0,0.0,0.0,31.1,0.99,49.15,52.59,100.0,44.12
2018-01-02 15:30:00,0,2,35.39,72.0,68.0,32.69,31.18,35.39,0.0,0.0,0.0,45.0,31.18,0.0,0.0,0.0,120.0,31.18,1.14,1.14,1.0,0.0,0.0,31.1,0.99,49.12,52.55,100.0,44.1
2018-01-02 15:31:00,0,2,35.39,72.0,68.0,32.69,31.18,35.39,0.0,0.0,0.0,45.0,31.18,0.0,0.0,0.0,120.0,31.18,1.14,1.14,1.0,0.0,0.0,31.1,0.99,49.09,52.52,100.0,44.08
2018-01-02 15:32:00,0,2,35.38,72.0,68.0,32.69,31.18,35.38,0.0,0.0,0.0,45.0,31.18,0.0,0.0,0.0,120.0,31.18,1.14,1.14,1.0,0.0,0.0,31.1,0.99,49.06,52.48,100.0,44.06
2018-01-02 15:33:00,0,2,35.38,72.0,68.0,32.69,31.18,35.38,0.0,0.0,0.0,45.0,31.18,0.0,0.0,0.0,120.0,31.18,1.14,1.14,1.0,0.0,0.0,31.1,0.99,49.03,52.44,100.0,44.04
2018-01-02 15:34:00,0,2,35.37,72.0,68.0,32.68,31.18,35.37,0.0,0.0,0.0,45.0,31.18,0.0,0.0,0.0,120.0,31.18,1.14,1.14,1.0,0.0,0.0,31.1,0.99,49.01,52.41,100.0,44.02
2018-01-02 15:35:00,0,2,35.37,72.0,68.0,32.68,31.18,35.37,0.0,0.0,0.0,45.0,31.18,0.0,0.0,0.0,120.0,31.18,1.14,1.14,1.0,0.0,0.0,31.1,0.99,48.98,52.38,100.0,44.0
2018-01-02 15:36:00,0,2,35.36,72.0,68.0,32.68,31.18,35.36,0.0,0.0,0.0,45.0,31.18,0.0,0.0,0.0,120.0,31.18,1.14,1.14,1.0,0.0,0.0,31.1,0.99,48.95,52.35,100.0,43.98
2018-01-02 15:37:00,0,2,35.35,72.0,68.0,32.67,31.17,35.35,0.0,0.0,0.0,45.0,31.18,0.0,0.0,0.0,120.0,31.17,1.14,1.14,1.0,0.0,0.0,31.1,0.99,48.93,52.31,100.0,43.96
2018-01-02 15:38:00,0,2,35.35,72.0,68.0,32.67,31.17,35.35,0.0,0.0,0.0,45.0,31.17,0.0,0.0,0.0,120.0,31.17,1.14,1.14,1.0,0.0,0.0,31.09,0.99,48.91,52.29,100.0,43.95
2018-01-02 15:39:00,0,2,35.34,72.0,68.0,32.67,31.17,35.34,0.0,0.0,0.0,45.0,31.17,0.0,0.0,0.0,120.0,31.17,1.14,1.14,1.0,0.0,0.0,31.09,0.99,48.88,52.26,100.0,43.93
2018-01-02 15:40:00,0,2,35.33,72.0,68.0,32.66,31.17,35.33,0.0,0.0,0.0,45.0,31.17,0.0,0.0,0.0,120.0,31.17,1.14,1.14,1.0,0.0,0.0,31.09,0.99,48.86,52.23,100.0,43.92
2018-01-02 15:41:00,0,2,35.32,72.0,68.0,32.66,31.16,35.32,0.0,0.0,0.0,45.0,31.16,0.0,0.0,0.0,120.0,31.16,1.14,1.14,1.0,0.0,0.0,31.08,0.99,48.84,52.2,100.0,43.91
2018-01-02 15:42:00,0,2,35.31,72.0,68.0,32.65,31.16,35.31,0.0,0.0,0.0,45.0,31.16,0.0,0.0,0.0,120.0,31.16,1.14,1.14,1.0,0.0,0.0,31.08,0.99,48.82,52.18,100.0,43.89
2018-01-02 15:43:00,0,2,35.3,72.0,68.0,32.64,31.15,35.3,0.0,0.0,0.0,45.0,31.16,0.0,0.0,0.0,120.0,31.16,1.14,1.14,1.0,0.0,0.0,31.08,0.99,48.8,52.16,100.0,43.88
2018-01-02 15:44:00,0,2,35.29,72.0,68.0,32.64,31.15,35.29,0.0,0.0,0.0,45.0,31.15,0.0,0.0,0.0,120.0,31.15,1.14,1.14,1.0,0.0,0.0,31.07,0.99,48.79,52.13,100.0,43.87
2018-01-02 15:45:00,0,2,35.28,72.0,68.0,32.63,31.14,35.28,0.0,0.0,0.0,45.0,31.15,0.0,0.0,0.0,120.0,31.15,1.14,1.14,1.0,0.0,0.0,31.07,0.99,48.77,52.11,100.0,43.86
2018-01-02 15:46:00,0,2,35.27,72.0,68.0,32.62,31.14,35.27,0.0,0.0,0.0,45.0,31.14,0.0,0.0,0.0,120.0,31.14,1.14,1.14,1.0,0.0,0.0,31.06,0.99,48.76,52.1,100.0,43.85
2018-01-02 15:47:00,0,2,35.26,72.0,68.0,32.61,31.13,35.26,0.0,0.0,0.0,45.0,31.14,0.0,0.0,0.0,120.0,31.13,1.14,1.14,1.0,0.0,0.0,31.05,0.99,48.74,52.08,100.0,43.84
2018-01-02 15:48:00,0,2,35.25,72.0,68.0,32.61,31.13,35.25,0.0,0.0,0.0,45.0,31.13,0.0,0.0,0.0,120.0,31.13,1.14,1.14,1.0,0.0,0.0,31.05,0.99,48.73,52.06,100.0,43.84
2018-01-02 15:49:00,0,2,35.24,72.0,68.0,32.6,31.12,35.24,0.0,0.0,0.0,45.0,31.12,0.0,0.0,0.0,120.0,31.12,1.14,1.14,1.0,0.0,0.0,31.04,0.99,48.72,52.05,100.0,43.83
2018-01-02 15:50:00,0,2,35.22,72.0,68.0,32.59,31.11,35.22,0.0,0.0,0.0,45.0,31.11,0.0,0.0,0.0,120.0,31.11,1.14,1.14,1.0,0.0,0.0,31.03,0.99,48.71,52.03,100.0,43.82
2018-01-02 15:51:00,0,2,35.21,72.0,68.0,32.58,31.1,35.21,0.0,0.0,0.0,45.0,31.11,0.0,0.0,0.0,120.0,31.1,1.14,1.14,1.0,0.0,0.0,31.02,0.99,48.7,52.02,100.0,43.82
2018-01-02 15:52:00,0,2,35.2,72.0,68.0,32.57,31.09,35.2,0.0,0.0,0.0,45.0,31.1,0.0,0.0,0.0,120.0,31.1,1.14,1.14,1.0,0.0,0.0,31.01,0.99,48.69,52.01,100.0,43.82
2018-01-02 15:53:00,0,2,35.18,72.0,68.0,32.56,31.09,35.18,0.0,0.0,0.0,45.0,31.09,0.0,0.0,0.0,120.0,31.09,1.14,1.14,1.0,0.0,0.0,31.01,0.99,48.69,52.0,100.0,43.81
2018-01-02 15:54:00,0,2,35.17,72.0,68.0,32.54,31.08,35.17,0.0,0.0,0.0,45.0,31.08,0.0,0.0,0.0,120.0,31.08,1.14,1.14,1.0,0.0,0.0,31.0,0.99,48.68,51.99,100.0,43.81
2018-01-02 15:55:00,0,2,35.16,72.0,68.0,32.53,31.07,35.16,0.0,0.0,0.0,45.0,31.07,0.0,0.0,0.0,120.0,31.07,1.14,1.14,1.0,0.0,0.0,30.99,0.99,48.68,51.99,100.0,43.81
2018-01-02 15:56:00,0,2,35.14,72.0,68.0,32.52,31.06,35.14,0.0,0.0,0.0,45.0,31.06,0.0,0.0,0.0,120.0,31.06,1.14,1.14,1.0,0.0,0.0,30.97,0.99,48.68,51.99,100.0,43.81
2018-01-02 15:57:00,0,2,35.12,72.0,68.0,32.51,31.04,35.12,0.0,0.0,0.0,45.0,31.05,0.0,0.0,0.0,120.0,31.05,1.14,1.14,1.0,0.0,0.0,30.96,0.99,48.68,51.98,100.0,43.81
2018-01-02 15:58:00,0,2,35.11,72.0,68.0,32.49,31.03,35.11,0.0,0.0,0.0,45.0,31.04,0.0,0.0,0.0,120.0,31.03,1.14,1.14,1.0,0.0,0.0,30.95,0.99,48.68,51.98,100.0,43.82
2018-01-02 15:59:00,1,1,35.17,72.0,68.0,32.38,31.03,35.17,0.0,0.0,0.0,45.0,31.09,0.0,0.34,0.0,120.0,31.03,5670.58,5670.19,1.0,0.3,9.75,30.94,1.4,48.96,51.98,100.0,43.72
2018-01-02 16:00:00,1,1,35.2,72.0,68.0,32.3,31.03,35.2,0.0,0.0,0.0,45.0,31.07,0.0,0.34,0.0,120.0,31.03,5670.53,5670.14,1.0,0.3,9.75,30.93,1.39,49.05,51.99,100.0,43.63
2018-01-02 16:01:00,1,1,35.13,72.0,68.0,32.25,31.0,35.13,0.0,0.0,0.0,45.0,31.01,0.0,0.34,0.0,120.0,31.0,5670.26,5669.88,1.0,0.3,9.75,30.91,1.39,49.12,52.02,100.0,43.71
2018-01-02 16:02:00,1,1,35.07,72.0,68.0,32.22,30.97,35.07,0.0,0.0,0.0,45.0,30.98,0.0,0.34,0.0,120.0,30.97,5670.51,5670.11,1.0,0.3,9.75,30.88,1.39,49.18,52.06,100.0,43.79
2018-01-02 16:03:00,1,1,35.02,72.0,68.0,32.18,30.94,35.02,0.0,0.0,0.0,45.0,30.95,0.0,0.34,0.0,120.0,30.95,5671.06,5670.67,1.0,0.3,9.75,30.85,1.39,49.24,52.12,100.0,43.86
2018-01-02 16:04:00,1,1,34.98,72.0,68.0,32.15,30.92,34.98,0.0,0.0,0.0,45.0,30.92,0.0,0.35,0.0,120.0,30.92,5670.19,5669.8,1.0,0.3,9.75,30.83,1.39,49.3,52.17,100.0,43.92
2018-01-02 16:05:00,1,1,34.95,72.0,68.0,32.12,30.89,34.95,0.0,0.0,0.0,45.0,30.9,0.0,0.35,0.0,120.0,30.89,5670.39,5669.98,1.0,0.3,9.75,30.8,1.39,49.35,52.22,100.0,43.97
2018-01-02 16:06:00,1,1,34.91,72.0,68.0,32.09,30.86,34.91,0.0,0.0,0.0,45.0,30.87,0.0,0.35,0.0,120.0,30.87,5670.46,5670.05,1.0,0.3,9.75,30.77,1.39,49.41,52.28,100.0,44.01
2018-01-02 16:07:00,1,1,34.88,72.0,68.0,32.06,30.83,34.88,0.0,0.0,0.0,45.0,30.84,0.0,0.35,0.0,120.0,30.84,5670.51,5670.12,1.0,0.3,9.75,30.75,1.39,49.46,52.34,100.0,44.06
2018-01-02 16:08:00,1,1,34.85,72.0,68.0,32.03,30.81,34.85,0.0,0.0,0.0,45.0,30.81,0.0,0.35,0.0,120.0,30.81,5671.01,5670.63,1.0,0.3,9.75,30.72,1.39,49.51,52.4,100.0,44.1
2018-01-02 16:09:00,1,1,34.82,72.0,68.0,32.0,30.78,34.82,0.0,0.0,0.0,45.0,30.78,0.0,0.35,0.0,120.0,30.78,5670.55,5670.14,1.0,0.3,9.75,30.69,1.39,49.57,52.46,100.0,44.15
2018-01-02 16:10:00,1,1,34.79,72.0,68.0,31.97,30.75,34.79,0.0,0.0,0.0,45.0,30.75,0.0,0.35,0.0,120.0,30.75,5670.25,5669.84,1.0,0.3,9.75,30.66,1.39,49.63,52.52,100.0,44.19
2018-01-02 16:11:00,1,1,34.76,72.0,68.0,31.94,30.72,34.76,0.0,0.0,0.0,45.0,30.73,0.0,0.35,0.0,120.0,30.72,5670.46,5670.07,1.0,0.3,9.75,30.63,1.39,49.68,52.59,100.0,44.24
2018-01-02 16:12:00,1,1,34.73,72.0,68.0,31.91,30.69,34.73,0.0,0.0,0.0,45.0,30.7,0.0,0.35,0.0,120.0,30.69,5670.72,5670.35,1.0,0.3,9.75,30.6,1.39,49.74,52.66,100.0,44.29
2018-01-02 16:13:00,0,2,34.86,72.0,68.0,32.09,30.69,34.86,0.0,0.0,0.0,45.0,30.74,0.06,0.0,0.0,120.0,30.69,39.08,39.08,1.0,0.0,0.0,30.57,1.18,49.4,52.72,100.0,44.09
2018-01-02 16:14:00,0,2,34.79,72.0,68.0,32.01,30.64,34.79,0.0,0.0,0.0,45.0,30.66,0.06,0.0,0.0,120.0,30.65,39.08,39.08,1.0,0.0,0.0,30.54,1.18,49.52,52.79,100.0,44.18
2018-01-02 16:15:00,0,2,34.89,72.0,68.0,32.18,30.63,34.89,0.0,0.0,0.0,45.0,30.71,0.0,0.0,0.0,120.0,30.63,1.14,1.14,1.0,0.0,0.0,30.51,1.0,49.2,52.87,100.0,44.04
2018-01-02 16:16:00,0,2,34.8,72.0,68.0,32.08,30.59,34.8,0.0,0.0,0.0,45.0,30.61,0.0,0.0,0.0,120.0,30.59,1.14,1.14,1.0,0.0,0.0,30.47,1.0,49.35,52.94,100.0,44.15
2018-01-02 16:17:00,0,2,34.7,72.0,68.0,32.02,30.54,34.7,0.0,0.0,0.0,45.0,30.55,0.0,0.0,0.0,120.0,30.54,1.14,1.14,1.0,0.0,0.0,30.44,0.99,49.47,53.01,100.0,44.31
2018-01-02 16:18:00,0,2,34.62,72.0,68.0,31.97,30.5,34.62,0.0,0.0,0.0,45.0,30.51,0.0,0.0,0.0,120.0,30.51,1.14,1.14,1.0,0.0,0.0,30.41,0.99,49.57,53.09,100.0,44.44
2018-01-02 16:19:00,0,2,34.56,72.0,68.0,31.93,30.47,34.56,0.0,0.0,0.0,45.0,30.48,0.0,0.0,0.0,120.0,30.47,1.14,1.14,1.0,0.0,0.0,30.38,0.99,49.66,53.16,100.0,44.54
2018-01-02 16:20:00,0,2,34.51,72.0,68.0,31.89,30.44,34.51,0.0,0.0,0.0,45.0,30.44,0.0,0.0,0.0,120.0,30.44,1.14,1.14,1.0,0.0,0.0,30.34,0.99,49.74,53.24,100.0,44.62
2018-01-02 16:21:00,0,2,34.47,72.0,68.0,31.85,30.4,34.47,0.0,0.0,0.0,45.0,30.41,0.0,0.0,0.0,120.0,30.41,1.14,1.14,1.0,0.0,0.0,30.31,0.99,49.82,53.32,100.0,44.69
2018-01-02 16:22:00,0,2,34.43,72.0,68.0,31.82,30.37,34.43,0.0,0.0,0.0,45.0,30.38,0.0,0.0,0.0,120.0,30.37,1.14,1.14,1.0,0.0,0.0,30.28,0.99,49.89,53.4,100.0,44.76
2018-01-02 16:23:00,1,1,34.51,72.0,68.0,31.66,30.36,34.51,0.0,0.0,0.0,45.0,30.43,0.0,0.35,0.0,120.0,30.36,5670.37,5669.96,1.0,0.3,9.75,30.24,1.4,50.3,53.48,100.0,44.64
2018-01-02 16:24:00,1,1,34.47,72.0,68.0,31.58,30.32,34.47,0.0,0.0,0.0,45.0,30.35,0.0,0.35,0.0,120.0,30.33,5671.09,5670.71,1.0,0.3,9.75,30.21,1.39,50.45,53.57,100.0,44.69
2018-01-02 16:25:00,1,1,34.38,72.0,68.0,31.52,30.27,34.38,0.0,0.0,0.0,45.0,30.29,0.0,0.35,0.0,120.0,30.28,5670.97,5670.58,1.0,0.3,9.75,30.18,1.39,50.57,53.65,100.0,44.83
2018-01-02 16:26:00,1,1,34.31,72.0,68.0,31.47,30.23,34.31,0.0,0.0,0.0,45.0,30.24,0.0,0.35,0.0,120.0,30.24,5670.93,5670.55,1.0,0.3,9.75,30.14,1.39,50.67,53.74,100.0,44.95
2018-01-02 16:27:00,1,1,34.25,72.0,68.0,31.43,30.2,34.25,0.0,0.0,0.0,45.0,30.21,0.0,0.35,0.0,120.0,30.2,5670.72,5670.35,1.0,0.3,9.75,30.11,1.39,50.76,53.82,100.0,45.04
2018-01-02 16:28:00,1,1,34.2,72.0,68.0,31.39,30.16,34.2,0.0,0.0,0.0,45.0,30.17,0.0,0.35,0.0,120.0,30.17,5671.06,5670.69,1.0,0.3,9.75,30.07,1.39,50.85,53.91,100.0,45.13
2018-01-02 16:29:00,1,1,34.16,72.0,68.0,31.35,30.13,34.16,0.0,0.0,0.0,45.0,30.14,0.0,0.35,0.0,120.0,30.13,5670.26,5669.86,1.0,0.3,9.75,30.04,1.39,50.93,54.0,100.0,45.21
2018-01-02 16:30:00,1,1,34.12,72.0,68.0,31.31,30.09,34.12,0.0,0.0,0.0,45.0,30.1,0.0,0.35,0.0,120.0,30.1,5670.72,5670.35,1.0,0.3,9.75,30.0,1.39,51.01,54.09,100.0,45.28
2018-01-02 16:31:00,1,1,34.08,72.0,68.0,31.28,30.06,34.08,0.0,0.0,0.0,45.0,30.07,0.0,0.35,0.0,120.0,30.06,5670.25,5669.84,1.0,0.3,9.75,29.97,1.39,51.1,54.18,100.0,45.34
2018-01-02 16:32:00,1,1,34.04,72.0,68.0,31.24,30.02,34.04,0.0,0.0,0.0,45.0,30.03,0.0,0.35,0.0,120.0,30.03,5670.42,5670.02,1.0,0.3,9.75,29.93,1.39,51.18,54.27,100.0,45.41
2018-01-02 16:33:00,1,1,34.0,72.0,68.0,31.2,29.99,34.0,0.0,0.0,0.0,45.0,30.0,0.0,0.36,0.0,120.0,29.99,5670.72,5670.35,1.0,0.3,9.75,29.9,1.39,51.26,54.36,100.0,45.48
2018-01-02 16:34:00,1,1,33.96,72.0,68.0,31.17,29.95,33.96,0.0,0.0,0.0,45.0,29.96,0.0,0.36,0.0,120.0,29.96,5671.02,5670.65,1.0,0.3,9.75,29.86,1.39,51.34,54.45,100.0,45.54
2018-01-02 16:35:00,1,1,33.93,72.0,68.0,31.13,29.92,33.93,0.0,0.0,0.0,45.0,29.93,0.0,0.36,0.0,120.0,29.92,5670.26,5669.88,1.0,0.3,9.75,29.83,1.39,51.43,54.54,100.0,45.61
2018-01-02 16:36:00,1,1,33.89,72.0,68.0,31.1,29.88,33.89,0.0,0.0,0.0,45.0,29.89,0.0,0.36,0.0,120.0,29.89,5670.72,5670.35,1.0,0.3,9.75,29.79,1.39,51.51,54.64,100.0,45.68
2018-01-02 16:37:00,1,1,33.85,72.0,68.0,31.06,29.85,33.85,0.0,0.0,0.0,45.0,29.85,0.0,0.36,0.0,120.0,29.85,5670.41,5670.0,1.0,0.3,9.75,29.75,1.39,51.6,54.73,100.0,45.75
2018-01-02 16:38:00,1,1,33.81,72.0,68.0,31.02,29.81,33.81,0.0,0.0,0.0,45.0,29.82,0.0,0.36,0.0,120.0,29.82,5670.58,5670.19,1.0,0.3,9.75,29.72,1.39,51.68,54.83,100.0,45.81
2018-01-02 16:39:00,1,1,33.78,72.0,68.0,30.99,29.77,33.78,0.0,0.0,0.0,45.0,29.78,0.0,0.36,0.0,120.0,29.78,5670.72,5670.35,1.0,0.3,9.75,29.68,1.39,51.77,54.92,100.0,45.88
2018-01-02 16:40:00,1,1,33.74,72.0,68.0,30.95,29.74,33.74,0.0,0.0,0.0,45.0,29.75,0.0,0.36,0.0,120.0,29.74,5671.08,5670.71,1.0,0.3,9.75,29.65,1.39,51.85,55.02,100.0,45.95
2018-01-02 16:41:00,1,1,33.7,72.0,68.0,30.91,29.7,33.7,0.0,0.0,0.0,45.0,29.71,0.0,0.36,0.0,120.0,29.71,5670.33,5669.95,1.0,0.3,9.75,29.61,1.39,51.94,55.11,100.0,46.02
2018-01-02 16:42:00,1,1,33.66,72.0,68.0,30.88,29.67,33.66,0.0,0.0,0.0,45.0,29.68,0.0,0.36,0.0,120.0,29.67,5670.19,5669.79,1.0,0.3,9.75,29.58,1.39,52.02,55.21,100.0,46.09
2018-01-02 16:43:00,1,1,33.63,72.0,68.0,30.84,29.63,33.63,0.0,0.0,0.0,45.0,29.64,0.0,0.36,0.0,120.0,29.64,5670.72,5670.35,1.0,0.3,9.75,29.54,1.39,52.11,55.31,100.0,46.16
2018-01-02 16:44:00,1,1,33.59,72.0,68.0,30.81,29.6,33.59,0.0,0.0,0.0,45.0,29.6,0.0,0.36,0.0,120.0,29.6,5670.92,5670.53,1.0,0.3,9.75,29.51,1.39,52.2,55.4,100.0,46.22
2018-01-02 16:45:00,1,1,33.55,72.0,68.0,30.77,29.56,33.55,0.0,0.0,0.0,45.0,29.57,0.0,0.36,0.0,120.0,29.57,5670.42,5670.02,1.0,0.3,9.75,29.47,1.39,52.28,55.5,100.0,46.29
2018-01-02 16:46:00,1,1,33.51,72.0,68.0,30.73,29.52,33.51,0.0,0.0,0.0,45.0,29.53,0.0,0.36,0.0,120.0,29.53,5670.26,5669.86,1.0,0.3,9.75,29.43,1.39,52.37,55.6,100.0,46.36
2018-01-02 16:47:00,1,1,33.48,72.0,68.0,30.7,29.49,33.48,0.0,0.0,0.0,45.0,29.5,0.0,0.36,0.0,120.0,29.49,5670.46,5670.05,1.0,0.3,9.75,29.4,1.39,52.46,55.7,100.0,46.43
2018-01-02 16:48:00,1,1,33.44,72.0,68.0,30.66,29.45,33.44,0.0,0.0,0.0,45.0,29.46,0.0,0.36,0.0,120.0,29.46,5670.6,5670.19,1.0,0.3,9.75,29.36,1.39,52.55,55.79,100.0,46.5
2018-01-02 16:49:00,1,1,33.4,72.0,68.0,30.63,29.42,33.4,0.0,0.0,0.0,45.0,29.43,0.0,0.36,0.0,120.0,29.42,5670.53,5670.12,1.0,0.3,9.75,29.33,1.39,52.64,55.89,100.0,46.57
2018-01-02 16:50:00,1,1,33.36,72.0,68.0,30.59,29.38,33.36,0.0,0.0,0.0,45.0,29.39,0.0,0.36,0.0,120.0,29.39,5670.35,5669.95,1.0,0.3,9.75,29.29,1.39,52.72,55.99,100.0,46.64
2018-01-02 16:51:00,1,1,33.33,72.0,68.0,30.55,29.35,33.33,0.0,0.0,0.0,45.0,29.36,0.0,0.36,0.0,120.0,29.35,5671.08,5670.69,1.0,0.3,9.75,29.26,1.39,52.81,56.09,100.0,46.71
2018-01-02 16:52:00,1,1,33.3,72.0,68.0,30.52,29.31,33.3,0.0,0.0,0.0,45.0,29.32,0.0,0.36,0.0,120.0,29.32,5670.51,5670.11,1.0,0.3,9.75,29.22,1.39,52.89,56.18,100.0,46.77
2018-01-02 16:53:00,1,1,33.26,72.0,68.0,30.49,29.28,33.26,0.0,0.0,0.0,45.0,29.29,0.0,0.36,0.0,120.0,29.28,5671.04,5670.67,1.0,0.3,9.75,29.19,1.39,52.98,56.28,100.0,46.84
2018-01-02 16:54:00,1,1,33.22,72.0,68.0,30.45,29.25,33.22,0.0,0.0,0.0,45.0,29.25,0.0,0.36,0.0,120.0,29.25,5670.58,5670.18,1.0,0.3,9.75,29.16,1.39,53.07,56.38,100.0,46.92
2018-01-02 16:55:00,1,1,33.18,72.0,68.0,30.41,29.21,33.18,0.0,0.0,0.0,45.0,29.22,0.0,0.36,0.0,120.0,29.22,5670.41,5670.02,1.0,0.3,9.75,29.12,1.39,53.16,56.48,100.0,46.99
2018-01-02 16:56:00,1,1,33.14,72.0,68.0,30.38,29.18,33.14,0.0,0.0,0.0,45.0,29.19,0.0,0.36,0.0,120.0,29.18,5670.72,5670.35,1.0,0.3,9.75,29.09,1.39,53.25,56.57,100.0,47.07
2018-01-02 16:57:00,1,1,33.1,72.0,68.0,30.34,29.14,33.1,0.0,0.0,0.0,45.0,29.15,0.0,0.36,0.0,120.0,29.15,5670.3,5669.89,1.0,0.3,9.75,29.05,1.39,53.34,56.67,100.0,47.14
2018-01-02 16:58:00,1,1,33.07,72.0,68.0,30.31,29.11,33.07,0.0,0.0,0.0,45.0,29.12,0.0,0.37,0.0,120.0,29.11,5670.72,5670.35,1.0,0.3,9.75,29.02,1.39,53.42,56.76,100.0,47.21
2018-01-02 16:59:00,1,1,33.03,72.0,68.0,30.28,29.08,33.03,0.0,0.0,0.0,45.0,29.09,0.0,0.37,0.0,120.0,29.08,5670.18,5669.77,1.0,0.3,9.75,28.99,1.39,53.51,56.86,100.0,47.28
2018-01-02 17:00:00,1,1,32.99,72.0,68.0,30.24,29.04,32.99,0.0,0.0,0.0,45.0,29.05,0.0,0.37,0.0,120.0,29.05,5670.46,5670.05,1.0,0.3,9.75,28.95,1.39,53.59,56.95,100.0,47.35
2018-01-02 17:01:00,1,1,32.96,72.0,68.0,30.22,29.02,32.96,0.0,0.0,0.0,45.0,29.02,0.0,0.37,0.0,120.0,29.02,5670.26,5669.86,1.0,0.3,9.75,28.93,1.39,53.66,57.02,100.0,47.42
2018-01-02 17:02:00,1,1,32.93,72.0,68.0,30.2,29.0,32.93,0.0,0.0,0.0,45.0,29.01,0.0,0.37,0.0,120.0,29.0,5670.49,5670.11,1.0,0.3,9.75,28.92,1.39,53.72,57.08,100.0,47.48
2018-01-02 17:03:00,1,1,32.9,72.0,68.0,30.18,28.99,32.9,0.0,0.0,0.0,45.0,28.99,0.0,0.37,0.0,120.0,28.99,5670.72,5670.35,1.0,0.3,9.75,28.91,1.39,53.78,57.13,100.0,47.55
2018-01-02 17:04:00,1,1,32.88,72.0,68.0,30.17,28.98,32.88,0.0,0.0,0.0,45.0,28.98,0.0,0.37,0.0,120.0,28.98,5670.93,5670.55,1.0,0.3,9.75,28.9,1.39,53.83,57.18,100.0,47.6
2018-01-02 17:05:00,1,1,32.86,72.0,68.0,30.15,28.96,32.86,0.0,0.0,0.0,45.0,28.97,0.0,0.37,0.0,120.0,28.97,5670.56,5670.16,1.0,0.3,9.75,28.89,1.39,53.89,57.23,100.0,47.66
2018-01-02 17:06:00,1,1,32.84,72.0,68.0,30.14,28.95,32.84,0.0,0.0,0.0,45.0,28.96,0.0,0.37,0.0,120.0,28.95,5670.51,5670.12,1.0,0.3,9.75,28.87,1.39,53.94,57.28,100.0,47.71
2018-01-02 17:07:00,1,1,32.82,72.0,68.0,30.12,28.94,32.82,0.0,0.0,0.0,45.0,28.94,0.0,0.37,0.0,120.0,28.94,5670.71,5670.33,1.0,0.3,9.75,28.86,1.39,53.99,57.33,100.0,47.76
2018-01-02 17:08:00,1,1,32.8,72.0,68.0,30.11,28.93,32.8,0.0,0.0,0.0,45.0,28.93,0.0,0.37,0.0,120.0,28.93,5670.62,5670.23,1.0,0.3,9.75,28.85,1.39,54.04,57.38,100.0,47.81
2018-01-02 17:09:00,1,1,32.78,72.0,68.0,30.1,28.92,32.78,0.0,0.0,0.0,45.0,28.92,0.0,0.37,0.0,120.0,28.92,5670.48,5670.09,1.0,0.3,9.75,28.84,1.39,54.09,57.43,100.0,47.86
2018-01-02 17:10:00,1,1,32.76,72.0,68.0,30.08,28.91,32.76,0.0,0.0,0.0,45.0,28.91,0.0,0.37,0.0,120.0,28.91,5671.08,5670.71,1.0,0.3,9.75,28.83,1.39,54.13,57.47,100.0,47.91
2018-01-02 17:11:00,1,1,32.74,72.0,68.0,30.07,28.9,32.74,0.0,0.0,0.0,45.0,28.9,0.0,0.37,0.0,120.0,28.9,5671.08,5670.71,1.0,0.3,9.75,28.82,1.39,54.18,57.52,100.0,47.96
2018-01-02 17:12:00,1,1,32.73,72.0,68.0,30.06,28.89,32.73,0.0,0.0,0.0,45.0,28.89,0.0,0.37,0.0,120.0,28.89,5670.49,5670.09,1.0,0.3,9.75,28.81,1.39,54.22,57.56,100.0,48.0
2018-01-02 17:13:00,1,1,32.71,72.0,68.0,30.05,28.88,32.71,0.0,0.0,0.0,45.0,28.88,0.0,0.37,0.0,120.0,28.88,5670.35,5669.96,1.0,0.3,9.75,28.8,1.39,54.27,57.61,100.0,48.05
2018-01-02 17:14:00,1,1,32.69,72.0,68.0,30.03,28.87,32.69,0.0,0.0,0.0,45.0,28.87,0.0,0.37,0.0,120.0,28.87,5670.37,5669.96,1.0,0.3,9.75,28.79,1.39,54.31,57.65,100.0,48.09
2018-01-02 17:15:00,1,1,32.67,72.0,68.0,30.02,28.86,32.67,0.0,0.0,0.0,45.0,28.86,0.0,0.37,0.0,120.0,28.86,5670.72,5670.35,1.0,0.3,9.75,28.78,1.39,54.36,57.69,100.0,48.14
2018-01-02 17:16:00,1,1,32.66,72.0,68.0,30.01,28.85,32.66,0.0,0.0,0.0,45.0,28.85,0.0,0.37,0.0,120.0,28.85,5670.72,5670.35,1.0,0.3,9.75,28.77,1.39,54.4,57.73,100.0,48.18
2018-01-02 17:17:00,1,1,32.64,72.0,68.0,30.0,28.84,32.64,0.0,0.0,0.0,45.0,28.84,0.0,0.37,0.0,120.0,28.84,5671.06,5670.69,1.0,0.3,9.75,28.76,1.39,54.44,57.77,100.0,48.22
2018-01-02 17:18:00,1,1,32.62,72.0,68.0,29.98,28.82,32.62,0.0,0.0,0.0,45.0,28.83,0.0,0.37,0.0,120.0,28.83,5670.53,5670.14,1.0,0.3,9.75,28.75,1.39,54.48,57.81,100.0,48.27
2018-01-02 17:19:00,1,1,32.6,72.0,68.0,29.97,28.81,32.6,0.0,0.0,0.0,45.0,28.82,0.0,0.37,0.0,120.0,28.82,5671.09,5670.72,1.0,0.3,9.75,28.74,1.39,54.52,57.85,100.0,48.31
2018-01-02 17:20:00,1,1,32.59,72.0,68.0,29.96,28.8,32.59,0.0,0.0,0.0,45.0,28.81,0.0,0.37,0.0,120.0,28.81,5670.56,5670.16,1.0,0.3,9.75,28.73,1.39,54.56,57.89,100.0,48.35
2018-01-02 17:21:00,1,1,32.57,72.0,68.0,29.95,28.79,32.57,0.0,0.0,0.0,45.0,28.8,0.0,0.37,0.0,120.0,28.8,5670.19,5669.79,1.0,0.3,9.75,28.72,1.39,54.6,57.93,100.0,48.39
2018-01-02 17:22:00,1,1,32.55,72.0,68.0,29.93,28.78,32.55,0.0,0.0,0.0,45.0,28.79,0.0,0.37,0.0,120.0,28.78,5670.37,5669.96,1.0,0.3,9.75,28.71,1.39,54.64,57.96,100.0,48.43
2018-01-02 17:23:00,1,1,32.53,72.0,68.0,29.92,28.77,32.53,0.0,0.0,0.0,45.0,28.78,0.0,0.37,0.0,120.0,28.77,5670.53,5670.14,1.0,0.3,9.75,28.7,1.39,54.67,58.0,100.0,48.47
2018-01-02 17:24:00,1,1,32.51,72.0,68.0,29.91,28.76,32.51,0.0,0.0,0.0,45.0,28.77,0.0,0.37,0.0,120.0,28.76,5670.28,5669.88,1.0,0.3,9.75,28.69,1.39,54.71,58.03,100.0,48.5
2018-01-02 17:25:00,1,1,32.5,72.0,68.0,29.89,28.75,32.5,0.0,0.0,0.0,45.0,28.75,0.0,0.37,0.0,120.0,28.75,5670.55,5670.16,1.0,0.3,9.75,28.68,1.39,54.75,58.07,100.0,48.54
2018-01-02 17:26:00,1,1,32.48,72.0,68.0,29.88,28.74,32.48,0.0,0.0,0.0,45.0,28.74,0.0,0.37,0.0,120.0,28.74,5670.35,5669.96,1.0,0.3,9.75,28.67,1.39,54.78,58.1,100.0,48.58
2018-01-02 17:27:00,1,1,32.46,72.0,68.0,29.87,28.73,32.46,0.0,0.0,0.0,45.0,28.73,0.0,0.37,0.0,120.0,28.73,5671.08,5670.71,1.0,0.3,9.75,28.65,1.39,54.81,58.14,100.0,48.61
2018-01-02 17:28:00,0,2,32.59,72.0,68.0,30.06,28.74,32.59,0.0,0.0,0.0,45.0,28.8,0.06,0.0,0.0,120.0,28.74,39.09,39.09,1.0,0.0,0.0,28.64,1.18,54.35,58.17,100.0,48.39
2018-01-02 17:29:00,0,2,32.55,72.0,68.0,30.0,28.72,32.55,0.0,0.0,0.0,45.0,28.74,0.06,0.0,0.0,120.0,28.73,39.09,39.08,1.0,0.0,0.0,28.63,1.18,54.47,58.2,100.0,48.43
2018-01-02 17:30:00,0,2,32.49,72.0,68.0,29.96,28.7,32.49,0.0,0.0,0.0,45.0,28.71,0.06,0.0,0.0,120.0,28.7,39.09,39.09,1.0,0.0,0.0,28.62,1.17,54.55,58.23,100.0,48.54
2018-01-02 17:31:00,0,2,32.44,72.0,68.0,29.93,28.68,32.44,0.0,0.0,0.0,45.0,28.69,0.06,0.0,0.0,120.0,28.69,39.08,39.08,1.0,0.0,0.0,28.61,1.17,54.61,58.26,100.0,48.64
2018-01-02 17:32:00,0,2,32.4,72.0,68.0,29.91,28.67,32.4,0.0,0.0,0.0,45.0,28.67,0.06,0.0,0.0,120.0,28.67,39.09,39.08,1.0,0.0,0.0,28.59,1.17,54.66,58.29,100.0,48.71
2018-01-02 17:33:00,0,2,32.37,72.0,68.0,29.89,28.66,32.37,0.0,0.0,0.0,45.0,28.66,0.06,0.0,0.0,120.0,28.66,39.09,39.08,1.0,0.0,0.0,28.58,1.17,54.7,58.32,100.0,48.77
2018-01-02 17:34:00,0,2,32.34,72.0,68.0,29.88,28.64,32.34,0.0,0.0,0.0,45.0,28.65,0.06,0.0,0.0,120.0,28.65,39.09,39.09,1.0,0.0,0.0,28.57,1.17,54.73,58.35,100.0,48.81
2018-01-02 17:35:00,0,2,32.32,72.0,68.0,29.86,28.63,32.32,0.0,0.0,0.0,45.0,28.63,0.06,0.0,0.0,120.0,28.63,39.09,39.09,1.0,0.0,0.0,28.56,1.17,54.77,58.38,100.0,48.85
2018-01-02 17:36:00,0,2,32.3,72.0,68.0,29.84,28.62,32.3,0.0,0.0,0.0,45.0,28.62,0.06,0.0,0.0,120.0,28.62,39.09,39.08,1.0,0.0,0.0,28.54,1.17,54.8,58.41,100.0,48.88
2018-01-02 17:37:00,0,2,32.28,72.0,68.0,29.83,28.6,32.28,0.0,0.0,0.0,45.0,28.61,0.06,0.0,0.0,120.0,28.6,39.08,39.08,1.0,0.0,0.0,28.53,1.17,54.82,58.44,100.0,48.91
2018-01-02 17:38:00,0,2,32.25,72.0,68.0,29.81,28.59,32.25,0.0,0.0,0.0,45.0,28.59,0.06,0.0,0.0,120.0,28.59,39.08,39.08,1.0,0.0,0.0,28.51,1.17,54.85,58.47,100.0,48.94
2018-01-02 17:39:00,0,2,32.23,72.0,68.0,29.79,28.57,32.23,0.0,0.0,0.0,45.0,28.58,0.06,0.0,0.0,120.0,28.58,39.08,39.08,1.0,0.0,0.0,28.5,1.17,54.88,58.49,100.0,48.97
2018-01-02 17:40:00,0,2,32.21,72.0,68.0,29.77,28.56,32.21,0.0,0.0,0.0,45.0,28.56,0.06,0.0,0.0,120.0,28.56,39.08,39.08,1.0,0.0,0.0,28.48,1.17,54.91,58.52,100.0,48.99
2018-01-02 17:41:00,0,2,32.29,72.0,68.0,29.99,28.55,32.29,0.0,0.0,0.0,45.0,28.59,0.0,0.0,0.0,120.0,28.55,0.9,0.9,1.0,0.0,0.0,28.47,1.01,54.38,58.54,100.0,48.84
2018-01-02 17:42:00,0,2,32.33,72.0,68.0,29.9,28.55,32.33,0.0,0.0,0.0,45.0,28.58,0.0,0.0,0.0,120.0,28.55,1.14,1.14,1.0,0.0,0.0,28.45,1.0,54.53,58.57,100.0,48.72
2018-01-02 17:43:00,1,1,32.25,72.0,68.0,29.8,28.53,32.25,0.0,0.0,0.0,45.0,28.54,0.0,0.37,0.0,120.0,28.52,370.12,370.07,1.0,0.3,9.75,28.43,1.41,54.89,58.6,100.0,48.84
2018-01-02 17:44:00,1,1,32.33,72.0,68.0,29.68,28.52,32.33,0.0,0.0,0.0,45.0,28.57,0.0,0.37,0.0,120.0,28.53,5670.46,5670.05,1.0,0.3,9.75,28.42,1.39,55.1,58.62,100.0,48.68
2018-01-02 17:45:00,1,1,32.24,72.0,68.0,29.63,28.49,32.24,0.0,0.0,0.0,45.0,28.5,0.0,0.37,0.0,120.0,28.49,5670.72,5670.35,1.0,0.3,9.75,28.4,1.39,55.2,58.64,100.0,48.82
2018-01-02 17:46:00,1,1,32.16,72.0,68.0,29.59,28.46,32.16,0.0,0.0,0.0,45.0,28.47,0.0,0.37,0.0,120.0,28.46,5670.42,5670.03,1.0,0.3,9.75,28.38,1.39,55.27,58.67,100.0,48.94
2018-01-02 17:47:00,1,1,32.1,72.0,68.0,29.55,28.44,32.1,0.0,0.0,0.0,45.0,28.44,0.0,0.38,0.0,120.0,28.44,5670.72,5670.35,1.0,0.3,9.75,28.36,1.39,55.32,58.69,100.0,49.03
2018-01-02 17:48:00,1,1,32.06,72.0,68.0,29.53,28.42,32.06,0.0,0.0,0.0,45.0,28.42,0.0,0.38,0.0,120.0,28.42,5670.72,5670.35,1.0,0.3,9.75,28.34,1.39,55.36,58.72,100.0,49.1
2018-01-02 17:49:00,1,1,32.02,72.0,68.0,29.5,28.4,32.02,0.0,0.0,0.0,45.0,28.4,0.0,0.38,0.0,120.0,28.4,5670.19,5669.79,1.0,0.3,9.75,28.32,1.39,55.39,58.74,100.0,49.14
2018-01-02 17:50:00,1,1,31.99,72.0,68.0,29.48,28.38,31.99,0.0,0.0,0.0,45.0,28.38,0.0,0.38,0.0,120.0,28.38,5670.49,5670.09,1.0,0.3,9.75,28.3,1.39,55.42,58.76,100.0,49.17
2018-01-02 17:51:00,1,1,31.96,72.0,68.0,29.45,28.36,31.96,0.0,0.0,0.0,45.0,28.36,0.0,0.38,0.0,120.0,28.36,5670.71,5670.33,1.0,0.3,9.75,28.28,1.39,55.44,58.78,100.0,49.19
2018-01-02 17:52:00,0,2,32.08,72.0,68.0,29.61,28.36,32.08,0.0,0.0,0.0,45.0,28.41,0.06,0.0,0.0,120.0,28.36,39.08,39.08,1.0,0.0,0.0,28.26,1.18,54.99,58.81,100.0,48.93
2018-01-02 17:53:00,0,2,32.02,72.0,68.0,29.55,28.33,32.02,0.0,0.0,0.0,45.0,28.34,0.06,0.0,0.0,120.0,28.33,39.09,39.09,1.0,0.0,0.0,28.23,1.18,55.09,58.83,100.0,49.0
2018-01-02 17:54:00,0,2,31.95,72.0,68.0,29.51,28.29,31.95,0.0,0.0,0.0,45.0,28.3,0.06,0.0,0.0,120.0,28.3,39.08,39.08,1.0,0.0,0.0,28.21,1.17,55.15,58.85,100.0,49.1
2018-01-02 17:55:00,0,2,31.89,72.0,68.0,29.47,28.27,31.89,0.0,0.0,0.0,45.0,28.27,0.06,0.0,0.0,120.0,28.27,39.09,39.08,1.0,0.0,0.0,28.19,1.17,55.19,58.87,100.0,49.17
2018-01-02 17:56:00,0,2,31.85,72.0,68.0,29.44,28.24,31.85,0.0,0.0,0.0,45.0,28.25,0.06,0.0,0.0,120.0,28.24,39.09,39.09,1.0,0.0,0.0,28.16,1.17,55.22,58.89,100.0,49.21
2018-01-02 17:57:00,0,2,31.81,72.0,68.0,29.41,28.21,31.81,0.0,0.0,0.0,45.0,28.22,0.06,0.0,0.0,120.0,28.22,39.08,39.08,1.0,0.0,0.0,28.14,1.17,55.25,58.91,100.0,49.25
2018-01-02 17:58:00,0,2,31.77,72.0,68.0,29.38,28.19,31.77,0.0,0.0,0.0,45.0,28.19,0.06,0.0,0.0,120.0,28.19,39.08,39.08,1.0,0.0,0.0,28.11,1.17,55.27,58.94,100.0,49.27
2018-01-02 17:59:00,0,2,31.74,72.0,68.0,29.35,28.16,31.74,0.0,0.0,0.0,45.0,28.17,0.06,0.0,0.0,120.0,28.16,39.08,39.08,1.0,0.0,0.0,28.08,1.17,55.29,58.96,100.0,49.28
2018-01-02 18:00:00,0,2,31.71,72.0,68.0,29.32,28.13,31.71,0.0,0.0,0.0,45.0,28.14,0.06,0.0,0.0,120.0,28.14,39.08,39.08,1.0,0.0,0.0,28.05,1.17,55.3,58.98,100.0,49.29
2018-01-02 18:01:00,0,2,31.67,72.0,68.0,29.28,28.09,31.67,0.0,0.0,0.0,45.0,28.1,0.06,0.0,0.0,120.0,28.1,39.08,39.08,1.0,0.0,0.0,28.0,1.17,55.32,59.01,100.0,49.29
2018-01-02 18:02:00,0,2,31.63,72.0,68.0,29.22,28.04,31.63,0.0,0.0,0.0,45.0,28.05,0.06,0.0,0.0,120.0,28.05,39.08,39.08,1.0,0.0,0.0,27.94,1.17,55.34,59.06,100.0,49.27
2018-01-02 18:03:00,0,2,31.58,72.0,68.0,29.16,27.98,31.58,0.0,0.0,0.0,45.0,27.99,0.06,0.0,0.0,120.0,27.98,39.08,39.08,1.0,0.0,0.0,27.88,1.17,55.36,59.1,100.0,49.25
2018-01-02 18:04:00,0,2,31.53,72.0,68.0,29.1,27.91,31.53,0.0,0.0,0.0,45.0,27.93,0.06,0.0,0.0,120.0,27.92,39.08,39.08,1.0,0.0,0.0,27.81,1.17,55.37,59.15,100.0,49.23
2018-01-02 18:05:00,0,2,31.47,72.0,68.0,29.04,27.85,31.47,0.0,0.0,0.0,45.0,27.86,0.06,0.0,0.0,120.0,27.86,39.08,39.08,1.0,0.0,0.0,27.75,1.17,55.39,59.19,100.0,49.21
2018-01-02 18:06:00,0,2,31.41,72.0,68.0,28.97,27.78,31.41,0.0,0.0,0.0,45.0,27.8,0.06,0.0,0.0,120.0,27.79,39.08,39.08,1.0,0.0,0.0,27.68,1.17,55.41,59.24,100.0,49.19
2018-01-02 18:07:00,0,2,31.35,72.0,68.0,28.91,27.72,31.35,0.0,0.0,0.0,45.0,27.73,0.06,0.0,0.0,120.0,27.72,39.09,39.09,1.0,0.0,0.0,27.61,1.17,55.43,59.28,100.0,49.18
2018-01-02 18:08:00,0,2,31.29,72.0,68.0,28.84,27.65,31.29,0.0,0.0,0.0,45.0,27.66,0.06,0.0,0.0,120.0,27.66,39.08,39.08,1.0,0.0,0.0,27.55,1.17,55.45,59.33,100.0,49.17
2018-01-02 18:09:00,0,2,31.23,72.0,68.0,28.78,27.58,31.23,0.0,0.0,0.0,45.0,27.59,0.06,0.0,0.0,120.0,27.59,39.09,39.08,1.0,0.0,0.0,27.48,1.17,55.47,59.37,100.0,49.15
2018-01-02 18:10:00,0,2,31.16,72.0,68.0,28.71,27.51,31.16,0.0,0.0,0.0,45.0,27.53,0.06,0.0,0.0,120.0,27.52,39.09,39.09,1.0,0.0,0.0,27.41,1.17,55.5,59.42,100.0,49.14
2018-01-02 18:11:00,0,2,31.1,72.0,68.0,28.64,27.44,31.1,0.0,0.0,0.0,45.0,27.46,0.06,0.0,0.0,120.0,27.45,39.09,39.09,1.0,0.0,0.0,27.34,1.17,55.52,59.46,100.0,49.12
2018-01-02 18:12:00,0,2,31.04,72.0,68.0,28.58,27.37,31.04,0.0,0.0,0.0,45.0,27.39,0.06,0.0,0.0,120.0,27.38,39.08,39.08,1.0,0.0,0.0,27.27,1.17,55.54,59.51,100.0,49.1
2018-01-02 18:13:00,0,2,30.97,72.0,68.0,28.51,27.3,30.97,0.0,0.0,0.0,45.0,27.32,0.06,0.0,0.0,120.0,27.31,39.09,39.09,1.0,0.0,0.0,27.2,1.17,55.55,59.55,100.0,49.09
2018-01-02 18:14:00,0,2,30.91,72.0,68.0,28.44,27.23,30.91,0.0,0.0,0.0,45.0,27.25,0.06,0.0,0.0,120.0,27.24,39.08,39.08,1.0,0.0,0.0,27.13,1.17,55.57,59.6,100.0,49.07
2018-01-02 18:15:00,0,2,30.84,72.0,68.0,28.37,27.16,30.84,0.0,0.0,0.0,45.0,27.18,0.06,0.0,0.0,120.0,27.17,39.09,39.08,1.0,0.0,0.0,27.06,1.17,55.59,59.64,100.0,49.05
2018-01-02 18:16:00,0,2,30.77,72.0,68.0,28.3,27.09,30.77,0.0,0.0,0.0,45.0,27.11,0.06,0.0,0.0,120.0,27.1,39.09,39.09,1.0,0.0,0.0,26.99,1.17,55.61,59.69,100.0,49.03
2018-01-02 18:17:00,0,2,30.71,72.0,68.0,28.23,27.02,30.71,0.0,0.0,0.0,45.0,27.04,0.06,0.0,0.0,120.0,27.03,39.08,39.08,1.0,0.0,0.0,26.92,1.17,55.63,59.73,100.0,49.02
2018-01-02 18:18:00,0,2,30.64,72.0,68.0,28.16,26.95,30.64,0.0,0.0,0.0,45.0,26.96,0.06,0.0,0.0,120.0,26.96,39.09,39.08,1.0,0.0,0.0,26.85,1.17,55.65,59.78,100.0,49.0
2018-01-02 18:19:00,0,2,30.57,72.0,68.0,28.09,26.88,30.57,0.0,0.0,0.0,45.0,26.89,0.06,0.0,0.0,120.0,26.89,39.09,39.09,1.0,0.0,0.0,26.77,1.17,55.67,59.82,100.0,48.97
2018-01-02 18:20:00,0,2,30.51,72.0,68.0,28.02,26.81,30.51,0.0,0.0,0.0,45.0,26.82,0.06,0.0,0.0,120.0,26.81,39.09,39.08,1.0,0.0,0.0,26.7,1.17,55.68,59.86,100.0,48.95
2018-01-02 18:21:00,0,2,30.45,72.0,68.0,27.95,26.73,30.45,0.0,0.0,0.0,45.0,26.75,0.06,0.0,0.0,120.0,26.74,39.08,39.08,1.0,0.0,0.0,26.63,1.17,55.69,59.91,100.0,48.92
2018-01-02 18:22:00,0,2,30.38,72.0,68.0,27.88,26.66,30.38,0.0,0.0,0.0,45.0,26.68,0.06,0.0,0.0,120.0,26.67,39.09,39.08,1.0,0.0,0.0,26.56,1.17,55.71,59.95,100.0,48.9
2018-01-02 18:23:00,0,2,30.31,72.0,68.0,27.81,26.59,30.31,0.0,0.0,0.0,45.0,26.6,0.06,0.0,0.0,120.0,26.6,39.08,39.08,1.0,0.0,0.0,26.49,1.17,55.73,60.0,100.0,48.88
2018-01-02 18:24:00,0,2,30.24,72.0,68.0,27.74,26.52,30.24,0.0,0.0,0.0,45.0,26.53,0.06,0.0,0.0,120.0,26.53,39.09,39.09,1.0,0.0,0.0,26.41,1.17,55.74,60.04,100.0,48.86
2018-01-02 18:25:00,0,2,30.17,72.0,68.0,27.67,26.45,30.17,0.0,0.0,0.0,45.0,26.46,0.06,0.0,0.0,120.0,26.45,39.09,39.09,1.0,0.0,0.0,26.34,1.17,55.76,60.08,100.0,48.84
2018-01-02 18:26:00,0,2,30.1,72.0,68.0,27.6,26.37,30.1,0.0,0.0,0.0,45.0,26.39,0.06,0.0,0.0,120.0,26.38,39.08,39.08,1.0,0.0,0.0,26.27,1.17,55.77,60.12,100.0,48.81
2018-01-02 18:27:00,0,2,30.03,72.0,68.0,27.53,26.3,30.03,0.0,0.0,0.0,45.0,26.32,0.06,0.0,0.0,120.0,26.31,39.08,39.08,1.0,0.0,0.0,26.2,1.17,55.79,60.16,100.0,48.79
2018-01-02 18:28:00,0,2,29.97,72.0,68.0,27.46,26.23,29.97,0.0,0.0,0.0,45.0,26.24,0.06,0.0,0.0,120.0,26.24,39.08,39.08,1.0,0.0,0.0,26.12,1.17,55.8,60.21,100.0,48.76
2018-01-02 18:29:00,0,2,29.9,72.0,68.0,27.39,26.16,29.9,0.0,0.0,0.0,45.0,26.17,0.06,0.0,0.0,120.0,26.17,39.08,39.08,1.0,0.0,0.0,26.05,1.17,55.81,60.25,100.0,48.73
2018-01-02 18:30:00,0,2,29.83,72.0,68.0,27.31,26.09,29.83,0.0,0.0,0.0,45.0,26.1,0.06,0.0,0.0,120.0,26.09,39.08,39.08,1.0,0.0,0.0,25.98,1.17,55.82,60.29,100.0,48.7
2018-01-02 18:31:00,0,2,29.77,72.0,68.0,27.25,26.01,29.77,0.0,0.0,0.0,45.0,26.03,0.06,0.0,0.0,120.0,26.02,39.09,39.08,1.0,0.0,0.0,25.91,1.17,55.83,60.33,100.0,48.68
2018-01-02 18:32:00,0,2,29.7,72.0,68.0,27.18,25.94,29.7,0.0,0.0,0.0,45.0,25.96,0.06,0.0,0.0,120.0,25.95,39.09,39.08,1.0,0.0,0.0,25.84,1.17,55.84,60.37,100.0,48.65
2018-01-02 18:33:00,0,2,29.63,72.0,68.0,27.11,25.87,29.63,0.0,0.0,0.0,45.0,25.89,0.06,0.0,0.0,120.0,25.88,39.08,39.08,1.0,0.0,0.0,25.77,1.17,55.85,60.4,100.0,48.62
2018-01-02 18:34:00,0,2,29.56,72.0,68.0,27.04,25.8,29.56,0.0,0.0,0.0,45.0,25.82,0.06,0.0,0.0,120.0,25.81,39.08,39.08,1.0,0.0,0.0,25.7,1.17,55.86,60.44,100.0,48.59
2018-01-02 18:35:00,0,2,29.5,72.0,68.0,26.97,25.73,29.5,0.0,0.0,0.0,45.0,25.75,0.06,0.0,0.0,120.0,25.74,39.08,39.08,1.0,0.0,0.0,25.63,1.17,55.87,60.48,100.0,48.55
2018-01-02 18:36:00,0,2,29.43,72.0,68.0,26.9,25.66,29.43,0.0,0.0,0.0,45.0,25.67,0.06,0.0,0.0,120.0,25.67,39.08,39.08,1.0,0.0,0.0,25.56,1.17,55.88,60.51,100.0,48.52
2018-01-02 18:37:00,0,2,29.37,72.0,68.0,26.83,25.59,29.37,0.0,0.0,0.0,45.0,25.61,0.06,0.0,0.0,120.0,25.6,39.08,39.08,1.0,0.0,0.0,25.49,1.17,55.88,60.55,100.0,48.49
2018-01-02 18:38:00,0,2,29.3,72.0,68.0,26.76,25.52,29.3,0.0,0.0,0.0,45.0,25.54,0.06,0.0,0.0,120.0,25.53,39.09,39.08,1.0,0.0,0.0,25.42,1.17,55.89,60.58,100.0,48.46
2018-01-02 18:39:00,0,2,29.24,72.0,68.0,26.7,25.45,29.24,0.0,0.0,0.0,45.0,25.47,0.06,0.0,0.0,120.0,25.46,39.08,39.08,1.0,0.0,0.0,25.35,1.17,55.9,60.62,100.0,48.42
2018-01-02 18:40:00,0,2,29.17,72.0,68.0,26.63,25.39,29.17,0.0,0.0,0.0,45.0,25.4,0.06,0.0,0.0,120.0,25.39,39.08,39.08,1.0,0.0,0.0,25.28,1.17,55.9,60.65,100.0,48.39
2018-01-02 18:41:00,0,2,29.11,72.0,68.0,26.56,25.32,29.11,0.0,0.0,0.0,45.0,25.33,0.06,0.0,0.0,120.0,25.33,39.09,39.09,1.0,0.0,0.0,25.21,1.17,55.9,60.68,100.0,48.36
2018-01-02 18:42:00,0,2,29.04,72.0,68.0,26.5,25.25,29.04,0.0,0.0,0.0,45.0,25.27,0.06,0.0,0.0,120.0,25.26,39.08,39.08,1.0,0.0,0.0,25.15,1.17,55.91,60.71,100.0,48.32
2018-01-02 18:43:00,0,2,28.98,72.0,68.0,26.43,25.19,28.98,0.0,0.0,0.0,45.0,25.2,0.06,0.0,0.0,120.0,25.19,39.08,39.08,1.0,0.0,0.0,25.08,1.17,55.91,60.74,100.0,48.28
2018-01-02 18:44:00,0,2,28.92,72.0,68.0,26.37,25.12,28.92,0.0,0.0,0.0,45.0,25.13,0.06,0.0,0.0,120.0,25.13,39.08,39.08,1.0,0.0,0.0,25.02,1.17,55.91,60.77,100.0,48.25
2018-01-02 18:45:00,0,2,28.86,72.0,68.0,26.31,25.06,28.86,0.0,0.0,0.0,45.0,25.07,0.06,0.0,0.0,120.0,25.06,39.08,39.08,1.0,0.0,0.0,24.95,1.17,55.91,60.8,100.0,48.21
2018-01-02 18:46:00,0,2,28.79,72.0,68.0,26.24,24.99,28.79,0.0,0.0,0.0,45.0,25.0,0.06,0.0,0.0,120.0,25.0,39.09,39.09,1.0,0.0,0.0,24.89,1.17,55.91,60.82,100.0,48.17
2018-01-02 18:47:00,0,2,28.73,72.0,68.0,26.18,24.93,28.73,0.0,0.0,0.0,45.0,24.94,0.06,0.0,0.0,120.0,24.94,39.09,39.08,1.0,0.0,0.0,24.83,1.17,55.9,60.84,100.0,48.14
2018-01-02 18:48:00,0,2,28.67,72.0,68.0,26.12,24.87,28.67,0.0,0.0,0.0,45.0,24.88,0.06,0.0,0.0,120.0,24.87,39.09,39.08,1.0,0.0,0.0,24.76,1.17,55.9,60.87,100.0,48.1
2018-01-02 18:49:00,0,2,28.61,72.0,68.0,26.06,24.8,28.61,0.0,0.0,0.0,45.0,24.82,0.06,0.0,0.0,120.0,24.81,39.08,39.08,1.0,0.0,0.0,24.7,1.17,55.9,60.89,100.0,48.06
2018-01-02 18:50:00,0,2,28.56,72.0,68.0,26.0,24.74,28.56,0.0,0.0,0.0,45.0,24.76,0.06,0.0,0.0,120.0,24.75,39.08,39.08,1.0,0.0,0.0,24.64,1.17,55.89,60.91,100.0,48.02
2018-01-02 18:51:00,0,2,28.5,72.0,68.0,25.94,24.68,28.5,0.0,0.0,0.0,45.0,24.7,0.06,0.0,0.0,120.0,24.69,39.08,39.08,1.0,0.0,0.0,24.58,1.17,55.88,60.93,100.0,47.98
2018-01-02 18:52:00,0,2,28.44,72.0,68.0,25.88,24.63,28.44,0.0,0.0,0.0,45.0,24.64,0.06,0.0,0.0,120.0,24.63,39.08,39.08,1.0,0.0,0.0,24.53,1.17,55.88,60.94,100.0,47.94
2018-01-02 18:53:00,0,2,28.38,72.0,68.0,25.83,24.57,28.38,0.0,0.0,0.0,45.0,24.58,0.06,0.0,0.0,120.0,24.58,39.08,39.08,1.0,0.0,0.0,24.47,1.17,55.87,60.96,100.0,47.9
2018-01-02 18:54:00,0,2,28.33,72.0,68.0,25.77,24.51,28.33,0.0,0.0,0.0,45.0,24.52,0.06,0.0,0.0,120.0,24.52,39.08,39.08,1.0,0.0,0.0,24.41,1.17,55.86,60.97,100.0,47.86
2018-01-02 18:55:00,0,2,28.27,72.0,68.0,25.72,24.46,28.27,0.0,0.0,0.0,45.0,24.47,0.06,0.0,0.0,120.0,24.46,39.08,39.08,1.0,0.0,0.0,24.36,1.17,55.85,60.98,100.0,47.82
2018-01-02 18:56:00,0,2,28.22,72.0,68.0,25.96,24.4,28.22,0.0,0.0,0.0,45.0,24.41,0.06,0.0,0.0,120.0,24.41,-13.35,-13.34,1.0,0.0,0.0,24.3,1.17,54.95,60.99,100.0,47.79
2018-01-02 18:57:00,0,2,28.35,72.0,68.0,25.8,24.38,28.35,0.0,0.0,0.0,45.0,24.43,0.0,0.0,0.0,120.0,24.38,1.14,1.14,1.0,0.0,0.0,24.25,1.0,55.19,61.0,100.0,47.31
2018-01-02 18:58:00,0,2,28.25,72.0,68.0,25.71,24.31,28.25,0.0,0.0,0.0,45.0,24.33,0.0,0.0,0.0,120.0,24.32,1.14,1.14,1.0,0.0,0.0,24.2,0.99,55.27,61.0,100.0,47.36
2018-01-02 18:59:00,0,2,28.16,72.0,68.0,25.64,24.25,28.16,0.0,0.0,0.0,45.0,24.26,0.0,0.0,0.0,120.0,24.26,1.14,1.14,1.0,0.0,0.0,24.15,0.99,55.31,61.0,100.0,47.42
2018-01-02 19:00:00,0,2,28.08,72.0,68.0,25.58,24.2,28.08,0.0,0.0,0.0,45.0,24.21,0.0,0.0,0.0,120.0,24.2,1.14,1.14,1.0,0.0,0.0,24.1,0.99,55.33,61.01,100.0,47.45
2018-01-02 19:01:00,0,2,28.02,72.0,68.0,25.54,24.16,28.02,0.0,0.0,0.0,45.0,24.17,0.0,0.0,0.0,120.0,24.17,1.14,1.14,1.0,0.0,0.0,24.08,0.99,55.26,60.88,100.0,47.45
2018-01-02 19:02:00,0,2,27.97,72.0,68.0,25.52,24.15,27.97,0.0,0.0,0.0,45.0,24.15,0.0,0.0,0.0,120.0,24.15,1.14,1.14,1.0,0.0,0.0,24.08,0.99,55.12,60.68,100.0,47.39
2018-01-02 19:03:00,0,2,27.94,72.0,68.0,25.51,24.15,27.94,0.0,0.0,0.0,45.0,24.15,0.0,0.0,0.0,120.0,24.15,1.14,1.14,1.0,0.0,0.0,24.07,0.99,54.97,60.47,100.0,47.3
2018-01-02 19:04:00,0,2,27.92,72.0,68.0,25.5,24.14,27.92,0.0,0.0,0.0,45.0,24.15,0.0,0.0,0.0,120.0,24.14,1.14,1.14,1.0,0.0,0.0,24.07,0.99,54.8,60.26,100.0,47.19
2018-01-02 19:05:00,0,2,27.91,72.0,68.0,25.5,24.14,27.91,0.0,0.0,0.0,45.0,24.15,0.0,0.0,0.0,120.0,24.14,1.14,1.14,1.0,0.0,0.0,24.08,0.99,54.62,60.04,100.0,47.07
2018-01-02 19:06:00,0,2,27.9,72.0,68.0,25.49,24.15,27.9,0.0,0.0,0.0,45.0,24.15,0.0,0.0,0.0,120.0,24.15,1.14,1.14,1.0,0.0,0.0,24.08,0.99,54.45,59.83,100.0,46.94
2018-01-02 19:07:00,0,2,27.89,72.0,68.0,25.49,24.15,27.89,0.0,0.0,0.0,45.0,24.15,0.0,0.0,0.0,120.0,24.15,1.14,1.14,1.0,0.0,0.0,24.08,0.99,54.27,59.61,100.0,46.8
2018-01-02 19:08:00,0,2,27.88,72.0,68.0,25.49,24.15,27.88,0.0,0.0,0.0,45.0,24.15,0.0,0.0,0.0,120.0,24.15,1.14,1.14,1.0,0.0,0.0,24.09,0.99,54.08,59.39,100.0,46.66
2018-01-02 19:09:00,0,2,27.88,72.0,68.0,25.5,24.16,27.88,0.0,0.0,0.0,45.0,24.16,0.0,0.0,0.0,120.0,24.16,1.14,1.14,1.0,0.0,0.0,24.09,0.99,53.9,59.18,100.0,46.53
2018-01-02 19:10:00,2,1,27.98,85.0,55.0,25.39,24.18,27.98,0.0,0.0,0.0,45.0,24.24,0.0,0.28,0.0,120.0,24.18,5670.72,5670.35,1.0,0.0,9.75,24.1,1.4,54.22,58.96,100.0,46.13
2018-01-02 19:11:00,2,1,27.98,85.0,55.0,25.35,24.19,27.98,0.0,0.0,0.0,45.0,24.21,0.0,0.28,0.0,120.0,24.19,5670.37,5669.98,1.0,0.0,9.75,24.11,1.39,54.15,58.75,100.0,45.98
2018-01-02 19:12:00,0,2,28.04,72.0,68.0,25.55,24.2,28.04,0.0,0.0,0.0,45.0,24.27,0.06,0.0,0.0,120.0,24.2,39.09,39.08,1.0,0.0,0.0,24.11,1.19,53.33,58.54,100.0,45.7
2018-01-02 19:13:00,0,2,28.03,72.0,68.0,25.49,24.21,28.03,0.0,0.0,0.0,45.0,24.24,0.06,0.0,0.0,120.0,24.21,39.09,39.08,1.0,0.0,0.0,24.12,1.18,53.32,58.33,100.0,45.57
2018-01-02 19:14:00,0,2,27.97,72.0,68.0,25.46,24.21,27.97,0.0,0.0,0.0,45.0,24.21,0.06,0.0,0.0,120.0,24.21,39.08,39.08,1.0,0.0,0.0,24.13,1.17,53.23,58.12,100.0,45.6
2018-01-02 19:15:00,0,2,27.92,72.0,68.0,25.46,24.21,27.92,0.0,0.0,0.0,45.0,24.21,0.06,0.0,0.0,120.0,24.21,39.09,39.08,1.0,0.0,0.0,24.15,1.17,53.11,57.92,100.0,45.58
2018-01-02 19:16:00,0,2,27.9,72.0,68.0,25.45,24.22,27.9,0.0,0.0,0.0,45.0,24.22,0.06,0.0,0.0,120.0,24.22,39.09,39.08,1.0,0.0,0.0,24.16,1.17,52.97,57.71,100.0,45.53
2018-01-02 19:17:00,0,2,27.89,72.0,68.0,25.46,24.23,27.89,0.0,0.0,0.0,45.0,24.23,0.06,0.0,0.0,120.0,24.23,39.08,39.08,1.0,0.0,0.0,24.17,1.17,52.82,57.51,100.0,45.44
2018-01-02 19:18:00,0,2,27.88,72.0,68.0,25.47,24.25,27.88,0.0,0.0,0.0,45.0,24.24,0.06,0.0,0.0,120.0,24.24,39.09,39.08,1.0,0.0,0.0,24.19,1.17,52.67,57.32,100.0,45.35
2018-01-02 19:19:00,0,2,27.88,72.0,68.0,25.48,24.26,27.88,0.0,0.0,0.0,45.0,24.26,0.06,0.0,0.0,120.0,24.26,39.09,39.08,1.0,0.0,0.0,24.2,1.17,52.51,57.13,100.0,45.24
2018-01-02 19:20:00,0,2,27.98,72.0,68.0,25.72,24.28,27.98,0.0,0.0,0.0,45.0,24.32,0.0,0.0,0.0,120.0,24.28,0.9,0.9,1.0,0.0,0.0,24.22,1.01,51.68,56.94,100.0,44.92
2018-01-02 19:21:00,0,2,28.05,72.0,68.0,25.66,24.31,28.05,0.0,0.0,0.0,45.0,24.34,0.0,0.0,0.0,120.0,24.31,1.14,1.14,1.0,0.0,0.0,24.23,1.0,51.68,56.76,100.0,44.65
2018-01-02 19:22:00,0,2,28.01,72.0,68.0,25.64,24.32,28.01,0.0,0.0,0.0,45.0,24.32,0.0,0.0,0.0,120.0,24.31,1.14,1.14,1.0,0.0,0.0,24.25,0.99,51.6,56.58,100.0,44.64
2018-01-02 19:23:00,0,2,27.98,72.0,68.0,25.64,24.33,27.98,0.0,0.0,0.0,45.0,24.33,0.0,0.0,0.0,120.0,24.32,1.14,1.14,1.0,0.0,0.0,24.26,0.99,51.51,56.4,100.0,44.63
2018-01-02 19:24:00,0,2,27.96,72.0,68.0,25.65,24.34,27.96,0.0,0.0,0.0,45.0,24.34,0.0,0.0,0.0,120.0,24.34,1.14,1.14,1.0,0.0,0.0,24.28,0.99,51.4,56.23,100.0,44.58
2018-01-02 19:25:00,0,2,27.96,72.0,68.0,25.66,24.36,27.96,0.0,0.0,0.0,45.0,24.36,0.0,0.0,0.0,120.0,24.36,1.14,1.14,1.0,0.0,0.0,24.3,0.99,51.28,56.07,100.0,44.52
2018-01-02 19:26:00,0,2,27.96,72.0,68.0,25.67,24.38,27.96,0.0,0.0,0.0,45.0,24.37,0.0,0.0,0.0,120.0,24.37,1.14,1.14,1.0,0.0,0.0,24.32,0.99,51.16,55.92,100.0,44.45
2018-01-02 19:27:00,0,2,27.97,72.0,68.0,25.68,24.39,27.97,0.0,0.0,0.0,45.0,24.39,0.0,0.0,0.0,120.0,24.39,1.14,1.14,1.0,0.0,0.0,24.34,0.99,51.04,55.76,100.0,44.37
2018-01-02 19:28:00,0,2,27.98,72.0,68.0,25.7,24.41,27.98,0.0,0.0,0.0,45.0,24.41,0.0,0.0,0.0,120.0,24.41,1.14,1.14,1.0,0.0,0.0,24.36,0.99,50.93,55.62,100.0,44.3
2018-01-02 19:29:00,0,2,27.98,72.0,68.0,25.71,24.43,27.98,0.0,0.0,0.0,45.0,24.43,0.0,0.0,0.0,120.0,24.43,1.14,1.14,1.0,0.0,0.0,24.38,0.99,50.82,55.48,100.0,44.23
2018-01-02 19:30:00,0,2,28.0,72.0,68.0,25.73,24.45,28.0,0.0,0.0,0.0,45.0,24.45,0.0,0.0,0.0,120.0,24.45,1.14,1.14,1.0,0.0,0.0,24.4,0.99,50.72,55.35,100.0,44.16
2018-01-02 19:31:00,0,2,28.01,72.0,68.0,25.75,24.47,28.01,0.0,0.0,0.0,45.0,24.47,0.0,0.0,0.0,120.0,24.47,1.14,1.14,1.0,0.0,0.0,24.42,0.99,50.62,55.23,100.0,44.09
2018-01-02 19:32:00,0,2,28.02,72.0,68.0,25.77,24.49,28.02,0.0,0.0,0.0,45.0,24.49,0.0,0.0,0.0,120.0,24.49,1.14,1.14,1.0,0.0,0.0,24.44,0.99,50.53,55.11,100.0,44.03
2018-01-02 19:33:00,0,2,28.03,72.0,68.0,25.78,24.51,28.03,0.0,0.0,0.0,45.0,24.51,0.0,0.0,0.0,120.0,24.51,1.14,1.14,1.0,0.0,0.0,24.46,0.99,50.45,55.01,100.0,43.98
2018-01-02 19:34:00,0,2,28.04,72.0,68.0,25.8,24.53,28.04,0.0,0.0,0.0,45.0,24.53,0.0,0.0,0.0,120.0,24.53,1.14,1.14,1.0,0.0,0.0,24.48,0.99,50.37,54.91,100.0,43.93
2018-01-02 19:35:00,0,2,28.05,72.0,68.0,25.82,24.55,28.05,0.0,0.0,0.0,45.0,24.55,0.0,0.0,0.0,120.0,24.55,1.14,1.14,1.0,0.0,0.0,24.5,0.99,50.3,54.82,100.0,43.89
2018-01-02 19:36:00,0,2,28.07,72.0,68.0,25.84,24.58,28.07,0.0,0.0,0.0,45.0,24.57,0.0,0.0,0.0,120.0,24.57,1.14,1.14,1.0,0.0,0.0,24.52,0.99,50.24,54.73,100.0,43.85
2018-01-02 19:37:00,0,2,28.08,72.0,68.0,25.85,24.6,28.08,0.0,0.0,0.0,45.0,24.59,0.0,0.0,0.0,120.0,24.59,1.14,1.14,1.0,0.0,0.0,24.54,0.99,50.18,54.66,100.0,43.82
2018-01-02 19:38:00,0,2,28.09,72.0,68.0,25.87,24.62,28.09,0.0,0.0,0.0,45.0,24.62,0.0,0.0,0.0,120.0,24.62,1.14,1.14,1.0,0.0,0.0,24.57,0.99,50.14,54.59,100.0,43.8
2018-01-02 19:39:00,0,2,28.11,72.0,68.0,25.89,24.64,28.11,0.0,0.0,0.0,45.0,24.64,0.0,0.0,0.0,120.0,24.64,1.14,1.14,1.0,0.0,0.0,24.59,0.99,50.1,54.54,100.0,43.79
2018-01-02 19:40:00,0,2,28.12,72.0,68.0,25.91,24.66,28.12,0.0,0.0,0.0,45.0,24.66,0.0,0.0,0.0,120.0,24.66,1.14,1.14,1.0,0.0,0.0,24.61,0.99,50.07,54.49,100.0,43.78
2018-01-02 19:41:00,0,2,28.13,72.0,68.0,25.93,24.68,28.13,0.0,0.0,0.0,45.0,24.68,0.0,0.0,0.0,120.0,24.68,1.14,1.14,1.0,0.0,0.0,24.63,0.99,50.05,54.46,100.0,43.78
2018-01-02 19:42:00,0,2,28.15,72.0,68.0,25.95,24.7,28.15,0.0,0.0,0.0,45.0,24.7,0.0,0.0,0.0,120.0,24.7,1.14,1.14,1.0,0.0,0.0,24.65,0.99,50.04,54.43,100.0,43.78
2018-01-02 19:43:00,0,2,28.16,72.0,68.0,25.96,24.72,28.16,0.0,0.0,0.0,45.0,24.72,0.0,0.0,0.0,120.0,24.72,1.14,1.14,1.0,0.0,0.0,24.67,0.99,50.04,54.41,100.0,43.8
2018-01-02 19:44:00,0,2,28.17,72.0,68.0,25.98,24.75,28.17,0.0,0.0,0.0,45.0,24.74,0.0,0.0,0.0,120.0,24.74,1.14,1.14,1.0,0.0,0.0,24.69,0.99,50.04,54.41,100.0,43.82
2018-01-02 19:45:00,0,2,28.19,72.0,68.0,26.0,24.77,28.19,0.0,0.0,0.0,45.0,24.76,0.0,0.0,0.0,120.0,24.76,1.14,1.14,1.0,0.0,0.0,24.71,0.99,50.06,54.41,100.0,43.85
2018-01-02 19:46:00,0,2,28.2,72.0,68.0,26.02,24.79,28.2,0.0,0.0,0.0,45.0,24.78,0.0,0.0,0.0,120.0,24.78,1.14,1.14,1.0,0.0,0.0,24.73,0.99,50.09,54.43,100.0,43.88
2018-01-02 19:47:00,0,2,28.21,72.0,68.0,26.04,24.81,28.21,0.0,0.0,0.0,45.0,24.8,0.0,0.0,0.0,120.0,24.8,1.14,1.14,1.0,0.0,0.0,24.75,0.99,50.12,54.46,100.0,43.93
2018-01-02 19:48:00,0,2,28.22,72.0,68.0,26.05,24.83,28.22,0.0,0.0,0.0,45.0,24.82,0.0,0.0,0.0,120.0,24.82,1.14,1.14,1.0,0.0,0.0,24.77,0.99,50.17,54.49,100.0,43.98
2018-01-02 19:49:00,0,2,28.24,72.0,68.0,26.07,24.85,28.24,0.0,0.0,0.0,45.0,24.84,0.0,0.0,0.0,120.0,24.84,1.14,1.14,1.0,0.0,0.0,24.79,0.99,50.22,54.54,100.0,44.04
2018-01-02 19:50:00,0,2,28.25,72.0,68.0,26.09,24.87,28.25,0.0,0.0,0.0,45.0,24.86,0.0,0.0,0.0,120.0,24.86,1.14,1.14,1.0,0.0,0.0,24.81,0.99,50.29,54.61,100.0,44.11
2018-01-02 19:51:00,0,2,28.26,72.0,68.0,26.1,24.88,28.26,0.0,0.0,0.0,45.0,24.88,0.0,0.0,0.0,120.0,24.88,1.14,1.14,1.0,0.0,0.0,24.83,0.99,50.37,54.68,100.0,44.19
2018-01-02 19:52:00,0,2,28.27,72.0,68.0,26.12,24.9,28.27,0.0,0.0,0.0,45.0,24.9,0.0,0.0,0.0,120.0,24.9,1.14,1.14,1.0,0.0,0.0,24.85,0.99,50.46,54.77,100.0,44.28
2018-01-02 19:53:00,0,2,28.28,72.0,68.0,26.13,24.92,28.28,0.0,0.0,0.0,45.0,24.92,0.0,0.0,0.0,120.0,24.92,1.14,1.14,1.0,0.0,0.0,24.87,0.99,50.56,54.86,100.0,44.39
2018-01-02 19:54:00,0,2,28.29,72.0,68.0,26.15,24.94,28.29,0.0,0.0,0.0,45.0,24.94,0.0,0.0,0.0,120.0,24.94,1.14,1.14,1.0,0.0,0.0,24.88,0.99,50.67,54.98,100.0,44.49
2018-01-02 19:55:00,0,2,28.3,72.0,68.0,26.16,24.95,28.3,0.0,0.0,0.0,45.0,24.95,0.0,0.0,0.0,120.0,24.95,1.14,1.14,1.0,0.0,0.0,24.9,0.99,50.79,55.1,100.0,44.61
2018-01-02 19:56:00,0,2,28.31,72.0,68.0,26.18,24.97,28.31,0.0,0.0,0.0,45.0,24.97,0.0,0.0,0.0,120.0,24.97,1.14,1.14,1.0,0.0,0.0,24.92,0.99,50.93,55.24,100.0,44.74
2018-01-02 19:57:00,0,2,28.32,72.0,68.0,26.19,24.99,28.32,0.0,0.0,0.0,45.0,24.98,0.0,0.0,0.0,120.0,24.98,1.14,1.14,1.0,0.0,0.0,24.93,0.99,51.07,55.39,100.0,44.88
2018-01-02 19:58:00,0,2,28.33,72.0,68.0,26.2,25.0,28.33,0.0,0.0,0.0,45.0,25.0,0.0,0.0,0.0,120.0,25.0,1.14,1.14,1.0,0.0,0.0,24.95,0.99,51.23,55.55,100.0,45.03
2018-01-02 19:59:00,0,2,28.34,72.0,68.0,26.21,25.01,28.34,0.0,0.0,0.0,45.0,25.01,0.0,0.0,0.0,120.0,25.01,1.14,1.14,1.0,0.0,0.0,24.96,0.99,51.4,55.73,100.0,45.18
2018-01-02 20:00:00,0,2,28.35,72.0,68.0,26.23,25.03,28.35,0.0,0.0,0.0,45.0,25.03,0.0,0.0,0.0,120.0,25.03,1.14,1.14,1.0,0.0,0.0,24.97,0.99,51.59,55.93,100.0,45.35
2018-01-02 20:01:00,0,2,28.35,72.0,68.0,26.22,25.03,28.35,0.0,0.0,0.0,45.0,25.03,0.0,0.0,0.0,120.0,25.03,1.14,1.14,1.0,0.0,0.0,24.97,0.99,51.95,56.38,100.0,45.59
2018-01-02 20:02:00,0,2,28.35,72.0,68.0,26.21,25.02,28.35,0.0,0.0,0.0,45.0,25.02,0.0,0.0,0.0,120.0,25.02,1.14,1.14,1.0,0.0,0.0,24.95,0.99,52.45,57.0,100.0,45.95
2018-01-02 20:03:00,0,2,28.34,72.0,68.0,26.19,25.0,28.34,0.0,0.0,0.0,45.0,25.0,0.0,0.0,0.0,120.0,25.0,1.14,1.14,1.0,0.0,0.0,24.93,0.99,53.02,57.65,100.0,46.39
2018-01-02 20:04:00,0,2,28.32,72.0,68.0,26.17,24.98,28.32,0.0,0.0,0.0,45.0,24.98,0.0,0.0,0.0,120.0,24.98,1.14,1.14,1.0,0.0,0.0,24.91,0.99,53.61,58.32,100.0,46.88
2018-01-02 20:05:00,0,2,28.3,72.0,68.0,26.15,24.96,28.3,0.0,0.0,0.0,45.0,24.96,0.0,0.0,0.0,120.0,24.96,1.14,1.14,1.0,0.0,0.0,24.88,0.99,54.22,59.0,100.0,47.39
2018-01-02 20:06:00,0,2,28.28,72.0,68.0,26.13,24.93,28.28,0.0,0.0,0.0,45.0,24.94,0.0,0.0,0.0,120.0,24.94,1.14,1.14,1.0,0.0,0.0,24.86,0.99,54.85,59.7,100.0,47.92
2018-01-02 20:07:00,0,2,28.26,72.0,68.0,26.11,24.91,28.26,0.0,0.0,0.0,45.0,24.92,0.0,0.0,0.0,120.0,24.91,1.14,1.14,1.0,0.0,0.0,24.84,0.99,55.5,60.42,100.0,48.46
2018-01-02 20:08:00,0,2,28.23,72.0,68.0,26.08,24.89,28.23,0.0,0.0,0.0,45.0,24.89,0.0,0.0,0.0,120.0,24.89,1.14,1.14,1.0,0.0,0.0,24.81,0.99,56.15,61.15,100.0,49.02
2018-01-02 20:09:00,0,2,28.21,72.0,68.0,26.06,24.86,28.21,0.0,0.0,0.0,45.0,24.87,0.0,0.0,0.0,120.0,24.86,1.14,1.14,1.0,0.0,0.0,24.79,0.99,56.83,61.9,100.0,49.59
2018-01-02 20:10:00,0,2,28.18,72.0,68.0,26.03,24.84,28.18,0.0,0.0,0.0,45.0,24.84,0.0,0.0,0.0,120.0,24.84,1.14,1.14,1.0,0.0,0.0,24.76,0.99,57.51,62.66,100.0,50.17
2018-01-02 20:11:00,0,2,28.16,72.0,68.0,26.0,24.81,28.16,0.0,0.0,0.0,45.0,24.81,0.0,0.0,0.0,120.0,24.81,1.14,1.14,1.0,0.0,0.0,24.73,0.99,58.21,63.44,100.0,50.76
2018-01-02 20:12:00,0,2,28.13,72.0,68.0,25.98,24.78,28.13,0.0,0.0,0.0,45.0,24.79,0.0,0.0,0.0,120.0,24.78,1.14,1.14,1.0,0.0,0.0,24.71,0.99,58.92,64.23,100.0,51.36
2018-01-02 20:13:00,0,2,28.1,72.0,68.0,25.95,24.75,28.1,0.0,0.0,0.0,45.0,24.76,0.0,0.0,0.0,120.0,24.76,1.14,1.14,1.0,0.0,0.0,24.68,0.99,59.65,65.03,100.0,51.98
2018-01-02 20:14:00,0,2,28.07,72.0,68.0,25.92,24.73,28.07,0.0,0.0,0.0,45.0,24.73,0.0,0.0,0.0,120.0,24.73,1.14,1.14,1.0,0.0,0.0,24.65,0.99,60.39,65.85,100.0,52.6
2018-01-02 20:15:00,0,2,28.04,72.0,68.0,25.89,24.7,28.04,0.0,0.0,0.0,45.0,24.7,0.0,0.0,0.0,120.0,24.7,1.14,1.14,1.0,0.0,0.0,24.62,0.99,61.14,66.68,100.0,53.23
2018-01-02 20:16:00,0,2,28.01,72.0,68.0,25.86,24.67,28.01,0.0,0.0,0.0,45.0,24.67,0.0,0.0,0.0,120.0,24.67,1.14,1.14,1.0,0.0,0.0,24.59,0.99,61.9,67.52,100.0,53.88
2018-01-02 20:17:00,0,2,27.98,72.0,68.0,25.83,24.64,27.98,0.0,0.0,0.0,45.0,24.64,0.0,0.0,0.0,120.0,24.64,1.14,1.14,1.0,0.0,0.0,24.56,0.99,62.67,68.38,100.0,54.53
2018-01-02 20:18:00,0,2,27.95,72.0,68.0,25.8,24.61,27.95,0.0,0.0,0.0,45.0,24.61,0.0,0.0,0.0,120.0,24.61,1.14,1.14,1.0,0.0,0.0,24.53,0.99,63.45,69.25,100.0,55.19
2018-01-02 20:19:00,0,2,27.92,72.0,68.0,25.77,24.58,27.92,0.0,0.0,0.0,45.0,24.58,0.0,0.0,0.0,120.0,24.58,1.14,1.14,1.0,0.0,0.0,24.5,0.99,64.25,70.14,100.0,55.87
2018-01-02 20:20:00,0,2,27.88,72.0,68.0,25.73,24.55,27.88,0.0,0.0,0.0,45.0,24.55,0.0,0.0,0.0,120.0,24.55,1.14,1.14,1.0,0.0,0.0,24.47,0.99,65.05,71.03,100.0,56.55
2018-01-02 20:21:00,0,2,27.85,72.0,68.0,25.7,24.51,27.85,0.0,0.0,0.0,45.0,24.52,0.0,0.0,0.0,120.0,24.52,1.14,1.14,1.0,0.0,0.0,24.44,0.99,65.87,71.94,100.0,57.24
2018-01-02 20:22:00,0,2,27.82,72.0,68.0,25.67,24.48,27.82,0.0,0.0,0.0,45.0,24.49,0.0,0.0,0.0,120.0,24.48,1.14,1.14,1.0,0.0,0.0,24.4,0.99,66.7,72.86,100.0,57.93
2018-01-02 20:23:00,0,2,27.78,72.0,68.0,25.64,24.45,27.78,0.0,0.0,0.0,45.0,24.46,0.0,0.0,0.0,120.0,24.45,1.14,1.14,1.0,0.0,0.0,24.37,0.99,67.53,73.79,100.0,58.64
2018-01-02 20:24:00,0,2,27.75,72.0,68.0,25.6,24.42,27.75,0.0,0.0,0.0,45.0,24.42,0.0,0.0,0.0,120.0,24.42,1.14,1.14,1.0,0.0,0.0,24.34,0.99,68.38,74.73,100.0,59.35
2018-01-02 20:25:00,2,1,27.78,85.0,55.0,25.49,24.39,27.78,0.0,0.0,0.0,45.0,24.45,0.0,0.28,0.0,120.0,24.39,5670.58,5670.19,1.0,0.0,9.75,24.3,1.4,69.79,75.68,100.0,59.84
2018-01-02 20:26:00,2,1,27.79,85.0,55.0,25.4,24.37,27.79,0.0,0.0,0.0,45.0,24.4,0.0,0.28,0.0,120.0,24.37,5670.53,5670.14,1.0,0.0,9.75,24.27,1.39,70.83,76.65,100.0,60.41
2018-01-02 20:27:00,2,1,27.71,85.0,55.0,25.34,24.32,27.71,0.0,0.0,0.0,45.0,24.34,0.0,0.29,0.0,120.0,24.33,5670.26,5669.88,1.0,0.0,9.75,24.24,1.39,71.81,77.62,100.0,61.31
2018-01-02 20:28:00,2,1,27.64,85.0,55.0,25.3,24.28,27.64,0.0,0.0,0.0,45.0,24.29,0.0,0.29,0.0,120.0,24.29,5670.51,5670.11,1.0,0.0,9.75,24.2,1.39,72.77,78.6,100.0,62.18
2018-01-02 20:29:00,2,1,27.58,85.0,55.0,25.25,24.24,27.58,0.0,0.0,0.0,45.0,24.25,0.0,0.29,0.0,120.0,24.25,5671.06,5670.67,1.0,0.0,9.75,24.17,1.39,73.7,79.59,100.0,63.01
2018-01-02 20:30:00,2,1,27.53,85.0,55.0,25.21,24.21,27.53,0.0,0.0,0.0,45.0,24.22,0.0,0.29,0.0,120.0,24.21,5670.19,5669.8,1.0,0.0,9.75,24.13,1.39,74.63,80.6,100.0,63.81
2018-01-02 20:31:00,2,1,27.49,85.0,55.0,25.18,24.17,27.49,0.0,0.0,0.0,45.0,24.18,0.0,0.29,0.0,120.0,24.18,5670.39,5669.98,1.0,0.0,9.75,24.09,1.39,75.57,81.61,100.0,64.6
2018-01-02 20:32:00,2,1,27.45,85.0,55.0,25.14,24.14,27.45,0.0,0.0,0.0,45.0,24.15,0.0,0.29,0.0,120.0,24.14,5670.46,5670.05,1.0,0.0,9.75,24.06,1.39,76.5,82.63,100.0,65.38
2018-01-02 20:33:00,2,1,27.41,85.0,55.0,25.1,24.1,27.41,0.0,0.0,0.0,45.0,24.11,0.0,0.29,0.0,120.0,24.11,5670.51,5670.12,1.0,0.0,9.75,24.02,1.39,77.44,83.66,100.0,66.16
2018-01-02 20:34:00,2,1,27.37,85.0,55.0,25.07,24.06,27.37,0.0,0.0,0.0,45.0,24.07,0.0,0.29,0.0,120.0,24.07,5671.01,5670.63,1.0,0.0,9.75,23.99,1.39,78.39,84.69,100.0,66.95
2018-01-02 20:35:00,2,1,27.33,85.0,55.0,25.03,24.03,27.33,0.0,0.0,0.0,45.0,24.04,0.0,0.29,0.0,120.0,24.03,5670.55,5670.14,1.0,0.0,9.75,23.95,1.39,79.34,85.74,100.0,67.74
2018-01-02 20:36:00,2,1,27.3,85.0,55.0,24.99,23.99,27.3,0.0,0.0,0.0,45.0,24.0,0.0,0.29,0.0,120.0,24.0,5670.25,5669.84,1.0,0.0,9.75,23.91,1.39,80.3,86.79,100.0,68.53
2018-01-02 20:37:00,2,1,27.26,85.0,55.0,24.95,23.95,27.26,0.0,0.0,0.0,45.0,23.96,0.0,0.29,0.0,120.0,23.96,5670.46,5670.07,1.0,0.0,9.75,23.88,1.39,81.26,87.84,100.0,69.33
2018-01-02 20:38:00,2,1,27.22,85.0,55.0,24.92,23.92,27.22,0.0,0.0,0.0,45.0,23.93,0.0,0.29,0.0,120.0,23.92,5670.72,5670.35,1.0,0.0,9.75,23.84,1.39,82.23,88.91,100.0,70.13
2018-01-02 20:39:00,0,2,27.32,72.0,68.0,25.04,23.9,27.32,0.0,0.0,0.0,45.0,23.95,0.06,0.0,0.0,120.0,23.91,39.08,39.08,1.0,0.0,0.0,23.8,1.18,82.24,89.98,100.0,70.32
2018-01-02 20:40:00,0,2,27.25,72.0,68.0,24.97,23.86,27.25,0.0,0.0,0.0,45.0,23.88,0.06,0.0,0.0,120.0,23.86,39.08,39.08,1.0,0.0,0.0,23.76,1.18,83.36,91.05,100.0,71.27
2018-01-02 20:41:00,0,2,27.32,72.0,68.0,25.1,23.84,27.32,0.0,0.0,0.0,45.0,23.9,0.0,0.0,0.0,120.0,23.84,1.14,1.14,1.0,0.0,0.0,23.73,1.0,83.4,92.13,100.0,71.55
2018-01-02 20:42:00,0,2,27.24,72.0,68.0,25.01,23.79,27.24,0.0,0.0,0.0,45.0,23.81,0.0,0.0,0.0,120.0,23.79,1.14,1.14,1.0,0.0,0.0,23.69,1.0,84.61,93.22,100.0,72.57
2018-01-02 20:43:00,0,2,27.14,72.0,68.0,24.94,23.74,27.14,0.0,0.0,0.0,45.0,23.75,0.0,0.0,0.0,120.0,23.74,1.14,1.14,1.0,0.0,0.0,23.65,0.99,85.72,94.31,100.0,73.65
2018-01-02 20:44:00,0,2,27.06,72.0,68.0,24.89,23.7,27.06,0.0,0.0,0.0,45.0,23.7,0.0,0.0,0.0,120.0,23.7,1.14,1.14,1.0,0.0,0.0,23.61,0.99,86.77,95.4,100.0,74.63
2018-01-02 20:45:00,0,2,27.0,72.0,68.0,24.85,23.66,27.0,0.0,0.0,0.0,45.0,23.66,0.0,0.0,0.0,120.0,23.66,1.14,1.14,1.0,0.0,0.0,23.58,0.99,87.8,96.5,100.0,75.55
2018-01-02 20:46:00,0,2,26.95,72.0,68.0,24.8,23.62,26.95,0.0,0.0,0.0,45.0,23.63,0.0,0.0,0.0,120.0,23.62,1.14,1.14,1.0,0.0,0.0,23.54,0.99,88.8,97.6,100.0,76.42
2018-01-02 20:47:00,0,2,26.91,72.0,68.0,24.76,23.58,26.91,0.0,0.0,0.0,45.0,23.59,0.0,0.0,0.0,120.0,23.58,1.14,1.14,1.0,0.0,0.0,23.5,0.99,89.8,98.71,100.0,77.27
2018-01-02 20:48:00,0,2,26.87,72.0,68.0,24.72,23.54,26.87,0.0,0.0,0.0,45.0,23.55,0.0,0.0,0.0,120.0,23.55,1.14,1.14,1.0,0.0,0.0,23.46,0.99,90.79,99.81,100.0,78.11
2018-01-02 20:49:00,2,1,26.92,85.0,55.0,24.59,23.52,26.92,0.0,0.0,0.0,45.0,23.58,0.0,0.29,0.0,120.0,23.53,5670.37,5669.96,1.0,0.0,9.75,23.42,1.4,92.62,100.0,100.0,78.34
2018-01-02 20:50:00,2,1,26.88,85.0,55.0,24.51,23.49,26.88,0.0,0.0,0.0,45.0,23.51,0.0,0.29,0.0,120.0,23.49,5671.09,5670.71,1.0,0.0,9.75,23.39,1.39,93.66,100.0,100.0,78.67
2018-01-02 20:51:00,2,1,26.8,85.0,55.0,24.45,23.44,26.8,0.0,0.0,0.0,45.0,23.45,0.0,0.29,0.0,120.0,23.44,5670.97,5670.58,1.0,0.0,9.75,23.35,1.39,94.52,100.0,100.0,78.96
2018-01-02 20:52:00,2,1,26.73,85.0,55.0,24.4,23.4,26.73,0.0,0.0,0.0,45.0,23.4,0.0,0.3,0.0,120.0,23.4,5670.93,5670.55,1.0,0.0,9.75,23.31,1.39,95.3,100.0,100.0,79.1
2018-01-02 20:53:00,2,1,26.67,85.0,55.0,24.36,23.36,26.67,0.0,0.0,0.0,45.0,23.36,0.0,0.3,0.0,120.0,23.36,5670.72,5670.35,1.0,0.0,9.75,23.27,1.39,96.04,100.0,100.0,79.15
2018-01-02 20:54:00,2,1,26.62,85.0,55.0,24.32,23.32,26.62,0.0,0.0,0.0,45.0,23.33,0.0,0.3,0.0,120.0,23.32,5671.06,5670.69,1.0,0.0,9.75,23.24,1.39,96.75,100.0,100.0,79.15
2018-01-02 20:55:00,2,1,26.58,85.0,55.0,24.28,23.28,26.58,0.0,0.0,0.0,45.0,23.29,0.0,0.3,0.0,120.0,23.28,5670.26,5669.86,1.0,0.0,9.75,23.2,1.39,97.46,100.0,100.0,79.13
2018-01-02 20:56:00,2,1,26.54,85.0,55.0,24.24,23.24,26.54,0.0,0.0,0.0,45.0,23.25,0.0,0.3,0.0,120.0,23.25,5670.72,5670.35,1.0,0.0,9.75,23.16,1.39,98.16,100.0,100.0,79.1
2018-01-02 20:57:00,2,1,26.5,85.0,55.0,24.2,23.21,26.5,0.0,0.0,0.0,45.0,23.21,0.0,0.3,0.0,120.0,23.21,5670.25,5669.84,1.0,0.0,9.75,23.13,1.39,98.86,100.0,100.0,79.06
2018-01-02 20:58:00,2,1,26.46,85.0,55.0,24.16,23.17,26.46,0.0,0.0,0.0,45.0,23.18,0.0,0.3,0.0,120.0,23.17,5670.42,5670.02,1.0,0.0,9.75,23.09,1.39,99.55,100.0,100.0,79.01
2018-01-02 20:59:00,2,1,26.42,85.0,55.0,24.13,23.14,26.42,0.0,0.0,0.0,45.0,23.14,0.0,0.3,0.0,120.0,23.14,5670.72,5670.35,1.0,0.0,9.75,23.05,1.39,100.0,100.0,100.0,78.97
2018-01-02 21:00:00,2,1,26.38,85.0,55.0,24.09,23.1,26.38,0.0,0.0,0.0,45.0,23.1,0.0,0.3,0.0,120.0,23.1,5671.02,5670.65,1.0,0.0,9.75,23.02,1.39,100.0,100.0,100.0,78.92
2018-01-02 21:01:00,2,1,26.35,85.0,55.0,24.06,23.07,26.35,0.0,0.0,0.0,45.0,23.07,0.0,0.3,0.0,120.0,23.07,5670.26,5669.88,1.0,0.0,9.75,22.99,1.39,100.0,70.63,100.0,78.89
2018-01-02 21:02:00,2,1,26.32,85.0,55.0,24.04,23.05,26.32,0.0,0.0,0.0,45.0,23.05,0.0,0.3,0.0,120.0,23.05,5670.72,5670.35,1.0,0.0,9.75,22.98,1.39,100.0,66.1,100.0,78.9
2018-01-02 21:03:00,2,1,26.29,85.0,55.0,24.02,23.03,26.29,0.0,0.0,0.0,45.0,23.03,0.0,0.3,0.0,120.0,23.03,5670.41,5670.0,1.0,0.0,9.75,22.96,1.39,100.0,65.69,100.0,78.91
2018-01-02 21:04:00,2,1,26.27,85.0,55.0,24.01,23.02,26.27,0.0,0.0,0.0,45.0,23.02,0.0,0.3,0.0,120.0,23.02,5670.58,5670.19,1.0,0.0,9.75,22.95,1.39,100.0,65.83,100.0,78.92
2018-01-02 21:05:00,2,1,26.25,85.0,55.0,23.99,23.0,26.25,0.0,0.0,0.0,45.0,23.01,0.0,0.3,0.0,120.0,23.0,5670.72,5670.35,1.0,0.0,9.75,22.93,1.39,87.15,66.04,100.0,82.31
2018-01-02 21:06:00,2,1,26.23,85.0,55.0,23.97,22.99,26.23,0.0,0.0,0.0,45.0,22.99,0.0,0.3,0.0,120.0,22.99,5671.08,5670.71,1.0,0.0,9.75,22.92,1.39,87.07,66.25,100.0,87.64
2018-01-02 21:07:00,2,1,26.21,85.0,55.0,23.96,22.97,26.21,0.0,0.0,0.0,45.0,22.98,0.0,0.3,0.0,120.0,22.98,5670.33,5669.95,1.0,0.0,9.75,22.91,1.39,87.98,66.46,100.0,91.37
2018-01-02 21:08:00,2,1,26.19,85.0,55.0,23.94,22.96,26.19,0.0,0.0,0.0,45.0,22.96,0.0,0.3,0.0,120.0,22.96,5670.19,5669.79,1.0,0.0,9.75,22.89,1.39,93.42,66.66,100.0,100.0
2018-01-02 21:09:00,2,1,26.17,85.0,55.0,23.93,22.94,26.17,0.0,0.0,0.0,45.0,22.95,0.0,0.3,0.0,120.0,22.95,5670.72,5670.35,1.0,0.0,9.75,22.88,1.39,97.04,66.86,100.0,100.0
2018-01-02 21:10:00,2,1,26.16,85.0,55.0,23.91,22.93,26.16,0.0,0.0,0.0,45.0,22.93,0.0,0.3,0.0,120.0,22.93,5670.92,5670.53,1.0,0.0,9.75,22.87,1.39,98.63,67.05,100.0,100.0
2018-01-02 21:11:00,2,1,26.14,85.0,55.0,23.9,22.92,26.14,0.0,0.0,0.0,45.0,22.92,0.0,0.3,0.0,120.0,22.92,5670.42,5670.02,1.0,0.0,9.75,22.85,1.39,99.37,67.24,100.0,100.0
2018-01-02 21:12:00,2,1,26.12,85.0,55.0,23.89,22.9,26.12,0.0,0.0,0.0,45.0,22.91,0.0,0.3,0.0,120.0,22.9,5670.26,5669.86,1.0,0.0,9.75,22.84,1.39,99.79,67.43,100.0,100.0
2018-01-02 21:13:00,2,1,26.11,85.0,55.0,23.87,22.89,26.11,0.0,0.0,0.0,45.0,22.89,0.0,0.3,0.0,120.0,22.89,5670.46,5670.05,1.0,0.0,9.75,22.83,1.39,100.0,67.61,100.0,100.0
2018-01-02 21:14:00,2,1,26.09,85.0,55.0,23.86,22.88,26.09,0.0,0.0,0.0,45.0,22.88,0.0,0.3,0.0,120.0,22.88,5670.6,5670.19,1.0,0.0,9.75,22.81,1.39,100.0,67.78,100.0,100.0
2018-01-02 21:15:00,2,1,26.08,85.0,55.0,23.84,22.86,26.08,0.0,0.0,0.0,45.0,22.87,0.0,0.3,0.0,120.0,22.86,5670.53,5670.12,1.0,0.0,9.75,22.8,1.39,100.0,67.95,100.0,100.0
2018-01-02 21:16:00,2,1,26.06,85.0,55.0,23.83,22.85,26.06,0.0,0.0,0.0,45.0,22.85,0.0,0.3,0.0,120.0,22.85,5670.35,5669.95,1.0,0.0,9.75,22.79,1.39,100.0,68.11,100.0,100.0
2018-01-02 21:17:00,2,1,26.05,85.0,55.0,23.82,22.84,26.05,0.0,0.0,0.0,45.0,22.84,0.0,0.3,0.0,120.0,22.84,5671.08,5670.69,1.0,0.0,9.75,22.77,1.39,100.0,68.27,100.0,100.0
2018-01-02 21:18:00,2,1,26.04,85.0,55.0,23.8,22.82,26.04,0.0,0.0,0.0,45.0,22.83,0.0,0.3,0.0,120.0,22.83,5670.51,5670.11,1.0,0.0,9.75,22.76,1.39,100.0,68.43,100.0,100.0
2018-01-02 21:19:00,2,1,26.02,85.0,55.0,23.79,22.81,26.02,0.0,0.0,0.0,45.0,22.81,0.0,0.3,0.0,120.0,22.81,5671.04,5670.67,1.0,0.0,9.75,22.75,1.39,100.0,68.58,100.0,100.0
2018-01-02 21:20:00,2,1,26.0,85.0,55.0,23.78,22.8,26.0,0.0,0.0,0.0,45.0,22.8,0.0,0.3,0.0,120.0,22.8,5670.58,5670.18,1.0,0.0,9.75,22.73,1.39,100.0,68.73,100.0,100.0
2018-01-02 21:21:00,2,1,25.99,85.0,55.0,23.76,22.78,25.99,0.0,0.0,0.0,45.0,22.79,0.0,0.3,0.0,120.0,22.78,5670.41,5670.02,1.0,0.0,9.75,22.72,1.39,100.0,68.87,100.0,100.0
2018-01-02 21:22:00,2,1,25.97,85.0,55.0,23.75,22.77,25.97,0.0,0.0,0.0,45.0,22.77,0.0,0.3,0.0,120.0,22.77,5670.72,5670.35,1.0,0.0,9.75,22.71,1.39,100.0,69.01,100.0,100.0
2018-01-02 21:23:00,2,1,25.96,85.0,55.0,23.73,22.76,25.96,0.0,0.0,0.0,45.0,22.76,0.0,0.3,0.0,120.0,22.76,5670.3,5669.89,1.0,0.0,9.75,22.69,1.39,100.0,69.15,100.0,100.0
2018-01-02 21:24:00,2,1,25.94,85.0,55.0,23.72,22.74,25.94,0.0,0.0,0.0,45.0,22.74,0.0,0.3,0.0,120.0,22.74,5670.72,5670.35,1.0,0.0,9.75,22.68,1.39,100.0,69.28,100.0,100.0
2018-01-02 21:25:00,2,1,25.93,85.0,55.0,23.7,22.73,25.93,0.0,0.0,0.0,45.0,22.73,0.0,0.3,0.0,120.0,22.73,5670.18,5669.77,1.0,0.0,9.75,22.66,1.39,100.0,69.4,100.0,100.0
2018-01-02 21:26:00,2,1,25.91,85.0,55.0,23.69,22.71,25.91,0.0,0.0,0.0,45.0,22.72,0.0,0.3,0.0,120.0,22.72,5670.46,5670.05,1.0,0.0,9.75,22.65,1.39,100.0,69.53,100.0,100.0
2018-01-02 21:27:00,2,1,25.9,85.0,55.0,23.67,22.7,25.9,0.0,0.0,0.0,45.0,22.7,0.0,0.3,0.0,120.0,22.7,5670.26,5669.86,1.0,0.0,9.75,22.64,1.39,100.0,69.65,100.0,100.0
2018-01-02 21:28:00,2,1,25.88,85.0,55.0,23.66,22.68,25.88,0.0,0.0,0.0,45.0,22.69,0.0,0.3,0.0,120.0,22.69,5670.49,5670.11,1.0,0.0,9.75,22.62,1.39,100.0,69.76,100.0,100.0
2018-01-02 21:29:00,2,1,25.87,85.0,55.0,23.65,22.67,25.87,0.0,0.0,0.0,45.0,22.67,0.0,0.3,0.0,120.0,22.67,5670.72,5670.35,1.0,0.0,9.75,22.61,1.39,100.0,69.87,100.0,100.0
2018-01-02 21:30:00,2,1,25.85,85.0,55.0,23.63,22.66,25.85,0.0,0.0,0.0,45.0,22.66,0.0,0.3,0.0,120.0,22.66,5670.93,5670.55,1.0,0.0,9.75,22.59,1.39,100.0,69.98,100.0,100.0
2018-01-02 21:31:00,2,1,25.84,85.0,55.0,23.61,22.64,25.84,0.0,0.0,0.0,45.0,22.64,0.0,0.3,0.0,120.0,22.64,5670.56,5670.16,1.0,0.0,9.75,22.58,1.39,100.0,70.09,100.0,100.0
2018-01-02 21:32:00,2,1,25.82,85.0,55.0,23.6,22.62,25.82,0.0,0.0,0.0,45.0,22.63,0.0,0.3,0.0,120.0,22.63,5670.51,5670.12,1.0,0.0,9.75,22.56,1.39,100.0,70.19,100.0,100.0
2018-01-02 21:33:00,2,1,25.8,85.0,55.0,23.58,22.61,25.8,0.0,0.0,0.0,45.0,22.61,0.0,0.31,0.0,120.0,22.61,5670.71,5670.33,1.0,0.0,9.75,22.54,1.39,100.0,70.29,100.0,100.0
2018-01-02 21:34:00,2,1,25.79,85.0,55.0,23.57,22.59,25.79,0.0,0.0,0.0,45.0,22.59,0.0,0.31,0.0,120.0,22.59,5670.62,5670.23,1.0,0.0,9.75,22.53,1.39,100.0,70.38,100.0,100.0
2018-01-02 21:35:00,2,1,25.77,85.0,55.0,23.55,22.58,25.77,0.0,0.0,0.0,45.0,22.58,0.0,0.31,0.0,120.0,22.58,5670.48,5670.09,1.0,0.0,9.75,22.51,1.39,100.0,70.48,100.0,100.0
2018-01-02 21:36:00,2,1,25.75,85.0,55.0,23.53,22.56,25.75,0.0,0.0,0.0,45.0,22.56,0.0,0.31,0.0,120.0,22.56,5671.08,5670.71,1.0,0.0,9.75,22.49,1.39,100.0,70.56,100.0,100.0
2018-01-02 21:37:00,2,1,25.74,85.0,55.0,23.52,22.54,25.74,0.0,0.0,0.0,45.0,22.54,0.0,0.31,0.0,120.0,22.54,5671.08,5670.71,1.0,0.0,9.75,22.48,1.39,100.0,70.65,100.0,100.0
2018-01-02 21:38:00,2,1,25.72,85.0,55.0,23.5,22.52,25.72,0.0,0.0,0.0,45.0,22.53,0.0,0.31,0.0,120.0,22.53,5670.49,5670.09,1.0,0.0,9.75,22.46,1.39,100.0,70.73,100.0,100.0
2018-01-02 21:39:00,2,1,25.7,85.0,55.0,23.48,22.51,25.7,0.0,0.0,0.0,45.0,22.51,0.0,0.31,0.0,120.0,22.51,5670.35,5669.96,1.0,0.0,9.75,22.44,1.39,100.0,70.81,100.0,100.0
2018-01-02 21:40:00,2,1,25.68,85.0,55.0,23.46,22.49,25.68,0.0,0.0,0.0,45.0,22.49,0.0,0.31,0.0,120.0,22.49,5670.37,5669.96,1.0,0.0,9.75,22.42,1.39,100.0,70.89,100.0,100.0
2018-01-02 21:41:00,2,1,25.67,85.0,55.0,23.44,22.47,25.67,0.0,0.0,0.0,45.0,22.47,0.0,0.31,0.0,120.0,22.47,5670.72,5670.35,1.0,0.0,9.75,22.4,1.39,100.0,70.97,100.0,100.0
2018-01-02 21:42:00,2,1,25.65,85.0,55.0,23.42,22.45,25.65,0.0,0.0,0.0,45.0,22.45,0.0,0.31,0.0,120.0,22.45,5670.72,5670.35,1.0,0.0,9.75,22.38,1.39,100.0,71.04,100.0,100.0
2018-01-02 21:43:00,2,1,25.63,85.0,55.0,23.4,22.43,25.63,0.0,0.0,0.0,45.0,22.43,0.0,0.31,0.0,120.0,22.43,5671.06,5670.69,1.0,0.0,9.75,22.36,1.39,100.0,71.11,100.0,100.0
2018-01-02 21:44:00,2,1,25.61,85.0,55.0,23.38,22.41,25.61,0.0,0.0,0.0,45.0,22.41,0.0,0.31,0.0,120.0,22.41,5670.53,5670.14,1.0,0.0,9.75,22.34,1.39,100.0,71.17,100.0,100.0
2018-01-02 21:45:00,2,1,25.59,85.0,55.0,23.36,22.39,25.59,0.0,0.0,0.0,45.0,22.39,0.0,0.31,0.0,120.0,22.39,5671.09,5670.72,1.0,0.0,9.75,22.32,1.39,100.0,71.24,100.0,100.0
2018-01-02 21:46:00,2,1,25.57,85.0,55.0,23.34,22.37,25.57,0.0,0.0,0.0,45.0,22.37,0.0,0.31,0.0,120.0,22.37,5670.56,5670.16,1.0,0.0,9.75,22.3,1.39,100.0,71.3,100.0,100.0
2018-01-02 21:47:00,2,1,25.55,85.0,55.0,23.32,22.35,25.55,0.0,0.0,0.0,45.0,22.35,0.0,0.31,0.0,120.0,22.35,5670.19,5669.79,1.0,0.0,9.75,22.28,1.39,100.0,71.36,100.0,100.0
2018-01-02 21:48:00,2,1,25.53,85.0,55.0,23.3,22.32,25.53,0.0,0.0,0.0,45.0,22.33,0.0,0.31,0.0,120.0,22.33,5670.37,5669.96,1.0,0.0,9.75,22.26,1.39,100.0,71.42,100.0,100.0
2018-01-02 21:49:00,2,1,25.51,85.0,55.0,23.28,22.3,25.51,0.0,0.0,0.0,45.0,22.3,0.0,0.31,0.0,120.0,22.3,5670.53,5670.14,1.0,0.0,9.75,22.23,1.39,100.0,71.48,100.0,100.0
2018-01-02 21:50:00,2,1,25.48,85.0,55.0,23.25,22.28,25.48,0.0,0.0,0.0,45.0,22.28,0.0,0.31,0.0,120.0,22.28,5670.28,5669.88,1.0,0.0,9.75,22.21,1.39,100.0,71.53,100.0,100.0
2018-01-02 21:51:00,2,1,25.46,85.0,55.0,23.23,22.25,25.46,0.0,0.0,0.0,45.0,22.26,0.0,0.31,0.0,120.0,22.26,5670.55,5670.16,1.0,0.0,9.75,22.18,1.39,100.0,71.58,100.0,100.0
2018-01-02 21:52:00,2,1,25.44,85.0,55.0,23.2,22.23,25.44,0.0,0.0,0.0,45.0,22.23,0.0,0.31,0.0,120.0,22.23,5670.35,5669.96,1.0,0.0,9.75,22.16,1.39,100.0,71.63,100.0,100.0
2018-01-02 21:53:00,2,1,25.42,85.0,55.0,23.18,22.2,25.42,0.0,0.0,0.0,45.0,22.21,0.0,0.31,0.0,120.0,22.2,5671.08,5670.71,1.0,0.0,9.75,22.13,1.39,100.0,71.68,100.0,100.0
2018-01-02 21:54:00,0,2,25.55,72.0,68.0,23.34,22.61,25.55,0.0,0.0,0.0,45.0,22.25,0.06,0.0,0.0,120.0,22.42,39.09,39.09,1.0,0.0,0.0,22.11,1.18,100.0,71.73,100.0,100.0
2018-01-02 21:55:00,0,2,25.51,72.0,68.0,23.27,22.22,25.51,0.0,0.0,0.0,45.0,22.17,0.06,0.0,0.0,120.0,22.2,39.09,39.08,1.0,0.0,0.0,22.08,1.18,100.0,71.77,100.0,100.0
2018-01-02 21:56:00,0,2,25.43,72.0,68.0,23.22,22.13,25.43,0.0,0.0,0.0,45.0,22.13,0.06,0.0,0.0,120.0,22.13,39.09,39.09,1.0,0.0,0.0,22.05,1.17,100.0,71.82,100.0,100.0
2018-01-02 21:57:00,0,2,25.37,72.0,68.0,23.18,22.1,25.37,0.0,0.0,0.0,45.0,22.1,0.06,0.0,0.0,120.0,22.1,39.08,39.08,1.0,0.0,0.0,22.02,1.17,100.0,71.86,100.0,100.0
2018-01-02 21:58:00,0,2,25.32,72.0,68.0,23.15,22.07,25.32,0.0,0.0,0.0,45.0,22.07,0.06,0.0,0.0,120.0,22.07,39.09,39.08,1.0,0.0,0.0,22.0,1.17,100.0,71.9,100.0,100.0
2018-01-02 21:59:00,0,2,25.28,72.0,68.0,23.11,22.04,25.28,0.0,0.0,0.0,45.0,22.04,0.06,0.0,0.0,120.0,22.04,39.09,39.08,1.0,0.0,0.0,21.97,1.17,100.0,71.94,100.0,100.0
2018-01-02 22:00:00,0,2,25.25,72.0,68.0,23.08,22.01,25.25,0.0,0.0,0.0,45.0,22.01,0.06,0.0,0.0,120.0,22.01,39.09,39.09,1.0,0.0,0.0,21.93,1.17,100.0,71.98,100.0,100.0
2018-01-02 22:01:00,0,2,25.21,72.0,68.0,23.04,21.96,25.21,0.0,0.0,0.0,45.0,21.97,0.06,0.0,0.0,120.0,21.97,39.09,39.09,1.0,0.0,0.0,21.88,1.17,100.0,72.04,100.0,100.0
2018-01-02 22:02:00,0,2,25.17,72.0,68.0,22.98,21.91,25.17,0.0,0.0,0.0,45.0,21.91,0.06,0.0,0.0,120.0,21.91,39.09,39.08,1.0,0.0,0.0,21.82,1.17,100.0,72.12,100.0,100.0
2018-01-02 22:03:00,0,2,25.13,72.0,68.0,22.93,21.84,25.13,0.0,0.0,0.0,45.0,21.85,0.06,0.0,0.0,120.0,21.85,39.08,39.08,1.0,0.0,0.0,21.76,1.17,100.0,72.2,100.0,100.0
2018-01-02 22:04:00,0,2,25.07,72.0,68.0,22.87,21.78,25.07,0.0,0.0,0.0,45.0,21.79,0.06,0.0,0.0,120.0,21.79,39.08,39.08,1.0,0.0,0.0,21.7,1.17,100.0,72.28,100.0,100.0
2018-01-02 22:05:00,0,2,25.02,72.0,68.0,22.81,21.72,25.02,0.0,0.0,0.0,45.0,21.73,0.06,0.0,0.0,120.0,21.72,39.08,39.08,1.0,0.0,0.0,21.64,1.17,100.0,72.35,100.0,100.0
2018-01-02 22:06:00,0,2,24.97,72.0,68.0,22.75,21.65,24.97,0.0,0.0,0.0,45.0,21.66,0.06,0.0,0.0,120.0,21.66,39.08,39.08,1.0,0.0,0.0,21.57,1.17,100.0,72.43,100.0,100.0
2018-01-02 22:07:00,0,2,25.0,72.0,68.0,22.9,21.94,25.0,0.0,0.0,0.0,45.0,21.65,0.0,0.0,0.0,120.0,21.78,0.9,0.9,1.0,0.0,0.0,21.51,1.01,100.0,72.5,100.0,100.0
2018-01-02 22:08:00,0,2,25.02,72.0,68.0,22.78,21.63,25.02,0.0,0.0,0.0,45.0,21.57,0.0,0.0,0.0,120.0,21.64,1.14,1.14,1.0,0.0,0.0,21.44,1.0,100.0,72.57,100.0,100.0
2018-01-02 22:09:00,2,1,24.9,85.0,55.0,22.63,21.71,24.9,0.0,0.0,0.0,45.0,21.49,0.0,0.31,0.0,120.0,21.49,370.12,370.07,1.0,0.0,9.75,21.37,1.41,100.0,72.65,100.0,100.0
2018-01-02 22:10:00,2,1,24.94,85.0,55.0,22.48,21.53,24.94,0.0,0.0,0.0,45.0,21.46,0.0,0.31,0.0,120.0,21.55,5670.46,5670.05,1.0,0.0,9.75,21.31,1.39,100.0,72.72,100.0,100.0
2018-01-02 22:11:00,2,1,24.81,85.0,55.0,22.38,21.35,24.81,0.0,0.0,0.0,45.0,21.35,0.0,0.32,0.0,120.0,21.36,5670.72,5670.35,1.0,0.0,9.75,21.24,1.39,100.0,72.79,100.0,100.0
2018-01-02 22:12:00,2,1,24.7,85.0,55.0,22.29,21.46,24.7,0.0,0.0,0.0,45.0,21.27,0.0,0.32,0.0,120.0,21.27,5670.42,5670.03,1.0,0.0,9.75,21.17,1.39,83.13,72.86,100.0,100.0
2018-01-02 22:13:00,2,1,24.6,85.0,55.0,22.22,21.42,24.6,0.0,0.0,0.0,45.0,21.2,0.0,0.32,0.0,120.0,21.2,5670.72,5670.35,1.0,0.0,9.75,21.1,1.39,78.92,72.92,100.0,100.0
2018-01-02 22:14:00,2,1,24.52,85.0,55.0,22.14,21.35,24.52,0.0,0.0,0.0,45.0,21.13,0.0,0.32,0.0,120.0,21.13,5670.72,5670.35,1.0,0.0,9.75,21.03,1.39,78.39,72.99,100.0,100.0
2018-01-02 22:15:00,2,1,24.45,85.0,55.0,22.07,21.28,24.45,0.0,0.0,0.0,45.0,21.06,0.0,0.32,0.0,120.0,21.06,5670.19,5669.79,1.0,0.0,9.75,20.96,1.39,78.37,73.06,100.0,100.0
2018-01-02 22:16:00,2,1,24.38,85.0,55.0,22.0,21.21,24.38,0.0,0.0,0.0,45.0,20.99,0.0,0.32,0.0,120.0,20.99,5670.49,5670.09,1.0,0.0,9.75,20.9,1.39,78.41,73.12,100.0,100.0
2018-01-02 22:17:00,2,1,24.31,85.0,55.0,21.94,21.15,24.31,0.0,0.0,0.0,45.0,20.92,0.0,0.32,0.0,120.0,20.92,5670.71,5670.33,1.0,0.0,9.75,20.83,1.39,78.46,73.18,100.0,100.0
2018-01-02 22:18:00,0,2,24.4,72.0,68.0,22.04,21.27,24.4,0.0,0.0,0.0,45.0,20.91,0.06,0.0,0.0,120.0,21.02,39.08,39.08,1.0,0.0,0.0,20.76,1.18,80.31,73.25,100.0,100.0
2018-01-02 22:19:00,0,2,24.3,72.0,68.0,21.94,21.06,24.3,0.0,0.0,0.0,45.0,20.8,0.06,0.0,0.0,120.0,20.81,39.09,39.09,1.0,0.0,0.0,20.69,1.18,79.2,73.31,100.0,100.0
2018-01-02 22:20:00,0,2,24.19,72.0,68.0,21.85,20.97,24.19,0.0,0.0,0.0,45.0,20.71,0.06,0.0,0.0,120.0,20.72,39.08,39.08,1.0,0.0,0.0,20.61,1.17,79.11,73.37,100.0,100.0
2018-01-02 22:21:00,0,2,24.09,72.0,68.0,21.77,20.89,24.09,0.0,0.0,0.0,45.0,20.64,0.06,0.0,0.0,120.0,20.64,39.09,39.08,1.0,0.0,0.0,20.54,1.17,79.15,73.43,100.0,100.0
2018-01-02 22:22:00,0,2,24.01,72.0,68.0,21.7,20.82,24.01,0.0,0.0,0.0,45.0,20.57,0.06,0.0,0.0,120.0,20.57,39.09,39.09,1.0,0.0,0.0,20.47,1.17,79.19,73.49,100.0,100.0
2018-01-02 22:23:00,0,2,23.94,72.0,68.0,21.63,20.75,23.94,0.0,0.0,0.0,45.0,20.5,0.06,0.0,0.0,120.0,20.5,39.08,39.08,1.0,0.0,0.0,20.4,1.17,79.24,73.54,100.0,100.0
2018-01-02 22:24:00,0,2,23.87,72.0,68.0,21.56,20.68,23.87,0.0,0.0,0.0,45.0,20.43,0.06,0.0,0.0,120.0,20.43,39.08,39.08,1.0,0.0,0.0,20.33,1.17,79.29,73.6,100.0,100.0
2018-01-02 22:25:00,0,2,23.8,72.0,68.0,21.49,20.61,23.8,0.0,0.0,0.0,45.0,20.36,0.06,0.0,0.0,120.0,20.36,39.08,39.08,1.0,0.0,0.0,20.26,1.17,79.33,73.66,100.0,100.0
2018-01-02 22:26:00,0,2,23.73,72.0,68.0,21.42,20.53,23.73,0.0,0.0,0.0,45.0,20.29,0.06,0.0,0.0,120.0,20.29,39.08,39.08,1.0,0.0,0.0,20.19,1.17,79.38,73.71,100.0,100.0
2018-01-02 22:27:00,0,2,23.67,72.0,68.0,21.35,20.46,23.67,0.0,0.0,0.0,45.0,20.22,0.06,0.0,0.0,120.0,20.21,39.08,39.08,1.0,0.0,0.0,20.12,1.17,79.42,73.76,100.0,100.0
2018-01-02 22:28:00,0,2,23.6,72.0,68.0,21.28,20.39,23.6,0.0,0.0,0.0,45.0,20.14,0.06,0.0,0.0,120.0,20.14,39.08,39.08,1.0,0.0,0.0,20.05,1.17,79.46,73.82,100.0,100.0
2018-01-02 22:29:00,0,2,23.53,72.0,68.0,21.21,20.32,23.53,0.0,0.0,0.0,45.0,20.07,0.06,0.0,0.0,120.0,20.07,39.08,39.08,1.0,0.0,0.0,19.98,1.17,79.51,73.87,100.0,100.0
2018-01-02 22:30:00,0,2,23.47,72.0,68.0,21.14,20.25,23.47,0.0,0.0,0.0,45.0,20.0,0.06,0.0,0.0,120.0,20.0,39.08,39.08,1.0,0.0,0.0,19.91,1.17,79.55,73.92,100.0,100.0
2018-01-02 22:31:00,0,2,23.4,72.0,68.0,21.07,20.18,23.4,0.0,0.0,0.0,45.0,19.93,0.06,0.0,0.0,120.0,19.93,39.08,39.08,1.0,0.0,0.0,19.83,1.17,79.59,73.97,100.0,100.0
2018-01-02 22:32:00,0,2,23.34,72.0,68.0,21.0,20.11,23.34,0.0,0.0,0.0,45.0,19.86,0.06,0.0,0.0,120.0,19.86,39.08,39.08,1.0,0.0,0.0,19.76,1.17,79.63,74.02,100.0,100.0
2018-01-02 22:33:00,0,2,23.27,72.0,68.0,20.93,20.04,23.27,0.0,0.0,0.0,45.0,19.79,0.06,0.0,0.0,120.0,19.79,39.09,39.09,1.0,0.0,0.0,19.69,1.17,79.67,74.06,100.0,100.0
2018-01-02 22:34:00,0,2,23.21,72.0,68.0,20.87,19.97,23.21,0.0,0.0,0.0,45.0,19.72,0.06,0.0,0.0,120.0,19.72,39.08,39.08,1.0,0.0,0.0,19.62,1.17,79.71,74.11,100.0,100.0
2018-01-02 22:35:00,0,2,23.14,72.0,68.0,20.8,19.9,23.14,0.0,0.0,0.0,45.0,19.65,0.06,0.0,0.0,120.0,19.65,39.09,39.08,1.0,0.0,0.0,19.55,1.17,79.74,74.16,100.0,100.0
2018-01-02 22:36:00,0,2,23.08,72.0,68.0,20.73,19.83,23.08,0.0,0.0,0.0,45.0,19.58,0.06,0.0,0.0,120.0,19.58,39.09,39.09,1.0,0.0,0.0,19.48,1.17,79.78,74.2,100.0,100.0
2018-01-02 22:37:00,0,2,23.01,72.0,68.0,20.66,19.76,23.01,0.0,0.0,0.0,45.0,19.51,0.06,0.0,0.0,120.0,19.51,39.09,39.09,1.0,0.0,0.0,19.41,1.17,79.82,74.24,100.0,100.0
2018-01-02 22:38:00,0,2,22.95,72.0,68.0,20.59,19.69,22.95,0.0,0.0,0.0,45.0,19.44,0.06,0.0,0.0,120.0,19.44,39.08,39.08,1.0,0.0,0.0,19.35,1.17,79.85,74.29,100.0,100.0
2018-01-02 22:39:00,0,2,22.89,72.0,68.0,20.53,19.63,22.89,0.0,0.0,0.0,45.0,19.37,0.06,0.0,0.0,120.0,19.37,39.09,39.09,1.0,0.0,0.0,19.28,1.17,79.89,74.33,100.0,100.0
2018-01-02 22:40:00,0,2,22.82,72.0,68.0,20.46,19.56,22.82,0.0,0.0,0.0,45.0,19.31,0.06,0.0,0.0,120.0,19.31,39.08,39.08,1.0,0.0,0.0,19.21,1.17,79.92,74.37,100.0,93.22
2018-01-02 22:41:00,0,2,22.76,72.0,68.0,20.4,19.49,22.76,0.0,0.0,0.0,45.0,19.24,0.06,0.0,0.0,120.0,19.24,39.09,39.08,1.0,0.0,0.0,19.14,1.17,79.95,74.41,100.0,91.01
2018-01-02 22:42:00,0,2,22.7,72.0,68.0,20.33,19.42,22.7,0.0,0.0,0.0,45.0,19.17,0.06,0.0,0.0,120.0,19.17,39.09,39.09,1.0,0.0,0.0,19.07,1.17,79.98,74.45,100.0,90.72
2018-01-02 22:43:00,0,2,22.63,72.0,68.0,20.26,19.36,22.63,0.0,0.0,0.0,45.0,19.1,0.06,0.0,0.0,120.0,19.1,39.08,39.08,1.0,0.0,0.0,19.01,1.17,80.02,74.49,100.0,90.7
2018-01-02 22:44:00,0,2,22.57,72.0,68.0,20.2,19.29,22.57,0.0,0.0,0.0,45.0,19.04,0.06,0.0,0.0,120.0,19.04,39.09,39.08,1.0,0.0,0.0,18.94,1.17,80.05,74.52,100.0,90.71
2018-01-02 22:45:00,0,2,22.51,72.0,68.0,20.14,19.23,22.51,0.0,0.0,0.0,45.0,18.97,0.06,0.0,0.0,120.0,18.97,39.09,39.09,1.0,0.0,0.0,18.88,1.17,80.08,74.56,100.0,90.73
2018-01-02 22:46:00,0,2,22.45,72.0,68.0,20.07,19.16,22.45,0.0,0.0,0.0,45.0,18.91,0.06,0.0,0.0,120.0,18.91,39.09,39.08,1.0,0.0,0.0,18.81,1.17,80.11,74.6,100.0,90.75
2018-01-02 22:47:00,0,2,22.39,72.0,68.0,20.01,19.1,22.39,0.0,0.0,0.0,45.0,18.84,0.06,0.0,0.0,120.0,18.84,39.08,39.08,1.0,0.0,0.0,18.75,1.17,80.14,74.63,100.0,90.77
2018-01-02 22:48:00,0,2,22.33,72.0,68.0,19.95,19.03,22.33,0.0,0.0,0.0,45.0,18.78,0.06,0.0,0.0,120.0,18.78,39.09,39.08,1.0,0.0,0.0,18.68,1.17,80.16,74.66,100.0,90.78
2018-01-02 22:49:00,0,2,22.27,72.0,68.0,19.88,18.97,22.27,0.0,0.0,0.0,45.0,18.72,0.06,0.0,0.0,120.0,18.71,39.08,39.08,1.0,0.0,0.0,18.62,1.17,80.19,74.7,100.0,90.8
2018-01-02 22:50:00,0,2,22.21,72.0,68.0,19.82,18.91,22.21,0.0,0.0,0.0,45.0,18.65,0.06,0.0,0.0,120.0,18.65,39.09,39.09,1.0,0.0,0.0,18.56,1.17,80.22,74.73,100.0,90.82
2018-01-02 22:51:00,0,2,22.15,72.0,68.0,19.76,18.85,22.15,0.0,0.0,0.0,45.0,18.59,0.06,0.0,0.0,120.0,18.59,39.09,39.09,1.0,0.0,0.0,18.5,1.17,80.24,74.76,100.0,90.83
2018-01-02 22:52:00,0,2,22.09,72.0,68.0,19.7,18.79,22.09,0.0,0.0,0.0,45.0,18.53,0.06,0.0,0.0,120.0,18.53,39.08,39.08,1.0,0.0,0.0,18.44,1.17,80.27,74.79,100.0,90.85
2018-01-02 22:53:00,0,2,22.03,72.0,68.0,19.64,18.73,22.03,0.0,0.0,0.0,45.0,18.47,0.06,0.0,0.0,120.0,18.47,39.08,39.08,1.0,0.0,0.0,18.38,1.17,80.29,74.82,100.0,90.86
2018-01-02 22:54:00,0,2,21.98,72.0,68.0,19.58,18.67,21.98,0.0,0.0,0.0,45.0,18.41,0.06,0.0,0.0,120.0,18.41,39.08,39.08,1.0,0.0,0.0,18.32,1.17,80.32,74.85,100.0,90.88
2018-01-02 22:55:00,0,2,21.92,72.0,68.0,19.53,18.61,21.92,0.0,0.0,0.0,45.0,18.35,0.06,0.0,0.0,120.0,18.35,39.08,39.08,1.0,0.0,0.0,18.26,1.17,80.34,74.87,100.0,90.89
2018-01-02 22:56:00,0,2,21.86,72.0,68.0,19.47,18.55,21.86,0.0,0.0,0.0,45.0,18.3,0.06,0.0,0.0,120.0,18.29,39.08,39.08,1.0,0.0,0.0,18.2,1.17,80.36,74.9,100.0,90.91
2018-01-02 22:57:00,0,2,21.81,72.0,68.0,19.42,18.5,21.81,0.0,0.0,0.0,45.0,18.24,0.06,0.0,0.0,120.0,18.24,39.09,39.08,1.0,0.0,0.0,18.15,1.17,80.38,74.93,100.0,90.92
2018-01-02 22:58:00,0,2,21.75,72.0,68.0,19.36,18.44,21.75,0.0,0.0,0.0,45.0,18.18,0.06,0.0,0.0,120.0,18.18,39.09,39.08,1.0,0.0,0.0,18.09,1.17,80.4,74.95,100.0,90.93
2018-01-02 22:59:00,0,2,21.7,72.0,68.0,19.31,18.39,21.7,0.0,0.0,0.0,45.0,18.13,0.06,0.0,0.0,120.0,18.13,39.08,39.08,1.0,0.0,0.0,18.04,1.17,80.42,74.98,100.0,90.95
2018-01-02 23:00:00,0,2,21.65,72.0,68.0,19.25,18.33,21.65,0.0,0.0,0.0,45.0,18.08,0.06,0.0,0.0,120.0,18.07,39.08,39.08,1.0,0.0,0.0,17.98,1.17,80.44,75.0,100.0,90.96
2018-01-02 23:01:00,0,2,21.6,72.0,68.0,19.22,18.29,21.6,0.0,0.0,0.0,45.0,18.03,0.06,0.0,0.0,120.0,18.03,39.08,39.08,1.0,0.0,0.0,17.95,1.17,80.45,75.01,100.0,90.96
2018-01-02 23:02:00,0,2,21.56,72.0,68.0,19.19,18.27,21.56,0.0,0.0,0.0,45.0,18.01,0.06,0.0,0.0,120.0,18.01,39.08,39.08,1.0,0.0,0.0,17.94,1.17,80.46,75.02,100.0,90.96
2018-01-02 23:03:00,0,2,21.53,72.0,68.0,19.17,18.25,21.53,0.0,0.0,0.0,45.0,17.99,0.06,0.0,0.0,120.0,17.99,39.08,39.08,1.0,0.0,0.0,17.92,1.17,80.46,75.03,100.0,90.96
2018-01-02 23:04:00,0,2,21.5,72.0,68.0,19.15,18.24,21.5,0.0,0.0,0.0,45.0,17.98,0.06,0.0,0.0,120.0,17.98,39.09,39.08,1.0,0.0,0.0,17.91,1.17,80.47,75.03,100.0,90.96
2018-01-02 23:05:00,0,2,21.48,72.0,68.0,19.14,18.23,21.48,0.0,0.0,0.0,45.0,17.97,0.06,0.0,0.0,120.0,17.97,39.08,39.08,1.0,0.0,0.0,17.9,1.17,80.47,75.04,100.0,90.96
2018-01-02 23:06:00,0,2,21.46,72.0,68.0,19.12,18.22,21.46,0.0,0.0,0.0,45.0,17.96,0.06,0.0,0.0,120.0,17.96,39.08,39.08,1.0,0.0,0.0,17.88,1.17,80.47,75.04,100.0,90.96
2018-01-02 23:07:00,0,2,21.44,72.0,68.0,19.11,18.2,21.44,0.0,0.0,0.0,45.0,17.94,0.06,0.0,0.0,120.0,17.94,39.09,39.09,1.0,0.0,0.0,17.87,1.17,80.48,75.05,100.0,90.97
2018-01-02 23:08:00,0,2,21.42,72.0,68.0,19.1,18.19,21.42,0.0,0.0,0.0,45.0,17.93,0.06,0.0,0.0,120.0,17.93,39.08,39.08,1.0,0.0,0.0,17.86,1.17,80.48,75.05,100.0,90.97
2018-01-02 23:09:00,0,2,21.41,72.0,68.0,19.09,18.18,21.41,0.0,0.0,0.0,45.0,17.93,0.06,0.0,0.0,120.0,17.93,39.08,39.08,1.0,0.0,0.0,17.86,1.17,80.48,75.05,100.0,90.97
2018-01-02 23:10:00,0,2,21.39,72.0,68.0,19.08,18.18,21.39,0.0,0.0,0.0,45.0,17.92,0.06,0.0,0.0,120.0,17.92,39.08,39.08,1.0,0.0,0.0,17.85,1.17,80.48,75.06,100.0,90.97
2018-01-02 23:11:00,0,2,21.38,72.0,68.0,19.07,18.17,21.38,0.0,0.0,0.0,45.0,17.91,0.06,0.0,0.0,120.0,17.91,39.08,39.08,1.0,0.0,0.0,17.84,1.17,80.49,75.06,100.0,90.97
2018-01-02 23:12:00,0,2,21.37,72.0,68.0,19.06,18.16,21.37,0.0,0.0,0.0,45.0,17.9,0.06,0.0,0.0,120.0,17.9,39.09,39.09,1.0,0.0,0.0,17.84,1.17,80.49,75.06,100.0,90.97
2018-01-02 23:13:00,0,2,21.35,72.0,68.0,19.05,18.16,21.35,0.0,0.0,0.0,45.0,17.9,0.06,0.0,0.0,120.0,17.9,39.09,39.08,1.0,0.0,0.0,17.83,1.17,80.49,75.06,100.0,90.97
2018-01-02 23:14:00,0,2,21.34,72.0,68.0,19.04,18.15,21.34,0.0,0.0,0.0,45.0,17.89,0.06,0.0,0.0,120.0,17.89,39.09,39.08,1.0,0.0,0.0,17.83,1.17,80.49,75.06,100.0,90.97
2018-01-02 23:15:00,0,2,21.33,72.0,68.0,19.04,18.15,21.33,0.0,0.0,0.0,45.0,17.89,0.06,0.0,0.0,120.0,17.89,39.08,39.08,1.0,0.0,0.0,17.82,1.17,80.49,75.06,100.0,90.97
2018-01-02 23:16:00,0,2,21.32,72.0,68.0,19.03,18.14,21.32,0.0,0.0,0.0,45.0,17.89,0.06,0.0,0.0,120.0,17.88,39.08,39.08,1.0,0.0,0.0,17.82,1.17,80.49,75.06,100.0,90.97
2018-01-02 23:17:00,0,2,21.31,72.0,68.0,19.03,18.14,21.31,0.0,0.0,0.0,45.0,17.88,0.06,0.0,0.0,120.0,17.88,39.08,39.08,1.0,0.0,0.0,17.82,1.17,80.48,75.06,100.0,90.97
2018-01-02 23:18:00,0,2,21.3,72.0,68.0,19.02,18.14,21.3,0.0,0.0,0.0,45.0,17.88,0.06,0.0,0.0,120.0,17.88,39.08,39.08,1.0,0.0,0.0,17.82,1.17,80.48,75.05,100.0,90.97
2018-01-02 23:19:00,0,2,21.29,72.0,68.0,19.02,18.13,21.29,0.0,0.0,0.0,45.0,17.88,0.06,0.0,0.0,120.0,17.88,39.08,39.08,1.0,0.0,0.0,17.81,1.17,80.48,75.05,100.0,90.97
2018-01-02 23:20:00,0,2,21.29,72.0,68.0,19.02,18.13,21.29,0.0,0.0,0.0,45.0,17.88,0.06,0.0,0.0,120.0,17.88,39.08,39.08,1.0,0.0,0.0,17.81,1.17,80.48,75.05,100.0,90.97
2018-01-02 23:21:00,0,2,21.28,72.0,68.0,19.01,18.13,21.28,0.0,0.0,0.0,45.0,17.88,0.06,0.0,0.0,120.0,17.88,39.08,39.08,1.0,0.0,0.0,17.81,1.17,80.48,75.05,100.0,90.97
2018-01-02 23:22:00,0,2,21.27,72.0,68.0,19.28,18.13,21.27,0.0,0.0,0.0,45.0,17.88,0.06,0.0,0.0,120.0,17.88,-13.35,-13.34,1.0,0.0,0.0,17.81,1.17,81.67,75.04,100.0,90.94
2018-01-02 23:23:00,0,2,21.44,72.0,68.0,19.18,18.3,21.44,0.0,0.0,0.0,45.0,17.93,0.0,0.0,0.0,120.0,18.01,1.14,1.14,1.0,0.0,0.0,17.82,1.0,80.98,75.04,100.0,91.01
2018-01-02 23:24:00,0,2,21.39,72.0,68.0,19.14,18.18,21.39,0.0,0.0,0.0,45.0,17.89,0.0,0.0,0.0,120.0,17.9,1.14,1.14,1.0,0.0,0.0,17.82,0.99,80.89,75.04,100.0,91.01
2018-01-02 23:25:00,0,2,21.34,72.0,68.0,19.13,18.16,21.34,0.0,0.0,0.0,45.0,17.88,0.0,0.0,0.0,120.0,17.89,1.14,1.14,1.0,0.0,0.0,17.82,0.99,80.87,75.03,100.0,90.98
2018-01-02 23:26:00,0,2,21.31,72.0,68.0,19.12,18.16,21.31,0.0,0.0,0.0,45.0,17.88,0.0,0.0,0.0,120.0,17.88,1.14,1.14,1.0,0.0,0.0,17.82,0.99,80.86,75.03,100.0,90.97
2018-01-02 23:27:00,0,2,21.29,72.0,68.0,19.11,18.16,21.29,0.0,0.0,0.0,45.0,17.89,0.0,0.0,0.0,120.0,17.89,1.14,1.14,1.0,0.0,0.0,17.82,0.99,80.85,75.02,100.0,90.96
2018-01-02 23:28:00,0,2,21.28,72.0,68.0,19.11,18.16,21.28,0.0,0.0,0.0,45.0,17.89,0.0,0.0,0.0,120.0,17.89,1.14,1.14,1.0,0.0,0.0,17.83,0.99,80.85,75.02,100.0,90.96
2018-01-02 23:29:00,0,2,21.27,72.0,68.0,19.11,18.17,21.27,0.0,0.0,0.0,45.0,17.89,0.0,0.0,0.0,120.0,17.89,1.14,1.14,1.0,0.0,0.0,17.83,0.99,80.84,75.02,100.0,90.96
2018-01-02 23:30:00,0,2,21.27,72.0,68.0,19.11,18.17,21.27,0.0,0.0,0.0,45.0,17.9,0.0,0.0,0.0,120.0,17.9,1.14,1.14,1.0,0.0,0.0,17.83,0.99,80.84,75.01,100.0,90.95
2018-01-02 23:31:00,0,2,21.26,72.0,68.0,19.11,18.17,21.26,0.0,0.0,0.0,45.0,17.9,0.0,0.0,0.0,120.0,17.9,1.14,1.14,1.0,0.0,0.0,17.84,0.99,80.84,75.01,100.0,90.95
2018-01-02 23:32:00,0,2,21.26,72.0,68.0,19.11,18.18,21.26,0.0,0.0,0.0,45.0,17.9,0.0,0.0,0.0,120.0,17.9,1.14,1.14,1.0,0.0,0.0,17.84,0.99,80.83,75.0,100.0,90.95
2018-01-02 23:33:00,0,2,21.25,72.0,68.0,19.11,18.18,21.25,0.0,0.0,0.0,45.0,17.91,0.0,0.0,0.0,120.0,17.91,1.14,1.14,1.0,0.0,0.0,17.85,0.99,80.83,75.0,100.0,90.95
2018-01-02 23:34:00,0,2,21.25,72.0,68.0,19.11,18.18,21.25,0.0,0.0,0.0,45.0,17.91,0.0,0.0,0.0,120.0,17.91,1.14,1.14,1.0,0.0,0.0,17.85,0.99,80.83,75.0,100.0,90.95
2018-01-02 23:35:00,0,2,21.25,72.0,68.0,19.12,18.19,21.25,0.0,0.0,0.0,45.0,17.92,0.0,0.0,0.0,120.0,17.92,1.14,1.14,1.0,0.0,0.0,17.86,0.99,80.82,74.99,100.0,90.94
2018-01-02 23:36:00,2,1,21.36,85.0,55.0,19.02,18.4,21.36,0.0,0.0,0.0,45.0,17.99,0.0,0.35,0.0,120.0,18.14,5670.72,5670.35,1.0,0.0,9.75,17.86,1.4,80.2,74.99,100.0,90.94
2018-01-02 23:37:00,2,1,21.35,85.0,55.0,18.99,18.21,21.35,0.0,0.0,0.0,45.0,17.95,0.0,0.35,0.0,120.0,17.98,5670.37,5669.98,1.0,0.0,9.75,17.87,1.39,80.02,74.98,100.0,90.99
2018-01-02 23:38:00,0,2,21.41,72.0,68.0,19.17,18.47,21.41,0.0,0.0,0.0,45.0,18.02,0.06,0.0,0.0,120.0,18.17,39.09,39.08,1.0,0.0,0.0,17.87,1.19,80.75,74.98,100.0,90.92
2018-01-02 23:39:00,0,2,21.41,72.0,68.0,19.11,18.27,21.41,0.0,0.0,0.0,45.0,17.97,0.06,0.0,0.0,120.0,18.01,39.09,39.08,1.0,0.0,0.0,17.88,1.18,80.49,74.98,100.0,90.99
2018-01-02 23:40:00,0,2,21.34,72.0,68.0,19.08,18.21,21.34,0.0,0.0,0.0,45.0,17.95,0.06,0.0,0.0,120.0,17.96,39.08,39.08,1.0,0.0,0.0,17.88,1.17,80.44,74.97,100.0,90.97
2018-01-02 23:41:00,0,2,21.29,72.0,68.0,19.07,18.2,21.29,0.0,0.0,0.0,45.0,17.95,0.06,0.0,0.0,120.0,17.95,39.09,39.08,1.0,0.0,0.0,17.89,1.17,80.42,74.97,100.0,90.95
2018-01-02 23:42:00,0,2,21.26,72.0,68.0,19.06,18.21,21.26,0.0,0.0,0.0,45.0,17.96,0.06,0.0,0.0,120.0,17.96,39.09,39.08,1.0,0.0,0.0,17.9,1.17,80.42,74.97,100.0,90.94
2018-01-02 23:43:00,0,2,21.25,72.0,68.0,19.06,18.21,21.25,0.0,0.0,0.0,45.0,17.96,0.06,0.0,0.0,120.0,17.96,39.08,39.08,1.0,0.0,0.0,17.9,1.17,80.41,74.97,100.0,90.93
2018-01-02 23:44:00,0,2,21.24,72.0,68.0,19.06,18.21,21.24,0.0,0.0,0.0,45.0,17.97,0.06,0.0,0.0,120.0,17.97,39.09,39.08,1.0,0.0,0.0,17.91,1.17,80.41,74.97,100.0,90.93
2018-01-02 23:45:00,0,2,21.23,72.0,68.0,19.06,18.22,21.23,0.0,0.0,0.0,45.0,17.97,0.06,0.0,0.0,120.0,17.97,39.09,39.08,1.0,0.0,0.0,17.91,1.17,80.41,74.96,100.0,90.93
2018-01-02 23:46:00,0,2,21.32,72.0,68.0,19.27,18.52,21.32,0.0,0.0,0.0,45.0,18.03,0.0,0.0,0.0,120.0,18.11,0.9,0.9,1.0,0.0,0.0,17.92,1.01,81.23,74.96,100.0,90.85
2018-01-02 23:47:00,0,2,21.38,72.0,68.0,19.22,18.34,21.38,0.0,0.0,0.0,45.0,18.02,0.0,0.0,0.0,120.0,18.07,1.14,1.14,1.0,0.0,0.0,17.92,1.0,80.88,74.96,100.0,90.97
2018-01-02 23:48:00,0,2,21.34,72.0,68.0,19.19,18.27,21.34,0.0,0.0,0.0,45.0,17.99,0.0,0.0,0.0,120.0,18.0,1.14,1.14,1.0,0.0,0.0,17.93,0.99,80.82,74.96,100.0,90.96
2018-01-02 23:49:00,0,2,21.3,72.0,68.0,19.18,18.26,21.3,0.0,0.0,0.0,45.0,17.99,0.0,0.0,0.0,120.0,17.99,1.14,1.14,1.0,0.0,0.0,17.93,0.99,80.8,74.96,100.0,90.94
2018-01-02 23:50:00,0,2,21.27,72.0,68.0,19.17,18.26,21.27,0.0,0.0,0.0,45.0,17.99,0.0,0.0,0.0,120.0,17.99,1.14,1.14,1.0,0.0,0.0,17.94,0.99,80.8,74.96,100.0,90.93
2018-01-02 23:51:00,0,2,21.26,72.0,68.0,19.17,18.27,21.26,0.0,0.0,0.0,45.0,18.0,0.0,0.0,0.0,120.0,18.0,1.14,1.14,1.0,0.0,0.0,17.94,0.99,80.8,74.96,100.0,90.93
2018-01-02 23:52:00,0,2,21.25,72.0,68.0,19.17,18.27,21.25,0.0,0.0,0.0,45.0,18.0,0.0,0.0,0.0,120.0,18.0,1.14,1.14,1.0,0.0,0.0,17.94,0.99,80.8,74.97,100.0,90.93
2018-01-02 23:53:00,0,2,21.24,72.0,68.0,19.17,18.27,21.24,0.0,0.0,0.0,45.0,18.01,0.0,0.0,0.0,120.0,18.01,1.14,1.14,1.0,0.0,0.0,17.95,0.99,80.8,74.97,100.0,90.93
2018-01-02 23:54:00,0,2,21.24,72.0,68.0,19.17,18.27,21.24,0.0,0.0,0.0,45.0,18.01,0.0,0.0,0.0,120.0,18.01,1.14,1.14,1.0,0.0,0.0,17.95,0.99,80.8,74.97,100.0,90.93
2018-01-02 23:55:00,0,2,21.24,72.0,68.0,19.17,18.28,21.24,0.0,0.0,0.0,45.0,18.01,0.0,0.0,0.0,120.0,18.01,1.14,1.14,1.0,0.0,0.0,17.95,0.99,80.81,74.98,100.0,90.93
2018-01-02 23:56:00,0,2,21.23,72.0,68.0,19.17,18.28,21.23,0.0,0.0,0.0,45.0,18.01,0.0,0.0,0.0,120.0,18.01,1.14,1.14,1.0,0.0,0.0,17.95,0.99,80.81,74.98,100.0,90.93
2018-01-02 23:57:00,0,2,21.23,72.0,68.0,19.17,18.28,21.23,0.0,0.0,0.0,45.0,18.02,0.0,0.0,0.0,120.0,18.02,1.14,1.14,1.0,0.0,0.0,17.96,0.99,80.81,74.99,100.0,90.93
2018-01-02 23:58:00,0,2,21.23,72.0,68.0,19.17,18.28,21.23,0.0,0.0,0.0,45.0,18.02,0.0,0.0,0.0,120.0,18.02,1.14,1.14,1.0,0.0,0.0,17.96,0.99,80.82,74.99,100.0,90.93
2018-01-02 23:59:00,0,2,21.22,72.0,68.0,19.17,18.28,21.22,0.0,0.0,0.0,45.0,18.02,0.0,0.0,0.0,120.0,18.02,1.14,1.14,1.0,0.0,0.0,17.96,0.99,80.82,75.0,100.0,90.93
2018-01-03 00:00:00,0,2,21.22,72.0,68.0,19.17,18.28,21.22,0.0,0.0,0.0,45.0,18.02,0.0,0.0,0.0,120.0,18.02,1.14,1.14,1.0,0.0,0.0,17.96,0.99,80.83,75.01,100.0,90.94
2018-01-03 00:01:00,2,1,22.09,85.0,55.0,18.11,33.79,22.09,0.0,0.0,0.0,45.0,17.99,0.41,0.41,0.51,120.0,23.36,372.85,372.81,1.0,0.0,9.75,17.95,2.52,75.82,75.03,100.0,100.0
2018-01-03 00:02:00,2,1,25.17,85.0,55.0,17.95,54.42,25.17,0.0,0.0,0.0,45.0,17.96,0.44,0.44,0.6,120.0,58.69,372.5,372.46,1.0,0.0,9.75,17.93,2.71,75.17,75.06,85.64,100.0
2018-01-03 00:03:00,2,1,28.54,85.0,55.0,17.91,53.21,28.54,0.0,0.0,0.0,45.0,17.94,0.47,0.47,0.65,120.0,64.39,500.16,500.08,1.0,0.0,13.08,17.9,5.88,75.11,75.09,86.02,100.0
2018-01-03 00:04:00,2,1,31.39,85.0,55.0,17.88,53.29,31.39,0.0,0.0,0.0,45.0,17.93,0.49,0.49,0.7,120.0,66.43,500.16,500.08,1.0,0.0,13.08,17.88,6.51,75.13,75.12,85.06,98.32
2018-01-03 00:05:00,2,1,33.74,85.0,55.0,17.86,54.1,33.74,0.0,0.0,0.0,45.0,17.91,0.51,0.51,0.75,120.0,68.68,500.16,500.08,1.0,0.0,13.08,17.85,6.6,75.16,75.15,82.45,89.09
2018-01-03 00:06:00,0,2,33.95,72.0,68.0,22.4,51.13,33.95,0.0,0.0,0.0,45.0,18.02,0.16,0.0,0.03,120.0,32.64,39.08,39.08,1.0,0.0,0.0,17.83,2.16,99.31,75.19,100.0,85.9
2018-01-03 00:07:00,0,2,30.13,72.0,68.0,21.93,25.11,30.13,0.0,0.0,0.0,45.0,18.06,0.06,0.0,0.0,120.0,22.79,39.08,39.08,1.0,0.0,0.0,17.8,1.31,100.0,75.22,100.0,100.0
2018-01-03 00:08:00,0,2,26.53,72.0,68.0,20.79,19.38,26.53,0.0,0.0,0.0,45.0,17.98,0.06,0.0,0.0,120.0,18.64,39.08,39.08,1.0,0.0,0.0,17.78,1.19,85.65,75.26,100.0,100.0
2018-01-03 00:09:00,0,2,24.28,72.0,68.0,20.01,18.43,24.28,0.0,0.0,0.0,45.0,17.9,0.06,0.0,0.0,120.0,17.99,39.08,39.08,1.0,0.0,0.0,17.75,1.18,81.41,75.3,100.0,100.0
2018-01-03 00:10:00,0,2,22.97,72.0,68.0,19.54,18.2,22.97,0.0,0.0,0.0,45.0,17.84,0.06,0.0,0.0,120.0,17.86,39.09,39.08,1.0,0.0,0.0,17.73,1.17,80.82,75.33,100.0,100.0
2018-01-03 00:11:00,0,2,22.21,72.0,68.0,19.26,18.1,22.21,0.0,0.0,0.0,45.0,17.8,0.06,0.0,0.0,120.0,17.8,39.08,39.08,1.0,0.0,0.0,17.7,1.17,80.76,75.37,100.0,93.84
2018-01-03 00:12:00,0,2,21.76,72.0,68.0,19.09,18.04,21.76,0.0,0.0,0.0,45.0,17.76,0.06,0.0,0.0,120.0,17.76,39.08,39.08,1.0,0.0,0.0,17.67,1.17,80.77,75.41,100.0,91.49
2018-01-03 00:13:00,0,2,21.48,72.0,68.0,18.97,18.0,21.48,0.0,0.0,0.0,45.0,17.73,0.06,0.0,0.0,120.0,17.73,39.09,39.08,1.0,0.0,0.0,17.64,1.17,80.8,75.45,100.0,91.18
2018-01-03 00:14:00,0,2,21.3,72.0,68.0,18.89,17.96,21.3,0.0,0.0,0.0,45.0,17.7,0.06,0.0,0.0,120.0,17.7,39.08,39.08,1.0,0.0,0.0,17.62,1.17,80.83,75.49,100.0,91.15
2018-01-03 00:15:00,0,2,21.18,72.0,68.0,18.83,17.92,21.18,0.0,0.0,0.0,45.0,17.67,0.06,0.0,0.0,120.0,17.67,39.09,39.08,1.0,0.0,0.0,17.59,1.17,80.86,75.53,100.0,91.16
2018-01-03 00:16:00,0,2,21.23,72.0,68.0,18.98,18.2,21.23,0.0,0.0,0.0,45.0,17.65,0.0,0.0,0.0,120.0,17.84,1.14,1.14,1.0,0.0,0.0,17.56,1.01,81.54,75.57,100.0,91.14
2018-01-03 00:17:00,0,2,21.17,72.0,68.0,18.88,17.94,21.17,0.0,0.0,0.0,45.0,17.61,0.0,0.0,0.0,120.0,17.65,1.14,1.14,1.0,0.0,0.0,17.53,1.0,81.36,75.62,100.0,91.21
2018-01-03 00:18:00,0,2,21.06,72.0,68.0,18.82,17.86,21.06,0.0,0.0,0.0,45.0,17.58,0.0,0.0,0.0,120.0,17.58,1.14,1.14,1.0,0.0,0.0,17.5,0.99,81.35,75.66,100.0,91.22
2018-01-03 00:19:00,0,2,20.97,72.0,68.0,18.77,17.82,20.97,0.0,0.0,0.0,45.0,17.55,0.0,0.0,0.0,120.0,17.55,1.14,1.14,1.0,0.0,0.0,17.47,0.99,81.38,75.7,100.0,91.23
2018-01-03 00:20:00,0,2,20.9,72.0,68.0,18.72,17.78,20.9,0.0,0.0,0.0,45.0,17.51,0.0,0.0,0.0,120.0,17.51,1.14,1.14,1.0,0.0,0.0,17.44,0.99,81.41,75.75,100.0,91.24
2018-01-03 00:21:00,0,2,20.85,72.0,68.0,18.68,17.75,20.85,0.0,0.0,0.0,45.0,17.48,0.0,0.0,0.0,120.0,17.48,1.14,1.14,1.0,0.0,0.0,17.41,0.99,81.45,75.79,100.0,91.26
2018-01-03 00:22:00,0,2,20.8,72.0,68.0,18.64,17.72,20.8,0.0,0.0,0.0,45.0,17.45,0.0,0.0,0.0,120.0,17.45,1.14,1.14,1.0,0.0,0.0,17.37,0.99,81.48,75.84,100.0,91.27
2018-01-03 00:23:00,0,2,20.76,72.0,68.0,18.61,17.68,20.76,0.0,0.0,0.0,45.0,17.42,0.0,0.0,0.0,120.0,17.42,1.14,1.14,1.0,0.0,0.0,17.34,0.99,81.52,75.89,100.0,91.29
2018-01-03 00:24:00,0,2,20.72,72.0,68.0,18.57,17.65,20.72,0.0,0.0,0.0,45.0,17.39,0.0,0.0,0.0,120.0,17.39,1.14,1.14,1.0,0.0,0.0,17.31,0.99,81.55,75.93,100.0,91.31
2018-01-03 00:25:00,0,2,20.68,72.0,68.0,18.54,17.62,20.68,0.0,0.0,0.0,45.0,17.35,0.0,0.0,0.0,120.0,17.35,1.14,1.14,1.0,0.0,0.0,17.28,0.99,81.59,75.98,100.0,91.33
2018-01-03 00:26:00,0,2,20.64,72.0,68.0,18.5,17.59,20.64,0.0,0.0,0.0,45.0,17.32,0.0,0.0,0.0,120.0,17.32,1.14,1.14,1.0,0.0,0.0,17.24,0.99,81.63,76.03,100.0,91.35
2018-01-03 00:27:00,0,2,20.61,72.0,68.0,18.47,17.55,20.61,0.0,0.0,0.0,45.0,17.29,0.0,0.0,0.0,120.0,17.29,1.14,1.14,1.0,0.0,0.0,17.21,0.99,81.67,76.08,100.0,91.37
2018-01-03 00:28:00,0,2,20.57,72.0,68.0,18.44,17.52,20.57,0.0,0.0,0.0,45.0,17.25,0.0,0.0,0.0,120.0,17.25,1.14,1.14,1.0,0.0,0.0,17.18,0.99,81.7,76.13,100.0,91.39
2018-01-03 00:29:00,0,2,20.54,72.0,68.0,18.4,17.48,20.54,0.0,0.0,0.0,45.0,17.22,0.0,0.0,0.0,120.0,17.22,1.14,1.14,1.0,0.0,0.0,17.14,0.99,81.74,76.18,100.0,91.41
2018-01-03 00:30:00,0,2,20.5,72.0,68.0,18.37,17.45,20.5,0.0,0.0,0.0,45.0,17.19,0.0,0.0,0.0,120.0,17.19,1.14,1.14,1.0,0.0,0.0,17.11,0.99,81.78,76.23,100.0,91.43
2018-01-03 00:31:00,0,2,20.47,72.0,68.0,18.33,17.42,20.47,0.0,0.0,0.0,45.0,17.15,0.0,0.0,0.0,120.0,17.15,1.14,1.14,1.0,0.0,0.0,17.08,0.99,81.82,76.28,100.0,91.45
2018-01-03 00:32:00,0,2,20.43,72.0,68.0,18.3,17.38,20.43,0.0,0.0,0.0,45.0,17.12,0.0,0.0,0.0,120.0,17.12,1.14,1.14,1.0,0.0,0.0,17.04,0.99,81.86,76.33,100.0,91.47
2018-01-03 00:33:00,0,2,20.4,72.0,68.0,18.26,17.35,20.4,0.0,0.0,0.0,45.0,17.08,0.0,0.0,0.0,120.0,17.08,1.14,1.14,1.0,0.0,0.0,17.01,0.99,81.9,76.38,100.0,91.49
2018-01-03 00:34:00,0,2,20.37,72.0,68.0,18.23,17.31,20.37,0.0,0.0,0.0,45.0,17.05,0.0,0.0,0.0,120.0,17.05,1.14,1.14,1.0,0.0,0.0,16.97,0.99,81.94,76.43,100.0,91.51
2018-01-03 00:35:00,0,2,20.33,72.0,68.0,18.19,17.28,20.33,0.0,0.0,0.0,45.0,17.01,0.0,0.0,0.0,120.0,17.01,1.14,1.14,1.0,0.0,0.0,16.93,0.99,81.99,76.49,100.0,91.53
2018-01-03 00:36:00,0,2,20.3,72.0,68.0,18.16,17.24,20.3,0.0,0.0,0.0,45.0,16.98,0.0,0.0,0.0,120.0,16.98,1.14,1.14,1.0,0.0,0.0,16.9,0.99,82.03,76.54,100.0,91.55
2018-01-03 00:37:00,0,2,20.26,72.0,68.0,18.12,17.2,20.26,0.0,0.0,0.0,45.0,16.94,0.0,0.0,0.0,120.0,16.94,1.14,1.14,1.0,0.0,0.0,16.86,0.99,82.07,76.6,100.0,91.57
2018-01-03 00:38:00,0,2,20.23,72.0,68.0,18.09,17.17,20.23,0.0,0.0,0.0,45.0,16.91,0.0,0.0,0.0,120.0,16.91,1.14,1.14,1.0,0.0,0.0,16.83,0.99,82.11,76.65,100.0,91.59
2018-01-03 00:39:00,0,2,20.2,72.0,68.0,18.05,17.13,20.2,0.0,0.0,0.0,45.0,16.87,0.0,0.0,0.0,120.0,16.87,1.14,1.14,1.0,0.0,0.0,16.79,0.99,82.16,76.71,100.0,91.62
2018-01-03 00:40:00,0,2,20.16,72.0,68.0,18.02,17.1,20.16,0.0,0.0,0.0,45.0,16.83,0.0,0.0,0.0,120.0,16.83,1.14,1.14,1.0,0.0,0.0,16.75,0.99,82.2,76.76,100.0,91.64
2018-01-03 00:41:00,0,2,20.13,72.0,68.0,17.98,17.06,20.13,0.0,0.0,0.0,45.0,16.8,0.0,0.0,0.0,120.0,16.8,1.14,1.14,1.0,0.0,0.0,16.72,0.99,82.24,76.82,100.0,91.66
2018-01-03 00:42:00,0,2,20.09,72.0,68.0,17.95,17.02,20.09,0.0,0.0,0.0,45.0,16.76,0.0,0.0,0.0,120.0,16.76,1.14,1.14,1.0,0.0,0.0,16.68,0.99,82.29,76.87,100.0,91.68
2018-01-03 00:43:00,0,2,20.06,72.0,68.0,17.91,16.99,20.06,0.0,0.0,0.0,45.0,16.72,0.0,0.0,0.0,120.0,16.72,1.14,1.14,1.0,0.0,0.0,16.64,0.99,82.33,76.93,100.0,91.7
2018-01-03 00:44:00,0,2,20.03,72.0,68.0,17.87,16.95,20.03,0.0,0.0,0.0,45.0,16.69,0.0,0.0,0.0,120.0,16.69,1.14,1.14,1.0,0.0,0.0,16.61,0.99,82.38,76.99,100.0,91.73
2018-01-03 00:45:00,0,2,19.99,72.0,68.0,17.84,16.91,19.99,0.0,0.0,0.0,45.0,16.65,0.0,0.0,0.0,120.0,16.65,1.14,1.14,1.0,0.0,0.0,16.57,0.99,82.42,77.05,100.0,91.75
2018-01-03 00:46:00,0,2,19.96,72.0,68.0,17.8,16.87,19.96,0.0,0.0,0.0,45.0,16.61,0.0,0.0,0.0,120.0,16.61,1.14,1.14,1.0,0.0,0.0,16.53,0.99,82.47,77.11,100.0,91.77
2018-01-03 00:47:00,0,2,19.92,72.0,68.0,17.77,16.84,19.92,0.0,0.0,0.0,45.0,16.57,0.0,0.0,0.0,120.0,16.57,1.14,1.14,1.0,0.0,0.0,16.49,0.99,82.51,77.16,100.0,91.79
2018-01-03 00:48:00,0,2,19.89,72.0,68.0,17.73,16.8,19.89,0.0,0.0,0.0,45.0,16.54,0.0,0.0,0.0,120.0,16.54,1.14,1.14,1.0,0.0,0.0,16.46,0.99,82.56,77.22,100.0,91.82
2018-01-03 00:49:00,0,2,19.85,72.0,68.0,17.69,16.76,19.85,0.0,0.0,0.0,45.0,16.5,0.0,0.0,0.0,120.0,16.5,1.14,1.14,1.0,0.0,0.0,16.42,0.99,82.6,77.28,100.0,91.84
2018-01-03 00:50:00,0,2,19.82,72.0,68.0,17.65,16.72,19.82,0.0,0.0,0.0,45.0,16.46,0.0,0.0,0.0,120.0,16.46,1.14,1.14,1.0,0.0,0.0,16.38,0.99,82.65,77.34,100.0,91.86
2018-01-03 00:51:00,0,2,19.78,72.0,68.0,17.62,16.69,19.78,0.0,0.0,0.0,45.0,16.42,0.0,0.0,0.0,120.0,16.42,1.14,1.14,1.0,0.0,0.0,16.34,0.99,82.7,77.4,100.0,91.89
2018-01-03 00:52:00,0,2,19.75,72.0,68.0,17.58,16.65,19.75,0.0,0.0,0.0,45.0,16.38,0.0,0.0,0.0,120.0,16.38,1.14,1.14,1.0,0.0,0.0,16.3,0.99,82.75,77.47,100.0,91.91
2018-01-03 00:53:00,0,2,19.71,72.0,68.0,17.54,16.61,19.71,0.0,0.0,0.0,45.0,16.35,0.0,0.0,0.0,120.0,16.35,1.14,1.14,1.0,0.0,0.0,16.27,0.99,82.79,77.53,100.0,91.93
2018-01-03 00:54:00,0,2,19.67,72.0,68.0,17.51,16.57,19.67,0.0,0.0,0.0,45.0,16.31,0.0,0.0,0.0,120.0,16.31,1.14,1.14,1.0,0.0,0.0,16.23,0.99,82.84,77.59,100.0,91.96
2018-01-03 00:55:00,0,2,19.64,72.0,68.0,17.47,16.53,19.64,0.0,0.0,0.0,45.0,16.27,0.0,0.0,0.0,120.0,16.27,1.14,1.14,1.0,0.0,0.0,16.19,0.99,82.89,77.65,100.0,91.98
2018-01-03 00:56:00,0,2,19.6,72.0,68.0,17.43,16.5,19.6,0.0,0.0,0.0,45.0,16.23,0.0,0.0,0.0,120.0,16.23,1.14,1.14,1.0,0.0,0.0,16.15,0.99,82.94,77.71,100.0,92.01
2018-01-03 00:57:00,0,2,19.57,72.0,68.0,17.39,16.46,19.57,0.0,0.0,0.0,45.0,16.19,0.0,0.0,0.0,120.0,16.19,1.14,1.14,1.0,0.0,0.0,16.11,0.99,82.98,77.77,100.0,92.03
2018-01-03 00:58:00,0,2,19.53,72.0,68.0,17.36,16.42,19.53,0.0,0.0,0.0,45.0,16.15,0.0,0.0,0.0,120.0,16.15,1.14,1.14,1.0,0.0,0.0,16.07,0.99,83.03,77.84,100.0,92.05
2018-01-03 00:59:00,0,2,19.5,72.0,68.0,17.32,16.38,19.5,0.0,0.0,0.0,45.0,16.12,0.0,0.0,0.0,120.0,16.12,1.14,1.14,1.0,0.0,0.0,16.04,0.99,83.08,77.9,100.0,92.08
2018-01-03 01:00:00,0,2,19.46,72.0,68.0,17.28,16.34,19.46,0.0,0.0,0.0,45.0,16.08,0.0,0.0,0.0,120.0,16.08,1.14,1.14,1.0,0.0,0.0,16.0,0.99,83.13,77.96,100.0,92.1
2018-01-03 01:01:00,0,2,19.43,72.0,68.0,17.25,16.31,19.43,0.0,0.0,0.0,45.0,16.04,0.0,0.0,0.0,120.0,16.04,1.14,1.14,1.0,0.0,0.0,15.96,0.99,83.18,78.02,100.0,92.13
2018-01-03 01:02:00,0,2,19.39,72.0,68.0,17.22,16.28,19.39,0.0,0.0,0.0,45.0,16.01,0.0,0.0,0.0,120.0,16.01,1.14,1.14,1.0,0.0,0.0,15.93,0.99,83.22,78.08,100.0,92.15
2018-01-03 01:03:00,0,2,19.36,72.0,68.0,17.19,16.25,19.36,0.0,0.0,0.0,45.0,15.98,0.0,0.0,0.0,120.0,15.98,1.14,1.14,1.0,0.0,0.0,15.9,0.99,83.27,78.14,100.0,92.17
2018-01-03 01:04:00,0,2,19.33,72.0,68.0,17.16,16.22,19.33,0.0,0.0,0.0,45.0,15.95,0.0,0.0,0.0,120.0,15.95,1.14,1.14,1.0,0.0,0.0,15.87,0.99,83.31,78.2,100.0,92.19
2018-01-03 01:05:00,0,2,19.3,72.0,68.0,17.13,16.19,19.3,0.0,0.0,0.0,45.0,15.92,0.0,0.0,0.0,120.0,15.92,1.14,1.14,1.0,0.0,0.0,15.84,0.99,83.36,78.26,100.0,92.21
2018-01-03 01:06:00,0,2,19.27,72.0,68.0,17.1,16.16,19.27,0.0,0.0,0.0,45.0,15.89,0.0,0.0,0.0,120.0,15.89,1.14,1.14,1.0,0.0,0.0,15.81,0.99,83.41,78.32,100.0,92.24
2018-01-03 01:07:00,0,2,19.24,72.0,68.0,17.07,16.13,19.24,0.0,0.0,0.0,45.0,15.86,0.0,0.0,0.0,120.0,15.86,1.14,1.14,1.0,0.0,0.0,15.78,0.99,83.45,78.38,100.0,92.26
2018-01-03 01:08:00,0,2,19.21,72.0,68.0,17.04,16.1,19.21,0.0,0.0,0.0,45.0,15.83,0.0,0.0,0.0,120.0,15.83,1.14,1.14,1.0,0.0,0.0,15.75,0.99,83.5,78.44,100.0,92.28
2018-01-03 01:09:00,0,2,19.18,72.0,68.0,17.01,16.06,19.18,0.0,0.0,0.0,45.0,15.8,0.0,0.0,0.0,120.0,15.8,1.14,1.14,1.0,0.0,0.0,15.72,0.99,83.55,78.5,100.0,92.31
2018-01-03 01:10:00,0,2,19.16,72.0,68.0,16.98,16.03,19.16,0.0,0.0,0.0,45.0,15.77,0.0,0.0,0.0,120.0,15.77,1.14,1.14,1.0,0.0,0.0,15.69,0.99,83.59,78.56,100.0,92.33
2018-01-03 01:11:00,0,2,19.13,72.0,68.0,16.95,16.0,19.13,0.0,0.0,0.0,45.0,15.74,0.0,0.0,0.0,120.0,15.74,1.14,1.14,1.0,0.0,0.0,15.66,0.99,83.64,78.63,100.0,92.35
2018-01-03 01:12:00,0,2,19.1,72.0,68.0,16.92,15.97,19.1,0.0,0.0,0.0,45.0,15.71,0.0,0.0,0.0,120.0,15.71,1.14,1.14,1.0,0.0,0.0,15.63,0.99,83.69,78.69,100.0,92.37
2018-01-03 01:13:00,0,2,19.07,72.0,68.0,16.89,15.94,19.07,0.0,0.0,0.0,45.0,15.68,0.0,0.0,0.0,120.0,15.68,1.14,1.14,1.0,0.0,0.0,15.6,0.99,83.74,78.75,100.0,92.4
2018-01-03 01:14:00,0,2,19.04,72.0,68.0,16.86,15.91,19.04,0.0,0.0,0.0,45.0,15.65,0.0,0.0,0.0,120.0,15.65,1.14,1.14,1.0,0.0,0.0,15.57,0.99,83.79,78.81,100.0,92.42
2018-01-03 01:15:00,0,2,19.01,72.0,68.0,16.83,15.88,19.01,0.0,0.0,0.0,45.0,15.62,0.0,0.0,0.0,120.0,15.62,1.14,1.14,1.0,0.0,0.0,15.54,0.99,83.83,78.87,100.0,92.45
2018-01-03 01:16:00,0,2,18.98,72.0,68.0,16.8,15.85,18.98,0.0,0.0,0.0,45.0,15.59,0.0,0.0,0.0,120.0,15.59,1.14,1.14,1.0,0.0,0.0,15.51,0.99,83.88,78.94,100.0,92.47
2018-01-03 01:17:00,0,2,18.95,72.0,68.0,16.77,15.82,18.95,0.0,0.0,0.0,45.0,15.56,0.0,0.0,0.0,120.0,15.56,1.14,1.14,1.0,0.0,0.0,15.48,0.99,83.93,79.0,100.0,92.49
2018-01-03 01:18:00,0,2,18.92,72.0,68.0,16.74,15.79,18.92,0.0,0.0,0.0,45.0,15.53,0.0,0.0,0.0,120.0,15.53,1.14,1.14,1.0,0.0,0.0,15.45,0.99,83.98,79.06,100.0,92.52
2018-01-03 01:19:00,0,2,18.89,72.0,68.0,16.71,15.76,18.89,0.0,0.0,0.0,45.0,15.5,0.0,0.0,0.0,120.0,15.49,1.14,1.14,1.0,0.0,0.0,15.42,0.99,84.03,79.13,100.0,92.54
2018-01-03 01:20:00,0,2,18.86,72.0,68.0,16.68,15.73,18.86,0.0,0.0,0.0,45.0,15.46,0.0,0.0,0.0,120.0,15.46,1.14,1.14,1.0,0.0,0.0,15.39,0.99,84.08,79.19,100.0,92.56
2018-01-03 01:21:00,0,2,18.83,72.0,68.0,16.65,15.7,18.83,0.0,0.0,0.0,45.0,15.43,0.0,0.0,0.0,120.0,15.43,1.14,1.14,1.0,0.0,0.0,15.36,0.99,84.13,79.25,100.0,92.59
2018-01-03 01:22:00,2,1,18.86,85.0,55.0,16.53,15.84,18.86,0.0,0.0,0.0,45.0,15.48,0.0,0.38,0.0,120.0,15.58,5670.71,5670.33,1.0,0.0,9.75,15.33,1.4,83.72,79.32,100.0,92.42
2018-01-03 01:23:00,2,1,18.87,85.0,55.0,16.45,15.67,18.87,0.0,0.0,0.0,45.0,15.41,0.0,0.38,0.0,120.0,15.44,5670.72,5670.35,1.0,0.0,9.75,15.29,1.39,83.54,79.38,100.0,92.57
2018-01-03 01:24:00,2,1,18.8,85.0,55.0,16.39,15.58,18.8,0.0,0.0,0.0,45.0,15.35,0.0,0.38,0.0,120.0,15.35,5670.42,5670.03,1.0,0.0,9.75,15.26,1.39,83.57,79.45,100.0,92.65
2018-01-03 01:25:00,2,1,18.74,85.0,55.0,16.35,15.54,18.74,0.0,0.0,0.0,45.0,15.31,0.0,0.38,0.0,120.0,15.31,5670.72,5670.35,1.0,0.0,9.75,15.23,1.39,83.63,79.51,100.0,92.68
2018-01-03 01:26:00,2,1,18.69,85.0,55.0,16.31,15.5,18.69,0.0,0.0,0.0,45.0,15.28,0.0,0.38,0.0,120.0,15.28,5670.51,5670.11,1.0,0.0,9.75,15.2,1.39,83.68,79.58,100.0,92.71
2018-01-03 01:27:00,2,1,18.65,85.0,55.0,16.28,15.47,18.65,0.0,0.0,0.0,45.0,15.25,0.0,0.38,0.0,120.0,15.25,5671.02,5670.65,1.0,0.0,9.75,15.17,1.39,83.73,79.64,100.0,92.74
2018-01-03 01:28:00,2,1,18.61,85.0,55.0,16.24,15.44,18.61,0.0,0.0,0.0,45.0,15.21,0.0,0.38,0.0,120.0,15.21,5670.35,5669.95,1.0,0.0,9.75,15.14,1.39,83.79,79.71,100.0,92.76
2018-01-03 01:29:00,2,1,18.58,85.0,55.0,16.21,15.41,18.58,0.0,0.0,0.0,45.0,15.18,0.0,0.38,0.0,120.0,15.18,5670.42,5670.02,1.0,0.0,9.75,15.1,1.39,83.84,79.78,100.0,92.79
2018-01-03 01:30:00,2,1,18.55,85.0,55.0,16.18,15.37,18.55,0.0,0.0,0.0,45.0,15.15,0.0,0.38,0.0,120.0,15.15,5670.55,5670.14,1.0,0.0,9.75,15.07,1.39,83.89,79.84,100.0,92.81
2018-01-03 01:31:00,2,1,18.51,85.0,55.0,16.15,15.34,18.51,0.0,0.0,0.0,45.0,15.12,0.0,0.38,0.0,120.0,15.12,5670.6,5670.21,1.0,0.0,9.75,15.04,1.39,83.95,79.91,100.0,92.84
2018-01-03 01:32:00,2,1,18.48,85.0,55.0,16.11,15.31,18.48,0.0,0.0,0.0,45.0,15.09,0.0,0.38,0.0,120.0,15.09,5670.32,5669.91,1.0,0.0,9.75,15.01,1.39,84.0,79.98,100.0,92.86
2018-01-03 01:33:00,2,1,18.45,85.0,55.0,16.08,15.28,18.45,0.0,0.0,0.0,45.0,15.05,0.0,0.38,0.0,120.0,15.05,5670.53,5670.12,1.0,0.0,9.75,14.98,1.39,84.06,80.04,100.0,92.89
2018-01-03 01:34:00,2,1,18.42,85.0,55.0,16.05,15.24,18.42,0.0,0.0,0.0,45.0,15.02,0.0,0.38,0.0,120.0,15.02,5670.72,5670.35,1.0,0.0,9.75,14.94,1.39,84.11,80.11,100.0,92.91
2018-01-03 01:35:00,2,1,18.39,85.0,55.0,16.02,15.21,18.39,0.0,0.0,0.0,45.0,14.99,0.0,0.38,0.0,120.0,14.99,5670.46,5670.05,1.0,0.0,9.75,14.91,1.39,84.16,80.18,100.0,92.94
2018-01-03 01:36:00,2,1,18.36,85.0,55.0,15.99,15.18,18.36,0.0,0.0,0.0,45.0,14.96,0.0,0.38,0.0,120.0,14.95,5671.04,5670.67,1.0,0.0,9.75,14.88,1.39,84.22,80.25,100.0,92.97
2018-01-03 01:37:00,0,2,18.43,72.0,68.0,16.16,15.4,18.43,0.0,0.0,0.0,45.0,14.99,0.06,0.0,0.0,120.0,15.11,39.08,39.08,1.0,0.0,0.0,14.84,1.19,84.88,80.32,100.0,92.94
2018-01-03 01:38:00,0,2,18.43,72.0,68.0,16.07,15.2,18.43,0.0,0.0,0.0,45.0,14.92,0.06,0.0,0.0,120.0,14.94,39.08,39.08,1.0,0.0,0.0,14.81,1.18,84.74,80.39,100.0,93.05
2018-01-03 01:39:00,0,2,18.35,72.0,68.0,16.02,15.11,18.35,0.0,0.0,0.0,45.0,14.86,0.06,0.0,0.0,120.0,14.86,39.09,39.08,1.0,0.0,0.0,14.78,1.17,84.76,80.46,100.0,93.07
2018-01-03 01:40:00,0,2,18.28,72.0,68.0,15.97,15.07,18.28,0.0,0.0,0.0,45.0,14.82,0.06,0.0,0.0,120.0,14.82,39.08,39.08,1.0,0.0,0.0,14.74,1.17,84.81,80.53,100.0,93.08
2018-01-03 01:41:00,0,2,18.23,72.0,68.0,15.93,15.04,18.23,0.0,0.0,0.0,45.0,14.79,0.06,0.0,0.0,120.0,14.79,39.09,39.08,1.0,0.0,0.0,14.71,1.17,84.86,80.59,100.0,93.1
2018-01-03 01:42:00,0,2,18.19,72.0,68.0,15.89,15.0,18.19,0.0,0.0,0.0,45.0,14.75,0.06,0.0,0.0,120.0,14.75,39.09,39.08,1.0,0.0,0.0,14.67,1.17,84.91,80.66,100.0,93.12
2018-01-03 01:43:00,0,2,18.15,72.0,68.0,15.86,14.97,18.15,0.0,0.0,0.0,45.0,14.72,0.06,0.0,0.0,120.0,14.72,39.08,39.08,1.0,0.0,0.0,14.64,1.17,84.97,80.74,100.0,93.15
2018-01-03 01:44:00,0,2,18.11,72.0,68.0,15.82,14.93,18.11,0.0,0.0,0.0,45.0,14.68,0.06,0.0,0.0,120.0,14.68,39.09,39.08,1.0,0.0,0.0,14.6,1.17,85.02,80.81,100.0,93.18
2018-01-03 01:45:00,0,2,18.08,72.0,68.0,15.79,14.9,18.08,0.0,0.0,0.0,45.0,14.65,0.06,0.0,0.0,120.0,14.65,39.08,39.08,1.0,0.0,0.0,14.57,1.17,85.08,80.88,100.0,93.2
2018-01-03 01:46:00,0,2,18.04,72.0,68.0,15.75,14.86,18.04,0.0,0.0,0.0,45.0,14.61,0.06,0.0,0.0,120.0,14.61,39.09,39.08,1.0,0.0,0.0,14.54,1.17,85.14,80.95,100.0,93.23
2018-01-03 01:47:00,0,2,18.01,72.0,68.0,15.72,14.83,18.01,0.0,0.0,0.0,45.0,14.58,0.06,0.0,0.0,120.0,14.58,39.09,39.08,1.0,0.0,0.0,14.5,1.17,85.19,81.02,100.0,93.26
2018-01-03 01:48:00,0,2,17.98,72.0,68.0,15.68,14.79,17.98,0.0,0.0,0.0,45.0,14.54,0.06,0.0,0.0,120.0,14.54,39.09,39.08,1.0,0.0,0.0,14.46,1.17,85.25,81.09,100.0,93.28
2018-01-03 01:49:00,0,2,17.94,72.0,68.0,15.65,14.75,17.94,0.0,0.0,0.0,45.0,14.51,0.06,0.0,0.0,120.0,14.51,39.08,39.08,1.0,0.0,0.0,14.43,1.17,85.31,81.16,100.0,93.31
2018-01-03 01:50:00,0,2,17.91,72.0,68.0,15.61,14.72,17.91,0.0,0.0,0.0,45.0,14.47,0.06,0.0,0.0,120.0,14.47,39.09,39.08,1.0,0.0,0.0,14.39,1.17,85.36,81.23,100.0,93.34
2018-01-03 01:51:00,0,2,17.88,72.0,68.0,15.58,14.68,17.88,0.0,0.0,0.0,45.0,14.44,0.06,0.0,0.0,120.0,14.44,39.09,39.08,1.0,0.0,0.0,14.36,1.17,85.42,81.31,100.0,93.36
2018-01-03 01:52:00,0,2,17.84,72.0,68.0,15.54,14.65,17.84,0.0,0.0,0.0,45.0,14.4,0.06,0.0,0.0,120.0,14.4,39.09,39.08,1.0,0.0,0.0,14.32,1.17,85.48,81.38,100.0,93.39
2018-01-03 01:53:00,0,2,17.81,72.0,68.0,15.5,14.61,17.81,0.0,0.0,0.0,45.0,14.36,0.06,0.0,0.0,120.0,14.36,39.09,39.08,1.0,0.0,0.0,14.28,1.17,85.53,81.45,100.0,93.42
2018-01-03 01:54:00,0,2,17.77,72.0,68.0,15.47,14.57,17.77,0.0,0.0,0.0,45.0,14.33,0.06,0.0,0.0,120.0,14.33,39.08,39.08,1.0,0.0,0.0,14.25,1.17,85.59,81.53,100.0,93.45
2018-01-03 01:55:00,0,2,17.74,72.0,68.0,15.43,14.54,17.74,0.0,0.0,0.0,45.0,14.29,0.06,0.0,0.0,120.0,14.29,39.09,39.09,1.0,0.0,0.0,14.21,1.17,85.65,81.6,100.0,93.47
2018-01-03 01:56:00,0,2,17.7,72.0,68.0,15.4,14.5,17.7,0.0,0.0,0.0,45.0,14.25,0.06,0.0,0.0,120.0,14.25,39.09,39.08,1.0,0.0,0.0,14.17,1.17,85.71,81.67,100.0,93.5
2018-01-03 01:57:00,0,2,17.67,72.0,68.0,15.36,14.46,17.67,0.0,0.0,0.0,45.0,14.21,0.06,0.0,0.0,120.0,14.21,39.08,39.08,1.0,0.0,0.0,14.13,1.17,85.77,81.75,100.0,93.53
2018-01-03 01:58:00,0,2,17.63,72.0,68.0,15.32,14.42,17.63,0.0,0.0,0.0,45.0,14.18,0.06,0.0,0.0,120.0,14.18,39.09,39.08,1.0,0.0,0.0,14.09,1.17,85.82,81.82,100.0,93.56
2018-01-03 01:59:00,2,1,17.66,85.0,55.0,15.17,14.48,17.66,0.0,0.0,0.0,45.0,14.14,0.0,0.39,0.0,120.0,14.23,5671.06,5670.67,1.0,0.0,9.75,14.06,1.34,85.43,81.9,100.0,93.63
2018-01-03 02:00:00,2,1,17.62,85.0,55.0,15.16,14.35,17.62,0.0,0.0,0.0,45.0,14.1,0.0,0.39,0.0,120.0,14.12,5670.42,5670.02,1.0,0.0,9.75,14.02,1.38,85.6,81.97,100.0,93.65
2018-01-03 02:01:00,2,1,17.56,85.0,55.0,15.11,14.29,17.56,0.0,0.0,0.0,45.0,14.06,0.0,0.39,0.0,120.0,14.06,5670.56,5670.16,1.0,0.0,9.75,13.97,1.39,85.68,82.06,100.0,93.66
2018-01-03 02:02:00,0,2,17.59,72.0,68.0,15.3,14.29,17.59,0.0,0.0,0.0,45.0,14.07,0.0,0.0,0.0,120.0,14.04,1.14,1.14,1.0,0.0,0.0,13.92,0.94,86.43,82.15,100.0,93.69
2018-01-03 02:03:00,0,2,17.53,72.0,68.0,15.23,14.23,17.53,0.0,0.0,0.0,45.0,13.97,0.0,0.0,0.0,120.0,13.96,1.14,1.14,1.0,0.0,0.0,13.86,0.99,86.45,82.24,100.0,93.74
2018-01-03 02:04:00,0,2,17.46,72.0,68.0,15.16,14.17,17.46,0.0,0.0,0.0,45.0,13.9,0.0,0.0,0.0,120.0,13.9,1.14,1.14,1.0,0.0,0.0,13.81,0.99,86.51,82.33,100.0,93.77
2018-01-03 02:05:00,0,2,17.4,72.0,68.0,15.11,14.11,17.4,0.0,0.0,0.0,45.0,13.84,0.0,0.0,0.0,120.0,13.84,1.14,1.14,1.0,0.0,0.0,13.75,0.99,86.58,82.42,100.0,93.8
2018-01-03 02:06:00,0,2,17.34,72.0,68.0,15.05,14.06,17.34,0.0,0.0,0.0,45.0,13.79,0.0,0.0,0.0,120.0,13.79,1.14,1.14,1.0,0.0,0.0,13.7,0.99,86.65,82.52,100.0,93.83
2018-01-03 02:07:00,0,2,17.29,72.0,68.0,14.99,14.01,17.29,0.0,0.0,0.0,45.0,13.73,0.0,0.0,0.0,120.0,13.73,1.14,1.14,1.0,0.0,0.0,13.64,0.99,86.72,82.61,100.0,93.86
2018-01-03 02:08:00,0,2,17.23,72.0,68.0,14.94,13.95,17.23,0.0,0.0,0.0,45.0,13.68,0.0,0.0,0.0,120.0,13.68,1.14,1.14,1.0,0.0,0.0,13.59,0.99,86.79,82.7,100.0,93.9
2018-01-03 02:09:00,0,2,17.18,72.0,68.0,14.89,13.9,17.18,0.0,0.0,0.0,45.0,13.62,0.0,0.0,0.0,120.0,13.62,1.14,1.14,1.0,0.0,0.0,13.53,0.99,86.86,82.79,100.0,93.93
2018-01-03 02:10:00,0,2,17.13,72.0,68.0,14.83,13.84,17.13,0.0,0.0,0.0,45.0,13.57,0.0,0.0,0.0,120.0,13.57,1.14,1.14,1.0,0.0,0.0,13.48,0.99,86.94,82.89,100.0,93.97
2018-01-03 02:11:00,0,2,17.08,72.0,68.0,14.78,13.79,17.08,0.0,0.0,0.0,45.0,13.51,0.0,0.0,0.0,120.0,13.51,1.14,1.14,1.0,0.0,0.0,13.42,0.99,87.01,82.98,100.0,94.0
2018-01-03 02:12:00,0,2,17.03,72.0,68.0,14.73,13.73,17.03,0.0,0.0,0.0,45.0,13.46,0.0,0.0,0.0,120.0,13.46,1.14,1.14,1.0,0.0,0.0,13.37,0.99,87.08,83.07,100.0,94.04
2018-01-03 02:13:00,0,2,16.98,72.0,68.0,14.67,13.68,16.98,0.0,0.0,0.0,45.0,13.4,0.0,0.0,0.0,120.0,13.4,1.14,1.14,1.0,0.0,0.0,13.31,0.99,87.15,83.17,100.0,94.07
2018-01-03 02:14:00,0,2,16.93,72.0,68.0,14.62,13.62,16.93,0.0,0.0,0.0,45.0,13.35,0.0,0.0,0.0,120.0,13.35,1.14,1.14,1.0,0.0,0.0,13.26,0.99,87.22,83.26,100.0,94.11
2018-01-03 02:15:00,0,2,16.88,72.0,68.0,14.57,13.57,16.88,0.0,0.0,0.0,45.0,13.29,0.0,0.0,0.0,120.0,13.29,1.14,1.14,1.0,0.0,0.0,13.2,0.99,87.29,83.35,100.0,94.14
2018-01-03 02:16:00,0,2,16.83,72.0,68.0,14.51,13.51,16.83,0.0,0.0,0.0,45.0,13.24,0.0,0.0,0.0,120.0,13.23,1.14,1.14,1.0,0.0,0.0,13.14,0.99,87.37,83.44,100.0,94.18
2018-01-03 02:17:00,0,2,16.79,72.0,68.0,14.46,13.45,16.79,0.0,0.0,0.0,45.0,13.18,0.0,0.0,0.0,120.0,13.18,1.14,1.14,1.0,0.0,0.0,13.09,0.99,87.44,83.54,100.0,94.21
2018-01-03 02:18:00,0,2,16.74,72.0,68.0,14.41,13.4,16.74,0.0,0.0,0.0,45.0,13.12,0.0,0.0,0.0,120.0,13.12,1.14,1.14,1.0,0.0,0.0,13.03,0.99,87.51,83.63,100.0,94.25
2018-01-03 02:19:00,0,2,16.69,72.0,68.0,14.35,13.34,16.69,0.0,0.0,0.0,45.0,13.07,0.0,0.0,0.0,120.0,13.07,1.14,1.14,1.0,0.0,0.0,12.98,0.99,87.58,83.72,100.0,94.28
2018-01-03 02:20:00,0,2,16.64,72.0,68.0,14.3,13.29,16.64,0.0,0.0,0.0,45.0,13.01,0.0,0.0,0.0,120.0,13.01,1.14,1.14,1.0,0.0,0.0,12.92,0.99,87.65,83.81,100.0,94.32
2018-01-03 02:21:00,0,2,16.59,72.0,68.0,14.24,13.23,16.59,0.0,0.0,0.0,45.0,12.96,0.0,0.0,0.0,120.0,12.96,1.14,1.14,1.0,0.0,0.0,12.87,0.99,87.72,83.9,100.0,94.35
2018-01-03 02:22:00,0,2,16.54,72.0,68.0,14.19,13.18,16.54,0.0,0.0,0.0,45.0,12.9,0.0,0.0,0.0,120.0,12.9,1.14,1.14,1.0,0.0,0.0,12.81,0.99,87.79,83.99,100.0,94.39
2018-01-03 02:23:00,0,2,16.49,72.0,68.0,14.13,13.12,16.49,0.0,0.0,0.0,45.0,12.85,0.0,0.0,0.0,120.0,12.85,1.14,1.14,1.0,0.0,0.0,12.75,0.99,87.86,84.09,100.0,94.43
2018-01-03 02:24:00,0,2,16.44,72.0,68.0,14.08,13.07,16.44,0.0,0.0,0.0,45.0,12.79,0.0,0.0,0.0,120.0,12.79,1.14,1.14,1.0,0.0,0.0,12.7,0.99,87.93,84.18,100.0,94.46
2018-01-03 02:25:00,0,2,16.39,72.0,68.0,14.03,13.02,16.39,0.0,0.0,0.0,45.0,12.74,0.0,0.0,0.0,120.0,12.74,1.14,1.14,1.0,0.0,0.0,12.64,0.99,88.0,84.27,100.0,94.49
2018-01-03 02:26:00,0,2,16.34,72.0,68.0,13.98,12.97,16.34,0.0,0.0,0.0,45.0,12.68,0.0,0.0,0.0,120.0,12.68,1.14,1.14,1.0,0.0,0.0,12.59,0.99,88.07,84.36,100.0,94.52
2018-01-03 02:27:00,0,2,16.29,72.0,68.0,13.91,13.16,16.29,0.0,0.0,0.0,45.0,12.63,0.0,0.0,0.0,120.0,12.63,1.14,1.14,1.0,0.0,0.0,12.53,0.99,88.14,84.44,100.0,94.56
2018-01-03 02:28:00,0,2,16.24,72.0,68.0,13.85,13.14,16.24,0.0,0.0,0.0,45.0,12.57,0.0,0.0,0.0,120.0,12.57,1.14,1.14,1.0,0.0,0.0,12.48,0.99,88.21,84.53,100.0,94.6
2018-01-03 02:29:00,0,2,16.19,72.0,68.0,13.81,12.94,16.19,0.0,0.0,0.0,45.0,12.52,0.0,0.0,0.0,120.0,12.52,1.14,1.14,1.0,0.0,0.0,12.43,0.99,88.28,84.62,100.0,94.63
2018-01-03 02:30:00,2,1,16.25,85.0,55.0,13.66,12.93,16.25,0.0,0.0,0.0,45.0,12.51,0.0,0.41,0.0,120.0,12.61,5671.68,5671.29,1.0,0.0,9.75,12.37,1.4,87.95,84.71,100.0,94.63
2018-01-03 02:31:00,2,1,16.2,85.0,55.0,13.56,12.71,16.2,0.0,0.0,0.0,45.0,12.42,0.0,0.41,0.0,120.0,12.44,5670.46,5670.07,1.0,0.0,9.75,12.32,1.39,87.91,84.8,100.0,94.71
2018-01-03 02:32:00,2,1,16.1,85.0,55.0,13.49,12.62,16.1,0.0,0.0,0.0,45.0,12.36,0.0,0.41,0.0,120.0,12.36,5670.72,5670.35,1.0,0.0,9.75,12.26,1.39,87.96,84.88,100.0,94.73
2018-01-03 02:33:00,2,1,16.02,85.0,55.0,13.42,12.56,16.02,0.0,0.0,0.0,45.0,12.3,0.0,0.41,0.0,120.0,12.3,5671.15,5670.76,1.0,0.0,9.75,12.21,1.39,88.03,84.97,100.0,94.75
2018-01-03 02:34:00,2,1,15.95,85.0,55.0,13.37,12.5,15.95,0.0,0.0,0.0,45.0,12.25,0.0,0.41,0.0,120.0,12.25,5671.02,5670.65,1.0,0.0,9.75,12.16,1.39,88.09,85.05,100.0,94.78
2018-01-03 02:35:00,2,1,15.89,85.0,55.0,13.31,12.45,15.89,0.0,0.0,0.0,45.0,12.2,0.0,0.41,0.0,120.0,12.2,5671.04,5670.67,1.0,0.0,9.75,12.1,1.39,88.16,85.14,100.0,94.81
2018-01-03 02:36:00,0,2,15.99,72.0,68.0,13.46,12.58,15.99,0.0,0.0,0.0,45.0,12.23,0.06,0.0,0.0,120.0,12.29,39.09,39.08,1.0,0.0,0.0,12.05,1.18,88.63,85.22,100.0,94.86
2018-01-03 02:37:00,0,2,15.92,72.0,68.0,13.36,12.41,15.92,0.0,0.0,0.0,45.0,12.12,0.06,0.0,0.0,120.0,12.13,39.08,39.08,1.0,0.0,0.0,12.0,1.18,88.6,85.31,100.0,94.92
2018-01-03 02:38:00,0,2,15.97,72.0,68.0,13.51,12.53,15.97,0.0,0.0,0.0,45.0,12.15,0.0,0.0,0.0,120.0,12.2,1.14,1.14,1.0,0.0,0.0,11.95,1.01,89.04,85.39,100.0,94.9
2018-01-03 02:39:00,0,2,15.9,72.0,68.0,13.39,12.35,15.9,0.0,0.0,0.0,45.0,12.02,0.0,0.0,0.0,120.0,12.04,1.14,1.14,1.0,0.0,0.0,11.9,1.0,88.97,85.47,100.0,94.99
2018-01-03 02:40:00,0,2,15.78,72.0,68.0,13.31,12.26,15.78,0.0,0.0,0.0,45.0,11.95,0.0,0.0,0.0,120.0,11.95,1.14,1.14,1.0,0.0,0.0,11.85,0.99,89.01,85.55,100.0,95.0
2018-01-03 02:41:00,0,2,15.69,72.0,68.0,13.24,12.2,15.69,0.0,0.0,0.0,45.0,11.89,0.0,0.0,0.0,120.0,11.89,1.14,1.14,1.0,0.0,0.0,11.8,0.99,89.06,85.63,100.0,95.01
2018-01-03 02:42:00,0,2,15.61,72.0,68.0,13.18,12.14,15.61,0.0,0.0,0.0,45.0,11.84,0.0,0.0,0.0,120.0,11.84,1.14,1.14,1.0,0.0,0.0,11.75,0.99,89.12,85.71,100.0,95.03
2018-01-03 02:43:00,0,2,15.55,72.0,68.0,13.13,12.09,15.55,0.0,0.0,0.0,45.0,11.79,0.0,0.0,0.0,120.0,11.79,1.14,1.14,1.0,0.0,0.0,11.7,0.99,89.18,85.79,100.0,95.05
2018-01-03 02:44:00,0,2,15.5,72.0,68.0,13.08,12.04,15.5,0.0,0.0,0.0,45.0,11.74,0.0,0.0,0.0,120.0,11.74,1.14,1.14,1.0,0.0,0.0,11.65,0.99,89.23,85.87,100.0,95.08
2018-01-03 02:45:00,0,2,15.45,72.0,68.0,13.03,12.0,15.45,0.0,0.0,0.0,45.0,11.69,0.0,0.0,0.0,120.0,11.69,1.14,1.14,1.0,0.0,0.0,11.6,0.99,89.29,85.94,100.0,95.11
2018-01-03 02:46:00,2,1,15.47,85.0,55.0,12.89,12.06,15.47,0.0,0.0,0.0,45.0,11.73,0.0,0.41,0.0,120.0,11.78,5670.25,5669.86,1.0,0.0,9.75,11.55,1.4,89.07,86.02,100.0,95.09
2018-01-03 02:47:00,2,1,15.47,85.0,55.0,12.78,11.91,15.47,0.0,0.0,0.0,45.0,11.64,0.0,0.41,0.0,120.0,11.66,5670.19,5669.79,1.0,0.0,9.75,11.51,1.39,88.97,86.1,100.0,95.21
2018-01-03 02:48:00,2,1,15.38,85.0,55.0,12.71,11.82,15.38,0.0,0.0,0.0,45.0,11.56,0.0,0.41,0.0,120.0,11.56,5670.56,5670.18,1.0,0.0,9.75,11.46,1.39,89.0,86.17,100.0,95.22
2018-01-03 02:49:00,2,1,15.3,85.0,55.0,12.65,11.77,15.3,0.0,0.0,0.0,45.0,11.51,0.0,0.41,0.0,120.0,11.51,5671.08,5670.71,1.0,0.0,9.75,11.42,1.39,89.05,86.24,100.0,95.23
2018-01-03 02:50:00,2,1,15.23,85.0,55.0,12.6,11.72,15.23,0.0,0.0,0.0,45.0,11.46,0.0,0.42,0.0,120.0,11.46,5670.19,5669.8,1.0,0.0,9.75,11.37,1.39,89.1,86.31,100.0,95.25
2018-01-03 02:51:00,2,1,15.17,85.0,55.0,12.55,11.67,15.17,0.0,0.0,0.0,45.0,11.42,0.0,0.42,0.0,120.0,11.42,5670.19,5669.8,1.0,0.0,9.75,11.33,1.39,89.16,86.38,100.0,95.27
2018-01-03 02:52:00,2,1,15.12,85.0,55.0,12.51,11.63,15.12,0.0,0.0,0.0,45.0,11.37,0.0,0.42,0.0,120.0,11.37,5670.41,5670.02,1.0,0.0,9.75,11.28,1.39,89.21,86.45,100.0,95.3
2018-01-03 02:53:00,2,1,15.08,85.0,55.0,12.46,11.59,15.08,0.0,0.0,0.0,45.0,11.33,0.0,0.42,0.0,120.0,11.33,5670.55,5670.14,1.0,0.0,9.75,11.24,1.39,89.27,86.52,100.0,95.32
2018-01-03 02:54:00,2,1,15.03,85.0,55.0,12.42,11.54,15.03,0.0,0.0,0.0,45.0,11.28,0.0,0.42,0.0,120.0,11.29,5670.21,5669.82,1.0,0.0,9.75,11.2,1.39,89.32,86.59,100.0,95.34
2018-01-03 02:55:00,2,1,14.99,85.0,55.0,12.38,11.5,14.99,0.0,0.0,0.0,45.0,11.24,0.0,0.42,0.0,120.0,11.24,5670.69,5670.3,1.0,0.0,9.75,11.15,1.39,89.38,86.65,100.0,95.37
2018-01-03 02:56:00,2,1,14.95,85.0,55.0,12.34,11.46,14.95,0.0,0.0,0.0,45.0,11.2,0.0,0.42,0.0,120.0,11.2,5670.53,5670.12,1.0,0.0,9.75,11.11,1.39,89.43,86.72,100.0,95.39
2018-01-03 02:57:00,2,1,14.91,85.0,55.0,12.3,11.42,14.91,0.0,0.0,0.0,45.0,11.16,0.0,0.42,0.0,120.0,11.16,5671.78,5671.41,1.0,0.0,9.75,11.07,1.39,89.48,86.78,100.0,95.41
2018-01-03 02:58:00,2,1,14.87,85.0,55.0,12.26,11.38,14.87,0.0,0.0,0.0,45.0,11.12,0.0,0.42,0.0,120.0,11.12,5670.28,5669.88,1.0,0.0,9.75,11.03,1.39,89.53,86.84,100.0,95.44
2018-01-03 02:59:00,2,1,14.83,85.0,55.0,12.22,11.34,14.83,0.0,0.0,0.0,45.0,11.08,0.0,0.42,0.0,120.0,11.08,5671.08,5670.71,1.0,0.0,9.75,11.0,1.39,89.58,86.91,100.0,95.46
2018-01-03 03:00:00,2,1,14.8,85.0,55.0,12.18,11.3,14.8,0.0,0.0,0.0,45.0,11.04,0.0,0.42,0.0,120.0,11.04,5671.04,5670.67,1.0,0.0,9.75,10.96,1.39,89.62,86.96,100.0,95.48
2018-01-03 03:01:00,2,1,14.76,85.0,55.0,12.15,11.27,14.76,0.0,0.0,0.0,45.0,11.01,0.0,0.42,0.0,120.0,11.01,5670.72,5670.35,1.0,0.0,9.75,10.93,1.39,89.65,87.0,100.0,95.49
2018-01-03 03:02:00,2,1,14.73,85.0,55.0,12.13,11.26,14.73,0.0,0.0,0.0,45.0,10.99,0.0,0.42,0.0,120.0,10.99,5670.42,5670.02,1.0,0.0,9.75,10.92,1.39,89.66,87.02,100.0,95.5
2018-01-03 03:03:00,2,1,14.71,85.0,55.0,12.11,11.24,14.71,0.0,0.0,0.0,45.0,10.98,0.0,0.42,0.0,120.0,10.98,5670.53,5670.12,1.0,0.0,9.75,10.9,1.39,89.67,87.03,100.0,95.5
2018-01-03 03:04:00,2,1,14.68,85.0,55.0,12.1,11.22,14.68,0.0,0.0,0.0,45.0,10.96,0.0,0.42,0.0,120.0,10.96,5670.6,5670.21,1.0,0.0,9.75,10.89,1.39,89.68,87.04,100.0,95.51
2018-01-03 03:05:00,2,1,14.66,85.0,55.0,12.08,11.21,14.66,0.0,0.0,0.0,45.0,10.95,0.0,0.42,0.0,120.0,10.95,5670.39,5669.98,1.0,0.0,9.75,10.87,1.39,89.69,87.05,100.0,95.51
2018-01-03 03:06:00,2,1,14.64,85.0,55.0,12.06,11.2,14.64,0.0,0.0,0.0,45.0,10.93,0.0,0.42,0.0,120.0,10.93,5670.65,5670.26,1.0,0.0,9.75,10.86,1.39,89.7,87.06,100.0,95.51
2018-01-03 03:07:00,2,1,14.63,85.0,55.0,12.05,11.18,14.63,0.0,0.0,0.0,45.0,10.92,0.0,0.42,0.0,120.0,10.92,5671.09,5670.71,1.0,0.0,9.75,10.85,1.39,89.71,87.07,100.0,95.52
2018-01-03 03:08:00,2,1,14.61,85.0,55.0,12.04,11.17,14.61,0.0,0.0,0.0,45.0,10.91,0.0,0.42,0.0,120.0,10.91,5670.41,5670.0,1.0,0.0,9.75,10.84,1.39,89.72,87.08,100.0,95.52
2018-01-03 03:09:00,2,1,14.59,85.0,55.0,12.03,11.16,14.59,0.0,0.0,0.0,45.0,10.9,0.0,0.42,0.0,120.0,10.9,5671.06,5670.69,1.0,0.0,9.75,10.82,1.39,89.72,87.09,100.0,95.52
2018-01-03 03:10:00,2,1,14.58,85.0,55.0,12.01,11.15,14.58,0.0,0.0,0.0,45.0,10.89,0.0,0.42,0.0,120.0,10.89,5670.72,5670.35,1.0,0.0,9.75,10.81,1.39,89.73,87.09,100.0,95.53
2018-01-03 03:11:00,2,1,14.56,85.0,55.0,12.0,11.14,14.56,0.0,0.0,0.0,45.0,10.88,0.0,0.42,0.0,120.0,10.88,5670.72,5670.35,1.0,0.0,9.75,10.81,1.39,89.73,87.1,100.0,95.53
2018-01-03 03:12:00,2,1,14.55,85.0,55.0,11.99,11.13,14.55,0.0,0.0,0.0,45.0,10.87,0.0,0.42,0.0,120.0,10.87,5670.51,5670.11,1.0,0.0,9.75,10.8,1.39,89.73,87.1,100.0,95.53
2018-01-03 03:13:00,2,1,14.54,85.0,55.0,11.98,11.12,14.54,0.0,0.0,0.0,45.0,10.86,0.0,0.42,0.0,120.0,10.86,5670.6,5670.19,1.0,0.0,9.75,10.79,1.39,89.74,87.1,100.0,95.53
2018-01-03 03:14:00,2,1,14.53,85.0,55.0,11.97,11.11,14.53,0.0,0.0,0.0,45.0,10.85,0.0,0.42,0.0,120.0,10.85,5670.23,5669.82,1.0,0.0,9.75,10.78,1.39,89.74,87.11,100.0,95.53
2018-01-03 03:15:00,2,1,14.51,85.0,55.0,11.97,11.11,14.51,0.0,0.0,0.0,45.0,10.85,0.0,0.42,0.0,120.0,10.85,5670.71,5670.33,1.0,0.0,9.75,10.78,1.39,89.74,87.11,100.0,95.53
2018-01-03 03:16:00,2,1,14.5,85.0,55.0,11.96,11.1,14.5,0.0,0.0,0.0,45.0,10.84,0.0,0.42,0.0,120.0,10.84,5670.72,5670.35,1.0,0.0,9.75,10.77,1.39,89.74,87.11,100.0,95.53
2018-01-03 03:17:00,2,1,14.49,85.0,55.0,11.95,11.1,14.49,0.0,0.0,0.0,45.0,10.84,0.0,0.42,0.0,120.0,10.84,5670.35,5669.96,1.0,0.0,9.75,10.76,1.39,89.74,87.11,100.0,95.53
2018-01-03 03:18:00,2,1,14.48,85.0,55.0,11.95,11.09,14.48,0.0,0.0,0.0,45.0,10.83,0.0,0.42,0.0,120.0,10.83,5670.53,5670.14,1.0,0.0,9.75,10.76,1.39,89.74,87.11,100.0,95.53
2018-01-03 03:19:00,2,1,14.47,85.0,55.0,11.94,11.09,14.47,0.0,0.0,0.0,45.0,10.83,0.0,0.42,0.0,120.0,10.83,5670.25,5669.86,1.0,0.0,9.75,10.76,1.39,89.74,87.1,100.0,95.53
2018-01-03 03:20:00,2,1,14.46,85.0,55.0,11.93,11.08,14.46,0.0,0.0,0.0,45.0,10.82,0.0,0.42,0.0,120.0,10.82,5670.72,5670.35,1.0,0.0,9.75,10.75,1.39,89.73,87.1,100.0,95.53
2018-01-03 03:21:00,2,1,14.45,85.0,55.0,11.93,11.08,14.45,0.0,0.0,0.0,45.0,10.82,0.0,0.42,0.0,120.0,10.82,5670.72,5670.35,1.0,0.0,9.75,10.75,1.39,89.73,87.1,100.0,95.53
2018-01-03 03:22:00,2,1,14.45,85.0,55.0,11.93,11.08,14.45,0.0,0.0,0.0,45.0,10.82,0.0,0.42,0.0,120.0,10.82,5670.72,5670.35,1.0,0.0,9.75,10.75,1.39,89.73,87.1,100.0,95.53
2018-01-03 03:23:00,2,1,14.44,85.0,55.0,11.92,11.07,14.44,0.0,0.0,0.0,45.0,10.81,0.0,0.42,0.0,120.0,10.81,5670.48,5670.09,1.0,0.0,9.75,10.75,1.39,89.73,87.09,100.0,95.53
2018-01-03 03:24:00,2,1,14.43,85.0,55.0,11.92,11.07,14.43,0.0,0.0,0.0,45.0,10.81,0.0,0.42,0.0,120.0,10.81,5670.72,5670.35,1.0,0.0,9.75,10.74,1.39,89.72,87.09,100.0,95.53
2018-01-03 03:25:00,2,1,14.42,85.0,55.0,11.92,11.07,14.42,0.0,0.0,0.0,45.0,10.81,0.0,0.42,0.0,120.0,10.81,5671.04,5670.65,1.0,0.0,9.75,10.74,1.39,89.72,87.08,100.0,95.53
2018-01-03 03:26:00,2,1,14.42,85.0,55.0,11.91,11.07,14.42,0.0,0.0,0.0,45.0,10.81,0.0,0.42,0.0,120.0,10.81,5671.04,5670.65,1.0,0.0,9.75,10.74,1.39,89.72,87.08,100.0,95.52
2018-01-03 03:27:00,2,1,14.41,85.0,55.0,11.91,11.07,14.41,0.0,0.0,0.0,45.0,10.81,0.0,0.42,0.0,120.0,10.81,5670.49,5670.11,1.0,0.0,9.75,10.74,1.39,89.71,87.07,100.0,95.52
2018-01-03 03:28:00,2,1,14.41,85.0,55.0,11.91,11.07,14.41,0.0,0.0,0.0,45.0,10.81,0.0,0.42,0.0,120.0,10.81,5670.72,5670.35,1.0,0.0,9.75,10.74,1.39,89.71,87.07,100.0,95.52
2018-01-03 03:29:00,2,1,14.4,85.0,55.0,11.91,11.07,14.4,0.0,0.0,0.0,45.0,10.81,0.0,0.42,0.0,120.0,10.81,5670.72,5670.35,1.0,0.0,9.75,10.75,1.39,89.7,87.06,100.0,95.52
2018-01-03 03:30:00,2,1,14.4,85.0,55.0,11.91,11.07,14.4,0.0,0.0,0.0,45.0,10.81,0.0,0.42,0.0,120.0,10.81,5670.44,5670.05,1.0,0.0,9.75,10.75,1.39,89.7,87.06,100.0,95.52
2018-01-03 03:31:00,2,1,14.39,85.0,55.0,11.91,11.07,14.39,0.0,0.0,0.0,45.0,10.82,0.0,0.42,0.0,120.0,10.82,5670.51,5670.11,1.0,0.0,9.75,10.75,1.39,89.69,87.05,100.0,95.51
2018-01-03 03:32:00,2,1,14.39,85.0,55.0,11.91,11.07,14.39,0.0,0.0,0.0,45.0,10.82,0.0,0.42,0.0,120.0,10.82,5670.72,5670.35,1.0,0.0,9.75,10.75,1.39,89.69,87.04,100.0,95.51
2018-01-03 03:33:00,2,1,14.39,85.0,55.0,11.91,11.08,14.39,0.0,0.0,0.0,45.0,10.82,0.0,0.42,0.0,120.0,10.82,5671.11,5670.72,1.0,0.0,9.75,10.76,1.39,89.68,87.04,100.0,95.51
2018-01-03 03:34:00,2,1,14.38,85.0,55.0,11.91,11.08,14.38,0.0,0.0,0.0,45.0,10.82,0.0,0.42,0.0,120.0,10.82,5670.32,5669.93,1.0,0.0,9.75,10.76,1.39,89.68,87.03,100.0,95.51
2018-01-03 03:35:00,2,1,14.38,85.0,55.0,11.92,11.08,14.38,0.0,0.0,0.0,45.0,10.83,0.0,0.42,0.0,120.0,10.83,5670.71,5670.35,1.0,0.0,9.75,10.76,1.39,89.67,87.02,100.0,95.5
2018-01-03 03:36:00,2,1,14.38,85.0,55.0,11.92,11.09,14.38,0.0,0.0,0.0,45.0,10.83,0.0,0.42,0.0,120.0,10.83,5670.49,5670.09,1.0,0.0,9.75,10.77,1.39,89.67,87.02,100.0,95.5
2018-01-03 03:37:00,2,1,14.37,85.0,55.0,11.92,11.09,14.37,0.0,0.0,0.0,45.0,10.84,0.0,0.42,0.0,120.0,10.84,5670.71,5670.3,1.0,0.0,9.75,10.77,1.39,89.66,87.01,100.0,95.5
2018-01-03 03:38:00,2,1,14.37,85.0,55.0,11.92,11.09,14.37,0.0,0.0,0.0,45.0,10.84,0.0,0.42,0.0,120.0,10.84,5670.39,5669.98,1.0,0.0,9.75,10.78,1.39,89.66,87.0,100.0,95.5
2018-01-03 03:39:00,2,1,14.37,85.0,55.0,11.92,11.1,14.37,0.0,0.0,0.0,45.0,10.84,0.0,0.42,0.0,120.0,10.84,5670.42,5670.03,1.0,0.0,9.75,10.78,1.39,89.65,87.0,100.0,95.49
2018-01-03 03:40:00,2,1,14.37,85.0,55.0,11.93,11.1,14.37,0.0,0.0,0.0,45.0,10.85,0.0,0.42,0.0,120.0,10.85,5671.06,5670.67,1.0,0.0,9.75,10.79,1.39,89.65,86.99,100.0,95.49
2018-01-03 03:41:00,2,1,14.37,85.0,55.0,11.93,11.11,14.37,0.0,0.0,0.0,45.0,10.86,0.0,0.42,0.0,120.0,10.86,5670.46,5670.05,1.0,0.0,9.75,10.79,1.39,89.64,86.99,100.0,95.49
2018-01-03 03:42:00,2,1,14.37,85.0,55.0,11.94,11.11,14.37,0.0,0.0,0.0,45.0,10.86,0.0,0.42,0.0,120.0,10.86,5671.15,5670.76,1.0,0.0,9.75,10.8,1.39,89.64,86.98,100.0,95.49
2018-01-03 03:43:00,2,1,14.37,85.0,55.0,11.94,11.12,14.37,0.0,0.0,0.0,45.0,10.87,0.0,0.42,0.0,120.0,10.87,5670.25,5669.84,1.0,0.0,9.75,10.8,1.39,89.63,86.98,100.0,95.48
2018-01-03 03:44:00,2,1,14.37,85.0,55.0,11.94,11.12,14.37,0.0,0.0,0.0,45.0,10.87,0.0,0.42,0.0,120.0,10.87,5670.49,5670.09,1.0,0.0,9.75,10.81,1.39,89.63,86.97,100.0,95.48
2018-01-03 03:45:00,2,1,14.37,85.0,55.0,11.95,11.13,14.37,0.0,0.0,0.0,45.0,10.88,0.0,0.42,0.0,120.0,10.88,5670.55,5670.16,1.0,0.0,9.75,10.82,1.39,89.63,86.97,100.0,95.48
2018-01-03 03:46:00,2,1,14.37,85.0,55.0,11.95,11.14,14.37,0.0,0.0,0.0,45.0,10.89,0.0,0.42,0.0,120.0,10.89,5671.09,5670.71,1.0,0.0,9.75,10.82,1.39,89.62,86.97,100.0,95.48
2018-01-03 03:47:00,2,1,14.37,85.0,55.0,11.96,11.14,14.37,0.0,0.0,0.0,45.0,10.89,0.0,0.42,0.0,120.0,10.89,5670.95,5670.56,1.0,0.0,9.75,10.83,1.39,89.62,86.96,100.0,95.47
2018-01-03 03:48:00,2,1,14.37,85.0,55.0,11.96,11.15,14.37,0.0,0.0,0.0,45.0,10.9,0.0,0.42,0.0,120.0,10.9,5670.72,5670.35,1.0,0.0,9.75,10.84,1.39,89.62,86.96,100.0,95.47
2018-01-03 03:49:00,2,1,14.37,85.0,55.0,11.97,11.16,14.37,0.0,0.0,0.0,45.0,10.91,0.0,0.42,0.0,120.0,10.91,5670.72,5670.35,1.0,0.0,9.75,10.85,1.39,89.62,86.96,100.0,95.47
2018-01-03 03:50:00,2,1,14.37,85.0,55.0,11.97,11.16,14.37,0.0,0.0,0.0,45.0,10.92,0.0,0.42,0.0,120.0,10.92,5670.58,5670.19,1.0,0.0,9.75,10.85,1.39,89.61,86.96,100.0,95.47
2018-01-03 03:51:00,0,2,14.48,72.0,68.0,12.19,11.36,14.48,0.0,0.0,0.0,45.0,11.0,0.06,0.0,0.0,120.0,11.05,39.09,39.08,1.0,0.0,0.0,10.86,1.19,90.03,86.96,100.0,95.45
2018-01-03 03:52:00,0,2,14.51,72.0,68.0,12.14,11.25,14.51,0.0,0.0,0.0,45.0,10.96,0.06,0.0,0.0,120.0,10.98,39.08,39.08,1.0,0.0,0.0,10.87,1.18,89.9,86.96,100.0,95.52
2018-01-03 03:53:00,0,2,14.46,72.0,68.0,12.12,11.22,14.46,0.0,0.0,0.0,45.0,10.95,0.06,0.0,0.0,120.0,10.95,39.08,39.08,1.0,0.0,0.0,10.88,1.17,89.87,86.96,100.0,95.5
2018-01-03 03:54:00,0,2,14.43,72.0,68.0,12.11,11.22,14.43,0.0,0.0,0.0,45.0,10.95,0.06,0.0,0.0,120.0,10.95,39.08,39.08,1.0,0.0,0.0,10.89,1.17,89.87,86.96,100.0,95.48
2018-01-03 03:55:00,0,2,14.41,72.0,68.0,12.11,11.23,14.41,0.0,0.0,0.0,45.0,10.96,0.06,0.0,0.0,120.0,10.96,39.09,39.09,1.0,0.0,0.0,10.89,1.17,89.86,86.96,100.0,95.47
2018-01-03 03:56:00,0,2,14.4,72.0,68.0,12.11,11.23,14.4,0.0,0.0,0.0,45.0,10.96,0.06,0.0,0.0,120.0,10.96,39.08,39.08,1.0,0.0,0.0,10.9,1.17,89.86,86.96,100.0,95.47
2018-01-03 03:57:00,0,2,14.39,72.0,68.0,12.12,11.24,14.39,0.0,0.0,0.0,45.0,10.97,0.06,0.0,0.0,120.0,10.97,39.08,39.08,1.0,0.0,0.0,10.91,1.17,89.87,86.97,100.0,95.47
2018-01-03 03:58:00,0,2,14.39,72.0,68.0,12.12,11.25,14.39,0.0,0.0,0.0,45.0,10.98,0.06,0.0,0.0,120.0,10.98,39.08,39.08,1.0,0.0,0.0,10.92,1.17,89.87,86.97,100.0,95.47
2018-01-03 03:59:00,0,2,14.39,72.0,68.0,12.13,11.26,14.39,0.0,0.0,0.0,45.0,10.99,0.06,0.0,0.0,120.0,10.99,39.08,39.08,1.0,0.0,0.0,10.93,1.17,89.88,86.98,100.0,95.47
2018-01-03 04:00:00,0,2,14.39,72.0,68.0,12.13,11.26,14.39,0.0,0.0,0.0,45.0,11.0,0.06,0.0,0.0,120.0,11.0,39.09,39.09,1.0,0.0,0.0,10.94,1.17,89.88,86.99,100.0,95.47
2018-01-03 04:01:00,0,2,14.39,72.0,68.0,12.14,11.27,14.39,0.0,0.0,0.0,45.0,11.0,0.06,0.0,0.0,120.0,11.0,39.08,39.08,1.0,0.0,0.0,10.94,1.17,89.91,87.03,100.0,95.48
2018-01-03 04:02:00,0,2,14.39,72.0,68.0,12.14,11.27,14.39,0.0,0.0,0.0,45.0,11.0,0.06,0.0,0.0,120.0,11.0,39.08,39.08,1.0,0.0,0.0,10.94,1.17,89.96,87.1,100.0,95.5
2018-01-03 04:03:00,0,2,14.39,72.0,68.0,12.13,11.27,14.39,0.0,0.0,0.0,45.0,11.0,0.06,0.0,0.0,120.0,11.0,39.08,39.08,1.0,0.0,0.0,10.94,1.17,90.01,87.17,100.0,95.52
2018-01-03 04:04:00,0,2,14.38,72.0,68.0,12.4,11.29,14.38,0.0,0.0,0.0,45.0,11.0,0.06,0.0,0.0,120.0,11.0,-11.55,-11.54,1.0,0.0,0.0,10.94,1.17,90.69,87.24,100.0,95.52
2018-01-03 04:05:00,0,2,14.54,72.0,68.0,12.3,11.38,14.54,0.0,0.0,0.0,45.0,11.06,0.0,0.0,0.0,120.0,11.09,1.14,1.14,1.0,0.0,0.0,10.94,1.0,90.39,87.31,100.0,95.59
2018-01-03 04:06:00,0,2,14.5,72.0,68.0,12.26,11.31,14.5,0.0,0.0,0.0,45.0,11.02,0.0,0.0,0.0,120.0,11.02,1.14,1.14,1.0,0.0,0.0,10.94,0.99,90.4,87.38,100.0,95.62
2018-01-03 04:07:00,2,1,14.57,85.0,55.0,12.13,11.36,14.57,0.0,0.0,0.0,45.0,11.08,0.0,0.42,0.0,120.0,11.11,5670.72,5670.35,1.0,0.0,9.75,10.94,1.39,90.08,87.45,100.0,95.64
2018-01-03 04:08:00,2,1,14.51,85.0,55.0,12.08,11.27,14.51,0.0,0.0,0.0,45.0,11.02,0.0,0.42,0.0,120.0,11.03,5670.42,5670.03,1.0,0.0,9.75,10.94,1.39,90.08,87.52,100.0,95.67
2018-01-03 04:09:00,2,1,14.45,85.0,55.0,12.06,11.25,14.45,0.0,0.0,0.0,45.0,11.01,0.0,0.42,0.0,120.0,11.01,5671.08,5670.69,1.0,0.0,9.75,10.94,1.39,90.12,87.6,100.0,95.67
2018-01-03 04:10:00,2,1,14.41,85.0,55.0,12.05,11.25,14.41,0.0,0.0,0.0,45.0,11.0,0.0,0.42,0.0,120.0,11.0,5671.06,5670.69,1.0,0.0,9.75,10.94,1.39,90.17,87.67,100.0,95.68
2018-01-03 04:11:00,2,1,14.38,85.0,55.0,12.04,11.24,14.38,0.0,0.0,0.0,45.0,11.0,0.0,0.42,0.0,120.0,11.0,5670.72,5670.35,1.0,0.0,9.75,10.94,1.39,90.23,87.75,100.0,95.7
2018-01-03 04:12:00,2,1,14.37,85.0,55.0,12.03,11.24,14.37,0.0,0.0,0.0,45.0,11.0,0.0,0.42,0.0,120.0,11.0,5670.58,5670.19,1.0,0.0,9.75,10.94,1.39,90.29,87.82,100.0,95.72
2018-01-03 04:13:00,2,1,14.35,85.0,55.0,12.03,11.24,14.35,0.0,0.0,0.0,45.0,11.0,0.0,0.42,0.0,120.0,11.0,5670.51,5670.11,1.0,0.0,9.75,10.94,1.39,90.35,87.9,100.0,95.74
2018-01-03 04:14:00,2,1,14.35,85.0,55.0,12.03,11.24,14.35,0.0,0.0,0.0,45.0,11.0,0.0,0.42,0.0,120.0,11.0,5671.06,5670.69,1.0,0.0,9.75,10.94,1.39,90.41,87.98,100.0,95.77
2018-01-03 04:15:00,0,2,14.47,72.0,68.0,12.2,11.39,14.47,0.0,0.0,0.0,45.0,11.08,0.06,0.0,0.0,120.0,11.12,39.08,39.08,1.0,0.0,0.0,10.94,1.18,90.79,88.05,100.0,95.79
2018-01-03 04:16:00,0,2,14.45,72.0,68.0,12.16,11.29,14.45,0.0,0.0,0.0,45.0,11.02,0.06,0.0,0.0,120.0,11.03,39.09,39.09,1.0,0.0,0.0,10.94,1.18,90.78,88.13,100.0,95.85
2018-01-03 04:17:00,0,2,14.4,72.0,68.0,12.14,11.27,14.4,0.0,0.0,0.0,45.0,11.01,0.06,0.0,0.0,120.0,11.01,39.09,39.09,1.0,0.0,0.0,10.94,1.17,90.82,88.21,100.0,95.86
2018-01-03 04:18:00,0,2,14.36,72.0,68.0,12.13,11.26,14.36,0.0,0.0,0.0,45.0,11.0,0.06,0.0,0.0,120.0,11.0,39.09,39.08,1.0,0.0,0.0,10.94,1.17,90.87,88.28,100.0,95.87
2018-01-03 04:19:00,0,2,14.34,72.0,68.0,12.12,11.26,14.34,0.0,0.0,0.0,45.0,11.0,0.06,0.0,0.0,120.0,11.0,39.09,39.08,1.0,0.0,0.0,10.94,1.17,90.93,88.36,100.0,95.89
2018-01-03 04:20:00,0,2,14.33,72.0,68.0,12.11,11.26,14.33,0.0,0.0,0.0,45.0,11.0,0.06,0.0,0.0,120.0,11.0,39.09,39.09,1.0,0.0,0.0,10.94,1.17,90.99,88.44,100.0,95.91
2018-01-03 04:21:00,0,2,14.32,72.0,68.0,12.11,11.26,14.32,0.0,0.0,0.0,45.0,11.0,0.06,0.0,0.0,120.0,11.0,39.08,39.08,1.0,0.0,0.0,10.94,1.17,91.05,88.52,100.0,95.94
2018-01-03 04:22:00,0,2,14.31,72.0,68.0,12.11,11.26,14.31,0.0,0.0,0.0,45.0,11.0,0.06,0.0,0.0,120.0,11.0,39.09,39.08,1.0,0.0,0.0,10.94,1.17,91.11,88.6,100.0,95.96
2018-01-03 04:23:00,0,2,14.3,72.0,68.0,12.1,11.26,14.3,0.0,0.0,0.0,45.0,11.0,0.06,0.0,0.0,120.0,11.0,39.08,39.08,1.0,0.0,0.0,10.94,1.17,91.17,88.67,100.0,95.98
2018-01-03 04:24:00,0,2,14.3,72.0,68.0,12.1,11.26,14.3,0.0,0.0,0.0,45.0,11.0,0.06,0.0,0.0,120.0,11.0,39.08,39.08,1.0,0.0,0.0,10.94,1.17,91.23,88.75,100.0,96.01
2018-01-03 04:25:00,0,2,14.29,72.0,68.0,12.1,11.26,14.29,0.0,0.0,0.0,45.0,11.0,0.06,0.0,0.0,120.0,11.0,39.09,39.08,1.0,0.0,0.0,10.94,1.17,91.29,88.83,100.0,96.03
2018-01-03 04:26:00,0,2,14.29,72.0,68.0,12.1,11.25,14.29,0.0,0.0,0.0,45.0,11.0,0.06,0.0,0.0,120.0,11.0,39.09,39.09,1.0,0.0,0.0,10.94,1.17,91.35,88.91,100.0,96.06
2018-01-03 04:27:00,0,2,14.28,72.0,68.0,12.1,11.25,14.28,0.0,0.0,0.0,45.0,11.0,0.06,0.0,0.0,120.0,11.0,39.08,39.08,1.0,0.0,0.0,10.94,1.17,91.4,88.98,100.0,96.08
2018-01-03 04:28:00,0,2,14.28,72.0,68.0,12.1,11.25,14.28,0.0,0.0,0.0,45.0,11.0,0.06,0.0,0.0,120.0,11.0,39.09,39.08,1.0,0.0,0.0,10.94,1.17,91.46,89.06,100.0,96.11
2018-01-03 04:29:00,0,2,14.27,72.0,68.0,12.09,11.25,14.27,0.0,0.0,0.0,45.0,11.0,0.06,0.0,0.0,120.0,11.0,39.08,39.08,1.0,0.0,0.0,10.94,1.17,91.52,89.14,100.0,96.13
2018-01-03 04:30:00,0,2,14.27,72.0,68.0,12.09,11.25,14.27,0.0,0.0,0.0,45.0,11.0,0.06,0.0,0.0,120.0,11.0,39.09,39.08,1.0,0.0,0.0,10.94,1.17,91.58,89.21,100.0,96.15
2018-01-03 04:31:00,0,2,14.26,72.0,68.0,12.09,11.25,14.26,0.0,0.0,0.0,45.0,11.0,0.06,0.0,0.0,120.0,11.0,39.09,39.08,1.0,0.0,0.0,10.94,1.17,91.64,89.29,100.0,96.18
2018-01-03 04:32:00,0,2,14.26,72.0,68.0,12.09,11.25,14.26,0.0,0.0,0.0,45.0,11.0,0.06,0.0,0.0,120.0,11.0,39.09,39.09,1.0,0.0,0.0,10.94,1.17,91.69,89.36,100.0,96.2
2018-01-03 04:33:00,0,2,14.25,72.0,68.0,12.09,11.25,14.25,0.0,0.0,0.0,45.0,11.0,0.06,0.0,0.0,120.0,11.0,39.08,39.08,1.0,0.0,0.0,10.94,1.17,91.75,89.44,100.0,96.22
2018-01-03 04:34:00,0,2,14.25,72.0,68.0,12.09,11.25,14.25,0.0,0.0,0.0,45.0,11.0,0.06,0.0,0.0,120.0,11.0,39.08,39.08,1.0,0.0,0.0,10.94,1.17,91.81,89.51,100.0,96.25
2018-01-03 04:35:00,0,2,14.24,72.0,68.0,12.08,11.25,14.24,0.0,0.0,0.0,45.0,11.0,0.06,0.0,0.0,120.0,11.0,39.09,39.08,1.0,0.0,0.0,10.94,1.17,91.86,89.58,100.0,96.27
2018-01-03 04:36:00,0,2,14.24,72.0,68.0,12.08,11.25,14.24,0.0,0.0,0.0,45.0,11.0,0.06,0.0,0.0,120.0,11.0,39.09,39.08,1.0,0.0,0.0,10.94,1.17,91.92,89.65,100.0,96.29
2018-01-03 04:37:00,0,2,14.23,72.0,68.0,12.08,11.25,14.23,0.0,0.0,0.0,45.0,11.0,0.06,0.0,0.0,120.0,11.0,39.08,39.08,1.0,0.0,0.0,10.94,1.17,91.97,89.72,100.0,96.32
2018-01-03 04:38:00,0,2,14.23,72.0,68.0,12.08,11.25,14.23,0.0,0.0,0.0,45.0,11.0,0.06,0.0,0.0,120.0,11.0,39.08,39.08,1.0,0.0,0.0,10.94,1.17,92.03,89.79,100.0,96.34
2018-01-03 04:39:00,0,2,14.23,72.0,68.0,12.08,11.25,14.23,0.0,0.0,0.0,45.0,11.0,0.06,0.0,0.0,120.0,11.0,39.08,39.08,1.0,0.0,0.0,10.94,1.17,92.08,89.86,100.0,96.36
2018-01-03 04:40:00,0,2,14.22,72.0,68.0,12.08,11.25,14.22,0.0,0.0,0.0,45.0,11.0,0.06,0.0,0.0,120.0,11.0,39.09,39.08,1.0,0.0,0.0,10.94,1.17,92.13,89.93,100.0,96.38
2018-01-03 04:41:00,0,2,14.22,72.0,68.0,12.08,11.25,14.22,0.0,0.0,0.0,45.0,11.0,0.06,0.0,0.0,120.0,11.0,39.08,39.08,1.0,0.0,0.0,10.94,1.17,92.18,90.0,100.0,96.4
2018-01-03 04:42:00,0,2,14.21,72.0,68.0,12.07,11.25,14.21,0.0,0.0,0.0,45.0,11.0,0.06,0.0,0.0,120.0,11.0,39.08,39.08,1.0,0.0,0.0,10.94,1.17,92.23,90.06,100.0,96.43
2018-01-03 04:43:00,0,2,14.21,72.0,68.0,12.07,11.24,14.21,0.0,0.0,0.0,45.0,11.0,0.06,0.0,0.0,120.0,11.0,39.09,39.09,1.0,0.0,0.0,10.94,1.17,92.28,90.13,100.0,96.45
2018-01-03 04:44:00,0,2,14.2,72.0,68.0,12.07,11.24,14.2,0.0,0.0,0.0,45.0,11.0,0.06,0.0,0.0,120.0,11.0,39.08,39.08,1.0,0.0,0.0,10.94,1.17,92.33,90.19,100.0,96.47
2018-01-03 04:45:00,0,2,14.2,72.0,68.0,12.07,11.24,14.2,0.0,0.0,0.0,45.0,11.0,0.06,0.0,0.0,120.0,11.0,39.09,39.09,1.0,0.0,0.0,10.94,1.17,92.38,90.25,100.0,96.49
2018-01-03 04:46:00,0,2,14.19,72.0,68.0,12.07,11.24,14.19,0.0,0.0,0.0,45.0,11.0,0.06,0.0,0.0,120.0,11.0,39.08,39.08,1.0,0.0,0.0,10.94,1.17,92.42,90.31,100.0,96.51
2018-01-03 04:47:00,0,2,14.19,72.0,68.0,12.07,11.24,14.19,0.0,0.0,0.0,45.0,11.0,0.06,0.0,0.0,120.0,11.0,39.08,39.08,1.0,0.0,0.0,10.94,1.17,92.47,90.37,100.0,96.52
2018-01-03 04:48:00,0,2,14.19,72.0,68.0,12.06,11.24,14.19,0.0,0.0,0.0,45.0,11.0,0.06,0.0,0.0,120.0,11.0,39.09,39.08,1.0,0.0,0.0,10.94,1.17,92.51,90.43,100.0,96.54
2018-01-03 04:49:00,0,2,14.18,72.0,68.0,12.06,11.24,14.18,0.0,0.0,0.0,45.0,11.0,0.06,0.0,0.0,120.0,11.0,39.08,39.08,1.0,0.0,0.0,10.94,1.17,92.56,90.48,100.0,96.56
2018-01-03 04:50:00,0,2,14.18,72.0,68.0,12.06,11.24,14.18,0.0,0.0,0.0,45.0,11.0,0.06,0.0,0.0,120.0,11.0,39.09,39.08,1.0,0.0,0.0,10.94,1.17,92.6,90.54,100.0,96.58
2018-01-03 04:51:00,0,2,14.17,72.0,68.0,12.06,11.24,14.17,0.0,0.0,0.0,45.0,11.0,0.06,0.0,0.0,120.0,11.0,39.08,39.08,1.0,0.0,0.0,10.94,1.17,92.64,90.59,100.0,96.6
2018-01-03 04:52:00,0,2,14.17,72.0,68.0,12.06,11.24,14.17,0.0,0.0,0.0,45.0,11.0,0.06,0.0,0.0,120.0,11.0,39.08,39.08,1.0,0.0,0.0,10.94,1.17,92.68,90.64,100.0,96.61
2018-01-03 04:53:00,0,2,14.16,72.0,68.0,12.06,11.24,14.16,0.0,0.0,0.0,45.0,11.0,0.06,0.0,0.0,120.0,11.0,39.08,39.08,1.0,0.0,0.0,10.94,1.17,92.72,90.69,100.0,96.63
2018-01-03 04:54:00,0,2,14.16,72.0,68.0,12.06,11.24,14.16,0.0,0.0,0.0,45.0,11.0,0.06,0.0,0.0,120.0,11.0,39.08,39.08,1.0,0.0,0.0,10.94,1.17,92.75,90.74,100.0,96.64
2018-01-03 04:55:00,0,2,14.16,72.0,68.0,12.05,11.24,14.16,0.0,0.0,0.0,45.0,11.0,0.06,0.0,0.0,120.0,11.0,39.09,39.08,1.0,0.0,0.0,10.94,1.17,92.79,90.79,100.0,96.66
2018-01-03 04:56:00,0,2,14.15,72.0,68.0,12.05,11.24,14.15,0.0,0.0,0.0,45.0,11.0,0.06,0.0,0.0,120.0,11.0,39.09,39.08,1.0,0.0,0.0,10.94,1.17,92.82,90.83,100.0,96.67
2018-01-03 04:57:00,0,2,14.15,72.0,68.0,12.05,11.24,14.15,0.0,0.0,0.0,45.0,11.0,0.06,0.0,0.0,120.0,11.0,39.08,39.08,1.0,0.0,0.0,10.94,1.17,92.85,90.87,100.0,96.69
2018-01-03 04:58:00,0,2,14.14,72.0,68.0,12.05,11.24,14.14,0.0,0.0,0.0,45.0,11.0,0.06,0.0,0.0,120.0,11.0,39.08,39.08,1.0,0.0,0.0,10.94,1.17,92.89,90.91,100.0,96.7
2018-01-03 04:59:00,0,2,14.14,72.0,68.0,12.05,11.24,14.14,0.0,0.0,0.0,45.0,11.0,0.06,0.0,0.0,120.0,11.0,39.09,39.08,1.0,0.0,0.0,10.94,1.17,92.91,90.95,100.0,96.71
2018-01-03 05:00:00,0,2,14.14,72.0,68.0,12.05,11.24,14.14,0.0,0.0,0.0,45.0,11.0,0.06,0.0,0.0,120.0,11.0,39.09,39.08,1.0,0.0,0.0,10.94,1.17,92.94,90.98,100.0,96.73
2018-01-03 05:01:00,0,2,14.13,72.0,68.0,12.04,11.23,14.13,0.0,0.0,0.0,45.0,11.0,0.06,0.0,0.0,120.0,11.0,39.08,39.08,1.0,0.0,0.0,10.94,1.17,92.95,90.99,100.0,96.73
2018-01-03 05:02:00,0,2,14.13,72.0,68.0,12.04,11.23,14.13,0.0,0.0,0.0,45.0,11.0,0.06,0.0,0.0,120.0,11.0,39.09,39.09,1.0,0.0,0.0,10.94,1.17,92.93,90.97,100.0,96.73
2018-01-03 05:03:00,0,2,14.12,72.0,68.0,12.04,11.23,14.12,0.0,0.0,0.0,45.0,10.99,0.06,0.0,0.0,120.0,10.99,39.09,39.09,1.0,0.0,0.0,10.93,1.17,92.92,90.94,100.0,96.73
2018-01-03 05:04:00,0,2,14.12,72.0,68.0,12.03,11.23,14.12,0.0,0.0,0.0,45.0,10.99,0.06,0.0,0.0,120.0,10.99,39.08,39.08,1.0,0.0,0.0,10.93,1.17,92.9,90.92,100.0,96.72
2018-01-03 05:05:00,0,2,14.11,72.0,68.0,12.03,11.22,14.11,0.0,0.0,0.0,45.0,10.99,0.06,0.0,0.0,120.0,10.99,39.08,39.08,1.0,0.0,0.0,10.93,1.17,92.88,90.89,100.0,96.71
2018-01-03 05:06:00,0,2,14.1,72.0,68.0,12.03,11.22,14.1,0.0,0.0,0.0,45.0,10.98,0.06,0.0,0.0,120.0,10.98,39.08,39.08,1.0,0.0,0.0,10.92,1.17,92.85,90.86,100.0,96.71
2018-01-03 05:07:00,0,2,14.1,72.0,68.0,12.02,11.22,14.1,0.0,0.0,0.0,45.0,10.98,0.06,0.0,0.0,120.0,10.98,39.09,39.08,1.0,0.0,0.0,10.92,1.17,92.83,90.83,100.0,96.7
2018-01-03 05:08:00,0,2,14.09,72.0,68.0,12.02,11.21,14.09,0.0,0.0,0.0,45.0,10.98,0.06,0.0,0.0,120.0,10.98,39.09,39.08,1.0,0.0,0.0,10.92,1.17,92.8,90.79,100.0,96.68
2018-01-03 05:09:00,0,2,14.09,72.0,68.0,12.01,11.21,14.09,0.0,0.0,0.0,45.0,10.97,0.06,0.0,0.0,120.0,10.97,39.09,39.09,1.0,0.0,0.0,10.91,1.17,92.77,90.75,100.0,96.67
2018-01-03 05:10:00,0,2,14.08,72.0,68.0,12.01,11.21,14.08,0.0,0.0,0.0,45.0,10.97,0.06,0.0,0.0,120.0,10.97,39.08,39.08,1.0,0.0,0.0,10.91,1.17,92.74,90.72,100.0,96.66
2018-01-03 05:11:00,0,2,14.07,72.0,68.0,12.01,11.2,14.07,0.0,0.0,0.0,45.0,10.97,0.06,0.0,0.0,120.0,10.97,39.09,39.09,1.0,0.0,0.0,10.91,1.17,92.71,90.68,100.0,96.65
2018-01-03 05:12:00,0,2,14.07,72.0,68.0,12.0,11.2,14.07,0.0,0.0,0.0,45.0,10.97,0.06,0.0,0.0,120.0,10.97,39.08,39.08,1.0,0.0,0.0,10.91,1.17,92.68,90.63,100.0,96.64
2018-01-03 05:13:00,0,2,14.06,72.0,68.0,12.0,11.2,14.06,0.0,0.0,0.0,45.0,10.96,0.06,0.0,0.0,120.0,10.96,39.08,39.08,1.0,0.0,0.0,10.9,1.17,92.65,90.59,100.0,96.62
2018-01-03 05:14:00,0,2,14.06,72.0,68.0,11.99,11.2,14.06,0.0,0.0,0.0,45.0,10.96,0.06,0.0,0.0,120.0,10.96,39.08,39.08,1.0,0.0,0.0,10.9,1.17,92.61,90.54,100.0,96.61
2018-01-03 05:15:00,0,2,14.05,72.0,68.0,11.99,11.19,14.05,0.0,0.0,0.0,45.0,10.96,0.06,0.0,0.0,120.0,10.96,39.08,39.08,1.0,0.0,0.0,10.9,1.17,92.58,90.5,100.0,96.59
2018-01-03 05:16:00,0,2,14.04,72.0,68.0,11.99,11.19,14.04,0.0,0.0,0.0,45.0,10.96,0.06,0.0,0.0,120.0,10.96,39.08,39.08,1.0,0.0,0.0,10.9,1.17,92.54,90.45,100.0,96.58
2018-01-03 05:17:00,0,2,14.04,72.0,68.0,11.98,11.19,14.04,0.0,0.0,0.0,45.0,10.95,0.06,0.0,0.0,120.0,10.95,39.08,39.08,1.0,0.0,0.0,10.89,1.17,92.5,90.4,100.0,96.56
2018-01-03 05:18:00,0,2,14.03,72.0,68.0,11.98,11.19,14.03,0.0,0.0,0.0,45.0,10.95,0.06,0.0,0.0,120.0,10.95,39.08,39.08,1.0,0.0,0.0,10.89,1.17,92.46,90.34,100.0,96.55
2018-01-03 05:19:00,0,2,14.03,72.0,68.0,11.98,11.18,14.03,0.0,0.0,0.0,45.0,10.95,0.06,0.0,0.0,120.0,10.95,39.09,39.09,1.0,0.0,0.0,10.89,1.17,92.42,90.29,100.0,96.53
2018-01-03 05:20:00,0,2,14.17,72.0,68.0,12.14,11.29,14.17,0.0,0.0,0.0,45.0,11.01,0.0,0.0,0.0,120.0,11.03,1.14,1.14,1.0,0.0,0.0,10.89,1.0,92.6,90.23,100.0,96.53
2018-01-03 05:21:00,0,2,14.14,72.0,68.0,12.1,11.22,14.14,0.0,0.0,0.0,45.0,10.96,0.0,0.0,0.0,120.0,10.97,1.14,1.14,1.0,0.0,0.0,10.89,1.0,92.51,90.18,100.0,96.53
2018-01-03 05:22:00,0,2,14.09,72.0,68.0,12.07,11.2,14.09,0.0,0.0,0.0,45.0,10.95,0.0,0.0,0.0,120.0,10.95,1.14,1.14,1.0,0.0,0.0,10.88,0.99,92.45,90.12,100.0,96.5
2018-01-03 05:23:00,0,2,14.06,72.0,68.0,12.06,11.2,14.06,0.0,0.0,0.0,45.0,10.94,0.0,0.0,0.0,120.0,10.94,1.14,1.14,1.0,0.0,0.0,10.88,0.99,92.4,90.06,100.0,96.47
2018-01-03 05:24:00,0,2,14.04,72.0,68.0,12.05,11.2,14.04,0.0,0.0,0.0,45.0,10.94,0.0,0.0,0.0,120.0,10.94,1.14,1.14,1.0,0.0,0.0,10.88,0.99,92.35,89.99,100.0,96.44
2018-01-03 05:25:00,0,2,14.03,72.0,68.0,12.05,11.19,14.03,0.0,0.0,0.0,45.0,10.94,0.0,0.0,0.0,120.0,10.94,1.14,1.14,1.0,0.0,0.0,10.88,0.99,92.3,89.93,100.0,96.42
2018-01-03 05:26:00,0,2,14.02,72.0,68.0,12.04,11.19,14.02,0.0,0.0,0.0,45.0,10.94,0.0,0.0,0.0,120.0,10.94,1.14,1.14,1.0,0.0,0.0,10.88,0.99,92.25,89.86,100.0,96.4
2018-01-03 05:27:00,0,2,14.01,72.0,68.0,12.04,11.19,14.01,0.0,0.0,0.0,45.0,10.93,0.0,0.0,0.0,120.0,10.93,1.14,1.14,1.0,0.0,0.0,10.88,0.99,92.2,89.8,100.0,96.38
2018-01-03 05:28:00,0,2,14.0,72.0,68.0,12.04,11.19,14.0,0.0,0.0,0.0,45.0,10.93,0.0,0.0,0.0,120.0,10.93,1.14,1.14,1.0,0.0,0.0,10.87,0.99,92.15,89.73,100.0,96.36
2018-01-03 05:29:00,0,2,14.0,72.0,68.0,12.03,11.19,14.0,0.0,0.0,0.0,45.0,10.93,0.0,0.0,0.0,120.0,10.93,1.14,1.14,1.0,0.0,0.0,10.87,0.99,92.1,89.66,100.0,96.33
2018-01-03 05:30:00,0,2,14.0,72.0,68.0,12.03,11.18,13.99,0.0,0.0,0.0,45.0,10.93,0.0,0.0,0.0,120.0,10.93,1.14,1.14,1.0,0.0,0.0,10.87,0.99,92.05,89.59,100.0,96.31
2018-01-03 05:31:00,0,2,14.0,72.0,68.0,12.03,11.18,13.99,0.0,0.0,0.0,45.0,10.93,0.0,0.0,0.0,120.0,10.93,1.14,1.14,1.0,0.0,0.0,10.87,0.99,91.99,89.52,100.0,96.29
2018-01-03 05:32:00,0,2,14.0,72.0,68.0,12.03,11.18,13.98,0.0,0.0,0.0,45.0,10.93,0.0,0.0,0.0,120.0,10.93,1.14,1.14,1.0,0.0,0.0,10.87,0.99,91.94,89.45,100.0,96.27
2018-01-03 05:33:00,2,1,14.04,85.0,55.0,11.95,11.25,14.04,0.0,0.0,0.0,45.0,10.99,0.0,0.43,0.0,120.0,11.02,5670.46,5670.07,1.0,0.0,9.75,10.87,1.4,91.68,89.37,100.0,96.22
2018-01-03 05:34:00,2,1,14.08,85.0,55.0,11.9,11.19,14.08,0.0,0.0,0.0,45.0,10.96,0.0,0.43,0.0,120.0,10.97,5671.08,5670.71,1.0,0.0,9.75,10.87,1.39,91.49,89.3,100.0,96.26
2018-01-03 05:35:00,0,2,14.07,72.0,68.0,12.09,11.25,14.07,0.0,0.0,0.0,45.0,10.97,0.06,0.0,0.0,120.0,10.96,3.37,3.37,1.0,0.0,0.0,10.87,1.2,91.84,89.22,100.0,96.19
2018-01-03 05:36:00,0,2,14.12,72.0,68.0,12.01,11.23,14.12,0.0,0.0,0.0,45.0,10.97,0.06,0.0,0.0,120.0,10.99,39.08,39.08,1.0,0.0,0.0,10.87,1.18,91.59,89.14,100.0,96.22
2018-01-03 05:37:00,0,2,14.06,72.0,68.0,11.98,11.18,14.06,0.0,0.0,0.0,45.0,10.94,0.06,0.0,0.0,120.0,10.94,39.09,39.08,1.0,0.0,0.0,10.87,1.17,91.5,89.06,100.0,96.18
2018-01-03 05:38:00,0,2,14.01,72.0,68.0,11.96,11.17,14.01,0.0,0.0,0.0,45.0,10.93,0.06,0.0,0.0,120.0,10.93,39.08,39.08,1.0,0.0,0.0,10.87,1.17,91.42,88.98,100.0,96.14
2018-01-03 05:39:00,0,2,14.0,72.0,68.0,11.95,11.17,13.98,0.0,0.0,0.0,45.0,10.93,0.06,0.0,0.0,120.0,10.93,39.09,39.08,1.0,0.0,0.0,10.87,1.17,91.36,88.9,100.0,96.1
2018-01-03 05:40:00,0,2,14.0,72.0,68.0,11.94,11.17,13.96,0.0,0.0,0.0,45.0,10.93,0.06,0.0,0.0,120.0,10.93,39.09,39.08,1.0,0.0,0.0,10.87,1.17,91.3,88.82,100.0,96.07
2018-01-03 05:41:00,0,2,14.0,72.0,68.0,11.94,11.17,13.95,0.0,0.0,0.0,45.0,10.93,0.06,0.0,0.0,120.0,10.93,39.08,39.08,1.0,0.0,0.0,10.87,1.17,91.23,88.74,100.0,96.05
2018-01-03 05:42:00,0,2,14.0,72.0,68.0,11.94,11.17,13.94,0.0,0.0,0.0,45.0,10.93,0.06,0.0,0.0,120.0,10.93,39.08,39.08,1.0,0.0,0.0,10.88,1.17,91.17,88.66,100.0,96.02
2018-01-03 05:43:00,0,2,14.0,72.0,68.0,12.17,11.18,13.93,0.0,0.0,0.0,45.0,10.93,0.06,0.0,0.0,120.0,10.93,-64.13,-64.12,1.0,0.0,0.0,10.88,1.17,91.66,88.57,100.0,95.98
2018-01-03 05:44:00,0,2,14.07,72.0,68.0,12.08,11.27,14.07,0.0,0.0,0.0,45.0,10.98,0.0,0.0,0.0,120.0,11.01,1.14,1.14,1.0,0.0,0.0,10.88,1.0,91.28,88.49,100.0,95.99
2018-01-03 05:45:00,0,2,14.04,72.0,68.0,12.05,11.21,14.04,0.0,0.0,0.0,45.0,10.95,0.0,0.0,0.0,120.0,10.95,1.14,1.14,1.0,0.0,0.0,10.88,0.99,91.17,88.4,100.0,95.97
2018-01-03 05:46:00,0,2,14.0,72.0,68.0,12.04,11.2,14.0,0.0,0.0,0.0,45.0,10.94,0.0,0.0,0.0,120.0,10.94,1.14,1.14,1.0,0.0,0.0,10.88,0.99,91.1,88.31,100.0,95.93
2018-01-03 05:47:00,0,2,14.0,72.0,68.0,12.03,11.2,13.97,0.0,0.0,0.0,45.0,10.94,0.0,0.0,0.0,120.0,10.94,1.14,1.14,1.0,0.0,0.0,10.88,0.99,91.03,88.23,100.0,95.89
2018-01-03 05:48:00,0,2,14.0,72.0,68.0,12.03,11.2,13.96,0.0,0.0,0.0,45.0,10.94,0.0,0.0,0.0,120.0,10.94,1.14,1.14,1.0,0.0,0.0,10.89,0.99,90.96,88.14,100.0,95.86
2018-01-03 05:49:00,0,2,14.0,72.0,68.0,12.02,11.2,13.95,0.0,0.0,0.0,45.0,10.94,0.0,0.0,0.0,120.0,10.95,1.14,1.14,1.0,0.0,0.0,10.89,0.99,90.89,88.05,100.0,95.83
2018-01-03 05:50:00,0,2,14.0,72.0,68.0,12.02,11.2,13.94,0.0,0.0,0.0,45.0,10.95,0.0,0.0,0.0,120.0,10.95,1.14,1.14,1.0,0.0,0.0,10.89,0.99,90.83,87.96,100.0,95.8
2018-01-03 05:51:00,0,2,14.0,72.0,68.0,12.02,11.2,13.94,0.0,0.0,0.0,45.0,10.95,0.0,0.0,0.0,120.0,10.95,1.14,1.14,1.0,0.0,0.0,10.9,0.99,90.76,87.87,100.0,95.78
2018-01-03 05:52:00,0,2,14.0,72.0,68.0,12.03,11.21,13.94,0.0,0.0,0.0,45.0,10.95,0.0,0.0,0.0,120.0,10.95,1.14,1.14,1.0,0.0,0.0,10.9,0.99,90.69,87.78,100.0,95.75
2018-01-03 05:53:00,0,2,14.0,72.0,68.0,12.03,11.21,13.93,0.0,0.0,0.0,45.0,10.96,0.0,0.0,0.0,120.0,10.96,1.14,1.14,1.0,0.0,0.0,10.9,0.99,90.62,87.69,100.0,95.72
2018-01-03 05:54:00,0,2,14.0,72.0,68.0,12.03,11.21,13.93,0.0,0.0,0.0,45.0,10.96,0.0,0.0,0.0,120.0,10.96,1.14,1.14,1.0,0.0,0.0,10.91,0.99,90.55,87.6,100.0,95.69
2018-01-03 05:55:00,0,2,14.0,72.0,68.0,12.02,11.38,13.93,0.0,0.0,0.0,45.0,10.97,0.0,0.0,0.0,120.0,10.97,1.14,1.14,1.0,0.0,0.0,10.91,0.99,90.49,87.5,100.0,95.66
2018-01-03 05:56:00,0,2,14.0,72.0,68.0,12.02,11.45,13.93,0.0,0.0,0.0,45.0,10.97,0.0,0.0,0.0,120.0,10.97,1.14,1.14,1.0,0.0,0.0,10.92,0.99,90.42,87.41,100.0,95.64
2018-01-03 05:57:00,0,2,14.0,72.0,68.0,12.03,11.47,13.93,0.0,0.0,0.0,45.0,10.97,0.0,0.0,0.0,120.0,10.97,1.14,1.14,1.0,0.0,0.0,10.92,0.99,90.35,87.32,100.0,95.61
2018-01-03 05:58:00,0,2,14.0,72.0,68.0,12.04,11.28,13.93,0.0,0.0,0.0,45.0,10.98,0.0,0.0,0.0,120.0,10.98,1.14,1.14,1.0,0.0,0.0,10.93,0.99,90.28,87.22,100.0,95.58
2018-01-03 05:59:00,0,2,14.0,72.0,68.0,12.04,11.23,13.93,0.0,0.0,0.0,45.0,10.98,0.0,0.0,0.0,120.0,10.98,1.14,1.14,1.0,0.0,0.0,10.93,0.99,90.21,87.13,100.0,95.55
2018-01-03 06:00:00,0,2,14.0,72.0,68.0,12.04,11.23,13.93,0.0,0.0,0.0,45.0,10.99,0.0,0.0,0.0,120.0,10.99,1.14,1.14,1.0,0.0,0.0,10.94,0.99,90.14,87.04,100.0,95.52
2018-01-03 06:01:00,0,2,14.69,72.0,68.0,12.31,12.1,14.69,0.0,0.0,0.0,45.0,10.98,0.0,0.0,0.0,120.0,11.52,0.91,0.91,1.0,0.0,0.0,10.95,1.73,90.09,86.94,100.0,95.67
2018-01-03 06:02:00,0,2,15.65,72.0,68.0,12.66,12.67,15.65,0.0,0.0,0.0,45.0,10.98,0.0,0.0,0.0,120.0,11.94,0.91,0.91,1.0,0.0,0.0,10.96,1.83,90.12,86.85,100.0,95.92
2018-01-03 06:03:00,0,2,16.49,72.0,68.0,12.98,12.93,16.49,0.0,0.0,0.0,45.0,10.99,0.0,0.0,0.0,120.0,12.11,0.91,0.91,1.0,0.0,0.0,10.98,1.85,90.16,86.76,100.0,96.2
2018-01-03 06:04:00,0,2,17.22,72.0,68.0,13.25,13.06,17.22,0.0,0.0,0.0,45.0,11.0,0.0,0.0,0.0,120.0,12.18,0.91,0.91,1.0,0.0,0.0,10.99,1.85,90.2,86.67,100.0,96.47
2018-01-03 06:05:00,0,2,17.83,72.0,68.0,13.48,13.15,17.83,0.0,0.0,0.0,45.0,11.02,0.0,0.0,0.0,120.0,12.22,0.91,0.91,1.0,0.0,0.0,11.01,1.85,90.23,86.57,100.0,96.72
2018-01-03 06:06:00,0,2,18.35,72.0,68.0,13.68,13.22,18.35,0.0,0.0,0.0,45.0,11.03,0.0,0.0,0.0,120.0,12.25,0.91,0.91,1.0,0.0,0.0,11.03,1.85,90.25,86.48,100.0,96.95
2018-01-03 06:07:00,0,2,18.8,72.0,68.0,13.85,13.28,18.8,0.0,0.0,0.0,45.0,11.05,0.0,0.0,0.0,120.0,12.27,0.91,0.91,1.0,0.0,0.0,11.04,1.85,90.27,86.39,100.0,97.15
2018-01-03 06:08:00,0,2,19.19,72.0,68.0,14.0,13.34,19.19,0.0,0.0,0.0,45.0,11.07,0.0,0.0,0.0,120.0,12.3,0.91,0.91,1.0,0.0,0.0,11.06,1.85,90.28,86.3,100.0,97.35
2018-01-03 06:09:00,0,2,19.52,72.0,68.0,14.13,13.39,19.52,0.0,0.0,0.0,45.0,11.08,0.0,0.0,0.0,120.0,12.33,0.91,0.91,1.0,0.0,0.0,11.08,1.85,90.28,86.2,100.0,97.52
2018-01-03 06:10:00,0,2,19.81,72.0,68.0,14.24,13.44,19.81,0.0,0.0,0.0,45.0,11.1,0.0,0.0,0.0,120.0,12.36,0.91,0.91,1.0,0.0,0.0,11.1,1.85,90.28,86.11,100.0,97.68
2018-01-03 06:11:00,0,2,20.06,72.0,68.0,14.34,13.49,20.06,0.0,0.0,0.0,45.0,11.12,0.0,0.0,0.0,120.0,12.38,0.91,0.91,1.0,0.0,0.0,11.11,1.85,90.27,86.02,100.0,97.82
2018-01-03 06:12:00,0,2,20.29,72.0,68.0,14.44,13.54,20.29,0.0,0.0,0.0,45.0,11.14,0.0,0.0,0.0,120.0,12.41,0.91,0.91,1.0,0.0,0.0,11.13,1.85,90.26,85.92,100.0,97.96
2018-01-03 06:13:00,0,2,20.48,72.0,68.0,14.52,13.58,20.48,0.0,0.0,0.0,45.0,11.15,0.0,0.0,0.0,120.0,12.44,0.91,0.91,1.0,0.0,0.0,11.15,1.85,90.25,85.83,100.0,98.08
2018-01-03 06:14:00,0,2,20.65,72.0,68.0,14.59,13.62,20.65,0.0,0.0,0.0,45.0,11.17,0.0,0.0,0.0,120.0,12.47,0.91,0.91,1.0,0.0,0.0,11.17,1.85,90.23,85.74,100.0,98.19
2018-01-03 06:15:00,0,2,20.81,72.0,68.0,14.66,13.66,20.81,0.0,0.0,0.0,45.0,11.19,0.0,0.0,0.0,120.0,12.5,0.91,0.91,1.0,0.0,0.0,11.18,1.85,90.21,85.65,100.0,98.3
2018-01-03 06:16:00,0,2,20.94,72.0,68.0,14.72,13.7,20.94,0.0,0.0,0.0,45.0,11.21,0.0,0.0,0.0,120.0,12.53,0.91,0.91,1.0,0.0,0.0,11.2,1.85,90.18,85.55,100.0,98.39
2018-01-03 06:17:00,0,2,21.06,72.0,68.0,14.77,13.74,21.06,0.0,0.0,0.0,45.0,11.23,0.0,0.0,0.0,120.0,12.55,0.91,0.91,1.0,0.0,0.0,11.22,1.85,90.16,85.46,100.0,98.48
2018-01-03 06:18:00,0,2,21.17,72.0,68.0,14.82,13.78,21.17,0.0,0.0,0.0,45.0,11.25,0.0,0.0,0.0,120.0,12.58,0.91,0.91,1.0,0.0,0.0,11.24,1.85,90.13,85.37,100.0,98.56
2018-01-03 06:19:00,0,2,21.26,72.0,68.0,14.87,13.81,21.26,0.0,0.0,0.0,45.0,11.26,0.0,0.0,0.0,120.0,12.61,0.91,0.91,1.0,0.0,0.0,11.26,1.85,90.09,85.28,100.0,98.64
2018-01-03 06:20:00,0,2,21.35,72.0,68.0,14.91,13.85,21.35,0.0,0.0,0.0,45.0,11.28,0.0,0.0,0.0,120.0,12.64,0.91,0.91,1.0,0.0,0.0,11.28,1.85,90.06,85.19,100.0,98.71
2018-01-03 06:21:00,0,2,21.43,72.0,68.0,14.95,13.88,21.43,0.0,0.0,0.0,45.0,11.3,0.0,0.0,0.0,120.0,12.67,0.91,0.91,1.0,0.0,0.0,11.3,1.85,90.03,85.09,100.0,98.77
2018-01-03 06:22:00,0,2,21.5,72.0,68.0,14.99,13.92,21.5,0.0,0.0,0.0,45.0,11.32,0.0,0.0,0.0,120.0,12.7,0.91,0.91,1.0,0.0,0.0,11.32,1.85,89.99,85.0,100.0,98.83
2018-01-03 06:23:00,0,2,21.56,72.0,68.0,15.02,13.95,21.56,0.0,0.0,0.0,45.0,11.34,0.0,0.0,0.0,120.0,12.73,0.91,0.91,1.0,0.0,0.0,11.34,1.85,89.95,84.91,100.0,98.89
2018-01-03 06:24:00,0,2,21.62,72.0,68.0,15.06,13.99,21.62,0.0,0.0,0.0,45.0,11.36,0.0,0.0,0.0,120.0,12.75,0.91,0.91,1.0,0.0,0.0,11.35,1.85,89.91,84.82,100.0,98.95
2018-01-03 06:25:00,0,2,21.67,72.0,68.0,15.09,14.02,21.67,0.0,0.0,0.0,45.0,11.38,0.0,0.0,0.0,120.0,12.78,0.91,0.91,1.0,0.0,0.0,11.37,1.85,89.87,84.73,100.0,99.0
2018-01-03 06:26:00,0,2,21.71,72.0,68.0,15.12,14.05,21.71,0.0,0.0,0.0,45.0,11.4,0.0,0.0,0.0,120.0,12.81,0.91,0.91,1.0,0.0,0.0,11.39,1.85,89.83,84.64,100.0,99.04
2018-01-03 06:27:00,0,2,21.76,72.0,68.0,15.14,14.09,21.76,0.0,0.0,0.0,45.0,11.42,0.0,0.0,0.0,120.0,12.84,0.91,0.91,1.0,0.0,0.0,11.41,1.85,89.79,84.55,100.0,99.09
2018-01-03 06:28:00,0,2,21.8,72.0,68.0,15.17,14.12,21.8,0.0,0.0,0.0,45.0,11.44,0.0,0.0,0.0,120.0,12.87,0.91,0.91,1.0,0.0,0.0,11.43,1.85,89.75,84.46,100.0,99.13
2018-01-03 06:29:00,0,2,21.83,72.0,68.0,15.2,14.15,21.83,0.0,0.0,0.0,45.0,11.46,0.0,0.0,0.0,120.0,12.9,0.91,0.91,1.0,0.0,0.0,11.45,1.85,89.71,84.38,100.0,99.17
2018-01-03 06:30:00,0,2,21.86,72.0,68.0,15.22,14.18,21.86,0.0,0.0,0.0,45.0,11.48,0.0,0.0,0.0,120.0,12.93,0.91,0.91,1.0,0.0,0.0,11.47,1.85,89.67,84.29,100.0,99.21
2018-01-03 06:31:00,0,2,21.89,72.0,68.0,15.24,14.22,21.89,0.0,0.0,0.0,45.0,11.5,0.0,0.0,0.0,120.0,12.96,0.91,0.91,1.0,0.0,0.0,11.49,1.85,89.63,84.2,100.0,99.25
2018-01-03 06:32:00,0,2,21.92,72.0,68.0,15.27,14.25,21.92,0.0,0.0,0.0,45.0,11.52,0.0,0.0,0.0,120.0,12.99,0.91,0.91,1.0,0.0,0.0,11.51,1.85,89.58,84.11,100.0,99.28
2018-01-03 06:33:00,0,2,21.95,72.0,68.0,15.29,14.28,21.95,0.0,0.0,0.0,45.0,11.54,0.0,0.0,0.0,120.0,13.02,0.91,0.91,1.0,0.0,0.0,11.53,1.85,89.54,84.03,100.0,99.32
2018-01-03 06:34:00,0,2,21.97,72.0,68.0,15.31,14.31,21.97,0.0,0.0,0.0,45.0,11.55,0.0,0.0,0.0,120.0,13.04,0.91,0.91,1.0,0.0,0.0,11.55,1.85,89.5,83.94,100.0,99.35
2018-01-03 06:35:00,0,2,21.99,72.0,68.0,15.33,14.34,21.99,0.0,0.0,0.0,45.0,11.57,0.0,0.0,0.0,120.0,13.07,0.91,0.91,1.0,0.0,0.0,11.57,1.85,89.46,83.86,100.0,99.38
2018-01-03 06:36:00,0,2,22.02,72.0,68.0,15.35,14.37,22.02,0.0,0.0,0.0,45.0,11.59,0.0,0.0,0.0,120.0,13.1,0.91,0.91,1.0,0.0,0.0,11.59,1.85,89.41,83.77,100.0,99.42
2018-01-03 06:37:00,0,2,22.04,72.0,68.0,15.37,14.4,22.04,0.0,0.0,0.0,45.0,11.61,0.0,0.0,0.0,120.0,13.13,0.91,0.91,1.0,0.0,0.0,11.61,1.85,89.37,83.69,100.0,99.45
2018-01-03 06:38:00,0,2,22.05,72.0,68.0,15.39,14.43,22.05,0.0,0.0,0.0,45.0,11.63,0.0,0.0,0.0,120.0,13.16,0.91,0.91,1.0,0.0,0.0,11.63,1.85,89.33,83.61,100.0,99.47
2018-01-03 06:39:00,0,2,22.07,72.0,68.0,15.41,14.46,22.07,0.0,0.0,0.0,45.0,11.65,0.0,0.0,0.0,120.0,13.19,0.91,0.91,1.0,0.0,0.0,11.65,1.85,89.29,83.53,100.0,99.5
2018-01-03 06:40:00,0,2,22.09,72.0,68.0,15.42,14.49,22.09,0.0,0.0,0.0,45.0,11.67,0.0,0.0,0.0,120.0,13.21,0.91,0.91,1.0,0.0,0.0,11.66,1.85,89.25,83.45,100.0,99.53
2018-01-03 06:41:00,0,2,22.11,72.0,68.0,15.44,14.52,22.11,0.0,0.0,0.0,45.0,11.69,0.0,0.0,0.0,120.0,13.24,0.91,0.91,1.0,0.0,0.0,11.68,1.85,89.2,83.37,100.0,99.56
2018-01-03 06:42:00,0,2,22.12,72.0,68.0,15.46,14.55,22.12,0.0,0.0,0.0,45.0,11.71,0.0,0.0,0.0,120.0,13.27,0.91,0.91,1.0,0.0,0.0,11.7,1.85,89.16,83.29,100.0,99.59
2018-01-03 06:43:00,0,2,22.14,72.0,68.0,15.48,14.58,22.14,0.0,0.0,0.0,45.0,11.73,0.0,0.0,0.0,120.0,13.3,0.91,0.91,1.0,0.0,0.0,11.72,1.85,89.12,83.21,100.0,99.61
2018-01-03 06:44:00,0,2,22.15,72.0,68.0,15.49,14.61,22.15,0.0,0.0,0.0,45.0,11.75,0.0,0.0,0.0,120.0,13.32,0.91,0.91,1.0,0.0,0.0,11.74,1.85,89.08,83.13,100.0,99.64
2018-01-03 06:45:00,0,2,22.16,72.0,68.0,15.51,14.63,22.16,0.0,0.0,0.0,45.0,11.77,0.0,0.0,0.0,120.0,13.35,0.91,0.91,1.0,0.0,0.0,11.76,1.85,89.04,83.05,100.0,99.66
2018-01-03 06:46:00,0,2,22.18,72.0,68.0,15.53,14.66,22.18,0.0,0.0,0.0,45.0,11.78,0.0,0.0,0.0,120.0,13.38,0.91,0.91,1.0,0.0,0.0,11.78,1.85,89.0,82.98,100.0,99.69
2018-01-03 06:47:00,0,2,22.19,72.0,68.0,15.54,14.69,22.19,0.0,0.0,0.0,45.0,11.8,0.0,0.0,0.0,120.0,13.4,0.91,0.91,1.0,0.0,0.0,11.79,1.85,88.96,82.9,100.0,99.72
2018-01-03 06:48:00,0,2,22.2,72.0,68.0,15.56,14.72,22.2,0.0,0.0,0.0,45.0,11.82,0.0,0.0,0.0,120.0,13.43,0.91,0.91,1.0,0.0,0.0,11.81,1.85,88.93,82.83,100.0,99.74
2018-01-03 06:49:00,0,2,22.22,72.0,68.0,15.58,14.75,22.22,0.0,0.0,0.0,45.0,11.84,0.0,0.0,0.0,120.0,13.46,0.91,0.91,1.0,0.0,0.0,11.83,1.85,88.89,82.76,100.0,99.77
2018-01-03 06:50:00,0,2,22.23,72.0,68.0,15.59,14.77,22.23,0.0,0.0,0.0,45.0,11.86,0.0,0.0,0.0,120.0,13.48,0.91,0.91,1.0,0.0,0.0,11.85,1.85,88.85,82.68,100.0,99.79
2018-01-03 06:51:00,0,2,22.24,72.0,68.0,15.61,14.8,22.24,0.0,0.0,0.0,45.0,11.87,0.0,0.0,0.0,120.0,13.51,0.91,0.91,1.0,0.0,0.0,11.87,1.85,88.82,82.61,100.0,99.81
2018-01-03 06:52:00,0,2,22.25,72.0,68.0,15.62,14.83,22.25,0.0,0.0,0.0,45.0,11.89,0.0,0.0,0.0,120.0,13.53,0.91,0.91,1.0,0.0,0.0,11.88,1.85,88.78,82.54,100.0,99.84
2018-01-03 06:53:00,0,2,22.26,72.0,68.0,15.64,14.85,22.26,0.0,0.0,0.0,45.0,11.91,0.0,0.0,0.0,120.0,13.56,0.91,0.91,1.0,0.0,0.0,11.9,1.85,88.75,82.48,100.0,99.86
2018-01-03 06:54:00,0,2,22.27,72.0,68.0,15.65,14.88,22.27,0.0,0.0,0.0,45.0,11.93,0.0,0.0,0.0,120.0,13.58,0.91,0.91,1.0,0.0,0.0,11.92,1.85,88.71,82.41,100.0,99.89
2018-01-03 06:55:00,0,2,22.28,72.0,68.0,15.67,14.9,22.28,0.0,0.0,0.0,45.0,11.94,0.0,0.0,0.0,120.0,13.61,0.91,0.91,1.0,0.0,0.0,11.93,1.85,88.68,82.34,100.0,99.91
2018-01-03 06:56:00,0,2,22.3,72.0,68.0,15.68,14.93,22.3,0.0,0.0,0.0,45.0,11.96,0.0,0.0,0.0,120.0,13.63,0.91,0.91,1.0,0.0,0.0,11.95,1.85,88.64,82.28,100.0,99.94
2018-01-03 06:57:00,0,2,22.31,72.0,68.0,15.7,14.95,22.31,0.0,0.0,0.0,45.0,11.98,0.0,0.0,0.0,120.0,13.66,0.91,0.91,1.0,0.0,0.0,11.97,1.85,88.61,82.21,100.0,99.96
2018-01-03 06:58:00,0,2,22.32,72.0,68.0,15.71,14.98,22.32,0.0,0.0,0.0,45.0,11.99,0.0,0.0,0.0,120.0,13.68,0.91,0.91,1.0,0.0,0.0,11.98,1.85,88.58,82.15,100.0,99.98
2018-01-03 06:59:00,0,2,22.33,72.0,68.0,15.72,15.0,22.33,0.0,0.0,0.0,45.0,12.01,0.0,0.0,0.0,120.0,13.7,0.91,0.91,1.0,0.0,0.0,12.0,1.85,88.55,82.09,100.0,100.0
2018-01-03 07:00:00,0,2,22.34,72.0,68.0,15.74,15.02,22.34,0.0,0.0,0.0,45.0,12.02,0.0,0.0,0.0,120.0,13.72,0.91,0.91,1.0,0.0,0.0,12.01,1.85,88.52,82.03,100.0,100.0
2018-01-03 07:01:00,0,2,22.35,72.0,68.0,15.75,15.05,22.35,0.0,0.0,0.0,45.0,12.04,0.0,0.0,0.0,120.0,13.75,0.91,0.91,1.0,0.0,0.0,12.02,1.85,88.5,81.99,100.0,100.0
2018-01-03 07:02:00,0,2,22.36,72.0,68.0,15.75,15.07,22.36,0.0,0.0,0.0,45.0,12.05,0.0,0.0,0.0,120.0,13.77,0.91,0.91,1.0,0.0,0.0,12.02,1.85,88.48,81.95,100.0,100.0
2018-01-03 07:03:00,0,2,22.37,72.0,68.0,15.75,15.09,22.37,0.0,0.0,0.0,45.0,12.05,0.0,0.0,0.0,120.0,13.78,0.91,0.91,1.0,0.0,0.0,12.02,1.85,88.47,81.91,100.0,100.0
2018-01-03 07:04:00,0,2,22.37,72.0,68.0,15.75,15.1,22.37,0.0,0.0,0.0,45.0,12.05,0.0,0.0,0.0,120.0,13.79,0.91,0.91,1.0,0.0,0.0,12.02,1.85,88.45,81.88,100.0,100.0
2018-01-03 07:05:00,0,2,22.38,72.0,68.0,15.76,15.11,22.38,0.0,0.0,0.0,45.0,12.05,0.0,0.0,0.0,120.0,13.8,0.91,0.91,1.0,0.0,0.0,12.02,1.85,88.44,81.84,100.0,100.0
2018-01-03 07:06:00,0,2,22.38,72.0,68.0,15.76,15.12,22.38,0.0,0.0,0.0,45.0,12.05,0.0,0.0,0.0,120.0,13.81,0.91,0.91,1.0,0.0,0.0,12.02,1.85,88.42,81.81,100.0,100.0
2018-01-03 07:07:00,0,2,22.39,72.0,68.0,15.76,15.13,22.39,0.0,0.0,0.0,45.0,12.05,0.0,0.0,0.0,120.0,13.81,0.91,0.91,1.0,0.0,0.0,12.02,1.85,88.41,81.78,100.0,100.0
2018-01-03 07:08:00,0,2,22.39,72.0,68.0,15.76,15.13,22.39,0.0,0.0,0.0,45.0,12.05,0.0,0.0,0.0,120.0,13.82,0.91,0.91,1.0,0.0,0.0,12.02,1.85,88.4,81.75,100.0,100.0
2018-01-03 07:09:00,0,2,22.39,72.0,68.0,15.76,15.14,22.39,0.0,0.0,0.0,45.0,12.05,0.0,0.0,0.0,120.0,13.82,0.91,0.91,1.0,0.0,0.0,12.01,1.85,88.38,81.72,100.0,100.0
2018-01-03 07:10:00,0,2,22.39,72.0,68.0,15.76,15.14,22.39,0.0,0.0,0.0,45.0,12.05,0.0,0.0,0.0,120.0,13.82,0.91,0.91,1.0,0.0,0.0,12.01,1.85,88.37,81.7,100.0,100.0
2018-01-03 07:11:00,0,2,22.39,72.0,68.0,15.76,15.14,22.39,0.0,0.0,0.0,45.0,12.05,0.0,0.0,0.0,120.0,13.82,0.91,0.91,1.0,0.0,0.0,12.01,1.85,88.36,81.67,100.0,100.0
2018-01-03 07:12:00,0,2,22.39,72.0,68.0,15.75,15.15,22.39,0.0,0.0,0.0,45.0,12.05,0.0,0.0,0.0,120.0,13.83,0.91,0.91,1.0,0.0,0.0,12.01,1.85,88.35,81.65,100.0,100.0
2018-01-03 07:13:00,0,2,22.39,72.0,68.0,15.75,15.15,22.39,0.0,0.0,0.0,45.0,12.04,0.0,0.0,0.0,120.0,13.83,0.91,0.91,1.0,0.0,0.0,12.01,1.85,88.34,81.63,100.0,100.0
2018-01-03 07:14:00,0,2,22.39,72.0,68.0,15.75,15.15,22.39,0.0,0.0,0.0,45.0,12.04,0.0,0.0,0.0,120.0,13.83,0.91,0.91,1.0,0.0,0.0,12.01,1.85,88.33,81.61,100.0,100.0
2018-01-03 07:15:00,0,2,22.39,72.0,68.0,15.75,15.15,22.39,0.0,0.0,0.0,45.0,12.04,0.0,0.0,0.0,120.0,13.83,0.91,0.91,1.0,0.0,0.0,12.0,1.85,88.32,81.59,100.0,100.0
2018-01-03 07:16:00,0,2,22.39,72.0,68.0,15.75,15.16,22.39,0.0,0.0,0.0,45.0,12.04,0.0,0.0,0.0,120.0,13.83,0.91,0.91,1.0,0.0,0.0,12.0,1.85,88.31,81.57,100.0,100.0
2018-01-03 07:17:00,0,2,22.39,72.0,68.0,15.75,15.16,22.39,0.0,0.0,0.0,45.0,12.04,0.0,0.0,0.0,120.0,13.83,0.91,0.91,1.0,0.0,0.0,12.0,1.85,88.3,81.55,100.0,100.0
2018-01-03 07:18:00,0,2,22.39,72.0,68.0,15.75,15.16,22.39,0.0,0.0,0.0,45.0,12.03,0.0,0.0,0.0,120.0,13.83,0.91,0.91,1.0,0.0,0.0,12.0,1.85,88.29,81.53,100.0,100.0
2018-01-03 07:19:00,0,2,22.39,72.0,68.0,15.74,15.16,22.39,0.0,0.0,0.0,45.0,12.03,0.0,0.0,0.0,120.0,13.83,0.91,0.91,1.0,0.0,0.0,11.99,1.85,88.28,81.52,100.0,100.0
2018-01-03 07:20:00,0,2,22.39,72.0,68.0,15.74,15.16,22.39,0.0,0.0,0.0,45.0,12.03,0.0,0.0,0.0,120.0,13.83,0.91,0.91,1.0,0.0,0.0,11.99,1.85,88.28,81.51,100.0,100.0
2018-01-03 07:21:00,0,2,22.39,72.0,68.0,15.74,15.16,22.39,0.0,0.0,0.0,45.0,12.02,0.0,0.0,0.0,120.0,13.83,0.91,0.91,1.0,0.0,0.0,11.99,1.85,88.27,81.49,100.0,100.0
2018-01-03 07:22:00,0,2,22.39,72.0,68.0,15.74,15.16,22.39,0.0,0.0,0.0,45.0,12.02,0.0,0.0,0.0,120.0,13.83,0.91,0.91,1.0,0.0,0.0,11.98,1.85,88.27,81.48,100.0,100.0
2018-01-03 07:23:00,0,2,22.39,72.0,68.0,15.74,15.16,22.39,0.0,0.0,0.0,45.0,12.02,0.0,0.0,0.0,120.0,13.83,0.91,0.91,1.0,0.0,0.0,11.98,1.85,88.26,81.47,100.0,100.0
2018-01-03 07:24:00,0,2,22.39,72.0,68.0,15.74,15.16,22.39,0.0,0.0,0.0,45.0,12.02,0.0,0.0,0.0,120.0,13.83,0.91,0.91,1.0,0.0,0.0,11.98,1.85,88.26,81.47,100.0,100.0
2018-01-03 07:25:00,0,2,22.39,72.0,68.0,15.73,15.16,22.39,0.0,0.0,0.0,45.0,12.01,0.0,0.0,0.0,120.0,13.82,0.91,0.91,1.0,0.0,0.0,11.98,1.85,88.26,81.46,100.0,100.0
2018-01-03 07:26:00,0,2,22.39,72.0,68.0,15.73,15.16,22.39,0.0,0.0,0.0,45.0,12.01,0.0,0.0,0.0,120.0,13.82,0.91,0.91,1.0,0.0,0.0,11.97,1.85,88.26,81.45,100.0,100.0
2018-01-03 07:27:00,0,2,22.39,72.0,68.0,15.73,15.16,22.39,0.0,0.0,0.0,45.0,12.01,0.0,0.0,0.0,120.0,13.82,0.91,0.91,1.0,0.0,0.0,11.97,1.85,88.26,81.45,100.0,100.0
2018-01-03 07:28:00,0,2,22.4,72.0,68.0,15.73,15.15,22.4,0.0,0.0,0.0,45.0,12.01,0.0,0.0,0.0,120.0,13.82,0.91,0.91,1.0,0.0,0.0,11.97,1.85,88.26,81.45,100.0,100.0
2018-01-03 07:29:00,0,2,22.4,72.0,68.0,15.73,15.15,22.4,0.0,0.0,0.0,45.0,12.0,0.0,0.0,0.0,120.0,13.82,0.91,0.91,1.0,0.0,0.0,11.97,1.85,88.26,81.45,100.0,100.0
2018-01-03 07:30:00,0,2,22.4,72.0,68.0,15.73,15.15,22.4,0.0,0.0,0.0,45.0,12.0,0.0,0.0,0.0,120.0,13.81,0.91,0.91,1.0,0.0,0.0,11.96,1.85,88.26,81.44,100.0,100.0
2018-01-03 07:31:00,0,2,22.4,72.0,68.0,15.73,15.15,22.4,0.0,0.0,0.0,45.0,12.0,0.0,0.0,0.0,120.0,13.81,0.91,0.91,1.0,0.0,0.0,11.96,1.85,88.27,81.45,100.0,100.0
2018-01-03 07:32:00,0,2,22.41,72.0,68.0,15.73,15.15,22.41,0.0,0.0,0.0,45.0,12.0,0.0,0.0,0.0,120.0,13.81,0.91,0.91,1.0,0.0,0.0,11.96,1.85,88.27,81.45,100.0,100.0
2018-01-03 07:33:00,0,2,22.41,72.0,68.0,15.73,15.15,22.41,0.0,0.0,0.0,45.0,12.0,0.0,0.0,0.0,120.0,13.81,0.91,0.91,1.0,0.0,0.0,11.96,1.85,88.28,81.45,100.0,100.0
2018-01-03 07:34:00,0,2,22.41,72.0,68.0,15.73,15.14,22.41,0.0,0.0,0.0,45.0,11.99,0.0,0.0,0.0,120.0,13.8,0.91,0.91,1.0,0.0,0.0,11.96,1.85,88.28,81.46,100.0,100.0
2018-01-03 07:35:00,0,2,22.42,72.0,68.0,15.73,15.14,22.42,0.0,0.0,0.0,45.0,11.99,0.0,0.0,0.0,120.0,13.8,0.91,0.91,1.0,0.0,0.0,11.96,1.85,88.29,81.46,100.0,100.0
2018-01-03 07:36:00,0,2,22.42,72.0,68.0,15.73,15.14,22.42,0.0,0.0,0.0,45.0,11.99,0.0,0.0,0.0,120.0,13.8,0.91,0.91,1.0,0.0,0.0,11.95,1.85,88.3,81.47,100.0,100.0
2018-01-03 07:37:00,0,2,22.43,72.0,68.0,15.73,15.14,22.43,0.0,0.0,0.0,45.0,11.99,0.0,0.0,0.0,120.0,13.8,0.91,0.91,1.0,0.0,0.0,11.95,1.85,88.31,81.48,100.0,100.0
2018-01-03 07:38:00,0,2,22.43,72.0,68.0,15.73,15.13,22.43,0.0,0.0,0.0,45.0,11.99,0.0,0.0,0.0,120.0,13.8,0.91,0.91,1.0,0.0,0.0,11.95,1.85,88.32,81.49,100.0,100.0
2018-01-03 07:39:00,0,2,22.44,72.0,68.0,15.74,15.13,22.44,0.0,0.0,0.0,45.0,11.99,0.0,0.0,0.0,120.0,13.79,0.91,0.91,1.0,0.0,0.0,11.95,1.85,88.33,81.5,100.0,100.0
2018-01-03 07:40:00,0,2,22.45,72.0,68.0,15.74,15.13,22.45,0.0,0.0,0.0,45.0,11.99,0.0,0.0,0.0,120.0,13.79,0.91,0.91,1.0,0.0,0.0,11.95,1.85,88.34,81.51,100.0,100.0
2018-01-03 07:41:00,0,2,22.46,72.0,68.0,15.74,15.13,22.46,0.0,0.0,0.0,45.0,11.99,0.0,0.0,0.0,120.0,13.79,0.91,0.91,1.0,0.0,0.0,11.95,1.85,88.36,81.52,100.0,100.0
2018-01-03 07:42:00,0,2,22.46,72.0,68.0,15.74,15.12,22.46,0.0,0.0,0.0,45.0,11.99,0.0,0.0,0.0,120.0,13.79,0.91,0.91,1.0,0.0,0.0,11.95,1.85,88.37,81.53,100.0,100.0
2018-01-03 07:43:00,0,2,22.47,72.0,68.0,15.75,15.12,22.47,0.0,0.0,0.0,45.0,11.99,0.0,0.0,0.0,120.0,13.78,0.91,0.91,1.0,0.0,0.0,11.95,1.85,88.39,81.55,100.0,100.0
2018-01-03 07:44:00,0,2,22.48,72.0,68.0,15.75,15.12,22.48,0.0,0.0,0.0,45.0,11.99,0.0,0.0,0.0,120.0,13.78,0.91,0.91,1.0,0.0,0.0,11.95,1.85,88.4,81.57,100.0,100.0
2018-01-03 07:45:00,0,2,22.49,72.0,68.0,15.76,15.12,22.49,0.0,0.0,0.0,45.0,11.99,0.0,0.0,0.0,120.0,13.78,0.91,0.91,1.0,0.0,0.0,11.95,1.85,88.42,81.58,100.0,100.0
2018-01-03 07:46:00,0,2,22.51,72.0,68.0,15.76,15.12,22.51,0.0,0.0,0.0,45.0,11.99,0.0,0.0,0.0,120.0,13.78,0.91,0.91,1.0,0.0,0.0,11.95,1.85,88.44,81.6,100.0,100.0
2018-01-03 07:47:00,0,2,22.52,72.0,68.0,15.77,15.11,22.52,0.0,0.0,0.0,45.0,11.99,0.0,0.0,0.0,120.0,13.78,0.91,0.91,1.0,0.0,0.0,11.96,1.85,88.46,81.62,100.0,100.0
2018-01-03 07:48:00,0,2,22.53,72.0,68.0,15.77,15.11,22.53,0.0,0.0,0.0,45.0,11.99,0.0,0.0,0.0,120.0,13.77,0.91,0.91,1.0,0.0,0.0,11.96,1.85,88.48,81.64,100.0,100.0
2018-01-03 07:49:00,0,2,22.55,72.0,68.0,15.78,15.11,22.55,0.0,0.0,0.0,45.0,11.99,0.0,0.0,0.0,120.0,13.77,0.91,0.91,1.0,0.0,0.0,11.96,1.85,88.5,81.67,100.0,100.0
2018-01-03 07:50:00,0,2,22.56,72.0,68.0,15.79,15.11,22.56,0.0,0.0,0.0,45.0,11.99,0.0,0.0,0.0,120.0,13.77,0.91,0.91,1.0,0.0,0.0,11.96,1.85,88.52,81.69,100.0,100.0
2018-01-03 07:51:00,0,2,22.58,72.0,68.0,15.79,15.11,22.58,0.0,0.0,0.0,45.0,12.0,0.0,0.0,0.0,120.0,13.77,0.91,0.91,1.0,0.0,0.0,11.97,1.85,88.55,81.72,100.0,100.0
2018-01-03 07:52:00,0,2,22.59,72.0,68.0,15.8,15.11,22.59,0.0,0.0,0.0,45.0,12.0,0.0,0.0,0.0,120.0,13.77,0.91,0.91,1.0,0.0,0.0,11.97,1.85,88.57,81.74,100.0,100.0
2018-01-03 07:53:00,0,2,22.61,72.0,68.0,15.81,15.11,22.61,0.0,0.0,0.0,45.0,12.0,0.0,0.0,0.0,120.0,13.77,0.91,0.91,1.0,0.0,0.0,11.97,1.85,88.6,81.77,100.0,100.0
2018-01-03 07:54:00,0,2,22.63,72.0,68.0,15.82,15.1,22.63,0.0,0.0,0.0,45.0,12.01,0.0,0.0,0.0,120.0,13.77,0.91,0.91,1.0,0.0,0.0,11.98,1.85,88.63,81.8,100.0,100.0
2018-01-03 07:55:00,0,2,22.65,72.0,68.0,15.83,15.1,22.65,0.0,0.0,0.0,45.0,12.01,0.0,0.0,0.0,120.0,13.77,0.91,0.91,1.0,0.0,0.0,11.98,1.85,88.66,81.83,100.0,100.0
2018-01-03 07:56:00,0,2,22.67,72.0,68.0,15.84,15.1,22.67,0.0,0.0,0.0,45.0,12.02,0.0,0.0,0.0,120.0,13.77,0.91,0.91,1.0,0.0,0.0,11.99,1.85,88.69,81.86,100.0,100.0
2018-01-03 07:57:00,0,2,22.69,72.0,68.0,15.85,15.1,22.69,0.0,0.0,0.0,45.0,12.02,0.0,0.0,0.0,120.0,13.77,0.91,0.91,1.0,0.0,0.0,12.0,1.85,88.72,81.89,100.0,100.0
2018-01-03 07:58:00,0,2,22.71,72.0,68.0,15.87,15.1,22.71,0.0,0.0,0.0,45.0,12.03,0.0,0.0,0.0,120.0,13.77,0.91,0.91,1.0,0.0,0.0,12.0,1.85,88.75,81.92,100.0,100.0
2018-01-03 07:59:00,0,2,22.74,72.0,68.0,15.88,15.1,22.74,0.0,0.0,0.0,45.0,12.03,0.0,0.0,0.0,120.0,13.77,0.91,0.91,1.0,0.0,0.0,12.01,1.85,88.79,81.95,100.0,100.0
2018-01-03 08:00:00,0,2,22.76,72.0,68.0,15.89,15.1,22.76,0.0,0.0,0.0,45.0,12.04,0.0,0.0,0.0,120.0,13.77,0.91,0.91,1.0,0.0,0.0,12.02,1.85,88.82,81.99,100.0,100.0
2018-01-03 08:01:00,0,2,22.79,72.0,68.0,15.91,15.1,22.79,0.0,0.0,0.0,45.0,12.05,0.0,0.0,0.0,120.0,13.77,0.91,0.91,1.0,0.0,0.0,12.03,1.85,88.87,82.05,100.0,100.0
2018-01-03 08:02:00,0,2,22.82,72.0,68.0,15.93,15.1,22.82,0.0,0.0,0.0,45.0,12.06,0.0,0.0,0.0,120.0,13.77,0.91,0.91,1.0,0.0,0.0,12.04,1.85,88.94,82.13,100.0,100.0
2018-01-03 08:03:00,0,2,22.85,72.0,68.0,15.95,15.09,22.85,0.0,0.0,0.0,45.0,12.07,0.0,0.0,0.0,120.0,13.77,0.91,0.91,1.0,0.0,0.0,12.06,1.85,89.01,82.21,100.0,100.0
2018-01-03 08:04:00,0,2,22.89,72.0,68.0,15.97,15.09,22.89,0.0,0.0,0.0,45.0,12.09,0.0,0.0,0.0,120.0,13.77,0.91,0.91,1.0,0.0,0.0,12.07,1.85,89.08,82.29,100.0,100.0
2018-01-03 08:05:00,0,2,22.93,72.0,68.0,16.0,15.09,22.93,0.0,0.0,0.0,45.0,12.1,0.0,0.0,0.0,120.0,13.77,0.91,0.91,1.0,0.0,0.0,12.09,1.85,89.15,82.37,100.0,100.0
2018-01-03 08:06:00,0,2,22.98,72.0,68.0,16.03,15.09,22.98,0.0,0.0,0.0,45.0,12.12,0.0,0.0,0.0,120.0,13.78,0.91,0.91,1.0,0.0,0.0,12.1,1.85,89.23,82.45,100.0,100.0
2018-01-03 08:07:00,0,2,23.03,72.0,68.0,16.05,15.09,23.03,0.0,0.0,0.0,45.0,12.13,0.0,0.0,0.0,120.0,13.78,0.91,0.91,1.0,0.0,0.0,12.12,1.85,89.31,82.53,100.0,100.0
2018-01-03 08:08:00,0,2,23.08,72.0,68.0,16.08,15.1,23.08,0.0,0.0,0.0,45.0,12.15,0.0,0.0,0.0,120.0,13.78,0.91,0.91,1.0,0.0,0.0,12.14,1.85,89.39,82.62,100.0,100.0
2018-01-03 08:09:00,0,2,23.13,72.0,68.0,16.12,15.1,23.13,0.0,0.0,0.0,45.0,12.17,0.0,0.0,0.0,120.0,13.79,0.91,0.91,1.0,0.0,0.0,12.16,1.85,89.47,82.7,100.0,100.0
2018-01-03 08:10:00,0,2,23.19,72.0,68.0,16.15,15.1,23.19,0.0,0.0,0.0,45.0,12.18,0.0,0.0,0.0,120.0,13.8,0.91,0.91,1.0,0.0,0.0,12.17,1.85,89.55,82.79,100.0,100.0
2018-01-03 08:11:00,0,2,23.25,72.0,68.0,16.18,15.11,23.25,0.0,0.0,0.0,45.0,12.2,0.0,0.0,0.0,120.0,13.8,0.91,0.91,1.0,0.0,0.0,12.19,1.85,89.64,82.87,100.0,100.0
2018-01-03 08:12:00,0,2,23.31,72.0,68.0,16.22,15.11,23.31,0.0,0.0,0.0,45.0,12.22,0.0,0.0,0.0,120.0,13.81,0.91,0.91,1.0,0.0,0.0,12.21,1.85,89.72,82.96,100.0,100.0
2018-01-03 08:13:00,0,2,23.37,72.0,68.0,16.25,15.11,23.37,0.0,0.0,0.0,45.0,12.24,0.0,0.0,0.0,120.0,13.82,0.91,0.91,1.0,0.0,0.0,12.23,1.85,89.81,83.04,100.0,100.0
2018-01-03 08:14:00,0,2,23.43,72.0,68.0,16.29,15.12,23.43,0.0,0.0,0.0,45.0,12.26,0.0,0.0,0.0,120.0,13.82,0.91,0.91,1.0,0.0,0.0,12.26,1.85,89.9,83.13,100.0,100.0
2018-01-03 08:15:00,0,2,23.5,72.0,68.0,16.32,15.13,23.5,0.0,0.0,0.0,45.0,12.28,0.0,0.0,0.0,120.0,13.83,0.91,0.91,1.0,0.0,0.0,12.28,1.85,89.99,83.21,100.0,100.0
2018-01-03 08:16:00,0,2,23.56,72.0,68.0,16.36,15.13,23.56,0.0,0.0,0.0,45.0,12.3,0.0,0.0,0.0,120.0,13.84,0.91,0.91,1.0,0.0,0.0,12.3,1.85,90.08,83.3,100.0,100.0
2018-01-03 08:17:00,0,2,23.63,72.0,68.0,16.4,15.14,23.63,0.0,0.0,0.0,45.0,12.33,0.0,0.0,0.0,120.0,13.85,0.91,0.91,1.0,0.0,0.0,12.32,1.85,90.17,83.38,100.0,100.0
2018-01-03 08:18:00,0,2,23.7,72.0,68.0,16.44,15.15,23.7,0.0,0.0,0.0,45.0,12.35,0.0,0.0,0.0,120.0,13.86,0.91,0.91,1.0,0.0,0.0,12.35,1.85,90.26,83.47,100.0,100.0
2018-01-03 08:19:00,0,2,23.78,72.0,68.0,16.49,15.16,23.78,0.0,0.0,0.0,45.0,12.37,0.0,0.0,0.0,120.0,13.87,0.91,0.91,1.0,0.0,0.0,12.37,1.85,90.35,83.56,100.0,100.0
2018-01-03 08:20:00,0,2,23.85,72.0,68.0,16.53,15.17,23.85,0.0,0.0,0.0,45.0,12.4,0.0,0.0,0.0,120.0,13.88,0.91,0.91,1.0,0.0,0.0,12.4,1.85,90.45,83.64,100.0,100.0
2018-01-03 08:21:00,0,2,23.92,72.0,68.0,16.57,15.18,23.92,0.0,0.0,0.0,45.0,12.42,0.0,0.0,0.0,120.0,13.89,0.91,0.91,1.0,0.0,0.0,12.42,1.85,90.54,83.73,100.0,100.0
2018-01-03 08:22:00,0,2,24.0,72.0,68.0,16.61,15.19,24.0,0.0,0.0,0.0,45.0,12.44,0.0,0.0,0.0,120.0,13.91,0.91,0.91,1.0,0.0,0.0,12.45,1.85,90.64,83.81,100.0,100.0
2018-01-03 08:23:00,0,2,24.08,72.0,68.0,16.66,15.2,24.08,0.0,0.0,0.0,45.0,12.47,0.0,0.0,0.0,120.0,13.92,0.91,0.91,1.0,0.0,0.0,12.47,1.85,90.73,83.89,100.0,100.0
2018-01-03 08:24:00,0,2,24.16,72.0,68.0,16.71,15.21,24.16,0.0,0.0,0.0,45.0,12.5,0.0,0.0,0.0,120.0,13.93,0.91,0.91,1.0,0.0,0.0,12.5,1.85,90.82,83.98,100.0,100.0
2018-01-03 08:25:00,0,2,24.24,72.0,68.0,16.75,15.22,24.24,0.0,0.0,0.0,45.0,12.52,0.0,0.0,0.0,120.0,13.95,0.91,0.91,1.0,0.0,0.0,12.53,1.85,90.92,84.06,100.0,100.0
2018-01-03 08:26:00,0,2,24.32,72.0,68.0,16.8,15.24,24.32,0.0,0.0,0.0,45.0,12.55,0.0,0.0,0.0,120.0,13.96,0.91,0.91,1.0,0.0,0.0,12.56,1.85,91.01,84.14,100.0,100.0
2018-01-03 08:27:00,0,2,24.4,72.0,68.0,16.85,15.25,24.4,0.0,0.0,0.0,45.0,12.58,0.0,0.0,0.0,120.0,13.98,0.91,0.91,1.0,0.0,0.0,12.59,1.85,91.11,84.22,100.0,100.0
2018-01-03 08:28:00,0,2,24.48,72.0,68.0,16.9,15.27,24.48,0.0,0.0,0.0,45.0,12.61,0.0,0.0,0.0,120.0,14.0,0.91,0.91,1.0,0.0,0.0,12.62,1.85,91.2,84.3,100.0,100.0
2018-01-03 08:29:00,0,2,24.56,72.0,68.0,16.95,15.28,24.56,0.0,0.0,0.0,45.0,12.64,0.0,0.0,0.0,120.0,14.02,0.91,0.91,1.0,0.0,0.0,12.65,1.85,91.3,84.38,100.0,100.0
2018-01-03 08:30:00,0,2,24.65,72.0,68.0,17.0,15.3,24.65,0.0,0.0,0.0,45.0,12.67,0.0,0.0,0.0,120.0,14.03,0.91,0.91,1.0,0.0,0.0,12.68,1.85,91.39,84.46,100.0,100.0
2018-01-03 08:31:00,0,2,24.73,72.0,68.0,17.05,15.32,24.73,0.0,0.0,0.0,45.0,12.7,0.0,0.0,0.0,120.0,14.05,0.91,0.91,1.0,0.0,0.0,12.71,1.85,91.48,84.54,100.0,100.0
2018-01-03 08:32:00,0,2,24.82,72.0,68.0,17.1,15.33,24.82,0.0,0.0,0.0,45.0,12.73,0.0,0.0,0.0,120.0,14.07,0.91,0.91,1.0,0.0,0.0,12.75,1.85,91.58,84.62,100.0,100.0
2018-01-03 08:33:00,0,2,24.91,72.0,68.0,17.15,15.35,24.91,0.0,0.0,0.0,45.0,12.77,0.0,0.0,0.0,120.0,14.09,0.91,0.91,1.0,0.0,0.0,12.78,1.85,91.67,84.69,100.0,100.0
2018-01-03 08:34:00,0,2,24.99,72.0,68.0,17.21,15.37,24.99,0.0,0.0,0.0,45.0,12.8,0.0,0.0,0.0,120.0,14.12,0.91,0.91,1.0,0.0,0.0,12.81,1.85,91.76,84.76,100.0,100.0
2018-01-03 08:35:00,0,2,24.18,72.0,68.0,16.94,14.86,24.18,0.0,0.0,0.0,45.0,12.9,0.0,0.0,0.0,120.0,13.76,0.91,0.91,1.0,0.0,0.0,12.85,1.77,91.23,84.84,100.0,100.0
2018-01-03 08:36:00,0,2,24.29,72.0,68.0,17.0,15.21,24.29,0.0,0.0,0.0,45.0,12.91,0.0,0.0,0.0,120.0,14.03,0.91,0.91,1.0,0.0,0.0,12.88,1.84,91.27,84.91,100.0,100.0
2018-01-03 08:37:00,0,2,24.51,72.0,68.0,17.1,15.37,24.51,0.0,0.0,0.0,45.0,12.93,0.0,0.0,0.0,120.0,14.17,0.91,0.91,1.0,0.0,0.0,12.92,1.85,91.41,84.98,100.0,100.0
2018-01-03 08:38:00,0,2,24.71,72.0,68.0,17.2,15.43,24.71,0.0,0.0,0.0,45.0,12.95,0.0,0.0,0.0,120.0,14.22,0.91,0.91,1.0,0.0,0.0,12.96,1.85,91.55,85.04,100.0,100.0
2018-01-03 08:39:00,0,2,24.9,72.0,68.0,17.29,15.47,24.9,0.0,0.0,0.0,45.0,12.98,0.0,0.0,0.0,120.0,14.25,0.91,0.91,1.0,0.0,0.0,13.0,1.85,91.69,85.11,100.0,100.0
2018-01-03 08:40:00,0,2,24.38,72.0,68.0,17.14,14.93,24.38,0.0,0.0,0.0,45.0,13.07,0.0,0.0,0.0,120.0,13.91,0.91,0.91,1.0,0.0,0.0,13.04,1.64,91.41,85.18,100.0,100.0
2018-01-03 08:41:00,0,2,24.32,72.0,68.0,17.14,15.19,24.32,0.0,0.0,0.0,45.0,13.11,0.0,0.0,0.0,120.0,14.07,0.91,0.91,1.0,0.0,0.0,13.07,1.82,91.33,85.24,100.0,100.0
2018-01-03 08:42:00,0,2,24.57,72.0,68.0,17.25,15.44,24.57,0.0,0.0,0.0,45.0,13.13,0.0,0.0,0.0,120.0,14.27,0.91,0.91,1.0,0.0,0.0,13.12,1.84,91.47,85.3,100.0,100.0
2018-01-03 08:43:00,0,2,24.83,72.0,68.0,17.37,15.54,24.83,0.0,0.0,0.0,45.0,13.15,0.0,0.0,0.0,120.0,14.36,0.91,0.91,1.0,0.0,0.0,13.16,1.85,91.64,85.36,100.0,100.0
2018-01-03 08:44:00,0,2,24.62,72.0,68.0,17.34,15.19,24.62,0.0,0.0,0.0,45.0,13.21,0.0,0.0,0.0,120.0,14.22,1.14,1.14,1.0,0.0,0.0,13.2,1.51,91.58,85.41,100.0,100.0
2018-01-03 08:45:00,0,2,24.37,72.0,68.0,17.26,15.22,24.37,0.0,0.0,0.0,45.0,13.28,0.0,0.0,0.0,120.0,14.14,0.91,0.91,1.0,0.0,0.0,13.24,1.8,91.39,85.47,100.0,100.0
2018-01-03 08:46:00,0,2,24.64,72.0,68.0,17.38,15.51,24.64,0.0,0.0,0.0,45.0,13.3,0.0,0.0,0.0,120.0,14.38,0.91,0.91,1.0,0.0,0.0,13.28,1.84,91.53,85.52,100.0,100.0
2018-01-03 08:47:00,0,2,24.94,72.0,68.0,17.52,15.64,24.94,0.0,0.0,0.0,45.0,13.32,0.0,0.0,0.0,120.0,14.48,0.91,0.91,1.0,0.0,0.0,13.33,1.85,91.71,85.57,100.0,100.0
2018-01-03 08:48:00,0,2,24.4,72.0,68.0,17.36,15.17,24.4,0.0,0.0,0.0,45.0,13.42,0.0,0.0,0.0,120.0,14.16,0.91,0.91,1.0,0.0,0.0,13.37,1.72,91.42,85.62,100.0,100.0
2018-01-03 08:49:00,0,2,24.58,72.0,68.0,17.45,15.5,24.58,0.0,0.0,0.0,45.0,13.44,0.0,0.0,0.0,120.0,14.41,0.91,0.91,1.0,0.0,0.0,13.42,1.83,91.49,85.66,100.0,100.0
2018-01-03 08:50:00,0,2,24.91,72.0,68.0,17.6,15.7,24.91,0.0,0.0,0.0,45.0,13.46,0.0,0.0,0.0,120.0,14.57,0.91,0.91,1.0,0.0,0.0,13.47,1.85,91.69,85.71,100.0,100.0
2018-01-03 08:51:00,0,2,24.43,72.0,68.0,17.46,15.27,24.43,0.0,0.0,0.0,45.0,13.56,0.0,0.0,0.0,120.0,14.28,0.91,0.91,1.0,0.0,0.0,13.51,1.72,91.43,85.75,100.0,100.0
2018-01-03 08:52:00,0,2,24.65,72.0,68.0,17.57,15.6,24.65,0.0,0.0,0.0,45.0,13.58,0.0,0.0,0.0,120.0,14.53,0.91,0.91,1.0,0.0,0.0,13.56,1.83,91.52,85.79,100.0,100.0
2018-01-03 08:53:00,0,2,25.01,72.0,68.0,17.73,15.81,25.01,0.0,0.0,0.0,45.0,13.6,0.0,0.0,0.0,120.0,14.69,0.91,0.91,1.0,0.0,0.0,13.61,1.85,91.72,85.82,100.0,100.0
2018-01-03 08:54:00,0,2,24.5,72.0,68.0,17.58,15.45,24.5,0.0,0.0,0.0,45.0,13.7,0.0,0.0,0.0,120.0,14.44,0.91,0.91,1.0,0.0,0.0,13.66,1.77,91.44,85.85,100.0,100.0
2018-01-03 08:55:00,0,2,24.82,72.0,68.0,17.72,15.78,24.82,0.0,0.0,0.0,45.0,13.72,0.0,0.0,0.0,120.0,14.7,0.91,0.91,1.0,0.0,0.0,13.71,1.84,91.59,85.88,100.0,100.0
2018-01-03 08:56:00,0,2,24.55,72.0,68.0,17.67,15.45,24.55,0.0,0.0,0.0,45.0,13.8,0.0,0.0,0.0,120.0,14.51,0.91,0.91,1.0,0.0,0.0,13.76,1.64,91.46,85.91,100.0,100.0
2018-01-03 08:57:00,0,2,24.69,72.0,68.0,17.74,15.73,24.69,0.0,0.0,0.0,45.0,13.84,0.0,0.0,0.0,120.0,14.69,0.91,0.91,1.0,0.0,0.0,13.81,1.82,91.5,85.93,100.0,100.0
2018-01-03 08:58:00,0,2,24.68,72.0,68.0,17.79,15.62,24.68,0.0,0.0,0.0,45.0,13.89,0.0,0.0,0.0,120.0,14.74,1.14,1.14,1.0,0.0,0.0,13.87,1.51,91.52,85.95,100.0,100.0
2018-01-03 08:59:00,0,2,24.63,72.0,68.0,17.79,15.74,24.63,0.0,0.0,0.0,45.0,13.96,0.0,0.0,0.0,120.0,14.73,0.91,0.91,1.0,0.0,0.0,13.92,1.8,91.44,85.97,100.0,100.0
2018-01-03 09:00:00,0,2,25.05,72.0,68.0,17.97,16.03,25.05,0.0,0.0,0.0,45.0,13.98,0.0,0.0,0.0,120.0,14.97,0.91,0.91,1.0,0.0,0.0,13.97,1.84,91.64,85.98,100.0,100.0
2018-01-03 09:01:00,0,2,24.64,72.0,68.0,17.87,15.74,24.64,0.0,0.0,0.0,45.0,14.07,0.0,0.0,0.0,120.0,14.77,0.91,0.91,1.0,0.0,0.0,14.04,1.77,91.4,85.99,100.0,100.0
2018-01-03 09:02:00,0,2,25.03,72.0,68.0,18.05,16.08,25.03,0.0,0.0,0.0,45.0,14.1,0.0,0.0,0.0,120.0,15.04,0.91,0.91,1.0,0.0,0.0,14.1,1.84,91.57,85.98,100.0,100.0
2018-01-03 09:03:00,0,2,24.65,72.0,68.0,17.96,15.84,24.65,0.0,0.0,0.0,45.0,14.2,0.0,0.0,0.0,120.0,14.88,0.91,0.91,1.0,0.0,0.0,14.17,1.77,91.34,85.97,100.0,100.0
2018-01-03 09:04:00,0,2,25.06,72.0,68.0,18.15,16.19,25.06,0.0,0.0,0.0,45.0,14.23,0.0,0.0,0.0,120.0,15.16,0.91,0.91,1.0,0.0,0.0,14.23,1.84,91.51,85.95,100.0,100.0
2018-01-03 09:05:00,0,2,24.7,72.0,68.0,18.06,15.96,24.7,0.0,0.0,0.0,45.0,14.33,0.0,0.0,0.0,120.0,15.01,0.91,0.91,1.0,0.0,0.0,14.3,1.77,91.28,85.94,100.0,100.0
2018-01-03 09:06:00,0,2,24.73,72.0,68.0,18.13,15.97,24.73,0.0,0.0,0.0,45.0,14.39,0.0,0.0,0.0,120.0,15.14,1.14,1.14,1.0,0.0,0.0,14.37,1.5,91.28,85.91,100.0,100.0
2018-01-03 09:07:00,0,2,24.77,72.0,68.0,18.18,16.16,24.77,0.0,0.0,0.0,45.0,14.46,0.0,0.0,0.0,120.0,15.2,0.91,0.91,1.0,0.0,0.0,14.44,1.8,91.22,85.89,100.0,100.0
2018-01-03 09:08:00,0,2,24.63,72.0,68.0,18.18,16.02,24.63,0.0,0.0,0.0,45.0,14.54,0.0,0.0,0.0,120.0,15.16,0.91,0.91,1.0,0.0,0.0,14.51,1.64,91.12,85.86,100.0,100.0
2018-01-03 09:09:00,0,2,24.91,72.0,68.0,18.32,16.37,24.91,0.0,0.0,0.0,45.0,14.59,0.0,0.0,0.0,120.0,15.4,0.91,0.91,1.0,0.0,0.0,14.58,1.82,91.19,85.83,100.0,100.0
2018-01-03 09:10:00,0,2,24.69,72.0,68.0,18.29,16.18,24.69,0.0,0.0,0.0,45.0,14.69,0.0,0.0,0.0,120.0,15.3,0.91,0.91,1.0,0.0,0.0,14.65,1.72,91.03,85.79,100.0,100.0
2018-01-03 09:11:00,0,2,25.1,72.0,68.0,18.47,16.57,25.1,0.0,0.0,0.0,45.0,14.72,0.0,0.0,0.0,120.0,15.59,0.91,0.91,1.0,0.0,0.0,14.73,1.83,91.17,85.75,100.0,100.0
2018-01-03 09:12:00,1,1,24.77,72.0,68.0,17.94,16.55,24.77,0.0,0.0,0.0,45.0,15.08,0.0,0.45,0.0,120.0,15.74,497.08,497.0,1.0,0.3,13.08,14.8,2.57,91.89,85.71,100.0,100.0
2018-01-03 09:13:00,0,2,24.76,72.0,68.0,18.58,16.73,24.76,0.0,0.0,0.0,45.0,15.14,0.06,0.0,0.0,120.0,15.87,4.22,4.22,1.0,0.0,0.0,14.87,2.14,97.45,85.66,100.0,100.0
2018-01-03 09:14:00,0,2,24.94,72.0,68.0,18.35,17.04,24.94,0.0,0.0,0.0,45.0,15.26,0.06,0.0,0.0,120.0,16.15,4.22,4.22,1.0,0.0,0.0,14.95,2.18,91.43,85.61,100.0,100.0
2018-01-03 09:15:00,0,2,24.74,72.0,68.0,18.3,16.72,24.74,0.0,0.0,0.0,45.0,15.18,0.06,0.0,0.0,120.0,15.89,4.22,4.22,1.0,0.0,0.0,15.02,2.09,90.5,85.55,100.0,100.0
2018-01-03 09:16:00,0,2,24.72,72.0,68.0,18.35,16.59,24.72,0.0,0.0,0.0,45.0,15.18,0.06,0.0,0.0,120.0,15.83,4.22,4.22,1.0,0.0,0.0,15.1,1.93,90.35,85.5,100.0,100.0
2018-01-03 09:17:00,0,2,25.02,72.0,68.0,18.48,16.87,25.02,0.0,0.0,0.0,45.0,15.2,0.06,0.0,0.0,120.0,16.0,4.22,4.22,1.0,0.0,0.0,15.18,2.15,90.36,85.43,100.0,100.0
2018-01-03 09:18:00,0,2,24.85,72.0,68.0,18.48,16.74,24.85,0.0,0.0,0.0,45.0,15.28,0.06,0.0,0.0,120.0,15.92,4.22,4.22,1.0,0.0,0.0,15.25,2.09,90.21,85.36,100.0,100.0
2018-01-03 09:19:00,0,2,24.71,72.0,68.0,18.49,16.69,24.71,0.0,0.0,0.0,45.0,15.37,0.06,0.0,0.0,120.0,15.92,4.22,4.22,1.0,0.0,0.0,15.33,2.03,90.08,85.29,100.0,100.0
2018-01-03 09:20:00,0,2,24.91,72.0,68.0,18.64,16.91,24.91,0.0,0.0,0.0,45.0,15.41,0.06,0.0,0.0,120.0,16.19,39.09,39.08,1.0,0.0,0.0,15.41,1.77,90.12,85.22,100.0,100.0
2018-01-03 09:21:00,0,2,25.0,72.0,68.0,18.69,17.04,25.0,0.0,0.0,0.0,45.0,15.5,0.06,0.0,0.0,120.0,16.21,4.23,4.22,1.0,0.0,0.0,15.49,2.13,90.02,85.13,100.0,100.0
2018-01-03 09:22:00,0,2,24.86,72.0,68.0,18.7,17.0,24.86,0.0,0.0,0.0,45.0,15.6,0.06,0.0,0.0,120.0,16.21,4.22,4.22,1.0,0.0,0.0,15.57,2.09,89.87,85.05,100.0,100.0
2018-01-03 09:23:00,0,2,24.78,72.0,68.0,18.73,16.99,24.78,0.0,0.0,0.0,45.0,15.68,0.06,0.0,0.0,120.0,16.23,4.22,4.22,1.0,0.0,0.0,15.65,2.02,89.75,84.96,100.0,100.0
2018-01-03 09:24:00,0,2,24.77,72.0,68.0,18.79,17.04,24.77,0.0,0.0,0.0,45.0,15.76,0.06,0.0,0.0,120.0,16.32,4.22,4.22,1.0,0.0,0.0,15.73,1.92,89.67,84.87,100.0,100.0
2018-01-03 09:25:00,0,2,24.89,72.0,68.0,18.9,17.23,24.89,0.0,0.0,0.0,45.0,15.82,0.06,0.0,0.0,120.0,16.54,39.09,39.08,1.0,0.0,0.0,15.81,1.75,89.65,84.77,100.0,100.0
2018-01-03 09:26:00,0,2,25.04,72.0,68.0,18.97,17.42,25.04,0.0,0.0,0.0,45.0,15.91,0.06,0.0,0.0,120.0,16.61,4.22,4.22,1.0,0.0,0.0,15.9,2.13,89.56,84.67,100.0,100.0
2018-01-03 09:27:00,0,2,24.97,72.0,68.0,19.0,17.4,24.97,0.0,0.0,0.0,45.0,16.0,0.06,0.0,0.0,120.0,16.62,4.22,4.22,1.0,0.0,0.0,15.98,2.09,89.42,84.56,100.0,100.0
2018-01-03 09:28:00,0,2,24.88,72.0,68.0,19.03,17.45,24.88,0.0,0.0,0.0,45.0,16.09,0.06,0.0,0.0,120.0,16.68,4.22,4.22,1.0,0.0,0.0,16.06,2.08,89.27,84.45,100.0,100.0
2018-01-03 09:29:00,0,2,24.87,72.0,68.0,19.09,17.47,24.87,0.0,0.0,0.0,45.0,16.18,0.06,0.0,0.0,120.0,16.73,4.22,4.22,1.0,0.0,0.0,16.15,2.02,89.17,84.33,100.0,100.0
2018-01-03 09:30:00,0,2,24.82,72.0,68.0,19.13,17.51,24.82,0.0,0.0,0.0,45.0,16.26,0.06,0.0,0.0,120.0,16.79,4.23,4.22,1.0,0.0,0.0,16.23,2.02,89.03,84.21,100.0,100.0
2018-01-03 09:31:00,0,2,24.9,72.0,68.0,19.22,17.6,24.9,0.0,0.0,0.0,45.0,16.34,0.06,0.0,0.0,120.0,16.91,4.22,4.22,1.0,0.0,0.0,16.32,1.92,88.96,84.08,100.0,100.0
2018-01-03 09:32:00,0,2,24.86,72.0,68.0,19.27,17.63,24.86,0.0,0.0,0.0,45.0,16.43,0.06,0.0,0.0,120.0,16.95,4.22,4.22,1.0,0.0,0.0,16.4,1.91,88.82,83.95,100.0,100.0
2018-01-03 09:33:00,0,2,24.84,72.0,68.0,19.32,17.7,24.84,0.0,0.0,0.0,45.0,16.52,0.06,0.0,0.0,120.0,17.03,4.24,4.24,1.0,0.0,0.0,16.49,1.91,88.68,83.82,100.0,100.0
2018-01-03 09:34:00,0,2,24.83,72.0,68.0,19.37,17.79,24.83,0.0,0.0,0.0,45.0,16.61,0.06,0.0,0.0,120.0,17.12,4.22,4.22,1.0,0.0,0.0,16.58,1.91,88.55,83.68,100.0,100.0
2018-01-03 09:35:00,0,2,24.85,72.0,68.0,19.43,17.87,24.85,0.0,0.0,0.0,45.0,16.69,0.06,0.0,0.0,120.0,17.21,4.22,4.22,1.0,0.0,0.0,16.67,1.91,88.42,83.53,100.0,100.0
2018-01-03 09:36:00,0,2,24.87,72.0,68.0,19.5,17.96,24.87,0.0,0.0,0.0,45.0,16.78,0.06,0.0,0.0,120.0,17.3,4.23,4.22,1.0,0.0,0.0,16.75,1.91,88.3,83.38,100.0,100.0
2018-01-03 09:37:00,0,2,24.91,72.0,68.0,19.57,18.05,24.91,0.0,0.0,0.0,45.0,16.87,0.06,0.0,0.0,120.0,17.39,4.22,4.22,1.0,0.0,0.0,16.84,1.91,88.17,83.22,100.0,100.0
2018-01-03 09:38:00,0,2,24.84,72.0,68.0,19.6,18.14,24.84,0.0,0.0,0.0,45.0,16.96,0.06,0.0,0.0,120.0,17.45,4.22,4.22,1.0,0.0,0.0,16.93,2.0,87.98,83.06,100.0,100.0
2018-01-03 09:39:00,0,2,24.91,72.0,68.0,19.68,18.27,24.91,0.0,0.0,0.0,45.0,17.05,0.06,0.0,0.0,120.0,17.58,4.22,4.22,1.0,0.0,0.0,17.02,2.01,87.86,82.9,100.0,100.0
2018-01-03 09:40:00,0,2,24.99,72.0,68.0,19.77,18.38,24.99,0.0,0.0,0.0,45.0,17.13,0.06,0.0,0.0,120.0,17.68,4.23,4.23,1.0,0.0,0.0,17.11,2.01,87.74,82.73,100.0,100.0
2018-01-03 09:41:00,0,2,24.99,72.0,68.0,20.11,18.84,24.99,0.0,0.0,0.0,45.0,17.41,0.0,0.0,0.0,120.0,18.06,0.91,0.91,1.0,0.0,0.0,17.2,1.81,89.9,82.55,100.0,100.0
2018-01-03 09:42:00,0,2,25.1,72.0,68.0,20.13,18.9,25.1,0.0,0.0,0.0,45.0,17.4,0.0,0.0,0.0,120.0,18.13,0.91,0.91,1.0,0.0,0.0,17.29,1.77,88.11,82.37,100.0,100.0
2018-01-03 09:43:00,0,2,24.78,72.0,68.0,20.08,18.52,24.78,0.0,0.0,0.0,45.0,17.45,0.0,0.0,0.0,120.0,17.88,0.91,0.91,1.0,0.0,0.0,17.38,1.56,87.59,82.18,100.0,100.0
2018-01-03 09:44:00,0,2,24.89,72.0,68.0,20.17,18.7,24.89,0.0,0.0,0.0,45.0,17.51,0.0,0.0,0.0,120.0,18.03,0.91,0.91,1.0,0.0,0.0,17.48,1.61,87.45,81.99,100.0,100.0
2018-01-03 09:45:00,0,2,24.97,72.0,68.0,20.26,18.86,24.97,0.0,0.0,0.0,45.0,17.59,0.0,0.0,0.0,120.0,18.14,0.91,0.91,1.0,0.0,0.0,17.57,1.69,87.3,81.79,100.0,100.0
2018-01-03 09:46:00,0,2,24.71,72.0,68.0,20.23,18.68,24.71,0.0,0.0,0.0,45.0,17.7,0.0,0.0,0.0,120.0,18.07,0.91,0.91,1.0,0.0,0.0,17.66,1.5,87.01,81.59,100.0,100.0
2018-01-03 09:47:00,0,2,24.98,72.0,68.0,20.39,19.04,24.98,0.0,0.0,0.0,45.0,17.76,0.0,0.0,0.0,120.0,18.44,1.14,1.14,1.0,0.0,0.0,17.75,1.47,86.96,81.38,100.0,100.0
2018-01-03 09:48:00,0,2,24.93,72.0,68.0,20.42,19.2,24.93,0.0,0.0,0.0,45.0,17.86,0.0,0.0,0.0,120.0,18.48,0.91,0.91,1.0,0.0,0.0,17.85,1.72,86.72,81.16,100.0,100.0
2018-01-03 09:49:00,0,2,24.76,72.0,68.0,20.43,18.99,24.76,0.0,0.0,0.0,45.0,17.97,0.0,0.0,0.0,120.0,18.39,0.91,0.91,1.0,0.0,0.0,17.94,1.5,86.47,80.94,100.0,100.0
2018-01-03 09:50:00,0,2,24.93,72.0,68.0,20.54,19.23,24.93,0.0,0.0,0.0,45.0,18.06,0.0,0.0,0.0,120.0,18.59,0.91,0.91,1.0,0.0,0.0,18.04,1.6,86.35,80.71,100.0,100.0
2018-01-03 09:51:00,0,2,24.83,72.0,68.0,20.58,19.13,24.83,0.0,0.0,0.0,45.0,18.16,0.0,0.0,0.0,120.0,18.59,1.14,1.14,1.0,0.0,0.0,18.13,1.35,86.13,80.48,100.0,100.0
2018-01-03 09:52:00,0,2,25.03,72.0,68.0,20.71,19.43,25.03,0.0,0.0,0.0,45.0,18.24,0.0,0.0,0.0,120.0,18.85,1.14,1.14,1.0,0.0,0.0,18.23,1.45,86.01,80.24,100.0,100.0
2018-01-03 09:53:00,0,2,25.04,72.0,68.0,20.76,19.68,25.04,0.0,0.0,0.0,45.0,18.33,0.0,0.0,0.0,120.0,18.96,0.91,0.91,1.0,0.0,0.0,18.32,1.72,85.77,80.0,100.0,100.0
2018-01-03 09:54:00,0,2,24.92,72.0,68.0,20.78,19.49,24.92,0.0,0.0,0.0,45.0,18.44,0.0,0.0,0.0,120.0,18.88,0.91,0.91,1.0,0.0,0.0,18.42,1.55,85.52,79.75,100.0,100.0
2018-01-03 09:55:00,0,2,24.85,72.0,68.0,20.83,19.41,24.85,0.0,0.0,0.0,45.0,18.56,0.0,0.0,0.0,120.0,18.97,2.35,2.35,1.0,0.0,0.0,18.51,1.35,85.3,79.5,100.0,100.0
2018-01-03 09:56:00,0,2,25.0,72.0,68.0,20.8,19.77,25.0,0.0,0.0,0.0,45.0,18.76,0.06,0.0,0.0,120.0,19.2,4.23,4.22,1.0,0.0,0.0,18.61,1.83,84.74,79.23,100.0,100.0
2018-01-03 09:57:00,0,2,25.01,72.0,68.0,20.86,19.84,25.01,0.0,0.0,0.0,45.0,18.76,0.06,0.0,0.0,120.0,19.33,39.09,39.08,1.0,0.0,0.0,18.7,1.65,84.51,78.97,100.0,100.0
2018-01-03 09:58:00,0,2,25.03,72.0,68.0,20.9,20.07,25.03,0.0,0.0,0.0,45.0,18.83,0.06,0.0,0.0,120.0,19.4,4.23,4.23,1.0,0.0,0.0,18.8,2.02,84.23,78.69,100.0,100.0
2018-01-03 09:59:00,0,2,24.95,72.0,68.0,20.94,19.99,24.95,0.0,0.0,0.0,45.0,18.92,0.06,0.0,0.0,120.0,19.37,4.22,4.22,1.0,0.0,0.0,18.9,1.93,83.97,78.41,100.0,100.0
2018-01-03 10:00:00,0,2,24.91,72.0,68.0,21.0,19.98,24.91,0.0,0.0,0.0,45.0,19.02,0.06,0.0,0.0,120.0,19.41,4.22,4.22,1.0,0.0,0.0,19.0,1.82,83.73,78.13,100.0,100.0
2018-01-03 10:01:00,0,2,24.86,72.0,68.0,21.05,19.99,24.86,0.0,0.0,0.0,45.0,19.12,0.06,0.0,0.0,120.0,19.45,4.22,4.22,1.0,0.0,0.0,19.09,1.75,83.38,77.72,100.0,100.0
2018-01-03 10:02:00,0,2,24.94,72.0,68.0,21.15,20.16,24.94,0.0,0.0,0.0,45.0,19.21,0.06,0.0,0.0,120.0,19.69,39.09,39.08,1.0,0.0,0.0,19.19,1.58,83.06,77.24,100.0,100.0
2018-01-03 10:03:00,0,2,25.05,72.0,68.0,21.23,20.43,25.05,0.0,0.0,0.0,45.0,19.3,0.06,0.0,0.0,120.0,19.79,4.22,4.22,1.0,0.0,0.0,19.29,1.96,82.66,76.75,100.0,100.0
2018-01-03 10:04:00,0,2,24.84,72.0,68.0,21.45,20.31,24.84,0.0,0.0,0.0,45.0,19.51,0.0,0.0,0.0,120.0,19.79,1.14,1.14,1.0,0.0,0.0,19.38,1.11,84.43,76.25,100.0,100.0
2018-01-03 10:05:00,0,2,25.02,72.0,68.0,21.51,20.65,25.02,0.0,0.0,0.0,45.0,19.54,0.0,0.0,0.0,120.0,20.03,0.91,0.91,1.0,0.0,0.0,19.48,1.54,82.54,75.75,100.0,100.0
2018-01-03 10:06:00,0,2,25.05,72.0,68.0,21.57,20.66,25.05,0.0,0.0,0.0,45.0,19.61,0.0,0.0,0.0,120.0,20.04,0.91,0.91,1.0,0.0,0.0,19.58,1.53,81.94,75.24,100.0,100.0
2018-01-03 10:07:00,0,2,25.01,72.0,68.0,21.62,20.84,25.01,0.0,0.0,0.0,45.0,19.7,0.0,0.0,0.0,120.0,20.18,0.91,0.91,1.0,0.0,0.0,19.68,1.61,81.47,74.72,100.0,100.0
2018-01-03 10:08:00,0,2,25.07,72.0,68.0,21.7,20.99,25.07,0.0,0.0,0.0,45.0,19.79,0.0,0.0,0.0,120.0,20.32,0.91,0.91,1.0,0.0,0.0,19.77,1.62,81.08,74.2,100.0,100.0
2018-01-03 10:09:00,0,2,24.94,72.0,68.0,21.73,20.72,24.94,0.0,0.0,0.0,45.0,19.9,0.0,0.0,0.0,120.0,20.26,1.14,1.14,1.0,0.0,0.0,19.87,1.28,80.63,73.68,100.0,100.0
2018-01-03 10:10:00,0,2,25.02,72.0,68.0,21.82,20.88,25.02,0.0,0.0,0.0,45.0,19.99,0.0,0.0,0.0,120.0,20.4,1.14,1.14,1.0,0.0,0.0,19.97,1.31,80.24,73.15,100.0,100.0
2018-01-03 10:11:00,0,2,25.1,72.0,68.0,21.91,21.12,25.1,0.0,0.0,0.0,45.0,20.08,0.0,0.0,0.0,120.0,20.62,1.14,1.14,1.0,0.0,0.0,20.07,1.36,79.84,72.62,100.0,100.0
2018-01-03 10:12:00,0,2,25.07,72.0,68.0,21.96,21.34,25.07,0.0,0.0,0.0,45.0,20.18,0.0,0.0,0.0,120.0,20.68,0.91,0.91,1.0,0.0,0.0,20.17,1.58,79.36,72.09,100.0,100.0
2018-01-03 10:13:00,0,2,24.93,72.0,68.0,21.98,21.13,24.93,0.0,0.0,0.0,45.0,20.29,0.0,0.0,0.0,120.0,20.58,0.91,0.91,1.0,0.0,0.0,20.27,1.41,78.87,71.55,100.0,100.0
2018-01-03 10:14:00,0,2,24.91,72.0,68.0,22.04,21.04,24.91,0.0,0.0,0.0,45.0,20.39,0.0,0.0,0.0,120.0,20.65,1.14,1.14,1.0,0.0,0.0,20.37,1.13,78.45,71.01,100.0,100.0
2018-01-03 10:15:00,0,2,25.07,72.0,68.0,22.16,21.31,25.07,0.0,0.0,0.0,45.0,20.48,0.0,0.0,0.0,120.0,20.89,1.14,1.14,1.0,0.0,0.0,20.47,1.21,78.08,70.46,100.0,100.0
2018-01-03 10:16:00,0,2,24.93,72.0,68.0,22.17,21.19,24.93,0.0,0.0,0.0,45.0,20.59,0.0,0.0,0.0,120.0,20.79,1.14,1.14,1.0,0.0,0.0,20.56,1.15,77.37,69.92,100.0,100.0
2018-01-03 10:17:00,0,2,25.01,72.0,68.0,22.26,21.47,25.01,0.0,0.0,0.0,45.0,20.68,0.0,0.0,0.0,120.0,20.93,0.91,0.91,1.0,0.0,0.0,20.66,1.43,76.67,69.37,100.0,100.0
2018-01-03 10:18:00,0,2,25.03,72.0,68.0,22.33,21.5,25.03,0.0,0.0,0.0,45.0,20.78,0.0,0.0,0.0,120.0,21.05,1.14,1.14,1.0,0.0,0.0,20.76,1.26,76.18,68.82,100.0,100.0
2018-01-03 10:19:00,0,2,24.98,72.0,68.0,22.38,21.49,24.98,0.0,0.0,0.0,45.0,20.88,0.0,0.0,0.0,120.0,21.12,1.14,1.14,1.0,0.0,0.0,20.86,1.23,81.16,68.27,100.0,100.0
2018-01-03 10:20:00,0,2,25.0,72.0,68.0,22.45,21.4,25.0,0.0,0.0,0.0,45.0,20.98,0.0,0.0,0.0,120.0,21.18,1.14,1.14,1.0,0.0,0.0,20.96,1.15,91.98,67.71,100.0,100.0
2018-01-03 10:21:00,0,2,25.01,72.0,68.0,22.51,21.33,25.01,0.0,0.0,0.0,45.0,21.08,0.0,0.0,0.0,120.0,21.27,1.14,1.14,1.0,0.0,0.0,21.06,1.14,100.0,67.16,100.0,100.0
2018-01-03 10:22:00,0,2,25.03,72.0,68.0,22.59,21.44,25.03,0.0,0.0,0.0,45.0,21.18,0.0,0.0,0.0,120.0,21.42,1.14,1.14,1.0,0.0,0.0,21.16,1.14,100.0,66.6,100.0,100.0
2018-01-03 10:23:00,0,2,25.05,72.0,68.0,22.66,21.61,25.05,0.0,0.0,0.0,45.0,21.27,0.0,0.0,0.0,120.0,21.58,1.14,1.14,1.0,0.0,0.0,21.26,1.22,100.0,66.05,100.0,100.0
2018-01-03 10:24:00,0,2,25.05,72.0,68.0,22.72,21.75,25.05,0.0,0.0,0.0,45.0,21.38,0.0,0.0,0.0,120.0,21.6,0.91,0.91,1.0,0.0,0.0,21.36,1.36,100.0,65.49,100.0,100.0
2018-01-03 10:25:00,0,2,25.06,72.0,68.0,22.75,21.6,25.06,0.0,0.0,0.0,45.0,21.53,0.06,0.0,0.0,120.0,21.6,39.08,39.08,1.0,0.0,0.0,21.46,1.16,100.0,64.94,100.0,100.0
2018-01-03 10:26:00,1,1,24.96,72.0,68.0,22.71,21.62,24.96,0.0,0.0,0.0,45.0,21.63,0.0,0.45,0.0,120.0,21.61,5670.72,5670.35,1.0,0.3,9.75,21.56,1.26,100.0,64.38,100.0,100.0
2018-01-03 10:27:00,1,1,25.14,72.0,68.0,22.77,22.17,25.14,0.0,0.0,0.0,45.0,21.7,0.0,0.45,0.0,120.0,21.95,5670.72,5670.35,1.0,0.3,9.75,21.66,1.54,100.0,63.82,100.0,100.0
2018-01-03 10:28:00,1,1,25.09,72.0,68.0,22.83,21.87,25.09,0.0,0.0,0.0,45.0,21.78,0.0,0.45,0.0,120.0,21.83,5670.74,5670.33,1.0,0.3,9.75,21.76,1.41,100.0,63.27,100.0,100.0
2018-01-03 10:29:00,1,1,25.02,72.0,68.0,22.87,21.9,25.02,0.0,0.0,0.0,45.0,21.87,0.0,0.45,0.0,120.0,21.88,5671.06,5670.69,1.0,0.3,9.75,21.86,1.39,98.68,62.72,100.0,100.0
2018-01-03 10:30:00,1,1,25.01,72.0,68.0,22.93,21.98,25.01,0.0,0.0,0.0,45.0,21.96,0.0,0.45,0.0,120.0,21.96,5670.72,5670.35,1.0,0.3,9.75,21.96,1.39,92.36,62.16,100.0,100.0
2018-01-03 10:31:00,1,1,25.03,72.0,68.0,23.01,22.07,25.03,0.0,0.0,0.0,45.0,22.05,0.0,0.45,0.0,120.0,22.06,5671.02,5670.65,1.0,0.3,9.75,22.06,1.39,88.79,61.61,100.0,97.74
2018-01-03 10:32:00,1,1,25.08,72.0,68.0,23.09,22.17,25.08,0.0,0.0,0.0,45.0,22.15,0.0,0.45,0.0,120.0,22.16,5670.53,5670.12,1.0,0.3,9.75,22.16,1.39,86.73,61.06,100.0,94.18
2018-01-03 10:33:00,1,1,25.15,72.0,68.0,23.18,22.27,25.15,0.0,0.0,0.0,45.0,22.25,0.0,0.45,0.0,120.0,22.26,5670.19,5669.79,1.0,0.3,9.75,22.26,1.39,85.26,60.52,100.0,92.12
2018-01-03 10:34:00,1,1,25.22,72.0,68.0,23.27,22.37,25.22,0.0,0.0,0.0,45.0,22.35,0.0,0.45,0.0,120.0,22.36,5670.16,5669.77,1.0,0.3,9.75,22.36,1.39,83.99,59.97,100.0,90.57
2018-01-03 10:35:00,1,1,25.29,72.0,68.0,23.37,22.47,25.29,0.0,0.0,0.0,45.0,22.45,0.0,0.45,0.0,120.0,22.46,5671.02,5670.65,1.0,0.3,9.75,22.47,1.39,82.79,59.43,100.0,89.2
2018-01-03 10:36:00,1,1,25.37,72.0,68.0,23.46,22.57,25.37,0.0,0.0,0.0,45.0,22.55,0.0,0.45,0.0,120.0,22.56,5670.46,5670.07,1.0,0.3,9.75,22.57,1.39,81.63,58.89,100.0,87.89
2018-01-03 10:37:00,1,1,25.45,72.0,68.0,23.55,22.67,25.45,0.0,0.0,0.0,45.0,22.65,0.0,0.44,0.0,120.0,22.66,5670.72,5670.35,1.0,0.3,9.75,22.67,1.39,80.49,58.35,100.0,86.61
2018-01-03 10:38:00,1,1,25.54,72.0,68.0,23.65,22.77,25.54,0.0,0.0,0.0,45.0,22.75,0.0,0.44,0.0,120.0,22.76,5671.06,5670.69,1.0,0.3,9.75,22.77,1.39,79.37,57.82,100.0,85.34
2018-01-03 10:39:00,1,1,25.62,72.0,68.0,23.74,22.87,25.62,0.0,0.0,0.0,45.0,22.85,0.0,0.44,0.0,120.0,22.85,5670.41,5670.0,1.0,0.3,9.75,22.87,1.39,78.26,57.29,100.0,84.1
2018-01-03 10:40:00,1,1,25.7,72.0,68.0,23.84,22.97,25.7,0.0,0.0,0.0,45.0,22.95,0.0,0.44,0.0,120.0,22.95,5670.72,5670.35,1.0,0.3,9.75,22.97,1.39,89.88,68.72,100.0,82.87
2018-01-03 10:41:00,1,1,25.79,72.0,68.0,23.93,23.07,25.79,0.0,0.0,0.0,45.0,23.05,0.0,0.44,0.0,120.0,23.05,5670.44,5670.05,1.0,0.3,9.75,23.07,1.39,91.59,93.57,100.0,81.66
2018-01-03 10:42:00,1,1,25.87,72.0,68.0,24.03,23.17,25.87,0.0,0.0,0.0,45.0,23.15,0.0,0.44,0.0,120.0,23.15,5670.26,5669.88,1.0,0.3,9.75,23.16,1.39,90.52,95.48,100.0,80.47
2018-01-03 10:43:00,1,1,25.95,72.0,68.0,24.12,23.27,25.95,0.0,0.0,0.0,45.0,23.25,0.0,0.44,0.0,120.0,23.25,5670.26,5669.86,1.0,0.3,9.75,23.26,1.39,89.11,94.31,100.0,79.29
2018-01-03 10:44:00,1,1,26.04,72.0,68.0,24.22,23.37,26.04,0.0,0.0,0.0,45.0,23.35,0.0,0.44,0.0,120.0,23.35,5670.72,5670.35,1.0,0.3,9.75,23.36,1.39,87.67,92.76,100.0,78.14
2018-01-03 10:45:00,1,1,26.12,72.0,68.0,24.31,23.47,26.12,0.0,0.0,0.0,45.0,23.45,0.0,0.44,0.0,120.0,23.45,5670.46,5670.05,1.0,0.3,9.75,23.46,1.39,86.25,91.19,100.0,77.01
2018-01-03 10:46:00,1,1,26.21,72.0,68.0,24.41,23.56,26.21,0.0,0.0,0.0,45.0,23.55,0.0,0.44,0.0,120.0,23.55,5671.02,5670.63,1.0,0.3,9.75,23.56,1.39,84.86,89.65,100.0,75.89
2018-01-03 10:47:00,1,1,26.29,72.0,68.0,24.5,23.66,26.29,0.0,0.0,0.0,45.0,23.64,0.0,0.44,0.0,120.0,23.65,5670.72,5670.35,1.0,0.3,9.75,23.66,1.39,83.5,88.14,100.0,74.8
2018-01-03 10:48:00,1,1,26.37,72.0,68.0,24.59,23.76,26.37,0.0,0.0,0.0,45.0,23.74,0.0,0.44,0.0,120.0,23.75,5670.16,5669.77,1.0,0.3,9.75,23.76,1.39,82.17,86.66,100.0,73.72
2018-01-03 10:49:00,1,1,26.46,72.0,68.0,24.69,23.86,26.46,0.0,0.0,0.0,45.0,23.84,0.0,0.43,0.0,120.0,23.85,5670.63,5670.23,1.0,0.3,9.75,23.86,1.39,80.87,85.22,100.0,72.67
2018-01-03 10:50:00,0,2,26.57,72.0,68.0,24.95,23.96,26.57,0.0,0.0,0.0,45.0,23.96,0.06,0.0,0.0,120.0,23.95,3.37,3.37,1.0,0.0,0.0,23.96,1.2,78.86,83.81,100.0,71.54
2018-01-03 10:51:00,0,2,26.73,72.0,68.0,24.99,24.07,26.73,0.0,0.0,0.0,45.0,24.07,0.06,0.0,0.0,120.0,24.06,39.08,39.08,1.0,0.0,0.0,24.06,1.18,77.81,82.44,100.0,70.29
2018-01-03 10:52:00,0,2,26.78,72.0,68.0,25.07,24.16,26.78,0.0,0.0,0.0,45.0,24.15,0.06,0.0,0.0,120.0,24.15,39.08,39.08,1.0,0.0,0.0,24.16,1.17,76.67,81.09,100.0,69.37
2018-01-03 10:53:00,0,2,26.83,72.0,68.0,25.15,24.25,26.83,0.0,0.0,0.0,45.0,24.24,0.06,0.0,0.0,120.0,24.24,39.08,39.08,1.0,0.0,0.0,24.25,1.17,75.54,79.78,100.0,68.49
2018-01-03 10:54:00,0,2,26.9,72.0,68.0,25.24,24.35,26.9,0.0,0.0,0.0,45.0,24.33,0.06,0.0,0.0,120.0,24.34,39.08,39.08,1.0,0.0,0.0,24.35,1.17,74.42,78.51,100.0,67.6
2018-01-03 10:55:00,0,2,26.97,72.0,68.0,25.32,24.45,26.97,0.0,0.0,0.0,45.0,24.43,0.06,0.0,0.0,120.0,24.44,39.09,39.08,1.0,0.0,0.0,24.45,1.17,73.31,77.26,100.0,66.71
2018-01-03 10:56:00,0,2,27.05,72.0,68.0,25.42,24.55,27.05,0.0,0.0,0.0,45.0,24.53,0.06,0.0,0.0,120.0,24.53,39.09,39.09,1.0,0.0,0.0,24.55,1.17,72.22,76.05,100.0,65.82
2018-01-03 10:57:00,0,2,27.13,72.0,68.0,25.51,24.64,27.13,0.0,0.0,0.0,45.0,24.63,0.06,0.0,0.0,120.0,24.63,39.08,39.08,1.0,0.0,0.0,24.64,1.17,71.16,74.87,100.0,64.95
2018-01-03 10:58:00,0,2,27.21,72.0,68.0,25.6,24.74,27.21,0.0,0.0,0.0,45.0,24.72,0.06,0.0,0.0,120.0,24.73,39.09,39.08,1.0,0.0,0.0,24.74,1.17,70.12,73.72,100.0,64.09
2018-01-03 10:59:00,0,2,27.29,72.0,68.0,25.69,24.84,27.29,0.0,0.0,0.0,45.0,24.82,0.06,0.0,0.0,120.0,24.83,39.08,39.08,1.0,0.0,0.0,24.84,1.17,69.11,72.6,100.0,63.24
2018-01-03 11:00:00,0,2,27.38,72.0,68.0,25.78,24.93,27.38,0.0,0.0,0.0,45.0,24.92,0.06,0.0,0.0,120.0,24.92,39.09,39.08,1.0,0.0,0.0,24.94,1.17,68.12,71.51,100.0,62.42
2018-01-03 11:01:00,0,2,27.46,72.0,68.0,25.87,25.03,27.46,0.0,0.0,0.0,45.0,25.01,0.06,0.0,0.0,120.0,25.02,39.09,39.09,1.0,0.0,0.0,25.03,1.17,67.36,70.72,100.0,61.69
2018-01-03 11:02:00,0,2,27.54,72.0,68.0,25.96,25.12,27.54,0.0,0.0,0.0,45.0,25.1,0.06,0.0,0.0,120.0,25.11,39.09,39.08,1.0,0.0,0.0,25.12,1.17,66.77,70.11,100.0,61.15
2018-01-03 11:03:00,0,2,27.62,72.0,68.0,26.05,25.21,27.62,0.0,0.0,0.0,45.0,25.2,0.06,0.0,0.0,120.0,25.2,39.08,39.08,1.0,0.0,0.0,25.21,1.17,66.25,69.54,100.0,60.7
2018-01-03 11:04:00,0,2,27.7,72.0,68.0,26.32,25.3,27.7,0.0,0.0,0.0,45.0,25.29,0.06,0.0,0.0,120.0,25.29,-20.06,-20.06,1.0,0.0,0.0,25.3,1.17,65.15,68.99,100.0,60.3
2018-01-03 11:05:00,0,2,27.89,72.0,68.0,26.33,25.4,27.89,0.0,0.0,0.0,45.0,25.42,0.0,0.0,0.0,120.0,25.39,1.14,1.14,1.0,0.0,0.0,25.4,1.0,64.9,68.47,100.0,59.64
2018-01-03 11:06:00,0,2,27.94,72.0,68.0,26.4,25.49,27.94,0.0,0.0,0.0,45.0,25.48,0.0,0.0,0.0,120.0,25.48,1.14,1.14,1.0,0.0,0.0,25.49,0.99,64.52,67.97,100.0,59.34
2018-01-03 11:07:00,0,2,27.99,72.0,68.0,26.47,25.58,27.99,0.0,0.0,0.0,45.0,25.56,0.0,0.0,0.0,120.0,25.57,1.14,1.14,1.0,0.0,0.0,25.58,0.99,64.14,67.48,100.0,59.07
2018-01-03 11:08:00,0,2,28.05,72.0,68.0,26.55,25.67,28.05,0.0,0.0,0.0,45.0,25.65,0.0,0.0,0.0,120.0,25.66,1.14,1.14,1.0,0.0,0.0,25.67,0.99,63.76,67.02,100.0,58.8
2018-01-03 11:09:00,0,2,28.12,72.0,68.0,26.63,25.75,28.12,0.0,0.0,0.0,45.0,25.74,0.0,0.0,0.0,120.0,25.75,1.14,1.14,1.0,0.0,0.0,25.76,0.99,63.38,66.58,100.0,58.53
2018-01-03 11:10:00,0,2,28.19,72.0,68.0,26.72,25.84,28.19,0.0,0.0,0.0,45.0,25.83,0.0,0.0,0.0,120.0,25.84,1.14,1.14,1.0,0.0,0.0,25.85,0.99,63.02,66.15,100.0,58.25
2018-01-03 11:11:00,0,2,28.26,72.0,68.0,26.8,25.93,28.26,0.0,0.0,0.0,45.0,25.92,0.0,0.0,0.0,120.0,25.92,1.14,1.14,1.0,0.0,0.0,25.94,0.99,62.66,65.74,100.0,57.98
2018-01-03 11:12:00,0,2,28.34,72.0,68.0,26.88,26.02,28.34,0.0,0.0,0.0,45.0,26.01,0.0,0.0,0.0,120.0,26.01,1.14,1.14,1.0,0.0,0.0,26.02,0.99,62.33,65.34,100.0,57.72
2018-01-03 11:13:00,0,2,28.42,72.0,68.0,26.97,26.11,28.42,0.0,0.0,0.0,45.0,26.1,0.0,0.0,0.0,120.0,26.1,1.14,1.14,1.0,0.0,0.0,26.11,0.99,62.0,64.97,100.0,57.47
2018-01-03 11:14:00,0,2,28.49,72.0,68.0,27.05,26.2,28.49,0.0,0.0,0.0,45.0,26.19,0.0,0.0,0.0,120.0,26.19,1.14,1.14,1.0,0.0,0.0,26.2,0.99,61.69,64.6,100.0,57.22
2018-01-03 11:15:00,0,2,28.57,72.0,68.0,27.14,26.29,28.57,0.0,0.0,0.0,45.0,26.27,0.0,0.0,0.0,120.0,26.28,1.14,1.14,1.0,0.0,0.0,26.29,0.99,61.39,64.26,100.0,56.99
2018-01-03 11:16:00,0,2,28.64,72.0,68.0,27.22,26.38,28.64,0.0,0.0,0.0,45.0,26.36,0.0,0.0,0.0,120.0,26.37,1.14,1.14,1.0,0.0,0.0,26.38,0.99,61.1,63.92,100.0,56.77
2018-01-03 11:17:00,0,2,28.72,72.0,68.0,27.3,26.46,28.72,0.0,0.0,0.0,45.0,26.45,0.0,0.0,0.0,120.0,26.46,1.14,1.14,1.0,0.0,0.0,26.47,0.99,60.83,63.6,100.0,56.56
2018-01-03 11:18:00,0,2,28.79,72.0,68.0,27.39,26.55,28.79,0.0,0.0,0.0,45.0,26.54,0.0,0.0,0.0,120.0,26.54,1.14,1.14,1.0,0.0,0.0,26.55,0.99,60.56,63.3,100.0,56.36
2018-01-03 11:19:00,0,2,28.87,72.0,68.0,27.47,26.64,28.87,0.0,0.0,0.0,45.0,26.62,0.0,0.0,0.0,120.0,26.63,1.14,1.14,1.0,0.0,0.0,26.64,0.99,60.31,63.01,100.0,56.17
2018-01-03 11:20:00,0,2,28.95,72.0,68.0,27.55,26.73,28.95,0.0,0.0,0.0,45.0,26.71,0.0,0.0,0.0,120.0,26.72,1.14,1.14,1.0,0.0,0.0,26.73,0.99,60.07,62.72,100.0,55.99
2018-01-03 11:21:00,0,2,29.02,72.0,68.0,27.63,26.81,29.02,0.0,0.0,0.0,45.0,26.8,0.0,0.0,0.0,120.0,26.8,1.14,1.14,1.0,0.0,0.0,26.82,0.99,59.84,62.46,100.0,55.82
2018-01-03 11:22:00,0,2,29.1,72.0,68.0,27.72,26.9,29.1,0.0,0.0,0.0,45.0,26.89,0.0,0.0,0.0,120.0,26.89,1.14,1.14,1.0,0.0,0.0,26.9,0.99,59.62,62.2,100.0,55.65
2018-01-03 11:23:00,0,2,29.17,72.0,68.0,27.8,26.99,29.17,0.0,0.0,0.0,45.0,26.97,0.0,0.0,0.0,120.0,26.98,1.14,1.14,1.0,0.0,0.0,26.99,0.99,59.41,61.95,100.0,55.5
2018-01-03 11:24:00,0,2,29.24,72.0,68.0,27.88,27.07,29.24,0.0,0.0,0.0,45.0,27.06,0.0,0.0,0.0,120.0,27.06,1.14,1.14,1.0,0.0,0.0,27.07,0.99,59.21,61.71,100.0,55.35
2018-01-03 11:25:00,0,2,29.32,72.0,68.0,27.96,27.16,29.32,0.0,0.0,0.0,45.0,27.14,0.0,0.0,0.0,120.0,27.15,1.14,1.14,1.0,0.0,0.0,27.16,0.99,59.02,61.49,100.0,55.21
2018-01-03 11:26:00,0,2,29.39,72.0,68.0,28.04,27.24,29.39,0.0,0.0,0.0,45.0,27.23,0.0,0.0,0.0,120.0,27.23,1.14,1.14,1.0,0.0,0.0,27.25,0.99,58.84,61.27,100.0,55.08
2018-01-03 11:27:00,0,2,29.47,72.0,68.0,28.12,27.33,29.47,0.0,0.0,0.0,45.0,27.31,0.0,0.0,0.0,120.0,27.32,1.14,1.14,1.0,0.0,0.0,27.33,0.99,58.67,61.06,100.0,54.95
2018-01-03 11:28:00,0,2,29.54,72.0,68.0,28.2,27.41,29.54,0.0,0.0,0.0,45.0,27.4,0.0,0.0,0.0,120.0,27.4,1.14,1.14,1.0,0.0,0.0,27.42,0.99,58.5,60.86,100.0,54.83
2018-01-03 11:29:00,0,2,29.61,72.0,68.0,28.28,27.5,29.61,0.0,0.0,0.0,45.0,27.48,0.0,0.0,0.0,120.0,27.49,1.14,1.14,1.0,0.0,0.0,27.5,0.99,58.34,60.67,100.0,54.72
2018-01-03 11:30:00,0,2,29.68,72.0,68.0,28.36,27.58,29.68,0.0,0.0,0.0,45.0,27.57,0.0,0.0,0.0,120.0,27.57,1.14,1.14,1.0,0.0,0.0,27.59,0.99,58.19,60.49,100.0,54.62
2018-01-03 11:31:00,0,2,29.76,72.0,68.0,28.44,27.67,29.76,0.0,0.0,0.0,45.0,27.65,0.0,0.0,0.0,120.0,27.66,1.14,1.14,1.0,0.0,0.0,27.67,0.99,58.04,60.31,100.0,54.52
2018-01-03 11:32:00,0,2,29.83,72.0,68.0,28.52,27.75,29.83,0.0,0.0,0.0,45.0,27.74,0.0,0.0,0.0,120.0,27.74,1.14,1.14,1.0,0.0,0.0,27.75,0.99,57.91,60.14,100.0,54.42
2018-01-03 11:33:00,0,2,29.9,72.0,68.0,28.6,27.83,29.9,0.0,0.0,0.0,45.0,27.82,0.0,0.0,0.0,120.0,27.82,1.14,1.14,1.0,0.0,0.0,27.84,0.99,57.77,59.98,100.0,54.33
2018-01-03 11:34:00,0,2,29.97,72.0,68.0,28.68,27.92,29.97,0.0,0.0,0.0,45.0,27.9,0.0,0.0,0.0,120.0,27.91,1.14,1.14,1.0,0.0,0.0,27.92,0.99,57.65,59.83,100.0,54.25
2018-01-03 11:35:00,0,2,30.05,72.0,68.0,28.76,28.0,30.05,0.0,0.0,0.0,45.0,27.99,0.0,0.0,0.0,120.0,27.99,1.14,1.14,1.0,0.0,0.0,28.0,0.99,57.53,59.68,100.0,54.17
2018-01-03 11:36:00,0,2,30.12,72.0,68.0,28.84,28.08,30.12,0.0,0.0,0.0,45.0,28.07,0.0,0.0,0.0,120.0,28.07,1.14,1.14,1.0,0.0,0.0,28.09,0.99,57.41,59.53,100.0,54.09
2018-01-03 11:37:00,0,2,30.19,72.0,68.0,28.92,28.16,30.19,0.0,0.0,0.0,45.0,28.15,0.0,0.0,0.0,120.0,28.16,1.14,1.14,1.0,0.0,0.0,28.17,0.99,57.3,59.4,100.0,54.02
2018-01-03 11:38:00,0,2,30.26,72.0,68.0,28.99,28.25,30.26,0.0,0.0,0.0,45.0,28.23,0.0,0.0,0.0,120.0,28.24,1.14,1.14,1.0,0.0,0.0,28.25,0.99,57.19,59.26,100.0,53.96
2018-01-03 11:39:00,0,2,30.33,72.0,68.0,29.07,28.33,30.33,0.0,0.0,0.0,45.0,28.31,0.0,0.0,0.0,120.0,28.32,1.14,1.14,1.0,0.0,0.0,28.33,0.99,57.09,59.13,100.0,53.89
2018-01-03 11:40:00,0,2,30.4,72.0,68.0,29.15,28.41,30.4,0.0,0.0,0.0,45.0,28.4,0.0,0.0,0.0,120.0,28.4,1.14,1.14,1.0,0.0,0.0,28.41,0.99,56.99,59.01,100.0,53.83
2018-01-03 11:41:00,0,2,30.47,72.0,68.0,29.23,28.49,30.47,0.0,0.0,0.0,45.0,28.48,0.0,0.0,0.0,120.0,28.48,1.14,1.14,1.0,0.0,0.0,28.5,0.99,56.9,58.89,100.0,53.78
2018-01-03 11:42:00,0,2,30.54,72.0,68.0,29.3,28.57,30.54,0.0,0.0,0.0,45.0,28.56,0.0,0.0,0.0,120.0,28.56,1.14,1.14,1.0,0.0,0.0,28.58,0.99,56.81,58.77,100.0,53.72
2018-01-03 11:43:00,0,2,30.61,72.0,68.0,29.38,28.65,30.61,0.0,0.0,0.0,45.0,28.64,0.0,0.0,0.0,120.0,28.64,1.14,1.14,1.0,0.0,0.0,28.66,0.99,56.72,58.66,100.0,53.67
2018-01-03 11:44:00,0,2,30.68,72.0,68.0,29.46,28.73,30.68,0.0,0.0,0.0,45.0,28.72,0.0,0.0,0.0,120.0,28.72,1.14,1.14,1.0,0.0,0.0,28.74,0.99,56.64,58.55,100.0,53.62
2018-01-03 11:45:00,0,2,30.75,72.0,68.0,29.54,28.81,30.75,0.0,0.0,0.0,45.0,28.8,0.0,0.0,0.0,120.0,28.8,1.14,1.14,1.0,0.0,0.0,28.82,0.99,56.55,58.45,100.0,53.55
2018-01-03 11:46:00,0,2,30.82,72.0,68.0,29.61,28.89,30.82,0.0,0.0,0.0,45.0,28.88,0.0,0.0,0.0,120.0,28.88,1.14,1.14,1.0,0.0,0.0,28.9,0.99,56.47,58.34,100.0,53.51
2018-01-03 11:47:00,0,2,30.89,72.0,68.0,29.69,28.97,30.89,0.0,0.0,0.0,45.0,28.96,0.0,0.0,0.0,120.0,28.96,1.14,1.14,1.0,0.0,0.0,28.98,0.99,56.39,58.24,100.0,53.48
2018-01-03 11:48:00,0,2,30.95,72.0,68.0,29.76,29.05,30.95,0.0,0.0,0.0,45.0,29.04,0.0,0.0,0.0,120.0,29.04,1.14,1.14,1.0,0.0,0.0,29.06,0.99,56.32,58.14,100.0,53.44
2018-01-03 11:49:00,0,2,31.02,72.0,68.0,29.83,29.13,31.02,0.0,0.0,0.0,45.0,29.12,0.0,0.0,0.0,120.0,29.12,1.14,1.14,1.0,0.0,0.0,29.14,0.99,56.25,58.05,100.0,53.4
2018-01-03 11:50:00,0,2,31.09,72.0,68.0,29.91,29.21,31.09,0.0,0.0,0.0,45.0,29.2,0.0,0.0,0.0,120.0,29.2,1.14,1.14,1.0,0.0,0.0,29.21,0.99,56.17,57.95,100.0,53.36
2018-01-03 11:51:00,0,2,31.15,72.0,68.0,29.98,29.29,31.15,0.0,0.0,0.0,45.0,29.27,0.0,0.0,0.0,120.0,29.28,1.14,1.14,1.0,0.0,0.0,29.29,0.99,56.1,57.86,100.0,53.33
2018-01-03 11:52:00,0,2,31.22,72.0,68.0,30.06,29.37,31.22,0.0,0.0,0.0,45.0,29.35,0.0,0.0,0.0,120.0,29.36,1.14,1.14,1.0,0.0,0.0,29.37,0.99,56.03,57.76,100.0,53.29
2018-01-03 11:53:00,0,2,31.29,72.0,68.0,30.13,29.44,31.29,0.0,0.0,0.0,45.0,29.43,0.0,0.0,0.0,120.0,29.44,1.14,1.14,1.0,0.0,0.0,29.45,0.99,55.96,57.67,100.0,53.25
2018-01-03 11:54:00,0,2,31.35,72.0,68.0,30.2,29.52,31.35,0.0,0.0,0.0,45.0,29.51,0.0,0.0,0.0,120.0,29.51,1.14,1.14,1.0,0.0,0.0,29.53,0.99,55.89,57.58,100.0,53.21
2018-01-03 11:55:00,0,2,31.42,72.0,68.0,30.28,29.6,31.42,0.0,0.0,0.0,45.0,29.59,0.0,0.0,0.0,120.0,29.59,1.14,1.14,1.0,0.0,0.0,29.6,0.99,55.82,57.49,100.0,53.17
2018-01-03 11:56:00,0,2,31.49,72.0,68.0,30.35,29.67,31.49,0.0,0.0,0.0,45.0,29.66,0.0,0.0,0.0,120.0,29.67,1.14,1.14,1.0,0.0,0.0,29.68,0.99,55.75,57.4,100.0,53.13
2018-01-03 11:57:00,0,2,31.55,72.0,68.0,30.42,29.75,31.55,0.0,0.0,0.0,45.0,29.74,0.0,0.0,0.0,120.0,29.74,1.14,1.14,1.0,0.0,0.0,29.76,0.99,55.68,57.31,100.0,53.09
2018-01-03 11:58:00,0,2,31.62,72.0,68.0,30.49,29.83,31.62,0.0,0.0,0.0,45.0,29.82,0.0,0.0,0.0,120.0,29.82,1.14,1.14,1.0,0.0,0.0,29.83,0.99,55.61,57.21,100.0,53.05
2018-01-03 11:59:00,0,2,31.68,72.0,68.0,30.57,29.9,31.68,0.0,0.0,0.0,45.0,29.89,0.0,0.0,0.0,120.0,29.9,1.14,1.14,1.0,0.0,0.0,29.91,0.99,55.54,57.12,100.0,53.01
2018-01-03 12:00:00,0,2,31.75,72.0,68.0,30.64,29.98,31.75,0.0,0.0,0.0,45.0,29.97,0.0,0.0,0.0,120.0,29.97,1.14,1.14,1.0,0.0,0.0,29.99,0.99,55.46,57.03,100.0,52.97
2018-01-03 12:01:00,0,2,31.81,72.0,68.0,30.71,30.05,31.81,0.0,0.0,0.0,45.0,30.04,0.0,0.0,0.0,120.0,30.05,1.14,1.14,1.0,0.0,0.0,30.06,0.99,55.32,56.83,100.0,52.89
2018-01-03 12:02:00,0,2,31.87,72.0,68.0,30.78,30.13,31.87,0.0,0.0,0.0,45.0,30.12,0.0,0.0,0.0,120.0,30.12,1.14,1.14,1.0,0.0,0.0,30.13,0.99,55.11,56.58,100.0,52.75
2018-01-03 12:03:00,0,2,31.94,72.0,68.0,30.85,30.2,31.94,0.0,0.0,0.0,45.0,30.19,0.0,0.0,0.0,120.0,30.2,1.14,1.14,1.0,0.0,0.0,30.21,0.99,54.88,56.32,100.0,52.56
2018-01-03 12:04:00,0,2,32.0,72.0,68.0,30.92,30.28,32.0,0.0,0.0,0.0,45.0,30.26,0.0,0.0,0.0,120.0,30.27,1.14,1.14,1.0,0.0,0.0,30.28,0.99,54.64,56.06,100.0,52.37
2018-01-03 12:05:00,0,2,32.06,72.0,68.0,30.99,30.35,32.06,0.0,0.0,0.0,45.0,30.34,0.0,0.0,0.0,120.0,30.34,1.14,1.14,1.0,0.0,0.0,30.36,0.99,54.4,55.8,100.0,52.17
2018-01-03 12:06:00,0,2,32.12,72.0,68.0,31.06,30.42,32.12,0.0,0.0,0.0,45.0,30.41,0.0,0.0,0.0,120.0,30.42,1.14,1.14,1.0,0.0,0.0,30.43,0.99,54.16,55.53,100.0,51.97
2018-01-03 12:07:00,0,2,32.18,72.0,68.0,31.12,30.5,32.18,0.0,0.0,0.0,45.0,30.48,0.0,0.0,0.0,120.0,30.49,1.14,1.14,1.0,0.0,0.0,30.5,0.99,53.93,55.27,100.0,51.77
2018-01-03 12:08:00,0,2,32.24,72.0,68.0,31.19,30.57,32.24,0.0,0.0,0.0,45.0,30.56,0.0,0.0,0.0,120.0,30.56,1.14,1.14,1.0,0.0,0.0,30.57,0.99,53.69,55.01,100.0,51.56
2018-01-03 12:09:00,0,2,32.3,72.0,68.0,31.26,30.64,32.3,0.0,0.0,0.0,45.0,30.63,0.0,0.0,0.0,120.0,30.63,1.14,1.14,1.0,0.0,0.0,30.65,0.99,53.45,54.75,100.0,51.36
2018-01-03 12:10:00,0,2,32.36,72.0,68.0,31.33,30.71,32.36,0.0,0.0,0.0,45.0,30.7,0.0,0.0,0.0,120.0,30.7,1.14,1.14,1.0,0.0,0.0,30.72,0.99,53.22,54.5,100.0,51.16
2018-01-03 12:11:00,0,2,32.42,72.0,68.0,31.39,30.78,32.42,0.0,0.0,0.0,45.0,30.77,0.0,0.0,0.0,120.0,30.78,1.14,1.14,1.0,0.0,0.0,30.79,0.99,52.98,54.24,100.0,50.95
2018-01-03 12:12:00,0,2,32.48,72.0,68.0,31.46,30.85,32.48,0.0,0.0,0.0,45.0,30.84,0.0,0.0,0.0,120.0,30.85,1.14,1.14,1.0,0.0,0.0,30.86,0.99,52.74,53.98,100.0,50.75
2018-01-03 12:13:00,0,2,32.53,72.0,68.0,31.53,30.92,32.53,0.0,0.0,0.0,45.0,30.91,0.0,0.0,0.0,120.0,30.92,1.14,1.14,1.0,0.0,0.0,30.93,0.99,52.51,53.72,100.0,50.54
2018-01-03 12:14:00,0,2,32.59,72.0,68.0,31.59,31.0,32.59,0.0,0.0,0.0,45.0,30.98,0.0,0.0,0.0,120.0,30.99,1.14,1.14,1.0,0.0,0.0,31.0,0.99,52.27,53.47,100.0,50.34
2018-01-03 12:15:00,0,2,32.65,72.0,68.0,31.66,31.07,32.65,0.0,0.0,0.0,45.0,31.05,0.0,0.0,0.0,120.0,31.06,1.14,1.14,1.0,0.0,0.0,31.07,0.99,52.03,53.21,100.0,50.14
2018-01-03 12:16:00,0,2,32.71,72.0,68.0,31.72,31.14,32.71,0.0,0.0,0.0,45.0,31.12,0.0,0.0,0.0,120.0,31.13,1.14,1.14,1.0,0.0,0.0,31.14,0.99,51.8,52.96,100.0,49.93
2018-01-03 12:17:00,0,2,32.77,72.0,68.0,31.79,31.21,32.77,0.0,0.0,0.0,45.0,31.19,0.0,0.0,0.0,120.0,31.2,1.14,1.14,1.0,0.0,0.0,31.21,0.99,51.57,52.7,100.0,49.73
2018-01-03 12:18:00,0,2,32.82,72.0,68.0,31.85,31.27,32.82,0.0,0.0,0.0,45.0,31.26,0.0,0.0,0.0,120.0,31.27,1.14,1.14,1.0,0.0,0.0,31.28,0.99,51.33,52.45,100.0,49.53
2018-01-03 12:19:00,0,2,32.88,72.0,68.0,31.92,31.34,32.88,0.0,0.0,0.0,45.0,31.33,0.0,0.0,0.0,120.0,31.34,1.14,1.14,1.0,0.0,0.0,31.35,0.99,51.1,52.2,100.0,49.32
2018-01-03 12:20:00,0,2,32.94,72.0,68.0,31.98,31.41,32.94,0.0,0.0,0.0,45.0,31.4,0.0,0.0,0.0,120.0,31.41,1.14,1.14,1.0,0.0,0.0,31.42,0.99,50.87,51.95,100.0,49.12
2018-01-03 12:21:00,1,1,33.04,72.0,68.0,32.0,31.49,33.04,0.0,0.0,0.0,45.0,31.5,0.0,0.37,0.0,120.0,31.48,5671.08,5670.69,1.0,0.3,9.75,31.49,1.4,50.73,51.7,100.0,48.87
2018-01-03 12:22:00,1,1,33.09,72.0,68.0,32.05,31.56,33.09,0.0,0.0,0.0,45.0,31.55,0.0,0.37,0.0,120.0,31.55,5670.71,5670.33,1.0,0.3,9.75,31.56,1.39,50.52,51.45,100.0,48.65
2018-01-03 12:23:00,1,1,33.13,72.0,68.0,32.1,31.62,33.13,0.0,0.0,0.0,45.0,31.61,0.0,0.36,0.0,120.0,31.61,5671.01,5670.63,1.0,0.3,9.75,31.62,1.39,50.3,51.2,100.0,48.46
2018-01-03 12:24:00,1,1,33.17,72.0,68.0,32.16,31.69,33.17,0.0,0.0,0.0,45.0,31.68,0.0,0.36,0.0,120.0,31.68,5670.44,5670.05,1.0,0.3,9.75,31.69,1.39,50.08,50.95,100.0,48.28
2018-01-03 12:25:00,1,1,33.22,72.0,68.0,32.22,31.76,33.22,0.0,0.0,0.0,45.0,31.74,0.0,0.36,0.0,120.0,31.75,5670.72,5670.35,1.0,0.3,9.75,31.76,1.39,49.85,50.71,100.0,48.09
2018-01-03 12:26:00,1,1,33.27,72.0,68.0,32.29,31.82,33.27,0.0,0.0,0.0,45.0,31.81,0.0,0.36,0.0,120.0,31.81,5670.85,5670.48,1.0,0.3,9.75,31.83,1.39,49.63,50.46,100.0,47.9
2018-01-03 12:27:00,1,1,33.32,72.0,68.0,32.35,31.89,33.32,0.0,0.0,0.0,45.0,31.88,0.0,0.36,0.0,120.0,31.88,5671.08,5670.71,1.0,0.3,9.75,31.89,1.39,49.4,50.22,100.0,47.71
2018-01-03 12:28:00,1,1,33.37,72.0,68.0,32.41,31.96,33.37,0.0,0.0,0.0,45.0,31.94,0.0,0.36,0.0,120.0,31.95,5671.08,5670.71,1.0,0.3,9.75,31.96,1.39,49.17,49.98,100.0,47.51
2018-01-03 12:29:00,1,1,33.43,72.0,68.0,32.47,32.02,33.43,0.0,0.0,0.0,45.0,32.01,0.0,0.36,0.0,120.0,32.01,5670.63,5670.23,1.0,0.3,9.75,32.03,1.39,48.95,49.74,100.0,47.31
2018-01-03 12:30:00,1,1,33.48,72.0,68.0,32.54,32.09,33.48,0.0,0.0,0.0,45.0,32.07,0.0,0.36,0.0,120.0,32.08,5670.51,5670.11,1.0,0.3,9.75,32.09,1.39,48.72,49.5,100.0,47.11
2018-01-03 12:31:00,1,1,33.53,72.0,68.0,32.6,32.15,33.53,0.0,0.0,0.0,45.0,32.14,0.0,0.36,0.0,120.0,32.14,5670.46,5670.07,1.0,0.3,9.75,32.16,1.39,48.5,49.26,100.0,46.92
2018-01-03 12:32:00,1,1,33.59,72.0,68.0,32.66,32.22,33.59,0.0,0.0,0.0,45.0,32.21,0.0,0.36,0.0,120.0,32.21,5670.51,5670.11,1.0,0.3,9.75,32.22,1.39,48.27,49.02,100.0,46.72
2018-01-03 12:33:00,1,1,33.64,72.0,68.0,32.72,32.28,33.64,0.0,0.0,0.0,45.0,32.27,0.0,0.36,0.0,120.0,32.28,5670.32,5669.93,1.0,0.3,9.75,32.29,1.39,48.05,48.79,100.0,46.52
2018-01-03 12:34:00,0,2,33.71,72.0,68.0,32.87,32.35,33.71,0.0,0.0,0.0,45.0,32.35,0.06,0.0,0.0,120.0,32.34,3.37,3.37,1.0,0.0,0.0,32.36,1.2,47.69,48.55,100.0,46.31
2018-01-03 12:35:00,0,2,33.8,72.0,68.0,32.9,32.42,33.8,0.0,0.0,0.0,45.0,32.42,0.06,0.0,0.0,120.0,32.41,39.09,39.08,1.0,0.0,0.0,32.42,1.18,47.51,48.32,100.0,46.07
2018-01-03 12:36:00,0,2,33.83,72.0,68.0,33.06,32.48,33.83,0.0,0.0,0.0,45.0,32.47,0.06,0.0,0.0,120.0,32.47,-53.5,-53.49,1.0,0.0,0.0,32.48,1.18,47.15,48.09,100.0,45.89
2018-01-03 12:37:00,0,2,33.93,72.0,68.0,33.07,32.55,33.93,0.0,0.0,0.0,45.0,32.56,0.0,0.0,0.0,120.0,32.54,1.14,1.14,1.0,0.0,0.0,32.55,1.0,47.01,47.86,100.0,45.64
2018-01-03 12:38:00,0,2,33.96,72.0,68.0,33.11,32.61,33.96,0.0,0.0,0.0,45.0,32.6,0.0,0.0,0.0,120.0,32.6,1.14,1.14,1.0,0.0,0.0,32.61,0.99,46.81,47.63,100.0,45.47
2018-01-03 12:39:00,0,2,34.0,72.0,68.0,33.17,32.67,34.0,0.0,0.0,0.0,45.0,32.66,0.0,0.0,0.0,120.0,32.66,1.14,1.14,1.0,0.0,0.0,32.68,0.99,46.61,47.41,100.0,45.3
2018-01-03 12:40:00,0,2,34.04,72.0,68.0,33.22,32.73,34.04,0.0,0.0,0.0,45.0,32.72,0.0,0.0,0.0,120.0,32.73,1.14,1.14,1.0,0.0,0.0,32.74,0.99,46.41,47.18,100.0,45.13
2018-01-03 12:41:00,0,2,34.08,72.0,68.0,33.28,32.8,34.08,0.0,0.0,0.0,45.0,32.78,0.0,0.0,0.0,120.0,32.79,1.14,1.14,1.0,0.0,0.0,32.8,0.99,46.2,46.96,100.0,44.96
2018-01-03 12:42:00,0,2,34.13,72.0,68.0,33.33,32.86,34.13,0.0,0.0,0.0,45.0,32.85,0.0,0.0,0.0,120.0,32.85,1.14,1.14,1.0,0.0,0.0,32.87,0.99,46.0,46.74,100.0,44.78
2018-01-03 12:43:00,0,2,34.18,72.0,68.0,33.39,32.92,34.18,0.0,0.0,0.0,45.0,32.91,0.0,0.0,0.0,120.0,32.91,1.14,1.14,1.0,0.0,0.0,32.93,0.99,45.79,46.52,100.0,44.59
2018-01-03 12:44:00,0,2,34.23,72.0,68.0,33.45,32.98,34.23,0.0,0.0,0.0,45.0,32.97,0.0,0.0,0.0,120.0,32.98,1.14,1.14,1.0,0.0,0.0,32.99,0.99,45.59,46.3,100.0,44.41
2018-01-03 12:45:00,1,1,34.32,72.0,68.0,33.47,33.05,34.32,0.0,0.0,0.0,45.0,33.06,0.0,0.35,0.0,120.0,33.04,5670.21,5669.8,1.0,0.3,9.75,33.05,1.39,45.45,46.09,100.0,44.19
2018-01-03 12:46:00,1,1,34.36,72.0,68.0,33.51,33.11,34.36,0.0,0.0,0.0,45.0,33.1,0.0,0.35,0.0,120.0,33.1,5671.09,5670.71,1.0,0.3,9.75,33.11,1.39,45.26,45.87,100.0,44.0
2018-01-03 12:47:00,1,1,34.39,72.0,68.0,33.56,33.17,34.39,0.0,0.0,0.0,45.0,33.16,0.0,0.35,0.0,120.0,33.16,5670.53,5670.12,1.0,0.3,9.75,33.18,1.39,45.07,45.66,100.0,43.84
2018-01-03 12:48:00,1,1,34.43,72.0,68.0,33.62,33.23,34.43,0.0,0.0,0.0,45.0,33.22,0.0,0.35,0.0,120.0,33.22,5670.65,5670.25,1.0,0.3,9.75,33.24,1.39,44.87,45.45,100.0,43.67
2018-01-03 12:49:00,1,1,34.48,72.0,68.0,33.67,33.29,34.48,0.0,0.0,0.0,45.0,33.28,0.0,0.35,0.0,120.0,33.28,5671.04,5670.67,1.0,0.3,9.75,33.3,1.39,44.68,45.24,100.0,43.5
2018-01-03 12:50:00,1,1,34.52,72.0,68.0,33.73,33.35,34.52,0.0,0.0,0.0,45.0,33.34,0.0,0.35,0.0,120.0,33.34,5670.39,5669.98,1.0,0.3,9.75,33.36,1.39,44.48,45.04,100.0,43.33
2018-01-03 12:51:00,1,1,34.57,72.0,68.0,33.79,33.41,34.57,0.0,0.0,0.0,45.0,33.4,0.0,0.35,0.0,120.0,33.4,5670.46,5670.05,1.0,0.3,9.75,33.42,1.39,44.29,44.83,100.0,43.15
2018-01-03 12:52:00,1,1,34.62,72.0,68.0,33.84,33.47,34.62,0.0,0.0,0.0,45.0,33.46,0.0,0.35,0.0,120.0,33.46,5670.51,5670.11,1.0,0.3,9.75,33.48,1.39,44.1,44.63,100.0,42.98
2018-01-03 12:53:00,1,1,34.67,72.0,68.0,33.9,33.53,34.67,0.0,0.0,0.0,45.0,33.52,0.0,0.35,0.0,120.0,33.52,5670.42,5670.02,1.0,0.3,9.75,33.54,1.39,43.9,44.43,100.0,42.81
2018-01-03 12:54:00,1,1,34.72,72.0,68.0,33.96,33.59,34.72,0.0,0.0,0.0,45.0,33.58,0.0,0.35,0.0,120.0,33.58,5670.21,5669.82,1.0,0.3,9.75,33.6,1.39,43.71,44.23,100.0,42.64
2018-01-03 12:55:00,1,1,34.77,72.0,68.0,34.01,33.65,34.77,0.0,0.0,0.0,45.0,33.64,0.0,0.35,0.0,120.0,33.64,5670.51,5670.11,1.0,0.3,9.75,33.66,1.39,43.53,44.03,100.0,42.47
2018-01-03 12:56:00,1,1,34.82,72.0,68.0,34.07,33.71,34.82,0.0,0.0,0.0,45.0,33.7,0.0,0.35,0.0,120.0,33.7,5670.44,5670.03,1.0,0.3,9.75,33.72,1.39,43.34,43.84,100.0,42.3
2018-01-03 12:57:00,1,1,34.87,72.0,68.0,34.13,33.77,34.87,0.0,0.0,0.0,45.0,33.76,0.0,0.35,0.0,120.0,33.76,5670.41,5670.0,1.0,0.3,9.75,33.78,1.39,43.16,43.65,100.0,42.13
2018-01-03 12:58:00,1,1,34.92,72.0,68.0,34.18,33.83,34.92,0.0,0.0,0.0,45.0,33.82,0.0,0.35,0.0,120.0,33.82,5670.25,5669.84,1.0,0.3,9.75,33.84,1.39,42.98,43.46,100.0,41.97
2018-01-03 12:59:00,1,1,34.97,72.0,68.0,34.24,33.89,34.97,0.0,0.0,0.0,45.0,33.88,0.0,0.35,0.0,120.0,33.88,5670.19,5669.8,1.0,0.3,9.75,33.9,1.39,42.8,43.27,100.0,41.81
2018-01-03 13:00:00,1,1,35.01,72.0,68.0,34.29,33.95,35.01,0.0,0.0,0.0,45.0,33.93,0.0,0.34,0.0,120.0,33.94,5671.09,5670.71,1.0,0.3,9.75,33.95,1.39,42.62,43.08,100.0,41.65
2018-01-03 13:01:00,1,1,35.06,72.0,68.0,34.35,34.0,35.06,0.0,0.0,0.0,45.0,33.99,0.0,0.34,0.0,120.0,34.0,5670.33,5669.95,1.0,0.3,9.75,34.01,1.39,42.46,42.92,100.0,41.49
2018-01-03 13:02:00,1,1,35.11,72.0,68.0,34.4,34.06,35.11,0.0,0.0,0.0,45.0,34.05,0.0,0.34,0.0,120.0,34.05,5670.72,5670.35,1.0,0.3,9.75,34.07,1.39,42.32,42.78,100.0,41.36
2018-01-03 13:03:00,1,1,35.16,72.0,68.0,34.46,34.12,35.16,0.0,0.0,0.0,45.0,34.11,0.0,0.34,0.0,120.0,34.11,5671.06,5670.67,1.0,0.3,9.75,34.13,1.39,42.18,42.63,100.0,41.24
2018-01-03 13:04:00,1,1,35.21,72.0,68.0,34.51,34.18,35.21,0.0,0.0,0.0,45.0,34.17,0.0,0.34,0.0,120.0,34.17,5671.04,5670.65,1.0,0.3,9.75,34.19,1.39,42.05,42.49,100.0,41.12
2018-01-03 13:05:00,1,1,35.26,72.0,68.0,34.57,34.24,35.26,0.0,0.0,0.0,45.0,34.23,0.0,0.34,0.0,120.0,34.23,5670.33,5669.95,1.0,0.3,9.75,34.25,1.39,41.92,42.35,100.0,41.0
2018-01-03 13:06:00,1,1,35.32,72.0,68.0,34.63,34.29,35.32,0.0,0.0,0.0,45.0,34.28,0.0,0.34,0.0,120.0,34.29,5670.97,5670.6,1.0,0.3,9.75,34.3,1.39,41.79,42.21,100.0,40.89
2018-01-03 13:07:00,1,1,35.37,72.0,68.0,34.68,34.35,35.37,0.0,0.0,0.0,45.0,34.34,0.0,0.34,0.0,120.0,34.34,5670.48,5670.09,1.0,0.3,9.75,34.36,1.39,41.66,42.08,100.0,40.78
2018-01-03 13:08:00,1,1,35.42,72.0,68.0,34.74,34.41,35.42,0.0,0.0,0.0,45.0,34.4,0.0,0.34,0.0,120.0,34.4,5670.72,5670.35,1.0,0.3,9.75,34.42,1.39,41.53,41.95,100.0,40.67
2018-01-03 13:09:00,1,1,35.47,72.0,68.0,34.79,34.47,35.47,0.0,0.0,0.0,45.0,34.45,0.0,0.34,0.0,120.0,34.46,5671.01,5670.63,1.0,0.3,9.75,34.47,1.39,41.41,41.81,100.0,40.56
2018-01-03 13:10:00,1,1,35.52,72.0,68.0,34.85,34.52,35.52,0.0,0.0,0.0,45.0,34.51,0.0,0.34,0.0,120.0,34.52,5670.55,5670.16,1.0,0.3,9.75,34.53,1.39,41.29,41.68,100.0,40.45
2018-01-03 13:11:00,1,1,35.57,72.0,68.0,34.9,34.58,35.57,0.0,0.0,0.0,45.0,34.57,0.0,0.34,0.0,120.0,34.57,5670.58,5670.19,1.0,0.3,9.75,34.59,1.39,41.17,41.56,100.0,40.34
2018-01-03 13:12:00,1,1,35.62,72.0,68.0,34.96,34.64,35.62,0.0,0.0,0.0,45.0,34.62,0.0,0.34,0.0,120.0,34.63,5671.04,5670.65,1.0,0.3,9.75,34.64,1.39,41.05,41.43,100.0,40.24
2018-01-03 13:13:00,1,1,35.67,72.0,68.0,35.01,34.69,35.67,0.0,0.0,0.0,45.0,34.68,0.0,0.34,0.0,120.0,34.68,5670.72,5670.35,1.0,0.3,9.75,34.7,1.39,40.93,41.31,100.0,40.13
2018-01-03 13:14:00,1,1,35.73,72.0,68.0,35.07,34.75,35.73,0.0,0.0,0.0,45.0,34.74,0.0,0.34,0.0,120.0,34.74,5670.46,5670.05,1.0,0.3,9.75,34.76,1.39,40.81,41.18,100.0,40.02
2018-01-03 13:15:00,1,1,35.78,72.0,68.0,35.12,34.8,35.78,0.0,0.0,0.0,45.0,34.79,0.0,0.34,0.0,120.0,34.8,5670.72,5670.35,1.0,0.3,9.75,34.81,1.39,40.7,41.06,100.0,39.92
2018-01-03 13:16:00,1,1,35.82,72.0,68.0,35.17,34.86,35.82,0.0,0.0,0.0,45.0,34.85,0.0,0.34,0.0,120.0,34.85,5670.42,5670.02,1.0,0.3,9.75,34.87,1.39,40.59,40.94,100.0,39.83
2018-01-03 13:17:00,1,1,35.87,72.0,68.0,35.22,34.91,35.87,0.0,0.0,0.0,45.0,34.9,0.0,0.34,0.0,120.0,34.91,5671.08,5670.69,1.0,0.3,9.75,34.92,1.39,40.48,40.83,100.0,39.73
2018-01-03 13:18:00,1,1,35.92,72.0,68.0,35.28,34.97,35.92,0.0,0.0,0.0,45.0,34.96,0.0,0.34,0.0,120.0,34.96,5670.99,5670.6,1.0,0.3,9.75,34.98,1.39,40.37,40.71,100.0,39.64
2018-01-03 13:19:00,1,1,35.97,72.0,68.0,35.33,35.02,35.97,0.0,0.0,0.0,45.0,35.01,0.0,0.34,0.0,120.0,35.01,5670.28,5669.89,1.0,0.3,9.75,35.03,1.39,40.26,40.6,100.0,39.54
2018-01-03 13:20:00,1,1,36.02,72.0,68.0,35.38,35.08,36.02,0.0,0.0,0.0,45.0,35.07,0.0,0.33,0.0,120.0,35.07,5670.25,5669.86,1.0,0.3,9.75,35.08,1.39,40.15,40.48,100.0,39.45
2018-01-03 13:21:00,1,1,36.07,72.0,68.0,35.43,35.13,36.07,0.0,0.0,0.0,45.0,35.12,0.0,0.33,0.0,120.0,35.12,5670.42,5670.03,1.0,0.3,9.75,35.14,1.39,40.05,40.37,100.0,39.36
2018-01-03 13:22:00,1,1,36.12,72.0,68.0,35.49,35.18,36.12,0.0,0.0,0.0,45.0,35.17,0.0,0.33,0.0,120.0,35.18,5670.21,5669.8,1.0,0.3,9.75,35.19,1.39,39.94,40.26,100.0,39.27
2018-01-03 13:23:00,1,1,36.16,72.0,68.0,35.54,35.24,36.16,0.0,0.0,0.0,45.0,35.23,0.0,0.33,0.0,120.0,35.23,5670.46,5670.05,1.0,0.3,9.75,35.24,1.39,39.84,40.15,100.0,39.18
2018-01-03 13:24:00,1,1,36.21,72.0,68.0,35.59,35.29,36.21,0.0,0.0,0.0,45.0,35.28,0.0,0.33,0.0,120.0,35.28,5670.72,5670.35,1.0,0.3,9.75,35.3,1.39,39.74,40.05,100.0,39.09
2018-01-03 13:25:00,1,1,36.26,72.0,68.0,35.64,35.34,36.26,0.0,0.0,0.0,45.0,35.33,0.0,0.33,0.0,120.0,35.34,5670.85,5670.46,1.0,0.3,9.75,35.35,1.39,39.64,39.94,100.0,39.0
2018-01-03 13:26:00,1,1,36.31,72.0,68.0,35.69,35.4,36.31,0.0,0.0,0.0,45.0,35.38,0.0,0.33,0.0,120.0,35.39,5670.42,5670.02,1.0,0.3,9.75,35.4,1.39,39.54,39.84,100.0,38.92
2018-01-03 13:27:00,1,1,36.36,72.0,68.0,35.74,35.45,36.36,0.0,0.0,0.0,45.0,35.44,0.0,0.33,0.0,120.0,35.44,5670.53,5670.14,1.0,0.3,9.75,35.46,1.39,39.45,39.74,100.0,38.83
2018-01-03 13:28:00,1,1,36.41,72.0,68.0,35.79,35.5,36.41,0.0,0.0,0.0,45.0,35.49,0.0,0.33,0.0,120.0,35.49,5670.51,5670.11,1.0,0.3,9.75,35.51,1.39,39.35,39.63,100.0,38.75
2018-01-03 13:29:00,1,1,36.45,72.0,68.0,35.84,35.55,36.45,0.0,0.0,0.0,45.0,35.54,0.0,0.33,0.0,120.0,35.54,5670.56,5670.18,1.0,0.3,9.75,35.56,1.39,39.26,39.54,100.0,38.67
2018-01-03 13:30:00,1,1,36.5,72.0,68.0,35.89,35.6,36.5,0.0,0.0,0.0,45.0,35.59,0.0,0.33,0.0,120.0,35.6,5670.35,5669.95,1.0,0.3,9.75,35.61,1.39,39.17,39.44,100.0,38.58
2018-01-03 13:31:00,1,1,36.55,72.0,68.0,35.94,35.65,36.55,0.0,0.0,0.0,45.0,35.64,0.0,0.33,0.0,120.0,35.65,5670.72,5670.35,1.0,0.3,9.75,35.66,1.39,39.07,39.34,100.0,38.5
2018-01-03 13:32:00,1,1,36.59,72.0,68.0,35.99,35.7,36.59,0.0,0.0,0.0,45.0,35.69,0.0,0.33,0.0,120.0,35.7,5670.49,5670.09,1.0,0.3,9.75,35.71,1.39,38.98,39.24,100.0,38.43
2018-01-03 13:33:00,1,1,36.64,72.0,68.0,36.04,35.76,36.64,0.0,0.0,0.0,45.0,35.75,0.0,0.33,0.0,120.0,35.75,5670.49,5670.09,1.0,0.3,9.75,35.76,1.39,38.9,39.15,100.0,38.35
2018-01-03 13:34:00,1,1,36.69,72.0,68.0,36.09,35.81,36.69,0.0,0.0,0.0,45.0,35.8,0.0,0.33,0.0,120.0,35.8,5670.99,5670.62,1.0,0.3,9.75,35.81,1.39,38.81,39.06,100.0,38.27
2018-01-03 13:35:00,1,1,36.73,72.0,68.0,36.14,35.86,36.73,0.0,0.0,0.0,45.0,35.85,0.0,0.33,0.0,120.0,35.85,5670.37,5669.96,1.0,0.3,9.75,35.86,1.39,38.72,38.97,100.0,38.2
2018-01-03 13:36:00,1,1,36.78,72.0,68.0,36.19,35.91,36.78,0.0,0.0,0.0,45.0,35.9,0.0,0.33,0.0,120.0,35.9,5670.39,5670.0,1.0,0.3,9.75,35.91,1.39,38.64,38.88,100.0,38.12
2018-01-03 13:37:00,1,1,36.83,72.0,68.0,36.24,35.96,36.83,0.0,0.0,0.0,45.0,35.95,0.0,0.33,0.0,120.0,35.95,5670.56,5670.16,1.0,0.3,9.75,35.96,1.39,38.55,38.79,100.0,38.05
2018-01-03 13:38:00,1,1,36.87,72.0,68.0,36.29,36.0,36.87,0.0,0.0,0.0,45.0,35.99,0.0,0.33,0.0,120.0,36.0,5670.51,5670.11,1.0,0.3,9.75,36.01,1.39,38.47,38.7,100.0,37.97
2018-01-03 13:39:00,1,1,36.92,72.0,68.0,36.33,36.05,36.92,0.0,0.0,0.0,45.0,36.04,0.0,0.33,0.0,120.0,36.05,5671.04,5670.67,1.0,0.3,9.75,36.06,1.39,38.39,38.61,100.0,37.9
2018-01-03 13:40:00,1,1,36.96,72.0,68.0,36.38,36.1,36.96,0.0,0.0,0.0,45.0,36.09,0.0,0.32,0.0,120.0,36.1,5670.95,5670.58,1.0,0.3,9.75,36.11,1.39,38.31,38.52,100.0,37.83
2018-01-03 13:41:00,1,1,37.01,72.0,68.0,36.43,36.15,37.01,0.0,0.0,0.0,45.0,36.14,0.0,0.32,0.0,120.0,36.14,5670.72,5670.35,1.0,0.3,9.75,36.16,1.39,38.23,38.44,100.0,37.76
2018-01-03 13:42:00,1,1,37.05,72.0,68.0,36.47,36.2,37.05,0.0,0.0,0.0,45.0,36.19,0.0,0.32,0.0,120.0,36.19,5670.26,5669.86,1.0,0.3,9.75,36.21,1.39,38.15,38.36,100.0,37.7
2018-01-03 13:43:00,1,1,37.1,72.0,68.0,36.52,36.25,37.1,0.0,0.0,0.0,45.0,36.24,0.0,0.32,0.0,120.0,36.24,5670.37,5669.96,1.0,0.3,9.75,36.25,1.39,38.07,38.27,100.0,37.63
2018-01-03 13:44:00,1,1,37.14,72.0,68.0,36.57,36.29,37.14,0.0,0.0,0.0,45.0,36.28,0.0,0.32,0.0,120.0,36.29,5670.46,5670.07,1.0,0.3,9.75,36.3,1.39,37.99,38.19,100.0,37.56
2018-01-03 13:45:00,1,1,37.18,72.0,68.0,36.61,36.34,37.18,0.0,0.0,0.0,45.0,36.33,0.0,0.32,0.0,120.0,36.33,5670.56,5670.16,1.0,0.3,9.75,36.35,1.39,37.92,38.11,100.0,37.5
2018-01-03 13:46:00,1,1,37.23,72.0,68.0,36.66,36.39,37.23,0.0,0.0,0.0,45.0,36.38,0.0,0.32,0.0,120.0,36.38,5670.35,5669.96,1.0,0.3,9.75,36.39,1.39,37.84,38.03,100.0,37.43
2018-01-03 13:47:00,1,1,37.27,72.0,68.0,36.71,36.43,37.27,0.0,0.0,0.0,45.0,36.43,0.0,0.32,0.0,120.0,36.43,5670.55,5670.14,1.0,0.3,9.75,36.44,1.39,37.77,37.96,100.0,37.37
2018-01-03 13:48:00,1,1,37.31,72.0,68.0,36.75,36.48,37.31,0.0,0.0,0.0,45.0,36.47,0.0,0.32,0.0,120.0,36.47,5670.39,5669.98,1.0,0.3,9.75,36.49,1.39,37.7,37.88,100.0,37.3
2018-01-03 13:49:00,1,1,37.36,72.0,68.0,36.8,36.53,37.36,0.0,0.0,0.0,45.0,36.52,0.0,0.32,0.0,120.0,36.52,5670.72,5670.35,1.0,0.3,9.75,36.53,1.39,37.63,37.8,100.0,37.24
2018-01-03 13:50:00,0,2,37.43,72.0,68.0,36.88,36.58,37.43,0.0,0.0,0.0,45.0,36.58,0.06,0.0,0.0,120.0,36.57,39.08,39.08,1.0,0.0,0.0,36.58,1.18,37.54,37.73,100.0,37.18
2018-01-03 13:51:00,0,2,37.47,72.0,68.0,36.92,36.62,37.47,0.0,0.0,0.0,45.0,36.61,0.06,0.0,0.0,120.0,36.62,39.08,39.08,1.0,0.0,0.0,36.62,1.18,37.47,37.65,100.0,37.11
2018-01-03 13:52:00,0,2,37.5,72.0,68.0,36.96,36.66,37.5,0.0,0.0,0.0,45.0,36.66,0.06,0.0,0.0,120.0,36.66,39.09,39.08,1.0,0.0,0.0,36.67,1.17,37.4,37.58,100.0,37.05
2018-01-03 13:53:00,0,2,37.53,72.0,68.0,37.0,36.71,37.53,0.0,0.0,0.0,45.0,36.7,0.06,0.0,0.0,120.0,36.7,39.09,39.08,1.0,0.0,0.0,36.71,1.17,37.33,37.51,100.0,36.99
2018-01-03 13:54:00,0,2,37.57,72.0,68.0,37.04,36.75,37.57,0.0,0.0,0.0,45.0,36.74,0.06,0.0,0.0,120.0,36.75,39.09,39.09,1.0,0.0,0.0,36.76,1.17,37.26,37.43,100.0,36.94
2018-01-03 13:55:00,0,2,37.61,72.0,68.0,37.08,36.8,37.61,0.0,0.0,0.0,45.0,36.79,0.06,0.0,0.0,120.0,36.79,39.09,39.08,1.0,0.0,0.0,36.8,1.17,37.2,37.36,100.0,36.88
2018-01-03 13:56:00,0,2,37.65,72.0,68.0,37.13,36.84,37.65,0.0,0.0,0.0,45.0,36.83,0.06,0.0,0.0,120.0,36.84,39.08,39.08,1.0,0.0,0.0,36.85,1.17,37.13,37.29,100.0,36.82
2018-01-03 13:57:00,0,2,37.69,72.0,68.0,37.17,36.88,37.69,0.0,0.0,0.0,45.0,36.88,0.06,0.0,0.0,120.0,36.88,39.08,39.08,1.0,0.0,0.0,36.89,1.17,37.07,37.23,100.0,36.77
2018-01-03 13:58:00,0,2,37.73,72.0,68.0,37.21,36.93,37.73,0.0,0.0,0.0,45.0,36.92,0.06,0.0,0.0,120.0,36.92,39.08,39.08,1.0,0.0,0.0,36.93,1.17,37.01,37.16,100.0,36.71
2018-01-03 13:59:00,0,2,37.77,72.0,68.0,37.25,36.97,37.77,0.0,0.0,0.0,45.0,36.96,0.06,0.0,0.0,120.0,36.97,39.08,39.08,1.0,0.0,0.0,36.98,1.17,36.94,37.09,100.0,36.66
2018-01-03 14:00:00,0,2,37.81,72.0,68.0,37.29,37.01,37.81,0.0,0.0,0.0,45.0,37.01,0.06,0.0,0.0,120.0,37.01,39.08,39.08,1.0,0.0,0.0,37.02,1.17,36.88,37.02,100.0,36.61
2018-01-03 14:01:00,0,2,37.85,72.0,68.0,37.34,37.06,37.85,0.0,0.0,0.0,45.0,37.05,0.06,0.0,0.0,120.0,37.05,39.08,39.08,1.0,0.0,0.0,37.07,1.17,36.82,36.95,100.0,36.55
2018-01-03 14:02:00,0,2,37.89,72.0,68.0,37.38,37.1,37.89,0.0,0.0,0.0,45.0,37.1,0.06,0.0,0.0,120.0,37.1,39.09,39.08,1.0,0.0,0.0,37.11,1.17,36.75,36.88,100.0,36.49
2018-01-03 14:03:00,0,2,37.96,72.0,68.0,37.47,37.15,37.96,0.0,0.0,0.0,45.0,37.16,0.0,0.0,0.0,120.0,37.15,1.14,1.14,1.0,0.0,0.0,37.16,1.01,36.67,36.81,100.0,36.46
2018-01-03 14:04:00,0,2,38.0,72.0,68.0,37.5,37.2,38.0,0.0,0.0,0.0,45.0,37.2,0.0,0.0,0.0,120.0,37.2,1.14,1.14,1.0,0.0,0.0,37.21,1.0,36.61,36.74,100.0,36.38
2018-01-03 14:05:00,1,1,38.04,72.0,68.0,37.52,37.25,38.04,0.0,0.0,0.0,45.0,37.25,0.0,0.31,0.0,120.0,37.24,5670.72,5670.35,1.0,0.3,9.75,37.25,1.4,36.55,36.66,100.0,36.33
2018-01-03 14:06:00,1,1,38.08,72.0,68.0,37.55,37.3,38.08,0.0,0.0,0.0,45.0,37.29,0.0,0.31,0.0,120.0,37.29,5670.65,5670.25,1.0,0.3,9.75,37.3,1.39,36.49,36.59,100.0,36.26
2018-01-03 14:07:00,1,1,38.11,72.0,68.0,37.59,37.34,38.11,0.0,0.0,0.0,45.0,37.33,0.0,0.31,0.0,120.0,37.33,5670.49,5670.09,1.0,0.3,9.75,37.34,1.39,36.42,36.53,100.0,36.19
2018-01-03 14:08:00,1,1,38.14,72.0,68.0,37.63,37.38,38.14,0.0,0.0,0.0,45.0,37.37,0.0,0.31,0.0,120.0,37.38,5670.72,5670.35,1.0,0.3,9.75,37.39,1.39,36.36,36.46,100.0,36.13
2018-01-03 14:09:00,1,1,38.17,72.0,68.0,37.67,37.43,38.17,0.0,0.0,0.0,45.0,37.42,0.0,0.31,0.0,120.0,37.42,5670.71,5670.35,1.0,0.3,9.75,37.43,1.39,36.3,36.39,100.0,36.08
2018-01-03 14:10:00,1,1,38.21,72.0,68.0,37.71,37.47,38.21,0.0,0.0,0.0,45.0,37.46,0.0,0.31,0.0,120.0,37.46,5670.46,5670.07,1.0,0.3,9.75,37.48,1.39,36.23,36.32,100.0,36.03
2018-01-03 14:11:00,1,1,38.24,72.0,68.0,37.75,37.52,38.24,0.0,0.0,0.0,45.0,37.51,0.0,0.31,0.0,120.0,37.51,5670.72,5670.35,1.0,0.3,9.75,37.52,1.39,36.17,36.26,100.0,35.98
2018-01-03 14:12:00,1,1,38.28,72.0,68.0,37.79,37.56,38.28,0.0,0.0,0.0,45.0,37.55,0.0,0.31,0.0,120.0,37.55,5670.72,5670.32,1.0,0.3,9.75,37.57,1.39,36.11,36.19,100.0,35.92
2018-01-03 14:13:00,0,2,38.33,72.0,68.0,37.88,37.6,38.33,0.0,0.0,0.0,45.0,37.6,0.06,0.0,0.0,120.0,37.6,3.37,3.37,1.0,0.0,0.0,37.61,1.2,36.04,36.13,100.0,35.88
2018-01-03 14:14:00,0,2,38.38,72.0,68.0,37.91,37.65,38.38,0.0,0.0,0.0,45.0,37.65,0.06,0.0,0.0,120.0,37.64,39.09,39.09,1.0,0.0,0.0,37.65,1.18,35.99,36.06,100.0,35.83
2018-01-03 14:15:00,0,2,38.41,72.0,68.0,37.94,37.69,38.41,0.0,0.0,0.0,45.0,37.68,0.06,0.0,0.0,120.0,37.68,39.09,39.09,1.0,0.0,0.0,37.69,1.17,35.92,36.0,100.0,35.76
2018-01-03 14:16:00,0,2,38.44,72.0,68.0,37.98,37.73,38.44,0.0,0.0,0.0,45.0,37.72,0.06,0.0,0.0,120.0,37.72,39.08,39.08,1.0,0.0,0.0,37.74,1.17,35.86,35.94,100.0,35.71
2018-01-03 14:17:00,0,2,38.47,72.0,68.0,38.02,37.77,38.47,0.0,0.0,0.0,45.0,37.76,0.06,0.0,0.0,120.0,37.77,39.08,39.08,1.0,0.0,0.0,37.78,1.17,35.81,35.88,100.0,35.66
2018-01-03 14:18:00,0,2,38.5,72.0,68.0,38.06,37.81,38.5,0.0,0.0,0.0,45.0,37.8,0.06,0.0,0.0,120.0,37.81,39.09,39.08,1.0,0.0,0.0,37.82,1.17,35.75,35.82,100.0,35.61
2018-01-03 14:19:00,0,2,38.53,72.0,68.0,38.09,37.85,38.53,0.0,0.0,0.0,45.0,37.84,0.06,0.0,0.0,120.0,37.85,39.08,39.08,1.0,0.0,0.0,37.86,1.17,35.69,35.76,100.0,35.56
2018-01-03 14:20:00,0,2,38.57,72.0,68.0,38.13,37.89,38.57,0.0,0.0,0.0,45.0,37.89,0.06,0.0,0.0,120.0,37.89,39.09,39.08,1.0,0.0,0.0,37.9,1.17,35.64,35.7,100.0,35.51
2018-01-03 14:21:00,0,2,38.6,72.0,68.0,38.17,37.93,38.6,0.0,0.0,0.0,45.0,37.93,0.06,0.0,0.0,120.0,37.93,39.09,39.08,1.0,0.0,0.0,37.94,1.17,35.58,35.64,100.0,35.46
2018-01-03 14:22:00,0,2,38.64,72.0,68.0,38.21,37.97,38.64,0.0,0.0,0.0,45.0,37.96,0.06,0.0,0.0,120.0,37.97,39.09,39.08,1.0,0.0,0.0,37.98,1.17,35.53,35.59,100.0,35.41
2018-01-03 14:23:00,0,2,38.67,72.0,68.0,38.24,38.01,38.67,0.0,0.0,0.0,45.0,38.0,0.06,0.0,0.0,120.0,38.01,39.08,39.08,1.0,0.0,0.0,38.02,1.17,35.48,35.53,100.0,35.37
2018-01-03 14:24:00,0,2,38.7,72.0,68.0,38.28,38.05,38.7,0.0,0.0,0.0,45.0,38.04,0.06,0.0,0.0,120.0,38.04,39.08,39.08,1.0,0.0,0.0,38.06,1.17,35.43,35.47,100.0,35.32
2018-01-03 14:25:00,0,2,38.73,72.0,68.0,38.31,38.09,38.73,0.0,0.0,0.0,45.0,38.08,0.06,0.0,0.0,120.0,38.08,39.09,39.09,1.0,0.0,0.0,38.09,1.17,35.37,35.42,100.0,35.27
2018-01-03 14:26:00,0,2,38.77,72.0,68.0,38.35,38.12,38.77,0.0,0.0,0.0,45.0,38.12,0.06,0.0,0.0,120.0,38.12,39.08,39.08,1.0,0.0,0.0,38.13,1.17,35.32,35.37,100.0,35.23
2018-01-03 14:27:00,0,2,38.8,72.0,68.0,38.38,38.16,38.8,0.0,0.0,0.0,45.0,38.15,0.06,0.0,0.0,120.0,38.16,39.08,39.08,1.0,0.0,0.0,38.17,1.17,35.27,35.31,100.0,35.18
2018-01-03 14:28:00,0,2,38.83,72.0,68.0,38.42,38.2,38.83,0.0,0.0,0.0,45.0,38.19,0.06,0.0,0.0,120.0,38.19,39.09,39.09,1.0,0.0,0.0,38.2,1.17,35.22,35.26,100.0,35.14
2018-01-03 14:29:00,0,2,38.86,72.0,68.0,38.45,38.23,38.86,0.0,0.0,0.0,45.0,38.23,0.06,0.0,0.0,120.0,38.23,39.08,39.08,1.0,0.0,0.0,38.24,1.17,35.18,35.21,100.0,35.1
2018-01-03 14:30:00,0,2,38.89,72.0,68.0,38.49,38.27,38.89,0.0,0.0,0.0,45.0,38.26,0.06,0.0,0.0,120.0,38.26,39.08,39.08,1.0,0.0,0.0,38.27,1.17,35.13,35.16,100.0,35.05
2018-01-03 14:31:00,0,2,38.92,72.0,68.0,38.52,38.3,38.92,0.0,0.0,0.0,45.0,38.3,0.06,0.0,0.0,120.0,38.3,39.08,39.08,1.0,0.0,0.0,38.31,1.17,35.08,35.11,100.0,35.01
2018-01-03 14:32:00,0,2,38.95,72.0,68.0,38.55,38.34,38.95,0.0,0.0,0.0,45.0,38.33,0.06,0.0,0.0,120.0,38.33,39.08,39.08,1.0,0.0,0.0,38.34,1.17,35.03,35.06,100.0,34.97
2018-01-03 14:33:00,0,2,38.98,72.0,68.0,38.58,38.37,38.98,0.0,0.0,0.0,45.0,38.36,0.06,0.0,0.0,120.0,38.37,39.09,39.08,1.0,0.0,0.0,38.37,1.17,34.99,35.01,100.0,34.93
2018-01-03 14:34:00,0,2,39.0,72.0,68.0,38.61,38.4,39.0,0.0,0.0,0.0,45.0,38.4,0.06,0.0,0.0,120.0,38.4,39.08,39.08,1.0,0.0,0.0,38.41,1.17,34.94,34.97,100.0,34.89
2018-01-03 14:35:00,0,2,39.03,72.0,68.0,38.64,38.43,39.03,0.0,0.0,0.0,45.0,38.43,0.06,0.0,0.0,120.0,38.43,39.09,39.09,1.0,0.0,0.0,38.44,1.17,34.9,34.92,100.0,34.85
2018-01-03 14:36:00,0,2,39.06,72.0,68.0,38.67,38.47,39.06,0.0,0.0,0.0,45.0,38.46,0.06,0.0,0.0,120.0,38.46,39.09,39.08,1.0,0.0,0.0,38.47,1.17,34.86,34.87,100.0,34.81
2018-01-03 14:37:00,0,2,39.09,72.0,68.0,38.7,38.5,39.09,0.0,0.0,0.0,45.0,38.49,0.06,0.0,0.0,120.0,38.49,39.08,39.08,1.0,0.0,0.0,38.5,1.17,34.81,34.83,100.0,34.77
2018-01-03 14:38:00,0,2,39.11,72.0,68.0,38.73,38.53,39.11,0.0,0.0,0.0,45.0,38.52,0.06,0.0,0.0,120.0,38.52,39.08,39.08,1.0,0.0,0.0,38.53,1.17,34.77,34.79,100.0,34.73
2018-01-03 14:39:00,0,2,39.14,72.0,68.0,38.76,38.56,39.14,0.0,0.0,0.0,45.0,38.55,0.06,0.0,0.0,120.0,38.55,39.08,39.08,1.0,0.0,0.0,38.56,1.17,34.73,34.74,100.0,34.69
2018-01-03 14:40:00,0,2,39.16,72.0,68.0,38.79,38.59,39.16,0.0,0.0,0.0,45.0,38.58,0.06,0.0,0.0,120.0,38.58,39.09,39.08,1.0,0.0,0.0,38.59,1.17,34.69,34.7,100.0,34.65
2018-01-03 14:41:00,0,2,39.19,72.0,68.0,38.81,38.61,39.19,0.0,0.0,0.0,45.0,38.61,0.06,0.0,0.0,120.0,38.61,39.09,39.09,1.0,0.0,0.0,38.62,1.17,34.65,34.66,100.0,34.62
2018-01-03 14:42:00,0,2,39.21,72.0,68.0,38.84,38.64,39.21,0.0,0.0,0.0,45.0,38.64,0.06,0.0,0.0,120.0,38.64,39.09,39.08,1.0,0.0,0.0,38.64,1.17,34.61,34.62,100.0,34.58
2018-01-03 14:43:00,0,2,39.24,72.0,68.0,38.87,38.67,39.24,0.0,0.0,0.0,45.0,38.66,0.06,0.0,0.0,120.0,38.67,39.08,39.08,1.0,0.0,0.0,38.67,1.17,34.57,34.58,100.0,34.54
2018-01-03 14:44:00,0,2,39.26,72.0,68.0,38.89,38.7,39.26,0.0,0.0,0.0,45.0,38.69,0.06,0.0,0.0,120.0,38.69,39.09,39.08,1.0,0.0,0.0,38.7,1.17,34.53,34.54,100.0,34.51
2018-01-03 14:45:00,0,2,39.28,72.0,68.0,38.92,38.72,39.28,0.0,0.0,0.0,45.0,38.72,0.06,0.0,0.0,120.0,38.72,39.08,39.08,1.0,0.0,0.0,38.72,1.17,34.5,34.5,100.0,34.48
2018-01-03 14:46:00,0,2,39.3,72.0,68.0,38.94,38.75,39.3,0.0,0.0,0.0,45.0,38.74,0.06,0.0,0.0,120.0,38.74,39.09,39.08,1.0,0.0,0.0,38.75,1.17,34.46,34.46,100.0,34.44
2018-01-03 14:47:00,0,2,39.32,72.0,68.0,38.96,38.77,39.32,0.0,0.0,0.0,45.0,38.77,0.06,0.0,0.0,120.0,38.77,39.09,39.08,1.0,0.0,0.0,38.77,1.17,34.43,34.43,100.0,34.41
2018-01-03 14:48:00,0,2,39.34,72.0,68.0,38.98,38.79,39.34,0.0,0.0,0.0,45.0,38.79,0.06,0.0,0.0,120.0,38.79,39.08,39.08,1.0,0.0,0.0,38.79,1.17,34.39,34.39,100.0,34.38
2018-01-03 14:49:00,0,2,39.36,72.0,68.0,39.01,38.82,39.36,0.0,0.0,0.0,45.0,38.81,0.06,0.0,0.0,120.0,38.81,39.08,39.08,1.0,0.0,0.0,38.82,1.17,34.36,34.35,100.0,34.35
2018-01-03 14:50:00,0,2,39.38,72.0,68.0,39.03,38.84,39.38,0.0,0.0,0.0,45.0,38.84,0.06,0.0,0.0,120.0,38.84,39.09,39.09,1.0,0.0,0.0,38.84,1.17,34.32,34.32,100.0,34.32
2018-01-03 14:51:00,0,2,39.4,72.0,68.0,39.05,38.86,39.4,0.0,0.0,0.0,45.0,38.86,0.06,0.0,0.0,120.0,38.86,39.09,39.09,1.0,0.0,0.0,38.86,1.17,34.29,34.29,100.0,34.29
2018-01-03 14:52:00,0,2,39.42,72.0,68.0,39.07,38.88,39.42,0.0,0.0,0.0,45.0,38.88,0.06,0.0,0.0,120.0,38.88,39.08,39.08,1.0,0.0,0.0,38.88,1.17,34.26,34.25,100.0,34.26
2018-01-03 14:53:00,0,2,39.43,72.0,68.0,39.08,38.9,39.43,0.0,0.0,0.0,45.0,38.9,0.06,0.0,0.0,120.0,38.9,39.09,39.09,1.0,0.0,0.0,38.9,1.17,34.23,34.22,100.0,34.23
2018-01-03 14:54:00,0,2,39.45,72.0,68.0,39.1,38.92,39.45,0.0,0.0,0.0,45.0,38.92,0.06,0.0,0.0,120.0,38.92,39.09,39.09,1.0,0.0,0.0,38.92,1.17,34.2,34.19,100.0,34.2
2018-01-03 14:55:00,0,2,39.47,72.0,68.0,39.12,38.94,39.47,0.0,0.0,0.0,45.0,38.93,0.06,0.0,0.0,120.0,38.94,39.08,39.08,1.0,0.0,0.0,38.94,1.17,34.17,34.16,100.0,34.17
2018-01-03 14:56:00,0,2,39.48,72.0,68.0,39.14,38.96,39.48,0.0,0.0,0.0,45.0,38.95,0.06,0.0,0.0,120.0,38.95,39.08,39.08,1.0,0.0,0.0,38.95,1.17,34.14,34.13,100.0,34.14
2018-01-03 14:57:00,0,2,39.5,72.0,68.0,39.15,38.97,39.5,0.0,0.0,0.0,45.0,38.97,0.06,0.0,0.0,120.0,38.97,39.08,39.08,1.0,0.0,0.0,38.97,1.17,34.11,34.1,100.0,34.11
2018-01-03 14:58:00,0,2,39.51,72.0,68.0,39.17,38.99,39.51,0.0,0.0,0.0,45.0,38.99,0.06,0.0,0.0,120.0,38.99,39.09,39.09,1.0,0.0,0.0,38.99,1.17,34.08,34.07,100.0,34.09
2018-01-03 14:59:00,0,2,39.52,72.0,68.0,39.18,39.0,39.52,0.0,0.0,0.0,45.0,39.0,0.06,0.0,0.0,120.0,39.0,39.09,39.08,1.0,0.0,0.0,39.0,1.17,34.06,34.05,100.0,34.06
2018-01-03 15:00:00,0,2,39.54,72.0,68.0,39.19,39.02,39.54,0.0,0.0,0.0,45.0,39.01,0.06,0.0,0.0,120.0,39.02,39.08,39.08,1.0,0.0,0.0,39.01,1.17,34.03,34.02,100.0,34.04
2018-01-03 15:01:00,0,2,39.55,72.0,68.0,39.2,39.03,39.55,0.0,0.0,0.0,45.0,39.03,0.06,0.0,0.0,120.0,39.03,39.09,39.09,1.0,0.0,0.0,39.02,1.17,34.0,33.99,100.0,34.01
2018-01-03 15:02:00,0,2,39.56,72.0,68.0,39.21,39.03,39.56,0.0,0.0,0.0,45.0,39.03,0.06,0.0,0.0,120.0,39.03,39.09,39.08,1.0,0.0,0.0,39.02,1.17,33.97,33.96,100.0,33.98
2018-01-03 15:03:00,0,2,39.56,72.0,68.0,39.21,39.04,39.56,0.0,0.0,0.0,45.0,39.04,0.06,0.0,0.0,120.0,39.04,39.09,39.08,1.0,0.0,0.0,39.03,1.17,33.94,33.93,100.0,33.95
2018-01-03 15:04:00,0,2,39.57,72.0,68.0,39.22,39.04,39.57,0.0,0.0,0.0,45.0,39.04,0.06,0.0,0.0,120.0,39.04,39.09,39.08,1.0,0.0,0.0,39.03,1.17,33.92,33.91,100.0,33.92
2018-01-03 15:05:00,0,2,39.57,72.0,68.0,39.22,39.04,39.57,0.0,0.0,0.0,45.0,39.04,0.06,0.0,0.0,120.0,39.04,39.09,39.08,1.0,0.0,0.0,39.03,1.17,33.89,33.88,100.0,33.89
2018-01-03 15:06:00,0,2,39.57,72.0,68.0,39.22,39.04,39.57,0.0,0.0,0.0,45.0,39.04,0.06,0.0,0.0,120.0,39.04,39.08,39.08,1.0,0.0,0.0,39.03,1.17,33.86,33.85,100.0,33.86
2018-01-03 15:07:00,0,2,39.58,72.0,68.0,39.22,39.04,39.58,0.0,0.0,0.0,45.0,39.04,0.06,0.0,0.0,120.0,39.04,39.09,39.08,1.0,0.0,0.0,39.03,1.17,33.84,33.83,100.0,33.83
2018-01-03 15:08:00,0,2,39.58,72.0,68.0,39.22,39.04,39.58,0.0,0.0,0.0,45.0,39.04,0.06,0.0,0.0,120.0,39.04,39.09,39.08,1.0,0.0,0.0,39.03,1.17,33.81,33.8,100.0,33.81
2018-01-03 15:09:00,0,2,39.58,72.0,68.0,39.22,39.04,39.58,0.0,0.0,0.0,45.0,39.04,0.06,0.0,0.0,120.0,39.04,39.08,39.08,1.0,0.0,0.0,39.02,1.17,33.79,33.78,100.0,33.78
2018-01-03 15:10:00,0,2,39.58,72.0,68.0,39.21,39.03,39.58,0.0,0.0,0.0,45.0,39.03,0.06,0.0,0.0,120.0,39.03,39.09,39.09,1.0,0.0,0.0,39.02,1.17,33.76,33.76,100.0,33.76
2018-01-03 15:11:00,0,2,39.57,72.0,68.0,39.21,39.03,39.57,0.0,0.0,0.0,45.0,39.03,0.06,0.0,0.0,120.0,39.03,39.09,39.09,1.0,0.0,0.0,39.02,1.17,33.74,33.74,100.0,33.73
2018-01-03 15:12:00,0,2,39.57,72.0,68.0,39.21,39.02,39.57,0.0,0.0,0.0,45.0,39.03,0.06,0.0,0.0,120.0,39.02,39.08,39.08,1.0,0.0,0.0,39.01,1.17,33.72,33.72,100.0,33.71
2018-01-03 15:13:00,0,2,39.57,72.0,68.0,39.2,39.02,39.57,0.0,0.0,0.0,45.0,39.02,0.06,0.0,0.0,120.0,39.02,39.08,39.08,1.0,0.0,0.0,39.01,1.17,33.7,33.7,100.0,33.68
2018-01-03 15:14:00,0,2,39.57,72.0,68.0,39.2,39.01,39.57,0.0,0.0,0.0,45.0,39.01,0.06,0.0,0.0,120.0,39.01,39.09,39.09,1.0,0.0,0.0,39.0,1.17,33.68,33.68,100.0,33.66
2018-01-03 15:15:00,0,2,39.56,72.0,68.0,39.19,39.01,39.56,0.0,0.0,0.0,45.0,39.01,0.06,0.0,0.0,120.0,39.01,39.09,39.08,1.0,0.0,0.0,38.99,1.17,33.66,33.66,100.0,33.64
2018-01-03 15:16:00,0,2,39.56,72.0,68.0,39.18,39.0,39.56,0.0,0.0,0.0,45.0,39.0,0.06,0.0,0.0,120.0,39.0,39.08,39.08,1.0,0.0,0.0,38.98,1.17,33.64,33.64,100.0,33.62
2018-01-03 15:17:00,0,2,39.55,72.0,68.0,39.17,38.99,39.55,0.0,0.0,0.0,45.0,38.99,0.06,0.0,0.0,120.0,38.99,39.09,39.08,1.0,0.0,0.0,38.97,1.17,33.62,33.63,100.0,33.6
2018-01-03 15:18:00,0,2,39.56,72.0,68.0,39.2,38.98,39.56,0.0,0.0,0.0,45.0,38.99,0.0,0.0,0.0,120.0,38.98,0.9,0.9,1.0,0.0,0.0,38.96,1.01,33.61,33.61,100.0,33.61
2018-01-03 15:19:00,0,2,39.56,72.0,68.0,39.18,38.98,39.56,0.0,0.0,0.0,45.0,38.98,0.0,0.0,0.0,120.0,38.98,1.14,1.14,1.0,0.0,0.0,38.95,1.0,33.6,33.6,100.0,33.59
2018-01-03 15:20:00,0,2,39.55,72.0,68.0,39.17,38.96,39.55,0.0,0.0,0.0,45.0,38.97,0.0,0.0,0.0,120.0,38.96,1.14,1.14,1.0,0.0,0.0,38.94,0.99,33.58,33.58,100.0,33.55
2018-01-03 15:21:00,0,2,39.53,72.0,68.0,39.16,38.95,39.53,0.0,0.0,0.0,45.0,38.95,0.0,0.0,0.0,120.0,38.95,1.14,1.14,1.0,0.0,0.0,38.93,0.99,33.56,33.57,100.0,33.53
2018-01-03 15:22:00,0,2,39.52,72.0,68.0,39.14,38.94,39.52,0.0,0.0,0.0,45.0,38.94,0.0,0.0,0.0,120.0,38.94,1.14,1.14,1.0,0.0,0.0,38.92,0.99,33.55,33.56,100.0,33.52
2018-01-03 15:23:00,0,2,39.51,72.0,68.0,39.13,38.92,39.51,0.0,0.0,0.0,45.0,38.93,0.0,0.0,0.0,120.0,38.92,1.14,1.14,1.0,0.0,0.0,38.91,0.99,33.54,33.55,100.0,33.5
2018-01-03 15:24:00,0,2,39.5,72.0,68.0,39.12,38.91,39.5,0.0,0.0,0.0,45.0,38.91,0.0,0.0,0.0,120.0,38.91,1.14,1.14,1.0,0.0,0.0,38.89,0.99,33.53,33.54,100.0,33.49
2018-01-03 15:25:00,0,2,39.49,72.0,68.0,39.1,38.9,39.49,0.0,0.0,0.0,45.0,38.9,0.0,0.0,0.0,120.0,38.9,1.14,1.14,1.0,0.0,0.0,38.88,0.99,33.52,33.53,100.0,33.48
2018-01-03 15:26:00,0,2,39.48,72.0,68.0,39.09,38.88,39.48,0.0,0.0,0.0,45.0,38.88,0.0,0.0,0.0,120.0,38.88,1.14,1.14,1.0,0.0,0.0,38.86,0.99,33.51,33.52,100.0,33.46
2018-01-03 15:27:00,0,2,39.46,72.0,68.0,39.07,38.86,39.46,0.0,0.0,0.0,45.0,38.87,0.0,0.0,0.0,120.0,38.87,1.14,1.14,1.0,0.0,0.0,38.84,0.99,33.5,33.52,100.0,33.45
2018-01-03 15:28:00,0,2,39.45,72.0,68.0,39.06,38.85,39.45,0.0,0.0,0.0,45.0,38.85,0.0,0.0,0.0,120.0,38.85,1.14,1.14,1.0,0.0,0.0,38.83,0.99,33.49,33.51,100.0,33.44
2018-01-03 15:29:00,0,2,39.44,72.0,68.0,39.04,38.83,39.44,0.0,0.0,0.0,45.0,38.83,0.0,0.0,0.0,120.0,38.83,1.14,1.14,1.0,0.0,0.0,38.81,0.99,33.49,33.51,100.0,33.43
2018-01-03 15:30:00,0,2,39.43,72.0,68.0,39.03,38.81,39.43,0.0,0.0,0.0,45.0,38.82,0.0,0.0,0.0,120.0,38.82,1.14,1.14,1.0,0.0,0.0,38.79,0.99,33.48,33.51,100.0,33.42
2018-01-03 15:31:00,0,2,39.41,72.0,68.0,39.01,38.79,39.41,0.0,0.0,0.0,45.0,38.8,0.0,0.0,0.0,120.0,38.8,1.14,1.14,1.0,0.0,0.0,38.77,0.99,33.48,33.5,100.0,33.42
2018-01-03 15:32:00,1,1,39.42,72.0,68.0,38.97,38.78,39.42,0.0,0.0,0.0,45.0,38.79,0.0,0.3,0.0,120.0,38.78,5670.19,5669.8,1.0,0.3,9.75,38.75,1.39,33.48,33.5,100.0,33.43
2018-01-03 15:33:00,1,1,39.4,72.0,68.0,38.95,38.76,39.4,0.0,0.0,0.0,45.0,38.77,0.0,0.3,0.0,120.0,38.76,5670.25,5669.84,1.0,0.3,9.75,38.73,1.39,33.48,33.5,100.0,33.4
2018-01-03 15:34:00,0,2,39.4,72.0,68.0,38.96,38.74,39.4,0.0,0.0,0.0,45.0,38.76,0.06,0.0,0.0,120.0,38.74,39.09,39.08,1.0,0.0,0.0,38.71,1.18,33.48,33.5,100.0,33.41
2018-01-03 15:35:00,0,2,39.37,72.0,68.0,38.93,38.72,39.37,0.0,0.0,0.0,45.0,38.73,0.06,0.0,0.0,120.0,38.72,39.08,39.08,1.0,0.0,0.0,38.69,1.18,33.47,33.51,100.0,33.39
2018-01-03 15:36:00,0,2,39.35,72.0,68.0,38.9,38.69,39.35,0.0,0.0,0.0,45.0,38.7,0.06,0.0,0.0,120.0,38.7,39.08,39.08,1.0,0.0,0.0,38.67,1.17,33.47,33.51,100.0,33.38
2018-01-03 15:37:00,0,2,39.32,72.0,68.0,38.88,38.67,39.32,0.0,0.0,0.0,45.0,38.68,0.06,0.0,0.0,120.0,38.67,39.08,39.08,1.0,0.0,0.0,38.65,1.17,33.47,33.52,100.0,33.38
2018-01-03 15:38:00,0,2,39.3,72.0,68.0,38.86,38.65,39.3,0.0,0.0,0.0,45.0,38.65,0.06,0.0,0.0,120.0,38.65,39.08,39.08,1.0,0.0,0.0,38.62,1.17,33.48,33.52,100.0,33.38
2018-01-03 15:39:00,0,2,39.28,72.0,68.0,38.83,38.62,39.28,0.0,0.0,0.0,45.0,38.63,0.06,0.0,0.0,120.0,38.63,39.09,39.09,1.0,0.0,0.0,38.6,1.17,33.48,33.53,100.0,33.38
2018-01-03 15:40:00,0,2,39.26,72.0,68.0,38.81,38.6,39.26,0.0,0.0,0.0,45.0,38.6,0.06,0.0,0.0,120.0,38.6,39.08,39.08,1.0,0.0,0.0,38.57,1.17,33.49,33.54,100.0,33.38
2018-01-03 15:41:00,0,2,39.23,72.0,68.0,38.79,38.57,39.23,0.0,0.0,0.0,45.0,38.58,0.06,0.0,0.0,120.0,38.58,39.08,39.08,1.0,0.0,0.0,38.55,1.17,33.5,33.55,100.0,33.39
2018-01-03 15:42:00,0,2,39.24,72.0,68.0,38.8,38.55,39.24,0.0,0.0,0.0,45.0,38.57,0.0,0.0,0.0,120.0,38.56,1.14,1.14,1.0,0.0,0.0,38.52,1.01,33.51,33.56,100.0,33.42
2018-01-03 15:43:00,0,2,39.22,72.0,68.0,38.77,38.53,39.22,0.0,0.0,0.0,45.0,38.54,0.0,0.0,0.0,120.0,38.53,1.14,1.14,1.0,0.0,0.0,38.5,1.0,33.51,33.57,100.0,33.41
2018-01-03 15:44:00,0,2,39.19,72.0,68.0,38.74,38.5,39.19,0.0,0.0,0.0,45.0,38.5,0.0,0.0,0.0,120.0,38.5,1.14,1.14,1.0,0.0,0.0,38.47,0.99,33.52,33.58,100.0,33.4
2018-01-03 15:45:00,0,2,39.16,72.0,68.0,38.71,38.47,39.16,0.0,0.0,0.0,45.0,38.47,0.0,0.0,0.0,120.0,38.47,1.14,1.14,1.0,0.0,0.0,38.44,0.99,33.53,33.6,100.0,33.41
2018-01-03 15:46:00,0,2,39.14,72.0,68.0,38.68,38.44,39.14,0.0,0.0,0.0,45.0,38.45,0.0,0.0,0.0,120.0,38.44,1.14,1.14,1.0,0.0,0.0,38.41,0.99,33.55,33.61,100.0,33.42
2018-01-03 15:47:00,0,2,39.11,72.0,68.0,38.65,38.41,39.11,0.0,0.0,0.0,45.0,38.42,0.0,0.0,0.0,120.0,38.41,1.14,1.14,1.0,0.0,0.0,38.38,0.99,33.56,33.63,100.0,33.43
2018-01-03 15:48:00,0,2,39.09,72.0,68.0,38.63,38.38,39.09,0.0,0.0,0.0,45.0,38.39,0.0,0.0,0.0,120.0,38.39,1.14,1.14,1.0,0.0,0.0,38.35,0.99,33.58,33.65,100.0,33.44
2018-01-03 15:49:00,0,2,39.06,72.0,68.0,38.6,38.35,39.06,0.0,0.0,0.0,45.0,38.36,0.0,0.0,0.0,120.0,38.36,1.14,1.14,1.0,0.0,0.0,38.32,0.99,33.59,33.67,100.0,33.45
2018-01-03 15:50:00,0,2,39.04,72.0,68.0,38.57,38.32,39.04,0.0,0.0,0.0,45.0,38.33,0.0,0.0,0.0,120.0,38.33,1.14,1.14,1.0,0.0,0.0,38.29,0.99,33.61,33.69,100.0,33.47
2018-01-03 15:51:00,0,2,39.01,72.0,68.0,38.54,38.29,39.01,0.0,0.0,0.0,45.0,38.3,0.0,0.0,0.0,120.0,38.29,1.14,1.14,1.0,0.0,0.0,38.26,0.99,33.63,33.71,100.0,33.48
2018-01-03 15:52:00,0,2,38.98,72.0,68.0,38.51,38.26,38.98,0.0,0.0,0.0,45.0,38.27,0.0,0.0,0.0,120.0,38.26,1.14,1.14,1.0,0.0,0.0,38.23,0.99,33.65,33.74,100.0,33.5
2018-01-03 15:53:00,0,2,38.96,72.0,68.0,38.48,38.23,38.96,0.0,0.0,0.0,45.0,38.23,0.0,0.0,0.0,120.0,38.23,1.14,1.14,1.0,0.0,0.0,38.2,0.99,33.67,33.76,100.0,33.51
2018-01-03 15:54:00,0,2,38.93,72.0,68.0,38.45,38.2,38.93,0.0,0.0,0.0,45.0,38.2,0.0,0.0,0.0,120.0,38.2,1.14,1.14,1.0,0.0,0.0,38.17,0.99,33.7,33.79,100.0,33.53
2018-01-03 15:55:00,0,2,38.9,72.0,68.0,38.42,38.16,38.9,0.0,0.0,0.0,45.0,38.17,0.0,0.0,0.0,120.0,38.17,1.14,1.14,1.0,0.0,0.0,38.13,0.99,33.72,33.82,100.0,33.55
2018-01-03 15:56:00,0,2,38.88,72.0,68.0,38.39,38.13,38.88,0.0,0.0,0.0,45.0,38.14,0.0,0.0,0.0,120.0,38.13,1.14,1.14,1.0,0.0,0.0,38.1,0.99,33.75,33.85,100.0,33.57
2018-01-03 15:57:00,0,2,38.85,72.0,68.0,38.35,38.1,38.85,0.0,0.0,0.0,45.0,38.1,0.0,0.0,0.0,120.0,38.1,1.14,1.14,1.0,0.0,0.0,38.06,0.99,33.78,33.88,100.0,33.59
2018-01-03 15:58:00,0,2,38.82,72.0,68.0,38.32,38.06,38.82,0.0,0.0,0.0,45.0,38.07,0.0,0.0,0.0,120.0,38.06,1.14,1.14,1.0,0.0,0.0,38.03,0.99,33.81,33.91,100.0,33.62
2018-01-03 15:59:00,0,2,38.79,72.0,68.0,38.29,38.03,38.79,0.0,0.0,0.0,45.0,38.03,0.0,0.0,0.0,120.0,38.03,1.14,1.14,1.0,0.0,0.0,37.99,0.99,33.84,33.95,100.0,33.64
2018-01-03 16:00:00,0,2,38.76,72.0,68.0,38.26,37.99,38.76,0.0,0.0,0.0,45.0,38.0,0.0,0.0,0.0,120.0,37.99,1.14,1.14,1.0,0.0,0.0,37.96,0.99,33.87,33.99,100.0,33.67
2018-01-03 16:01:00,0,2,38.73,72.0,68.0,38.22,37.95,38.73,0.0,0.0,0.0,45.0,37.96,0.0,0.0,0.0,120.0,37.96,1.14,1.14,1.0,0.0,0.0,37.92,0.99,33.92,34.04,100.0,33.7
2018-01-03 16:02:00,0,2,38.7,72.0,68.0,38.18,37.91,38.7,0.0,0.0,0.0,45.0,37.92,0.0,0.0,0.0,120.0,37.91,1.14,1.14,1.0,0.0,0.0,37.87,0.99,33.98,34.12,100.0,33.75
2018-01-03 16:03:00,0,2,38.67,72.0,68.0,38.14,37.87,38.67,0.0,0.0,0.0,45.0,37.87,0.0,0.0,0.0,120.0,37.87,1.14,1.14,1.0,0.0,0.0,37.83,0.99,34.05,34.19,100.0,33.81
2018-01-03 16:04:00,0,2,38.63,72.0,68.0,38.1,37.82,38.63,0.0,0.0,0.0,45.0,37.83,0.0,0.0,0.0,120.0,37.83,1.14,1.14,1.0,0.0,0.0,37.78,0.99,34.12,34.27,100.0,33.87
2018-01-03 16:05:00,0,2,38.59,72.0,68.0,38.06,37.78,38.59,0.0,0.0,0.0,45.0,37.79,0.0,0.0,0.0,120.0,37.78,1.14,1.14,1.0,0.0,0.0,37.74,0.99,34.2,34.35,100.0,33.93
2018-01-03 16:06:00,0,2,38.56,72.0,68.0,38.01,37.73,38.56,0.0,0.0,0.0,45.0,37.74,0.0,0.0,0.0,120.0,37.74,1.14,1.14,1.0,0.0,0.0,37.69,0.99,34.27,34.43,100.0,34.0
2018-01-03 16:07:00,0,2,38.52,72.0,68.0,37.97,37.69,38.52,0.0,0.0,0.0,45.0,37.7,0.0,0.0,0.0,120.0,37.69,1.14,1.14,1.0,0.0,0.0,37.65,0.99,34.35,34.51,100.0,34.07
2018-01-03 16:08:00,0,2,38.48,72.0,68.0,37.93,37.64,38.48,0.0,0.0,0.0,45.0,37.65,0.0,0.0,0.0,120.0,37.65,1.14,1.14,1.0,0.0,0.0,37.6,0.99,34.43,34.6,100.0,34.14
2018-01-03 16:09:00,0,2,38.44,72.0,68.0,37.89,37.6,38.44,0.0,0.0,0.0,45.0,37.6,0.0,0.0,0.0,120.0,37.6,1.14,1.14,1.0,0.0,0.0,37.56,0.99,34.51,34.68,100.0,34.21
2018-01-03 16:10:00,0,2,38.4,72.0,68.0,37.84,37.55,38.4,0.0,0.0,0.0,45.0,37.56,0.0,0.0,0.0,120.0,37.55,1.14,1.14,1.0,0.0,0.0,37.51,0.99,34.59,34.77,100.0,34.28
2018-01-03 16:11:00,0,2,38.37,72.0,68.0,37.8,37.5,38.37,0.0,0.0,0.0,45.0,37.51,0.0,0.0,0.0,120.0,37.51,1.14,1.14,1.0,0.0,0.0,37.46,0.99,34.67,34.86,100.0,34.35
2018-01-03 16:12:00,0,2,38.33,72.0,68.0,37.76,37.46,38.33,0.0,0.0,0.0,45.0,37.46,0.0,0.0,0.0,120.0,37.46,1.14,1.14,1.0,0.0,0.0,37.41,0.99,34.76,34.95,100.0,34.43
2018-01-03 16:13:00,0,2,38.29,72.0,68.0,37.71,37.41,38.29,0.0,0.0,0.0,45.0,37.42,0.0,0.0,0.0,120.0,37.41,1.14,1.14,1.0,0.0,0.0,37.37,0.99,34.84,35.04,100.0,34.51
2018-01-03 16:14:00,0,2,38.25,72.0,68.0,37.66,37.36,38.25,0.0,0.0,0.0,45.0,37.37,0.0,0.0,0.0,120.0,37.37,1.14,1.14,1.0,0.0,0.0,37.32,0.99,34.93,35.13,100.0,34.59
2018-01-03 16:15:00,0,2,38.21,72.0,68.0,37.62,37.31,38.21,0.0,0.0,0.0,45.0,37.32,0.0,0.0,0.0,120.0,37.32,1.14,1.14,1.0,0.0,0.0,37.27,0.99,35.02,35.23,100.0,34.67
2018-01-03 16:16:00,0,2,38.16,72.0,68.0,37.57,37.26,38.16,0.0,0.0,0.0,45.0,37.27,0.0,0.0,0.0,120.0,37.27,1.14,1.14,1.0,0.0,0.0,37.22,0.99,35.11,35.32,100.0,34.75
2018-01-03 16:17:00,0,2,38.12,72.0,68.0,37.53,37.22,38.12,0.0,0.0,0.0,45.0,37.22,0.0,0.0,0.0,120.0,37.22,1.14,1.14,1.0,0.0,0.0,37.17,0.99,35.2,35.42,100.0,34.83
2018-01-03 16:18:00,0,2,38.08,72.0,68.0,37.48,37.17,38.08,0.0,0.0,0.0,45.0,37.17,0.0,0.0,0.0,120.0,37.17,1.14,1.14,1.0,0.0,0.0,37.12,0.99,35.29,35.51,100.0,34.91
2018-01-03 16:19:00,0,2,38.04,72.0,68.0,37.43,37.12,38.04,0.0,0.0,0.0,45.0,37.13,0.0,0.0,0.0,120.0,37.12,1.14,1.14,1.0,0.0,0.0,37.07,0.99,35.38,35.61,100.0,35.0
2018-01-03 16:20:00,0,2,38.0,72.0,68.0,37.39,37.07,38.0,0.0,0.0,0.0,45.0,37.08,0.0,0.0,0.0,120.0,37.07,1.14,1.14,1.0,0.0,0.0,37.03,0.99,35.48,35.71,100.0,35.08
2018-01-03 16:21:00,0,2,37.96,72.0,68.0,37.34,37.02,37.96,0.0,0.0,0.0,45.0,37.03,0.0,0.0,0.0,120.0,37.02,1.14,1.14,1.0,0.0,0.0,36.98,0.99,35.57,35.81,100.0,35.17
2018-01-03 16:22:00,0,2,37.92,72.0,68.0,37.29,36.97,37.92,0.0,0.0,0.0,45.0,36.98,0.0,0.0,0.0,120.0,36.97,1.14,1.14,1.0,0.0,0.0,36.93,0.99,35.67,35.91,100.0,35.25
2018-01-03 16:23:00,0,2,37.87,72.0,68.0,37.25,36.92,37.87,0.0,0.0,0.0,45.0,36.93,0.0,0.0,0.0,120.0,36.92,1.14,1.14,1.0,0.0,0.0,36.88,0.99,35.76,36.01,100.0,35.34
2018-01-03 16:24:00,0,2,37.83,72.0,68.0,37.2,36.87,37.83,0.0,0.0,0.0,45.0,36.88,0.0,0.0,0.0,120.0,36.87,1.14,1.14,1.0,0.0,0.0,36.83,0.99,35.86,36.12,100.0,35.43
2018-01-03 16:25:00,0,2,37.79,72.0,68.0,37.15,36.82,37.79,0.0,0.0,0.0,45.0,36.83,0.0,0.0,0.0,120.0,36.82,1.14,1.14,1.0,0.0,0.0,36.78,0.99,35.96,36.22,100.0,35.51
2018-01-03 16:26:00,0,2,37.75,72.0,68.0,37.1,36.77,37.75,0.0,0.0,0.0,45.0,36.78,0.0,0.0,0.0,120.0,36.77,1.14,1.14,1.0,0.0,0.0,36.72,0.99,36.06,36.32,100.0,35.6
2018-01-03 16:27:00,0,2,37.7,72.0,68.0,37.06,36.72,37.7,0.0,0.0,0.0,45.0,36.73,0.0,0.0,0.0,120.0,36.72,1.14,1.14,1.0,0.0,0.0,36.67,0.99,36.16,36.43,100.0,35.69
2018-01-03 16:28:00,0,2,37.66,72.0,68.0,37.01,36.67,37.66,0.0,0.0,0.0,45.0,36.68,0.0,0.0,0.0,120.0,36.67,1.14,1.14,1.0,0.0,0.0,36.62,0.99,36.26,36.53,100.0,35.78
2018-01-03 16:29:00,0,2,37.62,72.0,68.0,36.96,36.62,37.62,0.0,0.0,0.0,45.0,36.63,0.0,0.0,0.0,120.0,36.62,1.14,1.14,1.0,0.0,0.0,36.57,0.99,36.36,36.64,100.0,35.87
2018-01-03 16:30:00,0,2,37.57,72.0,68.0,36.91,36.57,37.57,0.0,0.0,0.0,45.0,36.58,0.0,0.0,0.0,120.0,36.57,1.14,1.14,1.0,0.0,0.0,36.52,0.99,36.46,36.75,100.0,35.97
2018-01-03 16:31:00,0,2,37.53,72.0,68.0,36.86,36.52,37.53,0.0,0.0,0.0,45.0,36.53,0.0,0.0,0.0,120.0,36.52,1.14,1.14,1.0,0.0,0.0,36.47,0.99,36.56,36.85,100.0,36.06
2018-01-03 16:32:00,0,2,37.49,72.0,68.0,36.82,36.47,37.49,0.0,0.0,0.0,45.0,36.48,0.0,0.0,0.0,120.0,36.47,1.14,1.14,1.0,0.0,0.0,36.42,0.99,36.66,36.96,100.0,36.15
2018-01-03 16:33:00,0,2,37.44,72.0,68.0,36.77,36.42,37.44,0.0,0.0,0.0,45.0,36.43,0.0,0.0,0.0,120.0,36.42,1.14,1.14,1.0,0.0,0.0,36.37,0.99,36.76,37.07,100.0,36.24
2018-01-03 16:34:00,0,2,37.4,72.0,68.0,36.72,36.37,37.4,0.0,0.0,0.0,45.0,36.38,0.0,0.0,0.0,120.0,36.37,1.14,1.14,1.0,0.0,0.0,36.32,0.99,36.87,37.18,100.0,36.34
2018-01-03 16:35:00,0,2,37.36,72.0,68.0,36.67,36.32,37.36,0.0,0.0,0.0,45.0,36.33,0.0,0.0,0.0,120.0,36.32,1.14,1.14,1.0,0.0,0.0,36.27,0.99,36.97,37.29,100.0,36.43
2018-01-03 16:36:00,0,2,37.31,72.0,68.0,36.63,36.27,37.31,0.0,0.0,0.0,45.0,36.28,0.0,0.0,0.0,120.0,36.27,1.14,1.14,1.0,0.0,0.0,36.22,0.99,37.07,37.4,100.0,36.52
2018-01-03 16:37:00,0,2,37.27,72.0,68.0,36.58,36.22,37.27,0.0,0.0,0.0,45.0,36.22,0.0,0.0,0.0,120.0,36.22,1.14,1.14,1.0,0.0,0.0,36.17,0.99,37.18,37.51,100.0,36.62
2018-01-03 16:38:00,0,2,37.23,72.0,68.0,36.53,36.17,37.23,0.0,0.0,0.0,45.0,36.17,0.0,0.0,0.0,120.0,36.17,1.14,1.14,1.0,0.0,0.0,36.12,0.99,37.28,37.62,100.0,36.71
2018-01-03 16:39:00,0,2,37.18,72.0,68.0,36.48,36.12,37.18,0.0,0.0,0.0,45.0,36.13,0.0,0.0,0.0,120.0,36.12,1.14,1.14,1.0,0.0,0.0,36.07,0.99,37.38,37.73,100.0,36.81
2018-01-03 16:40:00,0,2,37.14,72.0,68.0,36.44,36.07,37.14,0.0,0.0,0.0,45.0,36.08,0.0,0.0,0.0,120.0,36.07,1.14,1.14,1.0,0.0,0.0,36.02,0.99,37.49,37.84,100.0,36.9
2018-01-03 16:41:00,0,2,37.1,72.0,68.0,36.39,36.02,37.1,0.0,0.0,0.0,45.0,36.03,0.0,0.0,0.0,120.0,36.02,1.14,1.14,1.0,0.0,0.0,35.97,0.99,37.59,37.95,100.0,37.0
2018-01-03 16:42:00,0,2,37.05,72.0,68.0,36.34,35.97,37.05,0.0,0.0,0.0,45.0,35.98,0.0,0.0,0.0,120.0,35.97,1.14,1.14,1.0,0.0,0.0,35.92,0.99,37.7,38.06,100.0,37.09
2018-01-03 16:43:00,0,2,37.01,72.0,68.0,36.29,35.92,37.01,0.0,0.0,0.0,45.0,35.93,0.0,0.0,0.0,120.0,35.92,1.14,1.14,1.0,0.0,0.0,35.87,0.99,37.8,38.17,100.0,37.19
2018-01-03 16:44:00,0,2,36.97,72.0,68.0,36.25,35.87,36.97,0.0,0.0,0.0,45.0,35.88,0.0,0.0,0.0,120.0,35.87,1.14,1.14,1.0,0.0,0.0,35.82,0.99,37.9,38.28,100.0,37.28
2018-01-03 16:45:00,0,2,36.92,72.0,68.0,36.2,35.82,36.92,0.0,0.0,0.0,45.0,35.83,0.0,0.0,0.0,120.0,35.82,1.14,1.14,1.0,0.0,0.0,35.77,0.99,38.01,38.39,100.0,37.37
2018-01-03 16:46:00,0,2,36.88,72.0,68.0,36.15,35.77,36.88,0.0,0.0,0.0,45.0,35.78,0.0,0.0,0.0,120.0,35.78,1.14,1.14,1.0,0.0,0.0,35.73,0.99,38.11,38.5,100.0,37.47
2018-01-03 16:47:00,1,1,36.87,72.0,68.0,36.07,35.73,36.87,0.0,0.0,0.0,45.0,35.76,0.0,0.33,0.0,120.0,35.74,5671.08,5670.69,1.0,0.3,9.75,35.68,1.4,38.26,38.6,100.0,37.56
2018-01-03 16:48:00,1,1,36.83,72.0,68.0,36.01,35.68,36.83,0.0,0.0,0.0,45.0,35.7,0.0,0.33,0.0,120.0,35.69,5670.71,5670.33,1.0,0.3,9.75,35.63,1.39,38.37,38.71,100.0,37.63
2018-01-03 16:49:00,1,1,36.77,72.0,68.0,35.96,35.63,36.77,0.0,0.0,0.0,45.0,35.64,0.0,0.33,0.0,120.0,35.64,5671.01,5670.63,1.0,0.3,9.75,35.58,1.39,38.47,38.82,100.0,37.73
2018-01-03 16:50:00,1,1,36.72,72.0,68.0,35.91,35.58,36.72,0.0,0.0,0.0,45.0,35.59,0.0,0.33,0.0,120.0,35.59,5670.44,5670.05,1.0,0.3,9.75,35.53,1.39,38.58,38.93,100.0,37.83
2018-01-03 16:51:00,1,1,36.67,72.0,68.0,35.86,35.53,36.67,0.0,0.0,0.0,45.0,35.54,0.0,0.33,0.0,120.0,35.54,5670.72,5670.35,1.0,0.3,9.75,35.49,1.39,38.68,39.04,100.0,37.92
2018-01-03 16:52:00,1,1,36.62,72.0,68.0,35.82,35.48,36.62,0.0,0.0,0.0,45.0,35.49,0.0,0.33,0.0,120.0,35.49,5670.85,5670.48,1.0,0.3,9.75,35.44,1.39,38.78,39.14,100.0,38.02
2018-01-03 16:53:00,1,1,36.58,72.0,68.0,35.77,35.44,36.58,0.0,0.0,0.0,45.0,35.45,0.0,0.33,0.0,120.0,35.44,5671.08,5670.71,1.0,0.3,9.75,35.39,1.39,38.89,39.25,100.0,38.11
2018-01-03 16:54:00,1,1,36.54,72.0,68.0,35.73,35.39,36.54,0.0,0.0,0.0,45.0,35.4,0.0,0.33,0.0,120.0,35.4,5671.08,5670.71,1.0,0.3,9.75,35.35,1.39,38.99,39.35,100.0,38.21
2018-01-03 16:55:00,1,1,36.5,72.0,68.0,35.68,35.35,36.5,0.0,0.0,0.0,45.0,35.36,0.0,0.33,0.0,120.0,35.35,5670.63,5670.23,1.0,0.3,9.75,35.3,1.39,39.09,39.46,100.0,38.3
2018-01-03 16:56:00,1,1,36.45,72.0,68.0,35.64,35.3,36.45,0.0,0.0,0.0,45.0,35.31,0.0,0.33,0.0,120.0,35.31,5670.51,5670.11,1.0,0.3,9.75,35.26,1.39,39.18,39.56,100.0,38.39
2018-01-03 16:57:00,1,1,36.41,72.0,68.0,35.59,35.26,36.41,0.0,0.0,0.0,45.0,35.26,0.0,0.33,0.0,120.0,35.26,5670.46,5670.07,1.0,0.3,9.75,35.21,1.39,39.28,39.66,100.0,38.48
2018-01-03 16:58:00,1,1,36.37,72.0,68.0,35.55,35.21,36.37,0.0,0.0,0.0,45.0,35.22,0.0,0.33,0.0,120.0,35.22,5670.51,5670.11,1.0,0.3,9.75,35.17,1.39,39.38,39.76,100.0,38.56
2018-01-03 16:59:00,1,1,36.33,72.0,68.0,35.51,35.17,36.33,0.0,0.0,0.0,45.0,35.18,0.0,0.33,0.0,120.0,35.17,5670.32,5669.93,1.0,0.3,9.75,35.12,1.39,39.48,39.86,100.0,38.65
2018-01-03 17:00:00,0,2,36.31,72.0,68.0,35.55,35.13,36.31,0.0,0.0,0.0,45.0,35.14,0.06,0.0,0.0,120.0,35.13,3.37,3.37,1.0,0.0,0.0,35.08,1.2,39.49,39.96,100.0,38.74
2018-01-03 17:01:00,0,2,36.3,72.0,68.0,35.49,35.1,36.3,0.0,0.0,0.0,45.0,35.11,0.06,0.0,0.0,120.0,35.1,39.09,39.08,1.0,0.0,0.0,35.05,1.18,39.59,40.02,100.0,38.79
2018-01-03 17:02:00,0,2,36.25,72.0,68.0,35.55,35.07,36.25,0.0,0.0,0.0,45.0,35.07,0.06,0.0,0.0,120.0,35.07,-53.5,-53.49,1.0,0.0,0.0,35.03,1.18,39.54,40.06,100.0,38.84
2018-01-03 17:03:00,0,2,36.27,72.0,68.0,35.48,35.05,36.27,0.0,0.0,0.0,45.0,35.07,0.0,0.0,0.0,120.0,35.05,1.14,1.14,1.0,0.0,0.0,35.0,1.0,39.63,40.1,100.0,38.88
2018-01-03 17:04:00,0,2,36.22,72.0,68.0,35.44,35.02,36.22,0.0,0.0,0.0,45.0,35.03,0.0,0.0,0.0,120.0,35.02,1.14,1.14,1.0,0.0,0.0,34.98,0.99,39.67,40.13,100.0,38.91
2018-01-03 17:05:00,0,2,36.18,72.0,68.0,35.41,35.0,36.18,0.0,0.0,0.0,45.0,35.0,0.0,0.0,0.0,120.0,35.0,1.14,1.14,1.0,0.0,0.0,34.96,0.99,39.71,40.16,100.0,38.95
2018-01-03 17:06:00,0,2,36.14,72.0,68.0,35.39,34.98,36.14,0.0,0.0,0.0,45.0,34.98,0.0,0.0,0.0,120.0,34.98,1.14,1.14,1.0,0.0,0.0,34.94,0.99,39.74,40.19,100.0,39.0
2018-01-03 17:07:00,0,2,36.11,72.0,68.0,35.36,34.95,36.11,0.0,0.0,0.0,45.0,34.96,0.0,0.0,0.0,120.0,34.96,1.14,1.14,1.0,0.0,0.0,34.92,0.99,39.77,40.22,100.0,39.03
2018-01-03 17:08:00,0,2,36.09,72.0,68.0,35.34,34.94,36.09,0.0,0.0,0.0,45.0,34.94,0.0,0.0,0.0,120.0,34.94,1.14,1.14,1.0,0.0,0.0,34.9,0.99,39.8,40.25,100.0,39.06
2018-01-03 17:09:00,0,2,36.07,72.0,68.0,35.32,34.92,36.07,0.0,0.0,0.0,45.0,34.92,0.0,0.0,0.0,120.0,34.92,1.14,1.14,1.0,0.0,0.0,34.88,0.99,39.83,40.27,100.0,39.09
2018-01-03 17:10:00,0,2,36.04,72.0,68.0,35.3,34.9,36.04,0.0,0.0,0.0,45.0,34.9,0.0,0.0,0.0,120.0,34.9,1.14,1.14,1.0,0.0,0.0,34.87,0.99,39.85,40.3,100.0,39.12
2018-01-03 17:11:00,1,1,36.06,72.0,68.0,35.24,34.89,36.06,0.0,0.0,0.0,45.0,34.91,0.0,0.33,0.0,120.0,34.89,5670.21,5669.8,1.0,0.3,9.75,34.85,1.39,39.93,40.32,100.0,39.13
2018-01-03 17:12:00,1,1,36.03,72.0,68.0,35.21,34.86,36.03,0.0,0.0,0.0,45.0,34.87,0.0,0.33,0.0,120.0,34.87,5671.09,5670.71,1.0,0.3,9.75,34.83,1.39,39.95,40.34,100.0,39.13
2018-01-03 17:13:00,1,1,36.0,72.0,68.0,35.19,34.84,36.0,0.0,0.0,0.0,45.0,34.85,0.0,0.33,0.0,120.0,34.85,5670.53,5670.12,1.0,0.3,9.75,34.81,1.39,39.98,40.36,100.0,39.16
2018-01-03 17:14:00,1,1,35.97,72.0,68.0,35.17,34.82,35.97,0.0,0.0,0.0,45.0,34.83,0.0,0.33,0.0,120.0,34.83,5670.65,5670.25,1.0,0.3,9.75,34.79,1.39,40.0,40.38,100.0,39.19
2018-01-03 17:15:00,1,1,35.95,72.0,68.0,35.15,34.81,35.95,0.0,0.0,0.0,45.0,34.81,0.0,0.34,0.0,120.0,34.81,5671.04,5670.67,1.0,0.3,9.75,34.78,1.39,40.02,40.4,100.0,39.21
2018-01-03 17:16:00,1,1,35.92,72.0,68.0,35.13,34.79,35.92,0.0,0.0,0.0,45.0,34.79,0.0,0.34,0.0,120.0,34.79,5670.39,5669.98,1.0,0.3,9.75,34.76,1.39,40.04,40.42,100.0,39.23
2018-01-03 17:17:00,1,1,35.9,72.0,68.0,35.11,34.77,35.9,0.0,0.0,0.0,45.0,34.78,0.0,0.34,0.0,120.0,34.77,5670.46,5670.05,1.0,0.3,9.75,34.74,1.39,40.06,40.44,100.0,39.25
2018-01-03 17:18:00,1,1,35.88,72.0,68.0,35.1,34.76,35.88,0.0,0.0,0.0,45.0,34.76,0.0,0.34,0.0,120.0,34.76,5670.51,5670.11,1.0,0.3,9.75,34.73,1.39,40.07,40.45,100.0,39.27
2018-01-03 17:19:00,1,1,35.86,72.0,68.0,35.08,34.74,35.86,0.0,0.0,0.0,45.0,34.74,0.0,0.34,0.0,120.0,34.74,5670.42,5670.02,1.0,0.3,9.75,34.71,1.39,40.09,40.47,100.0,39.28
2018-01-03 17:20:00,1,1,35.85,72.0,68.0,35.06,34.72,35.85,0.0,0.0,0.0,45.0,34.73,0.0,0.34,0.0,120.0,34.73,5670.21,5669.82,1.0,0.3,9.75,34.69,1.39,40.11,40.49,100.0,39.3
2018-01-03 17:21:00,1,1,35.83,72.0,68.0,35.04,34.71,35.83,0.0,0.0,0.0,45.0,34.71,0.0,0.34,0.0,120.0,34.71,5670.51,5670.11,1.0,0.3,9.75,34.68,1.39,40.12,40.5,100.0,39.31
2018-01-03 17:22:00,1,1,35.81,72.0,68.0,35.03,34.69,35.81,0.0,0.0,0.0,45.0,34.69,0.0,0.34,0.0,120.0,34.69,5670.44,5670.03,1.0,0.3,9.75,34.66,1.39,40.13,40.51,100.0,39.33
2018-01-03 17:23:00,1,1,35.79,72.0,68.0,35.01,34.68,35.79,0.0,0.0,0.0,45.0,34.68,0.0,0.34,0.0,120.0,34.68,5670.41,5670.0,1.0,0.3,9.75,34.65,1.39,40.15,40.53,100.0,39.34
2018-01-03 17:24:00,1,1,35.77,72.0,68.0,35.0,34.66,35.77,0.0,0.0,0.0,45.0,34.66,0.0,0.34,0.0,120.0,34.66,5670.25,5669.84,1.0,0.3,9.75,34.63,1.39,40.16,40.54,100.0,39.35
2018-01-03 17:25:00,1,1,35.76,72.0,68.0,34.98,34.64,35.76,0.0,0.0,0.0,45.0,34.65,0.0,0.34,0.0,120.0,34.65,5670.19,5669.8,1.0,0.3,9.75,34.62,1.39,40.17,40.55,100.0,39.36
2018-01-03 17:26:00,1,1,35.74,72.0,68.0,34.96,34.63,35.74,0.0,0.0,0.0,45.0,34.63,0.0,0.34,0.0,120.0,34.63,5671.09,5670.71,1.0,0.3,9.75,34.6,1.39,40.18,40.56,100.0,39.37
2018-01-03 17:27:00,1,1,35.72,72.0,68.0,34.95,34.61,35.72,0.0,0.0,0.0,45.0,34.62,0.0,0.34,0.0,120.0,34.62,5670.33,5669.95,1.0,0.3,9.75,34.58,1.39,40.19,40.57,100.0,39.38
2018-01-03 17:28:00,1,1,35.7,72.0,68.0,34.93,34.6,35.7,0.0,0.0,0.0,45.0,34.6,0.0,0.34,0.0,120.0,34.6,5670.72,5670.35,1.0,0.3,9.75,34.57,1.39,40.2,40.58,100.0,39.39
2018-01-03 17:29:00,1,1,35.69,72.0,68.0,34.91,34.58,35.69,0.0,0.0,0.0,45.0,34.59,0.0,0.34,0.0,120.0,34.58,5671.06,5670.67,1.0,0.3,9.75,34.55,1.39,40.21,40.59,100.0,39.4
2018-01-03 17:30:00,1,1,35.67,72.0,68.0,34.9,34.57,35.67,0.0,0.0,0.0,45.0,34.57,0.0,0.34,0.0,120.0,34.57,5671.04,5670.65,1.0,0.3,9.75,34.54,1.39,40.22,40.6,100.0,39.41
2018-01-03 17:31:00,1,1,35.65,72.0,68.0,34.88,34.55,35.65,0.0,0.0,0.0,45.0,34.55,0.0,0.34,0.0,120.0,34.55,5670.33,5669.95,1.0,0.3,9.75,34.52,1.39,40.23,40.61,100.0,39.42
2018-01-03 17:32:00,1,1,35.64,72.0,68.0,34.87,34.54,35.64,0.0,0.0,0.0,45.0,34.54,0.0,0.34,0.0,120.0,34.54,5670.97,5670.6,1.0,0.3,9.75,34.51,1.39,40.24,40.62,100.0,39.42
2018-01-03 17:33:00,1,1,35.62,72.0,68.0,34.85,34.52,35.62,0.0,0.0,0.0,45.0,34.52,0.0,0.34,0.0,120.0,34.52,5670.48,5670.09,1.0,0.3,9.75,34.49,1.39,40.25,40.63,100.0,39.43
2018-01-03 17:34:00,1,1,35.6,72.0,68.0,34.83,34.5,35.6,0.0,0.0,0.0,45.0,34.51,0.0,0.34,0.0,120.0,34.51,5670.72,5670.35,1.0,0.3,9.75,34.48,1.39,40.25,40.64,100.0,39.44
2018-01-03 17:35:00,1,1,35.58,72.0,68.0,34.82,34.49,35.58,0.0,0.0,0.0,45.0,34.49,0.0,0.34,0.0,120.0,34.49,5671.01,5670.63,1.0,0.3,9.75,34.46,1.39,40.26,40.65,100.0,39.44
2018-01-03 17:36:00,1,1,35.57,72.0,68.0,34.8,34.47,35.57,0.0,0.0,0.0,45.0,34.48,0.0,0.34,0.0,120.0,34.48,5670.55,5670.16,1.0,0.3,9.75,34.45,1.39,40.27,40.66,100.0,39.45
2018-01-03 17:37:00,1,1,35.55,72.0,68.0,34.79,34.46,35.55,0.0,0.0,0.0,45.0,34.46,0.0,0.34,0.0,120.0,34.46,5670.58,5670.19,1.0,0.3,9.75,34.43,1.39,40.28,40.67,100.0,39.46
2018-01-03 17:38:00,1,1,35.53,72.0,68.0,34.77,34.44,35.53,0.0,0.0,0.0,45.0,34.45,0.0,0.34,0.0,120.0,34.44,5671.04,5670.65,1.0,0.3,9.75,34.41,1.39,40.29,40.67,100.0,39.47
2018-01-03 17:39:00,1,1,35.51,72.0,68.0,34.75,34.43,35.51,0.0,0.0,0.0,45.0,34.43,0.0,0.34,0.0,120.0,34.43,5670.72,5670.35,1.0,0.3,9.75,34.4,1.39,40.29,40.68,100.0,39.47
2018-01-03 17:40:00,1,1,35.5,72.0,68.0,34.74,34.41,35.5,0.0,0.0,0.0,45.0,34.41,0.0,0.34,0.0,120.0,34.41,5670.46,5670.05,1.0,0.3,9.75,34.38,1.39,40.3,40.69,100.0,39.47
2018-01-03 17:41:00,1,1,35.48,72.0,68.0,34.72,34.39,35.48,0.0,0.0,0.0,45.0,34.4,0.0,0.34,0.0,120.0,34.4,5670.72,5670.35,1.0,0.3,9.75,34.36,1.39,40.31,40.7,100.0,39.48
2018-01-03 17:42:00,1,1,35.46,72.0,68.0,34.7,34.38,35.46,0.0,0.0,0.0,45.0,34.38,0.0,0.34,0.0,120.0,34.38,5670.42,5670.02,1.0,0.3,9.75,34.35,1.39,40.32,40.71,100.0,39.49
2018-01-03 17:43:00,1,1,35.44,72.0,68.0,34.69,34.36,35.44,0.0,0.0,0.0,45.0,34.36,0.0,0.34,0.0,120.0,34.36,5671.08,5670.69,1.0,0.3,9.75,34.33,1.39,40.33,40.72,100.0,39.5
2018-01-03 17:44:00,1,1,35.42,72.0,68.0,34.67,34.34,35.42,0.0,0.0,0.0,45.0,34.35,0.0,0.34,0.0,120.0,34.34,5670.99,5670.6,1.0,0.3,9.75,34.31,1.39,40.34,40.73,100.0,39.51
2018-01-03 17:45:00,1,1,35.41,72.0,68.0,34.65,34.32,35.41,0.0,0.0,0.0,45.0,34.33,0.0,0.34,0.0,120.0,34.33,5670.28,5669.89,1.0,0.3,9.75,34.3,1.39,40.35,40.74,100.0,39.51
2018-01-03 17:46:00,1,1,35.39,72.0,68.0,34.63,34.31,35.39,0.0,0.0,0.0,45.0,34.31,0.0,0.34,0.0,120.0,34.31,5670.25,5669.86,1.0,0.3,9.75,34.28,1.39,40.36,40.75,100.0,39.52
2018-01-03 17:47:00,1,1,35.37,72.0,68.0,34.61,34.29,35.37,0.0,0.0,0.0,45.0,34.29,0.0,0.34,0.0,120.0,34.29,5670.42,5670.03,1.0,0.3,9.75,34.26,1.39,40.37,40.76,100.0,39.53
2018-01-03 17:48:00,1,1,35.35,72.0,68.0,34.59,34.27,35.35,0.0,0.0,0.0,45.0,34.28,0.0,0.34,0.0,120.0,34.27,5670.21,5669.8,1.0,0.3,9.75,34.24,1.39,40.38,40.78,100.0,39.54
2018-01-03 17:49:00,1,1,35.33,72.0,68.0,34.58,34.25,35.33,0.0,0.0,0.0,45.0,34.26,0.0,0.34,0.0,120.0,34.26,5670.46,5670.05,1.0,0.3,9.75,34.22,1.39,40.39,40.79,100.0,39.55
2018-01-03 17:50:00,1,1,35.31,72.0,68.0,34.56,34.23,35.31,0.0,0.0,0.0,45.0,34.24,0.0,0.34,0.0,120.0,34.24,5670.72,5670.35,1.0,0.3,9.75,34.2,1.39,40.4,40.8,100.0,39.55
2018-01-03 17:51:00,1,1,35.29,72.0,68.0,34.54,34.21,35.29,0.0,0.0,0.0,45.0,34.22,0.0,0.34,0.0,120.0,34.22,5670.85,5670.46,1.0,0.3,9.75,34.18,1.39,40.41,40.81,100.0,39.56
2018-01-03 17:52:00,1,1,35.27,72.0,68.0,34.52,34.19,35.27,0.0,0.0,0.0,45.0,34.2,0.0,0.34,0.0,120.0,34.2,5670.42,5670.02,1.0,0.3,9.75,34.17,1.39,40.43,40.83,100.0,39.57
2018-01-03 17:53:00,1,1,35.25,72.0,68.0,34.5,34.17,35.25,0.0,0.0,0.0,45.0,34.18,0.0,0.34,0.0,120.0,34.18,5670.53,5670.14,1.0,0.3,9.75,34.14,1.39,40.44,40.84,100.0,39.58
2018-01-03 17:54:00,1,1,35.23,72.0,68.0,34.48,34.15,35.23,0.0,0.0,0.0,45.0,34.16,0.0,0.34,0.0,120.0,34.16,5670.51,5670.11,1.0,0.3,9.75,34.12,1.39,40.45,40.86,100.0,39.59
2018-01-03 17:55:00,1,1,35.21,72.0,68.0,34.46,34.13,35.21,0.0,0.0,0.0,45.0,34.14,0.0,0.34,0.0,120.0,34.14,5670.56,5670.18,1.0,0.3,9.75,34.1,1.39,40.47,40.88,100.0,39.6
2018-01-03 17:56:00,1,1,35.19,72.0,68.0,34.43,34.11,35.19,0.0,0.0,0.0,45.0,34.12,0.0,0.34,0.0,120.0,34.12,5670.35,5669.95,1.0,0.3,9.75,34.08,1.39,40.48,40.9,100.0,39.62
2018-01-03 17:57:00,1,1,35.16,72.0,68.0,34.41,34.09,35.16,0.0,0.0,0.0,45.0,34.1,0.0,0.34,0.0,120.0,34.09,5670.72,5670.35,1.0,0.3,9.75,34.06,1.39,40.5,40.91,100.0,39.63
2018-01-03 17:58:00,1,1,35.14,72.0,68.0,34.39,34.07,35.14,0.0,0.0,0.0,45.0,34.07,0.0,0.34,0.0,120.0,34.07,5670.49,5670.09,1.0,0.3,9.75,34.04,1.39,40.52,40.93,100.0,39.64
2018-01-03 17:59:00,1,1,35.12,72.0,68.0,34.37,34.05,35.12,0.0,0.0,0.0,45.0,34.05,0.0,0.34,0.0,120.0,34.05,5670.49,5670.09,1.0,0.3,9.75,34.01,1.39,40.54,40.96,100.0,39.66
2018-01-03 18:00:00,1,1,35.1,72.0,68.0,34.34,34.02,35.1,0.0,0.0,0.0,45.0,34.03,0.0,0.34,0.0,120.0,34.03,5670.99,5670.62,1.0,0.3,9.75,33.99,1.39,40.56,40.98,100.0,39.67
2018-01-03 18:01:00,2,1,35.07,85.0,55.0,34.31,33.99,35.07,0.0,0.0,0.0,45.0,34.0,0.0,0.21,0.0,120.0,34.0,5670.37,5669.96,1.0,0.0,9.75,33.95,1.39,40.6,41.03,100.0,39.69
2018-01-03 18:02:00,2,1,35.04,85.0,55.0,34.27,33.95,35.04,0.0,0.0,0.0,45.0,33.96,0.0,0.21,0.0,120.0,33.95,5670.39,5670.0,1.0,0.0,9.75,33.9,1.39,40.67,41.11,100.0,39.73
2018-01-03 18:03:00,2,1,35.01,85.0,55.0,34.22,33.9,35.01,0.0,0.0,0.0,45.0,33.91,0.0,0.21,0.0,120.0,33.91,5670.56,5670.16,1.0,0.0,9.75,33.85,1.39,40.73,41.19,100.0,39.77
2018-01-03 18:04:00,2,1,34.97,85.0,55.0,34.17,33.85,34.97,0.0,0.0,0.0,45.0,33.86,0.0,0.21,0.0,120.0,33.86,5670.51,5670.11,1.0,0.0,9.75,33.8,1.39,40.81,41.27,100.0,39.83
2018-01-03 18:05:00,2,1,34.92,85.0,55.0,34.13,33.8,34.92,0.0,0.0,0.0,45.0,33.81,0.0,0.21,0.0,120.0,33.81,5671.04,5670.67,1.0,0.0,9.75,33.75,1.39,40.88,41.36,100.0,39.88
2018-01-03 18:06:00,2,1,34.88,85.0,55.0,34.08,33.75,34.88,0.0,0.0,0.0,45.0,33.76,0.0,0.21,0.0,120.0,33.76,5670.95,5670.58,1.0,0.0,9.75,33.7,1.39,40.96,41.44,100.0,39.94
2018-01-03 18:07:00,2,1,34.84,85.0,55.0,34.03,33.7,34.84,0.0,0.0,0.0,45.0,33.71,0.0,0.21,0.0,120.0,33.71,5670.72,5670.35,1.0,0.0,9.75,33.65,1.39,41.04,41.53,100.0,40.01
2018-01-03 18:08:00,2,1,34.79,85.0,55.0,33.98,33.65,34.79,0.0,0.0,0.0,45.0,33.66,0.0,0.21,0.0,120.0,33.65,5670.26,5669.86,1.0,0.0,9.75,33.6,1.39,41.12,41.62,100.0,40.07
2018-01-03 18:09:00,2,1,34.74,85.0,55.0,33.93,33.59,34.74,0.0,0.0,0.0,45.0,33.61,0.0,0.21,0.0,120.0,33.6,5670.37,5669.96,1.0,0.0,9.75,33.55,1.39,41.2,41.71,100.0,40.14
2018-01-03 18:10:00,2,1,34.7,85.0,55.0,33.88,33.54,34.7,0.0,0.0,0.0,45.0,33.55,0.0,0.21,0.0,120.0,33.55,5670.46,5670.07,1.0,0.0,9.75,33.5,1.39,41.28,41.8,100.0,40.2
2018-01-03 18:11:00,2,1,34.65,85.0,55.0,33.83,33.49,34.65,0.0,0.0,0.0,45.0,33.5,0.0,0.21,0.0,120.0,33.5,5670.56,5670.16,1.0,0.0,9.75,33.44,1.39,41.36,41.89,100.0,40.27
2018-01-03 18:12:00,2,1,34.6,85.0,55.0,33.78,33.44,34.6,0.0,0.0,0.0,45.0,33.45,0.0,0.21,0.0,120.0,33.44,5670.35,5669.96,1.0,0.0,9.75,33.39,1.39,41.45,41.98,100.0,40.34
2018-01-03 18:13:00,2,1,34.56,85.0,55.0,33.72,33.38,34.56,0.0,0.0,0.0,45.0,33.4,0.0,0.21,0.0,120.0,33.39,5670.55,5670.14,1.0,0.0,9.75,33.34,1.39,41.54,42.07,100.0,40.41
2018-01-03 18:14:00,2,1,34.51,85.0,55.0,33.67,33.33,34.51,0.0,0.0,0.0,45.0,33.34,0.0,0.21,0.0,120.0,33.34,5670.39,5669.98,1.0,0.0,9.75,33.28,1.39,41.62,42.17,100.0,40.48
2018-01-03 18:15:00,2,1,34.46,85.0,55.0,33.62,33.28,34.46,0.0,0.0,0.0,45.0,33.29,0.0,0.21,0.0,120.0,33.28,5670.72,5670.35,1.0,0.0,9.75,33.23,1.39,41.71,42.26,100.0,40.56
2018-01-03 18:16:00,0,2,34.46,72.0,68.0,33.63,33.24,34.46,0.0,0.0,0.0,45.0,33.26,0.06,0.0,0.0,120.0,33.24,39.08,39.08,1.0,0.0,0.0,33.17,1.18,41.72,42.36,100.0,40.58
2018-01-03 18:17:00,0,2,34.4,72.0,68.0,33.57,33.18,34.4,0.0,0.0,0.0,45.0,33.19,0.06,0.0,0.0,120.0,33.18,39.08,39.08,1.0,0.0,0.0,33.12,1.18,41.82,42.46,100.0,40.66
2018-01-03 18:18:00,0,2,34.34,72.0,68.0,33.51,33.12,34.34,0.0,0.0,0.0,45.0,33.13,0.06,0.0,0.0,120.0,33.12,39.09,39.08,1.0,0.0,0.0,33.07,1.17,41.92,42.56,100.0,40.74
2018-01-03 18:19:00,0,2,34.28,72.0,68.0,33.45,33.06,34.28,0.0,0.0,0.0,45.0,33.07,0.06,0.0,0.0,120.0,33.07,39.09,39.08,1.0,0.0,0.0,33.01,1.17,42.01,42.66,100.0,40.83
2018-01-03 18:20:00,0,2,34.23,72.0,68.0,33.4,33.01,34.23,0.0,0.0,0.0,45.0,33.02,0.06,0.0,0.0,120.0,33.01,39.09,39.09,1.0,0.0,0.0,32.96,1.17,42.11,42.76,100.0,40.92
2018-01-03 18:21:00,0,2,34.17,72.0,68.0,33.34,32.95,34.17,0.0,0.0,0.0,45.0,32.96,0.06,0.0,0.0,120.0,32.96,39.09,39.08,1.0,0.0,0.0,32.9,1.17,42.2,42.86,100.0,41.0
2018-01-03 18:22:00,0,2,34.12,72.0,68.0,33.29,32.9,34.12,0.0,0.0,0.0,45.0,32.91,0.06,0.0,0.0,120.0,32.9,39.08,39.08,1.0,0.0,0.0,32.85,1.17,42.29,42.96,100.0,41.08
2018-01-03 18:23:00,0,2,34.07,72.0,68.0,33.24,32.84,34.07,0.0,0.0,0.0,45.0,32.85,0.06,0.0,0.0,120.0,32.85,39.08,39.08,1.0,0.0,0.0,32.79,1.17,42.39,43.06,100.0,41.16
2018-01-03 18:24:00,0,2,34.02,72.0,68.0,33.18,32.79,34.02,0.0,0.0,0.0,45.0,32.8,0.06,0.0,0.0,120.0,32.79,39.08,39.08,1.0,0.0,0.0,32.74,1.17,42.48,43.17,100.0,41.24
2018-01-03 18:25:00,0,2,33.97,72.0,68.0,33.13,32.73,33.97,0.0,0.0,0.0,45.0,32.74,0.06,0.0,0.0,120.0,32.74,39.08,39.08,1.0,0.0,0.0,32.68,1.17,42.58,43.27,100.0,41.32
2018-01-03 18:26:00,0,2,33.92,72.0,68.0,33.08,32.68,33.92,0.0,0.0,0.0,45.0,32.69,0.06,0.0,0.0,120.0,32.68,39.08,39.08,1.0,0.0,0.0,32.63,1.17,42.68,43.38,100.0,41.4
2018-01-03 18:27:00,0,2,33.87,72.0,68.0,33.02,32.62,33.87,0.0,0.0,0.0,45.0,32.63,0.06,0.0,0.0,120.0,32.63,39.08,39.08,1.0,0.0,0.0,32.57,1.17,42.77,43.48,100.0,41.48
2018-01-03 18:28:00,0,2,33.82,72.0,68.0,32.97,32.57,33.82,0.0,0.0,0.0,45.0,32.58,0.06,0.0,0.0,120.0,32.57,39.09,39.08,1.0,0.0,0.0,32.52,1.17,42.87,43.59,100.0,41.56
2018-01-03 18:29:00,0,2,33.83,72.0,68.0,32.99,32.52,33.83,0.0,0.0,0.0,45.0,32.55,0.0,0.0,0.0,120.0,32.53,1.14,1.14,1.0,0.0,0.0,32.46,1.01,42.86,43.7,100.0,41.59
2018-01-03 18:30:00,0,2,33.78,72.0,68.0,32.92,32.47,33.78,0.0,0.0,0.0,45.0,32.49,0.0,0.0,0.0,120.0,32.47,1.14,1.14,1.0,0.0,0.0,32.41,1.0,42.98,43.8,100.0,41.65
2018-01-03 18:31:00,2,1,33.74,85.0,55.0,32.83,32.42,33.74,0.0,0.0,0.0,45.0,32.45,0.0,0.22,0.0,120.0,32.42,5670.72,5670.35,1.0,0.0,9.75,32.35,1.4,43.15,43.91,100.0,41.73
2018-01-03 18:32:00,2,1,33.69,85.0,55.0,32.75,32.36,33.69,0.0,0.0,0.0,45.0,32.38,0.0,0.22,0.0,120.0,32.37,5670.65,5670.25,1.0,0.0,9.75,32.3,1.39,43.29,44.02,100.0,41.79
2018-01-03 18:33:00,2,1,33.62,85.0,55.0,32.68,32.3,33.62,0.0,0.0,0.0,45.0,32.31,0.0,0.22,0.0,120.0,32.31,5670.49,5670.09,1.0,0.0,9.75,32.24,1.39,43.4,44.13,100.0,41.9
2018-01-03 18:34:00,2,1,33.56,85.0,55.0,32.63,32.24,33.56,0.0,0.0,0.0,45.0,32.25,0.0,0.22,0.0,120.0,32.25,5670.72,5670.35,1.0,0.0,9.75,32.19,1.39,43.51,44.24,100.0,42.01
2018-01-03 18:35:00,2,1,33.5,85.0,55.0,32.57,32.19,33.5,0.0,0.0,0.0,45.0,32.2,0.0,0.22,0.0,120.0,32.2,5670.71,5670.35,1.0,0.0,9.75,32.14,1.39,43.61,44.34,100.0,42.11
2018-01-03 18:36:00,2,1,33.44,85.0,55.0,32.52,32.13,33.44,0.0,0.0,0.0,45.0,32.15,0.0,0.23,0.0,120.0,32.14,5670.46,5670.07,1.0,0.0,9.75,32.08,1.39,43.72,44.45,100.0,42.2
2018-01-03 18:37:00,2,1,33.39,85.0,55.0,32.46,32.08,33.39,0.0,0.0,0.0,45.0,32.09,0.0,0.23,0.0,120.0,32.09,5670.72,5670.35,1.0,0.0,9.75,32.03,1.39,43.82,44.56,100.0,42.29
2018-01-03 18:38:00,2,1,33.34,85.0,55.0,32.41,32.03,33.34,0.0,0.0,0.0,45.0,32.04,0.0,0.23,0.0,120.0,32.04,5670.72,5670.32,1.0,0.0,9.75,31.98,1.39,43.92,44.67,100.0,42.38
2018-01-03 18:39:00,0,2,33.31,72.0,68.0,32.45,31.98,33.31,0.0,0.0,0.0,45.0,32.0,0.06,0.0,0.0,120.0,31.98,3.37,3.37,1.0,0.0,0.0,31.92,1.2,43.87,44.78,100.0,42.44
2018-01-03 18:40:00,0,2,33.3,72.0,68.0,32.37,31.93,33.3,0.0,0.0,0.0,45.0,31.96,0.06,0.0,0.0,120.0,31.94,39.09,39.09,1.0,0.0,0.0,31.87,1.18,44.02,44.89,100.0,42.48
2018-01-03 18:41:00,0,2,33.23,72.0,68.0,32.31,31.88,33.23,0.0,0.0,0.0,45.0,31.89,0.06,0.0,0.0,120.0,31.88,39.09,39.09,1.0,0.0,0.0,31.82,1.17,44.13,45.0,100.0,42.57
2018-01-03 18:42:00,0,2,33.17,72.0,68.0,32.25,31.82,33.17,0.0,0.0,0.0,45.0,31.83,0.06,0.0,0.0,120.0,31.83,39.08,39.08,1.0,0.0,0.0,31.77,1.17,44.24,45.1,100.0,42.68
2018-01-03 18:43:00,0,2,33.11,72.0,68.0,32.2,31.77,33.11,0.0,0.0,0.0,45.0,31.78,0.06,0.0,0.0,120.0,31.78,39.08,39.08,1.0,0.0,0.0,31.72,1.17,44.34,45.21,100.0,42.78
2018-01-03 18:44:00,0,2,33.06,72.0,68.0,32.15,31.72,33.06,0.0,0.0,0.0,45.0,31.73,0.06,0.0,0.0,120.0,31.72,39.09,39.08,1.0,0.0,0.0,31.67,1.17,44.45,45.32,100.0,42.87
2018-01-03 18:45:00,0,2,33.01,72.0,68.0,32.1,31.67,33.01,0.0,0.0,0.0,45.0,31.68,0.06,0.0,0.0,120.0,31.67,39.08,39.08,1.0,0.0,0.0,31.62,1.17,44.55,45.43,100.0,42.96
2018-01-03 18:46:00,0,2,32.97,72.0,68.0,32.05,31.62,32.97,0.0,0.0,0.0,45.0,31.63,0.06,0.0,0.0,120.0,31.62,39.09,39.08,1.0,0.0,0.0,31.57,1.17,44.65,45.53,100.0,43.04
2018-01-03 18:47:00,0,2,32.92,72.0,68.0,32.0,31.57,32.92,0.0,0.0,0.0,45.0,31.58,0.06,0.0,0.0,120.0,31.57,39.09,39.08,1.0,0.0,0.0,31.52,1.17,44.74,45.64,100.0,43.13
2018-01-03 18:48:00,0,2,32.88,72.0,68.0,31.96,31.52,32.88,0.0,0.0,0.0,45.0,31.53,0.06,0.0,0.0,120.0,31.53,39.09,39.08,1.0,0.0,0.0,31.47,1.17,44.84,45.75,100.0,43.21
2018-01-03 18:49:00,0,2,32.83,72.0,68.0,31.91,31.47,32.83,0.0,0.0,0.0,45.0,31.48,0.06,0.0,0.0,120.0,31.48,39.08,39.08,1.0,0.0,0.0,31.42,1.17,44.94,45.85,100.0,43.29
2018-01-03 18:50:00,0,2,32.79,72.0,68.0,31.86,31.42,32.79,0.0,0.0,0.0,45.0,31.43,0.06,0.0,0.0,120.0,31.43,39.08,39.08,1.0,0.0,0.0,31.38,1.17,45.03,45.96,100.0,43.37
2018-01-03 18:51:00,0,2,32.74,72.0,68.0,31.82,31.38,32.74,0.0,0.0,0.0,45.0,31.39,0.06,0.0,0.0,120.0,31.38,39.09,39.09,1.0,0.0,0.0,31.33,1.17,45.13,46.06,100.0,43.45
2018-01-03 18:52:00,0,2,32.7,72.0,68.0,31.77,31.33,32.7,0.0,0.0,0.0,45.0,31.34,0.06,0.0,0.0,120.0,31.34,39.08,39.08,1.0,0.0,0.0,31.28,1.17,45.22,46.16,100.0,43.53
2018-01-03 18:53:00,0,2,32.66,72.0,68.0,31.73,31.29,32.66,0.0,0.0,0.0,45.0,31.29,0.06,0.0,0.0,120.0,31.29,39.08,39.08,1.0,0.0,0.0,31.24,1.17,45.32,46.26,100.0,43.61
2018-01-03 18:54:00,0,2,32.62,72.0,68.0,31.69,31.24,32.62,0.0,0.0,0.0,45.0,31.25,0.06,0.0,0.0,120.0,31.25,39.09,39.09,1.0,0.0,0.0,31.19,1.17,45.41,46.37,100.0,43.69
2018-01-03 18:55:00,0,2,32.58,72.0,68.0,31.64,31.2,32.58,0.0,0.0,0.0,45.0,31.2,0.06,0.0,0.0,120.0,31.2,39.08,39.08,1.0,0.0,0.0,31.15,1.17,45.5,46.47,100.0,43.77
2018-01-03 18:56:00,0,2,32.54,72.0,68.0,31.6,31.15,32.54,0.0,0.0,0.0,45.0,31.16,0.06,0.0,0.0,120.0,31.16,39.08,39.08,1.0,0.0,0.0,31.1,1.17,45.59,46.56,100.0,43.84
2018-01-03 18:57:00,0,2,32.5,72.0,68.0,31.56,31.11,32.5,0.0,0.0,0.0,45.0,31.12,0.06,0.0,0.0,120.0,31.11,39.08,39.08,1.0,0.0,0.0,31.06,1.17,45.68,46.66,100.0,43.92
2018-01-03 18:58:00,0,2,32.46,72.0,68.0,31.52,31.07,32.46,0.0,0.0,0.0,45.0,31.08,0.06,0.0,0.0,120.0,31.07,39.08,39.08,1.0,0.0,0.0,31.02,1.17,45.77,46.76,100.0,44.0
2018-01-03 18:59:00,0,2,32.42,72.0,68.0,31.48,31.03,32.42,0.0,0.0,0.0,45.0,31.03,0.06,0.0,0.0,120.0,31.03,39.09,39.08,1.0,0.0,0.0,30.98,1.17,45.86,46.85,100.0,44.07
2018-01-03 19:00:00,0,2,32.38,72.0,68.0,31.44,30.98,32.38,0.0,0.0,0.0,45.0,30.99,0.06,0.0,0.0,120.0,30.99,39.08,39.08,1.0,0.0,0.0,30.94,1.17,45.94,46.95,100.0,44.14
2018-01-03 19:01:00,0,2,32.35,72.0,68.0,31.41,30.95,32.35,0.0,0.0,0.0,45.0,30.96,0.06,0.0,0.0,120.0,30.96,39.09,39.09,1.0,0.0,0.0,30.92,1.17,46.0,47.0,100.0,44.21
2018-01-03 19:02:00,0,2,32.32,72.0,68.0,31.39,30.94,32.32,0.0,0.0,0.0,45.0,30.94,0.06,0.0,0.0,120.0,30.94,39.09,39.08,1.0,0.0,0.0,30.9,1.17,46.04,47.03,100.0,44.27
2018-01-03 19:03:00,0,2,32.3,72.0,68.0,31.38,30.92,32.3,0.0,0.0,0.0,45.0,30.93,0.06,0.0,0.0,120.0,30.93,39.08,39.08,1.0,0.0,0.0,30.89,1.17,46.07,47.05,100.0,44.31
2018-01-03 19:04:00,0,2,32.28,72.0,68.0,31.37,30.91,32.28,0.0,0.0,0.0,45.0,30.92,0.06,0.0,0.0,120.0,30.92,39.08,39.08,1.0,0.0,0.0,30.88,1.17,46.09,47.07,100.0,44.34
2018-01-03 19:05:00,0,2,32.27,72.0,68.0,31.36,30.91,32.27,0.0,0.0,0.0,45.0,30.91,0.06,0.0,0.0,120.0,30.91,39.08,39.08,1.0,0.0,0.0,30.88,1.17,46.12,47.09,100.0,44.37
2018-01-03 19:06:00,0,2,32.26,72.0,68.0,31.35,30.9,32.26,0.0,0.0,0.0,45.0,30.9,0.06,0.0,0.0,120.0,30.9,39.09,39.08,1.0,0.0,0.0,30.87,1.17,46.14,47.1,100.0,44.39
2018-01-03 19:07:00,0,2,32.25,72.0,68.0,31.34,30.89,32.25,0.0,0.0,0.0,45.0,30.89,0.06,0.0,0.0,120.0,30.89,39.09,39.09,1.0,0.0,0.0,30.86,1.17,46.15,47.12,100.0,44.41
2018-01-03 19:08:00,0,2,32.24,72.0,68.0,31.34,30.88,32.24,0.0,0.0,0.0,45.0,30.89,0.06,0.0,0.0,120.0,30.89,39.09,39.08,1.0,0.0,0.0,30.86,1.17,46.17,47.13,100.0,44.42
2018-01-03 19:09:00,0,2,32.23,72.0,68.0,31.33,30.88,32.23,0.0,0.0,0.0,45.0,30.88,0.06,0.0,0.0,120.0,30.88,39.08,39.08,1.0,0.0,0.0,30.85,1.17,46.18,47.15,100.0,44.43
2018-01-03 19:10:00,0,2,32.23,72.0,68.0,31.32,30.87,32.23,0.0,0.0,0.0,45.0,30.88,0.06,0.0,0.0,120.0,30.87,39.09,39.08,1.0,0.0,0.0,30.85,1.17,46.19,47.16,100.0,44.45
2018-01-03 19:11:00,0,2,32.22,72.0,68.0,31.32,30.87,32.22,0.0,0.0,0.0,45.0,30.87,0.06,0.0,0.0,120.0,30.87,39.08,39.08,1.0,0.0,0.0,30.84,1.17,46.2,47.17,100.0,44.47
2018-01-03 19:12:00,0,2,32.21,72.0,68.0,31.31,30.87,32.21,0.0,0.0,0.0,45.0,30.87,0.06,0.0,0.0,120.0,30.87,39.09,39.08,1.0,0.0,0.0,30.84,1.17,46.21,47.17,100.0,44.48
2018-01-03 19:13:00,0,2,32.21,72.0,68.0,31.31,30.86,32.21,0.0,0.0,0.0,45.0,30.86,0.06,0.0,0.0,120.0,30.86,39.09,39.08,1.0,0.0,0.0,30.84,1.17,46.22,47.18,100.0,44.49
2018-01-03 19:14:00,0,2,32.2,72.0,68.0,31.31,30.86,32.2,0.0,0.0,0.0,45.0,30.86,0.06,0.0,0.0,120.0,30.86,39.08,39.08,1.0,0.0,0.0,30.83,1.17,46.23,47.19,100.0,44.5
2018-01-03 19:15:00,0,2,32.2,72.0,68.0,31.3,30.86,32.2,0.0,0.0,0.0,45.0,30.86,0.06,0.0,0.0,120.0,30.86,39.08,39.08,1.0,0.0,0.0,30.83,1.17,46.23,47.19,100.0,44.5
2018-01-03 19:16:00,0,2,32.2,72.0,68.0,31.3,30.86,32.2,0.0,0.0,0.0,45.0,30.86,0.06,0.0,0.0,120.0,30.86,39.09,39.09,1.0,0.0,0.0,30.83,1.17,46.24,47.19,100.0,44.51
2018-01-03 19:17:00,0,2,32.19,72.0,68.0,31.3,30.85,32.19,0.0,0.0,0.0,45.0,30.85,0.06,0.0,0.0,120.0,30.85,39.09,39.09,1.0,0.0,0.0,30.83,1.17,46.24,47.19,100.0,44.51
2018-01-03 19:18:00,0,2,32.19,72.0,68.0,31.3,30.85,32.19,0.0,0.0,0.0,45.0,30.85,0.06,0.0,0.0,120.0,30.85,39.08,39.08,1.0,0.0,0.0,30.83,1.17,46.24,47.2,100.0,44.52
2018-01-03 19:19:00,0,2,32.19,72.0,68.0,31.3,30.85,32.19,0.0,0.0,0.0,45.0,30.85,0.06,0.0,0.0,120.0,30.85,39.09,39.09,1.0,0.0,0.0,30.83,1.17,46.24,47.2,100.0,44.52
2018-01-03 19:20:00,0,2,32.19,72.0,68.0,31.3,30.85,32.19,0.0,0.0,0.0,45.0,30.85,0.06,0.0,0.0,120.0,30.85,39.09,39.09,1.0,0.0,0.0,30.83,1.17,46.24,47.19,100.0,44.52
2018-01-03 19:21:00,0,2,32.19,72.0,68.0,31.3,30.85,32.19,0.0,0.0,0.0,45.0,30.85,0.06,0.0,0.0,120.0,30.85,39.08,39.08,1.0,0.0,0.0,30.83,1.17,46.24,47.19,100.0,44.52
2018-01-03 19:22:00,0,2,32.19,72.0,68.0,31.3,30.86,32.19,0.0,0.0,0.0,45.0,30.86,0.06,0.0,0.0,120.0,30.86,39.08,39.08,1.0,0.0,0.0,30.83,1.17,46.24,47.19,100.0,44.52
2018-01-03 19:23:00,0,2,32.19,72.0,68.0,31.3,30.86,32.19,0.0,0.0,0.0,45.0,30.86,0.06,0.0,0.0,120.0,30.86,39.08,39.08,1.0,0.0,0.0,30.83,1.17,46.24,47.19,100.0,44.52
2018-01-03 19:24:00,0,2,32.19,72.0,68.0,31.3,30.86,32.19,0.0,0.0,0.0,45.0,30.86,0.06,0.0,0.0,120.0,30.86,39.09,39.09,1.0,0.0,0.0,30.83,1.17,46.23,47.18,100.0,44.52
2018-01-03 19:25:00,0,2,32.19,72.0,68.0,31.31,30.86,32.19,0.0,0.0,0.0,45.0,30.86,0.06,0.0,0.0,120.0,30.86,39.09,39.08,1.0,0.0,0.0,30.84,1.17,46.23,47.18,100.0,44.52
2018-01-03 19:26:00,0,2,32.19,72.0,68.0,31.31,30.86,32.19,0.0,0.0,0.0,45.0,30.86,0.06,0.0,0.0,120.0,30.86,39.08,39.08,1.0,0.0,0.0,30.84,1.17,46.22,47.17,100.0,44.52
2018-01-03 19:27:00,0,2,32.19,72.0,68.0,31.31,30.87,32.19,0.0,0.0,0.0,45.0,30.87,0.06,0.0,0.0,120.0,30.86,39.09,39.09,1.0,0.0,0.0,30.84,1.17,46.22,47.16,100.0,44.52
2018-01-03 19:28:00,0,2,32.2,72.0,68.0,31.31,30.87,32.2,0.0,0.0,0.0,45.0,30.87,0.06,0.0,0.0,120.0,30.87,39.09,39.08,1.0,0.0,0.0,30.84,1.17,46.21,47.16,100.0,44.51
2018-01-03 19:29:00,0,2,32.2,72.0,68.0,31.32,30.87,32.2,0.0,0.0,0.0,45.0,30.87,0.06,0.0,0.0,120.0,30.87,39.09,39.08,1.0,0.0,0.0,30.85,1.17,46.21,47.15,100.0,44.51
2018-01-03 19:30:00,0,2,32.2,72.0,68.0,31.32,30.87,32.2,0.0,0.0,0.0,45.0,30.87,0.06,0.0,0.0,120.0,30.87,39.09,39.08,1.0,0.0,0.0,30.85,1.17,46.2,47.14,100.0,44.51
2018-01-03 19:31:00,0,2,32.2,72.0,68.0,31.32,30.88,32.2,0.0,0.0,0.0,45.0,30.88,0.06,0.0,0.0,120.0,30.88,39.09,39.08,1.0,0.0,0.0,30.85,1.17,46.2,47.13,100.0,44.5
2018-01-03 19:32:00,0,2,32.21,72.0,68.0,31.32,30.88,32.21,0.0,0.0,0.0,45.0,30.88,0.06,0.0,0.0,120.0,30.88,39.08,39.08,1.0,0.0,0.0,30.86,1.17,46.19,47.13,100.0,44.5
2018-01-03 19:33:00,0,2,32.21,72.0,68.0,31.33,30.88,32.21,0.0,0.0,0.0,45.0,30.88,0.06,0.0,0.0,120.0,30.88,39.09,39.08,1.0,0.0,0.0,30.86,1.17,46.18,47.12,100.0,44.49
2018-01-03 19:34:00,0,2,32.21,72.0,68.0,31.33,30.89,32.21,0.0,0.0,0.0,45.0,30.89,0.06,0.0,0.0,120.0,30.89,39.09,39.08,1.0,0.0,0.0,30.87,1.17,46.17,47.11,100.0,44.49
2018-01-03 19:35:00,0,2,32.21,72.0,68.0,31.34,30.89,32.21,0.0,0.0,0.0,45.0,30.89,0.06,0.0,0.0,120.0,30.89,39.08,39.08,1.0,0.0,0.0,30.87,1.17,46.17,47.1,100.0,44.48
2018-01-03 19:36:00,0,2,32.22,72.0,68.0,31.34,30.9,32.22,0.0,0.0,0.0,45.0,30.9,0.06,0.0,0.0,120.0,30.9,39.09,39.09,1.0,0.0,0.0,30.87,1.17,46.16,47.09,100.0,44.47
2018-01-03 19:37:00,0,2,32.22,72.0,68.0,31.34,30.9,32.22,0.0,0.0,0.0,45.0,30.9,0.06,0.0,0.0,120.0,30.9,39.09,39.09,1.0,0.0,0.0,30.88,1.17,46.15,47.08,100.0,44.47
2018-01-03 19:38:00,0,2,32.22,72.0,68.0,31.35,30.9,32.22,0.0,0.0,0.0,45.0,30.9,0.06,0.0,0.0,120.0,30.9,39.08,39.08,1.0,0.0,0.0,30.88,1.17,46.14,47.07,100.0,44.46
2018-01-03 19:39:00,0,2,32.23,72.0,68.0,31.35,30.91,32.23,0.0,0.0,0.0,45.0,30.91,0.06,0.0,0.0,120.0,30.91,39.08,39.08,1.0,0.0,0.0,30.89,1.17,46.13,47.06,100.0,44.46
2018-01-03 19:40:00,0,2,32.23,72.0,68.0,31.35,30.91,32.23,0.0,0.0,0.0,45.0,30.91,0.06,0.0,0.0,120.0,30.91,39.09,39.09,1.0,0.0,0.0,30.89,1.17,46.13,47.06,100.0,44.45
2018-01-03 19:41:00,0,2,32.23,72.0,68.0,31.36,30.92,32.23,0.0,0.0,0.0,45.0,30.92,0.06,0.0,0.0,120.0,30.92,39.09,39.08,1.0,0.0,0.0,30.89,1.17,46.12,47.05,100.0,44.44
2018-01-03 19:42:00,0,2,32.24,72.0,68.0,31.36,30.92,32.24,0.0,0.0,0.0,45.0,30.92,0.06,0.0,0.0,120.0,30.92,39.08,39.08,1.0,0.0,0.0,30.9,1.17,46.11,47.04,100.0,44.44
2018-01-03 19:43:00,0,2,32.24,72.0,68.0,31.36,30.92,32.24,0.0,0.0,0.0,45.0,30.92,0.06,0.0,0.0,120.0,30.92,39.09,39.08,1.0,0.0,0.0,30.9,1.17,46.1,47.03,100.0,44.43
2018-01-03 19:44:00,0,2,32.28,72.0,68.0,31.45,30.93,32.28,0.0,0.0,0.0,45.0,30.94,0.0,0.0,0.0,120.0,30.93,0.9,0.9,1.0,0.0,0.0,30.9,1.01,45.94,47.02,100.0,44.38
2018-01-03 19:45:00,0,2,32.3,72.0,68.0,31.43,30.94,32.3,0.0,0.0,0.0,45.0,30.95,0.0,0.0,0.0,120.0,30.94,1.14,1.14,1.0,0.0,0.0,30.91,1.0,45.98,47.02,100.0,44.33
2018-01-03 19:46:00,0,2,32.29,72.0,68.0,31.42,30.94,32.29,0.0,0.0,0.0,45.0,30.94,0.0,0.0,0.0,120.0,30.94,1.14,1.14,1.0,0.0,0.0,30.91,0.99,45.99,47.01,100.0,44.34
2018-01-03 19:47:00,0,2,32.28,72.0,68.0,31.42,30.94,32.28,0.0,0.0,0.0,45.0,30.94,0.0,0.0,0.0,120.0,30.94,1.14,1.14,1.0,0.0,0.0,30.91,0.99,45.99,47.0,100.0,44.36
2018-01-03 19:48:00,0,2,32.27,72.0,68.0,31.42,30.94,32.27,0.0,0.0,0.0,45.0,30.94,0.0,0.0,0.0,120.0,30.94,1.14,1.14,1.0,0.0,0.0,30.92,0.99,45.99,47.0,100.0,44.37
2018-01-03 19:49:00,0,2,32.27,72.0,68.0,31.42,30.94,32.27,0.0,0.0,0.0,45.0,30.94,0.0,0.0,0.0,120.0,30.94,1.14,1.14,1.0,0.0,0.0,30.92,0.99,45.99,46.99,100.0,44.38
2018-01-03 19:50:00,0,2,32.27,72.0,68.0,31.42,30.94,32.27,0.0,0.0,0.0,45.0,30.94,0.0,0.0,0.0,120.0,30.94,1.14,1.14,1.0,0.0,0.0,30.92,0.99,45.99,46.99,100.0,44.38
2018-01-03 19:51:00,0,2,32.27,72.0,68.0,31.42,30.95,32.27,0.0,0.0,0.0,45.0,30.95,0.0,0.0,0.0,120.0,30.95,1.14,1.14,1.0,0.0,0.0,30.92,0.99,45.99,46.98,100.0,44.38
2018-01-03 19:52:00,0,2,32.27,72.0,68.0,31.42,30.95,32.27,0.0,0.0,0.0,45.0,30.95,0.0,0.0,0.0,120.0,30.95,1.14,1.14,1.0,0.0,0.0,30.92,0.99,45.99,46.98,100.0,44.38
2018-01-03 19:53:00,0,2,32.27,72.0,68.0,31.42,30.95,32.27,0.0,0.0,0.0,45.0,30.95,0.0,0.0,0.0,120.0,30.95,1.14,1.14,1.0,0.0,0.0,30.92,0.99,45.98,46.98,100.0,44.38
2018-01-03 19:54:00,0,2,32.27,72.0,68.0,31.42,30.95,32.27,0.0,0.0,0.0,45.0,30.95,0.0,0.0,0.0,120.0,30.95,1.14,1.14,1.0,0.0,0.0,30.93,0.99,45.98,46.97,100.0,44.37
2018-01-03 19:55:00,0,2,32.27,72.0,68.0,31.43,30.95,32.27,0.0,0.0,0.0,45.0,30.95,0.0,0.0,0.0,120.0,30.95,1.14,1.14,1.0,0.0,0.0,30.93,0.99,45.98,46.97,100.0,44.37
2018-01-03 19:56:00,0,2,32.27,72.0,68.0,31.43,30.95,32.27,0.0,0.0,0.0,45.0,30.95,0.0,0.0,0.0,120.0,30.95,1.14,1.14,1.0,0.0,0.0,30.93,0.99,45.98,46.97,100.0,44.37
2018-01-03 19:57:00,0,2,32.27,72.0,68.0,31.42,30.95,32.27,0.0,0.0,0.0,45.0,30.95,0.0,0.0,0.0,120.0,30.95,1.14,1.14,1.0,0.0,0.0,30.93,0.99,45.98,46.98,100.0,44.37
2018-01-03 19:58:00,2,1,32.32,85.0,55.0,31.38,30.96,32.32,0.0,0.0,0.0,45.0,30.98,0.0,0.24,0.0,120.0,30.96,5670.19,5669.8,1.0,0.0,9.75,30.92,1.39,46.08,46.98,100.0,44.3
2018-01-03 19:59:00,2,1,32.3,85.0,55.0,31.36,30.95,32.3,0.0,0.0,0.0,45.0,30.96,0.0,0.24,0.0,120.0,30.95,5670.25,5669.84,1.0,0.0,9.75,30.92,1.39,46.1,46.98,100.0,44.31
2018-01-03 20:00:00,0,2,32.34,72.0,68.0,31.43,30.96,32.34,0.0,0.0,0.0,45.0,30.98,0.06,0.0,0.0,120.0,30.96,39.09,39.08,1.0,0.0,0.0,30.92,1.18,45.98,46.99,100.0,44.26
2018-01-03 20:01:00,0,2,32.32,72.0,68.0,31.4,30.95,32.32,0.0,0.0,0.0,45.0,30.96,0.06,0.0,0.0,120.0,30.95,39.08,39.08,1.0,0.0,0.0,30.9,1.18,46.04,47.02,100.0,44.29
2018-01-03 20:02:00,0,2,32.29,72.0,68.0,31.37,30.92,32.29,0.0,0.0,0.0,45.0,30.93,0.06,0.0,0.0,120.0,30.92,39.08,39.08,1.0,0.0,0.0,30.88,1.17,46.1,47.08,100.0,44.34
2018-01-03 20:03:00,0,2,32.26,72.0,68.0,31.34,30.89,32.26,0.0,0.0,0.0,45.0,30.9,0.06,0.0,0.0,120.0,30.9,39.08,39.08,1.0,0.0,0.0,30.85,1.17,46.16,47.14,100.0,44.39
2018-01-03 20:04:00,0,2,32.23,72.0,68.0,31.31,30.87,32.23,0.0,0.0,0.0,45.0,30.87,0.06,0.0,0.0,120.0,30.87,39.08,39.08,1.0,0.0,0.0,30.83,1.17,46.22,47.21,100.0,44.45
2018-01-03 20:05:00,0,2,32.2,72.0,68.0,31.29,30.84,32.2,0.0,0.0,0.0,45.0,30.85,0.06,0.0,0.0,120.0,30.84,39.09,39.09,1.0,0.0,0.0,30.8,1.17,46.28,47.27,100.0,44.5
2018-01-03 20:06:00,0,2,32.18,72.0,68.0,31.26,30.81,32.18,0.0,0.0,0.0,45.0,30.82,0.06,0.0,0.0,120.0,30.82,39.08,39.08,1.0,0.0,0.0,30.77,1.17,46.34,47.33,100.0,44.55
2018-01-03 20:07:00,0,2,32.15,72.0,68.0,31.23,30.78,32.15,0.0,0.0,0.0,45.0,30.79,0.06,0.0,0.0,120.0,30.79,39.08,39.08,1.0,0.0,0.0,30.75,1.17,46.4,47.4,100.0,44.6
2018-01-03 20:08:00,0,2,32.18,72.0,68.0,31.28,30.77,32.18,0.0,0.0,0.0,45.0,30.79,0.0,0.0,0.0,120.0,30.77,1.14,1.14,1.0,0.0,0.0,30.72,1.01,46.31,47.47,100.0,44.56
2018-01-03 20:09:00,0,2,32.16,72.0,68.0,31.24,30.74,32.16,0.0,0.0,0.0,45.0,30.75,0.0,0.0,0.0,120.0,30.74,1.14,1.14,1.0,0.0,0.0,30.69,1.0,46.41,47.54,100.0,44.6
2018-01-03 20:10:00,0,2,32.11,72.0,68.0,31.2,30.7,32.11,0.0,0.0,0.0,45.0,30.71,0.0,0.0,0.0,120.0,30.71,1.14,1.14,1.0,0.0,0.0,30.66,0.99,46.48,47.61,100.0,44.67
2018-01-03 20:11:00,0,2,32.07,72.0,68.0,31.16,30.67,32.07,0.0,0.0,0.0,45.0,30.68,0.0,0.0,0.0,120.0,30.67,1.14,1.14,1.0,0.0,0.0,30.63,0.99,46.56,47.68,100.0,44.75
2018-01-03 20:12:00,0,2,32.04,72.0,68.0,31.13,30.64,32.04,0.0,0.0,0.0,45.0,30.65,0.0,0.0,0.0,120.0,30.64,1.14,1.14,1.0,0.0,0.0,30.6,0.99,46.63,47.75,100.0,44.82
2018-01-03 20:13:00,0,2,32.0,72.0,68.0,31.1,30.61,32.0,0.0,0.0,0.0,45.0,30.62,0.0,0.0,0.0,120.0,30.61,1.14,1.14,1.0,0.0,0.0,30.57,0.99,46.7,47.83,100.0,44.88
2018-01-03 20:14:00,0,2,31.97,72.0,68.0,31.07,30.58,31.97,0.0,0.0,0.0,45.0,30.58,0.0,0.0,0.0,120.0,30.58,1.14,1.14,1.0,0.0,0.0,30.54,0.99,46.77,47.9,100.0,44.94
2018-01-03 20:15:00,0,2,31.94,72.0,68.0,31.04,30.55,31.94,0.0,0.0,0.0,45.0,30.55,0.0,0.0,0.0,120.0,30.55,1.14,1.14,1.0,0.0,0.0,30.51,0.99,46.84,47.98,100.0,45.0
2018-01-03 20:16:00,0,2,31.91,72.0,68.0,31.01,30.52,31.91,0.0,0.0,0.0,45.0,30.52,0.0,0.0,0.0,120.0,30.52,1.14,1.14,1.0,0.0,0.0,30.47,0.99,46.91,48.05,100.0,45.06
2018-01-03 20:17:00,0,2,31.88,72.0,68.0,30.98,30.48,31.88,0.0,0.0,0.0,45.0,30.49,0.0,0.0,0.0,120.0,30.49,1.14,1.14,1.0,0.0,0.0,30.44,0.99,46.98,48.13,100.0,45.12
2018-01-03 20:18:00,0,2,31.85,72.0,68.0,30.94,30.45,31.85,0.0,0.0,0.0,45.0,30.46,0.0,0.0,0.0,120.0,30.46,1.14,1.14,1.0,0.0,0.0,30.41,0.99,47.05,48.21,100.0,45.18
2018-01-03 20:19:00,0,2,31.82,72.0,68.0,30.91,30.42,31.82,0.0,0.0,0.0,45.0,30.43,0.0,0.0,0.0,120.0,30.42,1.14,1.14,1.0,0.0,0.0,30.38,0.99,47.12,48.29,100.0,45.24
2018-01-03 20:20:00,0,2,31.79,72.0,68.0,30.88,30.39,31.79,0.0,0.0,0.0,45.0,30.39,0.0,0.0,0.0,120.0,30.39,1.14,1.14,1.0,0.0,0.0,30.34,0.99,47.19,48.37,100.0,45.3
2018-01-03 20:21:00,0,2,31.76,72.0,68.0,30.85,30.35,31.76,0.0,0.0,0.0,45.0,30.36,0.0,0.0,0.0,120.0,30.36,1.14,1.14,1.0,0.0,0.0,30.31,0.99,47.27,48.45,100.0,45.36
2018-01-03 20:22:00,0,2,31.73,72.0,68.0,30.82,30.32,31.73,0.0,0.0,0.0,45.0,30.33,0.0,0.0,0.0,120.0,30.32,1.14,1.14,1.0,0.0,0.0,30.28,0.99,47.34,48.53,100.0,45.42
2018-01-03 20:23:00,0,2,31.7,72.0,68.0,30.78,30.29,31.7,0.0,0.0,0.0,45.0,30.29,0.0,0.0,0.0,120.0,30.29,1.14,1.14,1.0,0.0,0.0,30.24,0.99,47.42,48.62,100.0,45.48
2018-01-03 20:24:00,0,2,31.67,72.0,68.0,30.75,30.25,31.67,0.0,0.0,0.0,45.0,30.26,0.0,0.0,0.0,120.0,30.26,1.14,1.14,1.0,0.0,0.0,30.21,0.99,47.49,48.7,100.0,45.55
2018-01-03 20:25:00,0,2,31.64,72.0,68.0,30.72,30.22,31.64,0.0,0.0,0.0,45.0,30.23,0.0,0.0,0.0,120.0,30.22,1.14,1.14,1.0,0.0,0.0,30.18,0.99,47.57,48.79,100.0,45.61
2018-01-03 20:26:00,0,2,31.6,72.0,68.0,30.68,30.19,31.6,0.0,0.0,0.0,45.0,30.19,0.0,0.0,0.0,120.0,30.19,1.14,1.14,1.0,0.0,0.0,30.14,0.99,47.65,48.87,100.0,45.68
2018-01-03 20:27:00,0,2,31.57,72.0,68.0,30.65,30.15,31.57,0.0,0.0,0.0,45.0,30.16,0.0,0.0,0.0,120.0,30.15,1.14,1.14,1.0,0.0,0.0,30.11,0.99,47.72,48.96,100.0,45.74
2018-01-03 20:28:00,0,2,31.54,72.0,68.0,30.62,30.12,31.54,0.0,0.0,0.0,45.0,30.12,0.0,0.0,0.0,120.0,30.12,1.14,1.14,1.0,0.0,0.0,30.07,0.99,47.8,49.05,100.0,45.81
2018-01-03 20:29:00,0,2,31.51,72.0,68.0,30.58,30.08,31.51,0.0,0.0,0.0,45.0,30.09,0.0,0.0,0.0,120.0,30.09,1.14,1.14,1.0,0.0,0.0,30.04,0.99,47.88,49.13,100.0,45.87
2018-01-03 20:30:00,0,2,31.47,72.0,68.0,30.55,30.05,31.47,0.0,0.0,0.0,45.0,30.05,0.0,0.0,0.0,120.0,30.05,1.14,1.14,1.0,0.0,0.0,30.0,0.99,47.96,49.22,100.0,45.94
2018-01-03 20:31:00,0,2,31.44,72.0,68.0,30.51,30.01,31.44,0.0,0.0,0.0,45.0,30.02,0.0,0.0,0.0,120.0,30.02,1.14,1.14,1.0,0.0,0.0,29.97,0.99,48.04,49.31,100.0,46.0
2018-01-03 20:32:00,0,2,31.41,72.0,68.0,30.48,29.98,31.41,0.0,0.0,0.0,45.0,29.98,0.0,0.0,0.0,120.0,29.98,1.14,1.14,1.0,0.0,0.0,29.93,0.99,48.12,49.4,100.0,46.07
2018-01-03 20:33:00,0,2,31.37,72.0,68.0,30.44,29.94,31.37,0.0,0.0,0.0,45.0,29.95,0.0,0.0,0.0,120.0,29.95,1.14,1.14,1.0,0.0,0.0,29.9,0.99,48.2,49.49,100.0,46.14
2018-01-03 20:34:00,0,2,31.34,72.0,68.0,30.41,29.91,31.34,0.0,0.0,0.0,45.0,29.91,0.0,0.0,0.0,120.0,29.91,1.14,1.14,1.0,0.0,0.0,29.86,0.99,48.28,49.58,100.0,46.21
2018-01-03 20:35:00,0,2,31.31,72.0,68.0,30.37,29.87,31.31,0.0,0.0,0.0,45.0,29.88,0.0,0.0,0.0,120.0,29.87,1.14,1.14,1.0,0.0,0.0,29.83,0.99,48.37,49.67,100.0,46.28
2018-01-03 20:36:00,0,2,31.27,72.0,68.0,30.34,29.84,31.27,0.0,0.0,0.0,45.0,29.84,0.0,0.0,0.0,120.0,29.84,1.14,1.14,1.0,0.0,0.0,29.79,0.99,48.45,49.76,100.0,46.35
2018-01-03 20:37:00,0,2,31.24,72.0,68.0,30.31,29.8,31.24,0.0,0.0,0.0,45.0,29.81,0.0,0.0,0.0,120.0,29.8,1.14,1.14,1.0,0.0,0.0,29.75,0.99,48.53,49.85,100.0,46.41
2018-01-03 20:38:00,0,2,31.21,72.0,68.0,30.27,29.76,31.21,0.0,0.0,0.0,45.0,29.77,0.0,0.0,0.0,120.0,29.77,1.14,1.14,1.0,0.0,0.0,29.72,0.99,48.61,49.94,100.0,46.48
2018-01-03 20:39:00,0,2,31.17,72.0,68.0,30.24,29.73,31.17,0.0,0.0,0.0,45.0,29.73,0.0,0.0,0.0,120.0,29.73,1.14,1.14,1.0,0.0,0.0,29.68,0.99,48.7,50.04,100.0,46.55
2018-01-03 20:40:00,0,2,31.14,72.0,68.0,30.2,29.69,31.14,0.0,0.0,0.0,45.0,29.7,0.0,0.0,0.0,120.0,29.7,1.14,1.14,1.0,0.0,0.0,29.65,0.99,48.78,50.13,100.0,46.62
2018-01-03 20:41:00,0,2,31.1,72.0,68.0,30.17,29.66,31.1,0.0,0.0,0.0,45.0,29.66,0.0,0.0,0.0,120.0,29.66,1.14,1.14,1.0,0.0,0.0,29.61,0.99,48.86,50.22,100.0,46.69
2018-01-03 20:42:00,0,2,31.07,72.0,68.0,30.13,29.62,31.07,0.0,0.0,0.0,45.0,29.63,0.0,0.0,0.0,120.0,29.63,1.14,1.14,1.0,0.0,0.0,29.58,0.99,48.95,50.31,100.0,46.77
2018-01-03 20:43:00,0,2,31.04,72.0,68.0,30.1,29.59,31.04,0.0,0.0,0.0,45.0,29.59,0.0,0.0,0.0,120.0,29.59,1.14,1.14,1.0,0.0,0.0,29.54,0.99,49.03,50.41,100.0,46.84
2018-01-03 20:44:00,0,2,31.0,72.0,68.0,30.06,29.55,31.0,0.0,0.0,0.0,45.0,29.56,0.0,0.0,0.0,120.0,29.55,1.14,1.14,1.0,0.0,0.0,29.51,0.99,49.12,50.5,100.0,46.91
2018-01-03 20:45:00,0,2,30.97,72.0,68.0,30.03,29.51,30.97,0.0,0.0,0.0,45.0,29.52,0.0,0.0,0.0,120.0,29.52,1.14,1.14,1.0,0.0,0.0,29.47,0.99,49.2,50.59,100.0,46.98
2018-01-03 20:46:00,0,2,30.94,72.0,68.0,29.99,29.48,30.94,0.0,0.0,0.0,45.0,29.49,0.0,0.0,0.0,120.0,29.48,1.14,1.14,1.0,0.0,0.0,29.43,0.99,49.29,50.69,100.0,47.05
2018-01-03 20:47:00,0,2,30.9,72.0,68.0,29.96,29.44,30.9,0.0,0.0,0.0,45.0,29.45,0.0,0.0,0.0,120.0,29.45,1.14,1.14,1.0,0.0,0.0,29.4,0.99,49.37,50.78,100.0,47.12
2018-01-03 20:48:00,0,2,30.87,72.0,68.0,29.92,29.41,30.87,0.0,0.0,0.0,45.0,29.42,0.0,0.0,0.0,120.0,29.41,1.14,1.14,1.0,0.0,0.0,29.36,0.99,49.45,50.87,100.0,47.19
2018-01-03 20:49:00,0,2,30.83,72.0,68.0,29.89,29.37,30.83,0.0,0.0,0.0,45.0,29.38,0.0,0.0,0.0,120.0,29.38,1.14,1.14,1.0,0.0,0.0,29.33,0.99,49.54,50.96,100.0,47.26
2018-01-03 20:50:00,0,2,30.8,72.0,68.0,29.85,29.34,30.8,0.0,0.0,0.0,45.0,29.35,0.0,0.0,0.0,120.0,29.34,1.14,1.14,1.0,0.0,0.0,29.29,0.99,49.62,51.06,100.0,47.33
2018-01-03 20:51:00,0,2,30.77,72.0,68.0,29.82,29.3,30.77,0.0,0.0,0.0,45.0,29.31,0.0,0.0,0.0,120.0,29.31,1.14,1.14,1.0,0.0,0.0,29.26,0.99,49.71,51.15,100.0,47.4
2018-01-03 20:52:00,0,2,30.74,72.0,68.0,29.78,29.27,30.74,0.0,0.0,0.0,45.0,29.28,0.0,0.0,0.0,120.0,29.27,1.14,1.14,1.0,0.0,0.0,29.22,0.99,49.79,51.24,100.0,47.47
2018-01-03 20:53:00,0,2,30.7,72.0,68.0,29.75,29.23,30.7,0.0,0.0,0.0,45.0,29.24,0.0,0.0,0.0,120.0,29.24,1.14,1.14,1.0,0.0,0.0,29.19,0.99,49.87,51.33,100.0,47.54
2018-01-03 20:54:00,0,2,30.67,72.0,68.0,29.72,29.2,30.67,0.0,0.0,0.0,45.0,29.21,0.0,0.0,0.0,120.0,29.2,1.14,1.14,1.0,0.0,0.0,29.16,0.99,49.95,51.42,100.0,47.61
2018-01-03 20:55:00,0,2,30.64,72.0,68.0,29.68,29.17,30.64,0.0,0.0,0.0,45.0,29.17,0.0,0.0,0.0,120.0,29.17,1.14,1.14,1.0,0.0,0.0,29.12,0.99,50.04,51.52,100.0,47.68
2018-01-03 20:56:00,0,2,30.6,72.0,68.0,29.65,29.13,30.6,0.0,0.0,0.0,45.0,29.14,0.0,0.0,0.0,120.0,29.14,1.14,1.14,1.0,0.0,0.0,29.09,0.99,50.12,51.61,100.0,47.75
2018-01-03 20:57:00,0,2,30.57,72.0,68.0,29.62,29.1,30.57,0.0,0.0,0.0,45.0,29.11,0.0,0.0,0.0,120.0,29.1,1.14,1.14,1.0,0.0,0.0,29.05,0.99,50.2,51.7,100.0,47.82
2018-01-03 20:58:00,0,2,30.54,72.0,68.0,29.58,29.07,30.54,0.0,0.0,0.0,45.0,29.07,0.0,0.0,0.0,120.0,29.07,1.14,1.14,1.0,0.0,0.0,29.02,0.99,50.28,51.79,100.0,47.89
2018-01-03 20:59:00,0,2,30.51,72.0,68.0,29.55,29.03,30.51,0.0,0.0,0.0,45.0,29.04,0.0,0.0,0.0,120.0,29.04,1.14,1.14,1.0,0.0,0.0,28.99,0.99,50.36,51.88,100.0,47.95
2018-01-03 21:00:00,0,2,30.48,72.0,68.0,29.52,29.0,30.48,0.0,0.0,0.0,45.0,29.01,0.0,0.0,0.0,120.0,29.0,1.14,1.14,1.0,0.0,0.0,28.95,0.99,50.44,51.96,100.0,48.02
2018-01-03 21:01:00,0,2,30.45,72.0,68.0,29.49,28.97,30.45,0.0,0.0,0.0,45.0,28.98,0.0,0.0,0.0,120.0,28.97,1.14,1.14,1.0,0.0,0.0,28.93,0.99,50.5,52.02,100.0,48.08
2018-01-03 21:02:00,0,2,30.42,72.0,68.0,29.47,28.95,30.42,0.0,0.0,0.0,45.0,28.95,0.0,0.0,0.0,120.0,28.95,1.14,1.14,1.0,0.0,0.0,28.91,0.99,50.55,52.06,100.0,48.13
2018-01-03 21:03:00,0,2,30.4,72.0,68.0,29.45,28.93,30.4,0.0,0.0,0.0,45.0,28.93,0.0,0.0,0.0,120.0,28.93,1.14,1.14,1.0,0.0,0.0,28.89,0.99,50.58,52.1,100.0,48.17
2018-01-03 21:04:00,0,2,30.38,72.0,68.0,29.43,28.91,30.38,0.0,0.0,0.0,45.0,28.91,0.0,0.0,0.0,120.0,28.91,1.14,1.14,1.0,0.0,0.0,28.87,0.99,50.62,52.13,100.0,48.2
2018-01-03 21:05:00,0,2,30.36,72.0,68.0,29.41,28.89,30.36,0.0,0.0,0.0,45.0,28.89,0.0,0.0,0.0,120.0,28.89,1.14,1.14,1.0,0.0,0.0,28.85,0.99,50.65,52.17,100.0,48.23
2018-01-03 21:06:00,0,2,30.34,72.0,68.0,29.39,28.87,30.34,0.0,0.0,0.0,45.0,28.87,0.0,0.0,0.0,120.0,28.87,1.14,1.14,1.0,0.0,0.0,28.83,0.99,50.68,52.2,100.0,48.26
2018-01-03 21:07:00,0,2,30.32,72.0,68.0,29.37,28.85,30.32,0.0,0.0,0.0,45.0,28.85,0.0,0.0,0.0,120.0,28.85,1.14,1.14,1.0,0.0,0.0,28.81,0.99,50.71,52.23,100.0,48.28
2018-01-03 21:08:00,0,2,30.3,72.0,68.0,29.35,28.83,30.3,0.0,0.0,0.0,45.0,28.83,0.0,0.0,0.0,120.0,28.83,1.14,1.14,1.0,0.0,0.0,28.79,0.99,50.74,52.26,100.0,48.31
2018-01-03 21:09:00,0,2,30.28,72.0,68.0,29.33,28.81,30.28,0.0,0.0,0.0,45.0,28.82,0.0,0.0,0.0,120.0,28.81,1.14,1.14,1.0,0.0,0.0,28.78,0.99,50.77,52.3,100.0,48.33
2018-01-03 21:10:00,0,2,30.27,72.0,68.0,29.32,28.79,30.27,0.0,0.0,0.0,45.0,28.8,0.0,0.0,0.0,120.0,28.8,1.14,1.14,1.0,0.0,0.0,28.76,0.99,50.79,52.33,100.0,48.35
2018-01-03 21:11:00,0,2,30.25,72.0,68.0,29.3,28.78,30.25,0.0,0.0,0.0,45.0,28.78,0.0,0.0,0.0,120.0,28.78,1.14,1.14,1.0,0.0,0.0,28.74,0.99,50.82,52.36,100.0,48.37
2018-01-03 21:12:00,0,2,30.23,72.0,68.0,29.28,28.76,30.23,0.0,0.0,0.0,45.0,28.76,0.0,0.0,0.0,120.0,28.76,1.14,1.14,1.0,0.0,0.0,28.72,0.99,50.85,52.39,100.0,48.39
2018-01-03 21:13:00,2,1,30.26,85.0,55.0,29.22,28.75,30.26,0.0,0.0,0.0,45.0,28.78,0.0,0.26,0.0,120.0,28.75,5671.08,5670.69,1.0,0.0,9.75,28.7,1.4,51.0,52.42,100.0,48.31
2018-01-03 21:14:00,2,1,30.24,85.0,55.0,29.19,28.73,30.24,0.0,0.0,0.0,45.0,28.74,0.0,0.26,0.0,120.0,28.73,5670.71,5670.33,1.0,0.0,9.75,28.69,1.39,51.07,52.44,100.0,48.33
2018-01-03 21:15:00,2,1,30.21,85.0,55.0,29.16,28.71,30.21,0.0,0.0,0.0,45.0,28.72,0.0,0.26,0.0,120.0,28.71,5671.01,5670.63,1.0,0.0,9.75,28.67,1.39,51.12,52.47,100.0,48.39
2018-01-03 21:16:00,2,1,30.18,85.0,55.0,29.14,28.69,30.18,0.0,0.0,0.0,45.0,28.7,0.0,0.26,0.0,120.0,28.69,5670.44,5670.05,1.0,0.0,9.75,28.65,1.39,51.15,52.5,100.0,48.44
2018-01-03 21:17:00,2,1,30.16,85.0,55.0,29.12,28.67,30.16,0.0,0.0,0.0,45.0,28.68,0.0,0.26,0.0,120.0,28.68,5670.72,5670.35,1.0,0.0,9.75,28.64,1.39,51.18,52.53,100.0,48.48
2018-01-03 21:18:00,2,1,30.14,85.0,55.0,29.1,28.66,30.14,0.0,0.0,0.0,45.0,28.66,0.0,0.26,0.0,120.0,28.66,5670.85,5670.48,1.0,0.0,9.75,28.62,1.39,51.21,52.56,100.0,48.5
2018-01-03 21:19:00,2,1,30.12,85.0,55.0,29.09,28.64,30.12,0.0,0.0,0.0,45.0,28.64,0.0,0.26,0.0,120.0,28.64,5671.08,5670.71,1.0,0.0,9.75,28.61,1.39,51.24,52.58,100.0,48.53
2018-01-03 21:20:00,2,1,30.1,85.0,55.0,29.07,28.62,30.1,0.0,0.0,0.0,45.0,28.63,0.0,0.26,0.0,120.0,28.63,5671.08,5670.71,1.0,0.0,9.75,28.59,1.39,51.26,52.61,100.0,48.55
2018-01-03 21:21:00,2,1,30.09,85.0,55.0,29.06,28.61,30.09,0.0,0.0,0.0,45.0,28.61,0.0,0.26,0.0,120.0,28.61,5670.63,5670.23,1.0,0.0,9.75,28.57,1.39,51.29,52.64,100.0,48.57
2018-01-03 21:22:00,2,1,30.07,85.0,55.0,29.04,28.59,30.07,0.0,0.0,0.0,45.0,28.6,0.0,0.26,0.0,120.0,28.6,5670.51,5670.11,1.0,0.0,9.75,28.56,1.39,51.31,52.66,100.0,48.59
2018-01-03 21:23:00,2,1,30.06,85.0,55.0,29.03,28.58,30.06,0.0,0.0,0.0,45.0,28.58,0.0,0.26,0.0,120.0,28.58,5670.46,5670.07,1.0,0.0,9.75,28.54,1.39,51.33,52.69,100.0,48.6
2018-01-03 21:24:00,2,1,30.05,85.0,55.0,29.01,28.56,30.05,0.0,0.0,0.0,45.0,28.57,0.0,0.26,0.0,120.0,28.57,5670.51,5670.11,1.0,0.0,9.75,28.53,1.39,51.36,52.71,100.0,48.62
2018-01-03 21:25:00,2,1,30.03,85.0,55.0,29.0,28.55,30.03,0.0,0.0,0.0,45.0,28.55,0.0,0.26,0.0,120.0,28.55,5670.32,5669.93,1.0,0.0,9.75,28.51,1.39,51.38,52.74,100.0,48.64
2018-01-03 21:26:00,0,2,30.04,72.0,68.0,29.08,28.54,30.04,0.0,0.0,0.0,45.0,28.55,0.06,0.0,0.0,120.0,28.54,3.37,3.37,1.0,0.0,0.0,28.5,1.2,51.14,52.77,100.0,48.61
2018-01-03 21:27:00,0,2,30.07,72.0,68.0,29.04,28.53,30.07,0.0,0.0,0.0,45.0,28.55,0.06,0.0,0.0,120.0,28.53,39.09,39.08,1.0,0.0,0.0,28.48,1.18,51.23,52.79,100.0,48.53
2018-01-03 21:28:00,0,2,30.03,72.0,68.0,29.13,28.51,30.03,0.0,0.0,0.0,45.0,28.52,0.06,0.0,0.0,120.0,28.51,-53.5,-53.49,1.0,0.0,0.0,28.47,1.18,50.98,52.82,100.0,48.59
2018-01-03 21:29:00,0,2,30.08,72.0,68.0,29.07,28.5,30.08,0.0,0.0,0.0,45.0,28.53,0.0,0.0,0.0,120.0,28.51,1.14,1.14,1.0,0.0,0.0,28.45,1.0,51.13,52.85,100.0,48.47
2018-01-03 21:30:00,0,2,30.04,72.0,68.0,29.03,28.48,30.04,0.0,0.0,0.0,45.0,28.49,0.0,0.0,0.0,120.0,28.48,1.14,1.14,1.0,0.0,0.0,28.44,0.99,51.2,52.87,100.0,48.55
2018-01-03 21:31:00,0,2,30.0,72.0,68.0,29.01,28.46,30.0,0.0,0.0,0.0,45.0,28.47,0.0,0.0,0.0,120.0,28.47,1.14,1.14,1.0,0.0,0.0,28.43,0.99,51.25,52.9,100.0,48.63
2018-01-03 21:32:00,0,2,29.97,72.0,68.0,28.99,28.45,29.97,0.0,0.0,0.0,45.0,28.45,0.0,0.0,0.0,120.0,28.45,1.14,1.14,1.0,0.0,0.0,28.41,0.99,51.28,52.93,100.0,48.68
2018-01-03 21:33:00,0,2,29.95,72.0,68.0,28.97,28.43,29.95,0.0,0.0,0.0,45.0,28.44,0.0,0.0,0.0,120.0,28.44,1.14,1.14,1.0,0.0,0.0,28.4,0.99,51.32,52.95,100.0,48.72
2018-01-03 21:34:00,0,2,29.94,72.0,68.0,28.96,28.42,29.94,0.0,0.0,0.0,45.0,28.42,0.0,0.0,0.0,120.0,28.42,1.14,1.14,1.0,0.0,0.0,28.38,0.99,51.35,52.98,100.0,48.75
2018-01-03 21:35:00,0,2,29.92,72.0,68.0,28.95,28.41,29.92,0.0,0.0,0.0,45.0,28.41,0.0,0.0,0.0,120.0,28.41,1.14,1.14,1.0,0.0,0.0,28.37,0.99,51.37,53.01,100.0,48.78
2018-01-03 21:36:00,0,2,29.91,72.0,68.0,28.93,28.39,29.91,0.0,0.0,0.0,45.0,28.4,0.0,0.0,0.0,120.0,28.39,1.14,1.14,1.0,0.0,0.0,28.36,0.99,51.4,53.04,100.0,48.8
2018-01-03 21:37:00,2,1,29.94,85.0,55.0,28.87,28.39,29.94,0.0,0.0,0.0,45.0,28.41,0.0,0.26,0.0,120.0,28.39,5670.21,5669.8,1.0,0.0,9.75,28.34,1.39,51.58,53.07,100.0,48.7
2018-01-03 21:38:00,2,1,29.92,85.0,55.0,28.84,28.37,29.92,0.0,0.0,0.0,45.0,28.38,0.0,0.26,0.0,120.0,28.37,5671.09,5670.71,1.0,0.0,9.75,28.33,1.39,51.65,53.1,100.0,48.75
2018-01-03 21:39:00,2,1,29.89,85.0,55.0,28.82,28.35,29.89,0.0,0.0,0.0,45.0,28.36,0.0,0.26,0.0,120.0,28.36,5670.53,5670.12,1.0,0.0,9.75,28.32,1.39,51.69,53.13,100.0,48.81
2018-01-03 21:40:00,2,1,29.87,85.0,55.0,28.8,28.34,29.87,0.0,0.0,0.0,45.0,28.34,0.0,0.26,0.0,120.0,28.34,5670.65,5670.25,1.0,0.0,9.75,28.3,1.39,51.73,53.16,100.0,48.87
2018-01-03 21:41:00,2,1,29.85,85.0,55.0,28.79,28.33,29.85,0.0,0.0,0.0,45.0,28.33,0.0,0.26,0.0,120.0,28.33,5671.04,5670.67,1.0,0.0,9.75,28.29,1.39,51.77,53.19,100.0,48.91
2018-01-03 21:42:00,2,1,29.83,85.0,55.0,28.77,28.31,29.83,0.0,0.0,0.0,45.0,28.32,0.0,0.26,0.0,120.0,28.31,5670.39,5669.98,1.0,0.0,9.75,28.28,1.39,51.8,53.22,100.0,48.94
2018-01-03 21:43:00,2,1,29.82,85.0,55.0,28.76,28.3,29.82,0.0,0.0,0.0,45.0,28.3,0.0,0.26,0.0,120.0,28.3,5670.46,5670.05,1.0,0.0,9.75,28.26,1.39,51.83,53.25,100.0,48.97
2018-01-03 21:44:00,2,1,29.8,85.0,55.0,28.75,28.29,29.8,0.0,0.0,0.0,45.0,28.29,0.0,0.26,0.0,120.0,28.29,5670.51,5670.11,1.0,0.0,9.75,28.25,1.39,51.86,53.29,100.0,49.0
2018-01-03 21:45:00,2,1,29.79,85.0,55.0,28.73,28.27,29.79,0.0,0.0,0.0,45.0,28.28,0.0,0.26,0.0,120.0,28.28,5670.42,5670.02,1.0,0.0,9.75,28.24,1.39,51.89,53.32,100.0,49.02
2018-01-03 21:46:00,2,1,29.78,85.0,55.0,28.72,28.26,29.78,0.0,0.0,0.0,45.0,28.26,0.0,0.26,0.0,120.0,28.26,5670.21,5669.82,1.0,0.0,9.75,28.23,1.39,51.93,53.36,100.0,49.05
2018-01-03 21:47:00,2,1,29.77,85.0,55.0,28.71,28.25,29.77,0.0,0.0,0.0,45.0,28.25,0.0,0.26,0.0,120.0,28.25,5670.51,5670.11,1.0,0.0,9.75,28.21,1.39,51.96,53.39,100.0,49.08
2018-01-03 21:48:00,2,1,29.76,85.0,55.0,28.7,28.23,29.76,0.0,0.0,0.0,45.0,28.24,0.0,0.26,0.0,120.0,28.24,5670.44,5670.03,1.0,0.0,9.75,28.2,1.39,51.99,53.43,100.0,49.11
2018-01-03 21:49:00,2,1,29.74,85.0,55.0,28.68,28.22,29.74,0.0,0.0,0.0,45.0,28.23,0.0,0.26,0.0,120.0,28.22,5670.41,5670.0,1.0,0.0,9.75,28.19,1.39,52.03,53.47,100.0,49.13
2018-01-03 21:50:00,2,1,29.73,85.0,55.0,28.67,28.21,29.73,0.0,0.0,0.0,45.0,28.21,0.0,0.26,0.0,120.0,28.21,5670.25,5669.84,1.0,0.0,9.75,28.17,1.39,52.06,53.51,100.0,49.16
2018-01-03 21:51:00,2,1,29.72,85.0,55.0,28.66,28.2,29.72,0.0,0.0,0.0,45.0,28.2,0.0,0.26,0.0,120.0,28.2,5670.19,5669.8,1.0,0.0,9.75,28.16,1.39,52.1,53.55,100.0,49.19
2018-01-03 21:52:00,2,1,29.71,85.0,55.0,28.65,28.18,29.71,0.0,0.0,0.0,45.0,28.19,0.0,0.26,0.0,120.0,28.19,5671.09,5670.71,1.0,0.0,9.75,28.15,1.39,52.14,53.59,100.0,49.23
2018-01-03 21:53:00,2,1,29.7,85.0,55.0,28.63,28.17,29.7,0.0,0.0,0.0,45.0,28.17,0.0,0.26,0.0,120.0,28.17,5670.33,5669.95,1.0,0.0,9.75,28.14,1.39,52.18,53.63,100.0,49.26
2018-01-03 21:54:00,2,1,29.69,85.0,55.0,28.62,28.16,29.69,0.0,0.0,0.0,45.0,28.16,0.0,0.26,0.0,120.0,28.16,5670.72,5670.35,1.0,0.0,9.75,28.12,1.39,52.22,53.68,100.0,49.29
2018-01-03 21:55:00,2,1,29.67,85.0,55.0,28.61,28.15,29.67,0.0,0.0,0.0,45.0,28.15,0.0,0.26,0.0,120.0,28.15,5671.06,5670.67,1.0,0.0,9.75,28.11,1.39,52.26,53.72,100.0,49.33
2018-01-03 21:56:00,2,1,29.66,85.0,55.0,28.6,28.13,29.66,0.0,0.0,0.0,45.0,28.14,0.0,0.26,0.0,120.0,28.13,5671.04,5670.65,1.0,0.0,9.75,28.1,1.39,52.3,53.77,100.0,49.36
2018-01-03 21:57:00,2,1,29.65,85.0,55.0,28.58,28.12,29.65,0.0,0.0,0.0,45.0,28.12,0.0,0.27,0.0,120.0,28.12,5670.33,5669.95,1.0,0.0,9.75,28.08,1.39,52.35,53.82,100.0,49.4
2018-01-03 21:58:00,2,1,29.64,85.0,55.0,28.57,28.11,29.64,0.0,0.0,0.0,45.0,28.11,0.0,0.27,0.0,120.0,28.11,5670.97,5670.6,1.0,0.0,9.75,28.07,1.39,52.39,53.86,100.0,49.44
2018-01-03 21:59:00,2,1,29.63,85.0,55.0,28.56,28.09,29.63,0.0,0.0,0.0,45.0,28.1,0.0,0.27,0.0,120.0,28.1,5670.48,5670.09,1.0,0.0,9.75,28.06,1.39,52.44,53.92,100.0,49.48
2018-01-03 22:00:00,2,1,29.62,85.0,55.0,28.55,28.08,29.62,0.0,0.0,0.0,45.0,28.08,0.0,0.27,0.0,120.0,28.08,5670.72,5670.35,1.0,0.0,9.75,28.05,1.39,52.49,53.97,100.0,49.52
2018-01-03 22:01:00,2,1,29.6,85.0,55.0,28.53,28.07,29.6,0.0,0.0,0.0,45.0,28.07,0.0,0.27,0.0,120.0,28.07,5671.01,5670.63,1.0,0.0,9.75,28.03,1.39,52.56,54.05,100.0,49.57
2018-01-03 22:02:00,2,1,29.59,85.0,55.0,28.52,28.05,29.59,0.0,0.0,0.0,45.0,28.06,0.0,0.27,0.0,120.0,28.06,5670.55,5670.16,1.0,0.0,9.75,28.02,1.39,52.65,54.15,100.0,49.64
2018-01-03 22:03:00,2,1,29.58,85.0,55.0,28.5,28.04,29.58,0.0,0.0,0.0,45.0,28.04,0.0,0.27,0.0,120.0,28.04,5670.58,5670.19,1.0,0.0,9.75,28.0,1.39,52.74,54.25,100.0,49.72
2018-01-03 22:04:00,2,1,29.56,85.0,55.0,28.49,28.02,29.56,0.0,0.0,0.0,45.0,28.03,0.0,0.27,0.0,120.0,28.03,5671.04,5670.65,1.0,0.0,9.75,27.99,1.39,52.84,54.35,100.0,49.81
2018-01-03 22:05:00,2,1,29.55,85.0,55.0,28.47,28.01,29.55,0.0,0.0,0.0,45.0,28.01,0.0,0.27,0.0,120.0,28.01,5670.72,5670.35,1.0,0.0,9.75,27.97,1.39,52.94,54.45,100.0,49.9
2018-01-03 22:06:00,2,1,29.53,85.0,55.0,28.46,27.99,29.53,0.0,0.0,0.0,45.0,28.0,0.0,0.27,0.0,120.0,28.0,5670.46,5670.05,1.0,0.0,9.75,27.96,1.39,53.04,54.56,100.0,49.99
2018-01-03 22:07:00,2,1,29.52,85.0,55.0,28.45,27.98,29.52,0.0,0.0,0.0,45.0,27.98,0.0,0.27,0.0,120.0,27.98,5670.72,5670.35,1.0,0.0,9.75,27.94,1.39,53.14,54.67,100.0,50.08
2018-01-03 22:08:00,2,1,29.5,85.0,55.0,28.43,27.97,29.5,0.0,0.0,0.0,45.0,27.97,0.0,0.27,0.0,120.0,27.97,5670.42,5670.02,1.0,0.0,9.75,27.93,1.39,53.25,54.77,100.0,50.18
2018-01-03 22:09:00,2,1,29.49,85.0,55.0,28.41,27.95,29.49,0.0,0.0,0.0,45.0,27.95,0.0,0.27,0.0,120.0,27.95,5671.08,5670.69,1.0,0.0,9.75,27.91,1.39,53.35,54.88,100.0,50.28
2018-01-03 22:10:00,2,1,29.47,85.0,55.0,28.4,27.94,29.47,0.0,0.0,0.0,45.0,27.94,0.0,0.27,0.0,120.0,27.94,5670.99,5670.6,1.0,0.0,9.75,27.9,1.39,53.46,55.0,100.0,50.38
2018-01-03 22:11:00,2,1,29.45,85.0,55.0,28.38,27.92,29.45,0.0,0.0,0.0,45.0,27.92,0.0,0.27,0.0,120.0,27.92,5670.28,5669.89,1.0,0.0,9.75,27.88,1.39,53.57,55.11,100.0,50.48
2018-01-03 22:12:00,2,1,29.44,85.0,55.0,28.37,27.9,29.44,0.0,0.0,0.0,45.0,27.91,0.0,0.27,0.0,120.0,27.91,5670.25,5669.86,1.0,0.0,9.75,27.87,1.39,53.68,55.22,100.0,50.58
2018-01-03 22:13:00,2,1,29.42,85.0,55.0,28.35,27.89,29.42,0.0,0.0,0.0,45.0,27.89,0.0,0.27,0.0,120.0,27.89,5670.42,5670.03,1.0,0.0,9.75,27.85,1.39,53.79,55.34,100.0,50.69
2018-01-03 22:14:00,2,1,29.4,85.0,55.0,28.34,27.87,29.4,0.0,0.0,0.0,45.0,27.88,0.0,0.27,0.0,120.0,27.88,5670.21,5669.8,1.0,0.0,9.75,27.84,1.39,53.91,55.46,100.0,50.79
2018-01-03 22:15:00,2,1,29.39,85.0,55.0,28.32,27.86,29.39,0.0,0.0,0.0,45.0,27.86,0.0,0.27,0.0,120.0,27.86,5670.46,5670.05,1.0,0.0,9.75,27.82,1.39,54.02,55.58,100.0,50.9
2018-01-03 22:16:00,2,1,29.37,85.0,55.0,28.3,27.84,29.37,0.0,0.0,0.0,45.0,27.85,0.0,0.27,0.0,120.0,27.84,5670.72,5670.35,1.0,0.0,9.75,27.81,1.39,54.14,55.7,100.0,51.01
2018-01-03 22:17:00,2,1,29.35,85.0,55.0,28.29,27.83,29.35,0.0,0.0,0.0,45.0,27.83,0.0,0.27,0.0,120.0,27.83,5670.85,5670.46,1.0,0.0,9.75,27.79,1.39,54.25,55.82,100.0,51.12
2018-01-03 22:18:00,2,1,29.34,85.0,55.0,28.27,27.81,29.34,0.0,0.0,0.0,45.0,27.82,0.0,0.27,0.0,120.0,27.81,5670.42,5670.02,1.0,0.0,9.75,27.77,1.39,54.37,55.94,100.0,51.23
2018-01-03 22:19:00,2,1,29.32,85.0,55.0,28.26,27.8,29.32,0.0,0.0,0.0,45.0,27.8,0.0,0.27,0.0,120.0,27.8,5670.53,5670.14,1.0,0.0,9.75,27.76,1.39,54.49,56.06,100.0,51.34
2018-01-03 22:20:00,2,1,29.3,85.0,55.0,28.24,27.78,29.3,0.0,0.0,0.0,45.0,27.78,0.0,0.27,0.0,120.0,27.78,5670.51,5670.11,1.0,0.0,9.75,27.74,1.39,54.61,56.19,100.0,51.45
2018-01-03 22:21:00,2,1,29.28,85.0,55.0,28.22,27.76,29.28,0.0,0.0,0.0,45.0,27.77,0.0,0.27,0.0,120.0,27.77,5670.56,5670.18,1.0,0.0,9.75,27.73,1.39,54.73,56.31,100.0,51.56
2018-01-03 22:22:00,2,1,29.27,85.0,55.0,28.21,27.75,29.27,0.0,0.0,0.0,45.0,27.75,0.0,0.27,0.0,120.0,27.75,5670.35,5669.95,1.0,0.0,9.75,27.71,1.39,54.86,56.44,100.0,51.68
2018-01-03 22:23:00,2,1,29.25,85.0,55.0,28.19,27.73,29.25,0.0,0.0,0.0,45.0,27.73,0.0,0.27,0.0,120.0,27.73,5670.72,5670.35,1.0,0.0,9.75,27.69,1.39,54.98,56.57,100.0,51.79
2018-01-03 22:24:00,2,1,29.23,85.0,55.0,28.17,27.71,29.23,0.0,0.0,0.0,45.0,27.72,0.0,0.27,0.0,120.0,27.72,5670.49,5670.09,1.0,0.0,9.75,27.68,1.39,55.11,56.7,100.0,51.91
2018-01-03 22:25:00,2,1,29.21,85.0,55.0,28.16,27.7,29.21,0.0,0.0,0.0,45.0,27.7,0.0,0.27,0.0,120.0,27.7,5670.49,5670.09,1.0,0.0,9.75,27.66,1.39,55.23,56.83,100.0,52.03
2018-01-03 22:26:00,2,1,29.2,85.0,55.0,28.14,27.68,29.2,0.0,0.0,0.0,45.0,27.68,0.0,0.27,0.0,120.0,27.68,5670.99,5670.62,1.0,0.0,9.75,27.64,1.39,55.36,56.96,100.0,52.14
2018-01-03 22:27:00,2,1,29.18,85.0,55.0,28.12,27.66,29.18,0.0,0.0,0.0,45.0,27.67,0.0,0.27,0.0,120.0,27.67,5670.37,5669.96,1.0,0.0,9.75,27.63,1.39,55.49,57.1,100.0,52.26
2018-01-03 22:28:00,2,1,29.16,85.0,55.0,28.1,27.65,29.16,0.0,0.0,0.0,45.0,27.65,0.0,0.27,0.0,120.0,27.65,5670.39,5670.0,1.0,0.0,9.75,27.61,1.39,55.62,57.23,100.0,52.38
2018-01-03 22:29:00,2,1,29.14,85.0,55.0,28.09,27.63,29.14,0.0,0.0,0.0,45.0,27.63,0.0,0.27,0.0,120.0,27.63,5670.56,5670.16,1.0,0.0,9.75,27.59,1.39,55.75,57.36,100.0,52.51
2018-01-03 22:30:00,2,1,29.12,85.0,55.0,28.07,27.61,29.12,0.0,0.0,0.0,45.0,27.62,0.0,0.27,0.0,120.0,27.61,5670.51,5670.11,1.0,0.0,9.75,27.58,1.39,55.88,57.5,100.0,52.63
2018-01-03 22:31:00,2,1,29.1,85.0,55.0,28.05,27.59,29.1,0.0,0.0,0.0,45.0,27.6,0.0,0.27,0.0,120.0,27.6,5671.04,5670.67,1.0,0.0,9.75,27.56,1.39,56.01,57.64,100.0,52.75
2018-01-03 22:32:00,2,1,29.08,85.0,55.0,28.03,27.58,29.08,0.0,0.0,0.0,45.0,27.58,0.0,0.27,0.0,120.0,27.58,5670.95,5670.58,1.0,0.0,9.75,27.54,1.39,56.14,57.77,100.0,52.87
2018-01-03 22:33:00,2,1,29.07,85.0,55.0,28.01,27.56,29.07,0.0,0.0,0.0,45.0,27.56,0.0,0.27,0.0,120.0,27.56,5670.72,5670.35,1.0,0.0,9.75,27.52,1.39,56.28,57.91,100.0,53.0
2018-01-03 22:34:00,2,1,29.05,85.0,55.0,28.0,27.54,29.05,0.0,0.0,0.0,45.0,27.55,0.0,0.27,0.0,120.0,27.54,5670.26,5669.86,1.0,0.0,9.75,27.5,1.39,56.41,58.05,100.0,53.12
2018-01-03 22:35:00,2,1,29.03,85.0,55.0,27.98,27.52,29.03,0.0,0.0,0.0,45.0,27.53,0.0,0.27,0.0,120.0,27.53,5670.37,5669.96,1.0,0.0,9.75,27.49,1.39,56.55,58.19,100.0,53.25
2018-01-03 22:36:00,2,1,29.01,85.0,55.0,27.96,27.51,29.01,0.0,0.0,0.0,45.0,27.51,0.0,0.27,0.0,120.0,27.51,5670.46,5670.07,1.0,0.0,9.75,27.47,1.39,56.68,58.33,100.0,53.38
2018-01-03 22:37:00,2,1,28.99,85.0,55.0,27.94,27.49,28.99,0.0,0.0,0.0,45.0,27.49,0.0,0.27,0.0,120.0,27.49,5670.56,5670.16,1.0,0.0,9.75,27.45,1.39,56.82,58.48,100.0,53.5
2018-01-03 22:38:00,2,1,28.97,85.0,55.0,27.92,27.47,28.97,0.0,0.0,0.0,45.0,27.47,0.0,0.27,0.0,120.0,27.47,5670.35,5669.96,1.0,0.0,9.75,27.43,1.39,56.96,58.62,100.0,53.63
2018-01-03 22:39:00,2,1,28.95,85.0,55.0,27.9,27.45,28.95,0.0,0.0,0.0,45.0,27.45,0.0,0.27,0.0,120.0,27.45,5670.55,5670.14,1.0,0.0,9.75,27.41,1.39,57.1,58.76,100.0,53.76
2018-01-03 22:40:00,2,1,28.93,85.0,55.0,27.88,27.43,28.93,0.0,0.0,0.0,45.0,27.43,0.0,0.27,0.0,120.0,27.43,5670.39,5669.98,1.0,0.0,9.75,27.39,1.39,57.24,58.91,100.0,53.89
2018-01-03 22:41:00,2,1,28.91,85.0,55.0,27.86,27.41,28.91,0.0,0.0,0.0,45.0,27.42,0.0,0.27,0.0,120.0,27.41,5670.72,5670.35,1.0,0.0,9.75,27.37,1.39,57.38,59.05,100.0,54.02
2018-01-03 22:42:00,0,2,28.95,72.0,68.0,27.92,27.4,28.95,0.0,0.0,0.0,45.0,27.43,0.06,0.0,0.0,120.0,27.41,39.08,39.08,1.0,0.0,0.0,27.35,1.18,57.27,59.2,100.0,53.96
2018-01-03 22:43:00,0,2,28.92,72.0,68.0,27.88,27.38,28.92,0.0,0.0,0.0,45.0,27.39,0.06,0.0,0.0,120.0,27.38,39.08,39.08,1.0,0.0,0.0,27.34,1.18,57.45,59.35,100.0,54.14
2018-01-03 22:44:00,0,2,28.88,72.0,68.0,27.86,27.36,28.88,0.0,0.0,0.0,45.0,27.36,0.06,0.0,0.0,120.0,27.36,39.09,39.08,1.0,0.0,0.0,27.32,1.17,57.62,59.49,100.0,54.32
2018-01-03 22:45:00,0,2,28.84,72.0,68.0,27.83,27.33,28.84,0.0,0.0,0.0,45.0,27.34,0.06,0.0,0.0,120.0,27.34,39.09,39.08,1.0,0.0,0.0,27.3,1.17,57.77,59.64,100.0,54.49
2018-01-03 22:46:00,0,2,28.82,72.0,68.0,27.81,27.31,28.82,0.0,0.0,0.0,45.0,27.32,0.06,0.0,0.0,120.0,27.32,39.09,39.09,1.0,0.0,0.0,27.28,1.17,57.92,59.79,100.0,54.64
2018-01-03 22:47:00,0,2,28.79,72.0,68.0,27.79,27.29,28.79,0.0,0.0,0.0,45.0,27.3,0.06,0.0,0.0,120.0,27.3,39.09,39.08,1.0,0.0,0.0,27.25,1.17,58.07,59.94,100.0,54.78
2018-01-03 22:48:00,0,2,28.77,72.0,68.0,27.77,27.27,28.77,0.0,0.0,0.0,45.0,27.28,0.06,0.0,0.0,120.0,27.28,39.08,39.08,1.0,0.0,0.0,27.23,1.17,58.22,60.09,100.0,54.92
2018-01-03 22:49:00,0,2,28.75,72.0,68.0,27.74,27.25,28.75,0.0,0.0,0.0,45.0,27.26,0.06,0.0,0.0,120.0,27.25,39.08,39.08,1.0,0.0,0.0,27.21,1.17,58.36,60.24,100.0,55.06
2018-01-03 22:50:00,0,2,28.72,72.0,68.0,27.72,27.23,28.72,0.0,0.0,0.0,45.0,27.24,0.06,0.0,0.0,120.0,27.23,39.08,39.08,1.0,0.0,0.0,27.19,1.17,58.51,60.39,100.0,55.19
2018-01-03 22:51:00,0,2,28.7,72.0,68.0,27.7,27.21,28.7,0.0,0.0,0.0,45.0,27.21,0.06,0.0,0.0,120.0,27.21,39.08,39.08,1.0,0.0,0.0,27.17,1.17,58.65,60.54,100.0,55.33
2018-01-03 22:52:00,0,2,28.68,72.0,68.0,27.68,27.19,28.68,0.0,0.0,0.0,45.0,27.19,0.06,0.0,0.0,120.0,27.19,39.08,39.08,1.0,0.0,0.0,27.15,1.17,58.8,60.69,100.0,55.46
2018-01-03 22:53:00,0,2,28.66,72.0,68.0,27.66,27.17,28.66,0.0,0.0,0.0,45.0,27.17,0.06,0.0,0.0,120.0,27.17,39.08,39.08,1.0,0.0,0.0,27.13,1.17,58.94,60.84,100.0,55.59
2018-01-03 22:54:00,0,2,28.64,72.0,68.0,27.64,27.15,28.64,0.0,0.0,0.0,45.0,27.15,0.06,0.0,0.0,120.0,27.15,39.09,39.08,1.0,0.0,0.0,27.11,1.17,59.09,61.0,100.0,55.73
2018-01-03 22:55:00,0,2,28.67,72.0,68.0,27.7,27.13,28.67,0.0,0.0,0.0,45.0,27.16,0.0,0.0,0.0,120.0,27.13,1.14,1.14,1.0,0.0,0.0,27.08,1.01,58.94,61.15,100.0,55.67
2018-01-03 22:56:00,0,2,28.66,72.0,68.0,27.66,27.11,28.66,0.0,0.0,0.0,45.0,27.12,0.0,0.0,0.0,120.0,27.11,1.14,1.14,1.0,0.0,0.0,27.06,1.0,59.15,61.3,100.0,55.79
2018-01-03 22:57:00,2,1,28.64,85.0,55.0,27.59,27.09,28.64,0.0,0.0,0.0,45.0,27.12,0.0,0.28,0.0,120.0,27.09,5670.72,5670.35,1.0,0.0,9.75,27.04,1.4,59.49,61.46,100.0,55.9
2018-01-03 22:58:00,2,1,28.62,85.0,55.0,27.53,27.07,28.62,0.0,0.0,0.0,45.0,27.09,0.0,0.28,0.0,120.0,27.07,5670.65,5670.25,1.0,0.0,9.75,27.02,1.39,59.72,61.61,100.0,56.01
2018-01-03 22:59:00,2,1,28.57,85.0,55.0,27.5,27.04,28.57,0.0,0.0,0.0,45.0,27.05,0.0,0.28,0.0,120.0,27.04,5670.49,5670.09,1.0,0.0,9.75,26.99,1.39,59.92,61.76,100.0,56.23
2018-01-03 23:00:00,2,1,28.53,85.0,55.0,27.47,27.01,28.53,0.0,0.0,0.0,45.0,27.02,0.0,0.28,0.0,120.0,27.02,5670.72,5670.35,1.0,0.0,9.75,26.97,1.39,60.09,61.92,100.0,56.43
2018-01-03 23:01:00,2,1,28.49,85.0,55.0,27.44,26.98,28.49,0.0,0.0,0.0,45.0,26.99,0.0,0.28,0.0,120.0,26.99,5670.71,5670.35,1.0,0.0,9.75,26.94,1.39,60.25,62.07,100.0,56.6
2018-01-03 23:02:00,2,1,28.46,85.0,55.0,27.41,26.95,28.46,0.0,0.0,0.0,45.0,26.96,0.0,0.28,0.0,120.0,26.96,5670.46,5670.07,1.0,0.0,9.75,26.91,1.39,60.39,62.22,100.0,56.74
2018-01-03 23:03:00,2,1,28.43,85.0,55.0,27.37,26.92,28.43,0.0,0.0,0.0,45.0,26.93,0.0,0.28,0.0,120.0,26.93,5670.72,5670.35,1.0,0.0,9.75,26.88,1.39,60.54,62.37,100.0,56.87
2018-01-03 23:04:00,2,1,28.4,85.0,55.0,27.34,26.89,28.4,0.0,0.0,0.0,45.0,26.9,0.0,0.28,0.0,120.0,26.9,5670.72,5670.32,1.0,0.0,9.75,26.85,1.39,60.68,62.52,100.0,56.99
2018-01-03 23:05:00,0,2,28.39,72.0,68.0,27.42,26.86,28.39,0.0,0.0,0.0,45.0,26.88,0.06,0.0,0.0,120.0,26.87,3.37,3.37,1.0,0.0,0.0,26.82,1.2,60.46,62.67,100.0,57.05
2018-01-03 23:06:00,0,2,28.4,72.0,68.0,27.35,26.84,28.4,0.0,0.0,0.0,45.0,26.86,0.06,0.0,0.0,120.0,26.84,39.09,39.09,1.0,0.0,0.0,26.78,1.18,60.7,62.83,100.0,57.03
2018-01-03 23:07:00,0,2,28.36,72.0,68.0,27.31,26.8,28.36,0.0,0.0,0.0,45.0,26.81,0.06,0.0,0.0,120.0,26.81,39.09,39.09,1.0,0.0,0.0,26.75,1.17,60.88,62.98,100.0,57.21
2018-01-03 23:08:00,0,2,28.31,72.0,68.0,27.27,26.77,28.31,0.0,0.0,0.0,45.0,26.77,0.06,0.0,0.0,120.0,26.77,39.08,39.08,1.0,0.0,0.0,26.72,1.17,61.04,63.13,100.0,57.38
2018-01-03 23:09:00,0,2,28.27,72.0,68.0,27.24,26.73,28.27,0.0,0.0,0.0,45.0,26.74,0.06,0.0,0.0,120.0,26.74,39.08,39.08,1.0,0.0,0.0,26.69,1.17,61.19,63.28,100.0,57.53
2018-01-03 23:10:00,0,2,28.24,72.0,68.0,27.2,26.7,28.24,0.0,0.0,0.0,45.0,26.71,0.06,0.0,0.0,120.0,26.7,39.09,39.08,1.0,0.0,0.0,26.65,1.17,61.34,63.43,100.0,57.66
2018-01-03 23:11:00,0,2,28.2,72.0,68.0,27.17,26.67,28.2,0.0,0.0,0.0,45.0,26.67,0.06,0.0,0.0,120.0,26.67,39.08,39.08,1.0,0.0,0.0,26.62,1.17,61.48,63.59,100.0,57.79
2018-01-03 23:12:00,0,2,28.17,72.0,68.0,27.14,26.63,28.17,0.0,0.0,0.0,45.0,26.64,0.06,0.0,0.0,120.0,26.64,39.09,39.08,1.0,0.0,0.0,26.59,1.17,61.62,63.74,100.0,57.91
2018-01-03 23:13:00,0,2,28.14,72.0,68.0,27.11,26.6,28.14,0.0,0.0,0.0,45.0,26.61,0.06,0.0,0.0,120.0,26.6,39.09,39.08,1.0,0.0,0.0,26.55,1.17,61.76,63.89,100.0,58.03
2018-01-03 23:14:00,0,2,28.11,72.0,68.0,27.07,26.57,28.11,0.0,0.0,0.0,45.0,26.57,0.06,0.0,0.0,120.0,26.57,39.09,39.08,1.0,0.0,0.0,26.52,1.17,61.91,64.05,100.0,58.15
2018-01-03 23:15:00,0,2,28.08,72.0,68.0,27.04,26.53,28.08,0.0,0.0,0.0,45.0,26.54,0.06,0.0,0.0,120.0,26.54,39.08,39.08,1.0,0.0,0.0,26.49,1.17,62.05,64.2,100.0,58.27
2018-01-03 23:16:00,0,2,28.05,72.0,68.0,27.01,26.5,28.05,0.0,0.0,0.0,45.0,26.51,0.06,0.0,0.0,120.0,26.5,39.08,39.08,1.0,0.0,0.0,26.45,1.17,62.19,64.36,100.0,58.38
2018-01-03 23:17:00,0,2,28.02,72.0,68.0,26.98,26.47,28.02,0.0,0.0,0.0,45.0,26.47,0.06,0.0,0.0,120.0,26.47,39.09,39.09,1.0,0.0,0.0,26.42,1.17,62.32,64.51,100.0,58.5
2018-01-03 23:18:00,0,2,27.99,72.0,68.0,26.94,26.43,27.99,0.0,0.0,0.0,45.0,26.44,0.06,0.0,0.0,120.0,26.44,39.08,39.08,1.0,0.0,0.0,26.39,1.17,62.46,64.67,100.0,58.61
2018-01-03 23:19:00,0,2,27.96,72.0,68.0,26.91,26.4,27.96,0.0,0.0,0.0,45.0,26.41,0.06,0.0,0.0,120.0,26.4,39.08,39.08,1.0,0.0,0.0,26.35,1.17,62.6,64.82,100.0,58.73
2018-01-03 23:20:00,0,2,27.93,72.0,68.0,26.88,26.36,27.93,0.0,0.0,0.0,45.0,26.37,0.06,0.0,0.0,120.0,26.37,39.09,39.09,1.0,0.0,0.0,26.32,1.17,62.74,64.97,100.0,58.84
2018-01-03 23:21:00,0,2,27.9,72.0,68.0,26.84,26.33,27.9,0.0,0.0,0.0,45.0,26.34,0.06,0.0,0.0,120.0,26.33,39.08,39.08,1.0,0.0,0.0,26.28,1.17,62.88,65.13,100.0,58.96
2018-01-03 23:22:00,0,2,27.87,72.0,68.0,26.81,26.3,27.87,0.0,0.0,0.0,45.0,26.3,0.06,0.0,0.0,120.0,26.3,39.08,39.08,1.0,0.0,0.0,26.25,1.17,63.02,65.28,100.0,59.07
2018-01-03 23:23:00,0,2,27.84,72.0,68.0,26.78,26.26,27.84,0.0,0.0,0.0,45.0,26.27,0.06,0.0,0.0,120.0,26.27,39.08,39.08,1.0,0.0,0.0,26.22,1.17,63.16,65.44,100.0,59.18
2018-01-03 23:24:00,0,2,27.81,72.0,68.0,26.75,26.23,27.81,0.0,0.0,0.0,45.0,26.23,0.06,0.0,0.0,120.0,26.23,39.08,39.08,1.0,0.0,0.0,26.18,1.17,63.3,65.59,100.0,59.3
2018-01-03 23:25:00,0,2,27.78,72.0,68.0,26.71,26.19,27.78,0.0,0.0,0.0,45.0,26.2,0.06,0.0,0.0,120.0,26.2,39.09,39.08,1.0,0.0,0.0,26.15,1.17,63.44,65.75,100.0,59.41
2018-01-03 23:26:00,0,2,27.75,72.0,68.0,26.68,26.16,27.75,0.0,0.0,0.0,45.0,26.17,0.06,0.0,0.0,120.0,26.16,39.08,39.08,1.0,0.0,0.0,26.11,1.17,63.58,65.9,100.0,59.52
2018-01-03 23:27:00,0,2,27.72,72.0,68.0,26.65,26.12,27.72,0.0,0.0,0.0,45.0,26.13,0.06,0.0,0.0,120.0,26.13,39.09,39.09,1.0,0.0,0.0,26.08,1.17,63.72,66.06,100.0,59.63
2018-01-03 23:28:00,0,2,27.69,72.0,68.0,26.61,26.09,27.69,0.0,0.0,0.0,45.0,26.1,0.06,0.0,0.0,120.0,26.09,39.09,39.08,1.0,0.0,0.0,26.04,1.17,63.86,66.21,100.0,59.74
2018-01-03 23:29:00,0,2,27.66,72.0,68.0,26.58,26.06,27.66,0.0,0.0,0.0,45.0,26.06,0.06,0.0,0.0,120.0,26.06,39.08,39.08,1.0,0.0,0.0,26.01,1.17,63.99,66.37,100.0,59.86
2018-01-03 23:30:00,0,2,27.63,72.0,68.0,26.55,26.02,27.63,0.0,0.0,0.0,45.0,26.03,0.06,0.0,0.0,120.0,26.03,39.08,39.08,1.0,0.0,0.0,25.97,1.17,64.13,66.52,100.0,59.97
2018-01-03 23:31:00,0,2,27.6,72.0,68.0,26.52,25.99,27.6,0.0,0.0,0.0,45.0,25.99,0.06,0.0,0.0,120.0,25.99,39.08,39.08,1.0,0.0,0.0,25.94,1.17,64.27,66.68,100.0,60.08
2018-01-03 23:32:00,0,2,27.57,72.0,68.0,26.48,25.95,27.57,0.0,0.0,0.0,45.0,25.96,0.06,0.0,0.0,120.0,25.96,39.09,39.08,1.0,0.0,0.0,25.91,1.17,64.41,66.83,100.0,60.19
2018-01-03 23:33:00,0,2,27.54,72.0,68.0,26.45,25.92,27.54,0.0,0.0,0.0,45.0,25.93,0.06,0.0,0.0,120.0,25.92,39.09,39.09,1.0,0.0,0.0,25.87,1.17,64.55,66.99,100.0,60.3
2018-01-03 23:34:00,0,2,27.51,72.0,68.0,26.42,25.88,27.51,0.0,0.0,0.0,45.0,25.89,0.06,0.0,0.0,120.0,25.89,39.09,39.08,1.0,0.0,0.0,25.84,1.17,64.68,67.14,100.0,60.41
2018-01-03 23:35:00,0,2,27.48,72.0,68.0,26.39,25.85,27.48,0.0,0.0,0.0,45.0,25.86,0.06,0.0,0.0,120.0,25.85,39.08,39.08,1.0,0.0,0.0,25.8,1.17,64.82,67.29,100.0,60.51
2018-01-03 23:36:00,0,2,27.45,72.0,68.0,26.35,25.82,27.45,0.0,0.0,0.0,45.0,25.82,0.06,0.0,0.0,120.0,25.82,39.09,39.08,1.0,0.0,0.0,25.77,1.17,64.96,67.45,100.0,60.62
2018-01-03 23:37:00,0,2,27.42,72.0,68.0,26.32,25.78,27.42,0.0,0.0,0.0,45.0,25.79,0.06,0.0,0.0,120.0,25.79,39.08,39.08,1.0,0.0,0.0,25.73,1.17,65.09,67.6,100.0,60.73
2018-01-03 23:38:00,0,2,27.39,72.0,68.0,26.29,25.75,27.39,0.0,0.0,0.0,45.0,25.76,0.06,0.0,0.0,120.0,25.75,39.09,39.08,1.0,0.0,0.0,25.7,1.17,65.23,67.75,100.0,60.84
2018-01-03 23:39:00,0,2,27.36,72.0,68.0,26.25,25.71,27.36,0.0,0.0,0.0,45.0,25.72,0.06,0.0,0.0,120.0,25.72,39.09,39.08,1.0,0.0,0.0,25.67,1.17,65.36,67.91,100.0,60.95
2018-01-03 23:40:00,0,2,27.33,72.0,68.0,26.22,25.68,27.33,0.0,0.0,0.0,45.0,25.69,0.06,0.0,0.0,120.0,25.69,39.08,39.08,1.0,0.0,0.0,25.63,1.17,65.5,68.06,100.0,61.05
2018-01-03 23:41:00,0,2,27.3,72.0,68.0,26.19,25.65,27.3,0.0,0.0,0.0,45.0,25.65,0.06,0.0,0.0,120.0,25.65,39.08,39.08,1.0,0.0,0.0,25.6,1.17,65.63,68.21,100.0,61.16
2018-01-03 23:42:00,0,2,27.28,72.0,68.0,26.16,25.61,27.28,0.0,0.0,0.0,45.0,25.62,0.06,0.0,0.0,120.0,25.62,39.09,39.09,1.0,0.0,0.0,25.57,1.17,65.77,68.36,100.0,61.27
2018-01-03 23:43:00,0,2,27.25,72.0,68.0,26.13,25.58,27.25,0.0,0.0,0.0,45.0,25.59,0.06,0.0,0.0,120.0,25.58,39.09,39.09,1.0,0.0,0.0,25.53,1.17,65.9,68.51,100.0,61.37
2018-01-03 23:44:00,0,2,27.22,72.0,68.0,26.09,25.55,27.22,0.0,0.0,0.0,45.0,25.55,0.06,0.0,0.0,120.0,25.55,39.08,39.08,1.0,0.0,0.0,25.5,1.17,66.03,68.66,100.0,61.48
2018-01-03 23:45:00,0,2,27.19,72.0,68.0,26.06,25.51,27.19,0.0,0.0,0.0,45.0,25.52,0.06,0.0,0.0,120.0,25.52,39.09,39.09,1.0,0.0,0.0,25.47,1.17,66.16,68.81,100.0,61.58
2018-01-03 23:46:00,0,2,27.16,72.0,68.0,26.03,25.48,27.16,0.0,0.0,0.0,45.0,25.49,0.06,0.0,0.0,120.0,25.49,39.09,39.09,1.0,0.0,0.0,25.43,1.17,66.3,68.96,100.0,61.68
2018-01-03 23:47:00,0,2,27.13,72.0,68.0,26.0,25.45,27.13,0.0,0.0,0.0,45.0,25.46,0.06,0.0,0.0,120.0,25.45,39.08,39.08,1.0,0.0,0.0,25.4,1.17,66.43,69.11,100.0,61.79
2018-01-03 23:48:00,0,2,27.1,72.0,68.0,25.97,25.42,27.1,0.0,0.0,0.0,45.0,25.42,0.06,0.0,0.0,120.0,25.42,39.08,39.08,1.0,0.0,0.0,25.37,1.17,66.56,69.25,100.0,61.89
2018-01-03 23:49:00,0,2,27.07,72.0,68.0,25.94,25.38,27.07,0.0,0.0,0.0,45.0,25.39,0.06,0.0,0.0,120.0,25.39,39.08,39.08,1.0,0.0,0.0,25.34,1.17,66.69,69.4,100.0,61.99
2018-01-03 23:50:00,0,2,27.04,72.0,68.0,25.91,25.35,27.04,0.0,0.0,0.0,45.0,25.36,0.06,0.0,0.0,120.0,25.35,39.09,39.09,1.0,0.0,0.0,25.3,1.17,66.82,69.55,100.0,62.09
2018-01-03 23:51:00,0,2,27.02,72.0,68.0,25.88,25.32,27.02,0.0,0.0,0.0,45.0,25.33,0.06,0.0,0.0,120.0,25.32,39.09,39.08,1.0,0.0,0.0,25.27,1.17,66.94,69.69,100.0,62.19
2018-01-03 23:52:00,0,2,26.99,72.0,68.0,25.85,25.29,26.99,0.0,0.0,0.0,45.0,25.29,0.06,0.0,0.0,120.0,25.29,39.08,39.08,1.0,0.0,0.0,25.24,1.17,67.07,69.84,100.0,62.29
2018-01-03 23:53:00,0,2,26.96,72.0,68.0,25.82,25.26,26.96,0.0,0.0,0.0,45.0,25.26,0.06,0.0,0.0,120.0,25.26,39.09,39.09,1.0,0.0,0.0,25.21,1.17,67.2,69.98,100.0,62.39
2018-01-03 23:54:00,0,2,26.93,72.0,68.0,25.78,25.22,26.93,0.0,0.0,0.0,45.0,25.23,0.06,0.0,0.0,120.0,25.23,39.09,39.08,1.0,0.0,0.0,25.18,1.17,67.32,70.12,100.0,62.49
2018-01-03 23:55:00,0,2,26.9,72.0,68.0,25.76,25.19,26.9,0.0,0.0,0.0,45.0,25.2,0.06,0.0,0.0,120.0,25.2,39.09,39.08,1.0,0.0,0.0,25.15,1.17,67.45,70.26,100.0,62.58
2018-01-03 23:56:00,0,2,26.88,72.0,68.0,25.73,25.16,26.88,0.0,0.0,0.0,45.0,25.17,0.06,0.0,0.0,120.0,25.17,39.09,39.08,1.0,0.0,0.0,25.11,1.17,67.57,70.4,100.0,62.68
2018-01-03 23:57:00,0,2,26.85,72.0,68.0,25.7,25.13,26.85,0.0,0.0,0.0,45.0,25.14,0.06,0.0,0.0,120.0,25.13,39.09,39.08,1.0,0.0,0.0,25.08,1.17,67.69,70.54,100.0,62.78
2018-01-03 23:58:00,0,2,26.82,72.0,68.0,25.67,25.1,26.82,0.0,0.0,0.0,45.0,25.11,0.06,0.0,0.0,120.0,25.1,39.08,39.08,1.0,0.0,0.0,25.05,1.17,67.82,70.68,100.0,62.87
2018-01-03 23:59:00,0,2,26.8,72.0,68.0,25.64,25.07,26.8,0.0,0.0,0.0,45.0,25.08,0.06,0.0,0.0,120.0,25.07,39.09,39.08,1.0,0.0,0.0,25.02,1.17,67.94,70.82,100.0,62.97
2018-01-04 00:00:00,0,2,26.77,72.0,68.0,25.61,25.04,26.77,0.0,0.0,0.0,45.0,25.05,0.06,0.0,0.0,120.0,25.04,39.09,39.08,1.0,0.0,0.0,24.99,1.17,68.06,70.95,100.0,63.06
2018-01-04 00:01:00,2,1,27.21,85.0,55.0,25.05,36.18,27.21,0.0,0.0,0.0,45.0,25.01,0.34,0.35,0.35,120.0,25.77,372.5,372.46,1.0,0.0,9.75,24.97,2.55,70.68,71.07,100.0,61.41
2018-01-04 00:02:00,2,1,29.32,85.0,55.0,24.95,52.6,29.32,0.0,0.0,0.0,45.0,24.99,0.38,0.38,0.44,120.0,51.83,372.76,372.72,1.0,0.0,9.75,24.94,2.71,71.12,71.18,94.34,54.54
2018-01-04 00:03:00,2,1,31.73,85.0,55.0,24.92,57.57,31.73,0.0,0.0,0.0,45.0,24.96,0.4,0.41,0.5,120.0,60.97,372.17,372.13,1.0,0.0,9.75,24.91,2.73,71.27,71.29,74.43,48.23
2018-01-04 00:04:00,2,1,33.91,85.0,55.0,24.89,59.85,33.91,0.0,0.0,0.0,45.0,24.94,0.43,0.43,0.56,120.0,65.54,372.75,372.71,1.0,0.0,9.75,24.89,2.74,71.38,71.39,67.61,43.61
2018-01-04 00:05:00,2,1,35.82,85.0,55.0,24.87,60.66,35.82,0.0,0.0,0.0,45.0,24.92,0.45,0.45,0.61,120.0,68.95,499.88,499.8,1.0,0.0,13.08,24.87,3.33,71.49,71.49,65.44,40.24
2018-01-04 00:06:00,0,2,36.03,72.0,68.0,28.38,50.26,36.03,0.0,0.0,0.0,45.0,24.97,0.08,0.0,0.0,120.0,31.72,1.14,1.14,1.0,0.0,0.0,24.84,1.39,58.59,71.59,100.0,39.8
2018-01-04 00:07:00,0,2,33.26,72.0,68.0,27.75,29.62,33.26,0.0,0.0,0.0,45.0,25.15,0.06,0.0,0.0,120.0,27.79,39.08,39.08,1.0,0.0,0.0,24.82,1.16,60.12,71.69,100.0,44.81
2018-01-04 00:08:00,0,2,30.66,72.0,68.0,26.83,25.63,30.66,0.0,0.0,0.0,45.0,25.02,0.06,0.0,0.0,120.0,25.41,39.08,39.08,1.0,0.0,0.0,24.79,1.17,63.17,71.79,100.0,50.67
2018-01-04 00:09:00,0,2,28.99,72.0,68.0,26.23,24.97,28.99,0.0,0.0,0.0,45.0,24.9,0.06,0.0,0.0,120.0,24.95,39.08,39.08,1.0,0.0,0.0,24.77,1.17,65.35,71.89,100.0,55.25
2018-01-04 00:10:00,0,2,28.01,72.0,68.0,25.88,24.84,28.01,0.0,0.0,0.0,45.0,24.84,0.06,0.0,0.0,120.0,24.84,39.08,39.08,1.0,0.0,0.0,24.75,1.17,66.75,71.98,100.0,58.34
2018-01-04 00:11:00,0,2,27.43,72.0,68.0,25.66,24.79,27.43,0.0,0.0,0.0,45.0,24.8,0.06,0.0,0.0,120.0,24.79,39.08,39.08,1.0,0.0,0.0,24.72,1.17,67.63,72.08,100.0,60.31
2018-01-04 00:12:00,0,2,27.09,72.0,68.0,25.53,24.76,27.09,0.0,0.0,0.0,45.0,24.77,0.06,0.0,0.0,120.0,24.76,39.09,39.09,1.0,0.0,0.0,24.7,1.17,68.2,72.17,100.0,61.55
2018-01-04 00:13:00,0,2,26.88,72.0,68.0,25.44,24.73,26.88,0.0,0.0,0.0,45.0,24.74,0.06,0.0,0.0,120.0,24.73,39.09,39.08,1.0,0.0,0.0,24.68,1.17,68.57,72.26,100.0,62.34
2018-01-04 00:14:00,0,2,26.75,72.0,68.0,25.38,24.71,26.75,0.0,0.0,0.0,45.0,24.71,0.06,0.0,0.0,120.0,24.71,39.09,39.08,1.0,0.0,0.0,24.66,1.17,68.83,72.35,100.0,62.85
2018-01-04 00:15:00,0,2,26.65,72.0,68.0,25.33,24.68,26.65,0.0,0.0,0.0,45.0,24.69,0.06,0.0,0.0,120.0,24.69,39.08,39.08,1.0,0.0,0.0,24.64,1.17,69.02,72.44,100.0,63.2
2018-01-04 00:16:00,0,2,26.58,72.0,68.0,25.3,24.66,26.58,0.0,0.0,0.0,45.0,24.67,0.06,0.0,0.0,120.0,24.66,39.08,39.08,1.0,0.0,0.0,24.61,1.17,69.17,72.52,100.0,63.46
2018-01-04 00:17:00,0,2,26.53,72.0,68.0,25.26,24.64,26.53,0.0,0.0,0.0,45.0,24.64,0.06,0.0,0.0,120.0,24.64,39.09,39.09,1.0,0.0,0.0,24.59,1.17,69.3,72.61,100.0,63.65
2018-01-04 00:18:00,0,2,26.49,72.0,68.0,25.24,24.62,26.49,0.0,0.0,0.0,45.0,24.62,0.06,0.0,0.0,120.0,24.62,39.09,39.08,1.0,0.0,0.0,24.57,1.17,69.41,72.69,100.0,63.8
2018-01-04 00:19:00,2,1,26.47,85.0,55.0,25.13,24.6,26.47,0.0,0.0,0.0,45.0,24.6,0.0,0.3,0.0,120.0,24.6,5670.35,5669.96,1.0,0.0,9.75,24.55,1.31,69.91,72.78,100.0,63.84
2018-01-04 00:20:00,2,1,26.44,85.0,55.0,25.14,24.58,26.44,0.0,0.0,0.0,45.0,24.58,0.0,0.3,0.0,120.0,24.58,5670.49,5670.09,1.0,0.0,9.75,24.53,1.38,69.86,72.86,100.0,63.95
2018-01-04 00:21:00,2,1,26.4,85.0,55.0,25.12,24.56,26.4,0.0,0.0,0.0,45.0,24.56,0.0,0.3,0.0,120.0,24.56,5670.58,5670.19,1.0,0.0,9.75,24.51,1.39,69.94,72.94,100.0,64.09
2018-01-04 00:22:00,2,1,26.37,85.0,55.0,25.09,24.54,26.37,0.0,0.0,0.0,45.0,24.54,0.0,0.3,0.0,120.0,24.54,5670.72,5670.35,1.0,0.0,9.75,24.5,1.39,70.03,73.02,100.0,64.2
2018-01-04 00:23:00,2,1,26.34,85.0,55.0,25.07,24.52,26.34,0.0,0.0,0.0,45.0,24.52,0.0,0.3,0.0,120.0,24.52,5670.56,5670.16,1.0,0.0,9.75,24.48,1.39,70.11,73.09,100.0,64.3
2018-01-04 00:24:00,2,1,26.32,85.0,55.0,25.05,24.5,26.32,0.0,0.0,0.0,45.0,24.51,0.0,0.3,0.0,120.0,24.5,5670.48,5670.07,1.0,0.0,9.75,24.46,1.39,70.19,73.17,100.0,64.38
2018-01-04 00:25:00,2,1,26.29,85.0,55.0,25.03,24.48,26.29,0.0,0.0,0.0,45.0,24.49,0.0,0.3,0.0,120.0,24.49,5670.72,5670.35,1.0,0.0,9.75,24.44,1.39,70.26,73.24,100.0,64.46
2018-01-04 00:26:00,2,1,26.27,85.0,55.0,25.01,24.47,26.27,0.0,0.0,0.0,45.0,24.47,0.0,0.3,0.0,120.0,24.47,5670.44,5670.03,1.0,0.0,9.75,24.42,1.39,70.34,73.31,100.0,64.53
2018-01-04 00:27:00,2,1,26.25,85.0,55.0,24.99,24.45,26.25,0.0,0.0,0.0,45.0,24.45,0.0,0.3,0.0,120.0,24.45,5670.58,5670.18,1.0,0.0,9.75,24.41,1.39,70.41,73.39,100.0,64.6
2018-01-04 00:28:00,2,1,26.23,85.0,55.0,24.98,24.43,26.23,0.0,0.0,0.0,45.0,24.44,0.0,0.3,0.0,120.0,24.43,5670.67,5670.28,1.0,0.0,9.75,24.39,1.39,70.47,73.45,100.0,64.66
2018-01-04 00:29:00,2,1,26.21,85.0,55.0,24.96,24.41,26.21,0.0,0.0,0.0,45.0,24.42,0.0,0.3,0.0,120.0,24.42,5670.72,5670.35,1.0,0.0,9.75,24.37,1.39,70.54,73.52,100.0,64.72
2018-01-04 00:30:00,2,1,26.19,85.0,55.0,24.94,24.4,26.19,0.0,0.0,0.0,45.0,24.4,0.0,0.3,0.0,120.0,24.4,5670.72,5670.35,1.0,0.0,9.75,24.36,1.39,70.6,73.59,100.0,64.77
2018-01-04 00:31:00,2,1,26.18,85.0,55.0,24.93,24.38,26.18,0.0,0.0,0.0,45.0,24.39,0.0,0.3,0.0,120.0,24.39,5670.53,5670.14,1.0,0.0,9.75,24.34,1.39,70.66,73.66,100.0,64.83
2018-01-04 00:32:00,2,1,26.16,85.0,55.0,24.91,24.37,26.16,0.0,0.0,0.0,45.0,24.37,0.0,0.3,0.0,120.0,24.37,5670.53,5670.12,1.0,0.0,9.75,24.33,1.39,70.72,73.72,100.0,64.88
2018-01-04 00:33:00,2,1,26.14,85.0,55.0,24.9,24.35,26.14,0.0,0.0,0.0,45.0,24.36,0.0,0.3,0.0,120.0,24.35,5671.04,5670.65,1.0,0.0,9.75,24.31,1.39,70.78,73.78,100.0,64.93
2018-01-04 00:34:00,2,1,26.13,85.0,55.0,24.88,24.34,26.13,0.0,0.0,0.0,45.0,24.34,0.0,0.3,0.0,120.0,24.34,5670.72,5670.35,1.0,0.0,9.75,24.3,1.39,70.84,73.84,100.0,64.98
2018-01-04 00:35:00,2,1,26.11,85.0,55.0,24.87,24.32,26.11,0.0,0.0,0.0,45.0,24.33,0.0,0.3,0.0,120.0,24.33,5670.46,5670.07,1.0,0.0,9.75,24.28,1.39,70.9,73.9,100.0,65.03
2018-01-04 00:36:00,2,1,26.1,85.0,55.0,24.85,24.31,26.1,0.0,0.0,0.0,45.0,24.31,0.0,0.3,0.0,120.0,24.31,5670.95,5670.58,1.0,0.0,9.75,24.27,1.39,70.95,73.96,100.0,65.08
2018-01-04 00:37:00,2,1,26.08,85.0,55.0,24.84,24.3,26.08,0.0,0.0,0.0,45.0,24.3,0.0,0.3,0.0,120.0,24.3,5670.25,5669.86,1.0,0.0,9.75,24.26,1.39,71.0,74.02,100.0,65.12
2018-01-04 00:38:00,2,1,26.07,85.0,55.0,24.83,24.28,26.07,0.0,0.0,0.0,45.0,24.29,0.0,0.3,0.0,120.0,24.29,5670.58,5670.19,1.0,0.0,9.75,24.24,1.39,71.06,74.08,100.0,65.17
2018-01-04 00:39:00,2,1,26.06,85.0,55.0,24.81,24.27,26.06,0.0,0.0,0.0,45.0,24.28,0.0,0.3,0.0,120.0,24.27,5670.72,5670.35,1.0,0.0,9.75,24.23,1.39,71.11,74.13,100.0,65.21
2018-01-04 00:40:00,0,2,26.11,72.0,68.0,24.91,24.28,26.11,0.0,0.0,0.0,45.0,24.32,0.06,0.0,0.0,120.0,24.28,39.08,39.08,1.0,0.0,0.0,24.22,1.03,70.6,74.18,100.0,64.99
2018-01-04 00:41:00,2,1,26.13,85.0,55.0,24.84,24.28,26.13,0.0,0.0,0.0,45.0,24.32,0.0,0.3,0.0,120.0,24.28,5670.32,5669.91,1.0,0.0,9.75,24.21,1.32,70.94,74.24,100.0,64.87
2018-01-04 00:42:00,2,1,26.09,85.0,55.0,24.81,24.25,26.09,0.0,0.0,0.0,45.0,24.26,0.0,0.3,0.0,120.0,24.25,5671.06,5670.69,1.0,0.0,9.75,24.2,1.38,71.12,74.29,100.0,65.03
2018-01-04 00:43:00,2,1,26.05,85.0,55.0,24.78,24.23,26.05,0.0,0.0,0.0,45.0,24.24,0.0,0.3,0.0,120.0,24.23,5670.33,5669.95,1.0,0.0,9.75,24.19,1.39,71.23,74.34,100.0,65.19
2018-01-04 00:44:00,2,1,26.02,85.0,55.0,24.77,24.22,26.02,0.0,0.0,0.0,45.0,24.22,0.0,0.3,0.0,120.0,24.22,5670.48,5670.09,1.0,0.0,9.75,24.18,1.39,71.3,74.38,100.0,65.31
2018-01-04 00:45:00,2,1,26.0,85.0,55.0,24.75,24.21,26.0,0.0,0.0,0.0,45.0,24.21,0.0,0.3,0.0,120.0,24.21,5670.44,5670.05,1.0,0.0,9.75,24.17,1.39,71.37,74.43,100.0,65.39
2018-01-04 00:46:00,2,1,25.98,85.0,55.0,24.74,24.2,25.98,0.0,0.0,0.0,45.0,24.2,0.0,0.3,0.0,120.0,24.2,5670.25,5669.84,1.0,0.0,9.75,24.16,1.39,71.42,74.48,100.0,65.46
2018-01-04 00:47:00,2,1,25.97,85.0,55.0,24.73,24.19,25.97,0.0,0.0,0.0,45.0,24.19,0.0,0.3,0.0,120.0,24.19,5671.08,5670.71,1.0,0.0,9.75,24.15,1.39,71.47,74.52,100.0,65.51
2018-01-04 00:48:00,2,1,25.96,85.0,55.0,24.72,24.18,25.96,0.0,0.0,0.0,45.0,24.18,0.0,0.3,0.0,120.0,24.18,5670.53,5670.14,1.0,0.0,9.75,24.14,1.39,71.51,74.56,100.0,65.56
2018-01-04 00:49:00,2,1,25.95,85.0,55.0,24.71,24.17,25.95,0.0,0.0,0.0,45.0,24.17,0.0,0.3,0.0,120.0,24.17,5670.72,5670.35,1.0,0.0,9.75,24.13,1.39,71.55,74.6,100.0,65.6
2018-01-04 00:50:00,0,2,25.96,72.0,68.0,24.82,24.17,25.96,0.0,0.0,0.0,45.0,24.18,0.06,0.0,0.0,120.0,24.17,3.37,3.37,1.0,0.0,0.0,24.13,1.2,71.03,74.64,100.0,65.54
2018-01-04 00:51:00,0,2,26.0,72.0,68.0,24.78,24.17,26.0,0.0,0.0,0.0,45.0,24.19,0.06,0.0,0.0,120.0,24.17,39.08,39.08,1.0,0.0,0.0,24.12,1.18,71.21,74.68,100.0,65.38
2018-01-04 00:52:00,0,2,25.97,72.0,68.0,24.76,24.16,25.97,0.0,0.0,0.0,45.0,24.16,0.06,0.0,0.0,120.0,24.16,39.08,39.08,1.0,0.0,0.0,24.11,1.17,71.31,74.72,100.0,65.51
2018-01-04 00:53:00,0,2,25.94,72.0,68.0,24.74,24.15,25.94,0.0,0.0,0.0,45.0,24.15,0.06,0.0,0.0,120.0,24.15,39.09,39.08,1.0,0.0,0.0,24.11,1.17,71.39,74.76,100.0,65.63
2018-01-04 00:54:00,0,2,25.92,72.0,68.0,24.73,24.14,25.92,0.0,0.0,0.0,45.0,24.14,0.06,0.0,0.0,120.0,24.14,39.09,39.08,1.0,0.0,0.0,24.1,1.17,71.44,74.79,100.0,65.71
2018-01-04 00:55:00,0,2,25.91,72.0,68.0,24.73,24.13,25.91,0.0,0.0,0.0,45.0,24.14,0.06,0.0,0.0,120.0,24.13,39.09,39.08,1.0,0.0,0.0,24.1,1.17,71.49,74.83,100.0,65.78
2018-01-04 00:56:00,0,2,25.9,72.0,68.0,24.72,24.13,25.9,0.0,0.0,0.0,45.0,24.13,0.06,0.0,0.0,120.0,24.13,39.09,39.08,1.0,0.0,0.0,24.09,1.17,71.53,74.86,100.0,65.83
2018-01-04 00:57:00,0,2,25.89,72.0,68.0,24.71,24.12,25.89,0.0,0.0,0.0,45.0,24.13,0.06,0.0,0.0,120.0,24.13,39.08,39.08,1.0,0.0,0.0,24.09,1.17,71.57,74.89,100.0,65.88
2018-01-04 00:58:00,0,2,25.88,72.0,68.0,24.71,24.12,25.88,0.0,0.0,0.0,45.0,24.12,0.06,0.0,0.0,120.0,24.12,39.09,39.09,1.0,0.0,0.0,24.09,1.17,71.6,74.92,100.0,65.92
2018-01-04 00:59:00,0,2,25.87,72.0,68.0,24.7,24.12,25.87,0.0,0.0,0.0,45.0,24.12,0.06,0.0,0.0,120.0,24.12,39.08,39.08,1.0,0.0,0.0,24.08,1.17,71.63,74.95,100.0,65.95
2018-01-04 01:00:00,0,2,25.87,72.0,68.0,24.7,24.12,25.87,0.0,0.0,0.0,45.0,24.12,0.06,0.0,0.0,120.0,24.12,39.09,39.08,1.0,0.0,0.0,24.08,1.17,71.66,74.98,100.0,65.99
2018-01-04 01:01:00,0,2,25.86,72.0,68.0,24.7,24.12,25.86,0.0,0.0,0.0,45.0,24.12,0.06,0.0,0.0,120.0,24.12,39.09,39.09,1.0,0.0,0.0,24.08,1.17,71.69,75.0,100.0,66.03
2018-01-04 01:02:00,0,2,25.86,72.0,68.0,24.71,24.12,25.86,0.0,0.0,0.0,45.0,24.12,0.06,0.0,0.0,120.0,24.12,39.09,39.09,1.0,0.0,0.0,24.09,1.17,71.71,75.01,100.0,66.07
2018-01-04 01:03:00,0,2,25.86,72.0,68.0,24.71,24.13,25.86,0.0,0.0,0.0,45.0,24.13,0.06,0.0,0.0,120.0,24.13,39.08,39.08,1.0,0.0,0.0,24.1,1.17,71.74,75.02,100.0,66.11
2018-01-04 01:04:00,0,2,25.86,72.0,68.0,24.85,24.14,25.86,0.0,0.0,0.0,45.0,24.14,0.06,0.0,0.0,120.0,24.14,-62.58,-62.58,1.0,0.0,0.0,24.11,1.17,71.13,75.03,100.0,66.16
2018-01-04 01:05:00,0,2,25.95,72.0,68.0,24.81,24.16,25.95,0.0,0.0,0.0,45.0,24.18,0.0,0.0,0.0,120.0,24.16,1.14,1.14,1.0,0.0,0.0,24.12,1.0,71.36,75.03,100.0,65.84
2018-01-04 01:06:00,0,2,25.93,72.0,68.0,24.8,24.16,25.93,0.0,0.0,0.0,45.0,24.17,0.0,0.0,0.0,120.0,24.16,1.14,1.14,1.0,0.0,0.0,24.13,0.99,71.45,75.04,100.0,65.96
2018-01-04 01:07:00,0,2,25.92,72.0,68.0,24.8,24.17,25.92,0.0,0.0,0.0,45.0,24.17,0.0,0.0,0.0,120.0,24.17,1.14,1.14,1.0,0.0,0.0,24.14,0.99,71.51,75.04,100.0,66.08
2018-01-04 01:08:00,0,2,25.91,72.0,68.0,24.8,24.18,25.91,0.0,0.0,0.0,45.0,24.18,0.0,0.0,0.0,120.0,24.18,1.14,1.14,1.0,0.0,0.0,24.15,0.99,71.55,75.05,100.0,66.17
2018-01-04 01:09:00,0,2,25.91,72.0,68.0,24.81,24.19,25.91,0.0,0.0,0.0,45.0,24.19,0.0,0.0,0.0,120.0,24.19,1.14,1.14,1.0,0.0,0.0,24.16,0.99,71.58,75.05,100.0,66.24
2018-01-04 01:10:00,0,2,25.91,72.0,68.0,24.82,24.2,25.91,0.0,0.0,0.0,45.0,24.2,0.0,0.0,0.0,120.0,24.2,1.14,1.14,1.0,0.0,0.0,24.17,0.99,71.6,75.05,100.0,66.29
2018-01-04 01:11:00,0,2,25.91,72.0,68.0,24.83,24.21,25.91,0.0,0.0,0.0,45.0,24.21,0.0,0.0,0.0,120.0,24.21,1.14,1.14,1.0,0.0,0.0,24.18,0.99,71.62,75.06,100.0,66.33
2018-01-04 01:12:00,0,2,25.92,72.0,68.0,24.84,24.22,25.92,0.0,0.0,0.0,45.0,24.22,0.0,0.0,0.0,120.0,24.22,1.14,1.14,1.0,0.0,0.0,24.2,0.99,71.64,75.06,100.0,66.37
2018-01-04 01:13:00,0,2,25.92,72.0,68.0,24.85,24.23,25.92,0.0,0.0,0.0,45.0,24.23,0.0,0.0,0.0,120.0,24.23,1.14,1.14,1.0,0.0,0.0,24.21,0.99,71.65,75.06,100.0,66.4
2018-01-04 01:14:00,0,2,25.93,72.0,68.0,24.86,24.25,25.93,0.0,0.0,0.0,45.0,24.25,0.0,0.0,0.0,120.0,24.25,1.14,1.14,1.0,0.0,0.0,24.22,0.99,71.67,75.06,100.0,66.44
2018-01-04 01:15:00,0,2,25.94,72.0,68.0,24.87,24.26,25.94,0.0,0.0,0.0,45.0,24.26,0.0,0.0,0.0,120.0,24.26,1.14,1.14,1.0,0.0,0.0,24.24,0.99,71.68,75.06,100.0,66.47
2018-01-04 01:16:00,0,2,25.95,72.0,68.0,24.88,24.27,25.95,0.0,0.0,0.0,45.0,24.27,0.0,0.0,0.0,120.0,24.27,1.14,1.14,1.0,0.0,0.0,24.25,0.99,71.69,75.05,100.0,66.5
2018-01-04 01:17:00,0,2,25.95,72.0,68.0,24.89,24.29,25.95,0.0,0.0,0.0,45.0,24.29,0.0,0.0,0.0,120.0,24.29,1.14,1.14,1.0,0.0,0.0,24.26,0.99,71.7,75.05,100.0,66.53
2018-01-04 01:18:00,0,2,25.96,72.0,68.0,24.9,24.3,25.96,0.0,0.0,0.0,45.0,24.3,0.0,0.0,0.0,120.0,24.3,1.14,1.14,1.0,0.0,0.0,24.28,0.99,71.71,75.05,100.0,66.56
2018-01-04 01:19:00,0,2,25.97,72.0,68.0,24.91,24.32,25.97,0.0,0.0,0.0,45.0,24.31,0.0,0.0,0.0,120.0,24.31,1.14,1.14,1.0,0.0,0.0,24.29,0.99,71.72,75.05,100.0,66.59
2018-01-04 01:20:00,0,2,25.98,72.0,68.0,24.93,24.33,25.98,0.0,0.0,0.0,45.0,24.33,0.0,0.0,0.0,120.0,24.33,1.14,1.14,1.0,0.0,0.0,24.31,0.99,71.73,75.04,100.0,66.62
2018-01-04 01:21:00,0,2,25.99,72.0,68.0,24.94,24.34,25.99,0.0,0.0,0.0,45.0,24.34,0.0,0.0,0.0,120.0,24.34,1.14,1.14,1.0,0.0,0.0,24.32,0.99,71.74,75.04,100.0,66.65
2018-01-04 01:22:00,0,2,26.0,72.0,68.0,24.95,24.36,26.0,0.0,0.0,0.0,45.0,24.36,0.0,0.0,0.0,120.0,24.36,1.14,1.14,1.0,0.0,0.0,24.34,0.99,71.75,75.03,100.0,66.68
2018-01-04 01:23:00,0,2,26.01,72.0,68.0,24.97,24.37,26.01,0.0,0.0,0.0,45.0,24.37,0.0,0.0,0.0,120.0,24.37,1.14,1.14,1.0,0.0,0.0,24.35,0.99,71.76,75.03,100.0,66.71
2018-01-04 01:24:00,0,2,26.02,72.0,68.0,24.98,24.39,26.02,0.0,0.0,0.0,45.0,24.39,0.0,0.0,0.0,120.0,24.39,1.14,1.14,1.0,0.0,0.0,24.37,0.99,71.77,75.02,100.0,66.74
2018-01-04 01:25:00,0,2,26.03,72.0,68.0,24.99,24.41,26.03,0.0,0.0,0.0,45.0,24.4,0.0,0.0,0.0,120.0,24.4,1.14,1.14,1.0,0.0,0.0,24.38,0.99,71.78,75.02,100.0,66.76
2018-01-04 01:26:00,0,2,26.04,72.0,68.0,25.01,24.42,26.04,0.0,0.0,0.0,45.0,24.42,0.0,0.0,0.0,120.0,24.42,1.14,1.14,1.0,0.0,0.0,24.4,0.99,71.79,75.01,100.0,66.79
2018-01-04 01:27:00,0,2,26.05,72.0,68.0,25.02,24.44,26.05,0.0,0.0,0.0,45.0,24.44,0.0,0.0,0.0,120.0,24.44,1.14,1.14,1.0,0.0,0.0,24.42,0.99,71.8,75.01,100.0,66.82
2018-01-04 01:28:00,0,2,26.06,72.0,68.0,25.04,24.45,26.06,0.0,0.0,0.0,45.0,24.45,0.0,0.0,0.0,120.0,24.45,1.14,1.14,1.0,0.0,0.0,24.43,0.99,71.81,75.0,100.0,66.85
2018-01-04 01:29:00,0,2,26.07,72.0,68.0,25.05,24.47,26.07,0.0,0.0,0.0,45.0,24.47,0.0,0.0,0.0,120.0,24.47,1.14,1.14,1.0,0.0,0.0,24.45,0.99,71.82,75.0,100.0,66.88
2018-01-04 01:30:00,0,2,26.08,72.0,68.0,25.07,24.49,26.08,0.0,0.0,0.0,45.0,24.49,0.0,0.0,0.0,120.0,24.49,1.14,1.14,1.0,0.0,0.0,24.47,0.99,71.82,74.99,100.0,66.91
2018-01-04 01:31:00,0,2,26.09,72.0,68.0,25.08,24.5,26.09,0.0,0.0,0.0,45.0,24.5,0.0,0.0,0.0,120.0,24.5,1.14,1.14,1.0,0.0,0.0,24.48,0.99,71.83,74.99,100.0,66.93
2018-01-04 01:32:00,0,2,26.11,72.0,68.0,25.1,24.52,26.11,0.0,0.0,0.0,45.0,24.52,0.0,0.0,0.0,120.0,24.52,1.14,1.14,1.0,0.0,0.0,24.5,0.99,71.84,74.98,100.0,66.96
2018-01-04 01:33:00,0,2,26.12,72.0,68.0,25.11,24.54,26.12,0.0,0.0,0.0,45.0,24.54,0.0,0.0,0.0,120.0,24.54,1.14,1.14,1.0,0.0,0.0,24.52,0.99,71.85,74.97,100.0,66.99
2018-01-04 01:34:00,0,2,26.13,72.0,68.0,25.13,24.55,26.13,0.0,0.0,0.0,45.0,24.55,0.0,0.0,0.0,120.0,24.55,1.14,1.14,1.0,0.0,0.0,24.53,0.99,71.86,74.97,100.0,67.02
2018-01-04 01:35:00,0,2,26.14,72.0,68.0,25.14,24.57,26.14,0.0,0.0,0.0,45.0,24.57,0.0,0.0,0.0,120.0,24.57,1.14,1.14,1.0,0.0,0.0,24.55,0.99,71.87,74.96,100.0,67.05
2018-01-04 01:36:00,0,2,26.15,72.0,68.0,25.16,24.59,26.15,0.0,0.0,0.0,45.0,24.59,0.0,0.0,0.0,120.0,24.59,1.14,1.14,1.0,0.0,0.0,24.57,0.99,71.88,74.96,100.0,67.08
2018-01-04 01:37:00,0,2,26.16,72.0,68.0,25.17,24.61,26.16,0.0,0.0,0.0,45.0,24.6,0.0,0.0,0.0,120.0,24.6,1.14,1.14,1.0,0.0,0.0,24.59,0.99,71.88,74.95,100.0,67.11
2018-01-04 01:38:00,0,2,26.2,72.0,68.0,25.18,24.63,26.2,0.0,0.0,0.0,45.0,24.65,0.06,0.0,0.0,120.0,24.63,39.09,39.09,1.0,0.0,0.0,24.6,1.11,71.96,74.95,100.0,67.05
2018-01-04 01:39:00,0,2,26.21,72.0,68.0,25.17,24.65,26.21,0.0,0.0,0.0,45.0,24.65,0.06,0.0,0.0,120.0,24.65,39.08,39.08,1.0,0.0,0.0,24.62,1.17,72.06,74.94,100.0,67.08
2018-01-04 01:40:00,0,2,26.21,72.0,68.0,25.18,24.66,26.21,0.0,0.0,0.0,45.0,24.66,0.06,0.0,0.0,120.0,24.66,39.08,39.08,1.0,0.0,0.0,24.64,1.17,72.09,74.94,100.0,67.16
2018-01-04 01:41:00,0,2,26.21,72.0,68.0,25.2,24.68,26.21,0.0,0.0,0.0,45.0,24.67,0.06,0.0,0.0,120.0,24.67,39.09,39.08,1.0,0.0,0.0,24.66,1.17,72.12,74.94,100.0,67.22
2018-01-04 01:42:00,0,2,26.22,72.0,68.0,25.21,24.69,26.22,0.0,0.0,0.0,45.0,24.69,0.06,0.0,0.0,120.0,24.69,39.09,39.08,1.0,0.0,0.0,24.67,1.17,72.13,74.93,100.0,67.27
2018-01-04 01:43:00,0,2,26.23,72.0,68.0,25.22,24.71,26.23,0.0,0.0,0.0,45.0,24.71,0.06,0.0,0.0,120.0,24.71,39.09,39.08,1.0,0.0,0.0,24.69,1.17,72.15,74.93,100.0,67.31
2018-01-04 01:44:00,0,2,26.24,72.0,68.0,25.24,24.73,26.24,0.0,0.0,0.0,45.0,24.73,0.06,0.0,0.0,120.0,24.73,39.08,39.08,1.0,0.0,0.0,24.71,1.17,72.16,74.93,100.0,67.34
2018-01-04 01:45:00,0,2,26.25,72.0,68.0,25.26,24.75,26.25,0.0,0.0,0.0,45.0,24.74,0.06,0.0,0.0,120.0,24.74,39.08,39.08,1.0,0.0,0.0,24.73,1.17,72.17,74.93,100.0,67.38
2018-01-04 01:46:00,0,2,26.26,72.0,68.0,25.27,24.76,26.26,0.0,0.0,0.0,45.0,24.76,0.06,0.0,0.0,120.0,24.76,39.08,39.08,1.0,0.0,0.0,24.74,1.17,72.18,74.93,100.0,67.41
2018-01-04 01:47:00,0,2,26.28,72.0,68.0,25.29,24.78,26.28,0.0,0.0,0.0,45.0,24.78,0.06,0.0,0.0,120.0,24.78,39.09,39.08,1.0,0.0,0.0,24.76,1.17,72.2,74.92,100.0,67.44
2018-01-04 01:48:00,0,2,26.29,72.0,68.0,25.3,24.8,26.29,0.0,0.0,0.0,45.0,24.79,0.06,0.0,0.0,120.0,24.8,39.09,39.09,1.0,0.0,0.0,24.78,1.17,72.21,74.92,100.0,67.47
2018-01-04 01:49:00,0,2,26.3,72.0,68.0,25.32,24.81,26.3,0.0,0.0,0.0,45.0,24.81,0.06,0.0,0.0,120.0,24.81,39.08,39.08,1.0,0.0,0.0,24.79,1.17,72.22,74.93,100.0,67.5
2018-01-04 01:50:00,0,2,26.31,72.0,68.0,25.33,24.83,26.31,0.0,0.0,0.0,45.0,24.83,0.06,0.0,0.0,120.0,24.83,39.08,39.08,1.0,0.0,0.0,24.81,1.17,72.23,74.93,100.0,67.54
2018-01-04 01:51:00,0,2,26.32,72.0,68.0,25.35,24.85,26.32,0.0,0.0,0.0,45.0,24.85,0.06,0.0,0.0,120.0,24.85,39.08,39.08,1.0,0.0,0.0,24.83,1.17,72.25,74.93,100.0,67.57
2018-01-04 01:52:00,0,2,26.34,72.0,68.0,25.36,24.86,26.34,0.0,0.0,0.0,45.0,24.86,0.06,0.0,0.0,120.0,24.86,39.08,39.08,1.0,0.0,0.0,24.85,1.17,72.26,74.93,100.0,67.6
2018-01-04 01:53:00,0,2,26.35,72.0,68.0,25.38,24.88,26.35,0.0,0.0,0.0,45.0,24.88,0.06,0.0,0.0,120.0,24.88,39.09,39.09,1.0,0.0,0.0,24.86,1.17,72.28,74.94,100.0,67.63
2018-01-04 01:54:00,0,2,26.36,72.0,68.0,25.39,24.9,26.36,0.0,0.0,0.0,45.0,24.9,0.06,0.0,0.0,120.0,24.9,39.09,39.08,1.0,0.0,0.0,24.88,1.17,72.29,74.94,100.0,67.67
2018-01-04 01:55:00,0,2,26.37,72.0,68.0,25.41,24.91,26.37,0.0,0.0,0.0,45.0,24.91,0.06,0.0,0.0,120.0,24.91,39.08,39.08,1.0,0.0,0.0,24.89,1.17,72.31,74.95,100.0,67.7
2018-01-04 01:56:00,0,2,26.38,72.0,68.0,25.42,24.93,26.38,0.0,0.0,0.0,45.0,24.93,0.06,0.0,0.0,120.0,24.93,39.09,39.09,1.0,0.0,0.0,24.91,1.17,72.32,74.95,100.0,67.73
2018-01-04 01:57:00,0,2,26.39,72.0,68.0,25.43,24.95,26.39,0.0,0.0,0.0,45.0,24.94,0.06,0.0,0.0,120.0,24.94,39.08,39.08,1.0,0.0,0.0,24.93,1.17,72.34,74.96,100.0,67.77
2018-01-04 01:58:00,0,2,26.4,72.0,68.0,25.45,24.96,26.4,0.0,0.0,0.0,45.0,24.96,0.06,0.0,0.0,120.0,24.96,39.09,39.08,1.0,0.0,0.0,24.94,1.17,72.36,74.97,100.0,67.8
2018-01-04 01:59:00,0,2,26.42,72.0,68.0,25.46,24.98,26.42,0.0,0.0,0.0,45.0,24.97,0.06,0.0,0.0,120.0,24.98,39.08,39.08,1.0,0.0,0.0,24.96,1.17,72.38,74.98,100.0,67.84
2018-01-04 02:00:00,0,2,26.43,72.0,68.0,25.48,24.99,26.43,0.0,0.0,0.0,45.0,24.99,0.06,0.0,0.0,120.0,24.99,39.08,39.08,1.0,0.0,0.0,24.97,1.17,72.4,74.99,100.0,67.87
2018-01-04 02:01:00,0,2,26.44,72.0,68.0,25.49,25.0,26.44,0.0,0.0,0.0,45.0,25.0,0.06,0.0,0.0,120.0,25.0,39.08,39.08,1.0,0.0,0.0,24.98,1.17,72.44,75.02,100.0,67.91
2018-01-04 02:02:00,0,2,26.44,72.0,68.0,25.49,25.01,26.44,0.0,0.0,0.0,45.0,25.01,0.06,0.0,0.0,120.0,25.01,39.09,39.08,1.0,0.0,0.0,24.99,1.17,72.49,75.08,100.0,67.95
2018-01-04 02:03:00,0,2,26.45,72.0,68.0,25.5,25.02,26.45,0.0,0.0,0.0,45.0,25.02,0.06,0.0,0.0,120.0,25.02,39.08,39.08,1.0,0.0,0.0,24.99,1.17,72.54,75.14,100.0,68.0
2018-01-04 02:04:00,0,2,26.45,72.0,68.0,25.5,25.02,26.45,0.0,0.0,0.0,45.0,25.02,0.06,0.0,0.0,120.0,25.02,39.08,39.08,1.0,0.0,0.0,25.0,1.17,72.6,75.2,100.0,68.06
2018-01-04 02:05:00,0,2,26.46,72.0,68.0,25.51,25.03,26.46,0.0,0.0,0.0,45.0,25.02,0.06,0.0,0.0,120.0,25.02,39.09,39.08,1.0,0.0,0.0,25.0,1.17,72.66,75.26,100.0,68.12
2018-01-04 02:06:00,0,2,26.46,72.0,68.0,25.51,25.03,26.46,0.0,0.0,0.0,45.0,25.03,0.06,0.0,0.0,120.0,25.03,39.09,39.08,1.0,0.0,0.0,25.0,1.17,72.72,75.32,100.0,68.18
2018-01-04 02:07:00,0,2,26.46,72.0,68.0,25.51,25.03,26.46,0.0,0.0,0.0,45.0,25.03,0.06,0.0,0.0,120.0,25.03,39.08,39.08,1.0,0.0,0.0,25.01,1.17,72.78,75.38,100.0,68.24
2018-01-04 02:08:00,0,2,26.46,72.0,68.0,25.51,25.04,26.46,0.0,0.0,0.0,45.0,25.04,0.06,0.0,0.0,120.0,25.04,39.09,39.09,1.0,0.0,0.0,25.01,1.17,72.85,75.44,100.0,68.31
2018-01-04 02:09:00,0,2,26.47,72.0,68.0,25.52,25.04,26.47,0.0,0.0,0.0,45.0,25.04,0.06,0.0,0.0,120.0,25.04,39.09,39.08,1.0,0.0,0.0,25.01,1.17,72.91,75.5,100.0,68.38
2018-01-04 02:10:00,0,2,26.47,72.0,68.0,25.52,25.04,26.47,0.0,0.0,0.0,45.0,25.04,0.06,0.0,0.0,120.0,25.04,39.09,39.08,1.0,0.0,0.0,25.02,1.17,72.98,75.57,100.0,68.44
2018-01-04 02:11:00,0,2,26.47,72.0,68.0,25.52,25.05,26.47,0.0,0.0,0.0,45.0,25.05,0.06,0.0,0.0,120.0,25.04,39.09,39.08,1.0,0.0,0.0,25.02,1.17,73.04,75.63,100.0,68.51
2018-01-04 02:12:00,0,2,26.47,72.0,68.0,25.52,25.05,26.47,0.0,0.0,0.0,45.0,25.05,0.06,0.0,0.0,120.0,25.05,39.09,39.09,1.0,0.0,0.0,25.02,1.17,73.11,75.7,100.0,68.58
2018-01-04 02:13:00,0,2,26.47,72.0,68.0,25.53,25.05,26.47,0.0,0.0,0.0,45.0,25.05,0.06,0.0,0.0,120.0,25.05,39.08,39.08,1.0,0.0,0.0,25.02,1.17,73.18,75.76,100.0,68.65
2018-01-04 02:14:00,0,2,26.47,72.0,68.0,25.53,25.05,26.47,0.0,0.0,0.0,45.0,25.05,0.06,0.0,0.0,120.0,25.05,39.08,39.08,1.0,0.0,0.0,25.03,1.17,73.24,75.83,100.0,68.71
2018-01-04 02:15:00,0,2,26.47,72.0,68.0,25.53,25.05,26.47,0.0,0.0,0.0,45.0,25.05,0.06,0.0,0.0,120.0,25.05,39.08,39.08,1.0,0.0,0.0,25.03,1.17,73.31,75.9,100.0,68.78
2018-01-04 02:16:00,0,2,26.47,72.0,68.0,25.53,25.06,26.47,0.0,0.0,0.0,45.0,25.06,0.06,0.0,0.0,120.0,25.06,39.08,39.08,1.0,0.0,0.0,25.03,1.17,73.38,75.97,100.0,68.85
2018-01-04 02:17:00,0,2,26.47,72.0,68.0,25.53,25.06,26.47,0.0,0.0,0.0,45.0,25.06,0.06,0.0,0.0,120.0,25.06,39.09,39.08,1.0,0.0,0.0,25.03,1.17,73.45,76.03,100.0,68.92
2018-01-04 02:18:00,0,2,26.47,72.0,68.0,25.53,25.06,26.47,0.0,0.0,0.0,45.0,25.06,0.06,0.0,0.0,120.0,25.06,39.08,39.08,1.0,0.0,0.0,25.03,1.17,73.52,76.1,100.0,68.99
2018-01-04 02:19:00,2,1,26.49,85.0,55.0,25.47,25.06,26.49,0.0,0.0,0.0,45.0,25.06,0.0,0.3,0.0,120.0,25.06,5670.72,5670.35,1.0,0.0,9.75,25.03,1.31,73.9,76.17,100.0,68.97
2018-01-04 02:20:00,2,1,26.49,85.0,55.0,25.5,25.06,26.49,0.0,0.0,0.0,45.0,25.06,0.0,0.3,0.0,120.0,25.06,5670.39,5670.0,1.0,0.0,9.75,25.04,1.38,73.85,76.24,100.0,69.05
2018-01-04 02:21:00,2,1,26.48,85.0,55.0,25.5,25.06,26.48,0.0,0.0,0.0,45.0,25.06,0.0,0.3,0.0,120.0,25.06,5670.25,5669.86,1.0,0.0,9.75,25.04,1.39,73.92,76.31,100.0,69.15
2018-01-04 02:22:00,2,1,26.48,85.0,55.0,25.5,25.06,26.48,0.0,0.0,0.0,45.0,25.06,0.0,0.3,0.0,120.0,25.06,5670.72,5670.35,1.0,0.0,9.75,25.04,1.39,74.0,76.38,100.0,69.25
2018-01-04 02:23:00,2,1,26.47,85.0,55.0,25.49,25.06,26.47,0.0,0.0,0.0,45.0,25.06,0.0,0.3,0.0,120.0,25.06,5670.72,5670.35,1.0,0.0,9.75,25.04,1.39,74.07,76.45,100.0,69.33
2018-01-04 02:24:00,2,1,26.47,85.0,55.0,25.49,25.06,26.47,0.0,0.0,0.0,45.0,25.06,0.0,0.3,0.0,120.0,25.06,5670.37,5669.96,1.0,0.0,9.75,25.04,1.39,74.15,76.53,100.0,69.41
2018-01-04 02:25:00,2,1,26.47,85.0,55.0,25.49,25.06,26.47,0.0,0.0,0.0,45.0,25.06,0.0,0.3,0.0,120.0,25.06,5670.65,5670.25,1.0,0.0,9.75,25.04,1.39,74.22,76.6,100.0,69.48
2018-01-04 02:26:00,2,1,26.47,85.0,55.0,25.49,25.06,26.47,0.0,0.0,0.0,45.0,25.06,0.0,0.3,0.0,120.0,25.06,5670.72,5670.35,1.0,0.0,9.75,25.04,1.39,74.29,76.67,100.0,69.56
2018-01-04 02:27:00,2,1,26.46,85.0,55.0,25.49,25.06,26.46,0.0,0.0,0.0,45.0,25.06,0.0,0.3,0.0,120.0,25.06,5670.21,5669.8,1.0,0.0,9.75,25.04,1.39,74.37,76.74,100.0,69.63
2018-01-04 02:28:00,2,1,26.46,85.0,55.0,25.49,25.06,26.46,0.0,0.0,0.0,45.0,25.06,0.0,0.3,0.0,120.0,25.06,5670.72,5670.35,1.0,0.0,9.75,25.04,1.39,74.44,76.81,100.0,69.7
2018-01-04 02:29:00,2,1,26.46,85.0,55.0,25.49,25.06,26.46,0.0,0.0,0.0,45.0,25.06,0.0,0.3,0.0,120.0,25.06,5670.28,5669.89,1.0,0.0,9.75,25.04,1.39,74.51,76.89,100.0,69.78
2018-01-04 02:30:00,2,1,26.46,85.0,55.0,25.49,25.06,26.46,0.0,0.0,0.0,45.0,25.06,0.0,0.3,0.0,120.0,25.06,5670.72,5670.35,1.0,0.0,9.75,25.04,1.39,74.58,76.96,100.0,69.85
2018-01-04 02:31:00,2,1,26.46,85.0,55.0,25.49,25.06,26.46,0.0,0.0,0.0,45.0,25.06,0.0,0.3,0.0,120.0,25.06,5670.58,5670.19,1.0,0.0,9.75,25.04,1.39,74.65,77.03,100.0,69.92
2018-01-04 02:32:00,2,1,26.45,85.0,55.0,25.49,25.06,26.45,0.0,0.0,0.0,45.0,25.06,0.0,0.3,0.0,120.0,25.06,5670.72,5670.35,1.0,0.0,9.75,25.04,1.39,74.73,77.1,100.0,69.99
2018-01-04 02:33:00,2,1,26.45,85.0,55.0,25.49,25.06,26.45,0.0,0.0,0.0,45.0,25.06,0.0,0.3,0.0,120.0,25.06,5670.48,5670.07,1.0,0.0,9.75,25.03,1.39,74.8,77.17,100.0,70.06
2018-01-04 02:34:00,2,1,26.45,85.0,55.0,25.48,25.06,26.45,0.0,0.0,0.0,45.0,25.06,0.0,0.3,0.0,120.0,25.06,5670.65,5670.25,1.0,0.0,9.75,25.03,1.39,74.87,77.25,100.0,70.13
2018-01-04 02:35:00,2,1,26.45,85.0,55.0,25.48,25.06,26.45,0.0,0.0,0.0,45.0,25.06,0.0,0.3,0.0,120.0,25.06,5670.72,5670.35,1.0,0.0,9.75,25.03,1.39,74.94,77.32,100.0,70.2
2018-01-04 02:36:00,2,1,26.45,85.0,55.0,25.48,25.06,26.45,0.0,0.0,0.0,45.0,25.06,0.0,0.3,0.0,120.0,25.06,5670.72,5670.35,1.0,0.0,9.75,25.03,1.39,75.01,77.39,100.0,70.27
2018-01-04 02:37:00,2,1,26.44,85.0,55.0,25.48,25.06,26.44,0.0,0.0,0.0,45.0,25.06,0.0,0.3,0.0,120.0,25.06,5670.65,5670.25,1.0,0.0,9.75,25.03,1.39,75.08,77.46,100.0,70.34
2018-01-04 02:38:00,2,1,26.44,85.0,55.0,25.48,25.06,26.44,0.0,0.0,0.0,45.0,25.06,0.0,0.3,0.0,120.0,25.06,5670.46,5670.05,1.0,0.0,9.75,25.03,1.39,75.16,77.53,100.0,70.41
2018-01-04 02:39:00,2,1,26.44,85.0,55.0,25.48,25.05,26.44,0.0,0.0,0.0,45.0,25.05,0.0,0.3,0.0,120.0,25.05,5671.08,5670.71,1.0,0.0,9.75,25.03,1.39,75.23,77.6,100.0,70.48
2018-01-04 02:40:00,2,1,26.44,85.0,55.0,25.47,25.05,26.44,0.0,0.0,0.0,45.0,25.05,0.0,0.3,0.0,120.0,25.05,5670.58,5670.19,1.0,0.0,9.75,25.03,1.39,75.3,77.68,100.0,70.55
2018-01-04 02:41:00,2,1,26.43,85.0,55.0,25.47,25.05,26.43,0.0,0.0,0.0,45.0,25.05,0.0,0.3,0.0,120.0,25.05,5670.53,5670.14,1.0,0.0,9.75,25.02,1.39,75.37,77.75,100.0,70.62
2018-01-04 02:42:00,2,1,26.43,85.0,55.0,25.47,25.05,26.43,0.0,0.0,0.0,45.0,25.05,0.0,0.3,0.0,120.0,25.05,5670.72,5670.35,1.0,0.0,9.75,25.02,1.39,75.44,77.82,100.0,70.69
2018-01-04 02:43:00,0,2,26.46,72.0,68.0,25.54,25.05,26.46,0.0,0.0,0.0,45.0,25.05,0.0,0.0,0.0,120.0,25.05,1.14,1.14,1.0,0.0,0.0,25.02,0.94,75.15,77.89,100.0,70.61
2018-01-04 02:44:00,0,2,26.45,72.0,68.0,25.55,25.05,26.45,0.0,0.0,0.0,45.0,25.05,0.0,0.0,0.0,120.0,25.05,1.14,1.14,1.0,0.0,0.0,25.02,0.99,75.15,77.96,100.0,70.69
2018-01-04 02:45:00,0,2,26.44,72.0,68.0,25.54,25.04,26.44,0.0,0.0,0.0,45.0,25.04,0.0,0.0,0.0,120.0,25.04,1.14,1.14,1.0,0.0,0.0,25.02,0.99,75.22,78.03,100.0,70.8
2018-01-04 02:46:00,0,2,26.45,72.0,68.0,25.52,25.05,26.45,0.0,0.0,0.0,45.0,25.07,0.06,0.0,0.0,120.0,25.05,39.08,39.08,1.0,0.0,0.0,25.01,1.11,75.4,78.09,100.0,70.81
2018-01-04 02:47:00,0,2,26.44,72.0,68.0,25.51,25.04,26.44,0.0,0.0,0.0,45.0,25.05,0.06,0.0,0.0,120.0,25.05,39.09,39.08,1.0,0.0,0.0,25.01,1.17,75.51,78.16,100.0,70.89
2018-01-04 02:48:00,0,2,26.43,72.0,68.0,25.5,25.04,26.43,0.0,0.0,0.0,45.0,25.04,0.06,0.0,0.0,120.0,25.04,39.08,39.08,1.0,0.0,0.0,25.01,1.17,75.6,78.23,100.0,71.01
2018-01-04 02:49:00,0,2,26.42,72.0,68.0,25.5,25.04,26.42,0.0,0.0,0.0,45.0,25.04,0.06,0.0,0.0,120.0,25.04,39.09,39.08,1.0,0.0,0.0,25.01,1.17,75.68,78.3,100.0,71.1
2018-01-04 02:50:00,0,2,26.41,72.0,68.0,25.49,25.03,26.41,0.0,0.0,0.0,45.0,25.03,0.06,0.0,0.0,120.0,25.03,39.08,39.08,1.0,0.0,0.0,25.01,1.17,75.76,78.36,100.0,71.19
2018-01-04 02:51:00,0,2,26.41,72.0,68.0,25.49,25.03,26.41,0.0,0.0,0.0,45.0,25.03,0.06,0.0,0.0,120.0,25.03,39.09,39.09,1.0,0.0,0.0,25.0,1.17,75.83,78.43,100.0,71.26
2018-01-04 02:52:00,0,2,26.4,72.0,68.0,25.49,25.03,26.4,0.0,0.0,0.0,45.0,25.03,0.06,0.0,0.0,120.0,25.03,39.09,39.08,1.0,0.0,0.0,25.0,1.17,75.89,78.49,100.0,71.33
2018-01-04 02:53:00,0,2,26.4,72.0,68.0,25.48,25.03,26.4,0.0,0.0,0.0,45.0,25.03,0.06,0.0,0.0,120.0,25.03,39.09,39.08,1.0,0.0,0.0,25.0,1.17,75.96,78.56,100.0,71.4
2018-01-04 02:54:00,0,2,26.39,72.0,68.0,25.48,25.02,26.39,0.0,0.0,0.0,45.0,25.02,0.06,0.0,0.0,120.0,25.02,39.09,39.09,1.0,0.0,0.0,25.0,1.17,76.02,78.62,100.0,71.46
2018-01-04 02:55:00,0,2,26.39,72.0,68.0,25.48,25.02,26.39,0.0,0.0,0.0,45.0,25.02,0.06,0.0,0.0,120.0,25.02,39.08,39.08,1.0,0.0,0.0,24.99,1.17,76.08,78.68,100.0,71.52
2018-01-04 02:56:00,0,2,26.39,72.0,68.0,25.47,25.02,26.39,0.0,0.0,0.0,45.0,25.02,0.06,0.0,0.0,120.0,25.02,39.09,39.09,1.0,0.0,0.0,24.99,1.17,76.14,78.74,100.0,71.58
2018-01-04 02:57:00,0,2,26.38,72.0,68.0,25.47,25.02,26.38,0.0,0.0,0.0,45.0,25.02,0.06,0.0,0.0,120.0,25.02,39.08,39.08,1.0,0.0,0.0,24.99,1.17,76.2,78.8,100.0,71.64
2018-01-04 02:58:00,0,2,26.38,72.0,68.0,25.47,25.01,26.38,0.0,0.0,0.0,45.0,25.01,0.06,0.0,0.0,120.0,25.01,39.09,39.08,1.0,0.0,0.0,24.99,1.17,76.26,78.86,100.0,71.7
2018-01-04 02:59:00,0,2,26.38,72.0,68.0,25.47,25.01,26.38,0.0,0.0,0.0,45.0,25.01,0.06,0.0,0.0,120.0,25.01,39.08,39.08,1.0,0.0,0.0,24.98,1.17,76.32,78.92,100.0,71.76
2018-01-04 03:00:00,0,2,26.37,72.0,68.0,25.46,25.01,26.37,0.0,0.0,0.0,45.0,25.01,0.06,0.0,0.0,120.0,25.01,39.08,39.08,1.0,0.0,0.0,24.98,1.17,76.38,78.98,100.0,71.82
2018-01-04 03:01:00,0,2,26.37,72.0,68.0,25.46,25.01,26.37,0.0,0.0,0.0,45.0,25.01,0.06,0.0,0.0,120.0,25.01,39.09,39.09,1.0,0.0,0.0,24.98,1.17,76.42,79.01,100.0,71.86
2018-01-04 03:02:00,0,2,26.37,72.0,68.0,25.46,25.0,26.37,0.0,0.0,0.0,45.0,25.0,0.06,0.0,0.0,120.0,25.0,39.08,39.08,1.0,0.0,0.0,24.98,1.17,76.45,79.04,100.0,71.9
2018-01-04 03:03:00,0,2,26.36,72.0,68.0,25.45,25.0,26.36,0.0,0.0,0.0,45.0,25.0,0.06,0.0,0.0,120.0,25.0,39.09,39.08,1.0,0.0,0.0,24.97,1.17,76.47,79.06,100.0,71.92
2018-01-04 03:04:00,0,2,26.36,72.0,68.0,25.45,25.0,26.36,0.0,0.0,0.0,45.0,25.0,0.06,0.0,0.0,120.0,25.0,39.08,39.08,1.0,0.0,0.0,24.97,1.17,76.49,79.08,100.0,71.95
2018-01-04 03:05:00,0,2,26.35,72.0,68.0,25.45,24.99,26.35,0.0,0.0,0.0,45.0,24.99,0.06,0.0,0.0,120.0,24.99,39.08,39.08,1.0,0.0,0.0,24.97,1.17,76.51,79.1,100.0,71.97
2018-01-04 03:06:00,0,2,26.35,72.0,68.0,25.44,24.99,26.35,0.0,0.0,0.0,45.0,24.99,0.06,0.0,0.0,120.0,24.99,39.09,39.08,1.0,0.0,0.0,24.96,1.17,76.53,79.11,100.0,71.99
2018-01-04 03:07:00,0,2,26.35,72.0,68.0,25.44,24.99,26.35,0.0,0.0,0.0,45.0,24.99,0.06,0.0,0.0,120.0,24.99,39.08,39.08,1.0,0.0,0.0,24.96,1.17,76.54,79.13,100.0,72.0
2018-01-04 03:08:00,0,2,26.34,72.0,68.0,25.44,24.98,26.34,0.0,0.0,0.0,45.0,24.99,0.06,0.0,0.0,120.0,24.99,39.08,39.08,1.0,0.0,0.0,24.96,1.17,76.56,79.14,100.0,72.02
2018-01-04 03:09:00,0,2,26.34,72.0,68.0,25.43,24.98,26.34,0.0,0.0,0.0,45.0,24.98,0.06,0.0,0.0,120.0,24.98,39.09,39.08,1.0,0.0,0.0,24.95,1.17,76.57,79.16,100.0,72.04
2018-01-04 03:10:00,0,2,26.34,72.0,68.0,25.43,24.98,26.34,0.0,0.0,0.0,45.0,24.98,0.06,0.0,0.0,120.0,24.98,39.08,39.08,1.0,0.0,0.0,24.95,1.17,76.59,79.17,100.0,72.05
2018-01-04 03:11:00,0,2,26.33,72.0,68.0,25.43,24.98,26.33,0.0,0.0,0.0,45.0,24.98,0.06,0.0,0.0,120.0,24.98,39.09,39.09,1.0,0.0,0.0,24.95,1.17,76.6,79.18,100.0,72.07
2018-01-04 03:12:00,0,2,26.33,72.0,68.0,25.43,24.97,26.33,0.0,0.0,0.0,45.0,24.97,0.06,0.0,0.0,120.0,24.97,39.08,39.08,1.0,0.0,0.0,24.95,1.17,76.61,79.19,100.0,72.08
2018-01-04 03:13:00,0,2,26.32,72.0,68.0,25.42,24.97,26.32,0.0,0.0,0.0,45.0,24.97,0.06,0.0,0.0,120.0,24.97,39.09,39.08,1.0,0.0,0.0,24.94,1.17,76.62,79.2,100.0,72.1
2018-01-04 03:14:00,0,2,26.37,72.0,68.0,25.5,24.97,26.37,0.0,0.0,0.0,45.0,24.98,0.0,0.0,0.0,120.0,24.97,1.14,1.14,1.0,0.0,0.0,24.94,1.01,76.24,79.21,100.0,71.86
2018-01-04 03:15:00,0,2,26.37,72.0,68.0,25.47,24.97,26.37,0.0,0.0,0.0,45.0,24.97,0.0,0.0,0.0,120.0,24.97,1.14,1.14,1.0,0.0,0.0,24.94,1.0,76.35,79.22,100.0,71.86
2018-01-04 03:16:00,0,2,26.35,72.0,68.0,25.46,24.97,26.35,0.0,0.0,0.0,45.0,24.97,0.0,0.0,0.0,120.0,24.97,1.14,1.14,1.0,0.0,0.0,24.94,0.99,76.4,79.23,100.0,71.95
2018-01-04 03:17:00,0,2,26.34,72.0,68.0,25.45,24.96,26.34,0.0,0.0,0.0,45.0,24.96,0.0,0.0,0.0,120.0,24.96,1.14,1.14,1.0,0.0,0.0,24.93,0.99,76.43,79.24,100.0,72.02
2018-01-04 03:18:00,0,2,26.33,72.0,68.0,25.45,24.96,26.33,0.0,0.0,0.0,45.0,24.96,0.0,0.0,0.0,120.0,24.96,1.14,1.14,1.0,0.0,0.0,24.93,0.99,76.46,79.24,100.0,72.07
2018-01-04 03:19:00,0,2,26.32,72.0,68.0,25.44,24.96,26.32,0.0,0.0,0.0,45.0,24.96,0.0,0.0,0.0,120.0,24.96,1.14,1.14,1.0,0.0,0.0,24.93,0.99,76.47,79.25,100.0,72.1
2018-01-04 03:20:00,2,1,26.35,85.0,55.0,25.4,24.96,26.35,0.0,0.0,0.0,45.0,24.98,0.0,0.3,0.0,120.0,24.96,5670.72,5670.35,1.0,0.0,9.75,24.93,1.4,76.72,79.25,100.0,71.93
2018-01-04 03:21:00,2,1,26.35,85.0,55.0,25.38,24.96,26.35,0.0,0.0,0.0,45.0,24.97,0.0,0.3,0.0,120.0,24.96,5670.37,5669.98,1.0,0.0,9.75,24.93,1.39,76.8,79.26,100.0,71.95
2018-01-04 03:22:00,0,2,26.37,72.0,68.0,25.45,24.96,26.37,0.0,0.0,0.0,45.0,24.98,0.06,0.0,0.0,120.0,24.96,39.09,39.08,1.0,0.0,0.0,24.92,1.19,76.43,79.26,100.0,71.85
2018-01-04 03:23:00,0,2,26.36,72.0,68.0,25.42,24.96,26.36,0.0,0.0,0.0,45.0,24.97,0.06,0.0,0.0,120.0,24.96,39.09,39.08,1.0,0.0,0.0,24.92,1.18,76.56,79.26,100.0,71.87
2018-01-04 03:24:00,0,2,26.33,72.0,68.0,25.41,24.95,26.33,0.0,0.0,0.0,45.0,24.95,0.06,0.0,0.0,120.0,24.95,39.08,39.08,1.0,0.0,0.0,24.92,1.17,76.62,79.26,100.0,71.99
2018-01-04 03:25:00,0,2,26.31,72.0,68.0,25.4,24.95,26.31,0.0,0.0,0.0,45.0,24.95,0.06,0.0,0.0,120.0,24.95,39.09,39.08,1.0,0.0,0.0,24.92,1.17,76.66,79.26,100.0,72.08
2018-01-04 03:26:00,0,2,26.3,72.0,68.0,25.4,24.94,26.3,0.0,0.0,0.0,45.0,24.94,0.06,0.0,0.0,120.0,24.94,39.09,39.08,1.0,0.0,0.0,24.92,1.17,76.68,79.26,100.0,72.14
2018-01-04 03:27:00,0,2,26.29,72.0,68.0,25.39,24.94,26.29,0.0,0.0,0.0,45.0,24.94,0.06,0.0,0.0,120.0,24.94,39.08,39.08,1.0,0.0,0.0,24.92,1.17,76.69,79.26,100.0,72.17
2018-01-04 03:28:00,0,2,26.28,72.0,68.0,25.39,24.94,26.28,0.0,0.0,0.0,45.0,24.94,0.06,0.0,0.0,120.0,24.94,39.09,39.08,1.0,0.0,0.0,24.91,1.17,76.7,79.26,100.0,72.2
2018-01-04 03:29:00,0,2,26.28,72.0,68.0,25.39,24.94,26.28,0.0,0.0,0.0,45.0,24.94,0.06,0.0,0.0,120.0,24.94,39.09,39.08,1.0,0.0,0.0,24.91,1.17,76.7,79.26,100.0,72.21
2018-01-04 03:30:00,0,2,26.31,72.0,68.0,25.47,24.94,26.31,0.0,0.0,0.0,45.0,24.96,0.0,0.0,0.0,120.0,24.94,0.9,0.9,1.0,0.0,0.0,24.91,1.01,76.28,79.26,100.0,72.06
2018-01-04 03:31:00,0,2,26.33,72.0,68.0,25.44,24.95,26.33,0.0,0.0,0.0,45.0,24.96,0.0,0.0,0.0,120.0,24.95,1.14,1.14,1.0,0.0,0.0,24.91,1.0,76.39,79.26,100.0,71.95
2018-01-04 03:32:00,0,2,26.31,72.0,68.0,25.43,24.94,26.31,0.0,0.0,0.0,45.0,24.94,0.0,0.0,0.0,120.0,24.94,1.14,1.14,1.0,0.0,0.0,24.91,0.99,76.45,79.25,100.0,72.03
2018-01-04 03:33:00,0,2,26.3,72.0,68.0,25.42,24.94,26.3,0.0,0.0,0.0,45.0,24.94,0.0,0.0,0.0,120.0,24.94,1.14,1.14,1.0,0.0,0.0,24.91,0.99,76.47,79.25,100.0,72.1
2018-01-04 03:34:00,0,2,26.29,72.0,68.0,25.42,24.94,26.29,0.0,0.0,0.0,45.0,24.94,0.0,0.0,0.0,120.0,24.94,1.14,1.14,1.0,0.0,0.0,24.91,0.99,76.49,79.24,100.0,72.15
2018-01-04 03:35:00,0,2,26.28,72.0,68.0,25.42,24.94,26.28,0.0,0.0,0.0,45.0,24.94,0.0,0.0,0.0,120.0,24.94,1.14,1.14,1.0,0.0,0.0,24.91,0.99,76.5,79.24,100.0,72.18
2018-01-04 03:36:00,0,2,26.27,72.0,68.0,25.42,24.94,26.27,0.0,0.0,0.0,45.0,24.94,0.0,0.0,0.0,120.0,24.94,1.14,1.14,1.0,0.0,0.0,24.91,0.99,76.5,79.23,100.0,72.19
2018-01-04 03:37:00,0,2,26.27,72.0,68.0,25.42,24.94,26.27,0.0,0.0,0.0,45.0,24.94,0.0,0.0,0.0,120.0,24.94,1.14,1.14,1.0,0.0,0.0,24.91,0.99,76.5,79.23,100.0,72.2
2018-01-04 03:38:00,0,2,26.27,72.0,68.0,25.41,24.94,26.27,0.0,0.0,0.0,45.0,24.94,0.0,0.0,0.0,120.0,24.94,1.14,1.14,1.0,0.0,0.0,24.91,0.99,76.5,79.22,100.0,72.21
2018-01-04 03:39:00,0,2,26.27,72.0,68.0,25.41,24.94,26.27,0.0,0.0,0.0,45.0,24.94,0.0,0.0,0.0,120.0,24.94,1.14,1.14,1.0,0.0,0.0,24.91,0.99,76.5,79.21,100.0,72.22
2018-01-04 03:40:00,0,2,26.26,72.0,68.0,25.41,24.94,26.26,0.0,0.0,0.0,45.0,24.94,0.0,0.0,0.0,120.0,24.94,1.14,1.14,1.0,0.0,0.0,24.91,0.99,76.5,79.21,100.0,72.22
2018-01-04 03:41:00,0,2,26.26,72.0,68.0,25.41,24.94,26.26,0.0,0.0,0.0,45.0,24.94,0.0,0.0,0.0,120.0,24.94,1.14,1.14,1.0,0.0,0.0,24.91,0.99,76.49,79.2,100.0,72.22
2018-01-04 03:42:00,0,2,26.26,72.0,68.0,25.41,24.94,26.26,0.0,0.0,0.0,45.0,24.94,0.0,0.0,0.0,120.0,24.94,1.14,1.14,1.0,0.0,0.0,24.92,0.99,76.49,79.19,100.0,72.23
2018-01-04 03:43:00,0,2,26.26,72.0,68.0,25.42,24.94,26.26,0.0,0.0,0.0,45.0,24.94,0.0,0.0,0.0,120.0,24.94,1.14,1.14,1.0,0.0,0.0,24.92,0.99,76.49,79.18,100.0,72.23
2018-01-04 03:44:00,0,2,26.26,72.0,68.0,25.42,24.94,26.26,0.0,0.0,0.0,45.0,24.94,0.0,0.0,0.0,120.0,24.94,1.14,1.14,1.0,0.0,0.0,24.92,0.99,76.48,79.18,100.0,72.23
2018-01-04 03:45:00,0,2,26.26,72.0,68.0,25.42,24.94,26.26,0.0,0.0,0.0,45.0,24.94,0.0,0.0,0.0,120.0,24.94,1.14,1.14,1.0,0.0,0.0,24.92,0.99,76.48,79.17,100.0,72.24
2018-01-04 03:46:00,0,2,26.26,72.0,68.0,25.42,24.95,26.26,0.0,0.0,0.0,45.0,24.95,0.0,0.0,0.0,120.0,24.95,1.14,1.14,1.0,0.0,0.0,24.92,0.99,76.47,79.16,100.0,72.24
2018-01-04 03:47:00,0,2,26.26,72.0,68.0,25.42,24.95,26.26,0.0,0.0,0.0,45.0,24.95,0.0,0.0,0.0,120.0,24.95,1.14,1.14,1.0,0.0,0.0,24.92,0.99,76.47,79.15,100.0,72.24
2018-01-04 03:48:00,0,2,26.26,72.0,68.0,25.42,24.95,26.26,0.0,0.0,0.0,45.0,24.95,0.0,0.0,0.0,120.0,24.95,1.14,1.14,1.0,0.0,0.0,24.93,0.99,76.47,79.14,100.0,72.24
2018-01-04 03:49:00,0,2,26.26,72.0,68.0,25.42,24.95,26.26,0.0,0.0,0.0,45.0,24.95,0.0,0.0,0.0,120.0,24.95,1.14,1.14,1.0,0.0,0.0,24.93,0.99,76.46,79.13,100.0,72.25
2018-01-04 03:50:00,0,2,26.26,72.0,68.0,25.43,24.96,26.26,0.0,0.0,0.0,45.0,24.96,0.0,0.0,0.0,120.0,24.96,1.14,1.14,1.0,0.0,0.0,24.93,0.99,76.46,79.12,100.0,72.25
2018-01-04 03:51:00,0,2,26.26,72.0,68.0,25.43,24.96,26.26,0.0,0.0,0.0,45.0,24.96,0.0,0.0,0.0,120.0,24.96,1.14,1.14,1.0,0.0,0.0,24.94,0.99,76.45,79.11,100.0,72.25
2018-01-04 03:52:00,0,2,26.26,72.0,68.0,25.43,24.96,26.26,0.0,0.0,0.0,45.0,24.96,0.0,0.0,0.0,120.0,24.96,1.14,1.14,1.0,0.0,0.0,24.94,0.99,76.45,79.1,100.0,72.25
2018-01-04 03:53:00,0,2,26.26,72.0,68.0,25.43,24.97,26.26,0.0,0.0,0.0,45.0,24.97,0.0,0.0,0.0,120.0,24.97,1.14,1.14,1.0,0.0,0.0,24.94,0.99,76.44,79.09,100.0,72.26
2018-01-04 03:54:00,0,2,26.27,72.0,68.0,25.44,24.97,26.27,0.0,0.0,0.0,45.0,24.97,0.0,0.0,0.0,120.0,24.97,1.14,1.14,1.0,0.0,0.0,24.95,0.99,76.44,79.08,100.0,72.26
2018-01-04 03:55:00,0,2,26.27,72.0,68.0,25.44,24.97,26.27,0.0,0.0,0.0,45.0,24.97,0.0,0.0,0.0,120.0,24.97,1.14,1.14,1.0,0.0,0.0,24.95,0.99,76.43,79.07,100.0,72.26
2018-01-04 03:56:00,0,2,26.27,72.0,68.0,25.44,24.98,26.27,0.0,0.0,0.0,45.0,24.98,0.0,0.0,0.0,120.0,24.98,1.14,1.14,1.0,0.0,0.0,24.96,0.99,76.43,79.05,100.0,72.27
2018-01-04 03:57:00,0,2,26.27,72.0,68.0,25.45,24.98,26.27,0.0,0.0,0.0,45.0,24.98,0.0,0.0,0.0,120.0,24.98,1.14,1.14,1.0,0.0,0.0,24.96,0.99,76.42,79.04,100.0,72.27
2018-01-04 03:58:00,0,2,26.27,72.0,68.0,25.45,24.99,26.27,0.0,0.0,0.0,45.0,24.99,0.0,0.0,0.0,120.0,24.99,1.14,1.14,1.0,0.0,0.0,24.97,0.99,76.42,79.03,100.0,72.28
2018-01-04 03:59:00,0,2,26.28,72.0,68.0,25.46,24.99,26.28,0.0,0.0,0.0,45.0,24.99,0.0,0.0,0.0,120.0,24.99,1.14,1.14,1.0,0.0,0.0,24.97,0.99,76.41,79.02,100.0,72.28
2018-01-04 04:00:00,0,2,26.28,72.0,68.0,25.46,25.0,26.28,0.0,0.0,0.0,45.0,25.0,0.0,0.0,0.0,120.0,25.0,1.14,1.14,1.0,0.0,0.0,24.98,0.99,76.41,79.01,100.0,72.28
2018-01-04 04:01:00,0,2,26.28,72.0,68.0,25.47,25.01,26.28,0.0,0.0,0.0,45.0,25.01,0.0,0.0,0.0,120.0,25.01,1.14,1.14,1.0,0.0,0.0,24.99,0.99,76.41,79.01,100.0,72.3
2018-01-04 04:02:00,0,2,26.29,72.0,68.0,25.48,25.02,26.29,0.0,0.0,0.0,45.0,25.02,0.0,0.0,0.0,120.0,25.02,1.14,1.14,1.0,0.0,0.0,25.0,0.99,76.43,79.02,100.0,72.33
2018-01-04 04:03:00,0,2,26.29,72.0,68.0,25.49,25.03,26.29,0.0,0.0,0.0,45.0,25.03,0.0,0.0,0.0,120.0,25.03,1.14,1.14,1.0,0.0,0.0,25.01,0.99,76.45,79.03,100.0,72.37
2018-01-04 04:04:00,0,2,26.3,72.0,68.0,25.5,25.04,26.3,0.0,0.0,0.0,45.0,25.04,0.0,0.0,0.0,120.0,25.04,1.14,1.14,1.0,0.0,0.0,25.03,0.99,76.47,79.04,100.0,72.41
2018-01-04 04:05:00,0,2,26.31,72.0,68.0,25.51,25.06,26.31,0.0,0.0,0.0,45.0,25.05,0.0,0.0,0.0,120.0,25.06,1.14,1.14,1.0,0.0,0.0,25.04,0.99,76.49,79.05,100.0,72.45
2018-01-04 04:06:00,0,2,26.32,72.0,68.0,25.52,25.07,26.32,0.0,0.0,0.0,45.0,25.07,0.0,0.0,0.0,120.0,25.07,1.14,1.14,1.0,0.0,0.0,25.05,0.99,76.51,79.06,100.0,72.48
2018-01-04 04:07:00,0,2,26.33,72.0,68.0,25.53,25.08,26.33,0.0,0.0,0.0,45.0,25.08,0.0,0.0,0.0,120.0,25.08,1.14,1.14,1.0,0.0,0.0,25.07,0.99,76.54,79.07,100.0,72.52
2018-01-04 04:08:00,0,2,26.34,72.0,68.0,25.55,25.1,26.34,0.0,0.0,0.0,45.0,25.1,0.0,0.0,0.0,120.0,25.1,1.14,1.14,1.0,0.0,0.0,25.08,0.99,76.56,79.08,100.0,72.56
2018-01-04 04:09:00,0,2,26.35,72.0,68.0,25.56,25.11,26.35,0.0,0.0,0.0,45.0,25.11,0.0,0.0,0.0,120.0,25.11,1.14,1.14,1.0,0.0,0.0,25.1,0.99,76.58,79.08,100.0,72.59
2018-01-04 04:10:00,0,2,26.36,72.0,68.0,25.57,25.13,26.36,0.0,0.0,0.0,45.0,25.13,0.0,0.0,0.0,120.0,25.13,1.14,1.14,1.0,0.0,0.0,25.11,0.99,76.6,79.09,100.0,72.63
2018-01-04 04:11:00,0,2,26.37,72.0,68.0,25.59,25.14,26.37,0.0,0.0,0.0,45.0,25.14,0.0,0.0,0.0,120.0,25.14,1.14,1.14,1.0,0.0,0.0,25.13,0.99,76.61,79.1,100.0,72.67
2018-01-04 04:12:00,0,2,26.38,72.0,68.0,25.6,25.16,26.38,0.0,0.0,0.0,45.0,25.16,0.0,0.0,0.0,120.0,25.16,1.14,1.14,1.0,0.0,0.0,25.14,0.99,76.63,79.11,100.0,72.7
2018-01-04 04:13:00,0,2,26.39,72.0,68.0,25.61,25.17,26.39,0.0,0.0,0.0,45.0,25.17,0.0,0.0,0.0,120.0,25.17,1.14,1.14,1.0,0.0,0.0,25.16,0.99,76.65,79.12,100.0,72.74
2018-01-04 04:14:00,0,2,26.4,72.0,68.0,25.63,25.19,26.4,0.0,0.0,0.0,45.0,25.19,0.0,0.0,0.0,120.0,25.19,1.14,1.14,1.0,0.0,0.0,25.17,0.99,76.67,79.13,100.0,72.77
2018-01-04 04:15:00,0,2,26.41,72.0,68.0,25.64,25.21,26.41,0.0,0.0,0.0,45.0,25.2,0.0,0.0,0.0,120.0,25.2,1.14,1.14,1.0,0.0,0.0,25.19,0.99,76.69,79.13,100.0,72.81
2018-01-04 04:16:00,0,2,26.42,72.0,68.0,25.66,25.22,26.42,0.0,0.0,0.0,45.0,25.22,0.0,0.0,0.0,120.0,25.22,1.14,1.14,1.0,0.0,0.0,25.21,0.99,76.71,79.14,100.0,72.85
2018-01-04 04:17:00,0,2,26.43,72.0,68.0,25.67,25.24,26.43,0.0,0.0,0.0,45.0,25.24,0.0,0.0,0.0,120.0,25.24,1.14,1.14,1.0,0.0,0.0,25.22,0.99,76.73,79.15,100.0,72.88
2018-01-04 04:18:00,0,2,26.45,72.0,68.0,25.69,25.25,26.45,0.0,0.0,0.0,45.0,25.25,0.0,0.0,0.0,120.0,25.25,1.14,1.14,1.0,0.0,0.0,25.24,0.99,76.75,79.16,100.0,72.92
2018-01-04 04:19:00,0,2,26.46,72.0,68.0,25.7,25.27,26.46,0.0,0.0,0.0,45.0,25.27,0.0,0.0,0.0,120.0,25.27,1.14,1.14,1.0,0.0,0.0,25.26,0.99,76.77,79.16,100.0,72.95
2018-01-04 04:20:00,0,2,26.47,72.0,68.0,25.72,25.29,26.47,0.0,0.0,0.0,45.0,25.29,0.0,0.0,0.0,120.0,25.29,1.14,1.14,1.0,0.0,0.0,25.27,0.99,76.79,79.17,100.0,72.99
2018-01-04 04:21:00,0,2,26.48,72.0,68.0,25.73,25.31,26.48,0.0,0.0,0.0,45.0,25.3,0.0,0.0,0.0,120.0,25.3,1.14,1.14,1.0,0.0,0.0,25.29,0.99,76.8,79.17,100.0,73.03
2018-01-04 04:22:00,0,2,26.49,72.0,68.0,25.75,25.32,26.49,0.0,0.0,0.0,45.0,25.32,0.0,0.0,0.0,120.0,25.32,1.14,1.14,1.0,0.0,0.0,25.31,0.99,76.82,79.18,100.0,73.06
2018-01-04 04:23:00,0,2,26.51,72.0,68.0,25.76,25.34,26.51,0.0,0.0,0.0,45.0,25.34,0.0,0.0,0.0,120.0,25.34,1.14,1.14,1.0,0.0,0.0,25.33,0.99,76.84,79.18,100.0,73.1
2018-01-04 04:24:00,0,2,26.52,72.0,68.0,25.78,25.36,26.52,0.0,0.0,0.0,45.0,25.35,0.0,0.0,0.0,120.0,25.36,1.14,1.14,1.0,0.0,0.0,25.34,0.99,76.85,79.19,100.0,73.13
2018-01-04 04:25:00,0,2,26.53,72.0,68.0,25.8,25.38,26.53,0.0,0.0,0.0,45.0,25.37,0.0,0.0,0.0,120.0,25.37,1.14,1.14,1.0,0.0,0.0,25.36,0.99,76.87,79.19,100.0,73.17
2018-01-04 04:26:00,0,2,26.55,72.0,68.0,25.81,25.39,26.55,0.0,0.0,0.0,45.0,25.39,0.0,0.0,0.0,120.0,25.39,1.14,1.14,1.0,0.0,0.0,25.38,0.99,76.89,79.2,100.0,73.2
2018-01-04 04:27:00,0,2,26.56,72.0,68.0,25.83,25.41,26.56,0.0,0.0,0.0,45.0,25.41,0.0,0.0,0.0,120.0,25.41,1.14,1.14,1.0,0.0,0.0,25.4,0.99,76.9,79.2,100.0,73.23
2018-01-04 04:28:00,0,2,26.57,72.0,68.0,25.85,25.43,26.57,0.0,0.0,0.0,45.0,25.43,0.0,0.0,0.0,120.0,25.43,1.14,1.14,1.0,0.0,0.0,25.42,0.99,76.92,79.21,100.0,73.27
2018-01-04 04:29:00,0,2,26.59,72.0,68.0,25.86,25.45,26.59,0.0,0.0,0.0,45.0,25.45,0.0,0.0,0.0,120.0,25.45,1.14,1.14,1.0,0.0,0.0,25.44,0.99,76.93,79.21,100.0,73.3
2018-01-04 04:30:00,0,2,26.6,72.0,68.0,25.88,25.47,26.6,0.0,0.0,0.0,45.0,25.46,0.0,0.0,0.0,120.0,25.47,1.14,1.14,1.0,0.0,0.0,25.46,0.99,76.95,79.21,100.0,73.33
2018-01-04 04:31:00,0,2,26.61,72.0,68.0,25.9,25.49,26.61,0.0,0.0,0.0,45.0,25.48,0.0,0.0,0.0,120.0,25.48,1.14,1.14,1.0,0.0,0.0,25.47,0.99,76.96,79.21,100.0,73.37
2018-01-04 04:32:00,0,2,26.63,72.0,68.0,25.91,25.5,26.63,0.0,0.0,0.0,45.0,25.5,0.0,0.0,0.0,120.0,25.5,1.14,1.14,1.0,0.0,0.0,25.49,0.99,76.98,79.21,100.0,73.4
2018-01-04 04:33:00,0,2,26.64,72.0,68.0,25.93,25.52,26.64,0.0,0.0,0.0,45.0,25.52,0.0,0.0,0.0,120.0,25.52,1.14,1.14,1.0,0.0,0.0,25.51,0.99,76.99,79.22,100.0,73.43
2018-01-04 04:34:00,0,2,26.66,72.0,68.0,25.95,25.54,26.66,0.0,0.0,0.0,45.0,25.54,0.0,0.0,0.0,120.0,25.54,1.14,1.14,1.0,0.0,0.0,25.53,0.99,77.0,79.22,100.0,73.46
2018-01-04 04:35:00,2,1,26.69,85.0,55.0,25.94,25.56,26.69,0.0,0.0,0.0,45.0,25.58,0.0,0.3,0.0,120.0,25.56,5670.58,5670.19,1.0,0.0,9.75,25.55,1.4,77.17,79.22,100.0,73.39
2018-01-04 04:36:00,2,1,26.72,85.0,55.0,25.94,25.59,26.72,0.0,0.0,0.0,45.0,25.59,0.0,0.3,0.0,120.0,25.59,5670.53,5670.14,1.0,0.0,9.75,25.57,1.39,77.26,79.22,100.0,73.36
2018-01-04 04:37:00,2,1,26.72,85.0,55.0,25.95,25.6,26.72,0.0,0.0,0.0,45.0,25.6,0.0,0.3,0.0,120.0,25.6,5670.26,5669.88,1.0,0.0,9.75,25.59,1.39,77.31,79.21,100.0,73.45
2018-01-04 04:38:00,2,1,26.72,85.0,55.0,25.96,25.62,26.72,0.0,0.0,0.0,45.0,25.62,0.0,0.3,0.0,120.0,25.62,5670.51,5670.11,1.0,0.0,9.75,25.61,1.39,77.34,79.21,100.0,73.54
2018-01-04 04:39:00,2,1,26.73,85.0,55.0,25.98,25.64,26.73,0.0,0.0,0.0,45.0,25.64,0.0,0.3,0.0,120.0,25.64,5671.06,5670.67,1.0,0.0,9.75,25.63,1.39,77.36,79.21,100.0,73.6
2018-01-04 04:40:00,2,1,26.74,85.0,55.0,26.0,25.66,26.74,0.0,0.0,0.0,45.0,25.66,0.0,0.3,0.0,120.0,25.66,5670.19,5669.8,1.0,0.0,9.75,25.65,1.39,77.37,79.21,100.0,73.64
2018-01-04 04:41:00,2,1,26.75,85.0,55.0,26.01,25.68,26.75,0.0,0.0,0.0,45.0,25.68,0.0,0.3,0.0,120.0,25.68,5670.39,5669.98,1.0,0.0,9.75,25.67,1.39,77.38,79.2,100.0,73.68
2018-01-04 04:42:00,2,1,26.77,85.0,55.0,26.03,25.7,26.77,0.0,0.0,0.0,45.0,25.7,0.0,0.3,0.0,120.0,25.7,5670.46,5670.05,1.0,0.0,9.75,25.69,1.39,77.39,79.2,100.0,73.71
2018-01-04 04:43:00,2,1,26.78,85.0,55.0,26.05,25.72,26.78,0.0,0.0,0.0,45.0,25.72,0.0,0.3,0.0,120.0,25.72,5670.51,5670.12,1.0,0.0,9.75,25.71,1.39,77.4,79.2,100.0,73.74
2018-01-04 04:44:00,2,1,26.8,85.0,55.0,26.07,25.74,26.8,0.0,0.0,0.0,45.0,25.74,0.0,0.29,0.0,120.0,25.74,5671.01,5670.63,1.0,0.0,9.75,25.73,1.39,77.4,79.19,100.0,73.77
2018-01-04 04:45:00,2,1,26.81,85.0,55.0,26.09,25.76,26.81,0.0,0.0,0.0,45.0,25.76,0.0,0.29,0.0,120.0,25.76,5670.55,5670.14,1.0,0.0,9.75,25.75,1.39,77.41,79.18,100.0,73.8
2018-01-04 04:46:00,2,1,26.83,85.0,55.0,26.11,25.78,26.83,0.0,0.0,0.0,45.0,25.78,0.0,0.29,0.0,120.0,25.78,5670.25,5669.84,1.0,0.0,9.75,25.77,1.39,77.41,79.18,100.0,73.82
2018-01-04 04:47:00,2,1,26.84,85.0,55.0,26.12,25.8,26.84,0.0,0.0,0.0,45.0,25.8,0.0,0.29,0.0,120.0,25.8,5670.46,5670.07,1.0,0.0,9.75,25.79,1.39,77.41,79.17,100.0,73.85
2018-01-04 04:48:00,2,1,26.86,85.0,55.0,26.14,25.82,26.86,0.0,0.0,0.0,45.0,25.82,0.0,0.29,0.0,120.0,25.82,5670.72,5670.35,1.0,0.0,9.75,25.81,1.39,77.42,79.16,100.0,73.87
2018-01-04 04:49:00,0,2,26.91,72.0,68.0,26.21,25.84,26.91,0.0,0.0,0.0,45.0,25.85,0.06,0.0,0.0,120.0,25.84,39.08,39.08,1.0,0.0,0.0,25.83,1.18,77.16,79.15,100.0,73.69
2018-01-04 04:50:00,0,2,26.92,72.0,68.0,26.22,25.86,26.92,0.0,0.0,0.0,45.0,25.86,0.06,0.0,0.0,120.0,25.86,39.08,39.08,1.0,0.0,0.0,25.85,1.18,77.21,79.14,100.0,73.76
2018-01-04 04:51:00,0,2,26.97,72.0,68.0,26.29,25.89,26.97,0.0,0.0,0.0,45.0,25.9,0.0,0.0,0.0,120.0,25.88,1.14,1.14,1.0,0.0,0.0,25.87,1.0,76.96,79.13,100.0,73.62
2018-01-04 04:52:00,0,2,26.97,72.0,68.0,26.29,25.9,26.97,0.0,0.0,0.0,45.0,25.91,0.0,0.0,0.0,120.0,25.9,1.14,1.14,1.0,0.0,0.0,25.89,1.0,77.04,79.12,100.0,73.71
2018-01-04 04:53:00,0,2,26.97,72.0,68.0,26.3,25.92,26.97,0.0,0.0,0.0,45.0,25.92,0.0,0.0,0.0,120.0,25.92,1.14,1.14,1.0,0.0,0.0,25.91,0.99,77.08,79.11,100.0,73.81
2018-01-04 04:54:00,0,2,26.97,72.0,68.0,26.32,25.94,26.97,0.0,0.0,0.0,45.0,25.94,0.0,0.0,0.0,120.0,25.94,1.14,1.14,1.0,0.0,0.0,25.93,0.99,77.1,79.1,100.0,73.88
2018-01-04 04:55:00,0,2,26.98,72.0,68.0,26.33,25.96,26.98,0.0,0.0,0.0,45.0,25.96,0.0,0.0,0.0,120.0,25.96,1.14,1.14,1.0,0.0,0.0,25.95,0.99,77.11,79.09,100.0,73.93
2018-01-04 04:56:00,0,2,26.99,72.0,68.0,26.35,25.98,26.99,0.0,0.0,0.0,45.0,25.98,0.0,0.0,0.0,120.0,25.98,1.14,1.14,1.0,0.0,0.0,25.97,0.99,77.12,79.07,100.0,73.96
2018-01-04 04:57:00,0,2,27.01,72.0,68.0,26.37,26.0,27.01,0.0,0.0,0.0,45.0,26.0,0.0,0.0,0.0,120.0,26.0,1.14,1.14,1.0,0.0,0.0,25.99,0.99,77.12,79.06,100.0,73.99
2018-01-04 04:58:00,0,2,27.02,72.0,68.0,26.38,26.02,27.02,0.0,0.0,0.0,45.0,26.02,0.0,0.0,0.0,120.0,26.02,1.14,1.14,1.0,0.0,0.0,26.01,0.99,77.12,79.04,100.0,74.01
2018-01-04 04:59:00,2,1,27.06,85.0,55.0,26.37,26.04,27.06,0.0,0.0,0.0,45.0,26.06,0.0,0.29,0.0,120.0,26.04,5670.37,5669.96,1.0,0.0,9.75,26.03,1.4,77.27,79.03,100.0,73.89
2018-01-04 05:00:00,2,1,27.08,85.0,55.0,26.38,26.06,27.08,0.0,0.0,0.0,45.0,26.07,0.0,0.29,0.0,120.0,26.06,5671.09,5670.71,1.0,0.0,9.75,26.05,1.39,77.32,79.01,100.0,73.91
2018-01-04 05:01:00,2,1,27.08,85.0,55.0,26.39,26.08,27.08,0.0,0.0,0.0,45.0,26.08,0.0,0.29,0.0,120.0,26.08,5670.97,5670.58,1.0,0.0,9.75,26.07,1.39,77.33,78.98,100.0,73.97
2018-01-04 05:02:00,2,1,27.08,85.0,55.0,26.4,26.1,27.08,0.0,0.0,0.0,45.0,26.09,0.0,0.29,0.0,120.0,26.09,5670.93,5670.55,1.0,0.0,9.75,26.08,1.39,77.31,78.94,100.0,74.0
2018-01-04 05:03:00,2,1,27.09,85.0,55.0,26.42,26.11,27.09,0.0,0.0,0.0,45.0,26.11,0.0,0.29,0.0,120.0,26.11,5670.72,5670.35,1.0,0.0,9.75,26.1,1.39,77.29,78.9,100.0,74.01
2018-01-04 05:04:00,2,1,27.1,85.0,55.0,26.43,26.13,27.1,0.0,0.0,0.0,45.0,26.12,0.0,0.29,0.0,120.0,26.12,5671.06,5670.69,1.0,0.0,9.75,26.11,1.39,77.26,78.85,100.0,74.0
2018-01-04 05:05:00,2,1,27.11,85.0,55.0,26.44,26.14,27.11,0.0,0.0,0.0,45.0,26.14,0.0,0.29,0.0,120.0,26.14,5670.26,5669.86,1.0,0.0,9.75,26.13,1.39,77.22,78.81,100.0,73.99
2018-01-04 05:06:00,2,1,27.12,85.0,55.0,26.46,26.16,27.12,0.0,0.0,0.0,45.0,26.15,0.0,0.29,0.0,120.0,26.15,5670.72,5670.35,1.0,0.0,9.75,26.15,1.39,77.19,78.77,100.0,73.97
2018-01-04 05:07:00,2,1,27.14,85.0,55.0,26.47,26.17,27.14,0.0,0.0,0.0,45.0,26.17,0.0,0.29,0.0,120.0,26.17,5670.25,5669.84,1.0,0.0,9.75,26.16,1.39,77.15,78.72,100.0,73.95
2018-01-04 05:08:00,2,1,27.15,85.0,55.0,26.49,26.19,27.15,0.0,0.0,0.0,45.0,26.18,0.0,0.29,0.0,120.0,26.18,5670.42,5670.02,1.0,0.0,9.75,26.18,1.39,77.11,78.67,100.0,73.92
2018-01-04 05:09:00,2,1,27.16,85.0,55.0,26.5,26.2,27.16,0.0,0.0,0.0,45.0,26.2,0.0,0.29,0.0,120.0,26.2,5670.72,5670.35,1.0,0.0,9.75,26.19,1.39,77.08,78.63,100.0,73.9
2018-01-04 05:10:00,2,1,27.17,85.0,55.0,26.51,26.22,27.17,0.0,0.0,0.0,45.0,26.21,0.0,0.29,0.0,120.0,26.21,5671.02,5670.65,1.0,0.0,9.75,26.21,1.39,77.04,78.58,100.0,73.88
2018-01-04 05:11:00,2,1,27.18,85.0,55.0,26.53,26.23,27.18,0.0,0.0,0.0,45.0,26.23,0.0,0.29,0.0,120.0,26.23,5670.26,5669.88,1.0,0.0,9.75,26.22,1.39,77.0,78.53,100.0,73.85
2018-01-04 05:12:00,2,1,27.19,85.0,55.0,26.54,26.25,27.19,0.0,0.0,0.0,45.0,26.24,0.0,0.29,0.0,120.0,26.24,5670.72,5670.35,1.0,0.0,9.75,26.24,1.39,76.96,78.49,100.0,73.83
2018-01-04 05:13:00,2,1,27.21,85.0,55.0,26.56,26.26,27.21,0.0,0.0,0.0,45.0,26.26,0.0,0.29,0.0,120.0,26.26,5670.41,5670.0,1.0,0.0,9.75,26.25,1.39,76.91,78.44,100.0,73.8
2018-01-04 05:14:00,2,1,27.22,85.0,55.0,26.57,26.28,27.22,0.0,0.0,0.0,45.0,26.27,0.0,0.29,0.0,120.0,26.27,5670.58,5670.19,1.0,0.0,9.75,26.27,1.39,76.87,78.39,100.0,73.77
2018-01-04 05:15:00,2,1,27.23,85.0,55.0,26.58,26.29,27.23,0.0,0.0,0.0,45.0,26.29,0.0,0.29,0.0,120.0,26.29,5670.72,5670.35,1.0,0.0,9.75,26.28,1.39,76.83,78.34,100.0,73.74
2018-01-04 05:16:00,2,1,27.24,85.0,55.0,26.6,26.31,27.24,0.0,0.0,0.0,45.0,26.3,0.0,0.29,0.0,120.0,26.3,5671.08,5670.71,1.0,0.0,9.75,26.3,1.39,76.79,78.29,100.0,73.72
2018-01-04 05:17:00,2,1,27.25,85.0,55.0,26.61,26.32,27.25,0.0,0.0,0.0,45.0,26.32,0.0,0.29,0.0,120.0,26.32,5670.33,5669.95,1.0,0.0,9.75,26.31,1.39,76.74,78.24,100.0,73.69
2018-01-04 05:18:00,2,1,27.27,85.0,55.0,26.63,26.34,27.27,0.0,0.0,0.0,45.0,26.33,0.0,0.29,0.0,120.0,26.33,5670.19,5669.79,1.0,0.0,9.75,26.33,1.39,76.7,78.19,100.0,73.66
2018-01-04 05:19:00,2,1,27.28,85.0,55.0,26.64,26.35,27.28,0.0,0.0,0.0,45.0,26.35,0.0,0.29,0.0,120.0,26.35,5670.72,5670.35,1.0,0.0,9.75,26.34,1.39,76.66,78.14,100.0,73.63
2018-01-04 05:20:00,2,1,27.29,85.0,55.0,26.65,26.37,27.29,0.0,0.0,0.0,45.0,26.36,0.0,0.29,0.0,120.0,26.36,5670.92,5670.53,1.0,0.0,9.75,26.36,1.39,76.61,78.09,100.0,73.6
2018-01-04 05:21:00,2,1,27.3,85.0,55.0,26.67,26.38,27.3,0.0,0.0,0.0,45.0,26.38,0.0,0.29,0.0,120.0,26.38,5670.42,5670.02,1.0,0.0,9.75,26.37,1.39,76.57,78.03,100.0,73.57
2018-01-04 05:22:00,2,1,27.31,85.0,55.0,26.68,26.4,27.31,0.0,0.0,0.0,45.0,26.39,0.0,0.29,0.0,120.0,26.39,5670.26,5669.86,1.0,0.0,9.75,26.39,1.39,76.52,77.98,100.0,73.54
2018-01-04 05:23:00,2,1,27.32,85.0,55.0,26.69,26.41,27.32,0.0,0.0,0.0,45.0,26.41,0.0,0.29,0.0,120.0,26.41,5670.46,5670.05,1.0,0.0,9.75,26.4,1.39,76.48,77.93,100.0,73.5
2018-01-04 05:24:00,2,1,27.34,85.0,55.0,26.71,26.43,27.34,0.0,0.0,0.0,45.0,26.42,0.0,0.29,0.0,120.0,26.42,5670.6,5670.19,1.0,0.0,9.75,26.41,1.39,76.43,77.88,100.0,73.47
2018-01-04 05:25:00,2,1,27.35,85.0,55.0,26.72,26.44,27.35,0.0,0.0,0.0,45.0,26.44,0.0,0.29,0.0,120.0,26.44,5670.53,5670.12,1.0,0.0,9.75,26.43,1.39,76.39,77.82,100.0,73.44
2018-01-04 05:26:00,2,1,27.36,85.0,55.0,26.74,26.45,27.36,0.0,0.0,0.0,45.0,26.45,0.0,0.29,0.0,120.0,26.45,5670.35,5669.95,1.0,0.0,9.75,26.44,1.39,76.34,77.77,100.0,73.41
2018-01-04 05:27:00,2,1,27.37,85.0,55.0,26.75,26.47,27.37,0.0,0.0,0.0,45.0,26.47,0.0,0.29,0.0,120.0,26.47,5671.08,5670.69,1.0,0.0,9.75,26.46,1.39,76.29,77.72,100.0,73.37
2018-01-04 05:28:00,2,1,27.38,85.0,55.0,26.76,26.48,27.38,0.0,0.0,0.0,45.0,26.48,0.0,0.29,0.0,120.0,26.48,5670.51,5670.11,1.0,0.0,9.75,26.47,1.39,76.25,77.66,100.0,73.34
2018-01-04 05:29:00,2,1,27.4,85.0,55.0,26.78,26.5,27.4,0.0,0.0,0.0,45.0,26.5,0.0,0.29,0.0,120.0,26.5,5671.04,5670.67,1.0,0.0,9.75,26.49,1.39,76.2,77.61,100.0,73.3
2018-01-04 05:30:00,2,1,27.41,85.0,55.0,26.79,26.51,27.41,0.0,0.0,0.0,45.0,26.51,0.0,0.29,0.0,120.0,26.51,5670.58,5670.18,1.0,0.0,9.75,26.5,1.39,76.15,77.56,100.0,73.27
2018-01-04 05:31:00,2,1,27.42,85.0,55.0,26.81,26.53,27.42,0.0,0.0,0.0,45.0,26.53,0.0,0.29,0.0,120.0,26.53,5670.41,5670.02,1.0,0.0,9.75,26.52,1.39,76.11,77.5,100.0,73.24
2018-01-04 05:32:00,2,1,27.43,85.0,55.0,26.82,26.54,27.43,0.0,0.0,0.0,45.0,26.54,0.0,0.29,0.0,120.0,26.54,5670.72,5670.35,1.0,0.0,9.75,26.53,1.39,76.06,77.45,100.0,73.21
2018-01-04 05:33:00,2,1,27.44,85.0,55.0,26.83,26.56,27.44,0.0,0.0,0.0,45.0,26.55,0.0,0.29,0.0,120.0,26.56,5670.3,5669.89,1.0,0.0,9.75,26.55,1.39,76.01,77.4,100.0,73.17
2018-01-04 05:34:00,2,1,27.45,85.0,55.0,26.85,26.57,27.45,0.0,0.0,0.0,45.0,26.57,0.0,0.29,0.0,120.0,26.57,5670.72,5670.35,1.0,0.0,9.75,26.56,1.39,75.96,77.34,100.0,73.14
2018-01-04 05:35:00,2,1,27.47,85.0,55.0,26.86,26.59,27.47,0.0,0.0,0.0,45.0,26.58,0.0,0.29,0.0,120.0,26.58,5670.18,5669.77,1.0,0.0,9.75,26.58,1.39,75.92,77.29,100.0,73.1
2018-01-04 05:36:00,2,1,27.48,85.0,55.0,26.87,26.6,27.48,0.0,0.0,0.0,45.0,26.6,0.0,0.29,0.0,120.0,26.6,5670.46,5670.05,1.0,0.0,9.75,26.59,1.39,75.87,77.23,100.0,73.07
2018-01-04 05:37:00,2,1,27.49,85.0,55.0,26.89,26.62,27.49,0.0,0.0,0.0,45.0,26.61,0.0,0.29,0.0,120.0,26.61,5670.26,5669.86,1.0,0.0,9.75,26.61,1.39,75.82,77.18,100.0,73.03
2018-01-04 05:38:00,2,1,27.5,85.0,55.0,26.9,26.63,27.5,0.0,0.0,0.0,45.0,26.63,0.0,0.29,0.0,120.0,26.63,5670.49,5670.11,1.0,0.0,9.75,26.62,1.39,75.78,77.13,100.0,73.0
2018-01-04 05:39:00,2,1,27.51,85.0,55.0,26.92,26.65,27.51,0.0,0.0,0.0,45.0,26.64,0.0,0.29,0.0,120.0,26.64,5670.72,5670.35,1.0,0.0,9.75,26.64,1.39,75.73,77.07,100.0,72.97
2018-01-04 05:40:00,2,1,27.53,85.0,55.0,26.93,26.66,27.53,0.0,0.0,0.0,45.0,26.66,0.0,0.29,0.0,120.0,26.66,5670.93,5670.55,1.0,0.0,9.75,26.65,1.39,75.68,77.02,100.0,72.93
2018-01-04 05:41:00,2,1,27.54,85.0,55.0,26.94,26.68,27.54,0.0,0.0,0.0,45.0,26.67,0.0,0.29,0.0,120.0,26.67,5670.56,5670.16,1.0,0.0,9.75,26.67,1.39,75.63,76.97,100.0,72.9
2018-01-04 05:42:00,2,1,27.55,85.0,55.0,26.96,26.69,27.55,0.0,0.0,0.0,45.0,26.69,0.0,0.29,0.0,120.0,26.69,5670.51,5670.12,1.0,0.0,9.75,26.68,1.39,75.59,76.91,100.0,72.86
2018-01-04 05:43:00,2,1,27.56,85.0,55.0,26.97,26.7,27.56,0.0,0.0,0.0,45.0,26.7,0.0,0.29,0.0,120.0,26.7,5670.71,5670.33,1.0,0.0,9.75,26.7,1.39,75.54,76.86,100.0,72.83
2018-01-04 05:44:00,2,1,27.57,85.0,55.0,26.99,26.72,27.57,0.0,0.0,0.0,45.0,26.72,0.0,0.29,0.0,120.0,26.72,5670.62,5670.23,1.0,0.0,9.75,26.71,1.39,75.49,76.81,100.0,72.8
2018-01-04 05:45:00,2,1,27.59,85.0,55.0,27.0,26.73,27.59,0.0,0.0,0.0,45.0,26.73,0.0,0.29,0.0,120.0,26.73,5670.48,5670.09,1.0,0.0,9.75,26.73,1.39,75.45,76.76,100.0,72.76
2018-01-04 05:46:00,2,1,27.6,85.0,55.0,27.01,26.75,27.6,0.0,0.0,0.0,45.0,26.75,0.0,0.29,0.0,120.0,26.75,5671.08,5670.71,1.0,0.0,9.75,26.74,1.39,75.4,76.7,100.0,72.73
2018-01-04 05:47:00,2,1,27.61,85.0,55.0,27.03,26.76,27.61,0.0,0.0,0.0,45.0,26.76,0.0,0.29,0.0,120.0,26.76,5671.08,5670.71,1.0,0.0,9.75,26.76,1.39,75.36,76.65,100.0,72.69
2018-01-04 05:48:00,2,1,27.62,85.0,55.0,27.04,26.78,27.62,0.0,0.0,0.0,45.0,26.78,0.0,0.29,0.0,120.0,26.78,5670.49,5670.09,1.0,0.0,9.75,26.77,1.39,75.31,76.6,100.0,72.66
2018-01-04 05:49:00,2,1,27.63,85.0,55.0,27.06,26.79,27.63,0.0,0.0,0.0,45.0,26.79,0.0,0.29,0.0,120.0,26.79,5670.35,5669.96,1.0,0.0,9.75,26.79,1.39,75.27,76.55,100.0,72.63
2018-01-04 05:50:00,2,1,27.65,85.0,55.0,27.07,26.81,27.65,0.0,0.0,0.0,45.0,26.81,0.0,0.29,0.0,120.0,26.81,5670.37,5669.96,1.0,0.0,9.75,26.8,1.39,75.22,76.5,100.0,72.6
2018-01-04 05:51:00,2,1,27.66,85.0,55.0,27.08,26.82,27.66,0.0,0.0,0.0,45.0,26.82,0.0,0.29,0.0,120.0,26.82,5670.72,5670.35,1.0,0.0,9.75,26.82,1.39,75.18,76.45,100.0,72.56
2018-01-04 05:52:00,2,1,27.67,85.0,55.0,27.1,26.84,27.67,0.0,0.0,0.0,45.0,26.84,0.0,0.29,0.0,120.0,26.84,5670.72,5670.35,1.0,0.0,9.75,26.83,1.39,75.13,76.4,100.0,72.53
2018-01-04 05:53:00,2,1,27.68,85.0,55.0,27.11,26.85,27.68,0.0,0.0,0.0,45.0,26.85,0.0,0.29,0.0,120.0,26.85,5671.06,5670.69,1.0,0.0,9.75,26.85,1.39,75.09,76.35,100.0,72.5
2018-01-04 05:54:00,2,1,27.7,85.0,55.0,27.13,26.87,27.7,0.0,0.0,0.0,45.0,26.87,0.0,0.29,0.0,120.0,26.87,5670.53,5670.14,1.0,0.0,9.75,26.86,1.39,75.05,76.3,100.0,72.47
2018-01-04 05:55:00,2,1,27.71,85.0,55.0,27.14,26.88,27.71,0.0,0.0,0.0,45.0,26.88,0.0,0.29,0.0,120.0,26.88,5671.09,5670.72,1.0,0.0,9.75,26.88,1.39,75.0,76.25,100.0,72.44
2018-01-04 05:56:00,2,1,27.72,85.0,55.0,27.16,26.9,27.72,0.0,0.0,0.0,45.0,26.9,0.0,0.29,0.0,120.0,26.9,5670.56,5670.16,1.0,0.0,9.75,26.89,1.39,74.96,76.2,100.0,72.41
2018-01-04 05:57:00,2,1,27.73,85.0,55.0,27.17,26.92,27.73,0.0,0.0,0.0,45.0,26.91,0.0,0.29,0.0,120.0,26.91,5670.19,5669.79,1.0,0.0,9.75,26.91,1.39,74.92,76.15,100.0,72.38
2018-01-04 05:58:00,2,1,27.75,85.0,55.0,27.18,26.93,27.75,0.0,0.0,0.0,45.0,26.93,0.0,0.29,0.0,120.0,26.93,5670.37,5669.96,1.0,0.0,9.75,26.92,1.39,74.88,76.1,100.0,72.35
2018-01-04 05:59:00,2,1,27.76,85.0,55.0,27.2,26.95,27.76,0.0,0.0,0.0,45.0,26.94,0.0,0.28,0.0,120.0,26.94,5670.53,5670.14,1.0,0.0,9.75,26.94,1.39,74.84,76.06,100.0,72.32
2018-01-04 06:00:00,2,1,27.77,85.0,55.0,27.21,26.96,27.77,0.0,0.0,0.0,45.0,26.96,0.0,0.28,0.0,120.0,26.96,5670.28,5669.88,1.0,0.0,9.75,26.95,1.39,74.8,76.01,100.0,72.29
2018-01-04 06:01:00,1,1,27.78,72.0,68.0,27.23,26.98,27.78,0.0,0.0,0.0,45.0,26.97,0.0,0.42,0.0,120.0,26.98,5670.55,5670.16,1.0,0.3,9.75,26.97,1.39,74.76,75.97,100.0,72.27
2018-01-04 06:02:00,1,1,27.8,72.0,68.0,27.25,27.0,27.8,0.0,0.0,0.0,45.0,26.99,0.0,0.42,0.0,120.0,26.99,5670.35,5669.96,1.0,0.3,9.75,26.99,1.39,74.73,75.92,100.0,72.26
2018-01-04 06:03:00,1,1,27.81,72.0,68.0,27.27,27.02,27.81,0.0,0.0,0.0,45.0,27.01,0.0,0.42,0.0,120.0,27.01,5671.08,5670.71,1.0,0.3,9.75,27.01,1.39,74.69,75.88,100.0,72.24
2018-01-04 06:04:00,0,2,27.86,72.0,68.0,27.33,27.04,27.86,0.0,0.0,0.0,45.0,27.05,0.06,0.0,0.0,120.0,27.04,39.09,39.09,1.0,0.0,0.0,27.03,1.18,74.47,75.84,100.0,72.1
2018-01-04 06:05:00,0,2,27.87,72.0,68.0,27.34,27.06,27.87,0.0,0.0,0.0,45.0,27.06,0.06,0.0,0.0,120.0,27.06,39.09,39.08,1.0,0.0,0.0,27.05,1.18,74.48,75.8,100.0,72.1
2018-01-04 06:06:00,0,2,27.87,72.0,68.0,27.35,27.08,27.87,0.0,0.0,0.0,45.0,27.08,0.06,0.0,0.0,120.0,27.08,39.09,39.09,1.0,0.0,0.0,27.07,1.17,74.47,75.76,100.0,72.13
2018-01-04 06:07:00,0,2,27.88,72.0,68.0,27.37,27.1,27.88,0.0,0.0,0.0,45.0,27.09,0.06,0.0,0.0,120.0,27.09,39.08,39.08,1.0,0.0,0.0,27.09,1.17,74.46,75.73,100.0,72.15
2018-01-04 06:08:00,0,2,27.9,72.0,68.0,27.38,27.12,27.9,0.0,0.0,0.0,45.0,27.11,0.06,0.0,0.0,120.0,27.11,39.09,39.08,1.0,0.0,0.0,27.11,1.17,74.43,75.69,100.0,72.15
2018-01-04 06:09:00,0,2,27.91,72.0,68.0,27.4,27.14,27.91,0.0,0.0,0.0,45.0,27.13,0.06,0.0,0.0,120.0,27.13,39.09,39.08,1.0,0.0,0.0,27.13,1.17,74.41,75.65,100.0,72.15
2018-01-04 06:10:00,0,2,27.92,72.0,68.0,27.42,27.16,27.92,0.0,0.0,0.0,45.0,27.15,0.06,0.0,0.0,120.0,27.15,39.09,39.09,1.0,0.0,0.0,27.15,1.17,74.38,75.61,100.0,72.14
2018-01-04 06:11:00,0,2,27.94,72.0,68.0,27.44,27.18,27.94,0.0,0.0,0.0,45.0,27.17,0.06,0.0,0.0,120.0,27.17,39.09,39.09,1.0,0.0,0.0,27.17,1.17,74.36,75.58,100.0,72.14
2018-01-04 06:12:00,0,2,27.95,72.0,68.0,27.46,27.2,27.95,0.0,0.0,0.0,45.0,27.19,0.06,0.0,0.0,120.0,27.19,39.09,39.08,1.0,0.0,0.0,27.19,1.17,74.33,75.54,100.0,72.13
2018-01-04 06:13:00,0,2,27.97,72.0,68.0,27.48,27.22,27.97,0.0,0.0,0.0,45.0,27.21,0.06,0.0,0.0,120.0,27.22,39.08,39.08,1.0,0.0,0.0,27.21,1.17,74.31,75.51,100.0,72.12
2018-01-04 06:14:00,0,2,27.99,72.0,68.0,27.49,27.24,27.99,0.0,0.0,0.0,45.0,27.23,0.06,0.0,0.0,120.0,27.24,39.08,39.08,1.0,0.0,0.0,27.23,1.17,74.28,75.48,100.0,72.11
2018-01-04 06:15:00,0,2,28.0,72.0,68.0,27.51,27.26,28.0,0.0,0.0,0.0,45.0,27.25,0.06,0.0,0.0,120.0,27.26,39.08,39.08,1.0,0.0,0.0,27.25,1.17,74.26,75.44,100.0,72.1
2018-01-04 06:16:00,0,2,28.02,72.0,68.0,27.53,27.28,28.02,0.0,0.0,0.0,45.0,27.27,0.06,0.0,0.0,120.0,27.28,39.08,39.08,1.0,0.0,0.0,27.27,1.17,74.24,75.41,100.0,72.1
2018-01-04 06:17:00,0,2,28.05,72.0,68.0,27.6,27.3,28.05,0.0,0.0,0.0,45.0,27.3,0.0,0.0,0.0,120.0,27.3,0.9,0.9,1.0,0.0,0.0,27.29,1.01,74.01,75.38,100.0,72.01
2018-01-04 06:18:00,0,2,28.08,72.0,68.0,27.6,27.32,28.08,0.0,0.0,0.0,45.0,27.32,0.0,0.0,0.0,120.0,27.32,1.14,1.14,1.0,0.0,0.0,27.31,1.0,74.05,75.35,100.0,71.94
2018-01-04 06:19:00,1,1,28.09,72.0,68.0,27.6,27.34,28.09,0.0,0.0,0.0,45.0,27.34,0.0,0.42,0.0,120.0,27.34,370.12,370.07,1.0,0.3,9.75,27.33,1.41,74.11,75.32,100.0,71.98
2018-01-04 06:20:00,1,1,28.12,72.0,68.0,27.6,27.36,28.12,0.0,0.0,0.0,45.0,27.37,0.0,0.42,0.0,120.0,27.36,5670.46,5670.05,1.0,0.3,9.75,27.35,1.39,74.17,75.29,100.0,71.9
2018-01-04 06:21:00,1,1,28.12,72.0,68.0,27.61,27.38,28.12,0.0,0.0,0.0,45.0,27.38,0.0,0.42,0.0,120.0,27.38,5670.72,5670.35,1.0,0.3,9.75,27.37,1.39,74.18,75.27,100.0,71.95
2018-01-04 06:22:00,1,1,28.13,72.0,68.0,27.63,27.4,28.13,0.0,0.0,0.0,45.0,27.39,0.0,0.42,0.0,120.0,27.4,5670.42,5670.03,1.0,0.3,9.75,27.39,1.39,74.18,75.24,100.0,71.99
2018-01-04 06:23:00,1,1,28.14,72.0,68.0,27.64,27.42,28.14,0.0,0.0,0.0,45.0,27.41,0.0,0.42,0.0,120.0,27.41,5670.72,5670.35,1.0,0.3,9.75,27.41,1.39,74.17,75.21,100.0,72.02
2018-01-04 06:24:00,1,1,28.15,72.0,68.0,27.66,27.44,28.15,0.0,0.0,0.0,45.0,27.43,0.0,0.42,0.0,120.0,27.43,5670.72,5670.35,1.0,0.3,9.75,27.43,1.39,74.16,75.19,100.0,72.03
2018-01-04 06:25:00,1,1,28.16,72.0,68.0,27.68,27.46,28.16,0.0,0.0,0.0,45.0,27.45,0.0,0.42,0.0,120.0,27.45,5670.19,5669.79,1.0,0.3,9.75,27.45,1.39,74.15,75.17,100.0,72.04
2018-01-04 06:26:00,1,1,28.18,72.0,68.0,27.7,27.48,28.18,0.0,0.0,0.0,45.0,27.47,0.0,0.42,0.0,120.0,27.47,5670.49,5670.09,1.0,0.3,9.75,27.47,1.39,74.13,75.14,100.0,72.04
2018-01-04 06:27:00,1,1,28.19,72.0,68.0,27.71,27.49,28.19,0.0,0.0,0.0,45.0,27.49,0.0,0.42,0.0,120.0,27.49,5670.71,5670.33,1.0,0.3,9.75,27.49,1.39,74.12,75.12,100.0,72.05
